date,stock_id,name,market,open,high,low,close,volume,amount,change,limit,shares,transactions,price_basis
2015-04-01,00636,國泰中國A50,twse,20.10,20.15,19.99,20.10,34646000,695115550,0.17,,,4465,
2015-04-02,00636,國泰中國A50,twse,20.20,20.23,19.96,20.01,21903930,440597106,-0.09,,,3302,
2015-04-07,00636,國泰中國A50,twse,20.12,20.20,20.03,20.09,13856070,278610714,0.08,,,1747,
2015-04-08,00636,國泰中國A50,twse,20.11,20.12,19.98,20.10,15060000,302167470,0.01,,,1823,
2015-04-09,00636,國泰中國A50,twse,20.13,20.19,19.98,20.05,19740000,396043610,-0.05,,,2065,
2015-04-10,00636,國泰中國A50,twse,20.09,20.10,19.96,20.02,13345000,267301650,-0.03,,,1355,
2015-04-13,00636,國泰中國A50,twse,20.12,20.34,20.06,20.34,23355451,471290080,0.32,,,2901,
2015-04-14,00636,國泰中國A50,twse,20.50,20.65,20.34,20.47,18107500,371026804,0.13,,,2925,
2015-04-15,00636,國泰中國A50,twse,20.50,20.61,20.37,20.47,20670500,423404568,0.0,,,2182,
2015-04-16,00636,國泰中國A50,twse,20.55,21.19,20.46,21.18,29611050,616430450,0.71,,,3792,
2015-04-17,00636,國泰中國A50,twse,21.31,22.35,21.31,22.22,46369620,1023642640,1.04,,,6849,
2015-04-20,00636,國泰中國A50,twse,21.86,22.21,21.71,22.10,23848716,524597592,-0.12,,,3932,
2015-04-21,00636,國泰中國A50,twse,21.80,21.92,21.54,21.71,28202662,612391754,-0.39,,,3392,
2015-04-22,00636,國泰中國A50,twse,22.00,22.29,21.97,22.24,18585600,411749206,0.53,,,2985,
2015-04-23,00636,國泰中國A50,twse,22.37,22.83,22.27,22.58,16267352,366915830,0.34,,,2942,
2015-04-24,00636,國泰中國A50,twse,22.46,22.50,21.71,21.90,24441450,538500566,-0.68,,,3608,
2015-04-27,00636,國泰中國A50,twse,21.90,22.44,21.90,22.35,19425500,433130160,0.45,,,2183,
2015-04-28,00636,國泰中國A50,twse,22.46,22.63,22.13,22.30,18896550,422544645,-0.05,,,2309,
2015-04-29,00636,國泰中國A50,twse,22.10,22.27,22.00,22.20,12888250,285296852,-0.1,,,1589,
2015-04-30,00636,國泰中國A50,twse,22.10,22.30,22.03,22.20,8065481,178823998,0.0,,,1051,
2015-05-04,00636,國泰中國A50,twse,22.20,22.35,22.01,22.22,13196103,293185488,0.02,,,1213,
2015-05-05,00636,國泰中國A50,twse,22.30,22.38,21.81,21.85,11616315,255726391,-0.37,,,1691,
2015-05-06,00636,國泰中國A50,twse,21.32,21.84,21.24,21.71,14377100,309299070,-0.14,,,1843,
2015-05-07,00636,國泰中國A50,twse,21.40,21.48,21.11,21.13,13425500,285262535,-0.58,,,1859,
2015-05-08,00636,國泰中國A50,twse,21.13,21.33,20.83,20.83,11441900,241501286,-0.3,,,1936,
2015-05-11,00636,國泰中國A50,twse,21.34,21.39,21.00,21.37,13106400,278015770,0.54,,,1425,
2015-05-12,00636,國泰中國A50,twse,21.49,21.63,21.34,21.49,12042000,258823530,0.12,,,1311,
2015-05-13,00636,國泰中國A50,twse,21.49,21.61,21.37,21.37,10282100,220503290,-0.12,,,923,
2015-05-14,00636,國泰中國A50,twse,21.20,21.31,21.05,21.10,11366468,240456421,-0.27,,,1188,
2015-05-15,00636,國泰中國A50,twse,21.15,21.17,20.54,20.59,14324000,297315600,-0.51,,,2247,
2015-05-18,00636,國泰中國A50,twse,20.33,20.55,20.32,20.39,10064001,205885231,-0.2,,,877,
2015-05-19,00636,國泰中國A50,twse,20.44,21.09,20.33,20.98,12706201,264220511,0.59,,,1445,
2015-05-20,00636,國泰中國A50,twse,21.00,21.30,21.00,21.25,9210450,195135305,0.27,,,939,
2015-05-21,00636,國泰中國A50,twse,21.25,21.33,21.10,21.26,8589000,182533370,0.01,,,758,
2015-05-22,00636,國泰中國A50,twse,21.48,21.80,21.31,21.70,15446000,334274860,0.44,,,1797,
2015-05-25,00636,國泰中國A50,twse,21.80,22.24,21.77,22.21,19773061,437127903,0.51,,,2073,
2015-05-26,00636,國泰中國A50,twse,22.39,22.65,22.14,22.62,35340098,794107746,0.41,,,3552,
2015-05-27,00636,國泰中國A50,twse,22.70,22.96,22.40,22.42,25287000,573266870,-0.2,,,2877,
2015-05-28,00636,國泰中國A50,twse,22.51,22.62,22.01,22.07,12918000,287852600,-0.35,,,1705,
2015-05-29,00636,國泰中國A50,twse,21.50,21.51,20.90,21.25,26713050,565458353,-0.82,,,3317,
2015-06-01,00636,國泰中國A50,twse,21.35,21.69,21.06,21.69,17386000,371644190,0.44,,,1696,
2015-06-02,00636,國泰中國A50,twse,21.81,22.16,21.80,21.86,16329000,358925340,0.17,,,1286,
2015-06-03,00636,國泰中國A50,twse,22.00,22.19,21.69,21.85,14948500,328212565,-0.01,,,1178,
2015-06-04,00636,國泰中國A50,twse,22.00,22.43,21.05,21.57,35002000,764980600,-0.28,,,2737,
2015-06-05,00636,國泰中國A50,twse,22.11,22.63,21.74,22.11,42412000,943625940,0.54,,,3265,
2015-06-08,00636,國泰中國A50,twse,22.29,22.90,22.15,22.86,30416150,687865351,0.75,,,3181,
2015-06-09,00636,國泰中國A50,twse,23.16,23.43,22.71,22.93,23235120,537677884,0.07,,,2472,
2015-06-10,00636,國泰中國A50,twse,22.85,22.89,22.55,22.79,12775000,290298460,-0.14,,,1280,
2015-06-11,00636,國泰中國A50,twse,22.77,22.82,22.40,22.56,13515001,305138312,-0.23,,,1026,
2015-06-12,00636,國泰中國A50,twse,22.56,22.75,22.39,22.58,9573065,215943135,0.02,,,825,
2015-06-15,00636,國泰中國A50,twse,22.55,22.77,22.01,22.17,14770000,331330200,-0.41,,,1167,
2015-06-16,00636,國泰中國A50,twse,22.00,22.00,21.62,21.75,11669365,254700927,-0.42,,,973,
2015-06-17,00636,國泰中國A50,twse,21.51,21.70,21.30,21.55,11489600,246680790,-0.2,,,1147,
2015-06-18,00636,國泰中國A50,twse,21.65,21.78,21.23,21.34,11079000,237639890,-0.21,,,1422,
2015-06-22,00636,國泰中國A50,twse,20.15,20.50,20.13,20.50,9904500,202079410,-0.84,,,1322,
2015-06-23,00636,國泰中國A50,twse,20.51,20.60,19.79,20.49,43859000,888325120,-0.01,,,3564,
2015-06-24,00636,國泰中國A50,twse,20.71,20.92,20.62,20.63,13586000,282340250,0.14,,,1623,
2015-06-25,00636,國泰中國A50,twse,21.02,21.32,21.02,21.22,12301051,260714053,0.59,,,1193,
2015-06-26,00636,國泰中國A50,twse,20.88,20.88,20.16,20.16,41159780,838642160,-1.06,,,3541,
2015-06-29,00636,國泰中國A50,twse,19.89,19.94,18.00,18.36,58736650,1138100370,-1.8,,,5410,
2015-06-30,00636,國泰中國A50,twse,18.80,20.13,18.80,20.00,40079650,779578350,1.64,,,3235,
2015-07-01,00636,國泰中國A50,twse,20.29,20.32,20.01,20.19,21723000,438302090,0.19,,,1746,
2015-07-02,00636,國泰中國A50,twse,19.90,20.12,19.59,19.74,50078000,993382950,-0.45,,,2483,
2015-07-03,00636,國泰中國A50,twse,20.00,20.00,18.48,19.50,88395000,1691273400,-0.24,,,4625,
2015-07-06,00636,國泰中國A50,twse,19.50,20.13,19.17,19.31,47739100,936749888,-0.19,,,3210,
2015-07-07,00636,國泰中國A50,twse,19.72,19.85,19.21,19.63,36482100,712903330,0.32,,,2515,
2015-07-08,00636,國泰中國A50,twse,19.50,19.53,18.68,18.86,39452160,751044426,-0.77,,,2527,
2015-07-09,00636,國泰中國A50,twse,18.12,19.16,17.16,19.00,43848030,792065483,0.14,,,3504,
2015-07-13,00636,國泰中國A50,twse,19.93,20.06,19.62,20.05,22862000,454603710,1.05,,,2578,
2015-07-14,00636,國泰中國A50,twse,20.00,20.00,19.02,19.02,17868000,349972820,-1.03,,,2003,
2015-07-15,00636,國泰中國A50,twse,19.10,19.46,18.93,18.93,14480000,278042750,-0.09,,,1309,
2015-07-16,00636,國泰中國A50,twse,19.20,19.55,18.81,19.33,16948600,324832019,0.4,,,1187,
2015-07-17,00636,國泰中國A50,twse,19.37,19.58,19.36,19.50,12646990,246407087,0.17,,,991,
2015-07-20,00636,國泰中國A50,twse,19.75,19.78,19.30,19.40,16689150,325991280,-0.1,,,969,
2015-07-21,00636,國泰中國A50,twse,19.50,19.59,19.26,19.59,14089122,273191665,0.19,,,844,
2015-07-22,00636,國泰中國A50,twse,19.57,19.57,19.26,19.27,10029500,194523249,-0.32,,,525,
2015-07-23,00636,國泰中國A50,twse,19.35,19.81,19.35,19.76,12904500,253678950,0.49,,,1262,
2015-07-24,00636,國泰中國A50,twse,19.89,19.90,19.68,19.88,10639500,211012268,0.12,,,866,
2015-07-27,00636,國泰中國A50,twse,19.60,19.60,18.95,18.96,14604000,281210710,-0.92,,,1106,
2015-07-28,00636,國泰中國A50,twse,18.00,18.53,17.78,18.11,24446000,441734550,-0.85,,,1719,
2015-07-29,00636,國泰中國A50,twse,18.30,18.47,18.02,18.06,16633000,303915920,-0.05,,,855,
2015-07-30,00636,國泰中國A50,twse,18.50,18.55,18.33,18.53,10261000,189115900,0.47,,,711,
2015-07-31,00636,國泰中國A50,twse,18.49,18.49,18.06,18.14,16492061,299914742,-0.39,,,898,
2015-08-03,00636,國泰中國A50,twse,18.15,18.15,17.91,17.99,9531122,171634586,-0.15,,,647,
2015-08-04,00636,國泰中國A50,twse,18.00,18.54,18.00,18.51,12092500,222184820,0.52,,,965,
2015-08-05,00636,國泰中國A50,twse,18.53,18.75,18.52,18.52,7892120,146978639,0.01,,,463,
2015-08-06,00636,國泰中國A50,twse,18.50,18.62,18.31,18.62,12046306,222305727,0.1,,,620,
2015-08-07,00636,國泰中國A50,twse,18.53,18.81,18.42,18.75,16162100,300859709,0.13,,,704,
2015-08-10,00636,國泰中國A50,twse,18.72,19.20,18.60,19.19,11131121,210276641,0.44,,,695,
2015-08-11,00636,國泰中國A50,twse,19.39,19.50,19.15,19.26,15212000,294364520,0.07,,,805,
2015-08-12,00636,國泰中國A50,twse,19.30,19.30,18.84,19.03,12626000,240370360,-0.23,,,735,
2015-08-13,00636,國泰中國A50,twse,18.90,19.08,18.70,18.85,13526000,255667080,-0.18,,,619,
2015-08-14,00636,國泰中國A50,twse,19.01,19.07,18.96,18.97,7215000,137153620,0.12,,,374,
2015-08-17,00636,國泰中國A50,twse,18.99,19.00,18.49,18.59,13080000,243627320,-0.38,,,668,
2015-08-18,00636,國泰中國A50,twse,18.68,18.90,18.42,18.42,11069033,207280879,-0.17,,,534,
2015-08-19,00636,國泰中國A50,twse,18.00,18.09,17.58,17.81,17701000,316866710,-0.61,,,1760,
2015-08-20,00636,國泰中國A50,twse,17.92,17.99,17.71,17.85,9836077,175883696,0.04,,,540,
2015-08-21,00636,國泰中國A50,twse,17.55,17.68,16.95,17.09,21860400,376414279,-0.76,,,1213,
2015-08-24,00636,國泰中國A50,twse,16.55,16.58,14.98,15.19,26314273,420071780,-1.9,,,1614,
2015-08-25,00636,國泰中國A50,twse,14.90,15.50,14.63,15.12,21493000,326280750,-0.07,,,1071,
2015-08-26,00636,國泰中國A50,twse,15.18,15.45,14.36,15.30,23624178,353943271,0.18,,,1578,
2015-08-27,00636,國泰中國A50,twse,15.32,15.51,15.14,15.20,21108000,323177780,-0.1,,,1537,
2015-08-28,00636,國泰中國A50,twse,15.86,16.10,15.80,15.94,13296000,212025230,0.74,,,1464,
2015-08-31,00636,國泰中國A50,twse,16.05,16.08,15.58,15.85,12869000,203491030,-0.09,,,750,
2015-09-01,00636,國泰中國A50,twse,16.00,16.24,15.76,16.00,18408000,294457660,0.15,,,845,
2015-09-02,00636,國泰中國A50,twse,15.82,16.60,15.75,16.44,16337000,264527630,0.44,,,959,
2015-09-03,00636,國泰中國A50,twse,16.30,16.50,16.30,16.32,1792000,29465400,-0.12,,,227,
2015-09-04,00636,國泰中國A50,twse,16.33,16.33,16.09,16.10,5503000,89106550,-0.22,,,323,
2015-09-07,00636,國泰中國A50,twse,15.81,16.77,15.81,16.48,17217000,282668510,0.38,,,766,
2015-09-08,00636,國泰中國A50,twse,16.43,16.50,16.02,16.07,16595000,269300590,-0.41,,,829,
2015-09-09,00636,國泰中國A50,twse,16.61,16.84,16.60,16.84,13441019,224951748,0.77,,,893,
2015-09-10,00636,國泰中國A50,twse,16.79,16.79,16.54,16.70,9120200,151651050,-0.14,,,984,
2015-09-11,00636,國泰中國A50,twse,16.61,16.79,16.61,16.74,9350100,156339344,0.04,,,422,
2015-09-14,00636,國泰中國A50,twse,16.85,16.85,16.17,16.41,15098100,248340889,-0.33,,,855,
2015-09-15,00636,國泰中國A50,twse,16.27,16.47,16.26,16.43,6353121,103897537,0.02,,,337,
2015-09-16,00636,國泰中國A50,twse,16.43,16.48,16.21,16.23,7648100,124673069,-0.2,,,637,
2015-09-17,00636,國泰中國A50,twse,16.69,16.84,16.56,16.77,8971000,149725360,0.54,,,769,
2015-09-18,00636,國泰中國A50,twse,16.56,16.67,16.51,16.65,8165000,135524140,-0.12,,,331,
2015-09-21,00636,國泰中國A50,twse,16.50,16.54,16.24,16.43,5386000,88070810,-0.22,,,367,
2015-09-22,00636,國泰中國A50,twse,16.56,16.71,16.47,16.66,6585000,109319230,0.23,,,393,
2015-09-23,00636,國泰中國A50,twse,16.54,16.54,16.25,16.28,7858000,128806910,-0.38,,,409,
2015-09-24,00636,國泰中國A50,twse,16.30,16.46,16.24,16.31,6207000,101518930,0.03,,,274,
2015-09-25,00636,國泰中國A50,twse,16.30,16.39,16.11,16.17,4163000,67671010,-0.14,,,261,
2015-09-30,00636,國泰中國A50,twse,16.00,16.20,16.00,16.15,5952000,95741860,-0.02,,,344,
2015-10-01,00636,國泰中國A50,twse,16.25,16.25,16.12,16.16,1406000,22699530,0.01,,,110,
2015-10-02,00636,國泰中國A50,twse,16.13,16.31,16.11,16.30,2346000,38106030,0.14,,,213,
2015-10-05,00636,國泰中國A50,twse,16.35,16.55,16.35,16.51,2321000,38283860,0.21,,,261,
2015-10-06,00636,國泰中國A50,twse,16.58,16.74,16.58,16.65,3122000,52150970,0.14,,,290,
2015-10-07,00636,國泰中國A50,twse,16.66,17.00,16.65,16.98,3188000,53646540,0.33,,,320,
2015-10-08,00636,國泰中國A50,twse,17.10,17.19,16.55,16.55,9710000,162573080,-0.43,,,781,
2015-10-12,00636,國泰中國A50,twse,16.55,17.21,16.55,17.12,11605000,195244300,0.57,,,882,
2015-10-13,00636,國泰中國A50,twse,17.13,17.16,16.90,16.96,8994050,152748680,-0.16,,,498,
2015-10-14,00636,國泰中國A50,twse,16.95,17.04,16.80,16.91,6038140,102334597,-0.05,,,352,
2015-10-15,00636,國泰中國A50,twse,16.86,17.03,16.76,17.02,7881234,132933498,0.11,,,480,
2015-10-16,00636,國泰中國A50,twse,17.10,17.22,17.04,17.09,7798079,133611199,0.07,,,397,
2015-10-19,00636,國泰中國A50,twse,17.23,17.31,17.10,17.15,8771000,150922580,0.06,,,455,
2015-10-20,00636,國泰中國A50,twse,17.15,17.15,17.04,17.06,6001000,102493860,-0.09,,,284,
2015-10-21,00636,國泰中國A50,twse,17.28,17.47,17.24,17.34,10175000,176485510,0.28,,,1663,
2015-10-22,00636,國泰中國A50,twse,17.07,17.25,17.05,17.11,8231000,141180570,-0.23,,,341,
2015-10-23,00636,國泰中國A50,twse,17.42,17.45,17.19,17.24,8605000,148750750,0.13,,,411,
2015-10-26,00636,國泰中國A50,twse,17.45,17.58,17.40,17.50,7195020,126005420,0.26,,,440,
2015-10-27,00636,國泰中國A50,twse,17.42,17.43,17.10,17.21,4998000,86073300,-0.29,,,356,
2015-10-28,00636,國泰中國A50,twse,17.49,17.49,17.19,17.21,5542000,95833570,0.0,,,235,
2015-10-29,00636,國泰中國A50,twse,17.23,17.25,17.10,17.17,8244020,141478922,-0.04,,,297,
2015-10-30,00636,國泰中國A50,twse,17.17,17.32,17.10,17.30,5451349,93674393,0.13,,,351,
2015-11-02,00636,國泰中國A50,twse,17.02,17.16,16.87,17.04,11989000,203378310,-0.26,,,514,
2015-11-03,00636,國泰中國A50,twse,17.03,17.09,16.95,17.02,5497000,93530250,-0.02,,,360,
2015-11-04,00636,國泰中國A50,twse,16.96,17.31,16.96,17.24,9685100,166606680,0.22,,,452,
2015-11-05,00636,國泰中國A50,twse,17.44,18.36,17.40,18.31,12715200,228403227,1.07,,,1225,
2015-11-06,00636,國泰中國A50,twse,18.22,18.32,18.00,18.32,10867449,196741986,0.01,,,555,
2015-11-09,00636,國泰中國A50,twse,18.32,19.03,18.32,18.84,14949800,280470350,0.52,,,921,
2015-11-10,00636,國泰中國A50,twse,18.78,18.88,18.59,18.68,7616000,142354910,-0.16,,,533,
2015-11-11,00636,國泰中國A50,twse,18.69,18.76,18.46,18.46,7148400,132819236,-0.22,,,430,
2015-11-12,00636,國泰中國A50,twse,18.60,18.73,18.28,18.28,9614580,178482320,-0.18,,,440,
2015-11-13,00636,國泰中國A50,twse,18.27,18.36,18.11,18.22,3178000,57933810,-0.06,,,274,
2015-11-16,00636,國泰中國A50,twse,18.00,18.19,17.82,18.16,7859000,141857420,-0.06,,,305,
2015-11-17,00636,國泰中國A50,twse,18.31,18.74,18.31,18.59,3468211,64275073,0.43,,,311,
2015-11-18,00636,國泰中國A50,twse,18.40,18.49,18.29,18.37,8038000,147834190,-0.22,,,310,
2015-11-19,00636,國泰中國A50,twse,18.46,18.50,18.28,18.36,8215000,151033000,-0.01,,,288,
2015-11-20,00636,國泰中國A50,twse,18.50,18.52,18.37,18.40,5018000,92485920,0.04,,,216,
2015-11-23,00636,國泰中國A50,twse,18.35,18.53,18.26,18.41,3600000,66218700,0.01,,,247,
2015-11-24,00636,國泰中國A50,twse,18.41,18.41,18.03,18.12,3388000,61519180,-0.29,,,283,
2015-11-25,00636,國泰中國A50,twse,18.14,18.32,18.10,18.28,4795000,87343650,0.16,,,232,
2015-11-26,00636,國泰中國A50,twse,18.30,18.43,18.25,18.33,5070000,92865350,0.05,,,212,
2015-11-27,00636,國泰中國A50,twse,18.33,18.38,17.72,17.72,7004000,126157940,-0.61,,,518,
2015-11-30,00636,國泰中國A50,twse,17.52,17.60,17.14,17.25,8357000,144672630,-0.47,,,665,
2015-12-01,00636,國泰中國A50,twse,17.47,17.47,17.30,17.46,7053300,122464032,0.21,,,493,
2015-12-02,00636,國泰中國A50,twse,17.50,17.97,17.48,17.91,8871000,157789670,0.45,,,637,
2015-12-03,00636,國泰中國A50,twse,18.16,18.40,18.13,18.31,7155050,130894825,0.4,,,582,
2015-12-04,00636,國泰中國A50,twse,18.32,18.32,18.00,18.07,10551130,191316948,-0.24,,,539,
2015-12-07,00636,國泰中國A50,twse,18.14,18.17,17.86,17.96,5909000,106491470,-0.11,,,362,
2015-12-08,00636,國泰中國A50,twse,17.86,17.87,17.61,17.80,4790000,85019400,-0.16,,,406,
2015-12-09,00636,國泰中國A50,twse,17.54,18.00,17.54,17.84,3723000,66580500,0.04,,,321,
2015-12-10,00636,國泰中國A50,twse,17.80,18.10,17.70,17.82,3848109,68787986,-0.02,,,250,
2015-12-11,00636,國泰中國A50,twse,17.75,17.82,17.44,17.47,4347000,76332070,-0.35,,,418,
2015-12-14,00636,國泰中國A50,twse,17.40,17.68,17.32,17.54,2787000,48798300,0.07,,,191,
2015-12-15,00636,國泰中國A50,twse,17.92,17.95,17.83,17.84,2168000,38807980,0.3,,,222,
2015-12-16,00636,國泰中國A50,twse,17.84,17.95,17.83,17.83,2353000,42101650,-0.01,,,285,
2015-12-17,00636,國泰中國A50,twse,17.85,18.28,17.85,18.17,2751000,49833820,0.34,,,370,
2015-12-18,00636,國泰中國A50,twse,18.07,18.44,18.07,18.24,2671000,48773730,0.07,,,272,
2015-12-21,00636,國泰中國A50,twse,18.22,18.70,18.14,18.69,6844250,126596636,0.45,,,613,
2015-12-22,00636,國泰中國A50,twse,18.73,18.86,18.60,18.65,5347062,100091605,-0.04,,,379,
2015-12-23,00636,國泰中國A50,twse,18.79,18.91,18.63,18.63,5209000,97979800,-0.02,,,400,
2015-12-24,00636,國泰中國A50,twse,18.60,18.90,18.48,18.55,6054200,113247758,-0.08,,,332,
2015-12-25,00636,國泰中國A50,twse,18.65,18.73,18.62,18.69,968000,18081230,0.14,,,138,
2015-12-28,00636,國泰中國A50,twse,18.76,18.79,18.43,18.43,4963000,92304550,-0.26,,,218,
2015-12-29,00636,國泰中國A50,twse,18.28,18.28,18.18,18.20,4666000,85091670,-0.23,,,248,
2015-12-30,00636,國泰中國A50,twse,18.33,18.33,17.94,17.98,4794000,86800850,-0.22,,,507,
2015-12-31,00636,國泰中國A50,twse,18.07,18.22,18.04,18.12,3770300,68360346,0.14,,,221,
2016-01-04,00636,國泰中國A50,twse,18.20,18.20,17.39,17.45,6628200,117183840,-0.67,,,592,
2016-01-05,00636,國泰中國A50,twse,17.35,17.50,17.11,17.24,5703000,98859500,-0.21,,,427,
2016-01-06,00636,國泰中國A50,twse,17.25,17.45,17.20,17.45,3652300,63313363,0.21,,,275,
2016-01-07,00636,國泰中國A50,twse,17.45,17.45,16.34,16.50,4975360,83150218,-0.95,,,613,
2016-01-08,00636,國泰中國A50,twse,16.75,17.09,16.33,17.09,3788330,63615469,0.59,,,533,
2016-01-11,00636,國泰中國A50,twse,16.99,16.99,16.42,16.42,4137000,68584520,-0.67,,,386,
2016-01-12,00636,國泰中國A50,twse,16.34,16.57,16.31,16.37,4387010,72134284,-0.05,,,315,
2016-01-13,00636,國泰中國A50,twse,16.52,16.72,16.43,16.50,2923010,48394157,0.13,,,232,
2016-01-14,00636,國泰中國A50,twse,16.20,16.25,15.88,16.25,4112000,66186540,-0.25,,,341,
2016-01-15,00636,國泰中國A50,twse,16.30,16.41,15.98,16.22,4945000,79914140,-0.03,,,365,
2016-01-18,00636,國泰中國A50,twse,15.99,16.31,15.90,16.31,3169000,51108630,0.09,,,253,
2016-01-19,00636,國泰中國A50,twse,16.37,16.58,16.14,16.58,3046000,49903680,0.27,,,279,
2016-01-20,00636,國泰中國A50,twse,16.51,16.52,16.08,16.16,5943000,96719950,-0.42,,,1099,
2016-01-21,00636,國泰中國A50,twse,16.22,16.44,16.17,16.19,3087010,50280941,0.03,,,231,
2016-01-22,00636,國泰中國A50,twse,16.29,16.29,15.90,16.11,3165000,50741080,-0.08,,,473,
2016-01-25,00636,國泰中國A50,twse,16.20,16.24,16.07,16.10,3245000,52440730,-0.01,,,312,
2016-01-26,00636,國泰中國A50,twse,16.05,16.05,15.75,15.80,3491080,55496574,-0.3,,,342,
2016-01-27,00636,國泰中國A50,twse,15.60,15.60,15.10,15.23,6794052,103997001,-0.57,,,695,
2016-01-28,00636,國泰中國A50,twse,15.22,15.35,15.17,15.18,2030000,30968990,-0.05,,,282,
2016-01-29,00636,國泰中國A50,twse,15.18,15.49,15.15,15.44,5098240,78109726,0.26,,,408,
2016-01-30,00636,國泰中國A50,twse,15.60,15.72,15.50,15.68,1519000,23749190,0.24,,,317,
2016-02-01,00636,國泰中國A50,twse,15.58,15.58,15.05,15.10,4926000,75228730,-0.58,,,539,
2016-02-02,00636,國泰中國A50,twse,15.07,15.40,15.03,15.30,3369000,51412860,0.2,,,307,
2016-02-03,00636,國泰中國A50,twse,15.21,15.21,15.05,15.12,3419000,51723390,-0.18,,,229,
2016-02-15,00636,國泰中國A50,twse,15.00,15.17,14.93,15.17,3218000,48345700,0.05,,,263,
2016-02-16,00636,國泰中國A50,twse,15.10,15.56,15.10,15.53,4868000,75049950,0.36,,,416,
2016-02-17,00636,國泰中國A50,twse,15.62,15.62,15.36,15.50,6487000,100735250,-0.03,,,462,
2016-02-18,00636,國泰中國A50,twse,15.65,15.75,15.58,15.62,1804000,28242770,0.12,,,254,
2016-02-19,00636,國泰中國A50,twse,15.55,15.62,15.48,15.62,1443000,22424480,0.0,,,135,
2016-02-22,00636,國泰中國A50,twse,15.64,15.84,15.60,15.84,3687015,58145813,0.22,,,290,
2016-02-23,00636,國泰中國A50,twse,15.90,15.93,15.64,15.64,4080300,64245764,-0.2,,,314,
2016-02-24,00636,國泰中國A50,twse,15.60,15.77,15.52,15.55,2960000,46353850,-0.09,,,202,
2016-02-25,00636,國泰中國A50,twse,15.70,15.75,15.26,15.31,3637000,56275500,-0.24,,,392,
2016-02-26,00636,國泰中國A50,twse,15.31,15.35,15.17,15.18,2855007,43592509,-0.13,,,267,
2016-03-01,00636,國泰中國A50,twse,15.20,15.37,15.12,15.14,2156000,32720870,-0.04,,,282,
2016-03-02,00636,國泰中國A50,twse,15.36,15.67,15.36,15.63,5823004,90329344,0.49,,,563,
2016-03-03,00636,國泰中國A50,twse,15.74,15.84,15.60,15.72,3712000,58452170,0.09,,,356,
2016-03-04,00636,國泰中國A50,twse,15.77,15.95,15.65,15.95,2917006,46103859,0.23,,,338,
2016-03-07,00636,國泰中國A50,twse,16.07,16.20,15.92,15.95,3319000,53273140,0.0,,,320,
2016-03-08,00636,國泰中國A50,twse,16.10,16.10,15.55,15.72,2464000,38811260,-0.23,,,361,
2016-03-09,00636,國泰中國A50,twse,15.85,15.85,15.66,15.75,901000,14168880,0.03,,,176,
2016-03-10,00636,國泰中國A50,twse,15.80,16.01,15.80,15.97,982000,15640580,0.22,,,195,
2016-03-11,00636,國泰中國A50,twse,15.80,15.84,15.62,15.81,1428000,22474090,-0.16,,,232,
2016-03-14,00636,國泰中國A50,twse,15.94,16.20,15.87,16.11,1563010,25094514,0.3,,,360,
2016-03-15,00636,國泰中國A50,twse,16.05,16.08,15.72,15.75,2081069,32943064,-0.36,,,394,
2016-03-16,00636,國泰中國A50,twse,15.85,16.09,15.85,16.04,5614000,89922790,0.29,,,2226,
2016-03-17,00636,國泰中國A50,twse,16.12,16.25,16.00,16.20,1843000,29819430,0.16,,,301,
2016-03-18,00636,國泰中國A50,twse,16.22,16.45,16.22,16.36,3029000,49469650,0.16,,,370,
2016-03-21,00636,國泰中國A50,twse,16.48,16.73,16.41,16.62,2545000,42231330,0.26,,,575,
2016-03-22,00636,國泰中國A50,twse,16.70,16.72,16.44,16.55,2166000,35933790,-0.07,,,474,
2016-03-23,00636,國泰中國A50,twse,16.53,16.56,16.36,16.39,1568000,25801770,-0.16,,,377,
2016-03-24,00636,國泰中國A50,twse,16.38,16.39,16.25,16.39,1314000,21434570,0.0,,,157,
2016-03-25,00636,國泰中國A50,twse,16.26,16.37,16.24,16.31,1234000,20149160,-0.08,,,106,
2016-03-28,00636,國泰中國A50,twse,16.31,16.49,16.31,16.31,1687000,27662040,0.0,,,114,
2016-03-29,00636,國泰中國A50,twse,16.31,16.31,16.06,16.10,1812000,29329510,-0.21,,,228,
2016-03-30,00636,國泰中國A50,twse,16.23,16.30,16.10,16.20,1794000,29118500,0.1,,,255,
2016-03-31,00636,國泰中國A50,twse,16.46,16.55,16.26,16.37,2321010,38208874,0.17,,,221,
2016-04-01,00636,國泰中國A50,twse,16.32,16.39,16.06,16.14,2687000,43531970,-0.23,,,202,
2016-04-06,00636,國泰中國A50,twse,16.35,16.43,16.34,16.37,1834000,30055570,0.23,,,187,
2016-04-07,00636,國泰中國A50,twse,16.45,16.49,16.23,16.23,672000,10964200,-0.14,,,132,
2016-04-08,00636,國泰中國A50,twse,16.28,16.28,16.08,16.16,986000,15897460,-0.07,,,149,
2016-04-11,00636,國泰中國A50,twse,16.16,16.43,16.16,16.37,1794000,29358140,0.21,,,186,
2016-04-12,00636,國泰中國A50,twse,16.40,16.40,16.23,16.23,1030000,16766100,-0.14,,,98,
2016-04-13,00636,國泰中國A50,twse,16.37,16.62,16.35,16.58,1559000,25756150,0.35,,,340,
2016-04-14,00636,國泰中國A50,twse,16.60,16.69,16.47,16.47,2370000,39219210,-0.11,,,220,
2016-04-15,00636,國泰中國A50,twse,16.59,16.59,16.47,16.53,1802000,29788170,0.06,,,156,
2016-04-18,00636,國泰中國A50,twse,16.43,16.44,16.30,16.35,1194000,19551420,-0.18,,,165,
2016-04-19,00636,國泰中國A50,twse,16.49,16.52,16.32,16.32,929000,15244080,-0.03,,,112,
2016-04-20,00636,國泰中國A50,twse,16.39,16.49,15.83,15.91,2381000,38218270,-0.41,,,745,
2016-04-21,00636,國泰中國A50,twse,16.11,16.27,16.10,16.19,1124000,18203010,0.28,,,152,
2016-04-22,00636,國泰中國A50,twse,16.04,16.33,16.04,16.30,843000,13690150,0.11,,,112,
2016-04-25,00636,國泰中國A50,twse,16.14,16.27,16.12,16.27,563000,9123190,-0.03,,,72,
2016-04-26,00636,國泰中國A50,twse,16.26,16.38,16.24,16.25,1108000,18102700,-0.02,,,82,
2016-04-27,00636,國泰中國A50,twse,16.28,16.36,16.27,16.28,392000,6398990,0.03,,,63,
2016-04-28,00636,國泰中國A50,twse,16.25,16.30,16.14,16.18,624000,10114990,-0.1,,,91,
2016-04-29,00636,國泰中國A50,twse,16.18,16.21,16.14,16.16,223000,3606390,-0.02,,,49,
2016-05-03,00636,國泰中國A50,twse,16.18,16.41,16.12,16.36,820000,13369950,0.2,,,161,
2016-05-04,00636,國泰中國A50,twse,16.30,16.30,16.22,16.23,622001,10107277,-0.13,,,71,
2016-05-05,00636,國泰中國A50,twse,16.24,16.25,16.19,16.21,477030,7737280,-0.02,,,117,
2016-05-06,00636,國泰中國A50,twse,16.21,16.26,15.99,16.05,1669000,26807840,-0.16,,,183,
2016-05-09,00636,國泰中國A50,twse,15.95,15.95,15.60,15.63,4403000,69288860,-0.42,,,382,
2016-05-10,00636,國泰中國A50,twse,15.57,15.70,15.41,15.58,1893030,29435578,-0.05,,,129,
2016-05-11,00636,國泰中國A50,twse,15.61,15.66,15.53,15.58,2022000,31556780,0.0,,,269,
2016-05-12,00636,國泰中國A50,twse,15.53,15.60,15.44,15.57,622000,9648950,-0.01,,,109,
2016-05-13,00636,國泰中國A50,twse,15.58,15.67,15.57,15.60,1953512,30496931,0.03,,,92,
2016-05-16,00636,國泰中國A50,twse,15.61,15.65,15.53,15.59,547000,8523260,-0.01,,,52,
2016-05-17,00636,國泰中國A50,twse,15.63,15.66,15.51,15.53,981000,15245210,-0.06,,,126,
2016-05-18,00636,國泰中國A50,twse,15.53,15.53,15.34,15.40,2309195,35568052,-0.13,,,188,
2016-05-19,00636,國泰中國A50,twse,15.50,15.62,15.50,15.60,666000,10373740,0.2,,,95,
2016-05-20,00636,國泰中國A50,twse,15.58,15.65,15.54,15.59,662000,10339170,-0.01,,,72,
2016-05-23,00636,國泰中國A50,twse,15.63,15.70,15.60,15.60,1860000,29130580,0.01,,,144,
2016-05-24,00636,國泰中國A50,twse,15.60,15.60,15.41,15.46,1059000,16370040,-0.14,,,173,
2016-05-25,00636,國泰中國A50,twse,15.46,15.59,15.46,15.52,1222000,18980530,0.06,,,128,
2016-05-26,00636,國泰中國A50,twse,15.50,15.60,15.39,15.41,1180000,18194900,-0.11,,,140,
2016-05-27,00636,國泰中國A50,twse,15.49,15.49,15.38,15.40,1084020,16701308,-0.01,,,145,
2016-05-30,00636,國泰中國A50,twse,15.40,15.49,15.35,15.46,1964000,30286710,0.06,,,158,
2016-05-31,00636,國泰中國A50,twse,15.44,15.88,15.42,15.85,3017173,47648010,0.39,,,375,
2016-06-01,00636,國泰中國A50,twse,15.93,15.98,15.88,15.88,1508000,24014290,0.03,,,228,
2016-06-02,00636,國泰中國A50,twse,15.88,15.90,15.80,15.83,1860000,29472550,-0.05,,,200,
2016-06-03,00636,國泰中國A50,twse,15.88,15.93,15.83,15.86,1993000,31642940,0.03,,,124,
2016-06-04,00636,國泰中國A50,twse,15.86,15.92,15.84,15.90,215000,3417000,0.04,,,54,
2016-06-06,00636,國泰中國A50,twse,15.91,15.95,15.79,15.79,436000,6911250,-0.11,,,97,
2016-06-07,00636,國泰中國A50,twse,15.87,15.91,15.80,15.82,1074000,17020000,0.03,,,58,
2016-06-08,00636,國泰中國A50,twse,15.83,15.85,15.70,15.77,868000,13683280,-0.05,,,115,
2016-06-13,00636,國泰中國A50,twse,15.70,15.70,15.52,15.54,891000,13881040,-0.23,,,204,
2016-06-14,00636,國泰中國A50,twse,15.40,15.47,15.36,15.47,1366000,21045200,-0.07,,,143,
2016-06-15,00636,國泰中國A50,twse,15.37,15.55,15.19,15.48,2111000,32538230,0.01,,,221,
2016-06-16,00636,國泰中國A50,twse,15.53,15.53,15.42,15.45,656001,10144015,-0.03,,,76,
2016-06-17,00636,國泰中國A50,twse,15.50,15.62,15.48,15.52,838000,13036100,0.07,,,144,
2016-06-20,00636,國泰中國A50,twse,15.55,15.57,15.42,15.46,709000,10987600,-0.06,,,110,
2016-06-21,00636,國泰中國A50,twse,15.46,15.67,15.46,15.53,412000,6424610,0.07,,,80,
2016-06-22,00636,國泰中國A50,twse,15.52,15.55,15.48,15.50,1050000,16283590,-0.03,,,87,
2016-06-23,00636,國泰中國A50,twse,15.60,15.61,15.43,15.46,1475000,22888940,-0.04,,,170,
2016-06-24,00636,國泰中國A50,twse,15.52,15.55,15.14,15.34,4684000,71999420,-0.12,,,307,
2016-06-27,00636,國泰中國A50,twse,15.18,15.46,15.18,15.44,2109000,32409640,0.1,,,146,
2016-06-28,00636,國泰中國A50,twse,15.42,15.45,15.39,15.41,1158000,17849200,-0.03,,,96,
2016-06-29,00636,國泰中國A50,twse,15.51,15.55,15.45,15.50,1513000,23443280,0.09,,,139,
2016-06-30,00636,國泰中國A50,twse,15.50,15.60,15.50,15.57,1546000,24062710,0.07,,,177,
2016-07-01,00636,國泰中國A50,twse,15.69,15.69,15.54,15.54,2255000,35187660,-0.03,,,122,
2016-07-04,00636,國泰中國A50,twse,15.55,15.84,15.54,15.79,4017000,63086870,0.25,,,315,
2016-07-05,00636,國泰中國A50,twse,15.80,15.87,15.77,15.87,1893000,29949700,0.08,,,181,
2016-07-06,00636,國泰中國A50,twse,15.80,15.97,15.80,15.94,6077000,96438820,0.07,,,396,
2016-07-07,00636,國泰中國A50,twse,15.95,15.99,15.86,15.88,2316000,36883630,-0.06,,,127,
2016-07-11,00636,國泰中國A50,twse,15.85,15.95,15.81,15.94,2166151,34390556,0.06,,,137,
2016-07-12,00636,國泰中國A50,twse,15.90,16.03,15.89,15.91,1646000,26241390,-0.03,,,113,
2016-07-13,00636,國泰中國A50,twse,16.10,16.32,16.10,16.24,2265000,36758250,0.33,,,298,
2016-07-14,00636,國泰中國A50,twse,16.20,16.21,16.11,16.15,671000,10844680,-0.09,,,107,
2016-07-15,00636,國泰中國A50,twse,16.19,16.19,16.13,16.13,1823000,29446860,-0.02,,,137,
2016-07-18,00636,國泰中國A50,twse,16.14,16.24,16.13,16.18,2018000,32663240,0.05,,,145,
2016-07-19,00636,國泰中國A50,twse,16.12,16.16,15.95,16.00,1013000,16247300,-0.18,,,128,
2016-07-20,00636,國泰中國A50,twse,16.04,16.04,15.94,15.96,1172453,18726109,-0.04,,,135,
2016-07-21,00636,國泰中國A50,twse,16.05,16.16,16.01,16.13,1499000,24110990,0.17,,,125,
2016-07-22,00636,國泰中國A50,twse,16.11,16.11,15.96,15.96,1050000,16832330,-0.17,,,117,
2016-07-25,00636,國泰中國A50,twse,15.96,16.00,15.93,15.96,741000,11822530,0.0,,,52,
2016-07-26,00636,國泰中國A50,twse,16.00,16.08,15.93,16.06,920000,14725530,0.1,,,69,
2016-07-27,00636,國泰中國A50,twse,16.09,16.12,15.76,15.88,2365000,37586140,-0.18,,,247,
2016-07-28,00636,國泰中國A50,twse,15.97,16.00,15.89,15.95,1444000,23039440,0.07,,,159,
2016-07-29,00636,國泰中國A50,twse,15.95,15.97,15.90,15.91,326000,5196070,-0.04,,,44,
2016-08-01,00636,國泰中國A50,twse,15.93,15.93,15.80,15.81,1196000,18948370,-0.1,,,110,
2016-08-02,00636,國泰中國A50,twse,15.84,15.89,15.79,15.79,643000,10177640,-0.02,,,81,
2016-08-03,00636,國泰中國A50,twse,15.79,15.85,15.73,15.82,535000,8457790,0.03,,,79,
2016-08-04,00636,國泰中國A50,twse,15.83,15.83,15.70,15.75,546000,8593700,-0.07,,,217,
2016-08-05,00636,國泰中國A50,twse,15.78,15.79,15.73,15.78,650000,10246710,0.03,,,98,
2016-08-08,00636,國泰中國A50,twse,15.77,15.78,15.64,15.74,549000,8624530,-0.04,,,212,
2016-08-09,00636,國泰中國A50,twse,15.77,15.79,15.68,15.77,1874000,29480630,0.03,,,245,
2016-08-10,00636,國泰中國A50,twse,15.82,15.84,15.75,15.77,1253000,19774440,0.0,,,122,
2016-08-11,00636,國泰中國A50,twse,15.75,15.98,15.73,15.92,2276100,36111122,0.15,,,258,
2016-08-12,00636,國泰中國A50,twse,15.90,15.96,15.85,15.92,695000,11058000,0.0,,,178,
2016-08-15,00636,國泰中國A50,twse,16.03,16.74,16.03,16.70,6164000,101284220,0.78,,,862,
2016-08-16,00636,國泰中國A50,twse,16.75,16.80,16.40,16.52,4299000,71252610,-0.18,,,630,
2016-08-17,00636,國泰中國A50,twse,16.60,16.61,16.45,16.57,3541000,58444660,0.05,,,233,
2016-08-18,00636,國泰中國A50,twse,16.51,16.63,16.50,16.53,2310000,38276910,-0.04,,,240,
2016-08-19,00636,國泰中國A50,twse,16.49,16.49,16.41,16.48,2466000,40572050,-0.05,,,176,
2016-08-22,00636,國泰中國A50,twse,16.48,16.59,16.45,16.50,1268000,20921750,0.02,,,93,
2016-08-23,00636,國泰中國A50,twse,16.49,16.62,16.45,16.58,980000,16202480,0.08,,,103,
2016-08-24,00636,國泰中國A50,twse,16.57,16.57,16.43,16.46,1208000,19953340,-0.12,,,93,
2016-08-25,00636,國泰中國A50,twse,16.46,16.46,16.32,16.39,1228000,20110910,-0.07,,,129,
2016-08-26,00636,國泰中國A50,twse,16.38,16.44,16.38,16.39,982000,16113490,0.0,,,75,
2016-08-29,00636,國泰中國A50,twse,16.37,16.40,16.27,16.35,1325000,21653230,-0.04,,,89,
2016-08-30,00636,國泰中國A50,twse,16.38,16.43,16.36,16.43,1505000,24674420,0.08,,,171,
2016-08-31,00636,國泰中國A50,twse,16.43,16.52,16.36,16.50,1245000,20464730,0.07,,,84,
2016-09-01,00636,國泰中國A50,twse,16.50,16.50,16.43,16.46,561000,9239490,-0.04,,,63,
2016-09-02,00636,國泰中國A50,twse,16.40,16.47,16.37,16.41,1159000,19020720,-0.05,,,74,
2016-09-05,00636,國泰中國A50,twse,16.44,16.49,16.41,16.45,1327000,21836280,0.04,,,67,
2016-09-06,00636,國泰中國A50,twse,16.45,16.45,16.27,16.34,1818000,29700070,-0.11,,,124,
2016-09-07,00636,國泰中國A50,twse,16.34,16.40,16.32,16.33,1506000,24621780,-0.01,,,101,
2016-09-08,00636,國泰中國A50,twse,16.30,16.31,16.27,16.30,767000,12494410,-0.03,,,64,
2016-09-09,00636,國泰中國A50,twse,16.30,16.35,16.28,16.32,997000,16269100,0.02,,,56,
2016-09-10,00636,國泰中國A50,twse,16.15,16.16,16.10,16.11,279000,4499460,-0.21,,,114,
2016-09-12,00636,國泰中國A50,twse,16.10,16.11,15.99,16.05,2003000,32132630,-0.06,,,143,
2016-09-13,00636,國泰中國A50,twse,16.05,16.13,16.05,16.05,1592000,25618720,0.0,,,122,
2016-09-14,00636,國泰中國A50,twse,16.02,16.08,16.00,16.03,911000,14614250,-0.02,,,96,
2016-09-19,00636,國泰中國A50,twse,16.03,16.12,16.03,16.04,1616000,25957320,0.01,,,92,
2016-09-20,00636,國泰中國A50,twse,16.04,16.04,15.91,15.94,1430000,22830110,-0.1,,,153,
2016-09-21,00636,國泰中國A50,twse,15.96,15.98,15.89,15.97,2298000,36616940,0.03,,,319,
2016-09-22,00636,國泰中國A50,twse,16.06,16.13,15.98,16.07,1725000,27710520,0.1,,,101,
2016-09-23,00636,國泰中國A50,twse,16.08,16.08,16.00,16.00,858000,13762030,-0.07,,,82,
2016-09-26,00636,國泰中國A50,twse,16.00,16.00,15.89,15.93,1618000,25788110,-0.07,,,116,
2016-09-29,00636,國泰中國A50,twse,16.07,16.08,15.87,15.90,3057000,48767110,-0.03,,,218,
2016-09-30,00636,國泰中國A50,twse,15.93,15.95,15.87,15.91,1314000,20919100,0.01,,,118,
2016-10-03,00636,國泰中國A50,twse,15.92,15.93,15.89,15.90,789000,12548170,-0.01,,,55,
2016-10-04,00636,國泰中國A50,twse,15.92,15.92,15.88,15.89,222000,3529500,-0.01,,,50,
2016-10-05,00636,國泰中國A50,twse,15.89,15.96,15.89,15.94,869000,13854270,0.05,,,57,
2016-10-06,00636,國泰中國A50,twse,15.94,16.02,15.94,16.02,526000,8406620,0.08,,,49,
2016-10-07,00636,國泰中國A50,twse,16.02,16.06,16.01,16.05,1076000,17253730,0.03,,,79,
2016-10-11,00636,國泰中國A50,twse,16.07,16.19,16.07,16.12,1459000,23552340,0.07,,,122,
2016-10-12,00636,國泰中國A50,twse,16.15,16.15,16.03,16.05,798000,12831680,-0.07,,,93,
2016-10-13,00636,國泰中國A50,twse,16.09,16.10,16.01,16.04,1162000,18656090,-0.01,,,88,
2016-10-14,00636,國泰中國A50,twse,16.05,16.08,16.02,16.05,409000,6568130,0.01,,,39,
2016-10-17,00636,國泰中國A50,twse,16.14,16.14,16.08,16.11,829000,13346190,0.06,,,64,
2016-10-18,00636,國泰中國A50,twse,16.00,16.10,15.98,16.10,457000,7329800,-0.01,,,94,
2016-10-19,00636,國泰中國A50,twse,16.14,16.20,16.10,16.10,2251000,36350130,0.0,,,515,
2016-10-20,00636,國泰中國A50,twse,16.11,16.15,16.10,16.10,780000,12577560,0.0,,,83,
2016-10-21,00636,國泰中國A50,twse,16.10,16.28,16.10,16.15,1342000,21673000,0.05,,,138,
2016-10-24,00636,國泰中國A50,twse,16.18,16.47,16.16,16.44,2340000,38172940,0.29,,,289,
2016-10-25,00636,國泰中國A50,twse,16.44,16.44,16.34,16.34,1524000,24963150,-0.1,,,131,
2016-10-26,00636,國泰中國A50,twse,16.35,16.35,16.28,16.30,842000,13729410,-0.04,,,89,
2016-10-27,00636,國泰中國A50,twse,16.25,16.26,16.15,16.20,1002000,16231670,-0.1,,,120,
2016-10-28,00636,國泰中國A50,twse,16.20,16.36,16.20,16.28,1705000,27803560,0.08,,,110,
2016-10-31,00636,國泰中國A50,twse,16.28,16.28,16.15,16.20,1911000,30961570,-0.08,,,139,
2016-11-01,00636,國泰中國A50,twse,16.20,16.31,16.20,16.29,1151000,18745910,0.09,,,82,
2016-11-02,00636,國泰中國A50,twse,16.28,16.28,16.19,16.19,1330000,21598700,-0.1,,,91,
2016-11-03,00636,國泰中國A50,twse,16.13,16.33,16.13,16.33,2170000,35255070,0.14,,,186,
2016-11-04,00636,國泰中國A50,twse,16.24,16.37,16.24,16.29,1600000,26124500,-0.04,,,183,
2016-11-07,00636,國泰中國A50,twse,16.34,16.34,16.24,16.30,1134000,18462660,0.01,,,141,
2016-11-08,00636,國泰中國A50,twse,16.34,16.42,16.29,16.37,2061000,33737590,0.07,,,153,
2016-11-09,00636,國泰中國A50,twse,16.40,16.40,16.04,16.25,3197000,51792500,-0.12,,,289,
2016-11-10,00636,國泰中國A50,twse,16.35,16.45,16.35,16.40,1468000,24070450,0.15,,,263,
2016-11-11,00636,國泰中國A50,twse,16.40,16.51,16.37,16.50,2594000,42670060,0.1,,,219,
2016-11-14,00636,國泰中國A50,twse,16.50,16.73,16.50,16.64,1983000,32931780,0.14,,,268,
2016-11-15,00636,國泰中國A50,twse,16.61,16.61,16.50,16.53,1479000,24466770,-0.11,,,147,
2016-11-16,00636,國泰中國A50,twse,16.57,16.57,16.45,16.53,2376000,39224290,0.0,,,231,
2016-11-17,00636,國泰中國A50,twse,16.51,16.51,16.43,16.49,1622020,26731180,-0.04,,,134,
2016-11-18,00636,國泰中國A50,twse,16.50,16.57,16.50,16.54,2099000,34708020,0.05,,,152,
2016-11-21,00636,國泰中國A50,twse,16.52,16.70,16.49,16.60,2159000,35921720,0.06,,,189,
2016-11-22,00636,國泰中國A50,twse,16.60,16.71,16.60,16.68,1218130,20322841,0.08,,,163,
2016-11-23,00636,國泰中國A50,twse,16.70,16.89,16.70,16.80,1225000,20602230,0.12,,,240,
2016-11-24,00636,國泰中國A50,twse,16.80,16.87,16.75,16.87,1675000,28145880,0.07,,,163,
2016-11-25,00636,國泰中國A50,twse,16.87,16.93,16.78,16.83,1156000,19461230,-0.04,,,161,
2016-11-28,00636,國泰中國A50,twse,16.89,17.11,16.89,17.05,3937000,67004160,0.22,,,426,
2016-11-29,00636,國泰中國A50,twse,17.11,17.25,17.00,17.22,2137000,36599910,0.17,,,331,
2016-11-30,00636,國泰中國A50,twse,17.22,17.34,17.14,17.20,2534653,43649944,-0.02,,,361,
2016-12-01,00636,國泰中國A50,twse,17.15,17.30,17.14,17.15,2311391,39803855,-0.05,,,298,
2016-12-02,00636,國泰中國A50,twse,17.20,17.21,17.06,17.13,3421000,58583740,-0.02,,,332,
2016-12-05,00636,國泰中國A50,twse,17.09,17.09,16.88,16.93,2585000,43832480,-0.2,,,345,
2016-12-06,00636,國泰中國A50,twse,16.75,17.10,16.75,16.97,1201000,20394950,0.04,,,188,
2016-12-07,00636,國泰中國A50,twse,16.97,16.97,16.87,16.91,1679000,28403030,-0.06,,,186,
2016-12-08,00636,國泰中國A50,twse,17.00,17.03,16.91,16.94,1175000,19917150,0.03,,,133,
2016-12-09,00636,國泰中國A50,twse,16.90,17.22,16.90,17.20,2717000,46524380,0.26,,,270,
2016-12-12,00636,國泰中國A50,twse,17.19,17.24,16.87,16.91,1650000,28085180,-0.29,,,307,
2016-12-13,00636,國泰中國A50,twse,16.80,16.91,16.74,16.80,1393000,23390980,-0.11,,,196,
2016-12-14,00636,國泰中國A50,twse,16.80,16.92,16.80,16.87,1222000,20602240,0.07,,,231,
2016-12-15,00636,國泰中國A50,twse,16.80,16.80,16.50,16.50,2658030,44024145,-0.37,,,380,
2016-12-16,00636,國泰中國A50,twse,16.41,16.48,16.37,16.38,2485000,40776040,-0.12,,,780,
2016-12-19,00636,國泰中國A50,twse,16.41,16.41,16.30,16.31,1978000,32308660,-0.07,,,254,
2016-12-20,00636,國泰中國A50,twse,16.31,16.31,16.10,16.10,1516000,24530070,-0.21,,,250,
2016-12-21,00636,國泰中國A50,twse,16.18,16.30,16.13,16.30,676000,10964380,0.2,,,172,
2016-12-22,00636,國泰中國A50,twse,16.32,16.32,16.16,16.18,925000,14989500,-0.12,,,125,
2016-12-23,00636,國泰中國A50,twse,16.24,16.24,16.13,16.18,1358000,21962670,0.0,,,117,
2016-12-26,00636,國泰中國A50,twse,16.15,16.16,16.01,16.13,2184000,35078010,-0.05,,,253,
2016-12-27,00636,國泰中國A50,twse,16.28,16.31,16.25,16.26,915000,14901940,0.13,,,93,
2016-12-28,00636,國泰中國A50,twse,16.26,16.29,16.18,16.19,400000,6494250,-0.07,,,70,
2016-12-29,00636,國泰中國A50,twse,16.24,16.28,16.17,16.22,716000,11616820,0.03,,,65,
2016-12-30,00636,國泰中國A50,twse,16.22,16.27,16.19,16.21,1255000,20365600,-0.01,,,100,
2017-01-03,00636,國泰中國A50,twse,16.21,16.48,16.15,16.40,1149000,18797400,0.19,,,144,
2017-01-04,00636,國泰中國A50,twse,16.42,16.48,16.39,16.48,1637000,26924740,0.08,,,358,
2017-01-05,00636,國泰中國A50,twse,16.47,16.53,16.46,16.48,1578000,26028450,0.0,,,154,
2017-01-06,00636,國泰中國A50,twse,16.46,16.51,16.44,16.45,1243000,20476430,-0.03,,,228,
2017-01-09,00636,國泰中國A50,twse,16.41,16.49,16.40,16.44,1017000,16721950,-0.01,,,90,
2017-01-10,00636,國泰中國A50,twse,16.44,16.48,16.41,16.42,1026000,16871570,-0.02,,,74,
2017-01-11,00636,國泰中國A50,twse,16.41,16.42,16.28,16.32,1260000,20620220,-0.1,,,152,
2017-01-12,00636,國泰中國A50,twse,16.32,16.37,16.32,16.36,1081000,17679870,0.04,,,79,
2017-01-13,00636,國泰中國A50,twse,16.31,16.38,16.23,16.30,1819000,29609200,-0.06,,,120,
2017-01-16,00636,國泰中國A50,twse,16.30,16.30,16.20,16.29,1099000,17842800,-0.01,,,109,
2017-01-17,00636,國泰中國A50,twse,16.37,16.46,16.37,16.44,1522000,24978160,0.15,,,124,
2017-01-18,00636,國泰中國A50,twse,16.45,16.56,16.44,16.56,1549000,25581210,0.12,,,339,
2017-01-19,00636,國泰中國A50,twse,16.51,16.61,16.51,16.60,2778000,46076840,0.04,,,231,
2017-01-20,00636,國泰中國A50,twse,16.60,16.63,16.56,16.63,1537000,25515420,0.03,,,201,
2017-01-23,00636,國泰中國A50,twse,16.75,16.75,16.62,16.67,1781010,29704596,0.04,,,700,
2017-01-24,00636,國泰中國A50,twse,16.66,16.71,16.59,16.61,2986000,49696080,-0.06,,,900,
2017-02-02,00636,國泰中國A50,twse,16.72,16.74,16.63,16.73,1624000,27109180,0.12,,,350,
2017-02-03,00636,國泰中國A50,twse,16.69,16.72,16.49,16.62,4621000,76522980,-0.11,,,1240,
2017-02-06,00636,國泰中國A50,twse,16.62,16.62,16.37,16.40,3331000,54745230,-0.22,,,1198,
2017-02-07,00636,國泰中國A50,twse,16.42,16.42,16.29,16.31,3088000,50466090,-0.09,,,1217,
2017-02-08,00636,國泰中國A50,twse,16.30,16.32,16.24,16.32,2652001,43154896,0.01,,,1174,
2017-02-09,00636,國泰中國A50,twse,16.39,16.54,16.37,16.47,1506000,24817970,0.15,,,1027,
2017-02-10,00636,國泰中國A50,twse,16.48,16.65,16.48,16.62,4123000,68344450,0.15,,,1242,
2017-02-13,00636,國泰中國A50,twse,16.62,16.67,16.60,16.64,3743250,62269745,0.02,,,1229,
2017-02-14,00636,國泰中國A50,twse,16.70,16.70,16.51,16.51,4867000,80601700,-0.13,,,1199,
2017-02-15,00636,國泰中國A50,twse,16.56,16.60,16.50,16.57,3385000,56033690,0.06,,,1179,
2017-02-16,00636,國泰中國A50,twse,16.51,16.60,16.47,16.59,3998000,66141980,0.02,,,968,
2017-02-17,00636,國泰中國A50,twse,16.62,16.66,16.54,16.55,4061000,67337880,-0.04,,,296,
2017-02-18,00636,國泰中國A50,twse,16.54,16.56,16.47,16.47,1465000,24233860,-0.08,,,1070,
2017-02-20,00636,國泰中國A50,twse,16.50,16.73,16.48,16.68,2115000,35192990,0.21,,,737,
2017-02-21,00636,國泰中國A50,twse,16.68,16.76,16.68,16.69,3076000,51427200,0.01,,,1210,
2017-02-22,00636,國泰中國A50,twse,16.71,16.71,16.59,16.62,3097000,51473460,-0.07,,,177,
2017-02-23,00636,國泰中國A50,twse,16.66,16.66,16.55,16.58,1543999,25607373,-0.04,,,102,
2017-02-24,00636,國泰中國A50,twse,16.48,16.56,16.47,16.51,930000,15353290,-0.07,,,128,
2017-03-01,00636,國泰中國A50,twse,16.55,16.55,16.44,16.49,2084000,34353080,-0.02,,,357,
2017-03-02,00636,國泰中國A50,twse,16.49,16.50,16.39,16.39,1243791,20441802,-0.1,,,177,
2017-03-03,00636,國泰中國A50,twse,16.30,16.34,16.25,16.32,1136000,18526090,-0.07,,,176,
2017-03-06,00636,國泰中國A50,twse,16.32,16.40,16.32,16.38,599000,9804900,0.06,,,81,
2017-03-07,00636,國泰中國A50,twse,16.38,16.39,16.34,16.36,817000,13370200,-0.02,,,65,
2017-03-08,00636,國泰中國A50,twse,16.33,16.35,16.30,16.34,1527000,24930810,-0.02,,,173,
2017-03-09,00636,國泰中國A50,twse,16.33,16.33,16.17,16.21,2364000,38364480,-0.13,,,296,
2017-03-10,00636,國泰中國A50,twse,16.23,16.30,16.22,16.28,1318000,21445930,0.07,,,85,
2017-03-13,00636,國泰中國A50,twse,16.27,16.37,16.20,16.35,2541000,41445980,0.07,,,190,
2017-03-14,00636,國泰中國A50,twse,16.35,16.39,16.33,16.33,2518000,41208640,-0.02,,,1440,
2017-03-15,00636,國泰中國A50,twse,16.31,16.37,16.29,16.30,391000,6378800,-0.03,,,234,
2017-03-16,00636,國泰中國A50,twse,16.37,16.45,16.33,16.33,1542000,25246240,0.03,,,305,
2017-03-17,00636,國泰中國A50,twse,16.34,16.34,16.25,16.27,2012000,32780830,-0.06,,,157,
2017-03-20,00636,國泰中國A50,twse,16.21,16.21,16.09,16.10,2460210,39671742,-0.17,,,288,
2017-03-21,00636,國泰中國A50,twse,16.11,16.18,16.09,16.18,1425000,23001020,0.08,,,159,
2017-03-22,00636,國泰中國A50,twse,16.10,16.16,16.03,16.04,1582165,25436389,-0.14,,,242,
2017-03-23,00636,國泰中國A50,twse,16.11,16.16,16.09,16.09,657200,10595428,0.05,,,99,
2017-03-24,00636,國泰中國A50,twse,16.14,16.23,16.14,16.15,973000,15737900,0.06,,,142,
2017-03-27,00636,國泰中國A50,twse,16.18,16.29,16.18,16.21,614000,9981840,0.06,,,102,
2017-03-28,00636,國泰中國A50,twse,16.18,16.21,16.07,16.07,1467000,23630450,-0.14,,,151,
2017-03-29,00636,國泰中國A50,twse,16.09,16.12,16.03,16.11,1066000,17144920,0.04,,,97,
2017-03-30,00636,國泰中國A50,twse,16.08,16.10,15.96,15.98,690000,11047970,-0.13,,,167,
2017-03-31,00636,國泰中國A50,twse,16.00,16.11,15.99,16.09,266000,4267800,0.11,,,47,
2017-04-05,00636,國泰中國A50,twse,16.14,16.28,16.14,16.23,849000,13792550,0.14,,,121,
2017-04-06,00636,國泰中國A50,twse,16.28,16.29,16.23,16.29,620000,10081850,0.06,,,86,
2017-04-07,00636,國泰中國A50,twse,16.29,16.33,16.28,16.32,1059000,17261500,0.03,,,100,
2017-04-10,00636,國泰中國A50,twse,16.35,16.38,16.32,16.33,1382000,22609290,0.01,,,236,
2017-04-11,00636,國泰中國A50,twse,16.34,16.37,16.15,16.15,804000,13072440,-0.18,,,170,
2017-04-12,00636,國泰中國A50,twse,16.28,16.31,16.25,16.26,700000,11394730,0.11,,,98,
2017-04-13,00636,國泰中國A50,twse,16.22,16.24,16.17,16.18,1193000,19328800,-0.08,,,76,
2017-04-14,00636,國泰中國A50,twse,16.20,16.20,16.04,16.07,1358000,21846010,-0.11,,,186,
2017-04-17,00636,國泰中國A50,twse,16.07,16.07,15.91,15.93,681000,10874480,-0.14,,,187,
2017-04-18,00636,國泰中國A50,twse,15.96,16.03,15.96,16.01,457000,7311230,0.08,,,58,
2017-04-19,00636,國泰中國A50,twse,15.98,15.98,15.87,15.88,1378000,21914180,-0.13,,,275,
2017-04-20,00636,國泰中國A50,twse,15.83,15.98,15.83,15.96,887000,14110050,0.08,,,125,
2017-04-21,00636,國泰中國A50,twse,16.00,16.06,15.96,15.99,786000,12582810,0.03,,,78,
2017-04-24,00636,國泰中國A50,twse,16.00,16.02,15.86,15.89,859000,13662380,-0.1,,,86,
2017-04-25,00636,國泰中國A50,twse,15.89,15.97,15.89,15.94,745000,11872530,0.05,,,211,
2017-04-26,00636,國泰中國A50,twse,15.96,15.99,15.92,15.95,564182,8993482,0.01,,,197,
2017-04-27,00636,國泰中國A50,twse,15.95,15.95,15.81,15.92,639000,10134020,-0.03,,,98,
2017-04-28,00636,國泰中國A50,twse,15.95,15.97,15.87,15.90,601000,9555800,-0.02,,,66,
2017-05-02,00636,國泰中國A50,twse,15.91,15.95,15.83,15.83,1642000,26044040,-0.07,,,434,
2017-05-03,00636,國泰中國A50,twse,15.80,15.80,15.74,15.78,1257000,19817850,-0.05,,,315,
2017-05-04,00636,國泰中國A50,twse,15.75,15.81,15.73,15.81,630188,9934489,0.03,,,62,
2017-05-05,00636,國泰中國A50,twse,15.80,15.80,15.59,15.63,893000,13969410,-0.18,,,208,
2017-05-08,00636,國泰中國A50,twse,15.63,15.73,15.59,15.61,773000,12069160,-0.02,,,91,
2017-05-09,00636,國泰中國A50,twse,15.63,15.71,15.60,15.66,933456,14608906,0.05,,,95,
2017-05-10,00636,國泰中國A50,twse,15.69,15.85,15.69,15.84,1457504,23005761,0.18,,,423,
2017-05-11,00636,國泰中國A50,twse,15.80,15.83,15.74,15.78,1449000,22887100,-0.06,,,194,
2017-05-12,00636,國泰中國A50,twse,15.90,16.03,15.84,16.03,739100,11793448,0.25,,,154,
2017-05-15,00636,國泰中國A50,twse,16.10,16.17,16.10,16.11,1284504,20731989,0.08,,,174,
2017-05-16,00636,國泰中國A50,twse,16.11,16.12,15.99,16.06,782000,12547870,-0.05,,,83,
2017-05-17,00636,國泰中國A50,twse,16.06,16.13,16.01,16.04,650608,10449844,-0.02,,,87,
2017-05-18,00636,國泰中國A50,twse,15.88,16.00,15.86,15.96,864000,13792850,-0.08,,,105,
2017-05-19,00636,國泰中國A50,twse,15.86,16.04,15.86,16.01,146187,2338908,0.05,,,35,
2017-05-22,00636,國泰中國A50,twse,16.16,16.16,16.00,16.06,707300,11366387,0.05,,,107,
2017-05-23,00636,國泰中國A50,twse,16.10,16.26,16.09,16.21,1694000,27412710,0.15,,,316,
2017-05-24,00636,國泰中國A50,twse,16.22,16.31,16.18,16.27,2673000,43448130,0.06,,,303,
2017-05-25,00636,國泰中國A50,twse,16.28,16.69,16.28,16.66,4142150,68298117,0.39,,,485,
2017-05-26,00636,國泰中國A50,twse,16.75,16.81,16.67,16.76,1581000,26490220,0.1,,,328,
2017-05-31,00636,國泰中國A50,twse,16.76,17.02,16.75,16.82,2960566,49910409,0.06,,,452,
2017-06-01,00636,國泰中國A50,twse,16.90,17.03,16.90,17.03,1523001,25859657,0.21,,,526,
2017-06-02,00636,國泰中國A50,twse,17.08,17.12,16.94,17.00,2469000,42094850,-0.03,,,621,
2017-06-03,00636,國泰中國A50,twse,17.00,17.07,16.97,17.03,360150,6124455,0.03,,,90,
2017-06-05,00636,國泰中國A50,twse,17.03,17.03,16.81,16.85,527000,8891080,-0.18,,,147,
2017-06-06,00636,國泰中國A50,twse,16.87,16.93,16.82,16.85,850000,14345290,0.0,,,105,
2017-06-07,00636,國泰中國A50,twse,16.85,17.14,16.85,17.10,3125464,53372438,0.25,,,325,
2017-06-08,00636,國泰中國A50,twse,17.10,17.17,17.05,17.17,2040002,34911784,0.07,,,230,
2017-06-09,00636,國泰中國A50,twse,17.22,17.50,17.22,17.42,4059533,70763029,0.25,,,572,
2017-06-12,00636,國泰中國A50,twse,17.49,17.58,17.41,17.43,2558802,44775817,0.01,,,474,
2017-06-13,00636,國泰中國A50,twse,17.43,17.48,17.32,17.40,1754000,30523100,-0.03,,,282,
2017-06-14,00636,國泰中國A50,twse,17.41,17.45,17.25,17.27,1335000,23133200,-0.13,,,276,
2017-06-15,00636,國泰中國A50,twse,17.28,17.28,17.08,17.14,1581000,27137720,-0.13,,,245,
2017-06-16,00636,國泰中國A50,twse,17.14,17.18,17.05,17.13,1000000,17146200,-0.01,,,157,
2017-06-19,00636,國泰中國A50,twse,17.12,17.27,17.07,17.24,1760840,30309541,0.11,,,200,
2017-06-20,00636,國泰中國A50,twse,17.35,17.39,17.19,17.23,1776000,30662100,-0.01,,,220,
2017-06-21,00636,國泰中國A50,twse,17.38,17.43,17.22,17.25,3153000,54607630,0.02,,,849,
2017-06-22,00636,國泰中國A50,twse,17.49,17.87,17.44,17.85,4564000,80719670,0.6,,,1014,
2017-06-23,00636,國泰中國A50,twse,17.71,17.71,17.52,17.60,2293000,40390760,-0.25,,,586,
2017-06-26,00636,國泰中國A50,twse,17.71,17.95,17.70,17.91,3421058,61145729,0.31,,,551,
2017-06-27,00636,國泰中國A50,twse,17.95,17.95,17.77,17.78,1817970,32400872,-0.13,,,444,
2017-06-28,00636,國泰中國A50,twse,17.78,17.99,17.77,17.98,2171609,38897637,0.2,,,802,
2017-06-29,00636,國泰中國A50,twse,18.00,18.07,17.95,18.00,2469000,44432120,0.02,,,368,
2017-06-30,00636,國泰中國A50,twse,18.00,18.05,17.93,18.03,2185085,39346686,0.03,,,359,
2017-07-03,00636,國泰中國A50,twse,18.10,18.13,17.92,18.00,1489391,26815496,-0.03,,,356,
2017-07-04,00636,國泰中國A50,twse,18.04,18.04,17.71,17.77,2563463,45639489,-0.23,,,489,
2017-07-05,00636,國泰中國A50,twse,17.73,17.94,17.73,17.88,782158,13926261,0.11,,,188,
2017-07-06,00636,國泰中國A50,twse,18.03,18.05,17.95,17.98,2470010,44464226,0.1,,,373,
2017-07-07,00636,國泰中國A50,twse,17.98,18.08,17.98,18.04,1832055,33045451,0.06,,,243,
2017-07-10,00636,國泰中國A50,twse,18.05,18.12,17.98,18.09,1277000,23072270,0.05,,,191,
2017-07-11,00636,國泰中國A50,twse,18.11,18.32,18.05,18.32,2610369,47451386,0.23,,,415,
2017-07-12,00636,國泰中國A50,twse,18.30,18.47,18.29,18.41,2359000,43401350,0.09,,,358,
2017-07-13,00636,國泰中國A50,twse,18.33,18.39,18.27,18.39,2031177,37233803,-0.02,,,377,
2017-07-14,00636,國泰中國A50,twse,18.47,18.57,18.44,18.57,2082705,38521001,0.18,,,425,
2017-07-17,00636,國泰中國A50,twse,18.79,18.92,18.57,18.90,5123390,96122669,0.33,,,1188,
2017-07-18,00636,國泰中國A50,twse,18.85,18.85,18.63,18.69,5024772,94117027,-0.21,,,1042,
2017-07-19,00636,國泰中國A50,twse,18.74,18.99,18.74,18.91,3334005,63007591,0.22,,,622,
2017-07-20,00636,國泰中國A50,twse,19.00,19.08,18.97,19.04,3518900,66966990,0.13,,,634,
2017-07-21,00636,國泰中國A50,twse,19.30,19.35,19.20,19.34,8992066,173230601,0.3,,,2226,
2017-07-24,00636,國泰中國A50,twse,19.28,19.28,19.05,19.10,9245100,176887754,-0.24,,,1997,
2017-07-25,00636,國泰中國A50,twse,19.10,19.13,18.99,19.04,7971530,151847621,-0.06,,,1849,
2017-07-26,00636,國泰中國A50,twse,19.05,19.07,18.76,18.81,7360030,139176860,-0.23,,,1820,
2017-07-27,00636,國泰中國A50,twse,18.82,18.89,18.69,18.77,5329720,100010176,-0.04,,,1029,
2017-07-28,00636,國泰中國A50,twse,18.77,18.85,18.75,18.78,2536000,47665310,0.01,,,397,
2017-07-31,00636,國泰中國A50,twse,18.85,18.91,18.80,18.91,2799165,52782768,0.13,,,490,
2017-08-01,00636,國泰中國A50,twse,18.93,19.02,18.85,18.97,2757292,52291143,0.06,,,635,
2017-08-02,00636,國泰中國A50,twse,19.09,19.16,19.05,19.14,5016517,95864982,0.17,,,1132,
2017-08-03,00636,國泰中國A50,twse,19.12,19.14,18.98,18.99,5937600,113035900,-0.15,,,1249,
2017-08-04,00636,國泰中國A50,twse,18.94,18.94,18.77,18.85,4590745,86507948,-0.14,,,1157,
2017-08-07,00636,國泰中國A50,twse,18.80,18.81,18.65,18.75,5393570,101025637,-0.1,,,962,
2017-08-08,00636,國泰中國A50,twse,18.80,18.81,18.72,18.77,2060688,38651332,0.02,,,466,
2017-08-09,00636,國泰中國A50,twse,18.80,18.80,18.72,18.79,1424156,26715649,0.02,,,290,
2017-08-10,00636,國泰中國A50,twse,18.76,18.83,18.54,18.63,5891200,110084369,-0.16,,,1189,
2017-08-11,00636,國泰中國A50,twse,18.50,18.69,18.42,18.45,5091000,94332480,-0.18,,,1296,
2017-08-14,00636,國泰中國A50,twse,18.44,18.54,18.38,18.53,3180100,58685418,0.08,,,704,
2017-08-15,00636,國泰中國A50,twse,18.56,18.74,18.56,18.70,3482315,65011367,0.17,,,617,
2017-08-16,00636,國泰中國A50,twse,18.69,18.69,18.50,18.50,2987121,55426795,-0.2,,,1051,
2017-08-17,00636,國泰中國A50,twse,18.59,18.68,18.59,18.65,4314756,80396867,0.15,,,494,
2017-08-18,00636,國泰中國A50,twse,18.67,18.76,18.62,18.76,3105709,58025916,0.11,,,499,
2017-08-21,00636,國泰中國A50,twse,18.76,18.88,18.75,18.84,3986619,75099736,0.08,,,724,
2017-08-22,00636,國泰中國A50,twse,18.86,19.04,18.86,19.01,4670500,88593353,0.17,,,847,
2017-08-23,00636,國泰中國A50,twse,19.15,19.18,19.08,19.14,3132340,59930119,0.13,,,850,
2017-08-24,00636,國泰中國A50,twse,19.20,19.25,19.14,19.15,4232373,81206090,0.01,,,819,
2017-08-25,00636,國泰中國A50,twse,19.10,19.34,19.09,19.32,4901935,94369719,0.17,,,1031,
2017-08-28,00636,國泰中國A50,twse,19.46,19.90,19.46,19.86,15183500,300034960,0.54,,,2833,
2017-08-29,00636,國泰中國A50,twse,19.95,19.95,19.75,19.93,8102547,160882850,0.07,,,1716,
2017-08-30,00636,國泰中國A50,twse,19.99,20.03,19.91,19.95,9761800,194904490,0.02,,,1943,
2017-08-31,00636,國泰中國A50,twse,19.95,19.95,19.68,19.73,7510447,148681175,-0.22,,,2044,
2017-09-01,00636,國泰中國A50,twse,19.74,19.80,19.64,19.64,10811000,213350950,-0.09,,,2813,
2017-09-04,00636,國泰中國A50,twse,19.64,19.74,19.63,19.68,5219000,102746310,0.04,,,867,
2017-09-05,00636,國泰中國A50,twse,19.75,19.88,19.75,19.82,7198500,142712789,0.14,,,1303,
2017-09-06,00636,國泰中國A50,twse,19.82,19.82,19.66,19.76,6225010,122775780,-0.06,,,3609,
2017-09-07,00636,國泰中國A50,twse,19.78,19.81,19.70,19.71,3456379,68252784,-0.05,,,672,
2017-09-08,00636,國泰中國A50,twse,19.70,19.79,19.65,19.73,3960449,78029365,0.02,,,824,
2017-09-11,00636,國泰中國A50,twse,19.75,19.82,19.65,19.66,4441050,87626617,-0.07,,,880,
2017-09-12,00636,國泰中國A50,twse,19.66,19.70,19.51,19.57,5862950,114723327,-0.09,,,1324,
2017-09-13,00636,國泰中國A50,twse,19.62,19.64,19.54,19.62,2132020,41784408,0.05,,,457,
2017-09-14,00636,國泰中國A50,twse,19.61,19.65,19.54,19.55,2309139,45235197,-0.07,,,664,
2017-09-15,00636,國泰中國A50,twse,19.55,19.56,19.42,19.48,4998758,97353098,-0.07,,,1203,
2017-09-18,00636,國泰中國A50,twse,19.48,19.60,19.47,19.51,3102000,60559540,0.03,,,817,
2017-09-19,00636,國泰中國A50,twse,19.55,19.55,19.36,19.38,4590227,89192511,-0.13,,,1340,
2017-09-20,00636,國泰中國A50,twse,19.39,19.45,19.31,19.33,11402000,220643710,-0.05,,,2410,
2017-09-21,00636,國泰中國A50,twse,19.35,19.53,19.33,19.52,4002600,77767548,0.19,,,660,
2017-09-22,00636,國泰中國A50,twse,19.52,19.56,19.37,19.42,3240139,62973413,-0.1,,,913,
2017-09-25,00636,國泰中國A50,twse,19.43,19.43,19.31,19.31,2201730,42614093,-0.11,,,585,
2017-09-26,00636,國泰中國A50,twse,19.32,19.39,19.24,19.35,1996280,38558411,0.04,,,743,
2017-09-27,00636,國泰中國A50,twse,19.37,19.38,19.30,19.31,1485544,28703181,-0.04,,,397,
2017-09-28,00636,國泰中國A50,twse,19.31,19.33,19.27,19.32,1961675,37859246,0.01,,,464,
2017-09-29,00636,國泰中國A50,twse,19.33,19.42,19.30,19.36,2333139,45166087,0.04,,,665,
2017-09-30,00636,國泰中國A50,twse,19.40,19.41,19.38,19.41,995274,19302515,0.05,,,324,
2017-10-02,00636,國泰中國A50,twse,19.46,19.46,19.41,19.45,1232413,23947311,0.04,,,886,
2017-10-03,00636,國泰中國A50,twse,19.49,19.64,19.48,19.62,4059518,79482605,0.17,,,2397,
2017-10-05,00636,國泰中國A50,twse,19.94,19.95,19.86,19.89,5663479,112632429,0.27,,,1177,
2017-10-06,00636,國泰中國A50,twse,19.93,19.94,19.77,19.83,4483572,88917291,-0.06,,,3063,
2017-10-11,00636,國泰中國A50,twse,19.80,19.83,19.70,19.79,5923402,117085037,-0.04,,,1020,
2017-10-12,00636,國泰中國A50,twse,19.77,19.82,19.75,19.82,3836548,75953453,0.03,,,1053,
2017-10-13,00636,國泰中國A50,twse,19.82,19.88,19.81,19.85,2471640,49057908,0.03,,,684,
2017-10-16,00636,國泰中國A50,twse,19.85,20.00,19.84,19.91,4102074,81720701,0.06,,,864,
2017-10-17,00636,國泰中國A50,twse,19.91,19.92,19.80,19.88,2489675,49448547,-0.03,,,660,
2017-10-18,00636,國泰中國A50,twse,19.82,19.89,19.80,19.82,6809450,135183517,-0.06,,,1057,
2017-10-19,00636,國泰中國A50,twse,19.94,20.00,19.91,19.98,7413878,147999354,0.16,,,1125,
2017-10-20,00636,國泰中國A50,twse,19.90,19.97,19.88,19.91,5257714,104725255,-0.07,,,1199,
2017-10-23,00636,國泰中國A50,twse,19.91,19.96,19.83,19.86,2409240,47911582,-0.05,,,555,
2017-10-24,00636,國泰中國A50,twse,19.86,20.00,19.82,20.00,5869922,117153950,0.14,,,900,
2017-10-25,00636,國泰中國A50,twse,20.00,20.05,19.99,20.02,4358023,87264905,0.02,,,963,
2017-10-26,00636,國泰中國A50,twse,20.03,20.28,20.02,20.27,6965712,140707694,0.25,,,1273,
2017-10-27,00636,國泰中國A50,twse,20.33,20.44,20.22,20.39,5181075,105460810,0.12,,,1324,
2017-10-30,00636,國泰中國A50,twse,20.57,20.60,20.31,20.50,7718995,158001106,0.11,,,1300,
2017-10-31,00636,國泰中國A50,twse,20.50,20.50,20.40,20.46,5222786,106805684,-0.04,,,1050,
2017-11-01,00636,國泰中國A50,twse,20.46,20.68,20.46,20.53,7080209,145688649,0.07,,,1132,
2017-11-02,00636,國泰中國A50,twse,20.58,20.59,20.49,20.53,3943405,80957415,0.0,,,737,
2017-11-03,00636,國泰中國A50,twse,20.56,20.65,20.45,20.47,4429907,90899368,-0.06,,,684,
2017-11-06,00636,國泰中國A50,twse,20.58,20.58,20.44,20.54,3568209,73106159,0.07,,,610,
2017-11-07,00636,國泰中國A50,twse,20.58,20.81,20.57,20.77,6122745,126972932,0.23,,,962,
2017-11-08,00636,國泰中國A50,twse,20.84,21.00,20.76,20.91,8124233,169865186,0.14,,,2797,
2017-11-09,00636,國泰中國A50,twse,20.80,20.87,20.76,20.78,5026981,104648316,-0.13,,,1191,
2017-11-10,00636,國泰中國A50,twse,20.93,21.06,20.89,21.06,7291381,152851183,0.28,,,1644,
2017-11-13,00636,國泰中國A50,twse,21.13,21.32,21.13,21.22,8336407,177155254,0.16,,,1742,
2017-11-14,00636,國泰中國A50,twse,21.28,21.29,21.10,21.17,5803103,122823003,-0.05,,,1532,
2017-11-15,00636,國泰中國A50,twse,21.10,21.12,20.94,21.00,9712743,203977435,-0.17,,,2667,
2017-11-16,00636,國泰中國A50,twse,20.94,21.03,20.91,21.00,9469693,198649403,0.0,,,1244,
2017-11-17,00636,國泰中國A50,twse,21.17,21.26,21.09,21.10,7735002,163498569,0.1,,,1060,
2017-11-20,00636,國泰中國A50,twse,21.24,21.32,21.12,21.19,9454751,200699365,0.09,,,1566,
2017-11-21,00636,國泰中國A50,twse,21.44,22.08,21.44,22.06,14179120,309121090,0.87,,,2642,
2017-11-22,00636,國泰中國A50,twse,22.20,22.35,22.11,22.20,16594543,368533128,0.14,,,2323,
2017-11-23,00636,國泰中國A50,twse,22.17,22.27,22.02,22.06,8645592,191250833,-0.14,,,2511,
2017-11-24,00636,國泰中國A50,twse,21.68,21.81,21.52,21.59,14008289,302943878,-0.47,,,3146,
2017-11-27,00636,國泰中國A50,twse,21.76,21.76,21.27,21.30,10670455,228720198,-0.29,,,2658,
2017-11-28,00636,國泰中國A50,twse,21.31,21.38,21.11,21.16,9321552,197692877,-0.14,,,2295,
2017-11-29,00636,國泰中國A50,twse,21.29,21.46,21.13,21.13,6959522,147783126,-0.03,,,2425,
2017-11-30,00636,國泰中國A50,twse,21.25,21.29,21.11,21.19,4596380,97392460,0.06,,,685,
2017-12-01,00636,國泰中國A50,twse,21.12,21.12,20.88,20.92,9230679,193617208,-0.27,,,1990,
2017-12-04,00636,國泰中國A50,twse,20.88,21.15,20.74,21.12,5418830,113483123,0.2,,,1527,
2017-12-05,00636,國泰中國A50,twse,21.07,21.27,20.96,21.21,4454778,94310668,0.09,,,793,
2017-12-06,00636,國泰中國A50,twse,21.30,21.30,21.03,21.11,4895829,103539655,-0.1,,,1555,
2017-12-07,00636,國泰中國A50,twse,21.11,21.13,20.76,20.79,7975273,166619498,-0.32,,,2209,
2017-12-08,00636,國泰中國A50,twse,20.81,20.93,20.73,20.90,3403583,70951194,0.11,,,612,
2017-12-11,00636,國泰中國A50,twse,21.00,21.20,20.98,21.17,3882468,81974443,0.27,,,640,
2017-12-12,00636,國泰中國A50,twse,21.42,21.42,21.13,21.17,2898682,61599699,0.0,,,784,
2017-12-13,00636,國泰中國A50,twse,21.04,21.05,20.91,21.03,2511148,52675729,-0.14,,,684,
2017-12-14,00636,國泰中國A50,twse,21.16,21.24,21.06,21.06,2533469,53571207,0.03,,,670,
2017-12-15,00636,國泰中國A50,twse,21.08,21.08,20.85,20.89,2679717,56025496,-0.17,,,795,
2017-12-18,00636,國泰中國A50,twse,20.92,20.95,20.77,20.81,4061352,84692523,-0.08,,,870,
2017-12-19,00636,國泰中國A50,twse,20.90,21.10,20.82,21.07,2366865,49694010,0.26,,,621,
2017-12-20,00636,國泰中國A50,twse,21.19,21.27,21.12,21.14,5044177,106822751,0.07,,,2225,
2017-12-21,00636,國泰中國A50,twse,21.15,21.51,21.15,21.44,5831732,124643262,0.3,,,1092,
2017-12-22,00636,國泰中國A50,twse,21.50,21.53,21.41,21.44,5304657,113765717,0.0,,,732,
2017-12-25,00636,國泰中國A50,twse,21.44,21.64,21.40,21.43,6410504,138121268,-0.01,,,829,
2017-12-26,00636,國泰中國A50,twse,21.61,21.61,21.36,21.48,3876699,83169851,0.05,,,689,
2017-12-27,00636,國泰中國A50,twse,21.48,21.51,21.30,21.34,6193588,132490326,-0.14,,,941,
2017-12-28,00636,國泰中國A50,twse,21.29,21.29,21.10,21.24,16171244,342027727,-0.1,,,1681,
2017-12-29,00636,國泰中國A50,twse,21.26,21.34,21.19,21.21,2262624,48047871,-0.03,,,616,
2018-01-02,00636,國泰中國A50,twse,21.23,21.60,21.23,21.60,8048601,173143421,0.39,,,1564,
2018-01-03,00636,國泰中國A50,twse,21.74,21.87,21.61,21.77,9492982,206482726,0.17,,,1805,
2018-01-04,00636,國泰中國A50,twse,21.75,21.83,21.62,21.78,8317700,180859878,0.01,,,1218,
2018-01-05,00636,國泰中國A50,twse,21.79,21.86,21.73,21.84,3243730,70692547,0.06,,,899,
2018-01-08,00636,國泰中國A50,twse,21.92,21.92,21.75,21.86,6000406,131026600,0.02,,,1421,
2018-01-09,00636,國泰中國A50,twse,21.90,22.02,21.86,22.00,5421458,119042696,0.14,,,1274,
2018-01-10,00636,國泰中國A50,twse,22.03,22.33,22.02,22.15,7681607,170586710,0.15,,,2563,
2018-01-11,00636,國泰中國A50,twse,22.20,22.36,22.16,22.23,4606376,102483169,0.08,,,1130,
2018-01-12,00636,國泰中國A50,twse,22.30,22.49,22.30,22.48,5406844,121235217,0.25,,,1645,
2018-01-15,00636,國泰中國A50,twse,22.64,23.18,22.64,23.18,10782257,247111383,0.7,,,2558,
2018-01-16,00636,國泰中國A50,twse,23.10,23.18,22.95,23.13,9041736,208494072,-0.05,,,1906,
2018-01-17,00636,國泰中國A50,twse,23.12,23.55,23.07,23.26,27329001,634977914,0.13,,,8689,
2018-01-18,00636,國泰中國A50,twse,23.45,23.53,23.30,23.37,12587350,294854742,0.11,,,2897,
2018-01-19,00636,國泰中國A50,twse,23.44,23.72,23.43,23.66,7283047,171966444,0.29,,,2008,
2018-01-22,00636,國泰中國A50,twse,23.70,23.70,23.41,23.43,9299725,218709256,-0.23,,,2020,
2018-01-23,00636,國泰中國A50,twse,23.58,23.81,23.58,23.78,9492065,225093974,0.35,,,1570,
2018-01-24,00636,國泰中國A50,twse,23.76,23.97,23.64,23.88,14115625,336603139,0.1,,,2742,
2018-01-25,00636,國泰中國A50,twse,23.88,23.90,23.49,23.61,9730787,230005345,-0.27,,,2195,
2018-01-26,00636,國泰中國A50,twse,23.61,23.87,23.61,23.83,6272298,148951500,0.22,,,1448,
2018-01-29,00636,國泰中國A50,twse,23.87,23.97,23.53,23.68,7091407,168473323,-0.15,,,2340,
2018-01-30,00636,國泰中國A50,twse,23.37,23.42,23.08,23.12,12624197,293546126,-0.56,,,2903,
2018-01-31,00636,國泰中國A50,twse,22.84,23.35,22.81,23.25,13298500,307359041,0.13,,,2068,
2018-02-01,00636,國泰中國A50,twse,23.33,23.55,23.25,23.39,7365385,172313549,0.14,,,1509,
2018-02-02,00636,國泰中國A50,twse,23.43,23.57,23.26,23.45,16704819,391690752,0.06,,,1216,
2018-02-05,00636,國泰中國A50,twse,23.25,23.60,23.15,23.54,11607752,271775595,0.09,,,2280,
2018-02-06,00636,國泰中國A50,twse,23.30,23.46,23.06,23.17,21616147,501884399,-0.37,,,3357,
2018-02-07,00636,國泰中國A50,twse,23.26,23.68,22.83,23.00,16497590,383512860,-0.17,,,3159,
2018-02-08,00636,國泰中國A50,twse,22.77,22.77,22.04,22.08,25887486,579446727,-0.92,,,5132,
2018-02-09,00636,國泰中國A50,twse,21.55,21.55,20.31,20.75,36727298,771113718,-1.33,,,6397,
2018-02-12,00636,國泰中國A50,twse,21.09,21.28,20.95,21.11,8933747,188555140,0.36,,,2239,
2018-02-21,00636,國泰中國A50,twse,21.60,22.10,21.60,22.00,19939905,437140326,0.89,,,3953,
2018-02-22,00636,國泰中國A50,twse,21.97,22.02,21.76,22.02,8643293,189454837,0.02,,,1547,
2018-02-23,00636,國泰中國A50,twse,22.07,22.34,22.07,22.16,10713889,238023029,0.14,,,1900,
2018-02-26,00636,國泰中國A50,twse,22.26,22.47,22.11,22.37,8040700,179579483,0.21,,,1377,
2018-02-27,00636,國泰中國A50,twse,22.44,22.55,22.13,22.14,10743021,239834213,-0.23,,,2216,
2018-03-01,00636,國泰中國A50,twse,21.61,21.96,21.50,21.78,9206076,200102946,-0.36,,,2162,
2018-03-02,00636,國泰中國A50,twse,21.60,21.75,21.50,21.60,6542974,141273778,-0.18,,,1454,
2018-03-05,00636,國泰中國A50,twse,21.60,21.73,21.45,21.51,7397905,159531086,-0.09,,,1384,
2018-03-06,00636,國泰中國A50,twse,21.70,21.72,21.43,21.62,6153755,132660752,0.11,,,1383,
2018-03-07,00636,國泰中國A50,twse,21.68,22.00,21.64,21.77,6375007,139161792,0.15,,,1440,
2018-03-08,00636,國泰中國A50,twse,21.78,21.94,21.66,21.89,3417252,74549138,0.12,,,779,
2018-03-09,00636,國泰中國A50,twse,21.92,22.07,21.90,21.97,3463168,76126046,0.08,,,848,
2018-03-12,00636,國泰中國A50,twse,22.16,22.26,22.03,22.12,5444482,120599783,0.15,,,1391,
2018-03-13,00636,國泰中國A50,twse,22.15,22.15,22.00,22.01,2916261,64287041,-0.11,,,835,
2018-03-14,00636,國泰中國A50,twse,21.90,21.90,21.70,21.75,3320050,72236580,-0.26,,,837,
2018-03-15,00636,國泰中國A50,twse,21.76,21.98,21.68,21.92,3417401,74782089,0.17,,,816,
2018-03-16,00636,國泰中國A50,twse,21.99,21.99,21.80,21.82,2976829,65081510,-0.1,,,842,
2018-03-19,00636,國泰中國A50,twse,21.76,21.77,21.55,21.70,4679339,101475330,-0.12,,,1356,
2018-03-20,00636,國泰中國A50,twse,21.63,21.76,21.62,21.72,2256751,48932607,0.02,,,628,
2018-03-21,00636,國泰中國A50,twse,21.76,22.01,21.76,21.91,7895917,173146112,0.19,,,2083,
2018-03-22,00636,國泰中國A50,twse,21.82,21.84,21.44,21.47,8131632,175625394,-0.44,,,2573,
2018-03-23,00636,國泰中國A50,twse,20.95,21.07,20.71,20.72,14063962,293272542,-0.75,,,3289,
2018-03-26,00636,國泰中國A50,twse,20.64,20.91,20.51,20.58,8844400,182878650,-0.14,,,2297,
2018-03-27,00636,國泰中國A50,twse,20.99,21.08,20.88,20.90,7238838,151691649,0.32,,,1758,
2018-03-28,00636,國泰中國A50,twse,20.76,20.77,20.45,20.46,9592176,197301870,-0.44,,,2494,
2018-03-29,00636,國泰中國A50,twse,20.44,20.45,20.06,20.43,10962000,222036720,-0.03,,,2823,
2018-03-30,00636,國泰中國A50,twse,20.75,20.77,20.57,20.75,6337241,131023233,0.32,,,1386,
2018-03-31,00636,國泰中國A50,twse,20.75,20.75,20.71,20.74,1587490,32902712,-0.01,,,607,
2018-04-02,00636,國泰中國A50,twse,20.79,20.83,20.48,20.59,6904652,142557719,-0.15,,,1446,
2018-04-03,00636,國泰中國A50,twse,20.36,20.45,20.27,20.29,7363000,149708620,-0.3,,,1467,
2018-04-09,00636,國泰中國A50,twse,20.50,20.52,20.29,20.39,5193750,106040821,0.1,,,839,
2018-04-10,00636,國泰中國A50,twse,20.39,20.68,20.32,20.59,4222628,86660485,0.2,,,863,
2018-04-11,00636,國泰中國A50,twse,20.86,21.11,20.86,21.07,5786529,121462886,0.48,,,1450,
2018-04-12,00636,國泰中國A50,twse,21.02,21.09,20.85,20.88,4083521,85540463,-0.19,,,1000,
2018-04-13,00636,國泰中國A50,twse,20.90,20.97,20.72,20.77,4189917,87261961,-0.11,,,934,
2018-04-16,00636,國泰中國A50,twse,20.77,20.77,20.28,20.30,8447009,172491666,-0.47,,,2475,
2018-04-17,00636,國泰中國A50,twse,20.32,20.33,20.07,20.12,5563445,112295772,-0.18,,,1386,
2018-04-18,00636,國泰中國A50,twse,20.29,20.30,19.82,19.95,15301800,306098448,-0.17,,,4643,
2018-04-19,00636,國泰中國A50,twse,20.06,20.39,20.06,20.36,5754247,116568115,0.41,,,1437,
2018-04-20,00636,國泰中國A50,twse,20.26,20.34,20.00,20.01,6035967,121433348,-0.35,,,1517,
2018-04-23,00636,國泰中國A50,twse,20.01,20.28,19.92,20.15,3551474,71505686,0.14,,,826,
2018-04-24,00636,國泰中國A50,twse,20.20,20.76,20.20,20.70,7310470,150640709,0.55,,,1841,
2018-04-25,00636,國泰中國A50,twse,20.65,20.70,20.55,20.65,4091690,84428286,-0.05,,,840,
2018-04-26,00636,國泰中國A50,twse,20.72,20.75,20.20,20.22,6223592,126720510,-0.43,,,1829,
2018-04-27,00636,國泰中國A50,twse,20.29,20.36,19.83,19.88,10315706,206101907,-0.34,,,3197,
2018-04-30,00636,國泰中國A50,twse,20.01,20.21,20.01,20.20,4105123,82710935,0.32,,,877,
2018-05-02,00636,國泰中國A50,twse,20.19,20.20,19.96,20.00,5264790,105432774,-0.2,,,1482,
2018-05-03,00636,國泰中國A50,twse,20.00,20.04,19.82,19.97,3634881,72376601,-0.03,,,970,
2018-05-04,00636,國泰中國A50,twse,20.03,20.15,19.98,20.02,2072922,41577903,0.05,,,544,
2018-05-07,00636,國泰中國A50,twse,20.10,20.23,19.93,20.22,4680255,94211947,0.2,,,1013,
2018-05-08,00636,國泰中國A50,twse,20.29,20.72,20.28,20.66,8123695,166730752,0.44,,,2294,
2018-05-09,00636,國泰中國A50,twse,20.70,20.78,20.61,20.69,7422265,153508212,0.03,,,1370,
2018-05-10,00636,國泰中國A50,twse,20.80,20.89,20.72,20.73,6671139,138776158,0.04,,,1701,
2018-05-11,00636,國泰中國A50,twse,20.84,20.90,20.76,20.79,5483072,114170420,0.06,,,1172,
2018-05-14,00636,國泰中國A50,twse,20.84,21.03,20.82,21.01,6937413,145451373,0.22,,,1729,
2018-05-15,00636,國泰中國A50,twse,21.03,21.06,20.88,20.91,6690209,140247228,-0.1,,,1485,
2018-05-16,00636,國泰中國A50,twse,20.99,20.99,20.80,20.86,8750050,182615997,-0.05,,,2749,
2018-05-17,00636,國泰中國A50,twse,20.86,20.86,20.66,20.68,5022569,104136520,-0.18,,,1376,
2018-05-18,00636,國泰中國A50,twse,20.59,20.69,20.50,20.65,5550295,114295180,-0.03,,,1106,
2018-05-21,00636,國泰中國A50,twse,21.01,21.09,20.89,20.95,10748951,225694534,0.3,,,1841,
2018-05-22,00636,國泰中國A50,twse,20.97,20.99,20.70,20.71,5790000,120384282,-0.24,,,1630,
2018-05-23,00636,國泰中國A50,twse,20.76,20.80,20.51,20.53,6677313,137563491,-0.18,,,1571,
2018-05-24,00636,國泰中國A50,twse,20.50,20.50,20.33,20.33,6667403,135886822,-0.2,,,1892,
2018-05-25,00636,國泰中國A50,twse,20.33,20.33,20.20,20.26,5576800,113007687,-0.07,,,1413,
2018-05-28,00636,國泰中國A50,twse,20.41,20.41,20.14,20.31,5935641,120246520,0.05,,,1485,
2018-05-29,00636,國泰中國A50,twse,20.32,20.32,20.10,20.13,6900700,139297239,-0.18,,,1856,
2018-05-30,00636,國泰中國A50,twse,20.05,20.05,19.78,19.94,12053500,239829665,-0.19,,,3604,
2018-05-31,00636,國泰中國A50,twse,19.96,20.20,19.95,20.20,5609300,112435807,0.26,,,1497,
2018-06-01,00636,國泰中國A50,twse,20.24,20.32,20.08,20.09,4031221,81353644,-0.11,,,1084,
2018-06-04,00636,國泰中國A50,twse,20.14,20.40,20.14,20.40,4099800,83296727,0.31,,,986,
2018-06-05,00636,國泰中國A50,twse,20.44,20.52,20.36,20.52,3356442,68642440,0.12,,,908,
2018-06-06,00636,國泰中國A50,twse,20.54,20.61,20.50,20.52,3973663,81671329,0.0,,,921,
2018-06-07,00636,國泰中國A50,twse,20.54,20.65,20.52,20.52,2624800,54024387,0.0,,,763,
2018-06-08,00636,國泰中國A50,twse,20.47,20.47,20.14,20.17,6904435,140108563,-0.35,,,1707,
2018-06-11,00636,國泰中國A50,twse,20.16,20.36,20.10,20.24,4490556,90866643,0.07,,,1082,
2018-06-12,00636,國泰中國A50,twse,20.27,20.59,20.27,20.56,6198889,126868339,0.32,,,1309,
2018-06-13,00636,國泰中國A50,twse,20.56,20.60,20.46,20.47,3646591,74894216,-0.09,,,974,
2018-06-14,00636,國泰中國A50,twse,20.45,20.64,20.35,20.44,3475179,71173111,-0.03,,,729,
2018-06-15,00636,國泰中國A50,twse,20.50,20.57,20.43,20.50,6916315,141755872,0.06,,,903,
2018-06-19,00636,國泰中國A50,twse,20.41,20.41,20.02,20.09,9063839,182690403,-0.41,,,1826,
2018-06-20,00636,國泰中國A50,twse,19.98,19.98,19.79,19.98,10674792,212196515,-0.11,,,3882,
2018-06-21,00636,國泰中國A50,twse,20.00,20.19,19.96,20.01,4376191,87786399,0.03,,,1004,
2018-06-22,00636,國泰中國A50,twse,19.95,19.95,19.75,19.89,9330300,185200893,-0.12,,,3029,
2018-06-25,00636,國泰中國A50,twse,19.89,20.01,19.79,19.79,4470877,88848119,-0.1,,,1397,
2018-06-26,00636,國泰中國A50,twse,19.63,19.63,19.00,19.22,12223445,235695556,-0.57,,,3411,
2018-06-27,00636,國泰中國A50,twse,19.29,19.29,18.74,18.75,11594907,220172230,-0.47,,,3453,
2018-06-28,00636,國泰中國A50,twse,18.65,18.76,18.45,18.62,6301450,117074206,-0.13,,,2002,
2018-06-29,00636,國泰中國A50,twse,18.63,18.80,18.51,18.80,5269009,98326391,0.18,,,1446,
2018-07-02,00636,國泰中國A50,twse,18.89,18.89,18.34,18.34,6967229,129285905,-0.46,,,2396,
2018-07-03,00636,國泰中國A50,twse,18.25,18.25,17.52,17.81,12673588,226403502,-0.53,,,4064,
2018-07-04,00636,國泰中國A50,twse,17.81,18.11,17.81,17.97,5790517,104014479,0.16,,,1351,
2018-07-05,00636,國泰中國A50,twse,18.04,18.10,17.79,17.88,6180364,110728225,-0.09,,,1438,
2018-07-06,00636,國泰中國A50,twse,18.06,18.17,17.72,18.17,4569949,81939336,0.29,,,1249,
2018-07-09,00636,國泰中國A50,twse,18.20,18.53,18.19,18.52,4976607,91708267,0.35,,,1273,
2018-07-10,00636,國泰中國A50,twse,18.70,18.75,18.55,18.55,3699999,68979320,0.03,,,981,
2018-07-11,00636,國泰中國A50,twse,18.30,18.36,18.08,18.27,4192975,76294589,-0.28,,,1190,
2018-07-12,00636,國泰中國A50,twse,18.20,18.69,18.19,18.68,5596981,103526221,0.41,,,1015,
2018-07-13,00636,國泰中國A50,twse,18.79,18.79,18.61,18.67,3266233,61071929,-0.01,,,822,
2018-07-16,00636,國泰中國A50,twse,18.70,18.79,18.43,18.43,4433151,82197458,-0.24,,,1275,
2018-07-17,00636,國泰中國A50,twse,18.43,18.49,18.28,18.31,1610774,29524099,-0.12,,,557,
2018-07-18,00636,國泰中國A50,twse,18.37,18.51,18.29,18.33,3071110,56407482,0.02,,,1454,
2018-07-19,00636,國泰中國A50,twse,18.35,18.43,18.22,18.25,2111405,38618570,-0.08,,,546,
2018-07-20,00636,國泰中國A50,twse,18.16,18.30,17.98,18.30,5373400,97263618,0.05,,,1207,
2018-07-23,00636,國泰中國A50,twse,18.40,18.73,18.40,18.68,5509344,102337029,0.38,,,1281,
2018-07-24,00636,國泰中國A50,twse,18.72,19.02,18.69,18.96,4902934,92854416,0.28,,,1493,
2018-07-25,00636,國泰中國A50,twse,19.00,19.12,18.91,18.97,2567881,48798839,0.01,,,855,
2018-07-26,00636,國泰中國A50,twse,19.11,19.11,18.78,18.81,3068315,58069523,-0.16,,,927,
2018-07-27,00636,國泰中國A50,twse,18.81,18.81,18.64,18.70,3865700,72327080,-0.11,,,775,
2018-07-30,00636,國泰中國A50,twse,18.65,18.85,18.59,18.61,3264909,61000648,-0.09,,,672,
2018-07-31,00636,國泰中國A50,twse,18.60,18.73,18.60,18.63,2993627,55906674,0.02,,,499,
2018-08-01,00636,國泰中國A50,twse,18.80,18.92,18.65,18.66,3171523,59560105,0.03,,,813,
2018-08-02,00636,國泰中國A50,twse,18.41,18.41,17.83,17.89,14246497,257698024,-0.77,,,4047,
2018-08-03,00636,國泰中國A50,twse,17.95,18.00,17.71,17.82,5374923,95993665,-0.07,,,1686,
2018-08-06,00636,國泰中國A50,twse,17.82,17.96,17.65,17.72,6007048,106542962,-0.1,,,1612,
2018-08-07,00636,國泰中國A50,twse,17.73,17.90,17.63,17.83,4235744,75286452,0.11,,,1064,
2018-08-08,00636,國泰中國A50,twse,18.08,18.20,18.01,18.06,6039744,109311270,0.23,,,1056,
2018-08-09,00636,國泰中國A50,twse,17.95,18.32,17.84,18.27,5490340,99642839,0.21,,,1234,
2018-08-10,00636,國泰中國A50,twse,18.30,18.40,18.16,18.16,4053538,74110037,-0.11,,,869,
2018-08-13,00636,國泰中國A50,twse,18.05,18.10,17.78,17.91,4945507,88628803,-0.25,,,1502,
2018-08-14,00636,國泰中國A50,twse,18.02,18.09,17.85,17.88,4273603,76663685,-0.03,,,834,
2018-08-15,00636,國泰中國A50,twse,17.98,17.99,17.59,17.61,5466315,96774217,-0.27,,,2255,
2018-08-16,00636,國泰中國A50,twse,17.44,17.70,17.21,17.64,8078138,141101546,0.03,,,1821,
2018-08-17,00636,國泰中國A50,twse,17.65,17.69,17.40,17.41,5475004,96020408,-0.23,,,1335,
2018-08-20,00636,國泰中國A50,twse,17.50,17.60,17.37,17.42,4222599,73813368,0.01,,,782,
2018-08-21,00636,國泰中國A50,twse,17.59,17.95,17.57,17.93,5364080,95451361,0.51,,,1379,
2018-08-22,00636,國泰中國A50,twse,17.93,17.98,17.80,17.90,1895939,33943189,-0.03,,,596,
2018-08-23,00636,國泰中國A50,twse,17.90,18.02,17.72,17.86,3000171,53520007,-0.04,,,919,
2018-08-24,00636,國泰中國A50,twse,17.81,17.93,17.73,17.91,2470635,44029876,0.05,,,499,
2018-08-27,00636,國泰中國A50,twse,18.03,18.41,18.02,18.41,8375156,152670326,0.5,,,1775,
2018-08-28,00636,國泰中國A50,twse,18.48,18.58,18.39,18.40,4978155,92123633,-0.01,,,1222,
2018-08-29,00636,國泰中國A50,twse,18.42,18.43,18.31,18.35,1760473,32333000,-0.05,,,512,
2018-08-30,00636,國泰中國A50,twse,18.37,18.40,18.14,18.15,2520653,45980223,-0.2,,,771,
2018-08-31,00636,國泰中國A50,twse,18.01,18.15,17.90,18.13,3355350,60356635,-0.02,,,920,
2018-09-03,00636,國泰中國A50,twse,18.05,18.06,17.87,17.91,3553553,63760714,-0.22,,,1037,
2018-09-04,00636,國泰中國A50,twse,17.94,18.14,17.94,18.14,2677561,48303879,0.23,,,516,
2018-09-05,00636,國泰中國A50,twse,18.18,18.23,18.00,18.02,2166269,39220773,-0.12,,,579,
2018-09-06,00636,國泰中國A50,twse,17.93,17.94,17.75,17.79,3457404,61670907,-0.23,,,1010,
2018-09-07,00636,國泰中國A50,twse,17.75,17.96,17.59,17.79,3809906,67700652,0.0,,,1032,
2018-09-10,00636,國泰中國A50,twse,17.74,17.79,17.56,17.61,4393030,77496161,-0.18,,,929,
2018-09-11,00636,國泰中國A50,twse,17.70,17.70,17.53,17.57,2749203,48402923,-0.04,,,743,
2018-09-12,00636,國泰中國A50,twse,17.58,17.58,17.31,17.39,4634550,80649433,-0.18,,,1293,
2018-09-13,00636,國泰中國A50,twse,17.51,17.66,17.41,17.44,4848965,85059253,0.05,,,844,
2018-09-14,00636,國泰中國A50,twse,17.71,17.75,17.59,17.71,5194938,91796540,0.27,,,832,
2018-09-17,00636,國泰中國A50,twse,17.66,17.66,17.54,17.58,2760522,48547947,-0.13,,,662,
2018-09-18,00636,國泰中國A50,twse,17.51,17.65,17.44,17.61,3267648,57347779,0.03,,,786,
2018-09-19,00636,國泰中國A50,twse,17.88,18.11,17.82,18.11,13576512,244270733,0.5,,,3876,
2018-09-20,00636,國泰中國A50,twse,18.15,18.20,18.03,18.05,5178000,93761520,-0.06,,,805,
2018-09-21,00636,國泰中國A50,twse,18.15,18.50,18.10,18.50,10245915,187675323,0.45,,,2003,
2018-09-25,00636,國泰中國A50,twse,18.45,18.52,18.38,18.40,4206370,77597705,-0.1,,,1009,
2018-09-26,00636,國泰中國A50,twse,18.51,18.83,18.46,18.83,13249045,247177075,0.43,,,2283,
2018-09-27,00636,國泰中國A50,twse,18.80,18.80,18.56,18.60,5761962,107352149,-0.23,,,1778,
2018-09-28,00636,國泰中國A50,twse,18.66,18.80,18.57,18.75,8221103,153882604,0.15,,,1261,
2018-10-01,00636,國泰中國A50,twse,18.73,18.73,18.65,18.68,2301500,42991880,-0.07,,,353,
2018-10-02,00636,國泰中國A50,twse,18.68,18.70,18.39,18.39,2679400,49549582,-0.29,,,683,
2018-10-03,00636,國泰中國A50,twse,18.35,18.41,18.27,18.29,3134840,57431301,-0.1,,,611,
2018-10-04,00636,國泰中國A50,twse,18.29,18.29,18.03,18.08,3796568,68693989,-0.21,,,813,
2018-10-05,00636,國泰中國A50,twse,17.95,18.02,17.92,17.95,3258900,58522551,-0.13,,,844,
2018-10-08,00636,國泰中國A50,twse,18.07,18.25,17.99,18.07,14616473,264598194,0.12,,,1373,
2018-10-09,00636,國泰中國A50,twse,17.94,18.05,17.80,17.99,7718864,138366741,-0.08,,,849,
2018-10-11,00636,國泰中國A50,twse,17.38,17.60,17.27,17.31,17214789,300078086,-0.68,,,2459,
2018-10-12,00636,國泰中國A50,twse,17.31,17.65,17.31,17.65,8194325,143102872,0.34,,,1660,
2018-10-15,00636,國泰中國A50,twse,17.65,17.68,17.45,17.50,2872764,50399915,-0.15,,,764,
2018-10-16,00636,國泰中國A50,twse,17.50,17.76,17.49,17.57,3247150,57065712,0.07,,,683,
2018-10-17,00636,國泰中國A50,twse,17.70,17.75,17.31,17.34,4419300,77414065,-0.23,,,1602,
2018-10-18,00636,國泰中國A50,twse,17.49,17.53,17.25,17.28,3192622,55308662,-0.06,,,958,
2018-10-19,00636,國泰中國A50,twse,17.06,17.44,17.05,17.44,6146721,105859696,0.16,,,1443,
2018-10-22,00636,國泰中國A50,twse,17.70,18.47,17.67,18.44,14996265,272639792,1.0,,,3554,
2018-10-23,00636,國泰中國A50,twse,18.35,18.38,18.02,18.08,8659204,157428531,-0.36,,,1839,
2018-10-24,00636,國泰中國A50,twse,18.00,18.32,17.85,18.07,9219784,167089103,-0.01,,,2460,
2018-10-25,00636,國泰中國A50,twse,17.70,17.86,17.61,17.73,10578650,187378697,-0.34,,,1928,
2018-10-26,00636,國泰中國A50,twse,18.06,18.15,17.79,17.86,8256748,148198319,0.13,,,1477,
2018-10-29,00636,國泰中國A50,twse,18.03,18.12,17.38,17.38,12747364,224535509,-0.48,,,2586,
2018-10-30,00636,國泰中國A50,twse,17.39,17.59,17.24,17.58,11362091,196972418,0.2,,,1952,
2018-10-31,00636,國泰中國A50,twse,17.60,17.60,17.37,17.56,11735451,205104201,-0.02,,,1672,
2018-11-01,00636,國泰中國A50,twse,17.70,17.92,17.70,17.86,5795680,103323614,0.3,,,1234,
2018-11-02,00636,國泰中國A50,twse,18.21,18.28,17.97,18.20,10682192,193675892,0.34,,,2412,
2018-11-05,00636,國泰中國A50,twse,18.15,18.18,17.96,18.02,4942019,89229025,-0.18,,,1210,
2018-11-06,00636,國泰中國A50,twse,18.11,18.14,17.78,17.82,4960632,88896221,-0.2,,,1014,
2018-11-07,00636,國泰中國A50,twse,17.95,18.10,17.87,17.99,4805843,86539884,0.17,,,880,
2018-11-08,00636,國泰中國A50,twse,18.09,18.09,17.91,17.93,3082609,55446473,-0.06,,,623,
2018-11-09,00636,國泰中國A50,twse,17.88,17.88,17.46,17.50,6111200,107421168,-0.43,,,1859,
2018-11-12,00636,國泰中國A50,twse,17.52,17.55,17.36,17.55,4176076,72954566,0.05,,,882,
2018-11-13,00636,國泰中國A50,twse,17.35,17.71,17.31,17.71,6342813,110980204,0.16,,,997,
2018-11-14,00636,國泰中國A50,twse,17.77,17.83,17.59,17.65,5027679,88782383,-0.06,,,849,
2018-11-15,00636,國泰中國A50,twse,17.64,17.66,17.51,17.64,4365155,76751221,-0.01,,,587,
2018-11-16,00636,國泰中國A50,twse,17.83,17.85,17.60,17.75,5327410,94496394,0.11,,,1334,
2018-11-19,00636,國泰中國A50,twse,17.80,17.92,17.74,17.85,3845784,68590141,0.1,,,850,
2018-11-20,00636,國泰中國A50,twse,17.83,17.87,17.65,17.67,2682100,47596475,-0.18,,,723,
2018-11-21,00636,國泰中國A50,twse,17.56,17.66,17.47,17.60,3157601,55496547,-0.07,,,1710,
2018-11-22,00636,國泰中國A50,twse,17.68,17.70,17.50,17.52,2202491,38679026,-0.08,,,632,
2018-11-23,00636,國泰中國A50,twse,17.52,17.57,17.38,17.39,3473545,60528155,-0.13,,,1071,
2018-11-26,00636,國泰中國A50,twse,17.42,17.44,17.31,17.35,3579159,62162987,-0.04,,,958,
2018-11-27,00636,國泰中國A50,twse,17.37,17.38,17.28,17.31,3951214,68437046,-0.04,,,815,
2018-11-28,00636,國泰中國A50,twse,17.29,17.43,17.23,17.41,3009342,52167094,0.1,,,909,
2018-11-29,00636,國泰中國A50,twse,17.60,17.62,17.39,17.39,3914487,68513900,-0.02,,,1240,
2018-11-30,00636,國泰中國A50,twse,17.30,17.42,17.27,17.32,4047000,70255840,-0.07,,,887,
2018-12-03,00636,國泰中國A50,twse,17.85,18.01,17.74,17.99,12288272,220261555,0.67,,,3828,
2018-12-04,00636,國泰中國A50,twse,17.98,18.03,17.90,17.95,4791698,86143470,-0.04,,,1336,
2018-12-05,00636,國泰中國A50,twse,17.68,17.97,17.68,17.90,6859000,122227180,-0.05,,,955,
2018-12-06,00636,國泰中國A50,twse,17.78,17.78,17.54,17.54,4648553,81917978,-0.36,,,1098,
2018-12-07,00636,國泰中國A50,twse,17.54,17.60,17.53,17.56,1339052,23523901,0.02,,,310,
2018-12-10,00636,國泰中國A50,twse,17.34,17.45,17.27,17.28,3482288,60354838,-0.28,,,1044,
2018-12-11,00636,國泰中國A50,twse,17.28,17.38,17.25,17.34,2733878,47345535,0.06,,,478,
2018-12-12,00636,國泰中國A50,twse,17.47,17.54,17.43,17.48,2242402,39204393,0.14,,,483,
2018-12-13,00636,國泰中國A50,twse,17.56,17.85,17.51,17.80,6488473,115099504,0.32,,,1368,
2018-12-14,00636,國泰中國A50,twse,17.75,17.75,17.55,17.60,2253267,39660358,-0.2,,,901,
2018-12-17,00636,國泰中國A50,twse,17.61,17.62,17.43,17.53,3394568,59460145,-0.07,,,909,
2018-12-18,00636,國泰中國A50,twse,17.39,17.51,17.30,17.30,5017797,87124742,-0.23,,,1328,
2018-12-19,00636,國泰中國A50,twse,17.30,17.38,17.21,17.23,4949230,85506698,-0.07,,,2537,
2018-12-20,00636,國泰中國A50,twse,17.04,17.12,16.76,16.76,10152101,171818387,-0.47,,,3808,
2018-12-21,00636,國泰中國A50,twse,16.76,16.83,16.48,16.48,11571353,191707586,-0.28,,,2391,
2018-12-22,00636,國泰中國A50,twse,16.44,16.45,16.38,16.42,3401999,55827152,-0.06,,,1080,
2018-12-24,00636,國泰中國A50,twse,16.41,16.58,16.39,16.56,2763160,45600423,0.14,,,835,
2018-12-25,00636,國泰中國A50,twse,16.40,16.40,16.19,16.29,7569274,123253651,-0.27,,,1814,
2018-12-26,00636,國泰中國A50,twse,16.42,16.54,16.36,16.37,4489902,73895356,0.08,,,894,
2018-12-27,00636,國泰中國A50,twse,16.70,16.71,16.46,16.46,3400450,56435683,0.09,,,852,
2018-12-28,00636,國泰中國A50,twse,16.41,16.63,16.39,16.55,2854613,47143454,0.09,,,736,
2019-01-02,00636,國泰中國A50,twse,16.62,16.62,16.27,16.33,4439334,72596157,-0.22,,,972,
2019-01-03,00636,國泰中國A50,twse,16.32,16.50,16.30,16.34,4955991,81136538,0.01,,,682,
2019-01-04,00636,國泰中國A50,twse,16.30,16.68,16.26,16.63,7417914,122733039,0.29,,,1202,
2019-01-07,00636,國泰中國A50,twse,16.90,16.91,16.67,16.74,5291877,88740094,0.11,,,933,
2019-01-08,00636,國泰中國A50,twse,16.75,16.79,16.66,16.72,2442962,40838248,-0.02,,,398,
2019-01-09,00636,國泰中國A50,twse,16.75,17.12,16.75,17.09,5503721,93563100,0.37,,,1213,
2019-01-10,00636,國泰中國A50,twse,16.96,17.09,16.86,17.05,4673783,79285795,-0.04,,,659,
2019-01-11,00636,國泰中國A50,twse,17.05,17.22,17.04,17.21,4634483,79426653,0.16,,,894,
2019-01-14,00636,國泰中國A50,twse,17.21,17.25,17.12,17.13,4033163,69286408,-0.08,,,909,
2019-01-15,00636,國泰中國A50,twse,17.15,17.39,17.15,17.33,4794453,82876212,0.2,,,933,
2019-01-16,00636,國泰中國A50,twse,17.45,17.47,17.36,17.44,3684728,64266174,0.11,,,996,
2019-01-17,00636,國泰中國A50,twse,17.51,17.59,17.42,17.53,5213488,91377456,0.09,,,1063,
2019-01-18,00636,國泰中國A50,twse,17.54,17.67,17.50,17.65,3878820,68299578,0.12,,,812,
2019-01-21,00636,國泰中國A50,twse,17.74,17.90,17.73,17.82,6510063,116044749,0.17,,,1450,
2019-01-22,00636,國泰中國A50,twse,17.81,17.82,17.55,17.57,6145972,108397361,-0.25,,,779,
2019-01-23,00636,國泰中國A50,twse,17.50,17.68,17.47,17.57,3396131,59755458,0.0,,,566,
2019-01-24,00636,國泰中國A50,twse,17.59,17.76,17.56,17.71,3007414,53170870,0.14,,,473,
2019-01-25,00636,國泰中國A50,twse,17.76,18.04,17.75,18.03,6655657,119294342,0.32,,,2081,
2019-01-28,00636,國泰中國A50,twse,18.10,18.28,18.03,18.12,7847394,142696054,0.09,,,1599,
2019-01-29,00636,國泰中國A50,twse,17.99,18.12,17.89,18.12,6899980,124302357,0.0,,,1190,
2019-01-30,00636,國泰中國A50,twse,18.13,18.28,18.08,18.23,8454938,153783164,0.11,,,1080,
2019-02-11,00636,國泰中國A50,twse,18.26,18.62,18.26,18.59,8639627,159957185,0.36,,,1604,
2019-02-12,00636,國泰中國A50,twse,18.70,18.72,18.55,18.64,4766230,88924887,0.05,,,987,
2019-02-13,00636,國泰中國A50,twse,18.72,18.85,18.69,18.84,8757528,164533074,0.2,,,1428,
2019-02-14,00636,國泰中國A50,twse,18.93,19.07,18.93,19.01,7148671,135856509,0.17,,,1377,
2019-02-15,00636,國泰中國A50,twse,18.99,18.99,18.66,18.66,6866550,129259348,-0.35,,,1140,
2019-02-18,00636,國泰中國A50,twse,18.80,19.01,18.75,19.01,4933917,93441746,0.35,,,1048,
2019-02-19,00636,國泰中國A50,twse,19.01,19.25,18.95,18.96,22327999,426201533,-0.05,,,1966,
2019-02-20,00636,國泰中國A50,twse,19.06,19.27,19.06,19.12,18810037,360867274,0.16,,,2265,
2019-02-21,00636,國泰中國A50,twse,19.21,19.42,19.15,19.40,8986013,172968902,0.28,,,1700,
2019-02-22,00636,國泰中國A50,twse,19.20,19.20,18.97,19.06,4589774,87415617,-0.34,,,1224,
2019-02-25,00636,國泰中國A50,twse,19.40,20.23,19.40,20.17,22485659,447484208,1.11,,,4528,
2019-02-26,00636,國泰中國A50,twse,20.43,20.67,20.25,20.37,27481596,563281572,0.2,,,5151,
2019-02-27,00636,國泰中國A50,twse,20.28,20.57,20.20,20.57,17384589,353755320,0.2,,,3099,
2019-03-04,00636,國泰中國A50,twse,20.80,21.60,20.80,21.40,24544188,520897301,0.83,,,6694,
2019-03-05,00636,國泰中國A50,twse,21.16,21.18,20.95,21.02,10445454,219911494,-0.38,,,2850,
2019-03-06,00636,國泰中國A50,twse,21.07,21.19,20.92,21.00,5716694,120184020,-0.02,,,1426,
2019-03-07,00636,國泰中國A50,twse,20.89,21.02,20.61,20.62,10682124,221927223,-0.38,,,2020,
2019-03-08,00636,國泰中國A50,twse,20.40,20.40,19.97,20.04,16045964,324105544,-0.58,,,3469,
2019-03-11,00636,國泰中國A50,twse,19.89,20.15,19.77,20.10,8277335,165255515,0.06,,,1653,
2019-03-12,00636,國泰中國A50,twse,20.34,20.49,20.32,20.42,7265956,148268230,0.32,,,2673,
2019-03-13,00636,國泰中國A50,twse,20.33,20.33,20.09,20.33,5493424,111053834,-0.09,,,1059,
2019-03-14,00636,國泰中國A50,twse,20.25,20.51,20.25,20.39,7108368,144987362,0.06,,,1035,
2019-03-15,00636,國泰中國A50,twse,20.36,20.72,20.35,20.54,7250055,149005539,0.15,,,1266,
2019-03-18,00636,國泰中國A50,twse,20.68,20.93,20.50,20.91,8038570,166994601,0.37,,,1541,
2019-03-19,00636,國泰中國A50,twse,21.00,21.12,20.88,20.94,8465504,177926131,0.03,,,1418,
2019-03-20,00636,國泰中國A50,twse,20.90,21.05,20.72,20.78,6823933,142114978,-0.16,,,3306,
2019-03-21,00636,國泰中國A50,twse,20.97,21.04,20.91,20.97,5157492,108216034,0.19,,,977,
2019-03-22,00636,國泰中國A50,twse,20.98,21.03,20.63,20.81,3388537,70455689,-0.16,,,834,
2019-03-25,00636,國泰中國A50,twse,20.45,20.56,20.31,20.41,3761663,76824889,-0.4,,,1006,
2019-03-26,00636,國泰中國A50,twse,20.41,20.41,20.24,20.24,3833330,77906708,-0.17,,,937,
2019-03-27,00636,國泰中國A50,twse,20.29,20.53,20.26,20.47,3919513,80119967,0.23,,,724,
2019-03-28,00636,國泰中國A50,twse,20.37,20.48,20.25,20.37,4089207,83292800,-0.1,,,575,
2019-03-29,00636,國泰中國A50,twse,20.40,21.08,20.39,21.04,10955320,229636009,0.67,,,2047,
2019-04-01,00636,國泰中國A50,twse,21.28,21.74,21.28,21.59,12770220,275447253,0.55,,,2396,
2019-04-02,00636,國泰中國A50,twse,21.67,21.70,21.50,21.59,4982644,107649596,0.0,,,1411,
2019-04-03,00636,國泰中國A50,twse,21.59,21.64,21.45,21.58,5388386,116291021,-0.01,,,1065,
2019-04-08,00636,國泰中國A50,twse,22.09,22.38,21.94,21.96,14920920,331185120,0.38,,,3265,
2019-04-09,00636,國泰中國A50,twse,22.05,22.31,22.05,22.23,10452916,232348021,0.27,,,2435,
2019-04-10,00636,國泰中國A50,twse,22.13,22.34,22.09,22.30,8699429,193314808,0.07,,,1858,
2019-04-11,00636,國泰中國A50,twse,22.33,22.51,21.90,22.02,8672532,192399420,-0.28,,,1981,
2019-04-12,00636,國泰中國A50,twse,22.00,22.00,21.77,21.86,4789166,104811075,-0.16,,,1091,
2019-04-15,00636,國泰中國A50,twse,22.15,22.56,22.15,22.35,13253313,297384634,0.49,,,2321,
2019-04-16,00636,國泰中國A50,twse,22.07,22.54,21.91,22.54,8618475,191887030,0.19,,,2191,
2019-04-17,00636,國泰中國A50,twse,22.72,22.80,22.54,22.72,8603898,195007415,0.18,,,2580,
2019-04-18,00636,國泰中國A50,twse,22.72,22.74,22.55,22.60,4427008,100195668,-0.12,,,1268,
2019-04-19,00636,國泰中國A50,twse,22.61,22.92,22.48,22.70,5210657,118194901,0.1,,,1293,
2019-04-22,00636,國泰中國A50,twse,22.95,22.97,22.30,22.42,11982061,271792148,-0.28,,,2511,
2019-04-23,00636,國泰中國A50,twse,22.31,22.49,22.25,22.48,5466574,122336302,0.06,,,1982,
2019-04-24,00636,國泰中國A50,twse,22.43,22.56,22.06,22.32,7457008,165842612,-0.16,,,1775,
2019-04-25,00636,國泰中國A50,twse,22.32,22.33,22.16,22.23,3696474,82222050,-0.09,,,1280,
2019-04-26,00636,國泰中國A50,twse,21.89,21.99,21.80,21.97,11092979,242775400,-0.26,,,1940,
2019-04-29,00636,國泰中國A50,twse,21.90,22.23,21.76,22.23,6445507,141981020,0.26,,,2094,
2019-04-30,00636,國泰中國A50,twse,22.16,22.19,21.94,22.06,3482488,76752370,-0.17,,,1341,
2019-05-02,00636,國泰中國A50,twse,22.08,22.13,22.01,22.04,1282898,28300046,-0.02,,,351,
2019-05-03,00636,國泰中國A50,twse,22.01,22.03,21.86,22.03,2898877,63648753,-0.01,,,859,
2019-05-06,00636,國泰中國A50,twse,21.26,21.48,20.68,20.74,16933336,354520775,-1.29,,,5218,
2019-05-07,00636,國泰中國A50,twse,21.04,21.16,20.85,20.88,4970448,104537181,0.14,,,1145,
2019-05-08,00636,國泰中國A50,twse,20.40,20.93,20.40,20.80,3214768,66597039,-0.08,,,845,
2019-05-09,00636,國泰中國A50,twse,20.55,20.56,20.05,20.28,5753745,116438049,-0.52,,,1582,
2019-05-10,00636,國泰中國A50,twse,20.28,20.75,20.10,20.50,8066930,164956329,0.22,,,1438,
2019-05-13,00636,國泰中國A50,twse,20.30,20.50,20.20,20.30,11272963,229632639,-0.2,,,3007,
2019-05-14,00636,國泰中國A50,twse,20.06,20.49,19.84,20.46,5939061,120193444,0.16,,,973,
2019-05-15,00636,國泰中國A50,twse,20.49,20.74,20.36,20.73,3781086,77801626,0.27,,,984,
2019-05-16,00636,國泰中國A50,twse,20.71,20.87,20.48,20.78,3582633,74227409,0.05,,,581,
2019-05-17,00636,國泰中國A50,twse,20.90,20.92,20.46,20.51,4629027,95623924,-0.27,,,651,
2019-05-20,00636,國泰中國A50,twse,20.49,20.57,20.19,20.23,2496795,50857559,-0.28,,,613,
2019-05-21,00636,國泰中國A50,twse,20.21,20.76,20.21,20.62,3146905,64626734,0.39,,,878,
2019-05-22,00636,國泰中國A50,twse,20.50,20.70,20.48,20.55,1240751,25546005,-0.07,,,268,
2019-05-23,00636,國泰中國A50,twse,20.46,20.47,20.16,20.31,3180725,64499838,-0.24,,,517,
2019-05-24,00636,國泰中國A50,twse,20.26,20.57,20.26,20.38,2300062,46832969,0.07,,,403,
2019-05-27,00636,國泰中國A50,twse,20.41,20.43,20.12,20.43,2757990,55872701,0.05,,,483,
2019-05-28,00636,國泰中國A50,twse,20.50,20.74,20.42,20.71,4102063,84570734,0.28,,,781,
2019-05-29,00636,國泰中國A50,twse,20.50,20.75,20.40,20.75,2492291,51346377,0.04,,,612,
2019-05-30,00636,國泰中國A50,twse,20.75,20.78,20.52,20.61,2177119,44896923,-0.14,,,453,
2019-05-31,00636,國泰中國A50,twse,20.63,20.85,20.56,20.69,1606534,33289446,0.08,,,501,
2019-06-03,00636,國泰中國A50,twse,20.56,20.85,20.51,20.64,2601983,53700389,-0.05,,,583,
2019-06-04,00636,國泰中國A50,twse,20.71,20.72,20.42,20.49,2934911,60228487,-0.15,,,850,
2019-06-05,00636,國泰中國A50,twse,20.66,20.72,20.51,20.61,1121149,23095769,0.12,,,339,
2019-06-06,00636,國泰中國A50,twse,20.55,20.55,20.35,20.40,2391477,48891901,-0.21,,,606,
2019-06-10,00636,國泰中國A50,twse,20.56,20.73,20.43,20.72,3004730,62062274,0.32,,,742,
2019-06-11,00636,國泰中國A50,twse,20.75,21.08,20.71,21.06,3445531,72240546,0.34,,,920,
2019-06-12,00636,國泰中國A50,twse,21.12,21.13,20.99,21.00,2409971,50705461,-0.06,,,735,
2019-06-13,00636,國泰中國A50,twse,20.99,21.08,20.81,21.02,2460798,51600293,0.02,,,448,
2019-06-14,00636,國泰中國A50,twse,21.05,21.18,21.03,21.05,1646764,34721397,0.03,,,440,
2019-06-17,00636,國泰中國A50,twse,20.97,21.15,20.88,21.03,1322724,27790741,-0.02,,,319,
2019-06-18,00636,國泰中國A50,twse,21.02,21.12,20.93,21.03,1088449,22887256,0.0,,,283,
2019-06-19,00636,國泰中國A50,twse,21.33,21.64,21.33,21.56,4718073,101584557,0.53,,,1647,
2019-06-20,00636,國泰中國A50,twse,21.58,22.05,21.44,21.85,6727082,146763302,0.29,,,2422,
2019-06-21,00636,國泰中國A50,twse,22.03,22.12,21.82,21.87,4406225,96869685,0.02,,,1323,
2019-06-24,00636,國泰中國A50,twse,21.87,21.99,21.75,21.91,2732058,59793674,0.04,,,933,
2019-06-25,00636,國泰中國A50,twse,21.96,21.99,21.39,21.52,2927462,63218837,-0.39,,,1013,
2019-06-26,00636,國泰中國A50,twse,21.65,21.70,21.52,21.61,2835229,61224810,0.09,,,1281,
2019-06-27,00636,國泰中國A50,twse,21.61,21.94,21.61,21.85,2462179,53803779,0.24,,,525,
2019-06-28,00636,國泰中國A50,twse,21.84,21.86,21.71,21.80,1922184,41863926,-0.05,,,408,
2019-07-01,00636,國泰中國A50,twse,22.42,22.60,22.32,22.50,9150415,205746874,0.7,,,2837,
2019-07-02,00636,國泰中國A50,twse,22.50,22.57,22.40,22.43,3745205,84066884,-0.07,,,1180,
2019-07-03,00636,國泰中國A50,twse,22.43,22.43,22.29,22.38,3484573,77970856,-0.05,,,726,
2019-07-04,00636,國泰中國A50,twse,22.38,22.41,22.24,22.30,2099814,46829351,-0.08,,,524,
2019-07-05,00636,國泰中國A50,twse,22.30,22.36,22.17,22.36,1913887,42634557,0.06,,,439,
2019-07-08,00636,國泰中國A50,twse,22.30,22.30,21.81,21.98,3742898,82366811,-0.38,,,1268,
2019-07-09,00636,國泰中國A50,twse,21.96,21.99,21.81,21.86,1838222,40241151,-0.12,,,432,
2019-07-10,00636,國泰中國A50,twse,21.91,22.00,21.82,21.90,2467958,54042854,0.04,,,477,
2019-07-11,00636,國泰中國A50,twse,21.95,22.16,21.92,21.96,1959536,43143725,0.06,,,526,
2019-07-12,00636,國泰中國A50,twse,21.96,22.12,21.84,22.09,1844778,40615769,0.13,,,445,
2019-07-15,00636,國泰中國A50,twse,22.07,22.15,21.66,22.03,1882327,41236871,-0.06,,,516,
2019-07-16,00636,國泰中國A50,twse,22.06,22.06,21.86,21.88,1293648,28380578,-0.15,,,406,
2019-07-17,00636,國泰中國A50,twse,21.75,21.88,21.71,21.84,1612406,35156431,-0.04,,,551,
2019-07-18,00636,國泰中國A50,twse,21.73,21.79,21.69,21.72,1505135,32721006,-0.12,,,327,
2019-07-19,00636,國泰中國A50,twse,21.75,22.05,21.75,21.90,1802627,39558259,0.18,,,514,
2019-07-22,00636,國泰中國A50,twse,21.90,22.05,21.85,21.98,2151427,47249126,0.08,,,686,
2019-07-23,00636,國泰中國A50,twse,21.97,21.97,21.83,21.87,1622907,35499346,-0.11,,,624,
2019-07-24,00636,國泰中國A50,twse,21.92,22.13,21.92,22.03,15209391,335638250,0.16,,,1055,
2019-07-25,00636,國泰中國A50,twse,22.05,22.22,22.03,22.16,2483356,54974436,0.13,,,546,
2019-07-26,00636,國泰中國A50,twse,22.22,22.28,22.12,22.23,1881150,41798725,0.07,,,502,
2019-07-29,00636,國泰中國A50,twse,22.23,22.29,22.19,22.20,1829659,40663310,-0.03,,,623,
2019-07-30,00636,國泰中國A50,twse,22.16,22.44,22.16,22.35,2849476,63682717,0.15,,,785,
2019-07-31,00636,國泰中國A50,twse,22.29,22.29,22.07,22.11,1257597,27847956,-0.24,,,464,
2019-08-01,00636,國泰中國A50,twse,22.00,22.09,21.82,21.88,1372893,30110121,-0.23,,,566,
2019-08-02,00636,國泰中國A50,twse,21.30,21.55,21.25,21.49,6805852,145864271,-0.39,,,1003,
2019-08-05,00636,國泰中國A50,twse,21.33,21.43,21.17,21.19,3721192,79134036,-0.3,,,666,
2019-08-06,00636,國泰中國A50,twse,20.70,20.90,20.45,20.90,4715544,97362712,-0.29,,,1202,
2019-08-07,00636,國泰中國A50,twse,20.91,20.92,20.69,20.72,2700850,56123104,-0.18,,,526,
2019-08-08,00636,國泰中國A50,twse,20.70,20.95,20.70,20.93,2189520,45737878,0.21,,,490,
2019-08-12,00636,國泰中國A50,twse,20.72,21.01,20.70,20.94,1213923,25406898,0.01,,,454,
2019-08-13,00636,國泰中國A50,twse,20.91,21.09,20.86,20.94,2403769,50490491,0.0,,,365,
2019-08-14,00636,國泰中國A50,twse,21.25,21.32,21.13,21.13,979714,20807630,0.19,,,344,
2019-08-15,00636,國泰中國A50,twse,20.80,21.09,20.80,21.03,936351,19644084,-0.1,,,272,
2019-08-16,00636,國泰中國A50,twse,21.41,21.41,21.08,21.29,2178757,46229504,0.26,,,348,
2019-08-19,00636,國泰中國A50,twse,21.26,21.51,21.24,21.48,1166850,24961490,0.19,,,395,
2019-08-20,00636,國泰中國A50,twse,21.55,21.58,21.46,21.56,1447126,31145326,0.08,,,376,
2019-08-21,00636,國泰中國A50,twse,21.55,21.56,21.46,21.56,1569481,33788311,0.0,,,789,
2019-08-22,00636,國泰中國A50,twse,21.65,21.65,21.42,21.43,618839,13317468,-0.13,,,190,
2019-08-23,00636,國泰中國A50,twse,21.43,21.73,21.43,21.70,2762208,59756498,0.27,,,504,
2019-08-26,00636,國泰中國A50,twse,21.20,21.35,21.17,21.23,2203150,46780548,-0.47,,,461,
2019-08-27,00636,國泰中國A50,twse,21.34,21.57,21.34,21.43,1382974,29692219,0.2,,,359,
2019-08-28,00636,國泰中國A50,twse,21.46,21.46,21.22,21.28,1442910,30772472,-0.15,,,411,
2019-08-29,00636,國泰中國A50,twse,21.28,21.29,21.10,21.20,1580997,33493305,-0.08,,,362,
2019-08-30,00636,國泰中國A50,twse,21.40,21.45,21.29,21.33,1519196,32419990,0.13,,,315,
2019-09-02,00636,國泰中國A50,twse,21.30,21.51,21.28,21.50,1078049,23135896,0.17,,,297,
2019-09-03,00636,國泰中國A50,twse,21.50,21.50,21.41,21.42,708661,15201319,-0.08,,,261,
2019-09-04,00636,國泰中國A50,twse,21.42,21.62,21.42,21.52,1395926,30069347,0.1,,,290,
2019-09-05,00636,國泰中國A50,twse,21.66,22.11,21.66,22.01,5463538,119911516,0.49,,,1135,
2019-09-06,00636,國泰中國A50,twse,22.05,22.07,21.83,21.92,1347419,29551704,-0.09,,,410,
2019-09-09,00636,國泰中國A50,twse,22.06,22.20,22.02,22.06,1923480,42515604,0.14,,,648,
2019-09-10,00636,國泰中國A50,twse,22.06,22.13,21.92,21.94,1749855,38460523,-0.12,,,358,
2019-09-11,00636,國泰中國A50,twse,22.02,22.10,21.81,21.91,1637560,35936848,-0.03,,,549,
2019-09-12,00636,國泰中國A50,twse,22.00,22.00,21.92,21.97,1468316,32243183,0.06,,,474,
2019-09-16,00636,國泰中國A50,twse,22.17,22.17,21.93,21.94,1187163,26105841,-0.03,,,289,
2019-09-17,00636,國泰中國A50,twse,21.94,21.95,21.73,21.73,1316953,28717072,-0.21,,,351,
2019-09-18,00636,國泰中國A50,twse,21.63,21.81,21.63,21.73,2133092,46372712,0.0,,,592,
2019-09-19,00636,國泰中國A50,twse,21.73,21.85,21.65,21.65,1115980,24237922,-0.08,,,232,
2019-09-20,00636,國泰中國A50,twse,21.68,21.83,21.68,21.81,1420857,30959007,0.16,,,226,
2019-09-23,00636,國泰中國A50,twse,21.80,21.80,21.41,21.41,2374074,51028674,-0.4,,,693,
2019-09-24,00636,國泰中國A50,twse,21.45,21.66,21.45,21.62,1318651,28475469,0.21,,,405,
2019-09-25,00636,國泰中國A50,twse,21.61,21.61,21.50,21.56,1049581,22620904,-0.06,,,375,
2019-09-26,00636,國泰中國A50,twse,21.64,21.65,21.50,21.52,1777374,38325898,-0.04,,,404,
2019-09-27,00636,國泰中國A50,twse,21.55,21.55,21.39,21.44,1310127,28070800,-0.08,,,406,
2019-10-01,00636,國泰中國A50,twse,21.40,21.40,21.29,21.33,672108,14326336,-0.11,,,334,
2019-10-02,00636,國泰中國A50,twse,21.30,21.30,21.15,21.25,1083604,22973119,-0.08,,,535,
2019-10-03,00636,國泰中國A50,twse,21.22,21.22,21.03,21.07,1524693,32114745,-0.18,,,411,
2019-10-04,00636,國泰中國A50,twse,21.08,21.20,21.08,21.15,616447,13026653,0.08,,,182,
2019-10-07,00636,國泰中國A50,twse,21.23,21.23,21.03,21.06,1015155,21398470,-0.09,,,324,
2019-10-08,00636,國泰中國A50,twse,21.18,21.46,21.15,21.45,1681837,35986237,0.39,,,402,
2019-10-09,00636,國泰中國A50,twse,21.32,21.37,21.08,21.28,795908,16919849,-0.17,,,169,
2019-10-14,00636,國泰中國A50,twse,21.71,22.09,21.71,22.01,3975211,87289532,0.73,,,1245,
2019-10-15,00636,國泰中國A50,twse,22.00,22.00,21.90,21.90,1386777,30441856,-0.11,,,382,
2019-10-16,00636,國泰中國A50,twse,22.00,22.15,21.75,21.75,3375906,74092148,-0.15,,,1451,
2019-10-17,00636,國泰中國A50,twse,21.77,21.91,21.77,21.82,1051048,22980531,0.07,,,284,
2019-10-18,00636,國泰中國A50,twse,21.83,22.04,21.72,21.72,2283915,50031119,-0.1,,,357,
2019-10-21,00636,國泰中國A50,twse,21.58,21.73,21.50,21.65,1142128,24735862,-0.07,,,298,
2019-10-22,00636,國泰中國A50,twse,21.80,21.83,21.58,21.60,651562,14105425,-0.05,,,296,
2019-10-23,00636,國泰中國A50,twse,21.61,21.74,21.56,21.63,529074,11440566,0.03,,,194,
2019-10-24,00636,國泰中國A50,twse,21.66,21.74,21.56,21.56,715435,15485125,-0.07,,,189,
2019-10-25,00636,國泰中國A50,twse,21.65,21.65,21.44,21.57,1838973,39604354,0.01,,,443,
2019-10-28,00636,國泰中國A50,twse,21.76,21.79,21.63,21.76,997452,21681547,0.19,,,367,
2019-10-29,00636,國泰中國A50,twse,21.77,21.83,21.71,21.74,889025,19340456,-0.02,,,194,
2019-10-30,00636,國泰中國A50,twse,21.62,21.72,21.57,21.57,1052960,22759907,-0.17,,,324,
2019-10-31,00636,國泰中國A50,twse,21.55,21.68,21.55,21.60,788900,17056593,0.03,,,195,
2019-11-01,00636,國泰中國A50,twse,21.60,21.95,21.58,21.94,2297170,50138517,0.34,,,601,
2019-11-04,00636,國泰中國A50,twse,22.01,22.19,22.01,22.17,4233495,93718039,0.23,,,1020,
2019-11-05,00636,國泰中國A50,twse,22.17,22.51,22.14,22.43,5733986,128192440,0.26,,,1380,
2019-11-06,00636,國泰中國A50,twse,22.48,22.48,22.29,22.36,1974664,44125407,-0.07,,,481,
2019-11-07,00636,國泰中國A50,twse,22.30,22.38,22.16,22.22,1676170,37309540,-0.14,,,502,
2019-11-08,00636,國泰中國A50,twse,22.39,22.45,22.30,22.33,1861469,41671915,0.11,,,487,
2019-11-11,00636,國泰中國A50,twse,22.21,22.23,21.91,21.93,3208639,70564496,-0.4,,,661,
2019-11-12,00636,國泰中國A50,twse,21.93,21.99,21.72,21.83,2184787,47660530,-0.1,,,833,
2019-11-13,00636,國泰中國A50,twse,21.85,21.85,21.70,21.78,1232028,26804451,-0.05,,,285,
2019-11-14,00636,國泰中國A50,twse,21.78,21.86,21.75,21.84,812818,17724419,0.06,,,245,
2019-11-15,00636,國泰中國A50,twse,21.84,21.96,21.80,21.87,995432,21786352,0.03,,,298,
2019-11-18,00636,國泰中國A50,twse,21.87,21.94,21.77,21.94,1267887,27690548,0.07,,,520,
2019-11-19,00636,國泰中國A50,twse,21.89,22.05,21.86,21.99,1114858,24510368,0.05,,,391,
2019-11-20,00636,國泰中國A50,twse,21.92,22.00,21.76,21.77,2609130,56974894,-0.22,,,912,
2019-11-21,00636,國泰中國A50,twse,21.69,21.69,21.50,21.58,2421847,52215387,-0.19,,,739,
2019-11-22,00636,國泰中國A50,twse,21.58,21.72,21.43,21.50,1231054,26529059,-0.08,,,383,
2019-11-25,00636,國泰中國A50,twse,21.50,21.54,21.41,21.54,1060064,22761853,0.04,,,321,
2019-11-26,00636,國泰中國A50,twse,21.66,21.71,21.58,21.65,756371,16380988,0.11,,,265,
2019-11-27,00636,國泰中國A50,twse,21.66,21.66,21.53,21.62,672746,14536398,-0.03,,,207,
2019-11-28,00636,國泰中國A50,twse,21.58,21.63,21.49,21.49,1337803,28836301,-0.13,,,374,
2019-11-29,00636,國泰中國A50,twse,21.49,21.49,21.11,21.11,2624241,55875139,-0.38,,,912,
2019-12-02,00636,國泰中國A50,twse,21.15,21.32,21.15,21.23,889734,18908684,0.12,,,259,
2019-12-03,00636,國泰中國A50,twse,21.23,21.27,21.06,21.22,1039417,22016439,-0.01,,,231,
2019-12-04,00636,國泰中國A50,twse,21.19,21.22,21.05,21.17,904808,19126291,-0.05,,,175,
2019-12-05,00636,國泰中國A50,twse,21.20,21.36,21.20,21.27,1054914,22468137,0.1,,,231,
2019-12-06,00636,國泰中國A50,twse,21.43,21.47,21.37,21.39,1035513,22178488,0.12,,,232,
2019-12-09,00636,國泰中國A50,twse,21.45,21.55,21.40,21.42,1266370,27190291,0.03,,,268,
2019-12-10,00636,國泰中國A50,twse,21.42,21.46,21.36,21.43,519148,11128209,0.01,,,93,
2019-12-11,00636,國泰中國A50,twse,21.45,21.50,21.43,21.46,640909,13748283,0.03,,,204,
2019-12-12,00636,國泰中國A50,twse,21.52,21.58,21.37,21.41,846870,18182503,-0.05,,,220,
2019-12-13,00636,國泰中國A50,twse,21.59,21.81,21.59,21.77,2101696,45722411,0.36,,,658,
2019-12-16,00636,國泰中國A50,twse,21.96,21.96,21.72,21.74,1449744,31562585,-0.03,,,295,
2019-12-17,00636,國泰中國A50,twse,21.76,22.07,21.74,22.07,2909522,63798839,0.33,,,814,
2019-12-18,00636,國泰中國A50,twse,22.07,22.09,21.90,22.01,2361625,51945240,-0.06,,,910,
2019-12-19,00636,國泰中國A50,twse,22.00,22.06,21.90,21.90,1760915,38706618,-0.11,,,292,
2019-12-20,00636,國泰中國A50,twse,21.95,22.04,21.92,21.92,2383000,52348455,0.02,,,310,
2019-12-23,00636,國泰中國A50,twse,21.93,22.00,21.79,21.79,1218889,26664291,-0.13,,,392,
2019-12-24,00636,國泰中國A50,twse,21.78,21.78,21.59,21.70,1222562,26524864,-0.09,,,226,
2019-12-25,00636,國泰中國A50,twse,21.77,21.78,21.64,21.66,937559,20324409,-0.04,,,303,
2019-12-26,00636,國泰中國A50,twse,21.75,21.81,21.72,21.75,637706,13880001,0.09,,,190,
2019-12-27,00636,國泰中國A50,twse,21.80,22.04,21.80,21.96,2362332,51841701,0.21,,,606,
2019-12-30,00636,國泰中國A50,twse,21.95,22.18,21.82,22.15,2078616,45832496,0.19,,,678,
2019-12-31,00636,國泰中國A50,twse,22.12,22.17,22.00,22.03,5679599,125157393,-0.12,,,412,
2020-01-02,00636,國泰中國A50,twse,22.21,22.53,22.21,22.42,3697191,82865912,0.39,,,1138,
2020-01-03,00636,國泰中國A50,twse,22.50,22.62,22.32,22.32,2918602,65450545,-0.1,,,667,
2020-01-06,00636,國泰中國A50,twse,22.30,22.41,22.20,22.35,2135593,47658724,0.03,,,529,
2020-01-07,00636,國泰中國A50,twse,22.33,22.40,22.25,22.35,1515246,33849792,0.0,,,348,
2020-01-08,00636,國泰中國A50,twse,22.12,22.32,22.12,22.20,1721996,38254457,-0.15,,,336,
2020-01-09,00636,國泰中國A50,twse,22.31,22.47,22.31,22.38,1498906,33581524,0.18,,,347,
2020-01-10,00636,國泰中國A50,twse,22.46,22.49,22.36,22.38,1291855,28951507,0.0,,,273,
2020-01-13,00636,國泰中國A50,twse,22.45,22.65,22.40,22.58,3850014,86750240,0.2,,,1160,
2020-01-14,00636,國泰中國A50,twse,22.75,22.83,22.68,22.71,2153289,48988429,0.13,,,587,
2020-01-15,00636,國泰中國A50,twse,22.57,22.68,22.38,22.38,1494688,33607387,-0.33,,,590,
2020-01-16,00636,國泰中國A50,twse,22.50,22.52,22.36,22.40,1788342,40125146,0.02,,,277,
2020-01-17,00636,國泰中國A50,twse,22.40,22.57,22.40,22.43,2061747,46386857,0.03,,,296,
2020-01-20,00636,國泰中國A50,twse,22.43,22.61,22.43,22.57,1929647,43534191,0.14,,,459,
2020-01-30,00636,國泰中國A50,twse,20.01,20.35,19.75,19.90,7767797,155387553,-2.67,,,2438,
2020-01-31,00636,國泰中國A50,twse,19.90,20.20,19.89,20.00,3491710,69802698,0.1,,,1097,
2020-02-03,00636,國泰中國A50,twse,19.30,20.10,19.28,19.96,4490046,88618913,-0.04,,,1319,
2020-02-04,00636,國泰中國A50,twse,19.75,20.18,19.65,20.12,3500940,70207266,0.16,,,737,
2020-02-05,00636,國泰中國A50,twse,20.26,20.52,20.15,20.41,3670938,74862708,0.29,,,770,
2020-02-06,00636,國泰中國A50,twse,20.60,20.72,20.40,20.67,2575501,52897333,0.26,,,588,
2020-02-07,00636,國泰中國A50,twse,20.57,20.62,20.42,20.54,1465023,30106734,-0.13,,,356,
2020-02-10,00636,國泰中國A50,twse,20.20,20.68,20.19,20.56,2594837,53108021,0.02,,,515,
2020-02-11,00636,國泰中國A50,twse,20.52,21.01,20.52,20.93,2857759,59628116,0.37,,,649,
2020-02-12,00636,國泰中國A50,twse,20.93,20.99,20.88,20.96,1166333,24416836,0.03,,,410,
2020-02-13,00636,國泰中國A50,twse,21.00,21.07,20.85,20.85,1725188,36137958,-0.11,,,729,
2020-02-14,00636,國泰中國A50,twse,20.81,20.99,20.79,20.94,1207370,25265459,0.09,,,255,
2020-02-17,00636,國泰中國A50,twse,20.99,21.14,20.85,21.14,2486719,52414778,0.2,,,629,
2020-02-18,00636,國泰中國A50,twse,21.12,21.18,21.00,21.02,1681532,35493614,-0.12,,,468,
2020-02-19,00636,國泰中國A50,twse,21.02,21.26,21.02,21.22,1170017,24791625,0.2,,,390,
2020-02-20,00636,國泰中國A50,twse,21.16,21.38,21.16,21.38,1692364,36030914,0.16,,,417,
2020-02-21,00636,國泰中國A50,twse,21.37,21.65,21.36,21.56,4290212,92255952,0.18,,,722,
2020-02-24,00636,國泰中國A50,twse,21.36,21.42,21.21,21.34,2521465,53715227,-0.22,,,454,
2020-02-25,00636,國泰中國A50,twse,21.00,21.19,20.92,21.08,2634276,55467396,-0.26,,,565,
2020-02-26,00636,國泰中國A50,twse,20.99,21.26,20.85,21.20,2312609,48762643,0.12,,,444,
2020-02-27,00636,國泰中國A50,twse,21.10,21.20,21.03,21.08,1521201,32129753,-0.12,,,340,
2020-03-02,00636,國泰中國A50,twse,20.41,21.10,20.41,21.03,1332718,27847240,-0.05,,,386,
2020-03-03,00636,國泰中國A50,twse,21.20,21.30,21.11,21.11,1940294,41087448,0.08,,,329,
2020-03-04,00636,國泰中國A50,twse,21.08,21.27,21.07,21.20,3008882,63834504,0.09,,,312,
2020-03-05,00636,國泰中國A50,twse,21.20,21.86,21.20,21.80,4201978,90736024,0.6,,,719,
2020-03-06,00636,國泰中國A50,twse,21.80,21.80,21.50,21.56,1735434,37517368,-0.24,,,333,
2020-03-09,00636,國泰中國A50,twse,21.10,21.11,20.77,20.80,4368889,91376812,-0.76,,,671,
2020-03-10,00636,國泰中國A50,twse,20.50,21.29,20.50,21.27,1694543,35565898,0.47,,,490,
2020-03-11,00636,國泰中國A50,twse,21.29,21.46,21.06,21.06,1057025,22400166,-0.21,,,440,
2020-03-12,00636,國泰中國A50,twse,21.00,21.00,20.50,20.59,2703905,55850176,-0.47,,,950,
2020-03-13,00636,國泰中國A50,twse,19.80,20.55,19.45,20.32,5434034,107798319,-0.27,,,1000,
2020-03-16,00636,國泰中國A50,twse,20.38,20.38,19.82,19.86,1412750,28270432,-0.46,,,473,
2020-03-17,00636,國泰中國A50,twse,19.32,19.75,19.05,19.39,2329533,45140250,-0.47,,,621,
2020-03-18,00636,國泰中國A50,twse,19.39,19.61,19.31,19.31,1812020,35264078,-0.08,,,522,
2020-03-19,00636,國泰中國A50,twse,18.84,19.01,17.90,18.16,2941713,53776538,-1.15,,,820,
2020-03-20,00636,國泰中國A50,twse,18.60,18.91,18.54,18.66,4067415,76132134,0.5,,,631,
2020-03-23,00636,國泰中國A50,twse,18.42,18.55,18.02,18.30,1154892,21234709,-0.36,,,282,
2020-03-24,00636,國泰中國A50,twse,18.50,18.88,18.50,18.75,807030,15138015,0.45,,,415,
2020-03-25,00636,國泰中國A50,twse,19.00,19.44,19.00,19.30,1564653,30226682,0.55,,,432,
2020-03-26,00636,國泰中國A50,twse,19.90,19.90,19.15,19.42,1011252,19585803,0.12,,,296,
2020-03-27,00636,國泰中國A50,twse,19.60,19.70,19.42,19.43,1011577,19732507,0.01,,,310,
2020-03-30,00636,國泰中國A50,twse,19.07,19.19,19.02,19.18,3701355,70714483,-0.25,,,343,
2020-03-31,00636,國泰中國A50,twse,19.25,19.42,19.21,19.28,1300003,25117008,0.1,,,222,
2020-04-01,00636,國泰中國A50,twse,19.30,19.50,19.15,19.41,1199994,23268477,0.13,,,296,
2020-04-06,00636,國泰中國A50,twse,19.80,19.80,19.44,19.57,555370,10853606,0.16,,,197,
2020-04-07,00636,國泰中國A50,twse,19.87,19.89,19.66,19.72,1346037,26577275,0.15,,,299,
2020-04-08,00636,國泰中國A50,twse,19.72,19.72,19.55,19.67,1042309,20465488,-0.05,,,318,
2020-04-09,00636,國泰中國A50,twse,19.68,19.72,19.58,19.62,1330252,26140378,-0.05,,,483,
2020-04-10,00636,國泰中國A50,twse,19.63,19.88,19.62,19.66,1344138,26515855,0.04,,,269,
2020-04-13,00636,國泰中國A50,twse,19.64,19.67,19.55,19.57,854533,16737604,-0.09,,,240,
2020-04-14,00636,國泰中國A50,twse,19.57,19.81,19.57,19.80,1723090,34061478,0.23,,,303,
2020-04-15,00636,國泰中國A50,twse,19.85,19.93,19.77,19.87,2118528,42071346,0.07,,,833,
2020-04-16,00636,國泰中國A50,twse,19.89,19.89,19.55,19.73,965368,19004876,-0.14,,,379,
2020-04-17,00636,國泰中國A50,twse,19.82,20.03,19.82,20.00,1820447,36337150,0.27,,,391,
2020-04-20,00636,國泰中國A50,twse,19.91,19.97,19.85,19.96,682745,13591870,-0.04,,,219,
2020-04-21,00636,國泰中國A50,twse,19.98,19.98,19.58,19.62,1080046,21268008,-0.34,,,213,
2020-04-22,00636,國泰中國A50,twse,19.50,19.74,19.41,19.74,6161781,121054600,0.12,,,327,
2020-04-23,00636,國泰中國A50,twse,19.80,19.97,19.80,19.89,2338555,46394964,0.15,,,257,
2020-04-24,00636,國泰中國A50,twse,19.88,19.88,19.71,19.73,487301,9633758,-0.16,,,113,
2020-04-27,00636,國泰中國A50,twse,20.02,20.04,19.80,19.97,1848920,36929980,0.24,,,371,
2020-04-28,00636,國泰中國A50,twse,19.98,20.14,19.76,20.10,2534681,50712876,0.13,,,419,
2020-04-29,00636,國泰中國A50,twse,20.10,20.24,20.03,20.16,1162087,23421550,0.06,,,184,
2020-04-30,00636,國泰中國A50,twse,20.20,20.47,20.20,20.27,835244,16994432,0.11,,,276,
2020-05-04,00636,國泰中國A50,twse,19.70,19.75,19.10,19.41,2484761,48331754,-0.86,,,527,
2020-05-05,00636,國泰中國A50,twse,19.50,19.60,19.36,19.45,505934,9837531,0.04,,,174,
2020-05-06,00636,國泰中國A50,twse,19.70,20.09,19.64,20.07,1978858,39524590,0.62,,,386,
2020-05-07,00636,國泰中國A50,twse,20.07,20.22,20.06,20.15,1159480,23362298,0.08,,,255,
2020-05-08,00636,國泰中國A50,twse,20.22,20.48,20.22,20.48,1093188,22301940,0.33,,,298,
2020-05-11,00636,國泰中國A50,twse,20.49,20.64,20.39,20.40,1950377,40007085,-0.08,,,386,
2020-05-12,00636,國泰中國A50,twse,20.39,20.43,20.29,20.37,843652,17189194,-0.03,,,150,
2020-05-13,00636,國泰中國A50,twse,20.35,20.35,20.19,20.29,1830752,37045283,-0.08,,,260,
2020-05-14,00636,國泰中國A50,twse,20.17,20.24,20.14,20.16,907000,18316760,-0.13,,,197,
2020-05-15,00636,國泰中國A50,twse,20.16,20.36,20.01,20.15,941000,18927000,-0.01,,,266,
2020-05-18,00636,國泰中國A50,twse,20.30,20.30,20.00,20.23,726560,14647612,0.08,,,172,
2020-05-19,00636,國泰中國A50,twse,20.36,20.43,20.24,20.31,806145,16408250,0.08,,,242,
2020-05-20,00636,國泰中國A50,twse,20.33,20.41,20.26,20.40,2509726,51067764,0.09,,,838,
2020-05-21,00636,國泰中國A50,twse,20.40,20.42,20.30,20.34,528482,10759475,-0.06,,,185,
2020-05-22,00636,國泰中國A50,twse,20.32,20.32,19.80,19.80,899041,17950491,-0.54,,,378,
2020-05-25,00636,國泰中國A50,twse,19.81,19.93,19.60,19.80,1145509,22636786,0.0,,,217,
2020-05-26,00636,國泰中國A50,twse,20.02,20.02,19.90,19.95,835049,16650739,0.15,,,209,
2020-05-27,00636,國泰中國A50,twse,19.95,19.98,19.84,19.87,433301,8612734,-0.08,,,168,
2020-05-28,00636,國泰中國A50,twse,19.87,20.07,19.75,19.87,925479,18374257,0.0,,,267,
2020-05-29,00636,國泰中國A50,twse,19.85,19.97,19.74,19.88,488227,9707270,0.01,,,162,
2020-06-01,00636,國泰中國A50,twse,19.90,20.45,19.90,20.45,2132515,43205950,0.57,,,531,
2020-06-02,00636,國泰中國A50,twse,20.45,20.58,20.34,20.56,2053144,42070319,0.11,,,293,
2020-06-03,00636,國泰中國A50,twse,20.72,20.92,20.70,20.71,1421043,29518564,0.15,,,391,
2020-06-04,00636,國泰中國A50,twse,20.73,20.81,20.54,20.60,874057,18024988,-0.11,,,226,
2020-06-05,00636,國泰中國A50,twse,20.55,20.61,20.53,20.57,729770,15010275,-0.03,,,241,
2020-06-08,00636,國泰中國A50,twse,20.76,20.97,20.75,20.76,1685046,35131128,0.19,,,429,
2020-06-09,00636,國泰中國A50,twse,20.84,20.98,20.80,20.97,1485228,31075597,0.21,,,313,
2020-06-10,00636,國泰中國A50,twse,20.89,20.97,20.82,20.85,443899,9269105,-0.12,,,142,
2020-06-11,00636,國泰中國A50,twse,20.85,20.85,20.54,20.54,1371436,28318308,-0.31,,,324,
2020-06-12,00636,國泰中國A50,twse,20.06,20.51,20.05,20.50,2512375,51029997,-0.04,,,369,
2020-06-15,00636,國泰中國A50,twse,20.50,20.50,20.27,20.27,640262,13047492,-0.23,,,192,
2020-06-16,00636,國泰中國A50,twse,20.31,20.53,20.31,20.52,532110,10896398,0.25,,,212,
2020-06-17,00636,國泰中國A50,twse,20.54,20.54,20.36,20.42,1170763,23915516,-0.1,,,442,
2020-06-18,00636,國泰中國A50,twse,20.43,20.60,20.34,20.59,770516,15748731,0.17,,,157,
2020-06-19,00636,國泰中國A50,twse,20.60,20.81,20.60,20.76,1040927,21591672,0.17,,,176,
2020-06-22,00636,國泰中國A50,twse,20.71,20.88,20.63,20.79,1048737,21814876,0.03,,,194,
2020-06-23,00636,國泰中國A50,twse,20.88,20.88,20.56,20.78,950011,19711918,-0.01,,,187,
2020-06-24,00636,國泰中國A50,twse,20.76,21.00,20.76,20.89,1400000,29302538,0.11,,,256,
2020-06-29,00636,國泰中國A50,twse,20.80,20.95,20.66,20.71,742990,15429219,-0.18,,,227,
2020-06-30,00636,國泰中國A50,twse,20.80,20.94,20.79,20.94,1606405,33529799,0.23,,,211,
2020-07-01,00636,國泰中國A50,twse,20.94,21.53,20.92,21.35,5945394,126660048,0.41,,,733,
2020-07-02,00636,國泰中國A50,twse,21.38,21.83,21.37,21.80,5326253,115053182,0.45,,,868,
2020-07-03,00636,國泰中國A50,twse,21.90,22.32,21.90,22.18,4862113,107785138,0.38,,,937,
2020-07-06,00636,國泰中國A50,twse,22.35,23.61,22.35,23.49,11306927,262434040,1.31,,,2729,
2020-07-07,00636,國泰中國A50,twse,24.17,24.59,24.08,24.46,13829197,336589296,0.97,,,3294,
2020-07-08,00636,國泰中國A50,twse,24.25,24.43,24.04,24.15,8471599,205172209,-0.31,,,1256,
2020-07-09,00636,國泰中國A50,twse,24.50,24.66,24.32,24.62,5305711,130185462,0.47,,,1001,
2020-07-10,00636,國泰中國A50,twse,24.60,24.60,24.18,24.18,5866574,142768363,-0.44,,,776,
2020-07-13,00636,國泰中國A50,twse,24.18,24.49,24.00,24.47,2967177,71768022,0.29,,,777,
2020-07-14,00636,國泰中國A50,twse,24.37,24.44,24.00,24.01,2498770,60482002,-0.46,,,584,
2020-07-15,00636,國泰中國A50,twse,24.06,24.40,23.87,24.02,2869241,69047521,0.01,,,810,
2020-07-16,00636,國泰中國A50,twse,24.01,24.03,23.17,23.17,3436776,81057256,-0.85,,,916,
2020-07-17,00636,國泰中國A50,twse,23.10,23.35,22.89,22.96,3139106,72414577,-0.21,,,779,
2020-07-20,00636,國泰中國A50,twse,23.05,23.75,23.05,23.69,1691717,39593728,0.73,,,478,
2020-07-21,00636,國泰中國A50,twse,23.75,23.94,23.61,23.61,1260035,29905804,-0.08,,,373,
2020-07-22,00636,國泰中國A50,twse,23.63,24.18,23.63,23.95,4570892,109358054,0.34,,,639,
2020-07-23,00636,國泰中國A50,twse,23.70,23.81,23.20,23.47,1576637,37041432,-0.48,,,530,
2020-07-24,00636,國泰中國A50,twse,23.46,23.48,22.71,22.78,2593281,59364608,-0.69,,,823,
2020-07-27,00636,國泰中國A50,twse,22.55,22.94,22.52,22.62,1603031,36384906,-0.16,,,559,
2020-07-28,00636,國泰中國A50,twse,22.62,23.05,22.62,22.81,757821,17326159,0.19,,,292,
2020-07-29,00636,國泰中國A50,twse,22.79,23.25,22.79,23.15,786192,18130226,0.34,,,275,
2020-07-30,00636,國泰中國A50,twse,23.41,23.41,23.14,23.16,1733400,40308049,0.01,,,240,
2020-07-31,00636,國泰中國A50,twse,23.14,23.57,22.90,23.16,1116266,25967543,0.0,,,305,
2020-08-03,00636,國泰中國A50,twse,23.26,23.50,23.26,23.39,1382753,32345705,0.23,,,266,
2020-08-04,00636,國泰中國A50,twse,23.44,23.76,23.44,23.62,3311386,78247630,0.23,,,342,
2020-08-05,00636,國泰中國A50,twse,23.68,23.70,23.33,23.53,1058921,24941141,-0.09,,,399,
2020-08-06,00636,國泰中國A50,twse,23.68,23.70,23.25,23.34,1136947,26709356,-0.19,,,293,
2020-08-07,00636,國泰中國A50,twse,23.38,23.60,23.04,23.04,922055,21478291,-0.3,,,284,
2020-08-10,00636,國泰中國A50,twse,23.02,23.42,23.01,23.42,4196734,97962756,0.38,,,313,
2020-08-11,00636,國泰中國A50,twse,23.40,23.89,23.40,23.84,1531492,36368857,0.42,,,394,
2020-08-12,00636,國泰中國A50,twse,23.59,23.59,23.14,23.18,1368169,31815532,-0.66,,,385,
2020-08-13,00636,國泰中國A50,twse,23.35,23.55,23.30,23.40,1449833,33899190,0.22,,,187,
2020-08-14,00636,國泰中國A50,twse,23.32,23.55,23.30,23.55,878248,20558328,0.15,,,155,
2020-08-17,00636,國泰中國A50,twse,23.57,24.42,23.57,24.39,6330077,152609047,0.84,,,1174,
2020-08-18,00636,國泰中國A50,twse,24.40,24.40,24.11,24.20,4012859,97119932,-0.19,,,517,
2020-08-19,00636,國泰中國A50,twse,24.20,24.24,23.94,24.09,3365799,80921096,-0.11,,,434,
2020-08-20,00636,國泰中國A50,twse,23.91,23.91,23.49,23.59,1978903,46656922,-0.5,,,467,
2020-08-21,00636,國泰中國A50,twse,23.60,23.90,23.60,23.80,4038029,96224249,0.21,,,459,
2020-08-24,00636,國泰中國A50,twse,23.80,24.01,23.79,23.87,3055187,73089916,0.07,,,250,
2020-08-25,00636,國泰中國A50,twse,23.96,24.14,23.94,23.99,1251716,30105886,0.12,,,231,
2020-08-26,00636,國泰中國A50,twse,24.00,24.18,23.73,23.96,890122,21347321,-0.03,,,276,
2020-08-27,00636,國泰中國A50,twse,23.96,23.96,23.72,23.84,972146,23153899,-0.12,,,160,
2020-08-28,00636,國泰中國A50,twse,23.84,24.30,23.84,24.28,1851867,44836628,0.44,,,519,
2020-08-31,00636,國泰中國A50,twse,24.38,24.92,24.38,24.73,1980508,49096014,0.45,,,862,
2020-09-01,00636,國泰中國A50,twse,24.60,24.63,24.37,24.59,1000635,24556077,-0.14,,,486,
2020-09-02,00636,國泰中國A50,twse,24.66,24.72,24.35,24.61,714359,17550583,0.02,,,220,
2020-09-03,00636,國泰中國A50,twse,24.68,24.80,24.49,24.59,682714,16815254,-0.02,,,203,
2020-09-04,00636,國泰中國A50,twse,24.07,24.30,24.01,24.09,2703293,65093136,-0.5,,,319,
2020-09-07,00636,國泰中國A50,twse,24.15,24.48,24.09,24.20,708686,17165268,0.11,,,215,
2020-09-08,00636,國泰中國A50,twse,23.95,24.02,23.81,23.92,1489168,35612753,-0.28,,,284,
2020-09-09,00636,國泰中國A50,twse,23.71,23.83,23.43,23.69,3891875,92165054,-0.23,,,377,
2020-09-10,00636,國泰中國A50,twse,23.70,23.91,23.70,23.88,1117483,26637330,0.19,,,232,
2020-09-11,00636,國泰中國A50,twse,23.70,23.81,23.62,23.81,570487,13531486,-0.07,,,133,
2020-09-14,00636,國泰中國A50,twse,23.82,24.05,23.82,23.94,3972597,95243721,0.13,,,246,
2020-09-15,00636,國泰中國A50,twse,24.00,24.32,24.00,24.30,4731481,114698377,0.36,,,461,
2020-09-16,00636,國泰中國A50,twse,24.36,24.45,24.20,24.25,1092393,26582768,-0.05,,,223,
2020-09-17,00636,國泰中國A50,twse,24.22,24.22,23.84,23.88,375339,8998769,-0.37,,,169,
2020-09-18,00636,國泰中國A50,twse,24.00,24.35,23.97,24.33,4306179,103754737,0.45,,,308,
2020-09-21,00636,國泰中國A50,twse,24.40,24.49,24.14,24.15,779534,18914773,-0.18,,,188,
2020-09-22,00636,國泰中國A50,twse,23.92,24.08,23.86,24.02,4077408,97860288,-0.13,,,231,
2020-09-23,00636,國泰中國A50,twse,23.99,23.99,23.72,23.82,2578674,61360407,-0.2,,,251,
2020-09-24,00636,國泰中國A50,twse,23.60,23.72,23.45,23.57,3082646,72638302,-0.25,,,316,
2020-09-25,00636,國泰中國A50,twse,23.52,23.70,23.48,23.56,1803676,42567192,-0.01,,,360,
2020-09-28,00636,國泰中國A50,twse,23.56,23.79,23.52,23.62,3497772,82608479,0.06,,,269,
2020-09-29,00636,國泰中國A50,twse,23.70,23.75,23.52,23.52,1262600,29784257,-0.1,,,131,
2020-09-30,00636,國泰中國A50,twse,23.58,23.76,23.56,23.56,243291,5759586,0.04,,,86,
2020-10-05,00636,國泰中國A50,twse,23.68,23.87,23.61,23.65,1272098,30201853,0.09,,,145,
2020-10-06,00636,國泰中國A50,twse,23.71,23.89,23.68,23.86,766484,18258432,0.21,,,174,
2020-10-07,00636,國泰中國A50,twse,23.86,23.92,23.76,23.87,242926,5792424,0.01,,,80,
2020-10-08,00636,國泰中國A50,twse,23.92,23.95,23.85,23.91,281835,6735616,0.04,,,96,
2020-10-12,00636,國泰中國A50,twse,23.94,24.60,23.94,24.58,3407019,82821209,0.67,,,597,
2020-10-13,00636,國泰中國A50,twse,24.60,24.60,24.40,24.55,1407114,34453946,-0.03,,,252,
2020-10-14,00636,國泰中國A50,twse,24.55,24.65,24.52,24.52,472499,11606634,-0.03,,,181,
2020-10-15,00636,國泰中國A50,twse,24.53,24.90,24.53,24.79,1786416,44219780,0.27,,,372,
2020-10-16,00636,國泰中國A50,twse,24.79,25.00,24.66,24.81,1962553,48854512,0.02,,,369,
2020-10-19,00636,國泰中國A50,twse,24.94,25.32,24.86,24.86,1251365,31374543,0.05,,,457,
2020-10-20,00636,國泰中國A50,twse,24.70,24.86,24.66,24.84,3336081,82758938,-0.02,,,191,
2020-10-21,00636,國泰中國A50,twse,24.98,25.08,24.86,25.00,1870447,46759758,0.16,,,646,
2020-10-22,00636,國泰中國A50,twse,25.00,25.10,24.72,25.01,1159521,28918177,0.01,,,240,
2020-10-23,00636,國泰中國A50,twse,25.08,25.23,24.97,25.12,949664,23889667,0.11,,,271,
2020-10-26,00636,國泰中國A50,twse,25.15,25.15,24.42,24.59,1365861,33611840,-0.53,,,386,
2020-10-27,00636,國泰中國A50,twse,24.50,24.50,24.36,24.48,1036653,25311992,-0.11,,,294,
2020-10-28,00636,國泰中國A50,twse,24.39,24.48,24.27,24.46,1434201,34989879,-0.02,,,280,
2020-10-29,00636,國泰中國A50,twse,24.22,24.65,24.21,24.62,1118303,27382090,0.16,,,278,
2020-10-30,00636,國泰中國A50,twse,24.62,24.70,24.57,24.60,902347,22233816,-0.02,,,148,
2020-11-02,00636,國泰中國A50,twse,24.60,24.60,24.39,24.40,661701,16178829,-0.2,,,127,
2020-11-03,00636,國泰中國A50,twse,24.51,24.87,24.51,24.74,688573,17029377,0.34,,,189,
2020-11-04,00636,國泰中國A50,twse,24.83,24.95,24.60,24.94,974260,24172288,0.2,,,246,
2020-11-05,00636,國泰中國A50,twse,25.18,25.60,25.18,25.40,2261738,57465443,0.46,,,477,
2020-11-06,00636,國泰中國A50,twse,25.55,25.75,25.28,25.35,888047,22620133,-0.05,,,312,
2020-11-09,00636,國泰中國A50,twse,25.60,26.17,25.60,26.15,4201713,109174055,0.8,,,827,
2020-11-10,00636,國泰中國A50,twse,26.16,26.16,25.94,26.05,533849,13889122,-0.1,,,211,
2020-11-11,00636,國泰中國A50,twse,26.05,26.08,25.90,25.99,551740,14357133,-0.06,,,293,
2020-11-12,00636,國泰中國A50,twse,25.99,25.99,25.59,25.64,617997,15888088,-0.35,,,213,
2020-11-13,00636,國泰中國A50,twse,25.64,25.64,25.06,25.15,852594,21474351,-0.49,,,486,
2020-11-16,00636,國泰中國A50,twse,25.28,25.82,25.28,25.60,788173,20107864,0.45,,,224,
2020-11-17,00636,國泰中國A50,twse,25.62,25.79,25.62,25.71,664918,17105362,0.11,,,237,
2020-11-18,00636,國泰中國A50,twse,25.71,26.07,25.70,25.92,1704774,44261818,0.21,,,698,
2020-11-19,00636,國泰中國A50,twse,25.85,26.04,25.71,25.94,405302,10498454,0.02,,,147,
2020-11-20,00636,國泰中國A50,twse,25.91,26.02,25.89,25.92,347460,9018108,-0.02,,,223,
2020-11-23,00636,國泰中國A50,twse,26.00,26.50,26.00,26.48,1373247,36133383,0.56,,,521,
2020-11-24,00636,國泰中國A50,twse,26.48,26.48,26.19,26.20,940195,24674438,-0.28,,,459,
2020-11-25,00636,國泰中國A50,twse,26.30,26.39,26.07,26.09,823359,21590620,-0.11,,,218,
2020-11-26,00636,國泰中國A50,twse,25.91,26.12,25.91,26.12,510234,13272181,0.03,,,197,
2020-11-27,00636,國泰中國A50,twse,26.12,26.35,26.08,26.21,818410,21493079,0.09,,,179,
2020-11-30,00636,國泰中國A50,twse,26.48,27.07,26.48,26.66,1633324,43854937,0.45,,,554,
2020-12-01,00636,國泰中國A50,twse,26.43,26.88,26.31,26.74,676829,17993951,0.08,,,293,
2020-12-02,00636,國泰中國A50,twse,26.92,27.08,26.79,26.95,2221730,59803956,0.21,,,365,
2020-12-03,00636,國泰中國A50,twse,26.94,26.94,26.74,26.88,635248,17054016,-0.07,,,203,
2020-12-04,00636,國泰中國A50,twse,26.74,26.85,26.52,26.76,1621144,43152754,-0.12,,,362,
2020-12-07,00636,國泰中國A50,twse,26.76,26.84,26.48,26.65,809908,21546260,-0.11,,,300,
2020-12-08,00636,國泰中國A50,twse,26.58,26.71,26.46,26.52,720547,19127468,-0.13,,,221,
2020-12-09,00636,國泰中國A50,twse,26.53,26.60,26.38,26.38,551493,14626646,-0.14,,,175,
2020-12-10,00636,國泰中國A50,twse,26.30,26.30,26.09,26.20,378336,9907523,-0.18,,,179,
2020-12-11,00636,國泰中國A50,twse,26.20,26.20,25.78,25.84,927615,24097085,-0.36,,,292,
2020-12-14,00636,國泰中國A50,twse,25.88,26.14,25.88,26.10,791664,20632324,0.26,,,193,
2020-12-15,00636,國泰中國A50,twse,26.10,26.15,25.84,25.96,383407,9958197,-0.14,,,117,
2020-12-16,00636,國泰中國A50,twse,26.25,26.30,26.15,26.30,1304019,34244072,0.34,,,525,
2020-12-17,00636,國泰中國A50,twse,26.30,26.60,26.26,26.55,1636778,43248844,0.25,,,234,
2020-12-18,00636,國泰中國A50,twse,26.55,26.66,26.26,26.30,681643,18053338,-0.25,,,248,
2020-12-21,00636,國泰中國A50,twse,26.30,26.56,26.15,26.50,947123,25049859,0.2,,,332,
2020-12-22,00636,國泰中國A50,twse,26.50,26.59,26.43,26.43,593298,15738973,-0.07,,,163,
2020-12-23,00636,國泰中國A50,twse,26.18,26.61,26.18,26.43,1213397,32129099,0.0,,,395,
2020-12-24,00636,國泰中國A50,twse,26.44,26.53,26.34,26.38,543498,14369979,-0.05,,,118,
2020-12-25,00636,國泰中國A50,twse,26.47,26.54,26.32,26.52,362193,9588317,0.14,,,133,
2020-12-28,00636,國泰中國A50,twse,26.52,26.88,26.50,26.81,748958,19991084,0.29,,,291,
2020-12-29,00636,國泰中國A50,twse,26.88,26.91,26.67,26.70,897429,24005490,-0.11,,,225,
2020-12-30,00636,國泰中國A50,twse,26.70,27.01,26.70,26.99,968231,26101764,0.29,,,406,
2020-12-31,00636,國泰中國A50,twse,27.03,27.68,27.03,27.45,2492299,68446675,0.46,,,574,
2021-01-04,00636,國泰中國A50,twse,27.50,28.08,27.46,27.96,2459011,68444556,0.51,,,614,
2021-01-05,00636,國泰中國A50,twse,28.00,28.24,27.80,28.18,3326007,93450380,0.22,,,487,
2021-01-06,00636,國泰中國A50,twse,28.28,28.84,28.28,28.56,2509214,71572821,0.38,,,557,
2021-01-07,00636,國泰中國A50,twse,28.93,29.16,28.85,29.07,1948706,56575596,0.51,,,650,
2021-01-08,00636,國泰中國A50,twse,29.77,29.77,29.08,29.15,1928961,56690674,0.08,,,655,
2021-01-11,00636,國泰中國A50,twse,29.15,29.36,28.95,29.20,780380,22749081,0.05,,,316,
2021-01-12,00636,國泰中國A50,twse,28.97,29.26,28.79,29.26,1226338,35630699,0.06,,,332,
2021-01-13,00636,國泰中國A50,twse,29.75,30.00,29.64,29.69,1645345,49060400,0.43,,,519,
2021-01-14,00636,國泰中國A50,twse,29.68,29.68,29.08,29.11,2077391,60754765,-0.58,,,590,
2021-01-15,00636,國泰中國A50,twse,29.12,29.26,28.74,28.80,1681470,48726739,-0.31,,,443,
2021-01-18,00636,國泰中國A50,twse,28.90,29.17,28.78,29.11,800873,23208267,0.31,,,299,
2021-01-19,00636,國泰中國A50,twse,29.15,29.17,28.99,29.10,892085,25920748,-0.01,,,252,
2021-01-20,00636,國泰中國A50,twse,29.08,29.08,28.75,28.81,2123500,61222163,-0.29,,,697,
2021-01-21,00636,國泰中國A50,twse,28.88,29.44,28.88,29.35,1364337,39887252,0.54,,,507,
2021-01-22,00636,國泰中國A50,twse,29.35,29.35,29.00,29.19,889545,25944123,-0.16,,,324,
2021-01-25,00636,國泰中國A50,twse,29.12,29.70,29.12,29.70,1466830,43248399,0.51,,,357,
2021-01-26,00636,國泰中國A50,twse,29.71,29.71,29.22,29.35,1122529,33008318,-0.35,,,493,
2021-01-27,00636,國泰中國A50,twse,29.30,29.34,28.97,29.22,675209,19697371,-0.13,,,298,
2021-01-28,00636,國泰中國A50,twse,28.60,28.86,28.48,28.62,1985256,56776278,-0.6,,,475,
2021-01-29,00636,國泰中國A50,twse,28.70,28.90,28.58,28.58,1333407,38343918,-0.04,,,413,
2021-02-01,00636,國泰中國A50,twse,28.40,28.88,28.40,28.77,921754,26478165,0.19,,,194,
2021-02-02,00636,國泰中國A50,twse,28.98,29.13,28.85,29.13,756663,21967993,0.36,,,309,
2021-02-03,00636,國泰中國A50,twse,29.29,29.38,29.02,29.30,1010532,29541441,0.17,,,285,
2021-02-04,00636,國泰中國A50,twse,29.20,29.79,29.10,29.37,1348563,39856300,0.07,,,347,
2021-02-05,00636,國泰中國A50,twse,29.60,30.10,29.49,29.90,1638818,48999626,0.53,,,497,
2021-02-17,00636,國泰中國A50,twse,31.95,32.17,31.80,32.15,2957721,94732323,2.25,,,1254,
2021-02-18,00636,國泰中國A50,twse,32.17,32.35,31.17,31.52,2488498,78958985,-0.63,,,856,
2021-02-19,00636,國泰中國A50,twse,31.47,31.47,30.81,31.22,1276228,39648587,-0.3,,,415,
2021-02-22,00636,國泰中國A50,twse,31.31,31.55,30.34,30.56,2810159,86328418,-0.66,,,1103,
2021-02-23,00636,國泰中國A50,twse,30.15,30.41,30.00,30.40,929297,28089578,-0.16,,,423,
2021-02-24,00636,國泰中國A50,twse,30.40,30.40,29.22,29.35,4419003,131109852,-1.05,,,1282,
2021-02-25,00636,國泰中國A50,twse,29.80,29.80,29.35,29.58,1328056,39294332,0.23,,,404,
2021-02-26,00636,國泰中國A50,twse,29.60,29.60,28.62,28.78,2801713,80826470,-0.8,,,913,
2021-03-02,00636,國泰中國A50,twse,29.25,29.30,28.29,28.29,1604655,46134411,-0.49,,,678,
2021-03-03,00636,國泰中國A50,twse,28.30,28.95,28.30,28.88,875731,25140791,0.59,,,357,
2021-03-04,00636,國泰中國A50,twse,28.90,28.90,28.08,28.26,1630751,46257801,-0.62,,,602,
2021-03-05,00636,國泰中國A50,twse,28.10,28.25,27.60,27.88,1435687,40024893,-0.38,,,576,
2021-03-08,00636,國泰中國A50,twse,28.65,28.65,27.29,27.40,1999959,55322601,-0.48,,,816,
2021-03-09,00636,國泰中國A50,twse,27.19,27.42,26.63,27.25,2957255,80248084,-0.15,,,941,
2021-03-10,00636,國泰中國A50,twse,27.50,27.50,27.05,27.15,1503411,40941978,-0.1,,,500,
2021-03-11,00636,國泰中國A50,twse,27.28,27.83,27.15,27.68,1499795,41440584,0.53,,,457,
2021-03-12,00636,國泰中國A50,twse,27.98,28.00,27.62,27.80,1035593,28800990,0.12,,,390,
2021-03-15,00636,國泰中國A50,twse,27.74,27.80,27.31,27.34,1435227,39493422,-0.46,,,545,
2021-03-16,00636,國泰中國A50,twse,27.73,27.75,27.42,27.62,976120,26931611,0.28,,,388,
2021-03-17,00636,國泰中國A50,twse,27.80,27.95,27.43,27.72,3747170,104017505,0.1,,,1717,
2021-03-18,00636,國泰中國A50,twse,27.75,28.08,27.75,27.95,1438741,40197669,0.23,,,358,
2021-03-19,00636,國泰中國A50,twse,27.82,27.82,27.17,27.17,1811486,49602937,-0.78,,,808,
2021-03-22,00636,國泰中國A50,twse,27.20,27.52,27.11,27.30,1227164,33493096,0.13,,,343,
2021-03-23,00636,國泰中國A50,twse,27.50,27.51,26.96,27.10,1680202,45674468,-0.2,,,558,
2021-03-24,00636,國泰中國A50,twse,27.05,27.39,26.79,26.85,1131791,30531602,-0.25,,,526,
2021-03-25,00636,國泰中國A50,twse,26.85,27.04,26.57,26.81,783629,20951948,-0.04,,,353,
2021-03-26,00636,國泰中國A50,twse,27.15,27.40,26.86,27.38,1437752,39070512,0.57,,,501,
2021-03-29,00636,國泰中國A50,twse,27.50,27.60,27.19,27.45,1475763,40538682,0.07,,,373,
2021-03-30,00636,國泰中國A50,twse,27.44,27.62,27.18,27.45,929379,25515436,0.0,,,353,
2021-03-31,00636,國泰中國A50,twse,27.45,27.52,27.08,27.20,1616372,44063199,-0.25,,,565,
2021-04-01,00636,國泰中國A50,twse,27.34,27.59,27.34,27.45,1151927,31644374,0.25,,,350,
2021-04-06,00636,國泰中國A50,twse,28.00,28.00,27.58,27.67,2112509,58669141,0.22,,,560,
2021-04-07,00636,國泰中國A50,twse,27.61,27.70,27.23,27.36,3591965,98660727,-0.31,,,701,
2021-04-08,00636,國泰中國A50,twse,27.30,27.50,27.09,27.43,4561885,124748272,0.07,,,590,
2021-04-09,00636,國泰中國A50,twse,27.43,27.46,26.95,27.00,2273266,61530999,-0.43,,,792,
2021-04-12,00636,國泰中國A50,twse,27.00,27.01,26.56,26.70,1893767,50674061,-0.3,,,737,
2021-04-13,00636,國泰中國A50,twse,26.70,26.99,26.58,26.60,1324659,35546049,-0.1,,,450,
2021-04-14,00636,國泰中國A50,twse,26.71,26.84,26.56,26.69,1387437,37023422,0.09,,,355,
2021-04-15,00636,國泰中國A50,twse,26.84,26.84,26.18,26.30,4967215,130810207,-0.39,,,1084,
2021-04-16,00636,國泰中國A50,twse,26.44,26.58,26.28,26.36,3797729,100383237,0.06,,,575,
2021-04-19,00636,國泰中國A50,twse,26.56,26.97,26.30,26.87,1917486,51308038,0.51,,,566,
2021-04-20,00636,國泰中國A50,twse,26.87,27.21,26.76,27.15,3653790,98561793,0.28,,,485,
2021-04-21,00636,國泰中國A50,twse,27.14,27.20,26.81,27.18,2974445,80562946,0.03,,,942,
2021-04-22,00636,國泰中國A50,twse,27.16,27.30,26.96,27.05,2157064,58506907,-0.13,,,389,
2021-04-23,00636,國泰中國A50,twse,27.05,27.47,26.97,27.25,3019265,82645729,0.2,,,642,
2021-04-26,00636,國泰中國A50,twse,27.57,27.59,27.24,27.24,2377823,65163617,-0.01,,,494,
2021-04-27,00636,國泰中國A50,twse,27.00,27.16,26.75,26.85,2334123,62718791,-0.39,,,628,
2021-04-28,00636,國泰中國A50,twse,26.95,26.96,26.79,26.84,1939294,52128315,-0.01,,,296,
2021-04-29,00636,國泰中國A50,twse,26.85,27.39,26.85,27.31,3959156,107941415,0.47,,,492,
2021-05-03,00636,國泰中國A50,twse,27.30,27.30,26.82,26.82,1174854,31662416,-0.49,,,388,
2021-05-04,00636,國泰中國A50,twse,26.90,26.94,26.79,26.92,1668141,44840141,0.1,,,527,
2021-05-05,00636,國泰中國A50,twse,26.90,27.16,26.86,27.00,560631,15180291,0.08,,,256,
2021-05-06,00636,國泰中國A50,twse,27.00,27.38,26.78,26.90,1602051,43339977,-0.1,,,621,
2021-05-07,00636,國泰中國A50,twse,26.90,27.08,26.87,26.91,908236,24499360,0.01,,,236,
2021-05-10,00636,國泰中國A50,twse,26.80,26.80,26.25,26.28,2419993,64114040,-0.63,,,843,
2021-05-11,00636,國泰中國A50,twse,26.30,26.79,26.25,26.79,1470908,38954487,0.51,,,437,
2021-05-12,00636,國泰中國A50,twse,26.72,27.00,26.70,26.81,2339335,62805623,0.02,,,444,
2021-05-13,00636,國泰中國A50,twse,26.79,26.79,26.42,26.44,1285575,34162896,-0.37,,,403,
2021-05-14,00636,國泰中國A50,twse,26.59,27.17,26.51,27.11,1724979,46490723,0.67,,,467,
2021-05-17,00636,國泰中國A50,twse,27.01,27.87,27.01,27.80,3292642,91229240,0.69,,,1124,
2021-05-18,00636,國泰中國A50,twse,27.80,27.90,27.61,27.76,1356797,37699212,-0.04,,,501,
2021-05-19,00636,國泰中國A50,twse,27.80,27.80,27.51,27.57,1955510,54024721,-0.19,,,952,
2021-05-20,00636,國泰中國A50,twse,27.70,27.73,27.53,27.64,722098,19932694,0.07,,,218,
2021-05-21,00636,國泰中國A50,twse,27.80,27.90,27.30,27.54,2457755,67745198,-0.1,,,446,
2021-05-24,00636,國泰中國A50,twse,27.50,27.50,27.15,27.43,1702025,46472317,-0.11,,,400,
2021-05-25,00636,國泰中國A50,twse,27.54,28.51,27.54,28.50,3892574,109781231,1.07,,,1135,
2021-05-26,00636,國泰中國A50,twse,28.83,29.01,28.74,28.76,5641003,162737199,0.26,,,1284,
2021-05-27,00636,國泰中國A50,twse,28.80,29.27,28.63,28.82,3638244,104974184,0.06,,,766,
2021-05-28,00636,國泰中國A50,twse,28.82,29.10,28.78,29.00,3222565,93102350,0.18,,,532,
2021-05-31,00636,國泰中國A50,twse,29.00,29.00,28.43,28.50,2222993,63548836,-0.5,,,691,
2021-06-01,00636,國泰中國A50,twse,28.66,28.73,28.34,28.65,3392586,97005977,0.15,,,626,
2021-06-02,00636,國泰中國A50,twse,28.65,28.84,28.41,28.50,3892984,111009809,-0.15,,,618,
2021-06-03,00636,國泰中國A50,twse,28.61,28.63,28.45,28.55,1677164,47904146,0.05,,,310,
2021-06-04,00636,國泰中國A50,twse,28.40,28.87,28.19,28.82,2405650,68628535,0.27,,,565,
2021-06-07,00636,國泰中國A50,twse,28.79,28.79,28.27,28.40,1867438,52985067,-0.42,,,661,
2021-06-08,00636,國泰中國A50,twse,28.45,28.77,28.07,28.08,1930864,54830671,-0.32,,,556,
2021-06-09,00636,國泰中國A50,twse,28.16,28.40,28.11,28.26,1280724,36165014,0.18,,,241,
2021-06-10,00636,國泰中國A50,twse,28.34,28.76,28.29,28.70,1535683,44020659,0.44,,,504,
2021-06-11,00636,國泰中國A50,twse,28.65,28.79,28.16,28.23,1786259,50503050,-0.47,,,582,
2021-06-15,00636,國泰中國A50,twse,28.23,28.28,27.47,27.72,2784793,77209338,-0.51,,,910,
2021-06-16,00636,國泰中國A50,twse,27.61,27.69,27.40,27.40,2922648,80340542,-0.32,,,1369,
2021-06-17,00636,國泰中國A50,twse,27.27,27.52,27.16,27.32,1912960,52363668,-0.08,,,478,
2021-06-18,00636,國泰中國A50,twse,27.32,27.37,26.94,27.05,2126624,57559409,-0.27,,,897,
2021-06-21,00636,國泰中國A50,twse,26.90,27.14,26.75,26.79,2480411,66659240,-0.26,,,535,
2021-06-22,00636,國泰中國A50,twse,26.93,27.16,26.93,27.06,1057788,28587338,0.27,,,245,
2021-06-23,00636,國泰中國A50,twse,27.10,27.37,27.09,27.23,956353,26025883,0.17,,,395,
2021-06-24,00636,國泰中國A50,twse,27.19,27.24,27.10,27.22,1039682,28263554,-0.01,,,352,
2021-06-25,00636,國泰中國A50,twse,27.35,27.74,27.33,27.73,1747050,48187398,0.51,,,455,
2021-06-28,00636,國泰中國A50,twse,27.80,27.83,27.59,27.63,1190001,32935505,-0.1,,,334,
2021-06-29,00636,國泰中國A50,twse,27.67,27.71,27.31,27.44,1125585,30860361,-0.19,,,399,
2021-06-30,00636,國泰中國A50,twse,27.44,27.60,27.35,27.45,1690917,46393740,0.01,,,601,
2021-07-01,00636,國泰中國A50,twse,27.59,27.59,27.11,27.41,2481494,67647454,-0.04,,,449,
2021-07-02,00636,國泰中國A50,twse,27.48,27.48,26.83,26.86,2323464,62732318,-0.55,,,891,
2021-07-05,00636,國泰中國A50,twse,26.86,26.87,26.55,26.56,2632713,70228421,-0.3,,,957,
2021-07-06,00636,國泰中國A50,twse,26.73,26.75,26.49,26.72,1252760,33350455,0.16,,,475,
2021-07-07,00636,國泰中國A50,twse,26.58,26.97,26.58,26.83,1028600,27608426,0.11,,,336,
2021-07-08,00636,國泰中國A50,twse,26.97,27.01,26.53,26.55,1669631,44531643,-0.28,,,641,
2021-07-09,00636,國泰中國A50,twse,26.45,26.45,26.14,26.27,2181317,57325113,-0.28,,,865,
2021-07-12,00636,國泰中國A50,twse,26.62,26.76,26.32,26.56,1381827,36735878,0.29,,,405,
2021-07-13,00636,國泰中國A50,twse,26.73,26.80,26.55,26.55,737424,19677060,-0.01,,,263,
2021-07-14,00636,國泰中國A50,twse,26.55,26.64,26.17,26.34,1747350,45992469,-0.21,,,440,
2021-07-15,00636,國泰中國A50,twse,26.34,26.66,26.21,26.66,1453653,38478995,0.32,,,305,
2021-07-16,00636,國泰中國A50,twse,26.73,26.73,26.44,26.52,1384755,36804056,-0.14,,,311,
2021-07-19,00636,國泰中國A50,twse,26.34,26.44,26.07,26.36,1852753,48577028,-0.16,,,542,
2021-07-20,00636,國泰中國A50,twse,26.28,26.50,26.21,26.33,1243203,32814577,-0.03,,,657,
2021-07-21,00636,國泰中國A50,twse,26.40,26.64,26.33,26.36,1594321,42113920,0.03,,,872,
2021-07-22,00636,國泰中國A50,twse,26.55,26.62,26.39,26.44,784235,20788278,0.08,,,439,
2021-07-23,00636,國泰中國A50,twse,26.46,26.46,26.12,26.15,1602356,41981509,-0.29,,,515,
2021-07-26,00636,國泰中國A50,twse,26.12,26.13,24.80,24.80,5009734,126985263,-1.35,,,1861,
2021-07-27,00636,國泰中國A50,twse,24.79,24.94,24.48,24.50,4194883,103541048,-0.3,,,1429,
2021-07-28,00636,國泰中國A50,twse,24.10,24.10,23.54,23.96,4238193,101211161,-0.54,,,1319,
2021-07-29,00636,國泰中國A50,twse,24.34,24.66,24.18,24.29,2868429,69859655,0.33,,,627,
2021-07-30,00636,國泰中國A50,twse,24.26,24.26,23.72,23.74,3050615,73015809,-0.55,,,902,
2021-08-02,00636,國泰中國A50,twse,24.08,24.55,23.50,24.45,2545652,61506245,0.71,,,646,
2021-08-03,00636,國泰中國A50,twse,24.44,24.70,24.33,24.60,1825469,44763835,0.15,,,331,
2021-08-04,00636,國泰中國A50,twse,24.36,24.66,24.36,24.52,1777912,43593949,-0.08,,,367,
2021-08-05,00636,國泰中國A50,twse,24.47,24.67,24.19,24.44,1342439,32732203,-0.08,,,452,
2021-08-06,00636,國泰中國A50,twse,24.33,24.34,24.10,24.26,947282,22929067,-0.18,,,452,
2021-08-09,00636,國泰中國A50,twse,24.26,24.88,24.11,24.72,1276460,31391715,0.46,,,469,
2021-08-10,00636,國泰中國A50,twse,24.63,24.66,24.36,24.66,1398385,34301775,-0.06,,,267,
2021-08-11,00636,國泰中國A50,twse,24.95,25.26,24.94,24.99,2326703,58352765,0.33,,,495,
2021-08-12,00636,國泰中國A50,twse,25.04,25.04,24.77,24.79,355634,8852167,-0.2,,,185,
2021-08-13,00636,國泰中國A50,twse,24.70,24.93,24.56,24.66,349997,8636083,-0.13,,,176,
2021-08-16,00636,國泰中國A50,twse,24.90,24.95,24.65,24.79,1106764,27498910,0.13,,,286,
2021-08-17,00636,國泰中國A50,twse,24.79,24.85,24.35,24.36,917189,22578252,-0.43,,,258,
2021-08-18,00636,國泰中國A50,twse,24.14,24.76,24.05,24.60,2002636,48975241,0.24,,,1340,
2021-08-19,00636,國泰中國A50,twse,24.36,24.44,23.97,24.09,1108164,26731808,-0.51,,,307,
2021-08-20,00636,國泰中國A50,twse,24.16,24.23,23.33,23.34,2118291,49967445,-0.75,,,737,
2021-08-23,00636,國泰中國A50,twse,23.51,23.85,23.47,23.71,1054854,24928569,0.37,,,379,
2021-08-24,00636,國泰中國A50,twse,23.89,24.09,23.80,24.07,1155959,27721339,0.36,,,306,
2021-08-25,00636,國泰中國A50,twse,24.15,24.30,23.99,24.09,787396,18975852,0.02,,,257,
2021-08-26,00636,國泰中國A50,twse,24.09,24.15,23.63,23.65,1156080,27447743,-0.44,,,470,
2021-08-27,00636,國泰中國A50,twse,23.64,23.95,23.51,23.69,1001766,23809852,0.04,,,280,
2021-08-30,00636,國泰中國A50,twse,23.80,23.80,23.25,23.44,1892074,44298427,-0.25,,,687,
2021-08-31,00636,國泰中國A50,twse,23.37,23.53,22.97,23.11,1974084,45670769,-0.33,,,720,
2021-09-01,00636,國泰中國A50,twse,23.23,24.02,23.08,23.78,3058181,72395993,0.67,,,618,
2021-09-02,00636,國泰中國A50,twse,23.84,23.99,23.66,23.74,1304253,31062569,-0.04,,,305,
2021-09-03,00636,國泰中國A50,twse,23.80,24.00,23.49,23.80,1688655,40218532,0.06,,,395,
2021-09-06,00636,國泰中國A50,twse,23.80,24.26,23.75,24.13,1775949,42847068,0.33,,,474,
2021-09-07,00636,國泰中國A50,twse,24.05,24.29,23.98,24.28,852442,20592045,0.15,,,247,
2021-09-08,00636,國泰中國A50,twse,24.36,24.45,24.15,24.21,1375338,33405761,-0.07,,,389,
2021-09-09,00636,國泰中國A50,twse,24.16,24.25,24.02,24.04,681320,16427580,-0.17,,,180,
2021-09-10,00636,國泰中國A50,twse,24.04,24.63,24.04,24.50,1882207,45985810,0.46,,,402,
2021-09-13,00636,國泰中國A50,twse,24.50,24.65,24.29,24.40,720014,17646579,-0.1,,,262,
2021-09-14,00636,國泰中國A50,twse,24.44,24.61,24.35,24.36,475193,11620893,-0.04,,,198,
2021-09-15,00636,國泰中國A50,twse,24.25,24.25,23.85,23.85,2026263,48596126,-0.51,,,1357,
2021-09-16,00636,國泰中國A50,twse,23.85,23.90,23.52,23.80,886685,21034270,-0.05,,,343,
2021-09-17,00636,國泰中國A50,twse,23.63,23.91,23.52,23.88,1178852,27955163,0.08,,,258,
2021-09-22,00636,國泰中國A50,twse,23.20,23.54,23.20,23.53,1544998,36077328,-0.35,,,466,
2021-09-23,00636,國泰中國A50,twse,23.56,23.75,23.47,23.47,692766,16339877,-0.06,,,239,
2021-09-24,00636,國泰中國A50,twse,23.47,23.90,23.43,23.71,1174938,27865309,0.24,,,241,
2021-09-27,00636,國泰中國A50,twse,23.70,24.38,23.59,24.13,1520604,36683951,0.42,,,453,
2021-09-28,00636,國泰中國A50,twse,24.13,24.45,24.07,24.33,991712,24128784,0.2,,,434,
2021-09-29,00636,國泰中國A50,twse,23.93,24.34,23.91,24.33,2295254,55579226,0.0,,,270,
2021-09-30,00636,國泰中國A50,twse,24.34,24.45,24.27,24.39,1061441,25881302,0.06,,,173,
2021-10-01,00636,國泰中國A50,twse,24.34,24.34,23.91,23.95,1663796,40121917,-0.44,,,227,
2021-10-04,00636,國泰中國A50,twse,24.20,24.20,23.84,24.00,688869,16527925,0.05,,,164,
2021-10-05,00636,國泰中國A50,twse,23.85,23.96,23.70,23.88,641122,15292942,-0.12,,,171,
2021-10-06,00636,國泰中國A50,twse,23.99,23.99,23.66,23.92,328848,7840820,0.04,,,163,
2021-10-07,00636,國泰中國A50,twse,23.92,24.43,23.92,24.38,1350768,32872035,0.46,,,236,
2021-10-08,00636,國泰中國A50,twse,24.47,25.20,24.47,25.14,2546548,63774043,0.76,,,671,
2021-10-12,00636,國泰中國A50,twse,25.19,25.54,25.18,25.37,2404993,61001237,0.23,,,583,
2021-10-13,00636,國泰中國A50,twse,25.37,25.67,25.26,25.65,1522083,38756209,0.28,,,386,
2021-10-14,00636,國泰中國A50,twse,25.66,25.81,25.39,25.48,1662234,42596783,-0.17,,,306,
2021-10-15,00636,國泰中國A50,twse,25.52,25.65,25.33,25.55,1236722,31518735,0.07,,,218,
2021-10-18,00636,國泰中國A50,twse,25.56,25.56,24.85,24.93,995038,24954087,-0.62,,,431,
2021-10-19,00636,國泰中國A50,twse,25.01,25.37,24.97,25.32,980925,24774541,0.39,,,213,
2021-10-20,00636,國泰中國A50,twse,25.50,25.58,25.17,25.23,2169735,54890205,-0.09,,,1169,
2021-10-21,00636,國泰中國A50,twse,25.32,25.65,25.32,25.46,1299711,33114218,0.23,,,298,
2021-10-22,00636,國泰中國A50,twse,25.50,25.96,25.50,25.87,2161310,55788590,0.41,,,445,
2021-10-25,00636,國泰中國A50,twse,25.87,25.88,25.68,25.80,691416,17831361,-0.07,,,299,
2021-10-26,00636,國泰中國A50,twse,25.85,26.04,25.64,25.79,842948,21776759,-0.01,,,321,
2021-10-27,00636,國泰中國A50,twse,25.66,25.66,25.25,25.28,1462576,37233392,-0.51,,,361,
2021-10-28,00636,國泰中國A50,twse,25.28,25.35,25.13,25.22,368111,9296585,-0.06,,,156,
2021-10-29,00636,國泰中國A50,twse,25.22,25.29,25.17,25.26,445469,11244901,0.04,,,113,
2021-11-01,00636,國泰中國A50,twse,25.26,25.28,24.81,25.20,576877,14443855,-0.06,,,226,
2021-11-02,00636,國泰中國A50,twse,25.20,25.26,24.64,24.64,1219108,30296165,-0.56,,,491,
2021-11-03,00636,國泰中國A50,twse,24.72,24.88,24.64,24.65,654378,16195670,0.01,,,175,
2021-11-04,00636,國泰中國A50,twse,24.67,24.94,24.60,24.94,469557,11644084,0.29,,,172,
2021-11-05,00636,國泰中國A50,twse,24.88,25.12,24.80,25.04,518890,12947800,0.1,,,162,
2021-11-08,00636,國泰中國A50,twse,24.96,25.01,24.76,25.00,422383,10509111,-0.04,,,203,
2021-11-09,00636,國泰中國A50,twse,25.00,25.00,24.61,24.67,768820,19014083,-0.33,,,319,
2021-11-10,00636,國泰中國A50,twse,24.67,24.68,24.08,24.23,1232964,29950820,-0.44,,,564,
2021-11-11,00636,國泰中國A50,twse,24.50,24.85,24.49,24.85,1209587,29870339,0.62,,,252,
2021-11-12,00636,國泰中國A50,twse,25.08,25.12,24.81,24.88,558552,13944146,0.03,,,219,
2021-11-15,00636,國泰中國A50,twse,24.94,25.02,24.75,24.86,504272,12540070,-0.02,,,157,
2021-11-16,00636,國泰中國A50,twse,25.00,25.11,24.85,24.89,1101796,27538097,0.03,,,296,
2021-11-17,00636,國泰中國A50,twse,24.89,25.00,24.80,24.89,2511266,62491152,0.0,,,1361,
2021-11-18,00636,國泰中國A50,twse,24.85,24.85,24.53,24.73,759810,18739018,-0.16,,,265,
2021-11-19,00636,國泰中國A50,twse,24.60,24.85,24.53,24.73,266478,6575152,0.0,,,109,
2021-11-22,00636,國泰中國A50,twse,24.85,25.10,24.85,24.97,825459,20679126,0.24,,,192,
2021-11-23,00636,國泰中國A50,twse,24.99,25.15,24.90,24.97,672871,16836760,0.0,,,193,
2021-11-24,00636,國泰中國A50,twse,24.85,25.03,24.85,25.03,245352,6129668,0.06,,,102,
2021-11-25,00636,國泰中國A50,twse,25.10,25.11,24.86,24.93,331310,8269316,-0.1,,,142,
2021-11-26,00636,國泰中國A50,twse,24.93,24.93,24.64,24.65,1009803,24971899,-0.28,,,274,
2021-11-29,00636,國泰中國A50,twse,24.65,24.79,24.51,24.55,389119,9594054,-0.1,,,142,
2021-11-30,00636,國泰中國A50,twse,24.61,24.78,24.47,24.47,674305,16591477,-0.08,,,176,
2021-12-01,00636,國泰中國A50,twse,24.40,24.61,24.39,24.49,640180,15691891,0.02,,,103,
2021-12-02,00636,國泰中國A50,twse,24.51,24.66,24.40,24.62,636223,15620652,0.13,,,98,
2021-12-03,00636,國泰中國A50,twse,24.63,24.77,24.56,24.72,394600,9727964,0.1,,,127,
2021-12-06,00636,國泰中國A50,twse,24.81,25.17,24.74,25.07,1531702,38377273,0.35,,,400,
2021-12-07,00636,國泰中國A50,twse,25.10,25.25,25.07,25.22,1543290,38827827,0.15,,,350,
2021-12-08,00636,國泰中國A50,twse,25.22,25.54,25.06,25.48,1462656,37133942,0.26,,,427,
2021-12-09,00636,國泰中國A50,twse,25.62,26.31,25.62,26.27,4646212,120440525,0.79,,,1111,
2021-12-10,00636,國泰中國A50,twse,26.10,26.10,25.83,25.98,2412262,62618671,-0.29,,,1417,
2021-12-13,00636,國泰中國A50,twse,26.00,26.59,26.00,26.23,3189778,83936287,0.25,,,1959,
2021-12-14,00636,國泰中國A50,twse,26.22,26.22,25.98,26.08,668670,17416667,-0.15,,,283,
2021-12-15,00636,國泰中國A50,twse,25.99,26.02,25.73,25.74,556798,14392050,-0.34,,,262,
2021-12-16,00636,國泰中國A50,twse,25.78,25.78,25.51,25.66,735409,18861460,-0.08,,,306,
2021-12-17,00636,國泰中國A50,twse,25.70,25.75,25.34,25.40,1313179,33448226,-0.26,,,287,
2021-12-20,00636,國泰中國A50,twse,25.31,25.40,25.11,25.26,2660881,67187765,-0.14,,,682,
2021-12-21,00636,國泰中國A50,twse,25.20,25.32,25.09,25.24,582607,14655288,-0.02,,,162,
2021-12-22,00636,國泰中國A50,twse,25.29,25.38,25.12,25.15,899699,22721149,-0.09,,,188,
2021-12-23,00636,國泰中國A50,twse,25.20,25.30,25.07,25.16,882536,22202805,0.01,,,447,
2021-12-24,00636,國泰中國A50,twse,25.42,25.53,25.20,25.31,435806,11054863,0.15,,,191,
2021-12-27,00636,國泰中國A50,twse,25.30,25.35,25.13,25.15,840090,21221035,-0.16,,,331,
2021-12-28,00636,國泰中國A50,twse,25.25,25.36,25.18,25.25,318101,8038523,0.1,,,131,
2021-12-29,00636,國泰中國A50,twse,25.34,25.36,24.80,24.81,1763121,44017655,-0.44,,,732,
2021-12-30,00636,國泰中國A50,twse,24.83,25.07,24.76,25.01,604134,15089771,0.2,,,322,
2022-01-03,00636,國泰中國A50,twse,25.06,25.16,24.85,24.92,937384,23410093,-0.09,,,237,
2022-01-04,00636,國泰中國A50,twse,24.96,25.07,24.50,24.81,2331243,57774080,-0.11,,,531,
2022-01-05,00636,國泰中國A50,twse,24.86,25.05,24.73,24.77,754434,18752224,-0.04,,,201,
2022-01-06,00636,國泰中國A50,twse,24.74,24.80,24.32,24.50,1063283,26060440,-0.27,,,526,
2022-01-07,00636,國泰中國A50,twse,24.50,24.67,24.41,24.62,758315,18601933,0.12,,,174,
2022-01-10,00636,國泰中國A50,twse,24.66,24.66,24.33,24.64,572076,14051811,0.02,,,187,
2022-01-11,00636,國泰中國A50,twse,24.60,24.68,24.48,24.50,294173,7227167,-0.14,,,149,
2022-01-12,00636,國泰中國A50,twse,24.50,24.68,24.50,24.66,400527,9866734,0.16,,,108,
2022-01-13,00636,國泰中國A50,twse,24.88,24.90,24.47,24.48,750428,18545679,-0.18,,,243,
2022-01-14,00636,國泰中國A50,twse,24.30,24.31,24.06,24.17,1364556,32979809,-0.31,,,422,
2022-01-17,00636,國泰中國A50,twse,24.09,24.17,23.98,24.09,2290694,55197527,-0.08,,,412,
2022-01-18,00636,國泰中國A50,twse,24.24,24.50,24.06,24.36,1199834,29148939,0.27,,,247,
2022-01-19,00636,國泰中國A50,twse,24.39,24.52,24.28,24.30,727634,17733253,-0.06,,,381,
2022-01-20,00636,國泰中國A50,twse,24.30,24.93,24.30,24.81,1253782,30950937,0.51,,,366,
2022-01-21,00636,國泰中國A50,twse,24.74,24.89,24.65,24.67,671802,16648771,-0.14,,,225,
2022-01-24,00636,國泰中國A50,twse,24.73,24.80,24.56,24.71,601151,14836743,0.04,,,193,
2022-01-25,00636,國泰中國A50,twse,24.60,24.60,24.32,24.40,669305,16390592,-0.31,,,207,
2022-01-26,00636,國泰中國A50,twse,24.25,24.50,24.16,24.21,827034,20094654,-0.19,,,320,
2022-02-07,00636,國泰中國A50,twse,24.24,24.25,23.94,24.13,1604475,38642108,-0.08,,,429,
2022-02-08,00636,國泰中國A50,twse,24.27,24.27,23.55,23.79,1661532,39489642,-0.34,,,935,
2022-02-09,00636,國泰中國A50,twse,23.85,24.30,23.85,24.30,709636,17088976,0.51,,,210,
2022-02-10,00636,國泰中國A50,twse,24.28,24.41,24.10,24.12,370897,8963262,-0.18,,,190,
2022-02-11,00636,國泰中國A50,twse,24.24,24.50,24.15,24.34,930457,22663205,0.22,,,235,
2022-02-14,00636,國泰中國A50,twse,24.20,24.20,23.96,24.06,604828,14572644,-0.28,,,217,
2022-02-15,00636,國泰中國A50,twse,24.06,24.16,23.97,24.05,192346,4626427,-0.01,,,112,
2022-02-16,00636,國泰中國A50,twse,24.10,24.40,24.10,24.30,513145,12491339,0.25,,,332,
2022-02-17,00636,國泰中國A50,twse,24.32,24.54,24.32,24.43,1304438,31923613,0.13,,,449,
2022-02-18,00636,國泰中國A50,twse,24.27,24.43,24.17,24.39,1019236,24725923,-0.04,,,272,
2022-02-21,00636,國泰中國A50,twse,24.39,24.45,24.23,24.31,375711,9126050,-0.08,,,141,
2022-02-22,00636,國泰中國A50,twse,24.18,24.18,23.74,23.90,1401256,33464466,-0.41,,,543,
2022-02-23,00636,國泰中國A50,twse,23.90,24.06,23.90,24.05,145312,3486365,0.15,,,96,
2022-02-24,00636,國泰中國A50,twse,24.04,24.04,23.64,23.76,1242146,29535883,-0.29,,,392,
2022-02-25,00636,國泰中國A50,twse,23.54,24.19,23.54,23.90,500998,12026935,0.14,,,164,
2022-03-01,00636,國泰中國A50,twse,23.90,24.27,23.90,24.18,611245,14789139,0.28,,,161,
2022-03-02,00636,國泰中國A50,twse,24.23,24.23,23.99,24.08,221757,5329367,-0.1,,,81,
2022-03-03,00636,國泰中國A50,twse,24.17,24.17,23.85,23.88,692411,16589559,-0.2,,,324,
2022-03-04,00636,國泰中國A50,twse,23.80,23.80,23.50,23.53,1318811,31075325,-0.35,,,544,
2022-03-07,00636,國泰中國A50,twse,23.53,23.53,22.90,22.97,2253721,51872551,-0.56,,,674,
2022-03-08,00636,國泰中國A50,twse,22.74,23.01,22.52,22.76,963045,21893514,-0.21,,,535,
2022-03-09,00636,國泰中國A50,twse,22.77,22.80,22.27,22.29,1508258,34003936,-0.47,,,626,
2022-03-10,00636,國泰中國A50,twse,22.65,22.94,22.65,22.77,1288200,29400571,0.48,,,382,
2022-03-11,00636,國泰中國A50,twse,22.60,22.60,22.01,22.14,2277960,50606685,-0.63,,,1168,
2022-03-14,00636,國泰中國A50,twse,22.53,22.54,22.08,22.21,1092752,24320220,0.07,,,338,
2022-03-15,00636,國泰中國A50,twse,21.71,21.82,21.22,21.28,3163340,67969957,-0.93,,,1156,
2022-03-16,00636,國泰中國A50,twse,21.31,21.55,20.85,21.55,3293427,69622971,0.27,,,1161,
2022-03-17,00636,國泰中國A50,twse,22.72,22.76,22.26,22.46,1750894,39470462,0.91,,,508,
2022-03-18,00636,國泰中國A50,twse,22.40,22.40,21.99,22.24,980246,21691425,-0.22,,,307,
2022-03-21,00636,國泰中國A50,twse,22.44,22.55,22.20,22.24,500918,11194504,0.0,,,195,
2022-03-22,00636,國泰中國A50,twse,22.27,22.48,22.27,22.41,516481,11566952,0.17,,,121,
2022-03-23,00636,國泰中國A50,twse,22.50,22.60,22.36,22.54,655005,14722311,0.13,,,210,
2022-03-24,00636,國泰中國A50,twse,22.54,22.54,22.30,22.47,838788,18814527,-0.07,,,595,
2022-03-25,00636,國泰中國A50,twse,22.47,22.59,22.20,22.25,693074,15539202,-0.22,,,202,
2022-03-28,00636,國泰中國A50,twse,22.01,22.20,21.66,22.10,1172629,25775161,-0.15,,,429,
2022-03-29,00636,國泰中國A50,twse,22.15,22.28,22.05,22.13,508159,11253457,0.03,,,175,
2022-03-30,00636,國泰中國A50,twse,22.13,22.45,22.06,22.45,707825,15762282,0.32,,,186,
2022-03-31,00636,國泰中國A50,twse,22.48,22.63,22.41,22.55,660274,14867608,0.1,,,143,
2022-04-01,00636,國泰中國A50,twse,22.54,23.11,22.46,23.00,978378,22381663,0.45,,,326,
2022-04-06,00636,國泰中國A50,twse,22.87,22.98,22.50,22.95,1033396,23568711,-0.05,,,306,
2022-04-07,00636,國泰中國A50,twse,22.88,23.02,22.72,22.77,899256,20546051,-0.18,,,279,
2022-04-08,00636,國泰中國A50,twse,22.87,23.09,22.80,23.07,687516,15764211,0.3,,,215,
2022-04-11,00636,國泰中國A50,twse,23.01,23.01,22.38,22.48,1089886,24647843,-0.59,,,925,
2022-04-12,00636,國泰中國A50,twse,22.40,22.97,22.40,22.93,1041742,23575239,0.45,,,1137,
2022-04-13,00636,國泰中國A50,twse,22.95,23.11,22.91,23.03,503434,11578484,0.1,,,918,
2022-04-14,00636,國泰中國A50,twse,23.00,23.28,22.96,23.18,571299,13213678,0.15,,,274,
2022-04-15,00636,國泰中國A50,twse,23.16,23.32,22.97,23.25,553839,12837599,0.07,,,231,
2022-04-18,00636,國泰中國A50,twse,23.00,23.05,22.79,22.93,1034170,23683331,-0.32,,,1059,
2022-04-19,00636,國泰中國A50,twse,22.93,23.20,22.92,22.98,230531,5303892,0.05,,,113,
2022-04-20,00636,國泰中國A50,twse,22.99,22.99,22.50,22.63,1949525,44332858,-0.35,,,1105,
2022-04-21,00636,國泰中國A50,twse,22.61,22.61,22.12,22.25,1178170,26343635,-0.38,,,848,
2022-04-22,00636,國泰中國A50,twse,21.96,22.27,21.85,22.21,1047965,23154026,-0.04,,,1202,
2022-04-25,00636,國泰中國A50,twse,21.91,21.91,21.45,21.60,1207580,26110892,-0.61,,,1198,
2022-04-26,00636,國泰中國A50,twse,21.23,21.58,21.01,21.42,1286260,27291959,-0.18,,,688,
2022-04-27,00636,國泰中國A50,twse,21.00,21.53,20.95,21.45,1109836,23622428,0.03,,,221,
2022-04-28,00636,國泰中國A50,twse,21.58,22.09,21.46,22.08,8513472,186635501,0.63,,,1306,
2022-04-29,00636,國泰中國A50,twse,21.96,22.19,21.52,22.07,1114864,24304765,-0.01,,,671,
2022-05-03,00636,國泰中國A50,twse,22.00,22.03,21.75,22.01,433358,9492653,-0.06,,,1019,
2022-05-04,00636,國泰中國A50,twse,22.02,22.02,21.81,21.92,1803774,39485848,-0.09,,,296,
2022-05-05,00636,國泰中國A50,twse,22.02,22.10,21.88,22.04,699102,15361576,0.12,,,1011,
2022-05-06,00636,國泰中國A50,twse,21.48,21.61,21.21,21.35,854246,18255768,-0.69,,,699,
2022-05-09,00636,國泰中國A50,twse,21.03,21.18,20.88,20.88,912954,19209826,-0.47,,,404,
2022-05-10,00636,國泰中國A50,twse,20.74,21.27,20.57,21.11,330635,6884512,0.23,,,634,
2022-05-11,00636,國泰中國A50,twse,20.97,21.51,20.89,21.51,333164,7097940,0.4,,,278,
2022-05-12,00636,國泰中國A50,twse,21.34,21.38,21.17,21.20,321555,6833364,-0.31,,,925,
2022-05-13,00636,國泰中國A50,twse,21.43,21.43,21.17,21.21,278753,5930428,0.01,,,692,
2022-05-16,00636,國泰中國A50,twse,21.49,21.49,21.08,21.16,594781,12631567,-0.05,,,1023,
2022-05-17,00636,國泰中國A50,twse,21.19,21.41,21.19,21.35,389008,8280542,0.19,,,106,
2022-05-18,00636,國泰中國A50,twse,21.41,21.48,21.11,21.34,2216423,47133512,-0.01,,,1526,
2022-05-19,00636,國泰中國A50,twse,21.10,21.24,21.00,21.16,232970,4923438,-0.18,,,855,
2022-05-20,00636,國泰中國A50,twse,21.42,21.78,21.41,21.76,537644,11639595,0.6,,,1076,
2022-05-23,00636,國泰中國A50,twse,22.00,22.01,21.58,21.68,416154,9062128,-0.08,,,982,
2022-05-24,00636,國泰中國A50,twse,21.68,21.72,21.40,21.43,382922,8227360,-0.25,,,790,
2022-05-25,00636,國泰中國A50,twse,21.39,21.39,21.23,21.26,333949,7110276,-0.17,,,963,
2022-05-26,00636,國泰中國A50,twse,21.26,21.36,20.95,21.09,758638,16006805,-0.17,,,336,
2022-05-27,00636,國泰中國A50,twse,21.15,21.37,21.10,21.10,346058,7345237,0.01,,,367,
2022-05-30,00636,國泰中國A50,twse,21.34,21.46,21.26,21.35,785671,16763916,0.25,,,743,
2022-05-31,00636,國泰中國A50,twse,21.29,21.59,21.23,21.59,354615,7607000,0.24,,,590,
2022-06-01,00636,國泰中國A50,twse,21.70,21.70,21.53,21.56,449126,9697180,-0.03,,,666,
2022-06-02,00636,國泰中國A50,twse,21.56,21.63,21.45,21.60,264527,5699403,0.04,,,689,
2022-06-06,00636,國泰中國A50,twse,21.90,22.05,21.60,22.02,846500,18535201,0.42,,,1147,
2022-06-07,00636,國泰中國A50,twse,22.02,22.43,22.02,22.31,927321,20683324,0.29,,,725,
2022-06-08,00636,國泰中國A50,twse,22.45,22.66,22.33,22.34,1603571,36031473,0.03,,,1216,
2022-06-09,00636,國泰中國A50,twse,22.59,22.69,22.45,22.50,1230905,27773517,0.16,,,1269,
2022-06-10,00636,國泰中國A50,twse,22.30,22.64,22.20,22.64,813633,18237426,0.14,,,723,
2022-06-13,00636,國泰中國A50,twse,22.50,22.63,22.25,22.26,1666136,37334436,-0.38,,,895,
2022-06-14,00636,國泰中國A50,twse,22.20,22.26,22.04,22.17,1448079,32066726,-0.09,,,1076,
2022-06-15,00636,國泰中國A50,twse,22.36,23.32,22.36,23.29,3231950,74370171,1.12,,,2454,
2022-06-16,00636,國泰中國A50,twse,23.27,23.27,22.99,23.00,1395820,32230104,-0.29,,,1206,
2022-06-17,00636,國泰中國A50,twse,22.70,23.21,22.68,23.21,1940275,44659896,0.21,,,1008,
2022-06-20,00636,國泰中國A50,twse,23.25,23.62,23.20,23.42,1161474,27203396,0.21,,,1070,
2022-06-21,00636,國泰中國A50,twse,23.43,23.62,23.28,23.44,2060064,48398977,0.02,,,1187,
2022-06-22,00636,國泰中國A50,twse,23.44,23.47,23.16,23.28,1222397,28472011,-0.16,,,1279,
2022-06-23,00636,國泰中國A50,twse,23.26,23.37,23.20,23.31,758039,17659755,0.03,,,988,
2022-06-24,00636,國泰中國A50,twse,23.49,23.73,23.47,23.65,2487027,58765562,0.34,,,1117,
2022-06-27,00636,國泰中國A50,twse,23.85,24.22,23.85,23.96,1669812,40227091,0.31,,,1539,
2022-06-28,00636,國泰中國A50,twse,24.08,24.12,23.90,24.10,623273,14973634,0.14,,,870,
2022-06-29,00636,國泰中國A50,twse,23.99,24.23,23.94,23.98,904247,21774595,-0.12,,,447,
2022-06-30,00636,國泰中國A50,twse,23.95,24.60,23.90,24.55,1908495,46506124,0.57,,,1646,
2022-07-01,00636,國泰中國A50,twse,24.57,24.60,24.25,24.27,876743,21370168,-0.28,,,891,
2022-07-04,00636,國泰中國A50,twse,24.38,24.49,24.15,24.49,802228,19558018,0.22,,,499,
2022-07-05,00636,國泰中國A50,twse,24.50,24.73,24.25,24.40,1051589,25785451,-0.09,,,464,
2022-07-06,00636,國泰中國A50,twse,24.40,24.52,24.01,24.03,900678,21783844,-0.37,,,1061,
2022-07-07,00636,國泰中國A50,twse,24.00,24.18,23.85,24.10,794323,19077658,0.07,,,904,
2022-07-08,00636,國泰中國A50,twse,24.19,24.30,24.10,24.14,756290,18264251,0.04,,,964,
2022-07-11,00636,國泰中國A50,twse,24.14,24.20,23.53,23.56,665714,15752859,-0.58,,,1304,
2022-07-12,00636,國泰中國A50,twse,23.43,23.72,23.25,23.44,987845,23203083,-0.12,,,1040,
2022-07-13,00636,國泰中國A50,twse,23.50,23.57,23.32,23.51,280538,6579823,0.07,,,670,
2022-07-14,00636,國泰中國A50,twse,23.33,23.53,23.18,23.38,447298,10475854,-0.13,,,445,
2022-07-15,00636,國泰中國A50,twse,23.37,23.70,23.21,23.33,491651,11504842,-0.05,,,754,
2022-07-18,00636,國泰中國A50,twse,23.26,23.47,22.91,23.35,1141671,26609501,0.02,,,431,
2022-07-19,00636,國泰中國A50,twse,23.34,23.35,23.01,23.06,498206,11519393,-0.29,,,634,
2022-07-20,00636,國泰中國A50,twse,23.35,23.35,23.16,23.17,1340636,31148888,0.11,,,1314,
2022-07-21,00636,國泰中國A50,twse,23.10,23.14,23.00,23.03,369095,8501629,-0.14,,,720,
2022-07-22,00636,國泰中國A50,twse,22.98,23.25,22.86,22.97,702019,16177767,-0.06,,,814,
2022-07-25,00636,國泰中國A50,twse,22.80,23.00,22.80,22.89,639950,14631034,-0.08,,,900,
2022-07-26,00636,國泰中國A50,twse,22.95,23.15,22.95,23.09,289169,6673639,0.2,,,894,
2022-07-27,00636,國泰中國A50,twse,23.10,23.10,22.82,22.84,376702,8615838,-0.25,,,405,
2022-07-28,00636,國泰中國A50,twse,22.90,23.15,22.88,22.96,501898,11537944,0.12,,,885,
2022-07-29,00636,國泰中國A50,twse,22.94,23.06,22.57,22.61,971813,22086076,-0.35,,,1232,
2022-08-01,00636,國泰中國A50,twse,22.61,22.73,22.41,22.62,586822,13232495,0.01,,,201,
2022-08-02,00636,國泰中國A50,twse,22.40,22.40,22.06,22.24,866975,19245441,-0.38,,,463,
2022-08-03,00636,國泰中國A50,twse,22.24,22.41,22.10,22.15,210020,4665721,-0.09,,,942,
2022-08-04,00636,國泰中國A50,twse,22.14,22.22,22.06,22.18,495212,10957268,0.03,,,492,
2022-08-05,00636,國泰中國A50,twse,22.39,22.39,22.20,22.24,424434,9467980,0.06,,,878,
2022-08-08,00636,國泰中國A50,twse,22.39,22.50,22.34,22.40,665250,14916102,0.16,,,431,
2022-08-09,00636,國泰中國A50,twse,22.39,22.47,22.34,22.41,244005,5469990,0.01,,,924,
2022-08-10,00636,國泰中國A50,twse,22.39,22.43,22.05,22.05,453441,10069816,-0.36,,,1123,
2022-08-11,00636,國泰中國A50,twse,22.22,22.47,22.16,22.47,194127,4338490,0.42,,,441,
2022-08-12,00636,國泰中國A50,twse,22.61,22.65,22.48,22.65,841581,18982565,0.18,,,795,
2022-08-15,00636,國泰中國A50,twse,22.65,22.80,22.52,22.60,425329,9609572,-0.05,,,287,
2022-08-16,00636,國泰中國A50,twse,22.57,22.65,22.43,22.43,368752,8308905,-0.17,,,1137,
2022-08-17,00636,國泰中國A50,twse,22.40,22.70,22.28,22.64,1235649,27862479,0.21,,,1629,
2022-08-18,00636,國泰中國A50,twse,22.59,22.60,22.33,22.39,440339,9883527,-0.25,,,1064,
2022-08-19,00636,國泰中國A50,twse,22.34,22.43,22.28,22.36,305381,6823242,-0.03,,,895,
2022-08-22,00636,國泰中國A50,twse,22.20,22.45,22.08,22.40,766433,17024822,0.04,,,503,
2022-08-23,00636,國泰中國A50,twse,22.29,22.34,22.08,22.20,257568,5725161,-0.2,,,692,
2022-08-24,00636,國泰中國A50,twse,22.25,22.36,22.10,22.14,143146,3171513,-0.06,,,198,
2022-08-25,00636,國泰中國A50,twse,22.14,22.14,21.95,22.08,551237,12136159,-0.06,,,1170,
2022-08-26,00636,國泰中國A50,twse,22.31,22.38,22.22,22.25,283440,6313544,0.17,,,734,
2022-08-29,00636,國泰中國A50,twse,22.05,22.19,21.90,21.95,1246637,27473213,-0.3,,,316,
2022-08-30,00636,國泰中國A50,twse,22.03,22.05,21.80,21.87,467967,10250170,-0.08,,,986,
2022-08-31,00636,國泰中國A50,twse,21.86,22.30,21.80,22.30,315627,6981989,0.43,,,185,
2022-09-01,00636,國泰中國A50,twse,22.08,22.15,22.05,22.11,339081,7492106,-0.19,,,227,
2022-09-02,00636,國泰中國A50,twse,22.02,22.09,21.86,21.86,790309,17334277,-0.25,,,237,
2022-09-05,00636,國泰中國A50,twse,21.86,21.91,21.56,21.66,881023,19076583,-0.2,,,917,
2022-09-06,00636,國泰中國A50,twse,21.66,21.85,21.66,21.77,471020,10241257,0.11,,,965,
2022-09-07,00636,國泰中國A50,twse,21.67,21.82,21.67,21.73,314256,6825975,-0.04,,,798,
2022-09-08,00636,國泰中國A50,twse,21.92,21.92,21.78,21.79,1725087,37600553,0.06,,,1164,
2022-09-12,00636,國泰中國A50,twse,22.10,22.15,21.88,21.92,434440,9544897,0.13,,,243,
2022-09-13,00636,國泰中國A50,twse,22.12,22.48,22.12,22.45,502957,11247307,0.53,,,380,
2022-09-14,00636,國泰中國A50,twse,22.21,22.35,22.05,22.05,939247,20868259,-0.4,,,1133,
2022-09-15,00636,國泰中國A50,twse,22.25,22.30,22.12,22.13,340153,7540135,0.08,,,1035,
2022-09-16,00636,國泰中國A50,twse,22.01,22.05,21.71,21.81,497775,10868297,-0.32,,,631,
2022-09-19,00636,國泰中國A50,twse,21.81,21.94,21.68,21.85,608048,13264338,0.04,,,912,
2022-09-20,00636,國泰中國A50,twse,21.85,21.94,21.78,21.81,210201,4587487,-0.04,,,969,
2022-09-21,00636,國泰中國A50,twse,21.69,21.72,21.50,21.62,2701595,58288887,-0.19,,,1644,
2022-09-22,00636,國泰中國A50,twse,21.47,21.53,21.26,21.35,759190,16201546,-0.27,,,155,
2022-09-23,00636,國泰中國A50,twse,21.35,21.54,21.29,21.51,226631,4850306,0.16,,,1040,
2022-09-26,00636,國泰中國A50,twse,21.27,21.68,21.27,21.54,616127,13255698,0.03,,,1111,
2022-09-27,00636,國泰中國A50,twse,21.52,21.52,21.26,21.50,761424,16294575,-0.04,,,833,
2022-09-28,00636,國泰中國A50,twse,21.50,21.50,21.27,21.30,315605,6752273,-0.2,,,568,
2022-09-29,00636,國泰中國A50,twse,21.40,21.57,21.35,21.38,267013,5727415,0.08,,,597,
2022-09-30,00636,國泰中國A50,twse,21.40,21.60,21.36,21.45,734346,15763952,0.07,,,1078,
2022-10-03,00636,國泰中國A50,twse,21.39,21.39,21.06,21.08,673657,14261279,-0.37,,,654,
2022-10-04,00636,國泰中國A50,twse,21.36,21.49,21.31,21.47,355390,7619107,0.39,,,280,
2022-10-05,00636,國泰中國A50,twse,21.67,22.18,21.67,22.12,877442,19226882,0.65,,,677,
2022-10-06,00636,國泰中國A50,twse,22.02,22.15,22.01,22.14,271386,5997046,0.02,,,430,
2022-10-07,00636,國泰中國A50,twse,21.93,22.00,21.81,21.84,110441,2421270,-0.3,,,305,
2022-10-11,00636,國泰中國A50,twse,21.02,21.04,20.77,20.80,1108867,23130569,-1.04,,,1160,
2022-10-12,00636,國泰中國A50,twse,20.98,20.98,20.42,20.51,484137,9974233,-0.29,,,635,
2022-10-13,00636,國泰中國A50,twse,20.84,20.84,20.58,20.68,188410,3898765,0.17,,,598,
2022-10-14,00636,國泰中國A50,twse,20.80,21.25,20.80,21.25,798028,16854882,0.57,,,501,
2022-10-17,00636,國泰中國A50,twse,21.00,21.11,20.89,21.03,624186,13115794,-0.22,,,1206,
2022-10-18,00636,國泰中國A50,twse,21.20,21.29,21.00,21.02,408788,8661956,-0.01,,,947,
2022-10-19,00636,國泰中國A50,twse,20.96,21.02,20.57,20.57,2233808,46090352,-0.45,,,1549,
2022-10-20,00636,國泰中國A50,twse,20.47,20.94,20.32,20.59,1222629,25170209,0.02,,,241,
2022-10-21,00636,國泰中國A50,twse,20.52,20.52,20.31,20.35,460280,9376340,-0.24,,,367,
2022-10-24,00636,國泰中國A50,twse,20.38,20.38,19.56,19.62,1691376,33451720,-0.73,,,1407,
2022-10-25,00636,國泰中國A50,twse,19.60,19.62,19.23,19.45,1029528,19983305,-0.17,,,317,
2022-10-26,00636,國泰中國A50,twse,19.45,19.64,19.37,19.40,2865642,55832490,-0.05,,,357,
2022-10-27,00636,國泰中國A50,twse,19.67,19.68,19.13,19.13,1075654,20913863,-0.27,,,1130,
2022-10-28,00636,國泰中國A50,twse,19.13,19.14,18.80,18.80,1211939,23036076,-0.33,,,546,
2022-10-31,00636,國泰中國A50,twse,18.76,18.76,18.44,18.52,719197,13374582,-0.28,,,558,
2022-11-01,00636,國泰中國A50,twse,18.44,18.91,18.42,18.74,649034,12152567,0.22,,,758,
2022-11-02,00636,國泰中國A50,twse,19.01,19.48,18.95,19.44,269807,5179165,0.7,,,456,
2022-11-03,00636,國泰中國A50,twse,19.10,19.28,18.97,19.04,289980,5537714,-0.4,,,572,
2022-11-04,00636,國泰中國A50,twse,19.03,19.99,19.03,19.92,605538,11884227,0.88,,,368,
2022-11-07,00636,國泰中國A50,twse,19.92,20.12,19.71,20.05,648927,12929274,0.13,,,306,
2022-11-08,00636,國泰中國A50,twse,20.00,20.00,19.67,19.70,761679,15077145,-0.35,,,1139,
2022-11-09,00636,國泰中國A50,twse,19.70,19.76,19.37,19.40,1444602,28221362,-0.3,,,429,
2022-11-10,00636,國泰中國A50,twse,19.29,19.29,19.11,19.18,225919,4333244,-0.22,,,630,
2022-11-11,00636,國泰中國A50,twse,19.82,19.86,19.60,19.69,1443534,28463725,0.51,,,741,
2022-11-14,00636,國泰中國A50,twse,20.02,20.61,20.02,20.13,946751,19257710,0.44,,,792,
2022-11-15,00636,國泰中國A50,twse,20.11,20.50,19.90,20.44,598031,12063087,0.31,,,323,
2022-11-16,00636,國泰中國A50,twse,20.45,20.45,20.25,20.30,838897,17063614,-0.14,,,725,
2022-11-17,00636,國泰中國A50,twse,20.06,20.15,19.73,19.82,486274,9658429,-0.48,,,338,
2022-11-18,00636,國泰中國A50,twse,19.87,20.10,19.81,20.02,426807,8512407,0.2,,,427,
2022-11-21,00636,國泰中國A50,twse,19.93,19.93,19.43,19.58,564062,11074235,-0.44,,,1157,
2022-11-22,00636,國泰中國A50,twse,19.58,19.92,19.58,19.82,233681,4615001,0.24,,,468,
2022-11-23,00636,國泰中國A50,twse,19.89,19.89,19.66,19.80,294651,5821031,-0.02,,,1088,
2022-11-24,00636,國泰中國A50,twse,19.80,19.84,19.54,19.56,589242,11583444,-0.24,,,940,
2022-11-25,00636,國泰中國A50,twse,19.62,19.62,19.38,19.53,473634,9225366,-0.03,,,769,
2022-11-28,00636,國泰中國A50,twse,19.45,19.45,18.83,19.11,883525,16805308,-0.42,,,983,
2022-11-29,00636,國泰中國A50,twse,19.31,20.09,19.31,20.00,1028078,20331406,0.89,,,870,
2022-11-30,00636,國泰中國A50,twse,20.07,20.20,19.98,20.09,411441,8267058,0.09,,,1092,
2022-12-01,00636,國泰中國A50,twse,20.50,20.90,20.33,20.59,1122399,23216728,0.5,,,719,
2022-12-02,00636,國泰中國A50,twse,20.59,20.59,20.34,20.34,381429,7797866,-0.25,,,626,
2022-12-05,00636,國泰中國A50,twse,20.79,21.06,20.62,20.95,1274915,26576253,0.61,,,802,
2022-12-06,00636,國泰中國A50,twse,20.95,21.39,20.91,21.22,1077733,22786900,0.27,,,754,
2022-12-07,00636,國泰中國A50,twse,21.22,21.50,21.20,21.49,845985,18049879,0.27,,,1232,
2022-12-08,00636,國泰中國A50,twse,21.29,21.40,21.23,21.33,484962,10345937,-0.16,,,1064,
2022-12-09,00636,國泰中國A50,twse,21.37,21.55,21.27,21.53,552008,11825821,0.2,,,951,
2022-12-12,00636,國泰中國A50,twse,21.53,21.58,21.35,21.36,515552,11069479,-0.17,,,665,
2022-12-13,00636,國泰中國A50,twse,21.30,21.42,21.25,21.30,232632,4960654,-0.06,,,1032,
2022-12-14,00636,國泰中國A50,twse,21.30,21.48,21.25,21.48,553084,11818427,0.18,,,154,
2022-12-15,00636,國泰中國A50,twse,21.47,21.53,21.22,21.36,216441,4623468,-0.12,,,969,
2022-12-16,00636,國泰中國A50,twse,21.39,21.60,21.37,21.48,425001,9115039,0.12,,,978,
2022-12-19,00636,國泰中國A50,twse,21.60,21.70,21.35,21.39,447786,9636145,-0.09,,,1050,
2022-12-20,00636,國泰中國A50,twse,21.30,21.30,20.78,20.78,510252,10690234,-0.61,,,366,
2022-12-21,00636,國泰中國A50,twse,20.78,21.04,20.78,20.96,591865,12395255,0.18,,,713,
2022-12-22,00636,國泰中國A50,twse,21.05,21.27,21.03,21.11,338381,7153108,0.15,,,971,
2022-12-23,00636,國泰中國A50,twse,21.11,21.15,20.84,21.02,414216,8689016,-0.09,,,679,
2022-12-26,00636,國泰中國A50,twse,21.07,21.14,20.91,21.11,146635,3089055,0.09,,,824,
2022-12-27,00636,國泰中國A50,twse,21.20,21.57,21.20,21.31,666370,14241255,0.2,,,1049,
2022-12-28,00636,國泰中國A50,twse,21.32,21.36,21.14,21.30,490074,10414559,-0.01,,,456,
2022-12-29,00636,國泰中國A50,twse,21.18,21.24,21.00,21.13,209014,4416888,-0.17,,,1022,
2022-12-30,00636,國泰中國A50,twse,21.23,21.41,21.23,21.38,859689,18357574,0.25,,,589,
2023-01-03,00636,國泰中國A50,twse,21.42,21.44,21.07,21.40,443193,9438898,0.02,,,693,
2023-01-04,00636,國泰中國A50,twse,21.49,21.52,21.29,21.41,437172,9363439,0.01,,,684,
2023-01-05,00636,國泰中國A50,twse,21.66,22.06,21.66,21.96,1221197,26708659,0.55,,,954,
2023-01-06,00636,國泰中國A50,twse,22.10,22.30,22.03,22.17,1178653,26115450,0.21,,,1073,
2023-01-09,00636,國泰中國A50,twse,22.40,22.48,22.21,22.44,1473392,32947881,0.27,,,393,
2023-01-10,00636,國泰中國A50,twse,22.47,22.53,22.38,22.45,1136770,25530289,0.01,,,323,
2023-01-11,00636,國泰中國A50,twse,22.54,22.61,22.38,22.58,744808,16773231,0.13,,,771,
2023-01-12,00636,國泰中國A50,twse,22.58,22.63,22.45,22.52,851697,19204821,-0.06,,,746,
2023-01-13,00636,國泰中國A50,twse,22.66,22.95,22.64,22.86,1904253,43545999,0.34,,,627,
2023-01-16,00636,國泰中國A50,twse,23.10,23.63,23.06,23.56,2329217,54592172,0.7,,,1589,
2023-01-17,00636,國泰中國A50,twse,23.50,23.58,23.17,23.43,3793979,88384495,-0.13,,,1700,
2023-01-30,00636,國泰中國A50,twse,23.43,23.90,23.43,23.46,2610731,61622285,0.03,,,1193,
2023-01-31,00636,國泰中國A50,twse,23.42,23.44,23.00,23.03,1527489,35541148,-0.43,,,1240,
2023-02-01,00636,國泰中國A50,twse,23.03,23.07,22.77,22.98,1212911,27792170,-0.05,,,837,
2023-02-02,00636,國泰中國A50,twse,23.17,23.17,22.78,22.96,1812653,41534587,-0.02,,,480,
2023-02-03,00636,國泰中國A50,twse,22.78,22.78,22.40,22.49,2764977,62188473,-0.47,,,1048,
2023-02-06,00636,國泰中國A50,twse,22.39,22.39,22.05,22.16,1997637,44260497,-0.33,,,788,
2023-02-07,00636,國泰中國A50,twse,22.20,22.42,22.20,22.30,921568,20596082,0.14,,,678,
2023-02-08,00636,國泰中國A50,twse,22.35,22.41,22.28,22.28,843306,18810688,-0.02,,,1078,
2023-02-09,00636,國泰中國A50,twse,22.24,22.58,22.13,22.51,1150967,25857429,0.23,,,795,
2023-02-10,00636,國泰中國A50,twse,22.51,22.51,22.30,22.39,2019926,45210811,-0.12,,,1361,
2023-02-13,00636,國泰中國A50,twse,22.39,22.66,22.26,22.66,1575732,35516789,0.27,,,955,
2023-02-14,00636,國泰中國A50,twse,22.70,22.75,22.50,22.56,3252188,73401295,-0.1,,,967,
2023-02-15,00636,國泰中國A50,twse,22.60,22.69,22.44,22.49,2354338,52967355,-0.07,,,1156,
2023-02-16,00636,國泰中國A50,twse,22.57,22.65,22.42,22.63,1178166,26556100,0.14,,,950,
2023-02-17,00636,國泰中國A50,twse,22.30,22.41,22.17,22.29,2079356,46388113,-0.34,,,1658,
2023-02-20,00636,國泰中國A50,twse,22.06,22.29,22.03,22.29,1670693,37004135,0.0,,,1249,
2023-02-21,00636,國泰中國A50,twse,22.44,22.56,22.40,22.46,1760934,39573714,0.17,,,661,
2023-02-22,00636,國泰中國A50,twse,22.44,22.47,22.32,22.36,1233420,27623789,-0.1,,,435,
2023-02-23,00636,國泰中國A50,twse,22.32,22.43,22.18,22.18,1821729,40554528,-0.18,,,817,
2023-02-24,00636,國泰中國A50,twse,22.16,22.16,21.81,21.90,2012622,44082185,-0.28,,,1352,
2023-03-01,00636,國泰中國A50,twse,21.79,22.32,21.79,22.27,1709885,37854739,0.37,,,1170,
2023-03-02,00636,國泰中國A50,twse,22.30,22.40,22.24,22.27,654617,14620616,0.0,,,851,
2023-03-03,00636,國泰中國A50,twse,22.41,22.41,22.17,22.28,1281929,28584132,0.01,,,1225,
2023-03-06,00636,國泰中國A50,twse,22.35,22.35,22.02,22.13,2568113,56838149,-0.15,,,1272,
2023-03-07,00636,國泰中國A50,twse,22.10,22.17,21.97,22.00,1741934,38412833,-0.13,,,654,
2023-03-08,00636,國泰中國A50,twse,21.78,21.78,21.57,21.59,3315852,71669223,-0.41,,,1568,
2023-03-09,00636,國泰中國A50,twse,21.60,21.72,21.44,21.55,1350633,29124797,-0.04,,,972,
2023-03-10,00636,國泰中國A50,twse,21.39,21.52,21.23,21.38,792551,16925366,-0.17,,,462,
2023-03-13,00636,國泰中國A50,twse,21.48,21.65,21.37,21.57,812460,17500469,0.19,,,715,
2023-03-14,00636,國泰中國A50,twse,21.57,21.58,21.28,21.39,783797,16768402,-0.18,,,1016,
2023-03-15,00636,國泰中國A50,twse,21.51,21.61,21.44,21.48,2420721,52054641,0.09,,,635,
2023-03-16,00636,國泰中國A50,twse,21.32,21.48,21.21,21.36,750555,16008462,-0.12,,,853,
2023-03-17,00636,國泰中國A50,twse,21.33,21.65,21.31,21.49,1396641,30038937,0.13,,,1135,
2023-03-20,00636,國泰中國A50,twse,21.31,21.37,21.12,21.15,1701472,36123323,-0.34,,,1025,
2023-03-21,00636,國泰中國A50,twse,21.24,21.46,21.22,21.46,1732924,36943126,0.31,,,1247,
2023-03-22,00636,國泰中國A50,twse,21.45,21.62,21.45,21.48,1733287,37289036,0.02,,,754,
2023-03-23,00636,國泰中國A50,twse,21.38,21.66,21.37,21.65,2709688,58394200,0.17,,,915,
2023-03-24,00636,國泰中國A50,twse,21.70,21.72,21.58,21.62,654697,14153064,-0.03,,,350,
2023-03-27,00636,國泰中國A50,twse,21.56,21.56,21.24,21.32,1586553,33837218,-0.3,,,659,
2023-03-28,00636,國泰中國A50,twse,21.30,21.39,21.29,21.37,1734781,37024700,0.05,,,1011,
2023-03-29,00636,國泰中國A50,twse,21.49,21.62,21.42,21.44,466988,10035858,0.07,,,1067,
2023-03-30,00636,國泰中國A50,twse,21.59,21.63,21.43,21.63,1216734,26182732,0.19,,,583,
2023-03-31,00636,國泰中國A50,twse,21.73,21.98,21.73,21.82,2889645,63272088,0.19,,,1023,
2023-04-06,00636,國泰中國A50,twse,21.75,21.75,21.53,21.59,1628530,35214304,-0.23,,,1101,
2023-04-07,00636,國泰中國A50,twse,21.68,21.80,21.59,21.69,1428252,31044071,0.1,,,792,
2023-04-10,00636,國泰中國A50,twse,21.74,21.77,21.48,21.71,896773,19394427,0.02,,,742,
2023-04-11,00636,國泰中國A50,twse,21.71,21.76,21.58,21.59,1046068,22628085,-0.12,,,1054,
2023-04-12,00636,國泰中國A50,twse,21.69,21.69,21.43,21.47,2074446,44604021,-0.12,,,1469,
2023-04-13,00636,國泰中國A50,twse,21.43,21.55,21.33,21.49,1086399,23321523,0.02,,,954,
2023-04-14,00636,國泰中國A50,twse,21.57,21.70,21.55,21.62,2051926,44361442,0.13,,,1118,
2023-04-17,00636,國泰中國A50,twse,21.60,21.83,21.48,21.83,1376574,29930359,0.21,,,1147,
2023-04-18,00636,國泰中國A50,twse,21.85,22.18,21.85,22.02,1558506,34347221,0.19,,,1196,
2023-04-19,00636,國泰中國A50,twse,22.14,22.14,21.88,21.91,2837280,62241977,-0.11,,,1295,
2023-04-20,00636,國泰中國A50,twse,21.92,21.92,21.70,21.70,1320053,28742373,-0.21,,,690,
2023-04-21,00636,國泰中國A50,twse,21.77,21.77,21.57,21.61,1213959,26322568,-0.09,,,522,
2023-04-24,00636,國泰中國A50,twse,21.48,21.48,21.22,21.26,896215,19108772,-0.35,,,1131,
2023-04-25,00636,國泰中國A50,twse,21.26,21.29,21.06,21.12,2536563,53668954,-0.14,,,1142,
2023-04-26,00636,國泰中國A50,twse,21.12,21.28,21.07,21.26,2417181,51238473,0.14,,,452,
2023-04-27,00636,國泰中國A50,twse,21.29,21.30,21.16,21.30,1384425,29425727,0.04,,,663,
2023-04-28,00636,國泰中國A50,twse,21.44,21.68,21.44,21.60,1093642,23643777,0.3,,,872,
2023-05-02,00636,國泰中國A50,twse,21.60,21.77,21.51,21.61,1098517,23724392,0.01,,,1246,
2023-05-03,00636,國泰中國A50,twse,21.57,21.58,21.40,21.50,3645309,78240070,-0.11,,,733,
2023-05-04,00636,國泰中國A50,twse,21.50,21.80,21.50,21.74,648894,14070894,0.24,,,782,
2023-05-05,00636,國泰中國A50,twse,21.80,21.80,21.57,21.68,1258151,27307475,-0.06,,,248,
2023-05-08,00636,國泰中國A50,twse,21.75,21.97,21.67,21.84,1668970,36426629,0.16,,,584,
2023-05-09,00636,國泰中國A50,twse,21.97,22.11,21.77,22.06,1141534,25120715,0.22,,,1215,
2023-05-10,00636,國泰中國A50,twse,21.93,21.93,21.62,21.68,552803,11979752,-0.38,,,637,
2023-05-11,00636,國泰中國A50,twse,21.59,21.68,21.53,21.56,407816,8797050,-0.12,,,177,
2023-05-12,00636,國泰中國A50,twse,21.67,21.67,21.37,21.40,1698693,36437393,-0.16,,,1260,
2023-05-15,00636,國泰中國A50,twse,21.29,21.45,21.23,21.45,1198461,25529096,0.05,,,962,
2023-05-16,00636,國泰中國A50,twse,21.62,21.66,21.50,21.56,1378750,29705016,0.11,,,1032,
2023-05-17,00636,國泰中國A50,twse,21.49,21.49,21.26,21.26,984029,20999312,-0.3,,,997,
2023-05-18,00636,國泰中國A50,twse,21.22,21.36,21.22,21.23,1339585,28501794,-0.03,,,881,
2023-05-19,00636,國泰中國A50,twse,21.08,21.10,20.82,20.99,1148281,24074094,-0.24,,,574,
2023-05-22,00636,國泰中國A50,twse,21.00,21.29,20.93,21.20,325382,6866774,0.21,,,288,
2023-05-23,00636,國泰中國A50,twse,21.23,21.23,20.95,20.96,509607,10705814,-0.24,,,852,
2023-05-24,00636,國泰中國A50,twse,20.88,20.88,20.63,20.71,1079185,22359330,-0.25,,,956,
2023-05-25,00636,國泰中國A50,twse,20.55,20.56,20.35,20.36,1747558,35745032,-0.35,,,726,
2023-05-26,00636,國泰中國A50,twse,20.38,20.39,20.17,20.39,962518,19527999,0.03,,,494,
2023-05-29,00636,國泰中國A50,twse,20.39,20.44,20.12,20.20,1382152,28011327,-0.19,,,447,
2023-05-30,00636,國泰中國A50,twse,20.16,20.24,19.86,19.88,1923405,38550814,-0.32,,,1622,
2023-05-31,00636,國泰中國A50,twse,19.98,20.00,19.72,19.75,1180311,23390210,-0.13,,,1462,
2023-06-01,00636,國泰中國A50,twse,19.75,20.08,19.73,19.94,1445829,28801458,0.19,,,686,
2023-06-02,00636,國泰中國A50,twse,19.94,20.22,19.94,20.16,823558,16571760,0.22,,,682,
2023-06-05,00636,國泰中國A50,twse,20.33,20.33,20.04,20.11,1792004,36068141,-0.05,,,1231,
2023-06-06,00636,國泰中國A50,twse,20.11,20.36,19.98,20.20,882358,17814524,0.09,,,924,
2023-06-07,00636,國泰中國A50,twse,20.18,20.18,19.93,20.00,2747367,54980200,-0.2,,,1130,
2023-06-08,00636,國泰中國A50,twse,19.95,20.04,19.84,20.04,716405,14272992,0.04,,,382,
2023-06-09,00636,國泰中國A50,twse,20.16,20.20,20.11,20.17,538239,10848206,0.13,,,252,
2023-06-12,00636,國泰中國A50,twse,20.17,20.27,20.04,20.25,923921,18591415,0.08,,,432,
2023-06-13,00636,國泰中國A50,twse,20.24,20.24,20.04,20.10,917560,18467133,-0.15,,,888,
2023-06-14,00636,國泰中國A50,twse,20.10,20.43,20.10,20.30,1120533,22790353,0.2,,,379,
2023-06-15,00636,國泰中國A50,twse,20.44,20.52,20.30,20.52,1036363,21113244,0.22,,,1005,
2023-06-16,00636,國泰中國A50,twse,20.63,20.79,20.63,20.78,913603,18939992,0.26,,,1275,
2023-06-19,00636,國泰中國A50,twse,20.82,20.85,20.50,20.58,699996,14472221,-0.2,,,361,
2023-06-20,00636,國泰中國A50,twse,20.55,20.58,20.41,20.45,574146,11765097,-0.13,,,896,
2023-06-21,00636,國泰中國A50,twse,20.37,20.50,20.32,20.33,997288,20328812,-0.12,,,725,
2023-06-26,00636,國泰中國A50,twse,20.12,20.15,19.86,19.91,2189120,43702546,-0.42,,,1385,
2023-06-27,00636,國泰中國A50,twse,19.88,20.07,19.80,20.01,1591381,31727665,0.1,,,1116,
2023-06-28,00636,國泰中國A50,twse,20.10,20.11,19.98,20.08,715484,14342349,0.07,,,627,
2023-06-29,00636,國泰中國A50,twse,20.05,20.14,19.90,19.94,837668,16726773,-0.14,,,648,
2023-06-30,00636,國泰中國A50,twse,19.73,20.10,19.71,20.10,1448817,28897102,0.16,,,574,
2023-07-03,00636,國泰中國A50,twse,20.10,20.43,20.01,20.37,1506805,30506625,0.27,,,644,
2023-07-04,00636,國泰中國A50,twse,20.33,20.41,20.30,20.38,436181,8884127,0.01,,,1038,
2023-07-05,00636,國泰中國A50,twse,20.49,20.49,20.21,20.25,276732,5617532,-0.13,,,638,
2023-07-06,00636,國泰中國A50,twse,20.25,20.35,20.02,20.12,698159,14036806,-0.13,,,968,
2023-07-07,00636,國泰中國A50,twse,20.11,20.15,20.00,20.13,387376,7782335,0.01,,,609,
2023-07-10,00636,國泰中國A50,twse,20.23,20.42,20.21,20.23,590468,11992343,0.1,,,701,
2023-07-11,00636,國泰中國A50,twse,20.27,20.46,20.27,20.39,414582,8456727,0.16,,,525,
2023-07-12,00636,國泰中國A50,twse,20.46,20.55,20.39,20.45,937298,19204906,0.06,,,315,
2023-07-13,00636,國泰中國A50,twse,20.50,20.75,20.46,20.72,845786,17475425,0.27,,,362,
2023-07-14,00636,國泰中國A50,twse,20.81,20.86,20.73,20.78,1449954,30159423,0.06,,,1233,
2023-07-17,00636,國泰中國A50,twse,20.77,20.77,20.46,20.51,939416,19280225,-0.27,,,899,
2023-07-18,00636,國泰中國A50,twse,20.51,20.52,20.38,20.44,744726,15230597,-0.07,,,948,
2023-07-19,00636,國泰中國A50,twse,20.38,20.42,20.21,20.25,1670219,33883311,-0.19,,,974,
2023-07-20,00636,國泰中國A50,twse,20.29,20.66,20.29,20.51,978599,20105054,0.26,,,758,
2023-07-21,00636,國泰中國A50,twse,20.43,20.71,20.39,20.56,498147,10243770,0.05,,,1103,
2023-07-24,00636,國泰中國A50,twse,20.55,20.58,20.39,20.48,369980,7569958,-0.08,,,936,
2023-07-25,00636,國泰中國A50,twse,20.75,21.26,20.75,21.20,3295746,69667179,0.72,,,1226,
2023-07-26,00636,國泰中國A50,twse,21.59,21.59,21.13,21.15,1881131,39998735,-0.05,,,1448,
2023-07-27,00636,國泰中國A50,twse,21.28,21.50,21.28,21.36,3303827,70664530,0.21,,,1637,
2023-07-28,00636,國泰中國A50,twse,21.16,21.88,21.11,21.85,1465114,31589479,0.49,,,1159,
2023-07-31,00636,國泰中國A50,twse,22.11,22.50,22.01,22.05,2713573,60247932,0.2,,,1133,
2023-08-01,00636,國泰中國A50,twse,22.08,22.20,21.94,21.94,1435074,31668200,-0.11,,,665,
2023-08-02,00636,國泰中國A50,twse,21.94,22.03,21.67,21.71,1044558,22821876,-0.23,,,1284,
2023-08-04,00636,國泰中國A50,twse,22.15,22.31,22.00,22.20,1777417,39357158,0.49,,,1208,
2023-08-07,00636,國泰中國A50,twse,22.08,22.18,21.88,21.91,2601834,57075019,-0.29,,,1471,
2023-08-08,00636,國泰中國A50,twse,21.76,22.03,21.71,21.95,882868,19296976,0.04,,,363,
2023-08-09,00636,國泰中國A50,twse,21.85,22.00,21.80,21.90,459170,10044009,-0.05,,,500,
2023-08-10,00636,國泰中國A50,twse,21.83,21.92,21.69,21.74,3102135,67558254,-0.16,,,1349,
2023-08-11,00636,國泰中國A50,twse,21.77,21.94,21.45,21.54,2164669,46820445,-0.2,,,1031,
2023-08-14,00636,國泰中國A50,twse,21.03,21.10,20.78,20.91,2575852,53928252,-0.63,,,1247,
2023-08-15,00636,國泰中國A50,twse,20.92,21.07,20.81,20.82,1560330,32684481,-0.09,,,542,
2023-08-16,00636,國泰中國A50,twse,20.82,20.93,20.75,20.80,1795475,37348754,-0.02,,,1012,
2023-08-17,00636,國泰中國A50,twse,20.70,20.78,20.63,20.70,920729,19063820,-0.1,,,302,
2023-08-18,00636,國泰中國A50,twse,20.80,21.00,20.73,20.77,831799,17341740,0.07,,,734,
2023-08-21,00636,國泰中國A50,twse,20.55,20.65,20.43,20.57,965978,19864065,-0.2,,,648,
2023-08-22,00636,國泰中國A50,twse,20.48,20.53,20.33,20.35,845217,17267607,-0.22,,,806,
2023-08-23,00636,國泰中國A50,twse,20.42,20.56,20.41,20.45,713927,14611455,0.1,,,786,
2023-08-24,00636,國泰中國A50,twse,20.41,20.60,20.34,20.60,1675903,34211949,0.15,,,407,
2023-08-25,00636,國泰中國A50,twse,20.51,20.55,20.42,20.48,321943,6596212,-0.12,,,134,
2023-08-28,00636,國泰中國A50,twse,21.27,21.52,20.80,20.80,1048773,22198830,0.32,,,630,
2023-08-29,00636,國泰中國A50,twse,20.92,21.21,20.86,21.09,1122465,23658080,0.29,,,1155,
2023-08-30,00636,國泰中國A50,twse,21.07,21.11,20.86,20.88,609302,12791980,-0.21,,,507,
2023-08-31,00636,國泰中國A50,twse,20.82,20.90,20.73,20.76,293601,6110651,-0.12,,,397,
2023-09-01,00636,國泰中國A50,twse,20.95,21.10,20.92,20.94,674814,14171412,0.18,,,748,
2023-09-04,00636,國泰中國A50,twse,21.20,21.45,21.13,21.33,1556585,33202618,0.39,,,1391,
2023-09-05,00636,國泰中國A50,twse,21.41,21.42,21.20,21.27,1392883,29660844,-0.06,,,1208,
2023-09-06,00636,國泰中國A50,twse,21.19,21.19,21.02,21.08,2412642,50857164,-0.19,,,526,
2023-09-07,00636,國泰中國A50,twse,21.05,21.15,20.89,20.91,460338,9650911,-0.17,,,699,
2023-09-08,00636,國泰中國A50,twse,20.76,20.80,20.62,20.69,701331,14501076,-0.22,,,1152,
2023-09-11,00636,國泰中國A50,twse,20.80,21.11,20.66,21.11,1480336,30954492,0.42,,,976,
2023-09-12,00636,國泰中國A50,twse,21.11,21.11,20.89,20.93,871538,18257870,-0.18,,,370,
2023-09-13,00636,國泰中國A50,twse,20.96,21.04,20.76,20.83,365058,7621502,-0.1,,,1019,
2023-09-14,00636,國泰中國A50,twse,20.86,20.93,20.79,20.83,267909,5579316,0.0,,,1075,
2023-09-15,00636,國泰中國A50,twse,20.86,21.04,20.82,20.83,1203629,25216367,0.0,,,990,
2023-09-18,00636,國泰中國A50,twse,20.69,20.95,20.63,20.86,629173,13086831,0.03,,,646,
2023-09-19,00636,國泰中國A50,twse,20.90,20.91,20.74,20.89,694686,14473995,0.03,,,882,
2023-09-20,00636,國泰中國A50,twse,20.92,20.92,20.81,20.86,849122,17699026,-0.03,,,1540,
2023-09-21,00636,國泰中國A50,twse,20.79,20.86,20.70,20.72,863336,17919876,-0.14,,,1131,
2023-09-22,00636,國泰中國A50,twse,20.58,20.94,20.52,20.88,731030,15160842,0.16,,,365,
2023-09-25,00636,國泰中國A50,twse,21.06,21.11,20.90,20.97,1197751,25147982,0.09,,,535,
2023-09-26,00636,國泰中國A50,twse,20.95,20.95,20.79,20.82,898871,18749994,-0.15,,,1116,
2023-09-27,00636,國泰中國A50,twse,20.82,21.01,20.79,20.81,887665,18515272,-0.01,,,635,
2023-09-28,00636,國泰中國A50,twse,20.81,20.91,20.69,20.74,798218,16586497,-0.07,,,372,
2023-10-02,00636,國泰中國A50,twse,20.89,20.97,20.82,20.82,693093,14479633,0.08,,,252,
2023-10-03,00636,國泰中國A50,twse,20.88,20.88,20.55,20.57,1069588,22095313,-0.25,,,1059,
2023-10-04,00636,國泰中國A50,twse,20.56,20.56,20.36,20.38,708140,14450090,-0.19,,,475,
2023-10-05,00636,國泰中國A50,twse,20.43,20.44,20.30,20.40,331750,6764648,0.02,,,389,
2023-10-06,00636,國泰中國A50,twse,20.40,20.63,20.40,20.54,511335,10505699,0.14,,,694,
2023-10-11,00636,國泰中國A50,twse,20.54,20.56,20.40,20.46,1047964,21451285,-0.08,,,846,
2023-10-12,00636,國泰中國A50,twse,20.57,20.74,20.54,20.55,657137,13532720,0.09,,,1078,
2023-10-13,00636,國泰中國A50,twse,20.53,20.53,20.36,20.38,899067,18363228,-0.17,,,854,
2023-10-16,00636,國泰中國A50,twse,20.38,20.63,20.25,20.26,521734,10594924,-0.12,,,490,
2023-10-17,00636,國泰中國A50,twse,20.26,20.31,20.17,20.26,488932,9903298,0.0,,,923,
2023-10-18,00636,國泰中國A50,twse,20.26,20.47,20.17,20.20,1864534,37778109,-0.06,,,2051,
2023-10-19,00636,國泰中國A50,twse,20.14,20.14,19.77,19.80,1496047,29820483,-0.4,,,492,
2023-10-20,00636,國泰中國A50,twse,19.68,19.72,19.52,19.57,696271,13671282,-0.23,,,1097,
2023-10-23,00636,國泰中國A50,twse,19.49,19.59,19.47,19.53,632897,12360140,-0.04,,,870,
2023-10-24,00636,國泰中國A50,twse,19.53,19.54,19.30,19.40,1317317,25566588,-0.13,,,520,
2023-10-25,00636,國泰中國A50,twse,19.73,19.82,19.63,19.66,746944,14716926,0.26,,,1014,
2023-10-26,00636,國泰中國A50,twse,19.63,19.74,19.58,19.64,430643,8466692,-0.02,,,304,
2023-10-27,00636,國泰中國A50,twse,19.73,19.99,19.73,19.97,648273,12870239,0.33,,,458,
2023-10-30,00636,國泰中國A50,twse,19.85,20.07,19.85,20.05,849398,16984565,0.08,,,615,
2023-10-31,00636,國泰中國A50,twse,20.09,20.09,19.95,19.99,591490,11810368,-0.06,,,256,
2023-11-01,00636,國泰中國A50,twse,20.23,20.43,20.15,20.26,1346506,27277878,0.27,,,390,
2023-11-02,00636,國泰中國A50,twse,20.29,20.33,20.15,20.16,630681,12759931,-0.1,,,775,
2023-11-03,00636,國泰中國A50,twse,20.29,20.29,20.13,20.23,802512,16195234,0.07,,,175,
2023-11-06,00636,國泰中國A50,twse,20.33,20.38,20.25,20.33,488836,9937657,0.1,,,1119,
2023-11-07,00636,國泰中國A50,twse,20.33,20.38,20.20,20.24,569524,11536168,-0.09,,,885,
2023-11-08,00636,國泰中國A50,twse,20.25,20.32,20.24,20.26,184506,3740433,0.02,,,788,
2023-11-09,00636,國泰中國A50,twse,20.25,20.30,20.22,20.23,573469,11611538,-0.03,,,827,
2023-11-10,00636,國泰中國A50,twse,20.18,20.24,20.07,20.11,624768,12571718,-0.12,,,954,
2023-11-13,00636,國泰中國A50,twse,20.11,20.21,19.97,20.02,449150,9004620,-0.09,,,313,
2023-11-14,00636,國泰中國A50,twse,20.12,20.14,20.00,20.00,162773,3262242,-0.02,,,915,
2023-11-15,00636,國泰中國A50,twse,20.21,20.34,20.05,20.08,2750711,55470330,0.08,,,1614,
2023-11-16,00636,國泰中國A50,twse,20.14,20.25,19.89,19.96,1694562,33857804,-0.12,,,1168,
2023-11-17,00636,國泰中國A50,twse,19.84,19.86,19.72,19.76,1266197,25042547,-0.2,,,528,
2023-11-20,00636,國泰中國A50,twse,19.96,20.00,19.72,19.94,829850,16520455,0.18,,,878,
2023-11-21,00636,國泰中國A50,twse,19.95,20.17,19.91,20.12,1865199,37415818,0.18,,,804,
2023-11-22,00636,國泰中國A50,twse,19.94,20.02,19.91,19.97,1314368,26233703,-0.15,,,501,
2023-11-23,00636,國泰中國A50,twse,19.89,19.95,19.85,19.87,689690,13715564,-0.1,,,933,
2023-11-24,00636,國泰中國A50,twse,19.98,20.00,19.85,19.89,414150,8248142,0.02,,,221,
2023-11-27,00636,國泰中國A50,twse,19.90,19.90,19.55,19.60,1333313,26208369,-0.29,,,1145,
2023-11-28,00636,國泰中國A50,twse,19.62,19.62,19.52,19.53,954967,18674049,-0.07,,,579,
2023-11-29,00636,國泰中國A50,twse,19.51,19.63,19.36,19.37,2067823,40276033,-0.16,,,752,
2023-11-30,00636,國泰中國A50,twse,19.37,19.55,19.37,19.42,998100,19407912,0.05,,,1091,
2023-12-01,00636,國泰中國A50,twse,19.42,19.48,19.25,19.29,1096722,21181026,-0.13,,,1338,
2023-12-04,00636,國泰中國A50,twse,19.26,19.37,19.24,19.26,817178,15747972,-0.03,,,770,
2023-12-05,00636,國泰中國A50,twse,19.23,19.26,19.07,19.12,1634716,31282847,-0.14,,,1427,
2023-12-06,00636,國泰中國A50,twse,19.01,19.01,18.81,18.94,3477630,65719074,-0.18,,,999,
2023-12-07,00636,國泰中國A50,twse,18.88,18.91,18.72,18.87,1294743,24344594,-0.07,,,719,
2023-12-08,00636,國泰中國A50,twse,18.85,18.89,18.75,18.85,606243,11414570,-0.02,,,416,
2023-12-11,00636,國泰中國A50,twse,18.79,18.79,18.50,18.63,1553726,28899955,-0.22,,,1096,
2023-12-12,00636,國泰中國A50,twse,18.83,18.92,18.77,18.86,1520302,28669153,0.23,,,895,
2023-12-13,00636,國泰中國A50,twse,18.88,18.92,18.62,18.62,1761028,32979262,-0.24,,,691,
2023-12-14,00636,國泰中國A50,twse,18.63,18.68,18.51,18.51,2930835,54425480,-0.11,,,1664,
2023-12-15,00636,國泰中國A50,twse,18.60,18.72,18.43,18.46,3288440,61134074,-0.05,,,1315,
2023-12-18,00636,國泰中國A50,twse,18.46,18.52,18.31,18.44,2280054,41990912,-0.02,,,714,
2023-12-19,00636,國泰中國A50,twse,18.45,18.50,18.32,18.40,681878,12549744,-0.04,,,1117,
2023-12-20,00636,國泰中國A50,twse,18.46,18.57,18.34,18.39,2101562,38672495,-0.01,,,1351,
2023-12-21,00636,國泰中國A50,twse,18.31,18.40,18.22,18.36,5823290,106573909,-0.03,,,1439,
2023-12-22,00636,國泰中國A50,twse,18.47,18.49,18.26,18.41,3415412,62747249,0.05,,,982,
2023-12-25,00636,國泰中國A50,twse,18.41,18.55,18.36,18.38,1295673,23858738,-0.03,,,862,
2023-12-26,00636,國泰中國A50,twse,18.39,18.45,18.21,18.23,2287100,41782758,-0.15,,,1925,
2023-12-27,00636,國泰中國A50,twse,18.36,18.36,18.15,18.24,1899567,34617688,0.01,,,680,
2023-12-28,00636,國泰中國A50,twse,18.26,18.57,18.18,18.57,3763923,69333553,0.33,,,633,
2023-12-29,00636,國泰中國A50,twse,18.66,18.83,18.66,18.76,2864268,53709958,0.19,,,887,
2024-01-02,00636,國泰中國A50,twse,18.81,18.83,18.50,18.53,2922589,54457840,-0.23,,,672,
2024-01-03,00636,國泰中國A50,twse,18.49,18.58,18.43,18.46,1317092,24338076,-0.07,,,382,
2024-01-04,00636,國泰中國A50,twse,18.58,18.58,18.25,18.29,1898306,34875045,-0.17,,,575,
2024-01-05,00636,國泰中國A50,twse,18.34,18.49,18.27,18.39,762109,14021780,0.1,,,305,
2024-01-08,00636,國泰中國A50,twse,18.36,18.36,18.03,18.04,2513594,45589842,-0.35,,,947,
2024-01-09,00636,國泰中國A50,twse,18.04,18.11,17.99,18.02,842045,15197881,-0.02,,,496,
2024-01-10,00636,國泰中國A50,twse,18.00,18.22,18.00,18.07,727438,13151062,0.05,,,275,
2024-01-11,00636,國泰中國A50,twse,18.07,18.21,17.99,18.18,1134869,20536968,0.11,,,283,
2024-01-12,00636,國泰中國A50,twse,18.09,18.20,18.01,18.13,1207898,21846471,-0.05,,,289,
2024-01-15,00636,國泰中國A50,twse,18.17,18.25,17.92,18.20,1293275,23429520,0.07,,,357,
2024-01-16,00636,國泰中國A50,twse,18.11,18.26,18.00,18.14,1148499,20827275,-0.06,,,398,
2024-01-17,00636,國泰中國A50,twse,18.17,18.23,18.00,18.02,2767914,49992252,-0.12,,,1451,
2024-01-18,00636,國泰中國A50,twse,17.94,17.94,17.66,17.72,2878317,51224828,-0.3,,,866,
2024-01-19,00636,國泰中國A50,twse,18.01,18.20,18.00,18.08,1536985,27848268,0.36,,,422,
2024-01-22,00636,國泰中國A50,twse,18.20,18.21,18.04,18.10,2026367,36784350,0.02,,,404,
2024-01-23,00636,國泰中國A50,twse,18.08,18.10,17.83,18.02,3116247,55932552,-0.08,,,641,
2024-01-24,00636,國泰中國A50,twse,18.20,18.29,17.91,17.97,3624376,65580053,-0.05,,,814,
2024-01-25,00636,國泰中國A50,twse,18.50,18.59,18.30,18.57,8205648,151476531,0.6,,,2198,
2024-01-26,00636,國泰中國A50,twse,18.58,18.62,18.42,18.47,2610645,48326516,-0.1,,,684,
2024-01-29,00636,國泰中國A50,twse,18.52,18.65,18.48,18.49,2649623,49214270,0.02,,,667,
2024-01-30,00636,國泰中國A50,twse,18.49,18.49,18.10,18.18,3081641,56208198,-0.31,,,786,
2024-01-31,00636,國泰中國A50,twse,18.06,18.25,18.01,18.18,795424,14425297,0.0,,,321,
2024-02-01,00636,國泰中國A50,twse,18.15,18.32,18.06,18.22,1129478,20576303,0.04,,,374,
2024-02-02,00636,國泰中國A50,twse,18.20,18.22,17.95,17.99,1930148,34863735,-0.23,,,675,
2024-02-05,00636,國泰中國A50,twse,17.99,18.38,17.81,18.29,3164304,57195807,0.3,,,829,
2024-02-15,00636,國泰中國A50,twse,18.73,18.87,18.68,18.82,4170782,78280509,0.53,,,1131,
2024-02-16,00636,國泰中國A50,twse,18.87,19.16,18.85,19.16,3953767,75088871,0.34,,,915,
2024-02-19,00636,國泰中國A50,twse,19.16,19.23,18.97,19.00,3370976,64250142,-0.16,,,960,
2024-02-20,00636,國泰中國A50,twse,19.05,19.21,19.05,19.11,1370265,26208252,0.11,,,494,
2024-02-21,00636,國泰中國A50,twse,19.12,19.75,19.12,19.71,5354434,104427953,0.6,,,2033,
2024-02-22,00636,國泰中國A50,twse,19.60,19.72,19.54,19.72,3723711,73035828,0.01,,,787,
2024-02-23,00636,國泰中國A50,twse,19.76,19.88,19.67,19.74,1635141,32322357,0.02,,,637,
2024-02-26,00636,國泰中國A50,twse,19.72,19.76,19.47,19.55,2816316,55164567,-0.19,,,780,
2024-02-27,00636,國泰中國A50,twse,19.50,19.58,19.39,19.53,1515336,29498826,-0.02,,,518,
2024-02-29,00636,國泰中國A50,twse,19.45,19.71,19.40,19.58,1744299,34100448,0.05,,,457,
2024-03-01,00636,國泰中國A50,twse,19.60,19.68,19.54,19.63,1251040,24540150,0.05,,,351,
2024-03-04,00636,國泰中國A50,twse,19.60,19.65,19.46,19.46,6137858,119827217,-0.17,,,1116,
2024-03-05,00636,國泰中國A50,twse,19.46,19.69,19.38,19.60,5655724,110976850,0.14,,,919,
2024-03-06,00636,國泰中國A50,twse,19.67,19.85,19.67,19.73,2516681,49722640,0.13,,,527,
2024-03-07,00636,國泰中國A50,twse,19.75,19.80,19.59,19.63,1529631,30085696,-0.1,,,412,
2024-03-08,00636,國泰中國A50,twse,19.60,19.66,19.47,19.52,920989,18005683,-0.11,,,411,
2024-03-11,00636,國泰中國A50,twse,19.52,19.93,19.52,19.81,1361211,26943220,0.29,,,487,
2024-03-12,00636,國泰中國A50,twse,19.93,20.13,19.90,20.12,1605804,32155709,0.31,,,547,
2024-03-13,00636,國泰中國A50,twse,20.11,20.11,19.89,19.98,1487060,29705828,-0.14,,,426,
2024-03-14,00636,國泰中國A50,twse,19.97,20.08,19.86,19.91,1116109,22259342,-0.07,,,384,
2024-03-15,00636,國泰中國A50,twse,19.88,20.01,19.83,19.85,929418,18493544,-0.06,,,271,
2024-03-18,00636,國泰中國A50,twse,19.93,20.13,19.93,20.02,1081973,21637255,0.17,,,356,
2024-03-19,00636,國泰中國A50,twse,20.05,20.18,20.03,20.15,1318600,26525377,0.13,,,396,
2024-03-20,00636,國泰中國A50,twse,20.15,20.25,20.03,20.17,4219860,85043754,0.02,,,2521,
2024-03-21,00636,國泰中國A50,twse,20.19,20.28,20.15,20.19,677398,13687939,0.02,,,320,
2024-03-22,00636,國泰中國A50,twse,20.19,20.22,19.88,20.07,1658209,33157276,-0.12,,,504,
2024-03-25,00636,國泰中國A50,twse,20.03,20.12,19.95,20.09,1772136,35528208,0.02,,,310,
2024-03-26,00636,國泰中國A50,twse,20.02,20.13,20.00,20.11,1180827,23706527,0.02,,,291,
2024-03-27,00636,國泰中國A50,twse,20.11,20.18,20.09,20.09,399166,8039147,-0.02,,,164,
2024-03-28,00636,國泰中國A50,twse,20.06,20.23,19.92,20.15,1447314,29056000,0.06,,,341,
2024-03-29,00636,國泰中國A50,twse,20.15,20.20,20.07,20.09,225330,4530703,-0.06,,,208,
2024-04-01,00636,國泰中國A50,twse,20.11,20.49,20.10,20.38,1656989,33791501,0.29,,,505,
2024-04-02,00636,國泰中國A50,twse,20.39,20.52,20.30,20.38,1327153,27079707,0.0,,,389,
2024-04-03,00636,國泰中國A50,twse,20.40,20.42,20.26,20.35,1025131,20853153,-0.03,,,290,
2024-04-08,00636,國泰中國A50,twse,20.35,20.44,20.15,20.28,688417,13956951,-0.07,,,362,
2024-04-09,00636,國泰中國A50,twse,20.24,20.26,20.13,20.14,1145002,23108294,-0.14,,,463,
2024-04-10,00636,國泰中國A50,twse,20.14,20.17,20.02,20.09,1581800,31815314,-0.05,,,313,
2024-04-11,00636,國泰中國A50,twse,19.99,20.10,19.95,20.10,1712074,34282978,0.01,,,331,
2024-04-12,00636,國泰中國A50,twse,20.05,20.10,19.98,20.03,532575,10663439,-0.07,,,200,
2024-04-15,00636,國泰中國A50,twse,19.83,20.39,19.82,20.37,2844969,57328984,0.34,,,533,
2024-04-16,00636,國泰中國A50,twse,20.36,20.50,20.28,20.48,2394295,48870808,0.11,,,633,
2024-04-17,00636,國泰中國A50,twse,20.39,20.43,20.26,20.35,3058454,62244264,-0.13,,,493,
2024-04-18,00636,國泰中國A50,twse,20.45,20.74,20.44,20.61,1767780,36386147,0.26,,,543,
2024-04-19,00636,國泰中國A50,twse,20.58,20.63,20.41,20.48,1103341,22651521,-0.13,,,314,
2024-04-22,00636,國泰中國A50,twse,20.50,20.71,20.50,20.59,1039890,21442908,0.11,,,411,
2024-04-23,00636,國泰中國A50,twse,20.60,20.64,20.44,20.57,672036,13817793,-0.02,,,253,
2024-04-24,00636,國泰中國A50,twse,20.57,20.66,20.45,20.51,1605026,32895134,-0.06,,,228,
2024-04-25,00636,國泰中國A50,twse,20.51,20.71,20.51,20.63,697252,14366917,0.12,,,248,
2024-04-26,00636,國泰中國A50,twse,20.67,20.96,20.65,20.93,2598325,54206319,0.3,,,708,
2024-04-29,00636,國泰中國A50,twse,20.95,21.31,20.94,21.15,9124310,193225220,0.22,,,1012,
2024-04-30,00636,國泰中國A50,twse,21.14,21.22,21.09,21.13,1999677,42299033,-0.02,,,377,
2024-05-02,00636,國泰中國A50,twse,21.10,21.28,21.01,21.27,1464744,30958623,0.14,,,375,
2024-05-03,00636,國泰中國A50,twse,21.30,21.48,21.30,21.39,1170060,25038550,0.12,,,427,
2024-05-06,00636,國泰中國A50,twse,21.44,21.52,21.30,21.34,1890778,40470709,-0.05,,,527,
2024-05-07,00636,國泰中國A50,twse,21.34,21.43,21.27,21.43,1187950,25356720,0.09,,,372,
2024-05-08,00636,國泰中國A50,twse,21.40,21.43,21.30,21.34,1008825,21550176,-0.09,,,345,
2024-05-09,00636,國泰中國A50,twse,21.32,21.40,21.26,21.34,704719,15018503,0.0,,,252,
2024-05-10,00636,國泰中國A50,twse,21.46,21.48,21.28,21.40,1267128,27102126,0.06,,,329,
2024-05-13,00636,國泰中國A50,twse,21.25,21.27,21.10,21.27,1957354,41482974,-0.13,,,452,
2024-05-14,00636,國泰中國A50,twse,21.27,21.27,21.10,21.10,926701,19600263,-0.17,,,378,
2024-05-15,00636,國泰中國A50,twse,21.09,21.15,20.93,20.94,4531966,95164395,-0.16,,,2978,
2024-05-16,00636,國泰中國A50,twse,20.92,21.17,20.87,21.13,1661752,35006168,0.19,,,539,
2024-05-17,00636,國泰中國A50,twse,21.13,21.27,21.10,21.17,694841,14712983,0.04,,,242,
2024-05-20,00636,國泰中國A50,twse,21.49,21.56,21.38,21.45,1285460,27612139,0.28,,,446,
2024-05-21,00636,國泰中國A50,twse,21.42,21.45,21.35,21.41,574464,12289071,-0.04,,,261,
2024-05-22,00636,國泰中國A50,twse,21.41,21.44,21.34,21.43,657305,14062135,0.02,,,251,
2024-05-23,00636,國泰中國A50,twse,21.34,21.34,21.10,21.10,2078249,44009270,-0.33,,,546,
2024-05-24,00636,國泰中國A50,twse,21.01,21.18,20.98,20.98,2431744,51118858,-0.12,,,384,
2024-05-27,00636,國泰中國A50,twse,20.94,21.02,20.88,20.93,1530552,32055461,-0.05,,,749,
2024-05-28,00636,國泰中國A50,twse,21.00,21.03,20.88,20.95,1811111,37973663,0.02,,,607,
2024-05-29,00636,國泰中國A50,twse,20.94,21.13,20.92,21.01,807922,16988204,0.06,,,261,
2024-05-30,00636,國泰中國A50,twse,21.01,21.14,20.90,20.91,1359565,28521270,-0.1,,,258,
2024-05-31,00636,國泰中國A50,twse,20.97,21.08,20.93,20.95,1296309,27212985,0.04,,,199,
2024-06-03,00636,國泰中國A50,twse,20.89,20.94,20.72,20.85,1601149,33328311,-0.1,,,390,
2024-06-04,00636,國泰中國A50,twse,20.80,21.06,20.80,21.00,552445,11569685,0.15,,,211,
2024-06-05,00636,國泰中國A50,twse,20.98,21.07,20.93,20.95,1119164,23488490,-0.05,,,228,
2024-06-06,00636,國泰中國A50,twse,20.95,21.13,20.91,21.02,821727,17247305,0.07,,,295,
2024-06-07,00636,國泰中國A50,twse,20.97,20.98,20.66,20.66,839677,17438698,-0.36,,,504,
2024-06-11,00636,國泰中國A50,twse,20.67,20.75,20.42,20.48,2095961,43114976,-0.18,,,517,
2024-06-12,00636,國泰中國A50,twse,20.47,20.52,20.41,20.44,690379,14112391,-0.04,,,213,
2024-06-13,00636,國泰中國A50,twse,20.49,20.55,20.42,20.44,1214182,24870741,0.0,,,276,
2024-06-14,00636,國泰中國A50,twse,20.39,20.50,20.30,20.50,1400714,28551026,0.06,,,499,
2024-06-17,00636,國泰中國A50,twse,20.53,20.60,20.46,20.53,1453200,29825553,0.03,,,333,
2024-06-18,00636,國泰中國A50,twse,20.53,20.62,20.51,20.54,510588,10496618,0.01,,,286,
2024-06-19,00636,國泰中國A50,twse,20.54,20.64,20.43,20.45,3349356,68633045,-0.09,,,1606,
2024-06-20,00636,國泰中國A50,twse,20.47,20.61,20.45,20.48,555804,11401174,0.03,,,205,
2024-06-21,00636,國泰中國A50,twse,20.41,20.47,20.12,20.21,2086954,42299202,-0.27,,,580,
2024-06-24,00636,國泰中國A50,twse,20.23,20.47,20.15,20.41,758276,15377391,0.2,,,270,
2024-06-25,00636,國泰中國A50,twse,20.34,20.45,20.34,20.43,676075,13786271,0.02,,,197,
2024-06-26,00636,國泰中國A50,twse,20.40,20.42,20.16,20.27,34785754,703545111,-0.16,,,4242,
2024-06-27,00636,國泰中國A50,twse,20.38,20.44,20.25,20.33,8907232,180840312,0.06,,,1615,
2024-06-28,00636,國泰中國A50,twse,20.30,20.48,20.30,20.41,1503903,30717977,0.08,,,195,
2024-07-01,00636,國泰中國A50,twse,20.41,20.41,20.17,20.32,842244,17072575,-0.09,,,269,
2024-07-02,00636,國泰中國A50,twse,20.34,20.62,20.34,20.59,1420951,29147338,0.27,,,262,
2024-07-03,00636,國泰中國A50,twse,20.60,20.67,20.50,20.63,502549,10353220,0.04,,,227,
2024-07-04,00636,國泰中國A50,twse,20.63,20.74,20.54,20.55,1332205,27472545,-0.08,,,264,
2024-07-05,00636,國泰中國A50,twse,20.53,20.53,20.08,20.15,4294918,86736793,-0.4,,,804,
2024-07-08,00636,國泰中國A50,twse,20.15,20.32,20.15,20.18,697778,14101891,0.03,,,357,
2024-07-09,00636,國泰中國A50,twse,20.18,20.28,20.07,20.27,920552,18600858,0.09,,,275,
2024-07-10,00636,國泰中國A50,twse,20.40,20.55,20.40,20.44,805672,16517255,0.17,,,245,
2024-07-11,00636,國泰中國A50,twse,20.51,20.64,20.46,20.55,862292,17719396,0.11,,,230,
2024-07-12,00636,國泰中國A50,twse,20.54,20.69,20.54,20.68,1007406,20792334,0.13,,,256,
2024-07-15,00636,國泰中國A50,twse,20.78,20.84,20.71,20.81,795583,16538253,0.13,,,302,
2024-07-16,00636,國泰中國A50,twse,20.53,20.85,20.53,20.78,1169422,24174016,-0.03,,,268,
2024-07-17,00636,國泰中國A50,twse,20.81,20.95,20.79,20.87,2291229,47848992,0.09,,,1903,
2024-07-18,00636,國泰中國A50,twse,20.92,21.10,20.91,21.09,1471239,30904829,0.22,,,469,
2024-07-19,00636,國泰中國A50,twse,21.06,21.14,20.96,21.10,1427068,30068117,0.01,,,335,
2024-07-22,00636,國泰中國A50,twse,21.11,21.39,21.02,21.03,2708989,57368809,-0.07,,,401,
2024-07-23,00636,國泰中國A50,twse,21.05,21.05,20.93,20.93,2180861,45802996,-0.1,,,250,
2024-07-26,00636,國泰中國A50,twse,20.78,20.78,20.39,20.46,2200832,45155004,-0.47,,,460,
2024-07-29,00636,國泰中國A50,twse,20.48,20.55,20.38,20.49,590520,12088169,0.03,,,234,
2024-07-30,00636,國泰中國A50,twse,20.41,20.41,20.17,20.20,672674,13614556,-0.29,,,254,
2024-07-31,00636,國泰中國A50,twse,20.26,20.71,20.26,20.69,1161339,23783486,0.49,,,242,
2024-08-01,00636,國泰中國A50,twse,20.55,20.62,20.44,20.48,1748636,35903380,-0.21,,,255,
2024-08-02,00636,國泰中國A50,twse,20.30,20.43,20.28,20.39,1213044,24682281,-0.09,,,203,
2024-08-05,00636,國泰中國A50,twse,20.31,20.64,20.26,20.44,3461372,70913251,0.05,,,519,
2024-08-06,00636,國泰中國A50,twse,20.47,20.57,20.16,20.17,2245020,45673126,-0.27,,,418,
2024-08-07,00636,國泰中國A50,twse,20.20,20.29,20.15,20.29,844648,17076216,0.12,,,210,
2024-08-08,00636,國泰中國A50,twse,20.16,20.32,20.07,20.24,735325,14850508,-0.05,,,187,
2024-08-09,00636,國泰中國A50,twse,20.21,20.31,20.14,20.18,1176129,23766427,-0.06,,,249,
2024-08-12,00636,國泰中國A50,twse,20.15,20.21,20.10,20.18,322514,6498174,0.0,,,203,
2024-08-13,00636,國泰中國A50,twse,20.18,20.19,20.05,20.08,490986,9866348,-0.1,,,241,
2024-08-14,00636,國泰中國A50,twse,20.12,20.20,20.03,20.05,1130297,22727857,-0.03,,,212,
2024-08-15,00636,國泰中國A50,twse,20.10,20.35,20.00,20.25,943493,19081239,0.2,,,272,
2024-08-16,00636,國泰中國A50,twse,20.26,20.37,20.23,20.32,599309,12157282,0.07,,,263,
2024-08-19,00636,國泰中國A50,twse,20.37,20.60,20.30,20.39,3025639,61720262,0.07,,,418,
2024-08-20,00636,國泰中國A50,twse,20.43,20.50,20.26,20.28,1988389,40427700,-0.11,,,349,
2024-08-21,00636,國泰中國A50,twse,20.27,20.36,20.15,20.18,3106545,62869707,-0.1,,,2020,
2024-08-22,00636,國泰中國A50,twse,20.20,20.29,20.18,20.29,1198173,24241573,0.11,,,187,
2024-08-23,00636,國泰中國A50,twse,20.28,20.45,20.25,20.39,803779,16389841,0.1,,,237,
2024-08-26,00636,國泰中國A50,twse,20.39,20.40,20.21,20.25,1396234,28321645,-0.14,,,321,
2024-08-27,00636,國泰中國A50,twse,20.21,20.33,20.21,20.30,597832,12131880,0.05,,,145,
2024-08-28,00636,國泰中國A50,twse,20.29,20.31,20.02,20.05,2376180,47711263,-0.25,,,536,
2024-08-29,00636,國泰中國A50,twse,20.12,20.12,19.96,20.02,592152,11852928,-0.03,,,234,
2024-08-30,00636,國泰中國A50,twse,20.00,20.51,19.97,20.48,2028410,41330047,0.46,,,418,
2024-09-02,00636,國泰中國A50,twse,20.38,20.38,20.09,20.18,1441093,29096533,-0.3,,,328,
2024-09-03,00636,國泰中國A50,twse,20.06,20.10,20.00,20.03,645782,12936087,-0.15,,,304,
2024-09-04,00636,國泰中國A50,twse,19.97,20.06,19.89,19.92,781301,15600882,-0.11,,,311,
2024-09-05,00636,國泰中國A50,twse,19.96,20.01,19.90,19.90,346875,6909111,-0.02,,,211,
2024-09-06,00636,國泰中國A50,twse,19.90,20.07,19.87,19.89,623518,12420526,-0.01,,,248,
2024-09-09,00636,國泰中國A50,twse,19.85,19.88,19.53,19.59,1778989,35051565,-0.3,,,481,
2024-09-10,00636,國泰中國A50,twse,19.61,19.68,19.57,19.64,416095,8169618,0.05,,,151,
2024-09-11,00636,國泰中國A50,twse,19.59,19.63,19.51,19.52,863116,16868007,-0.12,,,221,
2024-09-12,00636,國泰中國A50,twse,19.54,19.57,19.48,19.57,628888,12280929,0.05,,,188,
2024-09-13,00636,國泰中國A50,twse,19.43,19.50,19.37,19.41,1248037,24226114,-0.16,,,355,
2024-09-16,00636,國泰中國A50,twse,19.27,19.36,19.27,19.36,639212,12345960,-0.05,,,297,
2024-09-18,00636,國泰中國A50,twse,19.40,19.43,19.22,19.27,2551754,49345978,-0.09,,,1421,
2024-09-19,00636,國泰中國A50,twse,19.34,19.65,19.23,19.61,1962534,38182681,0.34,,,272,
2024-09-20,00636,國泰中國A50,twse,19.52,19.58,19.46,19.50,1010237,19725315,-0.11,,,273,
2024-09-23,00636,國泰中國A50,twse,19.62,19.87,19.62,19.85,952126,18860883,0.35,,,278,
2024-09-24,00636,國泰中國A50,twse,19.86,20.65,19.85,20.64,3661341,74369370,0.79,,,705,
2024-09-25,00636,國泰中國A50,twse,21.84,21.84,21.22,21.31,6834100,146272135,0.67,,,1346,
2024-09-26,00636,國泰中國A50,twse,21.31,21.78,21.20,21.78,3289850,70498699,0.47,,,1194,
2024-09-27,00636,國泰中國A50,twse,22.66,23.45,22.35,22.75,13901685,316534897,0.97,,,2746,
2024-09-30,00636,國泰中國A50,twse,23.20,24.22,23.20,24.08,14240966,339859522,1.33,,,4385,
2024-10-01,00636,國泰中國A50,twse,24.29,24.29,23.96,24.07,5119417,123308434,-0.01,,,1607,
2024-10-04,00636,國泰中國A50,twse,25.56,27.03,25.56,27.03,18868683,499712812,2.96,,,4876,
2024-10-07,00636,國泰中國A50,twse,27.94,29.50,27.56,28.00,21851532,615981507,0.97,,,6356,
2024-10-08,00636,國泰中國A50,twse,28.79,28.80,25.08,25.18,32822792,873295311,-2.82,,,7482,
2024-10-09,00636,國泰中國A50,twse,25.61,25.95,23.85,24.70,25266593,625670290,-0.48,,,5244,
2024-10-11,00636,國泰中國A50,twse,24.63,24.65,23.85,23.98,9355403,225947596,-0.72,,,2624,
2024-10-14,00636,國泰中國A50,twse,24.02,24.38,23.80,24.31,9254260,223400324,0.33,,,2156,
2024-10-15,00636,國泰中國A50,twse,24.30,24.31,23.72,23.72,5414751,129716434,-0.59,,,1878,
2024-10-16,00636,國泰中國A50,twse,23.30,23.49,23.08,23.11,9953123,231191208,-0.61,,,4197,
2024-10-17,00636,國泰中國A50,twse,23.29,23.53,23.13,23.14,7113376,165579957,0.03,,,2082,
2024-10-18,00636,國泰中國A50,twse,22.87,23.47,22.67,23.25,7009846,160954820,0.11,,,1555,
2024-10-21,00636,國泰中國A50,twse,23.73,23.84,23.39,23.48,10025301,236610363,0.23,,,2783,
2024-10-22,00636,國泰中國A50,twse,23.45,23.72,23.40,23.52,4172790,98372215,0.04,,,998,
2024-10-23,00636,國泰中國A50,twse,23.54,23.84,23.51,23.69,3718802,88071998,0.17,,,1331,
2024-10-24,00636,國泰中國A50,twse,23.64,23.64,23.41,23.41,2500528,58766818,-0.28,,,762,
2024-10-25,00636,國泰中國A50,twse,23.41,23.63,23.33,23.51,4005296,93973322,0.1,,,1217,
2024-10-28,00636,國泰中國A50,twse,23.38,23.51,23.13,23.32,2723209,63495763,-0.19,,,724,
2024-10-29,00636,國泰中國A50,twse,23.39,23.62,23.25,23.26,5249673,122719951,-0.06,,,1063,
2024-10-30,00636,國泰中國A50,twse,23.26,23.38,22.88,22.89,3772451,87071893,-0.37,,,1043,
2024-11-01,00636,國泰中國A50,twse,22.89,23.25,22.88,23.16,4758385,110229215,0.27,,,920,
2024-11-04,00636,國泰中國A50,twse,23.18,23.18,22.95,23.08,2110191,48714504,-0.08,,,479,
2024-11-05,00636,國泰中國A50,twse,23.26,23.80,23.23,23.73,3790343,89340745,0.65,,,940,
2024-11-06,00636,國泰中國A50,twse,23.73,23.92,23.45,23.45,4396721,104091194,-0.28,,,1099,
2024-11-07,00636,國泰中國A50,twse,23.45,23.91,23.40,23.83,2933330,69362914,0.38,,,968,
2024-11-08,00636,國泰中國A50,twse,24.59,24.74,23.84,24.08,6850526,166202022,0.25,,,1581,
2024-11-11,00636,國泰中國A50,twse,23.75,23.75,23.39,23.69,3943382,92893367,-0.39,,,910,
2024-11-12,00636,國泰中國A50,twse,23.76,24.08,23.53,23.53,3380319,80310547,-0.16,,,1225,
2024-11-13,00636,國泰中國A50,twse,23.19,23.57,23.15,23.43,7087599,165218155,-0.1,,,872,
2024-11-14,00636,國泰中國A50,twse,23.42,23.72,23.42,23.51,2940344,69342616,0.08,,,536,
2024-11-15,00636,國泰中國A50,twse,23.50,23.50,23.11,23.32,3108712,72381697,-0.19,,,504,
2024-11-18,00636,國泰中國A50,twse,23.09,23.40,22.97,23.26,3345867,77648257,-0.06,,,696,
2024-11-19,00636,國泰中國A50,twse,23.25,23.25,22.88,22.88,2295608,52831443,-0.38,,,977,
2024-11-20,00636,國泰中國A50,twse,22.92,23.07,22.91,23.04,4432346,101919775,0.16,,,2458,
2024-11-21,00636,國泰中國A50,twse,23.04,23.14,23.03,23.13,1391863,32141142,0.09,,,286,
2024-11-22,00636,國泰中國A50,twse,23.22,23.22,22.77,22.77,2096858,47952193,-0.36,,,518,
2024-11-25,00636,國泰中國A50,twse,22.70,22.70,22.22,22.33,5839781,130666657,-0.44,,,949,
2024-11-26,00636,國泰中國A50,twse,22.27,22.45,22.06,22.33,1757427,39084571,0.0,,,476,
2024-11-27,00636,國泰中國A50,twse,22.33,22.60,22.27,22.49,1339470,30024793,0.16,,,356,
2024-11-28,00636,國泰中國A50,twse,22.72,22.81,22.42,22.54,1723602,38954630,0.05,,,571,
2024-11-29,00636,國泰中國A50,twse,22.54,23.09,22.54,22.87,1875774,42896795,0.33,,,466,
2024-12-02,00636,國泰中國A50,twse,22.88,22.88,22.63,22.79,1583666,36073926,-0.08,,,1054,
2024-12-03,00636,國泰中國A50,twse,22.96,22.99,22.73,22.90,1341314,30661940,0.11,,,350,
2024-12-04,00636,國泰中國A50,twse,22.89,22.99,22.75,22.92,2128460,48671085,0.02,,,436,
2024-12-05,00636,國泰中國A50,twse,22.92,22.99,22.71,22.77,1946924,44339101,-0.15,,,433,
2024-12-06,00636,國泰中國A50,twse,22.78,23.20,22.77,23.02,2223933,51228518,0.25,,,908,
2024-12-09,00636,國泰中國A50,twse,23.02,23.19,22.91,23.03,1189120,27371353,0.01,,,488,
2024-12-10,00636,國泰中國A50,twse,24.20,24.50,23.56,23.57,9748683,233342548,0.54,,,2032,
2024-12-11,00636,國泰中國A50,twse,23.54,23.54,23.36,23.37,1005858,23579006,-0.2,,,388,
2024-12-12,00636,國泰中國A50,twse,23.35,23.64,23.27,23.53,1255326,29449264,0.16,,,423,
2024-12-13,00636,國泰中國A50,twse,23.45,23.45,23.05,23.06,1786394,41415433,-0.47,,,735,
2024-12-16,00636,國泰中國A50,twse,23.00,23.03,22.85,22.87,1880696,43091680,-0.19,,,602,
2024-12-17,00636,國泰中國A50,twse,22.87,23.16,22.79,23.09,1239813,28531743,0.22,,,324,
2024-12-18,00636,國泰中國A50,twse,23.09,23.23,22.95,23.06,4499871,103648330,-0.03,,,2522,
2024-12-19,00636,國泰中國A50,twse,22.91,23.05,22.79,23.05,1648181,37757971,-0.01,,,374,
2024-12-20,00636,國泰中國A50,twse,23.05,23.05,22.89,22.90,833491,19115578,-0.15,,,257,
2024-12-23,00636,國泰中國A50,twse,22.90,23.20,22.80,23.15,1383985,31881968,0.25,,,375,
2024-12-24,00636,國泰中國A50,twse,23.15,23.30,23.02,23.28,695242,16158982,0.13,,,264,
2024-12-25,00636,國泰中國A50,twse,23.28,23.54,23.28,23.40,1029237,24114635,0.12,,,290,
2024-12-26,00636,國泰中國A50,twse,23.25,23.44,23.25,23.34,481656,11241941,-0.06,,,312,
2024-12-27,00636,國泰中國A50,twse,23.34,23.39,23.19,23.38,519843,12117207,0.04,,,258,
2024-12-30,00636,國泰中國A50,twse,23.42,23.61,23.34,23.44,722185,16961896,0.06,,,283,
2024-12-31,00636,國泰中國A50,twse,23.43,23.57,23.35,23.49,1099169,25803789,0.05,,,266,
2025-01-02,00636,國泰中國A50,twse,23.30,23.30,22.84,22.86,1228731,28284882,-0.63,,,521,
2025-01-03,00636,國泰中國A50,twse,22.75,22.79,22.64,22.68,1823903,41426153,-0.18,,,406,
2025-01-06,00636,國泰中國A50,twse,22.65,22.67,22.19,22.30,2359443,52765384,-0.38,,,1560,
2025-01-07,00636,國泰中國A50,twse,22.41,22.41,22.15,22.23,1563088,34746422,-0.07,,,459,
2025-01-08,00636,國泰中國A50,twse,22.23,22.40,22.10,22.16,981522,21789496,-0.07,,,372,
2025-01-09,00636,國泰中國A50,twse,22.21,22.37,22.18,22.28,551724,12281420,0.12,,,193,
2025-01-10,00636,國泰中國A50,twse,22.23,22.27,22.06,22.13,586347,12985549,-0.15,,,272,
2025-01-13,00636,國泰中國A50,twse,22.13,22.13,21.82,21.98,1630913,35817910,-0.15,,,360,
2025-01-14,00636,國泰中國A50,twse,22.16,22.45,22.04,22.40,697244,15520499,0.42,,,242,
2025-01-15,00636,國泰中國A50,twse,22.48,22.48,22.31,22.34,992394,22196493,-0.06,,,616,
2025-01-16,00636,國泰中國A50,twse,22.34,22.53,22.22,22.23,1341225,29990359,-0.11,,,355,
2025-01-17,00636,國泰中國A50,twse,22.23,22.42,22.19,22.28,3289925,73267111,0.05,,,592,
2025-01-20,00636,國泰中國A50,twse,22.35,22.59,22.35,22.48,1512653,34037198,0.2,,,323,
2025-01-21,00636,國泰中國A50,twse,22.52,22.52,22.35,22.43,2264954,50894616,-0.05,,,264,
2025-01-22,00636,國泰中國A50,twse,22.42,22.46,22.08,22.09,805401,17852206,-0.34,,,417,
2025-02-03,00636,國泰中國A50,twse,22.45,22.45,22.07,22.22,1233828,27401727,0.13,,,529,
2025-02-04,00636,國泰中國A50,twse,22.23,22.73,22.23,22.48,1209103,27248409,0.26,,,552,
2025-02-05,00636,國泰中國A50,twse,22.70,22.70,22.15,22.15,1793794,39967154,-0.33,,,599,
2025-02-06,00636,國泰中國A50,twse,22.15,22.39,22.14,22.30,874092,19446547,0.15,,,408,
2025-02-07,00636,國泰中國A50,twse,22.32,22.72,22.29,22.72,1373332,30917106,0.42,,,1328,
2025-02-10,00636,國泰中國A50,twse,22.70,22.72,22.50,22.58,2421473,54775218,-0.14,,,733,
2025-02-11,00636,國泰中國A50,twse,22.60,22.66,22.44,22.47,1912677,43031790,-0.11,,,359,
2025-02-12,00636,國泰中國A50,twse,22.48,22.60,22.44,22.53,1618908,36454160,0.06,,,526,
2025-02-13,00636,國泰中國A50,twse,22.79,22.92,22.71,22.88,2716329,62071269,0.35,,,1205,
2025-02-14,00636,國泰中國A50,twse,22.87,23.09,22.79,23.02,1768638,40615300,0.14,,,434,
2025-02-17,00636,國泰中國A50,twse,23.17,23.30,23.05,23.13,1921514,44550508,0.11,,,956,
2025-02-18,00636,國泰中國A50,twse,23.12,23.36,23.06,23.31,1601093,37257284,0.18,,,602,
2025-02-19,00636,國泰中國A50,twse,23.19,23.19,22.96,23.02,2307410,53224322,-0.29,,,1475,
2025-02-20,00636,國泰中國A50,twse,23.05,23.10,22.97,23.05,991112,22814049,0.03,,,360,
2025-02-21,00636,國泰中國A50,twse,23.05,23.39,23.05,23.30,1972112,45888649,0.25,,,608,
2025-02-24,00636,國泰中國A50,twse,23.36,23.46,23.20,23.29,2006405,46739438,-0.01,,,608,
2025-02-25,00636,國泰中國A50,twse,23.21,23.21,23.00,23.07,1758083,40521856,-0.22,,,617,
2025-02-26,00636,國泰中國A50,twse,23.12,23.13,22.97,23.03,792377,18246262,-0.04,,,617,
2025-02-27,00636,國泰中國A50,twse,23.08,23.28,23.08,23.20,1400494,32447428,0.17,,,409,
2025-03-03,00636,國泰中國A50,twse,23.15,23.17,22.99,23.03,1311142,30251480,-0.17,,,437,
2025-03-04,00636,國泰中國A50,twse,22.90,22.90,22.68,22.73,1346360,30641606,-0.3,,,525,
2025-03-05,00636,國泰中國A50,twse,22.84,22.89,22.64,22.81,935449,21269887,0.08,,,526,
2025-03-06,00636,國泰中國A50,twse,22.86,23.19,22.86,23.15,1762768,40678883,0.34,,,976,
2025-03-07,00636,國泰中國A50,twse,23.19,23.36,23.16,23.33,1889752,43905804,0.18,,,744,
2025-03-10,00636,國泰中國A50,twse,23.22,23.24,22.94,22.95,962892,22221353,-0.38,,,548,
2025-03-11,00636,國泰中國A50,twse,23.08,23.12,22.80,23.03,1290753,29588462,0.08,,,465,
2025-03-12,00636,國泰中國A50,twse,23.16,23.24,23.12,23.22,659761,15298697,0.19,,,300,
2025-03-13,00636,國泰中國A50,twse,23.25,23.37,23.17,23.20,1424808,33154562,-0.02,,,623,
2025-03-14,00636,國泰中國A50,twse,23.32,24.08,23.30,23.90,5693345,135696502,0.7,,,1426,
2025-03-17,00636,國泰中國A50,twse,24.14,24.25,24.00,24.15,7051792,170404146,0.25,,,1842,
2025-03-18,00636,國泰中國A50,twse,24.30,24.37,24.15,24.15,7065391,171233025,0.0,,,1534,
2025-03-19,00636,國泰中國A50,twse,24.15,24.26,24.06,24.23,3235899,78203462,0.08,,,1458,
2025-03-20,00636,國泰中國A50,twse,24.25,24.27,24.02,24.11,2204962,53175458,-0.12,,,1030,
2025-03-21,00636,國泰中國A50,twse,23.93,24.02,23.62,23.66,2275202,54085566,-0.45,,,915,
2025-03-24,00636,國泰中國A50,twse,23.62,23.64,23.48,23.59,2237480,52724683,-0.07,,,970,
2025-03-25,00636,國泰中國A50,twse,23.57,23.70,23.57,23.66,1263062,29838051,0.07,,,374,
2025-03-26,00636,國泰中國A50,twse,23.66,23.69,23.53,23.57,576363,13600878,-0.09,,,313,
2025-03-27,00636,國泰中國A50,twse,23.57,23.82,23.52,23.64,1306164,30889886,0.07,,,645,
2025-03-28,00636,國泰中國A50,twse,23.70,23.74,23.49,23.54,863644,20380996,-0.1,,,471,
2025-03-31,00636,國泰中國A50,twse,23.48,23.73,23.43,23.45,1882152,44289632,-0.09,,,561,
2025-04-01,00636,國泰中國A50,twse,23.48,23.52,23.40,23.40,860282,20174909,-0.05,,,515,
2025-04-02,00636,國泰中國A50,twse,22.78,23.45,22.78,23.33,788159,18391195,-0.07,,,238,
2025-04-07,00636,國泰中國A50,twse,21.00,22.00,21.00,21.42,11888614,255457003,-1.91,,,1537,
2025-04-08,00636,國泰中國A50,twse,21.41,21.62,21.02,21.50,3915575,83833509,0.08,,,835,
2025-04-09,00636,國泰中國A50,twse,21.40,21.91,21.09,21.68,3745948,81170553,0.18,,,850,
2025-04-10,00636,國泰中國A50,twse,21.57,22.19,21.57,22.12,3403365,74788156,0.44,,,830,
2025-04-11,00636,國泰中國A50,twse,22.10,22.25,21.97,22.25,1288309,28489236,0.13,,,521,
2025-04-14,00636,國泰中國A50,twse,22.26,22.38,22.07,22.15,1441692,32000242,-0.1,,,600,
2025-04-15,00636,國泰中國A50,twse,22.21,22.28,22.11,22.21,1287681,28558979,0.06,,,349,
2025-04-16,00636,國泰中國A50,twse,22.17,22.22,22.05,22.05,3671466,81108286,-0.16,,,1528,
2025-04-17,00636,國泰中國A50,twse,22.35,22.44,22.23,22.39,1334395,29828143,0.34,,,364,
2025-04-18,00636,國泰中國A50,twse,22.38,22.51,22.38,22.46,783992,17587228,0.07,,,371,
2025-04-21,00636,國泰中國A50,twse,22.46,22.64,22.45,22.48,948168,21377090,0.02,,,446,
2025-04-22,00636,國泰中國A50,twse,22.45,22.58,22.34,22.57,528970,11909189,0.09,,,403,
2025-04-23,00636,國泰中國A50,twse,22.65,22.78,22.53,22.62,1085887,24582182,0.05,,,549,
2025-04-24,00636,國泰中國A50,twse,22.66,22.78,22.63,22.68,506420,11481163,0.06,,,376,
2025-04-25,00636,國泰中國A50,twse,22.85,22.85,22.67,22.69,844165,19169715,0.01,,,424,
2025-04-28,00636,國泰中國A50,twse,22.70,22.71,22.56,22.67,372155,8425159,-0.02,,,425,
2025-04-29,00636,國泰中國A50,twse,22.61,22.61,22.40,22.40,793032,17830940,-0.27,,,461,
2025-04-30,00636,國泰中國A50,twse,22.38,22.40,22.12,22.12,1026785,22870508,-0.28,,,462,
2025-05-02,00636,國泰中國A50,twse,22.21,22.27,21.86,21.91,1410409,31128763,-0.21,,,553,
2025-05-05,00636,國泰中國A50,twse,21.91,21.91,20.90,20.90,3135887,66343053,-1.01,,,1105,
2025-05-06,00636,國泰中國A50,twse,20.89,21.21,20.58,21.17,3497703,73535505,0.27,,,675,
2025-05-07,00636,國泰中國A50,twse,21.26,21.58,21.26,21.37,1123173,24052328,0.2,,,488,
2025-05-08,00636,國泰中國A50,twse,21.41,21.67,21.38,21.57,1038058,22383223,0.2,,,460,
2025-05-09,00636,國泰中國A50,twse,21.57,21.62,21.49,21.56,954681,20582912,-0.01,,,370,
2025-05-12,00636,國泰中國A50,twse,21.65,22.11,21.65,21.93,6649216,145721215,0.37,,,1196,
2025-05-13,00636,國泰中國A50,twse,22.30,22.30,22.04,22.15,1539183,34126997,0.22,,,570,
2025-05-14,00636,國泰中國A50,twse,22.17,22.33,22.05,22.33,1461142,32341675,0.18,,,377,
2025-05-15,00636,國泰中國A50,twse,22.36,22.39,22.20,22.23,975362,21733583,-0.1,,,322,
2025-05-16,00636,國泰中國A50,twse,22.10,22.20,21.91,22.02,749807,16502869,-0.21,,,535,
2025-05-19,00636,國泰中國A50,twse,21.97,22.00,21.84,21.88,744788,16290974,-0.14,,,479,
2025-05-20,00636,國泰中國A50,twse,21.88,22.03,21.88,21.98,1109576,24337952,0.1,,,377,
2025-05-21,00636,國泰中國A50,twse,21.96,22.20,21.96,22.15,2347677,51952767,0.17,,,654,
2025-05-22,00636,國泰中國A50,twse,22.00,22.09,21.94,22.05,1307590,28778780,-0.1,,,415,
2025-05-23,00636,國泰中國A50,twse,22.11,22.13,22.01,22.02,542641,11963366,-0.03,,,266,
2025-05-26,00636,國泰中國A50,twse,21.94,21.94,21.52,21.60,1781284,38701819,-0.42,,,627,
2025-05-27,00636,國泰中國A50,twse,21.53,21.59,21.40,21.43,534733,11486859,-0.17,,,436,
2025-05-28,00636,國泰中國A50,twse,21.47,21.50,21.40,21.43,638351,13673322,0.0,,,400,
2025-05-29,00636,國泰中國A50,twse,21.49,21.57,21.39,21.50,607137,13051210,0.07,,,314,
2025-06-02,00636,國泰中國A50,twse,21.34,21.34,21.06,21.16,1685038,35608637,-0.34,,,494,
2025-06-03,00636,國泰中國A50,twse,21.25,21.58,21.25,21.46,732475,15733796,0.3,,,359,
2025-06-04,00636,國泰中國A50,twse,21.46,21.62,21.46,21.55,289346,6237746,0.09,,,383,
2025-06-05,00636,國泰中國A50,twse,21.60,21.60,21.41,21.52,274801,5901936,-0.03,,,249,
2025-06-06,00636,國泰中國A50,twse,21.60,21.68,21.49,21.51,557540,12006563,-0.01,,,408,
2025-06-09,00636,國泰中國A50,twse,21.51,21.60,21.45,21.52,568321,12223519,0.01,,,398,
2025-06-10,00636,國泰中國A50,twse,21.52,21.64,21.41,21.41,438420,9448137,-0.11,,,371,
2025-06-11,00636,國泰中國A50,twse,21.46,21.72,21.45,21.59,477968,10340768,0.18,,,233,
2025-06-12,00636,國泰中國A50,twse,21.62,21.62,21.39,21.43,879492,18860763,-0.16,,,233,
2025-06-13,00636,國泰中國A50,twse,21.36,21.37,21.14,21.16,2776993,58872738,-0.27,,,539,
2025-06-16,00636,國泰中國A50,twse,21.19,21.20,21.08,21.15,1104892,23355580,-0.01,,,355,
2025-06-17,00636,國泰中國A50,twse,21.15,21.21,21.08,21.15,1111845,23534379,0.0,,,264,
2025-06-18,00636,國泰中國A50,twse,21.32,21.32,21.12,21.29,651675,13848184,0.14,,,616,
2025-06-19,00636,國泰中國A50,twse,21.17,21.22,21.05,21.13,513725,10867464,-0.16,,,237,
2025-06-20,00636,國泰中國A50,twse,21.13,21.28,21.11,21.19,1189299,25207282,0.06,,,237,
2025-06-23,00636,國泰中國A50,twse,21.13,21.25,21.09,21.23,1439418,30482340,0.04,,,254,
2025-06-24,00636,國泰中國A50,twse,21.30,21.67,21.30,21.47,1850898,39755224,0.24,,,297,
2025-06-25,00636,國泰中國A50,twse,21.50,21.57,21.42,21.57,645258,13874501,0.1,,,229,
2025-06-26,00636,國泰中國A50,twse,21.67,21.74,21.58,21.60,3015431,65437495,0.03,,,362,
2025-06-27,00636,國泰中國A50,twse,21.61,21.63,21.19,21.22,2112150,45163529,-0.38,,,410,
2025-06-30,00636,國泰中國A50,twse,21.40,21.40,21.23,21.38,1011038,21553628,0.16,,,265,
2025-07-01,00636,國泰中國A50,twse,21.45,21.58,21.41,21.51,572232,12308393,0.13,,,214,
2025-07-02,00636,國泰中國A50,twse,21.48,21.53,21.41,21.45,737154,15826885,-0.06,,,201,
2025-07-03,00636,國泰中國A50,twse,21.38,21.43,21.24,21.30,3619872,77104577,-0.15,,,524,
2025-07-04,00636,國泰中國A50,twse,21.28,21.62,21.24,21.62,860058,18396221,0.32,,,333,
2025-07-07,00636,國泰中國A50,twse,21.61,21.61,21.42,21.48,1489529,32026052,-0.14,,,278,
2025-07-08,00636,國泰中國A50,twse,21.55,21.63,21.51,21.59,588195,12690333,0.11,,,251,
2025-07-09,00636,國泰中國A50,twse,21.60,21.80,21.60,21.79,550271,11957367,0.2,,,247,
2025-07-10,00636,國泰中國A50,twse,21.78,22.00,21.76,22.00,1389614,30413641,0.21,,,320,
2025-07-11,00636,國泰中國A50,twse,22.05,22.32,22.00,22.23,1773604,39363706,0.23,,,448,
2025-07-14,00636,國泰中國A50,twse,22.16,22.16,21.88,22.04,718818,15820497,-0.19,,,254,
2025-07-15,00636,國泰中國A50,twse,22.07,22.18,21.85,21.93,516054,11352670,-0.11,,,285,
2025-07-16,00636,國泰中國A50,twse,21.95,22.01,21.78,21.84,2041624,44666722,-0.09,,,1064,
2025-07-17,00636,國泰中國A50,twse,21.83,22.04,21.83,21.98,439165,9634170,0.14,,,239,
2025-07-18,00636,國泰中國A50,twse,22.05,22.13,21.91,22.06,657960,14505271,0.08,,,277,
2025-07-21,00636,國泰中國A50,twse,22.10,22.23,22.10,22.19,554281,12292461,0.13,,,267,
2025-07-22,00636,國泰中國A50,twse,22.29,22.35,22.05,22.35,1089909,24212101,0.16,,,356,
2025-07-23,00636,國泰中國A50,twse,22.50,22.65,22.43,22.58,1462022,32954467,0.23,,,399,
2025-07-24,00636,國泰中國A50,twse,22.50,22.53,22.38,22.49,1317488,29617639,-0.09,,,287,
2025-07-25,00636,國泰中國A50,twse,22.50,22.53,22.33,22.40,1064524,23918558,-0.09,,,292,
2025-07-28,00636,國泰中國A50,twse,22.40,22.52,22.30,22.47,809457,18128426,0.07,,,322,
2025-07-29,00636,國泰中國A50,twse,22.44,22.58,22.42,22.56,964753,21699821,0.09,,,292,
2025-07-30,00636,國泰中國A50,twse,22.56,22.81,22.50,22.74,1319016,29841013,0.18,,,335,
2025-07-31,00636,國泰中國A50,twse,22.70,22.70,22.41,22.46,1726224,38902062,-0.28,,,362,
2025-08-01,00636,國泰中國A50,twse,22.30,22.45,22.20,22.21,2000508,44642633,-0.25,,,376,
2025-08-04,00636,國泰中國A50,twse,22.20,22.34,22.06,22.29,1414029,31387881,0.08,,,325,
2025-08-05,00636,國泰中國A50,twse,22.45,22.56,22.37,22.56,972642,21826701,0.27,,,248,
2025-08-06,00636,國泰中國A50,twse,22.55,22.61,22.50,22.58,802203,18103855,0.02,,,247,
2025-08-07,00636,國泰中國A50,twse,22.58,22.73,22.54,22.64,932479,21088072,0.06,,,274,
2025-08-08,00636,國泰中國A50,twse,22.54,22.69,22.51,22.64,686015,15510949,0.0,,,242,
2025-08-11,00636,國泰中國A50,twse,22.64,22.77,22.57,22.73,2637401,59883599,0.09,,,476,
2025-08-12,00636,國泰中國A50,twse,22.73,23.15,22.67,23.07,3096212,71347491,0.34,,,686,
2025-08-13,00636,國泰中國A50,twse,23.12,23.26,23.07,23.16,3491329,80965654,0.09,,,524,
2025-08-14,00636,國泰中國A50,twse,23.16,23.59,23.16,23.33,3326926,78035279,0.17,,,650,
2025-08-15,00636,國泰中國A50,twse,23.31,23.41,23.20,23.37,774063,18018786,0.04,,,321,
2025-08-18,00636,國泰中國A50,twse,23.35,23.59,23.30,23.43,1415137,33211831,0.06,,,463,
2025-08-19,00636,國泰中國A50,twse,23.48,23.54,23.41,23.44,1448637,34010964,0.01,,,392,
2025-08-20,00636,國泰中國A50,twse,23.34,23.55,23.27,23.50,4396732,103119207,0.06,,,1295,
2025-08-21,00636,國泰中國A50,twse,23.73,24.14,23.73,24.12,4980345,119672087,0.62,,,792,
2025-08-22,00636,國泰中國A50,twse,24.12,24.43,24.12,24.41,4084369,99347822,0.29,,,700,
2025-08-25,00636,國泰中國A50,twse,24.59,24.96,24.59,24.72,3446163,85407130,0.31,,,787,
2025-08-26,00636,國泰中國A50,twse,24.87,25.07,24.84,25.01,2639015,65820304,0.29,,,692,
2025-08-27,00636,國泰中國A50,twse,25.00,25.09,24.93,25.02,3786144,94634889,0.01,,,614,
2025-08-28,00636,國泰中國A50,twse,24.50,24.73,24.50,24.50,2949965,72557081,-0.52,,,635,
2025-08-29,00636,國泰中國A50,twse,24.86,25.22,24.76,25.03,4502791,112696962,0.53,,,687,
2025-09-01,00636,國泰中國A50,twse,25.12,25.27,24.98,25.01,2120022,53199781,-0.02,,,596,
2025-09-02,00636,國泰中國A50,twse,25.02,25.27,24.93,24.94,3157717,79234227,-0.07,,,532,
2025-09-03,00636,國泰中國A50,twse,25.19,25.26,24.88,24.92,2732594,68398656,-0.02,,,475,
2025-09-04,00636,國泰中國A50,twse,24.92,24.93,24.30,24.44,3646688,89373651,-0.48,,,722,
2025-09-05,00636,國泰中國A50,twse,24.50,24.69,24.50,24.63,795846,19548760,0.19,,,294,
2025-09-08,00636,國泰中國A50,twse,24.86,24.98,24.73,24.77,1074580,26670165,0.14,,,373,
2025-09-09,00636,國泰中國A50,twse,24.81,24.84,24.60,24.60,2274819,56337391,-0.17,,,391,
2025-09-10,00636,國泰中國A50,twse,24.62,24.74,24.61,24.71,1586541,39140909,0.11,,,331,
2025-09-11,00636,國泰中國A50,twse,24.71,25.18,24.59,25.17,1985817,49554778,0.46,,,561,
2025-09-12,00636,國泰中國A50,twse,25.28,25.38,25.16,25.22,1247690,31568061,0.05,,,479,
2025-09-15,00636,國泰中國A50,twse,25.22,25.45,25.10,25.32,1729272,43758748,0.1,,,438,
2025-09-16,00636,國泰中國A50,twse,25.31,25.31,25.04,25.06,1120352,28163601,-0.26,,,413,
2025-09-17,00636,國泰中國A50,twse,25.06,25.20,24.91,25.17,1800832,45045390,0.11,,,374,
2025-09-18,00636,國泰中國A50,twse,25.19,25.34,25.12,25.12,1129713,28476464,-0.05,,,347,
2025-09-19,00636,國泰中國A50,twse,25.01,25.03,24.81,24.90,2067239,51447901,-0.22,,,402,
2025-09-22,00636,國泰中國A50,twse,24.92,25.14,24.91,25.14,728690,18212395,0.24,,,312,
2025-09-23,00636,國泰中國A50,twse,25.14,25.30,24.83,24.90,4988261,124480408,-0.24,,,679,
2025-09-24,00636,國泰中國A50,twse,25.00,25.19,25.00,25.15,1921917,48203422,0.25,,,308,
2025-09-25,00636,國泰中國A50,twse,25.25,25.61,25.25,25.55,4033145,102506795,0.4,,,659,
2025-09-26,00636,國泰中國A50,twse,25.55,25.57,25.37,25.47,2148560,54802334,-0.08,,,463,
2025-09-30,00636,國泰中國A50,twse,25.51,25.68,25.51,25.59,2229006,57066437,0.12,,,455,
2025-10-01,00636,國泰中國A50,twse,25.56,25.58,25.51,25.51,677669,17321472,-0.08,,,230,
2025-10-02,00636,國泰中國A50,twse,25.53,25.73,25.53,25.67,1076415,27589668,0.16,,,371,
2025-10-03,00636,國泰中國A50,twse,25.67,25.70,25.51,25.53,1019126,26068833,-0.14,,,352,
2025-10-07,00636,國泰中國A50,twse,25.59,25.60,25.46,25.47,1228768,31372980,-0.06,,,392,
2025-10-08,00636,國泰中國A50,twse,25.47,25.55,25.25,25.35,1876418,47641364,-0.12,,,374,
2025-10-09,00636,國泰中國A50,twse,25.43,25.72,25.38,25.65,2113898,54105722,0.3,,,397,
2025-10-13,00636,國泰中國A50,twse,24.81,24.98,24.66,24.80,10033981,248612189,-0.85,,,1812,
2025-10-14,00636,國泰中國A50,twse,25.02,25.20,24.88,25.02,2479884,62153458,0.22,,,452,
2025-10-15,00636,國泰中國A50,twse,24.89,25.00,24.83,24.93,1493836,37185058,-0.09,,,912,
2025-10-16,00636,國泰中國A50,twse,25.15,25.55,25.13,25.39,1491879,37764016,0.46,,,412,
2025-10-17,00636,國泰中國A50,twse,25.43,25.56,25.24,25.32,4785867,121135235,-0.07,,,699,
2025-10-20,00636,國泰中國A50,twse,25.23,25.40,25.20,25.27,1455278,36778034,-0.05,,,359,
2025-10-21,00636,國泰中國A50,twse,25.39,25.80,25.32,25.79,1055263,26995706,0.52,,,449,
2025-10-22,00636,國泰中國A50,twse,25.68,25.79,25.59,25.77,543305,13957460,-0.02,,,271,
2025-10-23,00636,國泰中國A50,twse,25.72,25.88,25.61,25.72,826649,21285815,-0.05,,,291,
2025-10-27,00636,國泰中國A50,twse,26.16,26.64,26.16,26.56,3796774,100495425,0.84,,,875,
2025-10-28,00636,國泰中國A50,twse,26.56,26.64,26.40,26.47,1276259,33844194,-0.09,,,436,
2025-10-29,00636,國泰中國A50,twse,26.48,26.54,26.39,26.44,2277127,60174984,-0.03,,,452,
2025-10-30,00636,國泰中國A50,twse,26.48,26.66,26.36,26.47,1283323,34036382,0.03,,,421,
2025-10-31,00636,國泰中國A50,twse,26.36,26.38,25.94,26.00,984510,25690828,-0.47,,,477,
2025-11-03,00636,國泰中國A50,twse,26.00,26.02,25.76,26.01,994726,25765463,0.01,,,345,
2025-11-04,00636,國泰中國A50,twse,26.03,26.16,26.01,26.05,1552672,40513361,0.04,,,279,
2025-11-05,00636,國泰中國A50,twse,25.99,26.10,25.84,26.08,2525777,65588921,0.03,,,455,
2025-11-06,00636,國泰中國A50,twse,26.08,26.48,26.08,26.40,586005,15420253,0.32,,,368,
2025-11-07,00636,國泰中國A50,twse,26.36,26.39,26.28,26.37,332587,8758436,-0.03,,,266,
2025-11-10,00636,國泰中國A50,twse,26.37,26.42,26.13,26.30,604115,15835929,-0.07,,,308,
2025-11-11,00636,國泰中國A50,twse,26.35,26.43,26.11,26.15,769403,20180538,-0.15,,,285,
2025-11-12,00636,國泰中國A50,twse,26.15,26.46,26.15,26.30,921192,24295212,0.15,,,320,
2025-11-13,00636,國泰中國A50,twse,26.40,26.66,26.36,26.66,921639,24463844,0.36,,,420,
2025-11-14,00636,國泰中國A50,twse,26.53,26.75,26.50,26.59,1023576,27244317,-0.07,,,324,
2025-11-17,00636,國泰中國A50,twse,26.35,26.37,26.18,26.21,1343544,35277326,-0.38,,,394,
2025-11-18,00636,國泰中國A50,twse,26.00,26.34,26.00,26.17,934683,24533717,-0.04,,,319,
2025-11-19,00636,國泰中國A50,twse,26.16,26.50,26.16,26.30,2997659,79007210,0.13,,,1047,
2025-11-20,00636,國泰中國A50,twse,26.35,26.55,26.35,26.48,1438959,38072689,0.18,,,270,
2025-11-21,00636,國泰中國A50,twse,26.21,26.31,25.90,26.05,2105903,54828028,-0.43,,,355,
2025-11-24,00636,國泰中國A50,twse,26.05,26.06,25.75,25.86,663924,17163904,-0.19,,,341,
2025-11-25,00636,國泰中國A50,twse,25.91,26.14,25.89,26.04,1029881,26735753,0.18,,,266,
2025-11-26,00636,國泰中國A50,twse,26.04,26.28,26.04,26.28,463525,12136176,0.24,,,229,
2025-11-27,00636,國泰中國A50,twse,26.21,26.42,26.10,26.35,1163406,30613320,0.07,,,361,
2025-11-28,00636,國泰中國A50,twse,26.27,26.30,26.04,26.26,259597,6801365,-0.09,,,214,
2025-12-01,00636,國泰中國A50,twse,26.26,26.44,26.26,26.41,2486406,65579255,0.15,,,276,
2025-12-02,00636,國泰中國A50,twse,26.52,26.56,26.50,26.54,2751202,72968513,0.13,,,296,
2025-12-03,00636,國泰中國A50,twse,26.54,26.59,26.47,26.52,3125649,82898125,-0.02,,,299,
2025-12-04,00636,國泰中國A50,twse,26.50,26.50,26.24,26.29,2860124,75272819,-0.23,,,252,
2025-12-05,00636,國泰中國A50,twse,26.40,26.41,26.35,26.39,608427,16040845,0.1,,,218,
2025-12-08,00636,國泰中國A50,twse,26.49,26.68,26.49,26.66,1963277,52257243,0.27,,,445,
2025-12-09,00636,國泰中國A50,twse,26.66,26.66,26.50,26.58,1090936,28985648,-0.08,,,319,
2025-12-10,00636,國泰中國A50,twse,26.58,26.58,26.26,26.36,2179284,57517151,-0.22,,,290,
2025-12-11,00636,國泰中國A50,twse,26.45,26.50,26.36,26.40,754512,19946714,0.04,,,204,
2025-12-12,00636,國泰中國A50,twse,26.50,26.50,26.26,26.42,1794772,47362650,0.02,,,216,
2025-12-15,00636,國泰中國A50,twse,26.42,26.61,26.41,26.43,616268,16323866,0.01,,,324,
2025-12-16,00636,國泰中國A50,twse,26.43,26.50,26.23,26.25,821574,21651704,-0.18,,,289,
2025-12-17,00636,國泰中國A50,twse,26.24,26.43,26.24,26.39,967895,25517827,0.14,,,729,
2025-12-18,00636,國泰中國A50,twse,26.49,26.68,26.48,26.62,1820922,48398458,0.23,,,317,
2025-12-19,00636,國泰中國A50,twse,26.66,26.82,26.62,26.68,743292,19869045,0.06,,,315,
2025-12-22,00636,國泰中國A50,twse,26.68,26.87,26.68,26.84,654514,17539286,0.16,,,314,
2025-12-23,00636,國泰中國A50,twse,26.94,27.15,26.90,27.09,911448,24636248,0.25,,,465,
2025-12-24,00636,國泰中國A50,twse,27.10,27.10,26.88,26.99,460047,12387874,-0.1,,,234,
2025-12-26,00636,國泰中國A50,twse,27.03,27.27,27.03,27.16,871104,23667388,0.17,,,405,
2025-12-29,00636,國泰中國A50,twse,27.16,27.22,27.07,27.11,946519,25683895,-0.05,,,314,
2025-12-30,00636,國泰中國A50,twse,27.10,27.19,26.59,27.18,1293318,34941930,0.07,,,274,
2025-12-31,00636,國泰中國A50,twse,27.10,27.28,26.97,27.05,1422461,38569782,-0.13,,,301,
2026-01-02,00636,國泰中國A50,twse,27.08,27.28,27.04,27.28,585046,15913767,0.23,,,324,
2026-01-05,00636,國泰中國A50,twse,27.30,27.41,27.24,27.29,1047102,28593841,0.01,,,422,
2026-01-06,00636,國泰中國A50,twse,27.57,27.82,27.54,27.73,943169,26127298,0.44,,,468,
2026-01-07,00636,國泰中國A50,twse,27.80,27.85,27.63,27.63,778607,21608123,-0.1,,,314,
2026-01-08,00636,國泰中國A50,twse,27.59,27.59,27.45,27.52,567944,15640351,-0.11,,,298,
2026-01-09,00636,國泰中國A50,twse,27.52,27.66,27.44,27.62,751674,20702197,0.1,,,260,
2026-01-12,00636,國泰中國A50,twse,27.62,27.70,27.30,27.69,515610,14191719,0.07,,,359,
2026-01-13,00636,國泰中國A50,twse,27.75,27.93,27.63,27.64,1427516,39610644,-0.05,,,398,
2026-01-14,00636,國泰中國A50,twse,27.56,27.77,27.31,27.40,2385440,65815294,-0.24,,,371,
2026-01-15,00636,國泰中國A50,twse,27.40,27.44,27.20,27.31,1403196,38345825,-0.09,,,325,
2026-01-16,00636,國泰中國A50,twse,27.40,27.56,27.19,27.25,1369659,37610394,-0.06,,,320,
2026-01-19,00636,國泰中國A50,twse,27.25,27.28,26.94,27.09,819910,22191344,-0.16,,,464,
2026-01-20,00636,國泰中國A50,twse,27.08,27.20,26.91,27.04,1028503,27811111,-0.05,,,326,
2026-01-21,00636,國泰中國A50,twse,27.01,27.18,26.90,27.02,1054355,28478495,-0.02,,,579,
2026-01-22,00636,國泰中國A50,twse,27.02,27.04,26.66,26.75,1265044,33968690,-0.27,,,552,
2026-01-23,00636,國泰中國A50,twse,26.79,26.84,26.50,26.53,1349140,35981339,-0.22,,,486,
2026-01-26,00636,國泰中國A50,twse,26.40,26.72,26.36,26.56,1371135,36271119,0.03,,,398,
2026-01-27,00636,國泰中國A50,twse,26.56,26.77,26.48,26.64,739677,19683152,0.08,,,326,
2026-01-28,00636,國泰中國A50,twse,26.55,26.55,26.29,26.29,1731427,45688083,-0.35,,,647,
2026-01-29,00636,國泰中國A50,twse,26.30,26.45,26.28,26.44,1141511,30057828,0.15,,,326,
2026-01-30,00636,國泰中國A50,twse,26.56,26.75,26.40,26.73,2783715,74064113,0.29,,,387,
2026-02-02,00636,國泰中國A50,twse,26.62,26.94,26.52,26.52,1309198,34960685,-0.21,,,357,
2026-02-03,00636,國泰中國A50,twse,26.57,26.65,26.19,26.39,3340539,87975858,-0.13,,,475,
2026-02-04,00636,國泰中國A50,twse,26.41,26.62,26.41,26.58,1997539,53008890,0.19,,,257,
2026-02-05,00636,國泰中國A50,twse,26.65,26.76,26.57,26.68,811796,21649513,0.1,,,251,
2026-02-06,00636,國泰中國A50,twse,26.65,26.68,26.38,26.67,826762,22016994,-0.01,,,289,
2026-02-09,00636,國泰中國A50,twse,26.82,26.93,26.70,26.93,3444795,92445294,0.26,,,361,
2026-02-10,00636,國泰中國A50,twse,26.95,27.04,26.88,26.95,634612,17119630,0.02,,,265,
2026-02-11,00636,國泰中國A50,twse,26.91,26.91,26.73,26.77,498194,13340764,-0.18,,,246,
2026-02-23,00636,國泰中國A50,twse,26.72,26.84,26.61,26.63,2142543,57287037,-0.14,,,902,
2026-02-24,00636,國泰中國A50,twse,26.63,26.82,26.52,26.57,1235196,32940546,-0.06,,,337,
2026-02-25,00636,國泰中國A50,twse,26.56,26.87,26.51,26.67,718794,19162183,0.1,,,285,
2026-02-26,00636,國泰中國A50,twse,26.67,26.75,26.30,26.35,7733294,203754088,-0.32,,,834,
2026-03-02,00636,國泰中國A50,twse,26.15,26.58,26.10,26.55,2341478,61756237,0.2,,,418,
2026-03-03,00636,國泰中國A50,twse,26.54,26.96,26.40,26.80,2656172,70931835,0.25,,,419,
2026-03-04,00636,國泰中國A50,twse,26.50,26.50,25.79,25.84,8167112,211477191,-0.96,,,876,
2026-03-05,00636,國泰中國A50,twse,26.36,26.50,26.14,26.48,2345346,61773801,0.64,,,372,
2026-03-06,00636,國泰中國A50,twse,26.28,26.42,26.25,26.39,1186860,31232688,-0.09,,,255,
2026-03-09,00636,國泰中國A50,twse,26.23,26.26,25.76,26.25,1368803,35613282,-0.14,,,422,
2026-03-10,00636,國泰中國A50,twse,26.50,26.66,26.47,26.62,804256,21359546,0.37,,,294,
2026-03-11,00636,國泰中國A50,twse,26.63,27.10,26.63,27.00,717201,19325125,0.38,,,318,
2026-03-12,00636,國泰中國A50,twse,27.00,27.01,26.76,26.78,525227,14148562,-0.22,,,189,
2026-03-13,00636,國泰中國A50,twse,26.97,27.16,26.82,27.13,744872,20132819,0.35,,,311,
2026-03-16,00636,國泰中國A50,twse,27.13,27.18,26.87,27.16,785882,21215801,0.03,,,320,
2026-03-17,00636,國泰中國A50,twse,27.16,27.53,27.11,27.35,1200614,32783530,0.19,,,337,
2026-03-18,00636,國泰中國A50,twse,27.35,27.35,26.90,26.99,775095,20966663,-0.36,,,603,
2026-03-19,00636,國泰中國A50,twse,26.85,27.07,26.84,26.91,1257194,33899709,-0.08,,,171,
2026-03-20,00636,國泰中國A50,twse,26.88,27.18,26.77,27.06,1273783,34511109,0.15,,,286,
2026-03-23,00636,國泰中國A50,twse,26.92,26.92,26.37,26.37,1315973,34993324,-0.69,,,349,
2026-03-24,00636,國泰中國A50,twse,26.50,26.54,26.12,26.25,895450,23596157,-0.12,,,257,
2026-03-25,00636,國泰中國A50,twse,26.29,26.74,26.29,26.74,931235,24733436,0.49,,,228,
2026-03-26,00636,國泰中國A50,twse,26.74,26.76,26.55,26.55,333376,8889477,-0.19,,,216,
2026-03-27,00636,國泰中國A50,twse,26.30,26.70,26.30,26.67,410851,10863317,0.12,,,230,
2026-03-30,00636,國泰中國A50,twse,26.53,26.64,26.25,26.60,665323,17644851,-0.07,,,224,
2026-03-31,00636,國泰中國A50,twse,26.69,26.98,26.69,26.76,672870,18021267,0.16,,,260,
2026-04-01,00636,國泰中國A50,twse,26.80,27.03,26.78,26.97,1220862,32786996,0.21,,,266,
2026-04-02,00636,國泰中國A50,twse,27.07,27.07,26.80,26.80,338966,9142355,-0.17,,,214,
2026-04-07,00636,國泰中國A50,twse,26.90,26.90,26.47,26.47,377668,10039157,-0.33,,,282,
2026-04-08,00636,國泰中國A50,twse,26.53,27.26,26.53,27.26,1460782,39547390,0.79,,,422,
2026-04-09,00636,國泰中國A50,twse,27.25,27.25,27.10,27.15,293171,7962949,-0.11,,,181,
2026-04-10,00636,國泰中國A50,twse,27.15,27.49,27.12,27.48,772411,21153861,0.33,,,318,
2026-04-13,00636,國泰中國A50,twse,27.48,27.67,27.43,27.63,878137,24212501,0.15,,,323,
2026-04-14,00636,國泰中國A50,twse,27.70,27.88,27.66,27.67,864674,24044844,0.04,,,308,
2026-04-15,00636,國泰中國A50,twse,27.82,28.13,27.82,28.00,1186601,33277361,0.33,,,536,
2026-04-16,00636,國泰中國A50,twse,28.05,28.21,28.02,28.15,794720,22377386,0.15,,,349,
2026-04-17,00636,國泰中國A50,twse,28.15,28.15,28.00,28.07,413790,11610749,-0.08,,,291,
2026-04-20,00636,國泰中國A50,twse,28.08,28.16,27.95,28.11,584992,16421352,0.04,,,353,
2026-04-21,00636,國泰中國A50,twse,28.11,28.21,27.96,28.13,447865,12577656,0.02,,,259,
2026-04-22,00636,國泰中國A50,twse,28.11,28.21,28.07,28.20,591964,16667631,0.07,,,280,
2026-04-23,00636,國泰中國A50,twse,28.21,28.37,28.08,28.24,2007965,56663670,0.04,,,440,
2026-04-24,00636,國泰中國A50,twse,28.24,28.31,28.02,28.09,647625,18208335,-0.15,,,250,
2026-04-27,00636,國泰中國A50,twse,28.09,28.20,28.02,28.03,876099,24638110,-0.06,,,258,
2026-04-28,00636,國泰中國A50,twse,28.03,28.20,27.97,28.15,593091,16669322,0.12,,,333,
2026-04-29,00636,國泰中國A50,twse,28.02,28.16,27.96,28.15,586234,16442284,0.0,,,236,
2026-04-30,00636,國泰中國A50,twse,28.14,28.39,28.14,28.32,1270141,35965514,0.17,,,279,
2026-05-04,00636,國泰中國A50,twse,28.35,28.61,28.35,28.57,993373,28353466,0.25,,,391,
2026-05-05,00636,國泰中國A50,twse,28.57,28.57,28.44,28.45,509289,14496093,-0.12,,,228,
2026-05-06,00636,國泰中國A50,twse,28.45,28.85,28.45,28.71,1155444,33129822,0.26,,,445,
2026-05-07,00636,國泰中國A50,twse,28.71,28.85,28.49,28.59,451900,12926735,-0.12,,,335,
2026-05-08,00636,國泰中國A50,twse,28.60,28.60,28.29,28.42,146144,4153689,-0.17,,,203,
2026-05-11,00636,國泰中國A50,twse,28.42,28.72,28.39,28.67,577910,16498321,0.25,,,312,
2026-05-12,00636,國泰中國A50,twse,28.80,29.10,28.80,29.03,1221849,35413358,0.36,,,432,
2026-05-13,00636,國泰中國A50,twse,29.05,29.16,28.97,29.13,635452,18469300,0.1,,,309,
2026-05-14,00636,國泰中國A50,twse,29.38,29.47,28.82,29.07,773867,22529260,-0.06,,,335,
2026-05-15,00636,國泰中國A50,twse,29.08,29.08,28.63,28.68,744436,21395030,-0.39,,,318,
2026-05-18,00636,國泰中國A50,twse,28.51,28.54,28.26,28.36,750227,21303671,-0.32,,,330,
2026-05-19,00636,國泰中國A50,twse,28.36,28.36,28.12,28.23,476149,13435951,-0.13,,,293,
2026-05-20,00636,國泰中國A50,twse,28.30,28.53,28.30,28.31,663515,18823336,0.08,,,360,
2026-05-21,00636,國泰中國A50,twse,28.51,28.80,28.43,28.48,311247,8889278,0.17,,,200,
2026-05-22,00636,國泰中國A50,twse,28.44,28.44,27.98,28.08,1131986,31818535,-0.4,,,327,
2026-05-25,00636,國泰中國A50,twse,28.08,28.49,28.08,28.33,1121005,31793507,0.25,,,294,
2026-05-26,00636,國泰中國A50,twse,28.38,28.71,28.26,28.56,1165985,33178351,0.23,,,313,
2026-05-27,00636,國泰中國A50,twse,28.62,28.88,28.54,28.65,703882,20198579,0.09,,,294,
2026-05-28,00636,國泰中國A50,twse,28.65,28.65,28.38,28.56,420337,11962391,-0.09,,,287,
2026-05-29,00636,國泰中國A50,twse,28.67,29.18,28.67,29.15,1116891,32363818,0.59,,,375,
2026-06-01,00636,國泰中國A50,twse,29.08,29.08,28.54,28.73,533304,15334279,-0.42,,,303,
2026-06-02,00636,國泰中國A50,twse,28.50,29.31,28.45,29.31,769237,22254501,0.58,,,344,
2026-06-03,00636,國泰中國A50,twse,29.35,29.67,29.22,29.51,1139830,33578292,0.2,,,398,
2026-06-04,00636,國泰中國A50,twse,29.28,29.28,28.94,28.94,471588,13728360,-0.57,,,243,
2026-06-05,00636,國泰中國A50,twse,28.92,29.06,28.71,28.71,462644,13361125,-0.23,,,246,
2026-06-08,00636,國泰中國A50,twse,28.20,28.32,27.96,28.05,776262,21847066,-0.66,,,382,
2026-06-09,00636,國泰中國A50,twse,28.07,28.16,27.96,28.13,1162924,32642366,0.08,,,304,
2026-06-10,00636,國泰中國A50,twse,28.23,28.50,28.20,28.33,1543547,43784178,0.2,,,275,
2026-06-11,00636,國泰中國A50,twse,28.33,28.52,28.24,28.30,399350,11316020,-0.03,,,201,
2026-06-12,00636,國泰中國A50,twse,28.32,28.94,28.32,28.94,877514,25223217,0.64,,,256,
2026-06-15,00636,國泰中國A50,twse,28.98,29.11,28.94,28.96,366914,10655779,0.02,,,264,
2026-06-16,00636,國泰中國A50,twse,29.07,29.21,29.00,29.00,276465,8053166,0.04,,,257,
2026-06-17,00636,國泰中國A50,twse,28.97,28.97,28.67,28.76,878872,25262411,-0.24,,,678,
2026-06-18,00636,國泰中國A50,twse,28.95,29.12,28.78,29.05,410181,11887220,0.29,,,241,
2026-06-22,00636,國泰中國A50,twse,29.01,29.43,28.83,29.43,1126231,32825895,0.38,,,409,
2026-06-23,00636,國泰中國A50,twse,30.26,30.26,28.92,28.92,784972,23097621,-0.51,,,351,
2026-06-24,00636,國泰中國A50,twse,29.20,29.20,28.59,28.82,472502,13612133,-0.1,,,224,
2026-06-25,00636,國泰中國A50,twse,28.80,29.41,28.68,29.15,1740588,50629103,0.33,,,291,
2026-06-26,00636,國泰中國A50,twse,29.15,29.25,28.30,28.56,1217376,35214097,-0.59,,,313,
2026-06-29,00636,國泰中國A50,twse,28.50,28.68,28.20,28.46,738300,20933777,-0.1,,,286,
2026-06-30,00636,國泰中國A50,twse,28.82,29.20,28.70,29.03,1243388,35937763,0.57,,,235,
2026-07-01,00636,國泰中國A50,twse,29.00,29.14,28.80,28.88,565871,16382324,-0.15,,,216,
2026-07-02,00636,國泰中國A50,twse,28.88,28.88,28.02,28.07,599097,16924710,-0.81,,,344,
2026-07-03,00636,國泰中國A50,twse,28.46,28.46,27.86,28.23,314767,8832949,0.16,,,232,
2026-07-06,00636,國泰中國A50,twse,28.23,28.44,28.06,28.29,428732,12101103,0.06,,,275,
2026-07-07,00636,國泰中國A50,twse,28.16,28.37,27.91,28.10,350588,9871760,-0.19,,,244,
2026-07-08,00636,國泰中國A50,twse,28.36,28.51,28.21,28.37,543477,15412465,0.27,,,205,
2026-07-09,00636,國泰中國A50,twse,28.33,28.58,28.10,28.49,201366,5696376,0.12,,,188,
2026-07-13,00636,國泰中國A50,twse,28.68,28.68,27.97,27.97,456507,12889971,-0.52,,,299,
2026-07-14,00636,國泰中國A50,twse,28.08,28.55,28.04,28.49,1539377,43429208,0.52,,,302,
2026-07-15,00636,國泰中國A50,twse,28.55,29.20,28.55,29.08,876127,25448266,0.59,,,311,
2026-07-16,00636,國泰中國A50,twse,29.08,29.08,28.61,28.67,676955,19423435,-0.41,,,230,
2026-07-17,00636,國泰中國A50,twse,28.53,28.53,27.68,27.76,1283661,35876135,-0.91,,,399,
2026-07-20,00636,國泰中國A50,twse,28.03,28.48,27.82,28.29,1124759,31878977,0.53,,,286,
2026-07-21,00636,國泰中國A50,twse,28.29,28.84,28.28,28.84,732201,20919321,0.55,,,231,
2026-07-22,00636,國泰中國A50,twse,29.05,29.30,28.95,29.10,1290033,37581774,0.26,,,292,
2026-07-23,00636,國泰中國A50,twse,29.10,29.10,28.87,29.02,1042996,30187223,-0.08,,,205,
2026-07-24,00636,國泰中國A50,twse,28.88,28.88,28.70,28.81,1054477,30331218,-0.21,,,161,
2026-07-27,00636,國泰中國A50,twse,28.83,28.84,28.61,28.76,397354,11436680,-0.05,,,232,
2026-07-28,00636,國泰中國A50,twse,28.76,28.78,28.23,28.25,572353,16315154,-0.51,,,263,
2026-07-29,00636,國泰中國A50,twse,28.24,28.35,27.96,28.34,626549,17626778,0.09,,,268,
2026-07-30,00636,國泰中國A50,twse,28.34,28.34,27.65,27.98,917395,25680490,-0.36,,,299,
2026-07-31,00636,國泰中國A50,twse,28.27,28.70,28.27,28.33,302095,8619766,0.35,,,187,
2026-08-03,00636,國泰中國A50,twse,28.28,28.28,27.82,28.02,580044,16249419,-0.31,,,265,
2026-08-04,00636,國泰中國A50,twse,28.10,28.21,28.01,28.19,193119,5425899,0.17,,,169,
2026-08-05,00636,國泰中國A50,twse,28.43,28.51,27.95,28.51,764252,21538815,0.32,,,239,
2026-08-06,00636,國泰中國A50,twse,28.24,28.50,28.15,28.35,340230,9627464,-0.16,,,211,
2026-08-07,00636,國泰中國A50,twse,28.47,28.75,28.45,28.69,551085,15748634,0.34,,,251,
2026-08-10,00636,國泰中國A50,twse,28.70,28.79,28.44,28.45,320299,9171344,-0.24,,,247,
2026-08-11,00636,國泰中國A50,twse,28.60,28.64,28.40,28.48,948596,27101027,0.03,,,206,
2026-08-12,00636,國泰中國A50,twse,28.37,28.53,28.35,28.47,189930,5407992,-0.01,,,118,
2026-08-13,00636,國泰中國A50,twse,28.57,28.75,28.55,28.72,323654,9283089,0.25,,,219,
2026-08-14,00636,國泰中國A50,twse,28.71,28.71,28.15,28.19,553428,15684299,-0.53,,,234,
2026-08-17,00636,國泰中國A50,twse,28.20,28.46,28.15,28.42,362311,10239481,0.23,,,239,
2026-08-18,00636,國泰中國A50,twse,28.45,28.50,28.17,28.22,141843,4005917,-0.2,,,392,
2026-08-19,00636,國泰中國A50,twse,28.30,28.32,27.77,27.87,919055,25641276,-0.35,,,907,
2026-08-20,00636,國泰中國A50,twse,27.90,28.01,27.77,27.79,428313,11964624,-0.08,,,213,
2026-08-21,00636,國泰中國A50,twse,27.79,28.09,27.79,28.01,426902,11902949,0.22,,,157,
2026-08-24,00636,國泰中國A50,twse,28.09,28.09,27.56,27.57,285798,7935840,-0.44,,,320,
2026-08-25,00636,國泰中國A50,twse,27.59,27.75,27.55,27.71,289242,7987380,0.14,,,188,
2026-08-26,00636,國泰中國A50,twse,27.69,28.02,27.63,27.89,232528,6470807,0.18,,,199,
2026-08-27,00636,國泰中國A50,twse,27.86,27.89,27.76,27.82,209247,5825923,-0.07,,,185,
2026-08-28,00636,國泰中國A50,twse,27.84,27.86,27.64,27.65,656610,18222132,-0.17,,,224,
2026-08-31,00636,國泰中國A50,twse,27.55,27.63,27.34,27.63,225889,6205292,-0.02,,,217,
2026-09-01,00636,國泰中國A50,twse,27.70,27.87,27.57,27.80,269665,7456044,0.17,,,191,
2026-09-02,00636,國泰中國A50,twse,27.56,27.63,27.30,27.47,184673,5060677,-0.33,,,211,
2026-09-03,00636,國泰中國A50,twse,27.60,27.66,27.38,27.38,142533,3930726,-0.09,,,214,
2026-09-04,00636,國泰中國A50,twse,27.38,27.78,27.38,27.75,244769,6777876,0.37,,,170,
