date,stock_id,name,market,open,high,low,close,volume,amount,change,limit,shares,transactions,price_basis,last_price,valid_bar
2016-08-05,00665L,富邦恒生國企正2,twse,20.04,20.57,20.03,20.42,5544000,112595140,0.4,,28965000,1577,,,1
2016-08-08,00665L,富邦恒生國企正2,twse,20.38,20.90,20.38,20.89,3083000,63981270,0.47,,29465000,229,,,1
2016-08-09,00665L,富邦恒生國企正2,twse,20.91,21.13,20.90,21.13,2807000,59024790,0.24,,30465000,129,,,1
2016-08-10,00665L,富邦恒生國企正2,twse,21.29,21.45,21.19,21.39,3441000,73467170,0.26,,30465000,164,,,1
2016-08-11,00665L,富邦恒生國企正2,twse,21.23,21.67,20.94,21.67,4576000,97634230,0.28,,29965000,205,,,1
2016-08-12,00665L,富邦恒生國企正2,twse,21.70,22.40,21.70,22.34,4539000,100878210,0.67,,29965000,266,,,1
2016-08-15,00665L,富邦恒生國企正2,twse,22.45,23.21,22.27,23.13,5447000,124276340,0.79,,29965000,309,,,1
2016-08-16,00665L,富邦恒生國企正2,twse,23.47,23.50,22.92,23.11,2915000,67456280,-0.02,,29965000,304,,,1
2016-08-17,00665L,富邦恒生國企正2,twse,23.65,23.70,22.96,23.08,4466000,103527710,-0.03,,29965000,503,,,1
2016-08-18,00665L,富邦恒生國企正2,twse,22.91,23.25,22.73,23.06,3822000,88081460,-0.02,,29965000,264,,,1
2016-08-19,00665L,富邦恒生國企正2,twse,23.06,23.06,22.41,22.60,3214000,73099510,-0.46,,29465000,376,,,1
2016-08-22,00665L,富邦恒生國企正2,twse,22.69,22.76,22.18,22.37,3197000,71936820,-0.23,,29465000,272,,,1
2016-08-23,00665L,富邦恒生國企正2,twse,22.32,22.62,22.32,22.53,2317000,52135450,0.16,,29465000,169,,,1
2016-08-24,00665L,富邦恒生國企正2,twse,22.55,22.63,21.99,22.09,3582000,79814440,-0.44,,29465000,301,,,1
2016-08-25,00665L,富邦恒生國企正2,twse,22.00,22.43,22.00,22.30,2083000,46341520,0.21,,29465000,136,,,1
2016-08-26,00665L,富邦恒生國企正2,twse,22.22,22.54,22.19,22.33,2585000,57931650,0.03,,29465000,163,,,1
2016-08-29,00665L,富邦恒生國企正2,twse,22.39,22.47,21.94,22.19,3244000,71817890,-0.14,,29465000,187,,,1
2016-08-30,00665L,富邦恒生國企正2,twse,22.27,22.66,22.22,22.64,2408000,54039060,0.45,,29465000,191,,,1
2016-08-31,00665L,富邦恒生國企正2,twse,22.62,22.62,22.45,22.49,2285000,51462610,-0.15,,29465000,145,,,1
2016-09-01,00665L,富邦恒生國企正2,twse,22.33,22.65,22.04,22.52,3389000,75682880,0.03,,29465000,277,,,1
2016-09-02,00665L,富邦恒生國企正2,twse,22.52,23.03,22.52,23.03,2330000,53227760,0.51,,29465000,264,,,1
2016-09-05,00665L,富邦恒生國企正2,twse,23.23,23.85,23.23,23.78,3425000,80996710,0.75,,29465000,507,,,1
2016-09-06,00665L,富邦恒生國企正2,twse,23.87,23.97,23.56,23.90,3193000,75982890,0.12,,29465000,281,,,1
2016-09-07,00665L,富邦恒生國企正2,twse,24.00,24.46,23.94,24.32,3146000,76192880,0.42,,29465000,405,,,1
2016-09-08,00665L,富邦恒生國企正2,twse,24.32,24.46,24.13,24.41,1960000,47674020,0.09,,29465000,298,,,1
2016-09-09,00665L,富邦恒生國企正2,twse,24.45,25.26,24.40,25.26,3390000,84150740,0.85,,29465000,516,,,1
2016-09-10,00665L,富邦恒生國企正2,twse,24.80,24.80,24.08,24.10,1207000,29318190,-1.16,,29465000,615,,,1
2016-09-12,00665L,富邦恒生國企正2,twse,24.00,24.16,23.05,23.08,6523000,153022880,-1.02,,33965000,1543,,,1
2016-09-13,00665L,富邦恒生國企正2,twse,23.35,23.58,23.05,23.08,3612000,84131570,0.0,,33965000,472,,,1
2016-09-14,00665L,富邦恒生國企正2,twse,22.69,22.84,22.36,22.53,3242000,73035680,-0.55,,33965000,714,,,1
2016-09-19,00665L,富邦恒生國企正2,twse,22.59,23.60,22.59,23.55,4162000,97212360,1.02,,37465000,565,,,1
2016-09-20,00665L,富邦恒生國企正2,twse,23.55,23.55,23.02,23.18,2438000,56593590,-0.37,,38465000,396,,,1
2016-09-21,00665L,富邦恒生國企正2,twse,23.25,23.78,23.07,23.78,3087000,72089040,0.6,,38465000,355,,,1
2016-09-22,00665L,富邦恒生國企正2,twse,23.99,24.91,23.99,24.22,3839000,94154720,0.44,,39465000,693,,,1
2016-09-23,00665L,富邦恒生國企正2,twse,24.48,24.48,23.74,23.81,3256000,78335620,-0.41,,40465000,498,,,1
2016-09-26,00665L,富邦恒生國企正2,twse,23.56,23.69,22.93,23.22,3505000,81115410,-0.59,,41465000,628,,,1
2016-09-29,00665L,富邦恒生國企正2,twse,23.30,23.58,23.11,23.40,2628000,61531210,0.18,,42465000,301,,,1
2016-09-30,00665L,富邦恒生國企正2,twse,23.21,23.21,22.71,22.86,3933000,89791510,-0.54,,44965000,423,,,1
2016-10-03,00665L,富邦恒生國企正2,twse,22.90,23.30,22.90,22.94,2795000,64386120,0.08,,44965000,273,,,1
2016-10-04,00665L,富邦恒生國企正2,twse,22.90,23.11,22.84,23.04,2517000,57810790,0.1,,44965000,219,,,1
2016-10-05,00665L,富邦恒生國企正2,twse,23.09,23.68,22.84,23.53,3463000,80944870,0.49,,44965000,418,,,1
2016-10-06,00665L,富邦恒生國企正2,twse,23.64,24.06,23.58,24.00,2953000,70324360,0.47,,44965000,418,,,1
2016-10-07,00665L,富邦恒生國企正2,twse,24.02,24.15,23.89,23.95,1820000,43666910,-0.05,,44965000,277,,,1
2016-10-11,00665L,富邦恒生國企正2,twse,24.19,24.64,23.30,23.43,4925000,117927470,-0.52,,44965000,671,,,1
2016-10-12,00665L,富邦恒生國企正2,twse,23.36,23.36,22.68,22.75,6683000,153028750,-0.68,,44965000,981,,,1
2016-10-13,00665L,富邦恒生國企正2,twse,22.82,22.86,22.11,22.25,6822000,153184040,-0.5,,53465000,951,,,1
2016-10-14,00665L,富邦恒生國企正2,twse,22.17,22.49,22.12,22.41,3522000,78565130,0.16,,53465000,471,,,1
2016-10-17,00665L,富邦恒生國企正2,twse,22.49,22.54,22.10,22.36,3613000,80576630,-0.05,,53465000,396,,,1
2016-10-18,00665L,富邦恒生國企正2,twse,22.39,22.92,22.39,22.92,3597000,81706560,0.56,,53465000,454,,,1
2016-10-19,00665L,富邦恒生國企正2,twse,23.03,23.09,22.70,22.72,3187000,73012870,-0.2,,53465000,371,,,1
2016-10-20,00665L,富邦恒生國企正2,twse,22.83,23.09,22.83,22.99,3222000,74164100,0.27,,53465000,330,,,1
2016-10-21,00665L,富邦恒生國企正2,twse,22.91,22.95,22.87,22.87,1288000,29508940,-0.12,,53465000,135,,,1
2016-10-24,00665L,富邦恒生國企正2,twse,23.02,23.46,22.64,23.36,3977000,91748780,0.49,,53465000,586,,,1
2016-10-25,00665L,富邦恒生國企正2,twse,23.49,23.56,23.39,23.46,2954000,69383060,0.1,,53465000,383,,,1
2016-10-26,00665L,富邦恒生國企正2,twse,23.38,23.38,22.93,23.01,3310000,76333000,-0.45,,53465000,478,,,1
2016-10-27,00665L,富邦恒生國企正2,twse,22.93,22.96,22.10,22.22,7323000,164444200,-0.79,,53465000,1120,,,1
2016-10-28,00665L,富邦恒生國企正2,twse,22.29,22.62,22.21,22.21,2734000,61147530,-0.01,,53465000,580,,,1
2016-10-31,00665L,富邦恒生國企正2,twse,22.11,22.56,21.81,22.50,4093000,91235500,0.29,,53465000,603,,,1
2016-11-01,00665L,富邦恒生國企正2,twse,22.38,23.19,22.30,23.10,5758000,131829690,0.6,,53465000,708,,,1
2016-11-02,00665L,富邦恒生國企正2,twse,22.89,22.89,21.98,21.98,6604000,146861330,-1.12,,53465000,1269,,,1
2016-11-03,00665L,富邦恒生國企正2,twse,21.90,22.19,21.79,22.16,4774000,104920820,0.18,,53465000,798,,,1
2016-11-04,00665L,富邦恒生國企正2,twse,22.05,22.09,21.76,21.88,3067000,67182630,-0.28,,57965000,565,,,1
2016-11-07,00665L,富邦恒生國企正2,twse,22.10,22.30,22.05,22.22,3405000,75657570,0.34,,57965000,481,,,1
2016-11-08,00665L,富邦恒生國企正2,twse,22.40,22.75,22.27,22.45,4439000,100095520,0.23,,57965000,767,,,1
2016-11-09,00665L,富邦恒生國企正2,twse,22.55,22.97,20.30,20.92,12904000,280754450,-1.53,,57965000,2063,,,1
2016-11-10,00665L,富邦恒生國企正2,twse,22.20,22.53,22.02,22.30,5164000,114875750,1.38,,57965000,1037,,,1
2016-11-11,00665L,富邦恒生國企正2,twse,22.06,22.06,21.10,21.72,7428000,159846070,-0.58,,57965000,1281,,,1
2016-11-14,00665L,富邦恒生國企正2,twse,21.50,21.70,20.93,21.25,5949000,125991180,-0.47,,61965000,1096,,,1
2016-11-15,00665L,富邦恒生國企正2,twse,21.00,21.61,21.00,21.48,4104000,87975610,0.23,,62465000,582,,,1
2016-11-16,00665L,富邦恒生國企正2,twse,21.66,21.90,21.59,21.66,4691000,102030860,0.18,,62465000,652,,,1
2016-11-17,00665L,富邦恒生國企正2,twse,21.45,21.62,21.07,21.22,4074000,86695660,-0.44,,62965000,693,,,1
2016-11-18,00665L,富邦恒生國企正2,twse,21.35,21.35,20.92,21.16,4044000,85349630,-0.06,,64965000,637,,,1
2016-11-21,00665L,富邦恒生國企正2,twse,21.11,21.79,21.07,21.56,3885000,83828620,0.4,,65465000,681,,,1
2016-11-22,00665L,富邦恒生國企正2,twse,21.62,22.48,21.62,22.44,7289000,162201810,0.88,,65465000,1114,,,1
2016-11-23,00665L,富邦恒生國企正2,twse,22.49,23.08,22.49,22.87,6366000,145647900,0.43,,65465000,974,,,1
2016-11-24,00665L,富邦恒生國企正2,twse,22.75,22.75,22.20,22.68,5677000,127335550,-0.19,,65465000,936,,,1
2016-11-25,00665L,富邦恒生國企正2,twse,22.68,23.16,22.62,22.97,5389000,123672930,0.29,,65465000,813,,,1
2016-11-28,00665L,富邦恒生國企正2,twse,23.43,23.77,23.20,23.77,6601000,155329570,0.8,,65465000,1049,,,1
2016-11-29,00665L,富邦恒生國企正2,twse,23.65,23.70,23.30,23.61,5356000,125914400,-0.16,,65465000,843,,,1
2016-11-30,00665L,富邦恒生國企正2,twse,23.50,23.98,23.50,23.61,4903000,116234120,0.0,,65465000,666,,,1
2016-12-01,00665L,富邦恒生國企正2,twse,23.57,24.13,23.57,23.85,3622000,86751480,0.24,,64965000,669,,,1
2016-12-02,00665L,富邦恒生國企正2,twse,23.85,23.85,23.11,23.26,5965000,139297900,-0.59,,64965000,986,,,1
2016-12-05,00665L,富邦恒生國企正2,twse,23.30,23.39,22.77,22.82,4125000,94885610,-0.44,,64965000,768,,,1
2016-12-06,00665L,富邦恒生國企正2,twse,23.04,23.35,23.04,23.18,4941000,114870250,0.36,,64965000,624,,,1
2016-12-07,00665L,富邦恒生國企正2,twse,23.38,23.49,23.10,23.32,3699000,86020840,0.14,,64965000,480,,,1
2016-12-08,00665L,富邦恒生國企正2,twse,23.55,24.05,23.55,23.78,5947000,141799810,0.46,,64965000,879,,,1
2016-12-09,00665L,富邦恒生國企正2,twse,23.75,23.90,23.44,23.78,3661000,86825290,0.0,,64965000,628,,,1
2016-12-12,00665L,富邦恒生國企正2,twse,23.85,23.87,22.83,22.92,5050000,117400060,-0.86,,64965000,936,,,1
2016-12-13,00665L,富邦恒生國企正2,twse,22.78,22.85,22.52,22.69,3108000,70480600,-0.23,,64965000,547,,,1
2016-12-14,00665L,富邦恒生國企正2,twse,22.80,23.16,22.80,23.00,3682000,84782470,0.31,,64965000,471,,,1
2016-12-15,00665L,富邦恒生國企正2,twse,22.79,22.79,21.60,21.72,10175000,223263000,-1.28,,64965000,1577,,,1
2016-12-16,00665L,富邦恒生國企正2,twse,21.75,22.14,21.60,21.88,3888000,85092220,0.16,,65465000,520,,,1
2016-12-19,00665L,富邦恒生國企正2,twse,21.69,21.76,21.29,21.32,3357000,72012410,-0.56,,65465000,539,,,1
2016-12-20,00665L,富邦恒生國企正2,twse,21.27,21.39,21.02,21.02,2855000,60445230,-0.3,,65465000,462,,,1
2016-12-21,00665L,富邦恒生國企正2,twse,21.04,21.30,20.98,21.20,3308000,69903740,0.18,,65465000,770,,,1
2016-12-22,00665L,富邦恒生國企正2,twse,21.19,21.19,20.50,20.56,5005000,103933600,-0.64,,65465000,1863,,,1
2016-12-23,00665L,富邦恒生國企正2,twse,20.50,20.60,20.18,20.20,5365000,108932260,-0.36,,66465000,1958,,,1
2016-12-26,00665L,富邦恒生國企正2,twse,20.35,20.35,20.15,20.20,483000,9747250,0.0,,66465000,137,,,1
2016-12-27,00665L,富邦恒生國企正2,twse,20.37,20.45,20.35,20.40,610000,12432690,0.2,,66465000,196,,,1
2016-12-28,00665L,富邦恒生國企正2,twse,20.46,20.66,20.40,20.66,2300000,47277350,0.26,,66465000,481,,,1
2016-12-29,00665L,富邦恒生國企正2,twse,20.61,20.94,20.58,20.79,2912000,60497120,0.13,,66465000,526,,,1
2016-12-30,00665L,富邦恒生國企正2,twse,20.88,21.39,20.88,21.39,3298000,70148650,0.6,,66465000,626,,,1
2017-01-03,00665L,富邦恒生國企正2,twse,21.30,21.67,21.01,21.64,2638000,56723670,0.25,,66465000,491,,,1
2017-01-04,00665L,富邦恒生國企正2,twse,21.68,21.72,21.35,21.50,2253000,48487950,-0.14,,66465000,307,,,1
2017-01-05,00665L,富邦恒生國企正2,twse,21.65,22.15,21.61,22.09,5453000,119762570,0.59,,66465000,800,,,1
2017-01-06,00665L,富邦恒生國企正2,twse,22.20,22.46,22.13,22.15,4234000,94351620,0.06,,66465000,538,,,1
2017-01-09,00665L,富邦恒生國企正2,twse,22.21,22.42,22.01,22.14,2000000,44401090,-0.01,,66465000,367,,,1
2017-01-10,00665L,富邦恒生國企正2,twse,22.04,22.43,22.04,22.36,2473000,55264180,0.22,,65965000,427,,,1
2017-01-11,00665L,富邦恒生國企正2,twse,22.46,22.79,22.44,22.65,6942000,157207620,0.29,,63465000,817,,,1
2017-01-12,00665L,富邦恒生國企正2,twse,22.69,22.88,22.60,22.69,3731000,84937660,0.04,,62965000,363,,,1
2017-01-13,00665L,富邦恒生國企正2,twse,22.75,22.98,22.62,22.92,4703000,107395340,0.23,,60965000,528,,,1
2017-01-16,00665L,富邦恒生國企正2,twse,22.88,22.88,22.22,22.30,2093000,46997860,-0.62,,59465000,362,,,1
2017-01-17,00665L,富邦恒生國企正2,twse,22.40,22.53,22.30,22.45,1568000,35179570,0.15,,59465000,236,,,1
2017-01-18,00665L,富邦恒生國企正2,twse,22.55,23.10,22.51,23.04,3062000,70223430,0.59,,58965000,545,,,1
2017-01-19,00665L,富邦恒生國企正2,twse,22.98,22.99,22.68,22.75,1592000,36214760,-0.29,,58965000,235,,,1
2017-01-20,00665L,富邦恒生國企正2,twse,22.77,22.81,22.57,22.58,1877000,42444510,-0.17,,58965000,209,,,1
2017-01-23,00665L,富邦恒生國企正2,twse,22.70,23.01,22.57,22.66,2831000,64531630,0.08,,58965000,363,,,1
2017-01-24,00665L,富邦恒生國企正2,twse,22.66,22.78,22.65,22.66,937000,21284150,0.0,,58965000,99,,,1
2017-02-02,00665L,富邦恒生國企正2,twse,22.90,22.90,22.30,22.34,2603000,58617610,-0.32,,58965000,362,,,1
2017-02-03,00665L,富邦恒生國企正2,twse,22.50,22.52,22.03,22.26,1951000,43272130,-0.08,,58965000,298,,,1
2017-02-06,00665L,富邦恒生國企正2,twse,22.28,22.83,22.28,22.64,2239000,50650980,0.38,,58965000,384,,,1
2017-02-07,00665L,富邦恒生國企正2,twse,22.80,23.04,22.69,22.83,2212000,50622230,0.19,,58465000,343,,,1
2017-02-08,00665L,富邦恒生國企正2,twse,22.98,22.98,22.45,22.90,1701000,38687670,0.07,,58465000,238,,,1
2017-02-09,00665L,富邦恒生國企正2,twse,23.20,24.13,23.19,24.00,6513000,154911910,1.1,,55965000,1090,,,1
2017-02-10,00665L,富邦恒生國企正2,twse,24.03,24.52,24.03,24.44,3198000,78064280,0.44,,54465000,471,,,1
2017-02-13,00665L,富邦恒生國企正2,twse,24.30,24.87,24.30,24.76,3517000,86635250,0.32,,52465000,405,,,1
2017-02-14,00665L,富邦恒生國企正2,twse,24.89,25.00,24.62,24.71,3111000,77149950,-0.05,,51465000,345,,,1
2017-02-15,00665L,富邦恒生國企正2,twse,24.80,25.86,24.80,25.77,3791000,96735780,1.06,,48965000,558,,,1
2017-02-16,00665L,富邦恒生國企正2,twse,25.79,25.96,25.38,25.76,2982000,76408470,-0.01,,47465000,346,,,1
2017-02-17,00665L,富邦恒生國企正2,twse,25.77,25.79,25.13,25.20,3367000,85499340,-0.56,,45465000,330,,,1
2017-02-18,00665L,富邦恒生國企正2,twse,25.20,25.20,25.11,25.14,142000,3571330,-0.06,,45465000,46,,,1
2017-02-20,00665L,富邦恒生國企正2,twse,25.12,25.73,25.12,25.62,3778000,96421060,0.48,,44965000,320,,,1
2017-02-21,00665L,富邦恒生國企正2,twse,25.68,26.04,25.68,25.73,2790000,72250670,0.11,,44465000,276,,,1
2017-02-22,00665L,富邦恒生國企正2,twse,25.78,26.08,25.65,26.05,2340000,60724710,0.32,,43465000,253,,,1
2017-02-23,00665L,富邦恒生國企正2,twse,26.07,26.34,25.79,26.00,2411000,62778980,-0.05,,42965000,320,,,1
2017-02-24,00665L,富邦恒生國企正2,twse,26.00,26.00,25.55,25.63,2747000,70625720,-0.37,,42465000,314,,,1
2017-03-01,00665L,富邦恒生國企正2,twse,25.20,25.20,24.88,24.92,2436000,60953440,-0.71,,42465000,355,,,1
2017-03-02,00665L,富邦恒生國企正2,twse,25.29,25.67,25.05,25.15,2955000,74951120,0.23,,42465000,412,,,1
2017-03-03,00665L,富邦恒生國企正2,twse,24.50,24.77,24.30,24.40,2360000,57650770,-0.75,,41965000,425,,,1
2017-03-06,00665L,富邦恒生國企正2,twse,24.23,24.71,24.23,24.57,2229000,54679860,0.17,,41965000,185,,,1
2017-03-07,00665L,富邦恒生國企正2,twse,24.54,24.84,24.38,24.71,1512000,37322190,0.14,,41965000,183,,,1
2017-03-08,00665L,富邦恒生國企正2,twse,24.71,25.03,24.30,24.89,2560000,63178400,0.18,,41965000,369,,,1
2017-03-09,00665L,富邦恒生國企正2,twse,24.78,24.78,24.15,24.26,2577000,62685400,-0.63,,41965000,450,,,1
2017-03-10,00665L,富邦恒生國企正2,twse,24.20,24.27,23.80,23.93,2416000,57895710,-0.33,,41965000,392,,,1
2017-03-13,00665L,富邦恒生國企正2,twse,24.06,24.79,24.06,24.79,2831000,69280570,0.86,,41965000,426,,,1
2017-03-14,00665L,富邦恒生國企正2,twse,24.96,25.10,24.79,24.93,2878000,71947870,0.14,,41465000,334,,,1
2017-03-15,00665L,富邦恒生國企正2,twse,24.87,25.04,24.63,24.92,1321000,32854400,-0.01,,41465000,199,,,1
2017-03-16,00665L,富邦恒生國企正2,twse,25.28,25.75,25.22,25.62,2118000,54093800,0.7,,41465000,442,,,1
2017-03-17,00665L,富邦恒生國企正2,twse,25.90,26.19,25.75,26.06,3408000,88678160,0.44,,41465000,484,,,1
2017-03-20,00665L,富邦恒生國企正2,twse,25.92,26.23,25.70,26.13,2351000,61108970,0.07,,41465000,305,,,1
2017-03-21,00665L,富邦恒生國企正2,twse,26.30,26.67,26.16,26.40,2755000,72918860,0.27,,41465000,346,,,1
2017-03-22,00665L,富邦恒生國企正2,twse,25.85,25.85,25.23,25.28,2922000,74427620,-1.12,,41465000,523,,,1
2017-03-23,00665L,富邦恒生國企正2,twse,25.77,26.02,25.65,25.69,1660000,42902230,0.41,,40965000,291,,,1
2017-03-24,00665L,富邦恒生國企正2,twse,25.93,25.94,25.46,25.48,1716000,43902850,-0.21,,40965000,235,,,1
2017-03-27,00665L,富邦恒生國企正2,twse,25.52,25.74,25.11,25.33,2467000,62547810,-0.15,,40965000,283,,,1
2017-03-28,00665L,富邦恒生國企正2,twse,25.33,25.43,25.21,25.28,1646000,41698750,-0.05,,40965000,202,,,1
2017-03-29,00665L,富邦恒生國企正2,twse,25.45,25.60,25.34,25.41,1407000,35818310,0.13,,40965000,185,,,1
2017-03-30,00665L,富邦恒生國企正2,twse,25.39,25.39,24.73,24.79,2643000,65776780,-0.62,,40965000,362,,,1
2017-03-31,00665L,富邦恒生國企正2,twse,24.90,24.96,24.50,24.60,2408000,59427330,-0.19,,40965000,320,,,1
2017-04-05,00665L,富邦恒生國企正2,twse,25.00,25.08,24.53,24.68,2022000,50139730,0.08,,41465000,263,,,1
2017-04-06,00665L,富邦恒生國企正2,twse,24.85,24.89,24.45,24.60,1877000,46193590,-0.08,,41965000,261,,,1
2017-04-07,00665L,富邦恒生國企正2,twse,24.80,24.80,24.08,24.41,2436000,59272580,-0.19,,42965000,417,,,1
2017-04-10,00665L,富邦恒生國企正2,twse,24.60,24.83,24.53,24.60,1528000,37673160,0.19,,42965000,213,,,1
2017-04-11,00665L,富邦恒生國企正2,twse,24.50,24.67,23.96,23.97,2558000,61769850,-0.63,,43465000,460,,,1
2017-04-12,00665L,富邦恒生國企正2,twse,24.05,24.20,23.89,23.95,1561000,37385290,-0.02,,43465000,192,,,1
2017-04-13,00665L,富邦恒生國企正2,twse,24.21,24.38,23.95,24.38,1941000,47044600,0.43,,43465000,238,,,1
2017-04-14,00665L,富邦恒生國企正2,twse,24.10,24.10,23.92,23.92,485000,11620290,-0.46,,43465000,152,,,1
2017-04-17,00665L,富邦恒生國企正2,twse,24.02,24.12,23.81,23.86,438000,10481070,-0.06,,43465000,93,,,1
2017-04-18,00665L,富邦恒生國企正2,twse,24.27,24.31,23.68,23.82,3453000,82401390,-0.04,,43465000,311,,,1
2017-04-19,00665L,富邦恒生國企正2,twse,23.55,23.55,23.13,23.16,5302000,123287330,-0.66,,46465000,512,,,1
2017-04-20,00665L,富邦恒生國企正2,twse,23.20,23.42,23.10,23.31,956000,22253460,0.15,,46965000,156,,,1
2017-04-21,00665L,富邦恒生國企正2,twse,23.60,23.79,23.45,23.55,892000,21082090,0.24,,46965000,197,,,1
2017-04-24,00665L,富邦恒生國企正2,twse,23.62,23.90,23.33,23.55,1312000,30978920,0.0,,46965000,323,,,1
2017-04-25,00665L,富邦恒生國企正2,twse,23.76,24.32,23.72,24.32,2092000,50342600,0.77,,46965000,423,,,1
2017-04-26,00665L,富邦恒生國企正2,twse,24.45,24.70,24.37,24.58,2337000,57360260,0.26,,46965000,423,,,1
2017-04-27,00665L,富邦恒生國企正2,twse,24.31,24.45,23.92,24.25,1456000,35137510,-0.33,,46465000,243,,,1
2017-04-28,00665L,富邦恒生國企正2,twse,24.08,24.30,24.08,24.19,953000,23031560,-0.06,,46465000,112,,,1
2017-05-02,00665L,富邦恒生國企正2,twse,24.18,24.44,23.75,23.75,1293000,31088740,-0.44,,46465000,214,,,1
2017-05-03,00665L,富邦恒生國企正2,twse,23.96,23.96,23.79,23.81,212000,5047510,0.06,,46465000,41,,,1
2017-05-04,00665L,富邦恒生國企正2,twse,23.81,23.81,23.30,23.39,1624000,38006890,-0.42,,46465000,261,,,1
2017-05-05,00665L,富邦恒生國企正2,twse,23.56,23.64,22.55,22.59,3701000,84618710,-0.8,,46465000,559,,,1
2017-05-08,00665L,富邦恒生國企正2,twse,22.92,23.10,22.70,23.00,1703000,39092960,0.41,,46465000,201,,,1
2017-05-09,00665L,富邦恒生國企正2,twse,23.00,23.34,22.86,23.25,1654000,38263820,0.25,,46465000,205,,,1
2017-05-10,00665L,富邦恒生國企正2,twse,23.46,24.47,23.46,24.42,2986000,71783920,1.17,,46465000,626,,,1
2017-05-11,00665L,富邦恒生國企正2,twse,24.33,24.56,24.08,24.22,1694000,41180380,-0.2,,46465000,346,,,1
2017-05-12,00665L,富邦恒生國企正2,twse,24.21,24.44,24.04,24.44,1555000,37647940,0.22,,46465000,173,,,1
2017-05-15,00665L,富邦恒生國企正2,twse,24.59,25.05,24.59,24.80,1754000,43632560,0.36,,46465000,295,,,1
2017-05-16,00665L,富邦恒生國企正2,twse,25.10,25.15,24.63,24.83,1384000,34420090,0.03,,46465000,228,,,1
2017-05-17,00665L,富邦恒生國企正2,twse,24.83,24.86,24.61,24.70,846000,20933460,-0.13,,45965000,116,,,1
2017-05-18,00665L,富邦恒生國企正2,twse,24.34,24.51,24.07,24.45,954000,23254110,-0.25,,45465000,169,,,1
2017-05-19,00665L,富邦恒生國企正2,twse,24.43,24.43,24.18,24.34,1068000,25980370,-0.11,,45465000,147,,,1
2017-05-22,00665L,富邦恒生國企正2,twse,24.45,24.83,24.22,24.66,1046000,25734000,0.32,,45465000,166,,,1
2017-05-23,00665L,富邦恒生國企正2,twse,24.78,25.02,24.56,24.82,1138000,28308920,0.16,,45465000,224,,,1
2017-05-24,00665L,富邦恒生國企正2,twse,24.78,24.79,24.50,24.69,1144000,28207010,-0.13,,44965000,183,,,1
2017-05-25,00665L,富邦恒生國企正2,twse,24.92,25.46,24.92,25.46,2347000,59360070,0.77,,44465000,404,,,1
2017-05-26,00665L,富邦恒生國企正2,twse,25.25,25.93,25.25,25.54,1996000,51222050,0.08,,44465000,338,,,1
2017-05-31,00665L,富邦恒生國企正2,twse,25.70,26.23,25.70,25.90,2763000,71862420,0.36,,43965000,271,,,1
2017-06-01,00665L,富邦恒生國企正2,twse,26.15,26.15,25.48,25.73,1872000,48144160,-0.17,,43465000,575,,,1
2017-06-02,00665L,富邦恒生國企正2,twse,25.93,26.27,25.89,25.97,2189000,57114740,0.24,,43465000,272,,,1
2017-06-03,00665L,富邦恒生國企正2,twse,26.08,26.10,25.95,25.98,161000,4197710,0.01,,43465000,34,,,1
2017-06-05,00665L,富邦恒生國企正2,twse,26.10,26.29,25.68,25.78,1774000,45945120,-0.2,,42965000,213,,,1
2017-06-06,00665L,富邦恒生國企正2,twse,25.81,25.87,25.46,25.70,576000,14800920,-0.08,,41965000,100,,,1
2017-06-07,00665L,富邦恒生國企正2,twse,25.70,26.15,25.70,26.08,1966000,51265630,0.38,,41465000,265,,,1
2017-06-08,00665L,富邦恒生國企正2,twse,25.96,26.14,25.73,25.99,1034000,26797630,-0.09,,41465000,140,,,1
2017-06-09,00665L,富邦恒生國企正2,twse,26.09,26.21,25.76,25.77,2140000,55671910,-0.22,,41465000,295,,,1
2017-06-12,00665L,富邦恒生國企正2,twse,25.77,25.81,25.13,25.35,2346000,59561550,-0.42,,41465000,455,,,1
2017-06-13,00665L,富邦恒生國企正2,twse,25.30,25.76,25.30,25.66,1594000,40776720,0.31,,41465000,174,,,1
2017-06-14,00665L,富邦恒生國企正2,twse,25.71,25.71,25.21,25.33,757000,19237840,-0.33,,40965000,121,,,1
2017-06-15,00665L,富邦恒生國企正2,twse,25.35,25.35,24.79,24.82,1719000,42876070,-0.51,,40965000,256,,,1
2017-06-16,00665L,富邦恒生國企正2,twse,24.75,25.11,24.75,24.96,358000,8953570,0.14,,40965000,86,,,1
2017-06-19,00665L,富邦恒生國企正2,twse,24.80,25.65,24.76,25.55,1904000,48588450,0.59,,40965000,243,,,1
2017-06-20,00665L,富邦恒生國企正2,twse,25.69,25.86,25.31,25.31,1286000,32818360,-0.24,,40965000,184,,,1
2017-06-21,00665L,富邦恒生國企正2,twse,25.71,25.82,24.86,25.18,2154000,54336550,-0.13,,40965000,278,,,1
2017-06-22,00665L,富邦恒生國企正2,twse,25.17,25.89,24.95,25.85,2883000,73471690,0.67,,40965000,418,,,1
2017-06-23,00665L,富邦恒生國企正2,twse,25.69,25.80,25.44,25.47,1674000,42837600,-0.38,,40965000,186,,,1
2017-06-26,00665L,富邦恒生國企正2,twse,25.60,25.93,25.46,25.69,2046000,52649800,0.22,,40965000,224,,,1
2017-06-27,00665L,富邦恒生國企正2,twse,25.95,26.11,25.67,25.67,1546000,40193700,-0.02,,40465000,185,,,1
2017-06-28,00665L,富邦恒生國企正2,twse,25.70,25.77,25.43,25.66,1335000,34157100,-0.01,,38965000,317,,,1
2017-06-29,00665L,富邦恒生國企正2,twse,25.79,25.93,25.68,25.70,1355000,34958040,0.04,,38965000,224,,,1
2017-06-30,00665L,富邦恒生國企正2,twse,25.61,25.61,25.10,25.35,6730000,170655550,-0.35,,38965000,344,,,1
2017-07-03,00665L,富邦恒生國企正2,twse,25.49,25.87,25.31,25.87,1989000,51063300,0.52,,36465000,251,,,1
2017-07-04,00665L,富邦恒生國企正2,twse,25.89,26.26,25.18,25.40,3065000,79455800,-0.47,,36465000,483,,,1
2017-07-05,00665L,富邦恒生國企正2,twse,25.41,25.91,25.13,25.80,1089000,27851980,0.4,,36465000,216,,,1
2017-07-06,00665L,富邦恒生國企正2,twse,25.95,26.20,25.76,25.90,1191000,30957850,0.1,,34965000,189,,,1
2017-07-07,00665L,富邦恒生國企正2,twse,25.82,25.82,25.51,25.80,685000,17571780,-0.1,,33465000,136,,,1
2017-07-10,00665L,富邦恒生國企正2,twse,25.88,26.09,25.45,25.90,1041000,26892860,0.1,,33465000,177,,,1
2017-07-11,00665L,富邦恒生國企正2,twse,25.81,26.46,25.61,26.39,2000000,52255430,0.49,,33465000,298,,,1
2017-07-12,00665L,富邦恒生國企正2,twse,26.45,27.19,26.43,27.14,5071000,136702870,0.75,,32965000,463,,,1
2017-07-13,00665L,富邦恒生國企正2,twse,27.44,27.77,27.44,27.68,3016000,83442240,0.54,,30465000,368,,,1
2017-07-14,00665L,富邦恒生國企正2,twse,27.74,27.82,27.63,27.79,1360000,37723650,0.11,,28965000,163,,,1
2017-07-17,00665L,富邦恒生國企正2,twse,28.35,28.64,27.87,28.53,2441000,69312710,0.74,,28465000,351,,,1
2017-07-18,00665L,富邦恒生國企正2,twse,28.36,28.45,27.97,28.10,1433000,40313320,-0.43,,28465000,276,,,1
2017-07-19,00665L,富邦恒生國企正2,twse,28.11,28.67,28.11,28.50,1275000,36307240,0.4,,27965000,230,,,1
2017-07-20,00665L,富邦恒生國企正2,twse,28.84,28.88,28.43,28.65,653000,18706370,0.15,,27965000,158,,,1
2017-07-21,00665L,富邦恒生國企正2,twse,28.74,28.74,28.31,28.43,764000,21730390,-0.22,,27965000,135,,,1
2017-07-24,00665L,富邦恒生國企正2,twse,28.21,28.69,28.11,28.59,1335000,38053450,0.16,,27965000,174,,,1
2017-07-25,00665L,富邦恒生國企正2,twse,28.50,28.50,28.21,28.25,1426000,40420530,-0.34,,27965000,183,,,1
2017-07-26,00665L,富邦恒生國企正2,twse,28.28,28.66,28.12,28.25,1215000,34457190,0.0,,27965000,182,,,1
2017-07-27,00665L,富邦恒生國企正2,twse,28.47,28.51,28.30,28.40,877000,24933480,0.15,,27965000,107,,,1
2017-07-28,00665L,富邦恒生國企正2,twse,28.40,28.40,27.86,27.91,1130000,31635470,-0.49,,27965000,221,,,1
2017-07-31,00665L,富邦恒生國企正2,twse,28.19,28.38,28.17,28.34,1577000,44623100,0.43,,27965000,158,,,1
2017-08-01,00665L,富邦恒生國企正2,twse,28.35,29.33,28.34,29.25,2183000,63279120,0.91,,27465000,359,,,1
2017-08-02,00665L,富邦恒生國企正2,twse,29.33,29.96,29.33,29.95,1662000,49344550,0.7,,27465000,249,,,1
2017-08-03,00665L,富邦恒生國企正2,twse,29.50,29.66,29.06,29.28,2137000,62639850,-0.67,,27465000,635,,,1
2017-08-04,00665L,富邦恒生國企正2,twse,29.15,29.36,29.14,29.24,958000,28010350,-0.04,,27465000,124,,,1
2017-08-07,00665L,富邦恒生國企正2,twse,29.36,29.80,29.31,29.40,1171000,34553720,0.16,,27465000,152,,,1
2017-08-08,00665L,富邦恒生國企正2,twse,29.52,29.54,29.06,29.44,838000,24508060,0.04,,27465000,129,,,1
2017-08-09,00665L,富邦恒生國企正2,twse,29.42,29.42,28.63,28.83,1293000,37444330,-0.61,,27465000,289,,,1
2017-08-10,00665L,富邦恒生國企正2,twse,28.83,29.07,27.82,28.19,2357000,66412610,-0.64,,27465000,347,,,1
2017-08-11,00665L,富邦恒生國企正2,twse,27.91,27.91,27.04,27.06,2879000,78848390,-1.13,,26965000,484,,,1
2017-08-14,00665L,富邦恒生國企正2,twse,27.24,27.81,27.24,27.60,1667000,46014380,0.54,,26965000,292,,,1
2017-08-15,00665L,富邦恒生國企正2,twse,27.91,28.47,27.77,28.13,2142000,60329190,0.53,,26965000,321,,,1
2017-08-16,00665L,富邦恒生國企正2,twse,28.01,28.27,27.77,28.24,1420000,39889250,0.11,,26965000,126,,,1
2017-08-17,00665L,富邦恒生國企正2,twse,28.39,28.45,27.90,27.99,693000,19471820,-0.25,,26465000,196,,,1
2017-08-18,00665L,富邦恒生國企正2,twse,27.81,27.94,27.56,27.94,1083000,30068710,-0.05,,25965000,160,,,1
2017-08-21,00665L,富邦恒生國企正2,twse,27.75,28.05,27.61,27.94,610000,17041510,0.0,,25965000,143,,,1
2017-08-22,00665L,富邦恒生國企正2,twse,28.14,28.87,27.99,28.81,2917000,83541250,0.87,,25465000,298,,,1
2017-08-23,00665L,富邦恒生國企正2,twse,29.01,29.22,29.01,29.08,857000,24937350,0.27,,25465000,195,,,1
2017-08-24,00665L,富邦恒生國企正2,twse,29.29,29.64,29.28,29.43,1369000,40383460,0.35,,24965000,284,,,1
2017-08-25,00665L,富邦恒生國企正2,twse,29.41,30.59,29.39,30.48,2196000,66021780,1.05,,24965000,436,,,1
2017-08-28,00665L,富邦恒生國企正2,twse,30.91,31.48,30.71,31.09,1651000,51367690,0.61,,23965000,335,,,1
2017-08-29,00665L,富邦恒生國企正2,twse,30.78,31.00,30.46,30.73,815000,25045470,-0.36,,23465000,217,,,1
2017-08-30,00665L,富邦恒生國企正2,twse,31.00,31.45,31.00,31.13,584000,18182150,0.4,,23465000,142,,,1
2017-08-31,00665L,富邦恒生國企正2,twse,31.36,31.40,30.32,30.41,957000,29293540,-0.72,,23465000,213,,,1
2017-09-01,00665L,富邦恒生國企正2,twse,30.69,31.12,30.56,30.63,822000,25372480,0.22,,23465000,158,,,1
2017-09-04,00665L,富邦恒生國企正2,twse,30.02,30.59,30.02,30.29,1459000,44065200,-0.34,,23465000,350,,,1
2017-09-05,00665L,富邦恒生國企正2,twse,30.40,30.59,29.95,30.30,1041000,31462980,0.01,,23465000,201,,,1
2017-09-06,00665L,富邦恒生國企正2,twse,30.11,30.13,29.36,29.63,1645000,48758260,-0.67,,23465000,427,,,1
2017-09-07,00665L,富邦恒生國企正2,twse,29.88,30.31,29.60,29.69,1132000,33886260,0.06,,23465000,244,,,1
2017-09-08,00665L,富邦恒生國企正2,twse,29.53,29.97,29.53,29.78,463000,13820920,0.09,,23465000,111,,,1
2017-09-11,00665L,富邦恒生國企正2,twse,29.95,30.69,29.95,30.27,1208000,36741370,0.49,,23465000,194,,,1
2017-09-12,00665L,富邦恒生國企正2,twse,30.50,30.51,30.00,30.37,443000,13400930,0.1,,23465000,119,,,1
2017-09-13,00665L,富邦恒生國企正2,twse,30.39,30.41,29.80,30.16,1043000,31331910,-0.21,,23465000,166,,,1
2017-09-14,00665L,富邦恒生國企正2,twse,30.10,30.10,29.59,29.63,669000,19919780,-0.53,,23465000,257,,,1
2017-09-15,00665L,富邦恒生國企正2,twse,29.63,29.75,28.94,29.49,1621000,47432630,-0.14,,23465000,380,,,1
2017-09-18,00665L,富邦恒生國企正2,twse,29.67,30.28,29.67,30.17,1435000,43251270,0.68,,23465000,250,,,1
2017-09-19,00665L,富邦恒生國企正2,twse,30.20,30.40,29.83,29.91,1106000,33155320,-0.26,,23465000,183,,,1
2017-09-20,00665L,富邦恒生國企正2,twse,29.91,30.19,29.79,30.16,585000,17541860,0.25,,23465000,102,,,1
2017-09-21,00665L,富邦恒生國企正2,twse,30.06,30.46,29.83,30.27,930000,27981450,0.11,,23465000,158,,,1
2017-09-22,00665L,富邦恒生國企正2,twse,30.33,30.33,29.76,29.89,469000,14019070,-0.38,,23465000,133,,,1
2017-09-25,00665L,富邦恒生國企正2,twse,29.78,30.08,28.93,29.05,1328000,38868240,-0.84,,23465000,384,,,1
2017-09-26,00665L,富邦恒生國企正2,twse,28.85,29.17,28.61,29.01,912000,26358960,-0.04,,23465000,215,,,1
2017-09-27,00665L,富邦恒生國企正2,twse,29.29,29.55,29.07,29.47,822000,24207950,0.46,,23465000,140,,,1
2017-09-28,00665L,富邦恒生國企正2,twse,29.20,29.30,28.80,28.94,1145000,33190450,-0.53,,22965000,192,,,1
2017-09-29,00665L,富邦恒生國企正2,twse,28.79,29.03,28.60,28.99,985000,28445920,0.05,,22965000,209,,,1
2017-09-30,00665L,富邦恒生國企正2,twse,29.06,29.11,29.03,29.11,188000,5462810,0.12,,22965000,24,,,1
2017-10-02,00665L,富邦恒生國企正2,twse,29.02,29.35,29.02,29.28,687000,20091140,0.17,,22965000,343,,,1
2017-10-03,00665L,富邦恒生國企正2,twse,29.43,30.55,29.43,30.51,2119000,63942880,1.23,,22965000,404,,,1
2017-10-05,00665L,富邦恒生國企正2,twse,31.00,31.32,31.00,31.22,1270000,39655530,0.71,,22965000,267,,,1
2017-10-06,00665L,富邦恒生國企正2,twse,31.58,32.13,31.58,31.78,1861000,59261010,0.56,,22965000,379,,,1
2017-10-11,00665L,富邦恒生國企正2,twse,31.85,32.10,31.51,31.74,861000,27413130,-0.04,,20965000,209,,,1
2017-10-12,00665L,富邦恒生國企正2,twse,31.61,32.02,31.54,32.00,882000,28027430,0.26,,20965000,168,,,1
2017-10-13,00665L,富邦恒生國企正2,twse,32.00,32.15,31.75,31.91,361000,11540280,-0.09,,20465000,76,,,1
2017-10-16,00665L,富邦恒生國企正2,twse,32.25,32.70,32.21,32.50,830000,26955170,0.59,,20465000,325,,,1
2017-10-17,00665L,富邦恒生國企正2,twse,32.62,32.62,32.11,32.38,757000,24474220,-0.12,,20465000,108,,,1
2017-10-18,00665L,富邦恒生國企正2,twse,32.30,32.45,32.03,32.31,611000,19686570,-0.07,,20465000,126,,,1
2017-10-19,00665L,富邦恒生國企正2,twse,32.48,32.84,32.41,32.45,1020000,33258350,0.14,,19965000,189,,,1
2017-10-20,00665L,富邦恒生國企正2,twse,31.71,32.04,31.68,31.96,1526000,48532580,-0.49,,19965000,382,,,1
2017-10-23,00665L,富邦恒生國企正2,twse,32.23,32.29,31.60,31.77,612000,19478890,-0.19,,19965000,191,,,1
2017-10-24,00665L,富邦恒生國企正2,twse,31.61,31.99,31.51,31.79,732000,23249060,0.02,,19965000,183,,,1
2017-10-25,00665L,富邦恒生國企正2,twse,31.80,32.04,31.45,31.76,714000,22680820,-0.03,,19965000,242,,,1
2017-10-26,00665L,富邦恒生國企正2,twse,31.61,31.92,31.35,31.70,1992000,63132310,-0.06,,19965000,444,,,1
2017-10-27,00665L,富邦恒生國企正2,twse,31.98,32.73,31.86,32.30,1382000,44790480,0.6,,19965000,448,,,1
2017-10-30,00665L,富邦恒生國企正2,twse,32.90,33.40,32.37,32.63,1773000,58355720,0.33,,19965000,420,,,1
2017-10-31,00665L,富邦恒生國企正2,twse,32.51,32.51,31.68,32.07,1735000,55499640,-0.56,,19965000,472,,,1
2017-11-01,00665L,富邦恒生國企正2,twse,32.07,32.59,32.05,32.32,1344000,43504460,0.25,,19965000,270,,,1
2017-11-02,00665L,富邦恒生國企正2,twse,32.32,32.66,32.25,32.37,519000,16867970,0.05,,19965000,150,,,1
2017-11-03,00665L,富邦恒生國企正2,twse,32.52,32.64,32.30,32.33,449000,14549170,-0.04,,19965000,111,,,1
2017-11-06,00665L,富邦恒生國企正2,twse,32.03,32.45,31.20,31.71,1885000,59716710,-0.62,,19965000,541,,,1
2017-11-07,00665L,富邦恒生國企正2,twse,31.99,32.73,31.99,32.67,1623000,52706150,0.96,,19965000,454,,,1
2017-11-08,00665L,富邦恒生國企正2,twse,32.66,32.80,32.34,32.58,1388000,45161140,-0.09,,19965000,282,,,1
2017-11-09,00665L,富邦恒生國企正2,twse,32.53,33.06,32.38,32.56,1174000,38524340,-0.02,,19965000,300,,,1
2017-11-10,00665L,富邦恒生國企正2,twse,32.95,33.34,32.75,33.24,1374000,45368440,0.68,,19965000,396,,,1
2017-11-13,00665L,富邦恒生國企正2,twse,33.21,33.46,32.88,32.95,909000,30066620,-0.29,,19465000,264,,,1
2017-11-14,00665L,富邦恒生國企正2,twse,33.21,33.21,32.30,32.67,1330000,43435330,-0.28,,19465000,343,,,1
2017-11-15,00665L,富邦恒生國企正2,twse,32.30,32.50,31.34,31.43,2527000,80128670,-1.24,,19965000,732,,,1
2017-11-16,00665L,富邦恒生國企正2,twse,31.42,31.82,31.26,31.72,971000,30606820,0.29,,19965000,224,,,1
2017-11-17,00665L,富邦恒生國企正2,twse,32.30,32.60,32.16,32.36,1734000,56259960,0.64,,19965000,375,,,1
2017-11-20,00665L,富邦恒生國企正2,twse,32.25,32.60,31.62,31.70,1706000,54362010,-0.66,,19965000,455,,,1
2017-11-21,00665L,富邦恒生國企正2,twse,32.18,33.19,31.95,33.11,3152000,102978950,1.41,,19965000,654,,,1
2017-11-22,00665L,富邦恒生國企正2,twse,33.88,34.75,33.88,34.33,2487000,85359580,1.22,,19965000,696,,,1
2017-11-23,00665L,富邦恒生國企正2,twse,34.39,34.69,34.00,34.13,1818000,62444350,-0.2,,19965000,319,,,1
2017-11-24,00665L,富邦恒生國企正2,twse,33.45,33.69,32.95,33.46,1585000,52816230,-0.67,,19965000,369,,,1
2017-11-27,00665L,富邦恒生國企正2,twse,33.67,33.98,33.00,33.07,993000,33080850,-0.39,,19965000,172,,,1
2017-11-28,00665L,富邦恒生國企正2,twse,33.18,33.18,31.87,32.24,2342000,75716100,-0.83,,19965000,511,,,1
2017-11-29,00665L,富邦恒生國企正2,twse,32.79,32.98,32.21,32.22,714000,23263800,-0.02,,19965000,215,,,1
2017-11-30,00665L,富邦恒生國企正2,twse,32.06,32.06,31.45,31.67,1598000,50663390,-0.55,,19965000,368,,,1
2017-12-01,00665L,富邦恒生國企正2,twse,31.67,31.97,31.30,31.51,1132000,35748950,-0.16,,19965000,203,,,1
2017-12-04,00665L,富邦恒生國企正2,twse,31.24,32.14,30.90,32.04,1460000,46292010,0.53,,19965000,308,,,1
2017-12-05,00665L,富邦恒生國企正2,twse,31.50,31.90,31.28,31.66,966000,30502510,-0.38,,19965000,197,,,1
2017-12-06,00665L,富邦恒生國企正2,twse,31.56,31.70,30.07,30.21,2843000,87303340,-1.45,,20465000,703,,,1
2017-12-07,00665L,富邦恒生國企正2,twse,30.01,30.23,29.43,29.88,1125000,33510020,-0.33,,20965000,462,,,1
2017-12-08,00665L,富邦恒生國企正2,twse,29.98,30.41,29.71,30.41,275000,8277870,0.53,,20965000,137,,,1
2017-12-11,00665L,富邦恒生國企正2,twse,30.37,30.80,30.27,30.66,669000,20424540,0.25,,20965000,175,,,1
2017-12-12,00665L,富邦恒生國企正2,twse,31.07,31.14,30.40,30.58,1578000,48468120,-0.08,,20965000,188,,,1
2017-12-13,00665L,富邦恒生國企正2,twse,30.49,30.81,30.26,30.69,500000,15302330,0.11,,20965000,115,,,1
2017-12-14,00665L,富邦恒生國企正2,twse,31.50,31.89,31.35,31.40,1232000,39008020,0.71,,20965000,272,,,1
2017-12-15,00665L,富邦恒生國企正2,twse,31.24,31.25,30.45,30.68,899000,27641860,-0.72,,20965000,230,,,1
2017-12-18,00665L,富邦恒生國企正2,twse,30.95,31.00,30.41,30.92,854000,26306210,0.24,,20965000,154,,,1
2017-12-19,00665L,富邦恒生國企正2,twse,31.10,31.60,31.05,31.49,651000,20440840,0.57,,20965000,179,,,1
2017-12-20,00665L,富邦恒生國企正2,twse,31.34,31.65,31.30,31.35,382000,12021840,-0.14,,19965000,112,,,1
2017-12-21,00665L,富邦恒生國企正2,twse,31.36,31.76,30.82,31.65,893000,28032930,0.3,,19965000,233,,,1
2017-12-22,00665L,富邦恒生國企正2,twse,31.99,32.12,31.77,31.93,575000,18378430,0.28,,19465000,150,,,1
2017-12-25,00665L,富邦恒生國企正2,twse,32.08,32.59,32.07,32.34,1322000,42816520,0.41,,19465000,257,,,1
2017-12-26,00665L,富邦恒生國企正2,twse,32.22,32.31,32.16,32.28,737000,23759330,-0.06,,19465000,59,,,1
2017-12-27,00665L,富邦恒生國企正2,twse,32.07,32.51,32.07,32.18,183000,5916850,-0.1,,17965000,46,,,1
2017-12-28,00665L,富邦恒生國企正2,twse,32.02,32.21,31.83,32.10,302000,9659630,-0.08,,17965000,76,,,1
2017-12-29,00665L,富邦恒生國企正2,twse,32.10,32.35,32.00,32.21,339000,10894040,0.11,,17965000,47,,,1
2018-01-02,00665L,富邦恒生國企正2,twse,32.42,33.91,32.42,33.82,2146000,71883590,1.61,,17965000,449,,,1
2018-01-03,00665L,富邦恒生國企正2,twse,34.00,34.37,33.93,34.13,559000,19103660,0.31,,17465000,229,,,1
2018-01-04,00665L,富邦恒生國企正2,twse,34.48,34.81,34.19,34.71,883000,30509530,0.58,,15965000,310,,,1
2018-01-05,00665L,富邦恒生國企正2,twse,34.87,35.07,34.41,34.70,752000,26180540,-0.01,,15965000,152,,,1
2018-01-08,00665L,富邦恒生國企正2,twse,34.89,34.89,34.23,34.33,347000,11961490,-0.37,,15965000,104,,,1
2018-01-09,00665L,富邦恒生國企正2,twse,34.61,34.96,34.50,34.86,368000,12793430,0.53,,15465000,117,,,1
2018-01-10,00665L,富邦恒生國企正2,twse,34.60,35.70,34.58,35.31,1363000,47774030,0.45,,15465000,368,,,1
2018-01-11,00665L,富邦恒生國企正2,twse,35.23,35.33,34.90,35.07,525000,18421190,-0.24,,15465000,172,,,1
2018-01-12,00665L,富邦恒生國企正2,twse,35.24,35.95,35.24,35.90,737000,26335800,0.83,,15465000,311,,,1
2018-01-15,00665L,富邦恒生國企正2,twse,36.60,37.08,36.48,37.08,1565000,57495910,1.18,,15465000,361,,,1
2018-01-16,00665L,富邦恒生國企正2,twse,36.46,37.53,36.30,37.43,1624000,60020420,0.35,,13965000,440,,,1
2018-01-17,00665L,富邦恒生國企正2,twse,37.64,38.20,37.35,37.85,2004000,75626700,0.42,,13965000,504,,,1
2018-01-18,00665L,富邦恒生國企正2,twse,38.77,39.55,38.77,38.84,1103000,43231730,0.99,,13965000,464,,,1
2018-01-19,00665L,富邦恒生國企正2,twse,39.55,40.39,39.55,40.20,2712000,108647650,1.36,,13965000,543,,,1
2018-01-22,00665L,富邦恒生國企正2,twse,40.98,41.23,39.52,40.40,2346000,94943930,0.2,,14465000,507,,,1
2018-01-23,00665L,富邦恒生國企正2,twse,40.41,41.82,40.41,41.72,1982000,81263600,1.32,,14965000,435,,,1
2018-01-24,00665L,富邦恒生國企正2,twse,41.98,42.41,41.40,42.41,1944000,81408240,0.69,,14965000,558,,,1
2018-01-25,00665L,富邦恒生國企正2,twse,42.60,42.98,41.00,41.69,1465000,61439180,-0.72,,14965000,514,,,1
2018-01-26,00665L,富邦恒生國企正2,twse,41.64,42.91,41.20,42.84,1253000,53018030,1.15,,14965000,350,,,1
2018-01-29,00665L,富邦恒生國企正2,twse,43.80,44.66,42.87,43.83,2827000,124379260,0.99,,14965000,737,,,1
2018-01-30,00665L,富邦恒生國企正2,twse,43.00,43.03,41.37,41.51,1913000,80966180,-2.32,,17965000,729,,,1
2018-01-31,00665L,富邦恒生國企正2,twse,40.90,41.90,40.47,41.42,2384000,98104590,-0.09,,17965000,721,,,1
2018-02-01,00665L,富邦恒生國企正2,twse,42.09,43.35,41.88,42.31,1721000,73217380,0.89,,17965000,584,,,1
2018-02-02,00665L,富邦恒生國企正2,twse,41.70,42.40,40.54,42.11,1961000,81467450,-0.2,,18465000,635,,,1
2018-02-05,00665L,富邦恒生國企正2,twse,40.01,41.52,40.00,41.49,2195000,88949690,-0.62,,18965000,705,,,1
2018-02-06,00665L,富邦恒生國企正2,twse,39.60,40.00,37.00,37.95,3873000,147902030,-3.54,,21465000,1367,,,1
2018-02-07,00665L,富邦恒生國企正2,twse,39.43,39.75,37.35,37.35,2808000,108652790,-0.6,,21965000,893,,,1
2018-02-08,00665L,富邦恒生國企正2,twse,36.76,36.76,34.76,35.66,3866000,137651410,-1.69,,22965000,1085,,,1
2018-02-09,00665L,富邦恒生國企正2,twse,32.85,33.49,31.38,32.13,3144000,102038160,-3.53,,23465000,909,,,1
2018-02-12,00665L,富邦恒生國企正2,twse,32.14,33.45,32.11,32.95,1511000,49734510,0.82,,23465000,520,,,1
2018-02-21,00665L,富邦恒生國企正2,twse,34.98,36.29,34.98,36.07,2358000,84333790,3.12,,23465000,618,,,1
2018-02-22,00665L,富邦恒生國企正2,twse,36.43,36.43,35.31,36.09,1757000,63150400,0.02,,23465000,375,,,1
2018-02-23,00665L,富邦恒生國企正2,twse,36.65,37.21,36.36,36.77,1981000,72821290,0.68,,23465000,465,,,1
2018-02-26,00665L,富邦恒生國企正2,twse,37.48,38.09,37.15,37.42,1573000,59114910,0.65,,23465000,389,,,1
2018-02-27,00665L,富邦恒生國企正2,twse,38.11,38.25,36.70,36.71,1334000,49917200,-0.71,,23465000,404,,,1
2018-03-01,00665L,富邦恒生國企正2,twse,35.00,35.35,33.79,34.90,2432000,84083920,-1.81,,23965000,766,,,1
2018-03-02,00665L,富邦恒生國企正2,twse,34.10,34.33,33.80,34.07,1637000,55724150,-0.83,,24465000,502,,,1
2018-03-05,00665L,富邦恒生國企正2,twse,34.00,34.32,32.83,33.00,2104000,70273990,-1.07,,25965000,665,,,1
2018-03-06,00665L,富邦恒生國企正2,twse,33.99,34.32,33.42,33.96,1892000,64129190,0.96,,26465000,462,,,1
2018-03-07,00665L,富邦恒生國企正2,twse,33.94,35.03,33.70,33.91,2136000,73307560,-0.05,,26465000,568,,,1
2018-03-08,00665L,富邦恒生國企正2,twse,34.11,34.83,34.11,34.62,804000,27735560,0.71,,26465000,269,,,1
2018-03-09,00665L,富邦恒生國企正2,twse,34.69,35.40,34.67,35.11,1078000,37799960,0.49,,26465000,249,,,1
2018-03-12,00665L,富邦恒生國企正2,twse,36.50,36.54,35.91,36.39,1333000,48432350,1.28,,26465000,395,,,1
2018-03-13,00665L,富邦恒生國企正2,twse,36.38,37.38,36.30,36.80,1791000,66041160,0.41,,26465000,387,,,1
2018-03-14,00665L,富邦恒生國企正2,twse,36.00,36.16,35.67,35.83,1211000,43393660,-0.97,,26465000,325,,,1
2018-03-15,00665L,富邦恒生國企正2,twse,35.89,36.73,35.53,36.43,1066000,38458080,0.6,,26465000,298,,,1
2018-03-16,00665L,富邦恒生國企正2,twse,36.50,36.60,36.04,36.34,742000,26924650,-0.09,,26465000,186,,,1
2018-03-19,00665L,富邦恒生國企正2,twse,36.20,36.70,35.63,36.24,1083000,39386700,-0.1,,26465000,208,,,1
2018-03-20,00665L,富邦恒生國企正2,twse,35.60,35.98,35.31,35.80,770000,27405070,-0.44,,26465000,303,,,1
2018-03-21,00665L,富邦恒生國企正2,twse,36.23,37.16,36.15,36.75,1532000,56479740,0.95,,26465000,393,,,1
2018-03-22,00665L,富邦恒生國企正2,twse,35.90,36.74,35.20,35.47,3629000,129837260,-1.28,,26465000,615,,,1
2018-03-23,00665L,富邦恒生國企正2,twse,32.75,33.35,32.50,32.81,2096000,68861440,-2.66,,26465000,573,,,1
2018-03-26,00665L,富邦恒生國企正2,twse,32.61,33.45,32.30,32.67,1632000,53564670,-0.14,,26465000,323,,,1
2018-03-27,00665L,富邦恒生國企正2,twse,34.35,34.61,34.00,34.33,1600000,54914730,1.66,,26465000,358,,,1
2018-03-28,00665L,富邦恒生國企正2,twse,33.33,33.80,33.05,33.06,1840000,61411130,-1.27,,26465000,370,,,1
2018-03-29,00665L,富邦恒生國企正2,twse,33.06,33.31,32.00,32.45,1241000,40371100,-0.61,,26965000,406,,,1
2018-03-30,00665L,富邦恒生國企正2,twse,33.50,33.50,33.04,33.30,1140000,37969460,0.85,,26965000,241,,,1
2018-03-31,00665L,富邦恒生國企正2,twse,33.34,33.44,33.30,33.40,76000,2534930,0.1,,26965000,31,,,1
2018-04-02,00665L,富邦恒生國企正2,twse,33.34,33.56,33.26,33.27,652000,21759380,-0.13,,26965000,100,,,1
2018-04-03,00665L,富邦恒生國企正2,twse,32.30,32.71,32.10,32.51,982000,31778110,-0.76,,26965000,240,,,1
2018-04-09,00665L,富邦恒生國企正2,twse,32.80,33.66,32.33,33.20,734000,24368240,0.69,,26965000,159,,,1
2018-04-10,00665L,富邦恒生國企正2,twse,32.49,34.00,32.49,33.80,657000,22065830,0.6,,26965000,189,,,1
2018-04-11,00665L,富邦恒生國企正2,twse,34.50,34.70,33.97,34.45,980000,33759190,0.65,,26965000,251,,,1
2018-04-12,00665L,富邦恒生國企正2,twse,34.50,34.75,33.95,34.12,546000,18665320,-0.33,,26965000,139,,,1
2018-04-13,00665L,富邦恒生國企正2,twse,34.60,34.69,33.74,33.95,749000,25710710,-0.17,,26965000,139,,,1
2018-04-16,00665L,富邦恒生國企正2,twse,34.20,34.20,32.45,32.45,884000,29114910,-1.5,,26965000,293,,,1
2018-04-17,00665L,富邦恒生國企正2,twse,32.81,32.90,32.01,32.26,365000,11838010,-0.19,,26965000,136,,,1
2018-04-18,00665L,富邦恒生國企正2,twse,33.13,33.44,31.98,32.50,373000,12218730,0.24,,26965000,180,,,1
2018-04-19,00665L,富邦恒生國企正2,twse,32.85,34.03,32.58,34.02,797000,26765610,1.52,,26965000,275,,,1
2018-04-20,00665L,富邦恒生國企正2,twse,33.20,33.98,32.99,33.05,399000,13293030,-0.97,,26965000,196,,,1
2018-04-23,00665L,富邦恒生國企正2,twse,32.91,33.20,32.44,32.73,544000,17824860,-0.32,,26965000,180,,,1
2018-04-24,00665L,富邦恒生國企正2,twse,32.75,33.99,32.64,33.77,1010000,34067310,1.04,,26965000,233,,,1
2018-04-25,00665L,富邦恒生國企正2,twse,33.42,33.62,32.97,33.22,592000,19714550,-0.55,,26965000,150,,,1
2018-04-26,00665L,富邦恒生國企正2,twse,33.16,33.57,32.52,32.55,790000,26062800,-0.67,,26965000,210,,,1
2018-04-27,00665L,富邦恒生國企正2,twse,33.20,33.20,32.41,32.55,311000,10175770,0.0,,26965000,113,,,1
2018-04-30,00665L,富邦恒生國企正2,twse,33.40,34.42,33.20,34.39,712000,24236590,1.84,,26965000,331,,,1
2018-05-02,00665L,富邦恒生國企正2,twse,33.80,34.13,33.20,33.37,670000,22501930,-1.02,,26965000,199,,,1
2018-05-03,00665L,富邦恒生國企正2,twse,33.12,33.32,32.22,32.75,756000,24616070,-0.62,,26965000,278,,,1
2018-05-04,00665L,富邦恒生國企正2,twse,32.61,32.89,32.03,32.40,493000,15958400,-0.35,,26965000,203,,,1
2018-05-07,00665L,富邦恒生國企正2,twse,32.66,32.85,31.80,32.62,519000,16812400,0.22,,27465000,201,,,1
2018-05-08,00665L,富邦恒生國企正2,twse,32.60,33.70,32.48,33.36,850000,28368190,0.74,,27465000,256,,,1
2018-05-09,00665L,富邦恒生國企正2,twse,33.30,33.86,33.12,33.80,854000,28736740,0.44,,27465000,237,,,1
2018-05-10,00665L,富邦恒生國企正2,twse,33.88,34.32,33.71,33.76,850000,28916340,-0.04,,27965000,184,,,1
2018-05-11,00665L,富邦恒生國企正2,twse,34.50,34.81,34.20,34.51,1314000,45362210,0.75,,27965000,357,,,1
2018-05-14,00665L,富邦恒生國企正2,twse,34.80,35.60,34.80,35.40,676000,23887780,0.89,,27965000,225,,,1
2018-05-15,00665L,富邦恒生國企正2,twse,35.65,35.77,34.96,34.96,1018000,36033030,-0.44,,27965000,205,,,1
2018-05-16,00665L,富邦恒生國企正2,twse,34.83,35.02,34.35,34.86,591000,20485070,-0.1,,27965000,186,,,1
2018-05-17,00665L,富邦恒生國企正2,twse,35.56,35.56,34.42,34.57,258000,9002820,-0.29,,27965000,90,,,1
2018-05-18,00665L,富邦恒生國企正2,twse,34.63,34.63,34.17,34.48,175000,6027690,-0.09,,27965000,75,,,1
2018-05-21,00665L,富邦恒生國企正2,twse,35.00,35.58,35.00,35.22,485000,17123380,0.74,,27965000,169,,,1
2018-05-22,00665L,富邦恒生國企正2,twse,34.90,35.00,34.60,34.60,473000,16413710,-0.62,,27965000,127,,,1
2018-05-23,00665L,富邦恒生國企正2,twse,34.45,34.55,33.68,33.83,853000,29169190,-0.77,,27965000,156,,,1
2018-05-24,00665L,富邦恒生國企正2,twse,33.50,33.65,33.20,33.45,312000,10429020,-0.38,,27965000,126,,,1
2018-05-25,00665L,富邦恒生國企正2,twse,33.08,33.65,33.08,33.37,228000,7611030,-0.08,,27965000,59,,,1
2018-05-28,00665L,富邦恒生國企正2,twse,33.37,33.79,33.00,33.56,442000,14846650,0.19,,27965000,108,,,1
2018-05-29,00665L,富邦恒生國企正2,twse,33.56,33.56,32.80,33.00,342000,11291660,-0.56,,27965000,137,,,1
2018-05-30,00665L,富邦恒生國企正2,twse,32.49,32.49,31.51,31.67,925000,29476340,-1.33,,28465000,348,,,1
2018-05-31,00665L,富邦恒生國企正2,twse,32.23,32.54,32.19,32.54,739000,23924640,0.87,,28465000,131,,,1
2018-06-01,00665L,富邦恒生國企正2,twse,32.80,33.45,32.30,32.90,603000,19977320,0.36,,28465000,170,,,1
2018-06-04,00665L,富邦恒生國企正2,twse,33.50,34.20,33.50,34.17,485000,16441720,1.27,,28465000,175,,,1
2018-06-05,00665L,富邦恒生國企正2,twse,34.48,34.48,34.03,34.31,236000,8078250,0.14,,28465000,85,,,1
2018-06-06,00665L,富邦恒生國企正2,twse,34.52,34.84,34.52,34.65,358000,12409510,0.34,,28465000,103,,,1
2018-06-07,00665L,富邦恒生國企正2,twse,34.72,35.30,34.72,35.15,421000,14790920,0.5,,28465000,143,,,1
2018-06-08,00665L,富邦恒生國企正2,twse,34.91,35.20,34.18,34.25,1082000,37445250,-0.9,,28465000,139,,,1
2018-06-11,00665L,富邦恒生國企正2,twse,34.00,34.20,33.65,33.98,430000,14588510,-0.27,,28465000,96,,,1
2018-06-12,00665L,富邦恒生國企正2,twse,34.25,34.44,33.70,34.44,248000,8492220,0.46,,28465000,83,,,1
2018-06-13,00665L,富邦恒生國企正2,twse,33.99,34.20,33.60,33.77,822000,27752890,-0.67,,28465000,140,,,1
2018-06-14,00665L,富邦恒生國企正2,twse,33.47,33.75,32.94,32.94,316000,10497300,-0.83,,28465000,132,,,1
2018-06-15,00665L,富邦恒生國企正2,twse,33.08,33.12,32.58,32.80,543000,17858690,-0.14,,28465000,136,,,1
2018-06-19,00665L,富邦恒生國企正2,twse,32.00,32.00,30.80,30.86,1559000,48796670,-1.94,,28465000,531,,,1
2018-06-20,00665L,富邦恒生國企正2,twse,30.85,31.32,30.19,31.23,929000,28426900,0.37,,28465000,289,,,1
2018-06-21,00665L,富邦恒生國企正2,twse,30.84,31.30,30.43,30.64,1239000,38114330,-0.59,,28465000,259,,,1
2018-06-22,00665L,富邦恒生國企正2,twse,29.80,30.11,29.55,29.94,1108000,33054430,-0.7,,28965000,302,,,1
2018-06-25,00665L,富邦恒生國企正2,twse,30.03,30.05,29.41,29.45,622000,18440480,-0.49,,29465000,242,,,1
2018-06-26,00665L,富邦恒生國企正2,twse,29.00,29.27,28.20,29.00,883000,25433260,-0.45,,29465000,310,,,1
2018-06-27,00665L,富邦恒生國企正2,twse,29.11,29.30,27.83,28.00,830000,23486270,-1.0,,29965000,332,,,1
2018-06-28,00665L,富邦恒生國企正2,twse,27.40,28.00,27.37,27.60,658000,18159670,-0.4,,29965000,215,,,1
2018-06-29,00665L,富邦恒生國企正2,twse,27.60,28.48,27.60,28.48,868000,24393400,0.88,,29965000,166,,,1
2018-07-02,00665L,富邦恒生國企正2,twse,28.40,28.45,27.63,27.63,746000,20902800,-0.85,,29965000,102,,,1
2018-07-03,00665L,富邦恒生國企正2,twse,27.63,27.63,26.20,26.80,1290000,34478190,-0.83,,29965000,286,,,1
2018-07-04,00665L,富邦恒生國企正2,twse,27.47,27.86,26.61,26.95,1520000,41320890,0.15,,29965000,224,,,1
2018-07-05,00665L,富邦恒生國企正2,twse,26.69,27.19,26.00,26.20,502000,13277240,-0.75,,29965000,218,,,1
2018-07-06,00665L,富邦恒生國企正2,twse,27.15,27.31,26.11,27.31,747000,20036130,1.11,,29965000,179,,,1
2018-07-09,00665L,富邦恒生國企正2,twse,27.31,28.16,27.31,28.05,648000,18048680,0.74,,29965000,185,,,1
2018-07-10,00665L,富邦恒生國企正2,twse,28.43,28.45,28.05,28.17,418000,11795910,0.12,,29965000,99,,,1
2018-07-11,00665L,富邦恒生國企正2,twse,27.47,27.47,26.34,27.04,906000,24302910,-1.13,,29965000,223,,,1
2018-07-12,00665L,富邦恒生國企正2,twse,27.23,28.07,27.13,27.99,363000,10070890,0.95,,29965000,129,,,1
2018-07-13,00665L,富邦恒生國企正2,twse,28.20,28.40,27.78,27.91,259000,7249550,-0.08,,29965000,78,,,1
2018-07-16,00665L,富邦恒生國企正2,twse,27.69,27.98,27.00,27.27,403000,11070130,-0.64,,29965000,101,,,1
2018-07-17,00665L,富邦恒生國企正2,twse,27.26,27.26,26.61,26.82,349000,9363480,-0.45,,29965000,87,,,1
2018-07-18,00665L,富邦恒生國企正2,twse,27.22,27.47,26.91,27.03,321000,8708110,0.21,,29965000,71,,,1
2018-07-19,00665L,富邦恒生國企正2,twse,26.98,27.47,26.88,26.93,126000,3405590,-0.1,,29965000,49,,,1
2018-07-20,00665L,富邦恒生國企正2,twse,26.70,27.01,26.00,27.01,591000,15612280,0.08,,29965000,201,,,1
2018-07-23,00665L,富邦恒生國企正2,twse,27.39,27.71,26.99,27.65,460000,12635850,0.64,,29965000,152,,,1
2018-07-24,00665L,富邦恒生國企正2,twse,27.70,28.98,27.50,28.88,991000,28253130,1.23,,29965000,340,,,1
2018-07-25,00665L,富邦恒生國企正2,twse,29.20,29.35,29.00,29.20,768000,22435630,0.32,,29965000,186,,,1
2018-07-26,00665L,富邦恒生國企正2,twse,29.30,29.85,28.80,28.82,822000,24173900,-0.38,,29965000,196,,,1
2018-07-27,00665L,富邦恒生國企正2,twse,28.89,29.14,28.59,28.93,428000,12385220,0.11,,29465000,60,,,1
2018-07-30,00665L,富邦恒生國企正2,twse,28.92,29.50,28.49,28.80,325000,9426680,-0.13,,29465000,82,,,1
2018-07-31,00665L,富邦恒生國企正2,twse,28.90,29.17,28.86,28.92,166000,4805140,0.12,,29465000,26,,,1
2018-08-01,00665L,富邦恒生國企正2,twse,29.40,29.60,28.97,29.07,369000,10833250,0.15,,29465000,99,,,1
2018-08-02,00665L,富邦恒生國企正2,twse,28.60,28.60,27.19,27.25,1338000,37492080,-1.82,,29465000,230,,,1
2018-08-03,00665L,富邦恒生國企正2,twse,27.55,27.60,27.20,27.34,228000,6263610,0.09,,29465000,44,,,1
2018-08-06,00665L,富邦恒生國企正2,twse,27.46,28.12,27.30,27.49,754000,20835990,0.15,,29465000,125,,,1
2018-08-07,00665L,富邦恒生國企正2,twse,27.80,28.04,27.28,27.83,613000,16961640,0.34,,28965000,87,,,1
2018-08-08,00665L,富邦恒生國企正2,twse,28.28,28.41,28.06,28.36,294000,8324920,0.53,,28965000,86,,,1
2018-08-09,00665L,富邦恒生國企正2,twse,28.00,29.07,27.70,28.98,326000,9328520,0.62,,28965000,152,,,1
2018-08-10,00665L,富邦恒生國企正2,twse,28.98,29.25,28.45,28.45,223000,6449400,-0.53,,28965000,100,,,1
2018-08-13,00665L,富邦恒生國企正2,twse,28.00,28.00,27.37,27.62,333000,9181380,-0.83,,28965000,156,,,1
2018-08-14,00665L,富邦恒生國企正2,twse,27.81,27.86,27.20,27.25,211000,5795050,-0.37,,28965000,118,,,1
2018-08-15,00665L,富邦恒生國企正2,twse,27.51,27.51,26.36,26.47,532000,14242860,-0.78,,28965000,197,,,1
2018-08-16,00665L,富邦恒生國企正2,twse,25.91,26.80,25.71,26.49,361000,9451590,0.02,,28965000,124,,,1
2018-08-17,00665L,富邦恒生國企正2,twse,26.68,26.75,26.28,26.31,220000,5831880,-0.18,,28965000,64,,,1
2018-08-20,00665L,富邦恒生國企正2,twse,26.33,26.86,26.22,26.61,335000,8903460,0.3,,28965000,49,,,1
2018-08-21,00665L,富邦恒生國企正2,twse,27.05,27.48,26.92,27.46,620000,16874750,0.85,,28965000,169,,,1
2018-08-22,00665L,富邦恒生國企正2,twse,27.50,28.03,27.23,27.88,338000,9394390,0.42,,28965000,140,,,1
2018-08-23,00665L,富邦恒生國企正2,twse,28.19,28.20,27.43,27.75,192000,5324490,-0.13,,28965000,69,,,1
2018-08-24,00665L,富邦恒生國企正2,twse,27.53,27.80,27.40,27.80,119000,3290430,0.05,,28965000,30,,,1
2018-08-27,00665L,富邦恒生國企正2,twse,28.18,29.15,28.18,28.97,581000,16686560,1.17,,28965000,226,,,1
2018-08-28,00665L,富邦恒生國企正2,twse,29.33,29.69,29.12,29.16,484000,14213980,0.19,,28965000,143,,,1
2018-08-29,00665L,富邦恒生國企正2,twse,29.16,29.36,29.00,29.18,209000,6102490,0.02,,28965000,47,,,1
2018-08-30,00665L,富邦恒生國企正2,twse,29.33,29.40,28.60,28.67,333000,9608430,-0.51,,28965000,139,,,1
2018-08-31,00665L,富邦恒生國企正2,twse,28.29,28.29,27.69,28.28,498000,13932170,-0.39,,28965000,97,,,1
2018-09-03,00665L,富邦恒生國企正2,twse,28.11,28.11,27.62,27.65,198000,5511030,-0.63,,28965000,44,,,1
2018-09-04,00665L,富邦恒生國企正2,twse,27.70,28.00,27.51,28.00,198000,5504970,0.35,,28965000,45,,,1
2018-09-05,00665L,富邦恒生國企正2,twse,27.99,28.11,27.30,27.42,225000,6216990,-0.58,,28965000,62,,,1
2018-09-06,00665L,富邦恒生國企正2,twse,27.01,27.20,26.48,26.61,456000,12212800,-0.81,,28965000,158,,,1
2018-09-07,00665L,富邦恒生國企正2,twse,26.70,27.31,26.33,26.71,281000,7559180,0.1,,28965000,94,,,1
2018-09-10,00665L,富邦恒生國企正2,twse,26.34,26.34,25.88,26.04,502000,13091360,-0.67,,28965000,154,,,1
2018-09-11,00665L,富邦恒生國企正2,twse,26.02,26.12,25.57,25.69,368000,9483100,-0.35,,28965000,104,,,1
2018-09-12,00665L,富邦恒生國企正2,twse,25.50,25.51,24.92,24.97,846000,21238810,-0.72,,28965000,208,,,1
2018-09-13,00665L,富邦恒生國企正2,twse,25.61,26.20,25.61,25.82,740000,19252130,0.85,,28965000,172,,,1
2018-09-14,00665L,富邦恒生國企正2,twse,26.48,26.82,26.22,26.68,1174000,31292270,0.86,,28465000,250,,,1
2018-09-17,00665L,富邦恒生國企正2,twse,26.30,26.30,25.80,25.91,633000,16433710,-0.77,,28465000,97,,,1
2018-09-18,00665L,富邦恒生國企正2,twse,25.90,26.21,25.52,25.93,197000,5105980,0.02,,28465000,58,,,1
2018-09-19,00665L,富邦恒生國企正2,twse,26.71,27.50,26.63,27.46,1920000,52247710,1.53,,27465000,328,,,1
2018-09-20,00665L,富邦恒生國企正2,twse,27.70,28.01,27.47,27.56,607000,16848210,0.1,,26965000,165,,,1
2018-09-21,00665L,富邦恒生國企正2,twse,28.00,28.73,27.96,28.65,809000,23013350,1.09,,26465000,179,,,1
2018-09-25,00665L,富邦恒生國企正2,twse,28.38,28.38,27.78,27.81,264000,7397850,-0.84,,26465000,81,,,1
2018-09-26,00665L,富邦恒生國企正2,twse,27.94,29.35,27.94,29.27,1094000,31607180,1.46,,26465000,277,,,1
2018-09-27,00665L,富邦恒生國企正2,twse,29.10,29.10,28.31,28.55,395000,11327310,-0.72,,25965000,145,,,1
2018-09-28,00665L,富邦恒生國企正2,twse,28.98,29.08,28.60,28.87,342000,9883350,0.32,,25965000,95,,,1
2018-10-01,00665L,富邦恒生國企正2,twse,28.59,29.00,28.59,28.97,27000,781800,0.1,,25965000,16,,,1
2018-10-02,00665L,富邦恒生國企正2,twse,28.69,28.75,27.62,27.66,647000,18016260,-1.31,,25965000,147,,,1
2018-10-03,00665L,富邦恒生國企正2,twse,27.50,27.93,27.17,27.58,884000,24411440,-0.08,,25965000,96,,,1
2018-10-04,00665L,富邦恒生國企正2,twse,27.30,27.30,26.40,26.53,1504000,40015120,-1.05,,25965000,255,,,1
2018-10-05,00665L,富邦恒生國企正2,twse,26.20,26.60,26.18,26.37,593000,15648580,-0.16,,26465000,78,,,1
2018-10-08,00665L,富邦恒生國企正2,twse,26.56,26.99,25.96,26.32,643000,17073170,-0.05,,26465000,142,,,1
2018-10-09,00665L,富邦恒生國企正2,twse,26.00,26.41,25.76,26.20,462000,12065330,-0.12,,26465000,202,,,1
2018-10-11,00665L,富邦恒生國企正2,twse,24.90,24.90,23.85,23.88,1691000,40899710,-2.32,,26465000,324,,,1
2018-10-12,00665L,富邦恒生國企正2,twse,24.51,25.32,24.43,25.30,903000,22427440,1.42,,26465000,200,,,1
2018-10-15,00665L,富邦恒生國企正2,twse,25.10,25.19,24.40,24.50,654000,16162110,-0.8,,26465000,144,,,1
2018-10-16,00665L,富邦恒生國企正2,twse,24.60,25.23,24.60,24.80,505000,12566080,0.3,,26465000,119,,,1
2018-10-17,00665L,富邦恒生國企正2,twse,25.50,25.55,25.05,25.16,1350000,34289030,0.36,,26465000,141,,,1
2018-10-18,00665L,富邦恒生國企正2,twse,25.00,25.00,24.30,24.32,349000,8567690,-0.84,,26465000,135,,,1
2018-10-19,00665L,富邦恒生國企正2,twse,23.80,24.85,23.80,24.81,808000,19717270,0.49,,26465000,183,,,1
2018-10-22,00665L,富邦恒生國企正2,twse,24.75,26.43,24.75,26.34,1300000,33793890,1.53,,26465000,278,,,1
2018-10-23,00665L,富邦恒生國企正2,twse,25.89,25.94,24.98,25.10,1169000,29609840,-1.24,,25465000,348,,,1
2018-10-24,00665L,富邦恒生國企正2,twse,25.00,25.60,24.47,25.06,737000,18490190,-0.04,,25465000,190,,,1
2018-10-25,00665L,富邦恒生國企正2,twse,24.20,24.20,23.53,23.80,883000,21085640,-1.26,,25465000,164,,,1
2018-10-26,00665L,富邦恒生國企正2,twse,24.45,24.80,23.64,23.90,642000,15474250,0.1,,25465000,118,,,1
2018-10-29,00665L,富邦恒生國企正2,twse,24.48,24.50,23.60,23.67,457000,10975850,-0.23,,25465000,94,,,1
2018-10-30,00665L,富邦恒生國企正2,twse,23.61,24.40,23.30,24.20,392000,9332360,0.53,,25465000,113,,,1
2018-10-31,00665L,富邦恒生國企正2,twse,24.32,24.32,23.93,24.24,612000,14714520,0.04,,25465000,101,,,1
2018-11-01,00665L,富邦恒生國企正2,twse,24.34,25.20,24.30,25.19,797000,19895530,0.95,,25465000,284,,,1
2018-11-02,00665L,富邦恒生國企正2,twse,25.77,26.80,25.77,26.59,1305000,34143300,1.4,,25465000,298,,,1
2018-11-05,00665L,富邦恒生國企正2,twse,26.19,26.21,25.59,25.94,552000,14260650,-0.65,,24965000,125,,,1
2018-11-06,00665L,富邦恒生國企正2,twse,26.21,26.40,25.98,26.02,438000,11449710,0.08,,24965000,195,,,1
2018-11-07,00665L,富邦恒生國企正2,twse,26.32,27.20,26.32,26.77,553000,14814720,0.75,,24965000,152,,,1
2018-11-08,00665L,富邦恒生國企正2,twse,27.40,27.40,26.95,27.06,393000,10661870,0.29,,24965000,87,,,1
2018-11-09,00665L,富邦恒生國企正2,twse,26.61,26.61,25.50,25.70,568000,14692840,-1.36,,24965000,161,,,1
2018-11-12,00665L,富邦恒生國企正2,twse,25.47,25.94,25.40,25.70,205000,5266940,0.0,,24965000,41,,,1
2018-11-13,00665L,富邦恒生國企正2,twse,25.10,25.72,24.50,25.72,594000,14852290,0.02,,24965000,164,,,1
2018-11-14,00665L,富邦恒生國企正2,twse,25.98,25.98,25.36,25.47,209000,5350020,-0.25,,24965000,34,,,1
2018-11-15,00665L,富邦恒生國企正2,twse,25.80,25.80,25.33,25.74,326000,8334360,0.27,,24965000,136,,,1
2018-11-16,00665L,富邦恒生國企正2,twse,26.15,26.38,25.65,26.07,358000,9333040,0.33,,24965000,122,,,1
2018-11-19,00665L,富邦恒生國企正2,twse,26.39,26.75,26.15,26.29,142000,3761460,0.22,,24965000,59,,,1
2018-11-20,00665L,富邦恒生國企正2,twse,26.14,26.14,25.50,25.63,171000,4400780,-0.66,,24965000,64,,,1
2018-11-21,00665L,富邦恒生國企正2,twse,25.40,25.69,25.01,25.64,149000,3780090,0.01,,24965000,63,,,1
2018-11-22,00665L,富邦恒生國企正2,twse,26.00,26.00,25.36,25.45,147000,3750760,-0.19,,24965000,36,,,1
2018-11-23,00665L,富邦恒生國企正2,twse,25.30,25.35,25.19,25.29,37000,934100,-0.16,,24965000,20,,,1
2018-11-26,00665L,富邦恒生國企正2,twse,25.60,26.10,25.57,25.96,280000,7230080,0.67,,24965000,66,,,1
2018-11-27,00665L,富邦恒生國企正2,twse,25.99,26.02,25.50,25.95,164000,4240700,-0.01,,24965000,45,,,1
2018-11-28,00665L,富邦恒生國企正2,twse,25.93,26.47,25.92,26.37,359000,9448450,0.42,,24965000,65,,,1
2018-11-29,00665L,富邦恒生國企正2,twse,26.71,27.05,26.33,26.33,299000,7995590,-0.04,,24965000,89,,,1
2018-11-30,00665L,富邦恒生國企正2,twse,26.20,26.73,26.20,26.32,241000,6385500,-0.01,,24965000,123,,,1
2018-12-03,00665L,富邦恒生國企正2,twse,27.38,28.06,27.38,27.73,847000,23595790,1.41,,23965000,239,,,1
2018-12-04,00665L,富邦恒生國企正2,twse,27.60,27.75,27.38,27.38,254000,6980980,-0.35,,23965000,44,,,1
2018-12-05,00665L,富邦恒生國企正2,twse,27.38,27.38,26.74,27.05,472000,12787860,-0.33,,23965000,97,,,1
2018-12-06,00665L,富邦恒生國企正2,twse,26.78,26.78,25.51,25.68,459000,11881250,-1.37,,23965000,133,,,1
2018-12-07,00665L,富邦恒生國企正2,twse,25.95,26.00,25.59,25.67,348000,8956560,-0.01,,23965000,39,,,1
2018-12-10,00665L,富邦恒生國企正2,twse,25.48,25.48,24.40,24.60,732000,18041460,-1.07,,23965000,182,,,1
2018-12-11,00665L,富邦恒生國企正2,twse,24.60,24.80,24.40,24.58,280000,6875850,-0.02,,23965000,47,,,1
2018-12-12,00665L,富邦恒生國企正2,twse,25.05,25.50,25.05,25.37,466000,11817930,0.79,,23965000,225,,,1
2018-12-13,00665L,富邦恒生國企正2,twse,25.78,26.25,25.59,26.03,450000,11675180,0.66,,23965000,106,,,1
2018-12-14,00665L,富邦恒生國企正2,twse,25.75,25.75,25.12,25.30,320000,8076380,-0.73,,23965000,134,,,1
2018-12-17,00665L,富邦恒生國企正2,twse,25.23,25.33,25.01,25.32,318000,8039130,0.02,,23965000,30,,,1
2018-12-18,00665L,富邦恒生國企正2,twse,24.92,25.31,24.38,24.44,357000,8823110,-0.88,,23965000,108,,,1
2018-12-19,00665L,富邦恒生國企正2,twse,24.57,24.67,24.36,24.36,146000,3572880,-0.08,,23965000,51,,,1
2018-12-20,00665L,富邦恒生國企正2,twse,24.00,24.25,23.39,23.41,773000,18308030,-0.95,,23965000,152,,,1
2018-12-21,00665L,富邦恒生國企正2,twse,23.41,23.50,22.97,23.35,358000,8305540,-0.06,,23965000,86,,,1
2018-12-22,00665L,富邦恒生國企正2,twse,23.21,23.25,23.20,23.20,24000,557660,-0.15,,23965000,10,,,1
2018-12-24,00665L,富邦恒生國企正2,twse,23.33,23.55,23.07,23.42,231000,5410450,0.22,,23965000,41,,,1
2018-12-25,00665L,富邦恒生國企正2,twse,22.71,23.20,22.57,22.65,843000,19176030,-0.77,,23965000,94,,,1
2018-12-26,00665L,富邦恒生國企正2,twse,23.15,23.40,22.78,22.90,42000,976420,0.25,,23965000,14,,,1
2018-12-27,00665L,富邦恒生國企正2,twse,23.89,24.00,23.62,23.70,446000,10644510,0.8,,23965000,71,,,1
2018-12-28,00665L,富邦恒生國企正2,twse,23.00,23.53,22.95,23.48,355000,8269160,-0.22,,23965000,155,,,1
2019-01-02,00665L,富邦恒生國企正2,twse,23.69,23.69,22.28,22.43,629000,14254900,-1.05,,23965000,236,,,1
2019-01-03,00665L,富邦恒生國企正2,twse,22.50,22.79,22.25,22.26,313000,7035120,-0.17,,23965000,51,,,1
2019-01-04,00665L,富邦恒生國企正2,twse,22.60,23.26,22.27,23.15,268000,6102610,0.89,,23965000,80,,,1
2019-01-07,00665L,富邦恒生國企正2,twse,23.72,24.17,23.56,23.64,644000,15389640,0.49,,23965000,153,,,1
2019-01-08,00665L,富邦恒生國企正2,twse,23.97,24.00,23.52,23.90,291000,6944380,0.26,,23965000,52,,,1
2019-01-09,00665L,富邦恒生國企正2,twse,24.26,25.16,24.26,25.13,448000,11100730,1.23,,23965000,148,,,1
2019-01-10,00665L,富邦恒生國企正2,twse,24.71,25.08,24.47,24.80,371000,9226110,-0.33,,23965000,68,,,1
2019-01-11,00665L,富邦恒生國企正2,twse,25.04,25.24,24.92,25.12,403000,10128430,0.32,,23965000,59,,,1
2019-01-14,00665L,富邦恒生國企正2,twse,25.01,25.01,24.27,24.47,652000,16009460,-0.65,,23965000,271,,,1
2019-01-15,00665L,富邦恒生國企正2,twse,24.50,25.54,24.50,25.22,231000,5806590,0.75,,23965000,79,,,1
2019-01-16,00665L,富邦恒生國企正2,twse,25.12,25.50,25.00,25.40,201000,5094010,0.18,,23965000,35,,,1
2019-01-17,00665L,富邦恒生國企正2,twse,25.62,26.00,25.25,25.65,304000,7764830,0.25,,22965000,77,,,1
2019-01-18,00665L,富邦恒生國企正2,twse,25.73,26.18,25.73,26.08,145000,3777430,0.43,,22965000,51,,,1
2019-01-21,00665L,富邦恒生國企正2,twse,26.36,26.57,26.06,26.33,201000,5289960,0.25,,22965000,63,,,1
2019-01-22,00665L,富邦恒生國企正2,twse,26.35,26.56,25.71,25.82,160000,4189370,-0.51,,22965000,53,,,1
2019-01-23,00665L,富邦恒生國企正2,twse,25.49,26.34,25.49,26.11,201000,5260180,0.29,,22965000,58,,,1
2019-01-24,00665L,富邦恒生國企正2,twse,26.20,26.31,25.88,26.30,93000,2433090,0.19,,22965000,31,,,1
2019-01-25,00665L,富邦恒生國企正2,twse,26.46,27.23,26.46,27.16,374000,10108570,0.86,,22965000,152,,,1
2019-01-28,00665L,富邦恒生國企正2,twse,27.41,27.74,27.32,27.38,156000,4296410,0.22,,21965000,63,,,1
2019-01-29,00665L,富邦恒生國企正2,twse,26.80,27.15,26.76,27.13,137000,3699980,-0.25,,21465000,38,,,1
2019-01-30,00665L,富邦恒生國企正2,twse,27.16,27.40,26.87,27.17,233000,6312300,0.04,,21465000,36,,,1
2019-02-11,00665L,富邦恒生國企正2,twse,27.50,28.43,27.39,27.70,710000,19666570,0.53,,21465000,103,,,1
2019-02-12,00665L,富邦恒生國企正2,twse,28.15,28.15,27.64,27.98,342000,9562480,0.28,,21465000,72,,,1
2019-02-13,00665L,富邦恒生國企正2,twse,28.25,28.68,28.05,28.67,591000,16785400,0.69,,21465000,248,,,1
2019-02-14,00665L,富邦恒生國企正2,twse,28.59,28.81,28.40,28.58,319000,9105820,-0.09,,21465000,58,,,1
2019-02-15,00665L,富邦恒生國企正2,twse,28.00,28.33,27.60,27.60,118000,3287300,-0.98,,21465000,63,,,1
2019-02-18,00665L,富邦恒生國企正2,twse,28.18,28.62,28.11,28.59,316000,8990010,0.99,,21465000,148,,,1
2019-02-19,00665L,富邦恒生國企正2,twse,28.28,29.02,28.28,28.51,471000,13605770,-0.08,,20965000,85,,,1
2019-02-20,00665L,富邦恒生國企正2,twse,28.87,29.27,28.69,28.77,244000,7078930,0.26,,20965000,87,,,1
2019-02-21,00665L,富邦恒生國企正2,twse,28.88,29.60,28.75,29.60,228000,6689110,0.83,,19965000,88,,,1
2019-02-22,00665L,富邦恒生國企正2,twse,29.10,29.16,28.76,29.12,104000,3017320,-0.48,,19965000,45,,,1
2019-02-25,00665L,富邦恒生國企正2,twse,29.98,30.60,29.92,30.49,946000,28752440,1.37,,19965000,169,,,1
2019-02-26,00665L,富邦恒生國企正2,twse,30.85,31.14,30.49,30.76,498000,15383600,0.27,,19465000,126,,,1
2019-02-27,00665L,富邦恒生國企正2,twse,30.76,31.00,30.61,31.00,308000,9465510,0.24,,19465000,56,,,1
2019-03-04,00665L,富邦恒生國企正2,twse,30.98,31.65,30.35,31.36,531000,16400300,0.36,,19465000,149,,,1
2019-03-05,00665L,富邦恒生國企正2,twse,30.18,30.71,30.18,30.71,193000,5873800,-0.65,,19465000,67,,,1
2019-03-06,00665L,富邦恒生國企正2,twse,30.63,31.08,30.63,30.88,164000,5053140,0.17,,19465000,43,,,1
2019-03-07,00665L,富邦恒生國企正2,twse,30.66,30.69,30.21,30.21,305000,9258550,-0.67,,19465000,55,,,1
2019-03-08,00665L,富邦恒生國企正2,twse,29.62,29.63,28.83,28.90,468000,13618620,-1.31,,19465000,177,,,1
2019-03-11,00665L,富邦恒生國企正2,twse,28.63,29.12,28.50,29.02,132000,3804670,0.12,,19465000,32,,,1
2019-03-12,00665L,富邦恒生國企正2,twse,29.60,30.46,29.59,30.40,586000,17715820,1.38,,18465000,211,,,1
2019-03-13,00665L,富邦恒生國企正2,twse,30.20,30.29,29.79,29.86,160000,4784940,-0.54,,18465000,32,,,1
2019-03-14,00665L,富邦恒生國企正2,twse,30.06,30.30,29.79,29.99,162000,4880940,0.13,,18465000,62,,,1
2019-03-15,00665L,富邦恒生國企正2,twse,30.02,31.00,30.02,30.64,76000,2329790,0.65,,18465000,33,,,1
2019-03-18,00665L,富邦恒生國企正2,twse,30.69,31.10,30.34,31.01,181000,5595560,0.37,,18465000,49,,,1
2019-03-19,00665L,富邦恒生國企正2,twse,31.45,31.48,30.90,31.11,75000,2338910,0.1,,18465000,31,,,1
2019-03-20,00665L,富邦恒生國企正2,twse,30.89,31.35,30.89,30.97,101000,3132630,-0.14,,18465000,27,,,1
2019-03-21,00665L,富邦恒生國企正2,twse,31.00,31.34,31.00,31.19,79000,2465650,0.22,,18465000,29,,,1
2019-03-22,00665L,富邦恒生國企正2,twse,30.82,30.84,29.94,30.15,120000,3639650,-1.04,,18465000,73,,,1
2019-03-25,00665L,富邦恒生國企正2,twse,29.42,29.47,28.98,29.29,769000,22454560,-0.86,,18465000,98,,,1
2019-03-26,00665L,富邦恒生國企正2,twse,29.39,29.39,28.87,28.94,64000,1858040,-0.35,,18465000,31,,,1
2019-03-27,00665L,富邦恒生國企正2,twse,29.36,29.36,28.90,29.26,73000,2134940,0.32,,18465000,28,,,1
2019-03-28,00665L,富邦恒生國企正2,twse,29.01,29.12,28.76,29.05,85000,2464990,-0.21,,18465000,29,,,1
2019-03-29,00665L,富邦恒生國企正2,twse,29.11,29.87,29.10,29.65,305000,9040100,0.6,,18465000,89,,,1
2019-04-01,00665L,富邦恒生國企正2,twse,30.63,30.80,30.32,30.52,421000,12882710,0.87,,18465000,156,,,1
2019-04-02,00665L,富邦恒生國企正2,twse,30.75,30.75,30.41,30.51,150000,4590090,-0.01,,18465000,47,,,1
2019-04-03,00665L,富邦恒生國企正2,twse,30.59,31.02,30.51,30.90,156000,4810960,0.39,,18465000,57,,,1
2019-04-08,00665L,富邦恒生國企正2,twse,31.63,31.99,31.31,31.31,304000,9615170,0.41,,18465000,88,,,1
2019-04-09,00665L,富邦恒生國企正2,twse,31.75,32.02,31.57,31.79,253000,8057150,0.48,,18465000,60,,,1
2019-04-10,00665L,富邦恒生國企正2,twse,31.19,31.61,31.19,31.55,229000,7219210,-0.24,,18465000,27,,,1
2019-04-11,00665L,富邦恒生國企正2,twse,31.62,31.72,30.86,30.94,288000,8955270,-0.61,,18465000,49,,,1
2019-04-12,00665L,富邦恒生國企正2,twse,30.70,30.71,30.40,30.67,229000,6994970,-0.27,,18465000,88,,,1
2019-04-15,00665L,富邦恒生國企正2,twse,31.30,32.08,31.12,31.41,666000,21212050,0.74,,18465000,214,,,1
2019-04-16,00665L,富邦恒生國企正2,twse,31.00,31.66,30.70,31.66,243000,7545170,0.25,,18465000,49,,,1
2019-04-17,00665L,富邦恒生國企正2,twse,32.08,32.16,31.67,32.05,149000,4764190,0.39,,18465000,59,,,1
2019-04-18,00665L,富邦恒生國企正2,twse,31.91,31.91,31.38,31.50,115000,3640460,-0.55,,18465000,53,,,1
2019-04-19,00665L,富邦恒生國企正2,twse,31.78,31.82,31.60,31.63,80000,2541260,0.13,,18465000,23,,,1
2019-04-22,00665L,富邦恒生國企正2,twse,31.67,32.00,31.17,31.17,72000,2262730,-0.46,,18465000,38,,,1
2019-04-23,00665L,富邦恒生國企正2,twse,31.20,31.25,30.85,31.25,25000,779840,0.08,,18465000,17,,,1
2019-04-24,00665L,富邦恒生國企正2,twse,31.39,31.39,30.61,30.90,142000,4380310,-0.35,,18465000,23,,,1
2019-04-25,00665L,富邦恒生國企正2,twse,30.68,30.93,30.62,30.63,23000,706080,-0.27,,18465000,21,,,1
2019-04-26,00665L,富邦恒生國企正2,twse,29.98,30.37,29.98,30.19,173000,5218170,-0.44,,18465000,50,,,1
2019-04-29,00665L,富邦恒生國企正2,twse,30.78,30.87,30.30,30.75,171000,5247850,0.56,,18465000,131,,,1
2019-04-30,00665L,富邦恒生國企正2,twse,30.75,30.75,30.08,30.55,475000,14535680,-0.2,,18465000,38,,,1
2019-05-02,00665L,富邦恒生國企正2,twse,30.25,30.36,30.11,30.25,66000,1994560,-0.3,,18465000,16,,,1
2019-05-03,00665L,富邦恒生國企正2,twse,30.11,30.36,29.65,30.30,61000,1830020,0.05,,18465000,21,,,1
2019-05-06,00665L,富邦恒生國企正2,twse,29.00,29.03,27.95,28.32,671000,19023560,-1.98,,18465000,211,,,1
2019-05-07,00665L,富邦恒生國企正2,twse,28.78,29.00,28.50,28.50,58000,1667950,0.18,,18465000,31,,,1
2019-05-08,00665L,富邦恒生國企正2,twse,28.10,28.33,27.93,28.20,175000,4930090,-0.3,,17465000,34,,,1
2019-05-09,00665L,富邦恒生國企正2,twse,27.78,27.78,26.87,27.08,276000,7483450,-1.12,,17465000,78,,,1
2019-05-10,00665L,富邦恒生國企正2,twse,27.09,27.70,26.60,27.26,1388000,37441530,0.18,,17465000,142,,,1
2019-05-13,00665L,富邦恒生國企正2,twse,26.90,26.90,26.44,26.44,48000,1274400,-0.82,,17465000,27,,,1
2019-05-14,00665L,富邦恒生國企正2,twse,26.20,26.46,25.89,26.40,198000,5166700,-0.04,,17465000,51,,,1
2019-05-15,00665L,富邦恒生國企正2,twse,26.45,26.83,26.40,26.82,223000,5958300,0.42,,16465000,35,,,1
2019-05-16,00665L,富邦恒生國企正2,twse,26.30,26.82,26.21,26.76,414000,11049230,-0.06,,16465000,30,,,1
2019-05-17,00665L,富邦恒生國企正2,twse,27.37,27.37,26.25,26.37,468000,12365800,-0.39,,16465000,34,,,1
2019-05-20,00665L,富邦恒生國企正2,twse,26.50,26.56,25.91,25.91,89000,2322960,-0.46,,16465000,34,,,1
2019-05-21,00665L,富邦恒生國企正2,twse,26.00,26.56,25.87,26.20,257000,6703600,0.29,,16465000,43,,,1
2019-05-22,00665L,富邦恒生國企正2,twse,26.24,26.24,26.02,26.06,36000,938990,-0.14,,16465000,15,,,1
2019-05-23,00665L,富邦恒生國企正2,twse,25.78,26.12,25.23,25.25,446000,11349300,-0.81,,16465000,130,,,1
2019-05-24,00665L,富邦恒生國企正2,twse,25.45,25.65,25.31,25.45,69000,1757140,0.2,,16465000,26,,,1
2019-05-27,00665L,富邦恒生國企正2,twse,25.40,25.40,24.80,25.17,153000,3823960,-0.28,,16465000,41,,,1
2019-05-28,00665L,富邦恒生國企正2,twse,25.17,25.50,25.11,25.45,56000,1417400,0.28,,16465000,21,,,1
2019-05-29,00665L,富邦恒生國企正2,twse,25.03,25.44,25.00,25.44,85000,2152920,-0.01,,16465000,23,,,1
2019-05-30,00665L,富邦恒生國企正2,twse,25.44,25.60,25.30,25.42,24000,611870,-0.02,,16465000,21,,,1
2019-05-31,00665L,富邦恒生國企正2,twse,25.54,25.82,25.52,25.52,144000,3693960,0.1,,16465000,33,,,1
2019-06-03,00665L,富邦恒生國企正2,twse,24.90,25.65,24.90,25.31,467000,11867620,-0.21,,16465000,47,,,1
2019-06-04,00665L,富邦恒生國企正2,twse,25.53,25.55,25.00,25.08,102000,2563900,-0.23,,16465000,24,,,1
2019-06-05,00665L,富邦恒生國企正2,twse,25.50,25.75,25.18,25.23,218000,5528470,0.15,,16465000,37,,,1
2019-06-06,00665L,富邦恒生國企正2,twse,24.92,25.01,24.75,24.96,69000,1722310,-0.27,,16465000,13,,,1
2019-06-10,00665L,富邦恒生國企正2,twse,25.30,26.07,25.29,25.92,268000,6935680,0.96,,16465000,68,,,1
2019-06-11,00665L,富邦恒生國企正2,twse,26.00,26.50,26.00,26.46,465000,12220370,0.54,,16465000,76,,,1
2019-06-12,00665L,富邦恒生國企正2,twse,26.25,26.45,25.82,25.85,263000,6855050,-0.61,,16465000,59,,,1
2019-06-13,00665L,富邦恒生國企正2,twse,25.85,25.86,25.15,25.59,293000,7503550,-0.26,,16465000,69,,,1
2019-06-14,00665L,富邦恒生國企正2,twse,25.73,25.76,25.60,25.68,225000,5780230,0.09,,16465000,29,,,1
2019-06-17,00665L,富邦恒生國企正2,twse,25.47,26.25,25.47,25.96,422000,11013230,0.28,,16465000,38,,,1
2019-06-18,00665L,富邦恒生國企正2,twse,25.97,26.13,25.67,25.95,250000,6463970,-0.01,,16465000,36,,,1
2019-06-19,00665L,富邦恒生國企正2,twse,26.83,27.43,26.83,27.26,450000,12217310,1.31,,16465000,130,,,1
2019-06-20,00665L,富邦恒生國企正2,twse,27.32,27.70,27.32,27.53,285000,7848840,0.27,,16465000,84,,,1
2019-06-21,00665L,富邦恒生國企正2,twse,27.75,28.01,27.60,27.72,583000,16243690,0.19,,16465000,79,,,1
2019-06-24,00665L,富邦恒生國企正2,twse,27.62,28.30,27.61,28.00,159000,4455600,0.28,,16465000,56,,,1
2019-06-25,00665L,富邦恒生國企正2,twse,28.19,28.19,26.98,27.10,326000,8885340,-0.9,,16465000,51,,,1
2019-06-26,00665L,富邦恒生國企正2,twse,26.80,27.49,26.80,27.41,271000,7397950,0.31,,15965000,36,,,1
2019-06-27,00665L,富邦恒生國企正2,twse,27.50,28.19,27.50,28.00,271000,7610350,0.59,,15965000,60,,,1
2019-06-28,00665L,富邦恒生國企正2,twse,28.02,28.02,27.70,27.70,37000,1028850,-0.3,,15965000,17,,,1
2019-07-01,00665L,富邦恒生國企正2,twse,28.66,28.87,28.66,28.84,203000,5847860,1.14,,15965000,88,,,1
2019-07-02,00665L,富邦恒生國企正2,twse,28.72,29.06,28.31,28.94,341000,9857590,0.1,,15965000,66,,,1
2019-07-03,00665L,富邦恒生國企正2,twse,28.70,28.70,28.43,28.52,182000,5191430,-0.42,,15965000,40,,,1
2019-07-04,00665L,富邦恒生國企正2,twse,28.98,28.98,28.57,28.64,186000,5330660,0.12,,15965000,35,,,1
2019-07-05,00665L,富邦恒生國企正2,twse,28.52,28.73,28.28,28.62,19000,540730,-0.02,,15965000,13,,,1
2019-07-08,00665L,富邦恒生國企正2,twse,28.17,28.17,27.40,27.48,144000,3995700,-1.14,,15965000,53,,,1
2019-07-09,00665L,富邦恒生國企正2,twse,27.70,27.70,27.13,27.23,97000,2647930,-0.25,,15965000,36,,,1
2019-07-10,00665L,富邦恒生國企正2,twse,27.60,27.60,27.35,27.43,162000,4445000,0.2,,15965000,34,,,1
2019-07-11,00665L,富邦恒生國企正2,twse,27.66,28.12,27.66,27.88,116000,3242850,0.45,,15965000,64,,,1
2019-07-12,00665L,富邦恒生國企正2,twse,27.55,27.98,27.46,27.91,108000,2989430,0.03,,15965000,34,,,1
2019-07-15,00665L,富邦恒生國企正2,twse,27.56,28.00,26.99,27.80,180000,4940960,-0.11,,15965000,71,,,1
2019-07-16,00665L,富邦恒生國企正2,twse,27.77,28.01,27.73,28.01,139000,3882780,0.21,,15965000,15,,,1
2019-07-17,00665L,富邦恒生國企正2,twse,27.62,27.92,27.56,27.92,18000,498550,-0.09,,15965000,12,,,1
2019-07-18,00665L,富邦恒生國企正2,twse,27.72,27.83,27.56,27.83,61000,1690330,-0.09,,15965000,5,,,1
2019-07-19,00665L,富邦恒生國企正2,twse,27.94,28.52,27.94,28.41,280000,7936370,0.58,,15965000,60,,,1
2019-07-22,00665L,富邦恒生國企正2,twse,28.35,28.35,27.92,28.03,174000,4884240,-0.38,,15965000,20,,,1
2019-07-23,00665L,富邦恒生國企正2,twse,27.97,27.97,27.79,27.82,128000,3567900,-0.21,,15965000,27,,,1
2019-07-24,00665L,富邦恒生國企正2,twse,28.42,28.50,28.17,28.31,81000,2300560,0.49,,15965000,39,,,1
2019-07-25,00665L,富邦恒生國企正2,twse,28.35,28.45,28.23,28.33,41000,1161590,0.02,,15965000,16,,,1
2019-07-26,00665L,富邦恒生國企正2,twse,27.75,28.15,27.75,28.11,96000,2676760,-0.22,,15965000,16,,,1
2019-07-29,00665L,富邦恒生國企正2,twse,28.05,28.05,27.36,27.40,716000,19696000,-0.71,,15965000,84,,,1
2019-07-30,00665L,富邦恒生國企正2,twse,27.88,28.02,27.77,27.94,103000,2877300,0.54,,15965000,30,,,1
2019-07-31,00665L,富邦恒生國企正2,twse,27.61,27.61,26.98,27.18,210000,5713820,-0.76,,15965000,81,,,1
2019-08-01,00665L,富邦恒生國企正2,twse,26.79,26.92,26.64,26.76,133000,3556750,-0.42,,15965000,65,,,1
2019-08-02,00665L,富邦恒生國企正2,twse,25.97,25.97,25.47,25.53,699000,17888120,-1.23,,15465000,124,,,1
2019-08-05,00665L,富邦恒生國企正2,twse,25.39,25.39,24.35,24.53,649000,16113670,-1.0,,15465000,172,,,1
2019-08-06,00665L,富邦恒生國企正2,twse,23.37,24.09,23.37,24.09,1774000,42114160,-0.44,,15465000,252,,,1
2019-08-07,00665L,富邦恒生國企正2,twse,24.07,24.07,23.57,23.79,695000,16542980,-0.3,,15465000,104,,,1
2019-08-08,00665L,富邦恒生國企正2,twse,23.95,24.35,23.91,24.11,808000,19475850,0.32,,15465000,71,,,1
2019-08-12,00665L,富邦恒生國企正2,twse,23.78,24.25,23.74,23.98,353000,8498780,-0.13,,15465000,35,,,1
2019-08-13,00665L,富邦恒生國企正2,twse,23.79,23.79,23.29,23.35,510000,11944900,-0.63,,15465000,149,,,1
2019-08-14,00665L,富邦恒生國企正2,twse,24.00,24.25,23.53,23.53,749000,17817990,0.18,,15465000,217,,,1
2019-08-15,00665L,富邦恒生國企正2,twse,22.85,23.47,22.74,23.26,718000,16567400,-0.27,,15465000,171,,,1
2019-08-16,00665L,富邦恒生國企正2,twse,23.60,23.74,23.19,23.72,501000,11778060,0.46,,15465000,121,,,1
2019-08-19,00665L,富邦恒生國企正2,twse,23.97,24.40,23.96,24.40,526000,12714650,0.68,,15465000,148,,,1
2019-08-20,00665L,富邦恒生國企正2,twse,24.40,24.58,24.07,24.58,370000,9017860,0.18,,15465000,112,,,1
2019-08-21,00665L,富邦恒生國企正2,twse,24.28,24.65,24.28,24.65,136000,3331510,0.07,,15465000,36,,,1
2019-08-22,00665L,富邦恒生國企正2,twse,24.65,24.65,24.29,24.35,390000,9539790,-0.3,,15465000,77,,,1
2019-08-23,00665L,富邦恒生國企正2,twse,24.30,24.68,24.20,24.63,355000,8711420,0.28,,15465000,87,,,1
2019-08-26,00665L,富邦恒生國企正2,twse,23.65,23.82,23.30,23.46,1713000,40150780,-1.17,,15465000,221,,,1
2019-08-27,00665L,富邦恒生國企正2,twse,23.52,24.16,23.52,23.92,324000,7775140,0.46,,15465000,86,,,1
2019-08-28,00665L,富邦恒生國企正2,twse,23.78,24.22,23.73,23.88,1368000,32830390,-0.04,,15465000,98,,,1
2019-08-29,00665L,富邦恒生國企正2,twse,23.89,23.89,23.41,23.78,404000,9530920,-0.1,,15465000,84,,,1
2019-08-30,00665L,富邦恒生國企正2,twse,24.20,24.50,24.17,24.43,285000,6947230,0.65,,15465000,91,,,1
2019-09-02,00665L,富邦恒生國企正2,twse,24.00,24.35,24.00,24.35,336000,8137580,-0.08,,15465000,52,,,1
2019-09-03,00665L,富邦恒生國企正2,twse,24.25,24.40,24.04,24.07,399000,9651520,-0.28,,15465000,70,,,1
2019-09-04,00665L,富邦恒生國企正2,twse,24.31,24.82,24.31,24.67,409000,10070860,0.6,,15465000,129,,,1
2019-09-05,00665L,富邦恒生國企正2,twse,25.27,25.94,25.25,25.90,584000,14994920,1.23,,15465000,239,,,1
2019-09-06,00665L,富邦恒生國企正2,twse,25.53,26.02,25.53,25.72,187000,4827890,-0.18,,15465000,81,,,1
2019-09-09,00665L,富邦恒生國企正2,twse,25.80,26.08,25.80,25.97,148000,3836840,0.25,,15465000,60,,,1
2019-09-10,00665L,富邦恒生國企正2,twse,26.00,26.12,25.72,25.80,146000,3778170,-0.17,,15465000,48,,,1
2019-09-11,00665L,富邦恒生國企正2,twse,25.97,26.48,25.85,26.43,218000,5711030,0.63,,15465000,68,,,1
2019-09-12,00665L,富邦恒生國企正2,twse,26.25,26.83,26.25,26.60,401000,10629380,0.17,,15465000,88,,,1
2019-09-16,00665L,富邦恒生國企正2,twse,26.80,26.80,26.40,26.41,315000,8361630,-0.19,,15465000,61,,,1
2019-09-17,00665L,富邦恒生國企正2,twse,26.32,26.35,25.97,25.97,219000,5738050,-0.44,,15465000,47,,,1
2019-09-18,00665L,富邦恒生國企正2,twse,26.30,26.39,26.08,26.08,80000,2101320,0.11,,15465000,30,,,1
2019-09-19,00665L,富邦恒生國企正2,twse,26.09,26.09,25.43,25.45,168000,4309940,-0.63,,15465000,72,,,1
2019-09-20,00665L,富邦恒生國企正2,twse,25.70,25.82,25.50,25.57,294000,7526270,0.12,,15465000,33,,,1
2019-09-23,00665L,富邦恒生國企正2,twse,25.50,25.57,25.00,25.05,204000,5133600,-0.52,,15465000,74,,,1
2019-09-24,00665L,富邦恒生國企正2,twse,25.32,25.32,25.00,25.15,129000,3236430,0.1,,15465000,60,,,1
2019-09-25,00665L,富邦恒生國企正2,twse,25.14,25.14,24.50,24.65,456000,11228780,-0.5,,15465000,84,,,1
2019-09-26,00665L,富邦恒生國企正2,twse,24.63,24.82,24.59,24.59,202000,4988630,-0.06,,15465000,56,,,1
2019-09-27,00665L,富邦恒生國企正2,twse,24.55,24.63,24.30,24.62,741000,18142480,0.03,,15465000,113,,,1
2019-10-01,00665L,富邦恒生國企正2,twse,24.60,24.60,24.39,24.41,82000,2003350,-0.21,,15465000,39,,,1
2019-10-02,00665L,富邦恒生國企正2,twse,24.20,24.66,24.20,24.61,581000,14266760,0.2,,15465000,47,,,1
2019-10-03,00665L,富邦恒生國企正2,twse,24.39,24.39,24.13,24.34,326000,7898730,-0.27,,15465000,38,,,1
2019-10-04,00665L,富邦恒生國企正2,twse,24.65,24.77,24.29,24.49,219000,5384370,0.15,,15465000,65,,,1
2019-10-07,00665L,富邦恒生國企正2,twse,24.43,24.43,24.21,24.35,69000,1678920,-0.14,,15465000,15,,,1
2019-10-08,00665L,富邦恒生國企正2,twse,24.30,25.00,24.20,24.55,218000,5381250,0.2,,15465000,87,,,1
2019-10-09,00665L,富邦恒生國企正2,twse,24.55,24.55,24.05,24.31,193000,4669980,-0.24,,15465000,38,,,1
2019-10-14,00665L,富邦恒生國企正2,twse,25.60,25.90,25.36,25.80,503000,12903770,1.49,,15465000,181,,,1
2019-10-15,00665L,富邦恒生國企正2,twse,25.35,25.60,25.35,25.50,80000,2040220,-0.3,,15465000,25,,,1
2019-10-16,00665L,富邦恒生國企正2,twse,25.52,25.95,25.37,25.64,261000,6698710,0.14,,15465000,70,,,1
2019-10-17,00665L,富邦恒生國企正2,twse,25.78,26.12,25.78,25.90,225000,5852860,0.26,,15465000,65,,,1
2019-10-18,00665L,富邦恒生國企正2,twse,25.91,26.28,25.90,25.91,127000,3318460,0.01,,15465000,62,,,1
2019-10-21,00665L,富邦恒生國企正2,twse,25.88,25.88,25.59,25.83,56000,1439260,-0.08,,15465000,25,,,1
2019-10-22,00665L,富邦恒生國企正2,twse,25.92,25.99,25.62,25.69,83000,2138110,-0.14,,15465000,24,,,1
2019-10-23,00665L,富邦恒生國企正2,twse,25.68,25.68,25.17,25.29,104000,2639170,-0.4,,15465000,42,,,1
2019-10-24,00665L,富邦恒生國企正2,twse,25.35,25.66,25.35,25.59,73000,1865620,0.3,,15465000,27,,,1
2019-10-25,00665L,富邦恒生國企正2,twse,25.63,25.65,25.30,25.42,70000,1781610,-0.17,,15465000,20,,,1
2019-10-28,00665L,富邦恒生國企正2,twse,25.64,25.94,25.61,25.94,148000,3821640,0.52,,15465000,46,,,1
2019-10-29,00665L,富邦恒生國企正2,twse,26.01,26.22,25.70,25.72,152000,3949360,-0.22,,15465000,58,,,1
2019-10-30,00665L,富邦恒生國企正2,twse,25.52,25.66,25.33,25.40,57000,1449180,-0.32,,15465000,24,,,1
2019-10-31,00665L,富邦恒生國企正2,twse,25.31,25.68,25.29,25.55,66000,1682030,0.15,,15465000,28,,,1
2019-11-01,00665L,富邦恒生國企正2,twse,25.40,25.90,25.29,25.90,112000,2878680,0.35,,15465000,37,,,1
2019-11-04,00665L,富邦恒生國企正2,twse,26.15,26.80,26.15,26.74,303000,8059620,0.84,,15465000,116,,,1
2019-11-05,00665L,富邦恒生國企正2,twse,26.76,27.33,26.64,27.28,389000,10521780,0.54,,15465000,127,,,1
2019-11-06,00665L,富邦恒生國企正2,twse,26.80,27.23,26.80,27.23,82000,2219670,-0.05,,15465000,33,,,1
2019-11-07,00665L,富邦恒生國企正2,twse,27.04,27.22,26.95,27.00,189000,5105590,-0.23,,15465000,32,,,1
2019-11-08,00665L,富邦恒生國企正2,twse,27.43,27.50,27.22,27.22,202000,5532390,0.22,,15465000,44,,,1
2019-11-11,00665L,富邦恒生國企正2,twse,27.01,27.01,26.11,26.14,183000,4832190,-1.08,,15465000,62,,,1
2019-11-12,00665L,富邦恒生國企正2,twse,26.27,26.32,25.89,26.18,168000,4380730,0.04,,15465000,70,,,1
2019-11-13,00665L,富邦恒生國企正2,twse,26.20,26.20,25.34,25.42,329000,8391250,-0.76,,15465000,125,,,1
2019-11-14,00665L,富邦恒生國企正2,twse,25.31,25.60,24.95,25.10,443000,11170210,-0.32,,15465000,102,,,1
2019-11-15,00665L,富邦恒生國企正2,twse,25.20,25.62,25.15,25.21,162000,4118310,0.11,,15465000,49,,,1
2019-11-18,00665L,富邦恒生國企正2,twse,25.21,25.57,25.21,25.40,146000,3711200,0.19,,15465000,33,,,1
2019-11-19,00665L,富邦恒生國企正2,twse,25.43,26.17,25.42,26.10,455000,11831830,0.7,,15465000,95,,,1
2019-11-20,00665L,富邦恒生國企正2,twse,26.00,26.03,25.77,26.03,123000,3188130,-0.07,,15465000,32,,,1
2019-11-21,00665L,富邦恒生國企正2,twse,25.96,25.96,24.90,25.20,377000,9489270,-0.83,,15465000,126,,,1
2019-11-22,00665L,富邦恒生國企正2,twse,25.45,25.56,25.29,25.40,259000,6572150,0.2,,15465000,65,,,1
2019-11-25,00665L,富邦恒生國企正2,twse,25.43,26.25,25.43,26.08,292000,7595430,0.68,,15465000,82,,,1
2019-11-26,00665L,富邦恒生國企正2,twse,26.09,26.43,25.95,26.09,106000,2775050,0.01,,15465000,36,,,1
2019-11-27,00665L,富邦恒生國企正2,twse,25.93,25.93,25.83,25.90,71000,1836540,-0.19,,15465000,21,,,1
2019-11-28,00665L,富邦恒生國企正2,twse,25.79,25.82,25.61,25.63,188000,4829670,-0.27,,15465000,58,,,1
2019-11-29,00665L,富邦恒生國企正2,twse,25.35,25.35,24.33,24.33,1090000,26892980,-1.3,,15465000,322,,,1
2019-12-02,00665L,富邦恒生國企正2,twse,24.33,24.80,24.33,24.75,144000,3557920,0.42,,15465000,54,,,1
2019-12-03,00665L,富邦恒生國企正2,twse,24.65,24.80,24.22,24.75,248000,6080670,0.0,,15465000,72,,,1
2019-12-04,00665L,富邦恒生國企正2,twse,24.48,24.48,23.95,24.31,319000,7707340,-0.44,,15465000,124,,,1
2019-12-05,00665L,富邦恒生國企正2,twse,24.43,24.68,24.37,24.50,221000,5415440,0.19,,15465000,67,,,1
2019-12-06,00665L,富邦恒生國企正2,twse,24.46,25.05,24.46,24.76,230000,5710410,0.26,,15465000,63,,,1
2019-12-09,00665L,富邦恒生國企正2,twse,24.97,25.18,24.76,24.90,181000,4514320,0.14,,15465000,56,,,1
2019-12-10,00665L,富邦恒生國企正2,twse,24.69,25.02,24.60,24.90,282000,7015120,0.0,,15465000,63,,,1
2019-12-11,00665L,富邦恒生國企正2,twse,24.85,25.05,24.76,25.02,68000,1697160,0.12,,15465000,36,,,1
2019-12-12,00665L,富邦恒生國企正2,twse,25.35,25.98,25.21,25.77,900000,23210930,0.75,,15465000,224,,,1
2019-12-13,00665L,富邦恒生國企正2,twse,26.21,26.64,26.21,26.47,584000,15474420,0.7,,15465000,132,,,1
2019-12-16,00665L,富邦恒生國企正2,twse,26.47,26.81,26.47,26.69,332000,8858120,0.22,,15465000,87,,,1
2019-12-17,00665L,富邦恒生國企正2,twse,26.84,27.37,26.60,27.37,236000,6391150,0.68,,15465000,109,,,1
2019-12-18,00665L,富邦恒生國企正2,twse,27.32,27.72,27.30,27.49,265000,7281570,0.12,,15465000,70,,,1
2019-12-19,00665L,富邦恒生國企正2,twse,27.55,27.58,27.12,27.22,310000,8441740,-0.27,,15465000,52,,,1
2019-12-20,00665L,富邦恒生國企正2,twse,27.31,27.79,27.31,27.74,104000,2879250,0.52,,15465000,54,,,1
2019-12-23,00665L,富邦恒生國企正2,twse,27.80,27.82,27.55,27.63,131000,3625820,-0.11,,15465000,43,,,1
2019-12-24,00665L,富邦恒生國企正2,twse,27.26,27.65,27.26,27.61,77000,2120870,-0.02,,15465000,37,,,1
2019-12-25,00665L,富邦恒生國企正2,twse,27.61,27.61,27.41,27.55,5000,137590,-0.06,,15465000,4,,,1
2019-12-26,00665L,富邦恒生國企正2,twse,27.53,27.53,27.53,27.53,6000,165180,-0.02,down,15465000,4,,,1
2019-12-27,00665L,富邦恒生國企正2,twse,27.72,28.35,27.72,28.29,121000,3414460,0.76,,15465000,70,,,1
2019-12-30,00665L,富邦恒生國企正2,twse,28.27,28.62,28.27,28.55,714000,20331400,0.26,,14965000,69,,,1
2019-12-31,00665L,富邦恒生國企正2,twse,28.46,28.46,28.00,28.14,88000,2476190,-0.41,,14965000,34,,,1
2020-01-02,00665L,富邦恒生國企正2,twse,28.88,28.88,28.04,28.60,249000,7137900,0.46,,14965000,86,,,1
2020-01-03,00665L,富邦恒生國企正2,twse,29.11,29.40,28.51,28.52,721000,20867720,-0.08,,14465000,144,,,1
2020-01-06,00665L,富邦恒生國企正2,twse,28.78,28.78,28.10,28.37,141000,3989160,-0.15,,14465000,37,,,1
2020-01-07,00665L,富邦恒生國企正2,twse,28.37,28.60,28.12,28.39,96000,2729650,0.02,,14465000,32,,,1
2020-01-08,00665L,富邦恒生國企正2,twse,27.90,27.90,27.39,27.70,196000,5409020,-0.69,,14465000,78,,,1
2020-01-09,00665L,富邦恒生國企正2,twse,28.00,28.37,28.00,28.33,53000,1498340,0.63,,14465000,32,,,1
2020-01-10,00665L,富邦恒生國企正2,twse,28.70,28.72,28.30,28.39,168000,4773370,0.06,,14465000,35,,,1
2020-01-13,00665L,富邦恒生國企正2,twse,28.41,29.08,28.41,29.01,212000,6137550,0.62,,14465000,72,,,1
2020-01-14,00665L,富邦恒生國企正2,twse,29.44,29.46,28.93,28.97,67000,1959840,-0.04,,14465000,34,,,1
2020-01-15,00665L,富邦恒生國企正2,twse,28.55,29.13,28.43,28.45,147000,4200640,-0.52,,14465000,46,,,1
2020-01-16,00665L,富邦恒生國企正2,twse,28.45,28.92,28.45,28.55,97000,2788530,0.1,,14465000,28,,,1
2020-01-17,00665L,富邦恒生國企正2,twse,29.11,29.12,28.60,28.69,144000,4139870,0.14,,14465000,38,,,1
2020-01-20,00665L,富邦恒生國企正2,twse,28.90,29.65,28.86,28.86,264000,7725820,0.17,,14465000,82,,,1
2020-01-30,00665L,富邦恒生國企正2,twse,26.05,26.05,24.23,24.26,1119000,27818460,-4.6,,14465000,294,,,1
2020-01-31,00665L,富邦恒生國企正2,twse,24.30,24.98,23.93,24.10,551000,13306010,-0.16,,14465000,167,,,1
2020-02-03,00665L,富邦恒生國企正2,twse,23.78,23.98,23.40,23.93,481000,11425800,-0.17,,14465000,144,,,1
2020-02-04,00665L,富邦恒生國企正2,twse,23.85,24.38,23.75,24.11,550000,13264190,0.18,,14465000,100,,,1
2020-02-05,00665L,富邦恒生國企正2,twse,24.41,24.76,24.36,24.47,460000,11310790,0.36,,14465000,119,,,1
2020-02-06,00665L,富邦恒生國企正2,twse,24.95,25.92,24.88,25.80,820000,20881230,1.33,,14465000,168,,,1
2020-02-07,00665L,富邦恒生國企正2,twse,25.35,25.48,25.20,25.28,526000,13330060,-0.52,,14465000,56,,,1
2020-02-10,00665L,富邦恒生國企正2,twse,24.51,25.28,24.51,25.20,198000,4963980,-0.08,,14465000,46,,,1
2020-02-11,00665L,富邦恒生國企正2,twse,25.25,26.06,25.25,26.03,655000,16909630,0.83,,14465000,92,,,1
2020-02-12,00665L,富邦恒生國企正2,twse,26.08,26.30,25.92,26.28,180000,4702800,0.25,,14465000,51,,,1
2020-02-13,00665L,富邦恒生國企正2,twse,26.28,26.48,26.03,26.03,114000,2989350,-0.25,,14465000,47,,,1
2020-02-14,00665L,富邦恒生國企正2,twse,25.89,26.40,25.89,26.26,52000,1363710,0.23,,14465000,17,,,1
2020-02-17,00665L,富邦恒生國企正2,twse,25.98,26.60,25.98,26.60,115000,3041730,0.34,,14465000,45,,,1
2020-02-18,00665L,富邦恒生國企正2,twse,26.40,26.40,25.80,25.95,149000,3879820,-0.65,,14465000,52,,,1
2020-02-19,00665L,富邦恒生國企正2,twse,25.79,26.53,25.79,26.48,127000,3336830,0.53,,14465000,50,,,1
2020-02-20,00665L,富邦恒生國企正2,twse,26.58,26.62,26.05,26.24,192000,5058850,-0.24,,14465000,47,,,1
2020-02-21,00665L,富邦恒生國企正2,twse,26.25,26.29,25.85,26.13,116000,3023210,-0.11,,14465000,41,,,1
2020-02-24,00665L,富邦恒生國企正2,twse,25.86,25.86,25.01,25.24,369000,9317830,-0.89,,14465000,87,,,1
2020-02-25,00665L,富邦恒生國企正2,twse,24.80,25.12,24.57,24.88,304000,7555560,-0.36,,14465000,75,,,1
2020-02-26,00665L,富邦恒生國企正2,twse,24.40,24.80,24.13,24.67,517000,12689270,-0.21,,14465000,117,,,1
2020-02-27,00665L,富邦恒生國企正2,twse,24.32,24.55,24.19,24.40,318000,7738770,-0.27,,14465000,73,,,1
2020-03-02,00665L,富邦恒生國企正2,twse,24.00,24.45,23.55,24.32,504000,12218420,-0.08,,14465000,77,,,1
2020-03-03,00665L,富邦恒生國企正2,twse,25.00,25.00,24.35,24.41,725000,17841590,0.09,,14465000,104,,,1
2020-03-04,00665L,富邦恒生國企正2,twse,24.25,24.60,24.11,24.48,179000,4386340,0.07,,14465000,26,,,1
2020-03-05,00665L,富邦恒生國企正2,twse,24.95,25.24,24.47,25.24,175000,4366520,0.76,,14465000,71,,,1
2020-03-06,00665L,富邦恒生國企正2,twse,24.45,24.67,24.19,24.22,207000,5050760,-1.02,,14465000,70,,,1
2020-03-09,00665L,富邦恒生國企正2,twse,23.00,23.03,22.00,22.10,808000,18029210,-2.12,,14465000,198,,,1
2020-03-10,00665L,富邦恒生國企正2,twse,22.40,23.15,21.91,22.93,352000,7943730,0.83,,14465000,129,,,1
2020-03-11,00665L,富邦恒生國企正2,twse,23.06,23.06,22.32,22.32,210000,4738810,-0.61,,14465000,68,,,1
2020-03-12,00665L,富邦恒生國企正2,twse,22.20,22.20,20.41,20.78,457000,9590030,-1.54,,14465000,155,,,1
2020-03-13,00665L,富邦恒生國企正2,twse,19.40,20.74,17.50,20.74,822000,15238320,-0.04,,14465000,230,,,1
2020-03-16,00665L,富邦恒生國企正2,twse,20.10,20.10,19.19,19.28,208000,4069660,-1.46,,14465000,66,,,1
2020-03-17,00665L,富邦恒生國企正2,twse,17.86,19.17,17.70,18.50,704000,12772300,-0.78,,14465000,102,,,1
2020-03-18,00665L,富邦恒生國企正2,twse,18.31,18.96,18.15,18.22,216000,4029380,-0.28,,14465000,95,,,1
2020-03-19,00665L,富邦恒生國企正2,twse,15.80,17.16,15.19,15.75,1037000,16368300,-2.47,,14465000,242,,,1
2020-03-20,00665L,富邦恒生國企正2,twse,16.60,17.77,16.58,17.40,518000,8938310,1.65,,14465000,97,,,1
2020-03-23,00665L,富邦恒生國企正2,twse,16.26,17.20,16.25,16.58,168000,2803750,-0.82,,14465000,65,,,1
2020-03-24,00665L,富邦恒生國企正2,twse,17.01,18.40,17.01,18.26,176000,3203400,1.68,,14465000,52,,,1
2020-03-25,00665L,富邦恒生國企正2,twse,19.18,19.70,18.97,19.24,301000,5802590,0.98,,14465000,65,,,1
2020-03-26,00665L,富邦恒生國企正2,twse,19.25,20.00,19.23,19.87,211000,4121330,0.63,,14465000,62,,,1
2020-03-27,00665L,富邦恒生國企正2,twse,20.42,20.42,19.70,19.70,209000,4192410,-0.17,,14465000,51,,,1
2020-03-30,00665L,富邦恒生國企正2,twse,19.62,19.75,18.58,19.70,246000,4794200,0.0,,14465000,49,,,1
2020-03-31,00665L,富邦恒生國企正2,twse,19.85,20.02,19.40,19.59,57000,1126280,-0.11,,14465000,21,,,1
2020-04-01,00665L,富邦恒生國企正2,twse,19.59,20.20,19.39,19.78,84000,1671970,0.19,,14465000,22,,,1
2020-04-06,00665L,富邦恒生國企正2,twse,19.98,20.23,19.60,19.94,132000,2628140,0.16,,14465000,20,,,1
2020-04-07,00665L,富邦恒生國企正2,twse,20.35,20.70,20.22,20.32,60000,1227870,0.38,,14465000,26,,,1
2020-04-08,00665L,富邦恒生國企正2,twse,20.68,20.74,20.33,20.59,285000,5850400,0.27,,14465000,71,,,1
2020-04-09,00665L,富邦恒生國企正2,twse,20.59,20.60,20.38,20.38,71000,1451900,-0.21,,14465000,31,,,1
2020-04-10,00665L,富邦恒生國企正2,twse,20.60,20.70,20.55,20.67,86000,1773880,0.29,,14465000,31,,,1
2020-04-13,00665L,富邦恒生國企正2,twse,20.31,20.31,20.24,20.25,29000,588140,-0.42,,14465000,18,,,1
2020-04-14,00665L,富邦恒生國企正2,twse,20.28,21.15,20.28,21.04,166000,3454770,0.79,,14465000,56,,,1
2020-04-15,00665L,富邦恒生國企正2,twse,20.70,21.06,20.62,20.68,132000,2742090,-0.36,,14465000,58,,,1
2020-04-16,00665L,富邦恒生國企正2,twse,20.10,20.35,20.00,20.26,103000,2073930,-0.42,,14465000,46,,,1
2020-04-17,00665L,富邦恒生國企正2,twse,20.82,21.15,20.80,21.08,255000,5353290,0.82,,14465000,64,,,1
2020-04-20,00665L,富邦恒生國企正2,twse,20.63,21.00,20.48,20.86,108000,2239430,-0.22,,14465000,38,,,1
2020-04-21,00665L,富邦恒生國企正2,twse,20.41,20.56,19.74,19.89,366000,7360510,-0.97,,14465000,88,,,1
2020-04-22,00665L,富邦恒生國企正2,twse,19.56,19.97,19.32,19.97,56000,1100970,0.08,,14465000,32,,,1
2020-04-23,00665L,富邦恒生國企正2,twse,20.06,20.55,20.06,20.31,129000,2622320,0.34,,14465000,49,,,1
2020-04-24,00665L,富邦恒生國企正2,twse,20.08,20.30,19.88,20.10,95000,1907520,-0.21,,14465000,25,,,1
2020-04-27,00665L,富邦恒生國企正2,twse,20.17,20.97,20.17,20.97,128000,2655290,0.87,,14465000,63,,,1
2020-04-28,00665L,富邦恒生國企正2,twse,20.97,21.33,20.76,21.33,85000,1797470,0.36,,14465000,36,,,1
2020-04-29,00665L,富邦恒生國企正2,twse,21.49,21.88,21.49,21.61,183000,3966680,0.28,,14465000,52,,,1
2020-04-30,00665L,富邦恒生國企正2,twse,21.90,22.25,21.67,22.22,144000,3187640,0.61,,14465000,57,,,1
2020-05-04,00665L,富邦恒生國企正2,twse,20.81,21.65,19.70,19.79,465000,9339760,-2.43,,14465000,155,,,1
2020-05-05,00665L,富邦恒生國企正2,twse,20.10,20.10,19.71,19.87,121000,2391740,0.08,,14465000,48,,,1
2020-05-06,00665L,富邦恒生國企正2,twse,20.00,20.36,19.98,20.36,113000,2283790,0.49,,14465000,54,,,1
2020-05-07,00665L,富邦恒生國企正2,twse,20.31,20.45,20.18,20.35,363000,7392980,-0.01,,13965000,28,,,1
2020-05-08,00665L,富邦恒生國企正2,twse,20.50,20.85,20.47,20.85,124000,2567640,0.5,,13965000,48,,,1
2020-05-11,00665L,富邦恒生國企正2,twse,21.12,21.65,21.12,21.31,211000,4530090,0.46,,13965000,66,,,1
2020-05-12,00665L,富邦恒生國企正2,twse,21.02,21.04,20.52,20.72,215000,4453060,-0.59,,13965000,59,,,1
2020-05-13,00665L,富邦恒生國企正2,twse,20.68,20.85,20.30,20.84,273000,5567000,0.12,,13965000,41,,,1
2020-05-14,00665L,富邦恒生國企正2,twse,20.52,20.52,20.02,20.06,609000,12264840,-0.78,,13965000,77,,,1
2020-05-15,00665L,富邦恒生國企正2,twse,20.32,20.32,19.75,20.23,562000,11322560,0.17,,13965000,74,,,1
2020-05-18,00665L,富邦恒生國企正2,twse,20.03,20.29,19.88,20.13,155000,3125700,-0.1,,13965000,64,,,1
2020-05-19,00665L,富邦恒生國企正2,twse,20.91,21.29,20.83,20.92,429000,9042170,0.79,,13965000,98,,,1
2020-05-20,00665L,富邦恒生國企正2,twse,20.80,21.20,20.80,21.01,157000,3310720,0.09,,13965000,32,,,1
2020-05-21,00665L,富邦恒生國企正2,twse,21.05,21.13,20.60,20.89,186000,3873030,-0.12,,13965000,47,,,1
2020-05-22,00665L,富邦恒生國企正2,twse,20.49,20.49,18.88,18.88,1099000,21594860,-2.01,,14465000,270,,,1
2020-05-25,00665L,富邦恒生國企正2,twse,18.55,19.34,18.55,19.09,398000,7540220,0.21,,14465000,106,,,1
2020-05-26,00665L,富邦恒生國企正2,twse,19.36,19.98,19.36,19.88,285000,5624890,0.79,,14465000,107,,,1
2020-05-27,00665L,富邦恒生國企正2,twse,19.78,20.01,19.49,19.66,438000,8647850,-0.22,,14465000,90,,,1
2020-05-28,00665L,富邦恒生國企正2,twse,19.51,20.11,19.15,19.54,513000,10099040,-0.12,,14465000,169,,,1
2020-05-29,00665L,富邦恒生國企正2,twse,19.40,19.75,18.90,19.57,721000,13989740,0.03,,14465000,150,,,1
2020-06-01,00665L,富邦恒生國企正2,twse,19.85,20.97,19.70,20.94,732000,15129330,1.37,,14465000,203,,,1
2020-06-02,00665L,富邦恒生國企正2,twse,20.62,21.05,20.62,20.89,1575000,32849140,-0.05,,14465000,137,,,1
2020-06-03,00665L,富邦恒生國企正2,twse,21.47,21.87,21.47,21.55,874000,18922420,0.66,,14465000,120,,,1
2020-06-04,00665L,富邦恒生國企正2,twse,22.00,22.07,21.39,21.56,981000,21367520,0.01,,14465000,130,,,1
2020-06-05,00665L,富邦恒生國企正2,twse,21.51,21.70,21.34,21.45,744000,15955360,-0.11,,14465000,88,,,1
2020-06-08,00665L,富邦恒生國企正2,twse,22.00,22.24,21.58,21.58,848000,18586940,0.13,,14465000,154,,,1
2020-06-09,00665L,富邦恒生國企正2,twse,21.70,22.35,21.56,22.33,801000,17685270,0.75,,14465000,123,,,1
2020-06-10,00665L,富邦恒生國企正2,twse,22.26,22.60,22.07,22.38,527000,11758280,0.05,,14465000,100,,,1
2020-06-11,00665L,富邦恒生國企正2,twse,22.01,22.23,21.64,21.70,757000,16602440,-0.68,,14465000,102,,,1
2020-06-12,00665L,富邦恒生國企正2,twse,20.83,20.90,20.52,20.71,733000,15151670,-0.99,,14465000,127,,,1
2020-06-15,00665L,富邦恒生國企正2,twse,20.70,20.75,20.12,20.22,832000,17023540,-0.49,,14465000,105,,,1
2020-06-16,00665L,富邦恒生國企正2,twse,20.78,21.20,20.78,21.08,588000,12357530,0.86,,14465000,93,,,1
2020-06-17,00665L,富邦恒生國企正2,twse,21.08,21.08,20.70,20.84,606000,12644400,-0.24,,14465000,62,,,1
2020-06-18,00665L,富邦恒生國企正2,twse,20.70,21.15,20.55,21.05,218000,4547260,0.21,,14465000,62,,,1
2020-06-19,00665L,富邦恒生國企正2,twse,21.06,21.38,21.06,21.15,141000,2985940,0.1,,14465000,34,,,1
2020-06-22,00665L,富邦恒生國企正2,twse,21.04,21.48,21.00,21.23,452000,9618200,0.08,,14465000,91,,,1
2020-06-23,00665L,富邦恒生國企正2,twse,21.40,21.51,20.54,21.43,941000,19642090,0.2,,14465000,164,,,1
2020-06-24,00665L,富邦恒生國企正2,twse,21.80,21.98,21.59,21.59,399000,8697510,0.16,,14465000,88,,,1
2020-06-29,00665L,富邦恒生國企正2,twse,21.15,21.15,20.41,20.59,352000,7314470,-1.0,,14465000,139,,,1
2020-06-30,00665L,富邦恒生國企正2,twse,20.97,21.08,20.77,20.92,843000,17647540,0.33,,14465000,89,,,1
2020-07-01,00665L,富邦恒生國企正2,twse,20.91,21.39,20.76,21.19,599000,12578070,0.27,,14465000,151,,,1
2020-07-02,00665L,富邦恒生國企正2,twse,21.05,21.80,20.86,21.72,977000,21002890,0.53,,14465000,194,,,1
2020-07-03,00665L,富邦恒生國企正2,twse,22.25,22.84,22.10,22.73,940000,21227800,1.01,,14465000,241,,,1
2020-07-06,00665L,富邦恒生國企正2,twse,23.11,24.90,23.11,24.60,614000,14782520,1.87,,14465000,199,,,1
2020-07-07,00665L,富邦恒生國企正2,twse,26.05,26.22,25.19,25.30,867000,22175490,0.7,,14465000,228,,,1
2020-07-08,00665L,富邦恒生國企正2,twse,25.16,25.71,25.13,25.33,414000,10509510,0.03,,14465000,127,,,1
2020-07-09,00665L,富邦恒生國企正2,twse,25.90,26.00,25.40,25.81,720000,18487310,0.48,,14465000,123,,,1
2020-07-10,00665L,富邦恒生國企正2,twse,25.80,25.80,24.45,24.53,1197000,30030880,-1.28,,14465000,188,,,1
2020-07-13,00665L,富邦恒生國企正2,twse,24.48,25.20,24.47,25.12,306000,7647240,0.59,,14465000,68,,,1
2020-07-14,00665L,富邦恒生國企正2,twse,24.58,24.84,23.64,23.87,522000,12564280,-1.25,,14465000,142,,,1
2020-07-15,00665L,富邦恒生國企正2,twse,24.29,24.57,23.50,23.75,441000,10626360,-0.12,,14465000,93,,,1
2020-07-16,00665L,富邦恒生國企正2,twse,23.95,24.00,22.97,22.97,578000,13535920,-0.78,,14465000,121,,,1
2020-07-17,00665L,富邦恒生國企正2,twse,22.97,23.38,22.88,22.96,240000,5534520,-0.01,,14465000,89,,,1
2020-07-20,00665L,富邦恒生國企正2,twse,23.00,23.70,22.60,23.45,357000,8272640,0.49,,14465000,105,,,1
2020-07-21,00665L,富邦恒生國企正2,twse,23.65,24.06,23.65,23.69,324000,7734070,0.24,,14465000,84,,,1
2020-07-22,00665L,富邦恒生國企正2,twse,23.78,24.37,23.77,24.01,271000,6528110,0.32,,14465000,93,,,1
2020-07-23,00665L,富邦恒生國企正2,twse,23.52,23.65,22.90,23.25,323000,7507810,-0.76,,14465000,142,,,1
2020-07-24,00665L,富邦恒生國企正2,twse,23.08,23.20,22.23,22.37,707000,15951780,-0.88,,14465000,145,,,1
2020-07-27,00665L,富邦恒生國企正2,twse,22.70,23.00,22.25,22.40,352000,7905000,0.03,,14465000,93,,,1
2020-07-28,00665L,富邦恒生國企正2,twse,22.78,23.00,22.53,22.53,270000,6166970,0.13,,14465000,79,,,1
2020-07-29,00665L,富邦恒生國企正2,twse,22.51,22.89,22.45,22.62,63000,1431780,0.09,,14465000,22,,,1
2020-07-30,00665L,富邦恒生國企正2,twse,22.90,23.00,22.72,22.85,138000,3162510,0.23,,14465000,44,,,1
2020-07-31,00665L,富邦恒生國企正2,twse,22.57,22.85,22.15,22.46,175000,3937590,-0.39,,14465000,65,,,1
2020-08-03,00665L,富邦恒生國企正2,twse,22.44,22.53,21.65,21.96,475000,10449830,-0.5,,14465000,157,,,1
2020-08-04,00665L,富邦恒生國企正2,twse,22.10,22.66,22.10,22.57,231000,5193350,0.61,,14465000,89,,,1
2020-08-05,00665L,富邦恒生國企正2,twse,22.75,23.08,22.57,22.90,503000,11459760,0.33,,14465000,101,,,1
2020-08-06,00665L,富邦恒生國企正2,twse,23.10,23.20,22.22,22.49,318000,7179750,-0.41,,14465000,101,,,1
2020-08-07,00665L,富邦恒生國企正2,twse,22.65,22.81,21.55,21.85,443000,9779810,-0.64,,14465000,157,,,1
2020-08-10,00665L,富邦恒生國企正2,twse,21.85,22.17,21.61,22.14,1041000,22896180,0.29,,14465000,85,,,1
2020-08-11,00665L,富邦恒生國企正2,twse,22.25,22.92,22.24,22.85,260000,5902310,0.71,,14465000,145,,,1
2020-08-12,00665L,富邦恒生國企正2,twse,22.68,22.68,22.02,22.24,352000,7806630,-0.61,,14465000,73,,,1
2020-08-13,00665L,富邦恒生國企正2,twse,22.87,23.26,22.87,22.99,712000,16397060,0.75,,14465000,158,,,1
2020-08-14,00665L,富邦恒生國企正2,twse,22.99,23.18,22.70,23.16,307000,7064490,0.17,,14465000,57,,,1
2020-08-17,00665L,富邦恒生國企正2,twse,23.16,24.04,23.16,23.94,433000,10229060,0.78,,14465000,145,,,1
2020-08-18,00665L,富邦恒生國企正2,twse,24.08,24.09,23.60,23.68,100000,2372120,-0.26,,14465000,36,,,1
2020-08-19,00665L,富邦恒生國企正2,twse,23.52,23.74,23.40,23.50,405000,9502030,-0.18,,14465000,50,,,1
2020-08-20,00665L,富邦恒生國企正2,twse,23.13,23.13,22.22,22.28,1074000,24202110,-1.22,,14465000,151,,,1
2020-08-21,00665L,富邦恒生國企正2,twse,22.76,23.00,22.62,22.89,176000,4020500,0.61,,14465000,59,,,1
2020-08-24,00665L,富邦恒生國企正2,twse,22.94,23.39,22.94,23.22,136000,3154880,0.33,,14465000,66,,,1
2020-08-25,00665L,富邦恒生國企正2,twse,23.30,23.33,22.88,22.89,249000,5751110,-0.33,,14465000,86,,,1
2020-08-26,00665L,富邦恒生國企正2,twse,23.29,23.48,22.99,23.22,259000,6010860,0.33,,14465000,98,,,1
2020-08-27,00665L,富邦恒生國企正2,twse,23.33,23.33,22.57,22.76,207000,4729390,-0.46,,14465000,89,,,1
2020-08-28,00665L,富邦恒生國企正2,twse,22.76,23.06,22.65,22.98,218000,4985150,0.22,,14465000,75,,,1
2020-08-31,00665L,富邦恒生國企正2,twse,23.15,23.51,22.97,22.97,796000,18491960,-0.01,,14465000,149,,,1
2020-09-01,00665L,富邦恒生國企正2,twse,22.07,22.19,21.58,22.18,823000,18046420,-0.79,,14465000,228,,,1
2020-09-02,00665L,富邦恒生國企正2,twse,22.20,22.20,21.62,21.89,403000,8782150,-0.29,,14465000,128,,,1
2020-09-03,00665L,富邦恒生國企正2,twse,21.94,22.19,21.58,21.79,521000,11357460,-0.1,,14465000,105,,,1
2020-09-04,00665L,富邦恒生國企正2,twse,21.47,21.49,20.98,21.20,911000,19262650,-0.59,,14465000,183,,,1
2020-09-07,00665L,富邦恒生國企正2,twse,21.34,21.65,21.06,21.22,221000,4710240,0.02,,14465000,96,,,1
2020-09-08,00665L,富邦恒生國企正2,twse,21.12,21.33,20.65,21.11,640000,13380520,-0.11,,14465000,153,,,1
2020-09-09,00665L,富邦恒生國企正2,twse,20.84,20.95,20.42,20.82,239000,4940150,-0.29,,14465000,106,,,1
2020-09-10,00665L,富邦恒生國企正2,twse,20.91,21.09,20.72,20.85,288000,6024130,0.03,,14465000,85,,,1
2020-09-11,00665L,富邦恒生國企正2,twse,20.56,20.78,20.50,20.74,99000,2044210,-0.11,,14465000,51,,,1
2020-09-14,00665L,富邦恒生國企正2,twse,20.70,21.19,20.70,21.01,231000,4853020,0.27,,14465000,62,,,1
2020-09-15,00665L,富邦恒生國企正2,twse,21.00,21.28,20.82,21.22,248000,5227980,0.21,,14465000,94,,,1
2020-09-16,00665L,富邦恒生國企正2,twse,21.23,21.39,21.08,21.16,490000,10357750,-0.06,,14465000,39,,,1
2020-09-17,00665L,富邦恒生國企正2,twse,21.17,21.29,20.55,20.70,278000,5810820,-0.46,,14465000,66,,,1
2020-09-18,00665L,富邦恒生國企正2,twse,20.78,21.00,20.70,21.00,377000,7854340,0.3,,14465000,46,,,1
2020-09-21,00665L,富邦恒生國企正2,twse,21.04,21.30,20.45,20.46,276000,5731380,-0.54,,14465000,90,,,1
2020-09-22,00665L,富邦恒生國企正2,twse,20.38,20.44,20.04,20.24,504000,10207800,-0.22,,14465000,69,,,1
2020-09-23,00665L,富邦恒生國企正2,twse,20.04,20.10,19.79,20.02,281000,5612040,-0.22,,14465000,111,,,1
2020-09-24,00665L,富邦恒生國企正2,twse,19.78,19.78,19.14,19.25,870000,16882580,-0.77,,14465000,156,,,1
2020-09-25,00665L,富邦恒生國企正2,twse,19.55,19.57,19.06,19.12,325000,6237810,-0.13,,14465000,62,,,1
2020-09-28,00665L,富邦恒生國企正2,twse,19.17,19.35,19.01,19.35,813000,15685220,0.23,,14465000,72,,,1
2020-09-29,00665L,富邦恒生國企正2,twse,19.57,19.60,18.97,18.97,312000,6009340,-0.38,,14465000,103,,,1
2020-09-30,00665L,富邦恒生國企正2,twse,19.15,19.89,19.15,19.42,445000,8667200,0.45,,14465000,146,,,1
2020-10-05,00665L,富邦恒生國企正2,twse,19.60,19.97,19.36,19.61,166000,3267210,0.19,,14465000,56,,,1
2020-10-06,00665L,富邦恒生國企正2,twse,19.83,19.92,19.61,19.82,60000,1187450,0.21,,14465000,31,,,1
2020-10-07,00665L,富邦恒生國企正2,twse,19.90,20.14,19.70,19.98,282000,5644770,0.16,,14465000,60,,,1
2020-10-08,00665L,富邦恒生國企正2,twse,20.10,20.24,19.84,19.94,309000,6161580,-0.04,,14465000,58,,,1
2020-10-12,00665L,富邦恒生國企正2,twse,20.35,21.29,20.25,21.24,806000,16756030,1.3,,14465000,210,,,1
2020-10-13,00665L,富邦恒生國企正2,twse,21.30,21.30,21.03,21.17,57000,1204100,-0.07,,14465000,36,,,1
2020-10-14,00665L,富邦恒生國企正2,twse,21.17,21.51,21.01,21.22,269000,5712790,0.05,,14465000,86,,,1
2020-10-15,00665L,富邦恒生國企正2,twse,21.14,21.33,21.02,21.13,134000,2831970,-0.09,,14465000,35,,,1
2020-10-16,00665L,富邦恒生國企正2,twse,20.99,21.40,20.76,21.34,383000,8115820,0.21,,14465000,70,,,1
2020-10-19,00665L,富邦恒生國企正2,twse,21.45,22.06,21.45,21.73,631000,13806780,0.39,,14465000,126,,,1
2020-10-20,00665L,富邦恒生國企正2,twse,21.73,21.73,21.45,21.63,251000,5410640,-0.1,,14465000,45,,,1
2020-10-21,00665L,富邦恒生國企正2,twse,21.75,22.10,21.75,21.98,138000,3032300,0.35,,14465000,60,,,1
2020-10-22,00665L,富邦恒生國企正2,twse,21.89,22.04,21.65,22.04,204000,4453450,0.06,,14465000,50,,,1
2020-10-23,00665L,富邦恒生國企正2,twse,22.15,22.40,21.91,22.32,186000,4130650,0.28,,14465000,68,,,1
2020-10-26,00665L,富邦恒生國企正2,twse,22.32,22.32,21.94,22.06,317000,7021480,-0.26,,14465000,47,,,1
2020-10-27,00665L,富邦恒生國企正2,twse,22.09,22.09,21.55,21.59,423000,9213850,-0.47,,14465000,63,,,1
2020-10-28,00665L,富邦恒生國企正2,twse,21.70,21.70,21.36,21.60,528000,11378980,0.01,,14465000,52,,,1
2020-10-29,00665L,富邦恒生國企正2,twse,21.18,21.34,20.75,21.31,153000,3209620,-0.29,,14465000,84,,,1
2020-10-30,00665L,富邦恒生國企正2,twse,21.17,21.45,21.10,21.11,850000,17983970,-0.2,,14465000,61,,,1
2020-11-02,00665L,富邦恒生國企正2,twse,20.77,21.26,20.77,21.10,458000,9662630,-0.01,,14465000,38,,,1
2020-11-03,00665L,富邦恒生國企正2,twse,21.42,22.22,21.42,22.14,357000,7833420,1.04,,14465000,140,,,1
2020-11-04,00665L,富邦恒生國企正2,twse,21.90,22.22,21.60,22.11,300000,6576820,-0.03,,14465000,100,,,1
2020-11-05,00665L,富邦恒生國企正2,twse,23.00,23.60,22.94,23.42,908000,21153340,1.31,,14465000,222,,,1
2020-11-06,00665L,富邦恒生國企正2,twse,24.02,24.08,23.60,23.66,328000,7813420,0.24,,14465000,105,,,1
2020-11-09,00665L,富邦恒生國企正2,twse,24.28,24.82,24.22,24.66,351000,8620310,1.0,,14465000,131,,,1
2020-11-10,00665L,富邦恒生國企正2,twse,24.82,24.84,24.18,24.31,112000,2736580,-0.35,,14465000,57,,,1
2020-11-11,00665L,富邦恒生國企正2,twse,24.20,24.30,23.91,24.30,198000,4776130,-0.01,,14465000,50,,,1
2020-11-12,00665L,富邦恒生國企正2,twse,24.30,24.69,24.10,24.30,454000,11120760,0.0,,14465000,59,,,1
2020-11-13,00665L,富邦恒生國企正2,twse,24.01,24.12,23.56,23.82,120000,2860410,-0.48,,14465000,53,,,1
2020-11-16,00665L,富邦恒生國企正2,twse,24.49,24.64,23.94,24.14,137000,3318580,0.32,,14465000,47,,,1
2020-11-17,00665L,富邦恒生國企正2,twse,24.17,24.43,24.10,24.15,157000,3815030,0.01,,14465000,38,,,1
2020-11-18,00665L,富邦恒生國企正2,twse,24.26,24.56,24.07,24.45,67500,1644579,0.3,,13965000,39,,,1
2020-11-19,00665L,富邦恒生國企正2,twse,24.19,24.23,23.93,24.01,48000,1154140,-0.44,,13965000,31,,,1
2020-11-20,00665L,富邦恒生國企正2,twse,24.05,24.24,24.01,24.22,63000,1523240,0.21,,13965000,14,,,1
2020-11-23,00665L,富邦恒生國企正2,twse,24.37,24.60,24.25,24.44,86000,2096910,0.22,,13965000,42,,,1
2020-11-24,00665L,富邦恒生國企正2,twse,24.54,24.54,24.25,24.35,95000,2315690,-0.09,,13965000,35,,,1
2020-11-25,00665L,富邦恒生國企正2,twse,24.56,24.87,24.30,24.32,209000,5147860,-0.03,,13965000,64,,,1
2020-11-26,00665L,富邦恒生國企正2,twse,24.27,24.52,24.27,24.52,34000,829730,0.2,,13465000,20,,,1
2020-11-27,00665L,富邦恒生國企正2,twse,24.70,24.85,24.58,24.80,110000,2718420,0.28,,13465000,37,,,1
2020-11-30,00665L,富邦恒生國企正2,twse,25.19,25.60,24.71,24.73,296000,7445770,-0.07,,13465000,108,,,1
2020-12-01,00665L,富邦恒生國企正2,twse,24.50,24.74,24.24,24.72,178000,4350970,-0.01,,13465000,68,,,1
2020-12-02,00665L,富邦恒生國企正2,twse,24.61,24.61,23.92,24.15,156000,3775050,-0.57,,13465000,73,,,1
2020-12-03,00665L,富邦恒生國企正2,twse,24.23,24.40,24.05,24.18,63000,1525720,0.03,,13465000,28,,,1
2020-12-04,00665L,富邦恒生國企正2,twse,24.36,24.36,24.10,24.25,81000,1959320,0.07,,13465000,25,,,1
2020-12-07,00665L,富邦恒生國企正2,twse,24.22,24.22,23.20,23.59,344000,8118990,-0.66,,13465000,101,,,1
2020-12-08,00665L,富邦恒生國企正2,twse,23.75,23.75,23.44,23.51,203000,4775230,-0.08,,13465000,39,,,1
2020-12-09,00665L,富邦恒生國企正2,twse,23.70,24.05,23.68,23.84,92000,2198670,0.33,,13465000,44,,,1
2020-12-10,00665L,富邦恒生國企正2,twse,23.50,23.51,23.23,23.37,81000,1893090,-0.47,,13465000,39,,,1
2020-12-11,00665L,富邦恒生國企正2,twse,23.63,23.85,23.30,23.50,357000,8386850,0.13,,13465000,44,,,1
2020-12-14,00665L,富邦恒生國企正2,twse,23.57,23.71,23.35,23.39,353000,8305820,-0.11,,13465000,45,,,1
2020-12-15,00665L,富邦恒生國企正2,twse,23.46,23.46,23.00,23.15,338000,7895140,-0.24,,13465000,43,,,1
2020-12-16,00665L,富邦恒生國企正2,twse,23.48,23.71,23.40,23.60,1359000,32053950,0.45,,13465000,74,,,1
2020-12-17,00665L,富邦恒生國企正2,twse,23.70,23.80,23.43,23.80,126000,2987080,0.2,,13465000,33,,,1
2020-12-18,00665L,富邦恒生國企正2,twse,23.95,23.95,23.35,23.38,903000,21203640,-0.42,,13465000,59,,,1
2020-12-21,00665L,富邦恒生國企正2,twse,23.50,23.65,23.25,23.57,1119000,26358900,0.19,,13465000,38,,,1
2020-12-22,00665L,富邦恒生國企正2,twse,23.27,23.58,23.08,23.08,133000,3094330,-0.49,,13465000,43,,,1
2020-12-23,00665L,富邦恒生國企正2,twse,23.08,23.60,23.07,23.59,94000,2187560,0.51,,13465000,24,,,1
2020-12-24,00665L,富邦恒生國企正2,twse,23.59,23.68,23.31,23.31,145000,3387140,-0.28,,13465000,32,,,1
2020-12-25,00665L,富邦恒生國企正2,twse,23.18,23.40,23.05,23.30,500000,11625300,-0.01,,13465000,49,,,1
2020-12-28,00665L,富邦恒生國企正2,twse,23.34,23.35,22.95,23.07,343000,7944590,-0.23,,13465000,78,,,1
2020-12-29,00665L,富邦恒生國企正2,twse,23.35,23.50,23.31,23.50,59000,1382280,0.43,,13465000,25,,,1
2020-12-30,00665L,富邦恒生國企正2,twse,23.62,24.25,23.62,24.10,304000,7284440,0.6,,13465000,132,,,1
2020-12-31,00665L,富邦恒生國企正2,twse,24.25,24.75,24.25,24.53,508000,12492460,0.43,,13465000,138,,,1
2021-01-04,00665L,富邦恒生國企正2,twse,24.70,24.70,24.32,24.60,508000,12462880,0.07,,13465000,106,,,1
2021-01-05,00665L,富邦恒生國企正2,twse,24.67,24.67,24.19,24.60,237000,5802380,0.0,,13465000,64,,,1
2021-01-06,00665L,富邦恒生國企正2,twse,24.90,25.21,24.61,24.92,290000,7217510,0.32,,13465000,95,,,1
2021-01-07,00665L,富邦恒生國企正2,twse,25.19,25.30,24.70,24.82,781000,19446520,-0.1,,13465000,125,,,1
2021-01-08,00665L,富邦恒生國企正2,twse,24.94,25.90,24.89,25.88,395000,10095860,1.06,,13465000,161,,,1
2021-01-11,00665L,富邦恒生國企正2,twse,25.88,26.65,25.88,26.59,673000,17746940,0.71,,13465000,183,,,1
2021-01-12,00665L,富邦恒生國企正2,twse,26.28,26.57,25.98,26.46,474000,12474170,-0.13,,13465000,96,,,1
2021-01-13,00665L,富邦恒生國企正2,twse,26.88,27.23,26.70,26.76,216000,5807490,0.3,,13465000,78,,,1
2021-01-14,00665L,富邦恒生國企正2,twse,26.89,27.14,26.81,26.96,352000,9498440,0.2,,13465000,64,,,1
2021-01-15,00665L,富邦恒生國企正2,twse,27.01,27.46,26.71,26.77,238000,6458010,-0.19,,13465000,105,,,1
2021-01-18,00665L,富邦恒生國企正2,twse,26.92,27.77,26.78,27.69,260000,7147330,0.92,,13465000,95,,,1
2021-01-19,00665L,富邦恒生國企正2,twse,28.20,29.85,28.09,29.65,914000,26628330,1.96,,13465000,215,,,1
2021-01-20,00665L,富邦恒生國企正2,twse,29.65,30.29,29.36,29.96,538000,16069810,0.31,,13465000,169,,,1
2021-01-21,00665L,富邦恒生國企正2,twse,30.50,30.60,30.09,30.50,392000,11887140,0.54,,13465000,135,,,1
2021-01-22,00665L,富邦恒生國企正2,twse,30.22,30.22,29.07,29.29,444000,13135300,-1.21,,13465000,152,,,1
2021-01-25,00665L,富邦恒生國企正2,twse,28.89,30.40,28.89,30.37,257000,7666120,1.08,,13465000,89,,,1
2021-01-26,00665L,富邦恒生國企正2,twse,30.18,30.32,28.99,29.31,398000,11721100,-1.06,,13465000,135,,,1
2021-01-27,00665L,富邦恒生國企正2,twse,29.66,29.66,28.74,29.20,450000,13096240,-0.11,,13465000,82,,,1
2021-01-28,00665L,富邦恒生國企正2,twse,28.22,28.50,27.70,27.85,569400,15985108,-1.35,,13465000,167,,,1
2021-01-29,00665L,富邦恒生國企正2,twse,28.25,28.27,27.08,27.08,1059000,29047230,-0.77,,13465000,169,,,1
2021-02-01,00665L,富邦恒生國企正2,twse,26.97,27.90,26.50,27.77,192000,5256710,0.69,,12965000,71,,,1
2021-02-02,00665L,富邦恒生國企正2,twse,28.02,29.10,28.00,28.77,234000,6724070,1.0,,12965000,101,,,1
2021-02-03,00665L,富邦恒生國企正2,twse,28.80,28.80,28.13,28.64,79000,2245610,-0.13,,12965000,45,,,1
2021-02-04,00665L,富邦恒生國企正2,twse,28.40,28.80,27.63,27.68,285000,8018700,-0.96,,12965000,111,,,1
2021-02-05,00665L,富邦恒生國企正2,twse,28.32,28.80,28.30,28.35,407000,11589870,0.67,,11965000,81,,,1
2021-02-17,00665L,富邦恒生國企正2,twse,30.20,31.41,30.16,31.38,488000,14986620,3.03,,11965000,182,,,1
2021-02-18,00665L,富邦恒生國企正2,twse,31.49,31.74,30.75,31.02,459000,14423880,-0.36,,11965000,108,,,1
2021-02-19,00665L,富邦恒生國企正2,twse,30.53,30.53,29.77,30.45,612000,18367860,-0.57,,11965000,126,,,1
2021-02-22,00665L,富邦恒生國企正2,twse,31.29,31.82,30.54,30.54,316000,9805910,0.09,,11965000,106,,,1
2021-02-23,00665L,富邦恒生國企正2,twse,30.00,30.50,29.40,30.42,675000,20295290,-0.12,,11965000,85,,,1
2021-02-24,00665L,富邦恒生國企正2,twse,30.29,30.34,28.11,28.41,826000,23793850,-2.01,,11965000,191,,,1
2021-02-25,00665L,富邦恒生國企正2,twse,28.78,29.60,28.45,29.40,240000,7002710,0.99,,11965000,80,,,1
2021-02-26,00665L,富邦恒生國企正2,twse,28.00,28.05,27.20,27.26,434000,11958790,-2.14,,11965000,171,,,1
2021-03-02,00665L,富邦恒生國企正2,twse,27.96,28.55,27.38,27.38,255000,7129850,0.12,,12465000,90,,,1
2021-03-03,00665L,富邦恒生國企正2,twse,27.47,28.35,27.47,28.32,239000,6696050,0.94,,12465000,52,,,1
2021-03-04,00665L,富邦恒生國企正2,twse,27.71,28.00,27.05,27.18,212000,5818470,-1.14,,12465000,88,,,1
2021-03-05,00665L,富邦恒生國企正2,twse,26.60,27.05,25.93,26.72,560000,14807580,-0.46,,12965000,164,,,1
2021-03-08,00665L,富邦恒生國企正2,twse,27.33,27.55,26.13,26.20,199000,5357860,-0.52,,12965000,79,,,1
2021-03-09,00665L,富邦恒生國企正2,twse,26.18,26.29,25.18,25.92,505000,12956960,-0.28,,12965000,147,,,1
2021-03-10,00665L,富邦恒生國企正2,twse,26.44,26.66,25.95,25.95,107000,2814520,0.03,,12965000,53,,,1
2021-03-11,00665L,富邦恒生國企正2,twse,25.92,27.21,25.92,27.20,901000,24389100,1.25,,13465000,99,,,1
2021-03-12,00665L,富邦恒生國企正2,twse,27.50,27.73,27.20,27.35,328000,9024430,0.15,,13465000,58,,,1
2021-03-15,00665L,富邦恒生國企正2,twse,26.79,27.12,26.30,26.39,942000,25006070,-0.96,,13465000,166,,,1
2021-03-16,00665L,富邦恒生國企正2,twse,26.80,27.30,26.80,27.00,100000,2702810,0.61,,13465000,41,,,1
2021-03-17,00665L,富邦恒生國企正2,twse,27.30,27.51,26.75,27.05,85000,2308740,0.05,,13465000,37,,,1
2021-03-18,00665L,富邦恒生國企正2,twse,27.64,28.21,27.64,28.05,208000,5819050,1.0,,13465000,91,,,1
2021-03-19,00665L,富邦恒生國企正2,twse,27.50,27.50,26.68,26.68,362000,9821940,-1.37,,13465000,101,,,1
2021-03-22,00665L,富邦恒生國企正2,twse,26.93,27.50,26.68,27.10,49000,1334840,0.42,,13465000,34,,,1
2021-03-23,00665L,富邦恒生國企正2,twse,27.41,27.41,25.95,26.11,311000,8199470,-0.99,,13465000,111,,,1
2021-03-24,00665L,富邦恒生國企正2,twse,26.11,26.11,24.85,24.89,515000,13030980,-1.22,,13465000,183,,,1
2021-03-25,00665L,富邦恒生國企正2,twse,24.63,24.70,24.03,24.66,475000,11576320,-0.23,,13465000,145,,,1
2021-03-26,00665L,富邦恒生國企正2,twse,24.66,25.40,24.66,25.37,314000,7885150,0.71,,13465000,75,,,1
2021-03-29,00665L,富邦恒生國企正2,twse,25.55,25.75,25.05,25.24,249000,6349700,-0.13,,13465000,82,,,1
2021-03-30,00665L,富邦恒生國企正2,twse,25.62,25.99,25.50,25.80,138000,3558990,0.56,,13465000,67,,,1
2021-03-31,00665L,富邦恒生國企正2,twse,25.86,26.26,25.42,25.55,138000,3553300,-0.25,,13465000,55,,,1
2021-04-01,00665L,富邦恒生國企正2,twse,25.88,26.27,25.88,26.14,163000,4254240,0.59,,13465000,50,,,1
2021-04-06,00665L,富邦恒生國企正2,twse,26.64,26.80,26.39,26.40,123001,3270376,0.26,,13465000,35,,,1
2021-04-07,00665L,富邦恒生國企正2,twse,26.79,26.90,25.92,26.08,183000,4799530,-0.32,,13465000,44,,,1
2021-04-08,00665L,富邦恒生國企正2,twse,25.68,26.10,25.41,26.00,255000,6555330,-0.08,,13465000,68,,,1
2021-04-09,00665L,富邦恒生國企正2,twse,26.00,26.26,25.48,25.61,156000,4008280,-0.39,,13965000,44,,,1
2021-04-12,00665L,富邦恒生國企正2,twse,25.30,25.81,24.75,25.07,500000,12557290,-0.54,,13965000,116,,,1
2021-04-13,00665L,富邦恒生國企正2,twse,25.30,25.53,24.85,24.85,109000,2747430,-0.22,,13965000,54,,,1
2021-04-14,00665L,富邦恒生國企正2,twse,25.17,25.75,25.17,25.58,353000,8997450,0.73,,13965000,61,,,1
2021-04-15,00665L,富邦恒生國企正2,twse,25.51,25.51,24.60,24.75,287000,7140250,-0.83,,13965000,112,,,1
2021-04-16,00665L,富邦恒生國企正2,twse,25.16,25.37,25.07,25.35,140000,3528470,0.6,,13965000,45,,,1
2021-04-19,00665L,富邦恒生國企正2,twse,25.80,26.43,25.34,26.00,1791000,47022770,0.65,,15465000,131,,,1
2021-04-20,00665L,富邦恒生國企正2,twse,25.44,25.90,25.34,25.89,330000,8427440,-0.11,,15465000,88,,,1
2021-04-21,00665L,富邦恒生國企正2,twse,25.33,25.33,24.63,24.96,1975000,49050880,-0.93,,15465000,213,,,1
2021-04-22,00665L,富邦恒生國企正2,twse,25.20,25.20,24.85,25.11,116000,2905800,0.15,,15465000,44,,,1
2021-04-23,00665L,富邦恒生國企正2,twse,25.30,25.82,25.25,25.58,155000,3964400,0.47,,15465000,72,,,1
2021-04-26,00665L,富邦恒生國企正2,twse,25.89,25.95,25.60,25.60,131000,3370770,0.02,,15465000,63,,,1
2021-04-27,00665L,富邦恒生國企正2,twse,25.12,25.50,25.05,25.35,331000,8373790,-0.25,,15465000,51,,,1
2021-04-28,00665L,富邦恒生國企正2,twse,25.36,25.50,25.15,25.39,63000,1596530,0.04,,15465000,34,,,1
2021-04-29,00665L,富邦恒生國企正2,twse,25.70,25.95,25.55,25.55,124000,3193340,0.16,,15465000,41,,,1
2021-05-03,00665L,富邦恒生國企正2,twse,24.78,24.87,23.97,24.00,574000,13915270,-1.55,,15465000,259,,,1
2021-05-04,00665L,富邦恒生國企正2,twse,24.20,24.20,24.00,24.20,427000,10296080,0.2,,15465000,45,,,1
2021-05-05,00665L,富邦恒生國企正2,twse,24.11,24.61,24.00,24.20,304000,7409600,0.0,,15465000,53,,,1
2021-05-06,00665L,富邦恒生國企正2,twse,24.51,24.80,24.05,24.15,345100,8431442,-0.05,,15465000,70,,,1
2021-05-07,00665L,富邦恒生國企正2,twse,24.46,24.65,24.33,24.41,202000,4958310,0.26,,15465000,27,,,1
2021-05-10,00665L,富邦恒生國企正2,twse,24.32,24.47,23.68,23.76,426000,10220240,-0.65,,15465000,123,,,1
2021-05-11,00665L,富邦恒生國企正2,twse,23.34,23.50,22.65,22.95,704000,16106420,-0.81,,15465000,217,,,1
2021-05-12,00665L,富邦恒生國企正2,twse,22.90,23.38,22.80,23.23,369000,8542630,0.28,,15465000,81,,,1
2021-05-13,00665L,富邦恒生國企正2,twse,22.78,23.01,22.70,22.70,220000,5012610,-0.53,,15465000,53,,,1
2021-05-14,00665L,富邦恒生國企正2,twse,22.71,22.71,22.30,22.69,223000,5014200,-0.01,,15465000,105,,,1
2021-05-17,00665L,富邦恒生國企正2,twse,23.08,23.24,22.91,23.20,365000,8432790,0.51,,15465000,69,,,1
2021-05-18,00665L,富邦恒生國企正2,twse,23.51,23.85,23.37,23.73,87000,2065190,0.53,,15465000,40,,,1
2021-05-19,00665L,富邦恒生國企正2,twse,23.75,23.75,23.50,23.56,52000,1227280,-0.17,,15465000,13,,,1
2021-05-20,00665L,富邦恒生國企正2,twse,23.46,23.73,23.41,23.57,159000,3753770,0.01,,15465000,24,,,1
2021-05-21,00665L,富邦恒生國企正2,twse,24.07,24.10,23.74,23.98,105000,2515460,0.41,,15465000,41,,,1
2021-05-24,00665L,富邦恒生國企正2,twse,23.58,23.77,23.40,23.70,117000,2769180,-0.28,,15465000,41,,,1
2021-05-25,00665L,富邦恒生國企正2,twse,24.05,24.40,23.71,24.40,464000,11213980,0.7,,15465000,86,,,1
2021-05-26,00665L,富邦恒生國企正2,twse,24.59,24.83,24.57,24.73,202000,4985270,0.33,,15465000,65,,,1
2021-05-27,00665L,富邦恒生國企正2,twse,24.63,24.77,24.49,24.62,104000,2556750,-0.11,,15465000,46,,,1
2021-05-28,00665L,富邦恒生國企正2,twse,24.83,25.05,24.78,24.86,234000,5828660,0.24,,15465000,57,,,1
2021-05-31,00665L,富邦恒生國企正2,twse,24.85,24.85,24.37,24.45,122000,2992950,-0.41,,15465000,38,,,1
2021-06-01,00665L,富邦恒生國企正2,twse,24.54,25.18,24.54,25.10,162000,4060260,0.65,,15465000,64,,,1
2021-06-02,00665L,富邦恒生國企正2,twse,25.19,25.60,25.12,25.18,277000,6999550,0.08,,15465000,81,,,1
2021-06-03,00665L,富邦恒生國企正2,twse,25.24,25.29,25.11,25.11,34000,855480,-0.07,,15465000,27,,,1
2021-06-04,00665L,富邦恒生國企正2,twse,24.78,24.84,24.33,24.78,171000,4214960,-0.33,,15465000,88,,,1
2021-06-07,00665L,富邦恒生國企正2,twse,24.72,24.72,24.20,24.32,78000,1902830,-0.46,,15465000,45,,,1
2021-06-08,00665L,富邦恒生國企正2,twse,24.59,24.70,24.15,24.15,69500,1691210,-0.17,,15465000,35,,,1
2021-06-09,00665L,富邦恒生國企正2,twse,24.34,24.40,24.25,24.25,8000,194860,0.1,,15465000,5,,,1
2021-06-10,00665L,富邦恒生國企正2,twse,24.60,24.68,24.40,24.52,37500,921830,0.27,,15465000,27,,,1
2021-06-11,00665L,富邦恒生國企正2,twse,24.52,24.66,24.26,24.44,55000,1346600,-0.08,,15465000,23,,,1
2021-06-15,00665L,富邦恒生國企正2,twse,24.32,24.64,23.63,24.04,186000,4460320,-0.4,,15465000,83,,,1
2021-06-16,00665L,富邦恒生國企正2,twse,23.82,24.02,23.72,23.72,65000,1548500,-0.32,,15465000,33,,,1
2021-06-17,00665L,富邦恒生國企正2,twse,23.51,23.70,23.20,23.60,94000,2199970,-0.12,,15465000,56,,,1
2021-06-18,00665L,富邦恒生國企正2,twse,23.83,24.20,23.83,23.89,87000,2087290,0.29,,15465000,42,,,1
2021-06-21,00665L,富邦恒生國企正2,twse,23.85,23.85,23.40,23.40,240000,5639560,-0.49,,15465000,36,,,1
2021-06-22,00665L,富邦恒生國企正2,twse,23.64,23.66,23.32,23.45,63000,1476850,0.05,,15465000,34,,,1
2021-06-23,00665L,富邦恒生國企正2,twse,23.45,24.00,23.45,24.00,45000,1072640,0.55,,15465000,31,,,1
2021-06-24,00665L,富邦恒生國企正2,twse,24.20,24.40,24.15,24.23,160000,3893340,0.23,,15465000,44,,,1
2021-06-25,00665L,富邦恒生國企正2,twse,24.50,24.98,24.43,24.97,164000,4063480,0.74,,15465000,69,,,1
2021-06-28,00665L,富邦恒生國企正2,twse,25.10,25.16,24.83,25.16,83000,2082000,0.19,,15465000,32,,,1
2021-06-29,00665L,富邦恒生國企正2,twse,25.03,25.03,24.50,24.51,75000,1854880,-0.65,,15465000,42,,,1
2021-06-30,00665L,富邦恒生國企正2,twse,24.53,24.77,24.39,24.44,81000,1993430,-0.07,,15465000,26,,,1
2021-07-01,00665L,富邦恒生國企正2,twse,24.39,24.42,24.06,24.42,50000,1209920,-0.02,,15465000,20,,,1
2021-07-02,00665L,富邦恒生國企正2,twse,24.22,24.22,23.07,23.15,567000,13206410,-1.27,,15465000,175,,,1
2021-07-05,00665L,富邦恒生國企正2,twse,23.20,23.20,22.50,22.50,394000,8943080,-0.65,,15465000,164,,,1
2021-07-06,00665L,富邦恒生國企正2,twse,22.55,22.55,22.18,22.36,90000,2009450,-0.14,,15465000,55,,,1
2021-07-07,00665L,富邦恒生國企正2,twse,22.25,22.25,21.89,21.94,343000,7565660,-0.42,,15465000,150,,,1
2021-07-08,00665L,富邦恒生國企正2,twse,22.17,22.17,20.98,21.09,1219000,26072970,-0.85,,15465000,355,,,1
2021-07-09,00665L,富邦恒生國企正2,twse,20.98,21.09,20.27,21.07,493999,10265079,-0.02,,15465000,183,,,1
2021-07-12,00665L,富邦恒生國企正2,twse,21.46,21.62,21.17,21.25,294300,6259017,0.18,,15465000,80,,,1
2021-07-13,00665L,富邦恒生國企正2,twse,21.25,22.14,21.25,21.95,407000,8933710,0.7,,15465000,119,,,1
2021-07-14,00665L,富邦恒生國企正2,twse,21.79,21.79,21.51,21.74,538000,11620670,-0.21,,15465000,53,,,1
2021-07-15,00665L,富邦恒生國企正2,twse,21.72,22.42,21.72,22.33,459000,10246890,0.59,,15465000,110,,,1
2021-07-16,00665L,富邦恒生國企正2,twse,22.22,22.32,22.00,22.32,143000,3162700,-0.01,,15465000,50,,,1
2021-07-19,00665L,富邦恒生國企正2,twse,21.81,21.81,21.15,21.42,315000,6741140,-0.9,,15465000,125,,,1
2021-07-20,00665L,富邦恒生國企正2,twse,21.21,21.34,20.70,20.73,294000,6162680,-0.69,,15465000,129,,,1
2021-07-21,00665L,富邦恒生國企正2,twse,20.79,21.15,20.44,20.60,157000,3255720,-0.13,,15465000,81,,,1
2021-07-22,00665L,富邦恒生國企正2,twse,20.82,21.47,20.82,21.32,409000,8706530,0.72,,15465000,96,,,1
2021-07-23,00665L,富邦恒生國企正2,twse,21.55,21.55,20.92,20.93,123000,2595500,-0.39,,15465000,48,,,1
2021-07-26,00665L,富邦恒生國企正2,twse,20.64,20.64,19.10,19.12,1221205,23947689,-1.81,,15465000,465,,,1
2021-07-27,00665L,富邦恒生國企正2,twse,18.83,18.88,17.80,17.86,1068380,19581341,-1.26,,15465000,423,,,1
2021-07-28,00665L,富邦恒生國企正2,twse,17.70,17.81,16.85,16.89,895893,15451045,-0.97,,16465000,378,,,1
2021-07-29,00665L,富邦恒生國企正2,twse,18.42,18.87,18.21,18.87,951869,17655531,1.98,,16465000,274,,,1
2021-07-30,00665L,富邦恒生國企正2,twse,18.40,18.60,17.62,17.66,810582,14643984,-1.21,,16465000,300,,,1
2021-08-02,00665L,富邦恒生國企正2,twse,18.00,18.57,17.70,18.57,465300,8473375,0.91,,16965000,178,,,1
2021-08-03,00665L,富邦恒生國企正2,twse,18.39,18.65,17.80,18.46,619100,11194720,-0.11,,16965000,187,,,1
2021-08-04,00665L,富邦恒生國企正2,twse,18.33,19.19,18.13,19.01,488000,9217710,0.55,,16965000,174,,,1
2021-08-05,00665L,富邦恒生國企正2,twse,18.69,18.94,18.59,18.65,177000,3316510,-0.36,,16965000,76,,,1
2021-08-06,00665L,富邦恒生國企正2,twse,18.50,18.50,17.93,18.31,384060,6980282,-0.34,,16965000,149,,,1
2021-08-09,00665L,富邦恒生國企正2,twse,18.11,18.75,17.76,18.50,405000,7412480,0.19,,16965000,141,,,1
2021-08-10,00665L,富邦恒生國企正2,twse,18.50,18.75,18.35,18.75,130000,2412290,0.25,,16965000,47,,,1
2021-08-11,00665L,富邦恒生國企正2,twse,19.00,19.52,18.76,19.29,588101,11330431,0.54,,16965000,155,,,1
2021-08-12,00665L,富邦恒生國企正2,twse,19.29,19.32,19.01,19.10,108000,2068550,-0.19,,16965000,31,,,1
2021-08-13,00665L,富邦恒生國企正2,twse,19.00,19.00,18.45,18.55,391060,7283546,-0.55,,16965000,136,,,1
2021-08-16,00665L,富邦恒生國企正2,twse,18.51,18.70,18.25,18.27,204000,3767820,-0.28,,16965000,80,,,1
2021-08-17,00665L,富邦恒生國企正2,twse,18.25,18.26,17.62,17.62,263000,4714820,-0.65,,16965000,159,,,1
2021-08-18,00665L,富邦恒生國企正2,twse,17.50,17.98,17.30,17.96,126000,2219690,0.34,,16965000,70,,,1
2021-08-19,00665L,富邦恒生國企正2,twse,17.58,17.73,17.06,17.20,417060,7212040,-0.76,,16965000,190,,,1
2021-08-20,00665L,富邦恒生國企正2,twse,17.06,17.14,16.00,16.09,1587000,26101600,-1.11,,17965000,435,,,1
2021-08-23,00665L,富邦恒生國企正2,twse,16.51,17.16,16.51,16.76,1005000,16978000,0.67,,17965000,133,,,1
2021-08-24,00665L,富邦恒生國企正2,twse,16.79,17.26,16.79,17.21,181060,3100395,0.45,,18465000,64,,,1
2021-08-25,00665L,富邦恒生國企正2,twse,17.48,18.00,17.35,17.43,1041120,18434339,0.22,,18465000,219,,,1
2021-08-26,00665L,富邦恒生國企正2,twse,17.44,17.50,16.88,16.95,181000,3097140,-0.48,,18465000,89,,,1
2021-08-27,00665L,富邦恒生國企正2,twse,17.17,17.47,16.93,17.22,287000,4935190,0.27,,18465000,82,,,1
2021-08-30,00665L,富邦恒生國企正2,twse,17.20,17.22,16.81,17.08,280000,4778260,-0.14,,18465000,92,,,1
2021-08-31,00665L,富邦恒生國企正2,twse,17.08,17.22,16.65,17.02,219001,3694237,-0.06,,18465000,95,,,1
2021-09-01,00665L,富邦恒生國企正2,twse,17.55,18.46,17.55,18.31,703000,12705370,1.29,,18465000,235,,,1
2021-09-02,00665L,富邦恒生國企正2,twse,18.40,18.82,18.32,18.32,551500,10268800,0.01,,18465000,174,,,1
2021-09-03,00665L,富邦恒生國企正2,twse,18.45,18.50,18.05,18.26,207300,3786447,-0.06,,18465000,94,,,1
2021-09-06,00665L,富邦恒生國企正2,twse,18.50,18.60,18.11,18.54,193000,3555240,0.28,,18465000,73,,,1
2021-09-07,00665L,富邦恒生國企正2,twse,18.54,19.09,18.54,19.06,386000,7276410,0.52,,18465000,119,,,1
2021-09-08,00665L,富邦恒生國企正2,twse,19.08,19.29,18.75,18.87,352000,6690060,-0.19,,18465000,133,,,1
2021-09-09,00665L,富邦恒生國企正2,twse,18.75,18.75,18.08,18.12,813090,14934736,-0.75,,18465000,199,,,1
2021-09-10,00665L,富邦恒生國企正2,twse,18.25,18.72,18.13,18.68,223100,4135754,0.56,,18465000,111,,,1
2021-09-13,00665L,富邦恒生國企正2,twse,18.44,18.55,17.79,17.88,718426,12961574,-0.8,,18465000,278,,,1
2021-09-14,00665L,富邦恒生國企正2,twse,17.95,18.29,17.83,17.96,468000,8433810,0.08,,18465000,151,,,1
2021-09-15,00665L,富邦恒生國企正2,twse,17.66,17.66,17.12,17.18,801184,13889407,-0.78,,18465000,343,,,1
2021-09-16,00665L,富邦恒生國企正2,twse,17.18,17.18,16.40,16.54,1163454,19445897,-0.64,,20965000,419,,,1
2021-09-17,00665L,富邦恒生國企正2,twse,16.60,16.87,16.22,16.87,566140,9412046,0.33,,20965000,159,,,1
2021-09-22,00665L,富邦恒生國企正2,twse,16.20,16.40,15.97,16.13,648721,10431215,-0.74,,20965000,247,,,1
2021-09-23,00665L,富邦恒生國企正2,twse,16.35,16.87,16.09,16.10,480620,7890614,-0.03,,20965000,181,,,1
2021-09-24,00665L,富邦恒生國企正2,twse,16.14,16.35,15.98,16.11,546000,8815810,0.01,,20965000,172,,,1
2021-09-27,00665L,富邦恒生國企正2,twse,15.87,16.16,15.60,15.68,877710,13882032,-0.43,,20965000,273,,,1
2021-09-28,00665L,富邦恒生國企正2,twse,15.70,16.41,15.66,16.31,425000,6857350,0.63,,20965000,145,,,1
2021-09-29,00665L,富邦恒生國企正2,twse,16.03,16.07,15.52,16.07,765000,12089070,-0.24,,20965000,210,,,1
2021-09-30,00665L,富邦恒生國企正2,twse,16.15,16.15,15.80,16.01,365840,5829354,-0.06,,20965000,119,,,1
2021-10-01,00665L,富邦恒生國企正2,twse,16.10,16.10,15.82,15.85,438000,6990250,-0.16,,20965000,94,,,1
2021-10-04,00665L,富邦恒生國企正2,twse,15.92,15.92,15.25,15.50,880000,13585260,-0.35,,21465000,218,,,1
2021-10-05,00665L,富邦恒生國企正2,twse,15.29,15.55,14.93,15.42,725000,11024890,-0.08,,21465000,190,,,1
2021-10-06,00665L,富邦恒生國企正2,twse,15.44,15.58,14.90,15.22,745602,11261819,-0.2,,22465000,245,,,1
2021-10-07,00665L,富邦恒生國企正2,twse,15.30,16.01,15.30,15.91,698000,11035500,0.69,,22465000,136,,,1
2021-10-08,00665L,富邦恒生國企正2,twse,16.22,16.60,16.02,16.15,752200,12265520,0.24,,22465000,175,,,1
2021-10-12,00665L,富邦恒生國企正2,twse,16.65,16.98,16.48,16.82,1904000,32003210,0.67,,22465000,323,,,1
2021-10-13,00665L,富邦恒生國企正2,twse,16.57,16.88,16.50,16.88,171000,2841700,0.06,,22465000,53,,,1
2021-10-14,00665L,富邦恒生國企正2,twse,17.05,17.25,17.00,17.24,529000,9065500,0.36,,22465000,130,,,1
2021-10-15,00665L,富邦恒生國企正2,twse,17.11,17.12,16.60,16.97,1137000,19047740,-0.27,,22965000,220,,,1
2021-10-18,00665L,富邦恒生國企正2,twse,17.08,17.13,16.63,16.75,473000,7926100,-0.22,,22965000,86,,,1
2021-10-19,00665L,富邦恒生國企正2,twse,17.02,17.67,17.02,17.52,655000,11422700,0.77,,22965000,193,,,1
2021-10-20,00665L,富邦恒生國企正2,twse,17.80,18.28,17.75,18.14,1006000,18159950,0.62,,22965000,213,,,1
2021-10-21,00665L,富邦恒生國企正2,twse,18.20,18.49,18.00,18.00,665000,12099240,-0.14,,22965000,192,,,1
2021-10-22,00665L,富邦恒生國企正2,twse,18.20,18.65,18.10,18.49,744000,13764740,0.49,,22965000,177,,,1
2021-10-25,00665L,富邦恒生國企正2,twse,18.29,18.54,18.12,18.34,301000,5516550,-0.15,,22965000,72,,,1
2021-10-26,00665L,富邦恒生國企正2,twse,18.34,18.46,18.05,18.07,307000,5590230,-0.27,,22965000,99,,,1
2021-10-27,00665L,富邦恒生國企正2,twse,17.99,17.99,17.30,17.45,968454,16944968,-0.62,,22965000,238,,,1
2021-10-28,00665L,富邦恒生國企正2,twse,17.45,17.65,17.30,17.43,254000,4435190,-0.02,,22965000,74,,,1
2021-10-29,00665L,富邦恒生國企正2,twse,17.31,17.31,17.00,17.18,332000,5688930,-0.25,,22965000,128,,,1
2021-11-01,00665L,富邦恒生國企正2,twse,17.00,17.08,16.51,16.77,839286,14045051,-0.41,,22965000,247,,,1
2021-11-02,00665L,富邦恒生國企正2,twse,17.23,17.46,16.82,16.82,637660,10957123,0.05,,22965000,170,,,1
2021-11-03,00665L,富邦恒生國企正2,twse,16.68,16.82,16.33,16.38,727575,11978624,-0.44,,22965000,247,,,1
2021-11-04,00665L,富邦恒生國企正2,twse,16.62,16.93,16.62,16.84,372000,6253250,0.46,,22965000,117,,,1
2021-11-05,00665L,富邦恒生國企正2,twse,16.76,16.84,16.40,16.67,1659000,27507090,-0.17,,22965000,148,,,1
2021-11-08,00665L,富邦恒生國企正2,twse,16.40,16.46,16.22,16.42,538010,8785263,-0.25,,22965000,158,,,1
2021-11-09,00665L,富邦恒生國企正2,twse,16.48,16.72,16.25,16.34,511010,8408844,-0.08,,22965000,120,,,1
2021-11-10,00665L,富邦恒生國企正2,twse,16.34,16.39,15.93,16.08,448342,7217766,-0.26,,22965000,160,,,1
2021-11-11,00665L,富邦恒生國企正2,twse,16.40,16.92,16.35,16.84,658838,10994270,0.76,,22965000,160,,,1
2021-11-12,00665L,富邦恒生國企正2,twse,17.50,17.82,17.30,17.38,778000,13678690,0.54,,22965000,196,,,1
2021-11-15,00665L,富邦恒生國企正2,twse,17.47,17.70,17.18,17.31,289000,5032760,-0.07,,22965000,77,,,1
2021-11-16,00665L,富邦恒生國企正2,twse,17.35,17.98,17.35,17.69,752000,13346160,0.38,,22965000,205,,,1
2021-11-17,00665L,富邦恒生國企正2,twse,17.76,17.82,17.63,17.82,153000,2716580,0.13,,22965000,59,,,1
2021-11-18,00665L,富邦恒生國企正2,twse,17.64,17.64,17.10,17.27,360000,6217960,-0.55,,22965000,149,,,1
2021-11-19,00665L,富邦恒生國企正2,twse,16.96,16.97,16.60,16.69,1074000,17970980,-0.58,,22965000,308,,,1
2021-11-22,00665L,富邦恒生國企正2,twse,16.88,17.05,16.74,16.75,248000,4196080,0.06,,22965000,84,,,1
2021-11-23,00665L,富邦恒生國企正2,twse,16.65,16.68,16.40,16.54,401000,6619270,-0.21,,22965000,105,,,1
2021-11-24,00665L,富邦恒生國企正2,twse,16.39,16.53,16.26,16.37,430000,7030200,-0.17,,22965000,139,,,1
2021-11-25,00665L,富邦恒生國企正2,twse,16.37,16.44,16.14,16.39,439000,7141570,0.02,,24465000,143,,,1
2021-11-26,00665L,富邦恒生國企正2,twse,16.15,16.18,15.59,15.69,1362010,21608190,-0.7,,25465000,410,,,1
2021-11-29,00665L,富邦恒生國企正2,twse,15.59,15.80,15.25,15.25,887000,13663320,-0.44,,25965000,279,,,1
2021-11-30,00665L,富邦恒生國企正2,twse,15.37,15.53,14.65,14.65,2038010,30485476,-0.6,,26965000,575,,,1
2021-12-01,00665L,富邦恒生國企正2,twse,14.69,15.29,14.69,15.18,993000,14954250,0.53,,26965000,152,,,1
2021-12-02,00665L,富邦恒生國企正2,twse,14.96,15.24,14.74,15.10,684010,10249388,-0.08,,26965000,131,,,1
2021-12-03,00665L,富邦恒生國企正2,twse,15.10,15.10,14.74,14.96,901010,13389879,-0.14,,27465000,178,,,1
2021-12-06,00665L,富邦恒生國企正2,twse,14.65,14.89,14.55,14.60,1057020,15490173,-0.36,,27465000,252,,,1
2021-12-07,00665L,富邦恒生國企正2,twse,14.90,15.11,14.71,15.07,955050,14241030,0.47,,28465000,211,,,1
2021-12-08,00665L,富邦恒生國企正2,twse,15.27,15.46,15.20,15.24,606080,9285181,0.17,,28465000,181,,,1
2021-12-09,00665L,富邦恒生國企正2,twse,15.50,15.86,15.45,15.80,1315000,20640400,0.56,,28465000,234,,,1
2021-12-10,00665L,富邦恒生國企正2,twse,15.63,15.80,15.45,15.60,420070,6574395,-0.2,,28465000,120,,,1
2021-12-13,00665L,富邦恒生國企正2,twse,15.76,16.05,15.65,15.68,824000,13056070,0.08,,28965000,232,,,1
2021-12-14,00665L,富邦恒生國企正2,twse,15.45,15.45,14.95,14.99,1531100,23148820,-0.69,,28965000,345,,,1
2021-12-15,00665L,富邦恒生國企正2,twse,15.02,15.07,14.81,14.89,534243,7985077,-0.1,,28965000,149,,,1
2021-12-16,00665L,富邦恒生國企正2,twse,14.90,14.90,14.32,14.42,1965010,28517964,-0.47,,32465000,501,,,1
2021-12-17,00665L,富邦恒生國企正2,twse,14.47,14.65,14.19,14.27,1019000,14589070,-0.15,,32465000,300,,,1
2021-12-20,00665L,富邦恒生國企正2,twse,14.43,14.43,13.80,13.80,1487030,20814341,-0.47,,32965000,371,,,1
2021-12-21,00665L,富邦恒生國企正2,twse,13.80,13.94,13.68,13.73,969080,13348996,-0.07,,33465000,201,,,1
2021-12-22,00665L,富邦恒生國企正2,twse,14.13,14.35,14.00,14.05,1286031,18237501,0.32,,33465000,209,,,1
2021-12-23,00665L,富邦恒生國企正2,twse,14.28,14.29,13.95,14.16,1166100,16496519,0.11,,33965000,150,,,1
2021-12-24,00665L,富邦恒生國企正2,twse,14.24,14.40,14.10,14.14,440160,6244926,-0.02,,33965000,121,,,1
2021-12-27,00665L,富邦恒生國企正2,twse,14.14,14.20,14.10,14.15,128000,1811470,0.01,,33965000,37,,,1
2021-12-28,00665L,富邦恒生國企正2,twse,14.20,14.24,13.93,14.06,737080,10384663,-0.09,,33965000,133,,,1
2021-12-29,00665L,富邦恒生國企正2,twse,14.06,14.13,13.77,13.80,693100,9614060,-0.26,,34465000,201,,,1
2021-12-30,00665L,富邦恒生國企正2,twse,13.78,14.00,13.74,13.76,793000,10991100,-0.04,,35465000,138,,,1
2022-01-03,00665L,富邦恒生國企正2,twse,14.27,14.44,13.96,14.00,1221000,17327330,0.24,,35465000,231,,,1
2022-01-04,00665L,富邦恒生國企正2,twse,14.15,14.28,13.88,14.11,718000,10097890,0.11,,35465000,147,,,1
2022-01-05,00665L,富邦恒生國企正2,twse,13.97,13.97,13.52,13.58,1800110,24573127,-0.53,,36965000,420,,,1
2022-01-06,00665L,富邦恒生國企正2,twse,13.58,13.65,13.24,13.36,1662100,22274884,-0.22,,37965000,271,,,1
2022-01-07,00665L,富邦恒生國企正2,twse,13.66,14.05,13.65,13.98,1465030,20311221,0.62,,37965000,300,,,1
2022-01-10,00665L,富邦恒生國企正2,twse,14.10,14.55,14.04,14.48,1767000,25365340,0.5,,37965000,340,,,1
2022-01-11,00665L,富邦恒生國企正2,twse,14.26,14.77,14.26,14.65,1550000,22585630,0.17,,37965000,295,,,1
2022-01-12,00665L,富邦恒生國企正2,twse,14.90,15.27,14.84,15.25,3507000,52781880,0.6,,36965000,497,,,1
2022-01-13,00665L,富邦恒生國企正2,twse,15.41,15.62,15.30,15.32,3539000,54683170,0.07,,36965000,498,,,1
2022-01-14,00665L,富邦恒生國企正2,twse,15.20,15.20,14.92,15.00,1260134,18922964,-0.32,,36965000,199,,,1
2022-01-17,00665L,富邦恒生國企正2,twse,15.15,15.22,14.83,14.86,810000,12133600,-0.14,,36965000,164,,,1
2022-01-18,00665L,富邦恒生國企正2,twse,14.94,15.22,14.84,14.86,1052030,15838588,0.0,,36965000,191,,,1
2022-01-19,00665L,富邦恒生國企正2,twse,14.91,15.10,14.72,14.75,667134,9976963,-0.11,,36965000,164,,,1
2022-01-20,00665L,富邦恒生國企正2,twse,14.95,15.80,14.95,15.74,2101000,32516040,0.99,,36965000,494,,,1
2022-01-21,00665L,富邦恒生國企正2,twse,15.74,16.03,15.67,15.71,2422435,38301505,-0.03,,36965000,399,,,1
2022-01-24,00665L,富邦恒生國企正2,twse,15.71,15.74,15.51,15.73,1380000,21576330,0.02,,36965000,197,,,1
2022-01-25,00665L,富邦恒生國企正2,twse,15.45,15.45,15.00,15.18,1571000,23807330,-0.55,,36965000,314,,,1
2022-01-26,00665L,富邦恒生國企正2,twse,15.03,15.35,14.88,14.96,692000,10438690,-0.22,,36465000,224,,,1
2022-02-07,00665L,富邦恒生國企正2,twse,15.28,15.44,14.65,15.17,719000,10881000,0.21,,36465000,159,,,1
2022-02-08,00665L,富邦恒生國企正2,twse,15.26,15.35,14.78,14.82,1296000,19430690,-0.35,,36465000,210,,,1
2022-02-09,00665L,富邦恒生國企正2,twse,15.30,15.88,15.30,15.85,1542000,24104950,1.03,,35965000,333,,,1
2022-02-10,00665L,富邦恒生國企正2,twse,16.03,16.14,15.60,15.71,907000,14389120,-0.14,,35965000,228,,,1
2022-02-11,00665L,富邦恒生國企正2,twse,15.78,16.16,15.73,15.92,1996000,32051570,0.21,,35965000,270,,,1
2022-02-14,00665L,富邦恒生國企正2,twse,15.50,15.73,15.35,15.42,1824070,28172392,-0.5,,35965000,199,,,1
2022-02-15,00665L,富邦恒生國企正2,twse,15.42,15.44,14.94,15.01,1238000,18782430,-0.41,,35965000,358,,,1
2022-02-16,00665L,富邦恒生國企正2,twse,15.36,15.67,15.34,15.53,1205000,18733790,0.52,,35965000,225,,,1
2022-02-17,00665L,富邦恒生國企正2,twse,15.65,15.85,15.39,15.54,713000,11153510,0.01,,35965000,218,,,1
2022-02-18,00665L,富邦恒生國企正2,twse,15.40,15.76,15.39,15.65,696000,10886610,0.11,,35965000,114,,,1
2022-02-21,00665L,富邦恒生國企正2,twse,15.30,15.30,14.82,14.96,2161340,32306750,-0.69,,35965000,511,,,1
2022-02-22,00665L,富邦恒生國企正2,twse,14.60,14.66,13.96,14.06,3629300,51550320,-0.9,,37465000,817,,,1
2022-02-23,00665L,富邦恒生國企正2,twse,14.27,14.49,14.22,14.44,1094000,15719190,0.38,,37465000,191,,,1
2022-02-24,00665L,富邦恒生國企正2,twse,13.96,14.09,13.29,13.50,3569827,48927223,-0.94,,38465000,1052,,,1
2022-02-25,00665L,富邦恒生國企正2,twse,13.64,13.72,13.36,13.50,2692000,36396090,0.0,,40465000,473,,,1
2022-03-01,00665L,富邦恒生國企正2,twse,13.51,13.65,13.31,13.34,2433000,32677910,-0.16,,43465000,373,,,1
2022-03-02,00665L,富邦恒生國企正2,twse,13.30,13.50,13.18,13.23,1839000,24512820,-0.11,,43465000,286,,,1
2022-03-03,00665L,富邦恒生國企正2,twse,13.20,13.27,12.90,13.05,3534200,45974350,-0.18,,45965000,704,,,1
2022-03-04,00665L,富邦恒生國企正2,twse,12.50,12.65,12.21,12.31,4505350,55704972,-0.74,,47465000,885,,,1
2022-03-07,00665L,富邦恒生國企正2,twse,11.90,11.90,11.05,11.76,4135000,47529340,-0.55,,47465000,859,,,1
2022-03-08,00665L,富邦恒生國企正2,twse,11.20,11.62,11.06,11.21,3555200,40041630,-0.55,,47965000,673,,,1
2022-03-09,00665L,富邦恒生國企正2,twse,11.15,11.22,10.48,10.54,5372830,58154406,-0.67,,51465000,1210,,,1
2022-03-10,00665L,富邦恒生國企正2,twse,11.10,11.30,10.85,10.86,3962300,43939352,0.32,,54965000,609,,,1
2022-03-11,00665L,富邦恒生國企正2,twse,10.31,10.50,9.79,9.90,7001912,70469748,-0.96,,61465000,1400,,,1
2022-03-14,00665L,富邦恒生國企正2,twse,10.04,10.05,9.24,9.38,8306771,79189474,-0.52,,65465000,1355,,,1
2022-03-15,00665L,富邦恒生國企正2,twse,8.75,8.88,8.00,8.16,16422894,138146612,-1.22,,70465000,2734,,,1
2022-03-16,00665L,富邦恒生國企正2,twse,8.45,8.78,7.97,8.78,8724400,72235216,0.62,,72965000,1293,,,1
2022-03-17,00665L,富邦恒生國企正2,twse,10.25,11.00,10.23,10.79,20207167,215558480,2.01,,69465000,2801,,,1
2022-03-18,00665L,富邦恒生國企正2,twse,10.70,10.70,10.17,10.48,6432903,67163666,-0.31,,69465000,1329,,,1
2022-03-21,00665L,富邦恒生國企正2,twse,11.39,11.43,10.50,10.50,6421592,70832554,0.02,,68965000,1282,,,1
2022-03-22,00665L,富邦恒生國企正2,twse,10.58,10.94,10.58,10.94,3437601,37061802,0.44,,68965000,607,,,1
2022-03-23,00665L,富邦恒生國企正2,twse,11.27,11.99,11.27,11.74,9540452,111199910,0.8,,67965000,1677,,,1
2022-03-24,00665L,富邦恒生國企正2,twse,11.50,11.75,11.40,11.54,4278900,49563378,-0.2,,67965000,925,,,1
2022-03-25,00665L,富邦恒生國企正2,twse,11.40,11.44,10.72,10.74,6726850,74332538,-0.8,,67965000,1459,,,1
2022-03-28,00665L,富邦恒生國企正2,twse,10.60,11.10,10.37,11.02,6238500,67435790,0.28,,67965000,919,,,1
2022-03-29,00665L,富邦恒生國企正2,twse,11.06,11.30,11.03,11.13,2544000,28382440,0.11,,67965000,414,,,1
2022-03-30,00665L,富邦恒生國企正2,twse,11.45,11.68,11.33,11.53,4784649,55106858,0.4,,67965000,712,,,1
2022-03-31,00665L,富邦恒生國企正2,twse,11.54,11.59,11.19,11.31,2248201,25549957,-0.22,,67965000,516,,,1
2022-04-01,00665L,富邦恒生國企正2,twse,11.09,11.25,10.80,11.10,3543150,39016114,-0.21,,67965000,735,,,1
2022-04-06,00665L,富邦恒生國企正2,twse,11.60,12.00,11.31,11.70,4469500,52033673,0.6,,67965000,737,,,1
2022-04-07,00665L,富邦恒生國企正2,twse,11.45,11.78,11.21,11.26,3231450,36933460,-0.44,,67965000,713,,,1
2022-04-08,00665L,富邦恒生國企正2,twse,11.25,11.34,10.92,11.11,4443381,49290061,-0.15,,68965000,774,,,1
2022-04-11,00665L,富邦恒生國企正2,twse,11.17,11.18,10.48,10.50,5648400,60115578,-0.61,,68965000,933,,,1
2022-04-12,00665L,富邦恒生國企正2,twse,10.50,10.77,10.26,10.63,5250880,54907560,0.13,,71465000,785,,,1
2022-04-13,00665L,富邦恒生國企正2,twse,10.59,10.80,10.47,10.78,6055000,64597770,0.15,,72965000,558,,,1
2022-04-14,00665L,富邦恒生國企正2,twse,10.80,10.98,10.77,10.90,2004000,21810570,0.12,,72965000,325,,,1
2022-04-15,00665L,富邦恒生國企正2,twse,10.81,10.81,10.70,10.77,879180,9449879,-0.13,,72965000,173,,,1
2022-04-18,00665L,富邦恒生國企正2,twse,10.70,10.70,10.58,10.68,550000,5853610,-0.09,,72965000,144,,,1
2022-04-19,00665L,富邦恒生國企正2,twse,10.69,10.84,10.26,10.40,6521230,68092629,-0.28,,79465000,909,,,1
2022-04-20,00665L,富邦恒生國企正2,twse,10.43,10.51,10.20,10.30,3900150,40270875,-0.1,,79465000,575,,,1
2022-04-21,00665L,富邦恒生國企正2,twse,10.12,10.13,9.66,9.77,8551158,84509247,-0.53,,82465000,1552,,,1
2022-04-22,00665L,富邦恒生國企正2,twse,9.36,9.85,9.23,9.72,4500075,42723654,-0.05,,82465000,664,,,1
2022-04-25,00665L,富邦恒生國企正2,twse,9.49,9.50,9.14,9.22,5637654,52329227,-0.5,,84965000,749,,,1
2022-04-26,00665L,富邦恒生國企正2,twse,9.27,9.51,9.16,9.37,4380050,40993116,0.15,,84965000,428,,,1
2022-04-27,00665L,富邦恒生國企正2,twse,9.00,9.31,8.88,9.27,4501900,40995803,-0.1,,84965000,555,,,1
2022-04-28,00665L,富邦恒生國企正2,twse,9.40,9.62,9.33,9.34,4362000,41079950,0.07,,84965000,423,,,1
2022-04-29,00665L,富邦恒生國企正2,twse,9.53,10.65,9.40,10.35,8648276,87124812,1.01,,84965000,1118,,,1
2022-05-03,00665L,富邦恒生國企正2,twse,10.50,10.82,10.05,10.75,6341700,66674742,0.4,,84465000,909,,,1
2022-05-04,00665L,富邦恒生國企正2,twse,10.76,10.76,10.18,10.24,5514025,57089038,-0.51,,86465000,819,,,1
2022-05-05,00665L,富邦恒生國企正2,twse,10.50,10.70,10.28,10.37,5392000,56425600,0.13,,86465000,720,,,1
2022-05-06,00665L,富邦恒生國企正2,twse,9.60,9.74,9.29,9.35,9961124,94801493,-1.02,,91465000,1578,,,1
2022-05-09,00665L,富邦恒生國企正2,twse,9.20,9.20,8.95,9.00,3465055,31318537,-0.35,,91465000,715,,,1
2022-05-10,00665L,富邦恒生國企正2,twse,8.70,8.99,8.48,8.93,10238555,89153936,-0.07,,95965000,1422,,,1
2022-05-11,00665L,富邦恒生國企正2,twse,8.85,9.46,8.75,9.46,7783000,71024380,0.53,,95965000,934,,,1
2022-05-12,00665L,富邦恒生國企正2,twse,8.99,9.12,8.81,8.82,10142452,90800393,-0.64,,98465000,1378,,,1
2022-05-13,00665L,富邦恒生國企正2,twse,8.99,9.22,8.95,9.11,5923001,53886389,0.29,,98465000,643,,,1
2022-05-16,00665L,富邦恒生國企正2,twse,9.44,9.63,9.14,9.29,8382000,78645000,0.18,,98465000,1032,,,1
2022-05-17,00665L,富邦恒生國企正2,twse,9.41,9.89,9.41,9.82,6253000,60706280,0.53,,97965000,950,,,1
2022-05-18,00665L,富邦恒生國企正2,twse,10.08,10.08,9.72,9.86,6351764,62666426,0.04,,97965000,688,,,1
2022-05-19,00665L,富邦恒生國企正2,twse,9.35,9.70,9.28,9.52,6661266,63023396,-0.34,,97965000,866,,,1
2022-05-20,00665L,富邦恒生國企正2,twse,9.81,10.04,9.80,9.95,6230600,61819490,0.43,,96965000,754,,,1
2022-05-23,00665L,富邦恒生國企正2,twse,10.06,10.12,9.66,9.75,6153571,60602237,-0.2,,96965000,789,,,1
2022-05-24,00665L,富邦恒生國企正2,twse,9.85,9.98,9.51,9.54,6102000,58820810,-0.21,,96965000,746,,,1
2022-05-25,00665L,富邦恒生國企正2,twse,9.44,9.65,9.38,9.52,4778000,45373340,-0.02,,96965000,658,,,1
2022-05-26,00665L,富邦恒生國企正2,twse,9.57,9.62,9.21,9.36,9026050,84546139,-0.16,,96965000,969,,,1
2022-05-27,00665L,富邦恒生國企正2,twse,9.86,10.08,9.86,9.90,9170002,91444129,0.54,,95465000,1151,,,1
2022-05-30,00665L,富邦恒生國企正2,twse,10.15,10.47,10.15,10.36,5765720,59433412,0.46,,94465000,767,,,1
2022-05-31,00665L,富邦恒生國企正2,twse,10.38,10.71,10.26,10.71,4663621,49182775,0.35,,93465000,866,,,1
2022-06-01,00665L,富邦恒生國企正2,twse,10.75,10.86,10.58,10.61,6561900,70431829,-0.1,,91465000,848,,,1
2022-06-02,00665L,富邦恒生國企正2,twse,10.52,10.54,10.31,10.35,4060681,42315335,-0.26,,90965000,620,,,1
2022-06-06,00665L,富邦恒生國企正2,twse,10.58,10.94,10.56,10.88,5018400,54125513,0.53,,90465000,817,,,1
2022-06-07,00665L,富邦恒生國企正2,twse,11.16,11.39,11.02,11.03,8389169,94001076,0.15,,89965000,1161,,,1
2022-06-08,00665L,富邦恒生國企正2,twse,11.35,11.76,11.35,11.59,6118450,70760459,0.56,,89965000,1095,,,1
2022-06-09,00665L,富邦恒生國企正2,twse,11.83,12.05,11.61,11.64,7054005,83457483,0.05,,88965000,1101,,,1
2022-06-10,00665L,富邦恒生國企正2,twse,11.29,11.80,11.16,11.66,4876220,55765813,0.02,,87965000,955,,,1
2022-06-13,00665L,富邦恒生國企正2,twse,11.35,11.35,10.87,10.95,7380665,81534030,-0.71,,87965000,1252,,,1
2022-06-14,00665L,富邦恒生國企正2,twse,10.68,10.85,10.45,10.73,5959025,63365067,-0.22,,87965000,1099,,,1
2022-06-15,00665L,富邦恒生國企正2,twse,10.95,11.35,10.86,11.26,5973740,66608316,0.53,,87965000,956,,,1
2022-06-16,00665L,富邦恒生國企正2,twse,11.50,11.50,10.87,10.88,6581976,73206443,-0.38,,87965000,1128,,,1
2022-06-17,00665L,富邦恒生國企正2,twse,10.58,11.03,10.50,11.02,5997100,64524130,0.14,,88965000,901,,,1
2022-06-20,00665L,富邦恒生國企正2,twse,11.11,11.11,10.67,10.95,8718650,94973330,-0.07,,89965000,1019,,,1
2022-06-21,00665L,富邦恒生國企正2,twse,11.11,11.52,11.02,11.41,4481220,50585698,0.46,,89965000,699,,,1
2022-06-22,00665L,富邦恒生國企正2,twse,11.44,11.44,11.13,11.20,5367500,60484995,-0.21,,89965000,711,,,1
2022-06-23,00665L,富邦恒生國企正2,twse,11.10,11.31,10.91,11.31,5883100,65397560,0.11,,89965000,786,,,1
2022-06-24,00665L,富邦恒生國企正2,twse,11.40,11.71,11.35,11.65,5570210,64392757,0.34,,89965000,818,,,1
2022-06-27,00665L,富邦恒生國企正2,twse,11.80,12.56,11.80,12.23,8082070,98934059,0.58,,88465000,1299,,,1
2022-06-28,00665L,富邦恒生國企正2,twse,12.27,12.27,11.98,12.18,3253345,39490906,-0.05,,88465000,736,,,1
2022-06-29,00665L,富邦恒生國企正2,twse,12.18,12.42,12.04,12.05,6026152,73457226,-0.13,,88465000,847,,,1
2022-06-30,00665L,富邦恒生國企正2,twse,12.06,12.22,11.92,12.13,4427340,53571346,0.08,,88465000,739,,,1
2022-07-01,00665L,富邦恒生國企正2,twse,12.14,12.14,11.72,11.76,3896777,46376987,-0.37,,88465000,661,,,1
2022-07-04,00665L,富邦恒生國企正2,twse,12.00,12.05,11.62,12.05,6083967,72264649,0.29,,88465000,712,,,1
2022-07-05,00665L,富邦恒生國企正2,twse,12.22,12.46,11.95,12.01,6324655,77461286,-0.04,,88465000,872,,,1
2022-07-06,00665L,富邦恒生國企正2,twse,12.02,12.08,11.52,11.52,6663358,78326085,-0.49,,88965000,992,,,1
2022-07-07,00665L,富邦恒生國企正2,twse,11.60,11.82,11.27,11.75,5046000,58377710,0.23,,88965000,622,,,1
2022-07-08,00665L,富邦恒生國企正2,twse,12.05,12.21,11.77,11.80,4936815,58877266,0.05,,88965000,632,,,1
2022-07-11,00665L,富邦恒生國企正2,twse,11.85,11.88,11.01,11.01,8443691,95239547,-0.79,,88965000,1221,,,1
2022-07-12,00665L,富邦恒生國企正2,twse,10.99,11.08,10.68,10.88,5677030,61837756,-0.13,,88965000,704,,,1
2022-07-13,00665L,富邦恒生國企正2,twse,10.93,10.99,10.74,10.77,3632150,39387060,-0.11,,88965000,461,,,1
2022-07-14,00665L,富邦恒生國企正2,twse,10.65,10.72,10.52,10.56,4861260,51586187,-0.21,,89465000,649,,,1
2022-07-15,00665L,富邦恒生國企正2,twse,10.45,10.52,10.17,10.21,6750565,69908948,-0.35,,90465000,960,,,1
2022-07-18,00665L,富邦恒生國企正2,twse,10.22,10.72,10.08,10.63,6323310,65641929,0.42,,90465000,727,,,1
2022-07-19,00665L,富邦恒生國企正2,twse,10.60,10.60,10.35,10.45,3324085,34727959,-0.18,,90465000,497,,,1
2022-07-20,00665L,富邦恒生國企正2,twse,10.75,10.93,10.73,10.77,3914225,42363764,0.32,,90465000,559,,,1
2022-07-21,00665L,富邦恒生國企正2,twse,10.67,10.72,10.48,10.62,4708334,49779817,-0.15,,90465000,706,,,1
2022-07-22,00665L,富邦恒生國企正2,twse,10.58,10.75,10.49,10.49,2898000,30732149,-0.13,,90465000,427,,,1
2022-07-25,00665L,富邦恒生國企正2,twse,10.38,10.46,10.24,10.25,4362100,45024731,-0.24,,90465000,559,,,1
2022-07-26,00665L,富邦恒生國企正2,twse,10.35,10.76,10.35,10.71,5044535,53719607,0.46,,90465000,657,,,1
2022-07-27,00665L,富邦恒生國企正2,twse,10.58,10.58,10.35,10.39,5505125,57311628,-0.32,,90465000,765,,,1
2022-07-28,00665L,富邦恒生國企正2,twse,10.54,10.57,10.34,10.39,5623100,58846699,0.0,,90465000,563,,,1
2022-07-29,00665L,富邦恒生國企正2,twse,10.42,10.53,9.78,9.86,13418005,134964687,-0.53,,96465000,2092,,,1
2022-08-01,00665L,富邦恒生國企正2,twse,9.75,9.92,9.61,9.86,5029498,49104828,0.0,,103465000,865,,,1
2022-08-02,00665L,富邦恒生國企正2,twse,9.57,9.65,9.15,9.28,9852937,92086003,-0.58,,111965000,1621,,,1
2022-08-03,00665L,富邦恒生國企正2,twse,9.45,9.60,9.32,9.47,4085420,38636282,0.19,,111965000,640,,,1
2022-08-04,00665L,富邦恒生國企正2,twse,9.59,9.85,9.51,9.71,5140369,50044132,0.24,,111965000,695,,,1
2022-08-05,00665L,富邦恒生國企正2,twse,9.82,9.99,9.71,9.74,5574000,54751200,0.03,,111965000,673,,,1
2022-08-08,00665L,富邦恒生國企正2,twse,9.70,9.82,9.60,9.67,2999000,29002090,-0.07,,112465000,481,,,1
2022-08-09,00665L,富邦恒生國企正2,twse,9.73,9.87,9.48,9.73,5277100,50932809,0.06,,112465000,837,,,1
2022-08-10,00665L,富邦恒生國企正2,twse,9.58,9.60,9.07,9.10,11710392,108386141,-0.63,,118965000,2063,,,1
2022-08-11,00665L,富邦恒生國企正2,twse,9.36,9.54,9.31,9.49,7363183,69370646,0.39,,118965000,899,,,1
2022-08-12,00665L,富邦恒生國企正2,twse,9.60,9.79,9.55,9.75,5781100,55826810,0.26,,118965000,837,,,1
2022-08-15,00665L,富邦恒生國企正2,twse,9.72,9.86,9.56,9.78,5785476,55991932,0.03,,118965000,805,,,1
2022-08-16,00665L,富邦恒生國企正2,twse,9.65,9.79,9.47,9.49,4050852,39060552,-0.29,,118965000,715,,,1
2022-08-17,00665L,富邦恒生國企正2,twse,9.53,9.62,9.32,9.52,5530270,52365644,0.03,,120465000,840,,,1
2022-08-18,00665L,富邦恒生國企正2,twse,9.44,9.52,9.29,9.34,5650625,52868974,-0.18,,121465000,815,,,1
2022-08-19,00665L,富邦恒生國企正2,twse,9.25,9.48,9.14,9.39,6013450,55941986,0.05,,121965000,866,,,1
2022-08-22,00665L,富邦恒生國企正2,twse,9.19,9.44,9.10,9.38,5056235,46827302,-0.01,,122465000,734,,,1
2022-08-23,00665L,富邦恒生國企正2,twse,9.28,9.32,9.12,9.15,6721450,61833677,-0.23,,122465000,906,,,1
2022-08-24,00665L,富邦恒生國企正2,twse,9.20,9.23,8.88,8.93,11341476,102052685,-0.22,,129965000,1449,,,1
2022-08-25,00665L,富邦恒生國企正2,twse,9.06,9.32,9.06,9.21,6115161,56101374,0.28,,129965000,604,,,1
2022-08-26,00665L,富邦恒生國企正2,twse,9.90,10.00,9.74,9.79,12740520,125723636,0.58,,125465000,1256,,,1
2022-08-29,00665L,富邦恒生國企正2,twse,9.63,9.80,9.56,9.78,5851400,56828957,-0.01,,124965000,627,,,1
2022-08-30,00665L,富邦恒生國企正2,twse,9.82,9.87,9.37,9.56,7741401,73940049,-0.22,,125965000,1101,,,1
2022-08-31,00665L,富邦恒生國企正2,twse,9.37,9.91,9.25,9.88,8232690,78317032,0.32,,125965000,1107,,,1
2022-09-01,00665L,富邦恒生國企正2,twse,9.60,9.71,9.41,9.53,6997090,66835355,-0.35,,125965000,809,,,1
2022-09-02,00665L,富邦恒生國企正2,twse,9.42,9.51,9.18,9.18,8966506,83323382,-0.35,,125965000,1080,,,1
2022-09-05,00665L,富邦恒生國企正2,twse,9.15,9.15,8.83,8.89,10591080,94868112,-0.29,,132965000,1463,,,1
2022-09-06,00665L,富邦恒生國企正2,twse,9.03,9.15,8.89,8.98,5271250,47442267,0.09,,132965000,705,,,1
2022-09-07,00665L,富邦恒生國企正2,twse,8.79,8.85,8.69,8.74,5225140,45684735,-0.24,,133465000,790,,,1
2022-09-08,00665L,富邦恒生國企正2,twse,8.93,8.98,8.79,8.81,4610000,40837200,0.07,,133965000,641,,,1
2022-09-12,00665L,富邦恒生國企正2,twse,9.09,9.14,9.07,9.09,4158105,37872036,0.28,,133965000,491,,,1
2022-09-13,00665L,富邦恒生國企正2,twse,9.23,9.39,9.18,9.34,7193200,66898121,0.25,,133965000,864,,,1
2022-09-14,00665L,富邦恒生國企正2,twse,8.87,8.95,8.75,8.79,12834231,113356785,-0.55,,138965000,1877,,,1
2022-09-15,00665L,富邦恒生國企正2,twse,8.88,8.95,8.78,8.89,5645250,50065934,0.1,,140465000,619,,,1
2022-09-16,00665L,富邦恒生國企正2,twse,8.76,8.87,8.62,8.79,6674585,58391792,-0.1,,140965000,861,,,1
2022-09-19,00665L,富邦恒生國企正2,twse,8.69,8.72,8.45,8.48,6979450,59611848,-0.31,,142965000,1176,,,1
2022-09-20,00665L,富邦恒生國企正2,twse,8.65,8.75,8.59,8.65,3993480,34640047,0.17,,142965000,554,,,1
2022-09-21,00665L,富邦恒生國企正2,twse,8.56,8.56,8.30,8.40,6685310,56098776,-0.25,,146465000,1216,,,1
2022-09-22,00665L,富邦恒生國企正2,twse,8.10,8.14,7.93,8.03,9857650,79141499,-0.37,,149965000,1379,,,1
2022-09-23,00665L,富邦恒生國企正2,twse,8.02,8.18,7.95,8.03,5423000,43547210,0.0,,149965000,699,,,1
2022-09-26,00665L,富邦恒生國企正2,twse,7.86,8.18,7.79,8.01,8396950,67047529,-0.02,,150965000,886,,,1
2022-09-27,00665L,富邦恒生國企正2,twse,8.10,8.10,7.79,7.86,7168579,56453139,-0.15,,151465000,1067,,,1
2022-09-28,00665L,富邦恒生國企正2,twse,7.87,7.88,7.62,7.67,10208730,78784576,-0.19,,153965000,1050,,,1
2022-09-29,00665L,富邦恒生國企正2,twse,7.87,7.87,7.61,7.61,9098430,70234728,-0.06,,154465000,847,,,1
2022-09-30,00665L,富邦恒生國企正2,twse,7.46,7.53,7.22,7.35,12834441,94595160,-0.26,,154465000,1295,,,1
2022-10-03,00665L,富邦恒生國企正2,twse,7.31,7.47,7.13,7.14,7295614,53033526,-0.21,,154465000,867,,,1
2022-10-04,00665L,富邦恒生國企正2,twse,7.38,7.51,7.38,7.51,3781032,28109648,0.37,,154465000,550,,,1
2022-10-05,00665L,富邦恒生國企正2,twse,7.65,8.14,7.65,8.13,15116162,119989770,0.62,,150965000,1495,,,1
2022-10-06,00665L,富邦恒生國企正2,twse,8.10,8.15,7.98,8.08,5289539,42504847,-0.05,,147965000,467,,,1
2022-10-07,00665L,富邦恒生國企正2,twse,7.90,7.92,7.74,7.75,5373160,42007857,-0.33,,147965000,611,,,1
2022-10-11,00665L,富邦恒生國企正2,twse,7.27,7.28,6.89,6.92,12570594,88834903,-0.83,,151965000,1676,,,1
2022-10-12,00665L,富邦恒生國企正2,twse,6.89,6.94,6.55,6.58,13506900,89916776,-0.34,,153965000,1454,,,1
2022-10-13,00665L,富邦恒生國企正2,twse,6.70,6.79,6.56,6.59,6024500,40079918,0.01,,154965000,694,,,1
2022-10-14,00665L,富邦恒生國企正2,twse,6.74,6.97,6.61,6.95,11649013,79072389,0.36,,154965000,1133,,,1
2022-10-17,00665L,富邦恒生國企正2,twse,6.60,6.64,6.38,6.58,13201234,85901344,-0.37,,155965000,1361,,,1
2022-10-18,00665L,富邦恒生國企正2,twse,6.85,6.91,6.62,6.85,9101110,61951684,0.27,,155965000,981,,,1
2022-10-19,00665L,富邦恒生國企正2,twse,6.82,6.95,6.69,6.69,6507801,44324199,-0.16,,155965000,585,,,1
2022-10-20,00665L,富邦恒生國企正2,twse,6.37,6.50,6.16,6.42,16874318,106358688,-0.27,,160465000,1821,,,1
2022-10-21,00665L,富邦恒生國企正2,twse,6.35,6.47,6.32,6.38,4737283,30302257,-0.04,,160465000,468,,,1
2022-10-24,00665L,富邦恒生國企正2,twse,6.60,6.60,5.62,5.65,29099731,171549607,-0.73,,173965000,2887,,,1
2022-10-25,00665L,富邦恒生國企正2,twse,5.57,5.76,5.30,5.59,28206503,155918698,-0.06,,181465000,2140,,,1
2022-10-26,00665L,富邦恒生國企正2,twse,5.62,5.90,5.49,5.72,13381692,77082016,0.13,,181465000,1139,,,1
2022-10-27,00665L,富邦恒生國企正2,twse,5.94,6.05,5.81,5.85,12655362,75250202,0.13,,181465000,1072,,,1
2022-10-28,00665L,富邦恒生國企正2,twse,5.72,5.75,5.29,5.29,19526515,106945121,-0.56,,182965000,2023,,,1
2022-10-31,00665L,富邦恒生國企正2,twse,5.40,5.43,5.03,5.26,22150696,115586576,-0.03,,184965000,1684,,,1
2022-11-01,00665L,富邦恒生國企正2,twse,5.17,5.50,5.12,5.38,18136196,96339839,0.12,,184965000,1444,,,1
2022-11-02,00665L,富邦恒生國企正2,twse,5.48,5.93,5.45,5.91,24663278,140921855,0.53,,184965000,1872,,,1
2022-11-03,00665L,富邦恒生國企正2,twse,5.65,5.74,5.49,5.59,14591108,81933685,-0.32,,185965000,1402,,,1
2022-11-04,00665L,富邦恒生國企正2,twse,5.63,6.45,5.57,6.33,25116194,152135000,0.74,,184965000,2250,,,1
2022-11-07,00665L,富邦恒生國企正2,twse,6.28,6.65,5.87,6.55,31500099,199330943,0.22,,184965000,2711,,,1
2022-11-08,00665L,富邦恒生國企正2,twse,6.53,6.56,6.29,6.34,14705030,94410015,-0.21,,186965000,1651,,,1
2022-11-09,00665L,富邦恒生國企正2,twse,6.37,6.54,6.17,6.22,26067582,164944314,-0.12,,192465000,1841,,,1
2022-11-10,00665L,富邦恒生國企正2,twse,6.03,6.11,5.87,5.93,13190315,78635180,-0.29,,198965000,1699,,,1
2022-11-11,00665L,富邦恒生國企正2,twse,6.45,6.77,6.45,6.65,28088208,185473833,0.72,,193965000,2059,,,1
2022-11-14,00665L,富邦恒生國企正2,twse,6.88,7.53,6.87,7.17,35031626,252627765,0.52,,184465000,2703,,,1
2022-11-15,00665L,富邦恒生國企正2,twse,7.05,7.78,7.01,7.77,23189795,173472737,0.6,,180965000,2273,,,1
2022-11-16,00665L,富邦恒生國企正2,twse,7.75,7.87,7.47,7.56,18939575,145141911,-0.21,,179965000,2091,,,1
2022-11-17,00665L,富邦恒生國企正2,twse,7.52,7.55,7.18,7.33,17557330,128520831,-0.23,,180965000,1995,,,1
2022-11-18,00665L,富邦恒生國企正2,twse,7.69,7.87,7.54,7.57,16907714,130205470,0.24,,180965000,1953,,,1
2022-11-21,00665L,富邦恒生國企正2,twse,7.42,7.44,6.93,7.17,24606973,174657525,-0.4,,189965000,2545,,,1
2022-11-22,00665L,富邦恒生國企正2,twse,7.20,7.26,6.96,7.03,18353579,130120670,-0.14,,194465000,1829,,,1
2022-11-23,00665L,富邦恒生國企正2,twse,7.12,7.14,6.91,7.10,18156388,127252848,0.07,,195465000,1868,,,1
2022-11-24,00665L,富邦恒生國企正2,twse,7.16,7.22,7.01,7.07,16261142,115539836,-0.03,,196465000,1576,,,1
2022-11-25,00665L,富邦恒生國企正2,twse,7.14,7.18,6.90,6.95,16955636,118162187,-0.12,,199465000,1553,,,1
2022-11-28,00665L,富邦恒生國企正2,twse,6.76,6.82,6.39,6.69,23598469,155460066,-0.26,,199465000,2261,,,1
2022-11-29,00665L,富邦恒生國企正2,twse,6.83,7.51,6.83,7.48,34320205,248536183,0.79,,194965000,2820,,,1
2022-11-30,00665L,富邦恒生國企正2,twse,7.55,7.73,7.45,7.70,20924075,159103616,0.22,,193465000,1887,,,1
2022-12-01,00665L,富邦恒生國企正2,twse,8.25,8.48,8.00,8.09,29849496,245083681,0.39,,187965000,2700,,,1
2022-12-02,00665L,富邦恒生國企正2,twse,8.01,8.07,7.78,7.82,16416953,129930724,-0.27,,187965000,1893,,,1
2022-12-05,00665L,富邦恒生國企正2,twse,8.31,8.58,8.24,8.45,24580356,206963176,0.63,,184965000,2508,,,1
2022-12-06,00665L,富邦恒生國企正2,twse,8.28,8.76,8.28,8.49,27193398,232514970,0.04,,182465000,2708,,,1
2022-12-07,00665L,富邦恒生國企正2,twse,8.52,8.92,8.49,8.89,27448218,238732663,0.4,,182465000,2335,,,1
2022-12-08,00665L,富邦恒生國企正2,twse,8.31,8.63,8.17,8.45,27291597,228956490,-0.44,,182465000,3100,,,1
2022-12-09,00665L,富邦恒生國企正2,twse,8.70,8.92,8.57,8.85,26392547,231618649,0.4,,180965000,3014,,,1
2022-12-12,00665L,富邦恒生國企正2,twse,8.75,8.84,8.52,8.61,21125775,182984076,-0.24,,180965000,2338,,,1
2022-12-13,00665L,富邦恒生國企正2,twse,8.55,8.80,8.46,8.63,20020870,172864154,0.02,,180465000,2061,,,1
2022-12-14,00665L,富邦恒生國企正2,twse,8.73,8.84,8.54,8.80,23207020,202084608,0.17,,182465000,2258,,,1
2022-12-15,00665L,富邦恒生國企正2,twse,8.76,8.76,8.29,8.42,29492361,249666980,-0.38,,192465000,3260,,,1
2022-12-16,00665L,富邦恒生國企正2,twse,8.24,8.71,8.22,8.48,23856497,202208504,0.06,,192465000,2573,,,1
2022-12-19,00665L,富邦恒生國企正2,twse,8.53,8.89,8.39,8.45,26586526,228565884,-0.03,,191465000,2569,,,1
2022-12-20,00665L,富邦恒生國企正2,twse,8.35,8.43,7.95,7.95,29569271,241534027,-0.5,,195965000,3157,,,1
2022-12-21,00665L,富邦恒生國企正2,twse,8.13,8.22,8.07,8.10,13998785,114067068,0.15,,195965000,1460,,,1
2022-12-22,00665L,富邦恒生國企正2,twse,8.45,8.74,8.40,8.66,27575116,236900575,0.56,,191965000,2568,,,1
2022-12-23,00665L,富邦恒生國企正2,twse,8.38,8.64,8.33,8.50,17035025,144692307,-0.16,,191965000,1722,,,1
2022-12-26,00665L,富邦恒生國企正2,twse,8.45,8.50,8.35,8.47,3610549,30495182,-0.03,,191965000,572,,,1
2022-12-27,00665L,富邦恒生國企正2,twse,8.57,8.72,8.50,8.60,10783666,92934528,0.13,,191965000,1160,,,1
2022-12-28,00665L,富邦恒生國企正2,twse,8.76,9.00,8.62,8.85,30568172,270786769,0.25,,189965000,2681,,,1
2022-12-29,00665L,富邦恒生國企正2,twse,8.62,8.65,8.42,8.55,23821505,203466265,-0.3,,189965000,2404,,,1
2022-12-30,00665L,富邦恒生國企正2,twse,8.76,8.90,8.63,8.64,23885260,208966766,0.09,,189965000,2150,,,1
2023-01-03,00665L,富邦恒生國企正2,twse,8.56,8.85,8.17,8.82,42450642,361087202,0.18,,189965000,4032,,,1
2023-01-04,00665L,富邦恒生國企正2,twse,8.92,9.35,8.92,9.23,27636204,253521918,0.41,,186965000,2792,,,1
2023-01-05,00665L,富邦恒生國企正2,twse,9.86,10.07,9.70,9.75,30255357,298759122,0.52,,184965000,3096,,,1
2023-01-06,00665L,富邦恒生國企正2,twse,9.91,10.02,9.70,9.70,23662643,234243750,-0.05,,184965000,2452,,,1
2023-01-09,00665L,富邦恒生國企正2,twse,10.00,10.15,9.86,9.96,22110076,221271504,0.26,,184965000,2246,,,1
2023-01-10,00665L,富邦恒生國企正2,twse,9.98,10.10,9.82,9.99,18128339,180062166,0.03,,184965000,1911,,,1
2023-01-11,00665L,富邦恒生國企正2,twse,10.10,10.30,10.02,10.30,20556248,209350053,0.31,,184465000,2232,,,1
2023-01-12,00665L,富邦恒生國企正2,twse,10.26,10.35,9.87,10.01,26351526,266060108,-0.29,,184465000,3186,,,1
2023-01-13,00665L,富邦恒生國企正2,twse,10.17,10.19,10.01,10.10,15242920,154111524,0.09,,184465000,1707,,,1
2023-01-16,00665L,富邦恒生國企正2,twse,10.32,10.39,10.20,10.20,22083817,227442555,0.1,,184465000,2263,,,1
2023-01-17,00665L,富邦恒生國企正2,twse,10.15,10.25,9.91,9.91,18363410,184413454,-0.29,,184465000,2207,,,1
2023-01-30,00665L,富邦恒生國企正2,twse,10.93,11.07,10.59,10.60,26783545,292016650,0.69,,183465000,2852,,,1
2023-01-31,00665L,富邦恒生國企正2,twse,10.46,10.64,10.13,10.20,26198737,272216614,-0.4,,184465000,2927,,,1
2023-02-01,00665L,富邦恒生國企正2,twse,10.30,10.46,10.17,10.39,20356093,210177174,0.19,,185965000,1941,,,1
2023-02-02,00665L,富邦恒生國企正2,twse,10.64,10.70,10.42,10.49,19379719,204762099,0.1,,185965000,1857,,,1
2023-02-03,00665L,富邦恒生國企正2,twse,10.33,10.33,9.86,9.94,35806499,358862023,-0.55,,204965000,4096,,,1
2023-02-06,00665L,富邦恒生國企正2,twse,9.78,9.79,9.37,9.37,28095427,267652548,-0.57,,219965000,3621,,,1
2023-02-07,00665L,富邦恒生國企正2,twse,9.48,9.80,9.48,9.67,20503231,198568245,0.3,,219965000,2222,,,1
2023-02-08,00665L,富邦恒生國企正2,twse,9.58,9.71,9.39,9.48,29698095,283134238,-0.19,,222465000,2970,,,1
2023-02-09,00665L,富邦恒生國企正2,twse,9.40,9.66,9.33,9.66,14996730,142645540,0.18,,222465000,1754,,,1
2023-02-10,00665L,富邦恒生國企正2,twse,9.75,9.75,9.32,9.33,24716530,234867353,-0.33,,229465000,2838,,,1
2023-02-13,00665L,富邦恒生國企正2,twse,9.25,9.41,9.05,9.40,22746155,209589496,0.07,,232465000,2347,,,1
2023-02-14,00665L,富邦恒生國企正2,twse,9.45,9.54,9.29,9.30,20047650,188054281,-0.1,,239965000,2177,,,1
2023-02-15,00665L,富邦恒生國企正2,twse,9.26,9.36,8.97,9.06,28704665,261266217,-0.24,,255965000,3389,,,1
2023-02-16,00665L,富邦恒生國企正2,twse,9.15,9.53,9.13,9.49,21666080,203164757,0.43,,255965000,2547,,,1
2023-02-17,00665L,富邦恒生國企正2,twse,9.17,9.35,9.10,9.12,16868415,154835210,-0.37,,255965000,2401,,,1
2023-02-20,00665L,富邦恒生國企正2,twse,8.90,9.18,8.88,9.14,21765045,196193067,0.02,,258465000,2382,,,1
2023-02-21,00665L,富邦恒生國企正2,twse,9.17,9.24,8.92,8.92,24539297,222142542,-0.22,,259465000,2843,,,1
2023-02-22,00665L,富邦恒生國企正2,twse,8.77,8.82,8.59,8.68,29790205,259300378,-0.24,,268965000,3440,,,1
2023-02-23,00665L,富邦恒生國企正2,twse,8.64,8.81,8.56,8.68,31297939,271762480,0.0,,272965000,2623,,,1
2023-02-24,00665L,富邦恒生國企正2,twse,8.51,8.54,8.30,8.33,41372428,348068451,-0.35,,286965000,3952,,,1
2023-03-01,00665L,富邦恒生國企正2,twse,8.03,8.62,7.99,8.55,35194297,291665707,0.22,,288965000,3474,,,1
2023-03-02,00665L,富邦恒生國企正2,twse,8.64,8.72,8.49,8.63,23073719,198837352,0.08,,288965000,2128,,,1
2023-03-03,00665L,富邦恒生國企正2,twse,8.83,8.94,8.71,8.80,21969921,193988851,0.17,,288965000,1868,,,1
2023-03-06,00665L,富邦恒生國企正2,twse,8.90,8.94,8.59,8.80,31637710,277007199,0.0,,295465000,2784,,,1
2023-03-07,00665L,富邦恒生國企正2,twse,8.79,9.22,8.74,8.97,33734705,304882494,0.17,,294465000,3095,,,1
2023-03-08,00665L,富邦恒生國企正2,twse,8.62,8.62,8.26,8.26,52087083,437960102,-0.71,,327965000,6380,,,1
2023-03-09,00665L,富邦恒生國企正2,twse,8.36,8.38,8.22,8.27,29018003,240828480,0.01,,330465000,2238,,,1
2023-03-10,00665L,富邦恒生國企正2,twse,7.88,7.89,7.70,7.70,50932505,396410891,-0.57,,350465000,5733,,,1
2023-03-13,00665L,富邦恒生國企正2,twse,7.75,8.05,7.68,7.97,37024483,291228387,0.27,,350465000,2999,,,1
2023-03-14,00665L,富邦恒生國企正2,twse,7.81,7.94,7.53,7.60,39392000,305179450,-0.37,,351965000,4029,,,1
2023-03-15,00665L,富邦恒生國企正2,twse,7.82,7.97,7.75,7.77,26114158,205139954,0.17,,351965000,2387,,,1
2023-03-16,00665L,富邦恒生國企正2,twse,7.65,7.83,7.57,7.69,27178211,208938584,-0.08,,351965000,2238,,,1
2023-03-17,00665L,富邦恒生國企正2,twse,7.86,8.05,7.76,7.95,40204621,317958537,0.26,,351965000,2819,,,1
2023-03-20,00665L,富邦恒生國企正2,twse,7.87,7.93,7.56,7.58,35813092,276314650,-0.37,,359965000,3488,,,1
2023-03-21,00665L,富邦恒生國企正2,twse,7.73,7.75,7.56,7.66,23169124,177201787,0.08,,361465000,2200,,,1
2023-03-22,00665L,富邦恒生國企正2,twse,7.83,8.17,7.83,7.97,35952806,288708409,0.31,,358465000,3649,,,1
2023-03-23,00665L,富邦恒生國企正2,twse,7.90,8.24,7.90,8.24,28130380,227033312,0.27,,355465000,2351,,,1
2023-03-24,00665L,富邦恒生國企正2,twse,8.32,8.53,8.26,8.40,39897134,334090133,0.16,,355465000,3077,,,1
2023-03-27,00665L,富邦恒生國企正2,twse,8.41,8.41,7.92,8.14,51115818,413911969,-0.26,,362965000,5104,,,1
2023-03-28,00665L,富邦恒生國企正2,twse,8.06,8.14,7.96,8.06,32375720,260393724,-0.08,,362965000,2621,,,1
2023-03-29,00665L,富邦恒生國企正2,twse,8.49,8.81,8.45,8.52,56631681,486370645,0.46,,361965000,4940,,,1
2023-03-30,00665L,富邦恒生國企正2,twse,8.59,8.63,8.34,8.47,33893500,287317180,-0.05,,361965000,3026,,,1
2023-03-31,00665L,富邦恒生國企正2,twse,8.74,9.00,8.73,8.74,54365937,481358402,0.27,,357465000,4794,,,1
2023-04-06,00665L,富邦恒生國企正2,twse,8.48,8.73,8.28,8.43,43625705,367694840,-0.31,,357465000,4241,,,1
2023-04-07,00665L,富邦恒生國企正2,twse,8.65,8.68,8.56,8.58,13836201,119300367,0.15,,357465000,1543,,,1
2023-04-10,00665L,富邦恒生國企正2,twse,8.64,8.72,8.61,8.69,9471612,82136649,0.11,,357465000,1215,,,1
2023-04-11,00665L,富邦恒生國企正2,twse,8.66,8.90,8.49,8.51,38099564,330596575,-0.18,,355965000,3342,,,1
2023-04-12,00665L,富邦恒生國企正2,twse,8.62,8.70,8.46,8.48,16211291,138623227,-0.03,,355965000,1881,,,1
2023-04-13,00665L,富邦恒生國企正2,twse,8.21,8.40,8.08,8.34,41570018,341961428,-0.14,,356965000,4425,,,1
2023-04-14,00665L,富邦恒生國企正2,twse,8.50,8.60,8.42,8.46,22833770,194399731,0.12,,356965000,2260,,,1
2023-04-17,00665L,富邦恒生國企正2,twse,8.44,8.68,8.35,8.68,26663576,228632538,0.22,,356965000,2521,,,1
2023-04-18,00665L,富邦恒生國企正2,twse,8.77,8.88,8.71,8.76,23629010,207679398,0.08,,353465000,2428,,,1
2023-04-19,00665L,富邦恒生國企正2,twse,8.76,8.77,8.53,8.60,23571530,203456850,-0.16,,355465000,2319,,,1
2023-04-20,00665L,富邦恒生國企正2,twse,8.47,8.59,8.44,8.47,17430197,148418904,-0.13,,355465000,2040,,,1
2023-04-21,00665L,富邦恒生國企正2,twse,8.46,8.50,8.25,8.27,24843478,208151061,-0.2,,355465000,2835,,,1
2023-04-24,00665L,富邦恒生國企正2,twse,8.15,8.29,8.04,8.05,26455031,215616388,-0.22,,355465000,3084,,,1
2023-04-25,00665L,富邦恒生國企正2,twse,8.08,8.09,7.76,7.76,36037676,284726979,-0.29,,358965000,4196,,,1
2023-04-26,00665L,富邦恒生國企正2,twse,7.75,8.00,7.71,8.00,25600657,201091930,0.24,,358965000,2493,,,1
2023-04-27,00665L,富邦恒生國企正2,twse,7.94,7.96,7.82,7.91,21954764,172955100,-0.09,,358965000,2097,,,1
2023-04-28,00665L,富邦恒生國企正2,twse,8.06,8.29,8.04,8.10,25433511,207417198,0.19,,358465000,2714,,,1
2023-05-02,00665L,富邦恒生國企正2,twse,8.13,8.40,7.92,8.10,45848109,372219970,0.0,,360465000,4731,,,1
2023-05-03,00665L,富邦恒生國企正2,twse,7.89,7.91,7.68,7.68,45769510,355212789,-0.42,,377465000,5429,,,1
2023-05-04,00665L,富邦恒生國企正2,twse,7.72,8.08,7.72,8.03,34832153,277855611,0.35,,377465000,3302,,,1
2023-05-05,00665L,富邦恒生國企正2,twse,8.09,8.34,8.09,8.27,40066276,330283720,0.24,,373965000,3497,,,1
2023-05-08,00665L,富邦恒生國企正2,twse,8.38,8.47,8.27,8.39,30997679,259502451,0.12,,372965000,2822,,,1
2023-05-09,00665L,富邦恒生國企正2,twse,8.42,8.50,8.37,8.41,24800456,209256566,0.02,,372965000,1931,,,1
2023-05-10,00665L,富邦恒生國企正2,twse,8.22,8.22,7.95,8.02,47847988,384250799,-0.39,,374465000,4870,,,1
2023-05-11,00665L,富邦恒生國企正2,twse,8.09,8.14,7.92,7.92,25757161,206468262,-0.1,,374465000,2386,,,1
2023-05-12,00665L,富邦恒生國企正2,twse,8.08,8.17,7.97,8.01,26675817,215653519,0.09,,374465000,2645,,,1
2023-05-15,00665L,富邦恒生國企正2,twse,7.87,8.15,7.82,8.15,26506783,210222895,0.14,,374465000,2468,,,1
2023-05-16,00665L,富邦恒生國企正2,twse,8.34,8.43,8.22,8.22,36274345,302365562,0.07,,369965000,2926,,,1
2023-05-17,00665L,富邦恒生國企正2,twse,8.20,8.28,8.10,8.10,19909180,163010719,-0.12,,369965000,1917,,,1
2023-05-18,00665L,富邦恒生國企正2,twse,8.06,8.18,7.97,8.07,50395359,406330378,-0.03,,369965000,3654,,,1
2023-05-19,00665L,富邦恒生國企正2,twse,7.96,7.98,7.75,7.83,70571831,553432877,-0.24,,386465000,6152,,,1
2023-05-22,00665L,富邦恒生國企正2,twse,7.82,8.10,7.76,8.05,36570429,291114072,0.22,,385965000,3115,,,1
2023-05-23,00665L,富邦恒生國企正2,twse,8.09,8.13,7.90,7.91,28523008,228181758,-0.14,,385965000,2791,,,1
2023-05-24,00665L,富邦恒生國企正2,twse,7.67,7.73,7.55,7.57,64939108,495388304,-0.34,,401465000,6691,,,1
2023-05-25,00665L,富邦恒生國企正2,twse,7.45,7.47,7.07,7.09,64460656,467995354,-0.48,,429465000,7399,,,1
2023-05-26,00665L,富邦恒生國企正2,twse,7.09,7.09,6.97,7.05,18323485,129088375,-0.04,,429465000,2324,,,1
2023-05-29,00665L,富邦恒生國企正2,twse,7.20,7.26,7.02,7.02,23826449,169849372,-0.03,,434965000,2867,,,1
2023-05-30,00665L,富邦恒生國企正2,twse,7.01,7.08,6.81,6.81,44268244,306010308,-0.21,,447465000,3852,,,1
2023-05-31,00665L,富邦恒生國企正2,twse,6.85,6.86,6.61,6.61,37445952,251845496,-0.2,,459965000,3481,,,1
2023-06-01,00665L,富邦恒生國企正2,twse,6.74,6.93,6.69,6.92,40300681,274949328,0.31,,461965000,3533,,,1
2023-06-02,00665L,富邦恒生國企正2,twse,7.00,7.28,6.95,7.21,48957999,349461726,0.29,,461965000,4143,,,1
2023-06-05,00665L,富邦恒生國企正2,twse,7.39,7.45,7.23,7.24,31852544,233733866,0.03,,459965000,2924,,,1
2023-06-06,00665L,富邦恒生國企正2,twse,7.36,7.65,7.35,7.55,61850253,465340648,0.31,,451965000,4678,,,1
2023-06-07,00665L,富邦恒生國企正2,twse,7.68,7.71,7.54,7.64,33144963,253078495,0.09,,451965000,2663,,,1
2023-06-08,00665L,富邦恒生國企正2,twse,7.55,7.61,7.45,7.57,27347708,205881671,-0.07,,449465000,1852,,,1
2023-06-09,00665L,富邦恒生國企正2,twse,7.66,7.73,7.59,7.68,26643614,204460391,0.11,,449465000,2019,,,1
2023-06-12,00665L,富邦恒生國企正2,twse,7.71,7.77,7.60,7.73,22539739,173157798,0.05,,447465000,1615,,,1
2023-06-13,00665L,富邦恒生國企正2,twse,7.76,7.83,7.63,7.77,28590043,221127462,0.04,,446465000,2239,,,1
2023-06-14,00665L,富邦恒生國企正2,twse,7.85,7.96,7.76,7.76,25639156,201678112,-0.01,,439465000,2250,,,1
2023-06-15,00665L,富邦恒生國企正2,twse,7.95,8.05,7.89,8.05,39809926,317199455,0.29,,431465000,2771,,,1
2023-06-16,00665L,富邦恒生國企正2,twse,8.25,8.40,8.22,8.40,39706627,329353928,0.35,,413465000,3005,,,1
2023-06-19,00665L,富邦恒生國企正2,twse,8.31,8.34,8.06,8.09,36535567,298697758,-0.31,,413465000,2805,,,1
2023-06-20,00665L,富邦恒生國企正2,twse,8.17,8.23,7.90,7.91,35644481,285793712,-0.18,,413465000,2823,,,1
2023-06-21,00665L,富邦恒生國企正2,twse,7.76,7.78,7.56,7.56,34522728,264769075,-0.35,,413465000,3768,,,1
2023-06-26,00665L,富邦恒生國企正2,twse,7.33,7.50,7.26,7.36,26094625,192283243,-0.2,,413465000,2747,,,1
2023-06-27,00665L,富邦恒生國企正2,twse,7.40,7.60,7.33,7.58,22984969,172260257,0.22,,413465000,1965,,,1
2023-06-28,00665L,富邦恒生國企正2,twse,7.67,7.70,7.51,7.58,32211980,244157496,0.0,,413465000,1978,,,1
2023-06-29,00665L,富邦恒生國企正2,twse,7.61,7.65,7.39,7.40,30932667,231780428,-0.18,,416465000,2629,,,1
2023-06-30,00665L,富邦恒生國企正2,twse,7.37,7.54,7.34,7.53,20826330,155233847,0.13,,416465000,1605,,,1
2023-07-03,00665L,富邦恒生國企正2,twse,7.50,7.77,7.49,7.77,33324398,255491164,0.24,,416465000,2614,,,1
2023-07-04,00665L,富邦恒生國企正2,twse,7.77,7.91,7.71,7.85,26747824,209528169,0.08,,416465000,1987,,,1
2023-07-05,00665L,富邦恒生國企正2,twse,7.83,7.85,7.58,7.63,32579004,250353571,-0.22,,421465000,2947,,,1
2023-07-06,00665L,富邦恒生國企正2,twse,7.49,7.62,7.21,7.24,54526514,402843995,-0.39,,427465000,5453,,,1
2023-07-07,00665L,富邦恒生國企正2,twse,7.15,7.22,7.02,7.17,44290136,315096935,-0.07,,454465000,4309,,,1
2023-07-10,00665L,富邦恒生國企正2,twse,7.33,7.43,7.13,7.13,31101846,226451323,-0.04,,454465000,2941,,,1
2023-07-11,00665L,富邦恒生國企正2,twse,7.29,7.43,7.25,7.36,28669212,210847360,0.23,,454965000,2761,,,1
2023-07-12,00665L,富邦恒生國企正2,twse,7.36,7.57,7.36,7.51,30786740,230945644,0.15,,452965000,2370,,,1
2023-07-13,00665L,富邦恒生國企正2,twse,7.73,7.87,7.69,7.84,45360497,353275804,0.33,,449465000,3274,,,1
2023-07-14,00665L,富邦恒生國企正2,twse,7.94,7.99,7.82,7.82,29039574,229186405,-0.02,,448465000,2185,,,1
2023-07-17,00665L,富邦恒生國企正2,twse,7.71,7.74,7.59,7.60,15749097,120477659,-0.22,,448465000,1658,,,1
2023-07-18,00665L,富邦恒生國企正2,twse,7.69,7.79,7.47,7.49,35756283,270233466,-0.11,,448465000,2698,,,1
2023-07-19,00665L,富邦恒生國企正2,twse,7.42,7.42,7.23,7.33,50682797,370002915,-0.16,,458965000,3549,,,1
2023-07-20,00665L,富邦恒生國企正2,twse,7.42,7.69,7.42,7.54,40449832,306015435,0.21,,456465000,3313,,,1
2023-07-21,00665L,富邦恒生國企正2,twse,7.44,7.62,7.38,7.47,33166195,248542088,-0.07,,455465000,2450,,,1
2023-07-24,00665L,富邦恒生國企正2,twse,7.47,7.47,7.24,7.32,36680795,269296867,-0.15,,455465000,3029,,,1
2023-07-25,00665L,富邦恒生國企正2,twse,7.68,7.85,7.64,7.81,55599458,430619136,0.49,,452465000,4539,,,1
2023-07-26,00665L,富邦恒生國企正2,twse,7.85,7.92,7.75,7.75,28503031,222952229,-0.06,,452465000,2251,,,1
2023-07-27,00665L,富邦恒生國企正2,twse,7.98,8.18,7.97,8.14,58133043,470218749,0.39,,439965000,3985,,,1
2023-07-28,00665L,富邦恒生國企正2,twse,7.90,8.46,7.83,8.43,54482158,446754877,0.29,,434965000,4466,,,1
2023-07-31,00665L,富邦恒生國企正2,twse,8.70,9.00,8.70,8.79,51696906,457483965,0.36,,429465000,5005,,,1
2023-08-01,00665L,富邦恒生國企正2,twse,8.93,9.00,8.59,8.63,46985141,414689450,-0.16,,429465000,3954,,,1
2023-08-02,00665L,富邦恒生國企正2,twse,8.47,8.65,8.18,8.22,52083300,436986384,-0.41,,429465000,5079,,,1
2023-08-04,00665L,富邦恒生國企正2,twse,8.46,8.56,8.24,8.38,44475475,374176957,0.16,,429465000,3772,,,1
2023-08-07,00665L,富邦恒生國企正2,twse,8.26,8.34,8.12,8.29,25413895,209595423,-0.09,,429465000,2548,,,1
2023-08-08,00665L,富邦恒生國企正2,twse,8.19,8.23,7.93,8.02,58398283,470198496,-0.27,,441965000,4643,,,1
2023-08-09,00665L,富邦恒生國企正2,twse,7.90,8.02,7.80,7.93,40235360,317521551,-0.09,,448465000,3904,,,1
2023-08-10,00665L,富邦恒生國企正2,twse,7.89,7.98,7.83,7.88,22628999,178660158,-0.05,,448465000,2313,,,1
2023-08-11,00665L,富邦恒生國企正2,twse,8.00,8.10,7.79,7.90,29384101,232971131,0.02,,450465000,2887,,,1
2023-08-14,00665L,富邦恒生國企正2,twse,7.60,7.60,7.35,7.39,63797101,475486710,-0.51,,451465000,5309,,,1
2023-08-15,00665L,富邦恒生國企正2,twse,7.47,7.55,7.38,7.38,32208694,240188732,-0.01,,451465000,2652,,,1
2023-08-16,00665L,富邦恒生國企正2,twse,7.22,7.32,7.16,7.21,31758525,229605306,-0.17,,459965000,3399,,,1
2023-08-17,00665L,富邦恒生國企正2,twse,7.00,7.24,6.89,7.13,54397901,381798740,-0.08,,465965000,4925,,,1
2023-08-18,00665L,富邦恒生國企正2,twse,7.01,7.23,6.94,6.98,35758709,253492913,-0.15,,465965000,3756,,,1
2023-08-21,00665L,富邦恒生國企正2,twse,6.82,6.86,6.66,6.69,64454991,435219995,-0.29,,472965000,5660,,,1
2023-08-22,00665L,富邦恒生國企正2,twse,6.73,6.81,6.62,6.63,45652471,305804298,-0.06,,484965000,4046,,,1
2023-08-23,00665L,富邦恒生國企正2,twse,6.72,6.88,6.68,6.88,29286265,198764391,0.25,,484965000,2963,,,1
2023-08-24,00665L,富邦恒生國企正2,twse,7.00,7.18,6.90,7.16,46919009,328734748,0.28,,484965000,3480,,,1
2023-08-25,00665L,富邦恒生國企正2,twse,7.01,7.04,6.96,6.96,26530663,185539654,-0.2,,484965000,2354,,,1
2023-08-28,00665L,富邦恒生國企正2,twse,7.22,7.46,7.12,7.13,50403702,368202356,0.17,,484965000,4269,,,1
2023-08-29,00665L,富邦恒生國企正2,twse,7.25,7.45,7.21,7.44,35372608,259160589,0.31,,484965000,2876,,,1
2023-08-30,00665L,富邦恒生國企正2,twse,7.62,7.62,7.38,7.39,31238310,234056922,-0.05,,484965000,2955,,,1
2023-08-31,00665L,富邦恒生國企正2,twse,7.46,7.49,7.26,7.26,24736575,182567871,-0.13,,484965000,2279,,,1
2023-09-01,00665L,富邦恒生國企正2,twse,7.28,7.39,7.28,7.39,9030069,66488219,0.13,,484965000,1023,,,1
2023-09-04,00665L,富邦恒生國企正2,twse,7.60,7.81,7.52,7.75,57965795,444599849,0.36,,478965000,4783,,,1
2023-09-05,00665L,富邦恒生國企正2,twse,7.70,7.72,7.54,7.58,29505154,224456623,-0.17,,478965000,2662,,,1
2023-09-06,00665L,富邦恒生國企正2,twse,7.45,7.47,7.27,7.40,36326470,267268070,-0.18,,478965000,3317,,,1
2023-09-07,00665L,富邦恒生國企正2,twse,7.44,7.51,7.31,7.32,19258338,142249488,-0.08,,478965000,2022,,,1
2023-09-08,00665L,富邦恒生國企正2,twse,7.16,7.16,7.13,7.14,12203914,87190869,-0.18,,478965000,1666,,,1
2023-09-11,00665L,富邦恒生國企正2,twse,7.13,7.28,7.05,7.26,40547258,289052672,0.12,,478965000,3061,,,1
2023-09-12,00665L,富邦恒生國企正2,twse,7.25,7.30,7.11,7.23,31639686,227915715,-0.03,,480465000,2459,,,1
2023-09-13,00665L,富邦恒生國企正2,twse,7.27,7.33,7.14,7.15,32034884,231090406,-0.08,,486965000,2543,,,1
2023-09-14,00665L,富邦恒生國企正2,twse,7.21,7.28,7.09,7.19,25958627,185988194,0.04,,491465000,2351,,,1
2023-09-15,00665L,富邦恒生國企正2,twse,7.30,7.45,7.21,7.39,46173484,339992015,0.2,,490965000,3669,,,1
2023-09-18,00665L,富邦恒生國企正2,twse,7.24,7.25,7.07,7.11,45095445,322882506,-0.28,,501465000,4247,,,1
2023-09-19,00665L,富邦恒生國企正2,twse,7.15,7.15,7.00,7.03,47244524,333682769,-0.08,,518965000,4042,,,1
2023-09-20,00665L,富邦恒生國企正2,twse,7.08,7.13,6.99,7.01,28322800,199609476,-0.02,,519965000,2265,,,1
2023-09-21,00665L,富邦恒生國企正2,twse,7.00,7.01,6.80,6.81,44368921,305202448,-0.2,,540465000,4473,,,1
2023-09-22,00665L,富邦恒生國企正2,twse,6.72,7.05,6.71,7.01,35695546,246102732,0.2,,540465000,2906,,,1
2023-09-25,00665L,富邦恒生國企正2,twse,7.16,7.19,6.97,6.99,37502479,264435456,-0.02,,550465000,2993,,,1
2023-09-26,00665L,富邦恒生國企正2,twse,6.89,6.92,6.73,6.76,48235199,328420346,-0.23,,571465000,4655,,,1
2023-09-27,00665L,富邦恒生國企正2,twse,6.73,6.86,6.70,6.76,22691401,153852714,0.0,,571465000,2107,,,1
2023-09-28,00665L,富邦恒生國企正2,twse,6.80,6.81,6.60,6.65,51513023,344136273,-0.11,,595465000,4218,,,1
2023-10-02,00665L,富邦恒生國企正2,twse,6.83,6.88,6.82,6.87,14875083,101819403,0.22,,595465000,1442,,,1
2023-10-03,00665L,富邦恒生國企正2,twse,6.78,6.80,6.41,6.43,68736473,448887085,-0.44,,632965000,6303,,,1
2023-10-04,00665L,富邦恒生國企正2,twse,6.43,6.47,6.31,6.31,31473746,200244499,-0.12,,632965000,2562,,,1
2023-10-05,00665L,富邦恒生國企正2,twse,6.37,6.45,6.35,6.41,21590844,138213082,0.1,,642965000,1748,,,1
2023-10-06,00665L,富邦恒生國企正2,twse,6.42,6.64,6.41,6.53,25489389,166764504,0.12,,641465000,2413,,,1
2023-10-11,00665L,富邦恒生國企正2,twse,6.83,6.95,6.83,6.92,47415484,326557105,0.39,,636965000,3173,,,1
2023-10-12,00665L,富邦恒生國企正2,twse,7.03,7.20,7.02,7.15,42952262,306380207,0.23,,630965000,2783,,,1
2023-10-13,00665L,富邦恒生國企正2,twse,6.89,6.97,6.84,6.85,31353010,215669785,-0.3,,627965000,2557,,,1
2023-10-16,00665L,富邦恒生國企正2,twse,6.76,6.85,6.70,6.70,21088623,142662050,-0.15,,627965000,1916,,,1
2023-10-17,00665L,富邦恒生國企正2,twse,6.83,6.84,6.67,6.72,22215514,150026453,0.02,,625465000,1722,,,1
2023-10-18,00665L,富邦恒生國企正2,twse,6.74,6.84,6.66,6.76,23777976,160613768,0.04,,620465000,1414,,,1
2023-10-19,00665L,富邦恒生國企正2,twse,6.60,6.61,6.42,6.42,42738681,277617805,-0.34,,620465000,3894,,,1
2023-10-20,00665L,富邦恒生國企正2,twse,6.36,6.41,6.22,6.31,35649285,225198617,-0.11,,620465000,2502,,,1
2023-10-23,00665L,富邦恒生國企正2,twse,6.22,6.24,6.17,6.18,13613356,84293168,-0.13,,620465000,1558,,,1
2023-10-24,00665L,富邦恒生國企正2,twse,6.21,6.24,6.05,6.13,59150614,363965566,-0.05,,620465000,3333,,,1
2023-10-25,00665L,富邦恒生國企正2,twse,6.48,6.57,6.28,6.30,50026195,321780991,0.17,,617465000,3422,,,1
2023-10-26,00665L,富邦恒生國企正2,twse,6.21,6.33,6.14,6.14,35152849,217893671,-0.16,,617465000,2561,,,1
2023-10-27,00665L,富邦恒生國企正2,twse,6.32,6.44,6.26,6.41,32528134,206622514,0.27,,617465000,2365,,,1
2023-10-30,00665L,富邦恒生國企正2,twse,6.36,6.47,6.33,6.36,23153700,147936231,-0.05,,617465000,1758,,,1
2023-10-31,00665L,富邦恒生國企正2,twse,6.44,6.44,6.18,6.18,29154333,183022068,-0.18,,617465000,2664,,,1
2023-11-01,00665L,富邦恒生國企正2,twse,6.27,6.32,6.15,6.20,35640479,222111772,0.02,,617465000,2256,,,1
2023-11-02,00665L,富邦恒生國企正2,twse,6.33,6.50,6.32,6.35,29717864,190086759,0.15,,617465000,2653,,,1
2023-11-03,00665L,富邦恒生國企正2,twse,6.47,6.58,6.42,6.55,38339649,249864840,0.2,,614465000,2617,,,1
2023-11-06,00665L,富邦恒生國企正2,twse,6.78,6.91,6.71,6.82,41127627,280946126,0.27,,604465000,3256,,,1
2023-11-07,00665L,富邦恒生國企正2,twse,6.75,6.82,6.66,6.67,20751804,139567633,-0.15,,601965000,1841,,,1
2023-11-08,00665L,富邦恒生國企正2,twse,6.71,6.74,6.64,6.64,15257859,101964083,-0.03,,601965000,1316,,,1
2023-11-09,00665L,富邦恒生國企正2,twse,6.62,6.65,6.51,6.54,26733331,175562996,-0.1,,601965000,2258,,,1
2023-11-10,00665L,富邦恒生國企正2,twse,6.45,6.45,6.30,6.31,39175834,248716601,-0.23,,601965000,3177,,,1
2023-11-13,00665L,富邦恒生國企正2,twse,6.38,6.41,6.23,6.29,29465145,185983035,-0.02,,602965000,1967,,,1
2023-11-14,00665L,富邦恒生國企正2,twse,6.51,6.55,6.40,6.42,31238059,202214318,0.13,,602965000,2184,,,1
2023-11-15,00665L,富邦恒生國企正2,twse,6.74,6.79,6.63,6.73,45201757,304113382,0.31,,599965000,2967,,,1
2023-11-16,00665L,富邦恒生國企正2,twse,7.01,7.02,6.60,6.69,59322083,403223335,-0.04,,599965000,3889,,,1
2023-11-17,00665L,富邦恒生國企正2,twse,6.52,6.52,6.36,6.36,49453182,317651136,-0.33,,604965000,4519,,,1
2023-11-20,00665L,富邦恒生國企正2,twse,6.46,6.60,6.43,6.59,33125446,215748624,0.23,,604965000,2432,,,1
2023-11-21,00665L,富邦恒生國企正2,twse,6.72,6.83,6.69,6.72,42608129,287657673,0.13,,604965000,2649,,,1
2023-11-22,00665L,富邦恒生國企正2,twse,6.47,6.58,6.46,6.56,32072863,209062387,-0.16,,604965000,2712,,,1
2023-11-23,00665L,富邦恒生國企正2,twse,6.50,6.59,6.48,6.51,26679651,173988640,-0.05,,604965000,1715,,,1
2023-11-24,00665L,富邦恒生國企正2,twse,6.66,6.68,6.49,6.52,25861979,169786675,0.01,,604965000,2091,,,1
2023-11-27,00665L,富邦恒生國企正2,twse,6.51,6.57,6.28,6.34,44199754,281259833,-0.18,,619965000,3854,,,1
2023-11-28,00665L,富邦恒生國企正2,twse,6.35,6.41,6.26,6.29,26014731,164616814,-0.05,,619965000,2157,,,1
2023-11-29,00665L,富邦恒生國企正2,twse,6.28,6.32,5.92,5.92,98173210,597023586,-0.37,,677965000,10002,,,1
2023-11-30,00665L,富邦恒生國企正2,twse,5.95,6.01,5.87,5.95,34994099,208256379,0.03,,682965000,2986,,,1
2023-12-01,00665L,富邦恒生國企正2,twse,6.00,6.01,5.84,5.87,38230373,226007031,-0.08,,688965000,3158,,,1
2023-12-04,00665L,富邦恒生國企正2,twse,5.85,5.92,5.72,5.74,53855512,311918839,-0.13,,695965000,3879,,,1
2023-12-05,00665L,富邦恒生國企正2,twse,5.67,5.71,5.51,5.52,65475888,365157638,-0.22,,703965000,4715,,,1
2023-12-06,00665L,富邦恒生國企正2,twse,5.52,5.68,5.45,5.68,42730224,237314326,0.16,,706465000,2942,,,1
2023-12-07,00665L,富邦恒生國企正2,twse,5.57,5.58,5.39,5.44,50995445,278450252,-0.24,,726465000,4366,,,1
2023-12-08,00665L,富邦恒生國企正2,twse,5.52,5.57,5.39,5.50,41288934,226280973,0.06,,735965000,2725,,,1
2023-12-11,00665L,富邦恒生國企正2,twse,5.42,5.43,5.17,5.20,73455941,385257679,-0.3,,743465000,5253,,,1
2023-12-12,00665L,富邦恒生國企正2,twse,5.38,5.49,5.32,5.48,46402344,251502025,0.28,,743465000,3340,,,1
2023-12-13,00665L,富邦恒生國企正2,twse,5.51,5.51,5.35,5.35,33449030,181047125,-0.13,,747465000,2238,,,1
2023-12-14,00665L,富邦恒生國企正2,twse,5.44,5.56,5.39,5.42,45006913,245751323,0.07,,747465000,2504,,,1
2023-12-15,00665L,富邦恒生國企正2,twse,5.54,5.77,5.53,5.61,58786934,332232328,0.19,,747465000,4346,,,1
2023-12-18,00665L,富邦恒生國企正2,twse,5.55,5.58,5.49,5.51,31018653,171429296,-0.1,,747465000,2122,,,1
2023-12-19,00665L,富邦恒生國企正2,twse,5.45,5.48,5.37,5.46,30600445,166036202,-0.05,,750465000,2190,,,1
2023-12-20,00665L,富邦恒生國企正2,twse,5.58,5.58,5.49,5.53,28339503,156828392,0.07,,750465000,1710,,,1
2023-12-21,00665L,富邦恒生國企正2,twse,5.31,5.48,5.30,5.48,39218234,210923743,-0.05,,750465000,2372,,,1
2023-12-22,00665L,富邦恒生國企正2,twse,5.54,5.60,5.22,5.29,63115782,342622212,-0.19,,750465000,4692,,,1
2023-12-25,00665L,富邦恒生國企正2,twse,5.33,5.34,5.29,5.33,9845073,52273630,0.04,,750465000,845,,,1
2023-12-26,00665L,富邦恒生國企正2,twse,5.33,5.38,5.31,5.31,7439984,39738819,-0.02,,750465000,724,,,1
2023-12-27,00665L,富邦恒生國企正2,twse,5.35,5.40,5.26,5.38,33289971,177454559,0.07,,755465000,2017,,,1
2023-12-28,00665L,富邦恒生國企正2,twse,5.40,5.61,5.35,5.61,39685711,218268664,0.23,,755465000,3031,,,1
2023-12-29,00665L,富邦恒生國企正2,twse,5.64,5.69,5.57,5.60,32128517,180581861,-0.01,,755465000,2288,,,1
2024-01-02,00665L,富邦恒生國企正2,twse,5.65,5.71,5.45,5.47,37534921,209147601,-0.13,,763465000,2662,,,1
2024-01-03,00665L,富邦恒生國企正2,twse,5.36,5.40,5.31,5.38,26028854,139490724,-0.09,,763465000,1768,,,1
2024-01-04,00665L,富邦恒生國企正2,twse,5.46,5.48,5.34,5.34,29016241,156545825,-0.04,,770465000,1566,,,1
2024-01-05,00665L,富邦恒生國企正2,twse,5.36,5.50,5.29,5.38,35128625,190007705,0.04,,770465000,2227,,,1
2024-01-08,00665L,富邦恒生國企正2,twse,5.33,5.36,5.06,5.06,74491617,385151222,-0.32,,796465000,6199,,,1
2024-01-09,00665L,富邦恒生國企正2,twse,5.14,5.20,5.07,5.08,28970976,148886073,0.02,,796465000,2112,,,1
2024-01-10,00665L,富邦恒生國企正2,twse,5.02,5.10,4.98,5.00,42259226,212282033,-0.08,,801465000,2860,,,1
2024-01-11,00665L,富邦恒生國企正2,twse,5.02,5.21,4.98,5.20,32955274,168000124,0.2,,801465000,2256,,,1
2024-01-12,00665L,富邦恒生國企正2,twse,5.10,5.21,5.06,5.15,26487124,135773885,-0.05,,801465000,1901,,,1
2024-01-15,00665L,富邦恒生國企正2,twse,5.12,5.15,5.00,5.05,49840492,252261276,-0.1,,810465000,2932,,,1
2024-01-16,00665L,富邦恒生國企正2,twse,5.01,5.06,4.85,4.86,76674237,378409634,-0.19,,815465000,5386,,,1
2024-01-17,00665L,富邦恒生國企正2,twse,4.82,4.84,4.53,4.53,120201803,558674755,-0.33,,845465000,7260,,,1
2024-01-18,00665L,富邦恒生國企正2,twse,4.50,4.58,4.44,4.50,71941872,324573577,-0.03,,855465000,3426,,,1
2024-01-19,00665L,富邦恒生國企正2,twse,4.58,4.61,4.48,4.48,61226523,277777667,-0.02,,870465000,2901,,,1
2024-01-22,00665L,富邦恒生國企正2,twse,4.55,4.59,4.23,4.24,105582693,460546058,-0.24,,914965000,5894,,,1
2024-01-23,00665L,富邦恒生國企正2,twse,4.32,4.56,4.26,4.53,102707994,454740301,0.29,,954965000,4818,,,1
2024-01-24,00665L,富邦恒生國企正2,twse,4.68,4.76,4.54,4.59,81504295,379223866,0.06,,999965000,4702,,,1
2024-01-25,00665L,富邦恒生國企正2,twse,4.93,5.07,4.78,5.07,117761284,581226498,0.48,,999965000,9583,,,1
2024-01-26,00665L,富邦恒生國企正2,twse,5.01,5.05,4.90,4.94,67837950,337715015,-0.13,,999965000,5066,,,1
2024-01-29,00665L,富邦恒生國企正2,twse,4.92,5.06,4.92,4.92,49291111,245543318,-0.02,,999965000,3293,,,1
2024-01-30,00665L,富邦恒生國企正2,twse,4.82,4.85,4.68,4.73,58381713,277713288,-0.19,,999965000,4606,,,1
2024-01-31,00665L,富邦恒生國企正2,twse,4.66,4.73,4.54,4.59,65633969,303252633,-0.14,,999965000,4981,,,1
2024-02-01,00665L,富邦恒生國企正2,twse,4.65,4.76,4.53,4.68,74707517,347928531,0.09,,999965000,5056,,,1
2024-02-02,00665L,富邦恒生國企正2,twse,4.67,4.81,4.61,4.64,57312791,270335361,-0.04,,999965000,3766,,,1
2024-02-05,00665L,富邦恒生國企正2,twse,4.57,4.70,4.44,4.69,71451425,325895150,0.05,,999965000,4721,,,1
2024-02-15,00665L,富邦恒生國企正2,twse,4.86,4.93,4.74,4.87,70766349,342948759,0.18,,999965000,4174,,,1
2024-02-16,00665L,富邦恒生國企正2,twse,4.91,5.16,4.87,5.16,81730660,409681183,0.29,,966965000,5205,,,1
2024-02-19,00665L,富邦恒生國企正2,twse,5.18,5.18,4.98,5.00,70826668,357477966,-0.16,,966965000,4402,,,1
2024-02-20,00665L,富邦恒生國企正2,twse,5.02,5.14,4.94,4.98,50583397,253669291,-0.02,,966465000,3504,,,1
2024-02-21,00665L,富邦恒生國企正2,twse,5.03,5.49,5.02,5.45,117855432,624560420,0.47,,917965000,7955,,,1
2024-02-22,00665L,富邦恒生國企正2,twse,5.33,5.47,5.27,5.47,64864477,347167037,0.02,,917965000,4840,,,1
2024-02-23,00665L,富邦恒生國企正2,twse,5.52,5.68,5.45,5.53,67691714,375098480,0.06,,913965000,5002,,,1
2024-02-26,00665L,富邦恒生國企正2,twse,5.54,5.61,5.45,5.53,45602073,251422860,0.0,,913965000,3496,,,1
2024-02-27,00665L,富邦恒生國企正2,twse,5.49,5.55,5.36,5.51,59944219,326702070,-0.02,,913965000,3761,,,1
2024-02-29,00665L,富邦恒生國企正2,twse,5.32,5.49,5.29,5.40,51738353,278612081,-0.11,,913965000,4287,,,1
2024-03-01,00665L,富邦恒生國企正2,twse,5.34,5.49,5.15,5.44,94487611,504220811,0.04,,913965000,5889,,,1
2024-03-04,00665L,富邦恒生國企正2,twse,5.52,5.53,5.34,5.37,60530298,328091615,-0.07,,913965000,4065,,,1
2024-03-05,00665L,富邦恒生國企正2,twse,5.28,5.33,5.15,5.17,98353507,514230670,-0.2,,918965000,7064,,,1
2024-03-06,00665L,富邦恒生國企正2,twse,5.17,5.42,5.15,5.36,78625125,416334438,0.19,,918965000,4662,,,1
2024-03-07,00665L,富邦恒生國企正2,twse,5.39,5.44,5.30,5.31,43010134,230210181,-0.05,,918965000,2988,,,1
2024-03-08,00665L,富邦恒生國企正2,twse,5.31,5.40,5.24,5.34,54550701,289983823,0.03,,918965000,3075,,,1
2024-03-11,00665L,富邦恒生國企正2,twse,5.30,5.48,5.30,5.45,52289604,283646748,0.11,,914465000,3052,,,1
2024-03-12,00665L,富邦恒生國企正2,twse,5.53,5.77,5.48,5.76,99043758,556179975,0.31,,902465000,5947,,,1
2024-03-13,00665L,富邦恒生國企正2,twse,5.82,5.89,5.76,5.86,66424417,386976660,0.1,,877465000,4749,,,1
2024-03-14,00665L,富邦恒生國企正2,twse,5.85,5.93,5.73,5.74,53674807,312694169,-0.12,,874965000,3539,,,1
2024-03-15,00665L,富邦恒生國企正2,twse,5.66,5.69,5.48,5.49,86526418,481898751,-0.25,,874965000,5399,,,1
2024-03-18,00665L,富邦恒生國企正2,twse,5.58,5.69,5.55,5.67,47980599,269762066,0.18,,874965000,2933,,,1
2024-03-19,00665L,富邦恒生國企正2,twse,5.63,5.65,5.50,5.56,54983718,306378932,-0.11,,874965000,3440,,,1
2024-03-20,00665L,富邦恒生國企正2,twse,5.61,5.67,5.49,5.60,65629711,366323936,0.04,,874965000,3368,,,1
2024-03-21,00665L,富邦恒生國企正2,twse,5.73,5.88,5.70,5.78,72508492,419467596,0.18,,861465000,4056,,,1
2024-03-22,00665L,富邦恒生國企正2,twse,5.70,5.72,5.42,5.48,124412343,690496196,-0.3,,906965000,7824,,,1
2024-03-25,00665L,富邦恒生國企正2,twse,5.50,5.61,5.50,5.55,55867295,310424980,0.07,,906965000,2393,,,1
2024-03-26,00665L,富邦恒生國企正2,twse,5.51,5.64,5.51,5.57,44504930,248517881,0.02,,906965000,2479,,,1
2024-03-27,00665L,富邦恒生國企正2,twse,5.60,5.63,5.47,5.50,49630046,275115025,-0.07,,906965000,3119,,,1
2024-03-28,00665L,富邦恒生國企正2,twse,5.55,5.73,5.47,5.69,85136376,478351349,0.19,,900965000,3985,,,1
2024-03-29,00665L,富邦恒生國企正2,twse,5.66,5.67,5.62,5.65,11449594,64718601,-0.04,,900965000,1043,,,1
2024-04-01,00665L,富邦恒生國企正2,twse,5.67,5.83,5.67,5.83,37348402,215379072,0.18,,900965000,2375,,,1
2024-04-02,00665L,富邦恒生國企正2,twse,5.86,5.94,5.77,5.90,74643565,439153771,0.07,,882465000,3584,,,1
2024-04-03,00665L,富邦恒生國企正2,twse,5.90,5.93,5.77,5.79,74073031,431720077,-0.11,,882465000,3308,,,1
2024-04-08,00665L,富邦恒生國企正2,twse,5.76,5.85,5.63,5.74,68707528,393275419,-0.05,,882465000,3755,,,1
2024-04-09,00665L,富邦恒生國企正2,twse,5.75,5.91,5.75,5.77,38708972,225258573,0.03,,877965000,2260,,,1
2024-04-10,00665L,富邦恒生國企正2,twse,5.84,6.04,5.84,6.02,72024843,428087070,0.25,,852465000,4254,,,1
2024-04-11,00665L,富邦恒生國企正2,twse,5.86,5.99,5.76,5.98,63776543,374369281,-0.04,,851465000,3800,,,1
2024-04-12,00665L,富邦恒生國企正2,twse,5.96,5.97,5.81,5.85,63868229,374857366,-0.13,,851465000,3554,,,1
2024-04-15,00665L,富邦恒生國企正2,twse,5.61,5.75,5.58,5.73,70428871,399045360,-0.12,,851465000,4283,,,1
2024-04-16,00665L,富邦恒生國企正2,twse,5.63,5.66,5.52,5.58,71016960,396242826,-0.15,,856465000,4385,,,1
2024-04-17,00665L,富邦恒生國企正2,twse,5.55,5.59,5.48,5.49,67710618,374008548,-0.09,,871465000,3584,,,1
2024-04-18,00665L,富邦恒生國企正2,twse,5.54,5.70,5.50,5.62,53955028,302054316,0.13,,871465000,3109,,,1
2024-04-19,00665L,富邦恒生國企正2,twse,5.58,5.61,5.40,5.49,81000277,443949304,-0.13,,871465000,4614,,,1
2024-04-22,00665L,富邦恒生國企正2,twse,5.61,5.78,5.58,5.72,69437188,395676069,0.23,,855965000,3659,,,1
2024-04-23,00665L,富邦恒生國企正2,twse,5.82,5.90,5.74,5.90,59523284,347483075,0.18,,836965000,3590,,,1
2024-04-24,00665L,富邦恒生國企正2,twse,5.96,6.17,5.95,6.16,83838129,509146279,0.26,,812965000,5124,,,1
2024-04-25,00665L,富邦恒生國企正2,twse,6.18,6.38,6.12,6.25,73754335,460097999,0.09,,784965000,4492,,,1
2024-04-26,00665L,富邦恒生國企正2,twse,6.28,6.61,6.27,6.61,81454280,526077043,0.36,,770965000,5063,,,1
2024-04-29,00665L,富邦恒生國企正2,twse,6.61,6.79,6.53,6.63,110886907,736288328,0.02,,757465000,5797,,,1
2024-04-30,00665L,富邦恒生國企正2,twse,6.59,6.70,6.54,6.55,55864203,369760043,-0.08,,757465000,3487,,,1
2024-05-02,00665L,富邦恒生國企正2,twse,6.51,6.91,6.42,6.91,80312757,541937614,0.36,,752465000,5133,,,1
2024-05-03,00665L,富邦恒生國企正2,twse,7.16,7.24,7.02,7.11,73317008,523638654,0.2,,752465000,5574,,,1
2024-05-06,00665L,富邦恒生國企正2,twse,7.25,7.25,7.05,7.06,57691339,410919127,-0.05,,752465000,4484,,,1
2024-05-07,00665L,富邦恒生國企正2,twse,7.15,7.22,7.04,7.12,43529511,310091182,0.06,,752465000,3481,,,1
2024-05-08,00665L,富邦恒生國企正2,twse,7.08,7.20,7.00,7.00,55417994,393125272,-0.12,,752465000,4415,,,1
2024-05-09,00665L,富邦恒生國企正2,twse,6.96,7.16,6.95,7.12,52396825,370753670,0.12,,752465000,3818,,,1
2024-05-10,00665L,富邦恒生國企正2,twse,7.23,7.53,7.23,7.52,91886536,675800631,0.4,,752465000,6327,,,1
2024-05-13,00665L,富邦恒生國企正2,twse,7.51,7.62,7.36,7.62,70103937,524531882,0.1,,752465000,5163,,,1
2024-05-14,00665L,富邦恒生國企正2,twse,7.70,7.78,7.58,7.62,58712626,450386302,0.0,,752465000,4841,,,1
2024-05-15,00665L,富邦恒生國企正2,twse,7.60,7.62,7.52,7.54,24694914,186677847,-0.08,,752465000,2597,,,1
2024-05-16,00665L,富邦恒生國企正2,twse,7.61,7.80,7.55,7.80,66524317,511107848,0.26,,752465000,4205,,,1
2024-05-17,00665L,富邦恒生國企正2,twse,7.97,8.00,7.80,7.85,79128282,627154450,0.05,,752465000,5268,,,1
2024-05-20,00665L,富邦恒生國企正2,twse,8.08,8.09,7.98,8.05,53756304,432130192,0.2,,752465000,4272,,,1
2024-05-21,00665L,富邦恒生國企正2,twse,7.97,7.97,7.72,7.77,85812894,670968962,-0.28,,773465000,7006,,,1
2024-05-22,00665L,富邦恒生國企正2,twse,7.72,7.84,7.66,7.77,46101497,357062109,0.0,,773465000,3709,,,1
2024-05-23,00665L,富邦恒生國企正2,twse,7.67,7.67,7.34,7.38,95091611,710828427,-0.39,,773465000,8295,,,1
2024-05-24,00665L,富邦恒生國企正2,twse,7.22,7.44,7.18,7.20,70628919,513348066,-0.18,,779465000,5841,,,1
2024-05-27,00665L,富邦恒生國企正2,twse,7.23,7.32,7.12,7.29,67167707,486000925,0.09,,779465000,4784,,,1
2024-05-28,00665L,富邦恒生國企正2,twse,7.38,7.51,7.32,7.39,57629422,427690326,0.1,,779465000,4278,,,1
2024-05-29,00665L,富邦恒生國企正2,twse,7.32,7.32,7.14,7.14,70617959,508653651,-0.25,,801465000,5654,,,1
2024-05-30,00665L,富邦恒生國企正2,twse,7.04,7.14,6.86,6.87,87993602,614286459,-0.27,,830965000,7634,,,1
2024-05-31,00665L,富邦恒生國企正2,twse,7.02,7.16,6.99,6.99,49037351,346456449,0.12,,830965000,3846,,,1
2024-06-03,00665L,富邦恒生國企正2,twse,6.88,7.11,6.85,7.09,93707517,653484407,0.1,,828965000,5152,,,1
2024-06-04,00665L,富邦恒生國企正2,twse,6.99,7.11,6.89,7.08,62159456,435107515,-0.01,,828965000,4025,,,1
2024-06-05,00665L,富邦恒生國企正2,twse,7.11,7.29,7.07,7.14,58413357,419347782,0.06,,831965000,4118,,,1
2024-06-06,00665L,富邦恒生國企正2,twse,7.15,7.27,7.06,7.06,74716328,534173326,-0.08,,853465000,4709,,,1
2024-06-07,00665L,富邦恒生國企正2,twse,7.14,7.16,6.96,6.96,96442916,681221385,-0.1,,853465000,4711,,,1
2024-06-11,00665L,富邦恒生國企正2,twse,6.95,6.95,6.72,6.75,87554118,595801438,-0.21,,860465000,5527,,,1
2024-06-12,00665L,富邦恒生國企正2,twse,6.78,6.83,6.66,6.72,53283560,358447761,-0.03,,860965000,3558,,,1
2024-06-13,00665L,富邦恒生國企正2,twse,6.77,6.87,6.73,6.76,41818175,283896688,0.04,,860965000,3055,,,1
2024-06-14,00665L,富邦恒生國企正2,twse,6.75,6.87,6.73,6.78,38818008,263780600,0.02,,860965000,2827,,,1
2024-06-17,00665L,富邦恒生國企正2,twse,6.68,6.90,6.58,6.79,72569872,488549682,0.01,,860965000,4843,,,1
2024-06-18,00665L,富邦恒生國企正2,twse,6.85,6.85,6.72,6.75,55964465,379855989,-0.04,,860965000,3209,,,1
2024-06-19,00665L,富邦恒生國企正2,twse,6.80,7.09,6.80,7.09,80326748,559465174,0.34,,860965000,4910,,,1
2024-06-20,00665L,富邦恒生國企正2,twse,7.15,7.27,7.11,7.14,55124034,396000961,0.05,,860965000,4199,,,1
2024-06-21,00665L,富邦恒生國企正2,twse,7.07,7.07,6.83,6.86,89781861,622072683,-0.28,,873465000,6103,,,1
2024-06-24,00665L,富邦恒生國企正2,twse,6.81,6.86,6.71,6.76,51444714,348447064,-0.1,,873465000,3780,,,1
2024-06-25,00665L,富邦恒生國企正2,twse,6.92,7.05,6.90,7.00,54000809,376035462,0.24,,873465000,3496,,,1
2024-06-26,00665L,富邦恒生國企正2,twse,6.91,7.00,6.83,6.97,47095603,325120142,-0.03,,873465000,3110,,,1
2024-06-27,00665L,富邦恒生國企正2,twse,6.93,6.93,6.62,6.62,99795524,674300537,-0.35,,894465000,7326,,,1
2024-06-28,00665L,富邦恒生國企正2,twse,6.58,6.77,6.52,6.71,65721294,437275213,0.09,,894465000,4159,,,1
2024-07-01,00665L,富邦恒生國企正2,twse,6.66,6.67,6.60,6.63,16738251,111047558,-0.08,,894465000,1671,,,1
2024-07-02,00665L,富邦恒生國企正2,twse,6.65,6.91,6.59,6.77,70325176,476997786,0.14,,894465000,3880,,,1
2024-07-03,00665L,富邦恒生國企正2,twse,6.82,6.99,6.80,6.93,65263369,449759864,0.16,,894465000,3687,,,1
2024-07-04,00665L,富邦恒生國企正2,twse,7.03,7.13,6.97,6.97,50951523,359233653,0.04,,894465000,3429,,,1
2024-07-05,00665L,富邦恒生國企正2,twse,7.03,7.10,6.83,6.85,50653448,351666599,-0.12,,894465000,3304,,,1
2024-07-08,00665L,富邦恒生國企正2,twse,6.81,6.88,6.69,6.70,56635018,382536177,-0.15,,894465000,3557,,,1
2024-07-09,00665L,富邦恒生國企正2,twse,6.70,6.73,6.60,6.69,52953483,352844201,-0.01,,894465000,3128,,,1
2024-07-10,00665L,富邦恒生國企正2,twse,6.77,6.92,6.70,6.70,56985062,387941583,0.01,,894465000,3412,,,1
2024-07-11,00665L,富邦恒生國企正2,twse,6.77,6.90,6.77,6.82,46049873,314179955,0.12,,891465000,2541,,,1
2024-07-12,00665L,富邦恒生國企正2,twse,6.96,7.22,6.96,7.22,89746727,638169983,0.4,,885465000,5871,,,1
2024-07-15,00665L,富邦恒生國企正2,twse,7.22,7.22,7.02,7.06,65353973,464988035,-0.16,,885465000,4226,,,1
2024-07-16,00665L,富邦恒生國企正2,twse,6.94,6.95,6.82,6.82,65168020,447596758,-0.24,,885465000,5020,,,1
2024-07-17,00665L,富邦恒生國企正2,twse,6.88,6.90,6.73,6.74,69107283,469855830,-0.08,,895465000,4365,,,1
2024-07-18,00665L,富邦恒生國企正2,twse,6.71,6.83,6.65,6.80,59097905,398426315,0.06,,901465000,3704,,,1
2024-07-19,00665L,富邦恒生國企正2,twse,6.69,6.70,6.45,6.46,112346544,736499973,-0.34,,942465000,8150,,,1
2024-07-22,00665L,富邦恒生國企正2,twse,6.48,6.64,6.40,6.57,51283911,334706109,0.11,,942465000,3417,,,1
2024-07-23,00665L,富邦恒生國企正2,twse,6.70,6.72,6.59,6.60,31850163,211776263,0.03,,943465000,2235,,,1
2024-07-26,00665L,富邦恒生國企正2,twse,6.27,6.34,6.09,6.15,84243900,521989023,-0.45,,945965000,6506,,,1
2024-07-29,00665L,富邦恒生國企正2,twse,6.22,6.38,6.22,6.37,44763986,282186354,0.22,,945965000,2938,,,1
2024-07-30,00665L,富邦恒生國企正2,twse,6.28,6.28,6.08,6.08,56968370,350658667,-0.29,,949465000,4079,,,1
2024-07-31,00665L,富邦恒生國企正2,twse,6.10,6.38,6.10,6.36,42773970,267854560,0.28,,947465000,2950,,,1
2024-08-01,00665L,富邦恒生國企正2,twse,6.36,6.38,6.25,6.29,45413249,286553802,-0.07,,947465000,2440,,,1
2024-08-02,00665L,富邦恒生國企正2,twse,6.12,6.14,6.01,6.01,53648157,325970853,-0.28,,947465000,4291,,,1
2024-08-05,00665L,富邦恒生國企正2,twse,5.93,6.08,5.82,5.82,89664563,531422723,-0.19,,948465000,4694,,,1
2024-08-06,00665L,富邦恒生國企正2,twse,5.96,6.06,5.79,5.80,59010109,349423756,-0.02,,948465000,3094,,,1
2024-08-07,00665L,富邦恒生國企正2,twse,5.83,6.04,5.83,6.03,43018231,254896759,0.23,,948465000,2434,,,1
2024-08-08,00665L,富邦恒生國企正2,twse,5.84,6.06,5.80,6.04,48274868,286889040,0.01,,948465000,2836,,,1
2024-08-09,00665L,富邦恒生國企正2,twse,6.12,6.22,6.07,6.11,58807979,361255512,0.07,,943465000,2897,,,1
2024-08-12,00665L,富邦恒生國企正2,twse,6.09,6.13,6.02,6.10,38180516,232346370,-0.01,,943465000,2002,,,1
2024-08-13,00665L,富邦恒生國企正2,twse,6.14,6.22,6.08,6.12,33697932,206842596,0.02,,943465000,1859,,,1
2024-08-14,00665L,富邦恒生國企正2,twse,6.20,6.22,6.04,6.06,34162410,209221626,-0.06,,943465000,2173,,,1
2024-08-15,00665L,富邦恒生國企正2,twse,6.03,6.24,5.96,6.11,44497919,271970842,0.05,,943465000,3061,,,1
2024-08-16,00665L,富邦恒生國企正2,twse,6.22,6.37,6.21,6.37,58358192,367658017,0.26,,939465000,3343,,,1
2024-08-19,00665L,富邦恒生國企正2,twse,6.43,6.56,6.43,6.46,40773161,264724423,0.09,,936965000,2710,,,1
2024-08-20,00665L,富邦恒生國企正2,twse,6.56,6.57,6.37,6.37,44862582,288789366,-0.09,,936965000,2964,,,1
2024-08-21,00665L,富邦恒生國企正2,twse,6.28,6.30,6.16,6.25,49700143,309468855,-0.12,,936965000,3112,,,1
2024-08-22,00665L,富邦恒生國企正2,twse,6.35,6.38,6.26,6.32,28124706,177699233,0.07,,936965000,1900,,,1
2024-08-23,00665L,富邦恒生國企正2,twse,6.33,6.42,6.31,6.41,27737202,176595007,0.09,,936965000,1805,,,1
2024-08-26,00665L,富邦恒生國企正2,twse,6.48,6.56,6.47,6.48,32817198,213698169,0.07,,936965000,2051,,,1
2024-08-27,00665L,富邦恒生國企正2,twse,6.44,6.56,6.41,6.53,30719626,199245462,0.05,,931965000,1748,,,1
2024-08-28,00665L,富邦恒生國企正2,twse,6.57,6.59,6.40,6.40,35938108,232906901,-0.13,,931965000,2103,,,1
2024-08-29,00665L,富邦恒生國企正2,twse,6.40,6.40,6.26,6.37,41505718,262853056,-0.03,,931965000,2438,,,1
2024-08-30,00665L,富邦恒生國企正2,twse,6.45,6.75,6.44,6.75,83419283,552285777,0.38,,925965000,5167,,,1
2024-09-02,00665L,富邦恒生國企正2,twse,6.59,6.59,6.40,6.43,69699629,451684428,-0.32,,926965000,4355,,,1
2024-09-03,00665L,富邦恒生國企正2,twse,6.43,6.46,6.35,6.36,28975393,185189210,-0.07,,926965000,1862,,,1
2024-09-04,00665L,富邦恒生國企正2,twse,6.30,6.35,6.18,6.25,53190180,333244149,-0.11,,926965000,3712,,,1
2024-09-05,00665L,富邦恒生國企正2,twse,6.28,6.33,6.14,6.16,41567200,258699762,-0.09,,926965000,2727,,,1
2024-09-06,00665L,富邦恒生國企正2,twse,6.18,6.23,6.15,6.18,10834779,67127387,0.02,,926965000,877,,,1
2024-09-09,00665L,富邦恒生國企正2,twse,6.09,6.11,5.95,5.96,46254828,277857093,-0.22,,936965000,3548,,,1
2024-09-10,00665L,富邦恒生國企正2,twse,6.03,6.11,5.98,6.07,24579470,148464736,0.11,,936965000,1990,,,1
2024-09-11,00665L,富邦恒生國企正2,twse,6.02,6.02,5.87,5.87,42517029,251835521,-0.2,,937465000,3272,,,1
2024-09-12,00665L,富邦恒生國企正2,twse,6.03,6.14,5.98,6.14,30189791,183060156,0.27,,935465000,2413,,,1
2024-09-13,00665L,富邦恒生國企正2,twse,6.12,6.28,6.07,6.19,31111851,192768728,0.05,,935465000,2211,,,1
2024-09-16,00665L,富邦恒生國企正2,twse,6.14,6.15,6.01,6.13,25570844,155341514,-0.06,,935465000,1914,,,1
2024-09-18,00665L,富邦恒生國企正2,twse,6.32,6.33,6.23,6.24,20486299,128768668,0.11,,935465000,1362,,,1
2024-09-19,00665L,富邦恒生國企正2,twse,6.29,6.63,6.27,6.59,71630931,462363158,0.35,,929465000,4400,,,1
2024-09-20,00665L,富邦恒生國企正2,twse,6.67,6.86,6.59,6.74,75029204,506711224,0.15,,908465000,4410,,,1
2024-09-23,00665L,富邦恒生國企正2,twse,6.74,6.93,6.73,6.86,37818115,259466868,0.12,,895965000,2579,,,1
2024-09-24,00665L,富邦恒生國企正2,twse,6.92,7.46,6.92,7.41,114573648,825122527,0.55,,869465000,7787,,,1
2024-09-25,00665L,富邦恒生國企正2,twse,8.00,8.11,7.71,7.73,133813164,1058698359,0.32,,835965000,8126,,,1
2024-09-26,00665L,富邦恒生國企正2,twse,7.75,8.08,7.61,8.08,87300250,688684111,0.35,,814965000,6047,,,1
2024-09-27,00665L,富邦恒生國企正2,twse,8.55,8.88,8.45,8.56,179434661,1555988166,0.48,,770965000,10670,,,1
2024-09-30,00665L,富邦恒生國企正2,twse,8.98,9.40,8.83,9.35,148245790,1352765041,0.79,,731965000,12175,,,1
2024-10-01,00665L,富邦恒生國企正2,twse,8.93,9.10,8.78,8.83,74077025,660204426,-0.52,,731965000,7802,,,1
2024-10-04,00665L,富邦恒生國企正2,twse,9.88,10.86,9.88,10.86,178554894,1861182115,2.03,,716465000,16052,,,1
2024-10-07,00665L,富邦恒生國企正2,twse,11.40,11.78,11.04,11.37,163532882,1847825742,0.51,,720465000,15565,,,1
2024-10-08,00665L,富邦恒生國企正2,twse,11.80,11.84,9.13,9.74,275177649,2846795296,-1.63,,740965000,22370,,,1
2024-10-09,00665L,富邦恒生國企正2,twse,9.50,9.66,8.41,9.22,229470693,2084427041,-0.52,,792465000,20236,,,1
2024-10-11,00665L,富邦恒生國企正2,twse,9.40,9.49,9.05,9.12,56573616,523008101,-0.1,,792465000,6053,,,1
2024-10-14,00665L,富邦恒生國企正2,twse,9.12,9.50,8.92,9.50,105406034,973332426,0.38,,792465000,10274,,,1
2024-10-15,00665L,富邦恒生國企正2,twse,9.26,9.27,8.86,8.86,79345781,720374924,-0.64,,796465000,8992,,,1
2024-10-16,00665L,富邦恒生國企正2,twse,8.39,8.77,8.35,8.69,84773057,726536915,-0.17,,815465000,7777,,,1
2024-10-17,00665L,富邦恒生國企正2,twse,8.67,8.99,8.61,8.62,71887887,628608112,-0.07,,840965000,6189,,,1
2024-10-18,00665L,富邦恒生國企正2,twse,8.31,8.78,8.25,8.69,86761198,733268690,0.07,,845465000,7650,,,1
2024-10-21,00665L,富邦恒生國企正2,twse,9.02,9.04,8.71,8.71,86199098,766965752,0.02,,866965000,6905,,,1
2024-10-22,00665L,富邦恒生國企正2,twse,8.65,8.82,8.55,8.69,52078809,453532521,-0.02,,870465000,4759,,,1
2024-10-23,00665L,富邦恒生國企正2,twse,8.80,9.13,8.68,9.06,73720858,657258654,0.37,,870465000,6355,,,1
2024-10-24,00665L,富邦恒生國企正2,twse,8.85,8.87,8.68,8.68,82936616,727951097,-0.38,,881465000,7568,,,1
2024-10-25,00665L,富邦恒生國企正2,twse,8.65,8.92,8.64,8.86,48491048,426363335,0.18,,881465000,3943,,,1
2024-10-28,00665L,富邦恒生國企正2,twse,8.75,8.83,8.60,8.75,75363674,657158274,-0.11,,884465000,4835,,,1
2024-10-29,00665L,富邦恒生國企正2,twse,8.90,9.01,8.70,8.75,68813796,610035988,0.0,,884465000,5569,,,1
2024-10-30,00665L,富邦恒生國企正2,twse,8.83,8.85,8.38,8.41,91368181,783496801,-0.34,,901965000,7548,,,1
2024-11-01,00665L,富邦恒生國企正2,twse,8.46,8.71,8.45,8.60,52593587,451320546,0.19,,901965000,3832,,,1
2024-11-04,00665L,富邦恒生國企正2,twse,8.59,8.67,8.50,8.50,31556920,270465990,-0.1,,901965000,2776,,,1
2024-11-05,00665L,富邦恒生國企正2,twse,8.59,8.95,8.47,8.90,70194649,612648727,0.4,,901965000,5727,,,1
2024-11-06,00665L,富邦恒生國企正2,twse,9.02,9.03,8.51,8.55,95886760,836760345,-0.35,,914965000,8568,,,1
2024-11-07,00665L,富邦恒生國企正2,twse,8.59,8.95,8.51,8.85,66086291,580020085,0.3,,914965000,5063,,,1
2024-11-08,00665L,富邦恒生國企正2,twse,9.37,9.45,8.83,9.01,105040803,963319098,0.16,,912965000,8220,,,1
2024-11-11,00665L,富邦恒生國企正2,twse,8.55,8.65,8.38,8.60,121625225,1034963509,-0.41,,957965000,9908,,,1
2024-11-12,00665L,富邦恒生國企正2,twse,8.54,8.74,8.14,8.14,101874547,855941992,-0.46,,958965000,9895,,,1
2024-11-13,00665L,富邦恒生國企正2,twse,7.96,8.05,7.90,7.93,78538201,625439016,-0.21,,958965000,6195,,,1
2024-11-14,00665L,富邦恒生國企正2,twse,7.96,8.12,7.83,7.86,65125465,519197348,-0.07,,958965000,5479,,,1
2024-11-15,00665L,富邦恒生國企正2,twse,7.79,7.93,7.70,7.89,74178396,580232238,0.03,,955465000,5285,,,1
2024-11-18,00665L,富邦恒生國企正2,twse,7.80,8.09,7.78,7.97,46691037,371122320,0.08,,945465000,3859,,,1
2024-11-19,00665L,富邦恒生國企正2,twse,8.04,8.11,7.90,7.90,38252045,306003880,-0.07,,945465000,3049,,,1
2024-11-20,00665L,富邦恒生國企正2,twse,7.94,8.06,7.91,8.00,33961813,270737190,0.1,,945465000,2284,,,1
2024-11-21,00665L,富邦恒生國企正2,twse,7.98,8.04,7.94,7.95,28617131,228223896,-0.05,,943465000,1810,,,1
2024-11-22,00665L,富邦恒生國企正2,twse,7.93,7.98,7.61,7.64,72901644,568956843,-0.31,,945465000,5166,,,1
2024-11-25,00665L,富邦恒生國企正2,twse,7.59,7.68,7.45,7.50,51482320,388862023,-0.14,,945465000,3917,,,1
2024-11-26,00665L,富邦恒生國企正2,twse,7.49,7.60,7.35,7.52,44657222,334613197,0.02,,944465000,2928,,,1
2024-11-27,00665L,富邦恒生國企正2,twse,7.52,7.58,7.39,7.53,49987769,374709887,0.01,,942465000,2894,,,1
2024-11-28,00665L,富邦恒生國企正2,twse,7.85,7.87,7.58,7.62,41797217,321867894,0.09,,942465000,3293,,,1
2024-11-29,00665L,富邦恒生國企正2,twse,7.63,7.88,7.58,7.73,58507871,452499517,0.11,,936465000,3814,,,1
2024-12-02,00665L,富邦恒生國企正2,twse,7.78,7.91,7.66,7.73,48108962,373588955,0.0,,930465000,3385,,,1
2024-12-03,00665L,富邦恒生國企正2,twse,7.82,7.88,7.67,7.84,55705779,434862978,0.11,,930465000,3407,,,1
2024-12-04,00665L,富邦恒生國企正2,twse,7.92,8.05,7.85,8.02,36952600,294420603,0.18,,920465000,2861,,,1
2024-12-05,00665L,富邦恒生國企正2,twse,7.88,7.88,7.73,7.76,59153778,461165928,-0.26,,928465000,4106,,,1
2024-12-06,00665L,富邦恒生國企正2,twse,7.80,8.10,7.80,8.03,49827280,397359774,0.27,,923465000,3648,,,1
2024-12-09,00665L,富邦恒生國企正2,twse,8.02,8.17,7.94,8.01,36945206,296545981,-0.02,,921465000,2703,,,1
2024-12-10,00665L,富邦恒生國企正2,twse,9.02,9.26,8.67,8.69,164834084,1480090005,0.68,,906965000,11661,,,1
2024-12-11,00665L,富邦恒生國企正2,twse,8.56,8.66,8.42,8.46,41483217,353718125,-0.23,,906965000,4034,,,1
2024-12-12,00665L,富邦恒生國企正2,twse,8.41,8.70,8.34,8.59,66884213,568157228,0.13,,903965000,5208,,,1
2024-12-13,00665L,富邦恒生國企正2,twse,8.42,8.45,8.20,8.21,70601292,586873106,-0.38,,903965000,5346,,,1
2024-12-16,00665L,富邦恒生國企正2,twse,8.17,8.27,8.06,8.07,31856872,259486518,-0.14,,903965000,3196,,,1
2024-12-17,00665L,富邦恒生國企正2,twse,7.98,8.11,7.94,8.11,45726192,365827134,0.04,,903965000,4109,,,1
2024-12-18,00665L,富邦恒生國企正2,twse,8.13,8.23,8.11,8.21,34735458,283948732,0.1,,903965000,2543,,,1
2024-12-19,00665L,富邦恒生國企正2,twse,8.00,8.09,7.93,8.09,33737173,270190586,-0.12,,902965000,2936,,,1
2024-12-20,00665L,富邦恒生國企正2,twse,8.05,8.23,8.01,8.12,31673887,257786055,0.03,,901465000,2482,,,1
2024-12-23,00665L,富邦恒生國企正2,twse,8.18,8.25,8.11,8.21,28157565,230344877,0.09,,901465000,2149,,,1
2024-12-24,00665L,富邦恒生國企正2,twse,8.27,8.50,8.26,8.49,49813470,419286438,0.28,,901465000,3790,,,1
2024-12-25,00665L,富邦恒生國企正2,twse,8.53,8.60,8.50,8.54,16911155,144569162,0.05,,901465000,1787,,,1
2024-12-26,00665L,富邦恒生國企正2,twse,8.54,8.56,8.48,8.49,9936160,84607251,-0.05,,901465000,1145,,,1
2024-12-27,00665L,富邦恒生國企正2,twse,8.53,8.55,8.38,8.47,31230865,264158405,-0.02,,896965000,2339,,,1
2024-12-30,00665L,富邦恒生國企正2,twse,8.47,8.54,8.33,8.37,38781811,326109391,-0.1,,896965000,2523,,,1
2024-12-31,00665L,富邦恒生國企正2,twse,8.33,8.49,8.30,8.41,30911683,260021436,0.04,,896965000,2449,,,1
2025-01-02,00665L,富邦恒生國企正2,twse,8.31,8.36,7.96,8.09,75549340,616405385,-0.32,,894465000,5497,,,1
2025-01-03,00665L,富邦恒生國企正2,twse,8.02,8.25,8.00,8.09,44410625,360274503,0.0,,887465000,3256,,,1
2025-01-06,00665L,富邦恒生國企正2,twse,8.16,8.26,8.08,8.09,31914065,260543169,0.0,,882965000,2302,,,1
2025-01-07,00665L,富邦恒生國企正2,twse,8.10,8.10,7.68,7.72,68818503,541134280,-0.37,,882965000,6601,,,1
2025-01-08,00665L,富邦恒生國企正2,twse,7.82,7.95,7.66,7.70,26748143,208413526,-0.02,,882965000,2895,,,1
2025-01-09,00665L,富邦恒生國企正2,twse,7.75,7.89,7.73,7.78,22935843,178951322,0.08,,880465000,1799,,,1
2025-01-10,00665L,富邦恒生國企正2,twse,7.75,7.84,7.62,7.65,22252889,171705506,-0.13,,880465000,2017,,,1
2025-01-13,00665L,富邦恒生國企正2,twse,7.50,7.51,7.30,7.46,55726445,413310661,-0.19,,880465000,3536,,,1
2025-01-14,00665L,富邦恒生國企正2,twse,7.54,7.77,7.51,7.75,31176588,237881297,0.29,,874965000,2280,,,1
2025-01-15,00665L,富邦恒生國企正2,twse,7.78,7.86,7.72,7.80,24216004,188759941,0.05,,874965000,1653,,,1
2025-01-16,00665L,富邦恒生國企正2,twse,7.93,8.12,7.85,7.88,35364153,282914359,0.08,,871465000,2915,,,1
2025-01-17,00665L,富邦恒生國企正2,twse,7.93,8.06,7.90,8.01,23163529,184760391,0.13,,868965000,1668,,,1
2025-01-20,00665L,富邦恒生國企正2,twse,8.20,8.43,8.19,8.42,48331302,401532198,0.41,,850965000,4084,,,1
2025-01-21,00665L,富邦恒生國企正2,twse,8.49,8.54,8.28,8.46,57926685,489074152,0.04,,841965000,3496,,,1
2025-01-22,00665L,富邦恒生國企正2,twse,8.38,8.41,8.11,8.13,47612206,392297660,-0.33,,840465000,3651,,,1
2025-02-03,00665L,富邦恒生國企正2,twse,8.38,8.62,8.21,8.45,83013542,699867057,0.32,,829465000,5340,,,1
2025-02-04,00665L,富邦恒生國企正2,twse,8.75,9.31,8.73,9.02,105931270,955805352,0.57,,800965000,8995,,,1
2025-02-05,00665L,富邦恒生國企正2,twse,9.30,9.31,8.81,9.00,56261473,507934218,-0.02,,790965000,4447,,,1
2025-02-06,00665L,富邦恒生國企正2,twse,9.00,9.20,8.95,9.13,36703953,333083569,0.13,,782465000,2892,,,1
2025-02-07,00665L,富邦恒生國企正2,twse,9.23,9.59,9.20,9.51,63726833,600860175,0.38,,754465000,5767,,,1
2025-02-10,00665L,富邦恒生國企正2,twse,9.55,9.90,9.47,9.90,67607637,659100422,0.39,,737465000,5407,,,1
2025-02-11,00665L,富邦恒生國企正2,twse,9.97,10.05,9.68,9.81,67829613,670073218,-0.09,,733465000,5088,,,1
2025-02-12,00665L,富邦恒生國企正2,twse,9.85,10.09,9.76,9.98,58437201,581592166,0.17,,729965000,4497,,,1
2025-02-13,00665L,富邦恒生國企正2,twse,10.29,10.60,10.24,10.60,74008349,770639578,0.62,,719965000,5902,,,1
2025-02-14,00665L,富邦恒生國企正2,twse,10.20,10.62,10.18,10.58,62147961,646118062,-0.02,,712465000,5772,,,1
2025-02-17,00665L,富邦恒生國企正2,twse,10.83,11.18,10.63,10.72,107422137,1170628402,0.14,,703465000,8261,,,1
2025-02-18,00665L,富邦恒生國企正2,twse,10.84,11.39,10.83,11.34,81641049,908759369,0.62,,684965000,7294,,,1
2025-02-19,00665L,富邦恒生國企正2,twse,11.12,11.23,10.87,11.10,69012121,764326786,-0.24,,684965000,6369,,,1
2025-02-20,00665L,富邦恒生國企正2,twse,11.03,11.12,10.67,11.00,93209039,1012846120,-0.1,,672965000,7096,,,1
2025-02-21,00665L,富邦恒生國企正2,twse,11.27,11.57,11.17,11.57,76349429,868166423,0.57,,652465000,7113,,,1
2025-02-24,00665L,富邦恒生國企正2,twse,11.77,11.96,11.43,11.55,88976852,1040489042,-0.02,,640965000,6978,,,1
2025-02-25,00665L,富邦恒生國企正2,twse,11.07,11.50,10.94,11.48,87301978,981174493,-0.07,,634965000,7289,,,1
2025-02-26,00665L,富邦恒生國企正2,twse,11.41,12.00,11.35,12.00,68634957,805653165,0.52,,627465000,6884,,,1
2025-02-27,00665L,富邦恒生國企正2,twse,12.00,12.32,11.60,11.72,126860403,1511513017,-0.28,,616465000,9996,,,1
2025-03-03,00665L,富邦恒生國企正2,twse,11.22,11.48,11.07,11.29,82801214,933944553,-0.43,,616465000,7970,,,1
2025-03-04,00665L,富邦恒生國企正2,twse,10.99,11.01,10.50,10.89,115525566,1241650334,-0.4,,616465000,10682,,,1
2025-03-05,00665L,富邦恒生國企正2,twse,11.10,11.45,11.05,11.30,66032252,742650614,0.41,,616465000,6332,,,1
2025-03-06,00665L,富邦恒生國企正2,twse,11.86,12.30,11.85,12.23,90415536,1094583905,0.93,,611965000,8707,,,1
2025-03-07,00665L,富邦恒生國企正2,twse,12.16,12.78,12.08,12.69,83471391,1035822189,0.46,,611965000,8484,,,1
2025-03-10,00665L,富邦恒生國企正2,twse,12.30,12.39,11.65,11.67,119616838,1434766738,-1.02,,612965000,12831,,,1
2025-03-11,00665L,富邦恒生國企正2,twse,11.39,11.90,11.32,11.71,74369465,862521026,0.04,,614465000,7122,,,1
2025-03-12,00665L,富邦恒生國企正2,twse,11.93,12.13,11.71,11.80,72190502,858825865,0.09,,619465000,6194,,,1
2025-03-13,00665L,富邦恒生國企正2,twse,11.80,11.84,11.37,11.38,81192770,942139951,-0.42,,623465000,8054,,,1
2025-03-14,00665L,富邦恒生國企正2,twse,11.82,12.35,11.70,12.16,96834954,1167613515,0.78,,623465000,9459,,,1
2025-03-17,00665L,富邦恒生國企正2,twse,12.40,12.52,12.24,12.39,63021516,782320282,0.23,,623465000,5397,,,1
2025-03-18,00665L,富邦恒生國企正2,twse,12.83,12.96,12.71,12.93,63982445,823042595,0.54,,623465000,6235,,,1
2025-03-19,00665L,富邦恒生國企正2,twse,12.96,13.15,12.85,13.11,61743293,802324773,0.18,,619965000,5732,,,1
2025-03-20,00665L,富邦恒生國企正2,twse,13.00,13.02,12.57,12.68,80199316,1023478904,-0.43,,619965000,7764,,,1
2025-03-21,00665L,富邦恒生國企正2,twse,12.30,12.44,11.87,11.91,91466778,1109726815,-0.77,,621965000,11326,,,1
2025-03-24,00665L,富邦恒生國企正2,twse,11.88,11.97,11.72,11.86,47387238,562140925,-0.05,,624965000,4867,,,1
2025-03-25,00665L,富邦恒生國企正2,twse,11.89,11.96,11.48,11.61,72059949,843459280,-0.25,,644965000,7536,,,1
2025-03-26,00665L,富邦恒生國企正2,twse,11.59,11.75,11.49,11.50,35900580,415825938,-0.11,,644965000,4042,,,1
2025-03-27,00665L,富邦恒生國企正2,twse,11.54,11.98,11.47,11.78,54827354,644407204,0.28,,644965000,5836,,,1
2025-03-28,00665L,富邦恒生國企正2,twse,11.91,11.91,11.26,11.26,74706785,864116691,-0.52,,654965000,6600,,,1
2025-03-31,00665L,富邦恒生國企正2,twse,11.14,11.51,11.07,11.12,49949919,560810703,-0.14,,652465000,5238,,,1
2025-04-01,00665L,富邦恒生國企正2,twse,11.29,11.53,11.20,11.29,35315053,401585068,0.17,,648965000,3886,,,1
2025-04-02,00665L,富邦恒生國企正2,twse,11.25,11.40,11.02,11.22,50905524,570492785,-0.07,,648965000,4979,,,1
2025-04-07,00665L,富邦恒生國企正2,twse,9.00,9.31,8.29,8.43,159170337,1397099280,-2.79,,648965000,13252,,,1
2025-04-08,00665L,富邦恒生國企正2,twse,8.18,8.39,7.89,7.98,117280372,957357641,-0.45,,649965000,11006,,,1
2025-04-09,00665L,富邦恒生國企正2,twse,7.57,8.15,7.43,7.95,105791323,821496092,-0.03,,658965000,9062,,,1
2025-04-10,00665L,富邦恒生國企正2,twse,8.59,9.17,8.55,8.82,113433193,997723139,0.87,,658965000,10520,,,1
2025-04-11,00665L,富邦恒生國企正2,twse,8.53,9.04,8.48,9.04,63275167,551027337,0.22,,658965000,5617,,,1
2025-04-14,00665L,富邦恒生國企正2,twse,9.18,9.40,9.16,9.23,57432431,532848526,0.19,,658965000,5027,,,1
2025-04-15,00665L,富邦恒生國企正2,twse,9.36,9.45,9.23,9.29,47652368,443731519,0.06,,658965000,4228,,,1
2025-04-16,00665L,富邦恒生國企正2,twse,9.21,9.21,8.73,8.73,66739087,594695795,-0.56,,658965000,6853,,,1
2025-04-17,00665L,富邦恒生國企正2,twse,8.80,9.16,8.80,9.09,43885239,395668056,0.36,,658965000,4431,,,1
2025-04-18,00665L,富邦恒生國企正2,twse,9.03,9.10,8.99,9.05,12831734,116129404,-0.04,,658965000,1434,,,1
2025-04-21,00665L,富邦恒生國企正2,twse,9.07,9.08,8.94,9.06,15893086,143521022,0.01,,658965000,1429,,,1
2025-04-22,00665L,富邦恒生國企正2,twse,9.01,9.20,8.91,9.19,41613417,378016020,0.13,,661465000,3546,,,1
2025-04-23,00665L,富邦恒生國企正2,twse,9.51,9.82,9.47,9.65,63493368,611669237,0.46,,656465000,5216,,,1
2025-04-24,00665L,富邦恒生國企正2,twse,9.70,9.72,9.35,9.41,41138556,391601490,-0.24,,656465000,4136,,,1
2025-04-25,00665L,富邦恒生國企正2,twse,9.74,9.79,9.58,9.69,40673773,394478461,0.28,,655465000,3916,,,1
2025-04-28,00665L,富邦恒生國企正2,twse,9.62,9.67,9.40,9.58,33635097,320249810,-0.11,,655465000,3765,,,1
2025-04-29,00665L,富邦恒生國企正2,twse,9.59,9.70,9.44,9.46,28574069,273319783,-0.12,,655465000,3276,,,1
2025-04-30,00665L,富邦恒生國企正2,twse,9.45,9.47,9.20,9.30,37858131,352987546,-0.16,,659465000,4682,,,1
2025-05-02,00665L,富邦恒生國企正2,twse,9.41,9.66,9.37,9.59,40496904,386048178,0.29,,659465000,4153,,,1
2025-05-05,00665L,富邦恒生國企正2,twse,9.62,9.62,9.15,9.15,27416530,255697664,-0.44,,659465000,3219,,,1
2025-05-06,00665L,富邦恒生國企正2,twse,9.32,9.38,9.14,9.37,35984324,333433523,0.22,,661465000,2908,,,1
2025-05-07,00665L,富邦恒生國企正2,twse,9.60,9.89,9.41,9.47,54805370,528965126,0.1,,661465000,5404,,,1
2025-05-08,00665L,富邦恒生國企正2,twse,9.34,9.63,9.28,9.50,37319128,352881475,0.03,,661465000,3976,,,1
2025-05-09,00665L,富邦恒生國企正2,twse,9.53,9.54,9.32,9.37,27501199,258889471,-0.13,,661465000,3139,,,1
2025-05-12,00665L,富邦恒生國企正2,twse,9.57,9.81,9.54,9.66,44524679,430434257,0.29,,661465000,4358,,,1
2025-05-13,00665L,富邦恒生國企正2,twse,9.99,10.00,9.68,9.70,47650624,468027215,0.04,,661465000,4834,,,1
2025-05-14,00665L,富邦恒生國企正2,twse,9.81,9.98,9.76,9.96,47675001,470271700,0.26,,659465000,3841,,,1
2025-05-15,00665L,富邦恒生國企正2,twse,10.04,10.08,9.88,9.89,32544583,325032796,-0.07,,653965000,3548,,,1
2025-05-16,00665L,富邦恒生國企正2,twse,9.80,9.80,9.64,9.75,38028927,369440929,-0.14,,653965000,3711,,,1
2025-05-19,00665L,富邦恒生國企正2,twse,9.73,9.73,9.51,9.71,29342481,282131218,-0.04,,653965000,3201,,,1
2025-05-20,00665L,富邦恒生國企正2,twse,9.80,10.02,9.76,10.00,37407681,370707530,0.29,,650965000,3727,,,1
2025-05-21,00665L,富邦恒生國企正2,twse,10.03,10.25,10.01,10.25,36729731,372988832,0.25,,643965000,3431,,,1
2025-05-22,00665L,富邦恒生國企正2,twse,10.09,10.12,9.93,9.96,30565030,306583065,-0.29,,639465000,3093,,,1
2025-05-23,00665L,富邦恒生國企正2,twse,9.92,10.11,9.88,10.08,26162343,261687276,0.12,,637465000,2403,,,1
2025-05-26,00665L,富邦恒生國企正2,twse,10.01,10.02,9.59,9.59,53929881,526334762,-0.49,,637465000,5495,,,1
2025-05-27,00665L,富邦恒生國企正2,twse,9.60,9.68,9.46,9.50,36624038,349764160,-0.09,,639965000,2825,,,1
2025-05-28,00665L,富邦恒生國企正2,twse,9.63,9.74,9.54,9.59,24705991,238120904,0.09,,639965000,1955,,,1
2025-05-29,00665L,富邦恒生國企正2,twse,9.61,9.86,9.55,9.84,27482570,266683616,0.25,,639965000,2822,,,1
2025-06-02,00665L,富邦恒生國企正2,twse,9.50,9.50,8.98,9.13,64606895,592150594,-0.71,,648965000,6882,,,1
2025-06-03,00665L,富邦恒生國企正2,twse,9.39,9.71,9.39,9.61,45114976,430999992,0.48,,639465000,3869,,,1
2025-06-04,00665L,富邦恒生國企正2,twse,9.72,9.94,9.69,9.89,28910996,284915907,0.28,,629465000,2631,,,1
2025-06-05,00665L,富邦恒生國企正2,twse,9.98,10.08,9.94,9.98,29735444,297737913,0.09,,618465000,2714,,,1
2025-06-06,00665L,富邦恒生國企正2,twse,10.10,10.16,9.98,10.01,22131308,222789484,0.03,,616465000,2353,,,1
2025-06-09,00665L,富邦恒生國企正2,twse,10.09,10.37,10.09,10.24,41595867,426749993,0.23,,596465000,3833,,,1
2025-06-10,00665L,富邦恒生國企正2,twse,10.37,10.46,10.22,10.23,25992599,269860889,-0.01,,593465000,2722,,,1
2025-06-11,00665L,富邦恒生國企正2,twse,10.37,10.63,10.37,10.60,33055315,348283949,0.37,,586465000,3119,,,1
2025-06-12,00665L,富邦恒生國企正2,twse,10.53,10.53,10.35,10.35,28847515,301017048,-0.25,,585465000,2412,,,1
2025-06-13,00665L,富邦恒生國企正2,twse,10.17,10.21,9.95,9.99,34475538,346780083,-0.36,,583965000,4036,,,1
2025-06-16,00665L,富邦恒生國企正2,twse,10.00,10.08,9.89,10.08,18942427,189682915,0.09,,581965000,1690,,,1
2025-06-17,00665L,富邦恒生國企正2,twse,10.20,10.24,10.08,10.12,21517419,218814713,0.04,,579965000,1879,,,1
2025-06-18,00665L,富邦恒生國企正2,twse,10.01,10.07,9.85,9.88,28963208,287743353,-0.24,,579965000,3433,,,1
2025-06-19,00665L,富邦恒生國企正2,twse,9.80,9.84,9.48,9.54,40632618,391157795,-0.34,,580465000,4482,,,1
2025-06-20,00665L,富邦恒生國企正2,twse,9.50,9.72,9.49,9.68,21643740,208102391,0.14,,580465000,2218,,,1
2025-06-23,00665L,富邦恒生國企正2,twse,9.59,9.86,9.54,9.83,18214985,176446531,0.15,,580465000,2162,,,1
2025-06-24,00665L,富邦恒生國企正2,twse,9.99,10.29,9.99,10.22,43349878,440635408,0.39,,573965000,3515,,,1
2025-06-25,00665L,富邦恒生國企正2,twse,10.40,10.41,10.29,10.36,20750292,214884466,0.14,,573965000,2261,,,1
2025-06-26,00665L,富邦恒生國企正2,twse,10.33,10.36,10.20,10.24,22672914,232802210,-0.12,,566465000,2063,,,1
2025-06-27,00665L,富邦恒生國企正2,twse,10.29,10.33,10.05,10.05,28768182,293059820,-0.19,,566465000,2518,,,1
2025-06-30,00665L,富邦恒生國企正2,twse,10.09,10.16,9.97,10.10,17293843,174124877,0.05,,566465000,1602,,,1
2025-07-01,00665L,富邦恒生國企正2,twse,10.11,10.15,10.09,10.10,7564155,76483785,0.0,,566465000,758,,,1
2025-07-02,00665L,富邦恒生國企正2,twse,10.11,10.24,10.01,10.03,25478630,256937564,-0.07,,566465000,2075,,,1
2025-07-03,00665L,富邦恒生國企正2,twse,10.06,10.07,9.76,9.79,27097463,267162465,-0.24,,566465000,3540,,,1
2025-07-04,00665L,富邦恒生國企正2,twse,9.79,9.92,9.58,9.92,34107278,331751820,0.13,,570965000,3597,,,1
2025-07-07,00665L,富邦恒生國企正2,twse,9.80,9.83,9.64,9.78,19893274,193668501,-0.14,,574965000,2184,,,1
2025-07-08,00665L,富邦恒生國企正2,twse,9.80,10.04,9.80,9.95,17983064,178574982,0.17,,574965000,2147,,,1
2025-07-09,00665L,富邦恒生國企正2,twse,10.01,10.03,9.81,9.88,19458914,192923290,-0.07,,574965000,1898,,,1
2025-07-10,00665L,富邦恒生國企正2,twse,9.81,9.95,9.78,9.94,18772709,185019784,0.06,,574965000,1772,,,1
2025-07-11,00665L,富邦恒生國企正2,twse,9.97,10.36,9.92,10.29,46217115,472951257,0.35,,572965000,4366,,,1
2025-07-14,00665L,富邦恒生國企正2,twse,10.03,10.15,9.98,10.15,24126607,242706195,-0.14,,572965000,2285,,,1
2025-07-15,00665L,富邦恒生國企正2,twse,10.20,10.46,10.08,10.21,34069023,350178180,0.06,,571465000,3475,,,1
2025-07-16,00665L,富邦恒生國企正2,twse,10.49,10.74,10.49,10.50,50193269,532260562,0.29,,558965000,4806,,,1
2025-07-17,00665L,富邦恒生國企正2,twse,10.50,10.61,10.41,10.50,21390448,224435647,0.0,,558965000,2107,,,1
2025-07-18,00665L,富邦恒生國企正2,twse,10.60,10.71,10.55,10.60,22935238,243994827,0.1,,556965000,2401,,,1
2025-07-21,00665L,富邦恒生國企正2,twse,10.77,10.93,10.75,10.78,28335113,307317858,0.18,,552465000,2952,,,1
2025-07-22,00665L,富邦恒生國企正2,twse,10.89,10.96,10.73,10.90,26832789,291350631,0.12,,551465000,2897,,,1
2025-07-23,00665L,富邦恒生國企正2,twse,11.10,11.33,11.06,11.33,36768656,411269071,0.43,,542465000,3931,,,1
2025-07-24,00665L,富邦恒生國企正2,twse,11.32,11.48,11.24,11.45,24086943,273760594,0.12,,529965000,2704,,,1
2025-07-25,00665L,富邦恒生國企正2,twse,11.29,11.32,11.10,11.17,30926883,346106844,-0.28,,529965000,3733,,,1
2025-07-28,00665L,富邦恒生國企正2,twse,11.17,11.33,11.13,11.17,25727968,288495482,0.0,,528965000,2498,,,1
2025-07-29,00665L,富邦恒生國企正2,twse,11.14,11.14,10.94,10.96,28501019,313852270,-0.21,,528965000,3185,,,1
2025-07-30,00665L,富邦恒生國企正2,twse,11.05,11.16,10.88,11.09,33646820,371506265,0.13,,528965000,2824,,,1
2025-07-31,00665L,富邦恒生國企正2,twse,10.83,10.85,10.61,10.64,47245371,506707993,-0.45,,539465000,5642,,,1
2025-08-01,00665L,富邦恒生國企正2,twse,10.55,10.71,10.48,10.48,30670640,324550525,-0.16,,550965000,3456,,,1
2025-08-04,00665L,富邦恒生國企正2,twse,10.26,10.53,10.26,10.51,27915653,290599254,0.03,,550965000,2570,,,1
2025-08-05,00665L,富邦恒生國企正2,twse,10.64,10.70,10.56,10.67,26652988,283038663,0.16,,550965000,2337,,,1
2025-08-06,00665L,富邦恒生國企正2,twse,10.67,10.75,10.58,10.67,22235843,237521058,0.0,,550965000,2259,,,1
2025-08-07,00665L,富邦恒生國企正2,twse,10.71,10.78,10.54,10.75,25093705,268103074,0.08,,550965000,2739,,,1
2025-08-08,00665L,富邦恒生國企正2,twse,10.69,10.72,10.58,10.58,18857599,200838015,-0.17,,550965000,2111,,,1
2025-08-11,00665L,富邦恒生國企正2,twse,10.62,10.67,10.49,10.55,20746745,219191943,-0.03,,550965000,2119,,,1
2025-08-12,00665L,富邦恒生國企正2,twse,10.52,10.65,10.48,10.61,20222890,213811445,0.06,,553465000,2214,,,1
2025-08-13,00665L,富邦恒生國企正2,twse,10.75,11.07,10.75,11.03,39748953,434247463,0.42,,553465000,4497,,,1
2025-08-14,00665L,富邦恒生國企正2,twse,11.29,11.37,11.10,11.11,41156800,463539095,0.08,,550965000,3968,,,1
2025-08-15,00665L,富邦恒生國企正2,twse,11.02,11.02,10.83,10.90,35206039,384100244,-0.21,,545965000,3637,,,1
2025-08-18,00665L,富邦恒生國企正2,twse,10.93,11.21,10.93,11.13,25191579,279115001,0.23,,545965000,2710,,,1
2025-08-19,00665L,富邦恒生國企正2,twse,11.05,11.05,10.87,10.99,32376594,355307681,-0.14,,546965000,3144,,,1
2025-08-20,00665L,富邦恒生國企正2,twse,10.84,10.90,10.72,10.80,24917296,269280969,-0.19,,546965000,2820,,,1
2025-08-21,00665L,富邦恒生國企正2,twse,10.94,11.00,10.88,10.90,24263706,265315747,0.1,,547465000,2340,,,1
2025-08-22,00665L,富邦恒生國企正2,twse,10.98,11.12,10.96,11.01,24393608,269109130,0.11,,547465000,2225,,,1
2025-08-25,00665L,富邦恒生國企正2,twse,11.40,11.63,11.34,11.52,49726457,571137656,0.51,,542965000,4986,,,1
2025-08-26,00665L,富邦恒生國企正2,twse,11.40,11.58,11.39,11.52,21772639,250312424,0.0,,542965000,2516,,,1
2025-08-27,00665L,富邦恒生國企正2,twse,11.42,11.48,11.28,11.29,32949015,375037884,-0.23,,542965000,3262,,,1
2025-08-28,00665L,富邦恒生國企正2,twse,10.89,10.95,10.70,10.70,60910102,659180429,-0.59,,549465000,7121,,,1
2025-08-29,00665L,富邦恒生國企正2,twse,10.92,11.05,10.86,10.90,28739593,314213764,0.2,,549465000,2981,,,1
2025-09-01,00665L,富邦恒生國企正2,twse,11.06,11.33,11.06,11.23,35544796,399145908,0.33,,549465000,4066,,,1
2025-09-02,00665L,富邦恒生國企正2,twse,11.25,11.44,11.17,11.18,34573444,390658421,-0.05,,549465000,3613,,,1
2025-09-03,00665L,富邦恒生國企正2,twse,11.29,11.52,11.11,11.11,42558593,481579534,-0.07,,548465000,4156,,,1
2025-09-04,00665L,富邦恒生國企正2,twse,11.17,11.26,10.80,10.83,34229510,375347874,-0.28,,546465000,4199,,,1
2025-09-05,00665L,富邦恒生國企正2,twse,10.89,11.00,10.86,11.00,13506617,147585382,0.17,,546465000,1543,,,1
2025-09-08,00665L,富邦恒生國企正2,twse,11.10,11.20,11.06,11.15,21761065,242408258,0.15,,546465000,2026,,,1
2025-09-09,00665L,富邦恒生國企正2,twse,11.25,11.64,11.25,11.41,66024281,757699296,0.26,,525965000,5540,,,1
2025-09-10,00665L,富邦恒生國企正2,twse,11.55,11.86,11.55,11.85,47965636,563693502,0.44,,503965000,4606,,,1
2025-09-11,00665L,富邦恒生國企正2,twse,11.66,11.74,11.44,11.74,38705818,447863894,-0.11,,503965000,4150,,,1
2025-09-12,00665L,富邦恒生國企正2,twse,11.93,12.07,11.87,11.95,29698476,355405769,0.21,,501965000,3196,,,1
2025-09-15,00665L,富邦恒生國企正2,twse,11.84,12.04,11.79,11.95,23330383,278572337,0.0,,501965000,2201,,,1
2025-09-16,00665L,富邦恒生國企正2,twse,12.05,12.05,11.80,11.85,24277483,288830242,-0.1,,501965000,2359,,,1
2025-09-17,00665L,富邦恒生國企正2,twse,12.05,12.36,11.98,12.36,44686482,543778933,0.51,,476465000,4583,,,1
2025-09-18,00665L,富邦恒生國企正2,twse,12.41,12.59,12.22,12.22,29696002,368526123,-0.14,,470465000,3500,,,1
2025-09-19,00665L,富邦恒生國企正2,twse,12.17,12.22,12.00,12.05,30031618,363310814,-0.17,,470465000,2841,,,1
2025-09-22,00665L,富邦恒生國企正2,twse,12.06,12.09,11.80,11.89,25927515,309171436,-0.16,,470465000,3364,,,1
2025-09-23,00665L,富邦恒生國企正2,twse,11.94,11.95,11.60,11.65,37162985,435756859,-0.24,,470465000,4280,,,1
2025-09-24,00665L,富邦恒生國企正2,twse,11.70,11.97,11.61,11.93,23560035,278785198,0.28,,471465000,2812,,,1
2025-09-25,00665L,富邦恒生國企正2,twse,12.00,12.22,11.97,12.09,26052082,315471957,0.16,,469465000,2624,,,1
2025-09-26,00665L,富邦恒生國企正2,twse,11.99,12.01,11.83,11.96,24998873,298062659,-0.13,,467465000,2176,,,1
2025-09-30,00665L,富邦恒生國企正2,twse,12.11,12.29,12.06,12.15,26867064,326590216,0.19,,467465000,2524,,,1
2025-10-01,00665L,富邦恒生國企正2,twse,12.24,12.30,12.19,12.19,7612541,93138769,0.04,,467465000,1047,,,1
2025-10-02,00665L,富邦恒生國企正2,twse,12.33,12.87,12.31,12.81,41702683,527248790,0.62,,449465000,4663,,,1
2025-10-03,00665L,富邦恒生國企正2,twse,12.77,12.78,12.48,12.53,23015355,289602117,-0.28,,447965000,3025,,,1
2025-10-07,00665L,富邦恒生國企正2,twse,12.58,12.63,12.57,12.59,8397111,105793365,0.06,,447965000,1004,,,1
2025-10-08,00665L,富邦恒生國企正2,twse,12.49,12.49,12.03,12.24,37997414,463258392,-0.35,,467465000,4735,,,1
2025-10-09,00665L,富邦恒生國企正2,twse,12.30,12.51,12.08,12.50,28791531,354565290,0.26,,469465000,3637,,,1
2025-10-13,00665L,富邦恒生國企正2,twse,11.60,11.75,11.04,11.23,93391538,1061272773,-1.27,,508465000,12340,,,1
2025-10-14,00665L,富邦恒生國企正2,twse,11.45,11.68,11.24,11.37,39944887,458488812,0.14,,508465000,4968,,,1
2025-10-15,00665L,富邦恒生國企正2,twse,11.35,11.52,11.28,11.42,24754929,282251057,0.05,,508465000,2606,,,1
2025-10-16,00665L,富邦恒生國企正2,twse,11.52,11.72,11.43,11.43,27345335,316308790,0.01,,508465000,3276,,,1
2025-10-17,00665L,富邦恒生國企正2,twse,11.51,11.58,11.14,11.16,29677268,335156095,-0.27,,508465000,3618,,,1
2025-10-20,00665L,富邦恒生國企正2,twse,11.38,11.60,11.37,11.46,29822989,342448685,0.3,,508465000,3022,,,1
2025-10-21,00665L,富邦恒生國企正2,twse,11.71,11.98,11.71,11.85,40726164,482689830,0.39,,495965000,4024,,,1
2025-10-22,00665L,富邦恒生國企正2,twse,11.60,11.60,11.34,11.51,37243937,427974282,-0.34,,496965000,4504,,,1
2025-10-23,00665L,富邦恒生國企正2,twse,11.42,11.58,11.34,11.42,24311275,278518033,-0.09,,496965000,2765,,,1
2025-10-27,00665L,富邦恒生國企正2,twse,11.98,12.17,11.93,12.07,43176424,519551638,0.65,,496965000,4122,,,1
2025-10-28,00665L,富邦恒生國企正2,twse,12.14,12.18,11.92,11.93,26578049,319324162,-0.14,,495465000,2930,,,1
2025-10-29,00665L,富邦恒生國企正2,twse,12.06,12.06,11.92,11.95,9341004,111897346,0.02,,495465000,1290,,,1
2025-10-30,00665L,富邦恒生國企正2,twse,12.03,12.11,11.66,11.81,40978101,488804705,-0.14,,495465000,3713,,,1
2025-10-31,00665L,富邦恒生國企正2,twse,11.80,11.81,11.47,11.54,31956736,371497621,-0.27,,503965000,3324,,,1
2025-11-03,00665L,富邦恒生國企正2,twse,11.53,11.62,11.39,11.60,17323614,199161368,0.06,,507965000,2169,,,1
2025-11-04,00665L,富邦恒生國企正2,twse,11.57,11.72,11.49,11.53,16423156,190582676,-0.07,,507965000,1855,,,1
2025-11-05,00665L,富邦恒生國企正2,twse,11.29,11.35,10.99,11.29,34999805,390771412,-0.24,,511965000,4599,,,1
2025-11-06,00665L,富邦恒生國企正2,twse,11.43,11.71,11.42,11.67,22808807,264600949,0.38,,511965000,2445,,,1
2025-11-07,00665L,富邦恒生國企正2,twse,11.71,11.75,11.53,11.57,16177076,188284189,-0.1,,511965000,1693,,,1
2025-11-10,00665L,富邦恒生國企正2,twse,11.57,11.90,11.57,11.90,22009040,258905050,0.33,,511965000,1988,,,1
2025-11-11,00665L,富邦恒生國企正2,twse,12.00,12.12,11.86,11.88,23767821,285047578,-0.02,,504965000,2617,,,1
2025-11-12,00665L,富邦恒生國企正2,twse,12.05,12.35,12.05,12.16,52402033,639849828,0.28,,469965000,4088,,,1
2025-11-13,00665L,富邦恒生國企正2,twse,12.23,12.25,12.09,12.18,15573000,189584791,0.02,,468965000,1876,,,1
2025-11-14,00665L,富邦恒生國企正2,twse,12.07,12.23,11.99,12.01,25043830,302545469,-0.17,,461965000,2385,,,1
2025-11-17,00665L,富邦恒生國企正2,twse,11.82,11.89,11.72,11.73,24136147,284513929,-0.28,,460965000,2356,,,1
2025-11-18,00665L,富邦恒生國企正2,twse,11.60,11.60,11.37,11.38,28321337,325453055,-0.35,,460965000,3452,,,1
2025-11-19,00665L,富邦恒生國企正2,twse,11.43,11.51,11.25,11.25,19905828,226348712,-0.13,,460965000,2230,,,1
2025-11-20,00665L,富邦恒生國企正2,twse,11.45,11.48,11.22,11.28,29379106,333033204,0.03,,460965000,2411,,,1
2025-11-21,00665L,富邦恒生國企正2,twse,11.03,11.07,10.74,10.97,39689383,432863472,-0.31,,478965000,4410,,,1
2025-11-24,00665L,富邦恒生國企正2,twse,11.02,11.15,10.86,11.15,22693254,250002605,0.18,,478965000,2063,,,1
2025-11-25,00665L,富邦恒生國企正2,twse,11.28,11.47,11.28,11.30,20126511,228730432,0.15,,478965000,2226,,,1
2025-11-26,00665L,富邦恒生國企正2,twse,11.41,11.56,11.39,11.45,15463420,177383669,0.15,,478965000,1748,,,1
2025-11-27,00665L,富邦恒生國企正2,twse,11.39,11.50,11.25,11.50,27212272,309468772,0.05,,478965000,2583,,,1
2025-11-28,00665L,富邦恒生國企正2,twse,11.43,11.44,11.23,11.29,19072839,216007518,-0.21,,478965000,2094,,,1
2025-12-01,00665L,富邦恒生國企正2,twse,11.36,11.50,11.25,11.28,21174645,240739628,-0.01,,478965000,2119,,,1
2025-12-02,00665L,富邦恒生國企正2,twse,11.44,11.55,11.34,11.34,22188701,254431051,0.06,,478965000,2148,,,1
2025-12-03,00665L,富邦恒生國企正2,twse,11.34,11.38,11.15,11.15,26599958,298576726,-0.19,,478965000,3053,,,1
2025-12-04,00665L,富邦恒生國企正2,twse,11.15,11.22,11.03,11.17,28314110,315234377,0.02,,478965000,2035,,,1
2025-12-05,00665L,富邦恒生國企正2,twse,11.20,11.34,11.15,11.32,16929826,190292810,0.15,,478965000,1444,,,1
2025-12-08,00665L,富邦恒生國企正2,twse,11.45,11.52,11.22,11.27,26896078,305168241,-0.05,,478965000,2814,,,1
2025-12-09,00665L,富邦恒生國企正2,twse,11.20,11.25,10.88,10.88,44308880,488456279,-0.39,,507965000,5462,,,1
2025-12-10,00665L,富邦恒生國企正2,twse,10.86,10.86,10.67,10.69,28350017,304513013,-0.19,,525965000,3376,,,1
2025-12-11,00665L,富邦恒生國企正2,twse,10.89,11.03,10.76,10.77,20002516,217991287,0.08,,525965000,2545,,,1
2025-12-12,00665L,富邦恒生國企正2,twse,10.97,11.10,10.92,11.10,21934577,241958024,0.33,,525965000,2300,,,1
2025-12-15,00665L,富邦恒生國企正2,twse,10.98,10.99,10.84,10.85,14327162,156336857,-0.25,,525965000,1917,,,1
2025-12-16,00665L,富邦恒生國企正2,twse,10.76,10.77,10.33,10.34,37707856,395726718,-0.51,,531965000,5392,,,1
2025-12-17,00665L,富邦恒生國企正2,twse,10.42,10.54,10.39,10.47,14039561,146878533,0.13,,531965000,1627,,,1
2025-12-18,00665L,富邦恒生國企正2,twse,10.49,10.61,10.43,10.54,11800032,124161969,0.07,,531965000,1554,,,1
2025-12-19,00665L,富邦恒生國企正2,twse,10.64,10.76,10.64,10.76,18664939,199804611,0.22,,531965000,1885,,,1
2025-12-22,00665L,富邦恒生國企正2,twse,10.83,10.90,10.78,10.79,13670830,148045116,0.03,,531965000,1379,,,1
2025-12-23,00665L,富邦恒生國企正2,twse,10.89,10.94,10.79,10.81,11948789,130091228,0.02,,529965000,1255,,,1
2025-12-24,00665L,富邦恒生國企正2,twse,10.82,10.84,10.74,10.77,8628980,93065050,-0.04,,529965000,867,,,1
2025-12-26,00665L,富邦恒生國企正2,twse,10.80,10.90,10.80,10.85,5953403,64631344,0.08,,529965000,787,,,1
2025-12-29,00665L,富邦恒生國企正2,twse,10.93,11.09,10.85,10.88,21505015,236206904,0.03,,528465000,1979,,,1
2025-12-30,00665L,富邦恒生國企正2,twse,10.74,10.94,10.70,10.93,11632237,125589836,0.05,,528465000,1395,,,1
2025-12-31,00665L,富邦恒生國企正2,twse,10.90,10.91,10.66,10.71,19113516,205592519,-0.22,,528465000,2013,,,1
2026-01-02,00665L,富邦恒生國企正2,twse,10.71,11.29,10.68,11.27,35658804,395598702,0.56,,522965000,4174,,,1
2026-01-05,00665L,富邦恒生國企正2,twse,11.43,11.46,11.20,11.28,25508954,289211126,0.01,,517965000,2534,,,1
2026-01-06,00665L,富邦恒生國企正2,twse,11.39,11.69,11.39,11.63,38804287,448249774,0.35,,503965000,3653,,,1
2026-01-07,00665L,富邦恒生國企正2,twse,11.57,11.57,11.22,11.23,28856627,327701240,-0.4,,503965000,3770,,,1
2026-01-08,00665L,富邦恒生國企正2,twse,11.21,11.21,11.01,11.04,21989080,243840705,-0.19,,503965000,2683,,,1
2026-01-09,00665L,富邦恒生國企正2,twse,11.16,11.21,11.04,11.07,18427666,204843128,0.03,,503965000,1783,,,1
2026-01-12,00665L,富邦恒生國企正2,twse,11.17,11.34,11.07,11.34,20945712,235105573,0.27,,503965000,2399,,,1
2026-01-13,00665L,富邦恒生國企正2,twse,11.65,11.89,11.61,11.67,64308280,755142534,0.33,,485965000,5552,,,1
2026-01-14,00665L,富邦恒生國企正2,twse,11.66,11.85,11.61,11.68,25280689,296719808,0.01,,483965000,2396,,,1
2026-01-15,00665L,富邦恒生國企正2,twse,11.63,11.89,11.52,11.57,23933386,279596804,-0.11,,478965000,2345,,,1
2026-01-16,00665L,富邦恒生國企正2,twse,11.73,11.85,11.45,11.46,29364130,341172569,-0.11,,478965000,2934,,,1
2026-01-19,00665L,富邦恒生國企正2,twse,11.33,11.40,11.23,11.30,18131667,204920717,-0.16,,478965000,2125,,,1
2026-01-20,00665L,富邦恒生國企正2,twse,11.30,11.33,11.09,11.25,21793778,244456813,-0.05,,478965000,2465,,,1
2026-01-21,00665L,富邦恒生國企正2,twse,11.10,11.23,11.05,11.14,14931547,166357295,-0.11,,478965000,1735,,,1
2026-01-22,00665L,富邦恒生國企正2,twse,11.29,11.38,11.13,11.14,17945684,201658308,0.0,,478965000,1895,,,1
2026-01-23,00665L,富邦恒生國企正2,twse,11.33,11.46,11.23,11.28,17550616,199217752,0.14,,478965000,1866,,,1
2026-01-26,00665L,富邦恒生國企正2,twse,11.28,11.37,11.14,11.18,17831096,200614927,-0.1,,478465000,1749,,,1
2026-01-27,00665L,富邦恒生國企正2,twse,11.29,11.52,11.26,11.40,27687837,315441245,0.22,,476965000,2421,,,1
2026-01-28,00665L,富邦恒生國企正2,twse,11.47,12.00,11.47,11.97,53419946,629332315,0.57,,460965000,4641,,,1
2026-01-29,00665L,富邦恒生國企正2,twse,11.96,12.18,11.84,12.15,30950132,372894691,0.18,,434965000,2794,,,1
2026-01-30,00665L,富邦恒生國企正2,twse,12.09,12.10,11.66,11.70,24057502,284397546,-0.45,,429965000,2594,,,1
2026-02-02,00665L,富邦恒生國企正2,twse,11.61,11.62,10.97,10.97,44493028,497812818,-0.73,,429965000,5294,,,1
2026-02-03,00665L,富邦恒生國企正2,twse,11.18,11.27,10.69,10.97,36229644,397926672,0.0,,435965000,3911,,,1
2026-02-04,00665L,富邦恒生國企正2,twse,10.85,11.01,10.76,10.94,22950596,249823440,-0.03,,442965000,2431,,,1
2026-02-05,00665L,富邦恒生國企正2,twse,10.79,10.86,10.67,10.78,32993529,355075101,-0.16,,452965000,3111,,,1
2026-02-06,00665L,富邦恒生國企正2,twse,10.73,10.94,10.65,10.92,16479810,178301003,0.14,,452965000,2037,,,1
2026-02-09,00665L,富邦恒生國企正2,twse,11.21,11.33,11.13,11.19,24641876,276486651,0.27,,450965000,2112,,,1
2026-02-10,00665L,富邦恒生國企正2,twse,11.27,11.53,11.27,11.35,29150390,332522518,0.16,,437965000,2849,,,1
2026-02-11,00665L,富邦恒生國企正2,twse,11.41,11.47,11.31,11.44,18210637,207888499,0.09,,433965000,1244,,,1
2026-02-23,00665L,富邦恒生國企正2,twse,11.13,11.32,11.02,11.16,34876298,388216387,-0.28,,433965000,2925,,,1
2026-02-24,00665L,富邦恒生國企正2,twse,11.08,11.13,10.74,10.76,44561378,484479405,-0.4,,462465000,5875,,,1
2026-02-25,00665L,富邦恒生國企正2,twse,10.89,10.96,10.82,10.87,19257542,209808356,0.11,,463965000,1881,,,1
2026-02-26,00665L,富邦恒生國企正2,twse,10.90,10.96,10.47,10.48,43001383,456479350,-0.39,,483465000,5781,,,1
2026-03-02,00665L,富邦恒生國企正2,twse,10.20,10.25,9.90,10.10,56984803,574588029,-0.38,,527465000,5785,,,1
2026-03-03,00665L,富邦恒生國企正2,twse,10.07,10.15,9.88,9.97,35511353,355077933,-0.13,,530465000,3377,,,1
2026-03-04,00665L,富邦恒生國企正2,twse,9.67,9.69,9.26,9.27,71724203,680563312,-0.7,,539465000,5344,,,1
2026-03-05,00665L,富邦恒生國企正2,twse,9.65,9.78,9.53,9.53,25180408,243165454,0.26,,539465000,2696,,,1
2026-03-06,00665L,富邦恒生國企正2,twse,9.40,9.84,9.36,9.80,19283505,186370858,0.27,,539465000,2358,,,1
2026-03-09,00665L,富邦恒生國企正2,twse,9.27,9.57,9.07,9.56,27281820,256072129,-0.24,,534465000,2538,,,1
2026-03-10,00665L,富邦恒生國企正2,twse,9.82,9.97,9.76,9.93,25297413,250633467,0.37,,532465000,2214,,,1
2026-03-11,00665L,富邦恒生國企正2,twse,10.04,10.16,9.96,9.96,20452693,205819143,0.03,,529465000,2266,,,1
2026-03-12,00665L,富邦恒生國企正2,twse,9.88,10.08,9.81,9.81,15042059,148906745,-0.15,,529465000,1753,,,1
2026-03-13,00665L,富邦恒生國企正2,twse,9.78,10.05,9.78,10.00,14835912,147784077,0.19,,528465000,1443,,,1
2026-03-16,00665L,富邦恒生國企正2,twse,10.01,10.24,9.84,10.21,22038172,221794336,0.21,,523465000,2524,,,1
2026-03-17,00665L,富邦恒生國企正2,twse,10.25,10.58,10.25,10.38,23520228,245779499,0.17,,511965000,2461,,,1
2026-03-18,00665L,富邦恒生國企正2,twse,10.34,10.34,10.15,10.24,17934335,183634066,-0.14,,511965000,1806,,,1
2026-03-19,00665L,富邦恒生國企正2,twse,9.98,10.13,9.88,10.00,16457038,164541177,-0.24,,511965000,1930,,,1
2026-03-20,00665L,富邦恒生國企正2,twse,9.96,10.00,9.77,9.78,23765671,234206450,-0.22,,511965000,2478,,,1
2026-03-23,00665L,富邦恒生國企正2,twse,9.41,9.43,9.14,9.14,34304075,317328021,-0.64,,517965000,3911,,,1
2026-03-24,00665L,富邦恒生國企正2,twse,9.46,9.55,9.18,9.27,20885457,194634021,0.13,,517965000,1860,,,1
2026-03-25,00665L,富邦恒生國企正2,twse,9.50,9.71,9.44,9.56,23351238,224089249,0.29,,513965000,2245,,,1
2026-03-26,00665L,富邦恒生國企正2,twse,9.63,9.65,9.31,9.32,15226001,144012300,-0.24,,513965000,1955,,,1
2026-03-27,00665L,富邦恒生國企正2,twse,9.24,9.54,9.21,9.53,22090548,207188356,0.21,,513965000,1855,,,1
2026-03-30,00665L,富邦恒生國企正2,twse,9.16,9.35,9.00,9.28,22287217,204025706,-0.25,,513965000,2306,,,1
2026-03-31,00665L,富邦恒生國企正2,twse,9.35,9.47,9.15,9.18,17615782,163268800,-0.1,,513965000,1950,,,1
2026-04-01,00665L,富邦恒生國企正2,twse,9.54,9.67,9.48,9.59,20791532,199297727,0.41,,510965000,1845,,,1
2026-04-02,00665L,富邦恒生國企正2,twse,9.64,9.64,9.27,9.31,20928821,196863148,-0.28,,511465000,1738,,,1
2026-04-07,00665L,富邦恒生國企正2,twse,9.47,9.49,9.35,9.35,4940505,46516154,0.04,,511465000,593,,,1
2026-04-08,00665L,富邦恒生國企正2,twse,9.73,10.00,9.73,9.90,30264011,297865897,0.55,,503465000,2493,,,1
2026-04-09,00665L,富邦恒生國企正2,twse,9.90,9.90,9.74,9.83,8292474,81286107,-0.07,,502965000,821,,,1
2026-04-10,00665L,富邦恒生國企正2,twse,9.84,10.00,9.82,9.84,14210890,140749715,0.01,,499465000,1199,,,1
2026-04-13,00665L,富邦恒生國企正2,twse,9.71,9.73,9.64,9.70,10843047,105134403,-0.14,,498465000,1016,,,1
2026-04-14,00665L,富邦恒生國企正2,twse,9.88,9.95,9.70,9.72,12798286,125722207,0.02,,496965000,1400,,,1
2026-04-15,00665L,富邦恒生國企正2,twse,10.02,10.13,9.96,9.96,21883118,220135433,0.24,,487965000,1984,,,1
2026-04-16,00665L,富邦恒生國企正2,twse,10.08,10.31,10.06,10.31,23205634,236933473,0.35,,475465000,2366,,,1
2026-04-17,00665L,富邦恒生國企正2,twse,10.25,10.30,10.10,10.14,11464588,116781548,-0.17,,474965000,1339,,,1
2026-04-20,00665L,富邦恒生國企正2,twse,10.35,10.41,10.16,10.32,21934907,226580305,0.18,,466465000,1751,,,1
2026-04-21,00665L,富邦恒生國企正2,twse,10.42,10.46,10.33,10.43,9336920,97110576,0.11,,463465000,934,,,1
2026-04-22,00665L,富邦恒生國企正2,twse,10.35,10.35,10.11,10.16,18344279,186746518,-0.27,,463465000,1979,,,1
2026-04-23,00665L,富邦恒生國企正2,twse,10.18,10.20,9.95,9.98,21833364,219086993,-0.18,,463465000,1898,,,1
2026-04-24,00665L,富邦恒生國企正2,twse,9.98,10.04,9.82,10.00,16942346,168121906,0.02,,463465000,1757,,,1
2026-04-27,00665L,富邦恒生國企正2,twse,10.08,10.16,9.97,10.02,12832685,129214010,0.02,,463465000,1109,,,1
2026-04-28,00665L,富邦恒生國企正2,twse,10.03,10.03,9.78,9.79,12573678,124173477,-0.23,,463465000,1723,,,1
2026-04-29,00665L,富邦恒生國企正2,twse,9.85,10.09,9.84,10.07,12602699,126239586,0.28,,461465000,1170,,,1
2026-04-30,00665L,富邦恒生國企正2,twse,10.04,10.08,9.86,9.87,9883649,98054634,-0.2,,461465000,1250,,,1
2026-05-04,00665L,富邦恒生國企正2,twse,10.09,10.32,10.06,10.19,23585522,240851089,0.32,,456465000,2056,,,1
2026-05-05,00665L,富邦恒生國企正2,twse,10.13,10.13,9.82,9.88,20270713,201216764,-0.31,,456465000,2336,,,1
2026-05-06,00665L,富邦恒生國企正2,twse,10.02,10.16,9.97,10.11,18470019,186187677,0.23,,456465000,1767,,,1
2026-05-07,00665L,富邦恒生國企正2,twse,10.29,10.45,10.29,10.38,20926361,217556919,0.27,,453465000,1901,,,1
2026-05-08,00665L,富邦恒生國企正2,twse,10.30,10.31,10.21,10.28,8235741,84495945,-0.1,,453465000,864,,,1
2026-05-11,00665L,富邦恒生國企正2,twse,10.28,10.31,10.17,10.25,8587941,87859985,-0.03,,453465000,963,,,1
2026-05-12,00665L,富邦恒生國企正2,twse,10.35,10.48,10.32,10.37,13707248,142780823,0.12,,448465000,1363,,,1
2026-05-13,00665L,富邦恒生國企正2,twse,10.37,10.40,10.20,10.34,10269106,105729094,-0.03,,448465000,972,,,1
2026-05-14,00665L,富邦恒生國企正2,twse,10.67,10.78,10.32,10.39,32170140,340589481,0.05,,448465000,2490,,,1
2026-05-15,00665L,富邦恒生國企正2,twse,10.27,10.28,9.98,9.98,20378003,205876626,-0.41,,448465000,2300,,,1
2026-05-18,00665L,富邦恒生國企正2,twse,9.78,9.85,9.63,9.75,18591775,180790756,-0.23,,459465000,2084,,,1
2026-05-19,00665L,富邦恒生國企正2,twse,9.75,9.86,9.69,9.78,9945484,97276833,0.03,,459465000,812,,,1
2026-05-20,00665L,富邦恒生國企正2,twse,9.78,9.80,9.68,9.71,7034658,68440268,-0.07,,459465000,752,,,1
2026-05-21,00665L,富邦恒生國企正2,twse,9.83,9.86,9.65,9.66,18586410,180793908,-0.05,,467465000,1636,,,1
2026-05-22,00665L,富邦恒生國企正2,twse,9.61,9.72,9.54,9.69,17747886,170678409,0.03,,470965000,1616,,,1
2026-05-25,00665L,富邦恒生國企正2,twse,9.65,9.68,9.61,9.62,7274169,70055274,-0.07,,470965000,1006,,,1
2026-05-26,00665L,富邦恒生國企正2,twse,9.70,9.78,9.52,9.70,24233672,234381873,0.08,,470965000,1693,,,1
2026-05-27,00665L,富邦恒生國企正2,twse,9.72,9.72,9.40,9.43,24458240,233142841,-0.27,,486965000,2559,,,1
2026-05-28,00665L,富邦恒生國企正2,twse,9.40,9.45,8.95,9.00,43540259,397049929,-0.43,,503965000,4302,,,1
2026-05-29,00665L,富邦恒生國企正2,twse,9.18,9.38,9.17,9.33,15298278,141722179,0.33,,503965000,1552,,,1
2026-06-01,00665L,富邦恒生國企正2,twse,9.34,9.52,9.21,9.42,14771538,139225273,0.09,,501965000,1187,,,1
2026-06-02,00665L,富邦恒生國企正2,twse,9.43,9.92,9.35,9.90,47130177,457289454,0.48,,482965000,2877,,,1
2026-06-03,00665L,富邦恒生國企正2,twse,10.02,10.02,9.61,9.64,25938093,252691602,-0.26,,482965000,2292,,,1
2026-06-04,00665L,富邦恒生國企正2,twse,9.59,9.63,9.45,9.47,10693066,101662298,-0.17,,482965000,1269,,,1
2026-06-05,00665L,富邦恒生國企正2,twse,9.45,9.54,9.40,9.41,11118347,105056966,-0.06,,482965000,1033,,,1
2026-06-08,00665L,富邦恒生國企正2,twse,9.05,9.32,9.02,9.16,14656279,134071581,-0.25,,482965000,1670,,,1
2026-06-09,00665L,富邦恒生國企正2,twse,9.16,9.23,9.06,9.17,13811736,126167817,0.01,,482965000,1272,,,1
2026-06-10,00665L,富邦恒生國企正2,twse,9.14,9.17,9.00,9.04,22380869,202661061,-0.13,,487965000,2040,,,1
2026-06-11,00665L,富邦恒生國企正2,twse,9.03,9.21,8.82,8.91,20541552,184370866,-0.13,,490965000,2419,,,1
2026-06-12,00665L,富邦恒生國企正2,twse,9.09,9.29,9.00,9.26,17087142,156656677,0.35,,490965000,1559,,,1
2026-06-15,00665L,富邦恒生國企正2,twse,9.38,9.47,9.25,9.30,21065839,197362620,0.04,,490965000,1338,,,1
2026-06-16,00665L,富邦恒生國企正2,twse,9.32,9.32,8.99,8.99,25358699,230667889,-0.31,,499965000,2378,,,1
2026-06-17,00665L,富邦恒生國企正2,twse,8.98,9.03,8.75,8.81,31083497,275505419,-0.18,,516965000,2925,,,1
2026-06-18,00665L,富邦恒生國企正2,twse,8.77,8.82,8.40,8.40,57201377,489081914,-0.41,,562465000,5493,,,1
2026-06-22,00665L,富邦恒生國企正2,twse,8.43,8.47,8.06,8.32,43589869,357891997,-0.08,,566465000,3842,,,1
2026-06-23,00665L,富邦恒生國企正2,twse,8.33,8.35,8.00,8.00,28272157,229450033,-0.32,,566465000,2790,,,1
2026-06-24,00665L,富邦恒生國企正2,twse,8.07,8.08,7.90,7.98,22302762,177883850,-0.02,,566465000,2045,,,1
2026-06-25,00665L,富邦恒生國企正2,twse,7.98,8.01,7.61,7.61,38632689,299101170,-0.37,,571465000,3728,,,1
2026-06-26,00665L,富邦恒生國企正2,twse,7.60,7.64,7.26,7.38,45611478,337644961,-0.23,,571465000,3364,,,1
2026-06-29,00665L,富邦恒生國企正2,twse,7.49,7.79,7.47,7.72,28950962,220493130,0.34,,568465000,2062,,,1
2026-06-30,00665L,富邦恒生國企正2,twse,7.74,7.74,7.42,7.44,24945911,188574246,-0.28,,568465000,2233,,,1
2026-07-01,00665L,富邦恒生國企正2,twse,7.54,7.61,7.48,7.53,7029647,53066628,0.09,,568465000,759,,,1
2026-07-02,00665L,富邦恒生國企正2,twse,7.58,7.97,7.58,7.74,28319156,220550155,0.21,,568465000,2310,,,1
2026-07-03,00665L,富邦恒生國企正2,twse,7.74,8.07,7.74,7.86,21233329,168742107,0.12,,568465000,2025,,,1
2026-07-06,00665L,富邦恒生國企正2,twse,7.87,8.19,7.82,8.09,20122597,161972546,0.23,,568465000,1850,,,1
2026-07-07,00665L,富邦恒生國企正2,twse,8.13,8.31,8.01,8.06,29803674,243046312,-0.03,,564465000,2174,,,1
2026-07-08,00665L,富邦恒生國企正2,twse,8.06,8.63,8.05,8.62,49718394,419143514,0.56,,548465000,3733,,,1
2026-07-09,00665L,富邦恒生國企正2,twse,8.60,8.80,8.47,8.50,29745361,256807674,-0.12,,536965000,2281,,,1
2026-07-13,00665L,富邦恒生國企正2,twse,8.59,8.83,8.56,8.61,28836408,250926940,0.11,,530465000,2040,,,1
2026-07-14,00665L,富邦恒生國企正2,twse,8.62,8.73,8.44,8.69,25803999,221839819,0.08,,529965000,1701,,,1
2026-07-15,00665L,富邦恒生國企正2,twse,8.75,9.02,8.73,8.92,29836331,265127318,0.23,,518965000,2015,,,1
2026-07-16,00665L,富邦恒生國企正2,twse,8.99,9.38,8.97,9.38,48977254,452216238,0.46,,491965000,3193,,,1
2026-07-17,00665L,富邦恒生國企正2,twse,9.22,9.34,8.68,8.68,29135581,261401896,-0.7,,486965000,2697,,,1
2026-07-20,00665L,富邦恒生國企正2,twse,8.89,9.39,8.88,9.37,30801331,284082078,0.69,,476965000,2939,,,1
2026-07-21,00665L,富邦恒生國企正2,twse,9.37,9.47,9.21,9.34,20651370,192824040,-0.03,,472465000,1528,,,1
2026-07-22,00665L,富邦恒生國企正2,twse,9.28,9.28,9.08,9.09,13592335,124509050,-0.25,,472465000,1690,,,1
2026-07-23,00665L,富邦恒生國企正2,twse,9.12,9.35,9.02,9.31,18595344,171429798,0.22,,472465000,1698,,,1
2026-07-24,00665L,富邦恒生國企正2,twse,9.19,9.19,9.08,9.13,11903885,108598691,-0.18,,472465000,1021,,,1
2026-07-27,00665L,富邦恒生國企正2,twse,9.19,9.35,9.11,9.31,11804767,109267980,0.18,,466965000,1038,,,1
2026-07-28,00665L,富邦恒生國企正2,twse,9.36,9.62,9.31,9.39,28988991,274014166,0.08,,452965000,2301,,,1
2026-07-29,00665L,富邦恒生國企正2,twse,9.60,9.94,9.58,9.81,45860564,450200599,0.42,,432465000,3250,,,1
2026-07-30,00665L,富邦恒生國企正2,twse,9.87,10.12,9.85,9.90,26405462,263235864,0.09,,420965000,1998,,,1
2026-07-31,00665L,富邦恒生國企正2,twse,10.01,10.16,9.69,9.87,30856123,305831402,-0.03,,419965000,1970,,,1
2026-08-03,00665L,富邦恒生國企正2,twse,9.94,10.08,9.84,9.93,12850352,127915912,0.06,,414965000,979,,,1
2026-08-04,00665L,富邦恒生國企正2,twse,10.00,10.10,9.75,9.76,16910536,167313543,-0.17,,412965000,1359,,,1
2026-08-05,00665L,富邦恒生國企正2,twse,9.90,9.91,9.71,9.80,10586882,103840035,0.04,,412965000,966,,,1
2026-08-06,00665L,富邦恒生國企正2,twse,9.75,9.76,9.56,9.58,13311111,128227884,-0.22,,412965000,1105,,,1
2026-08-07,00665L,富邦恒生國企正2,twse,9.60,9.66,9.50,9.63,7650145,73283227,0.05,,412965000,756,,,1
2026-08-10,00665L,富邦恒生國企正2,twse,9.75,9.85,9.69,9.74,9547283,93397844,0.11,,411465000,770,,,1
2026-08-11,00665L,富邦恒生國企正2,twse,9.86,9.98,9.72,9.73,13909772,137341855,-0.01,,408965000,1248,,,1
2026-08-12,00665L,富邦恒生國企正2,twse,9.68,9.68,9.39,9.40,15501615,146877045,-0.33,,408965000,1781,,,1
2026-08-13,00665L,富邦恒生國企正2,twse,9.43,9.52,9.38,9.51,10513901,99342570,0.11,,408965000,717,,,1
2026-08-14,00665L,富邦恒生國企正2,twse,9.40,9.40,9.20,9.23,15320771,142386666,-0.28,,408965000,1650,,,1
2026-08-17,00665L,富邦恒生國企正2,twse,9.29,9.47,9.28,9.46,8731448,82143218,0.23,,408965000,822,,,1
2026-08-18,00665L,富邦恒生國企正2,twse,9.38,9.41,9.23,9.28,9938848,92473611,-0.18,,408965000,868,,,1
2026-08-19,00665L,富邦恒生國企正2,twse,9.30,9.52,9.28,9.50,13182603,124402262,0.22,,408965000,1093,,,1
2026-08-20,00665L,富邦恒生國企正2,twse,9.60,9.75,9.58,9.74,14483359,139975588,0.24,,406965000,1183,,,1
2026-08-21,00665L,富邦恒生國企正2,twse,9.67,9.75,9.62,9.69,5637087,54608086,-0.05,,406965000,483,,,1
2026-08-24,00665L,富邦恒生國企正2,twse,9.73,9.73,9.36,9.42,11691027,110736795,-0.27,,406965000,1033,,,1
2026-08-25,00665L,富邦恒生國企正2,twse,9.44,9.53,9.35,9.40,6828870,64281885,-0.02,,406965000,561,,,1
2026-08-26,00665L,富邦恒生國企正2,twse,9.46,9.71,9.46,9.61,10357792,99624997,0.21,,403965000,851,,,1
2026-08-27,00665L,富邦恒生國企正2,twse,9.59,9.67,9.42,9.49,7522119,71561041,-0.12,,403965000,742,,,1
2026-08-28,00665L,富邦恒生國企正2,twse,9.45,9.54,9.29,9.50,12325218,116217870,0.01,,403965000,937,,,1
2026-08-31,00665L,富邦恒生國企正2,twse,9.45,9.45,9.31,9.45,10958443,102821586,-0.05,,403965000,666,,,1
2026-09-01,00665L,富邦恒生國企正2,twse,9.46,9.50,9.31,9.36,6985588,65539181,-0.09,,403965000,703,,,1
2026-09-02,00665L,富邦恒生國企正2,twse,9.35,9.40,9.16,9.27,7648210,70721646,-0.09,,403965000,985,,,1
2026-09-03,00665L,富邦恒生國企正2,twse,9.41,9.56,9.25,9.26,11916207,112494942,-0.01,,403965000,1196,,,1
2026-09-04,00665L,富邦恒生國企正2,twse,9.38,9.71,9.38,9.63,14509570,139268784,0.37,,403965000,1389,,,1
2026-09-07,00665L,富邦恒生國企正2,twse,9.66,9.66,9.29,9.31,11692532,109650131,-0.32,,403965000,1468,,,1
2026-09-08,00665L,富邦恒生國企正2,twse,9.29,9.29,9.16,9.23,6404741,59000615,-0.08,,403965000,980,,,1
2026-09-09,00665L,富邦恒生國企正2,twse,9.18,9.22,9.07,9.13,8791902,80516585,-0.1,,403965000,884,,,1
2026-09-10,00665L,富邦恒生國企正2,twse,9.05,9.05,8.90,8.98,12291479,110487320,-0.15,,407965000,1373,,,1
2026-09-11,00665L,富邦恒生國企正2,twse,8.92,8.98,8.76,8.95,9441573,83585176,-0.03,,407965000,1020,,,1
