date,stock_id,name,market,open,high,low,close,volume,amount,change,limit,shares,transactions,price_basis
2015-01-05,2327,國巨*,twse,50.50,50.50,49.55,49.55,2273918,113627428,-1.45,,,1237,
2015-01-06,2327,國巨*,twse,49.10,49.30,47.00,47.65,3633366,175419259,-1.9,,,1393,
2015-01-07,2327,國巨*,twse,47.70,47.90,47.05,47.65,1338939,63545217,0.0,,,1029,
2015-01-08,2327,國巨*,twse,48.00,48.40,47.60,48.20,2187642,105120416,0.55,,,1207,
2015-01-09,2327,國巨*,twse,48.50,48.95,48.20,48.55,1787087,86784108,0.35,,,947,
2015-01-12,2327,國巨*,twse,48.40,48.80,48.10,48.25,1181884,57334448,-0.3,,,556,
2015-01-13,2327,國巨*,twse,48.50,48.50,47.70,48.40,1132221,54463574,0.15,,,888,
2015-01-14,2327,國巨*,twse,48.60,49.20,48.30,48.80,1139084,55448428,0.4,,,874,
2015-01-15,2327,國巨*,twse,49.00,51.40,48.80,50.80,4915616,247204924,2.0,,,2755,
2015-01-16,2327,國巨*,twse,50.80,51.30,49.55,50.00,2824210,142036104,-0.8,,,1337,
2015-01-19,2327,國巨*,twse,50.40,50.80,49.20,49.55,1094820,54317653,-0.45,,,597,
2015-01-20,2327,國巨*,twse,49.55,50.30,49.55,49.85,1419091,70985726,0.3,,,735,
2015-01-21,2327,國巨*,twse,49.65,50.60,49.65,50.10,1241016,62171122,0.25,,,880,
2015-01-22,2327,國巨*,twse,50.10,50.70,50.00,50.50,1664138,83967811,0.4,,,644,
2015-01-23,2327,國巨*,twse,50.30,52.00,50.30,51.10,2022914,103787279,0.6,,,1212,
2015-01-26,2327,國巨*,twse,51.10,54.60,51.10,54.60,4960252,265273520,3.5,,,2810,
2015-01-27,2327,國巨*,twse,56.70,58.40,56.20,58.20,13814857,801098608,3.6,,,4398,
2015-01-28,2327,國巨*,twse,57.50,58.10,56.20,56.70,5360092,306008074,-1.5,,,2955,
2015-01-29,2327,國巨*,twse,56.70,58.50,56.60,58.00,4479073,259008264,1.3,,,2240,
2015-01-30,2327,國巨*,twse,58.60,58.70,56.70,56.90,3952873,227814154,-1.1,,,2218,
2015-02-02,2327,國巨*,twse,57.40,60.30,57.10,58.80,7797236,461042371,1.9,,,4137,
2015-02-03,2327,國巨*,twse,59.10,60.00,58.10,59.20,3940803,233187577,0.4,,,2053,
2015-02-04,2327,國巨*,twse,60.30,61.90,59.80,60.50,4765938,291051506,1.3,,,2817,
2015-02-05,2327,國巨*,twse,60.50,61.00,59.60,60.50,2786068,168176468,0.0,,,1513,
2015-02-06,2327,國巨*,twse,61.00,61.90,59.30,59.60,4637284,280488760,-0.9,,,2329,
2015-02-09,2327,國巨*,twse,59.30,60.00,59.10,59.70,1454084,86519481,0.1,,,890,
2015-02-10,2327,國巨*,twse,60.00,60.20,58.50,58.50,1711567,101196345,-1.2,,,1042,
2015-02-11,2327,國巨*,twse,59.00,59.10,57.80,57.80,1152552,67115179,-0.7,,,741,
2015-02-12,2327,國巨*,twse,57.80,58.90,57.10,58.50,1636534,94782000,0.7,,,1068,
2015-02-13,2327,國巨*,twse,58.60,59.50,58.50,58.50,1179348,69618739,0.0,,,854,
2015-02-24,2327,國巨*,twse,60.00,60.10,59.10,59.50,1969714,117460308,1.0,,,1056,
2015-02-25,2327,國巨*,twse,59.60,60.50,59.60,59.70,1563321,93427879,0.2,,,811,
2015-02-26,2327,國巨*,twse,60.00,60.40,59.10,59.60,1609348,96364590,-0.1,,,818,
2015-03-02,2327,國巨*,twse,59.60,62.90,59.50,62.00,5543088,341583768,2.4,,,2782,
2015-03-03,2327,國巨*,twse,62.80,63.10,61.20,61.60,3876478,240962273,-0.4,,,2420,
2015-03-04,2327,國巨*,twse,61.20,64.00,61.20,63.00,2937958,184591581,1.4,,,1728,
2015-03-05,2327,國巨*,twse,63.80,66.50,62.70,65.50,3930979,255299648,2.5,,,2600,
2015-03-06,2327,國巨*,twse,65.50,65.80,64.20,64.40,2660896,172801044,-1.1,,,1589,
2015-03-09,2327,國巨*,twse,63.60,66.60,63.60,66.30,2287764,150360324,1.9,,,1519,
2015-03-10,2327,國巨*,twse,66.00,67.30,64.60,64.60,2537072,166965594,-1.7,,,1649,
2015-03-11,2327,國巨*,twse,64.30,65.10,63.80,63.90,1486639,95598153,-0.7,,,1013,
2015-03-12,2327,國巨*,twse,64.00,64.90,63.60,63.90,1452487,93425157,0.0,,,1289,
2015-03-13,2327,國巨*,twse,64.50,65.70,64.30,64.40,1366059,88540068,0.5,,,937,
2015-03-16,2327,國巨*,twse,65.60,65.60,62.80,62.80,1894122,120136634,-1.6,,,1339,
2015-03-17,2327,國巨*,twse,63.00,63.20,59.50,59.50,3421275,208512239,-3.3,,,2071,
2015-03-18,2327,國巨*,twse,60.00,61.80,59.50,61.60,4207724,256111742,2.1,,,2373,
2015-03-19,2327,國巨*,twse,61.60,65.40,61.60,64.20,3623760,230608040,2.6,,,2212,
2015-03-20,2327,國巨*,twse,64.10,64.80,62.80,63.40,2693448,171524929,-0.8,,,1778,
2015-03-23,2327,國巨*,twse,63.50,64.40,63.00,63.70,1748047,111189550,0.3,,,1064,
2015-03-24,2327,國巨*,twse,63.90,64.00,61.60,63.70,3257233,204431207,0.0,,,1806,
2015-03-25,2327,國巨*,twse,63.20,64.50,63.00,63.50,2207175,140759640,-0.2,,,1267,
2015-03-26,2327,國巨*,twse,63.00,63.80,62.70,62.80,968685,61137380,-0.7,,,786,
2015-03-27,2327,國巨*,twse,62.80,64.10,62.60,63.30,2250737,142413631,0.5,,,1234,
2015-03-30,2327,國巨*,twse,63.60,63.60,62.00,63.00,1360280,85265738,-0.3,,,889,
2015-03-31,2327,國巨*,twse,63.40,64.70,63.10,64.50,2726917,174194141,1.5,,,1160,
2015-04-01,2327,國巨*,twse,64.20,65.40,63.60,65.40,2950202,190373232,0.9,,,1287,
2015-04-02,2327,國巨*,twse,65.60,66.30,65.00,66.30,2762145,180982408,0.9,,,1379,
2015-04-07,2327,國巨*,twse,66.20,66.20,64.90,65.20,1609309,105347020,-1.1,,,1006,
2015-04-08,2327,國巨*,twse,65.40,65.80,62.10,62.10,2445340,154932990,-3.1,,,1657,
2015-04-09,2327,國巨*,twse,62.10,62.80,60.20,60.20,2065180,127031038,-1.9,,,1453,
2015-04-10,2327,國巨*,twse,60.90,61.80,60.20,60.40,1677777,102186310,0.2,,,1137,
2015-04-13,2327,國巨*,twse,61.60,62.90,60.50,61.50,2463801,151980443,1.1,,,1525,
2015-04-14,2327,國巨*,twse,61.50,62.00,61.10,61.40,587152,36175121,-0.1,,,472,
2015-04-15,2327,國巨*,twse,61.40,62.00,61.00,61.40,1142149,70300905,0.0,,,783,
2015-04-16,2327,國巨*,twse,62.00,64.30,61.70,63.50,4905564,310371367,2.1,,,1868,
2015-04-17,2327,國巨*,twse,63.10,65.50,62.20,65.00,6080713,391138093,1.5,,,2710,
2015-04-20,2327,國巨*,twse,65.10,65.60,61.50,61.50,6226290,395821919,-3.5,,,3070,
2015-04-21,2327,國巨*,twse,62.30,62.50,59.10,60.00,4058626,246172260,-1.5,,,2208,
2015-04-22,2327,國巨*,twse,60.70,62.10,60.20,60.80,3916324,239216980,0.8,,,1948,
2015-04-23,2327,國巨*,twse,61.90,62.60,61.40,62.50,2304003,143043863,1.7,,,1262,
2015-04-24,2327,國巨*,twse,63.00,63.30,61.50,63.10,3033140,189753676,0.6,,,1860,
2015-04-27,2327,國巨*,twse,64.00,64.90,62.80,63.90,2887943,185241235,0.8,,,1525,
2015-04-28,2327,國巨*,twse,64.70,65.00,63.10,64.00,2414385,155343389,0.1,,,1402,
2015-04-29,2327,國巨*,twse,63.60,64.20,62.60,63.10,1316685,83277405,-0.9,,,967,
2015-04-30,2327,國巨*,twse,63.50,63.50,62.50,63.20,1791425,113078313,0.1,,,1086,
2015-05-04,2327,國巨*,twse,64.00,64.20,62.50,63.60,2508090,158696752,0.4,,,1383,
2015-05-05,2327,國巨*,twse,63.60,64.90,63.60,64.50,1888454,121697124,0.9,,,1141,
2015-05-06,2327,國巨*,twse,64.00,64.10,62.80,62.90,2172885,137639265,-1.6,,,1012,
2015-05-07,2327,國巨*,twse,62.70,65.00,62.50,63.20,2543095,163053186,0.3,,,1385,
2015-05-08,2327,國巨*,twse,63.20,64.90,63.00,64.20,2495393,159976081,1.0,,,1864,
2015-05-11,2327,國巨*,twse,64.40,64.60,62.00,62.10,1652675,103816908,-2.1,,,1032,
2015-05-12,2327,國巨*,twse,62.00,63.50,61.10,62.40,1950266,121731672,0.3,,,1255,
2015-05-13,2327,國巨*,twse,62.60,62.70,61.90,62.00,809687,50287494,-0.4,,,580,
2015-05-14,2327,國巨*,twse,62.00,62.50,60.60,61.40,1829817,112059885,-0.6,,,1199,
2015-05-15,2327,國巨*,twse,61.50,61.70,59.90,60.00,2817941,169732465,-1.4,,,1568,
2015-05-18,2327,國巨*,twse,60.00,60.20,58.00,58.90,1646108,97218705,-1.1,,,1242,
2015-05-19,2327,國巨*,twse,59.20,60.00,58.50,58.80,1961692,116260256,-0.1,,,1554,
2015-05-20,2327,國巨*,twse,59.60,60.00,59.10,59.90,1343224,80250360,1.1,,,1054,
2015-05-21,2327,國巨*,twse,60.40,60.70,59.80,59.80,1068910,64284230,-0.1,,,735,
2015-05-22,2327,國巨*,twse,60.00,60.70,59.40,59.90,1876559,112088768,0.1,,,917,
2015-05-25,2327,國巨*,twse,59.90,60.00,57.30,57.50,1748959,101222640,-2.4,,,1182,
2015-05-26,2327,國巨*,twse,58.30,58.30,54.70,55.00,4176745,231254575,-2.5,,,2266,
2015-05-27,2327,國巨*,twse,55.00,57.30,54.90,57.30,3027999,171268731,2.3,,,1655,
2015-05-28,2327,國巨*,twse,57.90,58.60,56.60,57.60,2198886,126476221,0.3,,,1103,
2015-05-29,2327,國巨*,twse,58.00,59.40,57.40,58.20,3589662,209921396,0.6,,,1559,
2015-06-01,2327,國巨*,twse,58.50,58.50,56.80,57.90,981411,56477107,-0.3,,,693,
2015-06-02,2327,國巨*,twse,57.20,57.70,56.60,56.60,868300,49551810,-1.3,,,633,
2015-06-03,2327,國巨*,twse,56.50,56.60,55.60,55.60,649087,36398823,-1.0,,,439,
2015-06-04,2327,國巨*,twse,55.90,56.50,54.90,55.40,945329,52528155,-0.2,,,723,
2015-06-05,2327,國巨*,twse,54.60,55.40,53.60,54.00,1720738,92995652,-1.4,,,887,
2015-06-08,2327,國巨*,twse,54.00,54.00,51.90,52.70,2836973,148549977,-1.3,,,1939,
2015-06-09,2327,國巨*,twse,52.00,52.60,49.60,50.20,2479339,125089113,-2.5,,,1456,
2015-06-10,2327,國巨*,twse,50.00,51.00,48.70,49.25,3210122,158373344,-0.95,,,1992,
2015-06-11,2327,國巨*,twse,49.80,51.50,49.40,49.95,3754023,188939791,0.7,,,2378,
2015-06-12,2327,國巨*,twse,49.55,51.00,48.70,49.00,3204095,159508586,-0.95,,,1863,
2015-06-15,2327,國巨*,twse,51.40,53.90,50.80,53.90,5494956,284154915,4.9,,,2771,
2015-06-16,2327,國巨*,twse,53.90,54.20,52.70,53.20,2902510,154795130,-0.7,,,1429,
2015-06-17,2327,國巨*,twse,53.20,53.50,52.10,52.50,1835369,96553868,-0.7,,,1345,
2015-06-18,2327,國巨*,twse,52.90,53.00,52.40,52.50,1914117,100758028,0.0,,,1138,
2015-06-22,2327,國巨*,twse,53.00,57.10,53.00,56.20,5550105,306249957,3.7,,,3110,
2015-06-23,2327,國巨*,twse,56.50,56.60,54.80,54.80,2658050,147618819,-1.4,,,1782,
2015-06-24,2327,國巨*,twse,54.80,55.30,53.00,54.30,3543645,191166230,-0.5,,,1555,
2015-06-25,2327,國巨*,twse,55.00,55.20,54.20,54.50,1163983,63574064,0.2,,,752,
2015-06-26,2327,國巨*,twse,54.50,55.70,54.20,55.00,2222240,122390200,0.5,,,1030,
2015-06-29,2327,國巨*,twse,54.60,54.80,53.00,53.00,2273297,122680934,-2.0,,,1301,
2015-06-30,2327,國巨*,twse,49.30,49.95,47.60,48.40,2184240,106624082,0.0,,,1197,
2015-07-01,2327,國巨*,twse,49.00,49.35,48.40,48.40,1651046,80447481,0.0,,,1080,
2015-07-02,2327,國巨*,twse,48.90,49.20,47.90,48.05,1646588,79860674,-0.35,,,1308,
2015-07-03,2327,國巨*,twse,48.05,48.20,47.30,47.60,1270957,60615500,-0.45,,,869,
2015-07-06,2327,國巨*,twse,47.50,48.55,47.05,47.30,4299542,204708335,-0.3,,,803,
2015-07-07,2327,國巨*,twse,47.70,47.80,47.35,47.35,2036310,96772670,0.05,,,1300,
2015-07-08,2327,國巨*,twse,47.90,47.90,46.90,47.05,3151484,149023908,-0.3,,,1374,
2015-07-09,2327,國巨*,twse,45.50,46.65,45.50,46.55,1743726,80270537,-0.5,,,791,
2015-07-13,2327,國巨*,twse,47.00,47.10,45.90,46.45,2655010,123173958,-0.1,,,1382,
2015-07-14,2327,國巨*,twse,46.45,47.00,45.65,46.10,2878144,132964347,-0.35,,,1739,
2015-07-15,2327,國巨*,twse,46.10,46.80,45.85,46.40,2192463,101575436,0.3,,,1135,
2015-07-16,2327,國巨*,twse,46.85,46.90,46.00,46.30,1207263,56056719,-0.1,,,777,
2015-07-17,2327,國巨*,twse,46.25,46.85,46.15,46.40,1087815,50637497,0.1,,,655,
2015-07-20,2327,國巨*,twse,46.40,46.75,46.35,46.50,1463988,68039534,0.1,,,732,
2015-07-21,2327,國巨*,twse,46.75,46.90,46.40,46.90,782902,36547498,0.4,,,445,
2015-07-22,2327,國巨*,twse,46.70,47.60,46.50,47.60,1200758,56770039,0.7,,,688,
2015-07-23,2327,國巨*,twse,47.30,47.60,46.65,47.20,1114947,52531907,-0.4,,,731,
2015-07-24,2327,國巨*,twse,46.70,47.15,46.25,46.75,1570527,73399026,-0.45,,,694,
2015-07-27,2327,國巨*,twse,46.15,47.15,46.00,46.30,2637538,122763688,-0.45,,,979,
2015-07-28,2327,國巨*,twse,45.70,46.50,45.70,45.85,2202276,101368370,-0.45,,,895,
2015-07-29,2327,國巨*,twse,46.10,46.25,44.25,45.00,2810536,126174906,-0.85,,,1120,
2015-07-30,2327,國巨*,twse,45.00,45.65,44.75,45.60,1345528,60881917,0.6,,,872,
2015-07-31,2327,國巨*,twse,45.00,45.50,44.60,45.00,1520353,68170260,-0.6,,,855,
2015-08-03,2327,國巨*,twse,45.00,45.00,41.70,43.85,1715650,73997895,-1.15,,,1087,
2015-08-04,2327,國巨*,twse,44.50,44.50,42.40,43.00,1790586,77317578,-0.85,,,1016,
2015-08-05,2327,國巨*,twse,43.30,45.60,42.75,45.60,1348551,59491662,2.6,,,922,
2015-08-06,2327,國巨*,twse,45.60,45.95,44.50,45.60,1152411,51872352,0.0,,,609,
2015-08-07,2327,國巨*,twse,45.25,46.45,44.75,46.45,549279,25016235,0.85,,,379,
2015-08-10,2327,國巨*,twse,47.00,51.00,47.00,49.20,2530273,123931045,2.75,,,1439,
2015-08-11,2327,國巨*,twse,49.20,50.40,48.30,49.60,2025098,99485389,0.4,,,1125,
2015-08-12,2327,國巨*,twse,49.15,50.40,48.45,49.65,1357261,67214064,0.05,,,812,
2015-08-13,2327,國巨*,twse,51.40,53.30,51.40,52.20,3047609,159521168,2.55,,,1632,
2015-08-14,2327,國巨*,twse,51.70,51.90,50.60,50.60,1085256,55552697,-1.6,,,745,
2015-08-17,2327,國巨*,twse,50.60,50.90,49.15,49.90,960825,48017972,-0.7,,,608,
2015-08-18,2327,國巨*,twse,48.70,50.10,48.70,49.25,1095214,53813794,-0.65,,,602,
2015-08-19,2327,國巨*,twse,48.90,49.35,46.80,48.35,1992107,95916038,-0.9,,,1176,
2015-08-20,2327,國巨*,twse,47.80,48.85,46.75,48.85,3273242,155825207,0.5,,,2162,
2015-08-21,2327,國巨*,twse,47.15,47.20,45.05,46.30,2733176,126157546,-2.55,,,1432,
2015-08-24,2327,國巨*,twse,45.20,46.30,41.80,46.30,3219202,139467965,0.0,,,1402,
2015-08-25,2327,國巨*,twse,44.85,46.40,44.45,46.25,2572390,117530390,-0.05,,,1242,
2015-08-26,2327,國巨*,twse,46.50,46.50,45.15,45.25,1371400,62374995,-1.0,,,686,
2015-08-27,2327,國巨*,twse,45.80,45.80,44.90,45.60,3825334,173601157,0.35,,,1663,
2015-08-28,2327,國巨*,twse,45.80,46.80,45.55,45.75,1459067,67267849,0.15,,,804,
2015-08-31,2327,國巨*,twse,45.60,46.20,44.80,46.05,2007719,91446879,0.3,,,1289,
2015-09-01,2327,國巨*,twse,46.00,46.45,45.60,46.05,1272988,58556194,0.0,,,800,
2015-09-02,2327,國巨*,twse,45.80,46.10,45.55,46.05,713640,32756458,0.0,,,466,
2015-09-03,2327,國巨*,twse,46.60,50.30,46.05,50.00,4221839,206593174,3.95,,,1621,
2015-09-04,2327,國巨*,twse,49.50,50.00,47.55,49.00,1931556,93976498,-1.0,,,1110,
2015-09-07,2327,國巨*,twse,48.00,49.00,48.00,49.00,648185,31592013,0.0,,,386,
2015-09-08,2327,國巨*,twse,48.60,50.60,48.45,50.20,1822625,90087550,1.2,,,626,
2015-09-09,2327,國巨*,twse,50.20,51.00,49.55,49.75,2182738,109271285,-0.45,,,1091,
2015-09-10,2327,國巨*,twse,49.40,49.70,48.55,48.80,1708063,83550114,-0.95,,,1021,
2015-09-11,2327,國巨*,twse,49.05,49.50,48.80,49.50,1136124,55902647,0.7,,,651,
2015-09-14,2327,國巨*,twse,49.50,49.75,48.90,48.95,1324659,65204772,-0.55,,,1013,
2015-09-15,2327,國巨*,twse,49.25,50.30,49.20,49.55,2481677,123694759,0.6,,,1297,
2015-09-16,2327,國巨*,twse,50.00,50.50,49.35,50.50,2542669,127358123,0.95,,,1471,
2015-09-17,2327,國巨*,twse,50.80,51.80,50.00,51.70,2667565,136647135,1.2,,,1639,
2015-09-18,2327,國巨*,twse,51.50,52.40,50.40,50.40,4986252,255416823,-1.3,,,2239,
2015-09-21,2327,國巨*,twse,49.90,50.50,48.70,49.65,2077803,102700747,-0.75,,,1117,
2015-09-22,2327,國巨*,twse,49.65,50.10,49.15,49.65,978886,48672102,0.0,,,855,
2015-09-23,2327,國巨*,twse,51.00,52.90,49.20,51.00,5441658,274364757,1.35,,,2535,
2015-09-24,2327,國巨*,twse,51.00,51.20,49.55,49.90,1534758,76967120,-1.1,,,910,
2015-09-25,2327,國巨*,twse,50.50,50.50,49.00,50.40,1090754,54271022,0.5,,,634,
2015-09-30,2327,國巨*,twse,49.40,50.50,49.40,50.40,2442184,122143715,0.0,,,1022,
2015-10-01,2327,國巨*,twse,50.50,52.50,50.50,52.00,2923323,151227981,1.6,,,1990,
2015-10-02,2327,國巨*,twse,52.00,54.50,51.10,54.00,3409475,181235591,2.0,,,1646,
2015-10-05,2327,國巨*,twse,54.70,55.00,53.30,53.50,2260291,122286244,-0.5,,,1471,
2015-10-06,2327,國巨*,twse,54.00,54.50,52.50,52.90,2417284,129172232,-0.6,,,1420,
2015-10-07,2327,國巨*,twse,53.50,54.20,53.10,53.10,3407028,182953177,0.2,,,1609,
2015-10-08,2327,國巨*,twse,53.30,53.40,50.60,50.60,2612077,134207692,-2.5,,,1552,
2015-10-12,2327,國巨*,twse,51.10,51.20,50.20,51.00,1634860,82921890,0.4,,,936,
2015-10-13,2327,國巨*,twse,51.20,52.40,51.00,51.80,1585890,82209634,0.8,,,1028,
2015-10-14,2327,國巨*,twse,52.80,53.30,52.10,53.30,2157543,113742579,1.5,,,1121,
2015-10-15,2327,國巨*,twse,53.30,53.30,52.10,52.10,1031691,54180393,-1.2,,,677,
2015-10-16,2327,國巨*,twse,52.50,53.30,50.90,53.30,2564823,134179819,1.2,,,1077,
2015-10-19,2327,國巨*,twse,53.20,53.20,52.00,52.00,1216839,64060428,-1.3,,,617,
2015-10-20,2327,國巨*,twse,51.90,52.40,51.20,52.40,2093050,108329198,0.4,,,860,
2015-10-21,2327,國巨*,twse,52.30,53.00,51.80,52.40,566083,29692227,0.0,,,428,
2015-10-22,2327,國巨*,twse,52.10,53.50,52.10,52.80,1297769,68585768,0.4,,,1015,
2015-10-23,2327,國巨*,twse,53.00,53.60,52.30,52.30,952030,50350460,-0.5,,,695,
2015-10-26,2327,國巨*,twse,52.50,53.00,52.00,52.30,645184,33847999,0.0,,,440,
2015-10-27,2327,國巨*,twse,52.50,52.90,52.10,52.90,474122,24873411,0.6,,,365,
2015-10-28,2327,國巨*,twse,52.90,53.10,52.10,52.20,905585,47498358,-0.7,,,656,
2015-10-29,2327,國巨*,twse,52.30,52.40,51.50,51.60,839140,43439776,-0.6,,,658,
2015-10-30,2327,國巨*,twse,51.60,51.80,51.10,51.30,697969,35896710,-0.3,,,565,
2015-11-02,2327,國巨*,twse,51.30,53.00,51.30,52.60,1335421,70006610,1.3,,,1066,
2015-11-03,2327,國巨*,twse,53.50,53.70,53.10,53.70,1290052,68923365,1.1,,,904,
2015-11-04,2327,國巨*,twse,53.50,54.60,53.30,54.00,1501675,81119938,0.3,,,1056,
2015-11-05,2327,國巨*,twse,55.10,56.00,54.20,56.00,4328884,238362993,2.0,,,1889,
2015-11-06,2327,國巨*,twse,56.00,56.40,52.80,53.10,2256782,121450296,-2.9,,,1476,
2015-11-09,2327,國巨*,twse,53.30,53.40,51.60,51.90,1169133,61151392,-1.2,,,823,
2015-11-10,2327,國巨*,twse,51.90,52.00,50.80,50.90,2120112,108592712,-1.0,,,1370,
2015-11-11,2327,國巨*,twse,51.20,51.50,49.90,49.90,2033357,102389949,-1.0,,,1291,
2015-11-12,2327,國巨*,twse,50.20,50.60,49.50,49.80,1515144,75517550,-0.1,,,1053,
2015-11-13,2327,國巨*,twse,49.05,51.40,49.05,50.90,1250159,62980750,1.1,,,935,
2015-11-16,2327,國巨*,twse,50.20,51.30,49.70,50.50,851952,42888404,-0.4,,,567,
2015-11-17,2327,國巨*,twse,51.30,52.00,50.80,51.80,712544,36767812,1.3,,,504,
2015-11-18,2327,國巨*,twse,51.50,51.70,50.70,50.70,457817,23364912,-1.1,,,406,
2015-11-19,2327,國巨*,twse,51.00,51.40,50.80,50.90,515729,26315856,0.2,,,439,
2015-11-20,2327,國巨*,twse,51.30,51.70,51.00,51.10,411794,21164104,0.2,,,283,
2015-11-23,2327,國巨*,twse,51.30,51.70,51.30,51.50,277877,14315781,0.4,,,237,
2015-11-24,2327,國巨*,twse,51.60,51.80,50.70,50.70,546295,27959994,-0.8,,,432,
2015-11-25,2327,國巨*,twse,51.20,51.20,50.00,50.10,485241,24441495,-0.6,,,410,
2015-11-26,2327,國巨*,twse,50.20,51.50,50.20,51.10,668473,34055567,1.0,,,536,
2015-11-27,2327,國巨*,twse,51.10,51.50,50.50,50.80,565815,28949252,-0.3,,,468,
2015-11-30,2327,國巨*,twse,50.50,50.80,50.00,50.20,1034910,52034877,-0.6,,,607,
2015-12-01,2327,國巨*,twse,51.00,52.20,50.20,51.80,896362,46230238,1.6,,,572,
2015-12-02,2327,國巨*,twse,51.50,51.70,51.20,51.20,708708,36420441,-0.6,,,613,
2015-12-03,2327,國巨*,twse,51.20,51.90,51.00,51.00,494486,25398020,-0.2,,,387,
2015-12-04,2327,國巨*,twse,51.00,52.00,50.70,51.30,780692,40229292,0.3,,,638,
2015-12-07,2327,國巨*,twse,51.60,52.00,51.40,51.40,464515,24050261,0.1,,,348,
2015-12-08,2327,國巨*,twse,51.80,52.50,51.30,51.30,511003,26512246,-0.1,,,394,
2015-12-09,2327,國巨*,twse,51.10,51.60,50.90,50.90,349296,17851372,-0.4,,,286,
2015-12-10,2327,國巨*,twse,50.60,51.10,50.40,51.10,453795,23005881,0.2,,,391,
2015-12-11,2327,國巨*,twse,51.30,51.90,50.60,51.20,674755,34623005,0.1,,,550,
2015-12-14,2327,國巨*,twse,50.10,51.10,49.75,50.20,590314,29800750,-1.0,,,524,
2015-12-15,2327,國巨*,twse,50.80,50.80,50.10,50.40,538884,27163150,0.2,,,468,
2015-12-16,2327,國巨*,twse,51.30,51.30,50.40,51.00,355393,18127098,0.6,,,282,
2015-12-17,2327,國巨*,twse,51.00,51.60,50.90,51.50,693856,35567222,0.5,,,537,
2015-12-18,2327,國巨*,twse,51.40,51.60,51.00,51.60,491342,25218137,0.1,,,336,
2015-12-21,2327,國巨*,twse,51.00,53.40,51.00,52.40,1420765,74453599,0.8,,,1072,
2015-12-22,2327,國巨*,twse,52.50,52.70,51.20,51.20,848531,43949925,-1.2,,,691,
2015-12-23,2327,國巨*,twse,51.40,52.30,50.90,51.00,561679,28888353,-0.2,,,386,
2015-12-24,2327,國巨*,twse,51.10,51.30,50.30,50.30,683356,34576995,-0.7,,,463,
2015-12-25,2327,國巨*,twse,50.60,50.70,49.95,50.50,709385,35601809,0.2,,,514,
2015-12-28,2327,國巨*,twse,50.70,52.00,50.30,51.30,1584477,80730365,0.8,,,785,
2015-12-29,2327,國巨*,twse,51.00,52.50,50.80,52.50,1716139,89201759,1.2,,,860,
2015-12-30,2327,國巨*,twse,52.50,53.40,52.50,53.00,1287833,68113368,0.5,,,608,
2015-12-31,2327,國巨*,twse,53.00,53.40,52.30,53.20,1259199,66606919,0.2,,,687,
2016-01-04,2327,國巨*,twse,53.00,53.00,51.90,52.90,1128852,59378361,-0.3,,,697,
2016-01-05,2327,國巨*,twse,52.50,52.80,51.90,52.70,1067630,55785307,-0.2,,,703,
2016-01-06,2327,國巨*,twse,52.70,53.50,52.30,52.50,1751478,92198495,-0.2,,,692,
2016-01-07,2327,國巨*,twse,51.50,52.90,51.50,52.50,992055,52047066,0.0,,,657,
2016-01-08,2327,國巨*,twse,52.50,53.40,52.20,53.40,1156579,61362238,0.9,,,598,
2016-01-11,2327,國巨*,twse,53.00,53.30,52.60,53.00,576220,30551886,-0.4,,,379,
2016-01-12,2327,國巨*,twse,53.00,53.50,53.00,53.40,757541,40398873,0.4,,,451,
2016-01-13,2327,國巨*,twse,53.40,53.50,52.50,52.60,675216,35740213,-0.8,,,466,
2016-01-14,2327,國巨*,twse,52.20,53.20,51.80,52.80,852579,44823192,0.2,,,543,
2016-01-15,2327,國巨*,twse,52.80,53.20,52.00,52.20,1219026,63795736,-0.6,,,697,
2016-01-18,2327,國巨*,twse,51.40,53.30,51.10,53.00,866549,45669825,0.8,,,566,
2016-01-19,2327,國巨*,twse,52.60,53.20,52.20,52.70,942708,49773505,-0.3,,,514,
2016-01-20,2327,國巨*,twse,52.70,53.00,51.70,52.20,826796,43279204,-0.5,,,545,
2016-01-21,2327,國巨*,twse,51.80,53.20,50.40,52.60,1350865,70143229,0.4,,,823,
2016-01-22,2327,國巨*,twse,52.40,52.90,51.20,52.60,841663,44090468,0.0,,,429,
2016-01-25,2327,國巨*,twse,53.00,53.00,51.90,52.60,860010,45033117,0.0,,,477,
2016-01-26,2327,國巨*,twse,52.00,52.20,51.50,51.50,670461,34724037,-1.1,,,460,
2016-01-27,2327,國巨*,twse,51.90,52.00,51.10,51.80,445114,22939566,0.3,,,267,
2016-01-28,2327,國巨*,twse,51.50,52.20,51.40,52.00,513819,26633301,0.2,,,343,
2016-01-29,2327,國巨*,twse,52.00,52.20,51.50,52.20,1184205,61467634,0.2,,,509,
2016-01-30,2327,國巨*,twse,52.50,52.60,52.00,52.60,256718,13431447,0.4,,,133,
2016-02-01,2327,國巨*,twse,52.90,53.50,52.60,53.30,1158074,61537723,0.7,,,853,
2016-02-02,2327,國巨*,twse,53.00,53.50,52.70,53.30,575360,30660380,0.0,,,469,
2016-02-03,2327,國巨*,twse,53.20,53.60,52.20,52.40,1218815,64257398,-0.9,,,645,
2016-02-15,2327,國巨*,twse,53.70,54.90,53.70,54.40,2521019,136697416,2.0,,,1235,
2016-02-16,2327,國巨*,twse,54.40,55.00,54.00,54.70,1607716,87774538,0.3,,,917,
2016-02-17,2327,國巨*,twse,55.00,55.80,54.60,55.30,2017528,111796840,0.6,,,1173,
2016-02-18,2327,國巨*,twse,55.50,55.90,55.10,55.30,1488003,82744965,0.0,,,1068,
2016-02-19,2327,國巨*,twse,56.50,56.50,53.60,53.90,3176391,175517483,-1.4,,,1594,
2016-02-22,2327,國巨*,twse,54.00,54.40,53.20,54.00,2516508,135669265,0.1,,,1015,
2016-02-23,2327,國巨*,twse,54.20,54.40,53.60,53.60,1007991,54382713,-0.4,,,816,
2016-02-24,2327,國巨*,twse,53.70,54.70,53.60,54.40,1295178,70066639,0.8,,,1088,
2016-02-25,2327,國巨*,twse,54.40,55.10,54.10,54.70,784839,42952229,0.3,,,589,
2016-02-26,2327,國巨*,twse,54.70,55.00,54.40,55.00,452318,24739277,0.3,,,361,
2016-03-01,2327,國巨*,twse,55.40,55.40,54.70,55.30,796655,43893985,0.3,,,644,
2016-03-02,2327,國巨*,twse,55.50,55.80,54.80,54.80,648129,35878450,-0.5,,,472,
2016-03-03,2327,國巨*,twse,54.80,54.80,53.80,53.80,702130,38054877,-1.0,,,540,
2016-03-04,2327,國巨*,twse,53.80,55.00,53.70,54.60,512189,27799146,0.8,,,384,
2016-03-07,2327,國巨*,twse,54.60,55.20,54.60,55.20,749868,41237640,0.6,,,462,
2016-03-08,2327,國巨*,twse,55.20,55.20,54.00,54.00,694499,37718184,-1.2,,,494,
2016-03-09,2327,國巨*,twse,54.00,54.30,52.60,52.60,1319926,70069309,-1.4,,,905,
2016-03-10,2327,國巨*,twse,52.80,53.20,52.50,52.70,889143,46932903,0.1,,,626,
2016-03-11,2327,國巨*,twse,52.80,53.20,51.80,52.70,1188832,62511571,0.0,,,732,
2016-03-14,2327,國巨*,twse,53.80,54.00,53.10,53.20,1137240,60739456,0.5,,,754,
2016-03-15,2327,國巨*,twse,53.70,54.40,52.80,53.30,1971917,105681787,0.1,,,1283,
2016-03-16,2327,國巨*,twse,53.40,54.00,53.00,53.70,1097895,58813483,0.4,,,797,
2016-03-17,2327,國巨*,twse,54.10,54.80,53.80,54.10,1620158,88090532,0.4,,,1141,
2016-03-18,2327,國巨*,twse,54.10,54.70,53.60,54.30,1402150,76084595,0.2,,,889,
2016-03-21,2327,國巨*,twse,54.60,54.60,53.90,54.30,528133,28695482,0.0,,,428,
2016-03-22,2327,國巨*,twse,54.50,54.70,53.80,54.20,412887,22379270,-0.1,,,318,
2016-03-23,2327,國巨*,twse,54.10,54.20,53.60,53.80,472509,25446923,-0.4,,,358,
2016-03-24,2327,國巨*,twse,53.60,53.80,53.00,53.00,865035,46097355,-0.8,,,536,
2016-03-25,2327,國巨*,twse,53.00,53.80,53.00,53.70,505043,27009194,0.7,,,372,
2016-03-28,2327,國巨*,twse,53.70,54.00,53.50,53.50,377588,20305919,-0.2,,,369,
2016-03-29,2327,國巨*,twse,53.20,53.90,53.20,53.50,713369,38248425,0.0,,,627,
2016-03-30,2327,國巨*,twse,53.60,53.70,53.30,53.50,473033,25311850,0.0,,,326,
2016-03-31,2327,國巨*,twse,53.50,53.80,53.10,53.10,1038873,55461074,-0.4,,,515,
2016-04-01,2327,國巨*,twse,53.20,53.50,52.80,53.20,616646,32768066,0.1,,,435,
2016-04-06,2327,國巨*,twse,53.10,55.30,53.00,54.90,1916271,104584103,1.7,,,1137,
2016-04-07,2327,國巨*,twse,54.10,56.20,54.10,56.10,1862981,103857221,1.2,,,935,
2016-04-08,2327,國巨*,twse,55.90,56.50,55.50,56.20,1229684,69006619,0.1,,,618,
2016-04-11,2327,國巨*,twse,56.10,57.70,56.00,56.90,1470418,83645540,0.7,,,699,
2016-04-12,2327,國巨*,twse,56.90,58.00,56.80,58.00,1648554,94857846,1.1,,,1035,
2016-04-13,2327,國巨*,twse,58.20,58.50,57.20,58.10,1086144,62796814,0.1,,,556,
2016-04-14,2327,國巨*,twse,58.00,59.50,57.80,59.50,1263531,74234913,1.4,,,729,
2016-04-15,2327,國巨*,twse,58.30,59.50,58.30,59.20,1307967,77406746,-0.3,,,813,
2016-04-18,2327,國巨*,twse,59.00,59.60,58.70,59.30,1679704,99602736,0.1,,,628,
2016-04-19,2327,國巨*,twse,59.00,59.00,56.40,57.80,1795095,103204555,-1.5,,,1290,
2016-04-20,2327,國巨*,twse,58.00,58.20,55.70,55.90,1808766,102160301,-1.9,,,1301,
2016-04-21,2327,國巨*,twse,55.90,56.30,55.10,56.30,1054579,58845424,0.4,,,840,
2016-04-22,2327,國巨*,twse,55.70,56.00,54.10,54.40,1203351,65885548,-1.9,,,800,
2016-04-25,2327,國巨*,twse,54.30,56.40,54.30,55.90,982842,54785691,1.5,,,746,
2016-04-26,2327,國巨*,twse,55.90,55.90,54.80,54.80,509034,28055546,-1.1,,,336,
2016-04-27,2327,國巨*,twse,54.30,54.50,53.50,53.90,724292,39179843,-0.9,,,472,
2016-04-28,2327,國巨*,twse,53.90,54.30,53.50,53.90,380010,20424929,0.0,,,349,
2016-04-29,2327,國巨*,twse,53.80,53.80,52.60,52.60,2972210,157078996,-1.3,,,610,
2016-05-03,2327,國巨*,twse,52.60,53.30,52.60,52.70,1507000,79876295,0.1,,,1004,
2016-05-04,2327,國巨*,twse,52.70,53.20,51.70,51.80,1042525,54366628,-0.9,,,774,
2016-05-05,2327,國巨*,twse,51.90,52.50,51.40,52.00,939377,48756355,0.2,,,611,
2016-05-06,2327,國巨*,twse,52.40,52.60,51.80,52.20,392705,20557060,0.2,,,321,
2016-05-09,2327,國巨*,twse,52.40,53.60,52.10,53.30,672300,35733200,1.1,,,547,
2016-05-10,2327,國巨*,twse,52.60,54.40,52.50,53.70,568683,30523860,0.4,,,494,
2016-05-11,2327,國巨*,twse,53.20,53.90,53.00,53.40,333800,17857853,-0.3,,,241,
2016-05-12,2327,國巨*,twse,52.90,53.70,52.80,53.60,280299,14986833,0.2,,,188,
2016-05-13,2327,國巨*,twse,52.80,53.30,52.80,53.30,367834,19522645,-0.3,,,238,
2016-05-16,2327,國巨*,twse,53.60,54.30,53.00,53.50,366595,19711105,0.2,,,299,
2016-05-17,2327,國巨*,twse,53.10,54.00,53.10,53.50,170753,9145030,0.0,,,154,
2016-05-18,2327,國巨*,twse,53.20,53.70,52.70,52.80,481052,25543328,-0.7,,,301,
2016-05-19,2327,國巨*,twse,52.70,52.90,51.80,52.50,574994,29993983,-0.3,,,444,
2016-05-20,2327,國巨*,twse,52.50,52.70,52.10,52.40,455213,23834790,-0.1,,,337,
2016-05-23,2327,國巨*,twse,52.40,54.20,52.20,53.60,749511,40082724,1.2,,,574,
2016-05-24,2327,國巨*,twse,53.60,55.60,53.30,55.60,1033540,56894552,2.0,,,869,
2016-05-25,2327,國巨*,twse,55.90,55.90,54.70,55.20,485698,26836511,-0.4,,,362,
2016-05-26,2327,國巨*,twse,55.20,55.70,54.60,55.70,766034,42369170,0.5,,,527,
2016-05-27,2327,國巨*,twse,56.00,56.30,55.30,55.60,742981,41577444,-0.1,,,508,
2016-05-30,2327,國巨*,twse,55.40,56.10,55.30,55.50,362133,20127724,-0.1,,,235,
2016-05-31,2327,國巨*,twse,55.90,55.90,54.80,54.90,681200,37478013,-0.6,,,454,
2016-06-01,2327,國巨*,twse,55.20,56.30,55.20,56.20,888036,49708200,1.3,,,705,
2016-06-02,2327,國巨*,twse,56.60,56.60,55.50,55.90,596712,33363882,-0.3,,,377,
2016-06-03,2327,國巨*,twse,55.90,56.00,54.10,54.20,688177,37690258,-1.7,,,516,
2016-06-04,2327,國巨*,twse,54.00,54.90,53.70,54.80,309430,16879028,0.6,,,159,
2016-06-06,2327,國巨*,twse,54.50,55.00,54.20,54.80,299566,16382143,0.0,,,267,
2016-06-07,2327,國巨*,twse,54.80,55.40,54.50,55.20,437871,24118705,0.4,,,387,
2016-06-08,2327,國巨*,twse,55.10,55.40,54.80,55.00,460269,25414708,-0.2,,,353,
2016-06-13,2327,國巨*,twse,55.00,55.40,54.30,54.30,365781,20042074,-0.7,,,319,
2016-06-14,2327,國巨*,twse,54.10,55.20,53.80,54.90,517424,28114537,0.6,,,420,
2016-06-15,2327,國巨*,twse,54.50,55.00,54.30,54.70,545976,29839789,-0.2,,,292,
2016-06-16,2327,國巨*,twse,54.80,54.80,53.70,53.90,512940,27796173,-0.8,,,315,
2016-06-17,2327,國巨*,twse,54.00,54.30,53.80,54.20,748619,40444526,0.3,,,432,
2016-06-20,2327,國巨*,twse,54.50,54.90,54.20,54.40,1092207,59484087,0.2,,,583,
2016-06-21,2327,國巨*,twse,52.40,53.30,52.20,53.10,671458,35438174,0.0,,,448,
2016-06-22,2327,國巨*,twse,52.70,53.40,52.60,53.10,353905,18717278,0.0,,,270,
2016-06-23,2327,國巨*,twse,53.10,53.40,52.90,53.10,250921,13339313,0.0,,,212,
2016-06-24,2327,國巨*,twse,53.10,53.30,52.00,52.30,492303,25815385,-0.8,,,347,
2016-06-27,2327,國巨*,twse,52.40,52.90,52.10,52.30,256239,13443347,0.0,,,242,
2016-06-28,2327,國巨*,twse,52.00,52.60,51.80,52.10,290610,15174655,-0.2,,,264,
2016-06-29,2327,國巨*,twse,52.70,54.50,52.70,53.50,662611,35563097,1.4,,,519,
2016-06-30,2327,國巨*,twse,53.30,53.40,52.50,53.40,941774,50002493,-0.1,,,519,
2016-07-01,2327,國巨*,twse,53.40,53.50,52.70,52.80,369114,19524486,-0.6,,,280,
2016-07-04,2327,國巨*,twse,52.80,53.50,52.70,53.20,300049,15915885,0.4,,,266,
2016-07-05,2327,國巨*,twse,53.20,54.00,52.80,53.60,283498,15148531,0.4,,,249,
2016-07-06,2327,國巨*,twse,53.00,53.50,52.50,52.60,334095,17652286,-1.0,,,287,
2016-07-07,2327,國巨*,twse,52.90,53.40,52.90,53.20,191808,10181734,0.6,,,156,
2016-07-11,2327,國巨*,twse,53.30,53.40,52.70,52.90,312004,16515899,-0.3,,,273,
2016-07-12,2327,國巨*,twse,52.80,53.30,52.80,53.10,351162,18669141,0.2,,,269,
2016-07-13,2327,國巨*,twse,53.70,53.70,52.90,53.40,494406,26393846,0.3,,,385,
2016-07-14,2327,國巨*,twse,53.30,53.40,52.90,53.30,217387,11557636,-0.1,,,200,
2016-07-15,2327,國巨*,twse,53.30,53.70,53.10,53.60,413864,22111439,0.3,,,317,
2016-07-18,2327,國巨*,twse,53.60,54.00,53.10,53.30,569731,30389443,-0.3,,,458,
2016-07-19,2327,國巨*,twse,53.30,53.60,53.00,53.50,525727,27980968,0.2,,,433,
2016-07-20,2327,國巨*,twse,53.50,53.70,53.00,53.10,519948,27678244,-0.4,,,455,
2016-07-21,2327,國巨*,twse,53.00,53.70,53.00,53.60,425454,22733679,0.5,,,385,
2016-07-22,2327,國巨*,twse,53.60,54.00,53.50,54.00,563986,30387416,0.4,,,392,
2016-07-25,2327,國巨*,twse,53.90,54.40,53.80,54.30,720271,39046334,0.3,,,603,
2016-07-26,2327,國巨*,twse,53.80,54.00,53.60,53.60,677315,36425636,-0.7,,,378,
2016-07-27,2327,國巨*,twse,53.90,54.00,53.40,54.00,289123,15522462,0.4,,,290,
2016-07-28,2327,國巨*,twse,54.00,54.00,53.60,54.00,402239,21632215,0.0,,,360,
2016-07-29,2327,國巨*,twse,54.00,54.40,53.60,54.40,582271,31455634,0.4,,,372,
2016-08-01,2327,國巨*,twse,54.40,54.40,53.80,54.00,713363,38593138,-0.4,,,582,
2016-08-02,2327,國巨*,twse,54.00,55.60,53.80,54.80,922229,50479466,0.8,,,453,
2016-08-15,2327,國巨*,twse,67.50,70.80,66.70,67.60,1950050,133513038,0.0,,,1144,
2016-08-16,2327,國巨*,twse,67.60,67.60,66.00,67.50,801435,53452728,-0.1,,,625,
2016-08-17,2327,國巨*,twse,67.10,67.40,66.50,66.80,399140,26676389,-0.7,,,363,
2016-08-18,2327,國巨*,twse,67.30,67.40,66.20,66.60,399723,26678133,-0.2,,,414,
2016-08-19,2327,國巨*,twse,66.60,66.80,66.20,66.50,278738,18549058,-0.1,,,308,
2016-08-22,2327,國巨*,twse,66.50,67.70,66.50,67.40,265813,17824271,0.9,,,302,
2016-08-23,2327,國巨*,twse,67.20,67.30,66.70,66.80,208607,13957952,-0.6,,,228,
2016-08-24,2327,國巨*,twse,67.00,67.10,66.60,66.80,159443,10653442,0.0,,,198,
2016-08-25,2327,國巨*,twse,66.50,68.50,66.50,68.50,410052,27875236,1.7,,,346,
2016-08-26,2327,國巨*,twse,68.40,68.70,67.80,68.20,349187,23851565,-0.3,,,307,
2016-08-29,2327,國巨*,twse,68.00,68.00,67.20,67.50,235470,15916990,-0.7,,,272,
2016-08-30,2327,國巨*,twse,67.50,67.50,67.10,67.50,125196,8430332,0.0,,,192,
2016-08-31,2327,國巨*,twse,67.10,67.70,67.00,67.30,212304,14280897,-0.2,,,203,
2016-09-01,2327,國巨*,twse,67.00,67.30,66.80,66.80,156382,10470352,-0.5,,,143,
2016-09-02,2327,國巨*,twse,66.80,67.50,66.80,67.30,219517,14714623,0.5,,,176,
2016-09-05,2327,國巨*,twse,66.80,67.30,66.80,66.80,111377,7455166,-0.5,,,123,
2016-09-06,2327,國巨*,twse,66.60,67.40,66.60,67.40,229921,15436321,0.6,,,204,
2016-09-07,2327,國巨*,twse,67.20,67.20,66.60,66.60,508392,33940814,-0.8,,,467,
2016-09-08,2327,國巨*,twse,66.60,66.90,66.10,66.20,825446,54776336,-0.4,,,541,
2016-09-09,2327,國巨*,twse,66.20,66.30,64.80,64.80,656599,42946635,-1.4,,,601,
2016-09-10,2327,國巨*,twse,63.00,64.70,63.00,63.10,302298,19200683,-1.7,,,263,
2016-09-12,2327,國巨*,twse,64.80,64.80,62.80,62.80,773720,49080108,-0.3,,,673,
2016-09-13,2327,國巨*,twse,63.30,64.00,62.10,62.10,828769,52018661,-0.7,,,619,
2016-09-14,2327,國巨*,twse,62.30,63.00,61.40,63.00,779540,48570263,0.9,,,394,
2016-09-19,2327,國巨*,twse,63.40,64.60,63.40,64.20,597973,38366264,1.2,,,408,
2016-09-20,2327,國巨*,twse,63.50,64.30,63.50,63.60,404488,25846080,-0.6,,,343,
2016-09-21,2327,國巨*,twse,63.80,64.50,63.80,64.30,335096,21501744,0.7,,,342,
2016-09-22,2327,國巨*,twse,64.30,65.40,64.20,65.40,440891,28691514,1.1,,,388,
2016-09-23,2327,國巨*,twse,65.40,65.40,64.60,65.00,300911,19523653,-0.4,,,277,
2016-09-26,2327,國巨*,twse,65.00,65.00,64.00,64.10,1743737,112094918,-0.9,,,136,
2016-09-29,2327,國巨*,twse,64.10,65.20,64.10,65.10,367699,23860712,1.0,,,313,
2016-09-30,2327,國巨*,twse,65.50,65.50,64.50,65.10,264278,17165078,0.0,,,219,
2016-10-03,2327,國巨*,twse,65.40,65.50,65.00,65.30,281122,18330705,0.2,,,227,
2016-10-04,2327,國巨*,twse,65.30,65.30,64.30,64.60,199085,12860136,-0.7,,,209,
2016-10-05,2327,國巨*,twse,64.60,64.90,64.40,64.60,71717,4631393,0.0,,,70,
2016-10-06,2327,國巨*,twse,64.80,64.80,64.10,64.20,110356,7097784,-0.4,,,110,
2016-10-07,2327,國巨*,twse,64.80,64.80,63.90,64.20,108564,6974196,0.0,,,107,
2016-10-11,2327,國巨*,twse,63.60,64.00,62.30,62.40,435520,27415335,-1.8,,,321,
2016-10-12,2327,國巨*,twse,62.50,63.00,62.20,63.00,308553,19321594,0.6,,,278,
2016-10-13,2327,國巨*,twse,62.90,63.00,61.70,62.50,271425,16893950,-0.5,,,249,
2016-10-14,2327,國巨*,twse,62.50,62.50,61.80,62.00,146691,9112354,-0.5,,,151,
2016-10-17,2327,國巨*,twse,61.80,62.60,61.80,62.00,181506,11292158,0.0,,,166,
2016-10-18,2327,國巨*,twse,62.00,62.40,61.70,62.00,129946,8062861,0.0,,,134,
2016-10-19,2327,國巨*,twse,62.10,62.60,62.10,62.30,80949,5047538,0.3,,,85,
2016-10-20,2327,國巨*,twse,62.30,63.70,62.00,63.20,252411,15938495,0.9,,,241,
2016-10-21,2327,國巨*,twse,63.10,65.90,62.70,65.90,423561,27196644,2.7,,,276,
2016-10-24,2327,國巨*,twse,64.50,64.70,63.90,64.10,326477,20952618,-1.8,,,285,
2016-10-25,2327,國巨*,twse,64.10,64.20,63.70,63.80,274850,17568368,-0.3,,,230,
2016-10-26,2327,國巨*,twse,63.70,64.00,63.70,63.80,114407,7299939,0.0,,,114,
2016-10-27,2327,國巨*,twse,63.90,64.00,62.60,63.50,313390,19784325,-0.3,,,252,
2016-10-28,2327,國巨*,twse,63.40,63.40,62.10,62.30,312029,19466099,-1.2,,,232,
2016-10-31,2327,國巨*,twse,62.60,64.00,61.60,63.60,378857,23852668,1.3,,,287,
2016-11-01,2327,國巨*,twse,63.50,63.50,62.30,62.50,234597,14697687,-1.1,,,196,
2016-11-02,2327,國巨*,twse,63.00,63.00,61.80,61.90,255085,15923857,-0.6,,,247,
2016-11-03,2327,國巨*,twse,62.00,62.50,61.10,61.60,275466,16956659,-0.3,,,234,
2016-11-04,2327,國巨*,twse,61.60,62.50,61.60,62.10,39930,2478982,0.5,,,47,
2016-11-07,2327,國巨*,twse,62.10,62.50,62.10,62.30,121317,7562454,0.2,,,102,
2016-11-08,2327,國巨*,twse,62.50,62.50,61.90,62.00,128661,7999974,-0.3,,,126,
2016-11-09,2327,國巨*,twse,62.00,62.00,59.00,59.80,326979,19740350,-2.2,,,267,
2016-11-10,2327,國巨*,twse,59.80,61.40,59.80,61.00,204805,12479501,1.2,,,182,
2016-11-11,2327,國巨*,twse,60.50,60.60,59.40,59.40,209202,12507993,-1.6,,,163,
2016-11-14,2327,國巨*,twse,60.10,60.10,59.30,59.70,190615,11392726,0.3,,,164,
2016-11-15,2327,國巨*,twse,59.70,60.00,59.20,59.60,330600,19651953,-0.1,,,252,
2016-11-16,2327,國巨*,twse,59.60,59.80,58.70,58.70,584997,34558017,-0.9,,,451,
2016-11-17,2327,國巨*,twse,59.10,59.40,58.20,58.60,292846,17165201,-0.1,,,289,
2016-11-18,2327,國巨*,twse,58.60,59.30,58.50,58.70,345439,20314628,0.1,,,329,
2016-11-21,2327,國巨*,twse,58.80,58.80,57.80,58.60,593119,34527343,-0.1,,,387,
2016-11-22,2327,國巨*,twse,58.80,59.40,58.70,59.10,499365,29535115,0.5,,,471,
2016-11-23,2327,國巨*,twse,59.20,60.40,59.20,59.50,455586,27183382,0.4,,,424,
2016-11-24,2327,國巨*,twse,59.50,59.80,59.30,59.50,182052,10829279,0.0,,,164,
2016-11-25,2327,國巨*,twse,59.40,59.90,59.20,59.30,108894,6466246,-0.2,,,127,
2016-11-28,2327,國巨*,twse,59.30,59.80,59.10,59.50,270160,16091181,0.2,,,242,
2016-11-29,2327,國巨*,twse,59.50,59.90,59.40,59.50,236498,14087824,0.0,,,239,
2016-11-30,2327,國巨*,twse,59.60,59.60,58.70,59.50,398066,23574000,0.0,,,305,
2016-12-01,2327,國巨*,twse,59.60,59.70,59.20,59.40,170643,10133960,-0.1,,,171,
2016-12-02,2327,國巨*,twse,59.60,59.60,58.00,58.70,421917,24763646,-0.7,,,410,
2016-12-05,2327,國巨*,twse,58.70,58.70,57.30,57.40,574410,33176945,-1.3,,,498,
2016-12-06,2327,國巨*,twse,58.30,58.40,57.10,57.50,1018499,58570331,0.1,,,803,
2016-12-07,2327,國巨*,twse,57.20,57.80,57.10,57.60,1611397,92540974,0.1,,,1171,
2016-12-08,2327,國巨*,twse,58.10,58.50,57.60,58.10,1487292,86407000,0.5,,,952,
2016-12-09,2327,國巨*,twse,58.50,58.60,57.50,57.60,785979,45472876,-0.5,,,649,
2016-12-12,2327,國巨*,twse,57.80,58.20,57.70,58.20,552539,32071145,0.6,,,444,
2016-12-13,2327,國巨*,twse,58.20,58.40,57.80,57.90,374857,21744567,-0.3,,,356,
2016-12-14,2327,國巨*,twse,57.90,58.20,57.10,57.20,1233409,70910257,-0.7,,,1008,
2016-12-15,2327,國巨*,twse,57.40,58.10,57.20,57.80,494861,28571685,0.6,,,401,
2016-12-16,2327,國巨*,twse,58.10,58.40,57.70,58.20,773982,44979852,0.4,,,448,
2016-12-19,2327,國巨*,twse,57.70,58.20,57.60,57.90,214614,12407559,-0.3,,,194,
2016-12-20,2327,國巨*,twse,57.90,58.20,57.60,58.00,279684,16217962,0.1,,,229,
2016-12-21,2327,國巨*,twse,57.80,58.10,57.60,57.60,221552,12806124,-0.4,,,214,
2016-12-22,2327,國巨*,twse,57.70,58.20,57.50,57.80,450020,26062448,0.2,,,370,
2016-12-23,2327,國巨*,twse,57.60,57.60,56.40,56.40,986305,55923759,-1.4,,,700,
2016-12-26,2327,國巨*,twse,57.70,58.10,57.60,57.90,1235162,71577240,1.5,,,570,
2016-12-27,2327,國巨*,twse,57.90,57.90,57.30,57.40,229923,13236691,-0.5,,,155,
2016-12-28,2327,國巨*,twse,57.60,58.10,57.60,58.00,530579,30758755,0.6,,,363,
2016-12-29,2327,國巨*,twse,58.40,58.40,57.50,57.80,323388,18778510,-0.2,,,285,
2016-12-30,2327,國巨*,twse,58.20,59.00,57.80,58.60,915189,53590704,0.8,,,472,
2017-01-03,2327,國巨*,twse,58.60,59.40,58.50,59.10,711746,42029859,0.5,,,417,
2017-01-04,2327,國巨*,twse,59.60,59.60,59.10,59.30,551229,32680725,0.2,,,339,
2017-01-05,2327,國巨*,twse,59.30,60.40,59.20,60.10,1045995,62706990,0.8,,,506,
2017-01-06,2327,國巨*,twse,60.10,61.40,60.00,61.00,1036052,63139044,0.9,,,669,
2017-01-09,2327,國巨*,twse,61.20,62.10,61.10,61.50,1363037,83921544,0.5,,,1038,
2017-01-10,2327,國巨*,twse,61.50,62.30,61.40,62.00,493303,30525755,0.5,,,432,
2017-01-11,2327,國巨*,twse,62.00,64.00,61.50,63.90,2144100,135057310,1.9,,,988,
2017-01-12,2327,國巨*,twse,64.20,66.20,63.80,66.20,3438098,224713698,2.3,,,1561,
2017-01-13,2327,國巨*,twse,65.50,65.80,64.50,64.80,25739930,1539703647,-1.4,,,729,
2017-01-16,2327,國巨*,twse,64.50,64.80,63.10,63.40,1216154,77353703,-1.4,,,813,
2017-01-17,2327,國巨*,twse,63.60,63.90,63.10,63.60,599472,38103966,0.2,,,470,
2017-01-18,2327,國巨*,twse,63.80,64.50,63.60,64.30,984493,63210052,0.7,,,793,
2017-01-19,2327,國巨*,twse,64.40,66.80,63.80,65.90,2279166,149822662,1.6,,,1234,
2017-01-20,2327,國巨*,twse,66.20,70.80,66.20,70.00,6973232,482457594,4.1,,,2818,
2017-01-23,2327,國巨*,twse,69.60,70.40,68.50,70.00,2359040,164744360,0.0,,,1257,
2017-01-24,2327,國巨*,twse,72.00,76.40,70.30,76.00,6482587,478854525,6.0,,,2867,
2017-02-02,2327,國巨*,twse,74.00,76.00,73.30,75.50,6916339,519670525,-0.5,,,2373,
2017-02-03,2327,國巨*,twse,74.70,74.90,73.60,74.80,3319336,246987242,-0.7,,,1927,
2017-02-06,2327,國巨*,twse,74.70,74.70,72.30,72.30,2126687,155839764,-2.5,,,1512,
2017-02-07,2327,國巨*,twse,73.40,74.20,71.50,71.60,3253759,236183597,-0.7,,,1891,
2017-02-08,2327,國巨*,twse,71.70,72.30,70.50,72.20,2283327,163208922,0.6,,,1395,
2017-02-09,2327,國巨*,twse,71.00,71.50,70.00,71.00,2429546,172317628,-1.2,,,1246,
2017-02-10,2327,國巨*,twse,71.00,71.70,70.50,71.60,2442532,173422907,0.6,,,1087,
2017-02-13,2327,國巨*,twse,71.60,71.60,70.40,70.60,1324394,93850076,-1.0,,,799,
2017-02-14,2327,國巨*,twse,71.10,71.10,69.60,70.00,2446110,171384341,-0.6,,,1111,
2017-02-15,2327,國巨*,twse,70.00,70.30,69.00,69.90,1408138,98192182,-0.1,,,1073,
2017-02-16,2327,國巨*,twse,70.00,70.50,69.50,70.10,1124627,78584288,0.2,,,837,
2017-02-17,2327,國巨*,twse,70.00,70.00,69.30,69.30,952825,66164699,-0.8,,,620,
2017-02-18,2327,國巨*,twse,69.50,69.50,69.30,69.50,246972,17145952,0.2,,,153,
2017-02-20,2327,國巨*,twse,69.50,71.60,69.50,70.00,5172417,366178796,0.5,,,2446,
2017-02-21,2327,國巨*,twse,71.50,73.40,71.10,72.60,5210848,377246288,2.6,,,2979,
2017-02-22,2327,國巨*,twse,72.90,74.20,72.00,73.20,4301955,315739171,0.6,,,2405,
2017-02-23,2327,國巨*,twse,73.30,74.00,71.80,73.10,3140704,227933089,-0.1,,,1536,
2017-02-24,2327,國巨*,twse,73.50,75.80,73.30,75.60,6932001,520426655,2.5,,,2820,
2017-03-01,2327,國巨*,twse,75.90,80.60,74.20,80.00,10127311,785444909,4.4,,,6149,
2017-03-02,2327,國巨*,twse,78.00,79.40,74.40,75.30,4922347,379467845,-4.7,,,3202,
2017-03-03,2327,國巨*,twse,75.00,75.30,73.30,74.50,1939213,144461095,-0.8,,,1396,
2017-03-06,2327,國巨*,twse,79.50,81.90,79.50,81.90,10570659,860979667,7.4,,,3299,
2017-03-07,2327,國巨*,twse,81.60,82.40,79.90,80.30,5691121,460567286,-1.6,,,3486,
2017-03-08,2327,國巨*,twse,80.40,80.90,79.10,79.90,2186048,174441465,-0.4,,,1627,
2017-03-09,2327,國巨*,twse,80.00,80.70,78.90,80.70,2156649,172599498,0.8,,,1442,
2017-03-10,2327,國巨*,twse,80.60,81.00,78.20,80.60,2328464,186244438,-0.1,,,1576,
2017-03-13,2327,國巨*,twse,81.20,86.00,81.20,84.90,5297016,445296275,4.3,,,3020,
2017-03-14,2327,國巨*,twse,84.70,85.50,84.00,84.30,3089688,260496592,-0.6,,,1930,
2017-03-15,2327,國巨*,twse,84.00,84.50,83.40,84.00,1651969,138682794,-0.3,,,1095,
2017-03-16,2327,國巨*,twse,84.80,85.20,82.30,84.00,2007026,167828450,0.0,,,1608,
2017-03-17,2327,國巨*,twse,83.90,85.50,82.90,85.50,2964930,249093302,1.5,,,2117,
2017-03-20,2327,國巨*,twse,85.00,85.10,83.60,84.70,2015135,170211640,-0.8,,,1552,
2017-03-21,2327,國巨*,twse,84.50,85.30,84.20,85.00,2217909,188047788,0.3,,,1528,
2017-03-22,2327,國巨*,twse,83.80,84.80,83.70,83.80,1483920,124939812,-1.2,,,1171,
2017-03-23,2327,國巨*,twse,84.00,84.20,82.80,82.80,1603548,134213423,-1.0,,,1312,
2017-03-24,2327,國巨*,twse,83.20,83.40,81.50,82.00,1852443,152555024,-0.8,,,1520,
2017-03-27,2327,國巨*,twse,82.00,83.50,81.60,82.40,1193750,98736700,0.4,,,1060,
2017-03-28,2327,國巨*,twse,82.60,84.30,82.60,83.90,1969891,164338671,1.5,,,1411,
2017-03-29,2327,國巨*,twse,85.00,85.10,83.60,83.60,1929495,162784206,-0.3,,,1277,
2017-03-30,2327,國巨*,twse,83.60,84.50,83.50,83.60,1353925,113755328,0.0,,,975,
2017-03-31,2327,國巨*,twse,83.60,84.00,82.70,82.70,1037780,86796362,-0.9,,,750,
2017-04-05,2327,國巨*,twse,83.20,86.00,82.60,84.00,2483743,209756855,1.3,,,1718,
2017-04-06,2327,國巨*,twse,84.00,84.40,82.90,83.80,1249361,104690883,-0.2,,,813,
2017-04-07,2327,國巨*,twse,84.10,84.10,82.10,83.20,1195217,99268870,-0.6,,,812,
2017-04-10,2327,國巨*,twse,84.70,84.90,83.70,84.70,1517891,128100368,1.5,,,1155,
2017-04-11,2327,國巨*,twse,85.40,85.40,83.20,84.40,1817140,152586860,-0.3,,,1114,
2017-04-12,2327,國巨*,twse,83.60,85.50,82.60,85.10,2310925,196088328,0.7,,,1254,
2017-04-13,2327,國巨*,twse,85.50,93.60,85.20,93.10,8276475,759537370,8.0,,,4490,
2017-04-14,2327,國巨*,twse,91.30,91.30,86.30,88.70,5133479,454452653,-4.4,,,3310,
2017-04-17,2327,國巨*,twse,88.80,89.00,85.30,89.00,2427009,211865179,0.3,,,1569,
2017-04-18,2327,國巨*,twse,89.80,91.30,88.10,89.80,2002015,179384913,0.8,,,1481,
2017-04-19,2327,國巨*,twse,89.80,91.00,88.20,89.80,2068142,185567773,0.0,,,1551,
2017-04-20,2327,國巨*,twse,90.50,94.50,90.20,93.00,3792508,349905250,3.2,,,2853,
2017-04-21,2327,國巨*,twse,97.00,98.00,94.00,96.80,6901964,665201973,3.8,,,4713,
2017-04-24,2327,國巨*,twse,96.40,102.00,95.30,101.00,6670499,660994532,4.2,,,4282,
2017-04-25,2327,國巨*,twse,100.00,109.50,99.60,106.00,6197946,651888430,5.0,,,4423,
2017-04-26,2327,國巨*,twse,105.50,106.50,102.50,102.50,4701191,489317482,-3.5,,,3089,
2017-04-27,2327,國巨*,twse,101.50,107.50,101.00,106.00,4631813,490066742,3.5,,,2879,
2017-04-28,2327,國巨*,twse,105.00,108.00,104.00,106.50,3563436,379102716,0.5,,,2463,
2017-05-02,2327,國巨*,twse,107.00,109.00,102.00,105.50,2922869,305636745,-1.0,,,1875,
2017-05-03,2327,國巨*,twse,105.50,107.50,103.50,105.00,2825299,298879231,-0.5,,,1641,
2017-05-04,2327,國巨*,twse,104.00,107.00,103.50,107.00,1541433,162759398,2.0,,,1123,
2017-05-05,2327,國巨*,twse,107.00,107.00,103.50,105.50,1711685,179506071,-1.5,,,1028,
2017-05-08,2327,國巨*,twse,105.50,105.50,101.00,101.50,2606622,266983322,-4.0,,,1626,
2017-05-09,2327,國巨*,twse,102.00,102.50,98.40,100.00,3560790,357337597,-1.5,,,1921,
2017-05-10,2327,國巨*,twse,101.50,104.50,100.50,101.00,2290666,233928922,1.0,,,1465,
2017-05-11,2327,國巨*,twse,101.00,102.00,98.40,100.00,1618063,161867157,-1.0,,,1022,
2017-05-12,2327,國巨*,twse,101.00,101.00,99.60,100.00,756798,75803596,0.0,,,554,
2017-05-15,2327,國巨*,twse,100.50,103.50,100.00,101.00,2581092,263197292,1.0,,,1478,
2017-05-16,2327,國巨*,twse,102.50,103.00,98.50,98.50,1836276,184699579,-2.5,,,1247,
2017-05-17,2327,國巨*,twse,99.10,99.40,95.60,98.30,2273274,221601710,-0.2,,,1666,
2017-05-18,2327,國巨*,twse,96.90,100.00,95.80,100.00,1775094,174508463,1.7,,,1355,
2017-05-19,2327,國巨*,twse,100.00,101.00,98.10,98.10,1180753,117491354,-1.9,,,847,
2017-05-22,2327,國巨*,twse,99.00,100.50,98.10,99.10,881198,87419798,1.0,,,689,
2017-05-23,2327,國巨*,twse,99.10,102.00,99.10,101.00,1332065,134453823,1.9,,,1077,
2017-05-24,2327,國巨*,twse,101.00,105.00,101.00,104.50,2829917,293856368,3.5,,,1813,
2017-05-25,2327,國巨*,twse,105.50,105.50,102.00,105.00,2193739,227552713,0.5,,,1437,
2017-05-26,2327,國巨*,twse,104.50,105.50,102.50,102.50,976444,101220504,-2.5,,,711,
2017-05-31,2327,國巨*,twse,103.50,104.50,102.00,102.00,899434,92770547,-0.5,,,661,
2017-06-01,2327,國巨*,twse,101.00,102.50,99.70,99.70,1234771,123834746,-2.3,,,917,
2017-06-02,2327,國巨*,twse,101.00,103.00,100.00,103.00,1034971,105442015,3.3,,,730,
2017-06-03,2327,國巨*,twse,101.50,104.00,101.50,103.00,589970,60796923,0.0,,,355,
2017-06-05,2327,國巨*,twse,103.50,105.00,103.50,104.50,1253134,130633856,1.5,,,823,
2017-06-06,2327,國巨*,twse,105.50,107.00,104.50,105.00,1490193,157190152,0.5,,,988,
2017-06-07,2327,國巨*,twse,105.00,106.00,102.00,103.50,1381009,143568927,-1.5,,,846,
2017-06-08,2327,國巨*,twse,104.00,113.50,102.00,113.50,7885677,865679258,10.0,,,4388,
2017-06-09,2327,國巨*,twse,113.00,114.50,106.00,106.00,6339847,701749282,-7.5,,,3794,
2017-06-12,2327,國巨*,twse,106.00,106.50,102.50,103.00,2887274,300554222,-3.0,,,2055,
2017-06-13,2327,國巨*,twse,103.50,104.50,102.00,102.00,1788411,184051882,-1.0,,,1210,
2017-06-14,2327,國巨*,twse,102.00,102.50,98.70,98.70,3309690,330078891,-3.3,,,2392,
2017-06-15,2327,國巨*,twse,99.90,101.50,98.80,99.20,2368419,236492157,0.5,,,1711,
2017-06-16,2327,國巨*,twse,99.50,101.00,99.20,100.00,2856731,286038700,0.8,,,1567,
2017-06-19,2327,國巨*,twse,101.00,102.50,99.90,102.00,2076052,209879165,2.0,,,1443,
2017-06-20,2327,國巨*,twse,102.50,104.00,100.50,101.50,2660549,271600949,-0.5,,,1386,
2017-06-21,2327,國巨*,twse,109.00,111.50,109.00,111.50,9885446,1092986169,10.0,,,4584,
2017-06-22,2327,國巨*,twse,109.00,109.00,105.00,106.00,5522176,590522477,0.0,,,2942,
2017-06-23,2327,國巨*,twse,107.00,107.50,105.50,106.50,2205221,234879926,0.5,,,1375,
2017-06-26,2327,國巨*,twse,107.00,108.00,105.50,106.50,1993682,213016292,0.0,,,1308,
2017-06-27,2327,國巨*,twse,108.00,112.00,108.00,109.00,7221385,794713759,2.5,,,3643,
2017-06-28,2327,國巨*,twse,108.00,109.50,107.00,108.50,2637515,285549120,-0.5,,,1667,
2017-06-29,2327,國巨*,twse,109.50,110.00,106.00,106.50,2075280,222715680,-2.0,,,1300,
2017-06-30,2327,國巨*,twse,105.50,106.00,104.00,106.00,1522302,159788854,-0.5,,,953,
2017-07-03,2327,國巨*,twse,106.50,106.50,102.50,103.00,1785573,186007019,-3.0,,,1151,
2017-07-04,2327,國巨*,twse,103.00,104.50,102.50,102.50,850853,87676006,-0.5,,,640,
2017-07-05,2327,國巨*,twse,103.00,103.00,99.90,102.00,1875540,189246703,-0.5,,,1242,
2017-07-06,2327,國巨*,twse,103.00,103.50,101.00,101.50,1181859,120496180,-0.5,,,923,
2017-07-07,2327,國巨*,twse,101.00,102.00,100.00,100.50,1329982,134156200,-1.0,,,902,
2017-07-10,2327,國巨*,twse,101.50,101.50,100.00,100.50,648765,65231500,0.0,,,482,
2017-07-11,2327,國巨*,twse,101.00,103.00,101.00,103.00,1104437,112644286,2.5,,,748,
2017-07-12,2327,國巨*,twse,102.50,102.50,100.50,101.00,1728627,175434008,-2.0,,,1100,
2017-07-13,2327,國巨*,twse,102.50,103.00,101.00,101.50,1882564,191761464,0.5,,,1249,
2017-07-14,2327,國巨*,twse,102.00,105.00,101.50,104.50,1980675,205259700,3.0,,,1432,
2017-07-17,2327,國巨*,twse,105.00,105.00,102.50,103.50,1551592,161299476,-1.0,,,1220,
2017-07-18,2327,國巨*,twse,103.00,104.00,102.00,103.00,950585,97556170,-0.5,,,667,
2017-07-19,2327,國巨*,twse,103.50,107.50,103.50,107.50,3729430,397521276,4.5,,,2261,
2017-07-20,2327,國巨*,twse,108.00,108.50,106.00,106.50,2385496,255751076,-1.0,,,1518,
2017-07-21,2327,國巨*,twse,107.00,108.00,106.00,107.00,2239628,240277568,0.5,,,1589,
2017-07-24,2327,國巨*,twse,107.00,111.00,107.00,109.50,3368873,369283657,2.5,,,2178,
2017-07-25,2327,國巨*,twse,110.00,116.00,110.00,115.50,6276925,714081375,6.0,,,3568,
2017-07-26,2327,國巨*,twse,116.00,120.00,114.50,114.50,3840344,451501216,-1.0,,,2709,
2017-07-27,2327,國巨*,twse,115.50,117.00,113.50,115.50,1416892,162879580,1.0,,,1214,
2017-07-28,2327,國巨*,twse,115.00,115.00,111.00,112.00,1208261,135903588,-3.5,,,904,
2017-07-31,2327,國巨*,twse,112.00,115.00,110.50,115.00,988169,111733766,3.0,,,682,
2017-08-01,2327,國巨*,twse,116.50,119.00,114.50,115.00,1728464,200744099,0.0,,,1252,
2017-08-02,2327,國巨*,twse,120.00,121.50,118.50,118.50,5572015,668348270,3.5,,,2981,
2017-08-03,2327,國巨*,twse,118.50,120.50,116.50,120.00,2208847,263100293,1.5,,,1209,
2017-08-04,2327,國巨*,twse,120.50,121.50,120.00,120.50,3025739,365688441,0.5,,,1631,
2017-08-18,2327,國巨*,twse,178.00,182.00,174.50,177.00,4515676,803374976,0.0,,,3012,
2017-08-21,2327,國巨*,twse,181.50,182.00,174.00,175.00,1503860,265972140,-2.0,,,1338,
2017-08-22,2327,國巨*,twse,175.00,176.50,172.50,175.50,1415620,247070380,0.5,,,1108,
2017-08-23,2327,國巨*,twse,177.00,179.00,173.50,173.50,1098302,192985246,-2.0,,,990,
2017-08-24,2327,國巨*,twse,173.00,181.50,173.00,179.50,1907462,340648236,6.0,,,1361,
2017-08-25,2327,國巨*,twse,179.50,181.00,177.00,177.50,838191,149340679,-2.0,,,792,
2017-08-28,2327,國巨*,twse,177.50,180.00,177.50,179.50,1749965,313840770,2.0,,,1013,
2017-08-29,2327,國巨*,twse,180.00,184.00,179.50,181.00,1528767,277230560,1.5,,,1087,
2017-08-30,2327,國巨*,twse,184.50,197.50,182.50,193.50,4732908,903260336,12.5,,,3362,
2017-08-31,2327,國巨*,twse,196.00,198.00,191.00,194.00,2164611,421376923,0.5,,,1693,
2017-09-01,2327,國巨*,twse,192.50,195.50,191.50,194.50,1251973,242522748,0.5,,,1145,
2017-09-04,2327,國巨*,twse,194.50,197.50,192.00,192.00,1525662,296018255,-2.5,,,1287,
2017-09-05,2327,國巨*,twse,198.50,199.00,194.00,196.50,2046467,402082565,4.5,,,1691,
2017-09-06,2327,國巨*,twse,195.50,199.00,195.00,199.00,2193202,431576996,2.5,,,1841,
2017-09-07,2327,國巨*,twse,201.50,215.00,201.50,210.00,4984187,1045772083,11.0,,,3414,
2017-09-08,2327,國巨*,twse,215.00,230.50,215.00,230.50,8701760,1937508540,20.5,,,5973,
2017-09-11,2327,國巨*,twse,232.00,239.00,216.00,219.00,5131894,1166032302,-11.5,,,4387,
2017-09-12,2327,國巨*,twse,225.00,227.50,220.00,223.00,2444993,548570417,4.0,,,2055,
2017-09-13,2327,國巨*,twse,224.50,236.50,223.00,227.00,3488064,801975464,4.0,,,2914,
2017-09-14,2327,國巨*,twse,231.00,233.00,216.00,221.00,3063727,683954440,-6.0,,,2606,
2017-09-15,2327,國巨*,twse,223.00,224.00,215.00,220.00,2427178,529710982,-1.0,,,1902,
2017-09-18,2327,國巨*,twse,221.50,222.00,216.50,217.00,1868405,407269166,-3.0,,,1465,
2017-09-19,2327,國巨*,twse,220.00,223.50,216.50,217.50,2839461,623104037,0.5,,,2293,
2017-09-20,2327,國巨*,twse,218.00,222.00,208.00,208.50,3744436,802843688,-9.0,,,2853,
2017-09-21,2327,國巨*,twse,209.50,220.00,208.50,218.50,2846870,614766208,10.0,,,2145,
2017-09-22,2327,國巨*,twse,222.00,223.50,215.00,219.00,1888779,414482692,0.5,,,1666,
2017-09-25,2327,國巨*,twse,218.00,218.00,198.00,200.00,2929936,600875211,-19.0,,,2272,
2017-09-26,2327,國巨*,twse,198.50,208.00,196.00,201.00,2555241,519390700,1.0,,,2194,
2017-09-27,2327,國巨*,twse,202.50,206.50,198.50,199.00,1742161,352214539,-2.0,,,1406,
2017-09-28,2327,國巨*,twse,201.50,207.50,201.50,203.50,1267171,259127713,4.5,,,1154,
2017-09-29,2327,國巨*,twse,203.50,211.00,203.50,211.00,2384131,496186510,7.5,,,1750,
2017-09-30,2327,國巨*,twse,212.00,213.50,208.50,212.00,662510,140001352,1.0,,,610,
2017-10-02,2327,國巨*,twse,213.00,216.50,208.50,213.00,1599178,340735315,1.0,,,1313,
2017-10-03,2327,國巨*,twse,212.50,219.00,212.00,217.50,1483472,320065676,4.5,,,1133,
2017-10-05,2327,國巨*,twse,217.00,218.50,215.00,217.50,1740307,377150454,0.0,,,1411,
2017-10-06,2327,國巨*,twse,218.50,219.00,214.00,219.00,1469784,319981912,1.5,,,1305,
2017-10-11,2327,國巨*,twse,222.00,234.50,219.50,226.00,4624309,1050325349,7.0,,,3681,
2017-10-12,2327,國巨*,twse,227.00,233.00,223.50,230.50,3361702,769087085,4.5,,,2521,
2017-10-13,2327,國巨*,twse,233.00,235.50,229.00,231.50,3231896,754862496,1.0,,,2572,
2017-10-16,2327,國巨*,twse,233.50,234.50,230.00,234.00,1509338,351117054,2.5,,,1193,
2017-10-17,2327,國巨*,twse,236.50,242.00,226.00,226.00,3145845,738196970,-8.0,,,2550,
2017-10-18,2327,國巨*,twse,229.50,230.50,217.00,219.50,2538850,560886560,-6.5,,,2068,
2017-10-19,2327,國巨*,twse,221.00,229.50,219.50,229.50,1435961,325132071,10.0,,,1255,
2017-10-20,2327,國巨*,twse,228.00,234.00,224.50,231.00,1757513,404691990,1.5,,,1394,
2017-10-23,2327,國巨*,twse,232.50,237.00,232.00,236.00,2709535,637472725,5.0,,,2066,
2017-10-24,2327,國巨*,twse,237.00,240.00,235.50,238.00,2010872,478283664,2.0,,,1533,
2017-10-25,2327,國巨*,twse,240.00,242.50,237.50,238.00,1912338,458872759,0.0,,,1409,
2017-10-26,2327,國巨*,twse,240.00,251.00,238.50,248.00,5598520,1374404440,10.0,,,3810,
2017-10-27,2327,國巨*,twse,250.00,251.50,236.00,239.00,3272109,796159488,-9.0,,,2769,
2017-10-30,2327,國巨*,twse,242.00,244.00,234.50,239.00,1376787,328932691,0.0,,,1241,
2017-10-31,2327,國巨*,twse,238.50,243.50,237.00,239.50,1734867,414648084,0.5,,,879,
2017-11-01,2327,國巨*,twse,242.00,253.50,242.00,251.50,3967039,989583750,12.0,,,3065,
2017-11-02,2327,國巨*,twse,250.00,251.00,245.50,250.00,1168471,290556279,-1.5,,,1068,
2017-11-03,2327,國巨*,twse,250.00,252.00,246.50,249.00,963681,239671888,-1.0,,,825,
2017-11-06,2327,國巨*,twse,253.50,256.00,250.00,254.00,1942190,491494070,5.0,,,1514,
2017-11-07,2327,國巨*,twse,254.50,256.00,246.00,246.50,1900861,475757806,-7.5,,,1530,
2017-11-08,2327,國巨*,twse,247.00,255.00,244.50,255.00,2665761,670118896,8.5,,,1956,
2017-11-09,2327,國巨*,twse,254.00,255.00,247.50,252.00,1789255,450271505,-3.0,,,1373,
2017-11-10,2327,國巨*,twse,251.50,258.00,250.00,255.00,2100983,535492158,3.0,,,1520,
2017-11-13,2327,國巨*,twse,259.50,260.00,250.50,251.50,1401451,356066201,-3.5,,,1156,
2017-11-14,2327,國巨*,twse,253.00,254.50,248.50,252.50,2515770,633230024,1.0,,,1841,
2017-11-15,2327,國巨*,twse,252.50,260.00,252.50,255.50,2758848,707319777,3.0,,,1876,
2017-11-16,2327,國巨*,twse,263.00,278.00,263.00,270.00,4900364,1331945916,14.5,,,3678,
2017-11-17,2327,國巨*,twse,277.00,295.00,275.50,293.00,7862614,2273313674,23.0,,,5693,
2017-11-20,2327,國巨*,twse,298.00,301.00,283.00,289.00,4194597,1230554936,-4.0,,,3316,
2017-11-21,2327,國巨*,twse,293.00,298.00,288.00,290.00,2621167,766207824,1.0,,,2295,
2017-11-22,2327,國巨*,twse,295.50,302.00,293.00,298.50,3810485,1135849045,8.5,,,2905,
2017-11-23,2327,國巨*,twse,298.00,300.00,294.00,300.00,1424776,422474248,1.5,,,1306,
2017-11-24,2327,國巨*,twse,303.00,317.50,298.00,315.00,4182749,1300130264,15.0,,,3537,
2017-11-27,2327,國巨*,twse,311.00,331.00,309.00,327.00,4831806,1558053450,12.0,,,4036,
2017-11-28,2327,國巨*,twse,327.00,336.50,323.00,323.50,4861098,1598000579,-3.5,,,3985,
2017-11-29,2327,國巨*,twse,328.00,338.50,325.00,336.00,4863407,1617585938,12.5,,,3952,
2017-11-30,2327,國巨*,twse,326.00,336.00,324.50,336.00,22208171,7413495943,0.0,,,5796,
2017-12-01,2327,國巨*,twse,333.00,333.00,305.00,310.00,5484856,1751162648,-26.0,,,4485,
2017-12-04,2327,國巨*,twse,313.50,320.00,296.50,299.50,4052200,1239881100,-10.5,,,3407,
2017-12-05,2327,國巨*,twse,304.00,304.00,290.00,297.00,6151102,1824116692,-2.5,,,4810,
2017-12-06,2327,國巨*,twse,300.00,300.00,281.00,284.00,4333139,1250053698,-13.0,,,3243,
2017-12-07,2327,國巨*,twse,284.00,292.50,276.00,287.00,3619408,1032440096,3.0,,,2884,
2017-12-08,2327,國巨*,twse,295.00,310.00,292.00,310.00,5531907,1665068856,23.0,,,4106,
2017-12-11,2327,國巨*,twse,310.00,310.00,290.00,298.00,5423884,1615342432,-12.0,,,4367,
2017-12-12,2327,國巨*,twse,302.00,306.00,291.00,292.50,3041003,906795364,-5.5,,,2504,
2017-12-13,2327,國巨*,twse,298.00,304.00,295.00,299.00,2711977,812984123,6.5,,,2207,
2017-12-14,2327,國巨*,twse,304.00,317.50,296.00,304.00,4325943,1323720686,5.0,,,3518,
2017-12-15,2327,國巨*,twse,308.00,313.50,303.00,309.00,2923242,902938036,5.0,,,2396,
2017-12-18,2327,國巨*,twse,312.50,339.50,309.50,339.50,6569582,2170017798,30.5,,,4945,
2017-12-19,2327,國巨*,twse,340.50,352.50,329.00,333.00,9090027,3123705937,-6.5,,,7153,
2017-12-20,2327,國巨*,twse,337.00,343.50,331.00,343.00,3787726,1281639566,10.0,,,3231,
2017-12-21,2327,國巨*,twse,340.00,342.00,333.00,336.50,2450640,825550704,-6.5,,,2162,
2017-12-22,2327,國巨*,twse,343.00,345.00,333.50,342.50,4032778,1372023298,6.0,,,3339,
2017-12-25,2327,國巨*,twse,343.00,346.00,334.00,345.00,1750883,597447369,2.5,,,1555,
2017-12-26,2327,國巨*,twse,340.00,342.00,321.00,321.00,2995146,990898280,-24.0,,,2380,
2017-12-27,2327,國巨*,twse,335.00,348.50,334.00,336.00,4873372,1656511992,15.0,,,4125,
2017-12-28,2327,國巨*,twse,338.50,343.00,333.00,341.00,2294143,775607531,5.0,,,1988,
2017-12-29,2327,國巨*,twse,339.50,355.00,338.50,353.00,5434273,1902759050,12.0,,,4018,
2018-01-02,2327,國巨*,twse,353.00,354.00,342.00,354.00,2296056,800950713,1.0,,,1966,
2018-01-03,2327,國巨*,twse,369.50,389.00,364.00,389.00,4314426,1640004214,35.0,,,3247,
2018-01-04,2327,國巨*,twse,401.00,420.00,394.00,398.50,10054872,4075952184,9.5,,,8098,
2018-01-05,2327,國巨*,twse,395.50,415.00,386.50,404.00,5525408,2217682516,5.5,,,4623,
2018-01-08,2327,國巨*,twse,404.00,404.00,393.50,400.00,3246155,1296136190,-4.0,,,2708,
2018-01-09,2327,國巨*,twse,405.00,409.00,390.50,394.00,4502792,1796996337,-6.0,,,3781,
2018-01-10,2327,國巨*,twse,397.00,400.50,378.00,379.50,4472707,1732926078,-14.5,,,3903,
2018-01-11,2327,國巨*,twse,395.50,405.00,384.00,386.50,8124540,3195957940,7.0,,,6506,
2018-01-12,2327,國巨*,twse,393.50,393.50,372.00,375.00,4502657,1713278875,-11.5,,,3880,
2018-01-15,2327,國巨*,twse,380.00,380.50,348.00,354.00,7304707,2620712278,-21.0,,,5967,
2018-01-16,2327,國巨*,twse,349.00,361.50,335.00,360.50,12900095,4516882030,6.5,,,10330,
2018-01-17,2327,國巨*,twse,360.00,360.50,348.50,355.00,5849011,2067968883,-5.5,,,4716,
2018-01-18,2327,國巨*,twse,358.00,368.00,354.50,362.00,7064821,2556026946,7.0,,,5579,
2018-01-19,2327,國巨*,twse,368.00,389.00,365.00,389.00,6067180,2267159716,27.0,,,4921,
2018-01-22,2327,國巨*,twse,384.00,421.50,382.00,415.00,10928769,4410911168,26.0,,,8803,
2018-01-23,2327,國巨*,twse,416.50,423.50,395.00,395.00,8348523,3444107539,-20.0,,,6886,
2018-01-24,2327,國巨*,twse,399.00,405.00,391.50,397.00,4919454,1961762977,2.0,,,4202,
2018-01-25,2327,國巨*,twse,401.00,405.00,384.00,395.50,4590149,1816518765,-1.5,,,3827,
2018-01-26,2327,國巨*,twse,399.00,400.00,373.00,373.00,6436272,2461932456,-22.5,,,5345,
2018-01-29,2327,國巨*,twse,382.00,382.50,371.00,382.50,5056169,1912162951,9.5,,,4477,
2018-01-30,2327,國巨*,twse,378.00,383.50,367.00,373.00,4390204,1643576971,-9.5,,,3675,
2018-01-31,2327,國巨*,twse,366.00,392.00,365.00,387.00,4807075,1822747894,14.0,,,3929,
2018-02-01,2327,國巨*,twse,386.50,392.00,382.00,386.00,3887807,1502749695,-1.0,,,3196,
2018-02-02,2327,國巨*,twse,402.00,412.00,397.50,400.00,8166361,3296287178,14.0,,,6418,
2018-02-05,2327,國巨*,twse,385.00,393.00,382.50,385.00,3957357,1529080445,-15.0,,,3504,
2018-02-06,2327,國巨*,twse,368.50,378.50,346.50,354.00,7416695,2677727030,-31.0,,,5833,
2018-02-07,2327,國巨*,twse,370.00,378.00,357.50,357.50,5742837,2118636215,3.5,,,4761,
2018-02-08,2327,國巨*,twse,363.00,367.50,346.00,348.00,4845465,1717043785,-9.5,,,4051,
2018-02-09,2327,國巨*,twse,324.00,337.00,317.00,331.50,6103065,1997204032,-16.5,,,4851,
2018-02-12,2327,國巨*,twse,340.00,344.50,312.00,312.00,8546664,2768406983,-19.5,,,6813,
2018-02-21,2327,國巨*,twse,328.00,330.00,320.00,326.00,7595433,2461224798,14.0,,,5727,
2018-02-22,2327,國巨*,twse,322.00,332.00,315.00,327.00,9532201,3072349915,1.0,,,6501,
2018-02-23,2327,國巨*,twse,351.00,351.50,325.00,325.00,11002191,3722418856,-2.0,,,8182,
2018-02-26,2327,國巨*,twse,329.00,332.50,318.00,325.00,7329838,2391971850,0.0,,,6088,
2018-02-27,2327,國巨*,twse,330.50,334.00,326.50,330.50,4674677,1542396910,5.5,,,3717,
2018-03-01,2327,國巨*,twse,331.00,346.00,328.00,346.00,7812926,2649205896,15.5,,,6274,
2018-03-02,2327,國巨*,twse,344.00,378.00,343.00,365.50,12301790,4426246223,19.5,,,9906,
2018-03-05,2327,國巨*,twse,380.00,382.50,371.00,377.00,9531580,3593214660,11.5,,,7704,
2018-03-06,2327,國巨*,twse,382.00,386.50,379.00,383.50,6356407,2435708881,6.5,,,5116,
2018-03-07,2327,國巨*,twse,378.00,400.00,377.50,393.50,7961708,3078865886,10.0,,,6143,
2018-03-08,2327,國巨*,twse,402.50,404.00,394.50,400.50,6900952,2764456853,7.0,,,5126,
2018-03-09,2327,國巨*,twse,400.00,417.00,394.00,405.50,11194826,4544052434,5.0,,,8984,
2018-03-12,2327,國巨*,twse,411.50,419.00,409.00,410.00,5091391,2102199528,4.5,,,4046,
2018-03-13,2327,國巨*,twse,410.00,419.00,407.50,419.00,4312806,1788816796,9.0,,,3590,
2018-03-14,2327,國巨*,twse,418.00,427.00,403.00,405.50,7743726,3217829919,-13.5,,,6146,
2018-03-15,2327,國巨*,twse,408.00,417.50,406.50,417.50,4299910,1770573060,12.0,,,3605,
2018-03-16,2327,國巨*,twse,416.00,425.00,410.50,425.00,6677066,2799555286,7.5,,,5200,
2018-03-19,2327,國巨*,twse,423.00,441.00,421.00,441.00,6300063,2724818957,16.0,,,5208,
2018-03-20,2327,國巨*,twse,437.00,467.00,434.00,467.00,10724924,4866223312,26.0,,,8927,
2018-03-21,2327,國巨*,twse,469.50,488.50,469.00,488.00,9537841,4578323885,21.0,,,7635,
2018-03-22,2327,國巨*,twse,500.00,513.00,496.00,507.00,10911630,5525382390,19.0,,,8688,
2018-03-23,2327,國巨*,twse,489.50,505.00,474.00,484.00,8305058,4087226840,-23.0,,,7049,
2018-03-26,2327,國巨*,twse,494.00,496.50,468.00,475.00,6321833,3055637898,-9.0,,,5337,
2018-03-27,2327,國巨*,twse,489.00,508.00,484.00,503.00,7043538,3505222000,28.0,,,5611,
2018-03-28,2327,國巨*,twse,499.00,505.00,488.50,495.00,5282323,2624170239,-8.0,,,4206,
2018-03-29,2327,國巨*,twse,508.00,525.00,502.00,520.00,4480335,2297741525,25.0,,,3595,
2018-03-30,2327,國巨*,twse,532.00,567.00,520.00,522.00,6269055,3411999490,2.0,,,5251,
2018-03-31,2327,國巨*,twse,539.00,551.00,520.00,522.00,2661770,1419958400,0.0,,,2495,
2018-04-02,2327,國巨*,twse,532.00,538.00,500.00,503.00,5195853,2681410059,-19.0,,,4392,
2018-04-03,2327,國巨*,twse,495.00,516.00,492.00,511.00,4977873,2511093103,8.0,,,4315,
2018-04-09,2327,國巨*,twse,513.00,532.00,505.00,532.00,5308877,2755578810,21.0,,,4393,
2018-04-10,2327,國巨*,twse,541.00,559.00,528.00,545.00,9093698,4940675014,13.0,,,7467,
2018-04-11,2327,國巨*,twse,558.00,567.00,541.00,544.00,5624926,3102464818,-1.0,,,4666,
2018-04-12,2327,國巨*,twse,544.00,559.00,537.00,552.00,4587189,2520570950,8.0,,,3909,
2018-04-13,2327,國巨*,twse,562.00,570.00,556.00,560.00,5029459,2826712040,8.0,,,4330,
2018-04-16,2327,國巨*,twse,575.00,616.00,571.00,616.00,7786935,4633789960,56.0,,,6295,
2018-04-17,2327,國巨*,twse,639.00,642.00,598.00,604.00,13348732,8271283128,-12.0,,,10682,
2018-04-18,2327,國巨*,twse,604.00,664.00,604.00,664.00,10045270,6335846280,60.0,,,8391,
2018-04-19,2327,國巨*,twse,664.00,704.00,650.00,650.00,14458375,9740704750,-14.0,,,11822,
2018-04-20,2327,國巨*,twse,630.00,663.00,615.00,622.00,10732017,6858385574,-28.0,,,8855,
2018-04-23,2327,國巨*,twse,643.00,684.00,630.00,684.00,12841816,8395017144,62.0,,,10493,
2018-04-24,2327,國巨*,twse,682.00,682.00,617.00,639.00,16801101,10950643135,-45.0,,,13915,
2018-04-25,2327,國巨*,twse,630.00,646.00,584.00,584.00,20251794,12505542078,-55.0,,,15508,
2018-04-26,2327,國巨*,twse,600.00,621.00,585.00,593.00,15301088,9244806184,9.0,,,12633,
2018-04-30,2327,國巨*,twse,623.00,649.00,615.00,627.00,8738980,5510667460,0.0,,,7448,
2018-05-02,2327,國巨*,twse,636.00,673.00,634.00,655.00,9953501,6480740652,28.0,,,8498,
2018-05-03,2327,國巨*,twse,647.00,661.00,641.00,653.00,7927491,5155179150,-2.0,,,6695,
2018-05-04,2327,國巨*,twse,654.00,683.00,654.00,674.00,9469925,6365519525,21.0,,,7944,
2018-05-07,2327,國巨*,twse,700.00,741.00,700.00,741.00,9051475,6527572975,67.0,,,7147,
2018-05-08,2327,國巨*,twse,756.00,776.00,708.00,718.00,14371128,10617179904,-23.0,,,12041,
2018-05-09,2327,國巨*,twse,733.00,785.00,723.00,769.00,11959562,9073831930,51.0,,,10385,
2018-05-10,2327,國巨*,twse,788.00,845.00,777.00,845.00,16137628,12980116380,76.0,,,13012,
2018-05-11,2327,國巨*,twse,860.00,905.00,809.00,830.00,19305359,16588834175,-15.0,,,16516,
2018-05-14,2327,國巨*,twse,913.00,913.00,904.00,913.00,4490466,4094719458,83.0,,,3664,
2018-05-15,2327,國巨*,twse,950.00,1000.00,950.00,1000.00,5685604,5610336000,87.0,,,4631,
2018-05-16,2327,國巨*,twse,977.00,1000.00,920.00,926.00,4858999,4629642075,-74.0,,,4250,
2018-05-17,2327,國巨*,twse,900.00,900.00,834.00,844.00,6125121,5219875124,-82.0,,,4569,
2018-05-18,2327,國巨*,twse,900.00,900.00,844.00,886.00,6371978,5605526596,42.0,,,4539,
2018-05-21,2327,國巨*,twse,889.00,974.00,889.00,974.00,4666520,4342328400,88.0,,,3327,
2018-05-23,2327,國巨*,twse,1000.00,1055.00,877.00,883.00,6732809,6392820347,0.0,,,5558,
2018-05-24,2327,國巨*,twse,883.00,925.00,850.00,913.00,3595029,3216212477,30.0,,,3206,
2018-05-25,2327,國巨*,twse,950.00,980.00,925.00,969.00,3149446,3021093390,56.0,,,2777,
2018-05-28,2327,國巨*,twse,999.00,1065.00,999.00,1065.00,4354511,4513437215,96.0,,,3938,
2018-05-29,2327,國巨*,twse,1000.00,1090.00,1000.00,1090.00,3572214,3746086120,25.0,,,2964,
2018-05-30,2327,國巨*,twse,1030.00,1065.00,1005.00,1035.00,6781130,6994403380,-55.0,,,5473,
2018-05-31,2327,國巨*,twse,1065.00,1065.00,951.00,951.00,9060476,9146055628,-84.0,,,6608,
2018-06-01,2327,國巨*,twse,961.00,998.00,934.00,982.00,8051233,7829316806,31.0,,,7034,
2018-06-04,2327,國巨*,twse,1020.00,1080.00,1000.00,1070.00,6088412,6361276720,88.0,,,5220,
2018-06-05,2327,國巨*,twse,1090.00,1090.00,997.00,1025.00,8017007,8320402175,-45.0,,,6751,
2018-06-06,2327,國巨*,twse,1035.00,1125.00,1035.00,1125.00,10054630,11003212450,100.0,,,7593,
2018-06-07,2327,國巨*,twse,1155.00,1235.00,1110.00,1230.00,10118597,11850353340,105.0,,,8940,
2018-06-08,2327,國巨*,twse,1230.00,1240.00,1180.00,1180.00,8793206,10666643080,-50.0,,,7560,
2018-06-11,2327,國巨*,twse,1230.00,1255.00,1200.00,1210.00,7456482,9123598220,30.0,,,6346,
2018-06-12,2327,國巨*,twse,1210.00,1230.00,1090.00,1135.00,11446697,13182604580,-75.0,,,9437,
2018-06-13,2327,國巨*,twse,1135.00,1150.00,1055.00,1130.00,7905951,8687385650,-5.0,,,6582,
2018-06-14,2327,國巨*,twse,1120.00,1165.00,1080.00,1080.00,5667662,6387604960,-50.0,,,5013,
2018-06-15,2327,國巨*,twse,1060.00,1145.00,1055.00,1135.00,7265913,7984156690,55.0,,,5940,
2018-06-19,2327,國巨*,twse,1135.00,1135.00,1035.00,1035.00,5877523,6416456305,-100.0,,,4888,
2018-06-20,2327,國巨*,twse,1050.00,1050.00,932.00,1010.00,15538418,15291957180,-25.0,,,12737,
2018-06-21,2327,國巨*,twse,1025.00,1055.00,987.00,987.00,7737368,7911742320,-23.0,,,6290,
2018-06-22,2327,國巨*,twse,946.00,1010.00,930.00,942.00,11327766,10879811572,-45.0,,,9788,
2018-06-25,2327,國巨*,twse,968.00,978.00,940.00,949.00,7168919,6890118050,7.0,,,6422,
2018-06-26,2327,國巨*,twse,941.00,1040.00,938.00,1035.00,8409804,8215276140,86.0,,,7108,
2018-06-27,2327,國巨*,twse,1035.00,1105.00,1020.00,1020.00,11304238,11989865380,-15.0,,,9195,
2018-06-28,2327,國巨*,twse,1030.00,1060.00,1020.00,1055.00,6363116,6636316220,35.0,,,5266,
2018-06-29,2327,國巨*,twse,1085.00,1145.00,1070.00,1125.00,9583022,10575409640,70.0,,,7612,
2018-07-02,2327,國巨*,twse,1160.00,1230.00,1150.00,1230.00,11252119,13395875180,105.0,,,8626,
2018-07-03,2327,國巨*,twse,1285.00,1310.00,1160.00,1165.00,14665774,18245461710,-65.0,,,11804,
2018-07-04,2327,國巨*,twse,1185.00,1205.00,1145.00,1180.00,7076077,8367651245,15.0,,,5896,
2018-07-05,2327,國巨*,twse,1190.00,1225.00,1075.00,1115.00,7732692,9026665040,-65.0,,,6365,
2018-07-06,2327,國巨*,twse,1160.00,1175.00,1060.00,1175.00,11248474,12615859320,60.0,,,8811,
2018-07-09,2327,國巨*,twse,1040.00,1065.00,1010.00,1020.00,11928482,12395298870,0.0,,,8843,
2018-07-10,2327,國巨*,twse,1040.00,1060.00,1010.00,1045.00,5864269,6083558795,25.0,,,4712,
2018-07-11,2327,國巨*,twse,980.00,1010.00,959.00,965.00,24661857,24165170860,-80.0,,,10177,
2018-07-12,2327,國巨*,twse,980.00,1015.00,974.00,1005.00,11002292,10936875920,40.0,,,8750,
2018-07-13,2327,國巨*,twse,1025.00,1030.00,996.00,998.00,9195377,9283771000,-7.0,,,6413,
2018-07-16,2327,國巨*,twse,1005.00,1015.00,942.00,962.00,10161682,9888204540,-36.0,,,6572,
2018-07-17,2327,國巨*,twse,962.00,965.00,896.00,904.00,16121241,14853241828,-58.0,,,13539,
2018-07-18,2327,國巨*,twse,949.00,955.00,828.00,860.00,20329692,18167631888,-44.0,,,16499,
2018-07-19,2327,國巨*,twse,873.00,900.00,840.00,892.00,14696765,12871610675,32.0,,,12077,
2018-07-20,2327,國巨*,twse,892.00,900.00,812.00,812.00,15433158,13138412454,-80.0,,,13004,
2018-07-23,2327,國巨*,twse,815.00,843.00,802.00,843.00,13887559,11448020796,31.0,,,11555,
2018-07-24,2327,國巨*,twse,850.00,893.00,838.00,893.00,12157922,10578192190,50.0,,,10322,
2018-07-25,2327,國巨*,twse,893.00,925.00,893.00,925.00,9215951,8382911479,32.0,,,7859,
2018-07-26,2327,國巨*,twse,935.00,943.00,911.00,915.00,10204893,9463523774,-10.0,,,8196,
2018-07-27,2327,國巨*,twse,923.00,935.00,911.00,933.00,6194182,5714291170,18.0,,,5309,
2018-07-30,2327,國巨*,twse,932.00,932.00,840.00,840.00,11239519,9800184960,-93.0,,,9543,
2018-07-31,2327,國巨*,twse,814.00,850.00,758.00,781.00,21080447,16842469342,-59.0,,,17430,
2018-08-01,2327,國巨*,twse,790.00,811.00,774.00,795.00,12266125,9710029000,14.0,,,10026,
2018-08-02,2327,國巨*,twse,795.00,795.00,716.00,716.00,18405178,13540287160,-79.0,,,14808,
2018-08-03,2327,國巨*,twse,731.00,745.00,683.00,730.00,24305534,17516936370,14.0,,,19743,
2018-08-06,2327,國巨*,twse,745.00,761.00,723.00,724.00,12512149,9277334472,-6.0,,,10667,
2018-08-07,2327,國巨*,twse,724.00,789.00,724.00,788.00,15402167,11613444264,64.0,,,12868,
2018-08-08,2327,國巨*,twse,795.00,807.00,714.00,742.00,23600716,18179292408,-46.0,,,20441,
2018-08-09,2327,國巨*,twse,747.00,755.00,704.00,720.00,26636938,19398445360,-22.0,,,22346,
2018-08-10,2327,國巨*,twse,710.00,716.00,651.00,651.00,28158679,19284522029,-69.0,,,23759,
2018-08-13,2327,國巨*,twse,620.00,645.00,587.00,597.00,29150196,17922618816,-54.0,,,22877,
2018-08-14,2327,國巨*,twse,619.00,649.00,593.00,637.00,25976839,16105118443,40.0,,,20586,
2018-08-15,2327,國巨*,twse,621.00,630.00,605.00,610.00,19579354,12053053940,-27.0,,,15209,
2018-08-16,2327,國巨*,twse,616.00,665.00,615.00,663.00,23788407,15306425434,53.0,,,18984,
2018-08-17,2327,國巨*,twse,674.00,689.00,630.00,630.00,24011942,15962527460,-33.0,,,19677,
2018-08-20,2327,國巨*,twse,638.00,669.00,615.00,662.00,18735028,11999220480,32.0,,,15121,
2018-08-21,2327,國巨*,twse,662.00,676.00,648.00,673.00,14516220,9643472060,11.0,,,12045,
2018-08-22,2327,國巨*,twse,660.00,671.00,650.00,650.00,10467881,6918841531,-23.0,,,8714,
2018-08-23,2327,國巨*,twse,650.00,656.00,624.00,628.00,12947319,8266615332,-22.0,,,10836,
2018-08-24,2327,國巨*,twse,631.00,649.00,630.00,643.00,14215235,9113473105,15.0,,,10705,
2018-08-27,2327,國巨*,twse,658.00,703.00,658.00,695.00,18835089,12814071677,52.0,,,14711,
2018-08-28,2327,國巨*,twse,707.00,709.00,675.00,675.00,15514442,10742201792,-20.0,,,12705,
2018-08-29,2327,國巨*,twse,688.00,706.00,681.00,705.00,14784910,10294702820,30.0,,,11551,
2018-08-30,2327,國巨*,twse,711.00,712.00,692.00,696.00,10562995,7408534520,-9.0,,,8740,
2018-08-31,2327,國巨*,twse,696.00,702.00,690.00,698.00,8216383,5728029334,2.0,,,6480,
2018-09-03,2327,國巨*,twse,694.00,695.00,629.00,629.00,16524016,10807281064,-69.0,,,13813,
2018-09-04,2327,國巨*,twse,625.00,642.00,592.00,630.00,23475028,14541362640,1.0,,,18633,
2018-09-05,2327,國巨*,twse,629.00,641.00,608.00,611.00,12421745,7736341195,-19.0,,,10423,
2018-09-06,2327,國巨*,twse,613.00,624.00,590.00,595.00,21608613,13145220735,-16.0,,,16725,
2018-09-07,2327,國巨*,twse,588.00,598.00,536.00,545.00,25681563,14514130398,-50.0,,,20171,
2018-09-10,2327,國巨*,twse,550.00,555.00,515.00,532.00,22128960,11875965720,-13.0,,,17715,
2018-09-11,2327,國巨*,twse,546.00,567.00,534.00,546.00,17750844,9751532824,14.0,,,13793,
2018-09-12,2327,國巨*,twse,542.00,542.00,520.00,528.00,15354136,8137769808,-18.0,,,12014,
2018-09-13,2327,國巨*,twse,541.00,548.00,507.00,508.00,14845213,7901628204,-20.0,,,11479,
2018-09-14,2327,國巨*,twse,523.00,546.00,500.00,534.00,26331854,13819992036,26.0,,,20721,
2018-09-17,2327,國巨*,twse,532.00,538.00,522.00,533.00,9473396,5024991464,-1.0,,,7549,
2018-09-18,2327,國巨*,twse,522.00,528.00,501.00,501.00,15741632,8054260528,-32.0,,,12972,
2018-09-19,2327,國巨*,twse,511.00,522.00,475.50,479.00,24843387,12430229373,-22.0,,,18208,
2018-09-20,2327,國巨*,twse,480.00,497.50,461.00,490.00,30158497,14505130729,11.0,,,22748,
2018-09-21,2327,國巨*,twse,506.00,514.00,494.50,514.00,21735214,11028987782,24.0,,,14516,
2018-09-25,2327,國巨*,twse,503.00,529.00,501.00,506.00,16106062,8263010372,-8.0,,,12472,
2018-09-26,2327,國巨*,twse,508.00,515.00,490.00,490.00,14049514,7042372860,-16.0,,,11130,
2018-09-27,2327,國巨*,twse,480.00,492.00,465.00,466.00,17820988,8494828908,-24.0,,,14801,
2018-09-28,2327,國巨*,twse,471.00,473.00,452.00,459.00,26813911,12429893989,-7.0,,,20292,
2018-10-01,2327,國巨*,twse,461.00,471.00,453.00,470.00,11704154,5408459880,11.0,,,9340,
2018-10-02,2327,國巨*,twse,474.00,481.00,458.00,458.00,17717824,8320565392,-12.0,,,13630,
2018-10-03,2327,國巨*,twse,460.00,464.00,446.50,451.00,15595611,7101430561,-7.0,,,12082,
2018-10-04,2327,國巨*,twse,460.00,462.50,446.00,446.00,17212785,7812076456,-5.0,,,13352,
2018-10-05,2327,國巨*,twse,438.50,445.00,402.00,403.00,28257607,11862237621,-43.0,,,21852,
2018-10-08,2327,國巨*,twse,403.00,406.00,378.00,404.00,34209465,13498941965,1.0,,,25655,
2018-10-09,2327,國巨*,twse,410.00,428.50,404.50,423.50,25457620,10573686391,19.5,,,19606,
2018-10-11,2327,國巨*,twse,384.50,400.50,384.50,388.00,27473826,10768944988,-35.5,,,20637,
2018-10-12,2327,國巨*,twse,391.00,424.50,390.00,415.00,25896737,10557607355,27.0,,,19364,
2018-10-15,2327,國巨*,twse,415.00,428.50,409.00,410.00,21252901,8886071321,-5.0,,,16004,
2018-10-16,2327,國巨*,twse,412.00,427.00,410.50,419.00,18984993,7968908560,9.0,,,14427,
2018-10-17,2327,國巨*,twse,445.00,448.50,417.50,418.00,24461631,10605751389,-1.0,,,17699,
2018-10-18,2327,國巨*,twse,425.00,429.00,419.00,421.50,17035068,7213410128,3.5,,,12729,
2018-10-19,2327,國巨*,twse,405.00,408.00,389.00,394.00,26319320,10448923812,-27.5,,,18693,
2018-10-22,2327,國巨*,twse,380.00,394.50,375.00,390.00,19242397,7411902021,-4.0,,,14721,
2018-10-23,2327,國巨*,twse,388.00,393.50,366.00,366.00,23400471,8884798552,-24.0,,,17698,
2018-10-24,2327,國巨*,twse,368.00,373.00,349.00,349.00,28920159,10441635991,-17.0,,,20555,
2018-10-25,2327,國巨*,twse,328.00,330.50,315.50,315.50,24997923,8061743125,-33.5,,,18555,
2018-10-26,2327,國巨*,twse,332.00,332.00,313.50,324.00,32901186,10596359264,8.5,,,23273,
2018-10-29,2327,國巨*,twse,324.00,332.00,315.00,320.00,27864984,8989270864,-4.0,,,19984,
2018-10-30,2327,國巨*,twse,316.00,316.50,298.00,298.00,28962885,8876881615,-22.0,,,20634,
2018-10-31,2327,國巨*,twse,305.00,325.50,305.00,315.50,33335695,10515385221,17.5,,,23831,
2018-11-01,2327,國巨*,twse,320.00,347.00,319.00,347.00,33765728,11372625616,31.5,,,22553,
2018-11-02,2327,國巨*,twse,365.50,381.00,336.00,345.50,47974835,17362207125,-1.5,,,33650,
2018-11-05,2327,國巨*,twse,340.00,345.50,332.50,340.00,22221352,7530216532,-5.5,,,16106,
2018-11-06,2327,國巨*,twse,343.00,347.00,306.50,308.00,34610847,11237451070,-32.0,,,24336,
2018-11-07,2327,國巨*,twse,309.00,335.50,301.00,331.00,34849190,11070634700,23.0,,,26108,
2018-11-08,2327,國巨*,twse,348.00,350.00,323.00,324.00,28681410,9677112017,-7.0,,,21444,
2018-11-09,2327,國巨*,twse,326.00,331.00,314.50,329.00,27623378,8937216408,5.0,,,20393,
2018-11-12,2327,國巨*,twse,307.00,313.50,304.00,310.00,21485188,6631749837,-19.0,,,15795,
2018-11-13,2327,國巨*,twse,297.50,311.00,292.00,311.00,21394806,6444772049,1.0,,,15701,
2018-11-14,2327,國巨*,twse,312.50,316.50,306.00,306.00,15955854,4967146032,-5.0,,,11687,
2018-11-15,2327,國巨*,twse,310.00,312.00,304.00,312.00,12353095,3811281140,6.0,,,9052,
2018-11-16,2327,國巨*,twse,317.00,325.00,310.00,310.00,21142109,6694472320,-2.0,,,15321,
2018-11-19,2327,國巨*,twse,310.00,317.50,308.50,317.50,11190528,3522335618,7.5,,,8092,
2018-11-20,2327,國巨*,twse,313.00,323.00,313.00,321.00,16950673,5401373668,3.5,,,11982,
2018-11-21,2327,國巨*,twse,318.50,340.00,318.50,340.00,26126710,8560936400,19.0,,,17141,
2018-11-22,2327,國巨*,twse,345.00,351.50,329.50,332.00,27288523,9332937682,-8.0,,,19203,
2018-11-23,2327,國巨*,twse,333.00,337.00,318.00,319.00,18665703,6107865960,-13.0,,,13357,
2018-11-26,2327,國巨*,twse,324.00,328.00,319.00,327.00,14236341,4610439007,8.0,,,10058,
2018-11-27,2327,國巨*,twse,327.50,344.00,326.50,340.00,20673693,6916423813,13.0,,,14049,
2018-11-28,2327,國巨*,twse,347.00,371.50,341.00,357.50,31693912,11175404993,17.5,,,22992,
2018-11-29,2327,國巨*,twse,373.00,377.00,357.50,359.50,31777932,11698623516,2.0,,,22153,
2018-11-30,2327,國巨*,twse,360.50,370.00,360.50,370.00,19056726,6967711120,10.5,,,13530,
2018-12-03,2327,國巨*,twse,387.50,407.00,387.50,407.00,20900584,8399516688,37.0,,,12407,
2018-12-04,2327,國巨*,twse,415.00,415.00,400.00,401.50,24304510,9943384733,-5.5,,,18026,
2018-12-05,2327,國巨*,twse,383.50,395.00,382.50,388.00,19149752,7420995028,-13.5,,,13900,
2018-12-06,2327,國巨*,twse,383.50,386.00,349.50,349.50,26588909,9689180150,-38.5,,,19248,
2018-12-07,2327,國巨*,twse,354.00,359.50,342.00,356.50,21052223,7429509201,7.0,,,15694,
2018-12-10,2327,國巨*,twse,344.50,345.00,322.00,323.50,23339104,7764719008,-33.0,,,16408,
2018-12-11,2327,國巨*,twse,325.50,334.50,322.50,332.00,18022644,5908608740,8.5,,,13032,
2018-12-12,2327,國巨*,twse,340.50,344.00,338.00,338.50,14135099,4817412310,6.5,,,9891,
2018-12-13,2327,國巨*,twse,331.00,332.00,308.00,314.50,30215914,9721159324,-24.0,,,20977,
2018-12-14,2327,國巨*,twse,308.50,320.00,297.50,320.00,25755877,7916267049,5.5,,,18775,
2018-12-17,2327,國巨*,twse,317.00,326.00,311.00,321.50,18056553,5765849066,1.5,,,13203,
2018-12-18,2327,國巨*,twse,315.50,320.00,312.50,320.00,15667727,4958393594,-1.5,,,11114,
2018-12-19,2327,國巨*,twse,325.00,328.50,320.00,320.00,14139762,4591867102,0.0,,,10334,
2018-12-20,2327,國巨*,twse,317.00,320.50,305.50,314.00,16866363,5283376845,-6.0,,,12200,
2018-12-21,2327,國巨*,twse,312.00,328.00,307.00,328.00,19102517,6057849042,14.0,,,12694,
2018-12-22,2327,國巨*,twse,324.00,326.50,321.50,322.50,6958665,2253421286,-5.5,,,5137,
2018-12-24,2327,國巨*,twse,324.00,331.00,318.50,331.00,10191241,3311645771,8.5,,,7364,
2018-12-25,2327,國巨*,twse,320.00,328.50,317.00,328.50,13353533,4311799109,-2.5,,,9514,
2018-12-26,2327,國巨*,twse,334.50,336.50,314.00,314.00,17831478,5836416048,-14.5,,,12845,
2018-12-27,2327,國巨*,twse,328.00,331.00,319.00,321.00,20017693,6510662646,7.0,,,14206,
2018-12-28,2327,國巨*,twse,325.00,325.50,319.00,319.00,9397421,3021576991,-2.0,,,6525,
2019-01-02,2327,國巨*,twse,324.00,324.50,314.00,314.00,9175494,2926643598,-5.0,,,6406,
2019-01-03,2327,國巨*,twse,311.50,317.00,301.50,303.00,14718308,4540526383,-11.0,,,10857,
2019-01-04,2327,國巨*,twse,296.00,296.00,287.00,289.50,23784956,6915422104,-13.5,,,16428,
2019-01-07,2327,國巨*,twse,299.50,300.50,296.00,296.50,9951830,2966872905,7.0,,,7276,
2019-01-08,2327,國巨*,twse,298.00,298.00,293.50,294.00,6907771,2038302445,-2.5,,,5206,
2019-01-09,2327,國巨*,twse,298.00,319.00,298.00,303.50,24982363,7713758352,9.5,,,16917,
2019-01-10,2327,國巨*,twse,307.50,310.00,302.50,304.50,15329979,4692423595,1.0,,,10726,
2019-01-11,2327,國巨*,twse,306.00,313.00,304.50,306.00,14790965,4567369290,1.5,,,10202,
2019-01-14,2327,國巨*,twse,308.00,309.50,303.00,307.00,7295255,2235063393,1.0,,,5263,
2019-01-15,2327,國巨*,twse,308.50,316.00,307.50,314.00,11358620,3549773680,7.0,,,8201,
2019-01-16,2327,國巨*,twse,316.50,320.50,315.00,317.50,9824629,3117833706,3.5,,,7258,
2019-01-17,2327,國巨*,twse,322.50,324.50,313.50,313.50,9627649,3073617786,-4.0,,,6993,
2019-01-18,2327,國巨*,twse,318.00,319.00,314.00,318.50,7909040,2507888716,5.0,,,5417,
2019-01-21,2327,國巨*,twse,326.00,326.50,320.00,320.00,8468055,2735161054,1.5,,,6003,
2019-01-22,2327,國巨*,twse,320.00,321.00,315.00,316.50,5767512,1829439048,-3.5,,,4181,
2019-01-23,2327,國巨*,twse,312.50,316.50,311.50,316.50,4711397,1481629632,0.0,,,3371,
2019-01-24,2327,國巨*,twse,317.50,319.50,315.00,315.00,3929446,1244503990,-1.5,,,2757,
2019-01-25,2327,國巨*,twse,319.50,331.50,318.50,328.50,18891267,6141607409,13.5,,,12100,
2019-01-28,2327,國巨*,twse,333.00,339.50,326.50,328.00,13668934,4566707290,-0.5,,,9517,
2019-01-29,2327,國巨*,twse,323.00,323.50,318.00,321.00,7686052,2464183756,-7.0,,,5484,
2019-01-30,2327,國巨*,twse,324.50,326.00,321.50,321.50,7046469,2277255228,0.5,,,4881,
2019-02-11,2327,國巨*,twse,326.50,328.50,322.00,328.00,6276472,2045825316,6.5,,,4730,
2019-02-12,2327,國巨*,twse,334.50,352.00,334.00,352.00,24380628,8452013699,24.0,,,15892,
2019-02-13,2327,國巨*,twse,362.50,383.00,361.50,382.50,29619808,11043020503,30.5,,,20401,
2019-02-14,2327,國巨*,twse,384.00,385.50,373.50,375.50,16369598,6201809848,-7.0,,,11707,
2019-02-15,2327,國巨*,twse,368.00,371.50,360.00,360.00,15462270,5641286301,-15.5,,,10743,
2019-02-18,2327,國巨*,twse,368.00,373.50,366.00,371.50,10808106,3998659932,11.5,,,7754,
2019-02-19,2327,國巨*,twse,372.50,374.50,367.50,368.00,8033377,2975571113,-3.5,,,5713,
2019-02-20,2327,國巨*,twse,374.50,384.00,373.00,373.00,13150705,4964000288,5.0,,,9504,
2019-02-21,2327,國巨*,twse,376.00,381.50,369.50,381.00,8594495,3225824149,8.0,,,6335,
2019-02-22,2327,國巨*,twse,381.00,385.00,375.50,375.50,12199985,4625973845,-5.5,,,8832,
2019-02-25,2327,國巨*,twse,381.00,381.00,375.00,375.00,7519509,2842136384,-0.5,,,5415,
2019-02-26,2327,國巨*,twse,376.00,386.50,372.00,372.00,13783851,5226988473,-3.0,,,9538,
2019-02-27,2327,國巨*,twse,362.00,364.50,343.00,346.00,22165283,7793202484,-26.0,,,15480,
2019-03-04,2327,國巨*,twse,346.00,349.50,341.00,349.50,9425297,3253862950,3.5,,,6945,
2019-03-05,2327,國巨*,twse,346.00,346.00,340.00,340.00,6371671,2182035297,-9.5,,,5034,
2019-03-06,2327,國巨*,twse,341.00,347.00,338.50,339.50,5770399,1974649744,-0.5,,,4501,
2019-03-07,2327,國巨*,twse,341.00,342.50,327.50,336.00,7001585,2345028510,-3.5,,,5188,
2019-03-08,2327,國巨*,twse,330.00,337.50,328.00,336.50,7052133,2341777321,0.5,,,5121,
2019-03-11,2327,國巨*,twse,332.50,340.00,331.00,339.50,5660696,1903262640,3.0,,,4244,
2019-03-12,2327,國巨*,twse,342.00,344.00,332.00,332.00,9077481,3064540692,-7.5,,,6671,
2019-03-13,2327,國巨*,twse,333.50,338.00,330.50,338.00,4997281,1671573978,6.0,,,3488,
2019-03-14,2327,國巨*,twse,339.00,342.50,333.00,339.00,7614085,2574024815,1.0,,,5585,
2019-03-15,2327,國巨*,twse,344.50,356.00,344.00,345.50,19451350,6782048236,6.5,,,13706,
2019-03-18,2327,國巨*,twse,351.00,351.50,341.00,341.00,7615962,2632477504,-4.5,,,5361,
2019-03-19,2327,國巨*,twse,341.50,343.00,332.00,333.50,7612945,2563817575,-7.5,,,5541,
2019-03-20,2327,國巨*,twse,334.50,337.50,332.00,334.50,6495230,2173318050,1.0,,,4801,
2019-03-21,2327,國巨*,twse,335.50,336.00,332.50,334.50,4937033,1649560555,0.0,,,3036,
2019-03-22,2327,國巨*,twse,337.50,340.00,331.00,331.00,8066320,2702034705,-3.5,,,5654,
2019-03-25,2327,國巨*,twse,321.50,322.50,315.50,318.00,9332592,2977517940,-13.0,,,6779,
2019-03-26,2327,國巨*,twse,320.00,324.00,320.00,323.00,5450648,1755755758,5.0,,,3849,
2019-03-27,2327,國巨*,twse,325.00,326.50,321.00,324.00,5289724,1712915300,1.0,,,3802,
2019-03-28,2327,國巨*,twse,324.00,325.50,322.00,322.00,2423465,783683908,-2.0,,,1822,
2019-03-29,2327,國巨*,twse,325.00,327.00,323.00,323.00,3952445,1285200831,1.0,,,2728,
2019-04-01,2327,國巨*,twse,326.50,327.00,319.00,321.00,4327000,1399382984,-2.0,,,3279,
2019-04-02,2327,國巨*,twse,321.50,325.00,319.00,320.00,4582927,1474204421,-1.0,,,3563,
2019-04-03,2327,國巨*,twse,321.00,333.50,320.00,330.00,11218581,3697537493,10.0,,,7538,
2019-04-08,2327,國巨*,twse,336.00,337.50,324.00,324.50,10469509,3459174653,-5.5,,,7602,
2019-04-09,2327,國巨*,twse,326.00,336.00,323.50,330.00,13289107,4393090024,5.5,,,9269,
2019-04-10,2327,國巨*,twse,330.50,330.50,327.00,329.00,6021207,1977603810,-1.0,,,4200,
2019-04-11,2327,國巨*,twse,333.00,337.50,328.00,329.00,10293320,3423825888,0.0,,,7125,
2019-04-12,2327,國巨*,twse,334.00,334.00,325.50,326.00,5614281,1843276387,-3.0,,,4061,
2019-04-15,2327,國巨*,twse,329.50,332.50,328.50,330.50,4727722,1561372085,4.5,,,3363,
2019-04-16,2327,國巨*,twse,333.00,335.00,330.00,332.50,6642392,2210516036,2.0,,,4688,
2019-04-17,2327,國巨*,twse,336.00,348.50,335.50,345.00,20766498,7093517810,12.5,,,13601,
2019-04-18,2327,國巨*,twse,348.00,350.00,330.50,331.00,17753053,6058258927,-14.0,,,12418,
2019-04-19,2327,國巨*,twse,335.00,335.00,326.50,333.50,8432861,2798363935,2.5,,,6114,
2019-04-22,2327,國巨*,twse,336.00,337.00,327.00,327.50,7644519,2527101491,-6.0,,,5469,
2019-04-23,2327,國巨*,twse,327.50,327.50,319.00,321.50,8115433,2616801292,-6.0,,,5963,
2019-04-24,2327,國巨*,twse,323.00,323.50,318.00,319.50,6117553,1962583331,-2.0,,,4557,
2019-04-25,2327,國巨*,twse,305.00,321.50,303.00,321.50,13979470,4348423024,2.0,,,9950,
2019-04-26,2327,國巨*,twse,317.00,323.50,314.00,319.00,7239046,2301289266,-2.5,,,5442,
2019-04-29,2327,國巨*,twse,313.00,315.50,299.00,300.50,16422823,5028847692,-18.5,,,11892,
2019-04-30,2327,國巨*,twse,300.50,305.00,298.50,304.50,6408667,1938980769,4.0,,,4689,
2019-05-02,2327,國巨*,twse,304.00,304.50,300.00,303.50,4797676,1450454682,-1.0,,,3641,
2019-05-03,2327,國巨*,twse,302.50,304.00,295.00,300.00,9113626,2728685678,-3.5,,,6605,
2019-05-06,2327,國巨*,twse,292.00,296.50,291.00,293.50,7326387,2147003665,-6.5,,,5548,
2019-05-07,2327,國巨*,twse,295.00,298.50,293.00,293.00,6084687,1797528665,-0.5,,,4733,
2019-05-08,2327,國巨*,twse,290.00,294.50,286.00,294.50,8894449,2576702404,1.5,,,6749,
2019-05-09,2327,國巨*,twse,292.00,293.50,285.50,286.00,6597710,1906269400,-8.5,,,5206,
2019-05-10,2327,國巨*,twse,285.00,290.50,278.00,280.50,14670018,4157379076,-5.5,,,10968,
2019-05-13,2327,國巨*,twse,281.50,282.50,259.50,259.50,14722387,3972705281,-21.0,,,10967,
2019-05-14,2327,國巨*,twse,250.50,262.50,248.00,258.00,15455962,3948215620,-1.5,,,10749,
2019-05-15,2327,國巨*,twse,260.00,264.00,258.50,259.00,7300011,1903825352,1.0,,,5282,
2019-05-16,2327,國巨*,twse,259.00,260.50,246.50,249.00,10567967,2665486250,-10.0,,,7879,
2019-05-17,2327,國巨*,twse,251.50,254.00,247.50,249.50,9691150,2427768500,0.5,,,7472,
2019-05-20,2327,國巨*,twse,253.50,255.50,249.50,251.50,5257170,1323658340,2.0,,,4048,
2019-05-21,2327,國巨*,twse,250.00,258.00,248.00,258.00,7281915,1852252985,6.5,,,5355,
2019-05-22,2327,國巨*,twse,260.00,261.50,253.50,253.50,5719969,1472199085,-4.5,,,4298,
2019-05-23,2327,國巨*,twse,248.00,249.00,240.50,244.50,10660501,2608137469,-9.0,,,7906,
2019-05-24,2327,國巨*,twse,245.50,248.00,242.00,242.00,4858923,1189668725,-2.5,,,3687,
2019-05-27,2327,國巨*,twse,245.00,246.50,241.50,245.00,4140810,1011423760,3.0,,,3202,
2019-05-28,2327,國巨*,twse,247.00,247.50,243.50,245.50,3762049,924319603,0.5,,,2412,
2019-05-29,2327,國巨*,twse,243.00,255.00,242.50,255.00,9218491,2307971696,9.5,,,6685,
2019-05-30,2327,國巨*,twse,256.00,258.50,251.00,251.00,7479284,1902656852,-4.0,,,5929,
2019-05-31,2327,國巨*,twse,251.00,261.00,250.50,261.00,7985569,2052334009,10.0,,,6007,
2019-06-03,2327,國巨*,twse,260.50,264.00,257.00,262.00,6644737,1732696181,1.0,,,5296,
2019-06-04,2327,國巨*,twse,263.00,267.00,262.50,263.50,6339557,1676933309,1.5,,,4603,
2019-06-05,2327,國巨*,twse,268.00,271.00,254.00,256.00,13503205,3549896685,-7.5,,,9781,
2019-06-06,2327,國巨*,twse,255.00,255.00,245.00,245.00,9531446,2367165162,-11.0,,,7416,
2019-06-10,2327,國巨*,twse,250.00,251.50,247.50,251.00,5584311,1395538195,6.0,,,3737,
2019-06-11,2327,國巨*,twse,251.00,252.50,245.50,251.50,6730286,1680188072,0.5,,,4828,
2019-06-12,2327,國巨*,twse,250.00,253.00,246.50,249.00,5340048,1330651959,-2.5,,,4153,
2019-06-13,2327,國巨*,twse,247.50,249.50,245.50,247.00,3064299,757495652,-2.0,,,2427,
2019-06-14,2327,國巨*,twse,248.00,252.50,247.50,251.00,5272557,1321971307,4.0,,,3600,
2019-06-17,2327,國巨*,twse,254.00,261.00,252.00,261.00,8822031,2264754077,10.0,,,5842,
2019-06-18,2327,國巨*,twse,263.00,263.50,256.50,258.00,6366008,1652138080,-3.0,,,4814,
2019-06-19,2327,國巨*,twse,263.00,265.50,261.00,264.00,7796590,2052390760,6.0,,,5497,
2019-06-20,2327,國巨*,twse,265.50,275.00,265.50,270.00,13925984,3779055680,6.0,,,10280,
2019-06-21,2327,國巨*,twse,271.00,273.00,264.50,267.50,6924002,1856379536,-2.5,,,5190,
2019-06-24,2327,國巨*,twse,268.00,271.00,265.50,271.00,4194719,1128358349,3.5,,,2800,
2019-06-25,2327,國巨*,twse,269.00,271.00,263.00,263.50,5605798,1490291672,-7.5,,,3937,
2019-06-26,2327,國巨*,twse,264.00,266.50,263.00,266.00,2887841,765241547,2.5,,,2133,
2019-06-27,2327,國巨*,twse,264.50,270.50,264.50,267.50,4954300,1330469039,1.5,,,3289,
2019-06-28,2327,國巨*,twse,268.00,269.50,263.00,264.00,4502334,1193944168,-3.5,,,3335,
2019-07-01,2327,國巨*,twse,270.00,273.00,269.50,272.50,7719486,2096205412,8.5,,,4815,
2019-07-02,2327,國巨*,twse,272.50,274.50,270.00,271.50,5622357,1530978461,-1.0,,,4167,
2019-07-03,2327,國巨*,twse,271.50,273.50,269.50,270.00,5253013,1424219523,-1.5,,,3675,
2019-07-04,2327,國巨*,twse,273.00,281.00,271.50,277.00,10999723,3056484494,7.0,,,8036,
2019-07-05,2327,國巨*,twse,279.00,280.50,275.00,278.00,5820633,1619615740,1.0,,,4102,
2019-07-08,2327,國巨*,twse,278.00,279.00,274.00,275.00,4154140,1147107640,-3.0,,,2962,
2019-07-09,2327,國巨*,twse,270.00,270.50,264.00,264.00,7710565,2056300484,-11.0,,,5879,
2019-07-10,2327,國巨*,twse,266.00,269.50,265.00,269.00,3723444,995663436,5.0,,,2808,
2019-07-11,2327,國巨*,twse,271.50,274.00,270.00,271.50,4114686,1120022223,2.5,,,2953,
2019-07-12,2327,國巨*,twse,272.00,273.50,270.00,273.50,2510940,683416079,2.0,,,1872,
2019-07-15,2327,國巨*,twse,271.00,271.00,264.00,267.50,6965580,1863184440,-6.0,,,5020,
2019-07-16,2327,國巨*,twse,269.00,272.00,268.00,269.50,4600462,1243705278,2.0,,,3107,
2019-07-17,2327,國巨*,twse,270.00,271.00,266.00,267.00,3973835,1063434445,-2.5,,,3118,
2019-07-18,2327,國巨*,twse,265.50,267.00,258.50,259.00,6235393,1631016680,-8.0,,,4567,
2019-07-19,2327,國巨*,twse,261.50,262.50,256.50,257.50,4320766,1118024128,-1.5,,,3354,
2019-07-22,2327,國巨*,twse,256.00,258.00,252.00,253.00,4282042,1086844512,-4.5,,,3251,
2019-07-23,2327,國巨*,twse,255.00,258.50,254.00,255.00,4603953,1179935478,2.0,,,3151,
2019-07-24,2327,國巨*,twse,259.50,260.50,255.00,255.50,3519225,905281200,0.5,,,2503,
2019-07-25,2327,國巨*,twse,256.00,258.50,253.50,258.00,3647992,933045913,2.5,,,2627,
2019-07-26,2327,國巨*,twse,258.00,259.50,256.00,259.50,3596651,927523571,1.5,,,2309,
2019-07-29,2327,國巨*,twse,260.00,260.50,256.50,258.50,3226327,833703020,-1.0,,,2055,
2019-07-30,2327,國巨*,twse,262.50,266.00,262.00,264.50,10812667,2855575905,6.0,,,7296,
2019-07-31,2327,國巨*,twse,264.50,266.00,260.00,266.00,5097372,1342255952,1.5,,,3701,
2019-08-01,2327,國巨*,twse,264.50,269.00,263.50,266.00,5521298,1472812897,0.0,,,4167,
2019-08-02,2327,國巨*,twse,261.00,263.00,257.50,257.50,5413700,1404677300,-8.5,,,4127,
2019-08-05,2327,國巨*,twse,259.00,271.00,258.00,260.00,14334253,3783726140,2.5,,,10162,
2019-08-06,2327,國巨*,twse,254.00,259.50,251.50,258.50,7296882,1865462320,-1.5,,,5405,
2019-08-07,2327,國巨*,twse,259.50,260.50,250.50,250.50,6460332,1644516464,-8.0,,,5034,
2019-08-08,2327,國巨*,twse,254.00,257.50,253.00,257.00,4973510,1271363570,6.5,,,3476,
2019-08-12,2327,國巨*,twse,259.00,269.00,256.50,268.50,8710652,2306187033,11.5,,,6192,
2019-08-13,2327,國巨*,twse,268.50,268.50,262.50,266.50,4455659,1185321453,-2.0,,,3550,
2019-08-14,2327,國巨*,twse,272.00,274.00,268.50,268.50,6495648,1758307958,2.0,,,4592,
2019-08-15,2327,國巨*,twse,263.00,265.50,262.00,264.50,4689972,1237706302,-4.0,,,3154,
2019-08-16,2327,國巨*,twse,264.50,266.00,263.00,263.50,4081898,1079307470,-1.0,,,2866,
2019-08-19,2327,國巨*,twse,266.00,267.00,262.50,264.50,4533749,1199901837,1.0,,,3059,
2019-08-20,2327,國巨*,twse,266.00,268.00,265.00,265.50,5395315,1436280428,1.0,,,3545,
2019-08-21,2327,國巨*,twse,265.50,266.00,257.50,257.50,7961737,2075902120,-8.0,,,6129,
2019-08-22,2327,國巨*,twse,259.00,260.00,253.00,253.00,6235731,1592510905,-4.5,,,4788,
2019-08-23,2327,國巨*,twse,254.50,261.00,254.00,258.00,12292795,3169812200,5.0,,,7731,
2019-08-26,2327,國巨*,twse,213.00,215.50,208.50,209.00,13714350,2904351700,0.0,,,9760,
2019-08-27,2327,國巨*,twse,212.00,213.00,203.00,203.00,8805357,1826136185,-6.0,,,6253,
2019-08-28,2327,國巨*,twse,205.00,207.50,203.00,204.50,7911135,1622241310,1.5,,,5637,
2019-08-29,2327,國巨*,twse,206.00,207.00,204.00,206.50,4462980,917318340,2.0,,,3199,
2019-08-30,2327,國巨*,twse,213.00,227.00,212.00,227.00,23099576,5139781252,20.5,,,14625,
2019-09-02,2327,國巨*,twse,233.00,238.50,230.00,236.00,21846643,5123849683,9.0,,,14940,
2019-09-03,2327,國巨*,twse,236.00,237.50,232.50,235.50,9323087,2194037032,-0.5,,,6590,
2019-09-04,2327,國巨*,twse,237.50,238.50,233.50,234.50,8310294,1953975090,-1.0,,,5776,
2019-09-05,2327,國巨*,twse,238.00,243.00,235.00,238.00,13138557,3134357566,3.5,,,9045,
2019-09-06,2327,國巨*,twse,241.00,243.00,237.00,237.00,6856503,1640389714,-1.0,,,5051,
2019-09-09,2327,國巨*,twse,237.50,239.00,232.50,233.00,6490886,1519619938,-4.0,,,4586,
2019-09-10,2327,國巨*,twse,233.50,234.50,228.00,228.50,5963296,1371719580,-4.5,,,4383,
2019-09-11,2327,國巨*,twse,229.50,231.50,229.00,230.00,3588917,826111827,1.5,,,2680,
2019-09-12,2327,國巨*,twse,233.00,234.00,231.00,231.00,3088271,717380601,1.0,,,2236,
2019-09-16,2327,國巨*,twse,231.00,231.50,228.00,231.50,2756745,633438840,0.5,,,2048,
2019-09-17,2327,國巨*,twse,236.00,242.00,233.50,233.50,10023352,2379739529,2.0,,,6985,
2019-09-18,2327,國巨*,twse,234.00,236.00,232.50,232.50,3659533,855592689,-1.0,,,2877,
2019-09-19,2327,國巨*,twse,233.50,234.50,232.00,232.00,2217392,516451836,-0.5,,,1766,
2019-09-20,2327,國巨*,twse,234.00,236.50,231.50,233.50,5642577,1317129291,1.5,,,3514,
2019-09-23,2327,國巨*,twse,233.00,235.00,232.50,233.00,2495481,582547303,-0.5,,,1818,
2019-09-24,2327,國巨*,twse,234.00,234.50,231.50,231.50,2475325,575861551,-1.5,,,1795,
2019-09-25,2327,國巨*,twse,230.50,231.00,227.50,229.50,3183221,728385421,-2.0,,,2424,
2019-09-26,2327,國巨*,twse,232.50,242.00,232.50,238.50,20186244,4825743655,9.0,,,13406,
2019-09-27,2327,國巨*,twse,245.00,247.00,240.50,246.50,18197290,4444608340,8.0,,,11686,
2019-10-01,2327,國巨*,twse,252.00,270.00,252.00,268.00,27959916,7328806488,21.5,,,19070,
2019-10-02,2327,國巨*,twse,265.00,271.00,264.00,269.00,13660804,3661948343,1.0,,,9507,
2019-10-03,2327,國巨*,twse,265.00,269.50,264.00,265.50,9668039,2573441069,-3.5,,,6255,
2019-10-04,2327,國巨*,twse,269.50,270.50,260.50,261.00,11935080,3158737880,-4.5,,,7911,
2019-10-07,2327,國巨*,twse,271.00,276.00,268.50,276.00,17333053,4713854545,15.0,,,12311,
2019-10-08,2327,國巨*,twse,281.00,298.50,277.50,298.50,31371068,8968495696,22.5,,,20432,
2019-10-09,2327,國巨*,twse,295.50,305.00,292.00,301.50,21959611,6532397533,3.0,,,15991,
2019-10-14,2327,國巨*,twse,310.00,317.00,305.00,314.50,17603702,5480780699,13.0,,,12907,
2019-10-15,2327,國巨*,twse,314.00,315.50,305.50,306.00,13762556,4269894136,-8.5,,,10535,
2019-10-16,2327,國巨*,twse,309.00,311.50,295.50,302.00,14626954,4431920608,-4.0,,,10538,
2019-10-17,2327,國巨*,twse,302.50,311.00,299.00,310.50,9407131,2876200146,8.5,,,6987,
2019-10-18,2327,國巨*,twse,313.50,313.50,308.50,312.50,11459000,3569832971,2.0,,,7132,
2019-10-21,2327,國巨*,twse,313.50,323.00,313.50,313.50,16465302,5233411328,1.0,,,11611,
2019-10-22,2327,國巨*,twse,316.50,318.50,311.50,311.50,8081996,2537858752,-2.0,,,5893,
2019-10-23,2327,國巨*,twse,314.00,316.00,306.50,312.50,9548710,2974995730,1.0,,,6413,
2019-10-24,2327,國巨*,twse,318.00,321.50,316.50,317.00,11719785,3733866845,4.5,,,8084,
2019-10-25,2327,國巨*,twse,320.00,321.00,314.00,316.00,8116943,2577866988,-1.0,,,5597,
2019-10-28,2327,國巨*,twse,318.00,319.50,315.50,316.50,4301497,1365354789,0.5,,,3161,
2019-10-29,2327,國巨*,twse,317.00,321.50,316.00,318.00,9012033,2874193964,1.5,,,6185,
2019-10-30,2327,國巨*,twse,320.00,322.50,318.00,320.50,9161503,2936394178,2.5,,,6038,
2019-10-31,2327,國巨*,twse,323.00,324.50,313.50,314.00,9425514,3007354627,-6.5,,,6812,
2019-11-01,2327,國巨*,twse,312.00,316.00,303.00,316.00,15085890,4672100240,2.0,,,10516,
2019-11-04,2327,國巨*,twse,320.00,321.50,312.50,312.50,8165146,2575556747,-3.5,,,5831,
2019-11-05,2327,國巨*,twse,314.50,316.00,311.50,312.00,6241550,1953624344,-0.5,,,4260,
2019-11-06,2327,國巨*,twse,312.00,315.50,307.00,307.00,7548816,2341103891,-5.0,,,5517,
2019-11-07,2327,國巨*,twse,306.00,311.50,303.50,306.00,8440577,2587485062,-1.0,,,5651,
2019-11-08,2327,國巨*,twse,309.00,311.50,306.00,307.00,6915581,2134987867,1.0,,,4955,
2019-11-11,2327,國巨*,twse,302.50,302.50,280.00,282.50,19082831,5518771391,-24.5,,,12743,
2019-11-13,2327,國巨*,twse,310.50,310.50,310.50,310.50,5281607,1639938965,0.0,down,,2464,
2019-11-14,2327,國巨*,twse,334.00,334.00,324.50,326.50,30856684,10159163744,16.0,,,19398,
2019-11-15,2327,國巨*,twse,327.00,329.50,321.00,321.00,9827815,3188046615,-5.5,,,7382,
2019-11-18,2327,國巨*,twse,321.50,324.00,317.50,317.50,6656285,2087242130,-3.5,,,3853,
2019-11-19,2327,國巨*,twse,319.00,324.00,318.00,323.50,8466584,2726676632,6.0,,,6094,
2019-11-20,2327,國巨*,twse,324.50,324.50,318.00,320.00,5244508,1681607068,-3.5,,,3895,
2019-11-21,2327,國巨*,twse,313.00,321.50,313.00,318.50,6221140,1969235300,-1.5,,,4490,
2019-11-22,2327,國巨*,twse,316.50,320.50,316.00,317.00,3789319,1203015760,-1.5,,,2901,
2019-11-25,2327,國巨*,twse,319.50,323.50,317.00,322.50,7473499,2402222901,5.5,,,4941,
2019-11-26,2327,國巨*,twse,329.50,331.50,326.50,326.50,12740861,4200558186,4.0,,,8760,
2019-11-27,2327,國巨*,twse,328.50,336.50,328.00,336.50,12342321,4111759979,10.0,,,8739,
2019-11-28,2327,國巨*,twse,337.00,339.00,333.50,335.00,7212877,2425411295,-1.5,,,5770,
2019-11-29,2327,國巨*,twse,337.00,338.50,329.00,330.00,6434953,2137394439,-5.0,,,4670,
2019-12-02,2327,國巨*,twse,333.50,338.00,328.00,338.00,10937949,3656899262,8.0,,,7835,
2019-12-03,2327,國巨*,twse,335.50,368.00,335.00,363.00,24931940,8824493720,25.0,,,18294,
2019-12-04,2327,國巨*,twse,364.50,375.00,358.00,361.00,26103102,9565522924,-2.0,,,19744,
2019-12-05,2327,國巨*,twse,366.00,369.00,360.00,362.00,10111144,3681255628,1.0,,,7621,
2019-12-06,2327,國巨*,twse,366.00,369.50,361.00,369.00,8974488,3281859284,7.0,,,6763,
2019-12-09,2327,國巨*,twse,376.00,381.00,372.50,372.50,14843830,5584763470,3.5,,,10701,
2019-12-10,2327,國巨*,twse,372.50,374.00,366.50,368.00,7475867,2767375423,-4.5,,,5651,
2019-12-11,2327,國巨*,twse,369.50,379.50,369.00,378.50,12986995,4880789064,10.5,,,9443,
2019-12-12,2327,國巨*,twse,378.50,382.50,374.00,381.50,13242654,5010888825,3.0,,,9039,
2019-12-13,2327,國巨*,twse,385.00,389.50,376.50,376.50,11316843,4313192654,-5.0,,,8471,
2019-12-16,2327,國巨*,twse,377.00,381.50,374.00,379.00,7334631,2775156942,2.5,,,5279,
2019-12-17,2327,國巨*,twse,381.00,381.50,376.00,377.00,5782362,2188203836,-2.0,,,4367,
2019-12-18,2327,國巨*,twse,376.00,383.50,374.00,376.50,8642954,3276786653,-0.5,,,6227,
2019-12-19,2327,國巨*,twse,381.00,384.50,378.50,383.00,9384982,3584042106,6.5,,,6753,
2019-12-20,2327,國巨*,twse,394.50,404.00,389.50,389.50,24204086,9577766538,6.5,,,17977,
2019-12-23,2327,國巨*,twse,388.00,390.00,383.00,383.00,9065198,3497129504,-6.5,,,6579,
2019-12-24,2327,國巨*,twse,390.00,398.00,388.00,395.00,15462579,6080159784,12.0,,,11022,
2019-12-25,2327,國巨*,twse,395.00,404.00,395.00,403.50,12243341,4908315264,8.5,,,9022,
2019-12-26,2327,國巨*,twse,408.00,412.50,401.50,402.00,12139995,4941550980,-1.5,,,9258,
2019-12-27,2327,國巨*,twse,406.00,411.00,403.00,411.00,8107324,3310259788,9.0,,,6093,
2019-12-30,2327,國巨*,twse,419.00,437.00,417.00,436.00,16248759,6939704424,25.0,,,12969,
2019-12-31,2327,國巨*,twse,433.00,445.00,430.00,437.00,16021022,7000643158,1.0,,,12602,
2020-01-02,2327,國巨*,twse,443.00,444.50,432.50,436.00,8548211,3737101549,-1.0,,,6725,
2020-01-03,2327,國巨*,twse,454.50,475.00,447.50,468.00,28118067,12940430856,32.0,,,22014,
2020-01-06,2327,國巨*,twse,468.00,470.50,458.50,460.00,12740655,5906745227,-8.0,,,10033,
2020-01-07,2327,國巨*,twse,416.00,435.00,414.00,414.00,21192602,8941001228,-46.0,,,16243,
2020-01-08,2327,國巨*,twse,388.00,406.00,381.00,387.00,35163274,13747417538,-27.0,,,26491,
2020-01-09,2327,國巨*,twse,397.00,402.00,390.00,392.00,14140532,5608480296,5.0,,,10879,
2020-01-10,2327,國巨*,twse,397.00,402.50,390.50,392.50,9523566,3773988004,0.5,,,7356,
2020-01-13,2327,國巨*,twse,396.00,398.00,383.00,390.00,9042478,3521609398,-2.5,,,7204,
2020-01-14,2327,國巨*,twse,400.50,419.00,397.50,419.00,17957312,7350849040,29.0,,,13762,
2020-01-15,2327,國巨*,twse,425.00,427.50,411.50,413.00,14049419,5917089885,-6.0,,,10737,
2020-01-16,2327,國巨*,twse,418.50,427.00,415.50,417.00,9812476,4134731920,4.0,,,7689,
2020-01-17,2327,國巨*,twse,424.00,425.50,413.00,413.00,7288120,3052115071,-4.0,,,5940,
2020-01-20,2327,國巨*,twse,417.00,418.50,414.50,415.50,4665752,1943916084,2.5,,,3600,
2020-01-30,2327,國巨*,twse,380.00,393.50,374.00,374.00,16309733,6220851642,-41.5,,,12090,
2020-01-31,2327,國巨*,twse,382.50,389.50,377.50,386.50,13467785,5178378580,12.5,,,10076,
2020-02-03,2327,國巨*,twse,373.50,392.00,367.00,392.00,15756985,5975216090,5.5,,,11457,
2020-02-04,2327,國巨*,twse,402.00,423.00,399.00,418.50,17514716,7234014504,26.5,,,13613,
2020-02-05,2327,國巨*,twse,425.50,426.00,410.00,413.00,14773647,6211069858,-5.5,,,10730,
2020-02-06,2327,國巨*,twse,422.00,426.50,416.00,417.00,9846376,4143693044,4.0,,,7572,
2020-02-07,2327,國巨*,twse,419.50,421.50,414.00,416.50,9884754,4132772999,-0.5,,,7260,
2020-02-10,2327,國巨*,twse,416.50,422.50,409.50,418.50,11237658,4691249511,2.0,,,8562,
2020-02-11,2327,國巨*,twse,429.50,442.00,429.00,437.00,17162890,7486653430,18.5,,,13160,
2020-02-12,2327,國巨*,twse,447.00,449.00,440.00,448.00,12732741,5666524968,11.0,,,9810,
2020-02-13,2327,國巨*,twse,453.00,455.00,437.50,439.00,10823507,4825516766,-9.0,,,8656,
2020-02-14,2327,國巨*,twse,445.00,457.00,438.50,457.00,14994074,6743544744,18.0,,,11304,
2020-02-17,2327,國巨*,twse,454.50,460.00,448.00,453.00,10235254,4646002143,-4.0,,,8122,
2020-02-18,2327,國巨*,twse,469.50,471.50,450.00,450.00,20988371,9682504063,-3.0,,,15987,
2020-02-19,2327,國巨*,twse,454.00,460.00,441.00,460.00,16209294,7340103240,10.0,,,12126,
2020-02-20,2327,國巨*,twse,463.00,466.00,457.50,457.50,10709955,4945748293,-2.5,,,8093,
2020-02-21,2327,國巨*,twse,464.50,473.50,460.50,472.00,17354003,8114607416,14.5,,,13165,
2020-02-24,2327,國巨*,twse,468.00,484.50,464.00,484.50,15141728,7156269536,12.5,,,11425,
2020-02-25,2327,國巨*,twse,478.00,498.00,475.50,485.00,24217945,11832864160,0.5,,,18564,
2020-02-26,2327,國巨*,twse,476.00,482.50,437.00,441.00,33457849,15414339012,-44.0,,,25189,
2020-02-27,2327,國巨*,twse,441.00,449.00,410.00,410.00,33187422,14139228630,-31.0,,,24782,
2020-03-02,2327,國巨*,twse,406.00,426.00,398.00,418.50,27123904,11209120892,8.5,,,19854,
2020-03-03,2327,國巨*,twse,434.00,436.50,416.50,417.00,17748337,7579981877,-1.5,,,13143,
2020-03-04,2327,國巨*,twse,419.00,419.00,398.50,400.50,23244898,9413559486,-16.5,,,17492,
2020-03-05,2327,國巨*,twse,408.00,412.00,401.50,410.50,15313493,6233636088,10.0,,,11876,
2020-03-06,2327,國巨*,twse,404.00,409.00,401.50,406.50,11601616,4701010560,-4.0,,,8747,
2020-03-09,2327,國巨*,twse,398.00,402.50,383.50,386.00,18877374,7415564860,-20.5,,,13980,
2020-03-10,2327,國巨*,twse,373.50,394.50,373.50,394.50,20610783,7887190851,8.5,,,15177,
2020-03-11,2327,國巨*,twse,396.00,403.50,378.00,383.50,17098764,6733175640,-11.0,,,13138,
2020-03-12,2327,國巨*,twse,381.00,381.00,345.50,345.50,27805955,9936840291,-38.0,,,20344,
2020-03-13,2327,國巨*,twse,313.00,326.50,311.00,320.00,24783620,7782221640,-25.5,,,16696,
2020-03-16,2327,國巨*,twse,320.00,330.50,290.50,290.50,25494123,7942862793,-29.5,,,18251,
2020-03-17,2327,國巨*,twse,276.00,296.00,262.00,265.00,38827745,10792166915,-25.5,,,28134,
2020-03-18,2327,國巨*,twse,273.00,275.00,250.00,254.50,27465524,7296200644,-10.5,,,19059,
2020-03-19,2327,國巨*,twse,253.50,256.50,229.50,229.50,29688751,7068121230,-25.0,,,19730,
2020-03-20,2327,國巨*,twse,244.00,252.00,239.00,252.00,25209846,6242319192,22.5,,,16243,
2020-03-23,2327,國巨*,twse,241.00,254.50,232.00,252.00,18554723,4520979478,0.0,,,13301,
2020-03-24,2327,國巨*,twse,269.00,277.00,265.50,274.00,17219746,4679921150,22.0,,,13270,
2020-03-25,2327,國巨*,twse,290.00,295.50,283.00,292.00,21333546,6195843024,18.0,,,16090,
2020-03-26,2327,國巨*,twse,292.00,292.50,280.00,291.50,17889890,5133348682,-0.5,,,13474,
2020-03-27,2327,國巨*,twse,303.50,305.00,280.50,280.50,14558400,4263614868,-11.0,,,11630,
2020-03-30,2327,國巨*,twse,267.50,280.00,267.00,278.00,9849553,2701858340,-2.5,,,7547,
2020-03-31,2327,國巨*,twse,287.00,287.50,272.50,274.50,9349063,2617261388,-3.5,,,7079,
2020-04-01,2327,國巨*,twse,272.00,277.00,268.00,272.50,9186334,2505865658,-2.0,,,6775,
2020-04-06,2327,國巨*,twse,283.00,288.50,275.00,288.00,16526254,4656319160,15.5,,,11396,
2020-04-07,2327,國巨*,twse,297.50,301.50,294.00,299.50,22324704,6647196807,11.5,,,15703,
2020-04-08,2327,國巨*,twse,300.50,329.00,298.50,329.00,36580695,11551333655,29.5,,,24602,
2020-04-09,2327,國巨*,twse,341.50,348.50,333.00,335.00,38122004,12939467344,6.0,,,27242,
2020-04-10,2327,國巨*,twse,337.00,344.50,335.00,343.00,21336899,7266115172,8.0,,,16019,
2020-04-13,2327,國巨*,twse,341.00,341.50,330.00,332.50,21289141,7133245985,-10.5,,,15687,
2020-04-14,2327,國巨*,twse,336.00,342.00,334.00,338.00,19499009,6599144010,5.5,,,12851,
2020-04-15,2327,國巨*,twse,329.00,359.00,328.50,343.50,65520676,22665496156,5.5,,,45519,
2020-04-16,2327,國巨*,twse,338.00,343.00,336.00,341.50,24324203,8267587706,-2.0,,,17051,
2020-04-17,2327,國巨*,twse,349.00,353.00,338.00,339.50,27935233,9632421686,-2.0,,,19253,
2020-04-20,2327,國巨*,twse,339.00,344.50,337.00,343.00,15392526,5249809970,3.5,,,11038,
2020-04-21,2327,國巨*,twse,338.50,342.00,325.00,326.00,22079257,7348813296,-17.0,,,16142,
2020-04-22,2327,國巨*,twse,327.00,345.00,321.50,344.00,25198766,8395565536,18.0,,,18031,
2020-04-23,2327,國巨*,twse,348.50,352.50,342.00,344.00,25038913,8690209485,0.0,,,18116,
2020-04-24,2327,國巨*,twse,342.50,348.50,338.50,345.00,19811817,6818283682,1.0,,,13523,
2020-04-27,2327,國巨*,twse,360.00,379.50,355.50,379.50,35901034,13108544363,34.5,,,24900,
2020-04-28,2327,國巨*,twse,384.00,401.00,381.00,383.50,43220251,16799050635,4.0,,,32126,
2020-04-29,2327,國巨*,twse,385.00,389.00,380.00,380.00,23027753,8846000646,-3.5,,,16570,
2020-04-30,2327,國巨*,twse,390.00,395.00,385.00,391.00,26927142,10509493531,11.0,,,19420,
2020-05-04,2327,國巨*,twse,372.00,391.50,372.00,391.50,22700776,8705574192,0.5,,,16985,
2020-05-05,2327,國巨*,twse,403.50,426.50,403.00,407.00,51277140,21204430120,15.5,,,37458,
2020-05-06,2327,國巨*,twse,415.00,419.50,411.00,416.00,24553397,10196544652,9.0,,,18509,
2020-05-07,2327,國巨*,twse,421.00,424.50,410.00,410.00,26384470,10963420640,-6.0,,,19226,
2020-05-08,2327,國巨*,twse,415.00,416.00,402.00,403.50,20375769,8296401945,-6.5,,,15287,
2020-05-11,2327,國巨*,twse,410.50,415.50,405.50,413.50,15265921,6276975290,10.0,,,11241,
2020-05-12,2327,國巨*,twse,413.50,418.00,400.00,406.00,18936331,7740723879,-7.5,,,14148,
2020-05-13,2327,國巨*,twse,404.00,408.00,397.00,402.50,22286620,8964147600,-3.5,,,16323,
2020-05-14,2327,國巨*,twse,398.50,401.00,382.00,385.50,24842784,9763367692,-17.0,,,18215,
2020-05-15,2327,國巨*,twse,397.50,398.00,382.00,386.00,23332264,9083697696,0.5,,,17253,
2020-05-18,2327,國巨*,twse,382.00,388.50,368.50,369.00,22091787,8332049551,-17.0,,,16372,
2020-05-19,2327,國巨*,twse,378.50,380.00,372.00,373.00,16504079,6187182704,4.0,,,12232,
2020-05-20,2327,國巨*,twse,381.00,395.00,379.00,384.50,33041224,12779005688,11.5,,,24029,
2020-05-21,2327,國巨*,twse,388.00,391.50,380.50,382.00,18520790,7128217219,-2.5,,,13261,
2020-05-22,2327,國巨*,twse,379.50,380.00,371.00,371.50,15033489,5616185595,-10.5,,,11337,
2020-05-25,2327,國巨*,twse,371.50,377.00,356.00,376.00,23638313,8649722940,4.5,,,17616,
2020-05-26,2327,國巨*,twse,381.00,382.50,371.00,371.00,14315026,5403127701,-5.0,,,10348,
2020-05-27,2327,國巨*,twse,372.50,378.00,370.00,376.00,13488699,5044860722,5.0,,,9694,
2020-05-28,2327,國巨*,twse,379.00,381.50,370.00,370.00,13104627,4917209871,-6.0,,,9593,
2020-05-29,2327,國巨*,twse,367.50,372.50,364.00,370.50,13260438,4889261436,0.5,,,8484,
2020-06-01,2327,國巨*,twse,375.50,386.00,373.50,385.50,16762692,6372294112,15.0,,,12110,
2020-06-02,2327,國巨*,twse,389.00,391.00,380.50,383.00,16222643,6262308698,-2.5,,,11793,
2020-06-03,2327,國巨*,twse,390.50,394.50,385.50,392.00,18149635,7090385190,9.0,,,13046,
2020-06-04,2327,國巨*,twse,398.50,404.00,396.50,400.50,23245616,9294990016,8.5,,,16532,
2020-06-05,2327,國巨*,twse,405.00,405.50,386.50,387.50,27175886,10739487429,-13.0,,,20223,
2020-06-08,2327,國巨*,twse,393.50,396.50,387.00,393.00,17786490,6982942060,5.5,,,13021,
2020-06-09,2327,國巨*,twse,394.50,396.50,390.00,392.50,10599605,4169462370,-0.5,,,7263,
2020-06-10,2327,國巨*,twse,396.50,401.00,394.50,394.50,14082126,5590935396,2.0,,,10120,
2020-06-11,2327,國巨*,twse,394.50,396.00,382.00,383.50,16082971,6229705303,-11.0,,,12164,
2020-06-12,2327,國巨*,twse,372.00,381.00,368.00,381.00,14763044,5529443896,-2.5,,,11185,
2020-06-15,2327,國巨*,twse,381.00,385.50,378.00,382.00,10382129,3969689778,1.0,,,7282,
2020-06-16,2327,國巨*,twse,389.00,396.00,387.50,396.00,17328425,6800811800,14.0,,,12028,
2020-06-17,2327,國巨*,twse,398.00,404.00,397.00,399.00,17218919,6891541180,3.0,,,12256,
2020-06-18,2327,國巨*,twse,403.50,405.00,400.00,405.00,17960177,7246733685,6.0,,,9993,
2020-06-19,2327,國巨*,twse,415.00,417.00,404.50,404.50,19665495,8040091178,-0.5,,,13288,
2020-06-22,2327,國巨*,twse,393.50,402.00,393.00,396.50,16621750,6612423584,0.0,,,11788,
2020-06-23,2327,國巨*,twse,405.00,410.50,398.00,406.00,23033836,9332518416,9.5,,,15613,
2020-06-24,2327,國巨*,twse,413.50,416.00,406.00,407.50,15938994,6540197052,1.5,,,10911,
2020-06-29,2327,國巨*,twse,399.00,401.50,390.00,391.00,16192029,6396238397,-16.5,,,12119,
2020-06-30,2327,國巨*,twse,383.00,385.00,373.00,381.00,28345298,10740312634,-10.0,,,21287,
2020-07-01,2327,國巨*,twse,383.00,386.50,378.00,379.50,11319095,4328340195,-1.5,,,8799,
2020-07-02,2327,國巨*,twse,381.00,382.50,376.00,377.00,9488367,3589156460,-2.5,,,7308,
2020-07-03,2327,國巨*,twse,379.50,383.50,376.00,377.00,8932943,3383576840,0.0,,,6882,
2020-07-06,2327,國巨*,twse,376.50,382.00,371.00,378.50,15591634,5868339920,1.5,,,12392,
2020-07-07,2327,國巨*,twse,388.00,398.00,384.00,392.50,23672312,9236493116,14.0,,,17282,
2020-07-08,2327,國巨*,twse,391.50,394.50,386.50,387.00,15317861,5971416445,-5.5,,,10729,
2020-07-09,2327,國巨*,twse,388.50,389.00,379.50,379.50,13542263,5179038203,-7.5,,,10261,
2020-07-10,2327,國巨*,twse,381.00,382.50,370.50,370.50,13136576,4929040348,-9.0,,,10528,
2020-07-13,2327,國巨*,twse,376.00,381.50,371.00,380.50,9190203,3467783843,10.0,,,7357,
2020-07-14,2327,國巨*,twse,383.00,386.50,374.00,374.00,10502109,3991234120,-6.5,,,8281,
2020-07-15,2327,國巨*,twse,379.00,381.50,373.00,374.50,6567141,2474705016,0.5,,,5439,
2020-07-16,2327,國巨*,twse,377.50,381.50,375.00,377.00,6969756,2638295524,2.5,,,5247,
2020-07-17,2327,國巨*,twse,379.00,384.50,376.00,379.00,8637183,3285022040,2.0,,,6626,
2020-07-20,2327,國巨*,twse,380.50,382.50,377.50,382.00,5885360,2239532525,3.0,,,4329,
2020-07-21,2327,國巨*,twse,386.00,391.00,386.00,388.00,12745195,4951806855,6.0,,,9260,
2020-07-22,2327,國巨*,twse,391.00,397.50,390.00,396.00,14899758,5875971168,8.0,,,11398,
2020-07-23,2327,國巨*,twse,398.00,398.50,387.50,389.50,11792691,4624577360,-6.5,,,8590,
2020-07-24,2327,國巨*,twse,388.50,396.00,385.00,389.50,12620358,4922082620,0.0,,,9984,
2020-07-27,2327,國巨*,twse,395.00,408.50,389.50,406.00,22788908,9118169108,16.5,,,17424,
2020-07-28,2327,國巨*,twse,413.00,420.00,382.50,384.00,38002440,15248206280,-22.0,,,28330,
2020-07-29,2327,國巨*,twse,380.00,387.00,376.00,382.50,12048818,4594922653,-1.5,,,8853,
2020-07-30,2327,國巨*,twse,385.50,386.50,379.00,381.50,6866265,2627017100,-1.0,,,5329,
2020-07-31,2327,國巨*,twse,380.00,389.50,378.50,389.00,9046834,3492827260,7.5,,,6624,
2020-08-03,2327,國巨*,twse,389.00,399.50,389.00,390.00,11269487,4437933141,1.0,,,8628,
2020-08-04,2327,國巨*,twse,394.00,395.00,387.00,391.00,6704071,2617970903,1.0,,,5249,
2020-08-05,2327,國巨*,twse,393.50,400.50,391.50,397.50,14724384,5852114094,6.5,,,10692,
2020-08-06,2327,國巨*,twse,399.00,401.50,390.00,391.50,13812892,5449240556,-6.0,,,9953,
2020-08-07,2327,國巨*,twse,399.50,404.50,390.00,390.00,22777535,9040019921,-1.5,,,16194,
2020-08-10,2327,國巨*,twse,389.00,390.00,383.00,384.50,8275711,3190343657,-5.5,,,6467,
2020-08-11,2327,國巨*,twse,386.00,391.50,383.50,385.50,6240654,2415493413,1.0,,,4885,
2020-08-12,2327,國巨*,twse,388.50,391.00,380.00,380.50,13840909,5329546070,-5.0,,,9958,
2020-08-13,2327,國巨*,twse,383.50,384.50,374.50,376.50,9656363,3653685731,-4.0,,,7573,
2020-08-14,2327,國巨*,twse,375.50,379.00,371.50,375.00,6745524,2530217310,-1.5,,,5301,
2020-08-17,2327,國巨*,twse,377.00,383.00,375.50,379.00,4878113,1849121476,4.0,,,3872,
2020-08-18,2327,國巨*,twse,381.00,381.00,372.50,373.00,6562895,2462600625,-6.0,,,5571,
2020-08-19,2327,國巨*,twse,374.00,376.50,351.00,354.50,19459723,7047268557,-18.5,,,15422,
2020-08-20,2327,國巨*,twse,352.00,352.00,320.00,330.00,28846777,9594193795,-24.5,,,20843,
2020-08-21,2327,國巨*,twse,337.00,346.00,331.00,344.00,11719526,3967849574,14.0,,,9287,
2020-08-24,2327,國巨*,twse,341.50,342.50,332.00,333.50,9176922,3084682792,-10.5,,,7126,
2020-08-25,2327,國巨*,twse,335.00,339.50,330.00,333.00,8257972,2763876120,-0.5,,,6446,
2020-08-26,2327,國巨*,twse,333.00,337.00,331.00,337.00,5011588,1675987332,4.0,,,3971,
2020-08-27,2327,國巨*,twse,338.50,340.50,333.50,336.50,6150430,2071031410,-0.5,,,4837,
2020-08-28,2327,國巨*,twse,337.00,343.00,334.00,340.50,6053240,2053722320,4.0,,,4846,
2020-08-31,2327,國巨*,twse,344.00,345.00,329.50,333.00,11054676,3705852960,-7.5,,,7671,
2020-09-01,2327,國巨*,twse,332.00,338.00,326.00,337.00,7166929,2388141502,4.0,,,5552,
2020-09-02,2327,國巨*,twse,339.50,341.00,333.00,335.00,6397154,2152763636,-2.0,,,4587,
2020-09-03,2327,國巨*,twse,338.00,344.00,336.50,344.00,6842359,2328278496,9.0,,,5522,
2020-09-04,2327,國巨*,twse,338.00,343.00,336.50,340.00,5784478,1961491020,-4.0,,,4534,
2020-09-07,2327,國巨*,twse,341.00,343.00,335.50,335.50,3275641,1110630681,-4.5,,,2686,
2020-09-08,2327,國巨*,twse,344.50,351.00,342.00,350.00,12082069,4199189152,14.5,,,9325,
2020-09-09,2327,國巨*,twse,345.00,353.50,342.00,350.50,8506217,2948256384,0.5,,,6646,
2020-09-10,2327,國巨*,twse,354.00,355.00,345.00,345.00,6558069,2293580443,-5.5,,,5222,
2020-09-11,2327,國巨*,twse,345.50,349.50,344.00,349.50,4105974,1423786900,4.5,,,3311,
2020-09-14,2327,國巨*,twse,352.50,359.50,350.00,358.50,6629852,2354375398,9.0,,,5301,
2020-09-15,2327,國巨*,twse,358.50,359.00,354.00,355.50,4716201,1680154056,-3.0,,,3693,
2020-09-16,2327,國巨*,twse,357.50,359.00,351.50,353.00,4847807,1720225371,-2.5,,,4028,
2020-09-17,2327,國巨*,twse,352.00,363.00,352.00,357.50,7569951,2715956954,4.5,,,5924,
2020-09-18,2327,國巨*,twse,359.50,359.50,356.00,357.00,2907671,1040028870,-0.5,,,2251,
2020-09-21,2327,國巨*,twse,356.00,358.00,348.00,348.00,4720529,1658600592,-9.0,,,3874,
2020-09-22,2327,國巨*,twse,345.00,347.00,341.00,344.00,5518815,1899087860,-4.0,,,4219,
2020-09-23,2327,國巨*,twse,346.00,348.00,341.00,341.50,3548543,1218416919,-2.5,,,2938,
2020-09-24,2327,國巨*,twse,337.50,339.00,331.00,331.00,6630685,2214150543,-10.5,,,5367,
2020-09-25,2327,國巨*,twse,334.50,335.50,320.00,324.00,6297776,2058383700,-7.0,,,4894,
2020-09-28,2327,國巨*,twse,326.50,331.50,322.50,331.50,3070319,1005342235,7.5,,,2525,
2020-09-29,2327,國巨*,twse,341.50,355.00,340.00,348.00,14758283,5138801519,16.5,,,11350,
2020-09-30,2327,國巨*,twse,350.00,352.50,346.00,351.50,8482625,2968754375,3.5,,,6276,
2020-10-05,2327,國巨*,twse,351.50,355.00,348.00,354.50,4987804,1757081989,3.0,,,3968,
2020-10-06,2327,國巨*,twse,355.50,358.50,355.00,355.50,4287888,1527975740,1.0,,,3255,
2020-10-07,2327,國巨*,twse,354.00,358.00,353.00,356.00,3100335,1102770260,0.5,,,2443,
2020-10-08,2327,國巨*,twse,363.00,363.50,359.50,363.00,10350746,3746374384,7.0,,,7005,
2020-10-12,2327,國巨*,twse,365.00,366.50,353.00,353.00,9114452,3259464460,-10.0,,,6699,
2020-10-13,2327,國巨*,twse,353.00,359.50,349.00,356.50,6117440,2175649640,3.5,,,4716,
2020-10-14,2327,國巨*,twse,357.00,358.50,353.50,354.00,3214092,1142737660,-2.5,,,2287,
2020-10-15,2327,國巨*,twse,353.00,357.00,352.50,354.00,4473080,1585317847,0.0,,,2454,
2020-10-16,2327,國巨*,twse,354.00,363.00,353.00,359.50,8860365,3185750967,5.5,,,6671,
2020-10-19,2327,國巨*,twse,361.50,364.00,359.50,360.00,4891428,1768617580,0.5,,,3780,
2020-10-20,2327,國巨*,twse,358.00,361.50,357.00,360.00,3161491,1135464495,0.0,,,2419,
2020-10-21,2327,國巨*,twse,361.50,362.00,356.50,356.50,3109387,1116212447,-3.5,,,2521,
2020-10-22,2327,國巨*,twse,355.50,359.00,352.00,354.50,3977271,1411367205,-2.0,,,2536,
2020-10-23,2327,國巨*,twse,356.00,357.00,352.50,354.00,2020744,715563120,-0.5,,,1715,
2020-10-26,2327,國巨*,twse,357.50,363.00,356.00,363.00,6498382,2343107878,9.0,,,5222,
2020-10-27,2327,國巨*,twse,361.00,361.00,355.00,359.00,6597564,2360951773,-4.0,,,4940,
2020-10-28,2327,國巨*,twse,358.00,362.00,356.00,357.00,3817067,1370153991,-2.0,,,3253,
2020-10-29,2327,國巨*,twse,351.50,353.00,347.00,351.00,4959909,1735822414,-6.0,,,4223,
2020-10-30,2327,國巨*,twse,349.50,361.00,347.00,355.50,6534592,2320936863,4.5,,,5294,
2020-11-02,2327,國巨*,twse,357.50,360.50,351.50,352.50,4308930,1529878215,-3.0,,,3504,
2020-11-03,2327,國巨*,twse,357.00,382.00,356.50,377.50,26528733,9913710173,25.0,,,19856,
2020-11-04,2327,國巨*,twse,380.00,386.00,375.50,381.50,19394594,7405947715,4.0,,,14719,
2020-11-05,2327,國巨*,twse,384.00,387.00,379.00,386.50,10865890,4172470428,5.0,,,8520,
2020-11-06,2327,國巨*,twse,387.50,387.50,381.00,381.50,8412000,3230764637,-5.0,,,6639,
2020-11-09,2327,國巨*,twse,388.00,390.00,383.50,388.00,8071634,3125434481,6.5,,,6396,
2020-11-10,2327,國巨*,twse,388.50,394.50,384.00,388.00,9274712,3605115988,0.0,,,7430,
2020-11-11,2327,國巨*,twse,385.00,396.00,384.50,392.50,13009382,5097946293,4.5,,,10147,
2020-11-12,2327,國巨*,twse,394.00,398.00,393.00,395.50,9676112,3829280407,3.0,,,7674,
2020-11-13,2327,國巨*,twse,398.00,401.00,395.00,397.00,7855487,3125324838,1.5,,,6279,
2020-11-16,2327,國巨*,twse,402.00,404.00,395.50,396.50,8578813,3422548813,-0.5,,,7357,
2020-11-17,2327,國巨*,twse,399.50,403.00,397.00,398.50,7658381,3062201598,2.0,,,6268,
2020-11-18,2327,國巨*,twse,401.00,401.50,397.00,399.50,4449758,1775957750,1.0,,,3807,
2020-11-19,2327,國巨*,twse,399.00,407.00,398.00,404.00,9278474,3746838719,4.5,,,7606,
2020-11-20,2327,國巨*,twse,407.00,418.00,405.00,412.00,17619538,7264609050,8.0,,,14179,
2020-11-23,2327,國巨*,twse,416.00,420.00,412.00,418.50,10576963,4403427879,6.5,,,8623,
2020-11-24,2327,國巨*,twse,427.00,445.00,424.50,437.50,27787551,12083294761,19.0,,,22498,
2020-11-25,2327,國巨*,twse,445.00,449.00,420.50,423.00,24767387,10740331889,-14.5,,,21058,
2020-11-26,2327,國巨*,twse,425.50,429.50,420.00,428.50,9388488,4000971074,5.5,,,8086,
2020-11-27,2327,國巨*,twse,429.50,437.00,427.00,436.00,8767613,3801122902,7.5,,,7433,
2020-11-30,2327,國巨*,twse,438.50,451.50,438.00,442.00,19754527,8810802028,6.0,,,14318,
2020-12-01,2327,國巨*,twse,446.00,454.00,442.00,454.00,14006911,6292888502,12.0,,,11341,
2020-12-02,2327,國巨*,twse,455.00,456.50,445.00,450.00,11541765,5193734449,-4.0,,,9827,
2020-12-03,2327,國巨*,twse,454.00,470.00,450.00,460.50,17833810,8209042746,10.5,,,14679,
2020-12-04,2327,國巨*,twse,462.50,464.00,455.00,459.00,9204195,4224309265,-1.5,,,8134,
2020-12-07,2327,國巨*,twse,469.50,471.00,455.00,458.50,11257141,5197486910,-0.5,,,9405,
2020-12-08,2327,國巨*,twse,462.00,470.00,461.00,466.50,10327406,4813429682,8.0,,,8629,
2020-12-09,2327,國巨*,twse,470.50,502.00,470.00,499.00,30904971,15194854200,32.5,,,24127,
2020-12-10,2327,國巨*,twse,518.00,520.00,495.00,509.00,29122134,14807379521,10.0,,,22652,
2020-12-11,2327,國巨*,twse,515.00,526.00,495.00,518.00,25112843,12902682717,9.0,,,20695,
2020-12-14,2327,國巨*,twse,520.00,522.00,509.00,520.00,13198933,6828521580,2.0,,,10569,
2020-12-15,2327,國巨*,twse,519.00,523.00,486.50,488.50,24403184,12216067377,-31.5,,,22216,
2020-12-16,2327,國巨*,twse,497.00,502.00,492.00,495.50,11502486,5718580437,7.0,,,9729,
2020-12-17,2327,國巨*,twse,497.00,498.00,475.00,495.00,18099926,8820109945,-0.5,,,15785,
2020-12-18,2327,國巨*,twse,494.50,498.00,485.00,485.50,8924360,4365020784,-9.5,,,8205,
2020-12-21,2327,國巨*,twse,482.00,488.00,474.00,482.00,9714417,4670908197,-3.5,,,8846,
2020-12-22,2327,國巨*,twse,479.50,491.50,476.00,477.50,9068433,4391969542,-4.5,,,8192,
2020-12-23,2327,國巨*,twse,480.00,495.50,478.00,492.00,10488186,5119034625,14.5,,,8923,
2020-12-24,2327,國巨*,twse,509.00,519.00,502.00,504.00,23480435,11962465176,12.0,,,18665,
2020-12-25,2327,國巨*,twse,508.00,512.00,498.50,500.00,8955496,4510339453,-4.0,,,8039,
2020-12-28,2327,國巨*,twse,504.00,507.00,498.50,502.00,6030014,3022673969,2.0,,,5546,
2020-12-29,2327,國巨*,twse,505.00,514.00,504.00,506.00,9311044,4726871288,4.0,,,8157,
2020-12-30,2327,國巨*,twse,510.00,522.00,507.00,521.00,12657574,6529460295,15.0,,,10926,
2020-12-31,2327,國巨*,twse,523.00,525.00,513.00,518.00,9508661,4922489424,-3.0,,,8093,
2021-01-04,2327,國巨*,twse,521.00,523.00,515.00,520.00,6512407,3385336547,2.0,,,5986,
2021-01-05,2327,國巨*,twse,519.00,537.00,518.00,528.00,13060135,6903477423,8.0,,,11322,
2021-01-06,2327,國巨*,twse,532.00,535.00,506.00,513.00,17332899,9005359481,-15.0,,,15670,
2021-01-07,2327,國巨*,twse,523.00,530.00,513.00,529.00,10431363,5467049239,16.0,,,8988,
2021-01-08,2327,國巨*,twse,541.00,580.00,537.00,572.00,34916449,19445974290,43.0,,,28950,
2021-01-11,2327,國巨*,twse,582.00,598.00,580.00,592.00,20126275,11856463856,20.0,,,17690,
2021-01-12,2327,國巨*,twse,592.00,592.00,572.00,575.00,16863019,9765963705,-17.0,,,16149,
2021-01-13,2327,國巨*,twse,583.00,612.00,582.00,604.00,22581287,13473038526,29.0,,,19049,
2021-01-14,2327,國巨*,twse,606.00,610.00,590.00,608.00,17690093,10613336121,4.0,,,16054,
2021-01-15,2327,國巨*,twse,620.00,625.00,596.00,602.00,19506927,11893748398,-6.0,,,17237,
2021-01-18,2327,國巨*,twse,600.00,605.00,583.00,602.00,12006514,7167110168,0.0,,,11707,
2021-01-19,2327,國巨*,twse,608.00,618.00,604.00,608.00,9297992,5663742091,6.0,,,8497,
2021-01-20,2327,國巨*,twse,609.00,612.00,591.00,594.00,11275255,6752893500,-14.0,,,11961,
2021-01-21,2327,國巨*,twse,601.00,608.00,596.00,608.00,10302668,6214740038,14.0,,,9357,
2021-01-22,2327,國巨*,twse,607.00,618.00,601.00,608.00,10189207,6218685787,0.0,,,9368,
2021-01-25,2327,國巨*,twse,613.00,644.00,608.00,626.00,21669193,13614745347,18.0,,,19040,
2021-01-26,2327,國巨*,twse,630.00,636.00,595.00,597.00,16161623,9905321367,-29.0,,,16736,
2021-01-27,2327,國巨*,twse,601.00,605.00,581.00,597.00,11280196,6706436327,0.0,,,11453,
2021-01-28,2327,國巨*,twse,577.00,589.00,575.00,577.00,12071481,7004806081,-20.0,,,12495,
2021-01-29,2327,國巨*,twse,586.00,594.00,573.00,574.00,11047861,6445176732,-3.0,,,9860,
2021-02-01,2327,國巨*,twse,579.00,580.00,548.00,573.00,14847434,8395728531,-1.0,,,13319,
2021-02-02,2327,國巨*,twse,582.00,598.00,581.00,596.00,10237950,6049204064,23.0,,,9294,
2021-02-03,2327,國巨*,twse,601.00,605.00,587.00,593.00,9062692,5375584604,-3.0,,,8569,
2021-02-04,2327,國巨*,twse,587.00,592.00,581.00,583.00,5943569,3477895492,-10.0,,,6053,
2021-02-05,2327,國巨*,twse,592.00,597.00,587.00,588.00,6350890,3753468948,5.0,,,6405,
2021-02-17,2327,國巨*,twse,608.00,632.00,598.00,623.00,19012105,11725702309,35.0,,,18063,
2021-02-18,2327,國巨*,twse,623.00,626.00,608.00,612.00,9415841,5800639508,-11.0,,,9729,
2021-02-19,2327,國巨*,twse,610.00,612.00,600.00,609.00,7358310,4461237087,-3.0,,,7621,
2021-02-22,2327,國巨*,twse,615.00,629.00,613.00,620.00,10362810,6446118201,11.0,,,10018,
2021-02-23,2327,國巨*,twse,620.00,638.00,616.00,637.00,15165427,9553902507,17.0,,,14256,
2021-02-24,2327,國巨*,twse,634.00,638.00,611.00,612.00,12501226,7783963498,-25.0,,,13422,
2021-02-25,2327,國巨*,twse,628.00,628.00,612.00,614.00,6138330,3801455995,2.0,,,6039,
2021-02-26,2327,國巨*,twse,598.00,605.00,593.00,593.00,11061764,6608557885,-21.0,,,12596,
2021-03-02,2327,國巨*,twse,606.00,610.00,580.00,583.00,7239083,4303662744,-10.0,,,8500,
2021-03-03,2327,國巨*,twse,589.00,594.00,574.00,592.00,7038139,4126925913,9.0,,,6601,
2021-03-04,2327,國巨*,twse,590.00,593.00,573.00,575.00,7930110,4605681809,-17.0,,,9359,
2021-03-05,2327,國巨*,twse,562.00,573.00,560.00,564.00,8191380,4643908104,-11.0,,,9740,
2021-03-08,2327,國巨*,twse,571.00,573.00,547.00,547.00,10012532,5574986277,-17.0,,,11958,
2021-03-09,2327,國巨*,twse,542.00,554.00,530.00,535.00,12558205,6758858124,-12.0,,,12851,
2021-03-10,2327,國巨*,twse,542.00,543.00,533.00,534.00,7487328,4018741718,-1.0,,,7446,
2021-03-11,2327,國巨*,twse,548.00,568.00,545.00,565.00,17011942,9494701626,31.0,,,14731,
2021-03-12,2327,國巨*,twse,579.00,583.00,568.00,572.00,10642291,6120778559,7.0,,,9992,
2021-03-15,2327,國巨*,twse,570.00,584.00,565.00,580.00,6016971,3465698227,8.0,,,5874,
2021-03-16,2327,國巨*,twse,583.00,593.00,577.00,579.00,6829364,3986692661,-1.0,,,6718,
2021-03-17,2327,國巨*,twse,580.00,581.00,564.00,568.00,5877218,3355683211,-11.0,,,7138,
2021-03-18,2327,國巨*,twse,574.00,575.00,556.00,559.00,7459610,4207661919,-9.0,,,8426,
2021-03-19,2327,國巨*,twse,549.00,552.00,545.00,552.00,7672500,4210261998,-7.0,,,8153,
2021-03-22,2327,國巨*,twse,553.00,565.00,547.00,563.00,5321262,2961618831,11.0,,,5527,
2021-03-23,2327,國巨*,twse,566.00,569.00,553.00,554.00,4651664,2592168478,-9.0,,,5109,
2021-03-24,2327,國巨*,twse,549.00,557.00,547.00,552.00,4637973,2557028937,-2.0,,,4662,
2021-03-25,2327,國巨*,twse,550.00,554.00,542.00,542.00,6685105,3646754426,-10.0,,,7141,
2021-03-26,2327,國巨*,twse,546.00,563.00,546.00,559.00,5760068,3204956936,17.0,,,5844,
2021-03-29,2327,國巨*,twse,565.00,566.00,553.00,554.00,4144410,2315899381,-5.0,,,4916,
2021-03-30,2327,國巨*,twse,559.00,568.00,556.00,563.00,5484815,3090507117,9.0,,,5247,
2021-03-31,2327,國巨*,twse,565.00,565.00,552.00,553.00,4820790,2679071591,-10.0,,,5350,
2021-04-01,2327,國巨*,twse,556.00,559.00,546.00,553.00,4506113,2484688399,0.0,,,5096,
2021-04-06,2327,國巨*,twse,562.00,563.00,556.00,562.00,4402389,2466276398,9.0,,,4877,
2021-04-07,2327,國巨*,twse,568.00,572.00,561.00,570.00,5844811,3316939165,8.0,,,6259,
2021-04-08,2327,國巨*,twse,580.00,588.00,578.00,587.00,14033638,8189837606,17.0,,,13667,
2021-04-09,2327,國巨*,twse,593.00,594.00,575.00,578.00,7278804,4232492599,-9.0,,,7838,
2021-04-12,2327,國巨*,twse,580.00,582.00,563.00,563.00,6038949,3437640085,-15.0,,,7450,
2021-04-13,2327,國巨*,twse,564.00,569.00,553.00,556.00,4221873,2367663481,-7.0,,,5711,
2021-04-14,2327,國巨*,twse,556.00,559.00,538.00,546.00,6739073,3686714782,-10.0,,,8658,
2021-04-15,2327,國巨*,twse,546.00,554.00,542.00,553.00,5148554,2815164509,7.0,,,4497,
2021-04-16,2327,國巨*,twse,552.00,553.00,542.00,551.00,6153580,3373567673,-2.0,,,6845,
2021-04-19,2327,國巨*,twse,554.00,562.00,552.00,553.00,4416585,2453546185,2.0,,,4620,
2021-04-20,2327,國巨*,twse,556.00,582.00,555.00,571.00,12440433,7100142718,18.0,,,11491,
2021-04-21,2327,國巨*,twse,571.00,571.00,557.00,557.00,7184080,4033181892,-14.0,,,7681,
2021-04-22,2327,國巨*,twse,563.00,564.00,546.00,546.00,5200325,2875809885,-11.0,,,6228,
2021-04-23,2327,國巨*,twse,559.00,568.00,553.00,554.00,8882784,4965483017,8.0,,,8300,
2021-04-26,2327,國巨*,twse,560.00,564.00,552.00,560.00,4316798,2410968318,6.0,,,4545,
2021-04-27,2327,國巨*,twse,561.00,563.00,553.00,555.00,3703961,2063879074,-5.0,,,4230,
2021-04-28,2327,國巨*,twse,555.00,556.00,547.00,547.00,5724506,3144828152,-8.0,,,6802,
2021-04-29,2327,國巨*,twse,549.00,553.00,543.00,543.00,5021938,2741946557,-4.0,,,5858,
2021-05-03,2327,國巨*,twse,542.00,543.00,522.00,522.00,7143849,3780027795,-21.0,,,10328,
2021-05-04,2327,國巨*,twse,523.00,528.00,490.00,503.00,10824148,5486720892,-19.0,,,12027,
2021-05-05,2327,國巨*,twse,506.00,513.00,490.00,490.50,6032338,3018561777,-12.5,,,8232,
2021-05-06,2327,國巨*,twse,500.00,508.00,493.50,501.00,6002608,3000219036,10.5,,,6245,
2021-05-07,2327,國巨*,twse,507.00,535.00,505.00,535.00,9404794,4934852900,34.0,,,9538,
2021-05-10,2327,國巨*,twse,539.00,540.00,511.00,511.00,7568342,3948153558,-24.0,,,8216,
2021-05-11,2327,國巨*,twse,492.00,496.00,460.50,469.00,17146265,8183326063,-42.0,,,19944,
2021-05-12,2327,國巨*,twse,469.00,469.00,422.50,423.00,22304585,9770703711,-46.0,,,21739,
2021-05-13,2327,國巨*,twse,404.00,428.00,393.50,409.50,17606975,7270451338,-13.5,,,15842,
2021-05-14,2327,國巨*,twse,438.00,450.00,432.00,440.00,18905375,8385858899,30.5,,,15276,
2021-05-17,2327,國巨*,twse,420.50,440.00,402.00,415.50,14800765,6236254504,-24.5,,,14079,
2021-05-18,2327,國巨*,twse,435.00,449.00,428.50,449.00,13719420,6046600102,33.5,,,11770,
2021-05-19,2327,國巨*,twse,443.50,452.00,436.50,442.50,8983803,3977691616,-6.5,,,8786,
2021-05-20,2327,國巨*,twse,446.00,451.50,440.50,443.50,7291950,3247961812,1.0,,,6320,
2021-05-21,2327,國巨*,twse,487.00,487.00,457.00,458.50,11523776,5389098547,15.0,,,10226,
2021-05-24,2327,國巨*,twse,449.00,466.50,445.00,463.50,5569273,2544052687,5.0,,,5724,
2021-05-25,2327,國巨*,twse,472.00,483.00,468.00,479.00,9080430,4327785311,15.5,,,8927,
2021-05-26,2327,國巨*,twse,482.00,486.50,474.00,481.00,5917477,2837300777,2.0,,,5931,
2021-05-27,2327,國巨*,twse,477.00,483.50,474.50,478.50,5347812,2560729628,-2.5,,,4429,
2021-05-28,2327,國巨*,twse,487.00,494.00,483.50,490.00,7489725,3674209402,11.5,,,7321,
2021-05-31,2327,國巨*,twse,501.00,511.00,498.50,505.00,8491130,4277672253,15.0,,,7993,
2021-06-01,2327,國巨*,twse,510.00,510.00,499.00,500.00,5334060,2683271268,-5.0,,,5733,
2021-06-02,2327,國巨*,twse,500.00,501.00,483.50,486.00,6948718,3408703071,-14.0,,,8524,
2021-06-03,2327,國巨*,twse,489.50,496.50,486.00,494.50,3588727,1765874237,8.5,,,3735,
2021-06-04,2327,國巨*,twse,484.50,492.00,482.50,491.00,4942519,2407920387,-3.5,,,4559,
2021-06-07,2327,國巨*,twse,488.00,489.50,471.50,477.50,6725219,3221199166,-13.5,,,7428,
2021-06-08,2327,國巨*,twse,485.50,497.50,485.50,497.50,7190664,3536284992,20.0,,,7000,
2021-06-09,2327,國巨*,twse,496.50,502.00,491.00,496.00,4354265,2156721055,-1.5,,,4699,
2021-06-10,2327,國巨*,twse,500.00,504.00,496.00,500.00,3562362,1778322822,4.0,,,3835,
2021-06-11,2327,國巨*,twse,501.00,503.00,494.00,494.00,2690918,1339387489,-6.0,,,3106,
2021-06-15,2327,國巨*,twse,494.00,525.00,494.00,523.00,14987017,7726032521,29.0,,,13469,
2021-06-16,2327,國巨*,twse,523.00,536.00,516.00,531.00,12340929,6505960047,8.0,,,11350,
2021-06-17,2327,國巨*,twse,529.00,552.00,525.00,545.00,16994162,9230643945,14.0,,,15935,
2021-06-18,2327,國巨*,twse,550.00,555.00,540.00,540.00,8261276,4507559424,-5.0,,,8045,
2021-06-21,2327,國巨*,twse,531.00,536.00,522.00,527.00,7141238,3770332359,-13.0,,,7423,
2021-06-22,2327,國巨*,twse,536.00,538.00,522.00,525.00,5693801,3003977871,-2.0,,,5090,
2021-06-23,2327,國巨*,twse,531.00,537.00,528.00,534.00,4247724,2262993411,9.0,,,3999,
2021-06-24,2327,國巨*,twse,540.00,542.00,530.00,530.00,3023997,1614494212,-4.0,,,3228,
2021-06-25,2327,國巨*,twse,535.00,546.00,532.00,535.00,5457611,2940557396,5.0,,,5137,
2021-06-28,2327,國巨*,twse,539.00,545.00,534.00,545.00,4005549,2165794151,10.0,,,4236,
2021-06-29,2327,國巨*,twse,561.00,569.00,551.00,555.00,13037119,7293721246,10.0,,,12026,
2021-07-01,2327,國巨*,twse,573.00,578.00,556.00,557.00,11013703,6229682016,0.0,,,11146,
2021-07-02,2327,國巨*,twse,560.00,561.00,545.00,556.00,4274819,2367941193,-1.0,,,4900,
2021-07-05,2327,國巨*,twse,567.00,575.00,564.00,571.00,7649064,4363602007,15.0,,,7904,
2021-07-06,2327,國巨*,twse,579.00,599.00,578.00,597.00,13287003,7821063948,26.0,,,14566,
2021-07-07,2327,國巨*,twse,597.00,615.00,594.00,603.00,13783192,8347286316,6.0,,,14684,
2021-07-08,2327,國巨*,twse,605.00,610.00,588.00,590.00,7808490,4666094807,-13.0,,,8813,
2021-07-09,2327,國巨*,twse,583.00,595.00,581.00,584.00,4900184,2875463914,-6.0,,,5942,
2021-07-12,2327,國巨*,twse,594.00,596.00,585.00,586.00,3816112,2249709841,2.0,,,4051,
2021-07-13,2327,國巨*,twse,595.00,598.00,580.00,581.00,4193971,2471442578,-5.0,,,4805,
2021-07-14,2327,國巨*,twse,587.00,588.00,576.00,583.00,3227097,1879124931,2.0,,,3850,
2021-07-15,2327,國巨*,twse,587.00,595.00,582.00,586.00,3829502,2248241365,3.0,,,3845,
2021-07-16,2327,國巨*,twse,579.00,582.00,575.00,578.00,3187440,1843681038,-8.0,,,4211,
2021-07-19,2327,國巨*,twse,575.00,587.00,566.00,583.00,5098299,2938259049,5.0,,,5722,
2021-07-20,2327,國巨*,twse,578.00,580.00,565.00,568.00,4357647,2487141638,-15.0,,,5490,
2021-07-21,2327,國巨*,twse,578.00,592.00,572.00,588.00,8080588,4706037985,20.0,,,8300,
2021-07-22,2327,國巨*,twse,598.00,604.00,591.00,591.00,7087325,4232823802,3.0,,,7775,
2021-07-23,2327,國巨*,twse,594.00,603.00,586.00,589.00,4107660,2440977899,-2.0,,,4396,
2021-07-26,2327,國巨*,twse,595.00,600.00,580.00,600.00,7524346,4458291251,11.0,,,6780,
2021-07-27,2327,國巨*,twse,601.00,605.00,581.00,581.00,9640102,5698810349,-19.0,,,9561,
2021-07-28,2327,國巨*,twse,580.00,590.00,555.00,565.00,7246457,4124712070,-16.0,,,8315,
2021-07-29,2327,國巨*,twse,574.00,575.00,563.00,571.00,2755264,1568934048,6.0,,,3153,
2021-07-30,2327,國巨*,twse,568.00,575.00,560.00,560.00,4375186,2476179781,-11.0,,,5247,
2021-08-02,2327,國巨*,twse,558.00,559.00,548.00,557.00,2902797,1607785368,0.0,,,3473,
2021-08-03,2327,國巨*,twse,558.00,562.00,551.00,553.00,2994731,1660523763,-4.0,,,3640,
2021-08-04,2327,國巨*,twse,554.00,558.00,551.00,554.00,2242668,1241051591,1.0,,,2756,
2021-08-05,2327,國巨*,twse,557.00,561.00,552.00,558.00,3583875,1998129464,4.0,,,3242,
2021-08-06,2327,國巨*,twse,560.00,563.00,552.00,558.00,3160563,1761564955,0.0,,,3041,
2021-08-09,2327,國巨*,twse,558.00,559.00,545.00,545.00,4157072,2286181569,-13.0,,,4783,
2021-08-10,2327,國巨*,twse,548.00,549.00,530.00,531.00,4536226,2430162509,-14.0,,,6170,
2021-08-11,2327,國巨*,twse,530.00,542.00,519.00,533.00,5073966,2695000200,2.0,,,5234,
2021-08-12,2327,國巨*,twse,534.00,539.00,527.00,529.00,1993953,1060546938,-4.0,,,2393,
2021-08-13,2327,國巨*,twse,529.00,530.00,499.50,500.00,8538573,4349088332,-29.0,,,10679,
2021-08-16,2327,國巨*,twse,494.00,504.00,483.50,492.00,6148930,3023032912,-8.0,,,6742,
2021-08-17,2327,國巨*,twse,491.50,495.00,473.50,474.00,4779253,2306284615,-18.0,,,6172,
2021-08-18,2327,國巨*,twse,470.00,498.00,469.00,498.00,6224348,3023281479,24.0,,,6265,
2021-08-19,2327,國巨*,twse,478.00,481.00,450.00,450.00,18452458,8519336534,-48.0,,,20849,
2021-08-20,2327,國巨*,twse,450.00,457.00,435.50,446.00,11632815,5202456968,-4.0,,,11436,
2021-08-23,2327,國巨*,twse,451.50,456.50,444.00,454.00,7462583,3360809806,8.0,,,7820,
2021-08-24,2327,國巨*,twse,456.50,467.50,455.00,455.50,5741890,2640484595,1.5,,,5949,
2021-08-25,2327,國巨*,twse,454.50,472.00,454.50,472.00,4553657,2121777644,16.5,,,4844,
2021-08-26,2327,國巨*,twse,477.00,477.50,458.00,464.50,6891785,3216580308,-7.5,,,6262,
2021-08-27,2327,國巨*,twse,465.00,482.50,462.00,477.00,6254615,2977155497,12.5,,,6152,
2021-08-30,2327,國巨*,twse,480.00,484.50,475.00,484.50,4688663,2251436881,7.5,,,4135,
2021-08-31,2327,國巨*,twse,480.00,481.50,468.50,479.50,5734585,2726146623,-5.0,,,5528,
2021-09-01,2327,國巨*,twse,477.00,492.00,476.50,489.00,4747738,2302439115,9.5,,,4703,
2021-09-02,2327,國巨*,twse,490.00,491.50,479.50,479.50,4241331,2053001833,-9.5,,,4476,
2021-09-03,2327,國巨*,twse,484.00,489.00,479.00,480.50,3222339,1554874404,1.0,,,3435,
2021-09-06,2327,國巨*,twse,483.00,485.50,472.00,480.50,3353354,1611301268,0.0,,,3442,
2021-09-07,2327,國巨*,twse,481.00,484.00,474.00,477.00,2762471,1322522243,-3.5,,,3013,
2021-09-08,2327,國巨*,twse,480.50,480.50,457.00,460.50,5511084,2571599228,-16.5,,,6199,
2021-09-09,2327,國巨*,twse,459.00,475.00,458.00,475.00,3494606,1644501042,14.5,,,3479,
2021-09-10,2327,國巨*,twse,472.50,483.00,472.50,481.50,2631812,1260130292,6.5,,,2827,
2021-09-13,2327,國巨*,twse,483.00,490.00,480.00,484.00,2906689,1409343720,2.5,,,3201,
2021-09-14,2327,國巨*,twse,487.00,493.50,480.00,481.00,3538862,1723155736,-3.0,,,3903,
2021-09-15,2327,國巨*,twse,479.00,480.50,463.50,466.00,4153837,1949309449,-15.0,,,5310,
2021-09-16,2327,國巨*,twse,467.00,469.00,458.00,461.50,3476268,1605700268,-4.5,,,3892,
2021-09-17,2327,國巨*,twse,461.00,473.00,460.00,470.50,2911439,1364514191,9.0,,,2538,
2021-09-22,2327,國巨*,twse,457.00,463.00,452.00,463.00,2886669,1322164688,-7.5,,,3438,
2021-09-23,2327,國巨*,twse,466.50,471.50,466.00,469.00,2248029,1052778004,6.0,,,2097,
2021-09-24,2327,國巨*,twse,472.00,476.50,467.50,469.00,2052219,968746535,0.0,,,2213,
2021-09-27,2327,國巨*,twse,473.00,473.00,462.50,466.00,1687045,786141244,-3.0,,,1994,
2021-09-28,2327,國巨*,twse,463.00,463.50,451.50,453.00,3695345,1680320407,-13.0,,,4851,
2021-09-29,2327,國巨*,twse,441.00,446.50,435.00,439.00,4841697,2130180006,-14.0,,,6337,
2021-09-30,2327,國巨*,twse,439.00,447.00,436.00,442.50,3330011,1470154188,3.5,,,3256,
2021-10-01,2327,國巨*,twse,436.00,436.50,417.50,418.00,6198626,2638033810,-24.5,,,7999,
2021-10-04,2327,國巨*,twse,419.00,425.00,405.50,409.50,5261035,2169974203,-8.5,,,4992,
2021-10-05,2327,國巨*,twse,398.00,417.00,397.50,417.00,4904382,2001363205,7.5,,,5081,
2021-10-06,2327,國巨*,twse,417.00,417.00,399.00,403.00,4324343,1756769800,-14.0,,,4990,
2021-10-07,2327,國巨*,twse,407.50,416.50,406.50,415.50,3468271,1430370181,12.5,,,3529,
2021-10-08,2327,國巨*,twse,420.00,422.50,409.50,410.00,2798803,1162547576,-5.5,,,3467,
2021-10-12,2327,國巨*,twse,404.00,417.00,402.00,414.00,2879217,1185257688,4.0,,,2923,
2021-10-13,2327,國巨*,twse,417.00,417.00,400.50,402.00,3301237,1338587394,-12.0,,,4052,
2021-10-14,2327,國巨*,twse,405.00,409.00,401.50,405.50,1719404,697080593,3.5,,,1918,
2021-10-15,2327,國巨*,twse,411.00,419.00,409.00,417.00,3159955,1307651211,11.5,,,3189,
2021-10-18,2327,國巨*,twse,421.00,422.00,407.50,410.50,2652028,1097239109,-6.5,,,2778,
2021-10-19,2327,國巨*,twse,413.00,421.00,411.50,419.00,2220360,927078416,8.5,,,2469,
2021-10-20,2327,國巨*,twse,421.00,428.00,416.00,426.00,3200375,1357070416,7.0,,,3433,
2021-10-21,2327,國巨*,twse,420.00,428.00,413.50,419.50,4333707,1825240848,-6.5,,,4243,
2021-10-22,2327,國巨*,twse,418.50,422.00,413.00,421.50,3044497,1274739703,2.0,,,2959,
2021-10-25,2327,國巨*,twse,421.00,427.00,418.00,427.00,2387534,1009753298,5.5,,,2290,
2021-10-26,2327,國巨*,twse,428.00,432.00,425.00,427.50,3499818,1497575549,0.5,,,3244,
2021-10-27,2327,國巨*,twse,426.50,431.00,423.00,430.50,2787711,1190642047,3.0,,,3020,
2021-10-28,2327,國巨*,twse,435.00,446.00,433.50,438.50,7404532,3259258463,8.0,,,6800,
2021-10-29,2327,國巨*,twse,441.00,442.50,434.00,434.00,3113951,1361691854,-4.5,,,3365,
2021-11-01,2327,國巨*,twse,437.00,437.50,427.00,427.00,2939627,1263800180,-7.0,,,3343,
2021-11-02,2327,國巨*,twse,424.00,426.00,408.00,410.00,8656512,3583242672,-17.0,,,10105,
2021-11-03,2327,國巨*,twse,413.00,428.00,412.50,422.50,6317560,2666479243,12.5,,,6019,
2021-11-04,2327,國巨*,twse,426.50,429.00,421.50,423.00,2499210,1062638059,0.5,,,2756,
2021-11-05,2327,國巨*,twse,425.00,426.50,420.50,425.50,2386051,1012571873,2.5,,,2261,
2021-11-08,2327,國巨*,twse,421.00,423.00,416.00,419.00,2827551,1184608565,-6.5,,,3183,
2021-11-09,2327,國巨*,twse,419.50,430.50,419.50,429.00,3321779,1414898126,10.0,,,3488,
2021-11-10,2327,國巨*,twse,427.50,434.50,426.00,430.00,2035458,876066750,1.0,,,2874,
2021-11-11,2327,國巨*,twse,426.50,432.00,426.00,429.50,1449982,622330918,-0.5,,,1736,
2021-11-12,2327,國巨*,twse,433.50,436.50,429.50,429.50,2238150,969395643,0.0,,,2462,
2021-11-15,2327,國巨*,twse,432.00,444.00,432.00,442.00,4128887,1815127829,12.5,,,4275,
2021-11-16,2327,國巨*,twse,444.50,445.00,435.00,436.50,3251302,1425995361,-5.5,,,3586,
2021-11-17,2327,國巨*,twse,439.00,450.50,435.00,448.00,5850345,2601420057,11.5,,,5873,
2021-11-18,2327,國巨*,twse,454.00,460.00,451.00,456.00,5672513,2580329351,8.0,,,5402,
2021-11-19,2327,國巨*,twse,461.00,463.00,453.00,463.00,4190109,1921587105,7.0,,,4555,
2021-11-22,2327,國巨*,twse,463.00,466.00,457.50,466.00,3452383,1599078052,3.0,,,4071,
2021-11-23,2327,國巨*,twse,462.00,467.00,458.00,463.00,2867083,1323496312,-3.0,,,3505,
2021-11-24,2327,國巨*,twse,463.00,470.00,459.00,468.00,3759296,1749377746,5.0,,,3806,
2021-11-25,2327,國巨*,twse,471.00,473.00,465.00,465.00,3020415,1416509291,-3.0,,,3561,
2021-11-26,2327,國巨*,twse,461.50,469.00,452.00,452.00,4081513,1869609768,-13.0,,,4876,
2021-11-29,2327,國巨*,twse,446.00,460.00,443.00,459.50,4134072,1875969833,7.5,,,4560,
2021-11-30,2327,國巨*,twse,465.00,470.00,453.50,456.50,4688838,2166622963,-3.0,,,5055,
2021-12-01,2327,國巨*,twse,455.00,467.00,454.50,465.00,3380153,1563731984,8.5,,,3465,
2021-12-02,2327,國巨*,twse,463.50,469.00,461.00,465.00,2637170,1226316599,0.0,,,3020,
2021-12-03,2327,國巨*,twse,468.00,473.00,466.50,472.50,3368648,1587006051,7.5,,,3857,
2021-12-06,2327,國巨*,twse,472.50,472.50,465.00,465.00,2946412,1378122586,-7.5,,,3342,
2021-12-07,2327,國巨*,twse,465.50,466.50,454.00,456.00,4398310,2011172551,-9.0,,,5202,
2021-12-08,2327,國巨*,twse,459.00,461.00,454.50,454.50,2410876,1101742819,-1.5,,,2665,
2021-12-09,2327,國巨*,twse,452.00,458.00,450.00,453.50,2654660,1204130610,-1.0,,,2979,
2021-12-10,2327,國巨*,twse,450.50,452.50,446.50,447.50,2495222,1119355343,-6.0,,,3185,
2021-12-13,2327,國巨*,twse,447.50,459.00,447.00,456.50,2181922,993128102,9.0,,,2260,
2021-12-14,2327,國巨*,twse,455.00,455.50,447.50,448.50,2208604,999845120,-8.0,,,2417,
2021-12-15,2327,國巨*,twse,448.50,457.00,448.50,450.50,1403037,634501053,2.0,,,1610,
2021-12-16,2327,國巨*,twse,454.50,455.00,451.00,451.00,1594956,721521014,0.5,,,1813,
2021-12-17,2327,國巨*,twse,450.00,453.50,445.50,447.00,1985463,890937046,-4.0,,,2461,
2021-12-20,2327,國巨*,twse,449.00,451.00,446.50,448.00,1320733,592373205,1.0,,,1479,
2021-12-21,2327,國巨*,twse,447.00,455.50,445.50,455.00,1876607,849037781,7.0,,,2081,
2021-12-22,2327,國巨*,twse,460.00,470.00,457.50,469.50,5283192,2462153310,14.5,,,5792,
2021-12-23,2327,國巨*,twse,473.00,476.50,468.50,476.00,4788702,2267885490,6.5,,,5710,
2021-12-24,2327,國巨*,twse,478.00,482.00,472.00,473.00,3477794,1657545293,-3.0,,,3838,
2021-12-27,2327,國巨*,twse,479.50,483.00,477.00,481.50,3412321,1641818050,8.5,,,3576,
2021-12-28,2327,國巨*,twse,482.50,484.00,477.00,478.00,6409768,3070036599,-3.5,,,3775,
2021-12-29,2327,國巨*,twse,477.00,480.00,471.00,474.00,2815146,1335504750,-4.0,,,3151,
2021-12-30,2327,國巨*,twse,475.00,483.00,475.00,479.50,2367715,1133731658,5.5,,,2530,
2022-01-03,2327,國巨*,twse,479.50,496.00,479.00,491.00,6754138,3305948296,11.5,,,7427,
2022-01-04,2327,國巨*,twse,505.00,533.00,505.00,533.00,22127506,11514272700,42.0,,,21175,
2022-01-05,2327,國巨*,twse,531.00,538.00,524.00,535.00,10205371,5421226685,2.0,,,11496,
2022-01-06,2327,國巨*,twse,523.00,531.00,519.00,523.00,7005041,3671987900,-12.0,,,10196,
2022-01-07,2327,國巨*,twse,529.00,533.00,510.00,515.00,7326033,3803599956,-8.0,,,8218,
2022-01-10,2327,國巨*,twse,509.00,523.00,508.00,519.00,4121050,2132488549,4.0,,,4778,
2022-01-11,2327,國巨*,twse,517.00,521.00,498.00,501.00,5904043,2989216771,-18.0,,,8664,
2022-01-12,2327,國巨*,twse,509.00,510.00,502.00,510.00,3331394,1688404324,9.0,,,3891,
2022-01-13,2327,國巨*,twse,510.00,512.00,496.00,498.00,3750584,1877614523,-12.0,,,4669,
2022-01-14,2327,國巨*,twse,495.50,496.50,480.00,492.00,5121289,2496016645,-6.0,,,6057,
2022-01-17,2327,國巨*,twse,490.50,501.00,488.00,501.00,3231402,1597260221,9.0,,,3667,
2022-01-18,2327,國巨*,twse,510.00,517.00,502.00,502.00,6566448,3343104564,1.0,,,6348,
2022-01-19,2327,國巨*,twse,493.00,498.00,487.50,487.50,5338525,2624049731,-14.5,,,5819,
2022-01-20,2327,國巨*,twse,487.00,490.00,481.50,481.50,3624378,1753567218,-6.0,,,4018,
2022-01-21,2327,國巨*,twse,476.00,478.00,467.00,469.50,5150049,2425068163,-12.0,,,6795,
2022-01-24,2327,國巨*,twse,465.00,467.00,458.50,463.00,3437491,1590044050,-6.5,,,4268,
2022-01-25,2327,國巨*,twse,460.00,461.00,451.00,451.00,4243609,1928972952,-12.0,,,5486,
2022-01-26,2327,國巨*,twse,453.00,459.00,451.00,459.00,2730814,1247126504,8.0,,,3065,
2022-02-07,2327,國巨*,twse,458.50,462.50,451.00,454.00,3515254,1600565003,-5.0,,,4184,
2022-02-08,2327,國巨*,twse,455.00,462.50,455.00,456.50,2780461,1273140123,2.5,,,3098,
2022-02-09,2327,國巨*,twse,462.00,466.00,460.00,466.00,2289785,1059886426,9.5,,,2845,
2022-02-10,2327,國巨*,twse,472.00,489.50,469.50,489.50,5461363,2615669467,23.5,,,5989,
2022-02-11,2327,國巨*,twse,479.00,483.00,476.50,482.00,3211833,1541416694,-7.5,,,4178,
2022-02-14,2327,國巨*,twse,472.00,472.50,464.00,464.00,2502016,1167976150,-18.0,,,3596,
2022-02-15,2327,國巨*,twse,465.00,471.50,464.00,464.50,1695474,792449189,0.5,,,2101,
2022-02-16,2327,國巨*,twse,473.00,473.00,468.00,472.50,2155011,1014241974,8.0,,,2472,
2022-02-17,2327,國巨*,twse,477.00,477.00,466.50,467.50,2654753,1252212023,-5.0,,,3218,
2022-02-18,2327,國巨*,twse,461.50,475.50,460.50,473.00,2307380,1081526276,5.5,,,2799,
2022-02-21,2327,國巨*,twse,468.00,479.50,465.50,479.50,2872358,1360014541,6.5,,,2988,
2022-02-22,2327,國巨*,twse,475.00,475.00,466.00,469.50,3702708,1737402748,-10.0,,,3776,
2022-02-23,2327,國巨*,twse,470.50,473.50,463.00,463.50,4054685,1890166377,-6.0,,,4526,
2022-02-24,2327,國巨*,twse,458.00,459.00,445.00,448.00,5389928,2431846630,-15.5,,,7485,
2022-02-25,2327,國巨*,twse,455.00,455.00,444.00,451.50,3686870,1656959285,3.5,,,3885,
2022-03-01,2327,國巨*,twse,463.00,466.00,457.50,465.00,3846604,1779403010,13.5,,,3820,
2022-03-02,2327,國巨*,twse,460.00,463.50,457.00,462.50,1989663,914732033,-2.5,,,2363,
2022-03-03,2327,國巨*,twse,466.00,468.50,459.00,459.50,2141937,990266771,-3.0,,,2475,
2022-03-04,2327,國巨*,twse,457.00,457.00,450.00,450.50,2264668,1025470176,-9.0,,,3287,
2022-03-07,2327,國巨*,twse,440.00,441.00,427.00,427.00,5017607,2162186410,-23.5,,,7099,
2022-03-08,2327,國巨*,twse,414.00,430.50,414.00,414.50,4065607,1703323048,-12.5,,,5914,
2022-03-09,2327,國巨*,twse,423.50,428.00,418.00,423.50,2693443,1138834113,9.0,,,3020,
2022-03-10,2327,國巨*,twse,438.00,438.50,432.50,436.00,2885236,1254848865,12.5,,,3218,
2022-03-11,2327,國巨*,twse,432.00,434.00,431.00,434.00,1241936,537226589,-2.0,,,1537,
2022-03-14,2327,國巨*,twse,436.50,441.00,430.50,436.00,2181747,948470367,2.0,,,2321,
2022-03-15,2327,國巨*,twse,432.00,432.00,419.00,420.00,2759855,1168099247,-16.0,,,3890,
2022-03-16,2327,國巨*,twse,427.00,427.50,413.00,417.50,2883258,1205788966,-2.5,,,3527,
2022-03-17,2327,國巨*,twse,429.00,448.00,429.00,445.50,5714235,2510207533,28.0,,,5672,
2022-03-18,2327,國巨*,twse,422.50,426.50,415.00,423.50,9722000,4100738248,-22.0,,,8657,
2022-03-21,2327,國巨*,twse,423.50,427.00,417.00,418.50,3238482,1360674177,-5.0,,,4357,
2022-03-22,2327,國巨*,twse,425.00,434.00,420.00,432.00,3740721,1597969609,13.5,,,4201,
2022-03-23,2327,國巨*,twse,432.00,437.00,432.00,433.00,2015738,875226047,1.0,,,2561,
2022-03-24,2327,國巨*,twse,430.00,434.00,426.00,433.00,1471098,633541815,0.0,,,2422,
2022-03-25,2327,國巨*,twse,435.00,436.50,430.50,430.50,1693018,732622642,-2.5,,,1924,
2022-03-28,2327,國巨*,twse,428.00,431.50,420.50,431.50,1721920,732874259,1.0,,,2030,
2022-03-29,2327,國巨*,twse,433.00,434.00,426.50,429.50,1432462,615321194,-2.0,,,2659,
2022-03-30,2327,國巨*,twse,434.50,443.00,433.00,440.00,2895634,1272417386,10.5,,,3488,
2022-03-31,2327,國巨*,twse,443.50,444.00,434.00,434.00,1583360,692246568,-6.0,,,2047,
2022-04-01,2327,國巨*,twse,430.00,430.00,424.00,426.00,1863943,794825307,-8.0,,,2339,
2022-04-06,2327,國巨*,twse,423.00,425.00,418.50,423.50,2534489,1067268696,-2.5,,,2552,
2022-04-07,2327,國巨*,twse,417.50,420.00,408.50,409.00,3264641,1351995538,-14.5,,,5294,
2022-04-08,2327,國巨*,twse,414.00,417.50,411.50,413.00,1591774,658213787,4.0,,,2082,
2022-04-11,2327,國巨*,twse,412.00,412.00,398.00,398.00,3171120,1270868305,-15.0,,,5792,
2022-04-12,2327,國巨*,twse,393.50,395.50,386.00,393.00,3588132,1405874452,-5.0,,,5234,
2022-04-13,2327,國巨*,twse,397.50,402.00,392.50,401.00,1931219,769413006,8.0,,,2174,
2022-04-14,2327,國巨*,twse,401.00,406.50,398.00,406.00,1968101,794036909,5.0,,,2771,
2022-04-15,2327,國巨*,twse,400.50,407.00,396.00,405.00,2155273,870494861,-1.0,,,3030,
2022-04-18,2327,國巨*,twse,400.50,406.50,398.00,405.00,1386181,559665760,0.0,,,2450,
2022-04-19,2327,國巨*,twse,408.50,415.00,408.00,413.00,2317828,956698332,8.0,,,2985,
2022-04-20,2327,國巨*,twse,415.50,416.00,409.50,409.50,2171427,894090796,-3.5,,,3115,
2022-04-21,2327,國巨*,twse,413.00,414.50,410.50,412.50,825862,340478042,3.0,,,2033,
2022-04-22,2327,國巨*,twse,406.50,409.50,403.50,405.50,1090744,442527334,-7.0,,,2483,
2022-04-25,2327,國巨*,twse,398.00,399.00,391.00,393.50,2159419,851484537,-12.0,,,3804,
2022-04-26,2327,國巨*,twse,396.00,402.00,395.00,399.00,2009897,801452945,5.5,,,2242,
2022-04-27,2327,國巨*,twse,395.50,408.00,391.50,407.00,3129070,1255477898,8.0,,,4229,
2022-04-28,2327,國巨*,twse,407.00,410.50,402.00,405.00,2029619,824669842,-2.0,,,2952,
2022-04-29,2327,國巨*,twse,406.50,409.00,400.50,404.50,3360100,1359064743,-0.5,,,3763,
2022-05-03,2327,國巨*,twse,407.00,410.50,401.50,406.50,1742910,707061129,2.0,,,2656,
2022-05-04,2327,國巨*,twse,406.50,408.50,404.50,408.50,1587468,646350912,2.0,,,2199,
2022-05-05,2327,國巨*,twse,415.50,418.50,414.00,417.00,2346657,977301580,8.5,,,2947,
2022-05-06,2327,國巨*,twse,406.50,410.00,406.00,408.00,2474606,1010494868,-9.0,,,3064,
2022-05-09,2327,國巨*,twse,403.00,404.00,398.50,398.50,2008838,804193723,-9.5,,,2052,
2022-05-10,2327,國巨*,twse,391.00,396.00,385.00,392.50,4336116,1696467406,-6.0,,,4329,
2022-05-11,2327,國巨*,twse,396.00,397.00,389.50,392.00,2715747,1064472276,-0.5,,,3244,
2022-05-12,2327,國巨*,twse,387.00,390.50,377.50,378.00,3087432,1187112639,-14.0,,,4652,
2022-05-13,2327,國巨*,twse,383.00,385.00,381.50,383.00,1467467,562352164,5.0,,,2571,
2022-05-16,2327,國巨*,twse,388.00,390.50,380.50,381.50,2357295,906423775,-1.5,,,2963,
2022-05-17,2327,國巨*,twse,385.00,397.50,381.50,397.00,3089436,1208139930,15.5,,,2834,
2022-05-18,2327,國巨*,twse,402.00,408.50,400.50,401.00,2865132,1154830878,4.0,,,3594,
2022-05-19,2327,國巨*,twse,392.00,398.00,389.50,398.00,1971832,777908778,-3.0,,,2721,
2022-05-20,2327,國巨*,twse,409.00,409.00,395.00,395.00,2101643,838166134,-3.0,,,3092,
2022-05-23,2327,國巨*,twse,399.00,401.50,390.00,390.00,1476447,581042822,-5.0,,,1756,
2022-05-24,2327,國巨*,twse,392.00,392.00,382.00,382.00,1751317,676959890,-8.0,,,2060,
2022-05-25,2327,國巨*,twse,384.50,390.00,381.00,387.50,1296514,500406222,5.5,,,1432,
2022-05-26,2327,國巨*,twse,393.00,393.00,384.50,385.50,1263001,490345334,-2.0,,,1426,
2022-05-27,2327,國巨*,twse,390.00,394.50,389.00,393.00,1376241,539440531,7.5,,,1416,
2022-05-30,2327,國巨*,twse,398.00,399.50,397.00,399.50,1713584,682709467,6.5,,,1888,
2022-05-31,2327,國巨*,twse,400.00,405.00,396.00,405.00,4994067,2012474473,5.5,,,2444,
2022-06-01,2327,國巨*,twse,404.00,407.00,401.00,405.00,1518414,614890953,0.0,,,1731,
2022-06-02,2327,國巨*,twse,402.00,409.00,400.50,407.00,1399725,568211843,2.0,,,1644,
2022-06-06,2327,國巨*,twse,407.50,411.00,403.00,410.50,2251376,917323194,3.5,,,2406,
2022-06-07,2327,國巨*,twse,409.00,410.00,406.00,407.00,1935822,788508225,-3.5,,,1178,
2022-06-08,2327,國巨*,twse,410.00,414.50,401.50,403.00,2518461,1029251199,-4.0,,,3216,
2022-06-09,2327,國巨*,twse,403.00,405.50,400.00,405.00,1761206,711013044,2.0,,,1434,
2022-06-10,2327,國巨*,twse,400.00,403.00,398.00,400.00,1140363,456336855,-5.0,,,1321,
2022-06-13,2327,國巨*,twse,390.00,391.00,384.00,384.00,2847892,1099128883,-16.0,,,3669,
2022-06-14,2327,國巨*,twse,380.00,383.00,374.00,377.00,3701892,1396742040,-7.0,,,4461,
2022-06-15,2327,國巨*,twse,379.50,386.00,378.00,383.50,2515350,961231695,6.5,,,2303,
2022-06-16,2327,國巨*,twse,386.00,387.50,368.00,368.00,2892426,1092161871,-15.5,,,3755,
2022-06-17,2327,國巨*,twse,358.00,363.00,352.00,354.00,4347058,1546203943,-14.0,,,4840,
2022-06-20,2327,國巨*,twse,355.00,355.00,339.50,342.00,3973894,1366336390,-12.0,,,4148,
2022-06-21,2327,國巨*,twse,347.50,353.50,342.50,353.00,2019175,703471582,11.0,,,1985,
2022-06-22,2327,國巨*,twse,352.50,352.50,335.00,335.50,2762533,939712445,-17.5,,,3509,
2022-06-23,2327,國巨*,twse,335.50,337.00,325.00,331.50,3871658,1282739562,-4.0,,,3709,
2022-06-24,2327,國巨*,twse,332.50,337.50,326.00,328.00,2695882,890820537,-3.5,,,2575,
2022-06-27,2327,國巨*,twse,333.00,341.50,332.50,341.50,2816561,950809135,13.5,,,2383,
2022-06-28,2327,國巨*,twse,338.00,339.00,328.00,332.00,2024469,672324965,-9.5,,,2211,
2022-06-29,2327,國巨*,twse,330.00,330.50,320.50,325.00,2556609,829378841,-7.0,,,2826,
2022-06-30,2327,國巨*,twse,324.00,324.00,305.50,308.00,3883334,1205308986,-17.0,,,4495,
2022-07-01,2327,國巨*,twse,307.50,307.50,282.00,282.00,7556739,2207741453,-26.0,,,8099,
2022-07-04,2327,國巨*,twse,277.00,287.00,277.00,278.00,5047852,1417622044,0.0,,,4646,
2022-07-05,2327,國巨*,twse,285.50,292.00,276.00,284.50,4702959,1332883439,6.5,,,6131,
2022-07-06,2327,國巨*,twse,286.00,287.50,280.00,280.00,3690355,1043614552,-4.5,,,5433,
2022-07-07,2327,國巨*,twse,283.50,292.50,279.50,291.00,4044461,1163562307,11.0,,,5543,
2022-07-08,2327,國巨*,twse,302.50,318.00,300.00,308.50,7017717,2168277716,17.5,,,11128,
2022-07-11,2327,國巨*,twse,310.00,310.00,299.00,304.00,3643519,1104549395,-4.5,,,3876,
2022-07-12,2327,國巨*,twse,314.00,314.50,308.50,309.00,5715226,1778497456,5.0,,,6513,
2022-07-13,2327,國巨*,twse,321.00,324.00,316.00,318.00,4390042,1398313097,9.0,,,4632,
2022-07-14,2327,國巨*,twse,313.00,323.50,312.00,320.00,2716100,865704708,2.0,,,3480,
2022-07-15,2327,國巨*,twse,320.00,323.00,316.00,318.50,3042064,970940132,-1.5,,,4297,
2022-07-18,2327,國巨*,twse,318.50,326.50,317.50,326.50,2852369,920290687,8.0,,,3799,
2022-07-19,2327,國巨*,twse,323.00,326.50,321.50,326.00,1763150,572598278,-0.5,,,2342,
2022-07-20,2327,國巨*,twse,330.00,332.00,321.50,322.50,3427656,1120033244,-3.5,,,6023,
2022-07-21,2327,國巨*,twse,323.00,336.50,323.00,336.50,3564044,1181080446,14.0,,,3456,
2022-07-22,2327,國巨*,twse,337.00,337.00,332.00,333.50,2172982,724956159,-3.0,,,4693,
2022-07-25,2327,國巨*,twse,330.50,337.00,329.00,337.00,1707910,569127949,3.5,,,1925,
2022-07-26,2327,國巨*,twse,336.50,338.00,334.00,336.50,1659798,557625694,-0.5,,,1628,
2022-07-27,2327,國巨*,twse,336.00,342.50,334.50,342.50,2140777,725578677,6.0,,,2049,
2022-07-28,2327,國巨*,twse,344.50,347.00,339.50,340.50,1984538,678235214,-2.0,,,1958,
2022-07-29,2327,國巨*,twse,345.00,345.00,339.50,342.00,1629415,557535596,1.5,,,1496,
2022-08-01,2327,國巨*,twse,338.50,342.50,336.00,341.00,1687496,572724013,-1.0,,,1552,
2022-08-02,2327,國巨*,twse,335.00,336.50,324.50,325.50,3695792,1215864660,-15.5,,,7782,
2022-08-03,2327,國巨*,twse,326.00,330.00,324.00,326.50,2409982,786111268,1.0,,,2161,
2022-08-04,2327,國巨*,twse,325.00,325.50,311.50,317.00,5305793,1683142243,-9.5,,,4718,
2022-08-05,2327,國巨*,twse,320.00,325.00,319.50,323.00,2659558,857338991,6.0,,,2417,
2022-08-08,2327,國巨*,twse,320.50,326.00,318.50,325.00,1069505,345013503,2.0,,,1743,
2022-08-09,2327,國巨*,twse,325.00,325.50,320.50,325.00,1105745,357845731,0.0,,,1988,
2022-08-10,2327,國巨*,twse,320.50,322.00,318.00,319.00,1992612,637079142,-6.0,,,2282,
2022-08-11,2327,國巨*,twse,324.50,328.00,323.50,326.50,2599708,846286147,7.5,,,2107,
2022-08-12,2327,國巨*,twse,322.50,330.00,320.50,330.00,3595274,1172468306,3.5,,,5548,
2022-08-15,2327,國巨*,twse,331.00,336.00,328.00,334.50,2200551,730905010,4.5,,,2551,
2022-08-16,2327,國巨*,twse,335.00,335.50,331.50,332.50,1537792,512954812,-2.0,,,1668,
2022-08-17,2327,國巨*,twse,329.50,330.00,326.00,329.00,3007016,987080193,-3.5,,,5474,
2022-08-18,2327,國巨*,twse,325.50,327.50,323.00,327.50,1963531,638749533,-1.5,,,1730,
2022-08-19,2327,國巨*,twse,326.00,333.00,326.00,332.00,2078457,687896045,4.5,,,2107,
2022-08-22,2327,國巨*,twse,328.00,331.00,326.50,327.00,1250859,410329424,-5.0,,,1547,
2022-08-23,2327,國巨*,twse,324.00,325.00,322.00,324.00,1276586,412925860,-3.0,,,1694,
2022-08-24,2327,國巨*,twse,325.00,326.00,321.00,324.00,1476419,477686808,0.0,,,1725,
2022-08-25,2327,國巨*,twse,325.50,327.50,324.50,326.00,904190,294764268,2.0,,,1587,
2022-08-26,2327,國巨*,twse,328.50,333.50,328.50,332.00,2105680,698365912,6.0,,,2117,
2022-08-29,2327,國巨*,twse,321.50,321.50,312.00,317.50,5297850,1670964154,-14.5,,,9115,
2022-08-30,2327,國巨*,twse,317.50,319.50,315.00,317.50,2305795,732518245,0.0,,,3030,
2022-08-31,2327,國巨*,twse,316.50,328.50,316.00,328.50,3203927,1040274518,11.0,,,2537,
2022-09-01,2327,國巨*,twse,322.00,323.50,316.50,317.00,2883119,919180703,-11.5,,,6797,
2022-09-02,2327,國巨*,twse,320.50,320.50,312.00,312.50,2825827,889780121,-4.5,,,2661,
2022-09-05,2327,國巨*,twse,312.50,314.00,307.00,308.50,3184082,984502619,-4.0,,,2723,
2022-09-06,2327,國巨*,twse,305.00,316.50,305.00,316.00,2992798,932435698,7.5,,,3306,
2022-09-07,2327,國巨*,twse,311.50,319.50,311.00,316.00,2178594,687538366,0.0,,,2398,
2022-09-08,2327,國巨*,twse,319.00,342.00,318.50,335.00,6912833,2292145007,19.0,,,7214,
2022-09-12,2327,國巨*,twse,341.00,341.50,329.00,333.00,5035137,1689456088,-2.0,,,6792,
2022-09-13,2327,國巨*,twse,336.00,336.00,331.50,333.00,1741461,580560324,0.0,,,2199,
2022-09-14,2327,國巨*,twse,321.50,326.50,320.50,325.00,2339985,757794876,-8.0,,,11616,
2022-09-15,2327,國巨*,twse,326.00,339.00,325.50,338.00,4014241,1345715283,13.0,,,4168,
2022-09-16,2327,國巨*,twse,334.00,336.50,332.00,332.00,4145489,1380219912,-6.0,,,2482,
2022-09-19,2327,國巨*,twse,333.00,339.00,332.00,335.50,2255800,756386664,3.5,,,2158,
2022-09-20,2327,國巨*,twse,337.50,337.50,330.00,333.50,2386651,795767685,-2.0,,,3861,
2022-09-21,2327,國巨*,twse,331.50,333.00,325.00,327.50,2042455,670265391,-6.0,,,5423,
2022-09-22,2327,國巨*,twse,323.00,325.50,321.00,322.50,1645282,531571042,-5.0,,,2712,
2022-09-23,2327,國巨*,twse,322.00,325.50,314.50,315.50,1842482,588303136,-7.0,,,3186,
2022-09-26,2327,國巨*,twse,308.00,310.50,297.00,297.00,2888887,871802483,-18.5,,,3899,
2022-09-27,2327,國巨*,twse,303.50,303.50,297.50,300.00,1557733,467301135,3.0,,,1831,
2022-09-28,2327,國巨*,twse,301.50,301.50,285.00,285.00,2993498,865691875,-15.0,,,4709,
2022-09-29,2327,國巨*,twse,290.00,292.00,271.00,271.00,6832636,1897469778,-14.0,,,7594,
2022-09-30,2327,國巨*,twse,265.00,269.50,262.00,269.00,4792007,1272270407,-2.0,,,4791,
2022-10-03,2327,國巨*,twse,265.00,283.50,264.00,281.00,4352080,1204535407,12.0,,,6827,
2022-10-04,2327,國巨*,twse,287.50,290.00,284.00,287.50,2782840,799740155,6.5,,,4722,
2022-10-05,2327,國巨*,twse,295.00,303.00,291.50,297.50,5210375,1523012663,10.0,,,11240,
2022-10-06,2327,國巨*,twse,301.00,301.50,292.00,294.50,3080415,909285610,-3.0,,,9451,
2022-10-07,2327,國巨*,twse,293.50,294.00,286.00,287.00,5890548,1696614290,-7.5,,,6157,
2022-10-11,2327,國巨*,twse,276.50,281.00,271.00,272.50,3476717,958668825,-14.5,,,4823,
2022-10-12,2327,國巨*,twse,274.50,276.00,265.00,270.50,3607764,972378086,-2.0,,,3776,
2022-10-13,2327,國巨*,twse,271.00,274.00,263.00,264.00,1896433,507536192,-6.5,,,4835,
2022-10-14,2327,國巨*,twse,274.50,281.00,273.00,277.50,2546077,705635120,13.5,,,3930,
2022-10-17,2327,國巨*,twse,271.00,279.00,267.00,278.50,2156930,589345775,1.0,,,6638,
2022-10-18,2327,國巨*,twse,283.00,285.00,278.00,278.50,2693345,755442022,0.0,,,3831,
2022-10-19,2327,國巨*,twse,278.50,279.50,268.00,268.00,3941850,1071435591,-10.5,,,14930,
2022-10-31,2327,國巨*,twse,348.00,367.00,336.00,367.00,4730916,1672408159,0.0,,,7539,
2022-11-01,2327,國巨*,twse,367.50,382.00,358.00,379.00,5779732,2141754813,12.0,,,7615,
2022-11-02,2327,國巨*,twse,375.00,385.50,374.50,381.50,3756400,1424777491,2.5,,,4552,
2022-11-03,2327,國巨*,twse,373.00,392.00,372.00,389.50,4586272,1771919667,8.0,,,6241,
2022-11-04,2327,國巨*,twse,386.00,393.50,383.00,389.50,4767579,1851880806,0.0,,,5033,
2022-11-07,2327,國巨*,twse,390.00,392.50,381.00,382.00,3633475,1399877922,-7.5,,,7647,
2022-11-08,2327,國巨*,twse,386.00,398.00,386.00,393.50,6263323,2462756496,11.5,,,5614,
2022-11-09,2327,國巨*,twse,398.00,425.00,397.00,424.00,8749589,3634612527,30.5,,,11274,
2022-11-10,2327,國巨*,twse,420.00,425.00,417.00,421.50,3720088,1564665160,-2.5,,,4948,
2022-11-11,2327,國巨*,twse,445.00,453.50,435.00,445.50,7785200,3471434910,24.0,,,11029,
2022-11-14,2327,國巨*,twse,446.50,450.00,436.50,439.50,4446688,1961589904,-6.0,,,8657,
2022-11-15,2327,國巨*,twse,445.50,458.50,441.50,455.00,5404686,2442133882,15.5,,,6523,
2022-11-16,2327,國巨*,twse,456.00,462.50,447.00,461.00,6451302,2948852359,6.0,,,7639,
2022-11-17,2327,國巨*,twse,462.00,466.00,459.00,466.00,3384505,1567425857,5.0,,,4794,
2022-11-18,2327,國巨*,twse,464.00,467.50,451.50,453.50,3673626,1685287304,-12.5,,,8510,
2022-11-21,2327,國巨*,twse,453.00,464.00,451.50,454.00,2681859,1229009580,0.5,,,3832,
2022-11-22,2327,國巨*,twse,453.50,460.00,453.00,458.00,1952973,891224646,4.0,,,2700,
2022-11-23,2327,國巨*,twse,462.50,465.00,449.00,449.00,2554374,1160901258,-9.0,,,8998,
2022-11-24,2327,國巨*,twse,453.00,454.00,447.00,452.00,2679207,1207686679,3.0,,,2889,
2022-11-25,2327,國巨*,twse,452.00,454.50,443.00,445.00,1591859,712875049,-7.0,,,3563,
2022-11-28,2327,國巨*,twse,440.00,443.50,435.00,437.50,2220807,974158143,-7.5,,,5615,
2022-11-29,2327,國巨*,twse,436.50,442.50,435.00,438.00,1916048,839576323,0.5,,,2613,
2022-11-30,2327,國巨*,twse,439.50,463.00,437.50,463.00,4658527,2123017824,25.0,,,4760,
2022-12-01,2327,國巨*,twse,469.00,482.00,465.50,473.00,6114918,2904179060,10.0,,,6570,
2022-12-02,2327,國巨*,twse,472.50,493.50,472.50,489.50,5347862,2590091479,16.5,,,6238,
2022-12-05,2327,國巨*,twse,492.00,509.00,492.00,502.00,4921262,2464540582,12.5,,,6606,
2022-12-06,2327,國巨*,twse,498.50,505.00,488.00,491.00,3141029,1557688321,-11.0,,,10258,
2022-12-07,2327,國巨*,twse,491.00,492.50,477.00,484.50,3688206,1784752949,-6.5,,,7822,
2022-12-08,2327,國巨*,twse,480.50,486.00,473.00,478.50,3284624,1574958528,-6.0,,,4554,
2022-12-09,2327,國巨*,twse,489.00,493.50,478.00,479.00,3280785,1594194012,0.5,,,3603,
2022-12-12,2327,國巨*,twse,477.00,485.50,472.00,485.50,1978170,949225778,6.5,,,2160,
2022-12-13,2327,國巨*,twse,487.00,488.00,472.00,474.00,3468654,1657849513,-11.5,,,5583,
2022-12-14,2327,國巨*,twse,478.50,486.00,474.50,486.00,2466304,1189215787,12.0,,,2914,
2022-12-15,2327,國巨*,twse,486.00,498.00,484.00,495.00,3418299,1683811194,9.0,,,4060,
2022-12-16,2327,國巨*,twse,488.00,490.00,480.50,480.50,3622733,1751043251,-14.5,,,4449,
2022-12-19,2327,國巨*,twse,479.00,484.50,472.00,472.00,2521445,1199690319,-8.5,,,3838,
2022-12-20,2327,國巨*,twse,473.00,481.50,455.50,455.50,4530831,2107687016,-16.5,,,5521,
2022-12-21,2327,國巨*,twse,460.50,464.00,452.00,454.50,2185626,998390689,-1.0,,,2751,
2022-12-22,2327,國巨*,twse,464.00,468.50,460.00,466.50,1761209,819647773,12.0,,,2080,
2022-12-23,2327,國巨*,twse,457.50,462.00,454.50,460.00,1468065,674637839,-6.5,,,2599,
2022-12-26,2327,國巨*,twse,463.00,466.50,460.50,462.50,1096943,508141778,2.5,,,1344,
2022-12-27,2327,國巨*,twse,467.50,474.00,463.00,464.50,1467705,687487843,2.0,,,2241,
2022-12-28,2327,國巨*,twse,460.50,464.00,457.00,458.00,1022416,469730306,-6.5,,,1458,
2022-12-29,2327,國巨*,twse,452.50,456.50,450.50,455.50,927934,421363301,-2.5,,,1384,
2022-12-30,2327,國巨*,twse,461.50,464.00,451.00,451.00,1352704,615530896,-4.5,,,3391,
2023-01-03,2327,國巨*,twse,450.00,466.50,446.00,465.50,1741813,798582129,14.5,,,2314,
2023-01-04,2327,國巨*,twse,466.00,469.00,462.00,465.00,1364782,635724502,-0.5,,,1795,
2023-01-05,2327,國巨*,twse,470.00,486.00,470.00,485.50,4044495,1938747746,20.5,,,5478,
2023-01-06,2327,國巨*,twse,486.00,499.50,484.00,496.00,7199821,3555996927,10.5,,,6285,
2023-01-09,2327,國巨*,twse,515.00,525.00,507.00,525.00,8682855,4490480571,29.0,,,12333,
2023-01-10,2327,國巨*,twse,522.00,535.00,519.00,535.00,6567661,3475778729,10.0,,,8713,
2023-01-11,2327,國巨*,twse,536.00,537.00,523.00,528.00,2590924,1369986701,-7.0,,,3279,
2023-01-12,2327,國巨*,twse,527.00,531.00,520.00,520.00,1889853,988966160,-8.0,,,3368,
2023-01-13,2327,國巨*,twse,525.00,526.00,513.00,514.00,2387130,1234961937,-6.0,,,3936,
2023-01-16,2327,國巨*,twse,516.00,517.00,511.00,513.00,1654658,850124530,-1.0,,,2289,
2023-01-17,2327,國巨*,twse,516.00,522.00,511.00,519.00,3432835,1778850623,6.0,,,3531,
2023-01-30,2327,國巨*,twse,543.00,543.00,522.00,532.00,6710976,3562195601,13.0,,,11652,
2023-01-31,2327,國巨*,twse,530.00,544.00,526.00,540.00,4283854,2305589928,8.0,,,4903,
2023-02-01,2327,國巨*,twse,543.00,545.00,528.00,540.00,2869738,1543049198,0.0,,,5291,
2023-02-02,2327,國巨*,twse,547.00,547.00,534.00,541.00,3194015,1726238316,1.0,,,4268,
2023-02-03,2327,國巨*,twse,541.00,545.00,536.00,540.00,2570122,1390068778,-1.0,,,3121,
2023-02-06,2327,國巨*,twse,535.00,538.00,528.00,533.00,2143270,1143585065,-7.0,,,2485,
2023-02-07,2327,國巨*,twse,531.00,537.00,529.00,529.00,1120460,595957385,-4.0,,,1618,
2023-02-08,2327,國巨*,twse,534.00,538.00,529.00,531.00,1845461,982685304,2.0,,,2009,
2023-02-09,2327,國巨*,twse,525.00,528.00,505.00,511.00,6101496,3130597424,-20.0,,,8885,
2023-02-10,2327,國巨*,twse,508.00,517.00,504.00,516.00,2707538,1385923474,5.0,,,3586,
2023-02-13,2327,國巨*,twse,513.00,516.00,508.00,516.00,2174030,1113946038,0.0,,,2449,
2023-02-14,2327,國巨*,twse,526.00,544.00,522.00,540.00,6140786,3294176451,24.0,,,7730,
2023-02-15,2327,國巨*,twse,536.00,545.00,536.00,545.00,3927174,2126561768,5.0,,,6311,
2023-02-16,2327,國巨*,twse,555.00,579.00,552.00,575.00,9720147,5547645484,30.0,,,15156,
2023-02-17,2327,國巨*,twse,569.00,577.00,565.00,569.00,3363232,1918745640,-6.0,,,4860,
2023-02-20,2327,國巨*,twse,574.00,574.00,559.00,561.00,2471779,1399035094,-8.0,,,4960,
2023-02-21,2327,國巨*,twse,562.00,566.00,556.00,560.00,2265513,1269133316,-1.0,,,2616,
2023-02-22,2327,國巨*,twse,555.00,555.00,540.00,541.00,3253224,1768082287,-19.0,,,5543,
2023-02-23,2327,國巨*,twse,543.00,545.00,535.00,543.00,3202915,1732275105,2.0,,,3786,
2023-02-24,2327,國巨*,twse,543.00,544.00,536.00,538.00,2182561,1177853274,-5.0,,,2965,
2023-03-01,2327,國巨*,twse,532.00,541.00,525.00,538.00,4198641,2235110266,0.0,,,4408,
2023-03-02,2327,國巨*,twse,541.00,544.00,528.00,531.00,3044055,1621350841,-7.0,,,3198,
2023-03-03,2327,國巨*,twse,538.00,549.00,537.00,539.00,3760555,2044476391,8.0,,,4688,
2023-03-06,2327,國巨*,twse,548.00,559.00,542.00,557.00,3509466,1934149255,18.0,,,4912,
2023-03-07,2327,國巨*,twse,560.00,562.00,553.00,559.00,2540087,1419220604,2.0,,,3007,
2023-03-08,2327,國巨*,twse,554.00,555.00,546.00,550.00,2122714,1170718426,-9.0,,,3078,
2023-03-09,2327,國巨*,twse,552.00,554.00,540.00,541.00,2470288,1345240607,-9.0,,,4649,
2023-03-10,2327,國巨*,twse,534.00,535.00,515.00,518.00,5696994,2971190301,-23.0,,,8898,
2023-03-13,2327,國巨*,twse,510.00,520.00,507.00,519.00,3304978,1698130713,1.0,,,4039,
2023-03-14,2327,國巨*,twse,512.00,516.00,505.00,505.00,4799123,2439102149,-14.0,,,7190,
2023-03-15,2327,國巨*,twse,500.00,510.00,492.00,492.00,6062874,3032266997,-13.0,,,8473,
2023-03-16,2327,國巨*,twse,490.00,493.50,481.00,486.50,3913461,1899464020,-5.5,,,5232,
2023-03-17,2327,國巨*,twse,492.00,497.50,485.00,496.00,3005269,1479009920,9.5,,,3699,
2023-03-20,2327,國巨*,twse,497.50,503.00,495.00,500.00,2058482,1028247994,4.0,,,3004,
2023-03-21,2327,國巨*,twse,505.00,509.00,499.00,505.00,2137309,1079309382,5.0,,,2425,
2023-03-22,2327,國巨*,twse,508.00,509.00,504.00,505.00,2136091,1082092023,0.0,,,3653,
2023-03-23,2327,國巨*,twse,504.00,520.00,502.00,517.00,2945117,1515009723,12.0,,,3454,
2023-03-24,2327,國巨*,twse,521.00,530.00,515.00,527.00,3772586,1977508927,10.0,,,4627,
2023-03-27,2327,國巨*,twse,529.00,534.00,524.00,533.00,2737895,1451655406,6.0,,,3363,
2023-03-28,2327,國巨*,twse,535.00,537.00,527.00,531.00,3048361,1621911099,-2.0,,,3369,
2023-03-29,2327,國巨*,twse,533.00,534.00,518.00,520.00,1913482,1001397327,-11.0,,,5065,
2023-03-30,2327,國巨*,twse,524.00,526.00,518.00,520.00,1129844,588140204,0.0,,,1703,
2023-03-31,2327,國巨*,twse,524.00,535.00,523.00,529.00,2304023,1221791679,9.0,,,3191,
2023-04-06,2327,國巨*,twse,526.00,526.00,517.00,520.00,1545399,804587236,-9.0,,,3037,
2023-04-07,2327,國巨*,twse,518.00,523.00,515.00,516.00,1572422,815130368,-4.0,,,3423,
2023-04-10,2327,國巨*,twse,520.00,535.00,520.00,530.00,3317770,1762711929,14.0,,,3944,
2023-04-11,2327,國巨*,twse,529.00,532.00,525.00,527.00,1786991,943489924,-3.0,,,2062,
2023-04-12,2327,國巨*,twse,527.00,547.00,527.00,542.00,5009277,2708836119,15.0,,,6119,
2023-04-13,2327,國巨*,twse,548.00,552.00,540.00,542.00,4276846,2330903976,0.0,,,4279,
2023-04-14,2327,國巨*,twse,549.00,557.00,544.00,553.00,4270856,2360508835,11.0,,,6267,
2023-04-17,2327,國巨*,twse,558.00,558.00,541.00,542.00,2614538,1425717563,-11.0,,,5990,
2023-04-18,2327,國巨*,twse,547.00,551.00,537.00,538.00,3401507,1842374726,-4.0,,,2946,
2023-04-19,2327,國巨*,twse,544.00,544.00,529.00,535.00,2176882,1164941153,-3.0,,,8833,
2023-04-20,2327,國巨*,twse,533.00,536.00,518.00,518.00,2801424,1472811268,-17.0,,,3916,
2023-04-21,2327,國巨*,twse,520.00,524.00,495.50,495.50,6438596,3237230523,-22.5,,,9836,
2023-04-24,2327,國巨*,twse,497.00,508.00,496.00,507.00,1663779,838918001,11.5,,,2209,
2023-04-25,2327,國巨*,twse,507.00,507.00,486.50,490.50,3081149,1519579614,-16.5,,,5689,
2023-04-26,2327,國巨*,twse,489.50,495.50,488.00,495.00,2002978,985504970,4.5,,,2244,
2023-04-27,2327,國巨*,twse,497.00,497.00,486.00,492.00,1847875,908249617,-3.0,,,2607,
2023-04-28,2327,國巨*,twse,498.00,502.00,495.00,496.00,1514853,753753313,4.0,,,2026,
2023-05-02,2327,國巨*,twse,499.00,504.00,496.50,502.00,1242488,623606606,6.0,,,1549,
2023-05-03,2327,國巨*,twse,500.00,501.00,494.00,498.00,1059141,525924007,-4.0,,,2349,
2023-05-04,2327,國巨*,twse,494.00,496.00,489.00,493.50,1676788,824616259,-4.5,,,2249,
2023-05-05,2327,國巨*,twse,496.00,509.00,496.00,506.00,2520451,1272882817,12.5,,,3155,
2023-05-08,2327,國巨*,twse,512.00,512.00,504.00,504.00,1625930,823559250,-2.0,,,1854,
2023-05-09,2327,國巨*,twse,498.00,501.00,488.50,500.00,3005716,1489936864,-4.0,,,3916,
2023-05-10,2327,國巨*,twse,498.00,498.00,492.00,494.50,1583244,783235296,-5.5,,,1984,
2023-05-11,2327,國巨*,twse,495.00,502.00,490.00,490.00,1590609,786190436,-4.5,,,2894,
2023-05-12,2327,國巨*,twse,486.00,496.00,486.00,496.00,1397927,687441975,6.0,,,1857,
2023-05-15,2327,國巨*,twse,496.00,496.00,487.00,488.00,1519676,744055385,-8.0,,,2360,
2023-05-16,2327,國巨*,twse,492.00,495.00,490.00,491.00,1508024,742888267,3.0,,,1758,
2023-05-17,2327,國巨*,twse,491.00,494.00,487.00,488.50,2347708,1150677453,-2.5,,,2774,
2023-05-18,2327,國巨*,twse,493.50,501.00,491.00,500.00,2790562,1383448336,11.5,,,3079,
2023-05-19,2327,國巨*,twse,502.00,505.00,495.50,495.50,3088508,1541394775,-4.5,,,3059,
2023-05-22,2327,國巨*,twse,496.50,496.50,487.00,493.00,3856130,1889698238,-2.5,,,4127,
2023-05-23,2327,國巨*,twse,493.50,496.50,490.00,493.50,2739890,1351606419,0.5,,,2721,
2023-05-24,2327,國巨*,twse,491.00,493.50,487.00,492.50,3574591,1748376573,-1.0,,,3284,
2023-05-25,2327,國巨*,twse,493.00,507.00,488.50,507.00,5110837,2535428692,14.5,,,4402,
2023-05-26,2327,國巨*,twse,506.00,512.00,498.00,502.00,6516152,3270812901,-5.0,,,5933,
2023-05-29,2327,國巨*,twse,507.00,510.00,503.00,508.00,4412978,2232106212,6.0,,,3959,
2023-05-30,2327,國巨*,twse,508.00,508.00,493.00,496.00,6286796,3123669265,-12.0,,,6045,
2023-05-31,2327,國巨*,twse,495.00,508.00,494.50,508.00,8130543,4104341740,12.0,,,4224,
2023-06-01,2327,國巨*,twse,503.00,506.00,498.50,500.00,3229932,1617073328,-8.0,,,3330,
2023-06-02,2327,國巨*,twse,504.00,510.00,501.00,506.00,4596068,2324471140,6.0,,,4475,
2023-06-05,2327,國巨*,twse,510.00,521.00,507.00,519.00,4009710,2066991067,13.0,,,4920,
2023-06-06,2327,國巨*,twse,518.00,520.00,502.00,502.00,3990750,2032227457,-17.0,,,5102,
2023-06-07,2327,國巨*,twse,502.00,507.00,501.00,504.00,1733274,874304199,2.0,,,2148,
2023-06-08,2327,國巨*,twse,502.00,504.00,493.00,494.00,3251811,1612104893,-10.0,,,3867,
2023-06-09,2327,國巨*,twse,499.00,499.00,492.50,492.50,1947301,962077420,-1.5,,,2430,
2023-06-12,2327,國巨*,twse,499.00,499.00,488.00,488.00,2649171,1297663550,-4.5,,,4290,
2023-06-13,2327,國巨*,twse,492.50,497.00,491.00,495.00,2369106,1171794500,7.0,,,2708,
2023-06-14,2327,國巨*,twse,497.50,505.00,496.00,499.50,2763995,1385323275,4.5,,,3019,
2023-06-15,2327,國巨*,twse,502.00,514.00,502.00,510.00,3566129,1813142981,10.5,,,4036,
2023-06-16,2327,國巨*,twse,511.00,513.00,501.00,506.00,2565332,1298138950,-4.0,,,2634,
2023-06-19,2327,國巨*,twse,502.00,506.00,498.00,498.00,1751789,876339332,-8.0,,,2520,
2023-06-20,2327,國巨*,twse,502.00,503.00,495.50,496.00,1510034,751453021,-2.0,,,2190,
2023-06-21,2327,國巨*,twse,496.50,497.50,490.00,491.00,2294630,1129511997,-5.0,,,3394,
2023-06-26,2327,國巨*,twse,491.00,492.00,486.00,486.00,2513655,1224488368,-5.0,,,3469,
2023-06-27,2327,國巨*,twse,485.00,490.00,482.00,487.00,1835248,892162363,1.0,,,2348,
2023-06-28,2327,國巨*,twse,489.00,491.50,487.50,488.00,984137,481865502,1.0,,,1408,
2023-06-29,2327,國巨*,twse,492.00,496.00,489.50,495.00,1859744,919143056,7.0,,,1937,
2023-06-30,2327,國巨*,twse,496.00,496.00,491.00,491.50,865695,426155113,-3.5,,,1384,
2023-07-03,2327,國巨*,twse,496.50,503.00,495.00,499.50,2266948,1131898355,8.0,,,2606,
2023-07-04,2327,國巨*,twse,499.50,501.00,495.50,497.50,2508382,1249922959,-2.0,,,2743,
2023-07-05,2327,國巨*,twse,495.00,499.50,487.00,487.50,2968842,1460691349,0.0,,,3507,
2023-07-06,2327,國巨*,twse,485.50,491.50,484.50,489.00,1427142,698639220,1.5,,,1762,
2023-07-07,2327,國巨*,twse,487.50,497.50,484.50,491.50,2305867,1131917375,2.5,,,2655,
2023-07-10,2327,國巨*,twse,489.00,492.00,485.00,485.00,1426201,695840805,-6.5,,,2361,
2023-07-11,2327,國巨*,twse,489.50,498.50,488.50,496.50,1936138,959613447,11.5,,,2210,
2023-07-12,2327,國巨*,twse,494.00,498.00,492.00,497.00,881981,436955660,0.5,,,1297,
2023-07-13,2327,國巨*,twse,499.50,503.00,490.00,491.00,2727257,1353753458,-6.0,,,5559,
2023-07-14,2327,國巨*,twse,493.00,497.50,492.00,495.50,1397438,691290611,4.5,,,1477,
2023-07-17,2327,國巨*,twse,497.50,504.00,494.00,503.00,2510218,1256725251,7.5,,,2908,
2023-07-18,2327,國巨*,twse,507.00,507.00,488.50,489.00,3673356,1810680347,-14.0,,,7746,
2023-07-19,2327,國巨*,twse,491.00,492.50,485.00,486.00,2159105,1052514954,-3.0,,,3293,
2023-07-20,2327,國巨*,twse,486.00,490.00,484.50,485.00,1014306,493109509,-1.0,,,1533,
2023-07-21,2327,國巨*,twse,485.00,485.00,472.00,473.50,3083878,1463602847,-11.5,,,4544,
2023-07-24,2327,國巨*,twse,473.50,474.00,457.00,457.50,4115107,1899496515,-16.0,,,7150,
2023-07-25,2327,國巨*,twse,461.50,463.50,459.00,461.50,1468066,676994061,4.0,,,2265,
2023-07-26,2327,國巨*,twse,461.50,463.00,449.00,449.50,3803934,1717269246,-12.0,,,5854,
2023-07-27,2327,國巨*,twse,451.50,459.00,450.00,456.00,1562081,710933456,6.5,,,2196,
2023-07-28,2327,國巨*,twse,465.00,472.00,457.00,471.50,3439012,1608915977,15.5,,,3967,
2023-07-31,2327,國巨*,twse,473.50,474.50,459.50,459.50,2422652,1125818363,-12.0,,,4311,
2023-08-01,2327,國巨*,twse,461.50,464.00,458.50,461.50,2588445,1193480293,2.0,,,1813,
2023-08-02,2327,國巨*,twse,460.00,468.50,459.50,463.00,2606266,1207481654,1.5,,,2704,
2023-08-04,2327,國巨*,twse,465.00,465.50,459.50,464.00,1628205,753504681,1.0,,,1417,
2023-08-07,2327,國巨*,twse,465.00,468.00,463.00,468.00,1478268,689497583,4.0,,,1191,
2023-08-08,2327,國巨*,twse,470.00,470.50,463.00,463.50,888205,412797112,-4.5,,,1278,
2023-08-09,2327,國巨*,twse,464.00,471.50,463.50,465.50,1258990,586793014,2.0,,,1329,
2023-08-10,2327,國巨*,twse,465.00,469.00,465.00,467.00,1313923,613799159,1.5,,,1541,
2023-08-11,2327,國巨*,twse,467.00,472.00,467.00,470.00,1370239,644003983,3.0,,,1671,
2023-08-14,2327,國巨*,twse,470.00,470.00,456.00,457.00,1758455,808551896,-13.0,,,8561,
2023-08-15,2327,國巨*,twse,459.00,463.00,453.00,453.00,1011323,460945411,-4.0,,,2143,
2023-08-16,2327,國巨*,twse,452.00,455.00,446.50,448.50,1434158,644877243,-4.5,,,2823,
2023-08-17,2327,國巨*,twse,446.50,462.00,441.00,457.00,2324887,1052843773,8.5,,,2801,
2023-08-18,2327,國巨*,twse,455.00,463.50,454.50,461.50,1067687,491335368,4.5,,,1370,
2023-08-21,2327,國巨*,twse,461.50,462.50,454.50,456.50,700899,320734731,-5.0,,,1046,
2023-08-22,2327,國巨*,twse,459.00,468.00,459.00,466.00,1427669,664073445,9.5,,,1704,
2023-08-23,2327,國巨*,twse,464.00,472.00,464.00,470.50,1030518,484642368,4.5,,,1318,
2023-08-24,2327,國巨*,twse,474.50,474.50,470.50,471.50,1110712,524018536,1.0,,,1242,
2023-08-25,2327,國巨*,twse,468.00,472.00,467.50,470.00,833047,390804798,-1.5,,,1004,
2023-08-28,2327,國巨*,twse,472.50,480.00,472.50,478.00,1568434,748242552,8.0,,,2102,
2023-08-29,2327,國巨*,twse,480.00,480.00,474.00,479.00,1042701,497752371,1.0,,,1220,
2023-08-30,2327,國巨*,twse,479.50,486.50,479.00,482.50,1658189,800991529,3.5,,,1839,
2023-08-31,2327,國巨*,twse,483.00,488.00,481.00,485.00,2518851,1222982316,2.5,,,1875,
2023-09-01,2327,國巨*,twse,487.50,512.00,485.50,499.50,8509036,4281994180,14.5,,,9276,
2023-09-04,2327,國巨*,twse,507.00,507.00,497.00,497.50,2559976,1282470993,-2.0,,,2938,
2023-09-05,2327,國巨*,twse,498.00,508.00,498.00,508.00,2546610,1284851177,10.5,,,3083,
2023-09-06,2327,國巨*,twse,507.00,509.00,500.00,505.00,1599079,807043852,-3.0,,,1821,
2023-09-07,2327,國巨*,twse,502.00,507.00,501.00,502.00,880150,442418927,-3.0,,,1358,
2023-09-08,2327,國巨*,twse,502.00,505.00,499.50,502.00,729524,366256937,0.0,,,1076,
2023-09-11,2327,國巨*,twse,505.00,510.00,499.00,500.00,1774867,896138223,-2.0,,,2393,
2023-09-12,2327,國巨*,twse,505.00,514.00,501.00,514.00,3489579,1781395907,14.0,,,4619,
2023-09-13,2327,國巨*,twse,512.00,514.00,504.00,506.00,1876467,952431659,-8.0,,,2102,
2023-09-14,2327,國巨*,twse,509.00,512.00,505.00,512.00,1120255,570103737,6.0,,,1471,
2023-09-15,2327,國巨*,twse,515.00,523.00,511.00,522.00,3299414,1710044153,10.0,,,4582,
2023-09-18,2327,國巨*,twse,515.00,532.00,511.00,525.00,2635489,1379032320,3.0,,,3595,
2023-09-19,2327,國巨*,twse,524.00,529.00,518.00,520.00,1099154,573310415,-5.0,,,1636,
2023-09-20,2327,國巨*,twse,523.00,524.00,513.00,520.00,1613922,837067308,0.0,,,2077,
2023-09-21,2327,國巨*,twse,520.00,520.00,514.00,518.00,1324852,686077168,-2.0,,,1588,
2023-09-22,2327,國巨*,twse,516.00,523.00,513.00,521.00,1113678,577617432,3.0,,,1613,
2023-09-25,2327,國巨*,twse,525.00,529.00,518.00,521.00,1563127,817916066,0.0,,,2563,
2023-09-26,2327,國巨*,twse,521.00,527.00,519.00,521.00,1797977,937687985,0.0,,,1890,
2023-09-27,2327,國巨*,twse,522.00,523.00,518.00,523.00,1220700,635634562,2.0,,,1529,
2023-09-28,2327,國巨*,twse,523.00,529.00,521.00,525.00,1776737,932716000,2.0,,,1792,
2023-10-02,2327,國巨*,twse,530.00,537.00,528.00,533.00,1430133,761055461,8.0,,,2068,
2023-10-03,2327,國巨*,twse,528.00,530.00,518.00,520.00,1849858,968118093,-13.0,,,8095,
2023-10-04,2327,國巨*,twse,515.00,523.00,509.00,521.00,1769741,914937959,1.0,,,2753,
2023-10-05,2327,國巨*,twse,525.00,530.00,523.00,530.00,1415768,746598685,9.0,,,2054,
2023-10-06,2327,國巨*,twse,530.00,531.00,524.00,525.00,1132245,595841076,-5.0,,,1339,
2023-10-11,2327,國巨*,twse,531.00,532.00,526.00,527.00,1407262,743293605,2.0,,,1551,
2023-10-12,2327,國巨*,twse,530.00,545.00,525.00,543.00,3725002,2004492232,16.0,,,5954,
2023-10-13,2327,國巨*,twse,538.00,547.00,535.00,542.00,1788185,967355814,-1.0,,,2346,
2023-10-16,2327,國巨*,twse,538.00,544.00,534.00,536.00,1083167,582985312,-6.0,,,1785,
2023-10-17,2327,國巨*,twse,543.00,556.00,543.00,547.00,3840966,2116147836,11.0,,,5678,
2023-10-18,2327,國巨*,twse,547.00,555.00,542.00,550.00,2982142,1641873950,3.0,,,4048,
2023-10-19,2327,國巨*,twse,547.00,552.00,542.00,549.00,1846045,1007497543,-1.0,,,2278,
2023-10-20,2327,國巨*,twse,545.00,545.00,528.00,530.00,2546292,1357261783,-19.0,,,20517,
2023-10-23,2327,國巨*,twse,526.00,540.00,525.00,530.00,1096642,583354302,0.0,,,1501,
2023-10-24,2327,國巨*,twse,534.00,534.00,522.00,525.00,1193133,626981453,-5.0,,,1684,
2023-10-25,2327,國巨*,twse,528.00,529.00,521.00,521.00,1071755,561300806,-4.0,,,1420,
2023-10-26,2327,國巨*,twse,516.00,516.00,507.00,510.00,2364843,1206793639,-11.0,,,7538,
2023-10-27,2327,國巨*,twse,521.00,536.00,516.00,534.00,2772714,1470286006,24.0,,,4193,
2023-10-30,2327,國巨*,twse,532.00,542.00,532.00,539.00,1411564,760552754,5.0,,,2032,
2023-10-31,2327,國巨*,twse,539.00,539.00,522.00,526.00,2072748,1096354667,-13.0,,,6590,
2023-11-01,2327,國巨*,twse,533.00,550.00,528.00,538.00,3510277,1903897118,12.0,,,4274,
2023-11-02,2327,國巨*,twse,545.00,550.00,540.00,547.00,1996987,1092526657,9.0,,,4396,
2023-11-03,2327,國巨*,twse,551.00,553.00,544.00,549.00,1320290,724267176,2.0,,,2268,
2023-11-06,2327,國巨*,twse,553.00,555.00,547.00,551.00,1489196,821148820,2.0,,,2127,
2023-11-07,2327,國巨*,twse,555.00,560.00,552.00,557.00,2023932,1125685812,6.0,,,3491,
2023-11-08,2327,國巨*,twse,559.00,559.00,548.00,549.00,1155671,636951076,-8.0,,,1726,
2023-11-09,2327,國巨*,twse,554.00,554.00,542.00,545.00,690552,376910393,-4.0,,,2025,
2023-11-10,2327,國巨*,twse,541.00,548.00,540.00,545.00,592939,322391795,0.0,,,988,
2023-11-13,2327,國巨*,twse,551.00,558.00,549.00,557.00,2138313,1188059458,12.0,,,2975,
2023-11-14,2327,國巨*,twse,560.00,560.00,545.00,546.00,1292721,709884299,-11.0,,,1941,
2023-11-15,2327,國巨*,twse,555.00,558.00,545.00,548.00,1360231,748230817,2.0,,,1723,
2023-11-16,2327,國巨*,twse,550.00,552.00,539.00,545.00,1391434,755692649,-3.0,,,2414,
2023-11-17,2327,國巨*,twse,543.00,549.00,539.00,547.00,1291458,702803835,2.0,,,1380,
2023-11-20,2327,國巨*,twse,549.00,549.00,540.00,543.00,967771,524449960,-4.0,,,1662,
2023-11-21,2327,國巨*,twse,548.00,554.00,548.00,550.00,1204542,663280627,7.0,,,1538,
2023-11-22,2327,國巨*,twse,547.00,551.00,546.00,550.00,595646,326998802,0.0,,,1260,
2023-11-23,2327,國巨*,twse,548.00,552.00,545.00,545.00,747099,408936272,-5.0,,,1078,
2023-11-24,2327,國巨*,twse,552.00,585.00,552.00,575.00,7049104,4039789882,30.0,,,9334,
2023-11-27,2327,國巨*,twse,575.00,575.00,567.00,571.00,1788892,1022544474,-4.0,,,2326,
2023-11-28,2327,國巨*,twse,573.00,595.00,571.00,594.00,6514629,3826079695,23.0,,,10663,
2023-11-29,2327,國巨*,twse,596.00,600.00,592.00,599.00,4041646,2409117775,5.0,,,6260,
2023-11-30,2327,國巨*,twse,604.00,604.00,596.00,601.00,3966923,2379631770,2.0,,,4370,
2023-12-01,2327,國巨*,twse,597.00,602.00,591.00,597.00,2064140,1232866717,-4.0,,,3462,
2023-12-04,2327,國巨*,twse,600.00,601.00,595.00,599.00,1621305,970058818,2.0,,,2065,
2023-12-05,2327,國巨*,twse,600.00,603.00,596.00,600.00,1933616,1159066466,1.0,,,2531,
2023-12-06,2327,國巨*,twse,602.00,607.00,589.00,595.00,2189696,1305846607,-5.0,,,4727,
2023-12-07,2327,國巨*,twse,594.00,601.00,591.00,595.00,1754653,1045149116,0.0,,,2519,
2023-12-08,2327,國巨*,twse,598.00,606.00,596.00,601.00,2675674,1607128741,6.0,,,3560,
2023-12-11,2327,國巨*,twse,610.00,618.00,606.00,614.00,5099697,3124338504,13.0,,,7234,
2023-12-12,2327,國巨*,twse,622.00,624.00,615.00,619.00,4223876,2621750968,5.0,,,5610,
2023-12-13,2327,國巨*,twse,622.00,623.00,600.00,605.00,3197733,1951420649,-14.0,,,12827,
2023-12-14,2327,國巨*,twse,610.00,634.00,610.00,634.00,7047151,4420745016,29.0,,,9817,
2023-12-15,2327,國巨*,twse,630.00,633.00,625.00,633.00,3441805,2171095688,-1.0,,,3832,
2023-12-18,2327,國巨*,twse,628.00,629.00,615.00,620.00,1852653,1148472704,-13.0,,,5469,
2023-12-19,2327,國巨*,twse,620.00,627.00,612.00,616.00,2027836,1250503648,-4.0,,,2555,
2023-12-20,2327,國巨*,twse,617.00,619.00,613.00,614.00,1535040,944154441,-2.0,,,2108,
2023-12-21,2327,國巨*,twse,607.00,614.00,603.00,607.00,1545897,939430497,-7.0,,,2626,
2023-12-22,2327,國巨*,twse,607.00,612.00,591.00,596.00,2903545,1732851348,-11.0,,,4562,
2023-12-25,2327,國巨*,twse,596.00,598.00,590.00,594.00,1623587,962718325,-2.0,,,2747,
2023-12-26,2327,國巨*,twse,595.00,602.00,593.00,600.00,877599,525755551,6.0,,,1455,
2023-12-27,2327,國巨*,twse,602.00,606.00,600.00,601.00,765089,460761448,1.0,,,1370,
2023-12-28,2327,國巨*,twse,602.00,605.00,592.00,597.00,1593485,950338656,-4.0,,,2983,
2023-12-29,2327,國巨*,twse,600.00,600.00,592.00,597.00,940089,559519325,0.0,,,1338,
2024-01-02,2327,國巨*,twse,601.00,605.00,587.00,587.00,2194894,1297985654,-10.0,,,2733,
2024-01-03,2327,國巨*,twse,581.00,585.00,575.00,578.00,2127926,1231277176,-9.0,,,3438,
2024-01-04,2327,國巨*,twse,588.00,590.00,575.00,577.00,1294914,751747167,-1.0,,,1892,
2024-01-05,2327,國巨*,twse,580.00,580.00,572.00,572.00,1193617,686531187,-5.0,,,1963,
2024-01-08,2327,國巨*,twse,576.00,581.00,570.00,572.00,1157640,664012078,0.0,,,1636,
2024-01-09,2327,國巨*,twse,575.00,575.00,563.00,565.00,1715759,975605719,-7.0,,,3482,
2024-01-10,2327,國巨*,twse,561.00,561.00,553.00,555.00,2159066,1200474248,-10.0,,,3203,
2024-01-11,2327,國巨*,twse,555.00,560.00,550.00,554.00,1802045,997809785,-1.0,,,2320,
2024-01-12,2327,國巨*,twse,554.00,562.00,554.00,560.00,1123887,628517248,6.0,,,1608,
2024-01-15,2327,國巨*,twse,567.00,578.00,562.00,576.00,2748154,1574479722,16.0,,,2876,
2024-01-16,2327,國巨*,twse,572.00,574.00,563.00,564.00,1977600,1120515929,-12.0,,,2532,
2024-01-17,2327,國巨*,twse,575.00,589.00,557.00,559.00,5499090,3143170668,-5.0,,,5388,
2024-01-18,2327,國巨*,twse,560.00,567.00,557.00,557.00,1499053,841079479,-2.0,,,1761,
2024-01-19,2327,國巨*,twse,560.00,565.00,553.00,564.00,2021107,1131413786,7.0,,,2448,
2024-01-22,2327,國巨*,twse,564.00,564.00,552.00,556.00,2157964,1201586837,-8.0,,,2838,
2024-01-23,2327,國巨*,twse,558.00,563.00,556.00,560.00,1237921,692767542,4.0,,,1417,
2024-01-24,2327,國巨*,twse,560.00,561.00,553.00,553.00,1136443,631628935,-7.0,,,2184,
2024-01-25,2327,國巨*,twse,557.00,559.00,554.00,556.00,807796,449446827,3.0,,,1193,
2024-01-26,2327,國巨*,twse,556.00,559.00,551.00,552.00,652487,361222108,-4.0,,,1664,
2024-01-29,2327,國巨*,twse,553.00,560.00,552.00,558.00,1127136,628265156,6.0,,,1186,
2024-01-30,2327,國巨*,twse,559.00,560.00,549.00,550.00,1790368,988479315,-8.0,,,2407,
2024-01-31,2327,國巨*,twse,550.00,553.00,544.00,552.00,1301292,715202051,2.0,,,1896,
2024-02-01,2327,國巨*,twse,554.00,556.00,548.00,552.00,1962160,1083079926,0.0,,,1839,
2024-02-02,2327,國巨*,twse,553.00,558.00,553.00,555.00,1228816,682422481,3.0,,,1162,
2024-02-05,2327,國巨*,twse,553.00,553.00,545.00,550.00,1512756,831327594,-5.0,,,2307,
2024-02-15,2327,國巨*,twse,560.00,564.00,545.00,551.00,2399039,1324364277,1.0,,,3008,
2024-02-16,2327,國巨*,twse,550.00,551.00,538.00,543.00,2943838,1596159004,-8.0,,,4527,
2024-02-19,2327,國巨*,twse,546.00,551.00,540.00,551.00,1524210,831582947,8.0,,,2390,
2024-02-20,2327,國巨*,twse,551.00,555.00,549.00,554.00,979412,541314221,3.0,,,1518,
2024-02-21,2327,國巨*,twse,556.00,558.00,554.00,556.00,1691436,939646711,2.0,,,2218,
2024-02-22,2327,國巨*,twse,559.00,559.00,552.00,552.00,1335451,740703488,-4.0,,,2334,
2024-02-23,2327,國巨*,twse,554.00,554.00,541.00,541.00,2361513,1289824136,-11.0,,,3971,
2024-02-26,2327,國巨*,twse,541.00,549.00,541.00,547.00,902112,491855408,6.0,,,1520,
2024-02-27,2327,國巨*,twse,545.00,548.00,538.00,539.00,1502676,813275797,-8.0,,,2360,
2024-02-29,2327,國巨*,twse,548.00,558.00,547.00,558.00,3761252,2084675927,19.0,,,4316,
2024-03-01,2327,國巨*,twse,569.00,575.00,561.00,563.00,12379196,6962954522,5.0,,,7172,
2024-03-04,2327,國巨*,twse,565.00,566.00,555.00,556.00,2929490,1634983081,-7.0,,,4491,
2024-03-05,2327,國巨*,twse,557.00,558.00,547.00,549.00,2691031,1482042903,-7.0,,,4080,
2024-03-06,2327,國巨*,twse,549.00,559.00,549.00,556.00,2049167,1137064978,7.0,,,2359,
2024-03-07,2327,國巨*,twse,557.00,561.00,553.00,556.00,1678688,934915558,0.0,,,2498,
2024-03-08,2327,國巨*,twse,559.00,571.00,556.00,565.00,4792108,2707503170,9.0,,,5809,
2024-03-11,2327,國巨*,twse,566.00,567.00,561.00,566.00,1314069,742191882,1.0,,,2347,
2024-03-12,2327,國巨*,twse,567.00,580.00,566.00,578.00,3043388,1747821563,12.0,,,4319,
2024-03-13,2327,國巨*,twse,585.00,588.00,578.00,583.00,3524661,2054343378,5.0,,,4520,
2024-03-14,2327,國巨*,twse,584.00,590.00,574.00,584.00,2707912,1578899390,1.0,,,3637,
2024-03-15,2327,國巨*,twse,581.00,583.00,576.00,583.00,2265259,1316338923,-1.0,,,2475,
2024-03-18,2327,國巨*,twse,586.00,589.00,583.00,586.00,1634011,957196001,3.0,,,2431,
2024-03-19,2327,國巨*,twse,583.00,583.00,575.00,578.00,1834747,1062392662,-8.0,,,2702,
2024-03-20,2327,國巨*,twse,581.00,584.00,576.00,579.00,1883342,1092308431,1.0,,,2454,
2024-03-21,2327,國巨*,twse,583.00,588.00,571.00,585.00,4381361,2541178680,6.0,,,4734,
2024-03-22,2327,國巨*,twse,580.00,588.00,575.00,588.00,2540178,1478350217,3.0,,,4275,
2024-03-25,2327,國巨*,twse,590.00,598.00,580.00,582.00,3089856,1813963190,-6.0,,,3692,
2024-03-26,2327,國巨*,twse,585.00,588.00,571.00,577.00,6380737,3677602885,-5.0,,,3297,
2024-03-27,2327,國巨*,twse,578.00,581.00,573.00,581.00,1187059,684964195,4.0,,,2224,
2024-03-28,2327,國巨*,twse,583.00,595.00,582.00,594.00,3563864,2105207337,13.0,,,5598,
2024-03-29,2327,國巨*,twse,598.00,600.00,591.00,591.00,1912336,1136632140,-3.0,,,3183,
2024-04-01,2327,國巨*,twse,597.00,628.00,594.00,622.00,8397053,5172953470,31.0,,,13421,
2024-04-02,2327,國巨*,twse,619.00,622.00,612.00,616.00,2935020,1808327050,-6.0,,,6496,
2024-04-03,2327,國巨*,twse,614.00,625.00,613.00,614.00,2691618,1661238735,-2.0,,,4470,
2024-04-08,2327,國巨*,twse,630.00,631.00,615.00,617.00,3151737,1957264172,3.0,,,6605,
2024-04-09,2327,國巨*,twse,620.00,625.00,614.00,615.00,2409146,1488139135,-2.0,,,3900,
2024-04-10,2327,國巨*,twse,616.00,627.00,615.00,621.00,2241708,1393729540,6.0,,,3332,
2024-04-11,2327,國巨*,twse,618.00,618.00,608.00,609.00,2949741,1805596310,-12.0,,,5316,
2024-04-12,2327,國巨*,twse,612.00,623.00,610.00,618.00,2978385,1842437105,9.0,,,3373,
2024-04-15,2327,國巨*,twse,614.00,614.00,601.00,602.00,3378117,2043468643,-16.0,,,5020,
2024-04-16,2327,國巨*,twse,594.00,597.00,579.00,585.00,3386279,1985049682,-17.0,,,5950,
2024-04-17,2327,國巨*,twse,594.00,595.00,589.00,593.00,1772808,1048900365,8.0,,,2465,
2024-04-18,2327,國巨*,twse,589.00,593.00,586.00,593.00,2157532,1272991096,0.0,,,2780,
2024-04-19,2327,國巨*,twse,590.00,601.00,578.00,588.00,3862601,2277892898,-5.0,,,5187,
2024-04-22,2327,國巨*,twse,593.00,611.00,593.00,599.00,5070436,3054800853,11.0,,,6070,
2024-04-23,2327,國巨*,twse,608.00,614.00,599.00,607.00,2700702,1636430012,8.0,,,4149,
2024-04-24,2327,國巨*,twse,613.00,625.00,612.00,624.00,3571990,2211127643,17.0,,,6094,
2024-04-25,2327,國巨*,twse,620.00,623.00,613.00,615.00,1907546,1176103469,-9.0,,,3149,
2024-04-26,2327,國巨*,twse,618.00,620.00,612.00,615.00,1717493,1058688975,0.0,,,3058,
2024-04-29,2327,國巨*,twse,619.00,631.00,619.00,631.00,4511070,2835177630,16.0,,,6617,
2024-04-30,2327,國巨*,twse,630.00,638.00,625.00,625.00,2226534,1402727907,-6.0,,,3803,
2024-05-02,2327,國巨*,twse,623.00,630.00,620.00,625.00,1396051,872274385,0.0,,,2211,
2024-05-03,2327,國巨*,twse,637.00,685.00,635.00,655.00,11754349,7785707360,30.0,,,22283,
2024-05-06,2327,國巨*,twse,671.00,671.00,651.00,659.00,3605814,2374746824,4.0,,,11475,
2024-05-07,2327,國巨*,twse,664.00,664.00,643.00,658.00,3592924,2342920770,-1.0,,,10961,
2024-05-08,2327,國巨*,twse,664.00,671.00,656.00,662.00,2951662,1954272013,4.0,,,4984,
2024-05-09,2327,國巨*,twse,662.00,667.00,647.00,648.00,3320272,2166854815,-14.0,,,9791,
2024-05-10,2327,國巨*,twse,649.00,652.00,635.00,635.00,4813264,3068447442,-13.0,,,6582,
2024-05-13,2327,國巨*,twse,638.00,642.00,632.00,636.00,1386709,883863307,1.0,,,2559,
2024-05-14,2327,國巨*,twse,635.00,640.00,628.00,634.00,1777006,1126164351,-2.0,,,4937,
2024-05-15,2327,國巨*,twse,636.00,640.00,628.00,630.00,1839240,1165371317,-4.0,,,3128,
2024-05-16,2327,國巨*,twse,636.00,647.00,636.00,645.00,2508255,1612510632,15.0,,,4976,
2024-05-17,2327,國巨*,twse,648.00,649.00,637.00,640.00,1533126,984835619,-5.0,,,2433,
2024-05-20,2327,國巨*,twse,640.00,642.00,631.00,634.00,1691174,1074637569,-6.0,,,2976,
2024-05-21,2327,國巨*,twse,632.00,632.00,625.00,630.00,1812212,1139673838,-4.0,,,3727,
2024-05-22,2327,國巨*,twse,635.00,641.00,632.00,636.00,1687739,1073842693,6.0,,,2837,
2024-05-23,2327,國巨*,twse,633.00,644.00,633.00,638.00,1710697,1093008768,2.0,,,2321,
2024-05-24,2327,國巨*,twse,635.00,655.00,633.00,651.00,2622497,1700228687,13.0,,,4352,
2024-05-27,2327,國巨*,twse,659.00,677.00,651.00,667.00,4136440,2756922194,16.0,,,9102,
2024-05-28,2327,國巨*,twse,669.00,675.00,665.00,669.00,2217617,1485448032,2.0,,,3596,
2024-05-29,2327,國巨*,twse,672.00,674.00,665.00,668.00,1801857,1206102776,-1.0,,,2840,
2024-05-30,2327,國巨*,twse,659.00,662.00,653.00,657.00,2161975,1419604607,-11.0,,,6607,
2024-05-31,2327,國巨*,twse,660.00,689.00,660.00,662.00,6284323,4221378077,5.0,,,9132,
2024-06-03,2327,國巨*,twse,674.00,682.00,666.00,677.00,2344048,1583287154,15.0,,,3875,
2024-06-04,2327,國巨*,twse,677.00,678.00,668.00,671.00,2019262,1359502806,-6.0,,,3118,
2024-06-05,2327,國巨*,twse,677.00,682.00,668.00,671.00,2652770,1790444200,0.0,,,3270,
2024-06-06,2327,國巨*,twse,677.00,680.00,670.00,674.00,2026868,1365265563,3.0,,,2773,
2024-06-07,2327,國巨*,twse,684.00,693.00,678.00,678.00,3666826,2512026839,4.0,,,4808,
2024-06-11,2327,國巨*,twse,676.00,676.00,666.00,666.00,1973925,1322442961,-12.0,,,5006,
2024-06-12,2327,國巨*,twse,668.00,672.00,659.00,668.00,1842550,1226918727,2.0,,,4740,
2024-06-13,2327,國巨*,twse,670.00,681.00,670.00,678.00,1928805,1304703549,10.0,,,3416,
2024-06-14,2327,國巨*,twse,682.00,700.00,681.00,696.00,4241339,2938370869,18.0,,,6118,
2024-06-17,2327,國巨*,twse,696.00,707.00,692.00,705.00,2335505,1637233169,9.0,,,4646,
2024-06-18,2327,國巨*,twse,705.00,717.00,704.00,712.00,2804146,1995563988,7.0,,,5774,
2024-06-19,2327,國巨*,twse,713.00,720.00,708.00,717.00,3182033,2276663806,5.0,,,5415,
2024-06-20,2327,國巨*,twse,715.00,719.00,712.00,715.00,1594192,1139418666,-2.0,,,3803,
2024-06-21,2327,國巨*,twse,715.00,760.00,713.00,759.00,8322806,6213097467,44.0,,,12793,
2024-06-24,2327,國巨*,twse,761.00,772.00,759.00,759.00,5358039,4102271472,0.0,,,15418,
2024-06-25,2327,國巨*,twse,767.00,772.00,751.00,756.00,4716558,3576250184,-3.0,,,7405,
2024-06-26,2327,國巨*,twse,758.00,768.00,754.00,763.00,4597118,3489509810,7.0,,,6529,
2024-06-27,2327,國巨*,twse,743.00,747.00,731.00,742.00,4451795,3289725613,0.0,,,6927,
2024-06-28,2327,國巨*,twse,740.00,744.00,730.00,730.00,2120818,1560357890,-12.0,,,4809,
2024-07-01,2327,國巨*,twse,730.00,732.00,721.00,724.00,3107438,2254630291,-6.0,,,5193,
2024-07-02,2327,國巨*,twse,721.00,726.00,711.00,717.00,2573348,1847037011,-7.0,,,5824,
2024-07-03,2327,國巨*,twse,731.00,745.00,726.00,731.00,3391977,2490582533,14.0,,,4392,
2024-07-04,2327,國巨*,twse,739.00,755.00,736.00,753.00,3018234,2251754858,22.0,,,5373,
2024-07-05,2327,國巨*,twse,763.00,764.00,751.00,754.00,2048786,1547338926,1.0,,,3473,
2024-07-08,2327,國巨*,twse,755.00,757.00,745.00,755.00,1560362,1173347636,1.0,,,2812,
2024-07-09,2327,國巨*,twse,755.00,762.00,739.00,745.00,2765562,2070007800,-10.0,,,8127,
2024-07-10,2327,國巨*,twse,749.00,765.00,746.00,764.00,2383355,1803681645,19.0,,,4005,
2024-07-11,2327,國巨*,twse,770.00,811.00,767.00,797.00,6364420,5022457731,33.0,,,10550,
2024-07-12,2327,國巨*,twse,790.00,793.00,768.00,770.00,3801993,2955553780,-27.0,,,11877,
2024-07-15,2327,國巨*,twse,774.00,776.00,758.00,772.00,2328702,1771274976,2.0,,,4170,
2024-07-16,2327,國巨*,twse,790.00,818.00,789.00,804.00,7175669,5789003144,32.0,,,10973,
2024-07-17,2327,國巨*,twse,800.00,810.00,793.00,798.00,2748794,2203351114,-6.0,,,6534,
2024-07-18,2327,國巨*,twse,787.00,804.00,781.00,795.00,2620000,2074298186,-3.0,,,5069,
2024-07-19,2327,國巨*,twse,794.00,798.00,763.00,766.00,3860895,2986753311,-29.0,,,8471,
2024-07-22,2327,國巨*,twse,762.00,769.00,742.00,742.00,3551277,2665758397,-24.0,,,6451,
2024-07-23,2327,國巨*,twse,754.00,756.00,743.00,755.00,2452419,1840312663,13.0,,,3388,
2024-07-26,2327,國巨*,twse,705.00,734.00,705.00,727.00,4321991,3124123579,-28.0,,,7350,
2024-07-29,2327,國巨*,twse,735.00,743.00,711.00,720.00,2781185,2002721185,-7.0,,,5038,
2024-07-30,2327,國巨*,twse,712.00,730.00,706.00,730.00,1725476,1241329193,10.0,,,2584,
2024-07-31,2327,國巨*,twse,743.00,798.00,741.00,792.00,7587313,5908048485,62.0,,,9957,
2024-08-01,2327,國巨*,twse,794.00,798.00,780.00,786.00,3545586,2794781632,-6.0,,,5105,
2024-08-02,2327,國巨*,twse,763.00,780.00,741.00,743.00,3974811,3016981925,-43.0,,,11142,
2024-08-05,2327,國巨*,twse,709.00,712.00,669.00,669.00,4245387,2887479782,-74.0,,,9176,
2024-08-06,2327,國巨*,twse,692.00,698.00,632.00,677.00,5034357,3369451552,8.0,,,6781,
2024-08-07,2327,國巨*,twse,674.00,705.00,674.00,702.00,3038339,2112034215,25.0,,,4402,
2024-08-08,2327,國巨*,twse,691.00,715.00,684.00,701.00,2505859,1757974775,-1.0,,,4029,
2024-08-09,2327,國巨*,twse,735.00,749.00,726.00,727.00,3297585,2437635248,26.0,,,4947,
2024-08-12,2327,國巨*,twse,733.00,745.00,731.00,733.00,1458058,1073225364,6.0,,,2721,
2024-08-13,2327,國巨*,twse,745.00,745.00,731.00,738.00,1844614,1358987520,5.0,,,2754,
2024-08-14,2327,國巨*,twse,745.00,760.00,743.00,745.00,2582719,1934201602,7.0,,,4915,
2024-08-15,2327,國巨*,twse,637.00,638.00,622.00,622.00,4774441,3000914607,0.0,,,11932,
2024-08-16,2327,國巨*,twse,631.00,641.00,628.00,631.00,3043239,1927344225,9.0,,,5561,
2024-08-19,2327,國巨*,twse,632.00,638.00,628.00,633.00,1742777,1104784515,2.0,,,3357,
2024-08-20,2327,國巨*,twse,634.00,648.00,631.00,646.00,2069670,1326604080,13.0,,,3476,
2024-08-21,2327,國巨*,twse,642.00,648.00,633.00,635.00,2812241,1798161056,-11.0,,,5448,
2024-08-22,2327,國巨*,twse,638.00,644.00,633.00,641.00,2080505,1331334259,6.0,,,2935,
2024-08-23,2327,國巨*,twse,637.00,649.00,633.00,648.00,2178452,1397883896,7.0,,,3356,
2024-08-26,2327,國巨*,twse,657.00,670.00,651.00,655.00,2371401,1560262343,7.0,,,4114,
2024-08-27,2327,國巨*,twse,651.00,655.00,647.00,653.00,1773995,1155319687,-2.0,,,4843,
2024-08-28,2327,國巨*,twse,654.00,655.00,644.00,654.00,2045899,1329306750,1.0,,,3282,
2024-08-29,2327,國巨*,twse,647.00,660.00,644.00,657.00,1694169,1105910037,3.0,,,2733,
2024-08-30,2327,國巨*,twse,660.00,664.00,656.00,657.00,2209076,1454904775,0.0,,,2663,
2024-09-02,2327,國巨*,twse,660.00,662.00,654.00,655.00,1056909,694728979,-2.0,,,1865,
2024-09-03,2327,國巨*,twse,655.00,656.00,641.00,642.00,1691300,1094000455,-13.0,,,3421,
2024-09-04,2327,國巨*,twse,610.00,619.00,594.00,608.00,3950685,2407767088,-34.0,,,8124,
2024-09-05,2327,國巨*,twse,618.00,619.00,601.00,606.00,1729703,1054548922,-2.0,,,4252,
2024-09-06,2327,國巨*,twse,608.00,613.00,602.00,607.00,1741942,1055944950,1.0,,,2890,
2024-09-09,2327,國巨*,twse,618.00,618.00,588.00,593.00,3192492,1902031861,-14.0,,,5585,
2024-09-10,2327,國巨*,twse,598.00,599.00,572.00,577.00,2396202,1400168930,-16.0,,,5432,
2024-09-11,2327,國巨*,twse,576.00,579.00,569.00,573.00,2450563,1403340210,-4.0,,,3445,
2024-09-12,2327,國巨*,twse,600.00,610.00,597.00,603.00,3418261,2064240688,30.0,,,4405,
2024-09-13,2327,國巨*,twse,615.00,616.00,602.00,606.00,1872872,1135933350,3.0,,,6442,
2024-09-16,2327,國巨*,twse,605.00,616.00,603.00,615.00,1512736,925660535,9.0,,,2533,
2024-09-18,2327,國巨*,twse,612.00,613.00,598.00,604.00,1907582,1156294434,-11.0,,,4989,
2024-09-19,2327,國巨*,twse,606.00,612.00,593.00,609.00,2512488,1516235705,5.0,,,4821,
2024-09-20,2327,國巨*,twse,613.00,617.00,602.00,604.00,2566554,1557297650,-5.0,,,3975,
2024-09-23,2327,國巨*,twse,606.00,614.00,606.00,613.00,1558892,952868828,9.0,,,2620,
2024-09-24,2327,國巨*,twse,613.00,623.00,609.00,623.00,1998104,1229862002,10.0,,,3243,
2024-09-25,2327,國巨*,twse,635.00,646.00,632.00,645.00,4913107,3146008594,22.0,,,6938,
2024-09-26,2327,國巨*,twse,660.00,662.00,648.00,652.00,4258029,2786873446,7.0,,,6677,
2024-09-27,2327,國巨*,twse,655.00,655.00,632.00,635.00,4968071,3180439456,-17.0,,,19792,
2024-09-30,2327,國巨*,twse,629.00,633.00,622.00,623.00,2342237,1465427217,-12.0,,,4821,
2024-10-01,2327,國巨*,twse,623.00,629.00,616.00,620.00,1658092,1028729225,-3.0,,,3235,
2024-10-04,2327,國巨*,twse,619.00,627.00,605.00,607.00,2721948,1663633438,-13.0,,,5542,
2024-10-07,2327,國巨*,twse,612.00,624.00,612.00,624.00,1741959,1078394398,17.0,,,2962,
2024-10-08,2327,國巨*,twse,620.00,620.00,607.00,613.00,2186338,1340305293,-11.0,,,6198,
2024-10-09,2327,國巨*,twse,618.00,623.00,611.00,611.00,1709933,1052639091,-2.0,,,2711,
2024-10-11,2327,國巨*,twse,609.00,614.00,601.00,604.00,3507493,2125312469,-7.0,,,6375,
2024-10-14,2327,國巨*,twse,606.00,620.00,605.00,618.00,1925596,1181610537,14.0,,,2914,
2024-10-15,2327,國巨*,twse,624.00,628.00,618.00,625.00,2194228,1370519425,7.0,,,3947,
2024-10-16,2327,國巨*,twse,617.00,625.00,607.00,621.00,2507851,1549739408,-4.0,,,2969,
2024-10-17,2327,國巨*,twse,618.00,623.00,613.00,619.00,2109533,1304456525,-2.0,,,2778,
2024-10-18,2327,國巨*,twse,624.00,627.00,619.00,624.00,2299320,1434506635,5.0,,,3052,
2024-10-21,2327,國巨*,twse,630.00,632.00,623.00,628.00,1628457,1020450559,4.0,,,2415,
2024-10-22,2327,國巨*,twse,626.00,626.00,618.00,620.00,3281648,2040544064,-8.0,,,3627,
2024-10-23,2327,國巨*,twse,615.00,617.00,609.00,614.00,2723377,1667276346,-6.0,,,5156,
2024-10-24,2327,國巨*,twse,610.00,616.00,608.00,610.00,1716538,1049228442,-4.0,,,2705,
2024-10-25,2327,國巨*,twse,609.00,615.00,609.00,615.00,829947,508440896,5.0,,,1617,
2024-10-28,2327,國巨*,twse,615.00,617.00,606.00,613.00,1708286,1040489286,-2.0,,,3027,
2024-10-29,2327,國巨*,twse,608.00,612.00,585.00,591.00,4251756,2519028023,-22.0,,,11425,
2024-10-30,2327,國巨*,twse,577.00,580.00,557.00,558.00,9889103,5578712672,-33.0,,,20129,
2024-11-01,2327,國巨*,twse,531.00,548.00,527.00,545.00,4352043,2346102392,-13.0,,,7964,
2024-11-04,2327,國巨*,twse,546.00,550.00,541.00,543.00,1744622,950729186,-2.0,,,3577,
2024-11-05,2327,國巨*,twse,539.00,545.00,537.00,538.00,2274197,1228172820,-5.0,,,4952,
2024-11-06,2327,國巨*,twse,538.00,543.00,531.00,534.00,3588836,1919093668,-4.0,,,6091,
2024-11-07,2327,國巨*,twse,536.00,555.00,535.00,551.00,3054423,1676033295,17.0,,,4625,
2024-11-08,2327,國巨*,twse,561.00,563.00,548.00,548.00,3527838,1959768642,-3.0,,,5287,
2024-11-11,2327,國巨*,twse,545.00,558.00,541.00,557.00,1478581,815820316,9.0,,,2532,
2024-11-12,2327,國巨*,twse,547.00,558.00,545.00,545.00,2643975,1452180618,-12.0,,,4216,
2024-11-13,2327,國巨*,twse,548.00,556.00,547.00,551.00,1880195,1037077746,6.0,,,2421,
2024-11-14,2327,國巨*,twse,552.00,555.00,534.00,534.00,3067921,1657767921,-17.0,,,5276,
2024-11-15,2327,國巨*,twse,534.00,542.00,532.00,533.00,2406923,1287425923,-1.0,,,4007,
2024-11-18,2327,國巨*,twse,532.00,535.00,527.00,530.00,1888874,1002419202,-3.0,,,3398,
2024-11-19,2327,國巨*,twse,532.00,538.00,528.00,535.00,1757268,938278200,5.0,,,2366,
2024-11-20,2327,國巨*,twse,535.00,538.00,526.00,526.00,2761399,1462741239,-9.0,,,5556,
2024-11-21,2327,國巨*,twse,526.00,535.00,521.00,534.00,1754482,931999142,8.0,,,2574,
2024-11-22,2327,國巨*,twse,536.00,541.00,535.00,537.00,1643541,885075381,3.0,,,2166,
2024-11-25,2327,國巨*,twse,542.00,545.00,539.00,539.00,1979648,1070112043,2.0,,,2027,
2024-11-26,2327,國巨*,twse,539.00,547.00,535.00,535.00,1560546,842421386,-4.0,,,2424,
2024-11-27,2327,國巨*,twse,534.00,537.00,521.00,521.00,2795669,1473188294,-14.0,,,5554,
2024-11-28,2327,國巨*,twse,521.00,521.00,502.00,508.00,5278575,2688559348,-13.0,,,8794,
2024-11-29,2327,國巨*,twse,504.00,519.00,504.00,514.00,2359873,1213978395,6.0,,,3014,
2024-12-02,2327,國巨*,twse,523.00,529.00,520.00,520.00,2356719,1234375047,6.0,,,3628,
2024-12-03,2327,國巨*,twse,532.00,539.00,525.00,525.00,4483457,2376995647,5.0,,,5543,
2024-12-04,2327,國巨*,twse,530.00,553.00,527.00,545.00,5138985,2787437150,20.0,,,7289,
2024-12-05,2327,國巨*,twse,555.00,555.00,538.00,542.00,4936540,2692690005,-3.0,,,6685,
2024-12-06,2327,國巨*,twse,541.00,546.00,535.00,536.00,1748474,943447875,-6.0,,,4035,
2024-12-09,2327,國巨*,twse,537.00,541.00,534.00,535.00,2087441,1121970935,-1.0,,,3197,
2024-12-10,2327,國巨*,twse,540.00,546.00,536.00,538.00,2117309,1143782898,3.0,,,2969,
2024-12-11,2327,國巨*,twse,531.00,535.00,526.00,528.00,2380822,1262773058,-10.0,,,4558,
2024-12-12,2327,國巨*,twse,535.00,535.00,525.00,526.00,1632776,863777653,-2.0,,,3091,
2024-12-13,2327,國巨*,twse,523.00,523.00,513.00,515.00,2575791,1333044888,-11.0,,,6343,
2024-12-16,2327,國巨*,twse,519.00,523.00,515.00,520.00,1707341,886986465,5.0,,,2731,
2024-12-17,2327,國巨*,twse,520.00,533.00,519.00,527.00,1919801,1014188029,7.0,,,2696,
2024-12-18,2327,國巨*,twse,527.00,535.00,526.00,535.00,1632905,869369710,8.0,,,2565,
2024-12-19,2327,國巨*,twse,525.00,530.00,524.00,526.00,1846509,972659308,-9.0,,,2639,
2024-12-20,2327,國巨*,twse,526.00,532.00,525.00,525.00,1428582,753119566,-1.0,,,1899,
2024-12-23,2327,國巨*,twse,533.00,537.00,531.00,534.00,1322926,706709402,9.0,,,1947,
2024-12-24,2327,國巨*,twse,537.00,538.00,529.00,529.00,1068019,568633978,-5.0,,,2234,
2024-12-25,2327,國巨*,twse,532.00,535.00,530.00,533.00,775446,413386440,4.0,,,1426,
2024-12-26,2327,國巨*,twse,536.00,547.00,536.00,543.00,3163882,1715120591,10.0,,,4801,
2024-12-27,2327,國巨*,twse,541.00,543.00,538.00,539.00,1095130,591671801,-4.0,,,2046,
2024-12-30,2327,國巨*,twse,539.00,542.00,536.00,536.00,1083093,583117745,-3.0,,,1960,
2024-12-31,2327,國巨*,twse,536.00,542.00,532.00,541.00,1435476,771439242,5.0,,,2141,
2025-01-02,2327,國巨*,twse,538.00,545.00,536.00,538.00,1746133,943183892,-3.0,,,2642,
2025-01-03,2327,國巨*,twse,543.00,553.00,541.00,547.00,4991866,2734830206,9.0,,,5892,
2025-01-06,2327,國巨*,twse,552.00,569.00,547.00,569.00,5468546,3062107035,22.0,,,8251,
2025-01-07,2327,國巨*,twse,573.00,574.00,563.00,563.00,4269240,2422214366,-6.0,,,5548,
2025-01-08,2327,國巨*,twse,562.00,576.00,561.00,564.00,4475900,2536522791,1.0,,,5943,
2025-01-09,2327,國巨*,twse,561.00,561.00,542.00,542.00,3357754,1849408871,-22.0,,,6747,
2025-01-10,2327,國巨*,twse,542.00,547.00,534.00,536.00,1843663,993733546,-6.0,,,3494,
2025-01-13,2327,國巨*,twse,532.00,532.00,514.00,516.00,2902536,1507850203,-20.0,,,6159,
2025-01-14,2327,國巨*,twse,514.00,526.00,514.00,524.00,1064861,555170171,8.0,,,2062,
2025-01-15,2327,國巨*,twse,527.00,531.00,520.00,523.00,1710396,899100717,-1.0,,,2232,
2025-01-16,2327,國巨*,twse,530.00,533.00,524.00,525.00,2207035,1164680492,2.0,,,2807,
2025-01-17,2327,國巨*,twse,530.00,530.00,519.00,521.00,1293223,675354967,-4.0,,,2550,
2025-01-20,2327,國巨*,twse,522.00,527.00,519.00,527.00,654115,342985067,6.0,,,1510,
2025-01-21,2327,國巨*,twse,526.00,533.00,525.00,529.00,1087069,576458789,2.0,,,1784,
2025-01-22,2327,國巨*,twse,531.00,537.00,528.00,537.00,1417301,756277895,8.0,,,2330,
2025-02-03,2327,國巨*,twse,529.00,529.00,513.00,519.00,2978083,1544736010,-18.0,,,5406,
2025-02-04,2327,國巨*,twse,526.00,548.00,526.00,534.00,3316001,1769930292,15.0,,,4124,
2025-02-05,2327,國巨*,twse,541.00,576.00,541.00,569.00,9157452,5155738217,35.0,,,12411,
2025-02-06,2327,國巨*,twse,578.00,591.00,569.00,571.00,8821955,5107451200,2.0,,,17975,
2025-02-07,2327,國巨*,twse,572.00,574.00,566.00,571.00,3103063,1766604379,0.0,,,9758,
2025-02-10,2327,國巨*,twse,569.00,582.00,568.00,575.00,3288121,1893342562,4.0,,,5549,
2025-02-11,2327,國巨*,twse,578.00,580.00,573.00,575.00,1994458,1149743845,0.0,,,3494,
2025-02-12,2327,國巨*,twse,580.00,581.00,572.00,578.00,2460823,1419864190,3.0,,,3428,
2025-02-13,2327,國巨*,twse,582.00,595.00,580.00,593.00,6280917,3697698351,15.0,,,9122,
2025-02-14,2327,國巨*,twse,595.00,604.00,587.00,588.00,5170905,3070326217,-5.0,,,8581,
2025-02-17,2327,國巨*,twse,588.00,590.00,583.00,586.00,2562113,1501394258,-2.0,,,4444,
2025-02-18,2327,國巨*,twse,585.00,593.00,583.00,593.00,1942756,1144857881,7.0,,,2995,
2025-02-19,2327,國巨*,twse,593.00,597.00,588.00,590.00,1805939,1068980684,-3.0,,,2959,
2025-02-20,2327,國巨*,twse,589.00,596.00,588.00,595.00,1625457,963401674,5.0,,,3096,
2025-02-21,2327,國巨*,twse,598.00,602.00,594.00,598.00,1783643,1065654706,3.0,,,3222,
2025-02-24,2327,國巨*,twse,592.00,595.00,588.00,594.00,2220805,1312880432,-4.0,,,3818,
2025-02-25,2327,國巨*,twse,585.00,587.00,576.00,581.00,4182949,2433593471,-13.0,,,5533,
2025-02-26,2327,國巨*,twse,577.00,583.00,575.00,583.00,2880305,1671370263,2.0,,,3707,
2025-02-27,2327,國巨*,twse,584.00,585.00,566.00,566.00,4651601,2657233329,-17.0,,,6974,
2025-03-03,2327,國巨*,twse,548.00,550.00,537.00,540.00,5974164,3245094718,-26.0,,,9221,
2025-03-04,2327,國巨*,twse,532.00,553.00,531.00,552.00,3250951,1772988199,12.0,,,4145,
2025-03-05,2327,國巨*,twse,547.00,551.00,545.00,548.00,2655616,1455253768,-4.0,,,4148,
2025-03-06,2327,國巨*,twse,553.00,554.00,543.00,543.00,1868618,1021787885,-5.0,,,3744,
2025-03-07,2327,國巨*,twse,537.00,542.00,535.00,535.00,2506935,1347311383,-8.0,,,4782,
2025-03-10,2327,國巨*,twse,536.00,537.00,525.00,525.00,2837797,1497338212,-10.0,,,6298,
2025-03-11,2327,國巨*,twse,514.00,522.00,505.00,522.00,3235867,1669730804,-3.0,,,7422,
2025-03-12,2327,國巨*,twse,522.00,538.00,521.00,537.00,2222509,1186920433,15.0,,,3467,
2025-03-13,2327,國巨*,twse,541.00,544.00,521.00,521.00,2371287,1256757940,-16.0,,,4753,
2025-03-14,2327,國巨*,twse,525.00,527.00,518.00,523.00,1370728,716955349,2.0,,,3386,
2025-03-17,2327,國巨*,twse,529.00,531.00,525.00,526.00,1023930,540146942,3.0,,,1886,
2025-03-18,2327,國巨*,twse,532.00,540.00,530.00,540.00,1754545,940696712,14.0,,,2456,
2025-03-19,2327,國巨*,twse,540.00,541.00,527.00,529.00,1808741,960755829,-11.0,,,3418,
2025-03-20,2327,國巨*,twse,537.00,539.00,532.00,538.00,1126723,603414820,9.0,,,1745,
2025-03-21,2327,國巨*,twse,536.00,538.00,532.00,533.00,1923537,1026103938,-5.0,,,1839,
2025-03-24,2327,國巨*,twse,535.00,538.00,523.00,523.00,1693061,892788400,-10.0,,,3382,
2025-03-25,2327,國巨*,twse,529.00,530.00,520.00,522.00,1583060,827848623,-1.0,,,2839,
2025-03-26,2327,國巨*,twse,526.00,530.00,525.00,530.00,903973,477655085,8.0,,,2247,
2025-03-27,2327,國巨*,twse,525.00,529.00,522.00,529.00,997008,523126915,-1.0,,,2411,
2025-03-28,2327,國巨*,twse,524.00,524.00,508.00,510.00,2422459,1245618273,-19.0,,,6330,
2025-03-31,2327,國巨*,twse,491.00,495.50,476.00,481.00,3869149,1874220466,-29.0,,,8683,
2025-04-01,2327,國巨*,twse,487.00,492.00,482.00,488.50,2500953,1218558292,7.5,,,3242,
2025-04-02,2327,國巨*,twse,488.50,523.00,486.50,523.00,4350509,2234787383,34.5,,,5952,
2025-04-07,2327,國巨*,twse,471.00,471.00,471.00,471.00,478867,225546357,-52.0,down,,2355,
2025-04-08,2327,國巨*,twse,428.50,449.00,424.00,427.50,8081870,3464921245,-43.5,,,11661,
2025-04-09,2327,國巨*,twse,405.50,419.50,386.00,386.50,9301061,3728381745,-41.0,,,13111,
2025-04-10,2327,國巨*,twse,425.00,425.00,425.00,425.00,1077542,457955350,38.5,up,,903,
2025-04-11,2327,國巨*,twse,409.50,439.00,405.00,438.00,6331525,2715979326,13.0,,,7233,
2025-04-14,2327,國巨*,twse,445.00,463.00,445.00,452.00,5528552,2507558624,14.0,,,6556,
2025-04-15,2327,國巨*,twse,454.00,466.00,452.00,463.00,2190581,1010262989,11.0,,,3259,
2025-04-16,2327,國巨*,twse,456.00,463.00,449.00,450.00,2543654,1155338527,-13.0,,,5341,
2025-04-17,2327,國巨*,twse,447.50,457.00,442.50,457.00,1958628,884079206,7.0,,,2516,
2025-04-18,2327,國巨*,twse,477.00,479.00,451.00,455.00,5959454,2737035531,-2.0,,,7764,
2025-04-21,2327,國巨*,twse,455.00,462.50,440.00,442.00,2784155,1251056854,-13.0,,,4311,
2025-04-22,2327,國巨*,twse,437.00,443.50,432.00,436.00,1874547,819630732,-6.0,,,2856,
2025-04-23,2327,國巨*,twse,449.00,456.50,446.50,454.50,2385229,1076376327,18.5,,,3039,
2025-04-24,2327,國巨*,twse,454.50,454.50,445.50,445.50,1574286,706160834,-9.0,,,2665,
2025-04-25,2327,國巨*,twse,455.50,460.00,453.50,456.00,2002676,914483288,10.5,,,2965,
2025-04-28,2327,國巨*,twse,460.50,463.00,456.50,458.00,1843819,847270359,2.0,,,2389,
2025-04-29,2327,國巨*,twse,458.00,464.00,458.00,461.50,1363897,629597505,3.5,,,1993,
2025-04-30,2327,國巨*,twse,460.00,469.00,456.00,459.00,2075357,959173885,-2.5,,,3257,
2025-05-02,2327,國巨*,twse,464.00,467.00,459.00,464.00,1838277,852643734,5.0,,,2778,
2025-05-05,2327,國巨*,twse,467.50,467.50,440.00,449.00,3167489,1427113257,-15.0,,,4503,
2025-05-06,2327,國巨*,twse,449.00,455.50,446.50,453.50,1434578,647517186,4.5,,,2135,
2025-05-07,2327,國巨*,twse,458.00,459.00,449.00,450.00,1301685,590051772,-3.5,,,1911,
2025-05-08,2327,國巨*,twse,454.50,467.50,453.00,464.00,2540821,1177632913,14.0,,,3323,
2025-05-09,2327,國巨*,twse,466.50,469.00,461.00,464.50,1945362,903736477,0.5,,,2394,
2025-05-12,2327,國巨*,twse,469.50,485.00,468.50,485.00,2538692,1216972120,20.5,,,4180,
2025-05-13,2327,國巨*,twse,495.00,496.00,480.00,480.50,3367189,1634897941,-4.5,,,4802,
2025-05-14,2327,國巨*,twse,488.00,490.50,482.50,490.00,2323061,1132635216,9.5,,,3328,
2025-05-15,2327,國巨*,twse,493.00,493.00,486.50,489.00,1750550,857076736,-1.0,,,2399,
2025-05-16,2327,國巨*,twse,490.00,498.50,486.50,498.00,2176837,1063775579,9.0,,,3076,
2025-05-19,2327,國巨*,twse,496.00,496.00,480.00,480.00,2576828,1251845782,-18.0,,,4550,
2025-05-20,2327,國巨*,twse,482.00,484.00,476.00,476.00,2179925,1044912078,-4.0,,,3020,
2025-05-21,2327,國巨*,twse,477.00,489.50,477.00,489.00,2069389,1004690808,13.0,,,2390,
2025-05-22,2327,國巨*,twse,483.00,489.00,482.50,488.00,1136787,551889405,-1.0,,,1697,
2025-05-23,2327,國巨*,twse,491.00,491.00,481.00,481.00,1236892,599364917,-7.0,,,2224,
2025-05-26,2327,國巨*,twse,482.50,485.00,478.50,480.50,913826,440440652,-0.5,,,1730,
2025-05-27,2327,國巨*,twse,484.00,486.00,475.50,479.00,1351175,648597536,-1.5,,,2155,
2025-05-28,2327,國巨*,twse,487.00,492.00,480.50,485.00,2572683,1250381166,6.0,,,3177,
2025-05-29,2327,國巨*,twse,489.00,493.50,487.50,490.00,3181276,1560173626,5.0,,,3607,
2025-06-02,2327,國巨*,twse,490.00,490.00,476.00,479.00,2239877,1076091117,-11.0,,,3488,
2025-06-03,2327,國巨*,twse,483.00,488.00,481.50,487.00,1816545,881251342,8.0,,,2382,
2025-06-04,2327,國巨*,twse,494.00,507.00,492.00,505.00,3625879,1814930414,18.0,,,5562,
2025-06-05,2327,國巨*,twse,506.00,510.00,498.00,500.00,2866134,1441254051,-5.0,,,4300,
2025-06-06,2327,國巨*,twse,503.00,503.00,492.00,493.50,1877073,929188205,-6.5,,,3468,
2025-06-09,2327,國巨*,twse,499.50,509.00,499.50,503.00,2980364,1504166206,9.5,,,4029,
2025-06-10,2327,國巨*,twse,495.00,497.00,492.00,497.00,4100959,2027768321,-6.0,,,5893,
2025-06-11,2327,國巨*,twse,499.00,499.00,490.00,494.50,3332711,1645912037,-2.5,,,5430,
2025-06-12,2327,國巨*,twse,495.00,498.00,487.00,487.00,3905991,1914619215,-7.5,,,6665,
2025-06-13,2327,國巨*,twse,467.50,473.50,463.00,471.50,3441325,1613309407,0.0,,,5969,
2025-06-16,2327,國巨*,twse,471.00,481.00,469.00,479.50,2120215,1012295884,8.0,,,3202,
2025-06-17,2327,國巨*,twse,480.00,482.00,476.00,476.00,2811124,1344761178,-3.5,,,3715,
2025-06-18,2327,國巨*,twse,473.50,478.00,472.50,472.50,1764775,837461486,-3.5,,,3219,
2025-06-19,2327,國巨*,twse,472.50,475.00,460.50,461.00,2838643,1318420420,-11.5,,,5931,
2025-06-20,2327,國巨*,twse,461.00,465.00,451.00,455.50,9044310,4122814444,-5.5,,,5382,
2025-06-23,2327,國巨*,twse,450.00,454.50,447.00,454.50,1735274,783042132,-1.0,,,3031,
2025-06-24,2327,國巨*,twse,463.50,478.00,462.50,473.50,3247021,1536283094,19.0,,,4777,
2025-06-25,2327,國巨*,twse,479.00,481.00,473.50,477.00,2418842,1153168455,3.5,,,2848,
2025-06-26,2327,國巨*,twse,479.50,481.50,476.00,479.00,2282651,1093688351,2.0,,,2603,
2025-06-27,2327,國巨*,twse,482.00,496.00,481.50,490.50,5003916,2455589541,11.5,,,6692,
2025-06-30,2327,國巨*,twse,490.50,491.50,485.00,485.00,1626541,792270263,-5.5,,,2763,
2025-07-01,2327,國巨*,twse,489.00,494.50,488.00,489.50,1512874,742191452,4.5,,,2447,
2025-07-02,2327,國巨*,twse,489.00,497.50,488.00,496.50,2433913,1204727329,7.0,,,3321,
2025-07-03,2327,國巨*,twse,500.00,502.00,496.00,499.50,2385100,1191200320,3.0,,,3484,
2025-07-04,2327,國巨*,twse,502.00,506.00,488.00,488.00,2861027,1410975401,-11.5,,,5669,
2025-07-07,2327,國巨*,twse,489.50,491.00,481.00,484.50,1451247,702777541,-3.5,,,2453,
2025-07-08,2327,國巨*,twse,485.00,486.00,479.00,481.50,1100231,530161395,-3.0,,,2007,
2025-07-09,2327,國巨*,twse,486.00,495.50,486.00,490.50,2136844,1049287081,9.0,,,3026,
2025-07-10,2327,國巨*,twse,492.00,493.00,487.50,492.00,1703510,835448855,1.5,,,2357,
2025-07-11,2327,國巨*,twse,492.00,494.50,486.00,487.00,1798473,878434244,-5.0,,,4178,
2025-07-14,2327,國巨*,twse,490.00,490.50,483.00,488.50,1191727,580164195,1.5,,,2151,
2025-07-15,2327,國巨*,twse,491.50,503.00,488.00,500.00,2785179,1385733570,11.5,,,4907,
2025-07-16,2327,國巨*,twse,501.00,512.00,500.00,502.00,3235079,1632857382,2.0,,,4940,
2025-07-17,2327,國巨*,twse,505.00,512.00,497.50,510.00,2550137,1291586113,8.0,,,4287,
2025-07-18,2327,國巨*,twse,515.00,517.00,509.00,512.00,2010868,1030387032,2.0,,,3380,
2025-07-21,2327,國巨*,twse,511.00,517.00,511.00,513.00,1514555,778813582,1.0,,,2599,
2025-07-22,2327,國巨*,twse,514.00,518.00,504.00,505.00,2722161,1388442853,-8.0,,,4587,
2025-07-23,2327,國巨*,twse,510.00,535.00,510.00,531.00,5168524,2717920050,26.0,,,8801,
2025-07-24,2327,國巨*,twse,535.00,535.00,526.00,533.00,2252965,1198576807,2.0,,,3825,
2025-07-25,2327,國巨*,twse,533.00,537.00,529.00,530.00,1714829,913193001,-3.0,,,3168,
2025-07-28,2327,國巨*,twse,531.00,536.00,526.00,532.00,1468355,781289486,2.0,,,3506,
2025-07-29,2327,國巨*,twse,530.00,543.00,529.00,535.00,2730991,1461674063,3.0,,,4331,
2025-07-30,2327,國巨*,twse,538.00,539.00,518.00,523.00,4994575,2618161911,-12.0,,,10349,
2025-07-31,2327,國巨*,twse,523.00,531.00,522.00,530.00,2881072,1517671616,7.0,,,3880,
2025-08-01,2327,國巨*,twse,523.00,545.00,521.00,539.00,3692310,1980579588,9.0,,,5460,
2025-08-04,2327,國巨*,twse,532.00,537.00,527.00,535.00,1844596,980764106,-4.0,,,3756,
2025-08-05,2327,國巨*,twse,543.00,562.00,543.00,550.00,6201081,3415813497,15.0,,,6892,
2025-08-06,2327,國巨*,twse,550.00,551.00,538.00,541.00,4048466,2194764845,-9.0,,,7862,
2025-08-07,2327,國巨*,twse,547.00,551.00,544.00,545.00,2203634,1206510734,4.0,,,3550,
2025-08-08,2327,國巨*,twse,545.00,550.00,544.00,545.00,1571902,858707948,0.0,,,2733,
2025-08-11,2327,國巨*,twse,542.00,544.00,532.00,542.00,1975380,1068170347,-3.0,,,3403,
2025-08-12,2327,國巨*,twse,542.00,544.00,538.00,542.00,1426843,772481381,0.0,,,2823,
2025-08-13,2327,國巨*,twse,545.00,550.00,542.00,546.00,2996695,1637693545,4.0,,,4559,
2025-08-25,2327,國巨*,twse,142.00,145.50,140.00,143.00,26586959,3792278409,0.0,,,19819,
2025-08-26,2327,國巨*,twse,142.50,142.50,137.00,138.50,25422011,3536782673,-4.5,,,20705,
2025-08-27,2327,國巨*,twse,139.00,139.50,136.00,136.50,14075972,1929524792,-2.0,,,12094,
2025-08-28,2327,國巨*,twse,138.50,139.50,136.50,137.00,11597589,1596646757,0.5,,,9270,
2025-08-29,2327,國巨*,twse,138.50,141.00,137.00,139.50,11297247,1572302203,2.5,,,9034,
2025-09-01,2327,國巨*,twse,139.50,139.50,132.50,135.00,11001341,1492714736,-4.5,,,10713,
2025-09-02,2327,國巨*,twse,135.50,137.50,134.00,134.50,9207176,1244996842,-0.5,,,5871,
2025-09-03,2327,國巨*,twse,135.50,136.00,134.50,135.00,9440879,1275304783,0.5,,,5546,
2025-09-04,2327,國巨*,twse,136.00,137.50,135.00,135.50,7113616,967952567,0.5,,,5616,
2025-09-05,2327,國巨*,twse,137.00,137.00,134.50,135.00,8392457,1136547786,-0.5,,,5105,
2025-09-08,2327,國巨*,twse,135.50,139.50,135.50,137.50,10160518,1398258775,2.5,,,6960,
2025-09-09,2327,國巨*,twse,139.50,140.50,138.00,138.50,9238465,1286523285,1.0,,,7614,
2025-09-10,2327,國巨*,twse,139.00,143.50,138.00,142.50,16143693,2279596805,4.0,,,12522,
2025-09-11,2327,國巨*,twse,143.50,143.50,137.50,138.00,13859317,1940114669,-4.5,,,12036,
2025-09-12,2327,國巨*,twse,142.50,151.50,142.00,151.50,61357892,9193068538,13.5,,,41770,
2025-09-15,2327,國巨*,twse,153.00,154.00,147.50,151.00,50183608,7568003519,-0.5,,,39922,
2025-09-16,2327,國巨*,twse,151.00,151.50,146.50,149.50,23000759,3424923560,-1.5,,,17741,
2025-09-17,2327,國巨*,twse,150.00,161.00,150.00,156.00,66673036,10435876682,6.5,,,44552,
2025-09-18,2327,國巨*,twse,158.50,159.00,154.00,158.00,36822465,5777838403,2.0,,,32277,
2025-09-19,2327,國巨*,twse,159.00,173.50,158.50,173.50,111219401,19018356627,15.5,,,63306,
2025-09-22,2327,國巨*,twse,176.50,185.00,175.50,178.50,129199080,23244255224,5.0,,,89374,
2025-09-23,2327,國巨*,twse,180.50,180.50,175.50,176.00,49084617,8700858965,-2.5,,,40803,
2025-09-24,2327,國巨*,twse,177.50,182.00,172.50,180.00,61397555,10907133632,4.0,,,48150,
2025-09-25,2327,國巨*,twse,178.00,178.50,169.00,169.50,67772765,11710003455,-10.5,,,62872,
2025-09-26,2327,國巨*,twse,168.50,173.00,164.00,166.00,66026298,11064888124,-3.5,,,50580,
2025-09-30,2327,國巨*,twse,168.00,172.00,166.50,170.00,26858428,4544345369,4.0,,,22337,
2025-10-01,2327,國巨*,twse,172.50,176.50,169.00,170.00,35481550,6113282870,0.0,,,29616,
2025-10-02,2327,國巨*,twse,173.00,175.00,170.00,170.50,26146020,4492976497,0.5,,,18965,
2025-10-03,2327,國巨*,twse,172.50,176.50,171.50,175.50,34666286,6021841021,5.0,,,26403,
2025-10-07,2327,國巨*,twse,179.00,190.00,178.00,184.50,88621191,16242869248,9.0,,,65715,
2025-10-08,2327,國巨*,twse,184.50,186.00,180.00,185.50,44876408,8213489728,1.0,,,50709,
2025-10-09,2327,國巨*,twse,188.50,191.50,183.00,183.50,50811084,9456056220,-2.0,,,42118,
2025-10-13,2327,國巨*,twse,174.50,178.50,174.00,178.00,38500383,6800115725,-5.5,,,34901,
2025-10-14,2327,國巨*,twse,180.50,181.00,171.50,172.00,46992361,8225094177,-6.0,,,42875,
2025-10-15,2327,國巨*,twse,172.50,176.00,171.00,175.00,18226106,3172044958,3.0,,,14909,
2025-10-16,2327,國巨*,twse,176.50,182.00,175.50,179.50,24599827,4405731604,4.5,,,20512,
2025-10-17,2327,國巨*,twse,178.50,186.50,178.50,184.50,59203086,10919769496,5.0,,,46210,
2025-10-20,2327,國巨*,twse,190.50,198.00,188.00,196.00,90463570,17523372156,11.5,,,84702,
2025-10-21,2327,國巨*,twse,198.50,208.50,196.50,205.00,127719747,26093451235,9.0,,,129743,
2025-10-22,2327,國巨*,twse,206.50,208.50,203.00,208.00,72681103,14998615512,3.0,,,97180,
2025-10-23,2327,國巨*,twse,207.50,228.50,207.00,226.00,136153709,30493684940,18.0,,,100168,
2025-10-27,2327,國巨*,twse,243.50,248.50,237.50,248.50,116952778,28484589171,22.5,,,135410,
2025-10-28,2327,國巨*,twse,247.00,248.00,242.50,246.00,81186948,19948747023,-2.5,,,73253,
2025-10-29,2327,國巨*,twse,254.00,262.00,243.00,247.50,85182212,21240241034,1.5,,,91254,
2025-10-30,2327,國巨*,twse,248.50,259.00,243.00,249.00,84014804,20992242640,1.5,,,91090,
2025-10-31,2327,國巨*,twse,247.00,254.50,245.50,249.00,54767451,13687439008,0.0,,,70152,
2025-11-03,2327,國巨*,twse,255.00,262.00,251.00,254.00,72740906,18614322600,5.0,,,85242,
2025-11-04,2327,國巨*,twse,254.50,255.00,238.00,238.00,77951134,19052678483,-16.0,,,92640,
2025-11-05,2327,國巨*,twse,225.00,235.00,224.00,233.50,70796868,16240358226,-4.5,,,70650,
2025-11-06,2327,國巨*,twse,238.00,241.00,234.00,240.00,38857510,9238159519,6.5,,,38555,
2025-11-07,2327,國巨*,twse,237.00,238.50,231.00,234.50,29782844,6985780682,-5.5,,,30885,
2025-11-10,2327,國巨*,twse,234.50,237.50,228.00,230.00,36070903,8335977461,-4.5,,,36017,
2025-11-11,2327,國巨*,twse,235.00,237.50,230.50,230.50,29138214,6804626854,0.5,,,33840,
2025-11-12,2327,國巨*,twse,234.00,236.00,228.00,230.50,28090248,6523357216,0.0,,,28337,
2025-11-13,2327,國巨*,twse,232.00,244.50,229.00,243.50,88111153,21129573768,13.0,,,74064,
2025-11-14,2327,國巨*,twse,238.00,241.50,233.50,233.50,51925649,12299666107,-10.0,,,52762,
2025-11-17,2327,國巨*,twse,236.00,236.00,226.00,226.50,39149017,9003514149,-7.0,,,43161,
2025-11-18,2327,國巨*,twse,227.00,240.00,227.00,229.00,61201688,14237123998,2.5,,,60838,
2025-11-19,2327,國巨*,twse,233.00,237.00,223.00,225.00,50036577,11495984982,-4.0,,,71564,
2025-11-20,2327,國巨*,twse,233.00,236.50,229.00,230.50,30617819,7104891659,5.5,,,35752,
2025-11-21,2327,國巨*,twse,226.00,232.50,225.50,229.00,37314999,8553604143,-1.5,,,40375,
2025-11-24,2327,國巨*,twse,232.00,235.00,227.50,232.50,33967012,7886264155,3.5,,,24652,
2025-11-25,2327,國巨*,twse,236.50,238.00,227.50,228.50,30781524,7126450442,-4.0,,,33003,
2025-11-26,2327,國巨*,twse,230.50,232.50,227.50,232.00,18764898,4324032814,3.5,,,17204,
2025-11-27,2327,國巨*,twse,233.00,238.00,232.00,236.00,30143908,7094544896,4.0,,,26347,
2025-11-28,2327,國巨*,twse,242.00,244.50,234.00,235.00,44258058,10513854363,-1.0,,,35973,
2025-12-01,2327,國巨*,twse,235.00,235.00,229.00,229.00,21310865,4913428897,-6.0,,,21953,
2025-12-02,2327,國巨*,twse,230.00,232.50,227.00,227.50,16762962,3846300359,-1.5,,,17875,
2025-12-03,2327,國巨*,twse,230.00,236.00,229.50,232.50,21795359,5082061494,5.0,,,19061,
2025-12-04,2327,國巨*,twse,234.50,237.50,233.50,236.00,16506555,3888329977,3.5,,,16072,
2025-12-05,2327,國巨*,twse,236.50,238.00,235.00,237.00,14793856,3502978259,1.0,,,14682,
2025-12-08,2327,國巨*,twse,238.50,240.00,234.50,237.00,16538790,3921233396,0.0,,,21530,
2025-12-09,2327,國巨*,twse,239.50,241.00,237.50,239.50,24833259,5942992654,2.5,,,25610,
2025-12-10,2327,國巨*,twse,241.00,248.50,238.50,245.50,65282526,16026348125,6.0,,,56181,
2025-12-11,2327,國巨*,twse,248.00,248.00,236.00,236.00,47383415,11410278703,-9.5,,,59944,
2025-12-12,2327,國巨*,twse,237.50,238.50,233.50,237.50,17471097,4116168528,1.5,,,19874,
2025-12-15,2327,國巨*,twse,233.00,235.00,231.00,231.00,17657814,4100406171,-6.5,,,24602,
2025-12-16,2327,國巨*,twse,230.00,230.50,220.00,223.00,27711663,6223145239,-8.0,,,37139,
2025-12-17,2327,國巨*,twse,224.50,225.50,220.50,221.00,14299261,3187646415,-2.0,,,16743,
2025-12-18,2327,國巨*,twse,220.00,223.00,218.00,218.00,15697164,3446667194,-3.0,,,16353,
2025-12-19,2327,國巨*,twse,222.00,224.50,220.00,222.00,15740304,3499169575,4.0,,,10838,
2025-12-22,2327,國巨*,twse,224.50,227.50,223.50,226.00,10106573,2282975965,4.0,,,9832,
2025-12-23,2327,國巨*,twse,227.50,227.50,222.50,222.50,10615102,2378566187,-3.5,,,12968,
2025-12-24,2327,國巨*,twse,224.00,227.00,222.00,222.50,10850599,2428385197,0.0,,,11870,
2025-12-26,2327,國巨*,twse,224.00,225.00,222.00,224.00,7964147,1779280736,1.5,,,8863,
2025-12-29,2327,國巨*,twse,225.00,226.00,222.50,222.50,10560205,2359724726,-1.5,,,11935,
2025-12-30,2327,國巨*,twse,222.50,226.50,220.50,225.50,19685740,4407275990,3.0,,,19354,
2025-12-31,2327,國巨*,twse,225.50,232.50,222.50,231.00,34451930,7876735057,5.5,,,29138,
2026-01-02,2327,國巨*,twse,232.50,243.00,230.00,241.00,53713523,12828394368,10.0,,,47894,
2026-01-05,2327,國巨*,twse,245.00,249.00,239.00,244.00,65325049,15981385503,3.0,,,75728,
2026-01-06,2327,國巨*,twse,248.00,254.00,247.00,253.50,62212026,15646782550,9.5,,,66974,
2026-01-07,2327,國巨*,twse,257.00,260.00,252.50,253.00,47713033,12221493091,-0.5,,,55922,
2026-01-08,2327,國巨*,twse,256.00,256.50,236.00,237.50,57300090,13959031035,-15.5,,,110910,
2026-01-09,2327,國巨*,twse,238.50,244.50,234.50,241.50,38572406,9278825317,4.0,,,26068,
2026-01-12,2327,國巨*,twse,244.50,253.00,242.50,247.50,31140755,7733285156,6.0,,,38443,
2026-01-13,2327,國巨*,twse,252.00,260.50,248.00,260.50,90857613,23149792553,13.0,,,73751,
2026-01-14,2327,國巨*,twse,268.00,285.00,265.50,278.50,132227219,36584830068,18.0,,,165981,
2026-01-15,2327,國巨*,twse,280.00,285.00,272.50,273.50,75275965,20896208084,-5.0,,,113000,
2026-01-16,2327,國巨*,twse,279.00,284.00,268.00,283.00,82271534,22891589996,9.5,,,81506,
2026-01-19,2327,國巨*,twse,285.00,300.00,278.00,295.50,104664743,30406176353,12.5,,,101673,
2026-01-20,2327,國巨*,twse,289.00,292.00,285.00,289.50,55119559,15889372422,-6.0,,,69860,
2026-01-21,2327,國巨*,twse,282.00,287.50,277.00,277.50,57194515,16039704417,-12.0,,,61059,
2026-01-22,2327,國巨*,twse,287.50,300.00,286.50,296.00,75944863,22542225851,18.5,,,72680,
2026-01-23,2327,國巨*,twse,302.00,304.50,290.50,291.50,42463846,12573229952,-4.5,,,70021,
2026-01-26,2327,國巨*,twse,293.50,294.00,285.00,287.00,24894313,7168693779,-4.5,,,30344,
2026-01-27,2327,國巨*,twse,288.50,295.00,288.00,295.00,28786711,8412782144,8.0,,,27574,
2026-01-28,2327,國巨*,twse,297.00,297.00,282.00,285.50,46590172,13386817119,-9.5,,,66820,
2026-01-29,2327,國巨*,twse,286.00,286.00,275.00,277.00,39011564,10875713457,-8.5,,,47797,
2026-01-30,2327,國巨*,twse,278.00,282.00,274.00,277.50,23880806,6639219739,0.5,,,29544,
2026-02-02,2327,國巨*,twse,267.00,270.00,255.50,258.00,42685283,11132467660,-19.5,,,55453,
2026-02-03,2327,國巨*,twse,270.00,270.00,259.50,266.50,22094489,5847071537,8.5,,,37029,
2026-02-04,2327,國巨*,twse,262.50,268.00,261.00,267.00,14152072,3764016002,0.5,,,19635,
2026-02-05,2327,國巨*,twse,264.50,266.00,257.00,258.00,19275837,5013042962,-9.0,,,26272,
2026-02-06,2327,國巨*,twse,250.50,254.00,243.50,248.50,30007049,7458651596,-9.5,,,30681,
2026-02-09,2327,國巨*,twse,257.00,257.00,250.00,250.00,16341913,4124635885,1.5,,,18525,
2026-02-10,2327,國巨*,twse,255.50,258.00,250.50,254.00,17853719,4532245873,4.0,,,19357,
2026-02-11,2327,國巨*,twse,256.00,256.00,252.50,256.00,17027916,4333237923,2.0,,,16655,
2026-02-23,2327,國巨*,twse,281.50,281.50,277.50,281.50,36452101,10252428432,25.5,,,26893,
2026-02-24,2327,國巨*,twse,287.00,304.00,285.50,301.00,82390067,24600361856,19.5,,,70958,
2026-02-25,2327,國巨*,twse,306.00,306.50,292.00,300.00,37097879,11026639806,-1.0,,,51740,
2026-02-26,2327,國巨*,twse,298.50,300.00,289.00,298.00,46680499,13790057369,-2.0,,,40945,
2026-03-02,2327,國巨*,twse,282.00,297.50,282.00,292.00,30119542,8777954625,-6.0,,,28568,
2026-03-03,2327,國巨*,twse,298.50,299.00,280.00,280.50,42404161,12199450900,-11.5,,,44098,
2026-03-04,2327,國巨*,twse,270.00,275.00,256.00,259.00,42760848,11243925471,-21.5,,,50921,
2026-03-05,2327,國巨*,twse,271.00,274.50,264.00,267.50,25410832,6839891464,8.5,,,23445,
2026-03-06,2327,國巨*,twse,266.00,269.50,262.00,265.00,15480634,4097392745,-2.5,,,17440,
2026-03-09,2327,國巨*,twse,242.50,248.50,240.00,248.50,30090677,7324544645,-16.5,,,32323,
2026-03-10,2327,國巨*,twse,260.00,264.00,253.00,258.50,21595555,5578365533,10.0,,,21157,
2026-03-11,2327,國巨*,twse,264.00,267.50,263.00,264.50,18952090,5024701820,6.0,,,20166,
2026-03-12,2327,國巨*,twse,260.00,260.50,250.00,251.50,26640744,6769026052,-13.0,,,34447,
2026-03-13,2327,國巨*,twse,246.00,259.50,246.00,258.00,14665886,3740717413,6.5,,,15958,
2026-03-16,2327,國巨*,twse,260.00,261.50,255.00,260.00,14647104,3792645850,2.0,,,14767,
2026-03-17,2327,國巨*,twse,264.00,286.00,263.00,286.00,54160595,15038222574,26.0,,,48204,
2026-03-18,2327,國巨*,twse,292.00,296.00,276.50,280.50,59864948,16996392635,-5.5,,,61687,
2026-03-19,2327,國巨*,twse,273.50,283.50,272.00,275.00,32070888,8870040286,-5.5,,,30573,
2026-03-20,2327,國巨*,twse,280.00,287.00,266.50,271.00,31157729,8528109160,-4.0,,,27530,
2026-03-23,2327,國巨*,twse,255.00,258.00,250.50,253.00,28523889,7243032574,-18.0,,,35468,
2026-03-24,2327,國巨*,twse,258.00,258.00,246.00,250.50,18546090,4678445726,-2.5,,,20910,
2026-03-25,2327,國巨*,twse,257.50,263.00,257.00,260.00,13974693,3633031358,9.5,,,14736,
2026-03-26,2327,國巨*,twse,259.00,268.00,259.00,262.00,13615883,3590395370,2.0,,,15282,
2026-03-27,2327,國巨*,twse,258.00,261.00,253.50,260.00,11792119,3029719148,-2.0,,,20523,
2026-03-30,2327,國巨*,twse,253.50,258.00,250.00,258.00,12430623,3156239328,-2.0,,,13972,
2026-03-31,2327,國巨*,twse,256.50,258.50,243.00,243.50,21189271,5257370091,-14.5,,,25468,
2026-04-01,2327,國巨*,twse,252.50,256.00,251.00,251.50,12122969,3066795195,8.0,,,13077,
2026-04-02,2327,國巨*,twse,256.00,257.00,245.00,246.00,13724318,3409279741,-5.5,,,17371,
2026-04-07,2327,國巨*,twse,250.00,257.00,249.50,256.00,12824931,3257514428,10.0,,,12123,
2026-04-08,2327,國巨*,twse,267.50,273.50,264.00,271.50,23604593,6377565791,15.5,,,23815,
2026-04-09,2327,國巨*,twse,276.00,282.00,273.00,281.50,35053346,9791706797,10.0,,,32073,
2026-04-10,2327,國巨*,twse,290.00,292.00,283.00,285.00,32500766,9363756511,3.5,,,28910,
2026-04-13,2327,國巨*,twse,300.50,311.00,292.00,303.50,98816325,29906530429,18.5,,,127031,
2026-04-14,2327,國巨*,twse,311.50,314.00,299.00,312.00,71255856,22010309467,8.5,,,86861,
2026-04-15,2327,國巨*,twse,321.50,332.00,316.50,322.00,76263816,24749809475,10.0,,,105646,
2026-04-16,2327,國巨*,twse,320.00,331.50,304.50,325.00,68355051,22032207999,3.0,,,70787,
2026-04-17,2327,國巨*,twse,330.00,336.50,316.00,316.50,50323777,16356461720,-8.5,,,56663,
2026-04-20,2327,國巨*,twse,320.00,329.50,315.50,319.50,31507671,10181844719,3.0,,,33913,
2026-04-21,2327,國巨*,twse,326.00,329.00,317.00,323.00,33539837,10858784850,3.5,,,39459,
2026-04-22,2327,國巨*,twse,329.00,329.00,315.50,315.50,30222804,9705646979,-7.5,,,35641,
2026-04-23,2327,國巨*,twse,316.00,320.00,289.50,295.00,58857941,17775427878,-20.5,,,70355,
2026-04-24,2327,國巨*,twse,295.50,301.00,290.00,297.00,32633203,9677448351,2.0,,,36936,
2026-04-27,2327,國巨*,twse,300.00,310.00,292.50,305.00,33181607,10069892320,8.0,,,30884,
2026-04-28,2327,國巨*,twse,310.00,329.00,307.00,326.50,51369522,16581685178,21.5,,,51639,
2026-04-29,2327,國巨*,twse,325.00,328.50,317.50,322.00,28052238,9059871899,-4.5,,,38179,
2026-04-30,2327,國巨*,twse,323.00,333.00,317.00,317.00,35517666,11510305699,-5.0,,,39791,
2026-05-04,2327,國巨*,twse,327.00,345.00,314.00,342.50,54798027,18364953612,25.5,,,54714,
2026-05-05,2327,國巨*,twse,344.50,357.50,341.00,348.50,39818124,13963721415,6.0,,,39295,
2026-05-06,2327,國巨*,twse,360.00,361.50,331.00,338.00,44347027,15279090353,-10.5,,,46685,
2026-05-07,2327,國巨*,twse,345.50,371.50,337.50,371.50,52950937,19168218431,33.5,,,46116,
2026-05-08,2327,國巨*,twse,390.00,400.00,369.50,389.00,96857168,37575899358,17.5,,,87189,
2026-05-11,2327,國巨*,twse,394.50,398.50,370.00,391.50,51692723,20162325289,2.5,,,50379,
2026-05-12,2327,國巨*,twse,399.00,430.00,390.50,419.50,63365273,26203753527,28.0,,,66222,
2026-05-13,2327,國巨*,twse,410.00,427.50,404.00,420.00,53261565,22206627245,0.5,,,52777,
2026-05-14,2327,國巨*,twse,462.00,462.00,462.00,462.00,17046742,7875594804,42.0,up,,16178,
2026-05-15,2327,國巨*,twse,462.00,492.50,447.50,455.50,116741355,54791674424,-6.5,,,106630,
2026-05-18,2327,國巨*,twse,475.00,501.00,467.50,501.00,92207451,44987910799,45.5,,,79999,
2026-05-19,2327,國巨*,twse,501.00,516.00,485.50,497.00,89070238,44531961478,-4.0,,,94063,
2026-05-20,2327,國巨*,twse,514.00,545.00,503.00,520.00,84883235,44669865747,23.0,,,85289,
2026-05-21,2327,國巨*,twse,561.00,572.00,560.00,572.00,24699193,14042798396,52.0,,,20470,
2026-05-22,2327,國巨*,twse,605.00,629.00,600.00,629.00,73991747,45499501469,57.0,,,76499,
2026-05-25,2327,國巨*,twse,679.00,691.00,662.00,691.00,67663245,46026355700,62.0,,,74174,
2026-05-26,2327,國巨*,twse,674.00,678.00,631.00,661.00,29457930,19400932137,-30.0,,,57393,
2026-05-27,2327,國巨*,twse,683.00,727.00,683.00,701.00,24969369,17741177104,40.0,,,42040,
2026-05-28,2327,國巨*,twse,709.00,769.00,709.00,742.00,25023375,18537630576,41.0,,,48772,
2026-05-29,2327,國巨*,twse,775.00,784.00,735.00,738.00,28926802,21735195938,-4.0,,,40796,
2026-06-01,2327,國巨*,twse,765.00,811.00,765.00,790.00,32143661,25498679780,52.0,,,48916,
2026-06-02,2327,國巨*,twse,771.00,847.00,757.00,846.00,23216094,18157173075,56.0,,,50378,
2026-06-03,2327,國巨*,twse,810.00,844.00,810.00,820.00,16771572,13759519209,-26.0,,,50148,
2026-06-04,2327,國巨*,twse,775.00,788.00,743.00,743.00,24383227,18547252083,-77.0,,,100349,
2026-06-05,2327,國巨*,twse,708.00,778.00,670.00,769.00,29037062,21174694565,26.0,,,60281,
2026-06-08,2327,國巨*,twse,693.00,751.00,693.00,751.00,26219850,18883368651,-18.0,,,69040,
2026-06-09,2327,國巨*,twse,790.00,826.00,772.00,826.00,52270522,42079914092,75.0,,,60111,
2026-06-10,2327,國巨*,twse,864.00,908.00,803.00,819.00,100512220,86399636045,-7.0,,,156827,
2026-06-11,2327,國巨*,twse,850.00,861.00,761.00,842.00,121334804,99827234296,23.0,,,171611,
2026-06-12,2327,國巨*,twse,919.00,919.00,852.00,855.00,90466919,80454166531,0.0,,,134773,
2026-06-15,2327,國巨*,twse,921.00,940.00,921.00,940.00,42102101,39412890207,85.0,,,56756,
2026-06-16,2327,國巨*,twse,970.00,1000.00,950.00,950.00,79608290,77521232820,10.0,,,132973,
2026-06-17,2327,國巨*,twse,936.00,998.00,930.00,984.00,56180641,54330768768,34.0,,,90979,
2026-06-18,2327,國巨*,twse,1015.00,1080.00,974.00,1080.00,93655965,97896306241,96.0,,,112178,
2026-06-22,2327,國巨*,twse,1115.00,1120.00,1040.00,1065.00,62351693,66902433810,-15.0,,,112388,
2026-06-23,2327,國巨*,twse,1060.00,1085.00,1020.00,1020.00,46353029,48219981690,-45.0,,,90996,
2026-06-24,2327,國巨*,twse,1005.00,1075.00,985.00,1050.00,49108726,50659977740,30.0,,,71295,
2026-06-25,2327,國巨*,twse,1070.00,1155.00,1040.00,1125.00,61345553,67506628550,75.0,,,86564,
2026-06-26,2327,國巨*,twse,1100.00,1100.00,1015.00,1015.00,58156126,60771897070,-110.0,,,130822,
2026-06-29,2327,國巨*,twse,985.00,1065.00,979.00,1040.00,40955663,42284258030,25.0,,,51308,
2026-06-30,2327,國巨*,twse,1065.00,1140.00,1045.00,1140.00,57942123,64260554783,100.0,,,71190,
2026-07-01,2327,國巨*,twse,1200.00,1220.00,1130.00,1140.00,71542282,84178023525,0.0,,,83031,
2026-07-02,2327,國巨*,twse,1095.00,1125.00,1040.00,1055.00,46303421,50243075755,-85.0,,,114658,
2026-07-03,2327,國巨*,twse,1010.00,1075.00,999.00,1045.00,44635306,46274536290,-10.0,,,75021,
2026-07-06,2327,國巨*,twse,1045.00,1055.00,985.00,1005.00,42912780,43370591885,-40.0,,,121414,
2026-07-07,2327,國巨*,twse,1000.00,1025.00,905.00,905.00,65596739,62469308368,-100.0,,,193982,
2026-07-08,2327,國巨*,twse,906.00,930.00,856.00,891.00,70899485,63494571030,-14.0,,,150189,
2026-07-09,2327,國巨*,twse,915.00,948.00,900.00,900.00,51406489,47397770182,9.0,,,89319,
2026-07-13,2327,國巨*,twse,921.00,921.00,810.00,816.00,72043684,60784357462,-84.0,,,181893,
2026-07-14,2327,國巨*,twse,798.00,823.00,737.00,778.00,82779815,64052616243,-38.0,,,160995,
2026-07-15,2327,國巨*,twse,799.00,813.00,773.00,798.00,52243302,41591393306,20.0,,,89343,
2026-07-16,2327,國巨*,twse,775.00,807.00,775.00,776.00,43167093,34114116342,-22.0,,,73923,
2026-07-17,2327,國巨*,twse,710.00,724.00,699.00,699.00,47311948,33261065568,-77.0,,,127400,
2026-07-20,2327,國巨*,twse,663.00,666.00,630.00,630.00,39385060,25211432022,-69.0,,,78438,
2026-07-21,2327,國巨*,twse,621.00,680.00,608.00,670.00,96163970,62257032314,40.0,,,120342,
2026-07-22,2327,國巨*,twse,713.00,730.00,676.00,703.00,75283059,52817106923,33.0,,,93279,
2026-07-23,2327,國巨*,twse,708.00,732.00,681.00,696.00,59707395,41795391097,-7.0,,,77260,
2026-07-24,2327,國巨*,twse,679.00,685.00,639.00,642.00,41798307,27550275085,-54.0,,,79406,
2026-07-27,2327,國巨*,twse,650.00,655.00,590.00,625.00,56857378,35162424124,-17.0,,,92157,
2026-07-28,2327,國巨*,twse,575.00,582.00,563.00,563.00,35712662,20255847029,-62.0,,,90791,
2026-07-29,2327,國巨*,twse,539.00,545.00,507.00,507.00,51708941,26953210861,-56.0,,,89989,
2026-07-30,2327,國巨*,twse,479.50,527.00,456.50,456.50,106828585,52070434544,-50.5,,,154850,
2026-07-31,2327,國巨*,twse,502.00,502.00,502.00,502.00,6398641,3212117782,45.5,up,,9683,
2026-08-03,2327,國巨*,twse,534.00,552.00,526.00,552.00,22438342,12160960784,50.0,,,19826,
2026-08-04,2327,國巨*,twse,581.00,583.00,545.00,566.00,97625584,54979297443,14.0,,,118516,
2026-08-05,2327,國巨*,twse,608.00,618.00,568.00,578.00,63678413,37343854567,12.0,,,94950,
2026-08-06,2327,國巨*,twse,563.00,578.00,536.00,570.00,53296450,29720241032,-8.0,,,81225,
2026-08-07,2327,國巨*,twse,560.00,578.00,531.00,540.00,44277453,24331353698,-30.0,,,95384,
2026-08-10,2327,國巨*,twse,558.00,578.00,557.00,573.00,36354305,20689287979,33.0,,,56481,
2026-08-11,2327,國巨*,twse,568.00,623.00,567.00,617.00,81650622,49343328001,44.0,,,111600,
2026-08-12,2327,國巨*,twse,607.00,625.00,600.00,602.00,56066841,34346545401,-15.0,,,105382,
2026-08-13,2327,國巨*,twse,631.00,662.00,626.00,662.00,46850905,30519465391,60.0,,,55607,
2026-08-14,2327,國巨*,twse,668.00,668.00,617.00,622.00,73827926,47061773659,-40.0,,,147738,
2026-08-17,2327,國巨*,twse,620.00,622.00,596.00,608.00,36648051,22321084538,-14.0,,,65710,
2026-08-18,2327,國巨*,twse,614.00,615.00,574.00,576.00,37659843,22276025528,-32.0,,,106546,
2026-08-19,2327,國巨*,twse,547.00,590.00,547.00,576.00,56295383,32355863302,0.0,,,84205,
2026-08-20,2327,國巨*,twse,583.00,583.00,550.00,562.00,43070768,24263601423,-14.0,,,84683,
2026-08-21,2327,國巨*,twse,561.00,567.00,553.00,554.00,20632149,11516121575,-8.0,,,40481,
2026-08-24,2327,國巨*,twse,557.00,580.00,551.00,551.00,23354983,13209054601,-3.0,,,42716,
2026-08-25,2327,國巨*,twse,547.00,548.00,515.00,544.00,34567419,18228252975,-7.0,,,73644,
2026-08-26,2327,國巨*,twse,535.00,540.00,526.00,537.00,27582304,14734132083,-7.0,,,52235,
2026-08-27,2327,國巨*,twse,545.00,560.00,529.00,555.00,50182079,27568680450,18.0,,,65378,
2026-08-28,2327,國巨*,twse,581.00,610.00,576.00,597.00,81106200,48532186934,42.0,,,105563,
2026-08-31,2327,國巨*,twse,580.00,590.00,538.00,545.00,71750955,39769516073,-52.0,,,136734,
2026-09-01,2327,國巨*,twse,551.00,576.00,550.00,568.00,57762664,32647845491,23.0,,,67335,
2026-09-02,2327,國巨*,twse,552.00,552.00,537.00,540.00,35836154,19422923492,-28.0,,,87826,
2026-09-03,2327,國巨*,twse,545.00,545.00,511.00,511.00,34250413,18092347295,-29.0,,,116705,
2026-09-04,2327,國巨*,twse,535.00,562.00,532.00,562.00,57702985,31856140839,51.0,,,84043,
