date,stock_id,name,market,open,high,low,close,volume,amount,change,limit,shares,transactions,price_basis
2015-01-05,3032,偉訓,twse,22.80,22.80,22.55,22.60,212191,4810846,-0.1,,,105,
2015-01-06,3032,偉訓,twse,22.45,22.45,22.05,22.05,313008,6940878,-0.55,,,156,
2015-01-07,3032,偉訓,twse,22.10,22.30,22.10,22.10,238060,5279272,0.05,,,98,
2015-01-08,3032,偉訓,twse,22.15,22.45,22.05,22.15,327066,7261908,0.05,,,163,
2015-01-09,3032,偉訓,twse,22.75,23.00,22.55,22.70,592310,13470606,0.55,,,329,
2015-01-12,3032,偉訓,twse,22.70,22.90,22.60,22.70,273000,6209850,0.0,,,139,
2015-01-13,3032,偉訓,twse,22.90,22.95,22.75,22.80,214010,4888677,0.1,,,101,
2015-01-14,3032,偉訓,twse,22.75,22.85,22.60,22.70,186500,4238399,-0.1,,,76,
2015-01-15,3032,偉訓,twse,22.70,22.70,22.45,22.50,179212,4047148,-0.2,,,84,
2015-01-16,3032,偉訓,twse,22.45,22.60,22.30,22.30,193218,4335239,-0.2,,,102,
2015-01-19,3032,偉訓,twse,22.45,22.55,22.20,22.30,189065,4236849,0.0,,,67,
2015-01-20,3032,偉訓,twse,22.40,22.65,22.40,22.50,105055,2361387,0.2,,,64,
2015-01-21,3032,偉訓,twse,22.80,22.80,22.40,22.50,93314,2097483,0.0,,,72,
2015-01-22,3032,偉訓,twse,22.50,22.60,22.40,22.50,134000,3014450,0.0,,,93,
2015-01-23,3032,偉訓,twse,22.70,23.90,22.55,23.35,1634779,38309117,0.85,,,766,
2015-01-26,3032,偉訓,twse,23.60,23.75,23.35,23.60,789830,18603469,0.25,,,305,
2015-01-27,3032,偉訓,twse,23.70,23.80,23.40,23.40,346247,8157202,-0.2,,,177,
2015-01-28,3032,偉訓,twse,23.40,24.00,23.35,23.90,530000,12600700,0.5,,,271,
2015-01-29,3032,偉訓,twse,23.90,24.00,23.40,23.40,416069,9827127,-0.5,,,200,
2015-01-30,3032,偉訓,twse,23.55,23.75,23.15,23.15,202305,4723930,-0.25,,,107,
2015-02-02,3032,偉訓,twse,23.20,23.45,23.10,23.10,227000,5270650,-0.05,,,94,
2015-02-03,3032,偉訓,twse,23.15,23.35,22.85,22.90,244140,5615842,-0.2,,,106,
2015-02-04,3032,偉訓,twse,23.20,23.20,22.85,22.85,147728,3395202,-0.05,,,60,
2015-02-05,3032,偉訓,twse,22.75,22.90,22.55,22.90,213000,4839900,0.05,,,92,
2015-02-06,3032,偉訓,twse,23.00,23.05,22.80,22.80,74325,1699626,-0.1,,,52,
2015-02-09,3032,偉訓,twse,22.50,23.00,22.50,22.80,117400,2670280,0.0,,,64,
2015-02-10,3032,偉訓,twse,22.80,23.00,22.60,22.65,142303,3243232,-0.15,,,91,
2015-02-11,3032,偉訓,twse,22.75,23.00,22.70,22.70,266080,6068369,0.05,,,107,
2015-02-12,3032,偉訓,twse,22.75,22.75,22.50,22.50,220000,4960950,-0.2,,,69,
2015-02-13,3032,偉訓,twse,22.50,22.70,22.30,22.30,146199,3279717,-0.2,,,74,
2015-02-24,3032,偉訓,twse,22.50,22.80,22.50,22.60,170020,3849704,0.3,,,75,
2015-02-25,3032,偉訓,twse,22.75,23.00,22.65,22.85,240123,5489821,0.25,,,109,
2015-02-26,3032,偉訓,twse,22.85,23.00,22.80,22.80,71000,1625250,-0.05,,,46,
2015-03-02,3032,偉訓,twse,23.20,23.20,22.75,22.80,144000,3288050,0.0,,,72,
2015-03-03,3032,偉訓,twse,22.80,22.95,22.75,22.75,279000,6364200,-0.05,,,85,
2015-03-04,3032,偉訓,twse,22.65,24.25,22.65,23.75,1285464,30541971,1.0,,,551,
2015-03-05,3032,偉訓,twse,23.75,24.70,23.75,24.30,1640698,39997525,0.55,,,682,
2015-03-06,3032,偉訓,twse,24.30,24.60,24.15,24.40,527310,12824232,0.1,,,230,
2015-03-09,3032,偉訓,twse,24.40,24.40,23.70,23.90,430064,10344986,-0.5,,,193,
2015-03-10,3032,偉訓,twse,23.90,24.85,23.90,24.75,1074374,26286118,0.85,,,440,
2015-03-11,3032,偉訓,twse,24.95,25.25,24.60,24.60,1563770,38855711,-0.15,,,1315,
2015-03-12,3032,偉訓,twse,24.60,25.05,24.60,24.80,529677,13141875,0.2,,,1346,
2015-03-13,3032,偉訓,twse,24.70,24.80,24.65,24.65,570529,14090100,-0.15,,,903,
2015-03-16,3032,偉訓,twse,24.80,25.20,24.75,24.85,1042151,26026436,0.2,,,940,
2015-03-17,3032,偉訓,twse,25.00,25.00,24.50,24.50,584058,14424022,-0.35,,,739,
2015-03-18,3032,偉訓,twse,24.50,24.60,24.35,24.50,473131,11587912,0.0,,,646,
2015-03-19,3032,偉訓,twse,24.75,24.75,24.35,24.40,486460,11908830,-0.1,,,538,
2015-03-20,3032,偉訓,twse,24.55,24.75,24.45,24.60,448306,11039956,0.2,,,475,
2015-03-23,3032,偉訓,twse,24.60,24.75,24.40,24.40,418054,10241900,-0.2,,,746,
2015-03-24,3032,偉訓,twse,24.40,24.45,24.30,24.40,333036,8119411,0.0,,,849,
2015-03-25,3032,偉訓,twse,24.40,24.55,24.15,24.30,362630,8829667,-0.1,,,673,
2015-03-26,3032,偉訓,twse,24.10,24.35,24.05,24.20,353490,8556226,-0.1,,,321,
2015-03-27,3032,偉訓,twse,24.55,24.95,24.55,24.60,902353,22290192,0.4,,,584,
2015-03-30,3032,偉訓,twse,24.70,24.90,24.30,24.30,378105,9279537,-0.3,,,304,
2015-03-31,3032,偉訓,twse,24.40,24.60,24.20,24.40,374036,9103101,0.1,,,210,
2015-04-01,3032,偉訓,twse,24.50,24.70,24.30,24.70,259123,6342874,0.3,,,146,
2015-04-02,3032,偉訓,twse,24.70,24.90,24.50,24.50,475219,11734490,-0.2,,,263,
2015-04-07,3032,偉訓,twse,24.50,24.85,24.50,24.70,359153,8874290,0.2,,,225,
2015-04-08,3032,偉訓,twse,24.90,24.90,24.70,24.90,432255,10714452,0.2,,,221,
2015-04-09,3032,偉訓,twse,24.90,24.95,24.65,24.70,304215,7536094,-0.2,,,161,
2015-04-10,3032,偉訓,twse,24.50,24.70,24.10,24.20,629302,15257053,-0.5,,,342,
2015-04-13,3032,偉訓,twse,24.20,24.25,23.80,23.85,497080,11906259,-0.35,,,287,
2015-04-14,3032,偉訓,twse,24.10,24.55,24.05,24.40,579017,14111412,0.55,,,238,
2015-04-15,3032,偉訓,twse,24.50,24.55,24.30,24.40,187113,4571090,0.0,,,110,
2015-04-16,3032,偉訓,twse,24.45,24.50,24.25,24.30,183339,4464499,-0.1,,,116,
2015-04-17,3032,偉訓,twse,24.50,24.50,23.70,23.70,394134,9437755,-0.6,,,220,
2015-04-20,3032,偉訓,twse,23.90,23.90,23.50,23.70,412052,9728261,0.0,,,197,
2015-04-21,3032,偉訓,twse,23.75,23.85,22.80,22.85,715951,16519273,-0.85,,,422,
2015-04-22,3032,偉訓,twse,22.85,23.00,22.25,22.90,398027,9028915,0.05,,,340,
2015-04-23,3032,偉訓,twse,23.00,23.25,22.95,23.25,284700,6571074,0.35,,,177,
2015-04-24,3032,偉訓,twse,23.40,23.40,23.10,23.35,212354,4939632,0.1,,,150,
2015-04-27,3032,偉訓,twse,23.35,23.35,22.80,22.80,622304,14289378,-0.55,,,370,
2015-04-28,3032,偉訓,twse,22.85,22.90,22.65,22.65,252806,5743588,-0.15,,,175,
2015-04-29,3032,偉訓,twse,22.70,22.80,22.50,22.75,312502,7063891,0.1,,,199,
2015-04-30,3032,偉訓,twse,22.95,22.95,22.60,22.85,284917,6496295,0.1,,,144,
2015-05-04,3032,偉訓,twse,23.00,23.00,22.75,22.90,210010,4802820,0.05,,,136,
2015-05-05,3032,偉訓,twse,22.85,23.10,22.75,23.00,197502,4530393,0.1,,,111,
2015-05-06,3032,偉訓,twse,22.80,23.00,22.75,22.90,153505,3506559,-0.1,,,96,
2015-05-07,3032,偉訓,twse,22.75,22.95,22.75,22.80,154009,3518751,-0.1,,,113,
2015-05-08,3032,偉訓,twse,22.80,22.85,22.65,22.75,193009,4387898,-0.05,,,117,
2015-05-11,3032,偉訓,twse,22.30,22.65,21.45,21.90,775080,16984681,-0.85,,,402,
2015-05-12,3032,偉訓,twse,21.90,22.25,21.90,22.25,162009,3569898,0.35,,,115,
2015-05-13,3032,偉訓,twse,22.30,23.00,22.30,22.70,159245,3614707,0.45,,,95,
2015-05-14,3032,偉訓,twse,22.70,22.90,22.60,22.65,169303,3847475,-0.05,,,91,
2015-05-15,3032,偉訓,twse,22.70,22.85,22.30,22.35,230010,5179721,-0.3,,,97,
2015-05-18,3032,偉訓,twse,22.55,22.65,22.40,22.40,128227,2889197,0.05,,,167,
2015-05-19,3032,偉訓,twse,22.50,22.90,22.35,22.90,213624,4803345,0.5,,,153,
2015-05-20,3032,偉訓,twse,22.60,22.85,22.50,22.60,189249,4287187,-0.3,,,104,
2015-05-21,3032,偉訓,twse,22.50,22.75,22.30,22.55,178754,4021788,-0.05,,,89,
2015-05-22,3032,偉訓,twse,22.40,22.65,22.35,22.40,265487,5961309,-0.15,,,150,
2015-05-25,3032,偉訓,twse,22.55,22.55,22.20,22.40,209002,4652594,0.0,,,99,
2015-05-26,3032,偉訓,twse,22.60,22.60,22.05,22.10,115001,2560622,-0.3,,,70,
2015-05-27,3032,偉訓,twse,22.10,22.45,22.00,22.35,135947,3025071,0.25,,,91,
2015-05-28,3032,偉訓,twse,22.45,22.80,22.30,22.30,612685,13782873,-0.05,,,193,
2015-05-29,3032,偉訓,twse,22.55,22.60,22.40,22.55,276141,6217457,0.25,,,145,
2015-06-01,3032,偉訓,twse,22.70,22.70,22.30,22.45,311083,6961159,-0.1,,,151,
2015-06-02,3032,偉訓,twse,22.45,22.50,22.25,22.30,376000,8396250,-0.15,,,184,
2015-06-03,3032,偉訓,twse,22.30,22.45,22.10,22.10,456707,10175708,-0.2,,,200,
2015-06-04,3032,偉訓,twse,22.10,22.30,21.80,21.85,448300,9846079,-0.25,,,263,
2015-06-05,3032,偉訓,twse,21.80,22.00,21.30,21.75,632317,13613759,-0.1,,,299,
2015-06-08,3032,偉訓,twse,21.60,21.65,21.35,21.40,211002,4524196,-0.35,,,158,
2015-06-09,3032,偉訓,twse,21.30,21.30,19.90,20.15,895800,18397960,-1.25,,,423,
2015-06-10,3032,偉訓,twse,20.10,20.70,20.10,20.50,237490,4876443,0.35,,,136,
2015-06-11,3032,偉訓,twse,21.00,21.00,20.55,20.80,292366,6047474,0.3,,,158,
2015-06-12,3032,偉訓,twse,20.80,20.95,20.70,20.85,376045,7829032,0.05,,,220,
2015-06-15,3032,偉訓,twse,20.95,21.30,20.80,21.20,646139,13614971,0.35,,,362,
2015-06-16,3032,偉訓,twse,19.00,19.30,18.50,19.00,663709,12571847,0.0,,,313,
2015-06-17,3032,偉訓,twse,19.00,19.40,19.00,19.40,284001,5455769,0.4,,,133,
2015-06-18,3032,偉訓,twse,19.40,19.70,19.35,19.40,181061,3526932,0.0,,,101,
2015-06-22,3032,偉訓,twse,19.40,19.50,19.30,19.40,209003,4049857,0.0,,,100,
2015-06-23,3032,偉訓,twse,19.50,19.70,19.10,19.50,190600,3679530,0.1,,,85,
2015-06-24,3032,偉訓,twse,19.20,19.40,19.00,19.05,164013,3132799,-0.45,,,60,
2015-06-25,3032,偉訓,twse,19.05,19.30,18.95,18.95,159935,3053565,-0.1,,,85,
2015-06-26,3032,偉訓,twse,19.00,19.00,18.50,18.70,383001,7163418,-0.25,,,177,
2015-06-29,3032,偉訓,twse,18.60,18.60,17.50,17.50,340052,6115859,-1.2,,,175,
2015-06-30,3032,偉訓,twse,17.60,18.10,17.60,18.05,273344,4871057,0.55,,,126,
2015-07-01,3032,偉訓,twse,17.95,18.10,17.90,18.00,70769,1271615,-0.05,,,52,
2015-07-02,3032,偉訓,twse,18.20,18.35,18.10,18.30,96003,1749354,0.3,,,56,
2015-07-03,3032,偉訓,twse,18.30,18.30,17.80,18.10,132132,2375495,-0.2,,,69,
2015-07-06,3032,偉訓,twse,18.10,18.10,17.60,18.05,116127,2066835,-0.05,,,70,
2015-07-07,3032,偉訓,twse,18.00,18.10,17.70,17.95,200609,3576639,-0.1,,,104,
2015-07-08,3032,偉訓,twse,17.80,17.80,17.10,17.10,424100,7369110,-0.85,,,167,
2015-07-09,3032,偉訓,twse,17.00,17.00,16.35,17.00,374020,6219093,-0.1,,,227,
2015-07-13,3032,偉訓,twse,17.25,17.25,16.70,16.80,192041,3243637,-0.2,,,112,
2015-07-14,3032,偉訓,twse,17.00,17.15,16.70,16.75,170697,2871277,-0.05,,,119,
2015-07-15,3032,偉訓,twse,17.25,17.25,16.70,16.95,295030,4976407,0.2,,,127,
2015-07-16,3032,偉訓,twse,16.95,17.10,16.70,17.10,159650,2689900,0.15,,,113,
2015-07-17,3032,偉訓,twse,17.15,17.35,17.10,17.15,224009,3856704,0.05,,,118,
2015-07-20,3032,偉訓,twse,17.30,17.30,17.00,17.05,221001,3766817,-0.1,,,101,
2015-07-21,3032,偉訓,twse,17.00,17.10,16.85,16.90,211002,3572784,-0.15,,,84,
2015-07-22,3032,偉訓,twse,16.90,16.90,16.65,16.70,286627,4802807,-0.2,,,111,
2015-07-23,3032,偉訓,twse,16.65,16.65,15.80,16.15,424501,6875942,-0.55,,,180,
2015-07-24,3032,偉訓,twse,16.15,16.30,15.90,16.25,152001,2442566,0.1,,,73,
2015-07-27,3032,偉訓,twse,15.95,16.20,14.65,14.65,308070,4670778,-1.6,,,167,
2015-07-28,3032,偉訓,twse,14.50,15.35,14.30,15.10,315001,4640765,0.45,,,129,
2015-07-29,3032,偉訓,twse,15.20,15.30,14.95,15.10,174500,2636249,0.0,,,76,
2015-07-30,3032,偉訓,twse,14.80,15.30,14.75,15.20,227006,3416646,0.1,,,112,
2015-07-31,3032,偉訓,twse,15.25,15.25,14.75,15.00,290403,4320939,-0.2,,,135,
2015-08-03,3032,偉訓,twse,15.05,15.05,14.80,14.80,189002,2824580,-0.2,,,80,
2015-08-04,3032,偉訓,twse,14.95,15.00,14.70,14.70,173514,2574710,-0.1,,,79,
2015-08-05,3032,偉訓,twse,14.70,15.30,14.70,15.25,160000,2389500,0.55,,,76,
2015-08-06,3032,偉訓,twse,15.70,15.70,14.95,15.05,202001,3060166,-0.2,,,103,
2015-08-07,3032,偉訓,twse,15.05,15.40,15.00,15.25,98651,1497559,0.2,,,74,
2015-08-10,3032,偉訓,twse,15.25,15.85,15.20,15.70,151005,2334327,0.45,,,79,
2015-08-11,3032,偉訓,twse,15.80,15.90,15.60,15.90,168708,2658481,0.2,,,97,
2015-08-12,3032,偉訓,twse,15.65,15.90,15.30,15.70,134016,2077197,-0.2,,,87,
2015-08-13,3032,偉訓,twse,15.50,15.85,15.45,15.80,81022,1271497,0.1,,,56,
2015-08-14,3032,偉訓,twse,15.80,16.00,15.80,15.85,69100,1096234,0.05,,,51,
2015-08-17,3032,偉訓,twse,15.85,15.90,15.80,15.85,131201,2078225,0.0,,,41,
2015-08-18,3032,偉訓,twse,15.95,16.00,15.80,15.90,103050,1632640,0.05,,,33,
2015-08-19,3032,偉訓,twse,15.80,15.80,15.40,15.60,213030,3321364,-0.3,,,76,
2015-08-20,3032,偉訓,twse,15.60,15.95,15.55,15.90,110001,1729166,0.3,,,73,
2015-08-21,3032,偉訓,twse,15.50,15.55,14.90,15.50,205562,3142451,-0.4,,,105,
2015-08-24,3032,偉訓,twse,15.00,15.35,13.95,13.95,807011,11306454,-1.55,,,245,
2015-08-25,3032,偉訓,twse,12.60,13.95,12.60,13.95,1099008,14457162,0.0,,,290,
2015-08-26,3032,偉訓,twse,13.60,14.05,13.25,14.05,363178,4912768,0.1,,,163,
2015-08-27,3032,偉訓,twse,14.05,14.85,14.05,14.50,264071,3801427,0.45,,,172,
2015-08-28,3032,偉訓,twse,14.50,14.75,14.45,14.70,289963,4223306,0.2,,,145,
2015-08-31,3032,偉訓,twse,14.70,14.95,14.55,14.95,119617,1764409,0.25,,,95,
2015-09-01,3032,偉訓,twse,14.90,15.00,14.70,14.95,194014,2884760,0.0,,,81,
2015-09-02,3032,偉訓,twse,14.65,14.85,14.60,14.75,97010,1430596,-0.2,,,46,
2015-09-03,3032,偉訓,twse,14.85,15.10,14.75,15.10,227823,3406885,0.35,,,107,
2015-09-04,3032,偉訓,twse,15.10,15.20,14.85,14.90,164000,2455150,-0.2,,,66,
2015-09-07,3032,偉訓,twse,14.95,15.00,14.70,15.00,129000,1923450,0.1,,,58,
2015-09-08,3032,偉訓,twse,15.05,15.05,14.95,15.05,123579,1855275,0.05,,,45,
2015-09-09,3032,偉訓,twse,15.20,15.60,15.20,15.60,194400,2998332,0.55,,,111,
2015-09-10,3032,偉訓,twse,15.60,17.15,15.55,17.15,776000,13068250,1.55,,,368,
2015-09-11,3032,偉訓,twse,18.00,18.60,17.75,18.30,1214854,22061337,1.15,,,631,
2015-09-14,3032,偉訓,twse,18.30,18.45,17.60,18.05,471066,8493699,-0.25,,,234,
2015-09-15,3032,偉訓,twse,17.90,17.95,17.75,17.95,126131,2250445,-0.1,,,80,
2015-09-16,3032,偉訓,twse,18.05,18.65,18.00,18.45,712006,13132308,0.5,,,330,
2015-09-17,3032,偉訓,twse,18.60,19.10,18.55,18.85,464100,8732983,0.4,,,244,
2015-09-18,3032,偉訓,twse,18.85,18.95,18.30,18.80,626001,11589018,-0.05,,,212,
2015-09-21,3032,偉訓,twse,18.50,18.70,18.30,18.35,216051,3983677,-0.45,,,93,
2015-09-22,3032,偉訓,twse,18.45,18.80,18.40,18.65,241005,4483740,0.3,,,107,
2015-09-23,3032,偉訓,twse,18.75,18.75,18.20,18.65,480007,8886126,0.0,,,141,
2015-09-24,3032,偉訓,twse,18.85,18.95,18.45,18.45,352009,6565412,-0.2,,,148,
2015-09-25,3032,偉訓,twse,18.45,18.50,18.20,18.40,228086,4186320,-0.05,,,75,
2015-09-30,3032,偉訓,twse,18.40,18.55,18.30,18.55,148007,2722876,0.15,,,94,
2015-10-01,3032,偉訓,twse,18.60,18.70,18.55,18.65,214002,3994936,0.1,,,103,
2015-10-02,3032,偉訓,twse,18.65,19.00,18.65,18.95,151025,2845427,0.3,,,88,
2015-10-05,3032,偉訓,twse,19.45,19.85,19.10,19.50,529319,10323437,0.55,,,239,
2015-10-06,3032,偉訓,twse,19.65,19.65,19.15,19.50,357155,6928455,0.0,,,137,
2015-10-07,3032,偉訓,twse,19.65,20.00,19.50,19.90,457536,9064711,0.4,,,198,
2015-10-08,3032,偉訓,twse,21.40,21.40,20.15,20.45,1492535,30865835,0.55,,,640,
2015-10-12,3032,偉訓,twse,20.60,20.70,20.35,20.50,565482,11600880,0.05,,,238,
2015-10-13,3032,偉訓,twse,20.45,20.50,20.15,20.30,232859,4731894,-0.2,,,137,
2015-10-14,3032,偉訓,twse,20.30,20.30,19.75,19.90,267063,5348546,-0.4,,,126,
2015-10-15,3032,偉訓,twse,19.90,20.65,19.90,20.45,659003,13473560,0.55,,,247,
2015-10-16,3032,偉訓,twse,20.45,20.45,20.10,20.10,290006,5879420,-0.35,,,130,
2015-10-19,3032,偉訓,twse,20.15,20.20,20.05,20.20,85002,1712890,0.1,,,61,
2015-10-20,3032,偉訓,twse,20.25,20.90,20.25,20.70,401070,8253141,0.5,,,205,
2015-10-21,3032,偉訓,twse,20.70,21.00,20.70,20.80,410060,8545590,0.1,,,208,
2015-10-22,3032,偉訓,twse,20.80,20.80,20.65,20.80,200003,4150760,0.0,,,96,
2015-10-23,3032,偉訓,twse,20.80,20.95,20.50,20.70,276426,5704625,-0.1,,,133,
2015-10-26,3032,偉訓,twse,20.75,20.90,20.50,20.60,235009,4846280,-0.1,,,112,
2015-10-27,3032,偉訓,twse,20.70,20.70,20.30,20.50,184430,3770162,-0.1,,,101,
2015-10-28,3032,偉訓,twse,20.40,20.45,20.15,20.35,123184,2500916,-0.15,,,74,
2015-10-29,3032,偉訓,twse,20.35,20.35,20.10,20.25,99002,2000890,-0.1,,,67,
2015-10-30,3032,偉訓,twse,20.25,20.75,19.90,20.40,262939,5302713,0.15,,,143,
2015-11-02,3032,偉訓,twse,20.20,20.50,20.20,20.30,107571,2188733,-0.1,,,60,
2015-11-03,3032,偉訓,twse,20.45,21.10,20.45,20.80,500844,10411069,0.5,,,192,
2015-11-04,3032,偉訓,twse,21.00,21.00,20.70,20.80,253060,5271240,0.0,,,79,
2015-11-05,3032,偉訓,twse,20.90,21.95,20.80,21.50,960810,20674843,0.7,,,400,
2015-11-06,3032,偉訓,twse,21.55,21.75,21.20,21.65,264023,5682443,0.15,,,137,
2015-11-09,3032,偉訓,twse,21.65,21.80,21.20,21.55,222003,4778163,-0.1,,,120,
2015-11-10,3032,偉訓,twse,20.60,21.60,20.55,21.55,541001,11359171,0.0,,,248,
2015-11-11,3032,偉訓,twse,21.45,21.45,20.85,20.95,502417,10578320,-0.6,,,203,
2015-11-12,3032,偉訓,twse,20.95,21.35,20.65,20.90,304799,6371317,-0.05,,,193,
2015-11-13,3032,偉訓,twse,20.65,21.00,20.65,20.90,344002,7164190,0.0,,,122,
2015-11-16,3032,偉訓,twse,20.70,21.05,20.70,20.85,155007,3235140,-0.05,,,68,
2015-11-17,3032,偉訓,twse,21.05,21.45,20.95,21.05,273015,5782880,0.2,,,130,
2015-11-18,3032,偉訓,twse,21.10,21.35,20.95,21.20,145038,3063200,0.15,,,112,
2015-11-19,3032,偉訓,twse,21.30,22.55,21.05,22.15,1006423,22112356,0.95,,,492,
2015-11-20,3032,偉訓,twse,22.15,22.35,21.60,22.15,331678,7308616,0.0,,,155,
2015-11-23,3032,偉訓,twse,22.15,22.15,21.70,21.90,261926,5727883,-0.25,,,130,
2015-11-24,3032,偉訓,twse,22.10,22.20,21.30,21.50,268170,5810534,-0.4,,,160,
2015-11-25,3032,偉訓,twse,21.60,21.75,21.30,21.75,288050,6184377,0.25,,,133,
2015-11-26,3032,偉訓,twse,21.80,22.30,21.80,22.00,352019,7746368,0.25,,,156,
2015-11-27,3032,偉訓,twse,22.10,22.80,22.10,22.30,455746,10203421,0.3,,,224,
2015-11-30,3032,偉訓,twse,21.75,22.05,21.75,22.05,195219,4268084,-0.25,,,109,
2015-12-01,3032,偉訓,twse,22.10,22.30,21.85,22.00,274050,6046950,-0.05,,,103,
2015-12-02,3032,偉訓,twse,22.15,22.60,21.95,22.45,536012,11978764,0.45,,,247,
2015-12-03,3032,偉訓,twse,22.65,23.25,22.50,22.50,759018,17418596,0.05,,,383,
2015-12-04,3032,偉訓,twse,22.50,22.75,22.40,22.60,274241,6180786,0.1,,,134,
2015-12-07,3032,偉訓,twse,22.60,22.60,22.15,22.60,138019,3089819,0.0,,,101,
2015-12-08,3032,偉訓,twse,22.35,22.55,22.20,22.30,194429,4336020,-0.3,,,87,
2015-12-09,3032,偉訓,twse,22.35,22.55,21.95,21.95,289001,6401521,-0.35,,,153,
2015-12-10,3032,偉訓,twse,22.00,22.00,21.45,21.75,348460,7525431,-0.2,,,179,
2015-12-11,3032,偉訓,twse,21.60,21.80,21.00,21.00,320040,6805380,-0.75,,,140,
2015-12-14,3032,偉訓,twse,20.15,21.10,20.15,21.10,413024,8593754,0.1,,,158,
2015-12-15,3032,偉訓,twse,21.00,21.50,21.00,21.50,149010,3156662,0.4,,,73,
2015-12-16,3032,偉訓,twse,21.95,21.95,21.50,21.65,136002,2942342,0.15,,,60,
2015-12-17,3032,偉訓,twse,21.70,22.30,21.65,21.95,369122,8151507,0.3,,,156,
2015-12-18,3032,偉訓,twse,21.90,22.00,21.65,22.00,115523,2532898,0.05,,,59,
2015-12-21,3032,偉訓,twse,21.90,22.10,21.75,21.90,120021,2629691,-0.1,,,74,
2015-12-22,3032,偉訓,twse,21.85,22.10,21.80,21.80,132021,2898702,-0.1,,,94,
2015-12-23,3032,偉訓,twse,21.95,22.25,21.65,22.20,385591,8513680,0.4,,,146,
2015-12-24,3032,偉訓,twse,22.25,22.30,21.60,21.90,245097,5388447,-0.3,,,113,
2015-12-25,3032,偉訓,twse,21.60,21.95,21.55,21.95,72190,1570385,0.05,,,59,
2015-12-28,3032,偉訓,twse,21.95,22.00,21.75,21.75,124100,2707248,-0.2,,,71,
2015-12-29,3032,偉訓,twse,21.80,22.10,21.70,21.80,243262,5324330,0.05,,,67,
2015-12-30,3032,偉訓,twse,21.80,21.85,21.60,21.75,95008,2061718,-0.05,,,52,
2015-12-31,3032,偉訓,twse,21.90,21.90,21.60,21.60,118019,2556207,-0.15,,,69,
2016-01-04,3032,偉訓,twse,21.60,21.60,21.20,21.30,260027,5551972,-0.3,,,140,
2016-01-05,3032,偉訓,twse,21.15,21.50,21.10,21.30,153022,3268066,0.0,,,80,
2016-01-06,3032,偉訓,twse,21.45,21.50,21.10,21.45,208100,4442484,0.15,,,89,
2016-01-07,3032,偉訓,twse,21.45,21.45,21.00,21.25,253005,5334305,-0.2,,,126,
2016-01-08,3032,偉訓,twse,21.40,22.30,21.35,22.10,463303,10134056,0.85,,,231,
2016-01-11,3032,偉訓,twse,22.10,22.30,21.70,21.90,359213,7917914,-0.2,,,176,
2016-01-12,3032,偉訓,twse,21.95,22.60,21.90,22.25,785212,17511736,0.35,,,364,
2016-01-13,3032,偉訓,twse,22.25,23.20,22.25,22.40,851118,19349112,0.15,,,369,
2016-01-14,3032,偉訓,twse,21.90,21.90,20.70,21.40,459209,9833026,-1.0,,,263,
2016-01-15,3032,偉訓,twse,21.40,21.75,21.30,21.45,193646,4159399,0.05,,,136,
2016-01-18,3032,偉訓,twse,21.20,22.50,21.00,22.30,667011,14475792,0.85,,,247,
2016-01-19,3032,偉訓,twse,22.30,23.10,22.00,22.30,768204,17392238,0.0,,,283,
2016-01-20,3032,偉訓,twse,22.30,22.60,22.10,22.50,315301,7062732,0.2,,,156,
2016-01-21,3032,偉訓,twse,21.90,23.20,21.90,22.70,739069,16894854,0.2,,,261,
2016-01-22,3032,偉訓,twse,23.10,23.85,22.95,23.10,977020,22794213,0.4,,,495,
2016-01-25,3032,偉訓,twse,23.30,23.75,23.25,23.45,693000,16246900,0.35,,,303,
2016-01-26,3032,偉訓,twse,23.45,23.50,23.00,23.20,291216,6742187,-0.25,,,150,
2016-01-27,3032,偉訓,twse,23.50,23.50,22.95,23.20,294411,6838843,0.0,,,181,
2016-01-28,3032,偉訓,twse,23.15,24.35,23.15,24.20,1929000,46336350,1.0,,,851,
2016-01-29,3032,偉訓,twse,24.80,25.00,24.30,24.60,1735368,42879092,0.4,,,753,
2016-01-30,3032,偉訓,twse,25.00,26.00,25.00,25.95,2418718,62190901,1.35,,,966,
2016-02-01,3032,偉訓,twse,26.50,26.70,25.75,25.85,1004512,26217829,-0.1,,,505,
2016-02-02,3032,偉訓,twse,25.90,25.90,24.80,25.15,1158679,29060124,-0.7,,,555,
2016-02-03,3032,偉訓,twse,24.85,25.80,24.85,25.15,873419,22144225,0.0,,,464,
2016-02-15,3032,偉訓,twse,25.15,26.20,25.15,25.55,1112447,28585607,0.4,,,460,
2016-02-16,3032,偉訓,twse,25.60,25.75,25.30,25.65,822212,20993119,0.1,,,353,
2016-02-17,3032,偉訓,twse,25.70,26.20,25.40,25.65,698313,17984905,0.0,,,348,
2016-02-18,3032,偉訓,twse,25.70,26.15,25.65,26.10,742121,19264881,0.45,,,332,
2016-02-19,3032,偉訓,twse,26.10,26.70,25.95,26.05,1056219,27830264,-0.05,,,435,
2016-02-22,3032,偉訓,twse,26.15,26.40,25.80,25.95,547092,14231142,-0.1,,,271,
2016-02-23,3032,偉訓,twse,26.10,27.35,26.10,26.75,784101,20958124,0.8,,,411,
2016-02-24,3032,偉訓,twse,26.75,26.75,25.90,26.40,669411,17556162,-0.35,,,333,
2016-02-25,3032,偉訓,twse,26.45,27.00,26.10,26.40,628112,16737330,0.0,,,397,
2016-02-26,3032,偉訓,twse,26.70,26.70,26.00,26.40,444297,11702689,0.0,,,224,
2016-03-01,3032,偉訓,twse,26.75,27.10,26.30,26.85,1026624,27472939,0.45,,,489,
2016-03-02,3032,偉訓,twse,27.00,27.10,26.60,26.90,574713,15395901,0.05,,,233,
2016-03-03,3032,偉訓,twse,27.00,27.05,26.60,26.85,719984,19332350,-0.05,,,254,
2016-03-04,3032,偉訓,twse,27.10,29.50,26.75,29.40,3040019,86998845,2.55,,,1149,
2016-03-07,3032,偉訓,twse,30.00,30.40,29.00,29.45,2194603,64893581,0.05,,,857,
2016-03-08,3032,偉訓,twse,29.40,30.50,28.55,29.95,1411159,41526222,0.5,,,695,
2016-03-09,3032,偉訓,twse,29.40,30.45,29.25,29.40,1142111,33781497,-0.55,,,410,
2016-03-10,3032,偉訓,twse,29.90,29.90,29.35,29.50,663046,19598840,0.1,,,279,
2016-03-11,3032,偉訓,twse,29.50,31.00,29.10,31.00,1287299,38886207,1.5,,,562,
2016-03-14,3032,偉訓,twse,31.45,33.50,31.20,32.20,3688934,118400124,1.2,,,1695,
2016-03-15,3032,偉訓,twse,32.30,33.70,31.90,32.50,2806570,92077473,0.3,,,1332,
2016-03-16,3032,偉訓,twse,33.60,35.75,33.50,35.75,7530458,263034611,3.25,,,2528,
2016-03-17,3032,偉訓,twse,36.15,39.15,35.75,36.70,8817174,328479785,0.95,,,4247,
2016-03-18,3032,偉訓,twse,36.90,38.20,36.80,37.40,2964860,110866968,0.7,,,1655,
2016-03-21,3032,偉訓,twse,37.95,38.25,36.00,37.75,2099782,77971337,0.35,,,1238,
2016-03-22,3032,偉訓,twse,37.65,40.35,37.00,39.50,4109046,158774595,1.75,,,2229,
2016-03-23,3032,偉訓,twse,39.35,41.50,39.35,41.00,4005590,161663940,1.5,,,2163,
2016-03-24,3032,偉訓,twse,41.35,42.50,39.50,39.65,3566179,145940280,-1.35,,,1847,
2016-03-25,3032,偉訓,twse,39.65,40.60,38.20,40.60,2271741,90428670,0.95,,,1189,
2016-03-28,3032,偉訓,twse,41.30,41.30,38.90,38.90,1347185,53593417,-1.7,,,754,
2016-03-29,3032,偉訓,twse,39.00,39.40,36.30,37.30,2167813,81676130,-1.6,,,1069,
2016-03-30,3032,偉訓,twse,38.15,40.00,37.30,39.50,1932626,75419594,2.2,,,1076,
2016-03-31,3032,偉訓,twse,39.50,39.60,38.00,38.90,1125676,43609514,-0.6,,,713,
2016-04-01,3032,偉訓,twse,38.10,40.00,38.10,38.20,1491952,58513656,-0.7,,,871,
2016-04-06,3032,偉訓,twse,38.10,39.40,38.00,38.30,808236,31239250,0.1,,,624,
2016-04-07,3032,偉訓,twse,38.60,39.70,38.10,39.45,974432,37965651,1.15,,,659,
2016-04-08,3032,偉訓,twse,39.35,43.35,39.00,43.25,6274025,263305615,3.8,,,3351,
2016-04-11,3032,偉訓,twse,43.25,44.50,40.80,41.40,4544599,195426739,-1.85,,,2323,
2016-04-12,3032,偉訓,twse,41.90,43.75,41.50,42.80,4565266,195312048,1.4,,,2734,
2016-04-13,3032,偉訓,twse,43.00,43.50,41.40,42.60,2615060,110691344,-0.2,,,1616,
2016-04-14,3032,偉訓,twse,43.20,44.50,41.55,41.80,4006615,173017227,-0.8,,,2265,
2016-04-15,3032,偉訓,twse,41.80,42.30,41.10,41.25,1685112,70032200,-0.55,,,931,
2016-04-18,3032,偉訓,twse,41.05,41.05,39.80,39.80,1494209,60012388,-1.45,,,914,
2016-04-19,3032,偉訓,twse,40.30,41.70,39.90,40.20,1739807,70949580,0.4,,,1062,
2016-04-20,3032,偉訓,twse,40.40,40.70,37.30,37.60,3016634,115869893,-2.6,,,1747,
2016-04-21,3032,偉訓,twse,38.20,38.55,37.05,37.15,1191346,44915069,-0.45,,,748,
2016-04-22,3032,偉訓,twse,37.40,37.70,33.80,35.20,2649954,93831032,-1.95,,,1374,
2016-04-25,3032,偉訓,twse,35.20,36.45,34.85,34.85,1018107,36180563,-0.35,,,664,
2016-04-26,3032,偉訓,twse,35.00,35.80,34.65,35.20,938693,32918795,0.35,,,635,
2016-04-27,3032,偉訓,twse,35.40,35.75,34.75,34.90,623403,21913328,-0.3,,,358,
2016-04-28,3032,偉訓,twse,34.90,36.40,34.50,35.85,1238047,43951120,0.95,,,705,
2016-04-29,3032,偉訓,twse,35.35,35.90,33.60,33.95,1717190,59270858,-1.9,,,909,
2016-05-03,3032,偉訓,twse,34.05,34.45,33.30,34.30,642609,21838266,0.35,,,363,
2016-05-04,3032,偉訓,twse,34.40,35.45,33.60,34.80,830000,28882249,0.5,,,522,
2016-05-05,3032,偉訓,twse,34.80,36.45,34.65,36.30,938202,33345341,1.5,,,534,
2016-05-06,3032,偉訓,twse,36.30,37.20,35.60,36.10,1167416,42577733,-0.2,,,696,
2016-05-09,3032,偉訓,twse,36.25,36.95,35.70,35.70,749400,27204699,-0.4,,,481,
2016-05-10,3032,偉訓,twse,35.15,36.10,34.80,34.95,769125,27185768,-0.75,,,466,
2016-05-11,3032,偉訓,twse,35.05,35.65,33.80,34.15,1283549,44267375,-0.8,,,641,
2016-05-12,3032,偉訓,twse,34.50,34.90,32.70,33.00,1091240,36855794,-1.15,,,581,
2016-05-13,3032,偉訓,twse,33.00,33.00,30.70,32.00,1990412,63221451,-1.0,,,1043,
2016-05-16,3032,偉訓,twse,32.00,34.30,31.00,33.80,961000,31559550,1.8,,,613,
2016-05-17,3032,偉訓,twse,34.00,34.20,33.35,33.60,465017,15678524,-0.2,,,273,
2016-05-18,3032,偉訓,twse,33.20,34.25,33.20,33.25,300265,10092710,-0.35,,,211,
2016-05-19,3032,偉訓,twse,34.30,34.40,33.10,33.10,425824,14362624,-0.15,,,303,
2016-05-20,3032,偉訓,twse,33.20,33.45,32.60,33.05,222000,7331150,-0.05,,,163,
2016-05-23,3032,偉訓,twse,32.85,35.30,32.85,35.00,1067040,36629292,1.95,,,626,
2016-05-24,3032,偉訓,twse,35.00,35.10,34.25,34.35,445193,15375039,-0.65,,,296,
2016-05-25,3032,偉訓,twse,34.60,35.30,34.60,34.85,658545,23017542,0.5,,,380,
2016-05-26,3032,偉訓,twse,35.00,35.30,34.70,34.75,448120,15661652,-0.1,,,243,
2016-05-27,3032,偉訓,twse,35.20,38.20,34.90,38.20,3243204,120176441,3.45,,,1675,
2016-05-30,3032,偉訓,twse,38.70,40.35,38.35,38.75,5074508,199250877,0.55,,,2693,
2016-05-31,3032,偉訓,twse,38.70,39.35,37.60,38.60,1627294,62858360,-0.15,,,965,
2016-06-01,3032,偉訓,twse,38.60,40.20,38.45,39.20,2520463,99245457,0.6,,,1439,
2016-06-02,3032,偉訓,twse,39.65,40.20,38.80,38.95,1776052,70307224,-0.25,,,896,
2016-06-03,3032,偉訓,twse,39.00,39.50,38.30,38.40,690307,26677577,-0.55,,,433,
2016-06-04,3032,偉訓,twse,38.50,39.80,38.50,38.90,931030,36568267,0.5,,,621,
2016-06-06,3032,偉訓,twse,40.00,40.80,38.45,38.55,2152001,85058188,-0.35,,,1383,
2016-06-07,3032,偉訓,twse,38.70,39.00,37.70,38.20,916000,35189600,-0.35,,,531,
2016-06-08,3032,偉訓,twse,38.50,39.40,38.30,39.00,787552,30649566,0.8,,,480,
2016-06-13,3032,偉訓,twse,39.45,39.90,38.85,38.90,1917882,75400383,-0.1,,,1144,
2016-06-14,3032,偉訓,twse,38.70,39.70,38.40,39.50,918685,35986368,0.6,,,547,
2016-06-15,3032,偉訓,twse,40.00,41.00,39.50,39.60,3289929,132475299,0.1,,,1739,
2016-06-16,3032,偉訓,twse,39.55,39.75,38.65,38.75,1081001,42190188,-0.85,,,630,
2016-06-17,3032,偉訓,twse,39.50,39.50,38.60,38.60,733440,28587896,-0.15,,,487,
2016-06-20,3032,偉訓,twse,38.65,39.10,38.65,39.00,462134,17975626,0.4,,,269,
2016-06-21,3032,偉訓,twse,39.35,39.40,38.75,38.75,360529,14007094,-0.25,,,211,
2016-06-22,3032,偉訓,twse,38.80,39.30,38.35,38.55,440040,17029439,-0.2,,,282,
2016-06-23,3032,偉訓,twse,38.55,38.60,37.35,37.35,1009060,38126332,-1.2,,,624,
2016-06-24,3032,偉訓,twse,37.65,37.85,33.65,34.35,2686442,94214592,-3.0,,,1453,
2016-06-27,3032,偉訓,twse,34.35,36.40,34.35,36.05,950136,33860146,1.7,,,569,
2016-06-28,3032,偉訓,twse,36.05,36.80,35.65,36.55,527051,19158501,0.5,,,374,
2016-06-29,3032,偉訓,twse,36.60,36.90,36.30,36.30,453490,16576633,-0.25,,,258,
2016-06-30,3032,偉訓,twse,36.60,36.95,36.40,36.40,384509,14088250,0.1,,,228,
2016-07-01,3032,偉訓,twse,36.80,36.80,36.10,36.60,323494,11790479,0.2,,,179,
2016-07-04,3032,偉訓,twse,36.60,38.50,36.60,38.10,1038115,39412319,1.5,,,638,
2016-07-05,3032,偉訓,twse,38.20,38.90,37.70,38.00,371301,14151638,-0.1,,,248,
2016-07-06,3032,偉訓,twse,38.00,38.00,37.05,37.30,393110,14695180,-0.7,,,224,
2016-07-07,3032,偉訓,twse,37.40,37.75,37.20,37.50,310526,11635865,0.2,,,201,
2016-07-11,3032,偉訓,twse,37.70,38.00,37.60,37.75,480183,18133716,0.25,,,251,
2016-07-12,3032,偉訓,twse,38.80,39.50,38.15,38.15,1875204,72799902,0.4,,,972,
2016-07-13,3032,偉訓,twse,38.50,38.60,38.00,38.45,399501,15305887,0.3,,,262,
2016-07-14,3032,偉訓,twse,38.45,39.40,38.15,38.60,994964,38746270,0.15,,,559,
2016-07-15,3032,偉訓,twse,38.90,39.05,38.60,38.80,645471,25070126,0.2,,,329,
2016-07-18,3032,偉訓,twse,39.50,39.60,38.90,39.25,1491236,58437810,0.45,,,696,
2016-07-19,3032,偉訓,twse,37.50,37.95,37.30,37.50,1112387,41765941,0.0,,,591,
2016-07-20,3032,偉訓,twse,37.50,37.80,37.20,37.50,492100,18456949,0.0,,,325,
2016-07-21,3032,偉訓,twse,37.70,37.80,36.95,36.95,702116,26144684,-0.55,,,364,
2016-07-22,3032,偉訓,twse,37.00,37.65,36.95,37.30,346001,12909037,0.35,,,236,
2016-07-25,3032,偉訓,twse,37.40,37.45,36.00,36.25,888003,32342658,-1.05,,,531,
2016-07-26,3032,偉訓,twse,36.45,37.40,36.25,37.30,707464,26221914,1.05,,,387,
2016-07-27,3032,偉訓,twse,37.75,38.40,37.40,37.90,1453332,55199080,0.6,,,730,
2016-07-28,3032,偉訓,twse,38.45,39.30,38.30,39.00,2747209,106859151,1.1,,,1573,
2016-07-29,3032,偉訓,twse,40.50,41.75,40.10,41.00,4993848,204182018,2.0,,,2855,
2016-08-01,3032,偉訓,twse,41.00,42.75,40.40,42.20,3586400,150198317,1.2,,,2024,
2016-08-02,3032,偉訓,twse,42.15,42.15,41.20,41.50,1619578,67260412,-0.7,,,1003,
2016-08-03,3032,偉訓,twse,41.00,42.20,40.70,40.80,2066787,85613001,-0.7,,,1221,
2016-08-04,3032,偉訓,twse,41.40,41.40,40.10,41.10,1524304,62061214,0.3,,,904,
2016-08-05,3032,偉訓,twse,39.80,40.40,37.90,39.70,3244953,127514342,-1.4,,,1764,
2016-08-08,3032,偉訓,twse,39.70,40.35,38.85,39.60,1334351,52963648,-0.1,,,715,
2016-08-09,3032,偉訓,twse,39.60,40.10,38.90,40.00,1012462,40098135,0.4,,,538,
2016-08-10,3032,偉訓,twse,40.00,40.00,39.25,39.35,726720,28772605,-0.65,,,382,
2016-08-11,3032,偉訓,twse,40.35,40.60,38.10,38.10,3854300,151832287,-1.25,,,2015,
2016-08-12,3032,偉訓,twse,38.50,38.95,37.30,37.90,1298066,49360427,-0.2,,,784,
2016-08-15,3032,偉訓,twse,38.00,38.50,37.55,38.50,815266,31031366,0.6,,,440,
2016-08-16,3032,偉訓,twse,38.50,38.65,37.80,38.30,547385,20912867,-0.2,,,349,
2016-08-17,3032,偉訓,twse,38.00,38.15,37.35,37.55,1037910,39179384,-0.75,,,538,
2016-08-18,3032,偉訓,twse,37.65,38.20,37.65,37.85,521632,19770741,0.3,,,325,
2016-08-19,3032,偉訓,twse,37.85,38.00,37.50,37.55,614369,23178610,-0.3,,,337,
2016-08-22,3032,偉訓,twse,37.60,38.20,37.45,37.65,826185,31259136,0.1,,,413,
2016-08-23,3032,偉訓,twse,37.65,37.95,37.65,37.75,487071,18392709,0.1,,,235,
2016-08-24,3032,偉訓,twse,38.00,38.30,37.75,37.90,724500,27451190,0.15,,,341,
2016-08-25,3032,偉訓,twse,38.00,41.00,37.95,40.80,3686368,147825303,2.9,,,2013,
2016-08-26,3032,偉訓,twse,41.00,41.50,40.00,40.00,1995170,81230065,-0.8,,,1117,
2016-08-29,3032,偉訓,twse,40.20,41.90,40.00,41.15,2640803,108653027,1.15,,,1586,
2016-08-30,3032,偉訓,twse,41.15,41.50,40.75,41.40,1056984,43511079,0.25,,,700,
2016-08-31,3032,偉訓,twse,41.70,42.40,40.80,40.85,2126389,88485121,-0.55,,,1170,
2016-09-01,3032,偉訓,twse,40.85,41.40,40.55,40.60,904200,36818920,-0.25,,,484,
2016-09-02,3032,偉訓,twse,41.00,41.10,39.50,39.55,1408234,56326544,-1.05,,,771,
2016-09-05,3032,偉訓,twse,39.60,39.85,38.80,39.30,1188774,46722673,-0.25,,,615,
2016-09-06,3032,偉訓,twse,39.70,40.80,39.70,40.30,854101,34296400,1.0,,,480,
2016-09-07,3032,偉訓,twse,40.15,40.35,39.80,40.15,439289,17606621,-0.15,,,292,
2016-09-08,3032,偉訓,twse,40.20,40.30,39.50,39.90,691091,27527616,-0.25,,,406,
2016-09-09,3032,偉訓,twse,40.25,40.45,39.85,39.95,599121,23977558,0.05,,,344,
2016-09-10,3032,偉訓,twse,40.50,40.90,40.00,40.00,1483885,59984712,0.05,,,874,
2016-09-12,3032,偉訓,twse,40.50,40.50,38.85,38.85,1665803,65440293,-1.15,,,819,
2016-09-13,3032,偉訓,twse,39.50,39.55,38.20,38.60,937150,36396867,-0.25,,,528,
2016-09-14,3032,偉訓,twse,38.60,39.15,38.60,38.80,373000,14498400,0.2,,,199,
2016-09-19,3032,偉訓,twse,39.45,39.45,38.95,39.05,451802,17702416,0.25,,,335,
2016-09-20,3032,偉訓,twse,39.20,40.25,39.20,39.60,453371,18054696,0.55,,,298,
2016-09-21,3032,偉訓,twse,39.65,40.15,39.30,39.75,502200,19945489,0.15,,,264,
2016-09-22,3032,偉訓,twse,40.00,40.10,39.70,39.85,476116,18985566,0.1,,,247,
2016-09-23,3032,偉訓,twse,40.10,41.70,39.90,41.15,2720791,111739049,1.3,,,1399,
2016-09-26,3032,偉訓,twse,41.70,42.70,41.35,42.50,4422621,186296703,1.35,,,2373,
2016-09-29,3032,偉訓,twse,43.10,43.70,41.60,41.70,3024453,128517368,-0.8,,,1577,
2016-09-30,3032,偉訓,twse,41.75,43.60,41.70,43.40,4075395,175067618,1.7,,,2157,
2016-10-03,3032,偉訓,twse,44.40,47.70,44.40,47.70,11394512,534920407,4.3,,,5530,
2016-10-04,3032,偉訓,twse,48.25,49.15,46.40,48.40,6347828,304653929,0.7,,,3844,
2016-10-05,3032,偉訓,twse,48.40,52.20,48.05,52.20,6620267,329328773,3.8,,,4307,
2016-10-06,3032,偉訓,twse,52.00,53.20,49.35,49.35,7582436,384204757,-2.85,,,4882,
2016-10-07,3032,偉訓,twse,49.20,49.80,48.20,48.45,3160628,154072773,-0.9,,,1984,
2016-10-11,3032,偉訓,twse,48.25,48.40,43.65,44.20,7353666,328817934,-4.25,,,3891,
2016-10-12,3032,偉訓,twse,45.00,46.20,44.35,44.35,3804585,172268139,0.15,,,2525,
2016-10-13,3032,偉訓,twse,44.60,44.65,42.70,43.40,2451408,106964754,-0.95,,,1568,
2016-10-14,3032,偉訓,twse,43.90,44.20,41.50,42.50,2376639,101511014,-0.9,,,1369,
2016-10-17,3032,偉訓,twse,42.60,43.90,42.05,43.55,1326021,57352913,1.05,,,866,
2016-10-18,3032,偉訓,twse,43.10,43.90,42.80,43.40,966349,41921285,-0.15,,,613,
2016-10-19,3032,偉訓,twse,43.80,44.45,43.60,43.65,1558300,68660500,0.25,,,1042,
2016-10-20,3032,偉訓,twse,43.65,43.95,43.40,43.65,739090,32249841,0.0,,,503,
2016-10-21,3032,偉訓,twse,44.50,46.20,44.45,44.85,3496601,158651520,1.2,,,2196,
2016-10-24,3032,偉訓,twse,45.00,45.50,44.70,45.00,878122,39552057,0.15,,,590,
2016-10-25,3032,偉訓,twse,45.25,45.40,43.60,43.85,1215448,53617242,-1.15,,,810,
2016-10-26,3032,偉訓,twse,43.50,43.80,43.00,43.75,707095,30728348,-0.1,,,435,
2016-10-27,3032,偉訓,twse,43.75,43.90,43.20,43.60,350266,15269996,-0.15,,,233,
2016-10-28,3032,偉訓,twse,43.60,44.15,43.40,43.80,459020,20113518,0.2,,,332,
2016-10-31,3032,偉訓,twse,43.80,43.80,43.20,43.50,213060,9276014,-0.3,,,158,
2016-11-01,3032,偉訓,twse,43.50,45.30,43.50,44.10,1427313,63763998,0.6,,,936,
2016-11-02,3032,偉訓,twse,44.05,44.50,42.40,42.45,1050352,45538740,-1.65,,,640,
2016-11-03,3032,偉訓,twse,42.40,42.80,39.35,40.80,1653401,67573491,-1.65,,,999,
2016-11-04,3032,偉訓,twse,41.20,42.20,40.80,40.90,798185,32973364,0.1,,,548,
2016-11-07,3032,偉訓,twse,40.50,41.50,40.50,41.05,478687,19649962,0.15,,,272,
2016-11-08,3032,偉訓,twse,41.05,41.60,39.70,40.30,813102,32790409,-0.75,,,469,
2016-11-09,3032,偉訓,twse,40.50,40.70,37.70,37.70,2310208,90195004,-2.6,,,1148,
2016-11-10,3032,偉訓,twse,39.40,40.90,39.30,40.70,963001,38639290,3.0,,,569,
2016-11-11,3032,偉訓,twse,40.70,40.70,38.90,39.15,881080,34749178,-1.55,,,542,
2016-11-14,3032,偉訓,twse,39.00,39.15,38.25,38.45,570005,21972710,-0.7,,,368,
2016-11-15,3032,偉訓,twse,38.35,39.70,38.35,39.05,383336,14978319,0.6,,,266,
2016-11-16,3032,偉訓,twse,39.20,39.60,38.45,38.60,361109,14063415,-0.45,,,234,
2016-11-17,3032,偉訓,twse,38.60,39.25,38.50,39.15,204401,7979439,0.55,,,150,
2016-11-18,3032,偉訓,twse,39.20,40.70,39.20,40.25,563457,22554108,1.1,,,419,
2016-11-21,3032,偉訓,twse,40.95,41.10,39.65,39.80,429100,17256976,-0.45,,,318,
2016-11-22,3032,偉訓,twse,40.00,40.30,39.80,40.10,233002,9315130,0.3,,,179,
2016-11-23,3032,偉訓,twse,40.10,40.55,40.00,40.15,326580,13142384,0.05,,,199,
2016-11-24,3032,偉訓,twse,40.05,40.45,39.25,39.70,332013,13165064,-0.45,,,214,
2016-11-25,3032,偉訓,twse,39.70,39.95,39.30,39.85,197200,7817517,0.15,,,138,
2016-11-28,3032,偉訓,twse,39.70,40.10,39.65,39.65,394062,15696450,-0.2,,,215,
2016-11-29,3032,偉訓,twse,39.65,39.65,39.20,39.40,250001,9827439,-0.25,,,167,
2016-11-30,3032,偉訓,twse,39.40,39.75,39.00,39.60,184000,7248900,0.2,,,121,
2016-12-01,3032,偉訓,twse,39.50,39.60,39.05,39.20,172001,6749539,-0.4,,,117,
2016-12-02,3032,偉訓,twse,39.20,39.20,38.60,38.65,327510,12710659,-0.55,,,253,
2016-12-05,3032,偉訓,twse,38.70,39.10,38.70,39.05,124001,4824438,0.4,,,85,
2016-12-06,3032,偉訓,twse,39.20,39.20,38.70,39.00,174540,6789000,-0.05,,,126,
2016-12-07,3032,偉訓,twse,39.35,39.35,38.90,39.30,139084,5430092,0.3,,,106,
2016-12-08,3032,偉訓,twse,39.20,39.90,39.20,39.70,389506,15442985,0.4,,,267,
2016-12-09,3032,偉訓,twse,40.00,40.60,39.70,39.85,730468,29358548,0.15,,,468,
2016-12-12,3032,偉訓,twse,40.20,40.20,39.10,39.10,316600,12495319,-0.75,,,234,
2016-12-13,3032,偉訓,twse,39.10,39.30,38.75,39.20,312510,12175040,0.1,,,171,
2016-12-14,3032,偉訓,twse,39.25,39.45,39.05,39.25,124003,4874468,0.05,,,86,
2016-12-15,3032,偉訓,twse,39.00,39.55,38.85,39.55,173273,6796210,0.3,,,112,
2016-12-16,3032,偉訓,twse,39.55,39.95,39.50,39.75,191168,7599188,0.2,,,140,
2016-12-19,3032,偉訓,twse,39.65,39.75,39.10,39.40,149080,5874957,-0.35,,,114,
2016-12-20,3032,偉訓,twse,39.30,39.40,39.10,39.35,165001,6470339,-0.05,,,143,
2016-12-21,3032,偉訓,twse,39.30,39.40,38.55,38.80,244020,9510380,-0.55,,,160,
2016-12-22,3032,偉訓,twse,38.80,38.90,38.50,38.70,180130,6967249,-0.1,,,118,
2016-12-23,3032,偉訓,twse,38.70,39.00,38.50,38.60,168566,6509930,-0.1,,,121,
2016-12-26,3032,偉訓,twse,38.70,38.95,38.40,38.40,126001,4847938,-0.2,,,75,
2016-12-27,3032,偉訓,twse,38.50,38.50,38.15,38.30,122152,4681566,-0.1,,,89,
2016-12-28,3032,偉訓,twse,38.20,38.45,38.20,38.30,154003,5898614,0.0,,,89,
2016-12-29,3032,偉訓,twse,38.20,38.20,37.85,37.95,384090,14579036,-0.35,,,249,
2016-12-30,3032,偉訓,twse,38.00,38.65,37.85,38.65,354304,13588673,0.7,,,180,
2017-01-03,3032,偉訓,twse,38.65,38.65,37.90,37.90,412120,15719439,-0.75,,,329,
2017-01-04,3032,偉訓,twse,38.15,38.35,37.90,37.95,235501,8960137,0.05,,,145,
2017-01-05,3032,偉訓,twse,38.10,38.45,37.90,38.25,323003,12343714,0.3,,,188,
2017-01-06,3032,偉訓,twse,38.50,39.75,38.35,39.50,1486487,58300487,1.25,,,889,
2017-01-09,3032,偉訓,twse,39.55,39.90,38.50,38.50,697573,27308505,-1.0,,,469,
2017-01-10,3032,偉訓,twse,38.50,38.85,38.15,38.60,306348,11771822,0.1,,,209,
2017-01-11,3032,偉訓,twse,39.70,42.45,39.20,42.45,4421626,182213767,3.85,,,2312,
2017-01-12,3032,偉訓,twse,43.60,44.70,43.05,44.05,6205477,272765004,1.6,,,3569,
2017-01-13,3032,偉訓,twse,44.00,44.00,42.60,43.95,1818004,79059419,-0.1,,,1142,
2017-01-16,3032,偉訓,twse,44.45,45.20,43.30,43.30,2483438,109826912,-0.65,,,1432,
2017-01-17,3032,偉訓,twse,43.40,43.80,43.00,43.40,1097712,47618784,0.1,,,690,
2017-01-18,3032,偉訓,twse,43.70,44.40,43.35,43.70,1315807,57704308,0.3,,,804,
2017-01-19,3032,偉訓,twse,44.10,45.45,44.05,44.20,2633365,117804979,0.5,,,1555,
2017-01-20,3032,偉訓,twse,44.65,44.65,43.50,43.85,1065107,46810458,-0.35,,,683,
2017-01-23,3032,偉訓,twse,43.80,44.20,43.15,43.25,674538,29308014,-0.6,,,427,
2017-01-24,3032,偉訓,twse,43.25,43.25,42.10,42.45,963772,41031435,-0.8,,,565,
2017-02-02,3032,偉訓,twse,42.60,43.45,42.00,42.90,599054,25587678,0.45,,,396,
2017-02-03,3032,偉訓,twse,43.00,43.60,42.90,43.50,733531,31800795,0.6,,,437,
2017-02-06,3032,偉訓,twse,43.85,45.25,43.30,44.75,1756609,78083247,1.25,,,947,
2017-02-07,3032,偉訓,twse,45.20,45.60,43.80,43.80,1618456,72158114,-0.95,,,946,
2017-02-08,3032,偉訓,twse,43.80,44.25,43.40,43.80,570212,24925289,0.0,,,339,
2017-02-09,3032,偉訓,twse,43.70,43.70,43.05,43.10,664130,28711423,-0.7,,,426,
2017-02-10,3032,偉訓,twse,43.70,44.50,43.10,43.10,789100,34393006,0.0,,,508,
2017-02-13,3032,偉訓,twse,43.50,44.20,42.80,43.30,642223,27919299,0.2,,,439,
2017-02-14,3032,偉訓,twse,43.40,43.55,42.05,42.40,797523,33921202,-0.9,,,491,
2017-02-15,3032,偉訓,twse,42.85,42.85,42.05,42.15,413731,17480456,-0.25,,,307,
2017-02-16,3032,偉訓,twse,42.15,43.15,42.10,42.20,550034,23342243,0.05,,,354,
2017-02-17,3032,偉訓,twse,42.20,42.70,41.65,41.70,640316,26878761,-0.5,,,420,
2017-02-18,3032,偉訓,twse,41.70,42.15,41.60,42.00,277736,11627551,0.3,,,205,
2017-02-20,3032,偉訓,twse,42.10,42.15,41.55,41.55,565024,23589688,-0.45,,,322,
2017-02-21,3032,偉訓,twse,41.60,41.70,40.80,41.05,672669,27694518,-0.5,,,409,
2017-02-22,3032,偉訓,twse,41.30,42.40,41.30,42.15,596185,24968297,1.1,,,458,
2017-02-23,3032,偉訓,twse,42.40,42.50,40.90,41.50,692100,28635942,-0.65,,,571,
2017-02-24,3032,偉訓,twse,41.40,41.65,41.10,41.30,281506,11674372,-0.2,,,189,
2017-03-01,3032,偉訓,twse,41.55,41.55,40.80,40.80,659482,27061457,-0.5,,,368,
2017-03-02,3032,偉訓,twse,40.90,41.35,40.05,40.05,541162,21849626,-0.75,,,375,
2017-03-03,3032,偉訓,twse,40.35,41.80,39.90,41.25,904007,37024587,1.2,,,447,
2017-03-06,3032,偉訓,twse,41.50,41.50,40.40,40.50,647109,26311487,-0.75,,,451,
2017-03-07,3032,偉訓,twse,40.35,40.95,40.35,40.60,199080,8084128,0.1,,,178,
2017-03-08,3032,偉訓,twse,40.80,41.35,40.70,41.30,359767,14782497,0.7,,,296,
2017-03-09,3032,偉訓,twse,41.30,41.80,40.90,41.40,356251,14727671,0.1,,,302,
2017-03-10,3032,偉訓,twse,41.80,41.85,40.65,41.10,321305,13260328,-0.3,,,277,
2017-03-13,3032,偉訓,twse,41.20,41.30,41.05,41.10,149413,6149916,0.0,,,181,
2017-03-14,3032,偉訓,twse,41.25,42.90,41.15,42.20,990041,41923972,1.1,,,702,
2017-03-15,3032,偉訓,twse,42.65,43.35,42.40,42.85,1127720,48318177,0.65,,,662,
2017-03-16,3032,偉訓,twse,43.50,43.50,42.25,42.30,1062218,45413265,-0.55,,,628,
2017-03-17,3032,偉訓,twse,42.40,42.50,41.75,42.00,844818,35470543,-0.3,,,580,
2017-03-20,3032,偉訓,twse,42.30,42.40,41.50,41.60,515375,21495672,-0.4,,,367,
2017-03-21,3032,偉訓,twse,41.90,41.95,40.50,40.80,986644,40449754,-0.8,,,580,
2017-03-22,3032,偉訓,twse,40.55,41.55,40.35,41.05,431050,17574157,0.25,,,273,
2017-03-23,3032,偉訓,twse,41.05,41.20,40.60,40.80,574387,23467666,-0.25,,,416,
2017-03-24,3032,偉訓,twse,40.80,41.05,40.60,40.75,349019,14223979,-0.05,,,272,
2017-03-27,3032,偉訓,twse,40.80,40.90,40.50,40.50,320050,12991506,-0.25,,,244,
2017-03-28,3032,偉訓,twse,40.55,40.80,38.70,39.55,876125,34931353,-0.95,,,527,
2017-03-29,3032,偉訓,twse,39.70,40.00,39.05,39.55,397401,15697190,0.0,,,283,
2017-03-30,3032,偉訓,twse,39.80,39.80,39.50,39.60,188333,7449609,0.05,,,177,
2017-03-31,3032,偉訓,twse,39.90,39.95,39.30,39.30,348082,13749523,-0.3,,,253,
2017-04-05,3032,偉訓,twse,39.40,39.60,39.00,39.50,477085,18719671,0.2,,,292,
2017-04-06,3032,偉訓,twse,39.50,41.10,39.50,40.70,459166,18550895,1.2,,,348,
2017-04-07,3032,偉訓,twse,40.85,40.90,40.00,40.10,324220,13037560,-0.6,,,238,
2017-04-10,3032,偉訓,twse,40.30,40.60,40.00,40.15,242241,9728934,0.05,,,212,
2017-04-11,3032,偉訓,twse,41.00,41.40,40.55,40.80,852999,34956742,0.65,,,588,
2017-04-12,3032,偉訓,twse,40.75,40.90,40.20,40.65,333155,13521546,-0.15,,,293,
2017-04-13,3032,偉訓,twse,40.65,41.00,40.50,40.50,240012,9769080,-0.15,,,181,
2017-04-14,3032,偉訓,twse,40.50,40.50,39.65,39.70,409012,16373718,-0.8,,,301,
2017-04-17,3032,偉訓,twse,39.70,39.85,38.70,39.65,476421,18680030,-0.05,,,321,
2017-04-18,3032,偉訓,twse,39.70,40.00,39.50,39.90,195008,7740770,0.25,,,160,
2017-04-19,3032,偉訓,twse,40.10,41.10,39.75,40.80,710512,28902030,0.9,,,553,
2017-04-20,3032,偉訓,twse,41.45,42.00,40.70,40.90,1336013,55349533,0.1,,,714,
2017-04-21,3032,偉訓,twse,41.70,41.70,40.65,40.85,450140,18462793,-0.05,,,259,
2017-04-24,3032,偉訓,twse,41.25,41.30,40.60,40.60,418054,17149241,-0.25,,,226,
2017-04-25,3032,偉訓,twse,41.15,41.15,40.50,40.50,336252,13692014,-0.1,,,227,
2017-04-26,3032,偉訓,twse,40.85,41.30,40.40,41.30,578830,23634910,0.8,,,382,
2017-04-27,3032,偉訓,twse,41.30,41.30,40.65,41.10,299122,12259187,-0.2,,,179,
2017-04-28,3032,偉訓,twse,41.25,41.30,40.90,41.30,261050,10720454,0.2,,,172,
2017-05-02,3032,偉訓,twse,41.70,42.80,41.55,42.15,1105537,46636044,0.85,,,673,
2017-05-03,3032,偉訓,twse,42.05,42.40,41.70,41.70,506557,21330785,-0.45,,,317,
2017-05-04,3032,偉訓,twse,41.40,41.50,40.90,41.10,556101,22899851,-0.6,,,392,
2017-05-05,3032,偉訓,twse,41.40,41.50,40.80,40.80,462430,19007894,-0.3,,,314,
2017-05-08,3032,偉訓,twse,41.30,41.40,40.70,41.35,386010,15852560,0.55,,,257,
2017-05-09,3032,偉訓,twse,41.05,41.40,40.30,40.95,281002,11475630,-0.4,,,190,
2017-05-10,3032,偉訓,twse,39.00,40.10,38.00,39.60,1619348,63569564,-1.35,,,853,
2017-05-11,3032,偉訓,twse,39.45,39.95,39.45,39.80,303051,12029271,0.2,,,229,
2017-05-12,3032,偉訓,twse,39.80,39.85,39.50,39.60,411120,16310227,-0.2,,,223,
2017-05-15,3032,偉訓,twse,39.65,39.70,38.80,39.60,759107,29851065,0.0,,,374,
2017-05-16,3032,偉訓,twse,39.55,40.15,39.55,40.10,721153,28753102,0.5,,,372,
2017-05-17,3032,偉訓,twse,40.10,40.85,40.10,40.50,674737,27345598,0.4,,,367,
2017-05-18,3032,偉訓,twse,40.50,40.55,39.90,40.20,492400,19856180,-0.3,,,349,
2017-05-19,3032,偉訓,twse,40.65,41.80,40.65,41.65,1350147,55972314,1.45,,,883,
2017-05-22,3032,偉訓,twse,42.50,42.50,41.65,42.05,894300,37537834,0.4,,,523,
2017-05-23,3032,偉訓,twse,42.20,43.00,42.00,42.50,1295119,55001621,0.45,,,744,
2017-05-24,3032,偉訓,twse,42.85,43.30,42.75,43.00,1814100,77987925,0.5,,,994,
2017-05-25,3032,偉訓,twse,43.50,43.65,43.00,43.05,1325520,57346285,0.05,,,733,
2017-05-26,3032,偉訓,twse,43.20,43.70,42.60,43.50,1368493,59139268,0.45,,,765,
2017-05-31,3032,偉訓,twse,44.00,44.95,44.00,44.35,2275000,101103094,0.85,,,1379,
2017-06-01,3032,偉訓,twse,44.60,44.80,43.85,44.10,1291570,57137286,-0.25,,,838,
2017-06-02,3032,偉訓,twse,44.50,45.80,44.30,45.45,3205890,145081572,1.35,,,1887,
2017-06-03,3032,偉訓,twse,45.95,46.50,45.60,46.40,1812522,83588164,0.95,,,1092,
2017-06-05,3032,偉訓,twse,46.50,47.40,46.50,47.00,1857266,87462409,0.6,,,1186,
2017-06-06,3032,偉訓,twse,46.90,48.40,46.55,48.40,2476447,118531238,1.4,,,1481,
2017-06-07,3032,偉訓,twse,48.80,49.20,46.15,47.95,3277079,156969283,-0.45,,,2102,
2017-06-08,3032,偉訓,twse,48.60,49.45,47.60,47.60,2646142,127784292,-0.35,,,1380,
2017-06-09,3032,偉訓,twse,48.00,48.20,47.50,47.50,1222605,58319486,-0.1,,,637,
2017-06-12,3032,偉訓,twse,46.90,47.95,46.50,47.55,1408100,66319979,0.05,,,835,
2017-06-13,3032,偉訓,twse,47.35,48.10,47.20,47.60,889164,42553406,0.05,,,539,
2017-06-14,3032,偉訓,twse,48.00,48.50,46.85,47.55,1885942,89816244,-0.05,,,1090,
2017-06-15,3032,偉訓,twse,47.55,48.20,47.20,48.10,1030714,49301026,0.55,,,589,
2017-06-16,3032,偉訓,twse,48.10,48.40,47.60,47.75,712549,34197824,-0.35,,,444,
2017-06-19,3032,偉訓,twse,47.70,48.40,47.50,47.55,948589,45313602,-0.2,,,624,
2017-06-20,3032,偉訓,twse,47.55,47.60,47.20,47.30,855210,40520370,-0.25,,,500,
2017-06-21,3032,偉訓,twse,47.30,47.35,46.65,46.85,749336,35165270,-0.45,,,504,
2017-06-22,3032,偉訓,twse,47.80,48.30,47.45,47.65,1278300,61230428,0.8,,,799,
2017-06-23,3032,偉訓,twse,48.00,48.05,46.95,47.05,950630,44907123,-0.6,,,531,
2017-06-26,3032,偉訓,twse,47.05,47.05,45.60,45.75,1401323,64506244,-1.3,,,924,
2017-06-27,3032,偉訓,twse,46.15,46.45,46.00,46.00,384222,17741805,0.25,,,270,
2017-06-28,3032,偉訓,twse,46.00,46.75,46.00,46.15,585314,27097658,0.15,,,397,
2017-06-29,3032,偉訓,twse,46.40,46.45,46.15,46.25,447000,20663250,0.1,,,232,
2017-06-30,3032,偉訓,twse,46.30,46.30,45.60,46.00,533352,24505242,-0.25,,,362,
2017-07-03,3032,偉訓,twse,46.15,46.65,45.70,46.30,376500,17413549,0.3,,,235,
2017-07-04,3032,偉訓,twse,46.60,46.80,46.20,46.35,619641,28845127,0.05,,,389,
2017-07-05,3032,偉訓,twse,46.45,47.30,46.10,47.20,537540,25046837,0.85,,,389,
2017-07-06,3032,偉訓,twse,47.50,48.00,46.70,46.70,912241,43194803,-0.5,,,645,
2017-07-07,3032,偉訓,twse,46.55,46.55,45.00,45.80,609000,27931998,-0.9,,,398,
2017-07-10,3032,偉訓,twse,46.40,46.40,45.20,46.10,382948,17514868,0.3,,,237,
2017-07-11,3032,偉訓,twse,46.10,46.10,45.50,45.60,360020,16449061,-0.5,,,234,
2017-07-12,3032,偉訓,twse,45.55,45.85,45.05,45.65,345165,15661730,0.05,,,249,
2017-07-13,3032,偉訓,twse,45.60,45.60,45.15,45.60,495652,22477129,-0.05,,,268,
2017-07-14,3032,偉訓,twse,45.45,45.65,45.30,45.40,240396,10922507,-0.2,,,119,
2017-07-17,3032,偉訓,twse,45.40,45.45,44.65,45.40,1253527,56331616,0.0,,,488,
2017-07-18,3032,偉訓,twse,45.40,46.00,45.40,45.95,889572,40788924,0.55,,,442,
2017-07-19,3032,偉訓,twse,44.00,44.75,44.00,44.35,932894,41411623,0.0,,,592,
2017-07-20,3032,偉訓,twse,44.40,45.50,44.05,45.20,829001,37173595,0.85,,,424,
2017-07-21,3032,偉訓,twse,45.50,45.50,44.90,45.05,409073,18493188,-0.15,,,298,
2017-07-24,3032,偉訓,twse,45.35,45.35,44.75,45.00,403000,18097550,-0.05,,,259,
2017-07-25,3032,偉訓,twse,45.00,45.20,44.65,45.10,383256,17196994,0.1,,,207,
2017-07-26,3032,偉訓,twse,45.30,45.30,44.65,45.00,483043,21676270,-0.1,,,213,
2017-07-27,3032,偉訓,twse,45.50,45.50,44.95,45.20,422606,19055255,0.2,,,182,
2017-07-28,3032,偉訓,twse,45.30,45.30,44.90,45.20,262000,11799600,0.0,,,173,
2017-07-31,3032,偉訓,twse,45.40,47.30,45.20,46.95,1944210,90733705,1.75,,,1266,
2017-08-01,3032,偉訓,twse,46.95,47.35,46.60,47.00,623600,29236500,0.05,,,453,
2017-08-02,3032,偉訓,twse,47.10,47.10,46.55,47.00,738010,34495420,0.0,,,323,
2017-08-03,3032,偉訓,twse,47.00,47.20,46.70,46.95,397429,18664905,-0.05,,,302,
2017-08-04,3032,偉訓,twse,46.95,47.05,46.60,46.95,696060,31538052,0.0,,,261,
2017-08-07,3032,偉訓,twse,47.00,47.20,46.60,46.85,389372,18281951,-0.1,,,251,
2017-08-08,3032,偉訓,twse,47.00,47.00,46.00,46.75,322100,15004150,-0.1,,,218,
2017-08-09,3032,偉訓,twse,46.60,46.60,45.80,46.20,562010,25860459,-0.55,,,280,
2017-08-10,3032,偉訓,twse,44.50,44.50,41.65,42.10,1788224,75906127,-4.1,,,986,
2017-08-11,3032,偉訓,twse,42.00,42.10,40.50,42.00,988443,40706493,-0.1,,,587,
2017-08-14,3032,偉訓,twse,41.45,41.45,39.90,40.90,872501,35351491,-1.1,,,535,
2017-08-15,3032,偉訓,twse,40.90,41.35,40.55,40.90,405504,16582185,0.0,,,277,
2017-08-16,3032,偉訓,twse,40.90,41.05,40.50,40.90,314671,12810775,0.0,,,208,
2017-08-17,3032,偉訓,twse,40.55,40.90,40.55,40.90,411517,16771043,0.0,,,222,
2017-08-18,3032,偉訓,twse,40.80,40.80,39.90,40.40,598010,24065004,-0.5,,,387,
2017-08-21,3032,偉訓,twse,40.40,40.65,40.00,40.55,381140,15343223,0.15,,,260,
2017-08-22,3032,偉訓,twse,40.80,41.10,40.50,41.10,218750,8941748,0.55,,,168,
2017-08-23,3032,偉訓,twse,41.20,41.90,41.10,41.20,370020,15347473,0.1,,,250,
2017-08-24,3032,偉訓,twse,41.20,41.20,40.75,41.20,285333,11679901,0.0,,,168,
2017-08-25,3032,偉訓,twse,41.20,41.30,40.80,41.00,475427,19489257,-0.2,,,193,
2017-08-28,3032,偉訓,twse,40.95,40.95,40.20,40.80,412401,16697208,-0.2,,,236,
2017-08-29,3032,偉訓,twse,40.60,42.15,40.60,42.00,561840,23370818,1.2,,,352,
2017-08-30,3032,偉訓,twse,42.00,42.00,41.50,41.95,282163,11761003,-0.05,,,186,
2017-08-31,3032,偉訓,twse,41.95,41.95,41.50,41.70,169107,7034394,-0.25,,,101,
2017-09-01,3032,偉訓,twse,41.70,41.70,41.10,41.55,203402,8432402,-0.15,,,118,
2017-09-04,3032,偉訓,twse,41.10,41.55,41.00,41.30,195120,8041056,-0.25,,,143,
2017-09-05,3032,偉訓,twse,41.20,41.45,41.05,41.30,132021,5444017,0.0,,,101,
2017-09-06,3032,偉訓,twse,41.20,41.25,40.85,41.00,151001,6193691,-0.3,,,106,
2017-09-07,3032,偉訓,twse,41.05,41.10,40.30,40.80,305183,12420778,-0.2,,,206,
2017-09-08,3032,偉訓,twse,40.50,40.80,40.20,40.80,410142,16576714,0.0,,,236,
2017-09-11,3032,偉訓,twse,40.85,41.10,40.50,40.95,130048,5301057,0.15,,,108,
2017-09-12,3032,偉訓,twse,40.80,40.90,40.10,40.80,236512,9565783,-0.15,,,154,
2017-09-13,3032,偉訓,twse,40.70,40.70,40.40,40.70,98900,4016079,-0.1,,,82,
2017-09-14,3032,偉訓,twse,40.60,40.90,40.50,40.80,145011,5899551,0.1,,,100,
2017-09-15,3032,偉訓,twse,40.60,41.10,40.60,40.90,215080,8792522,0.1,,,166,
2017-09-18,3032,偉訓,twse,41.00,41.00,40.75,40.90,159202,6506829,0.0,,,132,
2017-09-19,3032,偉訓,twse,40.90,42.45,40.90,41.55,693447,29131682,0.65,,,486,
2017-09-20,3032,偉訓,twse,41.85,42.00,41.70,41.85,253458,10614352,0.3,,,206,
2017-09-21,3032,偉訓,twse,41.90,42.80,41.90,42.45,225060,9558135,0.6,,,185,
2017-09-22,3032,偉訓,twse,42.50,42.50,41.80,42.35,212710,8968820,-0.1,,,151,
2017-09-25,3032,偉訓,twse,42.75,42.75,41.10,42.15,216001,8983342,-0.2,,,158,
2017-09-26,3032,偉訓,twse,41.85,42.10,40.90,41.70,416100,17217520,-0.45,,,249,
2017-09-27,3032,偉訓,twse,41.65,41.65,41.10,41.50,424271,17530207,-0.2,,,257,
2017-09-28,3032,偉訓,twse,41.55,41.60,40.80,40.80,272060,11162087,-0.7,,,136,
2017-09-29,3032,偉訓,twse,41.00,41.20,40.60,41.00,92355,3774011,0.2,,,68,
2017-09-30,3032,偉訓,twse,41.00,41.40,41.00,41.05,45801,1881311,0.05,,,31,
2017-10-02,3032,偉訓,twse,41.15,41.45,41.00,41.30,139040,5729898,0.25,,,104,
2017-10-03,3032,偉訓,twse,41.25,41.75,41.20,41.60,263600,10915400,0.3,,,137,
2017-10-05,3032,偉訓,twse,41.90,41.95,41.75,41.80,106008,4436428,0.2,,,87,
2017-10-06,3032,偉訓,twse,41.65,41.65,41.25,41.60,79042,3277846,-0.2,,,47,
2017-10-11,3032,偉訓,twse,41.30,41.55,41.05,41.20,121022,4980307,-0.4,,,93,
2017-10-12,3032,偉訓,twse,41.20,41.65,41.10,41.30,122253,5050061,0.1,,,86,
2017-10-13,3032,偉訓,twse,41.40,41.40,41.05,41.15,151008,6211479,-0.15,,,106,
2017-10-16,3032,偉訓,twse,41.05,41.05,40.60,41.00,220020,8966622,-0.15,,,138,
2017-10-17,3032,偉訓,twse,41.00,41.05,40.55,40.90,258200,10510659,-0.1,,,126,
2017-10-18,3032,偉訓,twse,40.60,40.65,40.30,40.30,263050,10619925,-0.6,,,106,
2017-10-19,3032,偉訓,twse,40.20,40.85,40.20,40.70,129900,5271192,0.4,,,75,
2017-10-20,3032,偉訓,twse,40.50,40.70,40.50,40.50,76155,3087377,-0.2,,,48,
2017-10-23,3032,偉訓,twse,40.75,40.90,40.45,40.55,114799,4673948,0.05,,,69,
2017-10-24,3032,偉訓,twse,40.50,40.75,40.40,40.55,69044,2799028,0.0,,,60,
2017-10-25,3032,偉訓,twse,40.55,40.65,40.20,40.65,300167,12120046,0.1,,,149,
2017-10-26,3032,偉訓,twse,40.10,40.60,40.10,40.60,194010,7818604,-0.05,,,95,
2017-10-27,3032,偉訓,twse,40.30,40.50,40.10,40.40,176645,7108114,-0.2,,,119,
2017-10-30,3032,偉訓,twse,40.15,40.30,39.75,40.25,207126,8279940,-0.15,,,142,
2017-10-31,3032,偉訓,twse,40.00,40.25,39.85,40.25,122064,4881960,0.0,,,64,
2017-11-01,3032,偉訓,twse,40.00,40.00,39.80,39.90,120063,4790699,-0.35,,,86,
2017-11-02,3032,偉訓,twse,39.80,39.80,39.40,39.80,348566,13796233,-0.1,,,172,
2017-11-03,3032,偉訓,twse,39.85,40.25,39.50,39.70,157061,6238630,-0.1,,,84,
2017-11-06,3032,偉訓,twse,40.00,40.00,39.50,39.75,84004,3331857,0.05,,,72,
2017-11-07,3032,偉訓,twse,39.75,39.80,39.40,39.75,152396,6032800,0.0,,,93,
2017-11-08,3032,偉訓,twse,39.70,39.75,39.55,39.75,51020,2024391,0.0,,,40,
2017-11-09,3032,偉訓,twse,39.70,42.60,39.20,41.00,1163183,48400311,1.25,,,791,
2017-11-10,3032,偉訓,twse,41.00,41.00,40.40,40.45,249000,10094950,-0.55,,,119,
2017-11-13,3032,偉訓,twse,40.45,40.45,39.90,40.45,158401,6366368,0.0,,,99,
2017-11-14,3032,偉訓,twse,39.90,40.35,39.90,40.10,142002,5693028,-0.35,,,111,
2017-11-15,3032,偉訓,twse,39.95,40.00,39.75,39.95,69004,2753258,-0.15,,,59,
2017-11-16,3032,偉訓,twse,39.90,40.10,39.70,39.95,77408,3087393,0.0,,,60,
2017-11-17,3032,偉訓,twse,40.00,40.10,39.70,39.95,184063,7335170,0.0,,,127,
2017-11-20,3032,偉訓,twse,40.15,40.30,40.00,40.30,79002,3172630,0.35,,,53,
2017-11-21,3032,偉訓,twse,40.40,40.40,39.90,40.20,142147,5689358,-0.1,,,89,
2017-11-22,3032,偉訓,twse,40.50,40.50,39.50,39.90,168624,6719042,-0.3,,,94,
2017-11-23,3032,偉訓,twse,39.90,40.00,39.70,39.90,58141,2314097,0.0,,,51,
2017-11-24,3032,偉訓,twse,39.80,39.90,39.50,39.90,181011,7193136,0.0,,,88,
2017-11-27,3032,偉訓,twse,39.95,39.95,39.50,39.90,174001,6917589,0.0,,,99,
2017-11-28,3032,偉訓,twse,39.80,40.10,39.55,40.10,130272,5207251,0.2,,,51,
2017-11-29,3032,偉訓,twse,40.30,40.30,40.00,40.20,148000,5946500,0.1,,,63,
2017-11-30,3032,偉訓,twse,40.20,40.20,39.55,39.80,175000,6958350,-0.4,,,78,
2017-12-01,3032,偉訓,twse,39.80,39.80,39.25,39.75,78001,3081789,-0.05,,,52,
2017-12-04,3032,偉訓,twse,39.50,39.65,39.30,39.50,101324,3997197,-0.25,,,89,
2017-12-05,3032,偉訓,twse,39.35,39.45,39.10,39.45,68020,2672183,-0.05,,,58,
2017-12-06,3032,偉訓,twse,39.50,39.50,38.95,39.40,98453,3858170,-0.05,,,56,
2017-12-07,3032,偉訓,twse,39.15,39.35,39.10,39.30,45001,1762489,-0.1,,,31,
2017-12-08,3032,偉訓,twse,39.30,39.30,39.05,39.25,48354,1893841,-0.05,,,31,
2017-12-11,3032,偉訓,twse,39.25,40.40,39.15,39.45,136378,5398942,0.2,,,65,
2017-12-12,3032,偉訓,twse,39.25,39.50,39.00,39.50,81063,3177975,0.05,,,36,
2017-12-13,3032,偉訓,twse,39.50,39.50,39.05,39.50,82021,3220724,0.0,,,69,
2017-12-14,3032,偉訓,twse,39.45,39.45,38.75,39.05,172168,6726712,-0.45,,,108,
2017-12-15,3032,偉訓,twse,38.80,39.05,38.65,39.05,72513,2815931,0.0,,,61,
2017-12-18,3032,偉訓,twse,39.05,39.05,38.65,39.00,64007,2485323,-0.05,,,56,
2017-12-19,3032,偉訓,twse,39.00,39.00,38.55,39.00,23023,895390,0.0,,,25,
2017-12-20,3032,偉訓,twse,39.00,39.05,38.75,39.00,35543,1381977,0.0,,,25,
2017-12-21,3032,偉訓,twse,38.65,38.95,38.60,38.90,55140,2135193,-0.1,,,32,
2017-12-22,3032,偉訓,twse,38.60,38.75,38.50,38.75,82001,3165039,-0.15,,,51,
2017-12-25,3032,偉訓,twse,38.50,38.55,38.30,38.30,90050,3455324,-0.45,,,60,
2017-12-26,3032,偉訓,twse,38.40,38.40,37.85,38.30,121003,4610664,0.0,,,71,
2017-12-27,3032,偉訓,twse,38.30,38.30,38.00,38.30,98003,3732614,0.0,,,56,
2017-12-28,3032,偉訓,twse,38.10,38.80,38.10,38.75,39502,1520201,0.45,,,25,
2017-12-29,3032,偉訓,twse,39.00,39.00,38.65,38.80,26005,1008295,0.05,,,28,
2018-01-02,3032,偉訓,twse,38.60,38.60,38.35,38.40,49225,1892678,-0.4,,,41,
2018-01-03,3032,偉訓,twse,38.50,38.90,38.40,38.45,156061,6007905,0.05,,,64,
2018-01-04,3032,偉訓,twse,38.45,38.50,38.25,38.25,51171,1963883,-0.2,,,44,
2018-01-05,3032,偉訓,twse,38.30,38.45,38.30,38.30,32300,1237488,0.05,,,28,
2018-01-08,3032,偉訓,twse,38.30,38.30,38.00,38.20,96001,3652688,-0.1,,,52,
2018-01-09,3032,偉訓,twse,38.15,38.20,37.90,38.00,70058,2661204,-0.2,,,36,
2018-01-10,3032,偉訓,twse,38.00,38.20,38.00,38.20,66001,2513288,0.2,,,32,
2018-01-11,3032,偉訓,twse,38.20,38.40,38.20,38.30,20998,802723,0.1,,,15,
2018-01-12,3032,偉訓,twse,38.20,38.40,38.20,38.40,25003,956114,0.1,,,22,
2018-01-15,3032,偉訓,twse,38.30,38.50,38.20,38.40,38001,1457888,0.0,,,31,
2018-01-16,3032,偉訓,twse,38.30,38.60,38.30,38.50,35511,1367770,0.1,,,27,
2018-01-17,3032,偉訓,twse,38.50,38.70,38.30,38.70,54004,2079556,0.2,,,49,
2018-01-18,3032,偉訓,twse,38.85,38.85,38.35,38.40,78001,3000988,-0.3,,,51,
2018-01-19,3032,偉訓,twse,38.50,38.50,38.30,38.30,25452,976717,-0.1,,,24,
2018-01-22,3032,偉訓,twse,38.30,38.30,37.80,38.20,143432,5443666,-0.1,,,87,
2018-01-23,3032,偉訓,twse,38.50,38.50,37.70,38.20,75400,2856700,0.0,,,49,
2018-01-24,3032,偉訓,twse,38.30,38.30,38.05,38.20,8011,306069,0.0,,,11,
2018-01-25,3032,偉訓,twse,37.90,38.10,37.75,38.10,64001,2426338,-0.1,,,42,
2018-01-26,3032,偉訓,twse,37.70,38.00,37.70,38.00,79001,2983588,-0.1,,,63,
2018-01-29,3032,偉訓,twse,38.00,38.00,37.60,37.70,72001,2718387,-0.3,,,57,
2018-01-30,3032,偉訓,twse,37.60,37.70,37.20,37.40,110000,4118050,-0.3,,,66,
2018-01-31,3032,偉訓,twse,37.10,37.10,36.65,36.80,106712,3932858,-0.6,,,64,
2018-02-01,3032,偉訓,twse,36.80,37.00,36.20,36.20,154201,5621886,-0.6,,,94,
2018-02-02,3032,偉訓,twse,36.20,36.20,34.40,35.80,352002,12452772,-0.4,,,243,
2018-02-05,3032,偉訓,twse,35.00,36.00,34.90,36.00,176001,6189636,0.2,,,109,
2018-02-06,3032,偉訓,twse,35.20,35.40,34.00,35.40,263004,9077590,-0.6,,,151,
2018-02-07,3032,偉訓,twse,35.50,35.50,34.55,34.75,139100,4870954,-0.65,,,88,
2018-02-08,3032,偉訓,twse,34.40,34.50,33.55,34.30,171108,5806786,-0.45,,,96,
2018-02-09,3032,偉訓,twse,33.00,33.00,32.15,32.60,165012,5366138,-1.7,,,111,
2018-02-12,3032,偉訓,twse,33.00,33.90,32.45,33.30,244091,8062362,0.7,,,105,
2018-02-21,3032,偉訓,twse,33.50,34.20,33.35,33.85,95460,3211104,0.55,,,79,
2018-02-22,3032,偉訓,twse,33.50,33.85,33.35,33.45,150001,5022883,-0.4,,,83,
2018-02-23,3032,偉訓,twse,33.50,34.00,33.40,33.45,163048,5475706,0.0,,,127,
2018-02-26,3032,偉訓,twse,33.50,33.60,33.10,33.40,42010,1404483,-0.05,,,36,
2018-02-27,3032,偉訓,twse,34.00,36.70,34.00,34.55,737004,26127586,1.15,,,497,
2018-03-01,3032,偉訓,twse,34.45,34.45,33.85,33.95,132164,4494058,-0.6,,,101,
2018-03-02,3032,偉訓,twse,34.30,34.40,33.70,33.80,445027,15055811,-0.15,,,124,
2018-03-05,3032,偉訓,twse,34.00,34.00,33.45,33.45,68054,2282004,-0.35,,,42,
2018-03-06,3032,偉訓,twse,33.50,33.70,33.25,33.40,123033,4118099,-0.05,,,77,
2018-03-07,3032,偉訓,twse,33.30,33.40,33.00,33.00,80103,2662628,-0.4,,,56,
2018-03-08,3032,偉訓,twse,33.00,33.50,33.00,33.40,31002,1035516,0.4,,,25,
2018-03-09,3032,偉訓,twse,33.20,33.40,33.20,33.20,34002,1131966,-0.2,,,27,
2018-03-12,3032,偉訓,twse,33.60,33.60,33.20,33.30,31540,1052223,0.1,,,28,
2018-03-13,3032,偉訓,twse,33.20,33.80,33.20,33.80,93800,3146638,0.5,,,80,
2018-03-14,3032,偉訓,twse,33.60,33.65,33.45,33.65,57204,1916854,-0.15,,,35,
2018-03-15,3032,偉訓,twse,33.70,33.90,33.45,33.50,67003,2249849,-0.15,,,54,
2018-03-16,3032,偉訓,twse,33.50,33.50,33.40,33.40,49194,1646915,-0.1,,,32,
2018-03-19,3032,偉訓,twse,33.50,33.50,33.25,33.30,46111,1536123,-0.1,,,41,
2018-03-20,3032,偉訓,twse,33.30,33.30,32.80,32.90,72001,2375383,-0.4,,,41,
2018-03-21,3032,偉訓,twse,32.90,33.20,32.90,33.20,35472,1172155,0.3,,,28,
2018-03-22,3032,偉訓,twse,33.45,33.55,33.00,33.00,60202,1998860,-0.2,,,52,
2018-03-23,3032,偉訓,twse,32.60,33.00,32.45,32.95,66040,2162920,-0.05,,,45,
2018-03-26,3032,偉訓,twse,32.50,33.35,32.50,33.30,76014,2515615,0.35,,,43,
2018-03-27,3032,偉訓,twse,33.20,33.50,33.20,33.25,51006,1699004,-0.05,,,28,
2018-03-28,3032,偉訓,twse,32.75,33.40,32.75,33.40,23650,783863,0.15,,,36,
2018-03-29,3032,偉訓,twse,33.40,33.75,33.30,33.75,62731,2100237,0.35,,,46,
2018-03-30,3032,偉訓,twse,33.75,33.75,33.45,33.75,50007,1680188,0.0,,,45,
2018-03-31,3032,偉訓,twse,33.30,33.95,33.30,33.75,27005,902320,0.0,,,24,
2018-04-02,3032,偉訓,twse,33.70,33.85,33.40,33.75,83005,2782520,0.0,,,60,
2018-04-03,3032,偉訓,twse,33.40,33.65,33.35,33.65,32076,1072111,-0.1,,,45,
2018-04-09,3032,偉訓,twse,33.10,33.30,33.10,33.20,143004,4749532,-0.45,,,78,
2018-04-10,3032,偉訓,twse,33.20,33.40,32.90,33.00,103033,3404033,-0.2,,,61,
2018-04-11,3032,偉訓,twse,33.00,33.65,33.00,33.60,137062,4568620,0.6,,,98,
2018-04-12,3032,偉訓,twse,33.20,33.50,33.20,33.40,81000,2703650,-0.2,,,48,
2018-04-13,3032,偉訓,twse,33.40,34.20,33.35,34.20,99182,3342088,0.8,,,64,
2018-04-16,3032,偉訓,twse,34.30,34.60,33.95,34.20,202113,6886975,0.0,,,110,
2018-04-17,3032,偉訓,twse,34.05,34.20,33.95,34.20,91205,3102769,0.0,,,82,
2018-04-18,3032,偉訓,twse,34.10,34.10,33.80,34.10,73087,2475693,-0.1,,,50,
2018-04-19,3032,偉訓,twse,33.85,34.35,33.85,34.35,66020,2248581,0.25,,,38,
2018-04-20,3032,偉訓,twse,34.35,34.35,34.05,34.20,59000,2014450,-0.15,,,45,
2018-04-23,3032,偉訓,twse,34.05,34.65,34.05,34.20,110111,3769679,0.0,,,73,
2018-04-24,3032,偉訓,twse,34.20,34.20,33.75,33.90,73767,2497368,-0.3,,,66,
2018-04-25,3032,偉訓,twse,34.00,34.10,33.90,34.10,89010,3026188,0.2,,,57,
2018-04-26,3032,偉訓,twse,34.50,34.50,33.75,33.95,68003,2309899,-0.15,,,52,
2018-04-27,3032,偉訓,twse,33.75,34.00,33.70,34.00,62090,2104292,0.05,,,34,
2018-04-30,3032,偉訓,twse,33.80,34.15,33.80,34.10,134214,4563497,0.1,,,69,
2018-05-02,3032,偉訓,twse,34.40,35.00,34.15,34.70,134077,4629252,0.6,,,99,
2018-05-03,3032,偉訓,twse,34.90,35.40,34.90,35.20,193112,6781792,0.5,,,139,
2018-05-04,3032,偉訓,twse,35.50,35.50,34.90,35.10,134197,4708484,-0.1,,,88,
2018-05-07,3032,偉訓,twse,35.00,35.00,34.65,34.75,68010,2366346,-0.35,,,54,
2018-05-08,3032,偉訓,twse,34.50,34.50,34.30,34.50,92465,3184849,-0.25,,,55,
2018-05-09,3032,偉訓,twse,34.50,34.50,34.10,34.50,101000,3476850,0.0,,,61,
2018-05-10,3032,偉訓,twse,34.30,34.40,34.25,34.40,58006,1990104,-0.1,,,36,
2018-05-11,3032,偉訓,twse,34.10,34.40,32.40,34.40,400001,13401584,0.0,,,257,
2018-05-14,3032,偉訓,twse,34.40,34.40,34.00,34.30,72000,2461450,-0.1,,,64,
2018-05-15,3032,偉訓,twse,34.05,34.10,33.95,34.10,147000,5003650,-0.2,,,79,
2018-05-16,3032,偉訓,twse,34.00,34.45,34.00,34.45,82201,2805574,0.35,,,55,
2018-05-17,3032,偉訓,twse,34.85,34.85,33.80,34.45,97001,3322484,0.0,,,66,
2018-05-18,3032,偉訓,twse,34.45,34.45,34.05,34.10,82279,2806447,-0.35,,,53,
2018-05-21,3032,偉訓,twse,34.10,34.15,33.55,34.15,116101,3949823,0.05,,,58,
2018-05-22,3032,偉訓,twse,34.15,34.15,33.90,34.05,61002,2074768,-0.1,,,41,
2018-05-23,3032,偉訓,twse,34.00,34.10,33.90,34.10,72405,2464279,0.05,,,49,
2018-05-24,3032,偉訓,twse,34.10,34.10,33.85,34.10,105021,3574711,0.0,,,56,
2018-05-25,3032,偉訓,twse,34.00,34.25,33.90,34.15,112200,3824330,0.05,,,78,
2018-05-28,3032,偉訓,twse,34.15,34.70,34.15,34.20,85200,2923549,0.05,,,52,
2018-05-29,3032,偉訓,twse,34.20,34.20,34.00,34.20,94102,3213568,0.0,,,53,
2018-05-30,3032,偉訓,twse,34.15,34.20,34.00,34.20,94331,3224893,0.0,,,59,
2018-05-31,3032,偉訓,twse,34.35,34.35,34.10,34.35,114002,3900518,0.15,,,63,
2018-06-01,3032,偉訓,twse,35.50,35.50,34.55,35.30,383500,13498124,0.95,,,185,
2018-06-04,3032,偉訓,twse,36.00,36.00,34.65,34.65,328066,11472833,-0.65,,,185,
2018-06-05,3032,偉訓,twse,34.65,34.65,34.00,34.05,252004,8637382,-0.6,,,110,
2018-06-06,3032,偉訓,twse,34.05,34.20,33.85,34.20,278559,9473756,0.15,,,132,
2018-06-07,3032,偉訓,twse,34.50,34.50,33.90,34.20,178040,6055278,0.0,,,113,
2018-06-08,3032,偉訓,twse,34.00,34.10,33.90,33.90,375083,12754563,-0.3,,,131,
2018-06-11,3032,偉訓,twse,34.00,34.00,33.65,33.80,347002,11729766,-0.1,,,99,
2018-06-12,3032,偉訓,twse,34.00,34.00,33.65,33.80,217040,7336790,0.0,,,87,
2018-06-13,3032,偉訓,twse,34.10,34.10,33.50,33.50,282268,9501628,-0.3,,,109,
2018-06-14,3032,偉訓,twse,33.35,33.55,33.25,33.55,139270,4646591,0.05,,,89,
2018-06-15,3032,偉訓,twse,33.30,33.55,33.20,33.55,141198,4703743,0.0,,,71,
2018-06-19,3032,偉訓,twse,33.80,33.80,33.20,33.45,34006,1135698,-0.1,,,28,
2018-06-20,3032,偉訓,twse,33.30,33.65,32.90,33.65,173001,5754183,0.2,,,79,
2018-06-21,3032,偉訓,twse,33.50,33.55,33.05,33.25,84082,2803712,-0.4,,,51,
2018-06-22,3032,偉訓,twse,33.00,33.50,33.00,33.40,40050,1334820,0.15,,,35,
2018-06-25,3032,偉訓,twse,33.15,33.40,33.15,33.30,71021,2360244,-0.1,,,48,
2018-06-26,3032,偉訓,twse,33.05,33.20,33.00,33.10,89108,2948735,-0.2,,,32,
2018-06-27,3032,偉訓,twse,33.10,33.25,33.05,33.05,82000,2713500,-0.05,,,40,
2018-06-28,3032,偉訓,twse,32.20,33.45,32.20,33.35,76907,2552521,0.3,,,58,
2018-06-29,3032,偉訓,twse,33.65,33.65,33.10,33.10,40041,1326507,-0.25,,,11,
2018-07-02,3032,偉訓,twse,33.65,34.45,33.10,34.15,186001,6297234,1.05,,,103,
2018-07-03,3032,偉訓,twse,35.00,35.00,33.85,34.00,662002,20916316,-0.15,,,77,
2018-07-04,3032,偉訓,twse,34.00,34.00,33.05,33.95,146003,4922250,-0.05,,,55,
2018-07-05,3032,偉訓,twse,33.35,33.90,33.35,33.65,111000,3732450,-0.3,,,42,
2018-07-06,3032,偉訓,twse,33.60,33.60,33.20,33.50,121421,4054668,-0.15,,,58,
2018-07-09,3032,偉訓,twse,33.25,33.55,33.20,33.50,28000,935950,0.0,,,17,
2018-07-10,3032,偉訓,twse,33.50,33.50,32.65,33.30,214001,7068383,-0.2,,,96,
2018-07-11,3032,偉訓,twse,33.30,33.35,32.85,33.30,87002,2880616,0.0,,,49,
2018-07-12,3032,偉訓,twse,33.10,33.50,33.10,33.50,220207,7303892,0.2,,,49,
2018-07-13,3032,偉訓,twse,33.10,33.75,33.10,33.50,160041,5339015,0.0,,,70,
2018-07-16,3032,偉訓,twse,33.50,33.50,33.40,33.40,49477,1653830,-0.1,,,34,
2018-07-17,3032,偉訓,twse,33.30,33.60,33.25,33.25,343044,11467122,-0.15,,,134,
2018-07-18,3032,偉訓,twse,31.25,31.85,31.25,31.70,67161,2128044,0.0,,,54,
2018-07-19,3032,偉訓,twse,32.30,32.30,31.20,31.50,103000,3239350,-0.2,,,58,
2018-07-20,3032,偉訓,twse,31.55,31.55,31.30,31.50,34002,1068162,0.0,,,17,
2018-07-23,3032,偉訓,twse,31.50,32.45,31.45,32.10,79277,2500633,0.6,,,50,
2018-07-24,3032,偉訓,twse,31.80,31.95,31.65,31.95,10192,323849,-0.15,,,18,
2018-07-25,3032,偉訓,twse,31.70,31.85,31.50,31.85,27500,868750,-0.1,,,20,
2018-07-26,3032,偉訓,twse,31.80,31.80,31.00,31.65,64001,2003631,-0.2,,,32,
2018-07-27,3032,偉訓,twse,31.65,31.70,31.55,31.65,29656,937798,0.0,,,21,
2018-07-30,3032,偉訓,twse,32.00,32.00,31.55,31.80,52097,1652261,0.15,,,36,
2018-07-31,3032,偉訓,twse,31.80,31.85,31.55,31.85,29100,921484,0.05,,,23,
2018-08-01,3032,偉訓,twse,31.55,31.95,31.50,31.85,44000,1394800,0.0,,,30,
2018-08-02,3032,偉訓,twse,31.80,31.80,31.60,31.65,44003,1395294,-0.2,,,29,
2018-08-03,3032,偉訓,twse,31.50,31.55,31.00,31.55,77001,2419581,-0.1,,,57,
2018-08-06,3032,偉訓,twse,31.55,31.95,31.55,31.90,72000,2283100,0.35,,,49,
2018-08-07,3032,偉訓,twse,32.50,33.50,31.95,33.10,285076,9364126,1.2,,,182,
2018-08-08,3032,偉訓,twse,33.15,33.50,32.50,32.80,182000,6009350,-0.3,,,104,
2018-08-09,3032,偉訓,twse,32.85,32.85,32.60,32.75,165043,5403000,-0.05,,,93,
2018-08-10,3032,偉訓,twse,32.50,33.50,32.50,33.20,284042,9338644,0.45,,,142,
2018-08-13,3032,偉訓,twse,33.20,33.20,31.50,32.50,780042,24903965,-0.7,,,364,
2018-08-14,3032,偉訓,twse,33.10,33.10,32.00,32.00,237000,7641200,-0.5,,,126,
2018-08-15,3032,偉訓,twse,32.40,32.65,31.75,32.65,369003,11864396,0.65,,,183,
2018-08-16,3032,偉訓,twse,32.50,32.55,31.90,32.45,99201,3205942,-0.2,,,56,
2018-08-17,3032,偉訓,twse,32.25,32.25,31.95,32.15,176125,5645155,-0.3,,,99,
2018-08-20,3032,偉訓,twse,32.00,32.00,31.45,31.70,266100,8404750,-0.45,,,126,
2018-08-21,3032,偉訓,twse,31.40,31.60,31.05,31.60,230001,7198631,-0.1,,,111,
2018-08-22,3032,偉訓,twse,31.50,31.50,31.30,31.30,36719,1150539,-0.3,,,32,
2018-08-23,3032,偉訓,twse,31.30,31.30,31.25,31.30,34185,1069490,0.0,,,25,
2018-08-24,3032,偉訓,twse,32.30,32.30,31.40,31.65,74000,2337050,0.35,,,47,
2018-08-27,3032,偉訓,twse,31.50,31.50,31.20,31.50,54002,1696312,-0.15,,,30,
2018-08-28,3032,偉訓,twse,31.50,31.55,31.30,31.40,87639,2752736,-0.1,,,65,
2018-08-29,3032,偉訓,twse,31.40,31.70,31.20,31.20,60000,1878150,-0.2,,,39,
2018-08-30,3032,偉訓,twse,31.20,31.25,31.20,31.20,36000,1123400,0.0,,,23,
2018-08-31,3032,偉訓,twse,31.20,31.20,31.20,31.20,26376,822929,0.0,down,,21,
2018-09-03,3032,偉訓,twse,31.60,31.60,31.00,31.20,56003,1740993,0.0,,,43,
2018-09-04,3032,偉訓,twse,31.05,31.10,31.00,31.10,128083,3976723,-0.1,,,65,
2018-09-05,3032,偉訓,twse,32.30,32.30,31.05,31.85,189001,5987282,0.75,,,135,
2018-09-06,3032,偉訓,twse,31.55,31.55,31.45,31.45,64001,2015631,-0.4,,,34,
2018-09-07,3032,偉訓,twse,31.60,31.60,30.60,31.00,149100,4625729,-0.45,,,104,
2018-09-10,3032,偉訓,twse,30.15,31.00,29.65,29.95,234002,7005260,-1.05,,,99,
2018-09-11,3032,偉訓,twse,31.50,31.50,29.40,30.05,66001,1975130,0.1,,,43,
2018-09-12,3032,偉訓,twse,29.60,29.80,29.35,29.60,63285,1870577,-0.45,,,61,
2018-09-13,3032,偉訓,twse,29.15,29.30,28.95,29.15,129100,3750840,-0.45,,,88,
2018-09-14,3032,偉訓,twse,29.20,29.30,29.00,29.15,121000,3516750,0.0,,,62,
2018-09-17,3032,偉訓,twse,29.05,29.10,28.95,29.10,45002,1305556,-0.05,,,31,
2018-09-18,3032,偉訓,twse,28.95,29.00,28.80,29.00,150050,4341600,-0.1,,,36,
2018-09-19,3032,偉訓,twse,29.80,29.80,28.90,29.55,105071,3051337,0.55,,,70,
2018-09-20,3032,偉訓,twse,29.05,29.30,28.95,29.15,83001,2411129,-0.4,,,58,
2018-09-21,3032,偉訓,twse,29.00,29.00,28.90,29.00,87053,2520637,-0.15,,,49,
2018-09-25,3032,偉訓,twse,29.00,29.00,28.90,29.00,57000,1652250,0.0,,,26,
2018-09-26,3032,偉訓,twse,28.90,28.90,28.50,28.55,149254,4274950,-0.45,,,94,
2018-09-27,3032,偉訓,twse,28.60,28.85,28.00,28.30,172001,4880178,-0.25,,,111,
2018-09-28,3032,偉訓,twse,28.45,28.45,27.55,27.95,180053,5004381,-0.35,,,123,
2018-10-01,3032,偉訓,twse,27.60,27.85,27.35,27.70,108130,2986313,-0.25,,,72,
2018-10-02,3032,偉訓,twse,28.10,28.10,27.55,27.60,83001,2299527,-0.1,,,55,
2018-10-03,3032,偉訓,twse,27.60,27.60,27.40,27.60,65003,1788581,0.0,,,40,
2018-10-04,3032,偉訓,twse,27.60,27.80,27.25,27.80,70000,1920850,0.2,,,42,
2018-10-05,3032,偉訓,twse,27.40,27.40,26.75,27.20,221050,6010070,-0.6,,,91,
2018-10-08,3032,偉訓,twse,27.70,27.70,26.50,26.85,134133,3580247,-0.35,,,103,
2018-10-09,3032,偉訓,twse,26.60,26.75,26.40,26.75,248080,6575440,-0.1,,,99,
2018-10-11,3032,偉訓,twse,25.90,25.90,24.10,24.10,525000,12709750,-2.65,,,212,
2018-10-12,3032,偉訓,twse,22.95,24.10,22.75,24.10,198005,4617770,0.0,,,127,
2018-10-15,3032,偉訓,twse,24.10,24.10,23.35,23.65,129003,3054720,-0.45,,,77,
2018-10-16,3032,偉訓,twse,23.65,23.90,23.40,23.80,74000,1754850,0.15,,,44,
2018-10-17,3032,偉訓,twse,23.85,24.05,23.80,23.90,53000,1264750,0.1,,,39,
2018-10-18,3032,偉訓,twse,23.95,23.95,23.90,23.95,40050,957996,0.05,,,36,
2018-10-19,3032,偉訓,twse,23.90,23.90,23.20,23.45,76031,1781372,-0.5,,,37,
2018-10-22,3032,偉訓,twse,23.45,23.55,23.40,23.45,18001,422273,0.0,,,17,
2018-10-23,3032,偉訓,twse,23.20,23.20,22.80,23.00,64086,1474078,-0.45,,,43,
2018-10-24,3032,偉訓,twse,22.90,22.90,22.45,22.45,111000,2513250,-0.55,,,48,
2018-10-25,3032,偉訓,twse,22.35,22.40,20.25,20.35,480477,10108705,-2.1,,,171,
2018-10-26,3032,偉訓,twse,20.45,21.20,20.45,20.95,196000,4042500,0.6,,,68,
2018-10-29,3032,偉訓,twse,21.65,21.65,19.90,20.30,202007,4102242,-0.65,,,101,
2018-10-30,3032,偉訓,twse,20.05,20.50,20.00,20.25,226000,4569950,-0.05,,,117,
2018-10-31,3032,偉訓,twse,20.55,21.15,20.45,20.95,211000,4408350,0.7,,,113,
2018-11-01,3032,偉訓,twse,21.05,21.80,20.95,21.70,218150,4680785,0.75,,,114,
2018-11-02,3032,偉訓,twse,21.90,23.70,21.80,22.80,236000,5310000,1.1,,,123,
2018-11-05,3032,偉訓,twse,23.00,24.45,23.00,24.20,208060,4889563,1.4,,,116,
2018-11-06,3032,偉訓,twse,24.45,26.40,24.45,25.10,489103,12535879,0.9,,,307,
2018-11-07,3032,偉訓,twse,25.10,25.75,25.10,25.75,155044,3944425,0.65,,,110,
2018-11-08,3032,偉訓,twse,26.00,26.20,25.30,25.75,171050,4392935,0.0,,,104,
2018-11-09,3032,偉訓,twse,25.80,25.80,25.10,25.10,103132,2609125,-0.65,,,89,
2018-11-12,3032,偉訓,twse,25.25,25.55,24.90,25.10,132001,3319674,0.0,,,85,
2018-11-13,3032,偉訓,twse,25.00,25.50,24.65,25.30,138002,3457400,0.2,,,78,
2018-11-14,3032,偉訓,twse,25.55,27.80,25.55,27.00,642288,17313554,1.7,,,367,
2018-11-15,3032,偉訓,twse,26.60,27.10,26.10,26.60,233000,6140300,-0.4,,,126,
2018-11-16,3032,偉訓,twse,26.70,26.70,26.20,26.30,60100,1583460,-0.3,,,49,
2018-11-19,3032,偉訓,twse,26.70,27.05,26.50,26.75,309080,8307678,0.45,,,115,
2018-11-20,3032,偉訓,twse,26.50,26.90,26.50,26.60,49384,1319087,-0.15,,,32,
2018-11-21,3032,偉訓,twse,26.65,26.85,26.40,26.45,38000,1009500,-0.15,,,31,
2018-11-22,3032,偉訓,twse,26.80,26.95,25.95,26.30,56037,1476732,-0.15,,,39,
2018-11-23,3032,偉訓,twse,26.40,26.70,25.70,26.60,60000,1566650,0.3,,,44,
2018-11-26,3032,偉訓,twse,26.50,26.70,26.10,26.60,58441,1544928,0.0,,,47,
2018-11-27,3032,偉訓,twse,26.75,26.75,26.35,26.35,34000,901950,-0.25,,,25,
2018-11-28,3032,偉訓,twse,26.50,26.50,26.35,26.50,30075,795837,0.15,,,23,
2018-11-29,3032,偉訓,twse,26.50,26.60,26.10,26.50,55021,1450502,0.0,,,42,
2018-11-30,3032,偉訓,twse,26.40,26.55,26.40,26.40,19001,502276,-0.1,,,16,
2018-12-03,3032,偉訓,twse,26.80,26.90,26.50,26.70,93343,2497442,0.3,,,42,
2018-12-04,3032,偉訓,twse,26.85,27.00,26.75,26.95,115013,3092988,0.25,,,64,
2018-12-05,3032,偉訓,twse,26.50,26.70,26.05,26.70,40003,1060528,-0.25,,,28,
2018-12-06,3032,偉訓,twse,26.65,26.65,25.00,25.90,137000,3523750,-0.8,,,109,
2018-12-07,3032,偉訓,twse,26.30,26.85,25.90,26.25,32000,834400,0.35,,,25,
2018-12-10,3032,偉訓,twse,25.75,25.85,25.55,25.80,29083,747745,-0.45,,,19,
2018-12-11,3032,偉訓,twse,25.85,26.25,25.70,25.80,32001,830526,0.0,,,28,
2018-12-12,3032,偉訓,twse,26.30,26.30,26.05,26.30,33004,864904,0.5,,,26,
2018-12-13,3032,偉訓,twse,26.00,26.50,26.00,26.40,29102,766716,0.1,,,28,
2018-12-14,3032,偉訓,twse,26.35,26.35,25.90,26.20,53288,1388438,-0.2,,,24,
2018-12-17,3032,偉訓,twse,26.20,26.20,26.15,26.20,24001,628726,0.0,,,9,
2018-12-18,3032,偉訓,twse,26.20,26.20,25.60,26.00,25100,651250,-0.2,,,16,
2018-12-19,3032,偉訓,twse,26.35,26.80,26.00,26.15,46003,1214278,0.15,,,32,
2018-12-20,3032,偉訓,twse,26.30,26.30,26.00,26.00,62092,1628473,-0.15,,,39,
2018-12-21,3032,偉訓,twse,26.00,26.00,25.95,26.00,14000,363850,0.0,,,11,
2018-12-22,3032,偉訓,twse,25.95,25.95,25.95,25.95,1000,25950,-0.05,down,,1,
2018-12-24,3032,偉訓,twse,25.45,26.10,25.45,25.90,30177,778007,-0.05,,,26,
2018-12-25,3032,偉訓,twse,25.50,25.90,25.50,25.70,24001,618525,-0.2,,,14,
2018-12-26,3032,偉訓,twse,25.85,25.85,25.60,25.70,7051,181500,0.0,,,9,
2018-12-27,3032,偉訓,twse,25.70,25.95,25.60,25.85,22000,566950,0.15,,,18,
2018-12-28,3032,偉訓,twse,25.55,25.80,25.50,25.80,24123,619104,-0.05,,,20,
2019-01-02,3032,偉訓,twse,25.55,25.65,25.50,25.60,25042,640616,-0.2,,,24,
2019-01-03,3032,偉訓,twse,25.50,25.60,25.30,25.40,42060,1072062,-0.2,,,21,
2019-01-04,3032,偉訓,twse,24.45,25.10,24.45,25.00,45000,1118350,-0.4,,,33,
2019-01-07,3032,偉訓,twse,25.00,25.05,24.80,25.05,98002,2445850,0.05,,,63,
2019-01-08,3032,偉訓,twse,25.00,25.40,24.90,24.95,28000,703050,-0.1,,,21,
2019-01-09,3032,偉訓,twse,24.85,25.25,24.85,25.20,36150,908350,0.25,,,27,
2019-01-10,3032,偉訓,twse,25.20,25.40,25.00,25.30,31000,779200,0.1,,,18,
2019-01-11,3032,偉訓,twse,25.05,25.25,24.90,25.25,22020,551201,-0.05,,,15,
2019-01-14,3032,偉訓,twse,25.25,25.25,24.80,24.80,50001,1246725,-0.45,,,29,
2019-01-15,3032,偉訓,twse,24.80,25.00,24.70,24.70,19001,472024,-0.1,,,17,
2019-01-16,3032,偉訓,twse,24.75,24.95,24.55,24.80,27201,673714,0.1,,,24,
2019-01-17,3032,偉訓,twse,24.90,24.90,24.65,24.75,31006,768147,-0.05,,,25,
2019-01-18,3032,偉訓,twse,24.75,24.80,24.70,24.70,26218,648512,-0.05,,,22,
2019-01-21,3032,偉訓,twse,24.70,24.95,24.70,24.95,65821,1631340,0.25,,,37,
2019-01-22,3032,偉訓,twse,24.85,25.35,24.85,25.10,109088,2727487,0.15,,,71,
2019-01-23,3032,偉訓,twse,25.00,25.00,24.90,24.95,5005,124820,-0.15,,,9,
2019-01-24,3032,偉訓,twse,24.90,25.05,24.85,24.85,28328,706450,-0.1,,,25,
2019-01-25,3032,偉訓,twse,25.00,25.00,24.70,24.90,60068,1490485,0.05,,,47,
2019-01-28,3032,偉訓,twse,24.90,24.90,24.75,24.75,36458,905275,-0.15,,,31,
2019-01-29,3032,偉訓,twse,24.70,24.70,24.30,24.30,98000,2398050,-0.45,,,76,
2019-01-30,3032,偉訓,twse,24.30,24.55,24.30,24.50,60000,1464650,0.2,,,49,
2019-02-11,3032,偉訓,twse,24.80,24.80,24.30,24.45,101013,2469318,-0.05,,,67,
2019-02-12,3032,偉訓,twse,24.45,24.65,24.40,24.65,52423,1283713,0.2,,,33,
2019-02-13,3032,偉訓,twse,24.70,24.70,24.50,24.55,60326,1482204,-0.1,,,38,
2019-02-14,3032,偉訓,twse,24.75,25.05,24.60,24.90,132190,3282360,0.35,,,75,
2019-02-15,3032,偉訓,twse,24.90,25.00,24.70,24.95,56015,1392126,0.05,,,35,
2019-02-18,3032,偉訓,twse,26.25,26.70,25.55,26.30,518072,13499929,1.35,,,304,
2019-02-19,3032,偉訓,twse,26.50,26.60,26.10,26.50,212078,5592814,0.2,,,144,
2019-02-20,3032,偉訓,twse,26.50,27.15,26.40,26.95,201639,5381573,0.45,,,127,
2019-02-21,3032,偉訓,twse,27.00,27.30,26.70,27.05,278016,7518582,0.1,,,188,
2019-02-22,3032,偉訓,twse,26.95,27.25,26.90,27.25,123254,3344380,0.2,,,92,
2019-02-25,3032,偉訓,twse,27.25,27.35,26.85,27.00,210315,5682634,-0.25,,,131,
2019-02-26,3032,偉訓,twse,27.00,27.20,26.80,26.95,95203,2571331,-0.05,,,60,
2019-02-27,3032,偉訓,twse,26.95,27.00,26.85,26.85,50002,1345454,-0.1,,,35,
2019-03-04,3032,偉訓,twse,26.90,27.20,26.85,27.15,137100,3710264,0.3,,,75,
2019-03-05,3032,偉訓,twse,27.05,27.10,26.95,26.95,65003,1755431,-0.2,,,49,
2019-03-06,3032,偉訓,twse,27.15,27.15,26.95,27.05,67001,1811877,0.1,,,50,
2019-03-07,3032,偉訓,twse,27.00,27.00,26.80,26.95,30001,806627,-0.1,,,26,
2019-03-08,3032,偉訓,twse,26.75,26.90,26.55,26.85,38040,1018517,-0.1,,,29,
2019-03-11,3032,偉訓,twse,26.85,26.85,26.70,26.75,93184,2491117,-0.1,,,47,
2019-03-12,3032,偉訓,twse,26.50,26.85,26.50,26.75,105004,2800308,0.0,,,68,
2019-03-13,3032,偉訓,twse,26.80,26.85,26.65,26.85,36006,963212,0.1,,,24,
2019-03-14,3032,偉訓,twse,26.85,26.95,26.75,26.85,54015,1450205,0.0,,,42,
2019-03-15,3032,偉訓,twse,26.90,27.00,26.80,26.80,59270,1594247,-0.05,,,37,
2019-03-18,3032,偉訓,twse,26.85,26.90,26.80,26.90,31008,831858,0.1,,,26,
2019-03-19,3032,偉訓,twse,26.95,26.95,26.60,26.80,118004,3154108,-0.1,,,91,
2019-03-20,3032,偉訓,twse,26.80,26.85,26.70,26.85,55273,1479936,0.05,,,38,
2019-03-21,3032,偉訓,twse,26.85,27.00,26.80,26.95,85311,2298397,0.1,,,64,
2019-03-22,3032,偉訓,twse,27.00,29.60,27.00,28.50,823000,23429600,1.55,,,479,
2019-03-25,3032,偉訓,twse,28.75,29.20,28.50,28.80,533150,15409316,0.3,,,363,
2019-03-26,3032,偉訓,twse,29.00,29.00,28.00,28.05,400001,11330328,-0.75,,,255,
2019-03-27,3032,偉訓,twse,28.05,28.05,27.65,27.70,200387,5569381,-0.35,,,121,
2019-03-28,3032,偉訓,twse,27.75,27.90,27.20,27.25,286286,7860427,-0.45,,,170,
2019-03-29,3032,偉訓,twse,27.45,27.70,27.45,27.55,209040,5755946,0.3,,,102,
2019-04-01,3032,偉訓,twse,27.75,28.10,27.70,27.85,180109,5007060,0.3,,,118,
2019-04-02,3032,偉訓,twse,28.00,28.00,27.80,27.80,227160,6335002,-0.05,,,123,
2019-04-03,3032,偉訓,twse,27.95,28.20,27.90,28.00,179098,5022494,0.2,,,127,
2019-04-08,3032,偉訓,twse,28.40,28.40,28.05,28.20,139004,3928712,0.2,,,95,
2019-04-09,3032,偉訓,twse,28.25,28.35,28.15,28.25,184106,5198777,0.05,,,112,
2019-04-10,3032,偉訓,twse,28.35,28.45,28.05,28.25,223010,6291432,0.0,,,131,
2019-04-11,3032,偉訓,twse,28.15,28.20,28.05,28.10,118011,3320810,-0.15,,,86,
2019-04-12,3032,偉訓,twse,28.10,28.10,27.50,27.85,216603,6013160,-0.25,,,135,
2019-04-15,3032,偉訓,twse,27.85,28.05,27.65,27.80,149501,4160200,-0.05,,,102,
2019-04-16,3032,偉訓,twse,27.90,27.95,27.70,27.85,166324,4625685,0.05,,,123,
2019-04-17,3032,偉訓,twse,27.90,28.40,27.90,28.20,258426,7275312,0.35,,,176,
2019-04-18,3032,偉訓,twse,28.50,28.50,27.80,27.80,279200,7855350,-0.4,,,155,
2019-04-19,3032,偉訓,twse,27.90,28.05,27.75,27.90,122003,3404784,0.1,,,88,
2019-04-22,3032,偉訓,twse,27.95,28.20,27.90,28.15,132120,3707821,0.25,,,81,
2019-04-23,3032,偉訓,twse,28.10,28.20,28.05,28.10,148151,4166150,-0.05,,,78,
2019-04-24,3032,偉訓,twse,28.30,28.90,28.10,28.10,315000,8974150,0.0,,,205,
2019-04-25,3032,偉訓,twse,28.30,28.65,28.20,28.30,255414,7265303,0.2,,,162,
2019-04-26,3032,偉訓,twse,28.60,28.60,28.30,28.40,179110,5087323,0.1,,,119,
2019-04-29,3032,偉訓,twse,28.60,28.60,28.10,28.25,144658,4087987,-0.15,,,91,
2019-04-30,3032,偉訓,twse,28.30,28.35,28.05,28.25,163100,4593414,0.0,,,87,
2019-05-02,3032,偉訓,twse,28.45,28.60,28.30,28.60,91005,2590890,0.35,,,81,
2019-05-03,3032,偉訓,twse,28.65,28.95,28.65,28.80,237382,6835706,0.2,,,159,
2019-05-06,3032,偉訓,twse,28.65,28.65,28.10,28.15,246000,6959000,-0.65,,,136,
2019-05-07,3032,偉訓,twse,28.45,28.50,28.25,28.40,86518,2453733,0.25,,,54,
2019-05-08,3032,偉訓,twse,28.05,28.30,28.05,28.15,76102,2140170,-0.25,,,53,
2019-05-09,3032,偉訓,twse,28.20,28.25,27.60,27.65,232973,6464102,-0.5,,,150,
2019-05-10,3032,偉訓,twse,27.65,27.85,27.60,27.70,171011,4742254,0.05,,,85,
2019-05-13,3032,偉訓,twse,27.70,27.70,27.10,27.15,241200,6569880,-0.55,,,106,
2019-05-14,3032,偉訓,twse,27.05,27.10,26.55,27.10,148660,3984035,-0.05,,,118,
2019-05-15,3032,偉訓,twse,27.20,27.20,26.95,27.05,160155,4334030,-0.05,,,133,
2019-05-16,3032,偉訓,twse,27.00,27.00,26.70,26.70,196027,5256806,-0.35,,,121,
2019-05-17,3032,偉訓,twse,26.80,26.95,26.35,26.65,135000,3595550,-0.05,,,90,
2019-05-20,3032,偉訓,twse,26.50,26.60,26.10,26.20,126000,3307100,-0.45,,,105,
2019-05-21,3032,偉訓,twse,26.15,26.30,26.00,26.30,118250,3083648,0.1,,,106,
2019-05-22,3032,偉訓,twse,26.30,26.30,25.80,25.80,250256,6492481,-0.5,,,164,
2019-05-23,3032,偉訓,twse,26.10,26.10,25.20,25.30,172015,4355430,-0.5,,,159,
2019-05-24,3032,偉訓,twse,25.40,25.80,25.30,25.50,242012,6179255,0.2,,,141,
2019-05-27,3032,偉訓,twse,25.70,25.75,25.30,25.55,108002,2756650,0.05,,,98,
2019-05-28,3032,偉訓,twse,25.55,25.75,25.50,25.60,132001,3377325,0.05,,,77,
2019-05-29,3032,偉訓,twse,25.60,25.85,25.60,25.80,70000,1798250,0.2,,,66,
2019-05-30,3032,偉訓,twse,25.80,26.20,25.75,26.10,242000,6302950,0.3,,,122,
2019-05-31,3032,偉訓,twse,26.30,26.75,26.30,26.65,143123,3794508,0.55,,,98,
2019-06-03,3032,偉訓,twse,26.65,27.00,26.55,26.95,189082,5057745,0.3,,,128,
2019-06-04,3032,偉訓,twse,27.20,27.20,26.90,27.00,117100,3160650,0.05,,,54,
2019-06-05,3032,偉訓,twse,27.20,27.20,26.85,27.00,79170,2136490,0.0,,,43,
2019-06-06,3032,偉訓,twse,27.00,27.15,26.90,26.95,145000,3915100,-0.05,,,73,
2019-06-10,3032,偉訓,twse,27.20,27.20,27.00,27.15,52308,1415311,0.2,,,50,
2019-06-11,3032,偉訓,twse,27.20,27.30,27.05,27.10,79071,2147437,-0.05,,,50,
2019-06-12,3032,偉訓,twse,27.10,27.10,27.00,27.10,26111,706418,0.0,,,25,
2019-06-13,3032,偉訓,twse,27.00,27.05,26.90,26.95,112001,3023126,-0.15,,,49,
2019-06-14,3032,偉訓,twse,27.00,27.00,26.75,26.80,74001,1987226,-0.15,,,51,
2019-06-17,3032,偉訓,twse,27.00,27.00,26.75,26.80,100000,2677350,0.0,,,71,
2019-06-18,3032,偉訓,twse,26.75,26.80,26.65,26.75,78006,2084457,-0.05,,,56,
2019-06-19,3032,偉訓,twse,27.05,27.05,26.80,27.00,72006,1936712,0.25,,,60,
2019-06-20,3032,偉訓,twse,27.05,27.25,27.00,27.25,131409,3563945,0.25,,,94,
2019-06-21,3032,偉訓,twse,27.30,27.40,27.25,27.40,118012,3224978,0.15,,,80,
2019-06-24,3032,偉訓,twse,27.40,27.50,27.20,27.40,166516,4555980,0.0,,,106,
2019-06-25,3032,偉訓,twse,27.50,27.50,27.35,27.35,119001,3262277,-0.05,,,73,
2019-06-26,3032,偉訓,twse,27.35,27.45,27.35,27.40,67000,1834950,0.05,,,41,
2019-06-27,3032,偉訓,twse,27.60,27.75,27.50,27.70,138040,3813150,0.3,,,83,
2019-06-28,3032,偉訓,twse,27.70,28.10,27.70,28.00,281232,7824696,0.3,,,131,
2019-07-01,3032,偉訓,twse,28.40,28.40,28.00,28.15,222062,6241308,0.15,,,123,
2019-07-02,3032,偉訓,twse,28.15,28.40,28.15,28.40,219080,6198420,0.25,,,114,
2019-07-03,3032,偉訓,twse,28.50,28.65,28.30,28.50,268000,7634800,0.1,,,151,
2019-07-04,3032,偉訓,twse,28.60,28.65,28.30,28.35,185000,5251100,-0.15,,,96,
2019-07-05,3032,偉訓,twse,28.45,28.70,28.45,28.70,364000,10403600,0.35,,,144,
2019-07-08,3032,偉訓,twse,28.80,28.85,28.70,28.80,250000,7196850,0.1,,,160,
2019-07-09,3032,偉訓,twse,28.80,28.85,28.65,28.65,349000,10022950,-0.15,,,136,
2019-07-10,3032,偉訓,twse,28.65,28.80,28.65,28.75,217041,6237572,0.1,,,125,
2019-07-11,3032,偉訓,twse,28.90,28.95,28.60,28.65,449000,12919950,-0.1,,,217,
2019-07-12,3032,偉訓,twse,28.85,28.85,28.70,28.75,337203,9694985,0.1,,,168,
2019-07-15,3032,偉訓,twse,28.95,28.95,28.80,28.90,359050,10364157,0.15,,,181,
2019-07-16,3032,偉訓,twse,29.00,29.05,28.90,29.00,432315,12528235,0.1,,,235,
2019-07-17,3032,偉訓,twse,29.05,29.30,28.95,29.05,986372,28728252,0.05,,,536,
2019-07-18,3032,偉訓,twse,26.80,26.80,26.20,26.20,704031,18604321,0.0,,,408,
2019-07-19,3032,偉訓,twse,26.20,26.45,26.00,26.00,352212,9213754,-0.2,,,184,
2019-07-22,3032,偉訓,twse,26.45,26.45,25.90,26.05,321001,8354126,0.05,,,127,
2019-07-23,3032,偉訓,twse,26.20,26.30,26.10,26.30,73414,1925946,0.25,,,63,
2019-07-24,3032,偉訓,twse,26.35,26.40,26.20,26.20,108000,2837800,-0.1,,,73,
2019-07-25,3032,偉訓,twse,26.45,26.45,26.20,26.30,73000,1926000,0.1,,,53,
2019-07-26,3032,偉訓,twse,26.30,26.50,26.25,26.45,57283,1512642,0.15,,,43,
2019-07-29,3032,偉訓,twse,26.45,26.70,26.45,26.70,105416,2806773,0.25,,,81,
2019-07-30,3032,偉訓,twse,26.70,26.80,26.45,26.50,133001,3536076,-0.2,,,88,
2019-07-31,3032,偉訓,twse,26.50,26.50,26.20,26.30,95001,2498176,-0.2,,,64,
2019-08-01,3032,偉訓,twse,26.40,26.40,26.20,26.25,75010,1972113,-0.05,,,49,
2019-08-02,3032,偉訓,twse,26.20,26.20,25.90,25.95,144000,3748800,-0.3,,,97,
2019-08-05,3032,偉訓,twse,26.00,26.00,25.35,25.35,102216,2607422,-0.6,,,94,
2019-08-06,3032,偉訓,twse,24.95,24.95,24.50,24.85,228001,5642225,-0.5,,,130,
2019-08-07,3032,偉訓,twse,24.85,25.60,24.85,25.25,107006,2713450,0.4,,,73,
2019-08-08,3032,偉訓,twse,25.50,25.50,25.25,25.30,38002,961500,0.05,,,29,
2019-08-12,3032,偉訓,twse,25.45,25.50,25.40,25.45,75006,1906753,0.15,,,45,
2019-08-13,3032,偉訓,twse,25.45,25.45,25.25,25.25,39002,986800,-0.2,,,31,
2019-08-14,3032,偉訓,twse,25.30,25.40,25.25,25.35,109160,2767414,0.1,,,53,
2019-08-15,3032,偉訓,twse,25.00,25.20,25.00,25.10,58001,1453875,-0.25,,,41,
2019-08-16,3032,偉訓,twse,25.10,25.45,25.10,25.45,67394,1708365,0.35,,,48,
2019-08-19,3032,偉訓,twse,25.45,25.45,25.30,25.45,46001,1167875,0.0,,,33,
2019-08-20,3032,偉訓,twse,25.45,25.55,25.40,25.40,90000,2289750,-0.05,,,45,
2019-08-21,3032,偉訓,twse,25.25,25.45,25.25,25.30,49080,1245123,-0.1,,,41,
2019-08-22,3032,偉訓,twse,25.30,25.45,25.20,25.40,148001,3746725,0.1,,,76,
2019-08-23,3032,偉訓,twse,25.50,25.50,25.20,25.20,92212,2330750,-0.2,,,60,
2019-08-26,3032,偉訓,twse,25.10,25.10,25.00,25.10,66002,1651249,-0.1,,,42,
2019-08-27,3032,偉訓,twse,25.15,25.15,25.10,25.10,85270,2141888,0.0,,,50,
2019-08-28,3032,偉訓,twse,25.10,25.15,25.05,25.05,32030,803951,-0.05,,,25,
2019-08-29,3032,偉訓,twse,25.10,25.10,24.95,25.05,82000,2050600,0.0,,,55,
2019-08-30,3032,偉訓,twse,25.05,25.20,24.95,25.00,119007,2982875,-0.05,,,70,
2019-09-02,3032,偉訓,twse,25.10,25.25,25.05,25.10,51300,1288679,0.1,,,42,
2019-09-03,3032,偉訓,twse,25.15,25.25,25.10,25.20,73800,1859109,0.1,,,47,
2019-09-04,3032,偉訓,twse,25.20,25.60,25.20,25.60,75002,1905650,0.4,,,52,
2019-09-05,3032,偉訓,twse,25.75,25.95,25.60,25.75,126964,3281272,0.15,,,94,
2019-09-06,3032,偉訓,twse,26.05,26.05,25.80,25.80,108005,2801875,0.05,,,82,
2019-09-09,3032,偉訓,twse,25.80,25.85,25.65,25.65,61364,1582131,-0.15,,,40,
2019-09-10,3032,偉訓,twse,25.75,25.75,25.60,25.75,52171,1339044,0.1,,,42,
2019-09-11,3032,偉訓,twse,25.85,25.85,25.75,25.75,49002,1263650,0.0,,,34,
2019-09-12,3032,偉訓,twse,25.75,25.95,25.75,25.95,41165,1062771,0.2,,,34,
2019-09-16,3032,偉訓,twse,25.95,25.95,25.85,25.85,32383,838394,-0.1,,,31,
2019-09-17,3032,偉訓,twse,25.60,26.00,25.60,25.70,52000,1340750,-0.15,,,34,
2019-09-18,3032,偉訓,twse,25.65,25.90,25.65,25.75,38000,980100,0.05,,,32,
2019-09-19,3032,偉訓,twse,25.75,25.75,25.70,25.75,44449,1143813,0.0,,,33,
2019-09-20,3032,偉訓,twse,25.80,25.85,25.75,25.85,56885,1467828,0.1,,,34,
2019-09-23,3032,偉訓,twse,25.75,25.80,25.75,25.80,38160,983036,-0.05,,,22,
2019-09-24,3032,偉訓,twse,25.70,25.85,25.70,25.75,42005,1083477,-0.05,,,29,
2019-09-25,3032,偉訓,twse,25.75,25.75,25.55,25.55,101310,2599934,-0.2,,,55,
2019-09-26,3032,偉訓,twse,25.60,25.60,25.50,25.50,106582,2721852,-0.05,,,71,
2019-09-27,3032,偉訓,twse,25.50,25.50,25.30,25.35,87354,2216223,-0.15,,,74,
2019-10-01,3032,偉訓,twse,25.40,25.50,25.35,25.50,31100,790500,0.15,,,25,
2019-10-02,3032,偉訓,twse,25.60,25.65,25.40,25.65,36478,930108,0.15,,,25,
2019-10-03,3032,偉訓,twse,25.65,25.65,25.45,25.50,25801,658564,-0.15,,,18,
2019-10-04,3032,偉訓,twse,25.50,25.50,25.40,25.45,33000,839500,-0.05,,,28,
2019-10-07,3032,偉訓,twse,25.40,25.50,25.40,25.50,25000,635550,0.05,,,17,
2019-10-08,3032,偉訓,twse,25.50,25.55,25.45,25.55,19000,484450,0.05,,,15,
2019-10-09,3032,偉訓,twse,25.45,25.55,25.45,25.55,20350,518739,0.0,,,25,
2019-10-14,3032,偉訓,twse,25.70,25.95,25.60,25.75,148000,3816850,0.2,,,86,
2019-10-15,3032,偉訓,twse,25.85,25.95,25.65,25.95,116301,3000801,0.2,,,65,
2019-10-16,3032,偉訓,twse,26.10,26.10,25.75,25.95,94051,2434369,0.0,,,66,
2019-10-17,3032,偉訓,twse,25.90,25.95,25.85,25.95,30000,776650,0.0,,,28,
2019-10-18,3032,偉訓,twse,25.95,25.95,25.80,25.90,66200,1711978,-0.05,,,57,
2019-10-21,3032,偉訓,twse,26.05,26.05,25.95,25.95,82624,2146174,0.05,,,51,
2019-10-22,3032,偉訓,twse,26.05,26.20,25.90,26.00,116716,3037066,0.05,,,68,
2019-10-23,3032,偉訓,twse,26.05,26.05,25.95,25.95,70000,1818000,-0.05,,,52,
2019-10-24,3032,偉訓,twse,25.90,26.00,25.85,25.90,50300,1303685,-0.05,,,35,
2019-10-25,3032,偉訓,twse,26.00,26.00,25.75,25.90,74001,1911526,0.0,,,51,
2019-10-28,3032,偉訓,twse,25.90,25.95,25.85,25.90,67050,1735793,0.0,,,50,
2019-10-29,3032,偉訓,twse,25.90,26.00,25.80,25.85,65382,1693489,-0.05,,,46,
2019-10-30,3032,偉訓,twse,25.80,26.00,25.80,26.00,88123,2286173,0.15,,,58,
2019-10-31,3032,偉訓,twse,26.00,26.45,26.00,26.45,168700,4425257,0.45,,,114,
2019-11-01,3032,偉訓,twse,26.65,27.20,26.50,26.65,634000,17060600,0.2,,,362,
2019-11-04,3032,偉訓,twse,26.75,27.00,26.75,26.90,182901,4916836,0.25,,,112,
2019-11-05,3032,偉訓,twse,27.00,27.20,26.65,26.65,181080,4863782,-0.25,,,114,
2019-11-06,3032,偉訓,twse,26.95,26.95,26.50,26.70,142060,3780440,0.05,,,79,
2019-11-07,3032,偉訓,twse,26.70,26.70,26.50,26.60,54526,1446886,-0.1,,,36,
2019-11-08,3032,偉訓,twse,26.65,26.95,26.65,26.65,112685,3021071,0.05,,,77,
2019-11-11,3032,偉訓,twse,26.65,26.70,26.40,26.45,166250,4411925,-0.2,,,104,
2019-11-12,3032,偉訓,twse,26.50,26.50,26.30,26.40,131180,3463883,-0.05,,,57,
2019-11-13,3032,偉訓,twse,26.40,26.95,26.40,26.80,171150,4579068,0.4,,,111,
2019-11-14,3032,偉訓,twse,26.80,27.10,26.80,26.90,150384,4050518,0.1,,,106,
2019-11-15,3032,偉訓,twse,27.00,27.00,26.90,26.95,84002,2262554,0.05,,,52,
2019-11-18,3032,偉訓,twse,27.10,27.15,27.00,27.00,130021,3513668,0.05,,,81,
2019-11-19,3032,偉訓,twse,27.10,27.15,26.90,27.05,134593,3635661,0.05,,,83,
2019-11-20,3032,偉訓,twse,27.10,27.10,26.90,27.05,73183,1975491,0.0,,,54,
2019-11-21,3032,偉訓,twse,27.05,27.10,26.90,27.00,45014,1215528,-0.05,,,37,
2019-11-22,3032,偉訓,twse,27.00,27.15,27.00,27.05,106500,2882250,0.05,,,74,
2019-11-25,3032,偉訓,twse,27.10,27.10,26.90,26.95,96002,2590852,-0.1,,,46,
2019-11-26,3032,偉訓,twse,27.00,27.05,26.90,27.00,126002,3398002,0.05,,,69,
2019-11-27,3032,偉訓,twse,26.95,27.00,26.90,27.00,55000,1482650,0.0,,,35,
2019-11-28,3032,偉訓,twse,27.00,27.05,27.00,27.05,39073,1055174,0.05,,,29,
2019-11-29,3032,偉訓,twse,27.00,27.00,26.90,27.00,87101,2349182,-0.05,,,59,
2019-12-02,3032,偉訓,twse,27.00,27.05,26.85,26.95,110061,2964190,-0.05,,,56,
2019-12-03,3032,偉訓,twse,26.95,26.95,26.85,26.95,58001,1560426,0.0,,,29,
2019-12-04,3032,偉訓,twse,26.80,26.95,26.80,26.85,42252,1136090,-0.1,,,33,
2019-12-05,3032,偉訓,twse,26.85,27.10,26.85,27.10,50001,1352176,0.25,,,34,
2019-12-06,3032,偉訓,twse,27.10,27.10,26.90,26.90,36101,975295,-0.2,,,34,
2019-12-09,3032,偉訓,twse,27.00,27.00,26.85,27.00,46126,1241786,0.1,,,34,
2019-12-10,3032,偉訓,twse,27.00,28.40,27.00,27.80,636457,17693203,0.8,,,393,
2019-12-11,3032,偉訓,twse,28.15,28.80,28.10,28.45,721212,20526327,0.65,,,430,
2019-12-12,3032,偉訓,twse,28.65,28.70,27.75,27.85,245490,6912542,-0.6,,,182,
2019-12-13,3032,偉訓,twse,27.95,28.35,27.50,27.75,218589,6084324,-0.1,,,137,
2019-12-16,3032,偉訓,twse,27.75,28.65,27.75,28.45,557546,15803849,0.7,,,294,
2019-12-17,3032,偉訓,twse,28.60,28.80,28.25,28.35,307528,8782566,-0.1,,,198,
2019-12-18,3032,偉訓,twse,28.55,28.65,28.15,28.15,215201,6105468,-0.2,,,125,
2019-12-19,3032,偉訓,twse,28.15,28.20,27.85,28.05,148270,4160686,-0.1,,,81,
2019-12-20,3032,偉訓,twse,28.40,28.40,27.90,28.20,172044,4834090,0.15,,,106,
2019-12-23,3032,偉訓,twse,28.20,28.35,27.85,27.90,172021,4821385,-0.3,,,98,
2019-12-24,3032,偉訓,twse,27.90,28.15,27.80,28.10,114081,3182025,0.2,,,78,
2019-12-25,3032,偉訓,twse,28.20,28.55,28.20,28.40,188051,5342998,0.3,,,139,
2019-12-26,3032,偉訓,twse,28.45,28.50,28.40,28.40,144003,4095784,0.0,,,99,
2019-12-27,3032,偉訓,twse,28.50,28.60,28.45,28.50,108812,3103289,0.1,,,100,
2019-12-30,3032,偉訓,twse,28.60,28.60,28.40,28.40,133800,3811467,-0.1,,,81,
2019-12-31,3032,偉訓,twse,28.35,28.35,28.25,28.25,88455,2503321,-0.15,,,59,
2020-01-02,3032,偉訓,twse,28.25,28.50,28.20,28.45,139043,3936878,0.2,,,75,
2020-01-03,3032,偉訓,twse,28.45,28.45,28.15,28.35,91001,2574078,-0.1,,,66,
2020-01-06,3032,偉訓,twse,28.20,28.20,27.80,27.80,264001,7383977,-0.55,,,136,
2020-01-07,3032,偉訓,twse,28.00,28.00,27.65,27.65,126100,3498815,-0.15,,,85,
2020-01-08,3032,偉訓,twse,27.65,28.00,27.65,27.75,119000,3312500,0.1,,,60,
2020-01-09,3032,偉訓,twse,27.75,28.15,27.75,28.05,186638,5234296,0.3,,,73,
2020-01-10,3032,偉訓,twse,28.20,28.20,27.95,27.95,72250,2027285,-0.1,,,100,
2020-01-13,3032,偉訓,twse,27.95,28.10,27.70,27.75,229080,6376273,-0.2,,,124,
2020-01-14,3032,偉訓,twse,27.80,28.15,27.80,28.15,58356,1631368,0.4,,,45,
2020-01-15,3032,偉訓,twse,28.15,28.20,28.00,28.20,71141,2000411,0.05,,,46,
2020-01-16,3032,偉訓,twse,28.20,28.20,28.10,28.10,44026,1239429,-0.1,,,31,
2020-01-17,3032,偉訓,twse,28.10,28.15,27.95,28.10,262041,7338652,0.0,,,60,
2020-01-20,3032,偉訓,twse,28.20,28.20,27.95,28.05,135122,3793478,-0.05,,,90,
2020-01-30,3032,偉訓,twse,27.00,27.65,26.40,26.40,439100,11769613,-1.65,,,227,
2020-01-31,3032,偉訓,twse,26.40,26.90,26.40,26.90,272260,7219744,0.5,,,155,
2020-02-03,3032,偉訓,twse,26.50,26.50,25.20,26.20,201150,5218295,-0.7,,,114,
2020-02-04,3032,偉訓,twse,26.60,26.65,26.40,26.50,145030,3852401,0.3,,,79,
2020-02-05,3032,偉訓,twse,26.55,26.60,26.30,26.45,160001,4231026,-0.05,,,100,
2020-02-06,3032,偉訓,twse,26.55,26.70,26.45,26.70,90003,2391478,0.25,,,74,
2020-02-07,3032,偉訓,twse,26.80,26.80,26.30,26.45,227101,6006045,-0.25,,,123,
2020-02-10,3032,偉訓,twse,26.30,26.30,25.70,26.00,209030,5434235,-0.45,,,120,
2020-02-11,3032,偉訓,twse,26.35,26.35,26.10,26.20,67003,1755828,0.2,,,42,
2020-02-12,3032,偉訓,twse,26.30,26.50,26.30,26.40,86017,2266142,0.2,,,73,
2020-02-13,3032,偉訓,twse,26.40,26.60,26.40,26.45,70114,1857218,0.05,,,48,
2020-02-14,3032,偉訓,twse,26.40,26.55,26.40,26.45,104251,2759900,0.0,,,52,
2020-02-17,3032,偉訓,twse,26.45,26.45,26.20,26.40,68095,1793699,-0.05,,,42,
2020-02-18,3032,偉訓,twse,26.40,26.40,26.30,26.35,26011,686039,-0.05,,,25,
2020-02-19,3032,偉訓,twse,26.40,26.45,26.30,26.40,88189,2326288,0.05,,,49,
2020-02-20,3032,偉訓,twse,26.45,26.70,26.40,26.55,116017,3077747,0.15,,,79,
2020-02-21,3032,偉訓,twse,26.55,26.60,26.40,26.45,108350,2870043,-0.1,,,62,
2020-02-24,3032,偉訓,twse,26.40,26.40,26.25,26.40,67100,1766288,-0.05,,,52,
2020-02-25,3032,偉訓,twse,26.20,26.50,26.20,26.50,91034,2393550,0.1,,,48,
2020-02-26,3032,偉訓,twse,26.30,26.45,26.20,26.30,82051,2160151,-0.2,,,43,
2020-02-27,3032,偉訓,twse,26.25,26.25,26.10,26.25,77001,2014576,-0.05,,,55,
2020-03-02,3032,偉訓,twse,26.00,26.05,25.00,25.65,311036,7972800,-0.6,,,213,
2020-03-03,3032,偉訓,twse,25.65,25.95,25.65,25.95,127313,3277412,0.3,,,68,
2020-03-04,3032,偉訓,twse,25.85,25.85,25.65,25.70,75018,1932004,-0.25,,,63,
2020-03-05,3032,偉訓,twse,25.85,26.00,25.75,25.75,92011,2378076,0.05,,,71,
2020-03-06,3032,偉訓,twse,25.50,25.70,25.45,25.65,139067,3552515,-0.1,,,96,
2020-03-09,3032,偉訓,twse,25.45,25.45,24.90,25.05,300002,7522600,-0.6,,,189,
2020-03-10,3032,偉訓,twse,25.00,25.60,24.70,25.60,229200,5719939,0.55,,,133,
2020-03-11,3032,偉訓,twse,25.60,25.65,25.00,25.00,118001,2977525,-0.6,,,80,
2020-03-12,3032,偉訓,twse,24.80,24.80,24.05,24.25,208673,5067415,-0.75,,,161,
2020-03-13,3032,偉訓,twse,23.00,23.00,21.85,22.45,379386,8506963,-1.8,,,250,
2020-03-16,3032,偉訓,twse,22.55,22.70,21.95,21.95,280101,6200277,-0.5,,,125,
2020-03-17,3032,偉訓,twse,19.90,20.90,19.90,20.35,374000,7566550,-1.6,,,200,
2020-03-18,3032,偉訓,twse,20.20,20.85,20.20,20.70,281358,5797550,0.35,,,166,
2020-03-19,3032,偉訓,twse,21.70,21.70,20.30,20.65,613020,12894920,-0.05,,,328,
2020-03-20,3032,偉訓,twse,20.65,22.45,20.65,21.90,399000,8652450,1.25,,,208,
2020-03-23,3032,偉訓,twse,21.20,21.80,21.20,21.60,193001,4172424,-0.3,,,89,
2020-03-24,3032,偉訓,twse,21.65,22.45,21.65,22.20,66000,1460400,0.6,,,53,
2020-03-25,3032,偉訓,twse,22.35,23.20,22.35,22.80,146000,3331850,0.6,,,89,
2020-03-26,3032,偉訓,twse,22.80,23.40,22.45,23.30,184000,4244450,0.5,,,93,
2020-03-27,3032,偉訓,twse,24.50,24.55,23.45,23.55,331101,7905480,0.25,,,222,
2020-03-30,3032,偉訓,twse,23.50,23.80,22.50,23.80,90001,2106075,0.25,,,78,
2020-03-31,3032,偉訓,twse,24.20,24.30,23.60,23.60,141003,3365028,-0.2,,,105,
2020-04-01,3032,偉訓,twse,23.55,24.05,23.55,23.80,88000,2100900,0.2,,,71,
2020-04-06,3032,偉訓,twse,23.80,24.15,23.65,24.00,102238,2442715,0.2,,,92,
2020-04-07,3032,偉訓,twse,24.15,24.50,24.15,24.30,157031,3822106,0.3,,,110,
2020-04-08,3032,偉訓,twse,24.35,25.20,24.30,24.85,285013,7009128,0.55,,,162,
2020-04-09,3032,偉訓,twse,24.85,25.45,24.85,24.95,274926,6901243,0.1,,,165,
2020-04-10,3032,偉訓,twse,24.95,25.15,24.85,25.10,157121,3926862,0.15,,,92,
2020-04-13,3032,偉訓,twse,25.15,25.40,25.00,25.30,155047,3902090,0.2,,,81,
2020-04-14,3032,偉訓,twse,25.40,25.60,25.30,25.40,330168,8405034,0.1,,,145,
2020-04-15,3032,偉訓,twse,25.45,25.85,25.40,25.85,398000,10184350,0.45,,,126,
2020-04-16,3032,偉訓,twse,25.90,25.90,25.40,25.85,150003,3866328,0.0,,,94,
2020-04-17,3032,偉訓,twse,26.00,26.05,25.70,25.80,299104,7734109,-0.05,,,130,
2020-04-20,3032,偉訓,twse,25.70,25.85,25.60,25.80,158001,4070625,0.0,,,66,
2020-04-21,3032,偉訓,twse,25.65,25.85,25.00,25.35,380006,9674054,-0.45,,,179,
2020-04-22,3032,偉訓,twse,25.00,25.50,24.80,25.45,221010,5582504,0.1,,,104,
2020-04-23,3032,偉訓,twse,25.45,26.00,25.45,25.75,133001,3432876,0.3,,,81,
2020-04-24,3032,偉訓,twse,25.75,25.85,25.60,25.80,141000,3634350,0.05,,,63,
2020-04-27,3032,偉訓,twse,25.80,26.10,25.80,25.85,258002,6682202,0.05,,,147,
2020-04-28,3032,偉訓,twse,25.85,26.05,25.80,25.95,273051,7082320,0.1,,,99,
2020-04-29,3032,偉訓,twse,25.95,26.25,25.95,26.20,231412,6046672,0.25,,,135,
2020-04-30,3032,偉訓,twse,26.30,26.70,26.30,26.65,365207,9700934,0.45,,,165,
2020-05-04,3032,偉訓,twse,26.60,26.60,26.25,26.40,149021,3930001,-0.25,,,90,
2020-05-05,3032,偉訓,twse,26.35,27.10,26.35,26.85,233272,6257360,0.45,,,109,
2020-05-06,3032,偉訓,twse,26.90,27.05,26.80,26.80,291100,7834880,-0.05,,,112,
2020-05-07,3032,偉訓,twse,26.80,27.05,26.80,26.90,232151,6251709,0.1,,,110,
2020-05-08,3032,偉訓,twse,27.05,27.55,26.95,27.50,418517,11398114,0.6,,,185,
2020-05-11,3032,偉訓,twse,27.70,28.25,27.70,28.10,755478,21152150,0.6,,,302,
2020-05-12,3032,偉訓,twse,28.15,28.80,28.10,28.80,666702,18986109,0.7,,,383,
2020-05-13,3032,偉訓,twse,28.05,28.80,28.05,28.65,231542,6595278,-0.15,,,135,
2020-05-14,3032,偉訓,twse,28.70,29.20,28.45,28.50,347251,10004253,-0.15,,,214,
2020-05-15,3032,偉訓,twse,28.55,28.95,27.85,28.35,335543,9486469,-0.15,,,189,
2020-05-18,3032,偉訓,twse,28.90,28.95,28.60,28.95,454100,13100485,0.6,,,195,
2020-05-19,3032,偉訓,twse,29.10,29.30,28.65,28.95,364555,10569188,0.0,,,180,
2020-05-20,3032,偉訓,twse,29.00,29.10,28.85,28.90,208000,6013700,-0.05,,,90,
2020-05-21,3032,偉訓,twse,28.85,29.10,28.85,29.00,164041,4751247,0.1,,,99,
2020-05-22,3032,偉訓,twse,29.05,29.05,28.85,29.00,203103,5883537,0.0,,,114,
2020-05-25,3032,偉訓,twse,29.10,29.10,28.85,29.05,215174,6239065,0.05,,,120,
2020-05-26,3032,偉訓,twse,29.10,29.15,28.85,29.05,223150,6471905,0.0,,,103,
2020-05-27,3032,偉訓,twse,29.10,29.30,28.95,29.20,264055,7687005,0.15,,,154,
2020-05-28,3032,偉訓,twse,29.25,29.30,29.10,29.20,198655,5802625,0.0,,,114,
2020-05-29,3032,偉訓,twse,29.05,29.30,29.05,29.25,128303,3749712,0.05,,,83,
2020-06-01,3032,偉訓,twse,29.15,29.50,29.10,29.45,345447,10133096,0.2,,,169,
2020-06-02,3032,偉訓,twse,29.50,30.70,29.50,30.25,580699,17502392,0.8,,,342,
2020-06-03,3032,偉訓,twse,30.90,30.95,30.35,30.50,475102,14580889,0.25,,,276,
2020-06-04,3032,偉訓,twse,30.70,30.75,30.15,30.25,218501,6628078,-0.25,,,134,
2020-06-05,3032,偉訓,twse,30.25,30.40,30.10,30.30,195625,5902485,0.05,,,120,
2020-06-08,3032,偉訓,twse,30.35,30.85,30.35,30.55,276094,8448206,0.25,,,161,
2020-06-09,3032,偉訓,twse,30.65,30.65,29.80,30.05,269063,8139783,-0.5,,,180,
2020-06-10,3032,偉訓,twse,30.25,30.30,29.70,30.25,345738,10359022,0.2,,,169,
2020-06-11,3032,偉訓,twse,30.25,30.50,29.85,29.85,282362,8535650,-0.4,,,195,
2020-06-12,3032,偉訓,twse,29.05,29.70,29.05,29.65,180044,5293847,-0.2,,,115,
2020-06-15,3032,偉訓,twse,30.10,30.15,29.90,30.00,173000,5198550,0.35,,,100,
2020-06-16,3032,偉訓,twse,30.00,30.45,30.00,30.45,218006,6588230,0.45,,,131,
2020-06-17,3032,偉訓,twse,30.45,30.70,30.10,30.40,182100,5552639,-0.05,,,108,
2020-06-18,3032,偉訓,twse,30.70,30.70,30.40,30.55,124200,3789759,0.15,,,80,
2020-06-19,3032,偉訓,twse,30.85,30.85,30.55,30.65,264001,8092880,0.1,,,120,
2020-06-22,3032,偉訓,twse,30.80,31.55,30.75,31.30,576594,18025690,0.65,,,369,
2020-06-23,3032,偉訓,twse,31.70,31.70,30.60,31.20,280346,8717278,-0.1,,,181,
2020-06-24,3032,偉訓,twse,31.20,31.20,30.80,30.90,119002,3677360,-0.3,,,80,
2020-06-29,3032,偉訓,twse,30.70,30.75,30.55,30.60,210006,6432683,-0.3,,,112,
2020-06-30,3032,偉訓,twse,30.60,30.90,30.50,30.55,180001,5506480,-0.05,,,84,
2020-07-01,3032,偉訓,twse,30.70,30.80,30.50,30.65,121500,3722774,0.1,,,69,
2020-07-02,3032,偉訓,twse,30.80,30.95,30.50,30.90,185000,5683100,0.25,,,95,
2020-07-03,3032,偉訓,twse,31.10,31.30,30.90,31.00,282296,8765585,0.1,,,170,
2020-07-06,3032,偉訓,twse,31.20,31.30,31.05,31.20,442205,13779915,0.2,,,210,
2020-07-07,3032,偉訓,twse,31.50,31.70,31.15,31.40,846521,26546758,0.2,,,337,
2020-07-08,3032,偉訓,twse,31.70,32.50,31.40,31.65,1441066,45716636,0.25,,,611,
2020-07-09,3032,偉訓,twse,31.95,32.10,31.15,31.40,1215002,38366262,-0.25,,,476,
2020-07-10,3032,偉訓,twse,31.55,31.65,30.95,31.25,453009,14166380,-0.15,,,222,
2020-07-13,3032,偉訓,twse,31.40,31.80,31.20,31.55,1223663,38536466,0.3,,,440,
2020-07-14,3032,偉訓,twse,31.55,31.80,30.95,30.95,1593200,49882110,-0.6,,,534,
2020-07-15,3032,偉訓,twse,31.30,31.35,30.60,31.05,1490088,46184035,0.1,,,631,
2020-07-16,3032,偉訓,twse,29.05,30.25,28.90,29.90,1456884,43073395,0.0,,,644,
2020-07-17,3032,偉訓,twse,30.20,30.55,29.50,29.55,470184,14073236,-0.35,,,250,
2020-07-20,3032,偉訓,twse,29.50,29.50,28.85,29.25,345573,10090359,-0.3,,,191,
2020-07-21,3032,偉訓,twse,29.25,29.90,29.25,29.80,425353,12627900,0.55,,,243,
2020-07-22,3032,偉訓,twse,29.80,30.90,29.80,30.55,540061,16427516,0.75,,,351,
2020-07-23,3032,偉訓,twse,30.50,31.30,30.50,30.90,550100,16996769,0.35,,,271,
2020-07-24,3032,偉訓,twse,31.20,31.25,30.40,30.55,522634,16073767,-0.35,,,244,
2020-07-27,3032,偉訓,twse,30.55,30.65,30.00,30.25,422111,12802484,-0.3,,,188,
2020-07-28,3032,偉訓,twse,30.20,30.25,29.30,29.60,566395,16887501,-0.65,,,224,
2020-07-29,3032,偉訓,twse,29.60,30.00,29.60,29.90,212337,6344258,0.3,,,114,
2020-07-30,3032,偉訓,twse,29.85,30.55,29.85,30.35,427108,12888311,0.45,,,208,
2020-07-31,3032,偉訓,twse,30.50,30.60,30.35,30.55,445247,13572794,0.2,,,201,
2020-08-03,3032,偉訓,twse,31.00,31.35,30.80,31.20,635000,19787400,0.65,,,327,
2020-08-04,3032,偉訓,twse,31.50,34.30,31.45,34.30,3087548,103343764,3.1,,,1661,
2020-08-05,3032,偉訓,twse,35.00,36.00,34.10,34.45,3208917,112051501,0.15,,,1764,
2020-08-06,3032,偉訓,twse,34.95,35.85,34.65,35.30,1129146,39624572,0.85,,,659,
2020-08-07,3032,偉訓,twse,35.70,37.25,35.65,37.20,1825966,66542527,1.9,,,1023,
2020-08-10,3032,偉訓,twse,37.20,38.10,36.55,37.65,1265832,47150504,0.45,,,765,
2020-08-11,3032,偉訓,twse,37.65,37.80,35.60,35.75,1601110,58471198,-1.9,,,888,
2020-08-12,3032,偉訓,twse,35.80,36.85,35.30,36.30,701000,25135050,0.55,,,388,
2020-08-13,3032,偉訓,twse,36.90,39.20,36.80,38.75,2988886,114255300,2.45,,,1817,
2020-08-14,3032,偉訓,twse,38.10,38.90,37.30,38.25,1572268,59791595,-0.5,,,938,
2020-08-17,3032,偉訓,twse,38.65,39.15,37.65,38.30,919147,35358233,0.05,,,593,
2020-08-18,3032,偉訓,twse,38.70,40.00,38.05,39.50,1927504,75709078,1.2,,,1055,
2020-08-19,3032,偉訓,twse,40.00,40.50,39.25,40.00,1904470,75904600,0.5,,,1035,
2020-08-20,3032,偉訓,twse,40.20,41.30,36.50,37.95,3102343,119226834,-2.05,,,1737,
2020-08-21,3032,偉訓,twse,38.90,40.90,38.60,39.20,3723855,147275499,1.25,,,1825,
2020-08-24,3032,偉訓,twse,39.30,40.35,38.30,38.50,2366186,92476165,-0.7,,,1288,
2020-08-25,3032,偉訓,twse,38.70,39.60,38.10,39.50,1401476,54790501,1.0,,,771,
2020-08-26,3032,偉訓,twse,39.50,40.70,39.40,40.50,2266215,90876420,1.0,,,1135,
2020-08-27,3032,偉訓,twse,41.00,43.85,40.05,42.90,7819891,330395562,2.4,,,4304,
2020-08-28,3032,偉訓,twse,42.85,43.50,41.75,42.50,4433395,188342442,-0.4,,,2742,
2020-08-31,3032,偉訓,twse,42.85,43.50,42.40,42.90,2541000,108743048,0.4,,,1410,
2020-09-01,3032,偉訓,twse,42.90,44.30,41.30,41.80,4326800,184831586,-1.1,,,2442,
2020-09-02,3032,偉訓,twse,41.80,45.15,41.80,44.50,7601470,334409458,2.7,,,3953,
2020-09-03,3032,偉訓,twse,45.80,46.90,44.15,45.10,6233757,282586160,0.6,,,3676,
2020-09-04,3032,偉訓,twse,43.40,46.00,43.40,46.00,3549064,159410065,0.9,,,1941,
2020-09-07,3032,偉訓,twse,47.00,48.00,44.80,45.05,3942940,181833859,-0.95,,,2282,
2020-09-08,3032,偉訓,twse,45.60,47.10,44.50,46.50,3716727,170849957,1.45,,,1978,
2020-09-09,3032,偉訓,twse,46.50,47.25,45.85,46.80,3163455,147724507,0.3,,,1689,
2020-09-10,3032,偉訓,twse,47.10,48.15,45.30,45.60,4291658,201042802,-1.2,,,2444,
2020-09-11,3032,偉訓,twse,46.45,46.45,43.00,44.10,2950645,130978790,-1.5,,,1804,
2020-09-14,3032,偉訓,twse,44.50,44.95,43.30,43.90,1545106,68280305,-0.2,,,750,
2020-09-15,3032,偉訓,twse,44.20,44.80,44.00,44.40,796367,35321863,0.5,,,543,
2020-09-16,3032,偉訓,twse,44.55,44.80,44.00,44.00,892363,39573684,-0.4,,,504,
2020-09-17,3032,偉訓,twse,44.20,45.35,44.00,44.25,1187360,52934892,0.25,,,605,
2020-09-18,3032,偉訓,twse,44.30,44.95,44.20,44.85,702390,31318733,0.6,,,377,
2020-09-21,3032,偉訓,twse,44.90,44.95,43.55,43.80,1035170,45664519,-1.05,,,600,
2020-09-22,3032,偉訓,twse,43.70,43.70,42.15,42.20,1420509,60547402,-1.6,,,818,
2020-09-23,3032,偉訓,twse,43.00,43.15,41.80,42.00,710650,30033100,-0.2,,,482,
2020-09-24,3032,偉訓,twse,41.30,42.50,40.80,41.50,1023559,42478986,-0.5,,,548,
2020-09-25,3032,偉訓,twse,42.80,42.80,39.65,40.00,1911365,78033050,-1.5,,,981,
2020-09-28,3032,偉訓,twse,40.50,42.60,40.50,42.25,1316500,55019024,2.25,,,655,
2020-09-29,3032,偉訓,twse,42.70,43.15,41.65,41.75,817421,34560094,-0.5,,,411,
2020-09-30,3032,偉訓,twse,42.00,42.50,41.70,42.40,452075,19101530,0.65,,,252,
2020-10-05,3032,偉訓,twse,42.40,44.10,42.10,44.00,1096310,47384345,1.6,,,621,
2020-10-06,3032,偉訓,twse,44.50,46.35,44.20,46.00,2992700,136088520,2.0,,,1773,
2020-10-07,3032,偉訓,twse,45.50,47.50,45.45,47.50,3136826,146504281,1.5,,,1752,
2020-10-08,3032,偉訓,twse,48.35,49.50,47.10,48.50,4962893,239246608,1.0,,,3037,
2020-10-12,3032,偉訓,twse,48.70,49.30,46.80,47.80,2018942,97051329,-0.7,,,1316,
2020-10-13,3032,偉訓,twse,49.20,50.80,48.00,49.90,8236418,407754701,2.1,,,5057,
2020-10-14,3032,偉訓,twse,49.90,51.10,49.20,49.90,3582024,179331100,0.0,,,2450,
2020-10-15,3032,偉訓,twse,50.30,51.10,49.70,50.70,3274000,165263799,0.8,,,1923,
2020-10-16,3032,偉訓,twse,51.10,52.30,49.55,50.50,3774850,191065608,-0.2,,,2535,
2020-10-19,3032,偉訓,twse,50.10,50.20,48.80,49.00,2770559,136732301,-1.5,,,1833,
2020-10-20,3032,偉訓,twse,49.00,49.80,48.30,49.55,1535773,75628157,0.55,,,942,
2020-10-21,3032,偉訓,twse,49.55,50.40,49.55,50.00,1010386,50429058,0.45,,,673,
2020-10-22,3032,偉訓,twse,50.40,51.50,49.95,49.95,2787290,141516381,-0.05,,,1865,
2020-10-23,3032,偉訓,twse,51.40,51.40,50.10,50.10,1036425,52370190,0.15,,,633,
2020-10-26,3032,偉訓,twse,50.70,50.70,49.65,49.75,885846,44227152,-0.35,,,559,
2020-10-27,3032,偉訓,twse,49.60,50.70,49.30,49.40,1002962,50085901,-0.35,,,693,
2020-10-28,3032,偉訓,twse,49.40,50.30,49.40,49.70,958301,47784508,0.3,,,568,
2020-10-29,3032,偉訓,twse,49.10,51.30,48.60,51.10,1681537,84347227,1.4,,,1079,
2020-10-30,3032,偉訓,twse,51.10,51.10,48.35,48.35,2359701,116928540,-2.75,,,1638,
2020-11-02,3032,偉訓,twse,48.45,49.00,46.85,49.00,1874397,89810876,0.65,,,1245,
2020-11-03,3032,偉訓,twse,49.15,49.45,48.00,48.10,1218147,59166462,-0.9,,,821,
2020-11-04,3032,偉訓,twse,48.10,48.70,47.70,48.05,867230,41685251,-0.05,,,533,
2020-11-05,3032,偉訓,twse,48.20,49.45,48.10,49.00,659762,32169572,0.95,,,420,
2020-11-06,3032,偉訓,twse,49.25,49.70,48.60,48.65,1069534,52475163,-0.35,,,613,
2020-11-09,3032,偉訓,twse,49.30,50.30,48.80,50.10,1757977,87181332,1.45,,,981,
2020-11-10,3032,偉訓,twse,50.30,50.60,47.75,48.25,2581112,126379067,-1.85,,,1564,
2020-11-11,3032,偉訓,twse,47.05,47.70,45.95,46.40,3519153,164268987,-1.85,,,2251,
2020-11-12,3032,偉訓,twse,46.40,46.70,44.85,44.95,2464262,111868669,-1.45,,,1465,
2020-11-13,3032,偉訓,twse,45.10,46.20,45.10,45.70,989117,45272667,0.75,,,626,
2020-11-16,3032,偉訓,twse,46.20,46.30,45.30,45.50,1053520,48020862,-0.2,,,599,
2020-11-17,3032,偉訓,twse,45.60,45.65,44.50,44.50,1152418,51714005,-1.0,,,777,
2020-11-18,3032,偉訓,twse,44.30,45.55,44.30,44.85,902436,40499510,0.35,,,536,
2020-11-19,3032,偉訓,twse,44.85,46.15,44.55,46.00,954004,43472632,1.15,,,687,
2020-11-20,3032,偉訓,twse,46.05,46.50,45.55,45.75,695308,31920189,-0.25,,,520,
2020-11-23,3032,偉訓,twse,45.75,45.90,45.30,45.65,632865,28843573,-0.1,,,411,
2020-11-24,3032,偉訓,twse,45.90,46.25,45.45,45.55,649064,29650598,-0.1,,,386,
2020-11-25,3032,偉訓,twse,45.80,45.85,44.35,44.85,1027796,46251944,-0.7,,,657,
2020-11-26,3032,偉訓,twse,45.00,45.45,44.80,45.30,387726,17514806,0.45,,,265,
2020-11-27,3032,偉訓,twse,45.40,46.10,45.40,45.75,672637,30801259,0.45,,,435,
2020-11-30,3032,偉訓,twse,46.00,46.00,45.00,45.15,840648,38171941,-0.6,,,517,
2020-12-01,3032,偉訓,twse,45.20,45.35,44.55,44.85,706305,31674445,-0.3,,,440,
2020-12-02,3032,偉訓,twse,44.85,45.10,44.60,44.60,694030,31075760,-0.25,,,398,
2020-12-03,3032,偉訓,twse,44.60,45.20,44.25,44.40,1851035,82865371,-0.2,,,895,
2020-12-04,3032,偉訓,twse,44.70,44.85,44.30,44.50,660059,29386033,0.1,,,392,
2020-12-07,3032,偉訓,twse,44.90,46.30,44.55,45.70,1744103,79323533,1.2,,,1022,
2020-12-08,3032,偉訓,twse,45.70,46.30,45.25,45.45,1096915,50006238,-0.25,,,642,
2020-12-09,3032,偉訓,twse,45.90,46.00,45.45,45.75,716745,32701312,0.3,,,481,
2020-12-10,3032,偉訓,twse,45.90,46.45,45.45,45.65,1378551,63348113,-0.1,,,832,
2020-12-11,3032,偉訓,twse,46.15,46.20,44.30,44.85,994605,44882076,-0.8,,,646,
2020-12-14,3032,偉訓,twse,44.85,45.60,44.75,45.45,389271,17640527,0.6,,,273,
2020-12-15,3032,偉訓,twse,45.45,45.70,44.25,44.25,719678,32175230,-1.2,,,471,
2020-12-16,3032,偉訓,twse,44.35,44.80,44.30,44.45,332332,14797674,0.2,,,223,
2020-12-17,3032,偉訓,twse,44.70,44.70,44.20,44.40,362506,16072916,-0.05,,,247,
2020-12-18,3032,偉訓,twse,44.65,44.65,43.35,43.50,801842,35091393,-0.9,,,549,
2020-12-21,3032,偉訓,twse,43.60,43.65,42.40,43.00,769302,32919684,-0.5,,,463,
2020-12-22,3032,偉訓,twse,42.65,43.50,42.25,42.30,448984,19205595,-0.7,,,331,
2020-12-23,3032,偉訓,twse,42.30,42.65,42.15,42.40,333151,14111000,0.1,,,253,
2020-12-24,3032,偉訓,twse,42.70,42.80,42.50,42.55,224734,9579059,0.15,,,174,
2020-12-25,3032,偉訓,twse,42.65,43.15,42.65,42.75,289214,12384672,0.2,,,236,
2020-12-28,3032,偉訓,twse,42.90,43.60,42.90,43.50,468464,20315770,0.75,,,330,
2020-12-29,3032,偉訓,twse,43.55,43.80,43.05,43.45,430278,18629982,-0.05,,,283,
2020-12-30,3032,偉訓,twse,43.35,43.55,43.30,43.35,377381,16390341,-0.1,,,227,
2020-12-31,3032,偉訓,twse,43.50,43.65,43.20,43.40,269146,11666767,0.05,,,178,
2021-01-04,3032,偉訓,twse,43.40,43.65,43.15,43.40,345027,14969461,0.0,,,231,
2021-01-05,3032,偉訓,twse,43.40,43.70,43.30,43.70,386516,16832419,0.3,,,215,
2021-01-06,3032,偉訓,twse,43.75,43.95,42.25,42.85,864569,37123226,-0.85,,,585,
2021-01-07,3032,偉訓,twse,42.95,42.95,42.20,42.85,529349,22509528,0.0,,,379,
2021-01-08,3032,偉訓,twse,43.10,43.10,42.30,42.40,306929,13039228,-0.45,,,236,
2021-01-11,3032,偉訓,twse,42.60,43.10,42.15,43.00,364210,15502951,0.6,,,258,
2021-01-12,3032,偉訓,twse,42.40,43.20,42.00,42.35,596251,25246365,-0.65,,,460,
2021-01-13,3032,偉訓,twse,42.35,42.50,41.80,41.90,532253,22385117,-0.45,,,357,
2021-01-14,3032,偉訓,twse,42.00,42.20,40.80,40.95,985787,40730393,-0.95,,,640,
2021-01-15,3032,偉訓,twse,41.10,41.35,40.00,40.10,886601,35789976,-0.85,,,579,
2021-01-18,3032,偉訓,twse,40.10,41.30,39.10,41.15,690419,27769683,1.05,,,507,
2021-01-19,3032,偉訓,twse,41.20,42.00,41.20,41.80,374383,15628199,0.65,,,304,
2021-01-20,3032,偉訓,twse,42.10,42.10,40.00,40.05,615019,24975439,-1.75,,,458,
2021-01-21,3032,偉訓,twse,40.50,40.50,39.50,39.75,335534,13405786,-0.3,,,256,
2021-01-22,3032,偉訓,twse,40.05,40.05,39.60,39.75,277998,11053647,0.0,,,183,
2021-01-25,3032,偉訓,twse,39.60,40.30,39.05,40.00,372138,14787770,0.25,,,265,
2021-01-26,3032,偉訓,twse,40.10,42.50,40.10,40.50,671241,27442988,0.5,,,489,
2021-01-27,3032,偉訓,twse,41.20,41.20,40.25,40.50,270625,10963493,0.0,,,231,
2021-01-28,3032,偉訓,twse,40.00,40.15,39.65,40.05,362028,14446364,-0.45,,,262,
2021-01-29,3032,偉訓,twse,40.55,40.55,39.25,39.35,375563,14902425,-0.7,,,303,
2021-02-01,3032,偉訓,twse,39.10,39.15,38.15,38.70,640281,24665972,-0.65,,,469,
2021-02-02,3032,偉訓,twse,38.70,39.25,38.50,38.65,385207,14919477,-0.05,,,289,
2021-02-03,3032,偉訓,twse,39.00,39.50,38.80,39.40,361053,14143979,0.75,,,241,
2021-02-04,3032,偉訓,twse,39.40,39.80,39.25,39.75,252975,9998347,0.35,,,221,
2021-02-05,3032,偉訓,twse,38.20,39.45,38.20,38.90,1415943,54879692,-0.85,,,811,
2021-02-17,3032,偉訓,twse,40.70,41.50,40.50,41.20,1254275,51351680,2.3,,,805,
2021-02-18,3032,偉訓,twse,41.45,42.80,41.45,42.75,1341931,56706888,1.55,,,923,
2021-02-19,3032,偉訓,twse,42.75,44.20,42.05,44.05,2262491,98350318,1.3,,,1404,
2021-02-22,3032,偉訓,twse,44.55,47.65,44.55,47.00,3873999,179006661,2.95,,,2292,
2021-02-23,3032,偉訓,twse,47.00,48.20,46.05,47.75,3273031,155098863,0.75,,,1855,
2021-02-24,3032,偉訓,twse,47.80,48.20,47.45,48.00,2405583,115234473,0.25,,,1331,
2021-02-25,3032,偉訓,twse,48.80,49.50,48.05,48.90,2161757,105113752,0.9,,,1164,
2021-02-26,3032,偉訓,twse,48.70,49.50,47.80,48.50,2209986,108008936,-0.4,,,1349,
2021-03-02,3032,偉訓,twse,49.70,49.80,46.55,46.60,2418939,116544867,-1.9,,,1477,
2021-03-03,3032,偉訓,twse,47.10,47.90,45.40,47.75,1338500,62744155,1.15,,,827,
2021-03-04,3032,偉訓,twse,47.75,48.30,47.30,47.70,961507,46031118,-0.05,,,655,
2021-03-05,3032,偉訓,twse,47.60,48.20,47.00,48.00,919034,43985332,0.3,,,511,
2021-03-08,3032,偉訓,twse,48.50,48.70,47.10,47.30,790228,37705316,-0.7,,,478,
2021-03-09,3032,偉訓,twse,47.75,47.75,46.35,47.50,869226,40825065,0.2,,,560,
2021-03-10,3032,偉訓,twse,46.70,47.35,46.35,46.45,1136692,53056636,-1.05,,,734,
2021-03-11,3032,偉訓,twse,46.45,46.90,46.20,46.45,496198,23103934,0.0,,,359,
2021-03-12,3032,偉訓,twse,46.40,46.70,46.00,46.10,600402,27810317,-0.35,,,425,
2021-03-15,3032,偉訓,twse,46.05,47.30,46.05,47.25,929632,43548323,1.15,,,580,
2021-03-16,3032,偉訓,twse,47.45,48.50,47.20,48.35,1282690,61431906,1.1,,,712,
2021-03-17,3032,偉訓,twse,48.65,48.90,47.75,48.05,1115148,53983453,-0.3,,,617,
2021-03-18,3032,偉訓,twse,48.05,48.30,47.55,47.70,802753,38458661,-0.35,,,492,
2021-03-19,3032,偉訓,twse,47.50,48.80,47.45,48.20,630827,30447284,0.5,,,460,
2021-03-22,3032,偉訓,twse,48.85,48.90,47.45,47.55,1880772,90187368,-0.65,,,1088,
2021-03-23,3032,偉訓,twse,47.50,48.45,46.80,47.65,1291135,61102396,0.1,,,818,
2021-03-24,3032,偉訓,twse,47.65,48.20,47.40,47.75,593321,28409081,0.1,,,358,
2021-03-25,3032,偉訓,twse,47.85,48.80,47.80,48.00,1315486,63550843,0.25,,,855,
2021-03-26,3032,偉訓,twse,48.50,48.65,48.10,48.15,737830,35673995,0.15,,,421,
2021-03-29,3032,偉訓,twse,49.00,50.40,48.90,50.00,4689700,232895421,1.85,,,2676,
2021-03-30,3032,偉訓,twse,50.50,50.70,48.90,49.50,2170668,107300601,-0.5,,,1456,
2021-03-31,3032,偉訓,twse,49.40,49.45,47.85,48.35,1959221,95260761,-1.15,,,1131,
2021-04-01,3032,偉訓,twse,48.80,48.85,48.00,48.30,884275,42767791,-0.05,,,553,
2021-04-06,3032,偉訓,twse,48.50,48.55,47.90,48.15,937111,45082537,-0.15,,,671,
2021-04-07,3032,偉訓,twse,48.20,49.20,48.15,49.00,1086059,52803797,0.85,,,688,
2021-04-08,3032,偉訓,twse,49.50,49.80,49.05,49.05,1299928,64217735,0.05,,,833,
2021-04-09,3032,偉訓,twse,49.60,49.60,48.55,48.80,895026,43843612,-0.25,,,527,
2021-04-12,3032,偉訓,twse,49.10,49.75,48.80,49.00,1433482,70569357,0.2,,,815,
2021-04-13,3032,偉訓,twse,49.50,49.55,48.00,48.05,1349506,65870667,-0.95,,,890,
2021-04-14,3032,偉訓,twse,48.30,48.50,46.40,47.35,1548078,73207874,-0.7,,,984,
2021-04-15,3032,偉訓,twse,47.40,47.70,47.30,47.40,452153,21471284,0.05,,,307,
2021-04-16,3032,偉訓,twse,47.60,47.80,47.25,47.40,552611,26210679,0.0,,,370,
2021-04-19,3032,偉訓,twse,47.40,47.60,47.10,47.20,659340,31152874,-0.2,,,423,
2021-04-20,3032,偉訓,twse,47.45,47.60,47.05,47.35,468244,22176832,0.15,,,286,
2021-04-21,3032,偉訓,twse,47.35,47.45,47.15,47.25,542607,25638584,-0.1,,,349,
2021-04-22,3032,偉訓,twse,47.30,47.40,46.00,46.20,1367158,63826103,-1.05,,,819,
2021-04-23,3032,偉訓,twse,46.05,46.55,45.80,46.35,918509,42341602,0.15,,,485,
2021-04-26,3032,偉訓,twse,46.50,47.50,46.40,47.35,609034,28587005,1.0,,,495,
2021-04-27,3032,偉訓,twse,47.35,47.80,46.85,47.60,625674,29679169,0.25,,,410,
2021-04-28,3032,偉訓,twse,47.90,48.30,47.50,47.50,888756,42485457,-0.1,,,590,
2021-04-29,3032,偉訓,twse,47.05,48.35,47.05,47.55,967007,46239004,0.05,,,679,
2021-05-03,3032,偉訓,twse,47.20,47.20,46.05,46.05,922269,42934496,-1.5,,,579,
2021-05-04,3032,偉訓,twse,46.00,46.10,43.25,44.05,1672864,74226212,-2.0,,,948,
2021-05-05,3032,偉訓,twse,43.80,44.80,43.60,44.15,437050,19313277,0.1,,,255,
2021-05-06,3032,偉訓,twse,44.15,44.55,43.20,43.30,770638,33637354,-0.85,,,492,
2021-05-07,3032,偉訓,twse,43.55,45.20,43.50,45.20,500545,22277955,1.9,,,379,
2021-05-10,3032,偉訓,twse,45.00,45.25,44.35,44.45,281214,12541423,-0.75,,,226,
2021-05-11,3032,偉訓,twse,43.20,43.55,41.85,42.30,1393418,59583870,-2.15,,,791,
2021-05-12,3032,偉訓,twse,42.00,42.00,38.20,39.60,1738570,69545630,-2.7,,,1158,
2021-05-13,3032,偉訓,twse,38.60,40.30,38.00,39.55,798562,31300367,-0.05,,,532,
2021-05-14,3032,偉訓,twse,40.10,40.80,39.20,39.40,471024,18743944,-0.15,,,323,
2021-05-17,3032,偉訓,twse,35.65,38.40,35.65,37.00,1050817,39036670,-2.4,,,533,
2021-05-18,3032,偉訓,twse,37.35,39.80,37.35,39.70,625263,24156917,2.7,,,377,
2021-05-19,3032,偉訓,twse,40.00,40.40,39.20,40.20,415163,16558947,0.5,,,261,
2021-05-20,3032,偉訓,twse,40.10,40.35,39.55,39.55,267524,10654214,-0.65,,,214,
2021-05-21,3032,偉訓,twse,39.70,40.30,39.70,40.25,175589,7033245,0.7,,,178,
2021-05-24,3032,偉訓,twse,40.25,41.35,39.80,41.25,389320,15390212,1.0,,,208,
2021-05-25,3032,偉訓,twse,41.40,42.00,41.10,41.25,325190,13502766,0.0,,,263,
2021-05-26,3032,偉訓,twse,41.30,41.35,41.00,41.10,136280,5606549,-0.15,,,113,
2021-05-27,3032,偉訓,twse,41.20,41.50,40.85,41.10,203053,8346728,0.0,,,149,
2021-05-28,3032,偉訓,twse,41.30,41.70,41.30,41.45,174129,7230229,0.35,,,128,
2021-05-31,3032,偉訓,twse,41.50,41.75,41.45,41.50,176881,7352176,0.05,,,136,
2021-06-01,3032,偉訓,twse,41.50,42.45,41.50,42.30,218446,9175638,0.8,,,165,
2021-06-02,3032,偉訓,twse,42.30,42.45,41.65,41.85,237172,9965864,-0.45,,,168,
2021-06-03,3032,偉訓,twse,42.00,42.00,41.55,41.70,133018,5550095,-0.15,,,109,
2021-06-04,3032,偉訓,twse,41.70,41.70,41.10,41.25,159496,6603481,-0.45,,,136,
2021-06-07,3032,偉訓,twse,41.30,41.60,40.80,41.25,162023,6651259,0.0,,,116,
2021-06-08,3032,偉訓,twse,41.00,41.55,40.85,41.25,156230,6418808,0.0,,,132,
2021-06-09,3032,偉訓,twse,41.70,42.10,41.25,41.35,175617,7286473,0.1,,,174,
2021-06-10,3032,偉訓,twse,41.35,41.70,41.30,41.35,152422,6319075,0.0,,,100,
2021-06-11,3032,偉訓,twse,41.70,42.00,41.55,41.60,155732,6500152,0.25,,,113,
2021-06-15,3032,偉訓,twse,41.90,41.90,41.60,41.65,204121,8514575,0.05,,,126,
2021-06-16,3032,偉訓,twse,41.75,42.15,41.65,41.70,243300,10187313,0.05,,,150,
2021-06-17,3032,偉訓,twse,41.70,41.90,41.70,41.80,112187,4689754,0.1,,,79,
2021-06-18,3032,偉訓,twse,41.80,42.65,41.80,42.40,311449,13177082,0.6,,,212,
2021-06-21,3032,偉訓,twse,42.40,42.40,41.65,41.70,204178,8544908,-0.7,,,162,
2021-06-22,3032,偉訓,twse,41.90,41.90,41.40,41.45,231115,9612217,-0.25,,,183,
2021-06-23,3032,偉訓,twse,41.80,41.80,41.55,41.55,97166,4044413,0.1,,,89,
2021-06-24,3032,偉訓,twse,42.00,43.30,41.85,43.20,570603,24409094,1.65,,,444,
2021-06-25,3032,偉訓,twse,43.20,43.20,42.65,43.00,323518,13874949,-0.2,,,249,
2021-06-28,3032,偉訓,twse,42.70,42.75,42.60,42.65,172323,7346489,-0.35,,,129,
2021-06-29,3032,偉訓,twse,42.65,42.70,42.15,42.45,267359,11332470,-0.2,,,178,
2021-06-30,3032,偉訓,twse,42.45,43.50,42.30,42.40,361102,15388258,-0.05,,,208,
2021-07-01,3032,偉訓,twse,42.40,42.40,41.70,41.70,567204,23752578,-0.7,,,351,
2021-07-02,3032,偉訓,twse,41.70,41.80,41.60,41.65,184279,7679000,-0.05,,,139,
2021-07-05,3032,偉訓,twse,42.00,42.00,41.75,41.95,216310,9047062,0.3,,,148,
2021-07-06,3032,偉訓,twse,42.30,42.30,41.85,41.95,216587,9092695,0.0,,,168,
2021-07-07,3032,偉訓,twse,42.00,42.60,42.00,42.15,248269,10504904,0.2,,,202,
2021-07-08,3032,偉訓,twse,42.15,42.35,41.90,42.00,235207,9898324,-0.15,,,153,
2021-07-09,3032,偉訓,twse,41.75,41.95,41.30,41.70,356459,14835058,-0.3,,,228,
2021-07-12,3032,偉訓,twse,42.00,42.00,41.20,41.25,455111,18828423,-0.45,,,346,
2021-07-13,3032,偉訓,twse,41.50,41.50,41.00,41.00,384448,15869098,-0.25,,,244,
2021-07-14,3032,偉訓,twse,41.45,41.45,40.80,41.00,263284,10800308,0.0,,,200,
2021-07-15,3032,偉訓,twse,40.90,41.45,40.80,41.40,236013,9714291,0.4,,,116,
2021-07-16,3032,偉訓,twse,41.30,42.30,41.30,42.15,300797,12643080,0.75,,,222,
2021-07-19,3032,偉訓,twse,42.30,42.30,41.80,42.00,196596,8256262,-0.15,,,139,
2021-07-20,3032,偉訓,twse,41.75,41.80,41.40,41.40,223068,9275236,-0.6,,,147,
2021-07-21,3032,偉訓,twse,41.50,41.80,40.90,40.90,268555,11064604,-0.5,,,196,
2021-07-22,3032,偉訓,twse,41.30,41.30,40.80,40.90,236344,9677703,0.0,,,175,
2021-07-23,3032,偉訓,twse,40.90,41.20,40.90,41.20,152447,6253635,0.3,,,113,
2021-07-26,3032,偉訓,twse,41.35,41.80,41.10,41.80,167052,6933634,0.6,,,139,
2021-07-27,3032,偉訓,twse,42.40,43.30,42.05,42.15,794521,33834950,0.35,,,556,
2021-07-28,3032,偉訓,twse,42.50,42.50,41.15,42.20,447870,18741252,0.05,,,333,
2021-07-29,3032,偉訓,twse,42.00,42.70,42.00,42.60,278176,11800851,0.4,,,202,
2021-07-30,3032,偉訓,twse,42.60,42.75,42.15,42.60,282702,11971756,0.0,,,247,
2021-08-02,3032,偉訓,twse,42.60,42.80,42.20,42.45,193781,8233485,-0.15,,,165,
2021-08-03,3032,偉訓,twse,42.70,42.80,42.55,42.55,341811,14581707,0.1,,,216,
2021-08-04,3032,偉訓,twse,42.55,42.65,42.20,42.30,271153,11488402,-0.25,,,161,
2021-08-05,3032,偉訓,twse,42.50,42.65,42.30,42.60,434028,18453569,0.3,,,204,
2021-08-06,3032,偉訓,twse,42.60,42.75,42.40,42.50,249959,10635605,-0.1,,,189,
2021-08-09,3032,偉訓,twse,42.40,42.50,41.80,41.90,508868,21393114,-0.6,,,278,
2021-08-10,3032,偉訓,twse,41.90,41.90,41.30,41.45,922780,38336292,-0.45,,,595,
2021-08-11,3032,偉訓,twse,38.00,38.00,37.05,37.20,1942507,71498143,0.0,,,579,
2021-08-12,3032,偉訓,twse,36.55,37.10,36.50,36.60,302368,11082770,-0.6,,,227,
2021-08-13,3032,偉訓,twse,36.40,36.40,35.20,35.20,548377,19514266,-1.4,,,423,
2021-08-16,3032,偉訓,twse,35.00,35.00,32.35,32.85,735556,24417626,-2.35,,,528,
2021-08-17,3032,偉訓,twse,33.05,33.05,32.40,32.50,356623,11614343,-0.35,,,279,
2021-08-18,3032,偉訓,twse,32.25,32.45,31.60,32.35,337189,10772397,-0.15,,,237,
2021-08-19,3032,偉訓,twse,32.30,32.30,31.00,31.25,335489,10560097,-1.1,,,270,
2021-08-20,3032,偉訓,twse,31.00,31.30,30.60,30.70,378379,11670669,-0.55,,,282,
2021-08-23,3032,偉訓,twse,30.75,32.00,30.75,31.90,413613,13045354,1.2,,,194,
2021-08-24,3032,偉訓,twse,31.90,32.35,31.90,32.10,119672,3843712,0.2,,,99,
2021-08-25,3032,偉訓,twse,32.10,33.00,32.05,32.80,258211,8453052,0.7,,,179,
2021-08-26,3032,偉訓,twse,32.90,33.00,32.70,32.95,137811,4524505,0.15,,,99,
2021-08-27,3032,偉訓,twse,32.95,33.00,32.80,32.90,190342,6268658,-0.05,,,112,
2021-08-30,3032,偉訓,twse,32.95,33.25,32.90,33.00,157302,5195486,0.1,,,74,
2021-08-31,3032,偉訓,twse,33.50,33.50,32.40,33.00,229157,7497281,0.0,,,200,
2021-09-01,3032,偉訓,twse,32.95,33.10,32.55,32.85,127986,4209983,-0.15,,,86,
2021-09-02,3032,偉訓,twse,32.65,32.70,32.30,32.45,224659,7295432,-0.4,,,186,
2021-09-03,3032,偉訓,twse,32.30,32.30,32.05,32.10,202229,6497887,-0.35,,,197,
2021-09-06,3032,偉訓,twse,32.20,32.30,32.00,32.05,129801,4167687,-0.05,,,124,
2021-09-07,3032,偉訓,twse,32.20,32.20,31.65,31.95,120353,3820809,-0.1,,,107,
2021-09-08,3032,偉訓,twse,31.85,31.85,30.95,31.10,264426,8240678,-0.85,,,171,
2021-09-09,3032,偉訓,twse,31.05,31.80,31.00,31.60,83160,2608903,0.5,,,72,
2021-09-10,3032,偉訓,twse,31.75,31.75,31.45,31.55,69696,2202041,-0.05,,,60,
2021-09-13,3032,偉訓,twse,31.75,31.75,31.10,31.10,159421,4971270,-0.45,,,116,
2021-09-14,3032,偉訓,twse,31.20,31.40,31.05,31.10,147722,4602366,0.0,,,111,
2021-09-15,3032,偉訓,twse,31.05,31.35,30.95,31.25,121711,3782860,0.15,,,76,
2021-09-16,3032,偉訓,twse,31.40,31.45,31.15,31.30,79159,2476014,0.05,,,63,
2021-09-17,3032,偉訓,twse,31.35,31.60,31.30,31.45,52580,1654093,0.15,,,57,
2021-09-22,3032,偉訓,twse,31.45,31.45,30.50,31.10,127645,3954721,-0.35,,,121,
2021-09-23,3032,偉訓,twse,31.20,31.50,31.20,31.30,57110,1785650,0.2,,,44,
2021-09-24,3032,偉訓,twse,31.60,31.70,31.45,31.55,46252,1459920,0.25,,,51,
2021-09-27,3032,偉訓,twse,31.60,32.20,31.45,32.05,93733,3002728,0.5,,,89,
2021-09-28,3032,偉訓,twse,32.05,32.30,31.85,31.90,76222,2432163,-0.15,,,73,
2021-09-29,3032,偉訓,twse,31.70,31.70,31.15,31.60,140101,4411537,-0.3,,,118,
2021-09-30,3032,偉訓,twse,32.35,32.35,31.30,31.65,51133,1623011,0.05,,,43,
2021-10-01,3032,偉訓,twse,31.70,31.80,31.20,31.35,176136,5531226,-0.3,,,137,
2021-10-04,3032,偉訓,twse,31.60,31.60,30.65,30.75,113578,3499298,-0.6,,,95,
2021-10-05,3032,偉訓,twse,30.75,31.05,30.30,30.60,124796,3826626,-0.15,,,157,
2021-10-06,3032,偉訓,twse,31.00,31.00,30.40,30.40,86262,2636164,-0.2,,,64,
2021-10-07,3032,偉訓,twse,30.55,30.95,30.45,30.85,85003,2622140,0.45,,,60,
2021-10-08,3032,偉訓,twse,31.00,31.30,30.95,31.10,82715,2570676,0.25,,,59,
2021-10-12,3032,偉訓,twse,31.10,31.10,30.65,31.00,97031,2996762,-0.1,,,67,
2021-10-13,3032,偉訓,twse,31.00,31.00,30.50,30.75,97151,2973431,-0.25,,,87,
2021-10-14,3032,偉訓,twse,30.80,30.90,30.65,30.90,30102,926541,0.15,,,27,
2021-10-15,3032,偉訓,twse,30.90,31.10,30.85,30.85,98091,3036889,-0.05,,,69,
2021-10-18,3032,偉訓,twse,30.85,30.85,30.65,30.80,29269,901706,-0.05,,,31,
2021-10-19,3032,偉訓,twse,31.00,31.10,30.85,31.10,123621,3838073,0.3,,,84,
2021-10-20,3032,偉訓,twse,30.90,31.45,30.90,31.30,66848,2089322,0.2,,,71,
2021-10-21,3032,偉訓,twse,31.60,31.85,31.50,31.75,153582,4866282,0.45,,,107,
2021-10-22,3032,偉訓,twse,31.80,31.80,31.05,31.75,96650,3052708,0.0,,,86,
2021-10-25,3032,偉訓,twse,31.80,31.80,31.40,31.55,45218,1426285,-0.2,,,41,
2021-10-26,3032,偉訓,twse,31.50,31.55,31.20,31.25,127406,3991054,-0.3,,,105,
2021-10-27,3032,偉訓,twse,31.25,31.30,31.00,31.20,97251,3029312,-0.05,,,77,
2021-10-28,3032,偉訓,twse,31.20,31.35,31.05,31.25,127255,3972115,0.05,,,88,
2021-10-29,3032,偉訓,twse,31.30,31.30,31.05,31.10,55440,1725860,-0.15,,,58,
2021-11-01,3032,偉訓,twse,31.10,31.30,31.10,31.15,54783,1709481,0.05,,,48,
2021-11-02,3032,偉訓,twse,31.30,31.50,31.25,31.30,124280,3899347,0.15,,,77,
2021-11-03,3032,偉訓,twse,31.50,32.25,31.50,32.15,168752,5391527,0.85,,,174,
2021-11-04,3032,偉訓,twse,32.20,32.55,32.20,32.45,141591,4590139,0.3,,,128,
2021-11-05,3032,偉訓,twse,32.45,32.45,32.15,32.35,72620,2348283,-0.1,,,66,
2021-11-08,3032,偉訓,twse,32.35,32.35,31.95,32.00,136166,4367407,-0.35,,,92,
2021-11-09,3032,偉訓,twse,32.00,32.00,31.60,31.70,107290,3405902,-0.3,,,129,
2021-11-10,3032,偉訓,twse,31.70,32.00,31.70,32.00,71252,2263928,0.3,,,67,
2021-11-11,3032,偉訓,twse,32.00,32.20,31.85,32.10,98813,3166507,0.1,,,124,
2021-11-12,3032,偉訓,twse,32.10,32.20,31.80,31.90,102802,3280026,-0.2,,,129,
2021-11-15,3032,偉訓,twse,31.95,31.95,31.65,31.75,124318,3948090,-0.15,,,86,
2021-11-16,3032,偉訓,twse,31.80,31.85,31.70,31.75,106427,3379939,0.0,,,95,
2021-11-17,3032,偉訓,twse,31.75,31.80,31.65,31.75,139389,4420345,0.0,,,94,
2021-11-18,3032,偉訓,twse,31.75,31.85,31.60,31.75,186335,5914429,0.0,,,120,
2021-11-19,3032,偉訓,twse,31.90,32.05,31.80,31.80,227848,7268366,0.05,,,146,
2021-11-22,3032,偉訓,twse,31.90,32.05,31.80,32.05,153813,4908423,0.25,,,113,
2021-11-23,3032,偉訓,twse,32.05,32.05,31.60,31.75,157280,5001554,-0.3,,,96,
2021-11-24,3032,偉訓,twse,31.75,31.85,31.75,31.85,68188,2168596,0.1,,,51,
2021-11-25,3032,偉訓,twse,31.85,31.85,31.75,31.85,77633,2467752,0.0,,,55,
2021-11-26,3032,偉訓,twse,31.80,31.80,31.45,31.55,102326,3229565,-0.3,,,74,
2021-11-29,3032,偉訓,twse,31.40,31.40,30.80,31.25,112494,3497116,-0.3,,,94,
2021-11-30,3032,偉訓,twse,31.25,31.45,31.15,31.40,62023,1941467,0.15,,,55,
2021-12-01,3032,偉訓,twse,31.30,31.45,31.30,31.45,77178,2421164,0.05,,,64,
2021-12-02,3032,偉訓,twse,31.55,31.75,31.50,31.75,120320,3811221,0.3,,,80,
2021-12-03,3032,偉訓,twse,31.70,31.80,31.50,31.55,111949,3546946,-0.2,,,81,
2021-12-06,3032,偉訓,twse,31.55,31.55,31.35,31.40,84563,2660988,-0.15,,,60,
2021-12-07,3032,偉訓,twse,31.30,31.50,31.30,31.40,58107,1826417,0.0,,,55,
2021-12-08,3032,偉訓,twse,31.50,31.55,31.45,31.50,54401,1713570,0.1,,,50,
2021-12-09,3032,偉訓,twse,31.40,31.65,31.30,31.40,173438,5454937,-0.1,,,130,
2021-12-10,3032,偉訓,twse,31.40,31.40,31.30,31.35,90055,2822673,-0.05,,,69,
2021-12-13,3032,偉訓,twse,31.35,31.40,31.20,31.25,46247,1447431,-0.1,,,41,
2021-12-14,3032,偉訓,twse,31.15,31.25,31.10,31.10,142204,4429375,-0.15,,,91,
2021-12-15,3032,偉訓,twse,31.10,31.10,30.85,30.90,180133,5575485,-0.2,,,106,
2021-12-16,3032,偉訓,twse,31.35,31.55,30.95,31.55,149071,4677065,0.65,,,104,
2021-12-17,3032,偉訓,twse,31.55,31.95,31.55,31.90,176278,5602140,0.35,,,140,
2021-12-20,3032,偉訓,twse,32.00,32.00,31.75,31.75,99127,3154697,-0.15,,,90,
2021-12-21,3032,偉訓,twse,31.75,31.75,31.50,31.60,99568,3142975,-0.15,,,79,
2021-12-22,3032,偉訓,twse,31.60,31.60,31.45,31.60,76692,2416277,0.0,,,81,
2021-12-23,3032,偉訓,twse,31.80,31.90,31.50,31.90,115313,3655889,0.3,,,72,
2021-12-24,3032,偉訓,twse,32.00,32.00,31.90,31.95,180079,5753419,0.05,,,96,
2021-12-27,3032,偉訓,twse,31.95,32.20,31.90,31.95,133312,4259007,0.0,,,81,
2021-12-28,3032,偉訓,twse,32.00,32.15,32.00,32.05,137705,4410550,0.1,,,121,
2021-12-29,3032,偉訓,twse,32.20,35.00,32.05,34.30,1248333,42128376,2.25,,,852,
2021-12-30,3032,偉訓,twse,34.75,34.85,33.45,33.70,794403,27179601,-0.6,,,642,
2022-01-03,3032,偉訓,twse,33.70,34.40,33.30,33.95,297299,10035252,0.25,,,260,
2022-01-04,3032,偉訓,twse,33.80,34.00,33.20,33.25,258255,8636047,-0.7,,,218,
2022-01-05,3032,偉訓,twse,33.40,33.40,32.70,32.75,184122,6064590,-0.5,,,156,
2022-01-06,3032,偉訓,twse,32.75,33.10,32.55,32.70,97452,3192276,-0.05,,,71,
2022-01-07,3032,偉訓,twse,32.75,32.90,32.05,32.15,215594,6949342,-0.55,,,167,
2022-01-10,3032,偉訓,twse,32.10,32.30,31.90,32.00,113412,3633561,-0.15,,,81,
2022-01-11,3032,偉訓,twse,32.00,32.00,31.85,32.00,100546,3212817,0.0,,,71,
2022-01-12,3032,偉訓,twse,32.05,32.05,31.90,32.05,104433,3339664,0.05,,,71,
2022-01-13,3032,偉訓,twse,32.00,32.00,31.90,31.90,113419,3623849,-0.15,,,74,
2022-01-14,3032,偉訓,twse,31.90,32.00,31.75,31.85,101885,3244447,-0.05,,,70,
2022-01-17,3032,偉訓,twse,31.90,32.10,31.90,32.10,101481,3245452,0.25,,,74,
2022-01-18,3032,偉訓,twse,32.15,32.80,32.15,32.70,116010,3779150,0.6,,,107,
2022-01-19,3032,偉訓,twse,32.70,32.70,32.30,32.30,128062,4153555,-0.4,,,99,
2022-01-20,3032,偉訓,twse,32.20,32.30,32.00,32.00,106734,3431547,-0.3,,,96,
2022-01-21,3032,偉訓,twse,31.95,31.95,31.65,31.65,193138,6137485,-0.35,,,138,
2022-01-24,3032,偉訓,twse,31.95,31.95,31.00,31.45,124664,3899564,-0.2,,,150,
2022-01-25,3032,偉訓,twse,31.40,31.95,31.05,31.05,137582,4294879,-0.4,,,175,
2022-01-26,3032,偉訓,twse,31.05,31.30,31.05,31.05,129948,4042202,0.0,,,113,
2022-02-07,3032,偉訓,twse,31.30,31.75,31.00,31.65,76620,2398587,0.6,,,108,
2022-02-08,3032,偉訓,twse,31.75,32.20,31.55,31.90,130257,4157181,0.25,,,98,
2022-02-09,3032,偉訓,twse,31.85,32.30,31.85,32.25,69483,2234977,0.35,,,92,
2022-02-10,3032,偉訓,twse,32.50,32.50,32.00,32.30,51061,1640715,0.05,,,52,
2022-02-11,3032,偉訓,twse,32.25,32.50,32.00,32.20,125218,4031179,-0.1,,,78,
2022-02-14,3032,偉訓,twse,32.10,32.10,31.70,31.70,132781,4223573,-0.5,,,131,
2022-02-15,3032,偉訓,twse,31.70,32.00,31.65,31.70,48126,1530888,0.0,,,46,
2022-02-16,3032,偉訓,twse,32.15,32.15,31.80,32.00,67313,2150352,0.3,,,58,
2022-02-17,3032,偉訓,twse,32.20,32.25,32.05,32.10,71231,2289942,0.1,,,71,
2022-02-18,3032,偉訓,twse,32.20,32.35,31.95,32.25,110176,3547146,0.15,,,80,
2022-02-21,3032,偉訓,twse,32.20,32.20,32.00,32.10,103178,3310391,-0.15,,,82,
2022-02-22,3032,偉訓,twse,32.10,32.10,31.65,31.80,128089,4074208,-0.3,,,118,
2022-02-23,3032,偉訓,twse,31.95,31.95,31.60,31.90,81113,2582796,0.1,,,68,
2022-02-24,3032,偉訓,twse,31.90,31.90,31.10,31.15,240463,7557483,-0.75,,,179,
2022-02-25,3032,偉訓,twse,31.40,31.45,31.05,31.30,88525,2761809,0.15,,,70,
2022-03-01,3032,偉訓,twse,31.60,31.70,31.50,31.60,77183,2439733,0.3,,,64,
2022-03-02,3032,偉訓,twse,31.60,31.75,31.60,31.75,43078,1365634,0.15,,,37,
2022-03-03,3032,偉訓,twse,31.80,31.85,31.50,31.55,119468,3784375,-0.2,,,101,
2022-03-04,3032,偉訓,twse,31.60,31.75,31.50,31.55,73248,2313384,0.0,,,51,
2022-03-07,3032,偉訓,twse,31.55,31.55,30.80,30.90,264480,8209406,-0.65,,,183,
2022-03-08,3032,偉訓,twse,30.90,31.10,30.80,30.85,223276,6908565,-0.05,,,137,
2022-03-09,3032,偉訓,twse,30.90,31.00,30.85,30.95,85205,2635284,0.1,,,59,
2022-03-10,3032,偉訓,twse,31.05,31.35,31.05,31.25,74138,2316180,0.3,,,69,
2022-03-11,3032,偉訓,twse,31.20,31.20,31.00,31.00,61662,1915255,-0.25,,,67,
2022-03-14,3032,偉訓,twse,31.05,31.05,30.90,30.95,56617,1754517,-0.05,,,47,
2022-03-15,3032,偉訓,twse,30.90,30.90,30.45,30.50,136709,4178539,-0.45,,,136,
2022-03-16,3032,偉訓,twse,30.50,30.60,30.25,30.40,94002,2860496,-0.1,,,76,
2022-03-17,3032,偉訓,twse,30.55,30.95,30.45,30.60,82155,2513232,0.2,,,68,
2022-03-18,3032,偉訓,twse,30.60,30.65,30.50,30.60,25001,763933,0.0,,,23,
2022-03-21,3032,偉訓,twse,30.55,30.80,30.55,30.75,103091,3161510,0.15,,,74,
2022-03-22,3032,偉訓,twse,30.60,30.85,30.55,30.85,42282,1299616,0.1,,,43,
2022-03-23,3032,偉訓,twse,30.90,31.10,30.90,31.10,82691,2562629,0.25,,,69,
2022-03-24,3032,偉訓,twse,31.10,31.10,31.00,31.00,51758,1606820,-0.1,,,57,
2022-03-25,3032,偉訓,twse,31.30,31.30,31.05,31.05,61252,1910149,0.05,,,59,
2022-03-28,3032,偉訓,twse,31.10,31.10,30.80,30.95,80102,2475777,-0.1,,,66,
2022-03-29,3032,偉訓,twse,31.00,31.10,30.95,31.00,37494,1163193,0.05,,,42,
2022-03-30,3032,偉訓,twse,31.00,31.20,30.85,30.95,123350,3815012,-0.05,,,64,
2022-03-31,3032,偉訓,twse,30.95,31.05,30.85,30.95,45786,1416710,0.0,,,116,
2022-04-01,3032,偉訓,twse,30.80,31.05,30.80,30.90,56201,1736119,-0.05,,,169,
2022-04-06,3032,偉訓,twse,30.95,30.95,30.80,30.95,22316,689980,0.05,,,105,
2022-04-07,3032,偉訓,twse,30.90,31.15,30.90,31.15,198092,6156557,0.2,,,111,
2022-04-08,3032,偉訓,twse,31.05,31.15,30.85,31.10,81146,2519542,-0.05,,,76,
2022-04-11,3032,偉訓,twse,31.10,31.35,30.75,30.85,284140,8780850,-0.25,,,92,
2022-04-12,3032,偉訓,twse,30.60,30.80,30.60,30.75,81190,2490517,-0.1,,,81,
2022-04-13,3032,偉訓,twse,30.90,31.05,30.75,30.75,57059,1759089,0.0,,,50,
2022-04-14,3032,偉訓,twse,30.70,30.80,30.60,30.70,66097,2030293,-0.05,,,73,
2022-04-15,3032,偉訓,twse,30.70,30.70,30.55,30.70,55442,1699383,0.0,,,161,
2022-04-18,3032,偉訓,twse,30.55,30.70,30.55,30.60,95350,2917354,-0.1,,,191,
2022-04-19,3032,偉訓,twse,30.65,30.65,30.50,30.65,53165,1624369,0.05,,,161,
2022-04-20,3032,偉訓,twse,30.60,30.60,30.45,30.60,81348,2483041,-0.05,,,145,
2022-04-21,3032,偉訓,twse,30.60,30.70,30.50,30.50,52671,1610990,-0.1,,,103,
2022-04-22,3032,偉訓,twse,30.50,30.60,30.40,30.50,39025,1189565,0.0,,,39,
2022-04-25,3032,偉訓,twse,30.50,30.70,30.00,30.00,165858,4993424,-0.5,,,135,
2022-04-26,3032,偉訓,twse,30.00,30.10,29.90,29.90,106421,3187149,-0.1,,,79,
2022-04-27,3032,偉訓,twse,29.80,29.80,29.10,29.35,162259,4749501,-0.55,,,128,
2022-04-28,3032,偉訓,twse,29.40,29.40,29.35,29.40,28005,822795,0.05,,,30,
2022-04-29,3032,偉訓,twse,29.40,29.65,29.35,29.45,37044,1090982,0.05,,,57,
2022-05-03,3032,偉訓,twse,29.50,29.65,29.00,29.40,43322,1265178,-0.05,,,68,
2022-05-04,3032,偉訓,twse,29.45,29.45,29.25,29.35,15277,448130,-0.05,,,60,
2022-05-05,3032,偉訓,twse,29.35,29.40,29.30,29.30,19887,583972,-0.05,,,29,
2022-05-06,3032,偉訓,twse,29.25,29.25,28.90,29.25,71150,2062838,-0.05,,,70,
2022-05-09,3032,偉訓,twse,29.00,29.00,28.60,28.70,77115,2217727,-0.55,,,73,
2022-05-10,3032,偉訓,twse,28.10,28.80,28.10,28.55,40075,1139149,-0.15,,,41,
2022-05-11,3032,偉訓,twse,28.50,28.60,28.20,28.60,46087,1305787,0.05,,,48,
2022-05-12,3032,偉訓,twse,28.40,28.40,27.95,27.95,101702,2854669,-0.65,,,145,
2022-05-13,3032,偉訓,twse,27.70,27.90,27.65,27.85,80093,2220566,-0.1,,,66,
2022-05-16,3032,偉訓,twse,27.85,28.45,27.85,28.10,57051,1602344,0.25,,,50,
2022-05-17,3032,偉訓,twse,28.35,28.40,28.25,28.35,15084,427430,0.25,,,18,
2022-05-18,3032,偉訓,twse,28.25,28.85,28.25,28.85,51031,1461791,0.5,,,51,
2022-05-19,3032,偉訓,twse,28.50,29.00,28.50,29.00,40486,1165480,0.15,,,48,
2022-05-20,3032,偉訓,twse,29.00,29.10,29.00,29.00,17098,496264,0.0,,,34,
2022-05-23,3032,偉訓,twse,29.40,29.40,28.80,29.05,14407,418472,0.05,,,22,
2022-05-25,3032,偉訓,twse,29.05,29.10,28.90,29.00,19071,553226,0.0,,,26,
2022-05-26,3032,偉訓,twse,29.40,29.40,29.00,29.00,38061,1109605,0.0,,,23,
2022-05-27,3032,偉訓,twse,29.35,29.35,29.05,29.20,8133,237234,0.2,,,16,
2022-05-30,3032,偉訓,twse,29.25,29.25,29.00,29.00,44582,1295847,-0.2,,,49,
2022-05-31,3032,偉訓,twse,29.00,29.50,29.00,29.20,32494,950103,0.2,,,35,
2022-06-01,3032,偉訓,twse,28.95,29.15,28.95,29.15,17157,498190,-0.05,,,25,
2022-06-02,3032,偉訓,twse,29.15,29.25,29.15,29.20,30776,899424,0.05,,,46,
2022-06-06,3032,偉訓,twse,29.20,29.45,29.20,29.45,31096,911299,0.25,,,38,
2022-06-07,3032,偉訓,twse,29.50,29.50,29.15,29.15,17528,512863,-0.3,,,31,
2022-06-08,3032,偉訓,twse,29.30,29.45,29.30,29.35,37152,1091103,0.2,,,29,
2022-06-09,3032,偉訓,twse,29.45,29.45,29.35,29.35,21216,623711,0.0,,,36,
2022-06-10,3032,偉訓,twse,29.35,29.40,29.20,29.25,25120,735814,-0.1,,,32,
2022-06-13,3032,偉訓,twse,29.25,29.25,28.70,28.85,42169,1216711,-0.4,,,46,
2022-06-14,3032,偉訓,twse,28.70,28.70,28.45,28.65,46003,1312843,-0.2,,,41,
2022-06-15,3032,偉訓,twse,28.65,29.00,28.65,29.00,32178,928091,0.35,,,59,
2022-06-16,3032,偉訓,twse,29.20,29.40,29.00,29.00,35154,1026798,0.0,,,42,
2022-06-17,3032,偉訓,twse,28.80,28.85,28.50,28.75,38098,1091003,-0.25,,,50,
2022-06-20,3032,偉訓,twse,28.80,28.80,28.05,28.35,31714,900441,-0.4,,,35,
2022-06-21,3032,偉訓,twse,28.00,28.40,28.00,28.40,61086,1726901,0.05,,,46,
2022-06-22,3032,偉訓,twse,28.40,28.40,27.90,28.00,36004,1009312,-0.4,,,31,
2022-06-23,3032,偉訓,twse,28.00,28.20,27.60,28.00,62169,1732821,0.0,,,51,
2022-06-24,3032,偉訓,twse,28.20,28.20,28.10,28.10,12379,348164,0.1,,,19,
2022-06-27,3032,偉訓,twse,28.50,28.75,28.50,28.60,35327,1012630,0.5,,,55,
2022-06-28,3032,偉訓,twse,28.50,28.60,28.15,28.50,15240,434119,-0.1,,,21,
2022-06-29,3032,偉訓,twse,28.50,28.50,28.35,28.50,49205,1397410,0.0,,,21,
2022-06-30,3032,偉訓,twse,28.35,28.35,27.65,27.80,128078,3571288,-0.7,,,73,
2022-07-01,3032,偉訓,twse,27.65,27.80,26.85,27.00,151324,4132657,-0.8,,,104,
2022-07-04,3032,偉訓,twse,27.00,27.40,26.60,27.10,37008,1000073,0.1,,,40,
2022-07-05,3032,偉訓,twse,27.45,27.50,26.95,27.45,65400,1789036,0.35,,,62,
2022-07-06,3032,偉訓,twse,27.75,28.65,27.75,28.25,143901,4069196,0.8,,,94,
2022-07-07,3032,偉訓,twse,28.60,28.60,28.20,28.30,107105,3030587,0.05,,,70,
2022-07-08,3032,偉訓,twse,28.50,28.50,28.30,28.35,30012,851836,0.05,,,33,
2022-07-11,3032,偉訓,twse,28.00,28.25,28.00,28.10,25500,717387,-0.25,,,67,
2022-07-12,3032,偉訓,twse,27.80,27.90,27.65,27.65,50306,1396274,-0.45,,,54,
2022-07-13,3032,偉訓,twse,27.65,28.40,27.65,27.75,117431,3263745,0.1,,,55,
2022-07-14,3032,偉訓,twse,26.05,26.70,26.05,26.65,124126,3289475,0.0,,,84,
2022-07-15,3032,偉訓,twse,26.70,27.35,26.70,27.25,69175,1879685,0.6,,,77,
2022-07-18,3032,偉訓,twse,27.25,27.80,27.25,27.75,151189,4180686,0.5,,,74,
2022-07-19,3032,偉訓,twse,27.85,28.20,27.80,28.20,102011,2867455,0.45,,,76,
2022-07-20,3032,偉訓,twse,28.30,28.70,28.25,28.25,162783,4641000,0.05,,,91,
2022-07-21,3032,偉訓,twse,27.80,28.45,27.80,28.25,99137,2785857,0.0,,,59,
2022-07-22,3032,偉訓,twse,28.50,28.60,28.35,28.35,115139,3277102,0.1,,,64,
2022-07-25,3032,偉訓,twse,28.35,28.65,28.25,28.55,51004,1451512,0.2,,,30,
2022-07-26,3032,偉訓,twse,28.75,28.90,28.60,28.90,145765,4199094,0.35,,,80,
2022-07-27,3032,偉訓,twse,28.55,29.40,28.55,29.20,135015,3938730,0.3,,,85,
2022-07-28,3032,偉訓,twse,29.10,29.40,29.10,29.35,103409,3027627,0.15,,,97,
2022-07-29,3032,偉訓,twse,29.35,29.60,29.35,29.55,129357,3816932,0.2,,,73,
2022-08-01,3032,偉訓,twse,29.55,30.10,29.40,29.75,155568,4641816,0.2,,,172,
2022-08-02,3032,偉訓,twse,29.65,29.95,29.30,29.30,98655,2915997,-0.45,,,86,
2022-08-03,3032,偉訓,twse,29.80,29.80,28.90,29.15,63011,1835030,-0.15,,,43,
2022-08-04,3032,偉訓,twse,29.10,29.60,29.10,29.15,66007,1925907,0.0,,,41,
2022-08-05,3032,偉訓,twse,29.45,29.50,29.20,29.40,34007,996507,0.25,,,34,
2022-08-08,3032,偉訓,twse,29.40,29.85,29.40,29.70,80558,2388526,0.3,,,67,
2022-08-09,3032,偉訓,twse,29.70,29.75,29.45,29.70,55079,1634289,0.0,,,43,
2022-08-10,3032,偉訓,twse,29.85,29.85,29.60,29.60,59142,1755425,-0.1,,,45,
2022-08-11,3032,偉訓,twse,29.80,29.80,29.55,29.65,121004,3590766,0.05,,,64,
2022-08-12,3032,偉訓,twse,29.70,29.80,29.55,29.65,86114,2554585,0.0,,,46,
2022-08-15,3032,偉訓,twse,29.65,29.95,29.65,29.90,171052,5087367,0.25,,,91,
2022-08-16,3032,偉訓,twse,29.90,30.50,29.90,30.25,168545,5087108,0.35,,,97,
2022-08-17,3032,偉訓,twse,30.25,30.60,30.25,30.55,101063,3080429,0.3,,,87,
2022-08-18,3032,偉訓,twse,30.10,30.55,30.10,30.40,86036,2618295,-0.15,,,56,
2022-08-19,3032,偉訓,twse,30.40,30.55,30.40,30.55,72455,2207458,0.15,,,64,
2022-08-22,3032,偉訓,twse,30.20,30.95,30.10,30.90,162443,4986937,0.35,,,109,
2022-08-23,3032,偉訓,twse,30.90,31.20,30.90,31.05,143982,4467609,0.15,,,95,
2022-08-24,3032,偉訓,twse,31.15,31.30,31.00,31.05,82204,2560283,0.0,,,48,
2022-08-25,3032,偉訓,twse,31.00,31.10,30.95,31.00,70928,2202514,-0.05,,,51,
2022-08-26,3032,偉訓,twse,31.00,31.15,30.90,31.10,65956,2044330,0.1,,,70,
2022-08-29,3032,偉訓,twse,30.80,31.15,30.00,31.15,64066,1978185,0.05,,,62,
2022-08-30,3032,偉訓,twse,30.85,31.60,30.85,31.60,180206,5662917,0.45,,,99,
2022-08-31,3032,偉訓,twse,31.85,31.85,31.40,31.70,72290,2282255,0.1,,,64,
2022-09-01,3032,偉訓,twse,31.30,31.70,31.30,31.65,62320,1965058,-0.05,,,65,
2022-09-02,3032,偉訓,twse,31.50,31.80,30.80,31.55,227429,7132124,-0.1,,,125,
2022-09-05,3032,偉訓,twse,31.60,31.65,30.90,30.95,56494,1768627,-0.6,,,91,
2022-09-06,3032,偉訓,twse,30.50,30.60,29.60,29.80,133913,4003389,-1.15,,,136,
2022-09-07,3032,偉訓,twse,29.70,29.70,29.20,29.40,22063,649821,-0.4,,,40,
2022-09-08,3032,偉訓,twse,29.10,29.80,29.10,29.40,13205,387428,0.0,,,17,
2022-09-12,3032,偉訓,twse,30.00,30.10,29.50,29.75,48102,1432411,0.35,,,29,
2022-09-13,3032,偉訓,twse,29.75,30.15,29.60,29.70,20028,596349,-0.05,,,26,
2022-09-14,3032,偉訓,twse,29.30,29.70,29.30,29.70,18082,536337,0.0,,,19,
2022-09-15,3032,偉訓,twse,29.70,30.10,29.60,29.70,74002,2206812,0.0,,,48,
2022-09-16,3032,偉訓,twse,29.60,29.80,29.60,29.70,60010,1780398,0.0,,,38,
2022-09-19,3032,偉訓,twse,29.70,29.70,29.55,29.65,15009,444635,-0.05,,,21,
2022-09-20,3032,偉訓,twse,29.65,29.80,29.55,29.60,34004,1008920,-0.05,,,27,
2022-09-21,3032,偉訓,twse,29.55,29.70,29.45,29.45,18005,531258,-0.15,,,20,
2022-09-22,3032,偉訓,twse,28.85,29.50,28.85,29.40,25208,734956,-0.05,,,27,
2022-09-23,3032,偉訓,twse,29.40,29.40,29.10,29.15,15272,446124,-0.25,,,24,
2022-09-26,3032,偉訓,twse,29.00,29.00,28.35,28.40,58016,1659188,-0.75,,,50,
2022-09-27,3032,偉訓,twse,28.10,28.35,27.65,28.35,38056,1067149,-0.05,,,39,
2022-09-28,3032,偉訓,twse,28.00,28.00,27.50,27.60,59003,1632790,-0.75,,,49,
2022-09-29,3032,偉訓,twse,28.50,28.50,27.90,27.90,82063,2301741,0.3,,,68,
2022-09-30,3032,偉訓,twse,27.90,28.15,27.50,28.15,100005,2791346,0.25,,,53,
2022-10-03,3032,偉訓,twse,28.15,28.15,27.60,27.95,54389,1505643,-0.2,,,66,
2022-10-04,3032,偉訓,twse,28.00,28.15,27.95,28.10,55042,1544933,0.15,,,36,
2022-10-05,3032,偉訓,twse,28.00,28.20,27.95,27.95,81377,2281851,-0.15,,,67,
2022-10-06,3032,偉訓,twse,28.00,28.05,27.90,28.05,47108,1317867,0.1,,,26,
2022-10-07,3032,偉訓,twse,28.00,28.20,27.85,27.90,31071,868200,-0.15,,,24,
2022-10-11,3032,偉訓,twse,27.90,27.90,27.50,27.50,30127,830417,-0.4,,,36,
2022-10-12,3032,偉訓,twse,27.15,27.50,27.10,27.30,27595,751311,-0.2,,,32,
2022-10-13,3032,偉訓,twse,27.20,27.25,27.00,27.00,77455,2098913,-0.3,,,63,
2022-10-14,3032,偉訓,twse,27.00,27.40,27.00,27.20,91314,2478064,0.2,,,75,
2022-10-17,3032,偉訓,twse,26.90,26.90,26.60,26.85,61005,1628040,-0.35,,,39,
2022-10-18,3032,偉訓,twse,26.70,27.10,26.70,27.00,57134,1536203,0.15,,,55,
2022-10-19,3032,偉訓,twse,26.90,27.00,26.20,26.75,103003,2745837,-0.25,,,64,
2022-10-20,3032,偉訓,twse,26.50,26.70,26.35,26.55,41242,1092896,-0.2,,,41,
2022-10-21,3032,偉訓,twse,26.40,26.70,26.40,26.50,39596,1047757,-0.05,,,38,
2022-10-24,3032,偉訓,twse,26.70,26.90,26.50,26.50,62375,1657492,0.0,,,42,
2022-10-25,3032,偉訓,twse,26.50,26.50,26.20,26.25,74595,1966338,-0.25,,,48,
2022-10-26,3032,偉訓,twse,26.25,26.60,26.25,26.25,65003,1714630,0.0,,,32,
2022-10-27,3032,偉訓,twse,26.15,26.60,26.15,26.45,45018,1186778,0.2,,,36,
2022-10-28,3032,偉訓,twse,26.20,26.40,26.20,26.35,19335,509319,-0.1,,,22,
2022-10-31,3032,偉訓,twse,26.95,26.95,26.30,26.45,30006,793416,0.1,,,27,
2022-11-01,3032,偉訓,twse,26.40,26.85,26.40,26.60,42002,1115854,0.15,,,35,
2022-11-02,3032,偉訓,twse,26.60,27.00,26.60,26.75,46101,1233112,0.15,,,30,
2022-11-03,3032,偉訓,twse,26.75,26.80,26.55,26.75,47105,1255501,0.0,,,37,
2022-11-04,3032,偉訓,twse,26.70,27.25,26.70,27.20,102025,2747599,0.45,,,60,
2022-11-07,3032,偉訓,twse,27.95,27.95,27.20,27.70,194807,5369733,0.5,,,101,
2022-11-08,3032,偉訓,twse,28.45,28.45,27.65,27.75,116291,3242513,0.05,,,85,
2022-11-09,3032,偉訓,twse,27.75,28.15,27.75,28.05,99807,2796149,0.3,,,131,
2022-11-10,3032,偉訓,twse,28.05,28.15,28.00,28.05,102326,2870622,0.0,,,80,
2022-11-11,3032,偉訓,twse,28.20,28.30,27.95,28.05,117271,3291114,0.0,,,102,
2022-11-14,3032,偉訓,twse,28.60,28.60,28.00,28.00,123237,3464161,-0.05,,,91,
2022-11-15,3032,偉訓,twse,28.05,28.05,27.25,28.00,77140,2142880,0.0,,,67,
2022-11-16,3032,偉訓,twse,28.00,28.25,27.80,27.80,126131,3523926,-0.2,,,106,
2022-11-17,3032,偉訓,twse,27.80,28.00,27.80,27.85,73218,2043037,0.05,,,59,
2022-11-18,3032,偉訓,twse,27.90,28.35,27.90,28.10,118963,3346384,0.25,,,93,
2022-11-21,3032,偉訓,twse,28.15,28.25,28.05,28.15,74810,2105426,0.05,,,73,
2022-11-22,3032,偉訓,twse,27.90,28.05,27.90,28.05,44017,1232486,-0.1,,,50,
2022-11-23,3032,偉訓,twse,28.30,28.30,28.15,28.25,52360,1477868,0.2,,,66,
2022-11-24,3032,偉訓,twse,28.35,29.10,28.35,29.00,166056,4770173,0.75,,,125,
2022-11-25,3032,偉訓,twse,29.25,29.60,29.05,29.10,132081,3871310,0.1,,,78,
2022-11-28,3032,偉訓,twse,29.00,29.15,28.70,29.15,68128,1976301,0.05,,,52,
2022-11-29,3032,偉訓,twse,29.55,29.55,29.25,29.35,18005,529351,0.2,,,21,
2022-11-30,3032,偉訓,twse,29.50,29.80,29.35,29.70,48048,1419010,0.35,,,47,
2022-12-01,3032,偉訓,twse,29.95,29.95,29.70,29.90,50392,1503102,0.2,,,50,
2022-12-02,3032,偉訓,twse,29.95,30.00,29.50,29.90,50432,1501210,0.0,,,48,
2022-12-05,3032,偉訓,twse,30.10,30.10,29.90,30.00,49010,1468914,0.1,,,37,
2022-12-06,3032,偉訓,twse,29.60,29.80,29.50,29.50,61631,1823880,-0.5,,,44,
2022-12-07,3032,偉訓,twse,29.30,29.40,29.15,29.25,106428,3117299,-0.25,,,72,
2022-12-08,3032,偉訓,twse,29.40,29.60,29.30,29.55,83003,2438791,0.3,,,50,
2022-12-09,3032,偉訓,twse,29.50,29.70,29.50,29.70,32505,961117,0.15,,,34,
2022-12-12,3032,偉訓,twse,30.00,30.00,29.40,29.75,31309,929959,0.05,,,70,
2022-12-13,3032,偉訓,twse,30.00,30.50,30.00,30.20,105464,3187003,0.45,,,108,
2022-12-14,3032,偉訓,twse,30.25,30.45,30.25,30.45,76163,2311996,0.25,,,55,
2022-12-15,3032,偉訓,twse,30.45,30.45,30.30,30.30,44451,1349597,-0.15,,,50,
2022-12-16,3032,偉訓,twse,30.20,30.20,29.95,30.00,38271,1149880,-0.3,,,58,
2022-12-19,3032,偉訓,twse,30.00,30.50,30.00,30.25,59050,1790417,0.25,,,45,
2022-12-20,3032,偉訓,twse,30.20,30.20,29.75,29.75,78055,2341267,-0.5,,,53,
2022-12-21,3032,偉訓,twse,29.80,30.15,29.80,29.80,25011,748735,0.05,,,36,
2022-12-22,3032,偉訓,twse,29.70,29.85,29.60,29.80,45104,1342805,0.0,,,44,
2022-12-23,3032,偉訓,twse,29.75,29.75,29.50,29.55,40006,1183783,-0.25,,,38,
2022-12-26,3032,偉訓,twse,29.65,30.00,29.55,29.80,59117,1755782,0.25,,,34,
2022-12-27,3032,偉訓,twse,29.85,29.95,29.80,29.90,19064,569412,0.1,,,23,
2022-12-28,3032,偉訓,twse,29.70,30.05,29.70,29.80,24548,734943,-0.1,,,44,
2022-12-29,3032,偉訓,twse,29.60,29.70,29.40,29.70,59520,1756245,-0.1,,,43,
2022-12-30,3032,偉訓,twse,29.95,29.95,29.90,29.90,14193,424528,0.2,,,17,
2023-01-03,3032,偉訓,twse,29.90,30.05,29.80,29.85,60045,1796905,-0.05,,,37,
2023-01-04,3032,偉訓,twse,29.75,30.25,29.75,30.00,62034,1862645,0.15,,,31,
2023-01-05,3032,偉訓,twse,30.20,30.20,30.05,30.05,25164,757982,0.05,,,30,
2023-01-06,3032,偉訓,twse,30.15,30.30,30.15,30.20,11277,341040,0.15,,,23,
2023-01-09,3032,偉訓,twse,30.30,30.35,29.80,29.85,78352,2343694,-0.35,,,114,
2023-01-10,3032,偉訓,twse,29.85,29.95,29.80,29.80,14068,420388,-0.05,,,21,
2023-01-11,3032,偉訓,twse,29.80,30.05,29.80,29.95,39086,1172217,0.15,,,36,
2023-01-12,3032,偉訓,twse,30.00,30.05,29.95,29.95,23226,697159,0.0,,,34,
2023-01-13,3032,偉訓,twse,29.95,30.00,29.80,29.80,36847,1101028,-0.15,,,141,
2023-01-16,3032,偉訓,twse,29.85,30.00,29.80,29.80,10226,305293,0.0,,,40,
2023-01-17,3032,偉訓,twse,30.00,30.45,30.00,30.10,11256,339236,0.3,,,27,
2023-01-30,3032,偉訓,twse,30.10,30.30,30.05,30.10,48496,1462940,0.0,,,68,
2023-01-31,3032,偉訓,twse,30.30,30.30,30.10,30.25,65573,1984808,0.15,,,48,
2023-02-01,3032,偉訓,twse,30.25,30.40,30.25,30.35,18161,550291,0.1,,,30,
2023-02-02,3032,偉訓,twse,30.20,31.00,30.20,30.85,107099,3275408,0.5,,,91,
2023-02-03,3032,偉訓,twse,30.85,30.95,30.70,30.85,123153,3801690,0.0,,,109,
2023-02-06,3032,偉訓,twse,30.85,30.85,30.45,30.65,43392,1328308,-0.2,,,75,
2023-02-07,3032,偉訓,twse,30.70,30.75,30.60,30.70,43198,1323414,0.05,,,65,
2023-02-08,3032,偉訓,twse,30.80,30.80,30.50,30.60,40450,1238010,-0.1,,,80,
2023-02-09,3032,偉訓,twse,30.40,30.40,30.10,30.15,144359,4361338,-0.45,,,137,
2023-02-10,3032,偉訓,twse,30.60,31.30,30.35,31.05,276748,8509883,0.9,,,174,
2023-02-13,3032,偉訓,twse,32.00,32.65,31.50,32.40,639886,20641251,1.35,,,511,
2023-02-14,3032,偉訓,twse,32.75,32.90,32.20,32.35,241469,7859075,-0.05,,,258,
2023-02-15,3032,偉訓,twse,32.45,32.50,32.05,32.20,202346,6509343,-0.15,,,203,
2023-02-16,3032,偉訓,twse,32.50,33.45,32.50,33.15,314930,10382283,0.95,,,246,
2023-02-17,3032,偉訓,twse,33.20,34.00,33.10,33.65,343264,11560124,0.5,,,340,
2023-02-20,3032,偉訓,twse,33.65,34.00,33.60,33.75,275901,9338907,0.1,,,296,
2023-02-21,3032,偉訓,twse,33.40,33.50,33.20,33.35,144639,4821677,-0.4,,,228,
2023-02-22,3032,偉訓,twse,33.35,33.35,33.00,33.25,218808,7246701,-0.1,,,179,
2023-02-23,3032,偉訓,twse,33.10,33.60,33.10,33.45,61018,2040478,0.2,,,107,
2023-02-24,3032,偉訓,twse,33.60,33.60,33.35,33.55,240869,8060961,0.1,,,158,
2023-03-01,3032,偉訓,twse,33.55,34.15,33.50,34.00,232141,7869878,0.45,,,281,
2023-03-02,3032,偉訓,twse,34.10,34.20,33.40,33.50,251062,8461313,-0.5,,,233,
2023-03-03,3032,偉訓,twse,33.50,33.85,33.50,33.75,113124,3813291,0.25,,,135,
2023-03-06,3032,偉訓,twse,33.85,33.95,33.80,33.85,200132,6776824,0.1,,,170,
2023-03-07,3032,偉訓,twse,33.85,34.00,33.75,33.95,258735,8768214,0.1,,,202,
2023-03-08,3032,偉訓,twse,33.75,34.25,33.75,34.00,171820,5843634,0.05,,,173,
2023-03-09,3032,偉訓,twse,34.00,34.00,33.80,34.00,95822,3250003,0.0,,,107,
2023-03-10,3032,偉訓,twse,34.00,34.00,33.15,33.60,261986,8792022,-0.4,,,216,
2023-03-13,3032,偉訓,twse,33.80,34.10,33.55,34.10,293668,9954855,0.5,,,263,
2023-03-14,3032,偉訓,twse,33.80,34.35,33.80,34.30,213876,7293422,0.2,,,208,
2023-03-15,3032,偉訓,twse,34.35,36.90,34.35,35.60,1142901,41045840,1.3,,,814,
2023-03-16,3032,偉訓,twse,35.75,35.75,34.85,34.90,409468,14403733,-0.7,,,447,
2023-03-17,3032,偉訓,twse,35.15,36.40,35.10,36.40,804787,29088828,1.5,,,545,
2023-03-20,3032,偉訓,twse,36.30,36.95,36.25,36.70,613584,22502993,0.3,,,450,
2023-03-21,3032,偉訓,twse,36.95,38.50,36.95,37.75,1181601,44551436,1.05,,,660,
2023-03-22,3032,偉訓,twse,37.95,38.60,37.95,38.40,856244,32845284,0.65,,,799,
2023-03-23,3032,偉訓,twse,38.40,38.55,37.75,38.25,477860,18224245,-0.15,,,366,
2023-03-24,3032,偉訓,twse,38.25,38.40,36.85,37.50,982484,36630269,-0.75,,,728,
2023-03-27,3032,偉訓,twse,38.00,39.60,37.65,38.30,2169659,83749083,0.8,,,1585,
2023-03-28,3032,偉訓,twse,38.45,39.30,38.35,39.00,1240142,48263835,0.7,,,806,
2023-03-29,3032,偉訓,twse,39.30,40.00,39.10,39.55,1317721,52169463,0.55,,,781,
2023-03-30,3032,偉訓,twse,40.00,42.00,40.00,41.70,3003830,123029838,2.15,,,1624,
2023-03-31,3032,偉訓,twse,44.80,45.85,44.60,45.85,6516509,297400897,4.15,,,1815,
2023-04-06,3032,偉訓,twse,46.05,46.45,45.00,45.95,13150696,601761896,0.1,,,6403,
2023-04-07,3032,偉訓,twse,46.00,46.15,43.55,44.85,5575535,248853677,-1.1,,,3228,
2023-04-10,3032,偉訓,twse,45.50,46.20,44.50,45.75,2999709,136128015,0.9,,,2172,
2023-04-11,3032,偉訓,twse,46.50,50.30,45.70,49.90,17702789,871205761,4.15,,,7231,
2023-04-12,3032,偉訓,twse,51.00,52.40,49.20,51.10,12602375,640568714,1.2,,,6739,
2023-04-13,3032,偉訓,twse,50.30,51.70,48.60,48.85,7554815,377281480,-2.25,,,3971,
2023-04-14,3032,偉訓,twse,53.00,53.70,51.60,53.70,24067291,1283773221,4.85,,,7471,
2023-04-17,3032,偉訓,twse,52.70,55.70,52.40,54.30,21401062,1158534829,0.6,,,9566,
2023-04-18,3032,偉訓,twse,55.20,56.30,51.40,54.70,15147192,823758973,0.4,,,7814,
2023-04-19,3032,偉訓,twse,54.50,57.80,53.50,55.90,14744540,826183570,1.2,,,6917,
2023-04-20,3032,偉訓,twse,55.30,56.30,52.60,52.80,8506289,458360003,-3.1,,,4927,
2023-04-21,3032,偉訓,twse,52.90,53.50,47.80,50.70,13760514,689627013,-2.1,,,5710,
2023-04-24,3032,偉訓,twse,51.30,52.50,50.40,51.50,7434810,382846473,0.8,,,3025,
2023-04-25,3032,偉訓,twse,51.30,51.80,48.20,49.20,9029213,449098710,-2.3,,,4107,
2023-04-26,3032,偉訓,twse,49.30,49.90,48.30,49.35,4168945,205427928,0.15,,,2470,
2023-04-27,3032,偉訓,twse,49.40,50.80,49.20,49.95,4426581,220922857,0.6,,,2526,
2023-04-28,3032,偉訓,twse,50.60,51.50,49.70,50.60,6782348,342182225,0.65,,,3571,
2023-05-02,3032,偉訓,twse,51.30,53.20,50.30,52.90,7695059,400041070,2.3,,,4313,
2023-05-03,3032,偉訓,twse,52.00,52.00,47.65,47.65,9649790,478884359,-5.25,,,6164,
2023-05-04,3032,偉訓,twse,45.85,48.25,45.35,47.60,7653545,357610641,-0.05,,,3712,
2023-05-05,3032,偉訓,twse,48.05,48.05,46.60,47.80,2367529,112536955,0.2,,,1420,
2023-05-08,3032,偉訓,twse,48.45,49.10,47.75,48.05,2826860,137047537,0.25,,,1612,
2023-05-09,3032,偉訓,twse,48.15,48.95,47.50,48.40,2182704,105605549,0.35,,,1455,
2023-05-10,3032,偉訓,twse,48.15,49.30,47.95,48.30,2268605,110047773,-0.1,,,1459,
2023-05-11,3032,偉訓,twse,49.65,51.10,48.30,48.80,8341994,414324084,0.5,,,4732,
2023-05-12,3032,偉訓,twse,44.90,48.40,44.00,47.30,10746804,492433678,-1.5,,,5108,
2023-05-15,3032,偉訓,twse,47.30,47.65,45.80,47.10,3177311,148214696,-0.2,,,1774,
2023-05-16,3032,偉訓,twse,48.00,48.80,47.70,48.25,2746626,132568136,1.15,,,1571,
2023-05-17,3032,偉訓,twse,48.05,52.30,48.05,51.40,8954907,454655149,3.15,,,5353,
2023-05-18,3032,偉訓,twse,51.90,52.50,50.90,52.40,6268530,324861394,1.0,,,3870,
2023-05-19,3032,偉訓,twse,53.10,53.90,50.30,52.80,7035426,367492271,0.4,,,4064,
2023-05-22,3032,偉訓,twse,54.00,54.90,53.10,54.30,6635775,359673575,1.5,,,3989,
2023-05-23,3032,偉訓,twse,54.50,55.50,53.30,54.50,4829691,263136739,0.2,,,2944,
2023-05-24,3032,偉訓,twse,54.50,55.30,53.70,55.30,3897856,213512591,0.8,,,2297,
2023-05-25,3032,偉訓,twse,56.00,57.20,54.60,55.50,9044746,506163444,0.2,,,5457,
2023-05-26,3032,偉訓,twse,56.40,56.70,53.60,55.40,5831314,320717326,-0.1,,,3286,
2023-05-29,3032,偉訓,twse,56.50,60.90,56.50,60.90,15628986,931434836,5.5,,,8321,
2023-05-30,3032,偉訓,twse,60.70,62.50,55.10,55.20,18892812,1096917294,-5.7,,,11126,
2023-05-31,3032,偉訓,twse,55.30,55.80,53.70,54.00,6985156,381795913,-1.2,,,4349,
2023-06-01,3032,偉訓,twse,53.50,55.50,53.30,54.60,3845819,209524110,0.6,,,2246,
2023-06-02,3032,偉訓,twse,55.60,58.20,55.00,56.30,8485720,481569215,1.7,,,5169,
2023-06-05,3032,偉訓,twse,56.90,57.50,56.00,57.00,3907545,222432607,0.7,,,2747,
2023-06-06,3032,偉訓,twse,57.80,57.80,55.00,56.50,3557273,200034182,-0.5,,,2214,
2023-06-07,3032,偉訓,twse,57.10,57.50,56.30,56.60,2362386,134417770,0.1,,,1606,
2023-06-08,3032,偉訓,twse,57.50,57.70,55.00,55.50,4722863,266071966,-1.1,,,2665,
2023-06-09,3032,偉訓,twse,58.40,61.00,57.70,60.80,16861501,1009210735,5.3,,,9396,
2023-06-12,3032,偉訓,twse,61.60,62.00,57.80,59.50,12012365,713575627,-1.3,,,7351,
2023-06-13,3032,偉訓,twse,59.80,61.70,59.20,61.00,10184698,618728708,1.5,,,5909,
2023-06-14,3032,偉訓,twse,61.00,64.40,60.60,62.70,13899040,875369135,1.7,,,8484,
2023-06-15,3032,偉訓,twse,63.90,64.80,61.30,61.60,10524555,657533582,-1.1,,,6572,
2023-06-16,3032,偉訓,twse,62.90,63.40,59.20,59.30,10901243,663195838,-2.3,,,6591,
2023-06-19,3032,偉訓,twse,59.30,61.60,58.50,60.60,5978481,361163879,1.3,,,3786,
2023-06-20,3032,偉訓,twse,61.00,61.70,60.30,61.40,4550438,278385737,0.8,,,2715,
2023-06-21,3032,偉訓,twse,62.00,67.50,61.50,67.50,21347329,1406503461,6.1,,,11118,
2023-06-26,3032,偉訓,twse,65.00,66.90,60.80,60.80,19782901,1226637849,-6.7,,,12071,
2023-06-27,3032,偉訓,twse,60.00,60.10,55.00,55.20,13476864,765118172,-5.6,,,8330,
2023-06-28,3032,偉訓,twse,56.20,57.20,56.00,56.10,4812081,272052608,0.9,,,3163,
2023-06-29,3032,偉訓,twse,56.80,58.50,56.30,58.50,5295314,305833192,2.4,,,3465,
2023-06-30,3032,偉訓,twse,58.80,61.70,58.20,61.40,8030110,484836835,2.9,,,5149,
2023-07-03,3032,偉訓,twse,63.00,65.60,62.90,64.30,10239945,658531519,2.9,,,6546,
2023-07-04,3032,偉訓,twse,66.80,67.60,64.20,66.10,10509558,692277600,1.8,,,6692,
2023-07-05,3032,偉訓,twse,67.00,68.10,65.00,65.10,6726033,445289706,-1.0,,,4486,
2023-07-06,3032,偉訓,twse,64.10,64.90,62.60,62.80,5116769,325760107,-2.3,,,3560,
2023-07-07,3032,偉訓,twse,63.50,63.50,61.00,61.40,3772812,233235279,-1.4,,,2457,
2023-07-10,3032,偉訓,twse,62.60,62.90,60.70,60.80,3269855,200495935,-0.6,,,2124,
2023-07-11,3032,偉訓,twse,61.30,63.90,61.00,61.30,4307472,268485009,0.5,,,2746,
2023-07-12,3032,偉訓,twse,62.80,66.50,62.60,64.60,13622495,883327224,3.3,,,8437,
2023-07-13,3032,偉訓,twse,67.10,71.00,66.00,69.40,21792131,1514253528,4.8,,,12623,
2023-07-14,3032,偉訓,twse,70.20,70.30,63.60,64.70,18519280,1229914714,0.0,,,11249,
2023-07-17,3032,偉訓,twse,65.00,68.50,63.60,67.70,12797539,857618372,3.0,,,7312,
2023-07-18,3032,偉訓,twse,68.40,69.80,64.60,66.00,14790471,996547180,-1.7,,,8239,
2023-07-19,3032,偉訓,twse,68.40,69.90,66.70,68.30,17720049,1212995700,2.3,,,9458,
2023-07-20,3032,偉訓,twse,69.50,70.60,67.30,68.10,22886537,1575997702,-0.2,,,13178,
2023-07-21,3032,偉訓,twse,66.80,70.60,65.30,69.20,16119206,1104800255,1.1,,,8898,
2023-07-24,3032,偉訓,twse,69.80,70.10,63.60,67.00,16208912,1070490051,-2.2,,,8920,
2023-07-25,3032,偉訓,twse,67.40,72.60,67.40,68.00,18910792,1317006497,1.0,,,12687,
2023-07-26,3032,偉訓,twse,69.50,70.00,66.20,67.30,12557275,854944125,-0.7,,,8177,
2023-07-27,3032,偉訓,twse,68.00,68.90,66.60,68.00,8515236,578293710,0.7,,,4707,
2023-07-28,3032,偉訓,twse,68.00,68.10,65.10,65.90,9576147,632521535,-2.1,,,6099,
2023-07-31,3032,偉訓,twse,67.00,70.60,66.40,66.60,16860056,1155677654,0.7,,,10102,
2023-08-01,3032,偉訓,twse,66.90,67.60,63.10,63.50,13751365,892611678,-3.1,,,7167,
2023-08-02,3032,偉訓,twse,64.10,64.60,59.00,60.10,7456146,457598367,-3.4,,,5313,
2023-08-04,3032,偉訓,twse,61.00,65.70,59.60,64.30,13935642,882160623,4.2,,,7286,
2023-08-07,3032,偉訓,twse,64.10,70.20,63.40,69.70,19173650,1304705605,5.4,,,11323,
2023-08-08,3032,偉訓,twse,69.00,70.30,67.00,68.00,10652865,731526288,-1.7,,,6830,
2023-08-09,3032,偉訓,twse,68.00,73.40,67.10,71.40,23510629,1673455850,3.4,,,13687,
2023-08-10,3032,偉訓,twse,70.10,70.80,64.30,64.30,17684138,1160775347,-7.1,,,9484,
2023-08-11,3032,偉訓,twse,64.60,64.80,63.00,63.50,7410236,473331291,-0.8,,,5120,
2023-08-14,3032,偉訓,twse,62.50,64.40,61.60,63.10,4732767,298919753,-0.4,,,3283,
2023-08-15,3032,偉訓,twse,64.90,66.40,64.10,65.50,7805065,509110376,2.4,,,5089,
2023-08-16,3032,偉訓,twse,64.60,67.50,64.60,67.50,7453285,494707912,2.0,,,5071,
2023-08-17,3032,偉訓,twse,66.50,68.70,66.30,68.20,7457782,506471205,0.7,,,4690,
2023-08-18,3032,偉訓,twse,68.30,70.30,66.00,66.30,9501097,648365823,-1.9,,,6481,
2023-08-21,3032,偉訓,twse,66.70,68.30,66.00,67.10,5078379,341819016,0.8,,,3453,
2023-08-22,3032,偉訓,twse,68.80,68.80,64.30,64.30,7779187,511225723,-2.8,,,5222,
2023-08-23,3032,偉訓,twse,64.00,64.80,63.30,64.50,3739669,239953779,0.2,,,2518,
2023-08-24,3032,偉訓,twse,65.40,65.90,63.00,63.00,5929551,381301940,-1.5,,,3748,
2023-08-25,3032,偉訓,twse,62.00,63.10,61.50,61.50,3694984,229525642,-1.5,,,2514,
2023-08-28,3032,偉訓,twse,61.60,61.90,59.10,59.70,3800799,228653944,-1.8,,,2579,
2023-08-29,3032,偉訓,twse,59.90,60.30,59.00,59.50,2215516,131905450,-0.2,,,1562,
2023-08-30,3032,偉訓,twse,60.20,60.90,59.30,59.50,2298888,138041813,0.0,,,1830,
2023-08-31,3032,偉訓,twse,59.30,60.20,58.30,59.90,2078926,123767052,0.4,,,1580,
2023-09-01,3032,偉訓,twse,59.90,60.20,58.70,58.80,2282834,135411066,-1.1,,,1587,
2023-09-04,3032,偉訓,twse,58.50,59.50,57.50,59.40,2442549,142466042,0.6,,,1683,
2023-09-05,3032,偉訓,twse,58.70,60.10,58.30,60.00,1629704,97314464,0.6,,,1125,
2023-09-06,3032,偉訓,twse,59.90,62.40,59.30,61.60,3272635,200556748,1.6,,,2429,
2023-09-07,3032,偉訓,twse,60.80,61.50,60.60,61.30,1932389,117851730,-0.3,,,1640,
2023-09-08,3032,偉訓,twse,60.70,61.30,60.30,61.00,1192208,72620200,-0.3,,,912,
2023-09-11,3032,偉訓,twse,61.50,63.00,60.80,60.80,4412190,273201390,-0.2,,,2885,
2023-09-12,3032,偉訓,twse,61.00,62.60,60.90,62.00,2855467,176181777,1.2,,,1817,
2023-09-13,3032,偉訓,twse,61.60,61.70,59.80,60.20,2533077,153672957,-1.8,,,2047,
2023-09-14,3032,偉訓,twse,60.40,65.20,60.40,64.50,7838313,499024331,4.3,,,5002,
2023-09-15,3032,偉訓,twse,64.50,65.90,63.80,65.70,6435761,418785833,1.2,,,4194,
2023-09-18,3032,偉訓,twse,65.00,68.50,64.50,67.40,8873713,595933573,1.7,,,5775,
2023-09-19,3032,偉訓,twse,68.50,74.00,67.20,67.50,19264323,1354722772,0.1,,,12839,
2023-09-20,3032,偉訓,twse,67.80,69.80,64.50,68.60,13112396,890184807,1.1,,,8748,
2023-09-21,3032,偉訓,twse,68.60,68.60,65.70,67.50,6819333,458225966,-1.1,,,4468,
2023-09-22,3032,偉訓,twse,65.80,67.70,65.60,67.20,4062142,270786103,-0.3,,,3213,
2023-09-25,3032,偉訓,twse,67.50,70.70,67.00,69.60,6282744,434864136,2.4,,,4340,
2023-09-26,3032,偉訓,twse,69.00,72.70,69.00,70.90,11483255,819206263,1.3,,,8445,
2023-09-27,3032,偉訓,twse,70.50,71.80,69.00,70.80,4951592,348587611,-0.1,,,4604,
2023-09-28,3032,偉訓,twse,71.50,77.40,71.20,73.30,24866854,1847472444,2.5,,,16562,
2023-10-02,3032,偉訓,twse,75.10,80.60,75.00,80.60,12032594,950917979,7.3,,,6451,
2023-10-03,3032,偉訓,twse,81.10,82.70,78.20,81.20,29038629,2342943870,0.6,,,18663,
2023-10-04,3032,偉訓,twse,79.00,81.50,78.30,79.50,10334347,823935308,-1.7,,,7432,
2023-10-05,3032,偉訓,twse,79.50,79.60,75.50,75.70,13523190,1044741404,-3.8,,,9521,
2023-10-06,3032,偉訓,twse,76.30,77.10,74.60,75.30,6333398,480779912,-0.4,,,4159,
2023-10-11,3032,偉訓,twse,76.40,76.50,70.70,71.00,8079167,587104210,-4.3,,,4762,
2023-10-12,3032,偉訓,twse,72.80,73.00,70.80,71.40,5048202,361644107,0.4,,,3310,
2023-10-13,3032,偉訓,twse,70.90,71.20,68.80,68.80,6050198,423119955,-2.6,,,4227,
2023-10-16,3032,偉訓,twse,68.70,69.30,66.50,66.80,4688623,316283319,-2.0,,,3084,
2023-10-17,3032,偉訓,twse,67.70,67.70,64.50,65.10,5014124,330079248,-1.7,,,3389,
2023-10-18,3032,偉訓,twse,65.40,65.40,61.70,61.90,5129970,324341133,-3.2,,,3435,
2023-10-19,3032,偉訓,twse,61.60,63.10,60.40,61.70,5441622,335804359,-0.2,,,3427,
2023-10-20,3032,偉訓,twse,61.10,61.50,59.60,60.30,4277619,258291138,-1.4,,,2931,
2023-10-23,3032,偉訓,twse,60.20,64.80,59.30,62.80,7512176,471793539,2.5,,,5060,
2023-10-24,3032,偉訓,twse,62.60,65.00,62.40,65.00,6182422,394805869,2.2,,,3972,
2023-10-25,3032,偉訓,twse,65.00,69.20,64.60,67.50,10649529,716766654,2.5,,,7293,
2023-10-26,3032,偉訓,twse,64.80,67.40,64.40,64.50,5569105,365736855,-3.0,,,3939,
2023-10-27,3032,偉訓,twse,66.00,69.50,64.80,68.00,12671143,860118575,3.5,,,8418,
2023-10-30,3032,偉訓,twse,68.90,69.40,66.40,67.10,7729715,522594108,-0.9,,,5303,
2023-10-31,3032,偉訓,twse,67.40,68.20,64.10,64.40,4839045,318568234,-2.7,,,3476,
2023-11-01,3032,偉訓,twse,65.20,65.90,63.60,64.40,2922620,188463964,0.0,,,2077,
2023-11-02,3032,偉訓,twse,65.80,67.00,65.40,66.30,2972605,196963772,1.9,,,2229,
2023-11-03,3032,偉訓,twse,66.90,69.10,66.90,67.80,6240212,425458963,1.5,,,4288,
2023-11-06,3032,偉訓,twse,68.80,69.90,67.20,67.60,5135434,352392305,-0.2,,,3530,
2023-11-07,3032,偉訓,twse,68.20,68.20,67.00,67.70,2429022,164244791,0.1,,,2211,
2023-11-08,3032,偉訓,twse,68.20,70.40,67.50,69.80,9651271,669292420,2.1,,,6105,
2023-11-09,3032,偉訓,twse,69.50,72.70,67.40,70.30,11261977,784353689,0.5,,,8260,
2023-11-10,3032,偉訓,twse,69.20,70.90,68.70,69.90,5728895,398920380,-0.4,,,4289,
2023-11-13,3032,偉訓,twse,70.30,70.80,68.20,69.00,6063952,420241533,-0.9,,,4179,
2023-11-14,3032,偉訓,twse,70.00,70.70,68.80,69.40,4140985,288281269,0.4,,,2950,
2023-11-15,3032,偉訓,twse,70.00,70.50,68.20,68.20,4199174,291122730,-1.2,,,2821,
2023-11-16,3032,偉訓,twse,68.50,68.70,67.30,67.40,3192387,216326780,-0.8,,,2114,
2023-11-17,3032,偉訓,twse,67.40,68.00,66.50,67.60,3043639,204606531,0.2,,,2079,
2023-11-20,3032,偉訓,twse,68.30,69.70,67.60,69.20,3928315,270124621,1.6,,,2823,
2023-11-21,3032,偉訓,twse,69.60,70.70,67.90,67.90,6471719,446439571,-1.3,,,4410,
2023-11-22,3032,偉訓,twse,68.00,68.50,67.50,68.10,1621881,110541047,0.2,,,1245,
2023-11-23,3032,偉訓,twse,68.20,73.90,68.20,72.00,17737412,1272729301,3.9,,,11131,
2023-11-24,3032,偉訓,twse,72.80,73.40,70.50,70.90,7798992,556365626,-1.1,,,5787,
2023-11-27,3032,偉訓,twse,71.00,71.10,68.70,68.80,3456802,240474600,-2.1,,,2689,
2023-11-28,3032,偉訓,twse,69.10,71.20,68.90,70.40,2798186,196168007,1.6,,,2037,
2023-11-29,3032,偉訓,twse,70.20,72.80,70.20,72.00,6513485,468444316,1.6,,,4230,
2023-11-30,3032,偉訓,twse,72.30,73.00,71.20,72.10,4270736,308358086,0.1,,,2886,
2023-12-01,3032,偉訓,twse,72.90,73.20,72.00,73.10,5476700,398163143,1.0,,,3740,
2023-12-04,3032,偉訓,twse,73.50,73.80,70.90,70.90,5625304,405165578,-2.2,,,4117,
2023-12-05,3032,偉訓,twse,70.50,71.40,69.60,70.50,2694533,189057376,-0.4,,,2019,
2023-12-06,3032,偉訓,twse,71.30,72.60,70.60,70.60,3102810,222300797,0.1,,,2494,
2023-12-07,3032,偉訓,twse,70.60,71.30,69.60,69.60,2635729,185222263,-1.0,,,2036,
2023-12-08,3032,偉訓,twse,70.80,71.80,69.40,70.80,3725893,263110342,1.2,,,2481,
2023-12-11,3032,偉訓,twse,70.20,70.60,68.30,68.80,4914354,339745473,-2.0,,,3471,
2023-12-12,3032,偉訓,twse,68.90,69.50,68.40,68.40,1963091,134968098,-0.4,,,1496,
2023-12-13,3032,偉訓,twse,68.70,70.20,68.70,69.50,2163437,150349827,1.1,,,1454,
2023-12-14,3032,偉訓,twse,70.30,70.80,69.10,69.20,2210447,154448652,-0.3,,,1555,
2023-12-15,3032,偉訓,twse,69.50,69.60,68.50,68.60,1380608,95117386,-0.6,,,1172,
2023-12-18,3032,偉訓,twse,68.30,68.90,67.40,67.60,1919521,130421138,-1.0,,,1541,
2023-12-19,3032,偉訓,twse,67.60,67.60,66.70,67.00,1013290,67954720,-0.6,,,852,
2023-12-20,3032,偉訓,twse,67.30,68.10,67.20,68.10,686284,46527900,1.1,,,771,
2023-12-21,3032,偉訓,twse,67.00,67.90,66.90,67.40,700597,47173992,-0.7,,,523,
2023-12-22,3032,偉訓,twse,67.60,68.40,67.60,67.90,643916,43785184,0.5,,,564,
2023-12-25,3032,偉訓,twse,68.40,68.40,67.50,67.60,572846,38862284,-0.3,,,515,
2023-12-26,3032,偉訓,twse,67.90,68.00,67.60,67.60,339195,22992408,0.0,,,292,
2023-12-27,3032,偉訓,twse,67.80,68.40,67.60,67.80,596312,40570415,0.2,,,467,
2023-12-28,3032,偉訓,twse,68.20,69.50,68.20,68.90,1708884,117837154,1.1,,,1262,
2023-12-29,3032,偉訓,twse,69.30,69.50,68.20,68.60,903357,62169094,-0.3,,,762,
2024-01-02,3032,偉訓,twse,69.20,69.30,68.20,68.40,672804,46084280,-0.2,,,612,
2024-01-03,3032,偉訓,twse,68.00,68.40,67.40,68.40,933158,63310427,0.0,,,720,
2024-01-04,3032,偉訓,twse,72.30,74.80,69.20,69.70,16820598,1209959138,1.3,,,9019,
2024-01-05,3032,偉訓,twse,69.20,74.80,69.20,74.00,22862076,1675348492,4.3,,,14207,
2024-01-08,3032,偉訓,twse,75.00,79.40,73.80,77.00,25529254,1973908493,3.0,,,18615,
2024-01-09,3032,偉訓,twse,78.00,79.00,74.30,75.00,18073993,1383685759,-2.0,,,11044,
2024-01-10,3032,偉訓,twse,74.90,75.00,71.80,72.50,7774076,569104570,-2.5,,,7379,
2024-01-11,3032,偉訓,twse,72.70,78.20,71.90,78.20,13120422,995942360,5.7,,,8811,
2024-01-12,3032,偉訓,twse,76.70,77.60,75.50,75.70,6806097,519144809,-2.5,,,5803,
2024-01-15,3032,偉訓,twse,76.30,79.80,76.00,79.00,13966345,1098572064,3.3,,,8383,
2024-01-16,3032,偉訓,twse,78.40,80.20,77.50,77.70,9332072,733803800,-1.3,,,6980,
2024-01-17,3032,偉訓,twse,78.20,79.10,75.90,77.20,6428839,497154954,-0.5,,,4184,
2024-01-18,3032,偉訓,twse,77.40,78.20,74.20,74.50,6160105,466191595,-2.7,,,4225,
2024-01-19,3032,偉訓,twse,76.40,76.50,71.90,72.50,8162079,597453310,-2.0,,,5519,
2024-01-22,3032,偉訓,twse,73.80,79.00,73.60,78.50,13314106,1026314561,6.0,,,8587,
2024-01-23,3032,偉訓,twse,79.00,80.00,77.30,78.20,8907588,699495874,-0.3,,,5942,
2024-01-24,3032,偉訓,twse,78.10,78.40,76.50,76.60,4876384,376471453,-1.6,,,3431,
2024-01-25,3032,偉訓,twse,77.50,77.80,75.30,75.40,3570349,272096412,-1.2,,,2662,
2024-01-26,3032,偉訓,twse,75.40,76.50,74.40,74.50,2770239,207709935,-0.9,,,2050,
2024-01-29,3032,偉訓,twse,75.00,77.20,74.70,76.50,3064251,234025368,2.0,,,2146,
2024-01-30,3032,偉訓,twse,77.00,77.70,75.60,77.40,3234412,248159005,0.9,,,2411,
2024-01-31,3032,偉訓,twse,77.00,77.80,76.40,76.70,3134292,241911819,-0.7,,,2117,
2024-02-01,3032,偉訓,twse,77.60,81.00,77.10,78.40,13693001,1087101367,1.7,,,9322,
2024-02-02,3032,偉訓,twse,79.70,81.70,78.10,78.50,11312282,905592106,0.1,,,8599,
2024-02-05,3032,偉訓,twse,78.70,81.30,76.70,79.20,7957940,629197069,0.7,,,6037,
2024-02-15,3032,偉訓,twse,82.00,86.50,78.70,85.40,19567664,1629057428,6.2,,,12469,
2024-02-16,3032,偉訓,twse,85.10,86.20,83.70,84.20,10536270,892985692,-1.2,,,7266,
2024-02-19,3032,偉訓,twse,84.10,85.30,82.80,83.40,5816933,488704720,-0.8,,,4787,
2024-02-20,3032,偉訓,twse,83.20,83.90,80.60,81.60,6830992,559320949,-1.8,,,5037,
2024-02-21,3032,偉訓,twse,81.80,83.40,81.20,81.20,4467019,366803135,-0.4,,,3316,
2024-02-22,3032,偉訓,twse,82.60,82.60,80.10,80.90,4547671,368068021,-0.3,,,3303,
2024-02-23,3032,偉訓,twse,81.90,83.10,79.10,79.40,7221828,583616016,-1.5,,,5002,
2024-02-26,3032,偉訓,twse,79.50,80.80,78.90,80.60,3533501,282744770,1.2,,,2493,
2024-02-27,3032,偉訓,twse,80.60,81.40,75.50,77.20,7660674,596954184,-3.4,,,5629,
2024-02-29,3032,偉訓,twse,77.30,77.80,77.00,77.60,2060510,159566109,0.4,,,1762,
2024-03-01,3032,偉訓,twse,78.40,80.80,78.10,79.50,4875035,388611919,1.9,,,3589,
2024-03-04,3032,偉訓,twse,80.30,81.80,79.00,79.00,4999348,402267938,-0.5,,,3494,
2024-03-05,3032,偉訓,twse,79.60,82.80,78.40,82.00,9057069,734305656,3.0,,,6684,
2024-03-06,3032,偉訓,twse,81.80,82.40,81.00,81.20,5120496,417861604,-0.8,,,5034,
2024-03-07,3032,偉訓,twse,81.70,82.00,78.00,78.00,6020528,477578116,-3.2,,,4355,
2024-03-08,3032,偉訓,twse,78.50,78.80,75.10,75.60,4769232,364388235,-2.4,,,3731,
2024-03-11,3032,偉訓,twse,75.20,76.80,75.20,76.10,1544550,117585293,0.5,,,1186,
2024-03-12,3032,偉訓,twse,76.10,77.70,76.10,77.50,1758120,135539727,1.4,,,1408,
2024-03-13,3032,偉訓,twse,78.20,78.50,75.30,75.70,2716638,207478694,-1.8,,,2201,
2024-03-14,3032,偉訓,twse,76.80,78.70,75.70,76.20,3505243,269102081,0.5,,,2289,
2024-03-15,3032,偉訓,twse,75.70,76.80,75.40,75.50,1579069,119692002,-0.7,,,1294,
2024-03-18,3032,偉訓,twse,75.90,77.40,75.20,77.00,1542607,117812196,1.5,,,1379,
2024-03-19,3032,偉訓,twse,77.10,77.60,76.30,77.10,1896206,146191652,0.1,,,1471,
2024-03-20,3032,偉訓,twse,77.30,78.20,77.10,77.30,1773758,137703106,0.2,,,1342,
2024-03-21,3032,偉訓,twse,78.20,78.30,77.20,77.30,1530109,118704368,0.0,,,1117,
2024-03-22,3032,偉訓,twse,77.30,78.30,77.30,77.80,1573314,122559436,0.5,,,1175,
2024-03-25,3032,偉訓,twse,78.20,80.40,78.20,79.80,3777602,300207364,2.0,,,2813,
2024-03-26,3032,偉訓,twse,80.20,80.50,76.80,77.30,2880565,225766583,-2.5,,,2267,
2024-03-27,3032,偉訓,twse,77.60,78.20,77.40,77.90,914776,71136449,0.6,,,865,
2024-03-28,3032,偉訓,twse,77.80,78.80,77.30,77.80,1065342,83038426,-0.1,,,935,
2024-03-29,3032,偉訓,twse,78.40,82.30,77.80,81.00,8741192,705645586,3.2,,,5889,
2024-04-01,3032,偉訓,twse,82.40,82.60,80.00,80.20,5329800,431333838,-0.8,,,5237,
2024-04-02,3032,偉訓,twse,80.20,81.40,79.80,81.40,2938684,236928914,1.2,,,2412,
2024-04-03,3032,偉訓,twse,80.70,84.40,80.60,82.80,8066835,668837895,1.4,,,7244,
2024-04-08,3032,偉訓,twse,84.10,87.50,82.60,83.30,15717590,1333090703,0.5,,,14791,
2024-04-09,3032,偉訓,twse,83.30,85.20,82.40,84.10,4824024,403946881,0.8,,,4828,
2024-04-10,3032,偉訓,twse,85.00,86.00,83.20,83.60,3680994,310255351,-0.5,,,4234,
2024-04-11,3032,偉訓,twse,78.50,80.60,78.50,78.70,6066939,480842894,-4.9,,,4643,
2024-04-12,3032,偉訓,twse,79.00,79.60,78.30,79.60,1909694,150817453,0.9,,,1677,
2024-04-15,3032,偉訓,twse,79.00,79.60,77.10,77.10,2753327,215297010,-2.5,,,2469,
2024-04-16,3032,偉訓,twse,76.80,76.80,73.60,73.70,3101874,231309152,-3.4,,,2645,
2024-04-17,3032,偉訓,twse,74.30,75.80,74.30,75.40,1043789,78618779,1.7,,,1226,
2024-04-18,3032,偉訓,twse,74.60,75.90,74.40,75.00,802091,60361508,-0.4,,,1023,
2024-04-19,3032,偉訓,twse,74.20,74.40,70.00,72.50,2632751,190869190,-2.5,,,2165,
2024-04-22,3032,偉訓,twse,73.40,73.40,71.10,71.20,1072975,77122446,-1.3,,,1029,
2024-04-23,3032,偉訓,twse,71.80,72.40,70.60,71.60,906953,64818754,0.4,,,714,
2024-04-24,3032,偉訓,twse,72.30,74.40,72.20,73.80,1460552,107324073,2.2,,,1163,
2024-04-25,3032,偉訓,twse,73.50,73.50,72.40,72.50,822820,59892249,-1.3,,,1110,
2024-04-26,3032,偉訓,twse,73.00,75.90,72.80,75.60,2040828,152155589,3.1,,,1506,
2024-04-29,3032,偉訓,twse,76.10,79.30,76.00,77.90,3460225,269543498,2.3,,,2566,
2024-04-30,3032,偉訓,twse,77.80,78.80,76.40,76.50,1421483,109566264,-1.4,,,2209,
2024-05-02,3032,偉訓,twse,76.10,76.40,75.30,76.10,795446,60358122,-0.4,,,737,
2024-05-03,3032,偉訓,twse,77.30,77.80,75.50,75.60,1483452,113707934,-0.5,,,1650,
2024-05-06,3032,偉訓,twse,75.80,77.90,75.60,76.90,1948121,149812879,1.3,,,1494,
2024-05-07,3032,偉訓,twse,77.40,77.50,75.20,76.10,1513468,115091421,-0.8,,,2088,
2024-05-08,3032,偉訓,twse,76.30,79.40,76.10,78.30,3750681,293724003,2.2,,,2470,
2024-05-09,3032,偉訓,twse,78.70,79.30,76.80,76.80,1808163,140542908,-1.5,,,1939,
2024-05-10,3032,偉訓,twse,77.20,77.40,75.60,76.80,1246096,95367049,0.0,,,957,
2024-05-13,3032,偉訓,twse,75.70,77.10,74.90,75.00,1785067,134626575,-1.8,,,1623,
2024-05-14,3032,偉訓,twse,76.10,77.60,75.50,76.40,2249899,171682405,1.4,,,1790,
2024-05-15,3032,偉訓,twse,76.80,77.40,75.70,75.70,1234638,94480725,-0.7,,,1660,
2024-05-16,3032,偉訓,twse,76.80,76.90,75.40,75.60,1351489,102677723,-0.1,,,975,
2024-05-17,3032,偉訓,twse,76.00,76.40,75.40,75.80,855028,64813280,0.2,,,590,
2024-05-20,3032,偉訓,twse,76.00,76.80,75.60,75.70,779653,59323645,-0.1,,,592,
2024-05-21,3032,偉訓,twse,76.00,78.00,75.70,77.20,2556960,197320409,1.5,,,1907,
2024-05-22,3032,偉訓,twse,77.50,78.60,77.10,77.50,2494483,194455834,0.3,,,2085,
2024-05-23,3032,偉訓,twse,78.40,78.40,76.30,76.50,1127313,86731862,-1.0,,,1522,
2024-05-24,3032,偉訓,twse,76.70,78.60,76.30,77.20,2002435,155616634,0.7,,,1445,
2024-05-27,3032,偉訓,twse,77.60,78.60,77.50,78.10,1684113,131452795,0.9,,,1167,
2024-05-28,3032,偉訓,twse,78.70,78.80,77.60,77.60,1226544,95597126,-0.5,,,909,
2024-05-29,3032,偉訓,twse,78.00,78.00,77.20,77.30,1016441,78815526,-0.3,,,756,
2024-05-30,3032,偉訓,twse,77.00,77.20,74.50,75.00,2201916,166580870,-2.3,,,1739,
2024-05-31,3032,偉訓,twse,75.50,76.20,74.70,74.80,1039279,78167773,-0.2,,,771,
2024-06-03,3032,偉訓,twse,75.70,77.50,74.80,77.00,1578069,120786064,2.2,,,1146,
2024-06-04,3032,偉訓,twse,77.00,77.30,75.60,75.60,1001134,76379541,-1.4,,,952,
2024-06-05,3032,偉訓,twse,75.80,76.20,74.20,74.60,1431558,107104591,-1.0,,,1160,
2024-06-06,3032,偉訓,twse,75.50,75.50,74.10,74.30,691138,51454803,-0.3,,,609,
2024-06-07,3032,偉訓,twse,74.50,75.00,74.30,74.40,588706,43873318,0.1,,,562,
2024-06-11,3032,偉訓,twse,72.70,72.70,71.00,71.00,2228183,159936391,-3.4,,,1717,
2024-06-12,3032,偉訓,twse,71.20,71.80,70.80,71.30,850879,60468145,0.3,,,608,
2024-06-13,3032,偉訓,twse,71.70,72.50,71.40,72.00,801074,57627484,0.7,,,598,
2024-06-14,3032,偉訓,twse,72.00,72.40,71.60,71.80,538956,38693666,-0.2,,,437,
2024-06-17,3032,偉訓,twse,71.80,72.00,71.20,71.80,460232,33005393,0.0,,,425,
2024-06-18,3032,偉訓,twse,72.00,72.50,71.70,71.80,583934,41964678,0.0,,,468,
2024-06-19,3032,偉訓,twse,72.00,72.50,71.80,71.90,755702,54510464,0.1,,,536,
2024-06-20,3032,偉訓,twse,72.00,72.90,72.00,72.60,583671,42420668,0.7,,,507,
2024-06-21,3032,偉訓,twse,72.60,72.70,72.10,72.30,563632,40779328,-0.3,,,473,
2024-06-24,3032,偉訓,twse,72.30,72.80,71.70,71.70,498721,35962669,-0.6,,,445,
2024-06-25,3032,偉訓,twse,72.10,72.10,70.50,71.60,326851,23272089,-0.1,,,369,
2024-06-26,3032,偉訓,twse,72.00,72.40,71.70,71.70,287586,20737307,0.1,,,320,
2024-06-27,3032,偉訓,twse,71.70,72.40,71.60,71.60,273682,19677114,-0.1,,,263,
2024-06-28,3032,偉訓,twse,71.60,72.40,71.50,72.20,342248,24656471,0.6,,,282,
2024-07-01,3032,偉訓,twse,72.70,73.30,72.30,72.60,569593,41519491,0.4,,,449,
2024-07-02,3032,偉訓,twse,72.60,72.60,72.00,72.10,491188,35473818,-0.5,,,393,
2024-07-03,3032,偉訓,twse,72.60,72.70,72.20,72.30,336406,24351722,0.2,,,264,
2024-07-04,3032,偉訓,twse,72.40,72.80,72.30,72.30,423875,30719237,0.0,,,332,
2024-07-05,3032,偉訓,twse,72.50,74.00,72.50,73.60,935090,68684367,1.3,,,710,
2024-07-08,3032,偉訓,twse,73.70,73.80,72.50,72.50,514899,37499562,-1.1,,,457,
2024-07-09,3032,偉訓,twse,72.50,73.30,71.30,71.90,679332,48934674,-0.6,,,475,
2024-07-10,3032,偉訓,twse,67.00,69.40,64.80,68.50,3084408,209033713,-3.4,,,2238,
2024-07-11,3032,偉訓,twse,69.00,69.30,68.40,68.80,692119,47564123,0.3,,,536,
2024-07-12,3032,偉訓,twse,68.90,71.40,68.40,70.40,1320714,92830316,1.6,,,933,
2024-07-15,3032,偉訓,twse,70.90,74.00,70.90,72.30,1807420,131328735,1.9,,,1120,
2024-07-16,3032,偉訓,twse,73.30,73.70,72.00,72.20,869484,63028643,-0.1,,,545,
2024-07-17,3032,偉訓,twse,72.20,72.80,71.80,72.00,707441,51013835,-0.2,,,451,
2024-07-18,3032,偉訓,twse,71.90,71.90,70.10,71.00,846280,60054242,-1.0,,,635,
2024-07-19,3032,偉訓,twse,72.00,72.00,69.00,69.40,1288116,90244689,-1.6,,,792,
2024-07-22,3032,偉訓,twse,69.40,70.00,66.50,67.00,1679589,113330355,-2.4,,,1186,
2024-07-23,3032,偉訓,twse,64.10,67.10,64.10,64.90,1049186,68452905,0.0,,,840,
2024-07-26,3032,偉訓,twse,63.60,64.10,63.20,63.60,414377,26381567,-1.3,,,384,
2024-07-29,3032,偉訓,twse,64.10,65.90,63.00,63.30,566779,36046037,-0.3,,,423,
2024-07-30,3032,偉訓,twse,63.30,63.30,60.10,62.10,1038835,64170543,-1.2,,,757,
2024-07-31,3032,偉訓,twse,62.10,62.40,60.50,60.50,696011,42813187,-1.6,,,652,
2024-08-01,3032,偉訓,twse,61.80,66.50,61.30,66.50,2813562,182691137,6.0,,,1598,
2024-08-02,3032,偉訓,twse,64.10,67.00,64.10,65.20,1192955,77854826,-1.3,,,909,
2024-08-05,3032,偉訓,twse,63.50,63.50,58.70,58.70,2021519,120415949,-6.5,,,1256,
2024-08-06,3032,偉訓,twse,58.50,58.90,52.90,54.70,1902267,104926884,-4.0,,,1166,
2024-08-07,3032,偉訓,twse,56.30,60.10,55.40,60.10,1520872,90565026,5.4,,,780,
2024-08-08,3032,偉訓,twse,59.40,61.80,58.70,60.10,916435,55161808,0.0,,,792,
2024-08-09,3032,偉訓,twse,62.50,64.80,61.60,62.60,1515516,95782980,2.5,,,1242,
2024-08-12,3032,偉訓,twse,63.00,63.20,60.60,62.30,2027609,126019224,-0.3,,,1339,
2024-08-13,3032,偉訓,twse,62.70,64.60,61.60,62.20,1541322,96317337,-0.1,,,1001,
2024-08-14,3032,偉訓,twse,63.10,63.30,61.20,62.40,1024854,63906634,0.2,,,752,
2024-08-15,3032,偉訓,twse,63.90,66.20,63.10,65.80,2383314,155073082,3.4,,,1668,
2024-08-16,3032,偉訓,twse,66.30,67.80,65.30,66.40,2619793,174858605,0.6,,,2821,
2024-08-19,3032,偉訓,twse,66.70,68.30,66.40,67.60,1634360,110506676,1.2,,,1836,
2024-08-20,3032,偉訓,twse,67.60,71.60,67.60,70.60,4952609,346074644,3.0,,,3000,
2024-08-21,3032,偉訓,twse,70.40,71.50,69.50,70.40,2233876,157386591,-0.2,,,1835,
2024-08-22,3032,偉訓,twse,70.20,73.00,70.20,71.00,3668141,263437536,0.6,,,3453,
2024-08-23,3032,偉訓,twse,70.80,71.90,70.30,71.20,1175712,83474639,0.2,,,1346,
2024-08-26,3032,偉訓,twse,73.20,75.80,72.50,74.70,5663032,421042975,3.5,,,4263,
2024-08-27,3032,偉訓,twse,77.00,77.00,74.30,74.50,5446195,410491949,-0.2,,,5819,
2024-08-28,3032,偉訓,twse,74.90,75.00,73.10,73.50,3206522,236867359,-1.0,,,5526,
2024-08-29,3032,偉訓,twse,73.00,75.20,72.60,73.70,2256107,167403203,0.2,,,2086,
2024-08-30,3032,偉訓,twse,73.70,74.20,72.30,72.90,1789847,130909056,-0.8,,,1584,
2024-09-02,3032,偉訓,twse,74.60,74.80,72.70,73.80,1770414,130872701,0.9,,,1684,
2024-09-03,3032,偉訓,twse,74.30,74.50,72.30,72.30,1603264,116913311,-1.5,,,1394,
2024-09-04,3032,偉訓,twse,69.00,71.80,66.60,70.90,2221543,155571735,-1.4,,,1757,
2024-09-05,3032,偉訓,twse,72.20,72.30,70.20,70.60,935043,66449415,-0.3,,,862,
2024-09-06,3032,偉訓,twse,70.00,71.20,69.60,69.80,610924,42856519,-0.8,,,575,
2024-09-09,3032,偉訓,twse,68.50,70.90,67.60,70.50,604913,41812056,0.7,,,735,
2024-09-10,3032,偉訓,twse,70.30,71.40,68.30,68.60,971092,67408223,-1.9,,,901,
2024-09-11,3032,偉訓,twse,68.60,68.70,67.60,67.60,552480,37546600,-1.0,,,489,
2024-09-12,3032,偉訓,twse,68.40,69.40,67.90,69.10,568565,39052623,1.5,,,546,
2024-09-13,3032,偉訓,twse,69.40,71.40,69.30,70.50,845849,59452497,1.4,,,804,
2024-09-16,3032,偉訓,twse,70.30,71.40,70.20,70.40,537870,38038146,-0.1,,,894,
2024-09-18,3032,偉訓,twse,71.00,71.00,69.00,69.00,593749,41466786,-1.4,,,783,
2024-09-19,3032,偉訓,twse,69.30,70.90,69.30,70.30,593072,41749163,1.3,,,693,
2024-09-20,3032,偉訓,twse,71.00,71.40,69.70,69.70,626967,44024569,-0.6,,,520,
2024-09-23,3032,偉訓,twse,70.40,71.30,69.70,70.40,652659,46015578,0.7,,,506,
2024-09-24,3032,偉訓,twse,70.70,70.80,69.50,69.50,387153,27011554,-0.9,,,465,
2024-09-25,3032,偉訓,twse,70.40,71.00,70.20,70.40,425589,30041459,0.9,,,314,
2024-09-26,3032,偉訓,twse,70.50,70.60,69.20,69.20,545812,38153338,-1.2,,,535,
2024-09-27,3032,偉訓,twse,70.10,70.20,68.80,69.00,494559,34288719,-0.2,,,392,
2024-09-30,3032,偉訓,twse,68.80,69.50,67.90,67.90,428675,29315570,-1.1,,,417,
2024-10-01,3032,偉訓,twse,68.10,68.50,67.30,67.90,399827,27147205,0.0,,,322,
2024-10-04,3032,偉訓,twse,68.40,69.10,67.50,68.30,469563,32151156,0.4,,,453,
2024-10-07,3032,偉訓,twse,68.70,69.30,68.10,68.80,293989,20244312,0.5,,,328,
2024-10-08,3032,偉訓,twse,68.40,68.50,67.40,67.50,366999,24859935,-1.3,,,324,
2024-10-09,3032,偉訓,twse,67.80,68.20,66.30,66.40,655428,43933382,-1.1,,,724,
2024-10-11,3032,偉訓,twse,66.80,66.80,65.00,65.20,696387,45643090,-1.2,,,547,
2024-10-14,3032,偉訓,twse,65.00,66.30,65.00,65.80,234696,15444645,0.6,,,257,
2024-10-15,3032,偉訓,twse,65.70,66.80,65.70,65.90,517211,34229433,0.1,,,511,
2024-10-16,3032,偉訓,twse,65.80,66.30,65.20,66.10,258023,16960801,0.2,,,253,
2024-10-17,3032,偉訓,twse,66.10,67.30,66.00,66.20,333197,22179814,0.1,,,297,
2024-10-18,3032,偉訓,twse,66.20,66.40,65.60,65.80,447450,29513524,-0.4,,,304,
2024-10-21,3032,偉訓,twse,65.80,66.30,65.30,65.80,343658,22605719,0.0,,,311,
2024-10-22,3032,偉訓,twse,65.80,66.50,65.50,66.30,250267,16501595,0.5,,,230,
2024-10-23,3032,偉訓,twse,66.30,67.10,66.20,66.20,364079,24224333,-0.1,,,321,
2024-10-24,3032,偉訓,twse,66.10,66.10,65.10,65.10,391975,25663721,-1.1,,,354,
2024-10-25,3032,偉訓,twse,65.40,66.10,64.60,65.80,419566,27455695,0.7,,,276,
2024-10-28,3032,偉訓,twse,65.80,66.50,65.20,65.70,348420,22836145,-0.1,,,317,
2024-10-29,3032,偉訓,twse,65.50,65.50,63.90,64.50,533121,34355988,-1.2,,,456,
2024-10-30,3032,偉訓,twse,64.50,64.90,63.10,63.20,473861,30200696,-1.3,,,474,
2024-11-01,3032,偉訓,twse,62.30,63.70,61.80,63.50,343178,21643015,0.3,,,311,
2024-11-04,3032,偉訓,twse,63.70,63.70,62.10,62.30,629448,39510502,-1.2,,,436,
2024-11-05,3032,偉訓,twse,62.40,63.40,62.40,63.00,205738,12949617,0.7,,,199,
2024-11-06,3032,偉訓,twse,63.40,67.00,63.30,65.70,1127939,74254216,2.7,,,987,
2024-11-07,3032,偉訓,twse,65.80,67.10,65.80,66.30,553109,36755243,0.6,,,430,
2024-11-08,3032,偉訓,twse,66.30,66.70,65.50,65.50,448304,29562187,-0.8,,,472,
2024-11-11,3032,偉訓,twse,65.50,67.00,64.70,67.00,624580,41387158,1.5,,,441,
2024-11-12,3032,偉訓,twse,67.00,70.20,66.60,68.00,3863610,265403054,1.0,,,2859,
2024-11-13,3032,偉訓,twse,68.90,69.00,65.80,65.80,1927281,129206521,-2.2,,,1835,
2024-11-14,3032,偉訓,twse,66.00,66.20,62.40,63.40,1669682,106307870,-2.4,,,1333,
2024-11-15,3032,偉訓,twse,63.10,67.00,62.90,66.10,1062564,68709283,2.7,,,791,
2024-11-18,3032,偉訓,twse,72.70,72.70,69.50,72.70,9108302,658204975,6.6,,,4148,
2024-11-19,3032,偉訓,twse,73.00,78.50,72.70,75.80,32865284,2492375353,3.1,,,20825,
2024-11-20,3032,偉訓,twse,75.70,78.70,74.20,77.50,18471271,1421186614,1.7,,,13383,
2024-11-21,3032,偉訓,twse,78.00,79.40,76.90,78.50,17451732,1365424790,1.0,,,12645,
2024-11-22,3032,偉訓,twse,79.00,86.00,78.90,83.80,32334972,2704943535,5.3,,,22560,
2024-11-25,3032,偉訓,twse,85.40,85.50,80.90,82.00,17877346,1481115622,-1.8,,,11532,
2024-11-26,3032,偉訓,twse,81.30,84.60,80.50,82.40,12898426,1067939807,0.4,,,9733,
2024-11-27,3032,偉訓,twse,82.40,86.20,81.70,83.10,16785590,1410168147,0.7,,,12726,
2024-11-28,3032,偉訓,twse,82.90,83.50,78.40,80.90,11175837,901415154,-2.2,,,8158,
2024-11-29,3032,偉訓,twse,80.20,83.90,80.10,82.50,8169606,673633186,1.6,,,5813,
2024-12-02,3032,偉訓,twse,83.10,85.70,82.30,85.00,10384188,877789417,2.5,,,7468,
2024-12-03,3032,偉訓,twse,85.00,93.00,84.50,93.00,26808042,2376149012,8.0,,,17470,
2024-12-04,3032,偉訓,twse,93.00,94.30,89.00,91.70,23954124,2200479574,-1.3,,,19173,
2024-12-05,3032,偉訓,twse,91.70,94.60,91.00,91.80,13629897,1262609579,0.1,,,8767,
2024-12-06,3032,偉訓,twse,93.80,95.90,90.50,91.80,14193136,1322006282,0.0,,,10266,
2024-12-09,3032,偉訓,twse,92.50,95.70,89.80,89.90,13481584,1242984769,-1.9,,,9266,
2024-12-10,3032,偉訓,twse,90.70,92.20,89.00,91.00,7463580,675659196,1.1,,,5337,
2024-12-11,3032,偉訓,twse,90.30,95.80,89.80,94.00,15032460,1408135598,3.0,,,11022,
2024-12-12,3032,偉訓,twse,94.50,97.50,93.20,94.20,16438070,1557086361,0.2,,,10875,
2024-12-13,3032,偉訓,twse,93.70,94.90,92.30,93.00,5931653,555191583,-1.2,,,4597,
2024-12-16,3032,偉訓,twse,94.00,95.20,89.90,91.20,8819415,812682930,-1.8,,,5587,
2024-12-17,3032,偉訓,twse,91.30,92.00,90.10,91.00,3562622,323588786,-0.2,,,3285,
2024-12-18,3032,偉訓,twse,90.90,92.10,89.10,91.60,3657229,331568074,0.6,,,3770,
2024-12-19,3032,偉訓,twse,90.00,93.50,89.90,92.80,3213077,296633851,1.2,,,3443,
2024-12-20,3032,偉訓,twse,93.90,95.00,92.70,93.90,6991498,655822775,1.1,,,6009,
2024-12-23,3032,偉訓,twse,94.90,95.10,93.10,93.40,3463984,325212792,-0.5,,,3221,
2024-12-24,3032,偉訓,twse,94.00,94.50,90.90,91.80,3358500,309631430,-1.6,,,3739,
2024-12-25,3032,偉訓,twse,92.80,97.20,92.20,94.00,9352305,889276754,2.2,,,6818,
2024-12-26,3032,偉訓,twse,95.50,103.00,95.50,103.00,15892501,1589933930,9.0,,,9647,
2024-12-27,3032,偉訓,twse,103.50,104.50,92.70,92.70,35810167,3409421268,-10.3,,,19861,
2024-12-30,3032,偉訓,twse,92.00,93.60,88.70,89.20,7485076,680985600,-3.5,,,5661,
2024-12-31,3032,偉訓,twse,89.50,90.20,87.50,89.40,4971129,440980545,0.2,,,3832,
2025-01-02,3032,偉訓,twse,89.50,91.90,89.00,89.70,3256737,293540029,0.3,,,4859,
2025-01-03,3032,偉訓,twse,91.20,91.20,89.10,89.20,1810508,162253855,-0.5,,,2200,
2025-01-06,3032,偉訓,twse,89.50,91.70,88.50,88.80,3187034,286421019,-0.4,,,2714,
2025-01-07,3032,偉訓,twse,89.60,91.40,88.20,91.10,5394724,486913312,2.3,,,4571,
2025-01-08,3032,偉訓,twse,90.90,94.30,90.50,92.10,5647942,522761562,1.0,,,4794,
2025-01-09,3032,偉訓,twse,92.20,92.40,90.00,90.20,2822155,256968099,-1.9,,,2412,
2025-01-10,3032,偉訓,twse,88.50,90.00,85.00,89.00,5360445,469000554,-1.2,,,4388,
2025-01-13,3032,偉訓,twse,89.20,89.20,82.70,83.40,5089188,432981958,-5.6,,,4865,
2025-01-14,3032,偉訓,twse,84.50,87.60,82.40,83.90,3362441,284279221,0.5,,,3460,
2025-01-15,3032,偉訓,twse,84.50,85.00,81.30,81.70,2190718,180791589,-2.2,,,2457,
2025-01-16,3032,偉訓,twse,83.50,85.60,81.90,83.50,3151406,263832029,1.8,,,2461,
2025-01-17,3032,偉訓,twse,83.00,83.40,79.20,79.60,3776145,304299573,-3.9,,,3375,
2025-01-20,3032,偉訓,twse,80.20,83.10,79.80,80.70,2117585,172180561,1.1,,,1789,
2025-01-21,3032,偉訓,twse,80.80,81.30,79.40,79.90,1430987,114815914,-0.8,,,1582,
2025-01-22,3032,偉訓,twse,80.70,83.60,79.50,81.30,2881064,235085846,1.4,,,2239,
2025-02-03,3032,偉訓,twse,78.00,79.80,76.70,78.40,2912302,227513656,-2.9,,,2338,
2025-02-04,3032,偉訓,twse,79.20,84.50,78.50,82.90,4953694,407534232,4.5,,,3906,
2025-02-05,3032,偉訓,twse,83.90,87.60,83.70,86.90,4937626,424063527,4.0,,,4235,
2025-02-06,3032,偉訓,twse,87.90,91.30,87.30,89.40,6557283,587457263,2.5,,,5196,
2025-02-07,3032,偉訓,twse,89.00,91.00,88.70,91.00,3328554,300115797,1.6,,,2767,
2025-02-10,3032,偉訓,twse,90.00,90.70,87.90,88.90,2694416,239685858,-2.1,,,3718,
2025-02-11,3032,偉訓,twse,89.50,90.50,87.60,88.00,4331136,384826257,-0.9,,,3106,
2025-02-12,3032,偉訓,twse,88.60,89.30,87.50,88.30,2631632,233056155,0.3,,,1877,
2025-02-13,3032,偉訓,twse,89.00,93.90,88.60,89.10,6427639,585854366,0.8,,,5654,
2025-02-14,3032,偉訓,twse,89.50,91.80,88.70,90.90,4640858,420131698,1.8,,,4326,
2025-02-17,3032,偉訓,twse,90.90,92.60,89.80,92.00,3495533,319842307,1.1,,,2712,
2025-02-18,3032,偉訓,twse,92.90,94.40,91.90,92.90,3828530,356425067,0.9,,,4669,
2025-02-19,3032,偉訓,twse,93.70,93.70,91.50,91.70,2153222,198698154,-1.2,,,3005,
2025-02-20,3032,偉訓,twse,92.10,94.90,91.70,91.80,3358024,312662009,0.1,,,3647,
2025-02-21,3032,偉訓,twse,92.20,92.80,91.40,92.80,1778130,163970516,1.0,,,3443,
2025-02-24,3032,偉訓,twse,92.20,95.40,91.80,94.40,4243130,399874805,1.6,,,4928,
2025-02-25,3032,偉訓,twse,93.60,94.90,93.30,93.90,2199944,206751306,-0.5,,,3361,
2025-02-26,3032,偉訓,twse,94.00,97.70,93.70,97.70,3180882,304057089,3.8,,,2652,
2025-02-27,3032,偉訓,twse,97.80,106.00,95.30,95.80,19739784,1983363751,-1.9,,,14030,
2025-03-03,3032,偉訓,twse,94.80,97.40,94.50,95.80,4794210,460657151,0.0,,,4703,
2025-03-04,3032,偉訓,twse,94.80,98.30,91.00,98.00,4197520,400700906,2.2,,,3786,
2025-03-05,3032,偉訓,twse,98.10,100.50,96.30,99.00,5185696,509960983,1.0,,,4761,
2025-03-06,3032,偉訓,twse,100.00,101.00,97.50,97.50,3567180,352971523,-1.5,,,3625,
2025-03-07,3032,偉訓,twse,96.90,97.50,94.20,94.70,3118764,297964147,-2.8,,,2675,
2025-03-10,3032,偉訓,twse,95.60,98.20,94.20,96.50,3706364,356714465,1.8,,,3251,
2025-03-11,3032,偉訓,twse,93.00,96.30,91.00,95.30,4070853,383715024,-1.2,,,3392,
2025-03-12,3032,偉訓,twse,96.30,102.00,96.10,97.10,10299085,1021766820,1.8,,,6482,
2025-03-13,3032,偉訓,twse,98.40,102.50,95.80,95.80,9543951,943889947,-1.3,,,7185,
2025-03-14,3032,偉訓,twse,94.40,95.00,91.20,92.10,7567331,698306214,-3.7,,,5675,
2025-03-17,3032,偉訓,twse,93.00,99.50,93.00,98.60,8095396,789177383,6.5,,,5544,
2025-03-18,3032,偉訓,twse,100.00,101.50,98.20,100.50,8071222,806507072,1.9,,,6013,
2025-03-19,3032,偉訓,twse,101.50,102.00,97.60,98.70,4132611,410116544,-1.8,,,3512,
2025-03-21,3032,偉訓,twse,94.00,94.70,88.90,88.90,19636794,1775534277,0.0,,,12595,
2025-03-24,3032,偉訓,twse,88.90,89.90,85.80,87.80,7908895,696470471,-1.1,,,5656,
2025-03-25,3032,偉訓,twse,89.10,89.60,84.00,85.90,7668353,660846556,-1.9,,,5667,
2025-03-26,3032,偉訓,twse,86.80,89.30,85.50,87.50,4102704,359936995,1.6,,,2940,
2025-03-27,3032,偉訓,twse,86.70,86.80,83.20,83.30,3303437,279520874,-4.2,,,3223,
2025-03-28,3032,偉訓,twse,82.80,83.20,78.50,79.00,4357829,349691142,-4.3,,,3422,
2025-03-31,3032,偉訓,twse,75.00,76.30,71.90,71.90,4256849,313237371,-7.1,,,2958,
2025-04-01,3032,偉訓,twse,74.00,74.50,72.00,72.00,2834317,206343785,0.1,,,2156,
2025-04-02,3032,偉訓,twse,72.70,73.70,71.60,73.30,2016124,146658386,1.3,,,1395,
2025-04-07,3032,偉訓,twse,66.00,66.00,66.00,66.00,169136,11162976,-7.3,down,,228,
2025-04-08,3032,偉訓,twse,59.40,59.40,59.40,59.40,632497,37570269,-6.6,down,,535,
2025-04-09,3032,偉訓,twse,53.50,55.00,53.50,53.50,1998110,107148297,-5.9,,,1258,
2025-04-10,3032,偉訓,twse,58.80,58.80,58.80,58.80,1060027,62329575,5.3,up,,451,
2025-04-11,3032,偉訓,twse,56.00,59.50,53.00,59.20,3335679,188754485,0.4,,,2368,
2025-04-14,3032,偉訓,twse,60.40,63.60,59.90,61.10,2952372,180838460,1.9,,,2686,
2025-04-15,3032,偉訓,twse,62.30,65.60,62.00,65.50,2027284,130346506,4.4,,,2245,
2025-04-16,3032,偉訓,twse,65.50,65.50,62.20,62.20,1630485,104072607,-3.3,,,1963,
2025-04-17,3032,偉訓,twse,61.50,62.40,60.70,61.80,884205,54441799,-0.4,,,1391,
2025-04-18,3032,偉訓,twse,62.10,62.60,60.40,61.10,1182966,72441340,-0.7,,,1438,
2025-04-21,3032,偉訓,twse,61.60,61.70,55.50,57.70,1711109,99871617,-3.4,,,1513,
2025-04-22,3032,偉訓,twse,56.10,57.90,56.00,56.00,995303,56628094,-1.7,,,1257,
2025-04-23,3032,偉訓,twse,58.50,61.50,57.80,60.90,2175659,130459963,4.9,,,1688,
2025-04-24,3032,偉訓,twse,61.40,62.10,60.70,60.80,1698199,104159530,-0.1,,,1424,
2025-04-25,3032,偉訓,twse,62.50,63.10,61.30,61.80,1413991,87931691,1.0,,,1102,
2025-04-28,3032,偉訓,twse,62.90,65.20,62.00,64.00,1995895,127717818,2.2,,,1711,
2025-04-29,3032,偉訓,twse,64.00,67.70,63.50,67.00,2547340,167697449,3.0,,,1951,
2025-04-30,3032,偉訓,twse,67.20,68.20,65.30,65.30,2494213,166092498,-1.7,,,2230,
2025-05-02,3032,偉訓,twse,66.50,68.00,66.00,66.80,1791441,119918110,1.5,,,1369,
2025-05-05,3032,偉訓,twse,67.50,67.90,61.40,64.30,2616958,167137627,-2.5,,,1808,
2025-05-06,3032,偉訓,twse,64.30,65.30,63.70,64.90,869893,56258336,0.6,,,763,
2025-05-07,3032,偉訓,twse,65.40,65.60,64.00,64.10,835846,53962119,-0.8,,,771,
2025-05-08,3032,偉訓,twse,65.50,68.90,65.40,68.40,2586100,174451970,4.3,,,2073,
2025-05-09,3032,偉訓,twse,69.00,72.90,67.00,71.50,5782261,403582418,3.1,,,4415,
2025-05-12,3032,偉訓,twse,72.10,73.30,68.70,70.40,9951935,701793568,-1.1,,,6466,
2025-05-13,3032,偉訓,twse,71.70,72.00,69.70,70.20,4665948,329828913,-0.2,,,3193,
2025-05-14,3032,偉訓,twse,71.30,74.30,70.50,73.10,7784894,564553119,2.9,,,5703,
2025-05-15,3032,偉訓,twse,73.00,73.30,71.80,72.00,3138428,227053189,-1.1,,,2515,
2025-05-16,3032,偉訓,twse,72.70,73.50,71.80,71.80,3372990,244691346,-0.2,,,2443,
2025-05-19,3032,偉訓,twse,72.00,72.00,70.00,70.10,2316291,164174797,-1.7,,,1631,
2025-05-20,3032,偉訓,twse,71.20,71.30,69.90,70.30,1229607,86697770,0.2,,,1045,
2025-05-21,3032,偉訓,twse,70.70,71.00,69.70,70.70,795216,56035151,0.4,,,648,
2025-05-22,3032,偉訓,twse,70.00,70.40,69.60,70.10,817172,57199628,-0.6,,,687,
2025-05-23,3032,偉訓,twse,71.00,71.60,69.70,69.70,1305246,91916807,-0.4,,,993,
2025-05-26,3032,偉訓,twse,70.00,70.70,69.40,70.00,757794,53194039,0.3,,,598,
2025-05-27,3032,偉訓,twse,70.50,72.10,69.10,69.50,2331017,164925097,-0.5,,,1753,
2025-05-28,3032,偉訓,twse,70.60,70.90,67.80,68.30,1735943,119819182,-1.2,,,1339,
2025-05-29,3032,偉訓,twse,68.80,70.20,68.60,69.60,1208928,83952075,1.3,,,953,
2025-06-02,3032,偉訓,twse,69.30,69.50,67.40,67.40,1177258,80190324,-2.2,,,985,
2025-06-03,3032,偉訓,twse,68.30,68.90,67.80,68.00,780497,53211270,0.6,,,588,
2025-06-04,3032,偉訓,twse,68.80,70.80,68.80,70.10,1306426,91296870,2.1,,,991,
2025-06-05,3032,偉訓,twse,70.20,71.00,69.40,69.40,877311,61431926,-0.7,,,739,
2025-06-06,3032,偉訓,twse,69.00,69.30,68.00,68.40,875742,59980622,-1.0,,,735,
2025-06-09,3032,偉訓,twse,68.90,69.00,67.50,68.00,855826,58208677,-0.4,,,670,
2025-06-10,3032,偉訓,twse,68.40,73.60,68.40,72.20,5493746,396499272,4.2,,,3850,
2025-06-11,3032,偉訓,twse,72.30,76.20,70.80,75.40,11710070,862902434,3.2,,,8184,
2025-06-12,3032,偉訓,twse,74.90,75.80,74.00,74.00,4642428,347153982,-1.4,,,3221,
2025-06-13,3032,偉訓,twse,73.30,73.50,71.20,71.40,2794467,201683611,-2.6,,,2279,
2025-06-16,3032,偉訓,twse,71.40,73.40,70.90,72.80,2411163,174725835,1.4,,,1746,
2025-06-17,3032,偉訓,twse,73.30,73.40,71.60,71.60,1880451,135844780,-1.2,,,1389,
2025-06-18,3032,偉訓,twse,71.80,75.00,71.70,74.20,3762695,278314751,2.6,,,2784,
2025-06-19,3032,偉訓,twse,74.80,74.90,71.90,71.90,4125340,302331099,-2.3,,,3239,
2025-06-20,3032,偉訓,twse,72.20,73.60,70.90,71.90,3278497,236986510,0.0,,,2403,
2025-06-24,3032,偉訓,twse,78.00,79.00,77.20,79.00,3203522,252162438,0.0,,,1642,
2025-06-25,3032,偉訓,twse,83.70,86.90,82.80,86.90,12659444,1088580674,7.9,,,5877,
2025-06-26,3032,偉訓,twse,87.70,88.50,84.80,86.50,29337178,2544497102,-0.4,,,19374,
2025-06-27,3032,偉訓,twse,86.50,87.10,83.50,87.00,8557813,735018105,0.5,,,5863,
2025-06-30,3032,偉訓,twse,87.00,88.50,85.50,88.30,5650433,493281008,1.3,,,4565,
2025-07-01,3032,偉訓,twse,88.40,92.00,87.10,89.10,18362634,1644167009,0.8,,,12710,
2025-07-02,3032,偉訓,twse,89.70,91.20,88.80,91.00,8062472,725387155,1.9,,,5506,
2025-07-03,3032,偉訓,twse,91.10,91.60,86.20,86.40,9451349,834594365,-4.6,,,6742,
2025-07-04,3032,偉訓,twse,86.50,88.60,85.20,87.60,4250041,368805851,1.2,,,3260,
2025-07-07,3032,偉訓,twse,87.30,89.20,86.60,87.10,5188226,454681700,-0.5,,,3171,
2025-07-08,3032,偉訓,twse,86.20,87.70,85.30,86.90,2734309,236920124,-0.2,,,2214,
2025-07-09,3032,偉訓,twse,87.20,87.80,86.60,87.50,1817226,158592186,0.6,,,1919,
2025-07-10,3032,偉訓,twse,88.80,89.80,87.60,88.80,7824311,693760502,1.3,,,5347,
2025-07-11,3032,偉訓,twse,87.70,89.60,86.30,89.60,4911553,433906585,0.8,,,3520,
2025-07-14,3032,偉訓,twse,90.00,91.80,89.60,90.10,7040772,637858112,0.5,,,5537,
2025-07-15,3032,偉訓,twse,90.50,90.90,88.70,90.50,3909082,350450189,0.4,,,3320,
2025-07-16,3032,偉訓,twse,90.70,91.90,89.70,90.00,4085854,369906069,-0.5,,,2739,
2025-07-17,3032,偉訓,twse,90.70,93.90,90.30,93.50,9889959,915389376,3.5,,,7532,
2025-07-18,3032,偉訓,twse,94.00,94.40,91.40,93.00,4121098,382251605,-0.5,,,3691,
2025-07-21,3032,偉訓,twse,93.30,97.20,93.20,94.50,7141665,682421619,1.5,,,5326,
2025-07-22,3032,偉訓,twse,94.50,103.50,94.50,99.10,23490720,2377678377,4.6,,,15223,
2025-07-23,3032,偉訓,twse,102.50,109.00,102.00,109.00,14441452,1552711226,9.9,,,7008,
2025-07-24,3032,偉訓,twse,110.50,119.50,106.50,118.00,40597403,4594728348,9.0,,,27605,
2025-07-25,3032,偉訓,twse,118.00,119.00,110.50,114.50,19989062,2294863191,-3.5,,,11125,
2025-07-28,3032,偉訓,twse,117.00,123.00,115.00,119.50,24044328,2865241041,5.0,,,14673,
2025-07-29,3032,偉訓,twse,117.50,119.50,113.50,117.00,8383804,976706520,-2.5,,,5903,
2025-07-30,3032,偉訓,twse,120.00,120.50,116.00,116.50,8066624,950111730,-0.5,,,5432,
2025-07-31,3032,偉訓,twse,117.00,118.50,112.50,115.50,5998643,693662234,-1.0,,,4196,
2025-08-01,3032,偉訓,twse,108.00,118.00,107.50,117.00,8606826,980465037,1.5,,,5772,
2025-08-04,3032,偉訓,twse,115.00,115.50,110.50,111.50,5210510,587693701,-5.5,,,3963,
2025-08-05,3032,偉訓,twse,112.50,113.50,109.00,111.50,3869293,429874487,0.0,,,2785,
2025-08-06,3032,偉訓,twse,111.50,113.00,109.50,110.50,2245582,249619944,-1.0,,,1898,
2025-08-07,3032,偉訓,twse,111.50,113.50,109.00,109.50,2335118,257691104,-1.0,,,1810,
2025-08-08,3032,偉訓,twse,109.50,112.00,107.50,108.50,2448187,266868529,-1.0,,,1960,
2025-08-11,3032,偉訓,twse,107.00,114.50,105.50,114.50,8726121,968794028,6.0,,,5600,
2025-08-12,3032,偉訓,twse,112.00,113.50,107.00,109.50,6090281,670668142,0.0,,,4236,
2025-08-13,3032,偉訓,twse,112.00,116.00,109.00,112.00,6453854,726618809,2.5,,,4666,
2025-08-14,3032,偉訓,twse,112.50,115.50,110.00,115.00,4551978,514455941,3.0,,,3506,
2025-08-15,3032,偉訓,twse,113.50,115.50,103.50,104.50,12149111,1300861820,-10.5,,,8722,
2025-08-18,3032,偉訓,twse,104.50,106.50,103.00,105.00,4241367,445065234,0.5,,,3886,
2025-08-19,3032,偉訓,twse,107.00,107.00,99.50,100.00,3905661,397792308,-5.0,,,3256,
2025-08-20,3032,偉訓,twse,99.00,100.50,96.50,96.50,2871945,281346779,-3.5,,,2503,
2025-08-21,3032,偉訓,twse,98.00,98.20,95.10,96.40,1982808,191505217,-0.1,,,3249,
2025-08-22,3032,偉訓,twse,96.60,103.00,96.00,98.60,4133430,411666803,2.2,,,4715,
2025-08-25,3032,偉訓,twse,100.50,108.00,99.90,108.00,5182678,549455543,9.4,,,4078,
2025-08-26,3032,偉訓,twse,108.00,109.00,105.50,107.50,4596693,494479174,-0.5,,,3176,
2025-08-27,3032,偉訓,twse,109.50,114.00,109.00,113.50,8480008,944934900,6.0,,,5751,
2025-08-28,3032,偉訓,twse,112.00,114.00,109.50,110.00,3398463,379282174,-3.5,,,2571,
2025-08-29,3032,偉訓,twse,112.00,112.00,107.50,111.00,3539879,388732550,1.0,,,2325,
2025-09-01,3032,偉訓,twse,112.00,112.00,101.50,104.50,3741133,394839950,-6.5,,,2725,
2025-09-02,3032,偉訓,twse,105.50,108.50,100.50,107.50,2865542,300257376,3.0,,,2193,
2025-09-03,3032,偉訓,twse,107.50,109.50,106.50,106.50,1801318,193826561,-1.0,,,1841,
2025-09-04,3032,偉訓,twse,107.50,109.00,104.00,104.00,1491559,158237269,-2.5,,,1196,
2025-09-05,3032,偉訓,twse,105.00,105.50,103.50,104.00,1075023,112318277,0.0,,,1083,
2025-09-08,3032,偉訓,twse,105.00,105.00,102.50,104.50,903018,93826197,0.5,,,892,
2025-09-09,3032,偉訓,twse,105.00,106.00,103.00,103.00,1129505,117032356,-1.5,,,902,
2025-09-10,3032,偉訓,twse,104.50,104.50,101.50,101.50,1163412,119359787,-1.5,,,1078,
2025-09-11,3032,偉訓,twse,103.00,104.50,97.80,99.90,3129643,315078796,-1.6,,,2170,
2025-09-12,3032,偉訓,twse,100.00,101.00,97.80,98.50,1593131,157513531,-1.4,,,1670,
2025-09-15,3032,偉訓,twse,99.00,99.20,96.10,96.20,1315913,127888606,-2.3,,,1376,
2025-09-16,3032,偉訓,twse,97.00,98.20,95.60,98.00,803093,77816441,1.8,,,1171,
2025-09-17,3032,偉訓,twse,97.80,98.40,97.00,98.00,649388,63564078,0.0,,,1257,
2025-09-18,3032,偉訓,twse,98.40,102.00,97.40,97.40,1716609,169974919,-0.6,,,2172,
2025-09-19,3032,偉訓,twse,98.40,101.50,97.50,99.60,1639811,163633511,2.2,,,1335,
2025-09-22,3032,偉訓,twse,100.50,101.00,99.20,99.50,691302,69022031,-0.1,,,863,
2025-09-23,3032,偉訓,twse,100.50,100.50,97.30,97.50,1130171,111187717,-2.0,,,988,
2025-09-24,3032,偉訓,twse,98.00,98.90,96.70,97.60,1041291,101661969,0.1,,,1588,
2025-09-25,3032,偉訓,twse,98.00,98.80,96.40,97.20,653348,63732460,-0.4,,,786,
2025-09-26,3032,偉訓,twse,98.00,98.10,93.70,93.70,1584327,149948903,-3.5,,,1545,
2025-09-30,3032,偉訓,twse,93.90,100.00,93.80,97.50,1981639,194566386,3.8,,,2541,
2025-10-01,3032,偉訓,twse,98.70,100.50,98.20,99.40,1184012,117719398,1.9,,,1461,
2025-10-02,3032,偉訓,twse,99.90,101.00,97.60,97.80,803943,79318961,-1.6,,,2550,
2025-10-03,3032,偉訓,twse,97.90,98.90,96.20,98.20,919835,89692431,0.4,,,941,
2025-10-07,3032,偉訓,twse,97.20,98.90,96.70,98.10,566317,55389507,-0.1,,,1007,
2025-10-08,3032,偉訓,twse,97.10,97.40,95.60,95.60,776889,74939751,-2.5,,,1057,
2025-10-09,3032,偉訓,twse,96.20,97.00,95.50,96.00,546674,52420429,0.4,,,616,
2025-10-13,3032,偉訓,twse,91.30,94.00,91.10,91.70,1630228,150173200,-4.3,,,1423,
2025-10-14,3032,偉訓,twse,92.30,93.20,89.20,89.60,1214272,110540297,-2.1,,,1426,
2025-10-15,3032,偉訓,twse,91.60,91.60,89.20,90.20,370501,33488748,0.6,,,913,
2025-10-16,3032,偉訓,twse,91.10,91.90,89.70,90.50,405001,36693127,0.3,,,436,
2025-10-17,3032,偉訓,twse,89.40,92.00,89.30,89.60,693616,62570135,-0.9,,,834,
2025-10-20,3032,偉訓,twse,90.00,90.60,88.30,88.30,778540,69271511,-1.3,,,1124,
2025-10-21,3032,偉訓,twse,89.50,90.30,88.30,88.80,683855,60840722,0.5,,,569,
2025-10-22,3032,偉訓,twse,88.80,89.90,87.30,88.60,522487,46260617,-0.2,,,868,
2025-10-23,3032,偉訓,twse,88.70,92.40,88.30,89.50,1091615,97972848,0.9,,,749,
2025-10-27,3032,偉訓,twse,90.20,91.90,89.90,89.90,640012,57982119,0.4,,,668,
2025-10-28,3032,偉訓,twse,90.00,90.50,88.30,89.80,475122,42425178,-0.1,,,481,
2025-10-29,3032,偉訓,twse,92.00,98.70,92.00,96.80,7856752,762715427,7.0,,,7310,
2025-10-30,3032,偉訓,twse,97.50,98.20,93.10,94.10,3030587,288907844,-2.7,,,2165,
2025-10-31,3032,偉訓,twse,95.80,101.00,94.00,100.00,4101129,402880377,5.9,,,3317,
2025-11-03,3032,偉訓,twse,99.60,103.00,99.50,99.80,2657949,268595879,-0.2,,,2216,
2025-11-04,3032,偉訓,twse,100.00,105.00,99.50,99.90,3594142,366764394,0.1,,,2418,
2025-11-05,3032,偉訓,twse,100.50,103.00,98.00,98.50,4225665,421252944,-1.4,,,2916,
2025-11-06,3032,偉訓,twse,100.50,102.00,97.20,101.00,3024259,302628908,2.5,,,2515,
2025-11-07,3032,偉訓,twse,100.50,100.50,93.10,94.40,3179137,305532891,-6.6,,,3268,
2025-11-10,3032,偉訓,twse,94.50,99.60,94.50,96.10,2395329,232294017,1.7,,,3514,
2025-11-11,3032,偉訓,twse,96.90,98.10,93.30,93.80,2675550,253967678,-2.3,,,3267,
2025-11-12,3032,偉訓,twse,90.60,96.30,87.30,94.20,4044886,368644223,0.4,,,3741,
2025-11-13,3032,偉訓,twse,95.70,97.80,90.40,90.50,2571242,238761024,-3.7,,,3759,
2025-11-14,3032,偉訓,twse,89.90,91.40,89.10,90.70,1044774,94511932,0.2,,,1449,
2025-11-17,3032,偉訓,twse,91.50,94.70,90.60,93.50,1370514,127924559,2.8,,,1513,
2025-11-18,3032,偉訓,twse,92.50,93.10,85.20,87.90,2670729,236957476,-5.6,,,3642,
2025-11-19,3032,偉訓,twse,87.90,88.00,83.70,84.50,1502468,128030250,-3.4,,,1538,
2025-11-20,3032,偉訓,twse,86.80,88.90,85.20,88.40,1397292,121966011,3.9,,,1833,
2025-11-21,3032,偉訓,twse,85.20,87.30,83.30,83.50,1431429,121708670,-4.9,,,1925,
2025-11-24,3032,偉訓,twse,84.80,85.60,83.20,83.70,626858,52640887,0.2,,,555,
2025-11-25,3032,偉訓,twse,84.20,85.30,82.00,82.00,1283317,106702203,-1.7,,,1589,
2025-11-26,3032,偉訓,twse,82.80,85.50,82.80,84.30,954492,80553412,2.3,,,850,
2025-11-27,3032,偉訓,twse,85.10,85.10,83.30,83.90,547729,45938377,-0.4,,,906,
2025-11-28,3032,偉訓,twse,84.40,84.40,82.70,82.80,724059,60200033,-1.1,,,686,
2025-12-01,3032,偉訓,twse,83.50,84.40,81.80,82.20,776152,64299280,-0.6,,,662,
2025-12-02,3032,偉訓,twse,82.30,83.00,81.50,81.50,379307,31133914,-0.7,,,385,
2025-12-03,3032,偉訓,twse,81.80,82.60,81.50,81.60,339053,27773528,0.1,,,337,
2025-12-04,3032,偉訓,twse,81.60,82.90,81.40,81.50,510872,41804547,-0.1,,,436,
2025-12-05,3032,偉訓,twse,82.10,82.40,80.10,80.10,657034,53178210,-1.4,,,731,
2025-12-08,3032,偉訓,twse,80.80,83.20,80.30,81.90,684117,55953062,1.8,,,592,
2025-12-09,3032,偉訓,twse,82.60,82.60,79.30,79.30,917143,73644657,-2.6,,,1008,
2025-12-10,3032,偉訓,twse,80.80,82.60,80.50,80.50,1063299,86498299,1.2,,,862,
2025-12-11,3032,偉訓,twse,81.20,81.80,79.30,79.30,735135,58791551,-1.2,,,738,
2025-12-12,3032,偉訓,twse,79.50,80.40,78.50,78.80,495750,39304873,-0.5,,,529,
2025-12-15,3032,偉訓,twse,78.20,79.00,77.60,78.40,454751,35635044,-0.4,,,501,
2025-12-16,3032,偉訓,twse,78.90,78.90,75.70,77.00,794696,61235726,-1.4,,,768,
2025-12-17,3032,偉訓,twse,76.70,78.30,76.70,77.70,334410,25959200,0.7,,,317,
2025-12-18,3032,偉訓,twse,77.70,77.70,75.30,75.60,850004,64577054,-2.1,,,841,
2025-12-19,3032,偉訓,twse,76.00,77.00,75.60,76.80,482219,36858590,1.2,,,370,
2025-12-22,3032,偉訓,twse,77.00,78.10,77.00,78.00,331893,25763636,1.2,,,391,
2025-12-23,3032,偉訓,twse,78.00,79.10,77.20,77.20,514227,40071355,-0.8,,,456,
2025-12-24,3032,偉訓,twse,77.30,78.50,77.10,77.60,354721,27513837,0.4,,,436,
2025-12-26,3032,偉訓,twse,78.40,78.40,76.90,77.40,368487,28509169,-0.2,,,370,
2025-12-29,3032,偉訓,twse,77.30,78.70,76.70,77.40,487620,37852274,0.0,,,383,
2025-12-30,3032,偉訓,twse,78.30,79.80,76.90,77.80,770845,59953158,0.4,,,754,
2025-12-31,3032,偉訓,twse,77.80,78.50,77.00,77.30,435069,33785271,-0.5,,,381,
2026-01-02,3032,偉訓,twse,77.40,79.50,77.10,77.90,558392,43711128,0.6,,,476,
2026-01-05,3032,偉訓,twse,78.10,78.40,74.70,75.30,916931,69407471,-2.6,,,1040,
2026-01-06,3032,偉訓,twse,75.30,76.30,75.10,75.80,327760,24763888,0.5,,,408,
2026-01-07,3032,偉訓,twse,75.70,78.20,74.90,76.70,783231,59712894,0.9,,,634,
2026-01-08,3032,偉訓,twse,76.70,76.80,74.60,74.60,567758,42730953,-2.1,,,707,
2026-01-09,3032,偉訓,twse,74.90,75.70,73.50,74.40,359467,26819631,-0.2,,,381,
2026-01-12,3032,偉訓,twse,74.50,75.80,73.90,74.00,468327,34895887,-0.4,,,518,
2026-01-13,3032,偉訓,twse,74.00,74.10,71.20,71.30,1128296,81551532,-2.7,,,1198,
2026-01-14,3032,偉訓,twse,72.00,74.10,72.00,73.50,634566,46581478,2.2,,,588,
2026-01-15,3032,偉訓,twse,73.50,73.50,72.10,72.90,369914,26916072,-0.6,,,447,
2026-01-16,3032,偉訓,twse,73.70,74.10,72.50,72.80,462944,33830375,-0.1,,,447,
2026-01-19,3032,偉訓,twse,73.20,74.50,72.50,73.00,512721,37665095,0.2,,,514,
2026-01-20,3032,偉訓,twse,73.50,74.20,72.60,74.00,536741,39611695,1.0,,,562,
2026-01-21,3032,偉訓,twse,73.70,74.60,72.10,72.10,654870,47827788,-1.9,,,578,
2026-01-22,3032,偉訓,twse,72.40,73.10,71.70,72.60,703496,50892150,0.5,,,966,
2026-01-23,3032,偉訓,twse,73.00,74.60,71.60,72.00,741059,53833867,-0.6,,,753,
2026-01-26,3032,偉訓,twse,72.00,76.00,72.00,75.90,1186616,88163021,3.9,,,933,
2026-01-27,3032,偉訓,twse,75.90,75.90,73.00,73.60,1365006,101020060,-2.3,,,975,
2026-01-28,3032,偉訓,twse,74.20,74.50,72.90,73.00,711702,52160851,-0.6,,,586,
2026-01-29,3032,偉訓,twse,73.20,74.00,72.00,72.20,646443,46872779,-0.8,,,502,
2026-01-30,3032,偉訓,twse,72.20,73.30,71.60,72.70,648220,46822875,0.5,,,511,
2026-02-02,3032,偉訓,twse,71.90,72.80,71.30,71.80,634894,45601209,-0.9,,,627,
2026-02-03,3032,偉訓,twse,73.00,74.40,71.50,73.70,730608,53555539,1.9,,,603,
2026-02-04,3032,偉訓,twse,73.20,75.00,73.20,75.00,536944,39963458,1.3,,,511,
2026-02-05,3032,偉訓,twse,74.60,76.30,74.20,74.30,625393,46897977,-0.7,,,540,
2026-02-06,3032,偉訓,twse,74.50,74.50,71.70,73.10,559640,40663434,-1.2,,,522,
2026-02-09,3032,偉訓,twse,74.80,75.10,72.40,72.60,507933,37368750,-0.5,,,548,
2026-02-10,3032,偉訓,twse,73.00,73.30,71.70,73.00,287013,20812586,0.4,,,311,
2026-02-11,3032,偉訓,twse,74.40,74.70,73.30,73.70,612995,45418376,0.7,,,581,
2026-02-23,3032,偉訓,twse,74.00,74.00,70.50,73.00,1034323,74886801,-0.7,,,1280,
2026-02-24,3032,偉訓,twse,72.20,75.80,72.20,75.30,917919,68545190,2.3,,,832,
2026-02-25,3032,偉訓,twse,75.30,75.50,72.20,72.40,1012412,73974022,-2.9,,,1595,
2026-02-26,3032,偉訓,twse,72.50,73.00,71.20,72.20,661298,47713258,-0.2,,,657,
2026-03-02,3032,偉訓,twse,71.00,71.70,70.40,70.50,1088564,77215727,-1.7,,,1140,
2026-03-03,3032,偉訓,twse,70.70,71.00,68.20,68.20,1094366,75642440,-2.3,,,1073,
2026-03-04,3032,偉訓,twse,66.40,66.70,63.40,63.40,1121196,72523456,-4.8,,,1057,
2026-03-05,3032,偉訓,twse,65.30,67.10,65.30,66.70,527521,34982749,3.3,,,515,
2026-03-06,3032,偉訓,twse,67.40,68.00,66.50,67.70,347546,23460353,1.0,,,324,
2026-03-09,3032,偉訓,twse,63.50,64.80,62.50,63.50,654891,41694861,-4.2,,,668,
2026-03-10,3032,偉訓,twse,64.40,65.30,63.40,63.90,304423,19522067,0.4,,,375,
2026-03-11,3032,偉訓,twse,63.90,64.60,63.40,63.40,800209,50993451,-0.5,,,801,
2026-03-12,3032,偉訓,twse,62.90,63.20,60.50,61.90,1785618,110066937,-1.5,,,1397,
2026-03-13,3032,偉訓,twse,60.60,68.00,59.90,68.00,2114410,138320510,6.1,,,1414,
2026-03-16,3032,偉訓,twse,69.90,69.90,62.80,64.00,2467361,160003372,-4.0,,,2045,
2026-03-17,3032,偉訓,twse,65.00,66.10,64.10,65.80,811064,52875214,1.8,,,712,
2026-03-18,3032,偉訓,twse,66.90,66.90,65.10,66.20,627876,41488248,0.4,,,550,
2026-03-19,3032,偉訓,twse,66.00,66.50,64.50,64.50,480238,31410201,-1.7,,,543,
2026-03-20,3032,偉訓,twse,66.00,67.00,64.50,65.20,675020,44343766,0.7,,,609,
2026-03-23,3032,偉訓,twse,64.50,68.50,62.80,64.50,912265,60574406,-0.7,,,998,
2026-03-24,3032,偉訓,twse,65.40,65.40,62.50,63.50,476352,30363123,-1.0,,,544,
2026-03-25,3032,偉訓,twse,64.40,65.70,64.30,65.20,290431,18896155,1.7,,,330,
2026-03-26,3032,偉訓,twse,66.00,66.40,64.90,65.40,280732,18393517,0.2,,,282,
2026-03-27,3032,偉訓,twse,65.00,66.10,64.00,65.70,285819,18570598,0.3,,,263,
2026-03-30,3032,偉訓,twse,64.60,65.10,62.40,64.00,460971,29356342,-1.7,,,761,
2026-03-31,3032,偉訓,twse,64.20,64.30,62.00,62.00,402690,25287660,-2.0,,,411,
2026-04-01,3032,偉訓,twse,63.90,64.40,63.10,63.30,308721,19546312,1.3,,,401,
2026-04-02,3032,偉訓,twse,63.50,64.00,61.10,61.10,527292,32622916,-2.2,,,735,
2026-04-07,3032,偉訓,twse,61.40,62.40,61.10,61.80,221841,13700385,0.7,,,499,
2026-04-08,3032,偉訓,twse,62.90,63.80,62.50,63.80,232559,14735936,2.0,,,396,
2026-04-09,3032,偉訓,twse,64.30,64.30,62.70,62.80,369515,23342936,-1.0,,,532,
2026-04-10,3032,偉訓,twse,63.80,64.50,62.90,64.20,488962,31225562,1.4,,,573,
2026-04-13,3032,偉訓,twse,63.90,63.90,61.40,61.70,604801,37581306,-2.5,,,1022,
2026-04-14,3032,偉訓,twse,62.20,62.50,61.20,61.30,637831,39316499,-0.4,,,635,
2026-04-15,3032,偉訓,twse,60.90,61.70,60.40,60.40,843031,51314735,-0.9,,,862,
2026-04-16,3032,偉訓,twse,61.00,62.70,61.00,62.70,594428,37019580,2.3,,,621,
2026-04-17,3032,偉訓,twse,62.70,63.20,61.60,61.80,354260,22089787,-0.9,,,634,
2026-04-20,3032,偉訓,twse,62.50,62.50,60.90,61.10,565006,34815085,-0.7,,,1314,
2026-04-21,3032,偉訓,twse,61.30,63.80,61.30,63.40,622220,39003907,2.3,,,973,
2026-04-22,3032,偉訓,twse,63.80,65.30,62.20,64.20,528298,33812419,0.8,,,1305,
2026-04-23,3032,偉訓,twse,65.50,65.50,62.50,64.30,876724,55841186,0.1,,,1160,
2026-04-24,3032,偉訓,twse,65.00,65.60,62.50,64.20,586425,37485399,-0.1,,,856,
2026-04-27,3032,偉訓,twse,64.10,64.70,62.50,63.30,618559,39249018,-0.9,,,517,
2026-04-28,3032,偉訓,twse,63.10,63.40,62.70,62.80,392710,24700576,-0.5,,,302,
2026-04-29,3032,偉訓,twse,63.60,63.80,62.10,62.20,318049,19917383,-0.6,,,479,
2026-04-30,3032,偉訓,twse,62.20,65.10,61.70,64.00,803247,51613562,1.8,,,657,
2026-05-04,3032,偉訓,twse,64.90,65.00,63.60,63.60,663629,42661885,-0.4,,,595,
2026-05-05,3032,偉訓,twse,63.10,67.00,63.10,66.00,1139063,74533655,2.4,,,860,
2026-05-06,3032,偉訓,twse,66.70,67.70,65.40,66.50,899907,59697053,0.5,,,708,
2026-05-07,3032,偉訓,twse,66.60,73.00,66.40,71.70,2851493,200602986,5.2,,,2959,
2026-05-08,3032,偉訓,twse,71.60,72.30,68.00,70.70,2347838,165945967,-1.0,,,2734,
2026-05-11,3032,偉訓,twse,71.00,77.70,70.70,77.70,4040512,306866276,7.0,,,2606,
2026-05-12,3032,偉訓,twse,78.00,81.20,77.10,78.70,4301247,341203870,1.0,,,3253,
2026-05-13,3032,偉訓,twse,78.70,84.00,77.00,82.50,3635000,295080012,3.8,,,3004,
2026-05-14,3032,偉訓,twse,80.00,83.00,78.80,80.10,3087535,248749853,-2.4,,,2339,
2026-05-15,3032,偉訓,twse,80.10,83.90,80.10,80.40,2522098,206204710,0.3,,,1695,
2026-05-18,3032,偉訓,twse,80.10,81.80,78.30,78.50,2387552,189737432,-1.9,,,1769,
2026-05-19,3032,偉訓,twse,78.50,80.40,76.60,77.60,1295183,101253779,-0.9,,,1082,
2026-05-20,3032,偉訓,twse,77.50,78.30,75.50,76.00,780359,60072402,-1.6,,,916,
2026-05-21,3032,偉訓,twse,77.00,79.50,76.40,79.30,1000886,78387517,3.3,,,796,
2026-05-22,3032,偉訓,twse,80.00,87.20,79.60,87.20,5603321,470021083,7.9,,,4126,
2026-05-25,3032,偉訓,twse,91.30,92.90,88.60,91.00,6343821,573796763,3.8,,,4746,
2026-05-26,3032,偉訓,twse,91.00,92.40,89.50,90.00,2479750,224267598,-1.0,,,3008,
2026-05-27,3032,偉訓,twse,91.50,92.50,89.30,90.60,2768959,251434641,0.6,,,2103,
2026-05-28,3032,偉訓,twse,90.60,93.60,88.50,90.30,2910710,263817635,-0.3,,,2235,
2026-05-29,3032,偉訓,twse,91.00,91.60,89.70,90.50,1292771,116799279,0.2,,,1147,
2026-06-01,3032,偉訓,twse,91.10,92.40,90.30,91.00,1755295,160096323,0.5,,,1369,
2026-06-02,3032,偉訓,twse,91.50,92.80,86.40,88.00,2840128,252026509,-3.0,,,2399,
2026-06-03,3032,偉訓,twse,88.50,96.20,88.40,92.10,3347903,309396802,4.1,,,2664,
2026-06-04,3032,偉訓,twse,92.00,92.30,89.40,90.00,1395957,126237105,-2.1,,,1203,
2026-06-05,3032,偉訓,twse,89.80,89.90,87.30,87.60,1060028,93452891,-2.4,,,1033,
2026-06-08,3032,偉訓,twse,78.90,90.70,78.90,89.90,2152222,183613048,2.3,,,1840,
2026-06-09,3032,偉訓,twse,91.60,92.60,90.30,90.40,1705749,155713117,0.5,,,1463,
2026-06-10,3032,偉訓,twse,89.00,90.40,84.10,84.50,1498414,130692996,-5.9,,,1443,
2026-06-11,3032,偉訓,twse,85.50,85.70,79.60,82.10,1427017,117236263,-2.4,,,1206,
2026-06-12,3032,偉訓,twse,84.00,85.20,81.40,82.20,1097372,90909108,0.1,,,890,
2026-06-15,3032,偉訓,twse,84.10,89.50,83.80,85.50,1364312,117766814,3.3,,,1136,
2026-06-16,3032,偉訓,twse,85.50,86.10,83.60,84.00,786173,66692819,-1.5,,,640,
2026-06-17,3032,偉訓,twse,84.00,84.90,83.30,84.60,513277,43273254,0.6,,,503,
2026-06-18,3032,偉訓,twse,85.60,86.30,84.60,85.90,589687,50509817,1.3,,,552,
2026-06-22,3032,偉訓,twse,86.70,86.70,85.00,85.00,832832,71321235,-0.9,,,742,
2026-06-23,3032,偉訓,twse,84.40,84.90,81.00,81.70,1007772,83357161,-3.3,,,1272,
2026-06-24,3032,偉訓,twse,81.00,82.40,80.00,81.70,800197,64973081,0.0,,,758,
2026-06-25,3032,偉訓,twse,82.00,82.00,80.10,80.10,489451,39467044,-1.6,,,541,
2026-06-26,3032,偉訓,twse,80.00,80.00,74.80,75.30,1502564,115937996,-4.8,,,1310,
2026-06-29,3032,偉訓,twse,75.60,78.20,75.20,77.20,528627,40760475,1.9,,,479,
2026-06-30,3032,偉訓,twse,77.70,79.30,77.50,78.40,378028,29637383,1.2,,,475,
2026-07-01,3032,偉訓,twse,80.00,83.80,79.30,79.50,863553,70535337,1.1,,,1040,
2026-07-02,3032,偉訓,twse,80.00,80.00,78.60,78.70,405829,32053960,-0.8,,,398,
2026-07-03,3032,偉訓,twse,78.70,80.00,78.30,79.00,237676,18816809,0.3,,,341,
2026-07-06,3032,偉訓,twse,80.80,82.00,79.30,79.40,384595,30906055,0.4,,,375,
2026-07-07,3032,偉訓,twse,80.10,80.20,76.00,76.50,433398,33753795,-2.9,,,502,
2026-07-08,3032,偉訓,twse,76.80,77.50,75.00,75.80,367627,27905839,-0.7,,,381,
2026-07-09,3032,偉訓,twse,76.10,82.00,75.40,81.40,989183,78841927,5.6,,,778,
2026-07-13,3032,偉訓,twse,81.40,82.00,79.00,79.90,564692,45300870,-1.5,,,522,
2026-07-14,3032,偉訓,twse,79.30,82.00,76.90,80.40,862537,68471018,0.5,,,897,
2026-07-15,3032,偉訓,twse,81.00,83.10,80.40,82.80,748350,61432518,2.4,,,607,
2026-07-16,3032,偉訓,twse,82.30,84.00,79.60,79.60,669881,54765863,-3.2,,,570,
2026-07-17,3032,偉訓,twse,79.00,79.30,75.80,76.10,757531,58263322,-3.5,,,669,
2026-07-20,3032,偉訓,twse,76.90,77.60,74.00,76.20,419099,31638372,0.1,,,431,
2026-07-21,3032,偉訓,twse,76.70,78.80,76.70,78.60,179012,13921311,2.4,,,200,
2026-07-22,3032,偉訓,twse,79.70,80.90,78.80,78.80,276062,22018539,0.2,,,388,
2026-07-23,3032,偉訓,twse,79.30,80.20,77.80,79.00,220047,17356428,0.2,,,407,
2026-07-24,3032,偉訓,twse,79.00,79.00,77.10,77.50,244892,19063962,-1.5,,,415,
2026-07-27,3032,偉訓,twse,78.60,84.70,77.50,81.90,1391089,113777926,4.4,,,1524,
2026-07-28,3032,偉訓,twse,81.00,81.30,78.10,78.70,578302,45872182,-3.2,,,1237,
2026-07-29,3032,偉訓,twse,78.70,79.20,72.20,73.90,1003832,75499396,-4.8,,,2282,
2026-07-30,3032,偉訓,twse,73.90,75.00,71.90,71.90,683384,49901077,-2.0,,,1156,
2026-07-31,3032,偉訓,twse,74.00,78.70,74.00,78.20,567071,43890279,6.3,,,500,
2026-08-03,3032,偉訓,twse,78.20,80.60,77.90,79.00,339180,26899791,0.8,,,356,
2026-08-04,3032,偉訓,twse,78.90,80.40,78.90,79.20,290747,23123143,0.2,,,262,
2026-08-05,3032,偉訓,twse,83.80,87.10,83.80,87.10,2465806,214247305,7.9,,,1545,
2026-08-06,3032,偉訓,twse,86.80,88.10,84.00,84.40,1704698,146544128,-2.7,,,3248,
2026-08-07,3032,偉訓,twse,84.40,84.70,81.70,82.20,545229,45328363,-2.2,,,638,
2026-08-10,3032,偉訓,twse,83.00,83.00,81.10,81.30,456150,37210179,-0.9,,,481,
2026-08-11,3032,偉訓,twse,80.00,80.50,78.10,78.60,480307,37978758,-2.7,,,480,
2026-08-12,3032,偉訓,twse,79.90,83.20,79.50,81.50,600757,49029898,2.9,,,529,
2026-08-13,3032,偉訓,twse,81.50,82.80,78.80,80.90,765100,61265832,-0.6,,,656,
2026-08-14,3032,偉訓,twse,80.90,81.90,79.60,80.90,475730,38461957,0.0,,,449,
2026-08-17,3032,偉訓,twse,83.70,87.60,81.50,82.40,1421404,118978341,1.5,,,1437,
2026-08-18,3032,偉訓,twse,82.30,82.30,79.40,79.60,526954,42200354,-2.8,,,657,
2026-08-19,3032,偉訓,twse,78.50,79.30,77.60,77.90,430219,33649695,-1.7,,,458,
2026-08-20,3032,偉訓,twse,78.20,78.80,77.20,78.00,298851,23232503,0.1,,,258,
2026-08-21,3032,偉訓,twse,78.30,80.10,77.40,80.00,292465,23022643,2.0,,,260,
2026-08-24,3032,偉訓,twse,79.70,80.50,79.50,79.50,126232,10062634,-0.5,,,276,
2026-08-25,3032,偉訓,twse,78.50,80.90,78.00,79.60,265780,20989611,0.1,,,352,
2026-08-26,3032,偉訓,twse,79.20,80.50,78.90,79.70,214713,17108515,0.1,,,475,
2026-08-27,3032,偉訓,twse,79.70,80.50,79.30,79.70,224551,17951849,0.0,,,423,
2026-08-28,3032,偉訓,twse,79.90,80.40,79.60,79.80,231872,18535167,0.1,,,351,
2026-08-31,3032,偉訓,twse,79.80,81.30,78.60,81.20,399895,32154070,1.4,,,396,
2026-09-01,3032,偉訓,twse,82.50,83.80,81.40,81.60,748995,61818194,0.4,,,984,
2026-09-02,3032,偉訓,twse,80.90,81.60,80.20,80.50,209632,16934107,-1.1,,,411,
2026-09-03,3032,偉訓,twse,80.60,81.10,78.60,78.80,356102,28311980,-1.7,,,327,
2026-09-04,3032,偉訓,twse,79.80,79.80,78.50,78.80,267320,21107734,0.0,,,232,
