date,stock_id,name,market,open,high,low,close,volume,amount,change,limit,shares,transactions,price_basis,last_price,valid_bar
2015-01-05,3698,隆達,twse,30.95,31.65,30.85,30.85,4928606,153395873,-0.1,,622830042,2244,,,1
2015-01-06,3698,隆達,twse,30.55,30.80,29.80,30.00,3821404,115403524,-0.85,,622830042,1723,,,1
2015-01-07,3698,隆達,twse,30.00,30.80,29.80,30.75,3334164,101192565,0.75,,622830042,1653,,,1
2015-01-08,3698,隆達,twse,31.00,31.20,30.70,30.90,3929124,121606561,0.15,,622830042,1612,,,1
2015-01-09,3698,隆達,twse,31.20,31.30,30.30,31.00,3128018,96186608,0.1,,622830042,1465,,,1
2015-01-12,3698,隆達,twse,31.00,31.00,30.55,30.70,1802980,55415083,-0.3,,622830042,912,,,1
2015-01-13,3698,隆達,twse,30.70,30.80,30.25,30.30,2323376,70831988,-0.4,,622830042,1144,,,1
2015-01-14,3698,隆達,twse,30.60,30.75,30.35,30.55,2040016,62289434,0.25,,622830042,1261,,,1
2015-01-15,3698,隆達,twse,30.60,31.45,30.55,31.00,6087670,189063420,0.45,,622830042,1947,,,1
2015-01-16,3698,隆達,twse,31.30,31.30,30.20,30.20,4071513,124181838,-0.8,,622830042,1642,,,1
2015-01-19,3698,隆達,twse,30.70,30.75,29.60,29.60,3073113,92375100,-0.6,,622830042,1638,,,1
2015-01-20,3698,隆達,twse,30.00,30.50,29.80,30.50,3057695,92580074,0.9,,622830042,1528,,,1
2015-01-21,3698,隆達,twse,30.80,32.00,30.70,31.45,10428170,328263784,0.95,,622830042,4271,,,1
2015-01-22,3698,隆達,twse,31.65,31.75,30.85,30.95,5136348,160441988,-0.5,,622830042,1909,,,1
2015-01-23,3698,隆達,twse,31.45,31.55,30.70,30.80,3711001,115372227,-0.15,,622830042,1491,,,1
2015-01-26,3698,隆達,twse,31.00,31.30,30.65,30.90,3179139,98552922,0.1,,622830042,1111,,,1
2015-01-27,3698,隆達,twse,31.20,31.25,30.75,30.80,1478536,45709849,-0.1,,622830042,707,,,1
2015-01-28,3698,隆達,twse,30.80,31.05,30.65,30.70,1258669,38771621,-0.1,,622830042,666,,,1
2015-01-29,3698,隆達,twse,30.70,30.80,30.30,30.30,1521095,46351330,-0.4,,622830042,754,,,1
2015-01-30,3698,隆達,twse,30.55,30.60,30.10,30.30,1412602,42758248,0.0,,622830042,547,,,1
2015-02-02,3698,隆達,twse,30.10,30.30,29.85,29.85,1708972,51143011,-0.45,,622830042,971,,,1
2015-02-03,3698,隆達,twse,29.95,30.15,29.25,29.95,4147328,123123172,0.1,,622830042,1368,,,1
2015-02-04,3698,隆達,twse,30.45,30.45,29.50,29.95,2810374,83831679,0.0,,622830042,1027,,,1
2015-02-05,3698,隆達,twse,30.00,30.20,29.70,30.00,1762981,52898679,0.05,,622830042,667,,,1
2015-02-06,3698,隆達,twse,30.30,30.50,30.05,30.50,3193061,96766408,0.5,,622830042,1512,,,1
2015-02-09,3698,隆達,twse,30.50,31.20,30.35,30.95,5568502,172414331,0.45,,622830042,2049,,,1
2015-02-10,3698,隆達,twse,31.00,31.15,30.70,30.70,2463519,76074099,-0.25,,622830042,1097,,,1
2015-02-11,3698,隆達,twse,30.75,31.05,30.70,30.70,1831175,56523821,0.0,,622830042,727,,,1
2015-02-12,3698,隆達,twse,30.95,31.10,30.85,30.95,3555602,110198338,0.25,,622830042,1250,,,1
2015-02-13,3698,隆達,twse,30.85,31.15,30.80,30.80,1462150,45231711,-0.15,,622830042,565,,,1
2015-02-24,3698,隆達,twse,31.30,31.50,30.90,30.95,8119434,253911255,0.15,,622830042,2137,,,1
2015-02-25,3698,隆達,twse,31.05,31.35,30.80,31.20,3525616,109860931,0.25,,622830042,1234,,,1
2015-02-26,3698,隆達,twse,31.10,31.85,31.05,31.70,4105123,129669242,0.5,,622830042,1828,,,1
2015-03-02,3698,隆達,twse,31.70,31.80,31.30,31.35,2876600,90700658,-0.35,,622830042,1183,,,1
2015-03-03,3698,隆達,twse,31.35,31.35,30.75,30.80,3836446,118582286,-0.55,,622830042,1428,,,1
2015-03-04,3698,隆達,twse,30.85,31.20,30.75,30.80,2369000,73263099,0.0,,622830042,1092,,,1
2015-03-05,3698,隆達,twse,30.80,30.95,30.55,30.80,1279247,39354529,0.0,,622830042,687,,,1
2015-03-06,3698,隆達,twse,30.90,31.15,30.80,31.10,2584078,80040718,0.3,,622830042,816,,,1
2015-03-09,3698,隆達,twse,31.10,31.60,31.05,31.60,4659173,146011482,0.5,,622830042,2064,,,1
2015-03-10,3698,隆達,twse,31.85,31.85,31.20,31.30,2465327,77596668,-0.3,,622830042,962,,,1
2015-03-11,3698,隆達,twse,31.00,31.60,30.95,31.00,2900458,90425046,-0.3,,622830042,1208,,,1
2015-03-12,3698,隆達,twse,31.45,31.60,31.00,31.60,5463933,171724238,0.6,,622830042,2063,,,1
2015-03-13,3698,隆達,twse,31.90,33.15,31.80,32.60,15675533,512364737,1.0,,622830042,5771,,,1
2015-03-16,3698,隆達,twse,32.95,33.25,32.45,32.75,7352350,241875542,0.15,,622830042,2928,,,1
2015-03-17,3698,隆達,twse,33.05,33.10,32.15,32.65,5554415,180661884,-0.1,,622830042,2045,,,1
2015-03-18,3698,隆達,twse,32.70,32.75,31.85,32.10,4377830,141064235,-0.55,,622830042,1968,,,1
2015-03-19,3698,隆達,twse,32.10,32.75,31.80,31.85,4755196,152785385,-0.25,,622830042,1952,,,1
2015-03-20,3698,隆達,twse,31.85,32.55,31.65,32.30,6648930,213812593,0.45,,622830042,2441,,,1
2015-03-23,3698,隆達,twse,32.50,32.65,31.80,31.80,4661071,149902702,-0.5,,622830042,2281,,,1
2015-03-24,3698,隆達,twse,31.80,32.10,30.60,30.80,5669585,175987320,-1.0,,622830042,2274,,,1
2015-03-25,3698,隆達,twse,30.80,30.80,29.40,29.65,7768196,233070119,-1.15,,622826549,3228,,,1
2015-03-26,3698,隆達,twse,28.85,29.15,28.55,28.85,8387093,241220883,-0.8,,622826549,3348,,,1
2015-03-27,3698,隆達,twse,29.00,29.25,28.60,28.85,3698708,106721584,0.0,,622826549,1683,,,1
2015-03-30,3698,隆達,twse,29.15,29.15,27.90,28.20,3562530,100528547,-0.65,,622826549,1571,,,1
2015-03-31,3698,隆達,twse,28.60,28.65,27.95,28.20,3215130,90620314,0.0,,622826549,1177,,,1
2015-04-01,3698,隆達,twse,28.15,28.25,26.70,27.00,8251681,225753006,-1.2,,622826549,3259,,,1
2015-04-02,3698,隆達,twse,27.10,27.60,26.90,27.00,5179306,140765742,0.0,,622826549,2191,,,1
2015-04-07,3698,隆達,twse,27.15,28.35,27.05,28.25,7030581,196404461,1.25,,622826549,2806,,,1
2015-04-08,3698,隆達,twse,28.30,28.60,27.25,27.50,8938590,249553743,-0.75,,622826549,2996,,,1
2015-04-09,3698,隆達,twse,27.45,27.65,27.30,27.40,2546834,69931449,-0.1,,622826549,1432,,,1
2015-04-10,3698,隆達,twse,27.60,27.60,27.25,27.30,1460732,39961833,-0.1,,622826549,752,,,1
2015-04-13,3698,隆達,twse,27.30,27.45,26.35,26.60,5694965,152052961,-0.7,,622826549,2507,,,1
2015-04-14,3698,隆達,twse,26.55,26.95,26.50,26.95,3687645,98705876,0.35,,622826549,2087,,,1
2015-04-15,3698,隆達,twse,26.95,27.10,26.70,26.70,2597402,69840762,-0.25,,622826549,1264,,,1
2015-04-16,3698,隆達,twse,26.90,27.25,26.80,27.10,2367799,64120060,0.4,,622826549,1303,,,1
2015-04-17,3698,隆達,twse,27.60,27.60,26.80,26.90,3185389,86434372,-0.2,,622826549,1470,,,1
2015-04-20,3698,隆達,twse,26.90,26.90,26.60,26.85,1490288,39881047,-0.05,,622826549,778,,,1
2015-04-21,3698,隆達,twse,26.95,27.15,26.70,26.80,1394838,37494426,-0.05,,622826549,764,,,1
2015-04-22,3698,隆達,twse,26.80,27.00,26.55,26.90,1514662,40486004,0.1,,622826549,749,,,1
2015-04-23,3698,隆達,twse,27.00,27.40,26.95,27.40,3178787,86664171,0.5,,622826549,1806,,,1
2015-04-24,3698,隆達,twse,27.45,27.65,27.30,27.60,2489919,68462221,0.2,,622826549,1292,,,1
2015-04-27,3698,隆達,twse,27.80,27.90,27.50,27.70,2467413,68290675,0.1,,622826549,1227,,,1
2015-04-28,3698,隆達,twse,27.70,27.75,27.35,27.40,1550562,42651995,-0.3,,622826549,771,,,1
2015-04-29,3698,隆達,twse,27.40,27.60,27.15,27.40,1325180,36208231,0.0,,622826549,786,,,1
2015-04-30,3698,隆達,twse,27.45,28.65,27.45,27.80,10736611,303043603,0.4,,622826549,3842,,,1
2015-05-04,3698,隆達,twse,28.00,28.15,27.45,27.50,3474190,96090122,-0.3,,622826549,1132,,,1
2015-05-05,3698,隆達,twse,27.80,27.85,27.60,27.70,1957133,54281982,0.2,,622826549,970,,,1
2015-05-06,3698,隆達,twse,27.50,28.40,27.40,28.25,6184853,173784874,0.55,,623162030,2328,,,1
2015-05-07,3698,隆達,twse,28.25,28.35,28.00,28.00,2855214,80465769,-0.25,,623162030,1527,,,1
2015-05-08,3698,隆達,twse,28.30,28.35,27.40,27.50,2526690,70083847,-0.5,,623162030,1142,,,1
2015-05-11,3698,隆達,twse,28.00,28.00,25.60,26.10,5101314,134219872,-1.4,,623162030,2205,,,1
2015-05-12,3698,隆達,twse,26.10,26.60,25.70,26.60,1856503,48562378,0.5,,623162030,1025,,,1
2015-05-13,3698,隆達,twse,26.70,26.75,26.45,26.65,1304032,34690251,0.05,,623162030,718,,,1
2015-05-14,3698,隆達,twse,27.70,27.80,27.00,27.00,3307680,90591243,0.35,,623162030,1701,,,1
2015-05-15,3698,隆達,twse,27.60,27.60,26.50,26.50,2640127,70860176,-0.5,,623162030,1407,,,1
2015-05-18,3698,隆達,twse,26.00,26.35,25.65,25.65,2488353,64396568,-0.85,,623162030,1261,,,1
2015-05-19,3698,隆達,twse,25.90,26.15,25.65,25.80,3749405,96709526,0.15,,623162030,1467,,,1
2015-05-20,3698,隆達,twse,25.65,25.70,25.00,25.60,3318150,84432939,-0.2,,623162030,1444,,,1
2015-05-21,3698,隆達,twse,25.30,25.55,25.10,25.10,1955275,49445840,-0.5,,623162030,759,,,1
2015-05-22,3698,隆達,twse,25.10,25.85,25.10,25.75,2005868,51443555,0.65,,623162030,1126,,,1
2015-05-25,3698,隆達,twse,25.75,25.75,25.40,25.45,1800055,45886146,-0.3,,623162030,794,,,1
2015-05-26,3698,隆達,twse,25.30,25.55,25.10,25.25,2456852,62081069,-0.2,,623162030,1057,,,1
2015-05-27,3698,隆達,twse,25.25,25.85,24.90,25.80,5421084,136852414,0.55,,623162030,2202,,,1
2015-05-28,3698,隆達,twse,25.80,25.95,25.60,25.80,2348500,60424700,0.0,,623162030,1026,,,1
2015-05-29,3698,隆達,twse,26.20,26.45,26.10,26.10,4341200,113997200,0.3,,623109530,1854,,,1
2015-06-01,3698,隆達,twse,26.40,26.40,25.65,25.85,3387025,87587196,-0.25,,623109530,1497,,,1
2015-06-02,3698,隆達,twse,25.85,26.25,25.80,25.85,2295900,59669262,0.0,,623109530,1248,,,1
2015-06-03,3698,隆達,twse,25.85,26.05,25.70,25.75,1244206,32115923,-0.1,,623109530,584,,,1
2015-06-04,3698,隆達,twse,25.70,25.95,25.00,25.00,2709047,68506935,-0.75,,623109530,1250,,,1
2015-06-05,3698,隆達,twse,24.90,24.90,23.75,24.00,6020496,145584904,-1.0,,623109530,2492,,,1
2015-06-08,3698,隆達,twse,24.00,24.35,23.70,24.05,3693042,88824957,0.05,,623109530,2373,,,1
2015-06-09,3698,隆達,twse,24.00,24.05,21.65,21.65,11233354,249584710,-2.4,,623109530,3730,,,1
2015-06-10,3698,隆達,twse,21.00,21.85,21.00,21.35,6301514,134314350,-0.3,,623109530,2948,,,1
2015-06-11,3698,隆達,twse,21.50,21.75,21.30,21.30,2651200,57029619,-0.05,,623109530,1367,,,1
2015-06-12,3698,隆達,twse,21.30,21.40,20.35,20.65,5955710,123449531,-0.65,,623109530,2631,,,1
2015-06-15,3698,隆達,twse,20.65,21.20,20.50,21.15,2588702,54436210,0.5,,623109530,1340,,,1
2015-06-16,3698,隆達,twse,21.20,21.35,20.75,20.85,1492500,31248000,-0.3,,623109530,826,,,1
2015-06-17,3698,隆達,twse,21.00,21.60,21.00,21.25,3999205,85371955,0.4,,623109530,2052,,,1
2015-06-18,3698,隆達,twse,21.50,21.70,21.30,21.60,3366008,72650871,0.35,,623109530,1164,,,1
2015-06-22,3698,隆達,twse,21.75,21.85,21.40,21.50,2209887,47657970,-0.1,,623109530,985,,,1
2015-06-23,3698,隆達,twse,21.75,22.10,21.60,21.85,2772552,60572010,0.35,,623109530,1234,,,1
2015-06-24,3698,隆達,twse,21.85,21.95,21.35,21.35,1914456,41258682,-0.5,,623109530,967,,,1
2015-06-25,3698,隆達,twse,21.35,21.75,21.30,21.55,2601575,57227032,0.2,,623109530,785,,,1
2015-06-26,3698,隆達,twse,21.40,21.70,21.20,21.55,2603132,55956541,0.0,,623109530,1237,,,1
2015-06-29,3698,隆達,twse,21.45,21.45,20.40,20.40,4074238,84476036,-1.15,,623109530,1824,,,1
2015-06-30,3698,隆達,twse,19.60,20.15,19.60,20.05,3516677,70161443,0.0,,623109530,1404,,,1
2015-07-01,3698,隆達,twse,20.30,20.70,20.05,20.60,2886559,59158869,0.55,,623109530,1335,,,1
2015-07-02,3698,隆達,twse,20.80,20.90,20.60,20.60,2138102,44366371,0.0,,623109530,1243,,,1
2015-07-03,3698,隆達,twse,20.65,20.65,20.25,20.45,2047000,41816550,-0.15,,623109530,1106,,,1
2015-07-06,3698,隆達,twse,20.35,20.65,20.20,20.20,2023240,41341371,-0.25,,623109530,1247,,,1
2015-07-07,3698,隆達,twse,20.25,20.25,19.00,19.00,8261180,160019671,-1.2,,623109530,3285,,,1
2015-07-08,3698,隆達,twse,18.80,18.80,17.70,18.30,7075606,127939289,-0.7,,623109530,2397,,,1
2015-07-09,3698,隆達,twse,18.25,18.80,17.90,18.55,2866727,52824433,0.25,,623109530,1304,,,1
2015-07-13,3698,隆達,twse,18.25,19.20,18.25,19.15,3215800,61072329,0.6,,623109530,2256,,,1
2015-07-14,3698,隆達,twse,19.15,19.75,19.10,19.50,3251077,63474341,0.35,,623109530,1551,,,1
2015-07-15,3698,隆達,twse,19.50,19.55,18.80,18.80,1923834,36679246,-0.7,,623109530,911,,,1
2015-07-16,3698,隆達,twse,18.95,19.25,18.80,19.10,765800,14577929,0.3,,623109530,392,,,1
2015-07-17,3698,隆達,twse,19.20,19.35,19.00,19.00,836340,15981093,-0.1,,623109530,490,,,1
2015-07-20,3698,隆達,twse,19.30,19.40,18.80,18.90,890286,16905254,-0.1,,623109530,521,,,1
2015-07-21,3698,隆達,twse,18.80,19.10,18.75,18.80,1883901,35526976,-0.1,,623109530,706,,,1
2015-07-22,3698,隆達,twse,18.70,19.00,18.50,18.55,1251486,23411036,-0.25,,623109530,681,,,1
2015-07-23,3698,隆達,twse,18.10,18.55,17.70,17.90,2469674,44467532,-0.65,,623109530,1139,,,1
2015-07-24,3698,隆達,twse,17.60,17.90,16.95,16.95,3915946,67972732,-0.95,,623109530,1554,,,1
2015-07-27,3698,隆達,twse,16.65,17.20,15.30,15.30,6211511,99049276,-1.65,,623109530,2265,,,1
2015-07-28,3698,隆達,twse,15.10,15.90,15.05,15.65,3823300,59356490,0.35,,623109530,1799,,,1
2015-07-29,3698,隆達,twse,15.90,15.95,15.30,15.30,2874070,44565220,-0.35,,623109530,1093,,,1
2015-07-30,3698,隆達,twse,15.35,16.00,15.35,15.70,2511500,39494125,0.4,,623109530,1290,,,1
2015-07-31,3698,隆達,twse,15.70,15.90,15.20,15.20,1994207,30912144,-0.5,,623109530,891,,,1
2015-08-03,3698,隆達,twse,15.25,15.40,14.70,15.40,3782000,56853100,0.2,,623109530,1816,,,1
2015-08-04,3698,隆達,twse,15.45,15.55,14.35,14.70,3287912,49146905,-0.7,,623109530,1622,,,1
2015-08-05,3698,隆達,twse,14.50,15.40,14.50,15.40,2776746,42125762,0.7,,623109530,1337,,,1
2015-08-06,3698,隆達,twse,15.95,16.05,15.50,16.00,5707525,89750747,0.6,,623109530,2032,,,1
2015-08-07,3698,隆達,twse,15.80,15.80,15.25,15.50,4306585,66862460,-0.5,,623109530,1670,,,1
2015-08-10,3698,隆達,twse,15.25,15.65,15.10,15.60,2277000,35137800,0.1,,623109530,915,,,1
2015-08-11,3698,隆達,twse,15.70,15.75,15.00,15.20,3308744,50724708,-0.4,,623109530,1349,,,1
2015-08-12,3698,隆達,twse,15.05,15.10,14.70,15.00,2031893,30298103,-0.2,,623109530,762,,,1
2015-08-13,3698,隆達,twse,15.00,15.20,14.75,15.00,2350046,35127794,0.0,,623109530,902,,,1
2015-08-14,3698,隆達,twse,14.85,15.00,14.70,15.00,1433150,21321683,0.0,,623109530,545,,,1
2015-08-17,3698,隆達,twse,14.90,14.95,14.60,14.70,1609655,23783027,-0.3,,623109530,621,,,1
2015-08-18,3698,隆達,twse,14.80,14.85,14.40,14.50,1962500,28636549,-0.2,,623109530,742,,,1
2015-08-19,3698,隆達,twse,14.50,14.65,13.60,13.85,4035602,56320728,-0.65,,623109530,1531,,,1
2015-08-20,3698,隆達,twse,13.50,14.25,13.50,14.00,2959130,41302711,0.15,,622867530,1161,,,1
2015-08-21,3698,隆達,twse,13.50,14.00,12.75,12.85,5572305,73784715,-1.15,,622867530,2326,,,1
2015-08-24,3698,隆達,twse,12.20,12.65,11.60,12.10,6313583,74963001,-0.75,,622867530,1877,,,1
2015-08-25,3698,隆達,twse,11.25,12.60,11.25,12.60,4855658,58892022,0.5,,622867530,1595,,,1
2015-08-26,3698,隆達,twse,12.20,12.65,12.10,12.60,2599074,32250346,0.0,,622867530,921,,,1
2015-08-27,3698,隆達,twse,12.75,13.10,12.75,12.85,2608000,33721700,0.25,,622867530,1114,,,1
2015-08-28,3698,隆達,twse,13.10,13.50,13.10,13.50,3277852,43904558,0.65,,622867530,1699,,,1
2015-08-31,3698,隆達,twse,13.50,13.90,13.30,13.70,2322500,31660146,0.2,,622867530,1084,,,1
2015-09-01,3698,隆達,twse,13.45,14.00,13.40,14.00,2188322,30222408,0.3,,622867530,1099,,,1
2015-09-02,3698,隆達,twse,13.65,14.20,13.55,14.20,2652300,37036793,0.2,,622867530,982,,,1
2015-09-03,3698,隆達,twse,14.30,14.90,14.10,14.65,3574050,52209135,0.45,,622867530,1376,,,1
2015-09-04,3698,隆達,twse,14.70,15.25,14.50,14.55,4363021,64958210,-0.1,,622867530,1696,,,1
2015-09-07,3698,隆達,twse,14.40,14.70,14.20,14.55,1280000,18505100,0.0,,622867530,522,,,1
2015-09-08,3698,隆達,twse,14.70,14.95,14.55,14.65,2057120,30347319,0.1,,622867530,738,,,1
2015-09-09,3698,隆達,twse,14.95,16.00,14.95,16.00,8073066,125236406,1.35,,622867530,2859,,,1
2015-09-10,3698,隆達,twse,15.85,16.00,15.50,15.95,4461077,70672677,-0.05,,622867530,1974,,,1
2015-09-11,3698,隆達,twse,15.95,16.00,15.70,15.70,2534200,40179340,-0.25,,622867530,914,,,1
2015-09-14,3698,隆達,twse,15.70,15.90,15.15,15.45,3252732,50137345,-0.25,,622867530,1216,,,1
2015-09-15,3698,隆達,twse,15.45,15.55,15.35,15.35,1529652,23607023,-0.1,,622867530,546,,,1
2015-09-16,3698,隆達,twse,15.40,15.65,15.30,15.45,1567543,24258169,0.1,,622867530,708,,,1
2015-09-17,3698,隆達,twse,15.60,15.95,15.50,15.80,2990855,46982115,0.35,,622867530,1502,,,1
2015-09-18,3698,隆達,twse,15.60,16.00,15.50,15.80,2612700,41093428,0.0,,622867530,1075,,,1
2015-09-21,3698,隆達,twse,15.50,15.50,14.85,15.00,3173039,47933336,-0.8,,622867530,1324,,,1
2015-09-22,3698,隆達,twse,15.00,15.05,14.50,14.75,3417278,50393924,-0.25,,622867530,1418,,,1
2015-09-23,3698,隆達,twse,14.70,15.15,14.45,14.75,3142000,46591050,0.0,,622867530,1433,,,1
2015-09-24,3698,隆達,twse,14.75,14.95,13.60,13.65,5277628,74058529,-1.1,,622867530,1954,,,1
2015-09-25,3698,隆達,twse,13.60,13.90,13.55,13.90,2331500,32057250,0.25,,622867530,870,,,1
2015-09-30,3698,隆達,twse,13.65,13.95,13.50,13.60,2219200,30340999,-0.3,,622867530,922,,,1
2015-10-01,3698,隆達,twse,13.75,14.30,13.75,13.90,2831225,39783628,0.3,,622867530,1339,,,1
2015-10-02,3698,隆達,twse,14.10,14.20,13.90,14.00,1776525,24996850,0.1,,622867530,845,,,1
2015-10-05,3698,隆達,twse,14.15,14.25,14.05,14.10,1870213,26495003,0.1,,622867530,923,,,1
2015-10-06,3698,隆達,twse,14.30,14.70,14.25,14.50,5098725,73952783,0.4,,622867530,1518,,,1
2015-10-07,3698,隆達,twse,14.50,14.50,14.15,14.25,3154494,45190962,-0.25,,622867530,1189,,,1
2015-10-08,3698,隆達,twse,14.60,15.25,14.55,14.65,5598550,83055606,0.4,,622867530,2376,,,1
2015-10-12,3698,隆達,twse,14.80,15.00,14.65,14.65,2548275,37681689,0.0,,622867530,1067,,,1
2015-10-13,3698,隆達,twse,14.75,15.10,14.75,14.85,2795623,41737401,0.2,,622867530,1156,,,1
2015-10-14,3698,隆達,twse,14.95,16.20,14.90,16.10,11909780,187627804,1.25,,622867530,4315,,,1
2015-10-15,3698,隆達,twse,16.50,16.55,15.85,15.90,8593551,138887620,-0.2,,622867530,3189,,,1
2015-10-16,3698,隆達,twse,16.00,16.45,15.90,16.00,6591100,106108849,0.1,,622867530,1768,,,1
2015-10-19,3698,隆達,twse,16.15,16.50,16.10,16.10,7316719,119074947,0.1,,622867530,2157,,,1
2015-10-20,3698,隆達,twse,16.25,16.65,16.20,16.40,7964858,130744920,0.3,,622867530,2475,,,1
2015-10-21,3698,隆達,twse,16.40,16.45,15.60,15.90,5896811,93841706,-0.5,,622867530,2387,,,1
2015-10-22,3698,隆達,twse,15.95,16.35,15.90,15.90,2723868,43757750,0.0,,622867530,1032,,,1
2015-10-23,3698,隆達,twse,16.30,16.45,16.10,16.20,3770227,61219677,0.3,,622867530,1605,,,1
2015-10-26,3698,隆達,twse,16.50,17.60,16.45,17.40,16855150,287886740,1.2,,622867530,5737,,,1
2015-10-27,3698,隆達,twse,17.45,18.40,17.15,18.20,16719799,298868739,0.8,,622867530,5883,,,1
2015-10-28,3698,隆達,twse,18.20,19.35,18.05,19.30,16066239,302036080,1.1,,622867530,5752,,,1
2015-10-29,3698,隆達,twse,19.50,20.05,18.55,18.55,18826343,361252306,-0.75,,622867530,7045,,,1
2015-10-30,3698,隆達,twse,18.60,18.80,17.85,18.30,9990206,182732668,-0.25,,622867530,3502,,,1
2015-11-02,3698,隆達,twse,18.50,19.00,18.30,18.70,5578215,104412470,0.4,,622867530,2538,,,1
2015-11-03,3698,隆達,twse,19.05,19.25,18.55,18.55,5504384,103712340,-0.15,,622867530,2346,,,1
2015-11-04,3698,隆達,twse,18.85,19.20,18.50,18.90,5865775,110304919,0.35,,622867530,2671,,,1
2015-11-05,3698,隆達,twse,19.05,19.35,18.70,19.30,8397752,160484337,0.4,,622867530,3128,,,1
2015-11-06,3698,隆達,twse,19.50,19.85,18.75,18.75,10574255,203910444,-0.55,,622867530,3614,,,1
2015-11-09,3698,隆達,twse,18.85,19.00,17.60,17.75,6261624,113106223,-1.0,,622867530,2550,,,1
2015-11-10,3698,隆達,twse,17.55,17.85,17.20,17.60,4039736,71046852,-0.15,,622867530,1700,,,1
2015-11-11,3698,隆達,twse,17.60,17.95,16.60,16.70,6317810,107991939,-0.9,,622867530,2210,,,1
2015-11-12,3698,隆達,twse,16.80,17.40,16.80,17.25,3872700,66202575,0.55,,622867530,1776,,,1
2015-11-13,3698,隆達,twse,17.20,17.35,16.80,16.80,3043300,51842273,-0.45,,622867530,1304,,,1
2015-11-16,3698,隆達,twse,16.40,16.95,16.35,16.75,1955155,32579346,-0.05,,622867530,952,,,1
2015-11-17,3698,隆達,twse,17.10,17.65,17.10,17.40,3543000,61517950,0.65,,622867530,1618,,,1
2015-11-18,3698,隆達,twse,17.35,17.55,16.75,16.80,4057406,69876702,-0.6,,622867530,1875,,,1
2015-11-19,3698,隆達,twse,17.15,17.55,16.95,17.35,5381153,93425912,0.55,,622867530,2098,,,1
2015-11-20,3698,隆達,twse,17.40,17.75,17.10,17.10,3901933,67775852,-0.25,,622867530,1492,,,1
2015-11-23,3698,隆達,twse,17.15,17.35,16.85,16.85,2152767,36729934,-0.25,,622867530,932,,,1
2015-11-24,3698,隆達,twse,16.85,17.05,16.60,16.60,2736500,46042474,-0.25,,622867530,1118,,,1
2015-11-25,3698,隆達,twse,16.75,16.80,16.20,16.40,2285785,37613174,-0.2,,622867530,1157,,,1
2015-11-26,3698,隆達,twse,16.45,17.70,16.45,17.45,5990562,103614153,1.05,,622867530,2330,,,1
2015-11-27,3698,隆達,twse,17.75,17.85,16.90,17.00,3763800,65180100,-0.45,,622867530,1771,,,1
2015-11-30,3698,隆達,twse,16.80,17.15,16.75,16.85,2325420,39380276,-0.15,,622867530,1037,,,1
2015-12-01,3698,隆達,twse,17.15,17.60,16.95,17.35,3528251,61247249,0.5,,602572280,1465,,,1
2015-12-02,3698,隆達,twse,17.45,17.65,16.95,17.00,3696457,63570972,-0.35,,602572280,1613,,,1
2015-12-03,3698,隆達,twse,17.00,17.50,16.65,17.40,4727931,81354049,0.4,,602572280,1911,,,1
2015-12-04,3698,隆達,twse,17.10,17.25,16.85,16.90,3168287,53876829,-0.5,,602572280,1285,,,1
2015-12-07,3698,隆達,twse,17.10,17.25,16.80,16.85,2841273,48356185,-0.05,,602572280,1037,,,1
2015-12-08,3698,隆達,twse,16.90,17.40,16.75,16.80,6066050,103684897,-0.05,,602572280,2241,,,1
2015-12-09,3698,隆達,twse,16.65,16.95,16.05,16.05,4540800,74044878,-0.75,,602572280,1756,,,1
2015-12-10,3698,隆達,twse,16.00,16.20,15.75,15.75,3570500,56930225,-0.3,,602572280,1323,,,1
2015-12-11,3698,隆達,twse,15.75,16.00,15.15,15.15,3086706,47993836,-0.6,,602572280,1359,,,1
2015-12-14,3698,隆達,twse,14.80,15.30,14.60,15.20,2012550,30274230,0.05,,602572280,1003,,,1
2015-12-15,3698,隆達,twse,15.00,15.50,15.00,15.50,2028753,31012821,0.3,,602572280,932,,,1
2015-12-16,3698,隆達,twse,15.65,16.50,15.65,16.00,6522025,105465001,0.5,,602572280,2577,,,1
2015-12-17,3698,隆達,twse,16.20,16.75,16.05,16.40,5054810,83343142,0.4,,602572280,2141,,,1
2015-12-18,3698,隆達,twse,16.20,16.65,16.05,16.50,2550846,41857465,0.1,,602572280,1092,,,1
2015-12-21,3698,隆達,twse,16.30,17.25,16.30,17.05,6208511,105479087,0.55,,602572280,2542,,,1
2015-12-22,3698,隆達,twse,17.10,17.10,16.55,16.55,3562000,59494698,-0.5,,602572280,1416,,,1
2015-12-23,3698,隆達,twse,16.85,17.25,16.55,16.55,6022852,102246797,0.0,,602572280,2411,,,1
2015-12-24,3698,隆達,twse,16.75,17.00,16.35,16.60,2229077,36985532,0.05,,602572280,1024,,,1
2015-12-25,3698,隆達,twse,16.60,16.75,16.35,16.65,1487399,24688151,0.05,,602572280,615,,,1
2015-12-28,3698,隆達,twse,16.70,16.85,16.55,16.60,1447883,24145568,-0.05,,602572280,646,,,1
2015-12-29,3698,隆達,twse,16.60,16.85,16.40,16.80,1835810,30660176,0.2,,602572280,731,,,1
2015-12-30,3698,隆達,twse,16.90,16.90,16.55,16.90,1602300,26832388,0.1,,602572280,691,,,1
2015-12-31,3698,隆達,twse,16.70,17.20,16.55,17.20,2673387,45188616,0.3,,602572280,1019,,,1
2016-01-04,3698,隆達,twse,17.20,17.20,16.30,16.30,2477982,41178005,-0.9,,602572280,1086,,,1
2016-01-05,3698,隆達,twse,16.25,16.60,16.20,16.35,1652140,27168710,0.05,,602572280,895,,,1
2016-01-06,3698,隆達,twse,16.45,16.65,16.05,16.05,1623273,26499257,-0.3,,602572280,737,,,1
2016-01-07,3698,隆達,twse,16.05,16.20,14.70,14.95,3472567,52730305,-1.1,,602572280,1600,,,1
2016-01-08,3698,隆達,twse,14.65,15.35,14.65,15.20,2550035,38480737,0.25,,602572280,1069,,,1
2016-01-11,3698,隆達,twse,14.95,15.05,14.45,14.60,2187396,32232758,-0.6,,602572280,933,,,1
2016-01-12,3698,隆達,twse,14.70,14.90,13.80,13.90,4325625,61664210,-0.7,,602572280,1511,,,1
2016-01-13,3698,隆達,twse,14.15,14.80,14.15,14.80,4410529,64202250,0.9,,602572280,2117,,,1
2016-01-14,3698,隆達,twse,14.45,14.65,14.15,14.25,1919577,27531772,-0.55,,602572280,984,,,1
2016-01-15,3698,隆達,twse,14.45,14.65,14.15,14.30,1464000,21094150,0.05,,602572280,702,,,1
2016-01-18,3698,隆達,twse,13.70,15.30,13.70,15.00,4086080,60498920,0.7,,602572280,1790,,,1
2016-01-19,3698,隆達,twse,15.00,15.00,14.60,14.85,1571000,23250400,-0.15,,602572280,790,,,1
2016-01-20,3698,隆達,twse,14.85,16.10,14.85,15.45,6467014,100545268,0.6,,602572280,2735,,,1
2016-01-21,3698,隆達,twse,15.80,15.90,15.15,15.20,5426258,84543069,-0.25,,602572280,2233,,,1
2016-01-22,3698,隆達,twse,15.35,15.55,15.10,15.15,1828782,27883558,-0.05,,602572280,976,,,1
2016-01-25,3698,隆達,twse,15.30,15.90,15.30,15.65,3629362,56761814,0.5,,602572280,1402,,,1
2016-01-26,3698,隆達,twse,15.60,15.70,15.40,15.45,1279195,19892382,-0.2,,602572280,584,,,1
2016-01-27,3698,隆達,twse,15.65,15.75,15.30,15.60,2138000,33165050,0.15,,602572280,854,,,1
2016-01-28,3698,隆達,twse,15.60,15.90,15.50,15.50,2728694,42772824,-0.1,,602572280,1356,,,1
2016-01-29,3698,隆達,twse,15.50,15.80,15.30,15.70,2763180,43000974,0.2,,602572280,1207,,,1
2016-01-30,3698,隆達,twse,15.90,15.90,15.65,15.65,1505808,23716512,-0.05,,602572280,634,,,1
2016-02-01,3698,隆達,twse,15.70,15.95,15.50,15.50,2342735,36722890,-0.15,,602572280,1166,,,1
2016-02-02,3698,隆達,twse,15.65,15.65,15.40,15.45,1228753,19009581,-0.05,,602572280,703,,,1
2016-02-03,3698,隆達,twse,15.40,15.45,15.10,15.10,1394625,21273799,-0.35,,602572280,745,,,1
2016-02-15,3698,隆達,twse,15.10,15.50,15.05,15.25,1339349,20440354,0.15,,602572280,621,,,1
2016-02-16,3698,隆達,twse,15.50,15.60,15.40,15.55,1441068,22369398,0.3,,602572280,699,,,1
2016-02-17,3698,隆達,twse,15.75,15.75,15.55,15.65,1427795,22368289,0.1,,602572280,633,,,1
2016-02-18,3698,隆達,twse,15.80,16.75,15.80,16.70,6431026,104504578,1.05,,602572280,2589,,,1
2016-02-19,3698,隆達,twse,16.85,17.10,16.50,16.90,4346778,73451296,0.2,,602572280,1831,,,1
2016-02-22,3698,隆達,twse,17.00,17.05,16.30,16.30,3491090,57806319,-0.6,,602572280,1616,,,1
2016-02-23,3698,隆達,twse,16.40,16.65,16.30,16.60,2225000,36668550,0.3,,602572280,943,,,1
2016-02-24,3698,隆達,twse,16.50,16.65,16.20,16.20,1303903,21331472,-0.4,,602572280,650,,,1
2016-02-25,3698,隆達,twse,16.40,16.60,16.20,16.25,1218487,19948138,0.05,,602572280,589,,,1
2016-02-26,3698,隆達,twse,16.65,16.85,16.40,16.85,3287110,54815259,0.6,,602572280,1215,,,1
2016-03-01,3698,隆達,twse,17.05,17.90,17.05,17.20,7065620,123341095,0.35,,602572280,2937,,,1
2016-03-02,3698,隆達,twse,17.50,17.70,17.20,17.30,3759140,65409064,0.1,,602572280,1558,,,1
2016-03-03,3698,隆達,twse,17.40,17.70,17.20,17.40,3966574,69098679,0.1,,602572280,1281,,,1
2016-03-04,3698,隆達,twse,17.50,17.70,17.40,17.50,5365611,94093230,0.1,,602572280,1943,,,1
2016-03-07,3698,隆達,twse,17.70,17.95,17.35,17.45,4398881,77895527,-0.05,,602572280,1652,,,1
2016-03-08,3698,隆達,twse,17.65,17.85,17.20,17.25,3011750,52472825,-0.2,,602572280,1284,,,1
2016-03-09,3698,隆達,twse,17.35,17.45,16.45,16.80,4374050,73849152,-0.45,,602572280,2091,,,1
2016-03-10,3698,隆達,twse,16.80,17.05,16.60,16.85,2958270,49912026,0.05,,602572280,1185,,,1
2016-03-11,3698,隆達,twse,17.05,17.50,17.00,17.50,4767156,82417161,0.65,,602572280,1872,,,1
2016-03-14,3698,隆達,twse,17.60,17.80,17.35,17.45,3531025,61801185,-0.05,,602572280,1305,,,1
2016-03-15,3698,隆達,twse,17.50,17.55,16.80,16.90,3686750,62995098,-0.55,,602572280,1639,,,1
2016-03-16,3698,隆達,twse,17.10,17.40,17.00,17.20,2401358,41179887,0.3,,602572280,1196,,,1
2016-03-17,3698,隆達,twse,17.40,17.45,16.90,16.95,2551227,43853535,-0.25,,602572280,1288,,,1
2016-03-18,3698,隆達,twse,17.05,17.30,16.90,17.30,1685932,28803229,0.35,,602572280,854,,,1
2016-03-21,3698,隆達,twse,17.40,18.20,17.15,18.00,7191838,127728047,0.7,,602572280,2734,,,1
2016-03-22,3698,隆達,twse,18.10,18.20,17.30,17.35,5326762,94224030,-0.65,,602572280,2159,,,1
2016-03-23,3698,隆達,twse,17.40,17.45,17.00,17.00,1662577,28506548,-0.35,,602572280,762,,,1
2016-03-24,3698,隆達,twse,17.00,17.10,16.80,16.80,1424858,24064513,-0.2,,602572280,693,,,1
2016-03-25,3698,隆達,twse,17.00,17.00,16.25,16.35,2627407,43444443,-0.45,,602572280,1132,,,1
2016-03-28,3698,隆達,twse,16.35,16.55,16.20,16.20,1171719,19198724,-0.15,,582574280,572,,,1
2016-03-29,3698,隆達,twse,16.50,16.50,15.75,15.80,1634110,26132598,-0.4,,582574280,735,,,1
2016-03-30,3698,隆達,twse,15.90,16.20,15.85,16.00,1124410,17987637,0.2,,582574280,434,,,1
2016-03-31,3698,隆達,twse,16.20,16.50,16.15,16.40,1412643,23034173,0.4,,582574280,611,,,1
2016-04-01,3698,隆達,twse,16.25,16.35,15.95,16.05,1456475,23483000,-0.35,,582574280,637,,,1
2016-04-06,3698,隆達,twse,16.05,16.10,15.65,15.65,1482573,23371366,-0.4,,582574280,884,,,1
2016-04-07,3698,隆達,twse,15.75,16.40,15.70,16.15,3778139,60862549,0.5,,582574280,1442,,,1
2016-04-08,3698,隆達,twse,16.10,16.35,16.05,16.10,1485421,24026136,-0.05,,582574280,595,,,1
2016-04-11,3698,隆達,twse,16.10,16.20,15.80,15.85,1099540,17512259,-0.25,,582693480,493,,,1
2016-04-12,3698,隆達,twse,15.90,16.00,15.70,15.75,1549280,24515688,-0.1,,582693480,589,,,1
2016-04-13,3698,隆達,twse,15.85,16.05,15.70,15.90,1283303,20367316,0.15,,582693480,600,,,1
2016-04-14,3698,隆達,twse,16.40,16.40,15.95,16.00,1723100,27849913,0.1,,582693480,856,,,1
2016-04-15,3698,隆達,twse,16.05,16.05,15.80,15.85,836000,13279300,-0.15,,582693480,418,,,1
2016-04-18,3698,隆達,twse,15.75,16.00,15.65,16.00,1333427,21053308,0.15,,582693480,622,,,1
2016-04-19,3698,隆達,twse,16.05,16.15,15.75,15.75,1192500,18976600,-0.25,,582693480,608,,,1
2016-04-20,3698,隆達,twse,16.70,16.70,16.20,16.30,4428001,72900414,0.55,,582693480,1891,,,1
2016-04-21,3698,隆達,twse,16.45,16.45,16.10,16.15,1169567,19024426,-0.15,,582693480,590,,,1
2016-04-22,3698,隆達,twse,16.15,16.20,15.85,15.90,1108949,17752793,-0.25,,582693480,597,,,1
2016-04-25,3698,隆達,twse,15.90,16.25,15.85,16.00,940033,15091523,0.1,,582693480,519,,,1
2016-04-26,3698,隆達,twse,15.85,16.10,15.85,16.00,1036531,16516991,0.0,,582693480,460,,,1
2016-04-27,3698,隆達,twse,16.00,16.05,15.80,15.95,755625,12028836,-0.05,,582693480,445,,,1
2016-04-28,3698,隆達,twse,15.95,16.00,15.45,15.60,1481585,23264075,-0.35,,582693480,607,,,1
2016-04-29,3698,隆達,twse,15.45,15.75,15.30,15.60,805728,12543069,0.0,,582693480,404,,,1
2016-05-03,3698,隆達,twse,15.65,15.70,15.45,15.65,634500,9897350,0.05,,582693480,293,,,1
2016-05-04,3698,隆達,twse,15.65,15.85,15.40,15.65,923849,14439792,0.0,,582693480,417,,,1
2016-05-05,3698,隆達,twse,15.65,15.80,15.55,15.65,725475,11346955,0.0,,582693480,262,,,1
2016-05-06,3698,隆達,twse,15.80,15.90,15.60,15.90,817000,12881350,0.25,,582693480,459,,,1
2016-05-09,3698,隆達,twse,15.95,16.20,15.85,15.90,619072,9902091,0.0,,582693480,330,,,1
2016-05-10,3698,隆達,twse,15.90,16.05,15.65,15.70,1849810,29222116,-0.2,,582693480,782,,,1
2016-05-11,3698,隆達,twse,15.80,15.95,15.50,15.60,1395662,21822530,-0.1,,582693480,538,,,1
2016-05-12,3698,隆達,twse,15.40,15.50,14.85,15.00,2612825,39419539,-0.6,,582693480,1069,,,1
2016-05-13,3698,隆達,twse,14.90,14.90,13.85,14.60,3938686,56547818,-0.4,,582693480,1530,,,1
2016-05-16,3698,隆達,twse,14.45,14.80,14.20,14.80,1520380,22066784,0.2,,582693480,543,,,1
2016-05-17,3698,隆達,twse,14.80,15.05,14.60,14.95,1029000,15249150,0.15,,582693480,381,,,1
2016-05-18,3698,隆達,twse,14.85,15.30,14.70,15.30,1879500,28415050,0.35,,582693480,760,,,1
2016-05-19,3698,隆達,twse,15.25,15.25,15.00,15.20,1300594,19727315,-0.1,,582693480,477,,,1
2016-05-20,3698,隆達,twse,15.05,15.20,15.00,15.15,711577,10758312,-0.05,,582693480,351,,,1
2016-05-23,3698,隆達,twse,15.05,15.75,15.05,15.60,1529204,23809962,0.45,,582693480,587,,,1
2016-05-24,3698,隆達,twse,15.65,15.80,15.50,15.60,1128798,17719769,0.0,,582647480,480,,,1
2016-05-25,3698,隆達,twse,15.80,15.90,15.70,15.85,1090823,17274910,0.25,,582647480,544,,,1
2016-05-26,3698,隆達,twse,15.80,15.90,15.70,15.85,1335650,21152020,0.0,,582647480,694,,,1
2016-05-27,3698,隆達,twse,15.85,16.35,15.85,16.05,3004627,48536949,0.2,,582647480,986,,,1
2016-05-30,3698,隆達,twse,16.05,16.30,16.00,16.20,982758,15927102,0.15,,582647480,509,,,1
2016-05-31,3698,隆達,twse,16.30,16.40,16.20,16.30,1469955,23960820,0.1,,582647480,789,,,1
2016-06-01,3698,隆達,twse,16.30,16.55,16.20,16.55,1848685,30455016,0.25,,582647480,882,,,1
2016-06-02,3698,隆達,twse,16.55,16.80,16.30,16.80,2913165,48466443,0.25,,582647480,1073,,,1
2016-06-03,3698,隆達,twse,16.70,16.75,16.25,16.25,1341770,22044874,-0.55,,582647480,598,,,1
2016-06-04,3698,隆達,twse,16.30,16.55,16.25,16.45,963710,15875344,0.2,,582647480,303,,,1
2016-06-06,3698,隆達,twse,16.45,16.65,16.30,16.60,1127800,18633249,0.15,,582647480,464,,,1
2016-06-07,3698,隆達,twse,16.45,16.65,16.25,16.40,1857329,30646108,-0.2,,582647480,600,,,1
2016-06-08,3698,隆達,twse,16.40,16.65,16.30,16.60,1727373,28492903,0.2,,582647480,613,,,1
2016-06-13,3698,隆達,twse,16.55,16.55,16.00,16.40,1830143,29810727,-0.2,,582647480,676,,,1
2016-06-14,3698,隆達,twse,16.25,16.65,16.20,16.60,1569102,25861132,0.2,,582647480,571,,,1
2016-06-15,3698,隆達,twse,16.60,16.85,16.40,16.75,2008248,33600478,0.15,,582647480,768,,,1
2016-06-16,3698,隆達,twse,16.75,17.00,16.50,16.90,2623580,44088202,0.15,,582647480,950,,,1
2016-06-17,3698,隆達,twse,16.90,17.05,16.65,16.65,1178025,19831309,-0.25,,582647480,470,,,1
2016-06-20,3698,隆達,twse,16.65,17.20,16.65,17.00,2521574,42917000,0.35,,582647480,960,,,1
2016-06-21,3698,隆達,twse,17.15,17.15,16.75,16.80,804663,13616622,-0.2,,582647480,405,,,1
2016-06-22,3698,隆達,twse,16.80,17.15,16.80,16.85,1826509,31024473,0.05,,582647480,732,,,1
2016-06-23,3698,隆達,twse,16.85,16.90,16.50,16.50,818506,13608572,-0.35,,582647480,449,,,1
2016-06-24,3698,隆達,twse,16.50,16.75,15.60,15.70,1661606,26715173,-0.8,,582647480,788,,,1
2016-06-27,3698,隆達,twse,15.70,16.15,15.70,16.05,1054000,16880800,0.35,,582647480,468,,,1
2016-06-28,3698,隆達,twse,16.05,16.15,15.90,16.05,621092,9958115,0.0,,582647480,303,,,1
2016-06-29,3698,隆達,twse,16.05,16.20,15.95,16.15,973116,15645459,0.1,,582647480,388,,,1
2016-06-30,3698,隆達,twse,16.30,16.30,16.05,16.15,1189992,19245069,0.0,,582647480,507,,,1
2016-07-01,3698,隆達,twse,16.20,16.60,16.20,16.30,1526146,25022165,0.15,,582647480,670,,,1
2016-07-04,3698,隆達,twse,16.20,16.50,16.20,16.50,2238702,36666855,0.2,,582647480,765,,,1
2016-07-05,3698,隆達,twse,15.90,16.00,15.75,15.80,1170994,18578953,0.0,,582647480,526,,,1
2016-07-06,3698,隆達,twse,15.75,15.80,15.50,15.70,1621870,25380272,-0.1,,582647480,575,,,1
2016-07-07,3698,隆達,twse,15.70,15.85,15.55,15.60,842553,13209326,-0.1,,582647480,467,,,1
2016-07-11,3698,隆達,twse,15.70,15.75,15.55,15.55,655965,10237908,-0.05,,582647480,320,,,1
2016-07-12,3698,隆達,twse,15.55,15.65,15.40,15.50,603430,9367134,-0.05,,582647480,329,,,1
2016-07-13,3698,隆達,twse,15.60,15.65,15.45,15.65,688493,10709465,0.15,,582647480,365,,,1
2016-07-14,3698,隆達,twse,15.65,15.75,15.55,15.65,563382,8807488,0.0,,582647480,282,,,1
2016-07-15,3698,隆達,twse,15.80,16.00,15.75,15.75,1344564,21329976,0.1,,582647480,601,,,1
2016-07-18,3698,隆達,twse,15.90,16.05,15.80,15.80,947200,15046310,0.05,,582647480,482,,,1
2016-07-19,3698,隆達,twse,15.90,15.90,15.70,15.85,1017487,16090891,0.05,,582647480,329,,,1
2016-07-20,3698,隆達,twse,15.80,16.45,15.80,16.00,3197186,51610454,0.15,,582647480,1006,,,1
2016-07-21,3698,隆達,twse,16.30,16.75,16.30,16.45,5143896,84941596,0.45,,582647480,1637,,,1
2016-07-22,3698,隆達,twse,16.60,16.90,16.45,16.45,2940810,49007073,0.0,,582647480,1022,,,1
2016-07-25,3698,隆達,twse,16.70,16.70,16.00,16.00,1892740,30595540,-0.45,,582647480,638,,,1
2016-07-26,3698,隆達,twse,16.00,16.30,16.00,16.25,1732102,28103945,0.25,,582647480,450,,,1
2016-07-27,3698,隆達,twse,16.95,17.00,16.50,16.60,4951500,82956746,0.35,,582647480,1732,,,1
2016-07-28,3698,隆達,twse,16.65,16.70,16.30,16.35,1387010,22857908,-0.25,,582647480,505,,,1
2016-07-29,3698,隆達,twse,16.45,16.55,16.25,16.30,1204228,19670626,-0.05,,582647480,417,,,1
2016-08-01,3698,隆達,twse,16.25,16.50,16.25,16.45,913682,15026397,0.15,,582647480,377,,,1
2016-08-02,3698,隆達,twse,16.50,16.65,16.45,16.50,959413,15854307,0.05,,582647480,383,,,1
2016-08-03,3698,隆達,twse,16.40,16.50,16.20,16.30,1230155,20070261,-0.2,,582647480,463,,,1
2016-08-04,3698,隆達,twse,16.45,16.60,16.25,16.35,1229490,20152409,0.05,,582647480,552,,,1
2016-08-05,3698,隆達,twse,16.55,16.55,16.30,16.30,804314,13200636,-0.05,,582647480,337,,,1
2016-08-08,3698,隆達,twse,16.35,16.45,16.05,16.05,1065378,17264265,-0.25,,582647480,499,,,1
2016-08-09,3698,隆達,twse,16.20,16.35,16.05,16.05,1663591,26910506,0.0,,582647480,771,,,1
2016-08-10,3698,隆達,twse,16.40,16.40,15.05,15.15,4120979,63802775,-0.9,,582647480,1690,,,1
2016-08-11,3698,隆達,twse,15.10,15.15,14.70,14.75,2768380,41225103,-0.4,,582647480,1136,,,1
2016-08-12,3698,隆達,twse,14.80,14.90,14.20,14.45,2926826,42430791,-0.3,,582647480,1187,,,1
2016-08-15,3698,隆達,twse,14.50,14.60,14.30,14.35,1020177,14684370,-0.1,,582647480,430,,,1
2016-08-16,3698,隆達,twse,14.35,14.50,14.10,14.20,1586695,22643969,-0.15,,582647480,794,,,1
2016-08-17,3698,隆達,twse,14.20,14.35,13.90,14.05,1725396,24220262,-0.15,,582647480,859,,,1
2016-08-18,3698,隆達,twse,14.00,14.30,14.00,14.15,1751673,24770686,0.1,,582647480,668,,,1
2016-08-19,3698,隆達,twse,14.15,14.30,14.05,14.05,1559397,22059286,-0.1,,562513380,850,,,1
2016-08-22,3698,隆達,twse,14.05,14.10,13.80,14.00,1342179,18699886,-0.05,,562513380,630,,,1
2016-08-23,3698,隆達,twse,14.05,14.10,13.85,13.90,998520,13932327,-0.1,,562513380,566,,,1
2016-08-24,3698,隆達,twse,13.95,14.20,13.95,14.00,1585300,22268769,0.1,,562513380,649,,,1
2016-08-25,3698,隆達,twse,14.00,14.40,14.00,14.25,2111600,30048769,0.25,,562513380,811,,,1
2016-08-26,3698,隆達,twse,14.30,14.35,14.20,14.20,704417,10038849,-0.05,,562513380,354,,,1
2016-08-29,3698,隆達,twse,14.30,14.30,14.00,14.10,543804,7673385,-0.1,,562513380,309,,,1
2016-08-30,3698,隆達,twse,14.25,14.25,14.10,14.20,653965,9271405,0.1,,562513380,397,,,1
2016-08-31,3698,隆達,twse,14.30,14.40,14.20,14.35,1959298,28028642,0.15,,562513380,771,,,1
2016-09-01,3698,隆達,twse,14.50,15.20,14.50,15.15,5492500,82175399,0.8,,562513380,2127,,,1
2016-09-02,3698,隆達,twse,15.15,15.15,14.65,14.75,2178504,32383008,-0.4,,562513380,848,,,1
2016-09-05,3698,隆達,twse,14.80,14.95,14.75,14.90,1316334,19543440,0.15,,562513380,490,,,1
2016-09-06,3698,隆達,twse,15.20,15.35,14.90,15.00,1938750,29271925,0.1,,562513380,715,,,1
2016-09-07,3698,隆達,twse,15.00,15.10,14.85,14.85,784784,11709450,-0.15,,562513380,401,,,1
2016-09-08,3698,隆達,twse,14.90,15.15,14.90,14.95,1321650,19880984,0.1,,562513380,567,,,1
2016-09-09,3698,隆達,twse,15.00,15.10,14.90,14.95,982000,14714950,0.0,,562513380,367,,,1
2016-09-10,3698,隆達,twse,14.60,14.80,14.60,14.65,592415,8700076,-0.3,,562513380,210,,,1
2016-09-12,3698,隆達,twse,14.80,14.95,14.65,14.65,1029310,15240976,0.0,,562513380,424,,,1
2016-09-13,3698,隆達,twse,14.85,14.85,14.55,14.55,523488,7657822,-0.1,,562513380,281,,,1
2016-09-14,3698,隆達,twse,14.55,14.80,14.45,14.45,771000,11238549,-0.1,,562513380,299,,,1
2016-09-19,3698,隆達,twse,14.60,14.70,14.55,14.65,371487,5427084,0.2,,562513380,201,,,1
2016-09-20,3698,隆達,twse,14.70,14.75,14.50,14.55,440582,6430857,-0.1,,562513380,233,,,1
2016-09-21,3698,隆達,twse,14.55,14.75,14.55,14.70,759254,11111057,0.15,,562513380,463,,,1
2016-09-22,3698,隆達,twse,14.90,14.90,14.60,14.75,467471,6889697,0.05,,562513380,261,,,1
2016-09-23,3698,隆達,twse,14.85,14.90,14.70,14.75,788850,11677645,0.0,,562513380,341,,,1
2016-09-26,3698,隆達,twse,14.75,14.80,14.55,14.55,402155,5885955,-0.2,,562513380,230,,,1
2016-09-29,3698,隆達,twse,14.50,14.55,14.15,14.15,1759952,25168370,-0.4,,562513380,960,,,1
2016-09-30,3698,隆達,twse,14.05,14.35,14.05,14.30,685500,9724149,0.15,,562513380,325,,,1
2016-10-03,3698,隆達,twse,14.40,14.40,14.20,14.30,579962,8305859,0.0,,562513380,247,,,1
2016-10-04,3698,隆達,twse,14.20,14.35,14.20,14.25,432441,6178986,-0.05,,562513380,244,,,1
2016-10-05,3698,隆達,twse,14.20,14.30,14.15,14.20,692211,9844172,-0.05,,562513380,331,,,1
2016-10-06,3698,隆達,twse,14.40,14.50,14.35,14.40,953499,13743582,0.2,,562513380,485,,,1
2016-10-07,3698,隆達,twse,14.50,14.50,14.20,14.30,507600,7255169,-0.1,,562513380,298,,,1
2016-10-11,3698,隆達,twse,14.30,14.35,13.90,14.05,937780,13204142,-0.25,,562513380,449,,,1
2016-10-12,3698,隆達,twse,14.00,14.05,13.90,13.95,482875,6749153,-0.1,,562513380,250,,,1
2016-10-13,3698,隆達,twse,13.95,14.10,13.90,13.95,942050,13151043,0.0,,562513380,458,,,1
2016-10-14,3698,隆達,twse,14.00,14.00,13.70,13.75,596882,8239487,-0.2,,562513380,312,,,1
2016-10-17,3698,隆達,twse,13.90,13.90,13.65,13.70,654542,8963896,-0.05,,562513380,409,,,1
2016-10-18,3698,隆達,twse,13.85,13.85,13.50,13.55,749350,10208190,-0.15,,562513380,480,,,1
2016-10-19,3698,隆達,twse,13.65,13.90,13.60,13.70,1134739,15572500,0.15,,562513380,628,,,1
2016-10-20,3698,隆達,twse,13.85,13.85,13.65,13.75,592025,8135485,0.05,,562513380,283,,,1
2016-10-21,3698,隆達,twse,13.75,13.85,13.25,13.25,3075197,41330858,-0.5,,562513380,1093,,,1
2016-10-24,3698,隆達,twse,13.35,13.45,13.20,13.20,1207000,16023300,-0.05,,562513380,570,,,1
2016-10-25,3698,隆達,twse,13.35,13.65,13.20,13.20,2442701,32772432,0.0,,562513380,962,,,1
2016-10-26,3698,隆達,twse,13.25,13.50,13.25,13.40,1153405,15437583,0.2,,562513380,459,,,1
2016-10-27,3698,隆達,twse,13.45,13.50,13.20,13.30,1111120,14790595,-0.1,,562513380,358,,,1
2016-10-28,3698,隆達,twse,13.35,13.40,13.15,13.15,631655,8371013,-0.15,,562513380,479,,,1
2016-10-31,3698,隆達,twse,13.15,13.20,13.05,13.10,518717,6800142,-0.05,,562513380,208,,,1
2016-11-01,3698,隆達,twse,13.10,13.15,13.00,13.00,559077,7315543,-0.1,,562513380,241,,,1
2016-11-02,3698,隆達,twse,13.00,13.00,12.60,12.70,1271505,16240411,-0.3,,562513380,555,,,1
2016-11-03,3698,隆達,twse,12.70,12.75,12.30,12.40,925590,11613216,-0.3,,562513380,390,,,1
2016-11-04,3698,隆達,twse,12.30,12.40,12.20,12.25,923001,11366910,-0.15,,562513380,396,,,1
2016-11-07,3698,隆達,twse,12.35,12.45,12.30,12.40,583332,7205215,0.15,,562513380,253,,,1
2016-11-08,3698,隆達,twse,12.40,12.55,12.30,12.45,738628,9170066,0.05,,562513380,327,,,1
2016-11-09,3698,隆達,twse,12.55,12.65,11.90,12.00,2254550,27496195,-0.45,,562513380,797,,,1
2016-11-10,3698,隆達,twse,12.30,12.55,12.25,12.50,1127727,14038437,0.5,,562513380,540,,,1
2016-11-11,3698,隆達,twse,12.30,12.35,12.00,12.00,1659805,20118710,-0.5,,562513380,774,,,1
2016-11-14,3698,隆達,twse,12.00,12.10,11.75,11.90,1202566,14337731,-0.1,,562513380,492,,,1
2016-11-15,3698,隆達,twse,12.00,12.10,11.80,11.80,1675921,19946120,-0.1,,562513380,672,,,1
2016-11-16,3698,隆達,twse,11.90,12.25,11.90,12.20,1276732,15455530,0.4,,562342380,482,,,1
2016-11-17,3698,隆達,twse,12.30,12.40,12.10,12.20,840587,10305261,0.0,,562342380,381,,,1
2016-11-18,3698,隆達,twse,12.25,13.20,12.15,12.90,2343280,29841812,0.7,,562342380,937,,,1
2016-11-21,3698,隆達,twse,12.90,12.95,12.65,12.75,1647578,20962267,-0.15,,562342380,591,,,1
2016-11-22,3698,隆達,twse,12.80,12.90,12.70,12.85,1401325,17974858,0.1,,562342380,564,,,1
2016-11-23,3698,隆達,twse,12.90,13.00,12.80,12.95,991127,12776838,0.1,,562342380,394,,,1
2016-11-24,3698,隆達,twse,13.00,13.00,12.75,12.80,584810,7504187,-0.15,,562342380,213,,,1
2016-11-25,3698,隆達,twse,12.80,12.95,12.75,12.75,492402,6326875,-0.05,,562342380,199,,,1
2016-11-28,3698,隆達,twse,12.80,12.95,12.80,12.85,576202,7426735,0.1,,562342380,234,,,1
2016-11-29,3698,隆達,twse,12.90,12.95,12.75,12.75,665200,8557549,-0.1,,562342380,246,,,1
2016-11-30,3698,隆達,twse,12.75,12.80,12.60,12.60,1013000,12840300,-0.15,,562342380,452,,,1
2016-12-01,3698,隆達,twse,12.65,12.85,12.65,12.70,659278,8385765,0.1,,562342380,327,,,1
2016-12-02,3698,隆達,twse,12.75,12.80,12.65,12.75,374126,4767855,0.05,,562342380,161,,,1
2016-12-05,3698,隆達,twse,12.85,13.00,12.70,13.00,1320462,17045081,0.25,,562342380,622,,,1
2016-12-06,3698,隆達,twse,13.10,13.25,12.90,13.00,891327,11608316,0.0,,562342380,484,,,1
2016-12-07,3698,隆達,twse,13.05,13.35,13.05,13.25,1941670,25750042,0.25,,562342380,797,,,1
2016-12-08,3698,隆達,twse,13.40,13.45,13.20,13.25,1358578,18092306,0.0,,562342380,550,,,1
2016-12-09,3698,隆達,twse,13.35,13.35,13.20,13.25,954780,12665295,0.0,,562342380,546,,,1
2016-12-12,3698,隆達,twse,13.35,13.35,13.05,13.10,848099,11181146,-0.15,,562342380,497,,,1
2016-12-13,3698,隆達,twse,13.15,13.30,13.15,13.20,937990,12407717,0.1,,562342380,636,,,1
2016-12-14,3698,隆達,twse,13.25,13.35,13.10,13.20,954840,12602588,0.0,,562342380,460,,,1
2016-12-15,3698,隆達,twse,13.25,13.90,13.25,13.75,3114042,42320522,0.55,,562342380,1323,,,1
2016-12-16,3698,隆達,twse,13.90,14.10,13.70,13.75,2869633,39799771,0.0,,562342380,1393,,,1
2016-12-19,3698,隆達,twse,13.90,13.90,13.45,13.50,1062277,14552924,-0.25,,562342380,572,,,1
2016-12-20,3698,隆達,twse,13.60,13.65,13.30,13.65,1373787,18490523,0.15,,562342380,881,,,1
2016-12-21,3698,隆達,twse,13.65,13.80,13.50,13.60,1699600,23241829,-0.05,,562342380,613,,,1
2016-12-22,3698,隆達,twse,13.55,13.60,13.25,13.25,1337822,17926650,-0.35,,562342380,480,,,1
2016-12-23,3698,隆達,twse,13.40,13.55,13.25,13.30,1265102,16922103,0.05,,562342380,679,,,1
2016-12-26,3698,隆達,twse,13.30,13.35,13.00,13.10,1167000,15336350,-0.2,,562342380,586,,,1
2016-12-27,3698,隆達,twse,13.10,13.15,12.95,13.00,883000,11495500,-0.1,,562342380,357,,,1
2016-12-28,3698,隆達,twse,12.90,13.15,12.90,13.10,1133310,14787811,0.1,,562342380,443,,,1
2016-12-29,3698,隆達,twse,13.10,13.25,13.00,13.20,1055703,13876958,0.1,,562342380,413,,,1
2016-12-30,3698,隆達,twse,13.30,13.35,13.10,13.20,1210627,15971076,0.0,,562342380,501,,,1
2017-01-03,3698,隆達,twse,13.25,13.40,13.25,13.40,676018,9036341,0.2,,562342380,283,,,1
2017-01-04,3698,隆達,twse,13.40,13.50,13.40,13.45,583300,7838883,0.05,,562342380,269,,,1
2017-01-05,3698,隆達,twse,13.70,14.35,13.70,14.05,6984478,98225661,0.6,,562342380,2127,,,1
2017-01-06,3698,隆達,twse,14.20,14.20,13.90,13.95,2821000,39668350,-0.1,,562342380,806,,,1
2017-01-09,3698,隆達,twse,14.00,14.00,13.70,13.70,1628750,22482774,-0.25,,562342380,547,,,1
2017-01-10,3698,隆達,twse,13.70,13.80,13.50,13.50,1502805,20376425,-0.2,,562342380,470,,,1
2017-01-11,3698,隆達,twse,13.60,13.65,13.50,13.50,706543,9565829,0.0,,562342380,392,,,1
2017-01-12,3698,隆達,twse,13.65,14.05,13.55,13.80,2706842,37564033,0.3,,562342380,1157,,,1
2017-01-13,3698,隆達,twse,13.85,13.85,13.60,13.60,759793,10384673,-0.2,,562342380,376,,,1
2017-01-16,3698,隆達,twse,13.55,13.55,13.30,13.30,1251702,16780886,-0.3,,562342380,593,,,1
2017-01-17,3698,隆達,twse,13.35,13.45,13.30,13.45,353732,4733684,0.15,,562342380,225,,,1
2017-01-18,3698,隆達,twse,13.40,13.60,13.30,13.50,882500,11865350,0.05,,562342380,435,,,1
2017-01-19,3698,隆達,twse,13.45,13.55,13.35,13.45,740486,9957511,-0.05,,562342380,449,,,1
2017-01-20,3698,隆達,twse,14.00,14.10,13.85,13.95,3160376,44102525,0.5,,562342380,1188,,,1
2017-01-23,3698,隆達,twse,14.10,14.10,13.85,13.85,1457168,20331266,-0.1,,562342380,574,,,1
2017-01-24,3698,隆達,twse,13.80,13.95,13.75,13.75,1275045,17599965,-0.1,,562342380,565,,,1
2017-02-02,3698,隆達,twse,13.80,14.05,13.75,14.05,1916602,26699515,0.3,,562342380,763,,,1
2017-02-03,3698,隆達,twse,14.05,14.20,13.95,14.20,2407881,33950273,0.15,,562342380,877,,,1
2017-02-06,3698,隆達,twse,14.30,14.45,14.15,14.30,2596207,37036487,0.1,,562342380,955,,,1
2017-02-07,3698,隆達,twse,14.30,14.35,14.15,14.25,1708348,24363272,-0.05,,562342380,551,,,1
2017-02-08,3698,隆達,twse,14.25,14.50,14.15,14.35,2709356,38975488,0.1,,562342380,703,,,1
2017-02-09,3698,隆達,twse,14.20,14.30,14.10,14.20,1982784,28148804,-0.15,,562342380,617,,,1
2017-02-10,3698,隆達,twse,14.20,14.35,14.15,14.20,2044378,29140828,0.0,,562342380,522,,,1
2017-02-13,3698,隆達,twse,14.20,14.65,14.20,14.35,5606647,81134018,0.15,,562342380,1181,,,1
2017-02-14,3698,隆達,twse,14.35,14.50,14.35,14.35,1968709,28386101,0.0,,562342380,662,,,1
2017-02-15,3698,隆達,twse,14.45,14.55,14.35,14.45,2190352,31699594,0.1,,562342380,578,,,1
2017-02-16,3698,隆達,twse,14.45,14.70,14.45,14.55,2242217,32712130,0.1,,562342380,746,,,1
2017-02-17,3698,隆達,twse,14.80,15.45,14.75,15.20,7622193,115749467,0.65,,562342380,2306,,,1
2017-02-18,3698,隆達,twse,15.30,15.50,15.05,15.10,4362020,66707099,-0.1,,562342380,1114,,,1
2017-02-20,3698,隆達,twse,15.20,15.70,15.20,15.25,6220489,96296452,0.15,,562342380,1803,,,1
2017-02-21,3698,隆達,twse,15.40,15.45,15.05,15.35,2740882,41910802,0.1,,562342380,957,,,1
2017-02-22,3698,隆達,twse,15.40,15.60,15.35,15.55,3114140,48260568,0.2,,562342380,950,,,1
2017-02-23,3698,隆達,twse,15.65,16.00,15.60,15.65,4503720,71108816,0.1,,562342380,1324,,,1
2017-02-24,3698,隆達,twse,15.65,15.80,15.50,15.70,2438910,38287896,0.05,,562342380,758,,,1
2017-03-01,3698,隆達,twse,15.75,15.75,15.35,15.40,2681313,41598367,-0.3,,562342380,946,,,1
2017-03-02,3698,隆達,twse,15.40,15.45,14.85,14.90,3612599,54494271,-0.5,,562342380,1137,,,1
2017-03-03,3698,隆達,twse,14.90,15.15,14.80,14.95,2159167,32295086,0.05,,562342380,735,,,1
2017-03-06,3698,隆達,twse,14.90,15.10,14.80,14.95,1590360,23837561,0.0,,562342380,425,,,1
2017-03-07,3698,隆達,twse,14.80,14.90,14.35,14.50,2384324,34745474,-0.45,,562342380,905,,,1
2017-03-08,3698,隆達,twse,14.50,15.25,14.45,15.10,3985326,59718790,0.6,,562342380,1612,,,1
2017-03-09,3698,隆達,twse,15.10,15.15,14.70,14.70,1319820,19627461,-0.4,,562342380,635,,,1
2017-03-10,3698,隆達,twse,15.00,15.00,14.55,14.60,2321001,34185914,-0.1,,562342380,1026,,,1
2017-03-13,3698,隆達,twse,14.60,14.70,14.45,14.50,1360000,19787600,-0.1,,562342380,450,,,1
2017-03-14,3698,隆達,twse,14.50,15.00,14.50,14.90,4595715,68185416,0.4,,562342380,1751,,,1
2017-03-15,3698,隆達,twse,14.95,15.00,14.70,14.75,1306377,19383208,-0.15,,562342380,475,,,1
2017-03-16,3698,隆達,twse,14.90,15.10,14.80,14.80,2023500,30145224,0.05,,562342380,892,,,1
2017-03-17,3698,隆達,twse,14.95,15.10,14.70,15.10,1922528,28695870,0.3,,562342380,870,,,1
2017-03-20,3698,隆達,twse,15.00,15.10,14.90,14.90,1014073,15181430,-0.2,,562342380,614,,,1
2017-03-21,3698,隆達,twse,15.10,15.60,15.05,15.35,5032470,77406355,0.45,,542342380,1773,,,1
2017-03-22,3698,隆達,twse,15.15,15.55,15.10,15.40,3723832,57404110,0.05,,542342380,1456,,,1
2017-03-23,3698,隆達,twse,15.40,15.60,15.40,15.50,2167713,33643380,0.1,,542342380,896,,,1
2017-03-24,3698,隆達,twse,15.65,15.85,15.55,15.70,2870034,45128976,0.2,,542342380,1075,,,1
2017-03-27,3698,隆達,twse,15.70,16.10,15.65,16.00,3506606,55948297,0.3,,542342380,1434,,,1
2017-03-28,3698,隆達,twse,16.30,16.45,16.05,16.25,4713982,76376455,0.25,,542342380,1677,,,1
2017-03-29,3698,隆達,twse,16.35,16.45,16.15,16.40,2980308,48653265,0.15,,542342380,1196,,,1
2017-03-30,3698,隆達,twse,16.50,17.10,16.45,16.95,6412256,108307591,0.55,,542342380,2555,,,1
2017-03-31,3698,隆達,twse,17.20,17.95,17.00,17.60,8673967,151335460,0.65,,542342380,3410,,,1
2017-04-05,3698,隆達,twse,17.95,18.20,17.75,17.80,6713399,120477284,0.2,,542342380,2597,,,1
2017-04-06,3698,隆達,twse,17.70,18.30,17.65,17.65,5210728,93252836,-0.15,,542342380,1836,,,1
2017-04-07,3698,隆達,twse,17.85,18.35,17.65,18.20,7898527,142967934,0.55,,542342380,2831,,,1
2017-04-10,3698,隆達,twse,18.30,18.90,18.20,18.85,5403272,100149407,0.65,,542342380,2197,,,1
2017-04-11,3698,隆達,twse,18.85,19.15,18.60,18.95,5879341,111414722,0.1,,542342380,2403,,,1
2017-04-12,3698,隆達,twse,19.00,20.00,19.00,19.95,7654263,149618233,1.0,,542342380,3038,,,1
2017-04-13,3698,隆達,twse,20.30,20.75,18.30,18.45,10957214,213729990,-1.5,,542342380,4596,,,1
2017-04-14,3698,隆達,twse,18.50,18.55,17.75,17.85,8489569,152893310,-0.6,,542342380,2916,,,1
2017-04-17,3698,隆達,twse,18.10,18.30,17.30,18.10,5173406,92024594,0.25,,542342380,1876,,,1
2017-04-18,3698,隆達,twse,18.30,18.60,18.05,18.20,3695815,67479440,0.1,,547042380,1338,,,1
2017-04-19,3698,隆達,twse,18.20,18.20,17.35,17.50,3889353,68896324,-0.7,,547042380,2075,,,1
2017-04-20,3698,隆達,twse,17.50,18.00,17.35,18.00,2314565,40954109,0.5,,547042380,919,,,1
2017-04-21,3698,隆達,twse,18.35,18.40,17.90,18.20,2799049,50898033,0.2,,547042380,1089,,,1
2017-04-24,3698,隆達,twse,18.20,18.40,17.80,18.20,2073987,37672114,0.0,,547042380,1030,,,1
2017-04-25,3698,隆達,twse,18.25,18.55,18.15,18.35,2782332,51193436,0.15,,547042380,1257,,,1
2017-04-26,3698,隆達,twse,18.60,20.15,18.60,20.15,12164222,241343154,1.8,,547042380,3790,,,1
2017-04-27,3698,隆達,twse,20.75,21.90,20.65,21.75,26853378,570836915,1.6,,547042380,10699,,,1
2017-04-28,3698,隆達,twse,22.00,22.10,20.65,20.85,11685763,249364977,-0.9,,547042380,4824,,,1
2017-05-02,3698,隆達,twse,21.15,22.10,20.95,21.00,12620510,271929555,0.15,,547042380,5260,,,1
2017-05-03,3698,隆達,twse,20.70,21.05,20.30,20.40,5276600,109174077,-0.6,,547042380,2316,,,1
2017-05-04,3698,隆達,twse,20.65,21.35,20.55,20.80,6698741,140084682,0.4,,547042380,2951,,,1
2017-05-05,3698,隆達,twse,20.75,21.10,20.60,21.10,3485120,72482570,0.3,,547042380,1608,,,1
2017-05-08,3698,隆達,twse,20.90,21.00,20.55,20.90,3443725,71686579,-0.2,,547042380,1483,,,1
2017-05-09,3698,隆達,twse,20.90,20.90,19.85,20.10,5823040,117432250,-0.8,,547042380,2212,,,1
2017-05-10,3698,隆達,twse,20.00,20.30,19.85,20.15,2815270,56391750,0.05,,547042380,1169,,,1
2017-05-11,3698,隆達,twse,19.95,20.05,18.95,18.95,3497705,68061253,-1.2,,547042380,1691,,,1
2017-05-12,3698,隆達,twse,18.85,20.15,18.75,20.05,5511931,108915925,1.1,,547042380,2501,,,1
2017-05-15,3698,隆達,twse,20.30,20.80,19.80,19.85,5114388,103863091,-0.2,,547042380,2135,,,1
2017-05-16,3698,隆達,twse,19.90,19.95,19.30,19.30,2270930,44291461,-0.55,,547042380,1206,,,1
2017-05-17,3698,隆達,twse,19.25,19.50,19.20,19.40,1688857,32756937,0.1,,547042380,1050,,,1
2017-05-18,3698,隆達,twse,18.90,19.40,18.80,19.40,1384233,26563533,0.0,,547042380,843,,,1
2017-05-19,3698,隆達,twse,19.35,20.00,19.15,19.15,2038507,39766283,-0.25,,547042380,1215,,,1
2017-05-22,3698,隆達,twse,19.10,19.50,18.80,19.20,1686625,32401004,0.05,,547042380,797,,,1
2017-05-23,3698,隆達,twse,19.20,20.25,19.20,19.45,4285576,85104691,0.25,,547042380,2032,,,1
2017-05-24,3698,隆達,twse,19.55,20.75,19.25,20.65,4267885,85623783,1.2,,547042380,2117,,,1
2017-05-25,3698,隆達,twse,20.80,21.30,19.85,19.95,11322195,234267084,-0.7,,547042380,4847,,,1
2017-05-26,3698,隆達,twse,19.95,20.00,19.40,19.45,3054207,59821950,-0.5,,547042380,1595,,,1
2017-05-31,3698,隆達,twse,19.65,19.70,18.90,19.00,2954015,56473032,-0.45,,547042380,1341,,,1
2017-06-01,3698,隆達,twse,19.10,19.60,19.05,19.15,2178506,41959264,0.15,,547042380,1196,,,1
2017-06-02,3698,隆達,twse,19.25,19.30,18.90,18.90,2135850,40603121,-0.25,,547042380,977,,,1
2017-06-03,3698,隆達,twse,19.15,19.55,19.05,19.35,2049500,39690025,0.45,,512327580,958,,,1
2017-06-05,3698,隆達,twse,19.35,19.50,19.05,19.15,1340850,25778076,-0.2,,512327580,791,,,1
2017-06-06,3698,隆達,twse,19.10,19.30,19.10,19.15,1007950,19318638,0.0,,512327580,532,,,1
2017-06-07,3698,隆達,twse,19.20,19.25,18.90,19.00,1202104,22891857,-0.15,,512327580,674,,,1
2017-06-08,3698,隆達,twse,18.90,19.20,18.80,19.10,1175801,22345527,0.1,,512327580,660,,,1
2017-06-09,3698,隆達,twse,19.20,19.25,18.80,18.85,1461140,27666336,-0.25,,512327580,707,,,1
2017-06-12,3698,隆達,twse,18.60,18.70,18.35,18.35,1800654,33222367,-0.5,,512327580,881,,,1
2017-06-13,3698,隆達,twse,18.35,18.55,18.20,18.55,1205675,22168670,0.2,,512327580,703,,,1
2017-06-14,3698,隆達,twse,18.65,18.75,17.70,17.90,2608555,47148930,-0.65,,512327580,1257,,,1
2017-06-15,3698,隆達,twse,17.90,18.05,17.50,17.80,1339282,23712639,-0.1,,512327580,643,,,1
2017-06-16,3698,隆達,twse,17.80,18.55,17.80,18.50,2375488,43605726,0.7,,512327580,958,,,1
2017-06-19,3698,隆達,twse,18.60,18.60,18.20,18.50,1019573,18802890,0.0,,512327580,518,,,1
2017-06-20,3698,隆達,twse,18.50,18.85,18.40,18.40,1654123,30831900,-0.1,,512327580,656,,,1
2017-06-21,3698,隆達,twse,18.35,18.75,18.15,18.65,1589507,29493727,0.25,,512327580,695,,,1
2017-06-22,3698,隆達,twse,18.65,18.85,18.50,18.50,933400,17390905,-0.15,,512327580,411,,,1
2017-06-23,3698,隆達,twse,18.50,18.60,18.25,18.40,658777,12098215,-0.1,,512327580,337,,,1
2017-06-26,3698,隆達,twse,18.40,18.50,17.95,18.00,1455867,26426006,-0.4,,512327580,672,,,1
2017-06-27,3698,隆達,twse,18.10,18.50,18.05,18.50,1330557,24378497,0.5,,512327580,675,,,1
2017-06-28,3698,隆達,twse,18.40,18.40,18.20,18.35,724825,13248155,-0.15,,512327580,419,,,1
2017-06-29,3698,隆達,twse,18.40,18.40,17.80,18.05,1718034,31030958,-0.3,,512327580,711,,,1
2017-06-30,3698,隆達,twse,17.95,18.15,17.85,18.00,614877,11108397,-0.05,,512327580,346,,,1
2017-07-03,3698,隆達,twse,18.05,18.30,18.05,18.15,710779,12939572,0.15,,512327580,346,,,1
2017-07-04,3698,隆達,twse,18.20,18.50,18.10,18.35,855802,15646974,0.2,,512327580,443,,,1
2017-07-05,3698,隆達,twse,18.45,18.50,18.05,18.10,860146,15698149,-0.25,,512327580,389,,,1
2017-07-06,3698,隆達,twse,18.10,18.35,18.10,18.35,703532,12809057,0.25,,512327580,323,,,1
2017-07-07,3698,隆達,twse,18.35,18.50,18.25,18.40,1145455,21034625,0.05,,512327580,467,,,1
2017-07-10,3698,隆達,twse,18.50,19.10,18.50,18.75,2803839,52682994,0.35,,512327580,1188,,,1
2017-07-11,3698,隆達,twse,19.00,19.10,18.75,19.10,2202975,41842775,0.35,,512327580,970,,,1
2017-07-12,3698,隆達,twse,19.15,19.15,18.80,19.00,1042196,19737492,-0.1,,512327580,495,,,1
2017-07-13,3698,隆達,twse,18.95,19.00,18.55,18.55,1089492,20376450,-0.45,,512327580,640,,,1
2017-07-14,3698,隆達,twse,18.60,18.70,18.30,18.35,1036898,19149336,-0.2,,512327580,585,,,1
2017-07-17,3698,隆達,twse,18.40,18.55,18.25,18.30,786340,14460736,-0.05,,512327580,469,,,1
2017-07-18,3698,隆達,twse,18.30,18.50,18.30,18.30,479400,8810350,0.0,,512327580,248,,,1
2017-07-19,3698,隆達,twse,18.30,18.50,18.20,18.30,777334,14280377,0.0,,512327580,478,,,1
2017-07-20,3698,隆達,twse,18.40,18.50,18.30,18.35,626963,11534870,0.05,,512327580,308,,,1
2017-07-21,3698,隆達,twse,18.40,18.50,18.00,18.10,1097640,19940715,-0.25,,512327580,746,,,1
2017-07-24,3698,隆達,twse,18.00,18.15,17.70,17.75,1157706,20665280,-0.35,,512327580,661,,,1
2017-07-25,3698,隆達,twse,17.80,18.20,17.80,17.85,1046100,18847882,0.1,,512327580,610,,,1
2017-07-26,3698,隆達,twse,17.90,18.15,17.70,17.70,884776,15785134,-0.15,,512327580,432,,,1
2017-07-27,3698,隆達,twse,17.80,18.00,17.75,17.90,619250,11064000,0.2,,512327580,332,,,1
2017-07-28,3698,隆達,twse,17.85,18.00,17.70,17.75,575155,10236400,-0.15,,512327580,304,,,1
2017-07-31,3698,隆達,twse,17.80,17.85,17.55,17.60,520400,9182538,-0.15,,512327580,276,,,1
2017-08-01,3698,隆達,twse,17.80,18.20,17.70,18.10,911777,16449636,0.5,,512327580,525,,,1
2017-08-02,3698,隆達,twse,18.15,18.20,17.95,18.15,456550,8247777,0.05,,512327580,254,,,1
2017-08-03,3698,隆達,twse,18.15,18.15,17.95,18.00,568500,10255450,-0.15,,512327580,298,,,1
2017-08-04,3698,隆達,twse,18.00,18.60,18.00,18.30,2979518,54522226,0.3,,512327580,980,,,1
2017-08-07,3698,隆達,twse,18.30,18.90,18.30,18.70,2004934,37312118,0.4,,512327580,871,,,1
2017-08-08,3698,隆達,twse,18.90,19.10,18.35,18.35,2025915,37917798,-0.35,,512327580,977,,,1
2017-08-09,3698,隆達,twse,18.55,18.75,18.10,18.20,820332,15054908,-0.15,,512327580,465,,,1
2017-08-10,3698,隆達,twse,18.15,18.20,17.35,17.40,1923762,33975157,-0.8,,512327580,877,,,1
2017-08-11,3698,隆達,twse,17.40,17.60,17.20,17.40,1449649,25333692,0.0,,512327580,551,,,1
2017-08-14,3698,隆達,twse,17.40,17.40,15.70,15.75,2639826,42601124,-1.65,,512327580,1202,,,1
2017-08-15,3698,隆達,twse,16.25,16.55,15.90,15.90,2103541,34143526,0.15,,512327580,1050,,,1
2017-08-16,3698,隆達,twse,15.90,16.05,15.70,15.85,1440392,22908480,-0.05,,512327580,791,,,1
2017-08-17,3698,隆達,twse,15.95,16.10,15.90,16.00,938672,15020452,0.15,,512327580,501,,,1
2017-08-18,3698,隆達,twse,15.80,16.40,15.80,16.10,2915300,47088399,0.1,,512327580,907,,,1
2017-08-21,3698,隆達,twse,16.05,16.05,15.80,15.85,1111682,17655926,-0.25,,512327580,714,,,1
2017-08-22,3698,隆達,twse,16.00,16.05,15.90,15.90,1164930,18610731,0.05,,512327580,557,,,1
2017-08-23,3698,隆達,twse,16.10,16.70,15.95,16.50,3221818,52789415,0.6,,512327580,1315,,,1
2017-08-24,3698,隆達,twse,16.70,17.25,16.65,17.15,2938811,50059870,0.65,,512327580,1340,,,1
2017-08-25,3698,隆達,twse,17.20,17.40,16.85,16.90,2503075,42892567,-0.25,,512307580,1103,,,1
2017-08-28,3698,隆達,twse,16.60,16.80,16.50,16.50,1607931,26725467,-0.4,,512307580,849,,,1
2017-08-29,3698,隆達,twse,16.50,16.55,16.30,16.40,888055,14562954,-0.1,,512307580,538,,,1
2017-08-30,3698,隆達,twse,16.65,16.75,16.50,16.60,879517,14615079,0.2,,512307580,511,,,1
2017-08-31,3698,隆達,twse,16.70,16.90,16.60,16.70,978539,16358694,0.1,,512307580,504,,,1
2017-09-01,3698,隆達,twse,16.80,17.20,16.80,17.00,1674023,28555641,0.3,,512307580,730,,,1
2017-09-04,3698,隆達,twse,17.00,17.00,16.50,16.75,659203,11079039,-0.25,,512307580,316,,,1
2017-09-05,3698,隆達,twse,16.75,17.05,16.75,16.90,938098,15889145,0.15,,512307580,428,,,1
2017-09-06,3698,隆達,twse,17.25,17.85,17.20,17.60,4640077,81435246,0.7,,512307580,1957,,,1
2017-09-07,3698,隆達,twse,17.60,18.75,17.55,18.35,7406161,134886083,0.75,,512307580,3152,,,1
2017-09-08,3698,隆達,twse,18.45,18.80,18.00,18.10,5305602,97348605,-0.25,,512307580,2167,,,1
2017-09-11,3698,隆達,twse,18.10,18.40,17.95,18.25,2573675,46763650,0.15,,512307580,1202,,,1
2017-09-12,3698,隆達,twse,18.50,18.70,17.85,17.85,1782777,32428718,-0.4,,512307580,852,,,1
2017-09-13,3698,隆達,twse,18.00,18.15,17.70,17.70,1149850,20568292,-0.15,,512307580,512,,,1
2017-09-14,3698,隆達,twse,18.00,18.35,17.65,18.35,1830115,33032095,0.65,,512307580,793,,,1
2017-09-15,3698,隆達,twse,18.50,19.55,18.50,19.25,15097737,288582243,0.9,,512307580,5120,,,1
2017-09-18,3698,隆達,twse,19.30,19.45,18.60,18.60,5712682,108504350,-0.65,,512307580,2318,,,1
2017-09-19,3698,隆達,twse,18.85,18.85,17.95,17.95,3304951,60083804,-0.65,,512307580,1457,,,1
2017-09-20,3698,隆達,twse,18.00,18.30,17.60,17.70,2624752,47027958,-0.25,,512307580,1284,,,1
2017-09-21,3698,隆達,twse,17.65,18.05,17.50,17.75,2474209,44174605,0.05,,512307580,757,,,1
2017-09-22,3698,隆達,twse,18.00,18.00,17.20,17.20,2094820,36537949,-0.55,,512307580,991,,,1
2017-09-25,3698,隆達,twse,17.20,17.30,16.45,16.70,2034207,33937134,-0.5,,512307580,1004,,,1
2017-09-26,3698,隆達,twse,16.80,16.95,16.40,16.40,901277,15051769,-0.3,,512307580,428,,,1
2017-09-27,3698,隆達,twse,16.60,16.95,16.50,16.85,931750,15635425,0.45,,512307580,424,,,1
2017-09-28,3698,隆達,twse,17.30,17.30,16.85,16.85,952787,16181270,0.0,,512307580,417,,,1
2017-09-29,3698,隆達,twse,18.25,18.30,17.60,17.65,5112111,91559745,0.8,,512307580,2183,,,1
2017-09-30,3698,隆達,twse,17.80,17.85,17.65,17.75,945531,16762022,0.1,,512307580,421,,,1
2017-10-02,3698,隆達,twse,17.95,17.95,17.50,17.60,2646250,46829249,-0.15,,512307580,786,,,1
2017-10-03,3698,隆達,twse,17.70,17.80,17.45,17.45,735019,12908929,-0.15,,512307580,351,,,1
2017-10-05,3698,隆達,twse,17.60,17.90,17.50,17.55,2041450,36140745,0.1,,512307580,817,,,1
2017-10-06,3698,隆達,twse,17.60,17.65,17.30,17.40,1217500,21232349,-0.15,,512307580,562,,,1
2017-10-11,3698,隆達,twse,17.45,17.55,16.95,17.00,1245006,21285050,-0.4,,512307580,652,,,1
2017-10-12,3698,隆達,twse,17.15,17.40,17.05,17.15,1985380,34261746,0.15,,512307580,918,,,1
2017-10-13,3698,隆達,twse,17.25,17.35,17.10,17.15,1064280,18317600,0.0,,512307580,458,,,1
2017-10-16,3698,隆達,twse,17.35,17.70,17.25,17.50,2174050,38082174,0.35,,512307580,861,,,1
2017-10-17,3698,隆達,twse,17.45,17.50,16.90,16.90,1709551,29171367,-0.6,,512307580,811,,,1
2017-10-18,3698,隆達,twse,16.95,17.05,16.80,16.85,749125,12664700,-0.05,,512307580,404,,,1
2017-10-19,3698,隆達,twse,17.20,17.70,17.15,17.70,5364370,93653960,0.85,,512307580,1893,,,1
2017-10-20,3698,隆達,twse,17.70,17.70,17.30,17.30,2864028,50111629,-0.4,,512307580,1136,,,1
2017-10-23,3698,隆達,twse,17.60,17.90,17.35,17.85,5722812,101306762,0.55,,512307580,1720,,,1
2017-10-24,3698,隆達,twse,18.15,18.15,17.80,17.80,2630100,47226479,-0.05,,512307580,1025,,,1
2017-10-25,3698,隆達,twse,17.95,18.40,17.80,17.95,4305017,78018150,0.15,,512307580,1577,,,1
2017-10-26,3698,隆達,twse,18.15,18.25,18.00,18.05,1761378,31902904,0.1,,512307580,765,,,1
2017-10-27,3698,隆達,twse,18.30,18.30,17.40,17.40,1972878,34968826,-0.65,,512307580,915,,,1
2017-10-30,3698,隆達,twse,17.60,17.65,17.20,17.25,945576,16430748,-0.15,,512307580,431,,,1
2017-10-31,3698,隆達,twse,17.50,18.35,17.35,18.25,5126115,92681180,1.0,,512307580,2081,,,1
2017-11-01,3698,隆達,twse,18.25,19.10,18.10,18.80,9447097,177835569,0.55,,512307580,3556,,,1
2017-11-02,3698,隆達,twse,18.80,19.40,18.70,19.00,8539457,163069285,0.2,,512307580,2911,,,1
2017-11-03,3698,隆達,twse,19.10,19.25,18.75,18.90,3925458,74613883,-0.1,,512307580,1450,,,1
2017-11-06,3698,隆達,twse,19.15,20.75,19.15,20.75,15311057,310052372,1.85,,512307580,5294,,,1
2017-11-07,3698,隆達,twse,21.70,22.80,21.70,22.80,34758958,782770129,2.05,,512307580,10656,,,1
2017-11-08,3698,隆達,twse,23.00,23.50,22.35,23.50,24597035,565618256,0.7,,512307580,9772,,,1
2017-11-09,3698,隆達,twse,23.65,24.30,21.80,22.10,21971451,507281655,-1.4,,512307580,8810,,,1
2017-11-10,3698,隆達,twse,22.10,23.80,21.85,23.30,25007486,579974585,1.2,,512307580,9507,,,1
2017-11-13,3698,隆達,twse,22.85,23.30,22.70,23.05,11028263,252971070,-0.25,,512307580,3330,,,1
2017-11-14,3698,隆達,twse,23.25,23.60,22.80,23.05,18580704,430732751,0.0,,512307580,4935,,,1
2017-11-15,3698,隆達,twse,23.20,23.75,23.10,23.30,16316259,382322676,0.25,,512307580,5724,,,1
2017-11-16,3698,隆達,twse,23.15,23.50,22.25,23.45,10556889,241982909,0.15,,512307580,4291,,,1
2017-11-17,3698,隆達,twse,25.55,25.75,22.65,22.65,30863937,751666352,-0.8,,512307580,11048,,,1
2017-11-20,3698,隆達,twse,22.40,22.75,22.05,22.15,11809267,263644537,-0.5,,512307580,4395,,,1
2017-11-21,3698,隆達,twse,22.90,24.20,22.85,23.75,21687652,510809007,1.6,,512271180,8826,,,1
2017-11-22,3698,隆達,twse,23.85,24.65,23.35,23.85,26689752,641181724,0.1,,512271180,9093,,,1
2017-11-23,3698,隆達,twse,24.00,26.20,23.95,26.20,43038823,1094171695,2.35,,512271180,13765,,,1
2017-11-24,3698,隆達,twse,27.50,28.80,26.60,28.80,63843599,1766072177,2.6,,512271180,22869,,,1
2017-11-27,3698,隆達,twse,27.80,28.10,26.30,26.30,31888662,866584429,-2.5,,512271180,13643,,,1
2017-11-28,3698,隆達,twse,26.50,28.80,26.35,28.10,36182034,996130885,1.8,,512271180,15119,,,1
2017-11-29,3698,隆達,twse,27.90,28.65,27.20,27.40,31055215,864163620,-0.7,,512271180,12785,,,1
2017-11-30,3698,隆達,twse,26.50,29.15,26.50,28.45,40983918,1145283017,1.05,,512271180,13152,,,1
2017-12-01,3698,隆達,twse,28.45,29.50,27.55,28.75,72045889,2081117091,0.3,,512271180,22046,,,1
2017-12-04,3698,隆達,twse,28.75,29.40,28.60,28.70,31258087,906348440,-0.05,,512271180,10330,,,1
2017-12-05,3698,隆達,twse,28.90,29.20,27.55,27.65,30604273,865887740,-1.05,,512271180,10348,,,1
2017-12-06,3698,隆達,twse,27.70,28.15,26.10,27.05,21091600,573900275,-0.6,,512271180,8271,,,1
2017-12-07,3698,隆達,twse,27.45,27.90,26.75,26.85,13147145,358442989,-0.2,,512271180,4938,,,1
2017-12-08,3698,隆達,twse,27.00,27.65,26.50,27.65,35968949,970702480,0.8,,512271180,10084,,,1
2017-12-11,3698,隆達,twse,27.85,28.35,27.05,27.05,17989588,498471163,-0.6,,512271180,7481,,,1
2017-12-12,3698,隆達,twse,27.00,27.50,26.60,27.20,10831193,292887197,0.15,,512271180,4853,,,1
2017-12-13,3698,隆達,twse,26.90,27.40,26.85,27.25,9316788,252616778,0.05,,512271180,3571,,,1
2017-12-14,3698,隆達,twse,27.35,28.35,27.35,27.90,24352722,680652833,0.65,,512271180,9048,,,1
2017-12-15,3698,隆達,twse,28.70,29.20,28.40,28.50,61984887,1783012123,0.6,,512271180,20575,,,1
2017-12-18,3698,隆達,twse,28.40,28.40,27.65,27.65,13629241,380454066,-0.85,,512271180,6097,,,1
2017-12-19,3698,隆達,twse,27.85,27.95,26.60,26.70,17087777,461372939,-0.95,,512271180,7118,,,1
2017-12-20,3698,隆達,twse,26.70,27.05,26.45,27.00,10638652,284929254,0.3,,512271180,4368,,,1
2017-12-21,3698,隆達,twse,27.00,27.25,26.50,26.55,8549831,228838592,-0.45,,512271180,3602,,,1
2017-12-22,3698,隆達,twse,26.40,26.50,25.85,26.15,10981465,286921008,-0.4,,512271180,4500,,,1
2017-12-25,3698,隆達,twse,26.05,26.75,25.80,26.35,6741199,177098530,0.2,,512271180,3038,,,1
2017-12-26,3698,隆達,twse,26.35,26.60,25.80,26.00,9523840,247980140,-0.35,,512271180,3138,,,1
2017-12-27,3698,隆達,twse,26.20,26.75,26.00,26.55,9557863,252359830,0.55,,512271180,2995,,,1
2017-12-28,3698,隆達,twse,26.75,27.15,26.45,26.50,16102650,431293027,-0.05,,512271180,4813,,,1
2017-12-29,3698,隆達,twse,26.50,26.85,26.35,26.70,7659487,203681875,0.2,,512271180,2457,,,1
2018-01-02,3698,隆達,twse,26.70,26.80,26.40,26.40,3472537,92312481,-0.3,,512271180,1315,,,1
2018-01-03,3698,隆達,twse,26.65,26.90,26.40,26.40,6288253,167559875,0.0,,512271180,2377,,,1
2018-01-04,3698,隆達,twse,26.50,27.40,26.10,27.05,12205598,327584601,0.65,,512271180,4782,,,1
2018-01-05,3698,隆達,twse,27.25,27.35,26.30,26.30,6609486,176524501,-0.75,,512271180,3059,,,1
2018-01-08,3698,隆達,twse,25.40,25.40,24.00,24.00,11786482,287389268,-2.3,,512271180,5556,,,1
2018-01-09,3698,隆達,twse,24.00,24.40,24.00,24.00,3459960,83591671,0.0,,512271180,1816,,,1
2018-01-10,3698,隆達,twse,24.05,24.15,22.85,24.00,9015891,211110877,0.0,,512271180,3876,,,1
2018-01-11,3698,隆達,twse,24.45,24.70,24.00,24.00,3722110,90444093,0.0,,512271180,1952,,,1
2018-01-12,3698,隆達,twse,24.45,25.90,24.40,25.35,11044650,280400060,1.35,,512271180,5382,,,1
2018-01-15,3698,隆達,twse,25.70,26.15,25.10,25.95,8991838,232236033,0.6,,512271180,4061,,,1
2018-01-16,3698,隆達,twse,25.90,25.90,25.35,25.80,3562772,91460086,-0.15,,512271180,1748,,,1
2018-01-17,3698,隆達,twse,25.75,26.40,25.50,25.60,5091050,132123831,-0.2,,512271180,2450,,,1
2018-01-18,3698,隆達,twse,25.80,26.00,25.30,25.30,2972282,76152779,-0.3,,512271180,1618,,,1
2018-01-19,3698,隆達,twse,25.40,25.55,25.00,25.00,2731685,69082937,-0.3,,512271180,1404,,,1
2018-01-22,3698,隆達,twse,25.00,25.90,25.00,25.50,2836039,72084183,0.5,,512271180,1497,,,1
2018-01-23,3698,隆達,twse,25.60,25.90,24.85,24.85,3363100,85456316,-0.65,,512271180,1676,,,1
2018-01-24,3698,隆達,twse,24.75,25.00,24.50,24.95,2458930,60963704,0.1,,512271180,1294,,,1
2018-01-25,3698,隆達,twse,25.20,25.25,24.25,24.30,3103240,76448004,-0.65,,512271180,1726,,,1
2018-01-26,3698,隆達,twse,24.15,24.45,24.05,24.10,2044620,49517530,-0.2,,512271180,1007,,,1
2018-01-29,3698,隆達,twse,24.20,24.50,24.05,24.20,1359900,32971637,0.1,,512271180,714,,,1
2018-01-30,3698,隆達,twse,24.45,24.80,24.20,24.20,1959960,47943525,0.0,,512271180,981,,,1
2018-01-31,3698,隆達,twse,24.45,24.45,24.00,24.25,1504218,36532382,0.05,,512271180,826,,,1
2018-02-01,3698,隆達,twse,24.40,24.75,24.40,24.70,2153246,53035109,0.45,,512271180,1136,,,1
2018-02-02,3698,隆達,twse,24.75,24.85,24.30,24.35,1603860,39298787,-0.35,,512271180,839,,,1
2018-02-05,3698,隆達,twse,23.05,23.65,23.05,23.65,2119835,49559135,-0.7,,512271180,1140,,,1
2018-02-06,3698,隆達,twse,22.80,22.95,21.30,21.30,5454687,118436582,-2.35,,512271180,2143,,,1
2018-02-07,3698,隆達,twse,21.80,22.25,21.45,21.45,3473500,75701774,0.15,,512271180,1857,,,1
2018-02-08,3698,隆達,twse,21.65,21.90,20.85,20.95,2336740,49836063,-0.5,,512271180,1179,,,1
2018-02-09,3698,隆達,twse,19.00,21.15,19.00,21.00,3265467,65183107,0.05,,512271180,1480,,,1
2018-02-12,3698,隆達,twse,21.30,21.55,20.35,20.35,2530367,52463963,-0.65,,512271180,1355,,,1
2018-02-21,3698,隆達,twse,20.90,21.70,20.90,21.60,2642462,56702331,1.25,,512271180,1499,,,1
2018-02-22,3698,隆達,twse,21.55,23.30,21.20,23.30,5396067,122773507,1.7,,512271180,2743,,,1
2018-02-23,3698,隆達,twse,23.10,23.55,22.70,22.70,3703110,85435850,-0.6,,512271180,1945,,,1
2018-02-26,3698,隆達,twse,23.00,23.05,22.55,22.60,1291225,29365245,-0.1,,512271180,728,,,1
2018-02-27,3698,隆達,twse,23.00,23.00,22.20,22.35,1486020,33603795,-0.25,,512271180,820,,,1
2018-03-01,3698,隆達,twse,22.00,22.50,21.90,22.40,1035641,23068755,0.05,,512271180,621,,,1
2018-03-02,3698,隆達,twse,22.20,22.20,21.90,21.95,1338897,29441586,-0.45,,512271180,790,,,1
2018-03-05,3698,隆達,twse,22.00,22.15,21.00,21.00,1942105,41630378,-0.95,,512271180,1061,,,1
2018-03-06,3698,隆達,twse,21.20,21.60,21.20,21.35,1769080,37848107,0.35,,512271180,875,,,1
2018-03-07,3698,隆達,twse,21.50,21.80,20.80,20.95,2162100,46010192,-0.4,,512271180,1101,,,1
2018-03-08,3698,隆達,twse,21.05,21.95,20.90,21.35,2311173,49611634,0.4,,512271180,1175,,,1
2018-03-09,3698,隆達,twse,21.45,21.60,21.00,21.05,1498648,31793537,-0.3,,512271180,868,,,1
2018-03-12,3698,隆達,twse,21.25,21.35,21.05,21.15,1277850,27061132,0.1,,512271180,697,,,1
2018-03-13,3698,隆達,twse,21.30,21.50,21.05,21.15,1480489,31427086,0.0,,512271180,952,,,1
2018-03-14,3698,隆達,twse,21.10,21.45,21.05,21.05,1421250,30117925,-0.1,,512271180,853,,,1
2018-03-15,3698,隆達,twse,21.00,21.20,20.75,20.75,1952239,40886732,-0.3,,512271180,1031,,,1
2018-03-16,3698,隆達,twse,21.30,21.35,21.00,21.20,2517423,53437264,0.45,,512271180,1291,,,1
2018-03-19,3698,隆達,twse,21.20,21.25,20.90,20.90,1596200,33570979,-0.3,,512271180,804,,,1
2018-03-20,3698,隆達,twse,21.60,22.95,21.50,22.95,16710077,379514714,2.05,,512271180,5916,,,1
2018-03-21,3698,隆達,twse,23.00,23.70,23.00,23.35,17770841,414699590,0.4,,512271180,7302,,,1
2018-03-22,3698,隆達,twse,23.50,23.65,22.10,22.10,6277700,142950202,-1.25,,512271180,2943,,,1
2018-03-23,3698,隆達,twse,20.95,21.60,20.90,21.25,3212100,68234900,-0.85,,512271180,1630,,,1
2018-03-26,3698,隆達,twse,21.10,21.45,21.00,21.00,2401542,50843482,-0.25,,512271180,1274,,,1
2018-03-27,3698,隆達,twse,21.30,21.40,20.90,21.05,2852187,60173795,0.05,,512271180,1245,,,1
2018-03-28,3698,隆達,twse,21.45,21.70,21.00,21.30,3325685,71031472,0.25,,512271180,1710,,,1
2018-03-29,3698,隆達,twse,21.40,21.50,20.85,20.85,2418388,50816688,-0.45,,512271180,1248,,,1
2018-03-30,3698,隆達,twse,21.05,21.40,20.80,20.85,1975284,41537418,0.0,,512271180,1074,,,1
2018-03-31,3698,隆達,twse,21.10,21.20,20.85,20.90,964502,20233893,0.05,,512271180,467,,,1
2018-04-02,3698,隆達,twse,21.10,21.20,20.25,20.35,2462450,50617273,-0.55,,512271180,1220,,,1
2018-04-03,3698,隆達,twse,20.00,20.20,19.85,19.95,1801150,35950150,-0.4,,512271180,912,,,1
2018-04-09,3698,隆達,twse,19.95,20.10,19.35,19.45,2430171,47554332,-0.5,,512271180,1040,,,1
2018-04-10,3698,隆達,twse,19.45,19.85,19.35,19.35,1488864,29089152,-0.1,,512271180,866,,,1
2018-04-11,3698,隆達,twse,19.50,19.65,19.20,19.20,1802605,34937345,-0.15,,512271180,839,,,1
2018-04-12,3698,隆達,twse,19.40,19.45,19.30,19.35,1209451,23432694,0.15,,512271180,679,,,1
2018-04-13,3698,隆達,twse,19.50,19.75,19.35,19.45,1977500,38635849,0.1,,512271180,1053,,,1
2018-04-16,3698,隆達,twse,19.70,19.70,19.10,19.15,1851621,35713622,-0.3,,512271180,983,,,1
2018-04-17,3698,隆達,twse,19.35,19.45,18.05,18.05,3819778,71327709,-1.1,,512271180,1816,,,1
2018-04-18,3698,隆達,twse,18.30,19.85,18.25,19.85,9416994,185068279,1.8,,512271180,3210,,,1
2018-04-19,3698,隆達,twse,20.20,20.30,19.10,19.25,8184103,160221986,-0.6,,512271180,3593,,,1
2018-04-20,3698,隆達,twse,19.15,19.40,18.90,19.05,1935100,36939385,-0.2,,512271180,912,,,1
2018-04-23,3698,隆達,twse,19.30,19.45,18.60,18.60,2274050,43008495,-0.45,,512271180,1062,,,1
2018-04-24,3698,隆達,twse,18.50,18.60,16.80,17.40,4055200,71226350,-1.2,,512271180,1836,,,1
2018-04-25,3698,隆達,twse,17.30,17.90,17.20,17.90,2041477,35972838,0.5,,512271180,1122,,,1
2018-04-26,3698,隆達,twse,18.10,18.30,17.00,17.00,3008973,52770485,-0.9,,512271180,1390,,,1
2018-04-27,3698,隆達,twse,17.30,17.45,17.00,17.25,1333387,22897667,0.25,,512271180,698,,,1
2018-04-30,3698,隆達,twse,17.40,17.95,17.20,17.95,1706657,30121506,0.7,,512271180,817,,,1
2018-05-02,3698,隆達,twse,17.85,18.10,17.60,17.70,1337100,23947035,-0.25,,512271180,881,,,1
2018-05-03,3698,隆達,twse,17.70,18.50,17.70,17.95,2097420,37988910,0.25,,512271180,1197,,,1
2018-05-04,3698,隆達,twse,17.80,18.20,17.75,18.05,1409984,25416908,0.1,,512271180,822,,,1
2018-05-07,3698,隆達,twse,18.00,18.10,17.30,17.40,2288100,40232065,-0.65,,512271180,1288,,,1
2018-05-08,3698,隆達,twse,17.35,17.65,17.35,17.60,1327782,23289951,0.2,,512271180,789,,,1
2018-05-09,3698,隆達,twse,17.60,17.80,17.10,17.15,1752800,30457208,-0.45,,512271180,936,,,1
2018-05-10,3698,隆達,twse,17.35,17.75,17.30,17.75,2160095,37997441,0.6,,512271180,1053,,,1
2018-05-11,3698,隆達,twse,17.80,17.95,17.45,17.45,1893200,33435499,-0.3,,512271180,924,,,1
2018-05-14,3698,隆達,twse,17.55,17.60,17.20,17.25,1547392,26792028,-0.2,,512271180,836,,,1
2018-05-15,3698,隆達,twse,17.30,17.50,17.00,17.00,3527046,60782732,-0.25,,512271180,1442,,,1
2018-05-16,3698,隆達,twse,17.05,17.35,17.00,17.05,1718200,29411510,0.05,,511696380,852,,,1
2018-05-17,3698,隆達,twse,17.25,17.25,17.00,17.05,1160577,19846922,0.0,,511696380,580,,,1
2018-05-18,3698,隆達,twse,17.15,17.20,17.05,17.05,730500,12490500,0.0,,511696380,402,,,1
2018-05-21,3698,隆達,twse,17.10,17.70,17.10,17.35,3123184,54470836,0.3,,511696380,1354,,,1
2018-05-22,3698,隆達,twse,17.45,17.45,17.05,17.05,1929724,33142901,-0.3,,511696380,925,,,1
2018-05-23,3698,隆達,twse,17.20,17.65,17.10,17.60,2424301,42120545,0.55,,511696380,1005,,,1
2018-05-24,3698,隆達,twse,17.75,18.50,17.65,17.90,7865748,142549851,0.3,,511696380,3415,,,1
2018-05-25,3698,隆達,twse,17.95,18.55,17.95,18.25,6432409,117587611,0.35,,511696380,2755,,,1
2018-05-28,3698,隆達,twse,18.20,18.25,17.90,17.95,2316747,41735405,-0.3,,511696380,937,,,1
2018-05-29,3698,隆達,twse,18.00,18.45,18.00,18.00,2511577,45648686,0.05,,511696380,1052,,,1
2018-05-30,3698,隆達,twse,17.95,18.05,17.65,17.90,1938402,34575553,-0.1,,511696380,921,,,1
2018-05-31,3698,隆達,twse,18.05,18.20,17.70,17.95,2985508,53476217,0.05,,511696380,1635,,,1
2018-06-01,3698,隆達,twse,18.05,18.95,18.05,18.40,6635833,123476042,0.45,,511696380,3011,,,1
2018-06-04,3698,隆達,twse,18.60,18.85,18.35,18.80,4679234,87083598,0.4,,511696380,2209,,,1
2018-06-05,3698,隆達,twse,19.75,20.65,19.75,20.65,11312435,230518523,1.85,,511696380,3644,,,1
2018-06-06,3698,隆達,twse,21.35,21.70,21.05,21.15,31993513,683249572,0.5,,511696380,11179,,,1
2018-06-07,3698,隆達,twse,20.85,21.10,20.50,20.60,6892521,142284980,-0.55,,511696380,3336,,,1
2018-06-08,3698,隆達,twse,20.40,20.50,19.95,20.00,5311135,106799769,-0.6,,511696380,2622,,,1
2018-06-11,3698,隆達,twse,20.20,20.40,20.00,20.05,3582261,72305243,0.05,,511696380,1664,,,1
2018-06-12,3698,隆達,twse,20.25,20.40,19.70,19.90,3294927,65693440,-0.15,,511696380,1809,,,1
2018-06-13,3698,隆達,twse,19.95,21.10,19.95,20.10,8359499,171768629,0.2,,511696380,3832,,,1
2018-06-14,3698,隆達,twse,20.20,20.30,19.70,20.10,3632724,72460900,0.0,,511696380,1981,,,1
2018-06-15,3698,隆達,twse,20.20,20.45,19.95,19.95,3854351,77760670,-0.15,,511696380,1684,,,1
2018-06-19,3698,隆達,twse,20.00,20.95,19.95,20.05,6797390,139153704,0.1,,511696380,2814,,,1
2018-06-20,3698,隆達,twse,20.40,20.40,19.10,19.40,4098200,80617808,-0.65,,511696380,1838,,,1
2018-06-21,3698,隆達,twse,19.75,20.45,19.60,19.85,4782790,95996518,0.45,,511696380,2233,,,1
2018-06-22,3698,隆達,twse,20.05,21.65,19.45,21.00,19735792,411860315,1.15,,511696380,7860,,,1
2018-06-25,3698,隆達,twse,21.80,22.50,20.95,20.95,24142907,526282247,-0.05,,511696380,10140,,,1
2018-06-26,3698,隆達,twse,20.30,20.50,19.65,19.90,7555739,150784080,-1.05,,511696380,3510,,,1
2018-06-27,3698,隆達,twse,19.95,20.40,19.70,19.70,4009800,79974130,-0.2,,511696380,1781,,,1
2018-06-28,3698,隆達,twse,19.50,19.60,19.00,19.05,4583127,88163781,-0.65,,511696380,1988,,,1
2018-06-29,3698,隆達,twse,19.15,19.45,19.05,19.10,2096842,40287200,0.05,,511696380,978,,,1
2018-07-02,3698,隆達,twse,19.30,19.50,18.85,18.85,2369300,45290390,-0.25,,511696380,1052,,,1
2018-07-03,3698,隆達,twse,19.00,19.10,18.00,18.10,4002820,73666840,-0.75,,511696380,1693,,,1
2018-07-04,3698,隆達,twse,18.15,18.45,17.65,18.10,2689384,48358219,0.0,,511696380,1038,,,1
2018-07-05,3698,隆達,twse,18.20,18.20,17.55,17.70,2705480,48265543,-0.4,,511696380,903,,,1
2018-07-06,3698,隆達,twse,17.45,17.75,17.00,17.30,3220570,55531817,0.0,,511696380,1253,,,1
2018-07-09,3698,隆達,twse,17.70,17.70,17.35,17.45,1078377,18843863,0.15,,511696380,475,,,1
2018-07-10,3698,隆達,twse,17.80,18.20,17.65,18.05,2533270,45421586,0.6,,511696380,1243,,,1
2018-07-11,3698,隆達,twse,17.60,18.40,17.60,18.05,2030262,36568441,0.0,,511696380,881,,,1
2018-07-12,3698,隆達,twse,18.00,18.15,17.85,18.10,1098548,19777050,0.05,,511696380,455,,,1
2018-07-13,3698,隆達,twse,18.45,18.95,18.30,18.30,4544138,84550387,0.2,,511696380,2148,,,1
2018-07-16,3698,隆達,twse,18.50,18.70,18.05,18.10,2170298,39576181,-0.2,,511696380,933,,,1
2018-07-17,3698,隆達,twse,18.60,18.85,18.25,18.25,3443600,63895109,0.15,,511696380,1653,,,1
2018-07-18,3698,隆達,twse,18.25,18.40,17.80,17.90,1892954,34212016,-0.35,,511696380,942,,,1
2018-07-19,3698,隆達,twse,18.05,18.20,17.85,17.95,900300,16211709,0.05,,511696380,449,,,1
2018-07-20,3698,隆達,twse,17.95,18.10,17.80,18.05,1810202,32570464,0.1,,511696380,695,,,1
2018-07-23,3698,隆達,twse,18.10,18.10,17.80,17.95,1181887,21176471,-0.1,,511696380,381,,,1
2018-07-24,3698,隆達,twse,18.10,18.70,18.05,18.70,2550600,46972708,0.75,,511696380,1107,,,1
2018-07-25,3698,隆達,twse,18.65,18.65,18.40,18.60,1939191,35979120,-0.1,,511696380,685,,,1
2018-07-26,3698,隆達,twse,18.70,19.50,18.65,19.30,6069261,116118397,0.7,,511696380,2181,,,1
2018-07-27,3698,隆達,twse,19.35,20.10,19.35,20.05,8438980,167055993,0.75,,511696380,3125,,,1
2018-07-30,3698,隆達,twse,19.85,20.50,19.60,20.50,6846954,137450309,0.45,,511696380,2444,,,1
2018-07-31,3698,隆達,twse,20.45,20.70,20.00,20.60,11347884,232658367,0.1,,511696380,2154,,,1
2018-08-01,3698,隆達,twse,20.55,21.05,20.45,20.45,5219213,108053749,-0.15,,511696380,2388,,,1
2018-08-02,3698,隆達,twse,20.70,21.40,20.50,20.50,7626394,159813075,0.05,,511696380,3383,,,1
2018-08-03,3698,隆達,twse,21.00,21.25,20.60,20.80,3806247,79377148,0.3,,511696380,1677,,,1
2018-08-06,3698,隆達,twse,20.80,22.00,20.60,21.90,7268153,155635344,1.1,,511696380,3161,,,1
2018-08-07,3698,隆達,twse,21.90,21.95,20.85,21.00,6557960,139470160,-0.9,,511696380,2752,,,1
2018-08-08,3698,隆達,twse,20.90,20.95,20.25,20.35,4008763,82187173,-0.65,,511696380,1919,,,1
2018-08-09,3698,隆達,twse,20.50,20.90,20.30,20.90,1966230,40435033,0.55,,511696380,1015,,,1
2018-08-10,3698,隆達,twse,20.80,21.10,20.35,20.35,2992250,61962522,-0.55,,511696380,1386,,,1
2018-08-13,3698,隆達,twse,20.50,20.50,18.85,20.15,4843511,95459447,-0.2,,511696380,1839,,,1
2018-08-14,3698,隆達,twse,20.20,20.20,19.40,19.95,3051215,60284400,-0.2,,511696380,1323,,,1
2018-08-15,3698,隆達,twse,20.15,20.35,19.50,19.50,4153427,82452326,-0.45,,511696380,1814,,,1
2018-08-16,3698,隆達,twse,19.35,20.15,19.35,19.60,3143390,62269200,0.1,,511696380,1451,,,1
2018-08-17,3698,隆達,twse,19.70,19.85,19.35,19.40,1858176,36470849,-0.2,,511696380,874,,,1
2018-08-20,3698,隆達,twse,19.45,19.65,19.20,19.50,1812500,35195474,0.1,,511696380,788,,,1
2018-08-21,3698,隆達,twse,19.60,19.70,19.20,19.25,1419670,27472180,-0.25,,511651380,661,,,1
2018-08-22,3698,隆達,twse,19.25,19.45,19.05,19.05,1262700,24211974,-0.2,,511651380,584,,,1
2018-08-23,3698,隆達,twse,19.15,19.25,19.00,19.05,1087241,20738970,0.0,,511651380,512,,,1
2018-08-24,3698,隆達,twse,19.05,19.25,18.75,18.75,1258500,23739100,-0.3,,511651380,741,,,1
2018-08-27,3698,隆達,twse,18.75,20.00,18.75,20.00,2896700,56144950,1.25,,511651380,1328,,,1
2018-08-28,3698,隆達,twse,20.70,20.80,20.30,20.55,12219386,251069799,0.55,,511651380,4451,,,1
2018-08-29,3698,隆達,twse,20.30,20.65,20.10,20.60,3912991,79549064,0.05,,511651380,1523,,,1
2018-08-30,3698,隆達,twse,21.20,21.50,20.45,20.45,7396069,155347974,-0.15,,511651380,3245,,,1
2018-08-31,3698,隆達,twse,20.05,20.65,20.00,20.50,2765652,55894316,0.05,,511651380,1249,,,1
2018-09-03,3698,隆達,twse,20.70,20.70,20.00,20.00,1866275,37784213,-0.5,,511651380,845,,,1
2018-09-04,3698,隆達,twse,20.10,20.30,20.05,20.15,1424743,28756766,0.15,,511651380,637,,,1
2018-09-05,3698,隆達,twse,20.10,20.20,19.85,19.85,1211421,24267254,-0.3,,511651380,562,,,1
2018-09-06,3698,隆達,twse,20.00,20.05,19.60,19.60,1507402,29892529,-0.25,,511651380,685,,,1
2018-09-07,3698,隆達,twse,19.50,19.65,18.65,18.80,2105451,40263200,-0.8,,511651380,1015,,,1
2018-09-10,3698,隆達,twse,18.80,19.00,17.55,17.75,3688200,66121228,-1.05,,511651380,1472,,,1
2018-09-11,3698,隆達,twse,17.85,18.40,17.70,18.25,1760477,31660405,0.5,,511651380,906,,,1
2018-09-12,3698,隆達,twse,18.20,18.25,17.80,17.85,1439155,25807624,-0.4,,511651380,674,,,1
2018-09-13,3698,隆達,twse,18.00,18.45,17.95,18.35,1480526,27059950,0.5,,511651380,751,,,1
2018-09-14,3698,隆達,twse,18.40,18.70,18.25,18.60,1487477,27551483,0.25,,511651380,716,,,1
2018-09-17,3698,隆達,twse,18.65,18.75,18.45,18.60,772729,14363194,0.0,,511651380,419,,,1
2018-09-18,3698,隆達,twse,18.60,18.90,18.40,18.80,1268025,23757072,0.2,,511651380,706,,,1
2018-09-19,3698,隆達,twse,18.90,19.10,18.55,18.55,1128254,21257499,-0.25,,511651380,527,,,1
2018-09-20,3698,隆達,twse,18.60,18.70,18.10,18.10,1098650,20055913,-0.45,,511651380,600,,,1
2018-09-21,3698,隆達,twse,18.20,18.55,18.15,18.55,1225600,22603450,0.45,,511651380,481,,,1
2018-09-25,3698,隆達,twse,18.50,20.10,18.45,19.90,6700255,131801747,1.35,,511651380,2963,,,1
2018-09-26,3698,隆達,twse,19.80,20.25,19.70,20.10,3925655,78594400,0.2,,511651380,1722,,,1
2018-09-27,3698,隆達,twse,19.90,20.10,19.60,20.05,1862426,36974676,-0.05,,511651380,815,,,1
2018-09-28,3698,隆達,twse,20.10,20.20,19.75,19.95,1663219,33209369,-0.1,,511651380,770,,,1
2018-10-01,3698,隆達,twse,20.00,20.45,20.00,20.10,2313869,46823730,0.15,,511651380,1076,,,1
2018-10-02,3698,隆達,twse,20.45,20.45,19.85,19.90,1297000,25995850,-0.2,,511651380,589,,,1
2018-10-03,3698,隆達,twse,19.90,20.10,19.55,19.70,1187200,23502439,-0.2,,511651380,559,,,1
2018-10-04,3698,隆達,twse,19.80,19.95,19.60,19.80,766000,15167600,0.1,,511651380,403,,,1
2018-10-05,3698,隆達,twse,19.80,19.80,18.40,19.00,2481895,47135388,-0.8,,511651380,1068,,,1
2018-10-08,3698,隆達,twse,18.85,19.40,18.50,18.70,999675,18891421,-0.3,,511651380,488,,,1
2018-10-09,3698,隆達,twse,18.85,18.85,17.90,18.35,1425500,26084799,-0.35,,511651380,749,,,1
2018-10-11,3698,隆達,twse,16.55,16.95,16.55,16.55,3917264,65035065,-1.8,,511651380,1178,,,1
2018-10-12,3698,隆達,twse,16.20,17.10,16.10,16.80,1570100,26227095,0.25,,511651380,725,,,1
2018-10-15,3698,隆達,twse,16.80,17.10,16.60,16.70,603120,10156709,-0.1,,511651380,318,,,1
2018-10-16,3698,隆達,twse,16.70,17.95,16.70,17.05,2986293,51806289,0.35,,511651380,1202,,,1
2018-10-17,3698,隆達,twse,17.45,17.70,17.05,17.20,1009123,17511114,0.15,,511651380,498,,,1
2018-10-18,3698,隆達,twse,17.20,17.45,17.05,17.20,564019,9688777,0.0,,511651380,347,,,1
2018-10-19,3698,隆達,twse,16.95,17.70,16.60,17.70,1696500,29105449,0.5,,511651380,832,,,1
2018-10-22,3698,隆達,twse,17.65,17.85,17.30,17.60,951000,16767200,-0.1,,511651380,508,,,1
2018-10-23,3698,隆達,twse,17.55,17.60,17.30,17.60,967525,16915490,0.0,,511651380,403,,,1
2018-10-24,3698,隆達,twse,17.60,18.20,17.50,17.60,3188753,56688700,0.0,,511651380,1294,,,1
2018-10-25,3698,隆達,twse,16.95,17.20,16.50,16.60,2230374,37441458,-1.0,,511651380,1030,,,1
2018-10-26,3698,隆達,twse,16.90,17.10,16.20,16.35,1620025,26820856,-0.25,,511651380,750,,,1
2018-10-29,3698,隆達,twse,16.40,16.70,16.10,16.20,1045130,17069775,-0.15,,511651380,504,,,1
2018-10-30,3698,隆達,twse,16.00,16.30,15.85,15.90,1244060,19895266,-0.3,,511651380,606,,,1
2018-10-31,3698,隆達,twse,16.20,16.70,16.00,16.50,1824186,29939537,0.6,,511651380,843,,,1
2018-11-01,3698,隆達,twse,16.60,16.85,16.20,16.70,1439189,23895244,0.2,,511651380,725,,,1
2018-11-02,3698,隆達,twse,16.85,17.40,16.65,16.85,2324175,39706527,0.15,,511651380,1127,,,1
2018-11-05,3698,隆達,twse,16.55,17.05,16.55,16.80,583125,9785950,-0.05,,511651380,362,,,1
2018-11-06,3698,隆達,twse,17.00,17.00,16.30,16.30,1012000,16848400,-0.5,,511651380,582,,,1
2018-11-07,3698,隆達,twse,16.85,16.85,16.55,16.75,1071455,17939420,0.45,,511651380,600,,,1
2018-11-08,3698,隆達,twse,17.00,17.15,16.65,16.65,1234500,20863125,-0.1,,511651380,601,,,1
2018-11-09,3698,隆達,twse,16.85,17.05,16.65,16.85,929000,15665950,0.2,,511651380,473,,,1
2018-11-12,3698,隆達,twse,16.85,17.20,16.65,16.80,851180,14417403,-0.05,,511651380,469,,,1
2018-11-13,3698,隆達,twse,16.10,17.20,16.10,17.20,1842525,30962477,0.4,,511651380,889,,,1
2018-11-14,3698,隆達,twse,17.20,17.55,17.15,17.55,1682818,29220573,0.35,,511651380,916,,,1
2018-11-15,3698,隆達,twse,17.50,17.65,17.25,17.50,1052452,18374359,-0.05,,511651380,593,,,1
2018-11-16,3698,隆達,twse,17.85,18.90,17.70,17.95,5972266,109322638,0.45,,511651380,2733,,,1
2018-11-19,3698,隆達,twse,18.45,18.45,18.05,18.35,1999353,36487758,0.4,,511651380,861,,,1
2018-11-20,3698,隆達,twse,18.45,18.45,18.20,18.30,1456311,26693590,-0.05,,511651380,763,,,1
2018-11-21,3698,隆達,twse,18.20,18.45,17.80,18.10,2136448,38662458,-0.2,,511651380,1503,,,1
2018-11-22,3698,隆達,twse,18.25,18.30,17.80,17.90,880970,15909213,-0.2,,511651380,472,,,1
2018-11-23,3698,隆達,twse,18.20,18.20,17.70,17.75,664500,11897174,-0.15,,511651380,398,,,1
2018-11-26,3698,隆達,twse,17.90,18.40,17.80,18.35,1189826,21648514,0.6,,511651380,702,,,1
2018-11-27,3698,隆達,twse,18.40,18.90,18.20,18.90,2272947,42446053,0.55,,511651380,962,,,1
2018-11-28,3698,隆達,twse,18.90,19.10,18.65,18.80,1145403,21546476,-0.1,,511651380,615,,,1
2018-11-29,3698,隆達,twse,19.00,19.15,18.35,18.35,1508076,28176740,-0.45,,511651380,760,,,1
2018-11-30,3698,隆達,twse,18.65,19.35,18.60,18.60,3425887,65101098,0.25,,511651380,1659,,,1
2018-12-03,3698,隆達,twse,18.90,19.40,18.80,18.80,3272375,62383649,0.2,,511651380,1533,,,1
2018-12-04,3698,隆達,twse,18.85,19.35,18.85,18.90,2938300,56134963,0.1,,511651380,1288,,,1
2018-12-05,3698,隆達,twse,18.55,18.75,18.45,18.55,1058233,19667457,-0.35,,511651380,583,,,1
2018-12-06,3698,隆達,twse,18.55,18.70,17.85,18.05,2828408,51169644,-0.5,,511651380,1085,,,1
2018-12-07,3698,隆達,twse,18.20,18.80,18.15,18.20,4611616,85157132,0.15,,511651380,1644,,,1
2018-12-10,3698,隆達,twse,17.80,18.00,17.40,17.65,1776856,31430706,-0.55,,511651380,832,,,1
2018-12-11,3698,隆達,twse,17.70,17.85,17.20,17.35,1105000,19326300,-0.3,,511651380,478,,,1
2018-12-12,3698,隆達,twse,17.50,17.95,17.50,17.90,787384,13985442,0.55,,511651380,454,,,1
2018-12-13,3698,隆達,twse,18.00,18.00,17.75,17.85,547393,9785265,-0.05,,511651380,287,,,1
2018-12-14,3698,隆達,twse,18.05,18.05,17.50,17.55,728775,12839862,-0.3,,511651380,377,,,1
2018-12-17,3698,隆達,twse,17.45,17.70,17.40,17.40,807357,14136728,-0.15,,511651380,368,,,1
2018-12-18,3698,隆達,twse,17.30,17.55,17.25,17.25,869240,15055124,-0.15,,511651380,476,,,1
2018-12-19,3698,隆達,twse,17.35,18.35,17.35,18.10,2652655,47682440,0.85,,511651380,1253,,,1
2018-12-20,3698,隆達,twse,18.10,18.35,17.75,18.10,4426451,79809112,0.0,,511651380,1800,,,1
2018-12-21,3698,隆達,twse,18.00,18.20,17.60,17.80,4397210,78850296,-0.3,,511651380,1700,,,1
2018-12-22,3698,隆達,twse,17.70,17.90,17.65,17.70,863052,15280170,-0.1,,511651380,302,,,1
2018-12-24,3698,隆達,twse,17.90,17.95,17.65,17.90,964184,17169162,0.2,,511651380,332,,,1
2018-12-25,3698,隆達,twse,17.70,17.75,17.25,17.40,885973,15488479,-0.5,,511651380,455,,,1
2018-12-26,3698,隆達,twse,17.95,18.45,17.40,17.40,5274782,95354084,0.0,,511651380,2414,,,1
2018-12-27,3698,隆達,twse,18.00,18.05,17.65,17.80,1473541,26240579,0.4,,511651380,779,,,1
2018-12-28,3698,隆達,twse,17.90,18.10,17.60,17.85,1986600,35451417,0.05,,511651380,717,,,1
2019-01-02,3698,隆達,twse,17.85,18.00,17.50,17.50,1153300,20354845,-0.35,,511651380,549,,,1
2019-01-03,3698,隆達,twse,17.40,17.90,17.20,17.80,3065200,53897310,0.3,,511651380,1268,,,1
2019-01-04,3698,隆達,twse,17.85,18.40,17.70,18.40,10376674,186944132,0.6,,511651380,4116,,,1
2019-01-07,3698,隆達,twse,18.40,18.80,18.10,18.80,6343950,117376209,0.4,,511651380,2546,,,1
2019-01-08,3698,隆達,twse,18.60,18.60,18.25,18.35,2216903,40782834,-0.45,,511651380,1121,,,1
2019-01-09,3698,隆達,twse,18.40,18.50,18.20,18.25,2079378,38154797,-0.1,,511651380,1036,,,1
2019-01-10,3698,隆達,twse,18.25,18.40,18.15,18.15,702189,12819938,-0.1,,511651380,389,,,1
2019-01-11,3698,隆達,twse,18.20,18.40,18.05,18.05,1089500,19849924,-0.1,,511651380,446,,,1
2019-01-14,3698,隆達,twse,18.10,18.25,17.80,17.80,1023000,18329350,-0.25,,511651380,484,,,1
2019-01-15,3698,隆達,twse,17.90,18.00,17.80,17.85,740100,13247140,0.05,,511651380,380,,,1
2019-01-16,3698,隆達,twse,17.85,18.80,17.85,18.65,7800577,144963998,0.8,,511651380,2251,,,1
2019-01-17,3698,隆達,twse,18.30,18.60,18.05,18.35,3715459,67841803,-0.3,,511651380,1471,,,1
2019-01-18,3698,隆達,twse,18.45,18.55,18.20,18.20,7244306,132974537,-0.15,,511651380,2668,,,1
2019-01-21,3698,隆達,twse,18.25,18.35,18.10,18.10,1587030,28844043,-0.1,,511651380,607,,,1
2019-01-22,3698,隆達,twse,18.10,18.30,17.95,18.00,1043483,18855244,-0.1,,511651380,447,,,1
2019-01-23,3698,隆達,twse,18.00,18.25,17.90,18.00,1005030,18137990,0.0,,511651380,544,,,1
2019-01-24,3698,隆達,twse,18.10,18.30,18.00,18.00,1267281,22981529,0.0,,511651380,577,,,1
2019-01-25,3698,隆達,twse,18.10,18.20,18.00,18.05,876300,15843984,0.05,,511651380,391,,,1
2019-01-28,3698,隆達,twse,18.10,18.15,17.90,17.90,1328386,23917256,-0.15,,511651380,774,,,1
2019-01-29,3698,隆達,twse,17.95,17.95,17.60,17.75,1957500,34698374,-0.15,,511651380,853,,,1
2019-01-30,3698,隆達,twse,17.70,17.80,17.40,17.40,4054060,70766649,-0.35,,511651380,1089,,,1
2019-02-11,3698,隆達,twse,17.50,17.60,16.85,16.90,2572737,43768014,-0.5,,511651380,1184,,,1
2019-02-12,3698,隆達,twse,17.05,17.25,16.85,17.20,1318732,22548150,0.3,,511651380,665,,,1
2019-02-13,3698,隆達,twse,17.30,17.40,17.25,17.30,1073107,18559449,0.1,,511651380,573,,,1
2019-02-14,3698,隆達,twse,17.25,17.75,17.25,17.55,2139752,37551094,0.25,,511651380,1020,,,1
2019-02-15,3698,隆達,twse,17.60,18.10,17.55,18.10,3408357,60894276,0.55,,511651380,1243,,,1
2019-02-18,3698,隆達,twse,18.35,18.55,18.15,18.25,9477648,173915741,0.15,,511651380,3252,,,1
2019-02-19,3698,隆達,twse,18.25,18.40,18.15,18.20,2587150,47285179,-0.05,,511651380,823,,,1
2019-02-20,3698,隆達,twse,18.30,18.40,18.15,18.20,1485389,27097227,0.0,,511651380,694,,,1
2019-02-21,3698,隆達,twse,18.30,18.70,18.20,18.60,3134102,57803685,0.4,,511651380,1321,,,1
2019-02-22,3698,隆達,twse,18.55,18.60,18.15,18.15,1912055,35101003,-0.45,,511651380,752,,,1
2019-02-25,3698,隆達,twse,18.25,18.35,18.15,18.30,900424,16457659,0.15,,511651380,404,,,1
2019-02-26,3698,隆達,twse,18.35,18.45,18.15,18.15,889562,16263155,-0.15,,511651380,380,,,1
2019-02-27,3698,隆達,twse,18.35,18.35,18.10,18.25,762713,13892453,0.1,,511651380,323,,,1
2019-03-04,3698,隆達,twse,18.30,18.45,18.15,18.30,659232,12050921,0.05,,511651380,297,,,1
2019-03-05,3698,隆達,twse,18.30,18.65,18.20,18.55,1662733,30640768,0.25,,511651380,844,,,1
2019-03-06,3698,隆達,twse,18.60,18.80,18.35,18.80,4695241,87503879,0.25,,511651380,1399,,,1
2019-03-07,3698,隆達,twse,18.95,19.60,18.30,18.30,18138311,346579808,-0.5,,511651380,6590,,,1
2019-03-08,3698,隆達,twse,18.20,18.40,18.10,18.15,2332668,42530689,-0.15,,511651380,1086,,,1
2019-03-11,3698,隆達,twse,18.20,18.30,18.05,18.10,1305147,23714016,-0.05,,511651380,582,,,1
2019-03-12,3698,隆達,twse,18.25,18.25,18.00,18.00,1623310,29380880,-0.1,,511651380,667,,,1
2019-03-13,3698,隆達,twse,18.00,18.40,17.95,18.00,1742600,31616929,0.0,,511651380,788,,,1
2019-03-14,3698,隆達,twse,18.10,18.20,17.75,17.80,1548000,27829250,-0.2,,511651380,713,,,1
2019-03-15,3698,隆達,twse,17.85,18.05,17.75,17.75,3747663,66952166,-0.05,,511651380,1560,,,1
2019-03-18,3698,隆達,twse,17.85,18.10,17.70,18.10,2326897,41640833,0.35,,511651380,942,,,1
2019-03-19,3698,隆達,twse,18.15,18.15,17.70,17.75,2271423,40586021,-0.35,,511651380,1052,,,1
2019-03-20,3698,隆達,twse,17.80,18.10,17.75,18.00,3203521,57529828,0.25,,511651380,1333,,,1
2019-03-21,3698,隆達,twse,17.95,18.00,17.80,17.85,2000761,35727430,-0.15,,511651380,1037,,,1
2019-03-22,3698,隆達,twse,17.95,17.95,17.40,17.55,2742500,48339399,-0.3,,511651380,1267,,,1
2019-03-25,3698,隆達,twse,17.10,17.20,16.85,17.00,2839533,48248511,-0.55,,511651380,1283,,,1
2019-03-26,3698,隆達,twse,17.00,17.10,16.60,16.60,2794087,46848844,-0.4,,511651380,1262,,,1
2019-03-27,3698,隆達,twse,16.50,16.80,16.40,16.60,2168750,36046711,0.0,,511651380,1082,,,1
2019-03-28,3698,隆達,twse,16.55,16.60,16.35,16.45,1469659,24203085,-0.15,,511651380,816,,,1
2019-03-29,3698,隆達,twse,16.55,16.55,16.35,16.40,1003900,16486844,-0.05,,511651380,582,,,1
2019-04-01,3698,隆達,twse,16.95,16.95,16.50,16.50,1078248,17919940,0.1,,511651380,560,,,1
2019-04-02,3698,隆達,twse,16.70,16.75,16.50,16.65,938293,15586460,0.15,,511651380,510,,,1
2019-04-03,3698,隆達,twse,16.95,16.95,16.55,16.70,1556521,26023897,0.05,,511651380,699,,,1
2019-04-08,3698,隆達,twse,16.75,17.50,16.75,17.50,5394594,92792243,0.8,,511651380,2377,,,1
2019-04-09,3698,隆達,twse,17.30,17.60,17.15,17.30,6501385,113213339,-0.2,,511651380,2401,,,1
2019-04-10,3698,隆達,twse,17.25,17.25,17.05,17.05,2005711,34308818,-0.25,,511651380,891,,,1
2019-04-11,3698,隆達,twse,17.05,17.20,16.70,16.70,2218324,37403507,-0.35,,511651380,1043,,,1
2019-04-12,3698,隆達,twse,16.75,16.85,16.45,16.45,1914623,31678128,-0.25,,520151380,943,,,1
2019-04-15,3698,隆達,twse,16.65,16.75,16.40,16.65,1842530,30563422,0.2,,520151380,745,,,1
2019-04-16,3698,隆達,twse,16.65,17.35,16.65,17.00,5317594,90998048,0.35,,520151380,2238,,,1
2019-04-17,3698,隆達,twse,17.10,17.15,16.85,16.90,1984823,33690308,-0.1,,520151380,935,,,1
2019-04-18,3698,隆達,twse,17.00,17.10,16.55,16.60,1536019,25784215,-0.3,,520151380,666,,,1
2019-04-19,3698,隆達,twse,17.50,17.80,17.30,17.35,8097000,141916099,0.75,,520151380,3154,,,1
2019-04-22,3698,隆達,twse,17.55,17.60,17.20,17.30,2019482,35133283,-0.05,,520151380,970,,,1
2019-04-23,3698,隆達,twse,17.35,17.35,17.05,17.10,1248000,21387250,-0.2,,520151380,514,,,1
2019-04-24,3698,隆達,twse,17.10,17.20,16.85,16.90,1423060,24180571,-0.2,,520151380,624,,,1
2019-04-25,3698,隆達,twse,16.85,17.15,16.85,17.00,896850,15221450,0.1,,520151380,488,,,1
2019-04-26,3698,隆達,twse,17.00,17.00,16.70,16.80,1024200,17211050,-0.2,,520151380,539,,,1
2019-04-29,3698,隆達,twse,16.80,17.05,16.55,16.60,1542849,25831047,-0.2,,520151380,689,,,1
2019-04-30,3698,隆達,twse,16.80,17.50,16.80,17.50,4850448,83691644,0.9,,520151380,1539,,,1
2019-05-02,3698,隆達,twse,17.40,17.40,17.15,17.15,1258029,21688097,-0.35,,520151380,636,,,1
2019-05-03,3698,隆達,twse,17.20,17.20,16.90,16.95,1711286,29098693,-0.2,,520151380,784,,,1
2019-05-06,3698,隆達,twse,16.65,16.85,16.45,16.60,1726500,28683500,-0.35,,520151380,872,,,1
2019-05-07,3698,隆達,twse,16.95,17.00,16.70,16.75,1587368,26687550,0.15,,520151380,727,,,1
2019-05-08,3698,隆達,twse,16.60,16.70,16.35,16.50,1757050,28990423,-0.25,,520151380,894,,,1
2019-05-09,3698,隆達,twse,16.40,16.60,15.90,16.00,2673278,43181958,-0.5,,520151380,1186,,,1
2019-05-10,3698,隆達,twse,16.00,16.15,15.60,15.70,2526480,40097331,-0.3,,520151380,935,,,1
2019-05-13,3698,隆達,twse,15.70,15.85,15.35,15.55,2383200,36917500,-0.15,,520151380,770,,,1
2019-05-14,3698,隆達,twse,15.05,15.40,14.80,15.30,2367167,35707878,-0.25,,520151380,1263,,,1
2019-05-15,3698,隆達,twse,15.20,15.40,15.00,15.00,1872000,28347100,-0.3,,520151380,1028,,,1
2019-05-16,3698,隆達,twse,15.00,15.10,14.55,14.55,2443300,35998750,-0.45,,520151380,1099,,,1
2019-05-17,3698,隆達,twse,14.65,14.80,14.00,14.10,2235536,31889774,-0.45,,520151380,995,,,1
2019-05-20,3698,隆達,twse,14.10,14.25,13.65,14.00,2261853,31422192,-0.1,,519431380,884,,,1
2019-05-21,3698,隆達,twse,13.90,14.25,13.80,14.05,1621525,22694405,0.05,,519431380,707,,,1
2019-05-22,3698,隆達,twse,14.05,14.20,14.00,14.10,786502,11079752,0.05,,519431380,459,,,1
2019-05-23,3698,隆達,twse,14.05,14.05,13.60,13.65,1427500,19574774,-0.45,,519431380,777,,,1
2019-05-24,3698,隆達,twse,13.65,13.90,13.60,13.60,1071205,14662468,-0.05,,519431380,661,,,1
2019-05-27,3698,隆達,twse,13.65,13.70,13.40,13.50,915001,12387963,-0.1,,519431380,514,,,1
2019-05-28,3698,隆達,twse,13.50,13.65,13.50,13.60,4994125,67870133,0.1,,519431380,719,,,1
2019-05-29,3698,隆達,twse,13.45,13.75,13.40,13.60,1178473,15970879,0.0,,519431380,493,,,1
2019-05-30,3698,隆達,twse,13.65,14.05,13.55,14.00,1358730,18846470,0.4,,519431380,741,,,1
2019-05-31,3698,隆達,twse,14.10,14.35,14.05,14.30,1700450,24207235,0.3,,519431380,744,,,1
2019-06-03,3698,隆達,twse,14.05,14.15,13.90,14.00,794739,11156946,-0.3,,519431380,471,,,1
2019-06-04,3698,隆達,twse,14.10,14.25,14.05,14.05,739488,10460953,0.05,,519431380,448,,,1
2019-06-05,3698,隆達,twse,14.30,14.35,14.10,14.10,661000,9389500,0.05,,519431380,369,,,1
2019-06-06,3698,隆達,twse,14.15,14.20,13.90,13.90,757130,10614263,-0.2,,519431380,420,,,1
2019-06-10,3698,隆達,twse,14.05,14.15,13.95,14.05,652371,9157894,0.15,,519431380,410,,,1
2019-06-11,3698,隆達,twse,14.20,14.60,14.10,14.45,1563387,22515403,0.4,,519431380,836,,,1
2019-06-12,3698,隆達,twse,14.50,14.70,14.30,14.40,1116726,16173030,-0.05,,519431380,449,,,1
2019-06-13,3698,隆達,twse,14.40,14.50,14.30,14.30,668400,9622109,-0.1,,519431380,303,,,1
2019-06-14,3698,隆達,twse,14.40,14.55,14.35,14.45,760500,10980825,0.15,,519431380,362,,,1
2019-06-17,3698,隆達,twse,14.40,14.55,14.35,14.35,597300,8611033,-0.1,,519431380,331,,,1
2019-06-18,3698,隆達,twse,14.15,14.45,14.10,14.10,1193784,16971132,-0.25,,519431380,517,,,1
2019-06-19,3698,隆達,twse,14.30,14.70,14.30,14.65,1535151,22240253,0.55,,519431380,762,,,1
2019-06-20,3698,隆達,twse,14.70,15.00,14.55,14.95,1858600,27591240,0.3,,519431380,853,,,1
2019-06-21,3698,隆達,twse,14.95,15.05,14.50,14.50,1813300,26690650,-0.45,,519431380,933,,,1
2019-06-24,3698,隆達,twse,14.65,14.75,14.30,14.65,793600,11585889,0.15,,519386380,422,,,1
2019-06-25,3698,隆達,twse,14.75,14.80,14.45,14.50,516283,7518774,-0.15,,519386380,266,,,1
2019-06-26,3698,隆達,twse,14.45,14.60,14.45,14.50,378900,5498149,0.0,,519386380,173,,,1
2019-06-27,3698,隆達,twse,14.55,15.00,14.55,15.00,1484686,21995419,0.5,,519386380,676,,,1
2019-06-28,3698,隆達,twse,14.95,14.95,14.75,14.75,576068,8539103,-0.25,,519386380,271,,,1
2019-07-01,3698,隆達,twse,14.95,15.05,14.80,14.85,600500,8941400,0.1,,519386380,331,,,1
2019-07-02,3698,隆達,twse,14.90,15.20,14.85,15.00,1425299,21458585,0.15,,519386380,649,,,1
2019-07-03,3698,隆達,twse,15.15,15.50,15.15,15.15,2109773,32297219,0.15,,519386380,958,,,1
2019-07-04,3698,隆達,twse,15.30,15.45,15.15,15.15,750300,11416743,0.0,,519386380,362,,,1
2019-07-05,3698,隆達,twse,15.20,15.25,15.10,15.20,789330,11969396,0.05,,519386380,333,,,1
2019-07-08,3698,隆達,twse,15.00,15.30,14.85,14.85,809774,12158943,0.0,,519386380,394,,,1
2019-07-09,3698,隆達,twse,15.05,15.05,14.80,14.80,434900,6465769,-0.05,,519386380,206,,,1
2019-07-10,3698,隆達,twse,14.90,15.25,14.90,15.25,1202577,18156720,0.45,,519386380,497,,,1
2019-07-11,3698,隆達,twse,15.25,15.50,15.10,15.45,1298482,19852921,0.2,,519386380,533,,,1
2019-07-12,3698,隆達,twse,15.90,16.10,15.75,15.75,5399959,85891454,0.3,,519386380,1873,,,1
2019-07-15,3698,隆達,twse,15.75,15.80,15.55,15.60,852831,13321820,-0.15,,519386380,376,,,1
2019-07-16,3698,隆達,twse,15.55,15.65,15.45,15.55,720495,11193120,-0.05,,519386380,288,,,1
2019-07-17,3698,隆達,twse,15.55,15.90,15.45,15.75,1100000,17297949,0.2,,519386380,528,,,1
2019-07-18,3698,隆達,twse,15.80,15.80,15.30,15.35,816532,12679938,-0.4,,519386380,398,,,1
2019-07-19,3698,隆達,twse,15.45,15.55,15.30,15.30,768187,11800760,-0.05,,519386380,400,,,1
2019-07-22,3698,隆達,twse,15.65,16.05,15.65,15.65,2329547,36906232,0.35,,519386380,919,,,1
2019-07-23,3698,隆達,twse,15.75,15.80,15.55,15.65,758200,11884170,0.0,,519386380,380,,,1
2019-07-24,3698,隆達,twse,15.70,15.90,15.55,15.55,845581,13279275,-0.1,,519386380,454,,,1
2019-07-25,3698,隆達,twse,15.70,15.80,15.50,15.65,961716,15058066,0.1,,519386380,461,,,1
2019-07-26,3698,隆達,twse,15.65,15.85,15.40,15.55,1878426,29304403,-0.1,,519386380,760,,,1
2019-07-29,3698,隆達,twse,15.60,16.35,15.55,16.35,2613944,41698086,0.8,,519386380,987,,,1
2019-07-30,3698,隆達,twse,16.20,16.45,15.80,15.80,3182800,51263939,-0.55,,519386380,1571,,,1
2019-07-31,3698,隆達,twse,16.05,16.05,15.30,15.30,9296109,142842638,-0.5,,519386380,1240,,,1
2019-08-01,3698,隆達,twse,15.05,15.15,14.75,14.80,3496749,52156507,-0.5,,519386380,1380,,,1
2019-08-02,3698,隆達,twse,14.65,14.70,14.40,14.55,1999613,29092317,-0.25,,519386380,750,,,1
2019-08-05,3698,隆達,twse,14.45,14.50,14.00,14.05,1703310,24152886,-0.5,,519386380,830,,,1
2019-08-06,3698,隆達,twse,13.55,14.05,13.55,14.00,1220423,16824643,-0.05,,519386380,546,,,1
2019-08-07,3698,隆達,twse,14.10,14.15,13.80,13.85,1105051,15339808,-0.15,,519386380,626,,,1
2019-08-08,3698,隆達,twse,13.95,14.05,13.85,14.00,881001,12291464,0.15,,519386380,507,,,1
2019-08-12,3698,隆達,twse,14.00,14.50,13.95,14.45,1589250,22742800,0.45,,519386380,721,,,1
2019-08-13,3698,隆達,twse,14.35,14.40,14.20,14.30,672821,9619598,-0.15,,519386380,252,,,1
2019-08-14,3698,隆達,twse,14.50,14.50,14.30,14.30,524232,7541567,0.0,,519386380,215,,,1
2019-08-15,3698,隆達,twse,14.00,14.20,14.00,14.10,619577,8733314,-0.2,,519386380,251,,,1
2019-08-16,3698,隆達,twse,14.15,14.45,14.15,14.35,606077,8672516,0.25,,519386380,298,,,1
2019-08-19,3698,隆達,twse,14.45,15.00,14.45,15.00,2016396,29852668,0.65,,519386380,1136,,,1
2019-08-20,3698,隆達,twse,15.30,15.60,15.10,15.25,3348792,51528244,0.25,,519386380,1393,,,1
2019-08-21,3698,隆達,twse,15.30,15.90,15.25,15.80,2546100,39768529,0.55,,519386380,1355,,,1
2019-08-22,3698,隆達,twse,15.95,16.00,15.40,15.50,1657050,25921619,-0.3,,519386380,760,,,1
2019-08-23,3698,隆達,twse,15.75,15.85,15.50,15.80,1921035,30143699,0.3,,519386380,723,,,1
2019-08-26,3698,隆達,twse,15.25,16.20,15.25,16.00,2550355,40194409,0.2,,519386380,977,,,1
2019-08-27,3698,隆達,twse,16.05,16.25,15.80,16.00,1918270,30685492,0.0,,519386380,757,,,1
2019-08-28,3698,隆達,twse,16.00,16.15,15.85,15.90,840075,13396592,-0.1,,519386380,392,,,1
2019-08-29,3698,隆達,twse,15.95,16.05,15.80,16.05,1048267,16723155,0.15,,519386380,428,,,1
2019-08-30,3698,隆達,twse,16.20,16.40,15.85,15.85,2672399,42862634,-0.2,,519386380,1023,,,1
2019-09-02,3698,隆達,twse,16.05,16.70,16.05,16.10,9496800,155625308,0.25,,519386380,2537,,,1
2019-09-03,3698,隆達,twse,16.10,16.25,15.95,16.10,1533092,24670531,0.0,,519386380,571,,,1
2019-09-04,3698,隆達,twse,16.10,16.40,16.10,16.25,1169400,19014345,0.15,,519386380,598,,,1
2019-09-05,3698,隆達,twse,16.35,16.40,16.15,16.20,851150,13807200,-0.05,,519386380,374,,,1
2019-09-06,3698,隆達,twse,16.20,16.40,15.95,16.25,1753800,28399509,0.05,,519386380,694,,,1
2019-09-09,3698,隆達,twse,16.40,16.40,16.15,16.20,754679,12255430,-0.05,,519386380,276,,,1
2019-09-10,3698,隆達,twse,16.20,16.40,16.20,16.30,1058000,17233399,0.1,,519386380,421,,,1
2019-09-11,3698,隆達,twse,16.35,16.45,16.25,16.35,838000,13701697,0.05,,519386380,362,,,1
2019-09-12,3698,隆達,twse,16.40,16.80,16.40,16.60,2997437,49860010,0.25,,519386380,1122,,,1
2019-09-16,3698,隆達,twse,16.75,16.75,16.55,16.65,1320252,22001469,0.05,,519386380,491,,,1
2019-09-17,3698,隆達,twse,16.75,17.05,16.65,16.75,2810500,47417399,0.1,,519386380,1075,,,1
2019-09-18,3698,隆達,twse,16.80,16.80,16.60,16.65,1310022,21843512,-0.1,,519386380,609,,,1
2019-09-19,3698,隆達,twse,16.75,16.80,16.60,16.60,982761,16398531,-0.05,,519386380,383,,,1
2019-09-20,3698,隆達,twse,16.80,17.15,16.70,17.10,3046921,51648507,0.5,,519386380,1315,,,1
2019-09-23,3698,隆達,twse,17.40,17.45,17.00,17.05,2752841,47386537,-0.05,,519386380,1152,,,1
2019-09-24,3698,隆達,twse,17.10,17.25,16.65,16.70,1998999,33702532,-0.35,,519386380,822,,,1
2019-09-25,3698,隆達,twse,16.60,16.60,16.20,16.30,2176131,35586440,-0.4,,519386380,795,,,1
2019-09-26,3698,隆達,twse,16.50,16.50,15.90,16.00,1346500,21749000,-0.3,,519386380,569,,,1
2019-09-27,3698,隆達,twse,15.95,16.15,15.75,16.05,1577200,25219819,0.05,,519386380,556,,,1
2019-10-01,3698,隆達,twse,16.20,17.30,16.20,17.30,7045314,118807550,1.25,,519386380,2700,,,1
2019-10-02,3698,隆達,twse,16.80,17.05,16.70,17.00,2626150,44288950,-0.3,,519386380,1031,,,1
2019-10-03,3698,隆達,twse,16.70,17.15,16.60,16.85,2279969,38568429,-0.15,,519386380,1066,,,1
2019-10-04,3698,隆達,twse,17.20,17.40,16.75,16.75,2780400,47358440,-0.1,,519386380,1206,,,1
2019-10-07,3698,隆達,twse,16.75,16.90,16.60,16.75,1018414,17050913,0.0,,519386380,424,,,1
2019-10-08,3698,隆達,twse,16.85,17.00,16.60,16.75,1782000,29934700,0.0,,519386380,551,,,1
2019-10-09,3698,隆達,twse,16.80,16.80,16.40,16.50,1284589,21339909,-0.25,,519386380,507,,,1
2019-10-14,3698,隆達,twse,16.65,16.90,16.65,16.90,1041506,17496299,0.4,,519386380,457,,,1
2019-10-15,3698,隆達,twse,16.95,16.95,16.65,16.65,830309,13882693,-0.25,,519386380,311,,,1
2019-10-16,3698,隆達,twse,16.80,17.05,16.60,16.60,1614026,27140329,-0.05,,519386380,713,,,1
2019-10-17,3698,隆達,twse,16.70,16.80,16.60,16.70,465587,7775193,0.1,,519386380,239,,,1
2019-10-18,3698,隆達,twse,16.60,16.80,16.45,16.60,1403355,23282757,-0.1,,519386380,516,,,1
2019-10-21,3698,隆達,twse,16.70,16.90,16.70,16.75,884325,14844710,0.15,,519386380,376,,,1
2019-10-22,3698,隆達,twse,16.80,17.20,16.75,16.90,2445202,41592341,0.15,,519386380,899,,,1
2019-10-23,3698,隆達,twse,17.10,18.20,17.10,17.35,19257408,341362094,0.45,,519386380,6710,,,1
2019-10-24,3698,隆達,twse,17.40,18.05,17.35,17.90,7464550,132564092,0.55,,519386380,2972,,,1
2019-10-25,3698,隆達,twse,18.20,18.35,17.80,17.90,6851288,123655224,0.0,,519386380,2715,,,1
2019-10-28,3698,隆達,twse,18.00,18.25,17.60,17.60,3017409,53821606,-0.3,,519386380,1109,,,1
2019-10-29,3698,隆達,twse,17.75,17.85,17.50,17.65,2345377,41422395,0.05,,519386380,971,,,1
2019-10-30,3698,隆達,twse,17.85,18.30,17.75,18.15,8715748,157944820,0.5,,519386380,3107,,,1
2019-10-31,3698,隆達,twse,18.10,18.15,17.65,17.85,3176657,56861377,-0.3,,519386380,1237,,,1
2019-11-01,3698,隆達,twse,17.95,17.95,17.75,17.95,1285641,22951259,0.1,,519386380,678,,,1
2019-11-04,3698,隆達,twse,18.15,18.30,17.80,18.00,2641676,47560849,0.05,,519386380,1111,,,1
2019-11-05,3698,隆達,twse,18.10,18.20,17.95,18.05,2541369,45884701,0.05,,519386380,885,,,1
2019-11-06,3698,隆達,twse,17.80,17.80,17.25,17.55,4806701,84034096,-0.5,,519386380,2052,,,1
2019-11-07,3698,隆達,twse,17.45,17.45,16.70,16.70,3986583,67431613,-0.85,,519386380,1705,,,1
2019-11-08,3698,隆達,twse,16.70,17.00,16.70,16.90,1129931,19044185,0.2,,519386380,488,,,1
2019-11-11,3698,隆達,twse,16.75,16.75,16.55,16.70,967482,16139751,-0.2,,519386380,432,,,1
2019-11-12,3698,隆達,twse,16.70,17.05,16.70,16.85,845599,14261911,0.15,,519386380,414,,,1
2019-11-13,3698,隆達,twse,16.80,16.95,16.65,16.70,758400,12713429,-0.15,,519386380,405,,,1
2019-11-14,3698,隆達,twse,16.75,17.85,16.75,17.05,6107000,105768800,0.35,,519386380,2680,,,1
2019-11-15,3698,隆達,twse,17.10,17.25,16.90,16.95,1809000,30781345,-0.1,,519386380,791,,,1
2019-11-18,3698,隆達,twse,17.00,17.15,16.80,17.05,905577,15395979,0.1,,519386380,361,,,1
2019-11-19,3698,隆達,twse,17.05,17.10,16.80,16.80,790515,13374149,-0.25,,519386380,379,,,1
2019-11-20,3698,隆達,twse,16.90,17.05,16.75,16.80,704465,11880260,0.0,,519386380,394,,,1
2019-11-21,3698,隆達,twse,16.65,17.05,16.60,16.90,1250264,21071983,0.1,,519386380,559,,,1
2019-11-22,3698,隆達,twse,16.95,17.90,16.95,17.80,6772557,119359230,0.9,,519386380,2748,,,1
2019-11-25,3698,隆達,twse,18.00,18.45,17.85,17.95,5647382,102332348,0.15,,519386380,2287,,,1
2019-11-26,3698,隆達,twse,17.95,18.45,17.80,18.05,4932500,89328173,0.1,,519386380,1771,,,1
2019-11-27,3698,隆達,twse,18.10,18.70,18.05,18.65,5999200,110787769,0.6,,519386380,2173,,,1
2019-11-28,3698,隆達,twse,18.60,18.95,18.45,18.85,5807826,108831824,0.2,,519386380,1958,,,1
2019-11-29,3698,隆達,twse,18.85,19.00,18.35,18.35,4078001,75938966,-0.5,,519386380,1536,,,1
2019-12-02,3698,隆達,twse,18.55,18.80,18.00,18.20,2981567,54640462,-0.15,,519386380,1211,,,1
2019-12-03,3698,隆達,twse,18.15,18.70,18.10,18.30,2207077,40702001,0.1,,519386380,878,,,1
2019-12-04,3698,隆達,twse,18.25,18.65,18.20,18.65,2882277,53138101,0.35,,519386380,1057,,,1
2019-12-05,3698,隆達,twse,18.80,19.00,18.50,18.80,4224288,79536564,0.15,,519386380,1418,,,1
2019-12-06,3698,隆達,twse,18.60,19.05,18.30,18.55,6907643,129454428,-0.25,,519386380,2240,,,1
2019-12-09,3698,隆達,twse,18.55,18.85,18.30,18.40,2176325,40446863,-0.15,,519386380,916,,,1
2019-12-10,3698,隆達,twse,18.40,18.70,18.20,18.35,1649509,30354112,-0.05,,519386380,688,,,1
2019-12-11,3698,隆達,twse,18.30,18.45,18.20,18.20,1314909,24065545,-0.15,,519386380,651,,,1
2019-12-12,3698,隆達,twse,18.40,18.50,18.10,18.25,1472136,26874910,0.05,,519386380,592,,,1
2019-12-13,3698,隆達,twse,18.35,18.60,17.90,18.35,3568843,65347235,0.1,,519386380,1170,,,1
2019-12-16,3698,隆達,twse,18.45,18.75,18.40,18.60,1699899,31598019,0.25,,519386380,766,,,1
2019-12-17,3698,隆達,twse,18.70,18.85,18.35,18.50,2439469,45202376,-0.1,,519386380,860,,,1
2019-12-18,3698,隆達,twse,18.45,18.45,18.00,18.00,1989827,36168836,-0.5,,519386380,981,,,1
2019-12-19,3698,隆達,twse,17.95,18.05,17.90,18.00,1087577,19553178,0.0,,519386380,480,,,1
2019-12-20,3698,隆達,twse,18.10,18.10,17.80,17.80,1101150,19690485,-0.2,,519386380,523,,,1
2019-12-23,3698,隆達,twse,17.95,18.05,17.80,17.90,1050940,18857376,0.1,,519386380,468,,,1
2019-12-24,3698,隆達,twse,17.90,18.00,17.60,17.80,870780,15482782,-0.1,,519386380,416,,,1
2019-12-25,3698,隆達,twse,17.85,18.30,17.80,18.25,1559825,28130923,0.45,,519386380,609,,,1
2019-12-26,3698,隆達,twse,19.55,19.90,18.75,18.75,14400546,278897779,0.5,,519386380,5886,,,1
2019-12-27,3698,隆達,twse,18.80,18.80,18.40,18.40,2410372,44770088,-0.35,,519386380,1161,,,1
2019-12-30,3698,隆達,twse,18.50,18.50,18.20,18.40,1540777,28217316,0.0,,519386380,593,,,1
2019-12-31,3698,隆達,twse,18.45,18.45,18.10,18.15,1313000,23912148,-0.25,,519386380,586,,,1
2020-01-02,3698,隆達,twse,18.35,18.50,18.25,18.25,1538888,28252472,0.1,,519386380,738,,,1
2020-01-03,3698,隆達,twse,18.40,18.45,17.90,18.00,1659042,30010150,-0.25,,519386380,749,,,1
2020-01-06,3698,隆達,twse,17.80,17.95,17.65,17.70,1234404,21920060,-0.3,,519386380,583,,,1
2020-01-07,3698,隆達,twse,17.80,17.95,17.70,17.90,1121654,19999940,0.2,,519386380,559,,,1
2020-01-08,3698,隆達,twse,17.75,18.00,17.65,17.65,984882,17546963,-0.25,,519386380,530,,,1
2020-01-09,3698,隆達,twse,17.80,18.10,17.80,17.85,1023850,18402621,0.2,,519386380,531,,,1
2020-01-10,3698,隆達,twse,17.85,18.00,17.75,17.80,710000,12677950,-0.05,,519386380,294,,,1
2020-01-13,3698,隆達,twse,17.90,18.20,17.80,18.20,884176,15964032,0.4,,519386380,458,,,1
2020-01-14,3698,隆達,twse,18.30,18.50,18.15,18.20,1393627,25484698,0.0,,519386380,664,,,1
2020-01-15,3698,隆達,twse,18.20,18.35,17.95,17.95,1096420,19848388,-0.25,,519386380,670,,,1
2020-01-16,3698,隆達,twse,18.00,18.15,17.95,18.15,596491,10761536,0.2,,519386380,329,,,1
2020-01-17,3698,隆達,twse,18.20,18.20,18.00,18.00,1020550,18435295,-0.15,,519386380,447,,,1
2020-01-20,3698,隆達,twse,18.15,18.75,18.15,18.45,4977033,92150301,0.45,,519386380,2020,,,1
2020-01-30,3698,隆達,twse,17.00,17.50,16.65,16.65,4623288,78220138,-1.8,,519386380,1801,,,1
2020-01-31,3698,隆達,twse,16.70,17.10,16.45,16.80,1771366,29761796,0.15,,519386380,798,,,1
2020-02-03,3698,隆達,twse,16.05,16.35,15.45,16.30,2124123,33764153,-0.5,,519386380,912,,,1
2020-02-04,3698,隆達,twse,16.35,16.60,16.25,16.45,999700,16459414,0.15,,519386380,548,,,1
2020-02-05,3698,隆達,twse,17.30,17.30,16.45,16.55,4741853,80448223,0.1,,519386380,2128,,,1
2020-02-06,3698,隆達,twse,16.70,17.00,16.60,16.85,2140500,35969475,0.3,,519386380,949,,,1
2020-02-07,3698,隆達,twse,16.70,16.70,16.45,16.45,1111800,18428510,-0.4,,519386380,582,,,1
2020-02-10,3698,隆達,twse,16.35,16.35,16.00,16.15,922820,14943040,-0.3,,519386380,461,,,1
2020-02-11,3698,隆達,twse,16.30,16.50,16.30,16.35,574600,9415079,0.2,,519386380,307,,,1
2020-02-12,3698,隆達,twse,16.35,16.75,16.35,16.65,930553,15408105,0.3,,519386380,462,,,1
2020-02-13,3698,隆達,twse,16.70,16.80,16.40,16.45,898080,14917465,-0.2,,519386380,424,,,1
2020-02-14,3698,隆達,twse,16.50,17.10,16.50,16.55,4731564,79729583,0.1,,519386380,1149,,,1
2020-02-17,3698,隆達,twse,16.30,16.60,16.30,16.40,659500,10832500,-0.15,,519386380,340,,,1
2020-02-18,3698,隆達,twse,16.30,16.50,16.30,16.35,776527,12713165,-0.05,,519386380,313,,,1
2020-02-19,3698,隆達,twse,16.40,16.60,16.40,16.60,785500,12976800,0.25,,519386380,499,,,1
2020-02-20,3698,隆達,twse,16.65,16.75,16.40,16.45,690448,11398895,-0.15,,519386380,350,,,1
2020-02-21,3698,隆達,twse,16.40,16.55,16.40,16.40,684200,11258609,-0.05,,519386380,325,,,1
2020-02-24,3698,隆達,twse,16.25,16.40,16.15,16.15,1059300,17181460,-0.25,,519386380,427,,,1
2020-02-25,3698,隆達,twse,16.00,16.15,15.80,15.95,799502,12785682,-0.2,,519386380,404,,,1
2020-02-26,3698,隆達,twse,15.90,16.10,15.85,16.00,880150,14053000,0.05,,519386380,365,,,1
2020-02-27,3698,隆達,twse,16.05,16.10,15.45,15.60,1746457,27491574,-0.4,,519386380,712,,,1
2020-03-02,3698,隆達,twse,15.15,15.70,15.05,15.45,1706500,26169500,-0.15,,519386380,688,,,1
2020-03-03,3698,隆達,twse,15.80,15.80,15.60,15.70,1062250,16688022,0.25,,519386380,420,,,1
2020-03-04,3698,隆達,twse,15.70,15.80,15.35,15.75,1028355,16066221,0.05,,519386380,429,,,1
2020-03-05,3698,隆達,twse,16.15,16.60,16.15,16.20,3875656,63439475,0.45,,519386380,1734,,,1
2020-03-06,3698,隆達,twse,16.05,16.40,15.95,16.20,1681439,27290589,0.0,,519386380,815,,,1
2020-03-09,3698,隆達,twse,16.10,16.20,15.30,15.35,2255301,35253065,-0.85,,519386380,1066,,,1
2020-03-10,3698,隆達,twse,15.15,15.65,15.05,15.50,1779500,27287100,0.15,,519386380,805,,,1
2020-03-11,3698,隆達,twse,15.45,15.50,14.80,14.95,1912653,29070826,-0.55,,519386380,884,,,1
2020-03-12,3698,隆達,twse,14.50,14.60,13.55,13.60,2774917,38781470,-1.35,,519386380,1344,,,1
2020-03-13,3698,隆達,twse,12.35,12.60,12.25,12.45,3679550,45306425,-1.15,,519386380,1423,,,1
2020-03-16,3698,隆達,twse,12.55,12.65,11.50,11.85,1807323,21910823,-0.6,,519386380,847,,,1
2020-03-17,3698,隆達,twse,10.85,11.70,10.85,11.20,2368030,26745155,-0.65,,519386380,1098,,,1
2020-03-18,3698,隆達,twse,11.25,11.40,10.70,10.85,1496508,16657384,-0.35,,519386380,778,,,1
2020-03-19,3698,隆達,twse,10.65,10.65,9.77,9.77,3320309,32987069,-1.08,,519386380,1130,,,1
2020-03-20,3698,隆達,twse,10.05,10.70,10.05,10.70,1975018,20804989,0.93,,519386380,682,,,1
2020-03-23,3698,隆達,twse,10.05,10.40,10.00,10.15,801020,8196154,-0.55,,519386380,336,,,1
2020-03-24,3698,隆達,twse,10.55,11.00,10.55,10.85,896979,9720862,0.7,,519386380,430,,,1
2020-03-25,3698,隆達,twse,11.20,11.75,11.15,11.25,1457953,16650922,0.4,,519386380,596,,,1
2020-03-26,3698,隆達,twse,11.50,11.65,11.10,11.65,1080325,12314018,0.4,,519386380,408,,,1
2020-03-27,3698,隆達,twse,11.80,11.95,11.40,11.45,1052950,12279071,-0.2,,519386380,384,,,1
2020-03-30,3698,隆達,twse,11.15,11.65,11.00,11.60,899230,10183817,0.15,,519386380,450,,,1
2020-03-31,3698,隆達,twse,11.75,11.85,11.30,11.45,698939,8047501,-0.15,,519386380,402,,,1
2020-04-01,3698,隆達,twse,11.45,11.65,11.40,11.60,598500,6898650,0.15,,519386380,286,,,1
2020-04-06,3698,隆達,twse,11.90,11.90,11.45,11.80,856599,10022522,0.2,,519386380,391,,,1
2020-04-07,3698,隆達,twse,11.90,12.30,11.90,12.10,1286003,15526636,0.3,,519386380,496,,,1
2020-04-08,3698,隆達,twse,12.10,12.65,12.00,12.55,1415300,17526839,0.45,,519386380,598,,,1
2020-04-09,3698,隆達,twse,12.75,13.15,12.65,12.65,1928148,24758318,0.1,,519386380,787,,,1
2020-04-10,3698,隆達,twse,12.80,12.85,12.50,12.65,635386,8032181,0.0,,519386380,312,,,1
2020-04-13,3698,隆達,twse,12.65,13.10,12.50,12.90,1181694,15166851,0.25,,519386380,505,,,1
2020-04-14,3698,隆達,twse,13.00,13.30,12.80,13.15,1482710,19365830,0.25,,519386380,549,,,1
2020-04-15,3698,隆達,twse,13.20,13.65,13.05,13.30,1711110,22791011,0.15,,519386380,657,,,1
2020-04-16,3698,隆達,twse,13.15,13.90,13.00,13.90,2496425,33901956,0.6,,519386380,1000,,,1
2020-04-17,3698,隆達,twse,14.20,14.45,13.60,13.70,4858745,68590579,-0.2,,519386380,1790,,,1
2020-04-20,3698,隆達,twse,13.80,14.10,13.55,14.10,1592970,22068674,0.4,,519386380,663,,,1
2020-04-21,3698,隆達,twse,14.55,14.70,13.90,14.15,6073420,86772167,0.05,,519386380,2184,,,1
2020-04-22,3698,隆達,twse,14.30,15.55,14.30,15.55,10008982,151608917,1.4,,519386380,3075,,,1
2020-04-23,3698,隆達,twse,16.80,17.10,16.50,17.10,10211362,172799886,1.55,,519386380,2980,,,1
2020-04-24,3698,隆達,twse,17.80,18.25,17.15,17.80,31897323,563983489,0.7,,519386380,11692,,,1
2020-04-27,3698,隆達,twse,17.85,18.20,17.55,18.10,16217200,289996116,0.3,,519386380,6320,,,1
2020-04-28,3698,隆達,twse,18.10,18.10,17.40,17.65,6990222,123491505,-0.45,,519386380,2902,,,1
2020-04-29,3698,隆達,twse,18.75,19.35,18.15,18.15,16970093,317271574,0.5,,519386380,6851,,,1
2020-04-30,3698,隆達,twse,18.15,18.25,17.60,17.60,7535935,134174603,-0.55,,519386380,3057,,,1
2020-05-04,3698,隆達,twse,17.15,18.15,16.90,17.80,6936803,122521551,0.2,,519386380,2892,,,1
2020-05-05,3698,隆達,twse,17.80,18.00,17.45,17.65,3580858,63219249,-0.15,,519386380,1548,,,1
2020-05-06,3698,隆達,twse,18.15,18.15,17.45,17.45,5594692,99889740,-0.2,,519386380,2201,,,1
2020-05-07,3698,隆達,twse,17.60,18.15,17.50,17.90,7502401,134562375,0.45,,519386380,2686,,,1
2020-05-08,3698,隆達,twse,18.45,19.00,17.80,17.85,8383427,153597619,-0.05,,519386380,3600,,,1
2020-05-11,3698,隆達,twse,18.25,19.15,18.20,19.00,18123420,340678881,1.15,,519386380,6971,,,1
2020-05-12,3698,隆達,twse,18.95,19.30,18.25,18.70,10683003,200893703,-0.3,,519386380,4789,,,1
2020-05-13,3698,隆達,twse,18.70,18.85,18.30,18.70,4076130,75856127,0.0,,519386380,1728,,,1
2020-05-14,3698,隆達,twse,18.65,19.05,17.95,17.95,6637587,123420433,-0.75,,519386380,2791,,,1
2020-05-15,3698,隆達,twse,18.40,18.60,17.55,18.00,4944463,89374510,0.05,,519386380,2210,,,1
2020-05-18,3698,隆達,twse,18.00,18.95,17.85,18.35,6259903,115588469,0.35,,519386380,2887,,,1
2020-05-19,3698,隆達,twse,18.90,18.90,18.30,18.35,3324830,61459028,0.0,,519386380,1572,,,1
2020-05-20,3698,隆達,twse,18.50,20.15,18.25,20.10,36313198,708294810,1.75,,515036380,12534,,,1
2020-05-21,3698,隆達,twse,20.50,21.00,19.75,20.10,31434646,636824648,0.0,,515036380,12122,,,1
2020-05-22,3698,隆達,twse,19.70,19.90,18.45,18.45,15584045,297721172,-1.65,,515036380,6452,,,1
2020-05-25,3698,隆達,twse,18.60,18.70,17.95,18.50,6600475,121136085,0.05,,515036380,2844,,,1
2020-05-26,3698,隆達,twse,18.65,18.80,18.40,18.50,3507848,65024943,0.0,,515036380,1562,,,1
2020-05-27,3698,隆達,twse,18.90,19.20,18.60,18.90,7591477,143872216,0.4,,515036380,3482,,,1
2020-05-28,3698,隆達,twse,18.95,19.20,18.30,18.30,4925783,92196034,-0.6,,515036380,2085,,,1
2020-05-29,3698,隆達,twse,18.30,18.75,18.10,18.45,4925461,90881153,0.15,,515036380,1821,,,1
2020-06-01,3698,隆達,twse,18.60,18.90,18.45,18.50,4291650,80046805,0.05,,515036380,1672,,,1
2020-06-02,3698,隆達,twse,18.40,18.60,18.20,18.25,2839302,52049235,-0.25,,515036380,1310,,,1
2020-06-03,3698,隆達,twse,18.50,18.90,18.40,18.90,4524151,84400786,0.65,,515036380,1919,,,1
2020-06-04,3698,隆達,twse,18.95,19.10,18.70,18.85,4598639,86977497,-0.05,,515036380,1936,,,1
2020-06-05,3698,隆達,twse,19.20,19.70,19.00,19.00,9444133,182748841,0.15,,515036380,3936,,,1
2020-06-08,3698,隆達,twse,19.20,19.25,18.65,18.65,3367032,63533893,-0.35,,515036380,1476,,,1
2020-06-09,3698,隆達,twse,18.65,19.40,18.50,19.30,7088271,135444175,0.65,,515036380,2977,,,1
2020-06-10,3698,隆達,twse,19.10,19.30,18.95,19.10,4465642,85274625,-0.2,,515036380,1746,,,1
2020-06-11,3698,隆達,twse,19.10,19.25,18.50,18.50,4830262,91048772,-0.6,,515036380,1892,,,1
2020-06-12,3698,隆達,twse,17.85,18.65,17.60,18.35,4915701,89130382,-0.15,,515036380,1798,,,1
2020-06-15,3698,隆達,twse,18.40,18.75,18.10,18.25,2796258,51643232,-0.1,,515036380,1264,,,1
2020-06-16,3698,隆達,twse,18.60,19.40,18.45,19.05,7472811,142149116,0.8,,515036380,2959,,,1
2020-06-17,3698,隆達,twse,19.45,20.25,19.30,19.45,17898518,353245445,0.4,,515036380,6909,,,1
2020-06-18,3698,隆達,twse,,,,,0,0,0.0,,515036380,0,無成交,,0
2020-06-19,3698,隆達,twse,21.35,21.35,20.15,20.45,40768638,859814978,0.0,,515036380,11538,,,1
2020-06-22,3698,隆達,twse,20.50,20.90,19.70,19.85,11475239,232783430,-0.6,,515036380,4522,,,1
2020-06-23,3698,隆達,twse,20.15,20.40,19.75,19.90,5945494,119380987,0.05,,515036380,2442,,,1
2020-06-24,3698,隆達,twse,20.00,20.35,19.75,19.90,4247463,84793761,0.0,,515036380,1627,,,1
2020-06-29,3698,隆達,twse,19.55,20.15,19.55,19.85,4699184,93561517,-0.05,,515036380,1692,,,1
2020-06-30,3698,隆達,twse,20.10,20.10,19.80,20.10,3886354,77509830,0.25,,515036380,1491,,,1
2020-07-01,3698,隆達,twse,20.20,20.90,20.20,20.45,8017591,165312467,0.35,,515036380,3102,,,1
2020-07-02,3698,隆達,twse,20.65,20.70,20.20,20.30,4454116,90833588,-0.15,,515036380,1460,,,1
2020-07-03,3698,隆達,twse,20.55,20.65,20.35,20.35,3666519,75066737,0.05,,515036380,1440,,,1
2020-07-06,3698,隆達,twse,20.60,20.90,20.60,20.65,5665186,117526704,0.3,,515036380,2062,,,1
2020-07-07,3698,隆達,twse,21.05,21.25,20.35,20.75,8980689,187774668,0.1,,515036380,3179,,,1
2020-07-08,3698,隆達,twse,21.05,21.35,20.75,20.80,6357282,133807659,0.05,,515036380,2086,,,1
2020-07-09,3698,隆達,twse,21.55,21.85,20.80,20.90,13046109,278972616,0.1,,515036380,5153,,,1
2020-07-10,3698,隆達,twse,21.00,21.20,19.90,20.65,10142589,209442043,-0.25,,515036380,3642,,,1
2020-07-13,3698,隆達,twse,21.20,21.25,20.65,20.85,3484850,72716601,0.2,,515036380,1443,,,1
2020-07-14,3698,隆達,twse,20.85,21.25,20.40,21.20,6876603,144200464,0.35,,515036380,2332,,,1
2020-07-15,3698,隆達,twse,21.40,21.65,20.30,20.35,7148322,148670282,-0.85,,515036380,2772,,,1
2020-07-16,3698,隆達,twse,20.55,20.85,20.30,20.50,3735763,76840059,0.15,,515036380,1269,,,1
2020-07-17,3698,隆達,twse,20.60,20.65,19.80,19.90,3716007,75022524,-0.6,,515036380,1429,,,1
2020-07-20,3698,隆達,twse,19.90,19.95,19.15,19.40,2673250,51962361,-0.5,,515036380,1197,,,1
2020-07-21,3698,隆達,twse,19.65,20.00,19.50,19.90,2315954,45883680,0.5,,515036380,905,,,1
2020-07-22,3698,隆達,twse,20.20,20.35,20.00,20.25,1965117,39723802,0.35,,515036380,801,,,1
2020-07-23,3698,隆達,twse,20.30,20.65,20.25,20.60,3289279,67372941,0.35,,515036380,1070,,,1
2020-07-24,3698,隆達,twse,20.60,21.10,20.05,20.15,5735046,118670413,-0.45,,515036380,2042,,,1
2020-07-27,3698,隆達,twse,20.45,21.05,20.35,20.90,7795014,162385436,0.75,,515036380,2666,,,1
2020-07-28,3698,隆達,twse,21.45,22.95,21.40,22.95,37462823,850811203,2.05,,515036380,11424,,,1
2020-07-29,3698,隆達,twse,23.25,23.90,22.40,23.90,29572092,685235007,0.95,,515036380,11226,,,1
2020-07-30,3698,隆達,twse,23.70,24.10,23.20,23.25,13528492,318441999,-0.65,,515036380,4955,,,1
2020-07-31,3698,隆達,twse,23.50,25.40,23.40,24.10,24290457,594106652,0.85,,515036380,10488,,,1
2020-08-03,3698,隆達,twse,24.40,24.85,23.90,24.65,9790259,238744262,0.55,,515036380,4041,,,1
2020-08-04,3698,隆達,twse,24.75,25.00,24.40,24.70,6152506,151509289,0.05,,515036380,2554,,,1
2020-08-05,3698,隆達,twse,25.05,25.10,24.30,24.30,6308786,155505741,-0.4,,515036380,2620,,,1
2020-08-06,3698,隆達,twse,24.70,25.15,24.00,24.10,7759905,190920950,-0.2,,515036380,3190,,,1
2020-08-07,3698,隆達,twse,24.00,24.35,23.05,23.35,7129891,168296234,-0.75,,515036380,2978,,,1
2020-08-10,3698,隆達,twse,23.50,23.70,22.75,22.90,3749484,87070482,-0.45,,515036380,1757,,,1
2020-08-11,3698,隆達,twse,23.00,23.45,22.60,23.10,4858437,112061762,0.2,,515036380,1779,,,1
2020-08-12,3698,隆達,twse,23.10,23.10,22.65,22.75,2773057,63350792,-0.35,,515036380,1171,,,1
2020-08-13,3698,隆達,twse,23.05,24.40,22.95,23.65,23142775,550766822,0.9,,515036380,9443,,,1
2020-08-14,3698,隆達,twse,23.20,23.65,23.05,23.55,5333333,124919236,-0.1,,515036380,2275,,,1
2020-08-17,3698,隆達,twse,23.60,24.20,23.50,23.65,6674078,159355538,0.1,,515036380,2892,,,1
2020-08-18,3698,隆達,twse,23.75,23.85,22.55,22.55,8948273,204812452,-1.1,,515036380,3786,,,1
2020-08-19,3698,隆達,twse,22.55,22.80,21.50,21.60,7384991,161896400,-0.95,,514916380,3395,,,1
2020-08-20,3698,隆達,twse,21.50,21.50,19.45,19.90,12275400,248211174,-1.7,,514916380,3621,,,1
2020-08-21,3698,隆達,twse,20.50,20.90,20.20,20.50,8377360,171863093,0.6,,514916380,2586,,,1
2020-08-24,3698,隆達,twse,20.60,20.75,20.10,20.65,5466751,112153042,0.15,,514916380,1623,,,1
2020-08-25,3698,隆達,twse,21.50,21.85,21.05,21.15,9597801,205588826,0.5,,514916380,3392,,,1
2020-08-26,3698,隆達,twse,21.15,21.70,21.10,21.55,6202608,133174096,0.4,,514916380,1990,,,1
2020-08-27,3698,隆達,twse,21.65,22.05,21.45,21.90,8168810,177911405,0.35,,514916380,2512,,,1
2020-08-28,3698,隆達,twse,21.80,21.85,21.15,21.30,4640332,99629204,-0.6,,514916380,1889,,,1
2020-08-31,3698,隆達,twse,21.85,22.00,21.45,21.60,5282447,114256306,0.3,,514916380,1898,,,1
2020-09-01,3698,隆達,twse,21.60,22.45,21.50,22.40,7998217,176791305,0.8,,514916380,3286,,,1
2020-09-02,3698,隆達,twse,22.40,22.70,22.15,22.60,5097354,114458167,0.2,,514916380,1899,,,1
2020-09-03,3698,隆達,twse,22.85,22.95,22.45,22.65,4054718,91894314,0.05,,514916380,1543,,,1
2020-09-04,3698,隆達,twse,21.90,22.40,21.70,22.30,4783152,105868716,-0.35,,514916380,1561,,,1
2020-09-07,3698,隆達,twse,22.35,22.50,21.80,21.80,3596095,79390550,-0.5,,514916380,1295,,,1
2020-09-08,3698,隆達,twse,22.00,22.45,21.85,21.95,5541005,122749654,0.15,,514916380,1832,,,1
2020-09-09,3698,隆達,twse,21.60,21.80,21.50,21.70,3358107,72743936,-0.25,,514916380,1266,,,1
2020-09-10,3698,隆達,twse,22.00,22.80,22.00,22.00,5915267,131947347,0.3,,514916380,2312,,,1
2020-09-11,3698,隆達,twse,21.90,22.35,21.85,21.95,3475262,76682864,-0.05,,514916380,1166,,,1
2020-09-14,3698,隆達,twse,22.75,22.75,22.15,22.25,5250398,117882832,0.3,,514916380,2105,,,1
2020-09-15,3698,隆達,twse,22.30,22.40,22.05,22.40,2703731,60187448,0.15,,514916380,1030,,,1
2020-09-16,3698,隆達,twse,22.60,22.65,22.30,22.40,3218901,72294090,0.0,,514916380,1151,,,1
2020-09-17,3698,隆達,twse,22.50,22.80,22.40,22.60,3560342,80503275,0.2,,514916380,1378,,,1
2020-09-18,3698,隆達,twse,22.90,23.05,21.75,22.10,9045632,201804904,-0.5,,514916380,4311,,,1
2020-09-21,3698,隆達,twse,21.70,21.70,20.05,20.20,10891842,225087743,-1.9,,514916380,4589,,,1
2020-09-22,3698,隆達,twse,20.00,20.45,19.50,20.20,7050911,140765594,0.0,,514916380,2431,,,1
2020-09-23,3698,隆達,twse,20.20,20.45,19.75,19.85,3655092,73020533,-0.35,,514916380,1386,,,1
2020-09-24,3698,隆達,twse,19.55,19.55,18.70,18.80,7097100,135410287,-1.05,,514916380,2299,,,1
2020-09-25,3698,隆達,twse,19.10,19.20,18.20,18.70,4133965,77798237,-0.1,,514916380,1493,,,1
2020-09-28,3698,隆達,twse,19.00,19.05,18.75,18.95,1663010,31485388,0.25,,514916380,642,,,1
2020-09-29,3698,隆達,twse,19.20,19.30,18.30,18.30,3341994,62297738,-0.65,,514916380,1017,,,1
2020-09-30,3698,隆達,twse,18.45,19.10,18.05,19.00,3440500,64214500,0.7,,514916380,1460,,,1
2020-10-05,3698,隆達,twse,19.10,19.10,18.75,19.05,1163220,21978179,0.05,,514916380,556,,,1
2020-10-06,3698,隆達,twse,19.30,20.10,19.15,20.05,3164251,62149478,1.0,,514916380,1402,,,1
2020-10-07,3698,隆達,twse,20.05,20.25,19.75,20.05,2912722,58475759,0.0,,514916380,1269,,,1
2020-10-08,3698,隆達,twse,20.35,20.35,19.80,19.90,1979625,39537466,-0.15,,514916380,881,,,1
2020-10-12,3698,隆達,twse,19.95,20.00,19.25,19.30,2356950,45899633,-0.6,,514916380,1021,,,1
2020-10-13,3698,隆達,twse,19.30,19.65,19.25,19.50,2326812,45321531,0.2,,514916380,742,,,1
2020-10-14,3698,隆達,twse,19.45,19.75,19.45,19.60,1512839,29651083,0.1,,514916380,616,,,1
2020-10-15,3698,隆達,twse,19.60,19.75,19.20,19.25,2329512,45123731,-0.35,,514916380,953,,,1
2020-10-16,3698,隆達,twse,19.35,19.35,18.55,18.60,3788450,71335219,-0.65,,514916380,1454,,,1
2020-10-19,3698,隆達,twse,18.85,19.05,18.70,19.05,2041306,38629007,0.45,,514916380,691,,,1
2020-10-20,3698,隆達,twse,18.90,19.05,18.85,19.05,835229,15864751,0.0,,514916380,370,,,1
2020-10-21,3698,隆達,twse,19.15,19.45,19.05,19.20,2081150,40142079,0.15,,514916380,890,,,1
2020-10-22,3698,隆達,twse,19.15,19.15,18.80,18.95,1120859,21230871,-0.25,,514916380,570,,,1
2020-10-23,3698,隆達,twse,19.05,19.15,18.75,19.15,1156727,21935231,0.2,,514916380,535,,,1
2020-10-26,3698,隆達,twse,19.20,19.20,18.80,18.85,963784,18232071,-0.3,,514916380,452,,,1
2020-10-27,3698,隆達,twse,18.70,18.90,18.70,18.75,815756,15305582,-0.1,,514916380,396,,,1
2020-10-28,3698,隆達,twse,18.75,18.90,18.50,18.50,1060276,19755487,-0.25,,514916380,494,,,1
2020-10-29,3698,隆達,twse,18.25,18.25,17.90,18.25,1662326,30139958,-0.25,,514916380,648,,,1
2020-10-30,3698,隆達,twse,18.25,18.35,18.05,18.05,976245,17767633,-0.2,,514916380,439,,,1
2020-11-02,3698,隆達,twse,18.05,18.05,17.65,17.90,1611450,28726245,-0.15,,514916380,641,,,1
2020-11-03,3698,隆達,twse,18.15,18.50,18.10,18.35,1125400,20680938,0.45,,514916380,523,,,1
2020-11-04,3698,隆達,twse,18.60,19.40,18.55,18.80,3527078,67055735,0.45,,514916380,1657,,,1
2020-11-05,3698,隆達,twse,18.80,19.00,18.70,18.90,892553,16794446,0.1,,514916380,402,,,1
2020-11-06,3698,隆達,twse,19.75,19.75,18.90,19.00,2134774,41124573,0.1,,514916380,921,,,1
2020-11-09,3698,隆達,twse,18.95,19.10,18.70,18.70,1326745,24940225,-0.3,,514916380,601,,,1
2020-11-10,3698,隆達,twse,18.70,19.05,18.60,18.65,1131480,21264083,-0.05,,514916380,531,,,1
2020-11-11,3698,隆達,twse,18.70,19.10,18.70,19.05,1577797,29842332,0.4,,514916380,717,,,1
2020-11-12,3698,隆達,twse,19.25,19.55,19.00,19.40,3307120,63979363,0.35,,514916380,1195,,,1
2020-11-13,3698,隆達,twse,19.15,19.45,19.05,19.30,1317378,25349081,-0.1,,514916380,543,,,1
2020-11-16,3698,隆達,twse,19.35,19.80,19.10,19.60,2597387,50612174,0.3,,514916380,977,,,1
2020-11-17,3698,隆達,twse,19.80,20.40,19.60,20.00,6004948,120362795,0.4,,514916380,2041,,,1
2020-11-18,3698,隆達,twse,20.05,20.45,19.90,20.00,2814036,56609075,0.0,,514916380,1130,,,1
2020-11-19,3698,隆達,twse,20.00,20.55,19.90,20.45,4080530,82841822,0.45,,514916380,1412,,,1
2020-11-20,3698,隆達,twse,20.60,20.90,20.40,20.50,3886352,80226189,0.05,,514916380,1268,,,1
2020-11-23,3698,隆達,twse,20.65,20.70,20.35,20.50,2122220,43535440,0.0,,514916380,810,,,1
2020-11-24,3698,隆達,twse,20.65,20.75,20.00,20.05,2581577,52887465,-0.45,,514916380,920,,,1
2020-11-25,3698,隆達,twse,20.20,21.00,20.20,20.55,4505135,93056694,0.5,,514916380,1589,,,1
2020-11-26,3698,隆達,twse,20.55,20.60,20.30,20.40,1741424,35591837,-0.15,,514916380,627,,,1
2020-11-27,3698,隆達,twse,20.55,20.65,20.35,20.55,1603340,32868811,0.15,,514916380,594,,,1
2020-11-30,3698,隆達,twse,20.60,20.90,20.35,20.35,2854914,58988067,-0.2,,514916380,1018,,,1
2020-12-01,3698,隆達,twse,20.70,20.70,20.30,20.60,1432918,29430874,0.25,,514916380,634,,,1
2020-12-02,3698,隆達,twse,20.80,22.65,20.80,22.65,25365294,559348618,2.05,,514916380,7424,,,1
2020-12-03,3698,隆達,twse,22.75,22.95,21.65,21.80,16696533,374005591,-0.85,,514916380,5995,,,1
2020-12-04,3698,隆達,twse,22.00,22.65,21.65,22.35,9481133,211595895,0.55,,514916380,3195,,,1
2020-12-07,3698,隆達,twse,22.75,23.40,22.35,22.50,12102113,276087950,0.15,,514916380,4247,,,1
2020-12-08,3698,隆達,twse,22.35,23.20,22.35,22.85,5995869,137018778,0.35,,514916380,2247,,,1
2020-12-09,3698,隆達,twse,23.20,23.95,23.20,23.55,14356862,338191220,0.7,,514916380,5020,,,1
2020-12-10,3698,隆達,twse,23.50,23.90,22.85,23.15,9201983,215741087,-0.4,,514916380,2898,,,1
2020-12-11,3698,隆達,twse,23.50,23.75,22.15,22.95,8248955,189244608,-0.2,,514916380,2489,,,1
2020-12-14,3698,隆達,twse,22.90,23.25,22.25,22.90,3510528,80258309,-0.05,,514916380,1359,,,1
2020-12-15,3698,隆達,twse,23.00,23.10,22.30,22.35,4757187,107475861,-0.55,,514916380,1223,,,1
2020-12-16,3698,隆達,twse,22.75,22.85,22.45,22.45,3894377,88086057,0.1,,514916380,1511,,,1
2020-12-17,3698,隆達,twse,22.55,23.10,22.50,22.75,4499895,102482315,0.3,,514916380,1315,,,1
2020-12-18,3698,隆達,twse,23.00,23.05,22.35,22.55,3605682,81384196,-0.2,,514916380,1159,,,1
2020-12-21,3698,隆達,twse,22.60,22.70,22.10,22.40,3397364,76159301,-0.15,,514916380,1124,,,1
2020-12-22,3698,隆達,twse,22.25,22.75,21.80,21.95,5051263,112583916,-0.45,,514916380,1770,,,1
2020-12-23,3698,隆達,twse,22.10,22.80,22.10,22.25,7580101,169790385,0.3,,514916380,2641,,,1
