date,stock_id,foreign,trust,dealer,total,dealer_self,dealer_hedge
2015-04-01,5439,0,0,2000,2000,2000,0
2015-04-13,5439,0,0,-2000,-2000,-2000,0
2015-07-03,5439,0,0,2000,2000,2000,0
2015-07-06,5439,0,0,-2000,-2000,-2000,0
2015-10-12,5439,1000,0,0,1000,0,0
2015-10-19,5439,-1000,0,0,-1000,0,0
2015-10-20,5439,-1000,0,0,-1000,0,0
2015-11-26,5439,5000,0,0,5000,0,0
2015-12-01,5439,-5000,0,0,-5000,0,0
2015-12-02,5439,4000,0,0,4000,0,0
2015-12-11,5439,-2000,0,0,-2000,0,0
2015-12-16,5439,-1000,0,0,-1000,0,0
2015-12-21,5439,3000,0,0,3000,0,0
2015-12-30,5439,1000,0,0,1000,0,0
2015-12-31,5439,1000,0,0,1000,0,0
2016-01-07,5439,-57000,0,0,-57000,0,0
2016-01-15,5439,-2000,0,0,-2000,0,0
2016-01-28,5439,-2000,0,0,-2000,0,0
2016-02-01,5439,-1000,0,0,-1000,0,0
2016-02-16,5439,1000,0,0,1000,0,0
2016-02-22,5439,4000,0,0,4000,0,0
2016-02-24,5439,-1000,0,0,-1000,0,0
2016-02-25,5439,6000,0,0,6000,0,0
2016-03-01,5439,-1000,0,0,-1000,0,0
2016-03-02,5439,-4000,0,0,-4000,0,0
2016-03-03,5439,-5000,0,0,-5000,0,0
2016-03-08,5439,1000,0,0,1000,0,0
2016-03-09,5439,-1000,0,0,-1000,0,0
2016-03-11,5439,9000,0,0,9000,0,0
2016-03-14,5439,-1000,0,0,-1000,0,0
2016-03-15,5439,-8000,0,0,-8000,0,0
2016-03-22,5439,0,0,0,0,0,0
2016-03-24,5439,8000,0,0,8000,0,0
2016-03-25,5439,-8000,0,0,-8000,0,0
2016-04-06,5439,0,0,2000,2000,2000,0
2016-04-07,5439,1000,0,0,1000,0,0
2016-04-11,5439,-1000,0,-2000,-3000,-2000,0
2016-04-14,5439,14000,0,0,14000,0,0
2016-04-18,5439,1000,0,0,1000,0,0
2016-04-19,5439,0,0,0,0,0,0
2016-04-20,5439,2000,0,1000,3000,1000,0
2016-04-22,5439,0,0,-1000,-1000,-1000,0
2016-04-25,5439,0,0,0,0,0,0
2016-04-27,5439,3000,0,0,3000,0,0
2016-04-29,5439,3000,0,0,3000,0,0
2016-05-03,5439,2000,0,0,2000,0,0
2016-05-04,5439,1000,0,0,1000,0,0
2016-05-05,5439,6000,0,0,6000,0,0
2016-05-09,5439,11000,0,0,11000,0,0
2016-05-10,5439,23000,0,0,23000,0,0
2016-05-11,5439,-25000,0,0,-25000,0,0
2016-05-12,5439,7000,0,0,7000,0,0
2016-05-13,5439,-31000,0,0,-31000,0,0
2016-05-16,5439,-15000,0,0,-15000,0,0
2016-05-17,5439,0,0,0,0,0,0
2016-05-19,5439,-1000,0,0,-1000,0,0
2016-05-26,5439,49000,0,0,49000,0,0
2016-05-30,5439,-12000,0,0,-12000,0,0
2016-05-31,5439,-33000,0,0,-33000,0,0
2016-06-01,5439,0,0,60000,60000,60000,0
2016-06-02,5439,-4000,0,1000,-3000,1000,0
2016-06-03,5439,95000,0,0,95000,0,0
2016-06-06,5439,34000,0,0,34000,0,0
2016-06-07,5439,-10000,0,0,-10000,0,0
2016-06-08,5439,-7000,0,4000,-3000,4000,0
2016-06-13,5439,-28000,0,0,-28000,0,0
2016-06-14,5439,-3000,0,-4000,-7000,-4000,0
2016-06-15,5439,30000,0,0,30000,0,0
2016-06-16,5439,-111000,565000,-21000,433000,-21000,0
2016-06-17,5439,24000,0,145000,169000,145000,0
2016-06-20,5439,-21000,0,70000,49000,70000,0
2016-06-21,5439,-1000,0,-85000,-86000,-85000,0
2016-06-22,5439,11000,0,40000,51000,40000,0
2016-06-23,5439,-11000,0,0,-11000,0,0
2016-06-24,5439,-2000,0,41000,39000,41000,0
2016-06-27,5439,250000,0,-1000,249000,-1000,0
2016-06-28,5439,19000,0,0,19000,0,0
2016-06-29,5439,-11000,0,0,-11000,0,0
2016-06-30,5439,6000,0,0,6000,0,0
2016-07-01,5439,-72000,0,80000,8000,80000,0
2016-07-04,5439,-14000,0,11000,-3000,11000,0
2016-07-05,5439,116000,0,-11000,105000,-11000,0
2016-07-06,5439,-146000,0,-5000,-151000,-5000,0
2016-07-07,5439,8000,0,0,8000,0,0
2016-07-11,5439,20000,0,0,20000,0,0
2016-07-12,5439,-3000,0,0,-3000,0,0
2016-07-13,5439,31000,0,0,31000,0,0
2016-07-14,5439,13000,0,0,13000,0,0
2016-07-15,5439,5000,0,0,5000,0,0
2016-07-18,5439,7000,0,15000,22000,15000,0
2016-07-19,5439,138000,0,91000,229000,91000,0
2016-07-20,5439,-34000,0,-6000,-40000,-6000,0
2016-07-21,5439,140000,163000,88000,391000,88000,0
2016-07-22,5439,20000,90000,0,110000,0,0
2016-07-25,5439,-28000,10000,-10000,-28000,-10000,0
2016-07-26,5439,3000,68000,-10000,61000,-10000,0
2016-07-27,5439,-32000,40000,130000,138000,130000,0
2016-07-28,5439,-15000,250000,15000,250000,15000,0
2016-07-29,5439,-96000,100000,0,4000,0,0
2016-08-01,5439,-16000,0,25000,9000,25000,0
2016-08-02,5439,107000,434000,0,541000,0,0
2016-08-03,5439,55000,357000,-623000,-211000,-623000,0
2016-08-04,5439,-111000,350000,0,239000,0,0
2016-08-05,5439,-67000,490000,0,423000,0,0
2016-08-08,5439,-73000,100000,16000,43000,16000,0
2016-08-09,5439,-68000,-35000,0,-103000,0,0
2016-08-10,5439,25000,0,0,25000,0,0
2016-08-11,5439,-4000,30000,0,26000,0,0
2016-08-12,5439,90000,30000,0,120000,0,0
2016-08-15,5439,-25000,0,0,-25000,0,0
2016-08-16,5439,-44000,0,23000,-21000,23000,0
2016-08-17,5439,-44000,132000,-23000,65000,-23000,0
2016-08-18,5439,117000,487000,0,604000,0,0
2016-08-19,5439,69000,298000,0,367000,0,0
2016-08-22,5439,-88000,-50000,0,-138000,0,0
2016-08-23,5439,119000,0,0,119000,0,0
2016-08-24,5439,-13000,0,0,-13000,0,0
2016-08-25,5439,-10000,-50000,0,-60000,0,0
2016-08-26,5439,-11000,-90000,0,-101000,0,0
2016-08-29,5439,2000,-20000,0,-18000,0,0
2016-08-30,5439,17000,0,0,17000,0,0
2016-08-31,5439,-12000,-32000,0,-44000,0,0
2016-09-01,5439,-21000,-538000,30000,-529000,30000,0
2016-09-02,5439,76000,-175000,15000,-84000,15000,0
2016-09-05,5439,97000,-370000,-16000,-289000,-16000,0
2016-09-06,5439,-1000,-128000,0,-129000,0,0
2016-09-07,5439,-13000,0,0,-13000,0,0
2016-09-08,5439,-17000,-50000,34000,-33000,34000,0
2016-09-09,5439,-2000,-50000,0,-52000,0,0
2016-09-10,5439,0,-200000,34000,-166000,34000,0
2016-09-12,5439,-18000,-172000,-68000,-258000,-68000,0
2016-09-13,5439,2000,-169000,0,-167000,0,0
2016-09-14,5439,57000,-224000,0,-167000,0,0
2016-09-19,5439,31000,-184000,0,-153000,0,0
2016-09-20,5439,32000,-200000,0,-168000,0,0
2016-09-21,5439,0,-159000,0,-159000,0,0
2016-09-22,5439,-1000,-115000,0,-116000,0,0
2016-09-23,5439,-15000,0,0,-15000,0,0
2016-09-26,5439,-179000,938000,64000,823000,64000,0
2016-09-29,5439,-53000,114000,28000,89000,28000,0
2016-09-30,5439,0,375000,93000,468000,93000,0
2016-10-03,5439,-12000,0,-63000,-75000,-63000,0
2016-10-04,5439,27000,0,21000,48000,21000,0
2016-10-05,5439,0,-50000,9000,-41000,9000,0
2016-10-06,5439,34000,-50000,0,-16000,0,0
2016-10-07,5439,35000,100000,0,135000,0,0
2016-10-11,5439,-42000,120000,3000,81000,3000,0
2016-10-12,5439,49000,74000,26000,149000,26000,0
2016-10-13,5439,7000,0,-17000,-10000,-17000,0
2016-10-14,5439,-25000,0,-15000,-40000,-15000,0
2016-10-17,5439,-19000,0,-16000,-35000,-16000,0
2016-10-18,5439,14000,0,-3000,11000,-3000,0
2016-10-19,5439,-34000,0,30000,-4000,30000,0
2016-10-20,5439,87000,98000,-35000,150000,-35000,0
2016-10-21,5439,-7000,63000,-20000,36000,-20000,0
2016-10-24,5439,-14000,132000,-5000,113000,-5000,0
2016-10-25,5439,119000,0,-45000,74000,-45000,0
2016-10-26,5439,34000,119000,0,153000,0,0
2016-10-27,5439,18000,30000,62000,110000,62000,0
2016-10-28,5439,-20000,31000,23000,34000,23000,0
2016-10-31,5439,-14000,0,-5000,-19000,-5000,0
2016-11-01,5439,-38000,0,0,-38000,0,0
2016-11-02,5439,-34000,0,-15000,-49000,-15000,0
2016-11-03,5439,2000,0,0,2000,0,0
2016-11-04,5439,-3000,0,-15000,-18000,-15000,0
2016-11-07,5439,10000,0,0,10000,0,0
2016-11-08,5439,1000,124000,-25000,100000,-25000,0
2016-11-09,5439,-24000,-30000,-40000,-94000,-40000,0
2016-11-10,5439,10000,-20000,-75000,-85000,-75000,0
2016-11-11,5439,0,-60000,3000,-57000,3000,0
2016-11-14,5439,-21000,-50000,0,-71000,0,0
2016-11-15,5439,0,-100000,-1000,-101000,-1000,0
2016-11-16,5439,-9000,0,-52000,-61000,-52000,0
2016-11-17,5439,-5000,0,20000,15000,20000,0
2016-11-18,5439,-15000,-20000,0,-35000,0,0
2016-11-21,5439,-9000,0,0,-9000,0,0
2016-11-22,5439,-13000,-50000,0,-63000,0,0
2016-11-23,5439,-16000,-100000,0,-116000,0,0
2016-11-24,5439,2000,0,0,2000,0,0
2016-11-25,5439,5000,-67000,0,-62000,0,0
2016-11-29,5439,9000,0,0,9000,0,0
2016-11-30,5439,-2000,-25000,0,-27000,0,0
2016-12-01,5439,6000,0,-20000,-14000,-20000,0
2016-12-02,5439,8000,0,0,8000,0,0
2016-12-05,5439,5000,-90000,0,-85000,0,0
2016-12-06,5439,3000,0,0,3000,0,0
2016-12-07,5439,23000,-20000,0,3000,0,0
2016-12-08,5439,4000,0,34000,38000,34000,0
2016-12-09,5439,20000,-140000,0,-120000,0,0
2016-12-12,5439,-1000,-130000,1000,-130000,1000,0
2016-12-13,5439,15000,-165000,0,-150000,0,0
2016-12-14,5439,24000,-149000,0,-125000,0,0
2016-12-15,5439,12000,-169000,0,-157000,0,0
2016-12-16,5439,14000,-20000,5000,-1000,5000,0
2016-12-19,5439,16000,30000,0,46000,0,0
2016-12-20,5439,18000,33000,0,51000,0,0
2016-12-21,5439,24000,0,0,24000,0,0
2016-12-22,5439,2000,122000,0,124000,0,0
2016-12-23,5439,1000,0,0,1000,0,0
2016-12-26,5439,6000,0,0,6000,0,0
2016-12-27,5439,2000,0,0,2000,0,0
2016-12-28,5439,13000,0,0,13000,0,0
2016-12-29,5439,12000,0,0,12000,0,0
2016-12-30,5439,7000,0,0,7000,0,0
2017-01-03,5439,11000,0,0,11000,0,0
2017-01-04,5439,-36000,0,1000,-35000,1000,0
2017-01-05,5439,-13000,0,24000,11000,24000,0
2017-01-06,5439,-4000,0,0,-4000,0,0
2017-01-09,5439,-24000,0,-1000,-25000,-1000,0
2017-01-10,5439,-12000,0,0,-12000,0,0
2017-01-11,5439,-22000,0,0,-22000,0,0
2017-01-12,5439,-9000,109000,0,100000,0,0
2017-01-13,5439,-1000,0,0,-1000,0,0
2017-01-16,5439,-28000,61000,0,33000,0,0
2017-01-17,5439,-8000,0,0,-8000,0,0
2017-01-18,5439,-2000,0,0,-2000,0,0
2017-01-19,5439,-11000,0,0,-11000,0,0
2017-01-20,5439,-3000,0,0,-3000,0,0
2017-01-23,5439,-4000,0,0,-4000,0,0
2017-01-24,5439,0,0,0,0,0,0
2017-02-02,5439,32000,75000,0,107000,0,0
2017-02-03,5439,5000,0,0,5000,0,0
2017-02-06,5439,2000,0,0,2000,0,0
2017-02-07,5439,3000,0,0,3000,0,0
2017-02-08,5439,-4000,5000,0,1000,0,0
2017-02-09,5439,3000,5000,0,8000,0,0
2017-02-10,5439,-11000,5000,0,-6000,0,0
2017-02-13,5439,2000,284000,0,286000,0,0
2017-02-14,5439,-3000,189000,0,186000,0,0
2017-02-15,5439,79000,1011000,40000,1130000,40000,0
2017-02-16,5439,-156000,108000,0,-48000,0,0
2017-02-17,5439,100000,0,26000,126000,26000,0
2017-02-18,5439,0,183000,160000,343000,160000,0
2017-02-20,5439,-38000,0,0,-38000,0,0
2017-02-21,5439,27000,17000,-30000,14000,-30000,0
2017-02-22,5439,84000,0,0,84000,0,0
2017-02-23,5439,57000,0,0,57000,0,0
2017-02-24,5439,57000,-150000,0,-93000,0,0
2017-03-01,5439,47000,17000,0,64000,0,0
2017-03-02,5439,-23000,0,20000,-3000,20000,0
2017-03-03,5439,10000,0,-20000,-10000,-20000,0
2017-03-06,5439,28000,0,0,28000,0,0
2017-03-07,5439,38000,0,0,38000,0,0
2017-03-08,5439,68000,0,-20000,48000,-20000,0
2017-03-09,5439,11000,0,-20000,-9000,-20000,0
2017-03-10,5439,-86000,0,0,-86000,0,0
2017-03-13,5439,-175999,-99000,0,-274999,0,0
2017-03-14,5439,22000,-99000,15000,-62000,15000,0
2017-03-15,5439,9000,-104000,20000,-75000,20000,0
2017-03-16,5439,8000,-114000,-30000,-136000,-30000,0
2017-03-17,5439,24000,-115000,0,-91000,0,0
2017-03-20,5439,-20000,0,0,-20000,0,0
2017-03-21,5439,-11000,0,55000,44000,55000,0
2017-03-22,5439,53000,0,-35000,18000,-35000,0
2017-03-23,5439,-60999,0,0,-60999,0,0
2017-03-24,5439,7000,0,-10000,-3000,-10000,0
2017-03-27,5439,10000,0,0,10000,0,0
2017-03-28,5439,-122000,0,-20000,-142000,-20000,0
2017-03-29,5439,41001,-145000,0,-103999,0,0
2017-03-30,5439,30000,0,0,30000,0,0
2017-03-31,5439,17000,0,0,17000,0,0
2017-04-05,5439,26000,0,40000,66000,40000,0
2017-04-06,5439,26000,0,0,26000,0,0
2017-04-07,5439,9000,0,0,9000,0,0
2017-04-10,5439,30000,0,65000,95000,65000,0
2017-04-11,5439,-84000,0,0,-84000,0,0
2017-04-12,5439,-16000,0,0,-16000,0,0
2017-04-13,5439,-36000,0,0,-36000,0,0
2017-04-14,5439,-53000,0,-65000,-118000,-65000,0
2017-04-17,5439,-19000,0,-65000,-84000,-65000,0
2017-04-18,5439,40000,0,0,40000,0,0
2017-04-19,5439,-14000,0,0,-14000,0,0
2017-04-20,5439,-15000,0,0,-15000,0,0
2017-04-21,5439,-7000,0,0,-7000,0,0
2017-04-24,5439,-27000,-35000,0,-62000,0,0
2017-04-25,5439,115579,-5000,0,110579,0,0
2017-04-26,5439,32331,-30334,0,1997,0,0
2017-04-27,5439,-7000,0,100000,93000,100000,0
2017-04-28,5439,117000,0,0,117000,0,0
2017-05-02,5439,93000,26000,51000,170000,51000,0
2017-05-03,5439,-177000,-11901,0,-188901,0,0
2017-05-04,5439,-60000,0,50000,-10000,50000,0
2017-05-05,5439,27000,0,0,27000,0,0
2017-05-08,5439,-6000,0,-35000,-41000,-35000,0
2017-05-09,5439,34000,0,-141000,-107000,-141000,0
2017-05-10,5439,15000,0,20000,35000,20000,0
2017-05-11,5439,-2000,0,0,-2000,0,0
2017-05-12,5439,25000,0,-9000,16000,-9000,0
2017-05-15,5439,15000,0,-15000,0,-15000,0
2017-05-16,5439,57000,0,-11000,46000,-11000,0
2017-05-17,5439,-84000,0,-20000,-104000,-20000,0
2017-05-18,5439,18000,0,-25000,-7000,-25000,0
2017-05-19,5439,29000,0,-25000,4000,-25000,0
2017-05-22,5439,26000,0,0,26000,0,0
2017-05-23,5439,19180,0,0,19180,0,0
2017-05-24,5439,29000,-13000,0,16000,0,0
2017-05-25,5439,-11000,-30000,0,-41000,0,0
2017-05-26,5439,-23000,0,0,-23000,0,0
2017-05-31,5439,0,0,0,0,0,0
2017-06-01,5439,-12000,0,0,-12000,0,0
2017-06-02,5439,-97000,0,0,-97000,0,0
2017-06-03,5439,0,-65000,0,-65000,0,0
2017-06-05,5439,10000,-103000,0,-93000,0,0
2017-06-06,5439,-4000,-56000,0,-60000,0,0
2017-06-07,5439,-24000,-27000,0,-51000,0,0
2017-06-08,5439,-25000,0,0,-25000,0,0
2017-06-09,5439,-7000,-13000,0,-20000,0,0
2017-06-12,5439,14000,0,0,14000,0,0
2017-06-13,5439,-6000,0,0,-6000,0,0
2017-06-14,5439,-14000,0,0,-14000,0,0
2017-06-15,5439,-12000,0,0,-12000,0,0
2017-06-16,5439,21000,-12000,0,9000,0,0
2017-06-19,5439,-22000,0,0,-22000,0,0
2017-06-20,5439,10000,0,0,10000,0,0
2017-06-21,5439,0,0,0,0,0,0
2017-06-22,5439,0,0,0,0,0,0
2017-06-23,5439,2000,0,0,2000,0,0
2017-06-26,5439,-14000,0,0,-14000,0,0
2017-06-27,5439,1000,0,0,1000,0,0
2017-06-28,5439,13000,0,0,13000,0,0
2017-06-29,5439,20000,0,0,20000,0,0
2017-06-30,5439,17000,0,0,17000,0,0
2017-07-03,5439,5000,0,0,5000,0,0
2017-07-04,5439,1000,0,0,1000,0,0
2017-07-05,5439,0,0,0,0,0,0
2017-07-06,5439,0,0,0,0,0,0
2017-07-07,5439,3000,0,0,3000,0,0
2017-07-10,5439,17000,-22000,0,-5000,0,0
2017-07-11,5439,22000,-64000,-3000,-45000,-3000,0
2017-07-12,5439,69000,0,0,69000,0,0
2017-07-13,5439,40000,0,0,40000,0,0
2017-07-14,5439,74000,0,0,74000,0,0
2017-07-17,5439,-64000,0,0,-64000,0,0
2017-07-18,5439,7000,0,0,7000,0,0
2017-07-19,5439,4000,-92000,0,-88000,0,0
2017-07-20,5439,55000,0,0,55000,0,0
2017-07-21,5439,108000,0,0,108000,0,0
2017-07-24,5439,24000,0,0,24000,0,0
2017-07-25,5439,-1000,-43000,0,-44000,0,0
2017-07-26,5439,5000,-22000,0,-17000,0,0
2017-07-27,5439,85000,-11000,0,74000,0,0
2017-07-28,5439,29000,-21000,40000,48000,40000,0
2017-07-31,5439,52000,-20000,0,32000,0,0
2017-08-01,5439,40000,0,0,40000,0,0
2017-08-02,5439,30000,0,0,30000,0,0
2017-08-03,5439,84000,0,0,84000,0,0
2017-08-04,5439,-69000,-59000,0,-128000,0,0
2017-08-07,5439,-85000,-25000,-5000,-115000,-5000,0
2017-08-08,5439,-48000,0,-37000,-85000,-37000,0
2017-08-09,5439,-66000,0,-76000,-142000,-76000,0
2017-08-10,5439,-96000,-28000,-30490,-154490,-30490,0
2017-08-11,5439,-13000,-195000,0,-208000,0,0
2017-08-14,5439,-39000,-138782,0,-177782,0,0
2017-08-15,5439,68000,0,0,68000,0,0
2017-08-16,5439,-7000,0,-10000,-17000,-10000,0
2017-08-17,5439,-7000,0,-50000,-57000,-50000,0
2017-08-18,5439,-30000,-1233,0,-31233,0,0
2017-08-21,5439,-5000,0,0,-5000,0,0
2017-08-22,5439,-12000,0,0,-12000,0,0
2017-08-23,5439,-26000,-47000,0,-73000,0,0
2017-08-24,5439,-2000,-150000,0,-152000,0,0
2017-08-25,5439,12000,-99000,0,-87000,0,0
2017-08-28,5439,-24000,-180000,0,-204000,0,0
2017-08-29,5439,-2000,0,0,-2000,0,0
2017-08-30,5439,5000,-240000,0,-235000,0,0
2017-08-31,5439,7000,-74000,0,-67000,0,0
2017-09-01,5439,44000,-50000,0,-6000,0,0
2017-09-04,5439,12000,0,0,12000,0,0
2017-09-05,5439,13000,0,0,13000,0,0
2017-09-06,5439,-11000,0,0,-11000,0,0
2017-09-07,5439,30000,0,0,30000,0,0
2017-09-08,5439,23000,0,0,23000,0,0
2017-09-11,5439,50000,0,10000,60000,10000,0
2017-09-12,5439,-9000,0,-35000,-44000,-35000,0
2017-09-13,5439,24000,0,-30000,-6000,-30000,0
2017-09-14,5439,12000,0,0,12000,0,0
2017-09-15,5439,61000,0,0,61000,0,0
2017-09-18,5439,46000,0,-15000,31000,-15000,0
2017-09-19,5439,-55000,0,-26000,-81000,-26000,0
2017-09-20,5439,-12000,0,0,-12000,0,0
2017-09-21,5439,79000,0,0,79000,0,0
2017-09-22,5439,15000,0,0,15000,0,0
2017-09-25,5439,-42000,0,-155,-42155,-155,0
2017-09-26,5439,-21000,0,0,-21000,0,0
2017-09-27,5439,41000,0,0,41000,0,0
2017-09-28,5439,3000,0,0,3000,0,0
2017-09-29,5439,40000,0,0,40000,0,0
2017-10-02,5439,10000,-275000,0,-265000,0,0
2017-10-03,5439,-23000,0,0,-23000,0,0
2017-10-05,5439,20000,0,0,20000,0,0
2017-10-06,5439,-1000,0,0,-1000,0,0
2017-10-11,5439,10000,0,0,10000,0,0
2017-10-12,5439,-13000,0,0,-13000,0,0
2017-10-13,5439,-30000,0,0,-30000,0,0
2017-10-16,5439,-4000,-69000,0,-73000,0,0
2017-10-17,5439,-46000,0,0,-46000,0,0
2017-10-18,5439,-17000,0,0,-17000,0,0
2017-10-19,5439,-1000,0,0,-1000,0,0
2017-10-20,5439,5000,0,0,5000,0,0
2017-10-23,5439,13000,0,0,13000,0,0
2017-10-24,5439,44000,-111212,0,-67212,0,0
2017-10-25,5439,29000,0,0,29000,0,0
2017-10-26,5439,35000,0,0,35000,0,0
2017-10-27,5439,23000,0,0,23000,0,0
2017-10-30,5439,-13000,0,0,-13000,0,0
2017-10-31,5439,31000,0,0,31000,0,0
2017-11-01,5439,69000,0,0,69000,0,0
2017-11-02,5439,22000,0,0,22000,0,0
2017-11-03,5439,0,0,21000,21000,21000,0
2017-11-06,5439,67000,100000,14000,181000,14000,0
2017-11-07,5439,2000,0,7000,9000,7000,0
2017-11-08,5439,-4000,50000,0,46000,0,0
2017-11-09,5439,-86000,0,-42000,-128000,-42000,0
2017-11-10,5439,-6000,0,0,-6000,0,0
2017-11-13,5439,-111000,0,0,-111000,0,0
2017-11-14,5439,-78000,0,0,-78000,0,0
2017-11-15,5439,-27000,0,0,-27000,0,0
2017-11-16,5439,-8000,0,0,-8000,0,0
2017-11-17,5439,-38000,0,0,-38000,0,0
2017-11-20,5439,-2000,0,0,-2000,0,0
2017-11-21,5439,-6000,0,0,-6000,0,0
2017-11-22,5439,-21000,0,0,-21000,0,0
2017-11-23,5439,5000,0,0,5000,0,0
2017-11-24,5439,17000,0,0,17000,0,0
2017-11-27,5439,19000,0,0,19000,0,0
2017-11-28,5439,4000,0,0,4000,0,0
2017-11-29,5439,-1000,0,0,-1000,0,0
2017-11-30,5439,-18000,0,0,-18000,0,0
2017-12-01,5439,-84000,59000,0,-25000,0,0
2017-12-04,5439,-4000,30000,0,26000,0,0
2017-12-05,5439,-5000,50000,0,45000,0,0
2017-12-06,5439,-10000,40000,0,30000,0,0
2017-12-07,5439,-9000,20000,0,11000,0,0
2017-12-08,5439,-7000,0,0,-7000,0,0
2017-12-11,5439,77000,20000,0,97000,0,0
2017-12-12,5439,8000,15000,0,23000,0,0
2017-12-13,5439,1000,15000,0,16000,0,0
2017-12-14,5439,35000,0,0,35000,0,0
2017-12-15,5439,-9000,0,0,-9000,0,0
2017-12-18,5439,16000,0,0,16000,0,0
2017-12-19,5439,-47000,0,0,-47000,0,0
2017-12-20,5439,16000,0,0,16000,0,0
2017-12-21,5439,41000,0,0,41000,0,0
2017-12-22,5439,-4000,0,10000,6000,10000,0
2017-12-25,5439,-4000,0,-5000,-9000,-5000,0
2017-12-26,5439,-4000,0,0,-4000,0,0
2017-12-27,5439,4000,0,-5000,-1000,-5000,0
2017-12-28,5439,0,20000,0,20000,0,0
2017-12-29,5439,18000,30000,0,48000,0,0
2018-01-02,5439,34000,0,0,34000,0,0
2018-01-03,5439,41000,0,0,41000,0,0
2018-01-04,5439,31000,0,0,31000,0,0
2018-01-05,5439,9000,0,0,9000,0,0
2018-01-08,5439,22000,0,0,22000,0,0
2018-01-09,5439,12000,0,0,12000,0,0
2018-01-10,5439,-48000,0,7000,-41000,7000,0
2018-01-11,5439,-11000,26000,0,15000,0,0
2018-01-12,5439,8000,0,0,8000,0,0
2018-01-15,5439,-1000,0,-3000,-4000,-3000,0
2018-01-16,5439,0,0,0,0,0,0
2018-01-17,5439,34000,0,0,34000,0,0
2018-01-18,5439,-7000,24000,0,17000,0,0
2018-01-19,5439,-15000,0,0,-15000,0,0
2018-01-22,5439,15000,0,0,15000,0,0
2018-01-23,5439,46000,55000,0,101000,0,0
2018-01-24,5439,58000,75000,0,133000,0,0
2018-01-25,5439,69000,70000,35000,174000,35000,0
2018-01-26,5439,350000,190000,79000,619000,79000,0
2018-01-29,5439,-261000,25000,-30000,-266000,-30000,0
2018-01-30,5439,118000,569000,7000,694000,7000,0
2018-01-31,5439,136000,158000,127000,421000,127000,0
2018-02-01,5439,-59000,60000,-26000,-25000,-26000,0
2018-02-02,5439,54000,61000,0,115000,0,0
2018-02-05,5439,197000,0,96000,293000,96000,0
2018-02-06,5439,188000,50000,-241000,-3000,-241000,0
2018-02-07,5439,233000,0,0,233000,0,0
2018-02-08,5439,182000,183000,13000,378000,13000,0
2018-02-09,5439,201000,0,27000,228000,27000,0
2018-02-12,5439,56000,79000,107000,242000,107000,0
2018-02-21,5439,21000,105000,19000,145000,19000,0
2018-02-22,5439,-205000,100000,165000,60000,165000,0
2018-02-23,5439,-120000,-372000,61000,-431000,61000,0
2018-02-26,5439,-326000,-80000,-62000,-468000,-62000,0
2018-02-27,5439,-85000,0,-238000,-323000,-238000,0
2018-03-01,5439,-132000,0,-21000,-153000,-21000,0
2018-03-02,5439,-328000,100000,41000,-187000,41000,0
2018-03-05,5439,-375000,0,0,-375000,0,0
2018-03-06,5439,-122000,0,-56000,-178000,-56000,0
2018-03-07,5439,-50000,0,58000,8000,58000,0
2018-03-08,5439,78000,0,-58000,20000,-58000,0
2018-03-09,5439,2000,0,56000,58000,56000,0
2018-03-12,5439,-145000,0,0,-145000,0,0
2018-03-13,5439,-79000,-244000,0,-323000,0,0
2018-03-14,5439,81000,-150000,10000,-59000,10000,0
2018-03-15,5439,-71000,0,0,-71000,0,0
2018-03-16,5439,-15000,-101000,-56000,-172000,-56000,0
2018-03-19,5439,8000,-157000,0,-149000,0,0
2018-03-20,5439,12000,-148000,0,-136000,0,0
2018-03-21,5439,42000,-22000,329000,349000,329000,0
2018-03-22,5439,1707000,29000,68000,1804000,68000,0
2018-03-23,5439,1609000,-465000,-27000,1117000,-27000,0
2018-03-26,5439,1108801,-33000,130000,1205801,130000,0
2018-03-27,5439,-393000,-172000,-165000,-730000,-165000,0
2018-03-28,5439,-3000,-139000,42000,-100000,42000,0
2018-03-29,5439,89000,-225000,-143000,-279000,-143000,0
2018-03-30,5439,-593000,-428000,18000,-1003000,18000,0
2018-03-31,5439,40000,0,-9000,31000,-9000,0
2018-04-02,5439,222000,0,-15000,207000,-15000,0
2018-04-03,5439,75000,0,-25000,50000,-25000,0
2018-04-09,5439,93000,0,21000,114000,21000,0
2018-04-10,5439,-342000,0,-68000,-410000,-78000,10000
2018-04-11,5439,207000,0,-28000,179000,-27000,-1000
2018-04-12,5439,57000,0,-43000,14000,-71000,28000
2018-04-13,5439,-311000,-100000,-72000,-483000,-56000,-16000
2018-04-16,5439,51000,0,-10000,41000,-10000,0
2018-04-17,5439,-56960,0,-3000,-59960,0,-3000
2018-04-18,5439,-60000,0,7000,-53000,0,7000
2018-04-19,5439,-74000,0,77000,3000,44000,33000
2018-04-20,5439,10000,0,-85000,-75000,-69000,-16000
2018-04-23,5439,1000,0,-15000,-14000,1000,-16000
2018-04-24,5439,64000,-50000,-10000,4000,-1000,-9000
2018-04-25,5439,35000,-41000,-2000,-8000,-14000,12000
2018-04-26,5439,-43000,0,-13000,-56000,0,-13000
2018-04-27,5439,83000,-40000,-6000,37000,0,-6000
2018-04-30,5439,359000,150000,56000,565000,0,56000
2018-05-02,5439,92000,150000,35000,277000,0,35000
2018-05-03,5439,-28000,0,-57000,-85000,0,-57000
2018-05-04,5439,1000,-40000,-20000,-59000,0,-20000
2018-05-07,5439,146000,-30000,12000,128000,0,12000
2018-05-08,5439,-21000,0,25000,4000,0,25000
2018-05-09,5439,-34000,0,-1000,-35000,6000,-7000
2018-05-10,5439,37000,-30000,-1000,6000,0,-1000
2018-05-11,5439,18000,0,102000,120000,102000,0
2018-05-14,5439,169000,0,-28000,141000,-6000,-22000
2018-05-15,5439,56000,0,9000,65000,0,9000
2018-05-16,5439,-111000,0,74000,-37000,28000,46000
2018-05-17,5439,6000,-30000,-18000,-42000,-27000,9000
2018-05-18,5439,45000,-20000,-35000,-10000,-43000,8000
2018-05-21,5439,116000,0,-40000,76000,0,-40000
2018-05-22,5439,34000,0,0,34000,0,0
2018-05-23,5439,70000,-20000,-13000,37000,-18000,5000
2018-05-24,5439,117000,0,250000,367000,50000,200000
2018-05-25,5439,-422000,0,-13000,-435000,-23000,10000
2018-05-28,5439,-6000,0,-43000,-49000,-27000,-16000
2018-05-29,5439,-379000,0,-15000,-394000,0,-15000
2018-05-30,5439,-65000,0,-65000,-130000,0,-65000
2018-05-31,5439,-86840,0,-35000,-121840,0,-35000
2018-06-01,5439,12000,0,-8000,4000,0,-8000
2018-06-04,5439,-1000,0,-16000,-17000,0,-16000
2018-06-05,5439,17000,0,-2000,15000,0,-2000
2018-06-06,5439,166000,0,140000,306000,39000,101000
2018-06-07,5439,-256000,0,-35000,-291000,0,-35000
2018-06-08,5439,29000,0,-7000,22000,0,-7000
2018-06-11,5439,27000,0,-21000,6000,-6000,-15000
2018-06-12,5439,31000,0,0,31000,0,0
2018-06-13,5439,-538000,0,102000,-436000,23000,79000
2018-06-14,5439,10000,0,-82000,-72000,0,-82000
2018-06-15,5439,17000,0,-8000,9000,0,-8000
2018-06-19,5439,-6000,0,43000,37000,49000,-6000
2018-06-20,5439,-19000,0,13000,-6000,0,13000
2018-06-21,5439,-2000,0,76000,74000,0,76000
2018-06-22,5439,-139000,0,71000,-68000,0,71000
2018-06-25,5439,-1000,0,-47000,-48000,73000,-120000
2018-06-26,5439,-6000,0,-150000,-156000,-111000,-39000
2018-06-27,5439,9000,-20000,-6000,-17000,0,-6000
2018-06-28,5439,13000,0,-11000,2000,0,-11000
2018-06-29,5439,9000,0,1000,10000,0,1000
2018-07-02,5439,15000,0,-23000,-8000,0,-23000
2018-07-03,5439,-3000,0,-8000,-11000,0,-8000
2018-07-04,5439,7000,0,-1000,6000,0,-1000
2018-07-05,5439,7000,0,5000,12000,0,5000
2018-07-06,5439,-61000,0,-42000,-103000,-33000,-9000
2018-07-09,5439,-2000,0,-36000,-38000,-10000,-26000
2018-07-10,5439,37000,0,-29000,8000,-30000,1000
2018-07-11,5439,-18000,0,-14000,-32000,-12000,-2000
2018-07-12,5439,58000,0,-4000,54000,-4000,0
2018-07-13,5439,35000,0,1000,36000,0,1000
2018-07-16,5439,2000,0,35000,37000,0,35000
2018-07-17,5439,18000,0,-8000,10000,0,-8000
2018-07-18,5439,-46000,0,148000,102000,54000,94000
2018-07-19,5439,-52000,0,-96000,-148000,-54000,-42000
2018-07-20,5439,-4000,0,-8000,-12000,24000,-32000
2018-07-23,5439,-42086,0,-27000,-69086,0,-27000
2018-07-24,5439,17000,0,35000,52000,39000,-4000
2018-07-25,5439,22000,0,8000,30000,0,8000
2018-07-26,5439,31000,0,-22000,9000,-15000,-7000
2018-07-27,5439,32000,0,-4000,28000,0,-4000
2018-07-30,5439,-10000,0,-20000,-30000,0,-20000
2018-07-31,5439,20000,0,1000,21000,0,1000
2018-08-01,5439,50000,0,8000,58000,7000,1000
2018-08-02,5439,-6000,0,15000,9000,0,15000
2018-08-03,5439,1000,0,26000,27000,0,26000
2018-08-06,5439,63000,0,-38000,25000,0,-38000
2018-08-07,5439,113000,0,14000,127000,0,14000
2018-08-08,5439,-15000,0,89000,74000,0,89000
2018-08-09,5439,60000,0,-24000,36000,20000,-44000
2018-08-10,5439,160000,0,-24000,136000,0,-24000
2018-08-13,5439,2000,0,-107000,-105000,-58000,-49000
2018-08-14,5439,93000,0,-7000,86000,-7000,0
2018-08-15,5439,11000,0,-1000,10000,0,-1000
2018-08-16,5439,41000,0,-2000,39000,0,-2000
2018-08-17,5439,17000,0,0,17000,0,0
2018-08-20,5439,195000,270000,66000,531000,0,66000
2018-08-21,5439,140000,280949,243000,663949,10000,233000
2018-08-22,5439,718000,421000,153000,1292000,0,153000
2018-08-23,5439,880000,908000,-80000,1708000,-24000,-56000
2018-08-24,5439,-51000,169000,250000,368000,4000,246000
2018-08-27,5439,-12000,-30000,-4000,-46000,100000,-104000
2018-08-28,5439,300000,-30000,425000,695000,59000,366000
2018-08-29,5439,499,-73000,-285000,-357501,-11000,-274000
2018-08-30,5439,-23000,0,-226000,-249000,-155000,-71000
2018-08-31,5439,765000,65000,159000,989000,-3000,162000
2018-09-03,5439,-710000,0,-20000,-730000,2000,-22000
2018-09-04,5439,830000,-63000,-139000,628000,1000,-140000
2018-09-05,5439,-449000,16000,111000,-322000,0,111000
2018-09-06,5439,347757,25000,-114000,258757,-21000,-93000
2018-09-07,5439,354000,0,-217000,137000,-4000,-213000
2018-09-10,5439,1342538,-60000,-111000,1171538,-1000,-110000
2018-09-11,5439,-451000,-220000,63000,-608000,47000,16000
2018-09-12,5439,322000,0,-42000,280000,13000,-55000
2018-09-13,5439,-479000,392000,3000,-84000,0,3000
2018-09-14,5439,-212000,195000,79000,62000,0,79000
2018-09-17,5439,-227000,268000,-125000,-84000,0,-125000
2018-09-18,5439,-682000,0,84000,-598000,33000,51000
2018-09-19,5439,-265000,0,-92000,-357000,0,-92000
2018-09-20,5439,-90000,0,-9000,-99000,0,-9000
2018-09-21,5439,-90000,0,63000,-27000,0,63000
2018-09-25,5439,-511000,66000,-6000,-451000,0,-6000
2018-09-26,5439,-50000,0,-106000,-156000,0,-106000
2018-09-27,5439,-764000,0,-40000,-804000,-12000,-28000
2018-09-28,5439,-744000,-30000,-31000,-805000,-12000,-19000
2018-10-01,5439,-969000,-1610000,-20000,-2599000,-12000,-8000
2018-10-02,5439,-311709,-39000,-28000,-378709,-11000,-17000
2018-10-03,5439,-391000,0,0,-391000,0,0
2018-10-04,5439,-133000,-255000,-3000,-391000,0,-3000
2018-10-05,5439,-68000,-252000,28000,-292000,0,28000
2018-10-08,5439,93000,-303000,-2000,-212000,0,-2000
2018-10-09,5439,-123000,0,-7000,-130000,-7000,0
2018-10-11,5439,252000,0,16000,268000,1000,15000
2018-10-12,5439,170000,0,-57000,113000,-57000,0
2018-10-15,5439,-94000,-67000,-2000,-163000,0,-2000
2018-10-16,5439,-93000,0,2000,-91000,0,2000
2018-10-17,5439,-74000,0,0,-74000,0,0
2018-10-18,5439,-25000,0,3000,-22000,0,3000
2018-10-19,5439,-21000,-222000,0,-243000,0,0
2018-10-22,5439,38000,-152000,-3000,-117000,0,-3000
2018-10-23,5439,-116000,0,0,-116000,0,0
2018-10-24,5439,-12000,0,-18000,-30000,-18000,0
2018-10-25,5439,-102000,-150000,-22000,-274000,-12000,-10000
2018-10-26,5439,-13000,-101000,-12000,-126000,0,-12000
2018-10-29,5439,-10000,0,-2000,-12000,0,-2000
2018-10-30,5439,-171000,0,0,-171000,0,0
2018-10-31,5439,2000,0,0,2000,0,0
2018-11-01,5439,4000,0,0,4000,0,0
2018-11-02,5439,-105000,0,13000,-92000,0,13000
2018-11-05,5439,-54000,0,-1000,-55000,0,-1000
2018-11-06,5439,-148000,-49000,-1000,-198000,0,-1000
2018-11-07,5439,26000,0,0,26000,0,0
2018-11-08,5439,-186000,0,-3000,-189000,0,-3000
2018-11-09,5439,-135000,0,0,-135000,0,0
2018-11-12,5439,-17000,96000,4000,83000,0,4000
2018-11-13,5439,-58000,62000,2000,6000,0,2000
2018-11-14,5439,-7000,80000,56000,129000,12000,44000
2018-11-15,5439,-26000,0,-31000,-57000,-12000,-19000
2018-11-16,5439,-43000,16000,13000,-14000,0,13000
2018-11-19,5439,102000,0,-8000,94000,0,-8000
2018-11-20,5439,53000,17000,-8000,62000,0,-8000
2018-11-21,5439,41000,54000,0,95000,0,0
2018-11-22,5439,-37000,67000,-7000,23000,0,-7000
2018-11-23,5439,331000,0,-2000,329000,0,-2000
2018-11-26,5439,190000,0,54000,244000,0,54000
2018-11-27,5439,261000,18000,33000,312000,0,33000
2018-11-28,5439,130000,0,-36000,94000,0,-36000
2018-11-29,5439,148000,-8000,-13000,127000,0,-13000
2018-11-30,5439,139000,0,-5000,134000,0,-5000
2018-12-03,5439,171000,136000,43000,350000,0,43000
2018-12-04,5439,-222000,0,-40000,-262000,0,-40000
2018-12-05,5439,141000,92000,-3000,230000,0,-3000
2018-12-06,5439,-95000,0,-25000,-120000,0,-25000
2018-12-07,5439,109000,0,-5000,104000,0,-5000
2018-12-10,5439,48000,0,-13000,35000,0,-13000
2018-12-11,5439,90000,0,-1000,89000,0,-1000
2018-12-12,5439,112000,0,0,112000,0,0
2018-12-13,5439,83000,80000,125000,288000,0,125000
2018-12-14,5439,329000,263000,42000,634000,0,42000
2018-12-17,5439,-27000,0,11000,-16000,0,11000
2018-12-18,5439,135000,87000,-115000,107000,0,-115000
2018-12-19,5439,205000,0,58000,263000,0,58000
2018-12-20,5439,109000,84000,45000,238000,1000,44000
2018-12-21,5439,285000,0,-20000,265000,0,-20000
2018-12-22,5439,0,0,131000,131000,0,131000
2018-12-24,5439,-24000,-27000,-55000,-106000,1000,-56000
2018-12-25,5439,-109000,0,-147000,-256000,-1000,-146000
2018-12-26,5439,-19000,-221000,-47000,-287000,-1000,-46000
2018-12-27,5439,191000,-161000,0,30000,0,0
2018-12-28,5439,132000,-67000,0,65000,0,0
2019-01-02,5439,103000,100000,14000,217000,0,14000
2019-01-03,5439,9000,561000,236000,806000,0,236000
2019-01-04,5439,258000,181000,7000,446000,0,7000
2019-01-07,5439,-434000,0,-141000,-575000,0,-141000
2019-01-08,5439,112000,0,10000,122000,16000,-6000
2019-01-09,5439,-221000,45000,-30000,-206000,-16000,-14000
2019-01-10,5439,-85000,0,-24000,-109000,0,-24000
2019-01-11,5439,-34000,0,5000,-29000,0,5000
2019-01-14,5439,-25000,0,-42000,-67000,0,-42000
2019-01-15,5439,125000,102000,179000,406000,76000,103000
2019-01-16,5439,-251000,298000,156000,203000,10000,146000
2019-01-17,5439,-83000,0,-256000,-339000,-50000,-206000
2019-01-18,5439,-13000,0,6000,-7000,0,6000
2019-01-21,5439,-43000,0,-72000,-115000,-36000,-36000
2019-01-22,5439,9000,0,-9000,0,0,-9000
2019-01-23,5439,40000,0,0,40000,0,0
2019-01-24,5439,0,0,101000,101000,0,101000
2019-01-25,5439,-95000,0,-96000,-191000,0,-96000
2019-01-28,5439,-5001,0,-33000,-38001,0,-33000
2019-01-29,5439,-68000,0,-29000,-97000,0,-29000
2019-01-30,5439,16000,0,-21000,-5000,0,-21000
2019-02-11,5439,91195,0,5000,96195,0,5000
2019-02-12,5439,163000,0,10000,173000,0,10000
2019-02-13,5439,-6000,0,-2000,-8000,0,-2000
2019-02-14,5439,31000,0,0,31000,0,0
2019-02-15,5439,-28000,0,2000,-26000,0,2000
2019-02-18,5439,43000,0,-2000,41000,0,-2000
2019-02-19,5439,73000,-185000,30000,-82000,0,30000
2019-02-20,5439,-107000,-111000,-14000,-232000,0,-14000
2019-02-21,5439,-59000,-152000,-2000,-213000,0,-2000
2019-02-22,5439,23000,0,-1000,22000,0,-1000
2019-02-25,5439,5000,0,21000,26000,0,21000
2019-02-26,5439,-663000,-167000,113000,-717000,119000,-6000
2019-02-27,5439,-47000,0,-7000,-54000,13000,-20000
2019-03-04,5439,149000,0,2000,151000,2000,0
2019-03-05,5439,-40000,0,-37000,-77000,-34000,-3000
2019-03-06,5439,7000,-157000,5000,-145000,5000,0
2019-03-07,5439,-62000,0,-108000,-170000,-105000,-3000
2019-03-08,5439,-12000,0,14000,2000,0,14000
2019-03-11,5439,18000,0,10000,28000,0,10000
2019-03-12,5439,-61000,0,-17000,-78000,0,-17000
2019-03-13,5439,-76000,227000,227000,378000,30000,197000
2019-03-14,5439,-736000,0,-81000,-817000,-15000,-66000
2019-03-15,5439,694000,323000,140000,1157000,27000,113000
2019-03-18,5439,432000,316000,262000,1010000,198000,64000
2019-03-19,5439,-43000,311000,-117000,151000,-72000,-45000
2019-03-20,5439,-634000,3946000,32000,3344000,85000,-53000
2019-03-21,5439,-115000,1361000,-6000,1240000,45000,-51000
2019-03-22,5439,331000,-77000,53000,307000,76000,-23000
2019-03-25,5439,730000,0,118000,848000,105000,13000
2019-03-26,5439,-167000,509000,252000,594000,165000,87000
2019-03-27,5439,67000,97000,-46000,118000,-25000,-21000
2019-03-28,5439,327000,39000,-21000,345000,-25000,4000
2019-03-29,5439,202000,0,-16000,186000,47000,-63000
2019-04-01,5439,-273000,300000,23000,50000,43000,-20000
2019-04-02,5439,443000,-244000,73000,272000,63000,10000
2019-04-03,5439,-118000,0,-39000,-157000,13000,-52000
2019-04-08,5439,-241000,1377000,278000,1414000,136000,142000
2019-04-09,5439,-961000,238000,-158000,-881000,-29000,-129000
2019-04-10,5439,-502000,-15000,-43000,-560000,-115000,72000
2019-04-11,5439,110000,-77000,-272000,-239000,-228000,-44000
2019-04-12,5439,9000,-131000,-103000,-225000,-95000,-8000
2019-04-15,5439,-81000,-198000,-156000,-435000,-165000,9000
2019-04-16,5439,-195000,0,-27000,-222000,-78000,51000
2019-04-17,5439,67000,0,-31000,36000,-10000,-21000
2019-04-18,5439,34000,-46000,-117000,-129000,-74000,-43000
2019-04-19,5439,207000,-239000,-82000,-114000,-80000,-2000
2019-04-22,5439,183000,500000,18000,701000,0,18000
2019-04-23,5439,-250000,76000,79150,-94850,23150,56000
2019-04-24,5439,-27000,0,-35150,-62150,-150,-35000
2019-04-25,5439,-65000,-171000,-4000,-240000,0,-4000
2019-04-26,5439,-22000,-11000,-38000,-71000,-16000,-22000
2019-04-29,5439,293000,-391000,-78000,-176000,0,-78000
2019-04-30,5439,298000,384000,64000,746000,0,64000
2019-05-02,5439,-233000,0,-2000,-235000,-3000,1000
2019-05-03,5439,72000,100000,-29000,143000,0,-29000
2019-05-06,5439,-16000,100000,-27000,57000,0,-27000
2019-05-07,5439,39000,125000,-3000,161000,-3000,0
2019-05-08,5439,-28000,0,0,-28000,0,0
2019-05-09,5439,11000,-88000,-21000,-98000,0,-21000
2019-05-10,5439,18000,-28000,0,-10000,0,0
2019-05-13,5439,245000,-54000,-2000,189000,0,-2000
2019-05-14,5439,255000,-45000,-14000,196000,-23000,9000
2019-05-15,5439,-60000,100000,64000,104000,0,64000
2019-05-16,5439,-75000,0,-48000,-123000,0,-48000
2019-05-17,5439,-66000,-76000,2000,-140000,7000,-5000
2019-05-20,5439,201000,-148000,-44000,9000,-7000,-37000
2019-05-21,5439,244000,-374000,12000,-118000,0,12000
2019-05-22,5439,78000,-466000,-19000,-407000,0,-19000
2019-05-23,5439,321000,-536000,0,-215000,0,0
2019-05-24,5439,163000,-479000,0,-316000,0,0
2019-05-27,5439,81000,-203000,0,-122000,0,0
2019-05-28,5439,69000,0,0,69000,0,0
2019-05-29,5439,-7000,0,10000,3000,0,10000
2019-05-30,5439,-259000,-7000,-12000,-278000,0,-12000
2019-05-31,5439,81000,0,0,81000,0,0
2019-06-03,5439,-154000,-100000,0,-254000,0,0
2019-06-04,5439,-22000,0,0,-22000,0,0
2019-06-05,5439,33000,0,0,33000,0,0
2019-06-06,5439,13000,0,0,13000,0,0
2019-06-10,5439,-12000,0,999,-11001,999,0
2019-06-11,5439,25000,-389000,-999,-364999,-999,0
2019-06-12,5439,103000,-288000,0,-185000,0,0
2019-06-13,5439,-138000,-333000,0,-471000,0,0
2019-06-14,5439,-8000,-388000,0,-396000,0,0
2019-06-17,5439,12000,-396000,0,-384000,0,0
2019-06-18,5439,45000,-307000,0,-262000,0,0
2019-06-19,5439,166000,-10000,2000,158000,0,2000
2019-06-20,5439,-156000,162000,-6000,0,0,-6000
2019-06-21,5439,-251000,95000,0,-156000,0,0
2019-06-24,5439,-103000,0,20000,-83000,0,20000
2019-06-25,5439,-228000,0,-23000,-251000,0,-23000
2019-06-26,5439,-40000,0,81000,41000,0,81000
2019-06-27,5439,-64000,0,-65000,-129000,0,-65000
2019-06-28,5439,83000,200000,0,283000,0,0
2019-07-01,5439,-29000,0,0,-29000,0,0
2019-07-02,5439,39000,0,62000,101000,0,62000
2019-07-03,5439,-190000,0,-46000,-236000,5000,-51000
2019-07-04,5439,29000,0,-8000,21000,0,-8000
2019-07-05,5439,65000,0,0,65000,0,0
2019-07-08,5439,59000,0,-11000,48000,0,-11000
2019-07-09,5439,-34000,0,0,-34000,0,0
2019-07-10,5439,165000,0,0,165000,0,0
2019-07-11,5439,-27000,0,0,-27000,0,0
2019-07-12,5439,77000,0,0,77000,0,0
2019-07-15,5439,66000,0,-1000,65000,0,-1000
2019-07-16,5439,-51000,0,22000,-29000,22000,0
2019-07-17,5439,-61000,0,0,-61000,0,0
2019-07-18,5439,-243000,0,9000,-234000,9000,0
2019-07-19,5439,-473000,0,0,-473000,0,0
2019-07-22,5439,-224000,0,188000,-36000,174000,14000
2019-07-23,5439,649000,-31000,-155000,463000,-143000,-12000
2019-07-24,5439,63000,-100000,-42000,-79000,-42000,0
2019-07-25,5439,-271000,0,0,-271000,0,0
2019-07-26,5439,-6000,0,0,-6000,0,0
2019-07-29,5439,-55000,0,-5000,-60000,0,-5000
2019-07-30,5439,-78000,0,-17000,-95000,6000,-23000
2019-07-31,5439,134000,-105000,-9000,20000,-9000,0
2019-08-01,5439,-31000,-21000,-5000,-57000,-5000,0
2019-08-02,5439,-207000,0,-1000,-208000,-1000,0
2019-08-05,5439,-66000,0,-17000,-83000,-11000,-6000
2019-08-06,5439,-30000,-8000,-5000,-43000,-5000,0
2019-08-07,5439,-103000,0,2000,-101000,2000,0
2019-08-08,5439,-28000,0,0,-28000,0,0
2019-08-12,5439,-42000,0,10000,-32000,0,10000
2019-08-13,5439,-74000,0,-5000,-79000,0,-5000
2019-08-14,5439,21000,0,0,21000,0,0
2019-08-15,5439,63000,0,10000,73000,10000,0
2019-08-16,5439,11000,0,2000,13000,2000,0
2019-08-19,5439,17000,0,5000,22000,3000,2000
2019-08-20,5439,-77000,0,2000,-75000,2000,0
2019-08-21,5439,21000,0,6000,27000,6000,0
2019-08-22,5439,82000,0,-18000,64000,-18000,0
2019-08-23,5439,3000,0,-7000,-4000,-7000,0
2019-08-26,5439,-35000,-132000,-7000,-174000,0,-7000
2019-08-27,5439,80000,-63000,0,17000,0,0
2019-08-28,5439,4000,-58000,0,-54000,0,0
2019-08-29,5439,32000,-71000,0,-39000,0,0
2019-08-30,5439,52000,0,0,52000,0,0
2019-09-02,5439,64000,0,0,64000,0,0
2019-09-03,5439,27000,0,0,27000,0,0
2019-09-04,5439,1000,0,0,1000,0,0
2019-09-05,5439,174000,0,29000,203000,0,29000
2019-09-06,5439,-440000,0,-8000,-448000,0,-8000
2019-09-09,5439,-155000,0,-10000,-165000,0,-10000
2019-09-10,5439,0,0,-9000,-9000,0,-9000
2019-09-11,5439,-105000,0,-2000,-107000,0,-2000
2019-09-12,5439,-9000,0,0,-9000,0,0
2019-09-16,5439,-23000,0,0,-23000,0,0
2019-09-17,5439,-236000,0,0,-236000,0,0
2019-09-18,5439,2000,0,0,2000,0,0
2019-09-19,5439,-24000,0,0,-24000,0,0
2019-09-20,5439,-16000,-159000,0,-175000,0,0
2019-09-23,5439,-23000,0,0,-23000,0,0
2019-09-24,5439,-117000,0,0,-117000,0,0
2019-09-25,5439,-33000,-85000,-2000,-120000,0,-2000
2019-09-26,5439,-80000,-121000,-1000,-202000,0,-1000
2019-09-27,5439,-71000,0,-1000,-72000,0,-1000
2019-10-01,5439,-3000,0,0,-3000,0,0
2019-10-02,5439,-13000,-51000,0,-64000,0,0
2019-10-03,5439,92000,-114000,0,-22000,0,0
2019-10-04,5439,43000,-100000,0,-57000,0,0
2019-10-07,5439,-7000,-94000,0,-101000,0,0
2019-10-08,5439,-36000,-81000,0,-117000,0,0
2019-10-09,5439,-36000,-8000,0,-44000,0,0
2019-10-14,5439,-16000,0,0,-16000,0,0
2019-10-15,5439,10000,0,0,10000,0,0
2019-10-16,5439,9000,0,0,9000,0,0
2019-10-17,5439,0,0,0,0,0,0
2019-10-18,5439,2000,-36000,0,-34000,0,0
2019-10-21,5439,4000,0,0,4000,0,0
2019-10-22,5439,73000,0,0,73000,0,0
2019-10-23,5439,-15000,0,0,-15000,0,0
2019-10-24,5439,-7000,0,0,-7000,0,0
2019-10-25,5439,-17000,-115000,0,-132000,0,0
2019-10-28,5439,-10000,0,0,-10000,0,0
2019-10-29,5439,-26000,-180000,0,-206000,0,0
2019-10-30,5439,-38000,-70000,0,-108000,0,0
2019-10-31,5439,-34000,-89000,0,-123000,0,0
2019-11-01,5439,-20000,0,-1000,-21000,0,-1000
2019-11-04,5439,2000,-104000,0,-102000,0,0
2019-11-05,5439,-14000,-76000,0,-90000,0,0
2019-11-06,5439,-18000,-57000,0,-75000,0,0
2019-11-07,5439,-20000,0,0,-20000,0,0
2019-11-08,5439,3000,0,0,3000,0,0
2019-11-11,5439,-23000,-111000,0,-134000,0,0
2019-11-12,5439,-25000,-154000,-46000,-225000,0,-46000
2019-11-13,5439,2000,-70000,0,-68000,0,0
2019-11-14,5439,-20000,-137000,-1000,-158000,0,-1000
2019-11-15,5439,29000,0,0,29000,0,0
2019-11-18,5439,41000,-100000,0,-59000,0,0
2019-11-19,5439,36000,-51000,0,-15000,0,0
2019-11-20,5439,-6000,0,0,-6000,0,0
2019-11-21,5439,8000,0,0,8000,0,0
2019-11-22,5439,17000,0,0,17000,0,0
2019-11-25,5439,50000,0,0,50000,0,0
2019-11-26,5439,0,-108000,0,-108000,0,0
2019-11-27,5439,15000,-57000,-1000,-43000,0,-1000
2019-11-28,5439,33000,0,7000,40000,7000,0
2019-11-29,5439,-16000,0,18000,2000,-1000,19000
2019-12-02,5439,-10000,0,0,-10000,0,0
2019-12-03,5439,42000,0,0,42000,0,0
2019-12-04,5439,15000,0,-5000,10000,0,-5000
2019-12-05,5439,-11000,0,0,-11000,0,0
2019-12-06,5439,12000,0,0,12000,0,0
2019-12-09,5439,3000,0,0,3000,0,0
2019-12-10,5439,-9000,-71000,-5000,-85000,0,-5000
2019-12-11,5439,-20000,0,0,-20000,0,0
2019-12-12,5439,-24000,0,0,-24000,0,0
2019-12-13,5439,-28000,0,0,-28000,0,0
2019-12-16,5439,35000,0,0,35000,0,0
2019-12-17,5439,-7000,0,0,-7000,0,0
2019-12-18,5439,-18000,0,0,-18000,0,0
2019-12-19,5439,-49000,0,0,-49000,0,0
2019-12-20,5439,-34000,0,0,-34000,0,0
2019-12-23,5439,-71000,0,0,-71000,0,0
2019-12-24,5439,-69000,-81000,0,-150000,0,0
2019-12-25,5439,-7000,-87000,0,-94000,0,0
2019-12-26,5439,-68000,0,0,-68000,0,0
2019-12-27,5439,-38000,0,-9000,-47000,0,-9000
2019-12-30,5439,-10000,0,-9000,-19000,0,-9000
2019-12-31,5439,-9000,0,-12000,-21000,0,-12000
2020-01-02,5439,17000,0,0,17000,0,0
2020-01-03,5439,-36000,0,0,-36000,0,0
2020-01-06,5439,-88000,0,0,-88000,0,0
2020-01-07,5439,-76000,0,0,-76000,0,0
2020-01-08,5439,-52000,0,0,-52000,0,0
2020-01-09,5439,-6000,-78000,0,-84000,0,0
2020-01-10,5439,-6000,0,0,-6000,0,0
2020-01-13,5439,-9000,0,0,-9000,0,0
2020-01-14,5439,19000,-85000,0,-66000,0,0
2020-01-15,5439,-48000,-120000,0,-168000,0,0
2020-01-16,5439,-15000,0,0,-15000,0,0
2020-01-17,5439,-6000,0,0,-6000,0,0
2020-01-20,5439,-9000,-100000,0,-109000,0,0
2020-01-30,5439,-41000,0,0,-41000,0,0
2020-01-31,5439,-24000,-135000,0,-159000,0,0
2020-02-03,5439,-31000,-100000,0,-131000,0,0
2020-02-04,5439,-8000,-100000,0,-108000,0,0
2020-02-05,5439,-4000,-117000,0,-121000,0,0
2020-02-06,5439,3000,-100000,0,-97000,0,0
2020-02-07,5439,-38000,-100000,0,-138000,0,0
2020-02-10,5439,-13000,-40000,0,-53000,0,0
2020-02-11,5439,-10000,0,0,-10000,0,0
2020-02-12,5439,30000,0,0,30000,0,0
2020-02-13,5439,-9000,0,0,-9000,0,0
2020-02-14,5439,-6000,0,0,-6000,0,0
2020-02-17,5439,9000,0,0,9000,0,0
2020-02-18,5439,-30000,0,0,-30000,0,0
2020-02-19,5439,2000,0,0,2000,0,0
2020-02-20,5439,42000,0,0,42000,0,0
2020-02-21,5439,-5000,0,0,-5000,0,0
2020-02-24,5439,-12000,0,0,-12000,0,0
2020-02-25,5439,8000,0,0,8000,0,0
2020-02-26,5439,46000,0,0,46000,0,0
2020-02-27,5439,-45000,0,-4000,-49000,-4000,0
2020-03-02,5439,2000,0,7000,9000,7000,0
2020-03-03,5439,22000,0,0,22000,0,0
2020-03-04,5439,11000,0,-3000,8000,-3000,0
2020-03-05,5439,31000,0,0,31000,0,0
2020-03-06,5439,4000,0,0,4000,0,0
2020-03-09,5439,-82000,0,0,-82000,0,0
2020-03-10,5439,-54000,0,-6000,-60000,-6000,0
2020-03-11,5439,-45000,0,0,-45000,0,0
2020-03-12,5439,-114000,0,0,-114000,0,0
2020-03-13,5439,-102000,0,2000,-100000,2000,0
2020-03-16,5439,-90000,26000,0,-64000,0,0
2020-03-17,5439,-50000,0,0,-50000,0,0
2020-03-18,5439,-56000,0,0,-56000,0,0
2020-03-19,5439,-19000,-205000,0,-224000,0,0
2020-03-20,5439,13000,-119000,-2000,-108000,-2000,0
2020-03-23,5439,-70000,-150000,0,-220000,0,0
2020-03-24,5439,13000,-84000,0,-71000,0,0
2020-03-25,5439,37000,-123000,0,-86000,0,0
2020-03-26,5439,57000,0,0,57000,0,0
2020-03-27,5439,-42000,0,0,-42000,0,0
2020-03-30,5439,31000,0,0,31000,0,0
2020-03-31,5439,19000,0,0,19000,0,0
2020-04-01,5439,13000,0,0,13000,0,0
2020-04-06,5439,-7000,0,0,-7000,0,0
2020-04-07,5439,-18000,-82000,0,-100000,0,0
2020-04-08,5439,24000,0,0,24000,0,0
2020-04-09,5439,11000,0,0,11000,0,0
2020-04-10,5439,12000,0,0,12000,0,0
2020-04-13,5439,-10000,0,0,-10000,0,0
2020-04-14,5439,2000,0,1000,3000,0,1000
2020-04-15,5439,4000,0,0,4000,0,0
2020-04-16,5439,60000,0,1000,61000,0,1000
2020-04-17,5439,9000,0,-2000,7000,0,-2000
2020-04-20,5439,64000,0,0,64000,0,0
2020-04-21,5439,22000,0,0,22000,0,0
2020-04-22,5439,93000,0,0,93000,0,0
2020-04-23,5439,10000,0,0,10000,0,0
2020-04-24,5439,45000,0,0,45000,0,0
2020-04-27,5439,65000,0,0,65000,0,0
2020-04-28,5439,31000,0,1000,32000,0,1000
2020-04-29,5439,13000,0,20000,33000,0,20000
2020-04-30,5439,55000,0,-1000,54000,0,-1000
2020-05-04,5439,42000,0,1000,43000,0,1000
2020-05-05,5439,33000,0,14000,47000,0,14000
2020-05-06,5439,63000,-100000,38000,1000,12000,26000
2020-05-07,5439,-37000,-200000,0,-237000,0,0
2020-05-08,5439,82000,-200000,0,-118000,0,0
2020-05-11,5439,186000,0,109000,295000,0,109000
2020-05-12,5439,36000,0,-30000,6000,0,-30000
2020-05-13,5439,116000,0,-5000,111000,-2000,-3000
2020-05-14,5439,-16000,0,37000,21000,-2000,39000
2020-05-15,5439,86000,0,-5000,81000,-2000,-3000
2020-05-18,5439,10000,0,-4000,6000,-4000,0
2020-05-19,5439,286000,-86000,-2000,198000,-2000,0
2020-05-20,5439,282000,50000,62000,394000,7000,55000
2020-05-21,5439,221000,0,-49000,172000,0,-49000
2020-05-22,5439,99000,0,61000,160000,65000,-4000
2020-05-25,5439,105000,0,-4000,101000,0,-4000
2020-05-26,5439,42000,0,8000,50000,8000,0
2020-05-27,5439,478000,0,64000,542000,61000,3000
2020-05-28,5439,231000,0,-3000,228000,0,-3000
2020-05-29,5439,247000,0,0,247000,0,0
2020-06-01,5439,290000,1000,20000,311000,0,20000
2020-06-02,5439,27000,0,-5000,22000,0,-5000
2020-06-03,5439,215000,0,-6000,209000,0,-6000
2020-06-04,5439,15000,75000,0,90000,0,0
2020-06-05,5439,-21000,0,32000,11000,-7000,39000
2020-06-08,5439,34000,30000,4000,68000,0,4000
2020-06-09,5439,90000,-194000,8000,-96000,0,8000
2020-06-10,5439,12000,0,-11000,1000,-11000,0
2020-06-11,5439,25000,0,-10000,15000,-10000,0
2020-06-12,5439,-36000,0,6000,-30000,0,6000
2020-06-15,5439,-62000,30000,0,-32000,0,0
2020-06-16,5439,45000,0,1000,46000,0,1000
2020-06-17,5439,17000,0,0,17000,0,0
2020-06-18,5439,105000,0,0,105000,0,0
2020-06-19,5439,45000,0,10000,55000,7000,3000
2020-06-22,5439,103000,35000,-17000,121000,-17000,0
2020-06-23,5439,-88000,0,-39000,-127000,-31000,-8000
2020-06-24,5439,-22000,0,0,-22000,0,0
2020-06-29,5439,48000,0,-4000,44000,0,-4000
2020-06-30,5439,23000,0,23000,46000,1000,22000
2020-07-01,5439,-195000,0,-3000,-198000,0,-3000
2020-07-02,5439,54000,0,0,54000,0,0
2020-07-03,5439,88000,0,0,88000,0,0
2020-07-06,5439,181000,0,0,181000,0,0
2020-07-07,5439,-54000,0,25000,-29000,0,25000
2020-07-08,5439,149000,0,-18000,131000,-2000,-16000
2020-07-09,5439,-10000,0,0,-10000,-2000,2000
2020-07-10,5439,-303000,0,-67000,-370000,0,-67000
2020-07-13,5439,45000,-56000,0,-11000,0,0
2020-07-14,5439,-99000,0,0,-99000,0,0
2020-07-15,5439,-39000,0,47000,8000,19000,28000
2020-07-16,5439,-119000,0,-36000,-155000,-20000,-16000
2020-07-17,5439,-232000,-30000,-2000,-264000,0,-2000
2020-07-20,5439,134000,0,110000,244000,0,110000
2020-07-21,5439,-130000,0,-21000,-151000,0,-21000
2020-07-22,5439,-71000,0,1000,-70000,0,1000
2020-07-23,5439,-93000,0,4000,-89000,0,4000
2020-07-24,5439,-141000,0,-9000,-150000,0,-9000
2020-07-27,5439,-91000,0,-6000,-97000,0,-6000
2020-07-28,5439,-6000,0,-16000,-22000,0,-16000
2020-07-29,5439,15000,0,4000,19000,0,4000
2020-07-30,5439,-78000,0,51000,-27000,0,51000
2020-07-31,5439,-25000,0,-6000,-31000,0,-6000
2020-08-03,5439,-51000,0,-15000,-66000,0,-15000
2020-08-04,5439,-44000,0,-4000,-48000,0,-4000
2020-08-05,5439,-111000,0,75000,-36000,0,75000
2020-08-06,5439,-159000,0,-60000,-219000,0,-60000
2020-08-07,5439,21000,0,-13000,8000,0,-13000
2020-08-10,5439,-31000,0,10000,-21000,0,10000
2020-08-11,5439,-93000,0,-211000,-304000,0,-211000
2020-08-12,5439,72000,0,0,72000,0,0
2020-08-13,5439,-40000,0,0,-40000,0,0
2020-08-14,5439,-37000,0,-1000,-38000,0,-1000
2020-08-17,5439,12000,-60000,0,-48000,0,0
2020-08-18,5439,14000,0,-5000,9000,0,-5000
2020-08-19,5439,-125000,0,198000,73000,-66000,264000
2020-08-20,5439,-379000,0,-235000,-614000,3000,-238000
2020-08-21,5439,-337000,0,-7000,-344000,0,-7000
2020-08-24,5439,-211000,0,-4000,-215000,0,-4000
2020-08-25,5439,-40000,0,-4000,-44000,0,-4000
2020-08-26,5439,-98000,0,1000,-97000,0,1000
2020-08-27,5439,-89000,0,0,-89000,0,0
2020-08-28,5439,141000,0,167000,308000,0,167000
2020-08-31,5439,-79000,0,-142000,-221000,0,-142000
2020-09-01,5439,117000,0,-15000,102000,0,-15000
2020-09-02,5439,-11000,0,16000,5000,8000,8000
2020-09-03,5439,58000,65000,13000,136000,0,13000
2020-09-04,5439,103000,32000,21000,156000,0,21000
2020-09-07,5439,-134000,0,-9000,-143000,0,-9000
2020-09-08,5439,5000,0,-1000,4000,0,-1000
2020-09-09,5439,38000,0,-4000,34000,0,-4000
2020-09-10,5439,-67000,0,11000,-56000,0,11000
2020-09-11,5439,-129000,0,-5000,-134000,0,-5000
2020-09-14,5439,5000,0,-6000,-1000,-4000,-2000
2020-09-15,5439,-65000,0,-12000,-77000,-1000,-11000
2020-09-16,5439,-56000,0,-10000,-66000,0,-10000
2020-09-17,5439,-22000,0,-3000,-25000,0,-3000
2020-09-18,5439,30000,0,-24000,6000,0,-24000
2020-09-21,5439,-22000,0,-17000,-39000,0,-17000
2020-09-22,5439,-58000,0,-6000,-64000,0,-6000
2020-09-23,5439,-80000,0,-4000,-84000,0,-4000
2020-09-24,5439,-105000,0,-4000,-109000,0,-4000
2020-09-25,5439,-139000,0,-19000,-158000,0,-19000
2020-09-28,5439,-13000,0,0,-13000,0,0
2020-09-29,5439,-10000,0,-4000,-14000,0,-4000
2020-09-30,5439,21000,0,0,21000,0,0
2020-10-05,5439,50000,0,7000,57000,0,7000
2020-10-06,5439,-6000,0,-13000,-19000,0,-13000
2020-10-07,5439,16000,0,0,16000,0,0
2020-10-08,5439,-12000,0,-5000,-17000,0,-5000
2020-10-12,5439,6000,0,0,6000,0,0
2020-10-13,5439,129000,0,0,129000,0,0
2020-10-14,5439,50000,0,0,50000,0,0
2020-10-15,5439,191000,0,0,191000,0,0
2020-10-16,5439,43000,0,9000,52000,0,9000
2020-10-19,5439,46000,0,5000,51000,0,5000
2020-10-20,5439,29000,0,0,29000,0,0
2020-10-21,5439,32000,0,2000,34000,0,2000
2020-10-22,5439,-21000,0,-14000,-35000,0,-14000
2020-10-23,5439,21000,0,0,21000,0,0
2020-10-26,5439,14000,0,-7000,7000,0,-7000
2020-10-27,5439,25000,0,0,25000,0,0
2020-10-28,5439,42000,0,4000,46000,0,4000
2020-10-29,5439,4000,0,0,4000,0,0
2020-10-30,5439,-35000,0,-6000,-41000,0,-6000
2020-11-02,5439,-42000,0,-5000,-47000,0,-5000
2020-11-03,5439,83000,0,0,83000,0,0
2020-11-04,5439,38000,0,2000,40000,0,2000
2020-11-05,5439,26000,0,-3000,23000,0,-3000
2020-11-06,5439,-3000,0,2000,-1000,0,2000
2020-11-09,5439,-36000,0,-2000,-38000,0,-2000
2020-11-10,5439,-18000,0,0,-18000,0,0
2020-11-11,5439,-24000,0,0,-24000,0,0
2020-11-12,5439,-75000,0,0,-75000,0,0
2020-11-13,5439,116000,0,13000,129000,0,13000
2020-11-16,5439,-144000,0,19000,-125000,0,19000
2020-11-17,5439,33000,0,-8000,25000,0,-8000
2020-11-18,5439,-10000,0,-11000,-21000,0,-11000
2020-11-19,5439,89000,0,18000,107000,0,18000
2020-11-20,5439,52000,0,-20000,32000,0,-20000
2020-11-23,5439,232000,0,21000,253000,0,21000
2020-11-24,5439,-137000,0,-20000,-157000,0,-20000
2020-11-25,5439,142000,0,-4000,138000,0,-4000
2020-11-26,5439,153000,0,73000,226000,0,73000
2020-11-27,5439,-235000,0,100000,-135000,118000,-18000
2020-11-30,5439,169000,0,-161000,8000,-118000,-43000
2020-12-01,5439,52000,-97000,-8000,-53000,0,-8000
2020-12-02,5439,30000,0,0,30000,0,0
2020-12-03,5439,11000,0,0,11000,0,0
2020-12-04,5439,71000,0,-8000,63000,-8000,0
2020-12-07,5439,120000,0,0,120000,0,0
2020-12-08,5439,258000,0,0,258000,0,0
2020-12-09,5439,191000,0,95000,286000,0,95000
2020-12-10,5439,-106000,0,-43999,-149999,1,-44000
2020-12-11,5439,-38000,75000,20999,57999,-1,21000
2020-12-14,5439,-5000,0,89000,84000,0,89000
2020-12-15,5439,-119000,0,-70000,-189000,0,-70000
2020-12-16,5439,-39000,0,42000,3000,0,42000
2020-12-17,5439,75000,0,71000,146000,0,71000
2020-12-18,5439,-353000,0,-10000,-363000,0,-10000
2020-12-21,5439,-183000,0,-63000,-246000,0,-63000
2020-12-22,5439,-162000,0,-10000,-172000,0,-10000
2020-12-23,5439,116000,50000,4001,170001,1,4000
2020-12-24,5439,121000,0,171000,292000,50000,121000
2020-12-25,5439,22000,5000,38999,65999,64999,-26000
2020-12-28,5439,588000,25000,273000,886000,20000,253000
2020-12-29,5439,-338000,0,-58000,-396000,210000,-268000
2020-12-30,5439,44000,25000,2000,71000,0,2000
2020-12-31,5439,-48000,0,-97000,-145000,-100000,3000
2021-01-04,5439,-19000,0,56000,37000,0,56000
2021-01-05,5439,223000,0,252000,475000,175000,77000
2021-01-06,5439,197000,0,115000,312000,0,115000
2021-01-07,5439,-958000,0,-290000,-1248000,-175000,-115000
2021-01-08,5439,-66000,0,-40000,-106000,10000,-50000
2021-01-11,5439,40000,0,76000,116000,0,76000
2021-01-12,5439,-13000,0,52000,39000,30000,22000
2021-01-13,5439,-117000,0,-17000,-134000,0,-17000
2021-01-14,5439,-133000,100000,-94950,-127950,-110000,15050
2021-01-15,5439,-223000,60000,-70000,-233000,0,-70000
2021-01-18,5439,78000,0,102234,180234,0,102234
2021-01-19,5439,-335000,70000,-3371,-268371,2,-3373
2021-01-20,5439,19000,0,-85151,-66151,9998,-95149
2021-01-21,5439,-183000,50000,-149001,-282001,-145000,-4001
2021-01-22,5439,7000,16000,10000,33000,10000,0
2021-01-25,5439,96000,0,11000,107000,0,11000
2021-01-26,5439,29000,54000,10000,93000,0,10000
2021-01-27,5439,388000,566000,423028,1377028,1,423027
2021-01-28,5439,73000,199000,-18768,253232,-1,-18767
2021-01-29,5439,-882000,121000,-270090,-1031090,40000,-310090
2021-02-01,5439,-369000,25000,-10000,-354000,0,-10000
2021-02-02,5439,-465000,0,5000,-460000,0,5000
2021-02-03,5439,-25000,0,9920,-15080,0,9920
2021-02-04,5439,-128000,0,0,-128000,0,0
2021-02-05,5439,-1000,0,-12000,-13000,0,-12000
2021-02-17,5439,394000,100000,238000,732000,0,238000
2021-02-18,5439,-110000,0,-347000,-457000,20000,-367000
2021-02-19,5439,239000,0,-138000,101000,0,-138000
2021-02-22,5439,-352000,0,146061,-205939,0,146061
2021-02-23,5439,624000,0,-3350,620650,0,-3350
2021-02-24,5439,-325000,70000,-111000,-366000,0,-111000
2021-02-25,5439,386000,50000,243000,679000,0,243000
2021-02-26,5439,447000,30000,-208000,269000,0,-208000
2021-03-02,5439,-73000,119000,-18050,27950,0,-18050
2021-03-03,5439,-987000,57000,42782,-887218,36000,6782
2021-03-04,5439,549000,60000,42245,651245,0,42245
2021-03-05,5439,287000,208000,60042,555042,-109958,170000
2021-03-08,5439,-260000,0,-162477,-422477,-42,-162435
2021-03-09,5439,250000,0,-106000,144000,0,-106000
2021-03-10,5439,424000,0,273140,697140,0,273140
2021-03-11,5439,-672000,150000,-123000,-645000,125000,-248000
2021-03-12,5439,-150000,0,-5000,-155000,11000,-16000
2021-03-15,5439,-5000,0,-19000,-24000,3000,-22000
2021-03-16,5439,-113000,0,-26000,-139000,-23000,-3000
2021-03-17,5439,292000,0,44000,336000,48000,-4000
2021-03-18,5439,1272000,0,291000,1563000,0,291000
2021-03-19,5439,360000,0,-425069,-65069,-200000,-225069
2021-03-22,5439,-396000,0,-31000,-427000,6000,-37000
2021-03-23,5439,-272000,-144000,-7000,-423000,0,-7000
2021-03-24,5439,386000,-92000,-2000,292000,0,-2000
2021-03-25,5439,248000,0,-1711,246289,0,-1711
2021-03-26,5439,-87000,40000,-11000,-58000,0,-11000
2021-03-29,5439,16000,0,14000,30000,0,14000
2021-03-30,5439,-383000,0,-11000,-394000,0,-11000
2021-03-31,5439,-229000,-148000,-9000,-386000,0,-9000
2021-04-01,5439,61000,-178000,1000,-116000,0,1000
2021-04-06,5439,194000,-179000,-2000,13000,0,-2000
2021-04-07,5439,151000,181000,474290,806290,0,474290
2021-04-08,5439,-266000,0,-424000,-690000,0,-424000
2021-04-09,5439,-169000,50000,-22550,-141550,0,-22550
2021-04-12,5439,489000,0,557312,1046312,100000,457312
2021-04-13,5439,-762000,0,-429020,-1191020,0,-429020
2021-04-14,5439,-38000,0,-52000,-90000,-6000,-46000
2021-04-15,5439,-341000,-50000,0,-391000,0,0
2021-04-16,5439,-280000,0,-6000,-286000,0,-6000
2021-04-19,5439,68000,0,100000,168000,10000,90000
2021-04-20,5439,53000,-88000,-34970,-69970,10000,-44970
2021-04-21,5439,10000,0,-20000,-10000,0,-20000
2021-04-22,5439,-154000,0,-11140,-165140,0,-11140
2021-04-23,5439,-46000,0,66145,20145,0,66145
2021-04-26,5439,-3000,0,-74000,-77000,0,-74000
2021-04-27,5439,120000,20000,24688,164688,0,24688
2021-04-28,5439,542000,0,313021,855021,0,313021
2021-04-29,5439,-468000,0,-272008,-740008,0,-272008
2021-05-03,5439,-166000,0,-70404,-236404,0,-70404
2021-05-04,5439,-80000,247000,-22000,145000,0,-22000
2021-05-05,5439,100000,814000,171000,1085000,0,171000
2021-05-06,5439,-460000,230000,-119000,-349000,3000,-122000
2021-05-07,5439,12000,0,140050,152050,0,140050
2021-05-10,5439,116000,187000,18731,321731,0,18731
2021-05-11,5439,26000,97000,-125100,-2100,52000,-177100
2021-05-12,5439,-94000,30000,-74000,-138000,-40000,-34000
2021-05-13,5439,310000,0,-84000,226000,-80000,-4000
2021-05-14,5439,-98000,14000,-4000,-88000,0,-4000
2021-05-17,5439,609000,-50000,-67509,491491,-52000,-15509
2021-05-18,5439,280000,-144000,14000,150000,0,14000
2021-05-19,5439,32000,-123000,12000,-79000,0,12000
2021-05-20,5439,-154000,-50000,-21000,-225000,-3000,-18000
2021-05-21,5439,20000,-80000,12000,-48000,0,12000
2021-05-24,5439,136000,-70000,-12000,54000,0,-12000
2021-05-25,5439,90000,-30000,26000,86000,0,26000
2021-05-26,5439,-25000,0,-31000,-56000,0,-31000
2021-05-27,5439,15000,0,-1000,14000,0,-1000
2021-05-28,5439,-9000,0,1000,-8000,0,1000
2021-05-31,5439,94000,0,0,94000,0,0
2021-06-01,5439,144000,0,44000,188000,0,44000
2021-06-02,5439,-242000,0,-25000,-267000,0,-25000
2021-06-03,5439,14000,0,3000,17000,0,3000
2021-06-04,5439,-5000,0,44000,39000,0,44000
2021-06-07,5439,-99000,0,-38000,-137000,0,-38000
2021-06-08,5439,-97000,36000,115000,54000,0,115000
2021-06-09,5439,-100000,0,-99000,-199000,0,-99000
2021-06-10,5439,63000,0,-4000,59000,0,-4000
2021-06-11,5439,134000,104000,119311,357311,10,119301
2021-06-15,5439,159000,68000,122315,349315,28000,94315
2021-06-16,5439,-3000,28000,-200130,-175130,1000,-201130
2021-06-17,5439,259000,0,-15010,243990,-29010,14000
2021-06-18,5439,163000,0,47000,210000,0,47000
2021-06-21,5439,137000,27000,-69000,95000,0,-69000
2021-06-22,5439,207000,0,39000,246000,0,39000
2021-06-23,5439,311000,-81000,23090,253090,90,23000
2021-06-24,5439,158000,0,98910,256910,-90,99000
2021-06-25,5439,-28000,0,-86000,-114000,8000,-94000
2021-06-28,5439,195000,0,-2000,193000,0,-2000
2021-06-29,5439,189000,0,-5000,184000,0,-5000
2021-06-30,5439,52000,0,-38100,13900,0,-38100
2021-07-01,5439,-107000,-250000,-4130,-361130,0,-4130
2021-07-02,5439,201000,-130000,-11999,59001,1,-12000
2021-07-05,5439,144000,0,50000,194000,0,50000
2021-07-06,5439,-39000,0,-38695,-77695,0,-38695
2021-07-07,5439,13000,0,-999,12001,0,-999
2021-07-08,5439,341000,124000,177823,642823,0,177823
2021-07-09,5439,-202000,0,111298,-90702,0,111298
2021-07-12,5439,-1226000,0,-164027,-1390027,2000,-166027
2021-07-13,5439,-634000,0,111673,-522327,63110,48563
2021-07-14,5439,717000,0,-74641,642359,-954,-73687
2021-07-15,5439,994000,0,398500,1392500,5761,392739
2021-07-16,5439,-59000,27000,-214239,-246239,0,-214239
2021-07-19,5439,-478000,0,-29837,-507837,-1000,-28837
2021-07-20,5439,234000,0,11726,245726,-1000,12726
2021-07-21,5439,500,0,265334,265834,3202,262132
2021-07-22,5439,-1211500,0,-249054,-1460554,-10786,-238268
2021-07-23,5439,72000,0,47005,119005,0,47005
2021-07-26,5439,587000,0,184333,771333,245,184088
2021-07-27,5439,-168000,0,-196000,-364000,0,-196000
2021-07-28,5439,342000,0,-104952,237048,10,-104962
2021-07-29,5439,1295000,0,185673,1480673,1058,184615
2021-07-30,5439,-1312000,-141000,-172989,-1625989,-3458,-169531
2021-08-02,5439,-253000,0,-897,-253897,103,-1000
2021-08-03,5439,-137000,0,39307,-97693,1102,38205
2021-08-04,5439,-131000,-124000,-15040,-270040,0,-15040
2021-08-05,5439,81000,0,49107,130107,0,49107
2021-08-06,5439,320000,0,-55018,264982,0,-55018
2021-08-09,5439,-94000,0,-36572,-130572,0,-36572
2021-08-10,5439,-11000,-25000,-136677,-172677,-64000,-72677
2021-08-11,5439,-883000,0,-43399,-926399,-394,-43005
2021-08-12,5439,-83000,0,-32000,-115000,0,-32000
2021-08-13,5439,-581000,0,-23000,-604000,0,-23000
2021-08-16,5439,-96000,0,-40000,-136000,0,-40000
2021-08-17,5439,-154000,0,-8000,-162000,0,-8000
2021-08-18,5439,128000,0,11000,139000,0,11000
2021-08-19,5439,-162000,0,-12000,-174000,0,-12000
2021-08-20,5439,151000,0,5000,156000,0,5000
2021-08-23,5439,95000,0,-5000,90000,0,-5000
2021-08-24,5439,-46000,0,-2000,-48000,0,-2000
2021-08-25,5439,185000,487000,15000,687000,0,15000
2021-08-26,5439,-133000,0,-5000,-138000,0,-5000
2021-08-27,5439,95000,0,-17000,78000,0,-17000
2021-08-30,5439,37000,48000,0,85000,0,0
2021-08-31,5439,438000,634000,85000,1157000,0,85000
2021-09-01,5439,-739000,180000,33107,-525893,0,33107
2021-09-02,5439,1280000,-50000,204151,1434151,0,204151
2021-09-03,5439,2000,0,-99930,-97930,0,-99930
2021-09-06,5439,165000,0,-102112,62888,0,-102112
2021-09-07,5439,644977,0,-11319,633658,0,-11319
2021-09-08,5439,-218000,-91106,-66593,-375699,0,-66593
2021-09-09,5439,531000,-87000,-504,443496,0,-504
2021-09-10,5439,-69000,234000,317,165317,0,317
2021-09-13,5439,-1085000,0,5509,-1079491,0,5509
2021-09-14,5439,-17000,0,-16000,-33000,10000,-26000
2021-09-15,5439,-273000,0,-22271,-295271,-10000,-12271
2021-09-16,5439,-83000,0,-5343,-88343,8000,-13343
2021-09-17,5439,-291000,0,-46025,-337025,-24,-46001
2021-09-22,5439,64008,0,-22259,41749,-22000,-259
2021-09-23,5439,-128000,0,-30050,-158050,-30000,-50
2021-09-24,5439,-189000,396000,-9157,197843,-50000,40843
2021-09-27,5439,-690000,0,-26554,-716554,-1000,-25554
2021-09-28,5439,-4000,601000,-30835,566165,0,-30835
2021-09-29,5439,-673654,0,-12341,-685995,0,-12341
2021-09-30,5439,138000,0,2499,140499,8000,-5501
2021-10-01,5439,-167000,0,1220,-165780,1000,220
2021-10-04,5439,-32000,118000,-15756,70244,-9000,-6756
2021-10-05,5439,283000,0,839,283839,9000,-8161
2021-10-06,5439,-256000,0,-19048,-275048,-19000,-48
2021-10-07,5439,249000,83000,-2160,329840,0,-2160
2021-10-08,5439,303000,117000,4762,424762,0,4762
2021-10-12,5439,44000,0,-10146,33854,0,-10146
2021-10-13,5439,-339000,0,577,-338423,0,577
2021-10-14,5439,-34000,0,-1000,-35000,0,-1000
2021-10-15,5439,56060,0,-2000,54060,0,-2000
2021-10-18,5439,17000,0,-2117,14883,0,-2117
2021-10-19,5439,260000,60000,0,320000,0,0
2021-10-20,5439,-79000,50000,582,-28418,0,582
2021-10-21,5439,-3000,110000,5717,112717,0,5717
2021-10-22,5439,230000,109000,737,339737,0,737
2021-10-25,5439,-30000,0,-5,-30005,0,-5
2021-10-26,5439,-105000,-16000,-2017,-123017,0,-2017
2021-10-27,5439,215000,0,0,215000,0,0
2021-10-28,5439,51000,0,-7048,43952,0,-7048
2021-10-29,5439,295000,0,0,295000,0,0
2021-11-01,5439,372000,0,14020,386020,12000,2020
2021-11-02,5439,-189000,0,12767,-176233,15000,-2233
2021-11-03,5439,493000,0,-14922,478078,-15000,78
2021-11-04,5439,171000,0,-1600,169400,0,-1600
2021-11-05,5439,37000,55000,-86,91914,0,-86
2021-11-08,5439,-15817,0,2253,-13564,0,2253
2021-11-09,5439,165000,0,117,165117,0,117
2021-11-10,5439,248000,0,237,248237,0,237
2021-11-11,5439,-98000,0,-1000,-99000,0,-1000
2021-11-12,5439,95000,0,0,95000,0,0
2021-11-15,5439,143000,-6000,-3932,133068,0,-3932
2021-11-16,5439,91000,0,2000,93000,0,2000
2021-11-17,5439,198000,0,33043,231043,23000,10043
2021-11-18,5439,2000,0,1,2001,0,1
2021-11-19,5439,-92001,0,-2000,-94001,0,-2000
2021-11-22,5439,-16000,0,-1000,-17000,0,-1000
2021-11-23,5439,-98000,0,-15059,-113059,-12000,-3059
2021-11-24,5439,57000,-140000,-25,-83025,0,-25
2021-11-25,5439,-20000,-194000,60452,-153548,60000,452
2021-11-26,5439,-122000,-72000,-12716,-206716,0,-12716
2021-11-29,5439,-27000,0,5683,-21317,6000,-317
2021-11-30,5439,224000,-100000,-66000,58000,-66000,0
2021-12-01,5439,-60000,-131000,-1013,-192013,0,-1013
2021-12-02,5439,-276000,-100000,0,-376000,0,0
2021-12-03,5439,-112000,-80000,0,-192000,0,0
2021-12-06,5439,-60000,-220000,-2000,-282000,0,-2000
2021-12-07,5439,30000,-120000,0,-90000,0,0
2021-12-08,5439,-149000,-125000,0,-274000,0,0
2021-12-09,5439,-28000,-120000,23000,-125000,0,23000
2021-12-10,5439,-67000,0,6000,-61000,0,6000
2021-12-13,5439,-57855,0,3000,-54855,0,3000
2021-12-14,5439,-245000,0,-24000,-269000,0,-24000
2021-12-15,5439,-178000,0,0,-178000,0,0
2021-12-16,5439,-303000,0,6000,-297000,0,6000
2021-12-17,5439,-26000,0,0,-26000,0,0
2021-12-20,5439,-128427,-100350,-3000,-231777,0,-3000
2021-12-21,5439,-95000,0,0,-95000,0,0
2021-12-22,5439,37000,-130000,1000,-92000,1000,0
2021-12-23,5439,257000,-145000,0,112000,0,0
2021-12-24,5439,115000,0,-1000,114000,0,-1000
2021-12-27,5439,177000,0,0,177000,0,0
2021-12-28,5439,-3000,-217,0,-3217,0,0
2021-12-29,5439,25000,0,-1000,24000,0,-1000
2021-12-30,5439,48000,0,0,48000,0,0
2022-01-03,5439,67000,0,-1000,66000,0,-1000
2022-01-04,5439,146000,0,0,146000,0,0
2022-01-05,5439,-410000,0,0,-410000,0,0
2022-01-06,5439,-202000,0,-2000,-204000,0,-2000
2022-01-07,5439,-329000,0,-3000,-332000,0,-3000
2022-01-10,5439,-180000,0,3000,-177000,0,3000
2022-01-11,5439,-513000,-150000,8000,-655000,0,8000
2022-01-12,5439,-198000,-161000,-15000,-374000,0,-15000
2022-01-13,5439,-107000,0,-3000,-110000,0,-3000
2022-01-14,5439,-30000,-24000,-4000,-58000,0,-4000
2022-01-17,5439,-52000,-24000,0,-76000,0,0
2022-01-18,5439,-10001,0,-1000,-11001,0,-1000
2022-01-19,5439,-17000,0,-3000,-20000,0,-3000
2022-01-20,5439,-10000,0,0,-10000,0,0
2022-01-21,5439,-4000,0,-4000,-8000,0,-4000
2022-01-24,5439,-21000,0,0,-21000,0,0
2022-01-25,5439,-73000,0,-5514,-78514,-514,-5000
2022-01-26,5439,-13000,0,-25117,-38117,-24117,-1000
2022-02-07,5439,43000,0,0,43000,0,0
2022-02-08,5439,116000,0,30000,146000,30000,0
2022-02-09,5439,65000,0,0,65000,0,0
2022-02-10,5439,70000,0,0,70000,0,0
2022-02-11,5439,46000,0,-150,45850,-150,0
2022-02-14,5439,-27000,0,24942,-2058,24942,0
2022-02-15,5439,31000,0,0,31000,0,0
2022-02-16,5439,31000,0,0,31000,0,0
2022-02-17,5439,116000,0,-5,115995,0,-5
2022-02-18,5439,13000,0,0,13000,0,0
2022-02-21,5439,26000,0,0,26000,0,0
2022-02-22,5439,41000,0,0,41000,0,0
2022-02-23,5439,101000,-40000,0,61000,0,0
2022-02-24,5439,-5000,-40000,13192,-31808,30000,-16808
2022-02-25,5439,7000,-44000,-2000,-39000,0,-2000
2022-03-01,5439,42000,0,-2023,39977,0,-2023
2022-03-02,5439,25000,0,0,25000,0,0
2022-03-03,5439,11000,0,10000,21000,10000,0
2022-03-04,5439,16000,0,10000,26000,10000,0
2022-03-07,5439,-87000,-40000,0,-127000,0,0
2022-03-08,5439,-78000,-40000,-12000,-130000,-6000,-6000
2022-03-09,5439,4000,-39000,0,-35000,0,0
2022-03-10,5439,40000,0,0,40000,0,0
2022-03-11,5439,16000,-98000,0,-82000,0,0
2022-03-14,5439,61000,-98000,5000,-32000,0,5000
2022-03-15,5439,-57000,-100000,49000,-108000,0,49000
2022-03-16,5439,-61000,-102000,1000,-162000,0,1000
2022-03-17,5439,165000,-51000,31000,145000,0,31000
2022-03-18,5439,-13000,0,0,-13000,0,0
2022-03-21,5439,19000,0,17000,36000,0,17000
2022-03-22,5439,6000,0,9000,15000,0,9000
2022-03-23,5439,11000,0,0,11000,0,0
2022-03-24,5439,31000,0,-16000,15000,0,-16000
2022-03-25,5439,13000,0,0,13000,0,0
2022-03-28,5439,1000,0,-88000,-87000,0,-88000
2022-03-29,5439,19000,0,0,19000,0,0
2022-03-30,5439,5000,0,0,5000,0,0
2022-03-31,5439,17000,0,0,17000,0,0
2022-04-01,5439,16000,0,0,16000,0,0
2022-04-06,5439,16000,0,0,16000,0,0
2022-04-07,5439,-33000,0,0,-33000,0,0
2022-04-08,5439,8000,0,-2000,6000,0,-2000
2022-04-11,5439,-47000,0,0,-47000,0,0
2022-04-12,5439,-7099,-37000,-7000,-51099,0,-7000
2022-04-13,5439,21000,-38000,0,-17000,0,0
2022-04-14,5439,9000,-47000,0,-38000,0,0
2022-04-15,5439,-39000,-50000,0,-89000,0,0
2022-04-18,5439,19000,-44000,0,-25000,0,0
2022-04-19,5439,-10000,-41000,0,-51000,0,0
2022-04-20,5439,51000,-32000,0,19000,0,0
2022-04-21,5439,17000,-40000,0,-23000,0,0
2022-04-22,5439,40000,-40000,0,0,0,0
2022-04-25,5439,-93000,-40000,0,-133000,0,0
2022-04-26,5439,-31000,-34000,0,-65000,0,0
2022-04-27,5439,-44000,-40000,0,-84000,0,0
2022-04-28,5439,-24000,-40000,0,-64000,0,0
2022-04-29,5439,-4000,-45000,0,-49000,0,0
2022-05-03,5439,-18000,-30000,0,-48000,0,0
2022-05-04,5439,24000,-40000,0,-16000,0,0
2022-05-05,5439,40000,-20000,0,20000,0,0
2022-05-06,5439,-7000,-40000,0,-47000,0,0
2022-05-09,5439,-60000,-35000,0,-95000,0,0
2022-05-10,5439,-38000,-20000,-75000,-133000,-75000,0
2022-05-11,5439,-23000,-35000,0,-58000,0,0
2022-05-12,5439,-6000,-52000,-30000,-88000,-30000,0
2022-05-13,5439,39000,-52000,0,-13000,0,0
2022-05-16,5439,75000,-62000,0,13000,0,0
2022-05-17,5439,103000,-72000,0,31000,0,0
2022-05-18,5439,58000,-60000,0,-2000,0,0
2022-05-19,5439,52000,-50000,0,2000,0,0
2022-05-20,5439,22000,-50000,0,-28000,0,0
2022-05-23,5439,-4000,-60000,0,-64000,0,0
2022-05-24,5439,-11000,-60000,0,-71000,0,0
2022-05-25,5439,40000,-60000,0,-20000,0,0
2022-05-26,5439,28000,-30000,0,-2000,0,0
2022-05-27,5439,3000,-60000,0,-57000,0,0
2022-05-30,5439,71000,-45000,0,26000,0,0
2022-05-31,5439,38000,-45000,0,-7000,0,0
2022-06-01,5439,-15000,-50000,0,-65000,0,0
2022-06-02,5439,2000,-43379,0,-41379,0,0
2022-06-06,5439,-8000,-43000,0,-51000,0,0
2022-06-07,5439,0,-43000,20000,-23000,0,20000
2022-06-08,5439,-3000,-42000,-13000,-58000,0,-13000
2022-06-09,5439,14000,-41000,-2000,-29000,0,-2000
2022-06-10,5439,18000,-40000,0,-22000,0,0
2022-06-13,5439,-10000,-58000,0,-68000,0,0
2022-06-14,5439,21000,-39000,0,-18000,0,0
2022-06-15,5439,-11000,-39000,0,-50000,0,0
2022-06-16,5439,-126000,-10000,-2000,-138000,0,-2000
2022-06-17,5439,-45000,0,-2000,-47000,0,-2000
2022-06-20,5439,-124000,0,-4000,-128000,0,-4000
2022-06-21,5439,-7000,0,0,-7000,0,0
2022-06-22,5439,-114000,0,0,-114000,0,0
2022-06-23,5439,18000,0,0,18000,0,0
2022-06-24,5439,43000,0,0,43000,0,0
2022-06-27,5439,95000,0,0,95000,0,0
2022-06-28,5439,-7000,0,0,-7000,0,0
2022-06-29,5439,-14000,0,0,-14000,0,0
2022-06-30,5439,-80000,0,0,-80000,0,0
2022-07-01,5439,-211000,0,0,-211000,0,0
2022-07-04,5439,9000,0,0,9000,0,0
2022-07-05,5439,-74000,0,0,-74000,0,0
2022-07-06,5439,-3000,0,0,-3000,0,0
2022-07-07,5439,14000,0,0,14000,0,0
2022-07-08,5439,51000,0,0,51000,0,0
2022-07-11,5439,-37000,0,0,-37000,0,0
2022-07-12,5439,-100000,0,0,-100000,0,0
2022-07-13,5439,22000,0,0,22000,0,0
2022-07-14,5439,42000,0,0,42000,0,0
2022-07-15,5439,66000,0,0,66000,0,0
2022-07-18,5439,13000,0,0,13000,0,0
2022-07-19,5439,-32000,0,0,-32000,0,0
2022-07-20,5439,-93000,0,0,-93000,0,0
2022-07-21,5439,-24000,0,0,-24000,0,0
2022-07-22,5439,-24000,0,0,-24000,0,0
2022-07-25,5439,11000,0,0,11000,0,0
2022-07-26,5439,-53000,0,0,-53000,0,0
2022-07-27,5439,32000,-23000,0,9000,0,0
2022-07-28,5439,-14000,-17000,0,-31000,0,0
2022-07-29,5439,21000,-22000,0,-1000,0,0
2022-08-01,5439,78000,-22000,0,56000,0,0
2022-08-02,5439,40000,-37000,0,3000,0,0
2022-08-03,5439,25000,-19000,0,6000,0,0
2022-08-04,5439,6000,-25000,0,-19000,0,0
2022-08-05,5439,35000,-38000,0,-3000,0,0
2022-08-08,5439,27000,-21000,0,6000,0,0
2022-08-09,5439,21000,-14000,0,7000,0,0
2022-08-10,5439,42000,-18000,0,24000,0,0
2022-08-11,5439,90000,-19000,0,71000,0,0
2022-08-12,5439,25000,0,0,25000,0,0
2022-08-15,5439,-35000,0,0,-35000,0,0
2022-08-16,5439,-1000,0,0,-1000,0,0
2022-08-17,5439,9000,0,0,9000,0,0
2022-08-18,5439,18000,0,0,18000,0,0
2022-08-19,5439,49000,0,0,49000,0,0
2022-08-22,5439,11000,0,0,11000,0,0
2022-08-23,5439,3000,0,0,3000,0,0
2022-08-24,5439,18000,0,0,18000,0,0
2022-08-25,5439,24000,0,0,24000,0,0
2022-08-26,5439,22000,0,0,22000,0,0
2022-08-29,5439,-39000,0,0,-39000,0,0
2022-08-30,5439,23000,0,0,23000,0,0
2022-08-31,5439,-1000,0,0,-1000,0,0
2022-09-01,5439,-23000,0,0,-23000,0,0
2022-09-02,5439,10000,0,0,10000,0,0
2022-09-05,5439,-52000,0,0,-52000,0,0
2022-09-06,5439,-83000,0,0,-83000,0,0
2022-09-07,5439,26000,0,0,26000,0,0
2022-09-08,5439,15000,0,0,15000,0,0
2022-09-12,5439,29000,0,0,29000,0,0
2022-09-13,5439,46836,0,0,46836,0,0
2022-09-14,5439,32000,0,-854,31146,0,-854
2022-09-15,5439,17000,0,0,17000,0,0
2022-09-16,5439,-14000,0,0,-14000,0,0
2022-09-19,5439,-40000,0,0,-40000,0,0
2022-09-20,5439,-30000,0,0,-30000,0,0
2022-09-21,5439,-10000,0,0,-10000,0,0
2022-09-22,5439,-18000,0,0,-18000,0,0
2022-09-23,5439,-18000,0,0,-18000,0,0
2022-09-26,5439,-39000,0,0,-39000,0,0
2022-09-27,5439,2000,0,0,2000,0,0
2022-09-28,5439,-60000,0,0,-60000,0,0
2022-09-29,5439,6825,0,0,6825,0,0
2022-09-30,5439,10000,0,0,10000,0,0
2022-10-03,5439,37000,-14000,0,23000,0,0
2022-10-04,5439,19000,-17000,0,2000,0,0
2022-10-05,5439,5000,-10000,0,-5000,0,0
2022-10-06,5439,0,-14000,0,-14000,0,0
2022-10-07,5439,6000,0,0,6000,0,0
2022-10-11,5439,-26000,-6000,0,-32000,0,0
2022-10-12,5439,-15000,0,0,-15000,0,0
2022-10-13,5439,-70000,-19000,0,-89000,0,0
2022-10-14,5439,2000,-22000,0,-20000,0,0
2022-10-17,5439,9000,-21000,0,-12000,0,0
2022-10-18,5439,12000,-13000,0,-1000,0,0
2022-10-19,5439,17000,-13000,0,4000,0,0
2022-10-20,5439,-15000,-18000,0,-33000,0,0
2022-10-21,5439,1000,-18000,0,-17000,0,0
2022-10-24,5439,-5000,-8000,0,-13000,0,0
2022-10-25,5439,3000,-11000,0,-8000,0,0
2022-10-26,5439,1000,-16000,0,-15000,0,0
2022-10-27,5439,23000,-9000,0,14000,0,0
2022-10-28,5439,11000,-14000,0,-3000,0,0
2022-10-31,5439,17000,-6000,0,11000,0,0
2022-11-01,5439,52000,-7000,0,45000,0,0
2022-11-02,5439,43000,-14000,0,29000,0,0
2022-11-03,5439,23000,-16000,0,7000,0,0
2022-11-04,5439,54000,0,0,54000,0,0
2022-11-07,5439,19000,-16000,0,3000,0,0
2022-11-08,5439,-7000,0,0,-7000,0,0
2022-11-09,5439,39000,-18000,0,21000,0,0
2022-11-10,5439,32000,-18000,0,14000,0,0
2022-11-11,5439,12000,-16000,0,-4000,0,0
2022-11-14,5439,53000,0,0,53000,0,0
2022-11-15,5439,27000,0,0,27000,0,0
2022-11-16,5439,26000,0,0,26000,0,0
2022-11-17,5439,11000,0,0,11000,0,0
2022-11-18,5439,30000,0,0,30000,0,0
2022-11-21,5439,-19000,0,0,-19000,0,0
2022-11-22,5439,11000,0,0,11000,0,0
2022-11-23,5439,120000,0,0,120000,0,0
2022-11-24,5439,-12160,0,0,-12160,0,0
2022-11-25,5439,-25000,0,0,-25000,0,0
2022-11-28,5439,2000,0,29000,31000,29000,0
2022-11-29,5439,8000,0,-15000,-7000,-15000,0
2022-11-30,5439,68000,0,-1000,67000,-1000,0
2022-12-01,5439,29000,0,-13000,16000,-13000,0
2022-12-02,5439,18000,0,0,18000,0,0
2022-12-05,5439,6000,0,0,6000,0,0
2022-12-06,5439,0,0,0,0,0,0
2022-12-07,5439,19000,0,0,19000,0,0
2022-12-08,5439,15000,0,0,15000,0,0
2022-12-09,5439,13000,0,0,13000,0,0
2022-12-12,5439,22000,0,0,22000,0,0
2022-12-13,5439,-14000,0,0,-14000,0,0
2022-12-14,5439,5000,0,0,5000,0,0
2022-12-15,5439,-2000,0,0,-2000,0,0
2022-12-16,5439,8000,0,0,8000,0,0
2022-12-19,5439,32000,0,0,32000,0,0
2022-12-20,5439,3000,0,0,3000,0,0
2022-12-21,5439,11000,0,0,11000,0,0
2022-12-22,5439,-8999,0,0,-8999,0,0
2022-12-23,5439,26000,0,0,26000,0,0
2022-12-26,5439,18000,0,0,18000,0,0
2022-12-27,5439,4000,0,0,4000,0,0
2022-12-28,5439,-1000,0,0,-1000,0,0
2022-12-29,5439,1000,0,0,1000,0,0
2022-12-30,5439,1000,0,0,1000,0,0
2023-01-03,5439,7000,0,0,7000,0,0
2023-01-04,5439,2000,0,0,2000,0,0
2023-01-05,5439,1000,0,0,1000,0,0
2023-01-06,5439,57000,0,0,57000,0,0
2023-01-09,5439,-46000,0,0,-46000,0,0
2023-01-10,5439,-12000,0,0,-12000,0,0
2023-01-11,5439,76000,0,0,76000,0,0
2023-01-12,5439,1000,0,0,1000,0,0
2023-01-13,5439,-25000,0,0,-25000,0,0
2023-01-16,5439,15000,0,0,15000,0,0
2023-01-17,5439,38000,0,5000,43000,5000,0
2023-01-30,5439,143000,0,0,143000,0,0
2023-01-31,5439,-2000,0,0,-2000,0,0
2023-02-01,5439,122000,0,0,122000,0,0
2023-02-02,5439,32000,85000,0,117000,0,0
2023-02-03,5439,20999,110000,0,130999,0,0
2023-02-06,5439,-5000,0,0,-5000,0,0
2023-02-07,5439,32000,100000,0,132000,0,0
2023-02-08,5439,109000,0,0,109000,0,0
2023-02-09,5439,196000,0,0,196000,0,0
2023-02-10,5439,-54000,0,0,-54000,0,0
2023-02-13,5439,-18000,0,17000,-1000,17000,0
2023-02-14,5439,51000,0,4000,55000,4000,0
2023-02-15,5439,168000,0,0,168000,0,0
2023-02-16,5439,91000,0,0,91000,0,0
2023-02-17,5439,7000,0,0,7000,0,0
2023-02-20,5439,-364000,0,0,-364000,0,0
2023-02-21,5439,-36000,0,0,-36000,0,0
2023-02-22,5439,317000,170000,0,487000,0,0
2023-02-23,5439,-244000,0,0,-244000,0,0
2023-02-24,5439,377000,0,30000,407000,30000,0
2023-03-01,5439,424000,0,8000,432000,0,8000
2023-03-02,5439,656000,0,0,656000,0,0
2023-03-03,5439,-82000,0,0,-82000,0,0
2023-03-06,5439,-126000,0,-6000,-132000,-2000,-4000
2023-03-07,5439,-110000,0,0,-110000,0,0
2023-03-08,5439,598726,0,0,598726,0,0
2023-03-09,5439,-62000,0,-1000,-63000,-1000,0
2023-03-10,5439,217000,0,-30000,187000,-30000,0
2023-03-13,5439,-53993,0,99000,45007,95000,4000
2023-03-14,5439,193000,0,-2000,191000,0,-2000
2023-03-15,5439,10000,0,-2000,8000,0,-2000
2023-03-16,5439,345000,0,-1000,344000,-3000,2000
2023-03-17,5439,414000,0,-18000,396000,-20000,2000
2023-03-20,5439,47000,0,10000,57000,4000,6000
2023-03-21,5439,-20000,0,2000,-18000,0,2000
2023-03-22,5439,122000,0,4000,126000,0,4000
2023-03-23,5439,278000,0,-1000,277000,-4000,3000
2023-03-24,5439,-207000,0,0,-207000,0,0
2023-03-27,5439,396000,0,0,396000,0,0
2023-03-28,5439,-891000,0,56000,-835000,56000,0
2023-03-29,5439,667000,0,-52000,615000,-39000,-13000
2023-03-30,5439,1412000,0,-1000,1411000,0,-1000
2023-03-31,5439,-644000,0,-4000,-648000,-4000,0
2023-04-06,5439,-7000,0,0,-7000,0,0
2023-04-07,5439,50000,0,0,50000,0,0
2023-04-10,5439,512000,0,0,512000,0,0
2023-04-11,5439,88000,-150000,18000,-44000,0,18000
2023-04-12,5439,1297993,-160000,38000,1175993,-1000,39000
2023-04-13,5439,-687000,-155000,-7000,-849000,33000,-40000
2023-04-14,5439,-366000,0,-4000,-370000,0,-4000
2023-04-17,5439,173000,0,0,173000,0,0
2023-04-18,5439,-265000,0,7000,-258000,11000,-4000
2023-04-19,5439,-423000,0,-11000,-434000,0,-11000
2023-04-20,5439,-39000,0,-5999,-44999,-13000,7001
2023-04-21,5439,-239000,0,-19001,-258001,-18000,-1001
2023-04-24,5439,197000,0,-31000,166000,-28000,-3000
2023-04-25,5439,135000,0,-70000,65000,-67000,-3000
2023-04-26,5439,17000,0,8000,25000,0,8000
2023-04-27,5439,-135000,0,-5000,-140000,0,-5000
2023-04-28,5439,-72000,0,10000,-62000,0,10000
2023-05-02,5439,162000,0,4000,166000,17000,-13000
2023-05-03,5439,887000,0,42000,929000,0,42000
2023-05-04,5439,1350000,0,166000,1516000,102000,64000
2023-05-05,5439,1129000,0,-17000,1112000,9000,-26000
2023-05-08,5439,1027000,0,-22000,1005000,-104000,82000
2023-05-09,5439,141000,1039000,-85000,1095000,0,-85000
2023-05-10,5439,-146000,1075000,66000,995000,15000,51000
2023-05-11,5439,-53082,1030000,-2000,974918,25000,-27000
2023-05-12,5439,-220000,0,45000,-175000,1000,44000
2023-05-15,5439,-567000,0,153000,-414000,174000,-21000
2023-05-16,5439,256000,0,-41000,215000,-35000,-6000
2023-05-17,5439,92000,0,32138,124138,20000,12138
2023-05-18,5439,-254000,0,143235,-110765,57000,86235
2023-05-19,5439,-573061,0,125000,-448061,168000,-43000
2023-05-22,5439,319000,0,262001,581001,178000,84001
2023-05-23,5439,969933,792000,-205046,1556887,-285000,79954
2023-05-24,5439,454000,497000,169031,1120031,41000,128031
2023-05-25,5439,-338000,250000,-189067,-277067,-21000,-168067
2023-05-26,5439,22000,1249000,5952,1276952,17000,-11048
2023-05-29,5439,202105,120000,-60280,261825,-22000,-38280
2023-05-30,5439,732000,0,5000,737000,0,5000
2023-05-31,5439,328000,0,11744,339744,17000,-5256
2023-06-01,5439,459000,64000,-3881,519119,-17000,13119
2023-06-02,5439,-1171000,0,-24000,-1195000,-8000,-16000
2023-06-05,5439,454000,58000,-6619,505381,3000,-9619
2023-06-06,5439,140000,-421000,-64000,-345000,9000,-73000
2023-06-07,5439,804000,-818000,-87000,-101000,-83000,-4000
2023-06-08,5439,202000,-650000,-93405,-541405,-77000,-16405
2023-06-09,5439,-178000,0,137405,-40595,0,137405
2023-06-12,5439,-3066090,0,-92524,-3158614,-45000,-47524
2023-06-13,5439,-428000,196000,-595,-232595,21000,-21595
2023-06-14,5439,537000,0,227753,764753,139130,88623
2023-06-15,5439,-555000,0,-141895,-696895,-115094,-26801
2023-06-16,5439,22000,-568000,30229,-515771,7296,22933
2023-06-19,5439,242000,0,-24189,217811,-22974,-1215
2023-06-20,5439,-170000,0,-13008,-183008,574,-13582
2023-06-21,5439,495000,0,243327,738327,184327,59000
2023-06-26,5439,291000,0,156657,447657,117603,39054
2023-06-27,5439,-481000,0,-143619,-624619,-86619,-57000
2023-06-28,5439,816115,0,105354,921469,40354,65000
2023-06-29,5439,2410000,0,18786,2428786,-11920,30706
2023-06-30,5439,-1494000,0,-76860,-1570860,7655,-84515
2023-07-03,5439,2535000,-120000,376708,2791708,140440,236268
2023-07-04,5439,-241000,0,-228066,-469066,-48066,-180000
2023-07-05,5439,-522000,0,12210,-509790,24582,-12372
2023-07-06,5439,-749000,0,-52916,-801916,-35916,-17000
2023-07-07,5439,-697000,0,-1774,-698774,-183239,181465
2023-07-10,5439,-4822664,0,-100265,-4922929,-7342,-92923
2023-07-11,5439,-193980,-30000,7467,-216513,-26533,34000
2023-07-12,5439,-1585000,89566,182916,-1312518,-59975,242891
2023-07-13,5439,3456600,133000,167937,3757537,-82000,249937
2023-07-14,5439,-72219,0,96975,24756,89000,7975
2023-07-17,5439,-217794,134000,-50813,-134607,19000,-69813
2023-07-18,5439,2303000,0,-180387,2122613,-44000,-136387
2023-07-19,5439,82000,0,57364,139364,41000,16364
2023-07-20,5439,-381104,0,304148,-76956,89000,215148
2023-07-21,5439,-1297000,0,-421726,-1718726,-241000,-180726
2023-07-24,5439,-489000,0,72255,-416745,-18000,90255
2023-07-25,5439,-1130442,0,-80042,-1210484,37000,-117042
2023-07-26,5439,142000,88000,640,230640,5000,-4360
2023-07-27,5439,-609000,42000,-30640,-597640,-19000,-11640
2023-07-28,5439,953000,0,-14507,938493,-1000,-13507
2023-07-31,5439,206000,0,17876,223876,29442,-11566
2023-08-01,5439,-1058000,0,-89175,-1147175,-18008,-71167
2023-08-02,5439,75000,0,-92136,-17136,9692,-101828
2023-08-04,5439,-131624,0,-629,-132253,-18479,17850
2023-08-07,5439,403000,0,6154,409154,-11987,18141
2023-08-08,5439,-779000,0,-67723,-846723,-50636,-17087
2023-08-09,5439,-85000,0,133072,48072,32072,101000
2023-08-10,5439,-1289907,0,-56879,-1346786,-34786,-22093
2023-08-11,5439,-260873,0,-87981,-348854,5019,-93000
2023-08-14,5439,585000,0,-65780,519220,-23270,-42510
2023-08-15,5439,625000,0,73014,698014,11014,62000
2023-08-16,5439,827319,0,48000,875319,23000,25000
2023-08-17,5439,1166000,0,90550,1256550,21550,69000
2023-08-18,5439,-624000,0,-118471,-742471,313,-118784
2023-08-21,5439,1672000,-1232000,25889,465889,9902,15987
2023-08-22,5439,-172900,-1309000,-100136,-1582036,-825,-99311
2023-08-23,5439,1629104,-1314000,-32963,282141,-3655,-29308
2023-08-24,5439,203000,-118000,-13871,71129,-7095,-6776
2023-08-25,5439,-11000,-95000,-23556,-129556,95,-23651
2023-08-28,5439,1020897,-85000,-88622,847275,-40622,-48000
2023-08-29,5439,-161297,0,-9077,-170374,781,-9858
2023-08-30,5439,86000,-152000,10976,-55024,14000,-3024
2023-08-31,5439,-372000,0,3903,-368097,8337,-4434
2023-09-01,5439,258249,0,35661,293910,45139,-9478
2023-09-04,5439,-430491,0,13064,-417427,15044,-1980
2023-09-05,5439,-281000,0,4755,-276245,9755,-5000
2023-09-06,5439,-376000,0,57300,-318700,49300,8000
2023-09-07,5439,-870000,0,4970,-865030,5991,-1021
2023-09-08,5439,-453000,0,-13892,-466892,-1821,-12071
2023-09-11,5439,132893,0,-108438,24455,-72680,-35758
2023-09-12,5439,516950,0,-73084,443866,-55084,-18000
2023-09-13,5439,-97000,0,-29642,-126642,-16642,-13000
2023-09-14,5439,-620000,0,152067,-467933,139067,13000
2023-09-15,5439,-364000,0,-193,-364193,19807,-20000
2023-09-18,5439,-480000,0,19118,-460882,25588,-6470
2023-09-19,5439,-47000,0,-27772,-74772,-1013,-26759
2023-09-20,5439,-231000,0,17957,-213043,19853,-1896
2023-09-21,5439,-151000,0,-203153,-354153,-201033,-2120
2023-09-22,5439,209172,0,57696,266868,34696,23000
2023-09-25,5439,244882,0,32126,277008,45126,-13000
2023-09-26,5439,71000,0,24254,95254,27000,-2746
2023-09-27,5439,-114000,0,-117033,-231033,-111737,-5296
2023-09-28,5439,1059000,0,88918,1147918,26918,62000
2023-10-02,5439,-331864,0,350607,18743,151228,199379
2023-10-03,5439,-1066000,0,-60855,-1126855,25145,-86000
2023-10-04,5439,7000,140000,57254,204254,-6111,63365
2023-10-05,5439,-362000,100000,-23665,-285665,28535,-52200
2023-10-06,5439,949000,206000,-81850,1073150,-161649,79799
2023-10-11,5439,-929000,0,14177,-914823,122239,-108062
2023-10-12,5439,920000,75000,228235,1223235,-68765,297000
2023-10-13,5439,435000,545000,53299,1033299,331,52968
2023-10-16,5439,1277000,1682000,-139113,2819887,-16258,-122855
2023-10-17,5439,843000,370000,-45797,1167203,-17797,-28000
2023-10-18,5439,-1615000,-268000,-121232,-2004232,-54258,-66974
2023-10-19,5439,1040000,250000,46025,1336025,225,45800
2023-10-20,5439,-655000,-150000,-58042,-863042,-17042,-41000
2023-10-23,5439,252000,-33000,-12048,206952,9952,-22000
2023-10-24,5439,276000,3000,-10507,268493,6493,-17000
2023-10-25,5439,2272000,310000,134449,2716449,29403,105046
2023-10-26,5439,-1400000,6000,-132000,-1526000,-22000,-110000
2023-10-27,5439,-1008000,4000,59140,-944860,49000,10140
2023-10-30,5439,-860000,404000,1341,-454659,-9988,11329
2023-10-31,5439,719000,0,-96787,622213,-19707,-77080
2023-11-01,5439,-50732,8000,-39434,-82166,566,-40000
2023-11-02,5439,380000,260000,61489,701489,10419,51070
2023-11-03,5439,944000,327000,191575,1462575,21110,170465
2023-11-06,5439,144000,0,-188073,-44073,-1285,-186788
2023-11-07,5439,777000,0,-21106,755894,30995,-52101
2023-11-08,5439,707000,0,22991,729991,3475,19516
2023-11-09,5439,968000,0,-99889,868111,-27938,-71951
2023-11-10,5439,764000,0,32399,796399,13399,19000
2023-11-13,5439,634086,-280000,-12356,341730,-2420,-9936
2023-11-14,5439,179000,0,-7336,171664,-202,-7134
2023-11-15,5439,-1457000,42000,-29317,-1444317,-20532,-8785
2023-11-16,5439,-165000,29000,13061,-122939,-739,13800
2023-11-17,5439,-1826000,0,-53113,-1879113,-12050,-41063
2023-11-20,5439,2249000,0,84976,2333976,7082,77894
2023-11-21,5439,-529000,0,14244,-514756,51972,-37728
2023-11-22,5439,-199648,116000,9076,-74572,14067,-4991
2023-11-23,5439,-717000,0,-42910,-759910,-8856,-34054
2023-11-24,5439,19000,146000,-10319,154681,4146,-14465
2023-11-27,5439,-568000,102000,-26525,-492525,358,-26883
2023-11-28,5439,-116000,0,62766,-53234,26653,36113
2023-11-29,5439,1531000,1000,149639,1681639,40859,108780
2023-11-30,5439,-885000,3000,278141,-603859,122875,155266
2023-12-01,5439,1876000,395000,-21734,2249266,-13004,-8730
2023-12-04,5439,-457000,2092000,-144180,1490820,-10180,-134000
2023-12-05,5439,-1291661,491000,-106379,-907040,-61073,-45306
2023-12-06,5439,-1865000,1329000,191573,-344427,-57534,249107
2023-12-07,5439,-174000,0,-324049,-498049,-112895,-211154
2023-12-08,5439,-594133,125000,-29821,-498954,5309,-35130
2023-12-11,5439,392914,-143000,-23835,226079,-13835,-10000
2023-12-12,5439,262000,-200000,-63870,-1870,-34590,-29280
2023-12-13,5439,-325000,0,-8731,-333731,-650,-8081
2023-12-14,5439,-351000,-200000,30047,-520953,35828,-5781
2023-12-15,5439,926000,-1284000,18074,-339926,22478,-4404
2023-12-18,5439,-487000,115000,7494,-364506,-8576,16070
2023-12-19,5439,-892000,216000,6775,-669225,-35877,42652
2023-12-20,5439,-2582728,134000,15810,-2432918,-84662,100472
2023-12-21,5439,-835000,190000,-52601,-697601,551,-53152
2023-12-22,5439,-422000,0,72151,-349849,81843,-9692
2023-12-25,5439,-132000,0,-20338,-152338,-2455,-17883
2023-12-26,5439,-317000,44000,-158,-273158,-208,50
2023-12-27,5439,-441200,0,24558,-416642,19512,5046
2023-12-28,5439,-937000,0,-70554,-1007554,-55948,-14606
2023-12-29,5439,144000,0,1376,145376,277,1099
2024-01-02,5439,-169072,2000,-11710,-178782,-8144,-3566
2024-01-03,5439,1401468,0,-54725,1346743,-28218,-26507
2024-01-04,5439,-60469,-85000,-66074,-211543,-15589,-50485
2024-01-05,5439,244000,-155000,109382,198382,29,109353
2024-01-08,5439,-147000,-280000,56439,-370561,1719,54720
2024-01-09,5439,959000,-810000,-50167,98833,-17818,-32349
2024-01-10,5439,-451000,0,19621,-431379,-2045,21666
2024-01-11,5439,-640000,0,101284,-538716,-8222,109506
2024-01-12,5439,-291000,-123000,-63988,-477988,377,-64365
2024-01-15,5439,-140000,-60000,35729,-164271,-510,36239
2024-01-16,5439,-847000,0,169781,-677219,105718,64063
2024-01-17,5439,-1073000,297000,3641,-772359,49999,-46358
2024-01-18,5439,-436000,0,-16425,-452425,4880,-21305
2024-01-19,5439,1242000,0,33787,1275787,26110,7677
2024-01-22,5439,239000,0,19428,258428,8588,10840
2024-01-23,5439,-263990,0,-148903,-412893,-135413,-13490
2024-01-24,5439,-373990,0,-33275,-407265,-39555,6280
2024-01-25,5439,-905950,267000,46450,-592500,320,46130
2024-01-26,5439,-1315920,0,-53341,-1369261,27122,-80463
2024-01-29,5439,964010,0,24003,988013,20003,4000
2024-01-30,5439,-195000,0,-7289,-202289,-289,-7000
2024-01-31,5439,-868000,0,-14660,-882660,-3595,-11065
2024-02-01,5439,68000,0,8761,76761,4645,4116
2024-02-02,5439,281000,0,-54765,226235,3799,-58564
2024-02-05,5439,-658925,0,486739,-172186,251,486488
2024-02-15,5439,-318743,0,-584,-319327,-2531,1947
2024-02-16,5439,184004,0,12497,196501,12905,-408
2024-02-19,5439,197000,0,18591,215591,-145,18736
2024-02-20,5439,-680996,0,-5767,-686763,-30355,24588
2024-02-21,5439,158000,0,13342,171342,282,13060
2024-02-22,5439,-394962,0,-595819,-990781,-554,-595265
2024-02-23,5439,212000,0,43061,255061,-41,43102
2024-02-26,5439,-26085,-106000,-2533,-134618,5797,-8330
2024-02-27,5439,-515968,-10000,-6705,-532673,-21,-6684
2024-02-29,5439,-92992,0,31619,-61373,37000,-5381
2024-03-01,5439,17004,0,-21357,-4353,-37011,15654
2024-03-04,5439,-61000,0,1229,-59771,-265,1494
2024-03-05,5439,1008012,0,82064,1090076,26116,55948
2024-03-06,5439,-1194000,600000,168663,-425337,78951,89712
2024-03-07,5439,-539980,400000,-62531,-202511,-30000,-32531
2024-03-08,5439,-450925,0,-200001,-650926,-96153,-103848
2024-03-11,5439,16989,0,7764,24753,36961,-29197
2024-03-12,5439,107977,0,120343,228320,3209,117134
2024-03-13,5439,-477931,0,-68101,-546032,-7063,-61038
2024-03-14,5439,59008,0,-49168,9840,-40036,-9132
2024-03-15,5439,176000,0,19725,195725,728,18997
2024-03-18,5439,117000,0,-18376,98624,-374,-18002
2024-03-19,5439,252977,0,21308,274285,309,20999
2024-03-20,5439,511977,0,50429,562406,26249,24180
2024-03-21,5439,-317023,0,-80794,-397817,-27194,-53600
2024-03-22,5439,760000,1111000,462008,2333008,73557,388451
2024-03-25,5439,-353023,121000,-142315,-374338,-4561,-137754
2024-03-26,5439,-265880,-278000,-45551,-589431,-6994,-38557
2024-03-27,5439,-128000,-278000,-62212,-468212,-11560,-50652
2024-03-28,5439,259000,-246000,-5860,7140,-2291,-3569
2024-03-29,5439,93000,-198000,8666,-96334,-6948,15614
2024-04-01,5439,189000,0,105352,294352,-4248,109600
2024-04-02,5439,-199000,0,-94901,-293901,-18530,-76371
2024-04-03,5439,37000,0,-20681,16319,49835,-70516
2024-04-08,5439,694000,0,87607,781607,-1246,88853
2024-04-09,5439,528000,500000,90848,1118848,-4708,95556
2024-04-10,5439,-196000,0,-94573,-290573,3000,-97573
2024-04-11,5439,122000,500000,-7452,614548,-40699,33247
2024-04-12,5439,-120000,0,-62126,-182126,-11884,-50242
2024-04-15,5439,-1562000,0,-61236,-1623236,-24301,-36935
2024-04-16,5439,231000,-121000,-15717,94283,22193,-37910
2024-04-17,5439,-23000,0,-1765,-24765,0,-1765
2024-04-18,5439,-16000,0,-67908,-83908,0,-67908
2024-04-19,5439,-66950,0,-45364,-112314,13000,-58364
2024-04-22,5439,4000,0,-68182,-64182,1114,-69296
2024-04-23,5439,-76000,0,-5230,-81230,-1000,-4230
2024-04-24,5439,96000,0,36847,132847,0,36847
2024-04-25,5439,-149000,0,-32633,-181633,0,-32633
2024-04-26,5439,-18000,-328000,-17017,-363017,3000,-20017
2024-04-29,5439,400050,-785000,-6471,-391421,2000,-8471
2024-04-30,5439,-241000,-736000,-33050,-1010050,0,-33050
2024-05-02,5439,309050,-996000,-82375,-769325,-57000,-25375
2024-05-03,5439,3880,-1200000,-9261,-1205381,0,-9261
2024-05-06,5439,912050,-1166000,-34286,-288236,0,-34286
2024-05-07,5439,1036000,-2106000,-6416,-1076416,0,-6416
2024-05-08,5439,6000,-849000,12127,-830873,0,12127
2024-05-09,5439,-422000,-268000,-1140,-691140,0,-1140
2024-05-10,5439,148000,-361000,-18663,-231663,0,-18663
2024-05-13,5439,115000,0,-824,114176,0,-824
2024-05-14,5439,-151000,0,-464,-151464,0,-464
2024-05-15,5439,-202000,0,-5183,-207183,0,-5183
2024-05-16,5439,-143000,0,-3515,-146515,0,-3515
2024-05-17,5439,-11970,0,-6127,-18097,0,-6127
2024-05-20,5439,-195000,0,126,-194874,0,126
2024-05-21,5439,-287468,0,-15519,-302987,0,-15519
2024-05-22,5439,473000,0,16637,489637,0,16637
2024-05-23,5439,-534000,0,-9932,-543932,-307,-9625
2024-05-24,5439,-8000,0,1256,-6744,0,1256
2024-05-27,5439,-186000,0,18649,-167351,0,18649
2024-05-28,5439,-87000,0,4943,-82057,0,4943
2024-05-29,5439,-593000,0,-5441,-598441,0,-5441
2024-05-30,5439,-85000,0,-19588,-104588,0,-19588
2024-05-31,5439,-197065,0,-1299,-198364,0,-1299
2024-06-03,5439,139000,0,-1068,137932,0,-1068
2024-06-04,5439,-166000,0,-5263,-171263,0,-5263
2024-06-05,5439,-224000,0,1913,-222087,0,1913
2024-06-06,5439,-290000,0,-6094,-296094,0,-6094
2024-06-07,5439,76000,0,7341,83341,0,7341
2024-06-11,5439,-243910,0,-16874,-260784,0,-16874
2024-06-12,5439,359000,0,-3567,355433,0,-3567
2024-06-13,5439,381000,0,-1638,379362,0,-1638
2024-06-14,5439,354000,0,5200,359200,0,5200
2024-06-17,5439,141000,0,27083,168083,20000,7083
2024-06-18,5439,-1142000,0,486526,-655474,475000,11526
2024-06-19,5439,637000,0,-176021,460979,-230000,53979
2024-06-20,5439,-385000,0,-73011,-458011,-70000,-3011
2024-06-21,5439,-191000,0,-20302,-211302,0,-20302
2024-06-24,5439,-248000,0,78186,-169814,0,78186
2024-06-25,5439,-162000,0,-73168,-235168,-33000,-40168
2024-06-26,5439,-135000,0,-15000,-150000,0,-15000
2024-06-27,5439,-273000,0,-27000,-300000,0,-27000
2024-06-28,5439,-17000,0,8000,-9000,0,8000
2024-07-01,5439,-266000,0,-1,-266001,0,-1
2024-07-02,5439,9000,0,3571,12571,0,3571
2024-07-03,5439,131000,0,-9000,122000,0,-9000
2024-07-04,5439,21000,0,-14040,6960,0,-14040
2024-07-05,5439,125000,0,89000,214000,88000,1000
2024-07-08,5439,-687000,0,-91734,-778734,-88000,-3734
2024-07-09,5439,64000,0,-70513,-6513,-62000,-8513
2024-07-10,5439,474000,0,39546,513546,0,39546
2024-07-11,5439,-5000,0,52433,47433,60000,-7567
2024-07-12,5439,1448000,300000,96522,1844522,-40000,136522
2024-07-15,5439,-1308000,0,151801,-1156199,-10000,161801
2024-07-16,5439,304000,0,-11798,292202,0,-11798
2024-07-17,5439,174000,0,-19820,154180,-10000,-9820
2024-07-18,5439,400000,0,122835,522835,0,122835
2024-07-19,5439,-339000,0,-183665,-522665,0,-183665
2024-07-22,5439,-11000,0,-179177,-190177,10000,-189177
2024-07-23,5439,81000,0,11486,92486,0,11486
2024-07-26,5439,170000,0,-4000,166000,0,-4000
2024-07-29,5439,183558,0,-67200,116358,-50000,-17200
2024-07-30,5439,-329970,0,-22025,-351995,0,-22025
2024-07-31,5439,-502000,0,6246,-495754,0,6246
2024-08-01,5439,29000,0,-6200,22800,0,-6200
2024-08-02,5439,-636000,0,-11503,-647503,0,-11503
2024-08-05,5439,-290000,0,-9010,-299010,0,-9010
2024-08-06,5439,555040,-300000,-22949,232091,0,-22949
2024-08-07,5439,646000,0,15054,661054,0,15054
2024-08-08,5439,-152000,0,-67261,-219261,-60000,-7261
2024-08-09,5439,-95000,0,-3162,-98162,0,-3162
2024-08-12,5439,-26000,0,8606,-17394,0,8606
2024-08-13,5439,20000,0,-1000,19000,0,-1000
2024-08-14,5439,90000,0,-593,89407,0,-593
2024-08-15,5439,38000,0,42141,80141,25000,17141
2024-08-16,5439,331000,0,36000,367000,35000,1000
2024-08-19,5439,97000,0,-35000,62000,-18000,-17000
2024-08-20,5439,356000,0,-30687,325313,-42000,11313
2024-08-21,5439,196000,0,14698,210698,23000,-8302
2024-08-22,5439,-58000,0,-1300,-59300,2000,-3300
2024-08-23,5439,138000,0,-2000,136000,0,-2000
2024-08-26,5439,-34000,0,-3000,-37000,0,-3000
2024-08-27,5439,153000,0,2000,155000,0,2000
2024-08-28,5439,49000,0,1000,50000,0,1000
2024-08-29,5439,702000,0,63265,765265,5000,58265
2024-08-30,5439,-289000,0,-35600,-324600,0,-35600
2024-09-02,5439,34000,0,-8363,25637,0,-8363
2024-09-03,5439,161000,0,-2102,158898,0,-2102
2024-09-04,5439,32000,0,-18253,13747,0,-18253
2024-09-05,5439,-220000,0,-39094,-259094,-30000,-9094
2024-09-06,5439,448000,0,29587,477587,10000,19587
2024-09-09,5439,-219000,0,-20982,-239982,-10000,-10982
2024-09-10,5439,163000,0,-10601,152399,0,-10601
2024-09-11,5439,758000,0,37800,795800,0,37800
2024-09-12,5439,-308000,0,-22170,-330170,0,-22170
2024-09-13,5439,131000,0,13393,144393,10000,3393
2024-09-16,5439,-405000,0,11000,-394000,0,11000
2024-09-18,5439,-132000,0,-10000,-142000,0,-10000
2024-09-19,5439,52000,0,12988,64988,12000,988
2024-09-20,5439,-105000,0,5000,-100000,1000,4000
2024-09-23,5439,757000,0,171304,928304,83000,88304
2024-09-24,5439,97000,0,-3530,93470,12001,-15531
2024-09-25,5439,-665000,0,69643,-595357,116000,-46357
2024-09-26,5439,-23000,0,44049,21049,26000,18049
2024-09-27,5439,81000,0,-51740,29260,-32000,-19740
2024-09-30,5439,-490990,0,-76625,-567615,-58001,-18624
2024-10-01,5439,25000,0,-98035,-73035,-94000,-4035
2024-10-04,5439,-26000,0,-45844,-71844,-19000,-26844
2024-10-07,5439,149000,0,19131,168131,10000,9131
2024-10-08,5439,-126000,0,2000,-124000,10000,-8000
2024-10-09,5439,16000,0,8482,24482,0,8482
2024-10-11,5439,-643000,0,-5556,-648556,24000,-29556
2024-10-14,5439,-139000,0,-7962,-146962,0,-7962
2024-10-15,5439,-116000,0,17541,-98459,10000,7541
2024-10-16,5439,42000,0,-8331,33669,0,-8331
2024-10-17,5439,-348000,0,-44713,-392713,-44000,-713
2024-10-18,5439,-279000,0,6846,-272154,7000,-154
2024-10-21,5439,380000,0,8383,388383,0,8383
2024-10-22,5439,249990,0,19151,269141,22000,-2849
2024-10-23,5439,-106204,0,-458,-106662,13000,-13458
2024-10-24,5439,-14000,0,7466,-6534,9000,-1534
2024-10-25,5439,-33000,0,5819,-27181,6000,-181
2024-10-28,5439,-56000,0,3220,-52780,4000,-780
2024-10-29,5439,-125000,0,-5328,-130328,3000,-8328
2024-10-30,5439,22000,0,-3485,18515,-3000,-485
2024-11-01,5439,21000,0,7000,28000,8000,-1000
2024-11-04,5439,-85000,0,-3429,-88429,-4000,571
2024-11-05,5439,-48000,0,-67510,-115510,-65000,-2510
2024-11-06,5439,433000,0,-1246,431754,0,-1246
2024-11-07,5439,635000,0,27782,662782,23000,4782
2024-11-08,5439,-197000,0,-1739,-198739,2000,-3739
2024-11-11,5439,96000,0,-1198,94802,0,-1198
2024-11-12,5439,-28000,0,-3000,-31000,0,-3000
2024-11-13,5439,-28000,0,0,-28000,0,0
2024-11-14,5439,-5000,0,-1000,-6000,0,-1000
2024-11-15,5439,79000,0,-1,78999,0,-1
2024-11-18,5439,-41000,0,-17400,-58400,-15000,-2400
2024-11-19,5439,44000,0,46,44046,0,46
2024-11-20,5439,34000,0,1000,35000,0,1000
2024-11-21,5439,489000,0,4000,493000,-1000,5000
2024-11-22,5439,741000,0,61007,802007,0,61007
2024-11-25,5439,8000,0,15104,23104,5000,10104
2024-11-26,5439,266000,0,49532,315532,-2000,51532
2024-11-27,5439,-23980,0,21478,-2502,10000,11478
2024-11-28,5439,265115,0,-29802,235313,-13000,-16802
2024-11-29,5439,822960,0,4164,827124,-14000,18164
2024-12-02,5439,365950,0,56453,422403,-30000,86453
2024-12-03,5439,527082,105000,104332,736414,-8000,112332
2024-12-04,5439,-52030,65000,454847,467817,300000,154847
2024-12-05,5439,384000,0,-107435,276565,-45000,-62435
2024-12-06,5439,-603000,0,-139352,-742352,-185000,45648
2024-12-09,5439,-16000,0,-66193,-82193,-80000,13807
2024-12-10,5439,83000,0,19167,102167,22000,-2833
2024-12-11,5439,611002,0,23928,634930,51000,-27072
2024-12-12,5439,-717454,0,67035,-650419,17000,50035
2024-12-13,5439,1522000,0,-80995,1441005,40000,-120995
2024-12-16,5439,-1445000,0,-97538,-1542538,-57000,-40538
2024-12-17,5439,-122020,26000,-9029,-105049,-25000,15971
2024-12-18,5439,-207000,55000,-16477,-168477,0,-16477
2024-12-19,5439,720000,0,17702,737702,0,17702
2024-12-20,5439,-1412140,53000,-17809,-1376949,0,-17809
2024-12-23,5439,-826000,0,6915,-819085,40000,-33085
2024-12-24,5439,-937000,-26000,-72346,-1035346,-71000,-1346
2024-12-25,5439,1606500,0,145307,1751807,40000,105307
2024-12-26,5439,443000,0,-61324,381676,0,-61324
2024-12-27,5439,485000,0,-75208,409792,-40000,-35208
2024-12-30,5439,319500,0,38332,357832,-2000,40332
2024-12-31,5439,108000,0,265,108265,0,265
2025-01-02,5439,368070,0,-64554,303516,-15000,-49554
2025-01-03,5439,667010,0,-28700,638310,0,-28700
2025-01-06,5439,379020,-218000,89624,250644,-14000,103624
2025-01-07,5439,-995000,-60000,12253,-1042747,0,12253
2025-01-08,5439,-591000,0,4389,-586611,0,4389
2025-01-09,5439,-1041122,0,89745,-951377,0,89745
2025-01-10,5439,-268000,0,45201,-222799,70000,-24799
2025-01-13,5439,903020,0,-98366,804654,-60000,-38366
2025-01-14,5439,-132990,0,517,-132473,0,517
2025-01-15,5439,98000,0,-7808,90192,0,-7808
2025-01-16,5439,572000,0,-11572,560428,-9000,-2572
2025-01-17,5439,-68990,0,-14260,-83250,0,-14260
2025-01-20,5439,414000,0,3720,417720,0,3720
2025-01-21,5439,-148000,0,13212,-134788,20000,-6788
2025-01-22,5439,362000,0,69302,431302,64000,5302
2025-02-03,5439,-141980,0,8809,-133171,-4000,12809
2025-02-04,5439,-483000,185000,9413,-288587,2000,7413
2025-02-05,5439,628100,0,80497,708597,54000,26497
2025-02-06,5439,-315000,0,-30974,-345974,-12000,-18974
2025-02-07,5439,44000,0,4810,48810,0,4810
2025-02-10,5439,-377000,0,-46796,-423796,-60000,13204
2025-02-11,5439,1318000,110000,77429,1505429,-25000,102429
2025-02-12,5439,425000,0,-16784,408216,0,-16784
2025-02-13,5439,-303260,0,-1375,-304635,0,-1375
2025-02-14,5439,1834000,48000,-21076,1860924,-22000,924
2025-02-17,5439,520000,0,91354,611354,24000,67354
2025-02-18,5439,-437000,0,-1441,-438441,-20000,18559
2025-02-19,5439,260000,-2000,-75652,182348,-11000,-64652
2025-02-20,5439,-49000,0,30666,-18334,0,30666
2025-02-21,5439,-469000,-8000,28465,-448535,40000,-11535
2025-02-24,5439,-412000,-55000,27792,-439208,21000,6792
2025-02-25,5439,-1505000,0,-10731,-1515731,-30000,19269
2025-02-26,5439,242000,0,12724,254724,-8000,20724
2025-02-27,5439,-443800,87000,79084,-277716,72000,7084
2025-03-03,5439,15008,0,-8804,6204,3566,-12370
2025-03-04,5439,398000,0,75188,473188,10000,65188
2025-03-05,5439,251000,0,-30090,220910,-4904,-25186
2025-03-06,5439,1143500,0,33982,1177482,19000,14982
2025-03-07,5439,320800,542000,-255719,607081,-123000,-132719
2025-03-10,5439,-1271000,0,25710,-1245290,49000,-23290
2025-03-11,5439,1058200,0,136858,1195058,-32000,168858
2025-03-12,5439,-1759908,0,-36896,-1796804,0,-36896
2025-03-13,5439,2124850,72000,-163945,2032905,30000,-193945
2025-03-14,5439,325850,0,22634,348484,29338,-6704
2025-03-17,5439,1436500,0,15812,1452312,0,15812
2025-03-18,5439,-2186000,0,-25454,-2211454,-10000,-15454
2025-03-19,5439,308000,-47000,-5299,255701,0,-5299
2025-03-20,5439,-264000,0,-11012,-275012,0,-11012
2025-03-21,5439,897000,0,-6608,890392,0,-6608
2025-03-24,5439,135000,0,-12775,122225,0,-12775
2025-03-25,5439,-50000,-141000,968,-190032,1000,-32
2025-03-26,5439,579000,-97000,-51121,430879,-50000,-1121
2025-03-27,5439,-1702000,0,-7611,-1709611,0,-7611
2025-03-28,5439,631000,0,8971,639971,0,8971
2025-03-31,5439,1778000,0,-20115,1757885,0,-20115
2025-04-01,5439,-1933000,0,6351,-1926649,19000,-12649
2025-04-02,5439,540000,0,-12312,527688,-10000,-2312
2025-04-07,5439,84000,0,-96,83904,0,-96
2025-04-08,5439,294000,0,5334,299334,0,5334
2025-04-09,5439,391000,0,-6100,384900,0,-6100
2025-04-10,5439,-200000,-187000,-17000,-404000,-17000,0
2025-04-11,5439,-2585000,0,-9565,-2594565,-1000,-8565
2025-04-14,5439,805000,0,-6116,798884,18000,-24116
2025-04-15,5439,1528031,0,-3503,1524528,6000,-9503
2025-04-16,5439,-285000,0,-22956,-307956,-28000,5044
2025-04-17,5439,1108000,-60000,3052,1051052,-5000,8052
2025-04-18,5439,-690000,0,28188,-661812,28000,188
2025-04-21,5439,1716000,-148000,6966,1574966,11000,-4034
2025-04-22,5439,1857000,-69000,-3006,1784994,-5000,1994
2025-04-23,5439,130000,0,-9276,120724,-7000,-2276
2025-04-24,5439,-1845000,0,14661,-1830339,-10000,24661
2025-04-25,5439,-143000,52000,-32232,-123232,-12000,-20232
2025-04-28,5439,-824900,0,43253,-781647,35000,8253
2025-04-29,5439,-598000,0,24958,-573042,25000,-42
2025-04-30,5439,-649100,0,-1673,-650773,5000,-6673
2025-05-02,5439,1145000,0,12362,1157362,7000,5362
2025-05-05,5439,113000,0,-15057,97943,-15000,-57
2025-05-06,5439,-966000,0,-37538,-1003538,-33000,-4538
2025-05-07,5439,92000,0,45579,137579,47000,-1421
2025-05-08,5439,1527731,82000,-49985,1559746,-59000,9015
2025-05-09,5439,-1790513,61000,-10007,-1739520,-6000,-4007
2025-05-12,5439,-319249,55000,7081,-257168,17000,-9919
2025-05-13,5439,1827027,0,17561,1844588,16000,1561
2025-05-14,5439,1047000,0,25372,1072372,19000,6372
2025-05-15,5439,908000,0,-335,907665,-2000,1665
2025-05-16,5439,272000,0,51947,323947,53000,-1053
2025-05-19,5439,996000,0,-6812,989188,-5000,-1812
2025-05-20,5439,488000,0,-4371,483629,0,-4371
2025-05-21,5439,1531000,0,32694,1563694,10000,22694
2025-05-22,5439,793020,50000,473920,1316940,13000,460920
2025-05-23,5439,-761010,-34000,-25202,-820212,-1000,-24202
2025-05-26,5439,542000,0,46004,588004,7000,39004
2025-05-27,5439,-347000,0,-50927,-397927,-6000,-44927
2025-05-28,5439,-1074000,0,-30642,-1104642,30000,-60642
2025-05-29,5439,398477,-180000,23878,242355,2000,21878
2025-06-02,5439,-989950,-50000,65795,-974155,-32000,97795
2025-06-03,5439,126579,0,-122505,4074,-72000,-50505
2025-06-04,5439,-402000,0,98702,-303298,101000,-2298
2025-06-05,5439,807090,0,108313,915403,103020,5293
2025-06-06,5439,315886,0,160,316046,-12980,13140
2025-06-09,5439,-255950,0,224826,-31124,62242,162584
2025-06-10,5439,3280952,0,-2190,3278762,-56980,54790
2025-06-11,5439,642554,86000,66729,795283,-82060,148789
2025-06-12,5439,-799064,9000,49618,-740446,-10000,59618
2025-06-13,5439,1042055,-41000,20614,1021669,31000,-10386
2025-06-16,5439,-962856,0,-16116,-978972,-13000,-3116
2025-06-17,5439,-625877,0,-80051,-705928,-92000,11949
2025-06-18,5439,-1271369,0,213,-1271156,0,213
2025-06-19,5439,-433985,0,57813,-376172,19000,38813
2025-06-20,5439,-14191,0,11764,-2427,10000,1764
2025-06-23,5439,-819000,-50000,2138,-866862,0,2138
2025-06-24,5439,-291884,0,105800,-186084,93000,12800
2025-06-25,5439,124095,219000,-2781,340314,-6000,3219
2025-06-26,5439,-681959,207000,-62545,-537504,-59000,-3545
2025-06-27,5439,1725537,0,-17758,1707779,-15000,-2758
2025-06-30,5439,614800,410000,-43589,981211,3000,-46589
2025-07-01,5439,742696,430000,37577,1210273,46000,-8423
2025-07-02,5439,-1325225,30000,-48258,-1343483,-44646,-3612
2025-07-03,5439,1484479,80000,3764,1568243,5671,-1907
2025-07-04,5439,1205094,35000,-60720,1179374,-3409,-57311
2025-07-07,5439,29000,0,-107458,-78458,-113616,6158
2025-07-08,5439,1578808,50000,17799,1646607,23000,-5201
2025-07-09,5439,-178629,0,82984,-95645,84200,-1216
2025-07-10,5439,-1107839,0,56673,-1051166,59607,-2934
2025-07-11,5439,-935487,151000,-106469,-890956,-111249,4780
2025-07-14,5439,-231068,-77000,-50832,-358900,-55000,4168
2025-07-15,5439,-618500,0,6318,-612182,5937,381
2025-07-16,5439,-120983,0,985,-119998,-7000,7985
2025-07-17,5439,-668538,0,-17888,-686426,-13000,-4888
2025-07-18,5439,910000,14000,6688,930688,6505,183
2025-07-21,5439,-974950,250,52785,-921915,44000,8785
2025-07-22,5439,-1345011,-105000,-56805,-1506816,-38000,-18805
2025-07-23,5439,-1116000,-152000,-2812,-1270812,-4000,1188
2025-07-24,5439,4746900,-218000,85415,4614315,32000,53415
2025-07-25,5439,452081,-20000,30941,463022,14000,16941
2025-07-28,5439,-1073984,-13000,-5586,-1092570,55000,-60586
2025-07-29,5439,44000,535000,-39559,539441,-41000,1441
2025-07-30,5439,861000,380000,107962,1348962,109000,-1038
2025-07-31,5439,-507000,775000,6754,274754,12378,-5624
2025-08-01,5439,-102800,966000,2548,865748,2622,-74
2025-08-04,5439,-1164341,909000,-36979,-292320,-35449,-1530
2025-08-05,5439,-698900,-84000,17449,-765451,17330,119
2025-08-06,5439,-1369000,-138000,-32941,-1539941,-33000,59
2025-08-07,5439,185000,35000,12351,232351,9768,2583
2025-08-08,5439,412001,536000,124590,1072591,120000,4590
2025-08-11,5439,185000,376000,-94004,466996,-81098,-12906
2025-08-12,5439,299574,62000,-23372,338202,-18000,-5372
2025-08-13,5439,-782500,0,-85000,-867500,-88000,3000
2025-08-14,5439,-310000,-30000,2442,-337558,4000,-1558
2025-08-15,5439,761000,215000,-8872,967128,-7863,-1009
2025-08-18,5439,1039988,146000,39302,1225290,-1000,40302
2025-08-19,5439,563770,437000,-48942,951828,-6108,-42834
2025-08-20,5439,-1779000,654000,-5050,-1130050,-8000,2950
2025-08-21,5439,-2546850,459000,20241,-2067609,18000,2241
2025-08-22,5439,-666000,270000,-21392,-417392,-21000,-392
2025-08-25,5439,-1771950,16000,7455,-1748495,-5000,12455
2025-08-26,5439,-63661,406000,80064,422403,79000,1064
2025-08-27,5439,-1647930,47000,-18686,-1619616,-9000,-9686
2025-08-28,5439,-1316217,12000,35438,-1268779,18000,17438
2025-08-29,5439,2610439,478000,-80179,3008260,-81000,821
2025-09-01,5439,-558940,425000,-87418,-221358,-65000,-22418
2025-09-02,5439,-1168223,-14000,-13701,-1195924,-22000,8299
2025-09-03,5439,886000,-565000,24172,345172,-8000,32172
2025-09-04,5439,2370426,5000,978,2376404,2000,-1022
2025-09-05,5439,532034,542000,2816,1076850,9000,-6184
2025-09-08,5439,-3242015,-300000,42208,-3499807,35000,7208
2025-09-09,5439,229284,-296250,12845,-54121,14000,-1155
2025-09-10,5439,160020,0,-16069,143951,-11000,-5069
2025-09-11,5439,426880,0,-23056,403824,-22000,-1056
2025-09-12,5439,-250059,0,12114,-237945,23000,-10886
2025-09-15,5439,344010,-599000,11721,-243269,15000,-3279
2025-09-16,5439,-259140,-700000,15931,-943209,5000,10931
2025-09-17,5439,1059000,-1940000,47419,-833581,41000,6419
2025-09-18,5439,78246,-1809000,4620,-1726134,11000,-6380
2025-09-19,5439,607000,-421,20550,627129,16000,4550
2025-09-22,5439,-1250010,0,-18697,-1268707,-18000,-697
2025-09-23,5439,-1008189,-45000,15992,-1037197,16000,-8
2025-09-24,5439,-590000,50000,-1093,-541093,-1000,-93
2025-09-25,5439,33006,0,-9904,23102,0,-9904
2025-09-26,5439,106099,-46000,-2629,57470,0,-2629
2025-09-30,5439,942000,0,-39313,902687,-50000,10687
2025-10-01,5439,-432695,-42000,7164,-467531,-3000,10164
2025-10-02,5439,33000,-36000,1472,-1528,3000,-1528
2025-10-03,5439,1345900,-32000,1464,1315364,8000,-6536
2025-10-07,5439,-3167000,-454000,-6142,-3627142,-12000,5858
2025-10-08,5439,536020,-8000,-908,527112,9000,-9908
2025-10-09,5439,143000,-17000,9489,135489,-3000,12489
2025-10-13,5439,376030,0,-12519,363511,8000,-20519
2025-10-14,5439,76000,-308000,-38322,-270322,-25000,-13322
2025-10-15,5439,72963,-13250,-29279,30434,-37000,7721
2025-10-16,5439,-674000,-200000,9069,-864931,8000,1069
2025-10-17,5439,-321000,-544,5364,-316180,10178,-4814
2025-10-20,5439,165980,-600000,8881,-425139,3299,5582
2025-10-21,5439,77000,-180000,41018,-61982,34081,6937
2025-10-22,5439,-245000,0,3632,-241368,7403,-3771
2025-10-23,5439,536983,-44000,-45460,447523,-55232,9772
2025-10-27,5439,851000,-20000,3915,834915,-5000,8915
2025-10-28,5439,-327022,145000,2434,-179588,-6000,8434
2025-10-29,5439,-31770,25000,71466,64696,45933,25533
2025-10-30,5439,2133000,0,79296,2212296,52620,26676
2025-10-31,5439,4999478,21000,-6785,5013693,-59000,52215
2025-11-03,5439,1437139,96000,175802,1708941,65575,110227
2025-11-04,5439,1041145,152000,120942,1314087,-4835,125777
2025-11-05,5439,-442000,148300,-182952,-476652,-12646,-170306
2025-11-06,5439,-2269939,24000,-9658,-2255597,432,-10090
2025-11-07,5439,-1074000,104000,-46571,-1016571,-51000,4429
2025-11-10,5439,242105,42000,-4593,279512,-17612,13019
2025-11-11,5439,-1101380,22000,-65576,-1144956,-25657,-39919
2025-11-12,5439,-22375,84000,95080,156705,57439,37641
2025-11-13,5439,-149500,23000,44438,-82062,-8422,52860
2025-11-14,5439,-63665,152000,80276,168611,53892,26384
2025-11-17,5439,-328314,30000,21872,-276442,32374,-10502
2025-11-18,5439,-1672300,73000,-83595,-1682895,-15345,-68250
2025-11-19,5439,420000,73000,693,493693,-19000,19693
2025-11-20,5439,1634100,56500,45660,1736260,21000,24660
2025-11-21,5439,-1344000,55000,-102911,-1391911,-58000,-44911
2025-11-24,5439,174954,18000,13911,206865,1076,12835
2025-11-25,5439,1265800,0,91910,1357710,17290,74620
2025-11-26,5439,-94970,0,66031,-28939,52000,14031
2025-11-27,5439,2465800,0,-21817,2443983,-72000,50183
2025-11-28,5439,2003945,966000,66331,3036276,53335,12996
2025-12-01,5439,626200,400000,55673,1081873,56000,-327
2025-12-02,5439,-846521,820000,-23688,-50209,40000,-63688
2025-12-03,5439,-3591697,18000,-87876,-3661573,-106000,18124
2025-12-04,5439,-1157010,18000,13889,-1125121,2001,11888
2025-12-05,5439,-102000,0,56766,-45234,28999,27767
2025-12-08,5439,-2021927,-2000,-21483,-2045410,5000,-26483
2025-12-09,5439,958000,-1000,99443,1056443,7000,92443
2025-12-10,5439,-213000,-3000,-20604,-236604,-24000,3396
2025-12-11,5439,-1906901,-19200,-83508,-2009609,-22000,-61508
2025-12-12,5439,895350,759000,113041,1767391,4000,109041
2025-12-15,5439,-1390000,550000,1633,-838367,44000,-42367
2025-12-16,5439,-835000,32000,-56872,-859872,-11000,-45872
2025-12-17,5439,-511000,15000,14215,-481785,25000,-10785
2025-12-18,5439,-183900,1000,8377,-174523,476,7901
2025-12-19,5439,-577985,169000,-7537,-416522,-3103,-4434
2025-12-22,5439,-289995,30000,28226,-231769,-2000,30226
2025-12-23,5439,-440000,45000,147341,-247659,6182,141159
2025-12-24,5439,-256000,1000,-107113,-362113,-16021,-91092
2025-12-26,5439,-201000,-19000,-380,-220380,-6000,5620
2025-12-29,5439,221990,0,-38842,183148,-10000,-28842
2025-12-30,5439,-256010,-4000,9573,-250437,-2000,11573
2025-12-31,5439,-1305800,-43000,-2744,-1351544,-11000,8256
2026-01-02,5439,-930200,-8000,-24784,-962984,-5,-24779
2026-01-05,5439,110143,-9000,-20301,80842,-8000,-12301
2026-01-06,5439,329750,975650,226522,1531922,27052,199470
2026-01-07,5439,79500,299000,-153945,224555,-14000,-139945
2026-01-08,5439,278000,244000,-18822,503178,-4000,-14822
2026-01-09,5439,-384000,-10000,-4983,-398983,-13000,8017
2026-01-12,5439,1174512,-60000,98984,1213496,1000,97984
2026-01-13,5439,-416000,-29000,-104592,-549592,14000,-118592
2026-01-14,5439,-198372,210000,-3343,8285,-24000,20657
2026-01-15,5439,622013,0,-2999,619014,3031,-6030
2026-01-16,5439,-460965,-2000,-87937,-550902,-32000,-55937
2026-01-19,5439,-469987,-27000,-46681,-543668,2000,-48681
2026-01-20,5439,142000,-39000,1167,104167,-1000,2167
2026-01-21,5439,253200,9000,-17978,244222,0,-17978
2026-01-22,5439,565800,-13000,28024,580824,-8000,36024
2026-01-23,5439,-219000,-820,-34026,-253846,-57,-33969
2026-01-26,5439,1439123,-10000,183428,1612551,30982,152446
2026-01-27,5439,-28900,96000,-83101,-16001,3000,-86101
2026-01-28,5439,508970,125000,33558,667528,-47,33605
2026-01-29,5439,-443900,73430,-53075,-423545,2000,-55075
2026-01-30,5439,-71000,63000,-76261,-84261,-27354,-48907
2026-02-02,5439,-133306,-316000,-62664,-511970,5987,-68651
2026-02-03,5439,739827,123000,44688,907515,2419,42269
2026-02-04,5439,2081170,-270000,108466,1919636,-1468,109934
2026-02-05,5439,-83700,257150,-19270,154180,8123,-27393
2026-02-06,5439,-961813,92000,-65680,-935493,151,-65831
2026-02-09,5439,938700,0,121861,1060561,12000,109861
2026-02-10,5439,230000,-7000,-27392,195608,31138,-58530
2026-02-11,5439,810957,-18000,-51233,741724,-45938,-5295
2026-02-23,5439,-1511892,-12000,-116073,-1639965,-76191,-39882
2026-02-24,5439,-179000,5000,7971,-166029,-1259,9230
2026-02-25,5439,-134600,16000,-16375,-134975,5000,-21375
2026-02-26,5439,-303000,-2000,18697,-286303,11378,7319
2026-03-02,5439,-696418,0,-9893,-706311,61,-9954
2026-03-03,5439,-709800,-437950,-60379,-1208129,-8785,-51594
2026-03-04,5439,650010,-1401000,-61109,-812099,-12754,-48355
2026-03-05,5439,400000,-430000,38295,8295,-1000,39295
2026-03-06,5439,220300,-334000,20098,-93602,0,20098
2026-03-09,5439,-199000,-584000,-101175,-884175,-13000,-88175
2026-03-10,5439,2218090,-1663000,52504,607594,1093,51411
2026-03-11,5439,-462990,-85000,15144,-532846,24816,-9672
2026-03-12,5439,1000,-31000,-14604,-44604,-197,-14407
2026-03-13,5439,643125,-223000,50434,470559,-11950,62384
2026-03-16,5439,-15990,0,-17272,-33262,-51,-17221
2026-03-17,5439,-47000,60000,9800,22800,1000,8800
2026-03-18,5439,186000,-28000,4667,162667,-1000,5667
2026-03-19,5439,1406100,17333,142054,1565487,20000,122054
2026-03-20,5439,537368,8145,126972,672485,194,126778
2026-03-23,5439,-998200,-1000,-121606,-1120806,12000,-133606
2026-03-24,5439,113920,0,-28512,85408,29806,-58318
2026-03-25,5439,628000,0,80355,708355,30000,50355
2026-03-26,5439,1624835,-1500,150373,1773708,18000,132373
2026-03-27,5439,-393000,746000,69138,422138,74000,-4862
2026-03-30,5439,-588702,0,-34843,-623545,31000,-65843
2026-03-31,5439,-598180,0,-163884,-762064,-37000,-126884
2026-04-01,5439,-446000,710000,-52600,211400,-113000,60400
2026-04-02,5439,-512000,543000,-45520,-14520,16000,-61520
2026-04-07,5439,67000,-769000,34910,-667090,21000,13910
2026-04-08,5439,1495968,-554000,159832,1101800,9000,150832
2026-04-09,5439,1622044,646000,187278,2455322,27000,160278
2026-04-10,5439,133113,384000,105698,622811,11000,94698
2026-04-13,5439,2769852,964000,134208,3868060,-19000,153208
2026-04-14,5439,16498,2106000,-57409,2065089,17000,-74409
2026-04-15,5439,1873988,426000,259953,2559941,99000,160953
2026-04-16,5439,601350,59000,-184003,476347,-24000,-160003
2026-04-17,5439,479295,405931,-24145,861081,-38000,13855
2026-04-20,5439,631972,768000,95173,1495145,-31000,126173
2026-04-21,5439,-1782513,231500,-92575,-1643588,30000,-122575
2026-04-22,5439,-245125,34500,-144198,-354823,-24000,-120198
2026-04-23,5439,-1371742,-1107300,-345246,-2824288,-107000,-238246
2026-04-24,5439,1164948,-1355881,-16970,-207903,-14000,-2970
2026-04-27,5439,-1245725,995000,124065,-126660,54000,70065
2026-04-28,5439,-603830,1105000,149687,650857,7000,142687
2026-04-29,5439,-1173200,0,-92946,-1266146,4000,-96946
2026-04-30,5439,172000,-4000,-20683,147317,-6000,-14683
2026-05-04,5439,-440000,81500,31223,-327277,-2000,33223
2026-05-05,5439,158300,-50000,69469,177769,27000,42469
2026-05-06,5439,-613250,731000,-34186,83564,-22439,-11747
2026-05-07,5439,-566854,174000,63898,-328956,5000,58898
2026-05-08,5439,-1487486,0,-80754,-1568240,-69000,-11754
2026-05-11,5439,-6899,131000,30100,154201,-6519,36619
2026-05-12,5439,-264260,91000,-61838,-235098,-5000,-56838
2026-05-13,5439,-34587,0,-42099,-76686,-6000,-36099
2026-05-14,5439,3953622,498000,110892,4562514,-13000,123892
2026-05-15,5439,-1665098,254000,-89623,-1500721,12000,-101623
2026-05-18,5439,-251582,0,-8416,-259998,0,-8416
2026-05-19,5439,-84666,-20000,-36233,-140899,-20000,-16233
2026-05-20,5439,-346953,65000,-79558,-361511,6000,-85558
2026-05-21,5439,353386,-20000,79823,413209,0,79823
2026-05-22,5439,198470,0,46148,244618,2000,44148
2026-05-25,5439,218206,0,-28566,189640,0,-28566
2026-05-26,5439,122659,0,-2508,120151,7000,-9508
2026-05-27,5439,-668573,-16000,-22637,-707210,1000,-23637
2026-05-28,5439,-419884,0,-98833,-518717,-16000,-82833
2026-05-29,5439,403639,-22000,36199,417838,0,36199
2026-06-01,5439,-320812,0,15655,-305157,17000,-1345
2026-06-02,5439,-233420,50000,-17707,-201127,3000,-20707
2026-06-03,5439,-84836,50000,9168,-25668,0,9168
2026-06-04,5439,-390992,0,-15535,-406527,12000,-27535
2026-06-05,5439,51154,-500000,-19044,-467890,16000,-35044
2026-06-08,5439,105448,0,-31208,74240,-1000,-30208
2026-06-09,5439,132868,0,20030,152898,0,20030
2026-06-10,5439,319690,60000,4304,383994,5000,-696
2026-06-11,5439,-103431,-246000,-59414,-408845,2000,-61414
2026-06-12,5439,-746554,-1869000,-22560,-2638114,32245,-54805
2026-06-15,5439,1369383,-1051000,4195,322578,0,4195
2026-06-16,5439,636864,-1000000,-20885,-384021,-341,-20544
2026-06-17,5439,946832,-1000000,-1494,-54662,-245,-1249
2026-06-18,5439,234658,-640500,42634,-363208,38000,4634
2026-06-22,5439,-113490,0,2441,-111049,-1000,3441
2026-06-23,5439,-450679,0,-55545,-506224,-36000,-19545
2026-06-24,5439,-88888,0,20489,-68399,31000,-10511
2026-06-25,5439,-267708,0,8767,-258941,0,8767
2026-06-26,5439,-128678,0,-33240,-161918,11000,-44240
2026-06-29,5439,78413,0,-17679,60734,-18000,321
2026-06-30,5439,-132317,0,3125,-129192,-2000,5125
2026-07-01,5439,-685675,361,-3211,-688525,-18000,14789
2026-07-02,5439,507294,0,82371,589665,0,82371
2026-07-03,5439,212466,0,-14973,197493,0,-14973
2026-07-06,5439,98000,0,-5498,92502,0,-5498
2026-07-07,5439,-170371,0,-40412,-210783,0,-40412
2026-07-08,5439,-408176,0,-1358,-409534,0,-1358
2026-07-09,5439,-300500,0,-8386,-308886,0,-8386
2026-07-13,5439,-245045,-9000,-43795,-297840,0,-43795
2026-07-14,5439,-176790,0,-101559,-278349,-59000,-42559
2026-07-15,5439,-256000,-100,-290,-256390,-1000,710
2026-07-16,5439,-186347,61250,-14714,-139811,0,-14714
2026-07-17,5439,391121,180750,-48980,522891,3000,-51980
2026-07-20,5439,822471,-417698,-16443,388330,7000,-23443
2026-07-21,5439,83766,-246000,9803,-152431,2289,7514
2026-07-22,5439,-90686,-515000,5048,-600638,7711,-2663
2026-07-23,5439,-101079,-196000,-3631,-300710,0,-3631
2026-07-24,5439,-149999,-196000,-78067,-424066,-67000,-11067
2026-07-27,5439,653790,-651000,-7690,-4900,0,-7690
2026-07-28,5439,881517,-694000,-17281,170236,2000,-19281
2026-07-29,5439,704957,-577000,-59661,68296,-44000,-15661
2026-07-30,5439,-447231,-577000,28069,-996162,27554,515
2026-07-31,5439,-508267,-572556,-21046,-1101869,-35000,13954
2026-08-03,5439,-42301,-45000,12718,-74583,-554,13272
2026-08-04,5439,-175846,-108180,9824,-274202,0,9824
2026-08-05,5439,-461016,-100200,2091,-559125,0,2091
2026-08-06,5439,-574000,-1200,100063,-475137,28000,72063
2026-08-07,5439,67858,-10000,658,58516,5000,-4342
2026-08-10,5439,-692463,0,-14591,-707054,11000,-25591
2026-08-11,5439,241882,0,7901,249783,-6000,13901
2026-08-12,5439,116587,0,16040,132627,0,16040
2026-08-13,5439,-734045,0,-24224,-758269,3000,-27224
2026-08-14,5439,-828451,0,40851,-787600,8000,32851
2026-08-17,5439,5442,-300,-9758,-4616,2000,-11758
2026-08-18,5439,89041,0,30467,119508,11000,19467
2026-08-19,5439,-4665,0,-23390,-28055,-1000,-22390
2026-08-20,5439,-388342,0,33219,-355123,-6000,39219
2026-08-21,5439,-850099,0,20917,-829182,23000,-2083
2026-08-24,5439,163899,-132000,7173,39072,7000,173
2026-08-25,5439,-9845,0,-30936,-40781,5000,-35936
2026-08-26,5439,588603,0,99306,687909,4000,95306
2026-08-27,5439,-274700,0,80151,-194549,-10000,90151
2026-08-28,5439,-679251,-190000,68445,-800806,50000,18445
2026-08-31,5439,-1667543,-78000,318931,-1426612,328000,-9069
2026-09-01,5439,-245489,0,-16409,-261898,-37000,20591
2026-09-02,5439,-492994,0,-333404,-826398,-278000,-55404
2026-09-03,5439,93439,0,-43646,49793,-30000,-13646
2026-09-04,5439,-30063,0,-87732,-117795,5000,-92732
2026-09-07,5439,119251,0,39691,158942,0,39691
2026-09-08,5439,-166083,0,-62166,-228249,-25000,-37166
2026-09-09,5439,449067,0,29336,478403,16000,13336
2026-09-10,5439,-371263,0,-36502,-407765,0,-36502
2026-09-11,5439,361300,0,-31455,329845,1000,-32455
2026-09-14,5439,161136,0,-19617,141519,-20000,383
2026-09-15,5439,-317745,0,-14013,-331758,200,-14213
2026-09-16,5439,142236,0,29821,172057,-3000,32821
2026-09-17,5439,-377895,0,-21781,-399676,4800,-26581
2026-09-18,5439,332376,0,-28850,303526,-30000,1150
2026-09-21,5439,-128970,0,17546,-111424,0,17546
