date,stock_id,close,yield_pct,dividend_year,per,pbr,fs_quarter
2015-01-05,2302,,1.10,,56.69,0.90,
2015-01-06,2302,,1.16,,53.81,0.86,
2015-01-07,2302,,1.12,,55.94,0.89,
2015-01-08,2302,,1.15,,54.38,0.86,
2015-01-09,2302,,1.16,,53.88,0.86,
2015-01-12,2302,,1.20,,51.94,0.83,
2015-01-13,2302,,1.18,,53.06,0.84,
2015-01-14,2302,,1.20,,52.19,0.83,
2015-01-15,2302,,1.21,,51.56,0.82,
2015-01-16,2302,,1.24,,50.50,0.80,
2015-01-19,2302,,1.29,,48.63,0.77,
2015-01-20,2302,,1.20,,52.00,0.83,
2015-01-21,2302,,1.23,,50.88,0.81,
2015-01-22,2302,,1.21,,51.56,0.82,
2015-01-23,2302,,1.22,,51.25,0.82,
2015-01-26,2302,,1.24,,50.50,0.80,
2015-01-27,2302,,1.25,,49.88,0.79,
2015-01-28,2302,,1.27,,49.25,0.78,
2015-01-29,2302,,1.27,,49.06,0.78,
2015-01-30,2302,,1.28,,48.81,0.78,
2015-02-02,2302,,1.34,,46.63,0.74,
2015-02-03,2302,,1.34,,46.56,0.74,
2015-02-04,2302,,1.33,,46.88,0.75,
2015-02-05,2302,,1.29,,48.50,0.77,
2015-02-06,2302,,1.33,,47.13,0.75,
2015-02-09,2302,,1.33,,46.94,0.75,
2015-02-10,2302,,1.33,,46.88,0.75,
2015-02-11,2302,,1.33,,46.94,0.75,
2015-02-12,2302,,1.34,,46.63,0.74,
2015-02-13,2302,,1.32,,47.25,0.75,
2015-02-24,2302,,1.32,,47.25,0.75,
2015-02-25,2302,,1.34,,46.69,0.74,
2015-02-26,2302,,1.32,,47.25,0.75,
2015-03-02,2302,,1.33,,47.13,0.75,
2015-03-03,2302,,1.26,,49.50,0.79,
2015-03-04,2302,,1.29,,48.50,0.77,
2015-03-05,2302,,1.24,,50.31,0.80,
2015-03-06,2302,,1.22,,51.06,0.81,
2015-03-09,2302,,1.22,,51.19,0.81,
2015-03-10,2302,,1.26,,49.56,0.79,
2015-03-11,2302,,1.25,,49.94,0.79,
2015-03-12,2302,,1.25,,49.88,0.79,
2015-03-13,2302,,1.27,,49.38,0.79,
2015-03-16,2302,,1.27,,49.38,0.79,
2015-03-17,2302,,1.28,,49.00,0.78,
2015-03-18,2302,,1.30,,47.94,0.76,
2015-03-19,2302,,1.31,,47.69,0.76,
2015-03-20,2302,,1.31,,47.63,0.76,
2015-03-23,2302,,1.31,,47.69,0.76,
2015-03-24,2302,,1.31,,47.56,0.76,
2015-03-25,2302,,1.33,,46.88,0.75,
2015-03-26,2302,,1.34,,46.63,0.74,
2015-03-27,2302,,1.36,,45.81,0.73,
2015-03-30,2302,,1.36,,45.94,0.73,
2015-03-31,2302,,1.35,,46.44,0.68,
2015-04-01,2302,,1.26,,10.74,0.72,
2015-04-02,2302,,1.26,,10.74,0.72,
2015-04-07,2302,,1.28,,10.58,0.71,
2015-04-08,2302,,1.29,,10.45,0.70,
2015-04-09,2302,,1.30,,10.41,0.70,
2015-04-10,2302,,1.22,,11.12,0.75,
2015-04-13,2302,,1.14,,11.89,0.80,
2015-04-14,2302,,1.10,,12.27,0.83,
2015-04-15,2302,,1.13,,11.99,0.81,
2015-04-16,2302,,1.12,,12.07,0.81,
2015-04-17,2302,,1.10,,12.26,0.83,
2015-04-20,2302,,1.15,,11.74,0.79,
2015-04-21,2302,,1.16,,11.61,0.78,
2015-04-22,2302,,1.15,,11.78,0.79,
2015-04-23,2302,,1.15,,11.76,0.79,
2015-04-24,2302,,1.11,,12.16,0.82,
2015-04-27,2302,,7.26,,12.09,0.81,
2015-04-28,2302,,7.34,,11.96,0.81,
2015-04-29,2302,,7.45,,11.80,0.79,
2015-04-30,2302,,7.43,,11.82,0.80,
2015-05-04,2302,,7.51,,11.70,0.79,
2015-05-05,2302,,7.54,,11.65,0.78,
2015-05-06,2302,,7.45,,11.78,0.79,
2015-05-07,2302,,7.58,,11.58,0.78,
2015-05-08,2302,,7.58,,11.59,0.78,
2015-05-11,2302,,8.13,,10.81,0.73,
2015-05-12,2302,,8.04,,10.92,0.74,
2015-05-13,2302,,7.96,,11.04,0.74,
2015-05-14,2302,,7.84,,11.20,0.75,
2015-05-15,2302,,8.11,,10.82,0.74,
2015-05-18,2302,,8.46,,10.11,0.71,
2015-05-19,2302,,8.38,,10.21,0.72,
2015-05-20,2302,,8.35,,10.24,0.72,
2015-05-21,2302,,8.34,,10.25,0.72,
2015-05-22,2302,,8.26,,10.36,0.73,
2015-05-25,2302,,8.35,,10.24,0.72,
2015-05-26,2302,,8.39,,10.20,0.71,
2015-05-27,2302,,8.43,,10.14,0.71,
2015-05-28,2302,,8.41,,10.17,0.71,
2015-05-29,2302,,8.33,,10.26,0.72,
2015-06-01,2302,,8.30,,10.30,0.72,
2015-06-02,2302,,8.20,,10.43,0.73,
2015-06-03,2302,,8.32,,10.28,0.72,
2015-06-04,2302,,8.53,,10.03,0.70,
2015-06-05,2302,,8.67,,9.87,0.69,
2015-06-08,2302,,9.07,,9.43,0.66,
2015-06-09,2302,,9.85,,8.68,0.61,
2015-06-10,2302,,9.52,,8.99,0.63,
2015-06-11,2302,,9.66,,8.86,0.62,
2015-06-12,2302,,9.66,,8.86,0.62,
2015-06-15,2302,,9.66,,8.86,0.62,
2015-06-16,2302,,9.85,,8.68,0.61,
2015-06-17,2302,,9.72,,8.80,0.62,
2015-06-18,2302,,8.84,,9.67,0.68,
2015-06-22,2302,,8.16,,10.49,0.73,
2015-06-23,2302,,8.05,,10.62,0.74,
2015-06-24,2302,,8.11,,10.54,0.74,
2015-06-25,2302,,7.98,,10.72,0.75,
2015-06-26,2302,,7.88,,10.86,0.76,
2015-06-29,2302,,8.18,,10.46,0.73,
2015-06-30,2302,,8.35,,10.24,0.72,
2015-07-01,2302,,8.45,,10.12,0.71,
2015-07-02,2302,,8.39,,10.20,0.71,
2015-07-03,2302,,8.60,,9.95,0.70,
2015-07-06,2302,,8.90,,9.61,0.67,
2015-07-07,2302,,8.76,,9.76,0.68,
2015-07-08,2302,,9.07,,9.43,0.66,
2015-07-09,2302,,9.12,,9.38,0.66,
2015-07-13,2302,,9.09,,9.41,0.66,
2015-07-14,2302,,9.14,,9.36,0.66,
2015-07-15,2302,,9.26,,9.24,0.65,
2015-07-16,2302,,9.31,,9.18,0.64,
2015-07-17,2302,,9.22,,9.28,0.65,
2015-07-20,2302,,9.09,,9.41,0.66,
2015-07-21,2302,,8.97,,9.54,0.67,
2015-07-22,2302,,9.00,,9.50,0.67,
2015-07-23,2302,,9.00,,9.50,0.67,
2015-07-24,2302,,8.88,,9.63,0.67,
2015-07-27,2302,,8.99,,9.51,0.67,
2015-07-28,2302,,8.76,,9.76,0.68,
2015-07-29,2302,,7.97,,10.74,0.75,
2015-07-30,2302,,7.97,,10.74,0.75,
2015-07-31,2302,,8.23,,10.39,0.73,
2015-08-03,2302,,8.50,,10.07,0.71,
2015-08-04,2302,,8.77,,9.75,0.68,
2015-08-05,2302,,8.71,,9.82,0.69,
2015-08-06,2302,,9.09,,9.41,0.66,
2015-08-07,2302,,9.29,,9.21,0.65,
2015-08-10,2302,,9.18,,9.32,0.65,
2015-08-11,2302,,9.03,,9.47,0.66,
2015-08-12,2302,,9.10,,9.39,0.66,
2015-08-13,2302,,9.56,,8.95,0.63,
2015-08-14,2302,,9.42,,9.08,0.66,
2015-08-17,2302,,9.42,,8.63,0.66,
2015-08-18,2302,,9.43,,8.61,0.66,
2015-08-19,2302,,9.43,,8.61,0.66,
2015-08-20,2302,,9.41,,8.64,0.66,
2015-08-21,2302,,9.80,,8.29,0.63,
2015-08-24,2302,,10.87,,7.48,0.57,
2015-08-25,2302,,10.87,,7.48,0.57,
2015-08-26,2302,,10.83,,7.50,0.57,
2015-08-27,2302,,10.66,,7.63,0.58,
2015-08-28,2302,,10.57,,7.69,0.59,
2015-08-31,2302,,10.67,,7.61,0.58,
2015-09-01,2302,,10.67,,7.61,0.58,
2015-09-02,2302,,10.76,,7.55,0.58,
2015-09-03,2302,,10.48,,7.75,0.59,
2015-09-04,2302,,10.48,,7.75,0.59,
2015-09-07,2302,,10.67,,7.61,0.58,
2015-09-08,2302,,10.59,,7.68,0.59,
2015-09-09,2302,,10.47,,7.76,0.59,
2015-09-10,2302,,10.47,,7.76,0.59,
2015-09-11,2302,,10.55,,7.70,0.59,
2015-09-14,2302,,10.55,,7.70,0.59,
2015-09-15,2302,,10.52,,7.73,0.59,
2015-09-16,2302,,9.57,,8.49,0.65,
2015-09-17,2302,,9.56,,8.50,0.65,
2015-09-18,2302,,9.73,,8.35,0.64,
2015-09-21,2302,,9.92,,8.19,0.63,
2015-09-22,2302,,9.97,,8.15,0.62,
2015-09-23,2302,,10.12,,8.03,0.61,
2015-09-24,2302,,10.50,,7.74,0.59,
2015-09-25,2302,,10.08,,8.06,0.62,
2015-09-30,2302,,10.16,,8.00,0.61,
2015-10-01,2302,,10.05,,8.09,0.62,
2015-10-02,2302,,10.00,,8.13,0.62,
2015-10-05,2302,,9.64,,8.43,0.64,
2015-10-06,2302,,9.76,,8.33,0.64,
2015-10-07,2302,,9.72,,8.36,0.64,
2015-10-08,2302,,9.72,,8.36,0.64,
2015-10-12,2302,,9.86,,8.24,0.63,
2015-10-13,2302,,10.14,,8.01,0.61,
2015-10-14,2302,,10.14,,8.01,0.61,
2015-10-15,2302,,10.00,,8.13,0.62,
2015-10-16,2302,,10.16,,8.00,0.61,
2015-10-19,2302,,10.19,,7.98,0.61,
2015-10-20,2302,,10.28,,7.90,0.60,
2015-10-21,2302,,10.17,,7.99,0.61,
2015-10-22,2302,,10.19,,7.98,0.61,
2015-10-23,2302,,10.19,,7.98,0.61,
2015-10-26,2302,,9.69,,8.39,0.64,
2015-10-27,2302,,9.83,,8.26,0.63,
2015-10-28,2302,,9.86,,8.24,0.63,
2015-10-29,2302,,9.59,,8.48,0.65,
2015-10-30,2302,,9.89,,8.21,0.63,
2015-11-02,2302,,10.00,,8.13,0.62,
2015-11-03,2302,,9.98,,8.14,0.62,
2015-11-04,2302,,9.92,,8.19,0.63,
2015-11-05,2302,,9.89,,7.92,0.63,
2015-11-06,2302,,10.00,,7.83,0.63,
2015-11-09,2302,,10.00,,7.83,0.63,
2015-11-10,2302,,10.11,,7.75,0.62,
2015-11-11,2302,,10.08,,7.77,0.62,
2015-11-12,2302,,10.16,,7.71,0.62,
2015-11-13,2302,,10.19,,7.69,0.61,
2015-11-16,2302,,10.27,,7.63,0.61,
2015-11-17,2302,,10.05,,7.80,0.62,
2015-11-18,2302,,10.16,,7.71,0.62,
2015-11-19,2302,,9.85,,7.95,0.64,
2015-11-20,2302,,10.05,,7.80,0.62,
2015-11-23,2302,,10.06,,7.78,0.62,
2015-11-24,2302,,10.08,,7.77,0.62,
2015-11-25,2302,,10.12,,7.73,0.62,
2015-11-26,2302,,10.09,,7.76,0.62,
2015-11-27,2302,,10.16,,7.71,0.62,
2015-11-30,2302,,10.55,,7.42,0.59,
2015-12-01,2302,,10.48,,7.47,0.60,
2015-12-02,2302,,10.59,,7.40,0.59,
2015-12-03,2302,,10.57,,7.41,0.59,
2015-12-04,2302,,10.57,,7.41,0.59,
2015-12-07,2302,,10.53,,7.43,0.59,
2015-12-08,2302,,10.60,,7.39,0.59,
2015-12-09,2302,,10.71,,7.31,0.58,
2015-12-10,2302,,10.73,,7.30,0.58,
2015-12-11,2302,,11.02,,7.11,0.57,
2015-12-14,2302,,11.40,,6.87,0.55,
2015-12-15,2302,,11.25,,6.96,0.56,
2015-12-16,2302,,11.11,,7.05,0.56,
2015-12-17,2302,,10.83,,7.23,0.58,
2015-12-18,2302,,10.74,,7.29,0.58,
2015-12-21,2302,,10.53,,7.43,0.59,
2015-12-22,2302,,10.62,,7.37,0.59,
2015-12-23,2302,,10.60,,7.39,0.59,
2015-12-24,2302,,10.60,,7.39,0.59,
2015-12-25,2302,,10.40,,7.53,0.60,
2015-12-28,2302,,10.55,,7.42,0.59,
2015-12-29,2302,,10.55,,7.42,0.59,
2015-12-30,2302,,10.69,,7.33,0.59,
2015-12-31,2302,,10.69,,7.33,0.59,
2016-01-04,2302,,10.82,,7.24,0.58,
2016-01-05,2302,,10.82,,7.24,0.58,
2016-01-06,2302,,11.15,,7.02,0.56,
2016-01-07,2302,,11.27,,6.95,0.56,
2016-01-08,2302,,11.21,,6.99,0.56,
2016-01-11,2302,,11.44,,6.84,0.55,
2016-01-12,2302,,11.50,,6.81,0.54,
2016-01-13,2302,,11.50,,6.81,0.54,
2016-01-14,2302,,11.61,,6.75,0.54,
2016-01-15,2302,,11.71,,6.69,0.53,
2016-01-18,2302,,11.55,,6.78,0.54,
2016-01-19,2302,,11.55,,6.78,0.54,
2016-01-20,2302,,11.82,,6.63,0.53,
2016-01-21,2302,,11.97,,6.54,0.52,
2016-01-22,2302,,12.15,,6.45,0.52,
2016-01-25,2302,,12.06,,6.49,0.52,
2016-01-26,2302,,12.13,,6.46,0.52,
2016-01-27,2302,,11.75,,6.66,0.53,
2016-01-28,2302,,11.23,,6.98,0.56,
2016-01-29,2302,,11.05,,7.08,0.57,
2016-01-30,2302,,11.04,,7.10,0.57,
2016-02-01,2302,,11.11,,7.05,0.56,
2016-02-02,2302,,11.11,,7.05,0.56,
2016-02-03,2302,,11.32,,6.92,0.55,
2016-02-15,2302,,11.48,,6.82,0.55,
2016-02-16,2302,,11.21,,6.99,0.56,
2016-02-17,2302,,11.19,,7.00,0.56,
2016-02-18,2302,,11.13,,7.04,0.56,
2016-02-19,2302,,11.28,,6.94,0.55,
2016-02-22,2302,,11.40,,6.87,0.55,
2016-02-23,2302,,11.25,,6.96,0.56,
2016-02-24,2302,,11.36,,6.89,0.55,
2016-02-25,2302,,11.30,,6.93,0.55,
2016-02-26,2302,,11.34,,6.90,0.55,
2016-03-01,2302,,11.34,,6.90,0.55,
2016-03-02,2302,,11.23,,6.98,0.56,
2016-03-03,2302,,11.11,,7.05,0.56,
2016-03-04,2302,,10.20,,7.67,0.61,
2016-03-07,2302,,10.52,,7.45,0.60,
2016-03-08,2302,,10.55,,7.42,0.59,
2016-03-09,2302,,10.66,,7.35,0.59,
2016-03-10,2302,,10.60,,7.39,0.59,
2016-03-11,2302,,10.53,,7.43,0.59,
2016-03-14,2302,,10.57,,205.00,0.60,
2016-03-15,2302,,11.02,,196.67,0.57,
2016-03-16,2302,,10.83,,200.00,0.58,
2016-03-17,2302,,10.94,,198.00,0.58,
2016-03-18,2302,,10.92,,198.33,0.58,
2016-03-21,2302,,10.83,,200.00,0.58,
2016-03-22,2302,,10.73,,202.00,0.59,
2016-03-23,2302,,10.83,,200.00,0.58,
2016-03-24,2302,,10.66,,203.33,0.59,
2016-03-25,2302,,10.59,,204.67,0.59,
2016-03-28,2302,,10.57,,205.00,0.60,
2016-03-29,2302,,10.73,,202.00,0.59,
2016-03-30,2302,,10.64,,203.67,0.59,
2016-03-31,2302,,0.33,,203.00,0.59,
2016-04-01,2302,,0.33,,203.33,0.59,
2016-04-06,2302,,0.33,,203.00,0.59,
2016-04-07,2302,,0.33,,202.33,0.59,
2016-04-08,2302,,0.33,,202.33,0.59,
2016-04-11,2302,,0.33,,204.00,0.59,
2016-04-12,2302,,0.32,,205.33,0.60,
2016-04-13,2302,,0.32,,205.33,0.60,
2016-04-14,2302,,0.32,,206.67,0.60,
2016-04-15,2302,,0.32,,205.33,0.60,
2016-04-18,2302,,0.33,,202.33,0.59,
2016-04-19,2302,,0.33,,201.33,0.58,
2016-04-20,2302,,0.33,,200.00,0.58,
2016-04-21,2302,,0.33,,199.33,0.58,
2016-04-22,2302,,0.34,,197.33,0.57,
2016-04-25,2302,,0.34,,198.00,0.58,
2016-04-26,2302,,0.34,,198.33,0.58,
2016-04-27,2302,,0.34,,196.67,0.57,
2016-04-28,2302,,0.34,,193.33,0.56,
2016-04-29,2302,,0.35,,188.33,0.55,
2016-05-03,2302,,0.35,,188.33,0.55,
2016-05-04,2302,,0.36,,185.00,0.54,
2016-05-05,2302,,0.36,,187.00,0.54,
2016-05-06,2302,,0.36,,187.00,0.54,
2016-05-09,2302,,0.36,,185.67,0.54,
2016-05-10,2302,,0.36,,186.67,0.54,
2016-05-11,2302,,0.36,,187.67,0.55,
2016-05-12,2302,,0.36,,186.00,0.54,
2016-05-13,2302,,0.36,,30.50,0.53,
2016-05-16,2302,,0.37,,30.39,0.53,
2016-05-17,2302,,0.36,,31.28,0.55,
2016-05-18,2302,,0.36,,31.06,0.54,
2016-05-19,2302,,0.36,,30.78,0.54,
2016-05-20,2302,,0.35,,31.83,0.55,
2016-05-23,2302,,0.34,,32.56,0.57,
2016-05-24,2302,,0.34,,32.78,0.57,
2016-05-25,2302,,0.34,,32.67,0.57,
2016-05-26,2302,,0.34,,32.22,0.56,
2016-05-27,2302,,0.34,,32.28,0.56,
2016-05-30,2302,,0.34,,32.22,0.56,
2016-05-31,2302,,0.34,,32.44,0.57,
2016-06-01,2302,,0.34,,32.39,0.56,
2016-06-02,2302,,0.35,,31.94,0.56,
2016-06-03,2302,,0.35,,31.94,0.56,
2016-06-04,2302,,0.35,,31.94,0.56,
2016-06-06,2302,,0.35,,32.00,0.56,
2016-06-07,2302,,0.34,,32.33,0.56,
2016-06-08,2302,,0.34,,32.72,0.57,
2016-06-13,2302,,0.34,,32.33,0.56,
2016-06-14,2302,,0.34,,32.61,0.57,
2016-06-15,2302,,0.34,,32.67,0.57,
2016-06-16,2302,,0.34,,32.50,0.57,
2016-06-17,2302,,0.34,,32.33,0.56,
2016-06-20,2302,,0.34,,32.44,0.57,
2016-06-21,2302,,0.34,,32.44,0.57,
2016-06-22,2302,,0.34,,32.56,0.57,
2016-06-23,2302,,0.34,,32.22,0.56,
2016-06-24,2302,,0.35,,31.39,0.55,
2016-06-27,2302,,0.35,,31.50,0.55,
2016-06-28,2302,,0.35,,31.61,0.55,
2016-06-29,2302,,0.35,,31.89,0.56,
2016-06-30,2302,,0.35,,32.00,0.56,
2016-07-01,2302,,0.34,,32.22,0.56,
2016-07-04,2302,,0.34,,32.28,0.56,
2016-07-05,2302,,0.34,,32.61,0.57,
2016-07-06,2302,,0.34,,32.33,0.56,
2016-07-07,2302,,0.34,,32.50,0.57,
2016-07-11,2302,,0.34,,32.50,0.57,
2016-07-12,2302,,0.34,,32.28,0.56,
2016-07-13,2302,,0.34,,32.56,0.57,
2016-07-14,2302,,0.34,,32.39,0.56,
2016-07-15,2302,,0.34,,32.33,0.56,
2016-07-18,2302,,0.34,,32.39,0.56,
2016-07-19,2302,,0.34,,32.39,0.56,
2016-07-20,2302,,0.34,,33.17,0.58,
2016-07-21,2302,,0.32,,34.39,0.60,
2016-07-22,2302,,0.33,,34.06,0.59,
2016-07-25,2302,,0.34,,32.72,0.57,
2016-07-26,2302,,0.32,,34.39,0.60,
2016-07-27,2302,,0.32,,34.56,0.60,
2016-07-28,2302,,0.32,,34.50,0.60,
2016-07-29,2302,,0.32,,34.44,0.60,
2016-08-01,2302,,0.33,,33.89,0.59,
2016-08-02,2302,,0.32,,34.28,0.60,
2016-08-03,2302,,0.32,,35.06,0.61,
2016-08-04,2302,,0.31,,36.11,0.63,
2016-08-05,2302,,0.31,,35.83,0.62,
2016-08-08,2302,,0.31,,36.22,0.63,
2016-08-09,2302,,0.31,,35.72,0.62,
2016-08-10,2302,,0.31,,35.72,0.62,
2016-08-11,2302,,0.31,,35.89,0.63,
2016-08-12,2302,,0.31,,26.71,0.63,
2016-08-15,2302,,0.31,,26.63,0.62,
2016-08-16,2302,,0.31,,26.63,0.62,
2016-08-17,2302,,0.32,,26.25,0.62,
2016-08-18,2302,,0.32,,26.38,0.62,
2016-08-19,2302,,0.32,,26.42,0.62,
2016-08-22,2302,,0.32,,25.88,0.61,
2016-08-23,2302,,0.31,,26.54,0.62,
2016-08-24,2302,,0.31,,26.46,0.62,
2016-08-25,2302,,0.32,,26.33,0.62,
2016-08-26,2302,,0.32,,26.33,0.62,
2016-08-29,2302,,0.32,,26.33,0.62,
2016-08-30,2302,,0.32,,26.00,0.61,
2016-08-31,2302,,0.32,,26.04,0.61,
2016-09-01,2302,,0.32,,25.92,0.61,
2016-09-02,2302,,0.32,,25.67,0.60,
2016-09-05,2302,,0.32,,25.67,0.60,
2016-09-06,2302,,0.32,,25.71,0.60,
2016-09-07,2302,,0.32,,25.83,0.61,
2016-09-08,2302,,0.32,,26.13,0.61,
2016-09-09,2302,,0.32,,26.17,0.61,
2016-09-10,2302,,0.32,,25.96,0.61,
2016-09-12,2302,,0.33,,25.58,0.60,
2016-09-13,2302,,0.33,,25.54,0.60,
2016-09-14,2302,,0.33,,25.25,0.59,
2016-09-19,2302,,0.33,,25.42,0.60,
2016-09-20,2302,,0.33,,25.08,0.59,
2016-09-21,2302,,0.32,,25.88,0.61,
2016-09-22,2302,,0.33,,25.50,0.60,
2016-09-23,2302,,0.33,,25.54,0.60,
2016-09-26,2302,,0.32,,25.71,0.60,
2016-09-29,2302,,0.32,,25.75,0.60,
2016-09-30,2302,,0.32,,26.25,0.62,
2016-10-03,2302,,0.32,,26.33,0.62,
2016-10-04,2302,,0.32,,26.04,0.61,
2016-10-05,2302,,0.32,,26.25,0.62,
2016-10-06,2302,,0.30,,28.13,0.66,
2016-10-07,2302,,0.28,,29.58,0.69,
2016-10-11,2302,,0.29,,28.42,0.67,
2016-10-12,2302,,0.30,,27.71,0.65,
2016-10-13,2302,,0.31,,26.67,0.63,
2016-10-14,2302,,0.32,,26.25,0.62,
2016-10-17,2302,,0.32,,26.04,0.61,
2016-10-18,2302,,0.32,,26.21,0.61,
2016-10-19,2302,,0.32,,26.17,0.61,
2016-10-20,2302,,0.31,,27.13,0.64,
2016-10-21,2302,,0.32,,26.25,0.62,
2016-10-24,2302,,0.29,,28.88,0.68,
2016-10-25,2302,,0.29,,28.42,0.67,
2016-10-26,2302,,0.29,,28.88,0.68,
2016-10-27,2302,,0.29,,28.96,0.68,
2016-10-28,2302,,0.29,,28.29,0.66,
2016-10-31,2302,,0.29,,28.29,0.66,
2016-11-01,2302,,0.30,,27.63,0.65,
2016-11-02,2302,,0.31,,27.08,0.63,
2016-11-03,2302,,0.31,,26.96,0.63,
2016-11-04,2302,,0.31,,26.88,0.63,
2016-11-07,2302,,0.31,,27.29,0.64,
2016-11-08,2302,,0.31,,27.17,0.64,
2016-11-09,2302,,0.32,,26.04,0.61,
2016-11-10,2302,,0.31,,26.75,0.63,
2016-11-11,2302,,0.32,,26.42,0.62,
2016-11-14,2302,,0.31,,57.82,0.63,
2016-11-15,2302,,0.31,,57.73,0.63,
2016-11-16,2302,,0.32,,57.64,0.63,
2016-11-17,2302,,0.32,,56.64,0.62,
2016-11-18,2302,,0.32,,57.09,0.62,
2016-11-21,2302,,0.31,,57.82,0.63,
2016-11-22,2302,,0.31,,59.27,0.65,
2016-11-23,2302,,0.31,,59.27,0.65,
2016-11-24,2302,,0.31,,58.18,0.63,
2016-11-25,2302,,0.32,,57.18,0.62,
2016-11-28,2302,,0.32,,57.36,0.63,
2016-11-29,2302,,0.31,,58.00,0.63,
2016-11-30,2302,,0.31,,58.36,0.64,
2016-12-01,2302,,0.31,,58.55,0.64,
2016-12-02,2302,,0.31,,58.09,0.63,
2016-12-05,2302,,0.32,,57.36,0.63,
2016-12-06,2302,,0.31,,58.09,0.63,
2016-12-07,2302,,0.32,,57.36,0.63,
2016-12-08,2302,,0.32,,57.55,0.63,
2016-12-09,2302,,0.32,,57.27,0.62,
2016-12-12,2302,,0.32,,57.00,0.62,
2016-12-13,2302,,0.32,,57.00,0.62,
2016-12-14,2302,,0.32,,56.82,0.62,
2016-12-15,2302,,0.32,,56.82,0.62,
2016-12-16,2302,,0.31,,58.82,0.64,
2016-12-19,2302,,0.31,,58.55,0.64,
2016-12-20,2302,,0.31,,58.45,0.64,
2016-12-21,2302,,0.31,,58.00,0.63,
2016-12-22,2302,,0.32,,57.27,0.62,
2016-12-23,2302,,0.32,,57.36,0.63,
2016-12-26,2302,,0.32,,57.36,0.63,
2016-12-27,2302,,0.32,,57.27,0.62,
2016-12-28,2302,,0.31,,58.36,0.64,
2016-12-29,2302,,0.31,,58.27,0.64,
2016-12-30,2302,,0.31,,58.18,0.63,
2017-01-03,2302,,0.31,,59.55,0.65,
2017-01-04,2302,,0.31,,59.09,0.64,
2017-01-05,2302,,0.31,,58.82,0.64,
2017-01-06,2302,,0.31,,59.45,0.65,
2017-01-09,2302,,0.31,,58.55,0.64,
2017-01-10,2302,,0.31,,58.18,0.63,
2017-01-11,2302,,0.31,,58.91,0.64,
2017-01-12,2302,,0.31,,58.73,0.64,
2017-01-13,2302,,0.31,,58.91,0.64,
2017-01-16,2302,,0.31,,59.00,0.64,
2017-01-17,2302,,0.30,,61.36,0.67,
2017-01-18,2302,,0.30,,60.45,0.66,
2017-01-19,2302,,0.30,,60.45,0.66,
2017-01-20,2302,,0.30,,60.45,0.66,
2017-01-23,2302,,0.31,,59.27,0.65,
2017-01-24,2302,,0.30,,59.64,0.65,
2017-02-02,2302,,0.31,,59.09,0.64,
2017-02-03,2302,,0.30,,60.00,0.65,
2017-02-06,2302,,0.30,,60.00,0.65,
2017-02-07,2302,,0.29,,61.64,0.67,
2017-02-08,2302,,0.29,,61.64,0.67,
2017-02-09,2302,,0.30,,60.64,0.66,
2017-02-10,2302,,0.29,,62.18,0.68,
2017-02-13,2302,,0.30,,61.36,0.67,
2017-02-14,2302,,0.30,,60.55,0.66,
2017-02-15,2302,,0.30,,61.45,0.67,
2017-02-16,2302,,0.30,,61.18,0.67,
2017-02-17,2302,,0.29,,63.64,0.69,
2017-02-18,2302,,0.29,,62.82,0.68,
2017-02-20,2302,,0.29,,62.27,0.68,
2017-02-21,2302,,0.29,,61.91,0.67,
2017-02-22,2302,,0.29,,62.36,0.68,
2017-02-23,2302,,0.29,,61.91,0.67,
2017-02-24,2302,,0.29,,61.91,0.67,
2017-03-01,2302,,0.29,,62.55,0.68,
2017-03-02,2302,,0.29,,62.00,0.68,
2017-03-03,2302,,0.30,,61.27,0.67,
2017-03-06,2302,,0.30,,61.18,0.67,
2017-03-07,2302,,0.29,,61.82,0.67,
2017-03-08,2302,,0.29,,63.27,0.69,
2017-03-09,2302,,0.29,,61.82,0.67,
2017-03-10,2302,,0.29,,61.64,0.67,
2017-03-13,2302,,0.30,,60.91,0.66,
2017-03-14,2302,,0.30,,60.55,0.66,
2017-03-15,2302,,0.30,,60.73,0.66,
2017-03-16,2302,,0.30,,60.82,0.66,
2017-03-17,2302,,0.30,,60.73,0.66,
2017-03-20,2302,,0.30,,60.64,0.66,
2017-03-21,2302,,0.30,,60.64,0.66,
2017-03-22,2302,,0.30,,60.00,0.65,
2017-03-23,2302,,0.30,,60.55,0.66,
2017-03-24,2302,,0.30,,60.27,0.66,
2017-03-27,2302,,0.31,,59.09,0.64,
2017-03-28,2302,,0.31,,58.36,0.64,
2017-03-29,2302,,0.31,,59.55,0.65,
2017-03-30,2302,,0.31,,59.55,0.65,
2017-03-31,2302,,0.00,,82.00,0.65,
2017-04-05,2302,,0.00,,80.88,0.64,
2017-04-06,2302,,0.00,,81.13,0.64,
2017-04-07,2302,,0.00,,81.00,0.64,
2017-04-10,2302,,0.00,,81.00,0.64,
2017-04-11,2302,,0.00,,79.25,0.63,
2017-04-12,2302,,0.00,,78.63,0.62,
2017-04-13,2302,6.30,0.00,105,78.75,0.62,105/4
2017-04-14,2302,6.25,0.00,105,78.13,0.62,105/4
2017-04-17,2302,6.18,0.00,105,77.25,0.61,105/4
2017-04-18,2302,6.17,0.00,105,77.13,0.61,105/4
2017-04-19,2302,6.08,0.00,105,76.00,0.60,105/4
2017-04-20,2302,6.10,0.00,105,76.25,0.60,105/4
2017-04-21,2302,6.03,0.00,105,75.38,0.60,105/4
2017-04-24,2302,5.95,0.00,105,74.38,0.59,105/4
2017-04-25,2302,6.05,0.00,105,75.63,0.60,105/4
2017-04-26,2302,6.07,0.00,105,75.88,0.60,105/4
2017-04-27,2302,6.07,0.00,105,75.88,0.60,105/4
2017-04-28,2302,6.13,0.00,105,76.63,0.61,105/4
2017-05-02,2302,6.11,0.00,105,76.38,0.60,105/4
2017-05-03,2302,6.10,0.00,105,76.25,0.60,105/4
2017-05-04,2302,6.13,0.00,105,76.63,0.61,105/4
2017-05-05,2302,6.14,0.00,105,76.75,0.61,105/4
2017-05-08,2302,6.08,0.00,105,76.00,0.60,105/4
2017-05-09,2302,6.00,0.00,105,75.00,0.59,105/4
2017-05-10,2302,6.03,0.00,105,75.38,0.60,105/4
2017-05-11,2302,6.00,0.00,105,75.00,0.59,105/4
2017-05-12,2302,5.99,0.00,105,74.88,0.59,105/4
2017-05-15,2302,6.05,0.00,105,,0.62,106/1
2017-05-16,2302,6.00,0.00,105,,0.62,106/1
2017-05-17,2302,6.03,0.00,105,,0.62,106/1
2017-05-18,2302,5.98,0.00,105,,0.62,106/1
2017-05-19,2302,5.98,0.00,105,,0.62,106/1
2017-05-22,2302,5.93,0.00,105,,0.61,106/1
2017-05-23,2302,5.89,0.00,105,,0.61,106/1
2017-05-24,2302,5.83,0.00,105,,0.60,106/1
2017-05-25,2302,5.89,0.00,105,,0.61,106/1
2017-05-26,2302,5.89,0.00,105,,0.61,106/1
2017-05-31,2302,5.81,0.00,105,,0.60,106/1
2017-06-01,2302,5.82,0.00,105,,0.60,106/1
2017-06-02,2302,5.88,0.00,105,,0.61,106/1
2017-06-03,2302,5.92,0.00,105,,0.61,106/1
2017-06-05,2302,5.92,0.00,105,,0.61,106/1
2017-06-06,2302,5.94,0.00,105,,0.61,106/1
2017-06-07,2302,5.87,0.00,105,,0.61,106/1
2017-06-08,2302,5.84,0.00,105,,0.60,106/1
2017-06-09,2302,5.83,0.00,105,,0.60,106/1
2017-06-12,2302,5.72,0.00,105,,0.59,106/1
2017-06-13,2302,5.72,0.00,105,,0.59,106/1
2017-06-14,2302,5.61,0.00,105,,0.58,106/1
2017-06-15,2302,5.55,0.00,105,,0.57,106/1
2017-06-16,2302,5.59,0.00,105,,0.58,106/1
2017-06-19,2302,5.56,0.00,105,,0.57,106/1
2017-06-20,2302,5.56,0.00,105,,0.57,106/1
2017-06-21,2302,5.58,0.00,105,,0.58,106/1
2017-06-22,2302,5.59,0.00,105,,0.58,106/1
2017-06-23,2302,5.64,0.00,105,,0.58,106/1
2017-06-26,2302,5.70,0.00,105,,0.59,106/1
2017-06-27,2302,5.78,0.00,105,,0.60,106/1
2017-06-28,2302,5.83,0.00,105,,0.60,106/1
2017-06-29,2302,5.74,0.00,105,,0.59,106/1
2017-06-30,2302,5.70,0.00,105,,0.59,106/1
2017-07-03,2302,5.70,0.00,105,,0.59,106/1
2017-07-04,2302,5.72,0.00,105,,0.59,106/1
2017-07-05,2302,5.70,0.00,105,,0.59,106/1
2017-07-06,2302,5.66,0.00,105,,0.58,106/1
2017-07-07,2302,5.60,0.00,105,,0.58,106/1
2017-07-10,2302,5.53,0.00,105,,0.57,106/1
2017-07-11,2302,5.55,0.00,105,,0.57,106/1
2017-07-12,2302,5.57,0.00,105,,0.57,106/1
2017-07-13,2302,5.57,0.00,105,,0.57,106/1
2017-07-14,2302,5.57,0.00,105,,0.57,106/1
2017-07-17,2302,5.52,0.00,105,,0.57,106/1
2017-07-18,2302,5.57,0.00,105,,0.57,106/1
2017-07-19,2302,5.58,0.00,105,,0.58,106/1
2017-07-20,2302,5.55,0.00,105,,0.57,106/1
2017-07-21,2302,5.53,0.00,105,,0.57,106/1
2017-07-24,2302,5.53,0.00,105,,0.57,106/1
2017-07-25,2302,5.53,0.00,105,,0.57,106/1
2017-07-26,2302,5.54,0.00,105,,0.57,106/1
2017-07-27,2302,5.53,0.00,105,,0.57,106/1
2017-07-28,2302,5.52,0.00,105,,0.57,106/1
2017-07-31,2302,5.48,0.00,105,,0.57,106/1
2017-08-01,2302,5.55,0.00,105,,0.57,106/1
2017-08-02,2302,5.65,0.00,105,,0.58,106/1
2017-08-03,2302,5.57,0.00,105,,0.57,106/1
2017-08-04,2302,5.51,0.00,105,,0.57,106/1
2017-08-07,2302,5.52,0.00,105,,0.57,106/1
2017-08-08,2302,5.57,0.00,105,,0.57,106/1
2017-08-09,2302,5.53,0.00,105,,0.57,106/1
2017-08-10,2302,5.45,0.00,105,,0.56,106/1
2017-08-11,2302,5.45,0.00,105,,0.56,106/2
2017-08-14,2302,5.37,0.00,105,,0.55,106/2
2017-08-15,2302,5.25,0.00,105,,0.54,106/2
2017-08-16,2302,5.25,0.00,105,,0.54,106/2
2017-08-17,2302,5.30,0.00,105,,0.55,106/2
2017-08-18,2302,5.27,0.00,105,,0.54,106/2
2017-08-21,2302,5.27,0.00,105,,0.54,106/2
2017-08-22,2302,5.31,0.00,105,,0.55,106/2
2017-08-23,2302,5.32,0.00,105,,0.55,106/2
2017-08-24,2302,5.47,0.00,105,,0.56,106/2
2017-08-25,2302,5.43,0.00,105,,0.56,106/2
2017-08-28,2302,5.42,0.00,105,,0.56,106/2
2017-08-29,2302,5.43,0.00,105,,0.56,106/2
2017-08-30,2302,5.54,0.00,105,,0.57,106/2
2017-08-31,2302,5.56,0.00,105,,0.57,106/2
2017-09-01,2302,5.64,0.00,105,,0.58,106/2
2017-09-04,2302,5.64,0.00,105,,0.58,106/2
2017-09-05,2302,5.60,0.00,105,,0.58,106/2
2017-09-06,2302,5.56,0.00,105,,0.57,106/2
2017-09-07,2302,5.58,0.00,105,,0.58,106/2
2017-09-08,2302,5.45,0.00,105,,0.56,106/2
2017-09-11,2302,5.53,0.00,105,,0.57,106/2
2017-09-12,2302,5.59,0.00,105,,0.58,106/2
2017-09-13,2302,5.64,0.00,105,,0.58,106/2
2017-09-14,2302,5.65,0.00,105,,0.58,106/2
2017-09-15,2302,6.21,0.00,105,,0.64,106/2
2017-09-18,2302,6.11,0.00,105,,0.63,106/2
2017-09-19,2302,6.07,0.00,105,,0.63,106/2
2017-09-20,2302,5.88,0.00,105,,0.61,106/2
2017-09-21,2302,5.85,0.00,105,,0.60,106/2
2017-09-22,2302,5.70,0.00,105,,0.59,106/2
2017-09-25,2302,5.66,0.00,105,,0.58,106/2
2017-09-26,2302,5.67,0.00,105,,0.59,106/2
2017-09-27,2302,5.75,0.00,105,,0.59,106/2
2017-09-28,2302,5.77,0.00,105,,0.60,106/2
2017-09-29,2302,5.89,0.00,105,,0.61,106/2
2017-09-30,2302,5.92,0.00,105,,0.61,106/2
2017-10-02,2302,5.88,0.00,105,,0.61,106/2
2017-10-03,2302,5.93,0.00,105,,0.61,106/2
2017-10-05,2302,5.91,0.00,105,,0.61,106/2
2017-10-06,2302,5.90,0.00,105,,0.61,106/2
2017-10-11,2302,5.80,0.00,105,,0.60,106/2
2017-10-12,2302,5.73,0.00,105,,0.59,106/2
2017-10-13,2302,5.72,0.00,105,,0.59,106/2
2017-10-16,2302,5.69,0.00,105,,0.59,106/2
2017-10-17,2302,5.76,0.00,105,,0.59,106/2
2017-10-18,2302,5.68,0.00,105,,0.59,106/2
2017-10-19,2302,5.68,0.00,105,,0.59,106/2
2017-10-20,2302,5.73,0.00,105,,0.59,106/2
2017-10-23,2302,5.70,0.00,105,,0.59,106/2
2017-10-24,2302,5.65,0.00,105,,0.58,106/2
2017-10-25,2302,5.66,0.00,105,,0.58,106/2
2017-10-26,2302,5.65,0.00,105,,0.58,106/2
2017-10-27,2302,5.74,0.00,105,,0.59,106/2
2017-10-30,2302,5.75,0.00,105,,0.59,106/2
2017-10-31,2302,5.70,0.00,105,,0.59,106/2
2017-11-01,2302,5.73,0.00,105,,0.59,106/2
2017-11-02,2302,5.70,0.00,105,,0.59,106/2
2017-11-03,2302,5.70,0.00,105,,0.59,106/2
2017-11-06,2302,5.83,0.00,105,,0.60,106/2
2017-11-07,2302,5.97,0.00,105,,0.62,106/2
2017-11-08,2302,6.21,0.00,105,,0.64,106/2
2017-11-09,2302,6.05,0.00,105,,0.62,106/2
2017-11-10,2302,6.08,0.00,105,,0.63,106/2
2017-11-13,2302,6.05,0.00,105,,0.62,106/2
2017-11-14,2302,5.94,0.00,105,,0.61,106/3
2017-11-15,2302,5.81,0.00,105,,0.60,106/3
2017-11-16,2302,5.79,0.00,105,,0.59,106/3
2017-11-17,2302,5.80,0.00,105,,0.60,106/3
2017-11-20,2302,5.78,0.00,105,,0.59,106/3
2017-11-21,2302,5.80,0.00,105,,0.60,106/3
2017-11-22,2302,5.79,0.00,105,,0.59,106/3
2017-11-23,2302,5.81,0.00,105,,0.60,106/3
2017-11-24,2302,5.97,0.00,105,,0.61,106/3
2017-11-27,2302,5.90,0.00,105,,0.61,106/3
2017-11-28,2302,5.90,0.00,105,,0.61,106/3
2017-11-29,2302,6.00,0.00,105,,0.62,106/3
2017-11-30,2302,6.25,0.00,105,,0.64,106/3
2017-12-01,2302,6.21,0.00,105,,0.64,106/3
2017-12-04,2302,6.12,0.00,105,,0.63,106/3
2017-12-05,2302,6.03,0.00,105,,0.62,106/3
2017-12-06,2302,5.90,0.00,105,,0.61,106/3
2017-12-07,2302,5.90,0.00,105,,0.61,106/3
2017-12-08,2302,5.84,0.00,105,,0.60,106/3
2017-12-11,2302,6.01,0.00,105,,0.62,106/3
2017-12-12,2302,5.96,0.00,105,,0.61,106/3
2017-12-13,2302,5.89,0.00,105,,0.60,106/3
2017-12-14,2302,6.00,0.00,105,,0.62,106/3
2017-12-15,2302,6.00,0.00,105,,0.62,106/3
2017-12-18,2302,5.99,0.00,105,,0.61,106/3
2017-12-19,2302,5.98,0.00,105,,0.61,106/3
2017-12-20,2302,5.98,0.00,105,,0.61,106/3
2017-12-21,2302,6.00,0.00,105,,0.62,106/3
2017-12-22,2302,6.02,0.00,105,,0.62,106/3
2017-12-25,2302,6.03,0.00,105,,0.62,106/3
2017-12-26,2302,6.00,0.00,105,,0.62,106/3
2017-12-27,2302,6.11,0.00,105,,0.63,106/3
2017-12-28,2302,6.08,0.00,105,,0.62,106/3
2017-12-29,2302,6.05,0.00,105,,0.62,106/3
2018-01-02,2302,6.05,0.00,105,,0.62,106/3
2018-01-03,2302,6.01,0.00,105,,0.62,106/3
2018-01-04,2302,6.02,0.00,105,,0.62,106/3
2018-01-05,2302,6.08,0.00,105,,0.62,106/3
2018-01-08,2302,6.06,0.00,105,,0.62,106/3
2018-01-09,2302,6.00,0.00,105,,0.62,106/3
2018-01-10,2302,6.00,0.00,105,,0.62,106/3
2018-01-11,2302,6.01,0.00,105,,0.62,106/3
2018-01-12,2302,6.04,0.00,105,,0.62,106/3
2018-01-15,2302,6.06,0.00,105,,0.62,106/3
2018-01-16,2302,6.08,0.00,105,,0.62,106/3
2018-01-17,2302,6.30,0.00,105,,0.65,106/3
2018-01-18,2302,6.19,0.00,105,,0.64,106/3
2018-01-19,2302,6.08,0.00,105,,0.62,106/3
2018-01-22,2302,6.05,0.00,105,,0.62,106/3
2018-01-23,2302,6.07,0.00,105,,0.62,106/3
2018-01-24,2302,6.13,0.00,105,,0.63,106/3
2018-01-25,2302,6.12,0.00,105,,0.63,106/3
2018-01-26,2302,6.14,0.00,105,,0.63,106/3
2018-01-29,2302,6.27,0.00,105,,0.64,106/3
2018-01-30,2302,6.20,0.00,105,,0.64,106/3
2018-01-31,2302,6.14,0.00,105,,0.63,106/3
2018-02-01,2302,6.14,0.00,105,,0.63,106/3
2018-02-02,2302,6.10,0.00,105,,0.63,106/3
2018-02-05,2302,6.01,0.00,105,,0.62,106/3
2018-02-06,2302,5.58,0.00,105,,0.57,106/3
2018-02-07,2302,5.63,0.00,105,,0.58,106/3
2018-02-08,2302,5.63,0.00,105,,0.58,106/3
2018-02-09,2302,5.67,0.00,105,,0.58,106/3
2018-02-12,2302,6.07,0.00,105,,0.62,106/3
2018-02-21,2302,6.18,0.00,105,,0.63,106/3
2018-02-22,2302,6.21,0.00,105,,0.64,106/3
2018-02-23,2302,6.17,0.00,105,,0.63,106/3
2018-02-26,2302,6.17,0.00,105,,0.63,106/3
2018-02-27,2302,6.20,0.00,105,,0.64,106/3
2018-03-01,2302,6.36,0.00,105,,0.65,106/3
2018-03-02,2302,6.31,0.00,105,,0.65,106/3
2018-03-05,2302,6.56,0.00,105,,0.67,106/3
2018-03-06,2302,6.58,0.00,105,,0.68,106/3
2018-03-07,2302,6.58,0.00,105,,0.68,106/3
2018-03-08,2302,7.23,0.00,105,,0.74,106/3
2018-03-09,2302,6.65,0.00,105,,0.68,106/3
2018-03-12,2302,6.41,0.00,105,,0.66,106/3
2018-03-13,2302,6.51,0.00,105,,0.67,106/3
2018-03-14,2302,6.45,0.00,105,,0.66,106/3
2018-03-15,2302,6.57,0.00,105,,0.67,106/3
2018-03-16,2302,6.51,0.00,105,,0.67,106/3
2018-03-19,2302,6.38,0.00,105,,0.66,106/3
2018-03-20,2302,6.50,0.00,105,,0.67,106/3
2018-03-21,2302,6.45,0.00,105,,0.66,106/3
2018-03-22,2302,6.87,0.00,105,,0.71,106/3
2018-03-23,2302,6.57,0.00,105,,0.67,106/3
2018-03-26,2302,6.48,0.00,105,,0.67,106/3
2018-03-27,2302,6.58,0.00,105,,0.68,106/3
2018-03-28,2302,6.48,0.00,105,,0.67,106/3
2018-03-29,2302,6.48,0.00,105,,0.67,106/3
2018-03-30,2302,6.62,0.00,105,,0.68,106/4
2018-03-31,2302,6.64,0.00,105,,0.68,106/4
2018-04-02,2302,6.60,0.00,105,,0.68,106/4
2018-04-03,2302,6.55,0.00,105,,0.67,106/4
2018-04-09,2302,6.65,0.00,105,,0.68,106/4
2018-04-10,2302,6.61,0.00,105,,0.68,106/4
2018-04-11,2302,6.66,0.00,105,,0.68,106/4
2018-04-12,2302,6.54,0.00,105,,0.67,106/4
2018-04-13,2302,6.35,0.00,105,,0.65,106/4
2018-04-16,2302,6.29,0.00,105,,0.64,106/4
2018-04-17,2302,6.19,0.00,105,,0.63,106/4
2018-04-18,2302,6.21,0.00,105,,0.64,106/4
2018-04-19,2302,6.16,0.00,105,,0.63,106/4
2018-04-20,2302,6.24,0.00,105,,0.64,106/4
2018-04-23,2302,6.16,0.00,105,,0.63,106/4
2018-04-24,2302,5.96,0.00,105,,0.61,106/4
2018-04-25,2302,6.01,0.00,105,,0.62,106/4
2018-04-26,2302,5.94,0.00,105,,0.61,106/4
2018-04-27,2302,6.00,0.00,105,,0.61,106/4
2018-04-30,2302,6.00,0.00,105,,0.61,106/4
2018-05-02,2302,6.02,0.00,105,,0.62,106/4
2018-05-03,2302,5.96,0.00,105,,0.61,106/4
2018-05-04,2302,6.11,0.00,105,,0.63,106/4
2018-05-07,2302,6.08,0.00,105,,0.62,106/4
2018-05-08,2302,6.08,0.00,105,,0.62,106/4
2018-05-09,2302,6.08,0.00,105,,0.62,106/4
2018-05-10,2302,6.10,0.00,105,,0.63,106/4
2018-05-11,2302,6.12,0.00,105,,0.63,106/4
2018-05-14,2302,6.18,0.00,105,,0.63,106/4
2018-05-15,2302,6.06,0.00,105,,0.62,107/1
2018-05-16,2302,6.08,0.00,105,,0.62,107/1
2018-05-17,2302,6.09,0.00,105,,0.63,107/1
2018-05-18,2302,6.09,0.00,105,,0.63,107/1
2018-05-21,2302,6.14,0.00,105,,0.63,107/1
2018-05-22,2302,6.06,0.00,105,,0.62,107/1
2018-05-23,2302,6.04,0.00,105,,0.62,107/1
2018-05-24,2302,6.07,0.00,105,,0.62,107/1
2018-05-25,2302,6.08,0.00,105,,0.62,107/1
2018-05-28,2302,6.10,0.00,105,,0.63,107/1
2018-05-29,2302,6.70,0.00,105,,0.69,107/1
2018-05-30,2302,7.05,0.00,105,,0.72,107/1
2018-05-31,2302,7.07,0.00,105,,0.73,107/1
2018-06-01,2302,7.77,0.00,105,,0.80,107/1
2018-06-04,2302,8.54,0.00,105,,0.88,107/1
2018-06-05,2302,9.39,0.00,105,,0.96,107/1
2018-06-06,2302,10.30,0.00,105,,1.06,107/1
2018-06-07,2302,10.05,0.00,105,,1.03,107/1
2018-06-08,2302,9.50,0.00,105,,0.98,107/1
2018-06-11,2302,9.65,0.00,105,,0.99,107/1
2018-06-12,2302,10.60,0.00,105,,1.09,107/1
2018-06-13,2302,10.90,0.00,105,,1.12,107/1
2018-06-14,2302,10.30,0.00,105,,1.06,107/1
2018-06-15,2302,10.45,0.00,105,,1.07,107/1
2018-06-19,2302,10.80,0.00,105,,1.11,107/1
2018-06-20,2302,10.70,0.00,105,,1.10,107/1
2018-06-21,2302,10.90,0.00,105,,1.12,107/1
2018-06-22,2302,10.65,0.00,105,,1.09,107/1
2018-06-25,2302,9.85,0.00,105,,1.01,107/1
2018-06-26,2302,8.98,0.00,105,,0.92,107/1
2018-06-27,2302,9.40,0.00,105,,0.97,107/1
2018-06-28,2302,8.90,0.00,105,,0.91,107/1
2018-06-29,2302,8.90,0.00,106,,0.91,107/1
2018-07-02,2302,9.79,0.00,106,,1.01,107/1
2018-07-03,2302,10.75,0.00,106,,1.10,107/1
2018-07-04,2302,11.80,0.00,106,,1.21,107/1
2018-07-05,2302,10.95,0.00,106,,1.12,107/1
2018-07-06,2302,10.25,0.00,106,,1.05,107/1
2018-07-09,2302,9.76,0.00,106,,1.00,107/1
2018-07-10,2302,9.93,0.00,106,,1.02,107/1
2018-07-11,2302,9.44,0.00,106,,0.97,107/1
2018-07-12,2302,9.65,0.00,106,,0.99,107/1
2018-07-13,2302,9.52,0.00,106,,0.98,107/1
2018-07-16,2302,9.60,0.00,106,,0.99,107/1
2018-07-17,2302,9.63,0.00,106,,0.99,107/1
2018-07-18,2302,9.33,0.00,106,,0.96,107/1
2018-07-19,2302,9.23,0.00,106,,0.95,107/1
2018-07-20,2302,8.98,0.00,106,,0.92,107/1
2018-07-23,2302,8.98,0.00,106,,0.92,107/1
2018-07-24,2302,9.04,0.00,106,,0.93,107/1
2018-07-25,2302,8.87,0.00,106,,0.91,107/1
2018-07-26,2302,8.80,0.00,106,,0.90,107/1
2018-07-27,2302,8.84,0.00,106,,0.91,107/1
2018-07-30,2302,8.65,0.00,106,,0.89,107/1
2018-07-31,2302,8.97,0.00,106,,0.92,107/1
2018-08-01,2302,8.96,0.00,106,,0.92,107/1
2018-08-02,2302,8.89,0.00,106,,0.91,107/1
2018-08-03,2302,8.80,0.00,106,,0.90,107/1
2018-08-06,2302,8.67,0.00,106,,0.89,107/1
2018-08-07,2302,8.52,0.00,106,,0.87,107/1
2018-08-08,2302,8.38,0.00,106,,0.86,107/1
2018-08-09,2302,8.05,0.00,106,,0.83,107/1
2018-08-10,2302,7.80,0.00,106,,0.80,107/1
2018-08-13,2302,7.42,0.00,106,,0.76,107/1
2018-08-14,2302,8.16,0.00,106,,0.83,107/2
2018-08-15,2302,8.96,0.00,106,,0.92,107/2
2018-08-16,2302,9.60,0.00,106,,0.98,107/2
2018-08-17,2302,9.50,0.00,106,,0.97,107/2
2018-08-20,2302,9.30,0.00,106,,0.95,107/2
2018-08-21,2302,9.07,0.00,106,,0.93,107/2
2018-08-22,2302,9.12,0.00,106,,0.93,107/2
2018-08-23,2302,8.88,0.00,106,,0.91,107/2
2018-08-24,2302,8.95,0.00,106,,0.91,107/2
2018-08-27,2302,8.98,0.00,106,,0.92,107/2
2018-08-28,2302,8.88,0.00,106,,0.91,107/2
2018-08-29,2302,9.38,0.00,106,,0.96,107/2
2018-08-30,2302,9.39,0.00,106,,0.96,107/2
2018-08-31,2302,9.26,0.00,106,,0.95,107/2
2018-09-03,2302,8.99,0.00,106,,0.92,107/2
2018-09-04,2302,9.14,0.00,106,,0.93,107/2
2018-09-05,2302,9.04,0.00,106,,0.92,107/2
2018-09-06,2302,9.00,0.00,106,,0.92,107/2
2018-09-07,2302,8.60,0.00,106,,0.88,107/2
2018-09-10,2302,8.14,0.00,106,,0.83,107/2
2018-09-11,2302,8.20,0.00,106,,0.84,107/2
2018-09-12,2302,8.14,0.00,106,,0.83,107/2
2018-09-13,2302,8.14,0.00,106,,0.83,107/2
2018-09-14,2302,8.38,0.00,106,,0.86,107/2
2018-09-17,2302,8.18,0.00,106,,0.84,107/2
2018-09-18,2302,8.11,0.00,106,,0.83,107/2
2018-09-19,2302,8.14,0.00,106,,0.83,107/2
2018-09-20,2302,8.10,0.00,106,,0.83,107/2
2018-09-21,2302,8.16,0.00,106,,0.83,107/2
2018-09-25,2302,8.06,0.00,106,,0.82,107/2
2018-09-26,2302,8.07,0.00,106,,0.82,107/2
2018-09-27,2302,8.00,0.00,106,,0.82,107/2
2018-09-28,2302,8.15,0.00,106,,0.83,107/2
2018-10-01,2302,8.15,0.00,106,,0.83,107/2
2018-10-02,2302,8.08,0.00,106,,0.83,107/2
2018-10-03,2302,8.03,0.00,106,,0.82,107/2
2018-10-04,2302,7.86,0.00,106,,0.80,107/2
2018-10-05,2302,7.80,0.00,106,,0.80,107/2
2018-10-08,2302,7.67,0.00,106,,0.78,107/2
2018-10-09,2302,7.69,0.00,106,,0.79,107/2
2018-10-11,2302,6.93,0.00,106,,0.71,107/2
2018-10-12,2302,6.93,0.00,106,,0.71,107/2
2018-10-15,2302,6.83,0.00,106,,0.70,107/2
2018-10-16,2302,6.94,0.00,106,,0.71,107/2
2018-10-17,2302,7.00,0.00,106,,0.72,107/2
2018-10-18,2302,6.92,0.00,106,,0.71,107/2
2018-10-19,2302,6.79,0.00,106,,0.69,107/2
2018-10-22,2302,6.75,0.00,106,,0.69,107/2
2018-10-23,2302,6.53,0.00,106,,0.67,107/2
2018-10-24,2302,6.44,0.00,106,,0.66,107/2
2018-10-25,2302,6.07,0.00,106,,0.62,107/2
2018-10-26,2302,6.12,0.00,106,,0.63,107/2
2018-10-29,2302,6.05,0.00,106,,0.62,107/2
2018-10-30,2302,6.05,0.00,106,,0.62,107/2
2018-10-31,2302,6.45,0.00,106,,0.66,107/2
2018-11-01,2302,6.41,0.00,106,,0.65,107/2
2018-11-02,2302,6.65,0.00,106,,0.68,107/2
2018-11-05,2302,6.80,0.00,106,,0.69,107/2
2018-11-06,2302,6.70,0.00,106,,0.68,107/2
2018-11-07,2302,6.78,0.00,106,,0.69,107/2
2018-11-08,2302,6.70,0.00,106,,0.68,107/2
2018-11-09,2302,6.65,0.00,106,,0.68,107/2
2018-11-12,2302,6.64,0.00,106,,0.68,107/2
2018-11-13,2302,6.52,0.00,106,,0.67,107/2
2018-11-14,2302,6.81,0.00,106,68.10,0.69,107/3
2018-11-15,2302,6.81,0.00,106,68.10,0.69,107/3
2018-11-16,2302,6.88,0.00,106,68.80,0.70,107/3
2018-11-19,2302,6.85,0.00,106,68.50,0.70,107/3
2018-11-20,2302,6.84,0.00,106,68.40,0.69,107/3
2018-11-21,2302,6.86,0.00,106,68.60,0.70,107/3
2018-11-22,2302,6.70,0.00,106,67.00,0.68,107/3
2018-11-23,2302,6.64,0.00,106,66.40,0.67,107/3
2018-11-26,2302,6.80,0.00,106,68.00,0.69,107/3
2018-11-27,2302,6.80,0.00,106,68.00,0.69,107/3
2018-11-28,2302,6.91,0.00,106,69.10,0.70,107/3
2018-11-29,2302,7.14,0.00,106,71.40,0.72,107/3
2018-11-30,2302,7.85,0.00,106,78.50,0.80,107/3
2018-12-03,2302,8.63,0.00,106,86.30,0.88,107/3
2018-12-04,2302,8.42,0.00,106,84.20,0.85,107/3
2018-12-05,2302,8.15,0.00,106,81.50,0.83,107/3
2018-12-06,2302,7.57,0.00,106,75.70,0.77,107/3
2018-12-07,2302,7.76,0.00,106,77.60,0.79,107/3
2018-12-10,2302,7.42,0.00,106,74.20,0.75,107/3
2018-12-11,2302,7.50,0.00,106,75.00,0.76,107/3
2018-12-12,2302,8.25,0.00,106,82.50,0.84,107/3
2018-12-13,2302,7.84,0.00,106,78.40,0.80,107/3
2018-12-14,2302,7.75,0.00,106,77.50,0.79,107/3
2018-12-17,2302,7.73,0.00,106,77.30,0.78,107/3
2018-12-18,2302,7.54,0.00,106,75.40,0.77,107/3
2018-12-19,2302,7.60,0.00,106,76.00,0.77,107/3
2018-12-20,2302,7.50,0.00,106,75.00,0.76,107/3
2018-12-21,2302,7.60,0.00,106,76.00,0.77,107/3
2018-12-22,2302,7.42,0.00,106,74.20,0.75,107/3
2018-12-24,2302,7.59,0.00,106,75.90,0.77,107/3
2018-12-25,2302,7.45,0.00,106,74.50,0.76,107/3
2018-12-26,2302,7.37,0.00,106,73.70,0.75,107/3
2018-12-27,2302,7.44,0.00,106,74.40,0.76,107/3
2018-12-28,2302,7.47,0.00,106,74.70,0.76,107/3
2019-01-02,2302,7.44,0.00,106,74.40,0.76,107/3
2019-01-03,2302,7.45,0.00,106,74.50,0.76,107/3
2019-01-04,2302,7.39,0.00,106,73.90,0.75,107/3
2019-01-07,2302,8.12,0.00,106,81.20,0.82,107/3
2019-01-08,2302,8.63,0.00,106,86.30,0.88,107/3
2019-01-09,2302,8.70,0.00,106,87.00,0.88,107/3
2019-01-10,2302,9.10,0.00,106,91.00,0.92,107/3
2019-01-11,2302,9.80,0.00,106,98.00,0.99,107/3
2019-01-14,2302,9.80,0.00,106,98.00,0.99,107/3
2019-01-15,2302,9.76,0.00,106,97.60,0.99,107/3
2019-01-16,2302,9.88,0.00,106,98.80,1.00,107/3
2019-01-17,2302,10.15,0.00,106,101.50,1.03,107/3
2019-01-18,2302,10.60,0.00,106,106.00,1.08,107/3
2019-01-21,2302,10.40,0.00,106,104.00,1.06,107/3
2019-01-22,2302,10.25,0.00,106,102.50,1.04,107/3
2019-01-23,2302,9.75,0.00,106,97.50,0.99,107/3
2019-01-24,2302,9.67,0.00,106,96.70,0.98,107/3
2019-01-25,2302,9.55,0.00,106,95.50,0.97,107/3
2019-01-28,2302,9.43,0.00,106,94.30,0.96,107/3
2019-01-29,2302,10.15,0.00,106,101.50,1.03,107/3
2019-01-30,2302,9.75,0.00,106,97.50,0.99,107/3
2019-02-11,2302,10.25,0.00,106,102.50,1.04,107/3
2019-02-12,2302,11.00,0.00,106,110.00,1.12,107/3
2019-02-13,2302,11.15,0.00,106,111.50,1.13,107/3
2019-02-14,2302,11.20,0.00,106,112.00,1.14,107/3
2019-02-15,2302,10.85,0.00,106,108.50,1.10,107/3
2019-02-18,2302,10.40,0.00,106,104.00,1.06,107/3
2019-02-19,2302,10.75,0.00,106,107.50,1.09,107/3
2019-02-20,2302,10.75,0.00,106,107.50,1.09,107/3
2019-02-21,2302,10.60,0.00,106,106.00,1.08,107/3
2019-02-22,2302,10.60,0.00,106,106.00,1.08,107/3
2019-02-25,2302,10.55,0.00,106,105.50,1.07,107/3
2019-02-26,2302,10.70,0.00,106,107.00,1.09,107/3
2019-02-27,2302,10.40,0.00,106,104.00,1.06,107/3
2019-03-04,2302,10.10,0.00,106,101.00,1.03,107/3
2019-03-05,2302,10.20,0.00,106,102.00,1.04,107/3
2019-03-06,2302,10.05,0.00,106,100.50,1.02,107/3
2019-03-07,2302,9.85,0.00,106,98.50,1.00,107/3
2019-03-08,2302,10.15,0.00,106,101.50,1.03,107/3
2019-03-11,2302,10.15,0.00,106,101.50,1.03,107/3
2019-03-12,2302,10.10,0.00,106,101.00,1.03,107/3
2019-03-13,2302,10.05,0.00,106,100.50,1.02,107/3
2019-03-14,2302,10.00,0.00,106,100.00,1.02,107/3
2019-03-15,2302,10.10,0.00,106,101.00,1.03,107/3
2019-03-18,2302,10.05,0.00,106,100.50,1.02,107/3
2019-03-19,2302,9.98,0.00,106,99.80,1.01,107/3
2019-03-20,2302,9.85,0.00,106,98.50,1.00,107/3
2019-03-21,2302,9.96,0.00,106,99.60,1.01,107/3
2019-03-22,2302,9.91,0.00,106,99.10,1.01,107/3
2019-03-25,2302,9.73,0.00,106,97.30,0.99,107/3
2019-03-26,2302,9.73,0.00,106,97.30,0.99,107/3
2019-03-27,2302,9.74,0.00,106,97.40,0.99,107/3
2019-03-28,2302,9.64,0.00,106,96.40,0.98,107/3
2019-03-29,2302,9.76,0.00,106,97.60,0.99,107/3
2019-04-01,2302,9.93,0.00,106,58.41,1.00,107/4
2019-04-02,2302,10.05,0.00,106,59.12,1.01,107/4
2019-04-03,2302,9.99,0.00,106,58.76,1.00,107/4
2019-04-08,2302,9.96,0.00,106,58.59,1.00,107/4
2019-04-09,2302,9.94,0.00,106,58.47,1.00,107/4
2019-04-10,2302,9.93,0.00,106,58.41,1.00,107/4
2019-04-11,2302,10.90,0.00,106,64.12,1.10,107/4
2019-04-12,2302,10.35,0.00,106,60.88,1.04,107/4
2019-04-15,2302,10.15,0.00,106,59.71,1.02,107/4
2019-04-16,2302,10.10,0.00,106,59.41,1.02,107/4
2019-04-17,2302,10.05,0.00,106,59.12,1.01,107/4
2019-04-18,2302,9.63,0.00,106,56.65,0.97,107/4
2019-04-19,2302,9.94,0.00,106,58.47,1.00,107/4
2019-04-22,2302,9.81,0.00,106,57.71,0.99,107/4
2019-04-23,2302,9.72,0.00,106,57.18,0.98,107/4
2019-04-24,2302,9.70,0.00,106,57.06,0.97,107/4
2019-04-25,2302,9.64,0.00,106,56.71,0.97,107/4
2019-04-26,2302,9.54,0.00,106,56.12,0.96,107/4
2019-04-29,2302,9.28,0.00,106,54.59,0.93,107/4
2019-04-30,2302,9.35,0.00,106,55.00,0.94,107/4
2019-05-02,2302,9.31,0.00,106,54.76,0.94,107/4
2019-05-03,2302,9.55,0.00,106,56.18,0.96,107/4
2019-05-06,2302,9.21,0.00,106,54.18,0.93,107/4
2019-05-07,2302,9.25,0.00,106,54.41,0.93,107/4
2019-05-08,2302,9.07,0.00,106,53.35,0.91,107/4
2019-05-09,2302,8.85,0.00,106,52.06,0.89,107/4
2019-05-10,2302,8.74,0.00,106,51.41,0.88,107/4
2019-05-13,2302,8.28,0.00,106,48.71,0.83,107/4
2019-05-14,2302,8.28,0.00,106,48.71,0.83,107/4
2019-05-15,2302,8.37,0.00,106,38.05,0.85,108/1
2019-05-16,2302,8.20,0.00,106,37.27,0.83,108/1
2019-05-17,2302,8.08,0.00,106,36.73,0.82,108/1
2019-05-20,2302,8.11,0.00,106,36.86,0.82,108/1
2019-05-21,2302,8.20,0.00,106,37.27,0.83,108/1
2019-05-22,2302,8.10,0.00,106,36.82,0.82,108/1
2019-05-23,2302,7.91,0.00,106,35.95,0.80,108/1
2019-05-24,2302,7.88,0.00,106,35.82,0.80,108/1
2019-05-27,2302,7.88,0.00,106,35.82,0.80,108/1
2019-05-28,2302,7.99,0.00,106,36.32,0.81,108/1
2019-05-29,2302,7.99,0.00,106,36.32,0.81,108/1
2019-05-30,2302,8.03,0.00,106,36.50,0.81,108/1
2019-05-31,2302,8.07,0.00,106,36.68,0.82,108/1
2019-06-03,2302,7.95,0.00,106,36.14,0.80,108/1
2019-06-04,2302,7.90,0.00,106,35.91,0.80,108/1
2019-06-05,2302,7.84,0.00,106,35.64,0.79,108/1
2019-06-06,2302,7.74,0.00,106,35.18,0.78,108/1
2019-06-10,2302,7.59,0.00,106,34.50,0.77,108/1
2019-06-11,2302,7.66,0.00,106,34.82,0.77,108/1
2019-06-12,2302,7.79,0.00,106,35.41,0.79,108/1
2019-06-13,2302,7.68,0.00,106,34.91,0.78,108/1
2019-06-14,2302,7.62,0.00,106,34.64,0.77,108/1
2019-06-17,2302,7.59,0.00,106,34.50,0.77,108/1
2019-06-18,2302,7.57,0.00,106,34.41,0.76,108/1
2019-06-19,2302,7.60,0.00,106,34.55,0.77,108/1
2019-06-20,2302,7.77,0.00,106,35.32,0.78,108/1
2019-06-21,2302,8.11,0.00,106,36.86,0.82,108/1
2019-06-24,2302,7.96,0.00,107,36.18,0.80,108/1
2019-06-25,2302,7.95,0.00,107,36.14,0.80,108/1
2019-06-26,2302,7.86,0.00,107,35.73,0.79,108/1
2019-06-27,2302,7.81,0.00,107,35.50,0.79,108/1
2019-06-28,2302,7.82,0.00,107,35.55,0.79,108/1
2019-07-01,2302,7.92,0.00,107,36.00,0.80,108/1
2019-07-02,2302,7.77,0.00,107,35.32,0.78,108/1
2019-07-03,2302,7.78,0.00,107,35.36,0.79,108/1
2019-07-04,2302,7.85,0.00,107,35.68,0.79,108/1
2019-07-05,2302,7.96,0.00,107,36.18,0.80,108/1
2019-07-08,2302,7.89,0.00,107,35.86,0.80,108/1
2019-07-09,2302,7.86,0.00,107,35.73,0.79,108/1
2019-07-10,2302,7.88,0.00,107,35.82,0.80,108/1
2019-07-11,2302,7.89,0.00,107,35.86,0.80,108/1
2019-07-12,2302,8.67,0.00,107,39.41,0.88,108/1
2019-07-15,2302,8.49,0.00,107,38.59,0.86,108/1
2019-07-16,2302,8.55,0.00,107,38.86,0.86,108/1
2019-07-17,2302,8.72,0.00,107,39.64,0.88,108/1
2019-07-18,2302,8.73,0.00,107,39.68,0.88,108/1
2019-07-19,2302,8.55,0.00,107,38.86,0.86,108/1
2019-07-22,2302,8.40,0.00,107,38.18,0.85,108/1
2019-07-23,2302,8.39,0.00,107,38.14,0.85,108/1
2019-07-24,2302,8.40,0.00,107,38.18,0.85,108/1
2019-07-25,2302,8.34,0.00,107,37.91,0.84,108/1
2019-07-26,2302,8.24,0.00,107,37.45,0.83,108/1
2019-07-29,2302,8.26,0.00,107,37.55,0.83,108/1
2019-07-30,2302,8.08,0.00,107,36.73,0.82,108/1
2019-07-31,2302,8.10,0.00,107,36.82,0.82,108/1
2019-08-01,2302,8.05,0.00,107,36.59,0.81,108/1
2019-08-02,2302,7.95,0.00,107,36.14,0.80,108/1
2019-08-05,2302,7.94,0.00,107,36.09,0.80,108/1
2019-08-06,2302,7.80,0.00,107,35.45,0.79,108/1
2019-08-07,2302,7.80,0.00,107,35.45,0.79,108/1
2019-08-08,2302,7.97,0.00,107,36.23,0.81,108/1
2019-08-12,2302,8.03,0.00,107,36.50,0.81,108/1
2019-08-13,2302,7.85,0.00,107,35.68,0.79,108/1
2019-08-14,2302,7.85,0.00,107,37.38,0.79,108/2
2019-08-15,2302,7.67,0.00,107,36.52,0.77,108/2
2019-08-16,2302,7.85,0.00,107,37.38,0.79,108/2
2019-08-19,2302,7.91,0.00,107,37.67,0.80,108/2
2019-08-20,2302,7.90,0.00,107,37.62,0.80,108/2
2019-08-21,2302,7.91,0.00,107,37.67,0.80,108/2
2019-08-22,2302,7.86,0.00,107,37.43,0.79,108/2
2019-08-23,2302,7.90,0.00,107,37.62,0.80,108/2
2019-08-26,2302,7.73,0.00,107,36.81,0.78,108/2
2019-08-27,2302,7.79,0.00,107,37.10,0.79,108/2
2019-08-28,2302,7.78,0.00,107,37.05,0.78,108/2
2019-08-29,2302,7.80,0.00,107,37.14,0.79,108/2
2019-08-30,2302,7.85,0.00,107,37.38,0.79,108/2
2019-09-02,2302,7.84,0.00,107,37.33,0.79,108/2
2019-09-03,2302,8.19,0.00,107,39.00,0.83,108/2
2019-09-04,2302,8.07,0.00,107,38.43,0.81,108/2
2019-09-05,2302,8.03,0.00,107,38.24,0.81,108/2
2019-09-06,2302,8.13,0.00,107,38.71,0.82,108/2
2019-09-09,2302,8.03,0.00,107,38.24,0.81,108/2
2019-09-10,2302,8.07,0.00,107,38.43,0.81,108/2
2019-09-11,2302,7.94,0.00,107,37.81,0.80,108/2
2019-09-12,2302,7.94,0.00,107,37.81,0.80,108/2
2019-09-16,2302,7.82,0.00,107,37.24,0.79,108/2
2019-09-17,2302,7.71,0.00,107,36.71,0.78,108/2
2019-09-18,2302,7.75,0.00,107,36.90,0.78,108/2
2019-09-19,2302,7.75,0.00,107,36.90,0.78,108/2
2019-09-20,2302,7.88,0.00,107,37.52,0.79,108/2
2019-09-23,2302,7.84,0.00,107,37.33,0.79,108/2
2019-09-24,2302,7.84,0.00,107,37.33,0.79,108/2
2019-09-25,2302,7.85,0.00,107,37.38,0.79,108/2
2019-09-26,2302,7.84,0.00,107,37.33,0.79,108/2
2019-09-27,2302,7.80,0.00,107,37.14,0.79,108/2
2019-10-01,2302,7.80,0.00,107,37.14,0.79,108/2
2019-10-02,2302,7.80,0.00,107,37.14,0.79,108/2
2019-10-03,2302,7.68,0.00,107,36.57,0.77,108/2
2019-10-04,2302,7.63,0.00,107,36.33,0.77,108/2
2019-10-07,2302,7.78,0.00,107,37.05,0.78,108/2
2019-10-08,2302,7.83,0.00,107,37.29,0.79,108/2
2019-10-09,2302,7.84,0.00,107,37.33,0.79,108/2
2019-10-14,2302,7.80,0.00,107,37.14,0.79,108/2
2019-10-15,2302,7.72,0.00,107,36.76,0.78,108/2
2019-10-16,2302,7.78,0.00,107,37.05,0.78,108/2
2019-10-17,2302,7.77,0.00,107,37.00,0.78,108/2
2019-10-18,2302,7.75,0.00,107,36.90,0.78,108/2
2019-10-21,2302,7.82,0.00,107,37.24,0.79,108/2
2019-10-22,2302,7.90,0.00,107,37.62,0.80,108/2
2019-10-23,2302,7.82,0.00,107,37.24,0.79,108/2
2019-10-24,2302,7.85,0.00,107,37.38,0.79,108/2
2019-10-25,2302,7.87,0.00,107,37.48,0.79,108/2
2019-10-28,2302,7.95,0.00,107,37.86,0.80,108/2
2019-10-29,2302,7.96,0.00,107,37.90,0.80,108/2
2019-10-30,2302,8.05,0.00,107,38.33,0.81,108/2
2019-10-31,2302,8.04,0.00,107,38.29,0.81,108/2
2019-11-01,2302,8.03,0.00,107,38.24,0.81,108/2
2019-11-04,2302,8.00,0.00,107,38.10,0.81,108/2
2019-11-05,2302,8.08,0.00,107,38.48,0.81,108/2
2019-11-06,2302,8.07,0.00,107,38.43,0.81,108/2
2019-11-07,2302,7.98,0.00,107,38.00,0.80,108/2
2019-11-08,2302,7.97,0.00,107,37.95,0.80,108/2
2019-11-11,2302,7.83,0.00,107,37.29,0.79,108/2
2019-11-12,2302,7.80,0.00,107,37.14,0.79,108/2
2019-11-13,2302,7.77,0.00,107,37.00,0.78,108/2
2019-11-14,2302,7.72,0.00,107,64.33,0.79,108/3
2019-11-15,2302,7.76,0.00,107,64.67,0.79,108/3
2019-11-18,2302,7.77,0.00,107,64.75,0.79,108/3
2019-11-19,2302,7.90,0.00,107,65.83,0.81,108/3
2019-11-20,2302,7.92,0.00,107,66.00,0.81,108/3
2019-11-21,2302,7.86,0.00,107,65.50,0.80,108/3
2019-11-22,2302,7.81,0.00,107,65.08,0.80,108/3
2019-11-25,2302,7.78,0.00,107,64.83,0.79,108/3
2019-11-26,2302,7.76,0.00,107,64.67,0.79,108/3
2019-11-27,2302,7.76,0.00,107,64.67,0.79,108/3
2019-11-28,2302,7.88,0.00,107,65.67,0.80,108/3
2019-11-29,2302,7.91,0.00,107,65.92,0.81,108/3
2019-12-02,2302,7.80,0.00,107,65.00,0.80,108/3
2019-12-03,2302,7.80,0.00,107,65.00,0.80,108/3
2019-12-04,2302,7.76,0.00,107,64.67,0.79,108/3
2019-12-05,2302,7.78,0.00,107,64.83,0.79,108/3
2019-12-06,2302,7.75,0.00,107,64.58,0.79,108/3
2019-12-09,2302,7.90,0.00,107,65.83,0.81,108/3
2019-12-10,2302,7.90,0.00,107,65.83,0.81,108/3
2019-12-11,2302,7.90,0.00,107,65.83,0.81,108/3
2019-12-12,2302,7.85,0.00,107,65.42,0.80,108/3
2019-12-13,2302,7.78,0.00,107,64.83,0.79,108/3
2019-12-16,2302,7.85,0.00,107,65.42,0.80,108/3
2019-12-17,2302,7.80,0.00,107,65.00,0.80,108/3
2019-12-18,2302,7.85,0.00,107,65.42,0.80,108/3
2019-12-19,2302,7.81,0.00,107,65.08,0.80,108/3
2019-12-20,2302,7.81,0.00,107,65.08,0.80,108/3
2019-12-23,2302,7.81,0.00,107,65.08,0.80,108/3
2019-12-24,2302,7.80,0.00,107,65.00,0.80,108/3
2019-12-25,2302,7.88,0.00,107,65.67,0.80,108/3
2019-12-26,2302,8.66,0.00,107,72.17,0.88,108/3
2019-12-27,2302,8.59,0.00,107,71.58,0.88,108/3
2019-12-30,2302,8.24,0.00,107,68.67,0.84,108/3
2019-12-31,2302,8.21,0.00,107,68.42,0.84,108/3
2020-01-02,2302,8.11,0.00,107,67.58,0.83,108/3
2020-01-03,2302,7.98,0.00,107,66.50,0.81,108/3
2020-01-06,2302,8.03,0.00,107,66.92,0.82,108/3
2020-01-07,2302,8.00,0.00,107,66.67,0.82,108/3
2020-01-08,2302,7.96,0.00,107,66.33,0.81,108/3
2020-01-09,2302,7.98,0.00,107,66.50,0.81,108/3
2020-01-10,2302,7.96,0.00,107,66.33,0.81,108/3
2020-01-13,2302,7.97,0.00,107,66.42,0.81,108/3
2020-01-14,2302,8.12,0.00,107,67.67,0.83,108/3
2020-01-15,2302,8.04,0.00,107,67.00,0.82,108/3
2020-01-16,2302,8.03,0.00,107,66.92,0.82,108/3
2020-01-17,2302,8.01,0.00,107,66.75,0.82,108/3
2020-01-20,2302,8.04,0.00,107,67.00,0.82,108/3
2020-01-30,2302,7.30,0.00,107,60.83,0.74,108/3
2020-01-31,2302,7.25,0.00,107,60.42,0.74,108/3
2020-02-03,2302,6.91,0.00,107,57.58,0.70,108/3
2020-02-04,2302,7.05,0.00,107,58.75,0.72,108/3
2020-02-05,2302,7.12,0.00,107,59.33,0.73,108/3
2020-02-06,2302,7.19,0.00,107,59.92,0.73,108/3
2020-02-07,2302,7.10,0.00,107,59.17,0.72,108/3
2020-02-10,2302,7.00,0.00,107,58.33,0.71,108/3
2020-02-11,2302,7.06,0.00,107,58.83,0.72,108/3
2020-02-12,2302,7.12,0.00,107,59.33,0.73,108/3
2020-02-13,2302,7.09,0.00,107,59.08,0.72,108/3
2020-02-14,2302,7.07,0.00,107,58.92,0.72,108/3
2020-02-17,2302,7.04,0.00,107,58.67,0.72,108/3
2020-02-18,2302,7.12,0.00,107,59.33,0.73,108/3
2020-02-19,2302,7.20,0.00,107,60.00,0.73,108/3
2020-02-20,2302,7.09,0.00,107,59.08,0.72,108/3
2020-02-21,2302,7.27,0.00,107,60.58,0.74,108/3
2020-02-24,2302,7.17,0.00,107,59.75,0.73,108/3
2020-02-25,2302,7.15,0.00,107,59.58,0.73,108/3
2020-02-26,2302,7.05,0.00,107,58.75,0.72,108/3
2020-02-27,2302,7.03,0.00,107,58.58,0.72,108/3
2020-03-02,2302,7.04,0.00,107,58.67,0.72,108/3
2020-03-03,2302,7.05,0.00,107,58.75,0.72,108/3
2020-03-04,2302,7.02,0.00,107,58.50,0.72,108/3
2020-03-05,2302,7.02,0.00,107,58.50,0.72,108/3
2020-03-06,2302,6.90,0.00,107,57.50,0.70,108/3
2020-03-09,2302,6.65,0.00,107,55.42,0.68,108/3
2020-03-10,2302,6.46,0.00,107,53.83,0.66,108/3
2020-03-11,2302,6.47,0.00,107,53.92,0.66,108/3
2020-03-12,2302,5.90,0.00,107,49.17,0.60,108/3
2020-03-13,2302,5.50,0.00,107,45.83,0.56,108/3
2020-03-16,2302,5.44,0.00,107,45.33,0.55,108/3
2020-03-17,2302,4.92,0.00,107,41.00,0.50,108/3
2020-03-18,2302,4.98,0.00,107,41.50,0.51,108/3
2020-03-19,2302,4.49,0.00,107,37.42,0.46,108/3
2020-03-20,2302,4.73,0.00,107,39.42,0.48,108/3
2020-03-23,2302,4.54,0.00,107,37.83,0.46,108/3
2020-03-24,2302,4.80,0.00,107,40.00,0.49,108/3
2020-03-25,2302,5.28,0.00,107,44.00,0.54,108/3
2020-03-26,2302,5.80,0.00,107,48.33,0.59,108/3
2020-03-27,2302,6.38,0.00,107,53.17,0.65,108/3
2020-03-30,2302,7.01,0.00,107,58.42,0.71,108/3
2020-03-31,2302,7.16,0.00,107,,0.74,108/4
2020-04-01,2302,7.18,0.00,107,,0.74,108/4
2020-04-06,2302,7.33,0.00,107,,0.75,108/4
2020-04-07,2302,7.73,0.00,107,,0.80,108/4
2020-04-08,2302,7.80,0.00,107,,0.80,108/4
2020-04-09,2302,7.38,0.00,107,,0.76,108/4
2020-04-10,2302,7.53,0.00,107,,0.77,108/4
2020-04-13,2302,7.66,0.00,107,,0.79,108/4
2020-04-14,2302,7.65,0.00,107,,0.79,108/4
2020-04-15,2302,7.70,0.00,107,,0.79,108/4
2020-04-16,2302,7.63,0.00,107,,0.78,108/4
2020-04-17,2302,7.66,0.00,107,,0.79,108/4
2020-04-20,2302,7.58,0.00,107,,0.78,108/4
2020-04-21,2302,7.50,0.00,107,,0.77,108/4
2020-04-22,2302,7.48,0.00,107,,0.77,108/4
2020-04-23,2302,7.50,0.00,107,,0.77,108/4
2020-04-24,2302,7.50,0.00,107,,0.77,108/4
2020-04-27,2302,7.50,0.00,107,,0.77,108/4
2020-04-28,2302,7.42,0.00,107,,0.76,108/4
2020-04-29,2302,7.45,0.00,107,,0.77,108/4
2020-04-30,2302,7.45,0.00,107,,0.77,108/4
2020-05-04,2302,7.40,0.00,107,,0.76,108/4
2020-05-05,2302,7.45,0.00,107,,0.77,108/4
2020-05-06,2302,7.36,0.00,107,,0.76,108/4
2020-05-07,2302,7.34,0.00,107,,0.76,108/4
2020-05-08,2302,7.29,0.00,107,,0.75,108/4
2020-05-11,2302,7.30,0.00,107,,0.75,108/4
2020-05-12,2302,7.28,0.00,107,,0.75,108/4
2020-05-13,2302,7.11,0.00,107,,0.73,108/4
2020-05-14,2302,7.12,0.00,107,,0.74,109/1
2020-05-15,2302,7.08,0.00,107,,0.74,109/1
2020-05-18,2302,7.01,0.00,107,,0.73,109/1
2020-05-19,2302,7.07,0.00,107,,0.74,109/1
2020-05-20,2302,7.02,0.00,107,,0.73,109/1
2020-05-21,2302,7.13,0.00,107,,0.74,109/1
2020-05-22,2302,7.02,0.00,107,,0.73,109/1
2020-05-25,2302,6.98,0.00,107,,0.73,109/1
2020-05-26,2302,7.07,0.00,107,,0.74,109/1
2020-05-27,2302,7.03,0.00,107,,0.73,109/1
2020-05-28,2302,7.03,0.00,107,,0.73,109/1
2020-05-29,2302,7.08,0.00,107,,0.74,109/1
2020-06-01,2302,7.18,0.00,107,,0.75,109/1
2020-06-02,2302,7.20,0.00,107,,0.75,109/1
2020-06-03,2302,7.31,0.00,107,,0.76,109/1
2020-06-04,2302,7.37,0.00,107,,0.77,109/1
2020-06-05,2302,7.44,0.00,107,,0.78,109/1
2020-06-08,2302,7.36,0.00,107,,0.77,109/1
2020-06-09,2302,7.31,0.00,107,,0.76,109/1
2020-06-10,2302,7.36,0.00,107,,0.77,109/1
2020-06-11,2302,7.32,0.00,107,,0.76,109/1
2020-06-12,2302,7.38,0.00,107,,0.77,109/1
2020-06-15,2302,7.40,0.00,107,,0.77,109/1
2020-06-16,2302,7.42,0.00,107,,0.77,109/1
2020-06-17,2302,7.42,0.00,107,,0.77,109/1
2020-06-18,2302,7.33,0.00,107,,0.76,109/1
2020-06-19,2302,7.28,0.00,107,,0.76,109/1
2020-06-22,2302,7.55,0.00,107,,0.79,109/1
2020-06-23,2302,7.48,0.00,107,,0.78,109/1
2020-06-24,2302,7.43,0.00,108,,0.77,109/1
2020-06-29,2302,7.39,0.00,108,,0.77,109/1
2020-06-30,2302,7.37,0.00,108,,0.77,109/1
2020-07-01,2302,7.42,0.00,108,,0.77,109/1
2020-07-02,2302,7.50,0.00,108,,0.78,109/1
2020-07-03,2302,7.60,0.00,108,,0.79,109/1
2020-07-06,2302,8.36,0.00,108,,0.87,109/1
2020-07-07,2302,8.49,0.00,108,,0.89,109/1
2020-07-08,2302,8.45,0.00,108,,0.88,109/1
2020-07-09,2302,8.38,0.00,108,,0.87,109/1
2020-07-10,2302,8.23,0.00,108,,0.86,109/1
2020-07-13,2302,9.05,0.00,108,,0.94,109/1
2020-07-14,2302,9.95,0.00,108,,1.04,109/1
2020-07-15,2302,9.77,0.00,108,,1.02,109/1
2020-07-16,2302,9.57,0.00,108,,1.00,109/1
2020-07-17,2302,9.30,0.00,108,,0.97,109/1
2020-07-20,2302,9.10,0.00,108,,0.95,109/1
2020-07-21,2302,9.10,0.00,108,,0.95,109/1
2020-07-22,2302,9.22,0.00,108,,0.96,109/1
2020-07-23,2302,9.14,0.00,108,,0.95,109/1
2020-07-24,2302,9.06,0.00,108,,0.94,109/1
2020-07-27,2302,9.08,0.00,108,,0.95,109/1
2020-07-28,2302,8.87,0.00,108,,0.92,109/1
2020-07-29,2302,8.85,0.00,108,,0.92,109/1
2020-07-30,2302,8.92,0.00,108,,0.93,109/1
2020-07-31,2302,9.04,0.00,108,,0.94,109/1
2020-08-03,2302,9.03,0.00,108,,0.94,109/1
2020-08-04,2302,8.96,0.00,108,,0.93,109/1
2020-08-05,2302,8.99,0.00,108,,0.94,109/1
2020-08-06,2302,9.31,0.00,108,,0.97,109/1
2020-08-07,2302,9.30,0.00,108,,0.97,109/1
2020-08-10,2302,9.24,0.00,108,,0.96,109/1
2020-08-11,2302,9.19,0.00,108,,0.96,109/1
2020-08-12,2302,9.21,0.00,108,,0.96,109/1
2020-08-13,2302,9.13,0.00,108,,0.95,109/1
2020-08-14,2302,9.06,0.00,108,,0.95,109/2
2020-08-17,2302,8.95,0.00,108,,0.93,109/2
2020-08-18,2302,9.06,0.00,108,,0.95,109/2
2020-08-19,2302,9.96,0.00,108,,1.04,109/2
2020-08-20,2302,10.95,0.00,108,,1.14,109/2
2020-08-21,2302,10.55,0.00,108,,1.10,109/2
2020-08-24,2302,10.30,0.00,108,,1.08,109/2
2020-08-25,2302,9.90,0.00,108,,1.03,109/2
2020-08-26,2302,9.75,0.00,108,,1.02,109/2
2020-08-27,2302,9.73,0.00,108,,1.02,109/2
2020-08-28,2302,10.40,0.00,108,,1.09,109/2
2020-08-31,2302,10.15,0.00,108,,1.06,109/2
2020-09-01,2302,11.15,0.00,108,,1.16,109/2
2020-09-02,2302,11.95,0.00,108,,1.25,109/2
2020-09-03,2302,12.00,0.00,108,,1.25,109/2
2020-09-04,2302,11.95,0.00,108,,1.25,109/2
2020-09-07,2302,11.70,0.00,108,,1.22,109/2
2020-09-08,2302,11.50,0.00,108,,1.20,109/2
2020-09-09,2302,11.40,0.00,108,,1.19,109/2
2020-09-10,2302,11.95,0.00,108,,1.25,109/2
2020-09-11,2302,12.10,0.00,108,,1.26,109/2
2020-09-14,2302,13.00,0.00,108,,1.36,109/2
2020-09-15,2302,13.55,0.00,108,,1.41,109/2
2020-09-16,2302,13.70,0.00,108,,1.43,109/2
2020-09-17,2302,13.75,0.00,108,,1.44,109/2
2020-09-18,2302,14.85,0.00,108,,1.55,109/2
2020-09-21,2302,16.30,0.00,108,,1.70,109/2
2020-09-22,2302,17.25,0.00,108,,1.80,109/2
2020-09-23,2302,17.05,0.00,108,,1.78,109/2
2020-09-24,2302,16.00,0.00,108,,1.67,109/2
2020-09-25,2302,14.70,0.00,108,,1.53,109/2
2020-09-28,2302,14.60,0.00,108,,1.52,109/2
2020-09-29,2302,13.95,0.00,108,,1.46,109/2
2020-09-30,2302,14.65,0.00,108,,1.53,109/2
2020-10-05,2302,15.30,0.00,108,,1.60,109/2
2020-10-06,2302,15.20,0.00,108,,1.59,109/2
2020-10-07,2302,15.10,0.00,108,,1.58,109/2
2020-10-08,2302,14.90,0.00,108,,1.56,109/2
2020-10-12,2302,15.50,0.00,108,,1.62,109/2
2020-10-13,2302,15.15,0.00,108,,1.58,109/2
2020-10-14,2302,16.65,0.00,108,,1.74,109/2
2020-10-15,2302,16.85,0.00,108,,1.76,109/2
2020-10-16,2302,16.35,0.00,108,,1.71,109/2
2020-10-19,2302,16.00,0.00,108,,1.67,109/2
2020-10-20,2302,16.00,0.00,108,,1.67,109/2
2020-10-21,2302,15.85,0.00,108,,1.65,109/2
2020-10-22,2302,17.00,0.00,108,,1.77,109/2
2020-10-23,2302,16.70,0.00,108,,1.74,109/2
2020-10-26,2302,18.35,0.00,108,,1.92,109/2
2020-10-27,2302,20.15,0.00,108,,2.10,109/2
2020-10-28,2302,18.30,0.00,108,,1.91,109/2
2020-10-29,2302,17.95,0.00,108,,1.87,109/2
2020-10-30,2302,17.10,0.00,108,,1.78,109/2
2020-11-02,2302,17.50,0.00,108,,1.83,109/2
2020-11-03,2302,19.25,0.00,108,,2.01,109/2
2020-11-04,2302,18.95,0.00,108,,1.98,109/2
2020-11-05,2302,18.85,0.00,108,,1.97,109/2
2020-11-06,2302,18.85,0.00,108,,1.97,109/2
2020-11-09,2302,18.85,0.00,108,,1.97,109/2
2020-11-10,2302,18.00,0.00,108,,1.88,109/2
2020-11-11,2302,18.35,0.00,108,,1.92,109/2
2020-11-12,2302,18.15,0.00,108,,1.89,109/2
2020-11-13,2302,19.80,0.00,108,,2.07,109/2
2020-11-16,2302,20.15,0.00,108,403.00,2.04,109/3
2020-11-17,2302,19.80,0.00,108,396.00,2.01,109/3
2020-11-18,2302,19.20,0.00,108,384.00,1.95,109/3
2020-11-19,2302,19.50,0.00,108,390.00,1.98,109/3
2020-11-20,2302,19.65,0.00,108,393.00,1.99,109/3
2020-11-23,2302,20.50,0.00,108,410.00,2.08,109/3
2020-11-24,2302,20.00,0.00,108,400.00,2.03,109/3
2020-11-25,2302,19.70,0.00,108,394.00,2.00,109/3
2020-11-26,2302,19.60,0.00,108,392.00,1.99,109/3
2020-11-27,2302,19.95,0.00,108,399.00,2.02,109/3
2020-11-30,2302,19.60,0.00,108,392.00,1.99,109/3
2020-12-01,2302,19.40,0.00,108,388.00,1.97,109/3
2020-12-02,2302,19.15,0.00,108,383.00,1.94,109/3
2020-12-03,2302,18.15,0.00,108,363.00,1.84,109/3
2020-12-04,2302,17.85,0.00,108,357.00,1.81,109/3
2020-12-07,2302,19.45,0.00,108,389.00,1.97,109/3
2020-12-08,2302,19.00,0.00,108,380.00,1.93,109/3
2020-12-09,2302,18.75,0.00,108,375.00,1.90,109/3
2020-12-10,2302,18.40,0.00,108,368.00,1.86,109/3
2020-12-11,2302,20.20,0.00,108,404.00,2.05,109/3
2020-12-14,2302,20.70,0.00,108,414.00,2.10,109/3
2020-12-15,2302,21.65,0.00,108,433.00,2.19,109/3
2020-12-16,2302,23.80,0.00,108,476.00,2.41,109/3
2020-12-17,2302,26.15,0.00,108,523.00,2.65,109/3
2020-12-18,2302,27.80,0.00,108,556.00,2.82,109/3
2020-12-21,2302,25.10,0.00,108,502.00,2.54,109/3
2020-12-22,2302,23.35,0.00,108,467.00,2.37,109/3
2020-12-23,2302,24.40,0.00,108,488.00,2.47,109/3
2020-12-24,2302,24.50,0.00,108,490.00,2.48,109/3
2020-12-25,2302,24.50,0.00,108,490.00,2.48,109/3
2020-12-28,2302,24.70,0.00,108,494.00,2.50,109/3
2020-12-29,2302,23.80,0.00,108,476.00,2.41,109/3
2020-12-30,2302,23.95,0.00,108,479.00,2.43,109/3
2020-12-31,2302,24.50,0.00,108,490.00,2.48,109/3
2021-01-04,2302,26.30,0.00,108,526.00,2.66,109/3
2021-01-05,2302,24.30,0.00,108,486.00,2.46,109/3
2021-01-06,2302,23.60,0.00,108,472.00,2.39,109/3
2021-01-07,2302,23.85,0.00,108,477.00,2.42,109/3
2021-01-08,2302,23.90,0.00,108,478.00,2.42,109/3
2021-01-11,2302,23.70,0.00,108,474.00,2.40,109/3
2021-01-12,2302,22.15,0.00,108,443.00,2.24,109/3
2021-01-13,2302,22.25,0.00,108,445.00,2.25,109/3
2021-01-14,2302,21.55,0.00,108,431.00,2.18,109/3
2021-01-15,2302,21.70,0.00,108,434.00,2.20,109/3
2021-01-18,2302,22.90,0.00,108,458.00,2.32,109/3
2021-01-19,2302,22.00,0.00,108,440.00,2.23,109/3
2021-01-20,2302,20.25,0.00,108,405.00,2.05,109/3
2021-01-21,2302,20.00,0.00,108,400.00,2.03,109/3
2021-01-22,2302,20.00,0.00,108,400.00,2.03,109/3
2021-01-25,2302,20.40,0.00,108,408.00,2.07,109/3
2021-01-26,2302,20.10,0.00,108,402.00,2.04,109/3
2021-01-27,2302,20.05,0.00,108,401.00,2.03,109/3
2021-01-28,2302,20.00,0.00,108,400.00,2.03,109/3
2021-01-29,2302,22.00,0.00,108,440.00,2.23,109/3
2021-02-01,2302,23.00,0.00,108,460.00,2.33,109/3
2021-02-02,2302,21.90,0.00,108,438.00,2.22,109/3
2021-02-03,2302,21.10,0.00,108,422.00,2.14,109/3
2021-02-04,2302,20.60,0.00,108,412.00,2.09,109/3
2021-02-05,2302,20.80,0.00,108,416.00,2.11,109/3
2021-02-17,2302,20.80,0.00,108,416.00,2.11,109/3
2021-02-18,2302,20.95,0.00,108,419.00,2.12,109/3
2021-02-19,2302,21.40,0.00,108,428.00,2.17,109/3
2021-02-22,2302,22.20,0.00,108,444.00,2.25,109/3
2021-02-23,2302,21.75,0.00,108,435.00,2.20,109/3
2021-02-24,2302,21.20,0.00,108,424.00,2.15,109/3
2021-02-25,2302,21.20,0.00,108,424.00,2.15,109/3
2021-02-26,2302,20.70,0.00,108,414.00,2.10,109/3
2021-03-02,2302,20.20,0.00,108,404.00,2.05,109/3
2021-03-03,2302,20.40,0.00,108,408.00,2.07,109/3
2021-03-04,2302,20.10,0.00,108,402.00,2.04,109/3
2021-03-05,2302,20.00,0.00,108,400.00,2.03,109/3
2021-03-08,2302,20.00,0.00,108,400.00,2.03,109/3
2021-03-09,2302,20.00,0.00,108,400.00,2.03,109/3
2021-03-10,2302,20.15,0.00,108,403.00,2.04,109/3
2021-03-11,2302,20.10,0.00,108,402.00,2.04,109/3
2021-03-12,2302,20.25,0.00,108,405.00,2.05,109/3
2021-03-15,2302,22.25,0.00,108,445.00,2.25,109/3
2021-03-16,2302,22.25,0.00,108,445.00,2.25,109/3
2021-03-17,2302,21.60,0.00,108,432.00,2.19,109/3
2021-03-18,2302,21.10,0.00,108,422.00,2.14,109/3
2021-03-19,2302,21.10,0.00,108,422.00,2.14,109/3
2021-03-22,2302,21.20,0.00,108,424.00,2.15,109/3
2021-03-23,2302,21.00,0.00,108,420.00,2.13,109/3
2021-03-24,2302,20.85,0.00,108,417.00,2.11,109/3
2021-03-25,2302,20.50,0.00,108,410.00,2.08,109/3
2021-03-26,2302,20.90,0.00,108,418.00,2.12,109/3
2021-03-29,2302,21.20,0.00,108,424.00,2.15,109/3
2021-03-30,2302,21.40,0.00,108,428.00,2.17,109/3
2021-03-31,2302,21.05,0.00,108,32.89,2.01,109/4
2021-04-01,2302,21.85,0.00,108,34.14,2.09,109/4
2021-04-06,2302,22.05,0.00,108,34.45,2.11,109/4
2021-04-07,2302,22.50,0.00,108,35.16,2.15,109/4
2021-04-08,2302,24.75,0.00,108,38.67,2.37,109/4
2021-04-09,2302,23.10,0.00,108,36.09,2.21,109/4
2021-04-12,2302,22.75,1.32,109,35.55,2.17,109/4
2021-04-13,2302,21.85,1.37,109,34.14,2.09,109/4
2021-04-14,2302,21.35,1.41,109,33.36,2.04,109/4
2021-04-15,2302,21.85,1.37,109,34.14,2.09,109/4
2021-04-16,2302,22.15,1.35,109,34.61,2.12,109/4
2021-04-19,2302,22.60,1.33,109,35.31,2.16,109/4
2021-04-20,2302,22.20,1.35,109,34.69,2.12,109/4
2021-04-21,2302,21.70,1.38,109,33.91,2.07,109/4
2021-04-22,2302,20.55,1.46,109,32.11,1.96,109/4
2021-04-23,2302,21.05,1.43,109,32.89,2.01,109/4
2021-04-26,2302,22.65,1.32,109,35.39,2.17,109/4
2021-04-27,2302,22.40,1.34,109,35.00,2.14,109/4
2021-04-28,2302,22.10,1.36,109,34.53,2.11,109/4
2021-04-29,2302,21.60,1.39,109,33.75,2.07,109/4
2021-05-03,2302,20.95,1.43,109,32.73,2.00,109/4
2021-05-04,2302,20.40,1.47,109,31.88,1.95,109/4
2021-05-05,2302,21.95,1.37,109,34.30,2.10,109/4
2021-05-06,2302,21.00,1.43,109,32.81,2.01,109/4
2021-05-07,2302,21.85,1.37,109,34.14,2.09,109/4
2021-05-10,2302,21.75,1.38,109,33.98,2.08,109/4
2021-05-11,2302,20.30,1.48,109,31.72,1.94,109/4
2021-05-12,2302,18.35,1.63,109,28.67,1.75,109/4
2021-05-13,2302,17.15,1.75,109,26.80,1.64,109/4
2021-05-14,2302,16.65,1.80,109,21.91,1.63,110/1
2021-05-17,2302,15.00,2.00,109,19.74,1.47,110/1
2021-05-18,2302,16.50,1.82,109,21.71,1.62,110/1
2021-05-19,2302,17.25,1.74,109,22.70,1.69,110/1
2021-05-20,2302,16.40,1.83,109,21.58,1.61,110/1
2021-05-21,2302,16.70,1.80,109,21.97,1.64,110/1
2021-05-24,2302,17.10,1.75,109,22.50,1.68,110/1
2021-05-25,2302,17.70,1.69,109,23.29,1.74,110/1
2021-05-26,2302,17.55,1.71,109,23.09,1.72,110/1
2021-05-27,2302,17.30,1.73,109,22.76,1.70,110/1
2021-05-28,2302,17.50,1.71,109,23.03,1.72,110/1
2021-05-31,2302,18.10,1.66,109,23.82,1.78,110/1
2021-06-01,2302,18.25,1.64,109,24.01,1.79,110/1
2021-06-02,2302,17.80,1.69,109,23.42,1.75,110/1
2021-06-03,2302,17.85,1.68,109,23.49,1.75,110/1
2021-06-04,2302,17.50,1.71,109,23.03,1.72,110/1
2021-06-07,2302,17.15,1.75,109,22.57,1.68,110/1
2021-06-08,2302,17.40,1.72,109,22.89,1.71,110/1
2021-06-09,2302,17.20,1.74,109,22.63,1.69,110/1
2021-06-10,2302,17.55,1.71,109,23.09,1.72,110/1
2021-06-11,2302,17.30,1.73,109,22.76,1.70,110/1
2021-06-15,2302,17.50,1.71,109,23.03,1.72,110/1
2021-06-16,2302,17.25,1.74,109,22.70,1.69,110/1
2021-06-17,2302,17.75,1.69,109,23.36,1.74,110/1
2021-06-18,2302,17.65,1.70,109,23.22,1.73,110/1
2021-06-21,2302,17.10,1.75,109,22.50,1.68,110/1
2021-06-22,2302,17.05,1.76,109,22.43,1.67,110/1
2021-06-23,2302,17.40,1.72,109,22.89,1.71,110/1
2021-06-24,2302,19.10,1.57,109,25.13,1.87,110/1
2021-06-25,2302,19.70,1.52,109,25.92,1.93,110/1
2021-06-28,2302,19.10,1.57,109,25.13,1.87,110/1
2021-06-29,2302,19.15,1.57,109,25.20,1.88,110/1
2021-06-30,2302,19.30,1.55,109,25.39,1.89,110/1
2021-07-01,2302,19.00,1.58,109,25.00,1.86,110/1
2021-07-02,2302,19.40,1.55,109,25.53,1.90,110/1
2021-07-05,2302,21.30,1.41,109,28.03,2.09,110/1
2021-07-06,2302,20.30,1.48,109,26.71,1.99,110/1
2021-07-07,2302,20.00,1.50,109,26.32,1.96,110/1
2021-07-08,2302,21.00,1.43,109,27.63,2.06,110/1
2021-07-09,2302,22.40,1.34,109,29.47,2.20,110/1
2021-07-12,2302,22.00,1.36,109,28.95,2.16,110/1
2021-07-13,2302,21.25,1.41,109,27.96,2.09,110/1
2021-07-14,2302,20.20,1.49,109,26.58,1.98,110/1
2021-07-15,2302,20.50,1.46,109,26.97,2.01,110/1
2021-07-16,2302,20.25,1.48,109,26.64,1.99,110/1
2021-07-19,2302,20.10,1.49,109,26.45,1.97,110/1
2021-07-20,2302,19.30,1.55,109,25.39,1.89,110/1
2021-07-21,2302,20.20,1.49,109,26.58,1.98,110/1
2021-07-22,2302,20.20,1.49,109,26.58,1.98,110/1
2021-07-23,2302,20.45,1.47,109,26.91,2.01,110/1
2021-07-26,2302,20.80,1.44,109,27.37,2.04,110/1
2021-07-27,2302,20.00,1.50,109,26.32,1.96,110/1
2021-07-28,2302,19.35,1.55,109,25.46,1.90,110/1
2021-07-29,2302,19.55,1.53,109,25.72,1.92,110/1
2021-07-30,2302,19.55,1.53,109,25.72,1.92,110/1
2021-08-02,2302,19.60,1.53,109,25.79,1.92,110/1
2021-08-03,2302,19.75,1.52,109,25.99,1.94,110/1
2021-08-04,2302,19.75,1.52,109,25.99,1.94,110/1
2021-08-05,2302,19.40,1.55,109,25.53,1.90,110/1
2021-08-06,2302,19.65,1.53,109,25.86,1.93,110/1
2021-08-09,2302,19.10,1.57,109,25.13,1.87,110/1
2021-08-10,2302,18.45,1.63,109,24.28,1.81,110/1
2021-08-11,2302,18.05,1.66,109,23.75,1.77,110/1
2021-08-12,2302,18.70,1.60,109,24.61,1.84,110/1
2021-08-13,2302,18.05,1.66,109,23.75,1.77,110/1
2021-08-16,2302,17.60,1.70,109,19.56,1.69,110/2
2021-08-17,2302,16.85,1.78,109,18.72,1.61,110/2
2021-08-18,2302,17.85,1.68,109,19.83,1.71,110/2
2021-08-19,2302,16.90,1.78,109,18.78,1.62,110/2
2021-08-20,2302,16.85,1.78,109,18.72,1.61,110/2
2021-08-23,2302,17.55,1.71,109,19.50,1.68,110/2
2021-08-24,2302,17.60,1.70,109,19.56,1.69,110/2
2021-08-25,2302,17.80,1.69,109,19.78,1.70,110/2
2021-08-26,2302,17.45,1.72,109,19.39,1.67,110/2
2021-08-27,2302,17.70,1.69,109,19.67,1.70,110/2
2021-08-30,2302,17.65,1.70,109,19.61,1.69,110/2
2021-08-31,2302,17.85,1.68,109,19.83,1.71,110/2
2021-09-01,2302,17.90,1.68,109,19.89,1.71,110/2
2021-09-02,2302,17.40,1.72,109,19.33,1.67,110/2
2021-09-03,2302,17.55,1.71,109,19.50,1.68,110/2
2021-09-06,2302,16.90,1.78,109,18.78,1.62,110/2
2021-09-07,2302,16.65,1.80,109,18.50,1.59,110/2
2021-09-08,2302,16.15,1.86,109,17.94,1.55,110/2
2021-09-09,2302,16.60,1.81,109,18.44,1.59,110/2
2021-09-10,2302,17.10,1.75,109,19.00,1.64,110/2
2021-09-13,2302,17.05,1.76,109,18.94,1.63,110/2
2021-09-14,2302,16.90,1.78,109,18.78,1.62,110/2
2021-09-15,2302,16.50,1.82,109,18.33,1.58,110/2
2021-09-16,2302,16.45,1.82,109,18.28,1.58,110/2
2021-09-17,2302,16.40,1.83,109,18.22,1.57,110/2
2021-09-22,2302,16.00,1.88,109,17.78,1.53,110/2
2021-09-23,2302,16.25,1.85,109,18.06,1.56,110/2
2021-09-24,2302,16.30,1.84,109,18.11,1.56,110/2
2021-09-27,2302,16.50,1.82,109,18.33,1.58,110/2
2021-09-28,2302,16.30,1.84,109,18.11,1.56,110/2
2021-09-29,2302,16.05,1.87,109,17.83,1.54,110/2
2021-09-30,2302,16.20,1.85,109,18.00,1.55,110/2
2021-10-01,2302,15.50,1.94,109,17.22,1.48,110/2
2021-10-04,2302,15.00,2.00,109,16.67,1.44,110/2
2021-10-05,2302,15.10,1.99,109,16.78,1.45,110/2
2021-10-06,2302,15.00,2.00,109,16.67,1.44,110/2
2021-10-07,2302,15.50,1.94,109,17.22,1.48,110/2
2021-10-08,2302,15.60,1.92,109,17.33,1.49,110/2
2021-10-12,2302,15.30,1.96,109,17.00,1.47,110/2
2021-10-13,2302,15.05,1.99,109,16.72,1.44,110/2
2021-10-14,2302,15.15,1.98,109,16.83,1.45,110/2
2021-10-15,2302,15.60,1.92,109,17.33,1.49,110/2
2021-10-18,2302,15.75,1.90,109,17.50,1.51,110/2
2021-10-19,2302,16.65,1.80,109,18.50,1.59,110/2
2021-10-20,2302,16.60,1.81,109,18.44,1.59,110/2
2021-10-21,2302,16.60,1.81,109,18.44,1.59,110/2
2021-10-22,2302,16.50,1.82,109,18.33,1.58,110/2
2021-10-25,2302,16.45,1.82,109,18.28,1.58,110/2
2021-10-26,2302,16.30,1.84,109,18.11,1.56,110/2
2021-10-27,2302,16.65,1.80,109,18.50,1.59,110/2
2021-10-28,2302,16.50,1.82,109,18.33,1.58,110/2
2021-10-29,2302,16.70,1.80,109,18.56,1.60,110/2
2021-11-01,2302,18.35,1.63,109,20.39,1.76,110/2
2021-11-02,2302,18.85,1.59,109,20.94,1.81,110/2
2021-11-03,2302,18.10,1.66,109,20.11,1.73,110/2
2021-11-04,2302,17.65,1.70,109,19.61,1.69,110/2
2021-11-05,2302,17.75,1.69,109,19.72,1.70,110/2
2021-11-08,2302,17.40,1.72,109,19.33,1.67,110/2
2021-11-09,2302,17.45,1.72,109,19.39,1.67,110/2
2021-11-10,2302,17.70,1.69,109,19.67,1.70,110/2
2021-11-11,2302,17.20,1.74,109,19.11,1.65,110/2
2021-11-12,2302,17.30,1.73,109,19.22,1.66,110/2
2021-11-15,2302,17.60,1.70,109,20.00,1.66,110/3
2021-11-16,2302,17.65,1.70,109,20.06,1.67,110/3
2021-11-17,2302,17.85,1.68,109,20.28,1.68,110/3
2021-11-18,2302,17.85,1.68,109,20.28,1.68,110/3
2021-11-19,2302,17.80,1.69,109,20.23,1.68,110/3
2021-11-22,2302,17.75,1.69,109,20.17,1.67,110/3
2021-11-23,2302,17.40,1.72,109,19.77,1.64,110/3
2021-11-24,2302,17.35,1.73,109,19.72,1.64,110/3
2021-11-25,2302,17.30,1.73,109,19.66,1.63,110/3
2021-11-26,2302,16.95,1.77,109,19.26,1.60,110/3
2021-11-29,2302,17.05,1.76,109,19.38,1.61,110/3
2021-11-30,2302,17.15,1.75,109,19.49,1.62,110/3
2021-12-01,2302,17.05,1.76,109,19.38,1.61,110/3
2021-12-02,2302,17.05,1.76,109,19.38,1.61,110/3
2021-12-03,2302,17.30,1.73,109,19.66,1.63,110/3
2021-12-06,2302,16.95,1.77,109,19.26,1.60,110/3
2021-12-07,2302,16.90,1.78,109,19.20,1.59,110/3
2021-12-08,2302,16.90,1.78,109,19.20,1.59,110/3
2021-12-09,2302,17.20,1.74,109,19.55,1.62,110/3
2021-12-10,2302,16.90,1.78,109,19.20,1.59,110/3
2021-12-13,2302,16.95,1.77,109,19.26,1.60,110/3
2021-12-14,2302,16.55,1.81,109,18.81,1.56,110/3
2021-12-15,2302,16.50,1.82,109,18.75,1.56,110/3
2021-12-16,2302,16.75,1.79,109,19.03,1.58,110/3
2021-12-17,2302,16.70,1.80,109,18.98,1.58,110/3
2021-12-20,2302,16.65,1.80,109,18.92,1.57,110/3
2021-12-21,2302,16.70,1.80,109,18.98,1.58,110/3
2021-12-22,2302,16.65,1.80,109,18.92,1.57,110/3
2021-12-23,2302,16.95,1.77,109,19.26,1.60,110/3
2021-12-24,2302,16.80,1.79,109,19.09,1.58,110/3
2021-12-27,2302,17.05,1.76,109,19.38,1.61,110/3
2021-12-28,2302,17.10,1.75,109,19.43,1.61,110/3
2021-12-29,2302,17.00,1.76,109,19.32,1.60,110/3
2021-12-30,2302,16.90,1.78,109,19.20,1.59,110/3
2022-01-03,2302,17.60,1.70,109,20.00,1.66,110/3
2022-01-04,2302,17.30,1.73,109,19.66,1.63,110/3
2022-01-05,2302,16.95,1.77,109,19.26,1.60,110/3
2022-01-06,2302,16.80,1.79,109,19.09,1.58,110/3
2022-01-07,2302,16.60,1.81,109,18.86,1.57,110/3
2022-01-10,2302,16.60,1.81,109,18.86,1.57,110/3
2022-01-11,2302,16.20,1.85,109,18.41,1.53,110/3
2022-01-12,2302,16.25,1.85,109,18.47,1.53,110/3
2022-01-13,2302,16.15,1.86,109,18.35,1.52,110/3
2022-01-14,2302,15.90,1.89,109,18.07,1.50,110/3
2022-01-17,2302,16.20,1.85,109,18.41,1.53,110/3
2022-01-18,2302,15.95,1.88,109,18.13,1.50,110/3
2022-01-19,2302,15.80,1.90,109,17.95,1.49,110/3
2022-01-20,2302,15.85,1.89,109,18.01,1.50,110/3
2022-01-21,2302,15.60,1.92,109,17.73,1.47,110/3
2022-01-24,2302,15.80,1.90,109,17.95,1.49,110/3
2022-01-25,2302,15.50,1.94,109,17.61,1.46,110/3
2022-01-26,2302,15.60,1.92,109,17.73,1.47,110/3
2022-02-07,2302,15.90,1.89,109,18.07,1.50,110/3
2022-02-08,2302,16.00,1.88,109,18.18,1.51,110/3
2022-02-09,2302,16.20,1.85,109,18.41,1.53,110/3
2022-02-10,2302,16.45,1.82,109,18.69,1.55,110/3
2022-02-11,2302,16.60,1.81,109,18.86,1.57,110/3
2022-02-14,2302,16.15,1.86,109,18.35,1.52,110/3
2022-02-15,2302,16.25,1.85,109,18.47,1.53,110/3
2022-02-16,2302,16.30,1.84,109,18.52,1.54,110/3
2022-02-17,2302,16.00,1.88,109,18.18,1.51,110/3
2022-02-18,2302,16.00,1.88,109,18.18,1.51,110/3
2022-02-21,2302,16.00,1.88,109,18.18,1.51,110/3
2022-02-22,2302,15.70,1.91,109,17.84,1.48,110/3
2022-02-23,2302,15.75,1.90,109,17.90,1.49,110/3
2022-02-24,2302,15.30,1.96,109,17.39,1.44,110/3
2022-02-25,2302,15.45,1.94,109,17.56,1.46,110/3
2022-03-01,2302,15.75,1.90,109,17.90,1.49,110/3
2022-03-02,2302,15.75,1.90,109,17.90,1.49,110/3
2022-03-03,2302,15.75,1.90,109,17.90,1.49,110/3
2022-03-04,2302,15.70,1.91,109,17.84,1.48,110/3
2022-03-07,2302,15.20,1.97,109,17.27,1.43,110/3
2022-03-08,2302,14.90,2.01,109,16.93,1.41,110/3
2022-03-09,2302,15.20,1.97,109,17.27,1.43,110/3
2022-03-10,2302,15.40,1.95,109,17.50,1.45,110/3
2022-03-11,2302,15.35,1.95,109,17.44,1.45,110/3
2022-03-14,2302,15.25,1.97,109,17.33,1.44,110/3
2022-03-15,2302,15.05,1.99,109,17.10,1.42,110/3
2022-03-16,2302,15.20,1.97,109,17.27,1.43,110/3
2022-03-17,2302,15.40,1.95,109,17.50,1.45,110/3
2022-03-18,2302,15.35,1.95,109,17.44,1.45,110/3
2022-03-21,2302,15.45,1.94,109,17.56,1.46,110/3
2022-03-22,2302,15.40,1.95,109,17.50,1.45,110/3
2022-03-23,2302,15.45,1.94,109,17.56,1.46,110/3
2022-03-24,2302,15.25,1.97,109,17.33,1.44,110/3
2022-03-25,2302,15.25,1.97,109,17.33,1.44,110/3
2022-03-28,2302,15.20,1.97,109,17.27,1.43,110/3
2022-03-29,2302,15.25,1.97,109,17.33,1.44,110/3
2022-03-30,2302,15.90,1.89,109,18.07,1.50,110/3
2022-03-31,2302,15.70,1.91,109,30.78,1.45,110/4
2022-04-01,2302,15.95,1.88,109,31.27,1.48,110/4
2022-04-06,2302,15.95,1.88,109,31.27,1.48,110/4
2022-04-07,2302,15.95,1.88,109,31.27,1.48,110/4
2022-04-08,2302,16.05,1.87,109,31.47,1.48,110/4
2022-04-11,2302,15.55,1.93,109,30.49,1.44,110/4
2022-04-12,2302,15.40,1.95,109,30.20,1.42,110/4
2022-04-13,2302,15.85,1.89,109,31.08,1.47,110/4
2022-04-14,2302,15.70,1.91,109,30.78,1.45,110/4
2022-04-15,2302,15.50,1.94,109,30.39,1.43,110/4
2022-04-18,2302,15.30,1.96,109,30.00,1.42,110/4
2022-04-19,2302,15.55,1.93,109,30.49,1.44,110/4
2022-04-20,2302,15.60,1.92,109,30.59,1.44,110/4
2022-04-21,2302,15.65,1.92,109,30.69,1.45,110/4
2022-04-22,2302,15.65,1.92,109,30.69,1.45,110/4
2022-04-25,2302,15.45,1.94,109,30.29,1.43,110/4
2022-04-26,2302,15.35,3.91,110,30.10,1.42,110/4
2022-04-27,2302,15.00,4.00,110,29.41,1.39,110/4
2022-04-28,2302,15.00,4.00,110,29.41,1.39,110/4
2022-04-29,2302,15.10,3.97,110,29.61,1.40,110/4
2022-05-03,2302,14.90,4.03,110,29.22,1.38,110/4
2022-05-04,2302,15.10,3.97,110,29.61,1.40,110/4
2022-05-05,2302,16.60,3.61,110,32.55,1.54,110/4
2022-05-06,2302,16.00,3.75,110,31.37,1.48,110/4
2022-05-09,2302,15.95,3.76,110,31.27,1.48,110/4
2022-05-10,2302,15.80,3.80,110,30.98,1.46,110/4
2022-05-11,2302,16.10,3.73,110,31.57,1.49,110/4
2022-05-12,2302,16.45,3.65,110,32.25,1.52,110/4
2022-05-13,2302,16.55,3.63,110,32.45,1.53,110/4
2022-05-16,2302,16.55,3.63,110,23.99,1.58,111/1
2022-05-17,2302,17.05,3.52,110,24.71,1.63,111/1
2022-05-18,2302,17.10,3.51,110,24.78,1.63,111/1
2022-05-19,2302,16.45,3.65,110,23.84,1.57,111/1
2022-05-20,2302,17.40,3.45,110,25.22,1.66,111/1
2022-05-23,2302,19.10,3.14,110,27.68,1.82,111/1
2022-05-24,2302,19.05,3.15,110,27.61,1.82,111/1
2022-05-25,2302,19.10,3.14,110,27.68,1.82,111/1
2022-05-26,2302,18.15,3.31,110,26.30,1.73,111/1
2022-05-27,2302,18.15,3.31,110,26.30,1.73,111/1
2022-05-30,2302,18.95,3.17,110,27.46,1.81,111/1
2022-05-31,2302,18.65,3.22,110,27.03,1.78,111/1
2022-06-01,2302,19.00,3.16,110,27.54,1.81,111/1
2022-06-02,2302,19.45,3.08,110,28.19,1.85,111/1
2022-06-06,2302,18.90,3.17,110,27.39,1.80,111/1
2022-06-07,2302,18.10,3.31,110,26.23,1.73,111/1
2022-06-08,2302,17.95,3.34,110,26.01,1.71,111/1
2022-06-09,2302,17.90,3.35,110,25.94,1.71,111/1
2022-06-10,2302,17.85,3.36,110,25.87,1.70,111/1
2022-06-13,2302,17.10,3.51,110,24.78,1.63,111/1
2022-06-14,2302,18.00,3.33,110,26.09,1.72,111/1
2022-06-15,2302,18.20,3.30,110,26.38,1.73,111/1
2022-06-16,2302,17.40,3.45,110,25.22,1.66,111/1
2022-06-17,2302,17.60,3.41,110,25.51,1.68,111/1
2022-06-20,2302,17.15,3.50,110,24.86,1.63,111/1
2022-06-21,2302,17.85,3.36,110,25.87,1.70,111/1
2022-06-22,2302,16.90,3.55,110,24.49,1.61,111/1
2022-06-23,2302,17.25,3.48,110,25.00,1.64,111/1
2022-06-24,2302,18.60,3.23,110,26.96,1.77,111/1
2022-06-27,2302,19.70,3.05,110,28.55,1.88,111/1
2022-06-28,2302,19.65,3.05,110,28.48,1.87,111/1
2022-06-29,2302,17.85,3.36,110,25.87,1.70,111/1
2022-06-30,2302,17.10,3.51,110,24.78,1.63,111/1
2022-07-01,2302,15.75,3.81,110,22.83,1.50,111/1
2022-07-04,2302,15.35,3.91,110,22.25,1.46,111/1
2022-07-05,2302,15.40,3.90,110,22.32,1.47,111/1
2022-07-06,2302,14.85,4.04,110,21.52,1.42,111/1
2022-07-07,2302,15.55,3.86,110,22.54,1.48,111/1
2022-07-08,2302,15.95,3.76,110,23.12,1.52,111/1
2022-07-11,2302,15.70,3.82,110,22.75,1.50,111/1
2022-07-12,2302,14.95,4.01,110,21.67,1.43,111/1
2022-07-13,2302,15.70,3.82,110,22.75,1.50,111/1
2022-07-14,2302,15.90,3.77,110,23.04,1.52,111/1
2022-07-15,2302,15.85,3.79,110,22.97,1.51,111/1
2022-07-18,2302,16.45,3.65,110,23.84,1.57,111/1
2022-07-19,2302,16.50,3.64,110,23.91,1.57,111/1
2022-07-20,2302,16.65,3.60,110,24.13,1.59,111/1
2022-07-21,2302,16.20,3.70,110,23.48,1.54,111/1
2022-07-22,2302,16.80,3.57,110,24.35,1.60,111/1
2022-07-25,2302,16.20,3.70,110,23.48,1.54,111/1
2022-07-26,2302,15.75,3.81,110,22.83,1.50,111/1
2022-07-27,2302,16.15,3.72,110,23.41,1.54,111/1
2022-07-28,2302,15.75,3.81,110,22.83,1.50,111/1
2022-07-29,2302,16.80,3.57,110,24.35,1.60,111/1
2022-08-01,2302,16.45,3.65,110,23.84,1.57,111/1
2022-08-02,2302,16.05,3.74,110,23.26,1.53,111/1
2022-08-03,2302,15.70,3.82,110,22.75,1.50,111/1
2022-08-04,2302,15.65,3.83,110,22.68,1.49,111/1
2022-08-05,2302,15.95,3.76,110,23.12,1.52,111/1
2022-08-08,2302,16.20,3.70,110,23.48,1.54,111/1
2022-08-09,2302,15.95,3.76,110,23.12,1.52,111/1
2022-08-10,2302,16.25,3.69,110,23.55,1.55,111/1
2022-08-11,2302,16.20,3.70,110,23.48,1.54,111/1
2022-08-12,2302,16.50,3.64,110,23.91,1.57,111/1
2022-08-15,2302,16.80,3.57,110,18.88,1.58,111/2
2022-08-16,2302,17.30,3.47,110,19.44,1.63,111/2
2022-08-17,2302,17.70,3.39,110,19.89,1.67,111/2
2022-08-18,2302,18.30,3.28,110,20.56,1.72,111/2
2022-08-19,2302,18.70,3.21,110,21.01,1.76,111/2
2022-08-22,2302,18.60,3.23,110,20.90,1.75,111/2
2022-08-23,2302,18.35,3.27,110,20.62,1.73,111/2
2022-08-24,2302,19.10,3.14,110,21.46,1.80,111/2
2022-08-25,2302,19.10,3.14,110,21.46,1.80,111/2
2022-08-26,2302,18.90,3.17,110,21.24,1.78,111/2
2022-08-29,2302,18.85,3.18,110,21.18,1.77,111/2
2022-08-30,2302,18.85,3.18,110,21.18,1.77,111/2
2022-08-31,2302,18.80,3.19,110,21.12,1.77,111/2
2022-09-01,2302,17.90,3.35,110,20.11,1.69,111/2
2022-09-02,2302,18.65,3.22,110,20.96,1.76,111/2
2022-09-05,2302,18.05,3.32,110,20.28,1.70,111/2
2022-09-06,2302,17.60,3.41,110,19.78,1.66,111/2
2022-09-07,2302,17.45,3.44,110,19.61,1.64,111/2
2022-09-08,2302,17.75,3.38,110,19.94,1.67,111/2
2022-09-12,2302,18.70,3.21,110,21.01,1.76,111/2
2022-09-13,2302,18.95,3.17,110,21.29,1.78,111/2
2022-09-14,2302,19.30,3.11,110,21.69,1.82,111/2
2022-09-15,2302,18.95,3.17,110,21.29,1.78,111/2
2022-09-16,2302,18.80,3.19,110,21.12,1.77,111/2
2022-09-19,2302,18.10,3.31,110,20.34,1.70,111/2
2022-09-20,2302,18.25,3.29,110,20.51,1.72,111/2
2022-09-21,2302,17.65,3.40,110,19.83,1.66,111/2
2022-09-22,2302,17.90,3.35,110,20.11,1.69,111/2
2022-09-23,2302,17.20,3.49,110,19.33,1.62,111/2
2022-09-26,2302,16.20,3.70,110,18.20,1.53,111/2
2022-09-27,2302,16.45,3.65,110,18.48,1.55,111/2
2022-09-28,2302,15.50,3.87,110,17.42,1.46,111/2
2022-09-29,2302,15.95,3.76,110,17.92,1.50,111/2
2022-09-30,2302,16.10,3.73,110,18.09,1.52,111/2
2022-10-03,2302,15.80,3.80,110,17.75,1.49,111/2
2022-10-04,2302,16.30,3.68,110,18.31,1.53,111/2
2022-10-05,2302,16.10,3.73,110,18.09,1.52,111/2
2022-10-06,2302,16.25,3.69,110,18.26,1.53,111/2
2022-10-07,2302,15.90,3.77,110,17.87,1.50,111/2
2022-10-11,2302,15.40,3.90,110,17.30,1.45,111/2
2022-10-12,2302,15.45,3.88,110,17.36,1.45,111/2
2022-10-13,2302,14.35,4.18,110,16.12,1.35,111/2
2022-10-14,2302,15.25,3.93,110,17.13,1.44,111/2
2022-10-17,2302,15.00,4.00,110,16.85,1.41,111/2
2022-10-18,2302,15.10,3.97,110,16.97,1.42,111/2
2022-10-19,2302,15.00,4.00,110,16.85,1.41,111/2
2022-10-20,2302,14.65,4.10,110,16.46,1.38,111/2
2022-10-21,2302,14.30,4.20,110,16.07,1.35,111/2
2022-10-24,2302,14.55,4.12,110,16.35,1.37,111/2
2022-10-25,2302,14.35,4.18,110,16.12,1.35,111/2
2022-10-26,2302,14.35,4.18,110,16.12,1.35,111/2
2022-10-27,2302,14.85,4.04,110,16.69,1.40,111/2
2022-10-28,2302,14.35,4.18,110,16.12,1.35,111/2
2022-10-31,2302,14.60,4.11,110,16.40,1.37,111/2
2022-11-01,2302,15.05,3.99,110,16.91,1.42,111/2
2022-11-02,2302,15.55,3.86,110,17.47,1.46,111/2
2022-11-03,2302,15.55,3.86,110,17.47,1.46,111/2
2022-11-04,2302,16.50,3.64,110,18.54,1.55,111/2
2022-11-07,2302,18.15,3.31,110,20.39,1.71,111/2
2022-11-08,2302,18.35,3.27,110,20.62,1.73,111/2
2022-11-09,2302,18.85,3.18,110,21.18,1.77,111/2
2022-11-10,2302,18.90,3.17,110,18.53,1.72,111/3
2022-11-11,2302,18.70,3.21,110,18.33,1.70,111/3
2022-11-14,2302,19.10,3.14,110,18.73,1.74,111/3
2022-11-15,2302,18.70,3.21,110,18.33,1.70,111/3
2022-11-16,2302,18.45,3.25,110,18.09,1.68,111/3
2022-11-17,2302,18.70,3.21,110,18.33,1.70,111/3
2022-11-18,2302,18.75,3.20,110,18.38,1.71,111/3
2022-11-21,2302,19.05,3.15,110,18.68,1.73,111/3
2022-11-22,2302,18.55,3.23,110,18.19,1.69,111/3
2022-11-23,2302,18.60,3.23,110,18.24,1.69,111/3
2022-11-24,2302,18.85,3.18,110,18.48,1.72,111/3
2022-11-25,2302,18.50,3.24,110,18.14,1.68,111/3
2022-11-28,2302,18.60,3.23,110,18.24,1.69,111/3
2022-11-29,2302,18.85,3.18,110,18.48,1.72,111/3
2022-11-30,2302,18.80,3.19,110,18.43,1.71,111/3
2022-12-01,2302,19.10,3.14,110,18.73,1.74,111/3
2022-12-02,2302,18.90,3.17,110,18.53,1.72,111/3
2022-12-05,2302,19.00,3.16,110,18.63,1.73,111/3
2022-12-06,2302,18.30,3.28,110,17.94,1.67,111/3
2022-12-07,2302,17.65,3.40,110,17.30,1.61,111/3
2022-12-08,2302,17.85,3.36,110,17.50,1.63,111/3
2022-12-09,2302,17.70,3.39,110,17.35,1.61,111/3
2022-12-12,2302,18.15,3.31,110,17.79,1.65,111/3
2022-12-13,2302,18.00,3.33,110,17.65,1.64,111/3
2022-12-14,2302,18.55,3.23,110,18.19,1.69,111/3
2022-12-15,2302,18.50,3.24,110,18.14,1.68,111/3
2022-12-16,2302,17.85,3.36,110,17.50,1.63,111/3
2022-12-19,2302,17.80,3.37,110,17.45,1.62,111/3
2022-12-20,2302,17.05,3.52,110,16.72,1.55,111/3
2022-12-21,2302,17.00,3.53,110,16.67,1.55,111/3
2022-12-22,2302,17.20,3.49,110,16.86,1.57,111/3
2022-12-23,2302,17.05,3.52,110,16.72,1.55,111/3
2022-12-26,2302,17.00,3.53,110,16.67,1.55,111/3
2022-12-27,2302,17.00,3.53,110,16.67,1.55,111/3
2022-12-28,2302,16.80,3.57,110,16.47,1.53,111/3
2022-12-29,2302,16.70,3.59,110,16.37,1.52,111/3
2022-12-30,2302,16.70,3.59,110,16.37,1.52,111/3
2023-01-03,2302,16.75,3.58,110,16.42,1.53,111/3
2023-01-04,2302,16.70,3.59,110,16.37,1.52,111/3
2023-01-05,2302,16.70,3.59,110,16.37,1.52,111/3
2023-01-06,2302,16.80,3.57,110,16.47,1.53,111/3
2023-01-09,2302,17.05,3.52,110,16.72,1.55,111/3
2023-01-10,2302,16.90,3.55,110,16.57,1.54,111/3
2023-01-11,2302,16.15,3.72,110,15.83,1.47,111/3
2023-01-12,2302,15.85,3.79,110,15.54,1.44,111/3
2023-01-13,2302,15.60,3.85,110,15.29,1.42,111/3
2023-01-16,2302,15.50,3.87,110,15.20,1.41,111/3
2023-01-17,2302,15.80,3.80,110,15.49,1.44,111/3
2023-01-30,2302,16.15,3.72,110,15.83,1.47,111/3
2023-01-31,2302,17.05,3.52,110,16.72,1.55,111/3
2023-02-01,2302,17.05,3.52,110,16.72,1.55,111/3
2023-02-02,2302,17.00,3.53,110,16.67,1.55,111/3
2023-02-03,2302,16.90,3.55,110,16.57,1.54,111/3
2023-02-06,2302,16.80,3.57,110,16.47,1.53,111/3
2023-02-07,2302,17.55,3.42,110,17.21,1.60,111/3
2023-02-08,2302,17.30,3.47,110,16.96,1.58,111/3
2023-02-09,2302,17.60,3.41,110,17.25,1.60,111/3
2023-02-10,2302,17.10,3.51,110,16.76,1.56,111/3
2023-02-13,2302,16.90,3.55,110,16.57,1.54,111/3
2023-02-14,2302,17.75,3.38,110,17.40,1.62,111/3
2023-02-15,2302,17.85,3.36,110,17.50,1.63,111/3
2023-02-16,2302,17.70,3.39,110,17.35,1.61,111/3
2023-02-17,2302,17.60,3.41,110,17.25,1.60,111/3
2023-02-20,2302,17.70,3.39,110,17.35,1.61,111/3
2023-02-21,2302,17.60,3.41,110,17.25,1.60,111/3
2023-02-22,2302,17.35,3.46,110,17.01,1.58,111/3
2023-02-23,2302,17.65,3.40,110,17.30,1.61,111/3
2023-02-24,2302,17.50,3.43,110,17.16,1.59,111/3
2023-03-01,2302,17.50,3.43,110,17.16,1.59,111/3
2023-03-02,2302,17.35,3.46,110,17.01,1.58,111/3
2023-03-03,2302,17.55,3.42,110,17.21,1.60,111/3
2023-03-06,2302,19.25,3.12,110,18.87,1.75,111/3
2023-03-07,2302,19.55,3.07,110,19.17,1.78,111/3
2023-03-08,2302,19.10,3.14,110,18.73,1.74,111/3
2023-03-09,2302,19.10,3.14,110,18.73,1.74,111/3
2023-03-10,2302,19.55,3.07,110,19.17,1.78,111/3
2023-03-13,2302,19.15,3.13,110,18.77,1.74,111/3
2023-03-14,2302,18.40,3.26,110,18.04,1.68,111/3
2023-03-15,2302,19.90,3.02,110,19.51,1.81,111/3
2023-03-16,2302,18.90,3.17,110,18.53,1.72,111/3
2023-03-17,2302,19.35,3.10,110,18.97,1.76,111/3
2023-03-20,2302,19.80,3.03,110,19.41,1.80,111/3
2023-03-21,2302,21.75,2.76,110,21.32,1.98,111/3
2023-03-22,2302,22.35,2.68,110,21.91,2.04,111/3
2023-03-23,2302,21.25,2.82,110,20.83,1.94,111/3
2023-03-24,2302,22.30,2.69,110,21.86,2.03,111/3
2023-03-27,2302,21.50,2.79,110,20.28,1.93,111/4
2023-03-28,2302,20.95,3.82,111,19.76,1.88,111/4
2023-03-29,2302,21.45,3.73,111,20.24,1.93,111/4
2023-03-30,2302,22.55,3.55,111,21.27,2.03,111/4
2023-03-31,2302,22.85,3.50,111,21.56,2.05,111/4
2023-04-06,2302,22.05,3.63,111,20.80,1.98,111/4
2023-04-07,2302,23.10,3.46,111,21.79,2.08,111/4
2023-04-10,2302,23.00,3.48,111,21.70,2.07,111/4
2023-04-11,2302,22.70,3.52,111,21.42,2.04,111/4
2023-04-12,2302,22.75,3.52,111,21.46,2.05,111/4
2023-04-13,2302,21.80,3.67,111,20.57,1.96,111/4
2023-04-14,2302,21.90,3.65,111,20.66,1.97,111/4
2023-04-17,2302,22.30,3.59,111,21.04,2.01,111/4
2023-04-18,2302,22.05,3.63,111,20.80,1.98,111/4
2023-04-19,2302,22.30,3.59,111,21.04,2.01,111/4
2023-04-20,2302,21.50,3.72,111,20.28,1.93,111/4
2023-04-21,2302,20.95,3.82,111,19.76,1.88,111/4
2023-04-24,2302,21.00,3.81,111,19.81,1.89,111/4
2023-04-25,2302,20.45,3.91,111,19.29,1.84,111/4
2023-04-26,2302,20.55,3.89,111,19.39,1.85,111/4
2023-04-27,2302,20.30,3.94,111,19.15,1.83,111/4
2023-04-28,2302,20.60,3.88,111,19.43,1.85,111/4
2023-05-02,2302,20.60,3.88,111,19.43,1.85,111/4
2023-05-03,2302,20.00,4.00,111,18.87,1.80,111/4
2023-05-04,2302,20.05,3.99,111,18.92,1.80,111/4
2023-05-05,2302,19.90,4.02,111,18.77,1.79,111/4
2023-05-08,2302,20.05,3.99,111,18.92,1.80,111/4
2023-05-09,2302,19.40,4.12,111,18.30,1.74,111/4
2023-05-10,2302,19.60,4.08,111,18.49,1.76,111/4
2023-05-11,2302,19.20,4.17,111,18.11,1.73,111/4
2023-05-12,2302,19.55,4.09,111,18.44,1.76,111/4
2023-05-15,2302,19.10,4.19,111,20.99,1.84,112/1
2023-05-16,2302,19.40,4.12,111,21.32,1.87,112/1
2023-05-17,2302,19.55,4.09,111,21.48,1.89,112/1
2023-05-18,2302,19.45,4.11,111,21.37,1.88,112/1
2023-05-19,2302,19.10,4.19,111,20.99,1.84,112/1
2023-05-22,2302,20.00,4.00,111,21.98,1.93,112/1
2023-05-23,2302,19.85,4.03,111,21.81,1.91,112/1
2023-05-24,2302,19.90,4.02,111,21.87,1.92,112/1
2023-05-25,2302,19.50,4.10,111,21.43,1.88,112/1
2023-05-26,2302,19.35,4.13,111,21.26,1.87,112/1
2023-05-29,2302,19.90,4.02,111,21.87,1.92,112/1
2023-05-30,2302,20.90,3.83,111,22.97,2.02,112/1
2023-05-31,2302,20.70,3.86,111,22.75,2.00,112/1
2023-06-01,2302,21.25,3.76,111,23.35,2.05,112/1
2023-06-02,2302,20.95,3.82,111,23.02,2.02,112/1
2023-06-05,2302,21.30,3.76,111,23.41,2.05,112/1
2023-06-06,2302,21.30,3.76,111,23.41,2.05,112/1
2023-06-07,2302,21.25,3.76,111,23.35,2.05,112/1
2023-06-08,2302,21.35,3.75,111,23.46,2.06,112/1
2023-06-09,2302,21.50,3.72,111,23.63,2.07,112/1
2023-06-12,2302,20.80,3.85,111,22.86,2.01,112/1
2023-06-13,2302,21.10,3.79,111,23.19,2.03,112/1
2023-06-14,2302,21.40,3.74,111,23.52,2.06,112/1
2023-06-15,2302,21.40,3.74,111,23.52,2.06,112/1
2023-06-16,2302,20.90,3.83,111,22.97,2.02,112/1
2023-06-19,2302,20.50,3.90,111,22.53,1.98,112/1
2023-06-20,2302,20.05,3.99,111,22.03,1.93,112/1
2023-06-21,2302,20.25,3.95,111,22.25,1.95,112/1
2023-06-26,2302,19.60,4.08,111,21.54,1.89,112/1
2023-06-27,2302,19.70,4.06,111,21.65,1.90,112/1
2023-06-28,2302,19.75,4.05,111,21.70,1.90,112/1
2023-06-29,2302,20.00,4.00,111,21.98,1.93,112/1
2023-06-30,2302,20.10,3.98,111,22.09,1.94,112/1
2023-07-03,2302,20.15,3.97,111,22.14,1.94,112/1
2023-07-04,2302,20.20,3.96,111,22.20,1.95,112/1
2023-07-05,2302,20.50,3.90,111,22.53,1.98,112/1
2023-07-06,2302,20.55,3.89,111,22.58,1.98,112/1
2023-07-07,2302,20.20,3.96,111,22.20,1.95,112/1
2023-07-10,2302,20.65,3.87,111,22.69,1.99,112/1
2023-07-11,2302,19.95,4.01,111,21.92,1.92,112/1
2023-07-12,2302,19.65,4.07,111,21.59,1.89,112/1
2023-07-13,2302,19.10,4.19,111,20.99,1.84,112/1
2023-07-14,2302,18.90,4.23,111,20.77,1.82,112/1
2023-07-17,2302,18.80,4.26,111,20.66,1.81,112/1
2023-07-18,2302,18.30,4.37,111,20.11,1.76,112/1
2023-07-19,2302,18.00,4.44,111,19.78,1.74,112/1
2023-07-20,2302,18.05,4.43,111,19.84,1.74,112/1
2023-07-21,2302,18.05,4.43,111,19.84,1.74,112/1
2023-07-24,2302,17.60,4.55,111,19.34,1.70,112/1
2023-07-25,2302,17.80,4.49,111,19.56,1.72,112/1
2023-07-26,2302,17.55,4.56,111,19.29,1.69,112/1
2023-07-27,2302,18.05,4.43,111,19.84,1.74,112/1
2023-07-28,2302,18.20,4.40,111,20.00,1.76,112/1
2023-07-31,2302,18.30,4.37,111,20.11,1.76,112/1
2023-08-01,2302,18.10,4.42,111,19.89,1.75,112/1
2023-08-02,2302,18.10,4.42,111,19.89,1.75,112/1
2023-08-04,2302,17.25,4.64,111,18.96,1.66,112/1
2023-08-07,2302,17.70,4.52,111,19.45,1.71,112/1
2023-08-08,2302,17.65,4.53,111,19.40,1.70,112/1
2023-08-09,2302,17.65,4.53,111,19.40,1.70,112/1
2023-08-10,2302,17.25,4.64,111,18.96,1.66,112/1
2023-08-11,2302,17.35,4.61,111,21.42,1.66,112/2
2023-08-14,2302,16.95,4.72,111,20.93,1.62,112/2
2023-08-15,2302,17.40,4.60,111,21.48,1.66,112/2
2023-08-16,2302,17.25,4.64,111,21.30,1.65,112/2
2023-08-17,2302,17.60,4.55,111,21.73,1.68,112/2
2023-08-18,2302,17.35,4.61,111,21.42,1.66,112/2
2023-08-21,2302,17.30,4.62,111,21.36,1.65,112/2
2023-08-22,2302,17.30,4.62,111,21.36,1.65,112/2
2023-08-23,2302,17.55,4.56,111,21.67,1.68,112/2
2023-08-24,2302,17.65,4.53,111,21.79,1.69,112/2
2023-08-25,2302,17.70,4.52,111,21.85,1.69,112/2
2023-08-28,2302,17.35,4.61,111,21.42,1.66,112/2
2023-08-29,2302,17.55,4.56,111,21.67,1.68,112/2
2023-08-30,2302,18.05,4.43,111,22.28,1.73,112/2
2023-08-31,2302,17.90,4.47,111,22.10,1.71,112/2
2023-09-01,2302,18.05,4.43,111,22.28,1.73,112/2
2023-09-04,2302,18.15,4.41,111,22.41,1.74,112/2
2023-09-05,2302,18.15,4.41,111,22.41,1.74,112/2
2023-09-06,2302,18.05,4.43,111,22.28,1.73,112/2
2023-09-07,2302,17.90,4.47,111,22.10,1.71,112/2
2023-09-08,2302,17.85,4.48,111,22.04,1.71,112/2
2023-09-11,2302,17.55,4.56,111,21.67,1.68,112/2
2023-09-12,2302,17.40,4.60,111,21.48,1.66,112/2
2023-09-13,2302,17.55,4.56,111,21.67,1.68,112/2
2023-09-14,2302,17.75,4.51,111,21.91,1.70,112/2
2023-09-15,2302,17.80,4.49,111,21.98,1.70,112/2
2023-09-18,2302,17.90,4.47,111,22.10,1.71,112/2
2023-09-19,2302,17.85,4.48,111,22.04,1.71,112/2
2023-09-20,2302,17.60,4.55,111,21.73,1.68,112/2
2023-09-21,2302,17.25,4.64,111,21.30,1.65,112/2
2023-09-22,2302,17.20,4.65,111,21.23,1.64,112/2
2023-09-25,2302,17.45,4.58,111,21.54,1.67,112/2
2023-09-26,2302,17.50,4.57,111,21.60,1.67,112/2
2023-09-27,2302,17.35,4.61,111,21.42,1.66,112/2
2023-09-28,2302,17.50,4.57,111,21.60,1.67,112/2
2023-10-02,2302,17.70,4.52,111,21.85,1.69,112/2
2023-10-03,2302,17.80,4.49,111,21.98,1.70,112/2
2023-10-04,2302,17.85,4.48,111,22.04,1.71,112/2
2023-10-05,2302,18.00,4.44,111,22.22,1.72,112/2
2023-10-06,2302,18.00,4.44,111,22.22,1.72,112/2
2023-10-11,2302,17.70,4.52,111,21.85,1.69,112/2
2023-10-12,2302,17.70,4.52,111,21.85,1.69,112/2
2023-10-13,2302,17.80,4.49,111,21.98,1.70,112/2
2023-10-16,2302,17.65,4.53,111,21.79,1.69,112/2
2023-10-17,2302,17.30,4.62,111,21.36,1.65,112/2
2023-10-18,2302,17.05,4.69,111,21.05,1.63,112/2
2023-10-19,2302,17.50,4.57,111,21.60,1.67,112/2
2023-10-20,2302,17.80,4.49,111,21.98,1.70,112/2
2023-10-23,2302,18.60,4.30,111,22.96,1.78,112/2
2023-10-24,2302,18.70,4.28,111,23.09,1.79,112/2
2023-10-25,2302,18.75,4.27,111,23.15,1.79,112/2
2023-10-26,2302,18.40,4.35,111,22.72,1.76,112/2
2023-10-27,2302,18.30,4.37,111,22.59,1.75,112/2
2023-10-30,2302,18.55,4.31,111,22.90,1.77,112/2
2023-10-31,2302,17.75,4.51,111,21.91,1.70,112/2
2023-11-01,2302,18.00,4.44,111,22.22,1.72,112/2
2023-11-02,2302,18.20,4.40,111,22.47,1.74,112/2
2023-11-03,2302,18.30,4.37,111,22.59,1.75,112/2
2023-11-06,2302,18.40,4.35,111,22.72,1.76,112/2
2023-11-07,2302,18.30,4.37,111,22.59,1.75,112/2
2023-11-08,2302,18.15,4.41,111,22.41,1.74,112/2
2023-11-09,2302,18.15,4.41,111,22.41,1.74,112/2
2023-11-10,2302,17.90,4.47,111,22.10,1.71,112/2
2023-11-13,2302,17.80,4.49,111,21.98,1.70,112/2
2023-11-14,2302,17.70,4.52,111,27.23,1.66,112/3
2023-11-15,2302,17.90,4.47,111,27.54,1.67,112/3
2023-11-16,2302,18.20,4.40,111,28.00,1.70,112/3
2023-11-17,2302,18.10,4.42,111,27.85,1.69,112/3
2023-11-20,2302,18.25,4.38,111,28.08,1.71,112/3
2023-11-21,2302,18.40,4.35,111,28.31,1.72,112/3
2023-11-22,2302,18.40,4.35,111,28.31,1.72,112/3
2023-11-23,2302,18.30,4.37,111,28.15,1.71,112/3
2023-11-24,2302,18.15,4.41,111,27.92,1.70,112/3
2023-11-27,2302,17.75,4.51,111,27.31,1.66,112/3
2023-11-28,2302,18.00,4.44,111,27.69,1.68,112/3
2023-11-29,2302,18.00,4.44,111,27.69,1.68,112/3
2023-11-30,2302,18.40,4.35,111,28.31,1.72,112/3
2023-12-01,2302,18.45,4.34,111,28.38,1.73,112/3
2023-12-04,2302,18.50,4.32,111,28.46,1.73,112/3
2023-12-05,2302,18.35,4.36,111,28.23,1.72,112/3
2023-12-06,2302,18.55,4.31,111,28.54,1.74,112/3
2023-12-07,2302,18.50,4.32,111,28.46,1.73,112/3
2023-12-08,2302,18.45,4.34,111,28.38,1.73,112/3
2023-12-11,2302,18.30,4.37,111,28.15,1.71,112/3
2023-12-12,2302,18.30,4.37,111,28.15,1.71,112/3
2023-12-13,2302,18.40,4.35,111,28.31,1.72,112/3
2023-12-14,2302,18.40,4.35,111,28.31,1.72,112/3
2023-12-15,2302,18.65,4.29,111,28.69,1.74,112/3
2023-12-18,2302,18.70,4.28,111,28.77,1.75,112/3
2023-12-19,2302,18.50,4.32,111,28.46,1.73,112/3
2023-12-20,2302,18.60,4.30,111,28.62,1.74,112/3
2023-12-21,2302,18.50,4.32,111,28.46,1.73,112/3
2023-12-22,2302,18.45,4.34,111,28.38,1.73,112/3
2023-12-25,2302,18.45,4.34,111,28.38,1.73,112/3
2023-12-26,2302,18.60,4.30,111,28.62,1.74,112/3
2023-12-27,2302,18.55,4.31,111,28.54,1.74,112/3
2023-12-28,2302,18.55,4.31,111,28.54,1.74,112/3
2023-12-29,2302,18.45,4.34,111,28.38,1.73,112/3
2024-01-02,2302,18.40,4.35,111,28.31,1.72,112/3
2024-01-03,2302,18.35,4.36,111,28.23,1.72,112/3
2024-01-04,2302,18.00,4.44,111,27.69,1.68,112/3
2024-01-05,2302,17.95,4.46,111,27.62,1.68,112/3
2024-01-08,2302,17.85,4.48,111,27.46,1.67,112/3
2024-01-09,2302,17.75,4.51,111,27.31,1.66,112/3
2024-01-10,2302,17.75,4.51,111,27.31,1.66,112/3
2024-01-11,2302,17.70,4.52,111,27.23,1.66,112/3
2024-01-12,2302,17.85,4.48,111,27.46,1.67,112/3
2024-01-15,2302,18.00,4.44,111,27.69,1.68,112/3
2024-01-16,2302,18.00,4.44,111,27.69,1.68,112/3
2024-01-17,2302,18.55,4.31,111,28.54,1.74,112/3
2024-01-18,2302,18.75,4.27,111,28.85,1.75,112/3
2024-01-19,2302,18.35,4.36,111,28.23,1.72,112/3
2024-01-22,2302,18.50,4.32,111,28.46,1.73,112/3
2024-01-23,2302,18.40,4.35,111,28.31,1.72,112/3
2024-01-24,2302,18.45,4.34,111,28.38,1.73,112/3
2024-01-25,2302,18.35,4.36,111,28.23,1.72,112/3
2024-01-26,2302,18.00,4.44,111,27.69,1.68,112/3
2024-01-29,2302,17.90,4.47,111,27.54,1.67,112/3
2024-01-30,2302,17.85,4.48,111,27.46,1.67,112/3
2024-01-31,2302,17.80,4.49,111,27.38,1.67,112/3
2024-02-01,2302,17.85,4.48,111,27.46,1.67,112/3
2024-02-02,2302,17.80,4.49,111,27.38,1.67,112/3
2024-02-05,2302,18.05,4.43,111,27.77,1.69,112/3
2024-02-15,2302,18.15,4.41,111,27.92,1.70,112/3
2024-02-16,2302,18.35,4.36,111,28.23,1.72,112/3
2024-02-19,2302,18.75,4.27,111,28.85,1.75,112/3
2024-02-20,2302,18.90,4.23,111,29.08,1.77,112/3
2024-02-21,2302,19.15,4.18,111,29.46,1.79,112/3
2024-02-22,2302,19.45,4.11,111,29.92,1.82,112/3
2024-02-23,2302,19.85,4.03,111,30.54,1.86,112/3
2024-02-26,2302,20.35,3.93,111,31.31,1.90,112/3
2024-02-27,2302,20.30,3.94,111,31.23,1.90,112/3
2024-02-29,2302,20.00,4.00,111,30.77,1.87,112/3
2024-03-01,2302,19.55,4.09,111,30.08,1.83,112/3
2024-03-04,2302,19.55,4.09,111,30.08,1.83,112/3
2024-03-05,2302,19.25,4.16,111,29.62,1.80,112/3
2024-03-06,2302,19.10,4.19,111,29.38,1.79,112/3
2024-03-07,2302,18.80,4.26,111,28.92,1.76,112/3
2024-03-08,2302,18.25,4.38,111,28.08,1.71,112/3
2024-03-11,2302,18.90,4.23,111,29.08,1.77,112/3
2024-03-12,2302,18.70,4.28,111,28.77,1.75,112/3
2024-03-13,2302,18.15,4.41,111,27.92,1.70,112/3
2024-03-14,2302,18.25,4.38,111,28.08,1.71,112/3
2024-03-15,2302,18.10,4.42,111,34.81,1.69,112/4
2024-03-18,2302,17.75,4.51,111,34.13,1.66,112/4
2024-03-19,2302,17.65,1.76,112,33.94,1.65,112/4
2024-03-20,2302,17.45,1.78,112,33.56,1.63,112/4
2024-03-21,2302,17.55,1.77,112,33.75,1.64,112/4
2024-03-22,2302,17.65,1.76,112,33.94,1.65,112/4
2024-03-25,2302,17.80,1.74,112,34.23,1.67,112/4
2024-03-26,2302,17.70,1.75,112,34.04,1.66,112/4
2024-03-27,2302,17.50,1.77,112,33.65,1.64,112/4
2024-03-28,2302,17.35,1.79,112,33.37,1.62,112/4
2024-03-29,2302,17.45,1.78,112,33.56,1.63,112/4
2024-04-01,2302,17.55,1.77,112,33.75,1.64,112/4
2024-04-02,2302,17.60,1.76,112,33.85,1.65,112/4
2024-04-03,2302,17.50,1.77,112,33.65,1.64,112/4
2024-04-08,2302,17.45,1.78,112,33.56,1.63,112/4
2024-04-09,2302,17.65,1.76,112,33.94,1.65,112/4
2024-04-10,2302,17.80,1.74,112,34.23,1.67,112/4
2024-04-11,2302,17.55,1.77,112,33.75,1.64,112/4
2024-04-12,2302,17.75,1.75,112,34.13,1.66,112/4
2024-04-15,2302,17.60,1.76,112,33.85,1.65,112/4
2024-04-16,2302,17.00,1.82,112,32.69,1.59,112/4
2024-04-17,2302,17.20,1.80,112,33.08,1.61,112/4
2024-04-18,2302,17.10,1.81,112,32.88,1.60,112/4
2024-04-19,2302,16.75,1.85,112,32.21,1.57,112/4
2024-04-22,2302,16.75,1.85,112,32.21,1.57,112/4
2024-04-23,2302,17.00,1.82,112,32.69,1.59,112/4
2024-04-24,2302,17.05,1.82,112,32.79,1.60,112/4
2024-04-25,2302,16.95,1.83,112,32.60,1.59,112/4
2024-04-26,2302,17.00,1.82,112,32.69,1.59,112/4
2024-04-29,2302,17.35,1.79,112,33.37,1.62,112/4
2024-04-30,2302,17.20,1.80,112,33.08,1.61,112/4
2024-05-02,2302,17.40,1.78,112,33.46,1.63,112/4
2024-05-03,2302,17.25,1.80,112,33.17,1.62,112/4
2024-05-06,2302,17.25,1.80,112,33.17,1.62,112/4
2024-05-07,2302,17.30,1.79,112,33.27,1.62,112/4
2024-05-08,2302,17.25,1.80,112,33.17,1.62,112/4
2024-05-09,2302,17.30,1.79,112,33.27,1.62,112/4
2024-05-10,2302,17.30,1.79,112,33.27,1.62,112/4
2024-05-13,2302,17.30,1.79,112,33.27,1.62,112/4
2024-05-14,2302,17.40,1.78,112,30.53,1.65,113/1
2024-05-15,2302,17.60,1.76,112,30.88,1.67,113/1
2024-05-16,2302,17.55,1.77,112,30.79,1.67,113/1
2024-05-17,2302,18.35,1.69,112,32.19,1.74,113/1
2024-05-20,2302,18.00,1.72,112,31.58,1.71,113/1
2024-05-21,2302,18.00,1.72,112,31.58,1.71,113/1
2024-05-22,2302,18.00,1.72,112,31.58,1.71,113/1
2024-05-23,2302,19.80,1.57,112,34.74,1.88,113/1
2024-05-24,2302,19.35,1.60,112,33.95,1.84,113/1
2024-05-27,2302,19.10,1.62,112,33.51,1.81,113/1
2024-05-28,2302,19.20,1.61,112,33.68,1.82,113/1
2024-05-29,2302,19.50,1.59,112,34.21,1.85,113/1
2024-05-30,2302,19.00,1.63,112,33.33,1.80,113/1
2024-05-31,2302,19.00,1.63,112,33.33,1.80,113/1
2024-06-03,2302,18.70,1.66,112,32.81,1.77,113/1
2024-06-04,2302,18.65,1.66,112,32.72,1.77,113/1
2024-06-05,2302,18.85,1.64,112,33.07,1.79,113/1
2024-06-06,2302,18.50,1.68,112,32.46,1.76,113/1
2024-06-07,2302,18.90,1.64,112,33.16,1.79,113/1
2024-06-11,2302,18.15,1.71,112,31.84,1.72,113/1
2024-06-12,2302,18.45,1.68,112,32.37,1.75,113/1
2024-06-13,2302,18.35,1.69,112,32.19,1.74,113/1
2024-06-14,2302,18.20,1.70,112,31.93,1.73,113/1
2024-06-17,2302,18.35,1.69,112,32.19,1.74,113/1
2024-06-18,2302,18.20,1.70,112,31.93,1.73,113/1
2024-06-19,2302,18.05,1.72,112,31.67,1.71,113/1
2024-06-20,2302,18.35,1.69,112,32.19,1.74,113/1
2024-06-21,2302,18.20,1.70,112,31.93,1.73,113/1
2024-06-24,2302,18.15,1.71,112,31.84,1.72,113/1
2024-06-25,2302,18.25,1.70,112,32.02,1.73,113/1
2024-06-26,2302,18.25,1.70,112,32.02,1.73,113/1
2024-06-27,2302,18.10,1.71,112,31.75,1.72,113/1
2024-06-28,2302,18.25,1.70,112,32.02,1.73,113/1
2024-07-01,2302,18.40,1.68,112,32.28,1.75,113/1
2024-07-02,2302,18.20,1.70,112,31.93,1.73,113/1
2024-07-03,2302,18.50,1.68,112,32.46,1.76,113/1
2024-07-04,2302,18.85,1.64,112,33.07,1.79,113/1
2024-07-05,2302,18.95,1.64,112,33.25,1.80,113/1
2024-07-08,2302,19.10,1.62,112,33.51,1.81,113/1
2024-07-09,2302,18.40,1.68,112,32.28,1.75,113/1
2024-07-10,2302,18.45,1.68,112,32.37,1.75,113/1
2024-07-11,2302,18.70,1.66,112,32.81,1.77,113/1
2024-07-12,2302,18.50,1.68,112,32.46,1.76,113/1
2024-07-15,2302,18.45,1.68,112,32.37,1.75,113/1
2024-07-16,2302,18.40,1.68,112,32.28,1.75,113/1
2024-07-17,2302,18.40,1.68,112,32.28,1.75,113/1
2024-07-18,2302,18.30,1.69,112,32.11,1.74,113/1
2024-07-19,2302,17.65,1.76,112,30.96,1.67,113/1
2024-07-22,2302,17.30,1.79,112,30.35,1.64,113/1
2024-07-23,2302,17.75,1.75,112,31.14,1.68,113/1
2024-07-26,2302,17.50,1.77,112,30.70,1.66,113/1
2024-07-29,2302,17.25,1.80,112,30.26,1.64,113/1
2024-07-30,2302,17.50,1.77,112,30.70,1.66,113/1
2024-07-31,2302,17.90,1.73,112,31.40,1.70,113/1
2024-08-01,2302,18.25,1.70,112,32.02,1.73,113/1
2024-08-02,2302,17.80,1.74,112,31.23,1.69,113/1
2024-08-05,2302,16.05,1.93,112,28.16,1.52,113/1
2024-08-06,2302,16.00,1.94,112,28.07,1.52,113/1
2024-08-07,2302,16.90,1.83,112,29.65,1.60,113/1
2024-08-08,2302,16.55,1.87,112,29.04,1.57,113/1
2024-08-09,2302,16.70,1.86,112,29.30,1.58,113/1
2024-08-12,2302,16.75,1.85,112,29.39,1.59,113/1
2024-08-13,2302,16.90,1.83,112,29.65,1.60,113/1
2024-08-14,2302,17.05,1.82,112,33.43,1.59,113/2
2024-08-15,2302,16.85,1.84,112,33.04,1.57,113/2
2024-08-16,2302,17.05,1.82,112,33.43,1.59,113/2
2024-08-19,2302,17.05,1.82,112,33.43,1.59,113/2
2024-08-20,2302,16.90,1.83,112,33.14,1.58,113/2
2024-08-21,2302,16.80,1.85,112,32.94,1.57,113/2
2024-08-22,2302,17.05,1.82,112,33.43,1.59,113/2
2024-08-23,2302,17.05,1.82,112,33.43,1.59,113/2
2024-08-26,2302,17.00,1.82,112,33.33,1.59,113/2
2024-08-27,2302,17.05,1.82,112,33.43,1.59,113/2
2024-08-28,2302,16.95,1.83,112,33.24,1.58,113/2
2024-08-29,2302,17.10,1.81,112,33.53,1.60,113/2
2024-08-30,2302,17.25,1.80,112,33.82,1.61,113/2
2024-09-02,2302,16.90,1.83,112,33.14,1.58,113/2
2024-09-03,2302,17.05,1.82,112,33.43,1.59,113/2
2024-09-04,2302,16.00,1.94,112,31.37,1.49,113/2
2024-09-05,2302,16.05,1.93,112,31.47,1.50,113/2
2024-09-06,2302,16.65,1.86,112,32.65,1.55,113/2
2024-09-09,2302,16.20,1.91,112,31.76,1.51,113/2
2024-09-10,2302,16.20,1.91,112,31.76,1.51,113/2
2024-09-11,2302,16.30,1.90,112,31.96,1.52,113/2
2024-09-12,2302,17.30,1.79,112,33.92,1.61,113/2
2024-09-13,2302,17.00,1.82,112,33.33,1.59,113/2
2024-09-16,2302,17.45,1.78,112,34.22,1.63,113/2
2024-09-18,2302,17.25,1.80,112,33.82,1.61,113/2
2024-09-19,2302,17.35,1.79,112,34.02,1.62,113/2
2024-09-20,2302,17.40,1.78,112,34.12,1.62,113/2
2024-09-23,2302,17.80,1.74,112,34.90,1.66,113/2
2024-09-24,2302,17.45,1.78,112,34.22,1.63,113/2
2024-09-25,2302,18.30,1.69,112,35.88,1.71,113/2
2024-09-26,2302,17.80,1.74,112,34.90,1.66,113/2
2024-09-27,2302,18.05,1.72,112,35.39,1.68,113/2
2024-09-30,2302,18.15,1.71,112,35.59,1.69,113/2
2024-10-01,2302,17.95,1.73,112,35.20,1.67,113/2
2024-10-04,2302,17.55,1.77,112,34.41,1.64,113/2
2024-10-07,2302,17.95,1.73,112,35.20,1.67,113/2
2024-10-08,2302,17.50,1.77,112,34.31,1.63,113/2
2024-10-09,2302,17.00,1.82,112,33.33,1.59,113/2
2024-10-11,2302,17.10,1.81,112,33.53,1.60,113/2
2024-10-14,2302,17.00,1.82,112,33.33,1.59,113/2
2024-10-15,2302,17.05,1.82,112,33.43,1.59,113/2
2024-10-16,2302,16.95,1.83,112,33.24,1.58,113/2
2024-10-17,2302,17.10,1.81,112,33.53,1.60,113/2
2024-10-18,2302,17.15,1.81,112,33.63,1.60,113/2
2024-10-21,2302,17.20,1.80,112,33.73,1.60,113/2
2024-10-22,2302,17.15,1.81,112,33.63,1.60,113/2
2024-10-23,2302,17.90,1.73,112,35.10,1.67,113/2
2024-10-24,2302,17.50,1.77,112,34.31,1.63,113/2
2024-10-25,2302,19.25,1.61,112,37.75,1.80,113/2
2024-10-28,2302,19.15,1.62,112,37.55,1.79,113/2
2024-10-29,2302,18.40,1.68,112,36.08,1.72,113/2
2024-10-30,2302,18.00,1.72,112,35.29,1.68,113/2
2024-11-01,2302,18.35,1.69,112,35.98,1.71,113/2
2024-11-04,2302,18.30,1.69,112,35.88,1.71,113/2
2024-11-05,2302,17.90,1.73,112,35.10,1.67,113/2
2024-11-06,2302,18.70,1.66,112,36.67,1.74,113/2
2024-11-07,2302,18.70,1.66,112,36.67,1.74,113/2
2024-11-08,2302,19.15,1.62,112,37.55,1.79,113/2
2024-11-11,2302,19.95,1.55,112,39.12,1.86,113/2
2024-11-12,2302,18.75,1.65,112,36.76,1.75,113/2
2024-11-13,2302,18.65,1.66,112,43.37,1.72,113/3
2024-11-14,2302,18.20,1.70,112,42.33,1.68,113/3
2024-11-15,2302,18.30,1.69,112,42.56,1.69,113/3
2024-11-18,2302,18.00,1.72,112,41.86,1.66,113/3
2024-11-19,2302,18.30,1.69,112,42.56,1.69,113/3
2024-11-20,2302,18.15,1.71,112,42.21,1.67,113/3
2024-11-21,2302,18.35,1.69,112,42.67,1.69,113/3
2024-11-22,2302,18.25,1.70,112,42.44,1.68,113/3
2024-11-25,2302,18.95,1.64,112,44.07,1.75,113/3
2024-11-26,2302,18.75,1.65,112,43.60,1.73,113/3
2024-11-27,2302,18.40,1.68,112,42.79,1.70,113/3
2024-11-28,2302,18.25,1.70,112,42.44,1.68,113/3
2024-11-29,2302,19.75,1.57,112,45.93,1.82,113/3
2024-12-02,2302,19.80,1.57,112,46.05,1.83,113/3
2024-12-03,2302,19.85,1.56,112,46.16,1.83,113/3
2024-12-04,2302,20.65,1.50,112,48.02,1.90,113/3
2024-12-05,2302,20.35,1.52,112,47.33,1.88,113/3
2024-12-06,2302,19.75,1.57,112,45.93,1.82,113/3
2024-12-09,2302,18.95,1.64,112,44.07,1.75,113/3
2024-12-10,2302,18.45,1.68,112,42.91,1.70,113/3
2024-12-11,2302,19.05,1.63,112,44.30,1.76,113/3
2024-12-12,2302,18.85,1.64,112,43.84,1.74,113/3
2024-12-13,2302,18.30,1.69,112,42.56,1.69,113/3
2024-12-16,2302,18.30,1.69,112,42.56,1.69,113/3
2024-12-17,2302,18.15,1.71,112,42.21,1.67,113/3
2024-12-18,2302,18.20,1.70,112,42.33,1.68,113/3
2024-12-19,2302,18.20,1.70,112,42.33,1.68,113/3
2024-12-20,2302,17.90,1.73,112,41.63,1.65,113/3
2024-12-23,2302,18.05,1.72,112,41.98,1.67,113/3
2024-12-24,2302,18.10,1.71,112,42.09,1.67,113/3
2024-12-25,2302,18.80,1.65,112,43.72,1.73,113/3
2024-12-26,2302,19.90,1.56,112,46.28,1.84,113/3
2024-12-27,2302,19.35,1.60,112,45.00,1.79,113/3
2024-12-30,2302,18.75,1.65,112,43.60,1.73,113/3
2024-12-31,2302,18.70,1.66,112,43.49,1.73,113/3
2025-01-02,2302,18.65,1.66,112,43.37,1.72,113/3
2025-01-03,2302,18.40,1.68,112,42.79,1.70,113/3
2025-01-06,2302,18.90,1.64,112,43.95,1.74,113/3
2025-01-07,2302,18.65,1.66,112,43.37,1.72,113/3
2025-01-08,2302,19.85,1.56,112,46.16,1.83,113/3
2025-01-09,2302,19.45,1.59,112,45.23,1.79,113/3
2025-01-10,2302,19.20,1.61,112,44.65,1.77,113/3
2025-01-13,2302,18.20,1.70,112,42.33,1.68,113/3
2025-01-14,2302,18.15,1.71,112,42.21,1.67,113/3
2025-01-15,2302,18.20,1.70,112,42.33,1.68,113/3
2025-01-16,2302,18.25,1.70,112,42.44,1.68,113/3
2025-01-17,2302,18.20,1.70,112,42.33,1.68,113/3
2025-01-20,2302,18.15,1.71,112,42.21,1.67,113/3
2025-01-21,2302,17.95,1.73,112,41.74,1.66,113/3
2025-01-22,2302,17.95,1.73,112,41.74,1.66,113/3
2025-02-03,2302,17.75,1.75,112,41.28,1.64,113/3
2025-02-04,2302,18.00,1.72,112,41.86,1.66,113/3
2025-02-05,2302,18.30,1.69,112,42.56,1.69,113/3
2025-02-06,2302,18.75,1.65,112,43.60,1.73,113/3
2025-02-07,2302,19.45,1.59,112,45.23,1.79,113/3
2025-02-10,2302,19.55,1.59,112,45.47,1.80,113/3
2025-02-11,2302,19.65,1.58,112,45.70,1.81,113/3
2025-02-12,2302,20.05,1.55,112,46.63,1.85,113/3
2025-02-13,2302,20.10,1.54,112,46.74,1.85,113/3
2025-02-14,2302,20.10,1.54,112,46.74,1.85,113/3
2025-02-17,2302,21.20,1.46,112,49.30,1.96,113/3
2025-02-18,2302,21.15,1.47,112,49.19,1.95,113/3
2025-02-19,2302,20.75,1.49,112,48.26,1.91,113/3
2025-02-20,2302,21.10,1.47,112,49.07,1.95,113/3
2025-02-21,2302,21.15,1.47,112,49.19,1.95,113/3
2025-02-24,2302,21.85,1.42,112,50.81,2.02,113/3
2025-02-25,2302,21.65,1.43,112,50.35,2.00,113/3
2025-02-26,2302,21.65,1.43,112,50.35,2.00,113/3
2025-02-27,2302,21.30,1.46,112,49.53,1.96,113/3
2025-03-03,2302,20.90,1.48,112,48.60,1.93,113/3
2025-03-04,2302,21.70,1.43,112,50.47,2.00,113/3
2025-03-05,2302,21.50,1.44,112,50.00,1.98,113/3
2025-03-06,2302,21.25,1.46,112,49.42,1.96,113/3
2025-03-07,2302,20.40,1.52,112,47.44,1.88,113/3
2025-03-10,2302,20.20,1.53,112,46.98,1.86,113/3
2025-03-11,2302,20.70,1.50,112,48.14,1.91,113/3
2025-03-12,2302,21.05,2.76,113,28.07,1.91,113/4
2025-03-13,2302,20.80,2.79,113,27.73,1.89,113/4
2025-03-14,2302,20.80,2.79,113,27.73,1.89,113/4
2025-03-17,2302,21.25,2.73,113,28.33,1.93,113/4
2025-03-18,2302,21.00,2.76,113,28.00,1.90,113/4
2025-03-19,2302,21.80,2.66,113,29.07,1.98,113/4
2025-03-20,2302,23.85,2.43,113,31.80,2.16,113/4
2025-03-21,2302,22.35,2.60,113,29.80,2.03,113/4
2025-03-24,2302,23.80,2.44,113,31.73,2.16,113/4
2025-03-25,2302,23.30,2.49,113,31.07,2.11,113/4
2025-03-26,2302,22.30,2.60,113,29.73,2.02,113/4
2025-03-27,2302,22.10,2.62,113,29.47,2.00,113/4
2025-03-28,2302,21.75,2.67,113,29.00,1.97,113/4
2025-03-31,2302,19.85,2.92,113,26.47,1.80,113/4
2025-04-01,2302,20.15,2.88,113,26.87,1.83,113/4
2025-04-02,2302,20.35,2.85,113,27.13,1.84,113/4
2025-04-07,2302,18.35,3.16,113,24.47,1.66,113/4
2025-04-08,2302,16.55,3.50,113,22.07,1.50,113/4
2025-04-09,2302,14.90,3.89,113,19.87,1.35,113/4
2025-04-10,2302,16.35,3.55,113,21.80,1.48,113/4
2025-04-11,2302,16.75,3.46,113,22.33,1.52,113/4
2025-04-14,2302,17.45,3.32,113,23.27,1.58,113/4
2025-04-15,2302,17.75,3.27,113,23.67,1.61,113/4
2025-04-16,2302,17.20,3.37,113,22.93,1.56,113/4
2025-04-17,2302,17.00,3.41,113,22.67,1.54,113/4
2025-04-18,2302,17.35,3.34,113,23.13,1.57,113/4
2025-04-21,2302,16.75,3.46,113,22.33,1.52,113/4
2025-04-22,2302,16.70,3.47,113,22.27,1.51,113/4
2025-04-23,2302,17.10,3.39,113,22.80,1.55,113/4
2025-04-24,2302,17.20,3.37,113,22.93,1.56,113/4
2025-04-25,2302,17.20,3.37,113,22.93,1.56,113/4
2025-04-28,2302,17.35,3.34,113,23.13,1.57,113/4
2025-04-29,2302,17.70,3.28,113,23.60,1.60,113/4
2025-04-30,2302,17.20,3.37,113,22.93,1.56,113/4
2025-05-02,2302,17.55,3.30,113,23.40,1.59,113/4
2025-05-05,2302,16.75,3.46,113,22.33,1.52,113/4
2025-05-06,2302,16.85,3.44,113,22.47,1.53,113/4
2025-05-07,2302,16.90,3.43,113,22.53,1.53,113/4
2025-05-08,2302,17.55,3.30,113,23.40,1.59,113/4
2025-05-09,2302,17.40,3.33,113,23.20,1.58,113/4
2025-05-12,2302,17.80,3.26,113,23.73,1.61,113/4
2025-05-13,2302,17.75,3.27,113,23.67,1.61,113/4
2025-05-14,2302,18.05,3.21,113,30.08,1.73,114/1
2025-05-15,2302,17.20,3.37,113,28.67,1.65,114/1
2025-05-16,2302,17.10,3.39,113,28.50,1.64,114/1
2025-05-19,2302,16.85,3.44,113,28.08,1.62,114/1
2025-05-20,2302,17.10,3.39,113,28.50,1.64,114/1
2025-05-21,2302,17.35,3.34,113,28.92,1.67,114/1
2025-05-22,2302,17.05,3.40,113,28.42,1.64,114/1
2025-05-23,2302,16.90,3.43,113,28.17,1.62,114/1
2025-05-26,2302,16.80,3.45,113,28.00,1.61,114/1
2025-05-27,2302,16.70,3.47,113,27.83,1.60,114/1
2025-05-28,2302,16.65,3.48,113,27.75,1.60,114/1
2025-05-29,2302,16.70,3.47,113,27.83,1.60,114/1
2025-06-02,2302,16.20,3.58,113,27.00,1.56,114/1
2025-06-03,2302,16.50,3.52,113,27.50,1.59,114/1
2025-06-04,2302,16.60,3.49,113,27.67,1.59,114/1
2025-06-05,2302,16.70,3.47,113,27.83,1.60,114/1
2025-06-06,2302,16.70,3.47,113,27.83,1.60,114/1
2025-06-09,2302,16.40,3.54,113,27.33,1.58,114/1
2025-06-10,2302,16.75,3.46,113,27.92,1.61,114/1
2025-06-11,2302,16.75,3.46,113,27.92,1.61,114/1
2025-06-12,2302,16.75,3.46,113,27.92,1.61,114/1
2025-06-13,2302,16.45,3.53,113,27.42,1.58,114/1
2025-06-16,2302,16.45,3.53,113,27.42,1.58,114/1
2025-06-17,2302,16.10,3.60,113,26.83,1.55,114/1
2025-06-18,2302,16.10,3.60,113,26.83,1.55,114/1
2025-06-19,2302,15.85,3.66,113,26.42,1.52,114/1
2025-06-20,2302,15.55,3.73,113,25.92,1.49,114/1
2025-06-23,2302,15.15,3.83,113,25.25,1.46,114/1
2025-06-24,2302,15.65,3.71,113,26.08,1.50,114/1
2025-06-25,2302,15.75,3.68,113,26.25,1.51,114/1
2025-06-26,2302,15.80,3.67,113,26.33,1.52,114/1
2025-06-27,2302,15.75,3.68,113,26.25,1.51,114/1
2025-06-30,2302,15.65,3.71,113,26.08,1.50,114/1
2025-07-01,2302,15.85,3.66,113,26.42,1.52,114/1
2025-07-02,2302,15.65,3.71,113,26.08,1.50,114/1
2025-07-03,2302,15.80,3.67,113,26.33,1.52,114/1
2025-07-04,2302,15.40,3.77,113,25.67,1.48,114/1
2025-07-07,2302,15.20,3.82,113,25.33,1.46,114/1
2025-07-08,2302,15.10,3.84,113,25.17,1.45,114/1
2025-07-09,2302,15.15,3.83,113,25.25,1.46,114/1
2025-07-10,2302,15.10,3.84,113,25.17,1.45,114/1
2025-07-11,2302,15.40,3.77,113,25.67,1.48,114/1
2025-07-14,2302,15.25,3.80,113,25.42,1.46,114/1
2025-07-15,2302,15.25,3.80,113,25.42,1.46,114/1
2025-07-16,2302,15.20,3.82,113,25.33,1.46,114/1
2025-07-17,2302,15.35,3.78,113,25.58,1.47,114/1
2025-07-18,2302,15.30,3.79,113,25.50,1.47,114/1
2025-07-21,2302,15.35,3.78,113,25.58,1.47,114/1
2025-07-22,2302,15.00,3.87,113,25.00,1.44,114/1
2025-07-23,2302,15.35,3.78,113,25.58,1.47,114/1
2025-07-24,2302,15.40,3.77,113,25.67,1.48,114/1
2025-07-25,2302,15.50,3.74,113,25.83,1.49,114/1
2025-07-28,2302,15.55,3.73,113,25.92,1.49,114/1
2025-07-29,2302,15.35,3.78,113,25.58,1.47,114/1
2025-07-30,2302,15.35,3.78,113,25.58,1.47,114/1
2025-07-31,2302,15.35,3.78,113,25.58,1.47,114/1
2025-08-01,2302,15.45,3.75,113,25.75,1.48,114/1
2025-08-04,2302,15.70,3.69,113,26.17,1.51,114/1
2025-08-05,2302,16.05,3.61,113,26.75,1.54,114/1
2025-08-06,2302,16.00,3.63,113,26.67,1.54,114/1
2025-08-07,2302,15.80,3.67,113,26.33,1.52,114/1
2025-08-08,2302,16.00,3.63,113,26.67,1.54,114/1
2025-08-11,2302,15.85,3.66,113,26.42,1.52,114/1
2025-08-12,2302,16.00,3.63,113,26.67,1.54,114/1
2025-08-13,2302,16.05,3.61,113,26.75,1.54,114/1
2025-08-14,2302,16.10,3.60,113,33.54,1.55,114/2
2025-08-15,2302,16.05,3.61,113,33.44,1.54,114/2
2025-08-18,2302,16.15,3.59,113,33.65,1.55,114/2
2025-08-19,2302,15.65,3.71,113,32.60,1.50,114/2
2025-08-20,2302,15.70,3.69,113,32.71,1.51,114/2
2025-08-21,2302,16.00,3.63,113,33.33,1.54,114/2
2025-08-22,2302,15.90,3.65,113,33.13,1.53,114/2
2025-08-25,2302,16.10,3.60,113,33.54,1.55,114/2
2025-08-26,2302,16.05,3.61,113,33.44,1.54,114/2
2025-08-27,2302,16.10,3.60,113,33.54,1.55,114/2
2025-08-28,2302,16.30,3.56,113,33.96,1.57,114/2
2025-08-29,2302,16.20,3.58,113,33.75,1.56,114/2
2025-09-01,2302,15.95,3.64,113,33.23,1.53,114/2
2025-09-02,2302,16.00,3.63,113,33.33,1.54,114/2
2025-09-03,2302,16.60,3.49,113,34.58,1.60,114/2
2025-09-04,2302,16.35,3.55,113,34.06,1.57,114/2
2025-09-05,2302,16.50,3.52,113,34.38,1.59,114/2
2025-09-08,2302,16.30,3.56,113,33.96,1.57,114/2
2025-09-09,2302,16.05,3.61,113,33.44,1.54,114/2
2025-09-10,2302,16.10,3.60,113,33.54,1.55,114/2
2025-09-11,2302,16.10,3.60,113,33.54,1.55,114/2
2025-09-12,2302,16.25,3.57,113,33.85,1.56,114/2
2025-09-15,2302,16.40,3.54,113,34.17,1.58,114/2
2025-09-16,2302,16.50,3.52,113,34.38,1.59,114/2
2025-09-17,2302,18.15,3.20,113,37.81,1.75,114/2
2025-09-18,2302,18.20,3.19,113,37.92,1.75,114/2
2025-09-19,2302,17.60,3.30,113,36.67,1.69,114/2
2025-09-22,2302,18.25,3.18,113,38.02,1.75,114/2
2025-09-23,2302,17.80,3.26,113,37.08,1.71,114/2
2025-09-24,2302,17.45,3.32,113,36.35,1.68,114/2
2025-09-25,2302,17.50,3.31,113,36.46,1.68,114/2
2025-09-26,2302,17.00,3.41,113,35.42,1.63,114/2
2025-09-30,2302,17.35,3.34,113,36.15,1.67,114/2
2025-10-01,2302,17.20,3.37,113,35.83,1.65,114/2
2025-10-02,2302,17.05,3.40,113,35.52,1.64,114/2
2025-10-03,2302,17.05,3.40,113,35.52,1.64,114/2
2025-10-07,2302,17.50,3.31,113,36.46,1.68,114/2
2025-10-08,2302,17.45,3.32,113,36.35,1.68,114/2
2025-10-09,2302,17.40,3.33,113,36.25,1.67,114/2
2025-10-13,2302,17.30,3.35,113,36.04,1.66,114/2
2025-10-14,2302,17.35,3.34,113,36.15,1.67,114/2
2025-10-15,2302,18.95,3.06,113,39.48,1.82,114/2
2025-10-16,2302,18.30,3.17,113,38.13,1.76,114/2
2025-10-17,2302,17.90,3.24,113,37.29,1.72,114/2
2025-10-20,2302,19.65,2.95,113,40.94,1.89,114/2
2025-10-21,2302,20.15,2.88,113,41.98,1.94,114/2
2025-10-22,2302,20.15,2.88,113,41.98,1.94,114/2
2025-10-23,2302,19.70,2.94,113,41.04,1.89,114/2
2025-10-27,2302,19.95,2.91,113,41.56,1.92,114/2
2025-10-28,2302,19.40,2.99,113,40.42,1.87,114/2
2025-10-29,2302,19.85,2.92,113,41.35,1.91,114/2
2025-10-30,2302,19.65,2.95,113,40.94,1.89,114/2
2025-10-31,2302,18.85,3.08,113,39.27,1.81,114/2
2025-11-03,2302,19.05,3.04,113,39.69,1.83,114/2
2025-11-04,2302,18.35,3.16,113,38.23,1.76,114/2
2025-11-05,2302,18.65,3.11,113,38.85,1.79,114/2
2025-11-06,2302,18.85,3.08,113,39.27,1.81,114/2
2025-11-07,2302,18.25,3.18,113,38.02,1.75,114/2
2025-11-10,2302,18.45,3.14,113,38.44,1.77,114/2
2025-11-11,2302,18.75,3.09,113,39.06,1.80,114/2
2025-11-12,2302,19.10,3.04,113,39.79,1.84,114/2
2025-11-13,2302,19.05,3.04,113,24.74,1.77,114/3
2025-11-14,2302,19.15,3.03,113,24.87,1.78,114/3
2025-11-17,2302,19.10,3.04,113,24.81,1.77,114/3
2025-11-18,2302,18.65,3.11,113,24.22,1.73,114/3
2025-11-19,2302,18.25,3.18,113,23.70,1.69,114/3
2025-11-20,2302,18.60,3.12,113,24.16,1.73,114/3
2025-11-21,2302,17.95,3.23,113,23.31,1.67,114/3
2025-11-24,2302,18.00,3.22,113,23.38,1.67,114/3
2025-11-25,2302,18.95,3.06,113,24.61,1.76,114/3
2025-11-26,2302,18.85,3.08,113,24.48,1.75,114/3
2025-11-27,2302,19.05,3.04,113,24.74,1.77,114/3
2025-11-28,2302,19.00,3.05,113,24.68,1.76,114/3
2025-12-01,2302,18.85,3.08,113,24.48,1.75,114/3
2025-12-02,2302,18.60,3.12,113,24.16,1.73,114/3
2025-12-03,2302,18.80,3.09,113,24.42,1.74,114/3
2025-12-04,2302,19.00,3.05,113,24.68,1.76,114/3
2025-12-05,2302,18.85,3.08,113,24.48,1.75,114/3
2025-12-08,2302,19.15,3.03,113,24.87,1.78,114/3
2025-12-09,2302,18.85,3.08,113,24.48,1.75,114/3
2025-12-10,2302,18.55,3.13,113,24.09,1.72,114/3
2025-12-11,2302,17.70,3.28,113,22.99,1.64,114/3
2025-12-12,2302,17.70,3.28,113,22.99,1.64,114/3
2025-12-15,2302,17.70,3.28,113,22.99,1.64,114/3
2025-12-16,2302,17.45,3.32,113,22.66,1.62,114/3
2025-12-17,2302,17.55,3.30,113,22.79,1.63,114/3
2025-12-18,2302,17.45,3.32,113,22.66,1.62,114/3
2025-12-19,2302,17.45,3.32,113,22.66,1.62,114/3
2025-12-22,2302,17.70,3.28,113,22.99,1.64,114/3
2025-12-23,2302,17.55,3.30,113,22.79,1.63,114/3
2025-12-24,2302,17.40,3.33,113,22.60,1.61,114/3
2025-12-26,2302,17.40,3.33,113,22.60,1.61,114/3
2025-12-29,2302,17.70,3.28,113,22.99,1.64,114/3
2025-12-30,2302,17.55,3.30,113,22.79,1.63,114/3
2025-12-31,2302,17.60,3.30,113,22.86,1.63,114/3
2026-01-02,2302,17.65,3.29,113,22.92,1.64,114/3
2026-01-05,2302,17.35,3.34,113,22.53,1.61,114/3
2026-01-06,2302,18.05,3.21,113,23.44,1.67,114/3
2026-01-07,2302,18.40,3.15,113,23.90,1.71,114/3
2026-01-08,2302,17.70,3.28,113,22.99,1.64,114/3
2026-01-09,2302,17.70,3.28,113,22.99,1.64,114/3
2026-01-12,2302,18.05,3.21,113,23.44,1.67,114/3
2026-01-13,2302,18.35,3.16,113,23.83,1.70,114/3
2026-01-14,2302,18.70,3.10,113,24.29,1.73,114/3
2026-01-15,2302,18.70,3.10,113,24.29,1.73,114/3
2026-01-16,2302,19.10,3.04,113,24.81,1.77,114/3
2026-01-19,2302,20.50,2.83,113,26.62,1.90,114/3
2026-01-20,2302,20.05,2.89,113,26.04,1.86,114/3
2026-01-21,2302,21.35,2.72,113,27.73,1.98,114/3
2026-01-22,2302,20.90,2.78,113,27.14,1.94,114/3
2026-01-23,2302,21.15,2.74,113,27.47,1.96,114/3
2026-01-26,2302,20.80,2.79,113,27.01,1.93,114/3
2026-01-27,2302,21.20,2.74,113,27.53,1.97,114/3
2026-01-28,2302,20.75,2.80,113,26.95,1.92,114/3
2026-01-29,2302,20.45,2.84,113,26.56,1.90,114/3
2026-01-30,2302,19.60,2.96,113,25.45,1.82,114/3
2026-02-02,2302,18.85,3.08,113,24.48,1.75,114/3
2026-02-03,2302,19.05,3.04,113,24.74,1.77,114/3
2026-02-04,2302,19.25,3.01,113,25.00,1.79,114/3
2026-02-05,2302,19.15,3.03,113,24.87,1.78,114/3
2026-02-06,2302,18.40,3.15,113,23.90,1.71,114/3
2026-02-09,2302,18.60,3.12,113,24.16,1.73,114/3
2026-02-10,2302,18.50,3.14,113,24.03,1.72,114/3
2026-02-11,2302,18.05,3.21,113,23.44,1.67,114/3
2026-02-23,2302,18.35,3.16,113,23.83,1.70,114/3
2026-02-24,2302,18.60,3.12,113,24.16,1.73,114/3
2026-02-25,2302,18.65,3.11,113,24.22,1.73,114/3
2026-02-26,2302,19.05,3.04,113,24.74,1.77,114/3
2026-03-02,2302,18.65,3.11,113,24.22,1.73,114/3
2026-03-03,2302,18.15,3.20,113,23.57,1.68,114/3
2026-03-04,2302,16.80,3.45,113,21.82,1.56,114/3
2026-03-05,2302,17.45,3.32,113,22.66,1.62,114/3
2026-03-06,2302,18.40,3.15,113,23.90,1.71,114/3
2026-03-09,2302,16.90,3.43,113,21.95,1.57,114/3
2026-03-10,2302,17.20,3.37,113,22.34,1.60,114/3
2026-03-11,2302,18.90,3.07,113,24.55,1.75,114/3
2026-03-12,2302,18.60,3.12,113,37.96,1.71,114/4
2026-03-13,2302,18.50,1.89,114,37.76,1.70,114/4
2026-03-16,2302,18.75,1.87,114,38.27,1.72,114/4
2026-03-17,2302,19.20,1.82,114,39.18,1.77,114/4
2026-03-18,2302,19.05,1.84,114,38.88,1.75,114/4
2026-03-19,2302,19.15,1.83,114,39.08,1.76,114/4
2026-03-20,2302,18.85,1.86,114,38.47,1.73,114/4
2026-03-23,2302,18.30,1.91,114,37.35,1.68,114/4
2026-03-24,2302,18.40,1.90,114,37.55,1.69,114/4
2026-03-25,2302,18.70,1.87,114,38.16,1.72,114/4
2026-03-26,2302,18.65,1.88,114,38.06,1.72,114/4
2026-03-27,2302,18.20,1.92,114,37.14,1.67,114/4
2026-03-30,2302,17.80,1.97,114,36.33,1.64,114/4
2026-03-31,2302,17.20,2.03,114,35.10,1.58,114/4
2026-04-01,2302,17.70,1.98,114,36.12,1.63,114/4
2026-04-02,2302,17.40,2.01,114,35.51,1.60,114/4
2026-04-07,2302,17.70,1.98,114,36.12,1.63,114/4
2026-04-08,2302,18.10,1.93,114,36.94,1.67,114/4
2026-04-09,2302,18.15,1.93,114,37.04,1.67,114/4
2026-04-10,2302,18.00,1.94,114,36.73,1.66,114/4
2026-04-13,2302,18.00,1.94,114,36.73,1.66,114/4
2026-04-14,2302,18.15,1.93,114,37.04,1.67,114/4
2026-04-15,2302,18.05,1.94,114,36.84,1.66,114/4
2026-04-16,2302,18.30,1.91,114,37.35,1.68,114/4
2026-04-17,2302,19.40,1.80,114,39.59,1.78,114/4
2026-04-20,2302,18.90,1.85,114,38.57,1.74,114/4
2026-04-21,2302,19.35,1.81,114,39.49,1.78,114/4
2026-04-22,2302,19.40,1.80,114,39.59,1.78,114/4
2026-04-23,2302,18.40,1.90,114,37.55,1.69,114/4
2026-04-24,2302,17.95,1.95,114,36.63,1.65,114/4
2026-04-27,2302,18.05,1.94,114,36.84,1.66,114/4
2026-04-28,2302,18.50,1.89,114,37.76,1.70,114/4
2026-04-29,2302,18.65,1.88,114,38.06,1.72,114/4
2026-04-30,2302,18.70,1.87,114,38.16,1.72,114/4
2026-05-04,2302,19.55,1.79,114,39.90,1.80,114/4
2026-05-05,2302,20.30,1.72,114,41.43,1.87,114/4
2026-05-06,2302,19.85,1.76,114,40.51,1.83,114/4
2026-05-07,2302,20.15,1.74,114,41.12,1.85,114/4
2026-05-08,2302,19.55,1.79,114,39.90,1.80,114/4
2026-05-11,2302,21.50,1.63,114,43.88,1.98,114/4
2026-05-12,2302,23.65,1.48,114,48.27,2.18,114/4
2026-05-13,2302,26.00,1.35,114,32.91,2.42,115/1
2026-05-14,2302,25.25,1.39,114,31.96,2.35,115/1
2026-05-15,2302,24.80,1.41,114,31.39,2.31,115/1
2026-05-18,2302,25.55,1.37,114,32.34,2.38,115/1
2026-05-19,2302,25.05,1.40,114,31.71,2.33,115/1
2026-05-20,2302,24.95,1.40,114,31.58,2.32,115/1
2026-05-21,2302,26.40,1.33,114,33.42,2.46,115/1
2026-05-22,2302,28.10,1.25,114,35.57,2.62,115/1
2026-05-25,2302,30.90,1.13,114,39.11,2.88,115/1
2026-05-26,2302,33.95,1.03,114,42.97,3.16,115/1
2026-05-27,2302,32.70,1.07,114,41.39,3.04,115/1
2026-05-28,2302,35.70,0.98,114,45.19,3.32,115/1
2026-05-29,2302,37.50,0.93,114,47.47,3.49,115/1
2026-06-01,2302,38.25,0.92,114,48.42,3.56,115/1
2026-06-02,2302,37.00,0.95,114,46.84,3.45,115/1
2026-06-03,2302,35.50,0.99,114,44.94,3.31,115/1
2026-06-04,2302,34.75,1.01,114,43.99,3.24,115/1
2026-06-05,2302,33.80,1.04,114,42.78,3.15,115/1
2026-06-08,2302,31.60,1.11,114,40.00,2.94,115/1
2026-06-09,2302,33.95,1.03,114,42.97,3.16,115/1
2026-06-10,2302,32.00,1.09,114,40.51,2.98,115/1
2026-06-11,2302,31.50,1.11,114,39.87,2.93,115/1
2026-06-12,2302,34.65,1.01,114,43.86,3.23,115/1
2026-06-15,2302,38.00,0.92,114,48.10,3.54,115/1
2026-06-16,2302,41.80,0.84,114,52.91,3.89,115/1
2026-06-17,2302,45.00,0.78,114,56.96,4.19,115/1
2026-06-18,2302,47.00,0.74,114,59.49,4.38,115/1
2026-06-22,2302,47.65,0.73,114,60.32,4.44,115/1
2026-06-23,2302,45.65,0.77,114,57.78,4.25,115/1
2026-06-24,2302,50.20,0.70,114,63.54,4.67,115/1
2026-06-25,2302,48.00,0.73,114,60.76,4.47,115/1
2026-06-26,2302,47.10,0.74,114,59.62,4.39,115/1
2026-06-29,2302,47.20,0.74,114,59.75,4.39,115/1
2026-06-30,2302,47.85,0.73,114,60.57,4.46,115/1
2026-07-01,2302,50.40,0.69,114,63.80,4.69,115/1
2026-07-02,2302,55.40,0.63,114,70.13,5.16,115/1
2026-07-03,2302,52.00,0.67,114,65.82,4.84,115/1
2026-07-06,2302,52.20,0.67,114,66.08,4.86,115/1
2026-07-07,2302,48.90,0.72,114,61.90,4.55,115/1
2026-07-08,2302,48.10,0.73,114,60.89,4.48,115/1
2026-07-09,2302,46.35,0.76,114,58.67,4.32,115/1
2026-07-13,2302,43.55,0.80,114,55.13,4.05,115/1
2026-07-14,2302,42.75,0.82,114,54.11,3.98,115/1
2026-07-15,2302,45.70,0.77,114,57.85,4.26,115/1
2026-07-16,2302,44.70,0.78,114,56.58,4.16,115/1
2026-07-17,2302,40.30,0.87,114,51.01,3.75,115/1
2026-07-20,2302,39.15,0.89,114,49.56,3.65,115/1
2026-07-21,2302,39.60,0.88,114,50.13,3.69,115/1
2026-07-22,2302,43.55,0.80,114,55.13,4.05,115/1
2026-07-23,2302,42.45,0.82,114,53.73,3.95,115/1
2026-07-24,2302,43.00,0.81,114,54.43,4.00,115/1
2026-07-27,2302,41.50,0.84,114,52.53,3.86,115/1
2026-07-28,2302,37.90,0.92,114,47.97,3.53,115/1
2026-07-29,2302,34.15,1.02,114,43.23,3.18,115/1
2026-07-30,2302,33.45,1.05,114,42.34,3.11,115/1
2026-07-31,2302,36.75,0.95,114,46.52,3.42,115/1
2026-08-03,2302,40.00,0.88,114,50.63,3.72,115/1
2026-08-04,2302,41.90,0.84,114,53.04,3.90,115/1
2026-08-05,2302,42.40,0.83,114,53.67,3.95,115/1
2026-08-06,2302,43.05,0.81,114,54.49,4.01,115/1
2026-08-07,2302,42.90,0.82,114,54.30,3.99,115/1
2026-08-10,2302,42.50,0.82,114,53.80,3.96,115/1
2026-08-11,2302,46.05,0.76,114,58.29,4.29,115/1
2026-08-12,2302,45.55,0.77,114,42.57,4.12,115/2
2026-08-13,2302,45.20,0.77,114,42.24,4.09,115/2
2026-08-14,2302,42.20,0.83,114,39.44,3.82,115/2
2026-08-17,2302,43.20,0.81,114,40.37,3.91,115/2
2026-08-18,2302,45.30,0.77,114,42.34,4.10,115/2
2026-08-19,2302,44.70,0.78,114,41.78,4.05,115/2
2026-08-20,2302,43.25,0.81,114,40.42,3.91,115/2
2026-08-21,2302,42.45,0.82,114,39.67,3.84,115/2
2026-08-24,2302,42.65,0.82,114,39.86,3.86,115/2
2026-08-25,2302,41.60,0.84,114,38.88,3.76,115/2
2026-08-26,2302,44.90,0.78,114,41.96,4.06,115/2
2026-08-27,2302,44.00,0.80,114,41.12,3.98,115/2
2026-08-28,2302,43.85,0.80,114,40.98,3.97,115/2
2026-08-31,2302,44.15,0.79,114,41.26,4.00,115/2
2026-09-01,2302,44.00,0.80,114,41.12,3.98,115/2
2026-09-02,2302,42.75,0.82,114,39.95,3.87,115/2
2026-09-03,2302,42.35,0.83,114,39.58,3.83,115/2
2026-09-04,2302,43.10,0.81,114,40.28,3.90,115/2
2026-09-07,2302,43.30,0.81,114,40.47,3.92,115/2
2026-09-08,2302,41.80,0.84,114,39.07,3.78,115/2
2026-09-09,2302,42.00,0.83,114,39.25,3.80,115/2
