date,stock_id,close,yield_pct,dividend_year,per,pbr,fs_quarter
2015-01-05,3188,,0.00,103,,2.27,
2015-01-06,3188,,0.00,103,,2.26,
2015-01-07,3188,,0.00,103,,2.26,
2015-01-08,3188,,0.00,103,,2.26,
2015-01-09,3188,,0.00,103,,2.25,
2015-01-12,3188,,0.00,103,,2.21,
2015-01-13,3188,,0.00,103,,2.21,
2015-01-14,3188,,0.00,103,,2.19,
2015-01-15,3188,,0.00,103,,2.19,
2015-01-16,3188,,0.00,103,,2.19,
2015-01-19,3188,,0.00,103,,2.18,
2015-01-20,3188,,0.00,103,,2.19,
2015-01-21,3188,,0.00,103,,2.17,
2015-01-22,3188,,0.00,103,,2.19,
2015-01-23,3188,,0.00,103,,2.22,
2015-01-26,3188,,0.00,103,,2.21,
2015-01-27,3188,,0.00,103,,2.21,
2015-01-28,3188,,0.00,103,,2.19,
2015-01-29,3188,,0.00,103,,2.14,
2015-01-30,3188,,0.00,103,,2.14,
2015-02-02,3188,,0.00,103,,2.14,
2015-02-03,3188,,0.00,103,,2.10,
2015-02-04,3188,,0.00,103,,2.10,
2015-02-05,3188,,0.00,103,,2.10,
2015-02-06,3188,,0.00,103,,2.10,
2015-02-09,3188,,0.00,103,,2.06,
2015-02-10,3188,,0.00,103,,2.07,
2015-02-11,3188,,0.00,103,,2.02,
2015-02-12,3188,,0.00,103,,2.08,
2015-02-13,3188,,0.00,103,,2.12,
2015-02-24,3188,,0.00,103,,2.05,
2015-02-25,3188,,0.00,103,,2.10,
2015-02-26,3188,,0.00,103,,2.15,
2015-03-02,3188,,0.00,103,,2.09,
2015-03-03,3188,,0.00,103,,2.09,
2015-03-04,3188,,0.00,103,,2.06,
2015-03-05,3188,,0.00,103,,2.05,
2015-03-06,3188,,0.00,103,,1.99,
2015-03-09,3188,,0.00,103,,2.00,
2015-03-10,3188,,0.00,103,,1.99,
2015-03-11,3188,,0.00,103,,2.04,
2015-03-12,3188,,0.00,103,,2.04,
2015-03-13,3188,,0.00,103,,2.03,
2015-03-16,3188,,0.00,103,,2.00,
2015-03-17,3188,,0.00,103,,1.95,
2015-03-18,3188,,0.00,103,,1.90,
2015-03-19,3188,,0.00,103,,1.87,
2015-03-20,3188,,0.00,103,,1.85,
2015-03-23,3188,,0.00,103,,1.78,
2015-03-24,3188,,0.00,103,,1.82,
2015-03-25,3188,,0.00,103,,1.84,
2015-03-26,3188,,0.00,103,,1.84,
2015-03-27,3188,,0.00,103,,1.86,
2015-03-30,3188,,0.00,103,,1.73,
2015-03-31,3188,,0.00,103,,1.77,
2015-04-01,3188,,0.00,103,,1.75,
2015-04-02,3188,,0.00,103,,1.75,
2015-04-07,3188,,0.00,103,,1.71,
2015-04-08,3188,,0.00,103,,1.73,
2015-04-09,3188,,0.00,103,,1.74,
2015-04-10,3188,,0.00,103,,1.72,
2015-04-13,3188,,0.00,103,,1.78,
2015-04-14,3188,,0.00,103,,1.81,
2015-04-15,3188,,0.00,103,,1.84,
2015-04-16,3188,,0.00,103,,1.97,
2015-04-17,3188,,0.00,103,,2.10,
2015-04-20,3188,,0.00,103,,2.22,
2015-04-21,3188,,0.00,103,,2.10,
2015-04-22,3188,,0.00,103,,2.08,
2015-04-23,3188,,0.00,103,,2.14,
2015-04-24,3188,,0.00,103,,2.11,
2015-04-27,3188,,0.00,103,,2.22,
2015-04-28,3188,,0.00,103,,2.09,
2015-04-29,3188,,0.00,103,,2.05,
2015-04-30,3188,,0.00,103,,2.05,
2015-05-04,3188,,0.00,103,,2.00,
2015-05-05,3188,,0.00,103,,1.97,
2015-05-06,3188,,0.00,103,,1.94,
2015-05-07,3188,,0.00,103,,1.93,
2015-05-08,3188,,0.00,103,,1.98,
2015-05-11,3188,,0.00,103,,2.05,
2015-05-12,3188,,0.00,103,,2.01,
2015-05-13,3188,,0.00,103,,1.97,
2015-05-14,3188,,0.00,103,,1.96,
2015-05-15,3188,,0.00,103,,1.88,
2015-05-18,3188,,0.00,103,,1.76,
2015-05-19,3188,,0.00,103,,1.84,
2015-05-20,3188,,0.00,103,,1.80,
2015-05-21,3188,,0.00,103,,1.80,
2015-05-22,3188,,0.00,103,,1.85,
2015-05-25,3188,,0.00,103,,1.85,
2015-05-26,3188,,0.00,103,,1.89,
2015-05-27,3188,,0.00,103,,1.86,
2015-05-28,3188,,0.00,103,,1.86,
2015-05-29,3188,,0.00,103,,1.86,
2015-06-01,3188,,0.00,103,,1.86,
2015-06-02,3188,,0.00,103,,1.86,
2015-06-03,3188,,0.00,103,,1.85,
2015-06-04,3188,,0.00,103,,1.86,
2015-06-05,3188,,0.00,103,,1.83,
2015-06-08,3188,,0.00,103,,1.96,
2015-06-09,3188,,0.00,103,,1.77,
2015-06-10,3188,,0.00,103,,1.80,
2015-06-11,3188,,0.00,103,,1.81,
2015-06-12,3188,,0.00,103,,1.83,
2015-06-15,3188,,0.00,103,,1.83,
2015-06-16,3188,,0.00,103,,1.78,
2015-06-17,3188,,0.00,103,,1.83,
2015-06-18,3188,,0.00,103,,1.89,
2015-06-22,3188,,0.00,103,,1.89,
2015-06-23,3188,,0.00,103,,1.87,
2015-06-24,3188,,0.00,103,,1.86,
2015-06-25,3188,,0.00,103,,1.83,
2015-06-26,3188,,0.00,103,,1.83,
2015-06-29,3188,,0.00,103,,1.79,
2015-06-30,3188,,0.00,103,,1.94,
2015-07-01,3188,,0.00,103,,1.87,
2015-07-02,3188,,0.00,103,,1.86,
2015-07-03,3188,,0.00,103,,1.86,
2015-07-06,3188,,0.00,103,,1.86,
2015-07-07,3188,,0.00,103,,1.82,
2015-07-08,3188,,0.00,103,,1.73,
2015-07-09,3188,,0.00,103,,1.77,
2015-07-13,3188,,0.00,103,,1.75,
2015-07-14,3188,,0.00,103,,1.74,
2015-07-15,3188,,0.00,103,,1.74,
2015-07-16,3188,,0.00,103,,1.77,
2015-07-17,3188,,0.00,103,,1.78,
2015-07-20,3188,,0.00,103,,1.80,
2015-07-21,3188,,0.00,103,,1.79,
2015-07-22,3188,,0.00,103,,1.78,
2015-07-23,3188,,0.00,103,,1.77,
2015-07-24,3188,,0.00,103,,1.77,
2015-07-27,3188,,0.00,103,,1.77,
2015-07-28,3188,,0.00,103,,1.73,
2015-07-29,3188,,0.00,103,,1.68,
2015-07-30,3188,,0.00,103,,1.65,
2015-07-31,3188,,0.00,103,,1.65,
2015-08-03,3188,,0.00,103,,1.66,
2015-08-04,3188,,0.00,103,,1.59,
2015-08-05,3188,,0.00,103,,1.56,
2015-08-06,3188,,0.00,103,,1.54,
2015-08-07,3188,,0.00,103,,1.50,
2015-08-10,3188,,0.00,103,,1.50,
2015-08-11,3188,,0.00,103,,1.59,
2015-08-12,3188,,0.00,103,,1.75,
2015-08-13,3188,,0.00,103,,1.86,
2015-08-14,3188,,0.00,103,,1.82,
2015-08-17,3188,,0.00,103,,1.77,
2015-08-18,3188,,0.00,103,,1.86,
2015-08-19,3188,,0.00,103,,1.68,
2015-08-20,3188,,0.00,103,,1.63,
2015-08-21,3188,,0.00,103,,1.63,
2015-08-24,3188,,0.00,103,,1.49,
2015-08-25,3188,,0.00,103,,1.63,
2015-08-26,3188,,0.00,103,,1.54,
2015-08-27,3188,,0.00,103,,1.51,
2015-08-28,3188,,0.00,103,,1.57,
2015-08-31,3188,,0.00,103,,1.67,
2015-09-01,3188,,0.00,103,,1.60,
2015-09-02,3188,,0.00,103,,1.54,
2015-09-03,3188,,0.00,103,,1.55,
2015-09-04,3188,,0.00,103,,1.51,
2015-09-07,3188,,0.00,103,,1.53,
2015-09-08,3188,,0.00,103,,1.53,
2015-09-09,3188,,0.00,103,,1.54,
2015-09-10,3188,,0.00,103,,1.70,
2015-09-11,3188,,0.00,103,,1.86,
2015-09-14,3188,,0.00,103,,1.91,
2015-09-15,3188,,0.00,103,,1.91,
2015-09-16,3188,,0.00,103,,1.91,
2015-09-17,3188,,0.00,103,,1.88,
2015-09-18,3188,,0.00,103,,1.91,
2015-09-21,3188,,0.00,103,,1.91,
2015-09-22,3188,,0.00,103,,1.90,
2015-09-23,3188,,0.00,103,,1.90,
2015-09-24,3188,,0.00,103,,1.88,
2015-09-25,3188,,0.00,103,,1.88,
2015-09-30,3188,,0.00,103,,1.89,
2015-10-01,3188,,0.00,103,,1.89,
2015-10-02,3188,,0.00,103,,1.81,
2015-10-05,3188,,0.00,103,,1.81,
2015-10-06,3188,,0.00,103,,1.87,
2015-10-07,3188,,0.00,103,,1.87,
2015-10-08,3188,,0.00,103,,1.86,
2015-10-12,3188,,0.00,103,,1.84,
2015-10-13,3188,,0.00,103,,1.81,
2015-10-14,3188,,0.00,103,,1.80,
2015-10-15,3188,,0.00,103,,1.80,
2015-10-16,3188,,0.00,103,,1.83,
2015-10-19,3188,,0.00,103,,1.84,
2015-10-20,3188,,0.00,103,,1.81,
2015-10-21,3188,,0.00,103,,1.79,
2015-10-22,3188,,0.00,103,,1.80,
2015-10-23,3188,,0.00,103,,1.80,
2015-10-26,3188,,0.00,103,,1.81,
2015-10-27,3188,,0.00,103,,1.83,
2015-10-28,3188,,0.00,103,,1.81,
2015-10-29,3188,,0.00,103,,1.85,
2015-10-30,3188,,0.00,103,,1.81,
2015-11-02,3188,,0.00,103,,1.81,
2015-11-03,3188,,0.00,103,,1.78,
2015-11-04,3188,,0.00,103,,1.80,
2015-11-05,3188,,0.00,103,,1.81,
2015-11-06,3188,,0.00,103,,1.77,
2015-11-09,3188,,0.00,103,,1.81,
2015-11-10,3188,,0.00,103,,1.78,
2015-11-11,3188,,0.00,103,,1.81,
2015-11-12,3188,,0.00,103,,1.80,
2015-11-13,3188,,0.00,103,,1.91,
2015-11-16,3188,,0.00,103,,1.83,
2015-11-17,3188,,0.00,103,,1.90,
2015-11-18,3188,,0.00,103,,1.90,
2015-11-19,3188,,0.00,103,,1.91,
2015-11-20,3188,,0.00,103,,1.90,
2015-11-23,3188,,0.00,103,,1.50,
2015-11-24,3188,,0.00,103,,1.50,
2015-11-25,3188,,0.00,103,,1.50,
2015-11-26,3188,,0.00,103,,1.56,
2015-11-27,3188,,0.00,103,,1.52,
2015-11-30,3188,,0.00,103,,1.52,
2015-12-01,3188,,0.00,103,,1.51,
2015-12-02,3188,,0.00,103,,1.50,
2015-12-03,3188,,0.00,103,,1.50,
2015-12-04,3188,,0.00,103,,1.50,
2015-12-07,3188,,0.00,103,,1.49,
2015-12-08,3188,,0.00,103,,1.48,
2015-12-09,3188,,0.00,103,,1.48,
2015-12-10,3188,,0.00,103,,1.48,
2015-12-11,3188,,0.00,103,,1.36,
2015-12-14,3188,,0.00,103,,1.28,
2015-12-15,3188,,0.00,103,,1.40,
2015-12-16,3188,,0.00,103,,1.41,
2015-12-17,3188,,0.00,103,,1.39,
2015-12-18,3188,,0.00,103,,1.37,
2015-12-21,3188,,0.00,103,,1.33,
2015-12-22,3188,,0.00,103,,1.44,
2015-12-23,3188,,0.00,103,,1.50,
2015-12-24,3188,,0.00,103,,1.47,
2015-12-25,3188,,0.00,103,,1.42,
2015-12-28,3188,,0.00,103,,1.48,
2015-12-29,3188,,0.00,103,,1.50,
2015-12-30,3188,,0.00,103,,1.53,
2015-12-31,3188,,0.00,103,,1.58,
2016-01-04,3188,,0.00,104,,1.58,
2016-01-05,3188,,0.00,104,,1.50,
2016-01-06,3188,,0.00,104,,1.48,
2016-01-07,3188,,0.00,104,,1.44,
2016-01-08,3188,,0.00,104,,1.47,
2016-01-11,3188,,0.00,104,,1.41,
2016-01-12,3188,,0.00,104,,1.42,
2016-01-13,3188,,0.00,104,,1.41,
2016-01-14,3188,,0.00,104,,1.41,
2016-01-15,3188,,0.00,104,,1.45,
2016-01-18,3188,,0.00,104,,1.45,
2016-01-19,3188,,0.00,104,,1.39,
2016-01-20,3188,,0.00,104,,1.38,
2016-01-21,3188,,0.00,104,,1.46,
2016-01-22,3188,,0.00,104,,1.45,
2016-01-25,3188,,0.00,104,,1.43,
2016-01-26,3188,,0.00,104,,1.39,
2016-01-27,3188,,0.00,104,,1.36,
2016-01-28,3188,,0.00,104,,1.38,
2016-01-29,3188,,0.00,104,,1.38,
2016-01-30,3188,,0.00,104,,1.41,
2016-02-01,3188,,0.00,104,,1.39,
2016-02-02,3188,,0.00,104,,1.41,
2016-02-03,3188,,0.00,104,,1.40,
2016-02-15,3188,,0.00,104,,1.36,
2016-02-16,3188,,0.00,104,,1.36,
2016-02-17,3188,,0.00,104,,1.36,
2016-02-18,3188,,0.00,104,,1.36,
2016-02-19,3188,,0.00,104,,1.41,
2016-02-22,3188,,0.00,104,,1.36,
2016-02-23,3188,,0.00,104,,1.42,
2016-02-24,3188,,0.00,104,,1.41,
2016-02-25,3188,,0.00,104,,1.41,
2016-02-26,3188,,0.00,104,,1.41,
2016-03-01,3188,,0.00,104,,1.41,
2016-03-02,3188,,0.00,104,,1.41,
2016-03-03,3188,,0.00,104,,1.41,
2016-03-04,3188,,0.00,104,,1.41,
2016-03-07,3188,,0.00,104,,1.42,
2016-03-08,3188,,0.00,104,,1.41,
2016-03-09,3188,,0.00,104,,1.41,
2016-03-10,3188,,0.00,104,,1.41,
2016-03-11,3188,,0.00,104,,1.37,
2016-03-14,3188,,0.00,104,,1.50,
2016-03-15,3188,,0.00,104,,1.45,
2016-03-16,3188,,0.00,104,,1.47,
2016-03-17,3188,,0.00,104,,1.50,
2016-03-18,3188,,0.00,104,,1.48,
2016-03-21,3188,,0.00,104,,1.48,
2016-03-22,3188,,0.00,104,,1.48,
2016-03-23,3188,,0.00,104,,1.52,
2016-03-24,3188,,0.00,104,,1.51,
2016-03-25,3188,,0.00,104,,1.48,
2016-03-28,3188,,0.00,104,,1.48,
2016-03-29,3188,,0.00,104,,1.48,
2016-03-30,3188,,0.00,104,,1.48,
2016-03-31,3188,,0.00,104,,1.48,
2016-04-01,3188,,0.00,104,,1.48,
2016-04-06,3188,,0.00,104,,1.51,
2016-04-07,3188,,0.00,104,,1.50,
2016-04-08,3188,,0.00,104,,1.59,
2016-04-11,3188,,0.00,104,,1.58,
2016-04-12,3188,,0.00,104,,1.57,
2016-04-13,3188,,0.00,104,,1.52,
2016-04-14,3188,,0.00,104,,1.56,
2016-04-15,3188,,0.00,104,,1.56,
2016-04-18,3188,,0.00,104,,1.56,
2016-04-19,3188,,0.00,104,,1.54,
2016-04-20,3188,,0.00,104,,1.56,
2016-04-21,3188,,0.00,104,,1.56,
2016-04-22,3188,,0.00,104,,1.54,
2016-04-25,3188,,0.00,104,,1.53,
2016-04-26,3188,,0.00,104,,1.53,
2016-04-27,3188,,0.00,104,,1.55,
2016-04-28,3188,,0.00,104,,1.55,
2016-04-29,3188,,0.00,104,,1.55,
2016-05-03,3188,,0.00,104,,1.55,
2016-05-04,3188,,0.00,104,,1.58,
2016-05-05,3188,,0.00,104,,1.66,
2016-05-06,3188,,0.00,104,,1.57,
2016-05-09,3188,,0.00,104,,1.54,
2016-05-10,3188,,0.00,104,,1.52,
2016-05-11,3188,,0.00,104,,1.57,
2016-05-12,3188,,0.00,104,,1.57,
2016-05-13,3188,,0.00,104,,1.57,
2016-05-16,3188,,0.00,104,,1.54,
2016-05-17,3188,,0.00,104,,1.57,
2016-05-18,3188,,0.00,104,,1.57,
2016-05-19,3188,,0.00,104,,1.55,
2016-05-20,3188,,0.00,104,,1.58,
2016-05-23,3188,,0.00,104,,1.60,
2016-05-24,3188,,0.00,104,,1.60,
2016-05-25,3188,,0.00,104,,1.62,
2016-05-26,3188,,0.00,104,,1.60,
2016-05-27,3188,,0.00,104,,1.60,
2016-05-30,3188,,0.00,104,,1.61,
2016-05-31,3188,,0.00,104,,1.61,
2016-06-01,3188,,0.00,104,,1.60,
2016-06-02,3188,,0.00,104,,1.60,
2016-06-03,3188,,0.00,104,,1.60,
2016-06-04,3188,,0.00,104,,1.65,
2016-06-06,3188,,0.00,104,,1.69,
2016-06-07,3188,,0.00,104,,1.71,
2016-06-08,3188,,0.00,104,,1.67,
2016-06-13,3188,,0.00,104,,1.68,
2016-06-14,3188,,0.00,104,,1.70,
2016-06-15,3188,,0.00,104,,1.67,
2016-06-16,3188,,0.00,104,,1.67,
2016-06-17,3188,,0.00,104,,1.67,
2016-06-20,3188,,0.00,104,,1.63,
2016-06-21,3188,,0.00,104,,1.68,
2016-06-22,3188,,0.00,104,,1.76,
2016-06-23,3188,,0.00,104,,1.94,
2016-06-24,3188,,0.00,104,,1.97,
2016-06-27,3188,,0.00,104,,1.97,
2016-06-28,3188,,0.00,104,,1.94,
2016-06-29,3188,,0.00,104,,2.13,
2016-06-30,3188,,0.00,104,,2.34,
2016-07-01,3188,,0.00,104,,2.32,
2016-07-04,3188,,0.00,104,,2.48,
2016-07-05,3188,,0.00,104,,2.52,
2016-07-06,3188,,0.00,104,,2.72,
2016-07-07,3188,,0.00,104,,2.99,
2016-07-11,3188,,0.00,104,,2.90,
2016-07-12,3188,,0.00,104,,2.72,
2016-07-13,3188,,0.00,104,,2.69,
2016-07-14,3188,,0.00,104,,2.74,
2016-07-15,3188,,0.00,104,,2.66,
2016-07-18,3188,,0.00,104,,2.68,
2016-07-19,3188,,0.00,104,,2.66,
2016-07-20,3188,,0.00,104,,2.68,
2016-07-21,3188,,0.00,104,,2.72,
2016-07-22,3188,,0.00,104,,2.65,
2016-07-25,3188,,0.00,104,,2.65,
2016-07-26,3188,,0.00,104,,2.61,
2016-07-27,3188,,0.00,104,,2.58,
2016-07-28,3188,,0.00,104,,2.63,
2016-07-29,3188,,0.00,104,,2.64,
2016-08-01,3188,,0.00,104,,2.64,
2016-08-02,3188,,0.00,104,,2.65,
2016-08-03,3188,,0.00,104,,2.66,
2016-08-04,3188,,0.00,104,,2.64,
2016-08-05,3188,,0.00,104,,2.64,
2016-08-08,3188,,0.00,104,,2.58,
2016-08-09,3188,,0.00,104,,2.61,
2016-08-10,3188,,0.00,104,,2.62,
2016-08-11,3188,,0.00,104,,2.62,
2016-08-12,3188,,0.00,104,,2.61,
2016-08-15,3188,,0.00,104,,2.61,
2016-08-16,3188,,0.00,104,,2.60,
2016-08-17,3188,,0.00,104,,2.60,
2016-08-18,3188,,0.00,104,,2.60,
2016-08-19,3188,,0.00,104,,2.58,
2016-08-22,3188,,0.00,104,,2.60,
2016-08-23,3188,,0.00,104,,2.30,
2016-08-24,3188,,0.00,104,,2.39,
2016-08-25,3188,,0.00,104,,2.32,
2016-08-26,3188,,0.00,104,,2.35,
2016-08-29,3188,,0.00,104,,2.32,
2016-08-30,3188,,0.00,104,,2.26,
2016-08-31,3188,,0.00,104,,2.14,
2016-09-01,3188,,0.00,104,,2.16,
2016-09-02,3188,,0.00,104,,2.02,
2016-09-05,3188,,0.00,104,,1.98,
2016-09-06,3188,,0.00,104,,1.93,
2016-09-07,3188,,0.00,104,,1.89,
2016-09-08,3188,,0.00,104,,2.02,
2016-09-09,3188,,0.00,104,,2.06,
2016-09-10,3188,,0.00,104,,2.09,
2016-09-12,3188,,0.00,104,,2.15,
2016-09-13,3188,,0.00,104,,2.13,
2016-09-14,3188,,0.00,104,,2.11,
2016-09-19,3188,,0.00,104,,2.11,
2016-09-20,3188,,0.00,104,,2.11,
2016-09-21,3188,,0.00,104,,2.13,
2016-09-22,3188,,0.00,104,,2.11,
2016-09-23,3188,,0.00,104,,2.09,
2016-09-26,3188,,0.00,104,,2.11,
2016-09-29,3188,,0.00,104,,2.13,
2016-09-30,3188,,0.00,104,,2.11,
2016-10-03,3188,,0.00,104,,2.11,
2016-10-04,3188,,0.00,104,,2.09,
2016-10-05,3188,,0.00,104,,2.18,
2016-10-06,3188,,0.00,104,,2.11,
2016-10-07,3188,,0.00,104,,2.10,
2016-10-11,3188,,0.00,104,,2.07,
2016-10-12,3188,,0.00,104,,2.06,
2016-10-13,3188,,0.00,104,,2.06,
2016-10-14,3188,,0.00,104,,2.06,
2016-10-17,3188,,0.00,104,,2.05,
2016-10-18,3188,,0.00,104,,2.04,
2016-10-19,3188,,0.00,104,,2.04,
2016-10-20,3188,,0.00,104,,2.04,
2016-10-21,3188,,0.00,104,,2.05,
2016-10-24,3188,,0.00,104,,2.15,
2016-10-25,3188,,0.00,104,,2.10,
2016-10-26,3188,,0.00,104,,2.11,
2016-10-27,3188,,0.00,104,,2.13,
2016-10-28,3188,,0.00,104,,2.13,
2016-10-31,3188,,0.00,104,,2.14,
2016-11-01,3188,,0.00,104,,2.13,
2016-11-02,3188,,0.00,104,,2.13,
2016-11-03,3188,,0.00,104,,2.13,
2016-11-04,3188,,0.00,104,,2.13,
2016-11-07,3188,,0.00,104,,2.11,
2016-11-08,3188,,0.00,104,,2.11,
2016-11-09,3188,,0.00,104,,2.04,
2016-11-10,3188,,0.00,104,,2.06,
2016-11-11,3188,,0.00,104,,2.05,
2016-11-14,3188,,0.00,104,,2.02,
2016-11-15,3188,,0.00,104,,1.98,
2016-11-16,3188,,0.00,104,,2.07,
2016-11-17,3188,,0.00,104,,2.09,
2016-11-18,3188,,0.00,104,,2.05,
2016-11-21,3188,,0.00,104,,2.08,
2016-11-22,3188,,0.00,104,,2.08,
2016-11-23,3188,,0.00,104,,2.12,
2016-11-24,3188,,0.00,104,,2.10,
2016-11-25,3188,,0.00,104,,2.07,
2016-11-28,3188,,0.00,104,,2.05,
2016-11-29,3188,,0.00,104,,2.04,
2016-11-30,3188,,0.00,104,,2.05,
2016-12-01,3188,,0.00,104,,2.08,
2016-12-02,3188,,0.00,104,,2.08,
2016-12-05,3188,,0.00,104,,2.08,
2016-12-06,3188,,0.00,104,,2.07,
2016-12-07,3188,,0.00,104,,2.07,
2016-12-08,3188,,0.00,104,,2.07,
2016-12-09,3188,,0.00,104,,2.05,
2016-12-12,3188,,0.00,104,,2.06,
2016-12-13,3188,,0.00,104,,2.05,
2016-12-14,3188,,0.00,104,,2.07,
2016-12-15,3188,,0.00,104,,2.06,
2016-12-16,3188,,0.00,104,,2.07,
2016-12-19,3188,,0.00,104,,2.07,
2016-12-20,3188,,0.00,104,,2.07,
2016-12-21,3188,,0.00,104,,2.07,
2016-12-22,3188,,0.00,104,,2.07,
2016-12-23,3188,,0.00,104,,2.10,
2016-12-26,3188,,0.00,104,,2.08,
2016-12-27,3188,,0.00,104,,2.08,
2016-12-28,3188,,0.00,104,,2.08,
2016-12-29,3188,,0.00,104,,2.09,
2016-12-30,3188,,0.00,104,,2.08,
2017-01-03,3188,,0.00,105,,2.09,
2017-01-04,3188,,0.00,105,,2.09,
2017-01-05,3188,,0.00,105,,2.10,
2017-01-06,3188,,0.00,105,,2.31,
2017-01-09,3188,,0.00,105,,2.42,
2017-01-10,3188,,0.00,105,,2.44,
2017-01-11,3188,,0.00,105,,2.44,
2017-01-12,3188,,0.00,105,,2.35,
2017-01-13,3188,,0.00,105,,2.30,
2017-01-16,3188,,0.00,105,,2.42,
2017-01-17,3188,,0.00,105,,2.38,
2017-01-18,3188,,0.00,105,,2.39,
2017-01-19,3188,,0.00,105,,2.39,
2017-01-20,3188,,0.00,105,,2.38,
2017-01-23,3188,,0.00,105,,2.41,
2017-01-24,3188,,0.00,105,,2.38,
2017-02-02,3188,,0.00,105,,2.39,
2017-02-03,3188,,0.00,105,,2.36,
2017-02-06,3188,,0.00,105,,2.37,
2017-02-07,3188,,0.00,105,,2.37,
2017-02-08,3188,,0.00,105,,2.32,
2017-02-09,3188,,0.00,105,,2.31,
2017-02-10,3188,,0.00,105,,2.30,
2017-02-13,3188,,0.00,105,,2.34,
2017-02-14,3188,,0.00,105,,2.37,
2017-02-15,3188,,0.00,105,,2.35,
2017-02-16,3188,,0.00,105,,2.36,
2017-02-17,3188,,0.00,105,,2.39,
2017-02-18,3188,,0.00,105,,2.41,
2017-02-20,3188,,0.00,105,,2.40,
2017-02-21,3188,,0.00,105,,2.40,
2017-02-22,3188,,0.00,105,,2.35,
2017-02-23,3188,,0.00,105,,2.35,
2017-02-24,3188,,0.00,105,,2.38,
2017-03-01,3188,,0.00,105,,2.39,
2017-03-02,3188,,0.00,105,,2.38,
2017-03-03,3188,,0.00,105,,2.38,
2017-03-06,3188,,0.00,105,,2.38,
2017-03-07,3188,,0.00,105,,2.37,
2017-03-08,3188,,0.00,105,,2.35,
2017-03-09,3188,,0.00,105,,2.33,
2017-03-10,3188,,0.00,105,,2.31,
2017-03-13,3188,,0.00,105,,2.30,
2017-03-14,3188,,0.00,105,,2.35,
2017-03-15,3188,,0.00,105,,2.31,
2017-03-16,3188,,0.00,105,,2.32,
2017-03-17,3188,,0.00,105,,2.31,
2017-03-20,3188,,0.00,105,,2.33,
2017-03-21,3188,,0.00,105,,2.37,
2017-03-22,3188,,0.00,105,,2.35,
2017-03-23,3188,,0.00,105,,2.38,
2017-03-24,3188,,0.00,105,,2.46,
2017-03-27,3188,,0.00,105,,2.53,
2017-03-28,3188,,0.00,105,,2.46,
2017-03-29,3188,,0.00,105,,2.50,
2017-03-30,3188,,0.00,105,,2.48,
2017-03-31,3188,,0.00,105,,2.50,
2017-04-05,3188,,0.00,105,,2.75,
2017-04-06,3188,,0.00,105,,2.76,
2017-04-07,3188,,0.00,105,,2.82,
2017-04-10,3188,,0.00,105,,2.94,
2017-04-11,3188,,0.00,105,,2.86,
2017-04-12,3188,,0.00,105,,2.69,
2017-04-13,3188,,0.00,105,,2.70,
2017-04-14,3188,,0.00,105,,2.71,
2017-04-17,3188,,0.00,105,,2.69,
2017-04-18,3188,,0.00,105,,2.67,
2017-04-19,3188,,0.00,105,,2.77,
2017-04-20,3188,,0.00,105,,2.73,
2017-04-21,3188,,0.00,105,,2.82,
2017-04-24,3188,,0.00,105,,3.02,
2017-04-25,3188,,0.00,105,,3.08,
2017-04-26,3188,,0.00,105,,3.00,
2017-04-27,3188,,0.00,105,,3.04,
2017-04-28,3188,,0.00,105,,3.10,
2017-05-02,3188,,0.00,105,,3.12,
2017-05-03,3188,,0.00,105,,3.15,
2017-05-04,3188,,0.00,105,,3.13,
2017-05-05,3188,,0.00,105,,3.02,
2017-05-08,3188,,0.00,105,,3.01,
2017-05-09,3188,,0.00,105,,3.02,
2017-05-10,3188,,0.00,105,,3.06,
2017-05-11,3188,,0.00,105,,3.06,
2017-05-12,3188,,0.00,105,,3.04,
2017-05-15,3188,,0.00,105,,2.91,
2017-05-16,3188,,0.00,105,,2.88,
2017-05-17,3188,,0.00,105,,2.81,
2017-05-18,3188,,0.00,105,,2.74,
2017-05-19,3188,,0.00,105,,2.76,
2017-05-22,3188,,0.00,105,,2.70,
2017-05-23,3188,,0.00,105,,2.69,
2017-05-24,3188,,0.00,105,,2.64,
2017-05-25,3188,,0.00,105,,2.64,
2017-05-26,3188,,0.00,105,,2.73,
2017-05-31,3188,,0.00,105,,2.71,
2017-06-01,3188,,0.00,105,,2.64,
2017-06-02,3188,,0.00,105,,2.64,
2017-06-03,3188,,0.00,105,,2.67,
2017-06-05,3188,,0.00,105,,2.70,
2017-06-06,3188,,0.00,105,,2.71,
2017-06-07,3188,,0.00,105,,2.71,
2017-06-08,3188,,0.00,105,,2.79,
2017-06-09,3188,,0.00,105,,2.74,
2017-06-12,3188,,0.00,105,,2.74,
2017-06-13,3188,,0.00,105,,2.75,
2017-06-14,3188,,0.00,105,,2.73,
2017-06-15,3188,,0.00,105,,2.70,
2017-06-16,3188,,0.00,105,,2.75,
2017-06-19,3188,,0.00,105,,2.74,
2017-06-20,3188,,0.00,105,,2.69,
2017-06-21,3188,,0.00,105,,2.72,
2017-06-22,3188,,0.00,105,,2.72,
2017-06-23,3188,,0.00,105,,2.69,
2017-06-26,3188,,0.00,105,,2.69,
2017-06-27,3188,,0.00,105,,2.68,
2017-06-28,3188,,0.00,105,,2.66,
2017-06-29,3188,,0.00,105,,2.65,
2017-06-30,3188,,0.00,105,,2.62,
2017-07-03,3188,,0.00,105,,2.62,
2017-07-04,3188,,0.00,105,,2.64,
2017-07-05,3188,,0.00,105,,2.62,
2017-07-06,3188,,0.00,105,,2.62,
2017-07-07,3188,,0.00,105,,2.64,
2017-07-10,3188,,0.00,105,,2.62,
2017-07-11,3188,,0.00,105,,2.60,
2017-07-12,3188,,0.00,105,,2.58,
2017-07-13,3188,,0.00,105,,2.55,
2017-07-14,3188,,0.00,105,,2.55,
2017-07-17,3188,,0.00,105,,2.53,
2017-07-18,3188,,0.00,105,,2.56,
2017-07-19,3188,,0.00,105,,2.52,
2017-07-20,3188,,0.00,105,,2.47,
2017-07-21,3188,,0.00,105,,2.42,
2017-07-24,3188,,0.00,105,,2.42,
2017-07-25,3188,,0.00,105,,2.42,
2017-07-26,3188,,0.00,105,,2.45,
2017-07-27,3188,,0.00,105,,2.58,
2017-07-28,3188,,0.00,105,,2.54,
2017-07-31,3188,,0.00,105,,2.51,
2017-08-01,3188,,0.00,105,,2.51,
2017-08-02,3188,,0.00,105,,2.53,
2017-08-03,3188,,0.00,105,,2.51,
2017-08-04,3188,,0.00,105,,2.51,
2017-08-07,3188,,0.00,105,,2.50,
2017-08-08,3188,,0.00,105,,2.48,
2017-08-09,3188,,0.00,105,,2.49,
2017-08-10,3188,,0.00,105,,2.44,
2017-08-11,3188,,0.00,105,93.50,2.35,
2017-08-14,3188,,0.00,105,92.00,2.31,
2017-08-15,3188,,0.00,105,92.00,2.31,
2017-08-16,3188,,0.00,105,90.00,2.26,
2017-08-17,3188,,0.00,105,90.75,2.28,
2017-08-18,3188,,0.00,105,90.00,2.26,
2017-08-21,3188,,0.00,105,94.25,2.37,
2017-08-22,3188,,0.00,105,93.75,2.36,
2017-08-23,3188,,0.00,105,92.00,2.31,
2017-08-24,3188,,0.00,105,92.00,2.31,
2017-08-25,3188,,0.00,105,90.25,2.27,
2017-08-28,3188,,0.00,105,91.75,2.31,
2017-08-29,3188,,0.00,105,94.00,2.36,
2017-08-30,3188,,0.00,105,94.75,2.38,
2017-08-31,3188,,0.00,105,94.00,2.36,
2017-09-01,3188,,0.00,105,93.50,2.35,
2017-09-04,3188,,0.00,105,93.50,2.35,
2017-09-05,3188,,0.00,105,92.50,2.32,
2017-09-06,3188,,0.00,105,92.50,2.32,
2017-09-07,3188,,0.00,105,92.75,2.33,
2017-09-08,3188,,0.00,105,92.50,2.32,
2017-09-11,3188,,0.00,105,92.50,2.32,
2017-09-12,3188,,0.00,105,91.75,2.31,
2017-09-13,3188,,0.00,105,91.50,2.30,
2017-09-14,3188,,0.00,105,93.50,2.35,
2017-09-15,3188,,0.00,105,95.75,2.41,
2017-09-18,3188,,0.00,105,96.25,2.42,
2017-09-19,3188,,0.00,105,95.75,2.41,
2017-09-20,3188,,0.00,105,95.50,2.40,
2017-09-21,3188,,0.00,105,95.75,2.41,
2017-09-22,3188,,0.00,105,95.00,2.39,
2017-09-25,3188,,0.00,105,94.50,2.37,
2017-09-26,3188,,0.00,105,93.50,2.35,
2017-09-27,3188,,0.00,105,93.25,2.34,
2017-09-28,3188,,0.00,105,92.25,2.32,
2017-09-29,3188,,0.00,105,93.00,2.34,
2017-09-30,3188,,0.00,105,94.00,2.36,
2017-10-02,3188,,0.00,105,94.75,2.38,
2017-10-03,3188,,0.00,105,94.50,2.37,
2017-10-05,3188,,0.00,105,93.50,2.35,
2017-10-06,3188,,0.00,105,94.50,2.37,
2017-10-11,3188,,0.00,105,93.25,2.34,
2017-10-12,3188,,0.00,105,92.75,2.33,
2017-10-13,3188,,0.00,105,92.00,2.31,
2017-10-16,3188,,0.00,105,91.00,2.29,
2017-10-17,3188,,0.00,105,90.50,2.27,
2017-10-18,3188,,0.00,105,91.75,2.31,
2017-10-19,3188,,0.00,105,90.75,2.28,
2017-10-20,3188,,0.00,105,90.50,2.27,
2017-10-23,3188,,0.00,105,90.00,2.26,
2017-10-24,3188,,0.00,105,93.75,2.36,
2017-10-25,3188,,0.00,105,92.00,2.31,
2017-10-26,3188,,0.00,105,90.75,2.28,
2017-10-27,3188,,0.00,105,91.00,2.29,
2017-10-30,3188,,0.00,105,90.50,2.27,
2017-10-31,3188,,0.00,105,91.75,2.31,
2017-11-01,3188,,0.00,105,90.75,2.28,
2017-11-02,3188,,0.00,105,90.50,2.27,
2017-11-03,3188,,0.00,105,90.50,2.27,
2017-11-06,3188,,0.00,105,89.50,2.25,
2017-11-07,3188,,0.00,105,89.25,2.24,
2017-11-08,3188,,0.00,105,90.00,2.26,
2017-11-09,3188,,0.00,105,90.00,2.26,
2017-11-10,3188,,0.00,105,45.00,2.24,
2017-11-13,3188,,0.00,105,45.13,2.24,
2017-11-14,3188,,0.00,105,44.63,2.22,
2017-11-15,3188,,0.00,105,45.25,2.25,
2017-11-16,3188,,0.00,105,45.00,2.24,
2017-11-17,3188,,0.00,105,44.50,2.21,
2017-11-20,3188,,0.00,105,44.50,2.21,
2017-11-21,3188,,0.00,105,43.88,2.18,
2017-11-22,3188,,0.00,105,44.25,2.20,
2017-11-23,3188,,0.00,105,44.50,2.21,
2017-11-24,3188,,0.00,105,44.00,2.19,
2017-11-27,3188,,0.00,105,43.63,2.17,
2017-11-28,3188,,0.00,105,43.38,2.16,
2017-11-29,3188,,0.00,105,43.63,2.17,
2017-11-30,3188,,0.00,105,42.75,2.12,
2017-12-01,3188,,0.00,105,42.38,2.11,
2017-12-04,3188,,0.00,105,42.50,2.11,
2017-12-05,3188,,0.00,105,42.50,2.11,
2017-12-06,3188,,0.00,105,41.25,2.05,
2017-12-07,3188,,0.00,105,40.88,2.03,
2017-12-08,3188,,0.00,105,41.13,2.04,
2017-12-11,3188,,0.00,105,40.88,2.03,
2017-12-12,3188,,0.00,105,41.00,2.04,
2017-12-13,3188,,0.00,105,41.25,2.05,
2017-12-14,3188,,0.00,105,41.00,2.04,
2017-12-15,3188,,0.00,105,41.00,2.04,
2017-12-18,3188,,0.00,105,40.50,2.01,
2017-12-19,3188,,0.00,105,40.63,2.02,
2017-12-20,3188,,0.00,105,41.00,2.04,
2017-12-21,3188,,0.00,105,40.50,2.01,
2017-12-22,3188,,0.00,105,40.75,2.02,
2017-12-25,3188,,0.00,105,40.88,2.03,
2017-12-26,3188,,0.00,105,40.88,2.03,
2017-12-27,3188,,0.00,105,42.50,2.11,
2017-12-28,3188,,0.00,105,43.75,2.17,
2017-12-29,3188,,0.00,105,45.25,2.25,
2018-01-02,3188,,0.00,106,44.63,2.22,
2018-01-03,3188,,0.00,106,44.50,2.21,
2018-01-04,3188,,0.00,106,43.38,2.16,
2018-01-05,3188,,0.00,106,44.00,2.19,
2018-01-08,3188,,0.00,106,44.38,2.20,
2018-01-09,3188,,0.00,106,44.00,2.19,
2018-01-10,3188,,0.00,106,43.75,2.17,
2018-01-11,3188,,0.00,106,43.75,2.17,
2018-01-12,3188,,0.00,106,43.50,2.16,
2018-01-15,3188,,0.00,106,44.13,2.19,
2018-01-16,3188,,0.00,106,43.88,2.18,
2018-01-17,3188,,0.00,106,43.75,2.17,
2018-01-18,3188,,0.00,106,43.88,2.18,
2018-01-19,3188,,0.00,106,43.88,2.18,
2018-01-22,3188,,0.00,106,44.13,2.19,
2018-01-23,3188,,0.00,106,43.75,2.17,
2018-01-24,3188,,0.00,106,43.50,2.16,
2018-01-25,3188,,0.00,106,43.25,2.15,
2018-01-26,3188,,0.00,106,43.75,2.17,
2018-01-29,3188,,0.00,106,42.63,2.12,
2018-01-30,3188,,0.00,106,43.13,2.14,
2018-01-31,3188,,0.00,106,43.38,2.16,
2018-02-01,3188,,0.00,106,43.38,2.16,
2018-02-02,3188,,0.00,106,43.38,2.16,
2018-02-05,3188,,0.00,106,43.50,2.16,
2018-02-06,3188,,0.00,106,42.75,2.12,
2018-02-07,3188,,0.00,106,43.25,2.15,
2018-02-08,3188,,0.00,106,42.88,2.13,
2018-02-09,3188,,0.00,106,42.50,2.11,
2018-02-12,3188,,0.00,106,42.75,2.12,
2018-02-21,3188,,0.00,106,43.00,2.14,
2018-02-22,3188,,0.00,106,43.00,2.14,
2018-02-23,3188,,0.00,106,43.00,2.14,
2018-02-26,3188,,0.00,106,43.00,2.14,
2018-02-27,3188,,0.00,106,42.75,2.12,
2018-03-01,3188,,0.00,106,42.50,2.11,
2018-03-02,3188,,0.00,106,42.25,2.10,
2018-03-05,3188,,0.00,106,42.13,2.09,
2018-03-06,3188,,0.00,106,42.38,2.11,
2018-03-07,3188,,0.00,106,41.88,2.08,
2018-03-08,3188,,0.00,106,42.38,2.11,
2018-03-09,3188,,0.00,106,42.25,2.10,
2018-03-12,3188,,0.00,106,42.25,2.10,
2018-03-13,3188,,0.00,106,42.25,2.10,
2018-03-14,3188,,0.00,106,42.00,2.09,
2018-03-15,3188,,0.00,106,42.25,2.10,
2018-03-16,3188,,0.00,106,42.00,2.09,
2018-03-19,3188,,0.00,106,26.51,2.05,
2018-03-20,3188,,0.00,106,26.67,2.06,
2018-03-21,3188,,0.00,106,26.67,2.06,
2018-03-22,3188,,0.00,106,26.83,2.07,
2018-03-23,3188,,0.00,106,26.90,2.08,
2018-03-26,3188,,0.00,106,27.30,2.11,
2018-03-27,3188,,0.00,106,27.46,2.12,
2018-03-28,3188,,0.00,106,27.38,2.11,
2018-03-29,3188,,0.00,106,26.98,2.08,
2018-03-30,3188,,0.00,106,27.14,2.10,
2018-03-31,3188,,0.00,106,26.83,2.07,
2018-04-02,3188,,0.00,106,27.14,2.10,
2018-04-03,3188,,0.00,106,27.14,2.10,
2018-04-09,3188,,0.00,106,27.14,2.10,
2018-04-10,3188,,0.00,106,26.90,2.08,
2018-04-11,3188,,0.00,106,26.90,2.08,
2018-04-12,3188,,0.00,106,26.98,2.08,
2018-04-13,3188,,0.00,106,27.06,2.09,
2018-04-16,3188,,0.00,106,27.46,2.12,
2018-04-17,3188,,0.00,106,27.14,2.10,
2018-04-18,3188,,0.00,106,27.30,2.11,
2018-04-19,3188,,0.00,106,27.22,2.10,
2018-04-20,3188,,0.00,106,26.75,2.06,
2018-04-23,3188,,0.00,106,27.06,2.09,
2018-04-24,3188,,0.00,106,26.98,2.08,
2018-04-25,3188,,0.00,106,26.83,2.07,
2018-04-26,3188,,0.00,106,26.67,2.06,
2018-04-27,3188,,0.00,106,26.67,2.06,
2018-04-30,3188,,0.00,106,26.51,2.05,
2018-05-02,3188,,0.00,106,26.51,2.05,
2018-05-03,3188,,0.00,106,26.51,2.05,
2018-05-04,3188,,0.00,106,26.90,2.08,
2018-05-07,3188,,0.00,106,26.59,2.05,
2018-05-08,3188,,0.00,106,26.83,2.07,
2018-05-09,3188,,0.00,106,26.43,2.04,
2018-05-10,3188,,0.00,106,26.51,2.05,
2018-05-11,3188,,0.00,106,27.67,1.99,
2018-05-14,3188,,0.00,106,27.83,2.00,
2018-05-15,3188,,0.00,106,27.58,1.98,
2018-05-16,3188,,0.00,106,28.17,2.02,
2018-05-17,3188,,0.00,106,28.50,2.05,
2018-05-18,3188,,0.00,106,27.92,2.01,
2018-05-21,3188,,0.00,106,27.83,2.00,
2018-05-22,3188,,0.00,106,27.58,1.98,
2018-05-23,3188,,0.00,106,27.83,2.00,
2018-05-24,3188,,0.00,106,27.33,1.96,
2018-05-25,3188,,0.00,106,28.08,2.02,
2018-05-28,3188,,0.00,106,28.00,2.01,
2018-05-29,3188,,0.00,106,27.75,1.99,
2018-05-30,3188,,0.00,106,27.08,1.95,
2018-05-31,3188,,0.00,106,27.08,1.95,
2018-06-01,3188,,0.00,106,26.92,1.93,
2018-06-04,3188,,0.00,106,27.08,1.95,
2018-06-05,3188,,0.00,106,27.08,1.95,
2018-06-06,3188,,0.00,106,26.67,1.92,
2018-06-07,3188,,0.00,106,26.50,1.90,
2018-06-08,3188,,0.00,106,26.83,1.93,
2018-06-11,3188,,0.00,106,26.50,1.90,
2018-06-12,3188,,0.00,106,26.50,1.90,
2018-06-13,3188,,0.00,106,26.42,1.90,
2018-06-14,3188,,0.00,106,26.50,1.90,
2018-06-15,3188,,0.00,106,26.42,1.90,
2018-06-19,3188,,0.00,106,26.17,1.88,
2018-06-20,3188,,0.00,106,26.08,1.87,
2018-06-21,3188,,0.00,106,25.83,1.86,
2018-06-22,3188,,0.00,106,25.83,1.86,
2018-06-25,3188,,0.00,106,25.75,1.85,
2018-06-26,3188,,0.00,106,25.83,1.86,
2018-06-27,3188,,0.00,106,25.75,1.85,
2018-06-28,3188,,0.00,106,25.92,1.86,
2018-06-29,3188,,0.00,106,26.58,1.91,
2018-07-02,3188,,0.00,106,26.50,1.90,
2018-07-03,3188,,0.00,106,26.17,1.88,
2018-07-04,3188,,0.00,106,25.75,1.85,
2018-07-05,3188,,0.00,106,25.42,1.83,
2018-07-06,3188,,0.00,106,25.17,1.81,
2018-07-09,3188,,0.00,106,25.08,1.80,
2018-07-10,3188,,0.00,106,25.00,1.80,
2018-07-11,3188,,0.00,106,25.00,1.80,
2018-07-12,3188,,0.00,106,25.17,1.81,
2018-07-13,3188,,0.00,106,25.75,1.85,
2018-07-16,3188,,0.00,106,26.00,1.87,
2018-07-17,3188,,0.00,106,26.33,1.89,
2018-07-18,3188,,0.00,106,26.33,1.89,
2018-07-19,3188,,0.00,106,26.08,1.87,
2018-07-20,3188,,0.00,106,26.08,1.87,
2018-07-23,3188,,0.00,106,26.17,1.88,
2018-07-24,3188,,0.00,106,26.17,1.88,
2018-07-25,3188,,0.00,106,26.17,1.88,
2018-07-26,3188,,0.00,106,25.83,1.86,
2018-07-27,3188,,0.00,106,25.92,1.86,
2018-07-30,3188,,0.00,106,26.00,1.87,
2018-07-31,3188,,0.00,106,26.00,1.87,
2018-08-01,3188,,0.00,106,25.83,1.86,
2018-08-02,3188,,0.00,106,25.92,1.86,
2018-08-03,3188,,0.00,106,25.83,1.86,
2018-08-06,3188,,0.00,106,26.08,1.87,
2018-08-07,3188,,0.00,106,26.08,1.87,
2018-08-08,3188,,0.00,106,26.00,1.87,
2018-08-09,3188,,0.00,106,25.83,1.86,
2018-08-10,3188,,0.00,106,25.83,1.86,
2018-08-13,3188,,0.00,106,17.64,1.53,
2018-08-14,3188,,0.00,106,17.53,1.52,
2018-08-15,3188,,0.00,106,17.47,1.52,
2018-08-16,3188,,0.00,106,17.92,1.55,
2018-08-17,3188,,0.00,106,18.15,1.57,
2018-08-20,3188,,0.00,106,19.38,1.68,
2018-08-21,3188,,0.00,106,18.93,1.64,
2018-08-22,3188,,0.00,106,19.16,1.66,
2018-09-03,3188,,0.00,106,23.26,2.02,
2018-09-04,3188,,0.00,106,23.15,2.01,
2018-09-05,3188,,0.00,106,22.81,1.98,
2018-09-06,3188,,0.00,106,22.81,1.98,
2018-09-07,3188,,0.00,106,22.75,1.97,
2018-09-10,3188,,0.00,106,22.47,1.95,
2018-09-11,3188,,0.00,106,22.08,1.92,
2018-09-12,3188,,0.00,106,21.91,1.90,
2018-09-13,3188,,0.00,106,22.30,1.93,
2018-09-14,3188,,0.00,106,22.25,1.93,
2018-09-17,3188,,0.00,106,21.97,1.91,
2018-09-18,3188,,0.00,106,21.74,1.89,
2018-09-19,3188,,0.00,106,22.47,1.95,
2018-09-20,3188,,0.00,106,21.35,1.85,
2018-09-21,3188,,0.00,106,21.35,1.85,
2018-09-25,3188,,0.00,106,21.35,1.85,
2018-09-26,3188,,0.00,106,21.46,1.86,
2018-09-27,3188,,0.00,106,21.40,1.86,
2018-09-28,3188,,0.00,106,21.40,1.86,
2018-10-01,3188,,0.00,106,21.35,1.85,
2018-10-02,3188,,0.00,106,21.29,1.85,
2018-10-03,3188,,0.00,106,21.18,1.84,
2018-10-04,3188,,0.00,106,21.24,1.84,
2018-10-05,3188,,0.00,106,21.18,1.84,
2018-10-08,3188,,0.00,106,20.73,1.80,
2018-10-09,3188,,0.00,106,20.67,1.79,
2018-10-11,3188,,0.00,106,19.66,1.71,
2018-10-12,3188,,0.00,106,19.83,1.72,
2018-10-15,3188,,0.00,106,19.83,1.72,
2018-10-16,3188,,0.00,106,20.00,1.73,
2018-10-17,3188,,0.00,106,20.22,1.75,
2018-10-18,3188,,0.00,106,20.11,1.74,
2018-10-19,3188,,0.00,106,20.00,1.73,
2018-10-22,3188,,0.00,106,20.06,1.74,
2018-10-23,3188,,0.00,106,19.89,1.73,
2018-10-24,3188,,0.00,106,19.83,1.72,
2018-10-25,3188,,0.00,106,19.83,1.72,
2018-10-26,3188,,0.00,106,19.55,1.70,
2018-10-29,3188,,0.00,106,19.66,1.71,
2018-10-30,3188,,0.00,106,19.55,1.70,
2018-10-31,3188,,0.00,106,19.66,1.71,
2018-11-01,3188,,0.00,106,19.72,1.71,
2018-11-02,3188,,0.00,106,19.61,1.70,
2018-11-05,3188,,0.00,106,19.44,1.69,
2018-11-06,3188,,0.00,106,19.10,1.66,
2018-11-07,3188,,0.00,106,19.61,1.70,
2018-11-08,3188,,0.00,106,19.89,1.73,
2018-11-09,3188,,0.00,106,19.66,1.71,
2018-11-12,3188,,0.00,106,19.66,1.71,
2018-11-13,3188,,0.00,106,20.59,1.69,
2018-11-14,3188,,0.00,106,20.24,1.67,
2018-11-15,3188,,0.00,106,20.59,1.69,
2018-11-16,3188,,0.00,106,21.88,1.80,
2018-11-19,3188,,0.00,106,21.18,1.74,
2018-11-20,3188,,0.00,106,20.88,1.72,
2018-11-21,3188,,0.00,106,20.88,1.72,
2018-11-22,3188,,0.00,106,20.53,1.69,
2018-11-23,3188,,0.00,106,21.35,1.76,
2018-11-26,3188,,0.00,106,21.35,1.76,
2018-11-27,3188,,0.00,106,21.29,1.75,
2018-11-28,3188,,0.00,106,20.35,1.67,
2018-11-29,3188,,0.00,106,20.41,1.68,
2018-11-30,3188,,0.00,106,20.35,1.67,
2018-12-03,3188,,0.00,106,20.94,1.72,
2018-12-04,3188,,0.00,106,20.94,1.72,
2018-12-05,3188,,0.00,106,20.94,1.72,
2018-12-06,3188,,0.00,106,20.88,1.72,
2018-12-07,3188,,0.00,106,20.76,1.71,
2018-12-10,3188,,0.00,106,20.82,1.71,
2018-12-11,3188,,0.00,106,20.65,1.70,
2018-12-12,3188,,0.00,106,20.71,1.70,
2018-12-13,3188,,0.00,106,20.88,1.72,
2018-12-14,3188,,0.00,106,21.12,1.74,
2018-12-17,3188,,0.00,106,20.94,1.72,
2018-12-18,3188,,0.00,106,20.88,1.72,
2018-12-19,3188,,0.00,106,20.94,1.72,
2018-12-20,3188,,0.00,106,21.18,1.74,
2018-12-21,3188,,0.00,106,21.12,1.74,
2018-12-22,3188,,0.00,106,21.18,1.74,
2018-12-24,3188,,0.00,106,21.06,1.73,
2018-12-25,3188,,0.00,106,21.06,1.73,
2018-12-26,3188,,0.00,106,20.94,1.72,
2018-12-27,3188,,0.00,106,20.88,1.72,
2018-12-28,3188,,0.00,106,21.00,1.73,
2019-01-02,3188,,0.00,107,21.00,1.73,
2019-01-03,3188,,0.00,107,21.18,1.74,
2019-01-04,3188,,0.00,107,21.35,1.76,
2019-01-07,3188,,0.00,107,21.29,1.75,
2019-01-08,3188,,0.00,107,22.41,1.84,
2019-01-09,3188,,0.00,107,23.24,1.91,
2019-01-10,3188,,0.00,107,22.82,1.88,
2019-01-11,3188,,0.00,107,23.18,1.91,
2019-01-14,3188,,0.00,107,23.18,1.91,
2019-01-15,3188,,0.00,107,23.41,1.93,
2019-01-16,3188,,0.00,107,23.53,1.94,
2019-01-17,3188,,0.00,107,23.65,1.95,
2019-01-18,3188,,0.00,107,24.53,2.02,
2019-01-21,3188,,0.00,107,25.65,2.11,
2019-01-22,3188,,0.00,107,25.29,2.08,
2019-01-23,3188,,0.00,107,25.41,2.09,
2019-01-24,3188,,0.00,107,25.53,2.10,
2019-01-25,3188,,0.00,107,25.18,2.07,
2019-01-28,3188,,0.00,107,24.71,2.03,
2019-01-29,3188,,0.00,107,24.24,1.99,
2019-01-30,3188,,0.00,107,24.00,1.97,
2019-02-11,3188,,0.00,107,24.12,1.98,
2019-02-12,3188,,0.00,107,24.24,1.99,
2019-02-13,3188,,0.00,107,24.12,1.98,
2019-02-14,3188,,0.00,107,24.12,1.98,
2019-02-15,3188,,0.00,107,24.12,1.98,
2019-02-18,3188,,0.00,107,24.12,1.98,
2019-02-19,3188,,0.00,107,24.18,1.99,
2019-02-20,3188,,0.00,107,24.29,2.00,
2019-02-21,3188,,0.00,107,23.94,1.97,
2019-02-22,3188,,0.00,107,23.82,1.96,
2019-02-25,3188,,0.00,107,23.59,1.94,
2019-02-26,3188,,0.00,107,23.76,1.96,
2019-02-27,3188,,0.00,107,23.76,1.96,
2019-03-04,3188,,0.00,107,24.12,1.98,
2019-03-05,3188,,0.00,107,23.88,1.97,
2019-03-06,3188,,0.00,107,23.88,1.97,
2019-03-07,3188,,0.00,107,23.82,1.96,
2019-03-08,3188,,0.00,107,23.88,1.97,
2019-03-11,3188,,0.00,107,23.71,1.95,
2019-03-12,3188,,0.00,107,23.65,1.95,
2019-03-13,3188,,0.00,107,23.76,1.96,
2019-03-14,3188,,0.00,107,23.76,1.96,
2019-03-15,3188,,2.52,107,23.35,1.92,
2019-03-18,3188,,2.62,107,22.47,1.85,
2019-03-19,3188,,2.54,107,23.12,1.90,
2019-03-20,3188,,2.56,107,23.00,1.89,
2019-03-21,3188,,2.57,107,22.88,1.88,
2019-03-22,3188,,2.61,107,22.53,1.85,
2019-03-25,3188,,2.65,107,12.91,1.70,
2019-03-26,3188,,2.65,107,12.91,1.70,
2019-03-27,3188,,2.66,107,12.88,1.70,
2019-03-28,3188,,2.65,107,12.91,1.70,
2019-03-29,3188,,2.62,107,13.05,1.72,
2019-04-01,3188,,2.63,107,13.01,1.72,
2019-04-02,3188,,2.63,107,13.01,1.72,
2019-04-03,3188,,2.64,107,12.98,1.71,
2019-04-08,3188,,2.62,107,13.08,1.73,
2019-04-09,3188,,2.59,107,13.22,1.74,
2019-04-10,3188,,2.54,107,13.46,1.78,
2019-04-11,3188,,2.57,107,13.32,1.76,
2019-04-12,3188,,2.57,107,13.32,1.76,
2019-04-15,3188,,2.59,107,13.22,1.74,
2019-04-16,3188,,2.58,107,13.29,1.75,
2019-04-17,3188,,2.58,107,13.25,1.75,
2019-04-18,3188,,2.56,107,13.36,1.76,
2019-04-19,3188,,2.57,107,13.32,1.76,
2019-04-22,3188,,2.57,107,13.32,1.76,
2019-04-23,3188,,2.62,107,13.08,1.73,
2019-04-24,3188,,2.60,107,13.15,1.73,
2019-04-25,3188,,2.61,107,13.12,1.73,
2019-04-26,3188,,2.61,107,13.12,1.73,
2019-04-29,3188,,2.62,107,13.08,1.73,
2019-04-30,3188,,2.65,107,12.95,1.71,
2019-05-02,3188,,2.63,107,13.01,1.72,
2019-05-03,3188,,2.63,107,13.01,1.72,
2019-05-06,3188,,2.61,107,13.12,1.73,
2019-05-07,3188,,2.63,107,13.01,1.72,
2019-05-08,3188,,2.60,107,13.15,1.73,
2019-05-09,3188,,2.62,107,13.08,1.73,
2019-05-10,3188,,2.62,107,13.05,1.72,
2019-05-13,3188,,2.62,107,9.72,1.62,
2019-05-14,3188,,2.63,107,9.69,1.61,
2019-05-15,3188,,2.63,107,9.69,1.61,
2019-05-16,3188,,2.65,107,9.62,1.60,
2019-05-17,3188,,2.63,107,9.69,1.61,
2019-05-20,3188,,2.68,107,9.52,1.58,
2019-05-21,3188,,2.56,107,9.95,1.66,
2019-05-22,3188,,2.57,107,9.92,1.65,
2019-05-23,3188,,2.57,107,9.92,1.65,
2019-05-24,3188,,2.63,107,9.69,1.61,
2019-05-27,3188,,2.51,107,10.18,1.69,
2019-05-28,3188,,2.42,107,10.56,1.76,
2019-05-29,3188,,2.37,107,10.77,1.79,
2019-05-30,3188,,2.40,107,10.61,1.77,
2019-05-31,3188,,2.43,107,10.51,1.75,
2019-06-03,3188,,2.47,107,10.33,1.72,
2019-06-04,3188,,2.46,107,10.38,1.73,
2019-06-05,3188,,2.48,107,10.31,1.71,
2019-06-06,3188,,2.47,107,10.33,1.72,
2019-06-10,3188,,2.44,107,10.46,1.74,
2019-06-11,3188,,2.39,107,10.66,1.77,
2019-06-12,3188,,2.47,107,10.33,1.72,
2019-06-13,3188,,2.47,107,10.33,1.72,
2019-06-14,3188,,2.47,107,10.33,1.72,
2019-06-17,3188,,2.50,107,10.20,1.70,
2019-06-18,3188,,2.44,107,10.46,1.74,
2019-06-19,3188,,2.43,107,10.51,1.75,
2019-06-20,3188,,2.37,107,10.77,1.79,
2019-06-21,3188,,2.36,107,10.82,1.80,
2019-06-24,3188,,2.33,107,10.94,1.82,
2019-06-25,3188,,2.33,107,10.94,1.82,
2019-06-26,3188,,2.33,107,10.94,1.82,
2019-06-27,3188,,2.33,107,10.94,1.82,
2019-06-28,3188,,2.33,107,10.97,1.83,
2019-07-01,3188,,2.36,107,10.79,1.80,
2019-07-02,3188,,2.36,107,10.82,1.80,
2019-07-03,3188,,2.39,107,10.66,1.77,
2019-07-04,3188,,2.38,107,10.74,1.79,
2019-07-05,3188,,2.42,107,10.54,1.75,
2019-07-08,3188,,2.38,107,10.71,1.78,
2019-07-09,3188,,2.37,107,10.77,1.79,
2019-07-10,3188,,2.38,107,10.71,1.78,
2019-07-11,3188,,2.38,107,10.71,1.78,
2019-07-12,3188,,2.39,107,10.66,1.77,
2019-07-15,3188,,2.42,107,10.54,1.75,
2019-07-16,3188,,2.43,107,10.48,1.74,
2019-07-17,3188,,2.46,107,10.38,1.73,
2019-07-18,3188,,2.44,107,10.46,1.74,
2019-07-19,3188,,2.44,107,10.46,1.74,
2019-07-22,3188,,2.43,107,10.48,1.74,
2019-07-23,3188,,2.41,107,10.59,1.76,
2019-07-24,3188,,2.40,107,10.64,1.77,
2019-07-25,3188,,2.38,107,10.71,1.78,
2019-07-26,3188,,2.39,107,10.66,1.77,
2019-07-29,3188,,2.41,107,10.59,1.76,
2019-07-30,3188,,2.47,107,10.33,1.72,
2019-07-31,3188,,2.47,107,10.33,1.72,
2019-08-01,3188,,2.51,107,10.15,1.69,
2019-08-02,3188,,2.53,107,10.10,1.68,
2019-08-05,3188,,2.55,107,10.00,1.66,
2019-08-06,3188,,2.54,107,10.03,1.67,
2019-08-07,3188,,2.58,107,9.87,1.64,
2019-08-08,3188,,2.58,107,9.90,1.65,
2019-08-12,3188,,2.59,107,10.10,1.65,
2019-08-13,3188,,2.59,107,10.10,1.65,
2019-08-14,3188,,2.56,107,10.24,1.68,
2019-08-15,3188,,2.55,107,10.26,1.68,
2019-08-16,3188,,2.56,107,10.21,1.67,
2019-08-19,3188,,2.58,107,10.16,1.66,
2019-08-20,3188,,2.57,107,10.18,1.67,
2019-08-21,3188,,2.59,107,10.10,1.65,
2019-08-22,3188,,2.58,107,10.13,1.66,
2019-08-23,3188,,2.57,107,10.18,1.67,
2019-08-26,3188,,2.60,107,10.05,1.65,
2019-08-27,3188,,2.63,107,9.95,1.63,
2019-08-28,3188,,2.65,107,9.90,1.62,
2019-08-29,3188,,2.65,107,9.90,1.62,
2019-08-30,3188,,2.60,107,10.08,1.65,
2019-09-02,3188,,2.57,107,10.18,1.67,
2019-09-03,3188,,2.57,107,10.18,1.67,
2019-09-04,3188,,2.60,107,10.08,1.65,
2019-09-05,3188,,2.60,107,10.08,1.65,
2019-09-06,3188,,2.58,107,10.16,1.66,
2019-09-09,3188,,2.56,107,10.21,1.67,
2019-09-10,3188,,2.55,107,10.26,1.68,
2019-09-11,3188,,2.56,107,10.21,1.67,
2019-09-12,3188,,2.59,107,10.10,1.65,
2019-09-16,3188,,2.59,107,10.10,1.65,
2019-09-17,3188,,2.60,107,10.08,1.65,
2019-09-18,3188,,2.61,107,10.03,1.64,
2019-09-19,3188,,2.57,107,10.18,1.67,
2019-09-20,3188,,2.57,107,10.18,1.67,
2019-09-23,3188,,2.59,107,10.10,1.65,
2019-09-24,3188,,2.58,107,10.13,1.66,
2019-09-25,3188,,2.48,107,10.58,1.73,
2019-09-26,3188,,2.53,107,10.34,1.69,
2019-09-27,3188,,2.56,107,10.21,1.67,
2019-10-01,3188,,2.59,107,10.10,1.65,
2019-10-02,3188,,2.60,107,10.05,1.65,
2019-10-03,3188,,2.61,107,10.03,1.64,
2019-10-04,3188,,2.60,107,10.05,1.65,
2019-10-07,3188,,2.60,107,10.05,1.65,
2019-10-08,3188,,2.57,107,10.18,1.67,
2019-10-09,3188,,2.62,107,10.00,1.64,
2019-10-14,3188,,2.62,107,10.00,1.64,
2019-10-15,3188,,2.63,107,9.95,1.63,
2019-10-16,3188,,2.63,107,9.95,1.63,
2019-10-17,3188,,2.64,107,9.92,1.62,
2019-10-18,3188,,2.63,107,9.95,1.63,
2019-10-21,3188,,2.63,107,9.95,1.63,
2019-10-22,3188,,2.62,107,10.00,1.64,
2019-10-23,3188,,2.63,107,9.95,1.63,
2019-10-24,3188,,2.63,107,9.95,1.63,
2019-10-25,3188,,2.63,107,9.95,1.63,
2019-10-28,3188,,2.64,107,9.92,1.62,
2019-10-29,3188,,2.66,107,9.84,1.61,
2019-10-30,3188,,2.62,107,10.00,1.64,
2019-10-31,3188,,2.62,107,9.97,1.63,
2019-11-01,3188,,2.65,107,9.90,1.62,
2019-11-04,3188,,2.63,107,9.95,1.63,
2019-11-05,3188,,2.65,107,9.90,1.62,
2019-11-06,3188,,2.62,107,10.00,1.64,
2019-11-07,3188,,2.62,107,10.00,1.64,
2019-11-08,3188,,2.62,107,10.00,1.64,
2019-11-11,3188,,2.62,107,10.00,1.64,
2019-11-12,3188,,2.59,107,10.10,1.65,
2019-11-13,3188,,2.58,107,10.13,1.66,
2019-11-14,3188,,2.60,107,9.41,1.62,
2019-11-15,3188,,2.58,107,9.49,1.63,
2019-11-18,3188,,2.67,107,9.19,1.58,
2019-11-19,3188,,2.65,107,9.24,1.59,
2019-11-20,3188,,2.67,107,9.17,1.58,
2019-11-21,3188,,2.70,107,9.09,1.56,
2019-11-22,3188,,2.69,107,9.12,1.57,
2019-11-25,3188,,2.69,107,9.12,1.57,
2019-11-26,3188,,2.70,107,9.09,1.56,
2019-11-27,3188,,2.70,107,9.07,1.56,
2019-11-28,3188,,2.72,107,9.00,1.55,
2019-11-29,3188,,2.80,107,8.75,1.50,
2019-12-02,3188,,2.96,107,8.28,1.42,
2019-12-03,3188,,2.86,107,8.58,1.47,
2019-12-04,3188,,2.89,107,8.48,1.46,
2019-12-05,3188,,2.89,107,8.48,1.46,
2019-12-06,3188,,2.91,107,8.43,1.45,
2019-12-09,3188,,2.95,107,8.31,1.43,
2019-12-10,3188,,2.98,107,8.24,1.42,
2019-12-11,3188,,2.94,107,8.33,1.43,
2019-12-12,3188,,2.94,107,8.33,1.43,
2019-12-13,3188,,2.95,107,8.31,1.43,
2019-12-16,3188,,2.98,107,8.24,1.42,
2019-12-17,3188,,3.04,107,8.06,1.39,
2019-12-18,3188,,3.07,107,7.99,1.37,
2019-12-19,3188,,3.11,107,7.89,1.36,
2019-12-20,3188,,3.09,107,7.94,1.36,
2019-12-23,3188,,3.06,107,8.01,1.38,
2019-12-24,3188,,3.02,107,8.11,1.39,
2019-12-25,3188,,2.90,107,8.46,1.45,
2019-12-26,3188,,2.78,107,8.82,1.52,
2019-12-27,3188,,2.79,107,8.77,1.51,
2019-12-30,3188,,2.80,107,8.75,1.50,
2019-12-31,3188,,2.79,107,8.80,1.51,
2020-01-02,3188,,2.76,108,8.87,1.52,
2020-01-03,3188,,2.79,108,8.80,1.51,
2020-01-06,3188,,2.80,108,8.75,1.50,
2020-01-07,3188,,2.78,108,8.82,1.52,
2020-01-08,3188,,2.79,108,8.80,1.51,
2020-01-09,3188,,2.78,108,8.82,1.52,
2020-01-10,3188,,2.79,108,8.80,1.51,
2020-01-13,3188,,2.78,108,8.82,1.52,
2020-01-14,3188,,2.79,108,8.77,1.51,
2020-01-15,3188,,2.79,108,8.77,1.51,
2020-01-16,3188,,2.81,108,8.73,1.50,
2020-01-17,3188,,2.81,108,8.73,1.50,
2020-01-20,3188,,2.81,108,8.73,1.50,
2020-01-30,3188,,2.95,108,8.31,1.43,
2020-01-31,3188,,2.94,108,8.33,1.43,
2020-02-03,3188,,2.99,108,8.19,1.41,
2020-02-04,3188,,2.95,108,8.31,1.43,
2020-02-05,3188,,2.95,108,8.31,1.43,
2020-02-06,3188,,2.94,108,8.33,1.43,
2020-02-07,3188,,2.96,108,8.28,1.42,
2020-02-10,3188,,2.99,108,8.19,1.41,
2020-02-11,3188,,2.97,108,8.26,1.42,
2020-02-12,3188,,2.97,108,8.26,1.42,
2020-02-13,3188,,2.97,108,8.26,1.42,
2020-02-14,3188,,2.98,108,8.24,1.42,
2020-02-17,3188,,2.98,108,8.24,1.42,
2020-02-18,3188,,2.99,108,8.21,1.41,
2020-02-19,3188,,2.99,108,8.19,1.41,
2020-02-20,3188,,2.99,108,8.19,1.41,
2020-02-21,3188,,3.00,108,8.16,1.40,
2020-02-24,3188,,3.02,108,8.11,1.39,
2020-02-25,3188,,3.06,108,8.01,1.38,
2020-02-26,3188,,3.05,108,8.04,1.38,
2020-02-27,3188,,3.00,108,8.16,1.40,
2020-03-02,3188,,3.03,108,8.09,1.39,
2020-03-03,3188,,3.06,108,8.01,1.38,
2020-03-04,3188,,3.07,108,7.99,1.37,
2020-03-05,3188,,3.07,108,7.99,1.37,
2020-03-06,3188,,3.09,108,7.94,1.36,
2020-03-09,3188,,3.17,108,7.72,1.33,
2020-03-10,3188,,3.19,108,7.67,1.32,
2020-03-11,3188,,3.30,108,7.43,1.28,
2020-03-12,3188,,3.39,108,7.23,1.24,
2020-03-13,3188,,3.53,108,6.94,1.19,
2020-03-16,3188,,3.57,108,9.72,1.09,
2020-03-17,3188,,3.68,108,9.44,1.06,
2020-03-18,3188,,3.70,108,9.38,1.05,
2020-03-19,3188,,3.86,108,8.99,1.01,
2020-03-20,3188,,3.86,108,8.99,1.01,
2020-03-23,3188,,3.82,108,9.10,1.02,
2020-03-24,3188,,3.70,108,9.38,1.05,
2020-03-25,3188,,3.69,108,9.41,1.06,
2020-03-26,3188,,3.70,108,9.38,1.05,
2020-03-27,3188,,3.75,108,9.27,1.04,
2020-03-30,3188,,3.66,108,9.48,1.07,
2020-03-31,3188,,3.66,108,9.48,1.07,
2020-04-01,3188,,3.66,108,9.48,1.07,
2020-04-06,3188,,3.64,108,9.55,1.07,
2020-04-07,3188,,3.65,108,9.51,1.07,
2020-04-08,3188,,3.65,108,9.51,1.07,
2020-04-09,3188,,3.42,108,10.14,1.14,
2020-04-10,3188,,3.36,108,10.35,1.16,
2020-04-13,3188,,3.36,108,10.35,1.16,
2020-04-14,3188,,3.50,108,9.93,1.12,
2020-04-15,3188,,3.53,108,9.83,1.11,
2020-04-16,3188,,3.58,108,9.69,1.09,
2020-04-17,3188,,3.56,108,9.76,1.10,
2020-04-20,3188,,3.56,108,9.76,1.10,
2020-04-21,3188,,3.60,108,9.65,1.09,
2020-04-22,3188,,3.58,108,9.69,1.09,
2020-04-23,3188,,3.60,108,9.65,1.09,
2020-04-24,3188,,3.62,108,9.58,1.08,
2020-04-27,3188,,3.66,108,9.48,1.07,
2020-04-28,3188,,3.61,108,9.62,1.08,
2020-04-29,3188,,3.56,108,9.76,1.10,
2020-04-30,3188,,3.53,108,9.83,1.11,
2020-05-04,3188,,3.53,108,9.83,1.11,
2020-05-05,3188,,3.52,108,9.86,1.11,
2020-05-06,3188,,3.55,108,9.79,1.10,
2020-05-07,3188,,3.53,108,9.83,1.11,
2020-05-08,3188,,3.55,108,9.79,1.10,
2020-05-11,3188,,3.53,108,9.83,1.11,
2020-05-12,3188,,3.56,108,9.76,1.10,
2020-05-13,3188,,3.51,108,9.90,1.11,
2020-05-14,3188,,3.57,108,21.88,1.13,
2020-05-15,3188,,3.57,108,21.88,1.13,
2020-05-18,3188,,3.58,108,21.80,1.13,
2020-05-19,3188,,3.61,108,21.64,1.12,
2020-05-20,3188,,3.61,108,21.64,1.12,
2020-05-21,3188,,3.57,108,21.88,1.13,
2020-05-22,3188,,3.60,108,21.72,1.12,
2020-05-25,3188,,3.64,108,21.48,1.11,
2020-05-26,3188,,3.60,108,21.72,1.12,
2020-05-27,3188,,3.56,108,21.95,1.14,
2020-05-28,3188,,3.64,108,21.48,1.11,
2020-05-29,3188,,3.48,108,22.42,1.16,
2020-06-01,3188,,3.41,108,22.89,1.18,
2020-06-02,3188,,3.42,108,22.81,1.18,
2020-06-03,3188,,3.42,108,22.81,1.18,
2020-06-04,3188,,3.42,108,22.81,1.18,
2020-06-05,3188,,3.42,108,22.81,1.18,
2020-06-08,3188,,3.41,108,22.89,1.18,
2020-06-09,3188,,3.44,108,22.73,1.18,
2020-06-10,3188,,3.51,108,22.27,1.15,
2020-06-11,3188,,3.47,108,22.50,1.16,
2020-06-12,3188,,3.48,108,22.42,1.16,
2020-06-15,3188,,3.46,108,22.58,1.17,
2020-06-16,3188,,3.53,108,22.11,1.14,
2020-06-17,3188,,3.52,108,22.19,1.15,
2020-06-18,3188,,3.56,108,21.95,1.14,
2020-06-19,3188,,3.37,108,23.20,1.20,
2020-06-22,3188,,3.46,108,22.58,1.17,
2020-06-23,3188,,3.46,108,22.58,1.17,
2020-06-24,3188,,3.41,108,22.89,1.18,
2020-06-29,3188,,3.40,108,22.97,1.19,
2020-06-30,3188,,3.42,108,22.81,1.18,
2020-07-01,3188,,3.41,108,22.89,1.18,
2020-07-02,3188,,3.44,108,22.73,1.18,
2020-07-03,3188,,3.45,108,22.66,1.17,
2020-07-06,3188,,3.42,108,22.81,1.18,
2020-07-07,3188,,3.47,108,22.50,1.16,
2020-07-08,3188,,3.46,108,22.58,1.17,
2020-07-09,3188,,3.42,108,22.81,1.18,
2020-07-10,3188,,3.53,108,22.11,1.14,
2020-07-13,3188,,3.52,108,22.19,1.15,
2020-07-14,3188,,3.58,108,21.80,1.13,
2020-07-15,3188,,3.58,108,21.80,1.13,
2020-07-16,3188,,3.57,108,21.88,1.13,
2020-07-17,3188,,3.62,108,21.56,1.12,
2020-07-20,3188,,3.57,108,21.88,1.13,
2020-07-21,3188,,3.58,108,21.80,1.13,
2020-07-22,3188,,3.56,108,21.95,1.14,
2020-07-23,3188,,3.56,108,21.95,1.14,
2020-07-24,3188,,3.58,108,21.80,1.13,
2020-07-27,3188,,3.69,108,21.17,1.10,
2020-07-28,3188,,3.62,108,21.56,1.12,
2020-07-29,3188,,3.57,108,21.88,1.13,
2020-07-30,3188,,3.58,108,21.80,1.13,
2020-07-31,3188,,3.57,108,21.88,1.13,
2020-08-03,3188,,3.56,108,21.95,1.14,
2020-08-04,3188,,3.58,108,21.80,1.13,
2020-08-05,3188,,3.58,108,21.80,1.13,
2020-08-06,3188,,3.60,108,21.72,1.12,
2020-08-07,3188,,3.60,108,21.72,1.12,
2020-08-10,3188,,3.61,108,21.64,1.12,
2020-08-11,3188,,3.60,108,21.72,1.12,
2020-08-12,3188,,3.68,108,31.63,1.09,
2020-08-13,3188,,3.66,108,31.74,1.10,
2020-08-14,3188,,3.62,108,32.09,1.11,
2020-08-17,3188,,3.60,108,32.33,1.12,
2020-08-18,3188,,3.61,108,32.21,1.11,
2020-08-19,3188,,3.62,108,32.09,1.11,
2020-08-20,3188,,3.69,108,31.51,1.09,
2020-08-21,3188,,3.61,108,32.21,1.11,
2020-08-24,3188,,3.62,108,32.09,1.11,
2020-08-25,3188,,3.64,108,31.98,1.10,
2020-08-26,3188,,3.64,108,31.98,1.10,
2020-08-27,3188,,3.65,108,31.86,1.10,
2020-08-28,3188,,3.64,108,31.98,1.10,
2020-08-31,3188,,3.57,108,32.56,1.12,
2020-09-01,3188,,3.56,108,32.67,1.13,
2020-09-02,3188,,3.55,108,32.79,1.13,
2020-09-03,3188,,3.56,108,32.67,1.13,
2020-09-04,3188,,3.58,108,32.44,1.12,
2020-09-07,3188,,3.56,108,32.67,1.13,
2020-09-08,3188,,3.52,108,33.02,1.14,
2020-09-09,3188,,3.53,108,32.91,1.14,
2020-09-10,3188,,3.56,108,32.67,1.13,
2020-09-11,3188,,3.56,108,32.67,1.13,
2020-09-14,3188,,3.55,108,32.79,1.13,
2020-09-15,3188,,3.60,108,32.33,1.12,
2020-09-16,3188,,3.57,108,32.56,1.12,
2020-09-17,3188,,3.57,108,32.56,1.12,
2020-09-18,3188,,3.51,108,33.14,1.14,
2020-09-21,3188,,3.52,108,33.02,1.14,
2020-09-22,3188,,3.58,108,32.44,1.12,
2020-09-23,3188,,3.55,108,32.79,1.13,
2020-09-24,3188,,3.61,108,32.21,1.11,
2020-09-25,3188,,3.64,108,31.98,1.10,
2020-09-28,3188,,3.60,108,32.33,1.12,
2020-09-29,3188,,3.62,108,32.09,1.11,
2020-09-30,3188,,3.61,108,32.21,1.11,
2020-10-05,3188,,3.57,108,32.56,1.12,
2020-10-06,3188,,3.58,108,32.44,1.12,
2020-10-07,3188,,3.61,108,32.21,1.11,
2020-10-08,3188,,3.53,108,32.91,1.14,
2020-10-12,3188,,3.58,108,32.44,1.12,
2020-10-13,3188,,3.60,108,32.33,1.12,
2020-10-14,3188,,3.60,108,32.33,1.12,
2020-10-15,3188,,3.61,108,32.21,1.11,
2020-10-16,3188,,3.61,108,32.21,1.11,
2020-10-19,3188,,3.64,108,31.98,1.10,
2020-10-20,3188,,3.62,108,32.09,1.11,
2020-10-21,3188,,3.65,108,31.86,1.10,
2020-10-22,3188,,3.62,108,32.09,1.11,
2020-10-23,3188,,3.64,108,31.98,1.10,
2020-10-26,3188,,3.64,108,31.98,1.10,
2020-10-27,3188,,3.64,108,31.98,1.10,
2020-10-28,3188,,3.68,108,31.63,1.09,
2020-10-29,3188,,3.65,108,31.86,1.10,
2020-10-30,3188,,3.68,108,31.63,1.09,
2020-11-02,3188,,3.68,108,31.63,1.09,
2020-11-03,3188,,3.65,108,31.86,1.10,
2020-11-04,3188,,3.66,108,31.74,1.10,
2020-11-05,3188,,3.65,108,31.86,1.10,
2020-11-06,3188,,3.61,108,32.21,1.11,
2020-11-09,3188,,3.58,108,32.44,1.12,
2020-11-10,3188,,3.60,108,36.58,1.11,
2020-11-11,3188,,3.60,108,36.58,1.11,
2020-11-12,3188,,3.60,108,36.58,1.11,
2020-11-13,3188,,3.60,108,36.58,1.11,
2020-11-16,3188,,3.60,108,36.58,1.11,
2020-11-17,3188,,3.64,108,36.18,1.10,
2020-11-18,3188,,3.61,108,36.45,1.10,
2020-11-19,3188,,3.60,108,36.58,1.11,
2020-11-20,3188,,3.62,108,36.32,1.10,
2020-11-23,3188,,3.62,108,36.32,1.10,
2020-11-24,3188,,3.62,108,36.32,1.10,
2020-11-25,3188,,3.65,108,36.05,1.09,
2020-11-26,3188,,3.64,108,36.18,1.10,
2020-11-27,3188,,3.62,108,36.32,1.10,
2020-11-30,3188,,3.61,108,36.45,1.10,
2020-12-01,3188,,3.29,108,40.00,1.21,
2020-12-02,3188,,3.13,108,42.11,1.27,
2020-12-03,3188,,3.28,108,40.13,1.22,
2020-12-04,3188,,3.40,108,38.68,1.17,
2020-12-07,3188,,3.50,108,37.63,1.14,
2020-12-08,3188,,3.50,108,37.63,1.14,
2020-12-09,3188,,3.52,108,37.37,1.13,
2020-12-10,3188,,3.55,108,37.11,1.12,
2020-12-11,3188,,3.58,108,36.71,1.11,
2020-12-14,3188,,3.44,108,38.29,1.16,
2020-12-15,3188,,3.53,108,37.24,1.13,
2020-12-16,3188,,3.41,108,38.55,1.17,
2020-12-17,3188,,3.41,108,38.55,1.17,
2020-12-18,3188,,3.52,108,37.37,1.13,
2020-12-21,3188,,3.53,108,37.24,1.13,
2020-12-22,3188,,3.56,108,36.97,1.12,
2020-12-23,3188,,3.50,108,37.63,1.14,
2020-12-24,3188,,3.51,108,37.50,1.14,
2020-12-25,3188,,3.50,108,37.63,1.14,
2020-12-28,3188,,3.55,108,37.11,1.12,
2020-12-29,3188,,3.55,108,37.11,1.12,
2020-12-30,3188,,3.53,108,37.24,1.13,
2020-12-31,3188,,3.53,108,37.24,1.13,
2021-01-04,3188,,3.56,109,36.97,1.12,
2021-01-05,3188,,3.50,109,37.63,1.14,
2021-01-06,3188,,3.53,109,37.24,1.13,
2021-01-07,3188,,3.52,109,37.37,1.13,
2021-01-08,3188,,3.58,109,36.71,1.11,
2021-01-11,3188,,3.55,109,37.11,1.12,
2021-01-12,3188,,3.60,109,36.58,1.11,
2021-01-13,3188,,3.61,109,36.45,1.10,
2021-01-14,3188,,3.64,109,36.18,1.10,
2021-01-15,3188,,3.61,109,36.45,1.10,
2021-01-18,3188,,3.62,109,36.32,1.10,
2021-01-19,3188,,3.62,109,36.32,1.10,
2021-01-20,3188,,3.61,109,36.45,1.10,
2021-01-21,3188,,3.65,109,36.05,1.09,
2021-01-22,3188,,3.65,109,36.05,1.09,
2021-01-25,3188,,3.66,109,35.92,1.09,
2021-01-26,3188,,3.65,109,36.05,1.09,
2021-01-27,3188,,3.66,109,35.92,1.09,
2021-01-28,3188,,3.66,109,35.92,1.09,
2021-01-29,3188,,3.68,109,35.79,1.08,
2021-02-01,3188,,3.66,109,35.92,1.09,
2021-02-02,3188,,3.68,109,35.79,1.08,
2021-02-03,3188,,3.62,109,36.32,1.10,
2021-02-04,3188,,3.65,109,36.05,1.09,
2021-02-05,3188,,3.65,109,36.05,1.09,
2021-02-17,3188,,3.60,109,36.58,1.11,
2021-02-18,3188,,3.61,109,36.45,1.10,
2021-02-19,3188,,3.62,109,36.32,1.10,
2021-02-22,3188,,3.61,109,36.45,1.10,
2021-02-23,3188,,3.62,109,36.32,1.10,
2021-02-24,3188,,3.62,109,36.32,1.10,
2021-02-25,3188,,3.60,109,36.58,1.11,
2021-02-26,3188,,3.62,109,36.32,1.10,
2021-03-02,3188,,3.68,109,35.79,1.08,
2021-03-03,3188,,3.64,109,36.18,1.10,
2021-03-04,3188,,3.64,109,36.18,1.10,
2021-03-05,3188,,3.68,109,35.79,1.08,
2021-03-08,3188,,3.65,109,36.05,1.09,
2021-03-09,3188,,3.55,109,37.11,1.12,
2021-03-10,3188,,3.52,109,37.37,1.13,
2021-03-11,3188,,3.52,109,37.37,1.13,
2021-03-12,3188,,2.14,109,36.97,1.12,
2021-03-15,3188,,2.12,109,28.88,1.11,
2021-03-16,3188,,2.11,109,28.98,1.11,
2021-03-17,3188,,2.10,109,29.18,1.12,
2021-03-18,3188,,2.10,109,29.18,1.12,
2021-03-19,3188,,2.13,109,28.78,1.10,
2021-03-22,3188,,2.17,109,28.27,1.08,
2021-03-23,3188,,2.16,109,28.37,1.09,
2021-03-24,3188,,2.17,109,28.16,1.08,
2021-03-25,3188,,2.15,109,28.47,1.09,
2021-03-26,3188,,2.16,109,28.37,1.09,
2021-03-29,3188,,2.16,109,28.37,1.09,
2021-03-30,3188,,2.16,109,28.37,1.09,
2021-03-31,3188,,2.17,109,28.27,1.08,
2021-04-01,3188,,2.14,109,28.57,1.09,
2021-04-06,3188,,2.14,109,28.67,1.10,
2021-04-07,3188,,2.14,109,28.67,1.10,
2021-04-08,3188,,2.11,109,29.08,1.11,
2021-04-09,3188,,2.01,109,30.51,1.17,
2021-04-12,3188,,1.99,109,30.82,1.18,
2021-04-13,3188,,1.98,109,30.92,1.18,
2021-04-14,3188,,2.04,109,30.00,1.15,
2021-04-15,3188,,2.03,109,30.10,1.15,
2021-04-16,3188,,2.04,109,30.00,1.15,
2021-04-19,3188,,1.97,109,31.02,1.19,
2021-04-20,3188,,2.05,109,29.90,1.15,
2021-04-21,3188,,2.03,109,30.10,1.15,
2021-04-22,3188,,2.03,109,30.20,1.16,
2021-04-23,3188,,2.01,109,30.51,1.17,
2021-04-26,3188,,1.99,109,30.71,1.18,
2021-04-27,3188,,1.97,109,31.02,1.19,
2021-04-28,3188,,1.99,109,30.71,1.18,
2021-04-29,3188,,2.03,109,30.10,1.15,
2021-05-03,3188,,2.05,109,29.80,1.14,
2021-05-04,3188,,2.10,109,29.18,1.12,
2021-05-05,3188,,2.12,109,28.88,1.11,
2021-05-06,3188,,2.10,109,29.18,1.12,
2021-05-07,3188,,2.01,109,30.41,1.16,
2021-05-10,3188,,2.02,109,30.31,1.16,
2021-05-11,3188,,2.08,109,29.49,1.13,
2021-05-12,3188,,2.14,109,28.67,1.10,
2021-05-13,3188,,2.18,109,28.06,1.08,
2021-05-14,3188,,2.13,109,13.43,1.07,
2021-05-17,3188,,2.24,109,12.76,1.02,
2021-05-18,3188,,2.18,109,13.10,1.05,
2021-05-19,3188,,2.09,109,13.67,1.09,
2021-05-20,3188,,2.11,109,13.52,1.08,
2021-05-21,3188,,2.08,109,13.71,1.10,
2021-05-24,3188,,2.09,109,13.67,1.09,
2021-05-25,3188,,2.08,109,13.71,1.10,
2021-05-26,3188,,2.08,109,13.71,1.10,
2021-05-27,3188,,2.07,109,13.81,1.11,
2021-05-28,3188,,2.07,109,13.81,1.11,
2021-05-31,3188,,2.08,109,13.76,1.10,
2021-06-01,3188,,2.07,109,13.81,1.11,
2021-06-02,3188,,2.09,109,13.67,1.09,
2021-06-03,3188,,2.09,109,13.67,1.09,
2021-06-04,3188,,2.09,109,13.67,1.09,
2021-06-07,3188,,2.12,109,13.48,1.08,
2021-06-08,3188,,2.03,109,14.10,1.13,
2021-06-09,3188,,2.05,109,13.90,1.11,
2021-06-10,3188,,2.04,109,14.00,1.12,
2021-06-11,3188,,2.04,109,14.00,1.12,
2021-06-15,3188,,2.03,109,14.05,1.12,
2021-06-16,3188,,2.07,109,13.81,1.11,
2021-06-17,3188,,2.03,109,14.05,1.12,
2021-06-18,3188,,2.04,109,14.00,1.12,
2021-06-21,3188,,2.07,109,13.81,1.11,
2021-06-22,3188,,2.07,109,13.81,1.11,
2021-06-23,3188,,2.07,109,13.81,1.11,
2021-06-24,3188,,2.08,109,13.76,1.10,
2021-06-25,3188,,2.08,109,13.76,1.10,
2021-06-28,3188,,2.08,109,13.76,1.10,
2021-06-29,3188,,2.11,109,13.52,1.08,
2021-06-30,3188,,2.11,109,13.57,1.09,
2021-07-01,3188,,2.10,109,13.62,1.09,
2021-07-02,3188,,2.09,109,13.67,1.09,
2021-07-05,3188,,2.11,109,13.52,1.08,
2021-07-06,3188,,2.11,109,13.52,1.08,
2021-07-07,3188,,2.09,109,13.67,1.09,
2021-07-08,3188,,2.04,109,14.00,1.12,
2021-07-09,3188,,2.07,109,13.81,1.11,
2021-07-12,3188,,2.08,109,13.76,1.10,
2021-07-13,3188,,2.07,109,13.81,1.11,
2021-07-14,3188,,2.10,109,13.62,1.09,
2021-07-15,3188,,2.05,109,13.95,1.12,
2021-07-16,3188,,2.07,109,13.81,1.11,
2021-07-19,3188,,2.08,109,13.76,1.10,
2021-07-20,3188,,2.07,109,13.81,1.11,
2021-07-21,3188,,2.09,109,13.67,1.09,
2021-07-22,3188,,2.09,109,13.67,1.09,
2021-07-23,3188,,2.06,109,13.86,1.11,
2021-07-26,3188,,2.06,109,13.86,1.11,
2021-07-27,3188,,2.09,109,13.67,1.09,
2021-07-28,3188,,2.07,109,13.81,1.11,
2021-07-29,3188,,2.07,109,13.81,1.11,
2021-07-30,3188,,2.06,109,13.86,1.11,
2021-08-02,3188,,2.07,109,13.81,1.11,
2021-08-03,3188,,2.08,109,13.76,1.10,
2021-08-04,3188,,2.02,109,14.14,1.13,
2021-08-05,3188,,2.03,109,14.10,1.13,
2021-08-06,3188,,2.05,109,13.95,1.12,
2021-08-09,3188,,2.08,109,13.71,1.10,
2021-08-10,3188,,2.09,109,13.67,1.09,
2021-08-11,3188,,2.08,109,8.14,1.03,
2021-08-12,3188,,2.06,109,8.22,1.05,
2021-08-13,3188,,2.15,109,7.88,1.00,
2021-08-16,3188,,2.14,109,7.91,1.01,
2021-08-17,3188,,2.14,109,7.91,1.01,
2021-08-18,3188,,2.13,109,7.97,1.01,
2021-08-19,3188,,2.16,109,7.85,1.00,
2021-08-20,3188,,2.11,109,8.02,1.02,
2021-08-23,3188,,2.15,109,7.88,1.00,
2021-08-24,3188,,2.14,109,7.91,1.01,
2021-08-25,3188,,2.13,109,7.97,1.01,
2021-08-26,3188,,2.14,109,7.91,1.01,
2021-08-27,3188,,2.13,109,7.97,1.01,
2021-08-30,3188,,2.09,109,8.11,1.03,
2021-08-31,3188,,2.10,109,8.08,1.03,
2021-09-01,3188,,2.10,109,8.08,1.03,
2021-09-02,3188,,2.12,109,7.99,1.02,
2021-09-03,3188,,2.13,109,7.97,1.01,
2021-09-06,3188,,2.13,109,7.97,1.01,
2021-09-07,3188,,2.14,109,7.91,1.01,
2021-09-08,3188,,2.19,109,7.74,0.98,
2021-09-09,3188,,2.15,109,7.88,1.00,
2021-09-10,3188,,2.13,109,7.97,1.01,
2021-09-13,3188,,1.94,109,8.76,1.11,
2021-09-14,3188,,1.83,109,9.27,1.18,
2021-09-15,3188,,1.83,109,9.27,1.18,
2021-09-16,3188,,1.71,109,9.89,1.26,
2021-09-17,3188,,1.71,109,9.89,1.26,
2021-09-22,3188,,1.67,109,10.17,1.29,
2021-09-23,3188,,1.62,109,10.48,1.33,
2021-09-24,3188,,1.60,109,10.62,1.35,
2021-09-27,3188,,1.60,109,10.56,1.34,
2021-09-28,3188,,1.61,109,10.51,1.34,
2021-09-29,3188,,1.62,109,10.48,1.33,
2021-09-30,3188,,1.60,109,10.56,1.34,
2021-10-01,3188,,1.71,109,9.92,1.26,
2021-10-04,3188,,1.82,109,9.29,1.18,
2021-10-05,3188,,1.78,109,9.52,1.21,
2021-10-06,3188,,1.74,109,9.72,1.24,
2021-10-07,3188,,1.74,109,9.72,1.24,
2021-10-08,3188,,1.73,109,9.77,1.24,
2021-10-12,3188,,1.79,109,9.49,1.21,
2021-10-13,3188,,1.82,109,9.29,1.18,
2021-10-14,3188,,1.88,109,9.04,1.15,
2021-10-15,3188,,1.88,109,9.01,1.15,
2021-10-18,3188,,2.02,109,8.39,1.07,
2021-10-19,3188,,1.97,109,8.59,1.09,
2021-10-20,3188,,1.97,109,8.62,1.10,
2021-10-21,3188,,2.01,109,8.45,1.07,
2021-10-22,3188,,2.02,109,8.39,1.07,
2021-10-25,3188,,2.00,109,8.47,1.08,
2021-10-26,3188,,1.97,109,8.62,1.10,
2021-10-27,3188,,1.88,109,9.04,1.15,
2021-10-28,3188,,1.89,109,8.95,1.14,
2021-10-29,3188,,1.88,109,9.04,1.15,
2021-11-01,3188,,1.86,109,9.12,1.16,
2021-11-02,3188,,1.85,109,9.15,1.16,
2021-11-03,3188,,1.89,109,8.98,1.14,
2021-11-04,3188,,1.90,109,8.93,1.14,
2021-11-05,3188,,1.89,109,8.95,1.14,
2021-11-08,3188,,1.86,109,9.10,1.16,
2021-11-09,3188,,1.90,109,8.93,1.14,
2021-11-10,3188,,1.73,109,9.13,1.23,
2021-11-11,3188,,1.58,109,10.00,1.34,
2021-11-12,3188,,1.68,109,9.42,1.26,
2021-11-15,3188,,1.63,109,9.71,1.30,
2021-11-16,3188,,1.72,109,9.16,1.23,
2021-11-17,3188,,1.72,109,9.18,1.23,
2021-11-18,3188,,1.70,109,9.26,1.24,
2021-11-19,3188,,1.75,109,9.03,1.21,
2021-11-22,3188,,1.71,109,9.21,1.24,
2021-11-23,3188,,1.74,109,9.08,1.22,
2021-11-24,3188,,1.73,109,9.11,1.22,
2021-11-25,3188,,1.72,109,9.16,1.23,
2021-11-26,3188,,1.75,109,9.03,1.21,
2021-11-29,3188,,1.74,109,9.08,1.22,
2021-11-30,3188,,1.68,109,9.39,1.26,
2021-12-01,3188,,1.68,109,9.42,1.26,
2021-12-02,3188,,1.66,109,9.50,1.27,
2021-12-03,3188,,1.66,109,9.50,1.27,
2021-12-06,3188,,1.67,109,9.47,1.27,
2021-12-07,3188,,1.68,109,9.42,1.26,
2021-12-08,3188,,1.69,109,9.32,1.25,
2021-12-09,3188,,1.67,109,9.45,1.27,
2021-12-10,3188,,1.70,109,9.26,1.24,
2021-12-13,3188,,1.69,109,9.32,1.25,
2021-12-14,3188,,1.71,109,9.24,1.24,
2021-12-15,3188,,1.70,109,9.26,1.24,
2021-12-16,3188,,1.72,109,9.16,1.23,
2021-12-17,3188,,1.70,109,9.26,1.24,
2021-12-20,3188,,1.70,109,9.26,1.24,
2021-12-21,3188,,1.70,109,9.26,1.24,
2021-12-22,3188,,1.70,109,9.29,1.25,
2021-12-23,3188,,1.69,109,9.34,1.25,
2021-12-24,3188,,1.68,109,9.39,1.26,
2021-12-27,3188,,1.70,109,9.26,1.24,
2021-12-28,3188,,1.73,109,9.13,1.23,
2021-12-29,3188,,1.72,109,9.18,1.23,
2021-12-30,3188,,1.69,109,9.37,1.26,
2022-01-03,3188,,1.68,110,9.39,1.26,
2022-01-04,3188,,1.69,110,9.32,1.25,
2022-01-05,3188,,1.70,110,9.29,1.25,
2022-01-06,3188,,1.70,110,9.26,1.24,
2022-01-07,3188,,1.78,110,8.89,1.19,
2022-01-10,3188,,1.76,110,8.95,1.20,
2022-01-11,3188,,1.81,110,8.74,1.17,
2022-01-12,3188,,1.79,110,8.82,1.18,
2022-01-13,3188,,1.76,110,8.95,1.20,
2022-01-14,3188,,1.82,110,8.68,1.17,
2022-01-17,3188,,1.79,110,8.84,1.19,
2022-01-18,3188,,1.79,110,8.84,1.19,
2022-01-19,3188,,1.78,110,8.89,1.19,
2022-01-20,3188,,1.79,110,8.84,1.19,
2022-01-21,3188,,1.80,110,8.79,1.18,
2022-01-24,3188,,1.82,110,8.68,1.17,
2022-01-25,3188,,1.82,110,8.66,1.16,
2022-01-26,3188,,1.80,110,8.79,1.18,
2022-02-07,3188,,1.79,110,8.84,1.19,
2022-02-08,3188,,1.79,110,8.84,1.19,
2022-02-09,3188,,1.76,110,8.97,1.20,
2022-02-10,3188,,1.74,110,9.08,1.22,
2022-02-11,3188,,1.77,110,8.92,1.20,
2022-02-14,3188,,1.78,110,8.89,1.19,
2022-02-15,3188,,1.79,110,8.84,1.19,
2022-02-16,3188,,1.78,110,8.87,1.19,
2022-02-17,3188,,1.79,110,8.82,1.18,
2022-02-18,3188,,1.78,110,8.87,1.19,
2022-02-21,3188,,1.78,110,8.87,1.19,
2022-02-22,3188,,1.81,110,8.71,1.17,
2022-02-23,3188,,1.82,110,8.68,1.17,
2022-02-24,3188,,1.84,110,8.58,1.15,
2022-02-25,3188,,1.83,110,8.63,1.16,
2022-03-01,3188,,1.83,110,8.63,1.16,
2022-03-02,3188,,1.86,110,8.50,1.14,
2022-03-03,3188,,1.85,110,8.53,1.14,
2022-03-04,3188,,1.86,110,8.50,1.14,
2022-03-07,3188,,1.89,110,8.34,1.12,
2022-03-08,3188,,1.92,110,8.24,1.11,
2022-03-09,3188,,1.88,110,8.39,1.13,
2022-03-10,3188,,1.88,110,8.42,1.13,
2022-03-11,3188,,1.88,110,8.39,1.13,
2022-03-14,3188,,1.88,110,8.99,1.12,
2022-03-15,3188,,6.21,110,9.04,1.13,
2022-03-16,3188,,6.19,110,9.07,1.13,
2022-03-17,3188,,6.08,110,9.24,1.15,
2022-03-18,3188,,6.12,110,9.19,1.15,
2022-03-21,3188,,6.12,110,9.19,1.15,
2022-03-22,3188,,6.10,110,9.21,1.15,
2022-03-23,3188,,6.10,110,9.21,1.15,
2022-03-24,3188,,6.10,110,9.21,1.15,
2022-03-25,3188,,6.12,110,9.19,1.15,
2022-03-28,3188,,6.10,110,9.21,1.15,
2022-03-29,3188,,6.12,110,9.19,1.15,
2022-03-30,3188,,6.10,110,9.21,1.15,
2022-03-31,3188,,6.13,110,9.16,1.14,
2022-04-01,3188,,6.06,110,9.27,1.16,
2022-04-06,3188,,6.06,110,9.27,1.16,
2022-04-07,3188,,6.15,110,9.13,1.14,
2022-04-08,3188,,6.12,110,9.19,1.15,
2022-04-11,3188,,6.17,110,9.10,1.14,
2022-04-12,3188,,6.17,110,9.10,1.14,
2022-04-13,3188,,6.21,110,9.04,1.13,
2022-04-14,3188,,6.17,110,9.10,1.14,
2022-04-15,3188,,6.19,110,9.07,1.13,
2022-04-18,3188,,6.19,110,9.07,1.13,
2022-04-19,3188,,6.17,110,9.10,1.14,
2022-04-20,3188,,6.15,110,9.13,1.14,
2022-04-21,3188,,6.13,110,9.16,1.14,
2022-04-22,3188,,6.15,110,9.13,1.14,
2022-04-25,3188,,6.31,110,8.90,1.11,
2022-04-26,3188,,6.25,110,8.99,1.12,
2022-04-27,3188,,6.25,110,8.99,1.12,
2022-04-28,3188,,6.25,110,8.99,1.12,
2022-04-29,3188,,6.23,110,9.02,1.12,
2022-05-03,3188,,6.23,110,9.02,1.12,
2022-05-04,3188,,6.19,110,9.07,1.13,
2022-05-05,3188,,6.27,110,8.96,1.12,
2022-05-06,3188,,6.31,110,8.90,1.11,
2022-05-09,3188,,6.25,110,8.99,1.12,
2022-05-10,3188,,6.25,110,8.99,1.12,
2022-05-11,3188,,6.33,110,8.88,1.11,
2022-05-12,3188,,6.39,110,13.15,1.13,
2022-05-13,3188,,6.37,110,13.19,1.14,
2022-05-16,3188,,6.35,110,13.24,1.14,
2022-05-17,3188,,6.25,110,13.45,1.16,
2022-05-18,3188,,6.25,110,13.45,1.16,
2022-05-19,3188,,6.25,110,13.45,1.16,
2022-05-20,3188,,6.29,110,13.36,1.15,
2022-05-23,3188,,6.27,110,13.40,1.16,
2022-05-24,3188,,6.31,110,13.32,1.15,
2022-05-25,3188,,6.31,110,13.32,1.15,
2022-05-26,3188,,6.45,110,13.03,1.12,
2022-05-27,3188,,6.45,110,13.03,1.12,
2022-05-30,3188,,6.45,110,13.03,1.12,
2022-05-31,3188,,6.37,110,13.19,1.14,
2022-06-01,3188,,6.37,110,13.19,1.14,
2022-06-02,3188,,6.31,110,13.32,1.15,
2022-06-06,3188,,6.29,110,13.36,1.15,
2022-06-07,3188,,6.21,110,13.53,1.17,
2022-06-08,3188,,6.17,110,13.61,1.17,
2022-06-09,3188,,6.06,110,13.87,1.20,
2022-06-10,3188,,6.04,110,13.91,1.20,
2022-06-13,3188,,6.06,110,13.87,1.20,
2022-06-14,3188,,6.10,110,13.78,1.19,
2022-06-15,3188,,6.04,110,13.91,1.20,
2022-06-16,3188,,6.17,110,13.61,1.17,
2022-06-17,3188,,6.25,110,13.45,1.16,
2022-06-20,3188,,6.47,110,12.98,1.12,
2022-06-21,3188,,6.25,110,13.45,1.16,
2022-06-22,3188,,6.31,110,13.32,1.15,
2022-06-23,3188,,6.29,110,13.36,1.15,
2022-06-24,3188,,6.31,110,13.32,1.15,
2022-06-27,3188,,6.29,110,13.36,1.15,
2022-06-28,3188,,6.29,110,13.36,1.15,
2022-06-29,3188,,6.29,110,13.36,1.15,
2022-06-30,3188,,6.31,110,13.32,1.15,
2022-07-01,3188,,6.39,110,13.15,1.13,
2022-07-04,3188,,6.56,110,12.82,1.11,
2022-07-05,3188,,6.56,110,12.82,1.11,
2022-07-06,3188,,6.69,110,12.56,1.08,
2022-07-07,3188,,6.60,110,12.73,1.10,
2022-07-08,3188,,6.62,110,12.69,1.09,
2022-07-11,3188,,6.69,110,12.56,1.08,
2022-07-12,3188,,6.80,110,12.35,1.07,
2022-07-13,3188,,6.71,110,12.52,1.08,
2022-07-14,3188,,6.71,110,12.52,1.08,
2022-07-15,3188,,6.69,110,12.56,1.08,
2022-07-18,3188,,6.73,110,12.48,1.08,
2022-07-19,3188,,6.87,110,12.23,1.05,
2022-07-20,3188,,6.87,110,12.23,1.05,
2022-07-21,3188,,6.85,110,12.27,1.06,
2022-07-22,3188,,6.83,110,12.31,1.06,
2022-07-25,3188,,6.85,110,12.27,1.06,
2022-07-26,3188,,6.90,110,12.18,1.05,
2022-07-27,3188,,6.83,110,12.31,1.06,
2022-07-28,3188,,6.80,110,12.35,1.07,
2022-07-29,3188,,6.78,110,12.39,1.07,
2022-08-01,3188,,6.99,110,12.02,1.04,
2022-08-02,3188,,6.97,110,12.06,1.04,
2022-08-03,3188,,6.97,110,12.06,1.04,
2022-08-04,3188,,7.07,110,11.89,1.03,
2022-08-05,3188,,7.09,110,11.85,1.02,
2022-08-08,3188,,7.02,110,11.97,1.03,
2022-08-09,3188,,6.99,110,12.02,1.04,
2022-08-10,3188,,6.97,110,46.29,1.05,
2022-08-11,3188,,6.94,110,46.45,1.05,
2022-08-12,3188,,6.94,110,46.45,1.05,
2022-08-15,3188,,6.92,110,46.61,1.05,
2022-08-16,3188,,6.76,110,47.74,1.08,
2022-08-17,3188,,6.78,110,47.58,1.07,
2022-08-18,3188,,6.80,110,47.42,1.07,
2022-08-19,3188,,6.76,110,47.74,1.08,
2022-08-22,3188,,6.69,110,48.23,1.09,
2022-08-23,3188,,6.73,110,47.90,1.08,
2022-08-24,3188,,6.58,110,49.03,1.11,
2022-08-25,3188,,6.49,110,49.68,1.12,
2022-08-26,3188,,6.45,110,50.00,1.13,
2022-08-29,3188,,7.43,110,43.39,0.98,
2022-08-30,3188,,7.41,110,43.55,0.98,
2022-08-31,3188,,7.49,110,43.06,0.97,
2022-09-01,3188,,7.55,110,42.74,0.97,
2022-09-02,3188,,7.75,110,41.61,0.94,
2022-09-05,3188,,7.81,110,41.29,0.93,
2022-09-06,3188,,7.87,110,40.97,0.92,
2022-09-07,3188,,8.16,110,39.52,0.89,
2022-09-08,3188,,8.37,110,38.55,0.87,
2022-09-12,3188,,8.30,110,38.87,0.88,
2022-09-13,3188,,7.55,110,42.74,0.97,
2022-09-14,3188,,7.52,110,42.90,0.97,
2022-09-15,3188,,7.69,110,41.94,0.95,
2022-09-16,3188,,7.84,110,41.13,0.93,
2022-09-19,3188,,7.87,110,40.97,0.92,
2022-09-20,3188,,7.81,110,41.29,0.93,
2022-09-21,3188,,7.87,110,40.97,0.92,
2022-09-22,3188,,7.94,110,40.65,0.92,
2022-09-23,3188,,8.20,110,39.35,0.89,
2022-09-26,3188,,8.89,110,36.29,0.82,
2022-09-27,3188,,8.85,110,36.45,0.82,
2022-09-28,3188,,9.05,110,35.65,0.80,
2022-09-29,3188,,8.89,110,36.29,0.82,
2022-09-30,3188,,8.97,110,35.97,0.81,
2022-10-03,3188,,8.97,110,35.97,0.81,
2022-10-04,3188,,8.89,110,36.29,0.82,
2022-10-05,3188,,8.89,110,36.29,0.82,
2022-10-06,3188,,8.89,110,36.29,0.82,
2022-10-07,3188,,8.89,110,36.29,0.82,
2022-10-11,3188,,8.97,110,35.97,0.81,
2022-10-12,3188,,8.97,110,35.97,0.81,
2022-10-13,3188,,9.30,110,34.68,0.78,
2022-10-14,3188,,9.05,110,35.65,0.80,
2022-10-17,3188,,9.17,110,35.16,0.79,
2022-10-18,3188,,9.09,110,35.48,0.80,
2022-10-19,3188,,9.09,110,35.48,0.80,
2022-10-20,3188,,9.22,110,35.00,0.79,
2022-10-21,3188,,9.30,110,34.68,0.78,
2022-10-24,3188,,9.30,110,34.68,0.78,
2022-10-25,3188,,9.17,110,35.16,0.79,
2022-10-26,3188,,9.22,110,35.00,0.79,
2022-10-27,3188,,9.26,110,34.84,0.79,
2022-10-28,3188,,9.30,110,34.68,0.78,
2022-10-31,3188,,9.30,110,34.68,0.78,
2022-11-01,3188,,9.30,110,34.68,0.78,
2022-11-02,3188,,9.22,110,35.00,0.79,
2022-11-03,3188,,9.22,110,35.00,0.79,
2022-11-04,3188,,9.13,110,35.32,0.80,
2022-11-07,3188,,8.97,110,35.97,0.81,
2022-11-08,3188,,8.97,110,35.97,0.81,
2022-11-09,3188,,8.51,110,,0.98,
2022-11-10,3188,,8.81,110,,0.94,
2022-11-11,3188,,8.81,110,,0.94,
2022-11-14,3188,,8.58,110,,0.97,
2022-11-15,3188,,8.70,110,,0.96,
2022-11-16,3188,,8.73,110,,0.95,
2022-11-17,3188,,8.55,110,,0.97,
2022-11-18,3188,,8.70,110,,0.96,
2022-11-21,3188,,8.62,110,,0.96,
2022-11-22,3188,,8.55,110,,0.97,
2022-11-23,3188,,8.58,110,,0.97,
2022-11-24,3188,,8.55,110,,0.97,
2022-11-25,3188,,8.58,110,,0.97,
2022-11-28,3188,,8.51,110,,0.98,
2022-11-29,3188,,8.13,110,,1.02,
2022-11-30,3188,,8.06,110,,1.03,
2022-12-01,3188,,7.97,110,,1.04,
2022-12-02,3188,,7.63,110,,1.09,
2022-12-05,3188,,7.66,110,,1.08,
2022-12-06,3188,,7.63,110,,1.09,
2022-12-07,3188,,7.55,110,,1.10,
2022-12-08,3188,,7.84,110,,1.06,
2022-12-09,3188,,7.84,110,,1.06,
2022-12-12,3188,,7.66,110,,1.08,
2022-12-13,3188,,7.66,110,,1.08,
2022-12-14,3188,,7.63,110,,1.09,
2022-12-15,3188,,7.72,110,,1.08,
2022-12-16,3188,,7.84,110,,1.06,
2022-12-19,3188,,7.84,110,,1.06,
2022-12-20,3188,,7.97,110,,1.04,
2022-12-21,3188,,7.94,110,,1.05,
2022-12-22,3188,,7.94,110,,1.05,
2022-12-23,3188,,7.97,110,,1.04,
2022-12-26,3188,,8.00,110,,1.04,
2022-12-27,3188,,7.94,110,,1.05,
2022-12-28,3188,,8.00,110,,1.04,
2022-12-29,3188,,8.03,110,,1.03,
2022-12-30,3188,,8.00,110,,1.04,
2023-01-03,3188,,8.13,111,,1.02,
2023-01-04,3188,,8.10,111,,1.03,
2023-01-05,3188,,8.20,111,,1.01,
2023-01-06,3188,,8.23,111,,1.01,
2023-01-09,3188,,8.26,111,,1.01,
2023-01-10,3188,,8.23,111,,1.01,
2023-01-11,3188,,8.23,111,,1.01,
2023-01-12,3188,,8.30,111,,1.00,
2023-01-13,3188,,8.20,111,,1.01,
2023-01-16,3188,,8.23,111,,1.01,
2023-01-17,3188,,8.16,111,,1.02,
2023-01-30,3188,,7.97,111,,1.04,
2023-01-31,3188,,7.94,111,,1.05,
2023-02-01,3188,,7.94,111,,1.05,
2023-02-02,3188,,7.91,111,,1.05,
2023-02-03,3188,,7.94,111,,1.05,
2023-02-06,3188,,7.63,111,,1.09,
2023-02-07,3188,,7.66,111,,1.08,
2023-02-08,3188,,7.66,111,,1.08,
2023-02-09,3188,,7.78,111,,1.07,
2023-02-10,3188,,7.78,111,,1.07,
2023-02-13,3188,,7.75,111,,1.07,
2023-02-14,3188,,7.75,111,,1.07,
2023-02-15,3188,,7.75,111,,1.07,
2023-02-16,3188,,7.72,111,,1.08,
2023-02-17,3188,,7.84,111,,1.06,
2023-02-20,3188,,7.87,111,,1.06,
2023-02-21,3188,,7.87,111,,1.06,
2023-02-22,3188,,7.91,111,,1.05,
2023-02-23,3188,,7.78,111,,1.07,
2023-02-24,3188,,7.75,111,,1.07,
2023-03-01,3188,,7.72,111,,1.08,
2023-03-02,3188,,7.69,111,,1.08,
2023-03-03,3188,,7.72,111,,1.08,
2023-03-06,3188,,7.72,111,,1.08,
2023-03-07,3188,,7.72,111,,1.08,
2023-03-08,3188,,7.78,111,,1.07,
2023-03-09,3188,,7.78,111,,1.07,
2023-03-10,3188,,7.84,111,,1.06,
2023-03-13,3188,,7.66,111,,1.08,
2023-03-14,3188,,7.81,111,,1.06,
2023-03-15,3188,,7.69,111,,1.08,
2023-03-16,3188,,7.75,111,,1.07,
2023-03-17,3188,,7.72,111,,1.08,
2023-03-20,3188,,7.72,111,,1.08,
2023-03-21,3188,,7.69,111,,1.08,
2023-03-22,3188,,2.33,111,21.15,1.02,
2023-03-23,3188,,2.32,111,21.23,1.03,
2023-03-24,3188,,2.31,111,21.31,1.03,
2023-03-27,3188,,2.32,111,21.23,1.03,
2023-03-28,3188,,2.33,111,21.07,1.02,
2023-03-29,3188,,2.34,111,20.98,1.02,
2023-03-30,3188,,2.32,111,21.23,1.03,
2023-03-31,3188,,2.32,111,21.23,1.03,
2023-04-06,3188,,2.28,111,21.56,1.04,
2023-04-07,3188,,2.26,111,21.80,1.06,
2023-04-10,3188,,2.11,111,23.28,1.13,
2023-04-11,3188,,2.14,111,23.03,1.12,
2023-04-12,3188,,2.11,111,23.28,1.13,
2023-04-13,3188,,2.14,111,22.95,1.11,
2023-04-14,3188,,2.14,111,22.95,1.11,
2023-04-17,3188,,2.12,111,23.20,1.12,
2023-04-18,3188,,2.13,111,23.11,1.12,
2023-04-19,3188,,2.13,111,23.11,1.12,
2023-04-20,3188,,2.13,111,23.11,1.12,
2023-04-21,3188,,2.14,111,22.95,1.11,
2023-04-24,3188,,2.14,111,22.95,1.11,
2023-04-25,3188,,2.17,111,22.62,1.10,
2023-04-26,3188,,2.15,111,22.87,1.11,
2023-04-27,3188,,2.13,111,23.11,1.12,
2023-04-28,3188,,2.12,111,23.20,1.12,
2023-05-02,3188,,2.09,111,23.52,1.14,
2023-05-03,3188,,2.07,111,23.77,1.15,
2023-05-04,3188,,2.08,111,23.69,1.15,
2023-05-05,3188,,2.03,111,24.18,1.17,
2023-05-08,3188,,2.06,111,23.85,1.16,
2023-05-09,3188,,2.08,111,23.61,1.14,
2023-05-10,3188,,2.09,111,23.52,1.14,
2023-05-11,3188,,2.11,111,26.30,1.15,
2023-05-12,3188,,2.11,111,26.39,1.15,
2023-05-15,3188,,2.13,111,26.11,1.14,
2023-05-16,3188,,2.09,111,26.57,1.16,
2023-05-17,3188,,2.03,111,27.31,1.19,
2023-05-18,3188,,2.05,111,27.13,1.18,
2023-05-19,3188,,2.02,111,27.50,1.20,
2023-05-22,3188,,1.98,111,28.06,1.22,
2023-05-23,3188,,1.97,111,28.24,1.23,
2023-05-24,3188,,1.97,111,28.15,1.23,
2023-05-25,3188,,1.95,111,28.43,1.24,
2023-05-26,3188,,1.99,111,27.96,1.22,
2023-05-29,3188,,2.00,111,27.78,1.21,
2023-05-30,3188,,1.99,111,27.87,1.21,
2023-05-31,3188,,1.99,111,27.96,1.22,
2023-06-01,3188,,2.02,111,27.50,1.20,
2023-06-02,3188,,2.01,111,27.59,1.20,
2023-06-05,3188,,2.01,111,27.59,1.20,
2023-06-06,3188,,2.00,111,27.78,1.21,
2023-06-07,3188,,1.99,111,27.96,1.22,
2023-06-08,3188,,1.99,111,27.96,1.22,
2023-06-09,3188,,2.01,111,27.59,1.20,
2023-06-12,3188,,2.03,111,27.31,1.19,
2023-06-13,3188,,2.02,111,27.50,1.20,
2023-06-14,3188,,2.00,111,27.78,1.21,
2023-06-15,3188,,2.03,111,27.31,1.19,
2023-06-16,3188,,2.10,111,26.48,1.15,
2023-06-19,3188,,2.08,111,26.76,1.17,
2023-06-20,3188,,2.10,111,26.48,1.15,
2023-06-21,3188,,2.09,111,26.57,1.16,
2023-06-26,3188,,2.11,111,26.39,1.15,
2023-06-27,3188,,2.14,111,26.02,1.13,
2023-06-28,3188,,2.14,111,26.02,1.13,
2023-06-29,3188,,2.06,111,26.94,1.17,
2023-06-30,3188,,2.01,111,27.59,1.20,
2023-07-03,3188,,1.99,111,27.87,1.21,
2023-07-04,3188,,2.00,111,27.78,1.21,
2023-07-05,3188,,2.00,111,27.78,1.21,
2023-07-06,3188,,1.99,111,27.87,1.21,
2023-07-07,3188,,2.00,111,27.78,1.21,
2023-07-10,3188,,2.01,111,27.69,1.21,
2023-07-11,3188,,2.03,111,27.41,1.19,
2023-07-12,3188,,2.03,111,27.41,1.19,
2023-07-13,3188,,2.03,111,27.41,1.19,
2023-07-14,3188,,2.02,111,27.50,1.20,
2023-07-17,3188,,2.06,111,26.94,1.17,
2023-07-18,3188,,2.08,111,26.67,1.16,
2023-07-19,3188,,2.10,111,26.48,1.15,
2023-07-20,3188,,2.05,111,27.04,1.18,
2023-07-21,3188,,2.05,111,27.04,1.18,
2023-07-24,3188,,2.05,111,27.04,1.18,
2023-07-25,3188,,2.08,111,26.76,1.17,
2023-07-26,3188,,2.07,111,26.85,1.17,
2023-07-27,3188,,2.04,111,27.22,1.19,
2023-07-28,3188,,2.04,111,27.22,1.19,
2023-07-31,3188,,2.06,111,26.94,1.17,
2023-08-01,3188,,2.08,111,26.76,1.17,
2023-08-02,3188,,2.07,111,26.85,1.17,
2023-08-04,3188,,2.08,111,26.76,1.17,
2023-08-07,3188,,2.07,111,26.85,1.17,
2023-08-08,3188,,2.05,111,24.75,1.18,
2023-08-09,3188,,2.03,111,25.08,1.19,
2023-08-10,3188,,2.03,111,25.00,1.19,
2023-08-11,3188,,2.05,111,24.83,1.18,
2023-08-14,3188,,2.08,111,24.41,1.16,
2023-08-15,3188,,2.08,111,24.41,1.16,
2023-08-16,3188,,2.07,111,24.58,1.17,
2023-08-17,3188,,2.08,111,24.49,1.17,
2023-08-18,3188,,2.08,111,24.49,1.17,
2023-08-21,3188,,2.06,111,24.66,1.17,
2023-08-22,3188,,2.07,111,24.58,1.17,
2023-08-23,3188,,2.06,111,24.66,1.17,
2023-08-24,3188,,2.07,111,24.58,1.17,
2023-08-25,3188,,2.07,111,24.58,1.17,
2023-08-28,3188,,2.05,111,24.75,1.18,
2023-08-29,3188,,2.05,111,24.75,1.18,
2023-08-30,3188,,2.03,111,25.08,1.19,
2023-08-31,3188,,2.03,111,25.00,1.19,
2023-09-01,3188,,2.02,111,25.17,1.20,
2023-09-04,3188,,2.02,111,25.17,1.20,
2023-09-05,3188,,2.02,111,25.17,1.20,
2023-09-06,3188,,2.04,111,24.92,1.19,
2023-09-07,3188,,2.04,111,24.92,1.19,
2023-09-08,3188,,2.04,111,24.92,1.19,
2023-09-11,3188,,2.03,111,25.08,1.19,
2023-09-12,3188,,2.02,111,25.17,1.20,
2023-09-13,3188,,1.97,111,25.76,1.23,
2023-09-14,3188,,1.96,111,25.93,1.23,
2023-09-15,3188,,1.96,111,25.93,1.23,
2023-09-18,3188,,1.97,111,25.76,1.23,
2023-09-19,3188,,1.97,111,25.85,1.23,
2023-09-20,3188,,1.97,111,25.85,1.23,
2023-09-21,3188,,1.97,111,25.85,1.23,
2023-09-22,3188,,1.99,111,25.51,1.21,
2023-09-25,3188,,1.92,111,26.53,1.26,
2023-09-26,3188,,1.93,111,26.36,1.26,
2023-09-27,3188,,1.86,111,27.29,1.30,
2023-09-28,3188,,1.85,111,27.54,1.31,
2023-10-02,3188,,1.85,111,27.54,1.31,
2023-10-03,3188,,1.84,111,27.63,1.32,
2023-10-04,3188,,1.85,111,27.46,1.31,
2023-10-05,3188,,1.86,111,27.37,1.30,
2023-10-06,3188,,1.86,111,27.37,1.30,
2023-10-11,3188,,1.90,111,26.69,1.27,
2023-10-12,3188,,1.90,111,26.69,1.27,
2023-10-13,3188,,1.89,111,26.86,1.28,
2023-10-16,3188,,1.89,111,26.95,1.28,
2023-10-17,3188,,1.88,111,27.03,1.29,
2023-10-18,3188,,1.90,111,26.78,1.28,
2023-10-19,3188,,1.88,111,27.03,1.29,
2023-10-20,3188,,1.89,111,26.95,1.28,
2023-10-23,3188,,1.93,111,26.36,1.26,
2023-10-24,3188,,1.90,111,26.69,1.27,
2023-10-25,3188,,1.88,111,27.03,1.29,
2023-10-26,3188,,1.89,111,26.95,1.28,
2023-10-27,3188,,1.88,111,27.12,1.29,
2023-10-30,3188,,1.87,111,27.20,1.30,
2023-10-31,3188,,1.90,111,26.69,1.27,
2023-11-01,3188,,1.90,111,26.78,1.28,
2023-11-02,3188,,1.88,111,27.03,1.29,
2023-11-03,3188,,1.88,111,27.12,1.29,
2023-11-06,3188,,1.83,111,27.80,1.32,
2023-11-07,3188,,1.87,111,27.20,1.30,
2023-11-08,3188,,1.88,111,27.03,1.29,
2023-11-09,3188,,1.91,111,26.61,1.27,
2023-11-10,3188,,1.90,111,21.28,1.26,
2023-11-13,3188,,1.85,111,21.96,1.30,
2023-11-14,3188,,1.86,111,21.82,1.30,
2023-11-15,3188,,1.89,111,21.49,1.28,
2023-11-16,3188,,1.86,111,21.82,1.30,
2023-11-17,3188,,1.88,111,21.62,1.28,
2023-11-20,3188,,1.86,111,21.76,1.29,
2023-11-21,3188,,1.85,111,21.89,1.30,
2023-11-22,3188,,1.84,111,22.03,1.31,
2023-11-23,3188,,1.85,111,21.89,1.30,
2023-11-24,3188,,1.85,111,21.89,1.30,
2023-11-27,3188,,1.85,111,21.96,1.30,
2023-11-28,3188,,1.85,111,21.89,1.30,
2023-11-29,3188,,1.85,111,21.96,1.30,
2023-11-30,3188,,1.84,111,22.03,1.31,
2023-12-01,3188,,1.83,111,22.09,1.31,
2023-12-04,3188,,1.85,111,21.89,1.30,
2023-12-05,3188,,1.84,111,22.03,1.31,
2023-12-06,3188,,1.84,111,22.03,1.31,
2023-12-07,3188,,1.84,111,22.03,1.31,
2023-12-08,3188,,1.86,111,21.76,1.29,
2023-12-11,3188,,1.87,111,21.69,1.29,
2023-12-12,3188,,1.88,111,21.62,1.28,
2023-12-13,3188,,1.86,111,21.76,1.29,
2023-12-14,3188,,1.88,111,21.62,1.28,
2023-12-15,3188,,1.86,111,21.76,1.29,
2023-12-18,3188,,1.86,111,21.76,1.29,
2023-12-19,3188,,1.86,111,21.76,1.29,
2023-12-20,3188,,1.86,111,21.76,1.29,
2023-12-21,3188,,1.84,111,22.03,1.31,
2023-12-22,3188,,1.83,111,22.09,1.31,
2023-12-25,3188,,1.84,111,22.03,1.31,
2023-12-26,3188,,1.85,111,21.96,1.30,
2023-12-27,3188,,1.84,111,22.03,1.31,
2023-12-28,3188,,1.84,111,22.03,1.31,
2023-12-29,3188,,1.81,111,22.36,1.33,
2024-01-02,3188,,1.74,112,23.24,1.38,
2024-01-03,3188,,1.73,112,23.38,1.39,
2024-01-04,3188,,1.75,112,23.11,1.37,
2024-01-05,3188,,1.75,112,23.18,1.38,
2024-01-08,3188,,1.75,112,23.18,1.38,
2024-01-09,3188,,1.77,112,22.91,1.36,
2024-01-10,3188,,1.78,112,22.84,1.36,
2024-01-11,3188,,1.74,112,23.24,1.38,
2024-01-12,3188,,1.76,112,23.04,1.37,
2024-01-15,3188,,1.75,112,23.11,1.37,
2024-01-16,3188,,1.78,112,22.84,1.36,
2024-01-17,3188,,1.82,112,22.30,1.32,
2024-01-18,3188,,1.80,112,22.57,1.34,
2024-01-19,3188,,1.79,112,22.64,1.34,
2024-01-22,3188,,1.74,112,23.31,1.38,
2024-01-23,3188,,1.69,112,24.05,1.43,
2024-01-24,3188,,1.63,112,24.80,1.47,
2024-01-25,3188,,1.63,112,24.93,1.48,
2024-01-26,3188,,1.63,112,24.93,1.48,
2024-01-29,3188,,1.62,112,25.07,1.49,
2024-01-30,3188,,1.60,112,25.41,1.51,
2024-01-31,3188,,1.61,112,25.20,1.50,
2024-02-01,3188,,1.60,112,25.34,1.50,
2024-02-02,3188,,1.60,112,25.41,1.51,
2024-02-05,3188,,1.59,112,25.54,1.52,
2024-02-15,3188,,1.56,112,25.95,1.54,
2024-02-16,3188,,1.57,112,25.74,1.53,
2024-02-19,3188,,1.55,112,26.08,1.55,
2024-02-20,3188,,1.54,112,26.35,1.56,
2024-02-21,3188,,1.54,112,26.28,1.56,
2024-02-22,3188,,1.57,112,25.88,1.54,
2024-02-23,3188,,1.57,112,25.81,1.53,
2024-02-26,3188,,1.60,112,25.34,1.50,
2024-02-27,3188,,1.61,112,25.14,1.49,
2024-02-29,3188,,1.60,112,25.27,1.50,
2024-03-01,3188,,1.62,112,25.07,1.49,
2024-03-04,3188,,1.58,112,25.68,1.52,
2024-03-05,3188,,1.56,112,26.01,1.54,
2024-03-06,3188,,1.48,112,27.43,1.63,
2024-03-07,3188,,1.40,112,29.05,1.72,
2024-03-08,3188,,1.32,112,30.74,1.82,
2024-03-11,3188,,1.28,112,31.55,1.87,
2024-03-12,3188,,6.68,112,32.36,1.92,
2024-03-13,3188,,6.30,112,34.32,2.04,
2024-03-14,3188,,6.43,112,33.65,2.00,
2024-03-15,3188,,6.71,112,11.63,1.66,
2024-03-18,3188,,6.30,112,12.39,1.77,
2024-03-19,3188,,6.29,112,12.41,1.77,
2024-03-20,3188,,6.25,112,12.49,1.78,
2024-03-21,3188,,6.14,112,12.71,1.82,
2024-03-22,3188,,6.15,112,12.68,1.81,
2024-03-25,3188,,6.13,112,12.73,1.82,
2024-03-26,3188,,6.02,112,12.98,1.85,
2024-03-27,3188,,5.59,112,13.95,1.99,
2024-03-28,3188,,5.57,112,14.00,2.00,
2024-03-29,3188,,5.67,112,13.76,1.97,
2024-04-01,3188,,5.54,112,14.10,2.01,
2024-04-02,3188,,5.71,112,13.66,1.95,
2024-04-03,3188,,6.04,112,12.93,1.85,
2024-04-08,3188,,6.25,112,12.49,1.78,
2024-04-09,3188,,6.56,112,11.90,1.70,
2024-04-10,3188,,6.40,112,12.20,1.74,
2024-04-11,3188,,6.57,112,11.88,1.70,
2024-04-12,3188,,6.77,112,11.54,1.65,
2024-04-15,3188,,6.96,112,11.22,1.60,
2024-04-16,3188,,7.00,112,11.15,1.59,
2024-04-17,3188,,6.84,112,11.41,1.63,
2024-04-18,3188,,6.48,112,12.05,1.72,
2024-04-19,3188,,6.49,112,12.02,1.72,
2024-04-22,3188,,6.57,112,11.88,1.70,
2024-04-23,3188,,6.25,112,12.49,1.78,
2024-04-24,3188,,6.29,112,12.41,1.77,
2024-04-25,3188,,6.15,112,12.68,1.81,
2024-04-26,3188,,5.95,112,13.12,1.87,
2024-04-29,3188,,5.52,112,14.15,2.02,
2024-04-30,3188,,5.39,112,14.49,2.07,
2024-05-02,3188,,4.90,112,15.93,2.28,
2024-05-03,3188,,4.79,112,16.29,2.33,
2024-05-06,3188,,4.47,112,17.46,2.49,
2024-05-07,3188,,4.71,112,16.59,2.37,
2024-05-08,3188,,4.71,112,16.56,2.37,
2024-05-09,3188,,4.78,112,11.96,2.47,
2024-05-10,3188,,4.85,112,11.79,2.43,
2024-05-13,3188,,5.03,112,11.36,2.34,
2024-05-14,3188,,5.31,112,10.77,2.22,
2024-05-15,3188,,5.30,112,10.79,2.22,
2024-05-16,3188,,5.12,112,11.16,2.30,
2024-05-17,3188,,5.19,112,11.02,2.27,
2024-05-20,3188,,5.20,112,10.98,2.26,
2024-05-21,3188,,5.06,112,11.30,2.33,
2024-05-22,3188,,5.14,112,11.13,2.29,
2024-05-23,3188,,5.43,112,10.52,2.17,
2024-05-24,3188,,5.32,112,10.75,2.21,
2024-05-27,3188,,5.32,112,10.73,2.21,
2024-05-28,3188,,5.28,112,10.82,2.23,
2024-05-29,3188,,5.19,112,11.02,2.27,
2024-05-30,3188,,5.33,112,10.71,2.21,
2024-05-31,3188,,5.10,112,11.21,2.31,
2024-06-03,3188,,4.84,112,11.80,2.43,
2024-06-04,3188,,4.87,112,11.73,2.42,
2024-06-05,3188,,5.05,112,11.32,2.33,
2024-06-06,3188,,5.10,112,11.21,2.31,
2024-06-07,3188,,4.81,112,11.88,2.45,
2024-06-11,3188,,4.85,112,11.79,2.43,
2024-06-12,3188,,4.94,112,11.57,2.38,
2024-06-13,3188,,4.93,112,11.59,2.39,
2024-06-14,3188,,4.71,112,12.13,2.50,
2024-06-17,3188,,4.81,112,11.88,2.45,
2024-06-18,3188,,4.82,112,11.86,2.44,
2024-06-19,3188,,4.90,112,11.66,2.40,
2024-06-20,3188,,4.92,112,11.63,2.40,
2024-06-21,3188,,5.03,112,11.36,2.34,
2024-06-24,3188,,4.98,112,11.46,2.36,
2024-06-25,3188,,5.03,112,11.36,2.34,
2024-06-26,3188,,5.13,112,11.14,2.30,
2024-06-27,3188,,5.09,112,11.23,2.31,
2024-06-28,3188,,5.17,112,11.05,2.28,
2024-07-01,3188,,4.77,112,11.98,2.47,
2024-07-02,3188,,4.95,112,11.55,2.38,
2024-07-03,3188,,4.92,112,11.63,2.40,
2024-07-04,3188,,4.89,112,11.70,2.41,
2024-07-05,3188,,4.73,112,12.07,2.49,
2024-07-08,3188,,4.60,112,12.41,2.56,
2024-07-09,3188,,4.62,112,12.36,2.55,
2024-07-10,3188,,4.21,112,13.57,2.80,
2024-07-11,3188,,4.16,112,13.75,2.83,
2024-07-12,3188,,4.08,112,14.00,2.88,
2024-07-15,3188,,3.94,112,14.50,2.99,
2024-07-16,3188,,3.77,112,15.14,3.12,
2024-07-17,3188,,3.84,112,14.89,3.07,
2024-07-18,3188,,3.82,112,14.95,3.08,
2024-07-19,3188,,3.86,112,14.79,3.05,
2024-07-22,3188,,3.85,112,14.84,3.06,
2024-07-23,3188,,3.50,112,16.32,3.36,
2024-07-26,3188,,3.36,112,17.02,3.51,
2024-07-29,3188,,3.05,112,18.71,3.86,
2024-07-30,3188,,3.08,112,18.57,3.83,
2024-07-31,3188,,2.89,112,19.75,4.07,
2024-08-01,3188,,2.89,112,19.79,4.08,
2024-08-02,3188,,3.18,112,17.96,3.70,
2024-08-05,3188,,3.53,112,16.18,3.33,
2024-08-06,3188,,3.92,112,12.63,2.91,
2024-08-07,3188,,3.72,112,13.31,3.07,
2024-08-08,3188,,3.78,112,13.10,3.02,
2024-08-09,3188,,3.71,112,13.34,3.08,
2024-08-12,3188,,3.48,112,14.24,3.28,
2024-08-13,3188,,3.31,112,14.97,3.45,
2024-08-14,3188,,3.35,112,14.80,3.41,
2024-08-15,3188,,3.26,112,15.22,3.51,
2024-08-16,3188,,3.21,112,15.45,3.56,
2024-08-19,3188,,3.26,112,15.19,3.50,
2024-08-20,3188,,3.42,112,14.50,3.34,
2024-08-21,3188,,3.60,112,13.78,3.18,
2024-08-22,3188,,3.72,112,13.31,3.07,
2024-08-23,3188,,3.74,112,13.25,3.05,
2024-08-26,3188,,3.80,112,13.03,3.00,
2024-08-27,3188,,3.78,112,13.10,3.02,
2024-08-28,3188,,3.81,112,13.00,3.00,
2024-08-29,3188,,3.77,112,13.14,3.03,
2024-08-30,3188,,3.62,112,13.67,3.15,
2024-09-02,3188,,3.71,112,13.36,3.08,
2024-09-03,3188,,3.82,112,12.97,2.99,
2024-09-04,3188,,3.92,112,12.63,2.91,
2024-09-05,3188,,3.92,112,12.63,2.91,
2024-09-06,3188,,3.89,112,12.72,2.93,
2024-09-09,3188,,3.88,112,12.76,2.94,
2024-09-10,3188,,4.08,112,12.15,2.80,
2024-09-11,3188,,4.07,112,12.17,2.81,
2024-09-12,3188,,3.98,112,12.45,2.87,
2024-09-13,3188,,3.88,112,12.77,2.94,
2024-09-16,3188,,3.86,112,12.83,2.96,
2024-09-18,3188,,3.77,112,13.14,3.03,
2024-09-19,3188,,3.71,112,13.36,3.08,
2024-09-20,3188,,4.12,112,12.03,2.77,
2024-09-23,3188,,4.57,112,10.84,2.50,
2024-09-24,3188,,4.60,112,10.77,2.48,
2024-09-25,3188,,4.57,112,10.84,2.50,
2024-09-26,3188,,4.51,112,10.99,2.53,
2024-09-27,3188,,4.55,112,10.90,2.51,
2024-09-30,3188,,4.60,112,10.77,2.48,
2024-10-01,3188,,4.65,112,10.65,2.46,
2024-10-04,3188,,4.78,112,10.36,2.39,
2024-10-07,3188,,4.55,112,10.88,2.51,
2024-10-08,3188,,4.74,112,10.45,2.41,
2024-10-09,3188,,4.89,112,10.12,2.33,
2024-10-11,3188,,5.00,112,9.91,2.28,
2024-10-14,3188,,4.99,112,9.92,2.29,
2024-10-15,3188,,5.02,112,9.86,2.27,
2024-10-16,3188,,5.13,112,9.66,2.23,
2024-10-17,3188,,5.17,112,9.58,2.21,
2024-10-18,3188,,5.30,112,9.35,2.16,
2024-10-21,3188,,5.36,112,9.24,2.13,
2024-10-22,3188,,5.38,112,9.21,2.12,
2024-10-23,3188,,5.51,112,8.99,2.07,
2024-10-24,3188,,5.64,112,8.78,2.02,
2024-10-25,3188,,5.58,112,8.87,2.04,
2024-10-28,3188,,5.65,112,8.76,2.02,
2024-10-29,3188,,5.82,112,8.51,1.96,
2024-10-30,3188,,5.83,112,8.50,1.96,
2024-11-01,3188,,5.61,112,8.82,2.03,
2024-11-04,3188,,5.84,112,8.48,1.96,
2024-11-05,3188,,5.81,112,8.53,1.97,
2024-11-06,3188,,5.81,112,8.53,1.97,
2024-11-07,3188,,5.63,112,8.79,2.03,
2024-11-08,3188,,5.93,112,8.36,1.93,
2024-11-11,3188,,5.88,112,8.42,1.94,
2024-11-12,3188,,5.94,112,8.34,1.92,
2024-11-13,3188,,5.98,112,6.89,1.81,
2024-11-14,3188,,6.08,112,6.78,1.78,
2024-11-15,3188,,6.02,112,6.86,1.80,
2024-11-18,3188,,6.19,112,6.66,1.75,
2024-11-19,3188,,6.04,112,6.83,1.80,
2024-11-20,3188,,6.02,112,6.86,1.80,
2024-11-21,3188,,5.80,112,7.11,1.87,
2024-11-22,3188,,5.57,112,7.41,1.95,
2024-11-25,3188,,5.57,112,7.41,1.95,
2024-11-26,3188,,5.51,112,7.49,1.97,
2024-11-27,3188,,5.69,112,7.24,1.91,
2024-11-28,3188,,5.59,112,7.37,1.94,
2024-11-29,3188,,5.56,112,7.42,1.95,
2024-12-02,3188,,5.39,112,7.65,2.01,
2024-12-03,3188,,5.47,112,7.54,1.98,
2024-12-04,3188,,5.67,112,7.27,1.91,
2024-12-05,3188,,5.75,112,7.18,1.89,
2024-12-06,3188,,5.59,112,7.37,1.94,
2024-12-09,3188,,5.70,112,7.23,1.90,
2024-12-10,3188,,5.75,112,7.18,1.89,
2024-12-11,3188,,5.81,112,7.10,1.87,
2024-12-12,3188,,5.59,112,7.37,1.94,
2024-12-13,3188,,5.81,112,7.10,1.87,
2024-12-16,3188,,5.83,112,7.07,1.86,
2024-12-17,3188,,5.88,112,7.01,1.84,
2024-12-18,3188,,5.84,112,7.06,1.86,
2024-12-19,3188,,5.73,112,7.19,1.89,
2024-12-20,3188,,5.87,112,7.02,1.85,
2024-12-23,3188,,5.78,112,7.14,1.88,
2024-12-24,3188,,5.83,112,7.07,1.86,
2024-12-25,3188,,5.71,112,7.22,1.90,
2024-12-26,3188,,5.70,112,7.23,1.90,
2024-12-27,3188,,5.86,112,7.04,1.85,
2024-12-30,3188,,5.73,112,7.19,1.89,
2024-12-31,3188,,5.77,112,7.15,1.88,
2025-01-02,3188,,5.67,113,7.27,1.91,113Q3
2025-01-03,3188,,5.73,113,7.19,1.89,113Q3
2025-01-06,3188,,5.71,113,7.22,1.90,113Q3
2025-01-07,3188,,5.81,113,7.10,1.87,113Q3
2025-01-08,3188,,5.96,113,6.92,1.82,113Q3
2025-01-09,3188,,6.19,113,6.66,1.75,113Q3
2025-01-10,3188,,6.23,113,6.62,1.74,113Q3
2025-01-13,3188,,6.23,113,6.62,1.74,113Q3
2025-01-14,3188,,6.19,113,6.66,1.75,113Q3
2025-01-15,3188,,6.17,113,6.69,1.76,113Q3
2025-01-16,3188,,6.17,113,6.69,1.76,113Q3
2025-01-17,3188,,6.13,113,6.73,1.77,113Q3
2025-01-20,3188,,6.00,113,6.87,1.81,113Q3
2025-01-21,3188,,5.97,113,6.91,1.82,113Q3
2025-01-22,3188,,5.93,113,6.96,1.83,113Q3
2025-02-03,3188,,5.96,113,6.92,1.82,113Q3
2025-02-04,3188,,5.68,113,7.26,1.91,113Q3
2025-02-05,3188,,5.73,113,7.19,1.89,113Q3
2025-02-06,3188,,5.67,113,7.27,1.91,113Q3
2025-02-07,3188,,5.62,113,7.33,1.93,113Q3
2025-02-10,3188,,5.48,113,7.53,1.98,113Q3
2025-02-11,3188,,5.39,113,7.65,2.01,113Q3
2025-02-12,3188,,5.41,113,7.62,2.00,113Q3
2025-02-13,3188,,5.40,113,7.64,2.01,113Q3
2025-02-14,3188,,5.30,113,7.78,2.05,113Q3
2025-02-17,3188,,5.16,113,7.99,2.10,113Q3
2025-02-18,3188,,5.20,113,7.93,2.08,113Q3
2025-02-19,3188,,5.20,113,7.93,2.08,113Q3
2025-02-20,3188,,5.25,113,7.86,2.07,113Q3
2025-02-21,3188,,5.12,113,8.05,2.12,113Q3
2025-02-24,3188,,4.95,113,8.34,2.19,113Q3
2025-02-25,3188,,4.98,113,8.27,2.18,113Q3
2025-02-26,3188,,4.97,113,8.30,2.18,113Q3
2025-02-27,3188,,5.12,113,8.05,2.12,113Q3
2025-03-03,3188,,5.27,113,7.82,2.06,113Q3
2025-03-04,3188,,5.17,113,7.98,2.10,113Q3
2025-03-05,3188,,5.00,113,8.25,2.17,113Q3
2025-03-06,3188,,5.10,113,8.08,2.13,113Q3
2025-03-07,3188,,5.13,113,8.04,2.12,113Q3
2025-03-10,3188,,5.10,113,8.08,2.13,113Q3
2025-03-11,3188,,5.13,113,8.04,2.12,113Q3
2025-03-12,3188,,5.63,113,8.25,2.17,113Q3
2025-03-13,3188,,5.64,113,14.43,2.13,113Q4
2025-03-14,3188,,5.75,113,14.16,2.09,113Q4
2025-03-17,3188,,5.76,113,14.14,2.09,113Q4
2025-03-18,3188,,5.75,113,14.16,2.09,113Q4
2025-03-19,3188,,5.83,113,13.98,2.07,113Q4
2025-03-20,3188,,5.70,113,14.30,2.11,113Q4
2025-03-21,3188,,5.59,113,14.57,2.15,113Q4
2025-03-24,3188,,5.57,113,14.62,2.16,113Q4
2025-03-25,3188,,5.53,113,14.73,2.18,113Q4
2025-03-26,3188,,5.49,113,14.84,2.19,113Q4
2025-03-27,3188,,5.88,113,13.85,2.05,113Q4
2025-03-28,3188,,6.06,113,13.44,1.99,113Q4
2025-03-31,3188,,6.45,113,12.62,1.86,113Q4
2025-04-01,3188,,6.42,113,12.69,1.88,113Q4
2025-04-02,3188,,6.37,113,12.78,1.89,113Q4
2025-04-07,3188,,7.07,113,11.52,1.70,113Q4
2025-04-08,3188,,7.79,113,10.45,1.54,113Q4
2025-04-09,3188,,8.63,113,9.43,1.39,113Q4
2025-04-10,3188,,7.86,113,10.36,1.53,113Q4
2025-04-11,3188,,7.58,113,10.75,1.59,113Q4
2025-04-14,3188,,7.38,113,11.04,1.63,113Q4
2025-04-15,3188,,6.94,113,11.74,1.73,113Q4
2025-04-16,3188,,6.96,113,11.70,1.73,113Q4
2025-04-17,3188,,6.87,113,11.86,1.75,113Q4
2025-04-18,3188,,6.70,113,12.15,1.79,113Q4
2025-04-21,3188,,6.96,113,11.70,1.73,113Q4
2025-04-22,3188,,6.95,113,11.72,1.73,113Q4
2025-04-23,3188,,6.74,113,12.08,1.78,113Q4
2025-04-24,3188,,6.74,113,12.08,1.78,113Q4
2025-04-25,3188,,6.33,113,12.87,1.90,113Q4
2025-04-28,3188,,6.27,113,12.99,1.92,113Q4
2025-04-29,3188,,6.25,113,13.03,1.93,113Q4
2025-04-30,3188,,6.32,113,12.90,1.91,113Q4
2025-05-02,3188,,6.32,113,12.90,1.91,113Q4
2025-05-05,3188,,6.22,113,13.10,1.94,113Q4
2025-05-06,3188,,6.20,113,13.14,1.94,113Q4
2025-05-07,3188,,6.19,113,13.17,1.95,113Q4
2025-05-08,3188,,6.23,113,13.08,1.93,113Q4
2025-05-09,3188,,6.28,113,12.96,1.92,113Q4
2025-05-12,3188,,6.34,113,12.85,1.90,113Q4
2025-05-13,3188,,6.28,113,18.02,2.14,114Q1
2025-05-14,3188,,6.13,113,18.46,2.19,114Q1
2025-05-15,3188,,6.23,113,18.18,2.16,114Q1
2025-05-16,3188,,6.20,113,18.27,2.17,114Q1
2025-05-19,3188,,6.10,113,18.55,2.20,114Q1
2025-05-20,3188,,6.06,113,18.68,2.22,114Q1
2025-05-21,3188,,6.00,113,18.87,2.24,114Q1
2025-05-22,3188,,6.01,113,18.84,2.24,114Q1
2025-05-23,3188,,6.01,113,18.84,2.24,114Q1
2025-05-26,3188,,5.91,113,19.15,2.28,114Q1
2025-05-27,3188,,5.90,113,19.18,2.28,114Q1
2025-05-28,3188,,6.06,113,18.68,2.22,114Q1
2025-05-29,3188,,6.23,113,18.18,2.16,114Q1
2025-06-02,3188,,6.13,113,18.46,2.19,114Q1
2025-06-03,3188,,5.83,113,19.40,2.31,114Q1
2025-06-04,3188,,5.83,113,19.40,2.31,114Q1
2025-06-05,3188,,5.85,113,19.34,2.30,114Q1
2025-06-06,3188,,5.89,113,19.21,2.28,114Q1
2025-06-09,3188,,6.05,113,18.71,2.22,114Q1
2025-06-10,3188,,5.98,113,18.93,2.25,114Q1
2025-06-11,3188,,6.04,113,18.74,2.23,114Q1
2025-06-12,3188,,6.11,113,18.52,2.20,114Q1
2025-06-13,3188,,6.10,113,18.55,2.20,114Q1
2025-06-16,3188,,6.13,113,18.46,2.19,114Q1
2025-06-17,3188,,6.12,113,18.49,2.20,114Q1
2025-06-18,3188,,6.12,113,18.49,2.20,114Q1
2025-06-19,3188,,6.15,113,18.40,2.19,114Q1
2025-06-20,3188,,6.34,113,17.86,2.12,114Q1
2025-06-23,3188,,6.42,113,17.64,2.10,114Q1
2025-06-24,3188,,6.26,113,18.08,2.15,114Q1
2025-06-25,3188,,6.23,113,18.18,2.16,114Q1
2025-06-26,3188,,6.17,113,18.33,2.18,114Q1
2025-06-27,3188,,6.16,113,18.36,2.18,114Q1
2025-06-30,3188,,6.37,113,17.77,2.11,114Q1
2025-07-01,3188,,6.36,113,17.80,2.12,114Q1
2025-07-02,3188,,6.38,113,17.74,2.11,114Q1
2025-07-03,3188,,6.38,113,17.74,2.11,114Q1
2025-07-04,3188,,6.39,113,17.70,2.10,114Q1
2025-07-07,3188,,6.41,113,17.67,2.10,114Q1
2025-07-08,3188,,6.35,113,17.83,2.12,114Q1
2025-07-09,3188,,6.37,113,17.77,2.11,114Q1
2025-07-10,3188,,6.41,113,17.67,2.10,114Q1
2025-07-11,3188,,6.39,113,17.70,2.10,114Q1
2025-07-14,3188,,6.43,113,17.61,2.09,114Q1
2025-07-15,3188,,6.43,113,17.61,2.09,114Q1
2025-07-16,3188,,6.47,113,17.48,2.08,114Q1
2025-07-17,3188,,6.47,113,17.48,2.08,114Q1
2025-07-18,3188,,6.56,113,17.26,2.05,114Q1
2025-07-21,3188,,6.62,113,17.11,2.03,114Q1
2025-07-22,3188,,6.73,113,16.82,2.00,114Q1
2025-07-23,3188,,6.73,113,16.82,2.00,114Q1
2025-07-24,3188,,6.70,113,16.89,2.01,114Q1
2025-07-25,3188,,6.69,113,16.92,2.01,114Q1
2025-07-28,3188,,6.73,113,16.82,2.00,114Q1
2025-07-29,3188,,6.79,113,16.67,1.98,114Q1
2025-07-30,3188,,6.74,113,16.79,2.00,114Q1
2025-07-31,3188,,6.81,113,16.64,1.98,114Q1
2025-08-01,3188,,6.75,113,16.76,1.99,114Q1
2025-08-04,3188,,6.68,113,16.95,2.01,114Q1
2025-08-05,3188,,6.58,113,17.20,2.04,114Q1
2025-08-06,3188,,6.43,113,17.61,2.09,114Q1
2025-08-07,3188,,6.49,113,17.45,2.07,114Q1
2025-08-08,3188,,6.50,113,17.42,2.07,114Q1
2025-08-11,3188,,6.59,113,17.17,2.04,114Q1
2025-08-12,3188,,6.62,113,17.11,2.03,114Q1
2025-08-13,3188,,6.65,113,17.01,2.02,114Q1
2025-08-14,3188,,6.64,113,20.85,1.98,114Q2
2025-08-15,3188,,6.63,113,20.88,1.98,114Q2
2025-08-18,3188,,6.58,113,21.04,1.99,114Q2
2025-08-19,3188,,6.65,113,20.81,1.97,114Q2
2025-08-20,3188,,6.78,113,20.42,1.94,114Q2
2025-08-21,3188,,6.56,113,21.12,2.00,114Q2
2025-08-22,3188,,6.55,113,21.15,2.01,114Q2
2025-08-25,3188,,6.46,113,21.42,2.03,114Q2
2025-08-26,3188,,6.46,113,21.42,2.03,114Q2
2025-08-27,3188,,6.45,113,21.46,2.04,114Q2
2025-08-28,3188,,6.45,113,21.46,2.04,114Q2
2025-08-29,3188,,6.50,113,21.31,2.02,114Q2
2025-09-01,3188,,6.47,113,21.38,2.03,114Q2
2025-09-02,3188,,6.44,113,21.50,2.04,114Q2
2025-09-03,3188,,6.45,113,21.46,2.04,114Q2
2025-09-04,3188,,5.87,113,23.58,2.24,114Q2
2025-09-05,3188,,5.88,113,23.54,2.23,114Q2
2025-09-08,3188,,6.07,113,22.81,2.16,114Q2
2025-09-09,3188,,6.07,113,22.81,2.16,114Q2
2025-09-10,3188,,6.16,113,22.46,2.13,114Q2
2025-09-11,3188,,6.21,113,22.31,2.12,114Q2
2025-09-12,3188,,6.12,113,22.62,2.14,114Q2
2025-09-15,3188,,6.05,113,22.88,2.17,114Q2
2025-09-16,3188,,6.00,113,23.08,2.19,114Q2
2025-09-17,3188,,6.00,113,23.08,2.19,114Q2
2025-09-18,3188,,6.02,113,23.00,2.18,114Q2
2025-09-19,3188,,6.27,113,22.08,2.09,114Q2
2025-09-22,3188,,6.27,113,22.08,2.09,114Q2
2025-09-23,3188,,6.24,113,22.19,2.10,114Q2
2025-09-24,3188,,6.27,113,22.08,2.09,114Q2
2025-09-25,3188,,6.26,113,22.12,2.10,114Q2
2025-09-26,3188,,6.36,113,21.77,2.06,114Q2
2025-09-30,3188,,6.39,113,21.65,2.05,114Q2
2025-10-01,3188,,6.46,113,21.42,2.03,114Q2
2025-10-02,3188,,6.45,113,21.46,2.04,114Q2
2025-10-03,3188,,6.55,113,21.15,2.01,114Q2
2025-10-07,3188,,6.64,113,20.85,1.98,114Q2
2025-10-08,3188,,6.67,113,20.77,1.97,114Q2
2025-10-09,3188,,6.59,113,21.00,1.99,114Q2
2025-10-13,3188,,6.59,113,21.00,1.99,114Q2
2025-10-14,3188,,6.55,113,21.15,2.01,114Q2
2025-10-15,3188,,6.55,113,21.15,2.01,114Q2
2025-10-16,3188,,6.55,113,21.15,2.01,114Q2
2025-10-17,3188,,6.49,113,21.35,2.02,114Q2
2025-10-20,3188,,6.52,113,21.23,2.01,114Q2
2025-10-21,3188,,6.50,113,21.31,2.02,114Q2
2025-10-22,3188,,6.42,113,21.58,2.05,114Q2
2025-10-23,3188,,6.35,113,21.81,2.07,114Q2
2025-10-27,3188,,6.33,113,21.88,2.08,114Q2
2025-10-28,3188,,6.41,113,21.62,2.05,114Q2
2025-10-29,3188,,6.44,113,21.50,2.04,114Q2
2025-10-30,3188,,6.55,113,21.15,2.01,114Q2
2025-10-31,3188,,6.53,113,21.19,2.01,114Q2
2025-11-03,3188,,6.58,113,21.04,1.99,114Q2
2025-11-04,3188,,6.67,113,20.77,1.97,114Q2
2025-11-05,3188,,6.59,113,21.00,1.99,114Q2
2025-11-06,3188,,6.32,113,21.92,2.08,114Q2
2025-11-07,3188,,6.26,113,22.12,2.10,114Q2
2025-11-10,3188,,6.39,113,21.65,2.05,114Q2
2025-11-11,3188,,6.43,113,21.54,2.04,114Q2
2025-11-12,3188,,6.26,113,22.12,2.10,114Q2
2025-11-13,3188,,6.23,113,9.20,1.77,114Q3
2025-11-14,3188,,6.17,113,9.28,1.79,114Q3
2025-11-17,3188,,6.22,113,9.22,1.78,114Q3
2025-11-18,3188,,6.27,113,9.14,1.76,114Q3
2025-11-19,3188,,6.38,113,8.98,1.73,114Q3
2025-11-20,3188,,6.28,113,9.12,1.76,114Q3
2025-11-21,3188,,6.29,113,9.11,1.76,114Q3
2025-11-24,3188,,6.08,113,9.43,1.82,114Q3
2025-11-25,3188,,6.06,113,9.46,1.82,114Q3
2025-11-26,3188,,6.00,113,9.55,1.84,114Q3
2025-11-27,3188,,5.87,113,9.76,1.88,114Q3
2025-11-28,3188,,5.68,113,10.10,1.95,114Q3
2025-12-01,3188,,5.83,113,9.82,1.89,114Q3
2025-12-02,3188,,5.79,113,9.90,1.91,114Q3
2025-12-03,3188,,5.69,113,10.08,1.94,114Q3
2025-12-04,3188,,5.72,113,10.02,1.93,114Q3
2025-12-05,3188,,5.81,113,9.87,1.90,114Q3
2025-12-08,3188,,5.85,113,9.79,1.89,114Q3
2025-12-09,3188,,5.85,113,9.79,1.89,114Q3
2025-12-10,3188,,5.85,113,9.79,1.89,114Q3
2025-12-11,3188,,5.84,113,9.81,1.89,114Q3
2025-12-12,3188,,5.74,113,9.98,1.92,114Q3
2025-12-15,3188,,5.80,113,9.89,1.91,114Q3
2025-12-16,3188,,5.84,113,9.81,1.89,114Q3
2025-12-17,3188,,5.85,113,9.79,1.89,114Q3
2025-12-18,3188,,5.83,113,9.84,1.90,114Q3
2025-12-19,3188,,5.78,113,9.92,1.91,114Q3
2025-12-22,3188,,5.97,113,9.60,1.85,114Q3
2025-12-23,3188,,5.85,113,9.79,1.89,114Q3
2025-12-24,3188,,5.82,113,9.86,1.90,114Q3
2025-12-26,3188,,5.82,113,9.86,1.90,114Q3
2025-12-29,3188,,5.97,113,9.60,1.85,114Q3
2025-12-30,3188,,5.89,113,9.73,1.88,114Q3
2025-12-31,3188,,5.97,113,9.60,1.85,114Q3
2026-01-02,3188,,6.06,114,9.46,1.82,114Q3
2026-01-05,3188,,6.25,114,9.17,1.77,114Q3
2026-01-06,3188,,6.23,114,9.20,1.77,114Q3
2026-01-07,3188,,6.14,114,9.33,1.80,114Q3
2026-01-08,3188,,6.01,114,9.54,1.84,114Q3
2026-01-09,3188,,6.03,114,9.51,1.83,114Q3
2026-01-12,3188,,6.12,114,9.36,1.80,114Q3
2026-01-13,3188,,6.19,114,9.27,1.79,114Q3
2026-01-14,3188,,6.11,114,9.38,1.81,114Q3
2026-01-15,3188,,6.04,114,9.49,1.83,114Q3
2026-01-16,3188,,6.14,114,9.33,1.80,114Q3
2026-01-19,3188,,6.13,114,9.35,1.80,114Q3
2026-01-20,3188,,6.10,114,9.39,1.81,114Q3
2026-01-21,3188,,6.15,114,9.32,1.80,114Q3
2026-01-22,3188,,6.05,114,9.47,1.83,114Q3
2026-01-23,3188,,5.99,114,9.57,1.84,114Q3
2026-01-26,3188,,6.04,114,9.49,1.83,114Q3
2026-01-27,3188,,6.16,114,9.30,1.79,114Q3
2026-01-28,3188,,6.16,114,9.30,1.79,114Q3
2026-01-29,3188,,6.14,114,9.33,1.80,114Q3
2026-01-30,3188,,6.20,114,9.25,1.78,114Q3
2026-02-02,3188,,6.27,114,9.14,1.76,114Q3
2026-02-03,3188,,6.27,114,9.14,1.76,114Q3
2026-02-04,3188,,6.10,114,9.39,1.81,114Q3
2026-02-05,3188,,6.10,114,9.39,1.81,114Q3
2026-02-06,3188,,6.04,114,9.49,1.83,114Q3
2026-02-09,3188,,6.11,114,9.38,1.81,114Q3
2026-02-10,3188,,6.00,114,9.55,1.84,114Q3
2026-02-11,3188,,5.92,114,9.68,1.87,114Q3
2026-02-23,3188,,5.87,114,9.76,1.88,114Q3
2026-02-24,3188,,5.75,114,9.97,1.92,114Q3
2026-02-25,3188,,5.70,114,10.06,1.94,114Q3
2026-02-26,3188,,5.60,114,10.24,1.97,114Q3
2026-03-02,3188,,5.60,114,10.24,1.97,114Q3
2026-03-03,3188,,9.97,114,10.22,1.97,114Q3
2026-03-04,3188,,9.92,114,7.96,1.84,114Q4
2026-03-05,3188,,9.73,114,8.12,1.88,114Q4
2026-03-06,3188,,9.50,114,8.32,1.92,114Q4
2026-03-09,3188,,9.82,114,8.05,1.86,114Q4
2026-03-10,3188,,9.26,114,8.53,1.97,114Q4
2026-03-11,3188,,9.33,114,8.47,1.96,114Q4
2026-03-12,3188,,9.43,114,8.38,1.94,114Q4
2026-03-13,3188,,9.33,114,8.46,1.95,114Q4
2026-03-16,3188,,9.36,114,8.43,1.95,114Q4
2026-03-17,3188,,9.22,114,8.56,1.98,114Q4
2026-03-18,3188,,9.21,114,8.57,1.98,114Q4
2026-03-19,3188,,9.30,114,8.48,1.96,114Q4
2026-03-20,3188,,9.37,114,8.42,1.94,114Q4
2026-03-23,3188,,9.63,114,8.20,1.89,114Q4
2026-03-24,3188,,9.88,114,7.99,1.84,114Q4
2026-03-25,3188,,9.89,114,7.98,1.84,114Q4
2026-03-26,3188,,11.13,114,7.09,1.64,114Q4
2026-03-27,3188,,11.17,114,7.06,1.63,114Q4
2026-03-30,3188,,11.58,114,6.81,1.57,114Q4
2026-03-31,3188,,11.77,114,6.70,1.55,114Q4
2026-04-01,3188,,11.45,114,6.89,1.59,114Q4
2026-04-02,3188,,11.58,114,6.81,1.57,114Q4
2026-04-07,3188,,11.62,114,6.79,1.57,114Q4
2026-04-08,3188,,11.41,114,6.91,1.60,114Q4
2026-04-09,3188,,11.68,114,6.75,1.56,114Q4
2026-04-10,3188,,11.66,114,6.77,1.56,114Q4
2026-04-13,3188,,11.84,114,6.67,1.54,114Q4
2026-04-14,3188,,11.92,114,6.62,1.53,114Q4
2026-04-15,3188,,11.99,114,6.58,1.52,114Q4
2026-04-16,3188,,11.99,114,6.58,1.52,114Q4
2026-04-17,3188,,11.99,114,6.58,1.52,114Q4
2026-04-20,3188,,12.20,114,6.47,1.49,114Q4
2026-04-21,3188,,12.34,114,6.40,1.48,114Q4
2026-04-22,3188,,12.31,114,6.41,1.48,114Q4
2026-04-23,3188,,12.31,114,6.41,1.48,114Q4
2026-04-24,3188,,12.76,114,6.19,1.43,114Q4
2026-04-27,3188,,12.81,114,6.16,1.42,114Q4
2026-04-28,3188,,12.83,114,6.15,1.42,114Q4
2026-04-29,3188,,12.53,114,6.30,1.45,114Q4
2026-04-30,3188,,12.41,114,6.36,1.47,114Q4
2026-05-04,3188,,12.27,114,6.43,1.49,114Q4
2026-05-05,3188,,12.20,114,6.47,1.49,114Q4
2026-05-06,3188,,12.73,114,6.20,1.43,114Q4
2026-05-07,3188,,12.96,114,6.09,1.41,114Q4
2026-05-08,3188,,13.12,114,6.01,1.39,114Q4
2026-05-11,3188,,13.26,114,5.95,1.37,114Q4
2026-05-12,3188,,13.23,114,5.96,1.38,114Q4
2026-05-13,3188,,13.31,114,3.98,1.45,115Q1
2026-05-14,3188,,12.78,114,4.15,1.51,115Q1
2026-05-15,3188,,13.26,114,4.00,1.45,115Q1
2026-05-18,3188,,13.04,114,4.06,1.48,115Q1
2026-05-19,3188,,13.29,114,3.99,1.45,115Q1
2026-05-20,3188,,13.12,114,4.04,1.47,115Q1
2026-05-21,3188,,13.12,114,4.04,1.47,115Q1
2026-05-22,3188,,13.23,114,4.00,1.45,115Q1
2026-05-25,3188,,13.80,114,3.84,1.39,115Q1
2026-05-26,3188,,13.92,114,3.81,1.38,115Q1
2026-05-27,3188,,13.98,114,3.79,1.38,115Q1
2026-05-28,3188,,14.02,114,3.78,1.37,115Q1
2026-05-29,3188,,14.23,114,3.72,1.35,115Q1
2026-06-01,3188,,14.17,114,3.74,1.36,115Q1
2026-06-02,3188,,14.14,114,3.75,1.36,115Q1
2026-06-03,3188,,13.74,114,3.86,1.40,115Q1
2026-06-04,3188,,13.69,114,3.87,1.41,115Q1
2026-06-05,3188,,13.43,114,3.95,1.43,115Q1
2026-06-08,3188,,13.77,114,3.85,1.40,115Q1
2026-06-09,3188,,13.37,114,3.96,1.44,115Q1
2026-06-10,3188,,12.31,114,4.30,1.56,115Q1
2026-06-11,3188,,12.81,114,4.14,1.50,115Q1
2026-06-12,3188,,13.04,114,4.06,1.48,115Q1
2026-06-15,3188,,13.12,114,4.04,1.47,115Q1
2026-06-16,3188,,13.07,114,4.05,1.47,115Q1
2026-06-17,3188,,12.73,114,4.16,1.51,115Q1
2026-06-18,3188,,12.81,114,4.14,1.50,115Q1
2026-06-22,3188,,13.48,114,3.93,1.43,115Q1
2026-06-23,3188,,13.63,114,3.89,1.41,115Q1
2026-06-24,3188,,13.69,114,3.87,1.41,115Q1
2026-06-25,3188,,13.48,114,3.93,1.43,115Q1
2026-06-26,3188,,13.54,114,3.91,1.42,115Q1
2026-06-29,3188,,13.34,114,3.97,1.44,115Q1
2026-06-30,3188,,13.34,114,3.97,1.44,115Q1
2026-07-01,3188,,13.15,114,4.03,1.46,115Q1
2026-07-02,3188,,13.15,114,4.03,1.46,115Q1
2026-07-03,3188,,13.07,114,4.05,1.47,115Q1
2026-07-06,3188,,13.18,114,4.02,1.46,115Q1
2026-07-07,3188,,13.40,114,3.96,1.44,115Q1
2026-07-08,3188,,13.48,114,3.93,1.43,115Q1
2026-07-09,3188,,13.54,114,3.91,1.42,115Q1
2026-07-13,3188,,13.26,114,4.00,1.45,115Q1
2026-07-14,3188,,13.37,114,3.96,1.44,115Q1
2026-07-15,3188,,13.37,114,3.96,1.44,115Q1
2026-07-16,3188,,13.37,114,3.96,1.44,115Q1
2026-07-17,3188,,13.60,114,3.90,1.42,115Q1
2026-07-20,3188,,13.57,114,3.91,1.42,115Q1
2026-07-21,3188,,13.54,114,3.91,1.42,115Q1
2026-07-22,3188,,13.43,114,3.95,1.43,115Q1
2026-07-23,3188,,13.51,114,3.92,1.42,115Q1
2026-07-24,3188,,13.57,114,3.91,1.42,115Q1
2026-07-27,3188,,13.69,114,3.87,1.41,115Q1
2026-07-28,3188,,14.17,114,3.74,1.36,115Q1
2026-07-29,3188,,14.17,114,3.74,1.36,115Q1
2026-07-30,3188,,14.23,114,3.72,1.35,115Q1
2026-07-31,3188,,13.86,114,3.82,1.39,115Q1
2026-08-03,3188,,13.83,114,3.83,1.39,115Q1
2026-08-04,3188,,13.83,114,3.83,1.39,115Q1
2026-08-05,3188,,13.83,114,3.83,1.39,115Q1
2026-08-06,3188,,13.80,114,3.84,1.39,115Q1
2026-08-07,3188,,13.80,114,3.84,1.39,115Q1
2026-08-10,3188,,13.86,114,3.82,1.39,115Q1
2026-08-11,3188,,13.83,114,3.83,1.39,115Q1
2026-08-12,3188,,13.57,114,3.33,1.32,115Q2
2026-08-13,3188,,13.71,114,3.30,1.31,115Q2
2026-08-14,3188,,13.71,114,3.30,1.31,115Q2
2026-08-17,3188,,13.57,114,3.33,1.32,115Q2
2026-08-18,3188,,13.29,114,3.40,1.35,115Q2
2026-08-19,3188,,13.40,114,3.37,1.34,115Q2
2026-08-20,3188,,13.29,114,3.40,1.35,115Q2
2026-08-21,3188,,13.23,114,3.42,1.36,115Q2
2026-08-24,3188,,13.26,114,3.41,1.35,115Q2
2026-08-25,3188,,13.26,114,3.41,1.35,115Q2
2026-08-26,3188,,13.15,114,3.44,1.37,115Q2
2026-08-27,3188,,12.99,114,3.48,1.38,115Q2
2026-08-28,3188,,12.96,114,3.49,1.39,115Q2
2026-08-31,3188,,12.94,114,3.49,1.39,115Q2
2026-09-01,3188,,12.96,114,3.49,1.39,115Q2
2026-09-02,3188,,13.07,114,3.46,1.37,115Q2
2026-09-03,3188,,13.12,114,3.44,1.37,115Q2
2026-09-04,3188,,12.83,114,3.52,1.40,115Q2
