date,stock_id,close,yield_pct,dividend_year,per,pbr,fs_quarter
2015-01-05,3294,,0.00,103,,1.04,
2015-01-06,3294,,0.00,103,,1.04,
2015-01-07,3294,,0.00,103,,1.05,
2015-01-08,3294,,0.00,103,,1.05,
2015-01-09,3294,,0.00,103,,1.06,
2015-01-12,3294,,0.00,103,,1.06,
2015-01-13,3294,,0.00,103,,1.07,
2015-01-14,3294,,0.00,103,,1.06,
2015-01-15,3294,,0.00,103,,1.05,
2015-01-16,3294,,0.00,103,,1.01,
2015-01-19,3294,,0.00,103,,1.00,
2015-01-20,3294,,0.00,103,,1.01,
2015-01-21,3294,,0.00,103,,1.01,
2015-01-22,3294,,0.00,103,,1.00,
2015-01-23,3294,,0.00,103,,1.00,
2015-01-26,3294,,0.00,103,,1.01,
2015-01-27,3294,,0.00,103,,1.01,
2015-01-28,3294,,0.00,103,,0.94,
2015-01-29,3294,,0.00,103,,0.93,
2015-01-30,3294,,0.00,103,,0.94,
2015-02-02,3294,,0.00,103,,0.94,
2015-02-03,3294,,0.00,103,,0.93,
2015-02-04,3294,,0.00,103,,0.94,
2015-02-05,3294,,0.00,103,,0.95,
2015-02-06,3294,,0.00,103,,0.95,
2015-02-09,3294,,0.00,103,,0.93,
2015-02-10,3294,,0.00,103,,0.93,
2015-02-11,3294,,0.00,103,,0.92,
2015-02-12,3294,,0.00,103,,0.92,
2015-02-13,3294,,0.00,103,,0.95,
2015-02-24,3294,,0.00,103,,0.99,
2015-02-25,3294,,0.00,103,,0.97,
2015-02-26,3294,,0.00,103,,0.97,
2015-03-02,3294,,0.00,103,,0.94,
2015-03-03,3294,,0.00,103,,0.95,
2015-03-04,3294,,0.00,103,,0.94,
2015-03-05,3294,,0.00,103,,0.95,
2015-03-06,3294,,0.00,103,,0.94,
2015-03-09,3294,,0.00,103,,0.93,
2015-03-10,3294,,0.00,103,,0.93,
2015-03-11,3294,,0.00,103,,0.92,
2015-03-12,3294,,0.00,103,,0.95,
2015-03-13,3294,,0.00,103,,0.99,
2015-03-16,3294,,0.00,103,,1.00,
2015-03-17,3294,,0.00,103,,0.98,
2015-03-18,3294,,0.00,103,,0.97,
2015-03-19,3294,,0.00,103,,0.96,
2015-03-20,3294,,0.00,103,,0.97,
2015-03-23,3294,,0.00,103,,0.97,
2015-03-24,3294,,0.00,103,,0.96,
2015-03-25,3294,,0.00,103,,0.96,
2015-03-26,3294,,0.00,103,,0.96,
2015-03-27,3294,,0.00,103,,0.96,
2015-03-30,3294,,0.00,103,,0.94,
2015-03-31,3294,,0.00,103,,0.95,
2015-04-01,3294,,0.00,103,,0.95,
2015-04-02,3294,,0.00,103,,0.92,
2015-04-07,3294,,0.00,103,,0.92,
2015-04-08,3294,,0.00,103,,0.93,
2015-04-09,3294,,0.00,103,,0.93,
2015-04-10,3294,,0.00,103,,0.93,
2015-04-13,3294,,0.00,103,,0.92,
2015-04-14,3294,,0.00,103,,0.94,
2015-04-15,3294,,0.00,103,,0.97,
2015-04-16,3294,,0.00,103,,0.96,
2015-04-17,3294,,0.00,103,,0.99,
2015-04-20,3294,,0.00,103,,0.96,
2015-04-21,3294,,0.00,103,,0.95,
2015-04-22,3294,,0.00,103,,0.95,
2015-04-23,3294,,0.00,103,,0.95,
2015-04-24,3294,,0.00,103,,0.95,
2015-04-27,3294,,0.00,103,,0.93,
2015-04-28,3294,,0.00,103,,0.94,
2015-04-29,3294,,0.00,103,,0.93,
2015-04-30,3294,,0.00,103,,0.94,
2015-05-04,3294,,0.00,103,,0.96,
2015-05-05,3294,,0.00,103,,0.94,
2015-05-06,3294,,0.00,103,,0.93,
2015-05-07,3294,,0.00,103,,0.92,
2015-05-08,3294,,0.00,103,,0.86,
2015-05-11,3294,,0.00,103,,0.87,
2015-05-12,3294,,0.00,103,,0.88,
2015-05-13,3294,,0.00,103,,0.90,
2015-05-14,3294,,0.00,103,,0.90,
2015-05-15,3294,,0.00,103,,0.90,
2015-05-18,3294,,0.00,103,,0.89,
2015-05-19,3294,,0.00,103,,0.89,
2015-05-20,3294,,0.00,103,,0.91,
2015-05-21,3294,,0.00,103,,0.91,
2015-05-22,3294,,0.00,103,,0.91,
2015-05-25,3294,,0.00,103,,0.90,
2015-05-26,3294,,0.00,103,,0.92,
2015-05-27,3294,,0.00,103,,0.92,
2015-05-28,3294,,0.00,103,,0.93,
2015-05-29,3294,,0.00,103,,0.93,
2015-06-01,3294,,0.00,103,,0.95,
2015-06-02,3294,,0.00,103,,0.94,
2015-06-03,3294,,0.00,103,,0.93,
2015-06-04,3294,,0.00,103,,0.93,
2015-06-05,3294,,0.00,103,,0.94,
2015-06-08,3294,,0.00,103,,0.93,
2015-06-09,3294,,0.00,103,,0.91,
2015-06-10,3294,,0.00,103,,0.93,
2015-06-11,3294,,0.00,103,,0.91,
2015-06-12,3294,,0.00,103,,0.93,
2015-06-15,3294,,0.00,103,,0.93,
2015-06-16,3294,,0.00,103,,0.91,
2015-06-17,3294,,0.00,103,,0.90,
2015-06-18,3294,,0.00,103,,0.81,
2015-06-22,3294,,0.00,103,,0.89,
2015-06-23,3294,,0.00,103,,0.94,
2015-06-24,3294,,0.00,103,,0.95,
2015-06-25,3294,,0.00,103,,0.94,
2015-06-26,3294,,0.00,103,,0.96,
2015-06-29,3294,,0.00,103,,0.96,
2015-06-30,3294,,0.00,103,,1.01,
2015-07-01,3294,,0.00,103,,1.00,
2015-07-02,3294,,0.00,103,,0.97,
2015-07-03,3294,,0.00,103,,1.03,
2015-07-06,3294,,0.00,103,,1.10,
2015-07-07,3294,,0.00,103,,1.12,
2015-07-08,3294,,0.00,103,,1.14,
2015-07-09,3294,,0.00,103,,1.14,
2015-07-13,3294,,0.00,103,,1.12,
2015-07-14,3294,,0.00,103,,1.12,
2015-07-15,3294,,0.00,103,,1.14,
2015-07-16,3294,,0.00,103,,1.08,
2015-07-17,3294,,0.00,103,,1.02,
2015-07-20,3294,,0.00,103,,0.99,
2015-07-21,3294,,0.00,103,,0.97,
2015-07-22,3294,,0.00,103,,0.98,
2015-07-23,3294,,0.00,103,,0.98,
2015-07-24,3294,,0.00,103,,0.97,
2015-07-27,3294,,0.00,103,,0.88,
2015-07-28,3294,,0.00,103,,0.88,
2015-07-29,3294,,0.00,103,,0.90,
2015-07-30,3294,,0.00,103,,0.94,
2015-07-31,3294,,0.00,103,,0.89,
2015-08-03,3294,,0.00,103,,0.89,
2015-08-04,3294,,0.00,103,,0.90,
2015-08-05,3294,,0.00,103,,0.90,
2015-08-06,3294,,0.00,103,,0.91,
2015-08-07,3294,,0.00,103,,0.93,
2015-08-10,3294,,0.00,103,,0.95,
2015-08-11,3294,,0.00,103,,0.95,
2015-08-12,3294,,0.00,103,,0.96,
2015-08-13,3294,,0.00,103,,0.99,
2015-08-14,3294,,0.00,103,,0.98,
2015-08-17,3294,,0.00,103,,0.97,
2015-08-18,3294,,0.00,103,,0.96,
2015-08-19,3294,,0.00,103,,0.97,
2015-08-20,3294,,0.00,103,,1.02,
2015-08-21,3294,,0.00,103,,1.02,
2015-08-24,3294,,0.00,103,,1.03,
2015-08-25,3294,,0.00,103,,1.06,
2015-08-26,3294,,0.00,103,,1.02,
2015-08-27,3294,,0.00,103,,1.02,
2015-08-28,3294,,0.00,103,,1.04,
2015-08-31,3294,,0.00,103,,1.04,
2015-09-01,3294,,0.00,103,,0.98,
2015-09-02,3294,,0.00,103,,0.94,
2015-09-03,3294,,0.00,103,,0.97,
2015-09-04,3294,,0.00,103,,0.96,
2015-09-07,3294,,0.00,103,,0.95,
2015-09-08,3294,,0.00,103,,0.95,
2015-09-09,3294,,0.00,103,,0.97,
2015-09-10,3294,,0.00,103,,0.97,
2015-09-11,3294,,0.00,103,,0.96,
2015-09-14,3294,,0.00,103,,0.96,
2015-09-15,3294,,0.00,103,,0.96,
2015-09-16,3294,,0.00,103,,0.95,
2015-09-17,3294,,0.00,103,,0.95,
2015-09-18,3294,,0.00,103,,0.96,
2015-09-21,3294,,0.00,103,,0.96,
2015-09-22,3294,,0.00,103,,0.97,
2015-09-23,3294,,0.00,103,,0.97,
2015-09-24,3294,,0.00,103,,0.96,
2015-09-25,3294,,0.00,103,,0.96,
2015-09-30,3294,,0.00,103,,0.94,
2015-10-01,3294,,0.00,103,,0.94,
2015-10-02,3294,,0.00,103,,0.93,
2015-10-05,3294,,0.00,103,,0.94,
2015-10-06,3294,,0.00,103,,0.95,
2015-10-07,3294,,0.00,103,,0.97,
2015-10-08,3294,,0.00,103,,0.97,
2015-10-12,3294,,0.00,103,,0.97,
2015-10-13,3294,,0.00,103,,0.97,
2015-10-14,3294,,0.00,103,,0.97,
2015-10-15,3294,,0.00,103,,0.96,
2015-10-16,3294,,0.00,103,,0.95,
2015-10-19,3294,,0.00,103,,0.94,
2015-10-20,3294,,0.00,103,,0.96,
2015-10-21,3294,,0.00,103,,0.96,
2015-10-22,3294,,0.00,103,,0.95,
2015-10-23,3294,,0.00,103,,0.95,
2015-10-26,3294,,0.00,103,,0.95,
2015-10-27,3294,,0.00,103,,0.94,
2015-10-28,3294,,0.00,103,,0.94,
2015-10-29,3294,,0.00,103,,0.95,
2015-10-30,3294,,0.00,103,,0.95,
2015-11-02,3294,,0.00,103,,0.95,
2015-11-03,3294,,0.00,103,,0.93,
2015-11-04,3294,,0.00,103,,0.94,
2015-11-05,3294,,0.00,103,,0.94,
2015-11-06,3294,,0.00,103,,0.95,
2015-11-09,3294,,0.00,103,,0.95,
2015-11-10,3294,,0.00,103,,0.93,
2015-11-11,3294,,0.00,103,,0.92,
2015-11-12,3294,,0.00,103,,0.96,
2015-11-13,3294,,0.00,103,,0.98,
2015-11-16,3294,,0.00,103,,0.96,
2015-11-17,3294,,0.00,103,,0.96,
2015-11-18,3294,,0.00,103,,0.96,
2015-11-19,3294,,0.00,103,,1.04,
2015-11-20,3294,,0.00,103,,1.01,
2015-11-23,3294,,0.00,103,89.32,0.98,
2015-11-24,3294,,0.00,103,89.09,0.98,
2015-11-25,3294,,0.00,103,85.00,0.93,
2015-11-26,3294,,0.00,103,84.09,0.92,
2015-11-27,3294,,0.00,103,84.32,0.92,
2015-11-30,3294,,0.00,103,82.27,0.90,
2015-12-01,3294,,0.00,103,82.73,0.91,
2015-12-02,3294,,0.00,103,82.73,0.91,
2015-12-03,3294,,0.00,103,82.27,0.90,
2015-12-04,3294,,0.00,103,81.59,0.89,
2015-12-07,3294,,0.00,103,81.59,0.89,
2015-12-08,3294,,0.00,103,80.68,0.88,
2015-12-09,3294,,0.00,103,79.55,0.87,
2015-12-10,3294,,0.00,103,79.32,0.87,
2015-12-11,3294,,0.00,103,79.55,0.87,
2015-12-14,3294,,0.00,103,79.09,0.87,
2015-12-15,3294,,0.00,103,81.82,0.90,
2015-12-16,3294,,0.00,103,81.36,0.89,
2015-12-17,3294,,0.00,103,81.36,0.89,
2015-12-18,3294,,0.00,103,82.95,0.91,
2015-12-21,3294,,0.00,103,82.95,0.91,
2015-12-22,3294,,0.00,103,82.50,0.90,
2015-12-23,3294,,0.00,103,81.82,0.90,
2015-12-24,3294,,0.00,103,81.36,0.89,
2015-12-25,3294,,0.00,103,81.59,0.89,
2015-12-28,3294,,0.00,103,81.36,0.89,
2015-12-29,3294,,0.00,103,81.59,0.89,
2015-12-30,3294,,0.00,103,80.68,0.88,
2015-12-31,3294,,0.00,103,80.45,0.88,
2016-01-04,3294,,0.00,104,80.23,0.88,
2016-01-05,3294,,0.00,104,80.23,0.88,
2016-01-06,3294,,0.00,104,79.77,0.87,
2016-01-07,3294,,0.00,104,78.64,0.86,
2016-01-08,3294,,0.00,104,77.95,0.85,
2016-01-11,3294,,0.00,104,72.50,0.79,
2016-01-12,3294,,0.00,104,73.18,0.80,
2016-01-13,3294,,0.00,104,74.09,0.81,
2016-01-14,3294,,0.00,104,73.64,0.81,
2016-01-15,3294,,0.00,104,72.73,0.80,
2016-01-18,3294,,0.00,104,72.27,0.79,
2016-01-19,3294,,0.00,104,71.82,0.79,
2016-01-20,3294,,0.00,104,70.91,0.78,
2016-01-21,3294,,0.00,104,71.59,0.78,
2016-01-22,3294,,0.00,104,72.05,0.79,
2016-01-25,3294,,0.00,104,72.95,0.80,
2016-01-26,3294,,0.00,104,71.59,0.78,
2016-01-27,3294,,0.00,104,71.82,0.79,
2016-01-28,3294,,0.00,104,72.05,0.79,
2016-01-29,3294,,0.00,104,72.50,0.79,
2016-01-30,3294,,0.00,104,71.36,0.78,
2016-02-01,3294,,0.00,104,70.23,0.77,
2016-02-02,3294,,0.00,104,69.77,0.76,
2016-02-03,3294,,0.00,104,62.95,0.69,
2016-02-15,3294,,0.00,104,59.55,0.65,
2016-02-16,3294,,0.00,104,60.68,0.66,
2016-02-17,3294,,0.00,104,61.14,0.67,
2016-02-18,3294,,0.00,104,61.59,0.67,
2016-02-19,3294,,0.00,104,61.59,0.67,
2016-02-22,3294,,0.00,104,62.27,0.68,
2016-02-23,3294,,0.00,104,64.32,0.70,
2016-02-24,3294,,0.00,104,63.86,0.70,
2016-02-25,3294,,0.00,104,64.77,0.71,
2016-02-26,3294,,0.00,104,63.86,0.70,
2016-03-01,3294,,0.00,104,65.00,0.71,
2016-03-02,3294,,0.00,104,65.00,0.71,
2016-03-03,3294,,0.00,104,66.14,0.72,
2016-03-04,3294,,0.00,104,68.41,0.75,
2016-03-07,3294,,0.00,104,67.50,0.74,
2016-03-08,3294,,0.00,104,68.18,0.75,
2016-03-09,3294,,0.00,104,68.18,0.75,
2016-03-10,3294,,0.00,104,67.95,0.74,
2016-03-11,3294,,0.00,104,66.59,0.73,
2016-03-14,3294,,0.00,104,65.45,0.72,
2016-03-15,3294,,0.00,104,59.55,0.65,
2016-03-16,3294,,0.00,104,59.77,0.65,
2016-03-17,3294,,0.00,104,60.23,0.66,
2016-03-18,3294,,0.00,104,59.77,0.65,
2016-03-21,3294,,0.00,104,59.77,0.65,
2016-03-22,3294,,0.00,104,60.68,0.66,
2016-03-23,3294,,0.00,104,60.45,0.66,
2016-03-24,3294,,0.00,104,60.23,0.66,
2016-03-25,3294,,0.00,104,60.23,0.66,
2016-03-28,3294,,0.00,104,59.77,0.65,
2016-03-29,3294,,0.00,104,58.41,0.64,
2016-03-30,3294,,0.00,104,60.00,0.66,
2016-03-31,3294,,2.28,104,59.77,0.65,
2016-04-01,3294,,2.26,104,60.45,0.66,
2016-04-06,3294,,2.28,104,59.77,0.65,
2016-04-07,3294,,2.32,104,58.86,0.64,
2016-04-08,3294,,2.26,104,22.17,0.67,
2016-04-11,3294,,2.24,104,22.33,0.68,
2016-04-12,3294,,2.25,104,22.25,0.67,
2016-04-13,3294,,2.21,104,22.58,0.69,
2016-04-14,3294,,2.14,104,23.33,0.71,
2016-04-15,3294,,2.15,104,23.25,0.71,
2016-04-18,3294,,2.17,104,23.08,0.70,
2016-04-19,3294,,2.19,104,22.83,0.69,
2016-04-20,3294,,2.18,104,22.92,0.70,
2016-04-21,3294,,2.16,104,23.17,0.70,
2016-04-22,3294,,2.16,104,23.17,0.70,
2016-04-25,3294,,2.16,104,23.17,0.70,
2016-04-26,3294,,2.14,104,23.33,0.71,
2016-04-27,3294,,2.13,104,23.50,0.71,
2016-04-28,3294,,2.14,104,23.42,0.71,
2016-04-29,3294,,2.14,104,23.33,0.71,
2016-05-03,3294,,2.17,104,23.08,0.70,
2016-05-04,3294,,2.21,104,22.58,0.69,
2016-05-05,3294,,2.16,104,23.17,0.70,
2016-05-06,3294,,2.14,104,23.42,0.71,
2016-05-09,3294,,2.14,104,23.33,0.71,
2016-05-10,3294,,2.14,104,23.33,0.71,
2016-05-11,3294,,2.12,104,23.58,0.72,
2016-05-12,3294,,2.13,104,23.50,0.71,
2016-05-13,3294,,2.14,104,23.33,0.71,
2016-05-16,3294,,2.17,104,23.00,0.70,
2016-05-17,3294,,2.17,104,23.08,0.70,
2016-05-18,3294,,2.19,104,22.83,0.69,
2016-05-19,3294,,2.20,104,22.75,0.69,
2016-05-20,3294,,2.20,104,170.63,0.72,
2016-05-23,3294,,2.21,104,170.00,0.72,
2016-05-24,3294,,2.26,104,166.25,0.70,
2016-05-25,3294,,2.19,104,171.25,0.72,
2016-05-26,3294,,2.14,104,175.00,0.74,
2016-05-27,3294,,2.17,104,172.50,0.73,
2016-05-30,3294,,2.20,104,170.63,0.72,
2016-05-31,3294,,2.18,104,171.88,0.73,
2016-06-01,3294,,2.19,104,171.25,0.72,
2016-06-02,3294,,2.20,104,170.63,0.72,
2016-06-03,3294,,2.22,104,168.75,0.71,
2016-06-04,3294,,2.23,104,168.13,0.71,
2016-06-06,3294,,2.22,104,168.75,0.71,
2016-06-07,3294,,2.21,104,170.00,0.72,
2016-06-08,3294,,2.22,104,168.75,0.71,
2016-06-13,3294,,2.25,104,166.88,0.71,
2016-06-14,3294,,2.25,104,166.88,0.71,
2016-06-15,3294,,2.25,104,166.88,0.71,
2016-06-16,3294,,2.22,104,168.75,0.71,
2016-06-17,3294,,2.24,104,167.50,0.71,
2016-06-20,3294,,2.21,104,169.38,0.72,
2016-06-21,3294,,2.21,104,169.38,0.72,
2016-06-22,3294,,2.24,104,167.50,0.71,
2016-06-23,3294,,2.24,104,167.50,0.71,
2016-06-24,3294,,2.25,104,166.88,0.71,
2016-06-27,3294,,2.24,104,167.50,0.71,
2016-06-28,3294,,2.22,104,168.75,0.71,
2016-06-29,3294,,2.23,104,168.13,0.71,
2016-06-30,3294,,2.21,104,170.00,0.72,
2016-07-01,3294,,2.22,104,168.75,0.71,
2016-07-04,3294,,2.22,104,168.75,0.71,
2016-07-05,3294,,2.22,104,168.75,0.71,
2016-07-06,3294,,2.22,104,168.75,0.71,
2016-07-07,3294,,2.21,104,169.38,0.72,
2016-07-11,3294,,2.21,104,169.38,0.72,
2016-07-12,3294,,2.18,104,171.88,0.73,
2016-07-13,3294,,2.18,104,171.88,0.73,
2016-07-14,3294,,2.16,104,173.75,0.74,
2016-07-15,3294,,2.21,104,169.38,0.72,
2016-07-18,3294,,2.08,104,180.63,0.76,
2016-07-19,3294,,2.01,104,186.88,0.79,
2016-07-20,3294,,2.09,104,179.38,0.76,
2016-07-21,3294,,2.10,104,178.75,0.76,
2016-07-22,3294,,2.11,104,177.50,0.75,
2016-07-25,3294,,2.21,104,170.00,0.72,
2016-07-26,3294,,2.13,104,176.25,0.75,
2016-07-27,3294,,2.16,104,173.75,0.74,
2016-07-28,3294,,2.11,104,178.13,0.75,
2016-07-29,3294,,2.13,104,176.25,0.75,
2016-08-01,3294,,2.11,104,178.13,0.75,
2016-08-02,3294,,2.14,104,175.00,0.74,
2016-08-03,3294,,2.11,104,178.13,0.75,
2016-08-04,3294,,2.14,104,175.00,0.74,
2016-08-05,3294,,2.14,104,175.63,0.74,
2016-08-08,3294,,2.14,104,175.00,0.74,
2016-08-09,3294,,2.16,104,173.75,0.74,
2016-08-10,3294,,2.12,104,176.88,0.75,
2016-08-11,3294,,2.14,104,175.00,0.74,
2016-08-12,3294,,2.11,104,177.50,0.75,
2016-08-15,3294,,2.09,104,179.38,0.76,
2016-08-16,3294,,2.08,104,180.63,0.76,
2016-08-17,3294,,2.08,104,180.63,0.76,
2016-08-18,3294,,2.08,104,180.63,0.76,
2016-08-19,3294,,2.09,104,179.38,0.76,
2016-08-22,3294,,2.11,104,177.50,0.75,
2016-08-23,3294,,2.09,104,24.74,0.78,
2016-08-24,3294,,2.10,104,24.66,0.78,
2016-08-25,3294,,2.09,104,24.74,0.78,
2016-08-26,3294,,2.11,104,24.57,0.78,
2016-08-29,3294,,2.10,104,24.66,0.78,
2016-08-30,3294,,2.14,104,24.14,0.76,
2016-08-31,3294,,1.95,104,26.55,0.84,
2016-09-01,3294,,1.78,104,29.14,0.92,
2016-09-02,3294,,1.69,104,30.60,0.97,
2016-09-05,3294,,1.69,104,30.52,0.97,
2016-09-06,3294,,1.70,104,30.34,0.96,
2016-09-07,3294,,1.71,104,30.17,0.96,
2016-09-08,3294,,1.72,104,30.09,0.95,
2016-09-09,3294,,1.65,104,31.29,0.99,
2016-09-10,3294,,1.67,104,30.95,0.98,
2016-09-12,3294,,1.72,104,30.09,0.95,
2016-09-13,3294,,1.74,104,29.66,0.94,
2016-09-14,3294,,1.75,104,29.57,0.94,
2016-09-19,3294,,1.75,104,29.48,0.93,
2016-09-20,3294,,1.68,104,30.86,0.98,
2016-09-21,3294,,1.67,104,30.95,0.98,
2016-09-22,3294,,1.72,104,30.00,0.95,
2016-09-23,3294,,1.75,104,29.48,0.93,
2016-09-26,3294,,1.71,104,30.17,0.96,
2016-09-29,3294,,1.75,104,29.57,0.94,
2016-09-30,3294,,1.74,104,29.66,0.94,
2016-10-03,3294,,1.67,104,31.03,0.98,
2016-10-04,3294,,1.67,104,31.03,0.98,
2016-10-05,3294,,1.70,104,30.34,0.96,
2016-10-06,3294,,1.70,104,30.43,0.96,
2016-10-07,3294,,1.72,104,30.09,0.95,
2016-10-11,3294,,1.86,104,27.84,0.88,
2016-10-12,3294,,1.87,104,27.67,0.88,
2016-10-13,3294,,1.86,104,27.84,0.88,
2016-10-14,3294,,1.85,104,28.02,0.89,
2016-10-17,3294,,1.85,104,27.93,0.88,
2016-10-18,3294,,1.85,104,27.93,0.88,
2016-10-19,3294,,1.86,104,27.84,0.88,
2016-10-20,3294,,1.88,104,27.59,0.87,
2016-10-21,3294,,1.84,104,28.10,0.89,
2016-10-24,3294,,1.88,104,27.59,0.87,
2016-10-25,3294,,1.88,104,27.59,0.87,
2016-10-26,3294,,1.88,104,27.59,0.87,
2016-10-27,3294,,1.87,104,27.67,0.88,
2016-10-28,3294,,1.88,104,27.50,0.87,
2016-10-31,3294,,1.86,104,27.76,0.88,
2016-11-01,3294,,1.82,104,28.36,0.90,
2016-11-02,3294,,1.83,104,28.19,0.89,
2016-11-03,3294,,1.85,104,27.93,0.88,
2016-11-04,3294,,1.85,104,28.02,0.89,
2016-11-07,3294,,1.84,104,28.10,0.89,
2016-11-08,3294,,1.84,104,28.10,0.89,
2016-11-09,3294,,1.94,104,26.72,0.85,
2016-11-10,3294,,1.85,104,27.93,0.88,
2016-11-11,3294,,1.87,104,27.67,0.88,
2016-11-14,3294,,1.83,104,28.28,0.90,
2016-11-15,3294,,1.82,104,28.36,0.90,
2016-11-16,3294,,1.84,104,28.10,0.89,
2016-11-17,3294,,1.88,104,27.59,0.87,
2016-11-18,3294,,1.87,104,27.67,0.88,
2016-11-21,3294,,1.89,104,27.41,0.87,
2016-11-22,3294,,1.88,104,27.59,0.87,
2016-11-23,3294,,1.83,104,28.28,0.90,
2016-11-24,3294,,1.86,104,27.84,0.88,
2016-11-25,3294,,1.88,104,27.50,0.87,
2016-11-28,3294,,1.86,104,27.84,0.88,
2016-11-29,3294,,1.83,104,28.28,0.90,
2016-11-30,3294,,1.86,104,27.76,0.88,
2016-12-01,3294,,1.84,104,35.43,0.89,
2016-12-02,3294,,1.83,104,35.65,0.90,
2016-12-05,3294,,1.75,104,37.17,0.94,
2016-12-06,3294,,1.80,104,36.20,0.91,
2016-12-07,3294,,1.81,104,36.09,0.91,
2016-12-08,3294,,1.81,104,36.09,0.91,
2016-12-09,3294,,1.86,104,35.11,0.88,
2016-12-12,3294,,1.86,104,35.00,0.88,
2016-12-13,3294,,1.86,104,35.11,0.88,
2016-12-14,3294,,1.83,104,35.54,0.90,
2016-12-15,3294,,1.84,104,35.43,0.89,
2016-12-16,3294,,1.86,104,35.00,0.88,
2016-12-19,3294,,1.86,104,35.00,0.88,
2016-12-20,3294,,1.86,104,35.11,0.88,
2016-12-21,3294,,1.87,104,34.89,0.88,
2016-12-22,3294,,1.85,104,35.22,0.89,
2016-12-23,3294,,1.88,104,34.78,0.88,
2016-12-26,3294,,1.88,104,34.78,0.88,
2016-12-27,3294,,1.88,104,34.78,0.88,
2016-12-28,3294,,1.90,104,34.35,0.87,
2016-12-29,3294,,1.86,104,35.11,0.88,
2016-12-30,3294,,1.83,104,35.54,0.90,
2017-01-03,3294,,1.82,105,35.76,0.90,
2017-01-04,3294,,1.84,105,35.43,0.89,
2017-01-05,3294,,1.78,105,36.74,0.93,
2017-01-06,3294,,1.79,105,36.41,0.92,
2017-01-09,3294,,1.77,105,36.85,0.93,
2017-01-10,3294,,1.79,105,36.52,0.92,
2017-01-11,3294,,1.80,105,36.30,0.92,
2017-01-12,3294,,1.80,105,36.30,0.92,
2017-01-13,3294,,1.75,105,37.17,0.94,
2017-01-16,3294,,1.79,105,36.41,0.92,
2017-01-17,3294,,1.82,105,35.87,0.90,
2017-01-18,3294,,1.83,105,35.65,0.90,
2017-01-19,3294,,1.84,105,35.43,0.89,
2017-01-20,3294,,1.84,105,35.43,0.89,
2017-01-23,3294,,1.81,105,35.98,0.91,
2017-01-24,3294,,1.81,105,35.98,0.91,
2017-02-02,3294,,1.84,105,35.43,0.89,
2017-02-03,3294,,1.85,105,35.33,0.89,
2017-02-06,3294,,1.84,105,35.43,0.89,
2017-02-07,3294,,1.83,105,35.54,0.90,
2017-02-08,3294,,1.83,105,35.65,0.90,
2017-02-09,3294,,1.74,105,37.39,0.94,
2017-02-10,3294,,1.80,105,36.20,0.91,
2017-02-13,3294,,1.79,105,36.52,0.92,
2017-02-14,3294,,1.80,105,36.30,0.92,
2017-02-15,3294,,1.79,105,36.41,0.92,
2017-02-16,3294,,1.81,105,35.98,0.91,
2017-02-17,3294,,1.81,105,36.09,0.91,
2017-02-18,3294,,1.81,105,36.09,0.91,
2017-02-20,3294,,1.80,105,36.30,0.92,
2017-02-21,3294,,1.80,105,36.20,0.91,
2017-02-22,3294,,1.79,105,36.41,0.92,
2017-02-23,3294,,1.78,105,36.74,0.93,
2017-02-24,3294,,1.76,105,36.96,0.93,
2017-03-01,3294,,1.75,105,37.28,0.94,
2017-03-02,3294,,1.64,105,39.78,1.00,
2017-03-03,3294,,1.57,105,41.63,1.05,
2017-03-06,3294,,1.57,105,41.41,1.04,
2017-03-07,3294,,1.67,105,39.02,0.98,
2017-03-08,3294,,1.72,105,37.83,0.95,
2017-03-09,3294,,1.73,105,37.61,0.95,
2017-03-10,3294,,1.76,105,36.96,0.93,
2017-03-13,3294,,1.78,105,36.63,0.92,
2017-03-14,3294,,1.73,105,37.61,0.95,
2017-03-15,3294,,1.76,105,37.07,0.93,
2017-03-16,3294,,1.77,105,36.85,0.93,
2017-03-17,3294,,1.75,105,37.28,0.94,
2017-03-20,3294,,1.74,105,37.50,0.95,
2017-03-21,3294,,1.71,105,38.04,0.96,
2017-03-22,3294,,1.72,105,37.93,0.96,
2017-03-23,3294,,1.73,105,37.61,0.95,
2017-03-24,3294,,1.76,105,36.96,0.93,
2017-03-27,3294,,1.80,105,36.30,0.92,
2017-03-28,3294,,1.81,105,36.09,0.91,
2017-03-29,3294,,1.78,105,36.63,0.92,
2017-03-30,3294,,1.91,105,36.41,0.92,
2017-03-31,3294,,1.90,105,36.52,0.92,
2017-04-05,3294,,1.91,105,36.41,0.92,
2017-04-06,3294,,1.93,105,35.98,0.91,
2017-04-07,3294,,1.95,105,18.22,0.89,
2017-04-10,3294,,1.90,105,18.67,0.91,
2017-04-11,3294,,1.97,105,18.06,0.88,
2017-04-12,3294,,1.96,105,18.17,0.88,
2017-04-13,3294,,1.98,105,18.00,0.88,
2017-04-14,3294,,2.05,105,17.33,0.84,
2017-04-17,3294,,2.04,105,17.39,0.85,
2017-04-18,3294,,2.03,105,17.50,0.85,
2017-04-19,3294,,2.04,105,17.44,0.85,
2017-04-20,3294,,2.08,105,17.06,0.83,
2017-04-21,3294,,2.08,105,17.06,0.83,
2017-04-24,3294,,2.09,105,17.00,0.83,
2017-04-25,3294,,2.04,105,17.39,0.85,
2017-04-26,3294,,2.01,105,17.67,0.86,
2017-04-27,3294,,2.00,105,17.78,0.87,
2017-04-28,3294,,2.00,105,17.78,0.87,
2017-05-02,3294,,2.01,105,17.67,0.86,
2017-05-03,3294,,2.04,105,17.44,0.85,
2017-05-04,3294,,1.99,105,17.89,0.87,
2017-05-05,3294,,2.01,105,17.67,0.86,
2017-05-08,3294,,1.96,105,18.11,0.88,
2017-05-09,3294,,2.02,105,17.61,0.86,
2017-05-10,3294,,2.01,105,17.67,0.86,
2017-05-11,3294,,2.01,105,17.72,0.86,
2017-05-12,3294,,2.04,105,17.44,0.85,
2017-05-15,3294,,2.03,105,17.56,0.85,
2017-05-16,3294,,2.06,105,26.81,0.90,
2017-05-17,3294,,2.04,105,26.98,0.91,
2017-05-18,3294,,2.06,105,26.81,0.90,
2017-05-19,3294,,2.04,105,26.98,0.91,
2017-05-22,3294,,2.06,105,26.81,0.90,
2017-05-23,3294,,2.06,105,26.81,0.90,
2017-05-24,3294,,2.07,105,26.64,0.90,
2017-05-25,3294,,2.08,105,26.47,0.89,
2017-05-26,3294,,2.09,105,26.38,0.89,
2017-05-31,3294,,2.15,105,25.69,0.87,
2017-06-01,3294,,2.15,105,25.69,0.87,
2017-06-02,3294,,2.16,105,25.52,0.86,
2017-06-03,3294,,2.15,105,25.69,0.87,
2017-06-05,3294,,2.11,105,26.21,0.88,
2017-06-06,3294,,2.12,105,26.03,0.88,
2017-06-07,3294,,2.12,105,26.03,0.88,
2017-06-08,3294,,2.08,105,26.47,0.89,
2017-06-09,3294,,2.08,105,26.55,0.90,
2017-06-12,3294,,2.07,105,26.64,0.90,
2017-06-13,3294,,2.04,105,26.98,0.91,
2017-06-14,3294,,2.11,105,26.21,0.88,
2017-06-15,3294,,2.13,105,25.95,0.88,
2017-06-16,3294,,2.06,105,26.81,0.90,
2017-06-19,3294,,2.04,105,27.07,0.91,
2017-06-20,3294,,2.04,105,27.07,0.91,
2017-06-21,3294,,2.04,105,27.07,0.91,
2017-06-22,3294,,2.02,105,27.33,0.92,
2017-06-23,3294,,2.06,105,26.81,0.90,
2017-06-26,3294,,2.04,105,27.07,0.91,
2017-06-27,3294,,2.04,105,26.98,0.91,
2017-06-28,3294,,2.08,105,26.55,0.90,
2017-06-29,3294,,2.08,105,26.47,0.89,
2017-06-30,3294,,2.00,105,27.59,0.93,
2017-07-03,3294,,2.04,105,26.98,0.91,
2017-07-04,3294,,2.03,105,27.24,0.92,
2017-07-05,3294,,2.03,105,27.24,0.92,
2017-07-06,3294,,1.98,105,27.84,0.94,
2017-07-07,3294,,1.99,105,13.64,0.94,
2017-07-10,3294,,2.03,105,13.39,0.92,
2017-07-11,3294,,2.04,105,13.26,0.91,
2017-07-12,3294,,2.08,105,13.05,0.90,
2017-07-13,3294,,2.04,105,13.26,0.91,
2017-07-14,3294,,2.04,105,13.26,0.91,
2017-07-17,3294,,2.04,105,13.26,0.91,
2017-07-18,3294,,2.03,105,13.39,0.92,
2017-07-19,3294,,2.03,105,13.39,0.92,
2017-07-20,3294,,2.05,105,13.22,0.91,
2017-07-21,3294,,2.04,105,13.31,0.91,
2017-07-24,3294,,2.05,105,13.22,0.91,
2017-07-25,3294,,2.04,105,13.31,0.91,
2017-07-26,3294,,1.99,105,13.60,0.93,
2017-07-27,3294,,1.98,105,13.69,0.94,
2017-07-28,3294,,1.99,105,13.60,0.93,
2017-07-31,3294,,1.98,105,13.73,0.94,
2017-08-01,3294,,1.93,105,14.07,0.97,
2017-08-02,3294,,1.94,105,13.98,0.96,
2017-08-03,3294,,1.90,105,14.28,0.98,
2017-08-04,3294,,1.78,105,15.25,1.05,
2017-08-07,3294,,1.78,105,15.21,1.04,
2017-08-08,3294,,1.79,105,15.13,1.04,
2017-08-09,3294,,1.81,105,15.00,1.03,
2017-08-10,3294,,1.85,105,14.66,1.01,
2017-08-11,3294,,1.82,105,14.87,1.02,
2017-08-14,3294,,1.91,105,14.19,0.97,
2017-08-15,3294,,1.87,105,12.67,0.96,
2017-08-16,3294,,1.85,105,12.81,0.97,
2017-08-17,3294,,1.78,105,13.33,1.01,
2017-08-18,3294,,1.62,105,14.67,1.11,
2017-08-21,3294,,1.47,105,16.11,1.22,
2017-08-22,3294,,1.42,105,16.67,1.27,
2017-08-23,3294,,1.43,105,16.59,1.26,
2017-08-24,3294,,1.30,105,18.22,1.38,
2017-08-25,3294,,1.18,105,20.04,1.52,
2017-08-28,3294,,1.18,105,20.11,1.53,
2017-08-29,3294,,1.23,105,19.33,1.47,
2017-08-30,3294,,1.21,105,19.56,1.49,
2017-08-31,3294,,1.24,105,19.11,1.45,
2017-09-01,3294,,1.20,105,19.74,1.50,
2017-09-04,3294,,1.24,105,19.11,1.45,
2017-09-05,3294,,1.23,105,19.26,1.46,
2017-09-06,3294,,1.22,105,19.44,1.48,
2017-09-07,3294,,1.24,105,19.11,1.45,
2017-09-08,3294,,1.13,105,21.00,1.60,
2017-09-11,3294,,1.05,105,22.56,1.71,
2017-09-12,3294,,1.17,105,20.33,1.54,
2017-09-13,3294,,1.19,105,19.96,1.52,
2017-09-14,3294,,1.19,105,19.96,1.52,
2017-09-15,3294,,1.19,105,19.85,1.51,
2017-09-18,3294,,1.19,105,19.85,1.51,
2017-09-19,3294,,1.17,105,20.33,1.54,
2017-09-20,3294,,1.06,105,22.33,1.70,
2017-09-21,3294,,1.08,105,21.96,1.67,
2017-09-22,3294,,1.16,105,20.41,1.55,
2017-09-25,3294,,1.17,105,20.22,1.54,
2017-09-26,3294,,1.21,105,19.59,1.49,
2017-09-27,3294,,1.19,105,19.96,1.52,
2017-09-28,3294,,1.17,105,20.30,1.54,
2017-09-29,3294,,1.20,105,19.81,1.51,
2017-09-30,3294,,1.19,105,20.00,1.52,
2017-10-02,3294,,1.19,105,20.00,1.52,
2017-10-03,3294,,1.15,105,20.59,1.56,
2017-10-05,3294,,1.13,105,21.04,1.60,
2017-10-06,3294,,1.14,105,20.74,1.58,
2017-10-11,3294,,1.19,105,20.00,1.52,
2017-10-12,3294,,1.18,105,20.11,1.53,
2017-10-13,3294,,1.17,105,20.22,1.54,
2017-10-16,3294,,1.18,105,20.11,1.53,
2017-10-17,3294,,1.18,105,20.04,1.52,
2017-10-18,3294,,1.18,105,20.11,1.53,
2017-10-19,3294,,1.17,105,20.22,1.54,
2017-10-20,3294,,1.07,105,22.22,1.69,
2017-10-23,3294,,0.99,105,23.93,1.82,
2017-10-24,3294,,1.00,105,23.70,1.80,
2017-10-25,3294,,1.08,105,22.00,1.67,
2017-10-26,3294,,1.04,105,22.81,1.73,
2017-10-27,3294,,1.07,105,22.22,1.69,
2017-10-30,3294,,1.13,105,20.89,1.59,
2017-10-31,3294,,1.12,105,21.07,1.60,
2017-11-01,3294,,1.16,105,20.48,1.56,
2017-11-02,3294,,1.08,105,21.93,1.67,
2017-11-03,3294,,1.12,105,21.11,1.60,
2017-11-06,3294,,1.15,105,20.67,1.57,
2017-11-07,3294,,1.12,105,21.11,1.60,
2017-11-08,3294,,1.15,105,20.67,1.57,
2017-11-09,3294,,1.16,105,20.37,1.55,
2017-11-10,3294,,1.13,105,20.89,1.59,
2017-11-13,3294,,1.11,105,21.26,1.62,
2017-11-14,3294,,1.13,105,14.61,1.47,
2017-11-15,3294,,1.11,105,15.00,1.51,
2017-11-16,3294,,1.12,105,14.79,1.49,
2017-11-17,3294,,1.04,105,16.01,1.61,
2017-11-20,3294,,1.08,105,15.28,1.54,
2017-11-21,3294,,1.11,105,14.97,1.51,
2017-11-22,3294,,1.13,105,14.72,1.48,
2017-11-23,3294,,1.11,105,14.87,1.49,
2017-11-24,3294,,1.11,105,14.87,1.49,
2017-11-27,3294,,1.12,105,14.74,1.48,
2017-11-28,3294,,1.14,105,14.59,1.47,
2017-11-29,3294,,1.16,105,14.30,1.44,
2017-11-30,3294,,1.18,105,14.02,1.41,
2017-12-01,3294,,1.17,105,14.12,1.42,
2017-12-04,3294,,1.19,105,13.99,1.41,
2017-12-05,3294,,1.27,105,13.06,1.31,
2017-12-06,3294,,1.30,105,12.72,1.28,
2017-12-07,3294,,1.29,105,12.82,1.29,
2017-12-08,3294,,1.30,105,12.77,1.28,
2017-12-11,3294,,1.29,105,12.82,1.29,
2017-12-12,3294,,1.30,105,12.75,1.28,
2017-12-13,3294,,1.28,105,12.93,1.30,
2017-12-14,3294,,1.30,105,12.77,1.28,
2017-12-15,3294,,1.32,105,12.59,1.27,
2017-12-18,3294,,1.34,105,12.38,1.24,
2017-12-19,3294,,1.38,105,12.02,1.21,
2017-12-20,3294,,1.40,105,11.87,1.19,
2017-12-21,3294,,1.34,105,12.33,1.24,
2017-12-22,3294,,1.34,105,12.33,1.24,
2017-12-25,3294,,1.32,105,12.59,1.27,
2017-12-26,3294,,1.36,105,12.18,1.22,
2017-12-27,3294,,1.35,105,12.25,1.23,
2017-12-28,3294,,1.34,105,12.38,1.24,
2017-12-29,3294,,1.33,105,12.44,1.25,
2018-01-02,3294,,1.32,106,12.56,1.26,
2018-01-03,3294,,1.23,106,13.45,1.35,
2018-01-04,3294,,1.24,106,13.39,1.35,
2018-01-05,3294,,1.25,106,13.29,1.34,
2018-01-08,3294,,1.26,106,13.19,1.33,
2018-01-09,3294,,1.28,106,12.95,1.30,
2018-01-10,3294,,1.28,106,12.93,1.30,
2018-01-11,3294,,1.38,106,12.02,1.21,
2018-01-12,3294,,1.35,106,12.28,1.23,
2018-01-15,3294,,1.36,106,12.18,1.22,
2018-01-16,3294,,1.33,106,12.44,1.25,
2018-01-17,3294,,1.35,106,12.28,1.23,
2018-01-18,3294,,1.35,106,12.28,1.23,
2018-01-19,3294,,1.37,106,12.12,1.22,
2018-01-22,3294,,1.37,106,12.10,1.22,
2018-01-23,3294,,1.37,106,12.10,1.22,
2018-01-24,3294,,1.34,106,12.38,1.24,
2018-01-25,3294,,1.31,106,12.62,1.27,
2018-01-26,3294,,1.31,106,12.64,1.27,
2018-01-29,3294,,1.33,106,12.49,1.26,
2018-01-30,3294,,1.36,106,12.23,1.23,
2018-01-31,3294,,1.33,106,12.44,1.25,
2018-02-01,3294,,1.36,106,12.18,1.22,
2018-02-02,3294,,1.36,106,12.20,1.23,
2018-02-05,3294,,1.37,106,12.12,1.22,
2018-02-06,3294,,1.50,106,11.09,1.11,
2018-02-07,3294,,1.49,106,11.14,1.12,
2018-02-08,3294,,1.51,106,10.98,1.10,
2018-02-09,3294,,1.65,106,10.08,1.01,
2018-02-12,3294,,1.63,106,10.16,1.02,
2018-02-21,3294,,1.57,106,10.57,1.06,
2018-02-22,3294,,1.53,106,10.80,1.09,
2018-02-23,3294,,1.40,106,11.87,1.19,
2018-02-26,3294,,1.39,106,11.94,1.20,
2018-02-27,3294,,1.41,106,11.79,1.18,
2018-03-01,3294,,1.41,106,11.74,1.18,
2018-03-02,3294,,1.42,106,11.66,1.17,
2018-03-05,3294,,1.42,106,11.66,1.17,
2018-03-06,3294,,1.40,106,11.81,1.19,
2018-03-07,3294,,1.42,106,11.66,1.17,
2018-03-08,3294,,1.41,106,11.76,1.18,
2018-03-09,3294,,1.40,106,11.84,1.19,
2018-03-12,3294,,1.45,106,11.42,1.15,
2018-03-13,3294,,1.43,106,11.55,1.16,
2018-03-14,3294,,1.49,106,11.11,1.12,
2018-03-15,3294,,1.44,106,11.50,1.16,
2018-03-16,3294,,1.45,106,11.42,1.15,
2018-03-19,3294,,1.45,106,11.40,1.15,
2018-03-20,3294,,2.15,106,11.09,1.11,
2018-03-21,3294,,2.17,106,10.98,1.10,
2018-03-22,3294,,2.21,106,10.78,1.08,
2018-03-23,3294,,2.24,106,10.65,1.07,
2018-03-26,3294,,2.22,106,10.75,1.08,
2018-03-27,3294,,2.23,106,10.67,1.07,
2018-03-28,3294,,2.26,106,10.54,1.06,
2018-03-29,3294,,2.17,106,10.96,1.10,
2018-03-30,3294,,2.15,106,11.09,1.11,
2018-03-31,3294,,2.15,106,11.06,1.11,
2018-04-02,3294,,2.18,106,12.71,1.07,
2018-04-03,3294,,2.24,106,12.35,1.04,
2018-04-09,3294,,2.25,106,12.29,1.04,
2018-04-10,3294,,2.28,106,12.14,1.03,
2018-04-11,3294,,2.35,106,11.78,1.00,
2018-04-12,3294,,2.32,106,11.93,1.01,
2018-04-13,3294,,2.32,106,11.96,1.01,
2018-04-16,3294,,2.34,106,11.87,1.00,
2018-04-17,3294,,2.41,106,11.48,0.97,
2018-04-18,3294,,2.43,106,11.42,0.96,
2018-04-19,3294,,2.53,106,10.93,0.92,
2018-04-20,3294,,2.42,106,11.45,0.97,
2018-04-23,3294,,2.47,106,11.23,0.95,
2018-04-24,3294,,2.53,106,10.96,0.93,
2018-04-25,3294,,2.43,106,11.39,0.96,
2018-04-26,3294,,2.53,106,10.96,0.93,
2018-04-27,3294,,2.52,106,10.99,0.93,
2018-04-30,3294,,2.49,106,11.11,0.94,
2018-05-02,3294,,2.53,106,10.93,0.92,
2018-05-03,3294,,2.56,106,10.84,0.92,
2018-05-04,3294,,2.57,106,10.78,0.91,
2018-05-07,3294,,2.53,106,10.93,0.92,
2018-05-08,3294,,2.51,106,11.05,0.93,
2018-05-09,3294,,2.51,106,11.05,0.93,
2018-05-10,3294,,2.52,106,10.99,0.93,
2018-05-11,3294,,2.55,106,10.87,0.92,
2018-05-14,3294,,2.62,106,13.10,0.91,
2018-05-15,3294,,2.61,106,13.17,0.91,
2018-05-16,3294,,2.73,106,12.57,0.87,
2018-05-17,3294,,2.72,106,12.61,0.87,
2018-05-18,3294,,2.71,106,12.65,0.88,
2018-05-21,3294,,2.70,106,12.72,0.88,
2018-05-22,3294,,2.70,106,12.72,0.88,
2018-05-23,3294,,2.70,106,12.72,0.88,
2018-05-24,3294,,2.74,106,12.54,0.87,
2018-05-25,3294,,2.74,106,12.54,0.87,
2018-05-28,3294,,2.75,106,12.46,0.86,
2018-05-29,3294,,2.76,106,12.43,0.86,
2018-05-30,3294,,2.82,106,12.16,0.84,
2018-05-31,3294,,2.71,106,12.69,0.88,
2018-06-01,3294,,2.74,106,12.54,0.87,
2018-06-04,3294,,2.74,106,12.54,0.87,
2018-06-05,3294,,2.72,106,12.61,0.87,
2018-06-06,3294,,2.63,106,13.06,0.90,
2018-06-07,3294,,2.56,106,13.43,0.93,
2018-06-08,3294,,2.60,106,13.21,0.91,
2018-06-11,3294,,2.70,106,12.72,0.88,
2018-06-12,3294,,2.71,106,12.65,0.88,
2018-06-13,3294,,2.73,106,12.57,0.87,
2018-06-14,3294,,2.75,106,12.50,0.87,
2018-06-15,3294,,2.76,106,12.43,0.86,
2018-06-19,3294,,2.83,106,12.13,0.84,
2018-06-20,3294,,2.90,106,11.83,0.82,
2018-06-21,3294,,2.89,106,11.87,0.82,
2018-06-22,3294,,2.85,106,12.05,0.83,
2018-06-25,3294,,2.83,106,12.13,0.84,
2018-06-26,3294,,2.92,106,11.75,0.81,
2018-06-27,3294,,2.90,106,11.83,0.82,
2018-06-28,3294,,3.03,106,11.34,0.79,
2018-06-29,3294,,3.00,106,11.46,0.79,
2018-07-02,3294,,3.01,106,11.42,0.79,
2018-07-03,3294,,3.07,106,11.19,0.77,
2018-07-04,3294,,3.03,106,11.34,0.79,
2018-07-05,3294,,3.18,106,10.78,0.75,
2018-07-06,3294,,3.24,106,10.60,0.73,
2018-07-09,3294,,3.26,106,10.52,0.73,
2018-07-10,3294,,3.23,106,10.63,0.74,
2018-07-11,3294,,3.29,106,10.45,0.72,
2018-07-12,3294,,3.23,106,10.60,0.73,
2018-07-13,3294,,3.16,106,10.82,0.75,
2018-07-16,3294,,3.05,106,11.23,0.78,
2018-07-17,3294,,3.10,106,11.04,0.76,
2018-07-18,3294,,3.04,106,11.27,0.78,
2018-07-19,3294,,3.15,106,10.86,0.75,
2018-07-20,3294,,3.12,106,10.97,0.76,
2018-07-23,3294,,3.16,106,10.82,0.75,
2018-07-24,3294,,3.22,106,10.63,0.74,
2018-07-25,3294,,3.22,106,10.63,0.74,
2018-07-26,3294,,3.30,106,10.37,0.72,
2018-07-27,3294,,3.34,106,10.26,0.71,
2018-07-30,3294,,3.31,106,10.34,0.72,
2018-07-31,3294,,3.35,106,10.22,0.71,
2018-08-01,3294,,3.29,106,10.41,0.72,
2018-08-02,3294,,3.33,106,10.30,0.71,
2018-08-03,3294,,3.28,106,10.45,0.72,
2018-08-06,3294,,3.24,106,10.56,0.73,
2018-08-07,3294,,3.21,106,10.67,0.74,
2018-08-08,3294,,3.24,106,10.56,0.73,
2018-08-09,3294,,3.23,106,10.60,0.73,
2018-08-10,3294,,3.28,106,10.45,0.72,
2018-08-13,3294,,3.49,106,9.81,0.68,
2018-08-14,3294,,3.49,106,9.81,0.68,
2018-08-15,3294,,3.49,106,17.53,0.71,
2018-08-16,3294,,3.56,106,17.20,0.70,
2018-08-17,3294,,3.57,106,17.13,0.69,
2018-08-20,3294,,3.66,106,16.73,0.68,
2018-08-21,3294,,3.63,106,16.87,0.68,
2018-08-22,3294,,3.59,106,17.07,0.69,
2018-08-23,3294,,3.61,106,16.93,0.68,
2018-08-24,3294,,3.61,106,16.93,0.68,
2018-08-27,3294,,3.40,106,18.00,0.73,
2018-08-28,3294,,3.45,106,17.73,0.72,
2018-08-29,3294,,3.42,106,17.87,0.72,
2018-08-30,3294,,3.44,106,17.80,0.72,
2018-08-31,3294,,3.46,106,17.67,0.71,
2018-09-03,3294,,3.15,106,19.40,0.78,
2018-09-04,3294,,3.27,106,18.73,0.76,
2018-09-05,3294,,3.27,106,18.73,0.76,
2018-09-06,3294,,3.30,106,18.53,0.75,
2018-09-07,3294,,3.41,106,17.93,0.72,
2018-09-10,3294,,3.48,106,17.60,0.71,
2018-09-11,3294,,3.49,106,17.53,0.71,
2018-09-12,3294,,3.46,106,17.67,0.71,
2018-09-13,3294,,3.41,106,17.93,0.72,
2018-09-14,3294,,3.37,106,18.13,0.73,
2018-09-17,3294,,3.44,106,17.80,0.72,
2018-09-18,3294,,3.40,106,18.00,0.73,
2018-09-19,3294,,3.35,106,18.27,0.74,
2018-09-20,3294,,3.23,106,18.93,0.77,
2018-09-21,3294,,3.24,106,18.87,0.76,
2018-09-25,3294,,3.28,106,18.67,0.75,
2018-09-26,3294,,3.27,106,18.73,0.76,
2018-09-27,3294,,3.19,106,19.20,0.78,
2018-09-28,3294,,3.00,106,20.40,0.82,
2018-10-01,3294,,3.01,106,20.33,0.82,
2018-10-02,3294,,3.12,106,19.60,0.79,
2018-10-03,3294,,3.14,106,19.47,0.79,
2018-10-04,3294,,3.24,106,18.87,0.76,
2018-10-05,3294,,3.28,106,18.67,0.75,
2018-10-08,3294,,3.33,106,18.40,0.74,
2018-10-09,3294,,3.42,106,17.87,0.72,
2018-10-11,3294,,3.76,106,16.27,0.66,
2018-10-12,3294,,3.82,106,16.00,0.65,
2018-10-15,3294,,3.78,106,16.20,0.65,
2018-10-16,3294,,3.75,106,16.33,0.66,
2018-10-17,3294,,3.73,106,16.40,0.66,
2018-10-18,3294,,3.76,106,16.27,0.66,
2018-10-19,3294,,3.78,106,16.20,0.65,
2018-10-22,3294,,3.70,106,16.53,0.67,
2018-10-23,3294,,3.73,106,16.40,0.66,
2018-10-24,3294,,3.73,106,16.40,0.66,
2018-10-25,3294,,3.87,106,15.80,0.64,
2018-10-26,3294,,3.82,106,16.00,0.65,
2018-10-29,3294,,3.79,106,16.13,0.65,
2018-10-30,3294,,3.78,106,16.20,0.65,
2018-10-31,3294,,3.70,106,16.53,0.67,
2018-11-01,3294,,3.63,106,16.87,0.68,
2018-11-02,3294,,3.63,106,16.87,0.68,
2018-11-05,3294,,3.70,106,16.53,0.67,
2018-11-06,3294,,3.81,106,16.07,0.65,
2018-11-07,3294,,3.82,106,16.00,0.65,
2018-11-08,3294,,3.82,106,16.00,0.65,
2018-11-09,3294,,3.84,106,15.93,0.64,
2018-11-12,3294,,3.86,106,15.87,0.64,
2018-11-13,3294,,3.86,106,15.87,0.64,
2018-11-14,3294,,3.79,106,,0.67,
2018-11-15,3294,,3.76,106,,0.68,
2018-11-16,3294,,3.75,106,,0.68,
2018-11-19,3294,,3.67,106,,0.69,
2018-11-20,3294,,3.61,106,,0.71,
2018-11-21,3294,,3.63,106,,0.70,
2018-11-22,3294,,3.64,106,,0.70,
2018-11-23,3294,,3.69,106,,0.69,
2018-11-26,3294,,3.60,106,,0.71,
2018-11-27,3294,,3.60,106,,0.71,
2018-11-28,3294,,3.53,106,,0.72,
2018-11-29,3294,,3.54,106,,0.72,
2018-11-30,3294,,3.54,106,,0.72,
2018-12-03,3294,,3.56,106,,0.72,
2018-12-04,3294,,3.56,106,,0.72,
2018-12-05,3294,,3.63,106,,0.70,
2018-12-06,3294,,3.67,106,,0.69,
2018-12-07,3294,,3.59,106,,0.71,
2018-12-10,3294,,3.64,106,,0.70,
2018-12-11,3294,,3.66,106,,0.70,
2018-12-12,3294,,3.61,106,,0.71,
2018-12-13,3294,,3.63,106,,0.70,
2018-12-14,3294,,3.54,106,,0.72,
2018-12-17,3294,,3.56,106,,0.72,
2018-12-18,3294,,3.56,106,,0.72,
2018-12-19,3294,,3.59,106,,0.71,
2018-12-20,3294,,3.61,106,,0.71,
2018-12-21,3294,,3.61,106,,0.71,
2018-12-22,3294,,3.59,106,,0.71,
2018-12-24,3294,,3.57,106,,0.71,
2018-12-25,3294,,3.64,106,,0.70,
2018-12-26,3294,,3.66,106,,0.70,
2018-12-27,3294,,3.66,106,,0.70,
2018-12-28,3294,,3.61,106,,0.71,
2019-01-02,3294,,3.67,107,,0.69,
2019-01-03,3294,,3.70,107,,0.69,
2019-01-04,3294,,3.70,107,,0.69,
2019-01-07,3294,,3.70,107,,0.69,
2019-01-08,3294,,3.67,107,,0.69,
2019-01-09,3294,,3.63,107,,0.70,
2019-01-10,3294,,3.56,107,,0.72,
2019-01-11,3294,,3.59,107,,0.71,
2019-01-14,3294,,3.60,107,,0.71,
2019-01-15,3294,,3.63,107,,0.70,
2019-01-16,3294,,3.63,107,,0.70,
2019-01-17,3294,,3.63,107,,0.70,
2019-01-18,3294,,3.60,107,,0.71,
2019-01-21,3294,,3.59,107,,0.71,
2019-01-22,3294,,3.64,107,,0.70,
2019-01-23,3294,,3.61,107,,0.71,
2019-01-24,3294,,3.66,107,,0.70,
2019-01-25,3294,,3.61,107,,0.71,
2019-01-28,3294,,3.61,107,,0.71,
2019-01-29,3294,,3.64,107,,0.70,
2019-01-30,3294,,3.67,107,,0.69,
2019-02-11,3294,,3.69,107,,0.69,
2019-02-12,3294,,3.48,107,,0.73,
2019-02-13,3294,,3.16,107,,0.81,
2019-02-14,3294,,3.21,107,,0.79,
2019-02-15,3294,,3.23,107,,0.79,
2019-02-18,3294,,3.18,107,,0.80,
2019-02-19,3294,,3.20,107,,0.80,
2019-02-20,3294,,3.16,107,,0.81,
2019-02-21,3294,,3.28,107,,0.78,
2019-02-22,3294,,3.31,107,,0.77,
2019-02-25,3294,,3.30,107,,0.77,
2019-02-26,3294,,3.36,107,,0.76,
2019-02-27,3294,,3.25,107,,0.78,
2019-03-04,3294,,3.33,107,,0.77,
2019-03-05,3294,,3.31,107,,0.77,
2019-03-06,3294,,3.25,107,,0.78,
2019-03-07,3294,,3.30,107,,0.77,
2019-03-08,3294,,3.27,107,,0.78,
2019-03-11,3294,,3.23,107,,0.79,
2019-03-12,3294,,3.24,107,,0.79,
2019-03-13,3294,,3.24,107,,0.79,
2019-03-14,3294,,2.95,107,,0.86,
2019-03-15,3294,,2.83,107,,0.90,
2019-03-18,3294,,2.95,107,,0.86,
2019-03-19,3294,,2.95,107,,0.86,
2019-03-20,3294,,2.68,107,,0.95,
2019-03-21,3294,,2.65,107,,0.96,
2019-03-22,3294,,2.76,107,,0.92,
2019-03-25,3294,,2.83,107,,0.90,
2019-03-26,3294,,2.84,107,,0.90,
2019-03-27,3294,,1.43,107,,0.89,
2019-03-28,3294,,1.46,107,,0.87,
2019-03-29,3294,,1.45,107,1585.00,0.86,
2019-04-01,3294,,1.40,107,1640.00,0.89,
2019-04-02,3294,,1.43,107,1610.00,0.87,
2019-04-03,3294,,1.43,107,1610.00,0.87,
2019-04-08,3294,,1.43,107,1610.00,0.87,
2019-04-09,3294,,1.42,107,1615.00,0.87,
2019-04-10,3294,,1.43,107,1610.00,0.87,
2019-04-11,3294,,1.47,107,1565.00,0.85,
2019-04-12,3294,,1.49,107,1540.00,0.83,
2019-04-15,3294,,1.49,107,1545.00,0.83,
2019-04-16,3294,,1.46,107,1580.00,0.85,
2019-04-17,3294,,1.46,107,1580.00,0.85,
2019-04-18,3294,,1.45,107,1585.00,0.86,
2019-04-19,3294,,1.46,107,1570.00,0.85,
2019-04-22,3294,,1.48,107,1550.00,0.84,
2019-04-23,3294,,1.51,107,1520.00,0.82,
2019-04-24,3294,,1.52,107,1515.00,0.82,
2019-04-25,3294,,1.53,107,1505.00,0.81,
2019-04-26,3294,,1.54,107,1495.00,0.81,
2019-04-29,3294,,1.64,107,1405.00,0.76,
2019-04-30,3294,,1.59,107,1450.00,0.78,
2019-05-02,3294,,1.59,107,1450.00,0.78,
2019-05-03,3294,,1.57,107,1465.00,0.79,
2019-05-06,3294,,1.60,107,1435.00,0.77,
2019-05-07,3294,,1.59,107,1450.00,0.78,
2019-05-08,3294,,1.58,107,1455.00,0.79,
2019-05-09,3294,,1.63,107,1410.00,0.76,
2019-05-10,3294,,1.66,107,1385.00,0.75,
2019-05-13,3294,,1.66,107,1385.00,0.75,
2019-05-14,3294,,1.72,107,1340.00,0.72,
2019-05-15,3294,,1.72,107,,0.72,
2019-05-16,3294,,1.72,107,,0.72,
2019-05-17,3294,,1.76,107,,0.70,
2019-05-20,3294,,1.80,107,,0.69,
2019-05-21,3294,,1.78,107,,0.70,
2019-05-22,3294,,1.72,107,,0.72,
2019-05-23,3294,,1.79,107,,0.69,
2019-05-24,3294,,1.76,107,,0.70,
2019-05-27,3294,,1.77,107,,0.70,
2019-05-28,3294,,1.77,107,,0.70,
2019-05-29,3294,,1.75,107,,0.71,
2019-05-30,3294,,1.72,107,,0.72,
2019-05-31,3294,,1.73,107,,0.72,
2019-06-03,3294,,1.76,107,,0.71,
2019-06-04,3294,,1.76,107,,0.71,
2019-06-05,3294,,1.74,107,,0.72,
2019-06-06,3294,,1.76,107,,0.71,
2019-06-10,3294,,1.77,107,,0.70,
2019-06-11,3294,,1.76,107,,0.71,
2019-06-12,3294,,1.76,107,,0.71,
2019-06-13,3294,,1.75,107,,0.71,
2019-06-14,3294,,1.67,107,,0.74,
2019-06-17,3294,,1.68,107,,0.74,
2019-06-18,3294,,1.69,107,,0.73,
2019-06-19,3294,,1.67,107,,0.74,
2019-06-20,3294,,1.67,107,,0.74,
2019-06-21,3294,,1.66,107,,0.75,
2019-06-24,3294,,1.66,107,,0.75,
2019-06-25,3294,,1.66,107,,0.75,
2019-06-26,3294,,1.64,107,,0.76,
2019-06-27,3294,,1.64,107,,0.76,
2019-06-28,3294,,1.64,107,,0.76,
2019-07-01,3294,,1.64,107,,0.76,
2019-07-02,3294,,1.66,107,,0.75,
2019-07-03,3294,,1.66,107,,0.75,
2019-07-04,3294,,1.68,107,,0.74,
2019-07-05,3294,,1.65,107,,0.75,
2019-07-08,3294,,1.68,107,,0.74,
2019-07-09,3294,,1.70,107,,0.73,
2019-07-10,3294,,1.67,107,,0.74,
2019-07-11,3294,,1.65,107,,0.75,
2019-07-12,3294,,1.66,107,,0.75,
2019-07-15,3294,,1.68,107,,0.74,
2019-07-16,3294,,1.65,107,,0.75,
2019-07-17,3294,,1.65,107,,0.75,
2019-07-18,3294,,1.65,107,,0.75,
2019-07-19,3294,,1.66,107,,0.75,
2019-07-22,3294,,1.66,107,,0.75,
2019-07-23,3294,,1.66,107,,0.75,
2019-07-24,3294,,1.64,107,,0.76,
2019-07-25,3294,,1.65,107,,0.75,
2019-07-26,3294,,1.65,107,,0.75,
2019-07-29,3294,,1.67,107,,0.74,
2019-07-30,3294,,1.68,107,,0.74,
2019-07-31,3294,,1.68,107,,0.74,
2019-08-01,3294,,1.66,107,,0.75,
2019-08-02,3294,,1.67,107,,0.74,
2019-08-05,3294,,1.67,107,,0.74,
2019-08-06,3294,,1.67,107,,0.74,
2019-08-07,3294,,1.70,107,,0.73,
2019-08-08,3294,,1.68,107,,0.74,
2019-08-12,3294,,1.63,107,,0.76,
2019-08-13,3294,,1.63,107,,0.76,
2019-08-14,3294,,1.65,107,,0.75,
2019-08-15,3294,,1.65,107,60.65,0.77,
2019-08-16,3294,,1.63,107,61.30,0.78,
2019-08-19,3294,,1.67,107,60.00,0.76,
2019-08-20,3294,,1.67,107,59.78,0.76,
2019-08-21,3294,,1.67,107,59.78,0.76,
2019-08-22,3294,,1.67,107,59.78,0.76,
2019-08-23,3294,,1.52,107,65.65,0.83,
2019-08-26,3294,,1.48,107,67.61,0.86,
2019-08-27,3294,,1.48,107,67.61,0.86,
2019-08-28,3294,,1.47,107,67.83,0.86,
2019-08-29,3294,,1.43,107,70.00,0.89,
2019-08-30,3294,,1.46,107,68.48,0.87,
2019-09-02,3294,,1.48,107,67.61,0.86,
2019-09-03,3294,,1.43,107,70.00,0.89,
2019-09-04,3294,,1.42,107,70.43,0.90,
2019-09-05,3294,,1.43,107,69.78,0.89,
2019-09-06,3294,,1.43,107,69.78,0.89,
2019-09-09,3294,,1.43,107,69.78,0.89,
2019-09-10,3294,,1.53,107,65.43,0.83,
2019-09-11,3294,,1.55,107,64.57,0.82,
2019-09-12,3294,,1.58,107,63.48,0.81,
2019-09-16,3294,,1.58,107,63.26,0.80,
2019-09-17,3294,,1.57,107,63.70,0.81,
2019-09-18,3294,,1.59,107,63.04,0.80,
2019-09-19,3294,,1.57,107,63.70,0.81,
2019-09-20,3294,,1.56,107,63.91,0.81,
2019-09-23,3294,,1.56,107,64.13,0.82,
2019-09-24,3294,,1.58,107,63.26,0.80,
2019-09-25,3294,,1.59,107,63.04,0.80,
2019-09-26,3294,,1.53,107,65.22,0.83,
2019-09-27,3294,,1.53,107,65.22,0.83,
2019-10-01,3294,,1.50,107,66.74,0.85,
2019-10-02,3294,,1.52,107,65.87,0.84,
2019-10-03,3294,,1.45,107,69.13,0.88,
2019-10-04,3294,,1.48,107,67.61,0.86,
2019-10-07,3294,,1.50,107,66.52,0.85,
2019-10-08,3294,,1.53,107,65.43,0.83,
2019-10-09,3294,,1.52,107,65.87,0.84,
2019-10-14,3294,,1.52,107,65.65,0.83,
2019-10-15,3294,,1.52,107,65.87,0.84,
2019-10-16,3294,,1.53,107,65.43,0.83,
2019-10-17,3294,,1.53,107,65.22,0.83,
2019-10-18,3294,,1.53,107,65.22,0.83,
2019-10-21,3294,,1.54,107,65.00,0.83,
2019-10-22,3294,,1.56,107,64.13,0.82,
2019-10-23,3294,,1.55,107,64.57,0.82,
2019-10-24,3294,,1.54,107,64.78,0.82,
2019-10-25,3294,,1.51,107,66.30,0.84,
2019-10-28,3294,,1.50,107,66.74,0.85,
2019-10-29,3294,,1.52,107,65.87,0.84,
2019-10-30,3294,,1.51,107,66.09,0.84,
2019-10-31,3294,,1.53,107,65.43,0.83,
2019-11-01,3294,,1.54,107,65.00,0.83,
2019-11-04,3294,,1.54,107,65.00,0.83,
2019-11-05,3294,,1.49,107,66.96,0.85,
2019-11-06,3294,,1.50,107,66.52,0.85,
2019-11-07,3294,,1.50,107,66.74,0.85,
2019-11-08,3294,,1.46,107,68.70,0.87,
2019-11-11,3294,,1.49,107,67.17,0.85,
2019-11-12,3294,,1.49,107,67.17,0.85,
2019-11-13,3294,,1.49,107,66.96,0.85,
2019-11-14,3294,,1.50,107,36.43,0.86,
2019-11-15,3294,,1.51,107,36.31,0.85,
2019-11-18,3294,,1.51,107,36.19,0.85,
2019-11-19,3294,,1.51,107,36.19,0.85,
2019-11-20,3294,,1.50,107,36.43,0.86,
2019-11-21,3294,,1.47,107,37.26,0.88,
2019-11-22,3294,,1.47,107,37.14,0.87,
2019-11-25,3294,,1.47,107,37.14,0.87,
2019-11-26,3294,,1.49,107,36.79,0.86,
2019-11-27,3294,,1.49,107,36.79,0.86,
2019-11-28,3294,,1.48,107,36.90,0.87,
2019-11-29,3294,,1.49,107,36.67,0.86,
2019-12-02,3294,,1.51,107,36.31,0.85,
2019-12-03,3294,,1.51,107,36.31,0.85,
2019-12-04,3294,,1.50,107,36.55,0.86,
2019-12-05,3294,,1.51,107,36.31,0.85,
2019-12-06,3294,,1.51,107,36.19,0.85,
2019-12-09,3294,,1.51,107,36.19,0.85,
2019-12-10,3294,,1.53,107,35.71,0.84,
2019-12-11,3294,,1.56,107,35.12,0.82,
2019-12-12,3294,,1.55,107,35.36,0.83,
2019-12-13,3294,,1.55,107,35.36,0.83,
2019-12-16,3294,,1.54,107,35.48,0.83,
2019-12-17,3294,,1.52,107,35.95,0.84,
2019-12-18,3294,,1.53,107,35.71,0.84,
2019-12-19,3294,,1.39,107,39.29,0.92,
2019-12-20,3294,,1.44,107,37.98,0.89,
2019-12-23,3294,,1.47,107,37.14,0.87,
2019-12-24,3294,,1.34,107,40.83,0.96,
2019-12-25,3294,,1.31,107,41.67,0.98,
2019-12-26,3294,,1.33,107,41.19,0.97,
2019-12-27,3294,,1.26,107,43.45,1.02,
2019-12-30,3294,,1.28,107,42.86,1.01,
2019-12-31,3294,,1.28,107,42.62,1.00,
2020-01-02,3294,,1.32,108,41.55,0.98,
2020-01-03,3294,,1.36,108,40.24,0.95,
2020-01-06,3294,,1.41,108,38.93,0.91,
2020-01-07,3294,,1.41,108,38.93,0.91,
2020-01-08,3294,,1.43,108,38.33,0.90,
2020-01-09,3294,,1.41,108,38.81,0.91,
2020-01-10,3294,,1.41,108,38.93,0.91,
2020-01-13,3294,,1.40,108,39.17,0.92,
2020-01-14,3294,,1.39,108,39.40,0.93,
2020-01-15,3294,,1.36,108,40.12,0.94,
2020-01-16,3294,,1.36,108,40.24,0.95,
2020-01-17,3294,,1.40,108,39.17,0.92,
2020-01-20,3294,,1.39,108,39.29,0.92,
2020-01-30,3294,,1.51,108,36.19,0.85,
2020-01-31,3294,,1.54,108,35.60,0.84,
2020-02-03,3294,,1.63,108,33.69,0.79,
2020-02-04,3294,,1.54,108,35.60,0.84,
2020-02-05,3294,,1.56,108,35.12,0.82,
2020-02-06,3294,,1.53,108,35.71,0.84,
2020-02-07,3294,,1.54,108,35.48,0.83,
2020-02-10,3294,,1.54,108,35.48,0.83,
2020-02-11,3294,,1.52,108,36.07,0.85,
2020-02-12,3294,,1.48,108,36.90,0.87,
2020-02-13,3294,,1.51,108,36.19,0.85,
2020-02-14,3294,,1.52,108,36.07,0.85,
2020-02-17,3294,,1.53,108,35.83,0.84,
2020-02-18,3294,,1.53,108,35.83,0.84,
2020-02-19,3294,,1.53,108,35.83,0.84,
2020-02-20,3294,,1.50,108,36.43,0.86,
2020-02-21,3294,,1.52,108,36.07,0.85,
2020-02-24,3294,,1.52,108,36.07,0.85,
2020-02-25,3294,,1.49,108,36.67,0.86,
2020-02-26,3294,,1.50,108,36.43,0.86,
2020-02-27,3294,,1.55,108,35.24,0.83,
2020-03-02,3294,,1.58,108,34.76,0.82,
2020-03-03,3294,,1.54,108,35.48,0.83,
2020-03-04,3294,,1.53,108,35.71,0.84,
2020-03-05,3294,,1.50,108,36.43,0.86,
2020-03-06,3294,,1.50,108,36.43,0.86,
2020-03-09,3294,,1.55,108,35.24,0.83,
2020-03-10,3294,,1.59,108,34.40,0.81,
2020-03-11,3294,,1.61,108,34.05,0.80,
2020-03-12,3294,,1.74,108,31.55,0.74,
2020-03-13,3294,,1.91,108,28.69,0.67,
2020-03-16,3294,,2.52,108,28.33,0.67,
2020-03-17,3294,,2.63,108,27.14,0.64,
2020-03-18,3294,,2.73,108,26.19,0.62,
2020-03-19,3294,,3.03,108,23.57,0.55,
2020-03-20,3294,,2.86,108,25.00,0.59,
2020-03-23,3294,,3.00,108,43.48,0.56,
2020-03-24,3294,,2.94,108,44.35,0.58,
2020-03-25,3294,,2.82,108,46.30,0.60,
2020-03-26,3294,,2.70,108,48.26,0.63,
2020-03-27,3294,,2.79,108,46.74,0.61,
2020-03-30,3294,,2.82,108,46.30,0.60,
2020-03-31,3294,,2.75,108,47.39,0.62,
2020-04-01,3294,,2.65,108,49.13,0.64,
2020-04-06,3294,,2.68,108,48.70,0.63,
2020-04-07,3294,,2.62,108,49.78,0.65,
2020-04-08,3294,,2.44,108,53.48,0.69,
2020-04-09,3294,,2.48,108,52.61,0.68,
2020-04-10,3294,,2.48,108,52.61,0.68,
2020-04-13,3294,,2.47,108,52.83,0.69,
2020-04-14,3294,,2.42,108,53.91,0.70,
2020-04-15,3294,,2.39,108,54.57,0.71,
2020-04-16,3294,,2.41,108,54.13,0.70,
2020-04-17,3294,,2.42,108,53.91,0.70,
2020-04-20,3294,,2.39,108,54.57,0.71,
2020-04-21,3294,,2.42,108,53.91,0.70,
2020-04-22,3294,,2.41,108,54.13,0.70,
2020-04-23,3294,,2.42,108,53.91,0.70,
2020-04-24,3294,,2.40,108,54.35,0.71,
2020-04-27,3294,,2.39,108,54.57,0.71,
2020-04-28,3294,,2.36,108,55.22,0.72,
2020-04-29,3294,,2.35,108,55.43,0.72,
2020-04-30,3294,,2.31,108,56.52,0.73,
2020-05-04,3294,,2.39,108,54.57,0.71,
2020-05-05,3294,,2.36,108,55.22,0.72,
2020-05-06,3294,,2.31,108,56.52,0.73,
2020-05-07,3294,,2.30,108,56.74,0.74,
2020-05-08,3294,,2.26,108,57.83,0.75,
2020-05-11,3294,,2.13,108,61.30,0.80,
2020-05-12,3294,,2.09,108,62.39,0.81,
2020-05-13,3294,,2.08,108,,0.90,
2020-05-14,3294,,2.16,108,,0.87,
2020-05-15,3294,,2.17,108,,0.86,
2020-05-18,3294,,2.19,108,,0.85,
2020-05-19,3294,,2.21,108,,0.85,
2020-05-20,3294,,2.22,108,,0.84,
2020-05-21,3294,,2.18,108,,0.86,
2020-05-22,3294,,2.22,108,,0.84,
2020-05-25,3294,,2.22,108,,0.84,
2020-05-26,3294,,2.24,108,,0.84,
2020-05-27,3294,,2.23,108,,0.84,
2020-05-28,3294,,2.23,108,,0.84,
2020-05-29,3294,,2.23,108,,0.84,
2020-06-01,3294,,2.24,108,,0.84,
2020-06-02,3294,,2.24,108,,0.84,
2020-06-03,3294,,2.23,108,,0.84,
2020-06-04,3294,,2.24,108,,0.84,
2020-06-05,3294,,2.25,108,,0.83,
2020-06-08,3294,,2.20,108,,0.85,
2020-06-09,3294,,2.22,108,,0.84,
2020-06-10,3294,,2.21,108,,0.85,
2020-06-11,3294,,2.03,108,,0.92,
2020-06-12,3294,,2.10,108,,0.89,
2020-06-15,3294,,2.21,108,,0.85,
2020-06-16,3294,,2.19,108,,0.85,
2020-06-17,3294,,2.18,108,,0.86,
2020-06-18,3294,,2.19,108,,0.85,
2020-06-19,3294,,2.22,108,,0.84,
2020-06-22,3294,,2.21,108,,0.85,
2020-06-23,3294,,2.21,108,,0.85,
2020-06-24,3294,,2.22,108,,0.84,
2020-06-29,3294,,2.24,108,,0.84,
2020-06-30,3294,,2.21,108,,0.85,
2020-07-01,3294,,2.21,108,,0.85,
2020-07-02,3294,,2.22,108,,0.84,
2020-07-03,3294,,2.22,108,,0.84,
2020-07-06,3294,,2.21,108,,0.85,
2020-07-07,3294,,2.21,108,,0.85,
2020-07-08,3294,,2.13,108,,0.88,
2020-07-09,3294,,2.11,108,,0.89,
2020-07-10,3294,,2.15,108,,0.87,
2020-07-13,3294,,2.09,108,,0.90,
2020-07-14,3294,,2.12,108,,0.88,
2020-07-15,3294,,2.17,108,,0.86,
2020-07-16,3294,,2.22,108,,0.84,
2020-07-17,3294,,2.28,108,,0.82,
2020-07-20,3294,,2.26,108,,0.83,
2020-07-21,3294,,2.24,108,,0.84,
2020-07-22,3294,,2.22,108,,0.84,
2020-07-23,3294,,2.22,108,,0.84,
2020-07-24,3294,,2.26,108,,0.83,
2020-07-27,3294,,2.24,108,,0.84,
2020-07-28,3294,,2.25,108,,0.83,
2020-07-29,3294,,2.27,108,,0.82,
2020-07-30,3294,,2.19,108,,0.85,
2020-07-31,3294,,2.18,108,,0.86,
2020-08-03,3294,,2.21,108,,0.85,
2020-08-04,3294,,2.20,108,,0.85,
2020-08-05,3294,,2.17,108,,0.86,
2020-08-06,3294,,2.17,108,,0.86,
2020-08-07,3294,,2.17,108,,0.86,
2020-08-10,3294,,2.11,108,,0.89,
2020-08-11,3294,,2.12,108,,0.88,
2020-08-12,3294,,2.16,108,,0.87,
2020-08-13,3294,,2.17,108,,0.88,
2020-08-14,3294,,2.14,108,,0.89,
2020-08-17,3294,,2.11,108,,0.91,
2020-08-18,3294,,2.14,108,,0.89,
2020-08-19,3294,,2.05,108,,0.93,
2020-08-20,3294,,2.01,108,,0.95,
2020-08-21,3294,,1.95,108,,0.98,
2020-08-24,3294,,1.99,108,,0.96,
2020-08-25,3294,,1.97,108,,0.97,
2020-08-26,3294,,2.00,108,,0.96,
2020-08-27,3294,,2.01,108,,0.95,
2020-08-28,3294,,2.00,108,,0.96,
2020-08-31,3294,,1.82,108,,1.05,
2020-09-01,3294,,1.92,108,,1.00,
2020-09-02,3294,,1.82,108,,1.05,
2020-09-03,3294,,1.80,108,,1.07,
2020-09-04,3294,,1.85,108,,1.03,
2020-09-07,3294,,1.84,108,,1.04,
2020-09-08,3294,,1.79,108,,1.07,
2020-09-09,3294,,1.75,108,,1.09,
2020-09-10,3294,,1.81,108,,1.06,
2020-09-11,3294,,1.82,108,,1.05,
2020-09-14,3294,,1.77,108,,1.08,
2020-09-15,3294,,1.78,108,,1.08,
2020-09-16,3294,,1.72,108,,1.11,
2020-09-17,3294,,1.75,108,,1.10,
2020-09-18,3294,,1.75,108,,1.09,
2020-09-21,3294,,1.78,108,,1.08,
2020-09-22,3294,,1.86,108,,1.03,
2020-09-23,3294,,1.91,108,,1.00,
2020-09-24,3294,,1.98,108,,0.97,
2020-09-25,3294,,1.99,108,,0.96,
2020-09-28,3294,,1.98,108,,0.97,
2020-09-29,3294,,2.01,108,,0.95,
2020-09-30,3294,,1.95,108,,0.98,
2020-10-05,3294,,1.95,108,,0.98,
2020-10-06,3294,,1.92,108,,1.00,
2020-10-07,3294,,1.92,108,,1.00,
2020-10-08,3294,,1.82,108,,1.05,
2020-10-12,3294,,1.82,108,,1.05,
2020-10-13,3294,,1.82,108,,1.05,
2020-10-14,3294,,1.82,108,,1.05,
2020-10-15,3294,,1.82,108,,1.05,
2020-10-16,3294,,1.81,108,,1.06,
2020-10-19,3294,,1.76,108,,1.09,
2020-10-20,3294,,1.74,108,,1.10,
2020-10-21,3294,,1.73,108,,1.10,
2020-10-22,3294,,1.79,108,,1.07,
2020-10-23,3294,,1.79,108,,1.07,
2020-10-26,3294,,1.75,108,,1.10,
2020-10-27,3294,,1.77,108,,1.08,
2020-10-28,3294,,1.79,108,,1.07,
2020-10-29,3294,,1.82,108,,1.05,
2020-10-30,3294,,1.84,108,,1.04,
2020-11-02,3294,,1.86,108,,1.03,
2020-11-03,3294,,1.83,108,,1.04,
2020-11-04,3294,,1.80,108,,1.06,
2020-11-05,3294,,1.82,108,,1.05,
2020-11-06,3294,,1.79,108,,1.07,
2020-11-09,3294,,1.69,108,,1.13,
2020-11-10,3294,,1.76,108,,1.09,
2020-11-11,3294,,1.74,108,123.21,1.01,
2020-11-12,3294,,1.72,108,124.29,1.02,
2020-11-13,3294,,1.71,108,125.00,1.03,
2020-11-16,3294,,1.69,108,127.14,1.05,
2020-11-17,3294,,1.60,108,133.93,1.10,
2020-11-18,3294,,1.57,108,136.07,1.12,
2020-11-19,3294,,1.63,108,131.07,1.08,
2020-11-20,3294,,1.57,108,136.07,1.12,
2020-11-23,3294,,1.58,108,135.36,1.11,
2020-11-24,3294,,1.63,108,131.07,1.08,
2020-11-25,3294,,1.63,108,131.79,1.09,
2020-11-26,3294,,1.59,108,134.64,1.11,
2020-11-27,3294,,1.56,108,137.50,1.13,
2020-11-30,3294,,1.54,108,139.29,1.15,
2020-12-01,3294,,1.49,108,144.29,1.19,
2020-12-02,3294,,1.38,108,155.00,1.28,
2020-12-03,3294,,1.26,108,170.36,1.40,
2020-12-04,3294,,1.29,108,166.43,1.37,
2020-12-07,3294,,1.31,108,163.57,1.35,
2020-12-08,3294,,1.33,108,160.71,1.32,
2020-12-09,3294,,1.34,108,159.64,1.31,
2020-12-10,3294,,1.30,108,165.00,1.36,
2020-12-11,3294,,1.35,108,158.21,1.30,
2020-12-14,3294,,1.29,108,166.07,1.37,
2020-12-15,3294,,1.27,108,168.57,1.39,
2020-12-16,3294,,1.27,108,168.57,1.39,
2020-12-17,3294,,1.32,108,162.86,1.34,
2020-12-18,3294,,1.35,108,158.57,1.31,
2020-12-21,3294,,1.36,108,157.14,1.29,
2020-12-22,3294,,1.40,108,152.86,1.26,
2020-12-23,3294,,1.40,108,153.57,1.26,
2020-12-24,3294,,1.36,108,157.50,1.30,
2020-12-25,3294,,1.36,108,157.86,1.30,
2020-12-28,3294,,1.34,108,160.00,1.32,
2020-12-29,3294,,1.35,108,158.21,1.30,
2020-12-30,3294,,1.35,108,158.57,1.31,
2020-12-31,3294,,1.38,108,155.00,1.28,
2021-01-04,3294,,1.37,109,156.79,1.29,
2021-01-05,3294,,1.34,109,159.64,1.31,
2021-01-06,3294,,1.43,109,149.64,1.23,
2021-01-07,3294,,1.49,109,143.57,1.18,
2021-01-08,3294,,1.50,109,143.21,1.18,
2021-01-11,3294,,1.49,109,144.29,1.19,
2021-01-12,3294,,1.53,109,140.00,1.15,
2021-01-13,3294,,1.53,109,140.00,1.15,
2021-01-14,3294,,1.53,109,140.00,1.15,
2021-01-15,3294,,1.61,109,133.21,1.10,
2021-01-18,3294,,1.60,109,134.29,1.11,
2021-01-19,3294,,1.66,109,129.29,1.06,
2021-01-20,3294,,1.66,109,128.93,1.06,
2021-01-21,3294,,1.73,109,123.57,1.02,
2021-01-22,3294,,1.75,109,122.50,1.01,
2021-01-25,3294,,1.75,109,122.14,1.01,
2021-01-26,3294,,1.76,109,121.43,1.00,
2021-01-27,3294,,1.74,109,122.86,1.01,
2021-01-28,3294,,1.74,109,123.21,1.01,
2021-01-29,3294,,1.74,109,122.86,1.01,
2021-02-01,3294,,1.74,109,122.86,1.01,
2021-02-02,3294,,1.74,109,122.86,1.01,
2021-02-03,3294,,1.73,109,123.57,1.02,
2021-02-04,3294,,1.76,109,121.43,1.00,
2021-02-05,3294,,1.75,109,122.14,1.01,
2021-02-17,3294,,1.75,109,122.50,1.01,
2021-02-18,3294,,1.66,109,128.93,1.06,
2021-02-19,3294,,1.66,109,129.29,1.06,
2021-02-22,3294,,1.67,109,128.21,1.06,
2021-02-23,3294,,1.64,109,130.71,1.08,
2021-02-24,3294,,1.53,109,139.64,1.15,
2021-02-25,3294,,1.56,109,137.14,1.13,
2021-02-26,3294,,1.60,109,133.57,1.10,
2021-03-02,3294,,1.60,109,133.93,1.10,
2021-03-03,3294,,1.60,109,134.29,1.11,
2021-03-04,3294,,1.58,109,135.36,1.11,
2021-03-05,3294,,1.51,109,141.79,1.17,
2021-03-08,3294,,1.57,109,136.07,1.12,
2021-03-09,3294,,1.55,109,137.86,1.14,
2021-03-10,3294,,1.53,109,139.64,1.15,
2021-03-11,3294,,1.40,109,153.57,1.26,
2021-03-12,3294,,1.39,109,154.29,1.27,
2021-03-15,3294,,1.42,109,150.71,1.24,
2021-03-16,3294,,1.34,109,160.00,1.32,
2021-03-17,3294,,1.22,109,175.71,1.45,
2021-03-18,3294,,1.20,109,178.57,1.47,
2021-03-19,3294,,1.09,109,196.43,1.62,
2021-03-22,3294,,1.65,109,216.07,1.78,
2021-03-23,3294,,1.75,109,43.92,1.54,
2021-03-24,3294,,1.66,109,46.46,1.63,
2021-03-25,3294,,1.74,109,44.15,1.55,
2021-03-26,3294,,1.72,109,44.62,1.57,
2021-03-29,3294,,1.64,109,47.00,1.65,
2021-03-30,3294,,1.61,109,47.92,1.69,
2021-03-31,3294,,1.66,109,46.46,1.63,
2021-04-01,3294,,1.69,109,45.54,1.60,
2021-04-06,3294,,1.72,109,44.77,1.57,
2021-04-07,3294,,1.60,109,48.15,1.69,
2021-04-08,3294,,1.68,109,45.92,1.62,
2021-04-09,3294,,1.81,109,42.46,1.49,
2021-04-12,3294,,1.87,109,41.15,1.45,
2021-04-13,3294,,1.92,109,40.15,1.41,
2021-04-14,3294,,1.97,109,39.08,1.37,
2021-04-15,3294,,1.94,109,39.62,1.39,
2021-04-16,3294,,1.91,109,40.23,1.42,
2021-04-19,3294,,1.95,109,39.54,1.39,
2021-04-20,3294,,1.94,109,39.62,1.39,
2021-04-21,3294,,1.92,109,40.08,1.41,
2021-04-22,3294,,2.04,109,37.69,1.33,
2021-04-23,3294,,1.97,109,39.00,1.37,
2021-04-26,3294,,1.98,109,38.85,1.37,
2021-04-27,3294,,1.93,109,39.77,1.40,
2021-04-28,3294,,1.94,109,39.69,1.40,
2021-04-29,3294,,1.92,109,40.00,1.41,
2021-05-03,3294,,2.04,109,37.69,1.33,
2021-05-04,3294,,2.21,109,11.36,1.22,
2021-05-05,3294,,2.27,109,11.06,1.19,
2021-05-06,3294,,2.25,109,11.16,1.20,
2021-05-07,3294,,2.14,109,11.76,1.26,
2021-05-10,3294,,2.16,109,11.63,1.25,
2021-05-11,3294,,2.40,109,10.48,1.13,
2021-05-12,3294,,2.65,109,9.50,1.02,
2021-05-13,3294,,2.56,109,9.82,1.06,
2021-05-14,3294,,2.58,109,9.75,1.05,
2021-05-17,3294,,2.84,109,8.84,0.95,
2021-05-18,3294,,2.58,109,9.72,1.05,
2021-05-19,3294,,2.50,109,10.05,1.08,
2021-05-20,3294,,2.53,109,9.95,1.07,
2021-05-21,3294,,2.49,109,10.10,1.09,
2021-05-24,3294,,2.49,109,10.10,1.09,
2021-05-25,3294,,2.44,109,10.28,1.11,
2021-05-26,3294,,2.45,109,10.25,1.10,
2021-05-27,3294,,2.48,109,10.15,1.09,
2021-05-28,3294,,2.43,109,10.35,1.11,
2021-05-31,3294,,2.38,109,10.58,1.14,
2021-06-01,3294,,2.36,109,10.63,1.14,
2021-06-02,3294,,2.40,109,10.48,1.13,
2021-06-03,3294,,2.30,109,10.90,1.17,
2021-06-04,3294,,2.19,109,11.48,1.24,
2021-06-07,3294,,2.25,109,11.16,1.20,
2021-06-08,3294,,2.19,109,11.48,1.24,
2021-06-09,3294,,2.10,109,11.96,1.29,
2021-06-10,3294,,2.17,109,11.56,1.24,
2021-06-11,3294,,2.24,109,11.23,1.21,
2021-06-15,3294,,2.28,109,11.01,1.18,
2021-06-16,3294,,2.31,109,10.88,1.17,
2021-06-17,3294,,2.27,109,11.06,1.19,
2021-06-18,3294,,2.29,109,10.98,1.18,
2021-06-21,3294,,2.40,109,10.45,1.12,
2021-06-22,3294,,2.39,109,10.50,1.13,
2021-06-23,3294,,2.28,109,11.01,1.18,
2021-06-24,3294,,2.24,109,11.23,1.21,
2021-06-25,3294,,2.25,109,11.16,1.20,
2021-06-28,3294,,2.27,109,11.08,1.19,
2021-06-29,3294,,2.32,109,10.83,1.16,
2021-06-30,3294,,2.34,109,10.75,1.16,
2021-07-01,3294,,2.38,109,10.58,1.14,
2021-07-02,3294,,2.35,109,10.68,1.15,
2021-07-05,3294,,2.32,109,10.83,1.16,
2021-07-06,3294,,2.37,109,10.60,1.14,
2021-07-07,3294,,2.38,109,10.58,1.14,
2021-07-08,3294,,2.40,109,10.48,1.13,
2021-07-09,3294,,2.37,109,10.60,1.14,
2021-07-12,3294,,2.35,109,10.70,1.15,
2021-07-13,3294,,2.40,109,10.45,1.12,
2021-07-14,3294,,2.44,109,10.30,1.11,
2021-07-15,3294,,2.39,109,10.53,1.13,
2021-07-16,3294,,2.40,109,10.48,1.13,
2021-07-19,3294,,2.44,109,10.30,1.11,
2021-07-20,3294,,2.50,109,10.05,1.08,
2021-07-21,3294,,2.58,109,9.75,1.05,
2021-07-22,3294,,2.56,109,9.80,1.05,
2021-07-23,3294,,2.51,109,10.00,1.08,
2021-07-26,3294,,2.50,109,10.05,1.08,
2021-07-27,3294,,2.54,109,9.87,1.06,
2021-07-28,3294,,2.61,109,9.62,1.04,
2021-07-29,3294,,2.58,109,9.75,1.05,
2021-07-30,3294,,2.62,109,9.57,1.03,
2021-08-02,3294,,2.60,109,9.67,1.04,
2021-08-03,3294,,2.60,109,9.65,1.04,
2021-08-04,3294,,2.54,109,9.90,1.06,
2021-08-05,3294,,2.57,109,9.77,1.05,
2021-08-06,3294,,2.61,109,9.62,1.04,
2021-08-09,3294,,2.62,109,9.57,1.03,
2021-08-10,3294,,2.67,109,9.42,1.01,
2021-08-11,3294,,2.72,109,9.25,0.99,
2021-08-12,3294,,2.72,109,10.05,1.00,
2021-08-13,3294,,2.79,109,9.78,0.97,
2021-08-16,3294,,2.79,109,9.78,0.97,
2021-08-17,3294,,2.88,109,9.48,0.94,
2021-08-18,3294,,2.87,109,9.54,0.94,
2021-08-19,3294,,2.91,109,9.40,0.93,
2021-08-20,3294,,2.89,109,9.45,0.94,
2021-08-23,3294,,2.78,109,9.84,0.97,
2021-08-24,3294,,2.87,109,9.51,0.94,
2021-08-25,3294,,2.85,109,9.59,0.95,
2021-08-26,3294,,2.82,109,9.67,0.96,
2021-08-27,3294,,2.79,109,9.78,0.97,
2021-08-30,3294,,2.82,109,9.67,0.96,
2021-08-31,3294,,2.86,109,9.56,0.95,
2021-09-01,3294,,2.86,109,9.56,0.95,
2021-09-02,3294,,2.92,109,9.34,0.92,
2021-09-03,3294,,2.92,109,9.34,0.92,
2021-09-06,3294,,2.93,109,9.32,0.92,
2021-09-07,3294,,3.00,109,9.10,0.90,
2021-09-08,3294,,3.07,109,8.91,0.88,
2021-09-09,3294,,3.03,109,9.02,0.89,
2021-09-10,3294,,3.01,109,9.07,0.90,
2021-09-13,3294,,2.97,109,9.21,0.91,
2021-09-14,3294,,2.82,109,9.67,0.96,
2021-09-15,3294,,2.92,109,9.37,0.93,
2021-09-16,3294,,2.99,109,9.15,0.91,
2021-09-17,3294,,2.99,109,9.15,0.91,
2021-09-22,3294,,3.00,109,9.10,0.90,
2021-09-23,3294,,2.99,109,9.15,0.91,
2021-09-24,3294,,2.99,109,9.13,0.90,
2021-09-27,3294,,2.97,109,9.21,0.91,
2021-09-28,3294,,2.70,109,10.11,1.00,
2021-09-29,3294,,2.65,109,10.30,1.02,
2021-09-30,3294,,2.62,109,10.41,1.03,
2021-10-01,3294,,2.82,109,9.67,0.96,
2021-10-04,3294,,2.66,109,10.27,1.02,
2021-10-05,3294,,2.42,109,11.28,1.12,
2021-10-06,3294,,2.35,109,11.64,1.15,
2021-10-07,3294,,2.34,109,11.69,1.16,
2021-10-08,3294,,2.36,109,11.56,1.14,
2021-10-12,3294,,2.51,109,10.90,1.08,
2021-10-13,3294,,2.67,109,10.22,1.01,
2021-10-14,3294,,2.43,109,11.23,1.11,
2021-10-15,3294,,2.40,109,11.39,1.13,
2021-10-18,3294,,2.58,109,10.57,1.05,
2021-10-19,3294,,2.54,109,10.77,1.07,
2021-10-20,3294,,2.56,109,10.66,1.05,
2021-10-21,3294,,2.57,109,10.63,1.05,
2021-10-22,3294,,2.61,109,10.46,1.04,
2021-10-25,3294,,2.69,109,10.16,1.01,
2021-10-26,3294,,2.70,109,10.14,1.00,
2021-10-27,3294,,2.67,109,10.22,1.01,
2021-10-28,3294,,2.67,109,10.22,1.01,
2021-10-29,3294,,2.43,109,11.23,1.11,
2021-11-01,3294,,2.21,109,12.35,1.22,
2021-11-02,3294,,2.19,109,12.49,1.24,
2021-11-03,3294,,2.10,109,13.01,1.29,
2021-11-04,3294,,2.20,109,12.43,1.23,
2021-11-05,3294,,2.26,109,12.08,1.20,
2021-11-08,3294,,2.15,109,12.70,1.26,
2021-11-09,3294,,2.15,109,12.73,1.26,
2021-11-10,3294,,2.20,109,12.43,1.23,
2021-11-11,3294,,2.00,109,13.66,1.35,
2021-11-12,3294,,2.05,109,33.82,1.38,
2021-11-15,3294,,2.09,109,33.19,1.35,
2021-11-16,3294,,2.14,109,32.50,1.33,
2021-11-17,3294,,2.12,109,32.71,1.33,
2021-11-18,3294,,2.19,109,31.67,1.29,
2021-11-19,3294,,2.22,109,31.25,1.27,
2021-11-22,3294,,2.19,109,31.67,1.29,
2021-11-23,3294,,2.31,109,30.07,1.23,
2021-11-24,3294,,2.31,109,30.07,1.23,
2021-11-25,3294,,2.23,109,31.18,1.27,
2021-11-26,3294,,2.03,109,34.24,1.40,
2021-11-29,3294,,1.91,109,36.39,1.48,
2021-11-30,3294,,1.74,109,40.00,1.63,
2021-12-01,3294,,1.58,109,43.96,1.79,
2021-12-02,3294,,1.53,109,45.28,1.85,
2021-12-03,3294,,1.52,109,45.76,1.87,
2021-12-06,3294,,1.38,109,50.28,2.05,
2021-12-07,3294,,1.38,109,50.49,2.06,
2021-12-08,3294,,1.30,109,53.40,2.18,
2021-12-09,3294,,1.38,109,50.21,2.05,
2021-12-10,3294,,1.39,109,50.00,2.04,
2021-12-13,3294,,1.35,109,51.39,2.10,
2021-12-14,3294,,1.47,109,47.15,1.92,
2021-12-15,3294,,1.43,109,48.61,1.98,
2021-12-16,3294,,1.46,109,47.57,1.94,
2021-12-17,3294,,1.49,109,46.74,1.91,
2021-12-20,3294,,1.59,109,43.68,1.78,
2021-12-21,3294,,1.58,109,43.82,1.79,
2021-12-22,3294,,1.60,109,43.40,1.77,
2021-12-23,3294,,1.48,109,46.88,1.91,
2021-12-24,3294,,1.49,109,46.46,1.90,
2021-12-27,3294,,1.58,109,43.96,1.79,
2021-12-28,3294,,1.54,109,45.00,1.84,
2021-12-29,3294,,1.58,109,43.96,1.79,
2021-12-30,3294,,1.65,109,42.15,1.72,
2022-01-03,3294,,1.69,110,41.11,1.68,
2022-01-04,3294,,1.62,110,42.85,1.75,
2022-01-05,3294,,1.75,110,39.58,1.61,
2022-01-06,3294,,1.77,110,39.24,1.60,
2022-01-07,3294,,1.86,110,37.43,1.53,
2022-01-10,3294,,1.89,110,36.81,1.50,
2022-01-11,3294,,1.91,110,36.32,1.48,
2022-01-12,3294,,1.95,110,35.63,1.45,
2022-01-13,3294,,1.94,110,35.83,1.46,
2022-01-14,3294,,2.09,110,33.26,1.36,
2022-01-17,3294,,1.94,110,35.83,1.46,
2022-01-18,3294,,1.98,110,35.14,1.43,
2022-01-19,3294,,1.96,110,35.49,1.45,
2022-01-20,3294,,2.01,110,34.58,1.41,
2022-01-21,3294,,2.09,110,33.19,1.35,
2022-01-24,3294,,2.07,110,33.61,1.37,
2022-01-25,3294,,2.13,110,32.64,1.33,
2022-01-26,3294,,2.13,110,32.57,1.33,
2022-02-07,3294,,2.00,110,34.65,1.41,
2022-02-08,3294,,2.00,110,34.72,1.42,
2022-02-09,3294,,1.82,110,38.19,1.56,
2022-02-10,3294,,1.92,110,36.11,1.47,
2022-02-11,3294,,1.92,110,36.11,1.47,
2022-02-14,3294,,2.04,110,34.03,1.39,
2022-02-15,3294,,2.04,110,34.03,1.39,
2022-02-16,3294,,1.93,110,35.97,1.47,
2022-02-17,3294,,1.97,110,35.28,1.44,
2022-02-18,3294,,1.96,110,35.35,1.44,
2022-02-21,3294,,2.00,110,34.72,1.42,
2022-02-22,3294,,2.07,110,33.47,1.37,
2022-02-23,3294,,2.04,110,33.96,1.39,
2022-02-24,3294,,2.16,110,32.15,1.31,
2022-02-25,3294,,2.14,110,32.43,1.32,
2022-03-01,3294,,2.08,110,33.33,1.36,
2022-03-02,3294,,2.06,110,33.75,1.38,
2022-03-03,3294,,2.07,110,33.54,1.37,
2022-03-04,3294,,2.12,110,32.78,1.34,
2022-03-07,3294,,2.25,110,30.83,1.26,
2022-03-08,3294,,2.38,110,29.17,1.19,
2022-03-09,3294,,2.34,110,29.65,1.21,
2022-03-10,3294,,2.29,110,30.35,1.24,
2022-03-11,3294,,2.35,110,29.51,1.20,
2022-03-14,3294,,2.34,110,29.65,1.21,
2022-03-15,3294,,2.50,110,27.78,1.13,
2022-03-16,3294,,2.49,110,27.92,1.14,
2022-03-17,3294,,2.36,110,29.38,1.20,
2022-03-18,3294,,2.30,110,30.14,1.23,
2022-03-21,3294,,1.15,110,30.14,1.23,
2022-03-22,3294,,1.13,110,30.76,1.25,
2022-03-23,3294,,1.13,110,30.76,1.25,
2022-03-24,3294,,1.08,110,32.15,1.31,
2022-03-25,3294,,1.11,110,125.28,1.25,
2022-03-28,3294,,1.09,110,127.50,1.28,
2022-03-29,3294,,1.10,110,125.83,1.26,
2022-03-30,3294,,1.07,110,129.72,1.30,
2022-03-31,3294,,1.12,110,124.44,1.25,
2022-04-01,3294,,1.11,110,124.72,1.25,
2022-04-06,3294,,1.12,110,124.17,1.24,
2022-04-07,3294,,1.16,110,119.44,1.20,
2022-04-08,3294,,1.15,110,121.11,1.21,
2022-04-11,3294,,1.20,110,115.56,1.16,
2022-04-12,3294,,1.19,110,116.67,1.17,
2022-04-13,3294,,1.15,110,120.83,1.21,
2022-04-14,3294,,1.05,110,132.78,1.33,
2022-04-15,3294,,1.13,110,122.78,1.23,
2022-04-18,3294,,1.16,110,119.44,1.20,
2022-04-19,3294,,1.10,110,126.11,1.26,
2022-04-20,3294,,1.10,110,125.83,1.26,
2022-04-21,3294,,1.09,110,127.22,1.27,
2022-04-22,3294,,1.08,110,128.33,1.29,
2022-04-25,3294,,1.14,110,121.94,1.22,
2022-04-26,3294,,1.10,110,126.11,1.26,
2022-04-27,3294,,1.13,110,123.06,1.23,
2022-04-28,3294,,1.09,110,127.78,1.28,
2022-04-29,3294,,1.11,110,124.72,1.25,
2022-05-03,3294,,1.11,110,124.72,1.25,
2022-05-04,3294,,1.12,110,123.89,1.24,
2022-05-05,3294,,1.12,110,123.61,1.24,
2022-05-06,3294,,1.16,110,,1.15,
2022-05-09,3294,,1.23,110,,1.09,
2022-05-10,3294,,1.23,110,,1.09,
2022-05-11,3294,,1.26,110,,1.06,
2022-05-12,3294,,1.30,110,,1.03,
2022-05-13,3294,,1.28,110,,1.05,
2022-05-16,3294,,1.28,110,,1.05,
2022-05-17,3294,,1.24,110,,1.08,
2022-05-18,3294,,1.22,110,,1.10,
2022-05-19,3294,,1.23,110,,1.09,
2022-05-20,3294,,1.22,110,,1.10,
2022-05-23,3294,,1.15,110,,1.16,
2022-05-24,3294,,1.20,110,,1.11,
2022-05-25,3294,,1.18,110,,1.14,
2022-05-26,3294,,1.16,110,,1.15,
2022-05-27,3294,,1.14,110,,1.17,
2022-05-30,3294,,1.13,110,,1.18,
2022-05-31,3294,,1.13,110,,1.18,
2022-06-01,3294,,1.11,110,,1.20,
2022-06-02,3294,,1.12,110,,1.19,
2022-06-06,3294,,1.12,110,,1.20,
2022-06-07,3294,,1.10,110,,1.22,
2022-06-08,3294,,1.12,110,,1.19,
2022-06-09,3294,,1.12,110,,1.20,
2022-06-10,3294,,1.13,110,,1.18,
2022-06-13,3294,,1.14,110,,1.18,
2022-06-14,3294,,1.10,110,,1.21,
2022-06-15,3294,,1.10,110,,1.21,
2022-06-16,3294,,1.13,110,,1.21,
2022-06-17,3294,,1.16,110,,1.17,
2022-06-20,3294,,1.28,110,,1.06,
2022-06-21,3294,,1.25,110,,1.08,
2022-06-22,3294,,1.31,110,,1.04,
2022-06-23,3294,,1.33,110,,1.02,
2022-06-24,3294,,1.30,110,,1.04,
2022-06-27,3294,,1.23,110,,1.10,
2022-06-28,3294,,1.27,110,,1.07,
2022-06-29,3294,,1.28,110,,1.06,
2022-06-30,3294,,1.36,110,,1.00,
2022-07-01,3294,,1.44,110,,0.94,
2022-07-04,3294,,1.47,110,,0.92,
2022-07-05,3294,,1.43,110,,0.95,
2022-07-06,3294,,1.49,110,,0.91,
2022-07-07,3294,,1.44,110,,0.94,
2022-07-08,3294,,1.42,110,,0.96,
2022-07-11,3294,,1.36,110,,0.99,
2022-07-12,3294,,1.44,110,,0.94,
2022-07-13,3294,,1.39,110,,0.98,
2022-07-14,3294,,1.36,110,,1.00,
2022-07-15,3294,,1.35,110,,1.01,
2022-07-18,3294,,1.32,110,,1.03,
2022-07-19,3294,,1.34,110,,1.02,
2022-07-20,3294,,1.33,110,,1.02,
2022-07-21,3294,,1.30,110,,1.04,
2022-07-22,3294,,1.27,110,,1.07,
2022-07-25,3294,,1.28,110,,1.06,
2022-07-26,3294,,1.32,110,,1.03,
2022-07-27,3294,,1.28,110,,1.06,
2022-07-28,3294,,1.27,110,,1.07,
2022-07-29,3294,,1.24,110,,1.09,
2022-08-01,3294,,1.26,110,,1.08,
2022-08-02,3294,,1.31,110,,1.03,
2022-08-03,3294,,1.34,110,,1.01,
2022-08-04,3294,,1.33,110,,1.02,
2022-08-05,3294,,1.28,110,,1.06,
2022-08-08,3294,,1.28,110,,1.06,
2022-08-09,3294,,1.28,110,,1.06,
2022-08-10,3294,,1.24,110,,1.10,
2022-08-11,3294,,1.24,110,,1.10,
2022-08-12,3294,,1.21,110,,1.24,
2022-08-15,3294,,1.21,110,,1.24,
2022-08-16,3294,,1.22,110,,1.23,
2022-08-17,3294,,1.22,110,,1.23,
2022-08-18,3294,,1.20,110,,1.26,
2022-08-19,3294,,1.17,110,,1.28,
2022-08-22,3294,,1.19,110,,1.26,
2022-08-23,3294,,1.19,110,,1.27,
2022-08-24,3294,,1.19,110,,1.26,
2022-08-25,3294,,1.18,110,,1.27,
2022-08-26,3294,,1.18,110,,1.28,
2022-08-29,3294,,1.20,110,,1.25,
2022-08-30,3294,,1.16,110,,1.29,
2022-08-31,3294,,1.16,110,,1.30,
2022-09-01,3294,,1.18,110,,1.27,
2022-09-02,3294,,1.18,110,,1.28,
2022-09-05,3294,,1.20,110,,1.25,
2022-09-06,3294,,1.27,110,,1.18,
2022-09-07,3294,,1.29,110,,1.17,
2022-09-08,3294,,1.29,110,,1.17,
2022-09-12,3294,,1.25,110,,1.20,
2022-09-13,3294,,1.24,110,,1.21,
2022-09-14,3294,,1.23,110,,1.22,
2022-09-15,3294,,1.25,110,,1.20,
2022-09-16,3294,,1.27,110,,1.19,
2022-09-19,3294,,1.28,110,,1.17,
2022-09-20,3294,,1.28,110,,1.17,
2022-09-21,3294,,1.28,110,,1.17,
2022-09-22,3294,,1.29,110,,1.17,
2022-09-23,3294,,1.32,110,,1.14,
2022-09-26,3294,,1.44,110,,1.04,
2022-09-27,3294,,1.41,110,,1.07,
2022-09-28,3294,,1.46,110,,1.03,
2022-09-29,3294,,1.47,110,,1.02,
2022-09-30,3294,,1.47,110,,1.02,
2022-10-03,3294,,1.45,110,,1.04,
2022-10-04,3294,,1.36,110,,1.10,
2022-10-05,3294,,1.39,110,,1.08,
2022-10-06,3294,,1.39,110,,1.08,
2022-10-07,3294,,1.42,110,,1.06,
2022-10-11,3294,,1.49,110,,1.01,
2022-10-12,3294,,1.48,110,,1.02,
2022-10-13,3294,,1.57,110,,0.96,
2022-10-14,3294,,1.50,110,,1.00,
2022-10-17,3294,,1.53,110,,0.98,
2022-10-18,3294,,1.53,110,,0.98,
2022-10-19,3294,,1.53,110,,0.98,
2022-10-20,3294,,1.55,110,,0.97,
2022-10-21,3294,,1.58,110,,0.95,
2022-10-24,3294,,1.58,110,,0.95,
2022-10-25,3294,,1.57,110,,0.96,
2022-10-26,3294,,1.60,110,,0.94,
2022-10-27,3294,,1.56,110,,0.96,
2022-10-28,3294,,1.61,110,,0.94,
2022-10-31,3294,,1.57,110,,0.96,
2022-11-01,3294,,1.55,110,,0.97,
2022-11-02,3294,,1.54,110,,0.98,
2022-11-03,3294,,1.53,110,,0.98,
2022-11-04,3294,,1.51,110,,1.00,
2022-11-07,3294,,1.50,110,,1.00,
2022-11-08,3294,,1.50,110,,1.00,
2022-11-09,3294,,1.50,110,,1.00,
2022-11-10,3294,,1.51,110,,0.99,
2022-11-11,3294,,1.47,110,,0.98,
2022-11-14,3294,,1.47,110,,0.98,
2022-11-15,3294,,1.46,110,,0.98,
2022-11-16,3294,,1.48,110,,0.97,
2022-11-17,3294,,1.48,110,,0.97,
2022-11-18,3294,,1.49,110,,0.96,
2022-11-21,3294,,1.50,110,,0.96,
2022-11-22,3294,,1.52,110,,0.94,
2022-11-23,3294,,1.52,110,,0.94,
2022-11-24,3294,,1.52,110,,0.95,
2022-11-25,3294,,1.52,110,,0.95,
2022-11-28,3294,,1.50,110,,0.96,
2022-11-29,3294,,1.48,110,,0.97,
2022-11-30,3294,,1.45,110,,0.99,
2022-12-01,3294,,1.44,110,,1.00,
2022-12-02,3294,,1.42,110,,1.01,
2022-12-05,3294,,1.40,110,,1.03,
2022-12-06,3294,,1.43,110,,1.01,
2022-12-07,3294,,1.45,110,,0.99,
2022-12-08,3294,,1.45,110,,0.99,
2022-12-09,3294,,1.43,110,,1.01,
2022-12-12,3294,,1.40,110,,1.03,
2022-12-13,3294,,1.36,110,,1.06,
2022-12-14,3294,,1.38,110,,1.05,
2022-12-15,3294,,1.40,110,,1.03,
2022-12-16,3294,,1.44,110,,1.00,
2022-12-19,3294,,1.45,110,,0.99,
2022-12-20,3294,,1.49,110,,0.97,
2022-12-21,3294,,1.50,110,,0.96,
2022-12-22,3294,,1.49,110,,0.97,
2022-12-23,3294,,1.47,110,,0.98,
2022-12-26,3294,,1.47,110,,0.98,
2022-12-27,3294,,1.47,110,,0.98,
2022-12-28,3294,,1.51,110,,0.96,
2022-12-29,3294,,1.51,110,,0.96,
2022-12-30,3294,,1.50,110,,0.96,
2023-01-03,3294,,1.49,111,,0.96,
2023-01-04,3294,,1.49,111,,0.96,
2023-01-05,3294,,1.49,111,,0.97,
2023-01-06,3294,,1.50,111,,0.96,
2023-01-09,3294,,1.50,111,,0.96,
2023-01-10,3294,,1.51,111,,0.96,
2023-01-11,3294,,1.46,111,,0.98,
2023-01-12,3294,,1.49,111,,0.96,
2023-01-13,3294,,1.48,111,,0.97,
2023-01-16,3294,,1.50,111,,0.96,
2023-01-17,3294,,1.50,111,,0.96,
2023-01-30,3294,,1.50,111,,0.96,
2023-01-31,3294,,1.48,111,,0.97,
2023-02-01,3294,,1.48,111,,0.97,
2023-02-02,3294,,1.41,111,,1.02,
2023-02-03,3294,,1.42,111,,1.01,
2023-02-06,3294,,1.43,111,,1.01,
2023-02-07,3294,,1.43,111,,1.00,
2023-02-08,3294,,1.42,111,,1.01,
2023-02-09,3294,,1.43,111,,1.01,
2023-02-10,3294,,1.45,111,,0.99,
2023-02-13,3294,,1.47,111,,0.98,
2023-02-14,3294,,1.46,111,,0.99,
2023-02-15,3294,,1.45,111,,0.99,
2023-02-16,3294,,1.44,111,,1.00,
2023-02-17,3294,,1.44,111,,1.00,
2023-02-20,3294,,1.43,111,,1.00,
2023-02-21,3294,,1.43,111,,1.01,
2023-02-22,3294,,1.43,111,,1.01,
2023-02-23,3294,,1.43,111,,1.01,
2023-02-24,3294,,1.44,111,,1.00,
2023-03-01,3294,,1.44,111,,1.00,
2023-03-02,3294,,1.44,111,,1.00,
2023-03-03,3294,,1.43,111,,1.00,
2023-03-06,3294,,1.42,111,,1.02,
2023-03-07,3294,,1.40,111,,1.03,
2023-03-08,3294,,1.40,111,,1.03,
2023-03-09,3294,,1.36,111,,1.06,
2023-03-10,3294,,1.40,111,,1.03,
2023-03-13,3294,,1.39,111,,1.03,
2023-03-14,3294,,1.41,111,,1.02,
2023-03-15,3294,,1.41,111,,1.02,
2023-03-16,3294,,0.00,111,,1.00,
2023-03-17,3294,,0.00,111,,1.00,
2023-03-20,3294,,0.00,111,,1.00,
2023-03-21,3294,,0.00,111,,1.00,
2023-03-22,3294,,0.00,111,,1.03,
2023-03-23,3294,,0.00,111,,1.13,
2023-03-24,3294,,0.00,111,,1.17,
2023-03-27,3294,,0.00,111,,1.13,
2023-03-28,3294,,0.00,111,,1.12,
2023-03-29,3294,,0.00,111,,1.12,
2023-03-30,3294,,0.00,111,,1.13,
2023-03-31,3294,,0.00,111,,1.12,
2023-04-06,3294,,0.00,111,,1.11,
2023-04-07,3294,,0.00,111,,1.14,
2023-04-10,3294,,0.00,111,,1.16,
2023-04-11,3294,,0.00,111,,1.14,
2023-04-12,3294,,0.00,111,,1.14,
2023-04-13,3294,,0.00,111,,1.13,
2023-04-14,3294,,0.00,111,,1.11,
2023-04-17,3294,,0.00,111,,1.12,
2023-04-18,3294,,0.00,111,,1.12,
2023-04-19,3294,,0.00,111,,1.11,
2023-04-20,3294,,0.00,111,,1.09,
2023-04-21,3294,,0.00,111,,1.04,
2023-04-24,3294,,0.00,111,,1.05,
2023-04-25,3294,,0.00,111,,1.12,
2023-04-26,3294,,0.00,111,,1.07,
2023-04-27,3294,,0.00,111,,1.06,
2023-04-28,3294,,0.00,111,,1.11,
2023-05-02,3294,,0.00,111,,1.09,
2023-05-03,3294,,0.00,111,,1.08,
2023-05-04,3294,,0.00,111,,1.08,
2023-05-05,3294,,0.00,111,,1.07,
2023-05-08,3294,,0.00,111,,1.07,
2023-05-09,3294,,0.00,111,,1.05,
2023-05-10,3294,,0.00,111,,1.04,
2023-05-11,3294,,0.00,111,,1.03,
2023-05-12,3294,,0.00,111,,1.07,
2023-05-15,3294,,0.00,111,,1.07,
2023-05-16,3294,,0.00,111,,1.07,
2023-05-17,3294,,0.00,111,,1.08,
2023-05-18,3294,,0.00,111,,1.08,
2023-05-19,3294,,0.00,111,,1.08,
2023-05-22,3294,,0.00,111,,1.09,
2023-05-23,3294,,0.00,111,,1.10,
2023-05-24,3294,,0.00,111,,1.09,
2023-05-25,3294,,0.00,111,,1.09,
2023-05-26,3294,,0.00,111,,1.08,
2023-05-29,3294,,0.00,111,,1.10,
2023-05-30,3294,,0.00,111,,1.11,
2023-05-31,3294,,0.00,111,,1.12,
2023-06-01,3294,,0.00,111,,1.13,
2023-06-02,3294,,0.00,111,,1.13,
2023-06-05,3294,,0.00,111,,1.13,
2023-06-06,3294,,0.00,111,,1.12,
2023-06-07,3294,,0.00,111,,1.13,
2023-06-08,3294,,0.00,111,,1.13,
2023-06-09,3294,,0.00,111,,1.12,
2023-06-12,3294,,0.00,111,,1.15,
2023-06-13,3294,,0.00,111,,1.14,
2023-06-14,3294,,0.00,111,,1.14,
2023-06-15,3294,,0.00,111,,1.13,
2023-06-16,3294,,0.00,111,,1.13,
2023-06-19,3294,,0.00,111,,1.14,
2023-06-20,3294,,0.00,111,,1.14,
2023-06-21,3294,,0.00,111,,1.15,
2023-06-26,3294,,0.00,111,,1.14,
2023-06-27,3294,,0.00,111,,1.13,
2023-06-28,3294,,0.00,111,,1.16,
2023-06-29,3294,,0.00,111,,1.15,
2023-06-30,3294,,0.00,111,,1.16,
2023-07-03,3294,,0.00,111,,1.15,
2023-07-04,3294,,0.00,111,,1.14,
2023-07-05,3294,,0.00,111,,1.15,
2023-07-06,3294,,0.00,111,,1.12,
2023-07-07,3294,,0.00,111,,1.10,
2023-07-10,3294,,0.00,111,,1.10,
2023-07-11,3294,,0.00,111,,1.09,
2023-07-12,3294,,0.00,111,,1.08,
2023-07-13,3294,,0.00,111,,1.09,
2023-07-14,3294,,0.00,111,,1.10,
2023-07-17,3294,,0.00,111,,1.10,
2023-07-18,3294,,0.00,111,,1.08,
2023-07-19,3294,,0.00,111,,1.08,
2023-07-20,3294,,0.00,111,,1.08,
2023-07-21,3294,,0.00,111,,1.08,
2023-07-24,3294,,0.00,111,,1.08,
2023-07-25,3294,,0.00,111,,1.08,
2023-07-26,3294,,0.00,111,,1.08,
2023-07-27,3294,,0.00,111,,1.08,
2023-07-28,3294,,0.00,111,,1.09,
2023-07-31,3294,,0.00,111,,1.08,
2023-08-01,3294,,0.00,111,,1.09,
2023-08-02,3294,,0.00,111,,1.08,
2023-08-04,3294,,0.00,111,,1.09,
2023-08-07,3294,,0.00,111,,1.09,
2023-08-08,3294,,0.00,111,,1.10,
2023-08-09,3294,,0.00,111,,1.10,
2023-08-10,3294,,0.00,111,,1.10,
2023-08-11,3294,,0.00,111,,1.10,
2023-08-14,3294,,0.00,111,,1.19,
2023-08-15,3294,,0.00,111,,1.18,
2023-08-16,3294,,0.00,111,,1.16,
2023-08-17,3294,,0.00,111,,1.18,
2023-08-18,3294,,0.00,111,,1.16,
2023-08-21,3294,,0.00,111,,1.16,
2023-08-22,3294,,0.00,111,,1.21,
2023-08-23,3294,,0.00,111,,1.20,
2023-08-24,3294,,0.00,111,,1.17,
2023-08-25,3294,,0.00,111,,1.17,
2023-08-28,3294,,0.00,111,,1.16,
2023-08-29,3294,,0.00,111,,1.17,
2023-08-30,3294,,0.00,111,,1.17,
2023-08-31,3294,,0.00,111,,1.18,
2023-09-01,3294,,0.00,111,,1.18,
2023-09-04,3294,,0.00,111,,1.20,
2023-09-05,3294,,0.00,111,,1.20,
2023-09-06,3294,,0.00,111,,1.20,
2023-09-07,3294,,0.00,111,,1.20,
2023-09-08,3294,,0.00,111,,1.19,
2023-09-11,3294,,0.00,111,,1.20,
2023-09-12,3294,,0.00,111,,1.20,
2023-09-13,3294,,0.00,111,,1.20,
2023-09-14,3294,,0.00,111,,1.21,
2023-09-15,3294,,0.00,111,,1.19,
2023-09-18,3294,,0.00,111,,1.20,
2023-09-19,3294,,0.00,111,,1.19,
2023-09-20,3294,,0.00,111,,1.19,
2023-09-21,3294,,0.00,111,,1.19,
2023-09-22,3294,,0.00,111,,1.19,
2023-09-25,3294,,0.00,111,,1.20,
2023-09-26,3294,,0.00,111,,1.20,
2023-09-27,3294,,0.00,111,,1.20,
2023-09-28,3294,,0.00,111,,1.22,
2023-10-02,3294,,0.00,111,,1.22,
2023-10-03,3294,,0.00,111,,1.21,
2023-10-04,3294,,0.00,111,,1.21,
2023-10-05,3294,,0.00,111,,1.21,
2023-10-06,3294,,0.00,111,,1.21,
2023-10-11,3294,,0.00,111,,1.20,
2023-10-12,3294,,0.00,111,,1.20,
2023-10-13,3294,,0.00,111,,1.21,
2023-10-16,3294,,0.00,111,,1.22,
2023-10-17,3294,,0.00,111,,1.22,
2023-10-18,3294,,0.00,111,,1.22,
2023-10-19,3294,,0.00,111,,1.22,
2023-10-20,3294,,0.00,111,,1.22,
2023-10-23,3294,,0.00,111,,1.22,
2023-10-24,3294,,0.00,111,,1.26,
2023-10-25,3294,,0.00,111,,1.26,
2023-10-26,3294,,0.00,111,,1.27,
2023-10-27,3294,,0.00,111,,1.29,
2023-10-30,3294,,0.00,111,,1.29,
2023-10-31,3294,,0.00,111,,1.26,
2023-11-01,3294,,0.00,111,,1.27,
2023-11-02,3294,,0.00,111,,1.27,
2023-11-03,3294,,0.00,111,,1.28,
2023-11-06,3294,,0.00,111,,1.28,
2023-11-07,3294,,0.00,111,,1.26,
2023-11-08,3294,,0.00,111,,1.26,
2023-11-09,3294,,0.00,111,,1.26,
2023-11-10,3294,,0.00,111,,1.23,
2023-11-13,3294,,0.00,111,,1.13,
2023-11-14,3294,,0.00,111,,1.14,
2023-11-15,3294,,0.00,111,,1.14,
2023-11-16,3294,,0.00,111,,1.15,
2023-11-17,3294,,0.00,111,,1.15,
2023-11-20,3294,,0.00,111,,1.19,
2023-11-21,3294,,0.00,111,,1.18,
2023-11-22,3294,,0.00,111,,1.20,
2023-11-23,3294,,0.00,111,,1.19,
2023-11-24,3294,,0.00,111,,1.18,
2023-11-27,3294,,0.00,111,,1.17,
2023-11-28,3294,,0.00,111,,1.18,
2023-11-29,3294,,0.00,111,,1.17,
2023-11-30,3294,,0.00,111,,1.17,
2023-12-01,3294,,0.00,111,,1.18,
2023-12-04,3294,,0.00,111,,1.16,
2023-12-05,3294,,0.00,111,,1.15,
2023-12-06,3294,,0.00,111,,1.17,
2023-12-07,3294,,0.00,111,,1.16,
2023-12-08,3294,,0.00,111,,1.16,
2023-12-11,3294,,0.00,111,,1.16,
2023-12-12,3294,,0.00,111,,1.17,
2023-12-13,3294,,0.00,111,,1.18,
2023-12-14,3294,,0.00,111,,1.17,
2023-12-15,3294,,0.00,111,,1.16,
2023-12-18,3294,,0.00,111,,1.16,
2023-12-19,3294,,0.00,111,,1.15,
2023-12-20,3294,,0.00,111,,1.15,
2023-12-21,3294,,0.00,111,,1.15,
2023-12-22,3294,,0.00,111,,1.14,
2023-12-25,3294,,0.00,111,,1.11,
2023-12-26,3294,,0.00,111,,1.16,
2023-12-27,3294,,0.00,111,,1.15,
2023-12-28,3294,,0.00,111,,1.16,
2023-12-29,3294,,0.00,111,,1.16,
2024-01-02,3294,,0.00,112,,1.14,
2024-01-03,3294,,0.00,112,,1.15,
2024-01-04,3294,,0.00,112,,1.15,
2024-01-05,3294,,0.00,112,,1.14,
2024-01-08,3294,,0.00,112,,1.14,
2024-01-09,3294,,0.00,112,,1.14,
2024-01-10,3294,,0.00,112,,1.13,
2024-01-11,3294,,0.00,112,,1.14,
2024-01-12,3294,,0.00,112,,1.14,
2024-01-15,3294,,0.00,112,,1.14,
2024-01-16,3294,,0.00,112,,1.13,
2024-01-17,3294,,0.00,112,,1.11,
2024-01-18,3294,,0.00,112,,1.10,
2024-01-19,3294,,0.00,112,,1.11,
2024-01-22,3294,,0.00,112,,1.11,
2024-01-23,3294,,0.00,112,,1.13,
2024-01-24,3294,,0.00,112,,1.15,
2024-01-25,3294,,0.00,112,,1.19,
2024-01-26,3294,,0.00,112,,1.31,
2024-01-29,3294,,0.00,112,,1.44,
2024-01-30,3294,,0.00,112,,1.58,
2024-01-31,3294,,0.00,112,,1.74,
2024-02-01,3294,,0.00,112,,1.91,
2024-02-02,3294,,0.00,112,,2.10,
2024-02-05,3294,,0.00,112,,2.31,
2024-02-15,3294,,0.00,112,,2.50,
2024-02-16,3294,,0.00,112,,2.54,
2024-02-19,3294,,0.00,112,,2.74,
2024-02-20,3294,,0.00,112,,2.73,
2024-02-21,3294,,0.00,112,,3.00,
2024-02-22,3294,,0.00,112,,3.01,
2024-02-23,3294,,0.00,112,,3.10,
2024-02-26,3294,,0.00,112,,3.41,
2024-02-27,3294,,0.00,112,,3.52,
2024-02-29,3294,,0.00,112,,3.52,
2024-03-01,3294,,0.00,112,,3.17,
2024-03-04,3294,,0.00,112,,3.28,
2024-03-05,3294,,0.00,112,,3.28,
2024-03-06,3294,,0.00,112,,3.50,
2024-03-07,3294,,0.00,112,,3.15,
2024-03-08,3294,,0.00,112,,2.84,
2024-03-11,3294,,0.00,112,,2.74,
2024-03-12,3294,,0.00,112,,2.69,
2024-03-13,3294,,0.00,112,,2.50,
2024-03-14,3294,,0.00,112,,2.37,
2024-03-15,3294,,0.00,112,,2.60,
2024-03-18,3294,,0.00,112,,2.62,
2024-03-19,3294,,0.00,112,,2.45,
2024-03-20,3294,,0.00,112,,2.48,
2024-03-21,3294,,0.00,112,,2.47,
2024-03-22,3294,,0.00,112,,2.71,
2024-03-25,3294,,0.00,112,,2.76,
2024-03-26,3294,,0.00,112,,2.70,
2024-03-27,3294,,0.00,112,,2.75,
2024-03-28,3294,,0.00,112,,2.81,
2024-03-29,3294,,0.00,112,,2.89,
2024-04-01,3294,,0.00,112,,2.83,
2024-04-02,3294,,0.00,112,,2.64,
2024-04-03,3294,,0.00,112,,2.62,
2024-04-08,3294,,0.00,112,,2.82,
2024-04-09,3294,,0.00,112,,3.10,
2024-04-10,3294,,0.00,112,,3.14,
2024-04-11,3294,,0.00,112,,3.04,
2024-04-12,3294,,0.00,112,,2.78,
2024-04-15,3294,,0.00,112,,2.52,
2024-04-16,3294,,0.00,112,,2.48,
2024-04-17,3294,,0.00,112,,2.53,
2024-04-18,3294,,0.00,112,,2.40,
2024-04-19,3294,,0.00,112,,2.28,
2024-04-22,3294,,0.00,112,,2.18,
2024-04-23,3294,,0.00,112,,2.21,
2024-04-24,3294,,0.00,112,,2.32,
2024-04-25,3294,,0.00,112,,2.24,
2024-04-26,3294,,0.00,112,,2.19,
2024-04-29,3294,,0.00,112,,2.24,
2024-04-30,3294,,0.00,112,,2.25,
2024-05-02,3294,,0.00,112,,2.28,
2024-05-03,3294,,0.00,112,,2.31,
2024-05-06,3294,,0.00,112,,2.32,
2024-05-07,3294,,0.00,112,,2.29,
2024-05-08,3294,,0.00,112,,2.31,
2024-05-09,3294,,0.00,112,,2.18,
2024-05-10,3294,,0.00,112,,2.22,
2024-05-13,3294,,0.00,112,,2.06,
2024-05-14,3294,,0.00,112,,2.06,
2024-05-15,3294,,0.00,112,,2.06,
2024-05-16,3294,,0.00,112,,2.07,
2024-05-17,3294,,0.00,112,,2.28,
2024-05-20,3294,,0.00,112,,2.22,
2024-05-21,3294,,0.00,112,,2.24,
2024-05-22,3294,,0.00,112,,2.24,
2024-05-23,3294,,0.00,112,,2.15,
2024-05-24,3294,,0.00,112,,2.15,
2024-05-27,3294,,0.00,112,,2.21,
2024-05-28,3294,,0.00,112,,2.27,
2024-05-29,3294,,0.00,112,,2.30,
2024-05-30,3294,,0.00,112,,2.20,
2024-05-31,3294,,0.00,112,,2.22,
2024-06-03,3294,,0.00,112,,2.30,
2024-06-04,3294,,0.00,112,,2.23,
2024-06-05,3294,,0.00,112,,2.18,
2024-06-06,3294,,0.00,112,,2.13,
2024-06-07,3294,,0.00,112,,2.17,
2024-06-11,3294,,0.00,112,,2.09,
2024-06-12,3294,,0.00,112,,2.10,
2024-06-13,3294,,0.00,112,,2.09,
2024-06-14,3294,,0.00,112,,2.08,
2024-06-17,3294,,0.00,112,,2.09,
2024-06-18,3294,,0.00,112,,2.22,
2024-06-19,3294,,0.00,112,,2.15,
2024-06-20,3294,,0.00,112,,2.18,
2024-06-21,3294,,0.00,112,,2.17,
2024-06-24,3294,,0.00,112,,2.11,
2024-06-25,3294,,0.00,112,,2.14,
2024-06-26,3294,,0.00,112,,2.12,
2024-06-27,3294,,0.00,112,,2.08,
2024-06-28,3294,,0.00,112,,2.10,
2024-07-01,3294,,0.00,112,,2.08,
2024-07-02,3294,,0.00,112,,2.06,
2024-07-03,3294,,0.00,112,,2.12,
2024-07-04,3294,,0.00,112,,2.11,
2024-07-05,3294,,0.00,112,,2.15,
2024-07-08,3294,,0.00,112,,2.10,
2024-07-09,3294,,0.00,112,,2.07,
2024-07-10,3294,,0.00,112,,2.15,
2024-07-11,3294,,0.00,112,,2.16,
2024-07-12,3294,,0.00,112,,2.17,
2024-07-15,3294,,0.00,112,,2.24,
2024-07-16,3294,,0.00,112,,2.47,
2024-07-17,3294,,0.00,112,,2.58,
2024-07-18,3294,,0.00,112,,2.43,
2024-07-19,3294,,0.00,112,,2.30,
2024-07-22,3294,,0.00,112,,2.16,
2024-07-23,3294,,0.00,112,,2.11,
2024-07-26,3294,,0.00,112,,2.01,
2024-07-29,3294,,0.00,112,,1.84,
2024-07-30,3294,,0.00,112,,1.90,
2024-07-31,3294,,0.00,112,,1.89,
2024-08-01,3294,,0.00,112,,1.96,
2024-08-02,3294,,0.00,112,,1.86,
2024-08-05,3294,,0.00,112,,1.68,
2024-08-06,3294,,0.00,112,,1.59,
2024-08-07,3294,,0.00,112,,1.75,
2024-08-08,3294,,0.00,112,,1.74,
2024-08-09,3294,,0.00,112,,1.75,
2024-08-12,3294,,0.00,112,,1.77,
2024-08-13,3294,,0.00,112,,1.77,
2024-08-14,3294,,0.00,112,67.84,1.74,
2024-08-15,3294,,0.00,112,68.75,1.77,
2024-08-16,3294,,0.00,112,69.20,1.78,
2024-08-19,3294,,0.00,112,71.36,1.84,
2024-08-20,3294,,0.00,112,73.18,1.88,
2024-08-21,3294,,0.00,112,71.14,1.83,
2024-08-22,3294,,0.00,112,70.68,1.82,
2024-08-23,3294,,0.00,112,70.34,1.81,
2024-08-26,3294,,0.00,112,69.77,1.79,
2024-08-27,3294,,0.00,112,70.34,1.81,
2024-08-28,3294,,0.00,112,72.73,1.87,
2024-08-29,3294,,0.00,112,71.36,1.84,
2024-08-30,3294,,0.00,112,76.25,1.96,
2024-09-02,3294,,0.00,112,77.05,1.98,
2024-09-03,3294,,0.00,112,74.55,1.92,
2024-09-04,3294,,0.00,112,70.23,1.81,
2024-09-05,3294,,0.00,112,74.66,1.92,
2024-09-06,3294,,0.00,112,72.50,1.86,
2024-09-09,3294,,0.00,112,76.02,1.95,
2024-09-10,3294,,0.00,112,76.93,1.98,
2024-09-11,3294,,0.00,112,75.23,1.93,
2024-09-12,3294,,0.00,112,75.23,1.93,
2024-09-13,3294,,0.00,112,76.02,1.95,
2024-09-16,3294,,0.00,112,75.68,1.95,
2024-09-18,3294,,0.00,112,72.50,1.86,
2024-09-19,3294,,0.00,112,74.32,1.91,
2024-09-20,3294,,0.00,112,73.07,1.88,
2024-09-23,3294,,0.00,112,72.73,1.87,
2024-09-24,3294,,0.00,112,72.84,1.87,
2024-09-25,3294,,0.00,112,73.07,1.88,
2024-09-26,3294,,0.00,112,72.05,1.85,
2024-09-27,3294,,0.00,112,72.39,1.86,
2024-09-30,3294,,0.00,112,71.70,1.84,
2024-10-01,3294,,0.00,112,70.91,1.82,
2024-10-04,3294,,0.00,112,72.50,1.86,
2024-10-07,3294,,0.00,112,71.93,1.85,
2024-10-08,3294,,0.00,112,75.45,1.94,
2024-10-09,3294,,0.00,112,73.41,1.89,
2024-10-11,3294,,0.00,112,71.93,1.85,
2024-10-14,3294,,0.00,112,71.36,1.84,
2024-10-15,3294,,0.00,112,71.36,1.84,
2024-10-16,3294,,0.00,112,70.45,1.81,
2024-10-17,3294,,0.00,112,71.36,1.84,
2024-10-18,3294,,0.00,112,70.45,1.81,
2024-10-21,3294,,0.00,112,72.16,1.86,
2024-10-22,3294,,0.00,112,72.95,1.88,
2024-10-23,3294,,0.00,112,73.64,1.89,
2024-10-24,3294,,0.00,112,72.16,1.86,
2024-10-25,3294,,0.00,112,71.59,1.84,
2024-10-28,3294,,0.00,112,70.00,1.80,
2024-10-29,3294,,0.00,112,68.64,1.77,
2024-10-30,3294,,0.00,112,68.98,1.77,
2024-11-01,3294,,0.00,112,68.86,1.77,
2024-11-04,3294,,0.00,112,65.91,1.69,
2024-11-05,3294,,0.00,112,67.05,1.72,
2024-11-06,3294,,0.00,112,66.70,1.72,
2024-11-07,3294,,0.00,112,68.18,1.75,
2024-11-08,3294,,0.00,112,66.93,1.72,
2024-11-11,3294,,0.00,112,66.36,1.71,
2024-11-12,3294,,0.00,112,64.55,1.66,
2024-11-13,3294,,0.00,112,63.15,1.67,
2024-11-14,3294,,0.00,112,61.74,1.63,
2024-11-15,3294,,0.00,112,61.96,1.64,
2024-11-18,3294,,0.00,112,61.09,1.61,
2024-11-19,3294,,0.00,112,65.43,1.73,
2024-11-20,3294,,0.00,112,63.59,1.68,
2024-11-21,3294,,0.00,112,64.57,1.70,
2024-11-22,3294,,0.00,112,63.91,1.69,
2024-11-25,3294,,0.00,112,64.89,1.71,
2024-11-26,3294,,0.00,112,64.02,1.69,
2024-11-27,3294,,0.00,112,62.17,1.64,
2024-11-28,3294,,0.00,112,61.85,1.63,
2024-11-29,3294,,0.00,112,62.39,1.65,
2024-12-02,3294,,0.00,112,61.96,1.64,
2024-12-03,3294,,0.00,112,62.83,1.66,
2024-12-04,3294,,0.00,112,64.02,1.69,
2024-12-05,3294,,0.00,112,63.59,1.68,
2024-12-06,3294,,0.00,112,63.04,1.66,
2024-12-09,3294,,0.00,112,62.72,1.66,
2024-12-10,3294,,0.00,112,61.30,1.62,
2024-12-11,3294,,0.00,112,61.41,1.62,
2024-12-12,3294,,0.00,112,61.85,1.63,
2024-12-13,3294,,0.00,112,59.46,1.57,
2024-12-16,3294,,0.00,112,58.26,1.54,
2024-12-17,3294,,0.00,112,58.26,1.54,
2024-12-18,3294,,0.00,112,59.67,1.58,
2024-12-19,3294,,0.00,112,59.02,1.56,
2024-12-20,3294,,0.00,112,59.02,1.56,
2024-12-23,3294,,0.00,112,59.78,1.58,
2024-12-24,3294,,0.00,112,65.76,1.74,
2024-12-25,3294,,0.00,112,65.98,1.74,
2024-12-26,3294,,0.00,112,65.00,1.72,
2024-12-27,3294,,0.00,112,65.22,1.72,
2024-12-30,3294,,0.00,112,66.74,1.76,
2024-12-31,3294,,0.00,112,73.37,1.94,
2025-01-02,3294,,0.00,113,70.65,1.87,113Q3
2025-01-03,3294,,0.00,113,72.17,1.91,113Q3
2025-01-06,3294,,0.00,113,79.35,2.10,113Q3
2025-01-07,3294,,0.00,113,78.26,2.07,113Q3
2025-01-08,3294,,0.00,113,77.50,2.05,113Q3
2025-01-09,3294,,0.00,113,79.13,2.09,113Q3
2025-01-10,3294,,0.00,113,76.09,2.01,113Q3
2025-01-13,3294,,0.00,113,72.17,1.91,113Q3
2025-01-14,3294,,0.00,113,73.26,1.93,113Q3
2025-01-15,3294,,0.00,113,77.93,2.06,113Q3
2025-01-16,3294,,0.00,113,85.65,2.26,113Q3
2025-01-17,3294,,0.00,113,87.17,2.30,113Q3
2025-01-20,3294,,0.00,113,88.48,2.34,113Q3
2025-01-21,3294,,0.00,113,86.96,2.30,113Q3
2025-01-22,3294,,0.00,113,85.22,2.25,113Q3
2025-02-03,3294,,0.00,113,79.67,2.10,113Q3
2025-02-04,3294,,0.00,113,81.63,2.16,113Q3
2025-02-05,3294,,0.00,113,80.98,2.14,113Q3
2025-02-06,3294,,0.00,113,89.02,2.35,113Q3
2025-02-07,3294,,0.00,113,87.39,2.31,113Q3
2025-02-10,3294,,0.00,113,87.61,2.31,113Q3
2025-02-11,3294,,0.00,113,83.26,2.20,113Q3
2025-02-12,3294,,0.00,113,87.93,2.32,113Q3
2025-02-13,3294,,0.00,113,89.13,2.35,113Q3
2025-02-14,3294,,0.00,113,88.26,2.33,113Q3
2025-02-17,3294,,0.00,113,89.24,2.36,113Q3
2025-02-18,3294,,0.00,113,90.22,2.38,113Q3
2025-02-19,3294,,0.00,113,88.80,2.35,113Q3
2025-02-20,3294,,0.00,113,87.72,2.32,113Q3
2025-02-21,3294,,0.00,113,83.59,2.21,113Q3
2025-02-24,3294,,0.00,113,84.78,2.24,113Q3
2025-02-25,3294,,0.00,113,84.35,2.23,113Q3
2025-02-26,3294,,0.00,113,85.11,2.25,113Q3
2025-02-27,3294,,0.00,113,82.93,2.19,113Q3
2025-03-03,3294,,0.00,113,80.43,2.12,113Q3
2025-03-04,3294,,0.00,113,82.17,2.17,113Q3
2025-03-05,3294,,0.00,113,82.83,2.19,113Q3
2025-03-06,3294,,0.00,113,81.30,2.15,113Q3
2025-03-07,3294,,0.00,113,78.91,2.08,113Q3
2025-03-10,3294,,0.00,113,78.70,2.08,113Q3
2025-03-11,3294,,0.00,113,76.52,2.02,113Q3
2025-03-12,3294,,0.00,113,79.57,2.10,113Q3
2025-03-13,3294,,0.00,113,78.80,2.08,113Q3
2025-03-14,3294,,0.00,113,79.35,2.10,113Q3
2025-03-17,3294,,1.05,113,79.02,2.09,113Q3
2025-03-18,3294,,1.00,113,82.72,2.18,113Q3
2025-03-19,3294,,0.99,113,83.15,2.20,113Q3
2025-03-20,3294,,1.00,113,82.61,2.18,113Q3
2025-03-21,3294,,1.03,113,63.79,2.11,113Q4
2025-03-24,3294,,1.03,113,63.36,2.09,113Q4
2025-03-25,3294,,1.06,113,61.72,2.04,113Q4
2025-03-26,3294,,1.08,113,60.60,2.00,113Q4
2025-03-27,3294,,1.13,113,58.10,1.92,113Q4
2025-03-28,3294,,1.16,113,56.55,1.87,113Q4
2025-03-31,3294,,1.26,113,51.90,1.72,113Q4
2025-04-01,3294,,1.25,113,52.59,1.74,113Q4
2025-04-02,3294,,1.24,113,53.02,1.75,113Q4
2025-04-07,3294,,1.37,113,47.76,1.58,113Q4
2025-04-08,3294,,1.52,113,43.02,1.42,113Q4
2025-04-09,3294,,1.69,113,38.79,1.28,113Q4
2025-04-10,3294,,1.54,113,42.67,1.41,113Q4
2025-04-11,3294,,1.58,113,41.38,1.37,113Q4
2025-04-14,3294,,1.52,113,43.10,1.42,113Q4
2025-04-15,3294,,1.38,113,47.41,1.57,113Q4
2025-04-16,3294,,1.40,113,46.81,1.55,113Q4
2025-04-17,3294,,1.43,113,45.69,1.51,113Q4
2025-04-18,3294,,1.45,113,45.26,1.50,113Q4
2025-04-21,3294,,1.53,113,42.76,1.41,113Q4
2025-04-22,3294,,1.53,113,42.76,1.41,113Q4
2025-04-23,3294,,1.46,113,44.83,1.48,113Q4
2025-04-24,3294,,1.44,113,45.60,1.51,113Q4
2025-04-25,3294,,1.36,113,48.10,1.59,113Q4
2025-04-28,3294,,1.36,113,48.10,1.59,113Q4
2025-04-29,3294,,1.35,113,48.62,1.61,113Q4
2025-04-30,3294,,1.38,113,47.33,1.56,113Q4
2025-05-02,3294,,1.32,113,49.57,1.64,113Q4
2025-05-05,3294,,1.44,113,45.52,1.50,113Q4
2025-05-06,3294,,1.42,113,46.21,1.53,113Q4
2025-05-07,3294,,1.44,113,45.52,1.50,113Q4
2025-05-08,3294,,1.42,113,46.12,1.52,113Q4
2025-05-09,3294,,1.41,113,46.47,1.54,113Q4
2025-05-12,3294,,1.34,113,49.05,1.62,113Q4
2025-05-13,3294,,1.33,113,49.14,1.62,113Q4
2025-05-14,3294,,1.28,113,,1.75,114Q1
2025-05-15,3294,,1.32,113,,1.69,114Q1
2025-05-16,3294,,1.33,113,,1.68,114Q1
2025-05-19,3294,,1.35,113,,1.66,114Q1
2025-05-20,3294,,1.36,113,,1.64,114Q1
2025-05-21,3294,,1.34,113,,1.66,114Q1
2025-05-22,3294,,1.22,113,,1.83,114Q1
2025-05-23,3294,,1.11,113,,2.01,114Q1
2025-05-26,3294,,1.01,113,,2.21,114Q1
2025-05-27,3294,,0.99,113,,2.26,114Q1
2025-05-28,3294,,1.02,113,,2.19,114Q1
2025-05-29,3294,,1.00,113,,2.24,114Q1
2025-06-02,3294,,1.07,113,,2.09,114Q1
2025-06-03,3294,,1.05,113,,2.14,114Q1
2025-06-04,3294,,1.01,113,,2.21,114Q1
2025-06-05,3294,,1.02,113,,2.19,114Q1
2025-06-06,3294,,1.05,113,,2.13,114Q1
2025-06-09,3294,,1.04,113,,2.15,114Q1
2025-06-10,3294,,1.05,113,,2.13,114Q1
2025-06-11,3294,,1.06,113,,2.11,114Q1
2025-06-12,3294,,1.05,113,,2.14,114Q1
2025-06-13,3294,,1.08,113,,2.07,114Q1
2025-06-16,3294,,1.00,113,,2.24,114Q1
2025-06-17,3294,,0.99,113,,2.26,114Q1
2025-06-18,3294,,0.90,113,,2.48,114Q1
2025-06-19,3294,,0.96,113,,2.32,114Q1
2025-06-20,3294,,0.97,113,,2.31,114Q1
2025-06-23,3294,,0.98,113,,2.28,114Q1
2025-06-24,3294,,0.95,113,,2.35,114Q1
2025-06-25,3294,,0.95,113,,2.36,114Q1
2025-06-26,3294,,0.97,113,,2.31,114Q1
2025-06-27,3294,,0.99,113,,2.26,114Q1
2025-06-30,3294,,0.96,113,,2.32,114Q1
2025-07-01,3294,,0.95,113,,2.34,114Q1
2025-07-02,3294,,0.97,113,,2.30,114Q1
2025-07-03,3294,,0.98,113,,2.27,114Q1
2025-07-04,3294,,1.04,113,,2.16,114Q1
2025-07-07,3294,,1.05,113,,2.13,114Q1
2025-07-08,3294,,1.04,113,,2.14,114Q1
2025-07-09,3294,,1.00,113,,2.24,114Q1
2025-07-10,3294,,0.97,113,,2.30,114Q1
2025-07-11,3294,,0.99,113,,2.26,114Q1
2025-07-14,3294,,1.02,113,,2.19,114Q1
2025-07-15,3294,,1.01,113,,2.22,114Q1
2025-07-16,3294,,1.01,113,,2.22,114Q1
2025-07-17,3294,,0.99,113,,2.26,114Q1
2025-07-18,3294,,0.99,113,,2.25,114Q1
2025-07-21,3294,,0.99,113,,2.26,114Q1
2025-07-22,3294,,1.01,113,,2.22,114Q1
2025-07-23,3294,,1.01,113,,2.21,114Q1
2025-07-24,3294,,1.00,113,,2.23,114Q1
2025-07-25,3294,,1.02,113,,2.19,114Q1
2025-07-28,3294,,1.00,113,,2.23,114Q1
2025-07-29,3294,,0.99,113,,2.25,114Q1
2025-07-30,3294,,0.97,113,,2.30,114Q1
2025-07-31,3294,,0.91,113,,2.45,114Q1
2025-08-01,3294,,0.83,113,,2.69,114Q1
2025-08-04,3294,,0.76,113,,2.96,114Q1
2025-08-05,3294,,0.79,113,,2.81,114Q1
2025-08-06,3294,,0.80,113,,2.80,114Q1
2025-08-07,3294,,0.80,113,,2.80,114Q1
2025-08-08,3294,,0.79,113,,2.84,114Q1
2025-08-11,3294,,0.80,113,,2.79,114Q1
2025-08-12,3294,,0.80,113,,3.20,114Q2
2025-08-13,3294,,0.77,113,,3.33,114Q2
2025-08-14,3294,,0.79,113,,3.26,114Q2
2025-08-15,3294,,0.76,113,,3.35,114Q2
2025-08-18,3294,,0.72,113,,3.54,114Q2
2025-08-19,3294,,0.73,113,,3.49,114Q2
2025-08-20,3294,,0.75,113,,3.41,114Q2
2025-08-21,3294,,0.72,113,,3.57,114Q2
2025-08-22,3294,,0.74,113,,3.47,114Q2
2025-08-25,3294,,0.72,113,,3.54,114Q2
2025-08-26,3294,,0.71,113,,3.60,114Q2
2025-08-27,3294,,0.71,113,,3.58,114Q2
2025-08-28,3294,,0.74,113,,3.48,114Q2
2025-08-29,3294,,0.76,113,,3.39,114Q2
2025-09-01,3294,,0.69,113,,3.72,114Q2
2025-09-02,3294,,0.66,113,,3.85,114Q2
2025-09-03,3294,,0.64,113,,3.97,114Q2
2025-09-04,3294,,0.67,113,,3.80,114Q2
2025-09-05,3294,,0.69,113,,3.70,114Q2
2025-09-08,3294,,0.71,113,,3.59,114Q2
2025-09-09,3294,,0.74,113,,3.48,114Q2
2025-09-10,3294,,0.74,113,,3.47,114Q2
2025-09-11,3294,,0.75,113,,3.42,114Q2
2025-09-12,3294,,0.78,113,,3.28,114Q2
2025-09-15,3294,,0.80,113,,3.21,114Q2
2025-09-16,3294,,0.77,113,,3.34,114Q2
2025-09-17,3294,,0.73,113,,3.52,114Q2
2025-09-18,3294,,0.73,113,,3.49,114Q2
2025-09-19,3294,,0.74,113,,3.46,114Q2
2025-09-22,3294,,0.75,113,,3.43,114Q2
2025-09-23,3294,,0.76,113,,3.36,114Q2
2025-09-24,3294,,0.75,113,,3.40,114Q2
2025-09-25,3294,,0.79,113,,3.26,114Q2
2025-09-26,3294,,0.83,113,,3.08,114Q2
2025-09-30,3294,,0.82,113,,3.11,114Q2
2025-10-01,3294,,0.83,113,,3.08,114Q2
2025-10-02,3294,,0.82,113,,3.11,114Q2
2025-10-03,3294,,0.83,113,,3.07,114Q2
2025-10-07,3294,,0.83,113,,3.07,114Q2
2025-10-08,3294,,0.86,113,,2.97,114Q2
2025-10-09,3294,,0.86,113,,2.97,114Q2
2025-10-13,3294,,0.87,113,,2.94,114Q2
2025-10-14,3294,,0.90,113,,2.84,114Q2
2025-10-15,3294,,0.88,113,,2.90,114Q2
2025-10-16,3294,,0.85,113,,3.00,114Q2
2025-10-17,3294,,0.89,113,,2.87,114Q2
2025-10-20,3294,,0.89,113,,2.86,114Q2
2025-10-21,3294,,0.87,113,,2.93,114Q2
2025-10-22,3294,,0.88,113,,2.92,114Q2
2025-10-23,3294,,0.90,113,,2.85,114Q2
2025-10-27,3294,,0.87,113,,2.95,114Q2
2025-10-28,3294,,0.89,113,,2.87,114Q2
2025-10-29,3294,,0.91,113,,2.80,114Q2
2025-10-30,3294,,0.93,113,,2.76,114Q2
2025-10-31,3294,,0.92,113,,2.78,114Q2
2025-11-03,3294,,0.91,113,,2.81,114Q2
2025-11-04,3294,,0.93,113,,2.76,114Q2
2025-11-05,3294,,0.93,113,,2.76,114Q2
2025-11-06,3294,,0.93,113,,2.74,114Q2
2025-11-07,3294,,0.95,113,,2.68,114Q2
2025-11-10,3294,,0.96,113,,2.67,114Q2
2025-11-11,3294,,0.97,113,,2.65,114Q2
2025-11-12,3294,,0.88,113,,2.91,114Q2
2025-11-13,3294,,0.92,113,,2.77,114Q2
2025-11-14,3294,,0.96,113,,2.46,114Q3
2025-11-17,3294,,0.96,113,,2.47,114Q3
2025-11-18,3294,,1.00,113,,2.37,114Q3
2025-11-19,3294,,1.01,113,,2.33,114Q3
2025-11-20,3294,,0.99,113,,2.39,114Q3
2025-11-21,3294,,1.03,113,,2.30,114Q3
2025-11-24,3294,,1.00,113,,2.36,114Q3
2025-11-25,3294,,0.98,113,,2.42,114Q3
2025-11-26,3294,,0.97,113,,2.45,114Q3
2025-11-27,3294,,0.95,113,,2.48,114Q3
2025-11-28,3294,,0.95,113,,2.51,114Q3
2025-12-01,3294,,0.95,113,,2.49,114Q3
2025-12-02,3294,,0.95,113,,2.48,114Q3
2025-12-03,3294,,0.95,113,,2.49,114Q3
2025-12-04,3294,,0.94,113,,2.52,114Q3
2025-12-05,3294,,0.93,113,,2.56,114Q3
2025-12-08,3294,,0.90,113,,2.63,114Q3
2025-12-09,3294,,0.91,113,,2.59,114Q3
2025-12-10,3294,,0.91,113,,2.61,114Q3
2025-12-11,3294,,0.92,113,,2.58,114Q3
2025-12-12,3294,,0.93,113,,2.55,114Q3
2025-12-15,3294,,0.92,113,,2.57,114Q3
2025-12-16,3294,,0.95,113,,2.49,114Q3
2025-12-17,3294,,0.95,113,,2.48,114Q3
2025-12-18,3294,,0.98,113,,2.42,114Q3
2025-12-19,3294,,0.96,113,,2.47,114Q3
2025-12-22,3294,,0.94,113,,2.52,114Q3
2025-12-23,3294,,0.95,113,,2.48,114Q3
2025-12-24,3294,,0.95,113,,2.50,114Q3
2025-12-26,3294,,0.97,113,,2.45,114Q3
2025-12-29,3294,,0.97,113,,2.44,114Q3
2025-12-30,3294,,0.98,113,,2.41,114Q3
2025-12-31,3294,,1.00,113,,2.38,114Q3
2026-01-02,3294,,0.98,114,,2.41,114Q3
2026-01-05,3294,,0.93,114,,2.53,114Q3
2026-01-06,3294,,0.95,114,,2.48,114Q3
2026-01-07,3294,,0.97,114,,2.44,114Q3
2026-01-08,3294,,1.01,114,,2.36,114Q3
2026-01-09,3294,,0.96,114,,2.47,114Q3
2026-01-12,3294,,0.97,114,,2.45,114Q3
2026-01-13,3294,,0.99,114,,2.38,114Q3
2026-01-14,3294,,0.94,114,,2.53,114Q3
2026-01-15,3294,,0.93,114,,2.55,114Q3
2026-01-16,3294,,0.93,114,,2.55,114Q3
2026-01-19,3294,,0.92,114,,2.57,114Q3
2026-01-20,3294,,0.92,114,,2.56,114Q3
2026-01-21,3294,,0.96,114,,2.47,114Q3
2026-01-22,3294,,0.91,114,,2.60,114Q3
2026-01-23,3294,,0.93,114,,2.54,114Q3
2026-01-26,3294,,0.87,114,,2.73,114Q3
2026-01-27,3294,,0.91,114,,2.60,114Q3
2026-01-28,3294,,0.92,114,,2.57,114Q3
2026-01-29,3294,,0.95,114,,2.49,114Q3
2026-01-30,3294,,0.99,114,,2.39,114Q3
2026-02-02,3294,,1.03,114,,2.30,114Q3
2026-02-03,3294,,1.04,114,,2.28,114Q3
2026-02-04,3294,,1.01,114,,2.35,114Q3
2026-02-05,3294,,1.03,114,,2.29,114Q3
2026-02-06,3294,,1.06,114,,2.24,114Q3
2026-02-09,3294,,1.05,114,,2.27,114Q3
2026-02-10,3294,,1.06,114,,2.24,114Q3
2026-02-11,3294,,1.06,114,,2.23,114Q3
2026-02-23,3294,,1.02,114,,2.32,114Q3
2026-02-24,3294,,0.96,114,,2.46,114Q3
2026-02-25,3294,,0.99,114,,2.40,114Q3
2026-02-26,3294,,0.96,114,,2.46,114Q3
2026-03-02,3294,,0.94,114,,2.52,114Q3
2026-03-03,3294,,0.97,114,,2.44,114Q3
2026-03-04,3294,,1.04,114,,2.28,114Q3
2026-03-05,3294,,1.01,114,,2.36,114Q3
2026-03-06,3294,,1.00,114,,2.36,114Q3
2026-03-09,3294,,1.08,114,,2.19,114Q3
2026-03-10,3294,,1.04,114,,2.28,114Q3
2026-03-11,3294,,1.00,114,,2.37,114Q3
2026-03-12,3294,,1.01,114,,2.33,114Q3
2026-03-13,3294,,1.02,114,,2.32,114Q3
2026-03-16,3294,,0.00,114,,2.31,114Q3
2026-03-17,3294,,0.00,114,,2.32,114Q3
2026-03-18,3294,,0.00,114,,2.33,114Q3
2026-03-19,3294,,0.00,114,,2.27,114Q3
2026-03-20,3294,,0.00,114,,2.07,114Q4
2026-03-23,3294,,0.00,114,,2.00,114Q4
2026-03-24,3294,,0.00,114,,1.99,114Q4
2026-03-25,3294,,0.00,114,,2.01,114Q4
2026-03-26,3294,,0.00,114,,1.98,114Q4
2026-03-27,3294,,0.00,114,,1.95,114Q4
2026-03-30,3294,,0.00,114,,1.91,114Q4
2026-03-31,3294,,0.00,114,,1.82,114Q4
2026-04-01,3294,,0.00,114,,1.86,114Q4
2026-04-02,3294,,0.00,114,,1.82,114Q4
2026-04-07,3294,,0.00,114,,1.81,114Q4
2026-04-08,3294,,0.00,114,,1.90,114Q4
2026-04-09,3294,,0.00,114,,1.86,114Q4
2026-04-10,3294,,0.00,114,,1.85,114Q4
2026-04-13,3294,,0.00,114,,1.90,114Q4
2026-04-14,3294,,0.00,114,,1.92,114Q4
2026-04-15,3294,,0.00,114,,1.94,114Q4
2026-04-16,3294,,0.00,114,,1.94,114Q4
2026-04-17,3294,,0.00,114,,1.95,114Q4
2026-04-20,3294,,0.00,114,,1.93,114Q4
2026-04-21,3294,,0.00,114,,1.94,114Q4
2026-04-22,3294,,0.00,114,,1.97,114Q4
2026-04-23,3294,,0.00,114,,1.84,114Q4
2026-04-24,3294,,0.00,114,,1.78,114Q4
2026-04-27,3294,,0.00,114,,1.80,114Q4
2026-04-28,3294,,0.00,114,,1.80,114Q4
2026-04-29,3294,,0.00,114,,1.79,114Q4
2026-04-30,3294,,0.00,114,,1.78,114Q4
2026-05-04,3294,,0.00,114,,1.78,114Q4
2026-05-05,3294,,0.00,114,,1.81,114Q4
2026-05-06,3294,,0.00,114,,1.78,114Q4
2026-05-07,3294,,0.00,114,,1.83,114Q4
2026-05-08,3294,,0.00,114,,1.77,114Q4
2026-05-11,3294,,0.00,114,,1.79,114Q4
2026-05-12,3294,,0.00,114,,1.82,114Q4
2026-05-13,3294,,0.00,114,,1.77,114Q4
2026-05-14,3294,,0.00,114,,1.93,115Q1
2026-05-15,3294,,0.00,114,,2.12,115Q1
2026-05-18,3294,,0.00,114,,2.17,115Q1
2026-05-19,3294,,0.00,114,,2.30,115Q1
2026-05-20,3294,,0.00,114,,2.36,115Q1
2026-05-21,3294,,0.00,114,,2.37,115Q1
2026-05-22,3294,,0.00,114,,2.39,115Q1
2026-05-25,3294,,0.00,114,,2.46,115Q1
2026-05-26,3294,,0.00,114,,2.36,115Q1
2026-05-27,3294,,0.00,114,,2.32,115Q1
2026-05-28,3294,,0.00,114,,2.29,115Q1
2026-05-29,3294,,0.00,114,,2.34,115Q1
2026-06-01,3294,,0.00,114,,2.34,115Q1
2026-06-02,3294,,0.00,114,,2.40,115Q1
2026-06-03,3294,,0.00,114,,2.37,115Q1
2026-06-04,3294,,0.00,114,,2.29,115Q1
2026-06-05,3294,,0.00,114,,2.23,115Q1
2026-06-08,3294,,0.00,114,,2.14,115Q1
2026-06-09,3294,,0.00,114,,2.26,115Q1
2026-06-10,3294,,0.00,114,,2.15,115Q1
2026-06-11,3294,,0.00,114,,2.07,115Q1
2026-06-12,3294,,0.00,114,,2.09,115Q1
2026-06-15,3294,,0.00,114,,2.29,115Q1
2026-06-16,3294,,0.00,114,,2.22,115Q1
2026-06-17,3294,,0.00,114,,2.32,115Q1
2026-06-18,3294,,0.00,114,,2.31,115Q1
2026-06-22,3294,,0.00,114,,2.33,115Q1
2026-06-23,3294,,0.00,114,,2.25,115Q1
2026-06-24,3294,,0.00,114,,2.36,115Q1
2026-06-25,3294,,0.00,114,,2.29,115Q1
2026-06-26,3294,,0.00,114,,2.16,115Q1
2026-06-29,3294,,0.00,114,,2.09,115Q1
2026-06-30,3294,,0.00,114,,2.15,115Q1
2026-07-01,3294,,0.00,114,,2.10,115Q1
2026-07-02,3294,,0.00,114,,2.14,115Q1
2026-07-03,3294,,0.00,114,,2.35,115Q1
2026-07-06,3294,,0.00,114,,2.29,115Q1
2026-07-07,3294,,0.00,114,,2.25,115Q1
2026-07-08,3294,,0.00,114,,2.25,115Q1
2026-07-09,3294,,0.00,114,,2.19,115Q1
2026-07-13,3294,,0.00,114,,2.16,115Q1
2026-07-14,3294,,0.00,114,,2.08,115Q1
2026-07-15,3294,,0.00,114,,2.08,115Q1
2026-07-16,3294,,0.00,114,,2.05,115Q1
2026-07-17,3294,,0.00,114,,1.85,115Q1
2026-07-20,3294,,0.00,114,,1.80,115Q1
2026-07-21,3294,,0.00,114,,1.85,115Q1
2026-07-22,3294,,0.00,114,,1.85,115Q1
2026-07-23,3294,,0.00,114,,1.82,115Q1
2026-07-24,3294,,0.00,114,,1.76,115Q1
2026-07-27,3294,,0.00,114,,1.78,115Q1
2026-07-28,3294,,0.00,114,,1.70,115Q1
2026-07-29,3294,,0.00,114,,1.59,115Q1
2026-07-30,3294,,0.00,114,,1.56,115Q1
2026-07-31,3294,,0.00,114,,1.68,115Q1
2026-08-03,3294,,0.00,114,,1.72,115Q1
2026-08-04,3294,,0.00,114,,1.76,115Q1
2026-08-05,3294,,0.00,114,,1.78,115Q1
2026-08-06,3294,,0.00,114,,1.77,115Q1
2026-08-07,3294,,0.00,114,,1.76,115Q1
2026-08-10,3294,,0.00,114,,1.80,115Q1
2026-08-11,3294,,0.00,114,,1.83,115Q1
2026-08-12,3294,,0.00,114,,1.85,115Q1
2026-08-13,3294,,0.00,114,,1.78,115Q2
2026-08-14,3294,,0.00,114,,1.77,115Q2
2026-08-17,3294,,0.00,114,,1.74,115Q2
2026-08-18,3294,,0.00,114,,1.71,115Q2
2026-08-19,3294,,0.00,114,,1.71,115Q2
2026-08-20,3294,,0.00,114,,1.71,115Q2
2026-08-21,3294,,0.00,114,,1.71,115Q2
2026-08-24,3294,,0.00,114,,1.69,115Q2
2026-08-25,3294,,0.00,114,,1.71,115Q2
2026-08-26,3294,,0.00,114,,1.72,115Q2
2026-08-27,3294,,0.00,114,,1.76,115Q2
2026-08-28,3294,,0.00,114,,1.74,115Q2
2026-08-31,3294,,0.00,114,,1.71,115Q2
2026-09-01,3294,,0.00,114,,1.72,115Q2
2026-09-02,3294,,0.00,114,,1.70,115Q2
2026-09-03,3294,,0.00,114,,1.66,115Q2
2026-09-04,3294,,0.00,114,,1.69,115Q2
2026-09-07,3294,,0.00,114,,1.68,115Q2
2026-09-08,3294,,0.00,114,,1.67,115Q2
2026-09-09,3294,,0.00,114,,1.67,115Q2
