date,stock_id,close,yield_pct,dividend_year,per,pbr,fs_quarter
2015-01-05,3322,,0.00,103,125.00,1.05,
2015-01-06,3322,,0.00,103,122.50,1.02,
2015-01-07,3322,,0.00,103,123.50,1.03,
2015-01-08,3322,,0.00,103,121.00,1.01,
2015-01-09,3322,,0.00,103,121.00,1.01,
2015-01-12,3322,,0.00,103,119.50,1.00,
2015-01-13,3322,,0.00,103,118.00,0.99,
2015-01-14,3322,,0.00,103,115.50,0.97,
2015-01-15,3322,,0.00,103,115.50,0.97,
2015-01-16,3322,,0.00,103,114.00,0.95,
2015-01-19,3322,,0.00,103,110.50,0.92,
2015-01-20,3322,,0.00,103,113.50,0.95,
2015-01-21,3322,,0.00,103,112.50,0.94,
2015-01-22,3322,,0.00,103,114.00,0.95,
2015-01-23,3322,,0.00,103,114.50,0.96,
2015-01-26,3322,,0.00,103,114.50,0.96,
2015-01-27,3322,,0.00,103,113.00,0.94,
2015-01-28,3322,,0.00,103,115.50,0.97,
2015-01-29,3322,,0.00,103,119.00,0.99,
2015-01-30,3322,,0.00,103,115.00,0.96,
2015-02-02,3322,,0.00,103,113.00,0.94,
2015-02-03,3322,,0.00,103,112.50,0.94,
2015-02-04,3322,,0.00,103,113.00,0.94,
2015-02-05,3322,,0.00,103,112.50,0.94,
2015-02-06,3322,,0.00,103,112.50,0.94,
2015-02-09,3322,,0.00,103,112.50,0.94,
2015-02-10,3322,,0.00,103,112.00,0.94,
2015-02-11,3322,,0.00,103,111.50,0.93,
2015-02-12,3322,,0.00,103,112.00,0.94,
2015-02-13,3322,,0.00,103,117.50,0.98,
2015-02-24,3322,,0.00,103,117.00,0.98,
2015-02-25,3322,,0.00,103,117.50,0.98,
2015-02-26,3322,,0.00,103,116.00,0.97,
2015-03-02,3322,,0.00,103,117.00,0.98,
2015-03-03,3322,,0.00,103,116.00,0.97,
2015-03-04,3322,,0.00,103,114.50,0.96,
2015-03-05,3322,,0.00,103,115.00,0.96,
2015-03-06,3322,,0.00,103,116.00,0.97,
2015-03-09,3322,,0.00,103,116.00,0.97,
2015-03-10,3322,,0.00,103,115.50,0.97,
2015-03-11,3322,,0.00,103,116.00,0.97,
2015-03-12,3322,,0.00,103,115.50,0.97,
2015-03-13,3322,,0.00,103,115.00,0.96,
2015-03-16,3322,,0.00,103,115.00,0.96,
2015-03-17,3322,,0.00,103,114.50,0.96,
2015-03-18,3322,,0.00,103,115.00,0.96,
2015-03-19,3322,,0.00,103,116.00,0.97,
2015-03-20,3322,,0.00,103,120.00,1.00,
2015-03-23,3322,,0.00,103,118.00,0.99,
2015-03-24,3322,,0.00,103,117.00,0.98,
2015-03-25,3322,,4.27,103,117.00,0.98,
2015-03-26,3322,,4.22,103,118.50,0.99,
2015-03-27,3322,,4.24,103,118.00,0.99,
2015-03-30,3322,,4.24,103,118.00,0.99,
2015-03-31,3322,,4.02,103,124.50,1.04,
2015-04-01,3322,,3.89,103,128.50,1.07,
2015-04-02,3322,,3.66,103,136.50,1.14,
2015-04-07,3322,,3.61,103,51.30,1.12,
2015-04-08,3322,,3.75,103,49.44,1.08,
2015-04-09,3322,,3.88,103,47.78,1.04,
2015-04-10,3322,,4.00,103,46.30,1.01,
2015-04-13,3322,,3.92,103,47.22,1.03,
2015-04-14,3322,,4.13,103,44.81,0.98,
2015-04-15,3322,,4.10,103,45.19,0.99,
2015-04-16,3322,,4.17,103,44.44,0.97,
2015-04-17,3322,,4.13,103,44.81,0.98,
2015-04-20,3322,,4.17,103,44.44,0.97,
2015-04-21,3322,,4.31,103,42.96,0.94,
2015-04-22,3322,,4.33,103,42.78,0.93,
2015-04-23,3322,,4.31,103,42.96,0.94,
2015-04-24,3322,,4.33,103,42.78,0.93,
2015-04-27,3322,,4.35,103,42.59,0.93,
2015-04-28,3322,,4.35,103,42.59,0.93,
2015-04-29,3322,,4.42,103,41.85,0.91,
2015-04-30,3322,,4.35,103,42.59,0.93,
2015-05-04,3322,,4.37,103,42.41,0.93,
2015-05-05,3322,,4.46,103,41.48,0.91,
2015-05-06,3322,,4.44,103,41.67,0.91,
2015-05-07,3322,,4.67,103,39.63,0.86,
2015-05-08,3322,,4.72,103,39.26,0.86,
2015-05-11,3322,,5.00,103,37.04,0.81,
2015-05-12,3322,,5.00,103,37.04,0.81,
2015-05-13,3322,,4.93,103,37.59,0.82,
2015-05-14,3322,,4.95,103,37.41,0.82,
2015-05-15,3322,,5.00,103,37.04,0.81,
2015-05-18,3322,,5.03,103,36.85,0.80,
2015-05-19,3322,,4.98,103,37.22,0.81,
2015-05-20,3322,,4.83,103,38.33,0.84,
2015-05-21,3322,,4.85,103,38.15,0.83,
2015-05-22,3322,,4.90,103,37.78,0.82,
2015-05-25,3322,,4.85,103,38.15,0.83,
2015-05-26,3322,,4.93,103,,0.83,
2015-05-27,3322,,4.93,103,,0.83,
2015-05-28,3322,,4.93,103,,0.83,
2015-05-29,3322,,4.98,103,,0.83,
2015-06-01,3322,,4.93,103,,0.83,
2015-06-02,3322,,4.93,103,,0.83,
2015-06-03,3322,,4.90,103,,0.84,
2015-06-04,3322,,4.98,103,,0.83,
2015-06-05,3322,,5.00,103,,0.82,
2015-06-08,3322,,5.02,103,,0.82,
2015-06-09,3322,,5.21,103,,0.79,
2015-06-10,3322,,5.26,103,,0.78,
2015-06-11,3322,,5.25,103,,0.78,
2015-06-12,3322,,5.13,103,,0.80,
2015-06-15,3322,,5.19,103,,0.79,
2015-06-16,3322,,5.18,103,,0.79,
2015-06-17,3322,,5.00,103,,0.82,
2015-06-18,3322,,4.98,103,,0.83,
2015-06-22,3322,,5.00,103,,0.82,
2015-06-23,3322,,5.05,103,,0.81,
2015-06-24,3322,,5.00,103,,0.82,
2015-06-25,3322,,5.08,103,,0.81,
2015-06-26,3322,,5.07,103,,0.81,
2015-06-29,3322,,5.10,103,,0.81,
2015-06-30,3322,,5.03,103,,0.82,
2015-07-01,3322,,5.11,103,,0.80,
2015-07-02,3322,,5.11,103,,0.80,
2015-07-03,3322,,5.08,103,,0.81,
2015-07-06,3322,,5.15,103,,0.80,
2015-07-07,3322,,5.13,103,,0.80,
2015-07-08,3322,,5.21,103,,0.79,
2015-07-09,3322,,5.30,103,,0.78,
2015-07-13,3322,,5.33,103,,0.77,
2015-07-14,3322,,5.41,103,,0.76,
2015-07-15,3322,,5.36,103,,0.77,
2015-07-16,3322,,5.44,103,,0.76,
2015-07-17,3322,,5.46,103,,0.75,
2015-07-20,3322,,5.50,103,,0.75,
2015-07-21,3322,,5.55,103,,0.74,
2015-07-22,3322,,5.85,103,,0.70,
2015-07-23,3322,,5.85,103,,0.70,
2015-07-24,3322,,5.75,103,,0.72,
2015-07-27,3322,,6.08,103,,0.68,
2015-07-28,3322,,6.50,103,,0.63,
2015-07-29,3322,,6.60,103,,0.62,
2015-07-30,3322,,6.36,103,,0.65,
2015-07-31,3322,,6.42,103,,0.64,
2015-08-03,3322,,6.50,103,,0.63,
2015-08-04,3322,,6.59,103,,0.62,
2015-08-05,3322,,6.58,103,,0.63,
2015-08-06,3322,,6.52,103,,0.63,
2015-08-07,3322,,6.30,103,,0.65,
2015-08-10,3322,,6.21,103,,0.66,
2015-08-11,3322,,6.49,103,,0.63,
2015-08-12,3322,,6.58,103,,0.63,
2015-08-13,3322,,6.75,103,,0.61,
2015-08-14,3322,,6.74,103,,0.61,
2015-08-17,3322,,6.68,103,,0.62,
2015-08-18,3322,,6.68,103,,0.62,
2015-08-19,3322,,6.96,103,,0.59,
2015-08-20,3322,,6.98,103,,0.64,
2015-08-21,3322,,7.27,103,,0.61,
2015-08-24,3322,,8.06,103,,0.55,
2015-08-25,3322,,7.75,103,,0.58,
2015-08-26,3322,,7.43,103,,0.60,
2015-08-27,3322,,7.49,103,,0.60,
2015-08-28,3322,,7.46,103,,0.60,
2015-08-31,3322,,7.14,103,,0.63,
2015-09-01,3322,,7.04,103,,0.63,
2015-09-02,3322,,6.93,103,,0.65,
2015-09-03,3322,,7.40,103,,0.60,
2015-09-04,3322,,7.35,103,,0.61,
2015-09-07,3322,,6.99,103,,0.64,
2015-09-08,3322,,7.44,103,,0.60,
2015-09-09,3322,,7.30,103,,0.61,
2015-09-10,3322,,7.23,103,,0.62,
2015-09-11,3322,,7.34,103,,0.61,
2015-09-14,3322,,7.29,103,,0.61,
2015-09-15,3322,,7.19,103,,0.62,
2015-09-16,3322,,7.19,103,,0.62,
2015-09-17,3322,,7.10,103,,0.63,
2015-09-18,3322,,7.10,103,,0.63,
2015-09-21,3322,,7.11,103,,0.63,
2015-09-22,3322,,7.04,103,,0.63,
2015-09-23,3322,,7.04,103,,0.63,
2015-09-24,3322,,7.04,103,,0.63,
2015-09-25,3322,,7.22,103,,0.62,
2015-09-30,3322,,7.30,103,,0.61,
2015-10-01,3322,,7.04,103,,0.63,
2015-10-02,3322,,6.94,103,,0.64,
2015-10-05,3322,,6.85,103,,0.65,
2015-10-06,3322,,6.72,103,,0.66,
2015-10-07,3322,,6.42,103,,0.70,
2015-10-08,3322,,6.35,103,,0.70,
2015-10-12,3322,,6.25,103,,0.71,
2015-10-13,3322,,6.14,103,,0.73,
2015-10-14,3322,,6.14,103,,0.73,
2015-10-15,3322,,5.59,103,,0.80,
2015-10-16,3322,,5.08,103,,0.88,
2015-10-19,3322,,4.63,103,,0.97,
2015-10-20,3322,,4.22,103,,1.06,
2015-10-21,3322,,4.29,103,,1.04,
2015-10-22,3322,,4.15,103,,1.08,
2015-10-23,3322,,4.08,103,,1.09,
2015-10-26,3322,,4.13,103,,1.08,
2015-10-27,3322,,4.03,103,,1.11,
2015-10-28,3322,,3.68,103,,1.22,
2015-10-29,3322,,4.02,103,,1.11,
2015-10-30,3322,,3.98,103,,1.12,
2015-11-02,3322,,3.97,103,,1.13,
2015-11-03,3322,,3.95,103,,1.13,
2015-11-04,3322,,3.76,103,,1.19,
2015-11-05,3322,,4.15,103,,1.08,
2015-11-06,3322,,4.05,103,,1.10,
2015-11-09,3322,,4.18,103,,1.07,
2015-11-10,3322,,4.52,103,,0.99,
2015-11-11,3322,,4.63,103,,0.97,
2015-11-12,3322,,4.85,103,,0.92,
2015-11-13,3322,,5.00,103,,0.89,
2015-11-16,3322,,4.83,103,,0.92,
2015-11-17,3322,,4.76,103,,0.94,
2015-11-18,3322,,4.67,103,,0.96,
2015-11-19,3322,,4.42,103,,1.01,
2015-11-20,3322,,4.46,103,,1.00,
2015-11-23,3322,,4.59,103,,0.97,
2015-11-24,3322,,4.63,103,,0.96,
2015-11-25,3322,,4.69,103,,0.94,
2015-11-26,3322,,4.48,103,,0.99,
2015-11-27,3322,,4.65,103,,0.95,
2015-11-30,3322,,4.65,103,,0.95,
2015-12-01,3322,,4.44,103,,1.00,
2015-12-02,3322,,4.52,103,,0.98,
2015-12-03,3322,,4.55,103,,0.98,
2015-12-04,3322,,4.50,103,,0.98,
2015-12-07,3322,,4.50,103,,0.98,
2015-12-08,3322,,4.55,103,,0.98,
2015-12-09,3322,,4.55,103,,0.98,
2015-12-10,3322,,4.59,103,,0.97,
2015-12-11,3322,,4.57,103,,0.97,
2015-12-14,3322,,4.63,103,,0.96,
2015-12-15,3322,,4.46,103,,0.99,
2015-12-16,3322,,4.46,103,,0.99,
2015-12-17,3322,,4.46,103,,0.99,
2015-12-18,3322,,4.35,103,,1.02,
2015-12-21,3322,,4.39,103,,1.01,
2015-12-22,3322,,4.31,103,,1.03,
2015-12-23,3322,,4.31,103,,1.03,
2015-12-24,3322,,4.33,103,,1.02,
2015-12-25,3322,,4.35,103,,1.02,
2015-12-28,3322,,4.35,103,,1.02,
2015-12-29,3322,,4.37,103,,1.02,
2015-12-30,3322,,4.39,103,,1.01,
2015-12-31,3322,,4.41,103,,1.01,
2016-01-04,3322,,4.48,104,,0.99,
2016-01-05,3322,,4.59,104,,0.97,
2016-01-06,3322,,4.72,104,,0.94,
2016-01-07,3322,,5.15,104,,0.86,
2016-01-08,3322,,5.13,104,,0.87,
2016-01-11,3322,,5.16,104,,0.86,
2016-01-12,3322,,5.26,104,,0.84,
2016-01-13,3322,,5.17,104,,0.86,
2016-01-14,3322,,5.68,104,,0.78,
2016-01-15,3322,,5.60,104,,0.79,
2016-01-18,3322,,5.48,104,,0.81,
2016-01-19,3322,,5.54,104,,0.80,
2016-01-20,3322,,5.56,104,,0.80,
2016-01-21,3322,,5.53,104,,0.80,
2016-01-22,3322,,5.63,104,,0.79,
2016-01-25,3322,,5.53,104,,0.80,
2016-01-26,3322,,5.53,104,,0.80,
2016-01-27,3322,,5.46,104,,0.81,
2016-01-28,3322,,5.49,104,,0.81,
2016-01-29,3322,,5.43,104,,0.82,
2016-01-30,3322,,5.46,104,,0.81,
2016-02-01,3322,,5.41,104,,0.82,
2016-02-02,3322,,5.43,104,,0.82,
2016-02-03,3322,,5.54,104,,0.80,
2016-02-15,3322,,5.04,104,,0.88,
2016-02-16,3322,,4.59,104,,0.97,
2016-02-17,3322,,4.50,104,,0.98,
2016-02-18,3322,,4.65,104,,0.95,
2016-02-19,3322,,4.61,104,,0.96,
2016-02-22,3322,,4.69,104,,0.94,
2016-02-23,3322,,4.55,104,,0.98,
2016-02-24,3322,,4.59,104,,0.97,
2016-02-25,3322,,4.59,104,,0.97,
2016-02-26,3322,,4.50,104,,0.98,
2016-03-01,3322,,4.48,104,,0.99,
2016-03-02,3322,,4.48,104,,0.99,
2016-03-03,3322,,4.48,104,,0.99,
2016-03-04,3322,,4.18,104,,1.06,
2016-03-07,3322,,4.27,104,,1.04,
2016-03-08,3322,,4.37,104,,1.02,
2016-03-09,3322,,4.37,104,,1.02,
2016-03-10,3322,,4.31,104,,1.03,
2016-03-11,3322,,4.33,104,,1.02,
2016-03-14,3322,,4.35,104,,1.02,
2016-03-15,3322,,4.31,104,,1.03,
2016-03-16,3322,,4.27,104,,1.04,
2016-03-17,3322,,4.07,104,,1.09,
2016-03-18,3322,,4.18,104,,1.06,
2016-03-21,3322,,4.13,104,,1.07,
2016-03-22,3322,,4.15,104,,1.07,
2016-03-23,3322,,0.00,104,,1.05,
2016-03-24,3322,,0.00,104,,1.02,
2016-03-25,3322,,0.00,104,,1.02,
2016-03-28,3322,,0.00,104,,0.92,
2016-03-29,3322,,0.00,104,,0.91,
2016-03-30,3322,,0.00,104,,0.93,
2016-03-31,3322,,0.00,104,,0.93,
2016-04-01,3322,,0.00,104,,0.93,
2016-04-06,3322,,0.00,104,,0.91,
2016-04-07,3322,,0.00,104,,0.91,
2016-04-08,3322,,0.00,104,,0.98,
2016-04-11,3322,,0.00,104,,1.00,
2016-04-12,3322,,0.00,104,,1.01,
2016-04-13,3322,,0.00,104,,1.03,
2016-04-14,3322,,0.00,104,,1.03,
2016-04-15,3322,,0.00,104,,1.02,
2016-04-18,3322,,0.00,104,,1.02,
2016-04-19,3322,,0.00,104,,1.03,
2016-04-20,3322,,0.00,104,,1.01,
2016-04-21,3322,,0.00,104,,1.00,
2016-04-22,3322,,0.00,104,,1.01,
2016-04-25,3322,,0.00,104,,0.99,
2016-04-26,3322,,0.00,104,,1.00,
2016-04-27,3322,,0.00,104,,0.99,
2016-04-28,3322,,0.00,104,,1.00,
2016-04-29,3322,,0.00,104,,0.98,
2016-05-03,3322,,0.00,104,,0.98,
2016-05-04,3322,,0.00,104,,0.98,
2016-05-05,3322,,0.00,104,,1.00,
2016-05-06,3322,,0.00,104,,1.00,
2016-05-09,3322,,0.00,104,,1.00,
2016-05-10,3322,,0.00,104,,0.99,
2016-05-11,3322,,0.00,104,,0.98,
2016-05-12,3322,,0.00,104,,0.95,
2016-05-13,3322,,0.00,104,,0.95,
2016-05-16,3322,,0.00,104,,0.95,
2016-05-17,3322,,0.00,104,,0.95,
2016-05-18,3322,,0.00,104,,0.95,
2016-05-19,3322,,0.00,104,,0.96,
2016-05-20,3322,,0.00,104,,0.96,
2016-05-23,3322,,0.00,104,,1.01,
2016-05-24,3322,,0.00,104,,1.00,
2016-05-25,3322,,0.00,104,,1.01,
2016-05-26,3322,,0.00,104,,1.01,
2016-05-27,3322,,0.00,104,,1.00,
2016-05-30,3322,,0.00,104,,1.00,
2016-05-31,3322,,0.00,104,,0.98,
2016-06-01,3322,,0.00,104,,1.08,
2016-06-02,3322,,0.00,104,,1.04,
2016-06-03,3322,,0.00,104,,1.03,
2016-06-04,3322,,0.00,104,,1.01,
2016-06-06,3322,,0.00,104,,1.01,
2016-06-07,3322,,0.00,104,,1.01,
2016-06-08,3322,,0.00,104,,1.03,
2016-06-13,3322,,0.00,104,,1.01,
2016-06-14,3322,,0.00,104,,1.00,
2016-06-15,3322,,0.00,104,,0.99,
2016-06-16,3322,,0.00,104,,1.01,
2016-06-17,3322,,0.00,104,,1.00,
2016-06-20,3322,,0.00,104,,1.02,
2016-06-21,3322,,0.00,104,,0.99,
2016-06-22,3322,,0.00,104,,1.00,
2016-06-23,3322,,0.00,104,,1.00,
2016-06-24,3322,,0.00,104,,0.98,
2016-06-27,3322,,0.00,104,,1.00,
2016-06-28,3322,,0.00,104,,1.00,
2016-06-29,3322,,0.00,104,,0.98,
2016-06-30,3322,,0.00,104,,0.99,
2016-07-01,3322,,0.00,104,,0.99,
2016-07-04,3322,,0.00,104,,0.99,
2016-07-05,3322,,0.00,104,,0.99,
2016-07-06,3322,,0.00,104,,0.96,
2016-07-07,3322,,0.00,104,,0.95,
2016-07-11,3322,,0.00,104,,0.95,
2016-07-12,3322,,0.00,104,,0.97,
2016-07-13,3322,,0.00,104,,0.97,
2016-07-14,3322,,0.00,104,,0.96,
2016-07-15,3322,,0.00,104,,0.97,
2016-07-18,3322,,0.00,104,,0.99,
2016-07-19,3322,,0.00,104,,0.99,
2016-07-20,3322,,0.00,104,,0.99,
2016-07-21,3322,,0.00,104,,0.99,
2016-07-22,3322,,0.00,104,,0.99,
2016-07-25,3322,,0.00,104,,0.98,
2016-07-26,3322,,0.00,104,,0.99,
2016-07-27,3322,,0.00,104,,0.98,
2016-07-28,3322,,0.00,104,,0.99,
2016-07-29,3322,,0.00,104,,0.99,
2016-08-01,3322,,0.00,104,,0.98,
2016-08-02,3322,,0.00,104,,0.97,
2016-08-03,3322,,0.00,104,,0.96,
2016-08-04,3322,,0.00,104,,0.96,
2016-08-05,3322,,0.00,104,,0.96,
2016-08-08,3322,,0.00,104,,0.96,
2016-08-09,3322,,0.00,104,,0.98,
2016-08-10,3322,,0.00,104,,0.98,
2016-08-11,3322,,0.00,104,,0.97,
2016-08-12,3322,,0.00,104,,0.95,
2016-08-15,3322,,0.00,104,,0.97,
2016-08-16,3322,,0.00,104,,0.97,
2016-08-17,3322,,0.00,104,,0.93,
2016-08-18,3322,,0.00,104,,0.93,
2016-08-19,3322,,0.00,104,,0.91,
2016-08-22,3322,,0.00,104,,0.92,
2016-08-23,3322,,0.00,104,,0.98,
2016-08-24,3322,,0.00,104,,0.95,
2016-08-25,3322,,0.00,104,,0.94,
2016-08-26,3322,,0.00,104,,0.88,
2016-08-29,3322,,0.00,104,,0.92,
2016-08-30,3322,,0.00,104,,0.92,
2016-08-31,3322,,0.00,104,,0.91,
2016-09-01,3322,,0.00,104,,0.92,
2016-09-02,3322,,0.00,104,,0.92,
2016-09-05,3322,,0.00,104,,0.92,
2016-09-06,3322,,0.00,104,,0.91,
2016-09-07,3322,,0.00,104,,0.91,
2016-09-08,3322,,0.00,104,,0.90,
2016-09-09,3322,,0.00,104,,0.91,
2016-09-10,3322,,0.00,104,,0.91,
2016-09-12,3322,,0.00,104,,0.88,
2016-09-13,3322,,0.00,104,,0.90,
2016-09-14,3322,,0.00,104,,0.88,
2016-09-19,3322,,0.00,104,,0.91,
2016-09-20,3322,,0.00,104,,0.89,
2016-09-21,3322,,0.00,104,,0.90,
2016-09-22,3322,,0.00,104,,0.90,
2016-09-23,3322,,0.00,104,,0.88,
2016-09-26,3322,,0.00,104,,0.89,
2016-09-29,3322,,0.00,104,,0.88,
2016-09-30,3322,,0.00,104,,0.88,
2016-10-03,3322,,0.00,104,,0.87,
2016-10-04,3322,,0.00,104,,0.87,
2016-10-05,3322,,0.00,104,,0.87,
2016-10-06,3322,,0.00,104,,0.86,
2016-10-07,3322,,0.00,104,,0.84,
2016-10-11,3322,,0.00,104,,0.83,
2016-10-12,3322,,0.00,104,,0.84,
2016-10-13,3322,,0.00,104,,0.84,
2016-10-14,3322,,0.00,104,,0.84,
2016-10-17,3322,,0.00,104,,0.85,
2016-10-18,3322,,0.00,104,,0.85,
2016-10-19,3322,,0.00,104,,0.84,
2016-10-20,3322,,0.00,104,,0.84,
2016-10-21,3322,,0.00,104,,0.83,
2016-10-24,3322,,0.00,104,,0.83,
2016-10-25,3322,,0.00,104,,0.81,
2016-10-26,3322,,0.00,104,,0.83,
2016-10-27,3322,,0.00,104,,0.83,
2016-10-28,3322,,0.00,104,,0.83,
2016-10-31,3322,,0.00,104,,0.83,
2016-11-01,3322,,0.00,104,,0.82,
2016-11-02,3322,,0.00,104,,0.80,
2016-11-03,3322,,0.00,104,,0.81,
2016-11-04,3322,,0.00,104,,0.83,
2016-11-07,3322,,0.00,104,,0.83,
2016-11-08,3322,,0.00,104,,0.83,
2016-11-09,3322,,0.00,104,,0.79,
2016-11-10,3322,,0.00,104,,0.83,
2016-11-11,3322,,0.00,104,,0.81,
2016-11-14,3322,,0.00,104,,0.83,
2016-11-15,3322,,0.00,104,,0.80,
2016-11-16,3322,,0.00,104,,0.82,
2016-11-17,3322,,0.00,104,,0.82,
2016-11-18,3322,,0.00,104,,0.82,
2016-11-21,3322,,0.00,104,,0.82,
2016-11-22,3322,,0.00,104,,0.82,
2016-11-23,3322,,0.00,104,,0.81,
2016-11-24,3322,,0.00,104,,0.81,
2016-11-25,3322,,0.00,104,,0.81,
2016-11-28,3322,,0.00,104,,0.81,
2016-11-29,3322,,0.00,104,,0.80,
2016-11-30,3322,,0.00,104,,0.81,
2016-12-01,3322,,0.00,104,,0.84,
2016-12-02,3322,,0.00,104,,0.84,
2016-12-05,3322,,0.00,104,,0.83,
2016-12-06,3322,,0.00,104,,0.83,
2016-12-07,3322,,0.00,104,,0.83,
2016-12-08,3322,,0.00,104,,0.83,
2016-12-09,3322,,0.00,104,,0.82,
2016-12-12,3322,,0.00,104,,0.81,
2016-12-13,3322,,0.00,104,,0.83,
2016-12-14,3322,,0.00,104,,0.83,
2016-12-15,3322,,0.00,104,,0.81,
2016-12-16,3322,,0.00,104,,0.83,
2016-12-19,3322,,0.00,104,,0.82,
2016-12-20,3322,,0.00,104,,0.83,
2016-12-21,3322,,0.00,104,,0.83,
2016-12-22,3322,,0.00,104,,0.82,
2016-12-23,3322,,0.00,104,,0.81,
2016-12-26,3322,,0.00,104,,0.82,
2016-12-27,3322,,0.00,104,,0.82,
2016-12-28,3322,,0.00,104,,0.82,
2016-12-29,3322,,0.00,104,,0.82,
2016-12-30,3322,,0.00,104,,0.82,
2017-01-03,3322,,0.00,105,,0.81,
2017-01-04,3322,,0.00,105,,0.83,
2017-01-05,3322,,0.00,105,,0.82,
2017-01-06,3322,,0.00,105,,0.82,
2017-01-09,3322,,0.00,105,,0.81,
2017-01-10,3322,,0.00,105,,0.82,
2017-01-11,3322,,0.00,105,,0.81,
2017-01-12,3322,,0.00,105,,0.82,
2017-01-13,3322,,0.00,105,,0.82,
2017-01-16,3322,,0.00,105,,0.81,
2017-01-17,3322,,0.00,105,,0.82,
2017-01-18,3322,,0.00,105,,0.80,
2017-01-19,3322,,0.00,105,,0.81,
2017-01-20,3322,,0.00,105,,0.80,
2017-01-23,3322,,0.00,105,,0.80,
2017-01-24,3322,,0.00,105,,0.82,
2017-02-02,3322,,0.00,105,,0.81,
2017-02-03,3322,,0.00,105,,0.81,
2017-02-06,3322,,0.00,105,,0.82,
2017-02-07,3322,,0.00,105,,0.82,
2017-02-08,3322,,0.00,105,,0.82,
2017-02-09,3322,,0.00,105,,0.82,
2017-02-10,3322,,0.00,105,,0.84,
2017-02-13,3322,,0.00,105,,0.92,
2017-02-14,3322,,0.00,105,,0.94,
2017-02-15,3322,,0.00,105,,0.93,
2017-02-16,3322,,0.00,105,,0.92,
2017-02-17,3322,,0.00,105,,0.93,
2017-02-18,3322,,0.00,105,,0.92,
2017-02-20,3322,,0.00,105,,0.93,
2017-02-21,3322,,0.00,105,,0.92,
2017-02-22,3322,,0.00,105,,0.93,
2017-02-23,3322,,0.00,105,,0.93,
2017-02-24,3322,,0.00,105,,0.93,
2017-03-01,3322,,0.00,105,,0.91,
2017-03-02,3322,,0.00,105,,0.90,
2017-03-03,3322,,0.00,105,,0.89,
2017-03-06,3322,,0.00,105,,0.89,
2017-03-07,3322,,0.00,105,,0.89,
2017-03-08,3322,,0.00,105,,0.88,
2017-03-09,3322,,0.00,105,,0.88,
2017-03-10,3322,,0.00,105,,0.87,
2017-03-13,3322,,0.00,105,,0.86,
2017-03-14,3322,,0.00,105,,0.86,
2017-03-15,3322,,0.00,105,,0.87,
2017-03-16,3322,,0.00,105,,0.88,
2017-03-17,3322,,0.00,105,,0.88,
2017-03-20,3322,,0.00,105,,0.88,
2017-03-21,3322,,0.00,105,,0.88,
2017-03-22,3322,,0.00,105,,0.87,
2017-03-23,3322,,0.00,105,,0.87,
2017-03-24,3322,,0.00,105,,0.89,
2017-03-27,3322,,0.00,105,,0.87,
2017-03-28,3322,,0.00,105,,0.88,
2017-03-29,3322,,0.00,105,,0.88,
2017-03-30,3322,,0.00,105,,0.88,
2017-03-31,3322,,0.00,105,,0.87,
2017-04-05,3322,,0.00,105,,0.87,
2017-04-06,3322,,0.00,105,,0.87,
2017-04-07,3322,,0.00,105,,0.86,
2017-04-10,3322,,0.00,105,,0.87,
2017-04-11,3322,,0.00,105,,0.86,
2017-04-12,3322,,0.00,105,,0.85,
2017-04-13,3322,,0.00,105,,0.84,
2017-04-14,3322,,0.00,105,,0.84,
2017-04-17,3322,,0.00,105,,0.80,
2017-04-18,3322,,0.00,105,,0.81,
2017-04-19,3322,,0.00,105,,0.81,
2017-04-20,3322,,0.00,105,,0.81,
2017-04-21,3322,,0.00,105,,0.83,
2017-04-24,3322,,0.00,105,,0.84,
2017-04-25,3322,,0.00,105,,0.84,
2017-04-26,3322,,0.00,105,,0.84,
2017-04-27,3322,,0.00,105,,0.86,
2017-04-28,3322,,0.00,105,,0.86,
2017-05-02,3322,,0.00,105,,0.87,
2017-05-03,3322,,0.00,105,,0.87,
2017-05-04,3322,,0.00,105,,0.87,
2017-05-05,3322,,0.00,105,,0.86,
2017-05-08,3322,,0.00,105,,0.83,
2017-05-09,3322,,0.00,105,,0.85,
2017-05-10,3322,,0.00,105,,0.85,
2017-05-11,3322,,0.00,105,,0.85,
2017-05-12,3322,,0.00,105,,0.84,
2017-05-15,3322,,0.00,105,,0.92,
2017-05-16,3322,,0.00,105,,0.91,
2017-05-17,3322,,0.00,105,,0.92,
2017-05-18,3322,,0.00,105,,0.92,
2017-05-19,3322,,0.00,105,,0.91,
2017-05-22,3322,,0.00,105,,0.90,
2017-05-23,3322,,0.00,105,,0.91,
2017-05-24,3322,,0.00,105,,0.93,
2017-05-25,3322,,0.00,105,,0.92,
2017-05-26,3322,,0.00,105,,0.92,
2017-05-31,3322,,0.00,105,,0.92,
2017-06-01,3322,,0.00,105,,0.92,
2017-06-02,3322,,0.00,105,,0.92,
2017-06-03,3322,,0.00,105,,0.92,
2017-06-05,3322,,0.00,105,,0.91,
2017-06-06,3322,,0.00,105,,0.91,
2017-06-07,3322,,0.00,105,,0.91,
2017-06-08,3322,,0.00,105,,0.92,
2017-06-09,3322,,0.00,105,,0.92,
2017-06-12,3322,,0.00,105,,0.93,
2017-06-13,3322,,0.00,105,,0.92,
2017-06-14,3322,,0.00,105,,0.92,
2017-06-15,3322,,0.00,105,,0.92,
2017-06-16,3322,,0.00,105,,0.92,
2017-06-19,3322,,0.00,105,,0.92,
2017-06-20,3322,,0.00,105,,0.92,
2017-06-21,3322,,0.00,105,,0.92,
2017-06-22,3322,,0.00,105,,0.92,
2017-06-23,3322,,0.00,105,,0.92,
2017-06-26,3322,,0.00,105,,0.92,
2017-06-27,3322,,0.00,105,,0.92,
2017-06-28,3322,,0.00,105,,0.92,
2017-06-29,3322,,0.00,105,,0.92,
2017-06-30,3322,,0.00,105,,0.92,
2017-07-03,3322,,0.00,105,,0.92,
2017-07-04,3322,,0.00,105,,0.92,
2017-07-05,3322,,0.00,105,,0.92,
2017-07-06,3322,,0.00,105,,0.92,
2017-07-07,3322,,0.00,105,,0.92,
2017-07-10,3322,,0.00,105,,0.91,
2017-07-11,3322,,0.00,105,,0.92,
2017-07-12,3322,,0.00,105,,0.91,
2017-07-13,3322,,0.00,105,,0.91,
2017-07-14,3322,,0.00,105,,0.91,
2017-07-17,3322,,0.00,105,,0.89,
2017-07-18,3322,,0.00,105,,0.89,
2017-07-19,3322,,0.00,105,,0.89,
2017-07-20,3322,,0.00,105,,0.90,
2017-07-21,3322,,0.00,105,,0.89,
2017-07-24,3322,,0.00,105,,0.89,
2017-07-25,3322,,0.00,105,,0.89,
2017-07-26,3322,,0.00,105,,0.89,
2017-07-27,3322,,0.00,105,,0.88,
2017-07-28,3322,,0.00,105,,0.88,
2017-07-31,3322,,0.00,105,,0.91,
2017-08-01,3322,,0.00,105,,0.91,
2017-08-02,3322,,0.00,105,,0.91,
2017-08-03,3322,,0.00,105,,0.89,
2017-08-04,3322,,0.00,105,,0.89,
2017-08-07,3322,,0.00,105,,0.89,
2017-08-08,3322,,0.00,105,,0.88,
2017-08-09,3322,,0.00,105,,0.89,
2017-08-10,3322,,0.00,105,,0.88,
2017-08-11,3322,,0.00,105,,0.88,
2017-08-14,3322,,0.00,105,,0.84,
2017-08-15,3322,,0.00,105,,0.86,
2017-08-16,3322,,0.00,105,,0.87,
2017-08-17,3322,,0.00,105,,0.88,
2017-08-18,3322,,0.00,105,,0.88,
2017-08-21,3322,,0.00,105,,0.87,
2017-08-22,3322,,0.00,105,,0.87,
2017-08-23,3322,,0.00,105,,0.87,
2017-08-24,3322,,0.00,105,,0.87,
2017-08-25,3322,,0.00,105,,0.87,
2017-08-28,3322,,0.00,105,,0.87,
2017-08-29,3322,,0.00,105,,0.87,
2017-08-30,3322,,0.00,105,,0.87,
2017-08-31,3322,,0.00,105,,0.86,
2017-09-01,3322,,0.00,105,,0.86,
2017-09-04,3322,,0.00,105,,0.86,
2017-09-05,3322,,0.00,105,,0.86,
2017-09-06,3322,,0.00,105,,0.94,
2017-09-07,3322,,0.00,105,,1.04,
2017-09-08,3322,,0.00,105,,1.07,
2017-09-11,3322,,0.00,105,,1.01,
2017-09-12,3322,,0.00,105,,1.01,
2017-09-13,3322,,0.00,105,,1.00,
2017-09-14,3322,,0.00,105,,0.97,
2017-09-15,3322,,0.00,105,,0.97,
2017-09-18,3322,,0.00,105,,1.00,
2017-09-19,3322,,0.00,105,,1.08,
2017-09-20,3322,,0.00,105,,1.06,
2017-09-21,3322,,0.00,105,,1.07,
2017-09-22,3322,,0.00,105,,1.06,
2017-09-25,3322,,0.00,105,,1.07,
2017-09-26,3322,,0.00,105,,1.05,
2017-09-27,3322,,0.00,105,,1.05,
2017-09-28,3322,,0.00,105,,1.06,
2017-09-29,3322,,0.00,105,,1.06,
2017-09-30,3322,,0.00,105,,1.05,
2017-10-02,3322,,0.00,105,,1.05,
2017-10-03,3322,,0.00,105,,1.10,
2017-10-05,3322,,0.00,105,,1.20,
2017-10-06,3322,,0.00,105,,1.24,
2017-10-11,3322,,0.00,105,,1.21,
2017-10-12,3322,,0.00,105,,1.33,
2017-10-13,3322,,0.00,105,,1.37,
2017-10-16,3322,,0.00,105,,1.39,
2017-10-17,3322,,0.00,105,,1.38,
2017-10-18,3322,,0.00,105,,1.37,
2017-10-19,3322,,0.00,105,,1.33,
2017-10-20,3322,,0.00,105,,1.30,
2017-10-23,3322,,0.00,105,,1.23,
2017-10-24,3322,,0.00,105,,1.26,
2017-10-25,3322,,0.00,105,,1.28,
2017-10-26,3322,,0.00,105,,1.27,
2017-10-27,3322,,0.00,105,,1.26,
2017-10-30,3322,,0.00,105,,1.24,
2017-10-31,3322,,0.00,105,,1.36,
2017-11-01,3322,,0.00,105,,1.35,
2017-11-02,3322,,0.00,105,,1.36,
2017-11-03,3322,,0.00,105,,1.33,
2017-11-06,3322,,0.00,105,,1.33,
2017-11-07,3322,,0.00,105,,1.33,
2017-11-08,3322,,0.00,105,,1.34,
2017-11-09,3322,,0.00,105,,1.33,
2017-11-10,3322,,0.00,105,,1.33,
2017-11-13,3322,,0.00,105,,1.29,
2017-11-14,3322,,0.00,105,,1.21,
2017-11-15,3322,,0.00,105,,1.28,
2017-11-16,3322,,0.00,105,,1.25,
2017-11-17,3322,,0.00,105,,1.26,
2017-11-20,3322,,0.00,105,,1.23,
2017-11-21,3322,,0.00,105,,1.23,
2017-11-22,3322,,0.00,105,,1.25,
2017-11-23,3322,,0.00,105,,1.25,
2017-11-24,3322,,0.00,105,,1.30,
2017-11-27,3322,,0.00,105,,1.34,
2017-11-28,3322,,0.00,105,,1.32,
2017-11-29,3322,,0.00,105,,1.30,
2017-11-30,3322,,0.00,105,,1.27,
2017-12-01,3322,,0.00,105,,1.27,
2017-12-04,3322,,0.00,105,,1.28,
2017-12-05,3322,,0.00,105,,1.25,
2017-12-06,3322,,0.00,105,,1.24,
2017-12-07,3322,,0.00,105,,1.25,
2017-12-08,3322,,0.00,105,,1.25,
2017-12-11,3322,,0.00,105,,1.28,
2017-12-12,3322,,0.00,105,,1.24,
2017-12-13,3322,,0.00,105,,1.23,
2017-12-14,3322,,0.00,105,,1.23,
2017-12-15,3322,,0.00,105,,1.23,
2017-12-18,3322,,0.00,105,,1.23,
2017-12-19,3322,,0.00,105,,1.21,
2017-12-20,3322,,0.00,105,,1.19,
2017-12-21,3322,,0.00,105,,1.21,
2017-12-22,3322,,0.00,105,,1.19,
2017-12-25,3322,,0.00,105,,1.21,
2017-12-26,3322,,0.00,105,,1.19,
2017-12-27,3322,,0.00,105,,1.20,
2017-12-28,3322,,0.00,105,,1.19,
2017-12-29,3322,,0.00,105,,1.20,
2018-01-02,3322,,0.00,106,,1.19,
2018-01-03,3322,,0.00,106,,1.19,
2018-01-04,3322,,0.00,106,,1.20,
2018-01-05,3322,,0.00,106,,1.19,
2018-01-08,3322,,0.00,106,,1.18,
2018-01-09,3322,,0.00,106,,1.15,
2018-01-10,3322,,0.00,106,,1.11,
2018-01-11,3322,,0.00,106,,1.08,
2018-01-12,3322,,0.00,106,,1.10,
2018-01-15,3322,,0.00,106,,1.08,
2018-01-16,3322,,0.00,106,,1.07,
2018-01-17,3322,,0.00,106,,1.07,
2018-01-18,3322,,0.00,106,,1.12,
2018-01-19,3322,,0.00,106,,1.10,
2018-01-22,3322,,0.00,106,,1.08,
2018-01-23,3322,,0.00,106,,1.08,
2018-01-24,3322,,0.00,106,,1.07,
2018-01-25,3322,,0.00,106,,1.07,
2018-01-26,3322,,0.00,106,,1.07,
2018-01-29,3322,,0.00,106,,1.07,
2018-01-30,3322,,0.00,106,,1.06,
2018-01-31,3322,,0.00,106,,1.09,
2018-02-01,3322,,0.00,106,,1.07,
2018-02-02,3322,,0.00,106,,1.07,
2018-02-05,3322,,0.00,106,,1.04,
2018-02-06,3322,,0.00,106,,1.08,
2018-02-07,3322,,0.00,106,,1.03,
2018-02-08,3322,,0.00,106,,1.05,
2018-02-09,3322,,0.00,106,,1.04,
2018-02-12,3322,,0.00,106,,1.03,
2018-02-21,3322,,0.00,106,,1.04,
2018-02-22,3322,,0.00,106,,1.05,
2018-02-23,3322,,0.00,106,,1.05,
2018-02-26,3322,,0.00,106,,1.16,
2018-02-27,3322,,0.00,106,,1.20,
2018-03-01,3322,,0.00,106,,1.18,
2018-03-02,3322,,0.00,106,,1.19,
2018-03-05,3322,,0.00,106,,1.17,
2018-03-06,3322,,0.00,106,,1.17,
2018-03-07,3322,,0.00,106,,1.17,
2018-03-08,3322,,0.00,106,,1.16,
2018-03-09,3322,,0.00,106,,1.18,
2018-03-12,3322,,0.00,106,,1.16,
2018-03-13,3322,,0.00,106,,1.16,
2018-03-14,3322,,0.00,106,,1.16,
2018-03-15,3322,,0.00,106,,1.16,
2018-03-16,3322,,0.00,106,,1.17,
2018-03-19,3322,,0.00,106,,1.19,
2018-03-20,3322,,0.00,106,,1.18,
2018-03-21,3322,,0.00,106,,1.17,
2018-03-22,3322,,0.00,106,,1.11,
2018-03-23,3322,,0.00,106,,1.10,
2018-03-26,3322,,0.00,106,,1.08,
2018-03-27,3322,,0.00,106,,1.07,
2018-03-28,3322,,0.00,106,,1.11,
2018-03-29,3322,,0.00,106,,1.11,
2018-03-30,3322,,0.00,106,,1.13,
2018-03-31,3322,,0.00,106,,1.12,
2018-04-02,3322,,0.00,106,,1.10,
2018-04-03,3322,,0.00,106,,1.09,
2018-04-09,3322,,0.00,106,,1.13,
2018-04-10,3322,,0.00,106,,1.12,
2018-04-11,3322,,0.00,106,,1.09,
2018-04-12,3322,,0.00,106,,1.09,
2018-04-13,3322,,0.00,106,,1.09,
2018-04-16,3322,,0.00,106,,1.09,
2018-04-17,3322,,0.00,106,,1.09,
2018-04-18,3322,,0.00,106,,1.10,
2018-04-19,3322,,0.00,106,,1.10,
2018-04-20,3322,,0.00,106,,1.06,
2018-04-23,3322,,0.00,106,,1.07,
2018-04-24,3322,,0.00,106,,1.08,
2018-04-25,3322,,0.00,106,,1.06,
2018-04-26,3322,,0.00,106,,1.05,
2018-04-27,3322,,0.00,106,,1.06,
2018-04-30,3322,,0.00,106,,1.08,
2018-05-02,3322,,0.00,106,,1.07,
2018-05-03,3322,,0.00,106,,1.07,
2018-05-04,3322,,0.00,106,,1.06,
2018-05-07,3322,,0.00,106,,1.04,
2018-05-08,3322,,0.00,106,,1.04,
2018-05-09,3322,,0.00,106,,1.05,
2018-05-10,3322,,0.00,106,,1.05,
2018-05-11,3322,,0.00,106,,1.04,
2018-05-14,3322,,0.00,106,,1.18,
2018-05-15,3322,,0.00,106,,1.15,
2018-05-16,3322,,0.00,106,,1.12,
2018-05-17,3322,,0.00,106,,1.12,
2018-05-18,3322,,0.00,106,,1.13,
2018-05-21,3322,,0.00,106,,1.12,
2018-05-22,3322,,0.00,106,,1.12,
2018-05-23,3322,,0.00,106,,1.15,
2018-05-24,3322,,0.00,106,,1.15,
2018-05-25,3322,,0.00,106,,1.14,
2018-05-28,3322,,0.00,106,,1.12,
2018-05-29,3322,,0.00,106,,1.10,
2018-05-30,3322,,0.00,106,,1.11,
2018-05-31,3322,,0.00,106,,1.22,
2018-06-01,3322,,0.00,106,,1.34,
2018-06-04,3322,,0.00,106,,1.44,
2018-06-05,3322,,0.00,106,,1.41,
2018-06-06,3322,,0.00,106,,1.38,
2018-06-07,3322,,0.00,106,,1.32,
2018-06-08,3322,,0.00,106,,1.30,
2018-06-11,3322,,0.00,106,,1.32,
2018-06-12,3322,,0.00,106,,1.32,
2018-06-13,3322,,0.00,106,,1.31,
2018-06-14,3322,,0.00,106,,1.32,
2018-06-15,3322,,0.00,106,,1.32,
2018-06-19,3322,,0.00,106,,1.31,
2018-06-20,3322,,0.00,106,,1.30,
2018-06-21,3322,,0.00,106,,1.32,
2018-06-22,3322,,0.00,106,,1.30,
2018-06-25,3322,,0.00,106,,1.30,
2018-06-26,3322,,0.00,106,,1.30,
2018-06-27,3322,,0.00,106,,1.25,
2018-06-28,3322,,0.00,106,,1.24,
2018-06-29,3322,,0.00,106,,1.24,
2018-07-02,3322,,0.00,106,,1.22,
2018-07-03,3322,,0.00,106,,1.21,
2018-07-04,3322,,0.00,106,,1.20,
2018-07-05,3322,,0.00,106,,1.23,
2018-07-06,3322,,0.00,106,,1.23,
2018-07-09,3322,,0.00,106,,1.19,
2018-07-10,3322,,0.00,106,,1.21,
2018-07-11,3322,,0.00,106,,1.21,
2018-07-12,3322,,0.00,106,,1.21,
2018-07-13,3322,,0.00,106,,1.21,
2018-07-16,3322,,0.00,106,,1.25,
2018-07-17,3322,,0.00,106,,1.25,
2018-07-18,3322,,0.00,106,,1.24,
2018-07-19,3322,,0.00,106,,1.21,
2018-07-20,3322,,0.00,106,,1.20,
2018-07-23,3322,,0.00,106,,1.20,
2018-07-24,3322,,0.00,106,,1.24,
2018-07-25,3322,,0.00,106,,1.22,
2018-07-26,3322,,0.00,106,,1.21,
2018-07-27,3322,,0.00,106,,1.24,
2018-07-30,3322,,0.00,106,,1.25,
2018-07-31,3322,,0.00,106,,1.28,
2018-08-01,3322,,0.00,106,,1.28,
2018-08-02,3322,,0.00,106,,1.32,
2018-08-03,3322,,0.00,106,,1.46,
2018-08-06,3322,,0.00,106,,1.50,
2018-08-07,3322,,0.00,106,,1.46,
2018-08-08,3322,,0.00,106,,1.40,
2018-08-09,3322,,0.00,106,,1.43,
2018-08-10,3322,,0.00,106,,1.42,
2018-08-13,3322,,0.00,106,,1.34,
2018-08-14,3322,,0.00,106,,1.33,
2018-08-15,3322,,0.00,106,,1.35,
2018-08-16,3322,,0.00,106,,1.29,
2018-08-17,3322,,0.00,106,,1.28,
2018-08-20,3322,,0.00,106,,1.26,
2018-08-21,3322,,0.00,106,,1.28,
2018-08-22,3322,,0.00,106,,1.26,
2018-08-23,3322,,0.00,106,,1.24,
2018-08-24,3322,,0.00,106,,1.26,
2018-08-27,3322,,0.00,106,,1.27,
2018-08-28,3322,,0.00,106,,1.28,
2018-08-29,3322,,0.00,106,,1.27,
2018-08-30,3322,,0.00,106,,1.27,
2018-08-31,3322,,0.00,106,,1.30,
2018-09-03,3322,,0.00,106,,1.32,
2018-09-04,3322,,0.00,106,,1.33,
2018-09-05,3322,,0.00,106,,1.32,
2018-09-06,3322,,0.00,106,,1.31,
2018-09-07,3322,,0.00,106,,1.30,
2018-09-10,3322,,0.00,106,,1.26,
2018-09-11,3322,,0.00,106,,1.27,
2018-09-12,3322,,0.00,106,,1.25,
2018-09-13,3322,,0.00,106,,1.25,
2018-09-14,3322,,0.00,106,,1.27,
2018-09-17,3322,,0.00,106,,1.28,
2018-09-18,3322,,0.00,106,,1.31,
2018-09-19,3322,,0.00,106,,1.33,
2018-09-20,3322,,0.00,106,,1.33,
2018-09-21,3322,,0.00,106,,1.44,
2018-09-25,3322,,0.00,106,,1.38,
2018-09-26,3322,,0.00,106,,1.37,
2018-09-27,3322,,0.00,106,,1.35,
2018-09-28,3322,,0.00,106,,1.32,
2018-10-01,3322,,0.00,106,,1.34,
2018-10-02,3322,,0.00,106,,1.32,
2018-10-03,3322,,0.00,106,,1.33,
2018-10-04,3322,,0.00,106,,1.32,
2018-10-05,3322,,0.00,106,,1.27,
2018-10-08,3322,,0.00,106,,1.27,
2018-10-09,3322,,0.00,106,,1.29,
2018-10-11,3322,,0.00,106,,1.28,
2018-10-12,3322,,0.00,106,,1.29,
2018-10-15,3322,,0.00,106,,1.27,
2018-10-16,3322,,0.00,106,,1.27,
2018-10-17,3322,,0.00,106,,1.27,
2018-10-18,3322,,0.00,106,,1.25,
2018-10-19,3322,,0.00,106,,1.26,
2018-10-22,3322,,0.00,106,,1.26,
2018-10-23,3322,,0.00,106,,1.26,
2018-10-24,3322,,0.00,106,,1.26,
2018-10-25,3322,,0.00,106,,1.25,
2018-10-26,3322,,0.00,106,,1.25,
2018-10-29,3322,,0.00,106,,1.26,
2018-10-30,3322,,0.00,106,,1.28,
2018-10-31,3322,,0.00,106,,1.28,
2018-11-01,3322,,0.00,106,,1.28,
2018-11-02,3322,,0.00,106,,1.30,
2018-11-05,3322,,0.00,106,,1.27,
2018-11-06,3322,,0.00,106,,1.26,
2018-11-07,3322,,0.00,106,,1.27,
2018-11-08,3322,,0.00,106,,1.34,
2018-11-09,3322,,0.00,106,,1.34,
2018-11-12,3322,,0.00,106,,1.33,
2018-11-13,3322,,0.00,106,2.98,0.82,
2018-11-14,3322,,0.00,106,2.98,0.82,
2018-11-15,3322,,0.00,106,3.14,0.87,
2018-11-16,3322,,0.00,106,3.15,0.87,
2018-11-19,3322,,0.00,106,3.12,0.86,
2018-11-20,3322,,0.00,106,3.43,0.95,
2018-11-21,3322,,0.00,106,3.43,0.95,
2018-11-22,3322,,0.00,106,3.22,0.89,
2018-11-23,3322,,0.00,106,3.16,0.87,
2018-11-26,3322,,0.00,106,3.17,0.88,
2018-11-27,3322,,0.00,106,3.21,0.89,
2018-11-28,3322,,0.00,106,3.17,0.88,
2018-11-29,3322,,0.00,106,3.17,0.88,
2018-11-30,3322,,0.00,106,3.17,0.88,
2018-12-03,3322,,0.00,106,3.27,0.90,
2018-12-04,3322,,0.00,106,3.25,0.90,
2018-12-05,3322,,0.00,106,3.32,0.92,
2018-12-06,3322,,0.00,106,3.63,1.00,
2018-12-07,3322,,0.00,106,3.81,1.05,
2018-12-10,3322,,0.00,106,3.84,1.06,
2018-12-11,3322,,0.00,106,3.84,1.06,
2018-12-12,3322,,0.00,106,3.90,1.08,
2018-12-13,3322,,0.00,106,3.86,1.07,
2018-12-14,3322,,0.00,106,3.94,1.09,
2018-12-17,3322,,0.00,106,3.87,1.07,
2018-12-18,3322,,0.00,106,3.83,1.06,
2018-12-19,3322,,0.00,106,3.71,1.03,
2018-12-20,3322,,0.00,106,3.60,1.00,
2018-12-21,3322,,0.00,106,3.71,1.03,
2018-12-22,3322,,0.00,106,3.68,1.02,
2018-12-24,3322,,0.00,106,4.05,1.12,
2018-12-25,3322,,0.00,106,3.83,1.06,
2018-12-26,3322,,0.00,106,3.83,1.06,
2018-12-27,3322,,0.00,106,3.94,1.09,
2018-12-28,3322,,0.00,106,4.32,1.19,
2019-01-02,3322,,0.00,107,4.60,1.27,
2019-01-03,3322,,0.00,107,4.35,1.20,
2019-01-04,3322,,0.00,107,4.22,1.17,
2019-01-07,3322,,0.00,107,4.30,1.19,
2019-01-08,3322,,0.00,107,4.25,1.18,
2019-01-09,3322,,0.00,107,4.21,1.16,
2019-01-10,3322,,0.00,107,4.24,1.17,
2019-01-11,3322,,0.00,107,4.27,1.18,
2019-01-14,3322,,0.00,107,4.21,1.16,
2019-01-15,3322,,0.00,107,4.19,1.16,
2019-01-16,3322,,0.00,107,4.29,1.18,
2019-01-17,3322,,0.00,107,4.21,1.16,
2019-01-18,3322,,0.00,107,4.22,1.17,
2019-01-21,3322,,0.00,107,4.32,1.19,
2019-01-22,3322,,0.00,107,4.21,1.16,
2019-01-23,3322,,0.00,107,4.27,1.18,
2019-01-24,3322,,0.00,107,4.35,1.20,
2019-01-25,3322,,0.00,107,4.51,1.25,
2019-01-28,3322,,0.00,107,4.38,1.21,
2019-01-29,3322,,0.00,107,4.27,1.18,
2019-01-30,3322,,0.00,107,4.19,1.16,
2019-02-11,3322,,0.00,107,4.21,1.16,
2019-02-12,3322,,0.00,107,4.21,1.16,
2019-02-13,3322,,0.00,107,4.24,1.17,
2019-02-14,3322,,0.00,107,4.24,1.17,
2019-02-15,3322,,0.00,107,4.16,1.15,
2019-02-18,3322,,0.00,107,4.03,1.11,
2019-02-19,3322,,0.00,107,4.06,1.12,
2019-02-20,3322,,0.00,107,4.08,1.13,
2019-02-21,3322,,0.00,107,4.06,1.12,
2019-02-22,3322,,0.00,107,4.06,1.12,
2019-02-25,3322,,0.00,107,3.98,1.10,
2019-02-26,3322,,0.00,107,4.08,1.13,
2019-02-27,3322,,0.00,107,4.00,1.11,
2019-03-04,3322,,0.00,107,4.00,1.11,
2019-03-05,3322,,0.00,107,4.05,1.12,
2019-03-06,3322,,0.00,107,3.98,1.10,
2019-03-07,3322,,0.00,107,3.92,1.08,
2019-03-08,3322,,0.00,107,3.89,1.07,
2019-03-11,3322,,0.00,107,3.87,1.07,
2019-03-12,3322,,0.00,107,3.89,1.07,
2019-03-13,3322,,0.00,107,4.05,1.12,
2019-03-14,3322,,0.00,107,4.02,1.11,
2019-03-15,3322,,0.00,107,3.95,1.09,
2019-03-18,3322,,0.00,107,3.92,1.08,
2019-03-19,3322,,0.00,107,3.98,1.10,
2019-03-20,3322,,0.00,107,3.92,1.08,
2019-03-21,3322,,0.00,107,3.92,1.08,
2019-03-22,3322,,0.00,107,3.86,1.07,
2019-03-25,3322,,2.22,107,3.57,0.99,
2019-03-26,3322,,2.21,107,3.59,0.99,
2019-03-27,3322,,2.23,107,3.56,0.98,
2019-03-28,3322,,2.28,107,2.98,0.95,
2019-03-29,3322,,2.34,107,2.91,0.93,
2019-04-01,3322,,2.24,107,3.03,0.96,
2019-04-02,3322,,2.25,107,3.02,0.96,
2019-04-03,3322,,2.22,107,3.06,0.97,
2019-04-08,3322,,2.25,107,3.02,0.96,
2019-04-09,3322,,2.24,107,3.03,0.96,
2019-04-10,3322,,2.24,107,3.03,0.96,
2019-04-11,3322,,2.24,107,3.03,0.96,
2019-04-12,3322,,2.27,107,2.99,0.95,
2019-04-15,3322,,2.30,107,2.95,0.94,
2019-04-16,3322,,2.27,107,2.99,0.95,
2019-04-17,3322,,2.25,107,3.02,0.96,
2019-04-18,3322,,2.12,107,3.21,1.02,
2019-04-19,3322,,2.07,107,3.29,1.05,
2019-04-22,3322,,2.16,107,3.15,1.00,
2019-04-23,3322,,2.18,107,3.11,0.99,
2019-04-24,3322,,2.18,107,3.11,0.99,
2019-04-25,3322,,2.19,107,3.10,0.99,
2019-04-26,3322,,2.19,107,3.10,0.99,
2019-04-29,3322,,2.29,107,2.96,0.94,
2019-04-30,3322,,2.27,107,2.99,0.95,
2019-05-02,3322,,2.19,107,3.10,0.99,
2019-05-03,3322,,2.11,107,3.22,1.03,
2019-05-06,3322,,2.19,107,3.10,0.99,
2019-05-07,3322,,2.17,107,3.13,0.99,
2019-05-08,3322,,2.19,107,3.10,0.99,
2019-05-09,3322,,2.28,107,2.98,0.95,
2019-05-10,3322,,2.40,107,2.83,0.90,
2019-05-13,3322,,2.56,107,2.65,0.84,
2019-05-14,3322,,2.53,107,2.59,0.87,
2019-05-15,3322,,2.55,107,2.56,0.86,
2019-05-16,3322,,2.62,107,2.49,0.84,
2019-05-17,3322,,2.76,107,2.37,0.80,
2019-05-20,3322,,2.75,107,2.38,0.80,
2019-05-21,3322,,2.75,107,2.38,0.80,
2019-05-22,3322,,2.74,107,2.39,0.80,
2019-05-23,3322,,2.76,107,2.37,0.80,
2019-05-24,3322,,2.77,107,2.36,0.79,
2019-05-27,3322,,2.78,107,2.36,0.79,
2019-05-28,3322,,2.79,107,2.35,0.79,
2019-05-29,3322,,2.78,107,2.36,0.79,
2019-05-30,3322,,2.75,107,2.38,0.80,
2019-05-31,3322,,2.76,107,2.37,0.80,
2019-06-03,3322,,2.80,107,2.34,0.78,
2019-06-04,3322,,2.78,107,2.35,0.79,
2019-06-05,3322,,2.79,107,2.34,0.79,
2019-06-06,3322,,2.84,107,2.30,0.77,
2019-06-10,3322,,2.83,107,2.31,0.78,
2019-06-11,3322,,2.84,107,2.30,0.77,
2019-06-12,3322,,2.83,107,2.31,0.78,
2019-06-13,3322,,2.84,107,2.30,0.77,
2019-06-14,3322,,2.87,107,2.28,0.77,
2019-06-17,3322,,2.88,107,2.27,0.76,
2019-06-18,3322,,2.96,107,2.21,0.74,
2019-06-19,3322,,2.93,107,2.23,0.75,
2019-06-20,3322,,2.90,107,2.26,0.76,
2019-06-21,3322,,2.90,107,2.26,0.76,
2019-06-24,3322,,2.88,107,2.27,0.76,
2019-06-25,3322,,2.89,107,2.27,0.76,
2019-06-26,3322,,2.89,107,2.27,0.76,
2019-06-27,3322,,2.88,107,2.27,0.76,
2019-06-28,3322,,2.88,107,2.27,0.76,
2019-07-01,3322,,2.86,107,2.29,0.77,
2019-07-02,3322,,2.86,107,2.29,0.77,
2019-07-03,3322,,2.84,107,2.30,0.77,
2019-07-04,3322,,2.81,107,2.33,0.78,
2019-07-05,3322,,2.69,107,2.43,0.82,
2019-07-08,3322,,2.73,107,2.40,0.80,
2019-07-09,3322,,2.71,107,2.42,0.81,
2019-07-10,3322,,2.72,107,2.41,0.81,
2019-07-11,3322,,2.74,107,2.39,0.80,
2019-07-12,3322,,2.74,107,2.39,0.80,
2019-07-15,3322,,2.74,107,2.39,0.80,
2019-07-16,3322,,2.75,107,2.38,0.80,
2019-07-17,3322,,2.76,107,2.37,0.80,
2019-07-18,3322,,2.73,107,2.40,0.80,
2019-07-19,3322,,2.75,107,2.38,0.80,
2019-07-22,3322,,2.74,107,2.39,0.80,
2019-07-23,3322,,2.71,107,2.42,0.81,
2019-07-24,3322,,2.73,107,2.40,0.80,
2019-07-25,3322,,2.74,107,2.38,0.80,
2019-07-26,3322,,2.75,107,2.38,0.80,
2019-07-29,3322,,2.72,107,2.40,0.81,
2019-07-30,3322,,2.71,107,2.42,0.81,
2019-07-31,3322,,2.74,107,2.39,0.80,
2019-08-01,3322,,2.77,107,2.37,0.79,
2019-08-02,3322,,2.78,107,2.35,0.79,
2019-08-05,3322,,2.87,107,2.28,0.77,
2019-08-06,3322,,2.98,107,2.20,0.74,
2019-08-07,3322,,3.00,107,2.18,0.73,
2019-08-08,3322,,2.95,107,2.22,0.75,
2019-08-12,3322,,2.91,107,2.25,0.75,
2019-08-13,3322,,2.94,107,2.23,0.75,
2019-08-14,3322,,2.95,107,2.43,0.79,
2019-08-15,3322,,2.96,107,2.42,0.79,
2019-08-16,3322,,2.91,107,2.46,0.80,
2019-08-19,3322,,2.79,107,2.57,0.84,
2019-08-20,3322,,2.75,107,2.61,0.85,
2019-08-21,3322,,2.78,107,2.58,0.84,
2019-08-22,3322,,2.81,107,2.55,0.83,
2019-08-23,3322,,2.79,107,2.52,0.82,
2019-08-26,3322,,2.82,107,2.49,0.81,
2019-08-27,3322,,2.82,107,2.49,0.81,
2019-08-28,3322,,2.80,107,2.51,0.82,
2019-08-29,3322,,2.80,107,2.51,0.82,
2019-08-30,3322,,2.80,107,2.51,0.82,
2019-09-02,3322,,2.81,107,2.50,0.82,
2019-09-03,3322,,2.78,107,2.53,0.82,
2019-09-04,3322,,2.79,107,2.52,0.82,
2019-09-05,3322,,2.78,107,2.53,0.82,
2019-09-06,3322,,2.76,107,2.55,0.83,
2019-09-09,3322,,2.76,107,2.55,0.83,
2019-09-10,3322,,2.82,107,2.50,0.81,
2019-09-11,3322,,2.79,107,2.52,0.82,
2019-09-12,3322,,2.79,107,2.52,0.82,
2019-09-16,3322,,2.76,107,2.54,0.83,
2019-09-17,3322,,2.80,107,2.51,0.82,
2019-09-18,3322,,2.89,107,2.44,0.79,
2019-09-19,3322,,2.89,107,2.43,0.79,
2019-09-20,3322,,2.89,107,2.44,0.79,
2019-09-23,3322,,2.79,107,2.52,0.82,
2019-09-24,3322,,2.54,107,2.77,0.90,
2019-09-25,3322,,2.55,107,2.76,0.90,
2019-09-26,3322,,2.60,107,2.70,0.88,
2019-09-27,3322,,2.67,107,2.63,0.86,
2019-10-01,3322,,2.66,107,2.64,0.86,
2019-10-02,3322,,2.64,107,2.66,0.87,
2019-10-03,3322,,2.68,107,2.62,0.86,
2019-10-04,3322,,2.67,107,2.63,0.86,
2019-10-07,3322,,2.64,107,2.66,0.87,
2019-10-08,3322,,2.67,107,2.63,0.86,
2019-10-09,3322,,2.67,107,2.63,0.86,
2019-10-14,3322,,2.67,107,2.63,0.86,
2019-10-15,3322,,2.73,107,2.58,0.84,
2019-10-16,3322,,2.72,107,2.58,0.84,
2019-10-17,3322,,2.71,107,2.59,0.85,
2019-10-18,3322,,2.73,107,2.58,0.84,
2019-10-21,3322,,2.77,107,2.54,0.83,
2019-10-22,3322,,2.70,107,2.60,0.85,
2019-10-23,3322,,2.76,107,2.55,0.83,
2019-10-24,3322,,2.75,107,2.56,0.83,
2019-10-25,3322,,2.75,107,2.55,0.83,
2019-10-28,3322,,2.76,107,2.55,0.83,
2019-10-29,3322,,2.74,107,2.56,0.84,
2019-10-30,3322,,2.74,107,2.56,0.84,
2019-10-31,3322,,2.74,107,2.56,0.84,
2019-11-01,3322,,2.74,107,2.56,0.84,
2019-11-04,3322,,2.74,107,2.56,0.84,
2019-11-05,3322,,2.73,107,2.58,0.84,
2019-11-06,3322,,2.73,107,2.57,0.84,
2019-11-07,3322,,2.76,107,2.55,0.83,
2019-11-08,3322,,2.76,107,2.55,0.83,
2019-11-11,3322,,2.80,107,2.51,0.82,
2019-11-12,3322,,2.82,107,,0.84,
2019-11-13,3322,,2.83,107,,0.84,
2019-11-14,3322,,2.88,107,,0.82,
2019-11-15,3322,,2.88,107,,0.82,
2019-11-18,3322,,2.87,107,,0.82,
2019-11-19,3322,,2.88,107,,0.82,
2019-11-20,3322,,2.85,107,,0.83,
2019-11-21,3322,,2.86,107,,0.83,
2019-11-22,3322,,2.88,107,,0.82,
2019-11-25,3322,,2.83,107,,0.84,
2019-11-26,3322,,2.89,107,,0.82,
2019-11-27,3322,,2.89,107,,0.82,
2019-11-28,3322,,2.88,107,,0.82,
2019-11-29,3322,,2.89,107,,0.82,
2019-12-02,3322,,2.89,107,,0.82,
2019-12-03,3322,,2.94,107,,0.81,
2019-12-04,3322,,2.90,107,,0.81,
2019-12-05,3322,,2.94,107,,0.80,
2019-12-06,3322,,2.94,107,,0.80,
2019-12-09,3322,,2.94,107,,0.81,
2019-12-10,3322,,2.92,107,,0.81,
2019-12-11,3322,,2.90,107,,0.82,
2019-12-12,3322,,2.91,107,,0.81,
2019-12-13,3322,,2.94,107,,0.80,
2019-12-16,3322,,2.92,107,,0.81,
2019-12-17,3322,,2.92,107,,0.81,
2019-12-18,3322,,2.94,107,,0.80,
2019-12-19,3322,,2.95,107,,0.80,
2019-12-20,3322,,2.96,107,,0.80,
2019-12-23,3322,,2.99,107,,0.79,
2019-12-24,3322,,2.99,107,,0.79,
2019-12-25,3322,,2.99,107,,0.79,
2019-12-26,3322,,2.99,107,,0.79,
2019-12-27,3322,,2.99,107,,0.79,
2019-12-30,3322,,2.99,107,,0.79,
2019-12-31,3322,,2.99,107,,0.79,
2020-01-02,3322,,2.99,108,,0.79,
2020-01-03,3322,,3.02,108,,0.78,
2020-01-06,3322,,3.06,108,,0.77,
2020-01-07,3322,,3.09,108,,0.77,
2020-01-08,3322,,3.10,108,,0.76,
2020-01-09,3322,,3.12,108,,0.76,
2020-01-10,3322,,3.11,108,,0.76,
2020-01-13,3322,,3.11,108,,0.76,
2020-01-14,3322,,3.08,108,,0.77,
2020-01-15,3322,,3.08,108,,0.77,
2020-01-16,3322,,3.07,108,,0.77,
2020-01-17,3322,,3.08,108,,0.77,
2020-01-20,3322,,3.07,108,,0.77,
2020-01-30,3322,,3.41,108,,0.69,
2020-01-31,3322,,3.41,108,,0.69,
2020-02-03,3322,,3.65,108,,0.65,
2020-02-04,3322,,3.48,108,,0.68,
2020-02-05,3322,,3.50,108,,0.68,
2020-02-06,3322,,3.46,108,,0.68,
2020-02-07,3322,,3.53,108,,0.67,
2020-02-10,3322,,3.46,108,,0.68,
2020-02-11,3322,,3.46,108,,0.68,
2020-02-12,3322,,3.43,108,,0.69,
2020-02-13,3322,,3.41,108,,0.69,
2020-02-14,3322,,3.41,108,,0.69,
2020-02-17,3322,,3.41,108,,0.69,
2020-02-18,3322,,3.43,108,,0.69,
2020-02-19,3322,,3.41,108,,0.69,
2020-02-20,3322,,3.41,108,,0.69,
2020-02-21,3322,,3.43,108,,0.69,
2020-02-24,3322,,3.45,108,,0.68,
2020-02-25,3322,,3.45,108,,0.68,
2020-02-26,3322,,3.46,108,,0.68,
2020-02-27,3322,,3.54,108,,0.67,
2020-03-02,3322,,3.62,108,,0.65,
2020-03-03,3322,,3.59,108,,0.66,
2020-03-04,3322,,3.54,108,,0.67,
2020-03-05,3322,,3.54,108,,0.67,
2020-03-06,3322,,3.59,108,,0.66,
2020-03-09,3322,,3.68,108,,0.64,
2020-03-10,3322,,3.68,108,,0.64,
2020-03-11,3322,,3.77,108,,0.63,
2020-03-12,3322,,4.05,108,,0.58,
2020-03-13,3322,,4.09,108,,0.58,
2020-03-16,3322,,4.52,108,,0.52,
2020-03-17,3322,,4.72,108,,0.50,
2020-03-18,3322,,4.76,108,,0.50,
2020-03-19,3322,,5.07,108,,0.47,
2020-03-20,3322,,0.00,108,,0.47,
2020-03-23,3322,,0.00,108,,0.44,
2020-03-24,3322,,0.00,108,,0.46,
2020-03-25,3322,,0.00,108,,0.47,
2020-03-26,3322,,0.00,108,,0.48,
2020-03-27,3322,,0.00,108,,0.49,
2020-03-30,3322,,0.00,108,,0.48,
2020-03-31,3322,,0.00,108,,0.49,
2020-04-01,3322,,0.00,108,,0.49,
2020-04-06,3322,,0.00,108,,0.49,
2020-04-07,3322,,0.00,108,,0.50,
2020-04-08,3322,,0.00,108,,0.51,
2020-04-09,3322,,0.00,108,,0.52,
2020-04-10,3322,,0.00,108,,0.54,
2020-04-13,3322,,0.00,108,,0.53,
2020-04-14,3322,,0.00,108,,0.55,
2020-04-15,3322,,0.00,108,,0.58,
2020-04-16,3322,,0.00,108,,0.59,
2020-04-17,3322,,0.00,108,,0.59,
2020-04-20,3322,,0.00,108,,0.59,
2020-04-21,3322,,0.00,108,,0.56,
2020-04-22,3322,,0.00,108,,0.60,
2020-04-23,3322,,0.00,108,,0.62,
2020-04-24,3322,,0.00,108,,0.63,
2020-04-27,3322,,0.00,108,,0.63,
2020-04-28,3322,,0.00,108,,0.63,
2020-04-29,3322,,0.00,108,,0.66,
2020-04-30,3322,,0.00,108,,0.66,
2020-05-04,3322,,0.00,108,,0.64,
2020-05-05,3322,,0.00,108,,0.63,
2020-05-06,3322,,0.00,108,,0.63,
2020-05-07,3322,,0.00,108,,0.65,
2020-05-08,3322,,0.00,108,,0.64,
2020-05-11,3322,,0.00,108,,0.65,
2020-05-12,3322,,0.00,108,,0.67,
2020-05-13,3322,,0.00,108,,0.72,
2020-05-14,3322,,0.00,108,,0.69,
2020-05-15,3322,,0.00,108,,0.71,
2020-05-18,3322,,0.00,108,,0.69,
2020-05-19,3322,,0.00,108,,0.69,
2020-05-20,3322,,0.00,108,,0.69,
2020-05-21,3322,,0.00,108,,0.71,
2020-05-22,3322,,0.00,108,,0.70,
2020-05-25,3322,,0.00,108,,0.69,
2020-05-26,3322,,0.00,108,,0.69,
2020-05-27,3322,,0.00,108,,0.69,
2020-05-28,3322,,0.00,108,,0.69,
2020-05-29,3322,,0.00,108,,0.68,
2020-06-01,3322,,0.00,108,,0.68,
2020-06-02,3322,,0.00,108,,0.68,
2020-06-03,3322,,0.00,108,,0.69,
2020-06-04,3322,,0.00,108,,0.68,
2020-06-05,3322,,0.00,108,,0.69,
2020-06-08,3322,,0.00,108,,0.69,
2020-06-09,3322,,0.00,108,,0.69,
2020-06-10,3322,,0.00,108,,0.71,
2020-06-11,3322,,0.00,108,,0.70,
2020-06-12,3322,,0.00,108,,0.69,
2020-06-15,3322,,0.00,108,,0.69,
2020-06-16,3322,,0.00,108,,0.69,
2020-06-17,3322,,0.00,108,,0.69,
2020-06-18,3322,,0.00,108,,0.68,
2020-06-19,3322,,0.00,108,,0.69,
2020-06-22,3322,,0.00,108,,0.67,
2020-06-23,3322,,0.00,108,,0.67,
2020-06-24,3322,,0.00,108,,0.67,
2020-06-29,3322,,0.00,108,,0.67,
2020-06-30,3322,,0.00,108,,0.68,
2020-07-01,3322,,0.00,108,,0.69,
2020-07-02,3322,,0.00,108,,0.72,
2020-07-03,3322,,0.00,108,,0.71,
2020-07-06,3322,,0.00,108,,0.72,
2020-07-07,3322,,0.00,108,,0.72,
2020-07-08,3322,,0.00,108,,0.79,
2020-07-09,3322,,0.00,108,,0.86,
2020-07-10,3322,,0.00,108,,0.78,
2020-07-13,3322,,0.00,108,,0.81,
2020-07-14,3322,,0.00,108,,0.80,
2020-07-15,3322,,0.00,108,,0.80,
2020-07-16,3322,,0.00,108,,0.80,
2020-07-17,3322,,0.00,108,,0.77,
2020-07-20,3322,,0.00,108,,0.78,
2020-07-21,3322,,0.00,108,,0.78,
2020-07-22,3322,,0.00,108,,0.77,
2020-07-23,3322,,0.00,108,,0.76,
2020-07-24,3322,,0.00,108,,0.75,
2020-07-27,3322,,0.00,108,,0.75,
2020-07-28,3322,,0.00,108,,0.72,
2020-07-29,3322,,0.00,108,,0.73,
2020-07-30,3322,,0.00,108,,0.74,
2020-07-31,3322,,0.00,108,,0.73,
2020-08-03,3322,,0.00,108,,0.73,
2020-08-04,3322,,0.00,108,,0.73,
2020-08-05,3322,,0.00,108,,0.73,
2020-08-06,3322,,0.00,108,,0.73,
2020-08-07,3322,,0.00,108,,0.72,
2020-08-10,3322,,0.00,108,,0.72,
2020-08-11,3322,,0.00,108,,0.72,
2020-08-12,3322,,0.00,108,,0.74,
2020-08-13,3322,,0.00,108,,0.74,
2020-08-14,3322,,0.00,108,,0.75,
2020-08-17,3322,,0.00,108,,0.76,
2020-08-18,3322,,0.00,108,,0.76,
2020-08-19,3322,,0.00,108,,0.76,
2020-08-20,3322,,0.00,108,,0.74,
2020-08-21,3322,,0.00,108,,0.75,
2020-08-24,3322,,0.00,108,,0.75,
2020-08-25,3322,,0.00,108,,0.76,
2020-08-26,3322,,0.00,108,,0.76,
2020-08-27,3322,,0.00,108,,0.80,
2020-08-28,3322,,0.00,108,,0.80,
2020-08-31,3322,,0.00,108,,0.80,
2020-09-01,3322,,0.00,108,,0.80,
2020-09-02,3322,,0.00,108,,0.80,
2020-09-03,3322,,0.00,108,,0.80,
2020-09-04,3322,,0.00,108,,0.80,
2020-09-07,3322,,0.00,108,,0.80,
2020-09-08,3322,,0.00,108,,0.80,
2020-09-09,3322,,0.00,108,,0.81,
2020-09-10,3322,,0.00,108,,0.80,
2020-09-11,3322,,0.00,108,,0.82,
2020-09-14,3322,,0.00,108,,0.83,
2020-09-15,3322,,0.00,108,,0.83,
2020-09-16,3322,,0.00,108,,0.83,
2020-09-17,3322,,0.00,108,,0.88,
2020-09-18,3322,,0.00,108,,0.87,
2020-09-21,3322,,0.00,108,,0.86,
2020-09-22,3322,,0.00,108,,0.85,
2020-09-23,3322,,0.00,108,,0.85,
2020-09-24,3322,,0.00,108,,0.82,
2020-09-25,3322,,0.00,108,,0.80,
2020-09-28,3322,,0.00,108,,0.80,
2020-09-29,3322,,0.00,108,,0.80,
2020-09-30,3322,,0.00,108,,0.81,
2020-10-05,3322,,0.00,108,,0.81,
2020-10-06,3322,,0.00,108,,0.83,
2020-10-07,3322,,0.00,108,,0.83,
2020-10-08,3322,,0.00,108,,0.84,
2020-10-12,3322,,0.00,108,,0.83,
2020-10-13,3322,,0.00,108,,0.82,
2020-10-14,3322,,0.00,108,,0.82,
2020-10-15,3322,,0.00,108,,0.82,
2020-10-16,3322,,0.00,108,,0.82,
2020-10-19,3322,,0.00,108,,0.82,
2020-10-20,3322,,0.00,108,,0.82,
2020-10-21,3322,,0.00,108,,0.81,
2020-10-22,3322,,0.00,108,,0.81,
2020-10-23,3322,,0.00,108,,0.80,
2020-10-26,3322,,0.00,108,,0.81,
2020-10-27,3322,,0.00,108,,0.83,
2020-10-28,3322,,0.00,108,,0.83,
2020-10-29,3322,,0.00,108,,0.81,
2020-10-30,3322,,0.00,108,,0.81,
2020-11-02,3322,,0.00,108,,0.80,
2020-11-03,3322,,0.00,108,,0.81,
2020-11-04,3322,,0.00,108,,0.82,
2020-11-05,3322,,0.00,108,,0.82,
2020-11-06,3322,,0.00,108,,0.81,
2020-11-09,3322,,0.00,108,,0.81,
2020-11-10,3322,,0.00,108,,0.81,
2020-11-11,3322,,0.00,108,,0.81,
2020-11-12,3322,,0.00,108,,0.81,
2020-11-13,3322,,0.00,108,,0.81,
2020-11-16,3322,,0.00,108,,0.81,
2020-11-17,3322,,0.00,108,,0.80,
2020-11-18,3322,,0.00,108,,0.80,
2020-11-19,3322,,0.00,108,,0.80,
2020-11-20,3322,,0.00,108,,0.80,
2020-11-23,3322,,0.00,108,,0.80,
2020-11-24,3322,,0.00,108,,0.81,
2020-11-25,3322,,0.00,108,,0.81,
2020-11-26,3322,,0.00,108,,0.81,
2020-11-27,3322,,0.00,108,,0.81,
2020-11-30,3322,,0.00,108,,0.82,
2020-12-01,3322,,0.00,108,,0.83,
2020-12-02,3322,,0.00,108,,0.86,
2020-12-03,3322,,0.00,108,,0.85,
2020-12-04,3322,,0.00,108,,0.85,
2020-12-07,3322,,0.00,108,,0.85,
2020-12-08,3322,,0.00,108,,0.86,
2020-12-09,3322,,0.00,108,,0.86,
2020-12-10,3322,,0.00,108,,0.94,
2020-12-11,3322,,0.00,108,,0.96,
2020-12-14,3322,,0.00,108,,1.03,
2020-12-15,3322,,0.00,108,,1.02,
2020-12-16,3322,,0.00,108,,1.06,
2020-12-17,3322,,0.00,108,,1.16,
2020-12-18,3322,,0.00,108,,1.19,
2020-12-21,3322,,0.00,108,,1.15,
2020-12-22,3322,,0.00,108,,1.21,
2020-12-23,3322,,0.00,108,,1.32,
2020-12-24,3322,,0.00,108,,1.43,
2020-12-25,3322,,0.00,108,,1.37,
2020-12-28,3322,,0.00,108,,1.35,
2020-12-29,3322,,0.00,108,,1.23,
2020-12-30,3322,,0.00,108,,1.24,
2020-12-31,3322,,0.00,108,,1.23,
2021-01-04,3322,,0.00,109,,1.21,
2021-01-05,3322,,0.00,109,,1.18,
2021-01-06,3322,,0.00,109,,1.12,
2021-01-07,3322,,0.00,109,,1.12,
2021-01-08,3322,,0.00,109,,1.10,
2021-01-11,3322,,0.00,109,,1.21,
2021-01-12,3322,,0.00,109,,1.22,
2021-01-13,3322,,0.00,109,,1.34,
2021-01-14,3322,,0.00,109,,1.45,
2021-01-15,3322,,0.00,109,,1.37,
2021-01-18,3322,,0.00,109,,1.31,
2021-01-19,3322,,0.00,109,,1.32,
2021-01-20,3322,,0.00,109,,1.34,
2021-01-21,3322,,0.00,109,,1.41,
2021-01-22,3322,,0.00,109,,1.31,
2021-01-25,3322,,0.00,109,,1.27,
2021-01-26,3322,,0.00,109,,1.27,
2021-01-27,3322,,0.00,109,,1.32,
2021-01-28,3322,,0.00,109,,1.28,
2021-01-29,3322,,0.00,109,,1.28,
2021-02-01,3322,,0.00,109,,1.24,
2021-02-02,3322,,0.00,109,,1.36,
2021-02-03,3322,,0.00,109,,1.36,
2021-02-04,3322,,0.00,109,,1.30,
2021-02-05,3322,,0.00,109,,1.27,
2021-02-17,3322,,0.00,109,,1.34,
2021-02-18,3322,,0.00,109,,1.40,
2021-02-19,3322,,0.00,109,,1.53,
2021-02-22,3322,,0.00,109,,1.54,
2021-02-23,3322,,0.00,109,,1.67,
2021-02-24,3322,,0.00,109,,1.73,
2021-02-25,3322,,0.00,109,,1.63,
2021-02-26,3322,,0.00,109,,1.57,
2021-03-02,3322,,0.00,109,,1.53,
2021-03-03,3322,,0.00,109,,1.61,
2021-03-04,3322,,0.00,109,,1.58,
2021-03-05,3322,,0.00,109,,1.56,
2021-03-08,3322,,0.00,109,,1.57,
2021-03-09,3322,,0.00,109,,1.69,
2021-03-10,3322,,0.00,109,,1.64,
2021-03-11,3322,,0.00,109,,1.80,
2021-03-12,3322,,0.00,109,,1.85,
2021-03-15,3322,,0.00,109,,1.84,
2021-03-16,3322,,0.00,109,,1.86,
2021-03-17,3322,,0.00,109,,1.84,
2021-03-18,3322,,0.00,109,,1.91,
2021-03-19,3322,,0.00,109,,1.87,
2021-03-22,3322,,0.00,109,,1.85,
2021-03-23,3322,,0.00,109,,1.78,
2021-03-24,3322,,0.00,109,,1.89,
2021-03-25,3322,,0.00,109,,1.82,
2021-03-26,3322,,0.00,109,,1.86,
2021-03-29,3322,,0.00,109,,2.04,
2021-03-30,3322,,0.00,109,,2.05,
2021-03-31,3322,,0.00,109,,2.13,
2021-04-01,3322,,0.00,109,,2.34,
2021-04-06,3322,,0.00,109,,2.57,
2021-04-07,3322,,0.00,109,,2.46,
2021-04-08,3322,,0.00,109,,2.49,
2021-04-09,3322,,0.00,109,,2.43,
2021-04-12,3322,,0.00,109,,2.41,
2021-04-13,3322,,0.00,109,,2.38,
2021-04-14,3322,,0.00,109,,2.31,
2021-04-15,3322,,0.00,109,,2.45,
2021-04-16,3322,,0.00,109,,2.38,
2021-04-19,3322,,0.00,109,,2.31,
2021-04-20,3322,,0.00,109,,2.32,
2021-04-21,3322,,0.00,109,,2.26,
2021-04-22,3322,,0.00,109,,2.08,
2021-04-23,3322,,0.00,109,,2.28,
2021-04-26,3322,,0.00,109,,2.40,
2021-04-27,3322,,0.00,109,,2.32,
2021-04-28,3322,,0.00,109,,2.25,
2021-04-29,3322,,0.00,109,,2.18,
2021-05-03,3322,,0.00,109,,2.06,
2021-05-04,3322,,0.00,109,,1.98,
2021-05-05,3322,,0.00,109,,2.00,
2021-05-06,3322,,0.00,109,,2.04,
2021-05-07,3322,,0.00,109,,2.14,
2021-05-10,3322,,0.00,109,,2.03,
2021-05-11,3322,,0.00,109,,1.84,
2021-05-12,3322,,0.00,109,,1.66,
2021-05-13,3322,,0.00,109,,1.77,
2021-05-14,3322,,0.00,109,,1.74,
2021-05-17,3322,,0.00,109,,1.57,
2021-05-18,3322,,0.00,109,,1.70,
2021-05-19,3322,,0.00,109,,1.75,
2021-05-20,3322,,0.00,109,,1.68,
2021-05-21,3322,,0.00,109,,1.76,
2021-05-24,3322,,0.00,109,,1.85,
2021-05-25,3322,,0.00,109,,2.03,
2021-05-26,3322,,0.00,109,,1.95,
2021-05-27,3322,,0.00,109,,1.92,
2021-05-28,3322,,0.00,109,,1.93,
2021-05-31,3322,,0.00,109,,1.88,
2021-06-01,3322,,0.00,109,,1.89,
2021-06-02,3322,,0.00,109,,1.81,
2021-06-03,3322,,0.00,109,,1.83,
2021-06-04,3322,,0.00,109,,1.76,
2021-06-07,3322,,0.00,109,,1.78,
2021-06-08,3322,,0.00,109,,1.78,
2021-06-09,3322,,0.00,109,,1.83,
2021-06-10,3322,,0.00,109,,1.78,
2021-06-11,3322,,0.00,109,,1.79,
2021-06-15,3322,,0.00,109,,1.76,
2021-06-16,3322,,0.00,109,,1.71,
2021-06-17,3322,,0.00,109,,1.70,
2021-06-18,3322,,0.00,109,,1.74,
2021-06-21,3322,,0.00,109,,1.65,
2021-06-22,3322,,0.00,109,,1.64,
2021-06-23,3322,,0.00,109,,1.65,
2021-06-24,3322,,0.00,109,,1.67,
2021-06-25,3322,,0.00,109,,1.65,
2021-06-28,3322,,0.00,109,,1.69,
2021-06-29,3322,,0.00,109,,1.64,
2021-06-30,3322,,0.00,109,,1.64,
2021-07-01,3322,,0.00,109,,1.61,
2021-07-02,3322,,0.00,109,,1.64,
2021-07-05,3322,,0.00,109,,1.67,
2021-07-06,3322,,0.00,109,,1.62,
2021-07-07,3322,,0.00,109,,1.60,
2021-07-08,3322,,0.00,109,,1.61,
2021-07-09,3322,,0.00,109,,1.58,
2021-07-12,3322,,0.00,109,,1.66,
2021-07-13,3322,,0.00,109,,1.67,
2021-07-14,3322,,0.00,109,,1.64,
2021-07-15,3322,,0.00,109,,1.69,
2021-07-16,3322,,0.00,109,,1.70,
2021-07-19,3322,,0.00,109,,1.73,
2021-07-20,3322,,0.00,109,,1.75,
2021-07-21,3322,,0.00,109,,1.69,
2021-07-22,3322,,0.00,109,,1.86,
2021-07-23,3322,,0.00,109,,1.90,
2021-07-26,3322,,0.00,109,,1.91,
2021-07-27,3322,,0.00,109,,1.82,
2021-07-28,3322,,0.00,109,,1.72,
2021-07-29,3322,,0.00,109,,1.73,
2021-07-30,3322,,0.00,109,,1.70,
2021-08-02,3322,,0.00,109,,1.71,
2021-08-03,3322,,0.00,109,,1.72,
2021-08-04,3322,,0.00,109,,1.72,
2021-08-05,3322,,0.00,109,,1.71,
2021-08-06,3322,,0.00,109,,1.80,
2021-08-09,3322,,0.00,109,,1.71,
2021-08-10,3322,,0.00,109,,1.70,
2021-08-11,3322,,0.00,109,,1.65,
2021-08-12,3322,,0.00,109,822.50,1.69,
2021-08-13,3322,,0.00,109,807.50,1.66,
2021-08-16,3322,,0.00,109,800.00,1.65,
2021-08-17,3322,,0.00,109,792.50,1.63,
2021-08-18,3322,,0.00,109,805.00,1.66,
2021-08-19,3322,,0.00,109,787.50,1.62,
2021-08-20,3322,,0.00,109,775.00,1.60,
2021-08-23,3322,,0.00,109,787.50,1.62,
2021-08-24,3322,,0.00,109,780.00,1.61,
2021-08-25,3322,,0.00,109,790.00,1.63,
2021-08-26,3322,,0.00,109,785.00,1.62,
2021-08-27,3322,,0.00,109,782.50,1.61,
2021-08-30,3322,,0.00,109,787.50,1.62,
2021-08-31,3322,,0.00,109,782.50,1.61,
2021-09-01,3322,,0.00,109,807.50,1.66,
2021-09-02,3322,,0.00,109,795.00,1.64,
2021-09-03,3322,,0.00,109,795.00,1.64,
2021-09-06,3322,,0.00,109,780.00,1.61,
2021-09-07,3322,,0.00,109,777.50,1.60,
2021-09-08,3322,,0.00,109,760.00,1.57,
2021-09-09,3322,,0.00,109,770.00,1.59,
2021-09-10,3322,,0.00,109,775.00,1.60,
2021-09-13,3322,,0.00,109,782.50,1.61,
2021-09-14,3322,,0.00,109,775.00,1.60,
2021-09-15,3322,,0.00,109,765.00,1.58,
2021-09-16,3322,,0.00,109,762.50,1.57,
2021-09-17,3322,,0.00,109,757.50,1.56,
2021-09-22,3322,,0.00,109,732.50,1.51,
2021-09-23,3322,,0.00,109,737.50,1.52,
2021-09-24,3322,,0.00,109,740.00,1.52,
2021-09-27,3322,,0.00,109,812.50,1.67,
2021-09-28,3322,,0.00,109,812.50,1.67,
2021-09-29,3322,,0.00,109,787.50,1.62,
2021-09-30,3322,,0.00,109,795.00,1.64,
2021-10-01,3322,,0.00,109,770.00,1.59,
2021-10-04,3322,,0.00,109,702.50,1.45,
2021-10-05,3322,,0.00,109,705.00,1.45,
2021-10-06,3322,,0.00,109,695.00,1.43,
2021-10-07,3322,,0.00,109,747.50,1.54,
2021-10-08,3322,,0.00,109,752.50,1.55,
2021-10-12,3322,,0.00,109,735.00,1.51,
2021-10-13,3322,,0.00,109,740.00,1.52,
2021-10-14,3322,,0.00,109,740.00,1.52,
2021-10-15,3322,,0.00,109,747.50,1.54,
2021-10-18,3322,,0.00,109,742.50,1.53,
2021-10-19,3322,,0.00,109,805.00,1.66,
2021-10-20,3322,,0.00,109,800.00,1.65,
2021-10-21,3322,,0.00,109,785.00,1.62,
2021-10-22,3322,,0.00,109,790.00,1.63,
2021-10-25,3322,,0.00,109,785.00,1.62,
2021-10-26,3322,,0.00,109,795.00,1.64,
2021-10-27,3322,,0.00,109,815.00,1.68,
2021-10-28,3322,,0.00,109,815.00,1.68,
2021-10-29,3322,,0.00,109,810.00,1.67,
2021-11-01,3322,,0.00,109,812.50,1.67,
2021-11-02,3322,,0.00,109,805.00,1.66,
2021-11-03,3322,,0.00,109,827.50,1.70,
2021-11-04,3322,,0.00,109,825.00,1.70,
2021-11-05,3322,,0.00,109,825.00,1.70,
2021-11-08,3322,,0.00,109,832.50,1.71,
2021-11-09,3322,,0.00,109,850.00,1.75,
2021-11-10,3322,,0.00,109,43.63,1.76,
2021-11-11,3322,,0.00,109,44.00,1.78,
2021-11-12,3322,,0.00,109,43.88,1.77,
2021-11-15,3322,,0.00,109,45.38,1.83,
2021-11-16,3322,,0.00,109,45.50,1.84,
2021-11-17,3322,,0.00,109,44.25,1.79,
2021-11-18,3322,,0.00,109,44.50,1.80,
2021-11-19,3322,,0.00,109,42.88,1.73,
2021-11-22,3322,,0.00,109,43.63,1.76,
2021-11-23,3322,,0.00,109,42.38,1.71,
2021-11-24,3322,,0.00,109,42.00,1.70,
2021-11-25,3322,,0.00,109,42.38,1.71,
2021-11-26,3322,,0.00,109,41.13,1.66,
2021-11-29,3322,,0.00,109,41.00,1.65,
2021-11-30,3322,,0.00,109,43.00,1.74,
2021-12-01,3322,,0.00,109,43.13,1.74,
2021-12-02,3322,,0.00,109,42.75,1.73,
2021-12-03,3322,,0.00,109,43.25,1.75,
2021-12-06,3322,,0.00,109,43.63,1.76,
2021-12-07,3322,,0.00,109,47.00,1.90,
2021-12-08,3322,,0.00,109,45.13,1.82,
2021-12-09,3322,,0.00,109,45.38,1.83,
2021-12-10,3322,,0.00,109,49.88,2.01,
2021-12-13,3322,,0.00,109,54.75,2.21,
2021-12-14,3322,,0.00,109,60.13,2.43,
2021-12-15,3322,,0.00,109,58.75,2.37,
2021-12-16,3322,,0.00,109,59.25,2.39,
2021-12-17,3322,,0.00,109,56.13,2.27,
2021-12-20,3322,,0.00,109,54.25,2.19,
2021-12-21,3322,,0.00,109,59.63,2.41,
2021-12-22,3322,,0.00,109,65.50,2.64,
2021-12-23,3322,,0.00,109,72.00,2.91,
2021-12-24,3322,,0.00,109,72.38,2.92,
2021-12-27,3322,,0.00,109,73.50,2.97,
2021-12-28,3322,,0.00,109,73.00,2.95,
2021-12-29,3322,,0.00,109,73.75,2.98,
2021-12-30,3322,,0.00,109,71.50,2.89,
2022-01-03,3322,,0.00,110,69.38,2.80,
2022-01-04,3322,,0.00,110,69.63,2.81,
2022-01-05,3322,,0.00,110,67.13,2.71,
2022-01-06,3322,,0.00,110,67.38,2.72,
2022-01-07,3322,,0.00,110,65.25,2.63,
2022-01-10,3322,,0.00,110,60.75,2.45,
2022-01-11,3322,,0.00,110,58.00,2.34,
2022-01-12,3322,,0.00,110,57.25,2.31,
2022-01-13,3322,,0.00,110,57.38,2.32,
2022-01-14,3322,,0.00,110,55.88,2.26,
2022-01-17,3322,,0.00,110,57.50,2.32,
2022-01-18,3322,,0.00,110,58.00,2.34,
2022-01-19,3322,,0.00,110,56.38,2.28,
2022-01-20,3322,,0.00,110,57.25,2.31,
2022-01-21,3322,,0.00,110,54.63,2.20,
2022-01-24,3322,,0.00,110,53.63,2.16,
2022-01-25,3322,,0.00,110,51.00,2.06,
2022-01-26,3322,,0.00,110,51.88,2.09,
2022-02-07,3322,,0.00,110,55.13,2.23,
2022-02-08,3322,,0.00,110,55.50,2.24,
2022-02-09,3322,,0.00,110,58.00,2.34,
2022-02-10,3322,,0.00,110,59.75,2.41,
2022-02-11,3322,,0.00,110,58.75,2.37,
2022-02-14,3322,,0.00,110,55.38,2.24,
2022-02-15,3322,,0.00,110,56.75,2.29,
2022-02-16,3322,,0.00,110,57.88,2.34,
2022-02-17,3322,,0.00,110,57.13,2.31,
2022-02-18,3322,,0.00,110,56.88,2.30,
2022-02-21,3322,,0.00,110,56.00,2.26,
2022-02-22,3322,,0.00,110,52.63,2.12,
2022-02-23,3322,,0.00,110,57.88,2.34,
2022-02-24,3322,,0.00,110,57.63,2.33,
2022-02-25,3322,,0.00,110,63.38,2.56,
2022-03-01,3322,,0.00,110,61.38,2.48,
2022-03-02,3322,,0.00,110,62.38,2.52,
2022-03-03,3322,,0.00,110,62.00,2.50,
2022-03-04,3322,,0.00,110,59.38,2.40,
2022-03-07,3322,,0.00,110,55.25,2.23,
2022-03-08,3322,,0.00,110,54.13,2.18,
2022-03-09,3322,,0.00,110,59.00,2.38,
2022-03-10,3322,,0.00,110,58.63,2.37,
2022-03-11,3322,,0.00,110,56.75,2.29,
2022-03-14,3322,,0.00,110,56.75,2.29,
2022-03-15,3322,,0.00,110,55.13,2.23,
2022-03-16,3322,,0.00,110,55.75,2.25,
2022-03-17,3322,,0.00,110,58.75,2.37,
2022-03-18,3322,,2.61,110,57.38,2.32,
2022-03-21,3322,,2.64,110,56.75,2.29,
2022-03-22,3322,,2.62,110,57.25,2.31,
2022-03-23,3322,,2.56,110,12.68,2.01,
2022-03-24,3322,,2.54,110,12.76,2.02,
2022-03-25,3322,,2.33,110,13.92,2.20,
2022-03-28,3322,,2.31,110,14.05,2.23,
2022-03-29,3322,,2.29,110,14.16,2.24,
2022-03-30,3322,,2.40,110,13.54,2.14,
2022-03-31,3322,,2.48,110,13.08,2.07,
2022-04-01,3322,,2.50,110,12.97,2.05,
2022-04-06,3322,,2.52,110,12.89,2.04,
2022-04-07,3322,,2.58,110,12.57,1.99,
2022-04-08,3322,,2.60,110,12.49,1.98,
2022-04-11,3322,,2.74,110,11.84,1.88,
2022-04-12,3322,,2.76,110,11.73,1.86,
2022-04-13,3322,,2.72,110,11.92,1.89,
2022-04-14,3322,,2.74,110,11.84,1.88,
2022-04-15,3322,,2.83,110,11.46,1.82,
2022-04-18,3322,,2.91,110,11.14,1.76,
2022-04-19,3322,,2.89,110,11.22,1.78,
2022-04-20,3322,,2.80,110,11.59,1.84,
2022-04-21,3322,,2.84,110,11.43,1.81,
2022-04-22,3322,,2.88,110,11.24,1.78,
2022-04-25,3322,,3.00,110,10.81,1.71,
2022-04-26,3322,,3.02,110,10.76,1.70,
2022-04-27,3322,,3.15,110,10.30,1.63,
2022-04-28,3322,,3.15,110,10.30,1.63,
2022-04-29,3322,,3.11,110,10.43,1.65,
2022-05-03,3322,,3.13,110,10.38,1.64,
2022-05-04,3322,,3.01,110,10.78,1.71,
2022-05-05,3322,,2.97,110,10.92,1.73,
2022-05-06,3322,,3.02,110,10.76,1.70,
2022-05-09,3322,,3.14,110,10.32,1.64,
2022-05-10,3322,,3.08,110,10.54,1.67,
2022-05-11,3322,,2.80,110,11.53,1.73,
2022-05-12,3322,,3.02,110,10.67,1.60,
2022-05-13,3322,,2.88,110,11.18,1.68,
2022-05-16,3322,,2.90,110,11.13,1.67,
2022-05-17,3322,,2.89,110,11.16,1.68,
2022-05-18,3322,,2.90,110,11.13,1.67,
2022-05-19,3322,,2.95,110,10.94,1.64,
2022-05-20,3322,,2.98,110,10.83,1.63,
2022-05-23,3322,,2.93,110,10.99,1.65,
2022-05-24,3322,,2.99,110,10.81,1.62,
2022-05-25,3322,,2.99,110,10.81,1.62,
2022-05-26,3322,,3.01,110,10.73,1.61,
2022-05-27,3322,,3.01,110,10.73,1.61,
2022-05-30,3322,,2.96,110,10.89,1.64,
2022-05-31,3322,,2.96,110,10.91,1.64,
2022-06-01,3322,,2.94,110,10.97,1.65,
2022-06-02,3322,,2.96,110,10.89,1.64,
2022-06-06,3322,,2.98,110,10.83,1.63,
2022-06-07,3322,,3.02,110,10.70,1.61,
2022-06-08,3322,,3.02,110,10.70,1.61,
2022-06-09,3322,,3.02,110,10.67,1.60,
2022-06-10,3322,,3.01,110,10.73,1.61,
2022-06-13,3322,,3.16,110,10.22,1.53,
2022-06-14,3322,,3.19,110,10.11,1.52,
2022-06-15,3322,,3.17,110,10.19,1.53,
2022-06-16,3322,,3.39,110,9.52,1.43,
2022-06-17,3322,,3.39,110,9.52,1.43,
2022-06-20,3322,,3.60,110,8.95,1.34,
2022-06-21,3322,,3.47,110,9.30,1.40,
2022-06-22,3322,,3.64,110,8.87,1.33,
2022-06-23,3322,,3.68,110,8.76,1.32,
2022-06-24,3322,,3.59,110,8.98,1.35,
2022-06-27,3322,,3.49,110,9.25,1.39,
2022-06-28,3322,,3.52,110,9.17,1.38,
2022-06-29,3322,,3.57,110,9.03,1.36,
2022-06-30,3322,,3.74,110,8.63,1.30,
2022-07-01,3322,,4.01,110,8.04,1.21,
2022-07-04,3322,,3.93,110,8.20,1.23,
2022-07-05,3322,,3.80,110,8.49,1.28,
2022-07-06,3322,,3.97,110,8.12,1.22,
2022-07-07,3322,,3.87,110,8.33,1.25,
2022-07-08,3322,,3.52,110,9.17,1.38,
2022-07-11,3322,,3.66,110,8.82,1.32,
2022-07-12,3322,,3.90,110,8.28,1.24,
2022-07-13,3322,,3.85,110,8.39,1.26,
2022-07-14,3322,,3.76,110,8.58,1.29,
2022-07-15,3322,,3.43,110,9.41,1.41,
2022-07-18,3322,,3.40,110,9.49,1.43,
2022-07-19,3322,,3.34,110,9.65,1.45,
2022-07-20,3322,,3.29,110,9.81,1.47,
2022-07-21,3322,,3.31,110,9.76,1.47,
2022-07-22,3322,,3.33,110,9.68,1.45,
2022-07-25,3322,,3.37,110,9.57,1.44,
2022-07-26,3322,,3.44,110,9.38,1.41,
2022-07-27,3322,,3.34,110,9.65,1.45,
2022-07-28,3322,,3.40,110,9.49,1.43,
2022-07-29,3322,,3.32,110,9.70,1.46,
2022-08-01,3322,,3.31,110,9.73,1.46,
2022-08-02,3322,,3.44,110,9.38,1.41,
2022-08-03,3322,,3.53,110,9.14,1.37,
2022-08-04,3322,,3.57,110,9.03,1.36,
2022-08-05,3322,,3.50,110,9.22,1.39,
2022-08-08,3322,,3.40,110,9.49,1.43,
2022-08-09,3322,,3.35,110,9.62,1.45,
2022-08-10,3322,,3.37,110,8.94,1.51,
2022-08-11,3322,,3.38,110,8.92,1.51,
2022-08-12,3322,,3.31,110,9.10,1.54,
2022-08-15,3322,,3.24,110,9.30,1.57,
2022-08-16,3322,,3.17,110,9.52,1.61,
2022-08-17,3322,,3.17,110,9.52,1.61,
2022-08-18,3322,,3.13,110,9.65,1.63,
2022-08-19,3322,,3.02,110,9.97,1.69,
2022-08-22,3322,,2.88,110,10.48,1.77,
2022-08-23,3322,,2.84,110,10.63,1.80,
2022-08-24,3322,,2.86,110,10.55,1.79,
2022-08-25,3322,,2.78,110,10.80,1.83,
2022-08-26,3322,,2.64,110,11.38,1.93,
2022-08-29,3322,,2.61,110,11.51,1.95,
2022-08-30,3322,,2.57,110,11.71,1.98,
2022-08-31,3322,,2.55,110,11.78,1.99,
2022-09-01,3322,,2.57,110,11.71,1.98,
2022-09-02,3322,,2.59,110,11.58,1.96,
2022-09-05,3322,,2.76,110,10.90,1.85,
2022-09-06,3322,,2.73,110,11.01,1.86,
2022-09-07,3322,,2.73,110,11.01,1.86,
2022-09-08,3322,,2.70,110,11.13,1.88,
2022-09-12,3322,,2.60,110,11.56,1.96,
2022-09-13,3322,,2.77,110,10.83,1.83,
2022-09-14,3322,,2.88,110,10.43,1.76,
2022-09-15,3322,,2.99,110,10.05,1.70,
2022-09-16,3322,,2.99,110,10.05,1.70,
2022-09-19,3322,,3.07,110,9.77,1.65,
2022-09-20,3322,,3.04,110,9.87,1.67,
2022-09-21,3322,,3.05,110,9.85,1.67,
2022-09-22,3322,,3.07,110,9.77,1.65,
2022-09-23,3322,,3.15,110,9.55,1.62,
2022-09-26,3322,,3.38,110,8.89,1.51,
2022-09-27,3322,,3.28,110,9.17,1.55,
2022-09-28,3322,,3.56,110,8.44,1.43,
2022-09-29,3322,,3.48,110,8.64,1.46,
2022-09-30,3322,,3.40,110,8.84,1.50,
2022-10-03,3322,,3.28,110,9.17,1.55,
2022-10-04,3322,,3.29,110,9.12,1.54,
2022-10-05,3322,,3.30,110,9.10,1.54,
2022-10-06,3322,,3.24,110,9.27,1.57,
2022-10-07,3322,,3.25,110,9.25,1.56,
2022-10-11,3322,,3.40,110,8.84,1.50,
2022-10-12,3322,,3.42,110,8.79,1.49,
2022-10-13,3322,,3.70,110,8.12,1.37,
2022-10-14,3322,,3.56,110,8.44,1.43,
2022-10-17,3322,,3.59,110,8.37,1.42,
2022-10-18,3322,,3.54,110,8.49,1.44,
2022-10-19,3322,,3.52,110,8.54,1.45,
2022-10-20,3322,,3.57,110,8.42,1.42,
2022-10-21,3322,,3.69,110,8.14,1.38,
2022-10-24,3322,,3.65,110,8.24,1.39,
2022-10-25,3322,,3.67,110,8.19,1.39,
2022-10-26,3322,,3.69,110,8.14,1.38,
2022-10-27,3322,,3.65,110,8.24,1.39,
2022-10-28,3322,,3.71,110,8.09,1.37,
2022-10-31,3322,,3.59,110,8.37,1.42,
2022-11-01,3322,,3.46,110,8.69,1.47,
2022-11-02,3322,,3.32,110,9.05,1.53,
2022-11-03,3322,,3.31,110,9.07,1.53,
2022-11-04,3322,,3.26,110,9.22,1.56,
2022-11-07,3322,,3.26,110,9.22,1.56,
2022-11-08,3322,,3.25,110,9.25,1.56,
2022-11-09,3322,,3.21,110,7.43,1.46,
2022-11-10,3322,,3.19,110,7.47,1.47,
2022-11-11,3322,,3.34,110,7.13,1.40,
2022-11-14,3322,,3.31,110,7.19,1.41,
2022-11-15,3322,,3.22,110,7.39,1.45,
2022-11-16,3322,,3.03,110,7.87,1.55,
2022-11-17,3322,,2.93,110,8.13,1.60,
2022-11-18,3322,,2.87,110,8.29,1.63,
2022-11-21,3322,,2.70,110,8.82,1.73,
2022-11-22,3322,,2.67,110,8.92,1.75,
2022-11-23,3322,,2.72,110,8.76,1.72,
2022-11-24,3322,,2.78,110,8.57,1.68,
2022-11-25,3322,,2.85,110,8.37,1.64,
2022-11-28,3322,,2.83,110,8.43,1.65,
2022-11-29,3322,,2.79,110,8.55,1.68,
2022-11-30,3322,,2.80,110,8.51,1.67,
2022-12-01,3322,,2.77,110,8.61,1.69,
2022-12-02,3322,,2.77,110,8.61,1.69,
2022-12-05,3322,,2.74,110,8.69,1.71,
2022-12-06,3322,,2.86,110,8.33,1.64,
2022-12-07,3322,,2.95,110,8.07,1.58,
2022-12-08,3322,,2.85,110,8.35,1.64,
2022-12-09,3322,,2.90,110,8.21,1.61,
2022-12-12,3322,,2.95,110,8.07,1.58,
2022-12-13,3322,,2.99,110,7.97,1.56,
2022-12-14,3322,,2.97,110,8.01,1.57,
2022-12-15,3322,,2.97,110,8.01,1.57,
2022-12-16,3322,,3.06,110,7.79,1.53,
2022-12-19,3322,,3.08,110,7.73,1.52,
2022-12-20,3322,,3.15,110,7.57,1.49,
2022-12-21,3322,,3.18,110,7.49,1.47,
2022-12-22,3322,,3.16,110,7.55,1.48,
2022-12-23,3322,,3.16,110,7.55,1.48,
2022-12-26,3322,,3.14,110,7.59,1.49,
2022-12-27,3322,,3.09,110,7.71,1.51,
2022-12-28,3322,,3.18,110,7.49,1.47,
2022-12-29,3322,,3.20,110,7.45,1.46,
2022-12-30,3322,,3.21,110,7.41,1.46,
2023-01-03,3322,,3.15,111,7.57,1.49,
2023-01-04,3322,,3.14,111,7.59,1.49,
2023-01-05,3322,,3.13,111,7.61,1.49,
2023-01-06,3322,,3.12,111,7.63,1.50,
2023-01-09,3322,,3.13,111,7.61,1.49,
2023-01-10,3322,,3.03,111,7.87,1.55,
2023-01-11,3322,,3.09,111,7.71,1.51,
2023-01-12,3322,,3.18,111,7.49,1.47,
2023-01-13,3322,,3.21,111,7.43,1.46,
2023-01-16,3322,,3.21,111,7.41,1.46,
2023-01-17,3322,,3.21,111,7.43,1.46,
2023-01-30,3322,,3.15,111,7.57,1.49,
2023-01-31,3322,,3.12,111,7.63,1.50,
2023-02-01,3322,,3.05,111,7.81,1.53,
2023-02-02,3322,,3.05,111,7.81,1.53,
2023-02-03,3322,,2.82,111,8.45,1.66,
2023-02-06,3322,,2.79,111,8.55,1.68,
2023-02-07,3322,,2.85,111,8.35,1.64,
2023-02-08,3322,,2.91,111,8.19,1.61,
2023-02-09,3322,,2.88,111,8.27,1.62,
2023-02-10,3322,,2.92,111,8.15,1.60,
2023-02-13,3322,,2.95,111,8.07,1.58,
2023-02-14,3322,,2.97,111,8.03,1.58,
2023-02-15,3322,,2.96,111,8.05,1.58,
2023-02-16,3322,,2.92,111,8.15,1.60,
2023-02-17,3322,,2.92,111,8.15,1.60,
2023-02-20,3322,,2.86,111,8.33,1.64,
2023-02-21,3322,,2.81,111,8.47,1.66,
2023-02-22,3322,,2.85,111,8.35,1.64,
2023-02-23,3322,,2.85,111,8.35,1.64,
2023-02-24,3322,,2.87,111,8.29,1.63,
2023-03-01,3322,,2.87,111,8.29,1.63,
2023-03-02,3322,,2.91,111,8.19,1.61,
2023-03-03,3322,,2.94,111,8.11,1.59,
2023-03-06,3322,,2.91,111,8.19,1.61,
2023-03-07,3322,,2.88,111,8.27,1.62,
2023-03-08,3322,,2.87,111,8.31,1.63,
2023-03-09,3322,,2.85,111,8.37,1.64,
2023-03-10,3322,,2.97,111,8.01,1.57,
2023-03-13,3322,,2.93,111,8.13,1.60,
2023-03-14,3322,,2.97,111,8.01,1.57,
2023-03-15,3322,,3.02,111,7.89,1.55,
2023-03-16,3322,,3.07,111,7.75,1.52,
2023-03-17,3322,,2.97,111,8.01,1.57,
2023-03-20,3322,,2.92,111,8.17,1.60,
2023-03-21,3322,,2.76,111,8.65,1.70,
2023-03-22,3322,,2.52,111,9.50,1.87,
2023-03-23,3322,,2.56,111,16.14,1.78,
2023-03-24,3322,,2.56,111,16.17,1.78,
2023-03-27,3322,,2.56,111,16.14,1.78,
2023-03-28,3322,,2.70,111,15.31,1.69,
2023-03-29,3322,,2.70,111,15.31,1.69,
2023-03-30,3322,,2.64,111,15.69,1.73,
2023-03-31,3322,,2.55,111,16.24,1.79,
2023-04-06,3322,,2.56,111,16.14,1.78,
2023-04-07,3322,,2.58,111,16.03,1.77,
2023-04-10,3322,,2.59,111,15.97,1.76,
2023-04-11,3322,,2.56,111,16.17,1.78,
2023-04-12,3322,,2.58,111,16.07,1.77,
2023-04-13,3322,,2.63,111,15.72,1.74,
2023-04-14,3322,,2.64,111,15.69,1.73,
2023-04-17,3322,,2.55,111,16.24,1.79,
2023-04-18,3322,,2.60,111,15.93,1.76,
2023-04-19,3322,,2.53,111,16.34,1.80,
2023-04-20,3322,,2.70,111,15.34,1.69,
2023-04-21,3322,,2.82,111,14.69,1.62,
2023-04-24,3322,,2.74,111,15.10,1.67,
2023-04-25,3322,,2.82,111,14.66,1.62,
2023-04-26,3322,,2.83,111,14.62,1.61,
2023-04-27,3322,,2.84,111,14.55,1.61,
2023-04-28,3322,,2.80,111,14.76,1.63,
2023-05-02,3322,,2.72,111,15.21,1.68,
2023-05-03,3322,,2.76,111,14.97,1.65,
2023-05-04,3322,,2.75,111,15.07,1.66,
2023-05-05,3322,,2.75,111,15.03,1.66,
2023-05-08,3322,,2.75,111,15.03,1.66,
2023-05-09,3322,,2.84,111,14.55,1.61,
2023-05-10,3322,,2.84,111,14.59,1.61,
2023-05-11,3322,,3.15,111,18.32,1.46,
2023-05-12,3322,,3.13,111,18.41,1.47,
2023-05-15,3322,,3.14,111,18.37,1.46,
2023-05-16,3322,,3.09,111,18.65,1.48,
2023-05-17,3322,,3.07,111,18.80,1.50,
2023-05-18,3322,,3.03,111,19.04,1.51,
2023-05-19,3322,,3.06,111,18.85,1.50,
2023-05-22,3322,,2.99,111,19.28,1.53,
2023-05-23,3322,,2.98,111,19.38,1.54,
2023-05-24,3322,,3.00,111,19.23,1.53,
2023-05-25,3322,,3.02,111,19.13,1.52,
2023-05-26,3322,,3.06,111,18.85,1.50,
2023-05-29,3322,,2.99,111,19.33,1.54,
2023-05-30,3322,,3.02,111,19.09,1.52,
2023-05-31,3322,,2.99,111,19.28,1.53,
2023-06-01,3322,,2.98,111,19.38,1.54,
2023-06-02,3322,,3.01,111,19.18,1.53,
2023-06-05,3322,,2.98,111,19.38,1.54,
2023-06-06,3322,,3.00,111,19.23,1.53,
2023-06-07,3322,,3.00,111,19.23,1.53,
2023-06-08,3322,,3.04,111,18.99,1.51,
2023-06-09,3322,,3.05,111,18.94,1.51,
2023-06-12,3322,,3.02,111,19.13,1.52,
2023-06-13,3322,,2.96,111,19.52,1.55,
2023-06-14,3322,,2.99,111,19.33,1.54,
2023-06-15,3322,,2.96,111,19.47,1.55,
2023-06-16,3322,,2.99,111,19.28,1.53,
2023-06-19,3322,,3.01,111,19.18,1.53,
2023-06-20,3322,,3.02,111,19.09,1.52,
2023-06-21,3322,,3.04,111,18.99,1.51,
2023-06-26,3322,,3.07,111,18.80,1.50,
2023-06-27,3322,,3.13,111,18.46,1.47,
2023-06-28,3322,,3.10,111,18.61,1.48,
2023-06-29,3322,,3.02,111,19.09,1.52,
2023-06-30,3322,,3.00,111,19.23,1.53,
2023-07-03,3322,,2.98,111,19.38,1.54,
2023-07-04,3322,,2.97,111,19.42,1.55,
2023-07-05,3322,,2.93,111,19.71,1.57,
2023-07-06,3322,,2.94,111,19.62,1.56,
2023-07-07,3322,,2.96,111,19.47,1.55,
2023-07-10,3322,,2.99,111,19.28,1.53,
2023-07-11,3322,,2.90,111,19.90,1.58,
2023-07-12,3322,,2.83,111,20.38,1.62,
2023-07-13,3322,,2.90,111,19.90,1.58,
2023-07-14,3322,,2.86,111,20.19,1.61,
2023-07-17,3322,,2.84,111,20.29,1.61,
2023-07-18,3322,,2.77,111,20.82,1.66,
2023-07-19,3322,,2.77,111,20.82,1.66,
2023-07-20,3322,,2.75,111,21.01,1.67,
2023-07-21,3322,,2.75,111,21.01,1.67,
2023-07-24,3322,,2.77,111,20.82,1.66,
2023-07-25,3322,,2.70,111,21.35,1.70,
2023-07-26,3322,,2.70,111,21.35,1.70,
2023-07-27,3322,,2.64,111,21.88,1.74,
2023-07-28,3322,,2.61,111,22.07,1.76,
2023-07-31,3322,,2.61,111,22.07,1.76,
2023-08-01,3322,,2.65,111,21.73,1.73,
2023-08-02,3322,,2.71,111,21.25,1.69,
2023-08-04,3322,,2.68,111,21.49,1.71,
2023-08-07,3322,,2.64,111,21.83,1.74,
2023-08-08,3322,,2.64,111,21.83,1.74,
2023-08-09,3322,,2.71,111,21.25,1.69,
2023-08-10,3322,,2.67,111,21.59,1.72,
2023-08-11,3322,,2.86,111,21.65,1.72,
2023-08-14,3322,,2.82,111,21.96,1.74,
2023-08-15,3322,,2.80,111,22.06,1.75,
2023-08-16,3322,,2.75,111,22.47,1.78,
2023-08-17,3322,,2.71,111,22.84,1.81,
2023-08-18,3322,,2.74,111,22.58,1.79,
2023-08-21,3322,,2.75,111,22.47,1.78,
2023-08-22,3322,,2.78,111,22.22,1.76,
2023-08-23,3322,,2.80,111,22.06,1.75,
2023-08-24,3322,,2.87,111,21.55,1.71,
2023-08-25,3322,,2.90,111,21.34,1.69,
2023-08-28,3322,,2.96,111,20.88,1.66,
2023-08-29,3322,,2.94,111,21.03,1.67,
2023-08-30,3322,,2.88,111,21.49,1.70,
2023-08-31,3322,,2.82,111,21.91,1.74,
2023-09-01,3322,,2.82,111,21.91,1.74,
2023-09-04,3322,,2.75,111,22.47,1.78,
2023-09-05,3322,,2.81,111,22.01,1.75,
2023-09-06,3322,,2.82,111,21.96,1.74,
2023-09-07,3322,,2.78,111,22.22,1.76,
2023-09-08,3322,,2.80,111,22.06,1.75,
2023-09-11,3322,,2.84,111,21.80,1.73,
2023-09-12,3322,,2.58,111,23.97,1.90,
2023-09-13,3322,,2.51,111,24.64,1.95,
2023-09-14,3322,,2.60,111,23.81,1.89,
2023-09-15,3322,,2.64,111,23.45,1.86,
2023-09-18,3322,,2.64,111,23.45,1.86,
2023-09-19,3322,,2.65,111,23.30,1.85,
2023-09-20,3322,,2.60,111,23.76,1.88,
2023-09-21,3322,,2.68,111,23.09,1.83,
2023-09-22,3322,,2.52,111,24.54,1.95,
2023-09-25,3322,,2.57,111,24.07,1.91,
2023-09-26,3322,,2.63,111,23.51,1.86,
2023-09-27,3322,,2.56,111,24.12,1.91,
2023-09-28,3322,,2.40,111,25.72,2.04,
2023-10-02,3322,,2.40,111,25.82,2.05,
2023-10-03,3322,,2.33,111,26.60,2.11,
2023-10-04,3322,,2.34,111,26.44,2.10,
2023-10-05,3322,,2.39,111,25.88,2.05,
2023-10-06,3322,,2.46,111,25.10,1.99,
2023-10-11,3322,,2.45,111,25.21,2.00,
2023-10-12,3322,,2.44,111,25.31,2.01,
2023-10-13,3322,,2.50,111,24.74,1.96,
2023-10-16,3322,,2.51,111,24.69,1.96,
2023-10-17,3322,,2.47,111,25.00,1.98,
2023-10-18,3322,,2.57,111,24.07,1.91,
2023-10-19,3322,,2.54,111,24.33,1.93,
2023-10-20,3322,,2.55,111,24.23,1.92,
2023-10-23,3322,,2.59,111,23.92,1.90,
2023-10-24,3322,,2.53,111,24.48,1.94,
2023-10-25,3322,,2.42,111,25.57,2.03,
2023-10-26,3322,,2.46,111,25.15,2.00,
2023-10-27,3322,,2.42,111,25.57,2.03,
2023-10-30,3322,,2.38,111,25.98,2.06,
2023-10-31,3322,,2.41,111,25.62,2.03,
2023-11-01,3322,,2.30,111,26.91,2.13,
2023-11-02,3322,,2.29,111,26.96,2.14,
2023-11-03,3322,,2.39,111,25.88,2.05,
2023-11-06,3322,,2.40,111,25.77,2.04,
2023-11-07,3322,,2.40,111,28.47,1.92,
2023-11-08,3322,,2.39,111,28.52,1.92,
2023-11-09,3322,,2.45,111,27.84,1.88,
2023-11-10,3322,,2.39,111,28.58,1.93,
2023-11-13,3322,,2.47,111,27.61,1.86,
2023-11-14,3322,,2.49,111,27.33,1.84,
2023-11-15,3322,,2.49,111,27.33,1.84,
2023-11-16,3322,,2.40,111,28.35,1.91,
2023-11-17,3322,,2.40,111,28.41,1.91,
2023-11-20,3322,,2.41,111,28.24,1.90,
2023-11-21,3322,,2.48,111,27.50,1.85,
2023-11-22,3322,,2.49,111,27.33,1.84,
2023-11-23,3322,,2.49,111,27.33,1.84,
2023-11-24,3322,,2.49,111,27.33,1.84,
2023-11-27,3322,,2.61,111,26.14,1.76,
2023-11-28,3322,,2.60,111,26.25,1.77,
2023-11-29,3322,,2.53,111,26.93,1.81,
2023-11-30,3322,,2.55,111,26.76,1.80,
2023-12-01,3322,,2.59,111,26.36,1.78,
2023-12-04,3322,,2.60,111,26.19,1.76,
2023-12-05,3322,,2.55,111,26.70,1.80,
2023-12-06,3322,,2.56,111,26.65,1.80,
2023-12-07,3322,,2.61,111,26.14,1.76,
2023-12-08,3322,,2.61,111,26.08,1.76,
2023-12-11,3322,,2.58,111,26.42,1.78,
2023-12-12,3322,,2.62,111,26.02,1.75,
2023-12-13,3322,,2.61,111,26.08,1.76,
2023-12-14,3322,,2.65,111,25.68,1.73,
2023-12-15,3322,,2.67,111,25.57,1.72,
2023-12-18,3322,,2.70,111,25.28,1.70,
2023-12-19,3322,,2.73,111,25.00,1.68,
2023-12-20,3322,,2.71,111,25.11,1.69,
2023-12-21,3322,,2.73,111,24.94,1.68,
2023-12-22,3322,,2.79,111,24.43,1.65,
2023-12-25,3322,,2.75,111,24.83,1.67,
2023-12-26,3322,,2.75,111,24.83,1.67,
2023-12-27,3322,,2.72,111,25.06,1.69,
2023-12-28,3322,,2.74,111,24.89,1.68,
2023-12-29,3322,,2.73,111,24.94,1.68,
2024-01-02,3322,,2.68,112,25.45,1.72,
2024-01-03,3322,,2.74,112,24.89,1.68,
2024-01-04,3322,,2.75,112,24.77,1.67,
2024-01-05,3322,,2.75,112,24.77,1.67,
2024-01-08,3322,,2.78,112,24.55,1.65,
2024-01-09,3322,,2.84,112,23.98,1.62,
2024-01-10,3322,,2.85,112,23.92,1.61,
2024-01-11,3322,,2.82,112,24.20,1.63,
2024-01-12,3322,,2.72,112,25.06,1.69,
2024-01-15,3322,,2.76,112,24.72,1.67,
2024-01-16,3322,,2.74,112,24.89,1.68,
2024-01-17,3322,,2.78,112,24.55,1.65,
2024-01-18,3322,,2.80,112,24.32,1.64,
2024-01-19,3322,,2.78,112,24.49,1.65,
2024-01-22,3322,,2.71,112,25.11,1.69,
2024-01-23,3322,,2.71,112,25.11,1.69,
2024-01-24,3322,,2.67,112,25.51,1.72,
2024-01-25,3322,,2.70,112,25.23,1.70,
2024-01-26,3322,,2.72,112,25.06,1.69,
2024-01-29,3322,,2.70,112,25.28,1.70,
2024-01-30,3322,,2.67,112,25.51,1.72,
2024-01-31,3322,,2.67,112,25.51,1.72,
2024-02-01,3322,,2.65,112,25.68,1.73,
2024-02-02,3322,,2.68,112,25.45,1.72,
2024-02-05,3322,,2.68,112,25.40,1.71,
2024-02-15,3322,,2.60,112,26.19,1.76,
2024-02-16,3322,,2.54,112,26.82,1.81,
2024-02-19,3322,,2.48,112,27.44,1.85,
2024-02-20,3322,,2.45,112,27.84,1.88,
2024-02-21,3322,,2.46,112,27.67,1.86,
2024-02-22,3322,,2.48,112,27.44,1.85,
2024-02-23,3322,,2.46,112,27.73,1.87,
2024-02-26,3322,,2.43,112,28.01,1.89,
2024-02-27,3322,,2.47,112,27.61,1.86,
2024-02-29,3322,,2.42,112,28.18,1.90,
2024-03-01,3322,,2.40,112,28.47,1.92,
2024-03-04,3322,,2.35,112,28.98,1.95,
2024-03-05,3322,,2.36,112,28.86,1.94,
2024-03-06,3322,,2.35,112,29.03,1.96,
2024-03-07,3322,,2.37,112,28.81,1.94,
2024-03-08,3322,,2.43,112,28.01,1.89,
2024-03-11,3322,,2.39,112,28.58,1.93,
2024-03-12,3322,,2.45,112,27.84,1.88,
2024-03-13,3322,,1.02,112,42.24,1.86,
2024-03-14,3322,,0.98,112,44.14,1.94,
2024-03-15,3322,,0.96,112,44.83,1.97,
2024-03-18,3322,,0.96,112,45.09,1.98,
2024-03-19,3322,,0.98,112,43.79,1.93,
2024-03-20,3322,,0.95,112,45.17,1.99,
2024-03-21,3322,,0.90,112,48.02,2.11,
2024-03-22,3322,,0.94,112,45.86,2.02,
2024-03-25,3322,,0.98,112,43.88,1.93,
2024-03-26,3322,,1.02,112,42.07,1.85,
2024-03-27,3322,,1.02,112,42.16,1.86,
2024-03-28,3322,,1.05,112,41.21,1.81,
2024-03-29,3322,,1.04,112,41.29,1.82,
2024-04-01,3322,,1.05,112,41.03,1.81,
2024-04-02,3322,,1.06,112,40.60,1.79,
2024-04-03,3322,,1.08,112,40.00,1.76,
2024-04-08,3322,,1.09,112,39.57,1.74,
2024-04-09,3322,,1.04,112,41.38,1.82,
2024-04-10,3322,,1.05,112,40.86,1.80,
2024-04-11,3322,,1.08,112,40.09,1.76,
2024-04-12,3322,,1.02,112,42.41,1.87,
2024-04-15,3322,,1.04,112,41.55,1.83,
2024-04-16,3322,,1.08,112,39.74,1.75,
2024-04-17,3322,,1.09,112,39.48,1.74,
2024-04-18,3322,,1.09,112,39.57,1.74,
2024-04-19,3322,,1.17,112,36.72,1.62,
2024-04-22,3322,,1.16,112,37.07,1.63,
2024-04-23,3322,,1.15,112,37.33,1.64,
2024-04-24,3322,,1.13,112,38.19,1.68,
2024-04-25,3322,,1.15,112,37.41,1.65,
2024-04-26,3322,,1.14,112,37.67,1.66,
2024-04-29,3322,,1.14,112,37.76,1.66,
2024-04-30,3322,,1.15,112,37.50,1.65,
2024-05-02,3322,,1.12,112,38.45,1.69,
2024-05-03,3322,,1.13,112,38.10,1.68,
2024-05-06,3322,,1.13,112,38.28,1.68,
2024-05-07,3322,,1.12,112,38.45,1.69,
2024-05-08,3322,,1.10,112,39.22,1.73,
2024-05-09,3322,,1.13,112,38.28,1.68,
2024-05-10,3322,,1.14,112,37.84,1.67,
2024-05-13,3322,,1.11,112,46.88,1.70,
2024-05-14,3322,,1.12,112,46.46,1.69,
2024-05-15,3322,,1.11,112,46.88,1.70,
2024-05-16,3322,,1.11,112,46.88,1.70,
2024-05-17,3322,,1.11,112,46.88,1.70,
2024-05-20,3322,,1.11,112,46.88,1.70,
2024-05-21,3322,,1.11,112,46.88,1.70,
2024-05-22,3322,,1.09,112,47.60,1.73,
2024-05-23,3322,,1.12,112,46.67,1.70,
2024-05-24,3322,,1.11,112,46.88,1.70,
2024-05-27,3322,,1.08,112,48.13,1.75,
2024-05-28,3322,,1.05,112,49.58,1.80,
2024-05-29,3322,,1.03,112,50.63,1.84,
2024-05-30,3322,,1.06,112,49.27,1.79,
2024-05-31,3322,,1.07,112,48.65,1.77,
2024-06-03,3322,,1.05,112,49.58,1.80,
2024-06-04,3322,,1.08,112,48.33,1.76,
2024-06-05,3322,,1.09,112,47.92,1.74,
2024-06-06,3322,,1.09,112,47.92,1.74,
2024-06-07,3322,,1.05,112,49.38,1.80,
2024-06-11,3322,,1.08,112,48.13,1.75,
2024-06-12,3322,,1.06,112,48.96,1.78,
2024-06-13,3322,,1.06,112,49.27,1.79,
2024-06-14,3322,,1.06,112,49.27,1.79,
2024-06-17,3322,,1.05,112,49.38,1.80,
2024-06-18,3322,,1.06,112,49.06,1.78,
2024-06-19,3322,,1.08,112,48.33,1.76,
2024-06-20,3322,,1.08,112,48.44,1.76,
2024-06-21,3322,,1.07,112,48.54,1.77,
2024-06-24,3322,,1.06,112,48.96,1.78,
2024-06-25,3322,,1.05,112,49.48,1.80,
2024-06-26,3322,,1.07,112,48.75,1.77,
2024-06-27,3322,,1.08,112,48.33,1.76,
2024-06-28,3322,,1.06,112,48.96,1.78,
2024-07-01,3322,,1.08,112,48.23,1.75,
2024-07-02,3322,,1.06,112,49.17,1.79,
2024-07-03,3322,,1.05,112,49.58,1.80,
2024-07-04,3322,,1.04,112,50.10,1.82,
2024-07-05,3322,,1.04,112,50.10,1.82,
2024-07-08,3322,,1.04,112,50.10,1.82,
2024-07-09,3322,,1.05,112,49.48,1.80,
2024-07-10,3322,,1.04,112,49.90,1.81,
2024-07-11,3322,,1.08,112,48.13,1.75,
2024-07-12,3322,,1.09,112,47.71,1.73,
2024-07-15,3322,,1.12,112,46.46,1.69,
2024-07-16,3322,,1.12,112,46.46,1.69,
2024-07-17,3322,,1.12,112,46.35,1.69,
2024-07-18,3322,,1.15,112,45.42,1.65,
2024-07-19,3322,,1.18,112,44.17,1.61,
2024-07-22,3322,,1.15,112,45.21,1.64,
2024-07-23,3322,,1.13,112,46.04,1.67,
2024-07-26,3322,,1.16,112,44.79,1.63,
2024-07-29,3322,,1.23,112,42.29,1.54,
2024-07-30,3322,,1.25,112,41.77,1.52,
2024-07-31,3322,,1.24,112,42.08,1.53,
2024-08-01,3322,,1.23,112,42.50,1.55,
2024-08-02,3322,,1.26,112,41.35,1.50,
2024-08-05,3322,,1.40,112,37.29,1.36,
2024-08-06,3322,,1.38,112,37.71,1.37,
2024-08-07,3322,,1.26,112,41.46,1.51,
2024-08-08,3322,,1.28,112,40.63,1.48,
2024-08-09,3322,,1.17,112,44.58,1.62,
2024-08-12,3322,,1.18,112,44.17,1.61,
2024-08-13,3322,,1.19,112,43.75,1.59,
2024-08-14,3322,,1.16,112,97.73,1.68,
2024-08-15,3322,,1.20,112,95.00,1.63,
2024-08-16,3322,,1.14,112,100.00,1.71,
2024-08-19,3322,,1.14,112,100.00,1.71,
2024-08-20,3322,,1.08,112,105.00,1.80,
2024-08-21,3322,,1.08,112,105.45,1.81,
2024-08-22,3322,,1.09,112,104.32,1.79,
2024-08-23,3322,,1.08,112,105.00,1.80,
2024-08-26,3322,,0.98,112,104.55,1.79,
2024-08-27,3322,,1.00,112,102.95,1.77,
2024-08-28,3322,,1.00,112,102.27,1.75,
2024-08-29,3322,,0.99,112,103.18,1.77,
2024-08-30,3322,,0.98,112,104.55,1.79,
2024-09-02,3322,,0.97,112,105.45,1.81,
2024-09-03,3322,,1.00,112,102.27,1.75,
2024-09-04,3322,,1.09,112,94.09,1.61,
2024-09-05,3322,,1.09,112,94.09,1.61,
2024-09-06,3322,,1.08,112,94.55,1.62,
2024-09-09,3322,,1.09,112,93.64,1.61,
2024-09-10,3322,,1.12,112,91.14,1.56,
2024-09-11,3322,,1.14,112,89.55,1.54,
2024-09-12,3322,,1.14,112,89.55,1.54,
2024-09-13,3322,,1.13,112,90.91,1.56,
2024-09-16,3322,,1.12,112,91.36,1.57,
2024-09-18,3322,,1.14,112,89.55,1.54,
2024-09-19,3322,,1.13,112,90.68,1.55,
2024-09-20,3322,,1.14,112,90.23,1.55,
2024-09-23,3322,,1.15,112,89.32,1.53,
2024-09-24,3322,,1.15,112,89.32,1.53,
2024-09-25,3322,,1.13,112,90.91,1.56,
2024-09-26,3322,,1.14,112,90.23,1.55,
2024-09-27,3322,,1.13,112,90.68,1.55,
2024-09-30,3322,,1.13,112,90.45,1.55,
2024-10-01,3322,,1.12,112,91.82,1.57,
2024-10-04,3322,,1.11,112,92.05,1.58,
2024-10-07,3322,,1.12,112,91.14,1.56,
2024-10-08,3322,,1.14,112,89.77,1.54,
2024-10-09,3322,,1.17,112,87.73,1.50,
2024-10-11,3322,,1.19,112,86.14,1.48,
2024-10-14,3322,,1.17,112,87.95,1.51,
2024-10-15,3322,,1.18,112,87.05,1.49,
2024-10-16,3322,,1.18,112,86.59,1.48,
2024-10-17,3322,,1.17,112,87.27,1.50,
2024-10-18,3322,,1.19,112,85.91,1.47,
2024-10-21,3322,,1.14,112,89.77,1.54,
2024-10-22,3322,,1.16,112,88.64,1.52,
2024-10-23,3322,,1.13,112,90.45,1.55,
2024-10-24,3322,,1.16,112,88.64,1.52,
2024-10-25,3322,,1.15,112,88.86,1.52,
2024-10-28,3322,,1.17,112,87.27,1.50,
2024-10-29,3322,,1.19,112,86.14,1.48,
2024-10-30,3322,,1.19,112,85.91,1.47,
2024-11-01,3322,,1.19,112,86.36,1.48,
2024-11-04,3322,,1.19,112,85.91,1.47,
2024-11-05,3322,,1.20,112,85.23,1.46,
2024-11-06,3322,,1.21,112,84.77,1.45,
2024-11-07,3322,,1.20,112,85.45,1.47,
2024-11-08,3322,,1.23,112,83.64,1.43,
2024-11-11,3322,,1.22,112,84.09,1.44,
2024-11-12,3322,,1.25,112,81.82,1.40,
2024-11-13,3322,,1.23,112,,1.33,
2024-11-14,3322,,1.26,112,,1.30,
2024-11-15,3322,,1.25,112,,1.30,
2024-11-18,3322,,1.26,112,,1.30,
2024-11-19,3322,,1.27,112,,1.29,
2024-11-20,3322,,1.34,112,,1.22,
2024-11-21,3322,,1.22,112,,1.34,
2024-11-22,3322,,1.24,112,,1.32,
2024-11-25,3322,,1.25,112,,1.31,
2024-11-26,3322,,1.26,112,,1.30,
2024-11-27,3322,,1.28,112,,1.27,
2024-11-28,3322,,1.28,112,,1.27,
2024-11-29,3322,,1.27,112,,1.28,
2024-12-02,3322,,1.28,112,,1.27,
2024-12-03,3322,,1.28,112,,1.28,
2024-12-04,3322,,1.26,112,,1.29,
2024-12-05,3322,,1.26,112,,1.29,
2024-12-06,3322,,1.27,112,,1.29,
2024-12-09,3322,,1.27,112,,1.29,
2024-12-10,3322,,1.28,112,,1.27,
2024-12-11,3322,,1.29,112,,1.27,
2024-12-12,3322,,1.29,112,,1.27,
2024-12-13,3322,,1.33,112,,1.23,
2024-12-16,3322,,1.37,112,,1.19,
2024-12-17,3322,,1.36,112,,1.20,
2024-12-18,3322,,1.33,112,,1.23,
2024-12-19,3322,,1.33,112,,1.23,
2024-12-20,3322,,1.35,112,,1.21,
2024-12-23,3322,,1.33,112,,1.22,
2024-12-24,3322,,1.33,112,,1.22,
2024-12-25,3322,,1.30,112,,1.25,
2024-12-26,3322,,1.27,112,,1.29,
2024-12-27,3322,,1.30,112,,1.26,
2024-12-30,3322,,1.32,112,,1.24,
2024-12-31,3322,,1.32,112,,1.24,
2025-01-02,3322,,1.32,113,,1.24,113Q3
2025-01-03,3322,,1.30,113,,1.25,113Q3
2025-01-06,3322,,1.26,113,,1.29,113Q3
2025-01-07,3322,,1.30,113,,1.26,113Q3
2025-01-08,3322,,1.31,113,,1.25,113Q3
2025-01-09,3322,,1.32,113,,1.24,113Q3
2025-01-10,3322,,1.33,113,,1.22,113Q3
2025-01-13,3322,,1.36,113,,1.20,113Q3
2025-01-14,3322,,1.35,113,,1.21,113Q3
2025-01-15,3322,,1.35,113,,1.21,113Q3
2025-01-16,3322,,1.36,113,,1.20,113Q3
2025-01-17,3322,,1.36,113,,1.20,113Q3
2025-01-20,3322,,1.34,113,,1.22,113Q3
2025-01-21,3322,,1.35,113,,1.21,113Q3
2025-01-22,3322,,1.35,113,,1.21,113Q3
2025-02-03,3322,,1.33,113,,1.23,113Q3
2025-02-04,3322,,1.32,113,,1.23,113Q3
2025-02-05,3322,,1.29,113,,1.27,113Q3
2025-02-06,3322,,1.26,113,,1.30,113Q3
2025-02-07,3322,,1.23,113,,1.33,113Q3
2025-02-10,3322,,1.23,113,,1.33,113Q3
2025-02-11,3322,,1.23,113,,1.33,113Q3
2025-02-12,3322,,1.25,113,,1.30,113Q3
2025-02-13,3322,,1.24,113,,1.31,113Q3
2025-02-14,3322,,1.25,113,,1.31,113Q3
2025-02-17,3322,,1.25,113,,1.31,113Q3
2025-02-18,3322,,1.26,113,,1.30,113Q3
2025-02-19,3322,,1.25,113,,1.31,113Q3
2025-02-20,3322,,1.25,113,,1.30,113Q3
2025-02-21,3322,,1.24,113,,1.31,113Q3
2025-02-24,3322,,1.22,113,,1.34,113Q3
2025-02-25,3322,,1.22,113,,1.34,113Q3
2025-02-26,3322,,1.21,113,,1.35,113Q3
2025-02-27,3322,,1.24,113,,1.32,113Q3
2025-03-03,3322,,1.22,113,,1.34,113Q3
2025-03-04,3322,,1.23,113,,1.33,113Q3
2025-03-05,3322,,1.24,113,,1.32,113Q3
2025-03-06,3322,,1.27,113,,1.29,113Q3
2025-03-07,3322,,1.29,113,,1.26,113Q3
2025-03-10,3322,,1.29,113,,1.26,113Q3
2025-03-11,3322,,0.00,113,,1.29,113Q3
2025-03-12,3322,,0.00,113,,1.29,113Q3
2025-03-13,3322,,0.00,113,,1.26,113Q3
2025-03-14,3322,,0.00,113,,1.29,113Q4
2025-03-17,3322,,0.00,113,,1.26,113Q4
2025-03-18,3322,,0.00,113,,1.28,113Q4
2025-03-19,3322,,0.00,113,,1.28,113Q4
2025-03-20,3322,,0.00,113,,1.29,113Q4
2025-03-21,3322,,0.00,113,,1.28,113Q4
2025-03-24,3322,,0.00,113,,1.27,113Q4
2025-03-25,3322,,0.00,113,,1.26,113Q4
2025-03-26,3322,,0.00,113,,1.26,113Q4
2025-03-27,3322,,0.00,113,,1.24,113Q4
2025-03-28,3322,,0.00,113,,1.21,113Q4
2025-03-31,3322,,0.00,113,,1.10,113Q4
2025-04-01,3322,,0.00,113,,1.12,113Q4
2025-04-02,3322,,0.00,113,,1.10,113Q4
2025-04-07,3322,,0.00,113,,1.00,113Q4
2025-04-08,3322,,0.00,113,,0.90,113Q4
2025-04-09,3322,,0.00,113,,0.81,113Q4
2025-04-10,3322,,0.00,113,,0.89,113Q4
2025-04-11,3322,,0.00,113,,0.86,113Q4
2025-04-14,3322,,0.00,113,,0.88,113Q4
2025-04-15,3322,,0.00,113,,0.96,113Q4
2025-04-16,3322,,0.00,113,,0.94,113Q4
2025-04-17,3322,,0.00,113,,0.93,113Q4
2025-04-18,3322,,0.00,113,,0.93,113Q4
2025-04-21,3322,,0.00,113,,0.88,113Q4
2025-04-22,3322,,0.00,113,,0.86,113Q4
2025-04-23,3322,,0.00,113,,0.89,113Q4
2025-04-24,3322,,0.00,113,,0.89,113Q4
2025-04-25,3322,,0.00,113,,0.90,113Q4
2025-04-28,3322,,0.00,113,,0.94,113Q4
2025-04-29,3322,,0.00,113,,0.95,113Q4
2025-04-30,3322,,0.00,113,,0.94,113Q4
2025-05-02,3322,,0.00,113,,0.96,113Q4
2025-05-05,3322,,0.00,113,,0.91,113Q4
2025-05-06,3322,,0.00,113,,0.92,113Q4
2025-05-07,3322,,0.00,113,,0.91,113Q4
2025-05-08,3322,,0.00,113,,0.91,113Q4
2025-05-09,3322,,0.00,113,,0.94,113Q4
2025-05-12,3322,,0.00,113,,0.98,113Q4
2025-05-13,3322,,0.00,113,,0.97,114Q1
2025-05-14,3322,,0.00,113,,0.98,114Q1
2025-05-15,3322,,0.00,113,,0.96,114Q1
2025-05-16,3322,,0.00,113,,0.96,114Q1
2025-05-19,3322,,0.00,113,,0.94,114Q1
2025-05-20,3322,,0.00,113,,0.95,114Q1
2025-05-21,3322,,0.00,113,,0.95,114Q1
2025-05-22,3322,,0.00,113,,0.94,114Q1
2025-05-23,3322,,0.00,113,,0.94,114Q1
2025-05-26,3322,,0.00,113,,0.94,114Q1
2025-05-27,3322,,0.00,113,,0.91,114Q1
2025-05-28,3322,,0.00,113,,0.90,114Q1
2025-05-29,3322,,0.00,113,,0.91,114Q1
2025-06-02,3322,,0.00,113,,0.88,114Q1
2025-06-03,3322,,0.00,113,,0.88,114Q1
2025-06-04,3322,,0.00,113,,0.90,114Q1
2025-06-05,3322,,0.00,113,,0.92,114Q1
2025-06-06,3322,,0.00,113,,0.92,114Q1
2025-06-09,3322,,0.00,113,,0.90,114Q1
2025-06-10,3322,,0.00,113,,0.92,114Q1
2025-06-11,3322,,0.00,113,,1.02,114Q1
2025-06-12,3322,,0.00,113,,1.02,114Q1
2025-06-13,3322,,0.00,113,,0.98,114Q1
2025-06-16,3322,,0.00,113,,0.98,114Q1
2025-06-17,3322,,0.00,113,,0.98,114Q1
2025-06-18,3322,,0.00,113,,0.98,114Q1
2025-06-19,3322,,0.00,113,,0.95,114Q1
2025-06-20,3322,,0.00,113,,0.94,114Q1
2025-06-23,3322,,0.00,113,,0.92,114Q1
2025-06-24,3322,,0.00,113,,0.94,114Q1
2025-06-25,3322,,0.00,113,,0.93,114Q1
2025-06-26,3322,,0.00,113,,0.93,114Q1
2025-06-27,3322,,0.00,113,,0.94,114Q1
2025-06-30,3322,,0.00,113,,0.96,114Q1
2025-07-01,3322,,0.00,113,,0.98,114Q1
2025-07-02,3322,,0.00,113,,0.98,114Q1
2025-07-03,3322,,0.00,113,,0.99,114Q1
2025-07-04,3322,,0.00,113,,0.97,114Q1
2025-07-07,3322,,0.00,113,,0.94,114Q1
2025-07-08,3322,,0.00,113,,0.91,114Q1
2025-07-09,3322,,0.00,113,,0.91,114Q1
2025-07-10,3322,,0.00,113,,0.90,114Q1
2025-07-11,3322,,0.00,113,,0.91,114Q1
2025-07-14,3322,,0.00,113,,0.89,114Q1
2025-07-15,3322,,0.00,113,,0.89,114Q1
2025-07-16,3322,,0.00,113,,0.89,114Q1
2025-07-17,3322,,0.00,113,,0.91,114Q1
2025-07-18,3322,,0.00,113,,0.91,114Q1
2025-07-21,3322,,0.00,113,,0.92,114Q1
2025-07-22,3322,,0.00,113,,0.92,114Q1
2025-07-23,3322,,0.00,113,,0.93,114Q1
2025-07-24,3322,,0.00,113,,0.93,114Q1
2025-07-25,3322,,0.00,113,,0.93,114Q1
2025-07-28,3322,,0.00,113,,0.94,114Q1
2025-07-29,3322,,0.00,113,,0.92,114Q1
2025-07-30,3322,,0.00,113,,0.91,114Q1
2025-07-31,3322,,0.00,113,,0.91,114Q1
2025-08-01,3322,,0.00,113,,0.92,114Q1
2025-08-04,3322,,0.00,113,,1.01,114Q1
2025-08-05,3322,,0.00,113,,1.10,114Q1
2025-08-06,3322,,0.00,113,,1.08,114Q1
2025-08-07,3322,,0.00,113,,1.06,114Q1
2025-08-08,3322,,0.00,113,,1.30,114Q2
2025-08-11,3322,,0.00,113,,1.29,114Q2
2025-08-12,3322,,0.00,113,,1.31,114Q2
2025-08-13,3322,,0.00,113,,1.35,114Q2
2025-08-14,3322,,0.00,113,,1.31,114Q2
2025-08-15,3322,,0.00,113,,1.31,114Q2
2025-08-18,3322,,0.00,113,,1.32,114Q2
2025-08-19,3322,,0.00,113,,1.25,114Q2
2025-08-20,3322,,0.00,113,,1.19,114Q2
2025-08-21,3322,,0.00,113,,1.24,114Q2
2025-08-22,3322,,0.00,113,,1.30,114Q2
2025-08-25,3322,,0.00,113,,1.27,114Q2
2025-08-26,3322,,0.00,113,,1.28,114Q2
2025-08-27,3322,,0.00,113,,1.27,114Q2
2025-08-28,3322,,0.00,113,,1.26,114Q2
2025-08-29,3322,,0.00,113,,1.29,114Q2
2025-09-01,3322,,0.00,113,,1.22,114Q2
2025-09-02,3322,,0.00,113,,1.20,114Q2
2025-09-03,3322,,0.00,113,,1.24,114Q2
2025-09-04,3322,,0.00,113,,1.22,114Q2
2025-09-05,3322,,0.00,113,,1.23,114Q2
2025-09-08,3322,,0.00,113,,1.22,114Q2
2025-09-09,3322,,0.00,113,,1.22,114Q2
2025-09-10,3322,,0.00,113,,1.24,114Q2
2025-09-11,3322,,0.00,113,,1.19,114Q2
2025-09-12,3322,,0.00,113,,1.20,114Q2
2025-09-15,3322,,0.00,113,,1.18,114Q2
2025-09-16,3322,,0.00,113,,1.18,114Q2
2025-09-17,3322,,0.00,113,,1.25,114Q2
2025-09-18,3322,,0.00,113,,1.26,114Q2
2025-09-19,3322,,0.00,113,,1.24,114Q2
2025-09-22,3322,,0.00,113,,1.26,114Q2
2025-09-23,3322,,0.00,113,,1.23,114Q2
2025-09-24,3322,,0.00,113,,1.22,114Q2
2025-09-25,3322,,0.00,113,,1.21,114Q2
2025-09-26,3322,,0.00,113,,1.18,114Q2
2025-09-30,3322,,0.00,113,,1.18,114Q2
2025-10-01,3322,,0.00,113,,1.19,114Q2
2025-10-02,3322,,0.00,113,,1.21,114Q2
2025-10-03,3322,,0.00,113,,1.21,114Q2
2025-10-07,3322,,0.00,113,,1.21,114Q2
2025-10-08,3322,,0.00,113,,1.20,114Q2
2025-10-09,3322,,0.00,113,,1.20,114Q2
2025-10-13,3322,,0.00,113,,1.16,114Q2
2025-10-14,3322,,0.00,113,,1.15,114Q2
2025-10-15,3322,,0.00,113,,1.15,114Q2
2025-10-16,3322,,0.00,113,,1.16,114Q2
2025-10-17,3322,,0.00,113,,1.15,114Q2
2025-10-20,3322,,0.00,113,,1.15,114Q2
2025-10-21,3322,,0.00,113,,1.19,114Q2
2025-10-22,3322,,0.00,113,,1.18,114Q2
2025-10-23,3322,,0.00,113,,1.18,114Q2
2025-10-27,3322,,0.00,113,,1.15,114Q2
2025-10-28,3322,,0.00,113,,1.14,114Q2
2025-10-29,3322,,0.00,113,,1.11,114Q2
2025-10-30,3322,,0.00,113,,1.11,114Q2
2025-10-31,3322,,0.00,113,,1.11,114Q2
2025-11-03,3322,,0.00,113,,1.10,114Q2
2025-11-04,3322,,0.00,113,,1.08,114Q2
2025-11-05,3322,,0.00,113,,1.07,114Q2
2025-11-06,3322,,0.00,113,,1.12,114Q2
2025-11-07,3322,,0.00,113,,1.12,114Q2
2025-11-10,3322,,0.00,113,,1.12,114Q2
2025-11-11,3322,,0.00,113,,1.11,114Q2
2025-11-12,3322,,0.00,113,,1.13,114Q2
2025-11-13,3322,,0.00,113,,1.06,114Q3
2025-11-14,3322,,0.00,113,,1.05,114Q3
2025-11-17,3322,,0.00,113,,1.02,114Q3
2025-11-18,3322,,0.00,113,,1.00,114Q3
2025-11-19,3322,,0.00,113,,0.98,114Q3
2025-11-20,3322,,0.00,113,,0.99,114Q3
2025-11-21,3322,,0.00,113,,0.97,114Q3
2025-11-24,3322,,0.00,113,,0.98,114Q3
2025-11-25,3322,,0.00,113,,1.00,114Q3
2025-11-26,3322,,0.00,113,,1.02,114Q3
2025-11-27,3322,,0.00,113,,1.02,114Q3
2025-11-28,3322,,0.00,113,,1.02,114Q3
2025-12-01,3322,,0.00,113,,1.00,114Q3
2025-12-02,3322,,0.00,113,,1.01,114Q3
2025-12-03,3322,,0.00,113,,1.02,114Q3
2025-12-04,3322,,0.00,113,,1.07,114Q3
2025-12-05,3322,,0.00,113,,1.06,114Q3
2025-12-08,3322,,0.00,113,,1.06,114Q3
2025-12-09,3322,,0.00,113,,1.06,114Q3
2025-12-10,3322,,0.00,113,,1.07,114Q3
2025-12-11,3322,,0.00,113,,1.07,114Q3
2025-12-12,3322,,0.00,113,,1.12,114Q3
2025-12-15,3322,,0.00,113,,1.23,114Q3
2025-12-16,3322,,0.00,113,,1.24,114Q3
2025-12-17,3322,,0.00,113,,1.24,114Q3
2025-12-18,3322,,0.00,113,,1.28,114Q3
2025-12-19,3322,,0.00,113,,1.27,114Q3
2025-12-22,3322,,0.00,113,,1.32,114Q3
2025-12-23,3322,,0.00,113,,1.29,114Q3
2025-12-24,3322,,0.00,113,,1.28,114Q3
2025-12-26,3322,,0.00,113,,1.30,114Q3
2025-12-29,3322,,0.00,113,,1.26,114Q3
2025-12-30,3322,,0.00,113,,1.26,114Q3
2025-12-31,3322,,0.00,113,,1.26,114Q3
2026-01-02,3322,,0.00,114,,1.28,114Q3
2026-01-05,3322,,0.00,114,,1.23,114Q3
2026-01-06,3322,,0.00,114,,1.24,114Q3
2026-01-07,3322,,0.00,114,,1.28,114Q3
2026-01-08,3322,,0.00,114,,1.25,114Q3
2026-01-09,3322,,0.00,114,,1.27,114Q3
2026-01-12,3322,,0.00,114,,1.31,114Q3
2026-01-13,3322,,0.00,114,,1.28,114Q3
2026-01-14,3322,,0.00,114,,1.36,114Q3
2026-01-15,3322,,0.00,114,,1.36,114Q3
2026-01-16,3322,,0.00,114,,1.40,114Q3
2026-01-19,3322,,0.00,114,,1.46,114Q3
2026-01-20,3322,,0.00,114,,1.41,114Q3
2026-01-21,3322,,0.00,114,,1.36,114Q3
2026-01-22,3322,,0.00,114,,1.36,114Q3
2026-01-23,3322,,0.00,114,,1.36,114Q3
2026-01-26,3322,,0.00,114,,1.38,114Q3
2026-01-27,3322,,0.00,114,,1.36,114Q3
2026-01-28,3322,,0.00,114,,1.36,114Q3
2026-01-29,3322,,0.00,114,,1.33,114Q3
2026-01-30,3322,,0.00,114,,1.26,114Q3
2026-02-02,3322,,0.00,114,,1.22,114Q3
2026-02-03,3322,,0.00,114,,1.26,114Q3
2026-02-04,3322,,0.00,114,,1.30,114Q3
2026-02-05,3322,,0.00,114,,1.28,114Q3
2026-02-06,3322,,0.00,114,,1.26,114Q3
2026-02-09,3322,,0.00,114,,1.27,114Q3
2026-02-10,3322,,0.00,114,,1.24,114Q3
2026-02-11,3322,,0.00,114,,1.26,114Q3
2026-02-23,3322,,0.00,114,,1.29,114Q3
2026-02-24,3322,,0.00,114,,1.29,114Q3
2026-02-25,3322,,0.00,114,,1.28,114Q3
2026-02-26,3322,,0.00,114,,1.30,114Q3
2026-03-02,3322,,0.00,114,,1.32,114Q3
2026-03-03,3322,,0.00,114,,1.27,114Q3
2026-03-04,3322,,0.00,114,,1.19,114Q3
2026-03-05,3322,,0.00,114,,1.23,114Q3
2026-03-06,3322,,0.00,114,,1.23,114Q3
2026-03-09,3322,,0.00,114,,1.15,114Q3
2026-03-10,3322,,0.00,114,,1.21,114Q3
2026-03-11,3322,,0.00,114,,1.11,114Q4
2026-03-12,3322,,0.00,114,,1.10,114Q4
2026-03-13,3322,,0.00,114,,1.07,114Q4
2026-03-16,3322,,0.00,114,,1.04,114Q4
2026-03-17,3322,,0.00,114,,1.05,114Q4
2026-03-18,3322,,0.00,114,,1.06,114Q4
2026-03-19,3322,,0.00,114,,1.03,114Q4
2026-03-20,3322,,0.00,114,,1.04,114Q4
2026-03-23,3322,,0.00,114,,1.01,114Q4
2026-03-24,3322,,0.00,114,,1.00,114Q4
2026-03-25,3322,,0.00,114,,1.03,114Q4
2026-03-26,3322,,0.00,114,,1.01,114Q4
2026-03-27,3322,,0.00,114,,0.99,114Q4
2026-03-30,3322,,0.00,114,,0.99,114Q4
2026-03-31,3322,,0.00,114,,0.96,114Q4
2026-04-01,3322,,0.00,114,,0.99,114Q4
2026-04-02,3322,,0.00,114,,1.03,114Q4
2026-04-07,3322,,0.00,114,,1.06,114Q4
2026-04-08,3322,,0.00,114,,1.04,114Q4
2026-04-09,3322,,0.00,114,,1.01,114Q4
2026-04-10,3322,,0.00,114,,1.05,114Q4
2026-04-13,3322,,0.00,114,,1.02,114Q4
2026-04-14,3322,,0.00,114,,1.02,114Q4
2026-04-15,3322,,0.00,114,,1.03,114Q4
2026-04-16,3322,,0.00,114,,1.06,114Q4
2026-04-17,3322,,0.00,114,,1.07,114Q4
2026-04-20,3322,,0.00,114,,1.14,114Q4
2026-04-21,3322,,0.00,114,,1.11,114Q4
2026-04-22,3322,,0.00,114,,1.15,114Q4
2026-04-23,3322,,0.00,114,,1.09,114Q4
2026-04-24,3322,,0.00,114,,1.13,114Q4
2026-04-27,3322,,0.00,114,,1.08,114Q4
2026-04-28,3322,,0.00,114,,1.07,114Q4
2026-04-29,3322,,0.00,114,,1.07,114Q4
2026-04-30,3322,,0.00,114,,1.05,114Q4
2026-05-04,3322,,0.00,114,,1.02,114Q4
2026-05-05,3322,,0.00,114,,1.03,114Q4
2026-05-06,3322,,0.00,114,,1.02,114Q4
2026-05-07,3322,,0.00,114,,1.05,114Q4
2026-05-08,3322,,0.00,114,,1.02,114Q4
2026-05-11,3322,,0.00,114,,1.03,114Q4
2026-05-12,3322,,0.00,114,,1.08,114Q4
2026-05-13,3322,,0.00,114,,1.16,115Q1
2026-05-14,3322,,0.00,114,,1.14,115Q1
2026-05-15,3322,,0.00,114,,1.08,115Q1
2026-05-18,3322,,0.00,114,,1.07,115Q1
2026-05-19,3322,,0.00,114,,1.03,115Q1
2026-05-20,3322,,0.00,114,,1.03,115Q1
2026-05-21,3322,,0.00,114,,1.08,115Q1
2026-05-22,3322,,0.00,114,,1.13,115Q1
2026-05-25,3322,,0.00,114,,1.09,115Q1
2026-05-26,3322,,0.00,114,,1.07,115Q1
2026-05-27,3322,,0.00,114,,1.11,115Q1
2026-05-28,3322,,0.00,114,,1.08,115Q1
2026-05-29,3322,,0.00,114,,1.10,115Q1
2026-06-01,3322,,0.00,114,,1.14,115Q1
2026-06-02,3322,,0.00,114,,1.20,115Q1
2026-06-03,3322,,0.00,114,,1.21,115Q1
2026-06-04,3322,,0.00,114,,1.22,115Q1
2026-06-05,3322,,0.00,114,,1.20,115Q1
2026-06-08,3322,,0.00,114,,1.20,115Q1
2026-06-09,3322,,0.00,114,,1.32,115Q1
2026-06-10,3322,,0.00,114,,1.27,115Q1
2026-06-11,3322,,0.00,114,,1.23,115Q1
2026-06-12,3322,,0.00,114,,1.29,115Q1
2026-06-15,3322,,0.00,114,,1.30,115Q1
2026-06-16,3322,,0.00,114,,1.22,115Q1
2026-06-17,3322,,0.00,114,,1.24,115Q1
2026-06-18,3322,,0.00,114,,1.25,115Q1
2026-06-22,3322,,0.00,114,,1.29,115Q1
2026-06-23,3322,,0.00,114,,1.23,115Q1
2026-06-24,3322,,0.00,114,,1.23,115Q1
2026-06-25,3322,,0.00,114,,1.20,115Q1
2026-06-26,3322,,0.00,114,,1.16,115Q1
2026-06-29,3322,,0.00,114,,1.16,115Q1
2026-06-30,3322,,0.00,114,,1.20,115Q1
2026-07-01,3322,,0.00,114,,1.18,115Q1
2026-07-02,3322,,0.00,114,,1.18,115Q1
2026-07-03,3322,,0.00,114,,1.22,115Q1
2026-07-06,3322,,0.00,114,,1.21,115Q1
2026-07-07,3322,,0.00,114,,1.14,115Q1
2026-07-08,3322,,0.00,114,,1.13,115Q1
2026-07-09,3322,,0.00,114,,1.14,115Q1
2026-07-13,3322,,0.00,114,,1.12,115Q1
2026-07-14,3322,,0.00,114,,1.08,115Q1
2026-07-15,3322,,0.00,114,,1.11,115Q1
2026-07-16,3322,,0.00,114,,1.08,115Q1
2026-07-17,3322,,0.00,114,,1.02,115Q1
2026-07-20,3322,,0.00,114,,1.01,115Q1
2026-07-21,3322,,0.00,114,,1.05,115Q1
2026-07-22,3322,,0.00,114,,1.06,115Q1
2026-07-23,3322,,0.00,114,,1.04,115Q1
2026-07-24,3322,,0.00,114,,1.03,115Q1
2026-07-27,3322,,0.00,114,,1.04,115Q1
2026-07-28,3322,,0.00,114,,0.98,115Q1
2026-07-29,3322,,0.00,114,,0.92,115Q1
2026-07-30,3322,,0.00,114,,0.88,115Q1
2026-07-31,3322,,0.00,114,,0.92,115Q1
2026-08-03,3322,,0.00,114,,0.94,115Q1
2026-08-04,3322,,0.00,114,,0.95,115Q1
2026-08-05,3322,,0.00,114,,0.96,115Q1
2026-08-06,3322,,0.00,114,,0.96,115Q1
2026-08-07,3322,,0.00,114,,0.95,115Q1
2026-08-10,3322,,0.00,114,,0.96,115Q1
2026-08-11,3322,,0.00,114,,0.96,115Q1
2026-08-12,3322,,0.00,114,,0.99,115Q2
2026-08-13,3322,,0.00,114,,1.01,115Q2
2026-08-14,3322,,0.00,114,,0.99,115Q2
2026-08-17,3322,,0.00,114,,1.00,115Q2
2026-08-18,3322,,0.00,114,,0.97,115Q2
2026-08-19,3322,,0.00,114,,0.98,115Q2
2026-08-20,3322,,0.00,114,,0.98,115Q2
2026-08-21,3322,,0.00,114,,0.97,115Q2
2026-08-24,3322,,0.00,114,,0.97,115Q2
2026-08-25,3322,,0.00,114,,0.96,115Q2
2026-08-26,3322,,0.00,114,,0.97,115Q2
2026-08-27,3322,,0.00,114,,0.98,115Q2
2026-08-28,3322,,0.00,114,,0.97,115Q2
2026-08-31,3322,,0.00,114,,1.00,115Q2
2026-09-01,3322,,0.00,114,,0.98,115Q2
2026-09-02,3322,,0.00,114,,0.97,115Q2
2026-09-03,3322,,0.00,114,,0.97,115Q2
2026-09-04,3322,,0.00,114,,0.97,115Q2
2026-09-07,3322,,0.00,114,,0.96,115Q2
2026-09-08,3322,,0.00,114,,0.96,115Q2
2026-09-09,3322,,0.00,114,,0.96,115Q2
2026-09-10,3322,,0.00,114,,0.97,115Q2
2026-09-11,3322,,0.00,114,,0.94,115Q2
