date,stock_id,close,yield_pct,dividend_year,per,pbr,fs_quarter
2015-01-05,3521,,0.00,103,,1.47,
2015-01-06,3521,,0.00,103,,1.48,
2015-01-07,3521,,0.00,103,,1.58,
2015-01-08,3521,,0.00,103,,1.69,
2015-01-09,3521,,0.00,103,,1.59,
2015-01-12,3521,,0.00,103,,1.49,
2015-01-13,3521,,0.00,103,,1.59,
2015-01-14,3521,,0.00,103,,1.63,
2015-01-15,3521,,0.00,103,,1.55,
2015-01-16,3521,,0.00,103,,1.52,
2015-01-19,3521,,0.00,103,,1.50,
2015-01-20,3521,,0.00,103,,1.54,
2015-01-21,3521,,0.00,103,,1.54,
2015-01-22,3521,,0.00,103,,1.59,
2015-01-23,3521,,0.00,103,,1.54,
2015-01-26,3521,,0.00,103,,1.55,
2015-01-27,3521,,0.00,103,,1.54,
2015-01-28,3521,,0.00,103,,1.54,
2015-01-29,3521,,0.00,103,,1.55,
2015-01-30,3521,,0.00,103,,1.54,
2015-02-02,3521,,0.00,103,,1.56,
2015-02-03,3521,,0.00,103,,1.52,
2015-02-04,3521,,0.00,103,,1.52,
2015-02-05,3521,,0.00,103,,1.63,
2015-02-06,3521,,0.00,103,,1.63,
2015-02-09,3521,,0.00,103,,1.51,
2015-02-10,3521,,0.00,103,,1.53,
2015-02-11,3521,,0.00,103,,1.53,
2015-02-12,3521,,0.00,103,,1.46,
2015-02-13,3521,,0.00,103,,1.56,
2015-02-24,3521,,0.00,103,,1.59,
2015-02-25,3521,,0.00,103,,1.57,
2015-02-26,3521,,0.00,103,,1.57,
2015-03-02,3521,,0.00,103,,1.53,
2015-03-03,3521,,0.00,103,,1.51,
2015-03-04,3521,,0.00,103,,1.53,
2015-03-05,3521,,0.00,103,,1.64,
2015-03-06,3521,,0.00,103,,1.67,
2015-03-09,3521,,0.00,103,,1.65,
2015-03-10,3521,,0.00,103,,1.59,
2015-03-11,3521,,0.00,103,,1.62,
2015-03-12,3521,,0.00,103,,1.62,
2015-03-13,3521,,0.00,103,,1.64,
2015-03-16,3521,,0.00,103,,1.62,
2015-03-17,3521,,0.00,103,,1.59,
2015-03-18,3521,,0.00,103,,1.58,
2015-03-19,3521,,0.00,103,,1.64,
2015-03-20,3521,,0.00,103,,1.65,
2015-03-23,3521,,0.00,103,,1.54,
2015-03-24,3521,,0.00,103,,1.58,
2015-03-25,3521,,0.00,103,,1.63,
2015-03-26,3521,,0.00,103,,1.59,
2015-03-27,3521,,0.00,103,,1.59,
2015-03-30,3521,,0.00,103,,1.56,
2015-03-31,3521,,0.00,103,,1.47,
2015-04-01,3521,,0.00,103,,1.46,
2015-04-02,3521,,0.00,103,,1.52,
2015-04-07,3521,,0.00,103,27.50,1.49,
2015-04-08,3521,,0.00,103,27.40,1.48,
2015-04-09,3521,,0.00,103,27.31,1.48,
2015-04-10,3521,,0.00,103,27.31,1.48,
2015-04-13,3521,,0.00,103,27.12,1.47,
2015-04-14,3521,,0.00,103,28.94,1.56,
2015-04-15,3521,,0.00,103,28.46,1.54,
2015-04-16,3521,,0.00,103,27.98,1.51,
2015-04-17,3521,,0.00,103,28.46,1.54,
2015-04-20,3521,,0.00,103,27.12,1.47,
2015-04-21,3521,,0.00,103,27.21,1.47,
2015-04-22,3521,,0.00,103,27.21,1.47,
2015-04-23,3521,,0.00,103,28.65,1.55,
2015-04-24,3521,,0.00,103,27.88,1.51,
2015-04-27,3521,,0.00,103,28.75,1.55,
2015-04-28,3521,,0.00,103,28.75,1.55,
2015-04-29,3521,,0.00,103,28.65,1.55,
2015-04-30,3521,,0.00,103,27.88,1.51,
2015-05-04,3521,,0.00,103,27.31,1.48,
2015-05-05,3521,,0.00,103,27.02,1.46,
2015-05-06,3521,,0.00,103,27.31,1.48,
2015-05-07,3521,,0.00,103,27.40,1.48,
2015-05-08,3521,,0.00,103,26.73,1.44,
2015-05-11,3521,,0.00,103,25.00,1.35,
2015-05-12,3521,,0.00,103,23.46,1.27,
2015-05-13,3521,,0.00,103,23.27,1.26,
2015-05-14,3521,,0.00,103,23.65,1.28,
2015-05-15,3521,,0.00,103,23.75,1.28,
2015-05-18,3521,,0.00,103,23.65,1.28,
2015-05-19,3521,,0.00,103,23.37,1.26,
2015-05-20,3521,,0.00,103,23.37,1.26,
2015-05-21,3521,,0.00,103,23.08,1.25,
2015-05-22,3521,,0.00,103,24.04,1.30,
2015-05-25,3521,,0.00,103,25.48,1.38,
2015-05-26,3521,,0.00,103,,1.43,
2015-05-27,3521,,0.00,103,,1.43,
2015-05-28,3521,,0.00,103,,1.43,
2015-05-29,3521,,0.00,103,,1.46,
2015-06-01,3521,,0.00,103,,1.37,
2015-06-02,3521,,0.00,103,,1.40,
2015-06-03,3521,,0.00,103,,1.45,
2015-06-04,3521,,0.00,103,,1.42,
2015-06-05,3521,,0.00,103,,1.37,
2015-06-08,3521,,0.00,103,,1.37,
2015-06-09,3521,,0.00,103,,1.37,
2015-06-10,3521,,0.00,103,,1.36,
2015-06-11,3521,,0.00,103,,1.32,
2015-06-12,3521,,0.00,103,,1.29,
2015-06-15,3521,,0.00,103,,1.40,
2015-06-16,3521,,0.00,103,,1.37,
2015-06-17,3521,,0.00,103,,1.36,
2015-06-18,3521,,0.00,103,,1.25,
2015-06-22,3521,,0.00,103,,1.25,
2015-06-23,3521,,0.00,103,,1.25,
2015-06-24,3521,,0.00,103,,1.25,
2015-06-25,3521,,0.00,103,,1.34,
2015-06-26,3521,,0.00,103,,1.32,
2015-06-29,3521,,0.00,103,,1.31,
2015-06-30,3521,,0.00,103,,1.29,
2015-07-01,3521,,0.00,103,,1.31,
2015-07-02,3521,,0.00,103,,1.31,
2015-07-03,3521,,0.00,103,,1.25,
2015-07-06,3521,,0.00,103,,1.28,
2015-07-07,3521,,0.00,103,,1.23,
2015-07-08,3521,,0.00,103,,1.24,
2015-07-09,3521,,0.00,103,,1.17,
2015-07-13,3521,,0.00,103,,1.29,
2015-07-14,3521,,0.00,103,,1.42,
2015-07-15,3521,,0.00,103,,1.37,
2015-07-16,3521,,0.00,103,,1.37,
2015-07-17,3521,,0.00,103,,1.30,
2015-07-20,3521,,0.00,103,,1.41,
2015-07-21,3521,,0.00,103,,1.39,
2015-07-22,3521,,0.00,103,,1.37,
2015-07-23,3521,,0.00,103,,1.37,
2015-07-24,3521,,0.00,103,,1.37,
2015-07-27,3521,,0.00,103,,1.36,
2015-07-28,3521,,0.00,103,,1.35,
2015-07-29,3521,,0.00,103,,1.33,
2015-07-30,3521,,0.00,103,,1.36,
2015-07-31,3521,,0.00,103,,1.34,
2015-08-03,3521,,0.00,103,,1.26,
2015-08-04,3521,,0.00,103,,1.24,
2015-08-05,3521,,0.00,103,,1.21,
2015-08-06,3521,,0.00,103,,1.16,
2015-08-07,3521,,0.00,103,,1.27,
2015-08-10,3521,,0.00,103,,1.34,
2015-08-11,3521,,0.00,103,,1.39,
2015-08-12,3521,,0.00,103,,1.32,
2015-08-13,3521,,0.00,103,,1.32,
2015-08-14,3521,,0.00,103,,1.27,
2015-08-17,3521,,0.00,103,,1.29,
2015-08-18,3521,,0.00,103,,1.25,
2015-08-19,3521,,0.00,103,,1.21,
2015-08-20,3521,,0.00,103,,1.14,
2015-08-21,3521,,0.00,103,,1.15,
2015-08-24,3521,,0.00,103,,1.23,
2015-08-25,3521,,0.00,103,,1.17,
2015-08-26,3521,,0.00,103,,1.11,
2015-08-27,3521,,0.00,103,,1.08,
2015-08-28,3521,,0.00,103,,1.07,
2015-08-31,3521,,0.00,103,,1.06,
2015-09-01,3521,,0.00,103,,1.10,
2015-09-02,3521,,0.00,103,,0.99,
2015-09-03,3521,,0.00,103,,0.95,
2015-09-04,3521,,0.00,103,,0.97,
2015-09-07,3521,,0.00,103,,0.98,
2015-09-08,3521,,0.00,103,,0.98,
2015-09-09,3521,,0.00,103,,1.01,
2015-09-10,3521,,0.00,103,,1.01,
2015-09-11,3521,,0.00,103,,1.01,
2015-09-14,3521,,0.00,103,,1.03,
2015-09-15,3521,,0.00,103,,1.01,
2015-09-16,3521,,0.00,103,,1.03,
2015-09-17,3521,,0.00,103,,1.04,
2015-09-18,3521,,0.00,103,,1.05,
2015-09-21,3521,,0.00,103,,1.02,
2015-09-22,3521,,0.00,103,,1.02,
2015-09-23,3521,,0.00,103,,1.02,
2015-09-24,3521,,0.00,103,,1.00,
2015-09-25,3521,,0.00,103,,1.02,
2015-09-30,3521,,0.00,103,,1.00,
2015-10-01,3521,,0.00,103,,1.05,
2015-10-02,3521,,0.00,103,,1.05,
2015-10-05,3521,,0.00,103,,1.05,
2015-10-06,3521,,0.00,103,,1.05,
2015-10-07,3521,,0.00,103,,1.03,
2015-10-08,3521,,0.00,103,,1.03,
2015-10-12,3521,,0.00,103,,1.13,
2015-10-13,3521,,0.00,103,,1.24,
2015-10-14,3521,,0.00,103,,1.36,
2015-10-15,3521,,0.00,103,,1.36,
2015-10-16,3521,,0.00,103,,1.37,
2015-10-19,3521,,0.00,103,,1.50,
2015-10-20,3521,,0.00,103,,1.47,
2015-10-21,3521,,0.00,103,,1.50,
2015-10-22,3521,,0.00,103,,1.48,
2015-10-23,3521,,0.00,103,,1.46,
2015-10-26,3521,,0.00,103,,1.45,
2015-10-27,3521,,0.00,103,,1.43,
2015-10-28,3521,,0.00,103,,1.40,
2015-10-29,3521,,0.00,103,,1.41,
2015-10-30,3521,,0.00,103,,1.41,
2015-11-02,3521,,0.00,103,,1.40,
2015-11-03,3521,,0.00,103,,1.46,
2015-11-04,3521,,0.00,103,,1.46,
2015-11-05,3521,,0.00,103,,1.54,
2015-11-06,3521,,0.00,103,,1.49,
2015-11-09,3521,,0.00,103,,1.56,
2015-11-10,3521,,0.00,103,,1.53,
2015-11-11,3521,,0.00,103,,1.68,
2015-11-12,3521,,0.00,103,,1.80,
2015-11-13,3521,,0.00,103,,1.68,
2015-11-16,3521,,0.00,103,,1.62,
2015-11-17,3521,,0.00,103,,1.66,
2015-11-18,3521,,0.00,103,,1.65,
2015-11-19,3521,,0.00,103,,1.58,
2015-11-20,3521,,0.00,103,,1.49,
2015-11-23,3521,,0.00,103,,1.58,
2015-11-24,3521,,0.00,103,,1.61,
2015-11-25,3521,,0.00,103,,1.53,
2015-11-26,3521,,0.00,103,,1.59,
2015-11-27,3521,,0.00,103,,1.59,
2015-11-30,3521,,0.00,103,,1.51,
2015-12-01,3521,,0.00,103,,1.56,
2015-12-02,3521,,0.00,103,,1.51,
2015-12-03,3521,,0.00,103,,1.49,
2015-12-04,3521,,0.00,103,,1.49,
2015-12-07,3521,,0.00,103,,1.52,
2015-12-08,3521,,0.00,103,,1.51,
2015-12-09,3521,,0.00,103,,1.49,
2015-12-10,3521,,0.00,103,,1.41,
2015-12-11,3521,,0.00,103,,1.28,
2015-12-14,3521,,0.00,103,,1.29,
2015-12-15,3521,,0.00,103,,1.24,
2015-12-16,3521,,0.00,103,,1.17,
2015-12-17,3521,,0.00,103,,1.16,
2015-12-18,3521,,0.00,103,,1.17,
2015-12-21,3521,,0.00,103,,1.19,
2015-12-22,3521,,0.00,103,,1.15,
2015-12-23,3521,,0.00,103,,1.19,
2015-12-24,3521,,0.00,103,,1.15,
2015-12-25,3521,,0.00,103,,1.15,
2015-12-28,3521,,0.00,103,,1.14,
2015-12-29,3521,,0.00,103,,1.13,
2015-12-30,3521,,0.00,103,,1.12,
2015-12-31,3521,,0.00,103,,1.11,
2016-01-04,3521,,0.00,104,,1.21,
2016-01-05,3521,,0.00,104,,1.28,
2016-01-06,3521,,0.00,104,,1.23,
2016-01-07,3521,,0.00,104,,1.17,
2016-01-08,3521,,0.00,104,,1.29,
2016-01-11,3521,,0.00,104,,1.29,
2016-01-12,3521,,0.00,104,,1.25,
2016-01-13,3521,,0.00,104,,1.22,
2016-01-14,3521,,0.00,104,,1.12,
2016-01-15,3521,,0.00,104,,1.14,
2016-01-18,3521,,0.00,104,,1.15,
2016-01-19,3521,,0.00,104,,1.18,
2016-01-20,3521,,0.00,104,,1.12,
2016-01-21,3521,,0.00,104,,1.12,
2016-01-22,3521,,0.00,104,,1.12,
2016-01-25,3521,,0.00,104,,1.11,
2016-01-26,3521,,0.00,104,,1.10,
2016-01-27,3521,,0.00,104,,1.10,
2016-01-28,3521,,0.00,104,,1.15,
2016-01-29,3521,,0.00,104,,1.18,
2016-01-30,3521,,0.00,104,,1.19,
2016-02-01,3521,,0.00,104,,1.17,
2016-02-02,3521,,0.00,104,,1.16,
2016-02-03,3521,,0.00,104,,1.17,
2016-02-15,3521,,0.00,104,,1.18,
2016-02-16,3521,,0.00,104,,1.19,
2016-02-17,3521,,0.00,104,,1.17,
2016-02-18,3521,,0.00,104,,1.16,
2016-02-19,3521,,0.00,104,,1.15,
2016-02-22,3521,,0.00,104,,1.14,
2016-02-23,3521,,0.00,104,,1.26,
2016-02-24,3521,,0.00,104,,1.19,
2016-02-25,3521,,0.00,104,,1.23,
2016-02-26,3521,,0.00,104,,1.21,
2016-03-01,3521,,0.00,104,,1.24,
2016-03-02,3521,,0.00,104,,1.27,
2016-03-03,3521,,0.00,104,,1.27,
2016-03-04,3521,,0.00,104,,1.23,
2016-03-07,3521,,0.00,104,,1.30,
2016-03-08,3521,,0.00,104,,1.35,
2016-03-09,3521,,0.00,104,,1.47,
2016-03-10,3521,,0.00,104,,1.41,
2016-03-11,3521,,0.00,104,,1.49,
2016-03-14,3521,,0.00,104,,1.44,
2016-03-15,3521,,0.00,104,,1.35,
2016-03-16,3521,,0.00,104,,1.39,
2016-03-17,3521,,0.00,104,,1.43,
2016-03-18,3521,,0.00,104,,1.45,
2016-03-21,3521,,0.00,104,,1.43,
2016-03-22,3521,,0.00,104,,1.43,
2016-03-23,3521,,0.00,104,,1.40,
2016-03-24,3521,,0.00,104,,1.43,
2016-03-25,3521,,0.00,104,,1.42,
2016-03-28,3521,,0.00,104,,1.43,
2016-03-29,3521,,0.00,104,,1.37,
2016-03-30,3521,,0.00,104,,1.41,
2016-03-31,3521,,0.00,104,,1.44,
2016-04-01,3521,,0.00,104,,1.40,
2016-04-06,3521,,0.00,104,,1.40,
2016-04-07,3521,,0.00,104,,1.40,
2016-04-08,3521,,0.00,104,28.75,1.48,
2016-04-11,3521,,0.00,104,30.38,1.56,
2016-04-12,3521,,0.00,104,28.37,1.46,
2016-04-13,3521,,0.00,104,29.42,1.51,
2016-04-14,3521,,0.00,104,28.75,1.48,
2016-04-15,3521,,0.00,104,31.54,1.62,
2016-04-18,3521,,0.00,104,30.77,1.58,
2016-04-19,3521,,0.00,104,29.33,1.51,
2016-04-20,3521,,0.00,104,27.12,1.39,
2016-04-21,3521,,0.00,104,27.69,1.42,
2016-04-22,3521,,0.00,104,26.92,1.38,
2016-04-25,3521,,0.00,104,26.73,1.37,
2016-04-26,3521,,0.00,104,27.21,1.40,
2016-04-27,3521,,0.00,104,27.31,1.40,
2016-04-28,3521,,0.00,104,26.92,1.38,
2016-04-29,3521,,0.00,104,26.06,1.34,
2016-05-03,3521,,0.00,104,25.77,1.32,
2016-05-04,3521,,0.00,104,25.00,1.28,
2016-05-05,3521,,0.00,104,26.44,1.36,
2016-05-06,3521,,0.00,104,26.35,1.35,
2016-05-09,3521,,0.00,104,26.54,1.36,
2016-05-10,3521,,0.00,104,26.06,1.34,
2016-05-11,3521,,0.00,104,25.38,1.30,
2016-05-12,3521,,0.00,104,24.71,1.27,
2016-05-13,3521,,0.00,104,24.81,1.27,
2016-05-16,3521,,0.00,104,22.40,1.15,
2016-05-17,3521,,0.00,104,21.92,1.13,
2016-05-18,3521,,0.00,104,21.35,1.10,
2016-05-19,3521,,0.00,104,23.46,1.20,
2016-05-20,3521,,0.00,104,16.30,1.17,
2016-05-23,3521,,0.00,104,15.96,1.14,
2016-05-24,3521,,0.00,104,16.23,1.16,
2016-05-25,3521,,0.00,104,16.16,1.16,
2016-05-26,3521,,0.00,104,17.74,1.27,
2016-05-27,3521,,0.00,104,17.33,1.24,
2016-05-30,3521,,0.00,104,16.85,1.21,
2016-05-31,3521,,0.00,104,16.99,1.22,
2016-06-01,3521,,0.00,104,16.58,1.19,
2016-06-02,3521,,0.00,104,16.78,1.20,
2016-06-03,3521,,0.00,104,16.37,1.17,
2016-06-04,3521,,0.00,104,16.30,1.17,
2016-06-06,3521,,0.00,104,16.71,1.20,
2016-06-07,3521,,0.00,104,16.64,1.19,
2016-06-08,3521,,0.00,104,16.71,1.20,
2016-06-13,3521,,0.00,104,16.85,1.21,
2016-06-14,3521,,0.00,104,16.64,1.19,
2016-06-15,3521,,0.00,104,16.85,1.21,
2016-06-16,3521,,0.00,104,17.19,1.23,
2016-06-17,3521,,0.00,104,16.92,1.21,
2016-06-20,3521,,0.00,104,17.05,1.22,
2016-06-21,3521,,0.00,104,17.26,1.24,
2016-06-22,3521,,0.00,104,18.08,1.30,
2016-06-23,3521,,0.00,104,18.15,1.30,
2016-06-24,3521,,0.00,104,17.60,1.26,
2016-06-27,3521,,0.00,104,17.60,1.26,
2016-06-28,3521,,0.00,104,17.33,1.24,
2016-06-29,3521,,0.00,104,17.26,1.24,
2016-06-30,3521,,0.00,104,17.12,1.23,
2016-07-01,3521,,0.00,104,16.92,1.21,
2016-07-04,3521,,0.00,104,17.05,1.22,
2016-07-05,3521,,0.00,104,17.05,1.22,
2016-07-06,3521,,0.00,104,16.99,1.22,
2016-07-07,3521,,0.00,104,17.26,1.24,
2016-07-11,3521,,0.00,104,16.30,1.17,
2016-07-12,3521,,0.00,104,16.37,1.17,
2016-07-13,3521,,0.00,104,16.44,1.18,
2016-07-14,3521,,0.00,104,16.44,1.18,
2016-07-15,3521,,0.00,104,16.30,1.17,
2016-07-18,3521,,0.00,104,16.10,1.15,
2016-07-19,3521,,0.00,104,16.30,1.17,
2016-07-20,3521,,0.00,104,16.30,1.17,
2016-07-21,3521,,0.00,104,16.44,1.18,
2016-07-22,3521,,0.00,104,16.23,1.16,
2016-07-25,3521,,0.00,104,16.16,1.16,
2016-07-26,3521,,0.00,104,16.23,1.16,
2016-07-27,3521,,0.00,104,16.23,1.16,
2016-07-28,3521,,0.00,104,16.10,1.15,
2016-07-29,3521,,0.00,104,15.96,1.14,
2016-08-01,3521,,0.00,104,15.96,1.14,
2016-08-02,3521,,0.00,104,15.96,1.14,
2016-08-03,3521,,0.00,104,15.96,1.14,
2016-08-04,3521,,0.00,104,15.89,1.14,
2016-08-05,3521,,0.00,104,15.89,1.14,
2016-08-08,3521,,0.00,104,15.89,1.14,
2016-08-09,3521,,0.00,104,15.82,1.13,
2016-08-10,3521,,0.00,104,15.75,1.13,
2016-08-11,3521,,0.00,104,14.18,1.02,
2016-08-12,3521,,0.00,104,14.32,1.03,
2016-08-15,3521,,0.00,104,13.66,0.98,
2016-08-16,3521,,0.00,104,13.84,0.99,
2016-08-17,3521,,0.00,104,13.84,0.99,
2016-08-18,3521,,0.00,104,13.97,1.00,
2016-08-19,3521,,0.00,104,13.70,0.98,
2016-08-22,3521,,0.00,104,13.77,0.99,
2016-08-23,3521,,0.00,104,13.18,0.99,
2016-08-24,3521,,0.00,104,13.64,1.03,
2016-08-25,3521,,0.00,104,13.64,1.03,
2016-08-26,3521,,0.00,104,13.51,1.02,
2016-08-29,3521,,0.00,104,13.51,1.02,
2016-08-30,3521,,0.00,104,13.31,1.00,
2016-08-31,3521,,0.00,104,13.05,0.98,
2016-09-01,3521,,0.00,104,13.38,1.01,
2016-09-02,3521,,0.00,104,13.38,1.01,
2016-09-05,3521,,0.00,104,13.12,0.99,
2016-09-06,3521,,0.00,104,13.25,1.00,
2016-09-07,3521,,0.00,104,13.12,0.99,
2016-09-08,3521,,0.00,104,13.05,0.98,
2016-09-09,3521,,0.00,104,13.25,1.00,
2016-09-10,3521,,0.00,104,13.12,0.99,
2016-09-12,3521,,0.00,104,13.18,0.99,
2016-09-13,3521,,0.00,104,14.48,1.09,
2016-09-14,3521,,0.00,104,14.81,1.12,
2016-09-19,3521,,0.00,104,14.42,1.09,
2016-09-20,3521,,0.00,104,14.29,1.08,
2016-09-21,3521,,0.00,104,14.42,1.09,
2016-09-22,3521,,0.00,104,13.90,1.05,
2016-09-23,3521,,0.00,104,15.26,1.15,
2016-09-26,3521,,0.00,104,14.74,1.11,
2016-09-29,3521,,0.00,104,14.61,1.10,
2016-09-30,3521,,0.00,104,14.42,1.09,
2016-10-03,3521,,0.00,104,14.16,1.07,
2016-10-04,3521,,0.00,104,14.16,1.07,
2016-10-05,3521,,0.00,104,14.68,1.11,
2016-10-06,3521,,0.00,104,14.29,1.08,
2016-10-07,3521,,0.00,104,14.09,1.06,
2016-10-11,3521,,0.00,104,13.70,1.03,
2016-10-12,3521,,0.00,104,13.51,1.02,
2016-10-13,3521,,0.00,104,13.25,1.00,
2016-10-14,3521,,0.00,104,13.18,0.99,
2016-10-17,3521,,0.00,104,13.05,0.98,
2016-10-18,3521,,0.00,104,13.18,0.99,
2016-10-19,3521,,0.00,104,13.05,0.98,
2016-10-20,3521,,0.00,104,13.31,1.00,
2016-10-21,3521,,0.00,104,13.12,0.99,
2016-10-24,3521,,0.00,104,13.18,0.99,
2016-10-25,3521,,0.00,104,13.18,0.99,
2016-10-26,3521,,0.00,104,13.57,1.02,
2016-10-27,3521,,0.00,104,13.38,1.01,
2016-10-28,3521,,0.00,104,14.09,1.06,
2016-10-31,3521,,0.00,104,13.90,1.05,
2016-11-01,3521,,0.00,104,13.96,1.05,
2016-11-02,3521,,0.00,104,13.70,1.03,
2016-11-03,3521,,0.00,104,13.51,1.02,
2016-11-04,3521,,0.00,104,13.57,1.02,
2016-11-07,3521,,0.00,104,13.57,1.02,
2016-11-08,3521,,0.00,104,13.31,1.00,
2016-11-09,3521,,0.00,104,12.74,0.96,
2016-11-10,3521,,0.00,104,13.31,1.00,
2016-11-11,3521,,0.00,104,12.92,0.97,
2016-11-14,3521,,0.00,104,13.31,1.00,
2016-11-15,3521,,0.00,104,13.12,0.99,
2016-11-16,3521,,0.00,104,12.96,0.98,
2016-11-17,3521,,0.00,104,12.94,0.98,
2016-11-18,3521,,0.00,104,13.12,0.99,
2016-11-21,3521,,0.00,104,12.99,0.98,
2016-11-22,3521,,0.00,104,12.92,0.97,
2016-11-23,3521,,0.00,104,12.99,0.98,
2016-11-24,3521,,0.00,104,12.99,0.98,
2016-11-25,3521,,0.00,104,12.99,0.98,
2016-11-28,3521,,0.00,104,12.99,0.98,
2016-11-29,3521,,0.00,104,12.92,0.97,
2016-11-30,3521,,0.00,104,13.38,1.01,
2016-12-01,3521,,0.00,104,29.00,1.00,
2016-12-02,3521,,0.00,104,28.86,1.00,
2016-12-05,3521,,0.00,104,29.00,1.00,
2016-12-06,3521,,0.00,104,28.71,0.99,
2016-12-07,3521,,0.00,104,27.94,0.96,
2016-12-08,3521,,0.00,104,27.94,0.96,
2016-12-09,3521,,0.00,104,28.34,0.98,
2016-12-12,3521,,0.00,104,28.00,0.97,
2016-12-13,3521,,0.00,104,28.14,0.97,
2016-12-14,3521,,0.00,104,28.17,0.97,
2016-12-15,3521,,0.00,104,27.94,0.96,
2016-12-16,3521,,0.00,104,28.14,0.97,
2016-12-19,3521,,0.00,104,28.09,0.97,
2016-12-20,3521,,0.00,104,27.83,0.96,
2016-12-21,3521,,0.00,104,27.71,0.96,
2016-12-22,3521,,0.00,104,27.57,0.95,
2016-12-23,3521,,0.00,104,27.49,0.95,
2016-12-26,3521,,0.00,104,27.71,0.96,
2016-12-27,3521,,0.00,104,27.46,0.95,
2016-12-28,3521,,0.00,104,27.60,0.95,
2016-12-29,3521,,0.00,104,27.23,0.94,
2016-12-30,3521,,0.00,104,27.51,0.95,
2017-01-03,3521,,0.00,105,27.49,0.95,
2017-01-04,3521,,0.00,105,27.29,0.94,
2017-01-05,3521,,0.00,105,26.91,0.93,
2017-01-06,3521,,0.00,105,27.20,0.94,
2017-01-09,3521,,0.00,105,27.14,0.94,
2017-01-10,3521,,0.00,105,27.14,0.94,
2017-01-11,3521,,0.00,105,27.09,0.93,
2017-01-12,3521,,0.00,105,27.06,0.93,
2017-01-13,3521,,0.00,105,27.06,0.93,
2017-01-16,3521,,0.00,105,27.09,0.93,
2017-01-17,3521,,0.00,105,27.00,0.93,
2017-01-18,3521,,0.00,105,26.80,0.92,
2017-01-19,3521,,0.00,105,26.69,0.92,
2017-01-20,3521,,0.00,105,26.66,0.92,
2017-01-23,3521,,0.00,105,26.46,0.91,
2017-01-24,3521,,0.00,105,26.46,0.91,
2017-02-02,3521,,0.00,105,26.49,0.91,
2017-02-03,3521,,0.00,105,26.63,0.92,
2017-02-06,3521,,0.00,105,27.49,0.95,
2017-02-07,3521,,0.00,105,28.26,0.97,
2017-02-08,3521,,0.00,105,28.54,0.98,
2017-02-09,3521,,0.00,105,28.57,0.99,
2017-02-10,3521,,0.00,105,28.29,0.98,
2017-02-13,3521,,0.00,105,28.26,0.97,
2017-02-14,3521,,0.00,105,28.29,0.98,
2017-02-15,3521,,0.00,105,28.31,0.98,
2017-02-16,3521,,0.00,105,28.37,0.98,
2017-02-17,3521,,0.00,105,28.00,0.97,
2017-02-18,3521,,0.00,105,27.71,0.96,
2017-02-20,3521,,0.00,105,28.00,0.97,
2017-02-21,3521,,0.00,105,28.17,0.97,
2017-02-22,3521,,0.00,105,28.00,0.97,
2017-02-23,3521,,0.00,105,28.00,0.97,
2017-02-24,3521,,0.00,105,28.00,0.97,
2017-03-01,3521,,0.00,105,28.11,0.97,
2017-03-02,3521,,0.00,105,27.86,0.96,
2017-03-03,3521,,0.00,105,27.43,0.95,
2017-03-06,3521,,0.00,105,27.43,0.95,
2017-03-07,3521,,0.00,105,27.43,0.95,
2017-03-08,3521,,0.00,105,27.43,0.95,
2017-03-09,3521,,0.00,105,27.14,0.94,
2017-03-10,3521,,0.00,105,27.06,0.93,
2017-03-13,3521,,0.00,105,27.17,0.94,
2017-03-14,3521,,0.00,105,27.29,0.94,
2017-03-15,3521,,0.00,105,26.89,0.93,
2017-03-16,3521,,0.00,105,27.00,0.93,
2017-03-17,3521,,0.00,105,26.89,0.93,
2017-03-20,3521,,0.00,105,26.86,0.93,
2017-03-21,3521,,0.00,105,26.89,0.93,
2017-03-22,3521,,0.00,105,26.97,0.93,
2017-03-23,3521,,0.00,105,27.00,0.93,
2017-03-24,3521,,0.00,105,27.09,0.93,
2017-03-27,3521,,0.00,105,26.86,0.93,
2017-03-28,3521,,0.00,105,26.80,0.92,
2017-03-29,3521,,0.00,105,26.54,0.92,
2017-03-30,3521,,0.00,105,26.74,0.92,
2017-03-31,3521,,0.00,105,26.74,0.92,
2017-04-05,3521,,0.00,105,26.86,0.93,
2017-04-06,3521,,0.00,105,26.94,0.93,
2017-04-07,3521,,0.00,105,86.82,0.93,
2017-04-10,3521,,0.00,105,86.36,0.93,
2017-04-11,3521,,0.00,105,85.27,0.92,
2017-04-12,3521,,0.00,105,85.45,0.92,
2017-04-13,3521,,0.00,105,84.91,0.91,
2017-04-14,3521,,0.00,105,84.45,0.91,
2017-04-17,3521,,0.00,105,84.36,0.91,
2017-04-18,3521,,0.00,105,83.18,0.89,
2017-04-19,3521,,0.00,105,83.73,0.90,
2017-04-20,3521,,0.00,105,82.91,0.89,
2017-04-21,3521,,0.00,105,82.82,0.89,
2017-04-24,3521,,0.00,105,84.45,0.91,
2017-04-25,3521,,0.00,105,83.18,0.89,
2017-04-26,3521,,0.00,105,83.18,0.89,
2017-04-27,3521,,0.00,105,82.73,0.89,
2017-04-28,3521,,0.00,105,84.45,0.91,
2017-05-02,3521,,0.00,105,82.55,0.89,
2017-05-03,3521,,0.00,105,83.18,0.89,
2017-05-04,3521,,0.00,105,82.73,0.89,
2017-05-05,3521,,0.00,105,83.27,0.89,
2017-05-08,3521,,0.00,105,82.27,0.88,
2017-05-09,3521,,0.00,105,82.27,0.88,
2017-05-10,3521,,0.00,105,82.82,0.89,
2017-05-11,3521,,0.00,105,82.55,0.89,
2017-05-12,3521,,0.00,105,81.91,0.88,
2017-05-15,3521,,0.00,105,82.18,0.88,
2017-05-16,3521,,0.00,105,,0.92,
2017-05-17,3521,,0.00,105,,0.92,
2017-05-18,3521,,0.00,105,,0.93,
2017-05-19,3521,,0.00,105,,0.93,
2017-05-22,3521,,0.00,105,,0.95,
2017-05-23,3521,,0.00,105,,0.94,
2017-05-24,3521,,0.00,105,,0.92,
2017-05-25,3521,,0.00,105,,0.94,
2017-05-26,3521,,0.00,105,,0.94,
2017-05-31,3521,,0.00,105,,0.94,
2017-06-01,3521,,0.00,105,,0.94,
2017-06-02,3521,,0.00,105,,0.94,
2017-06-03,3521,,0.00,105,,0.93,
2017-06-05,3521,,0.00,105,,0.94,
2017-06-06,3521,,0.00,105,,0.92,
2017-06-07,3521,,0.00,105,,0.92,
2017-06-08,3521,,0.00,105,,0.91,
2017-06-09,3521,,0.00,105,,0.96,
2017-06-12,3521,,0.00,105,,0.96,
2017-06-13,3521,,0.00,105,,0.96,
2017-06-14,3521,,0.00,105,,0.96,
2017-06-15,3521,,0.00,105,,0.96,
2017-06-16,3521,,0.00,105,,0.96,
2017-06-19,3521,,0.00,105,,0.97,
2017-06-20,3521,,0.00,105,,0.96,
2017-06-21,3521,,0.00,105,,0.97,
2017-06-22,3521,,0.00,105,,0.96,
2017-06-23,3521,,0.00,105,,0.96,
2017-06-26,3521,,0.00,105,,0.94,
2017-06-27,3521,,0.00,105,,0.94,
2017-06-28,3521,,0.00,105,,0.95,
2017-06-29,3521,,0.00,105,,0.95,
2017-06-30,3521,,0.00,105,,0.94,
2017-07-03,3521,,0.00,105,,0.95,
2017-07-04,3521,,0.00,105,,0.92,
2017-07-05,3521,,0.00,105,,0.92,
2017-07-06,3521,,0.00,105,,0.92,
2017-07-07,3521,,0.00,105,,0.93,
2017-07-10,3521,,0.00,105,,0.92,
2017-07-11,3521,,0.00,105,,0.93,
2017-07-12,3521,,0.00,105,,0.93,
2017-07-13,3521,,0.00,105,,0.93,
2017-07-14,3521,,0.00,105,,0.93,
2017-07-17,3521,,0.00,105,,0.92,
2017-07-18,3521,,0.00,105,,0.92,
2017-07-19,3521,,0.00,105,,0.92,
2017-07-20,3521,,0.00,105,,0.90,
2017-07-21,3521,,0.00,105,,0.94,
2017-07-24,3521,,0.00,105,,0.94,
2017-07-25,3521,,0.00,105,,0.94,
2017-07-26,3521,,0.00,105,,0.94,
2017-07-27,3521,,0.00,105,,0.92,
2017-07-28,3521,,0.00,105,,0.92,
2017-07-31,3521,,0.00,105,,0.92,
2017-08-01,3521,,0.00,105,,0.92,
2017-08-02,3521,,0.00,105,,0.92,
2017-08-03,3521,,0.00,105,,0.90,
2017-08-04,3521,,0.00,105,,0.91,
2017-08-07,3521,,0.00,105,,0.91,
2017-08-08,3521,,0.00,105,,0.89,
2017-08-09,3521,,0.00,105,,0.91,
2017-08-10,3521,,0.00,105,,0.92,
2017-08-11,3521,,0.00,105,,0.88,
2017-08-14,3521,,0.00,105,,0.91,
2017-08-15,3521,,0.00,105,,0.93,
2017-08-16,3521,,0.00,105,,0.94,
2017-08-17,3521,,0.00,105,,0.93,
2017-08-18,3521,,0.00,105,,0.93,
2017-08-21,3521,,0.00,105,,0.95,
2017-08-22,3521,,0.00,105,,0.91,
2017-08-23,3521,,0.00,105,,0.95,
2017-08-24,3521,,0.00,105,,0.92,
2017-08-25,3521,,0.00,105,,0.93,
2017-08-28,3521,,0.00,105,,0.94,
2017-08-29,3521,,0.00,105,,0.92,
2017-08-30,3521,,0.00,105,,0.93,
2017-08-31,3521,,0.00,105,,0.90,
2017-09-01,3521,,0.00,105,,0.91,
2017-09-04,3521,,0.00,105,,0.90,
2017-09-05,3521,,0.00,105,,0.90,
2017-09-06,3521,,0.00,105,,0.91,
2017-09-07,3521,,0.00,105,,0.91,
2017-09-08,3521,,0.00,105,,0.92,
2017-09-11,3521,,0.00,105,,0.91,
2017-09-12,3521,,0.00,105,,0.90,
2017-09-13,3521,,0.00,105,,0.91,
2017-09-14,3521,,0.00,105,,0.91,
2017-09-15,3521,,0.00,105,,0.91,
2017-09-18,3521,,0.00,105,,0.90,
2017-09-19,3521,,0.00,105,,0.91,
2017-09-20,3521,,0.00,105,,0.91,
2017-09-21,3521,,0.00,105,,0.90,
2017-09-22,3521,,0.00,105,,0.91,
2017-09-25,3521,,0.00,105,,0.91,
2017-09-26,3521,,0.00,105,,0.90,
2017-09-27,3521,,0.00,105,,0.90,
2017-09-28,3521,,0.00,105,,0.89,
2017-09-29,3521,,0.00,105,,0.91,
2017-09-30,3521,,0.00,105,,0.90,
2017-10-02,3521,,0.00,105,,0.91,
2017-10-03,3521,,0.00,105,,0.89,
2017-10-05,3521,,0.00,105,,0.90,
2017-10-06,3521,,0.00,105,,0.90,
2017-10-11,3521,,0.00,105,,0.90,
2017-10-12,3521,,0.00,105,,0.89,
2017-10-13,3521,,0.00,105,,0.89,
2017-10-16,3521,,0.00,105,,0.88,
2017-10-17,3521,,0.00,105,,0.87,
2017-10-18,3521,,0.00,105,,0.85,
2017-10-19,3521,,0.00,105,,0.87,
2017-10-20,3521,,0.00,105,,0.85,
2017-10-23,3521,,0.00,105,,0.86,
2017-10-24,3521,,0.00,105,,0.85,
2017-10-25,3521,,0.00,105,,0.85,
2017-10-26,3521,,0.00,105,,0.85,
2017-10-27,3521,,0.00,105,,0.84,
2017-10-30,3521,,0.00,105,,0.85,
2017-10-31,3521,,0.00,105,,0.84,
2017-11-01,3521,,0.00,105,,0.85,
2017-11-02,3521,,0.00,105,,0.83,
2017-11-03,3521,,0.00,105,,0.85,
2017-11-06,3521,,0.00,105,,0.84,
2017-11-07,3521,,0.00,105,,0.83,
2017-11-08,3521,,0.00,105,,0.86,
2017-11-09,3521,,0.00,105,,0.83,
2017-11-10,3521,,0.00,105,,0.91,
2017-11-13,3521,,0.00,105,,0.87,
2017-11-14,3521,,0.00,105,,0.88,
2017-11-15,3521,,0.00,105,,0.87,
2017-11-16,3521,,0.00,105,,0.87,
2017-11-17,3521,,0.00,105,,0.90,
2017-11-20,3521,,0.00,105,,0.88,
2017-11-21,3521,,0.00,105,,0.89,
2017-11-22,3521,,0.00,105,,0.89,
2017-11-23,3521,,0.00,105,,0.87,
2017-11-24,3521,,0.00,105,,0.89,
2017-11-27,3521,,0.00,105,,0.88,
2017-11-28,3521,,0.00,105,,0.88,
2017-11-29,3521,,0.00,105,,0.87,
2017-11-30,3521,,0.00,105,,0.87,
2017-12-01,3521,,0.00,105,,0.88,
2017-12-04,3521,,0.00,105,,0.94,
2017-12-05,3521,,0.00,105,,0.92,
2017-12-06,3521,,0.00,105,,0.91,
2017-12-07,3521,,0.00,105,,0.89,
2017-12-08,3521,,0.00,105,,0.90,
2017-12-11,3521,,0.00,105,,0.99,
2017-12-12,3521,,0.00,105,,1.00,
2017-12-13,3521,,0.00,105,,1.01,
2017-12-14,3521,,0.00,105,,1.01,
2017-12-15,3521,,0.00,105,,1.02,
2017-12-18,3521,,0.00,105,,1.01,
2017-12-19,3521,,0.00,105,,1.01,
2017-12-20,3521,,0.00,105,,1.01,
2017-12-21,3521,,0.00,105,,1.01,
2017-12-22,3521,,0.00,105,,1.02,
2017-12-25,3521,,0.00,105,,1.02,
2017-12-26,3521,,0.00,105,,1.02,
2017-12-27,3521,,0.00,105,,1.01,
2017-12-28,3521,,0.00,105,,1.01,
2017-12-29,3521,,0.00,105,,1.03,
2018-01-02,3521,,0.00,106,,1.03,
2018-01-03,3521,,0.00,106,,1.10,
2018-01-04,3521,,0.00,106,,1.08,
2018-01-05,3521,,0.00,106,,1.02,
2018-01-08,3521,,0.00,106,,1.04,
2018-01-09,3521,,0.00,106,,1.04,
2018-01-10,3521,,0.00,106,,1.04,
2018-01-11,3521,,0.00,106,,1.04,
2018-01-12,3521,,0.00,106,,1.03,
2018-01-15,3521,,0.00,106,,1.02,
2018-01-16,3521,,0.00,106,,1.01,
2018-01-17,3521,,0.00,106,,1.00,
2018-01-18,3521,,0.00,106,,1.00,
2018-01-19,3521,,0.00,106,,0.98,
2018-01-22,3521,,0.00,106,,1.02,
2018-01-23,3521,,0.00,106,,1.01,
2018-01-24,3521,,0.00,106,,1.01,
2018-01-25,3521,,0.00,106,,1.01,
2018-01-26,3521,,0.00,106,,1.02,
2018-01-29,3521,,0.00,106,,1.01,
2018-01-30,3521,,0.00,106,,1.00,
2018-01-31,3521,,0.00,106,,1.02,
2018-02-01,3521,,0.00,106,,1.00,
2018-02-02,3521,,0.00,106,,1.01,
2018-02-05,3521,,0.00,106,,1.01,
2018-02-06,3521,,0.00,106,,1.00,
2018-02-07,3521,,0.00,106,,1.01,
2018-02-08,3521,,0.00,106,,1.01,
2018-02-09,3521,,0.00,106,,1.01,
2018-02-12,3521,,0.00,106,,1.00,
2018-02-21,3521,,0.00,106,,1.01,
2018-02-22,3521,,0.00,106,,1.00,
2018-02-23,3521,,0.00,106,,1.00,
2018-02-26,3521,,0.00,106,,1.01,
2018-02-27,3521,,0.00,106,,1.00,
2018-03-01,3521,,0.00,106,,1.00,
2018-03-02,3521,,0.00,106,,0.99,
2018-03-05,3521,,0.00,106,,0.99,
2018-03-06,3521,,0.00,106,,0.99,
2018-03-07,3521,,0.00,106,,0.99,
2018-03-08,3521,,0.00,106,,0.99,
2018-03-09,3521,,0.00,106,,1.03,
2018-03-12,3521,,0.00,106,,1.01,
2018-03-13,3521,,0.00,106,,1.00,
2018-03-14,3521,,0.00,106,,1.01,
2018-03-15,3521,,0.00,106,,0.99,
2018-03-16,3521,,0.00,106,,1.01,
2018-03-19,3521,,0.00,106,,1.03,
2018-03-20,3521,,0.00,106,,1.03,
2018-03-21,3521,,0.00,106,,1.01,
2018-03-22,3521,,0.00,106,,1.01,
2018-03-23,3521,,0.00,106,,1.03,
2018-03-26,3521,,0.00,106,,1.04,
2018-03-27,3521,,0.00,106,,1.02,
2018-03-28,3521,,0.00,106,,1.01,
2018-03-29,3521,,0.00,106,,1.00,
2018-03-30,3521,,0.00,106,,1.02,
2018-03-31,3521,,0.00,106,,1.01,
2018-04-02,3521,,0.00,106,,1.03,
2018-04-03,3521,,0.00,106,,1.05,
2018-04-09,3521,,0.00,106,,1.03,
2018-04-10,3521,,0.00,106,,1.04,
2018-04-11,3521,,0.00,106,,1.02,
2018-04-12,3521,,0.00,106,,1.04,
2018-04-13,3521,,0.00,106,,1.02,
2018-04-16,3521,,0.00,106,,1.05,
2018-04-17,3521,,0.00,106,,1.15,
2018-04-18,3521,,0.00,106,,1.26,
2018-04-19,3521,,0.00,106,,1.39,
2018-04-20,3521,,0.00,106,,1.38,
2018-04-23,3521,,0.00,106,,1.35,
2018-04-24,3521,,0.00,106,,1.27,
2018-04-25,3521,,0.00,106,,1.29,
2018-04-26,3521,,0.00,106,,1.41,
2018-04-27,3521,,0.00,106,,1.36,
2018-04-30,3521,,0.00,106,,1.50,
2018-05-02,3521,,0.00,106,,1.50,
2018-05-03,3521,,0.00,106,,1.38,
2018-05-04,3521,,0.00,106,,1.38,
2018-05-07,3521,,0.00,106,,1.39,
2018-05-08,3521,,0.00,106,,1.42,
2018-05-09,3521,,0.00,106,,1.36,
2018-05-10,3521,,0.00,106,,1.34,
2018-05-11,3521,,0.00,106,,1.38,
2018-05-14,3521,,0.00,106,,1.30,
2018-05-15,3521,,0.00,106,,1.31,
2018-05-16,3521,,0.00,106,,1.40,
2018-05-17,3521,,0.00,106,,1.54,
2018-05-18,3521,,0.00,106,,1.51,
2018-05-21,3521,,0.00,106,,1.49,
2018-05-22,3521,,0.00,106,,1.49,
2018-05-23,3521,,0.00,106,,1.46,
2018-05-24,3521,,0.00,106,,1.46,
2018-05-25,3521,,0.00,106,,1.42,
2018-05-28,3521,,0.00,106,,1.47,
2018-05-29,3521,,0.00,106,,1.49,
2018-05-30,3521,,0.00,106,,1.63,
2018-05-31,3521,,0.00,106,,1.65,
2018-06-01,3521,,0.00,106,,1.69,
2018-06-04,3521,,0.00,106,,1.86,
2018-06-05,3521,,0.00,106,,1.85,
2018-06-06,3521,,0.00,106,,1.76,
2018-06-07,3521,,0.00,106,,1.71,
2018-06-08,3521,,0.00,106,,1.69,
2018-06-11,3521,,0.00,106,,1.61,
2018-06-12,3521,,0.00,106,,1.56,
2018-06-13,3521,,0.00,106,,1.54,
2018-06-14,3521,,0.00,106,,1.56,
2018-06-15,3521,,0.00,106,,1.71,
2018-06-19,3521,,0.00,106,,1.60,
2018-06-20,3521,,0.00,106,,1.69,
2018-06-21,3521,,0.00,106,,1.65,
2018-06-22,3521,,0.00,106,,1.62,
2018-06-25,3521,,0.00,106,,1.57,
2018-06-26,3521,,0.00,106,,1.61,
2018-06-27,3521,,0.00,106,,1.64,
2018-06-28,3521,,0.00,106,,1.62,
2018-06-29,3521,,0.00,106,,1.58,
2018-07-02,3521,,0.00,106,,1.55,
2018-07-03,3521,,0.00,106,,1.46,
2018-07-04,3521,,0.00,106,,1.46,
2018-07-05,3521,,0.00,106,,1.52,
2018-07-06,3521,,0.00,106,,1.61,
2018-07-09,3521,,0.00,106,,1.60,
2018-07-10,3521,,0.00,106,,1.59,
2018-07-11,3521,,0.00,106,,1.56,
2018-07-12,3521,,0.00,106,,1.66,
2018-07-13,3521,,0.00,106,,1.82,
2018-07-16,3521,,0.00,106,,1.82,
2018-07-17,3521,,0.00,106,,1.84,
2018-07-18,3521,,0.00,106,,1.82,
2018-07-19,3521,,0.00,106,,1.82,
2018-07-20,3521,,0.00,106,,1.81,
2018-07-23,3521,,0.00,106,,1.78,
2018-07-24,3521,,0.00,106,,1.78,
2018-07-25,3521,,0.00,106,,1.78,
2018-07-26,3521,,0.00,106,,1.78,
2018-07-27,3521,,0.00,106,,1.75,
2018-07-30,3521,,0.00,106,,1.78,
2018-07-31,3521,,0.00,106,,1.75,
2018-08-01,3521,,0.00,106,,1.76,
2018-08-02,3521,,0.00,106,,1.76,
2018-08-03,3521,,0.00,106,,1.77,
2018-08-06,3521,,0.00,106,,1.77,
2018-08-07,3521,,0.00,106,,1.78,
2018-08-08,3521,,0.00,106,,1.84,
2018-08-09,3521,,0.00,106,,1.81,
2018-08-10,3521,,0.00,106,,1.81,
2018-08-13,3521,,0.00,106,,1.82,
2018-08-14,3521,,0.00,106,,1.83,
2018-08-15,3521,,0.00,106,,1.89,
2018-08-16,3521,,0.00,106,,1.83,
2018-08-17,3521,,0.00,106,,1.82,
2018-08-20,3521,,0.00,106,,1.82,
2018-08-21,3521,,0.00,106,,1.65,
2018-08-22,3521,,0.00,106,,1.71,
2018-08-23,3521,,0.00,106,,1.72,
2018-08-24,3521,,0.00,106,,1.65,
2018-08-27,3521,,0.00,106,,1.64,
2018-08-28,3521,,0.00,106,,1.66,
2018-08-29,3521,,0.00,106,,1.65,
2018-08-30,3521,,0.00,106,,1.66,
2018-08-31,3521,,0.00,106,,1.65,
2018-09-03,3521,,0.00,106,,1.59,
2018-09-04,3521,,0.00,106,,1.62,
2018-09-05,3521,,0.00,106,,1.55,
2018-09-06,3521,,0.00,106,,1.55,
2018-09-07,3521,,0.00,106,,1.53,
2018-09-10,3521,,0.00,106,,1.48,
2018-09-11,3521,,0.00,106,,1.51,
2018-09-12,3521,,0.00,106,,1.49,
2018-09-13,3521,,0.00,106,,1.46,
2018-09-14,3521,,0.00,106,,1.59,
2018-09-17,3521,,0.00,106,,1.53,
2018-09-18,3521,,0.00,106,,1.52,
2018-09-19,3521,,0.00,106,,1.57,
2018-09-20,3521,,0.00,106,,1.50,
2018-09-21,3521,,0.00,106,,1.50,
2018-09-25,3521,,0.00,106,,1.50,
2018-09-26,3521,,0.00,106,,1.53,
2018-09-27,3521,,0.00,106,,1.53,
2018-09-28,3521,,0.00,106,,1.50,
2018-10-01,3521,,0.00,106,,1.51,
2018-10-02,3521,,0.00,106,,1.49,
2018-10-03,3521,,0.00,106,,1.49,
2018-10-04,3521,,0.00,106,,1.51,
2018-10-05,3521,,0.00,106,,1.44,
2018-10-08,3521,,0.00,106,,1.48,
2018-10-09,3521,,0.00,106,,1.46,
2018-10-11,3521,,0.00,106,,1.45,
2018-10-12,3521,,0.00,106,,1.59,
2018-10-15,3521,,0.00,106,,1.56,
2018-10-16,3521,,0.00,106,,1.49,
2018-10-17,3521,,0.00,106,,1.56,
2018-10-18,3521,,0.00,106,,1.53,
2018-10-19,3521,,0.00,106,,1.53,
2018-10-22,3521,,0.00,106,,1.67,
2018-10-23,3521,,0.00,106,,1.53,
2018-10-24,3521,,0.00,106,,1.57,
2018-10-25,3521,,0.00,106,,1.57,
2018-10-26,3521,,0.00,106,,1.48,
2018-10-29,3521,,0.00,106,,1.51,
2018-10-30,3521,,0.00,106,,1.43,
2018-10-31,3521,,0.00,106,,1.56,
2018-11-01,3521,,0.00,106,,1.51,
2018-11-02,3521,,0.00,106,,1.48,
2018-11-05,3521,,0.00,106,,1.45,
2018-11-06,3521,,0.00,106,,1.51,
2018-11-07,3521,,0.00,106,,1.51,
2018-11-08,3521,,0.00,106,,1.42,
2018-11-09,3521,,0.00,106,,1.52,
2018-11-12,3521,,0.00,106,,1.52,
2018-11-13,3521,,0.00,106,,1.46,
2018-11-14,3521,,0.00,106,,1.43,
2018-11-15,3521,,0.00,106,,1.48,
2018-11-16,3521,,0.00,106,,1.44,
2018-11-19,3521,,0.00,106,,1.44,
2018-11-20,3521,,0.00,106,,1.45,
2018-11-21,3521,,0.00,106,,1.45,
2018-11-22,3521,,0.00,106,,1.52,
2018-11-23,3521,,0.00,106,,1.52,
2018-11-26,3521,,0.00,106,,1.54,
2018-11-27,3521,,0.00,106,,1.56,
2018-11-28,3521,,0.00,106,,1.56,
2018-11-29,3521,,0.00,106,,1.54,
2018-11-30,3521,,0.00,106,,1.57,
2018-12-03,3521,,0.00,106,,1.60,
2018-12-04,3521,,0.00,106,,1.57,
2018-12-05,3521,,0.00,106,,1.57,
2018-12-06,3521,,0.00,106,,1.57,
2018-12-07,3521,,0.00,106,,1.60,
2018-12-10,3521,,0.00,106,,1.57,
2018-12-11,3521,,0.00,106,,1.59,
2018-12-12,3521,,0.00,106,,1.61,
2018-12-13,3521,,0.00,106,,1.62,
2018-12-14,3521,,0.00,106,,1.63,
2018-12-17,3521,,0.00,106,,1.62,
2018-12-18,3521,,0.00,106,,1.62,
2018-12-19,3521,,0.00,106,,1.63,
2018-12-20,3521,,0.00,106,,1.59,
2018-12-21,3521,,0.00,106,,1.59,
2018-12-22,3521,,0.00,106,,1.62,
2018-12-24,3521,,0.00,106,,1.57,
2018-12-25,3521,,0.00,106,,1.58,
2018-12-26,3521,,0.00,106,,1.58,
2018-12-27,3521,,0.00,106,,1.59,
2018-12-28,3521,,0.00,106,,1.62,
2019-01-02,3521,,0.00,107,,1.61,
2019-01-03,3521,,0.00,107,,1.61,
2019-01-04,3521,,0.00,107,,1.60,
2019-01-07,3521,,0.00,107,,1.61,
2019-01-08,3521,,0.00,107,,1.57,
2019-01-09,3521,,0.00,107,,1.59,
2019-01-10,3521,,0.00,107,,1.60,
2019-01-11,3521,,0.00,107,,1.69,
2019-01-14,3521,,0.00,107,,1.63,
2019-01-15,3521,,0.00,107,,1.62,
2019-01-16,3521,,0.00,107,,1.61,
2019-01-17,3521,,0.00,107,,1.61,
2019-01-18,3521,,0.00,107,,1.61,
2019-01-21,3521,,0.00,107,,1.62,
2019-01-22,3521,,0.00,107,,1.64,
2019-01-23,3521,,0.00,107,,1.65,
2019-01-24,3521,,0.00,107,,1.62,
2019-01-25,3521,,0.00,107,,1.63,
2019-01-28,3521,,0.00,107,,1.60,
2019-01-29,3521,,0.00,107,,1.63,
2019-01-30,3521,,0.00,107,,1.65,
2019-02-11,3521,,0.00,107,,1.77,
2019-02-12,3521,,0.00,107,,1.77,
2019-02-13,3521,,0.00,107,,1.85,
2019-02-14,3521,,0.00,107,,1.81,
2019-02-15,3521,,0.00,107,,1.84,
2019-02-18,3521,,0.00,107,,1.84,
2019-02-19,3521,,0.00,107,,1.77,
2019-02-20,3521,,0.00,107,,1.89,
2019-02-21,3521,,0.00,107,,1.90,
2019-02-22,3521,,0.00,107,,1.91,
2019-02-25,3521,,0.00,107,,1.92,
2019-02-26,3521,,0.00,107,,1.88,
2019-02-27,3521,,0.00,107,,1.86,
2019-03-04,3521,,0.00,107,,1.91,
2019-03-05,3521,,0.00,107,,1.91,
2019-03-06,3521,,0.00,107,,1.92,
2019-03-07,3521,,0.00,107,,1.86,
2019-03-08,3521,,0.00,107,,1.91,
2019-03-11,3521,,0.00,107,,1.86,
2019-03-12,3521,,0.00,107,,1.90,
2019-03-13,3521,,0.00,107,,1.94,
2019-03-14,3521,,0.00,107,,1.97,
2019-03-15,3521,,0.00,107,,2.01,
2019-03-18,3521,,0.00,107,,2.09,
2019-03-19,3521,,0.00,107,,2.14,
2019-03-20,3521,,0.00,107,,2.35,
2019-03-21,3521,,0.00,107,,2.42,
2019-03-22,3521,,0.00,107,,2.43,
2019-03-25,3521,,0.00,107,,2.52,
2019-03-26,3521,,0.00,107,,2.74,
2019-03-27,3521,,0.00,107,,3.00,
2019-03-28,3521,,0.00,107,,3.00,
2019-03-29,3521,,0.00,107,,2.92,
2019-04-01,3521,,0.00,107,,2.80,
2019-04-02,3521,,0.00,107,,2.93,
2019-04-03,3521,,0.00,107,,2.90,
2019-04-08,3521,,0.00,107,,2.90,
2019-04-09,3521,,0.00,107,,2.75,
2019-04-10,3521,,0.00,107,,2.87,
2019-04-11,3521,,0.00,107,,2.87,
2019-04-12,3521,,0.00,107,,2.90,
2019-04-15,3521,,0.00,107,,2.90,
2019-04-16,3521,,0.00,107,,2.85,
2019-04-17,3521,,0.00,107,,2.91,
2019-04-18,3521,,0.00,107,,2.90,
2019-04-19,3521,,0.00,107,,2.93,
2019-04-22,3521,,0.00,107,,3.02,
2019-04-23,3521,,0.00,107,,2.90,
2019-04-24,3521,,0.00,107,,2.90,
2019-04-25,3521,,0.00,107,,2.90,
2019-04-26,3521,,0.00,107,,2.90,
2019-04-29,3521,,0.00,107,,2.91,
2019-04-30,3521,,0.00,107,,2.93,
2019-05-02,3521,,0.00,107,,2.99,
2019-05-03,3521,,0.00,107,,3.05,
2019-05-06,3521,,0.00,107,,3.29,
2019-05-07,3521,,0.00,107,,3.22,
2019-05-08,3521,,0.00,107,,3.09,
2019-05-09,3521,,0.00,107,,3.12,
2019-05-10,3521,,0.00,107,,3.02,
2019-05-13,3521,,0.00,107,,2.99,
2019-05-14,3521,,0.00,107,,2.93,
2019-05-15,3521,,0.00,107,,3.06,
2019-05-16,3521,,0.00,107,,3.01,
2019-05-17,3521,,0.00,107,,3.02,
2019-05-20,3521,,0.00,107,,3.03,
2019-05-21,3521,,0.00,107,,3.04,
2019-05-22,3521,,0.00,107,,3.31,
2019-05-23,3521,,0.00,107,,3.21,
2019-05-24,3521,,0.00,107,,3.24,
2019-05-27,3521,,0.00,107,,3.31,
2019-05-28,3521,,0.00,107,,3.22,
2019-05-29,3521,,0.00,107,,3.29,
2019-05-30,3521,,0.00,107,,3.29,
2019-05-31,3521,,0.00,107,,3.28,
2019-06-03,3521,,0.00,107,,3.28,
2019-06-04,3521,,0.00,107,,3.22,
2019-06-05,3521,,0.00,107,,3.28,
2019-06-06,3521,,0.00,107,,3.28,
2019-06-10,3521,,0.00,107,,3.28,
2019-06-11,3521,,0.00,107,,3.13,
2019-06-12,3521,,0.00,107,,3.13,
2019-06-13,3521,,0.00,107,,3.11,
2019-06-14,3521,,0.00,107,,3.05,
2019-06-17,3521,,0.00,107,,2.98,
2019-06-18,3521,,0.00,107,,2.93,
2019-06-19,3521,,0.00,107,,2.94,
2019-06-20,3521,,0.00,107,,2.90,
2019-06-21,3521,,0.00,107,,2.79,
2019-06-24,3521,,0.00,107,,2.86,
2019-06-25,3521,,0.00,107,,2.88,
2019-06-26,3521,,0.00,107,,2.86,
2019-06-27,3521,,0.00,107,,2.86,
2019-06-28,3521,,0.00,107,,2.86,
2019-07-01,3521,,0.00,107,,2.92,
2019-07-02,3521,,0.00,107,,2.92,
2019-07-03,3521,,0.00,107,,2.93,
2019-07-04,3521,,0.00,107,,2.93,
2019-07-05,3521,,0.00,107,,2.88,
2019-07-08,3521,,0.00,107,,3.17,
2019-07-09,3521,,0.00,107,,3.09,
2019-07-10,3521,,0.00,107,,3.00,
2019-07-11,3521,,0.00,107,,3.03,
2019-07-12,3521,,0.00,107,,3.01,
2019-07-15,3521,,0.00,107,,2.94,
2019-07-16,3521,,0.00,107,,2.94,
2019-07-17,3521,,0.00,107,,2.89,
2019-07-18,3521,,0.00,107,,2.82,
2019-07-19,3521,,0.00,107,,2.92,
2019-07-22,3521,,0.00,107,,2.92,
2019-07-23,3521,,0.00,107,,2.90,
2019-07-24,3521,,0.00,107,,3.02,
2019-07-25,3521,,0.00,107,,3.03,
2019-07-26,3521,,0.00,107,,3.03,
2019-07-29,3521,,0.00,107,,3.01,
2019-07-30,3521,,0.00,107,,2.98,
2019-07-31,3521,,0.00,107,,2.98,
2019-08-01,3521,,0.00,107,,2.91,
2019-08-02,3521,,0.00,107,,2.93,
2019-08-05,3521,,0.00,107,,2.94,
2019-08-06,3521,,0.00,107,,2.95,
2019-08-07,3521,,0.00,107,,2.93,
2019-08-08,3521,,0.00,107,,2.94,
2019-08-12,3521,,0.00,107,,2.93,
2019-08-13,3521,,0.00,107,13.31,2.25,
2019-08-14,3521,,0.00,107,13.34,2.25,
2019-08-15,3521,,0.00,107,12.91,2.18,
2019-08-16,3521,,0.00,107,13.17,2.22,
2019-08-19,3521,,0.00,107,13.37,2.26,
2019-08-20,3521,,0.00,107,13.20,2.23,
2019-08-21,3521,,0.00,107,13.08,2.21,
2019-08-22,3521,,0.00,107,12.97,2.19,
2019-08-23,3521,,0.00,107,12.79,2.16,
2019-08-26,3521,,0.00,107,12.65,2.13,
2019-08-27,3521,,0.00,107,12.33,2.08,
2019-08-28,3521,,0.00,107,12.01,2.03,
2019-08-29,3521,,0.00,107,11.42,1.93,
2019-08-30,3521,,0.00,107,12.56,2.12,
2019-09-02,3521,,0.00,107,13.81,2.33,
2019-09-03,3521,,0.00,107,14.13,2.38,
2019-09-04,3521,,0.00,107,14.07,2.37,
2019-09-05,3521,,0.00,107,14.01,2.37,
2019-09-06,3521,,0.00,107,13.95,2.36,
2019-09-09,3521,,0.00,107,13.66,2.31,
2019-09-10,3521,,0.00,107,12.85,2.17,
2019-09-11,3521,,0.00,107,12.73,2.15,
2019-09-12,3521,,0.00,107,12.79,2.16,
2019-09-16,3521,,0.00,107,12.85,2.17,
2019-09-17,3521,,0.00,107,12.97,2.19,
2019-09-18,3521,,0.00,107,12.85,2.17,
2019-09-19,3521,,0.00,107,12.79,2.16,
2019-09-20,3521,,0.00,107,12.85,2.17,
2019-09-23,3521,,0.00,107,12.91,2.18,
2019-09-24,3521,,0.00,107,12.79,2.16,
2019-09-25,3521,,0.00,107,12.59,2.12,
2019-09-26,3521,,0.00,107,12.15,2.05,
2019-09-27,3521,,0.00,107,11.98,2.02,
2019-10-01,3521,,0.00,107,11.83,2.00,
2019-10-02,3521,,0.00,107,12.15,2.05,
2019-10-03,3521,,0.00,107,13.34,2.25,
2019-10-04,3521,,0.00,107,13.20,2.23,
2019-10-07,3521,,0.00,107,12.99,2.19,
2019-10-08,3521,,0.00,107,12.59,2.12,
2019-10-09,3521,,0.00,107,13.05,2.20,
2019-10-14,3521,,0.00,107,13.11,2.21,
2019-10-15,3521,,0.00,107,12.67,2.14,
2019-10-16,3521,,0.00,107,12.73,2.15,
2019-10-17,3521,,0.00,107,12.82,2.16,
2019-10-18,3521,,0.00,107,12.76,2.15,
2019-10-21,3521,,0.00,107,12.82,2.16,
2019-10-22,3521,,0.00,107,12.82,2.16,
2019-10-23,3521,,0.00,107,12.97,2.19,
2019-10-24,3521,,0.00,107,13.05,2.20,
2019-10-25,3521,,0.00,107,13.26,2.24,
2019-10-28,3521,,0.00,107,12.85,2.17,
2019-10-29,3521,,0.00,107,12.73,2.15,
2019-10-30,3521,,0.00,107,12.85,2.17,
2019-10-31,3521,,0.00,107,12.94,2.18,
2019-11-01,3521,,0.00,107,12.85,2.17,
2019-11-04,3521,,0.00,107,12.73,2.15,
2019-11-05,3521,,0.00,107,12.76,2.15,
2019-11-06,3521,,0.00,107,12.65,2.13,
2019-11-07,3521,,0.00,107,12.94,2.18,
2019-11-08,3521,,0.00,107,13.43,2.27,
2019-11-11,3521,,0.00,107,13.08,2.21,
2019-11-12,3521,,0.00,107,14.39,2.43,
2019-11-13,3521,,0.00,107,8.84,2.16,
2019-11-14,3521,,0.00,107,8.69,2.12,
2019-11-15,3521,,0.00,107,8.81,2.15,
2019-11-18,3521,,0.00,107,8.75,2.13,
2019-11-19,3521,,0.00,107,8.66,2.11,
2019-11-20,3521,,0.00,107,8.64,2.11,
2019-11-21,3521,,0.00,107,8.51,2.07,
2019-11-22,3521,,0.00,107,8.38,2.04,
2019-11-25,3521,,0.00,107,8.49,2.07,
2019-11-26,3521,,0.00,107,8.45,2.06,
2019-11-27,3521,,0.00,107,8.45,2.06,
2019-11-28,3521,,0.00,107,8.47,2.07,
2019-11-29,3521,,0.00,107,8.45,2.06,
2019-12-02,3521,,0.00,107,8.21,2.00,
2019-12-03,3521,,0.00,107,8.12,1.98,
2019-12-04,3521,,0.00,107,8.17,1.99,
2019-12-05,3521,,0.00,107,8.26,2.02,
2019-12-06,3521,,0.00,107,8.21,2.00,
2019-12-09,3521,,0.00,107,8.26,2.02,
2019-12-10,3521,,0.00,107,7.78,1.90,
2019-12-11,3521,,0.00,107,7.61,1.86,
2019-12-12,3521,,0.00,107,7.52,1.83,
2019-12-13,3521,,0.00,107,7.43,1.81,
2019-12-16,3521,,0.00,107,7.57,1.85,
2019-12-17,3521,,0.00,107,7.54,1.84,
2019-12-18,3521,,0.00,107,7.57,1.85,
2019-12-19,3521,,0.00,107,7.57,1.85,
2019-12-20,3521,,0.00,107,7.57,1.85,
2019-12-23,3521,,0.00,107,7.54,1.84,
2019-12-24,3521,,0.00,107,7.56,1.84,
2019-12-25,3521,,0.00,107,7.52,1.83,
2019-12-26,3521,,0.00,107,7.57,1.85,
2019-12-27,3521,,0.00,107,7.54,1.84,
2019-12-30,3521,,0.00,107,7.50,1.83,
2019-12-31,3521,,0.00,107,7.50,1.83,
2020-01-02,3521,,0.00,108,7.54,1.84,
2020-01-03,3521,,0.00,108,7.52,1.83,
2020-01-06,3521,,0.00,108,7.89,1.92,
2020-01-07,3521,,0.00,108,7.52,1.83,
2020-01-08,3521,,0.00,108,7.59,1.85,
2020-01-09,3521,,0.00,108,7.57,1.85,
2020-01-10,3521,,0.00,108,7.63,1.86,
2020-01-13,3521,,0.00,108,7.65,1.87,
2020-01-14,3521,,0.00,108,7.59,1.85,
2020-01-15,3521,,0.00,108,7.57,1.85,
2020-01-16,3521,,0.00,108,7.57,1.85,
2020-01-17,3521,,0.00,108,7.46,1.82,
2020-01-20,3521,,0.00,108,7.46,1.82,
2020-01-30,3521,,0.00,108,6.72,1.64,
2020-01-31,3521,,0.00,108,6.40,1.56,
2020-02-03,3521,,0.00,108,5.95,1.45,
2020-02-04,3521,,0.00,108,6.08,1.48,
2020-02-05,3521,,0.00,108,6.12,1.49,
2020-02-06,3521,,0.00,108,6.08,1.48,
2020-02-07,3521,,0.00,108,6.03,1.47,
2020-02-10,3521,,0.00,108,5.86,1.43,
2020-02-11,3521,,0.00,108,5.88,1.43,
2020-02-12,3521,,0.00,108,6.18,1.51,
2020-02-13,3521,,0.00,108,6.12,1.49,
2020-02-14,3521,,0.00,108,6.23,1.52,
2020-02-17,3521,,0.00,108,6.18,1.51,
2020-02-18,3521,,0.00,108,6.16,1.50,
2020-02-19,3521,,0.00,108,6.21,1.52,
2020-02-20,3521,,0.00,108,6.16,1.50,
2020-02-21,3521,,0.00,108,6.16,1.50,
2020-02-24,3521,,0.00,108,6.12,1.49,
2020-02-25,3521,,0.00,108,5.99,1.46,
2020-02-26,3521,,0.00,108,5.93,1.45,
2020-02-27,3521,,0.00,108,5.67,1.38,
2020-03-02,3521,,0.00,108,5.41,1.32,
2020-03-03,3521,,0.00,108,5.43,1.32,
2020-03-04,3521,,0.00,108,5.43,1.32,
2020-03-05,3521,,0.00,108,5.43,1.32,
2020-03-06,3521,,0.00,108,5.41,1.32,
2020-03-09,3521,,0.00,108,5.37,1.31,
2020-03-10,3521,,0.00,108,5.32,1.30,
2020-03-11,3521,,0.00,108,5.30,1.29,
2020-03-12,3521,,0.00,108,4.94,1.21,
2020-03-13,3521,,0.00,108,4.46,1.09,
2020-03-16,3521,,0.00,108,4.10,1.00,
2020-03-17,3521,,0.00,108,3.73,0.91,
2020-03-18,3521,,0.00,108,3.73,0.91,
2020-03-19,3521,,0.00,108,3.41,0.83,
2020-03-20,3521,,0.00,108,3.67,0.90,
2020-03-23,3521,,0.00,108,3.58,0.87,
2020-03-24,3521,,0.00,108,3.64,0.89,
2020-03-25,3521,,0.00,108,3.77,0.92,
2020-03-26,3521,,0.00,108,3.79,0.92,
2020-03-27,3521,,0.00,108,3.73,0.91,
2020-03-30,3521,,0.00,108,3.75,0.91,
2020-03-31,3521,,0.00,108,3.88,0.93,
2020-04-01,3521,,0.00,108,3.92,0.94,
2020-04-06,3521,,0.00,108,3.87,0.92,
2020-04-07,3521,,0.00,108,3.88,0.93,
2020-04-08,3521,,0.00,108,3.90,0.93,
2020-04-09,3521,,0.00,108,4.29,1.03,
2020-04-10,3521,,0.00,108,4.35,1.04,
2020-04-13,3521,,0.00,108,4.77,1.14,
2020-04-14,3521,,0.00,108,4.73,1.13,
2020-04-15,3521,,0.00,108,4.69,1.12,
2020-04-16,3521,,0.00,108,4.77,1.14,
2020-04-17,3521,,0.00,108,4.67,1.12,
2020-04-20,3521,,0.00,108,4.46,1.07,
2020-04-21,3521,,0.00,108,4.19,1.00,
2020-04-22,3521,,0.00,108,4.17,1.00,
2020-04-23,3521,,0.00,108,4.19,1.00,
2020-04-24,3521,,0.00,108,4.31,1.03,
2020-04-27,3521,,0.00,108,4.31,1.03,
2020-04-28,3521,,0.00,108,4.46,1.07,
2020-04-29,3521,,0.00,108,4.81,1.15,
2020-04-30,3521,,0.00,108,4.79,1.15,
2020-05-04,3521,,0.00,108,4.62,1.10,
2020-05-05,3521,,0.00,108,4.63,1.11,
2020-05-06,3521,,0.00,108,4.56,1.09,
2020-05-07,3521,,0.00,108,4.69,1.12,
2020-05-08,3521,,0.00,108,4.63,1.11,
2020-05-11,3521,,0.00,108,4.69,1.12,
2020-05-12,3521,,0.00,108,4.63,1.11,
2020-05-13,3521,,0.00,108,4.75,1.14,
2020-05-14,3521,,0.00,108,4.65,1.11,
2020-05-15,3521,,0.00,108,5.95,1.24,
2020-05-18,3521,,0.00,108,5.77,1.20,
2020-05-19,3521,,0.00,108,5.72,1.19,
2020-05-20,3521,,0.00,108,5.63,1.17,
2020-05-21,3521,,0.00,108,5.63,1.17,
2020-05-22,3521,,0.00,108,5.81,1.21,
2020-05-25,3521,,0.00,108,5.84,1.22,
2020-05-26,3521,,0.00,108,5.77,1.20,
2020-05-27,3521,,0.00,108,5.70,1.19,
2020-05-28,3521,,0.00,108,5.63,1.17,
2020-05-29,3521,,0.00,108,5.60,1.17,
2020-06-01,3521,,0.00,108,5.65,1.18,
2020-06-02,3521,,0.00,108,5.58,1.16,
2020-06-03,3521,,0.00,108,5.58,1.16,
2020-06-04,3521,,0.00,108,5.63,1.17,
2020-06-05,3521,,0.00,108,5.67,1.18,
2020-06-08,3521,,0.00,108,5.63,1.17,
2020-06-09,3521,,0.00,108,5.60,1.17,
2020-06-10,3521,,0.00,108,5.49,1.14,
2020-06-11,3521,,0.00,108,5.49,1.14,
2020-06-12,3521,,0.00,108,5.30,1.11,
2020-06-15,3521,,0.00,108,5.33,1.11,
2020-06-16,3521,,0.00,108,5.35,1.12,
2020-06-17,3521,,0.00,108,5.35,1.12,
2020-06-18,3521,,0.00,108,5.44,1.13,
2020-06-19,3521,,0.00,108,5.42,1.13,
2020-06-22,3521,,0.00,108,5.42,1.13,
2020-06-23,3521,,0.00,108,5.53,1.15,
2020-06-24,3521,,0.00,108,5.53,1.15,
2020-06-29,3521,,0.00,108,5.51,1.15,
2020-06-30,3521,,0.00,108,5.47,1.14,
2020-07-01,3521,,0.00,108,5.37,1.12,
2020-07-02,3521,,0.00,108,5.33,1.11,
2020-07-03,3521,,0.00,108,5.28,1.10,
2020-07-06,3521,,0.00,108,5.44,1.13,
2020-07-07,3521,,0.00,108,5.40,1.13,
2020-07-08,3521,,0.00,108,5.37,1.12,
2020-07-09,3521,,0.00,108,5.42,1.13,
2020-07-10,3521,,0.00,108,5.51,1.15,
2020-07-13,3521,,0.00,108,5.49,1.14,
2020-07-14,3521,,0.00,108,5.40,1.13,
2020-07-15,3521,,0.00,108,5.37,1.12,
2020-07-16,3521,,0.00,108,5.42,1.13,
2020-07-17,3521,,0.00,108,5.30,1.11,
2020-07-20,3521,,0.00,108,5.37,1.12,
2020-07-21,3521,,0.00,108,5.28,1.10,
2020-07-22,3521,,0.00,108,5.26,1.10,
2020-07-23,3521,,0.00,108,5.26,1.10,
2020-07-24,3521,,0.00,108,5.28,1.10,
2020-07-27,3521,,0.00,108,5.35,1.12,
2020-07-28,3521,,0.00,108,5.56,1.16,
2020-07-29,3521,,0.00,108,5.58,1.16,
2020-07-30,3521,,0.00,108,5.81,1.21,
2020-07-31,3521,,0.00,108,5.58,1.16,
2020-08-03,3521,,0.00,108,5.53,1.15,
2020-08-04,3521,,0.00,108,5.37,1.12,
2020-08-05,3521,,0.00,108,5.49,1.14,
2020-08-06,3521,,0.00,108,5.37,1.12,
2020-08-07,3521,,0.00,108,5.33,1.11,
2020-08-10,3521,,0.00,108,5.30,1.11,
2020-08-11,3521,,0.00,108,5.16,1.08,
2020-08-12,3521,,0.00,108,5.16,1.08,
2020-08-13,3521,,0.00,108,,1.09,
2020-08-14,3521,,0.00,108,,1.09,
2020-08-17,3521,,0.00,108,,1.10,
2020-08-18,3521,,0.00,108,,1.11,
2020-08-19,3521,,0.00,108,,1.11,
2020-08-20,3521,,0.00,108,,1.07,
2020-08-21,3521,,0.00,108,,1.06,
2020-08-24,3521,,0.00,108,,1.05,
2020-08-25,3521,,0.00,108,,1.05,
2020-08-26,3521,,0.00,108,,1.07,
2020-08-27,3521,,0.00,108,,1.10,
2020-08-28,3521,,0.00,108,,1.09,
2020-08-31,3521,,0.00,108,,1.10,
2020-09-01,3521,,0.00,108,,1.11,
2020-09-02,3521,,0.00,108,,1.10,
2020-09-03,3521,,0.00,108,,1.09,
2020-09-04,3521,,0.00,108,,1.08,
2020-09-07,3521,,0.00,108,,1.08,
2020-09-08,3521,,0.00,108,,1.08,
2020-09-09,3521,,0.00,108,,1.07,
2020-09-10,3521,,0.00,108,,1.07,
2020-09-11,3521,,0.00,108,,1.05,
2020-09-14,3521,,0.00,108,,1.03,
2020-09-15,3521,,0.00,108,,1.04,
2020-09-16,3521,,0.00,108,,1.04,
2020-09-17,3521,,0.00,108,,1.04,
2020-09-18,3521,,0.00,108,,1.04,
2020-09-21,3521,,0.00,108,,1.03,
2020-09-22,3521,,0.00,108,,1.02,
2020-09-23,3521,,0.00,108,,1.01,
2020-09-24,3521,,0.00,108,,0.99,
2020-09-25,3521,,0.00,108,,0.99,
2020-09-28,3521,,0.00,108,,0.99,
2020-09-29,3521,,0.00,108,,1.00,
2020-09-30,3521,,0.00,108,,0.99,
2020-10-05,3521,,0.00,108,,1.00,
2020-10-06,3521,,0.00,108,,1.00,
2020-10-07,3521,,0.00,108,,1.00,
2020-10-08,3521,,0.00,108,,1.00,
2020-10-12,3521,,0.00,108,,1.04,
2020-10-13,3521,,0.00,108,,1.01,
2020-10-14,3521,,0.00,108,,1.02,
2020-10-15,3521,,0.00,108,,1.03,
2020-10-16,3521,,0.00,108,,1.00,
2020-10-19,3521,,0.00,108,,1.01,
2020-10-20,3521,,0.00,108,,1.01,
2020-10-21,3521,,0.00,108,,1.00,
2020-10-22,3521,,0.00,108,,1.00,
2020-10-23,3521,,0.00,108,,1.00,
2020-10-26,3521,,0.00,108,,1.00,
2020-10-27,3521,,0.00,108,,1.00,
2020-10-28,3521,,0.00,108,,1.00,
2020-10-29,3521,,0.00,108,,0.99,
2020-10-30,3521,,0.00,108,,0.99,
2020-11-02,3521,,0.00,108,,0.99,
2020-11-03,3521,,0.00,108,,1.00,
2020-11-04,3521,,0.00,108,,1.00,
2020-11-05,3521,,0.00,108,,0.99,
2020-11-06,3521,,0.00,108,,0.99,
2020-11-09,3521,,0.00,108,,1.00,
2020-11-10,3521,,0.00,108,,1.00,
2020-11-11,3521,,0.00,108,,1.01,
2020-11-12,3521,,0.00,108,,1.01,
2020-11-13,3521,,0.00,108,,1.01,
2020-11-16,3521,,0.00,108,,1.01,
2020-11-17,3521,,0.00,108,,1.00,
2020-11-18,3521,,0.00,108,,1.00,
2020-11-19,3521,,0.00,108,,1.00,
2020-11-20,3521,,0.00,108,,1.01,
2020-11-23,3521,,0.00,108,,1.01,
2020-11-24,3521,,0.00,108,,1.11,
2020-11-25,3521,,0.00,108,,1.13,
2020-11-26,3521,,0.00,108,,1.23,
2020-11-27,3521,,0.00,108,,1.21,
2020-11-30,3521,,0.00,108,,1.21,
2020-12-01,3521,,0.00,108,,1.20,
2020-12-02,3521,,0.00,108,,1.20,
2020-12-03,3521,,0.00,108,,1.25,
2020-12-04,3521,,0.00,108,,1.24,
2020-12-07,3521,,0.00,108,,1.24,
2020-12-08,3521,,0.00,108,,1.26,
2020-12-09,3521,,0.00,108,,1.34,
2020-12-10,3521,,0.00,108,,1.31,
2020-12-11,3521,,0.00,108,,1.40,
2020-12-14,3521,,0.00,108,,1.45,
2020-12-15,3521,,0.00,108,,1.35,
2020-12-16,3521,,0.00,108,,1.41,
2020-12-17,3521,,0.00,108,,1.47,
2020-12-18,3521,,0.00,108,,1.45,
2020-12-21,3521,,0.00,108,,1.39,
2020-12-22,3521,,0.00,108,,1.33,
2020-12-23,3521,,0.00,108,,1.35,
2020-12-24,3521,,0.00,108,,1.42,
2020-12-25,3521,,0.00,108,,1.43,
2020-12-28,3521,,0.00,108,,1.41,
2020-12-29,3521,,0.00,108,,1.38,
2020-12-30,3521,,0.00,108,,1.37,
2020-12-31,3521,,0.00,108,,1.36,
2021-01-04,3521,,0.00,109,,1.34,
2021-01-05,3521,,0.00,109,,1.47,
2021-01-06,3521,,0.00,109,,1.61,
2021-01-07,3521,,0.00,109,,1.72,
2021-01-08,3521,,0.00,109,,1.71,
2021-01-11,3521,,0.00,109,,1.79,
2021-01-12,3521,,0.00,109,,1.83,
2021-01-13,3521,,0.00,109,,1.80,
2021-01-14,3521,,0.00,109,,1.85,
2021-01-15,3521,,0.00,109,,1.83,
2021-01-18,3521,,0.00,109,,1.79,
2021-01-19,3521,,0.00,109,,1.70,
2021-01-20,3521,,0.00,109,,1.59,
2021-01-21,3521,,0.00,109,,1.63,
2021-01-22,3521,,0.00,109,,1.66,
2021-01-25,3521,,0.00,109,,1.68,
2021-01-26,3521,,0.00,109,,1.64,
2021-01-27,3521,,0.00,109,,1.69,
2021-01-28,3521,,0.00,109,,1.64,
2021-01-29,3521,,0.00,109,,1.57,
2021-02-01,3521,,0.00,109,,1.60,
2021-02-02,3521,,0.00,109,,1.62,
2021-02-03,3521,,0.00,109,,1.69,
2021-02-04,3521,,0.00,109,,1.68,
2021-02-05,3521,,0.00,109,,1.69,
2021-02-17,3521,,0.00,109,,1.70,
2021-02-18,3521,,0.00,109,,1.78,
2021-02-19,3521,,0.00,109,,1.78,
2021-02-22,3521,,0.00,109,,1.78,
2021-02-23,3521,,0.00,109,,1.78,
2021-02-24,3521,,0.00,109,,1.71,
2021-02-25,3521,,0.00,109,,1.77,
2021-02-26,3521,,0.00,109,,1.76,
2021-03-02,3521,,0.00,109,,1.79,
2021-03-03,3521,,0.00,109,,1.75,
2021-03-04,3521,,0.00,109,,1.75,
2021-03-05,3521,,0.00,109,,1.75,
2021-03-08,3521,,0.00,109,,1.74,
2021-03-09,3521,,0.00,109,,1.72,
2021-03-10,3521,,0.00,109,,1.72,
2021-03-11,3521,,0.00,109,,1.73,
2021-03-12,3521,,0.00,109,,1.73,
2021-03-15,3521,,0.00,109,,1.71,
2021-03-16,3521,,0.00,109,,1.70,
2021-03-17,3521,,0.00,109,,1.65,
2021-03-18,3521,,0.00,109,,1.65,
2021-03-19,3521,,0.00,109,,1.68,
2021-03-22,3521,,0.00,109,,1.66,
2021-03-23,3521,,0.00,109,,1.68,
2021-03-24,3521,,0.00,109,,1.66,
2021-03-25,3521,,0.00,109,,1.67,
2021-03-26,3521,,0.00,109,,1.68,
2021-03-29,3521,,0.00,109,,1.67,
2021-03-30,3521,,0.00,109,,1.64,
2021-03-31,3521,,0.00,109,,1.56,
2021-04-01,3521,,0.00,109,,1.60,
2021-04-06,3521,,0.00,109,,1.60,
2021-04-07,3521,,0.00,109,,1.58,
2021-04-08,3521,,0.00,109,,1.65,
2021-04-09,3521,,0.00,109,,1.64,
2021-04-12,3521,,0.00,109,,1.58,
2021-04-13,3521,,0.00,109,,1.51,
2021-04-14,3521,,0.00,109,,1.45,
2021-04-15,3521,,0.00,109,,1.50,
2021-04-16,3521,,0.00,109,,1.51,
2021-04-19,3521,,0.00,109,,1.53,
2021-04-20,3521,,0.00,109,,1.55,
2021-04-21,3521,,0.00,109,,1.52,
2021-04-22,3521,,0.00,109,,1.45,
2021-04-23,3521,,0.00,109,,1.51,
2021-04-26,3521,,0.00,109,,1.52,
2021-04-27,3521,,0.00,109,,1.50,
2021-04-28,3521,,0.00,109,,1.50,
2021-04-29,3521,,0.00,109,,1.49,
2021-05-03,3521,,0.00,109,,1.41,
2021-05-04,3521,,0.00,109,,1.28,
2021-05-05,3521,,0.00,109,,1.31,
2021-05-06,3521,,0.00,109,,1.31,
2021-05-07,3521,,0.00,109,,1.33,
2021-05-10,3521,,0.00,109,,1.32,
2021-05-11,3521,,0.00,109,,1.29,
2021-05-12,3521,,0.00,109,,1.21,
2021-05-13,3521,,0.00,109,,1.21,
2021-05-14,3521,,0.00,109,,1.23,
2021-05-17,3521,,0.00,109,,1.11,
2021-05-18,3521,,0.00,109,,1.22,
2021-05-19,3521,,0.00,109,,1.19,
2021-05-20,3521,,0.00,109,,1.19,
2021-05-21,3521,,0.00,109,,1.19,
2021-05-24,3521,,0.00,109,,1.19,
2021-05-25,3521,,0.00,109,,1.22,
2021-05-26,3521,,0.00,109,,1.20,
2021-05-27,3521,,0.00,109,,1.21,
2021-05-28,3521,,0.00,109,,1.20,
2021-05-31,3521,,0.00,109,,1.19,
2021-06-01,3521,,0.00,109,,1.20,
2021-06-02,3521,,0.00,109,,1.20,
2021-06-03,3521,,0.00,109,,1.20,
2021-06-04,3521,,0.00,109,,1.32,
2021-06-07,3521,,0.00,109,,1.37,
2021-06-08,3521,,0.00,109,,1.32,
2021-06-09,3521,,0.00,109,,1.29,
2021-06-10,3521,,0.00,109,,1.29,
2021-06-11,3521,,0.00,109,,1.30,
2021-06-15,3521,,0.00,109,,1.27,
2021-06-16,3521,,0.00,109,,1.27,
2021-06-17,3521,,0.00,109,,1.27,
2021-06-18,3521,,0.00,109,,1.24,
2021-06-21,3521,,0.00,109,,1.21,
2021-06-22,3521,,0.00,109,,1.22,
2021-06-23,3521,,0.00,109,,1.22,
2021-06-24,3521,,0.00,109,,1.22,
2021-06-25,3521,,0.00,109,,1.22,
2021-06-28,3521,,0.00,109,,1.21,
2021-06-29,3521,,0.00,109,,1.21,
2021-06-30,3521,,0.00,109,,1.19,
2021-07-01,3521,,0.00,109,,1.18,
2021-07-02,3521,,0.00,109,,1.19,
2021-07-05,3521,,0.00,109,,1.18,
2021-07-06,3521,,0.00,109,,1.18,
2021-07-07,3521,,0.00,109,,1.19,
2021-07-08,3521,,0.00,109,,1.19,
2021-07-09,3521,,0.00,109,,1.17,
2021-07-12,3521,,0.00,109,,1.16,
2021-07-13,3521,,0.00,109,,1.15,
2021-07-14,3521,,0.00,109,,1.16,
2021-07-15,3521,,0.00,109,,1.16,
2021-07-16,3521,,0.00,109,,1.16,
2021-07-19,3521,,0.00,109,,1.15,
2021-07-20,3521,,0.00,109,,1.16,
2021-07-21,3521,,0.00,109,,1.15,
2021-07-22,3521,,0.00,109,,1.26,
2021-07-23,3521,,0.00,109,,1.22,
2021-07-26,3521,,0.00,109,,1.19,
2021-07-27,3521,,0.00,109,,1.20,
2021-07-28,3521,,0.00,109,,1.18,
2021-07-29,3521,,0.00,109,,1.18,
2021-07-30,3521,,0.00,109,,1.18,
2021-08-02,3521,,0.00,109,,1.17,
2021-08-03,3521,,0.00,109,,1.16,
2021-08-04,3521,,0.00,109,,1.17,
2021-08-05,3521,,0.00,109,,1.16,
2021-08-06,3521,,0.00,109,,1.21,
2021-08-09,3521,,0.00,109,,1.16,
2021-08-10,3521,,0.00,109,,1.17,
2021-08-11,3521,,0.00,109,,1.14,
2021-08-12,3521,,0.00,109,,1.15,
2021-08-13,3521,,0.00,109,,1.19,
2021-08-16,3521,,0.00,109,,1.16,
2021-08-17,3521,,0.00,109,,1.14,
2021-08-18,3521,,0.00,109,,1.12,
2021-08-19,3521,,0.00,109,,1.11,
2021-08-20,3521,,0.00,109,,1.12,
2021-08-23,3521,,0.00,109,,1.14,
2021-08-24,3521,,0.00,109,,1.12,
2021-08-25,3521,,0.00,109,,1.12,
2021-08-26,3521,,0.00,109,,1.12,
2021-08-27,3521,,0.00,109,,1.12,
2021-08-30,3521,,0.00,109,,1.15,
2021-08-31,3521,,0.00,109,,1.14,
2021-09-01,3521,,0.00,109,,1.13,
2021-09-02,3521,,0.00,109,,1.12,
2021-09-03,3521,,0.00,109,,1.14,
2021-09-06,3521,,0.00,109,,1.12,
2021-09-07,3521,,0.00,109,,1.13,
2021-09-08,3521,,0.00,109,,1.11,
2021-09-09,3521,,0.00,109,,1.12,
2021-09-10,3521,,0.00,109,,1.13,
2021-09-13,3521,,0.00,109,,1.13,
2021-09-14,3521,,0.00,109,,1.12,
2021-09-15,3521,,0.00,109,,1.11,
2021-09-16,3521,,0.00,109,,1.12,
2021-09-17,3521,,0.00,109,,1.12,
2021-09-22,3521,,0.00,109,,1.10,
2021-09-23,3521,,0.00,109,,1.13,
2021-09-24,3521,,0.00,109,,1.13,
2021-09-27,3521,,0.00,109,,1.13,
2021-09-28,3521,,0.00,109,,1.13,
2021-09-29,3521,,0.00,109,,1.12,
2021-09-30,3521,,0.00,109,,1.12,
2021-10-01,3521,,0.00,109,,1.12,
2021-10-04,3521,,0.00,109,,1.11,
2021-10-05,3521,,0.00,109,,1.12,
2021-10-06,3521,,0.00,109,,1.12,
2021-10-07,3521,,0.00,109,,1.14,
2021-10-08,3521,,0.00,109,,1.13,
2021-10-12,3521,,0.00,109,,1.13,
2021-10-13,3521,,0.00,109,,1.12,
2021-10-14,3521,,0.00,109,,1.12,
2021-10-15,3521,,0.00,109,,1.13,
2021-10-18,3521,,0.00,109,,1.13,
2021-10-19,3521,,0.00,109,,1.14,
2021-10-20,3521,,0.00,109,,1.14,
2021-10-21,3521,,0.00,109,,1.16,
2021-10-22,3521,,0.00,109,,1.28,
2021-10-25,3521,,0.00,109,,1.40,
2021-10-26,3521,,0.00,109,,1.48,
2021-10-27,3521,,0.00,109,,1.55,
2021-10-28,3521,,0.00,109,,1.54,
2021-10-29,3521,,0.00,109,,1.51,
2021-11-01,3521,,0.00,109,,1.46,
2021-11-02,3521,,0.00,109,,1.42,
2021-11-03,3521,,0.00,109,,1.29,
2021-11-04,3521,,0.00,109,,1.25,
2021-11-05,3521,,0.00,109,,1.26,
2021-11-08,3521,,0.00,109,,1.26,
2021-11-09,3521,,0.00,109,,1.23,
2021-11-10,3521,,0.00,109,,1.21,
2021-11-11,3521,,0.00,109,,1.21,
2021-11-12,3521,,0.00,109,,1.18,
2021-11-15,3521,,0.00,109,,1.37,
2021-11-16,3521,,0.00,109,,1.33,
2021-11-17,3521,,0.00,109,,1.40,
2021-11-18,3521,,0.00,109,,1.40,
2021-11-19,3521,,0.00,109,,1.37,
2021-11-22,3521,,0.00,109,,1.38,
2021-11-23,3521,,0.00,109,,1.35,
2021-11-24,3521,,0.00,109,,1.38,
2021-11-25,3521,,0.00,109,,1.40,
2021-11-26,3521,,0.00,109,,1.35,
2021-11-29,3521,,0.00,109,,1.36,
2021-11-30,3521,,0.00,109,,1.34,
2021-12-01,3521,,0.00,109,,1.36,
2021-12-02,3521,,0.00,109,,1.35,
2021-12-03,3521,,0.00,109,,1.35,
2021-12-06,3521,,0.00,109,,1.37,
2021-12-07,3521,,0.00,109,,1.36,
2021-12-08,3521,,0.00,109,,1.49,
2021-12-09,3521,,0.00,109,,1.64,
2021-12-10,3521,,0.00,109,,1.52,
2021-12-13,3521,,0.00,109,,1.66,
2021-12-14,3521,,0.00,109,,1.55,
2021-12-15,3521,,0.00,109,,1.61,
2021-12-16,3521,,0.00,109,,1.56,
2021-12-17,3521,,0.00,109,,1.56,
2021-12-20,3521,,0.00,109,,1.54,
2021-12-21,3521,,0.00,109,,1.52,
2021-12-22,3521,,0.00,109,,1.52,
2021-12-23,3521,,0.00,109,,1.49,
2021-12-24,3521,,0.00,109,,1.55,
2021-12-27,3521,,0.00,109,,1.56,
2021-12-28,3521,,0.00,109,,1.56,
2021-12-29,3521,,0.00,109,,1.56,
2021-12-30,3521,,0.00,109,,1.56,
2022-01-03,3521,,0.00,110,,1.55,
2022-01-04,3521,,0.00,110,,1.55,
2022-01-05,3521,,0.00,110,,1.55,
2022-01-06,3521,,0.00,110,,1.55,
2022-01-07,3521,,0.00,110,,1.62,
2022-01-10,3521,,0.00,110,,1.60,
2022-01-11,3521,,0.00,110,,1.60,
2022-01-12,3521,,0.00,110,,1.55,
2022-01-13,3521,,0.00,110,,1.55,
2022-01-14,3521,,0.00,110,,1.54,
2022-01-17,3521,,0.00,110,,1.53,
2022-01-18,3521,,0.00,110,,1.54,
2022-01-19,3521,,0.00,110,,1.57,
2022-01-20,3521,,0.00,110,,1.59,
2022-01-21,3521,,0.00,110,,1.56,
2022-01-24,3521,,0.00,110,,1.55,
2022-01-25,3521,,0.00,110,,1.54,
2022-01-26,3521,,0.00,110,,1.55,
2022-02-07,3521,,0.00,110,,1.59,
2022-02-08,3521,,0.00,110,,1.58,
2022-02-09,3521,,0.00,110,,1.58,
2022-02-10,3521,,0.00,110,,1.56,
2022-02-11,3521,,0.00,110,,1.55,
2022-02-14,3521,,0.00,110,,1.52,
2022-02-15,3521,,0.00,110,,1.52,
2022-02-16,3521,,0.00,110,,1.53,
2022-02-17,3521,,0.00,110,,1.52,
2022-02-18,3521,,0.00,110,,1.51,
2022-02-21,3521,,0.00,110,,1.55,
2022-02-22,3521,,0.00,110,,1.52,
2022-02-23,3521,,0.00,110,,1.54,
2022-02-24,3521,,0.00,110,,1.50,
2022-02-25,3521,,0.00,110,,1.51,
2022-03-01,3521,,0.00,110,,1.53,
2022-03-02,3521,,0.00,110,,1.52,
2022-03-03,3521,,0.00,110,,1.55,
2022-03-04,3521,,0.00,110,,1.54,
2022-03-07,3521,,0.00,110,,1.54,
2022-03-08,3521,,0.00,110,,1.56,
2022-03-09,3521,,0.00,110,,1.58,
2022-03-10,3521,,0.00,110,,1.57,
2022-03-11,3521,,0.00,110,,1.59,
2022-03-14,3521,,0.00,110,,1.58,
2022-03-15,3521,,0.00,110,,1.58,
2022-03-16,3521,,0.00,110,,1.58,
2022-03-17,3521,,0.00,110,,1.58,
2022-03-18,3521,,0.00,110,,1.58,
2022-03-21,3521,,0.00,110,,1.58,
2022-03-22,3521,,0.00,110,,1.57,
2022-03-23,3521,,0.00,110,,1.57,
2022-03-24,3521,,0.00,110,,1.57,
2022-03-25,3521,,0.00,110,,1.56,
2022-03-28,3521,,0.00,110,,1.57,
2022-03-29,3521,,0.00,110,,1.56,
2022-03-30,3521,,0.00,110,,1.57,
2022-03-31,3521,,0.00,110,,1.66,
2022-04-01,3521,,0.00,110,,1.67,
2022-04-06,3521,,0.00,110,,1.66,
2022-04-07,3521,,0.00,110,,1.64,
2022-04-08,3521,,0.00,110,,1.64,
2022-04-11,3521,,0.00,110,,1.63,
2022-04-12,3521,,0.00,110,,1.62,
2022-04-13,3521,,0.00,110,,1.63,
2022-04-14,3521,,0.00,110,,1.63,
2022-04-15,3521,,0.00,110,,1.63,
2022-04-18,3521,,0.00,110,,1.63,
2022-04-19,3521,,0.00,110,,1.62,
2022-04-20,3521,,0.00,110,,1.63,
2022-04-21,3521,,0.00,110,,1.62,
2022-04-22,3521,,0.00,110,,1.62,
2022-04-25,3521,,0.00,110,,1.59,
2022-04-26,3521,,0.00,110,,1.63,
2022-04-27,3521,,0.00,110,,1.63,
2022-04-28,3521,,0.00,110,,1.64,
2022-04-29,3521,,0.00,110,,1.64,
2022-05-03,3521,,0.00,110,,1.63,
2022-05-04,3521,,0.00,110,,1.64,
2022-05-05,3521,,0.00,110,,1.64,
2022-05-06,3521,,0.00,110,,1.64,
2022-05-09,3521,,0.00,110,,1.64,
2022-05-10,3521,,0.00,110,,1.65,
2022-05-11,3521,,0.00,110,,1.66,
2022-05-12,3521,,0.00,110,,1.74,
2022-05-13,3521,,0.00,110,,1.73,
2022-05-16,3521,,0.00,110,,1.73,
2022-05-17,3521,,0.00,110,,1.73,
2022-05-18,3521,,0.00,110,,1.72,
2022-05-19,3521,,0.00,110,,1.72,
2022-05-20,3521,,0.00,110,,1.72,
2022-05-23,3521,,0.00,110,,1.72,
2022-05-24,3521,,0.00,110,,1.73,
2022-05-25,3521,,0.00,110,,1.73,
2022-05-26,3521,,0.00,110,,1.72,
2022-05-27,3521,,0.00,110,,1.71,
2022-05-30,3521,,0.00,110,,1.72,
2022-05-31,3521,,0.00,110,,1.73,
2022-06-01,3521,,0.00,110,,1.71,
2022-06-02,3521,,0.00,110,,1.74,
2022-06-06,3521,,0.00,110,,1.70,
2022-06-07,3521,,0.00,110,,1.72,
2022-06-08,3521,,0.00,110,,1.73,
2022-06-09,3521,,0.00,110,,1.73,
2022-06-10,3521,,0.00,110,,1.73,
2022-06-13,3521,,0.00,110,,1.72,
2022-06-14,3521,,0.00,110,,1.71,
2022-06-15,3521,,0.00,110,,1.71,
2022-06-16,3521,,0.00,110,,1.71,
2022-06-17,3521,,0.00,110,,1.68,
2022-06-20,3521,,0.00,110,,1.67,
2022-06-21,3521,,0.00,110,,1.68,
2022-06-22,3521,,0.00,110,,1.66,
2022-06-23,3521,,0.00,110,,1.66,
2022-06-24,3521,,0.00,110,,1.66,
2022-06-27,3521,,0.00,110,,1.66,
2022-06-28,3521,,0.00,110,,1.65,
2022-06-29,3521,,0.00,110,,1.66,
2022-06-30,3521,,0.00,110,,1.65,
2022-07-01,3521,,0.00,110,,1.65,
2022-07-04,3521,,0.00,110,,1.81,
2022-07-05,3521,,0.00,110,,1.95,
2022-07-06,3521,,0.00,110,,1.79,
2022-07-07,3521,,0.00,110,,1.85,
2022-07-08,3521,,0.00,110,,2.03,
2022-07-11,3521,,0.00,110,,2.05,
2022-07-12,3521,,0.00,110,,1.94,
2022-07-13,3521,,0.00,110,,1.86,
2022-07-14,3521,,0.00,110,,1.95,
2022-07-15,3521,,0.00,110,,2.01,
2022-07-18,3521,,0.00,110,,2.03,
2022-07-19,3521,,0.00,110,,2.01,
2022-07-20,3521,,0.00,110,,1.98,
2022-07-21,3521,,0.00,110,,1.93,
2022-07-22,3521,,0.00,110,,1.93,
2022-07-25,3521,,0.00,110,,1.90,
2022-07-26,3521,,0.00,110,,1.83,
2022-07-27,3521,,0.00,110,,1.84,
2022-07-28,3521,,0.00,110,,1.84,
2022-07-29,3521,,0.00,110,,2.02,
2022-08-01,3521,,0.00,110,,1.97,
2022-08-02,3521,,0.00,110,,1.90,
2022-08-03,3521,,0.00,110,,1.90,
2022-08-04,3521,,0.00,110,,1.87,
2022-08-05,3521,,0.00,110,,2.00,
2022-08-08,3521,,0.00,110,,2.19,
2022-08-09,3521,,0.00,110,,2.41,
2022-08-10,3521,,0.00,110,,2.24,
2022-08-11,3521,,0.00,110,,2.13,
2022-08-12,3521,,0.00,110,,2.23,
2022-08-15,3521,,0.00,110,,2.24,
2022-08-16,3521,,0.00,110,,2.25,
2022-08-17,3521,,0.00,110,,2.28,
2022-08-18,3521,,0.00,110,,2.50,
2022-08-19,3521,,0.00,110,,2.57,
2022-08-22,3521,,0.00,110,,2.59,
2022-08-23,3521,,0.00,110,,2.78,
2022-08-24,3521,,0.00,110,,2.65,
2022-08-25,3521,,0.00,110,,2.61,
2022-08-26,3521,,0.00,110,,2.59,
2022-08-29,3521,,0.00,110,,2.61,
2022-08-30,3521,,0.00,110,,2.69,
2022-08-31,3521,,0.00,110,,2.72,
2022-09-01,3521,,0.00,110,,2.69,
2022-09-02,3521,,0.00,110,,2.72,
2022-09-05,3521,,0.00,110,,2.91,
2022-09-06,3521,,0.00,110,,3.19,
2022-09-07,3521,,0.00,110,,3.24,
2022-09-08,3521,,0.00,110,,3.36,
2022-09-12,3521,,0.00,110,,3.55,
2022-09-13,3521,,0.00,110,,3.72,
2022-09-14,3521,,0.00,110,,3.62,
2022-09-15,3521,,0.00,110,,3.70,
2022-09-16,3521,,0.00,110,,3.33,
2022-09-19,3521,,0.00,110,,3.25,
2022-09-20,3521,,0.00,110,,3.43,
2022-09-21,3521,,0.00,110,,3.42,
2022-09-22,3521,,0.00,110,,3.41,
2022-09-23,3521,,0.00,110,,3.55,
2022-09-26,3521,,0.00,110,,3.44,
2022-09-27,3521,,0.00,110,,3.31,
2022-09-28,3521,,0.00,110,,3.12,
2022-09-29,3521,,0.00,110,,3.35,
2022-09-30,3521,,0.00,110,,3.40,
2022-10-03,3521,,0.00,110,,3.45,
2022-10-04,3521,,0.00,110,,3.46,
2022-10-05,3521,,0.00,110,,3.40,
2022-10-06,3521,,0.00,110,,3.36,
2022-10-07,3521,,0.00,110,,3.57,
2022-10-11,3521,,0.00,110,,3.30,
2022-10-12,3521,,0.00,110,,3.24,
2022-10-13,3521,,0.00,110,,3.18,
2022-10-14,3521,,0.00,110,,3.20,
2022-10-17,3521,,0.00,110,,3.22,
2022-10-18,3521,,0.00,110,,3.22,
2022-10-19,3521,,0.00,110,,3.33,
2022-10-20,3521,,0.00,110,,3.22,
2022-10-21,3521,,0.00,110,,3.21,
2022-10-24,3521,,0.00,110,,3.21,
2022-10-25,3521,,0.00,110,,3.22,
2022-10-26,3521,,0.00,110,,3.13,
2022-10-27,3521,,0.00,110,,3.15,
2022-10-28,3521,,0.00,110,,3.18,
2022-10-31,3521,,0.00,110,,3.28,
2022-11-01,3521,,0.00,110,,3.26,
2022-11-02,3521,,0.00,110,,3.29,
2022-11-03,3521,,0.00,110,,3.22,
2022-11-04,3521,,0.00,110,,3.15,
2022-11-07,3521,,0.00,110,,3.35,
2022-11-08,3521,,0.00,110,,3.26,
2022-11-09,3521,,0.00,110,,3.26,
2022-11-10,3521,,0.00,110,,3.16,
2022-11-11,3521,,0.00,110,,3.27,
2022-11-14,3521,,0.00,110,,2.98,
2022-11-15,3521,,0.00,110,,2.90,
2022-11-16,3521,,0.00,110,,2.83,
2022-11-17,3521,,0.00,110,,2.93,
2022-11-18,3521,,0.00,110,,2.86,
2022-11-21,3521,,0.00,110,,2.89,
2022-11-22,3521,,0.00,110,,2.87,
2022-11-23,3521,,0.00,110,,2.87,
2022-11-24,3521,,0.00,110,,2.88,
2022-11-25,3521,,0.00,110,,2.83,
2022-11-28,3521,,0.00,110,,2.87,
2022-11-29,3521,,0.00,110,,2.88,
2022-11-30,3521,,0.00,110,,2.86,
2022-12-01,3521,,0.00,110,,2.87,
2022-12-02,3521,,0.00,110,,2.88,
2022-12-05,3521,,0.00,110,,2.84,
2022-12-06,3521,,0.00,110,,2.82,
2022-12-07,3521,,0.00,110,,2.77,
2022-12-08,3521,,0.00,110,,2.79,
2022-12-09,3521,,0.00,110,,2.76,
2022-12-12,3521,,0.00,110,,2.66,
2022-12-13,3521,,0.00,110,,2.76,
2022-12-14,3521,,0.00,110,,2.82,
2022-12-15,3521,,0.00,110,,2.88,
2022-12-16,3521,,0.00,110,,2.66,
2022-12-19,3521,,0.00,110,,2.62,
2022-12-20,3521,,0.00,110,,2.49,
2022-12-21,3521,,0.00,110,,2.74,
2022-12-22,3521,,0.00,110,,2.79,
2022-12-23,3521,,0.00,110,,2.80,
2022-12-26,3521,,0.00,110,,2.74,
2022-12-27,3521,,0.00,110,,2.76,
2022-12-28,3521,,0.00,110,,2.70,
2022-12-29,3521,,0.00,110,,2.64,
2022-12-30,3521,,0.00,110,,2.63,
2023-01-03,3521,,0.00,111,,2.63,
2023-01-04,3521,,0.00,111,,2.61,
2023-01-05,3521,,0.00,111,,2.60,
2023-01-06,3521,,0.00,111,,2.62,
2023-01-09,3521,,0.00,111,,2.58,
2023-01-10,3521,,0.00,111,,2.45,
2023-01-11,3521,,0.00,111,,2.36,
2023-01-12,3521,,0.00,111,,2.41,
2023-01-13,3521,,0.00,111,,2.42,
2023-01-16,3521,,0.00,111,,2.65,
2023-01-17,3521,,0.00,111,,2.71,
2023-01-30,3521,,0.00,111,,2.54,
2023-01-31,3521,,0.00,111,,2.54,
2023-02-01,3521,,0.00,111,,2.52,
2023-02-02,3521,,0.00,111,,2.58,
2023-02-03,3521,,0.00,111,,2.60,
2023-02-06,3521,,0.00,111,,2.60,
2023-02-07,3521,,0.00,111,,2.62,
2023-02-08,3521,,0.00,111,,2.58,
2023-02-09,3521,,0.00,111,,2.58,
2023-02-10,3521,,0.00,111,,2.69,
2023-02-13,3521,,0.00,111,,2.62,
2023-02-14,3521,,0.00,111,,2.77,
2023-02-15,3521,,0.00,111,,2.77,
2023-02-16,3521,,0.00,111,,2.77,
2023-02-17,3521,,0.00,111,,2.83,
2023-02-20,3521,,0.00,111,,2.82,
2023-02-21,3521,,0.00,111,,2.79,
2023-02-22,3521,,0.00,111,,2.77,
2023-02-23,3521,,0.00,111,,2.77,
2023-02-24,3521,,0.00,111,,2.71,
2023-03-01,3521,,0.00,111,,2.60,
2023-03-02,3521,,0.00,111,,2.60,
2023-03-03,3521,,0.00,111,,2.58,
2023-03-06,3521,,0.00,111,,2.63,
2023-03-07,3521,,0.00,111,,2.62,
2023-03-08,3521,,0.00,111,,2.62,
2023-03-09,3521,,0.00,111,,2.58,
2023-03-10,3521,,0.00,111,,2.41,
2023-03-13,3521,,0.00,111,,2.65,
2023-03-14,3521,,0.00,111,,2.57,
2023-03-15,3521,,0.00,111,,2.55,
2023-03-16,3521,,0.00,111,,2.48,
2023-03-17,3521,,0.00,111,,2.57,
2023-03-20,3521,,0.00,111,,2.55,
2023-03-21,3521,,0.00,111,,2.58,
2023-03-22,3521,,0.00,111,,2.63,
2023-03-23,3521,,0.00,111,,2.65,
2023-03-24,3521,,0.00,111,,2.64,
2023-03-27,3521,,0.00,111,,2.67,
2023-03-28,3521,,0.00,111,,2.64,
2023-03-29,3521,,0.00,111,,2.74,
2023-03-30,3521,,0.00,111,,2.79,
2023-03-31,3521,,0.00,111,,2.86,
2023-04-06,3521,,0.00,111,,2.88,
2023-04-07,3521,,0.00,111,,2.91,
2023-04-10,3521,,0.00,111,,2.88,
2023-04-11,3521,,0.00,111,,2.91,
2023-04-12,3521,,0.00,111,,2.99,
2023-04-13,3521,,0.00,111,,3.00,
2023-04-14,3521,,0.00,111,,3.07,
2023-04-17,3521,,0.00,111,,2.97,
2023-04-18,3521,,0.00,111,,3.06,
2023-04-19,3521,,0.00,111,,3.11,
2023-04-20,3521,,0.00,111,,3.01,
2023-04-21,3521,,0.00,111,,2.91,
2023-04-24,3521,,0.00,111,,2.93,
2023-04-25,3521,,0.00,111,,2.88,
2023-04-26,3521,,0.00,111,,2.78,
2023-04-27,3521,,0.00,111,,2.73,
2023-04-28,3521,,0.00,111,,2.80,
2023-05-02,3521,,0.00,111,,2.85,
2023-05-03,3521,,0.00,111,,2.81,
2023-05-04,3521,,0.00,111,,2.87,
2023-05-05,3521,,0.00,111,,2.88,
2023-05-08,3521,,0.00,111,,2.88,
2023-05-09,3521,,0.00,111,,2.81,
2023-05-10,3521,,0.00,111,,2.81,
2023-05-11,3521,,0.00,111,,2.68,
2023-05-12,3521,,0.00,111,,3.07,
2023-05-15,3521,,0.00,111,,3.01,
2023-05-16,3521,,0.00,111,,3.01,
2023-05-17,3521,,0.00,111,,3.03,
2023-05-18,3521,,0.00,111,,3.03,
2023-05-19,3521,,0.00,111,,3.05,
2023-05-22,3521,,0.00,111,,3.13,
2023-05-23,3521,,0.00,111,,3.15,
2023-05-24,3521,,0.00,111,,3.16,
2023-05-25,3521,,0.00,111,,3.19,
2023-05-26,3521,,0.00,111,,3.08,
2023-05-29,3521,,0.00,111,,3.07,
2023-05-30,3521,,0.00,111,,3.08,
2023-05-31,3521,,0.00,111,,3.13,
2023-06-01,3521,,0.00,111,,3.12,
2023-06-02,3521,,0.00,111,,3.14,
2023-06-05,3521,,0.00,111,,3.40,
2023-06-06,3521,,0.00,111,,3.28,
2023-06-07,3521,,0.00,111,,3.38,
2023-06-08,3521,,0.00,111,,3.32,
2023-06-09,3521,,0.00,111,,3.28,
2023-06-12,3521,,0.00,111,,3.16,
2023-06-13,3521,,0.00,111,,3.13,
2023-06-14,3521,,0.00,111,,3.07,
2023-06-15,3521,,0.00,111,,3.02,
2023-06-16,3521,,0.00,111,,3.03,
2023-06-19,3521,,0.00,111,,3.11,
2023-06-20,3521,,0.00,111,,3.14,
2023-06-21,3521,,0.00,111,,3.16,
2023-06-26,3521,,0.00,111,,3.08,
2023-06-27,3521,,0.00,111,,3.01,
2023-06-28,3521,,0.00,111,,3.02,
2023-06-29,3521,,0.00,111,,3.06,
2023-06-30,3521,,0.00,111,,3.05,
2023-07-03,3521,,0.00,111,,3.22,
2023-07-04,3521,,0.00,111,,3.07,
2023-07-05,3521,,0.00,111,,3.05,
2023-07-06,3521,,0.00,111,,3.28,
2023-07-07,3521,,0.00,111,,3.58,
2023-07-10,3521,,0.00,111,,3.61,
2023-07-11,3521,,0.00,111,,3.56,
2023-07-12,3521,,0.00,111,,3.55,
2023-07-13,3521,,0.00,111,,3.40,
2023-07-14,3521,,0.00,111,,3.29,
2023-07-17,3521,,0.00,111,,3.53,
2023-07-18,3521,,0.00,111,,3.32,
2023-07-19,3521,,0.00,111,,3.29,
2023-07-20,3521,,0.00,111,,3.32,
2023-07-21,3521,,0.00,111,,3.29,
2023-07-24,3521,,0.00,111,,3.28,
2023-07-25,3521,,0.00,111,,3.24,
2023-07-26,3521,,0.00,111,,3.17,
2023-07-27,3521,,0.00,111,,3.22,
2023-07-28,3521,,0.00,111,,3.15,
2023-07-31,3521,,0.00,111,,3.16,
2023-08-01,3521,,0.00,111,,3.12,
2023-08-02,3521,,0.00,111,,3.12,
2023-08-04,3521,,0.00,111,,3.09,
2023-08-07,3521,,0.00,111,,3.11,
2023-08-08,3521,,0.00,111,,3.03,
2023-08-09,3521,,0.00,111,,2.94,
2023-08-10,3521,,0.00,111,,2.83,
2023-08-11,3521,,0.00,111,,2.89,
2023-08-14,3521,,0.00,111,,3.10,
2023-08-15,3521,,0.00,111,,3.10,
2023-08-16,3521,,0.00,111,,3.10,
2023-08-17,3521,,0.00,111,,3.12,
2023-08-18,3521,,0.00,111,,3.03,
2023-08-21,3521,,0.00,111,,3.09,
2023-08-22,3521,,0.00,111,,3.05,
2023-08-23,3521,,0.00,111,,3.33,
2023-08-24,3521,,0.00,111,,3.35,
2023-08-25,3521,,0.00,111,,3.29,
2023-08-28,3521,,0.00,111,,3.29,
2023-08-29,3521,,0.00,111,,3.31,
2023-08-30,3521,,0.00,111,,3.30,
2023-08-31,3521,,0.00,111,,3.32,
2023-09-01,3521,,0.00,111,,3.32,
2023-09-04,3521,,0.00,111,,3.31,
2023-09-05,3521,,0.00,111,,3.31,
2023-09-06,3521,,0.00,111,,3.37,
2023-09-07,3521,,0.00,111,,3.27,
2023-09-08,3521,,0.00,111,,3.12,
2023-09-11,3521,,0.00,111,,3.07,
2023-09-12,3521,,0.00,111,,3.05,
2023-09-13,3521,,0.00,111,,3.05,
2023-09-14,3521,,0.00,111,,3.07,
2023-09-15,3521,,0.00,111,,3.03,
2023-09-18,3521,,0.00,111,,3.00,
2023-09-19,3521,,0.00,111,,3.01,
2023-09-20,3521,,0.00,111,,3.10,
2023-09-21,3521,,0.00,111,,3.12,
2023-09-22,3521,,0.00,111,,3.12,
2023-09-25,3521,,0.00,111,,3.07,
2023-09-26,3521,,0.00,111,,3.07,
2023-09-27,3521,,0.00,111,,3.01,
2023-09-28,3521,,0.00,111,,2.95,
2023-10-02,3521,,0.00,111,,2.86,
2023-10-03,3521,,0.00,111,,2.62,
2023-10-04,3521,,0.00,111,,2.68,
2023-10-05,3521,,0.00,111,,2.61,
2023-10-06,3521,,0.00,111,,2.60,
2023-10-11,3521,,0.00,111,,2.48,
2023-10-12,3521,,0.00,111,,2.49,
2023-10-13,3521,,0.00,111,,2.42,
2023-10-16,3521,,0.00,111,,2.21,
2023-10-17,3521,,0.00,111,,2.14,
2023-10-18,3521,,0.00,111,,2.14,
2023-10-19,3521,,0.00,111,,2.35,
2023-10-20,3521,,0.00,111,,2.27,
2023-10-23,3521,,0.00,111,,2.27,
2023-10-24,3521,,0.00,111,,2.18,
2023-10-25,3521,,0.00,111,,2.15,
2023-10-26,3521,,0.00,111,,2.14,
2023-10-27,3521,,0.00,111,,2.16,
2023-10-30,3521,,0.00,111,,2.18,
2023-10-31,3521,,0.00,111,,2.09,
2023-11-01,3521,,0.00,111,,2.03,
2023-11-02,3521,,0.00,111,,1.99,
2023-11-03,3521,,0.00,111,,1.99,
2023-11-06,3521,,0.00,111,,1.96,
2023-11-07,3521,,0.00,111,,1.96,
2023-11-08,3521,,0.00,111,,1.89,
2023-11-09,3521,,0.00,111,,1.86,
2023-11-10,3521,,0.00,111,,1.86,
2023-11-13,3521,,0.00,111,,1.84,
2023-11-14,3521,,0.00,111,,1.62,
2023-11-15,3521,,0.00,111,,1.73,
2023-11-16,3521,,0.00,111,,1.90,
2023-11-17,3521,,0.00,111,,2.09,
2023-11-20,3521,,0.00,111,,1.97,
2023-11-21,3521,,0.00,111,,2.01,
2023-11-22,3521,,0.00,111,,2.19,
2023-11-23,3521,,0.00,111,,2.22,
2023-11-24,3521,,0.00,111,,2.29,
2023-11-27,3521,,0.00,111,,2.07,
2023-11-28,3521,,0.00,111,,2.03,
2023-11-29,3521,,0.00,111,,2.03,
2023-11-30,3521,,0.00,111,,2.01,
2023-12-01,3521,,0.00,111,,1.98,
2023-12-04,3521,,0.00,111,,1.98,
2023-12-05,3521,,0.00,111,,1.92,
2023-12-06,3521,,0.00,111,,1.94,
2023-12-07,3521,,0.00,111,,1.94,
2023-12-08,3521,,0.00,111,,1.99,
2023-12-11,3521,,0.00,111,,1.97,
2023-12-12,3521,,0.00,111,,1.97,
2023-12-13,3521,,0.00,111,,2.01,
2023-12-14,3521,,0.00,111,,1.99,
2023-12-15,3521,,0.00,111,,1.95,
2023-12-18,3521,,0.00,111,,1.95,
2023-12-19,3521,,0.00,111,,2.15,
2023-12-20,3521,,0.00,111,,2.25,
2023-12-21,3521,,0.00,111,,2.34,
2023-12-22,3521,,0.00,111,,2.35,
2023-12-25,3521,,0.00,111,,2.51,
2023-12-26,3521,,0.00,111,,2.41,
2023-12-27,3521,,0.00,111,,2.27,
2023-12-28,3521,,0.00,111,,2.17,
2023-12-29,3521,,0.00,111,,2.11,
2024-01-02,3521,,0.00,112,,2.13,
2024-01-03,3521,,0.00,112,,2.19,
2024-01-04,3521,,0.00,112,,2.17,
2024-01-05,3521,,0.00,112,,2.13,
2024-01-08,3521,,0.00,112,,2.09,
2024-01-09,3521,,0.00,112,,2.03,
2024-01-10,3521,,0.00,112,,2.23,
2024-01-11,3521,,0.00,112,,2.40,
2024-01-12,3521,,0.00,112,,2.25,
2024-01-15,3521,,0.00,112,,2.28,
2024-01-16,3521,,0.00,112,,2.23,
2024-01-17,3521,,0.00,112,,2.29,
2024-01-18,3521,,0.00,112,,2.35,
2024-01-19,3521,,0.00,112,,2.34,
2024-01-22,3521,,0.00,112,,2.57,
2024-01-23,3521,,0.00,112,,2.69,
2024-01-24,3521,,0.00,112,,2.64,
2024-01-25,3521,,0.00,112,,2.57,
2024-01-26,3521,,0.00,112,,2.53,
2024-01-29,3521,,0.00,112,,2.49,
2024-01-30,3521,,0.00,112,,2.52,
2024-01-31,3521,,0.00,112,,2.41,
2024-02-01,3521,,0.00,112,,2.42,
2024-02-02,3521,,0.00,112,,2.42,
2024-02-05,3521,,0.00,112,,2.37,
2024-02-15,3521,,0.00,112,,2.38,
2024-02-16,3521,,0.00,112,,2.40,
2024-02-19,3521,,0.00,112,,2.31,
2024-02-20,3521,,0.00,112,,2.34,
2024-02-21,3521,,0.00,112,,2.35,
2024-02-22,3521,,0.00,112,,2.39,
2024-02-23,3521,,0.00,112,,2.34,
2024-02-26,3521,,0.00,112,,2.18,
2024-02-27,3521,,0.00,112,,2.17,
2024-02-29,3521,,0.00,112,,2.25,
2024-03-01,3521,,0.00,112,,2.26,
2024-03-04,3521,,0.00,112,,2.23,
2024-03-05,3521,,0.00,112,,2.17,
2024-03-06,3521,,0.00,112,,2.15,
2024-03-07,3521,,0.00,112,,2.09,
2024-03-08,3521,,0.00,112,,2.09,
2024-03-11,3521,,0.00,112,,2.29,
2024-03-12,3521,,0.00,112,,2.52,
2024-03-13,3521,,0.00,112,,2.40,
2024-03-14,3521,,0.00,112,,2.37,
2024-03-15,3521,,0.00,112,,2.30,
2024-03-18,3521,,0.00,112,,2.27,
2024-03-19,3521,,0.00,112,,2.26,
2024-03-20,3521,,0.00,112,,2.23,
2024-03-21,3521,,0.00,112,,2.24,
2024-03-22,3521,,0.00,112,,2.27,
2024-03-25,3521,,0.00,112,,2.28,
2024-03-26,3521,,0.00,112,,2.33,
2024-03-27,3521,,0.00,112,,2.33,
2024-03-28,3521,,0.00,112,,2.59,
2024-03-29,3521,,0.00,112,,2.62,
2024-04-01,3521,,0.00,112,,2.77,
2024-04-02,3521,,0.00,112,,2.80,
2024-04-03,3521,,0.00,112,,2.75,
2024-04-08,3521,,0.00,112,,2.74,
2024-04-09,3521,,0.00,112,,2.77,
2024-04-10,3521,,0.00,112,,2.74,
2024-04-11,3521,,0.00,112,,2.58,
2024-04-12,3521,,0.00,112,,2.62,
2024-04-15,3521,,0.00,112,,2.63,
2024-04-16,3521,,0.00,112,,2.59,
2024-04-17,3521,,0.00,112,,2.58,
2024-04-18,3521,,0.00,112,,2.54,
2024-04-19,3521,,0.00,112,,2.49,
2024-04-22,3521,,0.00,112,,2.52,
2024-04-23,3521,,0.00,112,,2.67,
2024-04-24,3521,,0.00,112,,2.60,
2024-04-25,3521,,0.00,112,,2.55,
2024-04-26,3521,,0.00,112,,2.54,
2024-04-29,3521,,0.00,112,,2.60,
2024-04-30,3521,,0.00,112,,2.53,
2024-05-02,3521,,0.00,112,,2.53,
2024-05-03,3521,,0.00,112,,2.55,
2024-05-06,3521,,0.00,112,,2.52,
2024-05-07,3521,,0.00,112,,2.48,
2024-05-08,3521,,0.00,112,,2.48,
2024-05-09,3521,,0.00,112,,2.55,
2024-05-10,3521,,0.00,112,,2.49,
2024-05-13,3521,,0.00,112,,2.61,
2024-05-14,3521,,0.00,112,,2.64,
2024-05-15,3521,,0.00,112,,2.61,
2024-05-16,3521,,0.00,112,,2.61,
2024-05-17,3521,,0.00,112,,2.58,
2024-05-20,3521,,0.00,112,,2.54,
2024-05-21,3521,,0.00,112,,2.56,
2024-05-22,3521,,0.00,112,,2.55,
2024-05-23,3521,,0.00,112,,2.54,
2024-05-24,3521,,0.00,112,,2.61,
2024-05-27,3521,,0.00,112,,2.63,
2024-05-28,3521,,0.00,112,,2.65,
2024-05-29,3521,,0.00,112,,2.63,
2024-05-30,3521,,0.00,112,,2.62,
2024-05-31,3521,,0.00,112,,2.60,
2024-06-03,3521,,0.00,112,,2.60,
2024-06-04,3521,,0.00,112,,2.55,
2024-06-05,3521,,0.00,112,,2.56,
2024-06-06,3521,,0.00,112,,2.50,
2024-06-07,3521,,0.00,112,,2.53,
2024-06-11,3521,,0.00,112,,2.48,
2024-06-12,3521,,0.00,112,,2.46,
2024-06-13,3521,,0.00,112,,2.37,
2024-06-14,3521,,0.00,112,,2.41,
2024-06-17,3521,,0.00,112,,2.42,
2024-06-18,3521,,0.00,112,,2.42,
2024-06-19,3521,,0.00,112,,2.37,
2024-06-20,3521,,0.00,112,,2.61,
2024-06-21,3521,,0.00,112,,2.70,
2024-06-24,3521,,0.00,112,,2.61,
2024-06-25,3521,,0.00,112,,2.62,
2024-06-26,3521,,0.00,112,,2.58,
2024-06-27,3521,,0.00,112,,2.58,
2024-06-28,3521,,0.00,112,,2.59,
2024-07-01,3521,,0.00,112,,2.63,
2024-07-02,3521,,0.00,112,,2.63,
2024-07-03,3521,,0.00,112,,2.60,
2024-07-04,3521,,0.00,112,,2.71,
2024-07-05,3521,,0.00,112,,2.69,
2024-07-08,3521,,0.00,112,,2.63,
2024-07-09,3521,,0.00,112,,2.67,
2024-07-10,3521,,0.00,112,,2.61,
2024-07-11,3521,,0.00,112,,2.61,
2024-07-12,3521,,0.00,112,,2.60,
2024-07-15,3521,,0.00,112,,2.69,
2024-07-16,3521,,0.00,112,,2.67,
2024-07-17,3521,,0.00,112,,2.61,
2024-07-18,3521,,0.00,112,,2.58,
2024-07-19,3521,,0.00,112,,2.54,
2024-07-22,3521,,0.00,112,,2.40,
2024-07-23,3521,,0.00,112,,2.46,
2024-07-26,3521,,0.00,112,,2.46,
2024-07-29,3521,,0.00,112,,2.43,
2024-07-30,3521,,0.00,112,,2.39,
2024-07-31,3521,,0.00,112,,2.40,
2024-08-01,3521,,0.00,112,,2.44,
2024-08-02,3521,,0.00,112,,2.53,
2024-08-05,3521,,0.00,112,,2.37,
2024-08-06,3521,,0.00,112,,2.28,
2024-08-07,3521,,0.00,112,,2.29,
2024-08-08,3521,,0.00,112,,2.33,
2024-08-09,3521,,0.00,112,,2.41,
2024-08-12,3521,,0.00,112,,2.42,
2024-08-13,3521,,0.00,112,,2.37,
2024-08-14,3521,,0.00,112,,2.10,
2024-08-15,3521,,0.00,112,,2.10,
2024-08-16,3521,,0.00,112,,2.09,
2024-08-19,3521,,0.00,112,,2.09,
2024-08-20,3521,,0.00,112,,2.05,
2024-08-21,3521,,0.00,112,,2.04,
2024-08-22,3521,,0.00,112,,2.06,
2024-08-23,3521,,0.00,112,,2.05,
2024-08-26,3521,,0.00,112,,2.08,
2024-08-27,3521,,0.00,112,,2.07,
2024-08-28,3521,,0.00,112,,2.06,
2024-08-29,3521,,0.00,112,,2.05,
2024-08-30,3521,,0.00,112,,2.00,
2024-09-02,3521,,0.00,112,,2.02,
2024-09-03,3521,,0.00,112,,2.03,
2024-09-04,3521,,0.00,112,,1.96,
2024-09-05,3521,,0.00,112,,1.96,
2024-09-06,3521,,0.00,112,,1.95,
2024-09-09,3521,,0.00,112,,1.88,
2024-09-10,3521,,0.00,112,,1.83,
2024-09-11,3521,,0.00,112,,1.85,
2024-09-12,3521,,0.00,112,,1.79,
2024-09-13,3521,,0.00,112,,1.96,
2024-09-16,3521,,0.00,112,,2.16,
2024-09-18,3521,,0.00,112,,2.16,
2024-09-19,3521,,0.00,112,,2.17,
2024-09-20,3521,,0.00,112,,2.13,
2024-09-23,3521,,0.00,112,,2.17,
2024-09-24,3521,,0.00,112,,2.19,
2024-09-25,3521,,0.00,112,,2.21,
2024-09-26,3521,,0.00,112,,2.18,
2024-09-27,3521,,0.00,112,,2.20,
2024-09-30,3521,,0.00,112,,2.14,
2024-10-01,3521,,0.00,112,,2.09,
2024-10-04,3521,,0.00,112,,2.07,
2024-10-07,3521,,0.00,112,,2.02,
2024-10-08,3521,,0.00,112,,1.99,
2024-10-09,3521,,0.00,112,,2.00,
2024-10-11,3521,,0.00,112,,1.98,
2024-10-14,3521,,0.00,112,,2.02,
2024-10-15,3521,,0.00,112,,2.21,
2024-10-16,3521,,0.00,112,,2.14,
2024-10-17,3521,,0.00,112,,2.13,
2024-10-18,3521,,0.00,112,,2.09,
2024-10-21,3521,,0.00,112,,2.09,
2024-10-22,3521,,0.00,112,,2.10,
2024-10-23,3521,,0.00,112,,2.07,
2024-10-24,3521,,0.00,112,,2.09,
2024-10-25,3521,,0.00,112,,2.08,
2024-10-28,3521,,0.00,112,,2.07,
2024-10-29,3521,,0.00,112,,2.06,
2024-10-30,3521,,0.00,112,,2.05,
2024-11-01,3521,,0.00,112,,1.99,
2024-11-04,3521,,0.00,112,,1.95,
2024-11-05,3521,,0.00,112,,1.98,
2024-11-06,3521,,0.00,112,,1.99,
2024-11-07,3521,,0.00,112,,1.99,
2024-11-08,3521,,0.00,112,,1.96,
2024-11-11,3521,,0.00,112,,1.97,
2024-11-12,3521,,0.00,112,,1.97,
2024-11-13,3521,,0.00,112,,2.16,
2024-11-14,3521,,0.00,112,,2.13,
2024-11-15,3521,,0.00,112,,2.14,
2024-11-18,3521,,0.00,112,,2.35,
2024-11-19,3521,,0.00,112,,2.17,
2024-11-20,3521,,0.00,112,,2.13,
2024-11-21,3521,,0.00,112,,2.13,
2024-11-22,3521,,0.00,112,,2.16,
2024-11-25,3521,,0.00,112,,2.22,
2024-11-26,3521,,0.00,112,,2.22,
2024-11-27,3521,,0.00,112,,2.44,
2024-11-28,3521,,0.00,112,,2.44,
2024-11-29,3521,,0.00,112,,2.40,
2024-12-02,3521,,0.00,112,,2.36,
2024-12-03,3521,,0.00,112,,2.35,
2024-12-04,3521,,0.00,112,,2.41,
2024-12-05,3521,,0.00,112,,2.44,
2024-12-06,3521,,0.00,112,,2.63,
2024-12-09,3521,,0.00,112,,2.62,
2024-12-10,3521,,0.00,112,,2.62,
2024-12-11,3521,,0.00,112,,2.39,
2024-12-12,3521,,0.00,112,,2.38,
2024-12-13,3521,,0.00,112,,2.35,
2024-12-16,3521,,0.00,112,,2.33,
2024-12-17,3521,,0.00,112,,2.33,
2024-12-18,3521,,0.00,112,,2.40,
2024-12-19,3521,,0.00,112,,2.40,
2024-12-20,3521,,0.00,112,,2.34,
2024-12-23,3521,,0.00,112,,2.33,
2024-12-24,3521,,0.00,112,,2.33,
2024-12-25,3521,,0.00,112,,2.29,
2024-12-26,3521,,0.00,112,,2.30,
2024-12-27,3521,,0.00,112,,2.35,
2024-12-30,3521,,0.00,112,,2.35,
2024-12-31,3521,,0.00,112,,2.32,
2025-01-02,3521,,0.00,113,,2.31,113Q3
2025-01-03,3521,,0.00,113,,2.30,113Q3
2025-01-06,3521,,0.00,113,,2.32,113Q3
2025-01-07,3521,,0.00,113,,2.27,113Q3
2025-01-08,3521,,0.00,113,,2.21,113Q3
2025-01-09,3521,,0.00,113,,2.16,113Q3
2025-01-10,3521,,0.00,113,,2.11,113Q3
2025-01-13,3521,,0.00,113,,2.06,113Q3
2025-01-14,3521,,0.00,113,,2.07,113Q3
2025-01-15,3521,,0.00,113,,2.06,113Q3
2025-01-16,3521,,0.00,113,,2.08,113Q3
2025-01-17,3521,,0.00,113,,2.06,113Q3
2025-01-20,3521,,0.00,113,,2.06,113Q3
2025-01-21,3521,,0.00,113,,2.05,113Q3
2025-01-22,3521,,0.00,113,,2.05,113Q3
2025-02-03,3521,,0.00,113,,2.03,113Q3
2025-02-04,3521,,0.00,113,,2.00,113Q3
2025-02-05,3521,,0.00,113,,1.99,113Q3
2025-02-06,3521,,0.00,113,,2.00,113Q3
2025-02-07,3521,,0.00,113,,2.01,113Q3
2025-02-10,3521,,0.00,113,,2.01,113Q3
2025-02-11,3521,,0.00,113,,2.01,113Q3
2025-02-12,3521,,0.00,113,,2.00,113Q3
2025-02-13,3521,,0.00,113,,2.00,113Q3
2025-02-14,3521,,0.00,113,,2.04,113Q3
2025-02-17,3521,,0.00,113,,2.03,113Q3
2025-02-18,3521,,0.00,113,,2.03,113Q3
2025-02-19,3521,,0.00,113,,2.01,113Q3
2025-02-20,3521,,0.00,113,,2.01,113Q3
2025-02-21,3521,,0.00,113,,2.01,113Q3
2025-02-24,3521,,0.00,113,,2.03,113Q3
2025-02-25,3521,,0.00,113,,2.02,113Q3
2025-02-26,3521,,0.00,113,,2.01,113Q3
2025-02-27,3521,,0.00,113,,2.00,113Q3
2025-03-03,3521,,0.00,113,,2.01,113Q3
2025-03-04,3521,,0.00,113,,2.01,113Q3
2025-03-05,3521,,0.00,113,,2.00,113Q3
2025-03-06,3521,,0.00,113,,2.00,113Q3
2025-03-07,3521,,0.00,113,,1.98,113Q3
2025-03-10,3521,,0.00,113,,1.97,113Q3
2025-03-11,3521,,0.00,113,,1.90,113Q3
2025-03-12,3521,,0.00,113,,1.87,113Q3
2025-03-13,3521,,0.00,113,,0.93,113Q4
2025-03-14,3521,,0.00,113,,1.53,113Q4
2025-03-17,3521,,0.00,113,,1.53,113Q4
2025-03-18,3521,,0.00,113,,1.55,113Q4
2025-03-19,3521,,0.00,113,,1.54,113Q4
2025-03-20,3521,,0.00,113,,1.54,113Q4
2025-03-21,3521,,0.00,113,,1.53,113Q4
2025-03-24,3521,,0.00,113,,1.51,113Q4
2025-03-25,3521,,0.00,113,,1.50,113Q4
2025-03-26,3521,,0.00,113,,1.51,113Q4
2025-03-27,3521,,0.00,113,,1.49,113Q4
2025-03-28,3521,,0.00,113,,1.46,113Q4
2025-03-31,3521,,0.00,113,,1.40,113Q4
2025-04-01,3521,,0.00,113,,1.41,113Q4
2025-04-02,3521,,0.00,113,,1.44,113Q4
2025-04-07,3521,,0.00,113,,1.30,113Q4
2025-04-08,3521,,0.00,113,,1.17,113Q4
2025-04-09,3521,,0.00,113,,1.06,113Q4
2025-04-10,3521,,0.00,113,,1.16,113Q4
2025-04-11,3521,,0.00,113,,1.21,113Q4
2025-04-14,3521,,0.00,113,,1.19,113Q4
2025-04-15,3521,,0.00,113,,1.20,113Q4
2025-04-16,3521,,0.00,113,,1.21,113Q4
2025-04-17,3521,,0.00,113,,1.20,113Q4
2025-04-18,3521,,0.00,113,,1.21,113Q4
2025-04-21,3521,,0.00,113,,1.20,113Q4
2025-04-22,3521,,0.00,113,,1.16,113Q4
2025-04-23,3521,,0.00,113,,1.19,113Q4
2025-04-24,3521,,0.00,113,,1.18,113Q4
2025-04-25,3521,,0.00,113,,1.19,113Q4
2025-04-28,3521,,0.00,113,,1.18,113Q4
2025-04-29,3521,,0.00,113,,1.19,113Q4
2025-04-30,3521,,0.00,113,,1.18,113Q4
2025-05-02,3521,,0.00,113,,1.18,113Q4
2025-05-05,3521,,0.00,113,,1.17,113Q4
2025-05-06,3521,,0.00,113,,1.18,113Q4
2025-05-07,3521,,0.00,113,,1.19,113Q4
2025-05-08,3521,,0.00,113,,1.23,113Q4
2025-05-09,3521,,0.00,113,,1.22,113Q4
2025-05-12,3521,,0.00,113,,1.23,113Q4
2025-05-13,3521,,0.00,113,,1.26,114Q1
2025-05-14,3521,,0.00,113,,1.23,114Q1
2025-05-15,3521,,0.00,113,,1.24,114Q1
2025-05-16,3521,,0.00,113,,1.24,114Q1
2025-05-19,3521,,0.00,113,,1.24,114Q1
2025-05-20,3521,,0.00,113,,1.24,114Q1
2025-05-21,3521,,0.00,113,,1.25,114Q1
2025-05-22,3521,,0.00,113,,1.24,114Q1
2025-05-23,3521,,0.00,113,,1.23,114Q1
2025-05-26,3521,,0.00,113,,1.35,114Q1
2025-05-27,3521,,0.00,113,,1.47,114Q1
2025-05-28,3521,,0.00,113,,1.41,114Q1
2025-05-29,3521,,0.00,113,,1.41,114Q1
2025-06-02,3521,,0.00,113,,1.41,114Q1
2025-06-03,3521,,0.00,113,,1.43,114Q1
2025-06-04,3521,,0.00,113,,1.42,114Q1
2025-06-05,3521,,0.00,113,,1.42,114Q1
2025-06-06,3521,,0.00,113,,1.42,114Q1
2025-06-09,3521,,0.00,113,,1.33,114Q1
2025-06-10,3521,,0.00,113,,1.29,114Q1
2025-06-11,3521,,0.00,113,,1.27,114Q1
2025-06-12,3521,,0.00,113,,1.27,114Q1
2025-06-13,3521,,0.00,113,,1.25,114Q1
2025-06-16,3521,,0.00,113,,1.27,114Q1
2025-06-17,3521,,0.00,113,,1.23,114Q1
2025-06-18,3521,,0.00,113,,1.23,114Q1
2025-06-19,3521,,0.00,113,,1.23,114Q1
2025-06-20,3521,,0.00,113,,1.23,114Q1
2025-06-23,3521,,0.00,113,,1.21,114Q1
2025-06-24,3521,,0.00,113,,1.21,114Q1
2025-06-25,3521,,0.00,113,,1.22,114Q1
2025-06-26,3521,,0.00,113,,1.24,114Q1
2025-06-27,3521,,0.00,113,,1.26,114Q1
2025-06-30,3521,,0.00,113,,1.23,114Q1
2025-07-01,3521,,0.00,113,,1.24,114Q1
2025-07-02,3521,,0.00,113,,1.23,114Q1
2025-07-03,3521,,0.00,113,,1.19,114Q1
2025-07-04,3521,,0.00,113,,1.19,114Q1
2025-07-07,3521,,0.00,113,,1.19,114Q1
2025-07-08,3521,,0.00,113,,1.16,114Q1
2025-07-09,3521,,0.00,113,,1.16,114Q1
2025-07-10,3521,,0.00,113,,1.15,114Q1
2025-07-11,3521,,0.00,113,,1.27,114Q1
2025-07-14,3521,,0.00,113,,1.35,114Q1
2025-07-15,3521,,0.00,113,,1.32,114Q1
2025-07-16,3521,,0.00,113,,1.33,114Q1
2025-07-17,3521,,0.00,113,,1.33,114Q1
2025-07-18,3521,,0.00,113,,1.29,114Q1
2025-07-21,3521,,0.00,113,,1.24,114Q1
2025-07-22,3521,,0.00,113,,1.21,114Q1
2025-07-23,3521,,0.00,113,,1.22,114Q1
2025-07-24,3521,,0.00,113,,1.23,114Q1
2025-07-25,3521,,0.00,113,,1.22,114Q1
2025-07-28,3521,,0.00,113,,1.22,114Q1
2025-07-29,3521,,0.00,113,,1.21,114Q1
2025-07-30,3521,,0.00,113,,1.21,114Q1
2025-07-31,3521,,0.00,113,,1.20,114Q1
2025-08-01,3521,,0.00,113,,1.21,114Q1
2025-08-04,3521,,0.00,113,,1.33,114Q1
2025-08-05,3521,,0.00,113,,1.30,114Q1
2025-08-06,3521,,0.00,113,,1.30,114Q1
2025-08-07,3521,,0.00,113,,1.29,114Q1
2025-08-08,3521,,0.00,113,,1.28,114Q1
2025-08-11,3521,,0.00,113,,1.25,114Q1
2025-08-12,3521,,0.00,113,,1.22,114Q2
2025-08-13,3521,,0.00,113,,1.23,114Q2
2025-08-14,3521,,0.00,113,,1.23,114Q2
2025-08-15,3521,,0.00,113,,1.23,114Q2
2025-08-18,3521,,0.00,113,,1.21,114Q2
2025-08-19,3521,,0.00,113,,1.23,114Q2
2025-08-20,3521,,0.00,113,,1.22,114Q2
2025-08-21,3521,,0.00,113,,1.25,114Q2
2025-08-22,3521,,0.00,113,,1.23,114Q2
2025-08-25,3521,,0.00,113,,1.23,114Q2
2025-08-26,3521,,0.00,113,,1.22,114Q2
2025-08-27,3521,,0.00,113,,1.21,114Q2
2025-08-28,3521,,0.00,113,,1.22,114Q2
2025-08-29,3521,,0.00,113,,1.22,114Q2
2025-09-01,3521,,0.00,113,,1.21,114Q2
2025-09-02,3521,,0.00,113,,1.20,114Q2
2025-09-03,3521,,0.00,113,,1.19,114Q2
2025-09-04,3521,,0.00,113,,1.22,114Q2
2025-09-05,3521,,0.00,113,,1.23,114Q2
2025-09-08,3521,,0.00,113,,1.23,114Q2
2025-09-09,3521,,0.00,113,,1.23,114Q2
2025-09-10,3521,,0.00,113,,1.23,114Q2
2025-09-11,3521,,0.00,113,,1.23,114Q2
2025-09-12,3521,,0.00,113,,1.23,114Q2
2025-09-15,3521,,0.00,113,,1.22,114Q2
2025-09-16,3521,,0.00,113,,1.22,114Q2
2025-09-17,3521,,0.00,113,,1.22,114Q2
2025-09-18,3521,,0.00,113,,1.22,114Q2
2025-09-19,3521,,0.00,113,,1.22,114Q2
2025-09-22,3521,,0.00,113,,1.23,114Q2
2025-09-23,3521,,0.00,113,,1.22,114Q2
2025-09-24,3521,,0.00,113,,1.26,114Q2
2025-09-25,3521,,0.00,113,,1.23,114Q2
2025-09-26,3521,,0.00,113,,1.22,114Q2
2025-09-30,3521,,0.00,113,,1.32,114Q2
2025-10-01,3521,,0.00,113,,1.25,114Q2
2025-10-02,3521,,0.00,113,,1.25,114Q2
2025-10-03,3521,,0.00,113,,1.24,114Q2
2025-10-07,3521,,0.00,113,,1.22,114Q2
2025-10-08,3521,,0.00,113,,1.21,114Q2
2025-10-09,3521,,0.00,113,,1.22,114Q2
2025-10-13,3521,,0.00,113,,1.22,114Q2
2025-10-14,3521,,0.00,113,,1.21,114Q2
2025-10-15,3521,,0.00,113,,1.20,114Q2
2025-10-16,3521,,0.00,113,,1.21,114Q2
2025-10-17,3521,,0.00,113,,1.21,114Q2
2025-10-20,3521,,0.00,113,,1.20,114Q2
2025-10-21,3521,,0.00,113,,1.20,114Q2
2025-10-22,3521,,0.00,113,,1.20,114Q2
2025-10-23,3521,,0.00,113,,1.19,114Q2
2025-10-27,3521,,0.00,113,,1.19,114Q2
2025-10-28,3521,,0.00,113,,1.20,114Q2
2025-10-29,3521,,0.00,113,,1.19,114Q2
2025-10-30,3521,,0.00,113,,1.20,114Q2
2025-10-31,3521,,0.00,113,,1.20,114Q2
2025-11-03,3521,,0.00,113,,1.18,114Q2
2025-11-04,3521,,0.00,113,,1.17,114Q2
2025-11-05,3521,,0.00,113,,1.16,114Q2
2025-11-06,3521,,0.00,113,,1.22,114Q2
2025-11-07,3521,,0.00,113,,1.19,114Q2
2025-11-10,3521,,0.00,113,,1.14,114Q3
2025-11-11,3521,,0.00,113,,1.18,114Q3
2025-11-12,3521,,0.00,113,,1.18,114Q3
2025-11-13,3521,,0.00,113,,1.19,114Q3
2025-11-14,3521,,0.00,113,,1.17,114Q3
2025-11-17,3521,,0.00,113,,1.17,114Q3
2025-11-18,3521,,0.00,113,,1.14,114Q3
2025-11-19,3521,,0.00,113,,1.14,114Q3
2025-11-20,3521,,0.00,113,,1.14,114Q3
2025-11-21,3521,,0.00,113,,1.17,114Q3
2025-11-24,3521,,0.00,113,,1.28,114Q3
2025-11-25,3521,,0.00,113,,1.39,114Q3
2025-11-26,3521,,0.00,113,,1.35,114Q3
2025-11-27,3521,,0.00,113,,1.48,114Q3
2025-11-28,3521,,0.00,113,,1.40,114Q3
2025-12-01,3521,,0.00,113,,1.44,114Q3
2025-12-02,3521,,0.00,113,,1.40,114Q3
2025-12-03,3521,,0.00,113,,1.48,114Q3
2025-12-04,3521,,0.00,113,,1.44,114Q3
2025-12-05,3521,,0.00,113,,1.43,114Q3
2025-12-08,3521,,0.00,113,,1.41,114Q3
2025-12-09,3521,,0.00,113,,1.44,114Q3
2025-12-10,3521,,0.00,113,,1.49,114Q3
2025-12-11,3521,,0.00,113,,1.53,114Q3
2025-12-12,3521,,0.00,113,,1.59,114Q3
2025-12-15,3521,,0.00,113,,1.57,114Q3
2025-12-16,3521,,0.00,113,,1.53,114Q3
2025-12-17,3521,,0.00,113,,1.52,114Q3
2025-12-18,3521,,0.00,113,,1.44,114Q3
2025-12-19,3521,,0.00,113,,1.40,114Q3
2025-12-22,3521,,0.00,113,,1.41,114Q3
2025-12-23,3521,,0.00,113,,1.41,114Q3
2025-12-24,3521,,0.00,113,,1.39,114Q3
2025-12-26,3521,,0.00,113,,1.34,114Q3
2025-12-29,3521,,0.00,113,,1.30,114Q3
2025-12-30,3521,,0.00,113,,1.43,114Q3
2025-12-31,3521,,0.00,113,,1.39,114Q3
2026-01-02,3521,,0.00,114,,1.38,114Q3
2026-01-05,3521,,0.00,114,,1.36,114Q3
2026-01-06,3521,,0.00,114,,1.38,114Q3
2026-01-07,3521,,0.00,114,,1.44,114Q3
2026-01-08,3521,,0.00,114,,1.41,114Q3
2026-01-09,3521,,0.00,114,,1.46,114Q3
2026-01-12,3521,,0.00,114,,1.43,114Q3
2026-01-13,3521,,0.00,114,,1.41,114Q3
2026-01-14,3521,,0.00,114,,1.45,114Q3
2026-01-15,3521,,0.00,114,,1.46,114Q3
2026-01-16,3521,,0.00,114,,1.43,114Q3
2026-01-19,3521,,0.00,114,,1.40,114Q3
2026-01-20,3521,,0.00,114,,1.38,114Q3
2026-01-21,3521,,0.00,114,,1.38,114Q3
2026-01-22,3521,,0.00,114,,1.38,114Q3
2026-01-23,3521,,0.00,114,,1.38,114Q3
2026-01-26,3521,,0.00,114,,1.37,114Q3
2026-01-27,3521,,0.00,114,,1.50,114Q3
2026-01-28,3521,,0.00,114,,1.50,114Q3
2026-01-29,3521,,0.00,114,,1.48,114Q3
2026-01-30,3521,,0.00,114,,1.45,114Q3
2026-02-02,3521,,0.00,114,,1.60,114Q3
2026-02-03,3521,,0.00,114,,1.56,114Q3
2026-02-04,3521,,0.00,114,,1.60,114Q3
2026-02-05,3521,,0.00,114,,1.60,114Q3
2026-02-06,3521,,0.00,114,,1.63,114Q3
2026-02-09,3521,,0.00,114,,1.66,114Q3
2026-02-10,3521,,0.00,114,,1.55,114Q3
2026-02-11,3521,,0.00,114,,1.55,114Q3
2026-02-23,3521,,0.00,114,,1.56,114Q3
2026-02-24,3521,,0.00,114,,1.53,114Q3
2026-02-25,3521,,0.00,114,,1.52,114Q3
2026-02-26,3521,,0.00,114,,1.51,114Q3
2026-03-02,3521,,0.00,114,,1.48,114Q3
2026-03-03,3521,,0.00,114,,1.46,114Q3
2026-03-04,3521,,0.00,114,,1.46,114Q3
2026-03-05,3521,,0.00,114,,1.46,114Q3
2026-03-06,3521,,0.00,114,,1.48,114Q3
2026-03-09,3521,,0.00,114,,1.41,114Q3
2026-03-10,3521,,0.00,114,,1.42,114Q4
2026-03-11,3521,,0.00,114,,1.40,114Q4
2026-03-12,3521,,0.00,114,,1.40,114Q4
2026-03-13,3521,,0.00,114,,1.40,114Q4
2026-03-16,3521,,0.00,114,,1.40,114Q4
2026-03-17,3521,,0.00,114,,1.38,114Q4
2026-03-18,3521,,0.00,114,,1.37,114Q4
2026-03-19,3521,,0.00,114,,1.36,114Q4
2026-03-20,3521,,0.00,114,,1.49,114Q4
2026-03-23,3521,,0.00,114,,1.36,114Q4
2026-03-24,3521,,0.00,114,,1.36,114Q4
2026-03-25,3521,,0.00,114,,1.36,114Q4
2026-03-26,3521,,0.00,114,,1.37,114Q4
2026-03-27,3521,,0.00,114,,1.37,114Q4
2026-03-30,3521,,0.00,114,,1.33,114Q4
2026-03-31,3521,,0.00,114,,1.29,114Q4
2026-04-01,3521,,0.00,114,,1.29,114Q4
2026-04-02,3521,,0.00,114,,1.27,114Q4
2026-04-07,3521,,0.00,114,,1.27,114Q4
2026-04-08,3521,,0.00,114,,1.33,114Q4
2026-04-09,3521,,0.00,114,,1.36,114Q4
2026-04-10,3521,,0.00,114,,1.37,114Q4
2026-04-13,3521,,0.00,114,,1.37,114Q4
2026-04-14,3521,,0.00,114,,1.43,114Q4
2026-04-15,3521,,0.00,114,,1.40,114Q4
2026-04-16,3521,,0.00,114,,1.41,114Q4
2026-04-17,3521,,0.00,114,,1.44,114Q4
2026-04-20,3521,,0.00,114,,1.44,114Q4
2026-04-21,3521,,0.00,114,,1.42,114Q4
2026-04-22,3521,,0.00,114,,1.42,114Q4
2026-04-23,3521,,0.00,114,,1.41,114Q4
2026-04-24,3521,,0.00,114,,1.40,114Q4
2026-04-27,3521,,0.00,114,,1.36,114Q4
2026-04-28,3521,,0.00,114,,1.45,114Q4
2026-04-29,3521,,0.00,114,,1.40,114Q4
2026-04-30,3521,,0.00,114,,1.38,114Q4
2026-05-04,3521,,0.00,114,,1.40,114Q4
2026-05-05,3521,,0.00,114,,1.47,114Q4
2026-05-06,3521,,0.00,114,,1.38,114Q4
2026-05-07,3521,,0.00,114,,1.38,114Q4
2026-05-08,3521,,0.00,114,,1.36,114Q4
2026-05-11,3521,,0.00,114,,1.31,114Q4
2026-05-12,3521,,0.00,114,,1.28,114Q4
2026-05-13,3521,,0.00,114,5.67,1.09,115Q1
2026-05-14,3521,,0.00,114,5.69,1.09,115Q1
2026-05-15,3521,,0.00,114,5.65,1.09,115Q1
2026-05-18,3521,,0.00,114,5.60,1.08,115Q1
2026-05-19,3521,,0.00,114,5.58,1.07,115Q1
2026-05-20,3521,,0.00,114,5.65,1.09,115Q1
2026-05-21,3521,,0.00,114,5.60,1.08,115Q1
2026-05-22,3521,,0.00,114,5.63,1.08,115Q1
2026-05-25,3521,,0.00,114,5.52,1.06,115Q1
2026-05-26,3521,,0.00,114,5.41,1.04,115Q1
2026-05-27,3521,,0.00,114,5.26,1.01,115Q1
2026-05-28,3521,,0.00,114,5.26,1.01,115Q1
2026-05-29,3521,,0.00,114,5.22,1.00,115Q1
2026-06-01,3521,,0.00,114,5.15,0.99,115Q1
2026-06-02,3521,,0.00,114,5.09,0.98,115Q1
2026-06-03,3521,,0.00,114,5.15,0.99,115Q1
2026-06-04,3521,,0.00,114,5.32,1.02,115Q1
2026-06-05,3521,,0.00,114,5.41,1.04,115Q1
2026-06-08,3521,,0.00,114,5.32,1.02,115Q1
2026-06-09,3521,,0.00,114,5.37,1.03,115Q1
2026-06-10,3521,,0.00,114,5.56,1.07,115Q1
2026-06-11,3521,,0.00,114,5.43,1.04,115Q1
2026-06-12,3521,,0.00,114,5.45,1.05,115Q1
2026-06-15,3521,,0.00,114,5.45,1.05,115Q1
2026-06-16,3521,,0.00,114,5.43,1.04,115Q1
2026-06-17,3521,,0.00,114,5.43,1.04,115Q1
2026-06-18,3521,,0.00,114,5.41,1.04,115Q1
2026-06-22,3521,,0.00,114,5.28,1.02,115Q1
2026-06-23,3521,,0.00,114,5.24,1.01,115Q1
2026-06-24,3521,,0.00,114,5.22,1.00,115Q1
2026-06-25,3521,,0.00,114,5.19,1.00,115Q1
2026-06-26,3521,,0.00,114,5.19,1.00,115Q1
2026-06-29,3521,,0.00,114,5.22,1.00,115Q1
2026-06-30,3521,,0.00,114,5.22,1.00,115Q1
2026-07-01,3521,,0.00,114,5.73,1.10,115Q1
2026-07-02,3521,,0.00,114,5.52,1.06,115Q1
2026-07-03,3521,,0.00,114,5.56,1.07,115Q1
2026-07-06,3521,,0.00,114,5.60,1.08,115Q1
2026-07-07,3521,,0.00,114,5.41,1.04,115Q1
2026-07-08,3521,,0.00,114,5.34,1.03,115Q1
2026-07-09,3521,,0.00,114,5.86,1.13,115Q1
2026-07-13,3521,,0.00,114,5.63,1.08,115Q1
2026-07-14,3521,,0.00,114,5.30,1.02,115Q1
2026-07-15,3521,,0.00,114,5.43,1.04,115Q1
2026-07-16,3521,,0.00,114,5.43,1.04,115Q1
2026-07-17,3521,,0.00,114,5.26,1.01,115Q1
2026-07-20,3521,,0.00,114,5.22,1.00,115Q1
2026-07-21,3521,,0.00,114,5.34,1.03,115Q1
2026-07-22,3521,,0.00,114,5.30,1.02,115Q1
2026-07-23,3521,,0.00,114,5.26,1.01,115Q1
2026-07-24,3521,,0.00,114,5.26,1.01,115Q1
2026-07-27,3521,,0.00,114,5.75,1.11,115Q1
2026-07-28,3521,,0.00,114,5.41,1.04,115Q1
2026-07-29,3521,,0.00,114,7.13,1.00,115Q2
2026-07-30,3521,,0.00,114,7.13,1.00,115Q2
2026-07-31,3521,,0.00,114,7.22,1.02,115Q2
2026-08-03,3521,,0.00,114,7.16,1.01,115Q2
2026-08-04,3521,,0.00,114,7.16,1.01,115Q2
2026-08-05,3521,,0.00,114,7.11,1.00,115Q2
2026-08-06,3521,,0.00,114,7.11,1.00,115Q2
2026-08-07,3521,,0.00,114,7.16,1.01,115Q2
2026-08-10,3521,,0.00,114,7.16,1.01,115Q2
2026-08-11,3521,,0.00,114,7.16,1.01,115Q2
2026-08-12,3521,,0.00,114,7.16,1.01,115Q2
2026-08-13,3521,,0.00,114,7.40,1.04,115Q2
2026-08-14,3521,,0.00,114,7.16,1.01,115Q2
2026-08-17,3521,,0.00,114,7.19,1.01,115Q2
2026-08-18,3521,,0.00,114,7.19,1.01,115Q2
2026-08-19,3521,,0.00,114,7.08,1.00,115Q2
2026-08-20,3521,,0.00,114,7.13,1.00,115Q2
2026-08-21,3521,,0.00,114,7.11,1.00,115Q2
2026-08-24,3521,,0.00,114,7.08,1.00,115Q2
2026-08-25,3521,,0.00,114,7.28,1.03,115Q2
2026-08-26,3521,,0.00,114,7.11,1.00,115Q2
2026-08-27,3521,,0.00,114,7.11,1.00,115Q2
2026-08-28,3521,,0.00,114,7.16,1.01,115Q2
2026-08-31,3521,,0.00,114,7.08,1.00,115Q2
2026-09-01,3521,,0.00,114,7.08,1.00,115Q2
2026-09-02,3521,,0.00,114,7.16,1.01,115Q2
2026-09-03,3521,,0.00,114,7.05,0.99,115Q2
2026-09-04,3521,,0.00,114,7.08,1.00,115Q2
2026-09-07,3521,,0.00,114,7.16,1.01,115Q2
2026-09-08,3521,,0.00,114,7.11,1.00,115Q2
2026-09-09,3521,,0.00,114,7.19,1.01,115Q2
2026-09-10,3521,,0.00,114,7.05,0.99,115Q2
