date,stock_id,close,yield_pct,dividend_year,per,pbr,fs_quarter
2015-01-05,6504,,1.56,,24.61,4.75,
2015-01-06,6504,,1.59,,24.08,4.65,
2015-01-07,6504,,1.58,,24.35,4.70,
2015-01-08,6504,,1.56,,24.61,4.75,
2015-01-09,6504,,1.58,,24.35,4.70,
2015-01-12,6504,,1.56,,24.61,4.75,
2015-01-13,6504,,1.56,,24.61,4.75,
2015-01-14,6504,,1.57,,24.43,4.72,
2015-01-15,6504,,1.57,,24.52,4.74,
2015-01-16,6504,,1.61,,23.91,4.62,
2015-01-19,6504,,1.66,,23.12,4.47,
2015-01-20,6504,,1.60,,24.00,4.64,
2015-01-21,6504,,1.62,,23.73,4.59,
2015-01-22,6504,,1.59,,24.08,4.65,
2015-01-23,6504,,1.60,,24.00,4.64,
2015-01-26,6504,,1.57,,24.43,4.72,
2015-01-27,6504,,1.53,,25.04,4.84,
2015-01-28,6504,,1.55,,24.69,4.77,
2015-01-29,6504,,1.56,,24.61,4.75,
2015-01-30,6504,,1.58,,24.26,4.69,
2015-02-02,6504,,1.55,,24.69,4.77,
2015-02-03,6504,,1.57,,24.43,4.72,
2015-02-04,6504,,1.56,,24.61,4.75,
2015-02-05,6504,,1.57,,24.52,4.74,
2015-02-06,6504,,1.58,,24.35,4.70,
2015-02-09,6504,,1.57,,24.52,4.74,
2015-02-10,6504,,1.55,,24.78,4.79,
2015-02-11,6504,,1.57,,24.43,4.72,
2015-02-12,6504,,1.59,,24.17,4.67,
2015-02-13,6504,,1.58,,24.35,4.70,
2015-02-24,6504,,1.57,,24.52,4.74,
2015-02-25,6504,,1.55,,24.69,4.77,
2015-02-26,6504,,1.57,,24.43,4.72,
2015-03-02,6504,,1.52,,25.31,4.89,
2015-03-03,6504,,1.44,,26.61,5.14,
2015-03-04,6504,,1.39,,27.57,5.33,
2015-03-05,6504,,1.40,,27.40,5.29,
2015-03-06,6504,,1.40,,27.40,5.29,
2015-03-09,6504,,1.41,,27.31,5.28,
2015-03-10,6504,,1.43,,26.88,5.19,
2015-03-11,6504,,1.43,,26.88,5.19,
2015-03-12,6504,,1.43,,26.88,5.19,
2015-03-13,6504,,1.38,,27.75,5.36,
2015-03-16,6504,,1.39,,27.57,5.33,
2015-03-17,6504,,1.72,,28.45,5.50,
2015-03-18,6504,,1.74,,28.01,5.41,
2015-03-19,6504,,1.73,,28.18,5.45,
2015-03-20,6504,,1.76,,27.84,5.38,
2015-03-23,6504,,1.77,,27.57,5.33,
2015-03-24,6504,,1.79,,27.23,5.26,
2015-03-25,6504,,1.79,,27.23,5.26,
2015-03-26,6504,,1.77,,27.57,5.33,
2015-03-27,6504,,1.79,,27.31,4.85,
2015-03-30,6504,,1.82,,26.51,4.75,
2015-03-31,6504,,1.75,,27.63,4.95,
2015-04-01,6504,,1.69,,28.67,5.14,
2015-04-02,6504,,1.70,,28.41,5.09,
2015-04-07,6504,,1.72,,28.07,5.03,
2015-04-08,6504,,1.75,,27.63,4.95,
2015-04-09,6504,,1.75,,27.63,4.95,
2015-04-10,6504,,1.76,,27.55,4.94,
2015-04-13,6504,,1.76,,27.55,4.94,
2015-04-14,6504,,1.73,,27.98,5.02,
2015-04-15,6504,,1.71,,28.24,5.06,
2015-04-16,6504,,1.73,,27.98,5.02,
2015-04-17,6504,,1.74,,27.81,4.98,
2015-04-20,6504,,1.75,,27.63,4.95,
2015-04-21,6504,,1.73,,27.89,5.00,
2015-04-22,6504,,1.62,,29.79,5.34,
2015-04-23,6504,,1.53,,31.69,5.68,
2015-04-24,6504,,1.53,,31.61,5.67,
2015-04-27,6504,,1.53,,31.61,5.67,
2015-04-28,6504,,1.56,,31.00,5.56,
2015-04-29,6504,,1.57,,30.83,5.53,
2015-04-30,6504,,1.48,,32.73,5.87,
2015-05-04,6504,,1.51,,31.95,5.73,
2015-05-05,6504,,1.50,,32.30,5.79,
2015-05-06,6504,,1.48,,32.73,5.87,
2015-05-07,6504,,1.51,,31.95,5.73,
2015-05-08,6504,,1.58,,30.57,5.48,
2015-05-11,6504,,1.54,,31.43,5.63,
2015-05-12,6504,,1.56,,31.00,5.56,
2015-05-13,6504,,1.56,,30.92,5.54,
2015-05-14,6504,,1.65,,29.36,5.26,
2015-05-15,6504,,1.69,,28.58,4.86,
2015-05-18,6504,,1.68,,25.57,4.91,
2015-05-19,6504,,1.62,,26.49,5.08,
2015-05-20,6504,,1.62,,26.49,5.08,
2015-05-21,6504,,1.63,,26.26,5.04,
2015-05-22,6504,,1.60,,26.80,5.14,
2015-05-25,6504,,1.63,,26.34,5.05,
2015-05-26,6504,,1.62,,26.42,5.07,
2015-05-27,6504,,1.53,,27.95,5.36,
2015-05-28,6504,,1.45,,29.56,5.67,
2015-05-29,6504,,1.47,,29.17,5.60,
2015-06-01,6504,,1.45,,29.48,5.66,
2015-06-02,6504,,1.39,,30.78,5.90,
2015-06-03,6504,,1.50,,28.64,5.49,
2015-06-04,6504,,1.53,,28.10,5.39,
2015-06-05,6504,,1.52,,28.18,5.41,
2015-06-08,6504,,1.56,,27.57,5.29,
2015-06-09,6504,,1.63,,26.34,5.05,
2015-06-10,6504,,1.57,,27.34,5.24,
2015-06-11,6504,,1.50,,28.64,5.49,
2015-06-12,6504,,1.50,,28.56,5.48,
2015-06-15,6504,,1.51,,28.33,5.43,
2015-06-16,6504,,1.58,,27.18,5.21,
2015-06-17,6504,,1.60,,26.88,5.16,
2015-06-18,6504,,1.66,,25.88,4.96,
2015-06-22,6504,,1.69,,25.42,4.88,
2015-06-23,6504,,1.64,,26.19,5.02,
2015-06-24,6504,,1.57,,27.34,5.24,
2015-06-25,6504,,1.53,,28.10,5.39,
2015-06-26,6504,,1.50,,28.64,5.49,
2015-06-29,6504,,1.51,,28.41,5.45,
2015-06-30,6504,,1.51,,28.33,5.43,
2015-07-01,6504,,1.51,,28.33,5.43,
2015-07-02,6504,,1.49,,28.79,5.52,
2015-07-03,6504,,1.50,,28.56,5.48,
2015-07-06,6504,,1.55,,27.72,5.32,
2015-07-07,6504,,1.56,,27.57,5.29,
2015-07-08,6504,,1.69,,25.34,4.86,
2015-07-09,6504,,1.69,,25.42,4.88,
2015-07-13,6504,,1.65,,25.96,4.98,
2015-07-14,6504,,1.62,,26.49,5.08,
2015-07-15,6504,,1.63,,26.34,5.05,
2015-07-16,6504,,1.63,,26.26,5.04,
2015-07-17,6504,,1.68,,25.57,4.91,
2015-07-20,6504,,1.69,,25.42,4.88,
2015-07-21,6504,,1.66,,25.80,4.95,
2015-07-22,6504,,1.67,,25.73,4.94,
2015-07-23,6504,,1.66,,25.88,4.96,
2015-07-24,6504,,1.66,,25.88,4.96,
2015-07-27,6504,,1.76,,24.43,4.69,
2015-07-28,6504,,1.70,,25.27,4.85,
2015-07-29,6504,,1.67,,25.73,4.94,
2015-07-30,6504,,1.68,,25.50,4.89,
2015-07-31,6504,,1.76,,24.43,4.69,
2015-08-03,6504,,1.73,,24.73,4.74,
2015-08-04,6504,,1.77,,24.20,4.64,
2015-08-05,6504,,1.76,,24.35,4.67,
2015-08-06,6504,,1.75,,24.50,4.70,
2015-08-07,6504,,1.75,,24.50,4.70,
2015-08-10,6504,,1.66,,25.88,4.96,
2015-08-11,6504,,1.66,,25.88,4.96,
2015-08-12,6504,,1.69,,25.42,4.88,
2015-08-13,6504,,1.67,,25.73,4.94,
2015-08-14,6504,,1.57,,27.26,5.41,
2015-08-17,6504,,1.51,,25.73,5.65,
2015-08-18,6504,,1.52,,25.45,5.59,
2015-08-19,6504,,1.59,,24.41,5.36,
2015-08-20,6504,,1.52,,25.45,5.59,
2015-08-21,6504,,1.62,,23.86,5.24,
2015-08-24,6504,,1.68,,23.10,5.07,
2015-08-25,6504,,1.64,,23.65,5.20,
2015-08-26,6504,,1.65,,23.51,5.17,
2015-08-27,6504,,1.58,,24.55,5.39,
2015-08-28,6504,,1.61,,24.00,5.27,
2015-08-31,6504,,1.58,,24.48,5.38,
2015-09-01,6504,,1.65,,23.44,5.15,
2015-09-02,6504,,1.61,,24.00,5.27,
2015-09-03,6504,,1.58,,24.55,5.39,
2015-09-04,6504,,1.64,,23.65,5.20,
2015-09-07,6504,,1.60,,24.20,5.32,
2015-09-08,6504,,1.60,,24.27,5.33,
2015-09-09,6504,,1.58,,24.48,5.38,
2015-09-10,6504,,1.59,,24.34,5.35,
2015-09-11,6504,,1.60,,24.14,5.30,
2015-09-14,6504,,1.63,,23.79,5.23,
2015-09-15,6504,,1.65,,23.51,5.17,
2015-09-16,6504,,1.66,,23.31,5.12,
2015-09-17,6504,,1.64,,23.65,5.20,
2015-09-18,6504,,1.61,,24.07,5.29,
2015-09-21,6504,,1.61,,24.07,5.29,
2015-09-22,6504,,1.61,,24.00,5.27,
2015-09-23,6504,,1.63,,23.72,5.21,
2015-09-24,6504,,1.65,,23.51,5.17,
2015-09-25,6504,,1.63,,23.79,5.23,
2015-09-30,6504,,1.63,,23.79,5.23,
2015-10-01,6504,,1.61,,24.00,5.27,
2015-10-02,6504,,1.56,,24.83,5.45,
2015-10-05,6504,,1.54,,25.17,5.53,
2015-10-06,6504,,1.54,,25.17,5.53,
2015-10-07,6504,,1.56,,24.76,5.44,
2015-10-08,6504,,1.60,,24.20,5.32,
2015-10-12,6504,,1.58,,24.48,5.38,
2015-10-13,6504,,1.60,,24.14,5.30,
2015-10-14,6504,,1.63,,23.79,5.23,
2015-10-15,6504,,1.61,,24.07,5.29,
2015-10-16,6504,,1.62,,23.93,5.26,
2015-10-19,6504,,1.61,,24.07,5.29,
2015-10-20,6504,,1.58,,24.48,5.38,
2015-10-21,6504,,1.58,,24.48,5.38,
2015-10-22,6504,,1.60,,24.20,5.32,
2015-10-23,6504,,1.61,,24.07,5.29,
2015-10-26,6504,,1.61,,24.07,5.29,
2015-10-27,6504,,1.62,,23.86,5.24,
2015-10-28,6504,,1.64,,23.65,5.20,
2015-10-29,6504,,1.62,,23.86,5.24,
2015-10-30,6504,,1.53,,25.24,5.55,
2015-11-02,6504,,1.47,,26.28,5.77,
2015-11-03,6504,,1.49,,25.93,5.70,
2015-11-04,6504,,1.48,,26.21,5.76,
2015-11-05,6504,,1.42,,27.25,5.99,
2015-11-06,6504,,1.45,,26.63,5.85,
2015-11-09,6504,,1.51,,25.73,5.65,
2015-11-10,6504,,1.51,,25.66,5.64,
2015-11-11,6504,,1.51,,25.59,5.62,
2015-11-12,6504,,1.54,,25.10,5.52,
2015-11-13,6504,,1.51,,24.12,5.14,
2015-11-16,6504,,1.51,,24.06,5.12,
2015-11-17,6504,,1.53,,23.74,5.05,
2015-11-18,6504,,1.51,,24.12,5.14,
2015-11-19,6504,,1.51,,24.12,5.14,
2015-11-20,6504,,1.44,,25.29,5.38,
2015-11-23,6504,,1.48,,24.58,5.23,
2015-11-24,6504,,1.52,,23.87,5.08,
2015-11-25,6504,,1.51,,23.99,5.11,
2015-11-26,6504,,1.47,,24.71,5.26,
2015-11-27,6504,,1.51,,24.12,5.14,
2015-11-30,6504,,1.53,,23.67,5.04,
2015-12-01,6504,,1.51,,23.99,5.11,
2015-12-02,6504,,1.54,,23.61,5.02,
2015-12-03,6504,,1.55,,23.41,4.98,
2015-12-04,6504,,1.53,,23.67,5.04,
2015-12-07,6504,,1.55,,23.41,4.98,
2015-12-08,6504,,1.56,,23.35,4.97,
2015-12-09,6504,,1.61,,22.57,4.80,
2015-12-10,6504,,1.59,,22.89,4.87,
2015-12-11,6504,,1.60,,22.70,4.83,
2015-12-14,6504,,1.62,,22.37,4.76,
2015-12-15,6504,,1.53,,23.67,5.04,
2015-12-16,6504,,1.56,,23.35,4.97,
2015-12-17,6504,,1.54,,23.54,5.01,
2015-12-18,6504,,1.54,,23.54,5.01,
2015-12-21,6504,,1.54,,23.61,5.02,
2015-12-22,6504,,1.57,,23.09,4.91,
2015-12-23,6504,,1.59,,22.89,4.87,
2015-12-24,6504,,1.60,,22.76,4.85,
2015-12-25,6504,,1.60,,22.76,4.85,
2015-12-28,6504,,1.58,,22.96,4.89,
2015-12-29,6504,,1.61,,22.57,4.80,
2015-12-30,6504,,1.62,,22.44,4.78,
2015-12-31,6504,,1.61,,22.50,4.79,
2016-01-04,6504,,1.63,,22.31,4.75,
2016-01-05,6504,,1.63,,22.31,4.75,
2016-01-06,6504,,1.64,,22.18,4.72,
2016-01-07,6504,,1.68,,21.66,4.61,
2016-01-08,6504,,1.66,,21.85,4.65,
2016-01-11,6504,,1.79,,20.30,4.32,
2016-01-12,6504,,1.87,,19.39,4.13,
2016-01-13,6504,,1.85,,19.58,4.17,
2016-01-14,6504,,1.93,,18.81,4.00,
2016-01-15,6504,,1.97,,18.42,3.92,
2016-01-18,6504,,1.93,,18.81,4.00,
2016-01-19,6504,,1.92,,18.87,4.02,
2016-01-20,6504,,1.92,,18.94,4.03,
2016-01-21,6504,,1.99,,18.22,3.88,
2016-01-22,6504,,1.99,,18.22,3.88,
2016-01-25,6504,,1.95,,18.61,3.96,
2016-01-26,6504,,1.96,,18.48,3.93,
2016-01-27,6504,,1.96,,18.48,3.93,
2016-01-28,6504,,1.92,,18.94,4.03,
2016-01-29,6504,,1.88,,19.33,4.11,
2016-01-30,6504,,1.85,,19.65,4.18,
2016-02-01,6504,,1.89,,19.20,4.09,
2016-02-02,6504,,1.90,,19.07,4.06,
2016-02-03,6504,,1.96,,18.55,3.95,
2016-02-15,6504,,1.93,,18.81,4.00,
2016-02-16,6504,,1.90,,19.07,4.06,
2016-02-17,6504,,1.94,,18.74,3.99,
2016-02-18,6504,,1.89,,19.26,4.10,
2016-02-19,6504,,1.92,,18.87,4.02,
2016-02-22,6504,,1.94,,18.74,3.99,
2016-02-23,6504,,1.90,,19.13,4.07,
2016-02-24,6504,,1.92,,18.94,4.03,
2016-02-25,6504,,1.92,,18.94,4.03,
2016-02-26,6504,,1.90,,19.13,4.07,
2016-03-01,6504,,1.88,,19.33,4.11,
2016-03-02,6504,,1.89,,19.20,4.09,
2016-03-03,6504,,1.91,,19.00,4.04,
2016-03-04,6504,,1.91,,19.00,4.04,
2016-03-07,6504,,1.93,,18.81,4.00,
2016-03-08,6504,,1.97,,18.42,3.92,
2016-03-09,6504,,1.96,,18.48,3.93,
2016-03-10,6504,,1.95,,18.61,3.96,
2016-03-11,6504,,1.96,,18.48,3.93,
2016-03-14,6504,,1.94,,18.68,3.98,
2016-03-15,6504,,1.99,,18.22,3.88,
2016-03-16,6504,,1.98,,18.35,3.91,
2016-03-17,6504,,1.96,,18.55,3.95,
2016-03-18,6504,,1.96,,18.55,3.95,
2016-03-21,6504,,2.74,,18.48,3.93,
2016-03-22,6504,,2.62,,19.33,4.11,
2016-03-23,6504,,2.71,,18.68,3.98,
2016-03-24,6504,,2.74,,18.48,3.93,
2016-03-25,6504,,2.73,,18.55,3.95,
2016-03-28,6504,,2.74,,18.48,3.93,
2016-03-29,6504,,2.82,,17.29,3.77,
2016-03-30,6504,,2.77,,17.60,3.84,
2016-03-31,6504,,2.76,,17.67,3.86,
2016-04-01,6504,,2.74,,17.79,3.88,
2016-04-06,6504,,2.73,,17.85,3.90,
2016-04-07,6504,,2.69,,18.10,3.95,
2016-04-08,6504,,2.68,,18.16,3.97,
2016-04-11,6504,,2.57,,18.91,4.13,
2016-04-12,6504,,2.53,,19.23,4.20,
2016-04-13,6504,,2.52,,19.35,4.22,
2016-04-14,6504,,2.52,,19.35,4.22,
2016-04-15,6504,,2.50,,19.48,4.25,
2016-04-18,6504,,2.57,,18.91,4.13,
2016-04-19,6504,,2.60,,18.73,4.09,
2016-04-20,6504,,2.51,,19.41,4.24,
2016-04-21,6504,,2.50,,19.48,4.25,
2016-04-22,6504,,2.54,,19.16,4.18,
2016-04-25,6504,,2.53,,19.23,4.20,
2016-04-26,6504,,2.56,,19.04,4.16,
2016-04-27,6504,,2.57,,18.91,4.13,
2016-04-28,6504,,2.60,,18.73,4.09,
2016-04-29,6504,,2.64,,18.48,4.03,
2016-05-03,6504,,2.65,,18.35,4.01,
2016-05-04,6504,,2.70,,18.04,3.94,
2016-05-05,6504,,2.69,,18.10,3.95,
2016-05-06,6504,,2.68,,18.16,3.97,
2016-05-09,6504,,2.77,,17.60,3.84,
2016-05-10,6504,,2.78,,17.54,3.83,
2016-05-11,6504,,2.69,,18.10,3.95,
2016-05-12,6504,,2.68,,18.16,3.97,
2016-05-13,6504,,2.66,,18.29,3.99,
2016-05-16,6504,,2.69,,19.23,3.80,
2016-05-17,6504,,2.71,,19.10,3.78,
2016-05-18,6504,,2.71,,19.10,3.78,
2016-05-19,6504,,2.73,,18.97,3.75,
2016-05-20,6504,,2.67,,19.36,3.83,
2016-05-23,6504,,2.65,,19.50,3.86,
2016-05-24,6504,,2.57,,20.09,3.98,
2016-05-25,6504,,2.55,,20.29,4.01,
2016-05-26,6504,,2.54,,20.36,4.03,
2016-05-27,6504,,2.56,,20.23,4.00,
2016-05-30,6504,,2.56,,20.23,4.00,
2016-05-31,6504,,2.57,,20.16,3.99,
2016-06-01,6504,,2.60,,19.89,3.94,
2016-06-02,6504,,2.64,,19.63,3.88,
2016-06-03,6504,,2.66,,19.43,3.84,
2016-06-04,6504,,2.64,,19.56,3.87,
2016-06-06,6504,,2.64,,19.56,3.87,
2016-06-07,6504,,2.67,,19.36,3.83,
2016-06-08,6504,,2.68,,19.30,3.82,
2016-06-13,6504,,2.73,,18.97,3.75,
2016-06-14,6504,,2.69,,19.23,3.80,
2016-06-15,6504,,2.57,,20.09,3.98,
2016-06-16,6504,,2.62,,19.76,3.91,
2016-06-17,6504,,2.59,,19.96,3.95,
2016-06-20,6504,,2.61,,19.83,3.92,
2016-06-21,6504,,2.60,,19.89,3.94,
2016-06-22,6504,,2.60,,19.89,3.94,
2016-06-23,6504,,2.64,,19.56,3.87,
2016-06-24,6504,,2.68,,19.30,3.82,
2016-06-27,6504,,2.69,,19.23,3.80,
2016-06-28,6504,,2.69,,19.23,3.80,
2016-06-29,6504,,2.62,,19.76,3.91,
2016-06-30,6504,,2.60,,19.89,3.94,
2016-07-01,6504,,2.59,,19.96,3.95,
2016-07-04,6504,,2.53,,20.42,4.04,
2016-07-05,6504,,2.51,,20.62,4.08,
2016-07-06,6504,,2.52,,20.49,4.05,
2016-07-07,6504,,2.50,,20.69,4.09,
2016-07-11,6504,,2.50,,20.69,4.09,
2016-07-12,6504,,2.51,,20.62,4.08,
2016-07-13,6504,,2.47,,20.95,4.15,
2016-07-14,6504,,2.42,,21.35,4.22,
2016-07-15,6504,,2.39,,21.62,4.28,
2016-07-18,6504,,2.42,,21.35,4.22,
2016-07-19,6504,,2.42,,21.35,4.22,
2016-07-20,6504,,2.45,,21.09,4.17,
2016-07-21,6504,,2.45,,21.15,4.19,
2016-07-22,6504,,2.39,,21.62,4.28,
2016-07-25,6504,,2.42,,21.35,4.22,
2016-07-26,6504,,2.44,,21.22,4.20,
2016-07-27,6504,,2.50,,20.69,4.09,
2016-07-28,6504,,2.53,,20.42,4.04,
2016-07-29,6504,,2.48,,20.82,4.12,
2016-08-01,6504,,2.52,,20.56,4.07,
2016-08-02,6504,,2.48,,20.89,4.13,
2016-08-03,6504,,2.46,,21.02,4.16,
2016-08-04,6504,,2.46,,21.02,4.16,
2016-08-05,6504,,2.50,,20.69,4.09,
2016-08-08,6504,,2.48,,20.82,4.12,
2016-08-09,6504,,2.52,,20.56,4.07,
2016-08-10,6504,,2.55,,20.29,4.01,
2016-08-11,6504,,2.53,,20.42,4.04,
2016-08-12,6504,,2.55,,21.13,4.37,
2016-08-15,6504,,2.55,,21.13,4.37,
2016-08-16,6504,,2.60,,20.72,4.28,
2016-08-17,6504,,2.67,,20.17,4.17,
2016-08-18,6504,,2.65,,20.30,4.19,
2016-08-19,6504,,2.67,,20.17,4.17,
2016-08-22,6504,,2.65,,20.30,4.19,
2016-08-23,6504,,2.67,,20.17,4.17,
2016-08-24,6504,,2.69,,20.03,4.14,
2016-08-25,6504,,2.66,,20.23,4.18,
2016-08-26,6504,,2.66,,20.23,4.18,
2016-08-29,6504,,2.64,,20.37,4.21,
2016-08-30,6504,,2.62,,20.58,4.25,
2016-08-31,6504,,2.57,,20.93,4.32,
2016-09-01,6504,,2.59,,20.79,4.29,
2016-09-02,6504,,2.62,,20.58,4.25,
2016-09-05,6504,,2.58,,20.86,4.31,
2016-09-06,6504,,2.59,,20.79,4.29,
2016-09-07,6504,,2.57,,20.93,4.32,
2016-09-08,6504,,2.57,,20.93,4.32,
2016-09-09,6504,,2.60,,20.72,4.28,
2016-09-10,6504,,2.63,,20.51,4.24,
2016-09-12,6504,,2.62,,20.58,4.25,
2016-09-13,6504,,2.62,,20.58,4.25,
2016-09-14,6504,,2.55,,21.13,4.37,
2016-09-19,6504,,2.60,,20.72,4.28,
2016-09-20,6504,,2.61,,20.65,4.27,
2016-09-21,6504,,2.59,,20.79,4.29,
2016-09-22,6504,,2.60,,20.72,4.28,
2016-09-23,6504,,2.62,,20.58,4.25,
2016-09-26,6504,,2.64,,20.44,4.22,
2016-09-29,6504,,2.64,,20.44,4.22,
2016-09-30,6504,,2.64,,20.37,4.21,
2016-10-03,6504,,2.64,,20.37,4.21,
2016-10-04,6504,,2.64,,20.44,4.22,
2016-10-05,6504,,2.66,,20.23,4.18,
2016-10-06,6504,,2.66,,20.23,4.18,
2016-10-07,6504,,2.64,,20.44,4.22,
2016-10-11,6504,,2.66,,20.23,4.18,
2016-10-12,6504,,2.66,,20.23,4.18,
2016-10-13,6504,,2.64,,20.37,4.21,
2016-10-14,6504,,2.68,,20.10,4.15,
2016-10-17,6504,,2.70,,19.96,4.12,
2016-10-18,6504,,2.70,,19.96,4.12,
2016-10-19,6504,,2.72,,19.82,4.09,
2016-10-20,6504,,2.69,,20.03,4.14,
2016-10-21,6504,,2.73,,19.75,4.08,
2016-10-24,6504,,2.75,,19.61,4.05,
2016-10-25,6504,,2.73,,19.75,4.08,
2016-10-26,6504,,2.77,,19.48,4.02,
2016-10-27,6504,,2.81,,19.20,3.97,
2016-10-28,6504,,2.88,,18.72,3.87,
2016-10-31,6504,,2.91,,18.51,3.82,
2016-11-01,6504,,2.89,,18.65,3.85,
2016-11-02,6504,,2.97,,18.16,3.75,
2016-11-03,6504,,3.01,,17.89,3.69,
2016-11-04,6504,,3.01,,17.89,3.69,
2016-11-07,6504,,2.87,,18.78,3.88,
2016-11-08,6504,,2.84,,18.99,3.92,
2016-11-09,6504,,2.97,,18.16,3.75,
2016-11-10,6504,,2.85,,18.92,3.91,
2016-11-11,6504,,2.83,,19.06,3.94,
2016-11-14,6504,,2.79,,18.82,3.92,
2016-11-15,6504,,2.72,,19.29,4.02,
2016-11-16,6504,,2.73,,19.22,4.01,
2016-11-17,6504,,2.73,,19.22,4.01,
2016-11-18,6504,,2.70,,19.42,4.05,
2016-11-21,6504,,2.65,,19.76,4.12,
2016-11-22,6504,,2.67,,19.62,4.09,
2016-11-23,6504,,2.72,,19.29,4.02,
2016-11-24,6504,,2.70,,19.42,4.05,
2016-11-25,6504,,2.69,,19.49,4.06,
2016-11-28,6504,,2.73,,19.22,4.01,
2016-11-29,6504,,2.74,,19.15,3.99,
2016-11-30,6504,,2.74,,19.15,3.99,
2016-12-01,6504,,2.67,,19.62,4.09,
2016-12-02,6504,,2.72,,19.29,4.02,
2016-12-05,6504,,2.69,,19.49,4.06,
2016-12-06,6504,,2.67,,19.62,4.09,
2016-12-07,6504,,2.65,,19.76,4.12,
2016-12-08,6504,,2.66,,19.69,4.10,
2016-12-09,6504,,2.57,,20.43,4.26,
2016-12-12,6504,,2.60,,20.16,4.20,
2016-12-13,6504,,2.57,,20.43,4.26,
2016-12-14,6504,,2.56,,20.50,4.27,
2016-12-15,6504,,2.57,,20.43,4.26,
2016-12-16,6504,,2.54,,20.63,4.30,
2016-12-19,6504,,2.57,,20.36,4.24,
2016-12-20,6504,,2.56,,20.50,4.27,
2016-12-21,6504,,2.57,,20.43,4.26,
2016-12-22,6504,,2.57,,20.43,4.26,
2016-12-23,6504,,2.59,,20.23,4.22,
2016-12-26,6504,,2.57,,20.43,4.26,
2016-12-27,6504,,2.58,,20.30,4.23,
2016-12-28,6504,,2.58,,20.30,4.23,
2016-12-29,6504,,2.60,,20.16,4.20,
2016-12-30,6504,,2.57,,20.36,4.24,
2017-01-03,6504,,2.57,,20.36,4.24,
2017-01-04,6504,,2.58,,20.30,4.23,
2017-01-05,6504,,2.58,,20.30,4.23,
2017-01-06,6504,,2.59,,20.23,4.22,
2017-01-09,6504,,2.62,,20.03,4.17,
2017-01-10,6504,,2.61,,20.09,4.19,
2017-01-11,6504,,2.62,,20.03,4.17,
2017-01-12,6504,,2.61,,20.09,4.19,
2017-01-13,6504,,2.63,,19.96,4.16,
2017-01-16,6504,,2.66,,19.69,4.10,
2017-01-17,6504,,2.64,,19.89,4.15,
2017-01-18,6504,,2.60,,20.16,4.20,
2017-01-19,6504,,2.61,,20.09,4.19,
2017-01-20,6504,,2.60,,20.16,4.20,
2017-01-23,6504,,2.61,,20.09,4.19,
2017-01-24,6504,,2.61,,20.09,4.19,
2017-02-02,6504,,2.56,,20.50,4.27,
2017-02-03,6504,,2.54,,20.63,4.30,
2017-02-06,6504,,2.51,,20.90,4.36,
2017-02-07,6504,,2.52,,20.77,4.33,
2017-02-08,6504,,2.52,,20.83,4.34,
2017-02-09,6504,,2.52,,20.77,4.33,
2017-02-10,6504,,2.52,,20.77,4.33,
2017-02-13,6504,,2.50,,20.97,4.37,
2017-02-14,6504,,2.51,,20.90,4.36,
2017-02-15,6504,,2.51,,20.90,4.36,
2017-02-16,6504,,2.49,,21.03,4.38,
2017-02-17,6504,,2.42,,21.64,4.51,
2017-02-18,6504,,2.39,,21.91,4.57,
2017-02-20,6504,,2.40,,21.84,4.55,
2017-02-21,6504,,2.45,,21.44,4.47,
2017-02-22,6504,,2.45,,21.44,4.47,
2017-02-23,6504,,2.45,,21.37,4.45,
2017-02-24,6504,,2.45,,21.44,4.47,
2017-03-01,6504,,2.47,,21.24,4.43,
2017-03-02,6504,,2.48,,21.10,4.40,
2017-03-03,6504,,2.48,,21.17,4.41,
2017-03-06,6504,,2.47,,21.24,4.43,
2017-03-07,6504,,2.48,,21.17,4.41,
2017-03-08,6504,,2.49,,21.03,4.38,
2017-03-09,6504,,2.52,,20.83,4.34,
2017-03-10,6504,,2.55,,20.56,4.29,
2017-03-13,6504,,2.56,,20.50,4.27,
2017-03-14,6504,,2.55,,20.56,4.29,
2017-03-15,6504,,3.04,,21.24,4.43,
2017-03-16,6504,,3.08,,20.97,4.37,
2017-03-17,6504,,3.01,,21.44,4.47,
2017-03-20,6504,,3.07,,21.03,4.38,
2017-03-21,6504,,3.06,,21.10,4.40,
2017-03-22,6504,,3.05,,21.17,4.41,
2017-03-23,6504,,3.05,,21.17,4.41,
2017-03-24,6504,,3.05,,21.17,4.41,
2017-03-27,6504,,3.08,,20.97,4.37,
2017-03-28,6504,,3.12,,20.70,4.31,
2017-03-29,6504,,3.12,,20.70,4.31,
2017-03-30,6504,,3.08,,19.45,4.16,
2017-03-31,6504,,3.11,,19.26,4.12,
2017-04-05,6504,,3.09,,19.39,4.15,
2017-04-06,6504,,3.10,,19.33,4.13,
2017-04-07,6504,,3.09,,19.39,4.15,
2017-04-10,6504,,3.10,,19.33,4.13,
2017-04-11,6504,,3.13,,19.14,4.09,
2017-04-12,6504,,3.14,,19.08,4.08,
2017-04-13,6504,152.50,3.15,105,19.01,4.07,105/4
2017-04-14,6504,149.00,3.22,105,18.58,3.97,105/4
2017-04-17,6504,149.00,3.22,105,18.58,3.97,105/4
2017-04-18,6504,148.50,3.23,105,18.52,3.96,105/4
2017-04-19,6504,149.50,3.21,105,18.64,3.99,105/4
2017-04-20,6504,150.00,3.20,105,18.70,4.00,105/4
2017-04-21,6504,149.00,3.22,105,18.58,3.97,105/4
2017-04-24,6504,149.50,3.21,105,18.64,3.99,105/4
2017-04-25,6504,148.00,3.24,105,18.45,3.95,105/4
2017-04-26,6504,148.50,3.23,105,18.52,3.96,105/4
2017-04-27,6504,149.50,3.21,105,18.64,3.99,105/4
2017-04-28,6504,150.00,3.20,105,18.70,4.00,105/4
2017-05-02,6504,148.50,3.23,105,18.52,3.96,105/4
2017-05-03,6504,148.00,3.24,105,18.45,3.95,105/4
2017-05-04,6504,148.00,3.24,105,18.45,3.95,105/4
2017-05-05,6504,147.50,3.25,105,18.39,3.93,105/4
2017-05-08,6504,147.50,3.25,105,18.39,3.93,105/4
2017-05-09,6504,146.00,3.29,105,18.20,3.89,105/4
2017-05-10,6504,146.00,3.29,105,18.20,3.89,105/4
2017-05-11,6504,144.00,3.33,105,17.43,3.85,106/1
2017-05-12,6504,144.50,3.32,105,17.49,3.86,106/1
2017-05-15,6504,144.50,3.32,105,17.49,3.86,106/1
2017-05-16,6504,143.50,3.34,105,17.37,3.84,106/1
2017-05-17,6504,143.00,3.36,105,17.31,3.82,106/1
2017-05-18,6504,144.00,3.33,105,17.43,3.85,106/1
2017-05-19,6504,144.00,3.33,105,17.43,3.85,106/1
2017-05-22,6504,144.50,3.32,105,17.49,3.86,106/1
2017-05-23,6504,146.50,3.28,105,17.74,3.92,106/1
2017-05-24,6504,145.00,3.31,105,17.55,3.88,106/1
2017-05-25,6504,146.00,3.29,105,17.68,3.90,106/1
2017-05-26,6504,145.50,3.30,105,17.62,3.89,106/1
2017-05-31,6504,146.50,3.28,105,17.74,3.92,106/1
2017-06-01,6504,145.00,3.31,105,17.55,3.88,106/1
2017-06-02,6504,145.50,3.30,105,17.62,3.89,106/1
2017-06-03,6504,145.00,3.31,105,17.55,3.88,106/1
2017-06-05,6504,146.00,3.29,105,17.68,3.90,106/1
2017-06-06,6504,151.50,3.17,105,18.34,4.05,106/1
2017-06-07,6504,150.00,3.20,105,18.16,4.01,106/1
2017-06-08,6504,150.00,3.20,105,18.16,4.01,106/1
2017-06-09,6504,152.50,3.15,105,18.46,4.08,106/1
2017-06-12,6504,153.00,3.14,105,18.52,4.09,106/1
2017-06-13,6504,153.50,3.13,105,18.58,4.11,106/1
2017-06-14,6504,153.00,3.14,105,18.52,4.09,106/1
2017-06-15,6504,153.00,3.14,105,18.52,4.09,106/1
2017-06-16,6504,153.00,3.14,105,18.52,4.09,106/1
2017-06-19,6504,153.00,3.14,105,18.52,4.09,106/1
2017-06-20,6504,153.00,3.14,105,18.52,4.09,106/1
2017-06-21,6504,154.00,3.12,105,18.64,4.12,106/1
2017-06-22,6504,153.50,3.13,105,18.58,4.11,106/1
2017-06-23,6504,153.50,3.13,105,18.58,4.11,106/1
2017-06-26,6504,154.00,3.12,105,18.64,4.12,106/1
2017-06-27,6504,154.00,3.12,105,18.64,4.12,106/1
2017-06-28,6504,151.00,3.18,105,18.28,4.04,106/1
2017-06-29,6504,150.00,3.20,105,18.16,4.01,106/1
2017-06-30,6504,153.50,3.13,105,18.58,4.11,106/1
2017-07-03,6504,152.00,3.16,105,18.40,4.07,106/1
2017-07-04,6504,152.00,3.16,105,18.40,4.07,106/1
2017-07-05,6504,152.00,3.16,105,18.40,4.07,106/1
2017-07-06,6504,149.50,3.21,105,18.10,4.00,106/1
2017-07-07,6504,149.50,3.21,105,18.10,4.00,106/1
2017-07-10,6504,148.00,3.24,105,17.92,3.96,106/1
2017-07-11,6504,147.50,3.25,105,17.86,3.94,106/1
2017-07-12,6504,147.50,3.25,105,17.86,3.94,106/1
2017-07-13,6504,148.00,3.24,105,17.92,3.96,106/1
2017-07-14,6504,148.00,3.24,105,17.92,3.96,106/1
2017-07-17,6504,149.00,3.22,105,18.04,3.99,106/1
2017-07-18,6504,148.50,3.23,105,17.98,3.97,106/1
2017-07-19,6504,148.00,3.24,105,17.92,3.96,106/1
2017-07-20,6504,147.50,3.25,105,17.86,3.94,106/1
2017-07-21,6504,148.00,3.24,105,17.92,3.96,106/1
2017-07-24,6504,148.50,3.23,105,17.98,3.97,106/1
2017-07-25,6504,148.00,3.24,105,17.92,3.96,106/1
2017-07-26,6504,148.00,3.24,105,17.92,3.96,106/1
2017-07-27,6504,147.50,3.25,105,17.86,3.94,106/1
2017-07-28,6504,146.50,3.28,105,17.74,3.92,106/1
2017-07-31,6504,146.00,3.29,105,17.68,3.90,106/1
2017-08-01,6504,147.50,3.25,105,17.86,3.94,106/1
2017-08-02,6504,146.00,3.29,105,17.68,3.90,106/1
2017-08-03,6504,147.00,3.27,105,17.80,3.93,106/1
2017-08-04,6504,145.50,3.30,105,17.62,3.89,106/1
2017-08-07,6504,146.00,3.29,105,17.68,3.90,106/1
2017-08-08,6504,145.50,3.30,105,17.62,3.89,106/1
2017-08-09,6504,145.00,3.31,105,17.55,3.88,106/1
2017-08-10,6504,145.00,3.31,105,17.55,3.88,106/1
2017-08-11,6504,145.00,3.31,105,18.31,4.16,106/2
2017-08-14,6504,144.00,3.33,105,18.18,4.13,106/2
2017-08-15,6504,145.50,3.30,105,18.37,4.18,106/2
2017-08-16,6504,146.50,3.28,105,18.50,4.20,106/2
2017-08-17,6504,146.00,3.29,105,18.43,4.19,106/2
2017-08-18,6504,146.00,3.29,105,18.43,4.19,106/2
2017-08-21,6504,147.00,3.27,105,18.56,4.22,106/2
2017-08-22,6504,147.00,3.27,105,18.56,4.22,106/2
2017-08-23,6504,146.50,3.28,105,18.50,4.20,106/2
2017-08-24,6504,147.00,3.27,105,18.56,4.22,106/2
2017-08-25,6504,146.50,3.28,105,18.50,4.20,106/2
2017-08-28,6504,146.50,3.28,105,18.50,4.20,106/2
2017-08-29,6504,147.50,3.25,105,18.62,4.23,106/2
2017-08-30,6504,147.50,3.25,105,18.62,4.23,106/2
2017-08-31,6504,148.00,3.24,105,18.69,4.25,106/2
2017-09-01,6504,150.00,3.20,105,18.94,4.30,106/2
2017-09-04,6504,155.00,3.10,105,19.57,4.45,106/2
2017-09-05,6504,156.50,3.07,105,19.76,4.49,106/2
2017-09-06,6504,156.00,3.08,105,19.70,4.48,106/2
2017-09-07,6504,155.50,3.09,105,19.63,4.46,106/2
2017-09-08,6504,154.00,3.12,105,19.44,4.42,106/2
2017-09-11,6504,153.50,3.13,105,19.38,4.40,106/2
2017-09-12,6504,155.00,3.10,105,19.57,4.45,106/2
2017-09-13,6504,155.00,3.10,105,19.57,4.45,106/2
2017-09-14,6504,154.50,3.11,105,19.51,4.43,106/2
2017-09-15,6504,155.00,3.10,105,19.57,4.45,106/2
2017-09-18,6504,155.00,3.10,105,19.57,4.45,106/2
2017-09-19,6504,153.00,3.14,105,19.32,4.39,106/2
2017-09-20,6504,153.00,3.14,105,19.32,4.39,106/2
2017-09-21,6504,155.50,3.09,105,19.63,4.46,106/2
2017-09-22,6504,155.00,3.10,105,19.57,4.45,106/2
2017-09-25,6504,155.00,3.10,105,19.57,4.45,106/2
2017-09-26,6504,154.00,3.12,105,19.44,4.42,106/2
2017-09-27,6504,155.00,3.10,105,19.57,4.45,106/2
2017-09-28,6504,157.00,3.06,105,19.82,4.51,106/2
2017-09-29,6504,156.00,3.08,105,19.70,4.48,106/2
2017-09-30,6504,159.00,3.02,105,20.08,4.56,106/2
2017-10-02,6504,160.50,2.99,105,20.27,4.61,106/2
2017-10-03,6504,161.00,2.98,105,20.33,4.62,106/2
2017-10-05,6504,160.00,3.00,105,20.20,4.59,106/2
2017-10-06,6504,158.00,3.04,105,19.95,4.53,106/2
2017-10-11,6504,156.50,3.07,105,19.76,4.49,106/2
2017-10-12,6504,156.50,3.07,105,19.76,4.49,106/2
2017-10-13,6504,156.00,3.08,105,19.70,4.48,106/2
2017-10-16,6504,154.50,3.11,105,19.51,4.43,106/2
2017-10-17,6504,154.50,3.11,105,19.51,4.43,106/2
2017-10-18,6504,155.00,3.10,105,19.57,4.45,106/2
2017-10-19,6504,154.00,3.12,105,19.44,4.42,106/2
2017-10-20,6504,153.50,3.13,105,19.38,4.40,106/2
2017-10-23,6504,153.00,3.14,105,19.32,4.39,106/2
2017-10-24,6504,153.50,3.13,105,19.38,4.40,106/2
2017-10-25,6504,154.00,3.12,105,19.44,4.42,106/2
2017-10-26,6504,154.00,3.12,105,19.44,4.42,106/2
2017-10-27,6504,154.00,3.12,105,19.44,4.42,106/2
2017-10-30,6504,154.50,3.11,105,19.51,4.43,106/2
2017-10-31,6504,158.50,3.03,105,20.01,4.55,106/2
2017-11-01,6504,157.00,3.06,105,19.82,4.51,106/2
2017-11-02,6504,157.50,3.05,105,19.89,4.52,106/2
2017-11-03,6504,158.00,3.04,105,19.95,4.53,106/2
2017-11-06,6504,158.00,3.04,105,19.95,4.53,106/2
2017-11-07,6504,158.00,3.04,105,19.95,4.53,106/2
2017-11-08,6504,158.00,3.04,105,20.33,4.23,106/3
2017-11-09,6504,156.50,3.07,105,20.14,4.19,106/3
2017-11-10,6504,156.50,3.07,105,20.14,4.19,106/3
2017-11-13,6504,158.00,3.04,105,20.33,4.23,106/3
2017-11-14,6504,161.50,2.97,105,20.79,4.33,106/3
2017-11-15,6504,160.50,2.99,105,20.66,4.30,106/3
2017-11-16,6504,163.00,2.94,105,20.98,4.37,106/3
2017-11-17,6504,171.50,2.80,105,22.07,4.60,106/3
2017-11-20,6504,173.00,2.77,105,22.27,4.64,106/3
2017-11-21,6504,170.00,2.82,105,21.88,4.56,106/3
2017-11-22,6504,170.00,2.82,105,21.88,4.56,106/3
2017-11-23,6504,169.50,2.83,105,21.81,4.54,106/3
2017-11-24,6504,167.50,2.87,105,21.56,4.49,106/3
2017-11-27,6504,165.50,2.90,105,21.30,4.43,106/3
2017-11-28,6504,165.00,2.91,105,21.24,4.42,106/3
2017-11-29,6504,165.00,2.91,105,21.24,4.42,106/3
2017-11-30,6504,167.00,2.87,105,21.49,4.47,106/3
2017-12-01,6504,168.50,2.85,105,21.69,4.52,106/3
2017-12-04,6504,170.00,2.82,105,21.88,4.56,106/3
2017-12-05,6504,168.50,2.85,105,21.69,4.52,106/3
2017-12-06,6504,165.50,2.90,105,21.30,4.43,106/3
2017-12-07,6504,165.00,2.91,105,21.24,4.42,106/3
2017-12-08,6504,163.00,2.94,105,20.98,4.37,106/3
2017-12-11,6504,163.00,2.94,105,20.98,4.37,106/3
2017-12-12,6504,164.00,2.93,105,21.11,4.39,106/3
2017-12-13,6504,166.00,2.89,105,21.36,4.45,106/3
2017-12-14,6504,164.50,2.92,105,21.17,4.41,106/3
2017-12-15,6504,165.00,2.91,105,21.24,4.42,106/3
2017-12-18,6504,164.00,2.93,105,21.11,4.39,106/3
2017-12-19,6504,162.00,2.96,105,20.85,4.34,106/3
2017-12-20,6504,161.50,2.97,105,20.79,4.33,106/3
2017-12-21,6504,161.00,2.98,105,20.72,4.31,106/3
2017-12-22,6504,160.50,2.99,105,20.66,4.30,106/3
2017-12-25,6504,158.00,3.04,105,20.33,4.23,106/3
2017-12-26,6504,156.50,3.07,105,20.14,4.19,106/3
2017-12-27,6504,155.50,3.09,105,20.01,4.17,106/3
2017-12-28,6504,156.00,3.08,105,20.08,4.18,106/3
2017-12-29,6504,154.50,3.11,105,19.88,4.14,106/3
2018-01-02,6504,157.00,3.06,105,20.21,4.21,106/3
2018-01-03,6504,158.00,3.04,105,20.33,4.23,106/3
2018-01-04,6504,157.00,3.06,105,20.21,4.21,106/3
2018-01-05,6504,158.00,3.04,105,20.33,4.23,106/3
2018-01-08,6504,156.50,3.07,105,20.14,4.19,106/3
2018-01-09,6504,155.00,3.10,105,19.95,4.15,106/3
2018-01-10,6504,156.50,3.07,105,20.14,4.19,106/3
2018-01-11,6504,156.50,3.07,105,20.14,4.19,106/3
2018-01-12,6504,157.50,3.05,105,20.27,4.22,106/3
2018-01-15,6504,158.00,3.04,105,20.33,4.23,106/3
2018-01-16,6504,160.50,2.99,105,20.66,4.30,106/3
2018-01-17,6504,163.00,2.94,105,20.98,4.37,106/3
2018-01-18,6504,162.00,2.96,105,20.85,4.34,106/3
2018-01-19,6504,161.00,2.98,105,20.72,4.31,106/3
2018-01-22,6504,164.00,2.93,105,21.11,4.39,106/3
2018-01-23,6504,164.00,2.93,105,21.11,4.39,106/3
2018-01-24,6504,163.00,2.94,105,20.98,4.37,106/3
2018-01-25,6504,163.00,2.94,105,20.98,4.37,106/3
2018-01-26,6504,162.00,2.96,105,20.85,4.34,106/3
2018-01-29,6504,160.50,2.99,105,20.66,4.30,106/3
2018-01-30,6504,161.00,2.98,105,20.72,4.31,106/3
2018-01-31,6504,162.00,2.96,105,20.85,4.34,106/3
2018-02-01,6504,162.00,2.96,105,20.85,4.34,106/3
2018-02-02,6504,162.00,2.96,105,20.85,4.34,106/3
2018-02-05,6504,162.00,2.96,105,20.85,4.34,106/3
2018-02-06,6504,161.00,2.98,105,20.72,4.31,106/3
2018-02-07,6504,160.50,2.99,105,20.66,4.30,106/3
2018-02-08,6504,159.50,3.01,105,20.53,4.27,106/3
2018-02-09,6504,158.00,3.04,105,20.33,4.23,106/3
2018-02-12,6504,160.00,3.00,105,20.59,4.29,106/3
2018-02-21,6504,160.00,3.00,105,20.59,4.29,106/3
2018-02-22,6504,164.00,2.93,105,21.11,4.39,106/3
2018-02-23,6504,163.00,2.94,105,20.98,4.37,106/3
2018-02-26,6504,162.00,2.96,105,20.85,4.34,106/3
2018-02-27,6504,163.00,2.94,105,20.98,4.37,106/3
2018-03-01,6504,162.00,2.96,105,20.85,4.34,106/3
2018-03-02,6504,161.50,2.97,105,20.79,4.33,106/3
2018-03-05,6504,160.00,3.00,105,20.59,4.29,106/3
2018-03-06,6504,162.00,2.96,105,20.85,4.34,106/3
2018-03-07,6504,159.00,3.02,105,20.46,4.26,106/3
2018-03-08,6504,159.00,3.02,105,20.46,4.26,106/3
2018-03-09,6504,160.00,3.00,105,20.59,4.29,106/3
2018-03-12,6504,159.00,3.02,105,20.46,4.26,106/3
2018-03-13,6504,159.00,3.02,105,20.46,4.26,106/3
2018-03-14,6504,159.00,3.02,105,20.46,4.26,106/3
2018-03-15,6504,159.00,3.02,105,20.46,4.26,106/3
2018-03-16,6504,161.50,2.97,105,20.79,4.33,106/3
2018-03-19,6504,159.00,3.02,105,20.46,4.26,106/3
2018-03-20,6504,158.50,3.03,105,20.40,4.25,106/3
2018-03-21,6504,157.50,2.86,106,21.11,3.98,106/4
2018-03-22,6504,158.00,2.85,106,21.18,3.99,106/4
2018-03-23,6504,158.50,2.84,106,21.25,4.00,106/4
2018-03-26,6504,158.50,2.84,106,21.25,4.00,106/4
2018-03-27,6504,159.00,2.83,106,21.31,4.02,106/4
2018-03-28,6504,157.50,2.86,106,21.11,3.98,106/4
2018-03-29,6504,159.50,2.82,106,21.38,4.03,106/4
2018-03-30,6504,159.50,2.82,106,21.38,4.03,106/4
2018-03-31,6504,159.00,2.83,106,21.31,4.02,106/4
2018-04-02,6504,160.00,2.81,106,21.45,4.04,106/4
2018-04-03,6504,160.00,2.81,106,21.45,4.04,106/4
2018-04-09,6504,160.00,2.81,106,21.45,4.04,106/4
2018-04-10,6504,160.00,2.81,106,21.45,4.04,106/4
2018-04-11,6504,160.00,2.81,106,21.45,4.04,106/4
2018-04-12,6504,160.00,2.81,106,21.45,4.04,106/4
2018-04-13,6504,158.50,2.84,106,21.25,4.00,106/4
2018-04-16,6504,158.00,2.85,106,21.18,3.99,106/4
2018-04-17,6504,159.00,2.83,106,21.31,4.02,106/4
2018-04-18,6504,158.00,2.85,106,21.18,3.99,106/4
2018-04-19,6504,158.00,2.85,106,21.18,3.99,106/4
2018-04-20,6504,158.50,2.84,106,21.25,4.00,106/4
2018-04-23,6504,157.00,2.87,106,21.05,3.97,106/4
2018-04-24,6504,159.50,2.82,106,21.38,4.03,106/4
2018-04-25,6504,158.00,2.85,106,21.18,3.99,106/4
2018-04-26,6504,157.00,2.87,106,21.05,3.97,106/4
2018-04-27,6504,158.50,2.84,106,21.25,4.00,106/4
2018-04-30,6504,158.50,2.84,106,21.25,4.00,106/4
2018-05-02,6504,159.00,2.83,106,21.31,4.02,106/4
2018-05-03,6504,159.50,2.82,106,21.38,4.03,106/4
2018-05-04,6504,158.50,2.84,106,21.25,4.00,106/4
2018-05-07,6504,160.50,2.80,106,21.51,4.06,106/4
2018-05-08,6504,160.00,2.81,106,21.45,4.04,106/4
2018-05-09,6504,160.00,2.81,106,21.45,4.04,106/4
2018-05-10,6504,159.50,2.82,106,21.38,4.03,106/4
2018-05-11,6504,159.00,2.83,106,22.75,3.81,107/1
2018-05-14,6504,159.50,2.82,106,22.82,3.82,107/1
2018-05-15,6504,159.50,2.82,106,22.82,3.82,107/1
2018-05-16,6504,160.50,2.80,106,22.96,3.85,107/1
2018-05-17,6504,159.00,2.83,106,22.75,3.81,107/1
2018-05-18,6504,159.00,2.83,106,22.75,3.81,107/1
2018-05-21,6504,160.00,2.81,106,22.89,3.83,107/1
2018-05-22,6504,160.00,2.81,106,22.89,3.83,107/1
2018-05-23,6504,161.50,2.79,106,23.10,3.87,107/1
2018-05-24,6504,163.00,2.76,106,23.32,3.91,107/1
2018-05-25,6504,160.00,2.81,106,22.89,3.83,107/1
2018-05-28,6504,161.00,2.80,106,23.03,3.86,107/1
2018-05-29,6504,161.00,2.80,106,23.03,3.86,107/1
2018-05-30,6504,159.50,2.82,106,22.82,3.82,107/1
2018-05-31,6504,161.00,2.80,106,23.03,3.86,107/1
2018-06-01,6504,161.00,2.80,106,23.03,3.86,107/1
2018-06-04,6504,161.50,2.79,106,23.10,3.87,107/1
2018-06-05,6504,161.50,2.79,106,23.10,3.87,107/1
2018-06-06,6504,165.00,2.73,106,23.61,3.95,107/1
2018-06-07,6504,166.00,2.71,106,23.75,3.98,107/1
2018-06-08,6504,166.00,2.71,106,23.75,3.98,107/1
2018-06-11,6504,171.00,2.63,106,24.46,4.10,107/1
2018-06-12,6504,171.00,2.63,106,24.46,4.10,107/1
2018-06-13,6504,174.50,2.58,106,24.96,4.18,107/1
2018-06-14,6504,180.00,2.50,106,25.75,4.31,107/1
2018-06-15,6504,180.00,2.50,106,25.75,4.31,107/1
2018-06-19,6504,178.00,2.53,106,25.46,4.27,107/1
2018-06-20,6504,176.00,2.56,106,25.18,4.22,107/1
2018-06-21,6504,176.00,2.56,106,25.18,4.22,107/1
2018-06-22,6504,174.00,2.59,106,24.89,4.17,107/1
2018-06-25,6504,171.00,2.63,106,24.46,4.10,107/1
2018-06-26,6504,170.00,2.65,106,24.32,4.07,107/1
2018-06-27,6504,169.00,2.66,106,24.18,4.05,107/1
2018-06-28,6504,169.00,2.66,106,24.18,4.05,107/1
2018-06-29,6504,173.00,2.60,106,24.75,4.15,107/1
2018-07-02,6504,170.00,2.65,106,24.32,4.07,107/1
2018-07-03,6504,170.00,2.65,106,24.32,4.07,107/1
2018-07-04,6504,169.00,2.66,106,24.18,4.05,107/1
2018-07-05,6504,168.50,2.67,106,24.11,4.04,107/1
2018-07-06,6504,168.00,2.68,106,24.03,4.03,107/1
2018-07-09,6504,170.00,2.65,106,24.32,4.07,107/1
2018-07-10,6504,169.00,2.66,106,24.18,4.05,107/1
2018-07-11,6504,168.50,2.67,106,24.11,4.04,107/1
2018-07-12,6504,168.00,2.68,106,24.03,4.03,107/1
2018-07-13,6504,166.50,2.70,106,23.82,3.99,107/1
2018-07-16,6504,166.50,2.70,106,23.82,3.99,107/1
2018-07-17,6504,165.00,2.73,106,23.61,3.95,107/1
2018-07-18,6504,167.50,2.69,106,23.96,4.01,107/1
2018-07-19,6504,172.50,2.61,106,24.68,4.13,107/1
2018-07-20,6504,169.50,2.65,106,24.25,4.06,107/1
2018-07-23,6504,170.00,2.65,106,24.32,4.07,107/1
2018-07-24,6504,169.50,2.65,106,24.25,4.06,107/1
2018-07-25,6504,170.00,2.65,106,24.32,4.07,107/1
2018-07-26,6504,169.50,2.65,106,24.25,4.06,107/1
2018-07-27,6504,171.00,2.63,106,24.46,4.10,107/1
2018-07-30,6504,169.50,2.65,106,24.25,4.06,107/1
2018-07-31,6504,169.00,2.66,106,24.18,4.05,107/1
2018-08-01,6504,171.00,2.63,106,24.46,4.10,107/1
2018-08-02,6504,168.50,2.67,106,24.11,4.04,107/1
2018-08-03,6504,170.00,2.65,106,24.32,4.07,107/1
2018-08-06,6504,170.00,2.65,106,24.32,4.07,107/1
2018-08-07,6504,171.00,2.63,106,24.46,4.10,107/1
2018-08-08,6504,171.00,2.63,106,24.46,4.10,107/1
2018-08-09,6504,168.50,2.67,106,24.11,4.04,107/1
2018-08-10,6504,168.00,2.68,106,24.03,4.03,107/1
2018-08-13,6504,168.00,2.68,106,21.48,4.30,107/2
2018-08-14,6504,166.50,2.70,106,21.29,4.26,107/2
2018-08-15,6504,166.50,2.70,106,21.29,4.26,107/2
2018-08-16,6504,167.00,2.69,106,21.36,4.27,107/2
2018-08-17,6504,167.00,2.69,106,21.36,4.27,107/2
2018-08-20,6504,167.00,2.69,106,21.36,4.27,107/2
2018-08-21,6504,167.00,2.69,106,21.36,4.27,107/2
2018-08-22,6504,167.00,2.69,106,21.36,4.27,107/2
2018-08-23,6504,166.50,2.70,106,21.29,4.26,107/2
2018-08-24,6504,166.00,2.71,106,21.23,4.24,107/2
2018-08-27,6504,166.50,2.70,106,21.29,4.26,107/2
2018-08-28,6504,165.50,2.72,106,21.16,4.23,107/2
2018-08-29,6504,166.00,2.71,106,21.23,4.24,107/2
2018-08-30,6504,165.00,2.73,106,21.10,4.22,107/2
2018-08-31,6504,165.50,2.72,106,21.16,4.23,107/2
2018-09-03,6504,167.00,2.69,106,21.36,4.27,107/2
2018-09-04,6504,165.00,2.73,106,21.10,4.22,107/2
2018-09-05,6504,167.00,2.69,106,21.36,4.27,107/2
2018-09-06,6504,164.00,2.74,106,20.97,4.19,107/2
2018-09-07,6504,163.50,2.75,106,20.91,4.18,107/2
2018-09-10,6504,164.00,2.74,106,20.97,4.19,107/2
2018-09-11,6504,162.00,2.78,106,20.72,4.14,107/2
2018-09-12,6504,161.00,2.80,106,20.59,4.12,107/2
2018-09-13,6504,164.50,2.74,106,21.04,4.21,107/2
2018-09-14,6504,165.00,2.73,106,21.10,4.22,107/2
2018-09-17,6504,165.00,2.73,106,21.10,4.22,107/2
2018-09-18,6504,165.50,2.72,106,21.16,4.23,107/2
2018-09-19,6504,163.50,2.75,106,20.91,4.18,107/2
2018-09-20,6504,164.50,2.74,106,21.04,4.21,107/2
2018-09-21,6504,162.50,2.77,106,20.78,4.15,107/2
2018-09-25,6504,161.50,2.79,106,20.65,4.13,107/2
2018-09-26,6504,160.50,2.80,106,20.52,4.10,107/2
2018-09-27,6504,158.00,2.85,106,20.20,4.04,107/2
2018-09-28,6504,157.50,2.86,106,20.14,4.03,107/2
2018-10-01,6504,156.00,2.88,106,19.95,3.99,107/2
2018-10-02,6504,158.50,2.84,106,20.27,4.05,107/2
2018-10-03,6504,157.50,2.86,106,20.14,4.03,107/2
2018-10-04,6504,157.50,2.86,106,20.14,4.03,107/2
2018-10-05,6504,156.00,2.88,106,19.95,3.99,107/2
2018-10-08,6504,154.50,2.91,106,19.76,3.95,107/2
2018-10-09,6504,153.00,2.94,106,19.57,3.91,107/2
2018-10-11,6504,153.00,2.94,106,19.57,3.91,107/2
2018-10-12,6504,151.50,2.97,106,19.37,3.87,107/2
2018-10-15,6504,151.00,2.98,106,19.31,3.86,107/2
2018-10-16,6504,152.00,2.96,106,19.44,3.89,107/2
2018-10-17,6504,152.50,2.95,106,19.50,3.90,107/2
2018-10-18,6504,152.50,2.95,106,19.50,3.90,107/2
2018-10-19,6504,153.50,2.93,106,19.63,3.92,107/2
2018-10-22,6504,152.50,2.95,106,19.50,3.90,107/2
2018-10-23,6504,152.00,2.96,106,19.44,3.89,107/2
2018-10-24,6504,155.50,2.89,106,19.88,3.98,107/2
2018-10-25,6504,156.00,2.88,106,19.95,3.99,107/2
2018-10-26,6504,156.50,2.88,106,20.01,4.00,107/2
2018-10-29,6504,158.00,2.85,106,20.20,4.04,107/2
2018-10-30,6504,156.50,2.88,106,20.01,4.00,107/2
2018-10-31,6504,157.00,2.87,106,20.08,4.01,107/2
2018-11-01,6504,158.50,2.84,106,20.27,4.05,107/2
2018-11-02,6504,160.00,2.81,106,20.46,4.09,107/2
2018-11-05,6504,160.50,2.80,106,20.52,4.10,107/2
2018-11-06,6504,157.00,2.87,106,20.08,4.01,107/2
2018-11-07,6504,160.00,2.81,106,20.46,4.09,107/2
2018-11-08,6504,160.50,2.80,106,20.52,4.10,107/2
2018-11-09,6504,159.50,2.82,106,20.40,4.08,107/2
2018-11-12,6504,158.00,2.85,106,20.20,4.04,107/2
2018-11-13,6504,158.50,2.84,106,20.27,4.05,107/2
2018-11-14,6504,159.50,2.82,106,19.03,4.00,107/3
2018-11-15,6504,160.00,2.81,106,19.09,4.01,107/3
2018-11-16,6504,161.50,2.79,106,19.27,4.05,107/3
2018-11-19,6504,165.00,2.73,106,19.69,4.14,107/3
2018-11-20,6504,166.00,2.71,106,19.81,4.16,107/3
2018-11-21,6504,165.50,2.72,106,19.75,4.15,107/3
2018-11-22,6504,166.00,2.71,106,19.81,4.16,107/3
2018-11-23,6504,166.00,2.71,106,19.81,4.16,107/3
2018-11-26,6504,167.00,2.69,106,19.93,4.19,107/3
2018-11-27,6504,168.50,2.67,106,20.11,4.22,107/3
2018-11-28,6504,168.50,2.67,106,20.11,4.22,107/3
2018-11-29,6504,169.50,2.65,106,20.23,4.25,107/3
2018-11-30,6504,168.50,2.67,106,20.11,4.22,107/3
2018-12-03,6504,172.00,2.62,106,20.53,4.31,107/3
2018-12-04,6504,169.00,2.66,106,20.17,4.24,107/3
2018-12-05,6504,169.00,2.66,106,20.17,4.24,107/3
2018-12-06,6504,169.50,2.65,106,20.23,4.25,107/3
2018-12-07,6504,170.00,2.65,106,20.29,4.26,107/3
2018-12-10,6504,170.00,2.65,106,20.29,4.26,107/3
2018-12-11,6504,170.50,2.64,106,20.35,4.27,107/3
2018-12-12,6504,174.00,2.59,106,20.76,4.36,107/3
2018-12-13,6504,173.50,2.59,106,20.70,4.35,107/3
2018-12-14,6504,172.00,2.62,106,20.53,4.31,107/3
2018-12-17,6504,172.00,2.62,106,20.53,4.31,107/3
2018-12-18,6504,168.00,2.68,106,20.05,4.21,107/3
2018-12-19,6504,167.00,2.69,106,19.93,4.19,107/3
2018-12-20,6504,165.00,2.73,106,19.69,4.14,107/3
2018-12-21,6504,164.00,2.74,106,19.57,4.11,107/3
2018-12-22,6504,165.50,2.72,106,19.75,4.15,107/3
2018-12-24,6504,164.00,2.74,106,19.57,4.11,107/3
2018-12-25,6504,164.00,2.74,106,19.57,4.11,107/3
2018-12-26,6504,161.00,2.80,106,19.21,4.04,107/3
2018-12-27,6504,155.50,2.89,106,18.56,3.90,107/3
2018-12-28,6504,156.00,2.88,106,18.62,3.91,107/3
2019-01-02,6504,157.50,2.86,106,18.79,3.95,107/3
2019-01-03,6504,158.00,2.85,106,18.85,3.96,107/3
2019-01-04,6504,159.00,2.83,106,18.97,3.99,107/3
2019-01-07,6504,159.50,2.82,106,19.03,4.00,107/3
2019-01-08,6504,160.50,2.80,106,19.15,4.02,107/3
2019-01-09,6504,161.50,2.79,106,19.27,4.05,107/3
2019-01-10,6504,159.00,2.83,106,18.97,3.99,107/3
2019-01-11,6504,160.50,2.80,106,19.15,4.02,107/3
2019-01-14,6504,160.00,2.81,106,19.09,4.01,107/3
2019-01-15,6504,160.00,2.81,106,19.09,4.01,107/3
2019-01-16,6504,158.00,2.85,106,18.85,3.96,107/3
2019-01-17,6504,159.00,2.83,106,18.97,3.99,107/3
2019-01-18,6504,160.00,2.81,106,19.09,4.01,107/3
2019-01-21,6504,159.50,2.82,106,19.03,4.00,107/3
2019-01-22,6504,159.50,2.82,106,19.03,4.00,107/3
2019-01-23,6504,159.00,2.83,106,18.97,3.99,107/3
2019-01-24,6504,158.00,2.85,106,18.85,3.96,107/3
2019-01-25,6504,157.50,2.86,106,18.79,3.95,107/3
2019-01-28,6504,159.00,2.83,106,18.97,3.99,107/3
2019-01-29,6504,158.50,2.84,106,18.91,3.97,107/3
2019-01-30,6504,158.00,2.85,106,18.85,3.96,107/3
2019-02-11,6504,158.50,2.84,106,18.91,3.97,107/3
2019-02-12,6504,157.50,2.86,106,18.79,3.95,107/3
2019-02-13,6504,157.00,2.87,106,18.74,3.94,107/3
2019-02-14,6504,158.00,2.85,106,18.85,3.96,107/3
2019-02-15,6504,159.00,2.83,106,18.97,3.99,107/3
2019-02-18,6504,158.50,2.84,106,18.91,3.97,107/3
2019-02-19,6504,159.50,2.82,106,19.03,4.00,107/3
2019-02-20,6504,159.00,2.83,106,18.97,3.99,107/3
2019-02-21,6504,158.00,2.85,106,18.85,3.96,107/3
2019-02-22,6504,159.00,2.83,106,18.97,3.99,107/3
2019-02-25,6504,161.50,2.79,106,19.27,4.05,107/3
2019-02-26,6504,162.50,2.77,106,19.39,4.07,107/3
2019-02-27,6504,165.50,2.72,106,19.75,4.15,107/3
2019-03-04,6504,167.00,2.69,106,19.93,4.19,107/3
2019-03-05,6504,166.00,2.71,106,19.81,4.16,107/3
2019-03-06,6504,166.00,2.71,106,19.81,4.16,107/3
2019-03-07,6504,164.50,2.74,106,19.63,4.12,107/3
2019-03-08,6504,166.00,2.71,106,19.81,4.16,107/3
2019-03-11,6504,165.50,2.72,106,19.75,4.15,107/3
2019-03-12,6504,164.50,3.04,107,19.63,4.12,107/3
2019-03-13,6504,166.00,3.01,107,19.81,4.16,107/3
2019-03-14,6504,167.50,2.99,107,19.99,4.20,107/3
2019-03-15,6504,168.00,2.98,107,20.05,4.21,107/3
2019-03-18,6504,170.00,2.94,107,20.29,4.26,107/3
2019-03-19,6504,170.00,2.94,107,20.29,4.26,107/3
2019-03-20,6504,169.50,2.95,107,20.23,4.25,107/3
2019-03-21,6504,167.50,2.99,107,19.99,4.20,107/3
2019-03-22,6504,167.50,2.99,107,19.99,4.20,107/3
2019-03-25,6504,165.00,3.03,107,19.69,4.14,107/3
2019-03-26,6504,165.50,3.02,107,20.28,3.92,107/4
2019-03-27,6504,165.00,3.03,107,20.22,3.91,107/4
2019-03-28,6504,165.50,3.02,107,20.28,3.92,107/4
2019-03-29,6504,165.50,3.02,107,20.28,3.92,107/4
2019-04-01,6504,166.50,3.00,107,20.40,3.94,107/4
2019-04-02,6504,165.50,3.02,107,20.28,3.92,107/4
2019-04-03,6504,164.00,3.05,107,20.10,3.88,107/4
2019-04-08,6504,163.50,3.06,107,20.04,3.87,107/4
2019-04-09,6504,167.50,2.99,107,20.53,3.97,107/4
2019-04-10,6504,166.00,3.01,107,20.34,3.93,107/4
2019-04-11,6504,165.00,3.03,107,20.22,3.91,107/4
2019-04-12,6504,165.00,3.03,107,20.22,3.91,107/4
2019-04-15,6504,164.50,3.04,107,20.16,3.90,107/4
2019-04-16,6504,162.50,3.08,107,19.91,3.85,107/4
2019-04-17,6504,165.00,3.03,107,20.22,3.91,107/4
2019-04-18,6504,165.00,3.03,107,20.22,3.91,107/4
2019-04-19,6504,164.00,3.05,107,20.10,3.88,107/4
2019-04-22,6504,162.50,3.08,107,19.91,3.85,107/4
2019-04-23,6504,162.50,3.08,107,19.91,3.85,107/4
2019-04-24,6504,161.00,3.11,107,19.73,3.81,107/4
2019-04-25,6504,160.00,3.13,107,19.61,3.79,107/4
2019-04-26,6504,158.50,3.15,107,19.42,3.75,107/4
2019-04-29,6504,161.00,3.11,107,19.73,3.81,107/4
2019-04-30,6504,165.00,3.03,107,20.22,3.91,107/4
2019-05-02,6504,165.50,3.02,107,20.28,3.92,107/4
2019-05-03,6504,164.50,3.04,107,20.16,3.90,107/4
2019-05-06,6504,161.00,3.11,107,19.73,3.81,107/4
2019-05-07,6504,162.00,3.09,107,19.85,3.84,107/4
2019-05-08,6504,167.00,2.99,107,20.47,3.95,107/4
2019-05-09,6504,163.00,3.07,107,19.98,3.86,107/4
2019-05-10,6504,163.50,3.06,107,20.04,3.87,107/4
2019-05-13,6504,163.00,3.07,107,19.98,3.86,107/4
2019-05-14,6504,165.00,3.03,107,19.69,3.67,108/1
2019-05-15,6504,164.50,3.04,107,19.63,3.66,108/1
2019-05-16,6504,159.00,3.14,107,18.97,3.54,108/1
2019-05-17,6504,160.00,3.13,107,19.09,3.56,108/1
2019-05-20,6504,162.50,3.08,107,19.39,3.62,108/1
2019-05-21,6504,164.00,3.05,107,19.57,3.65,108/1
2019-05-22,6504,164.00,3.05,107,19.57,3.65,108/1
2019-05-23,6504,163.50,3.06,107,19.51,3.64,108/1
2019-05-24,6504,163.50,3.06,107,19.51,3.64,108/1
2019-05-27,6504,164.00,3.05,107,19.57,3.65,108/1
2019-05-28,6504,162.00,3.09,107,19.33,3.61,108/1
2019-05-29,6504,163.50,3.06,107,19.51,3.64,108/1
2019-05-30,6504,164.00,3.05,107,19.57,3.65,108/1
2019-05-31,6504,164.00,3.05,107,19.57,3.65,108/1
2019-06-03,6504,165.50,3.02,107,19.75,3.68,108/1
2019-06-04,6504,165.00,3.03,107,19.69,3.67,108/1
2019-06-05,6504,163.00,3.07,107,19.45,3.63,108/1
2019-06-06,6504,159.50,3.13,107,19.03,3.55,108/1
2019-06-10,6504,162.50,3.08,107,19.39,3.62,108/1
2019-06-11,6504,161.50,3.10,107,19.27,3.59,108/1
2019-06-12,6504,162.00,3.09,107,19.33,3.61,108/1
2019-06-13,6504,163.50,3.06,107,19.51,3.64,108/1
2019-06-14,6504,164.50,3.04,107,19.63,3.66,108/1
2019-06-17,6504,165.00,3.03,107,19.69,3.67,108/1
2019-06-18,6504,164.50,3.04,107,19.63,3.66,108/1
2019-06-19,6504,165.00,3.03,107,19.69,3.67,108/1
2019-06-20,6504,164.00,3.05,107,19.57,3.65,108/1
2019-06-21,6504,163.50,3.06,107,19.51,3.64,108/1
2019-06-24,6504,164.50,3.04,107,19.63,3.66,108/1
2019-06-25,6504,164.50,3.04,107,19.63,3.66,108/1
2019-06-26,6504,163.50,3.06,107,19.51,3.64,108/1
2019-06-27,6504,164.00,3.05,107,19.57,3.65,108/1
2019-06-28,6504,163.50,3.06,107,19.51,3.64,108/1
2019-07-01,6504,163.50,3.06,107,19.51,3.64,108/1
2019-07-02,6504,164.00,3.05,107,19.57,3.65,108/1
2019-07-03,6504,162.00,3.09,107,19.33,3.61,108/1
2019-07-04,6504,160.00,3.13,107,19.09,3.56,108/1
2019-07-05,6504,159.00,3.14,107,18.97,3.54,108/1
2019-07-08,6504,158.00,3.16,107,18.85,3.52,108/1
2019-07-09,6504,158.00,3.16,107,18.85,3.52,108/1
2019-07-10,6504,158.00,3.16,107,18.85,3.52,108/1
2019-07-11,6504,158.50,3.15,107,18.91,3.53,108/1
2019-07-12,6504,158.00,3.16,107,18.85,3.52,108/1
2019-07-15,6504,160.00,3.13,107,19.09,3.56,108/1
2019-07-16,6504,158.50,3.15,107,18.91,3.53,108/1
2019-07-17,6504,158.00,3.16,107,18.85,3.52,108/1
2019-07-18,6504,158.50,3.15,107,18.91,3.53,108/1
2019-07-19,6504,158.00,3.16,107,18.85,3.52,108/1
2019-07-22,6504,157.50,3.17,107,18.79,3.51,108/1
2019-07-23,6504,157.50,3.17,107,18.79,3.51,108/1
2019-07-24,6504,154.00,3.25,107,18.38,3.43,108/1
2019-07-25,6504,153.50,3.26,107,18.32,3.42,108/1
2019-07-26,6504,152.00,3.29,107,18.14,3.38,108/1
2019-07-29,6504,154.00,3.25,107,18.38,3.43,108/1
2019-07-30,6504,149.50,3.34,107,17.84,3.33,108/1
2019-07-31,6504,150.00,3.33,107,17.90,3.34,108/1
2019-08-01,6504,150.00,3.33,107,17.90,3.34,108/1
2019-08-02,6504,148.50,3.37,107,17.72,3.31,108/1
2019-08-05,6504,148.00,3.38,107,17.66,3.29,108/1
2019-08-06,6504,147.50,3.39,107,17.60,3.28,108/1
2019-08-07,6504,145.00,3.45,107,17.30,3.23,108/1
2019-08-08,6504,144.00,3.47,107,17.18,3.20,108/1
2019-08-12,6504,143.00,3.50,107,17.06,3.18,108/1
2019-08-13,6504,140.50,3.56,107,16.77,3.13,108/1
2019-08-14,6504,140.50,3.56,107,19.38,3.45,108/2
2019-08-15,6504,142.00,3.52,107,19.59,3.49,108/2
2019-08-16,6504,145.00,3.45,107,20.00,3.56,108/2
2019-08-19,6504,143.00,3.50,107,19.72,3.52,108/2
2019-08-20,6504,144.00,3.47,107,19.86,3.54,108/2
2019-08-21,6504,145.00,3.45,107,20.00,3.56,108/2
2019-08-22,6504,144.00,3.47,107,19.86,3.54,108/2
2019-08-23,6504,144.50,3.46,107,19.93,3.55,108/2
2019-08-26,6504,145.00,3.45,107,20.00,3.56,108/2
2019-08-27,6504,146.00,3.42,107,20.14,3.59,108/2
2019-08-28,6504,147.50,3.39,107,20.34,3.63,108/2
2019-08-29,6504,148.50,3.37,107,20.48,3.65,108/2
2019-08-30,6504,149.00,3.36,107,20.55,3.66,108/2
2019-09-02,6504,146.00,3.42,107,20.14,3.59,108/2
2019-09-03,6504,149.00,3.36,107,20.55,3.66,108/2
2019-09-04,6504,147.50,3.39,107,20.34,3.63,108/2
2019-09-05,6504,147.00,3.40,107,20.28,3.61,108/2
2019-09-06,6504,148.50,3.37,107,20.48,3.65,108/2
2019-09-09,6504,144.50,3.46,107,19.93,3.55,108/2
2019-09-10,6504,145.50,3.44,107,20.07,3.58,108/2
2019-09-11,6504,145.50,3.44,107,20.07,3.58,108/2
2019-09-12,6504,145.50,3.44,107,20.07,3.58,108/2
2019-09-16,6504,145.00,3.45,107,20.00,3.56,108/2
2019-09-17,6504,144.50,3.46,107,19.93,3.55,108/2
2019-09-18,6504,145.00,3.45,107,20.00,3.56,108/2
2019-09-19,6504,145.00,3.45,107,20.00,3.56,108/2
2019-09-20,6504,143.50,3.48,107,19.79,3.53,108/2
2019-09-23,6504,142.50,3.51,107,19.66,3.50,108/2
2019-09-24,6504,142.00,3.52,107,19.59,3.49,108/2
2019-09-25,6504,140.00,3.57,107,19.31,3.44,108/2
2019-09-26,6504,140.50,3.56,107,19.38,3.45,108/2
2019-09-27,6504,141.00,3.55,107,19.45,3.47,108/2
2019-10-01,6504,141.50,3.53,107,19.52,3.48,108/2
2019-10-02,6504,140.00,3.57,107,19.31,3.44,108/2
2019-10-03,6504,140.00,3.57,107,19.31,3.44,108/2
2019-10-04,6504,139.00,3.60,107,19.17,3.42,108/2
2019-10-07,6504,138.50,3.61,107,19.10,3.40,108/2
2019-10-08,6504,138.50,3.61,107,19.10,3.40,108/2
2019-10-09,6504,138.00,3.62,107,19.03,3.39,108/2
2019-10-14,6504,138.00,3.62,107,19.03,3.39,108/2
2019-10-15,6504,134.50,3.72,107,18.55,3.31,108/2
2019-10-16,6504,135.00,3.70,107,18.62,3.32,108/2
2019-10-17,6504,134.50,3.72,107,18.55,3.31,108/2
2019-10-18,6504,134.50,3.72,107,18.55,3.31,108/2
2019-10-21,6504,136.50,3.66,107,18.83,3.36,108/2
2019-10-22,6504,136.50,3.66,107,18.83,3.36,108/2
2019-10-23,6504,136.00,3.68,107,18.76,3.34,108/2
2019-10-24,6504,136.50,3.66,107,18.83,3.36,108/2
2019-10-25,6504,135.50,3.69,107,18.69,3.33,108/2
2019-10-28,6504,135.50,3.69,107,18.69,3.33,108/2
2019-10-29,6504,135.00,3.70,107,18.62,3.32,108/2
2019-10-30,6504,136.50,3.66,107,18.83,3.36,108/2
2019-10-31,6504,138.00,3.62,107,19.03,3.39,108/2
2019-11-01,6504,135.00,3.70,107,18.62,3.32,108/2
2019-11-04,6504,136.00,3.68,107,18.76,3.34,108/2
2019-11-05,6504,135.00,3.70,107,18.62,3.32,108/2
2019-11-06,6504,135.00,3.70,107,18.62,3.32,108/2
2019-11-07,6504,134.50,3.72,107,18.55,3.31,108/2
2019-11-08,6504,135.00,3.70,107,18.62,3.32,108/2
2019-11-11,6504,130.50,3.83,107,18.00,3.21,108/2
2019-11-12,6504,129.00,3.88,107,18.32,3.13,108/3
2019-11-13,6504,134.00,3.73,107,19.03,3.25,108/3
2019-11-14,6504,131.50,3.80,107,18.68,3.19,108/3
2019-11-15,6504,130.50,3.83,107,18.54,3.16,108/3
2019-11-18,6504,131.00,3.82,107,18.61,3.17,108/3
2019-11-19,6504,130.50,3.83,107,18.54,3.16,108/3
2019-11-20,6504,130.50,3.83,107,18.54,3.16,108/3
2019-11-21,6504,131.00,3.82,107,18.61,3.17,108/3
2019-11-22,6504,132.00,3.79,107,18.75,3.20,108/3
2019-11-25,6504,131.00,3.82,107,18.61,3.17,108/3
2019-11-26,6504,132.00,3.79,107,18.75,3.20,108/3
2019-11-27,6504,132.00,3.79,107,18.75,3.20,108/3
2019-11-28,6504,132.00,3.79,107,18.75,3.20,108/3
2019-11-29,6504,130.50,3.83,107,18.54,3.16,108/3
2019-12-02,6504,130.50,3.83,107,18.54,3.16,108/3
2019-12-03,6504,131.00,3.82,107,18.61,3.17,108/3
2019-12-04,6504,131.00,3.82,107,18.61,3.17,108/3
2019-12-05,6504,133.50,3.75,107,18.96,3.23,108/3
2019-12-06,6504,134.50,3.72,107,19.11,3.26,108/3
2019-12-09,6504,134.50,3.72,107,19.11,3.26,108/3
2019-12-10,6504,135.00,3.70,107,19.18,3.27,108/3
2019-12-11,6504,134.00,3.73,107,19.03,3.25,108/3
2019-12-12,6504,133.00,3.76,107,18.89,3.22,108/3
2019-12-13,6504,133.00,3.76,107,18.89,3.22,108/3
2019-12-16,6504,133.00,3.76,107,18.89,3.22,108/3
2019-12-17,6504,134.50,3.72,107,19.11,3.26,108/3
2019-12-18,6504,135.00,3.70,107,19.18,3.27,108/3
2019-12-19,6504,135.00,3.70,107,19.18,3.27,108/3
2019-12-20,6504,134.50,3.72,107,19.11,3.26,108/3
2019-12-23,6504,133.50,3.75,107,18.96,3.23,108/3
2019-12-24,6504,134.50,3.72,107,19.11,3.26,108/3
2019-12-25,6504,135.50,3.69,107,19.25,3.28,108/3
2019-12-26,6504,135.50,3.69,107,19.25,3.28,108/3
2019-12-27,6504,135.50,3.69,107,19.25,3.28,108/3
2019-12-30,6504,135.50,3.69,107,19.25,3.28,108/3
2019-12-31,6504,137.50,3.64,107,19.53,3.33,108/3
2020-01-02,6504,138.00,3.62,107,19.60,3.34,108/3
2020-01-03,6504,138.00,3.62,107,19.60,3.34,108/3
2020-01-06,6504,139.50,3.58,107,19.82,3.38,108/3
2020-01-07,6504,137.00,3.65,107,19.46,3.32,108/3
2020-01-08,6504,135.50,3.69,107,19.25,3.28,108/3
2020-01-09,6504,133.50,3.75,107,18.96,3.23,108/3
2020-01-10,6504,134.50,3.72,107,19.11,3.26,108/3
2020-01-13,6504,134.00,3.73,107,19.03,3.25,108/3
2020-01-14,6504,133.00,3.76,107,18.89,3.22,108/3
2020-01-15,6504,132.50,3.77,107,18.82,3.21,108/3
2020-01-16,6504,133.00,3.76,107,18.89,3.22,108/3
2020-01-17,6504,133.50,3.75,107,18.96,3.23,108/3
2020-01-20,6504,146.50,3.41,107,20.81,3.55,108/3
2020-01-30,6504,161.00,3.11,107,22.87,3.90,108/3
2020-01-31,6504,177.00,2.82,107,25.14,4.29,108/3
2020-02-03,6504,194.50,2.57,107,27.63,4.71,108/3
2020-02-04,6504,180.50,2.77,107,25.64,4.37,108/3
2020-02-05,6504,162.50,3.08,107,23.08,3.94,108/3
2020-02-06,6504,151.50,3.30,107,21.52,3.67,108/3
2020-02-07,6504,166.50,3.00,107,23.65,4.03,108/3
2020-02-10,6504,162.50,3.08,107,23.08,3.94,108/3
2020-02-11,6504,161.00,3.11,107,22.87,3.90,108/3
2020-02-12,6504,161.00,3.11,107,22.87,3.90,108/3
2020-02-13,6504,161.50,3.10,107,22.94,3.91,108/3
2020-02-14,6504,159.00,3.14,107,22.59,3.85,108/3
2020-02-17,6504,161.00,3.11,107,22.87,3.90,108/3
2020-02-18,6504,164.00,3.05,107,23.30,3.97,108/3
2020-02-19,6504,162.00,3.09,107,23.01,3.93,108/3
2020-02-20,6504,164.00,3.05,107,23.30,3.97,108/3
2020-02-21,6504,167.50,2.99,107,23.79,4.06,108/3
2020-02-24,6504,173.50,2.88,107,24.64,4.20,108/3
2020-02-25,6504,165.00,3.03,107,23.44,4.00,108/3
2020-02-26,6504,162.50,3.08,107,23.08,3.94,108/3
2020-02-27,6504,167.00,2.99,107,23.72,4.05,108/3
2020-03-02,6504,164.00,3.05,107,23.30,3.97,108/3
2020-03-03,6504,164.00,3.05,107,23.30,3.97,108/3
2020-03-04,6504,163.00,3.07,107,23.15,3.95,108/3
2020-03-05,6504,161.50,3.10,107,22.94,3.91,108/3
2020-03-06,6504,167.50,2.99,107,23.79,4.06,108/3
2020-03-09,6504,160.00,3.13,107,22.73,3.88,108/3
2020-03-10,6504,152.50,3.28,107,21.66,3.70,108/3
2020-03-11,6504,148.50,3.37,107,21.09,3.60,108/3
2020-03-12,6504,142.50,3.51,107,20.24,3.45,108/3
2020-03-13,6504,132.00,3.79,107,18.21,3.09,108/4
2020-03-16,6504,145.00,3.45,107,20.00,3.39,108/4
2020-03-17,6504,141.50,3.53,107,19.52,3.31,108/4
2020-03-18,6504,138.00,3.62,107,19.03,3.23,108/4
2020-03-19,6504,124.50,4.02,107,17.17,2.91,108/4
2020-03-20,6504,127.50,3.92,107,17.59,2.98,108/4
2020-03-23,6504,130.00,3.85,107,17.93,3.04,108/4
2020-03-24,6504,130.00,3.85,107,17.93,3.04,108/4
2020-03-25,6504,134.50,3.35,108,18.55,3.14,108/4
2020-03-26,6504,138.00,3.26,108,19.03,3.23,108/4
2020-03-27,6504,135.50,3.32,108,18.69,3.17,108/4
2020-03-30,6504,138.00,3.26,108,19.03,3.23,108/4
2020-03-31,6504,139.50,3.23,108,19.24,3.26,108/4
2020-04-01,6504,139.00,3.24,108,19.17,3.25,108/4
2020-04-06,6504,152.50,2.95,108,21.03,3.56,108/4
2020-04-07,6504,149.50,3.01,108,20.62,3.49,108/4
2020-04-08,6504,152.50,2.95,108,21.03,3.56,108/4
2020-04-09,6504,152.50,2.95,108,21.03,3.56,108/4
2020-04-10,6504,153.00,2.94,108,21.10,3.58,108/4
2020-04-13,6504,163.00,2.76,108,22.48,3.81,108/4
2020-04-14,6504,161.00,2.80,108,22.21,3.76,108/4
2020-04-15,6504,165.00,2.73,108,22.76,3.86,108/4
2020-04-16,6504,168.00,2.68,108,23.17,3.93,108/4
2020-04-17,6504,173.50,2.59,108,23.93,4.06,108/4
2020-04-20,6504,190.50,2.36,108,26.28,4.45,108/4
2020-04-21,6504,183.00,2.46,108,25.24,4.28,108/4
2020-04-22,6504,195.00,2.31,108,26.90,4.56,108/4
2020-04-23,6504,207.00,2.17,108,28.55,4.84,108/4
2020-04-24,6504,218.00,2.06,108,30.07,5.10,108/4
2020-04-27,6504,218.00,2.06,108,30.07,5.10,108/4
2020-04-28,6504,224.00,2.01,108,30.90,5.24,108/4
2020-04-29,6504,227.50,1.98,108,31.38,5.32,108/4
2020-04-30,6504,216.50,2.08,108,29.86,5.06,108/4
2020-05-04,6504,220.00,2.05,108,30.34,5.14,108/4
2020-05-05,6504,229.00,1.97,108,31.59,5.35,108/4
2020-05-06,6504,242.50,1.86,108,33.45,5.67,108/4
2020-05-07,6504,249.50,1.80,108,34.41,5.83,108/4
2020-05-08,6504,235.00,1.91,108,32.41,5.49,108/4
2020-05-11,6504,231.00,1.95,108,30.28,5.20,109/1
2020-05-12,6504,230.00,1.96,108,30.14,5.18,109/1
2020-05-13,6504,247.50,1.82,108,32.44,5.57,109/1
2020-05-14,6504,235.50,1.91,108,30.87,5.30,109/1
2020-05-15,6504,232.50,1.94,108,30.47,5.24,109/1
2020-05-18,6504,246.50,1.83,108,32.31,5.55,109/1
2020-05-19,6504,232.00,1.94,108,30.41,5.23,109/1
2020-05-20,6504,237.50,1.89,108,31.13,5.35,109/1
2020-05-21,6504,241.50,1.86,108,31.65,5.44,109/1
2020-05-22,6504,241.50,1.86,108,31.65,5.44,109/1
2020-05-25,6504,236.00,1.91,108,30.93,5.32,109/1
2020-05-26,6504,224.50,2.00,108,29.42,5.06,109/1
2020-05-27,6504,227.00,1.98,108,29.75,5.11,109/1
2020-05-28,6504,222.00,2.03,108,29.10,5.00,109/1
2020-05-29,6504,244.00,1.84,108,31.98,5.50,109/1
2020-06-01,6504,245.00,1.84,108,32.11,5.52,109/1
2020-06-02,6504,255.50,1.76,108,33.49,5.75,109/1
2020-06-03,6504,281.00,1.60,108,36.83,6.33,109/1
2020-06-04,6504,281.00,1.60,108,36.83,6.33,109/1
2020-06-05,6504,277.00,1.62,108,36.30,6.24,109/1
2020-06-08,6504,277.50,1.62,108,36.37,6.25,109/1
2020-06-09,6504,273.00,1.65,108,35.78,6.15,109/1
2020-06-10,6504,270.00,1.67,108,35.39,6.08,109/1
2020-06-11,6504,264.00,1.70,108,34.60,5.95,109/1
2020-06-12,6504,277.00,1.62,108,36.30,6.24,109/1
2020-06-15,6504,269.50,1.67,108,35.32,6.07,109/1
2020-06-16,6504,274.00,1.64,108,35.91,6.17,109/1
2020-06-17,6504,274.00,1.64,108,35.91,6.17,109/1
2020-06-18,6504,275.00,1.64,108,36.04,6.19,109/1
2020-06-19,6504,274.00,1.64,108,35.91,6.17,109/1
2020-06-22,6504,264.00,1.70,108,34.60,5.95,109/1
2020-06-23,6504,269.00,1.67,108,35.26,6.06,109/1
2020-06-24,6504,258.00,1.74,108,33.81,5.81,109/1
2020-06-29,6504,279.00,1.61,108,36.57,6.28,109/1
2020-06-30,6504,263.00,1.71,108,34.47,5.92,109/1
2020-07-01,6504,259.00,1.74,108,33.94,5.83,109/1
2020-07-02,6504,258.00,1.74,108,33.81,5.81,109/1
2020-07-03,6504,257.00,1.75,108,33.68,5.79,109/1
2020-07-06,6504,259.50,1.73,108,34.01,5.84,109/1
2020-07-07,6504,258.00,1.74,108,33.81,5.81,109/1
2020-07-08,6504,262.00,1.72,108,34.34,5.90,109/1
2020-07-09,6504,257.00,1.75,108,33.68,5.79,109/1
2020-07-10,6504,258.00,1.74,108,33.81,5.81,109/1
2020-07-13,6504,259.50,1.73,108,34.01,5.84,109/1
2020-07-14,6504,260.50,1.73,108,34.14,5.87,109/1
2020-07-15,6504,255.00,1.76,108,33.42,5.74,109/1
2020-07-16,6504,258.00,1.74,108,33.81,5.81,109/1
2020-07-17,6504,245.00,1.84,108,32.11,5.52,109/1
2020-07-20,6504,250.00,1.80,108,32.77,5.63,109/1
2020-07-21,6504,250.50,1.80,108,32.83,5.64,109/1
2020-07-22,6504,253.00,1.78,108,33.16,5.70,109/1
2020-07-23,6504,248.50,1.81,108,32.57,5.60,109/1
2020-07-24,6504,254.00,1.77,108,33.29,5.72,109/1
2020-07-27,6504,249.50,1.80,108,32.70,5.62,109/1
2020-07-28,6504,249.50,1.80,108,32.70,5.62,109/1
2020-07-29,6504,251.00,1.79,108,32.90,5.65,109/1
2020-07-30,6504,258.50,1.74,108,33.88,5.82,109/1
2020-07-31,6504,264.00,1.70,108,34.60,5.95,109/1
2020-08-03,6504,280.00,1.61,108,36.70,6.31,109/1
2020-08-04,6504,282.00,1.60,108,36.96,6.35,109/1
2020-08-05,6504,290.00,1.55,108,38.01,6.53,109/1
2020-08-06,6504,315.00,1.43,108,41.28,7.09,109/1
2020-08-07,6504,315.00,1.43,108,41.28,7.09,109/1
2020-08-10,6504,307.00,1.47,108,40.24,6.91,109/1
2020-08-11,6504,289.00,1.56,108,24.12,6.46,109/2
2020-08-12,6504,286.00,1.57,108,23.87,6.39,109/2
2020-08-13,6504,278.50,1.62,108,23.25,6.22,109/2
2020-08-14,6504,277.50,1.62,108,23.16,6.20,109/2
2020-08-17,6504,283.00,1.59,108,23.62,6.32,109/2
2020-08-18,6504,280.50,1.60,108,23.41,6.27,109/2
2020-08-19,6504,277.00,1.62,108,23.12,6.19,109/2
2020-08-20,6504,271.50,1.66,108,22.66,6.06,109/2
2020-08-21,6504,276.50,1.63,108,23.08,6.18,109/2
2020-08-24,6504,262.00,1.72,108,21.87,5.85,109/2
2020-08-25,6504,252.50,1.78,108,21.08,5.64,109/2
2020-08-26,6504,256.50,1.75,108,21.41,5.73,109/2
2020-08-27,6504,258.00,1.74,108,21.54,5.76,109/2
2020-08-28,6504,266.50,1.69,108,22.25,5.95,109/2
2020-08-31,6504,270.00,1.67,108,22.54,6.03,109/2
2020-09-01,6504,264.50,1.70,108,22.08,5.91,109/2
2020-09-02,6504,265.50,1.69,108,22.16,5.93,109/2
2020-09-03,6504,262.50,1.71,108,21.91,5.86,109/2
2020-09-04,6504,260.00,1.73,108,21.70,5.81,109/2
2020-09-07,6504,256.50,1.75,108,21.41,5.73,109/2
2020-09-08,6504,255.50,1.76,108,21.33,5.71,109/2
2020-09-09,6504,251.00,1.79,108,20.95,5.61,109/2
2020-09-10,6504,252.50,1.78,108,21.08,5.64,109/2
2020-09-11,6504,249.00,1.81,108,20.78,5.56,109/2
2020-09-14,6504,250.50,1.80,108,20.91,5.60,109/2
2020-09-15,6504,246.00,1.83,108,20.53,5.49,109/2
2020-09-16,6504,247.00,1.82,108,20.62,5.52,109/2
2020-09-17,6504,248.00,1.81,108,20.70,5.54,109/2
2020-09-18,6504,254.50,1.77,108,21.24,5.68,109/2
2020-09-21,6504,251.50,1.79,108,20.99,5.62,109/2
2020-09-22,6504,249.00,1.81,108,20.78,5.56,109/2
2020-09-23,6504,246.00,1.83,108,20.53,5.49,109/2
2020-09-24,6504,242.00,1.86,108,20.20,5.41,109/2
2020-09-25,6504,238.50,1.89,108,19.91,5.33,109/2
2020-09-28,6504,229.00,1.97,108,19.12,5.12,109/2
2020-09-29,6504,242.50,1.86,108,20.24,5.42,109/2
2020-09-30,6504,234.50,1.92,108,19.57,5.24,109/2
2020-10-05,6504,257.50,1.75,108,21.49,5.75,109/2
2020-10-06,6504,253.00,1.78,108,21.12,5.65,109/2
2020-10-07,6504,250.00,1.80,108,20.87,5.58,109/2
2020-10-08,6504,248.00,1.81,108,20.70,5.54,109/2
2020-10-12,6504,241.50,1.86,108,20.16,5.39,109/2
2020-10-13,6504,237.50,1.89,108,19.82,5.30,109/2
2020-10-14,6504,237.50,1.89,108,19.82,5.30,109/2
2020-10-15,6504,233.50,1.93,108,19.49,5.22,109/2
2020-10-16,6504,235.50,1.91,108,19.66,5.26,109/2
2020-10-19,6504,230.00,1.96,108,19.20,5.14,109/2
2020-10-20,6504,232.00,1.94,108,19.37,5.18,109/2
2020-10-21,6504,234.50,1.92,108,19.57,5.24,109/2
2020-10-22,6504,237.00,1.90,108,19.78,5.29,109/2
2020-10-23,6504,234.50,1.92,108,19.57,5.24,109/2
2020-10-26,6504,232.00,1.94,108,19.37,5.18,109/2
2020-10-27,6504,232.00,1.94,108,19.37,5.18,109/2
2020-10-28,6504,229.50,1.96,108,19.16,5.13,109/2
2020-10-29,6504,234.00,1.92,108,19.53,5.23,109/2
2020-10-30,6504,232.00,1.94,108,19.37,5.18,109/2
2020-11-02,6504,227.50,1.98,108,18.99,5.08,109/2
2020-11-03,6504,227.50,1.98,108,18.99,5.08,109/2
2020-11-04,6504,223.00,2.02,108,18.61,4.98,109/2
2020-11-05,6504,225.50,2.00,108,18.82,5.04,109/2
2020-11-06,6504,223.50,2.01,108,18.66,4.99,109/2
2020-11-09,6504,226.50,1.99,108,18.91,5.06,109/2
2020-11-10,6504,208.00,2.16,108,12.74,3.99,109/3
2020-11-11,6504,205.00,2.20,108,12.55,3.93,109/3
2020-11-12,6504,204.00,2.21,108,12.49,3.92,109/3
2020-11-13,6504,202.00,2.23,108,12.37,3.88,109/3
2020-11-16,6504,204.00,2.21,108,12.49,3.92,109/3
2020-11-17,6504,206.00,2.18,108,12.61,3.95,109/3
2020-11-18,6504,203.50,2.21,108,12.46,3.91,109/3
2020-11-19,6504,203.00,2.22,108,12.43,3.90,109/3
2020-11-20,6504,199.50,2.26,108,12.22,3.83,109/3
2020-11-23,6504,201.50,2.23,108,12.34,3.87,109/3
2020-11-24,6504,196.50,2.29,108,12.03,3.77,109/3
2020-11-25,6504,194.50,2.31,108,11.91,3.73,109/3
2020-11-26,6504,190.00,2.37,108,11.64,3.65,109/3
2020-11-27,6504,193.50,2.33,108,11.85,3.71,109/3
2020-11-30,6504,193.00,2.33,108,11.82,3.70,109/3
2020-12-01,6504,194.50,2.31,108,11.91,3.73,109/3
2020-12-02,6504,194.00,2.32,108,11.88,3.72,109/3
2020-12-03,6504,192.00,2.34,108,11.76,3.69,109/3
2020-12-04,6504,188.00,2.39,108,11.51,3.61,109/3
2020-12-07,6504,181.00,2.49,108,11.08,3.47,109/3
2020-12-08,6504,188.50,2.39,108,11.54,3.62,109/3
2020-12-09,6504,183.50,2.45,108,11.24,3.52,109/3
2020-12-10,6504,184.50,2.44,108,11.30,3.54,109/3
2020-12-11,6504,182.00,2.47,108,11.15,3.49,109/3
2020-12-14,6504,181.00,2.49,108,11.08,3.47,109/3
2020-12-15,6504,180.00,2.50,108,11.02,3.45,109/3
2020-12-16,6504,181.50,2.48,108,11.11,3.48,109/3
2020-12-17,6504,178.00,2.53,108,10.90,3.42,109/3
2020-12-18,6504,179.00,2.51,108,10.96,3.44,109/3
2020-12-21,6504,182.50,2.47,108,11.18,3.50,109/3
2020-12-22,6504,200.50,2.24,108,12.28,3.85,109/3
2020-12-23,6504,186.50,2.41,108,11.42,3.58,109/3
2020-12-24,6504,189.00,2.38,108,11.57,3.63,109/3
2020-12-25,6504,186.50,2.41,108,11.42,3.58,109/3
2020-12-28,6504,186.00,2.42,108,11.39,3.57,109/3
2020-12-29,6504,183.00,2.46,108,11.21,3.51,109/3
2020-12-30,6504,184.50,2.44,108,11.30,3.54,109/3
2020-12-31,6504,186.00,2.42,108,11.39,3.57,109/3
2021-01-04,6504,184.00,2.45,108,11.27,3.53,109/3
2021-01-05,6504,184.00,2.45,108,11.27,3.53,109/3
2021-01-06,6504,180.50,2.49,108,11.05,3.46,109/3
2021-01-07,6504,178.50,2.52,108,10.93,3.43,109/3
2021-01-08,6504,177.00,2.54,108,10.84,3.40,109/3
2021-01-11,6504,171.50,2.62,108,10.50,3.29,109/3
2021-01-12,6504,182.00,2.47,108,11.15,3.49,109/3
2021-01-13,6504,175.50,2.56,108,10.75,3.37,109/3
2021-01-14,6504,174.50,2.58,108,10.69,3.35,109/3
2021-01-15,6504,173.00,2.60,108,10.59,3.32,109/3
2021-01-18,6504,174.50,2.58,108,10.69,3.35,109/3
2021-01-19,6504,178.00,2.53,108,10.90,3.42,109/3
2021-01-20,6504,186.00,2.42,108,11.39,3.57,109/3
2021-01-21,6504,180.50,2.49,108,11.05,3.46,109/3
2021-01-22,6504,179.50,2.51,108,10.99,3.45,109/3
2021-01-25,6504,182.50,2.47,108,11.18,3.50,109/3
2021-01-26,6504,183.00,2.46,108,11.21,3.51,109/3
2021-01-27,6504,181.00,2.49,108,11.08,3.47,109/3
2021-01-28,6504,177.00,2.54,108,10.84,3.40,109/3
2021-01-29,6504,174.50,2.58,108,10.69,3.35,109/3
2021-02-01,6504,174.50,2.58,108,10.69,3.35,109/3
2021-02-02,6504,174.00,2.59,108,10.66,3.34,109/3
2021-02-03,6504,173.00,2.60,108,10.59,3.32,109/3
2021-02-04,6504,173.00,2.60,108,10.59,3.32,109/3
2021-02-05,6504,172.00,2.62,108,10.53,3.30,109/3
2021-02-17,6504,167.50,2.69,108,10.26,3.21,109/3
2021-02-18,6504,169.50,2.65,108,10.38,3.25,109/3
2021-02-19,6504,169.00,2.66,108,10.35,3.24,109/3
2021-02-22,6504,170.50,2.64,108,10.44,3.27,109/3
2021-02-23,6504,169.00,2.66,108,10.35,3.24,109/3
2021-02-24,6504,169.50,2.65,108,10.38,3.25,109/3
2021-02-25,6504,171.50,2.62,108,10.50,3.29,109/3
2021-02-26,6504,170.50,2.64,108,10.44,3.27,109/3
2021-03-02,6504,169.00,2.66,108,10.35,3.24,109/3
2021-03-03,6504,169.00,2.66,108,10.35,3.24,109/3
2021-03-04,6504,169.00,2.66,108,10.35,3.24,109/3
2021-03-05,6504,170.50,2.64,108,10.44,3.27,109/3
2021-03-08,6504,172.50,2.61,108,10.56,3.31,109/3
2021-03-09,6504,172.00,2.62,108,10.53,3.30,109/3
2021-03-10,6504,174.00,2.59,108,10.66,3.34,109/3
2021-03-11,6504,179.50,2.51,108,8.97,3.05,109/4
2021-03-12,6504,184.00,2.45,108,9.19,3.13,109/4
2021-03-15,6504,183.00,2.46,108,9.14,3.11,109/4
2021-03-16,6504,182.00,2.47,108,9.09,3.10,109/4
2021-03-17,6504,181.00,2.49,108,9.04,3.08,109/4
2021-03-18,6504,181.00,2.49,108,9.04,3.08,109/4
2021-03-19,6504,180.50,2.49,108,9.02,3.07,109/4
2021-03-22,6504,180.00,2.50,108,8.99,3.06,109/4
2021-03-23,6504,178.50,2.52,108,8.92,3.04,109/4
2021-03-24,6504,178.00,2.53,108,8.89,3.03,109/4
2021-03-25,6504,179.00,6.70,109,8.94,3.04,109/4
2021-03-26,6504,179.50,6.69,109,8.97,3.05,109/4
2021-03-29,6504,180.50,6.65,109,9.02,3.07,109/4
2021-03-30,6504,180.00,6.67,109,8.99,3.06,109/4
2021-03-31,6504,180.00,6.67,109,8.99,3.06,109/4
2021-04-01,6504,179.50,6.69,109,8.97,3.05,109/4
2021-04-06,6504,178.00,6.74,109,8.89,3.03,109/4
2021-04-07,6504,180.00,6.67,109,8.99,3.06,109/4
2021-04-08,6504,179.50,6.69,109,8.97,3.05,109/4
2021-04-09,6504,176.50,6.80,109,8.82,3.00,109/4
2021-04-12,6504,173.50,6.92,109,8.67,2.95,109/4
2021-04-13,6504,174.00,6.90,109,8.69,2.96,109/4
2021-04-14,6504,171.50,7.00,109,8.57,2.92,109/4
2021-04-15,6504,174.00,6.90,109,8.69,2.96,109/4
2021-04-16,6504,172.50,6.96,109,8.62,2.93,109/4
2021-04-19,6504,172.50,6.96,109,8.62,2.93,109/4
2021-04-20,6504,173.00,6.94,109,8.64,2.94,109/4
2021-04-21,6504,173.00,6.94,109,8.64,2.94,109/4
2021-04-22,6504,171.00,7.02,109,8.54,2.91,109/4
2021-04-23,6504,170.50,7.04,109,8.52,2.90,109/4
2021-04-26,6504,172.00,6.98,109,8.59,2.93,109/4
2021-04-27,6504,172.00,6.98,109,8.59,2.93,109/4
2021-04-28,6504,171.00,7.02,109,8.54,2.91,109/4
2021-04-29,6504,170.00,7.06,109,8.49,2.89,109/4
2021-05-03,6504,171.00,7.02,109,8.54,2.91,109/4
2021-05-04,6504,168.50,7.12,109,8.42,2.87,109/4
2021-05-05,6504,167.00,7.19,109,8.34,2.84,109/4
2021-05-06,6504,165.50,7.25,109,8.27,2.82,109/4
2021-05-07,6504,166.50,7.21,109,8.32,2.83,109/4
2021-05-10,6504,164.00,7.32,109,8.36,2.72,110/1
2021-05-11,6504,170.00,7.06,109,8.66,2.82,110/1
2021-05-12,6504,187.00,6.42,109,9.53,3.11,110/1
2021-05-13,6504,203.50,5.90,109,10.37,3.38,110/1
2021-05-14,6504,183.50,6.54,109,9.35,3.05,110/1
2021-05-17,6504,201.50,5.96,109,10.27,3.35,110/1
2021-05-18,6504,182.00,6.59,109,9.28,3.02,110/1
2021-05-19,6504,170.00,7.06,109,8.66,2.82,110/1
2021-05-20,6504,165.50,7.25,109,8.44,2.75,110/1
2021-05-21,6504,168.00,7.14,109,8.56,2.79,110/1
2021-05-24,6504,166.50,7.21,109,8.49,2.76,110/1
2021-05-25,6504,164.00,7.32,109,8.36,2.72,110/1
2021-05-26,6504,165.50,7.25,109,8.44,2.75,110/1
2021-05-27,6504,165.50,7.25,109,8.44,2.75,110/1
2021-05-28,6504,164.50,7.29,109,8.38,2.73,110/1
2021-05-31,6504,164.50,7.29,109,8.38,2.73,110/1
2021-06-01,6504,165.00,7.27,109,8.41,2.74,110/1
2021-06-02,6504,165.50,7.25,109,8.44,2.75,110/1
2021-06-03,6504,165.50,7.25,109,8.44,2.75,110/1
2021-06-04,6504,165.50,7.25,109,8.44,2.75,110/1
2021-06-07,6504,163.50,7.34,109,8.33,2.72,110/1
2021-06-08,6504,163.00,7.36,109,8.31,2.71,110/1
2021-06-09,6504,162.50,7.38,109,8.28,2.70,110/1
2021-06-10,6504,161.00,7.45,109,8.21,2.67,110/1
2021-06-11,6504,159.00,7.55,109,8.10,2.64,110/1
2021-06-15,6504,152.50,7.87,109,7.77,2.53,110/1
2021-06-16,6504,154.50,7.77,109,7.87,2.57,110/1
2021-06-17,6504,152.50,7.87,109,7.77,2.53,110/1
2021-06-18,6504,151.50,7.92,109,7.72,2.52,110/1
2021-06-21,6504,147.00,8.16,109,7.49,2.44,110/1
2021-06-22,6504,146.00,8.22,109,7.44,2.42,110/1
2021-06-23,6504,143.00,8.39,109,7.29,2.37,110/1
2021-06-24,6504,145.50,8.25,109,7.42,2.42,110/1
2021-06-25,6504,144.00,8.33,109,7.34,2.39,110/1
2021-06-28,6504,148.00,8.11,109,7.54,2.46,110/1
2021-06-29,6504,146.00,8.22,109,7.44,2.42,110/1
2021-06-30,6504,145.00,8.28,109,7.39,2.41,110/1
2021-07-01,6504,143.50,8.36,109,7.31,2.38,110/1
2021-07-02,6504,144.00,8.33,109,7.34,2.39,110/1
2021-07-05,6504,143.50,8.36,109,7.31,2.38,110/1
2021-07-06,6504,143.50,8.36,109,7.31,2.38,110/1
2021-07-07,6504,144.00,8.33,109,7.34,2.39,110/1
2021-07-08,6504,144.00,8.33,109,7.34,2.39,110/1
2021-07-09,6504,141.50,8.48,109,7.21,2.35,110/1
2021-07-12,6504,140.00,8.57,109,7.14,2.32,110/1
2021-07-13,6504,140.00,8.57,109,7.14,2.32,110/1
2021-07-14,6504,138.00,8.70,109,7.03,2.29,110/1
2021-07-15,6504,141.50,8.48,109,7.21,2.35,110/1
2021-07-16,6504,142.00,8.45,109,7.24,2.36,110/1
2021-07-19,6504,142.00,8.45,109,7.24,2.36,110/1
2021-07-20,6504,140.00,8.57,109,7.14,2.32,110/1
2021-07-21,6504,138.00,8.70,109,7.03,2.29,110/1
2021-07-22,6504,138.00,8.70,109,7.03,2.29,110/1
2021-07-23,6504,137.50,8.73,109,7.01,2.28,110/1
2021-07-26,6504,138.00,8.70,109,7.03,2.29,110/1
2021-07-27,6504,137.00,8.76,109,6.98,2.27,110/1
2021-07-28,6504,134.50,8.92,109,6.86,2.23,110/1
2021-07-29,6504,133.50,8.99,109,6.80,2.22,110/1
2021-07-30,6504,132.50,9.06,109,6.75,2.20,110/1
2021-08-02,6504,135.50,8.86,109,6.91,2.25,110/1
2021-08-03,6504,134.50,8.92,109,6.86,2.23,110/1
2021-08-04,6504,132.50,9.06,109,6.75,2.20,110/1
2021-08-05,6504,135.50,8.86,109,6.91,2.25,110/1
2021-08-06,6504,135.50,8.86,109,6.91,2.25,110/1
2021-08-09,6504,133.50,8.99,109,6.80,2.22,110/1
2021-08-10,6504,133.50,8.99,109,6.80,2.22,110/1
2021-08-11,6504,133.00,9.02,109,9.26,2.76,110/2
2021-08-12,6504,132.50,9.06,109,9.23,2.75,110/2
2021-08-13,6504,131.50,9.13,109,9.16,2.73,110/2
2021-08-16,6504,126.50,9.49,109,8.81,2.63,110/2
2021-08-17,6504,120.50,9.96,109,8.39,2.50,110/2
2021-08-18,6504,119.50,10.04,109,8.32,2.48,110/2
2021-08-19,6504,114.00,10.53,109,7.94,2.37,110/2
2021-08-20,6504,115.00,10.43,109,8.01,2.39,110/2
2021-08-23,6504,114.50,10.48,109,7.97,2.38,110/2
2021-08-24,6504,116.00,10.34,109,8.08,2.41,110/2
2021-08-25,6504,119.00,10.08,109,8.29,2.47,110/2
2021-08-26,6504,118.00,10.17,109,8.22,2.45,110/2
2021-08-27,6504,124.00,9.68,109,8.64,2.57,110/2
2021-08-30,6504,130.00,9.23,109,9.05,2.70,110/2
2021-08-31,6504,128.50,9.34,109,8.95,2.67,110/2
2021-09-01,6504,130.00,9.23,109,9.05,2.70,110/2
2021-09-02,6504,131.50,9.13,109,9.16,2.73,110/2
2021-09-03,6504,131.00,9.16,109,9.12,2.72,110/2
2021-09-06,6504,132.00,9.09,109,9.19,2.74,110/2
2021-09-07,6504,137.50,8.73,109,9.58,2.85,110/2
2021-09-08,6504,133.50,8.99,109,9.30,2.77,110/2
2021-09-09,6504,131.00,9.16,109,9.12,2.72,110/2
2021-09-10,6504,133.00,9.02,109,9.26,2.76,110/2
2021-09-13,6504,135.50,8.86,109,9.44,2.81,110/2
2021-09-14,6504,136.00,8.82,109,9.47,2.82,110/2
2021-09-15,6504,136.50,8.79,109,9.51,2.83,110/2
2021-09-16,6504,118.50,10.13,109,8.25,2.46,110/2
2021-09-17,6504,114.00,10.53,109,7.94,2.37,110/2
2021-09-22,6504,111.50,10.76,109,7.76,2.31,110/2
2021-09-23,6504,111.50,10.76,109,7.76,2.31,110/2
2021-09-24,6504,111.00,10.81,109,7.73,2.30,110/2
2021-09-27,6504,112.00,10.71,109,7.80,2.32,110/2
2021-09-28,6504,111.00,10.81,109,7.73,2.30,110/2
2021-09-29,6504,107.50,11.16,109,7.49,2.23,110/2
2021-09-30,6504,109.00,11.01,109,7.59,2.26,110/2
2021-10-01,6504,104.50,11.48,109,7.28,2.17,110/2
2021-10-04,6504,99.80,12.02,109,6.95,2.07,110/2
2021-10-05,6504,101.50,11.82,109,7.07,2.11,110/2
2021-10-06,6504,103.00,11.65,109,7.17,2.14,110/2
2021-10-07,6504,103.50,11.59,109,7.21,2.15,110/2
2021-10-08,6504,103.50,11.59,109,7.21,2.15,110/2
2021-10-12,6504,107.50,11.16,109,7.49,2.23,110/2
2021-10-13,6504,112.00,10.71,109,7.80,2.32,110/2
2021-10-14,6504,115.50,10.39,109,8.04,2.40,110/2
2021-10-15,6504,114.00,10.53,109,7.94,2.37,110/2
2021-10-18,6504,115.50,10.39,109,8.04,2.40,110/2
2021-10-19,6504,116.50,10.30,109,8.11,2.42,110/2
2021-10-20,6504,116.00,10.34,109,8.08,2.41,110/2
2021-10-21,6504,121.50,9.88,109,8.46,2.52,110/2
2021-10-22,6504,121.00,9.92,109,8.43,2.51,110/2
2021-10-25,6504,122.50,9.80,109,8.53,2.54,110/2
2021-10-26,6504,123.50,9.72,109,8.60,2.56,110/2
2021-10-27,6504,123.00,9.76,109,8.57,2.55,110/2
2021-10-28,6504,122.50,9.80,109,8.53,2.54,110/2
2021-10-29,6504,123.00,9.76,109,8.57,2.55,110/2
2021-11-01,6504,125.50,9.56,109,8.74,2.60,110/2
2021-11-02,6504,126.00,9.52,109,8.77,2.61,110/2
2021-11-03,6504,123.50,9.72,109,8.60,2.56,110/2
2021-11-04,6504,127.00,9.45,109,8.84,2.64,110/2
2021-11-05,6504,124.50,9.64,109,8.67,2.58,110/2
2021-11-08,6504,121.00,9.92,109,8.43,2.51,110/2
2021-11-09,6504,123.50,9.72,109,8.60,2.56,110/2
2021-11-10,6504,120.50,9.96,109,14.97,2.49,110/3
2021-11-11,6504,118.00,10.17,109,14.66,2.44,110/3
2021-11-12,6504,117.00,10.26,109,14.53,2.42,110/3
2021-11-15,6504,114.50,10.48,109,14.22,2.37,110/3
2021-11-16,6504,116.50,10.30,109,14.47,2.41,110/3
2021-11-17,6504,115.00,10.43,109,14.29,2.38,110/3
2021-11-18,6504,114.00,10.53,109,14.16,2.36,110/3
2021-11-19,6504,114.00,10.53,109,14.16,2.36,110/3
2021-11-22,6504,113.50,10.57,109,14.10,2.35,110/3
2021-11-23,6504,114.50,10.48,109,14.22,2.37,110/3
2021-11-24,6504,117.00,10.26,109,14.53,2.42,110/3
2021-11-25,6504,118.50,10.13,109,14.72,2.45,110/3
2021-11-26,6504,118.00,10.17,109,14.66,2.44,110/3
2021-11-29,6504,125.00,9.60,109,15.53,2.59,110/3
2021-11-30,6504,118.00,10.17,109,14.66,2.44,110/3
2021-12-01,6504,118.00,10.17,109,14.66,2.44,110/3
2021-12-02,6504,118.50,10.13,109,14.72,2.45,110/3
2021-12-03,6504,119.00,10.08,109,14.78,2.46,110/3
2021-12-06,6504,115.50,10.39,109,14.35,2.39,110/3
2021-12-07,6504,114.50,10.48,109,14.22,2.37,110/3
2021-12-08,6504,114.00,10.53,109,14.16,2.36,110/3
2021-12-09,6504,114.50,10.48,109,14.22,2.37,110/3
2021-12-10,6504,115.00,10.43,109,14.29,2.38,110/3
2021-12-13,6504,114.00,10.53,109,14.16,2.36,110/3
2021-12-14,6504,113.50,10.57,109,14.10,2.35,110/3
2021-12-15,6504,113.50,10.57,109,14.10,2.35,110/3
2021-12-16,6504,113.00,10.62,109,14.04,2.34,110/3
2021-12-17,6504,111.50,10.76,109,13.85,2.31,110/3
2021-12-20,6504,112.50,10.67,109,13.98,2.33,110/3
2021-12-21,6504,113.50,10.57,109,14.10,2.35,110/3
2021-12-22,6504,113.50,10.57,109,14.10,2.35,110/3
2021-12-23,6504,113.50,10.57,109,14.10,2.35,110/3
2021-12-24,6504,113.00,10.62,109,14.04,2.34,110/3
2021-12-27,6504,113.50,10.57,109,14.10,2.35,110/3
2021-12-28,6504,113.50,10.57,109,14.10,2.35,110/3
2021-12-29,6504,113.50,10.57,109,14.10,2.35,110/3
2021-12-30,6504,113.00,10.62,109,14.04,2.34,110/3
2022-01-03,6504,114.00,10.53,109,14.16,2.36,110/3
2022-01-04,6504,117.00,10.26,109,14.53,2.42,110/3
2022-01-05,6504,115.50,10.39,109,14.35,2.39,110/3
2022-01-06,6504,116.00,10.34,109,14.41,2.40,110/3
2022-01-07,6504,120.00,10.00,109,14.91,2.48,110/3
2022-01-10,6504,120.00,10.00,109,14.91,2.48,110/3
2022-01-11,6504,114.50,10.48,109,14.22,2.37,110/3
2022-01-12,6504,115.50,10.39,109,14.35,2.39,110/3
2022-01-13,6504,117.50,10.21,109,14.60,2.43,110/3
2022-01-14,6504,115.00,10.43,109,14.29,2.38,110/3
2022-01-17,6504,115.50,10.39,109,14.35,2.39,110/3
2022-01-18,6504,116.00,10.34,109,14.41,2.40,110/3
2022-01-19,6504,115.50,10.39,109,14.35,2.39,110/3
2022-01-20,6504,115.50,10.39,109,14.35,2.39,110/3
2022-01-21,6504,115.00,10.43,109,14.29,2.38,110/3
2022-01-24,6504,116.00,10.34,109,14.41,2.40,110/3
2022-01-25,6504,113.00,10.62,109,14.04,2.34,110/3
2022-01-26,6504,112.50,10.67,109,13.98,2.33,110/3
2022-02-07,6504,115.00,10.43,109,14.29,2.38,110/3
2022-02-08,6504,115.50,10.39,109,14.35,2.39,110/3
2022-02-09,6504,116.00,10.34,109,14.41,2.40,110/3
2022-02-10,6504,116.50,10.30,109,14.47,2.41,110/3
2022-02-11,6504,116.00,10.34,109,14.41,2.40,110/3
2022-02-14,6504,114.50,10.48,109,14.22,2.37,110/3
2022-02-15,6504,115.00,10.43,109,14.29,2.38,110/3
2022-02-16,6504,114.00,10.53,109,14.16,2.36,110/3
2022-02-17,6504,114.00,10.53,109,14.16,2.36,110/3
2022-02-18,6504,115.00,10.43,109,14.29,2.38,110/3
2022-02-21,6504,114.50,10.48,109,14.22,2.37,110/3
2022-02-22,6504,114.00,10.53,109,14.16,2.36,110/3
2022-02-23,6504,115.00,10.43,109,14.29,2.38,110/3
2022-02-24,6504,114.00,10.53,109,14.16,2.36,110/3
2022-02-25,6504,114.50,10.48,109,14.22,2.37,110/3
2022-03-01,6504,113.50,10.57,109,14.10,2.35,110/3
2022-03-02,6504,113.50,10.57,109,14.10,2.35,110/3
2022-03-03,6504,113.00,10.62,109,14.04,2.34,110/3
2022-03-04,6504,112.50,10.67,109,13.98,2.33,110/3
2022-03-07,6504,109.50,10.96,109,13.60,2.27,110/3
2022-03-08,6504,106.50,11.27,109,13.23,2.20,110/3
2022-03-09,6504,106.50,11.27,109,13.23,2.20,110/3
2022-03-10,6504,106.50,11.27,109,13.23,2.20,110/3
2022-03-11,6504,105.50,11.37,109,13.11,2.18,110/3
2022-03-14,6504,105.50,11.37,109,13.11,2.18,110/3
2022-03-15,6504,104.00,11.54,109,12.92,2.15,110/3
2022-03-16,6504,100.50,11.94,109,62.04,2.09,110/4
2022-03-17,6504,99.70,12.04,109,61.54,2.07,110/4
2022-03-18,6504,98.80,12.15,109,60.99,2.06,110/4
2022-03-21,6504,98.40,12.20,109,60.74,2.05,110/4
2022-03-22,6504,99.90,12.01,109,61.67,2.08,110/4
2022-03-23,6504,99.20,12.10,109,61.23,2.06,110/4
2022-03-24,6504,98.30,12.21,109,60.68,2.05,110/4
2022-03-25,6504,98.60,12.17,109,60.86,2.05,110/4
2022-03-28,6504,100.50,11.94,109,62.04,2.09,110/4
2022-03-29,6504,99.70,1.20,110,61.54,2.07,110/4
2022-03-30,6504,100.00,1.20,110,61.73,2.08,110/4
2022-03-31,6504,99.40,1.21,110,61.36,2.07,110/4
2022-04-01,6504,98.70,1.22,110,60.93,2.05,110/4
2022-04-06,6504,98.70,1.22,110,60.93,2.05,110/4
2022-04-07,6504,97.00,1.24,110,59.88,2.02,110/4
2022-04-08,6504,97.10,1.24,110,59.94,2.02,110/4
2022-04-11,6504,94.60,1.27,110,58.40,1.97,110/4
2022-04-12,6504,93.10,1.29,110,57.47,1.94,110/4
2022-04-13,6504,94.00,1.28,110,58.02,1.96,110/4
2022-04-14,6504,94.70,1.27,110,58.46,1.97,110/4
2022-04-15,6504,94.50,1.27,110,58.33,1.97,110/4
2022-04-18,6504,93.40,1.28,110,57.65,1.94,110/4
2022-04-19,6504,93.90,1.28,110,57.96,1.95,110/4
2022-04-20,6504,94.00,1.28,110,58.02,1.96,110/4
2022-04-21,6504,95.00,1.26,110,58.64,1.98,110/4
2022-04-22,6504,98.00,1.22,110,60.49,2.04,110/4
2022-04-25,6504,97.50,1.23,110,60.19,2.03,110/4
2022-04-26,6504,96.10,1.25,110,59.32,2.00,110/4
2022-04-27,6504,93.90,1.28,110,57.96,1.95,110/4
2022-04-28,6504,94.30,1.27,110,58.21,1.96,110/4
2022-04-29,6504,94.30,1.27,110,58.21,1.96,110/4
2022-05-03,6504,92.60,1.30,110,57.16,1.93,110/4
2022-05-04,6504,92.60,1.30,110,57.16,1.93,110/4
2022-05-05,6504,92.90,1.29,110,57.35,1.93,110/4
2022-05-06,6504,91.50,1.31,110,56.48,1.90,110/4
2022-05-09,6504,90.80,1.32,110,56.05,1.89,110/4
2022-05-10,6504,89.00,1.35,110,54.94,1.85,110/4
2022-05-11,6504,88.00,1.36,110,54.32,1.83,110/4
2022-05-12,6504,84.50,1.42,110,384.09,1.70,111/1
2022-05-13,6504,84.50,1.42,110,384.09,1.70,111/1
2022-05-16,6504,84.10,1.43,110,382.27,1.69,111/1
2022-05-17,6504,83.70,1.43,110,380.45,1.69,111/1
2022-05-18,6504,83.90,1.43,110,381.36,1.69,111/1
2022-05-19,6504,81.10,1.48,110,368.64,1.63,111/1
2022-05-20,6504,82.90,1.45,110,376.82,1.67,111/1
2022-05-23,6504,83.00,1.45,110,377.27,1.67,111/1
2022-05-24,6504,82.50,1.45,110,375.00,1.66,111/1
2022-05-25,6504,82.50,1.45,110,375.00,1.66,111/1
2022-05-26,6504,82.50,1.45,110,375.00,1.66,111/1
2022-05-27,6504,82.60,1.45,110,375.45,1.66,111/1
2022-05-30,6504,82.90,1.45,110,376.82,1.67,111/1
2022-05-31,6504,82.80,1.45,110,376.36,1.67,111/1
2022-06-01,6504,82.70,1.45,110,375.91,1.67,111/1
2022-06-02,6504,82.60,1.45,110,375.45,1.66,111/1
2022-06-06,6504,83.20,1.44,110,378.18,1.68,111/1
2022-06-07,6504,82.90,1.45,110,376.82,1.67,111/1
2022-06-08,6504,84.40,1.42,110,383.64,1.70,111/1
2022-06-09,6504,87.00,1.38,110,395.45,1.75,111/1
2022-06-10,6504,87.70,1.37,110,398.64,1.77,111/1
2022-06-13,6504,86.20,1.39,110,391.82,1.74,111/1
2022-06-14,6504,85.20,1.41,110,387.27,1.72,111/1
2022-06-15,6504,86.20,1.39,110,391.82,1.74,111/1
2022-06-16,6504,86.70,1.38,110,394.09,1.75,111/1
2022-06-17,6504,86.30,1.39,110,392.27,1.74,111/1
2022-06-20,6504,85.00,1.41,110,386.36,1.71,111/1
2022-06-21,6504,87.00,1.38,110,395.45,1.75,111/1
2022-06-22,6504,86.30,1.39,110,392.27,1.74,111/1
2022-06-23,6504,87.00,1.38,110,395.45,1.75,111/1
2022-06-24,6504,87.90,1.37,110,399.55,1.77,111/1
2022-06-27,6504,88.40,1.36,110,401.82,1.78,111/1
2022-06-28,6504,87.40,1.37,110,397.27,1.76,111/1
2022-06-29,6504,87.60,1.37,110,398.18,1.76,111/1
2022-06-30,6504,85.90,1.40,110,390.45,1.73,111/1
2022-07-01,6504,80.20,1.50,110,364.55,1.62,111/1
2022-07-04,6504,81.70,1.47,110,371.36,1.65,111/1
2022-07-05,6504,82.30,1.46,110,374.09,1.66,111/1
2022-07-06,6504,81.00,1.48,110,368.18,1.63,111/1
2022-07-07,6504,82.20,1.46,110,373.64,1.66,111/1
2022-07-08,6504,82.20,1.46,110,373.64,1.66,111/1
2022-07-11,6504,81.30,1.48,110,369.55,1.64,111/1
2022-07-12,6504,80.90,1.48,110,367.73,1.63,111/1
2022-07-13,6504,82.10,1.46,110,373.18,1.65,111/1
2022-07-14,6504,82.40,1.46,110,374.55,1.66,111/1
2022-07-15,6504,81.90,1.47,110,372.27,1.65,111/1
2022-07-18,6504,81.20,1.48,110,369.09,1.64,111/1
2022-07-19,6504,81.70,1.47,110,371.36,1.65,111/1
2022-07-20,6504,81.50,1.47,110,370.45,1.64,111/1
2022-07-21,6504,81.60,1.47,110,370.91,1.64,111/1
2022-07-22,6504,81.40,1.47,110,370.00,1.64,111/1
2022-07-25,6504,81.40,1.47,110,370.00,1.64,111/1
2022-07-26,6504,81.70,1.47,110,371.36,1.65,111/1
2022-07-27,6504,81.90,1.47,110,372.27,1.65,111/1
2022-07-28,6504,81.10,1.48,110,368.64,1.63,111/1
2022-07-29,6504,81.30,1.48,110,369.55,1.64,111/1
2022-08-01,6504,81.50,1.47,110,370.45,1.64,111/1
2022-08-02,6504,80.90,1.48,110,367.73,1.63,111/1
2022-08-03,6504,81.60,1.47,110,370.91,1.64,111/1
2022-08-04,6504,81.40,1.47,110,370.00,1.64,111/1
2022-08-05,6504,81.70,1.47,110,371.36,1.65,111/1
2022-08-08,6504,81.40,1.47,110,370.00,1.64,111/1
2022-08-09,6504,81.60,1.47,110,370.91,1.64,111/1
2022-08-10,6504,81.60,1.47,110,226.67,1.69,111/2
2022-08-11,6504,81.40,1.47,110,226.11,1.68,111/2
2022-08-12,6504,81.60,1.47,110,226.67,1.69,111/2
2022-08-15,6504,81.50,1.47,110,226.39,1.68,111/2
2022-08-16,6504,81.80,1.47,110,227.22,1.69,111/2
2022-08-17,6504,83.00,1.45,110,230.56,1.71,111/2
2022-08-18,6504,83.00,1.45,110,230.56,1.71,111/2
2022-08-19,6504,82.70,1.45,110,229.72,1.71,111/2
2022-08-22,6504,84.90,1.41,110,235.83,1.75,111/2
2022-08-23,6504,84.30,1.42,110,234.17,1.74,111/2
2022-08-24,6504,84.30,1.42,110,234.17,1.74,111/2
2022-08-25,6504,84.70,1.42,110,235.28,1.75,111/2
2022-08-26,6504,85.00,1.41,110,236.11,1.76,111/2
2022-08-29,6504,84.80,1.42,110,235.56,1.75,111/2
2022-08-30,6504,84.80,1.42,110,235.56,1.75,111/2
2022-08-31,6504,85.80,1.40,110,238.33,1.77,111/2
2022-09-01,6504,85.10,1.41,110,236.39,1.76,111/2
2022-09-02,6504,85.00,1.41,110,236.11,1.76,111/2
2022-09-05,6504,85.10,1.41,110,236.39,1.76,111/2
2022-09-06,6504,84.40,1.42,110,234.44,1.74,111/2
2022-09-07,6504,83.80,1.43,110,232.78,1.73,111/2
2022-09-08,6504,83.20,1.44,110,231.11,1.72,111/2
2022-09-12,6504,83.00,1.45,110,230.56,1.71,111/2
2022-09-13,6504,82.50,1.45,110,229.17,1.70,111/2
2022-09-14,6504,82.80,1.45,110,230.00,1.71,111/2
2022-09-15,6504,82.30,1.46,110,228.61,1.70,111/2
2022-09-16,6504,81.80,1.47,110,227.22,1.69,111/2
2022-09-19,6504,82.00,1.46,110,227.78,1.69,111/2
2022-09-20,6504,82.00,1.46,110,227.78,1.69,111/2
2022-09-21,6504,79.80,1.50,110,221.67,1.65,111/2
2022-09-22,6504,79.10,1.52,110,219.72,1.63,111/2
2022-09-23,6504,77.10,1.56,110,214.17,1.59,111/2
2022-09-26,6504,72.70,1.65,110,201.94,1.50,111/2
2022-09-27,6504,72.30,1.66,110,200.83,1.49,111/2
2022-09-28,6504,70.30,1.71,110,195.28,1.45,111/2
2022-09-29,6504,69.50,1.73,110,193.06,1.44,111/2
2022-09-30,6504,68.80,1.74,110,191.11,1.42,111/2
2022-10-03,6504,70.10,1.71,110,194.72,1.45,111/2
2022-10-04,6504,70.20,1.71,110,195.00,1.45,111/2
2022-10-05,6504,70.20,1.71,110,195.00,1.45,111/2
2022-10-06,6504,71.50,1.68,110,198.61,1.48,111/2
2022-10-07,6504,71.30,1.68,110,198.06,1.47,111/2
2022-10-11,6504,70.30,1.71,110,195.28,1.45,111/2
2022-10-12,6504,70.60,1.70,110,196.11,1.46,111/2
2022-10-13,6504,70.40,1.70,110,195.56,1.45,111/2
2022-10-14,6504,72.00,1.67,110,200.00,1.49,111/2
2022-10-17,6504,73.40,1.63,110,203.89,1.52,111/2
2022-10-18,6504,73.30,1.64,110,203.61,1.51,111/2
2022-10-19,6504,73.00,1.64,110,202.78,1.51,111/2
2022-10-20,6504,67.40,1.78,110,187.22,1.39,111/2
2022-10-21,6504,68.70,1.75,110,190.83,1.42,111/2
2022-10-24,6504,70.70,1.70,110,196.39,1.46,111/2
2022-10-25,6504,71.10,1.69,110,197.50,1.47,111/2
2022-10-26,6504,70.90,1.69,110,196.94,1.46,111/2
2022-10-27,6504,70.80,1.69,110,196.67,1.46,111/2
2022-10-28,6504,70.00,1.71,110,194.44,1.45,111/2
2022-10-31,6504,70.00,1.71,110,194.44,1.45,111/2
2022-11-01,6504,70.30,1.71,110,195.28,1.45,111/2
2022-11-02,6504,70.90,1.69,110,196.94,1.46,111/2
2022-11-03,6504,69.80,1.72,110,193.89,1.44,111/2
2022-11-04,6504,69.80,1.72,110,193.89,1.44,111/2
2022-11-07,6504,69.90,1.72,110,194.17,1.44,111/2
2022-11-08,6504,70.10,1.71,110,118.81,1.42,111/3
2022-11-09,6504,71.80,1.67,110,121.69,1.45,111/3
2022-11-10,6504,70.40,1.70,110,119.32,1.43,111/3
2022-11-11,6504,70.80,1.69,110,120.00,1.43,111/3
2022-11-14,6504,70.80,1.69,110,120.00,1.43,111/3
2022-11-15,6504,70.30,1.71,110,119.15,1.42,111/3
2022-11-16,6504,70.50,1.70,110,119.49,1.43,111/3
2022-11-17,6504,70.90,1.69,110,120.17,1.44,111/3
2022-11-18,6504,70.90,1.69,110,120.17,1.44,111/3
2022-11-21,6504,71.20,1.69,110,120.68,1.44,111/3
2022-11-22,6504,71.50,1.68,110,121.19,1.45,111/3
2022-11-23,6504,71.50,1.68,110,121.19,1.45,111/3
2022-11-24,6504,72.90,1.65,110,123.56,1.48,111/3
2022-11-25,6504,73.30,1.64,110,124.24,1.48,111/3
2022-11-28,6504,72.80,1.65,110,123.39,1.47,111/3
2022-11-29,6504,72.90,1.65,110,123.56,1.48,111/3
2022-11-30,6504,72.90,1.65,110,123.56,1.48,111/3
2022-12-01,6504,72.90,1.65,110,123.56,1.48,111/3
2022-12-02,6504,72.80,1.65,110,123.39,1.47,111/3
2022-12-05,6504,73.10,1.64,110,123.90,1.48,111/3
2022-12-06,6504,73.40,1.63,110,124.41,1.49,111/3
2022-12-07,6504,73.40,1.63,110,124.41,1.49,111/3
2022-12-08,6504,72.80,1.65,110,123.39,1.47,111/3
2022-12-09,6504,72.60,1.65,110,123.05,1.47,111/3
2022-12-12,6504,72.10,1.66,110,122.20,1.46,111/3
2022-12-13,6504,72.30,1.66,110,122.54,1.46,111/3
2022-12-14,6504,72.40,1.66,110,122.71,1.47,111/3
2022-12-15,6504,72.10,1.66,110,122.20,1.46,111/3
2022-12-16,6504,71.40,1.68,110,121.02,1.45,111/3
2022-12-19,6504,78.50,1.53,110,133.05,1.59,111/3
2022-12-20,6504,77.00,1.56,110,130.51,1.56,111/3
2022-12-21,6504,73.60,1.63,110,124.75,1.49,111/3
2022-12-22,6504,73.30,1.64,110,124.24,1.48,111/3
2022-12-23,6504,73.20,1.64,110,124.07,1.48,111/3
2022-12-26,6504,74.00,1.62,110,125.42,1.50,111/3
2022-12-27,6504,73.80,1.63,110,125.08,1.49,111/3
2022-12-28,6504,73.20,1.64,110,124.07,1.48,111/3
2022-12-29,6504,73.60,1.63,110,124.75,1.49,111/3
2022-12-30,6504,73.20,1.64,110,124.07,1.48,111/3
2023-01-03,6504,72.20,1.66,110,122.37,1.46,111/3
2023-01-04,6504,72.70,1.65,110,123.22,1.47,111/3
2023-01-05,6504,72.50,1.66,110,122.88,1.47,111/3
2023-01-06,6504,73.40,1.63,110,124.41,1.49,111/3
2023-01-09,6504,73.30,1.64,110,124.24,1.48,111/3
2023-01-10,6504,73.30,1.64,110,124.24,1.48,111/3
2023-01-11,6504,73.40,1.63,110,124.41,1.49,111/3
2023-01-12,6504,72.30,1.66,110,122.54,1.46,111/3
2023-01-13,6504,72.40,1.66,110,122.71,1.47,111/3
2023-01-16,6504,71.50,1.68,110,121.19,1.45,111/3
2023-01-17,6504,71.70,1.67,110,121.53,1.45,111/3
2023-01-30,6504,71.90,1.67,110,121.86,1.46,111/3
2023-01-31,6504,72.00,1.67,110,122.03,1.46,111/3
2023-02-01,6504,72.00,1.67,110,122.03,1.46,111/3
2023-02-02,6504,71.90,1.67,110,121.86,1.46,111/3
2023-02-03,6504,71.80,1.67,110,121.69,1.45,111/3
2023-02-06,6504,71.30,1.68,110,120.85,1.44,111/3
2023-02-07,6504,72.30,1.66,110,122.54,1.46,111/3
2023-02-08,6504,72.20,1.66,110,122.37,1.46,111/3
2023-02-09,6504,72.20,1.66,110,122.37,1.46,111/3
2023-02-10,6504,71.80,1.67,110,121.69,1.45,111/3
2023-02-13,6504,71.40,1.68,110,121.02,1.45,111/3
2023-02-14,6504,71.80,1.67,110,121.69,1.45,111/3
2023-02-15,6504,71.80,1.67,110,121.69,1.45,111/3
2023-02-16,6504,71.80,1.67,110,121.69,1.45,111/3
2023-02-17,6504,71.70,1.67,110,121.53,1.45,111/3
2023-02-20,6504,72.00,1.67,110,122.03,1.46,111/3
2023-02-21,6504,72.90,1.65,110,123.56,1.48,111/3
2023-02-22,6504,72.50,1.66,110,122.88,1.47,111/3
2023-02-23,6504,72.90,1.65,110,123.56,1.48,111/3
2023-02-24,6504,73.20,1.64,110,124.07,1.48,111/3
2023-03-01,6504,73.50,1.63,110,124.58,1.49,111/3
2023-03-02,6504,75.00,1.60,110,127.12,1.52,111/3
2023-03-03,6504,75.00,1.60,110,127.12,1.52,111/3
2023-03-06,6504,76.90,1.56,110,130.34,1.56,111/3
2023-03-07,6504,77.70,1.54,110,131.69,1.57,111/3
2023-03-08,6504,79.70,1.51,110,135.08,1.61,111/3
2023-03-09,6504,81.00,1.48,110,137.29,1.64,111/3
2023-03-10,6504,78.30,1.53,110,132.71,1.59,111/3
2023-03-13,6504,78.30,1.53,110,132.71,1.59,111/3
2023-03-14,6504,78.60,1.53,110,133.22,1.59,111/3
2023-03-15,6504,78.40,1.53,110,132.88,1.59,111/3
2023-03-16,6504,77.90,1.54,110,97.38,1.62,111/4
2023-03-17,6504,78.00,1.54,110,97.50,1.62,111/4
2023-03-20,6504,78.20,1.53,110,97.75,1.62,111/4
2023-03-21,6504,77.40,1.55,110,96.75,1.60,111/4
2023-03-22,6504,78.50,1.27,111,98.13,1.63,111/4
2023-03-23,6504,77.70,1.29,111,97.13,1.61,111/4
2023-03-24,6504,77.70,1.29,111,97.13,1.61,111/4
2023-03-27,6504,77.70,1.29,111,97.13,1.61,111/4
2023-03-28,6504,77.60,1.29,111,97.00,1.61,111/4
2023-03-29,6504,77.70,1.29,111,97.13,1.61,111/4
2023-03-30,6504,78.60,1.27,111,98.25,1.63,111/4
2023-03-31,6504,79.30,1.26,111,99.13,1.64,111/4
2023-04-06,6504,79.60,1.26,111,99.50,1.65,111/4
2023-04-07,6504,80.50,1.24,111,100.63,1.67,111/4
2023-04-10,6504,81.50,1.23,111,101.88,1.69,111/4
2023-04-11,6504,81.60,1.23,111,102.00,1.69,111/4
2023-04-12,6504,81.70,1.22,111,102.13,1.69,111/4
2023-04-13,6504,81.40,1.23,111,101.75,1.69,111/4
2023-04-14,6504,81.60,1.23,111,102.00,1.69,111/4
2023-04-17,6504,81.50,1.23,111,101.88,1.69,111/4
2023-04-18,6504,81.60,1.23,111,102.00,1.69,111/4
2023-04-19,6504,81.30,1.23,111,101.63,1.69,111/4
2023-04-20,6504,81.10,1.23,111,101.38,1.68,111/4
2023-04-21,6504,80.10,1.25,111,100.13,1.66,111/4
2023-04-24,6504,81.20,1.23,111,101.50,1.68,111/4
2023-04-25,6504,80.40,1.24,111,100.50,1.67,111/4
2023-04-26,6504,80.00,1.25,111,100.00,1.66,111/4
2023-04-27,6504,80.80,1.24,111,101.00,1.68,111/4
2023-04-28,6504,80.80,1.24,111,101.00,1.68,111/4
2023-05-02,6504,80.80,1.24,111,101.00,1.68,111/4
2023-05-03,6504,80.80,1.24,111,101.00,1.68,111/4
2023-05-04,6504,81.40,1.23,111,101.75,1.69,111/4
2023-05-05,6504,82.20,1.22,111,102.75,1.70,111/4
2023-05-08,6504,84.00,1.19,111,105.00,1.74,111/4
2023-05-09,6504,85.50,1.17,111,109.62,1.76,112/1
2023-05-10,6504,84.50,1.18,111,108.33,1.74,112/1
2023-05-11,6504,84.00,1.19,111,107.69,1.73,112/1
2023-05-12,6504,82.60,1.21,111,105.90,1.70,112/1
2023-05-15,6504,81.00,1.23,111,103.85,1.67,112/1
2023-05-16,6504,81.10,1.23,111,103.97,1.67,112/1
2023-05-17,6504,84.10,1.19,111,107.82,1.73,112/1
2023-05-18,6504,85.00,1.18,111,108.97,1.75,112/1
2023-05-19,6504,84.70,1.18,111,108.59,1.74,112/1
2023-05-22,6504,83.90,1.19,111,107.56,1.73,112/1
2023-05-23,6504,84.00,1.19,111,107.69,1.73,112/1
2023-05-24,6504,84.80,1.18,111,108.72,1.75,112/1
2023-05-25,6504,84.00,1.19,111,107.69,1.73,112/1
2023-05-26,6504,83.90,1.19,111,107.56,1.73,112/1
2023-05-29,6504,84.20,1.19,111,107.95,1.73,112/1
2023-05-30,6504,83.20,1.20,111,106.67,1.71,112/1
2023-05-31,6504,83.90,1.19,111,107.56,1.73,112/1
2023-06-01,6504,84.00,1.19,111,107.69,1.73,112/1
2023-06-02,6504,84.00,1.19,111,107.69,1.73,112/1
2023-06-05,6504,83.30,1.20,111,106.79,1.72,112/1
2023-06-06,6504,83.20,1.20,111,106.67,1.71,112/1
2023-06-07,6504,84.70,1.18,111,108.59,1.74,112/1
2023-06-08,6504,84.50,1.18,111,108.33,1.74,112/1
2023-06-09,6504,85.60,1.17,111,109.74,1.76,112/1
2023-06-12,6504,83.90,1.19,111,107.56,1.73,112/1
2023-06-13,6504,82.70,1.21,111,106.03,1.70,112/1
2023-06-14,6504,82.10,1.22,111,105.26,1.69,112/1
2023-06-15,6504,81.60,1.23,111,104.62,1.68,112/1
2023-06-16,6504,80.50,1.24,111,103.21,1.66,112/1
2023-06-19,6504,80.60,1.24,111,103.33,1.66,112/1
2023-06-20,6504,80.00,1.25,111,102.56,1.65,112/1
2023-06-21,6504,81.00,1.23,111,103.85,1.67,112/1
2023-06-26,6504,80.10,1.25,111,102.69,1.65,112/1
2023-06-27,6504,79.70,1.25,111,102.18,1.64,112/1
2023-06-28,6504,81.10,1.23,111,103.97,1.67,112/1
2023-06-29,6504,80.30,1.25,111,102.95,1.65,112/1
2023-06-30,6504,80.30,1.25,111,102.95,1.65,112/1
2023-07-03,6504,80.50,1.24,111,103.21,1.66,112/1
2023-07-04,6504,79.20,1.26,111,101.54,1.63,112/1
2023-07-05,6504,79.40,1.26,111,101.79,1.63,112/1
2023-07-06,6504,80.40,1.24,111,103.08,1.66,112/1
2023-07-07,6504,79.30,1.26,111,101.67,1.63,112/1
2023-07-10,6504,76.50,1.31,111,98.08,1.58,112/1
2023-07-11,6504,76.50,1.31,111,98.08,1.58,112/1
2023-07-12,6504,76.30,1.31,111,97.82,1.57,112/1
2023-07-13,6504,76.70,1.30,111,98.33,1.58,112/1
2023-07-14,6504,76.80,1.30,111,98.46,1.58,112/1
2023-07-17,6504,77.00,1.30,111,98.72,1.59,112/1
2023-07-18,6504,76.10,1.31,111,97.56,1.57,112/1
2023-07-19,6504,76.00,1.32,111,97.44,1.56,112/1
2023-07-20,6504,77.00,1.30,111,98.72,1.59,112/1
2023-07-21,6504,76.60,1.31,111,98.21,1.58,112/1
2023-07-24,6504,75.40,1.33,111,96.67,1.55,112/1
2023-07-25,6504,75.00,1.33,111,96.15,1.54,112/1
2023-07-26,6504,75.00,1.33,111,96.15,1.54,112/1
2023-07-27,6504,76.50,1.31,111,98.08,1.58,112/1
2023-07-28,6504,76.20,1.31,111,97.69,1.57,112/1
2023-07-31,6504,77.00,1.30,111,98.72,1.59,112/1
2023-08-01,6504,76.00,1.32,111,97.44,1.56,112/1
2023-08-02,6504,75.00,1.33,111,96.15,1.54,112/1
2023-08-04,6504,75.30,1.33,111,96.54,1.55,112/1
2023-08-07,6504,76.00,1.32,111,97.44,1.56,112/1
2023-08-08,6504,75.10,1.33,111,96.28,1.55,112/1
2023-08-09,6504,75.90,1.32,111,54.60,1.58,112/2
2023-08-10,6504,75.00,1.33,111,53.96,1.56,112/2
2023-08-11,6504,75.70,1.32,111,54.46,1.58,112/2
2023-08-14,6504,74.70,1.34,111,53.74,1.56,112/2
2023-08-15,6504,74.90,1.34,111,53.88,1.56,112/2
2023-08-16,6504,76.30,1.31,111,54.89,1.59,112/2
2023-08-17,6504,78.10,1.28,111,56.19,1.63,112/2
2023-08-18,6504,77.80,1.29,111,55.97,1.62,112/2
2023-08-21,6504,76.80,1.30,111,55.25,1.60,112/2
2023-08-22,6504,77.00,1.30,111,55.40,1.60,112/2
2023-08-23,6504,77.50,1.29,111,55.76,1.61,112/2
2023-08-24,6504,78.10,1.28,111,56.19,1.63,112/2
2023-08-25,6504,77.90,1.28,111,56.04,1.62,112/2
2023-08-28,6504,76.80,1.30,111,55.25,1.60,112/2
2023-08-29,6504,77.30,1.29,111,55.61,1.61,112/2
2023-08-30,6504,77.60,1.29,111,55.83,1.62,112/2
2023-08-31,6504,76.90,1.30,111,55.32,1.60,112/2
2023-09-01,6504,77.10,1.30,111,55.47,1.61,112/2
2023-09-04,6504,76.80,1.30,111,55.25,1.60,112/2
2023-09-05,6504,77.50,1.29,111,55.76,1.61,112/2
2023-09-06,6504,76.80,1.30,111,55.25,1.60,112/2
2023-09-07,6504,77.40,1.29,111,55.68,1.61,112/2
2023-09-08,6504,77.20,1.30,111,55.54,1.61,112/2
2023-09-11,6504,77.40,1.29,111,55.68,1.61,112/2
2023-09-12,6504,76.20,1.31,111,54.82,1.59,112/2
2023-09-13,6504,76.10,1.31,111,54.75,1.59,112/2
2023-09-14,6504,77.10,1.30,111,55.47,1.61,112/2
2023-09-15,6504,75.70,1.32,111,54.46,1.58,112/2
2023-09-18,6504,76.10,1.31,111,54.75,1.59,112/2
2023-09-19,6504,75.50,1.32,111,54.32,1.57,112/2
2023-09-20,6504,75.60,1.32,111,54.39,1.58,112/2
2023-09-21,6504,74.30,1.35,111,53.45,1.55,112/2
2023-09-22,6504,73.60,1.36,111,52.95,1.53,112/2
2023-09-25,6504,74.00,1.35,111,53.24,1.54,112/2
2023-09-26,6504,73.90,1.35,111,53.17,1.54,112/2
2023-09-27,6504,73.20,1.37,111,52.66,1.53,112/2
2023-09-28,6504,73.50,1.36,111,52.88,1.53,112/2
2023-10-02,6504,73.30,1.36,111,52.73,1.53,112/2
2023-10-03,6504,72.80,1.37,111,52.37,1.52,112/2
2023-10-04,6504,73.10,1.37,111,52.59,1.52,112/2
2023-10-05,6504,73.10,1.37,111,52.59,1.52,112/2
2023-10-06,6504,74.60,1.34,111,53.67,1.55,112/2
2023-10-11,6504,73.60,1.36,111,52.95,1.53,112/2
2023-10-12,6504,74.00,1.35,111,53.24,1.54,112/2
2023-10-13,6504,73.60,1.36,111,52.95,1.53,112/2
2023-10-16,6504,72.40,1.38,111,52.09,1.51,112/2
2023-10-17,6504,72.00,1.39,111,51.80,1.50,112/2
2023-10-18,6504,72.00,1.39,111,51.80,1.50,112/2
2023-10-19,6504,71.50,1.40,111,51.44,1.49,112/2
2023-10-20,6504,71.00,1.41,111,51.08,1.48,112/2
2023-10-23,6504,71.00,1.41,111,51.08,1.48,112/2
2023-10-24,6504,71.40,1.40,111,51.37,1.49,112/2
2023-10-25,6504,71.50,1.40,111,51.44,1.49,112/2
2023-10-26,6504,70.80,1.41,111,50.94,1.48,112/2
2023-10-27,6504,70.60,1.42,111,50.79,1.47,112/2
2023-10-30,6504,70.50,1.42,111,50.72,1.47,112/2
2023-10-31,6504,70.40,1.42,111,50.65,1.47,112/2
2023-11-01,6504,69.80,1.43,111,50.22,1.45,112/2
2023-11-02,6504,70.40,1.42,111,50.65,1.47,112/2
2023-11-03,6504,70.40,1.42,111,50.65,1.47,112/2
2023-11-06,6504,71.00,1.41,111,51.08,1.48,112/2
2023-11-07,6504,70.50,1.42,111,53.01,1.42,112/3
2023-11-08,6504,70.90,1.41,111,53.31,1.43,112/3
2023-11-09,6504,71.00,1.41,111,53.38,1.43,112/3
2023-11-10,6504,70.40,1.42,111,52.93,1.42,112/3
2023-11-13,6504,70.40,1.42,111,52.93,1.42,112/3
2023-11-14,6504,70.10,1.43,111,52.71,1.41,112/3
2023-11-15,6504,70.50,1.42,111,53.01,1.42,112/3
2023-11-16,6504,70.60,1.42,111,53.08,1.42,112/3
2023-11-17,6504,70.60,1.42,111,53.08,1.42,112/3
2023-11-20,6504,71.00,1.41,111,53.38,1.43,112/3
2023-11-21,6504,71.60,1.40,111,53.83,1.44,112/3
2023-11-22,6504,71.20,1.40,111,53.53,1.44,112/3
2023-11-23,6504,71.10,1.41,111,53.46,1.43,112/3
2023-11-24,6504,71.00,1.41,111,53.38,1.43,112/3
2023-11-27,6504,78.10,1.28,111,58.72,1.57,112/3
2023-11-28,6504,85.90,1.16,111,64.59,1.73,112/3
2023-11-29,6504,82.90,1.21,111,62.33,1.67,112/3
2023-11-30,6504,83.40,1.20,111,62.71,1.68,112/3
2023-12-01,6504,83.90,1.19,111,63.08,1.69,112/3
2023-12-04,6504,84.10,1.19,111,63.23,1.70,112/3
2023-12-05,6504,82.00,1.22,111,61.65,1.65,112/3
2023-12-06,6504,80.70,1.24,111,60.68,1.63,112/3
2023-12-07,6504,79.50,1.26,111,59.77,1.60,112/3
2023-12-08,6504,79.50,1.26,111,59.77,1.60,112/3
2023-12-11,6504,79.20,1.26,111,59.55,1.60,112/3
2023-12-12,6504,78.50,1.27,111,59.02,1.58,112/3
2023-12-13,6504,78.80,1.27,111,59.25,1.59,112/3
2023-12-14,6504,78.40,1.28,111,58.95,1.58,112/3
2023-12-15,6504,78.80,1.27,111,59.25,1.59,112/3
2023-12-18,6504,78.80,1.27,111,59.25,1.59,112/3
2023-12-19,6504,79.10,1.26,111,59.47,1.59,112/3
2023-12-20,6504,79.50,1.26,111,59.77,1.60,112/3
2023-12-21,6504,80.00,1.25,111,60.15,1.61,112/3
2023-12-22,6504,78.50,1.27,111,59.02,1.58,112/3
2023-12-25,6504,78.30,1.28,111,58.87,1.58,112/3
2023-12-26,6504,79.00,1.27,111,59.40,1.59,112/3
2023-12-27,6504,78.60,1.27,111,59.10,1.58,112/3
2023-12-28,6504,78.10,1.28,111,58.72,1.57,112/3
2023-12-29,6504,77.60,1.29,111,58.35,1.56,112/3
2024-01-02,6504,78.50,1.27,111,59.02,1.58,112/3
2024-01-03,6504,78.60,1.27,111,59.10,1.58,112/3
2024-01-04,6504,79.70,1.25,111,59.92,1.61,112/3
2024-01-05,6504,78.20,1.28,111,58.80,1.58,112/3
2024-01-08,6504,79.40,1.26,111,59.70,1.60,112/3
2024-01-09,6504,77.80,1.29,111,58.50,1.57,112/3
2024-01-10,6504,77.50,1.29,111,58.27,1.56,112/3
2024-01-11,6504,77.80,1.29,111,58.50,1.57,112/3
2024-01-12,6504,77.80,1.29,111,58.50,1.57,112/3
2024-01-15,6504,77.30,1.29,111,58.12,1.56,112/3
2024-01-16,6504,75.70,1.32,111,56.92,1.53,112/3
2024-01-17,6504,73.30,1.36,111,55.11,1.48,112/3
2024-01-18,6504,72.90,1.37,111,54.81,1.47,112/3
2024-01-19,6504,73.00,1.37,111,54.89,1.47,112/3
2024-01-22,6504,73.30,1.36,111,55.11,1.48,112/3
2024-01-23,6504,73.10,1.37,111,54.96,1.47,112/3
2024-01-24,6504,73.00,1.37,111,54.89,1.47,112/3
2024-01-25,6504,72.20,1.39,111,54.29,1.46,112/3
2024-01-26,6504,72.20,1.39,111,54.29,1.46,112/3
2024-01-29,6504,72.50,1.38,111,54.51,1.46,112/3
2024-01-30,6504,72.00,1.39,111,54.14,1.45,112/3
2024-01-31,6504,72.10,1.39,111,54.21,1.45,112/3
2024-02-01,6504,72.60,1.38,111,54.59,1.46,112/3
2024-02-02,6504,72.50,1.38,111,54.51,1.46,112/3
2024-02-05,6504,72.00,1.39,111,54.14,1.45,112/3
2024-02-15,6504,71.00,1.41,111,53.38,1.43,112/3
2024-02-16,6504,71.40,1.40,111,53.68,1.44,112/3
2024-02-19,6504,72.10,1.39,111,54.21,1.45,112/3
2024-02-20,6504,72.80,1.37,111,54.74,1.47,112/3
2024-02-21,6504,72.80,1.37,111,54.74,1.47,112/3
2024-02-22,6504,74.70,1.34,111,56.17,1.51,112/3
2024-02-23,6504,73.80,1.36,111,55.49,1.49,112/3
2024-02-26,6504,73.40,1.36,111,55.19,1.48,112/3
2024-02-27,6504,72.70,1.38,111,54.66,1.47,112/3
2024-02-29,6504,72.80,1.37,111,54.74,1.47,112/3
2024-03-01,6504,72.00,1.39,111,54.14,1.45,112/3
2024-03-04,6504,72.00,1.39,111,54.14,1.45,112/3
2024-03-05,6504,72.00,1.39,111,54.14,1.45,112/3
2024-03-06,6504,71.00,1.41,111,53.38,1.43,112/3
2024-03-07,6504,70.60,1.42,111,53.08,1.42,112/3
2024-03-08,6504,71.30,1.40,111,53.61,1.44,112/3
2024-03-11,6504,72.70,1.38,111,54.66,1.47,112/3
2024-03-12,6504,72.20,1.39,111,54.29,1.46,112/3
2024-03-13,6504,72.00,1.39,111,54.14,1.45,112/3
2024-03-14,6504,72.30,1.38,111,54.36,1.46,112/3
2024-03-15,6504,72.30,1.52,112,43.82,1.50,112/4
2024-03-18,6504,71.50,1.54,112,43.33,1.48,112/4
2024-03-19,6504,71.10,1.55,112,43.09,1.47,112/4
2024-03-20,6504,71.40,1.54,112,43.27,1.48,112/4
2024-03-21,6504,71.00,1.55,112,43.03,1.47,112/4
2024-03-22,6504,70.20,1.57,112,42.55,1.46,112/4
2024-03-25,6504,71.30,1.54,112,43.21,1.48,112/4
2024-03-26,6504,70.50,1.56,112,42.73,1.46,112/4
2024-03-27,6504,70.90,1.55,112,42.97,1.47,112/4
2024-03-28,6504,71.60,1.54,112,43.39,1.48,112/4
2024-03-29,6504,71.30,1.54,112,43.21,1.48,112/4
2024-04-01,6504,71.50,1.54,112,43.33,1.48,112/4
2024-04-02,6504,71.60,1.54,112,43.39,1.48,112/4
2024-04-03,6504,70.80,1.55,112,42.91,1.47,112/4
2024-04-08,6504,70.40,1.56,112,42.67,1.46,112/4
2024-04-09,6504,70.10,1.57,112,42.48,1.45,112/4
2024-04-10,6504,70.60,1.56,112,42.79,1.46,112/4
2024-04-11,6504,70.20,1.57,112,42.55,1.46,112/4
2024-04-12,6504,70.20,1.57,112,42.55,1.46,112/4
2024-04-15,6504,70.20,1.57,112,42.55,1.46,112/4
2024-04-16,6504,69.00,1.59,112,41.82,1.43,112/4
2024-04-17,6504,69.70,1.58,112,42.24,1.44,112/4
2024-04-18,6504,70.20,1.57,112,42.55,1.46,112/4
2024-04-19,6504,69.40,1.59,112,42.06,1.44,112/4
2024-04-22,6504,69.50,1.58,112,42.12,1.44,112/4
2024-04-23,6504,70.00,1.57,112,42.42,1.45,112/4
2024-04-24,6504,69.30,1.59,112,42.00,1.44,112/4
2024-04-25,6504,69.70,1.58,112,42.24,1.44,112/4
2024-04-26,6504,70.40,1.56,112,42.67,1.46,112/4
2024-04-29,6504,70.10,1.57,112,42.48,1.45,112/4
2024-04-30,6504,70.50,1.56,112,42.73,1.46,112/4
2024-05-02,6504,70.60,1.56,112,42.79,1.46,112/4
2024-05-03,6504,70.70,1.56,112,42.85,1.47,112/4
2024-05-06,6504,71.20,1.54,112,43.15,1.48,112/4
2024-05-07,6504,71.10,1.55,112,43.09,1.47,112/4
2024-05-08,6504,71.50,1.54,112,43.33,1.48,112/4
2024-05-09,6504,71.90,1.53,112,43.58,1.49,112/4
2024-05-10,6504,72.50,1.52,112,29.12,1.44,113/1
2024-05-13,6504,73.30,1.50,112,29.44,1.45,113/1
2024-05-14,6504,75.20,1.46,112,30.20,1.49,113/1
2024-05-15,6504,74.40,1.48,112,29.88,1.47,113/1
2024-05-16,6504,74.60,1.47,112,29.96,1.48,113/1
2024-05-17,6504,73.90,1.49,112,29.68,1.46,113/1
2024-05-20,6504,73.60,1.49,112,29.56,1.46,113/1
2024-05-21,6504,73.50,1.50,112,29.52,1.46,113/1
2024-05-22,6504,73.60,1.49,112,29.56,1.46,113/1
2024-05-23,6504,73.10,1.50,112,29.36,1.45,113/1
2024-05-24,6504,73.00,1.51,112,29.32,1.45,113/1
2024-05-27,6504,73.00,1.51,112,29.32,1.45,113/1
2024-05-28,6504,72.80,1.51,112,29.24,1.44,113/1
2024-05-29,6504,72.40,1.52,112,29.08,1.44,113/1
2024-05-30,6504,72.50,1.52,112,29.12,1.44,113/1
2024-05-31,6504,73.10,1.50,112,29.36,1.45,113/1
2024-06-03,6504,73.50,1.50,112,29.52,1.46,113/1
2024-06-04,6504,73.00,1.51,112,29.32,1.45,113/1
2024-06-05,6504,73.00,1.51,112,29.32,1.45,113/1
2024-06-06,6504,73.10,1.50,112,29.36,1.45,113/1
2024-06-07,6504,73.30,1.50,112,29.44,1.45,113/1
2024-06-11,6504,74.60,1.47,112,29.96,1.48,113/1
2024-06-12,6504,72.80,1.51,112,29.24,1.44,113/1
2024-06-13,6504,73.00,1.51,112,29.32,1.45,113/1
2024-06-14,6504,73.60,1.49,112,29.56,1.46,113/1
2024-06-17,6504,74.40,1.48,112,29.88,1.47,113/1
2024-06-18,6504,74.40,1.48,112,29.88,1.47,113/1
2024-06-19,6504,74.60,1.47,112,29.96,1.48,113/1
2024-06-20,6504,75.00,1.47,112,30.12,1.49,113/1
2024-06-21,6504,74.20,1.48,112,29.80,1.47,113/1
2024-06-24,6504,73.70,1.49,112,29.60,1.46,113/1
2024-06-25,6504,73.80,1.49,112,29.64,1.46,113/1
2024-06-26,6504,74.40,1.48,112,29.88,1.47,113/1
2024-06-27,6504,74.50,1.48,112,29.92,1.48,113/1
2024-06-28,6504,74.30,1.48,112,29.84,1.47,113/1
2024-07-01,6504,74.30,1.48,112,29.84,1.47,113/1
2024-07-02,6504,73.20,1.50,112,29.40,1.45,113/1
2024-07-03,6504,73.20,1.50,112,29.40,1.45,113/1
2024-07-04,6504,73.20,1.50,112,29.40,1.45,113/1
2024-07-05,6504,73.80,1.49,112,29.64,1.46,113/1
2024-07-08,6504,73.60,1.49,112,29.56,1.46,113/1
2024-07-09,6504,72.20,1.52,112,29.00,1.43,113/1
2024-07-10,6504,71.30,1.54,112,28.63,1.41,113/1
2024-07-11,6504,70.70,1.56,112,28.39,1.40,113/1
2024-07-12,6504,71.20,1.54,112,28.59,1.41,113/1
2024-07-15,6504,70.50,1.56,112,28.31,1.40,113/1
2024-07-16,6504,70.30,1.56,112,28.23,1.39,113/1
2024-07-17,6504,70.50,1.56,112,28.31,1.40,113/1
2024-07-18,6504,70.60,1.56,112,28.35,1.40,113/1
2024-07-19,6504,69.80,1.58,112,28.03,1.38,113/1
2024-07-22,6504,69.70,1.58,112,27.99,1.38,113/1
2024-07-23,6504,70.40,1.56,112,28.27,1.40,113/1
2024-07-26,6504,69.60,1.58,112,27.95,1.38,113/1
2024-07-29,6504,69.70,1.58,112,27.99,1.38,113/1
2024-07-30,6504,70.00,1.57,112,28.11,1.39,113/1
2024-07-31,6504,70.30,1.56,112,28.23,1.39,113/1
2024-08-01,6504,71.50,1.54,112,28.71,1.42,113/1
2024-08-02,6504,70.60,1.56,112,28.35,1.40,113/1
2024-08-05,6504,67.50,1.63,112,27.11,1.34,113/1
2024-08-06,6504,67.60,1.63,112,27.15,1.34,113/1
2024-08-07,6504,69.40,1.59,112,27.87,1.38,113/1
2024-08-08,6504,69.10,1.59,112,27.75,1.37,113/1
2024-08-09,6504,70.20,1.57,112,28.19,1.39,113/1
2024-08-12,6504,70.30,1.56,112,28.23,1.39,113/1
2024-08-13,6504,69.90,1.57,112,55.04,1.41,113/2
2024-08-14,6504,69.80,1.58,112,54.96,1.40,113/2
2024-08-15,6504,69.90,1.57,112,55.04,1.41,113/2
2024-08-16,6504,70.60,1.56,112,55.59,1.42,113/2
2024-08-19,6504,70.10,1.57,112,55.20,1.41,113/2
2024-08-20,6504,70.60,1.56,112,55.59,1.42,113/2
2024-08-21,6504,70.40,1.56,112,55.43,1.42,113/2
2024-08-22,6504,70.60,1.56,112,55.59,1.42,113/2
2024-08-23,6504,70.70,1.56,112,55.67,1.42,113/2
2024-08-26,6504,70.50,1.56,112,55.51,1.42,113/2
2024-08-27,6504,70.70,1.56,112,55.67,1.42,113/2
2024-08-28,6504,70.60,1.56,112,55.59,1.42,113/2
2024-08-29,6504,70.30,1.56,112,55.35,1.41,113/2
2024-08-30,6504,70.40,1.56,112,55.43,1.42,113/2
2024-09-02,6504,70.10,1.57,112,55.20,1.41,113/2
2024-09-03,6504,70.00,1.57,112,55.12,1.41,113/2
2024-09-04,6504,68.50,1.61,112,53.94,1.38,113/2
2024-09-05,6504,69.30,1.59,112,54.57,1.39,113/2
2024-09-06,6504,69.70,1.58,112,54.88,1.40,113/2
2024-09-09,6504,69.30,1.59,112,54.57,1.39,113/2
2024-09-10,6504,68.80,1.60,112,54.17,1.38,113/2
2024-09-11,6504,69.00,1.59,112,54.33,1.39,113/2
2024-09-12,6504,69.30,1.59,112,54.57,1.39,113/2
2024-09-13,6504,69.50,1.58,112,54.72,1.40,113/2
2024-09-16,6504,69.80,1.58,112,54.96,1.40,113/2
2024-09-18,6504,70.00,1.57,112,55.12,1.41,113/2
2024-09-19,6504,70.30,1.56,112,55.35,1.41,113/2
2024-09-20,6504,71.00,1.55,112,55.91,1.43,113/2
2024-09-23,6504,70.90,1.55,112,55.83,1.43,113/2
2024-09-24,6504,70.60,1.56,112,55.59,1.42,113/2
2024-09-25,6504,70.90,1.55,112,55.83,1.43,113/2
2024-09-26,6504,70.80,1.55,112,55.75,1.42,113/2
2024-09-27,6504,71.10,1.55,112,55.98,1.43,113/2
2024-09-30,6504,71.20,1.54,112,56.06,1.43,113/2
2024-10-01,6504,71.10,1.55,112,55.98,1.43,113/2
2024-10-04,6504,70.00,1.57,112,55.12,1.41,113/2
2024-10-07,6504,70.90,1.55,112,55.83,1.43,113/2
2024-10-08,6504,70.20,1.57,112,55.28,1.41,113/2
2024-10-09,6504,70.20,1.57,112,55.28,1.41,113/2
2024-10-11,6504,70.30,1.56,112,55.35,1.41,113/2
2024-10-14,6504,70.30,1.56,112,55.35,1.41,113/2
2024-10-15,6504,70.30,1.56,112,55.35,1.41,113/2
2024-10-16,6504,70.00,1.57,112,55.12,1.41,113/2
2024-10-17,6504,70.20,1.57,112,55.28,1.41,113/2
2024-10-18,6504,70.00,1.57,112,55.12,1.41,113/2
2024-10-21,6504,70.40,1.56,112,55.43,1.42,113/2
2024-10-22,6504,70.00,1.57,112,55.12,1.41,113/2
2024-10-23,6504,69.90,1.57,112,55.04,1.41,113/2
2024-10-24,6504,69.80,1.58,112,54.96,1.40,113/2
2024-10-25,6504,70.10,1.57,112,55.20,1.41,113/2
2024-10-28,6504,70.10,1.57,112,55.20,1.41,113/2
2024-10-29,6504,69.90,1.57,112,55.04,1.41,113/2
2024-10-30,6504,70.40,1.56,112,55.43,1.42,113/2
2024-11-01,6504,70.20,1.57,112,55.28,1.41,113/2
2024-11-04,6504,70.10,1.57,112,55.20,1.41,113/2
2024-11-05,6504,70.70,1.56,112,55.67,1.42,113/2
2024-11-06,6504,71.20,1.54,112,56.06,1.43,113/2
2024-11-07,6504,70.80,1.55,112,55.75,1.42,113/2
2024-11-08,6504,70.90,1.55,112,55.83,1.43,113/2
2024-11-11,6504,70.70,1.56,112,336.67,1.44,113/3
2024-11-12,6504,69.70,1.58,112,331.90,1.42,113/3
2024-11-13,6504,69.70,1.58,112,331.90,1.42,113/3
2024-11-14,6504,69.20,1.59,112,329.52,1.41,113/3
2024-11-15,6504,69.50,1.58,112,330.95,1.42,113/3
2024-11-18,6504,69.50,1.58,112,330.95,1.42,113/3
2024-11-19,6504,69.40,1.59,112,330.48,1.41,113/3
2024-11-20,6504,67.30,1.63,112,320.48,1.37,113/3
2024-11-21,6504,68.50,1.61,112,326.19,1.40,113/3
2024-11-22,6504,68.70,1.60,112,327.14,1.40,113/3
2024-11-25,6504,68.40,1.61,112,325.71,1.39,113/3
2024-11-26,6504,69.20,1.59,112,329.52,1.41,113/3
2024-11-27,6504,68.40,1.61,112,325.71,1.39,113/3
2024-11-28,6504,67.50,1.63,112,321.43,1.38,113/3
2024-11-29,6504,69.50,1.58,112,330.95,1.42,113/3
2024-12-02,6504,70.00,1.57,112,333.33,1.43,113/3
2024-12-03,6504,69.50,1.58,112,330.95,1.42,113/3
2024-12-04,6504,68.60,1.60,112,326.67,1.40,113/3
2024-12-05,6504,68.10,1.62,112,324.29,1.39,113/3
2024-12-06,6504,67.80,1.62,112,322.86,1.38,113/3
2024-12-09,6504,68.80,1.60,112,327.62,1.40,113/3
2024-12-10,6504,68.20,1.61,112,324.76,1.39,113/3
2024-12-11,6504,67.80,1.62,112,322.86,1.38,113/3
2024-12-12,6504,67.50,1.63,112,321.43,1.38,113/3
2024-12-13,6504,65.80,1.67,112,313.33,1.34,113/3
2024-12-16,6504,66.80,1.65,112,318.10,1.36,113/3
2024-12-17,6504,66.70,1.65,112,317.62,1.36,113/3
2024-12-18,6504,65.80,1.67,112,313.33,1.34,113/3
2024-12-19,6504,64.70,1.70,112,308.10,1.32,113/3
2024-12-20,6504,63.30,1.74,112,301.43,1.29,113/3
2024-12-23,6504,64.80,1.70,112,308.57,1.32,113/3
2024-12-24,6504,64.00,1.72,112,304.76,1.30,113/3
2024-12-25,6504,64.80,1.70,112,308.57,1.32,113/3
2024-12-26,6504,69.70,1.58,112,331.90,1.42,113/3
2024-12-27,6504,68.20,1.61,112,324.76,1.39,113/3
2024-12-30,6504,65.70,1.67,112,312.86,1.34,113/3
2024-12-31,6504,65.60,1.68,112,312.38,1.34,113/3
2025-01-02,6504,63.60,1.73,112,302.86,1.30,113/3
2025-01-03,6504,63.60,1.73,112,302.86,1.30,113/3
2025-01-06,6504,64.30,1.71,112,306.19,1.31,113/3
2025-01-07,6504,65.30,1.68,112,310.95,1.33,113/3
2025-01-08,6504,66.70,1.65,112,317.62,1.36,113/3
2025-01-09,6504,68.50,1.61,112,326.19,1.40,113/3
2025-01-10,6504,66.10,1.66,112,314.76,1.35,113/3
2025-01-13,6504,64.40,1.71,112,306.67,1.31,113/3
2025-01-14,6504,64.80,1.70,112,308.57,1.32,113/3
2025-01-15,6504,64.70,1.70,112,308.10,1.32,113/3
2025-01-16,6504,64.40,1.71,112,306.67,1.31,113/3
2025-01-17,6504,63.90,1.72,112,304.29,1.30,113/3
2025-01-20,6504,64.30,1.71,112,306.19,1.31,113/3
2025-01-21,6504,64.10,1.72,112,305.24,1.31,113/3
2025-01-22,6504,65.30,1.68,112,310.95,1.33,113/3
2025-02-03,6504,65.10,1.69,112,310.00,1.33,113/3
2025-02-04,6504,64.80,1.70,112,308.57,1.32,113/3
2025-02-05,6504,65.30,1.68,112,310.95,1.33,113/3
2025-02-06,6504,65.00,1.69,112,309.52,1.33,113/3
2025-02-07,6504,65.50,1.68,112,311.90,1.34,113/3
2025-02-10,6504,65.00,1.69,112,309.52,1.33,113/3
2025-02-11,6504,64.50,1.71,112,307.14,1.31,113/3
2025-02-12,6504,65.30,1.68,112,310.95,1.33,113/3
2025-02-13,6504,65.70,1.67,112,312.86,1.34,113/3
2025-02-14,6504,65.40,1.68,112,311.43,1.33,113/3
2025-02-17,6504,65.80,1.67,112,313.33,1.34,113/3
2025-02-18,6504,65.40,1.68,112,311.43,1.33,113/3
2025-02-19,6504,65.20,1.69,112,310.48,1.33,113/3
2025-02-20,6504,66.50,1.65,112,316.67,1.36,113/3
2025-02-21,6504,66.00,1.67,112,314.29,1.35,113/3
2025-02-24,6504,66.90,1.64,112,318.57,1.36,113/3
2025-02-25,6504,66.30,1.66,112,315.71,1.35,113/3
2025-02-26,6504,66.40,1.66,112,316.19,1.35,113/3
2025-02-27,6504,64.20,1.71,112,305.71,1.31,113/3
2025-03-03,6504,64.00,1.72,112,304.76,1.30,113/3
2025-03-04,6504,63.30,1.74,112,301.43,1.29,113/3
2025-03-05,6504,63.10,1.74,112,300.48,1.29,113/3
2025-03-06,6504,63.50,1.73,112,302.38,1.29,113/3
2025-03-07,6504,63.50,1.73,112,302.38,1.29,113/3
2025-03-10,6504,62.50,1.76,112,297.62,1.27,113/3
2025-03-11,6504,62.00,1.77,112,44.60,1.24,113/4
2025-03-12,6504,62.40,1.28,113,44.89,1.24,113/4
2025-03-13,6504,62.20,1.29,113,44.75,1.24,113/4
2025-03-14,6504,61.60,1.30,113,44.32,1.23,113/4
2025-03-17,6504,62.20,1.29,113,44.75,1.24,113/4
2025-03-18,6504,63.50,1.26,113,45.68,1.27,113/4
2025-03-19,6504,63.30,1.26,113,45.54,1.26,113/4
2025-03-20,6504,65.20,1.23,113,46.91,1.30,113/4
2025-03-21,6504,64.10,1.25,113,46.12,1.28,113/4
2025-03-24,6504,64.70,1.24,113,46.55,1.29,113/4
2025-03-25,6504,63.00,1.27,113,45.32,1.26,113/4
2025-03-26,6504,63.70,1.26,113,45.83,1.27,113/4
2025-03-27,6504,62.90,1.27,113,45.25,1.25,113/4
2025-03-28,6504,61.50,1.30,113,44.24,1.23,113/4
2025-03-31,6504,59.40,1.35,113,42.73,1.18,113/4
2025-04-01,6504,59.80,1.34,113,43.02,1.19,113/4
2025-04-02,6504,59.50,1.34,113,42.81,1.19,113/4
2025-04-07,6504,53.60,1.49,113,38.56,1.07,113/4
2025-04-08,6504,48.25,1.66,113,34.71,0.96,113/4
2025-04-09,6504,43.45,1.84,113,31.26,0.87,113/4
2025-04-10,6504,47.75,1.68,113,34.35,0.95,113/4
2025-04-11,6504,49.85,1.60,113,35.86,0.99,113/4
2025-04-14,6504,52.30,1.53,113,37.63,1.04,113/4
2025-04-15,6504,53.60,1.49,113,38.56,1.07,113/4
2025-04-16,6504,53.20,1.50,113,38.27,1.06,113/4
2025-04-17,6504,53.40,1.50,113,38.42,1.06,113/4
2025-04-18,6504,54.20,1.48,113,38.99,1.08,113/4
2025-04-21,6504,52.50,1.90,113,37.77,1.05,113/4
2025-04-22,6504,51.10,1.96,113,36.76,1.02,113/4
2025-04-23,6504,52.00,1.92,113,37.41,1.04,113/4
2025-04-24,6504,54.00,1.85,113,38.85,1.08,113/4
2025-04-25,6504,53.70,1.86,113,38.63,1.07,113/4
2025-04-28,6504,54.70,1.83,113,39.35,1.09,113/4
2025-04-29,6504,56.20,1.78,113,40.43,1.12,113/4
2025-04-30,6504,56.20,1.78,113,40.43,1.12,113/4
2025-05-02,6504,56.80,1.76,113,40.86,1.13,113/4
2025-05-05,6504,55.80,1.79,113,40.14,1.11,113/4
2025-05-06,6504,55.90,1.79,113,55.90,1.09,114/1
2025-05-07,6504,56.50,1.77,113,56.50,1.10,114/1
2025-05-08,6504,55.10,1.81,113,55.10,1.07,114/1
2025-05-09,6504,55.60,1.80,113,55.60,1.08,114/1
2025-05-12,6504,56.20,1.78,113,56.20,1.09,114/1
2025-05-13,6504,57.50,1.74,113,57.50,1.12,114/1
2025-05-14,6504,58.20,1.72,113,58.20,1.13,114/1
2025-05-15,6504,58.10,1.72,113,58.10,1.13,114/1
2025-05-16,6504,57.70,1.73,113,57.70,1.12,114/1
2025-05-19,6504,60.70,1.65,113,60.70,1.18,114/1
2025-05-20,6504,60.60,1.65,113,60.60,1.18,114/1
2025-05-21,6504,61.10,1.64,113,61.10,1.19,114/1
2025-05-22,6504,60.30,1.66,113,60.30,1.17,114/1
2025-05-23,6504,60.00,1.67,113,60.00,1.17,114/1
2025-05-26,6504,59.30,1.69,113,59.30,1.15,114/1
2025-05-27,6504,59.20,1.69,113,59.20,1.15,114/1
2025-05-28,6504,59.80,1.67,113,59.80,1.16,114/1
2025-05-29,6504,60.10,1.66,113,60.10,1.17,114/1
2025-06-02,6504,59.10,1.69,113,59.10,1.15,114/1
2025-06-03,6504,60.20,1.66,113,60.20,1.17,114/1
2025-06-04,6504,60.40,1.66,113,60.40,1.17,114/1
2025-06-05,6504,60.50,1.65,113,60.50,1.17,114/1
2025-06-06,6504,61.00,1.64,113,61.00,1.18,114/1
2025-06-09,6504,60.10,1.66,113,60.10,1.17,114/1
2025-06-10,6504,59.80,1.67,113,59.80,1.16,114/1
2025-06-11,6504,59.50,1.68,113,59.50,1.16,114/1
2025-06-12,6504,60.00,1.67,113,60.00,1.17,114/1
2025-06-13,6504,58.50,1.71,113,58.50,1.14,114/1
2025-06-16,6504,59.20,1.69,113,59.20,1.15,114/1
2025-06-17,6504,59.70,1.68,113,59.70,1.16,114/1
2025-06-18,6504,59.60,1.68,113,59.60,1.16,114/1
2025-06-19,6504,58.20,1.72,113,58.20,1.13,114/1
2025-06-20,6504,60.80,1.64,113,60.80,1.18,114/1
2025-06-23,6504,60.40,1.66,113,60.40,1.17,114/1
2025-06-24,6504,60.10,1.66,113,60.10,1.17,114/1
2025-06-25,6504,60.50,1.65,113,60.50,1.17,114/1
2025-06-26,6504,60.50,1.65,113,60.50,1.17,114/1
2025-06-27,6504,61.20,1.63,113,61.20,1.19,114/1
2025-06-30,6504,61.50,1.63,113,61.50,1.19,114/1
2025-07-01,6504,61.20,1.63,113,61.20,1.19,114/1
2025-07-02,6504,61.50,1.63,113,61.50,1.19,114/1
2025-07-03,6504,61.30,1.63,113,61.30,1.19,114/1
2025-07-04,6504,61.20,1.63,113,61.20,1.19,114/1
2025-07-07,6504,60.70,1.65,113,60.70,1.18,114/1
2025-07-08,6504,60.50,1.65,113,60.50,1.17,114/1
2025-07-09,6504,60.00,1.67,113,60.00,1.17,114/1
2025-07-10,6504,60.30,1.66,113,60.30,1.17,114/1
2025-07-11,6504,60.70,1.65,113,60.70,1.18,114/1
2025-07-14,6504,60.30,1.66,113,60.30,1.17,114/1
2025-07-15,6504,60.10,1.66,113,60.10,1.17,114/1
2025-07-16,6504,60.10,1.66,113,60.10,1.17,114/1
2025-07-17,6504,60.80,1.64,113,60.80,1.18,114/1
2025-07-18,6504,61.00,1.64,113,61.00,1.18,114/1
2025-07-21,6504,60.80,1.64,113,60.80,1.18,114/1
2025-07-22,6504,59.80,1.67,113,59.80,1.16,114/1
2025-07-23,6504,60.50,1.65,113,60.50,1.17,114/1
2025-07-24,6504,60.00,1.67,113,60.00,1.17,114/1
2025-07-25,6504,59.60,1.68,113,59.60,1.16,114/1
2025-07-28,6504,59.00,1.69,113,59.00,1.15,114/1
2025-07-29,6504,58.60,1.71,113,58.60,1.14,114/1
2025-07-30,6504,58.20,1.72,113,58.20,1.13,114/1
2025-07-31,6504,58.80,1.70,113,58.80,1.14,114/1
2025-08-01,6504,58.80,1.70,113,58.80,1.14,114/1
2025-08-04,6504,58.00,1.72,113,58.00,1.13,114/1
2025-08-05,6504,58.10,1.72,113,58.10,1.13,114/1
2025-08-06,6504,58.70,1.70,113,58.70,1.14,114/1
2025-08-07,6504,57.80,1.73,113,57.80,1.12,114/1
2025-08-08,6504,56.80,1.76,113,56.80,1.10,114/1
2025-08-11,6504,56.00,1.79,113,,1.32,114/2
2025-08-12,6504,54.40,1.84,113,,1.28,114/2
2025-08-13,6504,54.30,1.84,113,,1.28,114/2
2025-08-14,6504,54.40,1.84,113,,1.28,114/2
2025-08-15,6504,53.80,1.86,113,,1.26,114/2
2025-08-18,6504,52.80,1.89,113,,1.24,114/2
2025-08-19,6504,51.70,1.93,113,,1.21,114/2
2025-08-20,6504,51.30,1.95,113,,1.21,114/2
2025-08-21,6504,50.80,1.97,113,,1.19,114/2
2025-08-22,6504,50.80,1.97,113,,1.19,114/2
2025-08-25,6504,50.30,1.99,113,,1.18,114/2
2025-08-26,6504,49.25,2.03,113,,1.16,114/2
2025-08-27,6504,50.30,1.99,113,,1.18,114/2
2025-08-28,6504,50.80,1.97,113,,1.19,114/2
2025-08-29,6504,50.60,1.98,113,,1.19,114/2
2025-09-01,6504,49.40,2.02,113,,1.16,114/2
2025-09-02,6504,49.85,2.01,113,,1.17,114/2
2025-09-03,6504,49.70,2.01,113,,1.17,114/2
2025-09-04,6504,49.80,2.01,113,,1.17,114/2
2025-09-05,6504,50.70,1.97,113,,1.19,114/2
2025-09-08,6504,50.10,2.00,113,,1.18,114/2
2025-09-09,6504,49.80,2.01,113,,1.17,114/2
2025-09-10,6504,50.20,1.99,113,,1.18,114/2
2025-09-11,6504,49.10,2.04,113,,1.15,114/2
2025-09-12,6504,48.85,2.05,113,,1.15,114/2
2025-09-15,6504,48.65,2.06,113,,1.14,114/2
2025-09-16,6504,49.05,2.04,113,,1.15,114/2
2025-09-17,6504,49.40,2.02,113,,1.16,114/2
2025-09-18,6504,49.70,2.01,113,,1.17,114/2
2025-09-19,6504,47.30,2.11,113,,1.11,114/2
2025-09-22,6504,46.70,2.14,113,,1.10,114/2
2025-09-23,6504,46.00,2.17,113,,1.08,114/2
2025-09-24,6504,45.45,2.20,113,,1.07,114/2
2025-09-25,6504,45.25,2.21,113,,1.06,114/2
2025-09-26,6504,43.65,2.29,113,,1.03,114/2
2025-09-30,6504,44.40,2.25,113,,1.04,114/2
2025-10-01,6504,44.60,2.24,113,,1.05,114/2
2025-10-02,6504,45.30,2.21,113,,1.06,114/2
2025-10-03,6504,45.10,2.22,113,,1.06,114/2
2025-10-07,6504,45.20,2.21,113,,1.06,114/2
2025-10-08,6504,45.55,2.20,113,,1.07,114/2
2025-10-09,6504,45.75,2.19,113,,1.07,114/2
2025-10-13,6504,45.40,2.20,113,,1.07,114/2
2025-10-14,6504,48.25,2.07,113,,1.13,114/2
2025-10-15,6504,47.25,2.12,113,,1.11,114/2
2025-10-16,6504,46.80,2.14,113,,1.10,114/2
2025-10-17,6504,46.40,2.16,113,,1.09,114/2
2025-10-20,6504,44.80,2.23,113,,1.05,114/2
2025-10-21,6504,44.80,2.23,113,,1.05,114/2
2025-10-22,6504,46.00,2.17,113,,1.08,114/2
2025-10-23,6504,47.10,2.12,113,,1.11,114/2
2025-10-27,6504,47.00,2.13,113,,1.10,114/2
2025-10-28,6504,46.30,2.16,113,,1.09,114/2
2025-10-29,6504,45.90,2.18,113,,1.08,114/2
2025-10-30,6504,45.00,2.22,113,,1.06,114/2
2025-10-31,6504,44.10,2.27,113,,1.04,114/2
2025-11-03,6504,43.85,2.28,113,,1.03,114/2
2025-11-04,6504,43.50,2.30,113,,1.02,114/2
2025-11-05,6504,42.70,2.34,113,,1.00,114/2
2025-11-06,6504,43.10,2.32,113,,1.01,114/2
2025-11-07,6504,42.35,2.36,113,,0.95,114/3
2025-11-10,6504,42.60,2.35,113,,0.95,114/3
2025-11-11,6504,43.10,2.32,113,,0.97,114/3
2025-11-12,6504,43.60,2.29,113,,0.98,114/3
2025-11-13,6504,43.25,2.31,113,,0.97,114/3
2025-11-14,6504,44.25,2.26,113,,0.99,114/3
2025-11-17,6504,42.75,2.34,113,,0.96,114/3
2025-11-18,6504,41.80,2.39,113,,0.94,114/3
2025-11-19,6504,42.05,2.38,113,,0.94,114/3
2025-11-20,6504,43.00,2.33,113,,0.96,114/3
2025-11-21,6504,42.40,2.36,113,,0.95,114/3
2025-11-24,6504,43.40,2.30,113,,0.97,114/3
2025-11-25,6504,43.35,2.31,113,,0.97,114/3
2025-11-26,6504,43.85,2.28,113,,0.98,114/3
2025-11-27,6504,44.75,2.23,113,,1.00,114/3
2025-11-28,6504,44.25,2.26,113,,0.99,114/3
2025-12-01,6504,44.00,2.27,113,,0.99,114/3
2025-12-02,6504,44.00,2.27,113,,0.99,114/3
2025-12-03,6504,44.00,2.27,113,,0.99,114/3
2025-12-04,6504,43.40,2.30,113,,0.97,114/3
2025-12-05,6504,42.60,2.35,113,,0.95,114/3
2025-12-08,6504,43.20,2.31,113,,0.97,114/3
2025-12-09,6504,42.85,2.33,113,,0.96,114/3
2025-12-10,6504,42.50,2.35,113,,0.95,114/3
2025-12-11,6504,42.50,2.35,113,,0.95,114/3
2025-12-12,6504,42.60,2.35,113,,0.95,114/3
2025-12-15,6504,42.20,2.37,113,,0.95,114/3
2025-12-16,6504,41.55,2.41,113,,0.93,114/3
2025-12-17,6504,41.45,2.41,113,,0.93,114/3
2025-12-18,6504,42.10,2.38,113,,0.94,114/3
2025-12-19,6504,41.65,2.40,113,,0.93,114/3
2025-12-22,6504,41.90,2.39,113,,0.94,114/3
2025-12-23,6504,41.50,2.41,113,,0.93,114/3
2025-12-24,6504,41.60,2.40,113,,0.93,114/3
2025-12-26,6504,41.55,2.41,113,,0.93,114/3
2025-12-29,6504,41.10,2.43,113,,0.92,114/3
2025-12-30,6504,41.30,2.42,113,,0.93,114/3
2025-12-31,6504,41.45,2.41,113,,0.93,114/3
2026-01-02,6504,41.20,2.43,113,,0.92,114/3
2026-01-05,6504,41.70,2.40,113,,0.93,114/3
2026-01-06,6504,41.95,2.38,113,,0.94,114/3
2026-01-07,6504,41.85,2.39,113,,0.94,114/3
2026-01-08,6504,42.90,2.33,113,,0.96,114/3
2026-01-09,6504,41.65,2.40,113,,0.93,114/3
2026-01-12,6504,41.35,2.42,113,,0.93,114/3
2026-01-13,6504,41.00,2.44,113,,0.92,114/3
2026-01-14,6504,41.15,2.43,113,,0.92,114/3
2026-01-15,6504,42.00,2.38,113,,0.94,114/3
2026-01-16,6504,41.60,2.40,113,,0.93,114/3
2026-01-19,6504,41.55,2.41,113,,0.93,114/3
2026-01-20,6504,41.25,2.42,113,,0.92,114/3
2026-01-21,6504,40.90,2.44,113,,0.92,114/3
2026-01-22,6504,40.70,2.46,113,,0.91,114/3
2026-01-23,6504,40.60,2.46,113,,0.91,114/3
2026-01-26,6504,40.55,2.47,113,,0.91,114/3
2026-01-27,6504,44.60,2.24,113,,1.00,114/3
2026-01-28,6504,49.05,2.04,113,,1.10,114/3
2026-01-29,6504,44.25,2.26,113,,0.99,114/3
2026-01-30,6504,42.20,2.37,113,,0.95,114/3
2026-02-02,6504,42.35,2.36,113,,0.95,114/3
2026-02-03,6504,42.30,2.36,113,,0.95,114/3
2026-02-04,6504,42.00,2.38,113,,0.94,114/3
2026-02-05,6504,41.60,2.40,113,,0.93,114/3
2026-02-06,6504,41.30,2.42,113,,0.93,114/3
2026-02-09,6504,42.15,2.37,113,,0.94,114/3
2026-02-10,6504,42.60,2.35,113,,0.95,114/3
2026-02-11,6504,41.85,2.39,113,,0.94,114/3
2026-02-23,6504,41.75,2.40,113,,0.94,114/3
2026-02-24,6504,41.50,2.41,113,,0.93,114/3
2026-02-25,6504,42.00,2.38,113,,0.94,114/3
2026-02-26,6504,41.65,2.40,113,,0.93,114/3
2026-03-02,6504,41.30,2.42,113,,0.93,114/3
2026-03-03,6504,40.75,2.45,113,,0.91,114/3
2026-03-04,6504,39.40,2.54,113,,0.88,114/3
2026-03-05,6504,39.80,2.51,113,,0.89,114/3
2026-03-06,6504,39.95,2.50,113,,0.90,114/3
2026-03-09,6504,38.90,2.57,113,,0.87,114/3
2026-03-10,6504,38.90,2.57,113,,0.82,114/4
2026-03-11,6504,39.50,2.53,113,,0.83,114/4
2026-03-12,6504,38.95,2.57,113,,0.82,114/4
2026-03-13,6504,38.85,2.57,114,,0.82,114/4
2026-03-16,6504,39.00,2.56,114,,0.82,114/4
2026-03-17,6504,39.05,2.56,114,,0.82,114/4
2026-03-18,6504,39.25,2.55,114,,0.83,114/4
2026-03-19,6504,39.10,2.56,114,,0.82,114/4
2026-03-20,6504,39.25,2.55,114,,0.83,114/4
2026-03-23,6504,39.85,2.51,114,,0.84,114/4
2026-03-24,6504,40.10,2.49,114,,0.85,114/4
2026-03-25,6504,40.05,2.50,114,,0.84,114/4
2026-03-26,6504,40.00,2.50,114,,0.84,114/4
2026-03-27,6504,40.50,2.47,114,,0.85,114/4
2026-03-30,6504,40.40,2.48,114,,0.85,114/4
2026-03-31,6504,40.30,2.48,114,,0.85,114/4
2026-04-01,6504,41.75,2.40,114,,0.88,114/4
2026-04-02,6504,40.75,2.45,114,,0.86,114/4
2026-04-07,6504,41.00,2.44,114,,0.86,114/4
2026-04-08,6504,42.30,2.36,114,,0.89,114/4
2026-04-09,6504,43.00,2.33,114,,0.91,114/4
2026-04-10,6504,41.55,2.41,114,,0.88,114/4
2026-04-13,6504,41.55,2.41,114,,0.88,114/4
2026-04-14,6504,41.80,2.39,114,,0.88,114/4
2026-04-15,6504,41.80,2.39,114,,0.88,114/4
2026-04-16,6504,41.30,2.42,114,,0.87,114/4
2026-04-17,6504,41.45,2.41,114,,0.87,114/4
2026-04-20,6504,41.15,2.43,114,,0.87,114/4
2026-04-21,6504,41.30,2.42,114,,0.87,114/4
2026-04-22,6504,40.40,2.48,114,,0.85,114/4
2026-04-23,6504,39.95,2.50,114,,0.84,114/4
2026-04-24,6504,40.00,2.50,114,,0.84,114/4
2026-04-27,6504,39.30,2.54,114,,0.83,114/4
2026-04-28,6504,39.25,2.55,114,,0.83,114/4
2026-04-29,6504,39.50,2.53,114,,0.83,114/4
2026-04-30,6504,39.45,2.53,114,,0.83,114/4
2026-05-04,6504,38.90,2.57,114,,0.82,114/4
2026-05-05,6504,39.30,2.54,114,,0.83,114/4
2026-05-06,6504,39.90,2.51,114,,0.84,114/4
2026-05-07,6504,39.65,2.52,114,,0.84,114/4
2026-05-08,6504,39.80,2.51,114,,0.84,114/4
2026-05-11,6504,40.75,2.45,114,,0.86,114/4
2026-05-12,6504,39.40,2.54,114,,0.81,115/1
2026-05-13,6504,39.05,2.56,114,,0.80,115/1
2026-05-14,6504,38.75,2.58,114,,0.80,115/1
2026-05-15,6504,38.50,2.60,114,,0.79,115/1
2026-05-18,6504,38.50,2.60,114,,0.79,115/1
2026-05-19,6504,38.75,2.58,114,,0.80,115/1
2026-05-20,6504,38.75,2.58,114,,0.80,115/1
2026-05-21,6504,38.75,2.58,114,,0.80,115/1
2026-05-22,6504,38.55,2.59,114,,0.79,115/1
2026-05-25,6504,38.10,2.62,114,,0.78,115/1
2026-05-26,6504,38.00,2.63,114,,0.78,115/1
2026-05-27,6504,37.50,2.67,114,,0.77,115/1
2026-05-28,6504,36.90,2.71,114,,0.76,115/1
2026-05-29,6504,36.60,2.73,114,,0.75,115/1
2026-06-01,6504,36.50,2.74,114,,0.75,115/1
2026-06-02,6504,36.30,2.75,114,,0.75,115/1
2026-06-03,6504,37.00,2.70,114,,0.76,115/1
2026-06-04,6504,37.35,2.68,114,,0.77,115/1
2026-06-05,6504,36.95,2.71,114,,0.76,115/1
2026-06-08,6504,35.85,2.79,114,,0.74,115/1
2026-06-09,6504,35.90,2.79,114,,0.74,115/1
2026-06-10,6504,35.70,2.80,114,,0.74,115/1
2026-06-11,6504,35.45,2.82,114,,0.73,115/1
2026-06-12,6504,35.60,2.81,114,,0.73,115/1
2026-06-15,6504,35.95,2.78,114,,0.74,115/1
2026-06-16,6504,36.05,2.77,114,,0.74,115/1
2026-06-17,6504,36.20,2.76,114,,0.75,115/1
2026-06-18,6504,36.20,2.76,114,,0.75,115/1
2026-06-22,6504,36.30,2.75,114,,0.75,115/1
2026-06-23,6504,36.20,2.76,114,,0.75,115/1
2026-06-24,6504,36.50,2.74,114,,0.75,115/1
2026-06-25,6504,36.35,2.75,114,,0.75,115/1
2026-06-26,6504,36.00,2.78,114,,0.74,115/1
2026-06-29,6504,35.75,2.80,114,,0.74,115/1
2026-06-30,6504,36.00,2.78,114,,0.74,115/1
2026-07-01,6504,35.65,2.81,114,,0.73,115/1
2026-07-02,6504,35.80,2.79,114,,0.74,115/1
2026-07-03,6504,36.25,2.76,114,,0.75,115/1
2026-07-06,6504,36.30,2.75,114,,0.75,115/1
2026-07-07,6504,36.00,2.78,114,,0.74,115/1
2026-07-08,6504,36.25,2.76,114,,0.75,115/1
2026-07-09,6504,36.00,2.78,114,,0.74,115/1
2026-07-13,6504,35.60,2.81,114,,0.73,115/1
2026-07-14,6504,35.90,2.79,114,,0.74,115/1
2026-07-15,6504,36.70,2.72,114,,0.76,115/1
2026-07-16,6504,36.30,2.75,114,,0.75,115/1
2026-07-17,6504,35.80,2.79,114,,0.74,115/1
2026-07-20,6504,36.30,2.75,114,,0.75,115/1
2026-07-21,6504,36.40,2.75,114,,0.75,115/1
2026-07-22,6504,36.90,2.71,114,,0.76,115/1
2026-07-23,6504,38.40,2.60,114,,0.79,115/1
2026-07-24,6504,38.40,2.60,114,,0.79,115/1
2026-07-27,6504,40.80,2.45,114,,0.84,115/1
2026-07-28,6504,39.70,2.52,114,,0.82,115/1
2026-07-29,6504,40.95,2.44,114,,0.84,115/1
2026-07-30,6504,39.60,2.53,114,,0.82,115/1
2026-07-31,6504,40.00,2.50,114,,0.82,115/1
2026-08-03,6504,39.65,2.52,114,,0.82,115/1
2026-08-04,6504,38.75,2.58,114,,0.80,115/1
2026-08-05,6504,38.80,2.58,114,,0.80,115/1
2026-08-06,6504,38.60,2.59,114,,0.79,115/1
2026-08-07,6504,38.70,2.58,114,,0.80,115/1
2026-08-10,6504,39.00,2.56,114,25.00,0.82,115/2
2026-08-11,6504,38.70,2.58,114,24.81,0.81,115/2
2026-08-12,6504,38.70,2.58,114,24.81,0.81,115/2
2026-08-13,6504,38.25,2.61,114,24.52,0.80,115/2
2026-08-14,6504,37.90,2.64,114,24.29,0.79,115/2
2026-08-17,6504,37.90,2.64,114,24.29,0.79,115/2
2026-08-18,6504,37.10,2.70,114,23.78,0.78,115/2
2026-08-19,6504,36.70,2.72,114,23.53,0.77,115/2
2026-08-20,6504,37.75,2.65,114,24.20,0.79,115/2
2026-08-21,6504,38.30,2.61,114,24.55,0.80,115/2
2026-08-24,6504,37.90,2.64,114,24.29,0.79,115/2
2026-08-25,6504,37.95,2.64,114,24.33,0.79,115/2
2026-08-26,6504,38.00,2.63,114,24.36,0.79,115/2
2026-08-27,6504,38.00,2.63,114,24.36,0.79,115/2
2026-08-28,6504,37.85,2.64,114,24.26,0.79,115/2
2026-08-31,6504,37.40,2.67,114,23.97,0.78,115/2
2026-09-01,6504,37.90,2.64,114,24.29,0.79,115/2
2026-09-02,6504,37.45,2.67,114,24.01,0.78,115/2
2026-09-03,6504,37.40,2.67,114,23.97,0.78,115/2
2026-09-04,6504,37.10,2.70,114,23.78,0.78,115/2
2026-09-08,6504,37.35,2.68,114,23.94,0.78,115/2
