date,stock_id,close,yield_pct,dividend_year,per,pbr,fs_quarter
2015-01-05,8091,,7.54,103,11.71,1.85,
2015-01-06,8091,,7.62,103,11.60,1.83,
2015-01-07,8091,,7.66,103,11.54,1.82,
2015-01-08,8091,,7.60,103,11.63,1.83,
2015-01-09,8091,,7.72,103,11.45,1.81,
2015-01-12,8091,,7.84,103,11.27,1.78,
2015-01-13,8091,,7.73,103,11.43,1.80,
2015-01-14,8091,,7.76,103,11.38,1.80,
2015-01-15,8091,,7.75,103,11.40,1.80,
2015-01-16,8091,,7.78,103,11.36,1.79,
2015-01-19,8091,,7.81,103,11.31,1.79,
2015-01-20,8091,,7.70,103,11.47,1.81,
2015-01-21,8091,,7.66,103,11.54,1.82,
2015-01-22,8091,,7.63,103,11.58,1.83,
2015-01-23,8091,,7.66,103,11.54,1.82,
2015-01-26,8091,,7.69,103,11.49,1.81,
2015-01-27,8091,,7.64,103,11.56,1.82,
2015-01-28,8091,,7.67,103,11.51,1.82,
2015-01-29,8091,,7.70,103,11.47,1.81,
2015-01-30,8091,,7.66,103,11.54,1.82,
2015-02-02,8091,,7.59,103,11.65,1.84,
2015-02-03,8091,,7.59,103,11.65,1.84,
2015-02-04,8091,,7.63,103,11.58,1.83,
2015-02-05,8091,,7.29,103,12.12,1.91,
2015-02-06,8091,,7.33,103,12.05,1.90,
2015-02-09,8091,,7.20,103,12.27,1.94,
2015-02-10,8091,,7.24,103,12.20,1.93,
2015-02-11,8091,,7.21,103,12.25,1.93,
2015-02-12,8091,,7.10,103,12.45,1.96,
2015-02-13,8091,,7.01,103,12.61,1.99,
2015-02-24,8091,,6.83,103,12.94,2.04,
2015-02-25,8091,,6.79,103,13.01,2.05,
2015-02-26,8091,,6.78,103,13.03,2.06,
2015-03-02,8091,,6.70,103,13.18,2.08,
2015-03-03,8091,,6.75,103,13.10,2.07,
2015-03-04,8091,,6.75,103,13.10,2.07,
2015-03-05,8091,,6.35,103,13.92,2.20,
2015-03-06,8091,,6.36,103,13.90,2.19,
2015-03-09,8091,,6.13,103,14.41,2.27,
2015-03-10,8091,,6.20,103,14.25,2.25,
2015-03-11,8091,,6.23,103,14.19,2.24,
2015-03-12,8091,,6.11,103,14.45,2.28,
2015-03-13,8091,,6.12,103,14.43,2.28,
2015-03-16,8091,,6.14,103,14.39,2.27,
2015-03-17,8091,,6.14,103,14.39,2.27,
2015-03-18,8091,,6.10,103,14.48,2.28,
2015-03-19,8091,,5.98,103,14.79,2.33,
2015-03-20,8091,,6.04,103,14.63,2.31,
2015-03-23,8091,,6.18,103,14.30,2.26,
2015-03-24,8091,,6.24,103,14.16,2.24,
2015-03-25,8091,,6.22,103,14.21,2.24,
2015-03-26,8091,,6.22,103,14.21,2.24,
2015-03-27,8091,,6.10,103,14.48,2.28,
2015-03-30,8091,,5.97,103,14.81,2.34,
2015-03-31,8091,,5.99,103,14.74,2.33,
2015-04-01,8091,,6.04,103,14.63,2.31,
2015-04-02,8091,,6.03,103,14.65,2.31,
2015-04-07,8091,,6.16,103,13.73,2.12,
2015-04-08,8091,,6.15,103,13.75,2.13,
2015-04-09,8091,,6.16,103,13.73,2.12,
2015-04-10,8091,,5.76,103,14.69,2.27,
2015-04-13,8091,,5.80,103,14.58,2.25,
2015-04-14,8091,,5.79,103,14.61,2.26,
2015-04-15,8091,,5.95,103,14.35,2.22,
2015-04-16,8091,,5.64,103,15.14,2.34,
2015-04-17,8091,,5.66,103,15.10,2.33,
2015-04-20,8091,,5.70,103,14.99,2.32,
2015-04-21,8091,,5.82,103,14.69,2.27,
2015-04-22,8091,,5.73,103,14.90,2.30,
2015-04-23,8091,,5.74,103,14.88,2.30,
2015-04-24,8091,,5.77,103,14.80,2.29,
2015-04-27,8091,,5.83,103,14.67,2.27,
2015-04-28,8091,,5.61,103,15.22,2.35,
2015-04-29,8091,,5.70,103,14.99,2.32,
2015-04-30,8091,,5.64,103,15.16,2.34,
2015-05-04,8091,,5.67,103,15.07,2.33,
2015-05-05,8091,,5.65,103,15.12,2.34,
2015-05-06,8091,,5.34,103,15.99,2.47,
2015-05-07,8091,,5.74,103,14.88,2.30,
2015-05-08,8091,,5.98,103,14.29,2.21,
2015-05-11,8091,,5.96,103,14.33,2.21,
2015-05-12,8091,,5.73,103,14.93,2.31,
2015-05-13,8091,,5.82,103,14.69,2.27,
2015-05-14,8091,,5.64,103,15.14,2.34,
2015-05-15,8091,,5.64,103,15.16,2.34,
2015-05-18,8091,,5.58,103,15.31,2.37,
2015-05-19,8091,,5.49,103,15.57,2.41,
2015-05-20,8091,,5.46,103,15.65,2.42,
2015-05-21,8091,,5.52,103,15.48,2.39,
2015-05-22,8091,,5.55,103,15.39,2.38,
2015-05-25,8091,,5.59,103,15.29,2.36,
2015-05-26,8091,,5.34,103,16.47,2.39,
2015-05-27,8091,,5.34,103,16.47,2.39,
2015-05-28,8091,,5.11,103,17.21,2.50,
2015-05-29,8091,,5.05,103,17.39,2.53,
2015-06-01,8091,,5.05,103,17.41,2.53,
2015-06-02,8091,,4.93,103,17.83,2.59,
2015-06-03,8091,,5.04,103,17.43,2.53,
2015-06-04,8091,,5.27,103,16.67,2.42,
2015-06-05,8091,,5.42,103,16.21,2.36,
2015-06-08,8091,,5.32,103,16.51,2.40,
2015-06-09,8091,,5.57,103,15.79,2.29,
2015-06-10,8091,,5.41,103,16.25,2.36,
2015-06-11,8091,,5.38,103,16.34,2.37,
2015-06-12,8091,,5.55,103,15.83,2.30,
2015-06-15,8091,,5.60,103,15.70,2.28,
2015-06-16,8091,,5.61,103,15.66,2.28,
2015-06-17,8091,,5.47,103,16.07,2.34,
2015-06-18,8091,,5.27,103,16.67,2.42,
2015-06-22,8091,,5.27,103,16.69,2.43,
2015-06-23,8091,,5.36,103,16.38,2.38,
2015-06-24,8091,,5.34,103,16.47,2.39,
2015-06-25,8091,,5.07,103,17.32,2.52,
2015-06-26,8091,,5.11,103,17.21,2.50,
2015-06-29,8091,,5.29,103,16.60,2.41,
2015-06-30,8091,,5.18,103,16.97,2.47,
2015-07-01,8091,,5.23,103,16.82,2.44,
2015-07-02,8091,,5.12,103,17.17,2.50,
2015-07-03,8091,,5.14,103,17.11,2.49,
2015-07-06,8091,,5.27,103,16.67,2.42,
2015-07-07,8091,,5.23,103,16.80,2.44,
2015-07-08,8091,,5.48,103,16.03,2.33,
2015-07-09,8091,,5.49,103,16.01,2.33,
2015-07-13,8091,,5.38,103,16.34,2.37,
2015-07-14,8091,,5.45,103,16.12,2.34,
2015-07-15,8091,,5.45,103,16.12,2.34,
2015-07-16,8091,,5.58,103,15.75,2.29,
2015-07-17,8091,,5.61,103,15.68,2.28,
2015-07-20,8091,,5.72,103,15.37,2.23,
2015-07-21,8091,,5.88,103,14.96,2.17,
2015-07-22,8091,,5.73,103,15.35,2.23,
2015-07-23,8091,,5.68,103,15.48,2.25,
2015-07-24,8091,,5.88,103,14.96,2.17,
2015-07-27,8091,,6.45,103,13.62,1.98,
2015-07-28,8091,,6.67,103,13.18,1.92,
2015-07-29,8091,,6.65,103,13.22,1.92,
2015-07-30,8091,,6.57,103,13.38,1.94,
2015-07-31,8091,,6.89,103,12.76,1.85,
2015-08-03,8091,,7.49,103,11.73,1.70,
2015-08-04,8091,,8.17,103,10.76,1.56,
2015-08-05,8091,,7.75,103,11.34,1.65,
2015-08-06,8091,,7.50,103,11.71,1.70,
2015-08-07,8091,,7.41,103,11.86,1.72,
2015-08-10,8091,,7.06,103,12.46,1.81,
2015-08-11,8091,,7.38,103,11.91,1.73,
2015-08-12,8091,,7.29,103,12.06,1.75,
2015-08-13,8091,,7.27,103,12.08,1.76,
2015-08-14,8091,,7.27,103,12.08,1.76,
2015-08-17,8091,,7.52,103,11.69,1.70,
2015-08-18,8091,,7.77,103,11.32,1.64,
2015-08-19,8091,,7.84,103,11.21,1.63,
2015-08-20,8091,,7.84,103,11.18,1.44,
2015-08-21,8091,,7.94,103,11.05,1.42,
2015-08-24,8091,,8.75,103,10.02,1.29,
2015-08-25,8091,,8.25,103,10.63,1.37,
2015-08-26,8091,,8.02,103,10.94,1.40,
2015-08-27,8091,,7.86,103,11.16,1.43,
2015-08-28,8091,,7.45,103,11.77,1.51,
2015-08-31,8091,,7.16,103,12.25,1.57,
2015-09-01,8091,,7.22,103,12.14,1.56,
2015-09-02,8091,,7.22,103,12.14,1.56,
2015-09-03,8091,,7.16,103,12.25,1.57,
2015-09-04,8091,,7.16,103,12.25,1.57,
2015-09-07,8091,,7.14,103,12.28,1.58,
2015-09-08,8091,,6.92,103,12.67,1.63,
2015-09-09,8091,,6.76,103,12.98,1.67,
2015-09-10,8091,,6.67,103,13.15,1.69,
2015-09-11,8091,,6.66,103,13.17,1.69,
2015-09-14,8091,,6.68,103,13.13,1.69,
2015-09-15,8091,,6.89,103,12.74,1.63,
2015-09-16,8091,,6.79,103,12.91,1.66,
2015-09-17,8091,,6.76,103,12.98,1.67,
2015-09-18,8091,,6.55,103,13.39,1.72,
2015-09-21,8091,,6.60,103,13.28,1.71,
2015-09-22,8091,,6.69,103,13.11,1.68,
2015-09-23,8091,,6.79,103,12.91,1.66,
2015-09-24,8091,,6.93,103,12.65,1.62,
2015-09-25,8091,,6.79,103,12.91,1.66,
2015-09-30,8091,,6.92,103,12.67,1.63,
2015-10-01,8091,,6.79,103,12.91,1.66,
2015-10-02,8091,,6.80,103,12.89,1.65,
2015-10-05,8091,,6.74,103,13.02,1.67,
2015-10-06,8091,,6.70,103,13.09,1.68,
2015-10-07,8091,,6.75,103,13.00,1.67,
2015-10-08,8091,,6.87,103,12.76,1.64,
2015-10-12,8091,,6.96,103,12.60,1.62,
2015-10-13,8091,,7.03,103,12.47,1.60,
2015-10-14,8091,,6.91,103,12.69,1.63,
2015-10-15,8091,,6.98,103,12.56,1.61,
2015-10-16,8091,,7.07,103,12.41,1.59,
2015-10-19,8091,,6.99,103,12.54,1.61,
2015-10-20,8091,,6.85,103,12.80,1.64,
2015-10-21,8091,,6.91,103,12.69,1.63,
2015-10-22,8091,,6.34,103,13.83,1.78,
2015-10-23,8091,,6.55,103,13.39,1.72,
2015-10-26,8091,,6.47,103,13.54,1.74,
2015-10-27,8091,,6.57,103,13.35,1.71,
2015-10-28,8091,,6.65,103,13.19,1.69,
2015-10-29,8091,,6.64,103,13.22,1.70,
2015-10-30,8091,,6.75,103,13.00,1.67,
2015-11-02,8091,,6.61,103,13.26,1.70,
2015-11-03,8091,,6.68,103,13.13,1.69,
2015-11-04,8091,,6.64,103,13.22,1.70,
2015-11-05,8091,,6.65,103,13.19,1.69,
2015-11-06,8091,,6.52,103,13.46,1.73,
2015-11-09,8091,,6.53,103,13.44,1.72,
2015-11-10,8091,,6.61,103,13.26,1.70,
2015-11-11,8091,,6.56,103,13.37,1.72,
2015-11-12,8091,,6.59,103,13.30,1.71,
2015-11-13,8091,,6.65,103,13.19,1.69,
2015-11-16,8091,,6.70,103,13.09,1.68,
2015-11-17,8091,,6.57,103,13.35,1.71,
2015-11-18,8091,,6.52,103,13.46,1.73,
2015-11-19,8091,,6.45,103,13.59,1.74,
2015-11-20,8091,,6.39,103,13.72,1.76,
2015-11-23,8091,,6.11,103,12.91,1.79,
2015-11-24,8091,,6.25,103,12.62,1.75,
2015-11-25,8091,,6.36,103,12.40,1.72,
2015-11-26,8091,,6.33,103,12.46,1.73,
2015-11-27,8091,,6.33,103,12.46,1.73,
2015-11-30,8091,,6.45,103,12.22,1.69,
2015-12-01,8091,,6.18,103,12.78,1.77,
2015-12-02,8091,,6.07,103,12.99,1.80,
2015-12-03,8091,,6.18,103,12.76,1.77,
2015-12-04,8091,,6.13,103,12.87,1.78,
2015-12-07,8091,,5.79,103,13.62,1.89,
2015-12-08,8091,,5.88,103,13.43,1.86,
2015-12-09,8091,,6.05,103,13.03,1.81,
2015-12-10,8091,,5.94,103,13.29,1.84,
2015-12-11,8091,,6.04,103,13.05,1.81,
2015-12-14,8091,,6.15,103,12.83,1.78,
2015-12-15,8091,,6.16,103,12.81,1.78,
2015-12-16,8091,,6.10,103,12.93,1.79,
2015-12-17,8091,,6.05,103,13.03,1.81,
2015-12-18,8091,,6.09,103,12.95,1.80,
2015-12-21,8091,,5.98,103,13.19,1.83,
2015-12-22,8091,,5.98,103,13.19,1.83,
2015-12-23,8091,,5.98,103,13.19,1.83,
2015-12-24,8091,,6.07,103,12.99,1.80,
2015-12-25,8091,,6.07,103,12.99,1.80,
2015-12-28,8091,,6.17,103,12.80,1.77,
2015-12-29,8091,,6.19,103,12.74,1.77,
2015-12-30,8091,,6.24,103,12.64,1.75,
2015-12-31,8091,,6.23,103,12.66,1.75,
2016-01-04,8091,,6.34,104,12.44,1.72,
2016-01-05,8091,,6.54,104,12.07,1.67,
2016-01-06,8091,,6.68,104,11.81,1.64,
2016-01-07,8091,,6.98,104,11.30,1.57,
2016-01-08,8091,,6.76,104,11.67,1.62,
2016-01-11,8091,,6.79,104,11.61,1.61,
2016-01-12,8091,,6.99,104,11.28,1.56,
2016-01-13,8091,,6.97,104,11.32,1.57,
2016-01-14,8091,,7.19,104,10.96,1.52,
2016-01-15,8091,,7.17,104,11.00,1.53,
2016-01-18,8091,,6.83,104,11.56,1.60,
2016-01-19,8091,,6.80,104,11.59,1.61,
2016-01-20,8091,,7.02,104,11.24,1.56,
2016-01-21,8091,,7.09,104,11.12,1.54,
2016-01-22,8091,,7.06,104,11.18,1.55,
2016-01-25,8091,,6.93,104,11.38,1.58,
2016-01-26,8091,,6.98,104,11.30,1.57,
2016-01-27,8091,,7.04,104,11.20,1.55,
2016-01-28,8091,,11.76,104,11.42,1.58,
2016-01-29,8091,,11.66,104,11.52,1.60,
2016-01-30,8091,,11.51,104,11.67,1.62,
2016-02-01,8091,,11.55,104,11.63,1.61,
2016-02-02,8091,,11.55,104,11.63,1.61,
2016-02-03,8091,,11.49,104,11.69,1.62,
2016-02-15,8091,,11.37,104,11.81,1.64,
2016-02-16,8091,,11.35,104,11.83,1.64,
2016-02-17,8091,,11.45,104,11.73,1.63,
2016-02-18,8091,,11.04,104,12.17,1.69,
2016-02-19,8091,,10.93,104,12.28,1.70,
2016-02-22,8091,,11.04,104,12.17,1.69,
2016-02-23,8091,,10.88,104,12.34,1.71,
2016-02-24,8091,,11.11,104,12.09,1.68,
2016-02-25,8091,,11.08,104,12.13,1.68,
2016-02-26,8091,,10.93,104,12.28,1.70,
2016-03-01,8091,,10.78,104,12.46,1.73,
2016-03-02,8091,,10.76,104,12.48,1.73,
2016-03-03,8091,,10.69,104,12.56,1.74,
2016-03-04,8091,,10.64,104,12.62,1.75,
2016-03-07,8091,,10.75,104,12.50,1.73,
2016-03-08,8091,,10.78,104,12.46,1.73,
2016-03-09,8091,,10.93,104,12.28,1.70,
2016-03-10,8091,,10.95,104,12.26,1.70,
2016-03-11,8091,,10.92,104,12.30,1.71,
2016-03-14,8091,,10.76,104,12.48,1.73,
2016-03-15,8091,,10.95,104,12.26,1.70,
2016-03-16,8091,,10.80,104,12.44,1.72,
2016-03-17,8091,,10.73,104,12.52,1.74,
2016-03-18,8091,,10.31,104,13.03,1.81,
2016-03-21,8091,,10.28,104,13.07,1.81,
2016-03-22,8091,,10.40,104,12.91,1.79,
2016-03-23,8091,,10.56,104,12.72,1.76,
2016-03-24,8091,,10.61,104,12.66,1.75,
2016-03-25,8091,,10.69,104,12.56,1.74,
2016-03-28,8091,,11.87,104,11.32,1.57,
2016-03-29,8091,,11.80,104,11.38,1.58,
2016-03-30,8091,,11.83,104,11.36,1.57,
2016-03-31,8091,,11.93,104,11.26,1.56,
2016-04-01,8091,,12.14,104,11.06,1.53,
2016-04-06,8091,,5.24,104,11.26,1.56,
2016-04-07,8091,,5.12,104,11.54,1.60,
2016-04-08,8091,,5.10,104,10.83,1.53,
2016-04-11,8091,,5.18,104,10.66,1.51,
2016-04-12,8091,,5.19,104,10.64,1.51,
2016-04-13,8091,,5.20,104,10.63,1.50,
2016-04-14,8091,,5.21,104,10.61,1.50,
2016-04-15,8091,,5.28,104,10.46,1.48,
2016-04-18,8091,,5.35,104,10.33,1.46,
2016-04-19,8091,,5.37,104,10.29,1.46,
2016-04-20,8091,,5.43,104,10.17,1.44,
2016-04-21,8091,,5.52,104,10.00,1.41,
2016-04-22,8091,,5.77,104,9.58,1.35,
2016-04-25,8091,,5.69,104,9.71,1.37,
2016-04-26,8091,,5.80,104,9.52,1.35,
2016-04-27,8091,,5.84,104,9.47,1.34,
2016-04-28,8091,,5.88,104,9.39,1.33,
2016-04-29,8091,,5.84,104,9.47,1.34,
2016-05-03,8091,,5.88,104,9.39,1.33,
2016-05-04,8091,,5.99,104,9.23,1.30,
2016-05-05,8091,,5.96,104,9.26,1.31,
2016-05-06,8091,,5.91,104,9.36,1.32,
2016-05-09,8091,,6.10,104,9.05,1.28,
2016-05-10,8091,,6.12,104,9.02,1.28,
2016-05-11,8091,,6.09,104,9.08,1.28,
2016-05-12,8091,,6.09,104,9.07,1.28,
2016-05-13,8091,,6.28,104,8.80,1.24,
2016-05-16,8091,,6.41,104,8.62,1.22,
2016-05-17,8091,,6.09,104,9.08,1.28,
2016-05-18,8091,,6.04,104,9.15,1.29,
2016-05-19,8091,,6.10,104,9.06,1.28,
2016-05-20,8091,,6.01,104,9.70,1.27,
2016-05-23,8091,,5.87,104,9.92,1.30,
2016-05-24,8091,,5.88,104,9.90,1.30,
2016-05-25,8091,,5.88,104,9.90,1.30,
2016-05-26,8091,,5.85,104,9.96,1.30,
2016-05-27,8091,,5.84,104,9.98,1.31,
2016-05-30,8091,,5.84,104,9.98,1.31,
2016-05-31,8091,,5.88,104,9.90,1.30,
2016-06-01,8091,,5.89,104,9.88,1.29,
2016-06-02,8091,,5.93,104,9.83,1.29,
2016-06-03,8091,,5.95,104,9.79,1.28,
2016-06-04,8091,,5.95,104,9.79,1.28,
2016-06-06,8091,,5.95,104,9.79,1.28,
2016-06-07,8091,,5.94,104,9.81,1.28,
2016-06-08,8091,,5.95,104,9.79,1.28,
2016-06-13,8091,,5.95,104,9.79,1.28,
2016-06-14,8091,,5.94,104,9.81,1.28,
2016-06-15,8091,,5.94,104,9.81,1.28,
2016-06-16,8091,,5.96,104,9.77,1.28,
2016-06-17,8091,,5.94,104,9.81,1.28,
2016-06-20,8091,,5.93,104,9.83,1.29,
2016-06-21,8091,,5.86,104,9.94,1.30,
2016-06-22,8091,,5.85,104,9.96,1.30,
2016-06-23,8091,,5.88,104,9.90,1.30,
2016-06-24,8091,,5.99,104,9.73,1.27,
2016-06-27,8091,,5.87,104,9.92,1.30,
2016-06-28,8091,,5.56,104,10.49,1.37,
2016-06-29,8091,,5.56,104,10.49,1.37,
2016-06-30,8091,,5.57,104,10.47,1.37,
2016-07-01,8091,,5.57,104,10.47,1.37,
2016-07-04,8091,,5.64,104,10.33,1.35,
2016-07-05,8091,,5.65,104,10.31,1.35,
2016-07-06,8091,,5.70,104,10.21,1.34,
2016-07-07,8091,,5.70,104,10.21,1.34,
2016-07-11,8091,,5.83,104,10.00,1.31,
2016-07-12,8091,,5.80,104,10.04,1.31,
2016-07-13,8091,,5.81,104,10.02,1.31,
2016-07-14,8091,,5.78,104,10.08,1.32,
2016-07-15,8091,,5.74,104,10.16,1.33,
2016-07-18,8091,,5.73,104,10.17,1.33,
2016-07-19,8091,,5.66,104,10.29,1.35,
2016-07-20,8091,,5.66,104,10.29,1.35,
2016-07-21,8091,,5.63,104,10.35,1.36,
2016-07-22,8091,,5.64,104,10.33,1.35,
2016-07-25,8091,,5.68,104,10.25,1.34,
2016-07-26,8091,,5.68,104,10.25,1.34,
2016-07-27,8091,,5.69,104,10.23,1.34,
2016-07-28,8091,,5.69,104,10.23,1.34,
2016-07-29,8091,,5.74,104,10.16,1.33,
2016-08-01,8091,,5.70,104,10.21,1.34,
2016-08-02,8091,,5.71,104,10.19,1.33,
2016-08-03,8091,,5.70,104,10.21,1.34,
2016-08-04,8091,,5.73,104,10.17,1.33,
2016-08-05,8091,,5.69,104,10.23,1.34,
2016-08-08,8091,,5.73,104,10.17,1.33,
2016-08-09,8091,,5.74,104,10.16,1.33,
2016-08-10,8091,,5.76,104,10.12,1.32,
2016-08-11,8091,,5.85,104,9.96,1.30,
2016-08-12,8091,,5.85,104,9.96,1.30,
2016-08-15,8091,,6.02,104,9.67,1.27,
2016-08-16,8091,,5.98,104,9.75,1.28,
2016-08-17,8091,,5.98,104,9.75,1.28,
2016-08-18,8091,,5.89,104,9.88,1.29,
2016-08-19,8091,,5.88,104,9.90,1.30,
2016-08-22,8091,,5.93,104,9.83,1.29,
2016-08-23,8091,,5.88,104,11.83,1.37,
2016-08-24,8091,,5.87,104,11.86,1.38,
2016-08-25,8091,,5.71,104,12.18,1.41,
2016-08-26,8091,,5.69,104,12.23,1.42,
2016-08-29,8091,,5.68,104,12.25,1.42,
2016-08-30,8091,,5.81,104,11.97,1.39,
2016-08-31,8091,,5.77,104,12.06,1.40,
2016-09-01,8091,,5.79,104,12.02,1.40,
2016-09-02,8091,,5.78,104,12.04,1.40,
2016-09-05,8091,,5.78,104,12.04,1.40,
2016-09-06,8091,,5.66,104,12.30,1.43,
2016-09-07,8091,,5.43,104,12.81,1.49,
2016-09-08,8091,,5.43,104,12.81,1.49,
2016-09-09,8091,,5.52,104,12.60,1.46,
2016-09-10,8091,,5.45,104,12.76,1.48,
2016-09-12,8091,,5.41,104,12.88,1.50,
2016-09-13,8091,,5.33,104,13.06,1.52,
2016-09-14,8091,,5.39,104,12.92,1.50,
2016-09-19,8091,,5.32,104,13.09,1.52,
2016-09-20,8091,,5.23,104,13.32,1.55,
2016-09-21,8091,,5.17,104,13.46,1.56,
2016-09-22,8091,,5.18,104,13.43,1.56,
2016-09-23,8091,,5.16,104,13.48,1.57,
2016-09-26,8091,,5.11,104,13.62,1.58,
2016-09-29,8091,,5.11,104,13.62,1.58,
2016-09-30,8091,,5.02,104,13.87,1.61,
2016-10-03,8091,,4.91,104,14.18,1.65,
2016-10-04,8091,,4.98,104,13.97,1.62,
2016-10-05,8091,,4.92,104,14.15,1.64,
2016-10-06,8091,,4.92,104,14.15,1.64,
2016-10-07,8091,,4.78,104,14.55,1.69,
2016-10-11,8091,,4.78,104,14.55,1.69,
2016-10-12,8091,,4.81,104,14.48,1.68,
2016-10-13,8091,,5.00,104,13.92,1.62,
2016-10-14,8091,,4.99,104,13.94,1.62,
2016-10-17,8091,,4.91,104,14.18,1.65,
2016-10-18,8091,,4.91,104,14.18,1.65,
2016-10-19,8091,,4.88,104,14.27,1.66,
2016-10-20,8091,,4.88,104,14.27,1.66,
2016-10-21,8091,,4.85,104,14.34,1.67,
2016-10-24,8091,,4.89,104,14.25,1.65,
2016-10-25,8091,,4.96,104,14.04,1.63,
2016-10-26,8091,,4.94,104,14.08,1.64,
2016-10-27,8091,,4.90,104,14.20,1.65,
2016-10-28,8091,,4.92,104,14.15,1.64,
2016-10-31,8091,,4.92,104,14.15,1.64,
2016-11-01,8091,,4.93,104,14.11,1.64,
2016-11-02,8091,,5.03,104,13.85,1.61,
2016-11-03,8091,,5.11,104,13.62,1.58,
2016-11-04,8091,,5.20,104,13.39,1.55,
2016-11-07,8091,,5.18,104,13.43,1.56,
2016-11-08,8091,,5.16,104,13.48,1.57,
2016-11-09,8091,,5.32,104,13.09,1.52,
2016-11-10,8091,,5.24,104,13.27,1.54,
2016-11-11,8091,,5.34,104,13.04,1.51,
2016-11-14,8091,,5.45,104,12.76,1.48,
2016-11-15,8091,,5.50,104,12.65,1.47,
2016-11-16,8091,,5.45,104,12.76,1.48,
2016-11-17,8091,,5.44,104,12.78,1.48,
2016-11-18,8091,,5.43,104,12.81,1.49,
2016-11-21,8091,,5.26,104,13.23,1.54,
2016-11-22,8091,,5.19,104,13.41,1.56,
2016-11-23,8091,,5.24,104,13.29,1.54,
2016-11-24,8091,,5.22,104,13.34,1.55,
2016-11-25,8091,,5.24,104,13.29,1.54,
2016-11-28,8091,,5.32,104,13.09,1.52,
2016-11-29,8091,,5.27,104,13.20,1.53,
2016-11-30,8091,,5.30,104,13.13,1.53,
2016-12-01,8091,,5.30,104,14.63,1.48,
2016-12-02,8091,,5.36,104,14.47,1.46,
2016-12-05,8091,,5.35,104,14.50,1.46,
2016-12-06,8091,,5.37,104,14.44,1.46,
2016-12-07,8091,,5.40,104,14.37,1.45,
2016-12-08,8091,,5.47,104,14.16,1.43,
2016-12-09,8091,,5.45,104,14.21,1.43,
2016-12-12,8091,,5.56,104,13.95,1.41,
2016-12-13,8091,,5.57,104,13.93,1.41,
2016-12-14,8091,,5.62,104,13.80,1.39,
2016-12-15,8091,,5.63,104,13.77,1.39,
2016-12-16,8091,,5.55,104,13.98,1.41,
2016-12-19,8091,,5.60,104,13.85,1.40,
2016-12-20,8091,,5.61,104,13.82,1.40,
2016-12-21,8091,,5.66,104,13.70,1.38,
2016-12-22,8091,,5.61,104,13.82,1.40,
2016-12-23,8091,,5.61,104,13.82,1.40,
2016-12-26,8091,,5.61,104,13.82,1.40,
2016-12-27,8091,,5.62,104,13.80,1.39,
2016-12-28,8091,,5.62,104,13.80,1.39,
2016-12-29,8091,,5.60,104,13.85,1.40,
2016-12-30,8091,,5.56,104,13.95,1.41,
2017-01-03,8091,,5.44,105,14.24,1.44,
2017-01-04,8091,,5.49,105,14.11,1.42,
2017-01-05,8091,,5.45,105,14.21,1.43,
2017-01-06,8091,,5.50,105,14.08,1.42,
2017-01-09,8091,,5.47,105,14.16,1.43,
2017-01-10,8091,,5.54,105,14.01,1.41,
2017-01-11,8091,,5.56,105,13.95,1.41,
2017-01-12,8091,,5.62,105,13.80,1.39,
2017-01-13,8091,,5.68,105,13.64,1.38,
2017-01-16,8091,,5.74,105,13.51,1.36,
2017-01-17,8091,,5.66,105,13.70,1.38,
2017-01-18,8091,,5.66,105,13.70,1.38,
2017-01-19,8091,,5.65,105,13.72,1.39,
2017-01-20,8091,,5.68,105,13.64,1.38,
2017-01-23,8091,,5.67,105,13.67,1.38,
2017-01-24,8091,,5.67,105,13.67,1.38,
2017-02-02,8091,,5.66,105,13.70,1.38,
2017-02-03,8091,,5.65,105,13.72,1.39,
2017-02-06,8091,,5.66,105,13.70,1.38,
2017-02-07,8091,,5.67,105,13.67,1.38,
2017-02-08,8091,,5.68,105,13.64,1.38,
2017-02-09,8091,,5.67,105,13.67,1.38,
2017-02-10,8091,,5.69,105,13.62,1.37,
2017-02-13,8091,,5.68,105,13.64,1.38,
2017-02-14,8091,,5.61,105,13.82,1.40,
2017-02-15,8091,,5.61,105,13.82,1.40,
2017-02-16,8091,,5.64,105,13.75,1.39,
2017-02-17,8091,,5.74,105,13.51,1.36,
2017-02-18,8091,,5.77,105,13.44,1.36,
2017-02-20,8091,,5.77,105,13.44,1.36,
2017-02-21,8091,,5.68,105,13.64,1.38,
2017-02-22,8091,,5.60,105,13.85,1.40,
2017-02-23,8091,,5.61,105,13.82,1.40,
2017-02-24,8091,,5.56,105,13.95,1.41,
2017-03-01,8091,,5.48,105,14.13,1.43,
2017-03-02,8091,,5.45,105,14.21,1.43,
2017-03-03,8091,,5.46,105,14.19,1.43,
2017-03-06,8091,,5.48,105,14.13,1.43,
2017-03-07,8091,,5.46,105,14.19,1.43,
2017-03-08,8091,,5.50,105,14.08,1.42,
2017-03-09,8091,,5.59,105,13.88,1.40,
2017-03-10,8091,,5.61,105,13.82,1.40,
2017-03-13,8091,,5.42,105,14.32,1.45,
2017-03-14,8091,,5.40,105,14.37,1.45,
2017-03-15,8091,,5.43,105,14.26,1.44,
2017-03-16,8091,,5.41,105,14.34,1.45,
2017-03-17,8091,,5.27,105,14.70,1.48,
2017-03-20,8091,,5.31,105,14.60,1.47,
2017-03-21,8091,,5.20,105,14.91,1.51,
2017-03-22,8091,,5.20,105,14.91,1.51,
2017-03-23,8091,,5.10,105,15.19,1.53,
2017-03-24,8091,,5.22,105,14.86,1.50,
2017-03-27,8091,,5.32,105,14.57,1.47,
2017-03-28,8091,,6.36,105,14.75,1.49,
2017-03-29,8091,,6.35,105,14.78,1.49,
2017-03-30,8091,,6.30,105,14.88,1.50,
2017-03-31,8091,,6.26,105,14.99,1.51,
2017-04-05,8091,,6.27,105,14.96,1.51,
2017-04-06,8091,,6.29,105,14.91,1.51,
2017-04-07,8091,,6.27,105,14.19,1.46,
2017-04-10,8091,,6.08,105,14.63,1.51,
2017-04-11,8091,,6.17,105,14.44,1.49,
2017-04-12,8091,,6.20,105,14.36,1.48,
2017-04-13,8091,,6.39,105,13.92,1.43,
2017-04-14,8091,,6.36,105,14.00,1.44,
2017-04-17,8091,,6.38,105,13.95,1.44,
2017-04-18,8091,,6.38,105,13.95,1.44,
2017-04-19,8091,,6.45,105,13.80,1.42,
2017-04-20,8091,,6.46,105,13.77,1.42,
2017-04-21,8091,,6.45,105,13.80,1.42,
2017-04-24,8091,,6.47,105,13.75,1.42,
2017-04-25,8091,,6.45,105,13.80,1.42,
2017-04-26,8091,,6.44,105,13.82,1.42,
2017-04-27,8091,,6.26,105,14.22,1.46,
2017-04-28,8091,,6.26,105,14.22,1.46,
2017-05-02,8091,,6.29,105,14.14,1.46,
2017-05-03,8091,,6.35,105,14.02,1.44,
2017-05-04,8091,,6.36,105,14.00,1.44,
2017-05-05,8091,,6.28,105,14.17,1.46,
2017-05-08,8091,,6.29,105,14.14,1.46,
2017-05-09,8091,,6.10,105,14.58,1.50,
2017-05-10,8091,,6.06,105,14.68,1.51,
2017-05-11,8091,,5.92,105,15.02,1.55,
2017-05-12,8091,,5.79,105,15.37,1.58,
2017-05-15,8091,,5.86,105,15.20,1.56,
2017-05-16,8091,,5.82,105,14.05,1.52,
2017-05-17,8091,,5.76,105,14.19,1.54,
2017-05-18,8091,,5.81,105,14.08,1.53,
2017-05-19,8091,,5.60,105,14.62,1.59,
2017-05-22,8091,,5.69,105,14.37,1.56,
2017-05-23,8091,,5.72,105,14.30,1.55,
2017-05-24,8091,,5.71,105,14.32,1.55,
2017-05-25,8091,,5.71,105,14.32,1.55,
2017-05-26,8091,,5.76,105,14.19,1.54,
2017-05-31,8091,,5.78,105,14.14,1.53,
2017-06-01,8091,,5.52,105,14.82,1.61,
2017-06-02,8091,,5.53,105,14.80,1.61,
2017-06-03,8091,,5.26,105,15.54,1.69,
2017-06-05,8091,,5.24,105,15.61,1.69,
2017-06-06,8091,,5.22,105,15.68,1.70,
2017-06-07,8091,,5.36,105,15.25,1.65,
2017-06-08,8091,,5.35,105,15.29,1.66,
2017-06-09,8091,,5.40,105,15.16,1.64,
2017-06-12,8091,,5.42,105,15.09,1.64,
2017-06-13,8091,,5.25,105,15.56,1.69,
2017-06-14,8091,,5.50,105,14.86,1.61,
2017-06-15,8091,,5.44,105,15.02,1.63,
2017-06-16,8091,,5.34,105,15.32,1.66,
2017-06-19,8091,,5.34,105,15.32,1.66,
2017-06-20,8091,,5.37,105,15.23,1.65,
2017-06-21,8091,,5.36,105,15.27,1.66,
2017-06-22,8091,,5.34,105,15.32,1.66,
2017-06-23,8091,,5.34,105,15.32,1.66,
2017-06-26,8091,,5.32,105,15.36,1.67,
2017-06-27,8091,,5.33,105,15.34,1.66,
2017-06-28,8091,,5.29,105,15.45,1.68,
2017-06-29,8091,,5.33,105,15.34,1.66,
2017-06-30,8091,,5.40,105,15.14,1.64,
2017-07-03,8091,,5.40,105,15.14,1.64,
2017-07-04,8091,,5.44,105,15.02,1.63,
2017-07-05,8091,,5.45,105,15.00,1.63,
2017-07-06,8091,,5.32,105,15.36,1.67,
2017-07-07,8091,,5.34,105,15.32,1.66,
2017-07-10,8091,,5.71,105,14.32,1.55,
2017-07-11,8091,,5.70,105,14.35,1.56,
2017-07-12,8091,,5.53,105,14.80,1.61,
2017-07-13,8091,,5.36,105,15.27,1.66,
2017-07-14,8091,,5.44,105,15.05,1.63,
2017-07-17,8091,,5.54,105,14.77,1.60,
2017-07-18,8091,,5.36,105,15.27,1.66,
2017-07-19,8091,,5.35,105,15.29,1.66,
2017-07-20,8091,,5.36,105,15.27,1.66,
2017-07-21,8091,,5.44,105,15.02,1.63,
2017-07-24,8091,,5.51,105,14.84,1.61,
2017-07-25,8091,,5.54,105,14.75,1.60,
2017-07-26,8091,,5.45,105,15.00,1.63,
2017-07-27,8091,,5.34,105,15.32,1.66,
2017-07-28,8091,,5.44,105,15.02,1.63,
2017-07-31,8091,,5.41,105,15.11,1.64,
2017-08-01,8091,,5.27,105,15.52,1.68,
2017-08-02,8091,,5.52,105,14.82,1.61,
2017-08-03,8091,,5.51,105,14.84,1.61,
2017-08-04,8091,,5.33,105,15.34,1.66,
2017-08-07,8091,,5.26,105,15.56,1.69,
2017-08-08,8091,,5.38,105,15.20,1.65,
2017-08-09,8091,,5.36,105,15.25,1.65,
2017-08-10,8091,,5.42,105,15.09,1.64,
2017-08-11,8091,,5.36,105,15.27,1.66,
2017-08-14,8091,,5.38,105,15.20,1.65,
2017-08-15,8091,,5.34,105,13.49,1.75,
2017-08-16,8091,,4.97,105,14.48,1.88,
2017-08-17,8091,,5.02,105,14.37,1.87,
2017-08-18,8091,,5.10,105,14.13,1.84,
2017-08-21,8091,,5.15,105,13.99,1.82,
2017-08-22,8091,,5.14,105,14.03,1.82,
2017-08-23,8091,,5.24,105,13.75,1.79,
2017-08-24,8091,,5.22,105,13.81,1.79,
2017-08-25,8091,,5.12,105,14.07,1.83,
2017-08-28,8091,,5.18,105,13.91,1.81,
2017-08-29,8091,,5.15,105,13.99,1.82,
2017-08-30,8091,,5.15,105,13.99,1.82,
2017-08-31,8091,,5.11,105,14.09,1.83,
2017-09-01,8091,,5.11,105,14.11,1.83,
2017-09-04,8091,,5.14,105,14.03,1.82,
2017-09-05,8091,,5.22,105,13.81,1.79,
2017-09-06,8091,,5.16,105,13.97,1.81,
2017-09-07,8091,,5.22,105,13.79,1.79,
2017-09-08,8091,,5.26,105,13.69,1.78,
2017-09-11,8091,,5.39,105,13.37,1.74,
2017-09-12,8091,,5.39,105,13.37,1.74,
2017-09-13,8091,,5.38,105,13.39,1.74,
2017-09-14,8091,,5.29,105,13.63,1.77,
2017-09-15,8091,,5.34,105,13.49,1.75,
2017-09-18,8091,,5.33,105,13.51,1.76,
2017-09-19,8091,,5.40,105,13.33,1.73,
2017-09-20,8091,,5.38,105,13.39,1.74,
2017-09-21,8091,,5.20,105,13.85,1.80,
2017-09-22,8091,,5.19,105,13.89,1.80,
2017-09-25,8091,,4.94,105,14.58,1.89,
2017-09-26,8091,,5.23,105,13.77,1.79,
2017-09-27,8091,,5.11,105,14.11,1.83,
2017-09-28,8091,,4.97,105,14.50,1.88,
2017-09-29,8091,,4.97,105,14.50,1.88,
2017-09-30,8091,,4.86,105,14.82,1.93,
2017-10-02,8091,,4.87,105,14.80,1.92,
2017-10-03,8091,,4.93,105,14.62,1.90,
2017-10-05,8091,,4.89,105,14.74,1.92,
2017-10-06,8091,,4.93,105,14.60,1.90,
2017-10-11,8091,,5.09,105,14.17,1.84,
2017-10-12,8091,,4.84,105,14.88,1.93,
2017-10-13,8091,,4.53,105,15.89,2.06,
2017-10-16,8091,,4.52,105,15.93,2.07,
2017-10-17,8091,,4.53,105,15.91,2.07,
2017-10-18,8091,,4.41,105,16.33,2.12,
2017-10-19,8091,,4.04,105,17.84,2.32,
2017-10-20,8091,,4.03,105,17.86,2.32,
2017-10-23,8091,,4.05,105,17.78,2.31,
2017-10-24,8091,,4.05,105,17.78,2.31,
2017-10-25,8091,,4.14,105,17.40,2.26,
2017-10-26,8091,,4.18,105,17.22,2.24,
2017-10-27,8091,,4.17,105,17.26,2.24,
2017-10-30,8091,,4.01,105,17.96,2.33,
2017-10-31,8091,,4.03,105,17.90,2.33,
2017-11-01,8091,,3.72,105,19.35,2.51,
2017-11-02,8091,,3.81,105,18.91,2.46,
2017-11-03,8091,,3.76,105,19.15,2.49,
2017-11-06,8091,,3.86,105,18.65,2.42,
2017-11-07,8091,,3.86,105,18.65,2.42,
2017-11-08,8091,,3.86,105,18.65,2.42,
2017-11-09,8091,,3.84,105,18.77,2.44,
2017-11-10,8091,,3.76,105,19.17,2.49,
2017-11-13,8091,,3.85,105,13.90,2.26,
2017-11-14,8091,,3.74,105,14.29,2.32,
2017-11-15,8091,,3.75,105,14.27,2.32,
2017-11-16,8091,,3.84,105,13.93,2.26,
2017-11-17,8091,,3.82,105,13.99,2.27,
2017-11-20,8091,,3.83,105,13.98,2.27,
2017-11-21,8091,,3.80,105,14.06,2.29,
2017-11-22,8091,,3.83,105,13.95,2.27,
2017-11-23,8091,,3.82,105,13.99,2.27,
2017-11-24,8091,,3.88,105,13.80,2.24,
2017-11-27,8091,,3.75,105,14.26,2.32,
2017-11-28,8091,,3.67,105,14.58,2.37,
2017-11-29,8091,,3.71,105,14.43,2.35,
2017-11-30,8091,,3.73,105,14.33,2.33,
2017-12-01,8091,,3.78,105,14.15,2.30,
2017-12-04,8091,,3.76,105,14.23,2.31,
2017-12-05,8091,,4.01,105,13.33,2.17,
2017-12-06,8091,,3.88,105,13.78,2.24,
2017-12-15,8091,,2.79,105,13.40,2.35,
2017-12-18,8091,,2.94,105,12.73,2.23,
2017-12-19,8091,,3.04,105,12.32,2.16,
2017-12-20,8091,,3.09,105,12.11,2.12,
2017-12-21,8091,,3.08,105,12.16,2.13,
2017-12-22,8091,,3.13,105,11.96,2.09,
2017-12-25,8091,,3.19,105,11.75,2.06,
2017-12-26,8091,,3.38,105,11.08,1.94,
2017-12-27,8091,,3.36,105,11.13,1.95,
2017-12-28,8091,,3.06,105,12.22,2.14,
2017-12-29,8091,,3.12,105,12.01,2.10,
2018-01-02,8091,,3.16,106,11.86,2.08,
2018-01-03,8091,,3.05,106,12.27,2.15,
2018-01-04,8091,,2.96,106,12.63,2.21,
2018-01-05,8091,,2.94,106,12.73,2.23,
2018-01-08,8091,,3.05,106,12.27,2.15,
2018-01-09,8091,,3.01,106,12.42,2.17,
2018-01-10,8091,,3.06,106,12.22,2.14,
2018-01-11,8091,,3.14,106,11.91,2.08,
2018-01-12,8091,,3.04,106,12.32,2.16,
2018-01-15,8091,,3.03,106,12.37,2.17,
2018-01-16,8091,,2.90,106,12.89,2.26,
2018-01-17,8091,,2.86,106,13.09,2.29,
2018-01-18,8091,,2.73,106,13.71,2.40,
2018-01-19,8091,,2.75,106,13.61,2.38,
2018-01-22,8091,,2.76,106,13.56,2.37,
2018-01-23,8091,,2.71,106,13.81,2.42,
2018-01-24,8091,,2.79,106,13.40,2.35,
2018-01-25,8091,,2.84,106,13.20,2.31,
2018-01-26,8091,,2.84,106,13.20,2.31,
2018-01-29,8091,,2.84,106,13.20,2.31,
2018-01-30,8091,,2.89,106,12.94,2.26,
2018-01-31,8091,,2.86,106,13.09,2.29,
2018-02-01,8091,,2.88,106,12.99,2.27,
2018-02-02,8091,,3.03,106,12.37,2.17,
2018-02-05,8091,,3.03,106,12.37,2.17,
2018-02-06,8091,,3.35,106,11.19,1.96,
2018-02-07,8091,,3.29,106,11.39,1.99,
2018-02-08,8091,,3.46,106,10.82,1.89,
2018-02-09,8091,,3.54,106,10.57,1.85,
2018-02-12,8091,,3.58,106,10.46,1.83,
2018-02-21,8091,,3.39,106,11.03,1.93,
2018-02-22,8091,,3.27,106,11.44,2.00,
2018-02-23,8091,,3.29,106,11.39,1.99,
2018-02-26,8091,,3.32,106,11.29,1.98,
2018-02-27,8091,,3.26,106,11.49,2.01,
2018-03-01,8091,,3.27,106,11.44,2.00,
2018-03-02,8091,,3.30,106,11.34,1.98,
2018-03-05,8091,,3.39,106,11.03,1.93,
2018-03-06,8091,,3.38,106,11.08,1.94,
2018-03-07,8091,,3.41,106,10.98,1.92,
2018-03-08,8091,,3.33,106,11.24,1.97,
2018-03-09,8091,,3.17,106,11.80,2.07,
2018-03-12,8091,,3.19,106,11.75,2.06,
2018-03-13,8091,,3.26,106,11.49,2.01,
2018-03-14,8091,,2.99,106,12.53,2.19,
2018-03-15,8091,,3.10,106,12.06,2.11,
2018-03-16,8091,,3.20,106,11.70,2.05,
2018-03-19,8091,,3.08,106,12.16,2.13,
2018-03-20,8091,,3.17,106,11.80,2.07,
2018-03-21,8091,,3.20,106,11.70,2.05,
2018-03-22,8091,,3.20,106,11.70,2.05,
2018-03-23,8091,,3.12,106,12.01,2.10,
2018-03-26,8091,,3.08,106,12.16,2.13,
2018-03-27,8091,,3.05,106,12.27,2.15,
2018-03-28,8091,,3.08,106,12.16,2.13,
2018-03-29,8091,,2.86,106,13.09,2.29,
2018-03-30,8091,,7.04,106,12.32,2.16,
2018-03-31,8091,,6.89,106,12.58,2.20,
2018-04-02,8091,,6.92,106,17.36,2.13,
2018-04-03,8091,,7.07,106,17.00,2.09,
2018-04-09,8091,,6.98,106,17.21,2.12,
2018-04-10,8091,,6.89,106,17.43,2.14,
2018-04-11,8091,,7.01,106,17.14,2.11,
2018-04-12,8091,,7.10,106,16.93,2.08,
2018-04-13,8091,,6.92,106,17.36,2.13,
2018-04-16,8091,,7.07,106,17.00,2.09,
2018-04-17,8091,,7.10,106,16.93,2.08,
2018-04-18,8091,,7.19,106,16.71,2.05,
2018-04-19,8091,,6.98,106,17.21,2.12,
2018-04-20,8091,,7.35,106,16.36,2.01,
2018-04-23,8091,,7.48,106,16.07,1.97,
2018-04-24,8091,,7.51,106,16.00,1.97,
2018-04-25,8091,,7.68,106,15.64,1.92,
2018-04-26,8091,,7.61,106,15.79,1.94,
2018-04-27,8091,,7.35,106,16.36,2.01,
2018-04-30,8091,,7.38,106,16.29,2.00,
2018-05-02,8091,,7.61,106,15.79,1.94,
2018-05-03,8091,,7.65,106,15.71,1.93,
2018-05-04,8091,,7.68,106,15.64,1.92,
2018-05-07,8091,,7.31,106,12.21,1.95,
2018-05-08,8091,,7.38,106,12.10,1.93,
2018-05-09,8091,,7.51,106,11.89,1.90,
2018-05-10,8091,,7.54,106,11.84,1.89,
2018-05-11,8091,,7.61,106,11.73,1.87,
2018-05-14,8091,,7.22,106,12.37,1.97,
2018-05-15,8091,,7.31,106,12.21,1.95,
2018-05-16,8091,,7.19,106,12.42,1.98,
2018-05-17,8091,,7.35,106,12.15,1.94,
2018-05-18,8091,,7.44,106,12.00,1.92,
2018-05-21,8091,,7.41,106,12.05,1.92,
2018-05-22,8091,,7.44,106,12.00,1.92,
2018-05-23,8091,,7.54,106,11.84,1.89,
2018-05-24,8091,,7.48,106,11.94,1.91,
2018-05-25,8091,,7.51,106,11.89,1.90,
2018-05-28,8091,,6.95,106,12.85,2.05,
2018-05-29,8091,,7.25,106,12.31,1.97,
2018-05-30,8091,,7.25,106,12.31,1.97,
2018-05-31,8091,,7.28,106,12.26,1.96,
2018-06-01,8091,,7.19,106,12.42,1.98,
2018-06-04,8091,,7.16,106,12.47,1.99,
2018-06-05,8091,,6.95,106,12.85,2.05,
2018-06-06,8091,,7.07,106,12.63,2.02,
2018-06-07,8091,,7.01,106,12.74,2.03,
2018-06-08,8091,,7.04,106,12.69,2.03,
2018-06-11,8091,,6.76,106,13.22,2.11,
2018-06-12,8091,,6.60,106,13.54,2.16,
2018-06-13,8091,,6.60,106,13.54,2.16,
2018-06-14,8091,,6.62,106,13.48,2.15,
2018-06-15,8091,,6.62,106,13.48,2.15,
2018-06-19,8091,,6.84,106,13.06,2.08,
2018-06-20,8091,,6.73,106,13.27,2.12,
2018-06-21,8091,,6.78,106,13.16,2.10,
2018-06-22,8091,,6.98,106,12.79,2.04,
2018-06-25,8091,,7.16,106,12.47,1.99,
2018-06-26,8091,,7.51,106,11.89,1.90,
2018-06-27,8091,,7.48,106,11.94,1.91,
2018-06-28,8091,,7.68,106,11.62,1.86,
2018-06-29,8091,,7.54,106,11.84,1.89,
2018-07-02,8091,,7.58,106,11.78,1.88,
2018-07-03,8091,,7.68,106,11.62,1.86,
2018-07-04,8091,,7.72,106,11.57,1.85,
2018-07-05,8091,,7.79,106,11.46,1.83,
2018-07-06,8091,,7.90,106,11.31,1.81,
2018-07-09,8091,,7.61,106,11.73,1.87,
2018-07-10,8091,,7.61,106,11.73,1.87,
2018-07-11,8091,,7.58,106,11.78,1.88,
2018-07-12,8091,,7.61,106,11.73,1.87,
2018-07-13,8091,,7.41,106,12.05,1.92,
2018-07-16,8091,,7.41,106,12.05,1.92,
2018-07-17,8091,,7.38,106,12.10,1.93,
2018-07-18,8091,,7.54,106,11.84,1.89,
2018-07-19,8091,,7.11,106,12.10,1.93,
2018-07-20,8091,,6.84,106,12.58,2.01,
2018-07-23,8091,,6.98,106,12.31,1.97,
2018-07-24,8091,,6.92,106,12.42,1.98,
2018-07-25,8091,,6.89,106,12.47,1.99,
2018-07-26,8091,,6.95,106,12.37,1.97,
2018-07-27,8091,,7.01,106,12.26,1.96,
2018-07-30,8091,,7.01,106,12.26,1.96,
2018-07-31,8091,,6.89,106,12.47,1.99,
2018-08-01,8091,,6.72,106,12.79,2.04,
2018-08-02,8091,,7.14,106,12.05,1.92,
2018-08-03,8091,,7.14,106,12.05,1.92,
2018-08-06,8091,,7.01,106,12.26,1.96,
2018-08-07,8091,,6.95,106,12.37,1.97,
2018-08-08,8091,,6.78,106,12.69,2.03,
2018-08-09,8091,,6.56,106,13.11,2.09,
2018-08-10,8091,,6.45,106,13.32,2.13,
2018-08-13,8091,,6.86,106,12.63,2.23,
2018-08-14,8091,,6.78,106,12.79,2.26,
2018-08-15,8091,,7.07,106,12.26,2.17,
2018-08-16,8091,,7.04,106,12.31,2.17,
2018-08-17,8091,,7.11,106,12.21,2.16,
2018-08-20,8091,,7.33,106,11.83,2.09,
2018-08-21,8091,,7.11,106,12.21,2.16,
2018-08-22,8091,,7.17,106,12.10,2.14,
2018-08-23,8091,,7.20,106,12.04,2.13,
2018-08-24,8091,,7.23,106,11.99,2.12,
2018-08-27,8091,,7.17,106,12.10,2.14,
2018-08-28,8091,,7.04,106,12.31,2.17,
2018-08-29,8091,,7.07,106,12.26,2.17,
2018-08-30,8091,,7.14,106,12.15,2.15,
2018-08-31,8091,,7.17,106,12.10,2.14,
2018-09-03,8091,,7.14,106,12.15,2.15,
2018-09-04,8091,,7.17,106,12.10,2.14,
2018-09-05,8091,,7.26,106,11.94,2.11,
2018-09-06,8091,,7.14,106,12.15,2.15,
2018-09-07,8091,,7.30,106,11.88,2.10,
2018-09-10,8091,,7.68,106,11.30,2.00,
2018-09-11,8091,,7.57,106,11.46,2.02,
2018-09-12,8091,,7.83,106,11.08,1.96,
2018-09-13,8091,,7.71,106,11.24,1.99,
2018-09-14,8091,,7.64,106,11.35,2.00,
2018-09-17,8091,,7.71,106,11.24,1.99,
2018-09-18,8091,,7.79,106,11.13,1.97,
2018-09-19,8091,,7.68,106,11.30,2.00,
2018-09-20,8091,,7.79,106,11.13,1.97,
2018-09-21,8091,,7.79,106,11.13,1.97,
2018-09-25,8091,,7.83,106,11.08,1.96,
2018-09-26,8091,,7.90,106,10.97,1.94,
2018-09-27,8091,,7.86,106,11.03,1.95,
2018-09-28,8091,,7.90,106,10.97,1.94,
2018-10-01,8091,,7.98,106,10.87,1.92,
2018-10-02,8091,,7.94,106,10.92,1.93,
2018-10-03,8091,,7.98,106,10.87,1.92,
2018-10-04,8091,,8.34,106,10.40,1.84,
2018-10-05,8091,,8.79,106,9.87,1.74,
2018-10-08,8091,,8.99,106,9.65,1.70,
2018-10-09,8091,,9.04,106,9.59,1.69,
2018-10-11,8091,,9.98,106,8.69,1.54,
2018-10-12,8091,,9.63,106,9.00,1.59,
2018-10-15,8091,,9.90,106,8.76,1.55,
2018-10-16,8091,,9.83,106,8.82,1.56,
2018-10-17,8091,,9.90,106,8.76,1.55,
2018-10-18,8091,,10.33,106,8.39,1.48,
2018-10-19,8091,,10.45,106,8.30,1.47,
2018-10-22,8091,,10.25,106,8.46,1.49,
2018-10-23,8091,,10.56,106,8.21,1.45,
2018-10-24,8091,,10.71,106,8.09,1.43,
2018-10-25,8091,,11.54,106,7.52,1.33,
2018-10-26,8091,,11.91,106,7.28,1.29,
2018-10-29,8091,,12.07,106,7.18,1.27,
2018-10-30,8091,,11.96,106,7.25,1.28,
2018-10-31,8091,,11.11,106,7.81,1.38,
2018-11-01,8091,,10.80,106,8.03,1.42,
2018-11-02,8091,,10.51,106,8.25,1.46,
2018-11-05,8091,,10.51,106,8.25,1.46,
2018-11-06,8091,,11.13,106,7.79,1.38,
2018-11-07,8091,,10.67,106,8.13,1.44,
2018-11-08,8091,,10.60,106,8.18,1.44,
2018-11-09,8091,,10.62,106,8.17,1.44,
2018-11-12,8091,,10.81,106,8.02,1.42,
2018-11-13,8091,,11.22,106,10.52,1.33,
2018-11-14,8091,,10.98,106,10.76,1.36,
2018-11-15,8091,,11.22,106,10.52,1.33,
2018-11-16,8091,,11.17,106,10.57,1.34,
2018-11-19,8091,,11.23,106,10.51,1.33,
2018-11-20,8091,,11.25,106,10.50,1.33,
2018-11-21,8091,,10.99,106,10.74,1.36,
2018-11-22,8091,,10.73,106,11.01,1.39,
2018-11-23,8091,,10.51,106,11.24,1.42,
2018-11-26,8091,,10.59,106,11.15,1.41,
2018-11-27,8091,,10.62,106,11.12,1.41,
2018-11-28,8091,,10.44,106,11.31,1.43,
2018-11-29,8091,,10.45,106,11.30,1.43,
2018-11-30,8091,,10.40,106,11.36,1.44,
2018-12-03,8091,,9.89,106,11.94,1.51,
2018-12-04,8091,,9.89,106,11.94,1.51,
2018-12-05,8091,,10.44,106,11.31,1.43,
2018-12-06,8091,,10.98,106,10.76,1.36,
2018-12-07,8091,,10.93,106,10.80,1.37,
2018-12-10,8091,,11.25,106,10.50,1.33,
2018-12-11,8091,,11.17,106,10.57,1.34,
2018-12-12,8091,,10.81,106,10.92,1.38,
2018-12-13,8091,,10.76,106,10.98,1.39,
2018-12-14,8091,,10.89,106,10.85,1.37,
2018-12-17,8091,,10.80,106,10.93,1.39,
2018-12-18,8091,,11.20,106,10.54,1.34,
2018-12-19,8091,,11.10,106,10.64,1.35,
2018-12-20,8091,,11.16,106,10.58,1.34,
2018-12-21,8091,,11.17,106,10.57,1.34,
2018-12-22,8091,,11.28,106,10.47,1.33,
2018-12-24,8091,,11.25,106,10.50,1.33,
2018-12-25,8091,,11.46,106,10.31,1.31,
2018-12-26,8091,,11.42,106,10.34,1.31,
2018-12-27,8091,,11.31,106,10.44,1.32,
2018-12-28,8091,,11.33,106,10.42,1.32,
2019-01-02,8091,,11.55,107,10.22,1.29,
2019-01-03,8091,,11.64,107,10.15,1.29,
2019-01-04,8091,,11.86,107,9.96,1.26,
2019-01-07,8091,,11.67,107,10.12,1.28,
2019-01-08,8091,,11.70,107,10.09,1.28,
2019-01-09,8091,,11.51,107,10.26,1.30,
2019-01-10,8091,,11.44,107,10.32,1.31,
2019-01-11,8091,,11.57,107,10.20,1.29,
2019-01-14,8091,,11.76,107,10.04,1.27,
2019-01-15,8091,,11.81,107,10.00,1.27,
2019-01-16,8091,,11.42,107,10.34,1.31,
2019-01-17,8091,,11.34,107,10.41,1.32,
2019-01-18,8091,,11.44,107,10.32,1.31,
2019-01-21,8091,,11.33,107,10.42,1.32,
2019-01-22,8091,,11.33,107,10.42,1.32,
2019-01-23,8091,,11.41,107,10.35,1.31,
2019-01-24,8091,,11.42,107,10.34,1.31,
2019-01-25,8091,,11.20,107,10.54,1.34,
2019-01-28,8091,,10.81,107,10.92,1.38,
2019-01-29,8091,,10.90,107,10.83,1.37,
2019-01-30,8091,,10.93,107,10.80,1.37,
2019-02-11,8091,,10.99,107,10.74,1.36,
2019-02-12,8091,,10.66,107,11.08,1.40,
2019-02-13,8091,,10.57,107,11.17,1.41,
2019-02-14,8091,,10.66,107,11.08,1.40,
2019-02-15,8091,,10.66,107,11.08,1.40,
2019-02-18,8091,,10.79,107,10.95,1.39,
2019-02-19,8091,,10.92,107,10.82,1.37,
2019-02-20,8091,,10.89,107,10.85,1.37,
2019-02-21,8091,,10.67,107,11.06,1.40,
2019-02-22,8091,,10.76,107,10.98,1.39,
2019-02-25,8091,,10.42,107,11.33,1.43,
2019-02-26,8091,,10.51,107,11.24,1.42,
2019-02-27,8091,,10.53,107,11.21,1.42,
2019-03-04,8091,,10.45,107,11.30,1.43,
2019-03-05,8091,,10.48,107,11.27,1.43,
2019-03-06,8091,,10.41,107,11.34,1.44,
2019-03-07,8091,,10.41,107,11.34,1.44,
2019-03-08,8091,,10.70,107,11.03,1.40,
2019-03-11,8091,,10.66,107,11.08,1.40,
2019-03-12,8091,,10.53,107,11.21,1.42,
2019-03-13,8091,,10.46,107,11.28,1.43,
2019-03-14,8091,,10.44,107,11.31,1.43,
2019-03-15,8091,,9.78,107,12.07,1.53,
2019-03-18,8091,,9.85,107,11.98,1.52,
2019-03-19,8091,,9.81,107,12.04,1.53,
2019-03-20,8091,,10.02,107,11.78,1.49,
2019-03-21,8091,,10.11,107,11.68,1.48,
2019-03-22,8091,,10.10,107,11.69,1.48,
2019-03-25,8091,,7.16,107,12.09,1.44,
2019-03-26,8091,,7.15,107,12.10,1.44,
2019-03-27,8091,,7.18,107,12.06,1.43,
2019-03-28,8091,,7.22,107,12.00,1.42,
2019-03-29,8091,,7.08,107,12.23,1.45,
2019-04-01,8091,,7.05,107,12.29,1.46,
2019-04-02,8091,,7.15,107,12.12,1.44,
2019-04-03,8091,,7.16,107,12.09,1.44,
2019-04-08,8091,,7.11,107,12.18,1.45,
2019-04-09,8091,,7.09,107,12.21,1.45,
2019-04-10,8091,,7.00,107,12.36,1.47,
2019-04-11,8091,,7.11,107,12.18,1.45,
2019-04-12,8091,,7.15,107,12.10,1.44,
2019-04-15,8091,,7.17,107,12.07,1.43,
2019-04-16,8091,,7.15,107,12.12,1.44,
2019-04-17,8091,,7.15,107,12.12,1.44,
2019-04-18,8091,,7.15,107,12.10,1.44,
2019-04-19,8091,,6.97,107,12.42,1.47,
2019-04-22,8091,,6.81,107,12.71,1.51,
2019-04-23,8091,,6.83,107,12.68,1.51,
2019-04-24,8091,,6.89,107,12.58,1.49,
2019-04-25,8091,,6.93,107,12.50,1.48,
2019-04-26,8091,,6.92,107,12.52,1.49,
2019-04-29,8091,,6.93,107,12.50,1.48,
2019-04-30,8091,,6.88,107,12.59,1.49,
2019-05-02,8091,,6.81,107,12.71,1.51,
2019-05-03,8091,,6.45,107,13.41,1.59,
2019-05-06,8091,,6.73,107,12.87,1.53,
2019-05-07,8091,,6.71,107,12.90,1.53,
2019-05-08,8091,,6.72,107,12.88,1.53,
2019-05-09,8091,,7.10,107,12.20,1.45,
2019-05-10,8091,,7.15,107,12.10,1.44,
2019-05-13,8091,,7.30,107,11.86,1.41,
2019-05-14,8091,,7.24,107,13.80,1.39,
2019-05-15,8091,,7.24,107,13.80,1.39,
2019-05-16,8091,,7.22,107,13.83,1.40,
2019-05-17,8091,,7.31,107,13.66,1.38,
2019-05-20,8091,,7.38,107,13.53,1.37,
2019-05-21,8091,,7.55,107,13.22,1.33,
2019-05-22,8091,,7.35,107,13.59,1.37,
2019-05-23,8091,,7.43,107,13.43,1.35,
2019-05-24,8091,,7.46,107,13.37,1.35,
2019-05-27,8091,,7.60,107,13.13,1.32,
2019-05-28,8091,,7.61,107,13.11,1.32,
2019-05-29,8091,,7.79,107,12.81,1.29,
2019-05-30,8091,,7.76,107,12.86,1.30,
2019-05-31,8091,,7.72,107,12.93,1.30,
2019-06-03,8091,,7.83,107,12.74,1.29,
2019-06-04,8091,,7.96,107,12.55,1.27,
2019-06-05,8091,,7.96,107,12.55,1.27,
2019-06-06,8091,,8.14,107,12.27,1.24,
2019-06-10,8091,,8.30,107,12.02,1.21,
2019-06-11,8091,,8.24,107,12.11,1.22,
2019-06-12,8091,,8.11,107,12.30,1.24,
2019-06-13,8091,,8.14,107,12.27,1.24,
2019-06-14,8091,,8.13,107,12.28,1.24,
2019-06-17,8091,,8.15,107,12.25,1.24,
2019-06-18,8091,,8.22,107,12.14,1.22,
2019-06-19,8091,,8.17,107,12.21,1.23,
2019-06-20,8091,,8.11,107,12.30,1.24,
2019-06-21,8091,,8.24,107,12.11,1.22,
2019-06-24,8091,,8.24,107,12.11,1.22,
2019-06-25,8091,,8.28,107,12.06,1.22,
2019-06-26,8091,,8.29,107,12.04,1.21,
2019-06-27,8091,,8.23,107,12.13,1.22,
2019-06-28,8091,,8.27,107,12.07,1.22,
2019-07-01,8091,,8.13,107,12.28,1.24,
2019-07-02,8091,,8.07,107,12.37,1.25,
2019-07-03,8091,,8.09,107,12.34,1.24,
2019-07-04,8091,,8.00,107,12.48,1.26,
2019-07-05,8091,,7.83,107,12.74,1.29,
2019-07-08,8091,,7.75,107,12.88,1.30,
2019-07-09,8091,,7.85,107,12.72,1.28,
2019-07-10,8091,,8.11,107,12.30,1.24,
2019-07-11,8091,,8.13,107,12.28,1.24,
2019-07-12,8091,,8.03,107,12.43,1.25,
2019-07-15,8091,,7.89,107,12.65,1.28,
2019-07-16,8091,,7.86,107,12.71,1.28,
2019-07-17,8091,,7.82,107,12.76,1.29,
2019-07-18,8091,,7.70,107,12.97,1.31,
2019-07-19,8091,,7.68,107,12.88,1.30,
2019-07-22,8091,,7.74,107,12.78,1.29,
2019-07-23,8091,,7.55,107,13.09,1.32,
2019-07-24,8091,,7.55,107,13.09,1.32,
2019-07-25,8091,,7.58,107,13.04,1.32,
2019-07-26,8091,,7.58,107,13.04,1.32,
2019-07-29,8091,,7.60,107,13.01,1.31,
2019-07-30,8091,,7.61,107,12.99,1.31,
2019-07-31,8091,,7.66,107,12.92,1.30,
2019-08-01,8091,,7.60,107,13.01,1.31,
2019-08-02,8091,,8.40,107,11.78,1.19,
2019-08-05,8091,,9.03,107,10.95,1.10,
2019-08-06,8091,,9.02,107,10.97,1.11,
2019-08-07,8091,,9.42,107,10.49,1.06,
2019-08-08,8091,,9.41,107,10.51,1.06,
2019-08-12,8091,,9.25,107,10.69,1.08,
2019-08-13,8091,,9.12,107,13.93,1.20,
2019-08-14,8091,,9.27,107,13.70,1.18,
2019-08-15,8091,,9.22,107,13.77,1.18,
2019-08-16,8091,,9.12,107,13.93,1.20,
2019-08-19,8091,,9.10,107,13.95,1.20,
2019-08-20,8091,,9.10,107,13.95,1.20,
2019-08-21,8091,,9.22,107,13.77,1.18,
2019-08-22,8091,,9.28,107,13.68,1.18,
2019-08-23,8091,,9.27,107,13.70,1.18,
2019-08-26,8091,,9.41,107,13.50,1.16,
2019-08-27,8091,,9.38,107,13.54,1.16,
2019-08-28,8091,,9.41,107,13.50,1.16,
2019-08-29,8091,,9.38,107,13.54,1.16,
2019-08-30,8091,,9.35,107,13.59,1.17,
2019-09-02,8091,,9.32,107,13.63,1.17,
2019-09-03,8091,,9.18,107,13.84,1.19,
2019-09-04,8091,,9.21,107,13.79,1.19,
2019-09-05,8091,,9.18,107,13.84,1.19,
2019-09-06,8091,,9.22,107,13.77,1.18,
2019-09-09,8091,,9.22,107,13.77,1.18,
2019-09-10,8091,,9.52,107,13.34,1.15,
2019-09-11,8091,,9.70,107,13.09,1.12,
2019-09-12,8091,,9.72,107,13.07,1.12,
2019-09-16,8091,,9.63,107,13.18,1.13,
2019-09-17,8091,,9.63,107,13.18,1.13,
2019-09-18,8091,,9.50,107,13.36,1.15,
2019-09-19,8091,,9.54,107,13.32,1.14,
2019-09-20,8091,,9.47,107,13.41,1.15,
2019-09-23,8091,,9.46,107,13.43,1.15,
2019-09-24,8091,,9.44,107,13.45,1.16,
2019-09-25,8091,,9.49,107,13.39,1.15,
2019-09-26,8091,,9.68,107,13.12,1.13,
2019-09-27,8091,,9.79,107,12.98,1.12,
2019-10-01,8091,,9.98,107,12.73,1.09,
2019-10-02,8091,,10.01,107,12.69,1.09,
2019-10-03,8091,,10.05,107,12.64,1.09,
2019-10-04,8091,,10.16,107,12.51,1.07,
2019-10-07,8091,,10.10,107,12.57,1.08,
2019-10-08,8091,,10.01,107,12.69,1.09,
2019-10-09,8091,,10.12,107,12.55,1.08,
2019-10-14,8091,,10.23,107,12.42,1.07,
2019-10-15,8091,,10.23,107,12.42,1.07,
2019-10-16,8091,,10.14,107,12.53,1.08,
2019-10-17,8091,,10.25,107,12.39,1.06,
2019-10-18,8091,,10.50,107,12.10,1.04,
2019-10-21,8091,,10.60,107,11.99,1.03,
2019-10-22,8091,,10.48,107,12.12,1.04,
2019-10-23,8091,,9.55,107,13.30,1.14,
2019-10-24,8091,,9.67,107,13.14,1.13,
2019-10-25,8091,,9.68,107,13.12,1.13,
2019-10-28,8091,,9.85,107,12.89,1.11,
2019-10-29,8091,,9.80,107,12.96,1.11,
2019-10-30,8091,,9.70,107,13.09,1.12,
2019-10-31,8091,,9.54,107,13.32,1.14,
2019-11-01,8091,,9.57,107,13.27,1.14,
2019-11-04,8091,,9.42,107,13.48,1.16,
2019-11-05,8091,,9.33,107,13.61,1.17,
2019-11-06,8091,,9.03,107,14.06,1.21,
2019-11-07,8091,,9.15,107,13.88,1.19,
2019-11-08,8091,,9.16,107,15.47,1.17,
2019-11-11,8091,,9.62,107,14.74,1.12,
2019-11-12,8091,,9.47,107,14.96,1.13,
2019-11-13,8091,,9.54,107,14.86,1.13,
2019-11-14,8091,,9.59,107,14.79,1.12,
2019-11-15,8091,,9.50,107,14.91,1.13,
2019-11-18,8091,,9.06,107,15.64,1.19,
2019-11-19,8091,,9.15,107,15.49,1.18,
2019-11-20,8091,,9.27,107,15.29,1.16,
2019-11-21,8091,,9.38,107,15.11,1.15,
2019-11-22,8091,,9.30,107,15.24,1.16,
2019-11-25,8091,,9.13,107,15.52,1.18,
2019-11-26,8091,,9.07,107,15.62,1.18,
2019-11-27,8091,,9.05,107,15.67,1.19,
2019-11-28,8091,,9.06,107,15.64,1.19,
2019-11-29,8091,,9.07,107,15.62,1.18,
2019-12-02,8091,,9.30,107,15.24,1.16,
2019-12-03,8091,,9.27,107,15.29,1.16,
2019-12-04,8091,,9.32,107,15.21,1.15,
2019-12-05,8091,,9.15,107,15.49,1.18,
2019-12-06,8091,,9.12,107,15.54,1.18,
2019-12-09,8091,,9.21,107,15.39,1.17,
2019-12-10,8091,,9.24,107,15.34,1.16,
2019-12-11,8091,,9.16,107,15.47,1.17,
2019-12-12,8091,,8.49,107,16.70,1.27,
2019-12-13,8091,,8.83,107,16.05,1.22,
2019-12-16,8091,,8.55,107,16.57,1.26,
2019-12-17,8091,,8.44,107,16.80,1.27,
2019-12-18,8091,,8.26,107,17.15,1.30,
2019-12-19,8091,,8.40,107,16.88,1.28,
2019-12-20,8091,,8.49,107,16.70,1.27,
2019-12-23,8091,,8.55,107,16.57,1.26,
2019-12-24,8091,,8.74,107,16.22,1.23,
2019-12-25,8091,,8.64,107,16.40,1.24,
2019-12-26,8091,,8.59,107,16.50,1.25,
2019-12-27,8091,,8.47,107,16.73,1.27,
2019-12-30,8091,,8.52,107,16.62,1.26,
2019-12-31,8091,,8.59,107,16.50,1.25,
2020-01-02,8091,,8.50,108,16.68,1.26,
2020-01-03,8091,,8.62,108,16.45,1.25,
2020-01-06,8091,,8.96,108,15.82,1.20,
2020-01-07,8091,,9.00,108,15.74,1.19,
2020-01-08,8091,,8.97,108,15.79,1.20,
2020-01-09,8091,,8.95,108,15.84,1.20,
2020-01-10,8091,,8.95,108,15.84,1.20,
2020-01-13,8091,,8.96,108,15.82,1.20,
2020-01-14,8091,,8.78,108,16.15,1.22,
2020-01-15,8091,,8.92,108,15.89,1.21,
2020-01-16,8091,,8.93,108,15.87,1.20,
2020-01-17,8091,,8.87,108,15.97,1.21,
2020-01-20,8091,,8.90,108,15.92,1.21,
2020-01-30,8091,,9.70,108,14.61,1.11,
2020-01-31,8091,,9.57,108,14.81,1.12,
2020-02-03,8091,,9.92,108,14.28,1.08,
2020-02-04,8091,,9.65,108,14.69,1.11,
2020-02-05,8091,,9.49,108,14.94,1.13,
2020-02-06,8091,,9.44,108,15.01,1.14,
2020-02-07,8091,,9.70,108,14.61,1.11,
2020-02-10,8091,,9.65,108,14.69,1.11,
2020-02-11,8091,,9.46,108,14.99,1.14,
2020-02-12,8091,,9.18,108,15.44,1.17,
2020-02-13,8091,,9.15,108,15.49,1.18,
2020-02-14,8091,,9.10,108,15.57,1.18,
2020-02-17,8091,,9.02,108,15.72,1.19,
2020-02-18,8091,,8.75,108,16.20,1.23,
2020-02-19,8091,,8.79,108,16.12,1.22,
2020-02-20,8091,,8.78,108,16.15,1.22,
2020-02-21,8091,,8.90,108,15.92,1.21,
2020-02-24,8091,,8.92,108,15.89,1.21,
2020-02-25,8091,,8.93,108,15.87,1.20,
2020-02-26,8091,,8.93,108,15.87,1.20,
2020-02-27,8091,,9.22,108,15.37,1.17,
2020-03-02,8091,,9.30,108,15.24,1.16,
2020-03-03,8091,,9.18,108,15.44,1.17,
2020-03-04,8091,,9.19,108,15.42,1.17,
2020-03-05,8091,,9.16,108,15.47,1.17,
2020-03-06,8091,,9.22,108,15.37,1.17,
2020-03-09,8091,,9.50,108,14.91,1.13,
2020-03-10,8091,,9.32,108,15.21,1.15,
2020-03-11,8091,,9.47,108,14.96,1.13,
2020-03-12,8091,,10.08,108,14.06,1.07,
2020-03-13,8091,,10.60,108,13.38,1.01,
2020-03-16,8091,,10.86,108,13.05,0.99,
2020-03-17,8091,,11.72,108,12.09,0.92,
2020-03-18,8091,,12.18,108,11.64,0.88,
2020-03-19,8091,,13.51,108,10.49,0.80,
2020-03-20,8091,,12.67,108,11.18,0.85,
2020-03-23,8091,,13.07,108,10.84,0.82,
2020-03-24,8091,,12.23,108,11.59,0.88,
2020-03-25,8091,,3.29,108,11.47,0.87,
2020-03-26,8091,,3.41,108,13.33,0.83,
2020-03-27,8091,,3.40,108,13.36,0.83,
2020-03-30,8091,,3.51,108,12.94,0.81,
2020-03-31,8091,,3.54,108,12.85,0.80,
2020-04-01,8091,,3.50,108,13.00,0.81,
2020-04-06,8091,,3.52,108,12.92,0.81,
2020-04-07,8091,,3.24,108,14.03,0.87,
2020-04-08,8091,,3.15,108,14.41,0.90,
2020-04-09,8091,,3.19,108,14.23,0.89,
2020-04-10,8091,,3.20,108,14.20,0.89,
2020-04-13,8091,,3.22,108,14.14,0.88,
2020-04-14,8091,,3.07,108,14.82,0.92,
2020-04-15,8091,,3.02,108,15.08,0.94,
2020-04-16,8091,,3.03,108,15.02,0.94,
2020-04-17,8091,,3.02,108,15.08,0.94,
2020-04-20,8091,,3.05,108,14.88,0.93,
2020-04-21,8091,,3.21,108,14.17,0.88,
2020-04-22,8091,,3.19,108,14.24,0.89,
2020-04-23,8091,,3.14,108,14.48,0.90,
2020-04-24,8091,,3.15,108,14.42,0.90,
2020-04-27,8091,,3.12,108,14.58,0.91,
2020-04-28,8091,,3.08,108,14.76,0.92,
2020-04-29,8091,,3.02,108,15.03,0.94,
2020-04-30,8091,,2.96,108,15.33,0.96,
2020-05-04,8091,,3.02,108,15.03,0.94,
2020-05-05,8091,,3.02,108,15.03,0.94,
2020-05-06,8091,,3.02,108,15.06,0.94,
2020-05-07,8091,,2.84,108,16.00,1.00,
2020-05-08,8091,,2.84,108,16.00,1.00,
2020-05-11,8091,,2.59,108,17.58,1.10,
2020-05-12,8091,,2.45,108,18.52,1.15,
2020-05-13,8091,,2.46,108,22.47,1.16,
2020-05-14,8091,,2.59,108,21.40,1.10,
2020-05-15,8091,,2.62,108,21.14,1.09,
2020-05-18,8091,,2.77,108,19.96,1.03,
2020-05-19,8091,,2.78,108,19.93,1.03,
2020-05-20,8091,,2.77,108,20.00,1.03,
2020-05-21,8091,,2.69,108,20.59,1.06,
2020-05-22,8091,,2.68,108,20.63,1.06,
2020-05-25,8091,,2.61,108,21.18,1.09,
2020-05-26,8091,,2.60,108,21.29,1.10,
2020-05-27,8091,,2.56,108,21.59,1.11,
2020-05-28,8091,,2.58,108,21.48,1.11,
2020-05-29,8091,,2.60,108,21.25,1.09,
2020-06-01,8091,,2.61,108,21.22,1.09,
2020-06-02,8091,,2.59,108,21.37,1.10,
2020-06-03,8091,,2.60,108,21.33,1.10,
2020-06-04,8091,,2.61,108,21.22,1.09,
2020-06-05,8091,,2.57,108,21.55,1.11,
2020-06-08,8091,,2.65,108,20.89,1.08,
2020-06-09,8091,,2.60,108,21.25,1.09,
2020-06-10,8091,,2.61,108,21.22,1.09,
2020-06-11,8091,,2.68,108,20.66,1.06,
2020-06-12,8091,,2.70,108,20.52,1.06,
2020-06-15,8091,,2.68,108,20.66,1.06,
2020-06-16,8091,,2.62,108,21.14,1.09,
2020-06-17,8091,,2.48,108,22.29,1.15,
2020-06-18,8091,,2.45,108,22.62,1.16,
2020-06-19,8091,,2.46,108,22.51,1.16,
2020-06-22,8091,,2.48,108,22.32,1.15,
2020-06-23,8091,,2.53,108,21.92,1.13,
2020-06-24,8091,,2.53,108,21.92,1.13,
2020-06-29,8091,,2.53,108,21.88,1.13,
2020-06-30,8091,,2.49,108,22.21,1.14,
2020-07-01,8091,,2.48,108,22.36,1.15,
2020-07-02,8091,,2.38,108,23.25,1.20,
2020-07-03,8091,,2.41,108,22.95,1.18,
2020-07-06,8091,,2.43,108,22.80,1.17,
2020-07-07,8091,,2.43,108,22.77,1.17,
2020-07-08,8091,,2.21,108,25.02,1.29,
2020-07-09,8091,,2.20,108,25.13,1.29,
2020-07-10,8091,,2.29,108,24.21,1.25,
2020-07-13,8091,,2.26,108,24.50,1.26,
2020-07-14,8091,,2.27,108,24.35,1.25,
2020-07-15,8091,,2.22,108,24.98,1.29,
2020-07-16,8091,,2.13,108,26.01,1.34,
2020-07-17,8091,,2.05,108,26.94,1.39,
2020-07-20,8091,,1.96,108,28.23,1.45,
2020-07-21,8091,,1.85,108,29.85,1.54,
2020-07-22,8091,,1.79,108,30.89,1.59,
2020-07-23,8091,,1.77,108,31.25,1.61,
2020-07-24,8091,,1.85,108,29.85,1.54,
2020-07-27,8091,,1.81,108,30.59,1.57,
2020-07-28,8091,,1.91,108,29.04,1.49,
2020-07-29,8091,,1.85,108,29.93,1.54,
2020-07-30,8091,,1.83,108,30.22,1.56,
2020-07-31,8091,,1.88,108,29.41,1.51,
2020-08-03,8091,,1.82,108,29.45,1.52,
2020-08-04,8091,,1.82,108,29.48,1.52,
2020-08-05,8091,,1.75,108,30.55,1.57,
2020-08-06,8091,,1.76,108,30.48,1.57,
2020-08-07,8091,,1.74,108,30.81,1.59,
2020-08-10,8091,,1.79,108,29.89,1.54,
2020-08-11,8091,,1.89,108,20.70,1.46,
2020-08-12,8091,,1.96,108,19.95,1.40,
2020-08-13,8091,,1.92,108,20.38,1.43,
2020-08-14,8091,,1.90,108,20.59,1.45,
2020-08-17,8091,,1.88,108,20.78,1.46,
2020-08-18,8091,,1.94,108,20.08,1.41,
2020-08-19,8091,,2.01,108,19.41,1.36,
2020-08-20,8091,,2.13,108,18.31,1.29,
2020-08-21,8091,,1.99,108,19.65,1.38,
2020-08-24,8091,,1.96,108,19.92,1.40,
2020-08-25,8091,,1.93,108,20.22,1.42,
2020-08-26,8091,,1.86,108,20.97,1.47,
2020-08-27,8091,,1.89,108,20.67,1.45,
2020-08-28,8091,,1.88,108,20.75,1.46,
2020-08-31,8091,,1.91,108,20.43,1.44,
2020-09-01,8091,,1.92,108,20.32,1.43,
2020-09-02,8091,,1.92,108,20.30,1.43,
2020-09-03,8091,,1.92,108,20.30,1.43,
2020-09-04,8091,,1.95,108,20.05,1.41,
2020-09-07,8091,,2.00,108,19.52,1.37,
2020-09-08,8091,,2.05,108,19.03,1.34,
2020-09-09,8091,,2.04,108,19.17,1.35,
2020-09-10,8091,,2.08,108,18.76,1.32,
2020-09-11,8091,,2.07,108,18.84,1.32,
2020-09-14,8091,,2.03,108,19.27,1.36,
2020-09-15,8091,,2.02,108,19.35,1.36,
2020-09-16,8091,,2.02,108,19.35,1.36,
2020-09-17,8091,,2.03,108,19.19,1.35,
2020-09-18,8091,,2.05,108,19.09,1.34,
2020-09-21,8091,,2.09,108,18.71,1.32,
2020-09-22,8091,,2.06,108,18.98,1.33,
2020-09-23,8091,,2.09,108,18.66,1.31,
2020-09-24,8091,,2.14,108,18.28,1.29,
2020-09-25,8091,,2.19,108,17.85,1.25,
2020-09-28,8091,,2.14,108,18.23,1.28,
2020-09-29,8091,,2.15,108,18.12,1.27,
2020-09-30,8091,,2.12,108,18.44,1.30,
2020-10-05,8091,,2.09,108,18.68,1.31,
2020-10-06,8091,,2.04,108,19.11,1.34,
2020-10-07,8091,,2.04,108,19.11,1.34,
2020-10-08,8091,,2.05,108,19.03,1.34,
2020-10-12,8091,,2.11,108,18.52,1.30,
2020-10-13,8091,,2.13,108,18.36,1.29,
2020-10-14,8091,,2.11,108,18.47,1.30,
2020-10-15,8091,,2.13,108,18.33,1.29,
2020-10-16,8091,,2.14,108,18.23,1.28,
2020-10-19,8091,,2.11,108,18.52,1.30,
2020-10-20,8091,,2.12,108,18.39,1.29,
2020-10-21,8091,,2.14,108,18.28,1.29,
2020-10-22,8091,,2.14,108,18.23,1.28,
2020-10-23,8091,,2.15,108,18.20,1.28,
2020-10-26,8091,,2.14,108,18.23,1.28,
2020-10-27,8091,,2.14,108,18.28,1.29,
2020-10-28,8091,,2.15,108,18.17,1.28,
2020-10-29,8091,,2.17,108,17.98,1.26,
2020-10-30,8091,,2.20,108,17.77,1.25,
2020-11-02,8091,,2.19,108,17.85,1.25,
2020-11-03,8091,,2.17,108,17.96,1.26,
2020-11-04,8091,,2.13,108,18.33,1.29,
2020-11-05,8091,,2.13,108,18.33,1.29,
2020-11-06,8091,,2.13,108,18.36,1.29,
2020-11-09,8091,,2.12,108,18.39,1.29,
2020-11-10,8091,,2.13,108,18.36,1.29,
2020-11-11,8091,,2.07,108,21.54,1.30,
2020-11-12,8091,,2.13,108,20.98,1.26,
2020-11-13,8091,,2.10,108,21.32,1.28,
2020-11-16,8091,,2.07,108,21.57,1.30,
2020-11-17,8091,,2.10,108,21.32,1.28,
2020-11-18,8091,,2.08,108,21.48,1.29,
2020-11-19,8091,,2.11,108,21.20,1.28,
2020-11-20,8091,,2.06,108,21.69,1.31,
2020-11-23,8091,,2.05,108,21.78,1.31,
2020-11-24,8091,,2.04,108,21.88,1.32,
2020-11-25,8091,,2.05,108,21.78,1.31,
2020-11-26,8091,,2.07,108,21.63,1.30,
2020-11-27,8091,,2.07,108,21.63,1.30,
2020-11-30,8091,,2.08,108,21.48,1.29,
2020-12-01,8091,,2.08,108,21.48,1.29,
2020-12-02,8091,,1.93,108,23.14,1.39,
2020-12-03,8091,,1.96,108,22.77,1.37,
2020-12-04,8091,,1.98,108,22.62,1.36,
2020-12-07,8091,,1.94,108,23.05,1.39,
2020-12-08,8091,,1.94,108,23.08,1.39,
2020-12-09,8091,,1.96,108,22.83,1.37,
2020-12-10,8091,,1.98,108,22.62,1.36,
2020-12-11,8091,,2.01,108,22.22,1.34,
2020-12-14,8091,,2.02,108,22.15,1.33,
2020-12-15,8091,,2.08,108,21.48,1.29,
2020-12-16,8091,,2.06,108,21.66,1.30,
2020-12-17,8091,,2.07,108,21.57,1.30,
2020-12-18,8091,,2.07,108,21.60,1.30,
2020-12-21,8091,,2.08,108,21.48,1.29,
2020-12-22,8091,,2.13,108,20.95,1.26,
2020-12-23,8091,,2.12,108,21.08,1.27,
2020-12-24,8091,,2.11,108,21.20,1.28,
2020-12-25,8091,,2.10,108,21.23,1.28,
2020-12-28,8091,,2.03,108,22.06,1.33,
2020-12-29,8091,,2.06,108,21.72,1.31,
2020-12-30,8091,,2.05,108,21.85,1.31,
2020-12-31,8091,,2.05,108,21.78,1.31,
2021-01-04,8091,,2.02,109,22.15,1.33,
2021-01-05,8091,,2.02,109,22.15,1.33,
2021-01-06,8091,,2.07,109,21.60,1.30,
2021-01-07,8091,,2.08,109,21.51,1.29,
2021-01-08,8091,,2.08,109,21.51,1.29,
2021-01-11,8091,,1.94,109,23.02,1.38,
2021-01-12,8091,,1.98,109,22.55,1.36,
2021-01-13,8091,,1.98,109,22.62,1.36,
2021-01-14,8091,,1.97,109,22.65,1.36,
2021-01-15,8091,,2.01,109,22.18,1.33,
2021-01-18,8091,,2.05,109,21.78,1.31,
2021-01-19,8091,,2.06,109,21.69,1.31,
2021-01-20,8091,,2.12,109,21.11,1.27,
2021-01-21,8091,,2.10,109,21.23,1.28,
2021-01-22,8091,,2.04,109,21.94,1.32,
2021-01-25,8091,,2.04,109,21.91,1.32,
2021-01-26,8091,,2.09,109,21.42,1.29,
2021-01-27,8091,,2.08,109,21.45,1.29,
2021-01-28,8091,,2.10,109,21.32,1.28,
2021-01-29,8091,,2.14,109,20.89,1.26,
2021-02-01,8091,,2.18,109,20.49,1.23,
2021-02-02,8091,,2.15,109,20.74,1.25,
2021-02-03,8091,,2.16,109,20.65,1.24,
2021-02-04,8091,,2.16,109,20.71,1.25,
2021-02-05,8091,,2.13,109,20.98,1.26,
2021-02-17,8091,,2.06,109,21.66,1.30,
2021-02-18,8091,,2.06,109,21.72,1.31,
2021-02-19,8091,,2.02,109,22.15,1.33,
2021-02-22,8091,,1.96,109,22.77,1.37,
2021-02-23,8091,,2.00,109,22.37,1.35,
2021-02-24,8091,,2.03,109,21.97,1.32,
2021-02-25,8091,,2.02,109,22.09,1.33,
2021-02-26,8091,,2.05,109,21.82,1.31,
2021-03-02,8091,,2.05,109,21.82,1.31,
2021-03-03,8091,,2.05,109,21.75,1.31,
2021-03-04,8091,,2.07,109,21.54,1.30,
2021-03-05,8091,,2.10,109,21.32,1.28,
2021-03-08,8091,,2.10,109,21.23,1.28,
2021-03-09,8091,,2.12,109,21.05,1.27,
2021-03-10,8091,,2.13,109,20.98,1.26,
2021-03-11,8091,,2.12,109,21.05,1.27,
2021-03-12,8091,,2.12,109,21.08,1.27,
2021-03-15,8091,,2.15,109,20.80,1.25,
2021-03-16,8091,,2.14,109,20.92,1.26,
2021-03-17,8091,,2.14,109,20.92,1.26,
2021-03-18,8091,,2.12,109,21.05,1.27,
2021-03-19,8091,,2.13,109,20.98,1.26,
2021-03-22,8091,,2.14,109,20.92,1.26,
2021-03-23,8091,,3.77,109,21.20,1.28,
2021-03-24,8091,,3.77,109,21.20,1.28,
2021-03-25,8091,,3.81,109,21.02,1.26,
2021-03-26,8091,,3.78,109,17.20,1.25,
2021-03-29,8091,,3.76,109,17.28,1.25,
2021-03-30,8091,,3.76,109,17.28,1.25,
2021-03-31,8091,,3.71,109,17.50,1.27,
2021-04-01,8091,,3.70,109,17.55,1.27,
2021-04-06,8091,,3.66,109,17.78,1.29,
2021-04-07,8091,,3.58,109,18.18,1.32,
2021-04-08,8091,,3.63,109,17.93,1.30,
2021-04-09,8091,,3.59,109,18.10,1.31,
2021-04-12,8091,,3.51,109,18.50,1.34,
2021-04-13,8091,,3.61,109,18.00,1.31,
2021-04-14,8091,,3.55,109,18.30,1.33,
2021-04-15,8091,,3.51,109,18.53,1.34,
2021-04-16,8091,,3.51,109,18.53,1.34,
2021-04-19,8091,,3.51,109,18.53,1.34,
2021-04-20,8091,,3.49,109,18.63,1.35,
2021-04-21,8091,,3.25,109,20.00,1.45,
2021-04-22,8091,,3.44,109,18.90,1.37,
2021-04-23,8091,,3.46,109,18.78,1.36,
2021-04-26,8091,,3.39,109,19.15,1.39,
2021-04-27,8091,,3.44,109,18.90,1.37,
2021-04-28,8091,,3.47,109,18.75,1.36,
2021-04-29,8091,,3.50,109,18.58,1.35,
2021-05-03,8091,,3.68,109,17.65,1.28,
2021-05-04,8091,,3.70,109,17.55,1.27,
2021-05-05,8091,,3.76,109,17.28,1.25,
2021-05-06,8091,,3.77,109,17.25,1.25,
2021-05-07,8091,,3.68,109,17.65,1.28,
2021-05-10,8091,,3.76,109,17.30,1.25,
2021-05-11,8091,,3.95,109,16.45,1.19,
2021-05-12,8091,,4.36,109,14.32,1.07,
2021-05-13,8091,,4.37,109,14.27,1.07,
2021-05-14,8091,,4.38,109,14.22,1.06,
2021-05-17,8091,,4.73,109,13.19,0.99,
2021-05-18,8091,,4.41,109,14.15,1.06,
2021-05-19,8091,,4.31,109,14.46,1.08,
2021-05-20,8091,,4.35,109,14.34,1.07,
2021-05-21,8091,,4.31,109,14.46,1.08,
2021-05-24,8091,,4.31,109,14.46,1.08,
2021-05-25,8091,,4.17,109,14.94,1.12,
2021-05-26,8091,,4.18,109,14.92,1.12,
2021-05-27,8091,,4.21,109,14.82,1.11,
2021-05-28,8091,,4.14,109,15.06,1.13,
2021-05-31,8091,,4.13,109,15.08,1.13,
2021-06-01,8091,,4.08,109,15.30,1.15,
2021-06-02,8091,,4.12,109,15.13,1.13,
2021-06-03,8091,,4.11,109,15.18,1.14,
2021-06-04,8091,,4.14,109,15.06,1.13,
2021-06-07,8091,,4.22,109,14.77,1.11,
2021-06-08,8091,,4.19,109,14.87,1.11,
2021-06-09,8091,,4.23,109,14.72,1.10,
2021-06-10,8091,,4.16,109,14.99,1.12,
2021-06-11,8091,,4.15,109,15.04,1.13,
2021-06-15,8091,,4.13,109,15.11,1.13,
2021-06-16,8091,,4.15,109,15.01,1.12,
2021-06-17,8091,,4.15,109,15.01,1.12,
2021-06-18,8091,,4.16,109,14.99,1.12,
2021-06-21,8091,,4.19,109,14.87,1.11,
2021-06-22,8091,,4.23,109,14.72,1.10,
2021-06-23,8091,,4.23,109,14.75,1.10,
2021-06-24,8091,,4.11,109,15.18,1.14,
2021-06-25,8091,,4.10,109,15.20,1.14,
2021-06-28,8091,,4.06,109,15.35,1.15,
2021-06-29,8091,,4.08,109,15.30,1.15,
2021-06-30,8091,,4.11,109,15.18,1.14,
2021-07-01,8091,,4.13,109,15.08,1.13,
2021-07-02,8091,,4.14,109,15.06,1.13,
2021-07-05,8091,,4.06,109,15.35,1.15,
2021-07-06,8091,,4.11,109,15.18,1.14,
2021-07-07,8091,,4.13,109,15.11,1.13,
2021-07-08,8091,,4.10,109,15.20,1.14,
2021-07-09,8091,,4.16,109,14.99,1.12,
2021-07-12,8091,,4.17,109,14.94,1.12,
2021-07-13,8091,,4.21,109,14.82,1.11,
2021-07-14,8091,,4.27,109,14.60,1.09,
2021-07-15,8091,,4.13,109,15.11,1.13,
2021-07-16,8091,,4.13,109,15.11,1.13,
2021-07-19,8091,,4.18,109,14.92,1.12,
2021-07-20,8091,,4.24,109,14.70,1.10,
2021-07-21,8091,,4.26,109,14.63,1.10,
2021-07-22,8091,,4.27,109,14.60,1.09,
2021-07-23,8091,,4.26,109,14.63,1.10,
2021-07-26,8091,,4.27,109,14.60,1.09,
2021-07-27,8091,,4.33,109,14.39,1.08,
2021-07-28,8091,,4.41,109,14.12,1.06,
2021-07-29,8091,,4.35,109,14.34,1.07,
2021-07-30,8091,,4.38,109,14.24,1.07,
2021-08-02,8091,,4.34,109,14.36,1.08,
2021-08-03,8091,,4.17,109,14.96,1.12,
2021-08-04,8091,,4.11,109,15.18,1.14,
2021-08-05,8091,,4.05,109,15.28,1.14,
2021-08-06,8091,,4.01,109,15.44,1.16,
2021-08-09,8091,,4.03,109,15.37,1.15,
2021-08-10,8091,,3.98,109,15.56,1.17,
2021-08-11,8091,,4.05,109,15.28,1.14,
2021-08-12,8091,,4.01,109,15.44,1.16,
2021-08-13,8091,,4.12,109,20.03,1.11,
2021-08-16,8091,,4.18,109,19.74,1.09,
2021-08-17,8091,,4.20,109,19.65,1.09,
2021-08-18,8091,,4.30,109,19.17,1.06,
2021-08-19,8091,,4.33,109,19.04,1.06,
2021-08-20,8091,,4.28,109,19.27,1.07,
2021-08-23,8091,,4.24,109,19.46,1.08,
2021-08-24,8091,,4.17,109,19.78,1.10,
2021-08-25,8091,,4.16,109,19.84,1.10,
2021-08-26,8091,,4.12,109,20.00,1.11,
2021-08-27,8091,,4.12,109,20.03,1.11,
2021-08-30,8091,,4.08,109,20.22,1.12,
2021-08-31,8091,,4.06,109,20.32,1.13,
2021-09-01,8091,,4.05,109,20.35,1.13,
2021-09-02,8091,,4.07,109,20.26,1.12,
2021-09-03,8091,,3.92,109,21.05,1.17,
2021-09-06,8091,,3.91,109,21.09,1.17,
2021-09-07,8091,,3.92,109,21.02,1.17,
2021-09-08,8091,,3.89,109,21.21,1.18,
2021-09-09,8091,,3.86,109,21.37,1.18,
2021-09-10,8091,,3.84,109,21.47,1.19,
2021-09-13,8091,,3.73,109,22.08,1.22,
2021-09-14,8091,,3.72,109,22.14,1.23,
2021-09-15,8091,,3.78,109,21.82,1.21,
2021-09-16,8091,,3.83,109,21.53,1.19,
2021-09-17,8091,,3.81,109,21.66,1.20,
2021-09-22,8091,,3.87,109,21.28,1.18,
2021-09-23,8091,,3.77,109,21.85,1.21,
2021-09-24,8091,,3.76,109,21.95,1.22,
2021-09-27,8091,,3.70,109,22.30,1.24,
2021-09-28,8091,,3.74,109,22.04,1.22,
2021-09-29,8091,,3.79,109,21.76,1.21,
2021-09-30,8091,,3.76,109,21.92,1.21,
2021-10-01,8091,,3.96,109,20.83,1.15,
2021-10-04,8091,,4.03,109,20.45,1.13,
2021-10-05,8091,,3.94,109,20.93,1.16,
2021-10-06,8091,,3.93,109,20.96,1.16,
2021-10-07,8091,,3.92,109,21.02,1.17,
2021-10-08,8091,,3.91,109,21.09,1.17,
2021-10-12,8091,,3.93,109,20.96,1.16,
2021-10-13,8091,,4.03,109,20.45,1.13,
2021-10-14,8091,,4.03,109,20.45,1.13,
2021-10-15,8091,,3.98,109,20.70,1.15,
2021-10-18,8091,,3.94,109,20.93,1.16,
2021-10-19,8091,,3.96,109,20.80,1.15,
2021-10-20,8091,,3.95,109,20.86,1.16,
2021-10-21,8091,,3.94,109,20.93,1.16,
2021-10-22,8091,,3.89,109,21.21,1.18,
2021-10-25,8091,,3.87,109,21.28,1.18,
2021-10-26,8091,,3.89,109,21.18,1.17,
2021-10-27,8091,,3.89,109,21.18,1.17,
2021-10-28,8091,,3.72,109,22.17,1.23,
2021-10-29,8091,,3.66,109,22.56,1.25,
2021-11-01,8091,,3.57,109,23.07,1.28,
2021-11-02,8091,,3.55,109,23.19,1.29,
2021-11-03,8091,,3.54,109,23.29,1.29,
2021-11-04,8091,,3.54,109,23.29,1.29,
2021-11-05,8091,,3.54,109,23.29,1.29,
2021-11-08,8091,,3.61,109,22.84,1.27,
2021-11-09,8091,,3.52,109,23.45,1.30,
2021-11-10,8091,,3.51,109,23.51,1.30,
2021-11-11,8091,,3.51,109,16.05,1.32,
2021-11-12,8091,,3.45,109,16.31,1.34,
2021-11-15,8091,,3.49,109,16.14,1.33,
2021-11-16,8091,,3.49,109,16.14,1.33,
2021-11-17,8091,,3.56,109,15.81,1.30,
2021-11-18,8091,,3.54,109,15.90,1.31,
2021-11-19,8091,,3.57,109,15.79,1.30,
2021-11-22,8091,,3.54,109,15.90,1.31,
2021-11-23,8091,,3.57,109,15.79,1.30,
2021-11-24,8091,,3.53,109,15.98,1.31,
2021-11-25,8091,,3.57,109,15.76,1.29,
2021-11-26,8091,,3.64,109,15.46,1.27,
2021-11-29,8091,,3.67,109,15.37,1.26,
2021-11-30,8091,,3.63,109,15.50,1.27,
2021-12-01,8091,,3.63,109,15.52,1.27,
2021-12-02,8091,,3.63,109,15.50,1.27,
2021-12-03,8091,,3.61,109,15.59,1.28,
2021-12-06,8091,,3.61,109,15.59,1.28,
2021-12-07,8091,,3.58,109,15.74,1.29,
2021-12-08,8091,,3.55,109,15.85,1.30,
2021-12-09,8091,,3.60,109,15.63,1.28,
2021-12-10,8091,,3.64,109,15.46,1.27,
2021-12-13,8091,,3.61,109,15.61,1.28,
2021-12-14,8091,,3.66,109,15.39,1.26,
2021-12-15,8091,,3.63,109,15.50,1.27,
2021-12-16,8091,,3.62,109,15.55,1.28,
2021-12-17,8091,,3.66,109,15.39,1.26,
2021-12-20,8091,,3.70,109,15.22,1.25,
2021-12-21,8091,,3.64,109,15.46,1.27,
2021-12-22,8091,,3.63,109,15.50,1.27,
2021-12-23,8091,,3.62,109,15.57,1.28,
2021-12-24,8091,,3.62,109,15.55,1.28,
2021-12-27,8091,,3.43,109,16.44,1.35,
2021-12-28,8091,,3.47,109,16.22,1.33,
2021-12-29,8091,,3.37,109,16.70,1.37,
2021-12-30,8091,,3.43,109,16.42,1.35,
2022-01-03,8091,,3.36,110,16.75,1.38,
2022-01-04,8091,,3.36,110,16.79,1.38,
2022-01-05,8091,,3.39,110,16.62,1.36,
2022-01-06,8091,,3.35,110,16.81,1.38,
2022-01-07,8091,,3.33,110,16.92,1.39,
2022-01-10,8091,,3.30,110,17.07,1.40,
2022-01-11,8091,,3.19,110,17.66,1.45,
2022-01-12,8091,,2.97,110,18.95,1.56,
2022-01-13,8091,,3.07,110,18.34,1.51,
2022-01-14,8091,,3.23,110,17.42,1.43,
2022-01-17,8091,,3.14,110,17.97,1.48,
2022-01-18,8091,,2.99,110,18.84,1.55,
2022-01-19,8091,,2.81,110,20.07,1.65,
2022-01-20,8091,,2.88,110,19.56,1.61,
2022-01-21,8091,,3.05,110,18.49,1.52,
2022-01-24,8091,,3.12,110,18.06,1.48,
2022-01-25,8091,,3.26,110,17.29,1.42,
2022-01-26,8091,,3.31,110,17.03,1.40,
2022-02-07,8091,,3.21,110,17.55,1.44,
2022-02-08,8091,,3.04,110,18.56,1.52,
2022-02-09,8091,,3.01,110,18.73,1.54,
2022-02-10,8091,,3.12,110,18.08,1.48,
2022-02-11,8091,,3.06,110,18.41,1.51,
2022-02-14,8091,,3.15,110,17.86,1.47,
2022-02-15,8091,,3.16,110,17.82,1.46,
2022-02-16,8091,,3.08,110,18.28,1.50,
2022-02-17,8091,,2.97,110,18.97,1.56,
2022-02-18,8091,,2.90,110,19.43,1.60,
2022-02-21,8091,,2.93,110,19.21,1.58,
2022-02-22,8091,,3.01,110,18.69,1.53,
2022-02-23,8091,,3.01,110,18.71,1.54,
2022-02-24,8091,,3.15,110,17.90,1.47,
2022-02-25,8091,,3.06,110,18.43,1.51,
2022-03-01,8091,,2.99,110,18.86,1.55,
2022-03-02,8091,,2.98,110,18.93,1.55,
2022-03-03,8091,,2.96,110,19.06,1.57,
2022-03-04,8091,,2.87,110,19.63,1.61,
2022-03-07,8091,,3.03,110,18.58,1.53,
2022-03-08,8091,,3.05,110,18.49,1.52,
2022-03-09,8091,,2.89,110,19.52,1.60,
2022-03-10,8091,,2.95,110,19.10,1.57,
2022-03-11,8091,,2.87,110,19.65,1.61,
2022-03-14,8091,,2.83,110,19.89,1.63,
2022-03-15,8091,,2.96,110,19.06,1.57,
2022-03-16,8091,,3.00,110,18.78,1.54,
2022-03-17,8091,,2.84,110,19.87,1.63,
2022-03-18,8091,,2.76,110,20.41,1.68,
2022-03-21,8091,,2.81,110,20.04,1.65,
2022-03-22,8091,,4.24,110,20.61,1.69,
2022-03-23,8091,,4.09,110,16.50,1.68,
2022-03-24,8091,,4.18,110,16.18,1.65,
2022-03-25,8091,,4.33,110,15.59,1.59,
2022-03-28,8091,,4.36,110,15.49,1.58,
2022-03-29,8091,,4.40,110,15.35,1.56,
2022-03-30,8091,,4.38,110,15.44,1.57,
2022-03-31,8091,,4.46,110,15.15,1.54,
2022-04-01,8091,,4.42,110,15.30,1.56,
2022-04-06,8091,,4.50,110,15.00,1.53,
2022-04-07,8091,,4.71,110,14.36,1.46,
2022-04-08,8091,,4.65,110,14.53,1.48,
2022-04-11,8091,,4.90,110,13.78,1.40,
2022-04-12,8091,,4.94,110,13.68,1.39,
2022-04-13,8091,,4.86,110,13.90,1.42,
2022-04-14,8091,,4.88,110,13.85,1.41,
2022-04-15,8091,,5.08,110,13.29,1.35,
2022-04-18,8091,,5.08,110,13.29,1.35,
2022-04-19,8091,,5.05,110,13.38,1.36,
2022-04-20,8091,,5.05,110,13.38,1.36,
2022-04-21,8091,,5.06,110,13.36,1.36,
2022-04-22,8091,,5.16,110,13.09,1.33,
2022-04-25,8091,,5.38,110,12.55,1.28,
2022-04-26,8091,,5.31,110,12.74,1.30,
2022-04-27,8091,,5.33,110,12.67,1.29,
2022-04-28,8091,,5.28,110,12.79,1.30,
2022-04-29,8091,,5.24,110,12.89,1.31,
2022-05-03,8091,,5.10,110,13.26,1.35,
2022-05-04,8091,,5.04,110,13.41,1.37,
2022-05-05,8091,,4.90,110,13.78,1.40,
2022-05-06,8091,,4.91,110,13.77,1.40,
2022-05-09,8091,,5.01,110,13.50,1.37,
2022-05-10,8091,,4.80,110,14.07,1.43,
2022-05-11,8091,,4.85,110,11.24,1.36,
2022-05-12,8091,,4.95,110,11.02,1.33,
2022-05-13,8091,,4.75,110,11.49,1.39,
2022-05-16,8091,,4.70,110,11.61,1.40,
2022-05-17,8091,,4.71,110,11.60,1.40,
2022-05-18,8091,,4.63,110,11.79,1.42,
2022-05-19,8091,,4.59,110,11.90,1.44,
2022-05-20,8091,,4.61,110,11.84,1.43,
2022-05-23,8091,,4.66,110,11.71,1.41,
2022-05-24,8091,,4.67,110,11.68,1.41,
2022-05-25,8091,,4.60,110,11.86,1.43,
2022-05-26,8091,,4.69,110,11.64,1.41,
2022-05-27,8091,,4.73,110,11.54,1.40,
2022-05-30,8091,,4.68,110,11.66,1.41,
2022-05-31,8091,,4.63,110,11.77,1.42,
2022-06-01,8091,,4.51,110,12.09,1.46,
2022-06-02,8091,,4.63,110,11.79,1.42,
2022-06-06,8091,,4.79,110,11.39,1.38,
2022-06-07,8091,,4.77,110,11.43,1.38,
2022-06-08,8091,,4.73,110,11.54,1.40,
2022-06-09,8091,,4.88,110,11.19,1.35,
2022-06-10,8091,,4.91,110,11.12,1.34,
2022-06-13,8091,,4.98,110,10.97,1.33,
2022-06-14,8091,,4.96,110,11.01,1.33,
2022-06-15,8091,,4.97,110,10.98,1.33,
2022-06-16,8091,,5.08,110,10.75,1.30,
2022-06-17,8091,,5.15,110,10.59,1.28,
2022-06-20,8091,,5.32,110,10.26,1.24,
2022-06-21,8091,,5.19,110,10.50,1.27,
2022-06-22,8091,,5.35,110,10.19,1.23,
2022-06-23,8091,,5.37,110,10.16,1.23,
2022-06-24,8091,,5.46,110,9.99,1.21,
2022-06-27,8091,,5.32,110,10.26,1.24,
2022-06-28,8091,,5.37,110,10.16,1.23,
2022-06-29,8091,,5.42,110,10.07,1.22,
2022-06-30,8091,,5.63,110,9.70,1.17,
2022-07-01,8091,,5.96,110,9.15,1.11,
2022-07-04,8091,,5.90,110,9.25,1.12,
2022-07-05,8091,,5.65,110,9.44,1.14,
2022-07-06,8091,,5.74,110,9.29,1.12,
2022-07-07,8091,,5.61,110,9.51,1.15,
2022-07-08,8091,,5.51,110,9.69,1.17,
2022-07-11,8091,,5.43,110,9.82,1.19,
2022-07-12,8091,,5.63,110,9.48,1.15,
2022-07-13,8091,,5.52,110,9.66,1.17,
2022-07-14,8091,,5.50,110,9.70,1.17,
2022-07-15,8091,,5.42,110,9.84,1.19,
2022-07-18,8091,,5.66,110,9.43,1.14,
2022-07-19,8091,,5.66,110,9.43,1.14,
2022-07-20,8091,,5.52,110,9.66,1.17,
2022-07-21,8091,,5.46,110,9.77,1.18,
2022-07-22,8091,,5.45,110,9.78,1.18,
2022-07-25,8091,,5.49,110,9.71,1.17,
2022-07-26,8091,,5.60,110,9.52,1.15,
2022-07-27,8091,,5.50,110,9.70,1.17,
2022-07-28,8091,,5.55,110,9.62,1.16,
2022-07-29,8091,,5.47,110,9.75,1.18,
2022-08-01,8091,,5.34,110,9.99,1.21,
2022-08-02,8091,,5.38,110,9.92,1.20,
2022-08-03,8091,,5.43,110,9.82,1.19,
2022-08-04,8091,,5.45,110,9.78,1.18,
2022-08-05,8091,,5.36,110,9.96,1.20,
2022-08-08,8091,,5.34,110,9.99,1.21,
2022-08-09,8091,,5.26,110,10.14,1.23,
2022-08-10,8091,,5.31,110,8.42,1.24,
2022-08-11,8091,,5.30,110,8.44,1.25,
2022-08-12,8091,,5.23,110,8.56,1.26,
2022-08-15,8091,,5.21,110,8.59,1.27,
2022-08-16,8091,,5.01,110,8.94,1.32,
2022-08-17,8091,,4.94,110,9.06,1.34,
2022-08-18,8091,,4.67,110,9.59,1.42,
2022-08-19,8091,,4.72,110,9.47,1.40,
2022-08-22,8091,,4.84,110,9.24,1.37,
2022-08-23,8091,,4.89,110,9.14,1.35,
2022-08-24,8091,,4.92,110,9.10,1.34,
2022-08-25,8091,,4.80,110,9.31,1.38,
2022-08-26,8091,,4.74,110,9.44,1.39,
2022-08-29,8091,,4.84,110,9.23,1.36,
2022-08-30,8091,,4.78,110,9.36,1.38,
2022-08-31,8091,,4.67,110,9.58,1.41,
2022-09-01,8091,,4.83,110,9.27,1.37,
2022-09-02,8091,,4.73,110,9.45,1.40,
2022-09-05,8091,,4.76,110,9.39,1.39,
2022-09-06,8091,,4.86,110,9.21,1.36,
2022-09-07,8091,,4.98,110,8.98,1.33,
2022-09-08,8091,,4.85,110,9.22,1.36,
2022-09-12,8091,,4.76,110,9.41,1.39,
2022-09-13,8091,,4.63,110,9.67,1.43,
2022-09-14,8091,,4.54,110,9.86,1.46,
2022-09-15,8091,,4.60,110,9.71,1.43,
2022-09-16,8091,,4.81,110,9.30,1.37,
2022-09-19,8091,,4.88,110,9.16,1.35,
2022-09-20,8091,,4.78,110,9.36,1.38,
2022-09-21,8091,,4.86,110,9.21,1.36,
2022-09-22,8091,,4.72,110,9.47,1.40,
2022-09-23,8091,,4.83,110,9.27,1.37,
2022-09-26,8091,,4.97,110,9.00,1.33,
2022-09-27,8091,,4.86,110,9.21,1.36,
2022-09-28,8091,,5.28,110,8.47,1.25,
2022-09-29,8091,,5.16,110,8.66,1.28,
2022-09-30,8091,,5.02,110,8.90,1.31,
2022-10-03,8091,,5.15,110,8.68,1.28,
2022-10-04,8091,,5.03,110,8.89,1.31,
2022-10-05,8091,,4.94,110,9.05,1.34,
2022-10-06,8091,,4.92,110,9.08,1.34,
2022-10-07,8091,,5.01,110,8.94,1.32,
2022-10-11,8091,,5.30,110,8.43,1.25,
2022-10-12,8091,,5.44,110,8.23,1.21,
2022-10-13,8091,,5.77,110,7.76,1.15,
2022-10-14,8091,,5.63,110,7.95,1.17,
2022-10-17,8091,,5.67,110,7.89,1.17,
2022-10-18,8091,,5.51,110,8.11,1.20,
2022-10-19,8091,,5.44,110,8.22,1.21,
2022-10-20,8091,,5.48,110,8.17,1.21,
2022-10-21,8091,,5.66,110,7.91,1.17,
2022-10-24,8091,,5.69,110,7.86,1.16,
2022-10-25,8091,,5.84,110,7.65,1.13,
2022-10-26,8091,,5.86,110,7.63,1.13,
2022-10-27,8091,,5.67,110,7.89,1.17,
2022-10-28,8091,,5.81,110,7.70,1.14,
2022-10-31,8091,,5.46,110,8.19,1.21,
2022-11-01,8091,,5.50,110,8.14,1.20,
2022-11-02,8091,,5.32,110,8.41,1.24,
2022-11-03,8091,,5.06,110,8.83,1.30,
2022-11-04,8091,,5.18,110,8.64,1.28,
2022-11-07,8091,,5.12,110,8.74,1.29,
2022-11-08,8091,,5.14,110,8.70,1.28,
2022-11-09,8091,,5.06,110,7.51,1.23,
2022-11-10,8091,,5.06,110,7.51,1.23,
2022-11-11,8091,,4.99,110,7.61,1.24,
2022-11-14,8091,,4.98,110,7.63,1.25,
2022-11-15,8091,,4.94,110,7.70,1.26,
2022-11-16,8091,,4.89,110,7.76,1.27,
2022-11-17,8091,,4.80,110,7.92,1.29,
2022-11-18,8091,,4.97,110,7.65,1.25,
2022-11-21,8091,,4.94,110,7.70,1.26,
2022-11-22,8091,,4.91,110,7.74,1.26,
2022-11-23,8091,,4.94,110,7.69,1.26,
2022-11-24,8091,,4.91,110,7.74,1.26,
2022-11-25,8091,,4.96,110,7.66,1.25,
2022-11-28,8091,,4.90,110,7.76,1.27,
2022-11-29,8091,,4.87,110,7.80,1.27,
2022-11-30,8091,,4.72,110,8.05,1.31,
2022-12-01,8091,,4.58,110,8.29,1.35,
2022-12-02,8091,,4.17,110,9.12,1.49,
2022-12-05,8091,,4.05,110,9.38,1.53,
2022-12-06,8091,,4.09,110,9.28,1.52,
2022-12-07,8091,,4.32,110,8.80,1.44,
2022-12-08,8091,,4.28,110,8.87,1.45,
2022-12-09,8091,,4.31,110,8.81,1.44,
2022-12-12,8091,,4.40,110,8.63,1.41,
2022-12-13,8091,,4.47,110,8.49,1.39,
2022-12-14,8091,,4.27,110,8.89,1.45,
2022-12-15,8091,,4.28,110,8.87,1.45,
2022-12-16,8091,,4.26,110,8.91,1.46,
2022-12-19,8091,,4.43,110,8.57,1.40,
2022-12-20,8091,,4.59,110,8.28,1.35,
2022-12-21,8091,,4.58,110,8.29,1.35,
2022-12-22,8091,,4.56,110,8.33,1.36,
2022-12-23,8091,,4.55,110,8.36,1.37,
2022-12-26,8091,,4.50,110,8.45,1.38,
2022-12-27,8091,,4.47,110,8.50,1.39,
2022-12-28,8091,,4.62,110,8.22,1.34,
2022-12-29,8091,,4.51,110,8.43,1.38,
2022-12-30,8091,,4.52,110,8.40,1.37,
2023-01-03,8091,,4.51,111,8.42,1.37,
2023-01-04,8091,,4.50,111,8.44,1.38,
2023-01-05,8091,,4.56,111,8.34,1.36,
2023-01-06,8091,,4.52,111,8.41,1.37,
2023-01-09,8091,,4.41,111,8.62,1.41,
2023-01-10,8091,,4.46,111,8.52,1.39,
2023-01-11,8091,,4.47,111,8.49,1.39,
2023-01-12,8091,,4.60,111,8.26,1.35,
2023-01-13,8091,,4.61,111,8.24,1.35,
2023-01-16,8091,,4.45,111,8.53,1.39,
2023-01-17,8091,,4.46,111,8.52,1.39,
2023-01-30,8091,,4.40,111,8.63,1.41,
2023-01-31,8091,,4.39,111,8.65,1.41,
2023-02-01,8091,,4.31,111,8.82,1.44,
2023-02-02,8091,,4.30,111,8.84,1.44,
2023-02-03,8091,,4.41,111,8.62,1.41,
2023-02-06,8091,,4.39,111,8.66,1.41,
2023-02-07,8091,,4.25,111,8.93,1.46,
2023-02-08,8091,,4.29,111,8.86,1.45,
2023-02-09,8091,,4.33,111,8.78,1.43,
2023-02-10,8091,,4.46,111,8.51,1.39,
2023-02-13,8091,,4.41,111,8.61,1.41,
2023-02-14,8091,,4.42,111,8.59,1.40,
2023-02-15,8091,,4.43,111,8.57,1.40,
2023-02-16,8091,,4.40,111,8.63,1.41,
2023-02-17,8091,,4.34,111,8.76,1.43,
2023-02-20,8091,,4.25,111,8.94,1.46,
2023-02-21,8091,,4.23,111,8.98,1.47,
2023-02-22,8091,,4.24,111,8.96,1.46,
2023-02-23,8091,,4.18,111,9.10,1.49,
2023-02-24,8091,,4.27,111,8.89,1.45,
2023-03-01,8091,,4.26,111,8.91,1.46,
2023-03-02,8091,,4.28,111,8.87,1.45,
2023-03-03,8091,,4.27,111,8.89,1.45,
2023-03-06,8091,,4.25,111,8.94,1.46,
2023-03-07,8091,,4.26,111,8.91,1.46,
2023-03-08,8091,,4.26,111,8.92,1.46,
2023-03-09,8091,,4.35,111,8.74,1.43,
2023-03-10,8091,,4.58,111,8.30,1.36,
2023-03-13,8091,,4.57,111,8.32,1.36,
2023-03-14,8091,,4.58,111,8.30,1.36,
2023-03-15,8091,,4.59,111,8.28,1.35,
2023-03-16,8091,,4.64,111,8.18,1.34,
2023-03-17,8091,,4.56,111,8.33,1.36,
2023-03-20,8091,,4.50,111,8.45,1.38,
2023-03-21,8091,,4.42,111,8.60,1.40,
2023-03-22,8091,,4.42,111,8.59,1.40,
2023-03-23,8091,,4.40,111,8.64,1.41,
2023-03-24,8091,,7.78,111,8.75,1.43,
2023-03-27,8091,,7.75,111,8.78,1.43,
2023-03-28,8091,,7.77,111,8.76,1.43,
2023-03-29,8091,,7.83,111,9.09,1.38,
2023-03-30,8091,,7.75,111,9.19,1.40,
2023-03-31,8091,,7.75,111,9.19,1.40,
2023-04-06,8091,,7.82,111,9.10,1.39,
2023-04-07,8091,,7.61,111,9.36,1.42,
2023-04-10,8091,,7.68,111,9.27,1.41,
2023-04-11,8091,,7.56,111,9.42,1.43,
2023-04-12,8091,,7.73,111,9.22,1.40,
2023-04-13,8091,,7.73,111,9.21,1.40,
2023-04-14,8091,,7.11,111,10.02,1.52,
2023-04-17,8091,,6.67,111,10.68,1.63,
2023-04-18,8091,,6.73,111,10.58,1.61,
2023-04-19,8091,,6.36,111,11.19,1.70,
2023-04-20,8091,,6.70,111,10.63,1.62,
2023-04-21,8091,,6.90,111,10.33,1.57,
2023-04-24,8091,,6.33,111,11.24,1.71,
2023-04-25,8091,,6.57,111,10.83,1.65,
2023-04-26,8091,,6.67,111,10.68,1.63,
2023-04-27,8091,,6.76,111,10.53,1.60,
2023-04-28,8091,,6.54,111,10.89,1.66,
2023-05-02,8091,,6.80,111,10.48,1.59,
2023-05-03,8091,,6.90,111,10.33,1.57,
2023-05-04,8091,,6.83,111,10.43,1.59,
2023-05-05,8091,,6.97,111,10.22,1.56,
2023-05-08,8091,,6.93,111,10.27,1.56,
2023-05-09,8091,,6.83,111,10.43,1.59,
2023-05-10,8091,,7.42,111,9.59,1.46,
2023-05-11,8091,,7.68,111,9.28,1.41,
2023-05-12,8091,,7.61,111,10.74,1.37,
2023-05-15,8091,,7.78,111,10.50,1.34,
2023-05-16,8091,,7.73,111,10.56,1.34,
2023-05-17,8091,,7.68,111,10.63,1.35,
2023-05-18,8091,,7.71,111,10.60,1.35,
2023-05-19,8091,,7.62,111,10.72,1.37,
2023-05-22,8091,,7.62,111,10.72,1.37,
2023-05-23,8091,,7.28,111,11.23,1.43,
2023-05-24,8091,,7.24,111,11.28,1.44,
2023-05-25,8091,,7.37,111,11.09,1.41,
2023-05-26,8091,,7.27,111,11.24,1.43,
2023-05-29,8091,,7.16,111,11.40,1.45,
2023-05-30,8091,,7.10,111,11.51,1.46,
2023-05-31,8091,,7.17,111,11.39,1.45,
2023-06-01,8091,,7.20,111,11.34,1.44,
2023-06-02,8091,,7.22,111,11.32,1.44,
2023-06-05,8091,,7.15,111,11.42,1.45,
2023-06-06,8091,,7.19,111,11.35,1.45,
2023-06-07,8091,,7.14,111,11.44,1.46,
2023-06-08,8091,,7.22,111,11.32,1.44,
2023-06-09,8091,,7.00,111,11.67,1.49,
2023-06-12,8091,,7.04,111,11.61,1.48,
2023-06-13,8091,,6.97,111,11.73,1.49,
2023-06-14,8091,,7.01,111,11.65,1.48,
2023-06-15,8091,,7.09,111,11.52,1.47,
2023-06-16,8091,,7.12,111,11.47,1.46,
2023-06-19,8091,,7.11,111,11.48,1.46,
2023-06-20,8091,,7.23,111,11.30,1.44,
2023-06-21,8091,,7.25,111,11.26,1.43,
2023-06-26,8091,,7.34,111,11.13,1.42,
2023-06-27,8091,,7.41,111,11.03,1.40,
2023-06-28,8091,,7.39,111,11.05,1.41,
2023-06-29,8091,,7.29,111,11.20,1.43,
2023-06-30,8091,,7.18,111,11.38,1.45,
2023-07-03,8091,,7.16,111,11.41,1.45,
2023-07-04,8091,,7.07,111,11.55,1.47,
2023-07-05,8091,,7.08,111,11.54,1.47,
2023-07-06,8091,,7.18,111,11.38,1.45,
2023-07-07,8091,,7.25,111,11.26,1.43,
2023-07-10,8091,,7.35,111,11.11,1.41,
2023-07-11,8091,,7.34,111,11.13,1.42,
2023-07-12,8091,,7.30,111,11.19,1.42,
2023-07-13,8091,,7.28,111,11.23,1.43,
2023-07-14,8091,,7.20,111,11.34,1.44,
2023-07-17,8091,,6.90,111,11.84,1.51,
2023-07-18,8091,,7.66,111,10.67,1.36,
2023-07-19,8091,,7.80,111,10.47,1.33,
2023-07-20,8091,,7.68,111,10.64,1.35,
2023-07-21,8091,,7.88,111,10.36,1.32,
2023-07-24,8091,,8.07,111,10.12,1.29,
2023-07-25,8091,,7.91,111,10.33,1.31,
2023-07-26,8091,,8.04,111,10.16,1.29,
2023-07-27,8091,,7.93,111,10.30,1.31,
2023-07-28,8091,,7.77,111,10.51,1.34,
2023-07-31,8091,,7.90,111,10.34,1.32,
2023-08-01,8091,,7.93,111,10.30,1.31,
2023-08-02,8091,,8.08,111,10.11,1.29,
2023-08-04,8091,,7.98,111,10.23,1.30,
2023-08-07,8091,,7.83,111,10.43,1.33,
2023-08-08,8091,,7.96,111,10.26,1.31,
2023-08-09,8091,,8.02,111,10.19,1.30,
2023-08-10,8091,,8.08,111,10.46,1.40,
2023-08-11,8091,,8.12,111,10.41,1.39,
2023-08-14,8091,,8.21,111,10.30,1.38,
2023-08-15,8091,,8.14,111,10.39,1.39,
2023-08-16,8091,,8.22,111,10.29,1.38,
2023-08-17,8091,,8.03,111,10.53,1.41,
2023-08-18,8091,,8.08,111,10.46,1.40,
2023-08-21,8091,,8.09,111,10.45,1.40,
2023-08-22,8091,,8.09,111,10.45,1.40,
2023-08-23,8091,,7.87,111,10.75,1.44,
2023-08-24,8091,,7.91,111,10.69,1.43,
2023-08-25,8091,,7.84,111,10.79,1.44,
2023-08-28,8091,,7.92,111,10.68,1.43,
2023-08-29,8091,,7.85,111,10.77,1.44,
2023-08-30,8091,,7.78,111,10.87,1.46,
2023-08-31,8091,,7.78,111,10.87,1.46,
2023-09-01,8091,,7.73,111,10.93,1.46,
2023-09-04,8091,,7.77,111,10.88,1.46,
2023-09-05,8091,,7.79,111,10.86,1.45,
2023-09-06,8091,,7.82,111,10.81,1.45,
2023-09-07,8091,,7.87,111,10.75,1.44,
2023-09-08,8091,,7.98,111,10.59,1.42,
2023-09-11,8091,,8.11,111,10.42,1.40,
2023-09-12,8091,,8.14,111,10.39,1.39,
2023-09-13,8091,,8.05,111,10.51,1.41,
2023-09-14,8091,,7.95,111,10.63,1.42,
2023-09-15,8091,,8.00,111,10.57,1.41,
2023-09-18,8091,,7.99,111,10.58,1.42,
2023-09-19,8091,,8.06,111,10.48,1.40,
2023-09-20,8091,,8.14,111,10.39,1.39,
2023-09-21,8091,,8.25,111,10.24,1.37,
2023-09-22,8091,,8.15,111,10.37,1.39,
2023-09-25,8091,,8.10,111,10.43,1.40,
2023-09-26,8091,,8.22,111,10.29,1.38,
2023-09-27,8091,,8.19,111,10.33,1.38,
2023-09-28,8091,,8.19,111,10.33,1.38,
2023-10-02,8091,,8.09,111,10.45,1.40,
2023-10-03,8091,,8.12,111,10.41,1.39,
2023-10-04,8091,,8.23,111,10.28,1.38,
2023-10-05,8091,,8.23,111,10.28,1.38,
2023-10-06,8091,,8.28,111,10.21,1.37,
2023-10-11,8091,,8.46,111,9.99,1.34,
2023-10-12,8091,,8.27,111,10.22,1.37,
2023-10-13,8091,,8.03,111,10.53,1.41,
2023-10-16,8091,,8.07,111,10.47,1.40,
2023-10-17,8091,,8.06,111,10.48,1.40,
2023-10-18,8091,,8.02,111,10.54,1.41,
2023-10-19,8091,,8.04,111,10.52,1.41,
2023-10-20,8091,,8.10,111,10.43,1.40,
2023-10-23,8091,,8.11,111,10.42,1.40,
2023-10-24,8091,,7.93,111,10.66,1.43,
2023-10-25,8091,,7.87,111,10.74,1.44,
2023-10-26,8091,,7.91,111,10.69,1.43,
2023-10-27,8091,,8.01,111,10.56,1.41,
2023-10-30,8091,,7.98,111,10.59,1.42,
2023-10-31,8091,,8.06,111,10.48,1.40,
2023-11-01,8091,,8.12,111,10.41,1.39,
2023-11-02,8091,,8.05,111,10.51,1.41,
2023-11-03,8091,,8.13,111,10.40,1.39,
2023-11-06,8091,,7.95,111,10.63,1.42,
2023-11-07,8091,,7.98,111,10.59,1.42,
2023-11-08,8091,,7.99,111,10.58,1.42,
2023-11-09,8091,,8.05,111,10.51,1.41,
2023-11-10,8091,,8.04,111,10.52,1.41,
2023-11-13,8091,,7.98,111,13.31,1.37,
2023-11-14,8091,,7.88,111,13.47,1.39,
2023-11-15,8091,,7.82,111,13.58,1.40,
2023-11-16,8091,,7.83,111,13.57,1.40,
2023-11-17,8091,,7.82,111,13.58,1.40,
2023-11-20,8091,,7.76,111,13.69,1.41,
2023-11-21,8091,,7.80,111,13.63,1.40,
2023-11-22,8091,,7.68,111,13.82,1.43,
2023-11-23,8091,,7.73,111,13.75,1.42,
2023-11-24,8091,,7.82,111,13.58,1.40,
2023-11-27,8091,,7.84,111,13.55,1.40,
2023-11-28,8091,,7.75,111,13.70,1.41,
2023-11-29,8091,,7.70,111,13.79,1.42,
2023-11-30,8091,,7.68,111,13.84,1.43,
2023-12-01,8091,,7.69,111,13.81,1.42,
2023-12-04,8091,,7.71,111,13.78,1.42,
2023-12-05,8091,,7.74,111,13.72,1.41,
2023-12-06,8091,,7.75,111,13.70,1.41,
2023-12-07,8091,,7.80,111,13.63,1.40,
2023-12-08,8091,,7.80,111,13.61,1.40,
2023-12-11,8091,,7.59,111,13.99,1.44,
2023-12-12,8091,,7.67,111,13.85,1.43,
2023-12-13,8091,,7.47,111,14.22,1.47,
2023-12-14,8091,,7.44,111,14.28,1.47,
2023-12-15,8091,,7.47,111,14.22,1.47,
2023-12-18,8091,,7.50,111,14.16,1.46,
2023-12-19,8091,,7.62,111,13.95,1.44,
2023-12-20,8091,,7.55,111,14.07,1.45,
2023-12-21,8091,,7.53,111,14.10,1.45,
2023-12-22,8091,,7.58,111,14.01,1.44,
2023-12-25,8091,,7.59,111,13.99,1.44,
2023-12-26,8091,,7.55,111,14.07,1.45,
2023-12-27,8091,,7.35,111,14.46,1.49,
2023-12-28,8091,,7.42,111,14.31,1.48,
2023-12-29,8091,,7.33,111,14.49,1.49,
2024-01-02,8091,,7.36,112,14.43,1.49,
2024-01-03,8091,,7.42,112,14.31,1.48,
2024-01-04,8091,,7.55,112,14.07,1.45,
2024-01-05,8091,,7.54,112,14.08,1.45,
2024-01-08,8091,,7.45,112,14.25,1.47,
2024-01-09,8091,,7.78,112,13.66,1.41,
2024-01-10,8091,,7.73,112,13.73,1.42,
2024-01-11,8091,,7.72,112,13.76,1.42,
2024-01-12,8091,,7.79,112,13.64,1.41,
2024-01-15,8091,,7.66,112,13.87,1.43,
2024-01-16,8091,,7.70,112,13.79,1.42,
2024-01-17,8091,,7.85,112,13.54,1.40,
2024-01-18,8091,,7.91,112,13.43,1.38,
2024-01-19,8091,,7.80,112,13.63,1.40,
2024-01-22,8091,,7.59,112,13.99,1.44,
2024-01-23,8091,,7.59,112,13.99,1.44,
2024-01-24,8091,,7.53,112,14.11,1.45,
2024-01-25,8091,,7.42,112,14.32,1.48,
2024-01-26,8091,,7.50,112,14.16,1.46,
2024-01-29,8091,,7.45,112,14.25,1.47,
2024-01-30,8091,,7.49,112,14.17,1.46,
2024-01-31,8091,,7.35,112,14.45,1.49,
2024-02-01,8091,,7.38,112,14.39,1.48,
2024-02-02,8091,,7.42,112,14.32,1.48,
2024-02-05,8091,,7.31,112,14.52,1.50,
2024-02-15,8091,,7.04,112,15.08,1.56,
2024-02-16,8091,,7.04,112,15.10,1.56,
2024-02-19,8091,,6.76,112,15.71,1.62,
2024-02-20,8091,,6.86,112,15.48,1.60,
2024-02-21,8091,,7.00,112,15.17,1.56,
2024-02-22,8091,,6.73,112,15.78,1.63,
2024-02-23,8091,,6.70,112,15.86,1.63,
2024-02-26,8091,,6.42,112,16.54,1.71,
2024-02-27,8091,,6.51,112,16.31,1.68,
2024-02-29,8091,,6.36,112,16.69,1.72,
2024-03-01,8091,,6.48,112,16.39,1.69,
2024-03-04,8091,,6.25,112,17.00,1.75,
2024-03-05,8091,,6.28,112,16.92,1.74,
2024-03-06,8091,,5.71,112,18.59,1.92,
2024-03-07,8091,,5.88,112,18.06,1.86,
2024-03-08,8091,,6.09,112,17.45,1.80,
2024-03-11,8091,,5.96,112,17.83,1.84,
2024-03-12,8091,,5.91,112,17.98,1.85,
2024-03-13,8091,,5.93,112,17.91,1.85,
2024-03-14,8091,,6.17,112,17.22,1.78,
2024-03-15,8091,,6.09,112,19.23,1.78,
2024-03-18,8091,,4.82,112,20.82,1.93,
2024-03-19,8091,,4.82,112,20.82,1.93,
2024-03-20,8091,,4.86,112,20.65,1.91,
2024-03-21,8091,,4.78,112,20.99,1.94,
2024-03-22,8091,,4.96,112,20.23,1.87,
2024-03-25,8091,,4.92,112,20.40,1.89,
2024-03-26,8091,,5.04,112,19.90,1.84,
2024-03-27,8091,,4.88,112,20.57,1.90,
2024-03-28,8091,,4.82,112,20.82,1.93,
2024-03-29,8091,,4.86,112,20.65,1.91,
2024-04-01,8091,,4.78,112,20.99,1.94,
2024-04-02,8091,,4.63,112,21.66,2.00,
2024-04-03,8091,,4.80,112,20.90,1.93,
2024-04-08,8091,,4.58,112,21.91,2.03,
2024-04-09,8091,,4.53,112,22.16,2.05,
2024-04-10,8091,,4.43,112,22.66,2.10,
2024-04-11,8091,,4.44,112,22.58,2.09,
2024-04-12,8091,,4.35,112,23.08,2.13,
2024-04-15,8091,,4.43,112,22.66,2.10,
2024-04-16,8091,,4.63,112,21.66,2.00,
2024-04-17,8091,,4.63,112,21.66,2.00,
2024-04-18,8091,,4.74,112,21.15,1.96,
2024-04-19,8091,,4.88,112,20.57,1.90,
2024-04-22,8091,,4.86,112,20.65,1.91,
2024-04-23,8091,,5.00,112,20.07,1.86,
2024-04-24,8091,,4.74,112,21.15,1.96,
2024-04-25,8091,,4.86,112,20.65,1.91,
2024-04-26,8091,,4.74,112,21.15,1.96,
2024-04-29,8091,,4.82,112,20.82,1.93,
2024-04-30,8091,,4.94,112,20.32,1.88,
2024-05-02,8091,,4.88,112,20.57,1.90,
2024-05-03,8091,,4.78,112,20.99,1.94,
2024-05-06,8091,,4.80,112,20.90,1.93,
2024-05-07,8091,,4.76,112,21.07,1.95,
2024-05-08,8091,,4.86,112,20.65,1.91,
2024-05-09,8091,,4.96,112,20.23,1.87,
2024-05-10,8091,,4.96,112,20.23,1.87,
2024-05-13,8091,,4.92,112,17.97,2.00,
2024-05-14,8091,,4.98,112,17.75,1.97,
2024-05-15,8091,,4.96,112,17.82,1.98,
2024-05-16,8091,,4.94,112,17.89,1.99,
2024-05-17,8091,,4.90,112,18.04,2.01,
2024-05-20,8091,,4.94,112,17.89,1.99,
2024-05-21,8091,,4.84,112,18.26,2.03,
2024-05-22,8091,,4.63,112,19.07,2.12,
2024-05-23,8091,,4.71,112,18.78,2.09,
2024-05-24,8091,,4.62,112,19.15,2.13,
2024-05-27,8091,,4.80,112,18.41,2.05,
2024-05-28,8091,,4.71,112,18.78,2.09,
2024-05-29,8091,,4.67,112,18.92,2.10,
2024-05-30,8091,,4.65,112,19.00,2.11,
2024-05-31,8091,,4.72,112,18.70,2.08,
2024-06-03,8091,,4.72,112,18.70,2.08,
2024-06-04,8091,,4.72,112,18.70,2.08,
2024-06-05,8091,,4.78,112,18.48,2.05,
2024-06-06,8091,,4.67,112,18.92,2.10,
2024-06-07,8091,,4.53,112,19.51,2.17,
2024-06-11,8091,,4.51,112,19.59,2.18,
2024-06-12,8091,,4.41,112,20.03,2.23,
2024-06-13,8091,,4.43,112,19.96,2.22,
2024-06-14,8091,,4.29,112,20.62,2.29,
2024-06-17,8091,,3.96,112,22.31,2.48,
2024-06-18,8091,,4.04,112,21.87,2.43,
2024-06-19,8091,,3.99,112,22.16,2.46,
2024-06-20,8091,,4.00,112,22.09,2.46,
2024-06-21,8091,,3.83,112,23.05,2.56,
2024-06-24,8091,,3.83,112,23.05,2.56,
2024-06-25,8091,,3.81,112,23.20,2.58,
2024-06-26,8091,,3.63,112,24.37,2.71,
2024-06-27,8091,,3.70,112,23.86,2.65,
2024-06-28,8091,,3.79,112,23.34,2.59,
2024-07-01,8091,,3.81,112,23.20,2.58,
2024-07-02,8091,,3.76,112,23.49,2.61,
2024-07-03,8091,,3.63,112,24.37,2.71,
2024-07-04,8091,,3.69,112,23.93,2.66,
2024-07-05,8091,,3.49,112,25.33,2.82,
2024-07-08,8091,,3.80,112,23.27,2.59,
2024-07-09,8091,,3.77,112,23.42,2.60,
2024-07-10,8091,,3.76,112,23.49,2.61,
2024-07-11,8091,,3.81,112,23.20,2.58,
2024-07-12,8091,,3.90,112,22.68,2.52,
2024-07-15,8091,,3.91,112,22.61,2.51,
2024-07-16,8091,,3.86,112,22.90,2.55,
2024-07-17,8091,,3.93,112,22.46,2.50,
2024-07-18,8091,,4.05,112,21.80,2.42,
2024-07-19,8091,,4.11,112,21.50,2.39,
2024-07-22,8091,,4.21,112,20.99,2.33,
2024-07-23,8091,,4.15,112,21.28,2.37,
2024-07-26,8091,,4.24,112,20.84,2.32,
2024-07-29,8091,,4.23,112,20.91,2.32,
2024-07-30,8091,,4.05,112,21.80,2.42,
2024-07-31,8091,,4.10,112,21.58,2.40,
2024-08-01,8091,,3.87,112,22.83,2.54,
2024-08-02,8091,,4.07,112,21.72,2.41,
2024-08-05,8091,,4.51,112,19.59,2.18,
2024-08-06,8091,,4.67,112,18.92,2.10,
2024-08-07,8091,,4.43,112,19.96,2.22,
2024-08-08,8091,,4.67,112,18.92,2.10,
2024-08-09,8091,,4.44,112,19.65,2.13,
2024-08-12,8091,,4.35,112,20.09,2.18,
2024-08-13,8091,,4.17,112,20.96,2.27,
2024-08-14,8091,,4.08,112,21.40,2.32,
2024-08-15,8091,,4.15,112,21.03,2.28,
2024-08-16,8091,,4.05,112,21.54,2.34,
2024-08-19,8091,,4.03,112,21.69,2.35,
2024-08-20,8091,,4.12,112,21.18,2.30,
2024-08-21,8091,,4.18,112,20.89,2.27,
2024-08-22,8091,,4.00,112,21.83,2.37,
2024-08-23,8091,,3.99,112,21.91,2.38,
2024-08-26,8091,,4.10,112,21.32,2.31,
2024-08-27,8091,,4.00,112,21.83,2.37,
2024-08-28,8091,,3.75,112,23.29,2.53,
2024-08-29,8091,,3.75,112,23.29,2.53,
2024-08-30,8091,,3.67,112,23.80,2.58,
2024-09-02,8091,,3.87,112,22.56,2.45,
2024-09-03,8091,,3.76,112,23.22,2.52,
2024-09-04,8091,,4.15,112,21.03,2.28,
2024-09-05,8091,,4.14,112,21.11,2.29,
2024-09-06,8091,,4.15,112,21.03,2.28,
2024-09-09,8091,,4.24,112,20.60,2.23,
2024-09-10,8091,,4.10,112,21.32,2.31,
2024-09-11,8091,,4.26,112,20.52,2.23,
2024-09-12,8091,,4.08,112,21.40,2.32,
2024-09-13,8091,,4.01,112,21.76,2.36,
2024-09-16,8091,,3.79,112,23.07,2.50,
2024-09-18,8091,,3.90,112,22.42,2.43,
2024-09-19,8091,,3.76,112,23.22,2.52,
2024-09-20,8091,,3.65,112,23.94,2.60,
2024-09-23,8091,,3.58,112,24.38,2.64,
2024-09-24,8091,,3.75,112,23.29,2.53,
2024-09-25,8091,,3.81,112,22.93,2.49,
2024-09-26,8091,,3.85,112,22.71,2.46,
2024-09-27,8091,,3.85,112,22.71,2.46,
2024-09-30,8091,,4.01,112,21.76,2.36,
2024-10-01,8091,,3.99,112,21.91,2.38,
2024-10-04,8091,,4.08,112,21.40,2.32,
2024-10-07,8091,,3.95,112,22.13,2.40,
2024-10-08,8091,,3.99,112,21.91,2.38,
2024-10-09,8091,,3.99,112,21.91,2.38,
2024-10-11,8091,,3.90,112,22.42,2.43,
2024-10-14,8091,,3.83,112,22.78,2.47,
2024-10-15,8091,,3.93,112,22.20,2.41,
2024-10-16,8091,,3.97,112,21.98,2.38,
2024-10-17,8091,,4.05,112,21.54,2.34,
2024-10-18,8091,,4.17,112,20.96,2.27,
2024-10-21,8091,,4.11,112,21.25,2.30,
2024-10-22,8091,,4.07,112,21.47,2.33,
2024-10-23,8091,,4.00,112,21.83,2.37,
2024-10-24,8091,,4.11,112,21.25,2.30,
2024-10-25,8091,,4.03,112,21.69,2.35,
2024-10-28,8091,,4.12,112,21.18,2.30,
2024-10-29,8091,,4.20,112,20.82,2.26,
2024-10-30,8091,,4.26,112,20.52,2.23,
2024-11-01,8091,,4.18,112,20.89,2.27,
2024-11-04,8091,,4.27,112,20.45,2.22,
2024-11-05,8091,,4.14,112,21.11,2.29,
2024-11-06,8091,,4.29,112,20.38,2.21,
2024-11-07,8091,,4.20,112,20.82,2.26,
2024-11-08,8091,,4.21,112,20.74,2.25,
2024-11-11,8091,,4.36,112,21.65,1.95,
2024-11-12,8091,,4.48,112,21.10,1.90,
2024-11-13,8091,,4.43,112,21.34,1.92,
2024-11-14,8091,,4.55,112,20.79,1.87,
2024-11-15,8091,,4.51,112,20.94,1.88,
2024-11-18,8091,,4.69,112,20.16,1.81,
2024-11-19,8091,,4.60,112,20.55,1.85,
2024-11-20,8091,,4.71,112,20.08,1.81,
2024-11-21,8091,,4.62,112,20.47,1.84,
2024-11-22,8091,,4.56,112,20.71,1.86,
2024-11-25,8091,,4.49,112,21.02,1.89,
2024-11-26,8091,,4.55,112,20.79,1.87,
2024-11-27,8091,,4.67,112,20.24,1.82,
2024-11-28,8091,,4.71,112,20.08,1.81,
2024-11-29,8091,,4.63,112,20.39,1.84,
2024-12-02,8091,,4.55,112,20.79,1.87,
2024-12-03,8091,,4.51,112,20.94,1.88,
2024-12-04,8091,,4.46,112,21.18,1.91,
2024-12-05,8091,,4.41,112,21.42,1.93,
2024-12-06,8091,,4.36,112,21.65,1.95,
2024-12-09,8091,,4.41,112,21.42,1.93,
2024-12-10,8091,,4.53,112,20.87,1.88,
2024-12-11,8091,,4.58,112,20.63,1.86,
2024-12-12,8091,,4.55,112,20.79,1.87,
2024-12-13,8091,,4.65,112,20.31,1.83,
2024-12-16,8091,,4.72,112,20.00,1.80,
2024-12-17,8091,,4.71,112,20.08,1.81,
2024-12-18,8091,,4.65,112,20.31,1.83,
2024-12-19,8091,,4.71,112,20.08,1.81,
2024-12-20,8091,,4.76,112,19.84,1.79,
2024-12-23,8091,,4.72,112,20.00,1.80,
2024-12-24,8091,,4.76,112,19.84,1.79,
2024-12-25,8091,,4.72,112,20.00,1.80,
2024-12-26,8091,,4.71,112,20.08,1.81,
2024-12-27,8091,,4.74,112,19.92,1.79,
2024-12-30,8091,,4.80,112,19.69,1.77,
2024-12-31,8091,,4.78,112,19.76,1.78,
2025-01-02,8091,,4.90,113,19.29,1.74,113Q3
2025-01-03,8091,,4.92,113,19.21,1.73,113Q3
2025-01-06,8091,,4.84,113,19.53,1.76,113Q3
2025-01-07,8091,,4.72,113,20.00,1.80,113Q3
2025-01-08,8091,,4.78,113,19.76,1.78,113Q3
2025-01-09,8091,,4.88,113,19.37,1.74,113Q3
2025-01-10,8091,,4.96,113,19.06,1.71,113Q3
2025-01-13,8091,,5.22,113,18.11,1.63,113Q3
2025-01-14,8091,,5.08,113,18.58,1.67,113Q3
2025-01-15,8091,,5.13,113,18.43,1.66,113Q3
2025-01-16,8091,,5.04,113,18.74,1.69,113Q3
2025-01-17,8091,,5.06,113,18.66,1.68,113Q3
2025-01-20,8091,,4.92,113,19.21,1.73,113Q3
2025-01-21,8091,,4.96,113,19.06,1.71,113Q3
2025-01-22,8091,,4.96,113,19.06,1.71,113Q3
2025-02-03,8091,,5.11,113,18.50,1.67,113Q3
2025-02-04,8091,,5.15,113,18.35,1.65,113Q3
2025-02-05,8091,,5.06,113,18.66,1.68,113Q3
2025-02-06,8091,,4.98,113,18.98,1.71,113Q3
2025-02-07,8091,,4.84,113,19.53,1.76,113Q3
2025-02-10,8091,,4.90,113,19.29,1.74,113Q3
2025-02-11,8091,,4.90,113,19.29,1.74,113Q3
2025-02-12,8091,,4.94,113,19.13,1.72,113Q3
2025-02-13,8091,,4.80,113,19.69,1.77,113Q3
2025-02-14,8091,,4.80,113,19.69,1.77,113Q3
2025-02-17,8091,,4.72,113,20.00,1.80,113Q3
2025-02-18,8091,,4.56,113,20.71,1.86,113Q3
2025-02-19,8091,,4.58,113,20.63,1.86,113Q3
2025-02-20,8091,,4.60,113,20.55,1.85,113Q3
2025-02-21,8091,,4.58,113,20.63,1.86,113Q3
2025-02-24,8091,,4.62,113,20.47,1.84,113Q3
2025-02-25,8091,,4.69,113,20.16,1.81,113Q3
2025-02-26,8091,,4.71,113,20.08,1.81,113Q3
2025-02-27,8091,,4.63,113,20.39,1.84,113Q3
2025-03-03,8091,,4.60,113,20.55,1.85,113Q3
2025-03-04,8091,,4.55,113,20.79,1.87,113Q3
2025-03-05,8091,,4.49,113,21.02,1.89,113Q3
2025-03-06,8091,,4.49,113,21.02,1.89,113Q3
2025-03-07,8091,,4.56,113,20.71,1.86,113Q3
2025-03-10,8091,,4.63,113,20.39,1.84,113Q3
2025-03-11,8091,,4.60,113,20.55,1.85,113Q3
2025-03-12,8091,,4.65,113,20.31,1.83,113Q3
2025-03-13,8091,,4.69,113,20.16,1.81,113Q3
2025-03-14,8091,,4.60,113,20.55,1.85,113Q3
2025-03-17,8091,,6.13,113,20.55,1.85,113Q3
2025-03-18,8091,,6.25,113,20.16,1.81,113Q3
2025-03-19,8091,,6.20,113,20.31,1.83,113Q3
2025-03-20,8091,,5.97,113,21.10,1.90,113Q3
2025-03-21,8091,,5.88,113,21.42,1.93,113Q3
2025-03-24,8091,,5.95,113,21.18,1.91,113Q3
2025-03-25,8091,,5.93,113,21.26,1.91,113Q3
2025-03-26,8091,,6.11,113,17.47,1.81,113Q4
2025-03-27,8091,,6.15,113,17.33,1.80,113Q4
2025-03-28,8091,,6.37,113,16.73,1.74,113Q4
2025-03-31,8091,,6.64,113,16.07,1.67,113Q4
2025-04-01,8091,,6.40,113,16.67,1.73,113Q4
2025-04-02,8091,,6.37,113,16.73,1.74,113Q4
2025-04-07,8091,,7.08,113,15.07,1.57,113Q4
2025-04-08,8091,,7.41,113,14.40,1.50,113Q4
2025-04-09,8091,,8.23,113,12.96,1.35,113Q4
2025-04-10,8091,,7.51,113,14.20,1.48,113Q4
2025-04-11,8091,,7.31,113,14.60,1.52,113Q4
2025-04-14,8091,,7.05,113,15.13,1.57,113Q4
2025-04-15,8091,,6.81,113,15.67,1.63,113Q4
2025-04-16,8091,,7.69,113,13.87,1.44,113Q4
2025-04-17,8091,,7.84,113,13.60,1.41,113Q4
2025-04-18,8091,,7.80,113,13.67,1.42,113Q4
2025-04-21,8091,,7.84,113,13.60,1.41,113Q4
2025-04-22,8091,,7.84,113,13.60,1.41,113Q4
2025-04-23,8091,,7.92,113,13.47,1.40,113Q4
2025-04-24,8091,,7.88,113,13.53,1.41,113Q4
2025-04-25,8091,,7.80,113,13.67,1.42,113Q4
2025-04-28,8091,,7.55,113,14.13,1.47,113Q4
2025-04-29,8091,,7.51,113,14.20,1.48,113Q4
2025-04-30,8091,,7.44,113,14.33,1.49,113Q4
2025-05-02,8091,,7.37,113,14.47,1.50,113Q4
2025-05-05,8091,,7.73,113,13.80,1.43,113Q4
2025-05-06,8091,,7.69,113,13.87,1.44,113Q4
2025-05-07,8091,,7.55,113,14.13,1.47,113Q4
2025-05-08,8091,,7.27,113,14.67,1.52,113Q4
2025-05-09,8091,,7.48,113,14.27,1.48,113Q4
2025-05-12,8091,,7.27,113,14.67,1.52,113Q4
2025-05-13,8091,,7.27,113,17.32,1.68,114Q1
2025-05-14,8091,,7.24,113,17.40,1.68,114Q1
2025-05-15,8091,,7.14,113,17.64,1.71,114Q1
2025-05-16,8091,,7.14,113,17.64,1.71,114Q1
2025-05-19,8091,,7.37,113,17.09,1.65,114Q1
2025-05-20,8091,,7.41,113,17.01,1.64,114Q1
2025-05-21,8091,,7.34,113,17.17,1.66,114Q1
2025-05-22,8091,,7.37,113,17.09,1.65,114Q1
2025-05-23,8091,,7.44,113,16.93,1.64,114Q1
2025-05-26,8091,,7.51,113,16.77,1.62,114Q1
2025-05-27,8091,,7.55,113,16.69,1.61,114Q1
2025-05-28,8091,,7.55,113,16.69,1.61,114Q1
2025-05-29,8091,,7.41,113,17.01,1.64,114Q1
2025-06-02,8091,,7.55,113,16.69,1.61,114Q1
2025-06-03,8091,,7.58,113,16.61,1.61,114Q1
2025-06-04,8091,,7.55,113,16.69,1.61,114Q1
2025-06-05,8091,,7.55,113,16.69,1.61,114Q1
2025-06-06,8091,,7.48,113,16.85,1.63,114Q1
2025-06-09,8091,,7.51,113,16.77,1.62,114Q1
2025-06-10,8091,,7.66,113,16.46,1.59,114Q1
2025-06-11,8091,,7.69,113,16.38,1.58,114Q1
2025-06-12,8091,,7.73,113,16.30,1.58,114Q1
2025-06-13,8091,,7.88,113,15.98,1.55,114Q1
2025-06-16,8091,,7.62,113,16.54,1.60,114Q1
2025-06-17,8091,,7.51,113,16.77,1.62,114Q1
2025-06-18,8091,,7.41,113,17.01,1.64,114Q1
2025-06-19,8091,,7.51,113,16.77,1.62,114Q1
2025-06-20,8091,,7.58,113,16.61,1.61,114Q1
2025-06-23,8091,,7.69,113,16.38,1.58,114Q1
2025-06-24,8091,,7.24,113,17.40,1.68,114Q1
2025-06-25,8091,,7.27,113,17.32,1.68,114Q1
2025-06-26,8091,,7.27,113,17.32,1.68,114Q1
2025-06-27,8091,,7.24,113,17.40,1.68,114Q1
2025-06-30,8091,,7.24,113,17.40,1.68,114Q1
2025-07-01,8091,,7.27,113,17.32,1.68,114Q1
2025-07-02,8091,,7.41,113,17.01,1.64,114Q1
2025-07-03,8091,,7.31,113,17.24,1.67,114Q1
2025-07-04,8091,,7.58,113,16.61,1.61,114Q1
2025-07-07,8091,,7.58,113,16.61,1.61,114Q1
2025-07-08,8091,,7.73,113,16.30,1.58,114Q1
2025-07-09,8091,,7.66,113,16.46,1.59,114Q1
2025-07-10,8091,,7.66,113,16.46,1.59,114Q1
2025-07-11,8091,,7.58,113,16.61,1.61,114Q1
2025-07-14,8091,,7.66,113,16.46,1.59,114Q1
2025-07-15,8091,,7.66,113,16.46,1.59,114Q1
2025-07-16,8091,,7.51,113,16.77,1.62,114Q1
2025-07-17,8091,,7.44,113,16.93,1.64,114Q1
2025-07-18,8091,,7.48,113,16.85,1.63,114Q1
2025-07-21,8091,,7.51,113,16.77,1.62,114Q1
2025-07-22,8091,,7.73,113,16.30,1.58,114Q1
2025-07-23,8091,,7.66,113,16.46,1.59,114Q1
2025-07-24,8091,,7.66,113,16.46,1.59,114Q1
2025-07-25,8091,,7.66,113,16.46,1.59,114Q1
2025-07-28,8091,,7.73,113,16.30,1.58,114Q1
2025-07-29,8091,,7.84,113,16.06,1.55,114Q1
2025-07-30,8091,,7.84,113,16.06,1.55,114Q1
2025-07-31,8091,,7.92,113,15.91,1.54,114Q1
2025-08-01,8091,,7.80,113,16.14,1.56,114Q1
2025-08-04,8091,,7.84,113,16.06,1.55,114Q1
2025-08-05,8091,,7.73,113,16.30,1.58,114Q1
2025-08-06,8091,,7.66,113,16.46,1.59,114Q1
2025-08-07,8091,,7.62,113,16.54,1.60,114Q1
2025-08-08,8091,,7.55,113,16.69,1.61,114Q1
2025-08-11,8091,,7.92,113,15.91,1.54,114Q1
2025-08-12,8091,,7.73,113,19.45,1.62,114Q2
2025-08-13,8091,,7.80,113,19.27,1.60,114Q2
2025-08-14,8091,,7.69,113,19.55,1.62,114Q2
2025-08-15,8091,,7.69,113,19.55,1.62,114Q2
2025-08-18,8091,,7.84,113,19.17,1.59,114Q2
2025-08-19,8091,,7.84,113,19.17,1.59,114Q2
2025-08-20,8091,,7.96,113,18.89,1.57,114Q2
2025-08-21,8091,,7.92,113,18.98,1.58,114Q2
2025-08-22,8091,,8.00,113,18.80,1.56,114Q2
2025-08-25,8091,,7.88,113,19.08,1.58,114Q2
2025-08-26,8091,,7.84,113,19.17,1.59,114Q2
2025-08-27,8091,,7.37,113,20.39,1.69,114Q2
2025-08-28,8091,,7.41,113,20.30,1.69,114Q2
2025-08-29,8091,,6.78,113,22.18,1.84,114Q2
2025-09-01,8091,,7.21,113,20.86,1.73,114Q2
2025-09-02,8091,,7.21,113,20.86,1.73,114Q2
2025-09-03,8091,,7.11,113,21.15,1.76,114Q2
2025-09-04,8091,,7.05,113,21.33,1.77,114Q2
2025-09-05,8091,,6.90,113,21.80,1.81,114Q2
2025-09-08,8091,,6.61,113,22.74,1.89,114Q2
2025-09-09,8091,,6.69,113,22.46,1.87,114Q2
2025-09-10,8091,,6.72,113,22.37,1.86,114Q2
2025-09-11,8091,,6.84,113,21.99,1.83,114Q2
2025-09-12,8091,,6.81,113,22.09,1.83,114Q2
2025-09-15,8091,,6.87,113,21.90,1.82,114Q2
2025-09-16,8091,,6.87,113,21.90,1.82,114Q2
2025-09-17,8091,,6.90,113,21.80,1.81,114Q2
2025-09-18,8091,,6.81,113,22.09,1.83,114Q2
2025-09-19,8091,,6.90,113,21.80,1.81,114Q2
2025-09-22,8091,,6.87,113,21.90,1.82,114Q2
2025-09-23,8091,,6.84,113,21.99,1.83,114Q2
2025-09-24,8091,,6.93,113,21.71,1.80,114Q2
2025-09-25,8091,,7.08,113,21.24,1.76,114Q2
2025-09-26,8091,,7.27,113,20.68,1.72,114Q2
2025-09-30,8091,,7.21,113,20.86,1.73,114Q2
2025-10-01,8091,,7.24,113,20.77,1.72,114Q2
2025-10-02,8091,,7.41,113,20.30,1.69,114Q2
2025-10-03,8091,,7.31,113,20.58,1.71,114Q2
2025-10-07,8091,,7.24,113,20.77,1.72,114Q2
2025-10-08,8091,,7.27,113,20.68,1.72,114Q2
2025-10-09,8091,,7.21,113,20.86,1.73,114Q2
2025-10-13,8091,,7.44,113,20.21,1.68,114Q2
2025-10-14,8091,,7.55,113,19.92,1.65,114Q2
2025-10-15,8091,,7.48,113,20.11,1.67,114Q2
2025-10-16,8091,,7.27,113,20.68,1.72,114Q2
2025-10-17,8091,,7.44,113,20.21,1.68,114Q2
2025-10-20,8091,,7.41,113,20.30,1.69,114Q2
2025-10-21,8091,,7.34,113,20.49,1.70,114Q2
2025-10-22,8091,,7.37,113,20.39,1.69,114Q2
2025-10-23,8091,,7.41,113,20.30,1.69,114Q2
2025-10-27,8091,,7.31,113,20.58,1.71,114Q2
2025-10-28,8091,,7.31,113,20.58,1.71,114Q2
2025-10-29,8091,,7.31,113,20.58,1.71,114Q2
2025-10-30,8091,,7.37,113,20.39,1.69,114Q2
2025-10-31,8091,,7.41,113,20.30,1.69,114Q2
2025-11-03,8091,,7.44,113,20.21,1.68,114Q2
2025-11-04,8091,,7.55,113,19.92,1.65,114Q2
2025-11-05,8091,,7.69,113,19.55,1.62,114Q2
2025-11-06,8091,,7.48,113,20.11,1.67,114Q2
2025-11-07,8091,,7.58,113,19.83,1.65,114Q2
2025-11-10,8091,,7.44,113,20.21,1.68,114Q2
2025-11-11,8091,,7.31,113,19.59,1.65,114Q3
2025-11-12,8091,,7.14,113,20.04,1.68,114Q3
2025-11-13,8091,,6.69,113,21.38,1.80,114Q3
2025-11-14,8091,,6.84,113,20.93,1.76,114Q3
2025-11-17,8091,,7.02,113,20.39,1.71,114Q3
2025-11-18,8091,,7.11,113,20.13,1.69,114Q3
2025-11-19,8091,,7.17,113,19.95,1.68,114Q3
2025-11-20,8091,,7.05,113,20.30,1.71,114Q3
2025-11-21,8091,,7.37,113,19.41,1.63,114Q3
2025-11-24,8091,,7.37,113,19.41,1.63,114Q3
2025-11-25,8091,,7.17,113,19.95,1.68,114Q3
2025-11-26,8091,,7.08,113,20.21,1.70,114Q3
2025-11-27,8091,,6.96,113,20.57,1.73,114Q3
2025-11-28,8091,,6.96,113,20.57,1.73,114Q3
2025-12-01,8091,,7.02,113,20.39,1.71,114Q3
2025-12-02,8091,,7.05,113,20.30,1.71,114Q3
2025-12-03,8091,,6.93,113,20.66,1.74,114Q3
2025-12-04,8091,,7.05,113,20.30,1.71,114Q3
2025-12-05,8091,,7.05,113,20.30,1.71,114Q3
2025-12-08,8091,,6.93,113,20.66,1.74,114Q3
2025-12-09,8091,,6.84,113,20.93,1.76,114Q3
2025-12-10,8091,,6.90,113,20.75,1.74,114Q3
2025-12-11,8091,,6.87,113,20.84,1.75,114Q3
2025-12-12,8091,,6.78,113,21.11,1.77,114Q3
2025-12-15,8091,,6.90,113,20.75,1.74,114Q3
2025-12-16,8091,,6.93,113,20.66,1.74,114Q3
2025-12-17,8091,,6.90,113,20.75,1.74,114Q3
2025-12-18,8091,,6.99,113,20.48,1.72,114Q3
2025-12-19,8091,,7.02,113,20.39,1.71,114Q3
2025-12-22,8091,,6.99,113,20.48,1.72,114Q3
2025-12-23,8091,,7.08,113,20.21,1.70,114Q3
2025-12-24,8091,,7.14,113,20.04,1.68,114Q3
2025-12-26,8091,,7.17,113,19.95,1.68,114Q3
2025-12-29,8091,,7.11,113,20.13,1.69,114Q3
2025-12-30,8091,,7.14,113,20.04,1.68,114Q3
2025-12-31,8091,,7.17,113,19.95,1.68,114Q3
2026-01-02,8091,,6.93,114,20.66,1.74,114Q3
2026-01-05,8091,,6.72,114,21.29,1.79,114Q3
2026-01-06,8091,,6.75,114,21.20,1.78,114Q3
2026-01-07,8091,,6.78,114,21.11,1.77,114Q3
2026-01-08,8091,,6.84,114,20.93,1.76,114Q3
2026-01-09,8091,,6.72,114,21.29,1.79,114Q3
2026-01-12,8091,,6.61,114,21.65,1.82,114Q3
2026-01-13,8091,,6.61,114,21.65,1.82,114Q3
2026-01-14,8091,,6.30,114,22.72,1.91,114Q3
2026-01-15,8091,,6.23,114,22.99,1.93,114Q3
2026-01-16,8091,,5.90,114,24.24,2.04,114Q3
2026-01-19,8091,,5.84,114,24.51,2.06,114Q3
2026-01-20,8091,,5.84,114,24.51,2.06,114Q3
2026-01-21,8091,,5.88,114,24.33,2.04,114Q3
2026-01-22,8091,,5.84,114,24.51,2.06,114Q3
2026-01-23,8091,,5.86,114,24.42,2.05,114Q3
2026-01-26,8091,,5.84,114,24.51,2.06,114Q3
2026-01-27,8091,,5.82,114,24.60,2.07,114Q3
2026-01-28,8091,,5.76,114,24.87,2.09,114Q3
2026-01-29,8091,,5.61,114,25.49,2.14,114Q3
2026-01-30,8091,,5.84,114,24.51,2.06,114Q3
2026-02-02,8091,,5.88,114,24.33,2.04,114Q3
2026-02-03,8091,,5.80,114,24.69,2.07,114Q3
2026-02-04,8091,,5.90,114,24.24,2.04,114Q3
2026-02-05,8091,,6.13,114,23.35,1.96,114Q3
2026-02-06,8091,,6.08,114,23.52,1.98,114Q3
2026-02-09,8091,,5.90,114,24.24,2.04,114Q3
2026-02-10,8091,,5.97,114,23.97,2.01,114Q3
2026-02-11,8091,,6.04,114,23.70,1.99,114Q3
2026-02-23,8091,,5.76,114,24.87,2.09,114Q3
2026-02-24,8091,,5.48,114,26.12,2.19,114Q3
2026-02-25,8091,,5.61,114,25.49,2.14,114Q3
2026-02-26,8091,,5.52,114,25.94,2.18,114Q3
2026-03-02,8091,,5.76,114,24.87,2.09,114Q3
2026-03-03,8091,,5.86,114,24.42,2.05,114Q3
2026-03-04,8091,,6.27,114,22.81,1.92,114Q3
2026-03-05,8091,,5.86,114,24.42,2.05,114Q3
2026-03-06,8091,,5.90,114,24.24,2.04,114Q3
2026-03-09,8091,,6.13,114,23.35,1.96,114Q3
2026-03-10,8091,,6.02,114,23.79,2.00,114Q3
2026-03-11,8091,,5.86,114,24.42,2.05,114Q3
2026-03-12,8091,,5.82,114,24.60,2.07,114Q3
2026-03-13,8091,,5.90,114,24.24,2.04,114Q3
2026-03-16,8091,,5.99,114,23.88,2.01,114Q3
2026-03-17,8091,,3.41,114,23.61,1.98,114Q3
2026-03-18,8091,,3.26,114,24.69,2.07,114Q3
2026-03-19,8091,,3.31,114,24.33,2.04,114Q3
2026-03-20,8091,,3.31,114,24.33,2.04,114Q3
2026-03-23,8091,,3.20,114,25.13,2.11,114Q3
2026-03-24,8091,,2.91,114,27.64,2.32,114Q3
2026-03-25,8091,,2.95,114,25.89,2.21,114Q4
2026-03-26,8091,,2.96,114,25.81,2.20,114Q4
2026-03-27,8091,,2.97,114,25.72,2.19,114Q4
2026-03-30,8091,,3.05,114,25.04,2.13,114Q4
2026-03-31,8091,,3.14,114,24.36,2.08,114Q4
2026-04-01,8091,,2.86,114,26.74,2.28,114Q4
2026-04-02,8091,,2.80,114,27.25,2.32,114Q4
2026-04-07,8091,,2.70,114,28.27,2.41,114Q4
2026-04-08,8091,,2.68,114,28.52,2.43,114Q4
2026-04-09,8091,,2.44,114,31.32,2.67,114Q4
2026-04-10,8091,,2.46,114,31.07,2.65,114Q4
2026-04-13,8091,,2.49,114,30.73,2.62,114Q4
2026-04-14,8091,,2.51,114,30.48,2.60,114Q4
2026-04-15,8091,,2.43,114,31.41,2.68,114Q4
2026-04-16,8091,,2.52,114,30.31,2.58,114Q4
2026-04-17,8091,,2.48,114,30.81,2.63,114Q4
2026-04-20,8091,,2.35,114,32.51,2.77,114Q4
2026-04-21,8091,,2.39,114,32.00,2.73,114Q4
2026-04-22,8091,,2.44,114,31.32,2.67,114Q4
2026-04-23,8091,,2.55,114,29.97,2.55,114Q4
2026-04-24,8091,,2.47,114,30.90,2.63,114Q4
2026-04-27,8091,,2.51,114,30.39,2.59,114Q4
2026-04-28,8091,,2.51,114,30.39,2.59,114Q4
2026-04-29,8091,,2.49,114,30.65,2.61,114Q4
2026-04-30,8091,,2.34,114,32.60,2.78,114Q4
2026-05-04,8091,,2.28,114,33.45,2.85,114Q4
2026-05-05,8091,,2.36,114,32.43,2.76,114Q4
2026-05-06,8091,,2.37,114,32.26,2.75,114Q4
2026-05-07,8091,,2.37,114,32.17,2.74,114Q4
2026-05-08,8091,,2.36,114,32.43,2.76,114Q4
2026-05-11,8091,,2.25,114,33.96,2.89,114Q4
2026-05-12,8091,,2.37,114,32.26,2.75,114Q4
2026-05-13,8091,,2.30,114,33.28,2.84,114Q4
2026-05-14,8091,,2.09,114,36.59,3.12,114Q4
2026-05-15,8091,,1.90,114,33.86,3.42,115Q1
2026-05-18,8091,,1.73,114,37.21,3.76,115Q1
2026-05-19,8091,,1.71,114,37.64,3.81,115Q1
2026-05-20,8091,,1.78,114,36.21,3.66,115Q1
2026-05-21,8091,,1.83,114,35.14,3.55,115Q1
2026-05-22,8091,,1.69,114,38.14,3.86,115Q1
2026-05-25,8091,,1.65,114,39.07,3.95,115Q1
2026-05-26,8091,,1.67,114,38.50,3.89,115Q1
2026-05-27,8091,,1.67,114,38.43,3.88,115Q1
2026-05-28,8091,,1.74,114,36.86,3.73,115Q1
2026-05-29,8091,,1.73,114,37.21,3.76,115Q1
2026-06-01,8091,,1.59,114,37.93,3.83,115Q1
2026-06-02,8091,,1.67,114,36.00,3.64,115Q1
2026-06-03,8091,,1.65,114,36.57,3.70,115Q1
2026-06-04,8091,,1.66,114,36.36,3.68,115Q1
2026-06-05,8091,,1.75,114,34.43,3.48,115Q1
2026-06-08,8091,,1.86,114,32.43,3.28,115Q1
2026-06-09,8091,,1.69,114,35.64,3.60,115Q1
2026-06-10,8091,,1.79,114,33.57,3.39,115Q1
2026-06-11,8091,,1.78,114,33.86,3.42,115Q1
2026-06-12,8091,,1.75,114,34.50,3.49,115Q1
2026-06-15,8091,,1.68,114,35.86,3.62,115Q1
2026-06-16,8091,,1.70,114,35.43,3.58,115Q1
2026-06-17,8091,,1.62,114,37.21,3.76,115Q1
2026-06-18,8091,,1.50,114,40.14,4.06,115Q1
2026-06-22,8091,,1.55,114,38.93,3.94,115Q1
2026-06-23,8091,,1.50,114,40.07,4.05,115Q1
2026-06-24,8091,,1.47,114,40.86,4.13,115Q1
2026-06-25,8091,,1.60,114,37.71,3.81,115Q1
2026-06-26,8091,,1.65,114,36.43,3.68,115Q1
2026-06-29,8091,,1.60,114,37.57,3.80,115Q1
2026-06-30,8091,,1.55,114,38.79,3.92,115Q1
2026-07-01,8091,,1.53,114,39.36,3.98,115Q1
2026-07-02,8091,,1.47,114,40.93,4.14,115Q1
2026-07-03,8091,,1.44,114,41.93,4.24,115Q1
2026-07-06,8091,,1.48,114,40.64,4.11,115Q1
2026-07-07,8091,,1.57,114,38.29,3.87,115Q1
2026-07-08,8091,,1.51,114,39.79,4.02,115Q1
2026-07-09,8091,,1.43,114,42.14,4.26,115Q1
2026-07-13,8091,,1.52,114,39.64,4.01,115Q1
2026-07-14,8091,,1.53,114,39.29,3.97,115Q1
2026-07-15,8091,,1.49,114,40.50,4.09,115Q1
2026-07-16,8091,,1.46,114,41.14,4.16,115Q1
2026-07-17,8091,,1.57,114,38.29,3.87,115Q1
2026-07-20,8091,,1.75,114,34.50,3.49,115Q1
2026-07-21,8091,,1.73,114,34.71,3.51,115Q1
2026-07-22,8091,,1.63,114,36.93,3.73,115Q1
2026-07-23,8091,,1.70,114,35.36,3.57,115Q1
2026-07-24,8091,,1.73,114,34.79,3.52,115Q1
2026-07-27,8091,,1.81,114,33.36,3.37,115Q1
2026-07-28,8091,,1.96,114,30.79,3.11,115Q1
2026-07-29,8091,,2.06,114,29.21,2.95,115Q1
2026-07-30,8091,,2.18,114,27.64,2.79,115Q1
2026-07-31,8091,,2.00,114,30.07,3.04,115Q1
2026-08-03,8091,,1.92,114,31.43,3.18,115Q1
2026-08-04,8091,,1.90,114,31.71,3.21,115Q1
2026-08-05,8091,,1.84,114,32.71,3.31,115Q1
2026-08-06,8091,,1.84,114,32.71,3.31,115Q1
2026-08-07,8091,,1.87,114,32.14,3.25,115Q1
2026-08-10,8091,,1.76,114,34.14,3.45,115Q1
2026-08-11,8091,,1.76,114,34.21,3.46,115Q1
2026-08-12,8091,,1.81,114,33.29,3.36,115Q1
2026-08-13,8091,,1.81,114,24.37,3.11,115Q2
2026-08-14,8091,,1.83,114,24.06,3.07,115Q2
2026-08-17,8091,,1.83,114,24.06,3.07,115Q2
2026-08-18,8091,,1.91,114,23.12,2.95,115Q2
2026-08-19,8091,,1.91,114,23.06,2.94,115Q2
2026-08-20,8091,,1.92,114,22.91,2.92,115Q2
2026-08-21,8091,,1.92,114,22.96,2.93,115Q2
2026-08-24,8091,,1.95,114,22.59,2.88,115Q2
2026-08-25,8091,,1.96,114,22.49,2.87,115Q2
2026-08-26,8091,,1.95,114,22.65,2.89,115Q2
2026-08-27,8091,,1.93,114,22.80,2.91,115Q2
2026-08-28,8091,,1.91,114,23.06,2.94,115Q2
2026-08-31,8091,,1.94,114,22.75,2.90,115Q2
2026-09-01,8091,,1.91,114,23.12,2.95,115Q2
2026-09-02,8091,,1.91,114,23.06,2.94,115Q2
2026-09-03,8091,,1.97,114,22.44,2.86,115Q2
2026-09-04,8091,,1.96,114,22.49,2.87,115Q2
2026-09-08,8091,,1.97,114,22.33,2.85,115Q2
