date,stock_id,m_buy,m_sell,m_balance,m_limit,s_buy,s_sell,s_balance
2015-01-05,1319,706,1027,16414,147869,93,84,4239
2015-01-06,1319,712,460,16666,147869,40,3,4202
2015-01-07,1319,753,607,16810,147869,81,104,4225
2015-01-08,1319,1296,1634,16471,147869,193,219,4251
2015-01-09,1319,1257,600,17128,147869,23,15,4243
2015-01-12,1319,1536,944,17720,147869,21,126,4348
2015-01-13,1319,1184,893,18011,147869,3,142,4487
2015-01-14,1319,501,360,18152,147869,52,62,4497
2015-01-15,1319,839,739,18252,147869,87,31,4441
2015-01-16,1319,702,849,18099,147869,88,27,4380
2015-01-19,1319,464,344,18219,147869,44,22,4358
2015-01-20,1319,816,754,17725,147869,17,156,4497
2015-01-21,1319,605,462,17868,147869,24,4,4472
2015-01-22,1319,282,350,17793,147869,49,2,4423
2015-01-23,1319,281,651,17398,147869,176,1,4248
2015-01-26,1319,573,631,17338,147869,11,55,4290
2015-01-27,1319,664,562,17416,147869,26,53,4317
2015-01-28,1319,1728,1092,18042,147869,42,45,4320
2015-01-29,1319,417,813,17645,147869,164,15,4171
2015-01-30,1319,220,660,17205,147869,17,4,4148
2015-02-02,1319,167,356,17016,147869,37,45,4156
2015-02-03,1319,303,366,16953,147869,17,22,4161
2015-02-04,1319,230,656,16505,147869,26,30,4162
2015-02-05,1319,150,342,16306,147869,26,5,4141
2015-02-06,1319,212,272,16246,147869,46,90,4185
2015-02-09,1319,74,152,16168,147869,100,4,4089
2015-02-10,1319,107,352,15922,147869,410,29,3708
2015-02-11,1319,219,477,15662,147869,252,11,3467
2015-02-12,1319,62,203,15512,147869,262,31,3233
2015-02-13,1319,197,345,15324,147869,196,624,3661
2015-02-24,1319,678,389,15607,147869,43,40,3658
2015-02-25,1319,458,648,15416,147869,1,395,4052
2015-02-26,1319,1224,1624,15016,147869,192,231,4091
2015-03-02,1319,780,543,15253,147869,31,91,4151
2015-03-03,1319,360,605,15008,147869,8,14,4156
2015-03-04,1319,383,304,15087,147869,20,55,4191
2015-03-05,1319,357,215,15224,147869,36,196,4351
2015-03-06,1319,550,511,15255,147869,62,1777,6066
2015-03-09,1319,609,908,14956,147869,965,96,5197
2015-03-10,1319,1446,1215,15181,147869,1359,30,3867
2015-03-11,1319,796,511,15466,147869,434,23,3456
2015-03-12,1319,467,540,15387,147869,204,20,3272
2015-03-13,1319,589,291,15685,147869,212,3,3063
2015-03-16,1319,744,471,15958,147869,133,10,2940
2015-03-17,1319,529,474,16011,147869,282,8,2666
2015-03-18,1319,1439,646,16804,147869,181,133,2617
2015-03-19,1319,1274,958,17119,147869,157,54,2514
2015-03-20,1319,400,429,17090,147869,130,130,2514
2015-03-23,1319,302,236,17151,147869,102,18,2430
2015-03-24,1319,482,201,17431,147869,435,17,2012
2015-03-25,1319,826,799,17454,147869,148,48,1912
2015-03-26,1319,351,205,17596,147869,24,5,1893
2015-03-27,1319,138,131,17597,147869,55,9,1846
2015-03-30,1319,80,209,17464,147869,100,2,1748
2015-03-31,1319,246,691,17019,147869,73,23,1698
2015-04-01,1319,355,428,16944,147869,109,17,1606
2015-04-02,1319,480,133,17291,147869,212,3,1397
2015-04-07,1319,377,399,17260,147869,357,11,1051
2015-04-08,1319,139,160,17239,147869,252,1,800
2015-04-09,1319,153,124,17265,147869,598,1,203
2015-04-10,1319,206,209,17252,147869,203,0,0
2015-04-13,1319,597,134,17714,147869,0,0,0
2015-04-14,1319,381,154,17901,147869,0,0,0
2015-04-15,1319,475,418,17958,147869,0,0,0
2015-04-16,1319,756,239,18449,147869,0,7,7
2015-04-17,1319,102,160,18383,147869,0,22,29
2015-04-20,1319,240,187,18420,147869,0,5,34
2015-04-21,1319,211,272,18343,147869,3,18,49
2015-04-22,1319,92,183,18227,147869,7,4,46
2015-04-23,1319,93,256,18062,147869,4,20,62
2015-04-24,1319,154,212,17994,147869,3,5,64
2015-04-27,1319,275,353,17914,147869,5,3,62
2015-04-28,1319,111,253,17747,147869,1,6,67
2015-04-29,1319,111,352,17506,147869,4,8,71
2015-04-30,1319,97,104,17495,147869,3,1,69
2015-05-04,1319,254,139,17609,147869,1,121,189
2015-05-05,1319,267,186,17670,147869,24,9,174
2015-05-06,1319,695,117,18248,147869,13,72,233
2015-05-07,1319,146,274,18120,147869,11,1,223
2015-05-08,1319,227,492,17855,147869,1,176,398
2015-05-11,1319,420,1472,16803,147869,127,77,348
2015-05-12,1319,94,248,16647,147869,141,36,243
2015-05-13,1319,109,76,16670,147869,66,29,206
2015-05-14,1319,35,85,16620,147869,59,52,199
2015-05-15,1319,85,106,16597,147869,22,40,217
2015-05-18,1319,95,165,16527,147869,27,73,263
2015-05-19,1319,223,75,16660,147869,66,36,233
2015-05-20,1319,62,61,16661,147869,61,5,177
2015-05-21,1319,41,59,16642,147869,25,1,153
2015-05-22,1319,132,124,16650,147869,11,10,152
2015-05-25,1319,202,182,16669,147869,56,19,115
2015-05-26,1319,188,258,16569,147869,20,7,102
2015-05-27,1319,300,157,16712,147869,4,0,98
2015-05-28,1319,97,104,16705,147869,1,2,99
2015-05-29,1319,94,119,16678,147869,7,8,100
2015-06-01,1319,127,174,16626,147869,8,14,106
2015-06-02,1319,69,58,16636,147869,7,3,102
2015-06-03,1319,156,80,16692,147869,14,17,105
2015-06-04,1319,122,310,16479,147869,23,10,92
2015-06-05,1319,394,494,16359,147869,26,22,88
2015-06-08,1319,318,214,16453,147869,34,7,61
2015-06-09,1319,257,327,16285,147869,10,5,56
2015-06-10,1319,163,46,16394,147869,17,6,45
2015-06-11,1319,164,178,16362,147869,4,3,44
2015-06-12,1319,104,128,16338,147869,8,12,48
2015-06-15,1319,34,70,16290,147869,8,6,46
2015-06-16,1319,233,356,16164,147869,5,5,46
2015-06-17,1319,282,58,16387,147869,10,3,39
2015-06-18,1319,81,106,16358,147869,7,0,32
2015-06-22,1319,195,257,16296,147869,1,0,31
2015-06-23,1319,144,178,16256,147869,0,1,32
2015-06-24,1319,65,70,16251,147869,0,0,32
2015-06-25,1319,157,66,16342,147869,0,0,32
2015-06-26,1319,105,52,16393,147869,2,0,30
2015-06-29,1319,70,338,16124,147869,1,2,31
2015-06-30,1319,774,698,16200,147869,3,19,47
2015-07-01,1319,493,544,16149,147869,13,44,78
2015-07-02,1319,353,160,16342,147869,19,4,63
2015-07-03,1319,281,167,16453,147869,2,4,65
2015-07-06,1319,374,174,16638,147869,15,0,50
2015-07-07,1319,303,79,16850,147869,0,1,51
2015-07-08,1319,231,196,16884,147869,7,1,45
2015-07-09,1319,188,251,16821,147869,2,3,46
2015-07-13,1319,194,171,16844,147869,5,0,41
2015-07-14,1319,479,603,16718,147869,20,2,23
2015-07-15,1319,410,373,16755,147869,0,30,53
2015-07-16,1319,434,350,16838,147869,3,5,55
2015-07-17,1319,244,373,16709,147869,0,3,58
2015-07-20,1319,97,189,16617,147869,30,14,42
2015-07-21,1319,447,780,16272,147869,10,90,122
2015-07-22,1319,406,241,16437,147869,54,16,84
2015-07-23,1319,291,357,16371,147869,36,4,52
2015-07-24,1319,128,304,16195,147869,3,4,51
2015-07-27,1319,173,430,15937,147869,2,12,61
2015-07-28,1319,209,339,15788,147869,12,6,55
2015-07-29,1319,288,243,15833,147869,8,3,50
2015-07-30,1319,160,286,15706,147869,3,0,47
2015-07-31,1319,544,854,15396,147869,6,9,50
2015-08-03,1319,269,300,15365,147869,17,17,50
2015-08-04,1319,305,428,15242,147869,28,25,47
2015-08-05,1319,128,291,15070,147869,47,0,0
2015-08-06,1319,222,271,15021,147869,0,0,0
2015-08-07,1319,203,333,14886,147869,0,0,0
2015-08-10,1319,473,738,14620,147869,0,0,0
2015-08-11,1319,727,264,15081,147869,0,13,13
2015-08-12,1319,463,166,15378,147869,5,37,45
2015-08-13,1319,226,184,15420,147869,0,15,60
2015-08-14,1319,163,214,15369,147869,18,19,61
2015-08-17,1319,94,150,15313,147869,30,4,35
2015-08-18,1319,549,318,15544,147869,3,31,63
2015-08-19,1319,1088,765,15866,147869,15,130,178
2015-08-20,1319,650,562,15939,147869,59,203,322
2015-08-21,1319,301,320,15914,147869,67,61,316
2015-08-24,1319,1048,3131,13816,147869,47,0,269
2015-08-25,1319,269,364,13697,147869,36,37,270
2015-08-26,1319,213,153,13751,147869,59,27,238
2015-08-27,1319,329,355,13725,147869,37,8,209
2015-08-28,1319,246,281,13587,147869,5,31,235
2015-08-31,1319,215,57,13745,147869,14,17,238
2015-09-01,1319,236,161,13820,147869,2,6,242
2015-09-02,1319,325,128,13997,147869,19,8,231
2015-09-03,1319,223,201,14016,147869,11,1,221
2015-09-04,1319,93,157,13951,147869,0,11,232
2015-09-07,1319,68,98,13921,147869,5,0,227
2015-09-08,1319,212,103,14028,147869,2,0,225
2015-09-09,1319,471,483,14007,147869,26,2,201
2015-09-10,1319,262,601,13666,147869,6,1,196
2015-09-11,1319,320,325,13661,147869,4,6,198
2015-09-14,1319,746,610,13729,147869,7,3,194
2015-09-15,1319,441,469,13701,147869,2,7,199
2015-09-16,1319,644,494,13849,147869,11,48,236
2015-09-17,1319,331,205,13972,147869,4,3,235
2015-09-18,1319,884,490,14366,147869,18,5,222
2015-09-21,1319,374,500,14238,147869,2,70,290
2015-09-22,1319,803,1424,13617,147869,67,63,286
2015-09-23,1319,615,779,13332,147869,22,34,298
2015-09-24,1319,690,720,13301,147869,40,38,296
2015-09-25,1319,250,322,13229,147869,14,31,313
2015-09-30,1319,391,562,13041,147869,15,37,335
2015-10-01,1319,1543,2445,12099,147869,25,204,514
2015-10-02,1319,1714,994,12818,147869,70,62,506
2015-10-05,1319,1166,899,13085,147869,65,64,504
2015-10-06,1319,731,709,13087,147869,31,37,510
2015-10-07,1319,572,411,13118,147869,73,37,474
2015-10-08,1319,725,438,13396,147869,30,48,492
2015-10-12,1319,430,467,13359,147869,22,39,509
2015-10-13,1319,950,679,13618,147869,9,25,525
2015-10-14,1319,252,259,13610,147869,4,17,537
2015-10-15,1319,340,198,13752,147869,11,32,558
2015-10-16,1319,433,417,13768,147869,15,30,573
2015-10-19,1319,428,337,13778,147869,1,21,593
2015-10-20,1319,450,481,13747,147869,4,8,597
2015-10-21,1319,497,535,13709,147869,22,18,593
2015-10-22,1319,1499,1567,13640,147869,34,69,628
2015-10-23,1319,707,1174,13154,147869,20,12,619
2015-10-26,1319,763,926,12990,147869,3,25,640
2015-10-27,1319,298,411,12875,147869,4,3,639
2015-10-28,1319,263,852,12285,147869,7,49,681
2015-10-29,1319,742,545,12472,147869,9,54,726
2015-10-30,1319,256,308,12420,147869,54,16,688
2015-11-02,1319,427,816,12030,147869,20,63,731
2015-11-03,1319,376,304,12102,147869,5,1,727
2015-11-04,1319,294,705,11686,147869,25,7,709
2015-11-05,1319,249,194,11741,147869,17,0,692
2015-11-06,1319,231,206,11766,147869,7,5,690
2015-11-09,1319,157,328,11595,147869,17,18,691
2015-11-10,1319,248,189,11641,147869,15,26,702
2015-11-11,1319,369,473,11532,147869,9,17,710
2015-11-12,1319,588,574,11546,147869,40,49,719
2015-11-13,1319,417,432,11531,147869,18,13,714
2015-11-16,1319,527,927,11122,147869,35,107,786
2015-11-17,1319,1554,1088,11588,147869,24,50,812
2015-11-18,1319,1111,1031,11668,147869,13,35,834
2015-11-19,1319,887,629,11926,147869,24,45,855
2015-11-20,1319,644,540,12030,147869,5,11,861
2015-11-23,1319,1943,1833,12140,147869,28,63,895
2015-11-24,1319,647,501,12286,147869,20,8,883
2015-11-25,1319,611,1198,11699,147869,101,48,827
2015-11-26,1319,416,513,11602,147869,6,56,877
2015-11-27,1319,576,656,11519,147869,6,34,904
2015-11-30,1319,402,349,11552,147869,38,6,872
2015-12-01,1319,369,493,11428,147869,10,17,877
2015-12-02,1319,531,482,11475,147869,3,5,876
2015-12-03,1319,719,1331,10863,147869,14,166,1028
2015-12-04,1319,1296,678,11479,147869,150,7,884
2015-12-07,1319,545,594,11413,147869,20,23,887
2015-12-08,1319,262,306,11369,147869,2,13,896
2015-12-09,1319,344,502,11211,147869,99,399,1196
2015-12-10,1319,775,475,11511,147869,72,269,1389
2015-12-11,1319,287,478,11319,147869,47,412,1752
2015-12-14,1319,539,414,11444,147869,1058,49,743
2015-12-15,1319,774,708,11510,147869,38,139,844
2015-12-16,1319,886,1273,11123,147869,26,146,964
2015-12-17,1319,746,963,10906,147869,11,94,1045
2015-12-18,1319,448,865,10488,147869,29,147,1162
2015-12-21,1319,1099,802,10751,147869,8,59,1212
2015-12-22,1319,769,608,10912,147869,70,70,1212
2015-12-23,1319,394,348,10939,147869,23,69,1258
2015-12-24,1319,225,397,10767,147869,35,28,1250
2015-12-25,1319,525,984,10308,147869,83,125,1292
2015-12-28,1319,680,409,10575,147869,43,35,1284
2015-12-29,1319,2814,1903,11486,147869,46,114,1352
2015-12-30,1319,687,777,11396,147869,68,56,1340
2015-12-31,1319,693,1161,10928,147869,90,30,1280
2016-01-04,1319,367,1190,10055,147869,32,36,1284
2016-01-05,1319,216,408,9863,147869,25,78,1337
2016-01-06,1319,337,223,9977,147869,79,147,1405
2016-01-07,1319,964,430,10511,147869,134,111,1382
2016-01-08,1319,937,821,10627,147869,113,155,1423
2016-01-11,1319,468,324,10770,147869,113,22,1332
2016-01-12,1319,406,744,10429,147869,16,67,1381
2016-01-13,1319,2809,2187,11051,147869,126,484,1739
2016-01-14,1319,1460,999,11511,147869,208,39,1569
2016-01-15,1319,1916,1985,11441,147869,73,209,1699
2016-01-18,1319,2573,3095,10919,147869,176,394,1917
2016-01-19,1319,1212,1369,10762,147869,132,95,1877
2016-01-20,1319,1689,1761,10689,147869,218,59,1716
2016-01-21,1319,559,1490,9758,147869,128,74,1662
2016-01-22,1319,2372,1563,10567,147869,48,185,1778
2016-01-25,1319,1369,1525,10411,147869,50,182,1904
2016-01-26,1319,643,731,10323,147869,151,41,1788
2016-01-27,1319,418,1153,9588,147869,35,33,1785
2016-01-28,1319,1571,1641,9518,147869,34,86,1837
2016-01-29,1319,757,855,9420,147869,50,36,1819
2016-01-30,1319,1252,532,10140,147869,200,42,1661
2016-02-01,1319,1064,750,10454,147869,186,52,1527
2016-02-02,1319,741,725,10464,147869,26,67,1568
2016-02-03,1319,485,686,10263,147869,89,3,1482
2016-02-15,1319,1360,967,10640,147869,33,76,1525
2016-02-16,1319,1010,373,11277,147869,58,6,1473
2016-02-17,1319,903,1109,11071,147869,27,95,1541
2016-02-18,1319,756,914,10913,147869,16,32,1557
2016-02-19,1319,659,419,11153,147869,86,34,1497
2016-02-22,1319,225,344,11034,147869,22,18,1493
2016-02-23,1319,2839,2513,11360,147869,114,194,1573
2016-02-24,1319,1826,1076,12110,147869,22,111,1662
2016-02-25,1319,988,1131,11967,147869,51,62,1673
2016-02-26,1319,1260,1485,11741,147869,9,173,1836
2016-03-01,1319,891,978,11649,147869,77,23,1777
2016-03-02,1319,1402,1832,11219,147869,247,34,1564
2016-03-03,1319,777,917,11079,147869,148,37,1453
2016-03-04,1319,625,774,10930,147869,15,44,1482
2016-03-07,1319,1654,496,12088,147869,181,47,1348
2016-03-08,1319,1526,658,12956,147869,129,139,1358
2016-03-09,1319,563,852,12667,147869,39,165,1484
2016-03-10,1319,1046,746,12967,147869,44,117,1556
2016-03-11,1319,429,752,12644,147869,237,44,1363
2016-03-14,1319,753,435,12962,147869,80,19,1302
2016-03-15,1319,873,1730,12105,147869,27,35,1310
2016-03-16,1319,1446,2075,11476,147869,51,157,1416
2016-03-17,1319,911,1160,11227,147869,44,61,1433
2016-03-18,1319,423,376,11264,147869,44,16,1405
2016-03-21,1319,481,403,11342,147869,45,7,1366
2016-03-22,1319,488,269,11561,147869,70,9,1305
2016-03-23,1319,647,407,11801,147869,55,43,1293
2016-03-24,1319,305,555,11551,147869,29,133,1397
2016-03-25,1319,170,225,11496,147869,71,54,1380
2016-03-28,1319,312,260,11548,147869,95,32,1317
2016-03-29,1319,290,274,11547,147869,164,11,1164
2016-03-30,1319,1382,1858,11070,147869,64,123,1222
2016-03-31,1319,570,742,10898,147869,114,164,1272
2016-04-01,1319,1407,2694,9611,147869,232,265,1304
2016-04-06,1319,2472,1683,10400,147869,314,190,1150
2016-04-07,1319,1345,830,10915,147869,539,20,631
2016-04-08,1319,1084,542,11457,147869,615,0,9
2016-04-11,1319,540,408,11589,147869,2,0,0
2016-04-12,1319,1819,1438,11970,147869,0,0,0
2016-04-13,1319,972,1548,11394,147869,0,0,0
2016-04-14,1319,736,658,11472,147869,0,236,236
2016-04-15,1319,985,1382,11075,147869,115,119,240
2016-04-18,1319,663,1059,10679,147869,12,244,472
2016-04-19,1319,533,433,10777,147869,87,67,452
2016-04-20,1319,285,471,10591,147869,96,94,450
2016-04-21,1319,1270,2288,9573,147869,48,253,655
2016-04-22,1319,856,567,9862,147869,164,25,516
2016-04-25,1319,283,468,9677,147869,42,35,509
2016-04-26,1319,517,355,9839,147869,79,70,500
2016-04-27,1319,304,246,9897,147869,28,94,566
2016-04-28,1319,653,839,9711,147869,270,137,433
2016-04-29,1319,185,462,9432,147869,76,226,583
2016-05-03,1319,331,164,9599,147869,110,76,549
2016-05-04,1319,224,147,9676,147869,78,132,602
2016-05-05,1319,130,370,9436,147869,67,153,688
2016-05-06,1319,674,269,9841,147869,206,175,657
2016-05-09,1319,102,155,9788,147869,100,159,716
2016-05-10,1319,549,1103,9234,147869,142,545,1119
2016-05-11,1319,274,165,9342,147869,145,195,1169
2016-05-12,1319,197,307,9232,147869,134,145,1180
2016-05-13,1319,354,273,9313,147869,181,163,1162
2016-05-16,1319,396,105,9604,147869,144,80,1098
2016-05-17,1319,338,610,9332,147869,134,122,1086
2016-05-18,1319,445,214,9563,147869,197,39,928
2016-05-19,1319,461,180,9843,147869,83,315,1159
2016-05-20,1319,554,232,10165,147869,314,238,1083
2016-05-23,1319,404,671,9898,147869,310,184,957
2016-05-24,1319,356,330,9924,147869,93,133,997
2016-05-25,1319,419,578,9763,147869,72,70,995
2016-05-26,1319,384,410,9737,147869,42,287,1240
2016-05-27,1319,588,733,9592,147869,134,119,1225
2016-05-30,1319,474,558,9508,147869,37,45,1233
2016-05-31,1319,480,324,9664,147869,73,39,1199
2016-06-01,1319,657,385,9935,147869,107,152,1244
2016-06-02,1319,272,382,9825,147869,100,125,1269
2016-06-03,1319,205,368,9662,147869,55,143,1357
2016-06-04,1319,86,53,9695,147869,132,32,1257
2016-06-06,1319,566,293,9964,147869,285,313,1284
2016-06-07,1319,311,159,10116,147869,94,186,1376
2016-06-08,1319,524,634,10006,147869,287,86,1175
2016-06-13,1319,247,252,10001,147869,52,72,1195
2016-06-14,1319,695,183,10513,147869,37,87,1245
2016-06-15,1319,625,581,10557,147869,112,131,1264
2016-06-16,1319,313,532,10338,147869,173,62,1153
2016-06-17,1319,1000,1746,9592,147869,449,191,895
2016-06-20,1319,789,638,9743,147869,113,21,803
2016-06-21,1319,278,473,9548,147869,40,18,781
2016-06-22,1319,412,824,9136,147869,66,55,770
2016-06-23,1319,290,179,9247,147869,32,15,753
2016-06-24,1319,1161,794,9614,147869,275,42,520
2016-06-27,1319,254,213,9655,147869,43,54,531
2016-06-28,1319,118,309,9464,147869,24,38,545
2016-06-29,1319,379,247,9596,147869,48,21,518
2016-06-30,1319,300,86,9808,147869,31,118,604
2016-07-01,1319,232,373,9667,147869,34,27,597
2016-07-04,1319,103,394,9376,147869,34,20,583
2016-07-05,1319,248,179,9445,147869,9,10,584
2016-07-06,1319,102,135,9412,147869,19,19,584
2016-07-07,1319,128,347,9193,147869,2,25,607
2016-07-11,1319,258,488,8963,147869,120,10,497
2016-07-12,1319,149,456,8656,147869,60,4,441
2016-07-13,1319,204,127,8733,147869,51,3,393
2016-07-14,1319,329,246,8816,147869,61,3,335
2016-07-15,1319,800,1422,8194,147869,122,30,242
2016-07-18,1319,526,761,7959,147869,68,27,201
2016-07-19,1319,269,445,7783,147869,195,0,6
2016-07-20,1319,448,502,7722,147869,0,0,0
2016-07-21,1319,777,1334,7135,147869,0,0,0
2016-07-22,1319,886,907,7114,147869,0,0,0
2016-07-25,1319,879,1092,6901,147869,0,206,206
2016-07-26,1319,474,428,6947,147869,102,31,135
2016-07-27,1319,564,380,7131,147869,52,79,162
2016-07-28,1319,184,327,6988,147869,21,45,186
2016-07-29,1319,819,684,7123,147869,16,149,319
2016-08-01,1319,474,809,6788,147869,32,82,369
2016-08-02,1319,440,265,6963,147869,42,43,369
2016-08-03,1319,358,288,7033,147869,87,31,313
2016-08-04,1319,251,326,6951,147869,7,84,390
2016-08-05,1319,530,665,6816,147869,20,225,595
2016-08-08,1319,227,309,6734,147869,33,31,593
2016-08-09,1319,492,234,6976,147869,153,23,463
2016-08-10,1319,600,719,6802,147869,3,259,718
2016-08-11,1319,405,203,7004,147869,112,40,646
2016-08-12,1319,250,301,6947,147869,8,88,721
2016-08-15,1319,518,681,6784,147869,44,136,813
2016-08-16,1319,316,250,6850,147869,24,50,839
2016-08-17,1319,409,305,6954,147869,87,59,811
2016-08-18,1319,170,179,6945,147869,10,76,877
2016-08-19,1319,184,407,6722,147869,65,42,854
2016-08-22,1319,164,198,6688,147869,193,100,761
2016-08-23,1319,64,212,6540,147869,15,78,824
2016-08-24,1319,281,312,6509,147869,35,50,839
2016-08-25,1319,150,149,6510,147869,15,14,838
2016-08-26,1319,259,147,6622,147869,10,48,876
2016-08-29,1319,642,506,6758,147869,28,309,1157
2016-08-30,1319,412,494,6676,147869,26,60,1191
2016-08-31,1319,451,236,6889,147869,25,55,1221
2016-09-01,1319,285,247,6927,147869,105,11,1127
2016-09-02,1319,172,262,6837,147869,77,76,1126
2016-09-05,1319,136,122,6851,147869,13,49,1162
2016-09-06,1319,596,660,6786,147869,60,360,1462
2016-09-07,1319,540,228,7098,147869,170,26,1318
2016-09-08,1319,507,584,7021,147869,100,221,1439
2016-09-09,1319,766,265,7522,147869,141,16,1314
2016-09-10,1319,159,180,7501,147869,44,32,1302
2016-09-12,1319,529,482,7548,147869,21,36,1317
2016-09-13,1319,412,248,7710,147869,99,43,1261
2016-09-14,1319,220,563,7367,147869,9,254,1506
2016-09-19,1319,972,982,7357,147869,47,463,1922
2016-09-20,1319,546,929,6974,147869,25,284,2181
2016-09-21,1319,904,532,7346,147869,86,49,2144
2016-09-22,1319,384,467,7213,147869,50,71,2165
2016-09-23,1319,250,412,7051,147869,40,60,2185
2016-09-26,1319,120,266,6905,147869,55,40,2165
2016-09-29,1319,791,821,6874,147869,33,308,2440
2016-09-30,1319,629,353,7150,147869,223,25,2242
2016-10-03,1319,263,523,6890,147869,31,86,2297
2016-10-04,1319,196,159,6927,147869,11,7,2293
2016-10-05,1319,371,211,7087,147869,120,38,2211
2016-10-06,1319,254,227,7114,147869,26,51,2236
2016-10-07,1319,408,218,6811,147869,98,25,2163
2016-10-11,1319,373,754,5955,147869,139,198,2222
2016-10-12,1319,579,237,6297,147869,152,26,2096
2016-10-13,1319,181,644,5834,147869,4,381,2473
2016-10-14,1319,563,537,5714,147869,37,179,2615
2016-10-17,1319,283,362,5635,147869,69,44,2590
2016-10-18,1319,421,659,5397,147869,55,57,2592
2016-10-19,1319,201,150,5448,147869,58,32,2565
2016-10-20,1319,221,178,5491,147869,18,23,2570
2016-10-21,1319,252,472,5271,147869,168,151,2553
2016-10-24,1319,113,220,5164,147869,105,38,2486
2016-10-25,1319,97,112,5149,147869,51,73,2508
2016-10-26,1319,87,146,5090,147869,91,65,2482
2016-10-27,1319,310,246,5154,147869,86,87,2483
2016-10-28,1319,115,70,5199,147869,88,10,2405
2016-10-31,1319,179,128,5250,147869,35,40,2410
2016-11-01,1319,52,118,5184,147869,25,30,2415
2016-11-02,1319,278,353,5109,147869,228,84,2271
2016-11-03,1319,612,389,5332,147869,420,135,1986
2016-11-04,1319,164,188,5308,147869,116,96,1966
2016-11-07,1319,70,88,5290,147869,68,80,1978
2016-11-08,1319,192,237,5245,147869,33,129,2074
2016-11-09,1319,613,375,5483,147869,639,69,1504
2016-11-10,1319,676,224,5934,147869,96,122,1529
2016-11-11,1319,383,322,5995,147869,400,210,1339
2016-11-14,1319,350,393,5951,147869,127,276,1488
2016-11-15,1319,211,116,6046,147869,80,223,1631
2016-11-16,1319,220,248,6016,147869,29,144,1746
2016-11-17,1319,285,48,6126,147869,146,94,1694
2016-11-18,1319,272,100,6297,147869,173,81,1601
2016-11-21,1319,67,140,6148,147869,50,71,1622
2016-11-22,1319,261,307,6102,147869,116,78,1583
2016-11-23,1319,432,513,5996,147869,108,148,1623
2016-11-24,1319,291,147,6140,147869,73,32,1582
2016-11-25,1319,122,78,6184,147869,75,24,1531
2016-11-28,1319,281,158,6307,147869,55,20,1496
2016-11-29,1319,208,199,6311,147869,49,63,1505
2016-11-30,1319,241,316,6236,147869,33,80,1550
2016-12-01,1319,324,109,6450,147869,90,22,1482
2016-12-02,1319,266,58,6658,147869,41,49,1490
2016-12-05,1319,310,113,6855,147869,46,39,1483
2016-12-06,1319,98,105,6848,147869,21,36,1498
2016-12-07,1319,208,245,6811,147869,62,147,1583
2016-12-08,1319,250,201,6860,147869,127,35,1491
2016-12-09,1319,236,89,7007,147869,51,6,1446
2016-12-12,1319,189,114,7082,147869,16,12,1442
2016-12-13,1319,147,98,7131,147869,51,5,1396
2016-12-14,1319,584,217,7498,147869,138,132,1390
2016-12-15,1319,179,139,7538,147869,54,59,1395
2016-12-16,1319,307,348,7495,147869,42,36,1389
2016-12-19,1319,207,231,7471,147869,139,130,1380
2016-12-20,1319,247,204,7514,147869,136,84,1328
2016-12-21,1319,207,122,7599,147869,105,31,1254
2016-12-22,1319,508,374,7733,147869,299,196,1151
2016-12-23,1319,238,191,7780,147869,238,79,992
2016-12-26,1319,239,172,7846,147869,49,120,1062
2016-12-27,1319,79,107,7814,147869,71,23,1014
2016-12-28,1319,251,234,7831,147869,112,16,918
2016-12-29,1319,364,655,7540,147869,96,139,961
2016-12-30,1319,234,570,7204,147869,64,104,1001
2017-01-03,1319,255,206,7253,147869,66,16,950
2017-01-04,1319,183,75,7360,147869,33,14,931
2017-01-05,1319,127,161,7326,147869,13,13,931
2017-01-06,1319,223,386,7163,147869,57,10,884
2017-01-09,1319,378,253,7288,147869,50,42,876
2017-01-10,1319,619,385,7522,147869,167,171,880
2017-01-11,1319,1338,703,8156,147869,215,132,797
2017-01-12,1319,752,399,8414,147869,81,169,885
2017-01-13,1319,537,253,8698,147869,227,101,759
2017-01-16,1319,355,169,8879,147869,86,113,786
2017-01-17,1319,1099,624,9354,147869,83,98,801
2017-01-18,1319,476,495,9335,147869,53,53,801
2017-01-19,1319,162,481,9014,147869,53,45,793
2017-01-20,1319,243,260,8986,147869,64,28,757
2017-01-23,1319,476,412,9047,147869,105,20,672
2017-01-24,1319,84,212,8917,147869,28,17,661
2017-02-02,1319,1095,230,9782,147869,113,88,636
2017-02-03,1319,668,289,10147,147869,90,59,605
2017-02-06,1319,558,953,9742,147869,72,14,547
2017-02-07,1319,1000,1097,9644,147869,59,116,604
2017-02-08,1319,1001,930,9713,147869,72,67,599
2017-02-09,1319,1175,1086,9801,147869,141,133,591
2017-02-10,1319,427,1061,9167,147869,53,95,633
2017-02-13,1319,295,622,8840,147869,98,129,664
2017-02-14,1319,346,451,8734,147869,19,72,717
2017-02-15,1319,578,851,8461,147869,172,162,707
2017-02-16,1319,546,578,8428,147869,85,68,690
2017-02-17,1319,399,417,8410,147869,86,44,648
2017-02-18,1319,255,255,8410,147869,81,25,592
2017-02-20,1319,164,176,8398,147869,32,26,586
2017-02-21,1319,182,320,8259,147869,76,22,532
2017-02-22,1319,307,447,8117,147869,37,43,538
2017-02-23,1319,225,154,8188,147869,37,3,504
2017-02-24,1319,100,138,8139,147869,5,11,510
2017-03-01,1319,102,248,7983,147869,8,48,550
2017-03-02,1319,567,624,7892,147869,116,377,811
2017-03-03,1319,214,345,7761,147869,85,93,819
2017-03-06,1319,270,59,7962,147869,37,65,847
2017-03-07,1319,429,71,8320,147869,55,82,874
2017-03-08,1319,327,219,8428,147869,36,50,888
2017-03-09,1319,525,203,8749,147869,211,36,713
2017-03-10,1319,346,202,8892,147869,37,31,707
2017-03-13,1319,193,168,8915,147869,45,41,703
2017-03-14,1319,224,132,9007,147869,9,32,726
2017-03-15,1319,893,507,9393,147869,64,22,684
2017-03-16,1319,444,469,9368,147869,249,19,454
2017-03-17,1319,228,254,9342,147869,63,4,395
2017-03-20,1319,180,194,9328,147869,24,64,435
2017-03-21,1319,170,243,9238,147869,6,4,404
2017-03-22,1319,140,90,9288,147869,21,15,398
2017-03-23,1319,272,332,9228,147869,32,34,400
2017-03-24,1319,176,122,9280,147869,85,46,361
2017-03-27,1319,851,367,9748,147869,30,98,429
2017-03-28,1319,806,473,10081,147869,149,135,415
2017-03-29,1319,167,281,9967,147869,31,83,467
2017-03-30,1319,75,79,9963,147869,36,23,454
2017-03-31,1319,150,62,10051,147869,108,21,367
2017-04-05,1319,150,77,10124,147869,62,53,346
2017-04-06,1319,145,42,10224,147869,39,15,292
2017-04-07,1319,265,157,10332,147869,22,17,287
2017-04-10,1319,221,433,10118,147869,39,13,261
2017-04-11,1319,129,145,10102,147869,54,3,210
2017-04-12,1319,196,200,10094,147869,33,6,183
2017-04-13,1319,569,296,10349,147869,139,58,97
2017-04-14,1319,108,340,10117,147869,95,0,2
2017-04-17,1319,414,443,10068,147869,0,0,0
2017-04-18,1319,86,155,9990,147869,0,0,0
2017-04-19,1319,192,91,10091,147869,0,0,0
2017-04-20,1319,377,135,10189,147869,0,18,18
2017-04-21,1319,153,33,10306,147869,4,8,22
2017-04-24,1319,68,75,10293,147869,1,10,31
2017-04-25,1319,267,174,10386,147869,1,41,71
2017-04-26,1319,109,65,10430,147869,0,4,75
2017-04-27,1319,177,257,10350,147869,37,17,55
2017-04-28,1319,82,134,10298,147869,5,3,53
2017-05-02,1319,117,99,10303,147869,4,1,50
2017-05-03,1319,566,451,10413,147869,0,3,53
2017-05-04,1319,913,598,10728,147869,3,29,79
2017-05-05,1319,388,256,10860,147869,16,27,90
2017-05-08,1319,331,293,10898,147869,6,21,105
2017-05-09,1319,360,245,10998,147869,11,36,129
2017-05-10,1319,104,134,10961,147869,25,32,136
2017-05-11,1319,100,83,10978,147869,4,8,140
2017-05-12,1319,211,154,11035,147869,22,4,122
2017-05-15,1319,507,380,11162,147869,17,13,118
2017-05-16,1319,318,193,11284,147869,0,32,150
2017-05-17,1319,256,278,11262,147869,8,8,150
2017-05-18,1319,165,92,11333,147869,40,5,115
2017-05-19,1319,323,210,11446,147869,14,3,104
2017-05-22,1319,113,112,11446,147869,5,4,103
2017-05-23,1319,396,125,11717,147869,7,2,98
2017-05-24,1319,383,310,11790,147869,4,1,95
2017-05-25,1319,659,669,11780,147869,7,36,124
2017-05-26,1319,1910,1605,12085,147869,7,167,284
2017-05-31,1319,680,1313,11452,147869,33,55,306
2017-06-01,1319,1035,1135,11352,147869,13,95,388
2017-06-02,1319,857,875,11334,147869,46,103,445
2017-06-03,1319,324,439,11219,147869,148,18,315
2017-06-05,1319,450,341,11328,147869,58,9,266
2017-06-06,1319,480,489,11317,147869,70,6,202
2017-06-07,1319,245,220,11342,147869,7,7,202
2017-06-08,1319,499,176,11664,147869,27,10,185
2017-06-09,1319,406,155,11903,147869,23,7,169
2017-06-12,1319,186,177,11891,147869,39,3,133
2017-06-13,1319,287,140,12038,147869,17,28,144
2017-06-14,1319,542,381,12198,147869,11,7,140
2017-06-15,1319,211,165,12244,147869,9,7,138
2017-06-16,1319,722,649,12315,147869,42,12,108
2017-06-19,1319,243,300,12258,147869,9,1,100
2017-06-20,1319,212,234,12236,147869,2,2,100
2017-06-21,1319,407,311,12331,147869,19,3,83
2017-06-22,1319,93,208,12216,147869,3,2,82
2017-06-23,1319,199,339,12076,147869,0,3,85
2017-06-26,1319,872,1101,11847,147869,7,27,105
2017-06-27,1319,294,729,11412,147869,9,6,102
2017-06-28,1319,455,805,11062,147869,5,58,155
2017-06-29,1319,793,1075,10777,147869,14,9,150
2017-06-30,1319,195,396,10471,147869,8,12,154
2017-07-03,1319,793,734,10530,147869,12,17,159
2017-07-04,1319,905,1732,9702,147869,6,79,232
2017-07-05,1319,450,502,9641,147869,35,19,206
2017-07-06,1319,417,365,9693,147869,26,11,191
2017-07-07,1319,276,273,9696,147869,93,1,99
2017-07-10,1319,657,731,9622,147869,90,0,7
2017-07-11,1319,645,706,9535,147869,0,0,0
2017-07-12,1319,321,830,9024,147869,0,0,0
2017-07-13,1319,694,1029,8683,147869,0,0,0
2017-07-14,1319,1377,284,9776,147869,0,13,13
2017-07-17,1319,418,400,9792,147869,0,15,28
2017-07-18,1319,367,743,9416,147869,3,58,83
2017-07-19,1319,374,477,9296,147869,15,2,70
2017-07-20,1319,536,484,9348,147869,4,23,89
2017-07-21,1319,325,211,9462,147869,10,11,90
2017-07-24,1319,151,500,9093,147869,9,8,89
2017-07-25,1319,308,328,9073,147869,9,18,98
2017-07-26,1319,438,729,8701,147869,14,15,99
2017-07-27,1319,357,221,8837,147869,18,16,97
2017-07-28,1319,242,468,8604,147869,38,43,102
2017-07-31,1319,265,333,8536,147869,20,10,92
2017-08-01,1319,507,252,8791,147869,42,18,68
2017-08-02,1319,912,243,9460,147869,20,10,58
2017-08-03,1319,233,162,9531,147869,3,11,66
2017-08-04,1319,362,530,9362,147869,7,2,61
2017-08-07,1319,263,176,9449,147869,4,1,58
2017-08-08,1319,333,531,9251,147869,4,28,82
2017-08-09,1319,447,330,9368,147869,10,53,125
2017-08-10,1319,323,387,9285,147869,90,16,51
2017-08-11,1319,235,274,9244,147869,12,41,80
2017-08-14,1319,266,368,9142,147869,6,144,218
2017-08-15,1319,406,160,9387,147869,5,23,236
2017-08-16,1319,241,170,9458,147869,23,22,235
2017-08-17,1319,190,176,9397,147869,15,19,239
2017-08-18,1319,271,120,9523,147869,11,15,243
2017-08-21,1319,344,268,9598,147869,3,30,270
2017-08-22,1319,477,194,9881,147869,43,4,205
2017-08-23,1319,364,286,9957,147869,8,7,204
2017-08-24,1319,213,71,10098,147869,10,5,199
2017-08-25,1319,812,858,10049,147869,44,69,224
2017-08-28,1319,455,269,10235,147869,44,39,219
2017-08-29,1319,414,375,10273,147869,24,27,222
2017-08-30,1319,178,337,10114,147869,15,33,240
2017-08-31,1319,293,264,10141,147869,6,0,234
2017-09-01,1319,209,167,10183,147869,0,2,216
2017-09-04,1319,152,210,10125,147869,7,8,217
2017-09-05,1319,518,451,10192,147869,11,37,243
2017-09-06,1319,371,311,10252,147869,36,1,208
2017-09-07,1319,223,228,10235,147869,7,1,201
2017-09-08,1319,174,191,10218,147869,3,12,210
2017-09-11,1319,559,516,10259,147869,2,30,238
2017-09-12,1319,404,226,10437,147869,11,12,239
2017-09-13,1319,671,799,10309,147869,9,23,253
2017-09-14,1319,522,591,10236,147869,19,25,231
2017-09-15,1319,1278,1377,10136,147869,5,105,331
2017-09-18,1319,3604,2488,11252,147869,15,316,632
2017-09-19,1319,2770,2717,11303,147869,166,40,503
2017-09-20,1319,1111,898,11516,147869,128,19,394
2017-09-21,1319,1355,515,12356,147869,10,19,398
2017-09-22,1319,1327,1558,12125,147869,89,9,318
2017-09-25,1319,615,694,12045,147869,35,95,378
2017-09-26,1319,696,1021,11715,147869,10,20,388
2017-09-27,1319,1002,679,12008,147869,6,46,428
2017-09-28,1319,548,738,11818,147869,8,21,441
2017-09-29,1319,338,331,11825,147869,37,21,425
2017-09-30,1319,588,259,12154,147869,3,11,433
2017-10-02,1319,1412,1479,12087,147869,33,125,525
2017-10-03,1319,1187,1761,11512,147869,38,54,541
2017-10-05,1319,751,592,11671,147869,6,11,546
2017-10-06,1319,561,729,11503,147869,81,9,474
2017-10-11,1319,476,445,11533,147869,74,1,401
2017-10-12,1319,520,582,11471,147869,4,30,427
2017-10-13,1319,361,276,11554,147869,23,1,405
2017-10-16,1319,417,605,11365,147869,2,51,454
2017-10-17,1319,577,499,11429,147869,4,30,480
2017-10-18,1319,510,536,11403,147869,69,6,417
2017-10-19,1319,419,496,11323,147869,1,49,465
2017-10-20,1319,565,490,11398,147869,32,62,495
2017-10-23,1319,1160,969,11588,147869,8,17,504
2017-10-24,1319,334,267,11654,147869,8,0,496
2017-10-25,1319,361,496,11519,147869,43,4,457
2017-10-26,1319,348,576,11291,147869,1,14,470
2017-10-27,1319,517,538,11270,147869,36,2,436
2017-10-30,1319,226,414,11082,147869,11,1,426
2017-10-31,1319,247,239,11090,147869,1,1,426
2017-11-01,1319,763,578,11275,147869,74,18,370
2017-11-02,1319,232,299,11208,147869,24,6,352
2017-11-03,1319,335,374,11160,147869,16,15,351
2017-11-06,1319,164,107,11215,147869,7,2,346
2017-11-07,1319,403,142,11475,147869,9,1,338
2017-11-08,1319,988,590,11870,147869,50,18,306
2017-11-09,1319,448,308,12010,147869,17,9,298
2017-11-10,1319,277,401,11886,147869,31,14,281
2017-11-13,1319,167,250,11782,147869,27,6,260
2017-11-14,1319,146,481,11446,147869,27,14,246
2017-11-15,1319,211,137,11508,147869,12,9,243
2017-11-16,1319,144,72,11579,147869,0,3,246
2017-11-17,1319,494,348,11725,147869,18,12,240
2017-11-20,1319,256,168,11805,147869,4,3,239
2017-11-21,1319,173,45,11933,147869,5,2,236
2017-11-22,1319,375,196,12112,147869,11,3,228
2017-11-23,1319,86,154,12044,147869,2,25,251
2017-11-24,1319,237,104,12172,147869,2,32,281
2017-11-27,1319,114,130,12156,147869,21,9,269
2017-11-28,1319,79,188,12047,147869,6,6,269
2017-11-29,1319,158,128,12064,147869,6,2,265
2017-11-30,1319,132,189,12007,147869,15,6,256
2017-12-01,1319,183,298,11891,147869,25,31,262
2017-12-04,1319,201,139,11953,147869,55,6,213
2017-12-05,1319,287,144,12096,147869,46,29,196
2017-12-06,1319,191,213,12074,147869,36,4,164
2017-12-07,1319,236,182,12126,147869,11,53,206
2017-12-08,1319,406,141,12390,147869,23,15,198
2017-12-11,1319,264,253,12395,147869,17,8,189
2017-12-12,1319,115,146,12364,147869,4,0,185
2017-12-13,1319,130,107,12387,147869,2,0,183
2017-12-14,1319,264,154,12497,147869,2,7,188
2017-12-15,1319,138,186,12449,147869,14,0,174
2017-12-18,1319,155,167,12437,147869,11,1,164
2017-12-19,1319,135,231,12241,147869,0,4,168
2017-12-20,1319,65,167,12139,147869,0,11,179
2017-12-21,1319,143,121,12158,147869,2,2,179
2017-12-22,1319,106,77,12187,147869,10,1,170
2017-12-25,1319,249,166,12269,147869,3,9,176
2017-12-26,1319,158,102,12325,147869,11,26,191
2017-12-27,1319,155,111,12369,147869,2,0,189
2017-12-28,1319,149,186,12332,147869,2,0,187
2017-12-29,1319,98,110,12318,147869,11,12,188
2018-01-02,1319,83,116,12283,147869,0,5,193
2018-01-03,1319,277,205,12355,147869,26,0,167
2018-01-04,1319,239,102,12492,147869,5,2,164
2018-01-05,1319,381,94,12779,147869,1,0,163
2018-01-08,1319,852,692,12939,147869,8,1,156
2018-01-09,1319,504,257,13186,147869,5,28,179
2018-01-10,1319,87,106,13167,147869,0,22,201
2018-01-11,1319,131,140,13157,147869,8,14,207
2018-01-12,1319,319,126,13350,147869,20,6,193
2018-01-15,1319,502,117,13735,147869,19,31,205
2018-01-16,1319,208,159,13775,147869,20,5,190
2018-01-17,1319,165,282,13657,147869,5,5,190
2018-01-18,1319,134,159,13622,147869,11,2,181
2018-01-19,1319,41,105,13557,147869,0,3,184
2018-01-22,1319,376,165,13768,147869,6,38,216
2018-01-23,1319,240,336,13658,147869,12,3,207
2018-01-24,1319,101,81,13678,147869,21,8,194
2018-01-25,1319,132,69,13740,147869,7,25,212
2018-01-26,1319,207,30,13914,147869,4,73,281
2018-01-29,1319,140,95,13956,147869,30,18,269
2018-01-30,1319,552,336,14171,147869,83,111,297
2018-01-31,1319,96,133,14132,147869,66,45,276
2018-02-01,1319,92,57,14167,147869,15,54,315
2018-02-02,1319,99,129,14127,147869,2,13,326
2018-02-05,1319,108,72,14153,147869,47,59,338
2018-02-06,1319,384,822,13701,147869,76,62,324
2018-02-07,1319,134,190,13638,147869,42,6,288
2018-02-08,1319,100,115,13622,147869,61,3,230
2018-02-09,1319,148,160,13595,147869,11,2,221
2018-02-12,1319,84,247,13409,147869,16,0,205
2018-02-21,1319,101,155,13354,147869,28,6,183
2018-02-22,1319,79,72,13356,147869,1,3,185
2018-02-23,1319,140,101,13381,147869,2,0,183
2018-02-26,1319,134,90,13424,147869,1,1,183
2018-02-27,1319,73,145,13351,147869,1,3,185
2018-03-01,1319,19,84,13286,147869,1,2,186
2018-03-02,1319,57,94,13249,147869,1,3,188
2018-03-05,1319,52,65,13236,147869,2,9,195
2018-03-06,1319,17,22,13180,147869,1,0,194
2018-03-07,1319,19,87,13112,147869,1,2,195
2018-03-08,1319,128,104,13135,147869,5,0,190
2018-03-09,1319,93,74,13154,147869,29,0,161
2018-03-12,1319,99,54,13199,147869,5,10,166
2018-03-13,1319,35,86,13147,147869,13,0,153
2018-03-14,1319,318,257,13205,147869,9,6,150
2018-03-15,1319,70,63,13212,147869,0,6,156
2018-03-16,1319,77,79,13210,147869,7,1,150
2018-03-19,1319,47,12,13244,147869,2,4,152
2018-03-20,1319,35,26,13252,147869,1,2,153
2018-03-21,1319,75,112,13213,147869,2,2,153
2018-03-22,1319,76,210,13065,147869,0,0,153
2018-03-23,1319,99,213,12949,147869,37,47,137
2018-03-26,1319,112,79,12982,147869,15,15,137
2018-03-27,1319,23,78,12927,147869,1,0,136
2018-03-28,1319,40,82,12884,147869,0,0,136
2018-03-29,1319,50,50,12884,147869,1,0,135
2018-03-30,1319,36,29,12590,147869,57,1,79
2018-03-31,1319,13,48,12551,147869,0,0,79
2018-04-02,1319,34,70,12514,147869,0,0,79
2018-04-03,1319,27,51,12480,147869,1,0,78
2018-04-09,1319,142,177,12441,147869,0,1,79
2018-04-10,1319,59,138,12361,147869,2,0,77
2018-04-11,1319,197,216,12339,147869,6,1,72
2018-04-12,1319,58,139,12258,147869,2,0,15
2018-04-13,1319,38,115,12178,147869,15,0,0
2018-04-16,1319,134,204,12108,147869,0,0,0
2018-04-17,1319,124,139,12093,147869,0,0,0
2018-04-18,1319,72,78,12082,147869,0,0,0
2018-04-19,1319,16,55,12043,147869,0,2,2
2018-04-20,1319,83,45,12080,147869,0,0,2
2018-04-23,1319,70,58,12091,147869,0,0,2
2018-04-24,1319,280,225,12092,147869,1,3,4
2018-04-25,1319,93,109,12073,147869,0,1,5
2018-04-26,1319,262,172,12163,147869,1,69,73
2018-04-27,1319,119,110,12172,147869,3,5,75
2018-04-30,1319,230,79,12323,147869,43,1,33
2018-05-02,1319,117,108,12331,147869,2,7,38
2018-05-03,1319,65,18,12378,147869,4,2,36
2018-05-04,1319,26,93,12306,147869,5,0,31
2018-05-07,1319,33,46,12290,147869,4,0,27
2018-05-08,1319,197,109,12378,147869,10,51,68
2018-05-09,1319,65,80,12363,147869,2,7,73
2018-05-10,1319,130,77,12394,147869,11,15,77
2018-05-11,1319,228,260,12359,147869,16,7,68
2018-05-14,1319,97,86,12331,147869,8,0,60
2018-05-15,1319,120,48,12401,147869,0,1,61
2018-05-16,1319,34,65,12367,147869,2,9,68
2018-05-17,1319,52,34,12377,147869,6,0,62
2018-05-18,1319,124,46,12452,147869,9,0,53
2018-05-21,1319,200,125,12527,147869,5,0,48
2018-05-22,1319,143,36,12633,147869,2,0,46
2018-05-23,1319,162,51,12744,147869,0,1,47
2018-05-24,1319,239,95,12880,147869,30,0,17
2018-05-25,1319,182,68,12994,147869,1,8,24
2018-05-28,1319,224,163,13055,147869,5,9,28
2018-05-29,1319,60,92,13023,147869,10,1,19
2018-05-30,1319,63,48,12728,147869,2,7,24
2018-05-31,1319,182,48,12859,147869,2,1,23
2018-06-01,1319,188,27,13020,147869,0,0,23
2018-06-04,1319,58,56,13020,147869,3,1,21
2018-06-05,1319,169,163,13014,147869,0,0,21
2018-06-06,1319,44,63,12994,147869,0,0,21
2018-06-07,1319,376,211,13159,147869,6,0,15
2018-06-08,1319,144,148,13154,147869,1,3,17
2018-06-11,1319,96,134,13111,147869,2,5,20
2018-06-12,1319,49,120,13040,147869,1,0,19
2018-06-13,1319,151,209,12972,147869,0,2,21
2018-06-14,1319,83,94,12961,147869,0,0,21
2018-06-15,1319,503,154,13298,147869,10,53,64
2018-06-19,1319,45,48,13294,147869,15,81,130
2018-06-20,1319,58,157,13193,147869,15,17,132
2018-06-21,1319,73,49,13216,147869,6,2,128
2018-06-22,1319,93,29,13280,147869,6,7,129
2018-06-25,1319,43,50,13273,147869,4,24,149
2018-06-26,1319,145,114,13304,147869,30,7,126
2018-06-27,1319,184,149,13339,147869,7,37,156
2018-06-28,1319,316,203,13451,147869,30,17,143
2018-06-29,1319,166,102,13511,147869,46,20,117
2018-07-02,1319,161,45,13627,147869,4,17,130
2018-07-03,1319,233,177,13681,147869,23,6,113
2018-07-04,1319,248,121,13802,147869,4,4,113
2018-07-05,1319,340,252,13872,147869,4,4,113
2018-07-06,1319,225,298,13771,147869,72,5,46
2018-07-09,1319,321,166,13919,147869,5,0,41
2018-07-10,1319,210,189,13936,147869,26,0,15
2018-07-11,1319,155,156,13932,147869,10,0,5
2018-07-12,1319,113,91,13944,147869,1,0,4
2018-07-13,1319,448,419,13970,147869,0,0,0
2018-07-16,1319,302,136,14129,147869,0,0,0
2018-07-17,1319,528,200,14457,147869,0,0,0
2018-07-18,1319,319,562,14205,147869,0,21,21
2018-07-19,1319,545,429,14311,147869,10,5,16
2018-07-20,1319,394,431,14269,147869,0,19,35
2018-07-23,1319,236,390,14114,147869,12,28,51
2018-07-24,1319,405,219,14297,147869,30,1,22
2018-07-25,1319,169,117,14342,147869,1,26,47
2018-07-26,1319,124,111,14355,147869,16,0,31
2018-07-27,1319,89,59,14383,147869,9,7,29
2018-07-30,1319,77,54,14406,147869,5,0,24
2018-07-31,1319,184,128,14450,147869,7,1,18
2018-08-01,1319,627,453,14621,147869,3,8,23
2018-08-02,1319,815,839,14590,147869,3,70,90
2018-08-03,1319,161,292,14455,147869,58,8,40
2018-08-06,1319,236,163,14528,147869,3,2,39
2018-08-07,1319,182,162,14548,147869,1,2,40
2018-08-08,1319,122,245,14425,147869,12,4,32
2018-08-09,1319,65,163,14327,147869,7,10,35
2018-08-10,1319,145,200,14269,147869,7,20,48
2018-08-13,1319,206,188,14277,147869,6,28,70
2018-08-14,1319,87,54,14308,147869,3,3,69
2018-08-15,1319,267,80,14495,147869,4,8,73
2018-08-16,1319,32,191,14336,147869,26,2,49
2018-08-17,1319,25,106,14232,147869,4,4,49
2018-08-20,1319,137,136,14233,147869,3,1,38
2018-08-21,1319,127,66,14294,147869,1,3,40
2018-08-22,1319,95,77,14305,147869,2,0,38
2018-08-23,1319,57,80,14282,147869,0,11,48
2018-08-24,1319,177,234,14225,147869,14,82,116
2018-08-27,1319,64,96,14187,147869,14,68,170
2018-08-28,1319,11,85,14113,147869,11,11,170
2018-08-29,1319,24,110,14015,147869,9,7,168
2018-08-30,1319,44,31,14028,147869,3,19,184
2018-08-31,1319,50,36,14040,147869,20,1,165
2018-09-03,1319,57,56,14041,147869,11,0,154
2018-09-04,1319,126,185,13980,147869,22,31,163
2018-09-05,1319,40,104,13916,147869,36,17,144
2018-09-06,1319,23,51,13887,147869,31,9,122
2018-09-07,1319,54,107,13834,147869,16,3,109
2018-09-10,1319,121,335,13616,147869,10,27,126
2018-09-11,1319,55,143,13524,147869,33,2,95
2018-09-12,1319,48,63,13507,147869,0,3,98
2018-09-13,1319,23,25,13503,147869,20,41,119
2018-09-14,1319,46,59,13477,147869,1,0,118
2018-09-17,1319,20,20,13442,147869,2,0,116
2018-09-18,1319,131,107,13466,147869,54,6,68
2018-09-19,1319,16,113,13369,147869,3,2,67
2018-09-20,1319,118,71,13416,147869,35,1,33
2018-09-21,1319,57,229,13244,147869,2,6,37
2018-09-25,1319,67,101,13210,147869,3,5,39
2018-09-26,1319,25,107,13126,147869,1,2,40
2018-09-27,1319,50,27,13149,147869,6,22,56
2018-09-28,1319,69,22,13179,147869,26,27,56
2018-10-01,1319,18,18,13179,147869,1,11,66
2018-10-02,1319,16,6,13189,147869,2,1,65
2018-10-03,1319,61,95,13154,147869,25,7,47
2018-10-04,1319,92,18,13202,147869,9,51,89
2018-10-05,1319,125,264,13048,147869,42,33,80
2018-10-08,1319,16,102,12961,147869,29,38,89
2018-10-09,1319,68,217,12808,147869,29,39,99
2018-10-11,1319,196,350,12617,147869,35,95,159
2018-10-12,1319,117,87,12643,147869,37,25,147
2018-10-15,1319,65,199,12498,147869,25,39,161
2018-10-16,1319,226,219,12504,147869,26,499,634
2018-10-17,1319,553,212,12824,147869,369,289,549
2018-10-18,1319,273,314,12772,147869,248,96,397
2018-10-19,1319,136,245,12636,147869,152,71,316
2018-10-22,1319,42,56,12622,147869,74,29,271
2018-10-23,1319,20,80,12562,147869,45,41,267
2018-10-24,1319,26,64,12522,147869,51,41,257
2018-10-25,1319,136,302,12165,147869,57,22,222
2018-10-26,1319,121,92,12189,147869,13,55,264
2018-10-29,1319,36,47,12104,147869,21,19,262
2018-10-30,1319,24,48,12079,147869,87,96,271
2018-10-31,1319,83,71,12087,147869,59,4,216
2018-11-01,1319,71,194,11959,147869,12,83,287
2018-11-02,1319,81,96,11943,147869,26,11,272
2018-11-05,1319,34,54,11923,147869,9,21,284
2018-11-06,1319,14,102,11833,147869,1,0,283
2018-11-07,1319,23,49,11800,147869,5,7,285
2018-11-08,1319,28,91,11736,147869,5,34,314
2018-11-09,1319,37,75,11698,147869,17,47,344
2018-11-12,1319,20,13,11705,147869,14,33,363
2018-11-13,1319,41,7,11739,147869,19,29,373
2018-11-14,1319,19,36,11722,147869,4,27,396
2018-11-15,1319,243,194,11771,147869,95,75,376
2018-11-16,1319,458,962,11211,147869,96,403,673
2018-11-19,1319,637,506,11342,147869,62,62,673
2018-11-20,1319,112,84,11364,147869,115,30,588
2018-11-21,1319,76,143,11297,147869,47,29,566
2018-11-22,1319,52,111,11238,147869,61,38,543
2018-11-23,1319,53,64,11216,147869,114,67,495
2018-11-26,1319,36,129,11123,147869,19,24,500
2018-11-27,1319,242,68,11297,147869,69,15,446
2018-11-28,1319,115,168,11244,147869,35,52,463
2018-11-29,1319,102,71,11275,147869,60,21,424
2018-11-30,1319,51,72,11254,147869,36,24,412
2018-12-03,1319,316,117,11453,147869,70,25,367
2018-12-04,1319,302,210,11545,147869,14,9,362
2018-12-05,1319,136,191,11490,147869,18,3,347
2018-12-06,1319,154,182,11452,147869,31,13,329
2018-12-07,1319,41,16,11477,147869,11,8,326
2018-12-10,1319,127,147,11457,147869,22,36,340
2018-12-11,1319,51,34,11472,147869,28,40,352
2018-12-12,1319,89,32,11529,147869,18,36,370
2018-12-13,1319,192,102,11619,147869,32,12,350
2018-12-14,1319,126,102,11643,147869,32,47,365
2018-12-17,1319,128,80,11691,147869,3,12,374
2018-12-18,1319,40,23,11708,147869,19,9,364
2018-12-19,1319,196,91,11813,147869,21,17,360
2018-12-20,1319,47,57,11803,147869,19,10,351
2018-12-21,1319,30,49,11784,147869,38,13,326
2018-12-22,1319,6,7,11783,147869,7,7,326
2018-12-24,1319,12,14,11781,147869,20,2,308
2018-12-25,1319,12,159,11634,147869,8,8,308
2018-12-26,1319,12,26,11620,147869,14,29,323
2018-12-27,1319,50,24,11645,147869,12,2,313
2018-12-28,1319,11,13,11642,147869,14,0,299
2019-01-02,1319,25,71,11596,147869,7,11,303
2019-01-03,1319,23,24,11594,147869,21,3,285
2019-01-04,1319,26,120,11500,147869,63,9,231
2019-01-07,1319,96,103,11491,147869,13,27,245
2019-01-08,1319,35,50,11476,147869,20,10,235
2019-01-09,1319,26,71,11422,147869,2,0,233
2019-01-10,1319,160,73,11509,147869,2,10,241
2019-01-11,1319,58,57,11507,147869,3,1,239
2019-01-14,1319,58,98,11467,147869,0,20,259
2019-01-15,1319,259,51,11670,147869,18,19,260
2019-01-16,1319,78,247,11500,147869,7,17,270
2019-01-17,1319,30,145,11377,147869,0,62,332
2019-01-18,1319,19,62,11334,147869,6,13,339
2019-01-21,1319,37,47,11235,147869,2,9,346
2019-01-22,1319,15,70,11180,147869,24,6,328
2019-01-23,1319,73,15,11202,147869,63,3,268
2019-01-24,1319,5,36,11171,147869,10,6,264
2019-01-25,1319,26,20,11175,147869,8,0,256
2019-01-28,1319,4,64,11115,147869,0,0,256
2019-01-29,1319,29,161,10980,147869,6,15,265
2019-01-30,1319,170,46,11088,147869,18,0,247
2019-02-11,1319,45,59,11041,147869,2,7,252
2019-02-12,1319,17,13,11046,147869,3,16,265
2019-02-13,1319,53,89,10985,147869,5,1,261
2019-02-14,1319,88,94,10956,147869,18,14,257
2019-02-15,1319,49,112,10892,147869,8,15,264
2019-02-18,1319,37,13,10916,147869,31,7,240
2019-02-19,1319,49,57,10908,147869,5,10,245
2019-02-20,1319,75,68,10915,147869,12,1,234
2019-02-21,1319,243,40,11117,147869,24,10,220
2019-02-22,1319,91,118,11089,147869,21,52,251
2019-02-25,1319,247,195,10956,147869,7,29,273
2019-02-26,1319,238,69,11124,147869,1,5,277
2019-02-27,1319,136,27,11233,147869,33,16,260
2019-03-04,1319,48,58,11210,147869,6,1,255
2019-03-05,1319,110,51,11269,147869,1,0,254
2019-03-06,1319,490,245,11445,147869,7,31,278
2019-03-07,1319,457,689,11213,147869,34,5,249
2019-03-08,1319,134,274,11073,147869,10,17,256
2019-03-11,1319,43,84,11032,147869,0,1,257
2019-03-12,1319,95,101,11021,147869,2,1,256
2019-03-13,1319,36,76,10978,147869,4,0,252
2019-03-14,1319,82,59,10997,147869,1,53,304
2019-03-15,1319,177,67,11107,147869,3,33,334
2019-03-18,1319,172,191,11080,147869,12,6,328
2019-03-19,1319,492,386,11185,147869,12,38,354
2019-03-20,1319,768,712,11118,147869,18,16,348
2019-03-21,1319,82,126,11074,147869,7,11,352
2019-03-22,1319,235,181,11118,147869,21,8,339
2019-03-25,1319,76,159,11033,147869,14,6,331
2019-03-26,1319,206,205,11024,147869,9,8,330
2019-03-27,1319,157,141,11035,147869,12,5,323
2019-03-28,1319,70,82,11018,147869,2,0,321
2019-03-29,1319,33,39,11012,147869,2,0,319
2019-04-01,1319,118,180,10945,147869,18,0,301
2019-04-02,1319,89,59,10972,147869,0,0,301
2019-04-03,1319,18,59,10917,147869,1,0,300
2019-04-08,1319,100,125,10793,147869,0,0,300
2019-04-09,1319,247,237,10744,147869,2,0,298
2019-04-10,1319,90,161,10672,147869,18,1,281
2019-04-11,1319,144,172,10627,147869,160,0,121
2019-04-12,1319,174,107,10681,147869,121,0,0
2019-04-15,1319,562,463,10777,147869,0,0,0
2019-04-16,1319,485,551,10710,147869,0,0,0
2019-04-17,1319,948,656,11001,147869,0,0,0
2019-04-18,1319,664,661,10994,147869,0,12,12
2019-04-19,1319,805,468,11325,147869,8,13,17
2019-04-22,1319,638,1146,10613,147869,4,10,23
2019-04-23,1319,650,142,11032,147869,9,8,22
2019-04-24,1319,576,408,11200,147869,6,2,18
2019-04-25,1319,352,389,11157,147869,2,7,23
2019-04-26,1319,309,257,11209,147869,5,4,22
2019-04-29,1319,244,410,11043,147869,2,5,25
2019-04-30,1319,599,654,10983,147869,1,11,35
2019-05-02,1319,874,710,11112,147869,11,60,84
2019-05-03,1319,336,578,10869,147869,40,3,47
2019-05-06,1319,268,698,10437,147869,17,10,40
2019-05-07,1319,188,192,10305,147869,7,5,38
2019-05-08,1319,176,236,10175,147869,19,9,28
2019-05-09,1319,74,344,9765,147869,3,12,37
2019-05-10,1319,92,143,9464,147869,16,5,26
2019-05-13,1319,122,189,9316,147869,6,6,26
2019-05-14,1319,82,33,9349,147869,13,0,13
2019-05-15,1319,107,100,9345,147869,5,3,11
2019-05-16,1319,133,84,9310,147869,0,39,50
2019-05-17,1319,87,94,9303,147869,8,30,72
2019-05-20,1319,49,39,9277,147869,1,23,94
2019-05-21,1319,38,76,9238,147869,52,3,44
2019-05-22,1319,40,116,9162,147869,1,11,54
2019-05-23,1319,20,32,9085,147869,17,13,50
2019-05-24,1319,50,57,9071,147869,9,0,41
2019-05-27,1319,28,99,8955,147869,2,15,54
2019-05-28,1319,216,142,9028,147869,11,12,55
2019-05-29,1319,93,75,9046,147869,6,2,51
2019-05-30,1319,33,129,8934,147869,0,0,51
2019-05-31,1319,62,131,8865,147869,0,2,53
2019-06-03,1319,61,59,8864,147869,14,2,41
2019-06-04,1319,38,62,8780,147869,1,11,51
2019-06-05,1319,67,79,8652,147869,3,10,58
2019-06-06,1319,19,96,8575,147869,1,1,58
2019-06-10,1319,135,275,8315,147869,8,4,54
2019-06-11,1319,57,244,8060,147869,3,8,59
2019-06-12,1319,47,156,7936,147869,36,7,30
2019-06-13,1319,38,81,7893,147869,3,0,27
2019-06-14,1319,15,15,7893,147869,9,3,21
2019-06-17,1319,69,41,7866,147869,3,1,19
2019-06-18,1319,152,131,7886,147869,9,7,17
2019-06-19,1319,251,78,8059,147869,1,3,19
2019-06-20,1319,69,188,7940,147869,0,8,27
2019-06-21,1319,181,363,7758,147869,6,5,26
2019-06-24,1319,95,187,7584,147869,0,3,29
2019-06-25,1319,11,164,7431,147869,4,11,36
2019-06-26,1319,66,156,7252,147869,0,5,41
2019-06-27,1319,46,178,7120,147869,10,9,40
2019-06-28,1319,38,203,6955,147869,0,3,43
2019-07-01,1319,50,164,6700,147869,0,0,42
2019-07-02,1319,69,258,6511,147869,2,17,57
2019-07-03,1319,158,137,6401,147869,2,6,61
2019-07-04,1319,47,58,6330,147869,1,6,66
2019-07-05,1319,34,24,6339,147869,0,3,69
2019-07-08,1319,82,170,6169,147869,42,0,27
2019-07-09,1319,92,201,6060,147869,1,7,33
2019-07-10,1319,105,72,6017,147869,3,5,35
2019-07-11,1319,254,268,5942,147869,2,18,51
2019-07-12,1319,48,119,5871,147869,2,18,67
2019-07-15,1319,51,33,5817,147869,66,0,1
2019-07-16,1319,65,215,5667,147869,0,0,0
2019-07-17,1319,94,251,5450,147869,0,0,0
2019-07-18,1319,99,602,4946,147869,0,0,0
2019-07-19,1319,152,133,4964,147869,0,8,8
2019-07-22,1319,64,49,4944,147869,0,20,28
2019-07-23,1319,38,46,4935,147869,0,5,33
2019-07-24,1319,77,47,4914,147869,6,8,35
2019-07-25,1319,95,45,4961,147869,14,14,35
2019-07-26,1319,77,55,4883,147869,9,6,32
2019-07-29,1319,46,80,4743,147869,8,10,34
2019-07-30,1319,54,67,4730,147869,5,4,33
2019-07-31,1319,13,18,4635,147869,0,0,33
2019-08-01,1319,88,40,4682,147869,13,2,22
2019-08-02,1319,36,94,4624,147869,2,7,27
2019-08-05,1319,55,45,4634,147869,7,4,24
2019-08-06,1319,28,63,4558,147869,15,6,15
2019-08-07,1319,24,59,4469,147869,1,1,15
2019-08-08,1319,23,24,4465,147869,3,1,13
2019-08-12,1319,40,37,4438,147869,4,3,12
2019-08-13,1319,9,36,4411,147869,0,0,12
2019-08-14,1319,97,186,4322,147869,4,8,16
2019-08-15,1319,85,27,4378,147869,5,9,20
2019-08-16,1319,51,94,4335,147869,3,6,23
2019-08-19,1319,61,28,4368,147869,7,1,17
2019-08-20,1319,67,92,4343,147869,0,0,17
2019-08-21,1319,20,50,4313,147869,0,5,22
2019-08-22,1319,33,103,4243,147869,0,3,25
2019-08-23,1319,13,54,4182,147869,2,1,24
2019-08-26,1319,15,36,4160,147869,0,2,26
2019-08-27,1319,45,33,4172,147869,3,4,27
2019-08-28,1319,158,60,4268,147869,3,12,36
2019-08-29,1319,138,194,4212,147869,0,6,42
2019-08-30,1319,189,233,4117,147869,8,0,34
2019-09-02,1319,227,306,4038,147869,2,27,59
2019-09-03,1319,111,116,4033,147869,8,4,55
2019-09-04,1319,42,30,4045,147869,6,2,51
2019-09-05,1319,6,48,4003,147869,5,1,47
2019-09-06,1319,34,86,3951,147869,14,1,34
2019-09-09,1319,23,88,3886,147869,8,3,29
2019-09-10,1319,78,54,3910,147869,0,7,36
2019-09-11,1319,570,301,4179,147869,3,17,50
2019-09-12,1319,260,515,3922,147869,3,14,61
2019-09-16,1319,305,354,3873,147869,2,8,67
2019-09-17,1319,97,548,3422,147869,0,20,87
2019-09-18,1319,68,258,3232,147869,2,42,127
2019-09-19,1319,263,166,3319,147869,6,34,155
2019-09-20,1319,211,257,3273,147869,21,1,135
2019-09-23,1319,152,62,3363,147869,36,4,103
2019-09-24,1319,75,48,3390,147869,1,9,111
2019-09-25,1319,44,45,3388,147869,25,5,91
2019-09-26,1319,119,93,3414,147869,30,3,64
2019-09-27,1319,54,122,3346,147869,12,1,53
2019-10-01,1319,79,25,3400,147869,6,7,54
2019-10-02,1319,24,43,3381,147869,2,4,56
2019-10-03,1319,77,14,3411,147869,2,2,56
2019-10-04,1319,116,53,3459,147869,6,29,79
2019-10-07,1319,56,36,3479,147869,7,23,95
2019-10-08,1319,70,32,3515,147869,8,15,102
2019-10-09,1319,89,55,3549,147869,20,7,89
2019-10-14,1319,103,17,3635,147869,1,20,108
2019-10-15,1319,142,365,3412,147869,6,31,133
2019-10-16,1319,85,58,3439,147869,6,1,128
2019-10-17,1319,35,64,3243,147869,3,5,130
2019-10-18,1319,155,45,3350,147869,5,28,153
2019-10-21,1319,52,14,3358,147869,20,6,139
2019-10-22,1319,25,83,3299,147869,0,2,141
2019-10-23,1319,71,73,3297,147869,53,2,90
2019-10-24,1319,45,144,3168,147869,6,26,110
2019-10-25,1319,172,16,3322,147869,18,0,92
2019-10-28,1319,68,18,3372,147869,56,3,39
2019-10-29,1319,39,120,3291,147869,19,0,20
2019-10-30,1319,49,45,3277,147869,0,4,24
2019-10-31,1319,50,22,3305,147869,3,33,54
2019-11-01,1319,66,35,3250,147869,16,0,38
2019-11-04,1319,39,46,3240,147869,1,2,39
2019-11-05,1319,21,15,3246,147869,0,0,39
2019-11-06,1319,19,42,3223,147869,0,10,49
2019-11-07,1319,46,23,3246,147869,12,0,37
2019-11-08,1319,92,66,3262,147869,19,1,19
2019-11-11,1319,56,62,3256,147869,1,1,19
2019-11-12,1319,66,41,3281,147869,0,0,19
2019-11-13,1319,83,91,3038,147869,1,5,23
2019-11-14,1319,66,110,2994,147869,2,4,25
2019-11-15,1319,65,41,3018,147869,1,6,30
2019-11-18,1319,32,57,2993,147869,0,0,30
2019-11-19,1319,76,53,3016,147869,1,4,33
2019-11-20,1319,13,29,2999,147869,0,0,33
2019-11-21,1319,52,50,3001,147869,12,2,23
2019-11-22,1319,47,22,2966,147869,0,0,23
2019-11-25,1319,47,47,2916,147869,3,18,38
2019-11-26,1319,81,35,2959,147869,3,8,43
2019-11-27,1319,470,25,3374,147869,9,14,48
2019-11-28,1319,95,227,3242,147869,0,4,52
2019-11-29,1319,289,24,3505,147869,0,1,53
2019-12-02,1319,187,33,3593,147869,1,8,60
2019-12-03,1319,87,24,3656,147869,5,3,58
2019-12-04,1319,141,57,3740,147869,1,6,63
2019-12-05,1319,215,127,3827,147869,4,6,65
2019-12-06,1319,146,35,3938,147869,2,3,66
2019-12-09,1319,236,343,3831,147869,5,3,64
2019-12-10,1319,247,231,3845,147869,2,5,67
2019-12-11,1319,85,78,3827,147869,1,3,69
2019-12-12,1319,480,381,3926,147869,5,6,70
2019-12-13,1319,763,232,4457,147869,7,9,72
2019-12-16,1319,596,142,4909,147869,2,0,70
2019-12-17,1319,230,722,4417,147869,2,45,113
2019-12-18,1319,35,323,4129,147869,48,4,69
2019-12-19,1319,60,278,3791,147869,0,4,73
2019-12-20,1319,89,112,3768,147869,0,2,75
2019-12-23,1319,71,119,3720,147869,2,5,78
2019-12-24,1319,52,21,3745,147869,0,0,78
2019-12-25,1319,107,79,3773,147869,0,2,80
2019-12-26,1319,55,41,3787,147869,0,0,80
2019-12-27,1319,34,49,3772,147869,3,0,77
2019-12-30,1319,117,109,3780,147869,4,1,74
2019-12-31,1319,52,121,3691,147869,0,0,74
2020-01-02,1319,49,154,3523,147869,1,1,74
2020-01-03,1319,148,254,3417,147869,0,0,73
2020-01-06,1319,93,283,3227,147869,18,1,56
2020-01-07,1319,8,39,3191,147869,5,4,55
2020-01-08,1319,36,113,3114,147869,6,1,50
2020-01-09,1319,1,97,3017,147869,0,2,52
2020-01-10,1319,44,24,3037,147869,5,3,50
2020-01-13,1319,11,9,3028,147869,1,1,50
2020-01-14,1319,20,62,2986,147869,2,0,48
2020-01-15,1319,65,41,3010,147869,1,11,58
2020-01-16,1319,257,453,2814,147869,1,3,60
2020-01-17,1319,96,83,2825,147869,11,0,49
2020-01-20,1319,56,45,2836,147869,2,0,47
2020-01-30,1319,68,158,2745,147869,4,14,57
2020-01-31,1319,2,65,2682,147869,3,6,60
2020-02-03,1319,106,216,2572,147869,27,3,36
2020-02-04,1319,43,67,2548,147869,8,4,32
2020-02-05,1319,26,43,2529,147869,0,4,36
2020-02-06,1319,29,23,2535,147869,0,0,36
2020-02-07,1319,33,15,2553,147869,3,4,37
2020-02-10,1319,18,6,2557,147869,5,3,35
2020-02-11,1319,27,4,2570,147869,1,2,36
2020-02-12,1319,120,36,2654,147869,2,2,36
2020-02-13,1319,56,119,2590,147869,0,5,41
2020-02-14,1319,102,62,2627,147869,0,1,42
2020-02-17,1319,15,7,2633,147869,0,0,42
2020-02-18,1319,16,41,2608,147869,0,2,44
2020-02-19,1319,93,20,2681,147869,2,0,42
2020-02-20,1319,9,22,2668,147869,5,0,37
2020-02-21,1319,59,18,2709,147869,7,0,30
2020-02-24,1319,42,21,2730,147869,1,3,32
2020-02-25,1319,64,40,2754,147869,3,4,33
2020-02-26,1319,77,15,2791,147869,1,8,40
2020-02-27,1319,47,336,2464,147869,5,22,57
2020-03-02,1319,55,159,2356,147869,14,4,47
2020-03-03,1319,11,19,2348,147869,7,0,40
2020-03-04,1319,31,15,2360,147869,0,1,41
2020-03-05,1319,6,15,2351,147869,8,1,34
2020-03-06,1319,3,16,2338,147869,2,2,34
2020-03-09,1319,68,124,2282,147869,1,20,53
2020-03-10,1319,86,150,2214,147869,21,14,46
2020-03-11,1319,30,50,2194,147869,13,4,37
2020-03-12,1319,53,223,2014,147869,8,3,32
2020-03-13,1319,176,152,1998,147869,6,4,30
2020-03-16,1319,138,119,2017,147869,10,2,22
2020-03-17,1319,152,104,2041,147869,1,7,28
2020-03-18,1319,47,123,1965,147869,3,5,20
2020-03-19,1319,171,308,1808,147869,7,37,50
2020-03-20,1319,82,130,1756,147869,8,5,47
2020-03-23,1319,191,46,1901,147869,4,13,56
2020-03-24,1319,57,102,1854,147869,18,21,59
2020-03-25,1319,89,144,1794,147869,27,8,40
2020-03-26,1319,183,36,1931,147869,7,0,31
2020-03-27,1319,171,301,1799,147869,1,18,48
2020-03-30,1319,208,72,1935,147869,15,20,53
2020-03-31,1319,206,192,1948,147869,6,15,62
2020-04-01,1319,86,132,1902,147869,9,15,68
2020-04-06,1319,310,84,2128,147869,4,1,65
2020-04-07,1319,291,104,2315,147869,6,0,59
2020-04-08,1319,202,200,2317,147869,26,4,37
2020-04-09,1319,406,254,2469,147869,4,2,35
2020-04-10,1319,119,310,2278,147869,14,0,21
2020-04-13,1319,97,138,2237,147869,21,0,0
2020-04-14,1319,128,281,2084,147869,0,0,0
2020-04-15,1319,61,243,1902,147869,0,0,0
2020-04-16,1319,254,88,2066,147869,0,0,0
2020-04-17,1319,67,139,1994,147869,0,1,1
2020-04-20,1319,124,60,2058,147869,0,6,7
2020-04-21,1319,29,59,2028,147869,0,36,43
2020-04-22,1319,18,185,1861,147869,2,86,127
2020-04-23,1319,151,35,1977,147869,1,10,136
2020-04-24,1319,21,20,1976,147869,1,3,138
2020-04-27,1319,64,78,1962,147869,30,31,139
2020-04-28,1319,69,141,1890,147869,25,1,115
2020-04-29,1319,104,85,1909,147869,2,9,122
2020-04-30,1319,214,116,1982,147869,3,27,146
2020-05-04,1319,216,101,2097,147869,30,2,118
2020-05-05,1319,154,51,2200,147869,0,10,128
2020-05-06,1319,163,49,2314,147869,8,53,173
2020-05-07,1319,49,33,2330,147869,1,15,187
2020-05-08,1319,41,92,2279,147869,1,24,210
2020-05-11,1319,186,212,2253,147869,2,18,226
2020-05-12,1319,598,401,2447,147869,60,6,172
2020-05-13,1319,197,296,2348,147869,27,1,146
2020-05-14,1319,103,156,2295,147869,15,5,136
2020-05-15,1319,71,82,2284,147869,13,0,123
2020-05-18,1319,62,114,2232,147869,5,3,121
2020-05-19,1319,144,208,2167,147869,0,6,127
2020-05-20,1319,788,250,2705,147869,0,17,144
2020-05-21,1319,803,940,2568,147869,9,8,143
2020-05-22,1319,124,179,2513,147869,1,8,150
2020-05-25,1319,149,93,2569,147869,7,1,144
2020-05-26,1319,132,374,2327,147869,12,11,143
2020-05-27,1319,191,128,2390,147869,6,0,137
2020-05-28,1319,105,182,2313,147869,14,7,130
2020-05-29,1319,51,17,2347,147869,8,0,122
2020-06-01,1319,440,160,2627,147869,0,14,136
2020-06-02,1319,228,224,2631,147869,1,0,135
2020-06-03,1319,280,675,2236,147869,0,4,139
2020-06-04,1319,507,483,2254,147869,4,6,141
2020-06-05,1319,196,315,2135,147869,1,9,149
2020-06-08,1319,187,254,2068,147869,25,1,125
2020-06-09,1319,111,113,2066,147869,6,1,120
2020-06-10,1319,199,175,2090,147869,6,0,114
2020-06-11,1319,75,51,2114,147869,3,2,113
2020-06-12,1319,73,241,1946,147869,10,1,104
2020-06-15,1319,69,35,1980,147869,1,1,104
2020-06-16,1319,123,83,2020,147869,7,0,97
2020-06-17,1319,21,176,1865,147869,73,0,24
2020-06-18,1319,82,113,1834,147869,0,0,0
2020-06-19,1319,80,82,1832,147869,0,0,0
2020-06-22,1319,106,103,1835,147869,0,0,0
2020-06-23,1319,140,94,1880,147869,0,17,17
2020-06-24,1319,22,23,1879,147869,0,13,30
2020-06-29,1319,98,34,1943,147869,2,24,52
2020-06-30,1319,87,41,1985,147869,7,6,51
2020-07-01,1319,93,80,1998,147869,6,39,84
2020-07-02,1319,33,51,1980,147869,2,15,97
2020-07-03,1319,119,87,2012,147869,0,0,97
2020-07-06,1319,128,62,2077,147869,8,10,99
2020-07-07,1319,91,21,2147,147869,15,0,84
2020-07-08,1319,93,84,2156,147869,0,4,88
2020-07-09,1319,286,104,2338,147869,0,2,90
2020-07-10,1319,100,95,2343,147869,12,2,80
2020-07-13,1319,9,32,2320,147869,0,0,80
2020-07-14,1319,4,41,2283,147869,5,0,75
2020-07-15,1319,21,38,2266,147869,21,3,57
2020-07-16,1319,18,158,2124,147869,2,21,76
2020-07-17,1319,96,25,2195,147869,0,12,88
2020-07-20,1319,28,79,2144,147869,6,5,87
2020-07-21,1319,13,66,2091,147869,47,10,50
2020-07-22,1319,4,11,2082,147869,17,1,34
2020-07-23,1319,21,16,2087,147869,3,0,31
2020-07-24,1319,20,36,2071,147869,2,8,37
2020-07-27,1319,32,49,2054,147869,11,7,33
2020-07-28,1319,23,74,2002,147869,4,11,40
2020-07-29,1319,57,3,2056,147869,15,9,34
2020-07-30,1319,62,20,2087,147869,5,5,34
2020-07-31,1319,12,23,2074,147869,1,0,33
2020-08-03,1319,23,34,2063,147869,1,14,46
2020-08-04,1319,42,23,2082,147869,17,5,34
2020-08-05,1319,58,105,2033,147869,8,4,30
2020-08-06,1319,137,140,2030,147869,5,11,36
2020-08-07,1319,78,32,2074,147869,0,12,48
2020-08-10,1319,57,23,2108,147869,5,1,44
2020-08-11,1319,33,90,2051,147869,10,3,37
2020-08-12,1319,46,4,2093,147869,0,0,37
2020-08-13,1319,28,50,2071,147869,7,5,35
2020-08-14,1319,10,54,2027,147869,0,0,35
2020-08-17,1319,61,30,2058,147869,0,16,51
2020-08-18,1319,55,46,2064,147869,0,7,58
2020-08-19,1319,80,28,2116,147869,0,28,86
2020-08-20,1319,69,42,2143,147869,25,2,63
2020-08-21,1319,19,33,2129,147869,0,13,76
2020-08-24,1319,27,68,2088,147869,0,2,78
2020-08-25,1319,254,142,2199,147869,1,4,81
2020-08-26,1319,123,196,2126,147869,1,10,90
2020-08-27,1319,14,19,2121,147869,10,2,82
2020-08-28,1319,123,91,2153,147869,0,1,83
2020-08-31,1319,428,135,2446,147869,2,5,86
2020-09-01,1319,232,334,2344,147869,5,2,83
2020-09-02,1319,121,166,2299,147869,3,7,87
2020-09-03,1319,67,202,2164,147869,2,12,97
2020-09-04,1319,114,36,2242,147869,2,2,97
2020-09-07,1319,59,196,2105,147869,4,13,106
2020-09-08,1319,106,142,2024,147869,2,30,134
2020-09-09,1319,13,36,2001,147869,27,1,108
2020-09-10,1319,48,72,1977,147869,1,2,109
2020-09-11,1319,19,45,1951,147869,0,2,111
2020-09-14,1319,17,72,1896,147869,1,21,131
2020-09-15,1319,74,37,1933,147869,2,0,129
2020-09-16,1319,20,14,1939,147869,8,1,122
2020-09-17,1319,56,57,1938,147869,2,2,122
2020-09-18,1319,7,14,1931,147869,0,20,142
2020-09-21,1319,84,37,1977,147869,39,34,137
2020-09-22,1319,23,94,1906,147869,1,54,190
2020-09-23,1319,69,17,1958,147869,9,7,188
2020-09-24,1319,37,63,1932,147869,38,23,173
2020-09-25,1319,28,44,1916,147869,14,8,167
2020-09-28,1319,7,95,1828,147869,16,0,151
2020-09-29,1319,15,6,1836,147869,4,1,148
2020-09-30,1319,11,2,1844,147869,0,8,156
2020-10-05,1319,39,47,1836,147869,4,38,190
2020-10-06,1319,7,18,1825,147869,4,12,198
2020-10-07,1319,1,8,1818,147869,2,5,201
2020-10-08,1319,23,37,1804,147869,2,22,221
2020-10-12,1319,0,22,1782,147869,19,0,202
2020-10-13,1319,40,2,1820,147869,1,17,218
2020-10-14,1319,18,40,1798,147869,33,0,185
2020-10-15,1319,2,15,1784,147869,10,16,191
2020-10-16,1319,51,77,1758,147869,5,3,189
2020-10-19,1319,32,39,1751,147869,17,0,168
2020-10-20,1319,4,93,1662,147869,10,2,160
2020-10-21,1319,34,59,1637,147869,33,3,130
2020-10-22,1319,22,43,1614,147869,0,4,134
2020-10-23,1319,39,22,1631,147869,0,2,126
2020-10-26,1319,90,149,1567,147869,0,4,130
2020-10-27,1319,43,20,1590,147869,7,7,130
2020-10-28,1319,18,70,1538,147869,3,19,146
2020-10-29,1319,22,5,1555,147869,5,13,154
2020-10-30,1319,38,21,1572,147869,8,11,157
2020-11-02,1319,21,21,1572,147869,0,9,166
2020-11-03,1319,35,13,1594,147869,1,1,166
2020-11-04,1319,13,14,1593,147869,9,1,158
2020-11-05,1319,46,44,1595,147869,35,0,123
2020-11-06,1319,3,17,1581,147869,3,1,121
2020-11-09,1319,36,25,1592,147869,3,0,118
2020-11-10,1319,28,19,1601,147869,2,0,116
2020-11-11,1319,9,36,1574,147869,5,0,111
2020-11-12,1319,31,68,1537,147869,2,0,109
2020-11-13,1319,28,21,1544,147869,0,1,110
2020-11-16,1319,9,3,1550,147869,0,0,110
2020-11-17,1319,20,18,1552,147869,8,0,98
2020-11-18,1319,12,4,1560,147869,1,0,97
2020-11-19,1319,57,41,1576,147869,0,3,100
2020-11-20,1319,15,39,1552,147869,0,1,101
2020-11-23,1319,39,56,1465,147869,3,0,98
2020-11-24,1319,25,13,1476,147869,0,4,102
2020-11-25,1319,37,27,1485,147869,2,1,101
2020-11-26,1319,32,21,1496,147869,2,0,99
2020-11-27,1319,22,4,1514,147869,0,0,99
2020-11-30,1319,56,63,1501,147869,1,30,128
2020-12-01,1319,111,210,1402,147869,30,2,100
2020-12-02,1319,87,100,1389,147869,0,0,100
2020-12-03,1319,40,22,1387,147869,0,4,104
2020-12-04,1319,30,6,1411,147869,0,0,104
2020-12-07,1319,50,26,1434,147869,2,3,105
2020-12-08,1319,68,20,1480,147869,0,0,105
2020-12-09,1319,27,20,1487,147869,1,0,104
2020-12-10,1319,81,59,1508,147869,10,197,291
2020-12-11,1319,94,31,1571,147869,197,3,97
2020-12-14,1319,172,14,1729,147869,0,1,98
2020-12-15,1319,45,35,1739,147869,0,1,99
2020-12-16,1319,7,38,1708,147869,2,4,101
2020-12-17,1319,15,3,1720,147869,1,1,101
2020-12-18,1319,23,22,1721,147869,1,0,100
2020-12-21,1319,45,18,1748,147869,1,0,99
2020-12-22,1319,25,50,1723,147869,0,0,99
2020-12-23,1319,6,30,1699,147869,0,1,100
2020-12-24,1319,12,93,1615,147869,0,0,100
2020-12-25,1319,17,26,1606,147869,0,0,100
2020-12-28,1319,111,94,1623,147869,0,12,112
2020-12-29,1319,147,54,1716,147869,0,12,124
2020-12-30,1319,50,101,1665,147869,24,0,100
2020-12-31,1319,91,134,1619,147869,5,0,95
2021-01-04,1319,595,223,1991,147869,0,1,96
2021-01-05,1319,242,367,1866,147869,1,5,100
2021-01-06,1319,160,272,1754,147869,5,0,95
2021-01-07,1319,70,53,1771,147869,0,4,99
2021-01-08,1319,100,73,1793,147869,2,5,102
2021-01-11,1319,116,89,1820,147869,0,1,103
2021-01-12,1319,80,23,1877,147869,5,2,100
2021-01-13,1319,101,49,1929,147869,2,6,104
2021-01-14,1319,140,37,2032,147869,6,0,98
2021-01-15,1319,134,118,2048,147869,3,2,97
2021-01-18,1319,137,82,2101,147869,6,7,98
2021-01-19,1319,59,6,2154,147869,1,6,103
2021-01-20,1319,58,81,2131,147869,6,2,99
2021-01-21,1319,66,18,2179,147869,3,6,102
2021-01-22,1319,101,16,2264,147869,7,9,104
2021-01-25,1319,41,6,2297,147869,0,3,107
2021-01-26,1319,45,30,2311,147869,4,2,105
2021-01-27,1319,91,63,2337,147869,2,3,106
2021-01-28,1319,41,74,2304,147869,3,19,122
2021-01-29,1319,30,14,2320,147869,10,1,113
2021-02-01,1319,28,6,2341,147869,4,2,111
2021-02-02,1319,35,5,2361,147869,0,0,111
2021-02-03,1319,27,7,2380,147869,0,1,112
2021-02-04,1319,12,2,2390,147869,1,1,112
2021-02-05,1319,8,40,2356,147869,15,1,98
2021-02-17,1319,113,18,2451,147869,2,1,97
2021-02-18,1319,82,23,2510,147869,0,2,99
2021-02-19,1319,56,10,2554,147869,3,0,96
2021-02-22,1319,73,107,2519,147869,7,0,89
2021-02-23,1319,78,60,2469,147869,0,2,91
2021-02-24,1319,125,110,2484,147869,0,0,91
2021-02-25,1319,42,128,2398,147869,2,2,91
2021-02-26,1319,85,33,2448,147869,5,0,86
2021-03-02,1319,59,18,2489,147869,0,11,97
2021-03-03,1319,23,33,2479,147869,0,0,33
2021-03-04,1319,5,33,2451,147869,0,0,33
2021-03-05,1319,29,8,2472,147869,12,0,21
2021-03-08,1319,23,72,2423,147869,10,2,13
2021-03-09,1319,65,60,2428,147869,2,0,11
2021-03-10,1319,28,9,2446,147869,0,1,12
2021-03-11,1319,9,17,2408,147869,0,0,12
2021-03-12,1319,122,155,2375,147869,1,0,11
2021-03-15,1319,38,47,2366,147869,1,3,13
2021-03-16,1319,81,79,2368,147869,0,0,13
2021-03-17,1319,79,94,2351,147869,0,4,17
2021-03-18,1319,15,25,2341,147869,0,2,19
2021-03-19,1319,11,14,2337,147869,5,0,14
2021-03-22,1319,17,18,2336,147869,0,0,14
2021-03-23,1319,9,6,2338,147869,0,0,14
2021-03-24,1319,28,57,2309,147869,0,1,15
2021-03-25,1319,59,22,2346,147869,1,3,17
2021-03-26,1319,14,21,2339,147869,1,2,18
2021-03-29,1319,77,16,2400,147869,0,1,19
2021-03-30,1319,81,1,2480,147869,1,9,27
2021-03-31,1319,42,21,2469,147869,8,0,19
2021-04-01,1319,14,9,2473,147869,1,8,26
2021-04-06,1319,18,5,2486,147869,4,1,23
2021-04-07,1319,120,10,2596,147869,1,6,28
2021-04-08,1319,38,37,2597,147869,2,1,27
2021-04-09,1319,41,23,2615,147869,10,0,17
2021-04-12,1319,264,146,2717,147869,0,0,17
2021-04-13,1319,84,75,2722,147869,1,1,17
2021-04-14,1319,122,86,2758,147869,3,0,14
2021-04-15,1319,59,118,2679,147869,1,0,13
2021-04-16,1319,700,251,3128,147869,12,0,1
2021-04-19,1319,795,370,3553,147869,0,0,0
2021-04-20,1319,181,411,3323,147869,0,0,0
2021-04-21,1319,84,289,3118,147869,0,0,0
2021-04-22,1319,265,339,3041,147869,0,3,3
2021-04-23,1319,110,81,3070,147869,1,1,3
2021-04-26,1319,80,66,3079,147869,2,0,1
2021-04-27,1319,50,113,3016,147869,0,2,3
2021-04-28,1319,118,72,3062,147869,1,1,3
2021-04-29,1319,99,51,3075,147869,0,0,3
2021-05-03,1319,93,36,3132,147869,2,1,2
2021-05-04,1319,180,118,3194,147869,1,0,1
2021-05-05,1319,74,44,3224,147869,0,0,1
2021-05-06,1319,19,45,3198,147869,0,2,3
2021-05-07,1319,26,50,3174,147869,0,0,3
2021-05-10,1319,52,66,3160,147869,0,0,3
2021-05-11,1319,103,59,3204,147869,0,1,4
2021-05-12,1319,108,189,3117,147869,1,15,18
2021-05-13,1319,32,103,3026,147869,16,16,18
2021-05-14,1319,35,35,3026,147869,2,6,22
2021-05-17,1319,17,123,2920,147869,7,17,32
2021-05-18,1319,52,49,2919,147869,10,11,33
2021-05-19,1319,55,154,2820,147869,12,7,28
2021-05-20,1319,9,7,2791,147869,5,9,32
2021-05-21,1319,39,0,2830,147869,10,1,23
2021-05-24,1319,54,3,2881,147869,1,5,27
2021-05-25,1319,69,85,2865,147869,12,8,23
2021-05-26,1319,56,50,2866,147869,4,0,19
2021-05-27,1319,55,11,2910,147869,6,11,24
2021-05-28,1319,73,98,2877,147869,0,0,24
2021-05-31,1319,27,305,2599,147869,3,1,22
2021-06-01,1319,95,45,2649,147869,1,5,26
2021-06-02,1319,40,78,2610,147869,0,3,29
2021-06-03,1319,9,13,2581,147869,1,1,29
2021-06-04,1319,28,44,2565,147869,1,0,28
2021-06-07,1319,117,69,2613,147869,15,1,14
2021-06-08,1319,52,83,2580,147869,0,10,24
2021-06-09,1319,33,49,2562,147869,13,21,32
2021-06-10,1319,15,64,2513,147869,20,3,15
2021-06-11,1319,14,42,2480,147869,0,0,15
2021-06-15,1319,76,68,2488,147869,2,27,40
2021-06-16,1319,32,19,2494,147869,7,3,36
2021-06-17,1319,163,22,2635,147869,29,99,106
2021-06-18,1319,328,39,2923,147869,32,0,74
2021-06-21,1319,295,45,3173,147869,47,1,28
2021-06-22,1319,375,123,3423,147869,26,0,0
2021-06-23,1319,96,205,3310,147869,0,0,0
2021-06-24,1319,143,155,3298,147869,0,0,0
2021-06-25,1319,271,140,3428,147869,0,0,0
2021-06-28,1319,52,168,3292,147869,0,27,27
2021-06-29,1319,55,91,3256,147869,4,8,31
2021-06-30,1319,80,198,3138,147869,28,21,24
2021-07-01,1319,176,104,3210,147869,2,12,34
2021-07-02,1319,60,69,3201,147869,8,1,27
2021-07-05,1319,41,158,3084,147869,0,2,29
2021-07-06,1319,43,40,3087,147869,4,0,25
2021-07-07,1319,16,32,3071,147869,12,0,13
2021-07-08,1319,41,48,3054,147869,0,0,13
2021-07-09,1319,21,46,3029,147869,10,0,3
2021-07-12,1319,60,98,2991,147869,0,0,3
2021-07-13,1319,53,65,2979,147869,0,1,4
2021-07-14,1319,36,14,2997,147869,0,0,4
2021-07-15,1319,70,8,3057,147869,0,0,4
2021-07-16,1319,733,127,3659,147869,0,1,5
2021-07-19,1319,348,168,3837,147869,2,0,3
2021-07-20,1319,189,188,3838,147869,1,1,3
2021-07-21,1319,59,224,3673,147869,0,0,3
2021-07-22,1319,138,134,3676,147869,1,0,2
2021-07-23,1319,1239,864,4051,147869,0,28,30
2021-07-26,1319,425,578,3898,147869,27,5,8
2021-07-27,1319,171,171,3898,147869,0,3,11
2021-07-28,1319,161,301,3758,147869,8,1,4
2021-07-29,1319,87,38,3762,147869,0,2,6
2021-07-30,1319,138,316,3584,147869,3,16,19
2021-08-02,1319,47,200,3431,147869,10,14,23
2021-08-03,1319,38,121,3348,147869,10,0,13
2021-08-04,1319,49,80,3314,147869,0,0,12
2021-08-05,1319,17,69,3261,147869,8,1,5
2021-08-06,1319,29,30,3260,147869,0,0,5
2021-08-09,1319,50,95,3215,147869,0,0,5
2021-08-10,1319,32,129,3118,147869,0,38,43
2021-08-11,1319,59,60,3117,147869,0,2,45
2021-08-12,1319,20,47,3090,147869,24,3,24
2021-08-13,1319,13,103,3000,147869,12,1,13
2021-08-16,1319,36,119,2911,147869,6,20,27
2021-08-17,1319,79,104,2886,147869,13,4,18
2021-08-18,1319,13,44,2854,147869,9,3,12
2021-08-19,1319,33,22,2865,147869,1,3,14
2021-08-20,1319,59,16,2898,147869,4,10,20
2021-08-23,1319,24,27,2895,147869,2,8,26
2021-08-24,1319,26,6,2915,147869,0,5,31
2021-08-25,1319,6,18,2902,147869,1,3,33
2021-08-26,1319,40,11,2931,147869,0,5,38
2021-08-27,1319,3,40,2894,147869,0,2,40
2021-08-30,1319,26,31,2889,147869,7,4,37
2021-08-31,1319,58,11,2936,147869,2,2,37
2021-09-01,1319,12,16,2932,147869,1,0,36
2021-09-02,1319,58,15,2975,147869,1,0,35
2021-09-03,1319,10,47,2928,147869,2,0,33
2021-09-06,1319,48,50,2925,147869,1,0,32
2021-09-07,1319,36,5,2956,147869,0,4,36
2021-09-08,1319,13,28,2941,147869,0,1,37
2021-09-09,1319,25,20,2946,147869,5,6,38
2021-09-10,1319,1,11,2936,147869,1,1,38
2021-09-13,1319,2,8,2929,147869,0,2,40
2021-09-14,1319,31,32,2928,147869,10,0,30
2021-09-15,1319,54,19,2963,147869,12,1,19
2021-09-16,1319,264,13,3214,147869,0,0,19
2021-09-17,1319,78,34,3246,147869,0,3,22
2021-09-22,1319,60,31,3275,147869,2,0,20
2021-09-23,1319,32,22,3285,147869,0,1,21
2021-09-24,1319,103,21,3367,147869,2,1,20
2021-09-27,1319,17,31,3343,147869,0,6,26
2021-09-28,1319,5,3,3345,147869,0,0,26
2021-09-29,1319,31,14,3362,147869,1,14,39
2021-09-30,1319,26,3,3385,147869,0,4,43
2021-10-01,1319,35,28,3392,147869,0,7,50
2021-10-04,1319,35,25,3400,147869,3,1,48
2021-10-05,1319,15,11,3404,147869,4,2,46
2021-10-06,1319,96,12,3488,147869,12,1,35
2021-10-07,1319,2,94,3396,147869,2,1,34
2021-10-08,1319,2,23,3375,147869,0,0,34
2021-10-12,1319,35,1,3408,147869,2,19,51
2021-10-13,1319,16,21,3403,147869,0,3,54
2021-10-14,1319,9,5,3397,147869,2,5,57
2021-10-15,1319,14,3,3408,147869,1,2,58
2021-10-18,1319,24,14,3418,147869,13,0,45
2021-10-19,1319,81,252,3245,147869,6,7,46
2021-10-20,1319,25,20,3250,147869,28,64,82
2021-10-21,1319,137,45,3341,147869,62,58,78
2021-10-22,1319,30,7,3364,147869,14,2,66
2021-10-25,1319,41,6,3399,147869,2,0,64
2021-10-26,1319,29,14,3414,147869,6,0,58
2021-10-27,1319,17,10,3421,147869,0,0,58
2021-10-28,1319,9,13,3417,147869,0,0,58
2021-10-29,1319,24,36,3405,147869,0,0,58
2021-11-01,1319,26,8,3423,147869,1,1,58
2021-11-02,1319,15,8,3430,147869,0,1,59
2021-11-03,1319,34,45,3417,147869,6,0,53
2021-11-04,1319,49,17,3449,147869,1,2,54
2021-11-05,1319,24,36,3415,147869,0,2,56
2021-11-08,1319,29,3,3441,147869,0,0,56
2021-11-09,1319,15,37,3419,147869,0,0,56
2021-11-10,1319,29,7,3432,147869,0,0,56
2021-11-11,1319,18,8,3442,147869,0,0,56
2021-11-12,1319,23,21,3444,147869,0,0,56
2021-11-15,1319,9,9,3444,147869,1,0,55
2021-11-16,1319,19,50,3413,147869,0,0,55
2021-11-17,1319,11,14,3408,147869,46,0,9
2021-11-18,1319,7,9,3406,147869,0,0,9
2021-11-19,1319,12,7,3410,147869,1,4,12
2021-11-22,1319,7,9,3408,147869,3,10,19
2021-11-23,1319,25,7,3426,147869,0,0,19
2021-11-24,1319,55,27,3451,147869,2,2,19
2021-11-25,1319,6,9,3448,147869,1,15,33
2021-11-26,1319,18,54,3412,147869,0,27,60
2021-11-29,1319,21,14,3419,147869,4,4,60
2021-11-30,1319,11,13,3417,147869,0,2,62
2021-12-01,1319,52,35,3426,147869,0,50,112
2021-12-02,1319,15,7,3431,147869,42,0,70
2021-12-03,1319,15,26,3420,147869,11,0,59
2021-12-06,1319,3,2,3421,147869,0,0,59
2021-12-07,1319,4,12,3408,147869,2,0,57
2021-12-08,1319,27,78,3347,147869,0,0,57
2021-12-09,1319,54,8,3393,147869,0,0,57
2021-12-10,1319,18,7,3399,147869,0,0,57
2021-12-13,1319,246,6,3639,147869,0,1,58
2021-12-14,1319,23,2,3665,147869,0,3,61
2021-12-15,1319,28,4,3689,147869,0,0,61
2021-12-16,1319,5,3,3671,147869,0,0,61
2021-12-17,1319,5,4,3672,147869,0,0,61
2021-12-20,1319,23,5,3690,147869,0,0,61
2021-12-21,1319,7,2,3688,147869,0,1,62
2021-12-22,1319,54,12,3730,147869,3,0,59
2021-12-23,1319,19,6,3743,147869,0,0,59
2021-12-24,1319,8,19,3732,147869,0,0,59
2021-12-27,1319,2,21,3713,147869,1,0,58
2021-12-28,1319,9,21,3701,147869,0,1,59
2021-12-29,1319,0,123,3568,147869,1,0,58
2021-12-30,1319,6,71,3503,147869,2,0,56
2022-01-03,1319,7,14,3493,147869,1,0,55
2022-01-04,1319,12,12,3493,147869,0,1,56
2022-01-05,1319,18,13,3495,147869,0,0,56
2022-01-06,1319,28,2,3521,147869,0,1,57
2022-01-07,1319,21,7,3335,147869,1,0,56
2022-01-10,1319,15,4,3338,147869,1,0,55
2022-01-11,1319,12,12,3337,147869,0,0,55
2022-01-12,1319,11,2,3346,147869,0,0,55
2022-01-13,1319,7,4,3340,147869,0,1,56
2022-01-14,1319,6,4,3342,147869,1,0,55
2022-01-17,1319,38,33,3327,147869,0,9,64
2022-01-18,1319,34,2,3359,147869,1,3,66
2022-01-19,1319,29,44,3344,147869,0,8,74
2022-01-20,1319,5,11,3338,147869,2,4,76
2022-01-21,1319,15,15,3337,147869,0,0,76
2022-01-24,1319,47,48,3333,147869,2,1,75
2022-01-25,1319,22,24,3331,147869,0,0,75
2022-01-26,1319,51,14,3368,147869,1,4,78
2022-02-07,1319,19,65,3318,147869,1,1,78
2022-02-08,1319,18,45,3291,147869,0,4,82
2022-02-09,1319,16,18,3289,147869,1,5,86
2022-02-10,1319,20,4,3305,147869,0,0,86
2022-02-11,1319,3,6,3302,147869,0,0,86
2022-02-14,1319,10,19,3291,147869,2,8,92
2022-02-15,1319,1,6,3285,147869,0,0,92
2022-02-16,1319,2,7,3276,147869,2,1,91
2022-02-17,1319,11,35,3252,147869,1,0,90
2022-02-18,1319,8,32,3228,147869,0,0,90
2022-02-21,1319,34,30,3232,147869,0,0,90
2022-02-22,1319,59,49,3242,147869,0,0,90
2022-02-23,1319,15,9,3248,147869,0,1,91
2022-02-24,1319,61,20,3289,147869,2,0,89
2022-02-25,1319,42,2,3279,147869,0,4,43
2022-03-01,1319,2,11,3270,147869,0,0,43
2022-03-02,1319,2,14,3258,147869,0,1,44
2022-03-03,1319,6,2,3260,147869,0,0,44
2022-03-04,1319,16,21,3225,147869,0,0,44
2022-03-07,1319,38,19,3244,147869,0,0,44
2022-03-08,1319,64,14,3294,147869,1,4,47
2022-03-09,1319,25,0,3319,147869,3,0,44
2022-03-10,1319,48,21,3346,147869,2,5,47
2022-03-11,1319,3,10,3338,147869,8,10,49
2022-03-14,1319,10,3,3345,147869,0,1,50
2022-03-15,1319,21,29,3337,147869,0,0,50
2022-03-16,1319,37,58,3316,147869,11,0,39
2022-03-17,1319,6,81,3241,147869,0,28,67
2022-03-18,1319,31,37,3235,147869,2,0,65
2022-03-21,1319,5,50,3190,147869,1,9,73
2022-03-22,1319,1,3,3188,147869,0,0,73
2022-03-23,1319,9,39,3136,147869,0,0,73
2022-03-24,1319,25,5,3148,147869,6,3,70
2022-03-25,1319,34,2,3180,147869,1,1,70
2022-03-28,1319,44,22,3202,147869,32,0,38
2022-03-29,1319,79,29,3250,147869,0,0,38
2022-03-30,1319,12,52,3208,147869,1,1,14
2022-03-31,1319,35,45,3198,147869,0,0,12
2022-04-01,1319,23,6,3215,147869,0,1,13
2022-04-06,1319,5,62,3156,147869,3,0,10
2022-04-07,1319,20,15,3158,147869,1,0,9
2022-04-08,1319,16,37,3137,147869,4,0,5
2022-04-11,1319,29,37,3124,147869,4,0,0
2022-04-12,1319,41,6,3156,147869,0,0,0
2022-04-13,1319,17,10,3153,147869,0,0,0
2022-04-14,1319,10,67,3096,147869,0,0,0
2022-04-15,1319,50,29,3117,147869,0,1,1
2022-04-18,1319,201,54,3255,147869,0,0,1
2022-04-19,1319,56,23,3287,147869,0,0,1
2022-04-20,1319,121,78,3323,147869,0,3,4
2022-04-21,1319,214,132,3404,147869,0,1,5
2022-04-22,1319,37,85,3354,147869,0,0,5
2022-04-25,1319,48,38,3362,147869,0,2,7
2022-04-26,1319,28,21,3368,147869,0,1,8
2022-04-27,1319,25,147,3246,147869,1,1,8
2022-04-28,1319,31,14,3263,147869,0,3,11
2022-04-29,1319,11,24,3250,147869,1,1,11
2022-05-03,1319,34,155,3129,147869,1,7,17
2022-05-04,1319,7,28,3108,147869,0,1,18
2022-05-05,1319,22,160,2970,147869,0,0,18
2022-05-06,1319,3,96,2877,147869,1,1,18
2022-05-09,1319,35,258,2653,147869,10,0,8
2022-05-10,1319,35,6,2682,147869,2,1,7
2022-05-11,1319,24,37,2665,147869,4,0,3
2022-05-12,1319,21,29,2657,147869,0,0,3
2022-05-13,1319,120,50,2727,147869,0,0,3
2022-05-16,1319,51,43,2731,147869,1,1,3
2022-05-17,1319,704,292,3135,147869,0,76,79
2022-05-18,1319,640,353,3420,147869,68,53,64
2022-05-19,1319,434,445,3407,147869,8,69,125
2022-05-20,1319,1456,480,4379,147869,22,247,350
2022-05-23,1319,1076,801,4652,147869,72,210,488
2022-05-24,1319,327,860,4107,147869,127,60,421
2022-05-25,1319,796,416,4480,147869,32,29,416
2022-05-26,1319,644,405,4716,147869,84,55,387
2022-05-27,1319,241,541,4407,147869,60,35,362
2022-05-30,1319,2851,678,6575,147869,46,88,404
2022-05-31,1319,649,964,6257,147869,42,106,468
2022-06-01,1319,442,1348,5351,147869,25,26,469
2022-06-02,1319,661,1352,4660,147869,45,44,468
2022-06-06,1319,1078,1478,4258,147869,131,32,369
2022-06-07,1319,1910,667,5495,147869,23,63,409
2022-06-08,1319,1630,667,6457,147869,38,80,450
2022-06-09,1319,1089,317,7229,147869,83,32,399
2022-06-10,1319,407,438,7198,147869,87,16,328
2022-06-13,1319,937,953,7182,147869,34,38,332
2022-06-14,1319,802,1075,6909,147869,86,327,565
2022-06-15,1319,1431,834,7495,147869,106,152,611
2022-06-16,1319,1663,1207,7946,147869,107,150,654
2022-06-17,1319,2008,642,9309,147869,637,0,6
2022-06-20,1319,1563,1260,9606,147869,0,0,0
2022-06-21,1319,1190,1245,9542,147869,0,0,0
2022-06-22,1319,1784,1046,10280,147869,0,0,0
2022-06-23,1319,938,1693,9525,147869,0,540,540
2022-06-24,1319,1081,616,9990,147869,41,364,863
2022-06-27,1319,695,784,9901,147869,147,194,910
2022-06-28,1319,911,1208,9604,147869,86,573,1397
2022-06-29,1319,1450,1494,9560,147869,54,866,2209
2022-06-30,1319,2852,1565,10847,147869,619,257,1847
2022-07-01,1319,1442,1913,10346,147869,947,338,1208
2022-07-04,1319,797,409,10733,147869,313,945,1840
2022-07-05,1319,1122,766,11089,147869,171,557,2226
2022-07-06,1319,523,836,10772,147869,215,370,2381
2022-07-07,1319,2895,1947,11720,147869,200,993,3174
2022-07-08,1319,1805,2330,11195,147869,153,463,3483
2022-07-11,1319,947,401,11741,147869,168,206,3521
2022-07-12,1319,418,713,11446,147869,358,454,3617
2022-07-13,1319,587,669,11364,147869,310,276,3583
2022-07-14,1319,981,533,11812,147869,573,396,3406
2022-07-15,1319,3267,1775,13304,147869,281,1008,4133
2022-07-18,1319,4689,2323,15670,147869,708,134,3559
2022-07-19,1319,1311,1076,15905,147869,442,1703,4580
2022-07-20,1319,731,1521,15115,147869,325,634,4889
2022-07-21,1319,515,463,15155,147869,613,285,4561
2022-07-22,1319,1188,1748,14595,147869,673,440,4328
2022-07-25,1319,308,1331,13572,147869,261,201,4268
2022-07-26,1319,333,368,13535,147869,107,114,4273
2022-07-27,1319,304,433,13406,147869,298,78,4053
2022-07-28,1319,827,547,13686,147869,78,86,4061
2022-07-29,1319,617,1861,12442,147869,191,336,4206
2022-08-01,1319,684,1012,12114,147869,90,34,4150
2022-08-02,1319,578,1511,11181,147869,125,69,4094
2022-08-03,1319,1377,541,12017,147869,522,561,4132
2022-08-04,1319,231,801,11447,147869,123,642,4651
2022-08-05,1319,1019,163,12303,147869,135,167,4683
2022-08-08,1319,434,428,12308,147869,184,204,4702
2022-08-09,1319,1463,2380,11391,147869,694,512,4520
2022-08-10,1319,2484,571,13239,147869,504,119,4135
2022-08-11,1319,1394,573,14060,147869,696,117,3555
2022-08-12,1319,397,719,13738,147869,219,197,3533
2022-08-15,1319,388,907,13219,147869,141,601,3993
2022-08-16,1319,857,2281,11794,147869,185,138,3945
2022-08-17,1319,750,2463,10081,147869,36,345,4254
2022-08-18,1319,1424,1173,10329,147869,334,311,4228
2022-08-19,1319,1417,902,10840,147869,119,42,4150
2022-08-22,1319,428,357,10895,147869,304,40,3886
2022-08-23,1319,402,442,10855,147869,118,141,3909
2022-08-24,1319,254,480,10629,147869,66,30,3873
2022-08-25,1319,447,692,10384,147869,29,58,3902
2022-08-26,1319,1393,1298,10480,147869,204,48,3746
2022-08-29,1319,853,840,10493,147869,334,25,3437
2022-08-30,1319,557,534,10516,147869,24,199,3612
2022-08-31,1319,884,994,10406,147869,128,162,3646
2022-09-01,1319,389,934,9861,147869,47,102,3701
2022-09-02,1319,588,503,9946,147869,48,15,3668
2022-09-05,1319,832,480,10298,147869,246,119,3541
2022-09-06,1319,626,254,10670,147869,81,76,3536
2022-09-07,1319,373,301,10742,147869,25,89,3600
2022-09-08,1319,543,1336,9949,147869,30,248,3818
2022-09-12,1319,1648,373,11224,147869,181,62,3699
2022-09-13,1319,295,812,10707,147869,72,43,3670
2022-09-14,1319,773,599,10881,147869,127,110,3653
2022-09-15,1319,1551,773,11659,147869,31,28,3650
2022-09-16,1319,1197,1125,11731,147869,82,61,3629
2022-09-19,1319,332,482,11581,147869,93,32,3568
2022-09-20,1319,258,1755,10084,147869,9,106,3665
2022-09-21,1319,200,103,10179,147869,77,27,3615
2022-09-22,1319,259,440,9988,147869,17,81,3679
2022-09-23,1319,814,459,10343,147869,275,58,3462
2022-09-26,1319,490,612,10221,147869,281,178,3359
2022-09-27,1319,519,959,9781,147869,243,72,3188
2022-09-28,1319,638,336,10083,147869,431,167,2924
2022-09-29,1319,115,141,10057,147869,75,265,3114
2022-09-30,1319,363,468,9952,147869,843,232,2503
2022-10-03,1319,336,228,10060,147869,120,84,2467
2022-10-04,1319,241,356,9945,147869,141,12,2338
2022-10-05,1319,192,140,9997,147869,32,201,2507
2022-10-06,1319,315,148,10164,147869,40,29,2496
2022-10-07,1319,920,253,10831,147869,208,34,2322
2022-10-11,1319,210,540,10499,147869,217,88,2193
2022-10-12,1319,147,226,10420,147869,231,177,2139
2022-10-13,1319,530,1688,9262,147869,345,412,2206
2022-10-14,1319,464,865,8861,147869,70,305,2441
2022-10-17,1319,212,175,8895,147869,202,81,2317
2022-10-18,1319,119,321,8692,147869,99,53,2271
2022-10-19,1319,136,163,8665,147869,29,22,2264
2022-10-20,1319,405,109,8961,147869,215,108,2157
2022-10-21,1319,76,207,8830,147869,181,132,2108
2022-10-24,1319,70,224,8676,147869,72,48,2084
2022-10-25,1319,95,145,8626,147869,107,137,2114
2022-10-26,1319,71,336,8361,147869,292,55,1877
2022-10-27,1319,56,138,8261,147869,197,23,1703
2022-10-28,1319,128,103,8286,147869,136,74,1641
2022-10-31,1319,101,120,8266,147869,227,28,1442
2022-11-01,1319,95,493,7868,147869,149,40,1333
2022-11-02,1319,253,136,7985,147869,160,3,1176
2022-11-03,1319,112,149,7948,147869,78,8,1106
2022-11-04,1319,209,119,8038,147869,32,5,1079
2022-11-07,1319,245,176,8107,147869,119,4,964
2022-11-08,1319,689,449,8347,147869,34,32,962
2022-11-09,1319,1066,209,9204,147869,122,149,989
2022-11-10,1319,1467,672,9999,147869,165,387,1211
2022-11-11,1319,273,642,9630,147869,165,246,1292
2022-11-14,1319,200,764,9064,147869,104,36,1224
2022-11-15,1319,178,338,8904,147869,59,40,1205
2022-11-16,1319,1439,1665,8677,147869,381,77,901
2022-11-17,1319,566,1411,7832,147869,40,54,915
2022-11-18,1319,821,957,7696,147869,49,22,888
2022-11-21,1319,294,426,7564,147869,59,13,842
2022-11-22,1319,447,287,7720,147869,68,10,784
2022-11-23,1319,295,439,7576,147869,13,6,777
2022-11-24,1319,442,380,7637,147869,23,12,766
2022-11-25,1319,187,307,7517,147869,34,5,737
2022-11-28,1319,234,709,7035,147869,20,54,770
2022-11-29,1319,2923,1915,8043,147869,93,150,827
2022-11-30,1319,1386,1355,8072,147869,43,72,706
2022-12-01,1319,1334,1999,7406,147869,71,87,722
2022-12-02,1319,969,957,7418,147869,121,28,629
2022-12-05,1319,483,652,7249,147869,32,23,620
2022-12-06,1319,634,716,7167,147869,30,77,667
2022-12-07,1319,666,731,7102,147869,66,8,609
2022-12-08,1319,299,324,7077,147869,8,105,706
2022-12-09,1319,261,298,7038,147869,66,41,681
2022-12-12,1319,84,118,7004,147869,10,0,671
2022-12-13,1319,190,168,7026,147869,11,1,661
2022-12-14,1319,454,833,6647,147869,5,102,758
2022-12-15,1319,379,700,6326,147869,22,16,752
2022-12-16,1319,1946,687,7585,147869,263,125,614
2022-12-19,1319,1202,437,8350,147869,72,0,542
2022-12-20,1319,258,412,8194,147869,28,46,560
2022-12-21,1319,508,410,8291,147869,41,81,600
2022-12-22,1319,415,98,8603,147869,40,26,586
2022-12-23,1319,143,215,8553,147869,226,13,373
2022-12-26,1319,320,274,8599,147869,51,12,334
2022-12-27,1319,438,250,8780,147869,3,8,339
2022-12-28,1319,1215,1123,8870,147869,43,137,433
2022-12-29,1319,627,422,9075,147869,146,109,396
2022-12-30,1319,280,1015,8340,147869,80,78,394
2023-01-03,1319,549,254,8623,147869,23,21,392
2023-01-04,1319,429,244,8808,147869,4,16,404
2023-01-05,1319,611,349,9070,147869,44,35,395
2023-01-06,1319,310,513,8856,147869,25,47,417
2023-01-09,1319,540,600,8795,147869,66,17,368
2023-01-10,1319,165,352,8595,147869,5,28,391
2023-01-11,1319,129,96,8628,147869,52,7,346
2023-01-12,1319,137,150,8615,147869,19,16,343
2023-01-13,1319,72,237,8448,147869,31,11,323
2023-01-16,1319,33,306,8174,147869,23,14,314
2023-01-17,1319,162,141,8172,147869,9,16,321
2023-01-30,1319,298,427,8034,147869,41,37,317
2023-01-31,1319,163,636,7561,147869,9,12,320
2023-02-01,1319,198,230,7529,147869,18,11,313
2023-02-02,1319,196,396,7329,147869,8,21,326
2023-02-03,1319,396,261,7464,147869,24,2,304
2023-02-06,1319,63,97,7430,147869,0,9,313
2023-02-07,1319,81,78,7433,147869,1,1,313
2023-02-08,1319,278,142,7569,147869,7,3,309
2023-02-09,1319,60,109,7520,147869,6,5,288
2023-02-10,1319,295,84,7731,147869,13,3,278
2023-02-13,1319,20,172,7579,147869,6,2,274
2023-02-14,1319,98,107,7570,147869,0,6,280
2023-02-15,1319,56,170,7456,147869,13,2,269
2023-02-16,1319,210,106,7557,147869,10,3,262
2023-02-17,1319,160,227,7491,147869,1,3,264
2023-02-20,1319,159,168,7482,147869,1,0,263
2023-02-21,1319,139,247,7354,147869,2,20,281
2023-02-22,1319,237,377,7214,147869,64,5,222
2023-02-23,1319,76,181,7095,147869,1,7,228
2023-02-24,1319,143,71,7147,147869,2,0,226
2023-03-01,1319,421,145,7423,147869,50,4,180
2023-03-02,1319,38,164,7297,147869,7,6,179
2023-03-03,1319,51,107,7239,147869,2,8,185
2023-03-06,1319,236,243,7223,147869,1,7,191
2023-03-07,1319,90,138,7175,147869,4,12,199
2023-03-08,1319,510,407,7278,147869,28,9,180
2023-03-09,1319,607,717,7168,147869,6,17,190
2023-03-10,1319,1038,685,7520,147869,3,31,218
2023-03-13,1319,480,1000,7000,147869,61,12,169
2023-03-14,1319,116,171,6945,147869,32,8,145
2023-03-15,1319,219,352,6812,147869,11,22,156
2023-03-16,1319,350,359,6803,147869,4,18,170
2023-03-17,1319,512,100,7215,147869,29,2,143
2023-03-20,1319,86,62,7239,147869,2,1,142
2023-03-21,1319,367,427,7179,147869,8,1,135
2023-03-22,1319,168,239,7108,147869,0,3,138
2023-03-23,1319,2073,1093,8083,147869,17,69,190
2023-03-24,1319,1065,874,8274,147869,16,21,195
2023-03-27,1319,594,760,8108,147869,3,0,192
2023-03-28,1319,133,319,7922,147869,68,0,124
2023-03-29,1319,92,528,7486,147869,0,2,126
2023-03-30,1319,149,153,7482,147869,11,1,116
2023-03-31,1319,107,146,7425,147869,2,0,114
2023-04-06,1319,164,159,7430,147869,21,1,94
2023-04-07,1319,112,674,6868,147869,2,3,95
2023-04-10,1319,299,85,7082,147869,2,1,94
2023-04-11,1319,211,392,6901,147869,8,0,86
2023-04-12,1319,801,879,6823,147869,40,12,58
2023-04-13,1319,205,428,6598,147869,58,0,0
2023-04-14,1319,405,486,6505,147869,0,0,0
2023-04-17,1319,497,944,6058,147869,0,0,0
2023-04-18,1319,524,676,5906,147869,0,0,0
2023-04-19,1319,292,346,5852,147869,0,9,9
2023-04-20,1319,367,342,5877,147869,1,1,9
2023-04-21,1319,248,272,5850,147869,0,7,16
2023-04-24,1319,76,204,5722,147869,1,29,44
2023-04-25,1319,171,191,5702,147869,19,11,36
2023-04-26,1319,47,60,5689,147869,0,6,42
2023-04-27,1319,90,384,5395,147869,0,15,57
2023-04-28,1319,127,142,5380,147869,18,0,39
2023-05-02,1319,74,198,5256,147869,0,2,41
2023-05-03,1319,324,294,5286,147869,0,15,56
2023-05-04,1319,619,381,5524,147869,10,11,57
2023-05-05,1319,256,690,5090,147869,3,50,104
2023-05-08,1319,779,316,5520,147869,43,10,71
2023-05-09,1319,216,172,5564,147869,9,3,65
2023-05-10,1319,127,85,5606,147869,4,6,67
2023-05-11,1319,273,196,5683,147869,25,0,42
2023-05-12,1319,115,74,5723,147869,6,4,40
2023-05-15,1319,107,100,5730,147869,13,9,36
2023-05-16,1319,176,123,5783,147869,9,1,28
2023-05-17,1319,761,745,5799,147869,4,42,66
2023-05-18,1319,780,704,5873,147869,13,3,56
2023-05-19,1319,372,379,5864,147869,11,5,50
2023-05-22,1319,451,762,5553,147869,3,14,61
2023-05-23,1319,722,466,5809,147869,10,13,64
2023-05-24,1319,103,209,5703,147869,1,0,63
2023-05-25,1319,363,152,5914,147869,11,31,83
2023-05-26,1319,115,97,5932,147869,0,1,84
2023-05-29,1319,194,227,5899,147869,1,0,83
2023-05-30,1319,76,165,5805,147869,2,6,87
2023-05-31,1319,181,68,5918,147869,44,0,43
2023-06-01,1319,184,163,5929,147869,2,0,41
2023-06-02,1319,365,671,5623,147869,6,0,35
2023-06-05,1319,532,873,5282,147869,4,2,33
2023-06-06,1319,561,341,5502,147869,2,2,33
2023-06-07,1319,251,177,5576,147869,7,1,27
2023-06-08,1319,504,814,5266,147869,0,4,31
2023-06-09,1319,388,205,5448,147869,1,0,30
2023-06-12,1319,137,224,5361,147869,2,0,28
2023-06-13,1319,1052,811,5602,147869,5,19,42
2023-06-14,1319,1153,704,6051,147869,25,22,39
2023-06-15,1319,847,629,6269,147869,2,31,68
2023-06-16,1319,886,1191,5964,147869,66,0,1
2023-06-19,1319,397,506,5855,147869,0,0,0
2023-06-20,1319,1573,976,6452,147869,0,0,0
2023-06-21,1319,826,1131,6147,147869,0,0,0
2023-06-26,1319,827,530,6444,147869,0,11,11
2023-06-27,1319,386,567,6263,147869,8,5,8
2023-06-28,1319,143,210,6196,147869,1,5,12
2023-06-29,1319,165,311,6050,147869,1,10,21
2023-06-30,1319,284,161,6173,147869,5,3,19
2023-07-03,1319,233,207,6199,147869,3,0,16
2023-07-04,1319,195,241,6153,147869,2,1,15
2023-07-05,1319,202,219,6136,147869,0,3,18
2023-07-06,1319,229,276,6089,147869,2,0,16
2023-07-07,1319,117,242,5963,147869,4,2,14
2023-07-10,1319,273,121,6115,147869,2,2,14
2023-07-11,1319,169,90,6194,147869,0,1,15
2023-07-12,1319,325,231,6288,147869,0,2,17
2023-07-13,1319,1057,1171,6174,147869,2,18,33
2023-07-14,1319,745,192,6727,147869,9,10,34
2023-07-17,1319,244,557,6414,147869,0,1,35
2023-07-18,1319,678,862,6228,147869,0,24,59
2023-07-19,1319,598,395,6431,147869,29,0,30
2023-07-20,1319,78,127,6382,147869,3,5,32
2023-07-21,1319,189,417,6154,147869,1,3,34
2023-07-24,1319,198,157,6185,147869,8,5,31
2023-07-25,1319,393,726,5852,147869,5,12,38
2023-07-26,1319,403,530,5725,147869,2,20,56
2023-07-27,1319,785,1013,5497,147869,2,24,78
2023-07-28,1319,1673,1563,5592,147869,2,212,288
2023-07-31,1319,1175,1172,5595,147869,77,30,241
2023-08-01,1319,592,509,5678,147869,30,29,240
2023-08-02,1319,682,687,5661,147869,55,15,200
2023-08-04,1319,462,373,5744,147869,85,6,121
2023-08-07,1319,259,360,5643,147869,27,47,141
2023-08-08,1319,610,205,6048,147869,2,3,142
2023-08-09,1319,280,550,5778,147869,2,5,145
2023-08-10,1319,553,304,6027,147869,11,12,146
2023-08-11,1319,228,301,5953,147869,13,18,151
2023-08-14,1319,484,621,5816,147869,23,9,137
2023-08-15,1319,1257,1136,5937,147869,3,43,177
2023-08-16,1319,673,345,6265,147869,7,16,186
2023-08-17,1319,381,813,5833,147869,31,4,159
2023-08-18,1319,1088,764,6157,147869,10,19,168
2023-08-21,1319,96,578,5675,147869,5,17,180
2023-08-22,1319,260,202,5733,147869,11,0,169
2023-08-23,1319,354,172,5915,147869,2,10,177
2023-08-24,1319,351,403,5863,147869,34,17,160
2023-08-25,1319,287,509,5641,147869,2,20,178
2023-08-28,1319,246,291,5596,147869,10,4,172
2023-08-29,1319,943,636,5903,147869,2,64,233
2023-08-30,1319,3744,1381,8266,147869,5,159,387
2023-08-31,1319,2758,2374,8650,147869,29,75,433
2023-09-01,1319,492,922,8220,147869,62,10,381
2023-09-04,1319,898,1436,7682,147869,11,127,497
2023-09-05,1319,474,641,7515,147869,38,31,490
2023-09-06,1319,447,773,7189,147869,15,7,482
2023-09-07,1319,536,1161,6564,147869,26,35,491
2023-09-08,1319,1692,1818,6438,147869,9,151,633
2023-09-11,1319,2098,1283,7253,147869,17,164,780
2023-09-12,1319,1641,1246,7648,147869,22,239,997
2023-09-13,1319,2565,2262,7951,147869,72,240,1165
2023-09-14,1319,2223,1440,8734,147869,117,137,1185
2023-09-15,1319,1290,1306,8718,147869,353,63,895
2023-09-18,1319,879,1093,8504,147869,33,172,1034
2023-09-19,1319,1782,2228,8058,147869,63,489,1460
2023-09-20,1319,1134,1467,7725,147869,371,54,1143
2023-09-21,1319,702,473,7954,147869,64,71,1150
2023-09-22,1319,926,754,8125,147869,66,92,1175
2023-09-25,1319,555,679,8001,147869,51,93,1217
2023-09-26,1319,798,523,8276,147869,55,59,1221
2023-09-27,1319,265,690,7851,147869,115,100,1205
2023-09-28,1319,452,816,7487,147869,153,28,1080
2023-10-02,1319,495,931,7051,147869,225,58,912
2023-10-03,1319,288,378,6961,147869,20,56,948
2023-10-04,1319,413,124,7250,147869,98,20,870
2023-10-05,1319,1317,836,7731,147869,36,70,904
2023-10-06,1319,514,507,7732,147869,33,19,889
2023-10-11,1319,421,588,7561,147869,52,138,975
2023-10-12,1319,3273,1760,9074,147869,58,452,1369
2023-10-13,1319,1435,2031,8478,147869,230,93,1232
2023-10-16,1319,526,968,8035,147869,65,25,1192
2023-10-17,1319,1052,680,8407,147869,71,88,1209
2023-10-18,1319,432,382,8456,147869,131,46,1123
2023-10-19,1319,565,1518,7498,147869,147,28,1004
2023-10-20,1319,675,1822,6351,147869,135,304,1173
2023-10-23,1319,143,422,6072,147869,202,112,1083
2023-10-24,1319,286,241,6117,147869,71,27,1039
2023-10-25,1319,210,223,6104,147869,60,19,998
2023-10-26,1319,273,311,6040,147869,150,39,887
2023-10-27,1319,121,394,5767,147869,28,47,906
2023-10-30,1319,351,415,5701,147869,86,45,865
2023-10-31,1319,252,360,5593,147869,126,38,777
2023-11-01,1319,273,119,5746,147869,111,69,735
2023-11-02,1319,525,344,5927,147869,43,101,793
2023-11-03,1319,275,231,5971,147869,34,16,775
2023-11-06,1319,151,151,5971,147869,4,53,824
2023-11-07,1319,752,383,6339,147869,27,98,895
2023-11-08,1319,574,571,6342,147869,14,66,947
2023-11-09,1319,815,431,6726,147869,43,63,967
2023-11-10,1319,335,385,6676,147869,89,36,914
2023-11-13,1319,168,225,6619,147869,18,28,924
2023-11-14,1319,164,120,6663,147869,14,37,947
2023-11-15,1319,306,353,6615,147869,29,13,931
2023-11-16,1319,326,168,6773,147869,8,48,971
2023-11-17,1319,316,292,6797,147869,61,43,953
2023-11-20,1319,312,277,6832,147869,23,5,935
2023-11-21,1319,161,159,6834,147869,37,11,909
2023-11-22,1319,462,464,6832,147869,66,26,869
2023-11-23,1319,325,546,6609,147869,47,13,835
2023-11-24,1319,235,129,6715,147869,72,10,773
2023-11-27,1319,150,222,6643,147869,50,11,734
2023-11-28,1319,367,523,6487,147869,32,34,736
2023-11-29,1319,766,205,7048,147869,15,8,729
2023-11-30,1319,234,343,6939,147869,29,38,738
2023-12-01,1319,188,601,6526,147869,14,53,777
2023-12-04,1319,556,445,6637,147869,10,26,793
2023-12-05,1319,1586,1566,6657,147869,16,161,938
2023-12-06,1319,2700,1946,7411,147869,24,165,1079
2023-12-07,1319,1289,2296,6404,147869,100,28,1004
2023-12-08,1319,773,549,6626,147869,50,30,984
2023-12-11,1319,1020,662,6984,147869,14,51,1021
2023-12-12,1319,487,1031,6440,147869,35,25,1011
2023-12-13,1319,444,417,6467,147869,12,10,1008
2023-12-14,1319,176,698,5945,147869,11,21,1018
2023-12-15,1319,1282,886,6340,147869,69,42,991
2023-12-18,1319,1473,1909,5904,147869,248,31,774
2023-12-19,1319,505,621,5787,147869,96,30,708
2023-12-20,1319,284,74,5997,147869,22,4,690
2023-12-21,1319,538,160,6375,147869,40,24,674
2023-12-22,1319,238,172,6441,147869,30,10,654
2023-12-25,1319,153,43,6551,147869,26,10,638
2023-12-26,1319,248,69,6730,147869,62,6,582
2023-12-27,1319,127,66,6791,147869,12,0,570
2023-12-28,1319,347,128,7010,147869,16,7,561
2023-12-29,1319,254,151,7113,147869,6,15,570
2024-01-02,1319,612,265,7460,147869,50,6,526
2024-01-03,1319,327,278,7509,147869,8,33,551
2024-01-04,1319,248,150,7607,147869,22,16,545
2024-01-05,1319,86,179,7514,147869,5,5,545
2024-01-08,1319,201,201,7514,147869,5,3,543
2024-01-09,1319,147,190,7468,147869,9,8,542
2024-01-10,1319,253,352,7369,147869,22,27,547
2024-01-11,1319,53,177,7245,147869,27,8,528
2024-01-12,1319,189,37,7395,147869,7,11,532
2024-01-15,1319,115,249,7261,147869,2,6,536
2024-01-16,1319,579,385,7455,147869,18,74,592
2024-01-17,1319,161,245,7371,147869,27,8,573
2024-01-18,1319,172,439,7104,147869,6,27,594
2024-01-19,1319,265,145,7223,147869,32,27,589
2024-01-22,1319,282,98,7407,147869,98,6,497
2024-01-23,1319,1065,980,7492,147869,7,87,577
2024-01-24,1319,358,1308,6542,147869,5,106,678
2024-01-25,1319,1184,2384,5342,147869,7,419,1089
2024-01-26,1319,644,1137,4849,147869,70,48,1067
2024-01-29,1319,237,514,4572,147869,30,59,1096
2024-01-30,1319,159,694,4037,147869,141,11,966
2024-01-31,1319,268,645,3660,147869,140,119,945
2024-02-01,1319,197,118,3739,147869,23,12,934
2024-02-02,1319,182,327,3593,147869,104,13,843
2024-02-05,1319,203,301,3489,147869,42,49,850
2024-02-15,1319,623,673,3439,147869,42,93,901
2024-02-16,1319,753,620,3571,147869,55,49,895
2024-02-19,1319,282,504,3349,147869,3,48,940
2024-02-20,1319,391,644,3096,147869,57,32,915
2024-02-21,1319,395,217,3272,147869,22,28,919
2024-02-22,1319,463,488,3247,147869,6,69,982
2024-02-23,1319,605,571,3281,147869,57,10,935
2024-02-26,1319,350,403,3228,147869,20,30,945
2024-02-27,1319,1607,743,4092,147869,20,93,1018
2024-02-29,1319,558,557,4093,147869,34,83,1067
2024-03-01,1319,372,640,3825,147869,27,82,1122
2024-03-04,1319,315,343,3797,147869,17,10,1115
2024-03-05,1319,281,243,3835,147869,8,13,1120
2024-03-06,1319,369,492,3712,147869,73,43,1090
2024-03-07,1319,306,562,3456,147869,93,15,1012
2024-03-08,1319,194,592,3058,147869,148,38,902
2024-03-11,1319,368,255,3171,147869,13,24,913
2024-03-12,1319,1481,700,3952,147869,29,259,1143
2024-03-13,1319,1307,1199,4060,147869,108,257,1292
2024-03-14,1319,1079,492,4647,147869,96,28,1224
2024-03-15,1319,529,1006,4169,147869,87,57,1194
2024-03-18,1319,1448,678,4939,147869,147,153,1200
2024-03-19,1319,701,741,4899,147869,46,374,1528
2024-03-20,1319,961,1132,4728,147869,458,27,1096
2024-03-21,1319,431,794,4365,147869,99,94,1091
2024-03-22,1319,306,426,4245,147869,118,7,980
2024-03-25,1319,1194,161,5278,147869,16,16,980
2024-03-26,1319,210,465,5023,147869,58,37,959
2024-03-27,1319,692,468,5247,147869,39,142,1062
2024-03-28,1319,731,1073,4905,147869,86,29,995
2024-03-29,1319,264,1226,3941,147869,49,98,1044
2024-04-01,1319,227,415,3753,147869,75,24,993
2024-04-02,1319,463,344,3872,147869,36,4,961
2024-04-03,1319,200,183,3889,147869,82,2,881
2024-04-08,1319,96,133,3852,147869,22,5,864
2024-04-09,1319,83,280,3655,147869,34,3,824
2024-04-10,1319,79,138,3596,147869,72,11,763
2024-04-11,1319,273,232,3635,147869,178,34,616
2024-04-12,1319,836,868,3593,147869,498,0,108
2024-04-15,1319,165,500,3257,147869,0,0,0
2024-04-16,1319,268,263,3262,147869,0,0,0
2024-04-17,1319,284,625,2919,147869,0,0,0
2024-04-18,1319,216,538,2597,147869,0,14,14
2024-04-19,1319,148,313,2432,147869,9,11,16
2024-04-22,1319,49,292,2189,147869,4,13,25
2024-04-23,1319,85,73,2201,147869,8,208,225
2024-04-24,1319,249,84,2366,147869,33,54,246
2024-04-25,1319,51,92,2325,147869,2,20,264
2024-04-26,1319,134,66,2393,147869,21,3,246
2024-04-29,1319,123,218,2298,147869,11,21,256
2024-04-30,1319,132,38,2367,147869,9,2,249
2024-05-02,1319,89,158,2298,147869,2,61,308
2024-05-03,1319,101,31,2368,147869,6,2,304
2024-05-06,1319,214,131,2451,147869,61,11,251
2024-05-07,1319,103,111,2443,147869,125,16,142
2024-05-08,1319,85,73,2453,147869,8,8,141
2024-05-09,1319,88,42,2499,147869,60,4,85
2024-05-10,1319,81,40,2540,147869,39,1,47
2024-05-13,1319,107,146,2501,147869,15,5,37
2024-05-14,1319,231,233,2499,147869,8,12,41
2024-05-15,1319,99,176,2422,147869,2,3,42
2024-05-16,1319,312,67,2667,147869,17,9,34
2024-05-17,1319,67,149,2585,147869,4,15,45
2024-05-20,1319,194,737,2042,147869,12,122,155
2024-05-21,1319,268,268,2039,147869,73,9,91
2024-05-22,1319,186,123,2102,147869,25,5,69
2024-05-23,1319,443,197,2348,147869,45,4,27
2024-05-24,1319,122,64,2404,147869,6,34,55
2024-05-27,1319,72,95,2381,147869,5,2,52
2024-05-28,1319,722,453,2650,147869,5,35,82
2024-05-29,1319,201,191,2660,147869,20,4,66
2024-05-30,1319,213,95,2778,147869,15,8,59
2024-05-31,1319,141,37,2882,147869,10,11,60
2024-06-03,1319,100,133,2849,147869,11,8,57
2024-06-04,1319,65,134,2780,147869,4,8,61
2024-06-05,1319,93,45,2484,147869,12,1,50
2024-06-06,1319,97,15,2566,147869,13,1,38
2024-06-07,1319,199,61,2704,147869,2,1,37
2024-06-11,1319,256,616,2343,147869,12,11,36
2024-06-12,1319,87,165,2261,147869,9,9,36
2024-06-13,1319,202,110,2353,147869,25,0,11
2024-06-14,1319,98,225,2226,147869,11,0,0
2024-06-17,1319,83,191,2118,147869,0,0,0
2024-06-18,1319,381,269,2225,147869,0,0,0
2024-06-19,1319,293,367,2151,147869,0,0,0
2024-06-20,1319,242,182,2204,147869,0,7,7
2024-06-21,1319,251,199,2256,147869,0,6,13
2024-06-24,1319,518,210,2563,147869,6,27,34
2024-06-25,1319,445,96,2912,147869,18,11,27
2024-06-26,1319,80,195,2796,147869,6,14,35
2024-06-27,1319,484,60,3220,147869,7,39,66
2024-06-28,1319,234,56,3388,147869,2,8,72
2024-07-01,1319,82,54,3415,147869,7,15,80
2024-07-02,1319,72,50,3437,147869,7,6,79
2024-07-03,1319,145,200,3382,147869,12,3,70
2024-07-04,1319,121,66,3437,147869,9,1,62
2024-07-05,1319,127,57,3507,147869,4,0,58
2024-07-08,1319,192,44,3659,147869,2,23,79
2024-07-09,1319,267,166,3752,147869,13,128,194
2024-07-10,1319,47,60,3739,147869,5,12,201
2024-07-11,1319,120,81,3775,147869,24,8,185
2024-07-12,1319,39,105,3709,147869,7,46,224
2024-07-15,1319,116,50,3772,147869,25,4,203
2024-07-16,1319,309,52,4029,147869,11,93,285
2024-07-17,1319,290,218,4099,147869,55,13,243
2024-07-18,1319,163,114,4145,147869,34,7,216
2024-07-19,1319,159,97,4207,147869,31,7,192
2024-07-22,1319,137,108,4236,147869,15,4,181
2024-07-23,1319,55,54,4237,147869,3,11,189
2024-07-26,1319,136,88,4285,147869,9,3,183
2024-07-29,1319,106,249,4139,147869,2,9,190
2024-07-30,1319,58,70,4115,147869,13,18,195
2024-07-31,1319,155,23,4236,147869,19,8,184
2024-08-01,1319,145,162,4219,147869,16,16,184
2024-08-02,1319,153,142,4228,147869,19,11,176
2024-08-05,1319,179,529,3874,147869,20,15,171
2024-08-06,1319,119,134,3854,147869,157,14,28
2024-08-07,1319,103,152,3800,147869,4,20,44
2024-08-08,1319,111,23,3883,147869,20,9,33
2024-08-09,1319,45,147,3780,147869,4,7,36
2024-08-12,1319,42,37,3783,147869,0,2,38
2024-08-13,1319,22,17,3787,147869,3,5,40
2024-08-14,1319,125,80,3832,147869,4,5,41
2024-08-15,1319,169,25,3966,147869,4,4,41
2024-08-16,1319,105,40,4020,147869,2,3,42
2024-08-19,1319,82,56,4046,147869,1,2,43
2024-08-20,1319,311,287,4069,147869,1,116,158
2024-08-21,1319,162,101,4130,147869,11,1,148
2024-08-22,1319,43,52,4121,147869,4,0,143
2024-08-23,1319,33,54,4100,147869,1,0,142
2024-08-26,1319,310,338,4072,147869,0,14,156
2024-08-27,1319,155,90,4137,147869,3,1,154
2024-08-28,1319,252,292,4097,147869,0,28,182
2024-08-29,1319,245,60,4282,147869,13,1,170
2024-08-30,1319,73,87,4268,147869,2,0,168
2024-09-02,1319,31,45,4254,147869,2,1,167
2024-09-03,1319,41,90,4205,147869,1,3,169
2024-09-04,1319,36,177,4064,147869,10,4,163
2024-09-05,1319,232,379,3917,147869,0,74,237
2024-09-06,1319,444,470,3871,147869,6,58,289
2024-09-09,1319,256,133,3994,147869,11,24,302
2024-09-10,1319,714,857,3851,147869,4,50,348
2024-09-11,1319,457,291,4017,147869,34,29,343
2024-09-12,1319,95,393,3719,147869,1,34,376
2024-09-13,1319,308,674,3352,147869,55,63,384
2024-09-16,1319,207,67,3492,147869,27,2,359
2024-09-18,1319,138,108,3522,147869,8,5,356
2024-09-19,1319,121,104,3539,147869,28,10,338
2024-09-20,1319,489,449,3577,147869,2,67,401
2024-09-23,1319,239,198,3618,147869,13,2,390
2024-09-24,1319,239,101,3756,147869,38,0,352
2024-09-25,1319,162,94,3824,147869,4,1,349
2024-09-26,1319,135,154,3805,147869,4,6,351
2024-09-27,1319,380,439,3745,147869,45,2,308
2024-09-30,1319,182,237,3690,147869,7,6,307
2024-10-01,1319,145,348,3487,147869,37,11,281
2024-10-04,1319,79,135,3431,147869,8,8,281
2024-10-07,1319,194,219,3406,147869,3,9,287
2024-10-08,1319,99,166,3339,147869,14,6,279
2024-10-09,1319,156,121,3374,147869,0,31,310
2024-10-11,1319,145,43,3476,147869,21,2,291
2024-10-14,1319,39,82,3432,147869,3,1,289
2024-10-15,1319,200,198,3434,147869,7,9,291
2024-10-16,1319,144,110,3468,147869,12,2,281
2024-10-17,1319,83,134,3417,147869,8,2,275
2024-10-18,1319,77,63,3431,147869,15,6,266
2024-10-21,1319,91,27,3495,147869,4,2,264
2024-10-22,1319,11,49,3457,147869,2,2,264
2024-10-23,1319,67,19,3505,147869,1,1,264
2024-10-24,1319,102,175,3432,147869,0,0,264
2024-10-25,1319,189,91,3525,147869,4,1,261
2024-10-28,1319,83,39,3569,147869,1,0,260
2024-10-29,1319,82,154,3497,147869,1,17,276
2024-10-30,1319,41,118,3420,147869,7,8,277
2024-11-01,1319,68,80,3408,147869,3,5,279
2024-11-04,1319,134,113,3429,147869,0,5,284
2024-11-05,1319,90,178,3341,147869,0,5,289
2024-11-06,1319,268,84,3525,147869,10,1,280
2024-11-07,1319,176,85,3616,147869,0,3,283
2024-11-08,1319,147,134,3629,147869,2,0,281
2024-11-11,1319,90,86,3632,147869,0,4,285
2024-11-12,1319,89,70,3651,147869,2,1,284
2024-11-13,1319,168,77,3742,147869,4,1,281
2024-11-14,1319,576,327,3991,147869,8,19,292
2024-11-15,1319,531,409,4113,147869,13,44,323
2024-11-18,1319,321,277,4157,147869,33,9,299
2024-11-19,1319,123,96,4184,147869,10,10,299
2024-11-20,1319,105,443,3846,147869,22,1,278
2024-11-21,1319,101,107,3840,147869,2,1,277
2024-11-22,1319,258,159,3939,147869,1,1,277
2024-11-25,1319,89,174,3854,147869,1,1,277
2024-11-26,1319,833,648,4039,147869,13,86,350
2024-11-27,1319,433,635,3837,147869,7,6,349
2024-11-28,1319,486,307,4016,147869,5,90,434
2024-11-29,1319,189,235,3970,147869,15,20,439
2024-12-02,1319,298,210,4058,147869,19,2,422
2024-12-03,1319,428,295,4191,147869,11,6,417
2024-12-04,1319,124,236,4079,147869,6,4,415
2024-12-05,1319,135,99,4114,147869,3,45,457
2024-12-06,1319,285,267,4132,147869,16,2,443
2024-12-09,1319,134,118,4148,147869,15,0,428
2024-12-10,1319,307,317,4135,147869,19,29,438
2024-12-11,1319,137,100,4172,147869,23,9,424
2024-12-12,1319,227,290,4108,147869,19,9,414
2024-12-13,1319,292,54,4346,147869,9,11,416
2024-12-16,1319,78,106,4318,147869,1,10,425
2024-12-17,1319,47,138,4227,147869,3,24,445
2024-12-18,1319,114,129,4210,147869,32,4,417
2024-12-19,1319,419,128,4496,147869,14,3,406
2024-12-20,1319,24,238,4282,147869,0,16,422
2024-12-23,1319,133,21,4394,147869,2,3,423
2024-12-24,1319,132,94,4432,147869,9,6,420
2024-12-25,1319,207,110,4528,147869,2,6,424
2024-12-26,1319,35,55,4507,147869,4,3,423
2024-12-27,1319,386,46,4827,147869,25,7,405
2024-12-30,1319,15,300,4541,147869,1,23,427
2024-12-31,1319,77,46,4570,147869,10,4,421
2025-01-02,1319,10,49,4531,147869,3,1,419
2025-01-03,1319,167,29,4669,147869,8,21,432
2025-01-06,1319,227,57,4839,147869,16,17,433
2025-01-07,1319,45,217,4667,147869,1,25,457
2025-01-08,1319,342,86,4917,147869,11,14,460
2025-01-09,1319,21,220,4718,147869,1,41,500
2025-01-10,1319,62,45,4735,147869,23,2,479
2025-01-13,1319,82,128,4689,147869,21,6,464
2025-01-14,1319,230,647,4265,147869,29,39,474
2025-01-15,1319,133,184,4214,147869,22,3,455
2025-01-16,1319,34,118,4127,147869,15,2,442
2025-01-17,1319,90,57,4159,147869,9,1,434
2025-01-20,1319,151,130,4178,147869,22,1,413
2025-01-21,1319,115,25,4266,147869,6,3,410
2025-01-22,1319,53,54,4262,147869,5,3,408
2025-02-03,1319,101,60,4299,147869,4,4,408
2025-02-04,1319,36,59,4276,147869,0,2,410
2025-02-05,1319,158,280,4154,147869,292,65,183
2025-02-06,1319,73,75,4152,147869,14,2,171
2025-02-07,1319,85,254,3983,147869,7,17,181
2025-02-10,1319,36,103,3916,147869,14,1,168
2025-02-11,1319,26,97,3844,147869,1,1,168
2025-02-12,1319,153,22,3975,147869,8,0,160
2025-02-13,1319,76,51,4000,147869,2,6,164
2025-02-14,1319,74,69,4005,147869,11,0,153
2025-02-17,1319,235,59,4181,147869,14,3,142
2025-02-18,1319,180,41,4320,147869,9,2,135
2025-02-19,1319,129,78,4371,147869,20,1,116
2025-02-20,1319,125,22,4474,147869,5,0,111
2025-02-21,1319,89,69,4492,147869,1,4,114
2025-02-24,1319,136,60,4568,147869,0,2,116
2025-02-25,1319,164,141,4578,147869,5,2,113
2025-02-26,1319,73,21,4630,147869,0,0,113
2025-02-27,1319,625,501,4754,147869,1,44,156
2025-03-03,1319,328,166,4916,147869,4,4,156
2025-03-04,1319,204,256,4864,147869,3,36,189
2025-03-05,1319,357,231,4990,147869,6,9,192
2025-03-06,1319,249,415,4823,147869,14,4,182
2025-03-07,1319,100,195,4728,147869,5,28,205
2025-03-10,1319,222,247,4698,147869,8,14,211
2025-03-11,1319,55,181,4572,147869,16,23,218
2025-03-12,1319,69,183,4458,147869,54,10,174
2025-03-13,1319,118,401,4175,147869,3,15,186
2025-03-14,1319,376,1043,3508,147869,11,19,194
2025-03-17,1319,129,165,3472,147869,17,27,204
2025-03-18,1319,635,479,3628,147869,0,78,282
2025-03-19,1319,66,147,3540,147869,14,4,272
2025-03-20,1319,1007,573,3974,147869,17,113,368
2025-03-21,1319,134,518,3590,147869,29,78,417
2025-03-24,1319,289,494,3385,147869,149,7,274
2025-03-25,1319,57,225,3217,147869,50,27,251
2025-03-26,1319,168,213,3171,147869,40,55,266
2025-03-27,1319,268,156,3283,147869,29,49,286
2025-03-28,1319,108,267,3124,147869,13,72,345
2025-03-31,1319,82,1227,1979,147869,174,23,193
2025-04-01,1319,255,55,2179,147869,20,4,177
2025-04-02,1319,104,126,2157,147869,19,5,163
2025-04-07,1319,34,506,1668,147869,24,4,143
2025-04-08,1319,757,188,2234,147869,52,48,139
2025-04-09,1319,266,776,1722,147869,81,34,92
2025-04-10,1319,474,124,2070,147869,46,0,46
2025-04-11,1319,313,213,2170,147869,44,0,2
2025-04-14,1319,170,419,1921,147869,0,0,0
2025-04-15,1319,927,311,2537,147869,0,0,0
2025-04-16,1319,806,853,2478,147869,0,0,0
2025-04-17,1319,686,400,2764,147869,0,38,38
2025-04-18,1319,235,279,2720,147869,19,28,47
2025-04-21,1319,57,404,2372,147869,10,92,129
2025-04-22,1319,161,97,2436,147869,21,15,123
2025-04-23,1319,392,69,2759,147869,24,6,105
2025-04-24,1319,431,402,2788,147869,18,33,120
2025-04-25,1319,360,375,2773,147869,17,1,104
2025-04-28,1319,256,131,2897,147869,7,4,101
2025-04-29,1319,351,542,2705,147869,15,89,175
2025-04-30,1319,350,195,2860,147869,12,13,176
2025-05-02,1319,118,380,2596,147869,33,8,151
2025-05-05,1319,457,490,2563,147869,78,16,89
2025-05-06,1319,42,280,2324,147869,8,11,92
2025-05-07,1319,40,60,2304,147869,20,24,96
2025-05-08,1319,135,89,2350,147869,1,8,103
2025-05-09,1319,61,150,2261,147869,2,33,134
2025-05-12,1319,221,154,2328,147869,11,49,172
2025-05-13,1319,186,316,2198,147869,6,62,228
2025-05-14,1319,57,172,2083,147869,5,11,234
2025-05-15,1319,89,350,1822,147869,7,23,250
2025-05-16,1319,117,84,1855,147869,33,3,220
2025-05-19,1319,21,154,1722,147869,12,1,209
2025-05-20,1319,40,51,1708,147869,0,3,212
2025-05-21,1319,303,271,1740,147869,3,58,267
2025-05-22,1319,148,139,1749,147869,18,5,254
2025-05-23,1319,53,185,1617,147869,7,14,261
2025-05-26,1319,11,72,1556,147869,0,1,262
2025-05-27,1319,23,41,1538,147869,20,0,242
2025-05-28,1319,28,51,1514,147869,2,16,256
2025-05-29,1319,86,84,1516,147869,10,3,249
2025-06-02,1319,40,272,1284,147869,1,15,263
2025-06-03,1319,27,43,1268,147869,3,0,260
2025-06-04,1319,271,126,1413,147869,11,11,260
2025-06-05,1319,31,70,1374,147869,0,20,280
2025-06-06,1319,262,175,1461,147869,68,8,220
2025-06-09,1319,112,33,1540,147869,19,51,252
2025-06-10,1319,149,39,1644,147869,57,17,212
2025-06-11,1319,53,38,1659,147869,18,4,198
2025-06-12,1319,227,138,1748,147869,89,5,114
2025-06-13,1319,77,73,1751,147869,82,10,42
2025-06-16,1319,298,66,1980,147869,29,0,0
2025-06-17,1319,214,74,2120,147869,0,0,0
2025-06-18,1319,227,56,2291,147869,0,0,0
2025-06-19,1319,211,226,2275,147869,0,0,0
2025-06-20,1319,421,75,2619,147869,0,107,107
2025-06-23,1319,172,85,2706,147869,43,50,114
2025-06-24,1319,236,62,2865,147869,8,44,150
2025-06-25,1319,45,88,2821,147869,0,23,173
2025-06-26,1319,111,150,2782,147869,0,11,184
2025-06-27,1319,160,30,2912,147869,1,22,205
2025-06-30,1319,105,118,2899,147869,3,10,212
2025-07-01,1319,36,67,2868,147869,6,5,211
2025-07-02,1319,53,58,2863,147869,3,4,212
2025-07-03,1319,168,36,2995,147869,5,2,209
2025-07-04,1319,87,102,2980,147869,6,1,204
2025-07-07,1319,154,78,3056,147869,3,8,209
2025-07-08,1319,177,83,3150,147869,2,283,490
2025-07-09,1319,63,67,3146,147869,132,14,372
2025-07-10,1319,49,127,3068,147869,13,12,371
2025-07-11,1319,85,84,3069,147869,88,12,295
2025-07-14,1319,19,33,3055,147869,2,14,307
2025-07-15,1319,668,309,3414,147869,28,20,299
2025-07-16,1319,110,156,3368,147869,10,1,290
2025-07-17,1319,139,206,3301,147869,0,2,292
2025-07-18,1319,111,74,3336,147869,2,0,290
2025-07-21,1319,36,83,3284,147869,4,1,287
2025-07-22,1319,68,263,3089,147869,12,6,281
2025-07-23,1319,249,451,2887,147869,2,67,346
2025-07-24,1319,62,151,2798,147869,20,10,336
2025-07-25,1319,63,59,2802,147869,17,1,320
2025-07-28,1319,87,138,2751,147869,7,1,314
2025-07-29,1319,76,263,2563,147869,3,1,312
2025-07-30,1319,36,44,2555,147869,0,1,313
2025-07-31,1319,87,40,2602,147869,0,1,314
2025-08-01,1319,59,75,2586,147869,2,26,338
2025-08-04,1319,32,129,2487,147869,1,1,338
2025-08-05,1319,39,184,2342,147869,1,4,341
2025-08-06,1319,61,29,2370,147869,3,20,358
2025-08-07,1319,36,40,2366,147869,2,12,368
2025-08-08,1319,143,65,2439,147869,55,0,313
2025-08-11,1319,130,38,2530,147869,5,5,313
2025-08-12,1319,39,41,2528,147869,0,3,316
2025-08-13,1319,92,68,2552,147869,17,3,302
2025-08-14,1319,39,13,2578,147869,1,4,305
2025-08-15,1319,80,27,2630,147869,4,1,302
2025-08-18,1319,140,51,2719,147869,1,1,302
2025-08-19,1319,202,83,2838,147869,3,0,299
2025-08-20,1319,72,25,2883,147869,4,1,296
2025-08-21,1319,13,24,2872,147869,3,5,298
2025-08-22,1319,34,23,2883,147869,3,3,298
2025-08-25,1319,20,26,2877,147869,10,2,290
2025-08-26,1319,21,31,2867,147869,0,1,291
2025-08-27,1319,27,49,2843,147869,1,1,291
2025-08-28,1319,65,119,2789,147869,101,2,192
2025-08-29,1319,53,21,2816,147869,1,2,193
2025-09-01,1319,36,104,2748,147869,24,2,171
2025-09-02,1319,49,36,2761,147869,5,0,166
2025-09-03,1319,57,44,2774,147869,6,3,163
2025-09-04,1319,33,39,2768,147869,2,2,163
2025-09-05,1319,118,19,2867,147869,4,0,159
2025-09-08,1319,64,11,2910,147869,0,6,165
2025-09-09,1319,81,27,2963,147869,26,1,140
2025-09-10,1319,243,106,3100,147869,3,4,141
2025-09-11,1319,166,184,3082,147869,7,26,160
2025-09-12,1319,25,44,3062,147869,7,15,168
2025-09-15,1319,61,32,3080,147869,3,11,176
2025-09-16,1319,56,35,3101,147869,3,5,178
2025-09-17,1319,110,52,3159,147869,4,9,183
2025-09-18,1319,130,65,3224,147869,13,7,177
2025-09-19,1319,26,89,3161,147869,0,2,179
2025-09-22,1319,84,150,3095,147869,5,10,184
2025-09-23,1319,135,42,3188,147869,10,14,188
2025-09-24,1319,33,26,3195,147869,2,7,193
2025-09-25,1319,81,4,3271,147869,4,3,192
2025-09-26,1319,150,72,3349,147869,11,7,188
2025-09-30,1319,40,29,3360,147869,10,3,172
2025-10-01,1319,5,39,3326,147869,5,10,177
2025-10-02,1319,39,65,3300,147869,4,1,174
2025-10-03,1319,44,9,3322,147869,9,1,166
2025-10-07,1319,67,130,3259,147869,3,2,165
2025-10-08,1319,70,22,3305,147869,2,1,164
2025-10-09,1319,189,76,3418,147869,5,10,169
2025-10-13,1319,27,64,3381,147869,7,1,163
2025-10-14,1319,39,21,3389,147869,0,2,165
2025-10-15,1319,15,10,3394,147869,8,1,158
2025-10-16,1319,31,27,3398,147869,0,1,159
2025-10-17,1319,13,43,3366,147869,33,0,126
2025-10-20,1319,28,40,3354,147869,17,6,115
2025-10-21,1319,260,111,3503,147869,3,1,113
2025-10-22,1319,568,373,3698,147869,84,36,65
2025-10-23,1319,303,354,3647,147869,0,9,74
2025-10-27,1319,361,207,3801,147869,2,4,76
2025-10-28,1319,345,178,3968,147869,17,0,59
2025-10-29,1319,260,131,4097,147869,25,0,34
2025-10-30,1319,162,106,4153,147869,1,1,34
2025-10-31,1319,127,101,4174,147869,1,1,34
2025-11-03,1319,123,55,4241,147869,0,7,41
2025-11-04,1319,126,110,4257,147869,0,2,43
2025-11-05,1319,321,153,4425,147869,10,1,34
2025-11-06,1319,152,170,4407,147869,0,11,45
2025-11-07,1319,108,235,4280,147869,0,7,52
2025-11-10,1319,148,58,4370,147869,16,1,37
2025-11-11,1319,63,51,4382,147869,2,5,40
2025-11-12,1319,180,147,4415,147869,6,2,36
2025-11-13,1319,36,138,4312,147869,0,2,38
2025-11-14,1319,97,190,4219,147869,3,0,35
2025-11-17,1319,150,165,4204,147869,2,11,44
2025-11-18,1319,334,103,4435,147869,12,3,35
2025-11-19,1319,64,78,4420,147869,1,3,37
2025-11-20,1319,59,86,4393,147869,1,2,38
2025-11-21,1319,40,82,4351,147869,3,1,36
2025-11-24,1319,159,64,4442,147869,3,0,33
2025-11-25,1319,120,33,4529,147869,3,3,33
2025-11-26,1319,7,149,4387,147869,2,5,36
2025-11-27,1319,34,98,4323,147869,5,11,42
2025-11-28,1319,157,27,4452,147869,10,0,32
2025-12-01,1319,120,18,4554,147869,2,3,33
2025-12-02,1319,146,185,4515,147869,3,9,39
2025-12-03,1319,136,21,4630,147869,7,1,33
2025-12-04,1319,100,40,4690,147869,0,1,34
2025-12-05,1319,114,71,4733,147869,3,0,31
2025-12-08,1319,207,31,4909,147869,1,2,32
2025-12-09,1319,371,301,4979,147869,5,21,48
2025-12-10,1319,206,77,5107,147869,9,2,41
2025-12-11,1319,408,117,5224,147869,3,18,56
2025-12-12,1319,347,218,5343,147869,15,12,53
2025-12-15,1319,104,40,5401,147869,3,1,51
2025-12-16,1319,29,93,5333,147869,6,6,51
2025-12-17,1319,150,335,5147,147869,4,34,81
2025-12-18,1319,593,693,5047,147869,15,27,93
2025-12-19,1319,234,267,5012,147869,11,31,113
2025-12-22,1319,43,50,5003,147869,34,3,82
2025-12-23,1319,82,34,5041,147869,2,0,80
2025-12-24,1319,25,115,4951,147869,0,0,80
2025-12-26,1319,36,95,4871,147869,3,0,77
2025-12-29,1319,46,189,4726,147869,8,0,69
2025-12-30,1319,50,57,4719,147869,2,0,67
2025-12-31,1319,132,130,4721,147869,1,3,69
2026-01-02,1319,31,95,4657,147869,7,2,64
2026-01-05,1319,74,48,4682,147869,6,4,62
2026-01-06,1319,180,49,4813,147869,6,0,56
2026-01-07,1319,91,33,4871,147869,9,0,47
2026-01-08,1319,9,58,4822,147869,0,0,47
2026-01-09,1319,96,10,4908,147869,1,0,46
2026-01-12,1319,75,46,4937,147869,4,0,42
2026-01-13,1319,134,175,4894,147869,0,1,43
2026-01-14,1319,216,292,4817,147869,3,10,50
2026-01-15,1319,716,473,5060,147869,7,11,54
2026-01-16,1319,632,979,4713,147869,6,34,82
2026-01-19,1319,485,271,4927,147869,34,1,49
2026-01-20,1319,282,301,4908,147869,5,4,48
2026-01-21,1319,502,243,5166,147869,0,4,52
2026-01-22,1319,200,314,5052,147869,2,0,50
2026-01-23,1319,232,210,5074,147869,4,0,46
2026-01-26,1319,166,170,5070,147869,2,3,47
2026-01-27,1319,890,647,5293,147869,4,2,45
2026-01-28,1319,221,741,4773,147869,1,1,45
2026-01-29,1319,308,350,4731,147869,4,0,41
2026-01-30,1319,162,317,4576,147869,0,5,46
2026-02-02,1319,93,87,4573,147869,3,1,44
2026-02-03,1319,67,187,4450,147869,1,1,44
2026-02-04,1319,158,45,4563,147869,4,0,40
2026-02-05,1319,125,223,4465,147869,0,1,41
2026-02-06,1319,215,180,4498,147869,9,13,45
2026-02-09,1319,42,57,4483,147869,0,2,47
2026-02-10,1319,9,56,4436,147869,5,5,47
2026-02-11,1319,11,67,4369,147869,5,0,42
2026-02-23,1319,83,62,4390,147869,11,1,32
2026-02-24,1319,86,48,4428,147869,1,1,32
2026-02-25,1319,201,185,4444,147869,1,2,33
2026-02-26,1319,35,143,4336,147869,0,1,34
2026-03-02,1319,75,172,4237,147869,2,12,44
2026-03-03,1319,93,200,4122,147869,0,81,125
2026-03-04,1319,82,167,4035,147869,3,1,123
2026-03-05,1319,45,44,4036,147869,2,20,141
2026-03-06,1319,26,9,4052,147869,0,5,146
2026-03-09,1319,125,139,4018,147869,13,1,134
2026-03-10,1319,70,36,4047,147869,7,8,135
2026-03-11,1319,80,51,4076,147869,101,8,42
2026-03-12,1319,421,13,4482,147869,10,16,48
2026-03-13,1319,166,20,4625,147869,15,11,44
2026-03-16,1319,166,67,4710,147869,0,42,86
2026-03-17,1319,725,70,5363,147869,16,0,70
2026-03-18,1319,138,120,5380,147869,31,0,39
2026-03-19,1319,198,153,5409,147869,1,10,48
2026-03-20,1319,49,82,5376,147869,2,7,53
2026-03-23,1319,31,57,5349,147869,1,14,66
2026-03-24,1319,19,115,5253,147869,0,21,87
2026-03-25,1319,47,123,5165,147869,23,2,66
2026-03-26,1319,42,38,5168,147869,6,0,60
2026-03-27,1319,16,24,5159,147869,2,0,58
2026-03-30,1319,31,13,5173,147869,0,2,60
2026-03-31,1319,115,74,5212,147869,7,21,74
2026-04-01,1319,12,51,5173,147869,6,0,68
2026-04-02,1319,49,157,5063,147869,23,1,46
2026-04-07,1319,52,31,5081,147869,2,0,44
2026-04-08,1319,14,67,5023,147869,27,43,60
2026-04-09,1319,124,7,5140,147869,3,0,57
2026-04-10,1319,48,69,5119,147869,57,0,0
2026-04-13,1319,134,39,5209,147869,0,0,0
2026-04-14,1319,282,85,5406,147869,0,0,0
2026-04-15,1319,104,107,5403,147869,0,0,0
2026-04-16,1319,31,104,5330,147869,0,0,0
2026-04-17,1319,129,9,5449,147869,0,3,3
2026-04-20,1319,102,61,5490,147869,0,2,5
2026-04-21,1319,23,90,5421,147869,0,1,6
2026-04-22,1319,62,16,5461,147869,0,64,70
2026-04-23,1319,149,242,5368,147869,34,7,43
2026-04-24,1319,22,31,5359,147869,28,21,36
2026-04-27,1319,71,30,5392,147869,0,2,38
2026-04-28,1319,40,135,5293,147869,16,0,22
2026-04-29,1319,103,28,5368,147869,1,0,21
2026-04-30,1319,53,11,5399,147869,0,0,21
2026-05-04,1319,93,33,5459,147869,0,0,21
2026-05-05,1319,152,92,5519,147869,20,72,73
2026-05-06,1319,190,51,5656,147869,72,0,1
2026-05-07,1319,567,268,5951,147869,0,3,4
2026-05-08,1319,111,294,5767,147869,1,0,3
2026-05-11,1319,69,91,5744,147869,0,1,4
2026-05-12,1319,161,325,5580,147869,1,0,3
2026-05-13,1319,87,98,5569,147869,0,0,3
2026-05-14,1319,56,111,5514,147869,0,0,3
2026-05-15,1319,91,79,5518,147869,1,0,2
2026-05-18,1319,36,541,5012,147869,0,3,5
2026-05-19,1319,99,94,5013,147869,0,19,24
2026-05-20,1319,76,37,5046,147869,21,1,4
2026-05-21,1319,94,50,5090,147869,0,52,56
2026-05-22,1319,147,129,5105,147869,1,1,56
2026-05-25,1319,298,64,5338,147869,0,0,56
2026-05-26,1319,111,13,5432,147869,1,0,55
2026-05-27,1319,175,58,5549,147869,0,3,58
2026-05-28,1319,125,316,5358,147869,0,9,67
2026-05-29,1319,2604,544,7418,147869,1,45,111
2026-06-01,1319,896,2453,5861,147869,45,7,70
2026-06-02,1319,490,686,5665,147869,6,5,69
2026-06-03,1319,1074,592,6145,147869,2,4,68
2026-06-04,1319,324,961,5508,147869,3,8,73
2026-06-05,1319,253,620,5136,147869,8,84,143
2026-06-08,1319,86,383,4838,147869,33,117,227
2026-06-09,1319,212,365,4685,147869,15,152,363
2026-06-10,1319,149,489,4345,147869,60,274,577
2026-06-11,1319,274,212,4407,147869,33,504,1042
2026-06-12,1319,421,85,4743,147869,86,14,888
2026-06-15,1319,98,333,4507,147869,772,0,10
2026-06-16,1319,129,121,4515,147869,0,0,0
2026-06-17,1319,91,103,4503,147869,0,0,0
2026-06-18,1319,534,229,4806,147869,0,0,0
2026-06-22,1319,1319,121,5954,147869,0,1033,1033
2026-06-23,1319,662,249,6361,147869,39,2,996
2026-06-24,1319,372,38,6685,147869,212,2,786
2026-06-25,1319,327,187,6825,147869,69,0,717
2026-06-26,1319,285,267,6843,147869,14,4,587
2026-06-29,1319,317,51,7105,147869,55,0,471
2026-06-30,1319,246,132,7204,147869,33,1,409
2026-07-01,1319,374,145,7433,147869,13,1,361
2026-07-02,1319,221,208,7431,147869,4,2,354
2026-07-03,1319,67,183,7314,147869,53,0,213
2026-07-06,1319,93,244,7163,147869,9,0,204
2026-07-07,1319,47,261,6949,147869,202,0,2
2026-07-08,1319,121,131,6932,147869,0,2,4
2026-07-09,1319,71,108,6882,147869,0,0,4
2026-07-13,1319,149,46,6985,147869,2,0,2
2026-07-14,1319,54,176,6863,147869,0,31,33
2026-07-15,1319,117,15,6962,147869,0,0,33
2026-07-16,1319,33,34,6951,147869,13,1,21
2026-07-17,1319,79,127,6902,147869,0,1,22
2026-07-20,1319,96,157,6837,147869,0,2,24
2026-07-21,1319,123,21,6939,147869,0,1,25
2026-07-22,1319,119,33,7023,147869,8,5,22
2026-07-23,1319,77,55,7045,147869,11,5,16
2026-07-24,1319,80,81,7041,147869,4,0,12
2026-07-27,1319,37,80,6996,147869,3,4,13
2026-07-28,1319,174,82,7088,147869,0,8,21
2026-07-29,1319,82,160,7008,147869,4,6,23
2026-07-30,1319,28,69,6916,147869,0,0,23
2026-07-31,1319,149,71,6992,147869,3,1,21
2026-08-03,1319,45,35,7000,147869,0,1,22
2026-08-04,1319,37,69,6968,147869,0,0,22
2026-08-05,1319,148,74,7042,147869,4,0,18
2026-08-06,1319,234,257,7018,147869,8,2,12
2026-08-07,1319,231,142,7101,147869,1,9,20
2026-08-10,1319,78,122,7057,147869,10,3,13
2026-08-11,1319,117,154,7014,147869,8,0,5
2026-08-12,1319,42,138,6918,147869,0,2,7
2026-08-13,1319,116,139,6893,147869,4,0,3
2026-08-14,1319,533,519,6885,147869,1,8,10
2026-08-17,1319,184,144,6919,147869,4,2,8
2026-08-18,1319,134,111,6928,147869,3,4,7
2026-08-19,1319,66,70,6924,147869,0,1,8
2026-08-20,1319,127,65,6986,147869,0,0,8
2026-08-21,1319,49,27,7008,147869,1,4,11
2026-08-24,1319,38,51,6989,147869,0,0,11
2026-08-25,1319,54,11,7032,147869,0,0,11
2026-08-26,1319,32,16,7048,147869,0,0,11
2026-08-27,1319,32,55,7025,147869,4,0,7
2026-08-28,1319,88,167,6946,147869,0,0,7
2026-08-31,1319,60,41,6955,147869,0,0,7
2026-09-01,1319,78,157,6875,147869,4,0,3
2026-09-02,1319,55,72,6858,147869,0,0,3
2026-09-03,1319,88,45,6901,147869,0,1,4
2026-09-04,1319,46,75,6872,147869,1,0,3
