date,stock_id,m_buy,m_sell,m_balance,m_limit,s_buy,s_sell,s_balance
2015-01-05,2836,32,26,12055,185087,0,0,0
2015-01-06,2836,37,35,12057,185087,0,0,0
2015-01-07,2836,56,30,12083,185087,0,0,0
2015-01-08,2836,127,59,12151,185087,0,0,0
2015-01-09,2836,16,45,12122,185087,0,0,0
2015-01-12,2836,28,31,12119,185087,0,0,0
2015-01-13,2836,23,82,12060,185087,0,0,0
2015-01-14,2836,34,5,12014,185087,0,0,0
2015-01-15,2836,70,0,12084,185087,0,0,0
2015-01-16,2836,31,7,12108,185087,0,0,0
2015-01-19,2836,39,0,12147,185087,0,0,0
2015-01-20,2836,20,1,12166,185087,0,0,0
2015-01-21,2836,1,21,12146,185087,0,0,0
2015-01-22,2836,10,27,12129,185087,0,0,0
2015-01-23,2836,30,67,12092,185087,0,0,0
2015-01-26,2836,0,118,11974,185087,0,0,0
2015-01-27,2836,120,44,12050,185087,0,0,0
2015-01-28,2836,62,1,12090,185087,0,0,0
2015-01-29,2836,0,0,12090,185087,0,0,0
2015-01-30,2836,2,33,12059,185087,0,0,0
2015-02-02,2836,27,92,11993,185087,0,0,0
2015-02-03,2836,39,24,12008,185087,0,0,0
2015-02-04,2836,45,9,12044,185087,0,0,0
2015-02-05,2836,0,10,12034,185087,0,0,0
2015-02-06,2836,52,68,12018,185087,0,0,0
2015-02-09,2836,44,9,12053,185087,0,0,0
2015-02-10,2836,49,174,11928,185087,0,0,0
2015-02-11,2836,147,25,12050,185087,0,0,0
2015-02-12,2836,8,33,11812,185087,0,0,0
2015-02-13,2836,54,52,11727,185087,0,0,0
2015-02-24,2836,65,33,11368,185087,0,0,0
2015-02-25,2836,47,127,11288,185087,0,0,0
2015-02-26,2836,4,25,10963,185087,0,0,0
2015-03-02,2836,50,53,10960,185087,0,0,0
2015-03-03,2836,68,11,11017,185087,0,0,0
2015-03-04,2836,5,8,11014,185087,0,0,0
2015-03-05,2836,12,37,10689,185087,0,0,0
2015-03-06,2836,19,37,10671,185087,0,0,0
2015-03-09,2836,14,38,10647,185087,0,0,0
2015-03-10,2836,116,30,10733,185087,0,0,0
2015-03-11,2836,78,46,10765,185087,0,0,0
2015-03-12,2836,99,6,10858,185087,0,0,0
2015-03-13,2836,9,45,10822,185087,0,0,0
2015-03-16,2836,100,24,10898,185087,0,0,0
2015-03-17,2836,133,1,11030,185087,0,0,0
2015-03-18,2836,136,6,11160,185087,0,0,0
2015-03-19,2836,128,24,11264,185087,0,0,0
2015-03-20,2836,263,59,11468,185087,0,0,0
2015-03-23,2836,65,53,11480,185087,0,0,0
2015-03-24,2836,57,22,11515,185087,0,0,0
2015-03-25,2836,20,48,11487,185087,0,0,0
2015-03-26,2836,510,385,11612,185087,0,0,0
2015-03-27,2836,743,467,11888,185087,0,0,0
2015-03-30,2836,82,290,11680,185087,0,0,0
2015-03-31,2836,210,367,11523,185087,0,0,0
2015-04-01,2836,48,219,11351,185087,0,0,0
2015-04-02,2836,122,90,11383,185087,0,0,0
2015-04-07,2836,39,297,11125,185087,0,0,0
2015-04-08,2836,39,23,11141,185087,0,0,0
2015-04-09,2836,31,138,11034,185087,0,0,0
2015-04-10,2836,186,343,10877,185087,0,0,0
2015-04-13,2836,36,14,10899,185087,0,0,0
2015-04-14,2836,110,43,10966,185087,0,0,0
2015-04-15,2836,142,122,10986,185087,0,0,0
2015-04-16,2836,281,123,11144,185087,0,0,0
2015-04-17,2836,18,34,10925,185087,0,1,1
2015-04-20,2836,70,44,10951,185087,1,0,0
2015-04-21,2836,25,267,10709,185087,0,0,0
2015-04-22,2836,168,152,10725,185087,0,0,0
2015-04-23,2836,311,282,10754,185087,0,0,0
2015-04-24,2836,176,435,10495,185087,0,0,0
2015-04-27,2836,356,999,9852,185087,0,0,0
2015-04-28,2836,581,762,9671,185087,0,5,5
2015-04-29,2836,2520,1927,10264,185087,0,230,235
2015-04-30,2836,931,637,10558,185087,215,0,20
2015-05-04,2836,279,325,10512,185087,0,0,20
2015-05-05,2836,138,750,9900,185087,20,0,0
2015-05-06,2836,116,344,9672,185087,0,0,0
2015-05-07,2836,64,269,9467,185087,0,0,0
2015-05-08,2836,67,247,9267,185087,0,0,0
2015-05-11,2836,411,236,9442,185087,0,0,0
2015-05-12,2836,170,199,9413,185087,0,0,0
2015-05-13,2836,99,143,9369,185087,0,0,0
2015-05-14,2836,37,99,9307,185087,0,0,0
2015-05-15,2836,267,177,9397,185087,0,0,0
2015-05-18,2836,396,249,9544,185087,0,0,0
2015-05-19,2836,298,20,9822,185087,0,0,0
2015-05-20,2836,111,41,9892,185087,0,0,0
2015-05-21,2836,75,37,9930,185087,0,0,0
2015-05-22,2836,213,16,10127,185087,0,0,0
2015-05-25,2836,111,213,10025,185087,0,0,0
2015-05-26,2836,49,293,9781,185087,0,0,0
2015-05-27,2836,221,338,9664,185087,0,0,0
2015-05-28,2836,344,22,9986,185087,0,0,0
2015-05-29,2836,83,60,10009,185087,0,0,0
2015-06-01,2836,73,200,9882,185087,0,0,0
2015-06-02,2836,52,113,9821,185087,0,0,0
2015-06-03,2836,69,25,9865,185087,0,0,0
2015-06-04,2836,72,199,9738,185087,0,0,0
2015-06-05,2836,69,316,9491,185087,0,0,0
2015-06-08,2836,132,66,9557,185087,0,0,0
2015-06-09,2836,31,267,9321,185087,0,0,0
2015-06-10,2836,7,115,9213,185087,0,0,0
2015-06-11,2836,96,16,9293,185087,0,0,0
2015-06-12,2836,25,24,9294,185087,0,0,0
2015-06-15,2836,11,2,9298,185087,0,0,0
2015-06-16,2836,55,37,9316,185087,0,0,0
2015-06-17,2836,4,31,9289,185087,0,0,0
2015-06-18,2836,17,7,9299,185087,0,0,0
2015-06-22,2836,26,1,9324,185087,0,0,0
2015-06-23,2836,72,55,9341,185087,0,0,0
2015-06-24,2836,57,77,9316,185087,0,0,0
2015-06-25,2836,3,6,9313,185087,0,0,0
2015-06-26,2836,0,28,9285,185087,0,0,0
2015-06-29,2836,24,134,9175,185087,0,0,0
2015-06-30,2836,73,68,9180,185087,0,0,0
2015-07-01,2836,11,24,9167,185087,0,0,0
2015-07-02,2836,2,14,9155,185087,0,0,0
2015-07-03,2836,18,57,9116,185087,0,0,0
2015-07-06,2836,33,31,9118,185087,0,0,0
2015-07-07,2836,35,94,9059,185087,0,0,0
2015-07-08,2836,2,213,8848,185087,0,5,5
2015-07-09,2836,27,126,8738,185087,0,0,5
2015-07-13,2836,22,29,8726,185087,0,0,5
2015-07-14,2836,22,33,8715,185087,0,0,5
2015-07-15,2836,33,13,8735,185087,0,0,5
2015-07-16,2836,1,2,8734,185087,0,0,5
2015-07-17,2836,20,38,8716,185087,0,0,5
2015-07-20,2836,46,41,8721,185087,5,0,0
2015-07-21,2836,10,12,8719,185087,0,0,0
2015-07-22,2836,18,14,8723,185087,0,0,0
2015-07-23,2836,5,50,8678,185087,0,0,0
2015-07-24,2836,21,8,8691,185087,0,1,1
2015-07-27,2836,107,2,8786,185087,0,0,1
2015-07-28,2836,88,31,8842,185087,0,0,1
2015-07-29,2836,67,318,8591,185087,1,0,0
2015-07-30,2836,32,9,8614,185087,0,0,0
2015-07-31,2836,19,27,8606,185087,0,0,0
2015-08-03,2836,5,3,8608,185087,0,0,0
2015-08-04,2836,28,42,8594,185087,0,0,0
2015-08-05,2836,46,32,8608,185087,0,0,0
2015-08-06,2836,31,41,8598,185087,0,0,0
2015-08-07,2836,17,64,8551,185087,0,0,0
2015-08-10,2836,47,25,8573,185087,0,0,0
2015-08-11,2836,99,55,8617,185087,0,0,0
2015-08-12,2836,17,243,8391,185087,0,10,10
2015-08-13,2836,29,84,8336,185087,0,0,10
2015-08-14,2836,200,95,8441,185087,0,29,39
2015-08-17,2836,115,89,8467,185087,28,1,12
2015-08-18,2836,20,116,8371,185087,0,0,12
2015-08-19,2836,86,65,8392,185087,2,0,10
2015-08-20,2836,43,19,8416,185087,0,0,10
2015-08-21,2836,30,41,8405,185087,0,0,10
2015-08-24,2836,97,88,8414,185087,0,0,10
2015-08-25,2836,64,60,8418,185087,0,11,21
2015-08-26,2836,35,19,8434,185087,0,0,21
2015-08-27,2836,3,69,8368,185087,0,2,23
2015-08-28,2836,10,5,8373,185087,0,0,23
2015-08-31,2836,43,4,8412,185087,0,0,23
2015-09-01,2836,87,27,8472,185087,0,1,24
2015-09-02,2836,46,50,8468,185087,0,0,24
2015-09-03,2836,20,26,8462,185087,0,0,24
2015-09-04,2836,65,60,8467,185087,0,0,24
2015-09-07,2836,18,8,8477,185087,0,0,24
2015-09-08,2836,17,5,8489,185087,0,0,24
2015-09-09,2836,12,6,8495,185087,0,0,24
2015-09-10,2836,49,17,8527,185087,0,0,24
2015-09-11,2836,44,22,8549,185087,0,0,24
2015-09-14,2836,23,29,8543,185087,0,0,24
2015-09-15,2836,64,55,8552,185087,2,0,22
2015-09-16,2836,130,32,8650,185087,0,0,22
2015-09-17,2836,149,19,8780,185087,0,0,22
2015-09-18,2836,6,22,8759,185087,0,0,22
2015-09-21,2836,9,5,8763,185087,0,0,22
2015-09-22,2836,4,24,8743,185087,0,0,22
2015-09-23,2836,0,1,8742,185087,0,0,22
2015-09-24,2836,3,0,8745,185087,0,9,31
2015-09-25,2836,21,20,8746,185087,0,0,31
2015-09-30,2836,3,3,8746,194716,0,0,31
2015-10-01,2836,27,24,8749,194716,4,0,27
2015-10-02,2836,57,3,8803,194716,2,0,15
2015-10-05,2836,9,32,8780,194716,0,0,15
2015-10-06,2836,36,54,8762,194716,0,0,15
2015-10-07,2836,124,43,8843,194716,0,0,15
2015-10-08,2836,730,653,8920,194716,2,1,14
2015-10-12,2836,215,60,9075,194716,0,0,14
2015-10-13,2836,173,70,9178,194716,1,0,13
2015-10-14,2836,77,11,9244,194716,0,1,14
2015-10-15,2836,35,244,9035,194716,2,1,13
2015-10-16,2836,38,20,9053,194716,0,1,14
2015-10-19,2836,30,372,8711,194716,0,0,14
2015-10-20,2836,13,69,8655,194716,0,0,14
2015-10-21,2836,56,113,8598,194716,0,0,14
2015-10-22,2836,0,14,8584,194716,0,0,14
2015-10-23,2836,2,78,8508,194716,0,0,14
2015-10-26,2836,2,87,8423,194716,0,0,14
2015-10-27,2836,53,75,8401,194716,0,0,14
2015-10-28,2836,29,107,8323,194716,0,0,14
2015-10-29,2836,10,184,8149,194716,0,0,14
2015-10-30,2836,45,72,8122,194716,0,0,14
2015-11-02,2836,12,5,8129,194716,0,0,14
2015-11-03,2836,49,22,8156,194716,0,0,14
2015-11-04,2836,54,5,8205,194716,0,0,14
2015-11-05,2836,40,5,8240,194716,0,0,14
2015-11-06,2836,3,33,8210,194716,0,0,14
2015-11-09,2836,9,74,8145,194716,0,0,14
2015-11-10,2836,23,6,8162,194716,1,0,13
2015-11-11,2836,11,150,8023,194716,1,0,12
2015-11-12,2836,11,265,7769,194716,0,1,13
2015-11-13,2836,8,92,7685,194716,0,0,13
2015-11-16,2836,5,182,7508,194716,0,0,13
2015-11-17,2836,39,24,7523,194716,1,0,12
2015-11-18,2836,0,39,7484,194716,0,0,12
2015-11-19,2836,55,53,7486,194716,0,0,12
2015-11-20,2836,33,22,7497,194716,0,0,12
2015-11-23,2836,10,231,7276,194716,0,0,12
2015-11-24,2836,3,136,7143,194716,0,0,12
2015-11-25,2836,49,112,7080,194716,0,0,12
2015-11-26,2836,31,9,7102,194716,0,0,12
2015-11-27,2836,15,0,7117,194716,0,0,12
2015-11-30,2836,80,8,7189,194716,0,0,12
2015-12-01,2836,40,9,7220,194716,1,0,11
2015-12-02,2836,0,2,7218,194716,0,0,11
2015-12-03,2836,30,11,7237,194716,0,0,11
2015-12-04,2836,0,5,7232,194716,0,0,11
2015-12-07,2836,24,3,7253,194716,0,0,11
2015-12-08,2836,80,9,7324,194716,0,0,11
2015-12-09,2836,15,51,7288,194716,0,0,11
2015-12-10,2836,47,0,7335,194716,0,0,11
2015-12-11,2836,40,29,7343,194716,0,0,11
2015-12-14,2836,28,3,7368,194716,0,0,11
2015-12-15,2836,8,9,7367,194716,0,0,11
2015-12-16,2836,40,8,7399,194716,0,0,11
2015-12-17,2836,35,9,7425,194716,0,0,11
2015-12-18,2836,29,18,7436,194716,0,0,11
2015-12-21,2836,18,97,7357,194716,0,0,11
2015-12-22,2836,20,0,7377,194716,0,0,11
2015-12-23,2836,10,18,7369,194716,0,0,11
2015-12-24,2836,11,66,7314,194716,0,0,11
2015-12-25,2836,0,8,7306,194716,0,0,11
2015-12-28,2836,17,15,7308,194716,0,0,11
2015-12-29,2836,0,10,7298,194716,0,0,11
2015-12-30,2836,43,29,7312,194716,0,0,11
2015-12-31,2836,105,13,7404,194716,0,0,11
2016-01-04,2836,2,15,7391,194716,0,2,13
2016-01-05,2836,16,5,7402,194716,0,0,13
2016-01-06,2836,59,0,7460,194716,0,0,13
2016-01-07,2836,52,53,7459,194716,2,0,11
2016-01-08,2836,0,12,7447,194716,0,0,11
2016-01-11,2836,244,29,7662,194716,0,0,11
2016-01-12,2836,60,27,7695,194716,0,0,11
2016-01-13,2836,27,4,7718,194716,0,0,11
2016-01-14,2836,66,63,7721,194716,0,0,11
2016-01-15,2836,45,44,7720,194716,0,2,13
2016-01-18,2836,682,247,8155,194716,0,56,69
2016-01-19,2836,191,165,8181,194716,24,0,45
2016-01-20,2836,163,165,8179,194716,20,3,28
2016-01-21,2836,160,113,8226,194716,0,0,28
2016-01-22,2836,74,24,8276,194716,0,0,28
2016-01-25,2836,278,64,8490,194716,8,7,27
2016-01-26,2836,90,61,8517,194716,0,3,30
2016-01-27,2836,57,38,8536,194716,0,0,30
2016-01-28,2836,29,28,8537,194716,1,5,34
2016-01-29,2836,153,126,8564,194716,22,0,12
2016-01-30,2836,196,179,8581,194716,0,0,12
2016-02-01,2836,71,43,8609,194716,0,0,12
2016-02-02,2836,20,128,8501,194716,0,0,12
2016-02-03,2836,0,116,8385,194716,2,0,10
2016-02-15,2836,31,2,8213,194716,1,0,9
2016-02-16,2836,85,29,8269,194716,1,0,8
2016-02-17,2836,11,35,8245,194716,0,0,8
2016-02-18,2836,49,11,8283,194716,0,0,8
2016-02-19,2836,22,30,8275,194716,0,0,8
2016-02-22,2836,23,147,8151,194716,0,0,8
2016-02-23,2836,42,42,8151,194716,0,0,8
2016-02-24,2836,3,105,8049,194716,0,0,8
2016-02-25,2836,451,542,7958,194716,0,0,8
2016-02-26,2836,139,122,7975,194716,0,0,8
2016-03-01,2836,13,25,7963,194716,0,0,8
2016-03-02,2836,79,133,7909,194716,0,5,13
2016-03-03,2836,92,149,7852,194716,2,0,11
2016-03-04,2836,37,252,7637,194716,0,0,11
2016-03-07,2836,227,280,7584,194716,3,0,8
2016-03-08,2836,7,243,7348,194716,0,0,8
2016-03-09,2836,51,154,7245,194716,0,0,8
2016-03-10,2836,16,29,7232,194716,0,0,8
2016-03-11,2836,18,63,7187,194716,0,0,8
2016-03-14,2836,98,123,7162,194716,0,0,8
2016-03-15,2836,15,193,6984,194716,0,0,8
2016-03-16,2836,112,166,6930,194716,0,0,8
2016-03-17,2836,102,56,6976,194716,0,0,8
2016-03-18,2836,42,31,6987,194716,0,0,8
2016-03-21,2836,38,146,6879,194716,0,0,8
2016-03-22,2836,6,8,6877,194716,0,0,8
2016-03-23,2836,18,46,6849,194716,0,0,8
2016-03-24,2836,87,114,6822,194716,0,0,8
2016-03-25,2836,11,29,6804,194716,0,0,8
2016-03-28,2836,27,9,6822,194716,0,0,8
2016-03-29,2836,5,74,6753,194716,0,0,8
2016-03-30,2836,34,43,6744,194716,0,0,8
2016-03-31,2836,6,61,6689,194716,0,0,8
2016-04-01,2836,0,17,6672,194716,0,0,8
2016-04-06,2836,2,30,6644,194716,0,0,8
2016-04-07,2836,7,29,6622,194716,0,0,8
2016-04-08,2836,2,1,6623,194716,0,0,8
2016-04-11,2836,5,0,6628,194716,0,0,8
2016-04-12,2836,4,49,6583,194716,0,0,8
2016-04-13,2836,46,41,6588,194716,0,0,8
2016-04-14,2836,70,40,6618,194716,0,0,8
2016-04-15,2836,11,33,6595,194716,8,0,0
2016-04-18,2836,64,19,6640,194716,0,0,0
2016-04-19,2836,33,14,6659,194716,0,0,0
2016-04-20,2836,40,58,6636,194716,0,0,0
2016-04-21,2836,0,15,6621,194716,0,0,0
2016-04-22,2836,37,47,6611,194716,0,0,0
2016-04-25,2836,23,0,6634,194716,0,0,0
2016-04-26,2836,22,7,6648,194716,0,0,0
2016-04-27,2836,7,1,6654,194716,0,0,0
2016-04-28,2836,20,36,6638,194716,0,0,0
2016-04-29,2836,24,11,6651,194716,0,0,0
2016-05-03,2836,58,52,6657,194716,0,0,0
2016-05-04,2836,15,19,6653,194716,0,0,0
2016-05-05,2836,86,16,6723,194716,0,0,0
2016-05-06,2836,6,6,6723,194716,0,0,0
2016-05-09,2836,2,10,6715,194716,0,0,0
2016-05-10,2836,10,11,6714,194716,0,0,0
2016-05-11,2836,39,7,6746,194716,0,0,0
2016-05-12,2836,13,32,6727,194716,0,0,0
2016-05-13,2836,10,24,6713,194716,0,0,0
2016-05-16,2836,29,6,6736,194716,0,0,0
2016-05-17,2836,51,4,6783,194716,0,0,0
2016-05-18,2836,60,52,6791,194716,0,0,0
2016-05-19,2836,136,44,6883,194716,0,0,0
2016-05-20,2836,132,22,6993,194716,0,0,0
2016-05-23,2836,87,46,7034,194716,0,0,0
2016-05-24,2836,25,0,7059,194716,0,0,0
2016-05-25,2836,146,77,7128,194716,0,4,4
2016-05-26,2836,40,31,7137,194716,0,0,4
2016-05-27,2836,25,20,7128,194716,0,0,4
2016-05-30,2836,26,22,7127,194716,4,0,0
2016-05-31,2836,16,18,7125,194716,0,0,0
2016-06-01,2836,14,22,7115,194716,0,0,0
2016-06-02,2836,15,107,7023,194716,0,0,0
2016-06-03,2836,13,91,6945,194716,0,0,0
2016-06-04,2836,22,173,6794,194716,0,0,0
2016-06-06,2836,31,11,6814,194716,0,0,0
2016-06-07,2836,29,40,6803,194716,0,0,0
2016-06-08,2836,50,22,6831,194716,0,0,0
2016-06-13,2836,3,44,6790,194716,0,0,0
2016-06-14,2836,17,72,6735,194716,0,0,0
2016-06-15,2836,17,85,6667,194716,0,0,0
2016-06-16,2836,12,2,6677,194716,0,3,3
2016-06-17,2836,31,2,6706,194716,0,0,3
2016-06-20,2836,1,2,6705,194716,0,0,3
2016-06-21,2836,13,53,6591,194716,3,0,0
2016-06-22,2836,7,0,6598,194716,0,0,0
2016-06-23,2836,1,88,6511,194716,0,0,0
2016-06-24,2836,9,131,6389,194716,0,0,0
2016-06-27,2836,4,12,6381,194716,0,0,0
2016-06-28,2836,1,1,6352,194716,0,0,0
2016-06-29,2836,3,28,6327,194716,0,0,0
2016-06-30,2836,2,2,6327,194716,0,0,0
2016-07-01,2836,10,4,6333,194716,0,0,0
2016-07-04,2836,14,3,6343,194716,0,0,0
2016-07-05,2836,11,5,6349,194716,0,0,0
2016-07-06,2836,11,14,6346,194716,0,0,0
2016-07-07,2836,10,0,6356,194716,0,0,0
2016-07-11,2836,7,15,6348,194716,0,0,0
2016-07-12,2836,6,1,6353,194716,0,0,0
2016-07-13,2836,21,49,6325,194716,0,0,0
2016-07-14,2836,32,47,6310,194716,0,0,0
2016-07-15,2836,21,10,6321,194716,0,0,0
2016-07-18,2836,27,58,6290,194716,0,0,0
2016-07-19,2836,25,110,6205,194716,0,0,0
2016-07-20,2836,23,12,6216,194716,0,0,0
2016-07-21,2836,19,16,6219,194716,0,0,0
2016-07-22,2836,23,3,6239,194716,0,0,0
2016-07-25,2836,94,0,6333,194716,0,0,0
2016-07-26,2836,17,8,6342,194716,0,0,0
2016-07-27,2836,12,51,6303,194716,0,0,0
2016-07-28,2836,330,304,6329,194716,0,0,0
2016-07-29,2836,25,17,6337,194716,0,0,0
2016-08-01,2836,33,34,6336,194716,0,0,0
2016-08-02,2836,10,83,6263,194716,0,0,0
2016-08-03,2836,42,23,6282,194716,0,0,0
2016-08-04,2836,1,1,6282,194716,0,0,0
2016-08-05,2836,5,99,6188,194716,0,0,0
2016-08-08,2836,77,518,5735,194716,0,0,0
2016-08-09,2836,23,21,5737,194716,0,0,0
2016-08-10,2836,179,17,5899,194716,0,0,0
2016-08-11,2836,16,14,5901,194716,0,0,0
2016-08-12,2836,6,17,5890,194716,0,0,0
2016-08-15,2836,19,11,5898,194716,0,0,0
2016-08-16,2836,7,1,5904,194716,0,0,0
2016-08-17,2836,10,86,5828,194716,0,0,0
2016-08-18,2836,18,22,5824,194716,0,0,0
2016-08-19,2836,25,121,5728,194716,0,0,0
2016-08-22,2836,25,57,5696,194716,0,0,0
2016-08-23,2836,74,41,5729,194716,0,0,0
2016-08-24,2836,11,63,5677,194716,0,0,0
2016-08-25,2836,2,26,5653,194716,0,0,0
2016-08-26,2836,0,136,5517,194716,0,0,0
2016-08-29,2836,14,57,5474,194716,0,0,0
2016-08-30,2836,4,12,5466,194716,0,0,0
2016-08-31,2836,7,10,5463,194716,0,0,0
2016-09-01,2836,7,41,5429,194716,0,0,0
2016-09-02,2836,0,3,5426,194716,0,0,0
2016-09-05,2836,24,10,5440,194716,0,0,0
2016-09-06,2836,1,23,5418,194716,0,0,0
2016-09-07,2836,0,48,5370,194716,0,0,0
2016-09-08,2836,4,12,5362,194716,0,0,0
2016-09-09,2836,34,2,5394,194716,0,0,0
2016-09-10,2836,42,6,5430,194716,0,0,0
2016-09-12,2836,40,2,5468,194716,0,0,0
2016-09-13,2836,40,11,5497,194716,0,0,0
2016-09-14,2836,10,133,5374,194716,0,0,0
2016-09-19,2836,88,9,5453,194716,0,0,0
2016-09-20,2836,3,5,5451,194716,0,0,0
2016-09-21,2836,54,139,5366,194716,0,0,0
2016-09-22,2836,849,860,5355,194716,0,0,0
2016-09-23,2836,46,1126,4175,194716,0,0,0
2016-09-26,2836,30,99,4106,194716,0,0,0
2016-09-29,2836,0,2,3711,194716,0,0,0
2016-09-30,2836,20,60,3670,194716,0,0,0
2016-10-03,2836,29,1,3698,194716,0,0,0
2016-10-04,2836,28,4,3711,194716,0,0,0
2016-10-05,2836,4,3,3712,194716,0,0,0
2016-10-06,2836,0,37,3675,194716,0,0,0
2016-10-07,2836,36,0,3711,194716,0,0,0
2016-10-11,2836,19,27,3703,194716,0,0,0
2016-10-12,2836,23,30,3696,194716,0,0,0
2016-10-13,2836,40,102,3634,205805,0,0,0
2016-10-14,2836,43,15,3662,205805,0,0,0
2016-10-17,2836,24,9,3627,205805,0,0,0
2016-10-18,2836,17,10,3634,205805,0,0,0
2016-10-19,2836,146,49,3731,205805,0,0,0
2016-10-20,2836,208,11,3928,205805,0,0,0
2016-10-21,2836,108,6,4030,205805,0,0,0
2016-10-24,2836,10,50,3970,205805,0,0,0
2016-10-25,2836,18,9,3979,205805,0,0,0
2016-10-26,2836,38,0,4017,205805,0,0,0
2016-10-27,2836,16,35,3948,205805,0,0,0
2016-10-28,2836,18,24,3942,205805,0,0,0
2016-10-31,2836,3,18,3907,205805,0,0,0
2016-11-01,2836,21,13,3915,205805,0,0,0
2016-11-02,2836,13,7,3921,205805,0,0,0
2016-11-03,2836,16,16,3921,205805,0,0,0
2016-11-04,2836,66,56,3901,205805,0,0,0
2016-11-07,2836,20,4,3917,205805,0,0,0
2016-11-08,2836,8,0,3915,205805,0,0,0
2016-11-09,2836,183,562,3536,205805,0,0,0
2016-11-10,2836,24,7,3523,205805,0,0,0
2016-11-11,2836,157,15,3665,205805,0,0,0
2016-11-14,2836,27,19,3669,205805,0,0,0
2016-11-15,2836,0,10,3659,205805,0,0,0
2016-11-16,2836,9,6,3662,205805,0,0,0
2016-11-17,2836,2,21,3643,205805,0,0,0
2016-11-18,2836,25,73,3595,205805,0,0,0
2016-11-21,2836,25,23,3597,205805,0,0,0
2016-11-22,2836,20,0,3617,205805,0,0,0
2016-11-23,2836,30,27,3620,205805,0,0,0
2016-11-24,2836,140,3,3757,205805,0,0,0
2016-11-25,2836,76,148,3685,205805,0,0,0
2016-11-28,2836,16,32,3669,205805,0,0,0
2016-11-29,2836,0,49,3620,205805,0,0,0
2016-11-30,2836,21,48,3593,205805,0,0,0
2016-12-01,2836,41,63,3571,205805,0,0,0
2016-12-02,2836,86,0,3657,205805,0,0,0
2016-12-05,2836,1,52,3606,205805,0,0,0
2016-12-06,2836,10,7,3603,205805,0,0,0
2016-12-07,2836,74,5,3672,205805,0,0,0
2016-12-08,2836,61,113,3620,205805,0,0,0
2016-12-09,2836,28,14,3634,205805,0,0,0
2016-12-12,2836,8,20,3622,205805,0,0,0
2016-12-13,2836,131,52,3701,205805,0,0,0
2016-12-14,2836,75,109,3667,205805,0,0,0
2016-12-15,2836,10,23,3654,205805,0,0,0
2016-12-16,2836,7,20,3641,205805,0,0,0
2016-12-19,2836,14,37,3618,205805,0,0,0
2016-12-20,2836,0,10,3608,205805,0,0,0
2016-12-21,2836,50,23,3623,205805,0,0,0
2016-12-22,2836,8,8,3623,205805,0,0,0
2016-12-23,2836,9,8,3624,205805,0,0,0
2016-12-26,2836,8,10,3622,205805,0,0,0
2016-12-27,2836,1,0,3623,205805,0,0,0
2016-12-28,2836,0,5,3618,205805,0,0,0
2016-12-29,2836,1,4,3615,205805,0,0,0
2016-12-30,2836,0,4,3611,205805,0,0,0
2017-01-03,2836,8,8,3611,205805,0,0,0
2017-01-04,2836,0,3,3608,205805,0,0,0
2017-01-05,2836,11,11,3608,205805,0,0,0
2017-01-06,2836,20,1,3627,205805,0,0,0
2017-01-09,2836,82,8,3701,205805,0,0,0
2017-01-10,2836,55,0,3756,205805,0,0,0
2017-01-11,2836,87,0,3843,205805,0,0,0
2017-01-12,2836,4,8,3839,205805,0,0,0
2017-01-13,2836,4,27,3816,205805,0,0,0
2017-01-16,2836,58,54,3820,205805,0,0,0
2017-01-17,2836,7,9,3818,205805,0,0,0
2017-01-18,2836,84,4,3898,205805,0,0,0
2017-01-19,2836,0,5,3893,205805,0,0,0
2017-01-20,2836,106,36,3963,205805,0,0,0
2017-01-23,2836,92,36,4017,205805,0,0,0
2017-01-24,2836,89,95,4011,205805,0,0,0
2017-02-02,2836,64,38,4037,205805,0,0,0
2017-02-03,2836,55,249,3843,205805,0,0,0
2017-02-06,2836,65,52,3856,205805,0,0,0
2017-02-07,2836,51,54,3853,205805,0,0,0
2017-02-08,2836,6,26,3833,205805,0,0,0
2017-02-09,2836,3,37,3792,205805,0,0,0
2017-02-10,2836,27,29,3762,205805,0,0,0
2017-02-13,2836,14,17,3759,205805,0,0,0
2017-02-14,2836,5,25,3739,205805,0,0,0
2017-02-15,2836,42,62,3719,205805,0,0,0
2017-02-16,2836,83,30,3766,205805,0,0,0
2017-02-17,2836,45,82,3729,205805,0,0,0
2017-02-18,2836,10,137,3602,205805,0,0,0
2017-02-20,2836,116,84,3634,205805,0,0,0
2017-02-21,2836,95,28,3701,205805,0,0,0
2017-02-22,2836,137,8,3830,205805,0,0,0
2017-02-23,2836,32,11,3851,205805,0,0,0
2017-02-24,2836,18,12,3857,205805,0,4,4
2017-03-01,2836,43,1,3899,205805,0,0,4
2017-03-02,2836,166,26,4039,205805,0,0,4
2017-03-03,2836,25,1,4063,205805,0,0,4
2017-03-06,2836,87,102,4048,205805,4,0,0
2017-03-07,2836,133,13,4168,205805,0,0,0
2017-03-08,2836,178,14,4332,205805,0,0,0
2017-03-09,2836,150,178,4304,205805,0,0,0
2017-03-10,2836,134,505,3931,205805,0,0,0
2017-03-13,2836,87,153,3865,205805,0,0,0
2017-03-14,2836,24,60,3829,205805,0,0,0
2017-03-15,2836,10,54,3784,205805,0,0,0
2017-03-16,2836,55,30,3809,205805,0,16,16
2017-03-17,2836,76,33,3852,205805,0,3,19
2017-03-20,2836,12,52,3812,205805,0,0,19
2017-03-21,2836,12,28,3796,205805,0,0,19
2017-03-22,2836,5,44,3757,205805,0,0,19
2017-03-23,2836,21,56,3722,250805,0,17,36
2017-03-24,2836,43,254,3511,250805,30,0,3
2017-03-27,2836,79,53,3537,250805,3,10,10
2017-03-28,2836,20,114,3441,250805,0,0,10
2017-03-29,2836,17,64,3394,250805,0,0,10
2017-03-30,2836,26,22,3398,250805,0,0,10
2017-03-31,2836,21,36,3383,250805,0,0,10
2017-04-05,2836,31,28,3386,250805,0,0,10
2017-04-06,2836,12,10,3388,250805,0,0,10
2017-04-07,2836,91,23,3456,250805,10,0,0
2017-04-10,2836,12,38,3430,250805,0,0,0
2017-04-11,2836,1,30,3351,250805,0,0,0
2017-04-12,2836,0,26,3319,250805,0,0,0
2017-04-13,2836,0,5,3314,250805,0,0,0
2017-04-14,2836,8,33,3289,250805,0,0,0
2017-04-17,2836,22,33,3278,250805,0,0,0
2017-04-18,2836,3,2,3279,250805,0,0,0
2017-04-19,2836,13,1,3291,250805,0,0,0
2017-04-20,2836,17,1,3307,250805,0,1,1
2017-04-21,2836,23,1,3329,250805,0,0,1
2017-04-24,2836,5,0,3334,250805,0,0,1
2017-04-25,2836,22,14,3342,250805,0,0,1
2017-04-26,2836,37,5,3374,250805,0,0,1
2017-04-27,2836,4,38,3340,250805,0,0,1
2017-04-28,2836,3,0,3342,250805,0,0,1
2017-05-02,2836,3,24,3321,250805,0,0,1
2017-05-03,2836,6,2,3325,250805,0,0,1
2017-05-04,2836,29,6,3343,250805,0,0,1
2017-05-05,2836,20,3,3360,250805,0,0,1
2017-05-08,2836,2,0,3362,250805,0,0,1
2017-05-09,2836,30,10,3382,250805,0,0,1
2017-05-10,2836,38,0,3420,250805,0,0,1
2017-05-11,2836,14,8,3426,250805,0,0,1
2017-05-12,2836,6,10,3421,250805,0,0,1
2017-05-15,2836,10,0,3431,250805,0,0,1
2017-05-16,2836,25,64,3392,250805,0,0,1
2017-05-17,2836,9,0,3401,250805,0,0,1
2017-05-18,2836,53,2,3452,250805,0,0,1
2017-05-19,2836,2,6,3448,250805,0,0,1
2017-05-22,2836,7,2,3453,250805,0,0,1
2017-05-23,2836,0,6,3447,250805,0,0,1
2017-05-24,2836,0,5,3442,250805,0,0,1
2017-05-25,2836,48,0,3490,250805,0,0,1
2017-05-26,2836,0,0,3470,250805,0,0,1
2017-05-31,2836,2,45,3427,250805,0,0,1
2017-06-01,2836,102,1,3528,250805,0,0,1
2017-06-02,2836,0,0,3528,250805,0,0,1
2017-06-03,2836,6,0,3534,250805,0,0,1
2017-06-05,2836,9,1,3542,250805,0,0,1
2017-06-06,2836,33,12,3563,250805,0,0,1
2017-06-07,2836,37,2,3558,250805,0,0,1
2017-06-08,2836,184,253,3489,250805,0,0,1
2017-06-09,2836,86,96,3479,250805,0,0,1
2017-06-12,2836,22,24,3477,250805,0,0,1
2017-06-13,2836,5,5,3477,250805,0,0,1
2017-06-14,2836,20,10,3487,250805,0,0,1
2017-06-15,2836,0,2,3485,250805,0,0,1
2017-06-16,2836,12,4,3493,250805,0,0,1
2017-06-19,2836,52,0,3545,250805,0,0,1
2017-06-20,2836,34,2,3577,250805,0,0,1
2017-06-21,2836,4,30,3551,250805,0,0,1
2017-06-22,2836,5,2,3554,250805,0,0,1
2017-06-23,2836,0,1,3553,250805,0,0,1
2017-06-26,2836,3,0,3554,250805,0,0,1
2017-06-27,2836,64,6,3612,250805,0,0,1
2017-06-28,2836,10,51,3571,250805,0,1,2
2017-06-29,2836,237,10,3798,250805,0,0,2
2017-06-30,2836,17,27,3788,250805,0,0,2
2017-07-03,2836,20,8,3800,250805,0,0,2
2017-07-04,2836,22,1,3821,250805,0,0,2
2017-07-05,2836,0,69,3752,250805,0,0,2
2017-07-06,2836,616,682,3686,250805,0,0,2
2017-07-07,2836,0,41,3645,250805,0,0,2
2017-07-10,2836,22,54,3613,250805,0,0,2
2017-07-11,2836,244,280,3577,250805,0,0,2
2017-07-12,2836,2,29,3550,250805,0,0,2
2017-07-13,2836,104,0,3654,250805,0,0,2
2017-07-14,2836,3,12,3645,250805,0,0,2
2017-07-17,2836,28,3,3670,250805,0,0,2
2017-07-18,2836,77,27,3720,250805,0,0,2
2017-07-19,2836,328,50,3998,250805,0,0,2
2017-07-20,2836,41,59,3980,250805,0,0,2
2017-07-21,2836,23,92,3909,250805,0,0,2
2017-07-24,2836,48,49,3908,250805,0,0,2
2017-07-25,2836,5,2,3911,250805,0,0,2
2017-07-26,2836,92,39,3964,250805,0,0,2
2017-07-27,2836,8,94,3878,250805,0,0,2
2017-07-28,2836,2,6,3874,250805,0,0,1
2017-07-31,2836,11,40,3845,250805,0,0,1
2017-08-01,2836,11,5,3851,250805,0,0,1
2017-08-02,2836,72,38,3885,250805,1,0,0
2017-08-03,2836,61,4,3942,250805,0,0,0
2017-08-04,2836,132,14,4060,250805,0,0,0
2017-08-07,2836,249,21,4288,250805,0,0,0
2017-08-08,2836,85,228,4145,250805,0,0,0
2017-08-09,2836,190,12,4323,250805,0,0,0
2017-08-10,2836,81,64,4340,250805,0,0,0
2017-08-11,2836,88,7,4421,250805,0,0,0
2017-08-14,2836,72,45,4448,250805,0,0,0
2017-08-15,2836,10,4,4454,250805,0,0,0
2017-08-16,2836,5,24,4435,250805,0,0,0
2017-08-17,2836,4,177,4262,250805,0,0,0
2017-08-18,2836,14,19,4257,250805,0,0,0
2017-08-21,2836,0,9,4248,250805,0,0,0
2017-08-22,2836,0,9,4239,250805,0,0,0
2017-08-23,2836,87,14,4312,250805,0,0,0
2017-08-24,2836,0,42,4270,250805,0,0,0
2017-08-25,2836,0,3,4266,250805,0,0,0
2017-08-28,2836,8,169,4105,250805,0,0,0
2017-08-29,2836,2,8,4099,250805,0,0,0
2017-08-30,2836,4,93,4009,250805,0,0,0
2017-08-31,2836,155,34,4130,250805,0,1,1
2017-09-01,2836,19,2,4147,250805,0,0,1
2017-09-04,2836,30,47,4130,250805,0,0,1
2017-09-05,2836,0,12,4118,250805,0,0,1
2017-09-06,2836,14,2,4130,250805,0,0,1
2017-09-07,2836,9,13,4121,250805,0,0,1
2017-09-08,2836,71,0,4192,250805,0,0,1
2017-09-11,2836,74,24,4242,250805,0,0,1
2017-09-12,2836,10,18,4234,250805,0,0,1
2017-09-13,2836,0,3,4128,250805,0,0,1
2017-09-14,2836,77,10,4195,250805,0,0,1
2017-09-15,2836,2,0,4197,250805,0,0,1
2017-09-18,2836,9,23,4183,250805,0,0,1
2017-09-19,2836,2,0,4182,250805,0,0,1
2017-09-20,2836,1,67,4115,250805,0,0,1
2017-09-21,2836,2,18,4099,250805,0,0,0
2017-09-22,2836,14,7,4106,250805,0,0,0
2017-09-25,2836,1,13,4094,250805,0,0,0
2017-09-26,2836,83,65,4105,250805,0,0,0
2017-09-27,2836,4,9,4100,250805,0,0,0
2017-09-28,2836,0,22,4078,250805,0,0,0
2017-09-29,2836,2,11,4069,250805,0,0,0
2017-09-30,2836,0,0,4069,250805,0,0,0
2017-10-02,2836,2,0,4071,250805,0,0,0
2017-10-03,2836,4,1,4074,250805,0,0,0
2017-10-05,2836,2,4,4072,250805,0,0,0
2017-10-06,2836,4,5,4071,250805,0,0,0
2017-10-11,2836,4,111,3964,250805,0,0,0
2017-10-12,2836,2,4,3962,250805,0,0,0
2017-10-13,2836,110,39,4033,250805,0,0,0
2017-10-16,2836,0,8,4025,250805,0,0,0
2017-10-17,2836,121,70,4076,250805,0,0,0
2017-10-18,2836,93,45,4124,250805,0,0,0
2017-10-19,2836,78,405,3796,250805,0,0,0
2017-10-20,2836,5,6,3795,250805,0,0,0
2017-10-23,2836,0,1,3794,250805,0,0,0
2017-10-24,2836,1,8,3787,250805,0,0,0
2017-10-25,2836,5,16,3776,250805,0,0,0
2017-10-26,2836,126,28,3874,250805,0,0,0
2017-10-27,2836,71,49,3896,250805,0,0,0
2017-10-30,2836,1,13,3883,250805,0,0,0
2017-10-31,2836,2,4,3879,250805,0,0,0
2017-11-01,2836,10,12,3877,250805,0,0,0
2017-11-02,2836,16,24,3869,250805,0,0,0
2017-11-03,2836,5,20,3854,250805,0,0,0
2017-11-06,2836,11,1,3864,250805,0,4,4
2017-11-07,2836,7,1,3870,250805,0,0,4
2017-11-08,2836,2,10,3862,250805,0,0,4
2017-11-09,2836,0,0,3862,250805,0,0,4
2017-11-10,2836,15,2,3875,250805,0,0,4
2017-11-13,2836,34,1,3908,250805,0,0,4
2017-11-14,2836,3,2,3909,250805,0,1,5
2017-11-15,2836,16,19,3906,250805,0,0,5
2017-11-16,2836,0,57,3849,250805,0,0,5
2017-11-17,2836,1,5,3845,250805,0,0,5
2017-11-20,2836,15,8,3852,250805,0,0,5
2017-11-21,2836,11,10,3853,250805,0,0,5
2017-11-22,2836,36,3,3882,250805,0,0,5
2017-11-23,2836,62,28,3916,250805,0,0,5
2017-11-24,2836,57,39,3929,250805,0,0,5
2017-11-27,2836,75,5,3999,250805,0,0,5
2017-11-28,2836,10,6,4003,250805,0,0,5
2017-11-29,2836,18,6,4014,250805,0,0,5
2017-11-30,2836,30,1,4043,250805,0,0,5
2017-12-01,2836,16,60,3999,250805,0,0,5
2017-12-04,2836,30,19,4010,250805,0,0,5
2017-12-05,2836,11,98,3923,250805,0,0,5
2017-12-06,2836,3,13,3913,250805,0,0,5
2017-12-07,2836,44,18,3939,250805,0,0,5
2017-12-08,2836,32,2,3968,250805,0,0,5
2017-12-11,2836,10,42,3936,250805,0,0,5
2017-12-12,2836,6,17,3925,250805,0,0,5
2017-12-13,2836,20,2,3943,250805,0,0,5
2017-12-14,2836,27,1,3969,250805,0,0,5
2017-12-15,2836,2,22,3949,250805,0,0,5
2017-12-18,2836,12,2,3959,250805,0,0,5
2017-12-19,2836,27,15,3971,250805,4,0,1
2017-12-20,2836,40,6,4005,250805,0,0,1
2017-12-21,2836,32,2,4035,250805,0,0,1
2017-12-22,2836,3,19,4019,250805,0,0,1
2017-12-25,2836,7,93,3933,250805,0,0,1
2017-12-26,2836,3,28,3908,250805,0,0,1
2017-12-27,2836,5,2,3911,250805,0,0,1
2017-12-28,2836,15,19,3907,250805,0,0,1
2017-12-29,2836,16,2,3921,250805,0,0,1
2018-01-02,2836,1,2,3920,250805,0,0,1
2018-01-03,2836,2,0,3922,250805,0,0,1
2018-01-04,2836,103,2,4023,250805,0,0,1
2018-01-05,2836,113,10,4126,250805,0,0,1
2018-01-08,2836,95,96,4125,250805,0,0,1
2018-01-09,2836,2,53,4074,250805,0,0,1
2018-01-10,2836,7,160,3921,250805,0,0,1
2018-01-11,2836,359,219,4061,250805,0,0,1
2018-01-12,2836,547,144,4464,250805,0,0,1
2018-01-15,2836,495,511,4440,250805,0,0,1
2018-01-16,2836,183,183,4440,250805,0,0,1
2018-01-17,2836,94,142,4392,250805,0,2,3
2018-01-18,2836,161,424,4129,250805,0,0,3
2018-01-19,2836,46,162,4013,250805,0,1,4
2018-01-22,2836,23,138,3898,250805,0,0,4
2018-01-23,2836,117,54,3961,250805,0,0,4
2018-01-24,2836,402,115,4248,250805,0,0,4
2018-01-25,2836,78,12,4314,250805,0,0,4
2018-01-26,2836,37,17,4334,250805,0,0,4
2018-01-29,2836,252,24,4562,250805,0,0,2
2018-01-30,2836,280,54,4788,250805,0,0,2
2018-01-31,2836,5,19,4774,250805,0,0,2
2018-02-01,2836,11,30,4755,250805,0,0,2
2018-02-02,2836,5,50,4710,250805,0,0,2
2018-02-05,2836,30,68,4672,250805,0,0,2
2018-02-06,2836,189,66,4795,250805,0,0,2
2018-02-07,2836,66,11,4850,250805,1,0,1
2018-02-08,2836,162,1,5011,250805,0,0,1
2018-02-09,2836,46,167,4880,250805,0,0,1
2018-02-12,2836,3,41,4842,250805,0,0,1
2018-02-21,2836,33,123,4685,250805,0,0,1
2018-02-22,2836,18,31,4662,250805,0,0,1
2018-02-23,2836,239,16,4885,250805,0,0,1
2018-02-26,2836,24,18,4891,250805,0,0,1
2018-02-27,2836,5,7,4889,250805,0,0,1
2018-03-01,2836,19,37,4871,250805,0,2,3
2018-03-02,2836,13,71,4808,250805,0,0,3
2018-03-05,2836,12,3,4817,250805,0,0,3
2018-03-06,2836,94,2,4909,250805,0,0,3
2018-03-07,2836,17,15,4911,250805,0,0,3
2018-03-08,2836,129,132,4908,250805,0,0,3
2018-03-09,2836,30,27,4911,250805,0,0,3
2018-03-12,2836,0,124,4787,250805,2,0,1
2018-03-13,2836,2,105,4684,250805,0,0,1
2018-03-14,2836,11,96,4599,250805,0,0,1
2018-03-15,2836,3,11,4589,250805,0,0,1
2018-03-16,2836,20,3,4606,250805,0,0,1
2018-03-19,2836,14,48,4572,250805,0,0,1
2018-03-20,2836,4,0,4572,250805,0,0,1
2018-03-21,2836,9,24,4557,250805,0,0,1
2018-03-22,2836,5,23,4539,250805,0,0,1
2018-03-23,2836,9,12,4536,250805,0,0,1
2018-03-26,2836,34,0,4570,250805,0,0,1
2018-03-27,2836,19,5,4584,250805,0,0,1
2018-03-28,2836,0,4,4580,250805,0,0,1
2018-03-29,2836,328,331,4577,250805,0,0,1
2018-03-30,2836,31,37,4571,250805,0,0,1
2018-03-31,2836,42,2,4611,250805,0,0,1
2018-04-02,2836,35,1,4645,250805,0,0,1
2018-04-03,2836,31,20,4656,250805,0,0,1
2018-04-09,2836,24,0,4680,250805,0,0,1
2018-04-10,2836,7,0,4687,250805,0,0,1
2018-04-11,2836,37,15,4709,250805,0,0,0
2018-04-12,2836,30,0,4724,250805,0,0,0
2018-04-13,2836,106,20,4810,250805,0,0,0
2018-04-16,2836,33,70,4773,250805,0,0,0
2018-04-17,2836,56,81,4748,250805,0,0,0
2018-04-18,2836,60,0,4808,250805,0,0,0
2018-04-19,2836,34,1,4841,250805,0,0,0
2018-04-20,2836,30,9,4862,250805,0,0,0
2018-04-23,2836,20,35,4847,250805,0,0,0
2018-04-24,2836,2,21,4828,250805,0,0,0
2018-04-25,2836,0,4,4823,250805,0,0,0
2018-04-26,2836,0,0,4821,250805,0,0,0
2018-04-27,2836,13,3,4831,250805,0,0,0
2018-04-30,2836,24,4,4851,250805,0,0,0
2018-05-02,2836,28,4,4875,250805,0,0,0
2018-05-03,2836,0,0,4875,250805,0,0,0
2018-05-04,2836,0,0,4875,250805,0,0,0
2018-05-07,2836,11,10,4876,250805,0,0,0
2018-05-08,2836,17,0,4893,250805,0,0,0
2018-05-09,2836,21,2,4912,250805,0,0,0
2018-05-10,2836,0,0,4912,250805,0,0,0
2018-05-11,2836,0,1,4911,250805,0,0,0
2018-05-14,2836,4,22,4893,250805,0,0,0
2018-05-15,2836,2,17,4878,250805,0,0,0
2018-05-16,2836,12,6,4884,250805,0,0,0
2018-05-17,2836,31,30,4885,250805,0,0,0
2018-05-18,2836,60,90,4855,250805,0,0,0
2018-05-21,2836,10,5,4860,250805,0,0,0
2018-05-22,2836,0,0,4860,250805,0,0,0
2018-05-23,2836,0,11,4849,250805,0,0,0
2018-05-24,2836,33,0,4882,250805,0,0,0
2018-05-25,2836,4,7,4879,250805,0,0,0
2018-05-28,2836,20,2,4897,250805,0,0,0
2018-05-29,2836,2,0,4899,250805,0,0,0
2018-05-30,2836,8,1,4906,250805,0,0,0
2018-05-31,2836,0,1,4905,250805,0,0,0
2018-06-01,2836,0,0,4905,250805,0,0,0
2018-06-04,2836,0,0,4905,250805,0,0,0
2018-06-05,2836,5,0,4910,250805,0,0,0
2018-06-06,2836,10,1,4919,250805,0,0,0
2018-06-07,2836,12,42,4655,250805,0,0,0
2018-06-08,2836,37,10,4682,250805,0,0,0
2018-06-11,2836,13,2,4693,250805,0,0,0
2018-06-12,2836,814,869,4638,250805,0,0,0
2018-06-13,2836,2,0,4640,250805,0,0,0
2018-06-14,2836,39,31,4648,250805,0,0,0
2018-06-15,2836,42,2,4673,250805,0,0,0
2018-06-19,2836,7,8,4672,250805,0,0,0
2018-06-20,2836,3,25,4650,250805,0,0,0
2018-06-21,2836,12,10,4632,250805,0,0,0
2018-06-22,2836,15,6,4641,250805,0,0,0
2018-06-25,2836,11,13,4639,250805,0,0,0
2018-06-26,2836,25,14,4650,250805,0,0,0
2018-06-27,2836,23,4,4669,250805,0,0,0
2018-06-28,2836,3,35,4637,250805,0,0,0
2018-06-29,2836,7,14,4630,250805,0,0,0
2018-07-02,2836,3,0,4633,250805,0,0,0
2018-07-03,2836,17,6,4644,250805,0,0,0
2018-07-04,2836,3,56,4591,250805,0,0,0
2018-07-05,2836,1,5,4587,250805,0,0,0
2018-07-06,2836,0,4,4583,250805,0,0,0
2018-07-09,2836,2,20,4565,250805,0,0,0
2018-07-10,2836,0,0,4565,250805,0,0,0
2018-07-11,2836,7,0,4572,250805,0,0,0
2018-07-12,2836,0,0,4572,250805,0,0,0
2018-07-13,2836,2,2,4522,250805,0,0,0
2018-07-16,2836,3,0,4522,250805,0,0,0
2018-07-17,2836,43,52,4513,250805,0,0,0
2018-07-18,2836,28,28,4513,250805,0,0,0
2018-07-19,2836,10,1,4522,250805,0,0,0
2018-07-20,2836,1,5,4518,250805,0,0,0
2018-07-23,2836,5,0,4523,250805,0,0,0
2018-07-24,2836,48,2,4569,250805,0,0,0
2018-07-25,2836,11,16,4564,250805,0,0,0
2018-07-26,2836,11,10,4565,250805,0,0,0
2018-07-27,2836,8,30,4543,250805,0,0,0
2018-07-30,2836,2,7,4538,250805,0,0,0
2018-07-31,2836,11,19,4530,250805,0,0,0
2018-08-01,2836,110,16,4624,250805,0,0,0
2018-08-02,2836,78,37,4665,250805,0,0,0
2018-08-03,2836,25,19,4671,250805,0,0,0
2018-08-06,2836,154,47,4778,250805,0,0,0
2018-08-07,2836,166,33,4911,250805,0,1,1
2018-08-08,2836,71,41,4941,250805,0,0,1
2018-08-09,2836,5,0,4946,250805,0,0,1
2018-08-10,2836,80,58,4968,250805,0,0,0
2018-08-13,2836,111,97,4982,250805,0,0,0
2018-08-14,2836,40,8,5014,250805,0,0,0
2018-08-15,2836,5,11,5008,250805,0,0,0
2018-08-16,2836,57,10,5055,250805,0,0,0
2018-08-17,2836,5,8,5052,250805,0,0,0
2018-08-20,2836,18,38,5032,250805,0,0,0
2018-08-21,2836,70,34,5068,250805,0,0,0
2018-08-22,2836,103,38,5133,250805,0,0,0
2018-08-23,2836,64,31,5166,250805,0,0,0
2018-08-24,2836,279,7,5438,250805,0,1,1
2018-08-27,2836,67,5,5500,250805,1,0,0
2018-08-28,2836,105,22,5583,250805,0,0,0
2018-08-29,2836,57,381,5259,250805,0,0,0
2018-08-30,2836,60,171,5148,250805,0,0,0
2018-08-31,2836,30,62,5116,250805,0,0,0
2018-09-03,2836,73,447,4736,250805,0,0,0
2018-09-04,2836,116,179,4673,250805,0,0,0
2018-09-05,2836,266,177,4762,250805,0,0,0
2018-09-06,2836,19,9,4772,250805,0,0,0
2018-09-07,2836,110,210,4672,250805,0,0,0
2018-09-10,2836,61,29,4698,250805,0,0,0
2018-09-11,2836,0,13,4685,250805,0,3,3
2018-09-12,2836,25,0,4710,250805,3,0,0
2018-09-13,2836,11,29,4692,250805,0,0,0
2018-09-14,2836,6,236,4462,250805,0,0,0
2018-09-17,2836,14,9,4467,250805,0,0,0
2018-09-18,2836,24,6,4485,250805,0,0,0
2018-09-19,2836,16,38,4463,250805,0,0,0
2018-09-20,2836,10,0,4473,250805,0,1,1
2018-09-21,2836,5,187,4291,250805,0,1,2
2018-09-25,2836,97,32,4356,250805,1,0,1
2018-09-26,2836,71,5,4422,250805,0,0,1
2018-09-27,2836,13,20,4415,250805,0,0,1
2018-09-28,2836,46,25,4436,250805,0,0,1
2018-10-01,2836,30,100,4366,250805,0,0,1
2018-10-02,2836,57,38,4385,250805,0,0,1
2018-10-03,2836,53,48,4390,250805,0,0,1
2018-10-04,2836,15,9,4396,250805,0,0,1
2018-10-05,2836,109,30,4475,250805,0,1,2
2018-10-08,2836,118,70,4523,260085,0,0,2
2018-10-09,2836,93,7,4609,260085,0,0,2
2018-10-11,2836,102,117,4594,260085,1,1,2
2018-10-12,2836,38,41,4591,260085,1,0,1
2018-10-15,2836,21,21,4591,260085,0,10,11
2018-10-16,2836,5,23,4573,260085,0,0,11
2018-10-17,2836,20,11,4582,260085,0,0,11
2018-10-18,2836,0,0,4493,260085,0,0,11
2018-10-19,2836,7,38,4462,260085,0,3,14
2018-10-22,2836,16,13,4465,260085,0,0,14
2018-10-23,2836,3,10,4458,260085,0,3,17
2018-10-24,2836,14,99,4373,260085,16,0,1
2018-10-25,2836,13,30,4356,260085,1,1,1
2018-10-26,2836,51,36,4371,260085,0,0,1
2018-10-29,2836,13,73,4311,260085,0,0,1
2018-10-30,2836,10,54,4267,260085,0,0,1
2018-10-31,2836,0,22,4245,260085,0,0,1
2018-11-01,2836,11,10,4246,260085,0,0,1
2018-11-02,2836,6,4,4248,260085,0,0,1
2018-11-05,2836,18,0,4266,260085,0,0,1
2018-11-06,2836,0,22,4244,260085,0,0,1
2018-11-07,2836,30,1,4273,260085,0,0,1
2018-11-08,2836,267,49,4491,260085,0,0,1
2018-11-09,2836,2,0,4493,260085,0,0,1
2018-11-12,2836,32,37,4488,260085,0,0,1
2018-11-13,2836,14,0,4502,260085,0,0,1
2018-11-14,2836,7,30,4479,260085,0,0,1
2018-11-15,2836,64,4,4539,260085,0,0,1
2018-11-16,2836,2,9,4532,260085,0,0,1
2018-11-19,2836,31,0,4563,260085,0,0,1
2018-11-20,2836,5,93,4475,260085,0,0,1
2018-11-21,2836,97,30,4542,260085,0,0,1
2018-11-22,2836,24,3,4563,260085,0,0,1
2018-11-23,2836,39,5,4597,260085,0,0,1
2018-11-26,2836,110,212,4495,260085,0,10,11
2018-11-27,2836,101,11,4585,260085,0,0,11
2018-11-28,2836,130,38,4677,260085,10,0,1
2018-11-29,2836,43,148,4572,260085,0,0,1
2018-11-30,2836,19,89,4502,260085,0,0,1
2018-12-03,2836,152,101,4553,260085,1,0,0
2018-12-04,2836,69,30,4592,260085,0,0,0
2018-12-05,2836,24,60,4556,260085,0,0,0
2018-12-06,2836,109,80,4585,260085,0,0,0
2018-12-07,2836,142,24,4703,260085,0,0,0
2018-12-10,2836,25,34,4694,260085,0,0,0
2018-12-11,2836,118,21,4791,260085,0,0,0
2018-12-12,2836,45,35,4801,260085,0,0,0
2018-12-13,2836,63,172,4692,260085,0,0,0
2018-12-14,2836,36,76,4538,260085,0,0,0
2018-12-17,2836,25,150,4413,260085,0,1,1
2018-12-18,2836,41,279,4175,260085,0,0,1
2018-12-19,2836,6,6,4175,260085,0,0,1
2018-12-20,2836,8,6,4177,260085,0,0,1
2018-12-21,2836,45,86,4136,260085,0,0,1
2018-12-22,2836,30,0,4166,260085,0,0,1
2018-12-24,2836,21,31,4156,260085,1,0,0
2018-12-25,2836,60,6,4210,260085,0,0,0
2018-12-26,2836,20,10,4220,260085,0,0,0
2018-12-27,2836,0,108,4112,260085,0,0,0
2018-12-28,2836,5,9,4108,260085,0,0,0
2019-01-02,2836,28,25,4111,260085,0,0,0
2019-01-03,2836,0,34,4077,260085,0,0,0
2019-01-04,2836,1,25,4053,260085,0,0,0
2019-01-07,2836,38,73,4018,260085,0,0,0
2019-01-08,2836,0,7,4011,260085,0,0,0
2019-01-09,2836,0,44,3967,260085,0,0,0
2019-01-10,2836,0,3,3964,260085,0,0,0
2019-01-11,2836,33,32,3965,260085,0,0,0
2019-01-14,2836,11,16,3960,260085,0,0,0
2019-01-15,2836,0,2,3958,260085,0,0,0
2019-01-16,2836,0,46,3912,260085,0,0,0
2019-01-17,2836,3,44,3871,260085,0,0,0
2019-01-18,2836,0,27,3844,260085,0,0,0
2019-01-21,2836,37,41,3840,260085,0,0,0
2019-01-22,2836,0,23,3817,260085,0,0,0
2019-01-23,2836,3,13,3807,260085,0,0,0
2019-01-24,2836,3,1,3809,260085,0,0,0
2019-01-25,2836,5,2,3812,260085,0,0,0
2019-01-28,2836,30,10,3832,260085,0,1,1
2019-01-29,2836,0,38,3794,260085,0,1,2
2019-01-30,2836,2,20,3776,260085,0,0,2
2019-02-11,2836,40,93,3623,260085,0,0,2
2019-02-12,2836,54,17,3660,260085,0,0,2
2019-02-13,2836,93,85,3668,260085,0,0,2
2019-02-14,2836,1,37,3632,260085,0,1,3
2019-02-15,2836,12,13,3631,260085,0,0,3
2019-02-18,2836,0,2,3629,260085,0,0,3
2019-02-19,2836,0,0,3629,260085,0,0,3
2019-02-20,2836,0,18,3611,260085,0,0,3
2019-02-21,2836,11,15,3607,260085,0,0,3
2019-02-22,2836,5,18,3594,260085,0,0,3
2019-02-25,2836,34,26,3602,260085,0,0,3
2019-02-26,2836,1,0,3603,260085,0,0,3
2019-02-27,2836,43,0,3646,260085,0,0,3
2019-03-04,2836,36,13,3669,260085,0,0,3
2019-03-05,2836,330,317,3682,260085,0,0,3
2019-03-06,2836,1,11,3672,260085,0,0,3
2019-03-07,2836,0,10,3662,260085,0,0,3
2019-03-08,2836,8,29,3641,260085,0,0,3
2019-03-11,2836,7,0,3648,260085,0,0,3
2019-03-12,2836,0,10,3638,260085,0,0,3
2019-03-13,2836,8,8,3638,260085,0,0,3
2019-03-14,2836,0,6,3632,260085,0,0,3
2019-03-15,2836,30,0,3662,260085,0,0,3
2019-03-18,2836,0,0,3662,260085,0,0,3
2019-03-19,2836,5,10,3657,260085,0,0,3
2019-03-20,2836,2,0,3659,260085,0,0,3
2019-03-21,2836,11,22,3648,260085,0,0,3
2019-03-22,2836,1,0,3649,260085,0,0,3
2019-03-25,2836,41,14,3676,260085,0,0,3
2019-03-26,2836,22,30,3668,260085,0,0,3
2019-03-27,2836,43,20,3691,260085,0,0,3
2019-03-28,2836,29,24,3696,260085,0,0,3
2019-03-29,2836,21,5,3712,260085,0,0,3
2019-04-01,2836,22,35,3699,260085,0,0,3
2019-04-02,2836,0,6,3693,260085,0,0,3
2019-04-03,2836,30,4,3719,260085,3,0,0
2019-04-08,2836,39,1,3757,260085,0,0,0
2019-04-09,2836,0,11,3746,260085,0,0,0
2019-04-10,2836,0,5,3741,260085,0,0,0
2019-04-11,2836,2,4,3739,260085,0,0,0
2019-04-12,2836,0,0,3739,260085,0,0,0
2019-04-15,2836,0,0,3739,260085,0,0,0
2019-04-16,2836,50,36,3753,260085,0,0,0
2019-04-17,2836,10,17,3746,260085,0,0,0
2019-04-18,2836,30,55,3718,260085,0,0,0
2019-04-19,2836,22,10,3730,260085,0,0,0
2019-04-22,2836,18,22,3726,260085,0,0,0
2019-04-23,2836,4,10,3720,260085,0,0,0
2019-04-24,2836,3,19,3704,260085,0,0,0
2019-04-25,2836,157,0,3861,260085,0,0,0
2019-04-26,2836,2,8,3855,260085,0,0,0
2019-04-29,2836,32,13,3874,260085,0,0,0
2019-04-30,2836,31,12,3893,260085,0,0,0
2019-05-02,2836,20,16,3897,260085,0,0,0
2019-05-03,2836,5,20,3882,260085,0,0,0
2019-05-06,2836,3,7,3878,260085,0,0,0
2019-05-07,2836,16,26,3868,260085,0,0,0
2019-05-08,2836,1,3,3866,260085,0,1,1
2019-05-09,2836,10,14,3862,260085,1,0,0
2019-05-10,2836,15,11,3866,260085,0,0,0
2019-05-13,2836,10,5,3871,260085,0,0,0
2019-05-14,2836,32,16,3887,260085,0,0,0
2019-05-15,2836,9,20,3876,260085,0,0,0
2019-05-16,2836,4,24,3856,260085,0,0,0
2019-05-17,2836,0,11,3845,260085,0,0,0
2019-05-20,2836,6,2,3849,260085,0,0,0
2019-05-21,2836,37,2,3884,260085,0,0,0
2019-05-22,2836,1,45,3840,260085,0,0,0
2019-05-23,2836,20,0,3860,260085,0,0,0
2019-05-24,2836,42,8,3894,260085,0,0,0
2019-05-27,2836,51,75,3870,260085,0,0,0
2019-05-28,2836,121,50,3921,260085,0,0,0
2019-05-29,2836,18,69,3870,260085,0,0,0
2019-05-30,2836,0,0,3870,260085,0,0,0
2019-05-31,2836,0,0,3870,260085,0,0,0
2019-06-03,2836,65,71,3864,260085,0,0,0
2019-06-04,2836,8,18,3854,260085,0,0,0
2019-06-05,2836,15,3,3866,260085,0,0,0
2019-06-06,2836,13,15,3864,260085,0,0,0
2019-06-10,2836,31,51,3844,260085,0,0,0
2019-06-11,2836,9,57,3796,260085,0,0,0
2019-06-12,2836,11,71,3736,260085,0,0,0
2019-06-13,2836,21,51,3706,260085,0,0,0
2019-06-14,2836,0,0,3706,260085,0,0,0
2019-06-17,2836,7,21,3692,260085,0,0,0
2019-06-18,2836,74,2,3764,260085,0,0,0
2019-06-19,2836,37,44,3757,260085,0,0,0
2019-06-20,2836,86,39,3804,260085,0,0,0
2019-06-21,2836,13,31,3786,260085,0,0,0
2019-06-24,2836,7,36,3757,260085,0,0,0
2019-06-25,2836,7,0,3764,260085,0,0,0
2019-06-26,2836,12,20,3756,260085,0,0,0
2019-06-27,2836,7,23,3740,260085,0,0,0
2019-06-28,2836,4,8,3736,260085,0,0,0
2019-07-01,2836,82,75,3743,260085,0,0,0
2019-07-02,2836,12,20,3735,260085,0,0,0
2019-07-03,2836,7,11,3731,260085,0,0,0
2019-07-04,2836,2,30,3703,260085,0,0,0
2019-07-05,2836,10,30,3683,260085,0,0,0
2019-07-08,2836,5,40,3648,260085,0,0,0
2019-07-09,2836,0,0,3648,260085,0,0,0
2019-07-10,2836,5,0,3653,260085,0,0,0
2019-07-11,2836,18,5,3666,260085,0,0,0
2019-07-12,2836,892,842,3706,260085,0,0,0
2019-07-15,2836,32,5,3732,260085,0,0,0
2019-07-16,2836,54,37,3749,260085,0,0,0
2019-07-17,2836,315,139,3925,260085,0,0,0
2019-07-18,2836,10,10,3925,260085,0,0,0
2019-07-19,2836,9,0,3934,260085,0,0,0
2019-07-22,2836,5,8,3931,260085,0,0,0
2019-07-23,2836,5,21,3915,260085,0,0,0
2019-07-24,2836,2,17,3900,260085,0,0,0
2019-07-25,2836,22,0,3922,260085,0,0,0
2019-07-26,2836,17,10,3929,260085,0,0,0
2019-07-29,2836,3,0,3932,260085,0,0,0
2019-07-30,2836,0,0,3932,260085,0,0,0
2019-07-31,2836,5,0,3937,260085,0,0,0
2019-08-01,2836,20,8,3949,260085,0,0,0
2019-08-02,2836,42,22,3969,260085,0,0,0
2019-08-05,2836,1,0,3970,260085,0,0,0
2019-08-06,2836,9,176,3803,260085,0,0,0
2019-08-07,2836,27,8,3822,260085,0,0,0
2019-08-08,2836,65,54,3833,260085,0,0,0
2019-08-12,2836,3,1,3835,260085,0,0,0
2019-08-13,2836,22,10,3847,260085,0,0,0
2019-08-14,2836,0,0,3847,260085,0,0,0
2019-08-15,2836,5,0,3852,260085,0,0,0
2019-08-16,2836,0,2,3850,260085,0,0,0
2019-08-19,2836,0,4,3846,260085,0,0,0
2019-08-20,2836,28,0,3874,260085,0,0,0
2019-08-21,2836,34,9,3899,260085,0,0,0
2019-08-22,2836,0,31,3867,260085,0,0,0
2019-08-23,2836,0,7,3860,260085,0,0,0
2019-08-26,2836,0,6,3854,260085,0,0,0
2019-08-27,2836,31,15,3870,260085,0,0,0
2019-08-28,2836,30,25,3875,260085,0,0,0
2019-08-29,2836,24,3,3896,260085,0,0,0
2019-08-30,2836,25,8,3913,260085,0,0,0
2019-09-02,2836,14,10,3917,260085,0,0,0
2019-09-03,2836,39,10,3946,260085,0,0,0
2019-09-04,2836,38,3,3981,260085,0,0,0
2019-09-05,2836,378,301,4058,260085,0,0,0
2019-09-06,2836,45,5,4098,260085,0,0,0
2019-09-09,2836,108,41,4165,260085,0,0,0
2019-09-10,2836,222,71,4316,260085,0,0,0
2019-09-11,2836,32,313,4035,260085,0,0,0
2019-09-12,2836,22,55,4002,260085,0,0,0
2019-09-16,2836,5,34,3970,260085,0,0,0
2019-09-17,2836,35,41,3964,260085,0,0,0
2019-09-18,2836,3,19,3948,260085,0,0,0
2019-09-19,2836,30,6,3972,260085,0,0,0
2019-09-20,2836,30,13,3979,260085,0,0,0
2019-09-23,2836,21,1,3999,260085,0,0,0
2019-09-24,2836,10,24,3985,260085,0,0,0
2019-09-25,2836,0,47,3938,260085,0,0,0
2019-09-26,2836,9,39,3908,260085,0,0,0
2019-09-27,2836,1,75,3834,260085,0,0,0
2019-10-01,2836,201,29,4006,260085,0,0,0
2019-10-02,2836,5,5,4006,260085,0,0,0
2019-10-03,2836,1,10,3997,260085,0,0,0
2019-10-04,2836,10,0,4007,260085,0,0,0
2019-10-07,2836,0,0,4007,260085,0,0,0
2019-10-08,2836,4,177,3834,260085,0,0,0
2019-10-09,2836,2,26,3810,260085,0,0,0
2019-10-14,2836,0,11,3799,260085,0,0,0
2019-10-15,2836,17,3,3813,270229,0,0,0
2019-10-16,2836,52,21,3844,270229,0,0,0
2019-10-17,2836,40,33,3851,270229,0,0,0
2019-10-18,2836,40,40,3851,270229,0,0,0
2019-10-21,2836,40,0,3891,270229,0,0,0
2019-10-22,2836,13,4,3900,270229,0,0,0
2019-10-23,2836,15,21,3894,270229,0,0,0
2019-10-24,2836,21,19,3896,270229,0,0,0
2019-10-25,2836,42,0,3938,270229,0,0,0
2019-10-28,2836,78,1,4015,270229,0,0,0
2019-10-29,2836,3,0,4018,270229,0,0,0
2019-10-30,2836,6,2,4022,270229,0,0,0
2019-10-31,2836,9,79,3952,270229,0,0,0
2019-11-01,2836,11,18,3939,270229,0,0,0
2019-11-04,2836,19,1,3957,270229,0,0,0
2019-11-05,2836,7,0,3964,270229,0,0,0
2019-11-06,2836,5,11,3958,270229,0,0,0
2019-11-07,2836,43,4,3997,270229,0,0,0
2019-11-08,2836,0,95,3902,270229,0,0,0
2019-11-11,2836,4,87,3819,270229,0,0,0
2019-11-12,2836,0,0,3819,270229,0,0,0
2019-11-13,2836,0,0,3819,270229,0,0,0
2019-11-14,2836,12,22,3809,270229,0,0,0
2019-11-15,2836,36,23,3822,270229,0,0,0
2019-11-18,2836,14,0,3836,270229,0,0,0
2019-11-19,2836,3,2,3837,270229,0,0,0
2019-11-20,2836,5,7,3835,270229,0,0,0
2019-11-21,2836,60,41,3854,270229,0,0,0
2019-11-22,2836,39,82,3810,270229,0,0,0
2019-11-25,2836,57,57,3810,270229,0,0,0
2019-11-26,2836,8,0,3818,270229,0,0,0
2019-11-27,2836,3,1,3820,270229,0,0,0
2019-11-28,2836,36,6,3850,270229,0,0,0
2019-11-29,2836,2,164,3688,270229,0,0,0
2019-12-02,2836,0,2,3686,270229,0,0,0
2019-12-03,2836,5,3,3688,270229,0,0,0
2019-12-04,2836,2,18,3672,270229,0,0,0
2019-12-05,2836,23,2,3693,270229,0,0,0
2019-12-06,2836,54,59,3688,270229,0,0,0
2019-12-09,2836,2,0,3690,270229,0,0,0
2019-12-10,2836,0,13,3677,270229,0,0,0
2019-12-11,2836,34,4,3707,270229,0,0,0
2019-12-12,2836,38,0,3745,270229,0,0,0
2019-12-13,2836,0,7,3738,270229,0,0,0
2019-12-16,2836,64,1,3801,270229,0,0,0
2019-12-17,2836,14,11,3804,270229,0,0,0
2019-12-18,2836,20,0,3824,270229,0,0,0
2019-12-19,2836,5,9,3820,270229,0,0,0
2019-12-20,2836,18,0,3838,270229,0,0,0
2019-12-23,2836,0,51,3787,270229,0,0,0
2019-12-24,2836,67,10,3844,270229,0,0,0
2019-12-25,2836,5,55,3794,270229,0,0,0
2019-12-26,2836,4,25,3773,270229,0,0,0
2019-12-27,2836,43,21,3795,270229,0,0,0
2019-12-30,2836,3,11,3786,270229,0,0,0
2019-12-31,2836,0,5,3781,270229,0,0,0
2020-01-02,2836,28,0,3809,270229,0,0,0
2020-01-03,2836,79,8,3878,270229,0,0,0
2020-01-06,2836,77,22,3933,270229,0,0,0
2020-01-07,2836,50,94,3889,270229,0,0,0
2020-01-08,2836,54,0,3943,270229,0,0,0
2020-01-09,2836,12,2,3952,270229,0,0,0
2020-01-10,2836,9,47,3914,270229,0,0,0
2020-01-13,2836,10,41,3883,270229,0,0,0
2020-01-14,2836,85,14,3952,270229,0,0,0
2020-01-15,2836,164,79,4037,270229,0,0,0
2020-01-16,2836,117,55,4099,270229,0,0,0
2020-01-17,2836,135,140,4092,270229,0,0,0
2020-01-20,2836,105,156,4041,270229,0,0,0
2020-01-30,2836,17,252,3806,270229,0,0,0
2020-01-31,2836,22,7,3821,270229,0,0,0
2020-02-03,2836,2,17,3806,270229,0,0,0
2020-02-04,2836,29,0,3835,270229,0,0,0
2020-02-05,2836,7,97,3744,270229,0,0,0
2020-02-06,2836,39,19,3764,270229,0,0,0
2020-02-07,2836,17,55,3726,270229,0,0,0
2020-02-10,2836,4,35,3695,270229,0,0,0
2020-02-11,2836,5,30,3670,270229,0,0,0
2020-02-12,2836,0,10,3660,270229,0,0,0
2020-02-13,2836,0,42,3618,270229,0,0,0
2020-02-14,2836,10,11,3617,270229,0,0,0
2020-02-17,2836,7,8,3616,270229,0,0,0
2020-02-18,2836,2,0,3618,270229,0,0,0
2020-02-19,2836,0,1,3617,270229,0,0,0
2020-02-20,2836,18,3,3631,270229,0,0,0
2020-02-21,2836,5,2,3632,270229,0,0,0
2020-02-24,2836,11,14,3629,270229,0,0,0
2020-02-25,2836,11,5,3635,270229,0,0,0
2020-02-26,2836,2,3,3634,270229,0,0,0
2020-02-27,2836,7,3,3637,270229,0,0,0
2020-03-02,2836,88,32,3692,270229,0,0,0
2020-03-03,2836,25,7,3710,270229,0,0,0
2020-03-04,2836,5,10,3705,270229,0,0,0
2020-03-05,2836,1,8,3696,270229,0,0,0
2020-03-06,2836,63,5,3749,270229,0,0,0
2020-03-09,2836,4,2,3751,270229,0,0,0
2020-03-10,2836,40,14,3777,270229,0,0,0
2020-03-11,2836,39,41,3775,270229,0,0,0
2020-03-12,2836,11,208,3578,270229,0,0,0
2020-03-13,2836,3,149,3432,270229,0,0,0
2020-03-16,2836,25,106,3351,270229,0,0,0
2020-03-17,2836,11,2,3360,270229,0,0,0
2020-03-18,2836,51,0,3411,270229,0,1,1
2020-03-19,2836,78,40,3449,270229,1,0,0
2020-03-20,2836,46,17,3478,270229,0,0,0
2020-03-23,2836,9,4,3482,270229,0,0,0
2020-03-24,2836,21,13,3490,270229,0,0,0
2020-03-25,2836,84,21,3553,270229,0,0,0
2020-03-26,2836,0,2,3551,270229,0,0,0
2020-03-27,2836,21,16,3556,270229,0,0,0
2020-03-30,2836,12,20,3548,270229,0,0,0
2020-03-31,2836,20,3,3565,270229,0,10,10
2020-04-01,2836,31,0,3596,270229,10,0,0
2020-04-06,2836,0,2,3594,270229,0,0,0
2020-04-07,2836,19,15,3598,270229,0,0,0
2020-04-08,2836,4,12,3590,270229,0,0,0
2020-04-09,2836,52,16,3626,270229,0,0,0
2020-04-10,2836,52,18,3658,270229,0,0,0
2020-04-13,2836,44,4,3698,270229,0,0,0
2020-04-14,2836,18,93,3623,270229,0,0,0
2020-04-15,2836,1,9,3615,270229,0,0,0
2020-04-16,2836,17,5,3627,270229,0,0,0
2020-04-17,2836,15,25,3617,270229,0,0,0
2020-04-20,2836,2,10,3609,270229,0,0,0
2020-04-21,2836,15,3,3621,270229,0,0,0
2020-04-22,2836,10,0,3624,270229,0,0,0
2020-04-23,2836,0,3,3621,270229,0,5,5
2020-04-24,2836,0,0,3621,270229,0,0,5
2020-04-27,2836,2,28,3595,270229,0,0,5
2020-04-28,2836,5,3,3597,270229,0,0,5
2020-04-29,2836,0,4,3593,270229,0,0,5
2020-04-30,2836,21,3,3611,270229,5,0,0
2020-05-04,2836,5,11,3605,270229,0,0,0
2020-05-05,2836,3,0,3608,270229,0,0,0
2020-05-06,2836,5,1,3612,270229,0,0,0
2020-05-07,2836,0,1,3611,270229,0,0,0
2020-05-08,2836,25,0,3636,270229,0,0,0
2020-05-11,2836,0,10,3626,270229,0,0,0
2020-05-12,2836,2,0,3628,270229,0,0,0
2020-05-13,2836,0,37,3591,270229,0,0,0
2020-05-14,2836,37,0,3628,270229,0,0,0
2020-05-15,2836,0,0,3628,270229,0,0,0
2020-05-18,2836,0,10,3618,270229,0,0,0
2020-05-19,2836,1,2,3617,270229,0,0,0
2020-05-20,2836,0,8,3609,270229,0,0,0
2020-05-21,2836,5,3,3611,270229,0,0,0
2020-05-22,2836,33,29,3615,270229,0,0,0
2020-05-25,2836,22,22,3615,270229,0,0,0
2020-05-26,2836,0,3,3612,270229,0,0,0
2020-05-27,2836,1,0,3613,270229,0,0,0
2020-05-28,2836,2,0,3612,270229,0,0,0
2020-05-29,2836,0,2,3610,270229,0,0,0
2020-06-01,2836,0,0,3610,270229,0,0,0
2020-06-02,2836,1,1,3610,270229,0,0,0
2020-06-03,2836,0,20,3590,270229,0,0,0
2020-06-04,2836,5,10,3578,270229,0,0,0
2020-06-05,2836,7,1,3584,270229,0,0,0
2020-06-08,2836,23,10,3597,270229,0,0,0
2020-06-09,2836,5,10,3592,270229,0,0,0
2020-06-10,2836,9,7,3594,270229,0,0,0
2020-06-11,2836,6,7,3593,270229,0,0,0
2020-06-12,2836,3,9,3587,270229,0,0,0
2020-06-15,2836,5,0,3592,270229,0,0,0
2020-06-16,2836,6,15,3583,270229,0,0,0
2020-06-17,2836,21,2,3602,270229,0,0,0
2020-06-18,2836,0,0,3602,270229,0,0,0
2020-06-19,2836,0,0,3602,270229,0,0,0
2020-06-22,2836,303,300,3605,270229,0,0,0
2020-06-23,2836,116,128,3593,270229,0,0,0
2020-06-24,2836,46,9,3630,270229,0,0,0
2020-06-29,2836,10,24,3616,270229,0,0,0
2020-06-30,2836,1,0,3617,270229,0,0,0
2020-07-01,2836,0,3,3614,270229,0,0,0
2020-07-02,2836,0,8,3606,270229,0,0,0
2020-07-03,2836,0,9,3597,270229,0,0,0
2020-07-06,2836,0,0,3597,270229,0,0,0
2020-07-07,2836,0,0,3597,270229,0,0,0
2020-07-08,2836,1,1,3597,270229,0,0,0
2020-07-09,2836,7,1,3603,270229,0,0,0
2020-07-10,2836,2,11,3594,270229,0,0,0
2020-07-13,2836,2,0,3596,270229,0,0,0
2020-07-14,2836,23,119,3500,270229,0,0,0
2020-07-15,2836,12,20,3492,270229,0,0,0
2020-07-16,2836,2,19,3475,270229,0,0,0
2020-07-17,2836,65,0,3540,270229,0,0,0
2020-07-20,2836,57,2,3595,270229,0,0,0
2020-07-21,2836,15,2,3608,270229,0,0,0
2020-07-22,2836,74,74,3608,270229,0,0,0
2020-07-23,2836,23,0,3631,270229,0,0,0
2020-07-24,2836,18,13,3636,270229,0,0,0
2020-07-27,2836,1,1,3636,270229,0,0,0
2020-07-28,2836,0,0,3636,270229,0,0,0
2020-07-29,2836,0,11,3625,270229,0,0,0
2020-07-30,2836,19,0,3644,270229,0,0,0
2020-07-31,2836,0,0,3643,270229,0,0,0
2020-08-03,2836,13,122,3534,270229,0,0,0
2020-08-04,2836,3,0,3537,270229,0,0,0
2020-08-05,2836,1,15,3523,270229,0,0,0
2020-08-06,2836,5,5,3523,270229,0,0,0
2020-08-07,2836,0,105,3418,270229,0,0,0
2020-08-10,2836,14,0,3432,270229,0,0,0
2020-08-11,2836,52,0,3484,270229,0,0,0
2020-08-12,2836,25,75,3434,270229,0,0,0
2020-08-13,2836,16,55,3395,270229,0,0,0
2020-08-14,2836,7,20,3382,270229,0,0,0
2020-08-17,2836,2,2,3382,270229,0,0,0
2020-08-18,2836,19,0,3401,270229,0,0,0
2020-08-19,2836,36,11,3426,270229,0,0,0
2020-08-20,2836,45,31,3440,270229,0,0,0
2020-08-21,2836,19,16,3443,270229,0,0,0
2020-08-24,2836,16,0,3459,270229,0,0,0
2020-08-25,2836,22,17,3464,270229,0,0,0
2020-08-26,2836,1,1,3464,270229,0,0,0
2020-08-27,2836,3,4,3463,270229,0,0,0
2020-08-28,2836,19,4,3478,270229,0,0,0
2020-08-31,2836,36,3,3511,270229,0,0,0
2020-09-01,2836,66,0,3577,270229,0,0,0
2020-09-02,2836,1,5,3573,270229,0,0,0
2020-09-03,2836,0,5,3568,270229,0,0,0
2020-09-04,2836,1,2,3567,270229,0,0,0
2020-09-07,2836,153,27,3693,270229,0,0,0
2020-09-08,2836,15,111,3595,270229,0,0,0
2020-09-09,2836,2,16,3581,270229,0,0,0
2020-09-10,2836,5,8,3578,270229,0,0,0
2020-09-11,2836,7,12,3573,270229,0,0,0
2020-09-14,2836,5,6,3572,270229,0,0,0
2020-09-15,2836,14,1,3585,270229,0,0,0
2020-09-16,2836,10,2,3593,270229,0,0,0
2020-09-17,2836,2,1,3594,270229,0,0,0
2020-09-18,2836,0,7,3587,270229,0,0,0
2020-09-21,2836,12,30,3569,270229,0,0,0
2020-09-22,2836,7,7,3569,270229,0,0,0
2020-09-23,2836,22,5,3586,270229,0,0,0
2020-09-24,2836,56,38,3604,270229,0,0,0
2020-09-25,2836,6,50,3560,270229,0,0,0
2020-09-28,2836,1,13,3548,270229,0,0,0
2020-09-29,2836,0,0,3548,270229,0,0,0
2020-09-30,2836,8,7,3549,270229,0,0,0
2020-10-05,2836,0,12,3537,270229,0,0,0
2020-10-06,2836,102,0,3639,270229,0,0,0
2020-10-07,2836,5,0,3644,270229,0,0,0
2020-10-08,2836,20,26,3638,270229,0,0,0
2020-10-12,2836,22,25,3635,270229,0,0,0
2020-10-13,2836,10,2,3643,270229,0,0,0
2020-10-14,2836,23,12,3654,270229,0,0,0
2020-10-15,2836,5,0,3659,270229,0,0,0
2020-10-16,2836,570,625,3604,270229,0,0,0
2020-10-19,2836,387,519,3472,270229,0,0,0
2020-10-20,2836,5,2,3475,270229,0,0,0
2020-10-21,2836,0,0,3475,270229,0,0,0
2020-10-22,2836,4,23,3456,270229,0,0,0
2020-10-23,2836,9,9,3456,270229,0,0,0
2020-10-26,2836,6,53,3409,270229,0,0,0
2020-10-27,2836,0,14,3395,270229,0,0,0
2020-10-28,2836,2,4,3393,270229,0,0,0
2020-10-29,2836,9,20,3382,270229,0,0,0
2020-10-30,2836,21,3,3400,270229,0,0,0
2020-11-02,2836,18,8,3410,270229,0,0,0
2020-11-03,2836,0,0,3410,270229,0,0,0
2020-11-04,2836,9,24,3394,270229,0,0,0
2020-11-05,2836,10,99,3305,270229,0,0,0
2020-11-06,2836,15,28,3292,270229,0,0,0
2020-11-09,2836,6,8,3290,270229,0,0,0
2020-11-10,2836,18,4,3304,270229,0,0,0
2020-11-11,2836,84,14,3374,270229,0,0,0
2020-11-12,2836,6,1,3379,270229,0,0,0
2020-11-13,2836,2,25,3356,270229,0,0,0
2020-11-16,2836,9,8,3357,270229,0,0,0
2020-11-17,2836,2,0,3359,270229,0,0,0
2020-11-18,2836,0,0,3359,270229,0,0,0
2020-11-19,2836,2,5,3356,270229,0,0,0
2020-11-20,2836,14,0,3370,270229,0,0,0
2020-11-23,2836,58,44,3384,270229,0,0,0
2020-11-24,2836,5,48,3341,270229,0,0,0
2020-11-25,2836,3,1,3343,270229,0,0,0
2020-11-26,2836,0,21,3322,270229,0,0,0
2020-11-27,2836,195,205,3312,270229,0,0,0
2020-11-30,2836,33,15,3330,270229,0,0,0
2020-12-01,2836,0,5,3325,270229,0,0,0
2020-12-02,2836,4,2,3327,270229,0,0,0
2020-12-03,2836,4,3,3328,270229,0,0,0
2020-12-04,2836,10,3,3335,270229,0,0,0
2020-12-07,2836,0,1,3334,270229,0,0,0
2020-12-08,2836,30,2,3362,270229,0,0,0
2020-12-09,2836,20,2,3380,270229,0,0,0
2020-12-10,2836,24,3,3401,270229,0,0,0
2020-12-11,2836,0,22,3379,270229,0,0,0
2020-12-14,2836,41,3,3417,270229,0,0,0
2020-12-15,2836,14,41,3390,270229,0,0,0
2020-12-16,2836,112,20,3482,270229,0,0,0
2020-12-17,2836,0,0,3482,270229,0,0,0
2020-12-18,2836,12,17,3477,270229,0,4,4
2020-12-21,2836,77,78,3476,270229,0,0,4
2020-12-22,2836,4,0,3480,270229,0,0,4
2020-12-23,2836,56,2,3534,270229,0,0,4
2020-12-24,2836,39,0,3573,270229,0,0,4
2020-12-25,2836,132,6,3699,270229,0,5,9
2020-12-28,2836,1,1,3699,270229,3,0,6
2020-12-29,2836,1,3,3697,270229,6,0,0
2020-12-30,2836,45,205,3537,270229,0,0,0
2020-12-31,2836,18,61,3493,270229,0,0,0
2021-01-04,2836,55,49,3499,270229,0,0,0
2021-01-05,2836,52,6,3545,270229,0,0,0
2021-01-06,2836,38,97,3486,270229,0,0,0
2021-01-07,2836,17,7,3496,270229,0,0,0
2021-01-08,2836,26,43,3455,270229,0,0,0
2021-01-11,2836,75,43,3487,270229,0,0,0
2021-01-12,2836,124,150,3456,270229,0,0,0
2021-01-13,2836,51,175,3332,270229,0,0,0
2021-01-14,2836,2,23,3311,270229,0,0,0
2021-01-15,2836,17,63,3259,270229,0,0,0
2021-01-18,2836,6,24,3241,270229,0,0,0
2021-01-19,2836,4,10,3235,270229,0,0,0
2021-01-20,2836,10,22,3223,270229,0,0,0
2021-01-21,2836,4,0,3227,270229,0,0,0
2021-01-22,2836,5,2,3229,270229,0,0,0
2021-01-25,2836,20,5,3244,270229,0,0,0
2021-01-26,2836,2,0,3246,270229,0,0,0
2021-01-27,2836,1,2,3245,270229,0,0,0
2021-01-28,2836,0,13,3232,270229,0,0,0
2021-01-29,2836,29,15,3246,270229,0,0,0
2021-02-01,2836,0,0,3246,270229,0,0,0
2021-02-02,2836,5,16,3235,270229,0,0,0
2021-02-03,2836,6,0,3241,282389,0,0,0
2021-02-04,2836,18,35,3224,282389,0,0,0
2021-02-05,2836,47,34,3237,282389,0,0,0
2021-02-17,2836,76,62,3241,282389,0,0,0
2021-02-18,2836,2,1,3242,282389,0,0,0
2021-02-19,2836,14,2,3254,282389,0,0,0
2021-02-22,2836,18,48,3224,282389,0,0,0
2021-02-23,2836,0,2,3222,282389,0,0,0
2021-02-24,2836,38,60,3200,282389,0,0,0
2021-02-25,2836,102,3,3299,282389,0,3,3
2021-02-26,2836,9,32,3276,282389,0,0,3
2021-03-02,2836,4,23,3257,282389,3,0,0
2021-03-03,2836,0,39,3218,282389,0,0,0
2021-03-04,2836,0,13,3205,282389,0,0,0
2021-03-05,2836,1,5,3201,282389,0,0,0
2021-03-08,2836,2,2,3201,282389,0,0,0
2021-03-09,2836,259,63,3397,282389,0,0,0
2021-03-10,2836,2,82,3317,282389,0,0,0
2021-03-11,2836,1,44,3274,282389,0,0,0
2021-03-12,2836,1,1,3274,282389,0,0,0
2021-03-15,2836,0,6,3268,282389,0,0,0
2021-03-16,2836,0,0,3268,282389,0,0,0
2021-03-17,2836,0,0,3268,282389,0,0,0
2021-03-18,2836,5,0,3273,282389,0,0,0
2021-03-19,2836,5,1,3277,282389,0,0,0
2021-03-22,2836,100,7,3370,282389,0,0,0
2021-03-23,2836,11,211,3170,282389,0,0,0
2021-03-24,2836,0,2,3168,282389,0,0,0
2021-03-25,2836,0,1,3166,282389,0,0,0
2021-03-26,2836,43,116,3093,282389,0,0,0
2021-03-29,2836,147,146,3094,282389,0,0,0
2021-03-30,2836,83,21,3156,282389,0,0,0
2021-03-31,2836,5,7,3154,282389,0,0,0
2021-04-01,2836,0,0,3154,282389,0,0,0
2021-04-06,2836,12,29,3137,282389,0,0,0
2021-04-07,2836,0,2,3135,282389,0,0,0
2021-04-08,2836,0,10,3125,282389,0,0,0
2021-04-09,2836,12,12,3125,282389,0,0,0
2021-04-12,2836,38,1,3162,282389,0,0,0
2021-04-13,2836,238,135,3265,282389,0,0,0
2021-04-14,2836,16,1,3280,282389,0,0,0
2021-04-15,2836,45,16,3309,282389,0,0,0
2021-04-16,2836,60,116,3253,282389,0,0,0
2021-04-19,2836,75,2,3326,282389,0,0,0
2021-04-20,2836,110,66,3370,282389,0,0,0
2021-04-21,2836,38,65,3343,282389,0,0,0
2021-04-22,2836,23,197,3169,282389,0,0,0
2021-04-23,2836,20,7,3182,282389,0,0,0
2021-04-26,2836,770,40,3912,282389,0,1,1
2021-04-27,2836,63,120,3855,282389,1,0,0
2021-04-28,2836,17,56,3816,282389,0,0,0
2021-04-29,2836,2,73,3745,282389,0,0,0
2021-05-03,2836,12,54,3703,282389,0,0,0
2021-05-04,2836,39,9,3733,282389,0,0,0
2021-05-05,2836,33,39,3727,282389,0,0,0
2021-05-06,2836,0,23,3704,282389,0,0,0
2021-05-07,2836,2,0,3706,282389,0,0,0
2021-05-10,2836,28,503,3231,282389,0,0,0
2021-05-11,2836,20,53,3198,282389,0,0,0
2021-05-12,2836,107,11,3294,282389,0,0,0
2021-05-13,2836,20,30,3284,282389,0,0,0
2021-05-14,2836,2,11,3275,282389,0,0,0
2021-05-17,2836,6,22,3259,282389,0,0,0
2021-05-18,2836,82,5,3336,282389,0,0,0
2021-05-19,2836,0,0,3336,282389,0,0,0
2021-05-20,2836,1,20,3317,282389,0,0,0
2021-05-21,2836,21,15,3323,282389,0,0,0
2021-05-24,2836,0,6,3317,282389,0,0,0
2021-05-25,2836,1,12,3306,282389,0,0,0
2021-05-26,2836,0,1,3305,282389,0,0,0
2021-05-27,2836,1,18,3288,282389,0,0,0
2021-05-28,2836,0,2,3286,282389,0,0,0
2021-05-31,2836,3,12,3277,282389,0,0,0
2021-06-01,2836,0,0,3277,282389,0,0,0
2021-06-02,2836,21,18,3280,282389,0,0,0
2021-06-03,2836,21,1,3300,282389,0,0,0
2021-06-04,2836,0,3,3297,282389,0,0,0
2021-06-07,2836,0,2,3295,282389,0,0,0
2021-06-08,2836,0,0,3295,282389,0,0,0
2021-06-09,2836,1,0,3296,282389,0,0,0
2021-06-10,2836,1,40,3257,282389,0,0,0
2021-06-11,2836,0,0,3257,282389,0,0,0
2021-06-15,2836,0,0,3257,282389,0,0,0
2021-06-16,2836,0,0,3257,282389,0,0,0
2021-06-17,2836,0,0,3257,282389,0,0,0
2021-06-18,2836,0,1,3256,282389,0,0,0
2021-06-21,2836,0,0,3256,282389,0,0,0
2021-06-22,2836,1,1,3256,282389,0,0,0
2021-06-23,2836,6,0,3262,282389,0,0,0
2021-06-24,2836,10,0,3272,282389,0,0,0
2021-06-25,2836,1,1,3272,282389,0,0,0
2021-06-28,2836,45,0,3317,282389,0,0,0
2021-06-29,2836,1,24,3294,282389,0,0,0
2021-06-30,2836,0,0,3294,282389,0,0,0
2021-07-01,2836,1,0,3295,282389,0,0,0
2021-07-02,2836,0,0,3295,282389,0,0,0
2021-07-05,2836,5,6,3294,282389,0,0,0
2021-07-06,2836,175,191,3278,282389,0,0,0
2021-07-07,2836,299,334,3243,282389,0,0,0
2021-07-08,2836,4,1,3246,282389,0,0,0
2021-07-09,2836,53,7,3292,282389,0,0,0
2021-07-12,2836,59,3,3348,282389,0,0,0
2021-07-13,2836,21,2,3367,282389,0,0,0
2021-07-14,2836,0,1,3366,282389,0,0,0
2021-07-15,2836,9,2,3373,282389,0,0,0
2021-07-16,2836,0,2,3371,282389,0,0,0
2021-07-19,2836,25,0,3396,282389,0,0,0
2021-07-20,2836,2,19,3379,282389,0,0,0
2021-07-21,2836,4,33,3350,282389,0,0,0
2021-07-22,2836,0,8,3342,282389,0,0,0
2021-07-23,2836,0,183,3159,282389,0,0,0
2021-07-26,2836,6,2,3163,282389,0,0,0
2021-07-27,2836,4,12,3155,282389,0,0,0
2021-07-28,2836,2,10,3147,282389,0,0,0
2021-07-29,2836,2,6,3143,282389,0,0,0
2021-07-30,2836,5,2,3146,282389,0,0,0
2021-08-02,2836,1,4,3143,282389,0,0,0
2021-08-03,2836,1,4,3140,282389,0,0,0
2021-08-04,2836,0,0,3140,282389,0,0,0
2021-08-05,2836,0,0,3140,282389,0,0,0
2021-08-06,2836,1,0,3141,282389,0,0,0
2021-08-09,2836,0,1,3140,282389,0,0,0
2021-08-10,2836,0,13,3127,282389,0,0,0
2021-08-11,2836,13,11,3129,282389,0,0,0
2021-08-12,2836,0,10,3119,282389,0,0,0
2021-08-13,2836,2,8,3113,282389,0,0,0
2021-08-16,2836,0,1,3112,282389,0,0,0
2021-08-17,2836,0,11,3101,282389,0,0,0
2021-08-18,2836,4,0,3105,282389,0,0,0
2021-08-19,2836,1,0,3100,282389,0,0,0
2021-08-20,2836,5,0,3105,282389,0,0,0
2021-08-23,2836,7,1,3111,282389,0,0,0
2021-08-24,2836,2,0,3113,282389,0,0,0
2021-08-25,2836,0,13,3096,282389,0,0,0
2021-08-26,2836,6,4,3098,282389,0,0,0
2021-08-27,2836,7,1,3104,282389,0,0,0
2021-08-30,2836,0,16,3088,282389,0,0,0
2021-08-31,2836,138,12,3214,282389,0,0,0
2021-09-01,2836,60,27,3247,282389,0,0,0
2021-09-02,2836,3,81,3169,282389,0,0,0
2021-09-03,2836,42,42,3169,282389,0,0,0
2021-09-06,2836,147,58,3258,282389,0,0,0
2021-09-07,2836,184,204,3238,282389,0,0,0
2021-09-08,2836,18,236,3020,282389,0,0,0
2021-09-09,2836,3,18,3005,282389,0,0,0
2021-09-10,2836,0,27,2978,282389,0,0,0
2021-09-13,2836,0,34,2944,282389,0,0,0
2021-09-14,2836,0,6,2938,282389,0,0,0
2021-09-15,2836,1,3,2936,282389,0,0,0
2021-09-16,2836,14,12,2938,282389,0,0,0
2021-09-17,2836,10,22,2926,282389,0,0,0
2021-09-22,2836,16,18,2924,282389,0,0,0
2021-09-23,2836,2,1,2925,282389,0,0,0
2021-09-24,2836,0,40,2885,282389,0,0,0
2021-09-27,2836,3,25,2863,282389,0,0,0
2021-09-28,2836,19,0,2882,282389,0,0,0
2021-09-29,2836,21,5,2898,282389,0,0,0
2021-09-30,2836,4,0,2902,282389,0,0,0
2021-10-01,2836,2,24,2880,282389,0,0,0
2021-10-04,2836,19,9,2890,282389,0,0,0
2021-10-05,2836,0,1,2889,282389,0,0,0
2021-10-06,2836,44,0,2933,282389,0,0,0
2021-10-07,2836,0,0,2933,282389,0,0,0
2021-10-08,2836,12,0,2945,282389,0,0,0
2021-10-12,2836,0,3,2942,290861,0,0,0
2021-10-13,2836,66,0,3008,290861,0,0,0
2021-10-14,2836,54,11,3051,290861,0,0,0
2021-10-15,2836,41,1,3091,290861,0,0,0
2021-10-18,2836,0,1,3090,290861,0,0,0
2021-10-19,2836,2,3,3089,290861,0,0,0
2021-10-20,2836,0,0,3089,290861,0,0,0
2021-10-21,2836,50,2,3137,290861,0,0,0
2021-10-22,2836,115,101,3151,290861,0,0,0
2021-10-25,2836,0,0,3151,290861,0,0,0
2021-10-26,2836,233,2,3382,290861,0,0,0
2021-10-27,2836,0,2,3380,290861,0,0,0
2021-10-28,2836,0,10,3370,290861,0,0,0
2021-10-29,2836,0,0,3370,290861,0,0,0
2021-11-01,2836,0,0,3370,290861,0,0,0
2021-11-02,2836,0,1,3369,290861,0,0,0
2021-11-03,2836,0,4,3365,290861,0,0,0
2021-11-04,2836,0,24,3341,290861,0,0,0
2021-11-05,2836,0,6,3335,290861,0,0,0
2021-11-08,2836,0,0,3335,290861,0,0,0
2021-11-09,2836,60,0,3395,290861,0,0,0
2021-11-10,2836,1,0,3395,290861,0,0,0
2021-11-11,2836,6,3,3398,290861,0,0,0
2021-11-12,2836,9,10,3397,290861,0,0,0
2021-11-15,2836,485,437,3445,290861,0,0,0
2021-11-16,2836,17,21,3441,290861,0,0,0
2021-11-17,2836,18,9,3450,290861,0,0,0
2021-11-18,2836,96,14,3495,290861,0,0,0
2021-11-19,2836,14,112,3397,290861,0,0,0
2021-11-22,2836,0,6,3391,290861,0,0,0
2021-11-23,2836,0,0,3391,290861,0,0,0
2021-11-24,2836,45,25,3411,290861,0,0,0
2021-11-25,2836,58,45,3424,290861,0,0,0
2021-11-26,2836,0,0,3395,290861,0,0,0
2021-11-29,2836,0,81,3292,290861,0,0,0
2021-11-30,2836,0,0,2997,290861,0,0,0
2021-12-01,2836,20,0,3017,290861,0,0,0
2021-12-02,2836,0,1,3016,290861,0,0,0
2021-12-03,2836,0,0,3016,290861,0,0,0
2021-12-06,2836,2,1,3017,290861,0,0,0
2021-12-07,2836,68,19,3066,290861,0,0,0
2021-12-08,2836,22,3,3085,290861,0,0,0
2021-12-09,2836,42,0,3127,290861,0,0,0
2021-12-10,2836,0,0,3127,290861,0,0,0
2021-12-13,2836,1,0,3128,290861,0,0,0
2021-12-14,2836,562,548,3142,290861,0,0,0
2021-12-15,2836,154,144,3152,290861,0,0,0
2021-12-16,2836,2,0,3154,290861,0,0,0
2021-12-17,2836,38,0,3192,290861,0,0,0
2021-12-20,2836,10,0,3202,290861,0,0,0
2021-12-21,2836,20,0,3222,290861,0,0,0
2021-12-22,2836,10,2,3230,290861,0,0,0
2021-12-23,2836,9,10,3229,290861,0,0,0
2021-12-24,2836,162,100,3291,290861,0,0,0
2021-12-27,2836,62,51,3302,290861,0,0,0
2021-12-28,2836,32,10,3324,290861,0,0,0
2021-12-29,2836,22,31,3315,290861,0,0,0
2021-12-30,2836,5,111,3209,290861,0,0,0
2022-01-03,2836,15,62,3162,290861,0,0,0
2022-01-04,2836,5,1,3166,290861,0,0,0
2022-01-05,2836,30,41,3155,290861,0,0,0
2022-01-06,2836,6,0,3161,290861,0,0,0
2022-01-07,2836,66,8,3219,290861,0,0,0
2022-01-10,2836,64,26,3257,290861,0,0,0
2022-01-11,2836,2658,51,5864,290861,0,32,32
2022-01-12,2836,1202,2061,5005,290861,14,124,142
2022-01-13,2836,837,470,5372,290861,44,81,179
2022-01-14,2836,1074,702,5744,290861,71,62,170
2022-01-17,2836,514,395,5863,290861,93,50,127
2022-01-18,2836,159,225,5797,290861,29,24,121
2022-01-19,2836,176,231,5742,290861,28,18,111
2022-01-20,2836,159,98,5803,290861,14,7,104
2022-01-21,2836,124,455,5445,290861,27,0,77
2022-01-24,2836,183,107,5521,290861,51,3,29
2022-01-25,2836,60,257,5323,290861,6,50,73
2022-01-26,2836,42,222,5130,290861,51,1,23
2022-02-07,2836,855,134,5850,290861,3,7,27
2022-02-08,2836,803,300,6353,290861,0,13,40
2022-02-09,2836,146,441,6058,290861,2,0,38
2022-02-10,2836,66,260,5864,290861,2,2,38
2022-02-11,2836,201,159,5906,290861,0,1,39
2022-02-14,2836,179,444,5641,290861,0,7,46
2022-02-15,2836,83,287,5436,290861,4,0,42
2022-02-16,2836,1,153,5284,290861,1,0,41
2022-02-17,2836,103,360,5027,290861,0,8,49
2022-02-18,2836,28,47,5008,290861,10,0,39
2022-02-21,2836,16,135,4889,290861,5,0,34
2022-02-22,2836,54,180,4763,290861,23,0,11
2022-02-23,2836,33,17,4779,290861,4,0,7
2022-02-24,2836,45,110,4714,290861,6,3,4
2022-02-25,2836,27,41,4700,290861,3,0,1
2022-03-01,2836,28,53,4675,290861,0,9,10
2022-03-02,2836,26,28,4673,290861,0,0,10
2022-03-03,2836,5,11,4667,290861,0,0,10
2022-03-04,2836,2,10,4659,290861,4,0,6
2022-03-07,2836,9,81,4587,290861,6,0,0
2022-03-08,2836,120,39,4668,290861,0,0,0
2022-03-09,2836,27,15,4680,290861,0,1,1
2022-03-10,2836,9,10,4679,290861,0,0,1
2022-03-11,2836,33,0,4712,290861,0,0,1
2022-03-14,2836,45,13,4744,290861,0,0,1
2022-03-15,2836,36,32,4748,290861,0,0,1
2022-03-16,2836,10,73,4685,290861,0,0,1
2022-03-17,2836,352,308,4729,290861,1,0,0
2022-03-18,2836,224,91,4862,290861,0,0,0
2022-03-21,2836,107,139,4830,290861,0,0,0
2022-03-22,2836,49,80,4799,290861,0,0,0
2022-03-23,2836,595,144,5248,290861,0,0,0
2022-03-24,2836,232,590,4890,290861,0,0,0
2022-03-25,2836,51,181,4760,290861,0,0,0
2022-03-28,2836,126,98,4788,290861,0,0,0
2022-03-29,2836,17,144,4661,290861,0,0,0
2022-03-30,2836,33,31,4663,290861,0,0,0
2022-03-31,2836,220,71,4812,290861,0,11,11
2022-04-01,2836,348,255,4905,290861,1,0,10
2022-04-06,2836,253,327,4831,290861,0,2,12
2022-04-07,2836,1114,593,5352,290861,9,9,12
2022-04-08,2836,154,507,4999,290861,0,14,26
2022-04-11,2836,654,327,5326,290861,0,18,44
2022-04-12,2836,48,236,5138,290861,20,31,55
2022-04-13,2836,50,64,5124,290861,5,0,50
2022-04-14,2836,162,231,5055,290861,12,1,39
2022-04-15,2836,47,121,4981,290861,2,3,40
2022-04-18,2836,91,253,4819,290861,6,4,38
2022-04-19,2836,29,47,4801,290861,5,0,33
2022-04-20,2836,54,8,4847,290861,0,0,33
2022-04-21,2836,9,18,4838,290861,1,0,32
2022-04-22,2836,63,70,4831,290861,0,3,35
2022-04-25,2836,41,98,4774,290861,25,0,10
2022-04-26,2836,106,79,4801,290861,0,0,10
2022-04-27,2836,57,163,4695,290861,1,4,13
2022-04-28,2836,60,95,4660,290861,4,0,9
2022-04-29,2836,21,34,4647,290861,5,1,5
2022-05-03,2836,14,69,4592,290861,5,8,8
2022-05-04,2836,22,7,4607,290861,0,0,8
2022-05-05,2836,26,72,4561,290861,0,10,18
2022-05-06,2836,78,90,4549,290861,0,0,18
2022-05-09,2836,19,185,4383,290861,0,0,18
2022-05-10,2836,7,10,4379,290861,10,3,11
2022-05-11,2836,3,1,4381,290861,0,0,11
2022-05-12,2836,20,50,4350,290861,2,0,9
2022-05-13,2836,12,43,4319,290861,0,1,10
2022-05-16,2836,27,20,4326,290861,0,8,18
2022-05-17,2836,1,47,4280,290861,0,2,20
2022-05-18,2836,33,39,4274,290861,0,0,20
2022-05-19,2836,2,3,4273,290861,6,0,14
2022-05-20,2836,2,9,4266,290861,0,0,14
2022-05-23,2836,4,10,4260,290861,0,10,24
2022-05-24,2836,6,16,4250,290861,10,0,14
2022-05-25,2836,0,2,4248,290861,0,0,14
2022-05-26,2836,3,26,4225,290861,0,0,14
2022-05-27,2836,63,4,4284,290861,0,0,14
2022-05-30,2836,10,18,4276,290861,0,0,14
2022-05-31,2836,1348,57,5567,290861,0,0,14
2022-06-01,2836,61,846,4782,290861,0,0,14
2022-06-02,2836,17,334,4465,290861,0,10,24
2022-06-06,2836,19,145,4339,290861,0,0,24
2022-06-07,2836,3,31,4311,290861,0,0,24
2022-06-08,2836,1,18,4294,290861,0,0,24
2022-06-09,2836,3,12,4285,290861,0,0,24
2022-06-10,2836,2,0,4287,290861,9,0,15
2022-06-13,2836,8,65,4230,290861,0,0,15
2022-06-14,2836,98,64,4264,290861,10,0,5
2022-06-15,2836,69,76,4257,290861,0,1,6
2022-06-16,2836,14,81,4190,290861,0,1,7
2022-06-17,2836,26,17,4199,290861,1,0,6
2022-06-20,2836,35,62,4172,290861,0,0,6
2022-06-21,2836,85,25,4232,290861,0,2,8
2022-06-22,2836,76,24,4284,290861,1,7,14
2022-06-23,2836,12,3,4293,290861,1,0,13
2022-06-24,2836,57,24,4326,290861,1,0,12
2022-06-27,2836,23,43,4306,290861,0,0,12
2022-06-28,2836,29,10,4325,290861,4,0,8
2022-06-29,2836,3,4,4324,290861,0,0,8
2022-06-30,2836,23,34,4313,290861,1,0,7
2022-07-01,2836,14,18,4304,290861,0,0,7
2022-07-04,2836,4,8,4300,290861,6,0,1
2022-07-05,2836,3,21,4282,290861,0,0,1
2022-07-06,2836,10,8,4284,290861,0,40,41
2022-07-07,2836,5,119,4170,290861,20,0,21
2022-07-08,2836,2,45,4127,290861,20,0,1
2022-07-11,2836,14,62,4079,290861,0,0,1
2022-07-12,2836,12,37,4054,290861,1,0,0
2022-07-13,2836,12,31,4035,290861,0,0,0
2022-07-14,2836,6,15,4026,290861,0,0,0
2022-07-15,2836,8,3,4031,290861,0,0,0
2022-07-18,2836,2,4,4024,290861,0,0,0
2022-07-19,2836,8,3,4029,290861,0,0,0
2022-07-20,2836,61,29,4061,290861,0,0,0
2022-07-21,2836,583,13,4631,290861,0,0,0
2022-07-22,2836,112,21,4722,290861,0,0,0
2022-07-25,2836,423,99,5046,290861,0,0,0
2022-07-26,2836,51,34,5063,290861,0,0,0
2022-07-27,2836,197,85,5175,290861,0,0,0
2022-07-28,2836,61,532,4704,290861,0,12,12
2022-07-29,2836,42,188,4558,290861,0,0,12
2022-08-01,2836,24,0,4582,290861,0,0,12
2022-08-02,2836,9,244,4347,290861,0,50,62
2022-08-03,2836,23,363,4007,290861,22,0,40
2022-08-04,2836,22,2,4027,290861,30,0,10
2022-08-05,2836,365,65,4327,290861,0,2,12
2022-08-08,2836,4,217,4114,290861,0,0,12
2022-08-09,2836,16,162,3968,290861,0,0,12
2022-08-10,2836,12,1,3979,290861,5,0,7
2022-08-11,2836,68,36,4011,290861,0,0,7
2022-08-12,2836,40,2,4049,290861,0,0,7
2022-08-15,2836,5,7,4047,290861,0,0,7
2022-08-16,2836,2,56,3993,290861,0,0,7
2022-08-17,2836,0,14,3979,290861,0,0,7
2022-08-18,2836,0,11,3968,290861,0,0,7
2022-08-19,2836,21,69,3920,290861,0,0,7
2022-08-22,2836,10,0,3930,290861,0,0,7
2022-08-23,2836,5,5,3930,290861,5,0,2
2022-08-24,2836,2,3,3929,290861,0,0,2
2022-08-25,2836,3,5,3927,290861,0,0,2
2022-08-26,2836,90,8,4009,290861,0,0,2
2022-08-29,2836,8,10,4007,290861,0,0,2
2022-08-30,2836,134,110,4031,299586,0,0,2
2022-08-31,2836,529,81,4479,299586,0,3,5
2022-09-01,2836,17,59,4437,299586,0,0,5
2022-09-02,2836,23,26,4434,299586,0,0,5
2022-09-05,2836,167,613,3988,299586,3,0,2
2022-09-06,2836,3,134,3857,299586,0,3,5
2022-09-07,2836,54,2,3889,299586,3,0,2
2022-09-08,2836,42,12,3919,299586,0,0,2
2022-09-12,2836,255,168,4006,299586,0,0,2
2022-09-13,2836,10,1,4015,299586,0,0,2
2022-09-14,2836,8,45,3978,299586,0,0,2
2022-09-15,2836,23,1,4000,299586,0,0,2
2022-09-16,2836,10,1,4009,299586,0,0,2
2022-09-19,2836,43,3,4049,299586,0,0,2
2022-09-20,2836,11,32,4028,299586,0,0,2
2022-09-21,2836,13,1,4040,299586,0,0,2
2022-09-22,2836,9,2,4047,299586,0,0,2
2022-09-23,2836,1,0,4048,299586,0,0,2
2022-09-26,2836,4,34,4018,299586,0,0,2
2022-09-27,2836,4,3,4019,299586,0,0,2
2022-09-28,2836,53,1,4071,299586,2,0,0
2022-09-29,2836,2,60,4013,299586,0,0,0
2022-09-30,2836,0,0,4013,299586,0,0,0
2022-10-03,2836,0,0,4012,299586,0,0,0
2022-10-04,2836,18,21,4009,299586,0,0,0
2022-10-05,2836,4,3,4010,299586,0,0,0
2022-10-06,2836,24,8,4026,299586,0,0,0
2022-10-07,2836,2,24,4004,299586,0,0,0
2022-10-11,2836,17,45,3976,299586,0,22,22
2022-10-12,2836,18,2,3991,299586,0,0,22
2022-10-13,2836,29,40,3980,299586,0,0,22
2022-10-14,2836,7,27,3960,299586,0,20,42
2022-10-17,2836,63,1,4022,299586,0,0,42
2022-10-18,2836,0,9,4013,299586,0,0,42
2022-10-19,2836,0,10,4003,299586,0,0,42
2022-10-20,2836,5,24,3984,299586,0,44,86
2022-10-21,2836,39,1,4022,299586,54,0,32
2022-10-24,2836,0,3,4019,299586,0,0,32
2022-10-25,2836,4,11,4012,299586,0,0,32
2022-10-26,2836,0,17,3995,299586,0,1,33
2022-10-27,2836,2,118,3879,299586,23,0,10
2022-10-28,2836,0,12,3867,299586,0,2,12
2022-10-31,2836,17,48,3836,299586,2,0,10
2022-11-01,2836,10,1,3845,299586,0,0,10
2022-11-02,2836,0,6,3839,299586,0,0,10
2022-11-03,2836,5,0,3844,299586,0,0,10
2022-11-04,2836,0,6,3838,299586,0,0,10
2022-11-07,2836,2,25,3815,299586,0,0,10
2022-11-08,2836,12,3,3824,299586,0,0,10
2022-11-09,2836,4,8,3820,299586,0,0,10
2022-11-10,2836,2,6,3816,299586,0,0,10
2022-11-11,2836,0,0,3816,299586,0,0,10
2022-11-14,2836,2,1,3817,299586,0,0,10
2022-11-15,2836,2,12,3807,299586,0,0,10
2022-11-16,2836,0,2,3805,299586,0,0,10
2022-11-17,2836,0,0,3805,299586,0,0,10
2022-11-18,2836,6,0,3811,299586,0,0,10
2022-11-21,2836,3,0,3814,299586,0,4,14
2022-11-22,2836,7,1,3820,299586,0,0,14
2022-11-23,2836,50,18,3852,299586,4,0,10
2022-11-24,2836,22,0,3874,299586,0,0,10
2022-11-25,2836,16,50,3840,299586,0,0,10
2022-11-28,2836,2,4,3838,299586,0,0,10
2022-11-29,2836,0,32,3806,299586,0,9,19
2022-11-30,2836,61,0,3867,299586,0,0,19
2022-12-01,2836,14,0,3881,299586,0,0,19
2022-12-02,2836,3,2,3882,299586,0,0,19
2022-12-05,2836,8,4,3886,299586,9,0,10
2022-12-06,2836,1,1,3886,299586,0,0,10
2022-12-07,2836,69,0,3955,299586,0,0,10
2022-12-08,2836,1,1,3955,299586,0,0,10
2022-12-09,2836,4,0,3959,299586,0,0,10
2022-12-12,2836,0,15,3944,299586,0,0,10
2022-12-13,2836,1,5,3940,299586,0,0,10
2022-12-14,2836,0,0,3940,299586,0,0,10
2022-12-15,2836,11,0,3951,299586,0,0,10
2022-12-16,2836,21,11,3961,299586,0,0,10
2022-12-19,2836,26,2,3985,299586,0,0,10
2022-12-20,2836,1,0,3986,299586,0,0,10
2022-12-21,2836,0,4,3982,299586,0,0,10
2022-12-22,2836,30,0,4012,299586,0,0,10
2022-12-23,2836,1,0,4013,299586,0,0,10
2022-12-26,2836,0,1,4012,299586,0,0,10
2022-12-27,2836,0,1,4011,299586,0,0,10
2022-12-28,2836,0,0,4011,299586,0,0,10
2022-12-29,2836,0,0,4011,299586,0,0,10
2022-12-30,2836,2,5,4008,299586,0,0,10
2023-01-03,2836,0,1,4007,299586,0,0,10
2023-01-04,2836,1,0,4004,299586,0,0,10
2023-01-05,2836,13,1,4016,299586,0,0,10
2023-01-06,2836,0,10,4006,299586,0,0,10
2023-01-09,2836,40,10,4036,299586,10,0,0
2023-01-10,2836,22,0,4058,299586,0,0,0
2023-01-11,2836,1,10,4049,299586,0,0,0
2023-01-12,2836,1,66,3984,299586,0,0,0
2023-01-13,2836,1,0,3985,299586,0,0,0
2023-01-16,2836,60,0,4045,299586,0,0,0
2023-01-17,2836,0,14,4031,299586,0,0,0
2023-01-30,2836,663,623,4071,299586,0,0,0
2023-01-31,2836,0,3,4068,299586,0,0,0
2023-02-01,2836,128,120,4051,299586,0,0,0
2023-02-02,2836,10,14,4047,299586,0,0,0
2023-02-03,2836,5,4,4048,299586,0,0,0
2023-02-06,2836,0,1,4047,299586,0,0,0
2023-02-07,2836,3,18,4032,299586,0,0,0
2023-02-08,2836,2,79,3955,299586,0,0,0
2023-02-09,2836,3,0,3958,299586,0,0,0
2023-02-10,2836,0,2,3956,299586,0,0,0
2023-02-13,2836,8,17,3947,299586,0,0,0
2023-02-14,2836,1,105,3843,299586,0,0,0
2023-02-15,2836,1,0,3844,299586,0,0,0
2023-02-16,2836,0,0,3844,299586,0,0,0
2023-02-17,2836,0,0,3844,299586,0,0,0
2023-02-20,2836,1,7,3838,299586,0,0,0
2023-02-21,2836,7,0,3845,299586,0,0,0
2023-02-22,2836,12,4,3853,299586,0,0,0
2023-02-23,2836,41,11,3878,299586,0,0,0
2023-02-24,2836,50,4,3924,299586,0,0,0
2023-03-01,2836,2,56,3870,299586,0,0,0
2023-03-02,2836,5,2,3873,299586,0,0,0
2023-03-03,2836,0,15,3858,299586,0,0,0
2023-03-06,2836,547,548,3857,299586,0,0,0
2023-03-07,2836,5,4,3858,299586,0,0,0
2023-03-08,2836,10,3,3865,299586,0,0,0
2023-03-09,2836,2,53,3814,299586,0,0,0
2023-03-10,2836,10,3,3821,299586,0,0,0
2023-03-13,2836,0,5,3816,299586,0,0,0
2023-03-14,2836,1,0,3817,299586,0,0,0
2023-03-15,2836,2,1,3818,299586,0,0,0
2023-03-16,2836,3,5,3816,299586,0,1,1
2023-03-17,2836,0,0,3816,299586,1,0,0
2023-03-20,2836,3,0,3819,299586,0,0,0
2023-03-21,2836,16,1,3834,299586,0,0,0
2023-03-22,2836,9,81,3762,299586,0,0,0
2023-03-23,2836,0,3,3759,299586,0,0,0
2023-03-24,2836,1,0,3760,299586,0,0,0
2023-03-27,2836,5,10,3755,299586,0,0,0
2023-03-28,2836,1,5,3751,299586,0,0,0
2023-03-29,2836,7,0,3758,299586,0,7,7
2023-03-30,2836,9,0,3767,299586,0,0,7
2023-03-31,2836,1,0,3768,299586,0,0,7
2023-04-06,2836,0,3,3765,299586,0,1,8
2023-04-07,2836,0,0,3765,299586,0,0,8
2023-04-10,2836,0,1,3764,299586,8,1,1
2023-04-11,2836,7,0,3771,299586,0,0,1
2023-04-12,2836,3,7,3767,299586,1,0,0
2023-04-13,2836,0,8,3759,299586,0,0,0
2023-04-14,2836,20,20,3759,299586,0,0,0
2023-04-17,2836,4,1,3762,299586,0,0,0
2023-04-18,2836,2,11,3753,299586,0,1,1
2023-04-19,2836,1,0,3754,299586,1,0,0
2023-04-20,2836,0,12,3742,299586,0,1,1
2023-04-21,2836,0,1,3741,299586,0,1,2
2023-04-24,2836,0,0,3741,299586,0,1,3
2023-04-25,2836,2,10,3733,299586,0,1,4
2023-04-26,2836,5,1,3737,299586,0,0,4
2023-04-27,2836,0,0,3737,299586,1,0,3
2023-04-28,2836,0,10,3727,299586,0,1,4
2023-05-02,2836,7,0,3734,299586,1,0,3
2023-05-03,2836,481,682,3533,299586,0,0,3
2023-05-04,2836,44,0,3577,299586,0,0,3
2023-05-05,2836,27,9,3595,299586,0,0,3
2023-05-08,2836,40,0,3635,299586,0,0,3
2023-05-09,2836,13,0,3648,299586,1,0,2
2023-05-10,2836,51,0,3699,299586,0,0,2
2023-05-11,2836,2,50,3651,299586,0,0,2
2023-05-12,2836,0,0,3651,299586,0,0,2
2023-05-15,2836,0,0,3651,299586,0,0,2
2023-05-16,2836,1,0,3652,299586,0,0,2
2023-05-17,2836,0,2,3650,299586,0,0,2
2023-05-18,2836,1,0,3651,299586,0,0,2
2023-05-19,2836,35,0,3686,299586,0,0,2
2023-05-22,2836,0,0,3686,299586,0,0,2
2023-05-23,2836,16,0,3702,299586,0,0,2
2023-05-24,2836,0,1,3701,299586,0,0,2
2023-05-25,2836,1,0,3702,299586,0,0,2
2023-05-26,2836,0,0,3702,299586,0,0,2
2023-05-29,2836,0,3,3699,299586,1,0,1
2023-05-30,2836,0,0,3699,299586,0,0,1
2023-05-31,2836,1,0,3700,299586,0,0,1
2023-06-01,2836,1,0,3701,299586,0,0,1
2023-06-02,2836,3,26,3678,299586,0,0,1
2023-06-05,2836,16,4,3690,299586,0,0,1
2023-06-06,2836,1,1,3690,299586,0,0,1
2023-06-07,2836,11,3,3698,299586,1,0,0
2023-06-08,2836,0,0,3698,299586,0,0,0
2023-06-09,2836,8,1,3705,299586,0,0,0
2023-06-12,2836,0,1,3704,299586,0,0,0
2023-06-13,2836,0,0,3704,299586,0,0,0
2023-06-14,2836,1,2,3703,299586,0,0,0
2023-06-15,2836,0,0,3703,299586,0,0,0
2023-06-16,2836,6,1,3708,299586,0,0,0
2023-06-19,2836,15,7,3716,299586,0,0,0
2023-06-20,2836,0,0,3716,299586,0,0,0
2023-06-21,2836,0,2,3714,299586,0,0,0
2023-06-26,2836,1,0,3715,299586,0,0,0
2023-06-27,2836,0,0,3715,299586,0,0,0
2023-06-28,2836,0,30,3685,299586,0,0,0
2023-06-29,2836,0,1,3684,299586,0,0,0
2023-06-30,2836,0,7,3677,299586,0,0,0
2023-07-03,2836,4,0,3681,299586,0,0,0
2023-07-04,2836,0,1,3680,299586,0,0,0
2023-07-05,2836,17,0,3697,299586,0,0,0
2023-07-06,2836,0,42,3655,299586,0,0,0
2023-07-07,2836,2,6,3651,299586,0,0,0
2023-07-10,2836,1,0,3652,299586,0,0,0
2023-07-11,2836,1,15,3638,299586,0,0,0
2023-07-12,2836,40,1,3675,299586,0,0,0
2023-07-13,2836,2,1,3676,299586,0,0,0
2023-07-14,2836,0,5,3671,299586,0,0,0
2023-07-17,2836,13,0,3684,299586,0,0,0
2023-07-18,2836,899,708,3875,299586,0,0,0
2023-07-19,2836,0,34,3841,299586,0,0,0
2023-07-20,2836,1,23,3819,299586,0,0,0
2023-07-21,2836,0,12,3807,299586,0,0,0
2023-07-24,2836,65,12,3860,299586,0,0,0
2023-07-25,2836,0,1,3859,299586,0,0,0
2023-07-26,2836,20,1,3878,299586,0,0,0
2023-07-27,2836,150,77,3951,299586,0,0,0
2023-07-28,2836,0,2,3949,299586,0,0,0
2023-07-31,2836,53,0,4002,299586,0,0,0
2023-08-01,2836,207,4,4205,299586,0,0,0
2023-08-02,2836,10,290,3925,299586,0,0,0
2023-08-04,2836,1,7,3907,299586,0,0,0
2023-08-07,2836,5,42,3870,299586,0,0,0
2023-08-08,2836,7,45,3832,299586,0,0,0
2023-08-09,2836,0,0,3832,299586,0,0,0
2023-08-10,2836,3,0,3835,299586,0,0,0
2023-08-11,2836,221,137,3919,299586,0,0,0
2023-08-14,2836,14,14,3919,299586,0,0,0
2023-08-15,2836,12,8,3923,299586,0,0,0
2023-08-16,2836,3,1,3925,299586,0,0,0
2023-08-17,2836,5,22,3908,299586,0,0,0
2023-08-18,2836,23,16,3915,299586,0,0,0
2023-08-21,2836,0,7,3908,299586,0,0,0
2023-08-22,2836,0,19,3889,299586,0,0,0
2023-08-23,2836,1,0,3890,299586,0,0,0
2023-08-24,2836,0,50,3840,299586,0,0,0
2023-08-25,2836,10,1,3849,299586,0,0,0
2023-08-28,2836,1,10,3840,299586,0,0,0
2023-08-29,2836,0,1,3839,299586,0,0,0
2023-08-30,2836,22,10,3851,299586,0,0,0
2023-08-31,2836,0,7,3844,299586,0,0,0
2023-09-01,2836,80,0,3924,299586,0,0,0
2023-09-04,2836,424,210,4138,299586,0,0,0
2023-09-05,2836,73,0,4211,299586,0,0,0
2023-09-06,2836,53,0,4264,299586,0,0,0
2023-09-07,2836,9,10,4263,299586,0,0,0
2023-09-08,2836,64,10,4317,308574,0,0,0
2023-09-11,2836,5,3,4319,308574,0,0,0
2023-09-12,2836,3,3,4319,308574,0,0,0
2023-09-13,2836,2,20,4301,308574,0,0,0
2023-09-14,2836,125,3,4413,308574,0,0,0
2023-09-15,2836,2,69,4346,308574,0,15,15
2023-09-18,2836,6,1,4351,308574,0,0,15
2023-09-19,2836,1,67,4285,308574,0,0,15
2023-09-20,2836,0,34,4251,308574,0,0,15
2023-09-21,2836,0,25,4226,308574,0,0,15
2023-09-22,2836,0,24,4202,308574,0,0,15
2023-09-25,2836,1,0,4203,308574,0,0,15
2023-09-26,2836,11,0,4212,308574,0,0,15
2023-09-27,2836,5,0,4217,308574,0,0,15
2023-09-28,2836,0,26,4191,308574,0,0,15
2023-10-02,2836,2,1,4192,308574,0,0,15
2023-10-03,2836,0,0,4192,308574,0,0,15
2023-10-04,2836,1,108,4085,308574,15,0,0
2023-10-05,2836,1,1,4070,308574,0,0,0
2023-10-06,2836,8,22,4056,308574,0,0,0
2023-10-11,2836,9,165,3900,308574,0,0,0
2023-10-12,2836,3,73,3830,308574,0,0,0
2023-10-13,2836,2,13,3819,308574,0,0,0
2023-10-16,2836,0,0,3819,308574,0,0,0
2023-10-17,2836,0,4,3815,308574,0,0,0
2023-10-18,2836,26,15,3826,308574,0,0,0
2023-10-19,2836,0,8,3818,308574,0,0,0
2023-10-20,2836,0,11,3807,308574,0,0,0
2023-10-23,2836,0,5,3802,308574,0,9,9
2023-10-24,2836,2,0,3804,308574,0,0,9
2023-10-25,2836,1,0,3805,308574,0,0,9
2023-10-26,2836,0,4,3801,308574,0,0,9
2023-10-27,2836,0,15,3786,308574,0,0,9
2023-10-30,2836,0,10,3776,308574,0,0,9
2023-10-31,2836,2,0,3778,308574,0,0,9
2023-11-01,2836,0,0,3778,308574,0,0,9
2023-11-02,2836,0,7,3771,308574,0,0,9
2023-11-03,2836,0,0,3771,308574,0,0,9
2023-11-06,2836,3,2,3772,308574,0,0,9
2023-11-07,2836,2,1,3773,308574,0,0,9
2023-11-08,2836,0,0,3773,308574,0,0,9
2023-11-09,2836,1,1,3773,308574,0,1,10
2023-11-10,2836,7,20,3760,308574,9,0,1
2023-11-13,2836,0,0,3760,308574,0,0,1
2023-11-14,2836,0,0,3760,308574,0,0,1
2023-11-15,2836,0,11,3749,308574,0,0,1
2023-11-16,2836,1,5,3745,308574,0,0,1
2023-11-17,2836,207,169,3783,308574,0,1,2
2023-11-20,2836,5,0,3788,308574,0,0,2
2023-11-21,2836,0,1,3787,308574,0,0,2
2023-11-22,2836,0,0,3787,308574,0,5,7
2023-11-23,2836,1,0,3788,308574,0,15,22
2023-11-24,2836,0,0,3788,308574,0,0,22
2023-11-27,2836,40,0,3828,308574,0,0,22
2023-11-28,2836,2,0,3830,308574,0,5,27
2023-11-29,2836,1,0,3831,308574,0,0,27
2023-11-30,2836,2,2,3831,308574,0,5,32
2023-12-01,2836,0,0,3831,308574,0,0,32
2023-12-04,2836,1,3,3829,308574,0,5,37
2023-12-05,2836,0,1,3828,308574,0,0,37
2023-12-06,2836,0,1,3827,308574,0,5,42
2023-12-07,2836,0,3,3824,308574,0,0,42
2023-12-08,2836,0,0,3824,308574,0,0,42
2023-12-11,2836,0,1,3823,308574,0,0,42
2023-12-12,2836,0,4,3819,308574,0,0,42
2023-12-13,2836,35,0,3854,308574,0,3,45
2023-12-14,2836,1,1,3854,308574,0,5,50
2023-12-15,2836,10,0,3864,308574,0,0,50
2023-12-18,2836,0,2,3862,308574,0,0,50
2023-12-19,2836,12,0,3874,308574,0,0,50
2023-12-20,2836,10,2,3882,308574,0,0,50
2023-12-21,2836,10,2,3889,308574,0,0,50
2023-12-22,2836,0,0,3889,308574,0,0,50
2023-12-25,2836,0,0,3889,308574,0,0,50
2023-12-26,2836,0,20,3869,308574,0,0,50
2023-12-27,2836,28,10,3887,308574,0,0,50
2023-12-28,2836,20,2,3905,308574,0,0,50
2023-12-29,2836,5,0,3910,308574,0,0,50
2024-01-02,2836,30,51,3889,308574,0,0,50
2024-01-03,2836,0,10,3879,308574,0,0,50
2024-01-04,2836,1,0,3880,308574,0,0,50
2024-01-05,2836,0,2,3878,308574,0,0,50
2024-01-08,2836,0,0,3878,308574,0,0,50
2024-01-09,2836,0,1,3877,308574,0,0,50
2024-01-10,2836,0,32,3845,308574,0,0,50
2024-01-11,2836,0,0,3845,308574,0,0,50
2024-01-12,2836,10,0,3855,308574,0,0,50
2024-01-15,2836,10,0,3865,308574,0,0,50
2024-01-16,2836,10,0,3875,308574,49,0,1
2024-01-17,2836,348,31,4192,308574,0,0,1
2024-01-18,2836,24,80,4136,308574,0,0,1
2024-01-19,2836,0,0,4136,308574,0,0,1
2024-01-22,2836,62,0,4198,308574,1,10,10
2024-01-23,2836,0,0,4198,308574,0,11,21
2024-01-24,2836,61,1,4258,308574,21,0,0
2024-01-25,2836,14,0,4272,308574,0,0,0
2024-01-26,2836,137,155,4254,308574,0,0,0
2024-01-29,2836,87,262,4079,308574,0,0,0
2024-01-30,2836,32,129,3982,308574,0,2460,2460
2024-01-31,2836,45,6,4021,308574,0,860,3320
2024-02-01,2836,20,2,4039,308574,0,27,3344
2024-02-02,2836,30,63,4006,308574,0,10,3354
2024-02-05,2836,48,33,4020,308574,0,0,3354
2024-02-15,2836,6,9,4017,308574,0,200,3554
2024-02-16,2836,100,1,4116,308574,0,236,3790
2024-02-19,2836,22,10,4128,308574,0,4,3594
2024-02-20,2836,22,0,4150,308574,0,0,3358
2024-02-21,2836,16,6,4160,308574,0,25,3383
2024-02-22,2836,10,9,4161,308574,0,27,3410
2024-02-23,2836,12,11,4162,308574,0,114,3524
2024-02-26,2836,33,6,4189,308574,0,501,4025
2024-02-27,2836,24,5,4208,308574,0,1,3926
2024-02-29,2836,287,16,4479,308574,0,24,3450
2024-03-01,2836,5,7,4477,308574,100,10,3360
2024-03-04,2836,324,168,4633,308574,0,11,3371
2024-03-05,2836,97,52,4678,308574,0,145,3516
2024-03-06,2836,506,141,5043,308574,0,81,3597
2024-03-07,2836,169,121,5091,433574,0,74,3671
2024-03-08,2836,6647,5,11733,433574,668,0,2932
2024-03-11,2836,1072,62,12743,433574,11,0,2875
2024-03-12,2836,122,121,12744,433574,1,0,2691
2024-03-13,2836,82,47,12779,433574,0,0,2691
2024-03-14,2836,3938,837,15880,433574,0,0,2691
2024-03-15,2836,480,285,16075,433574,5,0,2686
2024-03-18,2836,347,1605,14817,433574,1823,0,0
2024-03-19,2836,526,315,15028,433574,0,0,0
2024-03-20,2836,142,102,15068,433574,0,0,0
2024-03-21,2836,1163,239,15987,433574,0,0,0
2024-03-22,2836,582,353,16216,433574,0,1,1
2024-03-25,2836,187,937,15466,433574,0,0,1
2024-03-26,2836,668,1310,14824,433574,0,3,4
2024-03-27,2836,318,28,15114,433574,0,1,5
2024-03-28,2836,792,645,15261,433574,1,0,4
2024-03-29,2836,152,127,15286,433574,0,0,4
2024-04-01,2836,28,16,15298,433574,0,0,4
2024-04-02,2836,150,41,15407,433574,0,0,4
2024-04-03,2836,263,177,15493,433574,0,0,4
2024-04-08,2836,138,46,15585,433574,0,1,5
2024-04-09,2836,39,764,14860,433574,0,0,5
2024-04-10,2836,86,397,14549,433574,0,0,5
2024-04-11,2836,10,583,13976,433574,0,0,5
2024-04-12,2836,210,506,13680,433574,0,0,5
2024-04-15,2836,177,2234,11623,433574,0,0,5
2024-04-16,2836,125,368,11380,433574,0,0,5
2024-04-17,2836,51,8,11419,433574,0,0,5
2024-04-18,2836,149,0,11560,433574,4,0,1
2024-04-19,2836,44,178,11426,433574,0,0,1
2024-04-22,2836,119,2,11543,433574,0,7,8
2024-04-23,2836,44,320,11222,433574,1,0,7
2024-04-24,2836,16,49,11189,433574,3,0,4
2024-04-25,2836,35,190,11034,433574,0,0,4
2024-04-26,2836,21,32,11023,433574,3,0,1
2024-04-29,2836,359,373,11009,433574,0,0,1
2024-04-30,2836,12,20,11001,433574,0,0,1
2024-05-02,2836,122,461,10662,433574,0,0,1
2024-05-03,2836,148,1088,9722,433574,0,0,1
2024-05-06,2836,141,608,9255,433574,0,0,1
2024-05-07,2836,95,243,9107,433574,0,0,1
2024-05-08,2836,175,421,8861,433574,0,0,1
2024-05-09,2836,73,191,8743,433574,0,0,1
2024-05-10,2836,194,368,8569,433574,0,0,1
2024-05-13,2836,65,355,8279,433574,0,0,1
2024-05-14,2836,153,282,8150,433574,0,0,1
2024-05-15,2836,101,33,8218,433574,0,0,1
2024-05-16,2836,29,61,8186,433574,0,0,1
2024-05-17,2836,317,33,8470,433574,0,0,1
2024-05-20,2836,19,60,8429,433574,0,0,1
2024-05-21,2836,50,16,8463,433574,0,0,1
2024-05-22,2836,30,28,8465,433574,0,0,1
2024-05-23,2836,57,137,8385,433574,0,0,1
2024-05-24,2836,25,48,8362,433574,0,0,1
2024-05-27,2836,18,84,8296,433574,0,0,1
2024-05-28,2836,446,50,8692,433574,0,0,1
2024-05-29,2836,104,21,8775,433574,0,0,1
2024-05-30,2836,20,53,8742,433574,0,0,1
2024-05-31,2836,195,109,8828,433574,0,0,1
2024-06-03,2836,77,92,8813,433574,0,0,1
2024-06-04,2836,28,10,8826,433574,0,0,1
2024-06-05,2836,102,21,8907,433574,0,0,1
2024-06-06,2836,13,96,8824,433574,0,0,1
2024-06-07,2836,208,34,8998,433574,0,0,1
2024-06-11,2836,17,129,8886,433574,0,0,1
2024-06-12,2836,8,21,8873,433574,0,0,1
2024-06-13,2836,4,460,8417,433574,0,0,1
2024-06-14,2836,44,44,8417,433574,0,0,1
2024-06-17,2836,7,215,8209,433574,0,0,1
2024-06-18,2836,38,23,8224,433574,0,0,1
2024-06-19,2836,110,47,8287,433574,0,0,1
2024-06-20,2836,4,45,8246,433574,0,0,1
2024-06-21,2836,540,343,8438,433574,0,0,1
2024-06-24,2836,230,192,8476,433574,0,0,1
2024-06-25,2836,458,314,8620,433574,0,0,1
2024-06-26,2836,250,107,8763,433574,0,0,1
2024-06-27,2836,4,25,8742,433574,0,0,1
2024-06-28,2836,18,941,7819,433574,0,0,1
2024-07-01,2836,617,1157,7279,433574,0,0,1
2024-07-02,2836,201,241,7239,433574,0,0,1
2024-07-03,2836,72,452,6859,433574,0,0,1
2024-07-04,2836,7,372,6494,433574,0,0,1
2024-07-05,2836,117,42,6568,433574,0,4,5
2024-07-08,2836,224,122,6670,433574,1,1,5
2024-07-09,2836,14,233,6451,433574,0,1,6
2024-07-10,2836,186,78,6559,433574,2,2,6
2024-07-11,2836,12,156,6415,433574,0,0,6
2024-07-12,2836,105,16,6504,433574,0,1,7
2024-07-15,2836,5,27,6482,433574,0,0,7
2024-07-16,2836,140,3,6619,433574,1,0,4
2024-07-17,2836,71,215,6475,433574,0,1,5
2024-07-18,2836,35,5,6505,433574,0,1,6
2024-07-19,2836,566,74,6997,433574,5,6,7
2024-07-22,2836,87,308,6776,433574,0,10,17
2024-07-23,2836,17,115,6678,433574,11,1,7
2024-07-26,2836,238,42,6874,433574,0,0,7
2024-07-29,2836,21,36,6859,433574,5,5,7
2024-07-30,2836,1,160,6700,433574,0,0,7
2024-07-31,2836,9,57,6652,433574,0,0,7
2024-08-01,2836,123,69,6706,433574,1,0,6
2024-08-02,2836,36,11,6731,433574,0,0,6
2024-08-05,2836,234,36,6829,433574,5,0,1
2024-08-06,2836,148,126,6851,433574,0,0,1
2024-08-07,2836,35,101,6784,433574,0,0,1
2024-08-08,2836,53,118,6719,433574,1,0,0
2024-08-09,2836,195,129,6785,433574,0,0,0
2024-08-12,2836,36,155,6666,433574,0,0,0
2024-08-13,2836,353,72,6947,433574,0,0,0
2024-08-14,2836,82,183,6846,433574,0,2,2
2024-08-15,2836,45,27,6864,433574,1,0,1
2024-08-16,2836,190,65,6989,433574,1,1,1
2024-08-19,2836,73,46,7016,433574,0,0,1
2024-08-20,2836,67,16,7067,433574,1,0,0
2024-08-21,2836,92,10,7149,433574,0,0,0
2024-08-22,2836,33,21,7161,433574,0,0,0
2024-08-23,2836,78,63,7176,433574,0,0,0
2024-08-26,2836,120,22,7274,433574,0,0,0
2024-08-27,2836,189,9,7454,433574,0,0,0
2024-08-28,2836,72,0,7526,433574,0,4,4
2024-08-29,2836,336,23,7839,433574,0,0,4
2024-08-30,2836,10,5,7844,433574,0,0,4
2024-09-02,2836,58,50,7852,433574,0,0,4
2024-09-03,2836,259,203,7908,433574,0,0,4
2024-09-04,2836,228,256,7877,433574,0,0,4
2024-09-05,2836,97,191,7783,433574,0,0,4
2024-09-06,2836,79,33,7829,433574,0,0,4
2024-09-09,2836,40,113,7756,433574,0,0,4
2024-09-10,2836,14,13,7757,433574,0,0,4
2024-09-11,2836,10,66,7701,433574,0,0,4
2024-09-12,2836,72,17,7756,433574,0,0,4
2024-09-13,2836,6,60,7702,433574,0,0,4
2024-09-16,2836,10,135,7577,446581,0,0,4
2024-09-18,2836,23,9,7591,446581,0,0,4
2024-09-19,2836,51,0,7642,446581,0,0,4
2024-09-20,2836,8,26,7624,446581,0,0,4
2024-09-23,2836,25,11,7638,446581,0,0,4
2024-09-24,2836,4,48,7594,446581,0,0,4
2024-09-25,2836,19,1,7612,446581,0,0,4
2024-09-26,2836,2,1,7613,446581,0,0,4
2024-09-27,2836,14,47,7580,446581,0,0,4
2024-09-30,2836,3,7,7576,446581,0,0,4
2024-10-01,2836,17,10,7583,446581,0,0,4
2024-10-04,2836,49,2,7627,446581,0,0,4
2024-10-07,2836,18,1,7644,446581,0,0,4
2024-10-08,2836,29,0,7673,446581,0,0,4
2024-10-09,2836,11,2,7682,446581,0,0,4
2024-10-11,2836,83,3,7762,446581,0,0,4
2024-10-14,2836,3,107,7658,446581,0,0,4
2024-10-15,2836,28,58,7628,446581,0,0,4
2024-10-16,2836,7,135,7500,446581,0,0,4
2024-10-17,2836,2,62,7436,446581,0,0,4
2024-10-18,2836,10,24,7422,446581,0,0,4
2024-10-21,2836,23,1,7444,446581,0,0,4
2024-10-22,2836,2,6,7436,446581,0,0,4
2024-10-23,2836,21,10,7447,446581,0,0,4
2024-10-24,2836,21,0,7468,446581,0,0,4
2024-10-25,2836,864,771,7561,446581,0,0,4
2024-10-28,2836,3,42,7522,446581,0,0,4
2024-10-29,2836,24,160,7384,446581,0,1,5
2024-10-30,2836,2,2,7384,446581,0,0,5
2024-11-01,2836,0,46,7338,446581,1,0,4
2024-11-04,2836,77,61,7354,446581,0,0,4
2024-11-05,2836,24,0,7378,446581,0,0,4
2024-11-06,2836,2,0,7380,446581,0,0,4
2024-11-07,2836,6,6,7380,446581,0,0,4
2024-11-08,2836,22,11,7391,446581,0,0,4
2024-11-11,2836,20,0,7411,446581,0,0,4
2024-11-12,2836,9,19,7397,446581,0,0,4
2024-11-13,2836,16,0,7413,446581,0,0,4
2024-11-14,2836,1,3,7411,446581,0,0,4
2024-11-15,2836,10,62,7359,446581,0,0,4
2024-11-18,2836,13,0,7372,446581,0,0,4
2024-11-19,2836,26,69,7329,446581,0,0,4
2024-11-20,2836,19,51,7296,446581,0,0,4
2024-11-21,2836,0,8,7287,446581,0,0,4
2024-11-22,2836,30,60,7257,446581,0,0,4
2024-11-25,2836,86,617,6726,446581,0,0,4
2024-11-26,2836,32,2,6756,446581,0,0,4
2024-11-27,2836,42,32,6766,446581,0,0,4
2024-11-28,2836,13,221,6558,446581,0,0,4
2024-11-29,2836,19,4,6573,446581,0,0,4
2024-12-02,2836,15,4,6584,446581,0,0,4
2024-12-03,2836,2,43,6469,446581,0,0,4
2024-12-04,2836,2,36,6435,446581,0,0,4
2024-12-05,2836,20,10,6445,446581,0,0,4
2024-12-06,2836,1,4,6442,446581,0,0,4
2024-12-09,2836,4,89,6352,446581,0,0,4
2024-12-10,2836,39,3,6388,446581,0,0,4
2024-12-11,2836,58,5,6439,446581,0,0,4
2024-12-12,2836,0,63,6376,446581,0,0,4
2024-12-13,2836,16,23,6366,446581,0,0,4
2024-12-16,2836,25,13,6378,446581,0,0,4
2024-12-17,2836,9,7,6380,446581,0,1,5
2024-12-18,2836,45,8,6417,446581,0,0,5
2024-12-19,2836,5,281,6137,446581,1,0,4
2024-12-20,2836,9,316,5826,446581,0,0,4
2024-12-23,2836,11,41,5796,446581,0,0,4
2024-12-24,2836,6,10,5792,446581,0,0,4
2024-12-25,2836,6,29,5769,446581,0,0,4
2024-12-26,2836,0,8,5760,446581,0,0,4
2024-12-27,2836,1,16,5745,446581,0,0,4
2024-12-30,2836,20,12,5753,446581,0,0,4
2024-12-31,2836,33,0,5784,446581,0,0,4
2025-01-02,2836,12,0,5796,446581,0,0,4
2025-01-03,2836,3,13,5786,446581,0,0,4
2025-01-06,2836,2,5,5783,446581,0,0,4
2025-01-07,2836,8,5,5786,446581,0,0,4
2025-01-08,2836,672,590,5867,446581,0,1,5
2025-01-09,2836,9,20,5856,446581,0,0,5
2025-01-10,2836,4,8,5852,446581,0,0,1
2025-01-13,2836,15,0,5867,446581,0,0,1
2025-01-14,2836,154,207,5814,446581,0,0,1
2025-01-15,2836,0,0,5814,446581,0,0,1
2025-01-16,2836,14,5,5823,446581,0,0,1
2025-01-17,2836,0,38,5785,446581,0,0,1
2025-01-20,2836,0,10,5775,446581,0,0,1
2025-01-21,2836,0,19,5756,446581,0,0,1
2025-01-22,2836,32,15,5773,446581,0,0,1
2025-02-03,2836,8,22,5759,446581,0,0,1
2025-02-04,2836,4,4,5759,446581,0,0,1
2025-02-05,2836,9,3,5765,446581,0,0,1
2025-02-06,2836,135,167,5733,446581,0,0,1
2025-02-07,2836,32,12,5753,446581,0,0,1
2025-02-10,2836,45,13,5785,446581,0,0,1
2025-02-11,2836,0,3,5782,446581,0,0,1
2025-02-12,2836,0,2,5780,446581,0,0,1
2025-02-13,2836,98,3,5875,446581,0,0,1
2025-02-14,2836,36,8,5903,446581,0,0,1
2025-02-17,2836,2,24,5881,446581,0,0,1
2025-02-18,2836,33,58,5856,446581,0,0,1
2025-02-19,2836,0,27,5829,446581,0,0,1
2025-02-20,2836,206,304,5731,446581,0,0,1
2025-02-21,2836,1,29,5703,446581,0,0,1
2025-02-24,2836,31,0,5734,446581,0,0,1
2025-02-25,2836,79,0,5813,446581,0,0,1
2025-02-26,2836,28,63,5778,446581,0,0,1
2025-02-27,2836,30,38,5770,446581,0,0,1
2025-03-03,2836,15,140,5645,446581,0,0,1
2025-03-04,2836,49,7,5687,446581,0,0,1
2025-03-05,2836,48,1,5734,446581,0,0,1
2025-03-06,2836,13,52,5695,446581,0,0,1
2025-03-07,2836,32,37,5690,446581,0,0,1
2025-03-10,2836,129,3,5816,446581,0,0,1
2025-03-11,2836,33,31,5818,446581,1,0,0
2025-03-12,2836,21,8,5831,446581,0,0,0
2025-03-13,2836,41,154,5718,446581,0,0,0
2025-03-14,2836,7,5,5720,446581,0,0,0
2025-03-17,2836,18,22,5716,446581,0,0,0
2025-03-18,2836,1,17,5700,446581,0,0,0
2025-03-19,2836,11,49,5662,446581,0,0,0
2025-03-20,2836,1,3,5660,446581,0,0,0
2025-03-21,2836,0,1,5659,446581,0,0,0
2025-03-24,2836,2,0,5661,446581,0,0,0
2025-03-25,2836,51,0,5712,446581,0,0,0
2025-03-26,2836,0,3,5709,446581,0,0,0
2025-03-27,2836,4,0,5713,446581,0,0,0
2025-03-28,2836,14,37,5690,446581,0,0,0
2025-03-31,2836,124,471,5343,446581,0,0,0
2025-04-01,2836,3,11,5335,446581,0,0,0
2025-04-02,2836,4,17,5322,446581,0,0,0
2025-04-07,2836,47,100,5269,446581,0,24,24
2025-04-08,2836,107,220,5156,446581,0,9,33
2025-04-09,2836,292,166,5281,446581,0,4,37
2025-04-10,2836,10,280,5007,446581,11,1,27
2025-04-11,2836,4,32,4979,446581,4,3,26
2025-04-14,2836,4,56,4927,446581,2,0,24
2025-04-15,2836,2,15,4909,446581,0,0,24
2025-04-16,2836,120,19,5010,446581,0,0,24
2025-04-17,2836,43,0,5053,446581,0,0,24
2025-04-18,2836,2,56,4999,446581,0,0,24
2025-04-21,2836,9,26,4982,446581,0,0,24
2025-04-22,2836,5,19,4968,446581,0,0,24
2025-04-23,2836,15,33,4950,446581,0,0,24
2025-04-24,2836,16,1,4965,446581,0,1,25
2025-04-25,2836,18,11,4972,446581,0,0,25
2025-04-28,2836,0,8,4964,446581,0,0,25
2025-04-29,2836,1,40,4925,446581,0,0,25
2025-04-30,2836,6,20,4911,446581,0,0,25
2025-05-02,2836,32,6,4937,446581,0,0,25
2025-05-05,2836,20,8,4949,446581,0,0,25
2025-05-06,2836,0,18,4931,446581,0,0,25
2025-05-07,2836,2,8,4925,446581,0,0,25
2025-05-08,2836,1,1,4925,446581,0,0,25
2025-05-09,2836,0,3,4922,446581,0,0,25
2025-05-12,2836,1,0,4923,446581,0,0,25
2025-05-13,2836,8,0,4931,446581,1,0,24
2025-05-14,2836,1,9,4923,446581,0,0,24
2025-05-15,2836,178,217,4884,446581,0,0,24
2025-05-16,2836,10,0,4894,446581,0,0,24
2025-05-19,2836,1,4,4891,446581,10,0,14
2025-05-20,2836,1,4,4888,446581,0,0,14
2025-05-21,2836,0,93,4795,446581,0,0,14
2025-05-22,2836,6,0,4801,446581,0,0,14
2025-05-23,2836,33,7,4827,446581,0,0,14
2025-05-26,2836,1,2,4826,446581,10,0,4
2025-05-27,2836,0,3,4823,446581,0,0,4
2025-05-28,2836,4,2,4825,446581,0,0,4
2025-05-29,2836,0,114,4711,446581,0,0,4
2025-06-02,2836,249,13,4947,446581,0,0,4
2025-06-03,2836,2,216,4733,446581,0,0,4
2025-06-04,2836,1,192,4537,446581,0,0,4
2025-06-05,2836,0,7,4530,446581,0,0,4
2025-06-06,2836,3,38,4495,446581,0,0,4
2025-06-09,2836,29,0,4496,446581,0,0,4
2025-06-10,2836,2,2,4496,446581,0,0,4
2025-06-11,2836,2,1,4497,446581,0,0,4
2025-06-12,2836,1,0,4498,446581,0,0,4
2025-06-13,2836,46,1,4543,446581,0,0,4
2025-06-16,2836,1,2,4542,446581,0,0,4
2025-06-17,2836,2,36,4508,446581,0,0,4
2025-06-18,2836,6,0,4514,446581,0,0,4
2025-06-19,2836,0,128,4386,446581,0,0,4
2025-06-20,2836,6,71,4321,446581,0,0,4
2025-06-23,2836,117,7,4431,446581,0,0,4
2025-06-24,2836,0,101,4330,446581,0,0,4
2025-06-25,2836,3,30,4303,446581,0,0,4
2025-06-26,2836,20,52,4271,446581,0,0,4
2025-06-27,2836,3,11,4263,446581,0,0,4
2025-06-30,2836,455,108,4610,446581,0,2,6
2025-07-01,2836,63,388,4285,446581,2,0,4
2025-07-02,2836,4,72,4217,446581,0,0,4
2025-07-03,2836,13,3,4227,446581,0,0,4
2025-07-04,2836,80,17,4290,446581,1,0,3
2025-07-07,2836,109,70,4329,446581,0,0,3
2025-07-08,2836,55,153,4231,446581,0,0,3
2025-07-09,2836,33,23,4241,446581,0,0,3
2025-07-10,2836,73,6,4308,446581,0,1,4
2025-07-11,2836,68,16,4360,446581,1,0,3
2025-07-14,2836,139,14,4485,446581,2,0,1
2025-07-15,2836,290,310,4465,446581,1,0,0
2025-07-16,2836,15,3,4477,446581,0,0,0
2025-07-17,2836,0,10,4466,446581,0,0,0
2025-07-18,2836,48,1,4513,446581,0,0,0
2025-07-21,2836,183,7,4685,446581,0,0,0
2025-07-22,2836,5,174,4516,446581,0,0,0
2025-07-23,2836,863,150,5229,446581,0,0,0
2025-07-24,2836,408,230,5407,446581,0,2,2
2025-07-25,2836,30,4,5433,446581,0,0,2
2025-07-28,2836,272,12,5693,446581,1,0,1
2025-07-29,2836,10,3,5700,446581,0,0,1
2025-07-30,2836,78,4,5766,446581,0,0,1
2025-07-31,2836,109,26,5849,446581,0,0,1
2025-08-01,2836,6,24,5831,446581,1,0,0
2025-08-04,2836,64,57,5838,446581,0,0,0
2025-08-05,2836,7,8,5837,446581,0,1,1
2025-08-06,2836,3,19,5821,446581,0,0,1
2025-08-07,2836,18,163,5676,446581,1,0,0
2025-08-08,2836,18,175,5519,446581,0,0,0
2025-08-11,2836,39,599,4959,446581,0,0,0
2025-08-12,2836,65,125,4899,446581,0,0,0
2025-08-13,2836,131,84,4946,446581,0,0,0
2025-08-14,2836,102,24,5024,446581,0,1,1
2025-08-15,2836,6,6,5015,446581,0,0,1
2025-08-18,2836,36,12,5039,446581,1,0,0
2025-08-19,2836,3,11,5031,446581,0,0,0
2025-08-20,2836,7,5,5033,446581,0,1,1
2025-08-21,2836,5,2,5036,446581,0,0,1
2025-08-22,2836,44,2,5078,446581,1,0,0
2025-08-25,2836,26,3,5101,446581,0,1,1
2025-08-26,2836,67,1,5167,446581,0,0,1
2025-08-27,2836,23,0,5190,446581,0,0,1
2025-08-28,2836,6,2,5194,459979,0,0,1
2025-08-29,2836,4,0,5198,459979,1,41,41
2025-09-01,2836,190,193,5195,459979,0,0,41
2025-09-02,2836,51,3,5243,459979,0,0,41
2025-09-03,2836,2,10,5235,459979,0,0,41
2025-09-04,2836,17,10,5242,459979,0,0,41
2025-09-05,2836,8,16,5234,459979,0,0,41
2025-09-08,2836,6,2,5238,459979,0,0,41
2025-09-09,2836,0,9,5229,459979,0,0,41
2025-09-10,2836,0,3,5221,459979,0,0,41
2025-09-11,2836,2,14,5195,459979,0,0,41
2025-09-12,2836,9,25,5179,459979,0,0,41
2025-09-15,2836,12,30,5161,459979,0,0,41
2025-09-16,2836,1,10,5152,459979,0,0,41
2025-09-17,2836,2,16,5138,459979,0,0,41
2025-09-18,2836,14,4,5148,459979,0,0,41
2025-09-19,2836,2,4,5146,459979,0,0,0
2025-09-22,2836,3,6,5143,459979,0,0,0
2025-09-23,2836,6,0,5149,459979,0,0,0
2025-09-24,2836,2,38,5113,459979,0,0,0
2025-09-25,2836,10,10,5113,459979,0,0,0
2025-09-26,2836,2,435,4680,459979,0,0,0
2025-09-30,2836,2,53,4629,459979,0,0,0
2025-10-01,2836,0,4,4625,459979,0,0,0
2025-10-02,2836,0,6,4619,459979,0,0,0
2025-10-03,2836,2,109,4512,459979,0,0,0
2025-10-07,2836,22,8,4525,459979,0,0,0
2025-10-08,2836,49,37,4537,459979,0,0,0
2025-10-09,2836,13,5,4545,459979,0,0,0
2025-10-13,2836,10,8,4547,459979,0,0,0
2025-10-14,2836,33,183,4396,459979,0,0,0
2025-10-15,2836,43,7,4432,459979,0,0,0
2025-10-16,2836,25,38,4419,459979,0,0,0
2025-10-17,2836,109,129,4399,459979,0,0,0
2025-10-20,2836,2,8,4393,459979,0,0,0
2025-10-21,2836,7,13,4387,459979,0,0,0
2025-10-22,2836,60,93,4354,459979,0,0,0
2025-10-23,2836,1,45,4310,459979,0,0,0
2025-10-27,2836,24,10,4324,459979,0,0,0
2025-10-28,2836,20,34,4310,459979,0,0,0
2025-10-29,2836,55,19,4346,459979,0,0,0
2025-10-30,2836,253,32,4567,459979,0,0,0
2025-10-31,2836,212,17,4762,459979,0,0,0
2025-11-03,2836,0,104,4658,459979,0,0,0
2025-11-04,2836,16,1,4673,459979,0,0,0
2025-11-05,2836,79,25,4722,459979,0,0,0
2025-11-06,2836,28,6,4744,459979,0,0,0
2025-11-07,2836,4,4,4744,459979,0,0,0
2025-11-10,2836,1,3,4742,459979,0,0,0
2025-11-11,2836,159,1,4900,459979,0,0,0
2025-11-12,2836,5,0,4905,459979,0,0,0
2025-11-13,2836,28,2,4931,459979,0,0,0
2025-11-14,2836,88,20,4999,459979,0,0,0
2025-11-17,2836,69,3,5065,459979,0,0,0
2025-11-18,2836,88,38,5115,459979,0,0,0
2025-11-19,2836,105,101,5119,459979,0,0,0
2025-11-20,2836,0,36,5083,459979,0,0,0
2025-11-21,2836,1,56,5028,459979,0,0,0
2025-11-24,2836,225,230,5023,459979,0,0,0
2025-11-25,2836,94,4,5113,459979,0,0,0
2025-11-26,2836,8,0,5121,459979,0,0,0
2025-11-27,2836,40,24,5137,459979,0,0,0
2025-11-28,2836,3,4,5136,459979,0,0,0
2025-12-01,2836,100,48,5188,459979,0,0,0
2025-12-02,2836,6,32,5162,459979,0,0,0
2025-12-03,2836,109,1,5270,459979,0,0,0
2025-12-04,2836,56,20,5306,459979,0,0,0
2025-12-05,2836,218,190,5334,459979,0,0,0
2025-12-08,2836,10,1,5343,459979,0,0,0
2025-12-09,2836,9,1,5351,459979,0,0,0
2025-12-10,2836,113,317,5147,459979,0,0,0
2025-12-11,2836,12,97,5062,459979,0,0,0
2025-12-12,2836,232,290,5004,459979,0,0,0
2025-12-15,2836,337,420,4921,459979,0,0,0
2025-12-16,2836,5,100,4826,459979,0,0,0
2025-12-17,2836,80,58,4848,459979,0,0,0
2025-12-18,2836,3,126,4725,459979,0,0,0
2025-12-19,2836,25,144,4606,459979,0,0,0
2025-12-22,2836,134,191,4549,459979,0,0,0
2025-12-23,2836,10,21,4286,459979,0,0,0
2025-12-24,2836,213,2,4497,459979,0,0,0
2025-12-26,2836,75,6,4566,459979,0,0,0
2025-12-29,2836,2,0,4568,459979,0,0,0
2025-12-30,2836,84,0,4652,459979,0,0,0
2025-12-31,2836,0,9,4643,459979,0,0,0
2026-01-02,2836,43,3,4683,459979,0,0,0
2026-01-05,2836,44,13,4714,459979,0,0,0
2026-01-06,2836,2,0,4716,459979,0,0,0
2026-01-07,2836,115,5,4826,459979,0,0,0
2026-01-08,2836,53,84,4795,459979,0,0,0
2026-01-09,2836,2,8,4789,459979,0,0,0
2026-01-12,2836,69,1,4857,459979,0,0,0
2026-01-13,2836,121,0,4977,459979,0,0,0
2026-01-14,2836,6,0,4983,459979,0,0,0
2026-01-15,2836,2,2,4983,459979,0,0,0
2026-01-16,2836,143,0,5126,459979,0,0,0
2026-01-19,2836,23,31,5118,459979,0,0,0
2026-01-20,2836,0,0,5118,459979,0,0,0
2026-01-21,2836,6,15,5109,459979,0,0,0
2026-01-22,2836,1,2,5107,459979,0,0,0
2026-01-23,2836,120,1,5226,459979,0,0,0
2026-01-26,2836,108,12,5322,459979,0,0,0
2026-01-27,2836,0,20,5297,459979,0,0,0
2026-01-28,2836,40,35,5300,459979,0,0,0
2026-01-29,2836,0,116,5184,459979,0,0,0
2026-01-30,2836,134,0,5318,459979,0,0,0
2026-02-02,2836,165,0,5483,459979,0,0,0
2026-02-03,2836,2,62,5423,459979,0,0,0
2026-02-04,2836,2,81,5344,459979,0,0,0
2026-02-05,2836,1,55,5290,459979,0,0,0
2026-02-06,2836,4,18,5276,459979,0,0,0
2026-02-09,2836,1,172,5105,459979,0,0,0
2026-02-10,2836,11,177,4613,459979,0,0,0
2026-02-11,2836,741,896,4160,459979,0,0,0
2026-02-23,2836,349,303,4206,459979,0,0,0
2026-02-24,2836,207,290,4122,459979,0,0,0
2026-02-25,2836,3,9,4116,459979,0,0,0
2026-02-26,2836,324,362,4078,459979,0,0,0
2026-03-02,2836,194,195,4077,459979,0,0,0
2026-03-03,2836,2,21,4058,459979,0,0,0
2026-03-04,2836,12,36,4034,459979,0,0,0
2026-03-05,2836,1,24,4011,459979,0,0,0
2026-03-06,2836,10,3,4018,459979,0,0,0
2026-03-09,2836,276,0,4294,459979,0,0,0
2026-03-10,2836,20,179,4135,459979,0,0,0
2026-03-11,2836,119,2,4252,459979,0,0,0
2026-03-12,2836,49,0,4301,459979,0,0,0
2026-03-13,2836,0,60,4241,459979,0,0,0
2026-03-16,2836,33,1,4273,459979,0,0,0
2026-03-17,2836,0,25,4188,459979,0,0,0
2026-03-18,2836,0,0,4188,459979,0,1,1
2026-03-19,2836,61,29,4220,459979,0,0,1
2026-03-20,2836,2,0,4222,459979,0,0,1
2026-03-23,2836,455,5,4672,459979,0,4,5
2026-03-24,2836,0,0,4672,459979,0,4,9
2026-03-25,2836,3,51,4624,459979,0,0,9
2026-03-26,2836,0,1,4623,459979,0,0,9
2026-03-27,2836,0,200,4423,459979,0,2,11
2026-03-30,2836,4,0,4427,459979,0,0,11
2026-03-31,2836,229,25,4631,459979,6,0,5
2026-04-01,2836,54,2,4683,459979,2,0,3
2026-04-02,2836,0,0,4683,459979,0,2,5
2026-04-07,2836,0,0,4683,459979,0,0,5
2026-04-08,2836,0,281,4402,459979,2,0,3
2026-04-09,2836,0,2,4401,459979,0,0,3
2026-04-10,2836,22,0,4423,459979,0,0,3
2026-04-13,2836,1,0,4424,459979,0,0,3
2026-04-14,2836,0,0,4424,459979,0,0,3
2026-04-15,2836,1,107,4318,459979,1,0,2
2026-04-16,2836,26,1,4343,459979,0,0,2
2026-04-17,2836,496,4,4835,459979,0,0,2
2026-04-20,2836,589,27,5397,459979,0,0,2
2026-04-21,2836,6,3,5400,459979,2,0,0
2026-04-22,2836,423,0,5823,459979,0,0,0
2026-04-23,2836,121,5,5939,459979,0,0,0
2026-04-24,2836,0,1,5938,459979,0,0,0
2026-04-27,2836,7,0,5945,459979,0,0,0
2026-04-28,2836,8,0,5953,459979,0,0,0
2026-04-29,2836,0,5,5948,459979,0,0,0
2026-04-30,2836,0,0,5948,459979,0,0,0
2026-05-04,2836,29,0,5977,459979,0,0,0
2026-05-05,2836,9,0,5986,459979,0,0,0
2026-05-06,2836,4,1,5989,459979,0,0,0
2026-05-07,2836,0,0,5989,459979,0,0,0
2026-05-08,2836,3,0,5992,459979,0,0,0
2026-05-11,2836,16,0,6008,459979,0,0,0
2026-05-12,2836,0,54,5954,459979,0,0,0
2026-05-13,2836,0,0,5954,459979,0,0,0
2026-05-14,2836,0,0,5954,459979,0,0,0
2026-05-15,2836,30,0,5984,459979,0,0,0
2026-05-18,2836,23,0,6007,459979,0,0,0
2026-05-19,2836,3,10,6000,459979,0,0,0
2026-05-20,2836,4,0,6004,459979,0,0,0
2026-05-21,2836,16,0,6020,459979,0,0,0
2026-05-22,2836,5,6,6019,459979,0,0,0
2026-05-25,2836,24,0,6043,459979,0,0,0
2026-05-26,2836,0,9,6034,459979,0,0,0
2026-05-27,2836,49,0,6082,459979,0,0,0
2026-05-28,2836,53,5,6118,459979,0,0,0
2026-05-29,2836,131,0,6249,459979,0,0,0
2026-06-01,2836,14,54,6209,459979,0,50,50
2026-06-02,2836,31,3,6237,459979,0,0,50
2026-06-03,2836,167,153,6251,459979,0,0,50
2026-06-04,2836,182,48,6385,459979,0,0,50
2026-06-05,2836,9,12,6382,459979,0,0,50
2026-06-08,2836,170,204,6348,459979,50,0,0
2026-06-09,2836,212,121,6439,459979,0,0,0
2026-06-10,2836,13,299,6153,459979,0,0,0
2026-06-11,2836,48,29,6172,459979,0,0,0
2026-06-12,2836,131,9,6294,459979,0,0,0
2026-06-15,2836,67,22,6339,459979,0,0,0
2026-06-16,2836,76,12,6403,459979,0,0,0
2026-06-17,2836,65,51,6404,459979,0,0,0
2026-06-18,2836,14,143,6310,459979,0,0,0
2026-06-22,2836,0,51,6259,459979,0,0,0
2026-06-23,2836,1,187,6073,459979,0,9,9
2026-06-24,2836,3,161,5915,459979,3,3,9
2026-06-25,2836,20,2,5933,459979,0,0,9
2026-06-26,2836,14,32,5915,459979,0,0,9
2026-06-29,2836,3,2,5916,459979,0,1,10
2026-06-30,2836,32,2,5946,459979,0,0,10
2026-07-01,2836,29,7,5968,459979,3,0,7
2026-07-02,2836,1,22,5947,459979,0,5,12
2026-07-03,2836,199,192,5954,459979,2,0,10
2026-07-06,2836,121,62,6013,459979,0,3,13
2026-07-07,2836,16,55,5973,459979,0,0,13
2026-07-08,2836,20,5,5988,459979,0,0,13
2026-07-09,2836,13,27,5974,459979,0,0,13
2026-07-13,2836,66,34,6006,459979,0,0,13
2026-07-14,2836,8,100,5913,459979,0,0,13
2026-07-15,2836,91,84,5919,459979,0,0,13
2026-07-16,2836,51,181,5789,459979,0,0,13
2026-07-17,2836,55,2,5838,459979,0,0,13
2026-07-20,2836,79,8,5909,459979,2,0,11
2026-07-21,2836,18,31,5896,459979,11,0,0
2026-07-22,2836,183,269,5809,459979,0,0,0
2026-07-23,2836,22,71,5760,459979,0,0,0
2026-07-24,2836,24,43,5741,459979,0,0,0
2026-07-27,2836,14,106,5649,459979,0,0,0
2026-07-28,2836,234,326,5557,459979,0,0,0
2026-07-29,2836,1091,50,6598,459979,0,1,1
2026-07-30,2836,40,570,6068,459979,0,0,1
2026-07-31,2836,263,18,6313,459979,0,1,2
2026-08-03,2836,296,56,6553,459979,1,0,1
2026-08-04,2836,150,33,6670,459979,0,1,2
2026-08-05,2836,104,8,6766,459979,1,0,1
2026-08-06,2836,18,12,6772,459979,0,0,1
2026-08-07,2836,0,6,6766,459979,0,0,1
2026-08-10,2836,13,108,6671,459979,0,0,1
2026-08-11,2836,115,30,6756,459979,0,0,1
2026-08-12,2836,0,4,6752,459979,0,1,2
2026-08-13,2836,0,0,6752,459979,0,0,2
2026-08-14,2836,20,0,6772,459979,0,0,2
2026-08-17,2836,7,376,6403,459979,0,0,2
2026-08-18,2836,33,0,6436,459979,0,2,4
2026-08-19,2836,11,2,6445,459979,0,0,4
2026-08-20,2836,2,43,6404,459979,0,0,4
2026-08-21,2836,102,204,6302,459979,0,0,4
2026-08-24,2836,0,5,6297,459979,0,0,4
2026-08-25,2836,3,21,6279,459979,0,0,4
2026-08-26,2836,103,0,6382,459979,0,0,4
2026-08-27,2836,57,2,6437,459979,0,0,4
2026-08-28,2836,6,4,6439,459979,0,0,4
2026-08-31,2836,181,0,6620,459979,2,0,2
2026-09-01,2836,62,103,6579,464579,0,0,2
2026-09-02,2836,13,76,6328,464579,0,0,2
2026-09-03,2836,137,276,6189,464579,0,0,2
2026-09-04,2836,48,212,6025,464579,0,1,3
2026-09-08,2836,11,77,5921,464579,0,0,3
