date,stock_id,m_buy,m_sell,m_balance,m_limit,s_buy,s_sell,s_balance,m_prev,m_ret,s_prev,s_ret,note
2015-01-05,5371,160,19,7656,135757,0,1,360,7515,0,359,0,
2015-01-06,5371,151,53,7754,135757,9,3,354,7656,0,360,0,
2015-01-07,5371,63,65,7752,135757,0,10,364,7754,0,354,0,
2015-01-08,5371,147,72,7827,135757,10,0,354,7752,0,364,0,
2015-01-09,5371,128,42,7913,135757,9,0,345,7827,0,354,0,
2015-01-12,5371,75,70,7918,135757,0,17,362,7913,0,345,0,
2015-01-13,5371,141,162,7897,135757,0,0,362,7918,0,362,0,
2015-01-14,5371,68,124,7841,135757,4,0,358,7897,0,362,0,
2015-01-15,5371,97,22,7916,135757,10,1,181,7841,0,358,168,
2015-01-16,5371,215,92,8039,135757,0,8,189,7916,0,181,0,
2015-01-19,5371,163,425,7776,135757,1,11,199,8038,0,189,0,
2015-01-20,5371,2933,1569,9140,135757,25,91,265,7776,0,199,0,
2015-01-21,5371,1480,1274,9346,135757,138,27,154,9140,0,265,0,
2015-01-22,5371,636,886,9096,135757,18,21,157,9346,0,154,0,
2015-01-23,5371,869,703,9262,135757,34,0,121,9096,0,157,2,
2015-01-26,5371,281,379,9164,135757,15,0,106,9262,0,121,0,
2015-01-27,5371,817,689,9292,135757,0,17,108,9164,0,106,15,
2015-01-28,5371,224,241,9275,135757,16,0,92,9292,0,108,0,
2015-01-29,5371,249,300,9224,135757,8,0,84,9275,0,92,0,
2015-01-30,5371,265,156,9333,135757,5,3,82,9224,0,84,0,
2015-02-02,5371,150,251,9232,135757,5,20,97,9333,0,82,0,
2015-02-03,5371,136,368,9000,135757,1,8,104,9232,0,97,0,
2015-02-04,5371,78,184,8894,135757,0,5,107,9000,0,104,2,
2015-02-05,5371,864,1606,8152,135757,8,50,149,8894,0,107,0,
2015-02-06,5371,463,588,8027,135757,42,1,108,8152,0,149,0,
2015-02-09,5371,120,454,7693,135757,1,13,120,8027,0,108,0,
2015-02-10,5371,300,519,7474,135757,45,26,101,7693,0,120,0,
2015-02-11,5371,125,134,7390,135757,9,4,96,7474,75,101,0,
2015-02-12,5371,1129,522,7997,135757,9,27,114,7390,0,96,0,
2015-02-13,5371,103,854,7246,135757,25,6,95,7997,0,114,0,
2015-02-24,5371,492,982,6746,135757,16,44,123,7236,0,95,0,
2015-02-25,5371,376,305,6817,135757,21,4,106,6746,0,123,0,
2015-02-26,5371,164,108,6863,135757,0,2,108,6817,10,106,0,
2015-03-02,5371,158,306,6715,135757,3,7,112,6863,0,108,0,
2015-03-03,5371,212,312,6615,135757,8,10,114,6715,0,112,0,
2015-03-04,5371,230,715,6130,135757,3,92,203,6615,0,114,0,
2015-03-05,5371,501,419,6212,135757,35,4,172,6130,0,203,0,
2015-03-06,5371,191,174,6229,135757,2,1,171,6212,0,172,0,
2015-03-09,5371,304,220,6312,135757,65,0,106,6229,1,171,0,
2015-03-10,5371,148,263,6197,135757,3,7,110,6312,0,106,0,
2015-03-11,5371,167,118,6246,135757,21,4,93,6197,0,110,0,
2015-03-12,5371,195,472,5969,135757,3,22,112,6246,0,93,0,
2015-03-13,5371,158,107,6020,135757,14,7,105,5969,0,112,0,
2015-03-16,5371,114,122,6012,135757,4,13,114,6020,0,105,0,
2015-03-17,5371,32,465,5579,135757,0,0,114,6012,0,114,0,
2015-03-18,5371,544,155,5967,135757,3,10,121,5579,1,114,0,
2015-03-19,5371,200,259,5906,135757,4,0,117,5967,2,121,0,
2015-03-20,5371,179,202,5883,135757,24,0,93,5906,0,117,0,
2015-03-23,5371,175,311,5746,135757,4,0,89,5882,0,93,0,
2015-03-24,5371,94,71,5769,135757,2,0,87,5746,0,89,0,
2015-03-25,5371,58,100,5726,135757,24,73,136,5769,1,87,0,
2015-03-26,5371,126,80,5772,135757,82,8,62,5726,0,136,0,
2015-03-27,5371,110,192,5689,135757,10,60,112,5771,0,62,0,
2015-03-30,5371,30,147,5572,135757,28,1,85,5689,0,112,0,
2015-03-31,5371,45,88,5529,135757,3,4,85,5572,0,85,1,X
2015-04-01,5371,103,79,5553,135757,79,0,1,5529,0,85,5,X
2015-04-02,5371,45,157,5441,135757,0,0,0,5553,0,1,1,X
2015-04-07,5371,70,41,5470,135757,0,0,0,5441,0,0,0,X
2015-04-08,5371,45,46,5469,135757,0,0,0,5470,0,0,0,
2015-04-09,5371,265,103,5631,135757,0,11,11,5469,0,0,0,
2015-04-10,5371,44,107,5567,135757,0,14,25,5631,1,11,0,
2015-04-13,5371,69,49,5587,135757,6,53,72,5567,0,25,0,
2015-04-14,5371,40,53,5574,135757,0,3,75,5587,0,72,0,
2015-04-15,5371,86,87,5573,135757,0,73,148,5574,0,75,0,
2015-04-16,5371,35,33,5575,135757,77,0,71,5573,0,148,0,
2015-04-17,5371,3,61,5516,135757,5,7,73,5574,0,71,0,
2015-04-20,5371,82,48,5550,135757,1,12,84,5516,0,73,0,
2015-04-21,5371,26,55,5521,135757,4,11,91,5550,0,84,0,
2015-04-22,5371,21,26,5486,135757,47,8,52,5521,30,91,0,
2015-04-23,5371,51,28,5509,135757,16,0,36,5486,0,52,0,
2015-04-24,5371,149,70,5578,135757,4,4,36,5509,10,36,0,
2015-04-27,5371,96,38,5636,135757,0,0,31,5578,0,36,5,
2015-04-28,5371,192,132,5696,135757,10,30,51,5636,0,31,0,
2015-04-29,5371,379,200,5874,135757,18,165,198,5696,1,51,0,
2015-04-30,5371,229,26,6071,135757,33,40,205,5874,6,198,0,
2015-05-04,5371,343,86,6328,135757,28,139,316,6071,0,205,0,
2015-05-05,5371,172,82,6417,135757,41,38,313,6328,1,316,0,
2015-05-06,5371,429,82,6764,135757,79,12,246,6417,0,313,0,
2015-05-07,5371,199,369,6593,135757,22,14,238,6764,1,246,0,
2015-05-08,5371,175,201,6549,135757,36,51,253,6593,18,238,0,
2015-05-11,5371,166,254,6460,135757,74,151,330,6549,1,253,0,
2015-05-12,5371,446,75,6830,135757,68,29,291,6460,1,330,0,
2015-05-13,5371,257,393,6685,135757,56,12,247,6830,9,291,0,
2015-05-14,5371,225,93,6787,135757,2,11,256,6685,30,247,0,
2015-05-15,5371,79,125,6736,135757,10,13,259,6787,5,256,0,
2015-05-18,5371,54,131,6659,135757,5,12,266,6736,0,259,0,
2015-05-19,5371,313,95,6867,135757,16,40,290,6659,10,266,0,
2015-05-20,5371,112,218,6760,135757,20,28,298,6867,1,290,0,
2015-05-21,5371,143,56,6847,135757,16,17,299,6760,0,298,0,
2015-05-22,5371,245,137,6955,135757,10,15,304,6847,0,299,0,
2015-05-25,5371,44,116,6883,135757,51,19,272,6955,0,304,0,
2015-05-26,5371,34,25,6874,135757,5,1,268,6883,18,272,0,
2015-05-27,5371,50,116,6743,135757,22,5,251,6874,65,268,0,
2015-05-28,5371,376,421,6698,135757,32,10,229,6743,0,251,0,
2015-05-29,5371,176,326,6546,135757,0,0,229,6698,2,229,0,
2015-06-01,5371,64,61,6548,135757,0,15,244,6546,1,229,0,
2015-06-02,5371,98,106,6540,135757,15,1,230,6548,0,244,0,
2015-06-03,5371,100,120,6520,135757,1,12,241,6540,0,230,0,
2015-06-04,5371,72,82,6510,135757,16,33,258,6520,0,241,0,
2015-06-05,5371,45,139,6414,135757,16,61,303,6510,2,258,0,
2015-06-08,5371,50,69,6385,135757,14,102,391,6414,10,303,0,
2015-06-09,5371,35,183,6237,135757,31,88,448,6385,0,391,0,
2015-06-10,5371,149,67,6314,135757,62,127,513,6237,5,448,0,
2015-06-11,5371,318,207,6424,135757,96,372,789,6313,0,513,0,
2015-06-12,5371,748,1032,6122,135757,254,124,659,6424,18,789,0,
2015-06-15,5371,262,58,6212,135757,76,53,636,6121,113,659,0,
2015-06-16,5371,254,133,6321,135757,54,16,598,6212,12,636,0,
2015-06-17,5371,303,401,6221,135757,70,29,557,6321,2,598,0,
2015-06-18,5371,196,168,6249,135757,82,8,483,6221,0,557,0,
2015-06-22,5371,139,281,6107,135757,42,1,442,6249,0,483,0,
2015-06-23,5371,204,213,6098,135757,19,3,426,6107,0,442,0,
2015-06-24,5371,125,306,5917,135757,46,2,382,6098,0,426,0,X
2015-06-25,5371,75,106,5886,135757,64,0,0,5917,0,382,318,X
2015-06-26,5371,214,361,5739,135757,0,0,0,5886,0,0,0,X
2015-06-29,5371,224,242,5721,135757,0,0,0,5739,0,0,0,X
2015-06-30,5371,401,442,5678,135757,0,0,0,5721,2,0,0,
2015-07-01,5371,564,285,5957,135757,0,197,197,5678,0,0,0,
2015-07-02,5371,494,296,6155,135757,0,22,219,5957,0,197,0,
2015-07-03,5371,386,231,6305,135757,5,186,400,6155,5,219,0,
2015-07-06,5371,84,188,6201,135757,30,181,551,6305,0,400,0,
2015-07-07,5371,324,244,6281,135757,91,389,849,6201,0,551,0,
2015-07-08,5371,369,497,6119,135757,95,194,948,6281,34,849,0,
2015-07-09,5371,133,181,6066,135757,215,132,865,6119,5,948,0,
2015-07-13,5371,36,106,5969,135757,30,101,936,6066,27,865,0,
2015-07-14,5371,67,56,5980,135757,78,42,900,5969,0,936,0,
2015-07-15,5371,208,134,6054,135757,159,74,815,5980,0,900,0,
2015-07-16,5371,591,100,6545,135757,40,294,1069,6054,0,815,0,
2015-07-17,5371,309,142,6706,135757,143,76,1002,6545,6,1069,0,
2015-07-20,5371,94,180,6616,135757,48,47,1001,6706,4,1002,0,
2015-07-21,5371,167,91,6602,135757,55,75,1021,6616,90,1001,0,
2015-07-22,5371,276,230,6608,135757,88,91,1024,6602,40,1021,0,
2015-07-23,5371,512,506,6585,135757,161,110,973,6609,30,1024,0,
2015-07-24,5371,212,250,6543,135757,79,86,980,6585,4,973,0,
2015-07-27,5371,221,353,6410,135757,57,47,970,6543,1,980,0,
2015-07-28,5371,323,118,6536,135757,249,23,744,6410,79,970,0,
2015-07-29,5371,411,226,6716,135757,23,203,924,6536,5,744,0,
2015-07-30,5371,225,255,6675,135757,167,23,780,6716,11,924,0,
2015-07-31,5371,619,528,6764,135757,43,92,829,6675,2,780,0,
2015-08-03,5371,362,701,6423,135757,36,115,907,6764,2,829,1,
2015-08-04,5371,828,398,6853,135757,65,123,965,6423,0,907,0,
2015-08-05,5371,276,237,6889,135757,60,118,1013,6853,3,965,10,
2015-08-06,5371,378,281,6947,135757,34,138,1115,6889,39,1013,2,
2015-08-07,5371,220,288,6870,135757,38,31,1108,6946,8,1115,0,
2015-08-10,5371,301,339,6824,135757,18,20,1100,6870,8,1108,10,
2015-08-11,5371,107,522,6409,135757,21,21,1100,6824,0,1100,0,
2015-08-12,5371,295,132,6572,135757,127,43,1016,6409,0,1100,0,
2015-08-13,5371,339,71,6840,135757,69,152,1099,6572,0,1016,0,
2015-08-14,5371,128,174,6789,135757,36,13,1076,6840,5,1099,0,
2015-08-17,5371,136,264,6661,135757,6,29,1099,6789,0,1076,0,
2015-08-18,5371,364,144,6881,135757,24,21,1096,6661,0,1099,0,
2015-08-19,5371,211,173,6905,135757,167,45,974,6881,14,1096,0,
2015-08-20,5371,213,65,7033,135757,139,46,881,6905,20,974,0,
2015-08-21,5371,135,188,6968,135757,100,52,833,7033,12,881,0,
2015-08-24,5371,280,771,6402,135757,60,0,773,6968,75,833,0,
2015-08-25,5371,265,321,6336,135757,33,30,770,6402,10,773,0,
2015-08-26,5371,267,420,6183,135757,47,47,770,6336,0,770,0,
2015-08-27,5371,95,467,5809,135757,26,41,785,6183,2,770,0,
2015-08-28,5371,173,144,5837,135757,16,8,777,5809,1,785,0,
2015-08-31,5371,166,268,5735,135757,10,65,832,5837,0,777,0,
2015-09-01,5371,142,147,5728,135757,5,7,834,5735,2,832,0,
2015-09-02,5371,211,93,5846,135757,38,3,799,5728,0,834,0,
2015-09-03,5371,130,252,5723,135757,3,13,809,5846,1,799,0,
2015-09-04,5371,119,308,5534,135757,4,60,865,5723,0,809,0,
2015-09-07,5371,29,38,5524,135757,2,31,894,5533,0,865,0,
2015-09-08,5371,147,249,5402,135757,5,46,935,5524,20,894,0,
2015-09-09,5371,61,238,5225,135757,2,5,938,5402,0,935,0,
2015-09-10,5371,33,164,5093,135757,12,21,921,5225,1,938,26,
2015-09-11,5371,120,333,4877,135757,11,36,946,5093,3,921,0,
2015-09-14,5371,276,238,4915,135757,5,8,949,4877,0,946,0,
2015-09-15,5371,62,224,4752,135757,1,36,984,4915,1,949,0,
2015-09-16,5371,170,281,4634,135757,11,45,1017,4752,7,984,1,
2015-09-17,5371,168,181,4621,135757,19,5,1003,4634,0,1017,0,
2015-09-18,5371,204,265,4559,135757,24,55,1034,4621,1,1003,0,
2015-09-21,5371,142,148,4553,135757,13,16,1037,4559,0,1034,0,
2015-09-22,5371,203,49,4707,135757,51,1,987,4553,0,1037,0,
2015-09-23,5371,115,161,4661,135757,15,44,1016,4707,0,987,0,
2015-09-24,5371,112,126,4647,135757,23,8,1001,4661,0,1016,0,
2015-09-25,5371,49,38,4658,135757,70,6,937,4647,0,1001,0,
2015-09-30,5371,83,128,4613,135757,0,40,977,4658,0,937,0,
2015-10-01,5371,132,218,4527,135757,28,7,956,4613,0,977,0,
2015-10-02,5371,43,133,4437,135757,2,2,956,4527,0,956,0,
2015-10-05,5371,108,119,4426,135757,4,1,953,4437,0,956,0,
2015-10-06,5371,179,142,4448,135757,20,13,946,4426,15,953,0,
2015-10-07,5371,109,86,4470,135757,7,0,938,4448,1,946,1,
2015-10-08,5371,39,39,4470,135757,19,7,926,4470,0,938,0,
2015-10-12,5371,55,54,4471,135757,2,0,924,4470,0,926,0,
2015-10-13,5371,40,73,4438,135757,5,3,922,4471,0,924,0,
2015-10-14,5371,64,178,4324,135757,13,4,913,4438,0,922,0,
2015-10-15,5371,284,304,4304,135757,3,19,929,4324,0,913,0,
2015-10-16,5371,321,231,4394,135757,9,2,922,4304,0,929,0,
2015-10-19,5371,171,173,4392,135757,14,51,959,4394,0,922,0,
2015-10-20,5371,192,44,4540,135757,50,20,929,4392,0,959,0,
2015-10-21,5371,104,176,4468,135757,1,33,961,4540,0,929,0,
2015-10-22,5371,67,106,4429,135757,0,0,961,4468,0,961,0,
2015-10-23,5371,245,67,4607,135757,3,0,958,4429,0,961,0,
2015-10-26,5371,259,122,4729,135757,17,43,984,4607,15,958,0,
2015-10-27,5371,227,202,4754,135757,43,63,1004,4729,0,984,0,
2015-10-28,5371,86,67,4773,135757,11,3,996,4754,0,1004,0,
2015-10-29,5371,157,137,4793,135757,3,49,1042,4773,0,996,0,
2015-10-30,5371,201,99,4895,135757,48,35,1029,4793,0,1042,0,
2015-11-02,5371,376,312,4959,135757,9,88,1108,4895,0,1029,0,
2015-11-03,5371,868,341,5486,135757,30,5,1083,4959,0,1108,0,
2015-11-04,5371,735,1041,5180,135757,0,82,1165,5486,0,1083,0,
2015-11-05,5371,507,329,5358,135757,24,14,1155,5180,0,1165,0,
2015-11-06,5371,446,689,5115,135757,48,40,1147,5358,0,1155,0,
2015-11-09,5371,359,436,5038,135757,23,4,1126,5115,0,1147,2,
2015-11-10,5371,141,77,5102,135757,16,55,1165,5038,0,1126,0,
2015-11-11,5371,93,397,4798,135757,5,30,1190,5102,0,1165,0,
2015-11-12,5371,150,221,4727,135757,6,28,1212,4798,0,1190,0,
2015-11-13,5371,188,67,4848,135757,95,8,1125,4727,0,1212,0,
2015-11-16,5371,118,79,4887,135757,7,9,1127,4848,0,1125,0,
2015-11-17,5371,134,45,4976,135757,5,16,1138,4887,0,1127,0,
2015-11-18,5371,335,184,5127,135757,11,2,1129,4976,0,1138,0,
2015-11-19,5371,81,170,5038,135757,1,2,1130,5127,0,1129,0,
2015-11-20,5371,160,50,5148,135757,4,0,1126,5038,0,1130,0,
2015-11-23,5371,267,93,5322,135757,9,3,1120,5148,0,1126,0,
2015-11-24,5371,242,90,5474,135757,10,11,1121,5322,0,1120,0,
2015-11-25,5371,265,232,5496,135757,23,62,1160,5474,11,1121,0,
2015-11-26,5371,165,88,5572,135757,5,40,1131,5496,1,1160,64,
2015-11-27,5371,61,49,5584,135757,6,3,1128,5572,0,1131,0,
2015-11-30,5371,131,115,5595,135757,34,52,1146,5584,5,1128,0,
2015-12-01,5371,255,32,5812,135757,111,1,1036,5594,5,1146,0,
2015-12-02,5371,66,65,5813,135757,14,12,1034,5812,0,1036,0,
2015-12-03,5371,87,74,5826,135757,8,37,1062,5813,0,1034,1,
2015-12-04,5371,46,30,5841,135757,122,18,957,5826,1,1062,1,
2015-12-07,5371,94,37,5898,135757,25,30,962,5841,0,957,0,
2015-12-08,5371,103,193,5808,135757,50,33,945,5898,0,962,0,
2015-12-09,5371,397,221,5984,135757,53,95,987,5808,0,945,0,
2015-12-10,5371,215,114,6072,135757,200,137,732,5984,13,987,192,
2015-12-11,5371,62,183,5951,135757,15,122,839,6072,0,732,0,
2015-12-14,5371,191,58,6084,135757,195,20,664,5951,0,839,0,
2015-12-15,5371,111,84,6111,135757,2,42,703,6084,0,664,1,
2015-12-16,5371,155,144,6050,135757,145,6,564,6111,72,703,0,
2015-12-17,5371,137,173,6012,135757,39,36,561,6050,2,564,0,
2015-12-18,5371,138,96,6049,135757,6,3,558,6012,5,561,0,
2015-12-21,5371,270,219,6100,135757,77,19,500,6049,0,558,0,
2015-12-22,5371,366,204,6261,135757,9,46,537,6100,1,500,0,
2015-12-23,5371,147,78,6330,135757,16,30,551,6261,0,537,0,
2015-12-24,5371,155,84,6401,135757,29,14,536,6330,0,551,0,
2015-12-25,5371,200,70,6531,135757,18,7,525,6401,0,536,0,
2015-12-28,5371,49,86,6493,135757,8,16,533,6531,1,525,0,
2015-12-29,5371,59,63,6408,135757,23,52,562,6493,81,533,0,
2015-12-30,5371,31,37,6400,135757,33,22,550,6408,2,562,1,
2015-12-31,5371,71,15,6456,135757,0,1,551,6400,0,550,0,
2016-01-04,5371,69,85,6434,135757,31,11,531,6456,6,551,0,
2016-01-05,5371,28,95,6367,135757,53,10,487,6434,0,531,1,
2016-01-06,5371,38,81,6324,135757,36,6,457,6367,0,487,0,
2016-01-07,5371,193,111,6401,135757,98,37,396,6324,5,457,0,
2016-01-08,5371,134,217,6301,135757,42,9,363,6401,17,396,0,
2016-01-11,5371,131,31,6365,135757,7,1,357,6301,36,363,0,
2016-01-12,5371,25,85,6302,135757,1,7,363,6365,3,357,0,
2016-01-13,5371,78,132,6248,135757,8,24,379,6302,0,363,0,
2016-01-14,5371,112,49,6310,135757,24,14,369,6248,1,379,0,
2016-01-15,5371,75,63,6318,135757,11,6,364,6310,4,369,0,
2016-01-18,5371,24,103,6219,135757,42,8,330,6318,20,364,0,
2016-01-19,5371,3,27,6195,135757,1,0,327,6219,0,330,2,
2016-01-20,5371,175,48,6258,135757,8,8,327,6195,64,327,0,
2016-01-21,5371,29,72,6206,135757,9,7,324,6258,9,327,1,
2016-01-22,5371,59,18,6240,135757,4,1,321,6206,7,324,0,
2016-01-25,5371,20,21,6239,135757,7,1,315,6240,0,321,0,
2016-01-26,5371,26,12,6253,135757,2,2,315,6239,0,315,0,
2016-01-27,5371,124,186,6191,135757,2,5,318,6253,0,315,0,
2016-01-28,5371,25,19,6197,135757,1,4,321,6191,0,318,0,
2016-01-29,5371,164,38,6321,135757,11,17,327,6197,2,321,0,
2016-01-30,5371,54,88,6275,135757,2,0,325,6321,12,327,0,
2016-02-01,5371,361,191,6447,135757,16,0,309,6277,0,325,0,
2016-02-02,5371,117,105,6459,135757,94,2,217,6447,0,309,0,
2016-02-03,5371,64,457,5876,135757,56,3,164,6459,190,217,0,
2016-02-15,5371,222,49,6046,135757,3,0,161,5876,3,164,0,
2016-02-16,5371,106,196,5955,135757,0,59,220,6045,0,161,0,
2016-02-17,5371,65,239,5781,135757,1,5,224,5955,0,220,0,
2016-02-18,5371,144,131,5794,135757,56,1,169,5781,0,224,0,
2016-02-19,5371,1396,1227,5960,135757,7,149,310,5794,3,169,1,
2016-02-22,5371,1423,1951,5428,135757,71,175,414,5960,4,310,0,
2016-02-23,5371,1199,946,5681,135757,98,82,398,5428,0,414,0,
2016-02-24,5371,491,596,5576,135757,117,18,299,5681,0,398,0,
2016-02-25,5371,494,747,5301,135757,6,30,321,5576,22,299,2,
2016-02-26,5371,187,289,5198,135757,13,8,316,5301,1,321,0,
2016-03-01,5371,840,751,5249,135757,31,92,377,5198,38,316,0,
2016-03-02,5371,485,1089,4644,135757,52,76,401,5249,1,377,0,
2016-03-03,5371,246,278,4612,135757,112,3,292,4644,0,401,0,
2016-03-04,5371,177,269,4520,135757,2,8,298,4612,0,292,0,
2016-03-07,5371,105,292,4333,135757,8,2,292,4520,0,298,0,
2016-03-08,5371,141,251,4223,135757,31,12,273,4333,0,292,0,
2016-03-09,5371,618,1024,3817,135757,25,117,356,4223,0,273,9,
2016-03-10,5371,689,359,4147,135757,75,61,342,3817,0,356,0,
2016-03-11,5371,234,169,4212,135757,54,1,289,4147,0,342,0,
2016-03-14,5371,314,358,4168,135757,3,28,314,4212,0,289,0,
2016-03-15,5371,267,292,4142,135757,63,11,261,4168,1,314,1,
2016-03-16,5371,149,347,3924,135757,0,63,324,4142,20,261,0,
2016-03-17,5371,109,106,3927,135757,27,29,326,3924,0,324,0,
2016-03-18,5371,191,75,4043,135757,31,2,297,3927,0,326,0,
2016-03-21,5371,137,69,4111,135757,1,2,298,4043,0,297,0,
2016-03-22,5371,201,409,3903,135757,92,1,207,4111,0,298,0,
2016-03-23,5371,142,88,3955,135757,13,1,194,3903,2,207,1,
2016-03-24,5371,316,82,4189,135757,12,20,202,3955,0,194,0,
2016-03-25,5371,164,28,4325,135757,27,2,177,4189,0,202,0,
2016-03-28,5371,328,399,4254,135757,9,27,195,4325,0,177,0,
2016-03-29,5371,111,357,4008,135757,30,44,209,4254,0,195,0,
2016-03-30,5371,82,247,3843,135757,9,12,212,4008,0,209,0,
2016-03-31,5371,83,151,3767,135757,30,0,182,3843,8,212,0,
2016-04-01,5371,39,99,3707,135757,11,6,177,3767,0,182,0,
2016-04-06,5371,183,49,3841,135757,22,4,159,3707,0,177,0,
2016-04-07,5371,108,64,3885,135757,48,7,118,3841,0,159,0,X
2016-04-08,5371,21,85,3781,135757,34,0,84,3885,40,118,0,X
2016-04-11,5371,61,223,3619,135757,0,0,0,3781,0,84,84,X
2016-04-12,5371,216,97,3738,135757,0,0,0,3619,0,0,0,X
2016-04-13,5371,32,152,3618,135757,0,0,0,3738,0,0,0,
2016-04-14,5371,52,28,3642,135757,0,9,9,3618,0,0,0,
2016-04-15,5371,151,55,3738,135757,0,83,92,3642,0,9,0,
2016-04-18,5371,19,45,3710,135757,3,56,145,3738,2,92,0,
2016-04-19,5371,28,8,3730,135757,30,17,132,3710,0,145,0,
2016-04-20,5371,249,71,3908,135757,35,26,123,3730,0,132,0,
2016-04-21,5371,143,40,4011,135757,10,7,120,3908,0,123,0,
2016-04-22,5371,61,44,4027,135757,34,13,99,4011,1,120,0,
2016-04-25,5371,38,116,3949,135757,22,48,125,4027,0,99,0,
2016-04-26,5371,56,80,3925,135757,1,7,131,3949,0,125,0,
2016-04-27,5371,245,109,4042,135757,7,2,125,3925,19,131,1,
2016-04-28,5371,42,36,4048,135757,2,10,133,4042,0,125,0,
2016-04-29,5371,68,39,4074,135757,29,19,123,4048,3,133,0,
2016-05-03,5371,32,12,4094,135757,11,19,131,4074,0,123,0,
2016-05-04,5371,108,7,4195,135757,18,15,128,4094,0,131,0,
2016-05-05,5371,12,36,4169,135757,13,39,154,4195,2,128,0,
2016-05-06,5371,162,44,4287,135757,21,2,135,4169,0,154,0,
2016-05-09,5371,17,186,4118,135757,9,17,143,4287,0,135,0,
2016-05-10,5371,223,12,4329,135757,17,24,150,4118,0,143,0,
2016-05-11,5371,191,70,4450,135757,28,206,328,4329,0,150,0,
2016-05-12,5371,47,20,4476,135757,52,40,316,4450,1,328,0,
2016-05-13,5371,133,86,4522,135757,78,36,274,4476,1,316,0,
2016-05-16,5371,38,46,4514,135757,28,3,249,4522,0,274,0,
2016-05-17,5371,46,61,4499,135757,121,0,128,4514,0,249,0,
2016-05-18,5371,10,210,4299,135757,4,36,160,4499,0,128,0,
2016-05-19,5371,9,179,4129,135757,0,13,173,4299,0,160,0,
2016-05-20,5371,53,24,4158,135757,32,11,152,4129,0,173,0,
2016-05-23,5371,162,54,4265,135757,84,4,72,4158,1,152,0,
2016-05-24,5371,88,44,4309,135757,4,3,71,4265,0,72,0,
2016-05-25,5371,89,19,4379,135757,9,14,76,4309,0,71,0,
2016-05-26,5371,35,17,4397,135757,0,0,76,4379,0,76,0,
2016-05-27,5371,73,103,4367,135757,8,3,71,4397,0,76,0,
2016-05-30,5371,175,61,4481,135757,5,0,66,4367,0,71,0,
2016-05-31,5371,63,41,4503,135757,2,0,64,4481,0,66,0,
2016-06-01,5371,139,128,4514,135757,0,37,101,4503,0,64,0,
2016-06-02,5371,40,48,4506,135757,37,0,64,4514,0,101,0,
2016-06-03,5371,118,28,4596,135757,8,7,63,4506,0,64,0,
2016-06-04,5371,64,32,4618,135757,0,0,63,4596,10,63,0,
2016-06-06,5371,43,13,4647,135757,3,18,78,4618,1,63,0,
2016-06-07,5371,40,113,4573,135757,5,15,88,4647,1,78,0,
2016-06-08,5371,91,42,4622,135757,11,3,80,4573,0,88,0,
2016-06-13,5371,60,61,4619,135757,11,15,82,4622,2,80,2,
2016-06-14,5371,121,116,4624,135757,9,3,76,4619,0,82,0,
2016-06-15,5371,33,146,4511,135757,11,1,66,4624,0,76,0,
2016-06-16,5371,71,73,4504,135757,8,8,66,4511,5,66,0,
2016-06-17,5371,119,193,4430,135757,8,4,62,4504,0,66,0,
2016-06-20,5371,218,193,4453,135757,13,10,59,4430,2,62,0,
2016-06-21,5371,86,100,4439,135757,6,0,53,4453,0,59,0,
2016-06-22,5371,95,67,4466,135757,2,7,58,4439,1,53,0,
2016-06-23,5371,104,112,4458,135757,0,1,59,4466,0,58,0,
2016-06-24,5371,366,236,4587,135757,16,0,43,4458,1,59,0,
2016-06-27,5371,72,60,4593,135757,11,0,31,4587,6,43,1,
2016-06-28,5371,86,19,4659,135757,10,0,21,4593,1,31,0,
2016-06-29,5371,424,67,5011,135757,17,17,21,4659,5,21,0,
2016-06-30,5371,126,81,5056,135757,8,0,13,5011,0,21,0,X
2016-07-01,5371,368,89,5335,135757,13,0,0,5056,0,13,0,X
2016-07-04,5371,189,59,5465,135757,0,0,0,5335,0,0,0,X
2016-07-05,5371,124,99,5477,135757,0,0,0,5465,13,0,0,X
2016-07-06,5371,381,330,5528,135757,0,0,0,5477,0,0,0,
2016-07-07,5371,239,258,5509,135757,0,22,22,5528,0,0,0,
2016-07-11,5371,99,134,5474,135757,6,5,21,5509,0,22,0,
2016-07-12,5371,50,64,5460,135757,3,2,20,5474,0,21,0,
2016-07-13,5371,106,122,5444,135757,4,2,18,5460,0,20,0,
2016-07-14,5371,130,76,5495,135757,0,3,21,5444,3,18,0,
2016-07-15,5371,63,143,5395,135757,0,4,25,5495,20,21,0,
2016-07-18,5371,60,119,5336,135757,0,1,26,5395,0,25,0,
2016-07-19,5371,76,66,5346,135757,0,0,26,5336,0,26,0,
2016-07-20,5371,161,61,5443,135757,0,2,28,5346,3,26,0,
2016-07-21,5371,109,200,5348,135757,0,22,50,5443,4,28,0,
2016-07-22,5371,104,262,5190,135757,9,11,52,5348,0,50,0,
2016-07-25,5371,156,136,5180,135757,8,34,78,5190,30,52,0,
2016-07-26,5371,49,69,5160,135757,1,1,78,5180,0,78,0,
2016-07-27,5371,46,116,5090,135757,30,1,49,5160,0,78,0,
2016-07-28,5371,162,118,5134,135757,1,1,49,5090,0,49,0,
2016-07-29,5371,71,183,5016,135757,0,10,59,5134,6,49,0,
2016-08-01,5371,89,277,4828,135757,27,9,41,5016,0,59,0,
2016-08-02,5371,237,268,4797,135757,1,39,79,4828,0,41,0,
2016-08-03,5371,277,108,4966,135757,25,3,57,4797,0,79,0,
2016-08-04,5371,150,279,4836,135757,26,0,31,4966,1,57,0,
2016-08-05,5371,103,86,4851,135757,15,0,16,4836,2,31,0,X
2016-08-08,5371,139,200,4787,135757,16,0,0,4851,3,16,0,X
2016-08-09,5371,73,137,4714,135757,0,0,0,4787,9,0,0,X
2016-08-10,5371,66,140,4638,135757,0,0,0,4714,2,0,0,X
2016-08-11,5371,75,152,4557,135757,0,0,0,4638,4,0,0,
2016-08-25,5371,0,0,0,108605,0,0,0,0,0,0,0,
2016-08-26,5371,90,204,3324,108605,0,4,4,3538,100,0,0,
2016-08-29,5371,48,31,3341,108605,1,0,3,3327,3,4,0,
2016-08-30,5371,15,54,3299,108605,0,10,11,3339,1,3,2,
2016-08-31,5371,21,45,3273,108605,1,1,11,3299,2,11,0,
2016-09-01,5371,23,8,3284,108605,0,0,11,3271,2,11,0,
2016-09-02,5371,8,31,3261,108605,0,9,20,3284,0,11,0,
2016-09-05,5371,49,36,3274,108605,0,1,21,3261,0,20,0,
2016-09-06,5371,13,11,3272,108605,0,1,22,3274,4,21,0,
2016-09-07,5371,11,10,3272,108605,7,0,15,3272,1,22,0,
2016-09-08,5371,10,19,3263,108605,0,0,15,3272,0,15,0,
2016-09-09,5371,18,18,3263,108605,0,0,15,3263,0,15,0,
2016-09-10,5371,7,5,3265,108605,0,0,15,3263,0,15,0,
2016-09-12,5371,9,10,3264,108605,13,0,2,3265,0,15,0,
2016-09-13,5371,11,6,3269,108605,0,3,5,3264,0,2,0,
2016-09-14,5371,18,33,3253,108605,1,11,15,3268,0,5,0,
2016-09-19,5371,32,26,3259,108605,0,3,18,3253,0,15,0,
2016-09-20,5371,16,8,3267,108605,0,1,19,3259,0,18,0,
2016-09-21,5371,64,10,3320,108605,0,0,19,3266,0,19,0,
2016-09-22,5371,100,112,3307,108605,0,1,20,3320,1,19,0,
2016-09-23,5371,3,24,3286,108605,0,0,20,3307,0,20,0,
2016-09-26,5371,24,9,3301,108605,0,0,20,3286,0,20,0,
2016-09-29,5371,23,20,3304,108605,1,0,19,3301,0,20,0,
2016-09-30,5371,16,16,3304,108605,0,2,21,3304,0,19,0,
2016-10-03,5371,27,21,3310,108605,2,0,19,3304,0,21,0,
2016-10-04,5371,23,35,3298,108605,0,0,19,3310,0,19,0,
2016-10-05,5371,22,21,3299,108605,0,0,19,3298,0,19,0,
2016-10-06,5371,6,1,3286,108605,1,0,18,3299,18,19,0,
2016-10-07,5371,32,25,3292,108605,1,0,17,3285,0,18,0,
2016-10-11,5371,28,30,3274,108605,1,0,16,3292,16,17,0,
2016-10-12,5371,30,35,3257,108605,0,0,16,3274,12,16,0,
2016-10-13,5371,16,20,3251,108605,0,0,16,3256,1,16,0,
2016-10-14,5371,93,30,3313,108605,0,0,16,3251,1,16,0,
2016-10-17,5371,11,42,3280,108605,0,12,28,3313,2,16,0,
2016-10-18,5371,39,1,3317,108605,0,0,28,3279,0,28,0,
2016-10-19,5371,2,19,3300,108605,0,5,33,3317,0,28,0,
2016-10-20,5371,12,0,3312,108605,5,0,28,3300,0,33,0,
2016-10-21,5371,10,3,3319,108605,0,1,29,3312,0,28,0,
2016-10-24,5371,54,44,3329,108605,0,0,29,3319,0,29,0,
2016-10-25,5371,34,13,3348,108605,10,0,19,3329,2,29,0,
2016-10-26,5371,92,9,3430,108605,0,0,19,3347,0,19,0,
2016-10-27,5371,42,14,3457,108605,0,7,26,3430,1,19,0,
2016-10-28,5371,29,7,3478,108605,0,0,26,3457,1,26,0,
2016-10-31,5371,64,27,3515,108605,8,0,18,3478,0,26,0,
2016-11-01,5371,697,249,3957,108605,6,39,51,3515,6,18,0,
2016-11-02,5371,125,159,3923,108605,18,19,52,3957,0,51,0,
2016-11-03,5371,119,206,3835,108605,12,5,45,3922,0,52,0,
2016-11-04,5371,34,83,3786,108605,3,1,43,3835,0,45,0,
2016-11-07,5371,39,40,3785,108605,3,1,41,3786,0,43,0,
2016-11-08,5371,105,91,3799,108605,1,4,44,3785,0,41,0,
2016-11-09,5371,154,220,3733,108605,19,2,27,3799,0,44,0,
2016-11-10,5371,169,65,3835,108605,7,9,29,3731,0,27,0,
2016-11-11,5371,43,63,3795,108605,4,21,46,3835,20,29,0,
2016-11-14,5371,18,10,3803,108605,2,3,47,3795,0,46,0,
2016-11-15,5371,61,22,3842,108605,0,15,62,3803,0,47,0,
2016-11-16,5371,36,114,3764,108605,0,23,85,3842,0,62,0,
2016-11-17,5371,21,27,3718,108605,0,1,86,3764,40,85,0,
2016-11-18,5371,29,86,3661,108605,18,10,78,3718,0,86,0,
2016-11-21,5371,72,29,3704,108605,2,5,81,3661,0,78,0,
2016-11-22,5371,32,67,3669,108605,6,12,87,3704,0,81,0,
2016-11-23,5371,152,56,3764,108605,0,0,87,3668,0,87,0,
2016-11-24,5371,89,35,3814,108605,5,0,82,3764,4,87,0,
2016-11-25,5371,86,137,3763,108605,7,3,78,3814,0,82,0,
2016-11-28,5371,58,14,3807,108605,1,0,77,3763,0,78,0,
2016-11-29,5371,64,31,3840,108605,0,5,82,3807,0,77,0,
2016-11-30,5371,11,25,3826,108605,3,2,81,3840,0,82,0,
2016-12-01,5371,136,23,3939,108605,13,0,68,3826,0,81,0,
2016-12-02,5371,66,60,3945,108605,1,0,67,3939,0,68,0,
2016-12-05,5371,35,4,3976,108605,0,1,68,3945,0,67,0,
2016-12-06,5371,90,32,4034,108605,5,0,63,3976,0,68,0,
2016-12-07,5371,26,33,4027,108605,2,0,61,4034,0,63,0,
2016-12-08,5371,11,66,3972,108605,0,0,61,4027,0,61,0,
2016-12-09,5371,60,84,3948,108605,0,0,61,3972,0,61,0,
2016-12-12,5371,76,140,3884,108605,1,1,61,3948,0,61,0,
2016-12-13,5371,32,46,3869,108605,0,0,61,3883,0,61,0,
2016-12-14,5371,228,94,4003,108605,1,4,64,3869,0,61,0,
2016-12-15,5371,39,121,3921,108605,0,1,65,4003,0,64,0,
2016-12-16,5371,14,36,3898,108605,0,0,64,3921,1,65,1,
2016-12-19,5371,55,82,3871,108605,0,0,64,3898,0,64,0,
2016-12-20,5371,41,137,3775,108605,1,0,63,3871,0,64,0,
2016-12-21,5371,52,37,3790,108605,0,1,64,3775,0,63,0,
2016-12-22,5371,36,182,3644,108605,8,0,56,3790,0,64,0,
2016-12-23,5371,36,7,3666,108605,0,0,56,3644,7,56,0,
2016-12-26,5371,90,53,3703,108605,0,0,56,3666,0,56,0,
2016-12-27,5371,45,5,3743,108605,0,0,56,3703,0,56,0,
2016-12-28,5371,40,5,3778,108605,0,0,56,3743,0,56,0,
2016-12-29,5371,80,42,3816,108605,0,0,56,3778,0,56,0,
2016-12-30,5371,75,112,3779,108605,0,0,56,3816,0,56,0,
2017-01-03,5371,38,9,3808,108605,0,1,57,3779,0,56,0,
2017-01-04,5371,121,157,3740,108605,0,0,57,3808,32,57,0,
2017-01-05,5371,141,168,3713,108605,0,1,58,3740,0,57,0,
2017-01-06,5371,141,49,3805,108605,1,0,57,3713,0,58,0,
2017-01-09,5371,20,58,3767,108605,0,0,57,3805,0,57,0,
2017-01-10,5371,46,57,3756,108605,0,0,57,3767,0,57,0,
2017-01-11,5371,94,34,3816,108605,0,1,58,3756,0,57,0,
2017-01-12,5371,121,172,3765,108605,0,0,58,3816,0,58,0,
2017-01-13,5371,40,92,3710,108605,0,0,58,3765,3,58,0,
2017-01-16,5371,4,5,3709,108605,0,0,58,3710,0,58,0,
2017-01-17,5371,66,44,3731,108605,0,0,58,3709,0,58,0,
2017-01-18,5371,117,188,3660,108605,0,0,58,3731,0,58,0,
2017-01-19,5371,46,16,3690,108605,0,0,58,3660,0,58,0,
2017-01-20,5371,56,150,3596,108605,0,9,67,3690,0,58,0,
2017-01-23,5371,64,35,3616,108605,0,0,67,3596,9,67,0,
2017-01-24,5371,45,27,3533,108605,0,0,67,3616,101,67,0,
2017-02-02,5371,123,102,3554,108605,4,0,63,3533,0,67,0,
2017-02-03,5371,246,93,3706,108605,1,6,68,3554,1,63,0,
2017-02-06,5371,126,58,3774,108605,7,0,61,3706,0,68,0,
2017-02-07,5371,72,50,3792,108605,0,0,61,3774,4,61,0,
2017-02-08,5371,212,137,3767,108605,3,0,58,3792,100,61,0,
2017-02-09,5371,169,213,3723,108605,0,0,58,3767,0,58,0,
2017-02-10,5371,97,140,3680,108605,1,1,58,3723,0,58,0,
2017-02-13,5371,49,57,3672,108605,30,0,28,3680,0,58,0,
2017-02-14,5371,84,48,3708,108605,0,1,29,3672,0,28,0,
2017-02-15,5371,161,104,3765,108605,0,31,60,3708,0,29,0,
2017-02-16,5371,430,66,4129,108605,30,0,30,3765,0,60,0,
2017-02-17,5371,1927,237,5819,108605,0,130,160,4129,0,30,0,
2017-02-18,5371,3130,2340,6607,108605,126,350,384,5818,1,160,0,
2017-02-20,5371,1976,1686,6896,108605,113,124,395,6606,0,384,0,
2017-02-21,5371,1582,981,7496,108605,126,52,320,6896,1,395,1,
2017-02-22,5371,1360,550,8305,108605,62,25,274,7495,0,320,9,
2017-02-23,5371,953,1570,7688,108605,0,21,278,8305,0,274,17,
2017-02-24,5371,358,485,7561,108605,13,5,266,7689,1,278,4,
2017-03-01,5371,338,628,7262,108605,1,11,271,7561,9,266,5,
2017-03-02,5371,807,471,7598,108605,18,9,262,7262,0,271,0,
2017-03-03,5371,107,186,7519,108605,6,1,257,7598,0,262,0,
2017-03-06,5371,407,385,7541,108605,8,26,275,7519,0,257,0,
2017-03-07,5371,365,474,7432,108605,5,8,277,7541,0,275,1,
2017-03-08,5371,396,411,7417,108605,12,2,265,7432,0,277,2,
2017-03-09,5371,153,305,7265,108605,4,1,261,7417,0,265,1,
2017-03-10,5371,363,884,6744,108605,68,30,223,7265,0,261,0,
2017-03-13,5371,83,336,6491,108605,8,15,230,6744,0,223,0,
2017-03-14,5371,88,262,6313,108605,7,11,234,6491,4,230,0,
2017-03-15,5371,168,178,6299,108605,7,15,242,6313,4,234,0,
2017-03-16,5371,418,502,6215,108605,3,8,247,6299,0,242,0,
2017-03-17,5371,577,414,6378,108605,10,6,243,6215,0,247,0,
2017-03-20,5371,68,395,6051,108605,3,10,250,6378,0,243,0,
2017-03-21,5371,88,103,6036,108605,2,0,248,6051,0,250,0,
2017-03-22,5371,75,265,5846,108605,4,8,252,6036,0,248,0,
2017-03-23,5371,112,200,5758,108605,23,0,229,5846,0,252,0,
2017-03-24,5371,147,73,5832,108605,37,1,193,5758,0,229,0,
2017-03-27,5371,98,171,5749,108605,11,1,183,5832,10,193,0,
2017-03-28,5371,1559,1366,5942,108605,1,92,274,5749,0,183,0,
2017-03-29,5371,780,665,6057,108605,49,5,230,5942,0,274,0,
2017-03-30,5371,755,244,6568,108605,24,2,198,6057,0,230,10,
2017-03-31,5371,163,408,6323,108605,34,0,163,6568,0,198,1,
2017-04-05,5371,107,198,6232,108605,8,0,155,6324,1,163,0,
2017-04-06,5371,167,205,6194,108605,108,1,38,6232,0,155,10,X
2017-04-07,5371,82,290,5986,108605,28,0,10,6194,0,38,0,X
2017-04-10,5371,71,140,5917,108605,0,0,0,5986,0,10,10,X
2017-04-11,5371,161,324,5746,108605,0,0,0,5917,8,0,0,X
2017-04-12,5371,216,583,5379,108605,0,0,0,5746,0,0,0,
2017-04-13,5371,183,156,5404,108605,0,8,8,5379,2,0,0,
2017-04-14,5371,165,260,5309,108605,1,21,28,5404,0,8,0,
2017-04-17,5371,19,82,5246,108605,8,16,36,5309,0,28,0,
2017-04-18,5371,63,112,5197,108605,4,16,48,5246,0,36,0,
2017-04-19,5371,20,45,5171,108605,15,15,48,5197,1,48,0,
2017-04-20,5371,42,46,5167,108605,7,51,92,5171,0,48,0,
2017-04-21,5371,114,59,5222,108605,9,1,84,5167,0,92,0,
2017-04-24,5371,30,48,5204,108605,48,1,37,5222,0,84,0,
2017-04-25,5371,30,14,5220,108605,0,1,38,5204,0,37,0,
2017-04-26,5371,29,131,5118,108605,1,0,37,5220,0,38,0,
2017-04-27,5371,21,56,5083,108605,2,4,39,5118,0,37,0,
2017-04-28,5371,126,283,4926,108605,5,147,181,5083,0,39,0,
2017-05-02,5371,94,103,4917,108605,149,48,80,4926,0,181,0,
2017-05-03,5371,16,89,4844,108605,4,12,88,4917,0,80,0,
2017-05-04,5371,36,58,4822,108605,20,14,82,4844,0,88,0,
2017-05-05,5371,103,263,4662,108605,12,22,92,4822,0,82,0,
2017-05-08,5371,79,741,3990,108605,13,16,95,4662,10,92,0,
2017-05-09,5371,73,304,3759,108605,34,11,72,3990,0,95,0,
2017-05-10,5371,28,21,3766,108605,6,1,67,3759,0,72,0,
2017-05-11,5371,16,24,3758,108605,3,2,66,3766,0,67,0,
2017-05-12,5371,16,9,3765,108605,12,4,58,3758,0,66,0,
2017-05-15,5371,9,127,3647,108605,4,2,56,3765,0,58,0,
2017-05-16,5371,21,47,3621,108605,6,1,51,3647,0,56,0,
2017-05-17,5371,69,27,3663,108605,1,1,51,3621,0,51,0,
2017-05-18,5371,82,22,3723,108605,5,9,55,3663,0,51,0,
2017-05-19,5371,15,33,3705,108605,2,1,54,3723,0,55,0,
2017-05-22,5371,27,46,3686,108605,4,0,50,3705,0,54,0,
2017-05-23,5371,6,26,3666,108605,3,0,47,3686,0,50,0,
2017-05-24,5371,69,58,3677,108605,1,0,46,3666,0,47,0,
2017-05-25,5371,11,43,3645,108605,0,0,46,3677,0,46,0,
2017-05-26,5371,46,54,3637,108605,0,2,48,3645,0,46,0,
2017-05-31,5371,114,24,3727,108605,2,14,60,3637,0,48,0,
2017-06-01,5371,14,49,3692,108605,16,1,45,3727,0,60,0,
2017-06-02,5371,20,35,3671,108605,2,2,45,3692,6,45,0,
2017-06-03,5371,2,39,3634,108605,2,0,43,3671,0,45,0,
2017-06-05,5371,26,14,3646,108605,0,0,43,3634,0,43,0,
2017-06-06,5371,84,59,3671,108605,1,0,42,3646,0,43,0,
2017-06-07,5371,44,50,3665,108605,0,1,43,3671,0,42,0,
2017-06-08,5371,18,28,3655,108605,0,0,43,3665,0,43,0,
2017-06-09,5371,40,77,3609,108605,0,0,43,3655,9,43,0,
2017-06-12,5371,35,29,3613,108605,2,0,41,3609,2,43,0,
2017-06-13,5371,29,74,3568,108605,0,0,41,3613,0,41,0,
2017-06-14,5371,89,103,3554,108605,3,1,39,3568,0,41,0,
2017-06-15,5371,41,35,3560,108605,11,0,28,3554,0,39,0,
2017-06-16,5371,7,20,3547,108605,0,0,28,3560,0,28,0,
2017-06-19,5371,20,109,3458,108605,1,0,27,3547,0,28,0,
2017-06-20,5371,28,6,3476,108605,1,1,27,3459,5,27,0,
2017-06-21,5371,41,159,3357,108605,5,1,23,3475,0,27,0,
2017-06-22,5371,41,53,3344,108605,1,0,22,3357,1,23,0,
2017-06-23,5371,8,130,3222,108605,1,0,21,3344,0,22,0,
2017-06-26,5371,17,38,3201,108605,0,0,21,3222,0,21,0,
2017-06-27,5371,107,165,3143,108605,5,0,16,3201,0,21,0,
2017-06-28,5371,16,95,3054,108605,2,0,14,3143,10,16,0,
2017-06-29,5371,60,33,3081,108605,11,0,3,3054,0,14,0,
2017-06-30,5371,17,46,3052,108605,0,0,3,3081,0,3,0,X
2017-07-03,5371,24,108,2968,108605,3,0,0,3052,0,3,0,X
2017-07-04,5371,40,53,2955,108605,0,0,0,2968,0,0,0,X
2017-07-05,5371,30,41,2944,108605,0,0,0,2955,0,0,0,X
2017-07-06,5371,174,115,3002,108605,0,0,0,2944,1,0,0,
2017-07-07,5371,324,99,3227,108605,0,99,99,3002,0,0,0,
2017-07-10,5371,224,91,3360,108605,74,12,37,3227,0,99,0,
2017-07-11,5371,22,64,3302,108605,2,16,51,3360,16,37,0,
2017-07-12,5371,194,198,3298,108605,20,24,55,3302,0,51,0,
2017-07-13,5371,17,306,3009,108605,11,1,45,3298,0,55,0,
2017-07-14,5371,15,6,3018,108605,2,0,39,3009,0,45,4,
2017-07-17,5371,34,15,3030,108605,4,21,56,3018,7,39,0,
2017-07-18,5371,14,27,3017,108605,0,0,56,3030,0,56,0,
2017-07-19,5371,38,13,3042,108605,1,0,55,3017,0,56,0,
2017-07-20,5371,33,35,3040,108605,0,1,56,3042,0,55,0,
2017-07-21,5371,43,98,2985,108605,0,0,56,3040,0,56,0,
2017-07-24,5371,14,100,2897,108605,0,4,59,2985,2,56,1,
2017-07-25,5371,208,223,2882,108605,2,12,69,2897,0,59,0,
2017-07-26,5371,122,19,2964,108605,2,0,67,2882,21,69,0,
2017-07-27,5371,42,78,2928,108605,0,0,67,2964,0,67,0,
2017-07-28,5371,89,95,2922,108605,5,19,81,2928,0,67,0,
2017-07-31,5371,64,57,2929,108605,3,6,84,2922,0,81,0,
2017-08-01,5371,84,15,2998,108605,15,0,69,2929,0,84,0,
2017-08-02,5371,148,22,3124,108605,3,2,68,2998,0,69,0,
2017-08-03,5371,42,39,3124,108605,4,12,76,3129,8,68,0,
2017-08-04,5371,23,7,3140,108605,2,1,75,3124,0,76,0,
2017-08-07,5371,65,32,3173,108605,1,0,74,3140,0,75,0,
2017-08-08,5371,164,31,3305,108605,3,0,71,3173,1,74,0,
2017-08-09,5371,51,12,3344,108605,0,1,72,3305,0,71,0,
2017-08-10,5371,109,169,3284,108605,1,2,73,3344,0,72,0,
2017-08-11,5371,106,39,3350,108605,8,0,65,3284,1,73,0,
2017-08-14,5371,111,169,3291,108605,2,3,66,3350,1,65,0,
2017-08-15,5371,98,36,3353,108605,2,2,66,3291,0,66,0,
2017-08-16,5371,74,27,3400,108605,0,0,66,3353,0,66,0,
2017-08-17,5371,313,90,3623,108605,0,18,84,3400,0,66,0,
2017-08-18,5371,132,77,3676,108605,15,62,131,3623,2,84,0,
2017-08-21,5371,168,60,3784,108605,22,1,110,3676,0,131,0,
2017-08-22,5371,209,156,3837,108605,6,0,104,3784,0,110,0,
2017-08-23,5371,62,124,3775,108605,0,5,109,3837,0,104,0,
2017-08-24,5371,696,306,4161,108605,36,4,77,3775,4,109,0,
2017-08-25,5371,237,340,4058,108605,30,4,51,4161,0,77,0,
2017-08-28,5371,179,109,4128,108605,6,1,46,4058,0,51,0,
2017-08-29,5371,121,153,4091,108605,1,0,45,4128,5,46,0,
2017-08-30,5371,114,45,4160,108605,0,3,48,4091,0,45,0,
2017-08-31,5371,142,98,4204,108605,0,0,48,4160,0,48,0,
2017-09-01,5371,73,19,4258,108605,2,0,46,4204,0,48,0,
2017-09-04,5371,86,32,4312,108605,1,1,46,4258,0,46,0,
2017-09-05,5371,70,35,4347,108605,0,0,46,4312,0,46,0,
2017-09-06,5371,117,356,4105,108605,3,41,84,4346,2,46,0,
2017-09-07,5371,41,20,4126,108605,1,2,85,4105,0,84,0,
2017-09-08,5371,126,22,4230,108605,2,6,89,4126,0,85,0,
2017-09-11,5371,397,186,4441,108605,5,4,88,4230,0,89,0,
2017-09-12,5371,111,133,4412,108605,2,2,88,4441,7,88,0,
2017-09-13,5371,45,88,4369,108605,2,2,88,4412,0,88,0,
2017-09-14,5371,74,91,4352,108605,0,0,88,4369,0,88,0,
2017-09-15,5371,55,176,4231,108605,0,3,91,4352,0,88,0,
2017-09-18,5371,41,92,4180,108605,0,0,91,4231,0,91,0,
2017-09-19,5371,139,296,4023,108605,2,0,89,4180,0,91,0,
2017-09-20,5371,28,99,3952,108605,3,10,96,4023,0,89,0,
2017-09-21,5371,41,30,3963,108605,7,1,90,3952,0,96,0,
2017-09-22,5371,121,455,3629,108605,1,3,92,3963,0,90,0,
2017-09-25,5371,42,135,3536,108605,43,19,68,3629,0,92,0,
2017-09-26,5371,57,91,3502,108605,11,3,60,3536,0,68,0,
2017-09-27,5371,24,77,3449,108605,14,12,58,3502,0,60,0,
2017-09-28,5371,29,57,3421,108605,13,1,46,3449,0,58,0,
2017-09-29,5371,11,44,3386,108605,9,16,53,3421,2,46,0,
2017-09-30,5371,39,68,3355,108605,2,3,54,3386,2,53,0,
2017-10-02,5371,21,12,3364,108605,0,0,54,3355,0,54,0,
2017-10-03,5371,247,110,3501,108605,4,12,62,3364,0,54,0,
2017-10-05,5371,40,67,3474,108605,6,20,76,3501,0,62,0,
2017-10-06,5371,27,61,3430,108605,1,7,82,3474,10,76,0,
2017-10-11,5371,304,96,3638,108605,4,5,83,3430,0,82,0,
2017-10-12,5371,491,350,3779,108605,1,53,135,3638,0,83,0,
2017-10-13,5371,59,65,3772,108605,14,1,122,3779,1,135,0,
2017-10-16,5371,140,92,3820,108605,27,2,97,3772,0,122,0,
2017-10-17,5371,22,107,3735,108605,24,1,74,3820,0,97,0,
2017-10-18,5371,7,80,3662,108605,0,0,74,3735,0,74,0,
2017-10-19,5371,11,33,3640,108605,0,4,78,3662,0,74,0,
2017-10-20,5371,23,76,3587,108605,2,0,76,3640,0,78,0,
2017-10-23,5371,38,7,3617,108605,27,0,49,3587,1,76,0,
2017-10-24,5371,57,12,3662,108605,1,0,48,3617,0,49,0,
2017-10-25,5371,26,30,3658,108605,0,0,48,3662,0,48,0,
2017-10-26,5371,79,12,3690,108605,1,0,47,3658,35,48,0,
2017-10-27,5371,221,42,3866,108605,1,14,60,3690,3,47,0,
2017-10-30,5371,43,136,3768,108605,1,25,84,3866,5,60,0,
2017-10-31,5371,27,40,3755,108605,0,3,87,3768,0,84,0,
2017-11-01,5371,250,280,3718,108605,19,10,78,3755,7,87,0,
2017-11-02,5371,99,84,3731,108605,17,13,74,3718,2,78,0,
2017-11-03,5371,45,165,3611,108605,18,6,62,3731,0,74,0,
2017-11-06,5371,73,72,3612,108605,13,0,49,3611,0,62,0,
2017-11-07,5371,65,38,3639,108605,11,0,38,3612,0,49,0,
2017-11-08,5371,52,16,3673,108605,13,0,25,3639,2,38,0,
2017-11-09,5371,54,112,3588,108605,7,17,35,3673,27,25,0,
2017-11-10,5371,50,22,3616,108605,3,5,37,3588,0,35,0,
2017-11-13,5371,31,54,3593,108605,4,0,33,3616,0,37,0,
2017-11-14,5371,64,204,3453,108605,0,5,38,3593,0,33,0,
2017-11-15,5371,58,66,3445,108605,22,28,44,3453,0,38,0,
2017-11-16,5371,71,40,3476,108605,1,30,73,3445,0,44,0,
2017-11-17,5371,25,18,3483,108605,0,1,74,3476,0,73,0,
2017-11-20,5371,15,43,3455,108605,1,5,78,3483,0,74,0,
2017-11-21,5371,115,91,3479,108605,11,11,78,3455,0,78,0,
2017-11-22,5371,28,69,3438,108605,0,10,88,3479,0,78,0,
2017-11-23,5371,31,13,3456,108605,4,5,89,3438,0,88,0,
2017-11-24,5371,35,15,3476,108605,0,0,89,3456,0,89,0,
2017-11-27,5371,121,45,3552,108605,1,0,88,3476,0,89,0,
2017-11-28,5371,38,35,3555,108605,0,5,93,3552,0,88,0,
2017-11-29,5371,73,21,3607,108605,0,1,94,3555,0,93,0,
2017-11-30,5371,98,27,3678,108605,0,3,97,3607,0,94,0,
2017-12-01,5371,39,138,3579,108605,15,46,128,3678,0,97,0,
2017-12-04,5371,4,19,3564,108605,12,0,116,3579,0,128,0,
2017-12-05,5371,47,41,3570,108605,46,0,70,3564,0,116,0,
2017-12-06,5371,39,26,3583,108605,1,4,73,3570,0,70,0,
2017-12-07,5371,12,57,3538,108605,0,1,74,3583,0,73,0,
2017-12-08,5371,10,30,3516,108605,0,2,76,3538,2,74,0,
2017-12-11,5371,56,48,3524,108605,3,4,77,3516,0,76,0,
2017-12-12,5371,12,22,3514,108605,0,3,80,3524,0,77,0,
2017-12-13,5371,358,39,3833,108605,4,1,77,3514,0,80,0,
2017-12-14,5371,97,30,3893,108605,0,2,77,3833,7,77,2,
2017-12-15,5371,22,26,3889,108605,0,4,81,3893,0,77,0,
2017-12-18,5371,45,5,3925,108605,1,31,111,3889,4,81,0,
2017-12-19,5371,35,31,3929,108605,3,1,109,3925,0,111,0,
2017-12-20,5371,14,35,3908,108605,65,0,44,3929,0,109,0,
2017-12-21,5371,34,42,3900,108605,30,0,14,3908,0,44,0,
2017-12-22,5371,26,32,3894,108605,0,0,14,3900,0,14,0,
2017-12-25,5371,133,122,3905,108605,0,0,14,3894,0,14,0,
2017-12-26,5371,11,22,3894,108605,0,0,14,3905,0,14,0,
2017-12-27,5371,14,73,3835,108605,2,0,12,3894,0,14,0,
2017-12-28,5371,124,108,3851,108605,0,0,12,3835,0,12,0,
2017-12-29,5371,31,43,3837,108605,1,0,11,3851,2,12,0,
2018-01-02,5371,148,81,3904,108605,0,0,11,3837,0,11,0,
2018-01-03,5371,178,144,3933,108605,5,1,7,3904,5,11,0,
2018-01-04,5371,59,100,3892,108605,0,1,8,3933,0,7,0,
2018-01-05,5371,26,25,3893,108605,1,0,7,3892,0,8,0,
2018-01-08,5371,19,38,3874,108605,0,4,11,3893,0,7,0,
2018-01-09,5371,9,28,3855,108605,2,3,12,3874,0,11,0,
2018-01-10,5371,73,79,3848,108605,0,0,10,3855,1,12,2,
2018-01-11,5371,22,14,3831,108605,0,0,10,3848,25,10,0,
2018-01-12,5371,96,42,3885,108605,3,0,7,3831,0,10,0,
2018-01-15,5371,183,104,3964,108605,0,0,7,3885,0,7,0,
2018-01-16,5371,55,62,3957,108605,0,0,7,3964,0,7,0,
2018-01-17,5371,78,21,4006,108605,0,0,7,3957,8,7,0,
2018-01-18,5371,221,346,3881,108605,0,1,8,4006,0,7,0,
2018-01-19,5371,713,270,4324,108605,0,3,11,3881,0,8,0,
2018-01-22,5371,72,280,4116,108605,2,2,11,4324,0,11,0,
2018-01-23,5371,364,50,4428,108605,0,1,12,4116,2,11,0,
2018-01-24,5371,112,95,4445,108605,0,0,12,4428,0,12,0,
2018-01-25,5371,363,237,4571,108605,0,0,12,4445,0,12,0,
2018-01-26,5371,94,71,4594,108605,0,0,12,4571,0,12,0,
2018-01-29,5371,634,142,5086,108605,0,1,13,4594,0,12,0,
2018-01-30,5371,732,311,5486,108605,1,0,12,5086,21,13,0,
2018-01-31,5371,1370,1947,4909,108605,0,29,41,5486,0,12,0,
2018-02-01,5371,310,914,4255,108605,4,59,96,4909,50,41,0,
2018-02-02,5371,1145,1186,4214,108605,13,223,306,4255,0,96,0,
2018-02-05,5371,1677,867,5024,108605,80,196,422,4214,0,306,0,
2018-02-06,5371,1360,1898,4486,108605,276,74,220,5024,0,422,0,
2018-02-07,5371,1104,901,4688,108605,47,22,194,4486,1,220,1,
2018-02-08,5371,591,626,4652,108605,18,92,267,4688,1,194,1,
2018-02-09,5371,669,514,4804,108605,43,65,289,4652,3,267,0,
2018-02-12,5371,226,572,4458,108605,81,32,240,4804,0,289,0,
2018-02-21,5371,403,323,4538,108605,24,14,230,4458,0,240,0,
2018-02-22,5371,663,408,4793,108605,14,9,225,4538,0,230,0,
2018-02-23,5371,577,594,4776,108605,3,7,229,4793,0,225,0,
2018-02-26,5371,2135,995,5916,108605,21,78,286,4776,0,229,0,
2018-02-27,5371,1263,1491,5686,108605,14,42,314,5916,2,286,0,
2018-03-01,5371,574,558,5702,108605,51,6,268,5686,0,314,1,
2018-03-02,5371,402,525,5579,108605,57,7,218,5702,0,268,0,
2018-03-05,5371,287,646,5220,108605,4,4,218,5579,0,218,0,
2018-03-06,5371,298,401,5117,108605,3,1,215,5220,0,218,1,
2018-03-07,5371,1195,1151,5161,108605,5,109,319,5117,0,215,0,
2018-03-08,5371,1065,757,5469,108605,62,7,263,5161,0,319,1,
2018-03-09,5371,471,434,5506,108605,21,14,256,5469,0,263,0,
2018-03-12,5371,263,267,5502,108605,12,33,277,5506,0,256,0,
2018-03-13,5371,358,609,5251,108605,19,36,294,5502,0,277,0,
2018-03-14,5371,350,427,5174,108605,1,5,298,5251,0,294,0,
2018-03-15,5371,269,350,5088,108605,10,1,289,5174,5,298,0,
2018-03-16,5371,366,392,5062,108605,83,60,266,5088,0,289,0,
2018-03-19,5371,320,270,5112,108605,61,0,205,5062,0,266,0,
2018-03-20,5371,94,180,5026,108605,14,1,192,5112,0,205,0,
2018-03-21,5371,118,250,4894,108605,5,2,189,5026,0,192,0,
2018-03-22,5371,124,334,4683,108605,6,11,194,4894,1,189,0,
2018-03-23,5371,102,169,4616,108605,61,6,139,4683,0,194,0,
2018-03-26,5371,120,118,4618,108605,30,20,129,4616,0,139,0,
2018-03-27,5371,180,178,4620,108605,5,1,125,4618,0,129,0,
2018-03-28,5371,55,292,4383,108605,3,5,127,4620,0,125,0,
2018-03-29,5371,103,53,4433,108605,25,0,102,4383,0,127,0,
2018-03-30,5371,53,104,4382,108605,9,0,93,4433,0,102,0,
2018-03-31,5371,38,91,4228,108605,7,0,86,4382,101,93,0,
2018-04-02,5371,63,152,4139,108605,14,0,72,4228,0,86,0,X
2018-04-03,5371,153,163,4129,108605,50,0,8,4139,0,72,14,X
2018-04-09,5371,128,37,4220,108605,0,0,0,4129,0,8,8,X
2018-04-10,5371,62,149,4133,108605,0,0,0,4220,0,0,0,X
2018-04-11,5371,148,169,4111,108605,0,0,0,4133,1,0,0,
2018-04-12,5371,461,392,4180,108605,0,20,20,4111,0,0,0,
2018-04-13,5371,302,224,4258,108605,11,2,11,4180,0,20,0,
2018-04-16,5371,93,130,4221,108605,3,3,11,4258,0,11,0,
2018-04-17,5371,70,293,3998,108605,3,70,78,4221,0,11,0,
2018-04-18,5371,310,571,3737,108605,66,2,14,3998,0,78,0,
2018-04-19,5371,579,546,3770,108605,0,4,18,3737,0,14,0,
2018-04-20,5371,287,314,3743,108605,5,1,14,3770,0,18,0,
2018-04-23,5371,167,346,3564,108605,10,33,37,3743,0,14,0,
2018-04-24,5371,48,249,3358,108605,24,33,46,3564,5,37,0,
2018-04-25,5371,77,68,3367,108605,3,4,47,3358,0,46,0,
2018-04-26,5371,147,355,3159,108605,5,48,90,3367,0,47,0,
2018-04-27,5371,99,249,3009,108605,51,130,169,3159,0,90,0,
2018-04-30,5371,99,19,3081,108605,48,5,126,3009,8,169,0,
2018-05-02,5371,33,443,2671,108605,32,20,111,3081,0,126,3,
2018-05-03,5371,36,236,2466,108605,23,16,104,2671,5,111,0,
2018-05-04,5371,51,105,2410,108605,32,4,76,2466,2,104,0,
2018-05-07,5371,34,22,2422,108605,20,2,58,2410,0,76,0,
2018-05-08,5371,146,60,2507,108605,6,22,74,2422,1,58,0,
2018-05-09,5371,77,141,2443,108605,10,39,103,2507,0,74,0,
2018-05-10,5371,131,103,2471,108605,60,7,50,2443,0,103,0,
2018-05-11,5371,184,98,2557,108605,7,0,43,2471,0,50,0,
2018-05-14,5371,122,31,2648,108605,3,0,40,2557,0,43,0,
2018-05-15,5371,72,61,2658,108605,0,10,50,2648,1,40,0,
2018-05-16,5371,35,19,2674,108605,0,0,50,2658,0,50,0,
2018-05-17,5371,211,111,2774,108605,10,1,41,2674,0,50,0,
2018-05-18,5371,78,36,2816,108605,1,5,45,2774,0,41,0,
2018-05-21,5371,29,31,2814,108605,11,0,34,2816,0,45,0,
2018-05-22,5371,132,82,2864,108605,0,0,34,2814,0,34,0,
2018-05-23,5371,15,45,2834,108605,0,3,37,2864,0,34,0,
2018-05-24,5371,106,96,2844,108605,2,0,35,2834,0,37,0,
2018-05-25,5371,63,149,2756,108605,0,0,35,2844,2,35,0,
2018-05-28,5371,63,75,2744,108605,10,0,25,2756,0,35,0,
2018-05-29,5371,68,65,2747,108605,1,0,24,2744,0,25,0,
2018-05-30,5371,161,74,2834,108605,1,2,25,2747,0,24,0,
2018-05-31,5371,597,380,3051,108605,1,38,62,2834,0,25,0,
2018-06-01,5371,130,317,2864,108605,2,0,60,3051,0,62,0,
2018-06-04,5371,82,107,2839,108605,1,37,96,2864,0,60,0,
2018-06-05,5371,146,179,2806,108605,37,1,60,2839,0,96,0,
2018-06-06,5371,365,95,3076,108605,36,0,24,2806,0,60,0,
2018-06-07,5371,463,609,2930,108605,2,61,83,3076,0,24,0,
2018-06-08,5371,202,163,2969,108605,2,1,82,2930,0,83,0,
2018-06-11,5371,145,148,2966,108605,11,3,74,2969,0,82,0,
2018-06-12,5371,138,129,2975,108605,49,3,28,2966,0,74,0,
2018-06-13,5371,118,86,3007,108605,6,1,23,2975,0,28,0,
2018-06-14,5371,24,216,2815,108605,2,0,21,3007,0,23,0,
2018-06-15,5371,225,120,2920,108605,0,0,21,2815,0,21,0,
2018-06-19,5371,101,387,2634,108605,1,8,28,2920,0,21,0,
2018-06-20,5371,37,60,2611,108605,7,2,23,2634,0,28,0,
2018-06-21,5371,34,29,2616,108605,4,0,19,2611,0,23,0,
2018-06-22,5371,215,86,2745,108605,0,1,20,2616,0,19,0,
2018-06-25,5371,498,189,3054,108605,2,40,58,2745,0,20,0,
2018-06-26,5371,196,222,3028,108605,30,7,35,3054,0,58,0,
2018-06-27,5371,438,374,3092,108605,13,44,66,3028,0,35,0,
2018-06-28,5371,231,168,3155,108605,31,3,38,3092,0,66,0,
2018-06-29,5371,103,125,3133,108605,4,0,34,3155,0,38,0,
2018-07-02,5371,97,97,3132,108605,4,0,29,3133,1,34,1,
2018-07-03,5371,41,250,2923,108605,4,2,27,3132,0,29,0,
2018-07-04,5371,44,207,2760,108605,8,0,19,2923,0,27,0,
2018-07-05,5371,58,80,2738,108605,2,0,9,2760,0,19,8,X
2018-07-06,5371,23,95,2666,108605,9,0,0,2738,0,9,0,X
2018-07-09,5371,69,177,2558,108605,0,0,0,2666,0,0,0,X
2018-07-10,5371,133,103,2588,108605,0,0,0,2558,0,0,0,X
2018-07-11,5371,135,187,2536,108605,0,0,0,2588,0,0,0,
2018-07-12,5371,235,232,2539,108605,0,0,0,2536,0,0,0,
2018-07-13,5371,58,101,2496,108605,0,2,2,2539,0,0,0,
2018-07-16,5371,26,78,2444,108605,1,34,35,2496,0,2,0,
2018-07-17,5371,216,62,2596,108605,35,1,1,2444,2,35,0,
2018-07-18,5371,80,88,2588,108605,1,1,1,2596,0,1,0,
2018-07-19,5371,36,20,2604,108605,0,0,1,2588,0,1,0,
2018-07-20,5371,137,100,2641,108605,1,0,0,2604,0,1,0,
2018-07-23,5371,80,64,2657,108605,0,2,2,2641,0,0,0,
2018-07-24,5371,342,101,2897,108605,2,0,0,2657,1,2,0,
2018-07-25,5371,562,540,2919,108605,0,75,75,2897,0,0,0,
2018-07-26,5371,525,540,2904,108605,58,58,75,2919,0,75,0,
2018-07-27,5371,588,604,2888,108605,6,47,116,2904,0,75,0,
2018-07-30,5371,322,700,2495,108605,8,19,127,2888,15,116,0,
2018-07-31,5371,604,263,2836,108605,12,46,161,2495,0,127,0,
2018-08-01,5371,639,496,2979,108605,1,52,212,2836,0,161,0,
2018-08-02,5371,871,691,3158,108605,31,117,298,2979,1,212,0,
2018-08-03,5371,395,353,3200,108605,17,65,344,3158,0,298,2,
2018-08-06,5371,501,607,3092,108605,104,55,295,3200,2,344,0,
2018-08-07,5371,468,641,2919,108605,48,165,412,3092,0,295,0,
2018-08-08,5371,505,308,3116,108605,47,17,382,2919,0,412,0,
2018-08-09,5371,262,332,3046,108605,29,29,382,3116,0,382,0,
2018-08-10,5371,263,657,2652,108605,94,174,462,3046,0,382,0,
2018-08-13,5371,151,411,2392,108605,240,62,284,2652,0,462,0,
2018-08-14,5371,261,312,2341,108605,34,74,324,2392,0,284,0,
2018-08-15,5371,230,115,2456,108605,30,37,331,2341,0,324,0,
2018-08-16,5371,190,312,2334,108605,60,57,328,2456,0,331,0,
2018-08-17,5371,159,241,2252,108605,38,29,319,2334,0,328,0,
2018-08-20,5371,300,152,2400,108605,105,266,480,2252,0,319,0,
2018-08-21,5371,167,241,2326,108605,68,152,564,2400,0,480,0,
2018-08-22,5371,193,251,2268,108605,35,94,623,2326,0,564,0,
2018-08-23,5371,311,81,2498,108605,30,45,638,2268,0,623,0,
2018-08-24,5371,135,202,2431,108605,88,82,632,2498,0,638,0,
2018-08-27,5371,108,355,2183,108605,37,57,652,2431,1,632,0,
2018-08-28,5371,2066,721,3528,108605,53,173,772,2183,0,652,0,
2018-08-29,5371,1497,917,4108,108605,48,127,851,3528,0,772,0,
2018-08-30,5371,1460,1685,3878,108605,51,412,1212,4108,5,851,0,
2018-08-31,5371,845,866,3841,108605,223,139,1127,3878,16,1212,1,
2018-09-03,5371,792,965,3668,108605,235,44,935,3841,0,1127,1,
2018-09-04,5371,889,953,3604,108605,28,372,1279,3668,0,935,0,
2018-09-05,5371,692,554,3742,108605,263,38,1054,3604,0,1279,0,
2018-09-06,5371,523,693,3572,108605,258,49,845,3742,0,1054,0,
2018-09-07,5371,608,661,3519,108605,51,100,894,3572,0,845,0,
2018-09-10,5371,336,439,3416,108605,124,79,849,3519,0,894,0,
2018-09-11,5371,403,523,3296,108605,54,267,1062,3416,0,849,0,
2018-09-12,5371,462,374,3384,108605,81,164,1145,3296,0,1062,0,
2018-09-13,5371,338,343,3379,108605,128,65,1082,3384,0,1145,0,
2018-09-14,5371,591,522,3447,108605,229,53,906,3379,1,1082,0,
2018-09-17,5371,1427,828,4044,108605,40,287,1153,3447,2,906,0,
2018-09-18,5371,639,758,3925,108605,82,216,1287,4044,0,1153,0,
2018-09-19,5371,374,346,3952,108605,18,77,1345,3925,1,1287,1,
2018-09-20,5371,346,415,3883,108605,119,133,1359,3952,0,1345,0,
2018-09-21,5371,446,500,3829,108605,295,64,1128,3883,0,1359,0,
2018-09-25,5371,151,383,3596,108605,201,98,1025,3829,1,1128,0,
2018-09-26,5371,231,795,3032,108605,110,98,1013,3596,0,1025,0,
2018-09-27,5371,299,125,3206,108605,54,85,1044,3032,0,1013,0,
2018-09-28,5371,363,126,3403,108605,63,42,1023,3206,40,1044,0,
2018-10-01,5371,641,415,3629,108605,44,120,1099,3403,0,1023,0,
2018-10-02,5371,100,236,3493,108605,126,88,1061,3629,0,1099,0,
2018-10-03,5371,80,173,3400,108605,83,84,1062,3493,0,1061,0,
2018-10-04,5371,61,83,3378,108605,149,111,1024,3400,0,1062,0,
2018-10-05,5371,168,473,3073,108605,273,104,855,3378,0,1024,0,
2018-10-08,5371,192,373,2891,108605,187,94,762,3073,1,855,0,
2018-10-09,5371,37,115,2813,108605,63,332,1031,2891,0,762,0,
2018-10-11,5371,284,564,2528,108605,389,99,741,2813,5,1031,0,
2018-10-12,5371,110,101,2526,108605,134,36,643,2528,11,741,0,
2018-10-15,5371,19,81,2464,108605,48,80,675,2526,0,643,0,
2018-10-16,5371,60,72,2452,108605,59,16,632,2464,0,675,0,
2018-10-17,5371,61,62,2449,108605,35,30,627,2452,2,632,0,
2018-10-18,5371,58,98,2409,108605,30,40,637,2449,0,627,0,
2018-10-19,5371,31,66,2374,108605,55,40,622,2409,0,637,0,
2018-10-22,5371,111,189,2296,108605,64,31,589,2374,0,622,0,
2018-10-23,5371,110,63,2343,108605,42,29,576,2296,0,589,0,
2018-10-24,5371,141,113,2371,108605,54,65,587,2343,0,576,0,
2018-10-25,5371,77,295,2153,108605,91,49,545,2371,0,587,0,
2018-10-26,5371,100,120,2133,108605,48,71,568,2153,0,545,0,
2018-10-29,5371,99,60,2172,108605,64,49,553,2133,0,568,0,
2018-10-30,5371,182,206,2147,108605,110,199,642,2172,1,553,0,
2018-10-31,5371,442,95,2494,108605,205,135,571,2147,0,642,1,
2018-11-01,5371,208,173,2529,108605,214,43,400,2494,0,571,0,
2018-11-02,5371,90,315,2303,108605,29,54,425,2529,1,400,0,
2018-11-05,5371,137,70,2370,108605,49,45,421,2303,0,425,0,
2018-11-06,5371,77,140,2307,108605,53,33,401,2370,0,421,0,
2018-11-07,5371,113,40,2377,108605,30,40,411,2307,3,401,0,
2018-11-08,5371,147,177,2347,108605,49,26,388,2377,0,411,0,
2018-11-09,5371,142,70,2419,108605,37,27,378,2347,0,388,0,
2018-11-12,5371,250,160,2509,108605,50,180,508,2419,0,378,0,
2018-11-13,5371,292,272,2529,108605,111,73,470,2509,0,508,0,
2018-11-14,5371,65,24,2568,108605,15,18,473,2529,2,470,0,
2018-11-15,5371,37,37,2568,108605,88,18,403,2568,0,473,0,
2018-11-16,5371,67,87,2548,108605,18,24,409,2568,0,403,0,
2018-11-19,5371,44,23,2569,108605,19,2,392,2548,0,409,0,
2018-11-20,5371,92,47,2614,108605,39,25,368,2569,0,392,10,
2018-11-21,5371,59,24,2648,108605,21,2,349,2614,1,368,0,
2018-11-22,5371,69,22,2688,108605,2,4,351,2648,7,349,0,
2018-11-23,5371,24,37,2671,108605,11,6,346,2688,4,351,0,
2018-11-26,5371,44,35,2680,108605,12,5,339,2671,0,346,0,
2018-11-27,5371,141,46,2775,108605,49,28,318,2680,0,339,0,
2018-11-28,5371,201,25,2951,108605,20,43,341,2775,0,318,0,
2018-11-29,5371,301,181,3071,108605,40,2,303,2951,0,341,0,
2018-11-30,5371,278,112,3237,108605,16,0,287,3071,0,303,0,
2018-12-03,5371,487,326,3398,108605,96,1,192,3237,0,287,0,
2018-12-04,5371,506,131,3773,108605,13,4,183,3398,0,192,0,
2018-12-05,5371,170,201,3742,108605,7,19,185,3773,0,183,10,
2018-12-06,5371,262,492,3512,108605,23,40,202,3742,0,185,0,
2018-12-07,5371,989,694,3807,108605,67,33,168,3512,0,202,0,
2018-12-10,5371,772,224,4355,108605,36,25,157,3807,0,168,0,
2018-12-11,5371,623,191,4787,108605,31,39,165,4355,0,157,0,
2018-12-12,5371,308,285,4809,108605,17,11,159,4787,1,165,0,
2018-12-13,5371,377,143,5043,108605,14,13,158,4809,0,159,0,
2018-12-14,5371,194,140,5097,108605,21,23,160,5043,0,158,0,
2018-12-17,5371,222,198,5121,108605,22,42,180,5097,0,160,0,
2018-12-18,5371,247,463,4905,108605,28,41,193,5121,0,180,0,
2018-12-19,5371,343,986,4262,108605,32,74,235,4905,0,193,0,
2018-12-20,5371,148,494,3916,108605,40,55,250,4262,0,235,0,
2018-12-21,5371,120,79,3957,108605,29,18,239,3916,0,250,0,
2018-12-22,5371,95,110,3941,108605,12,10,235,3957,1,239,2,
2018-12-24,5371,35,58,3910,108605,18,0,217,3941,8,235,0,
2018-12-25,5371,25,139,3796,108605,21,6,202,3910,0,217,0,
2018-12-26,5371,55,78,3761,108605,10,2,194,3796,12,202,0,
2018-12-27,5371,95,79,3777,108605,20,1,175,3761,0,194,0,
2018-12-28,5371,39,78,3734,108605,0,0,175,3777,4,175,0,
2019-01-02,5371,55,81,3707,108605,3,0,172,3734,1,175,0,
2019-01-03,5371,71,70,3708,108605,8,2,166,3707,0,172,0,
2019-01-04,5371,116,225,3598,108605,0,7,173,3708,1,166,0,
2019-01-07,5371,206,112,3692,108605,21,2,154,3598,0,173,0,
2019-01-08,5371,71,37,3726,108605,3,5,156,3692,0,154,0,
2019-01-09,5371,60,194,3592,108605,2,1,155,3726,0,156,0,
2019-01-10,5371,64,44,3612,108605,3,0,152,3592,0,155,0,
2019-01-11,5371,52,73,3588,108605,14,0,138,3612,3,152,0,
2019-01-14,5371,33,109,3512,108605,0,8,146,3588,0,138,0,
2019-01-15,5371,42,120,3434,108605,14,0,132,3512,0,146,0,
2019-01-16,5371,180,224,3390,108605,4,5,133,3434,0,132,0,
2019-01-17,5371,70,152,3308,108605,10,0,123,3390,0,133,0,
2019-01-18,5371,139,46,3400,108605,3,0,120,3308,1,123,0,
2019-01-21,5371,235,233,3401,108605,0,0,120,3400,1,120,0,
2019-01-22,5371,275,227,3448,108605,0,0,119,3401,1,120,1,
2019-01-23,5371,1225,432,4241,108605,0,10,129,3448,0,119,0,
2019-01-24,5371,254,233,4262,108605,8,16,102,4241,0,129,35,
2019-01-25,5371,109,151,4220,108605,6,2,98,4262,0,102,0,
2019-01-28,5371,167,181,4206,108605,0,0,98,4220,0,98,0,
2019-01-29,5371,897,211,4408,108605,2,4,100,4206,484,98,0,
2019-01-30,5371,657,1381,3684,108605,7,41,111,4408,0,100,23,
2019-02-11,5371,587,466,3443,108605,0,17,128,3322,0,111,0,
2019-02-12,5371,640,381,3704,108605,30,6,104,3445,0,128,0,
2019-02-13,5371,388,664,3428,108605,1,66,169,3704,0,104,0,
2019-02-14,5371,179,329,3278,108605,22,6,151,3428,0,169,2,
2019-02-15,5371,287,358,3207,108605,14,5,142,3278,0,151,0,
2019-02-18,5371,101,180,3128,108605,20,5,127,3207,0,142,0,
2019-02-19,5371,283,112,3299,108605,5,3,125,3128,0,127,0,
2019-02-20,5371,120,111,3308,108605,13,3,115,3299,0,125,0,
2019-02-21,5371,283,462,3129,108605,3,13,125,3308,0,115,0,
2019-02-22,5371,251,287,3093,108605,16,10,119,3129,0,125,0,
2019-02-25,5371,486,309,3269,108605,3,1,117,3093,1,119,0,
2019-02-26,5371,183,205,3247,108605,5,1,113,3269,0,117,0,
2019-02-27,5371,94,91,3250,108605,17,7,103,3247,0,113,0,
2019-03-04,5371,163,151,3262,108605,4,0,99,3250,0,103,0,
2019-03-05,5371,143,92,3313,108605,0,7,106,3262,0,99,0,
2019-03-06,5371,87,83,3317,108605,5,0,101,3313,0,106,0,
2019-03-07,5371,114,117,3306,108605,7,2,96,3317,8,101,0,
2019-03-08,5371,62,82,3286,108605,0,13,109,3306,0,96,0,
2019-03-11,5371,62,48,3300,108605,3,6,112,3286,0,109,0,
2019-03-12,5371,214,201,3313,108605,13,2,101,3300,0,112,0,
2019-03-13,5371,160,129,3338,108605,2,4,103,3313,6,101,0,
2019-03-14,5371,381,297,3422,108605,2,17,118,3338,0,103,0,
2019-03-15,5371,208,363,3262,108605,17,5,106,3422,5,118,0,
2019-03-18,5371,160,143,3279,108605,1,4,109,3262,0,106,0,
2019-03-19,5371,54,163,3170,108605,5,0,104,3279,0,109,0,
2019-03-20,5371,661,366,3465,108605,2,1,103,3170,0,104,0,
2019-03-21,5371,372,309,3528,108605,10,4,97,3465,0,103,0,
2019-03-22,5371,421,412,3537,108605,1,1,97,3528,0,97,0,
2019-03-25,5371,220,195,3562,108605,6,1,92,3537,0,97,0,
2019-03-26,5371,1156,698,4019,108605,3,6,95,3562,1,92,0,
2019-03-27,5371,823,394,4448,108605,2,5,98,4019,0,95,0,
2019-03-28,5371,1304,1285,4467,108605,6,14,106,4448,0,98,0,
2019-03-29,5371,935,585,4817,108605,14,4,96,4467,0,106,0,
2019-04-01,5371,567,564,4820,108605,12,0,83,4817,0,96,1,
2019-04-02,5371,413,263,4970,108605,43,1,41,4820,0,83,0,X
2019-04-03,5371,554,517,5005,108605,18,0,4,4970,2,41,19,X
2019-04-08,5371,145,308,4842,108605,2,0,0,5005,0,4,2,X
2019-04-09,5371,424,440,4826,108605,0,0,0,4842,0,0,0,X
2019-04-10,5371,240,421,4645,108605,0,0,0,4826,0,0,0,
2019-04-11,5371,222,421,4446,108605,0,11,11,4645,0,0,0,
2019-04-12,5371,196,264,4378,108605,2,1,10,4446,0,11,0,
2019-04-15,5371,131,153,4355,108605,0,2,12,4378,1,10,0,
2019-04-16,5371,247,96,4501,108605,1,5,16,4355,5,12,0,
2019-04-17,5371,137,418,4220,108605,4,2,14,4501,0,16,0,
2019-04-18,5371,317,299,4236,108605,1,22,35,4220,2,14,0,
2019-04-19,5371,966,733,4469,108605,0,10,45,4236,0,35,0,
2019-04-22,5371,289,325,4433,108605,0,13,58,4469,0,45,0,
2019-04-23,5371,173,251,4355,108605,13,0,45,4433,0,58,0,
2019-04-24,5371,195,148,4402,108605,1,0,44,4355,0,45,0,
2019-04-25,5371,137,131,4408,108605,0,19,63,4402,0,44,0,
2019-04-26,5371,98,282,4224,108605,3,41,101,4408,0,63,0,
2019-04-29,5371,92,206,4107,108605,40,8,69,4224,3,101,0,
2019-04-30,5371,108,60,4155,108605,6,36,99,4107,0,69,0,
2019-05-02,5371,347,689,3813,108605,65,176,210,4155,0,99,0,
2019-05-03,5371,697,769,3741,108605,108,18,120,3813,0,210,0,
2019-05-06,5371,302,240,3801,108605,59,55,116,3741,2,120,0,
2019-05-07,5371,288,169,3903,108605,10,3,109,3801,17,116,0,
2019-05-08,5371,268,95,4076,108605,55,15,69,3903,0,109,0,
2019-05-09,5371,292,797,3567,108605,8,18,77,4076,4,69,2,
2019-05-10,5371,167,200,3534,108605,5,21,93,3567,0,77,0,
2019-05-13,5371,143,166,3510,108605,15,22,100,3534,1,93,0,
2019-05-14,5371,156,117,3548,108605,27,7,80,3510,1,100,0,
2019-05-15,5371,109,201,3455,108605,24,21,77,3548,1,80,0,
2019-05-16,5371,80,157,3378,108605,0,18,95,3455,0,77,0,
2019-05-17,5371,112,87,3402,108605,10,8,93,3378,1,95,0,
2019-05-20,5371,98,61,3435,108605,21,33,105,3402,4,93,0,
2019-05-21,5371,210,13,3625,108605,26,28,107,3435,7,105,0,
2019-05-22,5371,89,173,3512,108605,1,61,167,3625,29,107,0,
2019-05-23,5371,326,119,3716,108605,36,81,212,3512,3,167,0,
2019-05-24,5371,402,182,3936,108605,14,86,284,3716,0,212,0,
2019-05-27,5371,132,113,3955,108605,21,36,299,3936,0,284,0,
2019-05-28,5371,96,37,4014,108605,12,45,332,3955,0,299,0,
2019-05-29,5371,167,50,4126,108605,12,15,335,4014,5,332,0,
2019-05-30,5371,51,42,4135,108605,12,22,345,4126,0,335,0,
2019-05-31,5371,89,184,4040,108605,21,13,337,4135,0,345,0,
2019-06-03,5371,84,454,3669,108605,11,6,332,4040,1,337,0,
2019-06-04,5371,70,40,3698,108605,0,1,333,3669,1,332,0,
2019-06-05,5371,108,140,3666,108605,1,5,337,3698,0,333,0,
2019-06-06,5371,31,58,3563,108605,7,1,331,3666,76,337,0,
2019-06-10,5371,46,43,3566,108605,2,3,332,3563,0,331,0,
2019-06-11,5371,103,67,3600,108605,4,2,330,3566,2,332,0,
2019-06-12,5371,107,32,3675,108605,5,0,325,3600,0,330,0,
2019-06-13,5371,107,139,3643,108605,26,0,299,3675,0,325,0,
2019-06-14,5371,351,270,3724,108605,12,12,299,3643,0,299,0,
2019-06-17,5371,61,164,3621,108605,2,1,298,3724,0,299,0,
2019-06-18,5371,168,91,3698,108605,0,2,300,3621,0,298,0,
2019-06-19,5371,201,206,3692,108605,2,5,303,3698,1,300,0,
2019-06-20,5371,114,174,3631,108605,4,2,301,3692,1,303,0,
2019-06-21,5371,117,125,3622,108605,15,0,286,3631,1,301,0,
2019-06-24,5371,73,172,3506,108605,4,0,282,3622,17,286,0,
2019-06-25,5371,30,136,3400,108605,1,0,281,3506,0,282,0,
2019-06-26,5371,45,111,3334,108605,1,3,283,3400,0,281,0,
2019-06-27,5371,90,88,3335,108605,4,3,282,3334,1,283,0,
2019-06-28,5371,23,152,3206,108605,0,0,282,3335,0,282,0,
2019-07-01,5371,86,111,3178,108605,6,1,277,3206,3,282,0,
2019-07-02,5371,74,136,3116,108605,1,2,278,3178,0,277,0,
2019-07-03,5371,106,147,3071,108605,0,5,283,3116,4,278,0,
2019-07-04,5371,110,93,3085,108605,4,6,285,3071,3,283,0,
2019-07-05,5371,120,124,3077,108605,10,12,287,3085,4,285,0,
2019-07-08,5371,52,84,3043,108605,2,0,285,3077,2,287,0,
2019-07-09,5371,105,238,2910,108605,1,0,284,3043,0,285,0,
2019-07-10,5371,159,104,2965,108605,1,4,287,2910,0,284,0,X
2019-07-11,5371,125,185,2904,108605,284,0,1,2965,1,287,2,X
2019-07-12,5371,248,189,2960,108605,0,0,0,2904,3,1,1,X
2019-07-15,5371,174,158,2976,108605,0,0,0,2960,0,0,0,X
2019-07-16,5371,369,239,3086,108605,0,0,0,2976,20,0,0,
2019-07-17,5371,237,101,3222,108605,0,9,9,3086,0,0,0,
2019-07-18,5371,228,185,3265,108605,0,26,35,3222,0,9,0,
2019-07-19,5371,77,70,3256,108605,11,12,36,3265,16,35,0,
2019-07-22,5371,156,120,3292,108605,7,6,35,3256,0,36,0,
2019-07-23,5371,124,89,3327,108605,0,8,43,3292,0,35,0,
2019-07-24,5371,101,27,3401,108605,10,13,46,3327,0,43,0,
2019-07-25,5371,56,42,3415,108605,10,10,46,3401,0,46,0,
2019-07-26,5371,82,41,3456,108605,1,3,48,3415,0,46,0,
2019-07-29,5371,148,94,3509,108605,0,26,74,3456,1,48,0,
2019-07-30,5371,76,76,3509,108605,0,143,217,3509,0,74,0,
2019-07-31,5371,303,145,3659,108605,128,85,174,3509,8,217,0,
2019-08-01,5371,185,116,3728,108605,28,45,191,3659,0,174,0,
2019-08-02,5371,137,97,3768,108605,47,14,158,3728,0,191,0,
2019-08-05,5371,28,96,3700,108605,21,32,169,3768,0,158,0,
2019-08-06,5371,31,46,3685,108605,21,8,156,3700,0,169,0,
2019-08-07,5371,105,58,3732,108605,9,23,170,3685,0,156,0,
2019-08-08,5371,199,44,3885,108605,7,18,181,3732,2,170,0,
2019-08-12,5371,186,92,3979,108605,40,9,150,3885,0,181,0,
2019-08-13,5371,120,57,4042,108605,47,15,118,3979,0,150,0,
2019-08-14,5371,188,29,4191,108605,5,13,126,4042,10,118,0,
2019-08-15,5371,44,27,4208,108605,7,4,123,4191,0,126,0,
2019-08-16,5371,224,40,4392,108605,16,6,113,4208,0,123,0,
2019-08-19,5371,42,60,4374,108605,25,0,88,4392,0,113,0,
2019-08-20,5371,30,78,4326,108605,8,3,83,4374,0,88,0,
2019-08-21,5371,18,37,4307,108605,2,0,81,4326,0,83,0,
2019-08-22,5371,60,23,4343,108605,3,2,80,4307,1,81,0,
2019-08-23,5371,12,53,4287,108605,2,2,80,4343,15,80,0,
2019-08-26,5371,45,98,4234,108605,7,19,92,4287,0,80,0,
2019-08-27,5371,17,20,4228,108605,3,2,91,4234,3,92,0,
2019-08-28,5371,16,24,4220,108605,7,0,84,4228,0,91,0,
2019-08-29,5371,26,7,4239,108605,9,5,80,4220,0,84,0,
2019-08-30,5371,115,71,4283,108605,2,6,84,4239,0,80,0,
2019-09-02,5371,156,107,4332,108605,8,11,87,4283,0,84,0,
2019-09-03,5371,260,162,4430,108605,7,0,80,4332,0,87,0,
2019-09-04,5371,175,34,4570,108605,0,0,80,4430,1,80,0,
2019-09-05,5371,71,171,4470,108605,6,0,74,4570,0,80,0,
2019-09-06,5371,110,98,4482,108605,10,0,64,4470,0,74,0,
2019-09-09,5371,30,180,4332,108605,0,0,64,4482,0,64,0,
2019-09-10,5371,60,142,4250,108605,0,2,66,4332,0,64,0,
2019-09-11,5371,55,29,4276,108605,2,3,67,4250,0,66,0,
2019-09-12,5371,59,77,4258,108605,0,0,67,4276,0,67,0,
2019-09-16,5371,26,80,4204,108605,0,5,72,4258,0,67,0,
2019-09-17,5371,55,54,4205,108605,5,5,72,4204,0,72,0,
2019-09-18,5371,57,35,4223,108605,0,16,88,4205,4,72,0,
2019-09-19,5371,44,33,4234,108605,0,11,99,4223,0,88,0,
2019-09-20,5371,41,21,4254,108605,0,4,103,4234,0,99,0,
2019-09-23,5371,51,33,4272,108605,4,0,99,4254,0,103,0,
2019-09-24,5371,67,27,4312,108605,0,0,99,4272,0,99,0,
2019-09-25,5371,92,26,4378,108605,0,18,117,4312,0,99,0,
2019-09-26,5371,62,22,4416,108605,2,3,118,4378,2,117,0,
2019-09-27,5371,44,74,4386,108605,3,14,129,4416,0,118,0,
2019-10-01,5371,33,12,4395,108605,12,14,131,4386,12,129,0,
2019-10-02,5371,15,17,4393,108605,1,6,136,4395,0,131,0,
2019-10-03,5371,20,78,4335,108605,18,0,118,4393,0,136,0,
2019-10-04,5371,51,16,4360,108605,3,3,118,4335,10,118,0,
2019-10-07,5371,22,22,4360,108605,6,0,112,4360,0,118,0,
2019-10-08,5371,52,95,4312,108605,2,2,112,4360,5,112,0,
2019-10-09,5371,53,74,4291,108605,0,0,112,4312,0,112,0,
2019-10-14,5371,37,37,4291,108605,1,2,113,4291,0,112,0,
2019-10-15,5371,26,53,4263,108605,0,0,113,4291,1,113,0,
2019-10-16,5371,126,34,4353,108605,0,5,118,4263,2,113,0,
2019-10-17,5371,34,8,4379,108605,9,21,130,4353,0,118,0,
2019-10-18,5371,225,13,4591,108605,18,0,112,4379,0,130,0,
2019-10-21,5371,120,55,4656,108605,3,1,110,4591,0,112,0,
2019-10-22,5371,34,63,4627,108605,3,1,108,4656,0,110,0,
2019-10-23,5371,84,103,4608,108605,8,2,102,4627,0,108,0,
2019-10-24,5371,117,114,4611,108605,0,4,106,4608,0,102,0,
2019-10-25,5371,55,137,4529,108605,1,2,107,4611,0,106,0,
2019-10-28,5371,47,49,4527,108605,2,0,105,4529,0,107,0,
2019-10-29,5371,250,95,4680,108605,2,2,105,4527,2,105,0,
2019-10-30,5371,724,336,5065,108605,3,5,107,4680,3,105,0,
2019-10-31,5371,383,492,4956,108605,7,27,127,5065,0,107,0,
2019-11-01,5371,169,49,5075,108605,5,1,123,4956,1,127,0,
2019-11-04,5371,111,206,4980,108605,9,1,115,5075,0,123,0,
2019-11-05,5371,90,76,4994,108605,0,1,116,4980,0,115,0,
2019-11-06,5371,41,83,4952,108605,2,5,119,4994,0,116,0,
2019-11-07,5371,67,121,4836,108605,3,9,125,4952,62,119,0,
2019-11-08,5371,43,64,4815,108605,0,1,126,4836,0,125,0,
2019-11-11,5371,36,58,4793,108605,8,35,153,4815,0,126,0,
2019-11-12,5371,30,33,4790,108605,42,1,112,4793,0,153,0,
2019-11-13,5371,50,58,4782,108605,0,2,114,4790,0,112,0,
2019-11-14,5371,35,86,4731,108605,2,2,113,4782,0,114,1,
2019-11-15,5371,203,97,4837,108605,2,0,111,4731,0,113,0,
2019-11-18,5371,39,107,4769,108605,0,2,113,4837,0,111,0,
2019-11-19,5371,43,69,4743,108605,0,0,113,4769,0,113,0,
2019-11-20,5371,11,63,4691,108605,0,0,113,4743,0,113,0,
2019-11-21,5371,19,39,4671,108605,0,0,113,4691,0,113,0,
2019-11-22,5371,48,75,4644,108605,0,0,113,4671,0,113,0,
2019-11-25,5371,15,9,4650,108605,7,0,106,4644,0,113,0,
2019-11-26,5371,38,66,4620,108605,4,6,108,4650,2,106,0,
2019-11-27,5371,224,84,4756,108605,8,0,100,4620,4,108,0,
2019-11-28,5371,87,66,4777,108605,0,0,100,4756,0,100,0,
2019-11-29,5371,642,325,5094,108605,35,1,66,4777,0,100,0,
2019-12-02,5371,141,205,5030,108605,1,2,67,5094,0,66,0,
2019-12-03,5371,71,61,5039,108605,1,16,82,5030,1,67,0,
2019-12-04,5371,101,42,5096,108605,11,5,76,5039,2,82,0,
2019-12-05,5371,406,149,5345,108605,0,2,78,5096,8,76,0,
2019-12-06,5371,75,124,5294,108605,0,9,87,5345,2,78,0,
2019-12-09,5371,112,84,5322,108605,18,0,69,5294,0,87,0,
2019-12-10,5371,93,147,5265,108605,0,2,71,5322,3,69,0,
2019-12-11,5371,79,122,5219,108605,1,0,70,5265,3,71,0,
2019-12-12,5371,50,51,5218,108605,0,0,70,5219,0,70,0,
2019-12-13,5371,110,164,5164,108605,5,2,67,5218,0,70,0,
2019-12-16,5371,76,24,5216,108605,0,2,69,5164,0,67,0,
2019-12-17,5371,53,194,5071,108605,2,3,70,5216,4,69,0,
2019-12-18,5371,59,111,5019,108605,2,4,72,5071,0,70,0,
2019-12-19,5371,49,62,5006,108605,0,0,72,5019,0,72,0,
2019-12-20,5371,218,61,5163,108605,1,0,71,5006,0,72,0,
2019-12-23,5371,36,82,5117,108605,0,0,71,5163,0,71,0,
2019-12-24,5371,25,82,5060,108605,0,0,71,5117,0,71,0,
2019-12-25,5371,50,43,5067,108605,0,2,73,5060,0,71,0,
2019-12-26,5371,12,51,5028,108605,3,1,71,5067,0,73,0,
2019-12-27,5371,19,85,4962,108605,4,11,78,5028,0,71,0,
2019-12-30,5371,5,24,4943,108605,6,2,74,4962,0,78,0,
2019-12-31,5371,12,56,4898,108605,0,3,77,4943,1,74,0,
2020-01-02,5371,45,78,4865,108605,0,0,77,4898,0,77,0,
2020-01-03,5371,32,55,4842,108605,11,0,66,4865,0,77,0,
2020-01-06,5371,22,67,4797,108605,0,8,74,4842,0,66,0,
2020-01-07,5371,68,77,4788,108605,3,9,80,4797,0,74,0,
2020-01-08,5371,96,164,4718,108605,22,0,58,4788,2,80,0,
2020-01-09,5371,71,33,4756,108605,3,0,55,4718,0,58,0,
2020-01-10,5371,14,2,4766,108605,0,7,61,4756,2,55,1,
2020-01-13,5371,28,53,4741,108605,7,0,54,4766,0,61,0,
2020-01-14,5371,13,49,4705,108605,1,7,60,4741,0,54,0,
2020-01-15,5371,13,51,4665,108605,0,4,64,4705,2,60,0,
2020-01-16,5371,15,80,4599,108605,0,1,65,4665,1,64,0,
2020-01-17,5371,65,73,4589,108605,9,0,56,4599,2,65,0,
2020-01-20,5371,51,131,4507,108605,0,36,92,4589,2,56,0,
2020-01-30,5371,287,461,4327,108605,41,15,66,4507,6,92,0,
2020-01-31,5371,7,114,4215,108605,5,7,68,4327,5,66,0,
2020-02-03,5371,38,79,4174,108605,45,3,26,4215,0,68,0,
2020-02-04,5371,21,17,4178,108605,3,5,28,4174,0,26,0,
2020-02-05,5371,24,62,4140,108605,2,12,38,4178,0,28,0,
2020-02-06,5371,13,29,4124,108605,15,5,28,4140,0,38,0,
2020-02-07,5371,0,15,4109,108605,5,1,24,4124,0,28,0,
2020-02-10,5371,42,54,4097,108605,5,4,23,4109,0,24,0,
2020-02-11,5371,12,26,4073,108605,3,0,20,4097,10,23,0,
2020-02-12,5371,116,118,4051,108605,4,38,54,4073,20,20,0,
2020-02-13,5371,158,56,4144,108605,23,18,49,4051,9,54,0,
2020-02-14,5371,29,33,4140,108605,6,37,80,4144,0,49,0,
2020-02-17,5371,31,42,4127,108605,37,12,55,4140,2,80,0,
2020-02-18,5371,27,112,4042,108605,15,116,156,4127,0,55,0,
2020-02-19,5371,112,90,4064,108605,125,46,77,4042,0,156,0,
2020-02-20,5371,21,6,4079,108605,0,26,103,4064,0,77,0,
2020-02-21,5371,30,43,4066,108605,8,0,95,4079,0,103,0,
2020-02-24,5371,60,54,4072,108605,16,1,80,4066,0,95,0,
2020-02-25,5371,51,38,4085,108605,13,0,67,4072,0,80,0,
2020-02-26,5371,18,87,4013,108605,6,5,66,4085,3,67,0,
2020-02-27,5371,23,120,3915,108605,32,20,54,4013,1,66,0,
2020-03-02,5371,90,48,3957,108605,8,6,52,3915,0,54,0,
2020-03-03,5371,39,100,3896,108605,1,6,57,3957,0,52,0,
2020-03-04,5371,20,64,3852,108605,2,4,59,3896,0,57,0,
2020-03-05,5371,53,86,3818,108605,1,5,63,3852,1,59,0,
2020-03-06,5371,79,80,3817,108605,4,9,68,3818,0,63,0,
2020-03-09,5371,68,134,3750,108605,9,17,76,3817,1,68,0,
2020-03-10,5371,90,115,3725,108605,38,5,43,3750,0,76,0,
2020-03-11,5371,21,68,3677,108605,3,36,76,3725,1,43,0,
2020-03-12,5371,146,348,3392,108605,19,23,80,3677,83,76,0,
2020-03-13,5371,172,1022,2521,108605,23,19,76,3392,21,80,0,
2020-03-16,5371,21,262,2273,108605,3,3,76,2521,7,76,0,
2020-03-17,5371,60,157,2161,108605,1,2,77,2273,15,76,0,
2020-03-18,5371,7,65,2099,108605,7,11,81,2161,4,77,0,
2020-03-19,5371,94,314,1864,108605,12,14,82,2099,15,81,1,
2020-03-20,5371,37,61,1831,108605,16,14,80,1864,9,82,0,
2020-03-23,5371,35,20,1846,108605,7,1,74,1831,0,80,0,
2020-03-24,5371,76,22,1900,108605,1,2,75,1846,0,74,0,
2020-03-25,5371,118,53,1965,108605,6,2,71,1900,0,75,0,
2020-03-26,5371,49,15,1998,108605,1,0,70,1965,1,71,0,
2020-03-27,5371,37,33,2000,108605,3,10,77,1998,2,70,0,
2020-03-30,5371,5,30,1965,108605,13,20,84,2000,10,77,0,
2020-03-31,5371,24,2,1982,108605,2,0,82,1965,5,84,0,
2020-04-01,5371,131,22,2088,108605,46,0,36,1982,3,82,0,X
2020-04-06,5371,154,9,2214,108605,35,0,1,2088,19,36,0,X
2020-04-07,5371,108,58,2264,108605,0,0,0,2214,0,1,1,X
2020-04-08,5371,64,56,2262,108605,0,0,0,2264,10,0,0,X
2020-04-09,5371,36,356,1941,108605,0,0,0,2262,1,0,0,
2020-04-10,5371,44,89,1896,108605,0,42,42,1941,0,0,0,
2020-04-13,5371,174,19,2051,108605,4,41,79,1896,0,42,0,
2020-04-14,5371,138,190,1999,108605,21,5,63,2051,0,79,0,
2020-04-15,5371,98,65,2032,108605,20,19,62,1999,0,63,0,
2020-04-16,5371,86,69,2049,108605,5,17,74,2032,0,62,0,
2020-04-17,5371,42,91,2000,108605,4,0,70,2049,0,74,0,
2020-04-20,5371,7,33,1974,108605,0,1,71,2000,0,70,0,
2020-04-21,5371,65,44,1995,108605,30,3,44,1974,0,71,0,
2020-04-22,5371,34,79,1950,108605,3,9,50,1995,0,44,0,
2020-04-23,5371,56,31,1975,108605,9,0,41,1950,0,50,0,
2020-04-24,5371,114,68,2021,108605,1,8,48,1975,0,41,0,
2020-04-27,5371,107,72,2055,108605,0,13,61,2021,1,48,0,
2020-04-28,5371,305,154,2206,108605,0,4,65,2055,0,61,0,
2020-04-29,5371,171,81,2296,108605,9,40,96,2206,0,65,0,
2020-04-30,5371,122,61,2352,108605,13,4,87,2296,5,96,0,
2020-05-04,5371,71,43,2380,108605,6,0,81,2352,0,87,0,
2020-05-05,5371,40,23,2390,108605,1,20,100,2380,7,81,0,
2020-05-06,5371,52,11,2431,108605,3,4,101,2390,0,100,0,
2020-05-07,5371,118,65,2484,108605,4,10,107,2431,0,101,0,
2020-05-08,5371,58,51,2490,108605,6,1,102,2484,1,107,0,
2020-05-11,5371,151,125,2509,108605,5,0,97,2490,7,102,0,
2020-05-12,5371,56,148,2416,108605,11,21,107,2509,1,97,0,
2020-05-13,5371,10,23,2401,108605,31,13,89,2416,2,107,0,
2020-05-14,5371,34,30,2405,108605,1,26,114,2401,0,89,0,
2020-05-15,5371,31,130,2306,108605,9,49,154,2405,0,114,0,
2020-05-18,5371,16,27,2295,108605,11,15,158,2306,0,154,0,
2020-05-19,5371,32,29,2298,108605,10,8,156,2295,0,158,0,
2020-05-20,5371,12,26,2284,108605,4,3,153,2298,0,156,2,
2020-05-21,5371,90,20,2354,108605,30,5,128,2284,0,153,0,
2020-05-22,5371,25,15,2364,108605,2,6,132,2354,0,128,0,
2020-05-25,5371,9,22,2349,108605,2,2,131,2364,2,132,1,
2020-05-26,5371,33,19,2363,108605,12,2,121,2349,0,131,0,
2020-05-27,5371,21,13,2371,108605,14,0,107,2363,0,121,0,
2020-05-28,5371,53,31,2393,108605,7,1,101,2371,0,107,0,
2020-05-29,5371,43,24,2412,108605,4,3,100,2393,0,101,0,
2020-06-01,5371,59,14,2457,108605,7,1,94,2412,0,100,0,
2020-06-02,5371,118,22,2553,108605,0,2,96,2457,0,94,0,
2020-06-03,5371,82,27,2605,108605,25,0,71,2553,3,96,0,
2020-06-04,5371,56,199,2460,108605,5,0,65,2605,2,71,1,
2020-06-05,5371,48,76,2431,108605,0,0,65,2460,1,65,0,
2020-06-08,5371,277,133,2575,108605,6,1,60,2431,0,65,0,
2020-06-09,5371,62,66,2571,108605,0,0,60,2575,0,60,0,
2020-06-10,5371,52,87,2536,108605,0,0,60,2571,0,60,0,
2020-06-11,5371,37,115,2458,108605,0,0,60,2536,0,60,0,
2020-06-12,5371,38,20,2476,108605,2,0,58,2458,0,60,0,
2020-06-15,5371,37,26,2487,108605,0,0,58,2476,0,58,0,
2020-06-16,5371,40,2,2525,108605,0,0,58,2487,0,58,0,
2020-06-17,5371,9,11,2523,108605,0,0,58,2525,0,58,0,
2020-06-18,5371,10,23,2506,108605,0,0,58,2523,4,58,0,
2020-06-19,5371,61,51,2516,108605,2,0,56,2506,0,58,0,
2020-06-22,5371,24,17,2517,108605,0,0,56,2516,6,56,0,
2020-06-23,5371,6,38,2485,108605,0,0,56,2517,0,56,0,
2020-06-24,5371,16,22,2479,108605,0,0,56,2485,0,56,0,
2020-06-29,5371,8,20,2461,108605,5,0,51,2479,6,56,0,
2020-06-30,5371,66,6,2521,108605,2,0,49,2461,0,51,0,
2020-07-01,5371,177,30,2668,108605,4,2,47,2521,0,49,0,
2020-07-02,5371,275,118,2824,108605,7,0,39,2668,1,47,1,
2020-07-03,5371,758,242,3340,108605,10,0,29,2824,0,39,0,
2020-07-06,5371,618,557,3397,108605,2,0,27,3340,4,29,0,
2020-07-07,5371,175,199,3371,108605,0,2,29,3397,2,27,0,
2020-07-08,5371,225,26,3562,108605,0,0,29,3371,8,29,0,
2020-07-09,5371,161,49,3674,108605,22,0,7,3562,0,29,0,X
2020-07-10,5371,354,141,3887,108605,7,0,0,3674,0,7,0,X
2020-07-13,5371,407,926,3367,108605,0,0,0,3887,1,0,0,X
2020-07-14,5371,132,170,3328,108605,0,0,0,3367,1,0,0,X
2020-07-15,5371,579,79,3645,108605,0,0,0,3328,183,0,0,
2020-07-16,5371,21,18,3647,108605,0,2,2,3645,1,0,0,
2020-07-17,5371,79,70,3653,108605,0,5,7,3647,3,2,0,
2020-07-20,5371,51,12,3691,108605,5,0,2,3653,1,7,0,
2020-07-21,5371,43,13,3721,108605,0,1,3,3691,0,2,0,
2020-07-22,5371,23,19,3725,108605,0,1,4,3721,0,3,0,
2020-07-23,5371,463,108,4080,108605,0,2,6,3725,0,4,0,
2020-07-24,5371,8,36,4052,108605,0,7,13,4080,0,6,0,
2020-07-27,5371,10,44,4018,108605,0,1,14,4052,0,13,0,
2020-07-28,5371,129,2,4145,108605,4,4,14,4018,0,14,0,
2020-07-29,5371,1221,356,5010,108605,4,66,76,4145,0,14,0,
2020-07-30,5371,421,1107,4324,108605,43,5,38,5010,0,76,0,
2020-07-31,5371,1016,482,4858,108605,8,8,38,4324,0,38,0,
2020-08-03,5371,190,318,4730,108605,6,1,33,4858,0,38,0,
2020-08-04,5371,160,210,4679,108605,3,23,53,4730,1,33,0,
2020-08-05,5371,202,340,4541,108605,10,5,48,4679,0,53,0,
2020-08-06,5371,375,420,4495,108605,0,0,48,4541,1,48,0,
2020-08-07,5371,66,136,4424,108605,1,2,49,4495,1,48,0,
2020-08-10,5371,75,133,4366,108605,0,2,51,4424,0,49,0,
2020-08-11,5371,126,298,4192,108605,1,0,50,4366,2,51,0,
2020-08-12,5371,69,78,4183,108605,3,2,49,4192,0,50,0,
2020-08-13,5371,154,142,4195,108605,4,2,47,4183,0,49,0,
2020-08-14,5371,791,304,4672,108605,10,1,38,4195,10,47,0,
2020-08-17,5371,419,1243,3848,108605,2,34,70,4672,0,38,0,
2020-08-18,5371,199,613,3435,108605,1,0,61,3849,0,70,8,
2020-08-19,5371,309,49,3695,108605,10,0,51,3435,0,61,0,
2020-08-20,5371,121,362,3454,108605,15,2,38,3695,0,51,0,
2020-08-21,5371,125,73,3506,108605,3,9,44,3454,0,38,0,
2020-08-24,5371,57,64,3494,108605,3,0,41,3506,5,44,0,
2020-08-25,5371,794,445,3842,108605,3,4,42,3494,1,41,0,
2020-08-26,5371,755,816,3781,108605,1,32,73,3842,0,42,0,
2020-08-27,5371,530,398,3913,108605,30,1,44,3781,0,73,0,
2020-08-28,5371,370,540,3743,108605,2,31,73,3913,0,44,0,
2020-08-31,5371,210,356,3595,108605,5,1,69,3743,2,73,0,
2020-09-01,5371,93,154,3534,108605,30,2,41,3595,0,69,0,
2020-09-02,5371,208,69,3663,108605,2,0,17,3534,10,41,22,
2020-09-03,5371,865,795,3733,108605,2,38,53,3663,0,17,0,
2020-09-04,5371,202,215,3720,108605,16,3,40,3733,0,53,0,
2020-09-07,5371,155,318,3542,108605,2,1,39,3720,15,40,0,
2020-09-08,5371,28,318,3248,108605,13,0,26,3542,4,39,0,
2020-09-09,5371,67,124,3191,108605,13,1,14,3248,0,26,0,
2020-09-10,5371,27,97,3120,108605,1,3,16,3191,1,14,0,
2020-09-11,5371,86,196,3000,108605,4,4,16,3120,10,16,0,
2020-09-14,5371,30,68,2960,108605,0,10,26,3000,2,16,0,
2020-09-15,5371,43,53,2950,108605,3,0,23,2960,0,26,0,
2020-09-16,5371,40,65,2925,108605,2,0,21,2950,0,23,0,
2020-09-17,5371,32,37,2920,108605,0,1,22,2925,0,21,0,
2020-09-18,5371,125,41,3003,108605,0,1,23,2920,1,22,0,
2020-09-21,5371,43,217,2829,108605,2,2,23,3003,0,23,0,
2020-09-22,5371,32,56,2805,108605,11,3,15,2829,0,23,0,
2020-09-23,5371,28,65,2768,108605,4,1,12,2805,0,15,0,
2020-09-24,5371,44,61,2748,108605,4,5,13,2768,3,12,0,
2020-09-25,5371,104,120,2732,108605,0,1,14,2748,0,13,0,
2020-09-28,5371,73,42,2762,108605,3,0,11,2732,1,14,0,
2020-09-29,5371,29,17,2774,108605,1,0,10,2762,0,11,0,
2020-09-30,5371,9,20,2761,108605,0,0,10,2774,2,10,0,
2020-10-05,5371,12,26,2747,108605,0,1,11,2761,0,10,0,
2020-10-06,5371,55,66,2736,108605,0,0,11,2747,0,11,0,
2020-10-07,5371,15,24,2727,108605,0,1,12,2736,0,11,0,
2020-10-08,5371,45,34,2734,108605,0,1,13,2727,4,12,0,
2020-10-12,5371,15,44,2704,108605,0,0,13,2734,1,13,0,
2020-10-13,5371,161,62,2803,108605,1,5,17,2704,0,13,0,
2020-10-14,5371,92,86,2809,108605,0,4,21,2803,0,17,0,
2020-10-15,5371,8,69,2748,108605,9,0,12,2809,0,21,0,
2020-10-16,5371,23,26,2745,108605,0,2,14,2748,0,12,0,
2020-10-19,5371,75,110,2709,108605,0,0,14,2745,1,14,0,
2020-10-20,5371,11,42,2678,108605,2,1,13,2709,0,14,0,
2020-10-21,5371,50,33,2695,108605,1,0,12,2678,0,13,0,
2020-10-22,5371,56,66,2669,108605,0,0,7,2695,16,12,5,
2020-10-23,5371,73,37,2705,108605,0,0,7,2669,0,7,0,
2020-10-26,5371,150,160,2693,108605,0,1,8,2705,2,7,0,
2020-10-27,5371,830,230,3293,108605,2,2,8,2693,0,8,0,
2020-10-28,5371,144,367,3070,108605,2,13,19,3293,0,8,0,
2020-10-29,5371,102,133,3039,108605,7,0,12,3070,0,19,0,
2020-10-30,5371,74,150,2963,108605,5,0,7,3039,0,12,0,
2020-11-02,5371,122,127,2956,108605,0,1,8,2963,2,7,0,
2020-11-03,5371,166,60,3062,108605,0,5,13,2956,0,8,0,
2020-11-04,5371,33,95,2999,108605,0,0,13,3062,1,13,0,
2020-11-05,5371,82,104,2977,108605,0,3,16,2999,0,13,0,
2020-11-06,5371,25,64,2937,108605,0,0,16,2977,1,16,0,
2020-11-09,5371,212,120,3029,108605,0,0,16,2937,0,16,0,
2020-11-10,5371,73,146,2956,108605,0,0,16,3029,0,16,0,
2020-11-11,5371,81,39,2998,108605,0,0,16,2956,0,16,0,
2020-11-12,5371,88,93,2993,108605,0,1,17,2998,0,16,0,
2020-11-13,5371,86,71,3001,108605,2,0,15,2993,7,17,0,
2020-11-16,5371,145,102,3044,108605,0,0,15,3001,0,15,0,
2020-11-17,5371,107,53,3098,108605,0,0,15,3044,0,15,0,
2020-11-18,5371,15,16,3097,108605,0,0,15,3098,0,15,0,
2020-11-19,5371,138,19,3214,108605,0,8,23,3097,2,15,0,
2020-11-20,5371,65,64,3213,108605,4,3,22,3214,2,23,0,
2020-11-23,5371,157,126,3236,108605,9,1,14,3213,8,22,0,
2020-11-24,5371,116,64,3288,108605,1,0,13,3236,0,14,0,
2020-11-25,5371,242,186,3344,108605,0,0,13,3288,0,13,0,
2020-11-26,5371,197,8,3532,108605,0,0,13,3344,1,13,0,
2020-11-27,5371,440,387,3581,108605,0,0,13,3532,4,13,0,
2020-11-30,5371,205,132,3654,108605,0,0,13,3581,0,13,0,
2020-12-01,5371,143,97,3699,108605,0,0,13,3654,1,13,0,
2020-12-02,5371,449,174,3972,108605,0,1,14,3699,2,13,0,
2020-12-03,5371,117,204,3882,108605,0,0,14,3972,3,14,0,
2020-12-04,5371,359,259,3982,108605,0,18,32,3882,0,14,0,
2020-12-07,5371,565,469,4077,108605,5,0,27,3981,0,32,0,
2020-12-08,5371,123,224,3978,108605,14,2,15,4079,0,27,0,
2020-12-09,5371,135,87,4026,108605,0,0,15,3978,0,15,0,
2020-12-10,5371,191,285,3932,108605,4,1,12,4026,0,15,0,
2020-12-11,5371,22,119,3835,108605,1,0,11,3932,0,12,0,
2020-12-14,5371,55,36,3854,108605,0,0,11,3835,0,11,0,
2020-12-15,5371,264,157,3961,108605,0,1,12,3854,0,11,0,
2020-12-16,5371,36,208,3784,108605,0,0,12,3961,5,12,0,
2020-12-17,5371,23,45,3762,108605,0,0,11,3784,0,12,1,
2020-12-18,5371,23,43,3742,108605,0,0,11,3762,0,11,0,
2020-12-21,5371,70,382,3420,108605,2,0,9,3742,10,11,0,
2020-12-22,5371,65,50,3435,108605,0,0,9,3420,0,9,0,
2020-12-23,5371,3,22,3416,108605,0,0,9,3435,0,9,0,
2020-12-24,5371,20,69,3367,108605,0,0,9,3416,0,9,0,
2020-12-25,5371,218,48,3537,108605,0,0,9,3367,0,9,0,
2020-12-28,5371,1358,173,4720,108605,0,3,12,3537,2,9,0,
2020-12-29,5371,2945,1578,6087,108605,0,18,30,4720,0,12,0,
2020-12-30,5371,2282,1985,6384,108605,0,14,43,6087,0,30,1,
2020-12-31,5371,1244,2222,5403,108605,5,0,36,6384,3,43,2,
2021-01-04,5371,412,628,5187,108605,1,0,35,5403,0,36,0,
2021-01-05,5371,315,1017,4485,108605,10,1,26,5187,0,35,0,
2021-01-06,5371,369,322,4529,108605,4,0,21,4485,3,26,1,
2021-01-07,5371,562,241,4849,108605,1,5,25,4529,1,21,0,
2021-01-08,5371,153,505,4497,108605,4,0,21,4849,0,25,0,
2021-01-11,5371,356,155,4693,108605,0,1,22,4497,5,21,0,
2021-01-12,5371,98,427,4364,108605,8,10,24,4693,0,22,0,
2021-01-13,5371,145,149,4340,108605,2,0,22,4364,20,24,0,
2021-01-14,5371,160,306,4184,108605,0,2,24,4340,10,22,0,
2021-01-15,5371,196,310,4070,108605,12,0,12,4184,0,24,0,
2021-01-18,5371,95,340,3814,108605,1,1,12,4070,11,12,0,
2021-01-19,5371,75,147,3742,108605,0,0,12,3814,0,12,0,
2021-01-20,5371,1316,418,4640,108605,0,4,16,3742,0,12,0,
2021-01-21,5371,1552,1408,4784,108605,1,24,39,4640,0,16,0,
2021-01-22,5371,286,362,4708,108605,9,2,32,4784,0,39,0,
2021-01-25,5371,213,375,4545,108605,15,6,22,4708,1,32,1,
2021-01-26,5371,235,422,4358,108605,6,5,21,4545,0,22,0,
2021-01-27,5371,236,274,4320,108605,0,0,21,4358,0,21,0,
2021-01-28,5371,181,337,4164,108605,2,4,23,4320,0,21,0,
2021-01-29,5371,64,437,3791,108605,7,0,16,4164,0,23,0,
2021-02-01,5371,1137,170,4756,108605,0,13,29,3791,2,16,0,
2021-02-02,5371,564,354,4966,108605,0,12,41,4756,0,29,0,
2021-02-03,5371,1734,926,5774,108605,1,32,72,4966,0,41,0,
2021-02-04,5371,817,936,5655,108605,1,24,95,5774,0,72,0,
2021-02-05,5371,972,787,5825,108605,11,15,95,5655,15,95,4,
2021-02-17,5371,2314,2562,5577,108605,5,149,236,5825,0,92,0,
2021-02-18,5371,2169,1658,6088,108605,53,204,381,5577,0,236,6,
2021-02-19,5371,1416,1485,6019,108605,122,11,268,6088,0,381,2,
2021-02-22,5371,2950,2171,6798,108605,27,101,333,6019,0,268,9,
2021-02-23,5371,1109,2462,5445,108605,27,20,318,6798,0,333,8,
2021-02-24,5371,1726,750,6421,108605,196,28,147,5445,0,318,3,
2021-02-25,5371,598,558,6461,108605,16,18,149,6421,0,147,0,
2021-02-26,5371,175,687,5949,108605,8,39,175,6461,0,149,5,
2021-03-02,5371,393,1041,5301,108605,22,35,188,5949,0,175,0,
2021-03-03,5371,278,487,5092,108605,11,24,201,5301,0,188,0,
2021-03-04,5371,264,405,4951,108605,17,131,315,5092,0,201,0,
2021-03-05,5371,155,133,4973,108605,17,42,340,4951,0,315,0,
2021-03-08,5371,119,363,4729,108605,24,8,324,4973,0,340,0,
2021-03-09,5371,118,223,4624,108605,45,2,273,4729,0,324,8,
2021-03-10,5371,273,190,4707,108605,9,4,268,4624,0,273,0,
2021-03-11,5371,434,301,4840,108605,6,10,272,4707,0,268,0,
2021-03-12,5371,189,175,4854,108605,1,13,284,4840,0,272,0,
2021-03-15,5371,482,312,5024,108605,2,1,283,4854,0,284,0,
2021-03-16,5371,1632,567,6089,108605,6,32,309,5024,0,283,0,
2021-03-17,5371,1879,2319,5649,108605,17,13,305,6089,0,309,0,
2021-03-18,5371,571,950,5270,108605,31,8,282,5649,0,305,0,
2021-03-19,5371,341,558,5053,108605,3,10,289,5270,0,282,0,
2021-03-22,5371,276,392,4936,97745,22,0,267,5053,1,289,0,
2021-03-23,5371,373,397,4912,97745,10,1,258,4936,0,267,0,
2021-03-24,5371,130,583,4457,97745,20,1,239,4912,2,258,0,
2021-03-25,5371,338,787,4007,97745,30,1,210,4457,1,239,0,
2021-03-26,5371,164,645,3526,97745,7,0,203,4007,0,210,0,
2021-03-29,5371,419,479,3465,97745,3,3,202,3526,1,203,1,
2021-03-30,5371,312,412,3365,97745,5,1,198,3465,0,202,0,X
2021-03-31,5371,161,436,3073,97745,194,0,0,3365,17,198,4,X
2021-04-01,5371,174,263,2982,97745,0,0,0,3073,2,0,0,X
2021-04-06,5371,419,424,2972,97745,0,0,0,2982,5,0,0,X
2021-04-07,5371,353,246,3079,97745,0,0,0,2972,0,0,0,
2021-04-08,5371,451,301,3226,97745,0,69,69,3079,3,0,0,
2021-04-09,5371,264,334,3156,97745,2,18,85,3226,0,69,0,
2021-04-12,5371,115,213,3058,97745,11,4,78,3156,0,85,0,
2021-04-13,5371,326,426,2958,97745,67,62,73,3058,0,78,0,
2021-04-14,5371,187,413,2732,97745,5,37,105,2958,0,73,0,
2021-04-15,5371,76,111,2697,97745,5,22,122,2732,0,105,0,
2021-04-16,5371,300,91,2906,97745,2,5,125,2697,0,122,0,
2021-04-19,5371,486,376,3016,97745,2,20,143,2906,0,125,0,
2021-04-20,5371,389,186,3216,97745,2,1,142,3016,3,143,0,
2021-04-21,5371,89,240,3065,97745,2,0,140,3216,0,142,0,
2021-04-22,5371,350,581,2832,97745,18,9,129,3065,2,140,2,
2021-04-23,5371,176,183,2825,97745,1,4,132,2832,0,129,0,
2021-04-26,5371,162,134,2853,97745,0,1,133,2825,0,132,0,
2021-04-27,5371,260,346,2767,97745,9,30,154,2853,0,133,0,
2021-04-28,5371,134,501,2400,97745,1,9,162,2767,0,154,0,
2021-04-29,5371,124,156,2367,97745,2,1,161,2400,1,162,0,
2021-05-03,5371,94,232,2229,97745,1,0,160,2367,0,161,0,
2021-05-04,5371,186,187,2227,97745,27,22,155,2229,1,160,0,
2021-05-05,5371,27,59,2195,97745,2,7,160,2227,0,155,0,
2021-05-06,5371,7,89,2113,97745,5,5,160,2195,0,160,0,
2021-05-07,5371,63,95,2081,97745,11,38,187,2113,0,160,0,
2021-05-10,5371,25,70,2036,97745,10,14,191,2081,0,187,0,
2021-05-11,5371,102,269,1869,97745,5,33,219,2036,0,191,0,
2021-05-12,5371,83,266,1686,97745,15,16,220,1869,0,219,0,
2021-05-13,5371,57,71,1662,97745,8,2,214,1686,10,220,0,
2021-05-14,5371,30,122,1570,97745,0,12,226,1662,0,214,0,
2021-05-17,5371,121,103,1585,97745,37,19,208,1570,3,226,0,
2021-05-18,5371,60,141,1504,97745,19,22,211,1585,0,208,0,
2021-05-19,5371,39,20,1523,97745,86,3,128,1504,0,211,0,
2021-05-20,5371,9,34,1498,97745,30,1,99,1523,0,128,0,
2021-05-21,5371,20,36,1482,97745,6,0,93,1498,0,99,0,
2021-05-24,5371,13,26,1469,97745,48,0,45,1482,0,93,0,
2021-05-25,5371,123,270,1322,97745,0,12,57,1469,0,45,0,
2021-05-26,5371,76,29,1369,97745,10,0,47,1322,0,57,0,
2021-05-27,5371,33,62,1340,97745,0,0,47,1369,0,47,0,
2021-05-28,5371,103,28,1415,97745,0,0,47,1340,0,47,0,
2021-05-31,5371,43,20,1437,97745,0,0,47,1415,1,47,0,
2021-06-01,5371,26,60,1403,97745,1,0,46,1437,0,47,0,
2021-06-02,5371,10,73,1340,97745,0,0,46,1403,0,46,0,
2021-06-03,5371,109,103,1346,97745,0,21,67,1340,0,46,0,
2021-06-04,5371,400,283,1461,97745,25,5,47,1346,2,67,0,
2021-06-07,5371,336,200,1597,97745,0,3,50,1461,0,47,0,
2021-06-08,5371,560,367,1790,97745,0,3,53,1597,0,50,0,
2021-06-09,5371,229,204,1815,97745,0,3,56,1790,0,53,0,
2021-06-10,5371,260,324,1751,97745,1,27,82,1815,0,56,0,
2021-06-11,5371,278,237,1792,97745,25,2,59,1751,0,82,0,
2021-06-15,5371,114,159,1747,97745,3,1,55,1792,0,59,2,
2021-06-16,5371,62,166,1643,97745,6,0,49,1747,0,55,0,
2021-06-17,5371,80,76,1647,97745,0,0,49,1643,0,49,0,
2021-06-18,5371,119,118,1648,97745,0,0,49,1647,0,49,0,
2021-06-21,5371,71,124,1595,97745,6,4,47,1648,0,49,0,
2021-06-22,5371,75,70,1600,97745,3,0,44,1595,0,47,0,
2021-06-23,5371,20,58,1562,97745,2,0,42,1600,0,44,0,
2021-06-24,5371,39,49,1552,97745,1,0,41,1562,0,42,0,
2021-06-25,5371,48,43,1557,97745,0,0,41,1552,0,41,0,
2021-06-28,5371,109,111,1555,97745,3,0,38,1557,0,41,0,
2021-06-29,5371,69,36,1588,97745,0,0,38,1555,0,38,0,
2021-06-30,5371,75,141,1522,97745,0,0,38,1588,0,38,0,
2021-07-01,5371,54,61,1515,97745,3,0,35,1522,0,38,0,
2021-07-02,5371,13,38,1489,97745,0,2,37,1515,1,35,0,
2021-07-05,5371,38,81,1446,97745,0,0,37,1489,0,37,0,
2021-07-06,5371,20,18,1448,97745,0,0,37,1446,0,37,0,
2021-07-07,5371,36,43,1441,97745,0,0,37,1448,0,37,0,
2021-07-08,5371,17,41,1417,97745,0,0,37,1441,0,37,0,
2021-07-09,5371,25,39,1403,97745,0,2,39,1417,0,37,0,
2021-07-12,5371,146,31,1518,97745,2,1,38,1403,0,39,0,
2021-07-13,5371,110,72,1556,97745,1,0,37,1518,0,38,0,
2021-07-14,5371,40,94,1500,97745,0,0,37,1556,2,37,0,
2021-07-15,5371,29,61,1468,97745,0,0,37,1500,0,37,0,
2021-07-16,5371,105,93,1480,97745,0,6,43,1468,0,37,0,
2021-07-19,5371,152,84,1548,97745,7,0,36,1480,0,43,0,
2021-07-20,5371,13,69,1492,97745,30,0,6,1548,0,36,0,
2021-07-21,5371,65,36,1521,97745,1,1,6,1492,0,6,0,
2021-07-22,5371,51,86,1486,97745,3,2,5,1521,0,6,0,
2021-07-23,5371,79,62,1500,97745,3,0,2,1483,0,5,0,X
2021-07-26,5371,73,46,1526,97745,0,0,0,1500,1,2,2,X
2021-07-27,5371,281,77,1730,97745,0,0,0,1526,0,0,0,X
2021-07-28,5371,92,148,1674,97745,0,0,0,1730,0,0,0,X
2021-07-29,5371,83,52,1703,97745,0,0,0,1674,2,0,0,
2021-07-30,5371,158,135,1726,97745,0,12,12,1703,0,0,0,
2021-08-02,5371,36,32,1730,97745,7,6,11,1726,0,12,0,
2021-08-03,5371,11,24,1717,97745,0,1,12,1730,0,11,0,
2021-08-04,5371,35,65,1687,97745,0,1,13,1717,0,12,0,
2021-08-05,5371,58,13,1732,97745,1,1,13,1687,0,13,0,
2021-08-06,5371,5,21,1715,97745,0,0,13,1732,1,13,0,
2021-08-09,5371,37,28,1724,97745,2,0,11,1715,0,13,0,
2021-08-10,5371,15,18,1720,97745,5,0,6,1724,1,11,0,
2021-08-11,5371,5,91,1634,97745,0,14,20,1720,0,6,0,
2021-08-12,5371,33,4,1663,97745,1,3,22,1634,0,20,0,
2021-08-13,5371,2,30,1635,97745,0,8,30,1663,0,22,0,
2021-08-16,5371,1,25,1611,97745,1,6,35,1635,0,30,0,
2021-08-17,5371,28,48,1591,97745,2,9,42,1611,0,35,0,
2021-08-18,5371,48,33,1606,97745,9,2,35,1591,0,42,0,
2021-08-19,5371,10,37,1579,97745,1,29,63,1606,0,35,0,
2021-08-20,5371,29,119,1489,97745,2,28,89,1579,0,63,0,
2021-08-23,5371,2,11,1480,97745,11,6,84,1489,0,89,0,
2021-08-24,5371,7,24,1463,97745,2,0,82,1480,0,84,0,
2021-08-25,5371,13,20,1456,97745,3,8,87,1463,0,82,0,
2021-08-26,5371,11,32,1434,97745,0,12,99,1456,1,87,0,
2021-08-27,5371,22,5,1450,97745,12,0,87,1434,1,99,0,
2021-08-30,5371,2,3,1449,97745,0,0,87,1450,0,87,0,
2021-08-31,5371,5,8,1446,97745,2,54,139,1449,0,87,0,
2021-09-01,5371,22,4,1464,97745,57,0,82,1446,0,139,0,
2021-09-02,5371,3,21,1446,97745,0,2,84,1464,0,82,0,
2021-09-03,5371,31,64,1413,97745,7,1,78,1446,0,84,0,
2021-09-06,5371,4,10,1407,97745,0,0,78,1413,0,78,0,
2021-09-07,5371,9,6,1410,97745,0,2,80,1407,0,78,0,
2021-09-08,5371,6,62,1352,97745,4,0,76,1410,2,80,0,
2021-09-09,5371,20,18,1354,97745,1,23,98,1352,0,76,0,
2021-09-10,5371,23,18,1359,97745,7,3,94,1354,0,98,0,
2021-09-13,5371,6,41,1323,97745,2,1,93,1359,1,94,0,
2021-09-14,5371,6,45,1276,97745,18,0,75,1323,8,93,0,
2021-09-15,5371,1,3,1274,97745,28,0,47,1276,0,75,0,
2021-09-16,5371,12,4,1282,97745,1,0,46,1274,0,47,0,
2021-09-17,5371,12,7,1286,97745,0,0,46,1282,1,46,0,
2021-09-22,5371,5,32,1259,97745,1,2,47,1286,0,46,0,
2021-09-23,5371,22,7,1274,97745,0,0,47,1259,0,47,0,
2021-09-24,5371,9,22,1261,97745,0,4,51,1274,0,47,0,
2021-09-27,5371,10,12,1259,97745,0,2,53,1261,0,51,0,
2021-09-28,5371,3,10,1252,97745,0,0,53,1259,0,53,0,
2021-09-29,5371,11,19,1243,97745,1,0,52,1252,1,53,0,
2021-09-30,5371,6,9,1240,97745,0,0,52,1243,0,52,0,
2021-10-01,5371,11,2,1249,97745,2,4,54,1240,0,52,0,
2021-10-04,5371,3,1,1251,97745,5,2,51,1249,0,54,0,
2021-10-05,5371,2,6,1246,97745,0,0,51,1251,1,51,0,
2021-10-06,5371,0,1,1245,97745,0,0,51,1246,0,51,0,
2021-10-07,5371,3,12,1234,97745,10,0,41,1245,2,51,0,
2021-10-08,5371,1,14,1221,97745,15,2,28,1234,0,41,0,
2021-10-12,5371,0,2,1219,97745,0,1,29,1221,0,28,0,
2021-10-13,5371,13,5,1227,97745,2,0,27,1219,0,29,0,
2021-10-14,5371,11,8,1230,97745,0,0,27,1227,0,27,0,
2021-10-15,5371,3,4,1229,97745,0,2,29,1230,0,27,0,
2021-10-18,5371,3,2,1230,97745,4,0,25,1229,0,29,0,
2021-10-19,5371,2,5,1227,97745,4,0,21,1230,0,25,0,
2021-10-20,5371,40,26,1233,97745,0,0,21,1227,8,21,0,
2021-10-21,5371,1654,44,2843,97745,2,0,18,1233,0,21,1,
2021-10-22,5371,1910,1411,3342,97745,2,23,39,2843,0,18,0,
2021-10-25,5371,570,775,3137,97745,19,4,24,3342,0,39,0,
2021-10-26,5371,689,573,3253,97745,5,5,24,3137,0,24,0,
2021-10-27,5371,471,132,3592,97745,3,4,25,3253,0,24,0,
2021-10-28,5371,112,221,3483,97745,3,6,28,3592,0,25,0,
2021-10-29,5371,481,621,3342,97745,4,9,33,3483,1,28,0,
2021-11-01,5371,3700,1125,5917,97745,17,31,47,3342,0,33,0,
2021-11-02,5371,2015,2217,5715,97745,19,42,70,5917,0,47,0,
2021-11-03,5371,1964,1807,5872,97745,27,63,106,5715,0,70,0,
2021-11-04,5371,940,1080,5731,97745,40,17,79,5872,1,106,4,
2021-11-05,5371,575,702,5604,97745,17,29,91,5731,0,79,0,
2021-11-08,5371,1334,1391,5547,97745,1,11,101,5604,0,91,0,
2021-11-09,5371,781,1228,5100,97745,40,3,64,5547,0,101,0,
2021-11-10,5371,1429,1387,5141,97745,6,195,252,5100,1,64,1,
2021-11-11,5371,2543,2494,5190,97745,161,29,120,5141,0,252,0,
2021-11-12,5371,4094,1830,7454,97745,36,303,387,5190,0,120,0,
2021-11-15,5371,1472,2001,6925,97745,51,520,855,7454,0,387,1,
2021-11-16,5371,3674,2206,8393,97745,506,60,399,6925,0,855,10,
2021-11-17,5371,2365,2182,8576,97745,53,128,470,8393,0,399,4,
2021-11-18,5371,1197,1094,8679,97745,58,104,516,8576,0,470,0,
2021-11-19,5371,866,1697,7844,97745,20,70,560,8679,4,516,6,
2021-11-22,5371,821,637,8028,97745,137,10,433,7844,0,560,0,
2021-11-23,5371,918,2235,6711,97745,112,47,368,8028,0,433,0,
2021-11-24,5371,303,315,6698,97745,28,24,364,6711,1,368,0,
2021-11-25,5371,491,450,6739,97745,24,13,353,6698,0,364,0,
2021-11-26,5371,244,488,6493,97745,37,25,341,6739,2,353,0,
2021-11-29,5371,738,555,6676,97745,172,19,188,6493,0,341,0,
2021-11-30,5371,969,602,7043,97745,28,34,194,6676,0,188,0,
2021-12-01,5371,808,719,7132,97745,14,48,223,7043,0,194,5,
2021-12-02,5371,962,520,7569,97745,46,5,182,7132,5,223,0,
2021-12-03,5371,866,805,7629,97745,27,46,201,7569,1,182,0,
2021-12-06,5371,970,643,7956,97745,7,13,207,7629,0,201,0,
2021-12-07,5371,798,997,7757,97745,28,13,191,7956,0,207,1,
2021-12-08,5371,575,631,7701,97745,41,20,170,7757,0,191,0,
2021-12-09,5371,310,499,7512,97745,14,18,174,7701,0,170,0,
2021-12-10,5371,212,194,7530,97745,9,27,192,7512,0,174,0,
2021-12-13,5371,62,287,7268,97745,4,9,197,7530,37,192,0,
2021-12-14,5371,246,371,7128,97745,38,31,183,7263,10,190,0,
2021-12-15,5371,211,149,7190,97745,45,90,228,7128,0,183,0,
2021-12-16,5371,3212,1542,8860,97745,28,139,339,7190,0,228,0,
2021-12-17,5371,1638,2329,8168,97745,125,10,224,8860,1,339,0,
2021-12-20,5371,505,529,8144,97745,24,27,227,8168,0,224,0,
2021-12-21,5371,296,249,8191,97745,7,21,241,8144,0,227,0,
2021-12-22,5371,579,456,8314,97745,15,3,229,8191,0,241,0,
2021-12-23,5371,286,437,8162,97745,4,3,228,8314,1,229,0,
2021-12-24,5371,303,295,8170,97745,7,4,225,8162,0,228,0,
2021-12-27,5371,553,730,7992,97745,2,7,230,8170,1,225,0,
2021-12-28,5371,318,726,7579,97745,2,32,260,7992,5,230,0,
2021-12-29,5371,597,615,7561,97745,24,14,250,7579,0,260,0,
2021-12-30,5371,2037,1866,7729,97745,13,109,346,7561,3,250,0,
2022-01-03,5371,1136,1141,7724,97745,94,1,253,7729,0,346,0,
2022-01-04,5371,744,965,7503,97745,43,18,227,7724,0,253,1,
2022-01-05,5371,264,471,7294,97745,5,30,250,7503,2,227,2,
2022-01-06,5371,153,261,7175,97745,19,8,239,7294,11,250,0,
2022-01-07,5371,247,581,6839,97745,12,48,275,7175,2,239,0,
2022-01-10,5371,503,316,7026,97745,11,20,284,6839,0,275,0,
2022-01-11,5371,1413,875,7564,97745,12,121,393,7026,0,284,0,
2022-01-12,5371,1105,851,7816,97745,67,39,365,7564,2,393,0,
2022-01-13,5371,224,325,7712,97745,11,48,402,7816,3,365,0,
2022-01-14,5371,254,232,7734,97745,117,45,330,7712,0,402,0,
2022-01-17,5371,78,292,7520,97745,28,8,310,7734,0,330,0,
2022-01-18,5371,454,959,7015,97745,38,11,283,7520,0,310,0,
2022-01-19,5371,272,505,6782,97745,24,158,417,7015,0,283,0,
2022-01-20,5371,105,152,6735,97745,51,15,381,6782,0,417,0,
2022-01-21,5371,241,626,6349,97745,47,367,701,6735,1,381,0,
2022-01-24,5371,94,190,6252,97745,429,87,359,6349,1,701,0,
2022-01-25,5371,169,291,6128,97745,80,189,468,6252,2,359,0,
2022-01-26,5371,67,196,5993,97745,149,51,370,6128,6,468,0,
2022-02-07,5371,119,28,6074,97745,64,89,395,5983,0,370,0,
2022-02-08,5371,87,42,6118,97745,47,12,360,6074,1,395,0,
2022-02-09,5371,160,83,6195,97745,39,8,329,6118,0,360,0,
2022-02-10,5371,232,40,6387,97745,11,5,323,6195,0,329,0,
2022-02-11,5371,161,154,6394,97745,28,24,319,6387,0,323,0,
2022-02-14,5371,202,285,6308,97745,15,64,368,6394,3,319,0,
2022-02-15,5371,121,556,5873,97745,20,27,375,6308,0,368,0,
2022-02-16,5371,235,155,5952,97745,35,9,349,5873,1,375,0,
2022-02-17,5371,121,133,5940,97745,11,18,356,5952,0,349,0,
2022-02-18,5371,29,119,5847,97745,22,31,365,5940,3,356,0,
2022-02-21,5371,46,65,5828,97745,32,7,340,5847,0,365,0,
2022-02-22,5371,191,119,5899,97745,72,45,313,5828,1,340,0,
2022-02-23,5371,22,39,5882,97745,14,7,306,5899,0,313,0,
2022-02-24,5371,85,282,5685,97745,17,14,303,5882,0,306,0,
2022-02-25,5371,34,75,5644,97745,29,5,279,5685,0,303,0,
2022-03-01,5371,48,29,5663,97745,20,3,262,5644,0,279,0,
2022-03-02,5371,52,36,5679,97745,8,6,260,5663,0,262,0,
2022-03-03,5371,124,34,5769,97745,15,3,248,5679,0,260,0,
2022-03-04,5371,20,53,5734,97745,0,9,257,5769,2,248,0,
2022-03-07,5371,32,367,5398,97745,31,11,237,5734,1,257,0,
2022-03-08,5371,35,205,5228,97745,6,8,239,5398,0,237,0,
2022-03-09,5371,28,42,5214,97745,2,5,242,5228,0,239,0,
2022-03-10,5371,65,106,5171,97745,24,2,220,5214,2,242,0,
2022-03-11,5371,52,7,5216,97745,1,3,222,5171,0,220,0,
2022-03-14,5371,38,39,5215,97745,11,1,212,5216,0,222,0,
2022-03-15,5371,41,43,5211,97745,10,5,207,5215,2,212,0,
2022-03-16,5371,32,34,5209,97745,11,9,205,5211,0,207,0,
2022-03-17,5371,65,79,5193,97745,11,0,192,5209,2,205,2,
2022-03-18,5371,47,78,5162,97745,3,1,184,5193,0,192,6,
2022-03-21,5371,115,105,5170,97745,4,4,184,5162,2,184,0,
2022-03-22,5371,95,14,5251,97745,6,3,181,5170,0,184,0,
2022-03-23,5371,51,52,5250,97745,6,2,177,5251,0,181,0,
2022-03-24,5371,181,164,5267,97745,3,2,176,5250,0,177,0,
2022-03-25,5371,204,153,5318,97745,13,1,126,5267,0,176,38,
2022-03-28,5371,44,47,5313,97745,5,7,128,5318,2,126,0,
2022-03-29,5371,37,39,5311,97745,18,4,112,5313,0,128,2,
2022-03-30,5371,90,53,5347,97745,2,0,99,5311,1,112,11,X
2022-03-31,5371,35,18,5364,97745,7,0,1,5347,0,99,91,X
2022-04-01,5371,8,58,5314,97745,0,0,0,5364,0,1,1,X
2022-04-06,5371,41,23,5332,97745,0,0,0,5314,0,0,0,X
2022-04-07,5371,71,57,5346,97745,0,0,0,5332,0,0,0,
2022-04-08,5371,54,63,5337,97745,0,28,28,5346,0,0,0,
2022-04-11,5371,37,176,5197,97745,5,15,38,5337,1,28,0,
2022-04-12,5371,18,60,5154,97745,5,29,62,5197,1,38,0,
2022-04-13,5371,27,26,5152,97745,19,1,44,5154,3,62,0,
2022-04-14,5371,32,74,5110,97745,4,3,43,5152,0,44,0,
2022-04-15,5371,22,145,4978,97745,13,5,35,5110,9,43,0,
2022-04-18,5371,30,136,4831,97745,2,2,35,4978,41,35,0,
2022-04-19,5371,7,71,4765,97745,0,7,42,4831,2,35,0,
2022-04-20,5371,11,106,4670,97745,6,1,37,4765,0,42,0,
2022-04-21,5371,17,50,4637,97745,7,3,33,4670,0,37,0,
2022-04-22,5371,90,589,4131,97745,4,12,41,4637,7,33,0,
2022-04-25,5371,28,173,3981,97745,4,9,46,4131,5,41,0,
2022-04-26,5371,13,34,3956,97745,3,18,61,3981,4,46,0,
2022-04-27,5371,81,346,3690,97745,8,18,71,3956,1,61,0,
2022-04-28,5371,13,64,3639,97745,9,4,66,3690,0,71,0,
2022-04-29,5371,73,54,3658,97745,4,10,72,3639,0,66,0,
2022-05-03,5371,239,125,3772,97745,4,20,88,3658,0,72,0,
2022-05-04,5371,26,44,3754,97745,7,14,95,3772,0,88,0,
2022-05-05,5371,85,65,3774,97745,32,0,63,3754,0,95,0,
2022-05-06,5371,79,48,3805,97745,18,22,67,3774,0,63,0,
2022-05-09,5371,46,123,3723,97745,4,10,73,3805,5,67,0,
2022-05-10,5371,35,61,3697,97745,9,2,66,3723,0,73,0,
2022-05-11,5371,40,148,3587,97745,5,9,70,3697,2,66,0,
2022-05-12,5371,35,73,3548,97745,22,5,53,3587,1,70,0,
2022-05-13,5371,69,43,3573,97745,18,5,40,3548,1,53,0,
2022-05-16,5371,23,46,3548,97745,17,11,34,3573,2,40,0,
2022-05-17,5371,44,19,3571,97745,1,1,34,3548,2,34,0,
2022-05-18,5371,75,45,3601,97745,0,22,56,3571,0,34,0,
2022-05-19,5371,9,50,3560,97745,4,41,93,3601,0,56,0,
2022-05-20,5371,31,36,3555,97745,2,0,91,3560,0,93,0,
2022-05-23,5371,32,48,3539,97745,1,3,93,3555,0,91,0,
2022-05-24,5371,44,66,3510,97745,5,27,115,3539,7,93,0,
2022-05-25,5371,12,42,3480,97745,8,2,109,3510,0,115,0,
2022-05-26,5371,7,25,3462,97745,0,0,109,3480,0,109,0,
2022-05-27,5371,17,6,3473,97745,54,2,57,3462,0,109,0,
2022-05-30,5371,39,55,3457,97745,10,1,48,3473,0,57,0,
2022-05-31,5371,54,14,3497,97745,1,1,48,3457,0,48,0,
2022-06-01,5371,43,56,3484,97745,1,1,48,3497,0,48,0,
2022-06-02,5371,104,85,3503,97745,5,4,47,3484,0,48,0,
2022-06-06,5371,61,33,3529,97745,2,0,45,3503,2,47,0,
2022-06-07,5371,19,23,3525,97745,0,3,48,3529,0,45,0,
2022-06-08,5371,21,28,3515,97745,3,0,45,3525,3,48,0,
2022-06-09,5371,46,22,3539,97745,1,0,44,3515,0,45,0,
2022-06-10,5371,121,79,3581,97745,1,5,48,3539,0,44,0,
2022-06-13,5371,102,70,3613,97745,1,3,50,3581,0,48,0,
2022-06-14,5371,223,79,3757,97745,6,8,52,3613,0,50,0,
2022-06-15,5371,81,138,3700,97745,32,8,28,3757,0,52,0,
2022-06-16,5371,76,163,3613,97745,13,6,21,3700,0,28,0,
2022-06-17,5371,22,186,3443,97745,7,37,51,3613,6,21,0,
2022-06-20,5371,25,172,3294,97745,18,17,50,3443,2,51,0,
2022-06-21,5371,33,50,3276,97745,9,8,49,3294,1,50,0,
2022-06-22,5371,174,112,3335,97745,5,45,89,3276,3,49,0,
2022-06-23,5371,15,32,3315,97745,39,12,62,3335,3,89,0,
2022-06-24,5371,161,187,3289,97745,13,2,51,3315,0,62,0,
2022-06-27,5371,803,103,3988,97745,5,53,99,3289,1,51,0,
2022-06-28,5371,680,432,4213,97745,44,13,68,3988,23,99,0,
2022-06-29,5371,285,461,4037,97745,28,105,145,4213,0,68,0,
2022-06-30,5371,167,291,3893,97745,48,45,142,4037,20,145,0,
2022-07-01,5371,172,371,3690,97745,56,37,123,3893,4,142,0,
2022-07-04,5371,81,65,3688,97745,38,19,104,3690,18,123,0,
2022-07-05,5371,175,72,3765,97745,28,7,83,3688,26,104,0,
2022-07-06,5371,85,145,3705,97745,11,3,75,3765,0,83,0,
2022-07-07,5371,116,118,3703,97745,24,11,62,3705,0,75,0,
2022-07-08,5371,117,140,3680,97745,9,8,61,3703,0,62,0,
2022-07-11,5371,49,60,3669,97745,5,3,59,3680,0,61,0,
2022-07-12,5371,23,78,3564,97745,8,25,76,3669,50,59,0,
2022-07-13,5371,150,37,3674,97745,13,3,66,3564,3,76,0,
2022-07-14,5371,95,147,3551,97745,9,3,60,3674,71,66,0,
2022-07-15,5371,358,282,3627,97745,12,6,54,3551,0,60,0,
2022-07-18,5371,495,369,3752,97745,13,20,61,3627,1,54,0,
2022-07-19,5371,188,172,3768,97745,41,1,21,3752,0,61,0,
2022-07-20,5371,344,183,3928,97745,12,0,9,3768,1,21,0,X
2022-07-21,5371,1135,522,4540,97745,8,0,0,3928,1,9,1,X
2022-07-22,5371,1039,719,4856,97745,0,0,0,4540,4,0,0,X
2022-07-25,5371,343,554,4645,97745,0,0,0,4856,0,0,0,X
2022-07-26,5371,544,440,4749,97745,0,0,0,4645,0,0,0,
2022-07-27,5371,1020,473,5296,97745,0,32,32,4749,0,0,0,
2022-07-28,5371,211,338,5168,97745,11,5,26,5296,1,32,0,
2022-07-29,5371,403,494,5071,97745,0,13,39,5168,6,26,0,
2022-08-01,5371,163,371,4863,97745,2,8,45,5071,0,39,0,
2022-08-02,5371,132,769,4226,97745,25,15,35,4863,0,45,0,
2022-08-03,5371,239,298,4167,97745,6,2,31,4226,0,35,0,
2022-08-04,5371,321,378,4107,97745,9,83,105,4167,3,31,0,
2022-08-05,5371,540,378,4269,97745,69,8,44,4107,0,105,0,
2022-08-08,5371,219,366,4121,97745,19,3,28,4269,1,44,0,
2022-08-09,5371,220,254,4087,97745,2,13,39,4121,0,28,0,
2022-08-10,5371,964,721,4329,97745,4,30,64,4087,1,39,1,
2022-08-11,5371,643,632,4340,97745,0,123,187,4329,0,64,0,
2022-08-12,5371,3658,1012,6986,97745,93,112,206,4340,0,187,0,
2022-08-15,5371,1317,564,7739,97745,66,66,206,6986,0,206,0,
2022-08-16,5371,1347,550,8536,97745,16,36,226,7739,0,206,0,
2022-08-17,5371,1243,758,8990,97745,47,67,244,8536,31,226,2,
2022-08-18,5371,671,686,8931,97745,83,35,196,8990,44,244,0,
2022-08-19,5371,339,385,8885,97745,25,22,193,8931,0,196,0,
2022-08-22,5371,545,373,9057,97745,39,9,163,8885,0,193,0,
2022-08-23,5371,217,281,8993,97745,58,29,134,9057,0,163,0,
2022-08-24,5371,90,131,8952,97745,24,8,118,8993,0,134,0,
2022-08-25,5371,197,224,8925,97745,13,5,110,8952,0,118,0,
2022-08-26,5371,173,200,8898,97745,4,2,108,8925,0,110,0,
2022-08-29,5371,123,218,8803,97745,18,10,100,8898,0,108,0,
2022-08-30,5371,387,250,8935,97745,15,2,82,8803,5,100,5,
2022-08-31,5371,247,408,8772,97745,2,1,81,8935,2,82,0,
2022-09-01,5371,1191,635,9328,97745,6,72,147,8772,0,81,0,
2022-09-02,5371,405,397,9336,97745,47,13,113,9328,0,147,0,
2022-09-05,5371,97,193,9239,97745,54,13,72,9336,1,113,0,
2022-09-06,5371,383,198,9424,97745,4,8,76,9239,0,72,0,
2022-09-07,5371,82,155,9350,97745,20,46,101,9424,1,76,1,
2022-09-08,5371,47,127,9267,97745,8,15,108,9350,3,101,0,
2022-09-12,5371,188,240,9215,97745,7,29,130,9267,0,108,0,
2022-09-13,5371,479,560,9134,97745,8,61,183,9215,0,130,0,
2022-09-14,5371,259,230,9161,97745,36,18,165,9134,2,183,0,
2022-09-15,5371,130,160,9131,97745,4,2,163,9161,0,165,0,
2022-09-16,5371,62,154,9039,97745,19,11,155,9131,0,163,0,
2022-09-19,5371,45,80,9004,97745,5,19,169,9039,0,155,0,
2022-09-20,5371,107,68,9043,97745,12,0,157,9004,0,169,0,
2022-09-21,5371,113,85,9066,97745,31,4,130,9043,5,157,0,
2022-09-22,5371,76,80,9062,97745,19,4,115,9066,0,130,0,
2022-09-23,5371,98,86,9074,97745,14,1,102,9062,0,115,0,
2022-09-26,5371,204,932,8326,97745,8,17,111,9074,20,102,0,
2022-09-27,5371,55,513,7868,97745,21,8,98,8326,0,111,0,
2022-09-28,5371,64,364,7568,97745,9,19,108,7868,0,98,0,
2022-09-29,5371,66,119,7513,97745,9,19,117,7568,2,108,1,
2022-09-30,5371,134,58,7563,97745,28,22,111,7513,26,117,0,
2022-10-03,5371,129,28,7664,97745,17,2,96,7563,0,111,0,
2022-10-04,5371,55,89,7627,97745,2,2,95,7664,3,96,1,
2022-10-05,5371,34,128,7533,97745,0,0,95,7627,0,95,0,
2022-10-06,5371,26,37,7522,97745,0,8,103,7533,0,95,0,
2022-10-07,5371,11,91,7439,97745,0,0,103,7522,3,103,0,
2022-10-11,5371,84,232,7290,97745,6,5,102,7439,1,103,0,
2022-10-12,5371,69,249,7110,97745,13,15,104,7290,0,102,0,
2022-10-13,5371,75,601,6540,97745,5,10,109,7110,44,104,0,
2022-10-14,5371,94,70,6561,97745,15,12,106,6540,3,109,0,
2022-10-17,5371,89,273,6376,97745,9,17,114,6561,1,106,0,
2022-10-18,5371,67,42,6401,97745,15,24,123,6376,0,114,0,
2022-10-19,5371,117,90,6428,97745,38,2,87,6401,0,123,0,
2022-10-20,5371,114,119,6423,97745,11,4,80,6428,0,87,0,
2022-10-21,5371,39,76,6386,97745,8,9,81,6423,0,80,0,
2022-10-24,5371,95,131,6328,97745,11,3,73,6386,22,81,0,
2022-10-25,5371,81,439,5687,97745,2,12,83,6328,283,73,0,
2022-10-26,5371,51,39,5697,97745,4,5,84,5687,2,83,0,
2022-10-27,5371,87,34,5750,97745,3,3,84,5697,0,84,0,
2022-10-28,5371,97,56,5790,97745,5,0,79,5750,1,84,0,
2022-10-31,5371,71,94,5766,97745,8,2,73,5790,1,79,0,
2022-11-01,5371,345,69,6012,97745,6,4,51,5766,30,73,20,
2022-11-02,5371,486,502,5996,97745,5,5,51,6012,0,51,0,
2022-11-03,5371,616,505,6107,97745,5,95,141,5996,0,51,0,
2022-11-04,5371,264,297,6074,97745,79,20,82,6107,0,141,0,
2022-11-07,5371,564,341,6295,97745,8,11,85,6074,2,82,0,
2022-11-08,5371,399,201,6491,97745,39,2,48,6295,2,85,0,
2022-11-09,5371,185,442,6234,97745,1,6,53,6491,0,48,0,
2022-11-10,5371,219,241,6211,97745,4,1,50,6234,1,53,0,
2022-11-11,5371,204,254,6159,97745,16,3,37,6211,2,50,0,
2022-11-14,5371,47,135,6068,97745,2,13,48,6159,3,37,0,
2022-11-15,5371,100,130,6032,97745,3,2,47,6068,6,48,0,
2022-11-16,5371,67,153,5940,97745,3,1,45,6032,6,47,0,
2022-11-17,5371,371,198,6110,97745,3,1,43,5940,3,45,0,
2022-11-18,5371,730,524,6316,97745,1,18,60,6110,0,43,0,
2022-11-21,5371,547,366,6497,97745,19,32,73,6316,0,60,0,
2022-11-22,5371,404,214,6682,97745,27,11,57,6497,5,73,0,
2022-11-23,5371,297,363,6616,97745,9,12,60,6682,0,57,0,
2022-11-24,5371,769,424,6961,97745,5,22,77,6616,0,60,0,
2022-11-25,5371,275,609,6627,97745,13,0,64,6961,0,77,0,
2022-11-28,5371,209,220,6616,97745,10,8,62,6627,0,64,0,
2022-11-29,5371,238,181,6673,97745,6,2,58,6616,0,62,0,
2022-11-30,5371,166,417,6421,97745,0,2,60,6673,1,58,0,
2022-12-01,5371,204,408,6196,97745,0,2,62,6421,21,60,0,
2022-12-02,5371,160,248,6108,97745,4,0,58,6196,0,62,0,
2022-12-05,5371,181,261,6028,97745,1,3,60,6108,0,58,0,
2022-12-06,5371,180,197,6011,97745,3,1,58,6028,0,60,0,
2022-12-07,5371,163,162,6012,97745,7,5,56,6011,0,58,0,
2022-12-08,5371,96,70,6035,97745,6,1,51,6012,3,56,0,
2022-12-09,5371,92,81,6044,97745,0,0,51,6035,2,51,0,
2022-12-12,5371,56,65,6035,97745,1,0,50,6044,0,51,0,
2022-12-13,5371,71,337,5769,97745,2,3,51,6035,0,50,0,
2022-12-14,5371,33,64,5738,97745,1,1,51,5769,0,51,0,
2022-12-15,5371,72,55,5755,97745,0,0,51,5738,0,51,0,
2022-12-16,5371,49,107,5695,97745,6,16,61,5755,2,51,0,
2022-12-19,5371,75,28,5742,97745,14,0,47,5695,0,61,0,
2022-12-20,5371,69,62,5748,97745,3,11,55,5742,1,47,0,
2022-12-21,5371,40,93,5695,97745,4,3,54,5748,0,55,0,
2022-12-22,5371,483,193,5985,97745,11,38,81,5695,0,54,0,
2022-12-23,5371,268,243,6010,97745,9,9,81,5985,0,81,0,
2022-12-26,5371,510,338,6181,97745,6,27,102,6010,1,81,0,
2022-12-27,5371,354,303,6231,97745,11,17,108,6181,1,102,0,
2022-12-28,5371,272,186,6317,97745,25,20,103,6231,0,108,0,
2022-12-29,5371,378,127,6568,97745,39,7,71,6317,0,103,0,
2022-12-30,5371,246,206,6608,97745,7,36,100,6568,0,71,0,
2023-01-03,5371,59,124,6542,97745,11,2,91,6608,1,100,0,
2023-01-04,5371,137,331,6347,97745,17,3,77,6542,1,91,0,
2023-01-05,5371,189,340,6195,97745,2,5,80,6347,1,77,0,
2023-01-06,5371,55,183,6066,97745,0,3,83,6195,1,80,0,
2023-01-09,5371,115,169,6006,97745,2,1,82,6066,6,83,0,
2023-01-10,5371,51,116,5941,97745,7,2,77,6006,0,82,0,
2023-01-11,5371,479,456,5963,97745,3,8,82,5941,1,77,0,
2023-01-12,5371,309,437,5835,97745,12,1,71,5963,0,82,0,
2023-01-13,5371,107,137,5797,97745,6,3,68,5835,8,71,0,
2023-01-16,5371,9,68,5732,97745,3,5,70,5797,6,68,0,
2023-01-17,5371,28,88,5668,97745,2,1,69,5732,4,70,0,
2023-01-30,5371,96,123,5636,97745,5,1,65,5668,5,69,0,
2023-01-31,5371,289,211,5662,97745,1,3,67,5636,52,65,0,
2023-02-01,5371,224,246,5609,97745,2,2,67,5662,31,67,0,
2023-02-02,5371,690,392,5907,97745,3,11,75,5609,0,67,0,
2023-02-03,5371,451,670,5660,97745,0,17,92,5907,28,75,0,
2023-02-06,5371,156,172,5644,97745,14,3,81,5660,0,92,0,
2023-02-07,5371,81,72,5652,97745,0,12,93,5644,1,81,0,
2023-02-08,5371,336,188,5799,97745,12,0,81,5652,1,93,0,
2023-02-09,5371,127,130,5796,97745,5,0,76,5799,0,81,0,
2023-02-10,5371,330,154,5972,97745,2,0,73,5796,0,76,1,
2023-02-13,5371,255,217,6010,97745,0,20,93,5972,0,73,0,
2023-02-14,5371,177,122,6065,97745,0,16,109,6010,0,93,0,
2023-02-15,5371,59,357,5767,97745,3,0,106,6065,0,109,0,
2023-02-16,5371,318,513,5571,97745,22,13,97,5767,1,106,0,
2023-02-17,5371,277,278,5570,97745,1,7,103,5571,0,97,0,
2023-02-20,5371,255,301,5523,97745,1,3,105,5570,1,103,0,
2023-02-21,5371,356,407,5471,97745,3,11,113,5523,1,105,0,
2023-02-22,5371,232,406,5297,97745,13,11,111,5471,0,113,0,
2023-02-23,5371,377,294,5380,97745,8,1,104,5297,0,111,0,
2023-02-24,5371,159,789,4749,97745,1,2,105,5380,1,104,0,
2023-03-01,5371,74,137,4686,97745,0,0,105,4749,0,105,0,
2023-03-02,5371,88,82,4692,97745,0,1,106,4686,0,105,0,
2023-03-03,5371,140,207,4616,97745,1,0,105,4692,9,106,0,
2023-03-06,5371,219,270,4560,97745,5,0,100,4616,5,105,0,
2023-03-07,5371,186,250,4493,97745,0,3,103,4560,3,100,0,
2023-03-08,5371,106,160,4438,97745,0,0,103,4493,1,103,0,
2023-03-09,5371,92,169,4361,97745,1,1,103,4438,0,103,0,
2023-03-10,5371,157,231,4287,97745,7,4,100,4361,0,103,0,
2023-03-13,5371,230,100,4417,97745,3,28,125,4287,0,100,0,
2023-03-14,5371,136,159,4394,97745,4,19,140,4417,0,125,0,
2023-03-15,5371,384,268,4510,97745,32,14,122,4394,0,140,0,
2023-03-16,5371,311,183,4635,97745,32,11,101,4510,3,122,0,
2023-03-17,5371,48,59,4594,97745,1,6,106,4635,30,101,0,
2023-03-20,5371,93,75,4612,97745,0,8,114,4594,0,106,0,
2023-03-21,5371,698,235,5075,97745,8,13,119,4612,0,114,0,
2023-03-22,5371,604,733,4941,97745,3,0,116,5075,5,119,0,
2023-03-23,5371,129,335,4734,97745,0,0,115,4941,1,116,1,
2023-03-24,5371,181,215,4699,97745,10,0,105,4734,1,115,0,
2023-03-27,5371,95,200,4593,97745,0,0,105,4699,1,105,0,
2023-03-28,5371,65,172,4486,97745,8,5,102,4593,0,105,0,
2023-03-29,5371,54,171,4369,97745,3,4,101,4486,0,102,2,
2023-03-30,5371,114,372,4111,97745,9,0,92,4369,0,101,0,
2023-03-31,5371,144,163,4085,97745,6,57,143,4111,7,92,0,
2023-04-06,5371,12,89,4004,97745,68,1,76,4085,4,143,0,X
2023-04-07,5371,64,54,4012,97745,75,0,0,4004,2,76,1,X
2023-04-10,5371,63,58,4017,97745,0,0,0,4012,0,0,0,X
2023-04-11,5371,33,70,3978,97745,0,0,0,4017,2,0,0,X
2023-04-12,5371,359,195,4142,97745,0,0,0,3978,0,0,0,
2023-04-13,5371,664,1337,3469,97745,0,7,7,4142,0,0,0,
2023-04-14,5371,1945,751,4663,97745,0,80,87,3469,0,7,0,
2023-04-17,5371,2501,1940,5224,97745,5,136,218,4663,0,87,0,
2023-04-18,5371,838,1671,4391,97745,83,60,195,5224,0,218,0,
2023-04-19,5371,601,432,4557,97745,77,13,130,4391,3,195,1,
2023-04-20,5371,391,746,4202,97745,58,39,96,4557,0,130,15,
2023-04-21,5371,295,272,4224,97745,52,22,66,4202,1,96,0,
2023-04-24,5371,921,394,4751,97745,6,45,105,4224,0,66,0,
2023-04-25,5371,358,618,4446,97745,58,33,80,4751,45,105,0,
2023-04-26,5371,348,341,4450,97745,14,66,132,4446,3,80,0,
2023-04-27,5371,309,187,4570,97745,65,6,71,4450,2,132,2,
2023-04-28,5371,496,261,4805,97745,12,28,87,4570,0,71,0,
2023-05-02,5371,453,422,4835,97745,1,15,101,4805,1,87,0,
2023-05-03,5371,195,184,4840,97745,5,6,101,4835,6,101,1,
2023-05-04,5371,316,204,4932,97745,22,13,91,4840,20,101,1,
2023-05-05,5371,443,414,4959,97745,6,4,89,4932,2,91,0,
2023-05-08,5371,302,365,4889,97745,1,11,99,4959,7,89,0,
2023-05-09,5371,293,555,4627,97745,49,25,75,4889,0,99,0,
2023-05-10,5371,46,171,4502,97745,8,42,109,4627,0,75,0,
2023-05-11,5371,36,185,4349,97745,18,16,107,4502,4,109,0,
2023-05-12,5371,54,86,4311,97745,25,20,102,4349,6,107,0,
2023-05-15,5371,42,97,4252,97745,4,24,122,4311,4,102,0,
2023-05-16,5371,93,65,4276,97745,1,1,122,4252,4,122,0,
2023-05-17,5371,104,103,4275,97745,23,0,99,4276,2,122,0,
2023-05-18,5371,118,270,4122,97745,6,4,97,4275,1,99,0,
2023-05-19,5371,166,175,4113,97745,21,1,77,4122,0,97,0,
2023-05-22,5371,58,99,4070,97745,3,1,75,4113,2,77,0,
2023-05-23,5371,359,158,4268,97745,3,12,84,4070,3,75,0,
2023-05-24,5371,424,173,4519,97745,4,1,81,4268,0,84,0,
2023-05-25,5371,68,241,4346,97745,7,0,74,4519,0,81,0,
2023-05-26,5371,81,184,4243,97745,1,0,73,4346,0,74,0,
2023-05-29,5371,403,211,4435,97745,0,7,80,4243,0,73,0,
2023-05-30,5371,154,138,4451,97745,4,0,76,4435,0,80,0,
2023-05-31,5371,56,174,4333,97745,4,0,72,4451,0,76,0,
2023-06-01,5371,76,202,4197,97745,0,0,72,4333,10,72,0,
2023-06-02,5371,87,137,4145,97745,3,1,70,4197,2,72,0,
2023-06-05,5371,213,220,4138,97745,2,2,70,4145,0,70,0,
2023-06-06,5371,200,200,4137,97745,3,0,67,4138,1,70,0,
2023-06-07,5371,116,148,4100,97745,0,0,67,4137,5,67,0,
2023-06-08,5371,78,252,3925,97745,10,1,58,4100,1,67,0,
2023-06-09,5371,94,366,3653,97745,2,5,61,3925,0,58,0,
2023-06-12,5371,62,197,3518,97745,17,6,50,3653,0,61,0,
2023-06-13,5371,46,31,3533,97745,1,3,52,3518,0,50,0,
2023-06-14,5371,72,203,3402,97745,3,81,130,3533,0,52,0,
2023-06-15,5371,47,51,3398,97745,82,8,56,3402,0,130,0,
2023-06-16,5371,61,92,3362,97745,8,4,52,3398,5,56,0,
2023-06-19,5371,277,51,3588,97745,0,2,54,3362,0,52,0,
2023-06-20,5371,103,84,3606,97745,6,3,51,3588,1,54,0,
2023-06-21,5371,16,153,3420,97745,6,1,46,3606,49,51,0,
2023-06-26,5371,31,65,3385,97745,5,1,42,3420,1,46,0,
2023-06-27,5371,67,93,3358,97745,1,56,97,3385,1,42,0,
2023-06-28,5371,162,86,3431,97745,56,2,43,3358,3,97,0,
2023-06-29,5371,118,51,3498,97745,4,3,42,3431,0,43,0,
2023-06-30,5371,81,110,3464,97745,4,0,38,3498,5,42,0,
2023-07-03,5371,75,152,3339,97745,3,0,35,3464,48,38,0,
2023-07-04,5371,42,93,3286,97745,4,0,31,3339,2,35,0,
2023-07-05,5371,111,172,3222,97745,4,1,28,3286,3,31,0,
2023-07-06,5371,157,107,3272,97745,19,2,11,3222,0,28,0,X
2023-07-07,5371,54,104,3142,97745,11,0,0,3272,80,11,0,X
2023-07-10,5371,33,87,3088,97745,0,0,0,3142,0,0,0,X
2023-07-11,5371,327,156,3251,97745,0,0,0,3088,8,0,0,X
2023-07-12,5371,1107,635,3723,97745,0,0,0,3251,0,0,0,
2023-07-13,5371,743,485,3977,97745,0,3,3,3723,4,0,0,
2023-07-14,5371,210,273,3908,97745,0,5,8,3977,6,3,0,
2023-07-17,5371,172,173,3907,97745,2,5,11,3908,0,8,0,
2023-07-18,5371,313,311,3909,97745,1,73,83,3907,0,11,0,
2023-07-19,5371,262,163,4004,97745,68,1,16,3909,4,83,0,
2023-07-20,5371,129,140,3984,97745,3,1,14,4004,9,16,0,
2023-07-21,5371,71,171,3874,97745,3,15,26,3984,10,14,0,
2023-07-24,5371,29,109,3794,97745,3,8,31,3874,0,26,0,
2023-07-25,5371,30,107,3717,97745,9,1,23,3794,0,31,0,
2023-07-26,5371,56,109,3664,97745,10,7,20,3717,0,23,0,
2023-07-27,5371,78,27,3715,97745,1,16,35,3664,0,20,0,
2023-07-28,5371,21,110,3622,97745,7,0,28,3715,4,35,0,
2023-07-31,5371,182,96,3708,97745,2,2,28,3622,0,28,0,
2023-08-01,5371,1442,690,4452,97745,15,100,113,3708,8,28,0,
2023-08-02,5371,782,1055,4178,97745,76,85,122,4452,1,113,0,
2023-08-04,5371,1844,654,5368,97745,76,72,118,4178,0,122,0,
2023-08-07,5371,1145,1004,5509,97745,66,10,62,5368,0,118,0,
2023-08-08,5371,566,745,5330,97745,6,17,73,5509,0,62,0,
2023-08-09,5371,460,615,5145,97745,9,4,68,5330,30,73,0,
2023-08-10,5371,326,659,4810,97745,14,21,75,5145,2,68,0,
2023-08-11,5371,256,359,4705,97745,1,4,78,4810,2,75,0,
2023-08-14,5371,148,289,4562,97745,17,19,80,4705,2,78,0,
2023-08-15,5371,98,168,4491,97745,0,21,101,4562,1,80,0,
2023-08-16,5371,476,181,4784,97745,5,28,124,4491,2,101,0,
2023-08-17,5371,354,246,4892,97745,18,1,107,4784,0,124,0,
2023-08-18,5371,285,257,4920,97745,0,4,110,4892,0,107,1,
2023-08-21,5371,153,279,4794,97745,4,2,108,4920,0,110,0,
2023-08-22,5371,301,248,4847,97745,4,1,105,4794,0,108,0,
2023-08-23,5371,1568,627,5783,97745,10,56,151,4847,5,105,0,
2023-08-24,5371,1101,860,6024,97745,44,2,109,5783,0,151,0,
2023-08-25,5371,345,545,5824,97745,5,11,115,6024,0,109,0,
2023-08-28,5371,411,372,5861,97745,0,9,124,5824,2,115,0,
2023-08-29,5371,1433,789,6505,97745,15,24,133,5861,0,124,0,
2023-08-30,5371,1247,1862,5889,97745,9,34,158,6505,1,133,0,
2023-08-31,5371,321,490,5720,97745,21,7,144,5889,0,158,0,
2023-09-01,5371,277,311,5686,97745,2,3,145,5720,0,144,0,
2023-09-04,5371,346,318,5714,97745,4,3,144,5686,0,145,0,
2023-09-05,5371,1002,488,6227,97745,2,10,152,5714,1,144,0,
2023-09-06,5371,403,841,5789,97745,5,18,165,6227,0,152,0,
2023-09-07,5371,373,747,5415,97745,0,9,174,5789,0,165,0,
2023-09-08,5371,542,391,5561,97745,0,29,203,5415,5,174,0,
2023-09-11,5371,475,656,5380,97745,53,11,161,5561,0,203,0,
2023-09-12,5371,553,725,5208,97745,8,30,183,5380,0,161,0,
2023-09-13,5371,712,621,5299,97745,4,15,194,5208,0,183,0,
2023-09-14,5371,560,428,5431,97745,26,4,172,5299,0,194,0,
2023-09-15,5371,652,1075,5007,97745,39,41,174,5431,1,172,0,
2023-09-18,5371,453,1221,4214,97745,10,99,263,5007,25,174,0,
2023-09-19,5371,246,264,4196,97745,52,3,214,4214,0,263,0,
2023-09-20,5371,249,472,3973,97745,29,13,198,4196,0,214,0,
2023-09-21,5371,141,210,3904,97745,9,38,227,3973,0,198,0,
2023-09-22,5371,86,143,3847,97745,68,9,168,3904,0,227,0,
2023-09-25,5371,65,67,3845,97745,10,0,156,3847,0,168,2,
2023-09-26,5371,115,112,3848,97745,15,12,153,3845,0,156,0,
2023-09-27,5371,62,78,3832,97745,19,1,135,3848,0,153,0,
2023-09-28,5371,144,242,3730,97745,16,11,130,3832,4,135,0,
2023-10-02,5371,67,235,3560,97745,6,8,132,3730,2,130,0,
2023-10-03,5371,79,104,3535,97745,16,0,116,3560,0,132,0,
2023-10-04,5371,75,103,3506,97745,1,8,123,3535,1,116,0,
2023-10-05,5371,94,63,3537,97745,4,2,121,3506,0,123,0,
2023-10-06,5371,81,101,3517,97745,26,0,95,3537,0,121,0,
2023-10-11,5371,149,206,3460,97745,7,5,93,3517,0,95,0,
2023-10-12,5371,74,84,3450,97745,4,0,89,3460,0,93,0,
2023-10-13,5371,23,89,3382,97745,2,0,87,3450,2,89,0,
2023-10-16,5371,50,173,3259,97745,12,4,79,3382,0,87,0,
2023-10-17,5371,100,86,3273,97745,2,14,91,3259,0,79,0,
2023-10-18,5371,58,93,3238,97745,11,1,81,3273,0,91,0,
2023-10-19,5371,26,65,3199,97745,5,3,79,3238,0,81,0,
2023-10-20,5371,14,81,3131,97745,5,2,76,3199,1,79,0,
2023-10-23,5371,44,23,3152,97745,0,5,81,3131,0,76,0,
2023-10-24,5371,18,14,3156,97745,2,3,82,3152,0,81,0,
2023-10-25,5371,42,46,3152,97745,2,1,81,3156,0,82,0,
2023-10-26,5371,18,88,3082,97745,0,2,83,3152,0,81,0,
2023-10-27,5371,17,16,3083,97745,1,6,88,3082,0,83,0,
2023-10-30,5371,121,36,3168,97745,2,9,95,3083,0,88,0,
2023-10-31,5371,117,157,3128,97745,23,5,77,3168,0,95,0,
2023-11-01,5371,94,25,3196,97745,6,26,97,3128,1,77,0,
2023-11-02,5371,53,63,3186,97745,9,3,90,3196,0,97,1,
2023-11-03,5371,49,42,3193,97745,9,11,92,3186,0,90,0,
2023-11-06,5371,189,139,3238,97745,21,13,84,3193,5,92,0,
2023-11-07,5371,25,43,3220,97745,16,8,76,3238,0,84,0,
2023-11-08,5371,29,59,3190,97745,9,0,67,3220,0,76,0,
2023-11-09,5371,25,28,3187,97745,1,0,66,3190,0,67,0,
2023-11-10,5371,26,65,3148,97745,0,10,76,3187,0,66,0,
2023-11-13,5371,77,13,3212,97745,2,1,75,3148,0,76,0,
2023-11-14,5371,19,14,3216,97745,2,2,75,3212,1,75,0,
2023-11-15,5371,45,73,3187,97745,4,0,71,3216,1,75,0,
2023-11-16,5371,59,55,3191,97745,9,11,73,3187,0,71,0,
2023-11-17,5371,29,61,3159,97745,8,1,66,3191,0,73,0,
2023-11-20,5371,74,80,3153,97745,2,21,85,3159,0,66,0,
2023-11-21,5371,75,60,3168,97745,26,0,59,3153,0,85,0,
2023-11-22,5371,15,52,3131,97745,0,1,60,3168,0,59,0,
2023-11-23,5371,49,49,3131,97745,0,0,60,3131,0,60,0,
2023-11-24,5371,44,61,3111,97745,0,0,60,3131,3,60,0,
2023-11-27,5371,2,39,3074,97745,0,7,67,3111,0,60,0,
2023-11-28,5371,1,68,3007,97745,8,1,60,3074,0,67,0,
2023-11-29,5371,33,55,2985,97745,1,10,69,3007,0,60,0,
2023-11-30,5371,121,15,3091,97745,5,1,65,2985,0,69,0,
2023-12-01,5371,41,116,3015,97745,6,8,57,3091,1,65,10,
2023-12-04,5371,12,24,3002,97745,0,0,57,3015,1,57,0,
2023-12-05,5371,11,40,2973,97745,0,0,57,3002,0,57,0,
2023-12-06,5371,79,16,3036,97745,3,3,57,2973,0,57,0,
2023-12-07,5371,18,26,3027,97745,2,3,58,3036,1,57,0,
2023-12-08,5371,30,36,3021,97745,0,6,64,3027,0,58,0,
2023-12-11,5371,20,29,3012,97745,1,2,65,3021,0,64,0,
2023-12-12,5371,48,20,3040,97745,0,47,112,3012,0,65,0,
2023-12-13,5371,96,75,3061,97745,0,20,132,3040,0,112,0,
2023-12-14,5371,138,133,3066,97745,0,43,175,3061,0,132,0,
2023-12-15,5371,83,57,3092,97745,0,21,196,3066,0,175,0,
2023-12-18,5371,100,24,3168,97745,6,20,210,3092,0,196,0,
2023-12-19,5371,136,182,3122,97745,50,57,217,3168,0,210,0,
2023-12-20,5371,75,50,3147,97745,10,43,250,3122,0,217,0,
2023-12-21,5371,165,54,3258,97745,49,13,214,3147,0,250,0,
2023-12-22,5371,38,40,3252,97745,9,11,216,3258,4,214,0,
2023-12-25,5371,45,28,3269,97745,73,8,151,3252,0,216,0,
2023-12-26,5371,5,61,3213,97745,16,5,140,3269,0,151,0,
2023-12-27,5371,18,57,3174,97745,18,6,128,3213,0,140,0,
2023-12-28,5371,93,60,3207,97745,10,7,125,3174,0,128,0,
2023-12-29,5371,20,31,3196,97745,68,5,62,3207,0,125,0,
2024-01-02,5371,6,12,3190,97745,2,0,60,3196,0,62,0,
2024-01-03,5371,40,26,3204,97745,6,4,58,3190,0,60,0,
2024-01-04,5371,19,58,3165,97745,1,5,62,3204,0,58,0,
2024-01-05,5371,205,87,3283,97745,9,4,57,3165,0,62,0,
2024-01-08,5371,39,91,3231,97745,1,1,57,3283,0,57,0,
2024-01-09,5371,34,47,3218,97745,14,3,46,3231,0,57,0,
2024-01-10,5371,13,23,3208,97745,1,0,45,3218,0,46,0,
2024-01-11,5371,36,39,3203,97745,0,3,48,3208,2,45,0,
2024-01-12,5371,14,33,3184,97745,3,1,46,3203,0,48,0,
2024-01-15,5371,41,96,3127,97745,0,0,46,3184,2,46,0,
2024-01-16,5371,12,103,3036,97745,3,4,47,3127,0,46,0,
2024-01-17,5371,48,449,2635,97745,4,4,47,3036,0,47,0,
2024-01-18,5371,13,22,2626,97745,1,8,54,2635,0,47,0,
2024-01-19,5371,26,40,2612,97745,2,0,52,2626,0,54,0,
2024-01-22,5371,32,17,2627,97745,10,0,42,2612,0,52,0,
2024-01-23,5371,52,7,2667,97745,4,0,38,2627,5,42,0,
2024-01-24,5371,33,77,2623,97745,1,2,39,2667,0,38,0,
2024-01-25,5371,6,23,2606,97745,4,1,36,2623,0,39,0,
2024-01-26,5371,7,23,2590,97745,3,0,33,2606,0,36,0,
2024-01-29,5371,38,24,2604,97745,1,0,32,2590,0,33,0,
2024-01-30,5371,67,3,2668,97745,2,0,30,2604,0,32,0,
2024-01-31,5371,17,21,2664,97745,0,1,31,2668,0,30,0,
2024-02-01,5371,37,16,2685,97745,1,0,30,2664,0,31,0,
2024-02-02,5371,24,33,2674,97745,1,6,35,2685,2,30,0,
2024-02-05,5371,31,20,2685,97745,0,3,38,2674,0,35,0,
2024-02-15,5371,41,16,2706,97745,1,0,37,2682,1,38,0,
2024-02-16,5371,57,53,2710,97745,7,10,40,2706,0,37,0,
2024-02-19,5371,15,63,2662,97745,4,0,36,2710,0,40,0,
2024-02-20,5371,15,18,2640,97745,8,0,28,2662,19,36,0,
2024-02-21,5371,7,47,2600,97745,0,0,28,2640,0,28,0,
2024-02-22,5371,21,29,2592,97745,0,0,28,2600,0,28,0,
2024-02-23,5371,18,29,2581,97745,3,2,27,2592,0,28,0,
2024-02-26,5371,19,57,2543,97745,0,2,29,2581,0,27,0,
2024-02-27,5371,66,40,2569,97745,1,0,28,2543,0,29,0,
2024-02-29,5371,13,33,2548,97745,0,1,29,2569,1,28,0,
2024-03-01,5371,49,37,2559,97745,0,8,37,2548,1,29,0,
2024-03-04,5371,35,30,2563,97745,0,2,39,2559,1,37,0,
2024-03-05,5371,84,15,2628,97745,1,1,39,2563,4,39,0,
2024-03-06,5371,15,51,2592,97745,0,13,52,2628,0,39,0,
2024-03-07,5371,41,49,2584,97745,2,5,55,2592,0,52,0,
2024-03-08,5371,33,33,2584,97745,5,9,59,2584,0,55,0,
2024-03-11,5371,13,66,2531,97745,6,14,67,2584,0,59,0,
2024-03-12,5371,42,36,2537,97745,1,3,69,2531,0,67,0,
2024-03-13,5371,3,55,2485,97745,6,0,63,2537,0,69,0,
2024-03-14,5371,13,12,2485,97745,0,1,64,2485,1,63,0,
2024-03-15,5371,29,27,2487,97745,10,5,59,2485,0,64,0,
2024-03-18,5371,160,45,2602,97745,0,1,60,2487,0,59,0,
2024-03-19,5371,54,177,2479,97745,26,0,34,2602,0,60,0,
2024-03-20,5371,441,141,2775,97745,8,3,29,2479,4,34,0,
2024-03-21,5371,96,125,2746,97745,2,2,29,2775,0,29,0,
2024-03-22,5371,83,123,2706,97745,9,1,21,2746,0,29,0,
2024-03-25,5371,183,62,2827,97745,1,0,20,2706,0,21,0,
2024-03-26,5371,455,435,2847,97745,4,2,18,2827,0,20,0,
2024-03-27,5371,947,289,3505,97745,0,12,30,2847,0,18,0,
2024-03-28,5371,758,673,3590,97745,5,51,76,3505,0,30,0,
2024-03-29,5371,3222,789,6022,97745,36,68,107,3590,1,76,1,
2024-04-01,5371,2841,1158,7705,97745,41,129,195,6022,0,107,0,
2024-04-02,5371,1078,1994,6789,97745,74,0,121,7705,0,195,0,
2024-04-03,5371,2660,891,8519,97745,11,20,130,6789,39,121,0,X
2024-04-08,5371,1636,1251,8904,97745,121,0,7,8519,0,130,2,X
2024-04-09,5371,1695,1441,9158,97745,0,0,0,8904,0,7,7,X
2024-04-10,5371,5449,1791,12808,97745,0,0,0,9158,8,0,0,X
2024-04-11,5371,2409,1813,13404,97745,0,0,0,12808,0,0,0,
2024-04-12,5371,1259,970,13693,97745,0,42,42,13404,0,0,0,
2024-04-15,5371,3871,2125,15439,97745,5,123,160,13693,0,42,0,
2024-04-16,5371,3031,4681,13789,97745,142,135,153,15439,0,160,0,
2024-04-17,5371,1999,2083,13704,97745,83,111,181,13789,1,153,0,
2024-04-18,5371,1584,1423,13865,97745,85,156,252,13704,0,181,0,
2024-04-19,5371,915,3906,10874,97745,181,42,113,13865,0,252,0,
2024-04-22,5371,685,2035,9513,97745,37,72,148,10874,11,113,0,
2024-04-23,5371,1185,499,10190,97745,21,58,185,9513,9,148,0,
2024-04-24,5371,2153,765,11577,97745,39,81,227,10190,1,185,0,
2024-04-25,5371,660,498,11738,97745,60,16,183,11577,1,227,0,
2024-04-26,5371,1834,846,12726,97745,7,302,478,11738,0,183,0,
2024-04-29,5371,2260,1298,13687,97745,9,274,743,12726,1,478,0,
2024-04-30,5371,3575,3741,13521,97745,144,147,746,13687,0,743,0,
2024-05-02,5371,2283,3596,12208,97745,339,51,458,13521,0,746,0,
2024-05-03,5371,1069,638,12637,97745,97,247,608,12208,2,458,0,
2024-05-06,5371,405,793,12249,97745,93,110,625,12637,0,608,0,
2024-05-07,5371,1957,1268,12936,97745,191,126,560,12249,2,625,0,
2024-05-08,5371,678,862,12752,97745,23,21,558,12936,0,560,0,
2024-05-09,5371,1062,1519,12292,97745,27,8,537,12752,3,558,2,
2024-05-10,5371,329,772,11849,97745,8,10,539,12292,0,537,0,
2024-05-13,5371,858,1111,11596,97745,0,34,573,11849,0,539,0,
2024-05-14,5371,4373,1148,14821,97745,16,65,622,11596,0,573,0,
2024-05-15,5371,3749,1791,16779,97745,18,113,717,14821,0,622,0,
2024-05-16,5371,2297,1291,17784,97745,89,21,649,16779,1,717,0,
2024-05-17,5371,1283,766,18301,97745,4,18,663,17784,0,649,0,
2024-05-20,5371,1528,1768,18061,97745,42,18,639,18301,0,663,0,
2024-05-21,5371,3831,2455,19435,97745,183,65,521,18061,2,639,0,
2024-05-22,5371,4530,4390,19573,97745,30,222,711,19435,2,521,2,
2024-05-23,5371,4322,3482,20413,97745,189,161,683,19573,0,711,0,
2024-05-24,5371,1498,2306,19602,97745,40,78,721,20413,3,683,0,
2024-05-27,5371,3791,2966,20427,97745,220,163,664,19602,0,721,0,
2024-05-28,5371,4330,4257,20500,97745,170,29,523,20427,0,664,0,
2024-05-29,5371,4114,5057,19557,97745,202,14,335,20500,0,523,0,
2024-05-30,5371,1377,3415,17518,97745,40,32,327,19557,1,335,0,
2024-05-31,5371,2109,1354,18271,97745,30,33,330,17518,2,327,0,
2024-06-03,5371,2979,3032,18217,97745,40,30,320,18271,1,330,0,
2024-06-04,5371,1486,4627,15075,97745,79,170,411,18217,1,320,0,
2024-06-05,5371,881,3216,12737,97745,46,110,475,15075,3,411,0,
2024-06-06,5371,768,1023,12473,97745,233,23,265,12737,9,475,0,
2024-06-07,5371,554,748,12275,97745,92,189,362,12473,4,265,0,
2024-06-11,5371,363,842,11788,97745,69,121,414,12275,8,362,0,
2024-06-12,5371,526,495,11814,97745,36,2,380,11788,5,414,0,
2024-06-13,5371,391,530,11671,97745,7,4,377,11814,4,380,0,
2024-06-14,5371,307,348,11626,97745,4,1,374,11671,4,377,0,
2024-06-17,5371,561,316,11870,97745,6,20,388,11626,1,374,0,
2024-06-18,5371,667,547,11988,97745,25,12,145,11870,2,388,230,
2024-06-19,5371,676,673,11991,97745,23,9,131,11988,0,145,0,
2024-06-20,5371,374,518,11844,97745,2,26,154,11991,3,131,1,
2024-06-21,5371,424,238,12025,97745,3,16,167,11844,5,154,0,
2024-06-24,5371,291,211,12085,97745,18,0,149,12025,20,167,0,
2024-06-25,5371,346,348,12082,97745,9,8,148,12085,1,149,0,
2024-06-26,5371,469,889,11654,97745,17,2,133,12082,8,148,0,
2024-06-27,5371,477,300,11830,97745,38,33,128,11654,1,133,0,
2024-06-28,5371,1571,279,13119,97745,0,13,84,11830,3,128,57,
2024-07-01,5371,613,578,13152,97745,27,3,60,13119,2,84,0,
2024-07-02,5371,262,487,12927,97745,5,5,60,13152,0,60,0,
2024-07-03,5371,700,140,13486,97745,46,0,14,12927,1,60,0,
2024-07-04,5371,383,292,13569,97745,0,1,15,13486,8,14,0,X
2024-07-05,5371,724,771,13516,97745,15,0,0,13569,6,15,0,X
2024-07-08,5371,482,250,13748,97745,0,0,0,13516,0,0,0,X
2024-07-09,5371,804,707,13817,97745,0,0,0,13748,28,0,0,X
2024-07-10,5371,592,587,13814,97745,0,0,0,13817,8,0,0,
2024-07-11,5371,600,327,14075,97745,0,10,10,13814,12,0,0,
2024-07-12,5371,271,242,14103,97745,2,15,23,14075,1,10,0,
2024-07-15,5371,183,432,13850,97745,0,12,35,14103,4,23,0,
2024-07-16,5371,378,205,14000,97745,1,2,36,13850,23,35,0,
2024-07-17,5371,221,236,13985,97745,7,0,29,14000,0,36,0,
2024-07-18,5371,361,621,13703,97745,20,6,15,13985,22,29,0,
2024-07-19,5371,183,314,13565,97745,1,20,34,13703,7,15,0,
2024-07-22,5371,157,880,12839,97745,1,11,44,13565,3,34,0,
2024-07-23,5371,189,645,12339,97745,19,2,27,12839,44,44,0,
2024-07-26,5371,142,323,12128,97745,8,5,24,12339,30,27,0,
2024-07-29,5371,231,491,11861,97745,1,24,47,12128,7,24,0,
2024-07-30,5371,105,336,11611,97745,10,4,41,11861,19,47,0,
2024-07-31,5371,84,45,11635,97745,20,29,49,11611,15,41,1,
2024-08-01,5371,236,173,11695,97745,25,5,29,11635,3,49,0,
2024-08-02,5371,276,216,11749,97745,6,2,25,11695,6,29,0,
2024-08-05,5371,325,1739,10287,97745,12,33,46,11749,48,25,0,
2024-08-06,5371,208,1145,9312,97745,4,0,42,10287,38,46,0,
2024-08-07,5371,192,225,9256,97745,1,45,86,9312,23,42,0,
2024-08-08,5371,113,100,9266,97745,22,2,66,9256,3,86,0,
2024-08-09,5371,192,232,9226,97745,30,5,41,9266,0,66,0,
2024-08-12,5371,200,190,9236,97745,5,24,60,9226,0,41,0,
2024-08-13,5371,203,143,9285,97745,1,5,64,9236,11,60,0,
2024-08-14,5371,280,185,9327,97745,5,11,70,9285,53,64,0,
2024-08-15,5371,2086,792,10578,97745,25,53,98,9327,43,70,0,
2024-08-16,5371,2610,1533,11653,97745,26,199,271,10578,2,98,0,
2024-08-19,5371,2468,1399,12709,97745,75,13,209,11653,13,271,0,
2024-08-20,5371,1360,1146,12922,97745,61,35,183,12709,1,209,0,
2024-08-21,5371,430,712,12636,97745,69,9,123,12922,4,183,0,
2024-08-22,5371,1987,1969,12650,97745,50,26,99,12636,4,123,0,
2024-08-23,5371,414,456,12547,97745,35,106,170,12650,61,99,0,
2024-08-26,5371,227,356,12417,97745,96,15,89,12547,1,170,0,
2024-08-27,5371,178,350,12245,97745,21,27,95,12417,0,89,0,
2024-08-28,5371,309,224,12325,97745,20,3,78,12245,5,95,0,
2024-08-29,5371,140,243,12222,97745,8,11,81,12325,0,78,0,
2024-08-30,5371,117,277,12061,97745,14,1,68,12222,1,81,0,
2024-09-02,5371,144,240,11965,97745,18,1,51,12061,0,68,0,
2024-09-03,5371,47,249,11763,97745,6,5,50,11965,0,51,0,
2024-09-04,5371,174,248,11686,97745,17,7,40,11763,3,50,0,
2024-09-05,5371,132,93,11723,97745,2,7,45,11686,2,40,0,
2024-09-06,5371,25,91,11652,97745,7,15,53,11723,5,45,0,
2024-09-09,5371,44,88,11607,97745,11,3,45,11652,1,53,0,
2024-09-10,5371,137,172,11571,97745,5,11,51,11607,1,45,0,
2024-09-11,5371,32,150,11443,97745,7,1,45,11571,10,51,0,
2024-09-12,5371,99,50,11485,97745,4,5,46,11443,7,45,0,
2024-09-13,5371,52,142,11380,97745,4,16,58,11485,15,46,0,
2024-09-16,5371,113,70,11417,97745,0,1,59,11380,6,58,0,
2024-09-18,5371,120,164,11370,97745,16,1,44,11417,3,59,0,
2024-09-19,5371,22,88,11302,97745,0,4,48,11370,2,44,0,
2024-09-20,5371,100,122,11280,97745,0,0,48,11302,0,48,0,
2024-09-23,5371,201,255,11226,97745,0,7,55,11280,0,48,0,
2024-09-24,5371,920,452,11694,97745,4,21,72,11226,0,55,0,
2024-09-25,5371,333,441,11586,97745,9,16,79,11694,0,72,0,
2024-09-26,5371,207,205,11588,97745,21,2,60,11586,0,79,0,
2024-09-27,5371,156,122,11620,97745,21,1,40,11588,2,60,0,
2024-09-30,5371,28,136,11512,97745,1,1,40,11620,0,40,0,
2024-10-01,5371,70,277,11305,97745,4,3,39,11512,0,40,0,
2024-10-04,5371,68,105,11267,97745,3,2,38,11305,1,39,0,
2024-10-07,5371,55,144,11175,97745,2,2,38,11267,3,38,0,
2024-10-08,5371,49,54,11170,97745,3,0,35,11175,0,38,0,
2024-10-09,5371,55,97,11128,97745,1,0,34,11170,0,35,0,
2024-10-11,5371,138,249,11014,97745,7,11,38,11128,3,34,0,
2024-10-14,5371,52,64,11002,97745,1,2,39,11014,0,38,0,
2024-10-15,5371,20,102,10913,97745,1,1,39,11002,7,39,0,
2024-10-16,5371,45,124,10828,97745,1,0,38,10913,6,39,0,
2024-10-17,5371,62,93,10795,97745,2,2,38,10828,2,38,0,
2024-10-18,5371,91,50,10829,97745,3,1,36,10795,7,38,0,
2024-10-21,5371,33,168,10692,97745,1,9,44,10829,2,36,0,
2024-10-22,5371,99,84,10704,97745,2,6,48,10692,3,44,0,
2024-10-23,5371,113,110,10705,97745,0,1,49,10704,2,48,0,
2024-10-24,5371,88,89,10704,97745,6,5,48,10705,0,49,0,
2024-10-25,5371,63,71,10693,97745,8,3,43,10704,3,48,0,
2024-10-28,5371,79,67,10705,97745,8,35,70,10693,0,43,0,
2024-10-29,5371,93,209,10589,97745,43,16,43,10705,0,70,0,
2024-10-30,5371,282,512,10357,97745,21,134,156,10589,2,43,0,
2024-11-01,5371,90,97,10346,97745,66,38,128,10357,4,156,0,
2024-11-04,5371,105,66,10383,97745,16,23,135,10346,2,128,0,
2024-11-05,5371,88,26,10444,97745,25,4,114,10383,1,135,0,
2024-11-06,5371,59,35,10461,97745,4,2,112,10444,7,114,0,
2024-11-07,5371,79,94,10446,97745,1,4,115,10461,0,112,0,
2024-11-08,5371,128,82,10492,97745,16,88,187,10446,0,115,0,
2024-11-11,5371,36,62,10466,97745,2,13,198,10492,0,187,0,
2024-11-12,5371,19,74,10400,97745,49,25,174,10466,11,198,0,
2024-11-13,5371,67,92,10373,97745,73,14,115,10400,2,174,0,
2024-11-14,5371,48,22,10397,97745,7,3,111,10373,2,115,0,
2024-11-15,5371,21,50,10368,97745,4,1,108,10397,0,111,0,
2024-11-18,5371,47,77,10328,97745,2,6,112,10368,10,108,0,
2024-11-19,5371,39,29,10332,97745,10,6,108,10328,6,112,0,
2024-11-20,5371,127,34,10425,97745,21,2,89,10332,0,108,0,
2024-11-21,5371,17,163,10275,97745,0,6,95,10425,4,89,0,
2024-11-22,5371,59,85,10249,97745,7,1,89,10275,0,95,0,
2024-11-25,5371,346,152,10440,97745,12,6,83,10249,3,89,0,
2024-11-26,5371,2360,694,12106,97745,19,162,226,10440,0,83,0,
2024-11-27,5371,806,1369,11542,97745,164,12,74,12106,1,226,0,
2024-11-28,5371,304,237,11609,97745,4,32,102,11542,0,74,0,
2024-11-29,5371,1662,1112,12157,97745,23,154,233,11609,2,102,0,
2024-12-02,5371,3538,1683,14012,97745,35,291,489,12157,0,233,0,
2024-12-03,5371,1268,1713,13557,97745,184,26,331,14012,10,489,0,
2024-12-04,5371,1173,1395,13335,97745,67,100,358,13557,0,331,6,
2024-12-05,5371,1046,1287,13093,97745,28,38,368,13335,1,358,0,
2024-12-06,5371,785,1329,12549,97745,108,14,273,13093,0,368,1,
2024-12-09,5371,278,494,12328,97745,99,14,188,12549,5,273,0,
2024-12-10,5371,380,349,12358,97745,48,37,177,12328,1,188,0,
2024-12-11,5371,1220,838,12740,97745,9,23,191,12358,0,177,0,
2024-12-12,5371,425,395,12770,97745,12,84,263,12740,0,191,0,
2024-12-13,5371,289,360,12698,97745,106,7,164,12770,1,263,0,
2024-12-16,5371,489,394,12793,97745,5,64,222,12698,0,164,1,
2024-12-17,5371,1909,833,13867,97745,29,81,274,12793,2,222,0,
2024-12-18,5371,1809,2048,13627,97745,16,127,385,13867,1,274,0,
2024-12-19,5371,1009,750,13844,97745,49,64,400,13627,42,385,0,
2024-12-20,5371,1410,1641,13612,97745,44,13,368,13844,1,400,1,
2024-12-23,5371,1632,1375,13869,97745,13,72,427,13612,0,368,0,
2024-12-24,5371,5774,3944,15695,97745,14,235,648,13869,4,427,0,
2024-12-25,5371,4536,5139,15092,97745,74,120,694,15695,0,648,0,
2024-12-26,5371,2382,2517,14956,97745,140,44,597,15092,1,694,1,
2024-12-27,5371,2867,1943,15880,97745,52,67,606,14956,0,597,6,
2024-12-30,5371,4217,4351,15745,97745,34,176,747,15880,1,606,1,
2024-12-31,5371,3352,3101,15991,97745,26,384,1105,15745,5,747,0,
2025-01-02,5371,2263,2608,15640,97745,378,88,815,15991,6,1105,0,
2025-01-03,5371,1169,973,15836,97745,68,73,820,15640,0,815,0,
2025-01-06,5371,1753,2466,15123,97745,209,123,732,15836,0,820,2,
2025-01-07,5371,693,1010,14786,97745,202,19,549,15123,20,732,0,
2025-01-08,5371,571,594,14760,97745,59,17,507,14786,3,549,0,
2025-01-09,5371,853,2070,13541,97745,158,48,397,14760,2,507,0,
2025-01-10,5371,564,617,13456,97745,149,35,283,13541,32,397,0,
2025-01-13,5371,709,1071,13093,97745,29,99,353,13456,1,283,0,
2025-01-14,5371,679,635,13137,97745,91,73,333,13093,0,353,2,
2025-01-15,5371,875,346,13661,97745,70,114,377,13137,5,333,0,
2025-01-16,5371,293,408,13542,97745,100,29,306,13661,4,377,0,
2025-01-17,5371,349,308,13581,97745,58,12,256,13542,2,306,4,
2025-01-20,5371,164,441,13293,97745,9,40,287,13581,11,256,0,
2025-01-21,5371,1015,491,13811,97745,11,25,301,13293,6,287,0,
2025-01-22,5371,189,425,13515,97745,39,45,306,13811,60,301,1,
2025-02-03,5371,150,783,12872,97745,103,34,237,13505,0,306,0,
2025-02-04,5371,216,209,12878,97745,10,7,234,12872,1,237,0,
2025-02-05,5371,294,498,12668,97745,16,39,257,12878,6,234,0,
2025-02-06,5371,414,252,12830,97745,11,27,273,12668,0,257,0,
2025-02-07,5371,853,357,13312,97745,19,21,275,12830,14,273,0,
2025-02-10,5371,416,783,12945,97745,26,3,252,13312,0,275,0,
2025-02-11,5371,452,487,12910,97745,40,2,214,12945,0,252,0,
2025-02-12,5371,437,379,12968,97745,18,34,230,12910,0,214,0,
2025-02-13,5371,281,217,13029,97745,23,7,214,12968,3,230,0,
2025-02-14,5371,603,483,13148,97745,5,18,227,13029,1,214,0,
2025-02-17,5371,835,447,13536,97745,13,0,214,13148,0,227,0,
2025-02-18,5371,4304,2633,15207,97745,16,305,502,13536,0,214,1,
2025-02-19,5371,2788,3425,14569,97745,99,202,605,15207,1,502,0,
2025-02-20,5371,1431,2130,13870,97745,18,38,624,14569,0,605,1,
2025-02-21,5371,783,787,13861,97745,27,174,771,13870,5,624,0,
2025-02-24,5371,955,633,14183,97745,171,33,633,13861,0,771,0,
2025-02-25,5371,988,1551,13619,97745,273,117,477,14183,1,633,0,
2025-02-26,5371,178,282,13515,97745,35,23,465,13619,0,477,0,
2025-02-27,5371,331,726,13120,97745,138,20,347,13515,0,465,0,
2025-03-03,5371,308,354,13068,97745,68,46,325,13120,6,347,0,
2025-03-04,5371,147,223,12978,97745,48,12,289,13068,14,325,0,
2025-03-05,5371,248,113,13112,97745,30,4,263,12978,1,289,0,
2025-03-06,5371,170,277,13003,97745,12,2,253,13112,2,263,0,
2025-03-07,5371,95,199,12897,97745,15,4,242,13003,2,253,0,
2025-03-10,5371,360,179,13076,97745,4,25,263,12897,2,242,0,
2025-03-11,5371,236,419,12891,97745,30,15,244,13076,2,263,4,
2025-03-12,5371,179,155,12905,97745,10,5,239,12891,10,244,0,
2025-03-13,5371,216,250,12854,97745,45,15,209,12905,17,239,0,
2025-03-14,5371,108,293,12664,97745,25,27,211,12854,5,209,0,
2025-03-17,5371,287,434,12517,97745,27,19,197,12664,0,211,6,
2025-03-18,5371,314,159,12672,97745,15,1,183,12517,0,197,0,
2025-03-19,5371,1500,715,13456,97745,16,61,228,12672,1,183,0,
2025-03-20,5371,393,550,13297,97745,6,30,252,13456,2,228,0,
2025-03-21,5371,1084,628,13731,97745,20,15,227,13297,22,252,20,
2025-03-24,5371,1471,922,14280,97745,5,70,292,13731,0,227,0,
2025-03-25,5371,1371,1313,14336,97745,63,39,268,14280,2,292,0,
2025-03-26,5371,651,390,14597,97745,25,16,259,14336,0,268,0,
2025-03-27,5371,384,684,14297,97745,68,18,209,14597,0,259,0,
2025-03-28,5371,365,604,14049,97745,42,45,212,14297,9,209,0,
2025-03-31,5371,524,1257,13301,97745,70,105,247,14049,15,212,0,
2025-04-01,5371,183,442,13040,97745,61,50,236,13301,2,247,0,
2025-04-02,5371,220,142,13111,97745,68,58,226,13040,7,236,0,
2025-04-07,5371,75,143,12883,97745,7,3,222,13111,160,226,0,
2025-04-08,5371,548,1674,11639,97745,117,0,105,12883,118,222,0,
2025-04-09,5371,400,2268,9714,97745,43,0,62,11637,55,105,0,
2025-04-10,5371,140,306,9395,97745,17,6,51,9714,153,62,0,X
2025-04-11,5371,125,280,9206,97745,51,0,0,9395,34,51,0,X
2025-04-14,5371,241,237,9209,97745,0,0,0,9206,1,0,0,X
2025-04-15,5371,193,296,9103,97745,0,0,0,9209,3,0,0,X
2025-04-16,5371,573,573,9103,97745,0,0,0,9103,0,0,0,
2025-04-17,5371,129,425,8803,97745,0,13,13,9103,4,0,0,
2025-04-18,5371,43,90,8756,97745,0,4,17,8803,0,13,0,
2025-04-21,5371,61,147,8664,97745,3,15,29,8756,6,17,0,
2025-04-22,5371,30,70,8624,97745,4,38,63,8664,0,29,0,
2025-04-23,5371,231,102,8753,97745,6,2,59,8624,0,63,0,
2025-04-24,5371,149,200,8687,97745,15,2,46,8753,15,59,0,
2025-04-25,5371,252,166,8772,97745,8,1,39,8687,1,46,0,
2025-04-28,5371,138,395,8503,97745,1,52,90,8772,12,39,0,
2025-04-29,5371,314,151,8666,97745,55,15,50,8503,0,90,0,
2025-04-30,5371,330,248,8748,97745,19,38,69,8666,0,50,0,
2025-05-02,5371,214,65,8887,97745,4,23,88,8748,10,69,0,
2025-05-05,5371,299,354,8831,97745,9,26,105,8887,1,88,0,
2025-05-06,5371,138,35,8934,97745,13,7,99,8831,0,105,0,
2025-05-07,5371,134,140,8927,97745,12,6,93,8934,1,99,0,
2025-05-08,5371,156,164,8919,97745,12,15,96,8927,0,93,0,
2025-05-09,5371,89,84,8924,97745,3,2,95,8919,0,96,0,
2025-05-12,5371,195,170,8941,97745,1,6,100,8924,8,95,0,
2025-05-13,5371,947,325,9558,97745,3,28,125,8941,5,100,0,
2025-05-14,5371,162,156,9551,97745,2,32,155,9558,13,125,0,
2025-05-15,5371,147,132,9565,97745,5,2,152,9551,1,155,0,
2025-05-16,5371,146,88,9623,97745,6,1,147,9565,0,152,0,
2025-05-19,5371,230,220,9630,97745,16,7,138,9623,3,147,0,
2025-05-20,5371,206,39,9793,97745,9,8,137,9630,4,138,0,
2025-05-21,5371,105,40,9856,97745,1,2,138,9793,2,137,0,
2025-05-22,5371,137,56,9935,97745,24,8,122,9856,2,138,0,
2025-05-23,5371,178,54,10053,97745,4,6,119,9935,6,122,5,
2025-05-26,5371,63,162,9952,97745,6,4,117,10053,2,119,0,
2025-05-27,5371,99,47,10003,97745,14,1,104,9952,1,117,0,
2025-05-28,5371,88,302,9789,97745,4,10,110,10003,0,104,0,
2025-05-29,5371,25,28,9778,97745,4,9,115,9789,8,110,0,
2025-06-02,5371,176,100,9845,97745,16,9,108,9778,9,115,0,
2025-06-03,5371,155,164,9836,97745,6,21,123,9845,0,108,0,
2025-06-04,5371,74,136,9772,97745,6,12,129,9836,2,123,0,
2025-06-05,5371,138,47,9863,97745,13,7,123,9772,0,129,0,
2025-06-06,5371,53,51,9864,97745,2,8,128,9863,1,123,1,
2025-06-09,5371,122,83,9903,97745,11,0,117,9864,0,128,0,
2025-06-10,5371,54,78,9879,97745,5,3,115,9903,0,117,0,
2025-06-11,5371,68,37,9906,97745,3,7,119,9879,4,115,0,
2025-06-12,5371,107,34,9979,97745,4,9,124,9906,0,119,0,
2025-06-13,5371,281,99,10159,97745,8,14,130,9979,2,124,0,
2025-06-16,5371,193,104,10245,97745,17,6,119,10159,3,130,0,
2025-06-17,5371,24,85,10182,97745,8,2,113,10245,2,119,0,
2025-06-18,5371,45,50,10176,97745,2,8,119,10182,1,113,0,
2025-06-19,5371,109,95,10190,97745,5,7,121,10176,0,119,0,
2025-06-20,5371,268,152,10306,97745,10,54,165,10190,0,121,0,
2025-06-23,5371,101,195,10210,97745,55,76,186,10306,2,165,0,
2025-06-24,5371,85,35,10259,97745,17,8,177,10210,1,186,0,
2025-06-25,5371,256,68,10441,97745,26,5,156,10259,6,177,0,
2025-06-26,5371,168,86,10515,97745,12,1,145,10441,8,156,0,
2025-06-27,5371,24,85,10454,97745,7,6,144,10515,0,145,0,
2025-06-30,5371,84,118,10417,97745,18,5,131,10454,3,144,0,
2025-07-01,5371,66,56,10419,97745,9,7,129,10417,8,131,0,
2025-07-02,5371,18,34,10390,97745,60,1,70,10419,13,129,0,
2025-07-03,5371,29,106,10310,97745,15,2,57,10390,3,70,0,
2025-07-04,5371,75,49,10336,97745,41,0,16,10310,0,57,0,X
2025-07-07,5371,18,30,10324,97745,16,0,0,10336,0,16,0,X
2025-07-08,5371,67,29,10352,97745,0,0,0,10324,10,0,0,X
2025-07-09,5371,41,35,10355,97745,0,0,0,10352,3,0,0,X
2025-07-10,5371,575,192,10738,97745,0,0,0,10355,0,0,0,
2025-07-11,5371,114,160,10689,97745,0,54,54,10738,3,0,0,
2025-07-14,5371,183,203,10669,97745,0,12,66,10689,0,54,0,
2025-07-15,5371,107,78,10697,97745,0,1,67,10669,1,66,0,
2025-07-16,5371,394,332,10758,97745,21,34,80,10697,1,67,0,
2025-07-17,5371,166,121,10799,97745,16,10,74,10758,4,80,0,
2025-07-18,5371,85,182,10702,97745,11,4,67,10799,0,74,0,
2025-07-21,5371,392,351,10742,97745,2,21,86,10702,1,67,0,
2025-07-22,5371,281,372,10646,97745,29,16,75,10737,0,88,0,
2025-07-23,5371,1270,596,11319,97745,13,55,116,10646,1,75,1,
2025-07-24,5371,2479,1726,12071,97745,4,112,224,11319,1,116,0,
2025-07-25,5371,2090,1508,12646,97745,34,67,257,12071,7,224,0,
2025-07-28,5371,1018,709,12952,97745,30,128,355,12646,3,257,0,
2025-07-29,5371,2766,2716,13001,97745,15,168,508,12952,1,355,0,
2025-07-30,5371,4665,2362,15294,97745,26,1072,1552,13001,10,508,2,
2025-07-31,5371,3207,2391,16109,97745,493,112,1171,15294,1,1552,0,
2025-08-01,5371,4644,1772,18979,97745,158,291,1296,16109,2,1171,8,
2025-08-04,5371,3343,2202,20120,97745,269,171,1198,18979,0,1296,0,
2025-08-05,5371,3904,2579,21444,97745,72,539,1665,20120,1,1198,0,
2025-08-06,5371,5397,3383,23458,97745,114,383,1934,21444,0,1665,0,
2025-08-07,5371,1693,2556,22595,97745,165,193,1962,23458,0,1934,0,
2025-08-08,5371,2265,2863,21994,97745,201,53,1814,22595,3,1962,0,
2025-08-11,5371,5833,1930,25896,97745,77,455,2192,21994,1,1814,0,
2025-08-12,5371,2342,3318,24920,97745,227,92,2056,25896,0,2192,1,
2025-08-13,5371,1923,1619,25223,97745,205,211,2061,24920,1,2056,1,
2025-08-14,5371,2183,1311,26095,97745,265,188,1984,25223,0,2061,0,
2025-08-15,5371,2137,1124,27104,97745,89,122,2016,26095,4,1984,1,
2025-08-18,5371,3599,1912,28791,97745,2,318,2329,27104,0,2016,3,
2025-08-19,5371,9869,4843,33817,97745,280,150,2198,28791,0,2329,1,
2025-08-20,5371,4046,4425,33436,97745,199,193,2189,33817,2,2198,3,
2025-08-21,5371,7887,4562,36760,97745,93,211,2306,33436,1,2189,1,
2025-08-22,5371,7061,5877,37943,97745,175,330,2458,36760,1,2306,3,
2025-08-25,5371,8281,3770,42454,97745,186,1043,3315,37943,0,2458,0,
2025-08-26,5371,7637,4984,45106,97745,334,614,3595,42454,1,3315,0,
2025-08-27,5371,5337,3971,46470,97745,284,471,3779,45106,2,3595,3,
2025-08-28,5371,2924,4713,44680,97745,402,122,3499,46470,1,3779,0,
2025-08-29,5371,4135,4911,43904,97745,107,264,3656,44680,0,3499,0,
2025-09-01,5371,5737,6673,42966,97745,464,328,3520,43904,2,3656,0,
2025-09-02,5371,2518,1755,43728,97745,194,141,3467,42966,1,3520,0,
2025-09-03,5371,6150,3357,46502,97745,233,1238,4470,43728,19,3467,2,11   A
2025-09-04,5371,5904,6073,46333,97745,527,206,4148,46502,0,4470,1,11   A
2025-09-05,5371,3528,3218,46643,97745,468,74,3754,46333,0,4148,0,11   A
2025-09-08,5371,4773,6269,45146,97745,524,127,3307,46643,1,3754,50,11   A
2025-09-09,5371,1861,1351,45651,97745,142,56,3220,45146,5,3307,1,11   A
2025-09-10,5371,6994,3693,48950,97745,132,550,3637,45651,2,3220,1,11   A C
2025-09-11,5371,6334,5439,49831,97745,468,423,3592,48950,14,3637,0,11   A C
2025-09-12,5371,1704,2279,49254,97745,252,288,3627,49831,2,3592,1,11   A C
2025-09-15,5371,2842,5943,46150,97745,921,134,2838,49254,3,3627,2,11   A C
2025-09-16,5371,1399,1421,46124,97745,228,184,2794,46150,4,2838,0,11   A C
2025-09-17,5371,1183,1140,46136,97745,165,116,2719,46124,31,2794,26,11   A C
2025-09-18,5371,2095,2494,45729,97745,295,121,2543,46136,8,2719,2,11   A
2025-09-19,5371,5197,2712,48213,97745,165,204,2572,45729,1,2543,10,11   A
2025-09-22,5371,6790,3151,51850,97745,30,802,3344,48213,2,2572,0,
2025-09-23,5371,4767,4362,52243,97745,515,120,2949,51850,12,3344,0,
2025-09-24,5371,1041,1192,52090,97745,125,198,3022,52243,2,2949,0,
2025-09-25,5371,698,1018,51770,97745,177,273,3112,52090,0,3022,6,
2025-09-26,5371,1056,2105,50720,97745,630,139,2621,51770,1,3112,0,
2025-09-30,5371,678,457,50941,97745,195,136,2561,50720,0,2621,1,
2025-10-01,5371,1715,853,51801,97745,119,140,2582,50941,2,2561,0,
2025-10-02,5371,1155,678,52272,97745,131,75,2526,51801,6,2582,0,
2025-10-03,5371,4314,2310,54235,97745,118,322,2728,52272,41,2526,2,
2025-10-07,5371,3010,2709,54490,97745,138,206,2796,54235,46,2728,0,
2025-10-08,5371,1782,965,55302,97745,159,50,2685,54490,5,2796,2,
2025-10-09,5371,1408,1475,55232,97745,125,112,2672,55302,3,2685,0,
2025-10-13,5371,2058,1604,55670,97745,179,220,2713,55232,16,2672,0,
2025-10-14,5371,3024,4094,54571,97745,567,3906,6052,55670,29,2713,0,
2025-10-15,5371,1086,2580,53061,97745,3400,0,2652,54571,16,6052,0,
2025-10-16,5371,2432,1860,53628,97745,788,365,2229,53061,5,2652,0,
2025-10-17,5371,914,1419,53112,97745,283,184,2130,53628,11,2229,0,
2025-10-20,5371,418,1031,52498,97745,126,87,2091,53112,1,2130,0,
2025-10-21,5371,521,464,52551,97745,136,49,2004,52498,4,2091,0,
2025-10-22,5371,937,2031,51411,97745,110,172,2066,52551,46,2004,0,
2025-10-23,5371,523,925,50999,97745,195,101,1972,51411,10,2066,0,
2025-10-27,5371,1417,977,51432,97745,65,75,1982,50999,7,1972,0,
2025-10-28,5371,2313,5732,47991,97745,437,103,1648,51432,22,1982,0,
2025-10-29,5371,1280,4619,44613,97745,208,124,1564,47991,39,1648,0,
2025-10-30,5371,410,1023,43972,97745,145,51,1470,44613,28,1564,0,
2025-10-31,5371,378,678,43646,97745,187,37,1320,43972,26,1470,0,
2025-11-03,5371,1880,806,44717,97745,135,75,1259,43646,3,1320,1,
2025-11-04,5371,3702,2614,45804,97745,78,481,1661,44717,1,1259,1,
2025-11-05,5371,2640,1312,47129,97745,154,225,1732,45804,3,1661,0,
2025-11-06,5371,805,1001,46931,97745,285,52,1499,47129,2,1732,0,
2025-11-07,5371,716,2968,44673,97745,228,84,1355,46931,6,1499,0,
2025-11-10,5371,520,1712,43465,97745,165,67,1253,44673,16,1355,4,
2025-11-11,5371,873,2068,42249,97745,122,79,1207,43462,18,1253,3,
2025-11-12,5371,655,798,42104,97745,367,28,868,42249,2,1207,0,
2025-11-13,5371,173,1267,40998,97745,134,14,748,42104,12,868,0,
2025-11-14,5371,667,1338,40298,97745,103,60,705,40998,29,748,0,
2025-11-17,5371,460,2768,37987,97745,128,69,644,40298,3,705,2,
2025-11-18,5371,705,3408,35271,97745,105,87,625,37987,13,644,1,
2025-11-19,5371,490,480,35275,97745,68,33,590,35271,6,625,0,
2025-11-20,5371,127,947,34425,97745,34,58,614,35275,30,590,0,
2025-11-21,5371,387,1265,33541,97745,62,12,564,34425,6,614,0,
2025-11-24,5371,1130,487,34172,97745,52,75,584,33541,12,564,3,
2025-11-25,5371,2290,1385,35074,97745,46,306,844,34172,3,584,0,
2025-11-26,5371,1357,2573,33857,97745,37,230,1037,35074,1,844,0,
2025-11-27,5371,4181,4139,33896,97745,287,247,996,33857,3,1037,1,
2025-11-28,5371,1484,983,34394,97745,240,24,778,33896,3,996,2,
2025-12-01,5371,1319,557,35149,97745,46,43,772,34394,7,778,3,
2025-12-02,5371,432,769,34795,97745,73,14,711,35149,17,772,2,
2025-12-03,5371,699,1283,34209,97745,93,74,640,34795,2,711,52,
2025-12-04,5371,1646,1162,34689,97745,48,24,616,34209,4,640,0,
2025-12-05,5371,213,284,34613,97745,39,28,605,34689,5,616,0,
2025-12-08,5371,322,509,34417,97745,34,1,572,34613,9,605,0,
2025-12-09,5371,757,537,34627,97745,64,5,513,34417,10,572,0,
2025-12-10,5371,662,1363,33919,97745,59,60,514,34627,7,513,0,
2025-12-11,5371,361,669,33610,97745,26,67,554,33919,1,514,1,
2025-12-12,5371,301,233,33671,97745,24,2,532,33610,7,554,0,
2025-12-15,5371,235,367,33536,97745,31,26,527,33671,3,532,0,
2025-12-16,5371,661,1068,33123,97745,94,31,463,33536,6,527,1,
2025-12-17,5371,164,297,32957,97745,16,15,462,33123,33,463,0,
2025-12-18,5371,143,311,32787,97745,70,9,400,32957,2,462,1,
2025-12-19,5371,389,556,32619,97745,39,67,426,32787,1,400,2,
2025-12-22,5371,453,376,32692,97745,9,61,478,32619,4,426,0,
2025-12-23,5371,1608,771,33522,97745,48,43,473,32692,7,478,0,
2025-12-24,5371,875,605,33792,97745,13,16,476,33522,0,473,0,
2025-12-26,5371,453,1095,33148,97745,59,11,428,33792,2,476,0,
2025-12-29,5371,1660,1550,33254,97745,23,27,429,33148,4,428,3,
2025-12-30,5371,2320,1365,34208,97745,42,79,465,33254,1,429,1,
2025-12-31,5371,610,1168,33645,97745,53,3,415,34208,5,465,0,
2026-01-02,5371,357,404,33574,97745,79,10,346,33645,24,415,0,
2026-01-05,5371,331,1452,32445,97745,32,24,338,33574,8,346,0,
2026-01-06,5371,272,554,32153,97745,8,21,351,32445,10,338,0,
2026-01-07,5371,135,232,32055,97745,7,6,350,32153,1,351,0,
2026-01-08,5371,1815,590,33264,97745,23,27,354,32055,16,350,0,
2026-01-09,5371,1729,615,34371,97745,30,4,328,33264,7,354,0,
2026-01-12,5371,891,1657,33600,97745,9,14,333,34371,5,328,0,
2026-01-13,5371,635,698,33533,97745,16,5,322,33600,4,333,0,
2026-01-14,5371,487,767,33248,97745,2,39,359,33533,5,322,0,
2026-01-15,5371,2033,1755,33523,97745,5,24,378,33248,3,359,0,
2026-01-16,5371,1218,829,33903,97745,36,5,347,33523,9,378,0,
2026-01-19,5371,753,1568,33082,97745,11,2,338,33903,6,347,0,
2026-01-20,5371,3170,2082,34160,97745,15,18,341,33082,10,338,0,
2026-01-21,5371,3938,4729,33363,97745,28,57,370,34160,6,341,0,
2026-01-22,5371,8717,5476,36603,97745,18,168,520,33363,1,370,0,
2026-01-23,5371,4326,6235,34644,97745,143,11,388,36603,50,520,0,
2026-01-26,5371,1726,2724,33631,97745,8,68,448,34644,15,388,0,
2026-01-27,5371,3426,4512,32543,97745,106,19,360,33631,2,448,1,
2026-01-28,5371,918,982,32471,97745,62,13,311,32543,8,360,0,
2026-01-29,5371,1473,720,33210,97745,10,21,322,32471,14,311,0,
2026-01-30,5371,1299,1872,32632,97745,52,35,305,33210,5,322,0,
2026-02-02,5371,401,1032,31999,97745,27,29,307,32632,2,305,0,
2026-02-03,5371,303,270,32022,97745,14,5,298,31999,10,307,0,
2026-02-04,5371,252,362,31908,97745,32,5,271,32022,4,298,0,
2026-02-05,5371,343,528,31708,97745,30,7,248,31908,15,271,0,
2026-02-06,5371,697,1033,31360,97745,26,36,258,31708,12,248,0,
2026-02-09,5371,112,442,30994,97745,18,11,251,31360,36,258,0,
2026-02-10,5371,245,367,30859,97745,15,22,258,30994,13,251,0,
2026-02-11,5371,231,585,30476,97745,16,53,295,30859,29,258,0,
2026-02-23,5371,946,771,30601,97745,24,18,289,30426,0,295,0,
2026-02-24,5371,447,836,30212,97745,16,66,339,30601,0,289,0,
2026-02-25,5371,326,575,29961,97745,15,22,346,30212,2,339,0,
2026-02-26,5371,244,419,29779,97745,27,12,331,29961,7,346,0,
2026-03-02,5371,1203,391,30585,97745,25,51,357,29779,6,331,0,
2026-03-03,5371,513,668,30429,97745,49,9,317,30585,1,357,0,
2026-03-04,5371,549,1510,29459,97745,115,34,236,30429,9,317,0,
2026-03-05,5371,67,795,28729,97745,40,20,216,29459,2,236,0,
2026-03-06,5371,155,214,28652,97745,15,2,203,28729,18,216,0,
2026-03-09,5371,425,2698,26309,97745,67,81,217,28652,70,203,0,
2026-03-10,5371,127,326,26097,97745,9,38,246,26309,13,217,0,
2026-03-11,5371,141,302,25934,97745,58,21,209,26097,2,246,0,
2026-03-12,5371,154,315,25773,97745,7,14,216,25934,0,209,0,
2026-03-13,5371,158,158,25765,97745,14,10,211,25773,8,216,1,
2026-03-16,5371,190,321,25633,97745,9,55,257,25765,1,211,0,
2026-03-17,5371,130,456,25283,97745,11,4,250,25633,24,257,0,
2026-03-18,5371,301,533,25021,97745,17,23,256,25283,30,250,0,
2026-03-19,5371,312,409,24917,97745,21,18,253,25021,7,256,0,
2026-03-20,5371,116,651,24380,97745,57,31,226,24917,2,253,1,
2026-03-23,5371,418,370,24425,97745,19,10,217,24380,3,226,0,
2026-03-24,5371,128,213,24312,97745,7,21,231,24425,28,217,0,
2026-03-25,5371,71,242,24122,97745,5,5,231,24312,19,231,0,
2026-03-26,5371,281,242,24159,97745,27,21,225,24122,2,231,0,
2026-03-27,5371,120,618,23646,97745,26,28,227,24159,15,225,0,
2026-03-30,5371,112,171,23545,97745,96,13,144,23646,42,227,0,
2026-03-31,5371,262,637,23165,97745,14,74,203,23545,5,144,1,
2026-04-01,5371,53,171,23044,97745,38,2,167,23165,3,203,0,X
2026-04-02,5371,188,188,23038,97745,162,0,2,23044,6,167,3,X
2026-04-07,5371,194,411,22817,97745,0,0,0,23038,4,2,2,X
2026-04-08,5371,188,702,22302,97745,0,0,0,22817,1,0,0,X
2026-04-09,5371,195,213,22212,97745,0,0,0,22247,17,0,0,
2026-04-10,5371,510,1524,21185,97745,0,9,9,22212,13,0,0,
2026-04-13,5371,133,311,21005,97745,1,4,12,21185,2,9,0,
2026-04-14,5371,227,401,20803,97745,0,4,16,21005,28,12,0,
2026-04-15,5371,378,366,20814,97745,0,7,23,20803,1,16,0,
2026-04-16,5371,1075,1086,20796,97745,0,55,78,20814,7,23,0,
2026-04-17,5371,458,258,20996,97745,9,1,70,20796,0,78,0,
2026-04-20,5371,890,553,21323,97745,44,2,28,20996,10,70,0,
2026-04-21,5371,455,234,21542,97745,9,0,19,21323,2,28,0,
2026-04-22,5371,766,462,21844,97745,0,19,38,21542,2,19,0,
2026-04-23,5371,778,484,22129,97745,22,5,21,21844,9,38,0,
2026-04-24,5371,281,239,22138,97745,3,2,20,22129,33,21,0,
2026-04-27,5371,192,258,22069,97745,2,5,23,22138,3,20,0,
2026-04-28,5371,833,1789,21084,97745,8,35,50,22069,29,23,0,
2026-04-29,5371,521,704,20877,97745,29,140,161,21084,24,50,0,
2026-04-30,5371,300,333,20749,97745,11,7,157,20877,95,161,0,
2026-05-04,5371,394,574,20533,97745,111,59,105,20749,36,157,0,
2026-05-05,5371,703,623,20599,97745,9,82,178,20533,14,105,0,
2026-05-06,5371,357,279,20673,97745,68,3,113,20599,4,178,0,
2026-05-07,5371,121,398,20390,97745,1,60,172,20673,6,113,0,
2026-05-08,5371,500,446,20411,97745,2,17,187,20390,33,172,0,
2026-05-11,5371,715,703,20411,97745,50,11,148,20411,12,187,0,
2026-05-12,5371,179,488,20095,97745,8,1,141,20411,7,148,0,
2026-05-13,5371,172,107,20153,97745,15,12,138,20095,7,141,0,
2026-05-14,5371,186,159,20172,97745,10,9,137,20153,8,138,0,
2026-05-15,5371,283,280,20157,97745,3,7,141,20172,18,137,0,
2026-05-18,5371,372,270,20258,97745,1,15,155,20157,1,141,0,
2026-05-19,5371,278,137,20372,97745,11,9,153,20258,27,155,0,
2026-05-20,5371,231,296,20306,97745,3,35,185,20372,1,153,0,
2026-05-21,5371,288,303,20289,97745,6,12,191,20306,2,185,0,
2026-05-22,5371,201,443,20044,97745,3,5,193,20289,3,191,0,
2026-05-25,5371,316,362,19991,97745,6,7,194,20044,7,193,0,
2026-05-26,5371,191,133,20023,97745,3,6,197,19991,26,194,0,
2026-05-27,5371,295,716,19599,97745,15,5,185,20023,3,197,2,
2026-05-28,5371,137,279,19403,97745,2,5,188,19599,54,185,0,
2026-05-29,5371,459,282,19574,97745,2,2,188,19403,6,188,0,
2026-06-01,5371,539,675,19438,97745,0,4,191,19574,0,188,1,
2026-06-02,5371,212,237,19407,97745,3,1,189,19438,6,191,0,
2026-06-03,5371,243,483,19163,97745,82,8,115,19407,4,189,0,
2026-06-04,5371,436,350,19247,97745,13,1,103,19163,2,115,0,
2026-06-05,5371,275,197,19323,97745,5,13,111,19247,2,103,0,
2026-06-08,5371,134,285,19138,97745,98,41,54,19323,34,111,0,
2026-06-09,5371,178,135,19179,97745,7,81,128,19138,2,54,0,
2026-06-10,5371,286,205,19233,97745,5,50,171,19179,27,128,2,X
2026-06-11,5371,167,104,19243,97745,171,0,0,19233,53,171,0,X
2026-06-12,5371,78,150,19168,97745,0,0,0,19243,3,0,0,X
2026-06-15,5371,119,88,19197,97745,0,0,0,19168,2,0,0,X
2026-06-16,5371,126,87,19225,97745,0,0,0,19197,11,0,0,
2026-06-17,5371,135,80,19280,97745,0,6,6,19225,0,0,0,
2026-06-18,5371,85,156,19202,97745,0,2,8,19274,1,6,0,
2026-06-22,5371,720,692,19195,97745,2,29,35,19202,35,8,0,
2026-06-23,5371,858,1552,18501,97745,0,24,59,19195,0,35,0,
2026-06-24,5371,410,425,18484,97745,18,72,113,18501,2,59,0,
2026-06-25,5371,810,346,18946,97745,36,6,83,18484,2,113,0,
2026-06-26,5371,367,354,18957,97745,20,15,78,18946,2,83,0,
2026-06-29,5371,1203,965,19183,97745,52,134,160,18957,12,78,0,
2026-06-30,5371,2933,2368,19748,97745,29,199,330,19183,0,160,0,
2026-07-01,5371,3185,3102,19831,97745,69,37,298,19748,0,330,0,
2026-07-02,5371,2431,1810,20442,97745,96,42,244,19831,10,298,0,
2026-07-03,5371,4897,2929,22410,97745,11,491,724,20442,0,244,0,
2026-07-06,5371,3888,5577,20717,97745,74,536,1185,22410,4,724,1,
2026-07-07,5371,3336,4837,19201,97745,521,107,771,20717,15,1185,0,
2026-07-08,5371,5585,1915,22851,97745,117,222,876,19201,20,771,0,
2026-07-09,5371,3718,4026,22537,97745,400,754,1229,22851,6,876,1,
2026-07-13,5371,3100,2210,23425,97745,680,98,647,22537,2,1229,0,
2026-07-14,5371,3108,2235,24298,97745,83,237,798,23425,0,647,3,
2026-07-15,5371,1019,1294,24017,97745,299,111,609,24298,6,798,1,
2026-07-16,5371,2200,2772,23445,97745,183,114,540,24017,0,609,0,
2026-07-17,5371,1389,3446,21372,97745,192,234,564,23445,16,540,18,
2026-07-20,5371,1430,1459,21330,97745,90,184,657,21372,13,564,1,
2026-07-21,5371,1527,1305,21550,97745,87,363,932,21330,2,657,1,
2026-07-22,5371,2349,1924,21965,97745,246,633,1319,21550,10,932,0,
2026-07-23,5371,858,1555,21268,97745,513,98,899,21965,0,1319,5,
2026-07-24,5371,645,802,21100,97745,145,54,808,21268,11,899,0,
2026-07-27,5371,490,598,20987,97745,89,28,730,21100,5,808,17,
2026-07-28,5371,636,909,20691,97745,65,203,868,20987,23,730,0,
2026-07-29,5371,690,3883,17433,97745,130,70,808,20691,65,868,0,
2026-07-30,5371,307,798,16914,97745,72,39,775,17433,28,808,0,
2026-07-31,5371,304,626,16576,97745,135,45,685,16914,16,775,0,
2026-08-03,5371,281,254,16529,97745,153,46,578,16576,74,685,0,
2026-08-04,5371,511,1427,15612,97745,122,154,610,16529,1,578,0,
2026-08-05,5371,1690,1658,15643,97745,85,782,1306,15612,1,610,1,
2026-08-06,5371,574,569,15638,97745,205,652,1753,15643,10,1306,0,
2026-08-07,5371,1109,1337,15401,97745,234,455,1973,15638,9,1753,1,
2026-08-10,5371,201,772,14830,97745,752,921,2142,15401,0,1973,0,
2026-08-11,5371,972,379,15420,97745,492,538,2186,14830,3,2142,2,
2026-08-12,5371,283,447,15254,97745,708,301,1778,15420,2,2186,1,
2026-08-13,5371,724,309,15669,97745,580,448,1644,15254,0,1778,2,
2026-08-14,5371,2638,2348,15959,97745,294,818,2138,15669,0,1644,30,
2026-08-17,5371,1245,1175,16022,97745,901,256,1473,15959,7,2138,20,X
2026-08-18,5371,505,746,15781,97745,1267,0,164,16022,0,1473,42,X
2026-08-19,5371,738,716,15798,97745,0,0,0,15781,5,164,164,X
2026-08-20,5371,540,383,15955,97745,0,0,0,15798,0,0,0,X
2026-08-21,5371,193,380,15760,97745,0,0,0,15955,8,0,0,!
2026-08-24,5371,0,0,15760,97745,0,0,0,15760,0,0,0,!
2026-08-25,5371,0,0,15759,97745,0,0,0,15760,1,0,0,!
2026-08-26,5371,0,0,15729,97745,0,0,0,15759,30,0,0,!
2026-08-27,5371,0,0,15729,97745,0,0,0,15729,0,0,0,!
2026-08-28,5371,0,0,15729,97745,0,0,0,15729,0,0,0,!
2026-08-31,5371,0,0,15719,97745,0,0,0,15729,10,0,0,!
2026-09-01,5371,0,0,15719,97745,0,0,0,15719,0,0,0,!
2026-09-02,5371,0,0,15714,97745,0,0,0,15719,5,0,0,!
