date,stock_id,m_buy,m_sell,m_balance,m_limit,s_buy,s_sell,s_balance,m_prev,m_ret,s_prev,s_ret,note
2016-08-02,6435,0,0,0,8238,0,0,0,0,0,0,0,
2016-08-03,6435,58,0,58,8238,0,0,0,0,0,0,0,
2016-08-04,6435,329,13,374,8238,0,0,0,58,0,0,0,
2016-08-05,6435,188,117,445,8238,0,0,0,374,0,0,0,
2016-08-08,6435,253,173,525,8238,0,1,1,445,0,0,0,
2016-08-09,6435,50,33,542,8238,0,0,1,525,0,1,0,
2016-08-10,6435,78,43,577,8238,1,0,0,542,0,1,0,
2016-08-11,6435,29,33,573,8238,0,0,0,577,0,0,0,
2016-08-12,6435,28,12,589,8240,0,0,0,573,0,0,0,
2016-08-15,6435,90,78,601,8240,0,1,1,589,0,0,0,
2016-08-16,6435,8,30,579,8240,0,0,1,601,0,1,0,
2016-08-17,6435,5,34,550,8240,0,0,1,579,0,1,0,
2016-08-18,6435,77,54,573,8240,0,0,1,550,0,1,0,
2016-08-19,6435,39,18,594,8240,0,0,1,573,0,1,0,
2016-08-22,6435,14,7,601,8240,0,0,1,594,0,1,0,
2016-08-23,6435,20,7,614,8240,0,0,1,601,0,1,0,
2016-08-24,6435,23,14,623,8240,0,0,1,614,0,1,0,
2016-08-25,6435,34,55,602,8240,0,0,1,623,0,1,0,
2016-08-26,6435,33,11,624,8240,1,0,0,602,0,1,0,
2016-08-29,6435,24,36,612,8240,0,0,0,624,0,0,0,
2016-08-30,6435,92,26,678,8240,0,0,0,612,0,0,0,X
2016-08-31,6435,57,57,678,8240,0,0,0,678,0,0,0,X
2016-09-01,6435,30,46,662,8240,0,0,0,678,0,0,0,X
2016-09-02,6435,20,22,660,8240,0,0,0,662,0,0,0,X
2016-09-05,6435,102,60,702,8240,0,0,0,660,0,0,0,
2016-09-06,6435,36,96,642,8240,0,1,1,702,0,0,0,
2016-09-07,6435,116,33,725,8240,0,0,1,642,0,1,0,
2016-09-08,6435,170,37,858,8240,0,0,1,725,0,1,0,
2016-09-09,6435,58,32,884,8240,0,0,1,858,0,1,0,
2016-09-10,6435,28,24,888,8240,0,2,3,884,0,1,0,
2016-09-12,6435,27,38,877,8240,0,0,3,888,0,3,0,
2016-09-13,6435,41,17,901,8265,0,0,3,877,0,3,0,
2016-09-14,6435,26,36,891,8265,0,0,3,901,0,3,0,
2016-09-19,6435,17,16,892,8265,2,0,1,891,0,3,0,
2016-09-20,6435,37,17,912,8265,0,0,1,892,0,1,0,
2016-09-21,6435,26,13,925,8265,0,0,1,912,0,1,0,
2016-09-22,6435,8,27,906,8265,0,0,1,925,0,1,0,
2016-09-23,6435,22,20,908,8265,0,0,1,906,0,1,0,
2016-09-26,6435,65,27,946,8265,0,0,1,908,0,1,0,
2016-09-29,6435,44,62,928,8265,0,0,1,946,0,1,0,
2016-09-30,6435,29,25,932,8265,0,0,1,928,0,1,0,
2016-10-03,6435,10,37,905,8265,0,0,1,932,0,1,0,
2016-10-04,6435,28,35,898,8265,0,0,1,905,0,1,0,
2016-10-05,6435,9,6,901,8265,0,1,2,898,0,1,0,
2016-10-06,6435,31,24,848,8265,0,0,2,901,60,2,0,
2016-10-07,6435,9,6,851,8265,0,0,2,848,0,2,0,
2016-10-11,6435,26,56,821,8265,0,0,2,851,0,2,0,
2016-10-12,6435,7,3,825,8265,0,0,2,821,0,2,0,
2016-10-13,6435,35,68,792,8265,0,0,2,825,0,2,0,
2016-10-14,6435,5,84,713,8265,0,0,2,792,0,2,0,
2016-10-17,6435,2,8,707,8265,2,0,0,713,0,2,0,
2016-10-18,6435,3,0,709,8265,0,0,0,707,1,0,0,
2016-10-19,6435,3,3,709,8265,0,3,3,709,0,0,0,
2016-10-20,6435,8,13,704,8265,0,0,3,709,0,3,0,
2016-10-21,6435,13,40,677,8265,0,0,3,704,0,3,0,
2016-10-24,6435,0,14,663,8265,0,0,3,677,0,3,0,
2016-10-25,6435,0,0,663,8265,0,0,3,663,0,3,0,
2016-10-26,6435,1,1,663,8265,2,0,1,663,0,3,0,
2016-10-27,6435,3,0,640,8265,0,0,1,663,26,1,0,
2016-10-28,6435,87,34,693,8265,0,0,1,640,0,1,0,
2016-10-31,6435,1,3,685,8265,0,0,1,693,6,1,0,
2016-11-01,6435,8,0,693,8265,0,0,1,685,0,1,0,
2016-11-02,6435,13,13,693,8265,1,0,0,693,0,1,0,
2016-11-03,6435,10,25,678,8265,0,0,0,693,0,0,0,
2016-11-04,6435,4,5,677,8265,0,0,0,678,0,0,0,
2016-11-07,6435,5,5,677,8265,0,0,0,677,0,0,0,
2016-11-08,6435,7,2,682,8265,0,0,0,677,0,0,0,
2016-11-09,6435,10,9,683,8265,0,0,0,682,0,0,0,
2016-11-10,6435,4,5,682,8265,0,0,0,683,0,0,0,
2016-11-11,6435,10,25,667,8265,0,0,0,682,0,0,0,
2016-11-14,6435,2,2,667,8265,0,0,0,667,0,0,0,
2016-11-15,6435,0,3,664,8265,0,0,0,667,0,0,0,
2016-11-16,6435,6,2,668,8265,0,0,0,664,0,0,0,
2016-11-17,6435,8,2,674,8265,0,0,0,668,0,0,0,
2016-11-18,6435,30,7,697,8265,0,0,0,674,0,0,0,
2016-11-21,6435,1,1,697,8265,0,0,0,697,0,0,0,
2016-11-22,6435,1,0,698,8265,0,0,0,697,0,0,0,
2016-11-23,6435,1,4,695,8265,0,0,0,698,0,0,0,
2016-11-24,6435,5,3,697,8265,0,0,0,695,0,0,0,
2016-11-25,6435,7,2,702,8265,0,0,0,697,0,0,0,
2016-11-28,6435,22,20,704,8265,0,0,0,702,0,0,0,
2016-11-29,6435,1,1,704,8265,0,0,0,704,0,0,0,
2016-11-30,6435,0,7,697,8265,0,0,0,704,0,0,0,
2016-12-01,6435,1,8,690,8265,0,0,0,697,0,0,0,
2016-12-02,6435,4,0,694,8265,0,0,0,690,0,0,0,
2016-12-05,6435,0,2,692,8265,0,0,0,694,0,0,0,
2016-12-06,6435,3,2,693,8265,0,0,0,692,0,0,0,
2016-12-07,6435,0,2,691,8265,0,0,0,693,0,0,0,
2016-12-08,6435,3,8,686,8265,0,0,0,691,0,0,0,
2016-12-09,6435,3,12,677,8265,0,0,0,686,0,0,0,
2016-12-12,6435,1,11,667,8265,0,0,0,677,0,0,0,
2016-12-13,6435,0,0,667,8265,0,0,0,667,0,0,0,
2016-12-14,6435,7,10,664,8265,0,0,0,667,0,0,0,
2016-12-15,6435,6,5,665,8265,0,0,0,664,0,0,0,
2016-12-16,6435,1,2,664,8265,0,0,0,665,0,0,0,
2016-12-19,6435,4,1,667,8265,0,0,0,664,0,0,0,
2016-12-20,6435,2,1,668,8265,0,0,0,667,0,0,0,
2016-12-21,6435,0,1,667,8265,0,0,0,668,0,0,0,
2016-12-22,6435,12,5,674,8265,0,0,0,667,0,0,0,
2016-12-23,6435,17,4,687,8265,0,0,0,674,0,0,0,
2016-12-26,6435,0,1,686,8265,0,0,0,687,0,0,0,
2016-12-27,6435,0,2,684,8265,0,1,1,686,0,0,0,
2016-12-28,6435,7,8,683,8265,0,1,2,684,0,1,0,
2016-12-29,6435,1,0,684,8265,0,0,2,683,0,2,0,
2016-12-30,6435,7,0,691,8265,0,0,2,684,0,2,0,
2017-01-03,6435,6,2,695,8265,0,0,2,691,0,2,0,
2017-01-04,6435,10,16,689,8265,0,0,2,695,0,2,0,
2017-01-05,6435,1,22,668,8265,0,0,2,689,0,2,0,
2017-01-06,6435,19,6,681,8265,0,0,2,668,0,2,0,
2017-01-09,6435,108,76,713,8265,1,0,1,681,0,2,0,
2017-01-10,6435,25,11,727,8265,0,0,1,713,0,1,0,
2017-01-11,6435,2,1,728,8265,0,0,1,727,0,1,0,
2017-01-12,6435,0,2,726,8265,0,0,1,728,0,1,0,
2017-01-13,6435,4,16,714,8265,0,0,1,726,0,1,0,
2017-01-16,6435,0,1,713,8265,0,0,1,714,0,1,0,
2017-01-17,6435,8,118,603,8265,0,0,1,713,0,1,0,
2017-01-18,6435,1,0,604,8265,0,0,1,603,0,1,0,
2017-01-19,6435,15,17,602,8265,0,0,1,604,0,1,0,
2017-01-20,6435,10,16,596,8265,0,0,1,602,0,1,0,
2017-01-23,6435,1,3,594,8265,0,0,1,596,0,1,0,
2017-01-24,6435,10,13,591,8265,0,0,1,594,0,1,0,
2017-02-02,6435,1,7,585,8265,0,0,1,591,0,1,0,
2017-02-03,6435,10,37,558,8265,0,0,1,585,0,1,0,
2017-02-06,6435,2,10,550,8265,0,0,1,558,0,1,0,
2017-02-07,6435,3,19,534,8265,0,0,1,550,0,1,0,
2017-02-08,6435,106,74,566,8265,0,13,14,534,0,1,0,
2017-02-09,6435,25,27,564,8265,13,0,1,566,0,14,0,
2017-02-10,6435,6,43,527,8265,0,0,1,564,0,1,0,
2017-02-13,6435,71,4,594,8265,0,0,1,527,0,1,0,
2017-02-14,6435,32,17,609,8265,0,0,1,594,0,1,0,
2017-02-15,6435,40,2,647,8265,0,0,1,609,0,1,0,
2017-02-16,6435,16,5,658,8265,0,0,1,647,0,1,0,
2017-02-17,6435,14,18,654,8265,0,1,2,658,0,1,0,
2017-02-18,6435,111,17,748,8265,0,0,2,654,0,2,0,
2017-02-20,6435,635,114,1269,8265,0,0,2,748,0,2,0,
2017-02-21,6435,97,54,1312,8265,0,0,2,1269,0,2,0,
2017-02-22,6435,127,123,1316,8265,0,0,2,1312,0,2,0,
2017-02-23,6435,120,71,1365,8265,0,0,2,1316,0,2,0,
2017-02-24,6435,222,356,1231,8265,0,0,2,1365,0,2,0,
2017-03-01,6435,88,175,1144,8265,0,0,2,1231,0,2,0,
2017-03-02,6435,47,73,1118,8265,0,0,2,1144,0,2,0,
2017-03-03,6435,37,57,1098,8265,0,0,2,1118,0,2,0,
2017-03-06,6435,34,21,1111,8265,0,0,2,1098,0,2,0,
2017-03-07,6435,35,13,1133,8265,0,0,2,1111,0,2,0,
2017-03-08,6435,24,82,1075,8265,0,0,2,1133,0,2,0,
2017-03-09,6435,54,45,1084,8265,0,0,2,1075,0,2,0,
2017-03-10,6435,1037,349,1772,8265,0,19,21,1084,0,2,0,
2017-03-13,6435,719,371,2120,8265,0,55,76,1772,0,21,0,
2017-03-14,6435,1624,1037,2707,8265,42,43,77,2120,0,76,0,
2017-03-15,6435,886,950,2643,8265,22,32,87,2707,0,77,0,
2017-03-16,6435,784,619,2808,8265,38,17,66,2643,0,87,0,
2017-03-17,6435,1265,1253,2820,8265,5,49,110,2808,0,66,0,
2017-03-20,6435,460,526,2754,8265,45,7,72,2820,0,110,0,
2017-03-21,6435,544,428,2870,8265,12,4,64,2754,0,72,0,
2017-03-22,6435,1541,924,3487,8265,4,181,241,2870,0,64,0,
2017-03-23,6435,1756,1796,3447,8265,104,45,182,3487,0,241,0,
2017-03-24,6435,821,955,3313,8265,32,54,204,3447,0,182,0,
2017-03-27,6435,554,632,3235,8265,46,34,192,3313,0,204,0,
2017-03-28,6435,774,1031,2978,8265,132,135,194,3235,0,192,1,
2017-03-29,6435,1023,782,3219,8265,118,144,220,2978,0,194,0,
2017-03-30,6435,1642,1236,3625,8265,69,248,399,3219,0,220,0,
2017-03-31,6435,1343,1596,3372,8265,39,206,566,3625,0,399,0,
2017-04-05,6435,1193,995,3570,8265,53,380,893,3372,0,566,0,
2017-04-06,6435,1143,1261,3448,8265,269,378,1002,3570,4,893,0,
2017-04-07,6435,1041,1167,3322,8265,201,279,1080,3448,0,1002,0,
2017-04-10,6435,738,595,3464,8265,353,13,738,3322,1,1080,2,11   A
2017-04-11,6435,627,561,3530,8265,111,8,635,3464,0,738,0,11   A
2017-04-12,6435,1026,1134,3422,8265,114,23,541,3530,0,635,3,11   A C
2017-04-13,6435,585,593,3412,8265,280,5,264,3422,2,541,2,11 X A C
2017-04-14,6435,426,572,3241,8265,245,0,5,3412,25,264,14,11 X A C
2017-04-17,6435,481,564,3158,8265,0,0,0,3241,0,5,5,11 X A C
2017-04-18,6435,1140,853,3445,8265,0,0,0,3158,0,0,0,11 X A C
2017-04-19,6435,628,757,3316,8265,0,0,0,3445,0,0,0,11   A C
2017-04-20,6435,580,568,3328,8265,0,208,208,3316,0,0,0,11   A C
2017-04-21,6435,488,423,3393,8265,29,212,391,3328,0,208,0,11   A C
2017-04-24,6435,814,961,3246,8265,112,318,597,3393,0,391,0,11   A C
2017-04-25,6435,651,486,3411,8265,259,129,467,3246,0,597,0,11   A C
2017-04-26,6435,662,620,3453,8265,31,97,533,3411,0,467,0,11   A C
2017-04-27,6435,768,583,3638,8265,31,70,572,3453,0,533,0,11   A C
2017-04-28,6435,1823,939,4522,8265,21,545,1095,3638,0,572,1,11   A C
2017-05-02,6435,1504,1980,4046,8265,152,368,1311,4522,0,1095,0,11   A C
2017-05-03,6435,1383,1599,3830,8265,327,202,1185,4046,0,1311,1,11   A C
2017-05-04,6435,461,466,3825,8265,164,100,1114,3830,0,1185,7,11   A C
2017-05-05,6435,417,438,3804,8265,158,239,1195,3825,0,1114,0,11     C
2017-05-08,6435,350,357,3796,8265,113,104,1186,3804,1,1195,0,11     C
2017-05-09,6435,244,293,3746,8265,132,243,1296,3796,1,1186,1,11     C
2017-05-10,6435,277,269,3754,8265,114,156,1338,3746,0,1296,0,11     C
2017-05-11,6435,639,517,3876,8265,90,76,1324,3754,0,1338,0,11     C
2017-05-12,6435,333,311,3898,8265,101,79,1302,3876,0,1324,0,11     C
2017-05-15,6435,184,245,3837,8265,50,38,1290,3898,0,1302,0,11     C
2017-05-16,6435,209,273,3773,8265,53,44,1280,3837,0,1290,1,11     C
2017-05-17,6435,165,187,3746,8265,12,22,1289,3773,5,1280,1,11     C
2017-05-18,6435,152,189,3709,8265,72,33,1250,3746,0,1289,0,11     C
2017-05-19,6435,2025,1062,4672,8265,73,373,1550,3709,0,1250,0,11     C
2017-05-22,6435,1451,1912,4211,8265,279,49,1320,4672,0,1550,0,11     C
2017-05-23,6435,371,417,4165,8265,121,120,1319,4211,0,1320,0,11     C
2017-05-24,6435,281,293,4153,8265,58,63,1324,4165,0,1319,0,11     C
2017-05-25,6435,180,194,4139,8265,60,19,1283,4153,0,1324,0,11     C
2017-05-26,6435,207,195,4151,8265,54,27,1256,4139,0,1283,0,11     C
2017-05-31,6435,145,272,4024,8265,56,23,1223,4151,0,1256,0,11     C
2017-06-01,6435,99,227,3894,8265,53,24,1194,4024,2,1223,0,11     C
2017-06-02,6435,1026,852,4068,8265,55,59,1198,3894,0,1194,0,11     C
2017-06-03,6435,559,570,4057,8265,5,42,1235,4068,0,1198,0,11     C
2017-06-05,6435,430,565,3922,8265,245,12,1002,4057,0,1235,0,11     C
2017-06-06,6435,205,252,3875,8265,137,13,878,3922,0,1002,0,11     C
2017-06-07,6435,537,551,3860,8265,4,20,891,3875,1,878,3,11     C
2017-06-08,6435,642,504,3997,8265,24,52,919,3860,1,891,0,11     C
2017-06-09,6435,255,425,3827,8265,130,7,796,3997,0,919,0,11     C
2017-06-12,6435,92,175,3744,8265,118,26,704,3827,0,796,0,11     C
2017-06-13,6435,247,367,3624,8265,59,33,678,3744,0,704,0,11     C
2017-06-14,6435,345,282,3687,8265,38,122,762,3624,0,678,0,11     C
2017-06-15,6435,160,262,3585,8265,226,211,747,3687,0,762,0,11     C
2017-06-16,6435,84,124,3545,8265,49,25,723,3585,0,747,0,11     C
2017-06-19,6435,103,146,3502,8265,81,16,658,3545,0,723,0,11     C
2017-06-20,6435,93,95,3500,8265,32,55,679,3502,0,656,0,11     C
2017-06-21,6435,68,63,3507,8265,30,5,651,3502,0,676,0,11     C
2017-06-22,6435,102,139,3456,8265,64,8,595,3507,14,651,0,
2017-06-23,6435,167,355,3268,8265,79,134,650,3456,0,595,0,
2017-06-26,6435,408,282,3393,8265,149,75,576,3268,1,650,0,
2017-06-27,6435,439,381,3450,8265,79,53,550,3393,1,576,0,
2017-06-28,6435,217,160,3507,8265,51,107,606,3450,0,550,0,
2017-06-29,6435,85,175,3417,8265,50,37,593,3507,0,606,0,
2017-06-30,6435,75,76,3416,8265,79,74,588,3417,0,593,0,
2017-07-03,6435,43,35,3424,8265,54,4,538,3416,0,588,0,
2017-07-04,6435,37,80,3381,8265,75,8,471,3424,0,538,0,
2017-07-05,6435,40,56,3365,8265,24,23,470,3381,0,471,0,
2017-07-06,6435,93,69,3389,8265,52,12,430,3365,0,470,0,
2017-07-07,6435,57,84,3354,8265,57,3,376,3389,8,430,0,
2017-07-10,6435,87,189,3252,8265,75,52,353,3354,0,376,0,
2017-07-11,6435,81,131,3202,8265,37,82,398,3252,0,353,0,
2017-07-12,6435,54,104,3149,8265,38,16,368,3199,0,398,8,
2017-07-13,6435,173,135,3157,8265,48,38,358,3149,30,368,0,
2017-07-14,6435,605,484,3278,8265,52,106,412,3157,0,358,0,
2017-07-17,6435,157,139,3296,8265,37,18,393,3278,0,412,0,
2017-07-18,6435,189,168,3310,8265,17,15,391,3296,7,393,0,
2017-07-19,6435,178,195,3293,8265,52,8,346,3310,0,390,0,
2017-07-20,6435,1577,688,4182,8265,43,153,456,3293,0,346,0,
2017-07-21,6435,942,887,4237,8265,142,43,357,4182,0,456,0,
2017-07-24,6435,271,277,4231,8265,64,37,330,4237,0,357,0,
2017-07-25,6435,253,250,4234,8265,22,17,325,4231,0,330,0,
2017-07-26,6435,231,392,4073,8265,14,27,338,4234,0,325,0,
2017-07-27,6435,571,619,4025,8265,88,17,267,4073,0,338,0,
2017-07-28,6435,149,242,3932,8265,28,9,248,4025,0,267,0,
2017-07-31,6435,150,313,3769,8265,10,2,240,3932,0,248,0,
2017-08-01,6435,698,997,3470,8265,18,18,240,3769,0,240,0,
2017-08-02,6435,2064,1448,4074,8265,25,216,431,3458,0,240,0,
2017-08-03,6435,758,1250,3667,8265,143,19,308,4159,0,432,0,
2017-08-04,6435,810,669,3809,8265,31,49,326,3668,0,308,0,
2017-08-07,6435,1427,604,4632,8265,6,196,515,3809,0,326,1,
2017-08-08,6435,2317,2131,4818,8265,129,91,477,4632,0,515,0,
2017-08-09,6435,1333,1461,4690,8265,47,252,682,4818,0,477,0,
2017-08-10,6435,780,1080,4384,8265,223,34,487,4690,6,682,6,
2017-08-11,6435,607,575,4416,8265,28,56,513,4384,0,487,2,
2017-08-14,6435,956,1296,4076,8265,210,127,430,4416,0,513,0,
2017-08-15,6435,771,1106,3741,8265,187,7,248,4076,0,430,2,
2017-08-16,6435,471,431,3780,8265,34,38,252,3741,1,248,0,
2017-08-17,6435,321,364,3736,8265,45,10,216,3780,1,252,1,
2017-08-18,6435,203,342,3597,8265,125,12,103,3736,0,216,0,X
2017-08-21,6435,681,429,3849,8265,102,0,1,3597,0,103,0,X
2017-08-22,6435,998,709,4137,8265,0,0,0,3849,1,1,1,X
2017-08-23,6435,803,1081,3859,8265,0,0,0,4137,0,0,0,X
2017-08-24,6435,618,618,3859,8265,0,0,0,3859,0,0,0,
2017-08-25,6435,1839,1205,4493,8265,0,142,142,3859,0,0,0,
2017-08-28,6435,1158,1464,4187,8265,117,28,53,4493,0,142,0,
2017-08-29,6435,442,496,4133,8265,26,82,109,4187,0,53,0,11     C
2017-08-30,6435,397,371,4159,8265,33,30,106,4133,0,109,0,11     C
2017-08-31,6435,229,392,3996,8265,32,15,89,4159,0,106,0,11     C
2017-09-01,6435,129,175,3950,8265,30,18,77,3996,0,89,0,11     C
2017-09-04,6435,149,173,3926,8265,22,5,60,3950,0,77,0,11     C
2017-09-05,6435,721,482,4165,8265,13,32,79,3926,0,60,0,11     C
2017-09-06,6435,285,381,4069,8265,39,44,84,4165,0,79,0,11     C
2017-09-07,6435,176,247,3998,8265,37,20,67,4069,0,84,0,11     C
2017-09-08,6435,306,196,4105,8265,10,11,68,3998,3,67,0,11     C
2017-09-11,6435,243,223,4125,8265,28,5,45,4105,0,68,0,
2017-09-12,6435,775,391,4509,8265,9,39,75,4125,0,45,0,
2017-09-13,6435,1046,1096,4459,8265,22,18,71,4509,0,75,0,
2017-09-14,6435,167,292,4334,8265,13,6,64,4459,0,71,0,
2017-09-15,6435,170,179,4324,8265,16,15,63,4334,1,64,0,
2017-09-18,6435,107,173,4258,8265,5,1,59,4324,0,63,0,
2017-09-19,6435,141,167,4232,8265,13,23,69,4258,0,59,0,
2017-09-20,6435,138,285,4085,8265,27,46,88,4232,0,69,0,
2017-09-21,6435,125,82,4128,8265,41,26,73,4085,0,88,0,
2017-09-22,6435,117,150,4095,8265,10,10,73,4128,0,73,0,
2017-09-25,6435,203,231,4067,8265,10,23,86,4095,0,73,0,
2017-09-26,6435,188,151,4104,8265,7,21,100,4067,0,86,0,
2017-09-27,6435,132,156,4080,8265,13,9,96,4104,0,100,0,
2017-09-28,6435,93,150,4023,8265,3,10,103,4080,0,96,0,
2017-09-29,6435,378,203,4198,8265,17,22,108,4023,0,103,0,
2017-09-30,6435,628,597,4229,8265,6,50,152,4198,0,108,0,
2017-10-02,6435,292,196,4325,8265,24,9,137,4229,0,152,0,
2017-10-03,6435,650,374,4601,8265,23,18,132,4325,0,137,0,
2017-10-05,6435,551,761,4385,8265,4,30,158,4600,5,132,0,
2017-10-06,6435,214,345,4256,8265,47,3,114,4387,0,158,0,
2017-10-11,6435,155,215,4195,8265,7,2,109,4256,1,114,0,
2017-10-12,6435,78,121,4151,8265,10,16,114,4195,1,109,1,
2017-10-13,6435,138,220,4069,8265,18,11,107,4151,0,114,0,
2017-10-16,6435,269,232,4106,8265,14,0,93,4069,0,107,0,
2017-10-17,6435,111,151,4066,8265,10,0,83,4106,0,93,0,
2017-10-18,6435,100,119,4047,8265,27,5,61,4066,0,83,0,
2017-10-19,6435,260,247,4060,8265,3,16,74,4047,0,61,0,
2017-10-20,6435,114,154,4020,8265,6,1,69,4060,0,74,0,
2017-10-23,6435,243,247,4016,8265,9,12,72,4020,0,69,0,
2017-10-24,6435,2225,1209,5032,8265,4,129,197,4016,0,72,0,
2017-10-25,6435,2132,2824,4340,8265,39,74,232,5032,0,197,0,
2017-10-26,6435,1788,1025,5103,8265,12,402,622,4340,0,232,0,
2017-10-27,6435,2482,2802,4783,8265,132,432,922,5103,0,622,0,
2017-10-30,6435,1736,2047,4472,8265,126,157,953,4783,0,922,0,
2017-10-31,6435,1484,1219,4737,8265,55,686,1584,4472,0,953,0,
2017-11-01,6435,1649,2081,4305,8265,275,163,1471,4737,0,1584,1,
2017-11-02,6435,790,914,4181,8265,138,44,1377,4305,0,1471,0,
2017-11-03,6435,1190,986,4384,8265,67,92,1401,4181,1,1377,1,
2017-11-06,6435,478,562,4299,8265,67,60,1392,4384,1,1401,2,
2017-11-07,6435,799,911,4187,8265,485,119,1026,4299,0,1392,0,11     C
2017-11-08,6435,577,523,4240,8265,103,111,1034,4187,1,1026,0,11     C
2017-11-09,6435,737,875,4102,8265,52,120,1101,4240,0,1034,1,11     C
2017-11-10,6435,406,442,4066,8265,258,60,903,4102,0,1101,0,11     C
2017-11-13,6435,349,259,4155,8265,171,42,774,4066,1,903,0,11     C
2017-11-14,6435,598,430,4323,8265,216,92,650,4155,0,774,0,11     C
2017-11-15,6435,455,624,4154,8265,48,140,742,4323,0,650,0,11     C
2017-11-16,6435,823,827,4150,8265,39,318,1020,4154,0,742,1,11     C
2017-11-17,6435,1226,1044,4332,8265,50,142,1112,4150,0,1020,0,11     C
2017-11-20,6435,465,436,4360,8265,65,67,1114,4332,1,1112,0,11     C
2017-11-21,6435,648,638,4370,8265,55,103,1162,4360,0,1114,0,11     C
2017-11-22,6435,548,658,4260,8265,236,71,997,4370,0,1162,0,11     C
2017-11-23,6435,342,431,4171,8265,152,142,987,4260,0,997,0,11     C
2017-11-24,6435,375,341,4205,8265,78,71,980,4171,0,987,0,11     C
2017-11-27,6435,291,430,4066,8265,155,170,994,4205,0,980,1,11     C
2017-11-28,6435,278,113,4229,8265,35,40,999,4066,2,994,0,11     C
2017-11-29,6435,323,452,4099,8265,137,94,955,4229,1,999,1,11     C
2017-11-30,6435,259,236,4112,8265,162,28,821,4099,10,955,0,11     C
2017-12-01,6435,262,231,4143,8265,149,43,715,4112,0,821,0,11     C
2017-12-04,6435,118,221,4040,8265,87,34,662,4143,0,715,0,11     C
2017-12-05,6435,273,267,4036,8265,57,114,719,4040,10,662,0,11     C
2017-12-06,6435,339,335,4040,8265,209,39,549,4036,0,719,0,11     C
2017-12-07,6435,204,260,3984,8265,83,33,499,4040,0,549,0,11     C
2017-12-08,6435,202,166,3976,8265,87,30,412,3984,44,499,30,11     C
2017-12-11,6435,400,430,3945,8265,15,103,500,3976,1,412,0,11     C
2017-12-12,6435,321,351,3912,8265,71,29,458,3945,3,500,0,11     C
2017-12-13,6435,247,191,3968,8265,13,90,535,3912,0,458,0,11     C
2017-12-14,6435,408,311,4065,8265,24,18,529,3968,0,535,0,11     C
2017-12-15,6435,78,73,4070,8265,34,16,511,4065,0,529,0,11     C
2017-12-18,6435,72,94,4047,8265,29,10,492,4070,1,511,0,11     C
2017-12-19,6435,70,89,4024,8265,53,5,444,4047,4,492,0,11     C
2017-12-20,6435,378,282,4120,8265,15,61,490,4024,0,444,0,11     C
2017-12-21,6435,178,162,4136,8265,20,17,487,4120,0,490,0,11     C
2017-12-22,6435,111,72,4175,8265,11,43,519,4136,0,487,0,11     C
2017-12-25,6435,620,549,4246,8265,19,191,691,4175,0,519,0,11     C
2017-12-26,6435,839,561,4524,8265,77,60,674,4246,0,691,0,
2017-12-27,6435,601,733,4391,8265,22,152,804,4524,1,674,0,
2017-12-28,6435,373,314,4450,8265,132,22,694,4391,0,804,0,
2017-12-29,6435,134,160,4424,8265,51,24,667,4450,0,694,0,
2018-01-02,6435,296,381,4339,8265,17,112,762,4424,0,667,0,
2018-01-03,6435,568,486,4421,8265,21,19,760,4339,0,762,0,
2018-01-04,6435,466,375,4512,8265,63,97,794,4421,0,760,0,
2018-01-05,6435,684,644,4552,8265,113,37,718,4512,0,794,0,
2018-01-08,6435,253,252,4553,8265,34,54,738,4552,0,718,0,
2018-01-09,6435,176,340,4389,8265,127,33,644,4553,0,738,0,
2018-01-10,6435,94,194,4289,8265,94,42,592,4389,0,644,0,
2018-01-11,6435,62,54,4297,8265,65,47,573,4289,0,592,1,
2018-01-12,6435,65,74,4288,8265,23,23,573,4297,0,573,0,
2018-01-15,6435,68,131,4222,8265,79,14,508,4288,3,573,0,
2018-01-16,6435,76,53,4245,8265,11,6,503,4222,0,508,0,
2018-01-17,6435,90,110,4224,8265,9,11,505,4245,1,503,0,
2018-01-18,6435,301,349,4176,8265,21,45,529,4224,0,505,0,
2018-01-19,6435,194,275,4095,8265,24,14,519,4176,0,529,0,
2018-01-22,6435,467,253,4308,8265,13,67,573,4095,1,519,0,
2018-01-23,6435,1285,999,4593,8265,25,112,660,4308,1,573,0,
2018-01-24,6435,321,300,4614,8265,49,43,654,4593,0,660,0,
2018-01-25,6435,305,322,4595,8265,63,11,602,4614,2,654,0,
2018-01-26,6435,233,180,4648,8265,14,14,602,4595,0,602,0,
2018-01-29,6435,401,398,4651,8265,20,34,616,4648,0,602,0,
2018-01-30,6435,287,305,4633,8265,47,9,578,4651,0,616,0,
2018-01-31,6435,106,183,4556,8265,33,13,558,4633,0,578,0,
2018-02-01,6435,458,397,4616,8265,20,21,558,4556,1,558,1,
2018-02-02,6435,84,130,4570,8265,10,15,563,4616,0,558,0,
2018-02-05,6435,150,197,4522,8265,81,137,619,4570,1,563,0,
2018-02-06,6435,274,479,4315,8265,231,42,430,4522,2,619,0,
2018-02-07,6435,217,316,4101,8265,36,22,416,4315,115,430,0,
2018-02-08,6435,107,147,4057,8265,29,24,411,4101,4,416,0,
2018-02-09,6435,123,271,3883,8265,75,11,347,4057,26,411,0,
2018-02-12,6435,90,117,3855,8265,37,21,331,3883,1,347,0,
2018-02-21,6435,185,130,3910,8265,4,30,357,3855,0,331,0,
2018-02-22,6435,139,242,3807,8265,3,28,382,3910,0,357,0,
2018-02-23,6435,128,184,3751,8265,8,21,395,3807,0,382,0,
2018-02-26,6435,250,229,3772,8265,16,42,421,3751,0,395,0,
2018-02-27,6435,166,186,3752,8265,9,23,435,3772,0,421,0,
2018-03-01,6435,293,373,3672,8265,23,35,447,3752,0,435,0,
2018-03-02,6435,229,194,3707,8265,6,19,460,3672,0,447,0,
2018-03-05,6435,333,378,3662,8265,5,17,472,3707,0,460,0,
2018-03-06,6435,449,389,3722,8265,12,41,501,3662,0,472,0,
2018-03-07,6435,201,344,3578,8265,61,20,460,3722,1,501,0,
2018-03-08,6435,280,169,3688,8265,15,28,473,3578,1,460,0,
2018-03-09,6435,248,236,3700,8265,45,2,430,3688,0,473,0,
2018-03-12,6435,130,145,3683,8265,36,6,400,3700,2,430,0,
2018-03-13,6435,189,125,3747,8265,13,1,388,3683,0,400,0,
2018-03-14,6435,149,124,3772,8265,17,23,394,3747,0,388,0,
2018-03-15,6435,126,110,3787,8265,13,16,397,3772,1,394,0,
2018-03-16,6435,144,129,3802,8265,12,13,398,3787,0,397,0,
2018-03-19,6435,137,73,3865,8265,11,1,388,3802,1,398,0,
2018-03-20,6435,383,285,3963,8265,9,18,397,3865,0,388,0,
2018-03-21,6435,1027,944,4046,8265,15,12,394,3963,0,397,0,
2018-03-22,6435,293,472,3867,8265,25,30,399,4046,0,394,0,
2018-03-23,6435,301,249,3919,8265,62,25,362,3867,0,399,0,
2018-03-26,6435,95,62,3952,8265,6,2,358,3919,0,362,0,
2018-03-27,6435,85,125,3911,8265,4,0,354,3952,1,358,0,
2018-03-28,6435,159,124,3946,8265,1,15,368,3911,0,354,0,
2018-03-29,6435,118,73,3891,8265,5,11,374,3946,100,368,0,
2018-03-30,6435,84,79,3896,8265,24,2,352,3891,0,374,0,
2018-03-31,6435,49,41,3904,8265,7,4,349,3896,0,352,0,
2018-04-02,6435,91,61,3932,8265,28,21,341,3904,2,349,1,
2018-04-03,6435,94,118,3907,8265,27,9,323,3932,1,341,0,
2018-04-09,6435,47,78,3876,8265,18,8,313,3907,0,323,0,
2018-04-10,6435,151,113,3914,8265,15,3,301,3876,0,313,0,
2018-04-11,6435,56,100,3870,8265,4,0,201,3914,0,301,96,
2018-04-12,6435,51,56,3865,8265,47,0,51,3870,0,201,103,X
2018-04-13,6435,27,40,3852,8265,50,0,1,3865,0,51,0,X
2018-04-16,6435,59,60,3850,8265,0,0,0,3852,1,1,1,X
2018-04-17,6435,80,98,3832,8265,0,0,0,3850,0,0,0,X
2018-04-18,6435,203,129,3906,8265,0,0,0,3832,0,0,0,
2018-04-19,6435,520,512,3904,8265,0,47,47,3906,10,0,0,
2018-04-20,6435,159,169,3894,8265,4,17,60,3904,0,47,0,
2018-04-23,6435,104,190,3808,8265,38,41,63,3894,0,60,0,
2018-04-24,6435,102,157,3753,8265,22,52,93,3808,0,63,0,
2018-04-25,6435,33,64,3719,8265,35,25,83,3753,3,93,0,
2018-04-26,6435,52,134,3637,8265,10,40,113,3719,0,83,0,
2018-04-27,6435,64,42,3659,8265,29,85,169,3637,0,113,0,
2018-04-30,6435,56,41,3674,8265,66,8,111,3659,0,169,0,
2018-05-02,6435,118,48,3744,8265,26,81,166,3674,0,111,0,
2018-05-03,6435,89,156,3675,8265,58,97,205,3744,2,166,0,
2018-05-04,6435,46,134,3584,8265,73,30,162,3675,3,205,0,
2018-05-07,6435,53,41,3593,8265,50,7,119,3584,3,162,0,
2018-05-08,6435,78,67,3604,8265,23,11,107,3593,0,119,0,
2018-05-09,6435,25,67,3562,8265,9,4,102,3604,0,107,0,
2018-05-10,6435,263,143,3682,8265,11,2,93,3562,0,102,0,
2018-05-11,6435,333,320,3695,8265,18,20,95,3682,0,93,0,
2018-05-14,6435,97,126,3666,8265,23,9,81,3695,0,95,0,
2018-05-15,6435,140,132,3674,8265,8,10,83,3666,0,81,0,
2018-05-16,6435,88,121,3641,8265,7,10,86,3674,0,83,0,
2018-05-17,6435,58,40,3659,8265,14,23,95,3641,0,86,0,
2018-05-18,6435,29,20,3668,8265,9,9,95,3659,0,95,0,
2018-05-21,6435,44,47,3665,8265,9,14,100,3668,0,95,0,
2018-05-22,6435,65,51,3679,8265,5,3,98,3665,0,100,0,
2018-05-23,6435,222,129,3772,8265,11,7,94,3679,0,98,0,
2018-05-24,6435,978,753,3997,8265,29,97,162,3772,0,94,0,
2018-05-25,6435,572,579,3990,8265,37,20,145,3997,0,162,0,
2018-05-28,6435,949,728,4211,8265,26,57,176,3990,0,145,0,
2018-05-29,6435,903,993,4121,8265,13,129,292,4211,0,176,0,
2018-05-30,6435,657,828,3950,8265,58,108,342,4121,0,292,0,
2018-05-31,6435,1359,1330,3979,8265,77,54,318,3950,0,342,1,
2018-06-01,6435,543,542,3980,8265,17,38,339,3979,0,318,0,
2018-06-04,6435,560,792,3748,8265,30,22,331,3980,0,339,0,
2018-06-05,6435,541,386,3903,8265,86,8,253,3748,0,331,0,
2018-06-06,6435,482,547,3838,8265,16,47,284,3903,0,253,0,
2018-06-07,6435,611,496,3952,8265,35,8,256,3838,1,284,1,
2018-06-08,6435,1735,1417,4269,8265,27,253,482,3952,1,256,0,
2018-06-11,6435,1516,1268,4513,8265,106,275,651,4269,4,482,0,
2018-06-12,6435,1552,2000,4061,8265,125,293,818,4513,4,651,1,
2018-06-13,6435,809,1151,3704,8265,154,58,722,4061,15,818,0,
2018-06-14,6435,1081,932,3853,8265,73,322,968,3704,0,722,3,
2018-06-15,6435,915,924,3844,8265,223,36,781,3853,0,968,0,
2018-06-19,6435,703,832,3714,8265,220,56,616,3844,1,781,1,11     C
2018-06-20,6435,837,1058,3488,8265,215,107,502,3714,5,616,6,11     C
2018-06-21,6435,997,786,3699,8265,35,467,934,3488,0,502,0,11     C
2018-06-22,6435,657,1013,3343,8265,341,47,640,3699,0,934,0,11     C
2018-06-25,6435,404,774,2973,8265,167,89,562,3343,0,640,0,11     C
2018-06-26,6435,785,495,3263,8265,41,217,738,2973,0,562,0,11     C
2018-06-27,6435,1100,1190,3170,8265,102,151,784,3263,3,738,3,11     C
2018-06-28,6435,478,467,3181,8265,157,144,771,3170,0,784,0,11     C
2018-06-29,6435,392,493,3080,8265,148,27,650,3181,0,771,0,11     C
2018-07-02,6435,385,474,2989,8265,73,46,622,3080,2,650,1,11     C
2018-07-03,6435,980,1037,2932,8265,70,37,589,2989,0,622,0,11     C
2018-07-04,6435,847,633,3146,8265,100,54,543,2932,0,589,0,11     C
2018-07-05,6435,1054,804,3396,8265,207,255,591,3146,0,543,0,11   A C
2018-07-06,6435,573,903,3066,8265,363,30,258,3396,0,591,0,11   A C
2018-07-09,6435,437,477,3025,8265,72,109,294,3066,1,258,1,11   A C
2018-07-10,6435,203,363,2863,8265,50,93,335,3025,2,294,2,11   A C
2018-07-11,6435,493,421,2934,8265,97,82,320,2863,1,335,0,11   A C
2018-07-12,6435,416,291,3059,8265,44,55,331,2934,0,320,0,11   A C
2018-07-13,6435,521,541,3039,8265,67,21,285,3059,0,331,0,11   A C
2018-07-16,6435,798,705,3126,8265,73,13,224,3039,6,285,1,11   A C
2018-07-17,6435,368,383,3111,8265,100,21,144,3126,0,224,1,11 X A C
2018-07-18,6435,197,285,3023,8265,142,0,0,3111,0,144,2,11 X   C
2018-07-19,6435,164,194,2993,8265,0,0,0,3023,0,0,0,11 X   C
2018-07-20,6435,274,305,2962,8265,0,0,0,2993,0,0,0,11 X   C
2018-07-23,6435,208,161,2989,8265,0,0,0,2962,20,0,0,11     C
2018-07-24,6435,511,295,3205,8265,0,74,74,2989,0,0,0,11     C
2018-07-25,6435,136,128,3213,8265,18,23,79,3205,0,74,0,11     C
2018-07-26,6435,395,486,3120,8265,23,105,161,3213,2,79,0,11     C
2018-07-27,6435,363,216,3267,8265,44,11,128,3120,0,161,0,11     C
2018-07-30,6435,162,221,3208,8265,55,92,165,3267,0,128,0,11     C
2018-07-31,6435,211,133,3286,8265,53,237,349,3208,0,165,0,11     C
2018-08-01,6435,294,299,3281,8265,38,87,398,3286,0,349,0,11     C
2018-08-02,6435,222,323,3180,8265,164,182,416,3281,0,398,0,11     C
2018-08-03,6435,119,146,3153,8265,82,204,538,3180,0,416,0,11     C
2018-08-06,6435,185,88,3250,8265,189,38,387,3153,0,538,0,11     C
2018-08-07,6435,314,217,3347,8265,24,58,421,3250,0,387,0,11     C
2018-08-08,6435,168,161,3354,8265,43,80,458,3347,0,421,0,11     C
2018-08-09,6435,106,145,3315,8265,86,101,473,3354,0,458,0,11     C
2018-08-10,6435,365,524,3149,8265,246,380,606,3315,7,473,1,11     C
2018-08-13,6435,77,401,2825,8265,361,0,244,3149,0,606,1,11     C
2018-08-14,6435,78,115,2787,8265,57,112,298,2825,1,244,1,11     C
2018-08-15,6435,105,58,2834,8265,52,99,345,2787,0,298,0,11     C
2018-08-16,6435,186,173,2847,8265,136,83,289,2834,0,345,3,11     C
2018-08-17,6435,256,231,2872,8265,66,93,316,2847,0,289,0,11     C
2018-08-20,6435,139,96,2915,8265,75,174,415,2872,0,316,0,11     C
2018-08-21,6435,87,55,2946,8265,54,90,450,2915,1,415,1,11     C
2018-08-22,6435,241,127,3060,8265,13,65,501,2946,0,450,1,11     C
2018-08-23,6435,107,113,3054,8265,69,87,519,3060,0,501,0,11     C
2018-08-24,6435,151,139,3065,8265,147,201,573,3054,1,519,0,11     C
2018-08-27,6435,96,166,2993,8265,140,43,475,3065,2,573,1,11     C
2018-08-28,6435,128,109,3012,8265,21,26,480,2993,0,475,0,11     C
2018-08-29,6435,402,385,3029,8265,22,183,640,3012,0,480,1,11     C
2018-08-30,6435,110,150,2989,8265,75,50,615,3029,0,640,0,11     C
2018-08-31,6435,108,138,2959,8265,31,21,605,2989,0,615,0,11     C
2018-09-03,6435,172,164,2967,8265,92,99,612,2959,0,605,0,11     C
2018-09-04,6435,36,105,2897,8265,38,103,677,2967,1,612,0,11     C
2018-09-05,6435,111,45,2963,8265,38,155,794,2897,0,677,0,11     C
2018-09-06,6435,97,114,2946,8265,45,41,790,2963,0,794,0,11     C
2018-09-07,6435,147,139,2954,8265,148,80,722,2946,0,790,0,11     C
2018-09-10,6435,125,231,2838,8265,123,267,866,2954,10,722,0,11     C
2018-09-11,6435,79,85,2829,8265,57,113,922,2838,3,866,0,
2018-09-12,6435,66,121,2773,8265,101,108,929,2829,1,922,0,
2018-09-13,6435,73,68,2778,8265,46,98,981,2773,0,929,0,
2018-09-14,6435,171,132,2816,8265,99,80,962,2778,1,981,0,
2018-09-17,6435,19,100,2733,8265,210,34,786,2816,2,962,0,
2018-09-18,6435,64,83,2714,8265,113,43,716,2733,0,786,0,
2018-09-19,6435,58,56,2711,8265,18,21,719,2714,5,716,0,
2018-09-20,6435,62,33,2740,8265,79,54,694,2711,0,719,0,
2018-09-21,6435,191,119,2812,8265,83,54,665,2740,0,694,0,
2018-09-25,6435,517,403,2926,8265,82,111,694,2812,0,665,0,
2018-09-26,6435,279,392,2813,8265,70,34,658,2926,0,694,0,
2018-09-27,6435,347,217,2941,8265,27,76,707,2813,2,658,0,
2018-09-28,6435,205,164,2981,8265,132,136,710,2941,1,707,1,
2018-10-01,6435,145,144,2982,8265,48,35,696,2981,0,710,1,
2018-10-02,6435,192,196,2977,8265,52,68,712,2982,1,696,0,
2018-10-03,6435,93,86,2984,8265,26,66,752,2977,0,712,0,
2018-10-04,6435,134,68,3049,8265,78,131,805,2984,1,752,0,
2018-10-05,6435,164,316,2896,8265,208,213,810,3049,1,805,0,
2018-10-08,6435,207,111,2991,8265,74,193,929,2896,1,810,0,
2018-10-09,6435,218,240,2963,8265,105,117,941,2991,6,929,0,
2018-10-11,6435,145,463,2643,8265,58,107,990,2963,2,941,0,
2018-10-12,6435,126,289,2456,8265,357,70,703,2643,24,990,0,
2018-10-15,6435,108,135,2423,8265,176,26,553,2456,6,703,0,
2018-10-16,6435,125,75,2469,8265,31,67,589,2423,4,553,0,
2018-10-17,6435,151,127,2491,8265,87,101,603,2469,2,589,0,
2018-10-18,6435,66,74,2480,8265,31,44,615,2491,3,603,1,
2018-10-19,6435,40,99,2418,8265,157,175,633,2480,3,615,0,
2018-10-22,6435,143,54,2507,8265,66,14,581,2418,0,633,0,
2018-10-23,6435,67,108,2465,8265,36,52,597,2507,1,581,0,
2018-10-24,6435,55,89,2430,8265,45,95,647,2465,1,597,0,
2018-10-25,6435,126,306,2250,8265,70,87,664,2430,0,647,0,
2018-10-26,6435,66,139,2157,8265,139,60,585,2250,20,664,0,
2018-10-29,6435,42,60,2133,8265,55,66,596,2157,6,585,0,
2018-10-30,6435,99,93,2136,8265,104,69,561,2133,3,596,0,
2018-10-31,6435,165,152,2149,8265,205,89,445,2136,0,561,0,
2018-11-01,6435,259,227,2180,8265,49,77,473,2149,1,445,0,
2018-11-02,6435,186,171,2192,8265,50,70,491,2180,3,473,2,
2018-11-05,6435,68,63,2197,8265,29,24,486,2192,0,491,0,
2018-11-06,6435,275,222,2250,8265,55,75,506,2197,0,486,0,
2018-11-07,6435,139,119,2270,8265,39,102,568,2250,0,506,1,
2018-11-08,6435,83,134,2219,8265,31,25,562,2270,0,568,0,
2018-11-09,6435,52,61,2210,8265,21,47,588,2219,0,562,0,
2018-11-12,6435,239,129,2320,8265,29,59,618,2210,0,588,0,
2018-11-13,6435,161,211,2270,8265,183,57,492,2320,0,618,0,
2018-11-14,6435,190,185,2275,8265,13,41,520,2270,0,492,0,
2018-11-15,6435,397,322,2350,8265,27,108,601,2275,0,520,0,
2018-11-16,6435,114,217,2247,8265,78,23,546,2350,0,601,0,
2018-11-19,6435,141,114,2272,8265,14,31,562,2247,2,546,1,
2018-11-20,6435,296,183,2385,8265,38,46,570,2272,0,562,0,
2018-11-21,6435,221,221,2385,8265,16,77,631,2385,0,570,0,
2018-11-22,6435,417,349,2451,8265,24,86,693,2385,2,631,0,
2018-11-23,6435,88,111,2428,8265,16,53,720,2451,0,693,10,
2018-11-26,6435,371,179,2620,8265,17,100,803,2428,0,720,0,
2018-11-27,6435,525,600,2545,8265,73,122,852,2620,0,803,0,
2018-11-28,6435,309,590,2263,8265,27,135,960,2545,1,852,0,
2018-11-29,6435,304,390,2177,8265,19,59,1000,2263,0,960,0,
2018-11-30,6435,361,375,2163,8265,21,83,1062,2177,0,1000,0,
2018-12-03,6435,327,444,2046,8265,204,45,903,2163,0,1062,0,11     C
2018-12-04,6435,142,276,1912,8265,19,22,906,2046,0,903,0,11     C
2018-12-05,6435,615,253,2274,8265,26,29,889,1912,0,906,20,11     C
2018-12-06,6435,476,445,2304,8265,49,66,906,2274,1,889,0,11     C
2018-12-07,6435,381,292,2390,8265,33,119,992,2304,3,906,0,11     C
2018-12-10,6435,191,210,2371,8265,99,71,964,2390,0,992,0,11     C
2018-12-11,6435,227,161,2437,8265,4,37,997,2371,0,964,0,11     C
2018-12-12,6435,218,359,2296,8265,5,67,1059,2437,0,997,0,11     C
2018-12-13,6435,1061,752,2604,8265,69,35,975,2296,1,1059,50,11     C
2018-12-14,6435,382,381,2604,8265,41,94,1028,2604,1,975,0,11     C
2018-12-17,6435,269,323,2550,8265,34,37,1030,2604,0,1028,1,11     C
2018-12-18,6435,405,279,2676,8265,100,122,1052,2550,0,1030,0,11     C
2018-12-19,6435,292,184,2784,8265,43,115,1124,2676,0,1052,0,11     C
2018-12-20,6435,300,327,2757,8265,146,241,1219,2784,0,1124,0,11     C
2018-12-21,6435,198,229,2717,8265,90,145,1265,2757,9,1219,9,11     C
2018-12-22,6435,109,110,2716,8265,32,30,1248,2717,0,1265,15,11     C
2018-12-24,6435,148,107,2757,8265,67,79,1260,2716,0,1248,0,11     C
2018-12-25,6435,66,162,2660,8265,105,57,1211,2757,1,1260,1,11     C
2018-12-26,6435,232,123,2769,8265,31,39,1219,2660,0,1211,0,11     C
2018-12-27,6435,247,192,2824,8265,28,49,1238,2769,0,1219,2,11     C
2018-12-28,6435,400,351,2873,8265,15,135,1358,2824,0,1238,0,11     C
2019-01-02,6435,129,169,2833,8265,52,29,1335,2873,0,1358,0,11     C
2019-01-03,6435,158,165,2826,8265,112,49,1272,2833,0,1335,0,11     C
2019-01-04,6435,291,199,2918,8265,150,168,1283,2826,0,1272,7,11     C
2019-01-07,6435,348,210,3056,8265,34,28,1277,2918,0,1283,0,11     C
2019-01-08,6435,400,311,3145,8265,76,42,1243,3056,0,1277,0,11     C
2019-01-09,6435,241,331,3055,8265,98,29,1174,3145,0,1243,0,11     C
2019-01-10,6435,124,171,3008,8265,85,15,1104,3055,0,1174,0,11     C
2019-01-11,6435,166,213,2961,8265,38,21,1087,3008,0,1104,0,11     C
2019-01-14,6435,134,233,2862,8265,46,34,1075,2961,0,1087,0,11     C
2019-01-15,6435,684,541,3005,8265,39,140,1176,2862,0,1075,0,11     C
2019-01-16,6435,311,512,2804,8265,97,17,1096,3005,0,1176,0,11     C
2019-01-17,6435,194,190,2806,8265,48,16,1042,2804,2,1096,22,11     C
2019-01-18,6435,926,712,2997,8265,28,164,1178,2806,23,1042,0,11     C
2019-01-21,6435,532,956,2572,8265,26,124,1275,2997,1,1178,1,11     C
2019-01-22,6435,309,371,2510,8265,109,26,1170,2572,0,1275,22,11     C
2019-01-23,6435,219,266,2463,8265,45,11,1136,2510,0,1170,0,11     C
2019-01-24,6435,197,228,2432,8265,21,16,1131,2463,0,1136,0,11     C
2019-01-25,6435,337,344,2425,8265,27,12,1116,2432,0,1131,0,11     C
2019-01-28,6435,159,275,2226,8265,23,10,1020,2425,83,1116,83,11     C
2019-01-29,6435,102,99,2213,8265,77,4,946,2226,16,1020,1,11     C
2019-01-30,6435,69,145,2129,8265,16,1,931,2213,8,946,0,11     C
2019-02-11,6435,291,160,2259,8265,21,16,926,2128,0,931,0,11     C
2019-02-12,6435,525,456,2328,8265,17,9,918,2259,0,926,0,11     C
2019-02-13,6435,346,501,2173,8265,66,6,857,2328,0,918,1,11     C
2019-02-14,6435,866,701,2338,8265,30,15,842,2173,0,857,0,11     C
2019-02-15,6435,287,289,2335,8265,13,7,836,2338,1,842,0,11     C
2019-02-18,6435,328,261,2402,8265,16,15,835,2335,0,836,0,11     C
2019-02-19,6435,662,626,2438,8265,14,10,829,2402,0,835,2,11     C
2019-02-20,6435,184,281,2341,8265,15,12,826,2438,0,829,0,11     C
2019-02-21,6435,229,255,2312,8265,16,2,812,2341,3,826,0,11     C
2019-02-22,6435,168,263,2215,8265,19,5,797,2312,2,812,1,11     C
2019-02-25,6435,358,415,2158,8265,50,15,762,2215,0,797,0,11     C
2019-02-26,6435,124,219,2063,8265,66,7,703,2158,0,762,0,11     C
2019-02-27,6435,279,255,2087,8265,42,23,668,2063,0,703,16,11     C
2019-03-04,6435,359,356,2090,8265,192,8,484,2087,0,668,0,11     C
2019-03-05,6435,122,141,2067,8265,167,3,317,2090,4,484,3,11     C
2019-03-06,6435,77,138,2006,8265,120,1,197,2067,0,317,1,11 X   C
2019-03-07,6435,162,193,1974,8265,163,0,33,2006,1,197,1,11 X   C
2019-03-08,6435,182,185,1971,8265,0,0,0,1974,0,33,33,11 X   C
2019-03-11,6435,235,243,1963,8265,0,0,0,1971,0,0,0,11 X   C
2019-03-12,6435,174,135,2002,8265,0,0,0,1963,0,0,0,11     C
2019-03-13,6435,159,106,2054,8265,0,58,58,2002,1,0,0,11     C
2019-03-14,6435,168,168,2054,8265,4,296,350,2054,0,58,0,11     C
2019-03-15,6435,192,94,2152,8265,5,63,408,2054,0,350,0,11     C
2019-03-18,6435,195,174,2173,8265,48,244,604,2152,0,408,0,11     C
2019-03-19,6435,201,174,2200,8265,18,31,617,2173,0,604,0,11     C
2019-03-20,6435,248,209,2237,8265,2,44,659,2200,2,617,0,11     C
2019-03-21,6435,102,194,2144,8265,11,40,688,2237,1,659,0,11     C
2019-03-22,6435,96,86,2154,8265,32,24,680,2144,0,688,0,
2019-03-25,6435,57,95,2116,8265,109,54,625,2154,0,680,0,
2019-03-26,6435,59,43,2131,8265,20,50,655,2116,1,625,0,
2019-03-27,6435,91,52,2170,8265,8,37,684,2131,0,655,0,
2019-03-28,6435,38,39,2159,8265,42,37,679,2170,10,684,0,
2019-03-29,6435,97,109,2144,8265,19,41,701,2159,3,679,0,
2019-04-01,6435,77,59,2162,8265,20,35,716,2144,0,701,0,
2019-04-02,6435,60,86,2136,8265,22,51,745,2162,0,716,0,
2019-04-03,6435,271,175,2232,8265,50,17,712,2136,0,745,0,
2019-04-08,6435,258,253,2237,8265,54,32,690,2232,0,712,0,
2019-04-09,6435,89,190,2136,8265,16,5,679,2237,0,690,0,
2019-04-10,6435,31,52,2114,8265,7,26,698,2136,1,679,0,
2019-04-11,6435,71,102,2083,8265,28,17,687,2114,0,698,0,
2019-04-12,6435,52,86,2048,8265,11,34,710,2083,1,687,0,
2019-04-15,6435,40,48,2040,8265,10,35,735,2048,0,710,0,
2019-04-16,6435,61,38,2063,8265,36,7,706,2040,0,735,0,
2019-04-17,6435,55,75,2043,8265,38,6,674,2063,0,706,0,
2019-04-18,6435,58,38,2063,8265,25,21,670,2043,0,674,0,
2019-04-19,6435,29,47,2045,8265,19,21,672,2063,0,670,0,
2019-04-22,6435,32,39,2037,8265,2,10,680,2045,1,672,0,
2019-04-23,6435,14,39,2012,8265,3,0,677,2037,0,680,0,
2019-04-24,6435,52,54,2010,8265,150,7,534,2012,0,677,0,
2019-04-25,6435,119,156,1973,8265,212,9,331,2010,0,534,0,
2019-04-26,6435,65,32,2006,8265,7,3,327,1973,0,331,0,
2019-04-29,6435,61,131,1936,8265,48,45,324,2006,0,327,0,
2019-04-30,6435,58,38,1936,8265,41,34,317,1936,20,324,0,
2019-05-02,6435,128,108,1955,8265,71,97,343,1936,1,317,0,
2019-05-03,6435,40,40,1955,8265,7,15,351,1955,0,343,0,
2019-05-06,6435,77,86,1946,8265,43,3,311,1955,0,351,0,
2019-05-07,6435,28,37,1937,8265,10,16,317,1946,0,311,0,
2019-05-08,6435,22,40,1919,8265,16,7,308,1937,0,317,0,
2019-05-09,6435,64,61,1921,8265,25,69,352,1919,1,308,0,
2019-05-10,6435,32,41,1912,8265,47,50,355,1921,0,352,0,
2019-05-13,6435,70,35,1947,8265,49,55,361,1912,0,355,0,
2019-05-14,6435,69,142,1874,8265,129,47,279,1947,0,361,0,
2019-05-15,6435,36,51,1859,8265,9,8,278,1874,0,279,0,
2019-05-16,6435,95,99,1855,8265,6,39,311,1859,0,278,0,
2019-05-17,6435,197,148,1902,8265,72,96,335,1855,2,311,0,
2019-05-20,6435,59,70,1891,8265,30,73,378,1902,0,335,0,
2019-05-21,6435,37,37,1891,8265,26,66,418,1891,0,378,0,
2019-05-22,6435,105,50,1946,8265,10,27,435,1891,0,418,0,
2019-05-23,6435,30,45,1931,8265,47,17,405,1946,0,435,0,
2019-05-24,6435,23,34,1920,8265,27,3,381,1931,0,405,0,
2019-05-27,6435,34,37,1917,8265,20,21,382,1920,0,381,0,
2019-05-28,6435,41,17,1941,8265,17,42,407,1917,0,382,0,
2019-05-29,6435,19,57,1903,8265,46,15,376,1941,0,407,0,
2019-05-30,6435,14,23,1894,8265,7,21,390,1903,0,376,0,
2019-05-31,6435,26,27,1893,8265,10,11,391,1894,0,390,0,
2019-06-03,6435,36,26,1903,8265,7,12,396,1893,0,391,0,
2019-06-04,6435,12,21,1894,8265,3,6,399,1903,0,396,0,
2019-06-05,6435,13,9,1898,8265,4,31,426,1894,0,399,0,
2019-06-06,6435,12,38,1872,8265,14,4,416,1898,0,426,0,
2019-06-10,6435,75,41,1906,8265,51,3,368,1872,0,416,0,
2019-06-11,6435,30,33,1902,8265,10,18,376,1906,1,368,0,
2019-06-12,6435,17,27,1891,8265,14,15,377,1902,1,376,0,
2019-06-13,6435,12,14,1889,8265,4,1,374,1891,0,377,0,
2019-06-14,6435,6,18,1877,8265,2,1,373,1889,0,374,0,
2019-06-17,6435,13,19,1868,8265,2,0,371,1877,3,373,0,
2019-06-18,6435,169,95,1941,8265,15,12,368,1868,1,371,0,
2019-06-19,6435,132,137,1936,8265,6,7,369,1941,0,368,0,
2019-06-20,6435,86,86,1936,8265,0,2,371,1936,0,369,0,
2019-06-21,6435,150,123,1963,8265,2,0,369,1936,0,371,0,
2019-06-24,6435,188,156,1992,8265,1,22,390,1963,3,369,0,
2019-06-25,6435,36,54,1974,8265,5,11,396,1992,0,390,0,
2019-06-26,6435,56,45,1985,8265,0,1,397,1974,0,396,0,
2019-06-27,6435,86,107,1963,8265,14,1,384,1985,1,397,0,
2019-06-28,6435,21,40,1944,8265,1,0,383,1963,0,384,0,
2019-07-01,6435,216,166,1994,8265,54,14,343,1944,0,383,0,
2019-07-02,6435,272,188,2078,8265,0,21,364,1994,0,343,0,
2019-07-03,6435,97,169,2005,8265,1,24,387,2078,1,364,0,
2019-07-04,6435,99,142,1962,8265,3,7,391,2005,0,387,0,
2019-07-05,6435,174,68,2068,8265,2,18,407,1962,0,391,0,
2019-07-08,6435,113,162,2019,8265,32,6,381,2068,0,407,0,
2019-07-09,6435,57,43,2033,8265,17,0,364,2019,0,381,0,
2019-07-10,6435,58,66,2023,8265,2,2,364,2033,2,364,0,
2019-07-11,6435,77,48,2052,8265,5,1,360,2023,0,364,0,
2019-07-12,6435,34,52,2034,8265,65,0,295,2052,0,360,0,
2019-07-15,6435,159,72,2121,8265,31,3,267,2034,0,295,0,
2019-07-16,6435,449,384,2186,8265,98,31,200,2121,0,267,0,
2019-07-17,6435,122,128,2180,8265,16,1,185,2186,0,200,0,
2019-07-18,6435,60,88,2152,8265,40,1,146,2180,0,185,0,
2019-07-19,6435,59,58,2153,8265,4,0,142,2152,0,146,0,
2019-07-22,6435,67,54,2166,8265,57,0,85,2153,0,142,0,X
2019-07-23,6435,56,98,2124,8265,85,0,0,2166,0,85,0,X
2019-07-24,6435,140,94,2169,8265,0,0,0,2124,1,0,0,X
2019-07-25,6435,240,222,2186,8265,0,0,0,2169,1,0,0,X
2019-07-26,6435,217,221,2180,8265,0,0,0,2186,2,0,0,
2019-07-29,6435,112,146,2146,8265,0,13,13,2180,0,0,0,
2019-07-30,6435,51,78,2118,8265,0,51,64,2146,1,13,0,
2019-07-31,6435,52,24,2143,8265,2,35,97,2118,3,64,0,
2019-08-01,6435,29,50,2121,8265,8,21,109,2143,1,97,1,
2019-08-02,6435,54,91,2084,8265,3,29,135,2121,0,109,0,
2019-08-05,6435,28,20,2092,8265,2,4,137,2084,0,135,0,
2019-08-06,6435,46,97,2016,8265,7,12,142,2092,25,137,0,
2019-08-07,6435,54,72,1998,8265,1,16,157,2016,0,142,0,
2019-08-08,6435,35,24,2005,8265,3,7,161,1998,4,157,0,
2019-08-12,6435,28,26,2005,8265,1,8,167,2005,2,161,1,
2019-08-13,6435,25,39,1991,8265,9,18,176,2005,0,167,0,
2019-08-14,6435,23,29,1985,8265,5,5,176,1991,0,176,0,
2019-08-15,6435,29,46,1968,8265,14,23,185,1985,0,176,0,
2019-08-16,6435,48,21,1993,8265,5,8,188,1968,2,185,0,
2019-08-19,6435,82,68,2007,8265,6,8,190,1993,0,188,0,
2019-08-20,6435,104,88,2023,8265,0,15,205,2007,0,190,0,
2019-08-21,6435,40,54,2008,8265,9,0,196,2023,1,205,0,
2019-08-22,6435,42,51,1999,8265,1,3,198,2008,0,196,0,
2019-08-23,6435,72,72,1999,8265,7,3,194,1999,0,198,0,
2019-08-26,6435,27,28,1998,8265,4,13,203,1999,0,194,0,
2019-08-27,6435,195,165,2028,8265,2,27,228,1998,0,203,0,
2019-08-28,6435,286,190,2124,8265,6,34,256,2028,0,228,0,
2019-08-29,6435,90,120,2094,8265,32,21,245,2124,0,256,0,
2019-08-30,6435,83,80,2097,8265,21,6,230,2094,0,245,0,
2019-09-02,6435,38,43,2092,8265,9,11,232,2097,0,230,0,
2019-09-03,6435,54,30,2106,8265,1,0,231,2092,10,232,0,
2019-09-04,6435,39,28,2117,8265,4,1,228,2106,0,231,0,
2019-09-05,6435,33,28,2122,8265,2,3,229,2117,0,228,0,
2019-09-06,6435,29,29,2122,8265,0,7,236,2122,0,229,0,
2019-09-09,6435,47,41,2128,8265,11,14,239,2122,0,236,0,
2019-09-10,6435,35,79,2084,8265,25,4,218,2128,0,239,0,
2019-09-11,6435,15,26,2072,8265,16,1,203,2084,1,218,0,
2019-09-12,6435,20,27,2065,8265,0,0,203,2072,0,203,0,
2019-09-16,6435,20,27,2058,8265,0,0,203,2065,0,203,0,
2019-09-17,6435,22,8,2072,8265,0,0,203,2058,0,203,0,
2019-09-18,6435,40,47,2065,8265,3,0,200,2072,0,203,0,
2019-09-19,6435,327,246,2146,8265,1,12,211,2065,0,200,0,
2019-09-20,6435,39,67,2118,8265,3,3,211,2146,0,211,0,
2019-09-23,6435,62,34,2146,8265,4,0,201,2118,0,211,6,
2019-09-24,6435,23,39,2128,8265,1,1,194,2146,2,201,7,
2019-09-25,6435,24,36,2116,8265,0,2,196,2128,0,194,0,
2019-09-26,6435,31,7,2140,8265,1,2,197,2116,0,196,0,
2019-09-27,6435,47,37,2150,8265,3,6,200,2140,0,197,0,
2019-10-01,6435,147,72,2225,8265,1,32,231,2150,0,200,0,
2019-10-02,6435,158,178,2205,8265,1,5,235,2225,0,231,0,
2019-10-03,6435,49,37,2217,8265,12,19,242,2205,0,235,0,
2019-10-04,6435,188,134,2270,8265,2,18,258,2217,1,242,0,
2019-10-07,6435,80,139,2210,8265,21,5,242,2270,1,258,0,
2019-10-08,6435,130,95,2245,8265,12,2,232,2210,0,242,0,
2019-10-09,6435,57,47,2254,8265,1,4,235,2245,1,232,0,
2019-10-14,6435,47,35,2265,8265,7,1,229,2254,1,235,0,
2019-10-15,6435,53,42,2276,8265,0,6,235,2265,0,229,0,
2019-10-16,6435,165,217,2224,8265,0,7,242,2276,0,235,0,
2019-10-17,6435,74,46,2248,8265,2,0,240,2224,4,242,0,
2019-10-18,6435,106,83,2271,8265,1,0,239,2248,0,240,0,
2019-10-21,6435,172,80,2363,8265,2,2,239,2271,0,239,0,
2019-10-22,6435,328,350,2341,8265,3,11,247,2363,0,239,0,
2019-10-23,6435,320,297,2364,8265,7,2,242,2341,0,247,0,
2019-10-24,6435,78,109,2333,8265,1,0,241,2364,0,242,0,
2019-10-25,6435,231,195,2366,8265,5,2,238,2333,3,241,0,
2019-10-28,6435,256,168,2452,8265,4,2,236,2366,2,238,0,
2019-10-29,6435,86,168,2370,8265,8,3,231,2452,0,236,0,
2019-10-30,6435,27,59,2338,8265,2,4,233,2370,0,231,0,
2019-10-31,6435,32,56,2304,8265,4,3,232,2338,10,233,0,
2019-11-01,6435,62,29,2336,8265,3,0,229,2304,1,232,0,
2019-11-04,6435,53,67,2322,8265,0,3,232,2336,0,229,0,
2019-11-05,6435,42,45,2319,8265,0,1,233,2322,0,232,0,
2019-11-06,6435,58,50,2318,8265,6,0,227,2319,9,233,0,
2019-11-07,6435,61,130,2249,8265,17,18,228,2318,0,227,0,
2019-11-08,6435,52,18,2283,8265,69,27,186,2249,0,228,0,
2019-11-11,6435,17,65,2230,8265,69,7,124,2283,5,186,0,
2019-11-12,6435,19,18,2231,8265,23,3,104,2230,0,124,0,
2019-11-13,6435,18,10,2239,8265,2,1,103,2231,0,104,0,
2019-11-14,6435,15,25,2228,8265,6,2,99,2239,1,103,0,
2019-11-15,6435,38,16,2250,8265,8,1,92,2228,0,99,0,
2019-11-18,6435,33,32,2250,8265,4,1,89,2250,1,92,0,
2019-11-19,6435,25,15,2260,8265,9,0,80,2250,0,89,0,
2019-11-20,6435,6,22,2244,8265,5,6,81,2260,0,80,0,
2019-11-21,6435,12,13,2243,8265,3,0,78,2244,0,81,0,
2019-11-22,6435,2,15,2230,8265,5,1,74,2243,0,78,0,
2019-11-25,6435,10,20,2220,8265,2,0,72,2230,0,74,0,
2019-11-26,6435,10,11,2219,8265,0,0,72,2220,0,72,0,
2019-11-27,6435,120,60,2279,8265,2,3,73,2219,0,72,0,
2019-11-28,6435,169,162,2285,8265,0,58,131,2279,1,73,0,
2019-11-29,6435,55,63,2277,8265,9,3,125,2285,0,131,0,
2019-12-02,6435,17,19,2272,8265,1,2,126,2277,3,125,0,
2019-12-03,6435,24,13,2283,8265,0,5,131,2272,0,126,0,
2019-12-04,6435,19,22,2280,8265,1,0,130,2283,0,131,0,
2019-12-05,6435,23,40,2262,8265,40,1,91,2280,1,130,0,
2019-12-06,6435,198,84,2376,8265,2,4,93,2262,0,91,0,
2019-12-09,6435,59,41,2394,8265,1,0,92,2376,0,93,0,
2019-12-10,6435,15,29,2380,8265,2,3,93,2394,0,92,0,
2019-12-11,6435,22,13,2389,8265,1,2,94,2380,0,93,0,
2019-12-12,6435,25,40,2374,8265,0,0,94,2389,0,94,0,
2019-12-13,6435,24,31,2334,8265,3,1,92,2374,33,94,0,
2019-12-16,6435,29,59,2304,8265,11,3,84,2334,0,92,0,
2019-12-17,6435,101,97,2307,8265,4,2,82,2304,1,84,0,
2019-12-18,6435,440,184,2549,8265,0,2,84,2307,14,82,0,
2019-12-19,6435,82,273,2358,8265,0,16,100,2549,0,84,0,
2019-12-20,6435,334,383,2291,8265,0,35,135,2358,18,100,0,
2019-12-23,6435,421,403,2308,8265,2,27,160,2291,1,135,0,
2019-12-24,6435,261,531,2037,8265,2,11,169,2308,1,160,0,
2019-12-25,6435,372,327,2069,8265,6,24,187,2037,13,169,0,
2019-12-26,6435,166,346,1889,8265,3,9,193,2069,0,187,0,
2019-12-27,6435,190,255,1823,8265,0,6,199,1889,1,193,0,
2019-12-30,6435,298,210,1911,8265,4,9,204,1823,0,199,0,
2019-12-31,6435,115,216,1809,8265,4,9,209,1911,1,204,0,
2020-01-02,6435,172,188,1792,8265,0,0,209,1809,1,209,0,
2020-01-03,6435,272,297,1766,8265,14,0,195,1792,1,209,0,
2020-01-06,6435,93,128,1726,8265,30,1,166,1766,5,195,0,
2020-01-07,6435,116,82,1760,8265,27,1,140,1726,0,166,0,
2020-01-08,6435,59,56,1749,8265,12,9,137,1760,14,140,0,
2020-01-09,6435,146,147,1748,8265,11,2,128,1749,0,137,0,
2020-01-10,6435,42,39,1749,8265,3,2,127,1748,2,128,0,
2020-01-13,6435,63,25,1782,8265,0,0,127,1749,5,127,0,
2020-01-14,6435,95,57,1819,8265,1,0,126,1782,1,127,0,
2020-01-15,6435,32,79,1768,8265,6,0,120,1819,4,126,0,
2020-01-16,6435,90,50,1803,8265,8,0,112,1768,5,120,0,
2020-01-17,6435,23,23,1800,8265,2,0,110,1803,3,112,0,
2020-01-20,6435,58,69,1780,8265,0,0,110,1800,9,110,0,
2020-01-30,6435,96,124,1741,8265,20,0,90,1780,11,110,0,
2020-01-31,6435,75,103,1710,8265,31,0,59,1741,3,90,0,
2020-02-03,6435,129,137,1702,8265,23,66,102,1710,0,59,0,
2020-02-04,6435,70,79,1693,8265,40,5,67,1702,0,102,0,
2020-02-05,6435,86,89,1672,8265,22,7,52,1693,18,67,0,
2020-02-06,6435,80,62,1690,8265,5,1,48,1672,0,52,0,
2020-02-07,6435,47,63,1674,8265,1,1,48,1690,0,48,0,
2020-02-10,6435,22,30,1666,8265,3,0,45,1674,0,48,0,
2020-02-11,6435,91,23,1732,8265,0,0,45,1666,2,45,0,
2020-02-12,6435,115,99,1748,8265,1,11,55,1732,0,45,0,
2020-02-13,6435,56,76,1728,8265,1,6,60,1748,0,55,0,
2020-02-14,6435,46,42,1732,8265,1,0,59,1728,0,60,0,
2020-02-17,6435,81,49,1764,8265,1,0,58,1732,0,59,0,
2020-02-18,6435,63,30,1797,8265,3,0,55,1764,0,58,0,
2020-02-19,6435,155,74,1876,8265,0,5,60,1797,2,55,0,
2020-02-20,6435,298,280,1894,8265,0,2,62,1876,0,60,0,
2020-02-21,6435,65,70,1889,8265,0,0,62,1894,0,62,0,
2020-02-24,6435,51,18,1922,8265,9,1,54,1889,0,62,0,
2020-02-25,6435,75,36,1961,8265,0,8,62,1922,0,54,0,
2020-02-26,6435,34,62,1933,8265,10,4,56,1961,0,62,0,
2020-02-27,6435,61,78,1916,8265,5,0,51,1933,0,56,0,
2020-03-02,6435,81,27,1970,8265,8,0,43,1916,0,51,0,
2020-03-03,6435,61,69,1958,8265,0,4,47,1970,4,43,0,
2020-03-04,6435,93,51,2000,8265,6,2,43,1958,0,47,0,
2020-03-05,6435,205,86,2119,8265,0,0,43,2000,0,43,0,
2020-03-06,6435,210,150,2177,8265,0,7,40,2119,2,43,10,
2020-03-09,6435,106,87,2196,8265,7,4,37,2177,0,40,0,
2020-03-10,6435,141,58,2277,8265,11,1,27,2196,2,37,0,
2020-03-11,6435,87,56,2308,8265,3,5,29,2277,0,27,0,
2020-03-12,6435,138,289,2154,8265,13,6,22,2308,3,29,0,
2020-03-13,6435,198,381,1968,8265,21,0,1,2154,3,22,0,
2020-03-16,6435,68,107,1928,8265,1,6,6,1968,1,1,0,
2020-03-17,6435,203,271,1825,8265,5,4,5,1928,35,6,0,
2020-03-18,6435,117,164,1775,8265,0,5,10,1825,3,5,0,
2020-03-19,6435,141,323,1564,8265,3,3,10,1775,29,10,0,
2020-03-20,6435,75,105,1532,8265,3,0,7,1564,2,10,0,
2020-03-23,6435,30,37,1512,8265,0,5,12,1532,13,7,0,
2020-03-24,6435,104,39,1571,8265,1,10,21,1512,6,12,0,
2020-03-25,6435,73,67,1577,8265,0,7,28,1571,0,21,0,
2020-03-26,6435,44,53,1563,8265,0,1,29,1577,5,28,0,
2020-03-27,6435,102,124,1539,8265,6,7,30,1563,2,29,0,
2020-03-30,6435,85,117,1507,8265,9,1,22,1539,0,30,0,
2020-03-31,6435,78,64,1521,8265,1,0,21,1507,0,22,0,
2020-04-01,6435,27,40,1506,8265,0,2,23,1521,2,21,0,
2020-04-06,6435,60,19,1547,8265,4,0,19,1506,0,23,0,
2020-04-07,6435,113,164,1494,8265,4,2,17,1547,2,19,0,
2020-04-08,6435,114,87,1517,8265,0,1,18,1494,4,17,0,
2020-04-09,6435,84,139,1462,8265,1,3,20,1517,0,18,0,
2020-04-10,6435,16,25,1453,8265,1,0,19,1462,0,20,0,
2020-04-13,6435,31,50,1434,8265,3,1,17,1453,0,19,0,
2020-04-14,6435,40,51,1423,8265,3,0,14,1434,0,17,0,
2020-04-15,6435,137,104,1456,8265,2,0,12,1423,0,14,0,X
2020-04-16,6435,159,182,1433,8265,12,0,0,1456,0,12,0,X
2020-04-17,6435,87,143,1377,8265,0,0,0,1433,0,0,0,X
2020-04-20,6435,28,36,1369,8265,0,0,0,1377,0,0,0,X
2020-04-21,6435,13,65,1312,8265,0,0,0,1369,5,0,0,
2020-04-22,6435,45,25,1332,8265,0,18,18,1312,0,0,0,
2020-04-23,6435,249,156,1425,8265,0,7,25,1332,0,18,0,
2020-04-24,6435,52,78,1399,8265,1,12,36,1425,0,25,0,
2020-04-27,6435,44,81,1362,8265,1,2,37,1399,0,36,0,
2020-04-28,6435,41,49,1354,8265,3,1,35,1362,0,37,0,
2020-04-29,6435,132,129,1357,8265,0,1,36,1354,0,35,0,
2020-04-30,6435,51,107,1283,8265,1,1,36,1357,18,36,0,
2020-05-04,6435,54,33,1304,8265,1,0,35,1283,0,36,0,
2020-05-05,6435,157,77,1384,8265,0,34,69,1304,0,35,0,
2020-05-06,6435,71,120,1333,8265,2,1,68,1384,2,69,0,
2020-05-07,6435,153,139,1347,8265,1,4,71,1333,0,68,0,
2020-05-08,6435,102,137,1312,8265,1,2,72,1347,0,71,0,
2020-05-11,6435,42,82,1271,8265,2,0,70,1312,1,72,0,
2020-05-12,6435,20,42,1249,8265,2,2,70,1271,0,70,0,
2020-05-13,6435,32,69,1212,8265,0,1,71,1249,0,70,0,
2020-05-14,6435,70,49,1233,8265,2,0,69,1212,0,71,0,
2020-05-15,6435,20,45,1208,8265,2,3,70,1233,0,69,0,
2020-05-18,6435,23,38,1193,8265,0,0,70,1208,0,70,0,
2020-05-19,6435,12,39,1166,8265,0,6,76,1193,0,70,0,
2020-05-20,6435,60,38,1188,8265,4,2,74,1166,0,76,0,
2020-05-21,6435,18,45,1161,8265,0,0,74,1188,0,74,0,
2020-05-22,6435,15,25,1151,8265,26,1,49,1161,0,74,0,
2020-05-25,6435,97,38,1210,8265,0,2,51,1151,0,49,0,
2020-05-26,6435,98,104,1204,8265,0,0,51,1210,0,51,0,
2020-05-27,6435,29,27,1206,8265,0,0,51,1204,0,51,0,
2020-05-28,6435,12,32,1186,8265,0,0,51,1206,0,51,0,
2020-05-29,6435,17,36,1167,8265,1,0,50,1186,0,51,0,
2020-06-01,6435,23,21,1169,8265,5,0,45,1167,0,50,0,
2020-06-02,6435,150,59,1258,8265,0,0,45,1169,2,45,0,
2020-06-03,6435,81,72,1261,8265,1,0,44,1258,6,45,0,
2020-06-04,6435,60,63,1258,8265,0,0,44,1261,0,44,0,
2020-06-05,6435,78,72,1264,8265,0,1,45,1258,0,44,0,
2020-06-08,6435,114,98,1280,8265,0,0,45,1264,0,45,0,
2020-06-09,6435,43,75,1247,8265,0,0,45,1280,1,45,0,
2020-06-10,6435,31,36,1242,8265,0,1,46,1247,0,45,0,
2020-06-11,6435,16,64,1194,8265,1,1,46,1242,0,46,0,
2020-06-12,6435,20,52,1162,8265,3,0,43,1194,0,46,0,
2020-06-15,6435,47,47,1162,8265,0,0,43,1162,0,43,0,
2020-06-16,6435,139,58,1243,8265,0,0,43,1162,0,43,0,
2020-06-17,6435,22,15,1250,8265,0,0,43,1243,0,43,0,
2020-06-18,6435,26,15,1261,8265,0,0,43,1250,0,43,0,
2020-06-19,6435,31,64,1228,8265,0,0,43,1261,0,43,0,
2020-06-22,6435,18,10,1236,8265,0,1,44,1228,0,43,0,
2020-06-23,6435,15,23,1228,8265,1,0,43,1236,0,44,0,
2020-06-24,6435,57,62,1223,8265,0,0,43,1228,0,43,0,
2020-06-29,6435,24,26,1221,8265,0,0,43,1223,0,43,0,
2020-06-30,6435,16,12,1225,8265,0,1,44,1221,0,43,0,
2020-07-01,6435,56,46,1235,8265,1,15,58,1225,0,44,0,
2020-07-02,6435,86,51,1270,8265,41,0,17,1235,0,58,0,
2020-07-03,6435,122,79,1313,8265,1,0,16,1270,0,17,0,
2020-07-06,6435,351,209,1455,8265,0,2,18,1313,0,16,0,
2020-07-07,6435,224,266,1413,8265,2,0,16,1455,0,18,0,
2020-07-08,6435,49,64,1397,8265,0,0,16,1413,1,16,0,
2020-07-09,6435,81,73,1405,8265,0,0,16,1397,0,16,0,
2020-07-10,6435,42,65,1382,8265,0,0,16,1405,0,16,0,
2020-07-13,6435,34,29,1387,8265,6,0,10,1382,0,16,0,
2020-07-14,6435,15,41,1359,8265,5,3,8,1387,2,10,0,
2020-07-15,6435,32,19,1372,8265,3,0,5,1359,0,8,0,
2020-07-16,6435,20,22,1368,8265,1,0,4,1372,2,5,0,X
2020-07-17,6435,40,48,1360,8265,4,0,0,1368,0,4,0,X
2020-07-20,6435,45,16,1389,8265,0,0,0,1360,0,0,0,X
2020-07-21,6435,56,50,1395,8265,0,0,0,1389,0,0,0,X
2020-07-22,6435,45,44,1396,8265,0,0,0,1395,0,0,0,
2020-07-23,6435,30,60,1366,8265,0,4,4,1396,0,0,0,
2020-07-24,6435,23,51,1338,8265,0,0,4,1366,0,4,0,
2020-07-27,6435,25,25,1338,8265,2,0,2,1338,0,4,0,
2020-07-28,6435,28,71,1294,8265,0,1,3,1338,1,2,0,
2020-07-29,6435,14,21,1287,8265,0,1,4,1294,0,3,0,
2020-07-30,6435,14,15,1286,8265,0,0,4,1287,0,4,0,
2020-07-31,6435,27,20,1293,8265,1,0,3,1286,0,4,0,
2020-08-03,6435,13,12,1294,8265,2,0,1,1293,0,3,0,
2020-08-04,6435,9,18,1285,8265,0,0,1,1294,0,1,0,
2020-08-05,6435,36,20,1299,8265,0,0,1,1285,2,1,0,
2020-08-06,6435,46,39,1306,8265,0,0,1,1299,0,1,0,
2020-08-07,6435,201,87,1420,8265,0,1,2,1306,0,1,0,
2020-08-10,6435,36,51,1405,8265,0,0,2,1420,0,2,0,
2020-08-11,6435,25,14,1413,8265,0,1,3,1405,3,2,0,
2020-08-12,6435,18,75,1356,8265,1,2,4,1413,0,3,0,
2020-08-13,6435,9,2,1363,8265,0,0,4,1356,0,4,0,
2020-08-14,6435,41,4,1397,8328,0,0,4,1363,3,4,0,
2020-08-17,6435,33,19,1410,8328,1,0,3,1397,1,4,0,
2020-08-18,6435,13,27,1396,8328,0,0,3,1410,0,3,0,
2020-08-19,6435,14,5,1405,8328,0,0,3,1396,0,3,0,
2020-08-20,6435,15,59,1359,8328,1,1,3,1405,2,3,0,
2020-08-21,6435,34,36,1357,8328,0,3,6,1359,0,3,0,
2020-08-24,6435,302,94,1565,8328,0,0,6,1357,0,6,0,
2020-08-25,6435,26,49,1542,8328,0,0,6,1565,0,6,0,
2020-08-26,6435,324,162,1704,8328,0,1,7,1542,0,6,0,
2020-08-27,6435,241,342,1602,8328,0,0,7,1704,1,7,0,
2020-08-28,6435,58,48,1612,8328,0,0,7,1602,0,7,0,
2020-08-31,6435,61,98,1573,8328,0,0,7,1612,2,7,0,
2020-09-01,6435,26,33,1566,8328,1,0,6,1573,0,7,0,
2020-09-02,6435,68,53,1581,8328,0,0,6,1566,0,6,0,
2020-09-03,6435,111,55,1637,8328,0,1,7,1581,0,6,0,
2020-09-04,6435,21,48,1610,8328,0,0,7,1637,0,7,0,
2020-09-07,6435,18,46,1575,8328,0,1,8,1610,7,7,0,
2020-09-08,6435,21,36,1555,8328,1,0,7,1575,5,8,0,
2020-09-09,6435,15,28,1541,8328,0,0,7,1555,1,7,0,
2020-09-10,6435,6,12,1534,8328,1,2,8,1541,1,7,0,
2020-09-11,6435,47,15,1566,8328,2,2,8,1534,0,8,0,
2020-09-14,6435,18,27,1555,8328,3,0,5,1566,2,8,0,
2020-09-15,6435,58,19,1593,8328,0,0,5,1555,1,5,0,
2020-09-16,6435,6,34,1565,8328,0,0,5,1593,0,5,0,
2020-09-17,6435,30,13,1581,8328,0,0,5,1565,1,5,0,
2020-09-18,6435,422,139,1864,8328,0,10,15,1581,0,5,0,
2020-09-21,6435,258,273,1842,8328,10,1,6,1864,7,15,0,
2020-09-22,6435,73,96,1813,8328,0,1,7,1842,6,6,0,
2020-09-23,6435,102,51,1864,8328,1,0,6,1813,0,7,0,
2020-09-24,6435,33,145,1752,8328,1,0,5,1864,0,6,0,
2020-09-25,6435,26,139,1639,8328,0,7,12,1752,0,5,0,
2020-09-28,6435,46,14,1670,8328,1,0,11,1639,1,12,0,
2020-09-29,6435,10,38,1642,8328,3,0,8,1670,0,11,0,
2020-09-30,6435,10,2,1649,8328,2,0,6,1642,1,8,0,
2020-10-05,6435,40,18,1671,8328,0,0,6,1649,0,6,0,
2020-10-06,6435,52,20,1703,8328,0,0,6,1671,0,6,0,
2020-10-07,6435,495,576,1621,8328,0,41,47,1703,1,6,0,
2020-10-08,6435,559,221,1958,8328,9,10,48,1621,1,47,0,
2020-10-12,6435,650,604,2004,8328,5,38,81,1958,0,48,0,
2020-10-13,6435,258,246,2011,8328,14,11,78,2004,5,81,0,
2020-10-14,6435,263,191,2083,8328,3,8,82,2011,0,78,1,
2020-10-15,6435,313,350,2046,8328,25,3,60,2083,0,82,0,
2020-10-16,6435,486,528,2004,8328,15,10,55,2046,0,60,0,
2020-10-19,6435,128,137,1994,8328,2,9,62,2004,1,55,0,
2020-10-20,6435,87,163,1918,8328,5,3,60,1994,0,62,0,
2020-10-21,6435,169,107,1980,8328,13,1,48,1918,0,60,0,
2020-10-22,6435,90,174,1876,8328,19,5,34,1980,20,48,0,
2020-10-23,6435,122,97,1901,8328,0,47,81,1876,0,34,0,
2020-10-26,6435,120,65,1956,8328,30,0,50,1901,0,81,1,
2020-10-27,6435,64,137,1883,8328,11,4,43,1956,0,50,0,
2020-10-28,6435,90,132,1841,8328,15,1,29,1883,0,43,0,
2020-10-29,6435,66,106,1801,8328,10,2,21,1841,0,29,0,
2020-10-30,6435,44,151,1694,8328,0,1,22,1801,0,21,0,
2020-11-02,6435,62,74,1682,8328,10,0,12,1694,0,22,0,
2020-11-03,6435,98,64,1716,8328,0,1,13,1682,0,12,0,
2020-11-04,6435,94,53,1757,8328,2,2,13,1716,0,13,0,
2020-11-05,6435,107,118,1746,8328,0,6,19,1757,0,13,0,
2020-11-06,6435,85,156,1675,8328,0,1,20,1746,0,19,0,
2020-11-09,6435,333,289,1719,8328,1,1,20,1675,0,20,0,
2020-11-10,6435,89,168,1640,8328,0,1,21,1719,0,20,0,
2020-11-11,6435,179,145,1674,8328,1,0,20,1640,0,21,0,
2020-11-12,6435,461,328,1807,8328,0,19,39,1674,0,20,0,
2020-11-13,6435,393,426,1774,8328,6,9,42,1807,0,39,0,
2020-11-16,6435,458,442,1790,8328,9,2,35,1774,0,42,0,
2020-11-17,6435,174,239,1725,8328,2,3,36,1790,0,35,0,
2020-11-18,6435,229,217,1737,8328,3,0,33,1725,0,36,0,
2020-11-19,6435,142,282,1597,8328,1,4,36,1737,0,33,0,
2020-11-20,6435,443,284,1756,8328,0,4,40,1597,0,36,0,
2020-11-23,6435,228,478,1506,8328,2,0,38,1756,0,40,0,
2020-11-24,6435,257,258,1505,8328,2,0,36,1506,0,38,0,
2020-11-25,6435,328,303,1530,8328,2,14,48,1505,0,36,0,
2020-11-26,6435,308,287,1551,8328,5,0,43,1530,0,48,0,
2020-11-27,6435,73,97,1527,8328,8,0,35,1551,0,43,0,
2020-11-30,6435,106,103,1530,8328,2,0,33,1527,0,35,0,
2020-12-01,6435,152,196,1486,8328,1,6,38,1530,0,33,0,
2020-12-02,6435,273,103,1656,8328,0,3,41,1486,0,38,0,
2020-12-03,6435,215,305,1566,8328,4,0,37,1656,0,41,0,
2020-12-04,6435,130,52,1644,8328,3,1,35,1566,0,37,0,
2020-12-07,6435,109,115,1632,8328,2,0,33,1638,0,35,0,
2020-12-08,6435,61,136,1555,8328,0,1,34,1630,0,33,0,
2020-12-09,6435,227,111,1670,8328,1,0,33,1555,1,34,0,
2020-12-10,6435,52,91,1631,8328,2,4,35,1670,0,33,0,
2020-12-11,6435,65,139,1557,8328,3,0,32,1631,0,35,0,
2020-12-14,6435,695,360,1889,8328,1,27,55,1557,3,32,3,
2020-12-15,6435,524,728,1685,8328,31,23,47,1889,0,55,0,
2020-12-16,6435,136,136,1685,8328,15,2,34,1685,0,47,0,
2020-12-17,6435,65,136,1614,8328,1,12,45,1685,0,34,0,
2020-12-18,6435,223,165,1672,8328,14,4,35,1614,0,45,0,
2020-12-21,6435,122,140,1654,8328,3,1,33,1672,0,35,0,
2020-12-22,6435,86,134,1605,8328,3,0,30,1654,1,33,0,
2020-12-23,6435,62,136,1527,8328,1,1,30,1605,4,30,0,
2020-12-24,6435,77,78,1526,8328,0,1,31,1527,0,30,0,
2020-12-25,6435,1036,400,2162,8328,2,53,82,1526,0,31,0,
2020-12-28,6435,1073,1051,2181,8328,15,5,72,2162,3,82,0,
2020-12-29,6435,236,572,1844,8328,5,3,70,2181,1,72,0,
2020-12-30,6435,381,268,1952,8328,2,12,79,1844,5,70,1,
2020-12-31,6435,409,374,1987,8328,2,0,77,1952,0,79,0,
2021-01-04,6435,183,177,1993,8328,5,1,73,1987,0,77,0,
2021-01-05,6435,121,217,1897,8328,6,0,67,1993,0,73,0,
2021-01-06,6435,339,444,1791,8328,4,9,71,1897,1,67,1,
2021-01-07,6435,115,218,1688,8328,25,1,47,1791,0,71,0,
2021-01-08,6435,130,85,1733,8328,0,2,49,1688,0,47,0,
2021-01-11,6435,101,115,1719,8328,3,3,49,1733,0,49,0,
2021-01-12,6435,84,102,1701,8328,9,2,42,1719,0,49,0,
2021-01-13,6435,83,47,1737,8328,0,3,45,1701,0,42,0,
2021-01-14,6435,174,101,1810,8328,1,6,50,1737,0,45,0,
2021-01-15,6435,116,164,1762,8328,5,0,45,1810,0,50,0,
2021-01-18,6435,32,55,1736,8328,0,0,45,1762,3,45,0,
2021-01-19,6435,39,27,1748,8328,0,3,48,1736,0,45,0,
2021-01-20,6435,80,111,1717,8328,20,1,29,1748,0,48,0,
2021-01-21,6435,38,59,1696,8328,10,2,21,1717,0,29,0,
2021-01-22,6435,96,16,1776,8328,1,0,20,1696,0,21,0,
2021-01-25,6435,89,43,1822,8328,0,0,20,1776,0,20,0,
2021-01-26,6435,53,69,1804,8328,7,2,15,1822,2,20,0,
2021-01-27,6435,49,51,1802,8328,0,2,17,1804,0,15,0,
2021-01-28,6435,49,130,1720,8328,2,0,15,1802,1,17,0,
2021-01-29,6435,48,83,1685,8328,5,1,11,1720,0,15,0,
2021-02-01,6435,46,41,1690,8328,0,0,11,1685,0,11,0,
2021-02-02,6435,14,38,1666,8328,4,0,7,1690,0,11,0,
2021-02-03,6435,20,22,1664,8328,0,0,7,1666,0,7,0,
2021-02-04,6435,13,11,1665,8328,0,0,7,1664,1,7,0,
2021-02-05,6435,22,35,1648,8328,1,0,6,1665,4,7,0,
2021-02-17,6435,78,63,1663,8328,0,2,8,1648,0,6,0,
2021-02-18,6435,52,45,1670,8328,0,1,9,1663,0,8,0,
2021-02-19,6435,84,65,1686,8328,2,1,8,1670,3,9,0,
2021-02-22,6435,191,172,1705,8328,0,0,8,1686,0,8,0,
2021-02-23,6435,25,66,1663,8328,0,0,8,1705,1,8,0,
2021-02-24,6435,69,92,1640,8328,0,0,8,1663,0,8,0,
2021-02-25,6435,118,67,1691,8328,0,0,8,1640,0,8,0,
2021-02-26,6435,7,30,1668,8328,0,1,9,1691,0,8,0,
2021-03-02,6435,17,48,1637,8328,1,0,8,1668,0,9,0,
2021-03-03,6435,18,28,1627,8328,0,0,8,1637,0,8,0,
2021-03-04,6435,29,22,1634,8328,0,0,8,1627,0,8,0,
2021-03-05,6435,4,49,1585,8328,0,0,8,1634,4,8,0,
2021-03-08,6435,9,32,1562,8328,0,0,8,1585,0,8,0,
2021-03-09,6435,4,11,1555,8328,1,3,10,1562,0,8,0,
2021-03-10,6435,25,45,1535,8328,0,0,10,1555,0,10,0,
2021-03-11,6435,9,26,1518,8328,0,0,10,1535,0,10,0,
2021-03-12,6435,39,21,1536,8328,0,0,10,1518,0,10,0,
2021-03-15,6435,181,144,1573,8328,0,0,10,1536,0,10,0,
2021-03-16,6435,82,56,1592,8328,3,0,7,1573,7,10,0,
2021-03-17,6435,57,34,1615,8328,0,4,11,1592,0,7,0,
2021-03-18,6435,39,26,1628,8328,0,0,11,1615,0,11,0,
2021-03-19,6435,40,49,1619,8328,3,1,9,1628,0,11,0,
2021-03-22,6435,35,6,1648,8328,1,0,8,1619,0,9,0,
2021-03-23,6435,32,53,1627,8328,0,0,8,1648,0,8,0,
2021-03-24,6435,8,27,1608,8328,0,0,8,1627,0,8,0,
2021-03-25,6435,586,252,1942,8328,1,23,30,1608,0,8,0,
2021-03-26,6435,381,519,1804,8328,1,0,29,1942,0,30,0,
2021-03-29,6435,648,405,2047,8328,2,5,32,1804,0,29,0,
2021-03-30,6435,328,406,1969,8328,0,3,35,2047,0,32,0,
2021-03-31,6435,244,195,2018,8328,7,0,28,1969,0,35,0,
2021-04-01,6435,117,78,2057,8328,0,0,28,2018,0,28,0,
2021-04-06,6435,74,157,1974,8328,1,0,27,2057,0,28,0,
2021-04-07,6435,1626,616,2984,8328,2,22,47,1974,0,27,0,
2021-04-08,6435,1479,1554,2909,8328,12,0,35,2984,0,47,0,
2021-04-09,6435,315,592,2632,8328,26,0,9,2909,0,35,0,
2021-04-12,6435,176,288,2519,8328,1,0,7,2632,1,9,1,
2021-04-13,6435,180,447,2249,8328,2,0,5,2519,3,7,0,
2021-04-14,6435,78,102,2225,8328,1,0,4,2249,0,5,0,
2021-04-15,6435,46,48,2223,8328,0,2,6,2225,0,4,0,X
2021-04-16,6435,133,101,2252,8328,3,0,0,2223,3,6,3,X
2021-04-19,6435,223,230,2233,8328,0,0,0,2252,12,0,0,X
2021-04-20,6435,219,182,2270,8328,0,0,0,2233,0,0,0,X
2021-04-21,6435,116,81,2305,8328,0,0,0,2270,0,0,0,
2021-04-22,6435,114,225,2194,8328,0,5,5,2305,0,0,0,
2021-04-23,6435,141,57,2278,8328,3,5,7,2194,0,5,0,
2021-04-26,6435,173,76,2375,8328,2,0,5,2278,0,7,0,
2021-04-27,6435,167,76,2464,8328,0,4,9,2375,2,5,0,
2021-04-28,6435,124,167,2421,8328,1,2,10,2464,0,9,0,
2021-04-29,6435,109,120,2410,8328,1,2,11,2421,0,10,0,
2021-05-03,6435,74,150,2334,8328,8,2,5,2410,0,11,0,
2021-05-04,6435,93,246,2180,8328,0,6,11,2334,1,5,0,
2021-05-05,6435,34,105,2104,8328,4,7,14,2180,5,11,0,
2021-05-06,6435,19,32,2089,8328,0,5,19,2104,2,14,0,
2021-05-07,6435,36,60,2065,8328,6,0,13,2089,0,19,0,
2021-05-10,6435,32,13,2081,8328,11,0,2,2065,3,13,0,
2021-05-11,6435,37,115,2003,8328,1,3,4,2081,0,2,0,
2021-05-12,6435,45,116,1911,8328,3,12,13,2003,21,4,0,
2021-05-13,6435,20,35,1892,8328,0,2,15,1911,4,13,0,
2021-05-14,6435,38,63,1867,8328,10,1,6,1892,0,15,0,
2021-05-17,6435,30,147,1743,8328,0,1,7,1867,7,6,0,
2021-05-18,6435,19,50,1706,8328,1,0,6,1743,6,7,0,
2021-05-19,6435,18,16,1708,8328,0,1,7,1706,0,6,0,
2021-05-20,6435,9,16,1701,8328,4,0,3,1708,0,7,0,
2021-05-21,6435,15,15,1701,8328,1,0,2,1701,0,3,0,
2021-05-24,6435,17,18,1700,8328,1,2,3,1701,0,2,0,
2021-05-25,6435,32,43,1689,8328,0,0,3,1700,0,3,0,
2021-05-26,6435,6,8,1687,8328,0,0,3,1689,0,3,0,
2021-05-27,6435,15,11,1691,8328,0,0,3,1687,0,3,0,
2021-05-28,6435,23,13,1701,8328,2,0,1,1691,0,3,0,
2021-05-31,6435,70,23,1748,8328,0,0,1,1701,0,1,0,
2021-06-01,6435,30,29,1749,8328,0,0,1,1748,0,1,0,
2021-06-02,6435,26,12,1763,8328,0,2,3,1749,0,1,0,
2021-06-03,6435,29,47,1745,8328,0,0,3,1763,0,3,0,
2021-06-04,6435,5,1,1749,8328,0,0,3,1745,0,3,0,
2021-06-07,6435,25,25,1749,8328,1,0,2,1749,0,3,0,
2021-06-08,6435,31,31,1749,8328,1,0,1,1749,0,2,0,
2021-06-09,6435,26,19,1756,8328,0,4,5,1749,0,1,0,
2021-06-10,6435,171,71,1856,8328,0,0,5,1756,0,5,0,
2021-06-11,6435,24,18,1862,8328,0,0,5,1856,0,5,0,
2021-06-15,6435,29,29,1862,8328,0,0,5,1862,0,5,0,
2021-06-16,6435,88,40,1910,8328,0,0,5,1862,0,5,0,
2021-06-17,6435,53,106,1857,8328,0,0,5,1910,0,5,0,
2021-06-18,6435,156,102,1911,8328,4,0,1,1857,0,5,0,
2021-06-21,6435,106,43,1974,8328,0,0,1,1911,0,1,0,
2021-06-22,6435,25,31,1968,8328,0,0,1,1974,0,1,0,
2021-06-23,6435,36,30,1974,8328,0,0,1,1968,0,1,0,
2021-06-24,6435,167,104,2032,8328,0,3,4,1974,5,1,0,
2021-06-25,6435,58,120,1970,8328,3,0,1,2032,0,4,0,
2021-06-28,6435,54,24,1995,8328,0,0,1,1970,5,1,0,
2021-06-29,6435,65,114,1946,8328,0,0,1,1995,0,1,0,
2021-06-30,6435,36,85,1897,8328,0,0,1,1946,0,1,0,
2021-07-01,6435,20,35,1882,8328,0,0,1,1897,0,1,0,
2021-07-02,6435,200,129,1953,8328,0,16,17,1882,0,1,0,
2021-07-05,6435,336,316,1968,8328,0,0,17,1953,5,17,0,
2021-07-06,6435,159,112,2014,8328,1,0,16,1968,1,17,0,
2021-07-07,6435,49,158,1905,8328,15,0,1,2014,0,16,0,
2021-07-08,6435,121,238,1788,8328,0,0,1,1905,0,1,0,
2021-07-09,6435,134,52,1870,8328,0,0,1,1788,0,1,0,
2021-07-12,6435,213,274,1809,8328,0,0,1,1870,0,1,0,
2021-07-13,6435,318,263,1864,8328,0,0,0,1809,0,1,1,
2021-07-14,6435,76,111,1829,8328,0,0,0,1864,0,0,0,
2021-07-15,6435,51,41,1839,8328,0,0,0,1829,0,0,0,X
2021-07-16,6435,66,49,1856,8328,0,0,0,1839,0,0,0,X
2021-07-19,6435,346,275,1926,8328,0,0,0,1855,0,0,0,X
2021-07-20,6435,207,173,1960,8328,0,0,0,1926,0,0,0,X
2021-07-21,6435,907,484,2383,8328,0,0,0,1960,0,0,0,
2021-07-22,6435,450,483,2350,8328,0,3,3,2383,0,0,0,
2021-07-23,6435,602,441,2505,8328,0,3,6,2344,0,3,0,
2021-07-26,6435,475,364,2616,8328,1,0,5,2505,0,6,0,
2021-07-27,6435,280,282,2614,8328,2,13,16,2616,0,5,0,
2021-07-28,6435,28,272,2369,8328,3,7,20,2614,1,16,0,
2021-07-29,6435,145,65,2449,8328,7,1,14,2369,0,20,0,
2021-07-30,6435,40,133,2356,8328,5,6,15,2449,0,14,0,
2021-08-02,6435,54,92,2318,8328,8,7,14,2356,0,15,0,
2021-08-03,6435,27,43,2302,8328,2,0,12,2318,0,14,0,
2021-08-04,6435,16,55,2263,8328,1,0,11,2302,0,12,0,
2021-08-05,6435,39,45,2257,8328,1,3,13,2263,0,11,0,
2021-08-06,6435,30,49,2238,8328,6,6,13,2257,0,13,0,
2021-08-09,6435,38,120,2156,8328,3,15,25,2238,0,13,0,
2021-08-10,6435,5,60,2101,8328,7,1,19,2156,0,25,0,
2021-08-11,6435,97,107,2091,8328,2,6,23,2101,0,19,0,
2021-08-12,6435,11,21,2081,8328,5,2,20,2091,0,23,0,
2021-08-13,6435,60,68,2073,8358,2,6,24,2081,0,20,0,
2021-08-16,6435,26,44,2055,8358,5,2,21,2073,0,24,0,
2021-08-17,6435,14,43,1992,8358,12,3,12,2055,34,21,0,
2021-08-18,6435,48,31,1998,8358,4,0,8,1992,11,12,0,
2021-08-19,6435,40,40,1998,8358,0,1,9,1998,0,8,0,
2021-08-20,6435,8,28,1978,8358,0,2,11,1998,0,9,0,
2021-08-23,6435,16,30,1964,8358,2,0,9,1978,0,11,0,
2021-08-24,6435,13,29,1948,8358,1,0,8,1964,0,9,0,
2021-08-25,6435,9,10,1947,8358,0,2,10,1948,0,8,0,
2021-08-26,6435,34,5,1976,8358,0,0,10,1947,0,10,0,
2021-08-27,6435,23,33,1966,8358,0,1,11,1976,0,10,0,
2021-08-30,6435,20,9,1977,8358,3,28,36,1966,0,11,0,
2021-08-31,6435,138,49,2066,8358,9,25,52,1977,0,36,0,
2021-09-01,6435,64,73,2057,8358,3,1,50,2066,0,52,0,
2021-09-02,6435,108,105,2059,8358,6,7,51,2057,1,50,0,
2021-09-03,6435,39,23,2075,8358,21,0,30,2059,0,51,0,
2021-09-06,6435,24,41,2058,8358,8,30,52,2075,0,30,0,
2021-09-07,6435,34,30,2062,8358,9,4,47,2058,0,52,0,
2021-09-08,6435,37,47,2052,8358,11,8,44,2062,0,47,0,
2021-09-09,6435,15,15,2052,8358,1,7,50,2052,0,44,0,
2021-09-10,6435,7,10,2048,8358,19,0,31,2052,1,50,0,
2021-09-13,6435,15,8,2054,8358,5,0,26,2048,1,31,0,
2021-09-14,6435,9,36,2027,8358,1,0,25,2054,0,26,0,
2021-09-15,6435,21,9,2039,8358,4,4,25,2027,0,25,0,
2021-09-16,6435,4,9,2015,8358,4,0,21,2039,19,25,0,
2021-09-17,6435,5,21,1999,8358,2,7,26,2015,0,21,0,
2021-09-22,6435,2,16,1984,8358,7,0,19,1999,1,26,0,
2021-09-23,6435,3,6,1981,8358,0,1,20,1984,0,19,0,
2021-09-24,6435,5,11,1975,8358,1,0,19,1981,0,20,0,
2021-09-27,6435,6,8,1973,8358,7,0,12,1975,0,19,0,
2021-09-28,6435,5,2,1976,8358,0,0,12,1973,0,12,0,
2021-09-29,6435,22,27,1971,8358,3,0,9,1976,0,12,0,
2021-09-30,6435,1,17,1955,8358,1,0,8,1971,0,9,0,
2021-10-01,6435,9,27,1937,8358,0,1,9,1955,0,8,0,
2021-10-04,6435,39,23,1953,8358,3,2,8,1937,0,9,0,
2021-10-05,6435,18,36,1935,8358,0,0,8,1953,0,8,0,
2021-10-06,6435,7,14,1928,8358,0,0,8,1935,0,8,0,
2021-10-07,6435,118,52,1992,8358,0,5,13,1928,2,8,0,
2021-10-08,6435,42,77,1957,8358,2,5,16,1992,0,13,0,
2021-10-12,6435,37,19,1975,8358,1,1,16,1957,0,16,0,
2021-10-13,6435,25,20,1980,8358,1,2,17,1975,0,16,0,
2021-10-14,6435,48,25,2002,8358,3,1,15,1980,1,17,0,
2021-10-15,6435,158,75,2085,8358,1,4,18,2002,0,15,0,
2021-10-18,6435,38,76,2046,8358,3,2,17,2085,1,18,0,
2021-10-19,6435,46,65,2027,8358,2,0,15,2046,0,17,0,
2021-10-20,6435,22,24,2025,8358,2,0,13,2027,0,15,0,
2021-10-21,6435,18,37,2006,8358,1,1,13,2025,0,13,0,
2021-10-22,6435,70,60,2013,8358,0,1,14,2006,3,13,0,
2021-10-25,6435,148,74,2087,8358,1,1,14,2013,0,14,0,
2021-10-26,6435,56,109,2034,8358,0,4,18,2087,0,14,0,
2021-10-27,6435,44,86,1992,8358,4,16,30,2034,0,18,0,
2021-10-28,6435,82,60,2014,8358,0,2,32,1992,0,30,0,
2021-10-29,6435,204,76,2142,8358,16,0,16,2014,0,32,0,
2021-11-01,6435,118,87,2173,8358,0,15,31,2142,0,16,0,
2021-11-02,6435,119,104,2184,8358,16,1,16,2173,4,31,0,
2021-11-03,6435,28,38,2174,8358,0,1,17,2184,0,16,0,
2021-11-04,6435,52,27,2199,8358,4,0,13,2174,0,17,0,
2021-11-05,6435,85,43,2241,8358,0,0,13,2199,0,13,0,
2021-11-08,6435,165,52,2354,8358,0,10,23,2241,0,13,0,
2021-11-09,6435,49,66,2337,8358,0,20,43,2354,0,23,0,
2021-11-10,6435,226,150,2412,8358,0,1,44,2337,1,43,0,
2021-11-11,6435,59,131,2340,8358,0,2,46,2412,0,44,0,
2021-11-12,6435,63,98,2305,8358,0,0,46,2340,0,46,0,
2021-11-15,6435,220,161,2361,8358,0,0,46,2305,3,46,0,
2021-11-16,6435,385,270,2475,8358,0,20,66,2361,1,46,0,
2021-11-17,6435,922,604,2793,8358,2,14,78,2475,0,66,0,
2021-11-18,6435,581,703,2671,8358,22,2,58,2793,0,78,0,
2021-11-19,6435,635,398,2908,8358,3,6,61,2671,0,58,0,
2021-11-22,6435,213,351,2770,8358,7,0,54,2908,0,61,0,
2021-11-23,6435,280,461,2589,8358,4,7,57,2770,0,54,0,
2021-11-24,6435,120,151,2558,8358,8,1,50,2589,0,57,0,
2021-11-25,6435,98,57,2598,8358,0,0,50,2558,1,50,0,
2021-11-26,6435,185,284,2499,8358,2,1,49,2598,0,50,0,
2021-11-29,6435,243,179,2563,8358,2,7,54,2499,0,49,0,
2021-11-30,6435,264,170,2657,8358,4,1,51,2563,0,54,0,
2021-12-01,6435,55,116,2596,8358,1,2,52,2657,0,51,0,
2021-12-02,6435,132,64,2664,8358,1,0,51,2596,0,52,0,
2021-12-03,6435,95,106,2653,8358,0,3,54,2664,0,51,0,
2021-12-06,6435,23,33,2643,8358,0,1,55,2653,0,54,0,
2021-12-07,6435,105,131,2617,8358,3,2,54,2643,0,55,0,
2021-12-08,6435,67,44,2640,8358,0,0,54,2617,0,54,0,
2021-12-09,6435,25,68,2597,8358,3,12,63,2640,0,54,0,
2021-12-10,6435,61,80,2578,8358,0,11,74,2597,0,63,0,
2021-12-13,6435,13,20,2571,8358,3,0,71,2578,0,74,0,
2021-12-14,6435,86,151,2506,8358,0,0,71,2571,0,71,0,
2021-12-15,6435,6,27,2485,8358,10,2,63,2506,0,71,0,
2021-12-16,6435,33,69,2449,8358,20,0,43,2485,0,63,0,
2021-12-17,6435,36,28,2457,8358,0,0,43,2449,0,43,0,
2021-12-20,6435,15,17,2454,8358,0,0,42,2457,1,43,1,
2021-12-21,6435,10,13,2451,8358,0,0,42,2454,0,42,0,
2021-12-22,6435,22,45,2428,8358,0,0,42,2451,0,42,0,
2021-12-23,6435,14,24,2418,8358,0,0,42,2428,0,42,0,
2021-12-24,6435,11,74,2355,8358,0,0,42,2418,0,42,0,
2021-12-27,6435,4,7,2352,8358,0,0,42,2355,0,42,0,
2021-12-28,6435,103,28,2427,8358,0,1,43,2352,0,42,0,
2021-12-29,6435,35,51,2397,8358,2,0,41,2427,14,43,0,
2021-12-30,6435,130,77,2450,8358,2,0,39,2397,0,41,0,
2022-01-03,6435,551,349,2652,8358,14,11,36,2450,0,39,0,
2022-01-04,6435,378,356,2674,8358,7,7,36,2652,0,36,0,
2022-01-05,6435,117,125,2666,8358,10,0,26,2674,0,36,0,
2022-01-06,6435,87,90,2663,8358,3,2,25,2666,0,26,0,
2022-01-07,6435,84,233,2514,8358,0,3,28,2663,0,25,0,
2022-01-10,6435,45,82,2477,8358,1,0,27,2514,0,28,0,
2022-01-11,6435,77,46,2508,8358,3,2,26,2477,0,27,0,
2022-01-12,6435,40,47,2501,8358,15,1,12,2508,0,26,0,
2022-01-13,6435,6,57,2450,8358,4,0,8,2501,0,12,0,
2022-01-14,6435,174,93,2531,8358,2,5,11,2450,0,8,0,
2022-01-17,6435,17,97,2451,8358,4,4,11,2531,0,11,0,
2022-01-18,6435,21,61,2411,8358,3,0,8,2451,0,11,0,
2022-01-19,6435,25,45,2391,8358,0,0,8,2411,0,8,0,
2022-01-20,6435,46,18,2418,8358,2,0,6,2391,1,8,0,
2022-01-21,6435,44,44,2416,8358,0,0,6,2418,2,6,0,
2022-01-24,6435,7,45,2378,8358,0,1,7,2416,0,6,0,
2022-01-25,6435,19,7,2385,8358,0,0,7,2378,5,7,0,
2022-01-26,6435,11,24,2372,8358,0,0,7,2385,0,7,0,
2022-02-07,6435,41,12,2401,8358,1,0,6,2372,0,7,0,
2022-02-08,6435,59,83,2377,8358,0,1,7,2401,0,6,0,
2022-02-09,6435,68,48,2397,8358,1,1,7,2377,0,7,0,
2022-02-10,6435,53,32,2418,8358,0,0,7,2397,0,7,0,
2022-02-11,6435,276,297,2397,8358,0,87,94,2418,0,7,0,
2022-02-14,6435,510,217,2690,8358,35,13,72,2397,0,94,0,
2022-02-15,6435,234,230,2694,8358,15,14,71,2690,0,72,0,
2022-02-16,6435,252,288,2658,8358,3,8,75,2694,0,71,1,
2022-02-17,6435,244,275,2627,8358,1,8,82,2658,0,75,0,
2022-02-18,6435,56,161,2522,8358,22,7,67,2627,0,82,0,
2022-02-21,6435,115,76,2561,8358,21,14,60,2522,0,67,0,
2022-02-22,6435,77,245,2393,8358,27,11,44,2561,0,60,0,
2022-02-23,6435,89,94,2388,8358,12,3,35,2393,0,44,0,
2022-02-24,6435,65,99,2354,8358,16,0,19,2388,0,35,0,
2022-02-25,6435,20,36,2337,8358,2,2,19,2354,1,19,0,
2022-03-01,6435,58,65,2330,8358,6,4,17,2337,0,19,0,
2022-03-02,6435,87,102,2315,8358,1,3,19,2330,0,17,0,
2022-03-03,6435,63,87,2291,8358,1,0,18,2315,0,19,0,
2022-03-04,6435,74,44,2321,8358,3,0,15,2291,0,18,0,
2022-03-07,6435,113,157,2277,8358,3,2,14,2321,0,15,0,
2022-03-08,6435,54,42,2289,8358,3,3,14,2277,0,14,0,
2022-03-09,6435,29,28,2290,8358,3,0,11,2289,0,14,0,
2022-03-10,6435,69,44,2315,8358,0,0,11,2290,0,11,0,
2022-03-11,6435,44,32,2327,8358,0,1,12,2315,0,11,0,
2022-03-14,6435,103,82,2348,8358,0,2,14,2327,0,12,0,
2022-03-15,6435,179,113,2414,8358,2,0,12,2348,0,14,0,
2022-03-16,6435,120,151,2383,8358,0,0,12,2414,0,12,0,
2022-03-17,6435,82,57,2408,8358,2,0,10,2383,0,12,0,
2022-03-18,6435,405,317,2494,8358,0,10,20,2408,2,10,0,
2022-03-21,6435,99,153,2440,8358,4,13,29,2494,0,20,0,
2022-03-22,6435,142,228,2354,8358,5,0,24,2440,0,29,0,
2022-03-23,6435,578,302,2630,8358,10,0,14,2354,0,24,0,
2022-03-24,6435,118,184,2564,8358,5,6,15,2630,0,14,0,
2022-03-25,6435,163,217,2510,8358,3,1,13,2564,0,15,0,
2022-03-28,6435,59,61,2508,8358,1,0,12,2510,0,13,0,
2022-03-29,6435,152,177,2483,8358,2,1,11,2508,0,12,0,
2022-03-30,6435,313,183,2613,8358,1,0,10,2483,0,11,0,
2022-03-31,6435,150,153,2610,8358,0,5,15,2613,0,10,0,
2022-04-01,6435,134,151,2593,8358,4,0,11,2610,0,15,0,
2022-04-06,6435,108,241,2460,8358,3,1,9,2593,0,11,0,
2022-04-07,6435,102,127,2435,8358,6,2,5,2460,0,9,0,
2022-04-08,6435,70,134,2371,8358,0,4,9,2435,0,5,0,
2022-04-11,6435,145,217,2299,8358,2,0,7,2371,0,9,0,
2022-04-12,6435,30,48,2281,8358,0,3,10,2299,0,7,0,
2022-04-13,6435,36,39,2278,8358,2,1,8,2281,0,10,1,
2022-04-14,6435,43,32,2289,8358,3,0,5,2278,0,8,0,
2022-04-15,6435,80,104,2265,8358,0,1,6,2289,0,5,0,X
2022-04-18,6435,78,47,2296,8358,6,0,0,2265,0,6,0,X
2022-04-19,6435,50,43,2303,8358,0,0,0,2296,0,0,0,X
2022-04-20,6435,20,31,2289,8358,0,0,0,2303,3,0,0,X
2022-04-21,6435,14,21,2280,8358,0,0,0,2289,2,0,0,
2022-04-22,6435,14,17,2276,8358,0,2,2,2280,1,0,0,
2022-04-25,6435,74,74,2276,8358,0,2,4,2276,0,2,0,
2022-04-26,6435,11,9,2274,8358,0,0,4,2276,4,4,0,
2022-04-27,6435,26,69,2229,8358,1,0,3,2274,2,4,0,
2022-04-28,6435,42,11,2260,8358,0,0,3,2229,0,3,0,
2022-04-29,6435,30,29,2228,8358,0,0,3,2260,33,3,0,
2022-05-03,6435,19,19,2228,8358,1,1,3,2228,0,3,0,
2022-05-04,6435,163,52,2339,8358,0,2,5,2228,0,3,0,
2022-05-05,6435,67,127,2278,8358,0,7,12,2339,1,5,0,
2022-05-06,6435,116,84,2310,8358,1,5,16,2278,0,12,0,
2022-05-09,6435,88,78,2319,8358,8,1,9,2310,1,16,0,
2022-05-10,6435,48,149,2218,8358,2,3,10,2319,0,9,0,
2022-05-11,6435,173,44,2347,8358,0,1,11,2218,0,10,0,
2022-05-12,6435,114,232,2229,8358,1,2,12,2347,0,11,0,
2022-05-13,6435,59,80,2208,8358,1,2,13,2229,0,12,0,
2022-05-16,6435,52,62,2198,8358,0,0,13,2208,0,13,0,
2022-05-17,6435,26,65,2159,8358,1,1,13,2198,0,13,0,
2022-05-18,6435,17,89,2087,8358,2,0,11,2159,0,13,0,
2022-05-19,6435,53,132,2008,8358,0,3,13,2087,0,11,1,
2022-05-20,6435,374,99,2283,8358,2,1,12,2008,0,13,0,
2022-05-23,6435,341,445,2179,8358,1,1,12,2283,0,12,0,
2022-05-24,6435,96,173,2102,8358,1,2,13,2179,0,12,0,
2022-05-25,6435,28,60,2070,8358,3,1,11,2102,0,13,0,
2022-05-26,6435,41,105,2006,8358,1,1,9,2070,0,11,2,
2022-05-27,6435,37,56,1987,8358,0,1,10,2006,0,9,0,
2022-05-30,6435,279,161,2105,8358,2,5,13,1987,0,10,0,
2022-05-31,6435,63,139,2029,8358,4,26,35,2105,0,13,0,
2022-06-01,6435,275,131,2173,8358,0,4,39,2029,0,35,0,
2022-06-02,6435,107,112,2153,8358,3,4,40,2173,15,39,0,
2022-06-06,6435,46,31,2168,8358,5,0,35,2153,0,40,0,
2022-06-07,6435,446,376,2238,8358,0,37,72,2168,0,35,0,
2022-06-08,6435,204,185,2257,8358,7,84,149,2238,0,72,0,
2022-06-09,6435,264,135,2386,8358,3,40,186,2257,0,149,0,
2022-06-10,6435,75,198,2263,8358,1,7,192,2386,0,186,0,
2022-06-13,6435,91,104,2250,8358,10,4,186,2263,0,192,0,
2022-06-14,6435,157,161,2246,8358,25,7,168,2250,0,186,0,
2022-06-15,6435,64,169,2141,8358,8,3,163,2246,0,168,0,
2022-06-16,6435,297,239,2199,8358,27,45,181,2141,0,163,0,
2022-06-17,6435,36,73,2162,8358,92,39,128,2199,0,181,0,
2022-06-20,6435,166,203,2125,8358,99,8,37,2162,0,128,0,
2022-06-21,6435,60,81,2104,8358,16,56,77,2125,0,37,0,
2022-06-22,6435,175,137,2140,8358,54,11,34,2104,2,77,0,
2022-06-23,6435,67,23,2184,8358,12,4,26,2140,0,34,0,
2022-06-24,6435,148,162,2170,8358,11,49,64,2184,0,26,0,
2022-06-27,6435,152,198,2123,8358,41,15,38,2170,1,64,0,
2022-06-28,6435,148,62,2209,8358,21,21,38,2123,0,38,0,
2022-06-29,6435,55,54,2204,8358,8,15,45,2209,6,38,0,
2022-06-30,6435,115,68,2251,8358,10,56,91,2204,0,45,0,
2022-07-01,6435,137,159,2227,8358,3,9,97,2251,2,91,0,
2022-07-04,6435,48,60,2215,8358,7,31,121,2227,0,97,0,
2022-07-05,6435,92,307,1994,8358,33,4,92,2215,6,121,0,
2022-07-06,6435,198,90,2101,8358,16,13,89,1994,1,92,0,
2022-07-07,6435,72,232,1941,8358,52,5,42,2101,0,89,0,
2022-07-08,6435,85,76,1949,8358,26,0,16,1941,1,42,0,
2022-07-11,6435,63,142,1869,8358,4,4,16,1949,1,16,0,
2022-07-12,6435,119,278,1708,8358,2,22,34,1869,2,16,2,
2022-07-13,6435,41,44,1704,8358,10,1,25,1708,1,34,0,
2022-07-14,6435,57,54,1707,8358,7,5,23,1704,0,25,0,
2022-07-15,6435,100,44,1763,8358,15,0,8,1707,0,23,0,
2022-07-18,6435,64,82,1744,8358,4,1,4,1763,1,8,1,X
2022-07-19,6435,17,47,1714,8358,4,0,0,1744,0,4,0,X
2022-07-20,6435,97,90,1720,8358,0,0,0,1714,1,0,0,X
2022-07-21,6435,289,102,1907,8358,0,0,0,1720,0,0,0,X
2022-07-22,6435,151,153,1904,8358,0,0,0,1907,1,0,0,
2022-07-25,6435,30,37,1897,8358,0,2,2,1904,0,0,0,
2022-07-26,6435,32,45,1884,8358,1,12,13,1897,0,2,0,
2022-07-27,6435,37,66,1854,8358,3,4,14,1884,1,13,0,
2022-07-28,6435,26,35,1844,8358,0,1,15,1854,1,14,0,
2022-07-29,6435,24,73,1720,8358,0,0,15,1844,75,15,0,
2022-08-01,6435,37,144,1613,8358,2,1,14,1720,0,15,0,
2022-08-02,6435,30,86,1557,8358,9,1,6,1613,0,14,0,
2022-08-03,6435,20,40,1536,8358,2,8,12,1557,1,6,0,
2022-08-04,6435,30,31,1535,8358,2,27,37,1536,0,12,0,
2022-08-05,6435,28,30,1533,8358,1,11,47,1535,0,37,0,
2022-08-08,6435,18,98,1453,8358,35,4,16,1533,0,47,0,
2022-08-09,6435,11,10,1454,8358,0,4,20,1453,0,16,0,
2022-08-10,6435,30,12,1472,8358,2,1,19,1454,0,20,0,
2022-08-11,6435,130,78,1524,8358,4,5,20,1472,0,19,0,
2022-08-12,6435,170,163,1531,8358,1,13,32,1524,0,20,0,
2022-08-15,6435,53,115,1469,8358,0,1,33,1531,0,32,0,
2022-08-16,6435,44,46,1466,8358,1,0,32,1469,1,33,0,
2022-08-17,6435,39,28,1477,8358,3,0,29,1466,0,32,0,
2022-08-18,6435,147,75,1547,8358,5,11,35,1477,2,29,0,
2022-08-19,6435,102,177,1472,8358,2,1,34,1547,0,35,0,
2022-08-22,6435,16,50,1438,8358,1,0,33,1472,0,34,0,
2022-08-23,6435,16,179,1275,8358,7,0,26,1438,0,33,0,
2022-08-24,6435,11,9,1277,8358,0,0,26,1275,0,26,0,
2022-08-25,6435,160,70,1367,8358,0,1,27,1277,0,26,0,
2022-08-26,6435,142,89,1420,8358,0,2,29,1367,0,27,0,
2022-08-29,6435,13,67,1366,8358,10,1,20,1420,0,29,0,
2022-08-30,6435,5,6,1359,8358,3,2,19,1366,6,20,0,
2022-08-31,6435,10,12,1357,8358,0,6,25,1359,0,19,0,
2022-09-01,6435,4,13,1348,8358,5,0,20,1357,0,25,0,
2022-09-02,6435,7,35,1320,8358,0,4,24,1348,0,20,0,
2022-09-05,6435,7,7,1320,8358,1,2,25,1320,0,24,0,
2022-09-06,6435,14,72,1262,8358,2,10,33,1320,0,25,0,
2022-09-07,6435,5,56,1211,8358,10,3,26,1262,0,33,0,
2022-09-08,6435,8,5,1214,8358,1,0,25,1211,0,26,0,
2022-09-12,6435,4,11,1207,8358,1,0,24,1214,0,25,0,
2022-09-13,6435,2,2,1207,8358,0,0,24,1207,0,24,0,
2022-09-14,6435,4,3,1208,8358,1,7,30,1207,0,24,0,
2022-09-15,6435,12,6,1214,8358,1,0,29,1208,0,30,0,
2022-09-16,6435,3,20,1196,8358,0,0,29,1214,1,29,0,
2022-09-19,6435,2,1,1196,8358,0,5,34,1196,1,29,0,
2022-09-20,6435,7,5,1198,8358,0,0,34,1196,0,34,0,
2022-09-21,6435,4,5,1196,8358,0,1,35,1198,1,34,0,
2022-09-22,6435,6,5,1197,8358,1,5,39,1196,0,35,0,
2022-09-23,6435,4,17,1173,8358,0,0,39,1197,11,39,0,
2022-09-26,6435,15,52,1135,8358,4,7,42,1173,1,39,0,
2022-09-27,6435,5,5,1132,8358,1,10,51,1135,3,42,0,
2022-09-28,6435,30,55,1107,8358,2,0,49,1132,0,51,0,
2022-09-29,6435,17,14,1108,8358,2,0,47,1107,2,49,0,
2022-09-30,6435,7,28,1086,8358,2,3,48,1108,1,47,0,
2022-10-03,6435,5,14,1077,8358,1,1,48,1086,0,48,0,
2022-10-04,6435,5,6,1076,8358,3,1,46,1077,0,48,0,
2022-10-05,6435,11,8,1079,8358,0,0,46,1076,0,46,0,
2022-10-06,6435,3,7,1075,8358,0,2,48,1079,0,46,0,
2022-10-07,6435,16,21,1069,8358,2,12,58,1075,1,48,0,
2022-10-11,6435,7,48,1028,8358,18,1,41,1069,0,58,0,
2022-10-12,6435,10,6,1032,8358,1,5,45,1028,0,41,0,
2022-10-13,6435,14,89,957,8358,3,5,47,1032,0,45,0,
2022-10-14,6435,18,12,963,8358,8,3,42,957,0,47,0,
2022-10-17,6435,2,8,956,8358,3,3,42,963,1,42,0,
2022-10-18,6435,7,6,957,8358,0,1,43,956,0,42,0,
2022-10-19,6435,8,7,958,8358,2,1,42,957,0,43,0,
2022-10-20,6435,8,2,964,8358,0,0,42,958,0,42,0,
2022-10-21,6435,1,5,959,8358,0,0,42,964,1,42,0,
2022-10-24,6435,7,20,946,8358,0,1,43,959,0,42,0,
2022-10-25,6435,3,4,945,8358,1,1,43,946,0,43,0,
2022-10-26,6435,2,6,941,8358,0,0,43,945,0,43,0,
2022-10-27,6435,6,4,943,8358,1,0,42,941,0,43,0,
2022-10-28,6435,5,6,942,8358,1,1,42,943,0,42,0,
2022-10-31,6435,1,7,936,8358,1,0,41,942,0,42,0,
2022-11-01,6435,5,3,938,8358,1,0,40,936,0,41,0,
2022-11-02,6435,8,6,940,8358,0,0,40,938,0,40,0,
2022-11-03,6435,0,3,937,8358,0,0,40,940,0,40,0,
2022-11-04,6435,4,4,937,8358,0,0,40,937,0,40,0,
2022-11-07,6435,92,11,1018,8358,0,2,42,937,0,40,0,
2022-11-08,6435,16,25,1009,8358,2,1,41,1018,0,42,0,
2022-11-09,6435,18,47,980,8358,0,0,41,1009,0,41,0,
2022-11-10,6435,6,12,974,8358,0,0,41,980,0,41,0,
2022-11-11,6435,54,29,998,8358,0,0,41,974,1,41,0,
2022-11-14,6435,27,11,1013,8358,0,0,41,998,1,41,0,
2022-11-15,6435,9,12,1010,8358,0,0,41,1013,0,41,0,
2022-11-16,6435,11,20,998,8358,0,0,41,1010,3,41,0,
2022-11-17,6435,42,13,1027,8358,1,0,40,998,0,41,0,
2022-11-18,6435,46,43,1030,8358,0,0,40,1027,0,40,0,
2022-11-21,6435,12,10,1030,8358,0,0,40,1030,2,40,0,
2022-11-22,6435,5,33,1002,8358,25,0,15,1030,0,40,0,
2022-11-23,6435,64,38,1028,8358,0,0,15,1002,0,15,0,
2022-11-24,6435,48,53,1023,8358,0,0,15,1028,0,15,0,
2022-11-25,6435,55,34,1044,8358,0,0,15,1023,0,15,0,
2022-11-28,6435,6,43,1007,8358,0,0,15,1044,0,15,0,
2022-11-29,6435,29,107,929,8358,0,0,15,1007,0,15,0,
2022-11-30,6435,95,38,986,8358,0,0,15,929,0,15,0,
2022-12-01,6435,46,57,975,8358,0,7,22,986,0,15,0,
2022-12-02,6435,38,41,972,8358,1,0,21,975,0,22,0,
2022-12-05,6435,147,42,1077,8358,0,0,21,972,0,21,0,
2022-12-06,6435,27,151,953,8358,0,0,21,1077,0,21,0,
2022-12-07,6435,25,16,962,8358,0,0,21,953,0,21,0,
2022-12-08,6435,3,8,957,8358,0,0,21,962,0,21,0,
2022-12-09,6435,15,7,965,8358,0,0,21,957,0,21,0,
2022-12-12,6435,8,40,933,8358,0,0,21,965,0,21,0,
2022-12-13,6435,5,7,931,8358,0,0,21,933,0,21,0,
2022-12-14,6435,8,2,937,8358,0,0,21,931,0,21,0,
2022-12-15,6435,7,2,942,8358,0,0,21,937,0,21,0,
2022-12-16,6435,20,12,950,8358,0,0,21,942,0,21,0,
2022-12-19,6435,8,98,860,8358,0,0,21,950,0,21,0,
2022-12-20,6435,4,4,859,8358,0,0,21,860,1,21,0,
2022-12-21,6435,3,13,849,8358,0,0,21,859,0,21,0,
2022-12-22,6435,19,36,832,8358,0,0,21,849,0,21,0,
2022-12-23,6435,7,2,837,8358,1,36,56,832,0,21,0,
2022-12-26,6435,5,5,836,8358,0,4,60,837,1,56,0,
2022-12-27,6435,15,16,835,8358,0,4,64,836,0,60,0,
2022-12-28,6435,31,23,843,8358,1,0,63,835,0,64,0,
2022-12-29,6435,0,1,842,8358,0,0,63,843,0,63,0,
2022-12-30,6435,8,10,840,8358,0,0,63,842,0,63,0,
2023-01-03,6435,4,6,838,8358,6,1,58,840,0,63,0,
2023-01-04,6435,2,3,837,8358,0,0,58,838,0,58,0,
2023-01-05,6435,7,15,829,8358,0,3,61,837,0,58,0,
2023-01-06,6435,2,5,824,8358,33,3,31,829,2,61,0,
2023-01-09,6435,4,14,814,8358,0,0,31,824,0,31,0,
2023-01-10,6435,2,3,813,8358,0,0,31,814,0,31,0,
2023-01-11,6435,9,3,818,8358,2,0,29,813,1,31,0,
2023-01-12,6435,39,29,828,8358,0,0,29,818,0,29,0,
2023-01-13,6435,3,19,812,8358,0,0,29,828,0,29,0,
2023-01-16,6435,0,1,811,8358,3,0,26,812,0,29,0,
2023-01-17,6435,4,14,797,8358,0,0,26,811,4,26,0,
2023-01-30,6435,34,16,814,8358,6,0,20,797,1,26,0,
2023-01-31,6435,8,9,813,8358,0,0,20,814,0,20,0,
2023-02-01,6435,64,27,850,8358,0,7,27,813,0,20,0,
2023-02-02,6435,94,57,886,8358,0,0,27,850,1,27,0,
2023-02-03,6435,20,25,881,8358,0,0,27,886,0,27,0,
2023-02-06,6435,1,16,866,8358,0,0,27,881,0,27,0,
2023-02-07,6435,32,11,887,8358,0,0,27,866,0,27,0,
2023-02-08,6435,111,120,878,8358,4,0,23,887,0,27,0,
2023-02-09,6435,50,23,905,8358,0,0,23,878,0,23,0,
2023-02-10,6435,26,58,873,8358,0,0,23,905,0,23,0,
2023-02-13,6435,4,13,864,8358,0,0,23,873,0,23,0,
2023-02-14,6435,4,16,852,8358,0,0,23,864,0,23,0,
2023-02-15,6435,17,54,815,8358,0,0,23,852,0,23,0,
2023-02-16,6435,39,15,839,8358,0,0,23,815,0,23,0,
2023-02-17,6435,2,33,808,8358,0,0,23,839,0,23,0,
2023-02-20,6435,11,15,804,8358,0,0,23,808,0,23,0,
2023-02-21,6435,4,13,795,8358,0,0,23,804,0,23,0,
2023-02-22,6435,11,15,791,8358,0,0,23,795,0,23,0,
2023-02-23,6435,72,9,854,8358,0,0,23,791,0,23,0,
2023-02-24,6435,24,11,867,8358,0,0,23,854,0,23,0,
2023-03-01,6435,6,6,867,8358,3,3,23,867,0,23,0,
2023-03-02,6435,3,9,861,8358,0,0,23,867,0,23,0,
2023-03-03,6435,8,12,857,8358,0,0,23,861,0,23,0,
2023-03-06,6435,24,5,876,8358,0,0,23,857,0,23,0,
2023-03-07,6435,7,2,881,8358,0,0,23,876,0,23,0,
2023-03-08,6435,17,15,883,8358,0,0,23,881,0,23,0,
2023-03-09,6435,8,16,875,8358,0,1,24,883,0,23,0,
2023-03-10,6435,8,16,867,8358,0,1,25,875,0,24,0,
2023-03-13,6435,17,15,863,8358,6,6,25,867,6,25,0,
2023-03-14,6435,8,22,826,8358,0,0,25,863,23,25,0,
2023-03-15,6435,27,1,852,8358,0,0,25,826,0,25,0,
2023-03-16,6435,7,10,849,8358,2,0,23,852,0,25,0,
2023-03-17,6435,21,5,865,8358,0,0,23,849,0,23,0,
2023-03-20,6435,19,46,838,8358,0,0,23,865,0,23,0,
2023-03-21,6435,6,21,823,8358,0,0,23,838,0,23,0,
2023-03-22,6435,23,25,821,8358,0,0,23,823,0,23,0,
2023-03-23,6435,5,8,818,8358,0,0,23,821,0,23,0,
2023-03-24,6435,11,8,821,8358,0,0,23,818,0,23,0,
2023-03-27,6435,15,8,828,8358,0,5,28,821,0,23,0,
2023-03-28,6435,20,23,825,8358,5,0,23,828,0,28,0,
2023-03-29,6435,5,25,803,8358,1,0,22,825,2,23,0,
2023-03-30,6435,4,8,799,8358,0,0,22,803,0,22,0,
2023-03-31,6435,5,7,797,8358,0,0,22,799,0,22,0,
2023-04-06,6435,16,2,811,8358,10,0,12,797,0,22,0,
2023-04-07,6435,3,14,799,8358,0,0,12,811,1,12,0,
2023-04-10,6435,191,69,921,8358,0,0,12,799,0,12,0,
2023-04-11,6435,43,52,912,8358,0,0,12,921,0,12,0,
2023-04-12,6435,43,68,887,8358,0,0,12,912,0,12,0,
2023-04-13,6435,47,26,908,8358,1,0,11,887,0,12,0,X
2023-04-14,6435,14,7,915,8358,11,0,0,908,0,11,0,X
2023-04-17,6435,23,37,901,8358,0,0,0,915,0,0,0,X
2023-04-18,6435,32,44,889,8358,0,0,0,901,0,0,0,X
2023-04-19,6435,14,25,878,8358,0,0,0,889,0,0,0,
2023-04-20,6435,24,42,840,8358,0,0,0,878,20,0,0,
2023-04-21,6435,31,35,835,8358,0,1,1,840,1,0,0,
2023-04-24,6435,4,1,838,8358,0,0,1,835,0,1,0,
2023-04-25,6435,6,8,836,8358,0,0,1,838,0,1,0,
2023-04-26,6435,2,5,803,8358,1,34,34,836,30,1,0,
2023-04-27,6435,1,4,800,8358,0,0,34,803,0,34,0,
2023-04-28,6435,8,6,802,8358,0,0,34,800,0,34,0,
2023-05-02,6435,1,2,801,8358,0,0,34,802,0,34,0,
2023-05-03,6435,3,1,803,8358,0,0,34,801,0,34,0,
2023-05-04,6435,4,13,794,8358,0,0,34,803,0,34,0,
2023-05-05,6435,6,1,799,8358,0,0,34,794,0,34,0,
2023-05-08,6435,6,13,792,8358,0,0,34,799,0,34,0,
2023-05-09,6435,6,4,794,8358,0,1,35,792,0,34,0,
2023-05-10,6435,3,3,794,8358,0,0,35,794,0,35,0,
2023-05-11,6435,10,10,794,8358,0,2,37,794,0,35,0,
2023-05-12,6435,3,2,794,8358,2,1,36,794,1,37,0,
2023-05-15,6435,0,7,787,8358,30,0,6,794,0,36,0,
2023-05-16,6435,7,1,793,8358,0,0,6,787,0,6,0,
2023-05-17,6435,1,18,771,8358,1,0,5,793,5,6,0,
2023-05-18,6435,1,5,766,8358,0,0,5,771,1,5,0,
2023-05-19,6435,8,4,770,8358,0,0,5,766,0,5,0,
2023-05-22,6435,7,5,770,8358,4,0,1,770,2,5,0,
2023-05-23,6435,15,1,784,8358,0,0,1,770,0,1,0,
2023-05-24,6435,3,5,782,8358,0,0,1,784,0,1,0,
2023-05-25,6435,1,3,780,8358,0,0,1,782,0,1,0,
2023-05-26,6435,4,23,761,8358,1,0,0,780,0,1,0,
2023-05-29,6435,4,1,762,8358,0,0,0,761,2,0,0,
2023-05-30,6435,0,2,760,8358,0,0,0,762,0,0,0,
2023-05-31,6435,2,4,757,8358,0,0,0,760,1,0,0,
2023-06-01,6435,8,11,754,8358,0,0,0,757,0,0,0,
2023-06-02,6435,2,8,748,8358,0,0,0,754,0,0,0,
2023-06-05,6435,1,10,738,8358,0,0,0,748,1,0,0,
2023-06-06,6435,18,1,755,8358,0,0,0,738,0,0,0,
2023-06-07,6435,6,0,761,8358,0,1,1,755,0,0,0,
2023-06-08,6435,4,8,745,8358,0,0,1,761,12,1,0,
2023-06-09,6435,14,30,729,8358,1,0,0,745,0,1,0,
2023-06-12,6435,17,23,722,8358,0,1,1,729,1,0,0,
2023-06-13,6435,15,12,725,8358,0,1,2,722,0,1,0,
2023-06-14,6435,16,0,741,8358,1,0,1,725,0,2,0,
2023-06-15,6435,3,1,743,8358,0,0,1,741,0,1,0,
2023-06-16,6435,3,9,736,8358,0,0,1,743,1,1,0,
2023-06-19,6435,3,1,738,8358,0,0,1,736,0,1,0,
2023-06-20,6435,11,6,743,8358,0,0,1,738,0,1,0,
2023-06-21,6435,6,3,746,8358,0,0,1,743,0,1,0,
2023-06-26,6435,2,15,732,8358,0,0,1,746,1,1,0,
2023-06-27,6435,2,8,725,8358,0,0,1,732,1,1,0,
2023-06-28,6435,2,6,721,8358,0,0,1,725,0,1,0,
2023-06-29,6435,0,2,718,8358,0,0,1,721,1,1,0,
2023-06-30,6435,1,6,713,8358,0,0,1,718,0,1,0,
2023-07-03,6435,3,11,705,8358,0,0,1,713,0,1,0,
2023-07-04,6435,0,3,701,8358,0,0,1,705,1,1,0,
2023-07-05,6435,14,4,710,8358,0,0,1,701,1,1,0,
2023-07-06,6435,3,5,708,8358,0,0,1,710,0,1,0,
2023-07-07,6435,2,4,706,8358,0,0,1,708,0,1,0,
2023-07-10,6435,0,4,702,8358,0,2,3,706,0,1,0,
2023-07-11,6435,1,1,702,8358,2,0,1,702,0,3,0,
2023-07-12,6435,7,4,705,8358,0,0,1,702,0,1,0,
2023-07-13,6435,7,5,707,8358,0,0,1,705,0,1,0,
2023-07-14,6435,1,4,704,8358,0,0,1,707,0,1,0,
2023-07-17,6435,5,0,709,8358,0,0,1,704,0,1,0,
2023-07-18,6435,2,4,707,8358,0,0,1,709,0,1,0,
2023-07-19,6435,9,10,706,8358,0,0,1,707,0,1,0,
2023-07-20,6435,1,6,701,8358,0,0,1,706,0,1,0,
2023-07-21,6435,3,4,698,8358,0,0,1,701,2,1,0,
2023-07-24,6435,0,5,693,8358,0,2,3,698,0,1,0,
2023-07-25,6435,4,1,696,8358,0,0,3,693,0,3,0,
2023-07-26,6435,4,13,687,8358,0,0,3,696,0,3,0,
2023-07-27,6435,2,2,686,8358,0,0,3,687,1,3,0,
2023-07-28,6435,3,2,687,8358,0,0,3,686,0,3,0,
2023-07-31,6435,2,1,688,8358,0,0,3,687,0,3,0,
2023-08-01,6435,2,4,685,8358,0,0,3,688,1,3,0,
2023-08-02,6435,1,1,679,8358,0,0,3,685,6,3,0,
2023-08-04,6435,0,0,677,8358,0,1,4,679,2,3,0,
2023-08-07,6435,2,1,678,8358,0,1,5,677,0,4,0,
2023-08-08,6435,1,1,674,8358,0,0,5,678,4,5,0,
2023-08-09,6435,1,5,670,8358,0,0,5,674,0,5,0,
2023-08-10,6435,0,10,656,8358,0,0,5,670,4,5,0,
2023-08-11,6435,4,2,658,8358,0,0,5,656,0,5,0,
2023-08-14,6435,3,13,648,8358,2,0,3,658,0,5,0,
2023-08-15,6435,0,11,637,8358,0,0,3,648,0,3,0,
2023-08-16,6435,1,0,638,8358,0,0,3,637,0,3,0,
2023-08-17,6435,3,7,634,8358,0,0,3,638,0,3,0,
2023-08-18,6435,0,12,622,8358,2,0,1,634,0,3,0,
2023-08-21,6435,2,0,623,8358,0,0,1,622,1,1,0,X
2023-08-22,6435,2,2,623,8358,1,0,0,623,0,1,0,X
2023-08-23,6435,0,0,623,8358,0,0,0,623,0,0,0,X
2023-08-24,6435,9,10,622,8358,0,0,0,623,0,0,0,X
2023-08-25,6435,3,4,621,8358,0,0,0,622,0,0,0,
2023-08-28,6435,3,11,613,8358,0,1,1,621,0,0,0,
2023-08-29,6435,1,4,610,8358,0,0,1,613,0,1,0,
2023-08-30,6435,8,5,580,8358,0,0,1,610,33,1,0,
2023-08-31,6435,3,4,579,8358,0,0,1,580,0,1,0,
2023-09-01,6435,3,0,582,8358,0,0,1,579,0,1,0,
2023-09-04,6435,0,0,582,8358,0,0,1,582,0,1,0,
2023-09-05,6435,9,21,570,8358,0,0,1,582,0,1,0,
2023-09-06,6435,1,4,567,8358,0,0,1,570,0,1,0,
2023-09-07,6435,25,3,588,8358,0,0,1,567,1,1,0,
2023-09-08,6435,5,0,593,8358,0,0,1,588,0,1,0,
2023-09-11,6435,1,13,581,8358,0,0,1,593,0,1,0,
2023-09-12,6435,2,16,567,8358,0,0,1,581,0,1,0,
2023-09-13,6435,2,2,567,8358,0,0,1,567,0,1,0,
2023-09-14,6435,3,1,569,8358,0,0,1,567,0,1,0,
2023-09-15,6435,1,6,564,8358,0,0,1,569,0,1,0,
2023-09-18,6435,1,12,549,8358,0,0,1,564,4,1,0,
2023-09-19,6435,1,1,548,8358,0,0,1,549,1,1,0,
2023-09-20,6435,0,0,548,9269,0,0,1,548,0,1,0,
2023-09-21,6435,1,4,545,9269,1,0,0,548,0,1,0,
2023-09-22,6435,10,1,554,9269,0,0,0,545,0,0,0,
2023-09-25,6435,2,1,553,9269,0,0,0,554,2,0,0,
2023-09-26,6435,0,11,540,9269,0,0,0,553,2,0,0,
2023-09-27,6435,1,2,537,9269,0,0,0,540,2,0,0,
2023-09-28,6435,0,0,537,9269,0,0,0,537,0,0,0,
2023-10-02,6435,3,0,540,9269,0,0,0,537,0,0,0,
2023-10-03,6435,2,1,539,9269,0,0,0,540,2,0,0,
2023-10-04,6435,0,2,536,9269,0,0,0,539,1,0,0,
2023-10-05,6435,3,0,539,9269,0,0,0,536,0,0,0,
2023-10-06,6435,0,1,538,9269,0,0,0,539,0,0,0,
2023-10-11,6435,3,4,537,9269,0,0,0,538,0,0,0,
2023-10-12,6435,54,4,587,9269,0,0,0,537,0,0,0,
2023-10-13,6435,6,5,588,9269,0,0,0,587,0,0,0,
2023-10-16,6435,2,2,588,9269,0,0,0,588,0,0,0,
2023-10-17,6435,24,31,581,9269,0,0,0,588,0,0,0,
2023-10-18,6435,7,5,583,9269,0,0,0,581,0,0,0,
2023-10-19,6435,6,1,588,9269,0,0,0,583,0,0,0,
2023-10-20,6435,3,1,590,9269,0,0,0,588,0,0,0,
2023-10-23,6435,4,8,586,9269,0,0,0,590,0,0,0,
2023-10-24,6435,3,2,587,9269,0,0,0,586,0,0,0,
2023-10-25,6435,9,0,596,9269,0,0,0,587,0,0,0,
2023-10-26,6435,1,1,596,9269,0,0,0,596,0,0,0,
2023-10-27,6435,6,14,588,9269,0,0,0,596,0,0,0,
2023-10-30,6435,2,9,581,9269,0,0,0,588,0,0,0,
2023-10-31,6435,0,1,580,9269,0,0,0,581,0,0,0,
2023-11-01,6435,0,2,578,9269,0,0,0,580,0,0,0,
2023-11-02,6435,3,1,580,9269,0,0,0,578,0,0,0,
2023-11-03,6435,3,0,583,9269,0,0,0,580,0,0,0,
2023-11-06,6435,4,5,582,9269,0,0,0,583,0,0,0,
2023-11-07,6435,23,18,587,9269,0,0,0,582,0,0,0,
2023-11-08,6435,13,5,595,9269,0,0,0,587,0,0,0,
2023-11-09,6435,1,40,556,9269,0,0,0,595,0,0,0,
2023-11-10,6435,0,1,555,9269,0,0,0,556,0,0,0,
2023-11-13,6435,1,3,553,9269,0,0,0,555,0,0,0,
2023-11-14,6435,2,4,551,9269,0,0,0,553,0,0,0,
2023-11-15,6435,9,10,550,9269,0,0,0,551,0,0,0,
2023-11-16,6435,18,10,557,9269,0,0,0,550,1,0,0,
2023-11-17,6435,16,4,569,9269,0,0,0,557,0,0,0,
2023-11-20,6435,123,55,635,9269,0,0,0,569,2,0,0,
2023-11-21,6435,14,37,612,9269,0,0,0,635,0,0,0,
2023-11-22,6435,27,50,589,9269,0,0,0,612,0,0,0,
2023-11-23,6435,17,24,582,9269,0,0,0,589,0,0,0,
2023-11-24,6435,17,9,590,9269,0,0,0,582,0,0,0,
2023-11-27,6435,9,8,591,9269,0,0,0,590,0,0,0,
2023-11-28,6435,79,36,634,9269,0,0,0,591,0,0,0,
2023-11-29,6435,317,132,819,9269,0,30,30,634,0,0,0,
2023-11-30,6435,467,306,978,9269,0,15,45,819,2,30,0,
2023-12-01,6435,280,226,1032,9269,4,1,42,978,0,45,0,
2023-12-04,6435,98,66,1064,9269,6,0,35,1032,0,42,1,
2023-12-05,6435,58,34,1088,9269,15,0,20,1064,0,35,0,
2023-12-06,6435,82,39,1131,9269,12,0,8,1088,0,20,0,
2023-12-07,6435,52,60,1121,9269,8,0,0,1131,2,8,0,
2023-12-08,6435,47,82,1086,9269,0,0,0,1121,0,0,0,
2023-12-11,6435,28,31,1083,9269,0,0,0,1086,0,0,0,
2023-12-12,6435,42,48,1077,9269,0,0,0,1083,0,0,0,
2023-12-13,6435,12,23,1066,9269,0,0,0,1077,0,0,0,
2023-12-14,6435,115,73,1108,9269,0,1,1,1066,0,0,0,
2023-12-15,6435,61,87,1082,9269,0,0,1,1108,0,1,0,
2023-12-18,6435,4,31,965,9269,0,0,1,1082,90,1,0,
2023-12-19,6435,19,85,897,9269,0,1,2,965,2,1,0,
2023-12-20,6435,43,27,913,9269,0,0,2,897,0,2,0,
2023-12-21,6435,3,26,889,9331,0,0,2,913,1,2,0,
2023-12-22,6435,3,5,886,9331,0,0,2,889,1,2,0,
2023-12-25,6435,268,85,1069,9331,0,5,7,886,0,2,0,
2023-12-26,6435,153,243,979,9331,5,16,18,1069,0,7,0,
2023-12-27,6435,33,24,986,9331,17,0,1,979,2,18,0,
2023-12-28,6435,40,41,982,9331,0,0,1,986,3,1,0,
2023-12-29,6435,17,24,974,9331,0,0,1,982,1,1,0,
2024-01-02,6435,8,63,919,9331,0,0,1,974,0,1,0,
2024-01-03,6435,13,43,889,9331,0,0,1,919,0,1,0,
2024-01-04,6435,29,26,892,9331,0,0,1,889,0,1,0,
2024-01-05,6435,5,12,884,9331,0,0,1,892,1,1,0,
2024-01-08,6435,17,20,881,9331,0,1,2,884,0,1,0,
2024-01-09,6435,11,25,867,9331,0,0,2,881,0,2,0,
2024-01-10,6435,26,6,887,9331,1,0,1,867,0,2,0,
2024-01-11,6435,8,7,888,9331,0,0,1,887,0,1,0,
2024-01-12,6435,6,6,888,9331,0,0,1,888,0,1,0,
2024-01-15,6435,15,8,895,9331,1,0,0,888,0,1,0,
2024-01-16,6435,9,19,885,9331,0,0,0,895,0,0,0,
2024-01-17,6435,4,14,874,9331,0,4,4,885,1,0,0,
2024-01-18,6435,1,21,854,9331,0,0,4,874,0,4,0,
2024-01-19,6435,3,13,844,9331,0,0,4,854,0,4,0,
2024-01-22,6435,22,11,853,9331,0,0,4,844,2,4,0,
2024-01-23,6435,25,45,833,9331,0,0,4,853,0,4,0,
2024-01-24,6435,290,113,1008,9331,0,1,5,833,2,4,0,
2024-01-25,6435,149,231,923,9331,1,4,8,1008,3,5,0,
2024-01-26,6435,67,117,873,9331,4,6,10,923,0,8,0,
2024-01-29,6435,72,55,890,9331,0,0,10,873,0,10,0,
2024-01-30,6435,89,35,941,9331,0,0,10,890,3,10,0,
2024-01-31,6435,10,23,928,9331,0,0,10,941,0,10,0,
2024-02-01,6435,235,67,1094,9331,2,0,8,928,2,10,0,
2024-02-02,6435,70,62,1102,9331,2,0,6,1094,0,8,0,
2024-02-05,6435,28,12,1117,9331,0,0,6,1102,1,6,0,
2024-02-15,6435,18,184,948,9331,0,0,6,1117,3,6,0,
2024-02-16,6435,110,197,860,9331,0,0,6,948,1,6,0,
2024-02-19,6435,165,72,949,9331,0,2,8,860,4,6,0,
2024-02-20,6435,186,129,1006,9331,0,0,8,949,0,8,0,
2024-02-21,6435,37,87,955,9331,0,0,8,1006,1,8,0,
2024-02-22,6435,51,54,952,9331,0,0,8,955,0,8,0,
2024-02-23,6435,34,74,912,9331,0,3,11,952,0,8,0,
2024-02-26,6435,109,98,923,9331,0,0,11,912,0,11,0,
2024-02-27,6435,31,30,924,9331,0,0,11,923,0,11,0,
2024-02-29,6435,44,32,936,9331,0,0,11,924,0,11,0,
2024-03-01,6435,476,172,1240,9331,0,1,12,936,0,11,0,
2024-03-04,6435,185,300,1125,9331,1,0,11,1240,0,12,0,
2024-03-05,6435,140,260,1005,9331,0,0,11,1125,0,11,0,
2024-03-06,6435,30,209,826,9331,0,0,11,1005,0,11,0,
2024-03-07,6435,38,68,796,9331,0,0,2,826,0,11,9,
2024-03-08,6435,24,103,716,9331,0,0,2,796,1,2,0,
2024-03-11,6435,36,12,740,9331,0,0,2,716,0,2,0,
2024-03-12,6435,8,37,710,9331,0,0,2,740,1,2,0,
2024-03-13,6435,35,27,718,9331,0,0,2,710,0,2,0,
2024-03-14,6435,11,44,685,9331,0,0,2,718,0,2,0,
2024-03-15,6435,3,26,662,9331,0,0,2,685,0,2,0,
2024-03-18,6435,3,13,651,9331,2,0,0,662,1,2,0,
2024-03-19,6435,10,10,651,9331,0,0,0,651,0,0,0,
2024-03-20,6435,1,12,640,9331,0,0,0,651,0,0,0,
2024-03-21,6435,6,9,637,9331,0,0,0,640,0,0,0,X
2024-03-22,6435,2,3,636,9331,0,0,0,637,0,0,0,X
2024-03-25,6435,7,4,639,9331,0,0,0,636,0,0,0,X
2024-03-26,6435,7,27,619,9331,0,0,0,639,0,0,0,X
2024-03-27,6435,3,13,609,9331,0,0,0,619,0,0,0,
2024-03-28,6435,7,10,606,9331,0,0,0,609,0,0,0,
2024-03-29,6435,1,4,603,9331,0,2,2,606,0,0,0,
2024-04-01,6435,11,2,612,9331,0,0,2,603,0,2,0,
2024-04-02,6435,12,6,618,9331,0,0,2,612,0,2,0,
2024-04-03,6435,26,8,636,9331,0,0,2,618,0,2,0,
2024-04-08,6435,1,8,629,9331,0,0,2,636,0,2,0,
2024-04-09,6435,12,42,599,9331,0,0,2,629,0,2,0,
2024-04-10,6435,18,16,601,9331,0,0,2,599,0,2,0,
2024-04-11,6435,27,9,617,9331,0,1,3,601,2,2,0,
2024-04-12,6435,11,15,613,9331,0,0,3,617,0,3,0,
2024-04-15,6435,6,12,607,9331,2,3,4,613,0,3,0,
2024-04-16,6435,12,28,591,9331,0,0,4,607,0,4,0,
2024-04-17,6435,1,3,589,9331,2,0,2,591,0,4,0,
2024-04-18,6435,2,4,587,9331,1,0,1,589,0,2,0,
2024-04-19,6435,6,17,575,9331,0,0,1,587,1,1,0,
2024-04-22,6435,0,10,565,9331,1,0,0,575,0,1,0,
2024-04-23,6435,0,1,564,9331,0,0,0,565,0,0,0,
2024-04-24,6435,2,1,565,9331,0,0,0,564,0,0,0,
2024-04-25,6435,0,7,558,9331,0,0,0,565,0,0,0,
2024-04-26,6435,4,7,555,9331,0,0,0,558,0,0,0,
2024-04-29,6435,8,8,555,9331,0,0,0,555,0,0,0,
2024-04-30,6435,8,2,561,9331,0,0,0,555,0,0,0,
2024-05-02,6435,1,1,561,9331,0,0,0,561,0,0,0,
2024-05-03,6435,1,9,553,9331,0,0,0,561,0,0,0,
2024-05-06,6435,4,12,545,9331,0,0,0,553,0,0,0,
2024-05-07,6435,2,4,543,9331,0,0,0,545,0,0,0,
2024-05-08,6435,3,4,542,9331,0,0,0,543,0,0,0,
2024-05-09,6435,2,1,543,9331,0,1,1,542,0,0,0,
2024-05-10,6435,5,10,538,9331,1,0,0,543,0,1,0,
2024-05-13,6435,41,11,568,9331,0,0,0,538,0,0,0,
2024-05-14,6435,12,5,575,9331,0,2,2,568,0,0,0,
2024-05-15,6435,22,44,553,9331,0,0,2,575,0,2,0,
2024-05-16,6435,11,8,556,9331,2,0,0,553,0,2,0,
2024-05-17,6435,4,10,549,9331,0,0,0,556,1,0,0,
2024-05-20,6435,6,3,552,9331,0,0,0,549,0,0,0,
2024-05-21,6435,2,0,554,9331,0,0,0,552,0,0,0,
2024-05-22,6435,0,3,551,9331,0,0,0,554,0,0,0,
2024-05-23,6435,3,2,552,9331,0,0,0,551,0,0,0,
2024-05-24,6435,0,0,552,9331,0,0,0,552,0,0,0,
2024-05-27,6435,7,13,546,9331,0,0,0,552,0,0,0,
2024-05-28,6435,8,8,546,9331,0,0,0,546,0,0,0,
2024-05-29,6435,219,63,702,9331,0,0,0,546,0,0,0,
2024-05-30,6435,434,284,852,9331,0,37,37,702,0,0,0,
2024-05-31,6435,222,280,794,9331,21,24,40,852,0,37,0,
2024-06-03,6435,75,65,804,9331,31,0,9,794,0,40,0,
2024-06-04,6435,57,76,785,9331,5,0,3,804,0,9,1,
2024-06-05,6435,21,55,751,9331,1,0,2,785,0,3,0,
2024-06-06,6435,11,16,746,9331,0,0,2,751,0,2,0,
2024-06-07,6435,35,17,764,9331,0,1,3,746,0,2,0,
2024-06-11,6435,9,39,734,9331,3,0,0,764,0,3,0,
2024-06-12,6435,4,27,711,9331,0,0,0,734,0,0,0,
2024-06-13,6435,9,7,713,9331,0,0,0,711,0,0,0,
2024-06-14,6435,9,26,695,9331,0,0,0,713,1,0,0,
2024-06-17,6435,58,47,706,9331,0,0,0,695,0,0,0,
2024-06-18,6435,29,22,713,9331,0,0,0,706,0,0,0,
2024-06-19,6435,12,14,711,9331,0,0,0,713,0,0,0,
2024-06-20,6435,22,17,716,9331,0,0,0,711,0,0,0,
2024-06-21,6435,3,31,688,9331,0,0,0,716,0,0,0,
2024-06-24,6435,12,17,683,9331,0,0,0,688,0,0,0,
2024-06-25,6435,6,10,679,9331,0,0,0,683,0,0,0,
2024-06-26,6435,193,71,801,9331,0,0,0,679,0,0,0,
2024-06-27,6435,107,59,849,9331,0,4,4,801,0,0,0,
2024-06-28,6435,180,185,844,9331,0,3,7,849,0,4,0,
2024-07-01,6435,177,341,680,9331,0,12,19,844,0,7,0,
2024-07-02,6435,50,34,696,9331,9,0,10,680,0,19,0,
2024-07-03,6435,89,35,750,9331,2,0,8,696,0,10,0,
2024-07-04,6435,157,28,879,9331,0,0,8,750,0,8,0,
2024-07-05,6435,102,37,944,9331,0,0,8,879,0,8,0,
2024-07-08,6435,18,32,930,9331,1,0,7,944,0,8,0,
2024-07-09,6435,43,24,947,9331,3,1,5,930,2,7,0,
2024-07-10,6435,4,15,932,9331,0,0,5,947,4,5,0,
2024-07-11,6435,30,24,938,9331,1,0,4,932,0,5,0,
2024-07-12,6435,24,19,943,9331,3,0,1,938,0,4,0,
2024-07-15,6435,16,5,954,9331,0,0,1,943,0,1,0,
2024-07-16,6435,9,0,963,9331,0,0,1,954,0,1,0,
2024-07-17,6435,43,9,997,9331,0,0,1,963,0,1,0,
2024-07-18,6435,20,27,990,9331,0,0,1,997,0,1,0,
2024-07-19,6435,9,33,966,9331,0,0,1,990,0,1,0,
2024-07-22,6435,142,8,1100,9331,1,1,1,966,0,1,0,
2024-07-23,6435,74,43,1131,9331,0,0,1,1100,0,1,0,X
2024-07-26,6435,50,13,1167,9331,1,0,0,1131,1,1,0,X
2024-07-29,6435,56,19,1204,9331,0,0,0,1167,0,0,0,X
2024-07-30,6435,32,29,1207,9331,0,0,0,1204,0,0,0,X
2024-07-31,6435,18,21,1204,9331,0,0,0,1207,0,0,0,
2024-08-01,6435,8,5,1207,9331,0,0,0,1204,0,0,0,
2024-08-02,6435,32,10,1229,9331,0,0,0,1207,0,0,0,
2024-08-05,6435,100,132,1197,9331,0,1,1,1229,0,0,0,
2024-08-06,6435,46,9,1232,9331,1,0,0,1197,2,1,0,
2024-08-07,6435,1,7,1226,9331,0,1,1,1232,0,0,0,
2024-08-08,6435,1,2,1225,9331,0,0,1,1226,0,1,0,
2024-08-09,6435,7,1,1231,9331,0,0,1,1225,0,1,0,
2024-08-12,6435,0,1,1230,9331,0,0,1,1231,0,1,0,
2024-08-13,6435,1,3,1228,9331,0,0,1,1230,0,1,0,
2024-08-14,6435,0,3,1225,9331,0,0,1,1228,0,1,0,
2024-08-15,6435,1,4,1222,9331,0,0,1,1225,0,1,0,
2024-08-16,6435,4,2,1224,9331,1,0,0,1222,0,1,0,
2024-08-19,6435,2,6,1220,9331,0,0,0,1224,0,0,0,
2024-08-20,6435,2,7,1215,9331,0,0,0,1220,0,0,0,
2024-08-21,6435,0,1,1214,9331,0,0,0,1215,0,0,0,
2024-08-22,6435,1,3,1212,9331,0,0,0,1214,0,0,0,
2024-08-23,6435,3,11,1204,9331,0,0,0,1212,0,0,0,
2024-08-26,6435,7,4,1207,9331,0,0,0,1204,0,0,0,
2024-08-27,6435,3,5,1205,9331,0,0,0,1207,0,0,0,
2024-08-28,6435,0,2,1203,9331,0,0,0,1205,0,0,0,
2024-08-29,6435,10,1,1212,9331,0,0,0,1203,0,0,0,
2024-08-30,6435,69,22,1259,9331,0,1,1,1212,0,0,0,
2024-09-02,6435,14,42,1231,9331,0,0,1,1259,0,1,0,
2024-09-03,6435,11,25,1217,9331,0,0,1,1231,0,1,0,
2024-09-04,6435,13,8,1222,9331,0,0,1,1217,0,1,0,
2024-09-05,6435,12,6,1228,9331,0,0,1,1222,0,1,0,
2024-09-06,6435,0,2,1226,9331,0,0,1,1228,0,1,0,
2024-09-09,6435,5,2,1229,9331,1,1,1,1226,0,1,0,
2024-09-10,6435,6,1,1234,9331,0,0,1,1229,0,1,0,
2024-09-11,6435,6,2,1238,9331,0,0,1,1234,0,1,0,
2024-09-12,6435,4,6,1236,9331,0,0,1,1238,0,1,0,
2024-09-13,6435,0,2,1234,9331,0,0,1,1236,0,1,0,
2024-09-16,6435,0,0,1234,9331,0,0,1,1234,0,1,0,
2024-09-18,6435,3,0,1237,9331,0,0,1,1234,0,1,0,
2024-09-19,6435,6,5,1238,9331,0,0,1,1237,0,1,0,
2024-09-20,6435,20,5,1253,9331,0,0,1,1238,0,1,0,
2024-09-23,6435,16,27,1242,9331,0,0,1,1253,0,1,0,
2024-09-24,6435,9,4,1246,9331,0,0,1,1242,1,1,0,
2024-09-25,6435,5,4,1247,9331,0,0,1,1246,0,1,0,
2024-09-26,6435,5,2,1250,9331,0,0,1,1247,0,1,0,
2024-09-27,6435,9,12,1197,9331,0,0,1,1250,50,1,0,
2024-09-30,6435,1,1,1197,9331,0,0,1,1197,0,1,0,
2024-10-01,6435,1,5,1193,9331,0,0,1,1197,0,1,0,
2024-10-04,6435,4,6,1191,9331,0,0,1,1193,0,1,0,
2024-10-07,6435,5,11,1185,9331,0,0,1,1191,0,1,0,
2024-10-08,6435,9,2,1192,9331,0,0,1,1185,0,1,0,
2024-10-09,6435,4,0,1196,9331,0,0,1,1192,0,1,0,
2024-10-11,6435,1,8,1189,9331,0,0,1,1196,0,1,0,
2024-10-14,6435,5,4,1190,9331,0,0,1,1189,0,1,0,
2024-10-15,6435,54,19,1225,9331,0,0,1,1190,0,1,0,
2024-10-16,6435,37,32,1230,9331,0,17,18,1225,0,1,0,
2024-10-17,6435,19,46,1203,9331,0,12,30,1230,0,18,0,
2024-10-18,6435,4,2,1205,9331,27,0,3,1203,0,30,0,
2024-10-21,6435,3,16,1192,9331,0,1,4,1205,0,3,0,
2024-10-22,6435,9,3,1198,9331,1,0,3,1192,0,4,0,
2024-10-23,6435,6,5,1199,9331,0,0,3,1198,0,3,0,
2024-10-24,6435,17,11,1205,9331,2,0,1,1199,0,3,0,
2024-10-25,6435,8,16,1197,9331,0,0,1,1205,0,1,0,
2024-10-28,6435,4,1,1200,9331,0,0,1,1197,0,1,0,
2024-10-29,6435,7,10,1197,9331,0,0,1,1200,0,1,0,
2024-10-30,6435,78,15,1260,9331,0,0,1,1197,0,1,0,
2024-11-01,6435,37,8,1289,9331,0,30,31,1260,0,1,0,
2024-11-04,6435,51,89,1251,9331,8,39,62,1289,0,31,0,
2024-11-05,6435,23,14,1260,9331,1,0,61,1251,0,62,0,
2024-11-06,6435,13,21,1252,9331,0,0,61,1260,0,61,0,
2024-11-07,6435,25,8,1269,9331,2,0,59,1252,0,61,0,
2024-11-08,6435,3,6,1266,9331,28,0,31,1269,0,59,0,
2024-11-11,6435,5,1,1270,9331,5,0,26,1266,0,31,0,
2024-11-12,6435,4,6,1268,9331,25,0,1,1270,0,26,0,
2024-11-13,6435,4,8,1264,9331,0,0,1,1268,0,1,0,
2024-11-14,6435,17,10,1271,9331,0,1,2,1264,0,1,0,
2024-11-15,6435,9,20,1260,9331,0,1,3,1271,0,2,0,
2024-11-18,6435,4,7,1257,9331,1,0,2,1260,0,3,0,
2024-11-19,6435,2,9,1250,9331,0,0,2,1257,0,2,0,
2024-11-20,6435,1,1,1250,9331,0,1,3,1250,0,2,0,
2024-11-21,6435,3,11,1242,9331,0,0,3,1250,0,3,0,
2024-11-22,6435,0,1,1241,9331,0,0,3,1242,0,3,0,
2024-11-25,6435,1,1,1241,9331,0,0,3,1241,0,3,0,
2024-11-26,6435,4,2,1243,9331,0,0,3,1241,0,3,0,
2024-11-27,6435,5,6,1242,9331,0,0,3,1243,0,3,0,
2024-11-28,6435,9,1,1250,9331,3,1,1,1242,0,3,0,
2024-11-29,6435,5,2,1253,9331,0,1,2,1250,0,1,0,
2024-12-02,6435,4,0,1257,9331,0,0,2,1253,0,2,0,
2024-12-03,6435,3,3,1257,9331,1,0,1,1257,0,2,0,
2024-12-04,6435,9,3,1263,9331,0,0,1,1257,0,1,0,
2024-12-05,6435,2,4,1261,9331,0,0,1,1263,0,1,0,
2024-12-06,6435,5,9,1257,9331,0,0,1,1261,0,1,0,
2024-12-09,6435,9,4,1262,9331,0,0,1,1257,0,1,0,
2024-12-10,6435,3,1,1264,9331,0,0,1,1262,0,1,0,
2024-12-11,6435,2,0,1266,9331,0,0,1,1264,0,1,0,
2024-12-12,6435,0,2,1264,9331,0,0,1,1266,0,1,0,
2024-12-13,6435,1,1,1260,9331,0,0,1,1264,4,1,0,
2024-12-16,6435,3,1,1262,9331,0,0,1,1260,0,1,0,
2024-12-17,6435,0,2,1260,9331,0,0,1,1262,0,1,0,
2024-12-18,6435,0,1,1259,9331,0,0,1,1260,0,1,0,
2024-12-19,6435,0,2,1257,9331,0,0,1,1259,0,1,0,
2024-12-20,6435,2,1,1258,9331,0,0,1,1257,0,1,0,
2024-12-23,6435,0,6,1251,9331,0,0,1,1258,1,1,0,
2024-12-24,6435,1,0,1252,9331,0,0,1,1251,0,1,0,
2024-12-25,6435,2,0,1254,9331,0,0,1,1252,0,1,0,
2024-12-26,6435,7,2,1259,9331,0,0,1,1254,0,1,0,
2024-12-27,6435,35,0,1294,9331,0,0,1,1259,0,1,0,
2024-12-30,6435,0,3,1291,9369,0,0,1,1294,0,1,0,
2024-12-31,6435,13,8,1296,9369,0,0,1,1291,0,1,0,
2025-01-02,6435,0,1,1295,9369,0,0,1,1296,0,1,0,
2025-01-03,6435,15,0,1310,9369,0,0,1,1295,0,1,0,
2025-01-06,6435,7,1,1316,9369,0,0,1,1310,0,1,0,
2025-01-07,6435,2,1,1317,9369,0,0,1,1316,0,1,0,
2025-01-08,6435,1,1,1317,9369,0,0,1,1317,0,1,0,
2025-01-09,6435,0,0,1317,9369,0,0,1,1317,0,1,0,
2025-01-10,6435,7,0,1324,9369,0,0,1,1317,0,1,0,
2025-01-13,6435,11,6,1329,9369,0,1,2,1324,0,1,0,
2025-01-14,6435,0,0,1329,9369,0,0,2,1329,0,2,0,
2025-01-15,6435,0,4,1325,9369,0,0,2,1329,0,2,0,
2025-01-16,6435,0,1,1324,9369,0,0,2,1325,0,2,0,
2025-01-17,6435,3,13,1314,9369,0,0,2,1324,0,2,0,
2025-01-20,6435,7,1,1320,9369,0,0,2,1314,0,2,0,
2025-01-21,6435,1,6,1315,9369,0,0,2,1320,0,2,0,
2025-01-22,6435,56,14,1357,9369,0,0,2,1315,0,2,0,
2025-02-03,6435,27,42,1342,9369,0,2,4,1357,0,2,0,
2025-02-04,6435,14,6,1350,9369,0,0,4,1342,0,4,0,
2025-02-05,6435,11,18,1343,9369,0,0,4,1350,0,4,0,
2025-02-06,6435,6,4,1345,9369,0,0,4,1343,0,4,0,
2025-02-07,6435,44,27,1362,9369,0,0,4,1345,0,4,0,
2025-02-10,6435,140,90,1412,9369,0,5,9,1362,0,4,0,
2025-02-11,6435,129,64,1477,9369,3,4,10,1412,0,9,0,
2025-02-12,6435,78,60,1495,9369,0,2,10,1477,0,10,2,
2025-02-13,6435,57,31,1520,9369,4,0,6,1495,1,10,0,
2025-02-14,6435,175,52,1643,9369,0,2,8,1520,0,6,0,
2025-02-17,6435,42,58,1627,9369,0,0,8,1643,0,8,0,
2025-02-18,6435,24,68,1583,9369,0,1,9,1627,0,8,0,
2025-02-19,6435,51,16,1618,9369,0,0,9,1583,0,9,0,
2025-02-20,6435,18,14,1622,9369,0,0,9,1618,0,9,0,
2025-02-21,6435,20,53,1589,9369,1,0,8,1622,0,9,0,
2025-02-24,6435,215,107,1697,9369,0,7,15,1589,0,8,0,
2025-02-25,6435,28,79,1646,9369,0,0,15,1697,0,15,0,
2025-02-26,6435,19,37,1626,9369,0,0,15,1646,2,15,0,
2025-02-27,6435,44,63,1606,9369,6,3,12,1626,1,15,0,
2025-03-03,6435,18,20,1604,9369,2,1,11,1606,0,12,0,
2025-03-04,6435,23,36,1591,9369,0,2,13,1604,0,11,0,
2025-03-05,6435,6,29,1568,9369,2,1,12,1591,0,13,0,
2025-03-06,6435,49,68,1549,9369,1,0,11,1568,0,12,0,
2025-03-07,6435,6,56,1499,9369,0,0,11,1549,0,11,0,
2025-03-10,6435,5,23,1481,9369,0,0,11,1499,0,11,0,
2025-03-11,6435,7,27,1461,9369,0,0,11,1481,0,11,0,
2025-03-12,6435,14,9,1465,9369,2,0,9,1461,1,11,0,
2025-03-13,6435,198,103,1560,9369,0,0,9,1465,0,9,0,
2025-03-14,6435,82,57,1585,9369,0,0,7,1560,0,9,2,
2025-03-17,6435,47,51,1581,9369,4,0,3,1585,0,7,0,
2025-03-18,6435,179,75,1685,9369,0,0,3,1581,0,3,0,
2025-03-19,6435,69,60,1694,9369,0,0,3,1685,0,3,0,
2025-03-20,6435,167,268,1593,9369,0,0,3,1694,0,3,0,X
2025-03-21,6435,31,86,1538,9369,3,0,0,1593,0,3,0,X
2025-03-24,6435,23,52,1509,9369,0,0,0,1538,0,0,0,X
2025-03-25,6435,23,19,1513,9369,0,0,0,1509,0,0,0,X
2025-03-26,6435,8,13,1508,9369,0,0,0,1513,0,0,0,
2025-03-27,6435,31,61,1478,9369,0,2,2,1508,0,0,0,
2025-03-28,6435,27,48,1457,9369,2,2,2,1478,0,2,0,
2025-03-31,6435,17,23,1451,9369,0,1,3,1457,0,2,0,
2025-04-01,6435,16,3,1464,9369,0,2,5,1451,0,3,0,
2025-04-02,6435,7,55,1415,9369,0,1,6,1464,1,5,0,
2025-04-07,6435,6,13,1391,9369,1,0,5,1415,17,6,0,
2025-04-08,6435,33,98,1324,9369,4,0,1,1391,2,5,0,
2025-04-09,6435,14,89,1245,9369,0,0,1,1324,4,1,0,
2025-04-10,6435,28,24,1244,9369,1,0,0,1245,5,1,0,
2025-04-11,6435,13,42,1208,9369,0,0,0,1244,7,0,0,
2025-04-14,6435,48,43,1213,9369,0,1,1,1208,0,0,0,
2025-04-15,6435,29,22,1220,9369,0,0,1,1213,0,1,0,
2025-04-16,6435,9,6,1223,9369,0,0,1,1220,0,1,0,
2025-04-17,6435,10,16,1217,9369,0,0,1,1223,0,1,0,
2025-04-18,6435,20,9,1228,9369,0,0,1,1217,0,1,0,
2025-04-21,6435,5,33,1199,9369,0,0,1,1228,1,1,0,
2025-04-22,6435,1,6,1194,9369,0,0,1,1199,0,1,0,
2025-04-23,6435,33,5,1222,9369,0,0,1,1194,0,1,0,
2025-04-24,6435,20,9,1233,9369,0,0,1,1222,0,1,0,
2025-04-25,6435,8,29,1212,9369,0,0,1,1233,0,1,0,
2025-04-28,6435,3,7,1208,9369,0,0,1,1212,0,1,0,
2025-04-29,6435,4,7,1205,9369,0,0,1,1208,0,1,0,
2025-04-30,6435,9,34,1180,9369,0,0,1,1205,0,1,0,
2025-05-02,6435,8,12,1176,9369,0,0,1,1180,0,1,0,
2025-05-05,6435,14,14,1176,9369,0,0,1,1176,0,1,0,
2025-05-06,6435,4,2,1178,9369,0,0,1,1176,0,1,0,
2025-05-07,6435,10,24,1164,9369,0,2,3,1178,0,1,0,
2025-05-08,6435,131,102,1193,9369,0,2,5,1164,0,3,0,
2025-05-09,6435,24,16,1201,9369,0,0,5,1193,0,5,0,
2025-05-12,6435,16,70,1147,9369,2,0,3,1201,0,5,0,
2025-05-13,6435,19,21,1145,9369,0,0,3,1147,0,3,0,
2025-05-14,6435,17,11,1151,9369,0,0,3,1145,0,3,0,
2025-05-15,6435,21,100,1072,9369,0,0,3,1151,0,3,0,
2025-05-16,6435,37,54,1055,9369,0,1,4,1072,0,3,0,
2025-05-19,6435,15,49,1020,9369,0,0,4,1055,1,4,0,
2025-05-20,6435,65,12,1073,9369,0,1,5,1020,0,4,0,
2025-05-21,6435,8,7,1073,9369,0,0,5,1073,1,5,0,
2025-05-22,6435,3,41,1035,9369,0,0,5,1073,0,5,0,
2025-05-23,6435,40,20,1055,9369,0,0,5,1035,0,5,0,
2025-05-26,6435,20,41,1034,9369,0,0,5,1055,0,5,0,
2025-05-27,6435,10,22,1022,9369,2,0,3,1034,0,5,0,
2025-05-28,6435,2,11,1013,9369,0,0,3,1022,0,3,0,
2025-05-29,6435,10,0,1023,9369,0,0,3,1013,0,3,0,
2025-06-02,6435,8,36,995,9369,2,0,1,1023,0,3,0,
2025-06-03,6435,9,3,1000,9369,0,0,1,995,1,1,0,
2025-06-04,6435,35,3,1031,9369,0,1,2,1000,1,1,0,
2025-06-05,6435,2,16,1017,9369,0,0,2,1031,0,2,0,
2025-06-06,6435,6,5,1018,9369,0,0,2,1017,0,2,0,
2025-06-09,6435,19,8,1029,9369,0,0,2,1018,0,2,0,
2025-06-10,6435,2,5,1026,9369,0,0,2,1029,0,2,0,
2025-06-11,6435,1,12,1015,9369,0,0,2,1026,0,2,0,
2025-06-12,6435,0,10,1005,9369,0,0,2,1015,0,2,0,
2025-06-13,6435,10,29,986,9369,1,0,1,1005,0,2,0,
2025-06-16,6435,0,2,984,9369,0,0,1,986,0,1,0,
2025-06-17,6435,3,5,982,9369,0,1,2,984,0,1,0,
2025-06-18,6435,4,1,983,9369,1,0,1,982,2,2,0,
2025-06-19,6435,12,21,974,9369,0,0,1,983,0,1,0,
2025-06-20,6435,2,23,937,9369,0,0,1,974,16,1,0,
2025-06-23,6435,8,10,935,9369,0,0,1,937,0,1,0,
2025-06-24,6435,8,11,932,9369,0,0,1,935,0,1,0,
2025-06-25,6435,5,5,932,9369,0,0,1,932,0,1,0,
2025-06-26,6435,6,4,934,9369,0,0,1,932,0,1,0,
2025-06-27,6435,1,10,924,9369,0,0,1,934,1,1,0,
2025-06-30,6435,8,26,906,9369,0,0,1,924,0,1,0,
2025-07-01,6435,9,15,900,9369,0,0,1,906,0,1,0,
2025-07-02,6435,2,7,895,9369,0,0,1,900,0,1,0,
2025-07-03,6435,5,6,894,9369,0,0,1,895,0,1,0,
2025-07-04,6435,9,3,900,9369,0,0,1,894,0,1,0,
2025-07-07,6435,6,14,892,9369,0,0,1,900,0,1,0,
2025-07-08,6435,10,11,891,9369,0,0,1,892,0,1,0,
2025-07-09,6435,13,32,872,9369,0,0,1,891,0,1,0,
2025-07-10,6435,2,8,866,9369,0,0,1,872,0,1,0,
2025-07-11,6435,4,4,866,9369,0,0,1,866,0,1,0,
2025-07-14,6435,3,1,868,9369,0,0,1,866,0,1,0,
2025-07-15,6435,1,6,863,9369,0,0,1,868,0,1,0,
2025-07-16,6435,11,18,856,9369,0,0,1,863,0,1,0,
2025-07-17,6435,9,9,856,9369,0,0,1,856,0,1,0,
2025-07-18,6435,7,1,862,9369,0,0,1,856,0,1,0,
2025-07-21,6435,6,78,790,9369,0,0,1,862,0,1,0,
2025-07-22,6435,18,7,801,9369,0,0,1,790,0,1,0,
2025-07-23,6435,3,11,793,9369,0,0,1,801,0,1,0,
2025-07-24,6435,7,27,772,9369,0,0,1,793,1,1,0,
2025-07-25,6435,2,1,773,9369,0,0,1,772,0,1,0,
2025-07-28,6435,0,3,764,9369,0,0,1,773,6,1,0,
2025-07-29,6435,3,6,761,9369,1,0,0,764,0,1,0,
2025-07-30,6435,3,2,762,9369,0,0,0,761,0,0,0,
2025-07-31,6435,3,1,764,9369,0,0,0,762,0,0,0,X
2025-08-01,6435,2,1,765,9369,0,0,0,764,0,0,0,X
2025-08-04,6435,6,4,767,9369,0,0,0,765,0,0,0,X
2025-08-05,6435,30,9,786,9369,0,0,0,767,2,0,0,X
2025-08-06,6435,59,37,808,9369,0,0,0,786,0,0,0,
2025-08-07,6435,27,16,819,9369,0,0,0,808,0,0,0,
2025-08-08,6435,22,4,837,9369,0,0,0,819,0,0,0,
2025-08-11,6435,14,12,839,9369,0,0,0,837,0,0,0,
2025-08-12,6435,14,13,840,9369,0,0,0,839,0,0,0,
2025-08-13,6435,15,11,844,9369,0,0,0,840,0,0,0,
2025-08-14,6435,14,6,852,9369,0,0,0,844,0,0,0,
2025-08-15,6435,16,20,848,9369,0,0,0,852,0,0,0,
2025-08-18,6435,8,7,848,9369,0,0,0,848,1,0,0,
2025-08-19,6435,21,11,855,9369,0,0,0,848,3,0,0,
2025-08-20,6435,7,10,852,9369,0,0,0,855,0,0,0,
2025-08-21,6435,4,1,855,9369,0,0,0,852,0,0,0,
2025-08-22,6435,1,3,853,9369,0,0,0,855,0,0,0,
2025-08-25,6435,9,6,856,9369,0,0,0,853,0,0,0,
2025-08-26,6435,16,19,853,9369,0,0,0,856,0,0,0,
2025-08-27,6435,23,30,846,9369,0,0,0,853,0,0,0,
2025-08-28,6435,35,90,791,9369,0,0,0,846,0,0,0,
2025-08-29,6435,17,4,804,9369,0,0,0,791,0,0,0,
2025-09-01,6435,11,2,813,9369,0,0,0,804,0,0,0,
2025-09-02,6435,3,5,808,9369,0,0,0,813,3,0,0,
2025-09-03,6435,5,10,803,9369,0,0,0,808,0,0,0,
2025-09-04,6435,12,29,785,9365,0,0,0,803,1,0,0,
2025-09-05,6435,4,11,778,9365,0,0,0,785,0,0,0,
2025-09-08,6435,35,17,796,9365,0,0,0,778,0,0,0,
2025-09-09,6435,6,5,797,9365,0,0,0,796,0,0,0,
2025-09-10,6435,7,26,778,9365,0,0,0,797,0,0,0,
2025-09-11,6435,18,83,713,9365,0,0,0,778,0,0,0,
2025-09-12,6435,298,56,954,9365,0,0,0,713,1,0,0,
2025-09-15,6435,168,315,807,9365,0,1,1,954,0,0,0,
2025-09-16,6435,94,54,847,9365,0,5,6,807,0,1,0,
2025-09-17,6435,25,46,826,9365,0,0,5,847,0,6,1,
2025-09-18,6435,62,66,822,9365,4,0,1,826,0,5,0,
2025-09-19,6435,16,33,805,9365,0,0,1,822,0,1,0,
2025-09-22,6435,12,66,751,9365,0,0,1,805,0,1,0,
2025-09-23,6435,11,23,739,9365,0,1,2,751,0,1,0,
2025-09-24,6435,54,124,669,9365,0,0,2,739,0,2,0,
2025-09-25,6435,19,23,665,9365,0,0,2,669,0,2,0,
2025-09-26,6435,8,21,652,9365,0,0,2,665,0,2,0,
2025-09-30,6435,9,16,645,9365,0,0,2,652,0,2,0,
2025-10-01,6435,70,17,698,9365,1,0,1,645,0,2,0,
2025-10-02,6435,74,23,749,9365,0,0,1,698,0,1,0,
2025-10-03,6435,28,45,732,9365,0,0,1,749,0,1,0,
2025-10-07,6435,5,28,709,9365,0,0,1,732,0,1,0,
2025-10-08,6435,7,1,715,9365,0,0,1,709,0,1,0,
2025-10-09,6435,23,8,730,9365,1,0,0,715,0,1,0,
2025-10-13,6435,1,21,710,9365,0,0,0,730,0,0,0,
2025-10-14,6435,7,44,673,9365,0,0,0,710,0,0,0,
2025-10-15,6435,16,21,668,9365,0,0,0,673,0,0,0,
2025-10-16,6435,207,122,753,9365,0,2,2,668,0,0,0,
2025-10-17,6435,38,46,744,9365,2,0,0,753,1,2,0,
2025-10-20,6435,24,50,718,9365,0,0,0,744,0,0,0,
2025-10-21,6435,414,68,1064,9365,0,0,0,718,0,0,0,
2025-10-22,6435,47,107,1004,9365,0,6,6,1064,0,0,0,
2025-10-23,6435,31,56,979,9365,0,1,7,1004,0,6,0,
2025-10-27,6435,29,57,951,9365,0,0,7,979,0,7,0,
2025-10-28,6435,30,78,902,9365,1,0,6,951,1,7,0,
2025-10-29,6435,29,188,743,9365,6,0,0,902,0,6,0,
2025-10-30,6435,16,40,719,9365,0,0,0,743,0,0,0,
2025-10-31,6435,31,33,717,9365,0,0,0,719,0,0,0,
2025-11-03,6435,37,24,730,9365,0,0,0,717,0,0,0,
2025-11-04,6435,18,48,700,9365,0,0,0,730,0,0,0,
2025-11-05,6435,15,26,689,9365,0,0,0,700,0,0,0,
2025-11-06,6435,11,6,694,9365,0,0,0,689,0,0,0,
2025-11-07,6435,11,20,685,9365,0,0,0,694,0,0,0,
2025-11-10,6435,7,23,669,9365,0,1,1,685,0,0,0,
2025-11-11,6435,7,3,673,9365,0,0,1,669,0,1,0,
2025-11-12,6435,36,8,701,9365,0,0,1,673,0,1,0,
2025-11-13,6435,72,54,719,9365,0,3,4,701,0,1,0,
2025-11-14,6435,109,71,757,9365,3,0,1,719,0,4,0,
2025-11-17,6435,115,40,832,9365,1,0,0,757,0,1,0,
2025-11-18,6435,69,82,819,9365,0,0,0,832,0,0,0,
2025-11-19,6435,33,34,818,9365,0,0,0,819,0,0,0,
2025-11-20,6435,23,22,819,9365,0,0,0,818,0,0,0,
2025-11-21,6435,16,42,792,9365,0,2,2,819,1,0,0,
2025-11-24,6435,7,2,797,9365,0,0,2,792,0,2,0,
2025-11-25,6435,114,35,876,9365,0,0,2,797,0,2,0,
2025-11-26,6435,30,77,829,9365,0,0,2,876,0,2,0,
2025-11-27,6435,17,68,778,9365,2,0,0,829,0,2,0,
2025-11-28,6435,56,74,760,9365,0,0,0,778,0,0,0,
2025-12-01,6435,17,11,765,9365,0,0,0,760,1,0,0,
2025-12-02,6435,50,22,792,9365,0,0,0,765,1,0,0,
2025-12-03,6435,35,211,616,9365,0,6,6,792,0,0,0,
2025-12-04,6435,1,28,589,9365,0,0,6,616,0,6,0,
2025-12-05,6435,5,8,586,9365,0,0,6,589,0,6,0,
2025-12-08,6435,184,100,670,9365,0,6,12,586,0,6,0,
2025-12-09,6435,112,77,705,9365,9,0,3,670,0,12,0,
2025-12-10,6435,74,35,744,9365,1,1,3,705,0,3,0,
2025-12-11,6435,58,53,749,9365,1,0,2,744,0,3,0,
2025-12-12,6435,69,25,793,9365,2,0,0,749,0,2,0,
2025-12-15,6435,97,39,851,9365,0,0,0,793,0,0,0,
2025-12-16,6435,95,45,901,9365,0,0,0,851,0,0,0,
2025-12-17,6435,53,29,925,9365,0,0,0,901,0,0,0,
2025-12-18,6435,9,55,879,9365,0,0,0,925,0,0,0,
2025-12-19,6435,14,22,871,9365,0,0,0,879,0,0,0,
2025-12-22,6435,53,19,905,9365,0,0,0,871,0,0,0,
2025-12-23,6435,52,79,878,9365,0,0,0,905,0,0,0,
2025-12-24,6435,41,24,895,9365,0,0,0,878,0,0,0,
2025-12-26,6435,43,8,930,9365,0,0,0,895,0,0,0,
2025-12-29,6435,17,20,927,9365,0,0,0,930,0,0,0,
2025-12-30,6435,12,53,886,9365,0,0,0,927,0,0,0,
2025-12-31,6435,6,41,851,9365,0,0,0,886,0,0,0,
2026-01-02,6435,107,39,919,9365,0,0,0,851,0,0,0,
2026-01-05,6435,99,92,925,9365,0,0,0,919,1,0,0,
2026-01-06,6435,13,23,915,9365,0,0,0,925,0,0,0,
2026-01-07,6435,46,68,893,9365,0,0,0,915,0,0,0,
2026-01-08,6435,39,95,837,9365,0,1,1,893,0,0,0,
2026-01-09,6435,58,26,869,9365,1,0,0,837,0,1,0,
2026-01-12,6435,23,19,873,9365,0,0,0,869,0,0,0,
2026-01-13,6435,25,35,863,9365,0,0,0,873,0,0,0,
2026-01-14,6435,66,56,873,9365,0,0,0,863,0,0,0,
2026-01-15,6435,55,42,886,9365,0,0,0,873,0,0,0,
2026-01-16,6435,13,44,855,9365,0,0,0,886,0,0,0,
2026-01-19,6435,102,134,823,9365,0,3,3,855,0,0,0,
2026-01-20,6435,356,106,1073,9365,0,14,17,823,0,3,0,
2026-01-21,6435,241,259,1055,9365,0,10,27,1073,0,17,0,
2026-01-22,6435,523,453,1125,9365,16,2,13,1055,0,27,0,
2026-01-23,6435,294,281,1138,9365,5,1,9,1125,0,13,0,
2026-01-26,6435,143,64,1217,9365,0,1,10,1138,0,9,0,
2026-01-27,6435,89,73,1233,9365,1,0,9,1217,0,10,0,
2026-01-28,6435,116,76,1273,9365,0,0,9,1233,0,9,0,
2026-01-29,6435,63,123,1213,9365,2,0,7,1273,0,9,0,
2026-01-30,6435,104,57,1260,9365,2,1,6,1213,0,7,0,
2026-02-02,6435,29,86,1203,9365,0,1,7,1260,0,6,0,
2026-02-03,6435,156,20,1339,9365,0,0,7,1203,0,7,0,
2026-02-04,6435,36,17,1356,9365,0,0,7,1339,2,7,0,
2026-02-05,6435,106,7,1454,9365,0,0,7,1356,1,7,0,
2026-02-06,6435,109,169,1394,9365,6,0,1,1454,0,7,0,
2026-02-09,6435,46,34,1406,9365,0,1,2,1394,0,1,0,
2026-02-10,6435,62,14,1454,9365,0,0,2,1406,0,2,0,
2026-02-11,6435,88,55,1487,9365,1,0,1,1454,0,2,0,
2026-02-23,6435,268,222,1532,9365,0,1,2,1486,0,1,0,
2026-02-24,6435,124,192,1464,9365,1,0,1,1532,0,2,0,
2026-02-25,6435,262,184,1542,9365,0,1,2,1464,0,1,0,
2026-02-26,6435,368,224,1686,9365,1,1,2,1542,0,2,0,
2026-03-02,6435,133,103,1716,9365,1,0,1,1686,0,2,0,
2026-03-03,6435,174,196,1694,9365,0,0,1,1716,0,1,0,
2026-03-04,6435,97,87,1704,9365,0,0,1,1694,0,1,0,
2026-03-05,6435,245,265,1684,9365,0,0,1,1704,0,1,0,
2026-03-06,6435,360,139,1905,9365,0,2,3,1684,0,1,0,
2026-03-09,6435,124,324,1703,9365,2,0,1,1905,2,3,0,
2026-03-10,6435,519,208,2014,9365,0,2,3,1703,0,1,0,
2026-03-11,6435,412,478,1948,9365,0,0,3,2014,0,3,0,
2026-03-12,6435,117,296,1769,9365,0,0,3,1948,0,3,0,
2026-03-13,6435,530,275,2024,9365,1,2,4,1769,0,3,0,
2026-03-16,6435,320,379,1965,9365,0,0,4,2024,0,4,0,
2026-03-17,6435,187,186,1966,9365,0,0,4,1965,0,4,0,
2026-03-18,6435,88,78,1976,9365,0,0,4,1966,0,4,0,
2026-03-19,6435,93,443,1626,9365,1,0,3,1976,0,4,0,
2026-03-20,6435,67,70,1623,9365,1,0,2,1626,0,3,0,
2026-03-23,6435,93,83,1633,9365,0,0,2,1623,0,2,0,
2026-03-24,6435,55,93,1595,9365,0,0,2,1633,0,2,0,
2026-03-25,6435,188,83,1700,9365,1,0,1,1595,0,2,0,
2026-03-26,6435,114,112,1702,9365,0,0,1,1700,0,1,0,
2026-03-27,6435,57,69,1690,9365,1,0,0,1702,0,1,0,
2026-03-30,6435,48,47,1691,9365,0,0,0,1690,0,0,0,
2026-03-31,6435,36,196,1531,9365,0,0,0,1691,0,0,0,
2026-04-01,6435,19,12,1536,9365,0,2,2,1531,2,0,0,
2026-04-02,6435,95,32,1599,9365,2,0,0,1536,0,2,0,
2026-04-07,6435,121,102,1618,9365,0,2,2,1599,0,0,0,
2026-04-08,6435,75,176,1517,9365,2,0,0,1618,0,2,0,
2026-04-09,6435,45,68,1501,9365,0,0,0,1524,0,0,0,
2026-04-10,6435,144,123,1522,9365,0,0,0,1501,0,0,0,
2026-04-13,6435,80,136,1466,9365,0,0,0,1522,0,0,0,
2026-04-14,6435,36,103,1399,9365,0,0,0,1466,0,0,0,
2026-04-15,6435,19,22,1396,9365,0,0,0,1399,0,0,0,
2026-04-16,6435,79,36,1439,9365,0,0,0,1396,0,0,0,
2026-04-17,6435,299,200,1538,9365,0,0,0,1439,0,0,0,X
2026-04-20,6435,165,205,1498,9365,0,0,0,1538,0,0,0,X
2026-04-21,6435,232,111,1619,9365,0,0,0,1498,0,0,0,X
2026-04-22,6435,458,252,1825,9365,0,0,0,1619,0,0,0,X
2026-04-23,6435,222,473,1574,9365,0,0,0,1825,0,0,0,
2026-04-24,6435,179,128,1625,9365,0,0,0,1574,0,0,0,
2026-04-27,6435,325,227,1723,9365,0,7,7,1625,0,0,0,
2026-04-28,6435,113,270,1566,9365,6,0,1,1723,0,7,0,
2026-04-29,6435,116,115,1567,9365,1,0,0,1566,0,1,0,
2026-04-30,6435,74,84,1550,9365,0,0,0,1567,7,0,0,
2026-05-04,6435,152,180,1522,9365,0,0,0,1550,0,0,0,
2026-05-05,6435,144,171,1495,9365,0,0,0,1522,0,0,0,
2026-05-06,6435,128,131,1492,9365,0,0,0,1495,0,0,0,
2026-05-07,6435,64,133,1422,9365,0,0,0,1492,1,0,0,
2026-05-08,6435,87,108,1401,9365,0,0,0,1422,0,0,0,
2026-05-11,6435,319,95,1625,9365,0,2,2,1401,0,0,0,
2026-05-12,6435,222,296,1551,9365,0,3,5,1625,0,2,0,
2026-05-13,6435,74,115,1510,9365,4,0,1,1551,0,5,0,
2026-05-14,6435,246,91,1665,9365,0,1,2,1510,0,1,0,
2026-05-15,6435,130,237,1558,9365,1,3,4,1665,0,2,0,
2026-05-18,6435,37,36,1559,9365,3,1,2,1558,0,4,0,
2026-05-19,6435,30,54,1535,9365,0,0,2,1559,0,2,0,
2026-05-20,6435,152,47,1640,9365,0,0,2,1535,0,2,0,
2026-05-21,6435,152,148,1644,9365,0,0,2,1640,0,2,0,
2026-05-22,6435,70,249,1465,9365,0,0,2,1644,0,2,0,
2026-05-25,6435,364,199,1630,9365,0,1,3,1465,0,2,0,
2026-05-26,6435,269,238,1661,9365,0,12,15,1630,0,3,0,
2026-05-27,6435,206,367,1500,9365,12,1,4,1661,0,15,0,
2026-05-28,6435,185,240,1445,9365,1,0,3,1500,0,4,0,
2026-05-29,6435,127,50,1522,9365,0,0,3,1445,0,3,0,
2026-06-01,6435,47,93,1476,9365,0,0,3,1522,0,3,0,
2026-06-02,6435,56,110,1422,9365,0,1,4,1476,0,3,0,
2026-06-03,6435,113,114,1421,9365,0,0,4,1422,0,4,0,
2026-06-04,6435,20,56,1385,9365,0,1,5,1421,0,4,0,
2026-06-05,6435,50,81,1354,9365,3,2,4,1385,0,5,0,
2026-06-08,6435,32,98,1286,9365,0,0,4,1354,2,4,0,
2026-06-09,6435,42,25,1303,9365,0,0,4,1286,0,4,0,
2026-06-10,6435,23,33,1293,9365,2,2,4,1303,0,4,0,
2026-06-11,6435,17,27,1283,9365,2,0,2,1293,0,4,0,
2026-06-12,6435,26,21,1286,9365,0,0,2,1283,2,2,0,
2026-06-15,6435,75,24,1337,9365,0,0,2,1286,0,2,0,
2026-06-16,6435,70,64,1343,9365,0,0,2,1337,0,2,0,
2026-06-17,6435,123,41,1423,9365,0,1,3,1343,2,2,0,
2026-06-18,6435,235,65,1592,9365,0,3,6,1422,0,3,0,
2026-06-22,6435,39,36,1595,9365,0,0,6,1592,0,6,0,
2026-06-23,6435,428,314,1709,9365,3,3,6,1595,0,6,0,
2026-06-24,6435,191,158,1742,9365,2,3,7,1709,0,6,0,
2026-06-25,6435,120,104,1758,9365,2,0,5,1742,0,7,0,
2026-06-26,6435,84,178,1664,9365,2,14,17,1758,0,5,0,
2026-06-29,6435,109,76,1697,9365,0,2,19,1664,0,17,0,
2026-06-30,6435,424,132,1989,9365,0,1,20,1697,0,19,0,
2026-07-01,6435,347,316,2020,9365,4,3,19,1989,0,20,0,
2026-07-02,6435,490,251,2259,9365,3,7,23,2020,0,19,0,
2026-07-03,6435,402,469,2192,9365,6,1,18,2259,0,23,0,
2026-07-06,6435,128,145,2173,9365,0,3,21,2192,2,18,0,
2026-07-07,6435,464,452,2185,9365,3,30,48,2173,0,21,0,
2026-07-08,6435,267,167,2285,9365,9,31,70,2185,0,48,0,
2026-07-09,6435,107,228,2164,9365,8,4,66,2285,0,70,0,
2026-07-13,6435,158,407,1914,9365,42,5,15,2164,1,66,14,
2026-07-14,6435,92,298,1708,9365,8,1,8,1914,0,15,0,
2026-07-15,6435,60,69,1699,9365,1,1,8,1708,0,8,0,
2026-07-16,6435,29,116,1604,9365,2,0,6,1699,8,8,0,
2026-07-17,6435,29,295,1328,9365,6,1,1,1604,10,6,0,X
2026-07-20,6435,76,154,1248,9365,1,0,0,1328,2,1,0,X
2026-07-21,6435,113,46,1314,9365,0,0,0,1248,1,0,0,X
2026-07-22,6435,174,114,1374,9365,0,0,0,1314,0,0,0,X
2026-07-23,6435,57,69,1362,9365,0,0,0,1374,0,0,0,
2026-07-24,6435,34,48,1348,9365,0,2,2,1362,0,0,0,
2026-07-27,6435,29,154,1223,9365,0,6,8,1348,0,2,0,
2026-07-28,6435,36,279,980,9365,3,0,5,1223,0,8,0,
2026-07-29,6435,61,185,856,9365,2,6,9,980,0,5,0,
2026-07-30,6435,28,49,830,9365,5,0,4,856,5,9,0,
2026-07-31,6435,166,32,964,9365,0,2,6,830,0,4,0,
2026-08-03,6435,115,62,1017,9365,0,3,9,964,0,6,0,11   A
2026-08-04,6435,157,126,1044,9365,1,0,8,1017,4,9,0,11   A
2026-08-05,6435,140,110,1073,9365,3,0,5,1044,1,8,0,11   A
2026-08-06,6435,34,78,1029,9365,0,0,5,1073,0,5,0,11   A
2026-08-07,6435,53,87,995,9365,0,0,5,1029,0,5,0,11   A
2026-08-10,6435,46,53,988,9365,0,0,5,995,0,5,0,11   A
2026-08-11,6435,46,50,984,9365,0,0,5,988,0,5,0,
2026-08-12,6435,70,53,1000,9365,0,0,5,984,1,5,0,
2026-08-13,6435,217,70,1147,9365,0,0,5,1000,0,5,0,
2026-08-14,6435,111,145,1113,9365,0,4,9,1147,0,5,0,
2026-08-17,6435,49,44,1118,9365,2,1,8,1113,0,9,0,
2026-08-18,6435,64,109,1073,9365,0,0,8,1118,0,8,0,
2026-08-19,6435,44,48,1068,9365,2,0,6,1073,1,8,0,
2026-08-20,6435,70,30,1108,9365,0,0,6,1068,0,6,0,
2026-08-21,6435,16,20,1103,9365,1,0,5,1108,1,6,0,
2026-08-24,6435,29,24,1107,9365,0,0,5,1103,1,5,0,
2026-08-25,6435,33,20,1120,9365,0,0,5,1107,0,5,0,
2026-08-26,6435,126,110,1136,9365,0,2,7,1120,0,5,0,
2026-08-27,6435,36,58,1114,9365,2,2,7,1136,0,7,0,
2026-08-28,6435,140,63,1191,9365,6,0,1,1114,0,7,0,
2026-08-31,6435,82,78,1195,9365,0,0,1,1191,0,1,0,
2026-09-01,6435,19,60,1154,9365,0,0,1,1195,0,1,0,
2026-09-02,6435,17,20,1151,9365,0,0,1,1154,0,1,0,
2026-09-03,6435,16,31,1135,9365,0,4,5,1151,1,1,0,
2026-09-04,6435,10,20,1125,9365,4,1,2,1135,0,5,0,
2026-09-07,6435,44,17,1152,9365,0,0,2,1125,0,2,0,
2026-09-08,6435,22,11,1163,9365,0,0,2,1152,0,2,0,
2026-09-09,6435,13,8,1168,9365,0,0,2,1163,0,2,0,
2026-09-10,6435,10,21,1157,9365,0,0,2,1168,0,2,0,
2026-09-11,6435,22,46,1133,9365,0,2,4,1157,0,2,0,
2026-09-14,6435,12,28,1117,9365,2,0,2,1133,0,4,0,
2026-09-15,6435,7,11,1112,9365,0,0,2,1117,1,2,0,
2026-09-16,6435,10,15,1106,9365,0,0,2,1112,1,2,0,
2026-09-17,6435,11,8,1109,9365,0,1,3,1106,0,2,0,
2026-09-18,6435,10,10,1108,9365,0,0,3,1109,1,3,0,
2026-09-21,6435,17,2,1123,9365,1,0,2,1108,0,3,0,
2026-09-22,6435,18,20,1121,9365,0,0,2,1123,0,2,0,
2026-09-23,6435,58,27,1146,9365,0,0,2,1121,6,2,0,
