date,stock_id,m_buy,m_sell,m_balance,m_limit,s_buy,s_sell,s_balance,m_prev,m_ret,s_prev,s_ret,note
2018-03-02,6579,0,0,0,26700,0,0,0,0,0,0,0,
2018-03-05,6579,15,0,15,26700,0,0,0,0,0,0,0,
2018-03-06,6579,26,2,39,26700,0,0,0,15,0,0,0,
2018-03-07,6579,13,9,43,26700,0,0,0,39,0,0,0,
2018-03-08,6579,0,2,41,26700,0,0,0,43,0,0,0,
2018-03-09,6579,2,2,41,26700,0,0,0,41,0,0,0,
2018-03-12,6579,5,4,42,26700,0,0,0,41,0,0,0,
2018-03-13,6579,4,0,46,26700,0,0,0,42,0,0,0,
2018-03-14,6579,0,0,46,26700,0,0,0,46,0,0,0,
2018-03-15,6579,1,1,46,26700,0,0,0,46,0,0,0,
2018-03-16,6579,6,2,50,26700,0,0,0,46,0,0,0,
2018-03-19,6579,9,2,55,26700,0,0,0,50,2,0,0,
2018-03-20,6579,1,1,55,26700,0,0,0,55,0,0,0,
2018-03-21,6579,2,3,54,26700,0,0,0,55,0,0,0,X
2018-03-22,6579,0,0,54,26700,0,0,0,54,0,0,0,X
2018-03-23,6579,2,4,52,26700,0,0,0,54,0,0,0,X
2018-03-26,6579,1,0,53,26700,0,0,0,52,0,0,0,X
2018-03-27,6579,1,1,53,26700,0,0,0,53,0,0,0,
2018-03-28,6579,0,2,50,26700,0,0,0,53,1,0,0,
2018-03-29,6579,6,1,55,26700,0,0,0,50,0,0,0,
2018-03-30,6579,2,0,57,26700,0,0,0,55,0,0,0,
2018-03-31,6579,2,1,58,26700,0,0,0,57,0,0,0,
2018-04-02,6579,0,6,52,26700,0,0,0,58,0,0,0,
2018-04-03,6579,1,0,52,26700,0,0,0,52,1,0,0,
2018-04-09,6579,1,3,50,26700,0,0,0,52,0,0,0,
2018-04-10,6579,0,1,49,26700,0,0,0,50,0,0,0,
2018-04-11,6579,1,0,50,26700,0,0,0,49,0,0,0,
2018-04-12,6579,0,1,49,26700,0,0,0,50,0,0,0,
2018-04-13,6579,2,0,51,26700,0,0,0,49,0,0,0,
2018-04-16,6579,5,1,55,26700,0,0,0,51,0,0,0,
2018-04-17,6579,0,3,52,26700,0,0,0,55,0,0,0,
2018-04-18,6579,0,1,51,26700,0,0,0,52,0,0,0,
2018-04-19,6579,1,0,52,26700,0,0,0,51,0,0,0,
2018-04-20,6579,3,0,55,26700,0,0,0,52,0,0,0,
2018-04-23,6579,5,0,60,26700,0,0,0,55,0,0,0,
2018-04-24,6579,7,4,63,26700,0,0,0,60,0,0,0,
2018-04-25,6579,1,1,63,26700,0,0,0,63,0,0,0,
2018-04-26,6579,0,1,62,26700,0,0,0,63,0,0,0,
2018-04-27,6579,3,1,64,26700,0,0,0,62,0,0,0,
2018-04-30,6579,22,1,85,26700,0,0,0,64,0,0,0,
2018-05-02,6579,2,0,87,26700,0,0,0,85,0,0,0,
2018-05-03,6579,5,1,91,26700,0,0,0,87,0,0,0,
2018-05-04,6579,52,19,124,26700,0,0,0,91,0,0,0,
2018-05-07,6579,13,42,95,26700,0,0,0,124,0,0,0,
2018-05-08,6579,5,26,74,26700,0,0,0,95,0,0,0,
2018-05-09,6579,2,6,70,26700,0,0,0,74,0,0,0,
2018-05-10,6579,1,3,68,26700,0,0,0,70,0,0,0,
2018-05-11,6579,2,0,70,26700,0,0,0,68,0,0,0,
2018-05-14,6579,1,0,71,26700,0,0,0,70,0,0,0,
2018-05-15,6579,5,1,75,26700,0,0,0,71,0,0,0,
2018-05-16,6579,1,1,75,26700,0,0,0,75,0,0,0,
2018-05-17,6579,110,25,160,26700,0,0,0,75,0,0,0,
2018-05-18,6579,367,53,474,26700,0,4,4,160,0,0,0,
2018-05-21,6579,206,127,553,26700,0,0,4,474,0,4,0,
2018-05-22,6579,72,55,570,26700,3,0,1,553,0,4,0,
2018-05-23,6579,53,48,575,26700,1,0,0,570,0,1,0,
2018-05-24,6579,54,81,546,26700,0,0,0,575,2,0,0,
2018-05-25,6579,37,40,543,26700,0,0,0,546,0,0,0,
2018-05-28,6579,89,38,594,26700,0,0,0,543,0,0,0,
2018-05-29,6579,70,127,537,26700,0,0,0,594,0,0,0,
2018-05-30,6579,21,36,522,26700,0,0,0,537,0,0,0,
2018-05-31,6579,5,32,495,26700,0,0,0,522,0,0,0,
2018-06-01,6579,10,19,486,26700,0,0,0,495,0,0,0,
2018-06-04,6579,59,62,483,26700,0,0,0,486,0,0,0,
2018-06-05,6579,27,54,456,26700,0,0,0,483,0,0,0,X
2018-06-06,6579,38,82,412,26700,0,0,0,456,0,0,0,X
2018-06-07,6579,42,67,387,26700,0,0,0,412,0,0,0,X
2018-06-08,6579,40,56,371,26700,0,0,0,387,0,0,0,X
2018-06-11,6579,0,0,371,26700,0,0,0,371,0,0,0,
2018-06-12,6579,54,70,355,26700,0,0,0,371,0,0,0,
2018-06-13,6579,16,10,361,26700,0,4,4,355,0,0,0,
2018-06-14,6579,8,7,362,26700,0,0,4,361,0,4,0,
2018-06-15,6579,9,48,323,26700,0,1,5,362,0,4,0,
2018-06-19,6579,11,41,293,26700,1,0,4,323,0,5,0,
2018-06-20,6579,7,16,284,26700,1,0,3,293,0,4,0,
2018-06-21,6579,0,1,283,26700,0,0,3,284,0,3,0,
2018-06-22,6579,5,0,288,26700,1,0,2,283,0,3,0,
2018-06-25,6579,0,14,274,26700,1,0,1,288,0,2,0,
2018-06-26,6579,2,4,272,26700,0,0,1,274,0,1,0,
2018-06-27,6579,6,5,273,26700,0,0,1,272,0,1,0,
2018-06-28,6579,17,14,276,26700,0,1,2,273,0,1,0,
2018-06-29,6579,8,3,281,26700,0,0,2,276,0,2,0,
2018-07-02,6579,1,8,274,26700,0,0,2,281,0,2,0,
2018-07-03,6579,0,2,272,26700,0,0,2,274,0,2,0,
2018-07-04,6579,0,4,268,26700,0,0,2,272,0,2,0,
2018-07-05,6579,1,10,259,26700,0,0,2,268,0,2,0,
2018-07-06,6579,0,8,251,26700,0,0,2,259,0,2,0,
2018-07-09,6579,2,25,228,26700,0,0,2,251,0,2,0,
2018-07-10,6579,0,2,226,26700,0,0,2,228,0,2,0,
2018-07-11,6579,0,1,225,26700,0,0,2,226,0,2,0,
2018-07-12,6579,3,1,227,26700,1,0,1,225,0,2,0,
2018-07-13,6579,6,4,229,26700,0,0,1,227,0,1,0,
2018-07-16,6579,3,2,230,26700,0,0,1,229,0,1,0,
2018-07-17,6579,2,1,231,26700,0,0,1,230,0,1,0,
2018-07-18,6579,2,1,232,26700,0,0,1,231,0,1,0,
2018-07-19,6579,1,1,232,26700,0,0,1,232,0,1,0,
2018-07-20,6579,3,1,234,26700,0,0,1,232,0,1,0,
2018-07-23,6579,1,2,233,26700,0,0,1,234,0,1,0,
2018-07-24,6579,1,6,228,26700,0,0,1,233,0,1,0,
2018-07-25,6579,6,2,232,26700,0,0,1,228,0,1,0,
2018-07-26,6579,1,5,228,26700,0,0,1,232,0,1,0,
2018-07-27,6579,1,0,229,26700,0,0,1,228,0,1,0,
2018-07-30,6579,4,1,230,26700,0,0,1,229,2,1,0,
2018-07-31,6579,1,2,229,26700,0,0,1,230,0,1,0,
2018-08-01,6579,0,1,228,26700,0,6,7,229,0,1,0,
2018-08-02,6579,29,10,247,26700,0,0,6,228,0,7,1,
2018-08-03,6579,65,37,275,26700,0,0,6,247,0,6,0,
2018-08-06,6579,36,57,254,26700,0,0,4,275,0,6,2,
2018-08-07,6579,17,18,253,26700,0,0,4,254,0,4,0,
2018-08-08,6579,21,8,266,26700,0,0,2,253,0,4,2,
2018-08-09,6579,3,5,264,26700,0,0,2,266,0,2,0,
2018-08-10,6579,7,22,249,26700,0,0,2,264,0,2,0,
2018-08-13,6579,41,38,252,26700,0,0,2,249,0,2,0,
2018-08-14,6579,6,24,234,26700,0,0,2,252,0,2,0,
2018-08-15,6579,16,41,209,26700,0,0,2,234,0,2,0,
2018-08-16,6579,11,25,195,26700,0,0,2,209,0,2,0,
2018-08-17,6579,2,5,192,26700,0,0,2,195,0,2,0,
2018-08-20,6579,0,0,192,26700,0,0,2,192,0,2,0,
2018-08-21,6579,0,4,188,26700,0,0,2,192,0,2,0,
2018-08-22,6579,3,2,189,26700,0,0,2,188,0,2,0,
2018-08-23,6579,6,3,192,26700,0,0,2,189,0,2,0,
2018-08-24,6579,3,2,193,26700,0,0,2,192,0,2,0,
2018-08-27,6579,5,1,197,26700,0,0,2,193,0,2,0,
2018-08-28,6579,9,2,204,26700,0,0,2,197,0,2,0,
2018-08-29,6579,3,3,204,26700,0,0,2,204,0,2,0,
2018-08-30,6579,1,0,205,26700,0,0,2,204,0,2,0,
2018-08-31,6579,0,1,204,26700,0,0,2,205,0,2,0,
2018-09-03,6579,1,0,205,26700,0,0,2,204,0,2,0,
2018-09-04,6579,2,1,206,26700,0,0,2,205,0,2,0,
2018-09-05,6579,2,0,208,26700,0,0,2,206,0,2,0,
2018-09-06,6579,0,1,207,26700,0,1,3,208,0,2,0,
2018-09-07,6579,6,4,209,26700,0,0,3,207,0,3,0,
2018-09-10,6579,18,17,210,26700,1,0,2,209,0,3,0,
2018-09-11,6579,1,7,204,26700,0,0,2,210,0,2,0,
2018-09-12,6579,4,2,206,26700,0,0,2,204,0,2,0,
2018-09-13,6579,4,6,204,26700,0,0,2,206,0,2,0,
2018-09-14,6579,2,1,205,26700,0,0,2,204,0,2,0,
2018-09-17,6579,15,7,213,26700,0,0,2,205,0,2,0,
2018-09-18,6579,0,20,193,26700,0,0,2,213,0,2,0,
2018-09-19,6579,0,2,191,26700,0,0,2,193,0,2,0,
2018-09-20,6579,2,1,192,26700,0,0,2,191,0,2,0,
2018-09-21,6579,0,2,190,26700,0,0,2,192,0,2,0,
2018-09-25,6579,0,0,190,26700,0,0,2,190,0,2,0,
2018-09-26,6579,0,0,190,26700,0,0,2,190,0,2,0,
2018-09-27,6579,1,0,191,26700,0,0,2,190,0,2,0,
2018-09-28,6579,2,15,178,26700,0,0,2,191,0,2,0,
2018-10-01,6579,0,0,178,26700,0,0,2,178,0,2,0,
2018-10-02,6579,0,0,178,26700,0,0,2,178,0,2,0,
2018-10-03,6579,0,1,177,26700,0,0,2,178,0,2,0,
2018-10-04,6579,32,1,208,26700,0,0,2,177,0,2,0,
2018-10-05,6579,15,2,221,26700,0,0,2,208,0,2,0,
2018-10-08,6579,0,2,219,26700,0,0,2,221,0,2,0,
2018-10-09,6579,0,2,217,26700,0,0,2,219,0,2,0,
2018-10-11,6579,7,23,201,26700,0,0,2,217,0,2,0,
2018-10-12,6579,3,3,201,26700,0,0,2,201,0,2,0,
2018-10-15,6579,0,13,184,26700,0,0,0,201,4,2,2,
2018-10-16,6579,2,3,183,26700,0,0,0,184,0,0,0,
2018-10-17,6579,1,1,183,26700,0,0,0,183,0,0,0,
2018-10-18,6579,2,1,184,26700,0,0,0,183,0,0,0,
2018-10-19,6579,0,2,182,26700,0,0,0,184,0,0,0,
2018-10-22,6579,3,0,185,26700,0,0,0,182,0,0,0,
2018-10-23,6579,0,0,185,26700,0,0,0,185,0,0,0,
2018-10-24,6579,0,1,184,26700,0,0,0,185,0,0,0,
2018-10-25,6579,1,4,181,26700,0,1,1,184,0,0,0,
2018-10-26,6579,0,0,181,26700,0,0,1,181,0,1,0,
2018-10-29,6579,3,0,184,26700,0,0,1,181,0,1,0,
2018-10-30,6579,0,0,184,26700,0,0,1,184,0,1,0,
2018-10-31,6579,10,10,184,26700,0,0,1,184,0,1,0,
2018-11-01,6579,4,6,182,26700,0,0,1,184,0,1,0,
2018-11-02,6579,3,2,183,37124,0,0,1,182,0,1,0,
2018-11-05,6579,11,3,191,37124,0,0,1,183,0,1,0,
2018-11-06,6579,13,19,185,37124,0,0,1,191,0,1,0,
2018-11-07,6579,1,1,185,37124,0,0,1,185,0,1,0,
2018-11-08,6579,1,2,184,37124,0,0,1,185,0,1,0,
2018-11-09,6579,2,1,185,37124,0,0,1,184,0,1,0,
2018-11-12,6579,4,1,188,37124,0,0,1,185,0,1,0,
2018-11-13,6579,51,55,184,37124,0,1,2,188,0,1,0,
2018-11-14,6579,8,5,187,37124,0,0,2,184,0,2,0,
2018-11-15,6579,4,21,170,37124,0,0,2,187,0,2,0,
2018-11-16,6579,4,36,138,37124,0,0,2,170,0,2,0,
2018-11-19,6579,3,3,138,37124,0,0,2,138,0,2,0,
2018-11-20,6579,1,0,139,37124,0,0,2,138,0,2,0,
2018-11-21,6579,3,1,141,37124,0,0,2,139,0,2,0,
2018-11-22,6579,1,1,141,37124,0,0,2,141,0,2,0,
2018-11-23,6579,7,3,145,37124,0,0,2,141,0,2,0,
2018-11-26,6579,1,1,145,37124,0,0,2,145,0,2,0,
2018-11-27,6579,0,1,144,37124,0,0,2,145,0,2,0,
2018-11-28,6579,1,0,145,37124,0,0,2,144,0,2,0,
2018-11-29,6579,3,5,143,37124,0,0,2,145,0,2,0,
2018-11-30,6579,2,10,135,37124,0,0,2,143,0,2,0,
2018-12-03,6579,8,3,140,37124,0,0,2,135,0,2,0,
2018-12-04,6579,1,2,139,37124,0,0,2,140,0,2,0,
2018-12-05,6579,0,1,138,37124,0,0,2,139,0,2,0,
2018-12-06,6579,6,1,143,37124,0,0,2,138,0,2,0,
2018-12-07,6579,0,3,140,37124,0,0,2,143,0,2,0,
2018-12-10,6579,1,4,137,37124,0,0,2,140,0,2,0,
2018-12-11,6579,1,0,138,37124,0,0,2,137,0,2,0,
2018-12-12,6579,4,4,138,37124,0,0,2,138,0,2,0,
2018-12-13,6579,26,11,153,37124,1,0,1,138,0,2,0,
2018-12-14,6579,11,11,153,37124,1,0,0,153,0,1,0,
2018-12-17,6579,6,10,149,37124,0,0,0,153,0,0,0,
2018-12-18,6579,2,3,148,37124,0,0,0,149,0,0,0,
2018-12-19,6579,0,6,141,37124,0,0,0,148,1,0,0,
2018-12-20,6579,0,2,139,37124,0,0,0,141,0,0,0,
2018-12-21,6579,0,11,128,37124,0,0,0,139,0,0,0,
2018-12-22,6579,1,2,127,37124,0,0,0,128,0,0,0,
2018-12-24,6579,0,0,127,37124,0,0,0,127,0,0,0,
2018-12-25,6579,0,2,125,37124,0,0,0,127,0,0,0,
2018-12-26,6579,2,1,126,37124,0,0,0,125,0,0,0,
2018-12-27,6579,1,0,127,37124,0,0,0,126,0,0,0,
2018-12-28,6579,1,0,128,37124,0,0,0,127,0,0,0,
2019-01-02,6579,0,0,128,37124,0,0,0,128,0,0,0,
2019-01-03,6579,0,0,128,37124,0,0,0,128,0,0,0,
2019-01-04,6579,0,1,127,37124,0,0,0,128,0,0,0,
2019-01-07,6579,6,2,131,37124,0,0,0,127,0,0,0,
2019-01-08,6579,1,2,130,37124,0,0,0,131,0,0,0,
2019-01-09,6579,1,2,129,37124,0,0,0,130,0,0,0,
2019-01-10,6579,2,0,131,37124,0,0,0,129,0,0,0,
2019-01-11,6579,0,1,130,37124,0,0,0,131,0,0,0,
2019-01-14,6579,1,1,130,37124,0,0,0,130,0,0,0,
2019-01-15,6579,1,1,130,37124,0,0,0,130,0,0,0,
2019-01-16,6579,3,2,131,37124,0,0,0,130,0,0,0,
2019-01-17,6579,0,7,124,37124,0,0,0,131,0,0,0,
2019-01-18,6579,0,0,124,37124,0,0,0,124,0,0,0,
2019-01-21,6579,0,1,123,37124,0,0,0,124,0,0,0,
2019-01-22,6579,2,3,122,37124,0,0,0,123,0,0,0,
2019-01-23,6579,1,1,122,37124,0,0,0,122,0,0,0,
2019-01-24,6579,1,3,120,37124,0,0,0,122,0,0,0,
2019-01-25,6579,0,2,118,37124,0,0,0,120,0,0,0,
2019-01-28,6579,3,7,114,37124,0,0,0,118,0,0,0,
2019-01-29,6579,0,3,111,37124,0,0,0,114,0,0,0,
2019-01-30,6579,3,10,104,37124,0,0,0,111,0,0,0,
2019-02-11,6579,4,3,105,37124,0,0,0,104,0,0,0,
2019-02-12,6579,2,0,107,37124,0,0,0,105,0,0,0,
2019-02-13,6579,17,13,111,37124,0,0,0,107,0,0,0,
2019-02-14,6579,10,11,110,37124,0,0,0,111,0,0,0,
2019-02-15,6579,10,2,118,37124,0,0,0,110,0,0,0,
2019-02-18,6579,40,6,152,37124,0,0,0,118,0,0,0,
2019-02-19,6579,2,2,152,37124,0,0,0,152,0,0,0,
2019-02-20,6579,5,2,155,37124,0,0,0,152,0,0,0,
2019-02-21,6579,5,13,147,37124,0,0,0,155,0,0,0,
2019-02-22,6579,2,4,145,37124,0,0,0,147,0,0,0,
2019-02-25,6579,8,2,151,37124,0,0,0,145,0,0,0,
2019-02-26,6579,0,0,151,37124,0,0,0,151,0,0,0,
2019-02-27,6579,2,3,150,37124,0,0,0,151,0,0,0,
2019-03-04,6579,3,1,152,37124,0,0,0,150,0,0,0,
2019-03-05,6579,0,3,149,37124,0,0,0,152,0,0,0,
2019-03-06,6579,1,0,150,37124,0,0,0,149,0,0,0,
2019-03-07,6579,5,1,154,37124,0,0,0,150,0,0,0,
2019-03-08,6579,4,9,149,37124,0,0,0,154,0,0,0,
2019-03-11,6579,1,0,150,37124,0,0,0,149,0,0,0,
2019-03-12,6579,2,0,152,37124,0,0,0,150,0,0,0,
2019-03-13,6579,0,4,148,37124,0,0,0,152,0,0,0,
2019-03-14,6579,1,0,149,37124,0,0,0,148,0,0,0,
2019-03-15,6579,1,0,150,37124,0,0,0,149,0,0,0,
2019-03-18,6579,8,6,152,37124,0,0,0,150,0,0,0,
2019-03-19,6579,24,2,174,37124,0,0,0,152,0,0,0,
2019-03-20,6579,15,5,184,37124,0,0,0,174,0,0,0,
2019-03-21,6579,5,1,188,37124,0,0,0,184,0,0,0,
2019-03-22,6579,3,0,191,37124,0,0,0,188,0,0,0,X
2019-03-25,6579,1,2,190,37124,0,0,0,191,0,0,0,X
2019-03-26,6579,1,2,189,37124,0,0,0,190,0,0,0,X
2019-03-27,6579,1,0,190,37124,0,0,0,189,0,0,0,X
2019-03-28,6579,2,1,191,37124,0,0,0,190,0,0,0,
2019-03-29,6579,1,1,191,37124,0,0,0,191,0,0,0,
2019-04-01,6579,4,0,195,37124,0,0,0,191,0,0,0,
2019-04-02,6579,0,6,189,37124,0,0,0,195,0,0,0,
2019-04-03,6579,0,1,188,37124,0,0,0,189,0,0,0,
2019-04-08,6579,0,0,188,37124,0,0,0,188,0,0,0,
2019-04-09,6579,1,2,187,37124,0,0,0,188,0,0,0,
2019-04-10,6579,0,8,179,37124,0,0,0,187,0,0,0,
2019-04-11,6579,23,23,179,37124,0,0,0,179,0,0,0,
2019-04-12,6579,6,1,184,37124,0,0,0,179,0,0,0,
2019-04-15,6579,1,25,160,37124,0,0,0,184,0,0,0,
2019-04-16,6579,20,16,164,37124,0,0,0,160,0,0,0,
2019-04-17,6579,7,12,159,37124,0,0,0,164,0,0,0,
2019-04-18,6579,4,2,161,37124,0,0,0,159,0,0,0,
2019-04-19,6579,8,8,161,37124,0,0,0,161,0,0,0,
2019-04-22,6579,7,9,159,37124,0,0,0,161,0,0,0,
2019-04-23,6579,5,2,162,37124,0,0,0,159,0,0,0,
2019-04-24,6579,1,0,163,37124,0,0,0,162,0,0,0,
2019-04-25,6579,1,3,161,37124,0,0,0,163,0,0,0,
2019-04-26,6579,10,1,170,37124,0,0,0,161,0,0,0,
2019-04-29,6579,7,13,164,37124,0,0,0,170,0,0,0,
2019-04-30,6579,11,1,174,37124,0,0,0,164,0,0,0,
2019-05-02,6579,67,21,220,37124,0,1,1,174,0,0,0,
2019-05-03,6579,27,11,236,37124,0,0,1,220,0,1,0,
2019-05-06,6579,16,27,225,37124,1,0,0,236,0,1,0,
2019-05-07,6579,17,16,226,37124,0,0,0,225,0,0,0,
2019-05-08,6579,6,1,231,37124,0,0,0,226,0,0,0,
2019-05-09,6579,4,9,226,37124,0,0,0,231,0,0,0,
2019-05-10,6579,6,7,225,37124,0,0,0,226,0,0,0,
2019-05-13,6579,2,19,208,37124,0,0,0,225,0,0,0,
2019-05-14,6579,6,0,214,37124,0,0,0,208,0,0,0,
2019-05-15,6579,6,3,217,37124,0,0,0,214,0,0,0,
2019-05-16,6579,1,0,218,37124,0,0,0,217,0,0,0,
2019-05-17,6579,20,15,223,37124,0,0,0,218,0,0,0,
2019-05-20,6579,1,10,214,37124,0,0,0,223,0,0,0,
2019-05-21,6579,2,10,206,37124,0,0,0,214,0,0,0,
2019-05-22,6579,17,1,222,37124,0,0,0,206,0,0,0,
2019-05-23,6579,4,1,225,37124,0,0,0,222,0,0,0,
2019-05-24,6579,7,1,231,37124,0,0,0,225,0,0,0,
2019-05-27,6579,0,0,231,37124,0,0,0,231,0,0,0,
2019-05-28,6579,6,1,236,37124,0,0,0,231,0,0,0,
2019-05-29,6579,3,1,238,37124,0,0,0,236,0,0,0,
2019-05-30,6579,22,1,239,37124,0,0,0,238,20,0,0,
2019-05-31,6579,14,15,238,37124,0,0,0,239,0,0,0,
2019-06-03,6579,6,0,244,37124,0,0,0,238,0,0,0,
2019-06-04,6579,6,2,248,37124,0,0,0,244,0,0,0,
2019-06-05,6579,3,2,249,37124,0,0,0,248,0,0,0,
2019-06-06,6579,1,1,249,37124,0,0,0,249,0,0,0,
2019-06-10,6579,23,1,271,37124,0,0,0,249,0,0,0,
2019-06-11,6579,8,0,279,37124,0,0,0,271,0,0,0,
2019-06-12,6579,2,3,278,37124,0,0,0,279,0,0,0,
2019-06-13,6579,2,2,278,37124,0,0,0,278,0,0,0,
2019-06-14,6579,5,9,274,37124,0,0,0,278,0,0,0,
2019-06-17,6579,1,8,267,37124,0,0,0,274,0,0,0,
2019-06-18,6579,1,5,263,37124,0,0,0,267,0,0,0,
2019-06-19,6579,8,13,258,37124,0,0,0,263,0,0,0,
2019-06-20,6579,5,6,257,37124,0,0,0,258,0,0,0,
2019-06-21,6579,11,16,252,37124,0,0,0,257,0,0,0,
2019-06-24,6579,52,12,292,37124,0,0,0,252,0,0,0,
2019-06-25,6579,42,18,316,37124,0,0,0,292,0,0,0,X
2019-06-26,6579,19,3,332,37124,0,0,0,316,0,0,0,X
2019-06-27,6579,25,1,355,37124,0,0,0,332,1,0,0,X
2019-06-28,6579,0,5,350,37124,0,0,0,355,0,0,0,X
2019-07-01,6579,20,11,359,37124,0,0,0,350,0,0,0,
2019-07-02,6579,9,14,354,37124,0,0,0,359,0,0,0,
2019-07-03,6579,10,4,360,37124,0,0,0,354,0,0,0,
2019-07-04,6579,19,10,369,37124,0,0,0,360,0,0,0,
2019-07-05,6579,5,3,371,37124,0,0,0,369,0,0,0,
2019-07-08,6579,14,6,379,37124,0,0,0,371,0,0,0,
2019-07-09,6579,0,3,376,37124,0,0,0,379,0,0,0,
2019-07-10,6579,11,3,384,37124,0,0,0,376,0,0,0,
2019-07-11,6579,0,7,377,37124,0,0,0,384,0,0,0,
2019-07-12,6579,2,13,366,37124,0,0,0,377,0,0,0,
2019-07-15,6579,1,0,367,37124,0,0,0,366,0,0,0,
2019-07-16,6579,10,26,348,37124,0,0,0,367,3,0,0,
2019-07-17,6579,9,4,353,37124,0,0,0,348,0,0,0,
2019-07-18,6579,0,8,345,37124,0,0,0,353,0,0,0,
2019-07-19,6579,1,1,345,37124,0,0,0,345,0,0,0,
2019-07-22,6579,8,3,350,37124,0,0,0,345,0,0,0,
2019-07-23,6579,7,9,348,37124,0,0,0,350,0,0,0,
2019-07-24,6579,26,6,368,37124,0,0,0,348,0,0,0,
2019-07-25,6579,5,6,367,37124,0,0,0,368,0,0,0,
2019-07-26,6579,24,2,389,37124,0,0,0,367,0,0,0,
2019-07-29,6579,12,4,397,37124,0,0,0,389,0,0,0,
2019-07-30,6579,18,21,372,37124,0,0,0,397,22,0,0,
2019-07-31,6579,3,0,375,37124,0,0,0,372,0,0,0,
2019-08-01,6579,2,1,376,37124,0,0,0,375,0,0,0,
2019-08-02,6579,9,3,382,37124,0,0,0,376,0,0,0,
2019-08-05,6579,6,0,388,37124,0,0,0,382,0,0,0,
2019-08-06,6579,4,8,384,37124,0,0,0,388,0,0,0,
2019-08-07,6579,0,19,365,37124,0,0,0,384,0,0,0,
2019-08-08,6579,12,20,357,37124,0,0,0,365,0,0,0,
2019-08-12,6579,16,7,366,37124,0,1,1,357,0,0,0,
2019-08-13,6579,7,29,344,37124,0,1,2,366,0,1,0,
2019-08-14,6579,0,7,337,37124,0,0,2,344,0,2,0,
2019-08-15,6579,7,5,339,37124,1,0,1,337,0,2,0,
2019-08-16,6579,0,0,339,37124,0,0,1,339,0,1,0,
2019-08-19,6579,0,6,333,37124,0,0,1,339,0,1,0,
2019-08-20,6579,1,6,328,37124,0,0,1,333,0,1,0,
2019-08-21,6579,1,3,326,37124,0,0,1,328,0,1,0,
2019-08-22,6579,3,0,329,37124,0,0,1,326,0,1,0,
2019-08-23,6579,0,3,326,37124,0,0,1,329,0,1,0,
2019-08-26,6579,1,1,326,37124,0,0,1,326,0,1,0,
2019-08-27,6579,0,0,326,37124,0,0,1,326,0,1,0,
2019-08-28,6579,0,2,324,37124,0,0,1,326,0,1,0,
2019-08-29,6579,0,5,319,37124,0,0,1,324,0,1,0,
2019-08-30,6579,1,3,317,37124,0,0,1,319,0,1,0,
2019-09-02,6579,7,2,322,37124,0,0,1,317,0,1,0,
2019-09-03,6579,3,1,324,37124,0,0,1,322,0,1,0,
2019-09-04,6579,2,0,326,37124,0,0,1,324,0,1,0,
2019-09-05,6579,2,2,326,37124,0,0,1,326,0,1,0,
2019-09-06,6579,4,0,330,37124,0,0,1,326,0,1,0,
2019-09-09,6579,1,4,327,37124,0,0,1,330,0,1,0,
2019-09-10,6579,0,1,326,37124,0,0,1,327,0,1,0,
2019-09-11,6579,0,3,323,37124,0,0,1,326,0,1,0,
2019-09-12,6579,1,3,321,37124,0,0,1,323,0,1,0,
2019-09-16,6579,0,2,319,37124,0,0,1,321,0,1,0,
2019-09-17,6579,2,5,316,37124,0,0,1,319,0,1,0,
2019-09-18,6579,4,7,313,37124,0,0,1,316,0,1,0,
2019-09-19,6579,0,0,313,37124,0,0,1,313,0,1,0,
2019-09-20,6579,1,1,313,37124,0,0,1,313,0,1,0,
2019-09-23,6579,0,0,313,37124,0,0,1,313,0,1,0,
2019-09-24,6579,0,0,313,37124,0,0,1,313,0,1,0,
2019-09-25,6579,1,1,313,37124,0,0,1,313,0,1,0,
2019-09-26,6579,0,0,313,37124,0,0,1,313,0,1,0,
2019-09-27,6579,2,1,314,37124,0,0,1,313,0,1,0,
2019-10-01,6579,1,0,315,37124,0,0,1,314,0,1,0,
2019-10-02,6579,0,0,315,37124,0,0,1,315,0,1,0,
2019-10-03,6579,0,1,314,37124,0,0,1,315,0,1,0,
2019-10-04,6579,0,0,314,37124,0,0,1,314,0,1,0,
2019-10-07,6579,0,13,301,37124,0,0,1,314,0,1,0,
2019-10-08,6579,0,2,299,37124,0,0,1,301,0,1,0,
2019-10-09,6579,5,157,147,37124,0,0,1,299,0,1,0,
2019-10-14,6579,1,2,146,37124,0,0,1,147,0,1,0,
2019-10-15,6579,1,0,147,37124,0,0,1,146,0,1,0,
2019-10-16,6579,7,7,147,37124,0,0,1,147,0,1,0,
2019-10-17,6579,2,3,146,37124,0,0,1,147,0,1,0,
2019-10-18,6579,2,2,146,37124,0,0,1,146,0,1,0,
2019-10-21,6579,0,6,140,37124,0,0,1,146,0,1,0,
2019-10-22,6579,0,0,140,37124,0,0,1,140,0,1,0,
2019-10-23,6579,0,3,137,37124,0,0,1,140,0,1,0,
2019-10-24,6579,0,0,137,37124,1,0,0,137,0,1,0,
2019-10-25,6579,1,1,137,37124,0,0,0,137,0,0,0,
2019-10-28,6579,0,0,137,37124,0,0,0,137,0,0,0,
2019-10-29,6579,14,1,150,37124,0,0,0,137,0,0,0,
2019-10-30,6579,0,0,150,37124,0,0,0,150,0,0,0,
2019-10-31,6579,0,1,149,37124,0,0,0,150,0,0,0,
2019-11-01,6579,0,0,149,37124,0,0,0,149,0,0,0,
2019-11-04,6579,5,3,151,37124,0,0,0,149,0,0,0,
2019-11-05,6579,1,0,152,37124,0,0,0,151,0,0,0,
2019-11-06,6579,1,2,151,37124,0,0,0,152,0,0,0,
2019-11-07,6579,0,0,151,37124,0,0,0,151,0,0,0,
2019-11-08,6579,4,0,155,37124,0,0,0,151,0,0,0,
2019-11-11,6579,0,2,153,37124,0,0,0,155,0,0,0,
2019-11-12,6579,0,0,153,37124,0,0,0,153,0,0,0,
2019-11-13,6579,7,0,160,37124,0,0,0,153,0,0,0,
2019-11-14,6579,1,0,158,37124,0,0,0,160,3,0,0,
2019-11-15,6579,2,0,159,37124,0,0,0,158,1,0,0,
2019-11-18,6579,0,2,157,37124,0,0,0,159,0,0,0,
2019-11-19,6579,1,1,157,37124,0,0,0,157,0,0,0,
2019-11-20,6579,0,0,139,37124,0,0,0,157,18,0,0,
2019-11-21,6579,2,1,140,37124,0,0,0,139,0,0,0,
2019-11-22,6579,0,1,139,37124,0,0,0,140,0,0,0,
2019-11-25,6579,1,2,138,37124,0,0,0,139,0,0,0,
2019-11-26,6579,0,1,137,37124,0,0,0,138,0,0,0,
2019-11-27,6579,0,1,135,37124,0,0,0,137,1,0,0,
2019-11-28,6579,0,0,135,37124,0,0,0,135,0,0,0,
2019-11-29,6579,0,2,133,37124,0,0,0,135,0,0,0,
2019-12-02,6579,0,2,131,37124,0,0,0,133,0,0,0,
2019-12-03,6579,0,3,128,37124,0,0,0,131,0,0,0,
2019-12-04,6579,0,2,126,37124,0,0,0,128,0,0,0,
2019-12-05,6579,0,2,124,37124,0,0,0,126,0,0,0,
2019-12-06,6579,2,0,126,37124,0,0,0,124,0,0,0,
2019-12-09,6579,3,1,128,37124,0,0,0,126,0,0,0,
2019-12-10,6579,0,1,127,37124,0,0,0,128,0,0,0,
2019-12-11,6579,0,0,127,37124,0,0,0,127,0,0,0,
2019-12-12,6579,0,0,127,37124,0,0,0,127,0,0,0,
2019-12-13,6579,4,0,131,37124,0,0,0,127,0,0,0,
2019-12-16,6579,0,0,131,37124,0,0,0,131,0,0,0,
2019-12-17,6579,0,2,129,37124,0,0,0,131,0,0,0,
2019-12-18,6579,2,0,131,37124,0,0,0,129,0,0,0,
2019-12-19,6579,0,1,130,37124,0,0,0,131,0,0,0,
2019-12-20,6579,0,1,129,37124,0,0,0,130,0,0,0,
2019-12-23,6579,1,3,127,37124,0,0,0,129,0,0,0,
2019-12-24,6579,0,0,127,37124,0,0,0,127,0,0,0,
2019-12-25,6579,0,1,126,37124,0,0,0,127,0,0,0,
2019-12-26,6579,1,0,127,37124,0,0,0,126,0,0,0,
2019-12-27,6579,1,0,128,37124,0,0,0,127,0,0,0,
2019-12-30,6579,0,2,126,37124,0,0,0,128,0,0,0,
2019-12-31,6579,0,0,126,37124,0,0,0,126,0,0,0,
2020-01-02,6579,0,0,123,37124,0,0,0,126,3,0,0,
2020-01-03,6579,0,0,123,37124,0,0,0,123,0,0,0,
2020-01-06,6579,1,0,124,37124,0,0,0,123,0,0,0,
2020-01-07,6579,0,1,123,37124,0,0,0,124,0,0,0,
2020-01-08,6579,4,1,126,37124,0,0,0,123,0,0,0,
2020-01-09,6579,0,1,125,37124,0,0,0,126,0,0,0,
2020-01-10,6579,0,0,125,37124,0,0,0,125,0,0,0,
2020-01-13,6579,1,0,123,37124,0,0,0,125,3,0,0,
2020-01-14,6579,3,1,125,37124,0,0,0,123,0,0,0,
2020-01-15,6579,3,0,128,37124,0,0,0,125,0,0,0,
2020-01-16,6579,0,1,127,37124,0,0,0,128,0,0,0,
2020-01-17,6579,1,1,127,37124,0,0,0,127,0,0,0,
2020-01-20,6579,0,1,126,37124,0,0,0,127,0,0,0,
2020-01-30,6579,2,7,121,37124,0,0,0,126,0,0,0,
2020-01-31,6579,0,0,121,37124,0,0,0,121,0,0,0,
2020-02-03,6579,0,0,121,37124,0,0,0,121,0,0,0,
2020-02-04,6579,0,14,107,37124,0,0,0,121,0,0,0,
2020-02-05,6579,0,0,107,37124,0,0,0,107,0,0,0,
2020-02-06,6579,0,6,101,37124,0,0,0,107,0,0,0,
2020-02-07,6579,0,1,100,37124,0,0,0,101,0,0,0,
2020-02-10,6579,0,0,100,37124,0,0,0,100,0,0,0,
2020-02-11,6579,0,0,100,37124,0,0,0,100,0,0,0,
2020-02-12,6579,0,2,98,37124,0,0,0,100,0,0,0,
2020-02-13,6579,0,0,98,37124,0,0,0,98,0,0,0,
2020-02-14,6579,5,0,103,37124,0,0,0,98,0,0,0,
2020-02-17,6579,0,5,98,37124,0,0,0,103,0,0,0,
2020-02-18,6579,0,0,98,37124,0,0,0,98,0,0,0,
2020-02-19,6579,0,0,98,37124,0,0,0,98,0,0,0,
2020-02-20,6579,0,0,98,37124,0,0,0,98,0,0,0,
2020-02-21,6579,0,0,98,37124,0,0,0,98,0,0,0,
2020-02-24,6579,2,0,100,37124,0,0,0,98,0,0,0,
2020-02-25,6579,8,1,107,37124,0,0,0,100,0,0,0,
2020-02-26,6579,8,3,112,37124,0,0,0,107,0,0,0,
2020-02-27,6579,3,5,110,37124,0,0,0,112,0,0,0,
2020-03-02,6579,6,0,116,37124,0,0,0,110,0,0,0,
2020-03-03,6579,3,0,106,37124,0,0,0,116,13,0,0,
2020-03-04,6579,5,0,111,37124,0,0,0,106,0,0,0,
2020-03-05,6579,0,0,111,37124,0,0,0,111,0,0,0,
2020-03-06,6579,0,0,98,37124,0,0,0,111,13,0,0,
2020-03-09,6579,2,0,100,37124,0,0,0,98,0,0,0,
2020-03-10,6579,4,3,101,37124,0,0,0,100,0,0,0,
2020-03-11,6579,0,0,101,37124,0,0,0,101,0,0,0,
2020-03-12,6579,6,1,106,37124,0,0,0,101,0,0,0,
2020-03-13,6579,3,11,98,37124,0,0,0,106,0,0,0,
2020-03-16,6579,1,6,93,37124,0,0,0,98,0,0,0,
2020-03-17,6579,1,4,90,37124,0,0,0,93,0,0,0,
2020-03-18,6579,2,1,91,37124,0,0,0,90,0,0,0,
2020-03-19,6579,11,50,52,37124,0,0,0,91,0,0,0,X
2020-03-20,6579,2,1,53,37124,0,0,0,52,0,0,0,X
2020-03-23,6579,2,0,55,37124,0,0,0,53,0,0,0,X
2020-03-24,6579,1,0,56,37124,0,0,0,55,0,0,0,X
2020-03-25,6579,4,12,48,37124,0,0,0,56,0,0,0,
2020-03-26,6579,17,1,64,37124,0,0,0,48,0,0,0,
2020-03-27,6579,2,7,59,37124,0,0,0,64,0,0,0,
2020-03-30,6579,6,0,65,37124,0,0,0,59,0,0,0,
2020-03-31,6579,0,11,54,37124,0,0,0,65,0,0,0,
2020-04-01,6579,0,2,52,37124,0,0,0,54,0,0,0,
2020-04-06,6579,1,9,44,37124,0,0,0,52,0,0,0,
2020-04-07,6579,0,1,43,37124,0,0,0,44,0,0,0,
2020-04-08,6579,7,2,48,37124,0,0,0,43,0,0,0,
2020-04-09,6579,3,7,44,37124,0,0,0,48,0,0,0,
2020-04-10,6579,0,1,43,37124,0,0,0,44,0,0,0,
2020-04-13,6579,4,0,47,37124,0,0,0,43,0,0,0,
2020-04-14,6579,0,3,44,37124,0,0,0,47,0,0,0,
2020-04-15,6579,0,3,41,37124,0,0,0,44,0,0,0,
2020-04-16,6579,0,0,41,37124,0,0,0,41,0,0,0,
2020-04-17,6579,7,2,46,37124,0,0,0,41,0,0,0,
2020-04-20,6579,0,0,46,37124,0,0,0,46,0,0,0,
2020-04-21,6579,0,3,43,37124,0,0,0,46,0,0,0,
2020-04-22,6579,6,0,49,37124,0,0,0,43,0,0,0,
2020-04-23,6579,2,1,50,37124,0,0,0,49,0,0,0,
2020-04-24,6579,7,0,57,37124,0,0,0,50,0,0,0,
2020-04-27,6579,0,1,56,37124,0,0,0,57,0,0,0,
2020-04-28,6579,3,1,58,37124,0,0,0,56,0,0,0,
2020-04-29,6579,0,11,47,37124,0,0,0,58,0,0,0,
2020-04-30,6579,3,4,46,37124,0,0,0,47,0,0,0,
2020-05-04,6579,1,0,47,37124,0,0,0,46,0,0,0,
2020-05-05,6579,1,1,47,37124,0,0,0,47,0,0,0,
2020-05-06,6579,1,0,48,37124,0,0,0,47,0,0,0,
2020-05-07,6579,1,2,47,37124,0,0,0,48,0,0,0,
2020-05-08,6579,0,2,45,37124,0,0,0,47,0,0,0,
2020-05-11,6579,0,1,44,37124,0,0,0,45,0,0,0,
2020-05-12,6579,0,0,44,37124,0,0,0,44,0,0,0,
2020-05-13,6579,3,2,45,37124,0,0,0,44,0,0,0,
2020-05-14,6579,1,1,45,37124,0,0,0,45,0,0,0,
2020-05-15,6579,0,0,45,37124,0,0,0,45,0,0,0,
2020-05-18,6579,0,0,45,37124,0,0,0,45,0,0,0,
2020-05-19,6579,0,1,44,37124,0,0,0,45,0,0,0,
2020-05-20,6579,0,0,44,37124,0,0,0,44,0,0,0,
2020-05-21,6579,2,0,46,37124,0,0,0,44,0,0,0,
2020-05-22,6579,0,0,46,37124,0,0,0,46,0,0,0,
2020-05-25,6579,0,0,46,37124,0,0,0,46,0,0,0,
2020-05-26,6579,2,1,47,37124,0,0,0,46,0,0,0,
2020-05-27,6579,0,1,46,37124,0,0,0,47,0,0,0,
2020-05-28,6579,0,1,45,37124,0,0,0,46,0,0,0,
2020-05-29,6579,3,5,43,37124,0,0,0,45,0,0,0,
2020-06-01,6579,3,0,46,37124,0,0,0,43,0,0,0,
2020-06-02,6579,3,0,49,37124,0,0,0,46,0,0,0,
2020-06-03,6579,11,5,55,37124,0,0,0,49,0,0,0,
2020-06-04,6579,1,1,55,37124,0,0,0,55,0,0,0,
2020-06-05,6579,1,1,55,37124,0,0,0,55,0,0,0,X
2020-06-08,6579,4,1,58,37124,0,0,0,55,0,0,0,X
2020-06-09,6579,0,2,56,37124,0,0,0,58,0,0,0,X
2020-06-10,6579,0,0,56,37124,0,0,0,56,0,0,0,X
2020-06-11,6579,31,2,85,37124,0,0,0,56,0,0,0,
2020-06-12,6579,0,4,81,37124,0,0,0,85,0,0,0,
2020-06-15,6579,0,3,77,37124,0,0,0,81,1,0,0,
2020-06-16,6579,2,1,78,37124,0,0,0,77,0,0,0,
2020-06-17,6579,0,0,78,37124,0,0,0,78,0,0,0,
2020-06-18,6579,28,4,102,37124,0,0,0,78,0,0,0,
2020-06-19,6579,30,14,106,37124,0,0,0,102,12,0,0,
2020-06-22,6579,70,50,126,37124,0,0,0,106,0,0,0,
2020-06-23,6579,49,68,107,37124,0,0,0,126,0,0,0,
2020-06-24,6579,3,6,104,37124,0,0,0,107,0,0,0,
2020-06-29,6579,20,3,121,37124,0,0,0,104,0,0,0,
2020-06-30,6579,2,11,112,37124,0,0,0,121,0,0,0,
2020-07-01,6579,1,10,103,37124,0,0,0,112,0,0,0,
2020-07-02,6579,0,3,100,37124,0,0,0,103,0,0,0,
2020-07-03,6579,17,2,115,37124,0,0,0,100,0,0,0,
2020-07-06,6579,4,12,107,37124,0,0,0,115,0,0,0,
2020-07-07,6579,13,4,116,37124,0,0,0,107,0,0,0,
2020-07-08,6579,1,6,111,37124,0,0,0,116,0,0,0,
2020-07-09,6579,32,29,114,37124,0,0,0,111,0,0,0,
2020-07-10,6579,52,53,113,37124,0,0,0,114,0,0,0,
2020-07-13,6579,6,12,107,37124,0,0,0,113,0,0,0,
2020-07-14,6579,2,5,104,37124,0,0,0,107,0,0,0,
2020-07-15,6579,9,5,108,37124,0,0,0,104,0,0,0,
2020-07-16,6579,0,0,108,37124,0,0,0,108,0,0,0,
2020-07-17,6579,1,5,104,37124,0,0,0,108,0,0,0,
2020-07-20,6579,1,6,99,37124,0,0,0,104,0,0,0,
2020-07-21,6579,0,2,97,37124,0,0,0,99,0,0,0,
2020-07-22,6579,1,2,96,37124,0,0,0,97,0,0,0,
2020-07-23,6579,11,1,106,37124,0,0,0,96,0,0,0,
2020-07-24,6579,0,5,101,37124,0,0,0,106,0,0,0,
2020-07-27,6579,2,11,92,37124,0,0,0,101,0,0,0,
2020-07-28,6579,0,2,90,37124,0,0,0,92,0,0,0,
2020-07-29,6579,6,1,94,37124,0,0,0,90,1,0,0,
2020-07-30,6579,2,0,96,37124,0,0,0,94,0,0,0,
2020-07-31,6579,11,0,107,37124,0,0,0,96,0,0,0,
2020-08-03,6579,2,2,107,37124,0,0,0,107,0,0,0,
2020-08-04,6579,0,0,107,37124,0,0,0,107,0,0,0,
2020-08-05,6579,4,8,103,37124,0,0,0,107,0,0,0,
2020-08-06,6579,3,4,102,37124,0,0,0,103,0,0,0,
2020-08-07,6579,1,0,103,37124,0,0,0,102,0,0,0,
2020-08-10,6579,0,1,102,37124,0,0,0,103,0,0,0,
2020-08-11,6579,0,4,98,37124,0,0,0,102,0,0,0,
2020-08-12,6579,0,1,97,37124,0,0,0,98,0,0,0,
2020-08-13,6579,0,6,91,37124,0,0,0,97,0,0,0,
2020-08-14,6579,2,1,92,37124,0,0,0,91,0,0,0,
2020-08-17,6579,7,0,99,37124,0,0,0,92,0,0,0,
2020-08-18,6579,3,5,97,37124,0,0,0,99,0,0,0,
2020-08-19,6579,0,0,97,37124,0,0,0,97,0,0,0,
2020-08-20,6579,0,5,92,37124,0,0,0,97,0,0,0,
2020-08-21,6579,0,0,92,37124,0,0,0,92,0,0,0,
2020-08-24,6579,4,0,96,37124,0,0,0,92,0,0,0,
2020-08-25,6579,4,2,98,37124,0,0,0,96,0,0,0,
2020-08-26,6579,4,3,99,37124,0,0,0,98,0,0,0,
2020-08-27,6579,0,1,98,37124,0,0,0,99,0,0,0,
2020-08-28,6579,11,0,109,37124,0,0,0,98,0,0,0,
2020-08-31,6579,3,5,107,37124,0,0,0,109,0,0,0,
2020-09-01,6579,2,0,109,37124,0,0,0,107,0,0,0,
2020-09-02,6579,0,1,98,37124,0,0,0,109,10,0,0,
2020-09-03,6579,4,5,97,37124,0,0,0,98,0,0,0,
2020-09-04,6579,4,0,101,37124,0,0,0,97,0,0,0,
2020-09-07,6579,2,3,100,37124,0,0,0,101,0,0,0,
2020-09-08,6579,0,0,100,37124,0,0,0,100,0,0,0,
2020-09-09,6579,0,0,90,37124,0,0,0,100,10,0,0,
2020-09-10,6579,0,0,90,37124,0,0,0,90,0,0,0,
2020-09-11,6579,0,2,88,37124,0,0,0,90,0,0,0,
2020-09-14,6579,0,0,88,37124,0,0,0,88,0,0,0,
2020-09-15,6579,2,0,90,37124,0,0,0,88,0,0,0,
2020-09-16,6579,1,1,90,37124,0,0,0,90,0,0,0,
2020-09-17,6579,0,0,90,37124,0,0,0,90,0,0,0,
2020-09-18,6579,1,3,88,37124,0,0,0,90,0,0,0,
2020-09-21,6579,0,0,88,37124,0,0,0,88,0,0,0,
2020-09-22,6579,1,0,89,37124,0,0,0,88,0,0,0,
2020-09-23,6579,2,2,89,37124,0,0,0,89,0,0,0,
2020-09-24,6579,1,0,90,37124,0,0,0,89,0,0,0,
2020-09-25,6579,4,4,90,37124,0,0,0,90,0,0,0,
2020-09-28,6579,0,0,90,37124,0,0,0,90,0,0,0,
2020-09-29,6579,0,0,90,37124,0,0,0,90,0,0,0,
2020-09-30,6579,0,0,90,37124,0,0,0,90,0,0,0,
2020-10-05,6579,0,0,90,37124,0,0,0,90,0,0,0,
2020-10-06,6579,0,4,86,37124,0,0,0,90,0,0,0,
2020-10-07,6579,0,0,86,37124,0,0,0,86,0,0,0,
2020-10-08,6579,0,2,84,37124,0,0,0,86,0,0,0,
2020-10-12,6579,0,0,84,37124,0,0,0,84,0,0,0,
2020-10-13,6579,0,0,84,37124,0,0,0,84,0,0,0,
2020-10-14,6579,0,0,84,37124,0,0,0,84,0,0,0,
2020-10-15,6579,1,0,85,37124,0,0,0,84,0,0,0,
2020-10-16,6579,5,1,89,37124,0,0,0,85,0,0,0,
2020-10-19,6579,0,0,89,37124,0,0,0,89,0,0,0,
2020-10-20,6579,0,0,89,37124,0,0,0,89,0,0,0,
2020-10-21,6579,0,0,89,37124,0,0,0,89,0,0,0,
2020-10-22,6579,0,1,88,37124,0,0,0,89,0,0,0,
2020-10-23,6579,0,0,88,37124,0,0,0,88,0,0,0,
2020-10-26,6579,0,1,87,37124,0,0,0,88,0,0,0,
2020-10-27,6579,0,0,87,37124,0,0,0,87,0,0,0,
2020-10-28,6579,0,0,87,37124,0,0,0,87,0,0,0,
2020-10-29,6579,0,0,87,37124,0,0,0,87,0,0,0,
2020-10-30,6579,0,0,87,37124,0,0,0,87,0,0,0,
2020-11-02,6579,0,2,85,37124,0,0,0,87,0,0,0,
2020-11-03,6579,0,0,85,37124,0,0,0,85,0,0,0,
2020-11-04,6579,0,0,85,37124,0,0,0,85,0,0,0,
2020-11-05,6579,1,0,86,37124,0,0,0,85,0,0,0,
2020-11-06,6579,0,2,84,37124,0,0,0,86,0,0,0,
2020-11-09,6579,0,3,81,37124,0,0,0,84,0,0,0,
2020-11-10,6579,1,3,79,37124,0,0,0,81,0,0,0,
2020-11-11,6579,0,0,79,37124,0,0,0,79,0,0,0,
2020-11-12,6579,0,0,79,37124,0,0,0,79,0,0,0,
2020-11-13,6579,0,0,79,37124,0,0,0,79,0,0,0,
2020-11-16,6579,0,0,79,37124,0,0,0,79,0,0,0,
2020-11-17,6579,0,0,79,37124,0,0,0,79,0,0,0,
2020-11-18,6579,0,0,79,37124,0,0,0,79,0,0,0,
2020-11-19,6579,0,5,74,37124,0,0,0,79,0,0,0,
2020-11-20,6579,0,0,74,37124,0,0,0,74,0,0,0,
2020-11-23,6579,0,0,74,37124,0,0,0,74,0,0,0,
2020-11-24,6579,0,0,74,37124,0,0,0,74,0,0,0,
2020-11-25,6579,3,1,76,37124,0,0,0,74,0,0,0,
2020-11-26,6579,5,0,81,37124,0,0,0,76,0,0,0,
2020-11-27,6579,37,3,115,37124,0,0,0,81,0,0,0,
2020-11-30,6579,1,18,98,37124,0,0,0,115,0,0,0,
2020-12-01,6579,1,6,93,37124,0,0,0,98,0,0,0,
2020-12-02,6579,0,6,87,37124,0,0,0,93,0,0,0,
2020-12-03,6579,5,1,91,37124,0,0,0,87,0,0,0,
2020-12-04,6579,0,1,90,37124,0,0,0,91,0,0,0,
2020-12-07,6579,1,3,88,37124,0,0,0,90,0,0,0,
2020-12-08,6579,0,2,86,37124,0,0,0,88,0,0,0,
2020-12-09,6579,0,0,86,37124,0,0,0,86,0,0,0,
2020-12-10,6579,0,1,85,37124,0,0,0,86,0,0,0,
2020-12-11,6579,0,0,85,37124,0,0,0,85,0,0,0,
2020-12-14,6579,0,0,85,37124,0,0,0,85,0,0,0,
2020-12-15,6579,0,1,84,37124,0,0,0,85,0,0,0,
2020-12-16,6579,0,12,72,37124,0,0,0,84,0,0,0,
2020-12-17,6579,0,0,72,37124,0,0,0,72,0,0,0,
2020-12-18,6579,0,5,67,37124,0,0,0,72,0,0,0,
2020-12-21,6579,0,6,61,37124,0,0,0,67,0,0,0,
2020-12-22,6579,0,2,59,37124,0,0,0,61,0,0,0,
2020-12-23,6579,2,3,58,37124,0,0,0,59,0,0,0,
2020-12-24,6579,2,1,59,37124,0,0,0,58,0,0,0,
2020-12-25,6579,0,0,59,37124,0,0,0,59,0,0,0,
2020-12-28,6579,3,5,57,37124,0,0,0,59,0,0,0,
2020-12-29,6579,1,3,55,37124,0,0,0,57,0,0,0,
2020-12-30,6579,0,0,55,37124,0,0,0,55,0,0,0,
2020-12-31,6579,0,3,52,37124,0,0,0,55,0,0,0,
2021-01-04,6579,1,0,53,37124,0,0,0,52,0,0,0,
2021-01-05,6579,0,0,53,37124,0,0,0,53,0,0,0,
2021-01-06,6579,0,2,51,37124,0,0,0,53,0,0,0,
2021-01-07,6579,0,1,50,37124,0,0,0,51,0,0,0,
2021-01-08,6579,1,1,50,37124,0,0,0,50,0,0,0,
2021-01-11,6579,0,0,50,37124,0,0,0,50,0,0,0,
2021-01-12,6579,5,2,53,37124,0,0,0,50,0,0,0,
2021-01-13,6579,0,3,50,37124,0,0,0,53,0,0,0,
2021-01-14,6579,1,0,51,37124,0,0,0,50,0,0,0,
2021-01-15,6579,0,0,51,37124,0,0,0,51,0,0,0,
2021-01-18,6579,0,2,49,37124,0,0,0,51,0,0,0,
2021-01-19,6579,0,1,48,37124,0,0,0,49,0,0,0,
2021-01-20,6579,0,0,48,37124,0,0,0,48,0,0,0,
2021-01-21,6579,0,0,48,37124,0,0,0,48,0,0,0,
2021-01-22,6579,0,1,47,37124,0,0,0,48,0,0,0,
2021-01-25,6579,0,0,47,37124,0,0,0,47,0,0,0,
2021-01-26,6579,0,0,47,37124,0,0,0,47,0,0,0,
2021-01-27,6579,0,0,47,37124,0,0,0,47,0,0,0,
2021-01-28,6579,0,0,47,37124,0,0,0,47,0,0,0,
2021-01-29,6579,0,0,47,37124,0,0,0,47,0,0,0,
2021-02-01,6579,0,0,47,37124,0,0,0,47,0,0,0,
2021-02-02,6579,0,0,47,37124,0,0,0,47,0,0,0,
2021-02-03,6579,0,0,47,37124,0,0,0,47,0,0,0,
2021-02-04,6579,0,0,47,37124,0,0,0,47,0,0,0,
2021-02-05,6579,0,0,47,37124,0,0,0,47,0,0,0,
2021-02-17,6579,0,0,47,37124,0,0,0,47,0,0,0,
2021-02-18,6579,1,0,48,37124,0,0,0,47,0,0,0,
2021-02-19,6579,0,0,48,37124,0,0,0,48,0,0,0,
2021-02-22,6579,0,0,48,37124,0,0,0,48,0,0,0,
2021-02-23,6579,6,0,54,37124,0,0,0,48,0,0,0,
2021-02-24,6579,2,0,56,37124,0,0,0,54,0,0,0,
2021-02-25,6579,0,0,56,37124,0,0,0,56,0,0,0,
2021-02-26,6579,2,1,56,37124,0,0,0,56,1,0,0,
2021-03-02,6579,0,0,56,37124,0,0,0,56,0,0,0,
2021-03-03,6579,0,1,55,37124,0,0,0,56,0,0,0,
2021-03-04,6579,0,0,55,37124,0,0,0,55,0,0,0,
2021-03-05,6579,0,0,55,37124,0,0,0,55,0,0,0,
2021-03-08,6579,0,1,54,37124,0,0,0,55,0,0,0,
2021-03-09,6579,1,1,54,37124,0,0,0,54,0,0,0,
2021-03-10,6579,0,0,54,37124,0,0,0,54,0,0,0,
2021-03-11,6579,1,0,55,37124,0,0,0,54,0,0,0,
2021-03-12,6579,0,0,55,37124,0,0,0,55,0,0,0,
2021-03-15,6579,0,0,55,37124,0,0,0,55,0,0,0,
2021-03-16,6579,0,4,51,37124,0,0,0,55,0,0,0,
2021-03-17,6579,0,0,51,37124,0,0,0,51,0,0,0,
2021-03-18,6579,2,0,53,37124,0,0,0,51,0,0,0,
2021-03-19,6579,1,0,54,37124,0,0,0,53,0,0,0,X
2021-03-22,6579,0,2,52,37124,0,0,0,54,0,0,0,X
2021-03-23,6579,0,0,52,37124,0,0,0,52,0,0,0,X
2021-03-24,6579,0,0,52,37124,0,0,0,52,0,0,0,X
2021-03-25,6579,1,0,53,37124,0,0,0,52,0,0,0,
2021-03-26,6579,0,0,53,37124,0,0,0,53,0,0,0,
2021-03-29,6579,3,0,56,37124,0,0,0,53,0,0,0,
2021-03-30,6579,7,0,63,37124,0,0,0,56,0,0,0,
2021-03-31,6579,3,0,66,37124,0,0,0,63,0,0,0,
2021-04-01,6579,1,0,67,37124,0,0,0,66,0,0,0,
2021-04-06,6579,1,0,68,37124,0,0,0,67,0,0,0,
2021-04-07,6579,2,0,70,37124,0,0,0,68,0,0,0,
2021-04-08,6579,7,0,77,37124,0,0,0,70,0,0,0,
2021-04-09,6579,3,5,75,37124,0,0,0,77,0,0,0,
2021-04-12,6579,4,6,73,37124,0,0,0,75,0,0,0,
2021-04-13,6579,9,2,80,37124,0,0,0,73,0,0,0,
2021-04-14,6579,2,5,77,37124,0,0,0,80,0,0,0,
2021-04-15,6579,1,0,78,37124,0,0,0,77,0,0,0,
2021-04-16,6579,0,1,77,37124,0,0,0,78,0,0,0,
2021-04-19,6579,0,2,75,37124,0,0,0,77,0,0,0,
2021-04-20,6579,1,3,73,37124,0,0,0,75,0,0,0,
2021-04-21,6579,1,2,72,37124,0,0,0,73,0,0,0,
2021-04-22,6579,1,13,60,37124,0,0,0,72,0,0,0,
2021-04-23,6579,2,2,60,37124,0,0,0,60,0,0,0,
2021-04-26,6579,6,2,64,37124,0,0,0,60,0,0,0,
2021-04-27,6579,3,5,62,37124,0,0,0,64,0,0,0,
2021-04-28,6579,0,1,61,37124,0,0,0,62,0,0,0,
2021-04-29,6579,1,5,57,37124,0,0,0,61,0,0,0,
2021-05-03,6579,0,7,50,37124,0,0,0,57,0,0,0,
2021-05-04,6579,1,0,51,37124,0,0,0,50,0,0,0,
2021-05-05,6579,0,0,51,37124,0,0,0,51,0,0,0,
2021-05-06,6579,0,0,51,37124,0,0,0,51,0,0,0,
2021-05-07,6579,0,0,51,37124,0,0,0,51,0,0,0,
2021-05-10,6579,0,0,51,37124,0,0,0,51,0,0,0,
2021-05-11,6579,1,12,40,37124,0,0,0,51,0,0,0,
2021-05-12,6579,0,2,38,37124,0,0,0,40,0,0,0,
2021-05-13,6579,2,0,40,37124,0,0,0,38,0,0,0,
2021-05-14,6579,2,0,42,37124,0,0,0,40,0,0,0,
2021-05-17,6579,0,0,42,37124,0,0,0,42,0,0,0,
2021-05-18,6579,2,0,44,37124,0,0,0,42,0,0,0,
2021-05-19,6579,0,0,44,37124,0,0,0,44,0,0,0,
2021-05-20,6579,0,0,44,37124,0,0,0,44,0,0,0,
2021-05-21,6579,0,0,44,37124,0,0,0,44,0,0,0,
2021-05-24,6579,0,0,44,37124,0,0,0,44,0,0,0,
2021-05-25,6579,0,0,44,37124,0,0,0,44,0,0,0,
2021-05-26,6579,0,0,44,37124,0,0,0,44,0,0,0,
2021-05-27,6579,0,0,44,37124,0,0,0,44,0,0,0,
2021-05-28,6579,0,0,44,37124,0,0,0,44,0,0,0,
2021-05-31,6579,0,0,44,37124,0,0,0,44,0,0,0,
2021-06-01,6579,0,0,44,37124,0,0,0,44,0,0,0,
2021-06-02,6579,0,0,44,37124,0,0,0,44,0,0,0,
2021-06-03,6579,0,0,44,37124,0,0,0,44,0,0,0,
2021-06-04,6579,1,0,45,37124,0,0,0,44,0,0,0,
2021-06-07,6579,0,0,45,37124,0,0,0,45,0,0,0,
2021-06-08,6579,0,0,45,37124,0,0,0,45,0,0,0,
2021-06-09,6579,0,0,45,37124,0,0,0,45,0,0,0,
2021-06-10,6579,0,0,45,37124,0,0,0,45,0,0,0,
2021-06-11,6579,0,0,45,37124,0,0,0,45,0,0,0,
2021-06-15,6579,0,0,45,37124,0,0,0,45,0,0,0,
2021-06-16,6579,0,0,45,37124,0,0,0,45,0,0,0,
2021-06-17,6579,0,0,45,37124,0,0,0,45,0,0,0,
2021-06-18,6579,0,0,45,37124,0,0,0,45,0,0,0,
2021-06-21,6579,0,5,40,37124,0,0,0,45,0,0,0,
2021-06-22,6579,0,0,40,37124,0,0,0,40,0,0,0,
2021-06-23,6579,0,0,40,37124,0,0,0,40,0,0,0,
2021-06-24,6579,0,0,40,37124,0,0,0,40,0,0,0,
2021-06-25,6579,0,1,39,37124,0,0,0,40,0,0,0,
2021-06-28,6579,0,0,39,37124,0,0,0,39,0,0,0,
2021-06-29,6579,0,0,39,37124,0,0,0,39,0,0,0,
2021-06-30,6579,0,0,39,37124,0,0,0,39,0,0,0,
2021-07-01,6579,0,0,39,37124,0,0,0,39,0,0,0,
2021-07-02,6579,0,2,37,37124,0,0,0,39,0,0,0,
2021-07-05,6579,0,0,37,37124,0,0,0,37,0,0,0,
2021-07-06,6579,0,0,37,37124,0,0,0,37,0,0,0,
2021-07-07,6579,1,0,37,37124,0,0,0,37,1,0,0,
2021-07-08,6579,0,0,37,37124,0,0,0,37,0,0,0,
2021-07-09,6579,0,0,37,37124,0,0,0,37,0,0,0,
2021-07-12,6579,1,1,37,37124,0,0,0,37,0,0,0,
2021-07-13,6579,0,0,37,37124,0,0,0,37,0,0,0,
2021-07-14,6579,0,0,37,37124,0,0,0,37,0,0,0,
2021-07-15,6579,0,0,37,37124,0,0,0,37,0,0,0,
2021-07-16,6579,0,0,37,37124,0,0,0,37,0,0,0,
2021-07-19,6579,1,0,38,37124,0,0,0,37,0,0,0,X
2021-07-20,6579,0,0,37,37124,0,0,0,38,1,0,0,X
2021-07-21,6579,1,0,38,37124,0,0,0,37,0,0,0,X
2021-07-22,6579,1,0,39,37124,0,0,0,38,0,0,0,X
2021-07-23,6579,0,6,33,37124,0,0,0,39,0,0,0,
2021-07-26,6579,1,0,34,37124,0,0,0,33,0,0,0,
2021-07-27,6579,0,1,33,37124,0,0,0,34,0,0,0,
2021-07-28,6579,0,0,33,37124,0,0,0,33,0,0,0,
2021-07-29,6579,0,1,32,37124,0,0,0,33,0,0,0,
2021-07-30,6579,0,0,31,37124,0,0,0,32,1,0,0,
2021-08-02,6579,0,0,31,37124,0,0,0,31,0,0,0,
2021-08-03,6579,0,0,31,37124,0,0,0,31,0,0,0,
2021-08-04,6579,0,0,31,37124,0,0,0,31,0,0,0,
2021-08-05,6579,0,0,31,37124,0,0,0,31,0,0,0,
2021-08-06,6579,0,1,30,37124,0,0,0,31,0,0,0,
2021-08-09,6579,0,0,30,37124,0,0,0,30,0,0,0,
2021-08-10,6579,0,4,26,37124,0,0,0,30,0,0,0,
2021-08-11,6579,0,0,26,37124,0,0,0,26,0,0,0,
2021-08-12,6579,0,0,26,37124,0,0,0,26,0,0,0,
2021-08-13,6579,0,0,26,37124,0,0,0,26,0,0,0,
2021-08-16,6579,0,1,25,37124,0,0,0,26,0,0,0,
2021-08-17,6579,0,1,24,37124,0,0,0,25,0,0,0,
2021-08-18,6579,0,3,21,37124,0,0,0,24,0,0,0,
2021-08-19,6579,0,0,21,37124,0,0,0,21,0,0,0,
2021-08-20,6579,0,0,21,37124,0,0,0,21,0,0,0,
2021-08-23,6579,0,1,20,37124,0,0,0,21,0,0,0,
2021-08-24,6579,0,0,20,37124,0,0,0,20,0,0,0,
2021-08-25,6579,0,0,20,37124,0,0,0,20,0,0,0,
2021-08-26,6579,0,0,20,37124,0,0,0,20,0,0,0,
2021-08-27,6579,0,0,20,37124,0,0,0,20,0,0,0,
2021-08-30,6579,0,0,20,37124,0,0,0,20,0,0,0,
2021-08-31,6579,0,0,20,37124,0,0,0,20,0,0,0,
2021-09-01,6579,0,0,20,37124,0,0,0,20,0,0,0,
2021-09-02,6579,0,0,20,37124,0,0,0,20,0,0,0,
2021-09-03,6579,0,0,20,37124,0,0,0,20,0,0,0,
2021-09-06,6579,0,0,20,37124,0,0,0,20,0,0,0,
2021-09-07,6579,0,0,20,37124,0,0,0,20,0,0,0,
2021-09-08,6579,0,0,20,37124,0,0,0,20,0,0,0,
2021-09-09,6579,0,0,20,37124,0,0,0,20,0,0,0,
2021-09-10,6579,1,0,21,37124,0,0,0,20,0,0,0,
2021-09-13,6579,0,0,21,37124,0,0,0,21,0,0,0,
2021-09-14,6579,0,0,21,37124,0,0,0,21,0,0,0,
2021-09-15,6579,0,0,21,37124,0,0,0,21,0,0,0,
2021-09-16,6579,0,1,20,37124,0,0,0,21,0,0,0,
2021-09-17,6579,0,0,20,37124,0,0,0,20,0,0,0,
2021-09-22,6579,1,0,21,37124,0,0,0,20,0,0,0,
2021-09-23,6579,0,0,21,37124,0,0,0,21,0,0,0,
2021-09-24,6579,0,0,21,37124,0,0,0,21,0,0,0,
2021-09-27,6579,0,0,21,37124,0,0,0,21,0,0,0,
2021-09-28,6579,0,0,21,37124,0,0,0,21,0,0,0,
2021-09-29,6579,0,1,20,37124,0,0,0,21,0,0,0,
2021-09-30,6579,0,0,20,37124,0,0,0,20,0,0,0,
2021-10-01,6579,0,0,20,37124,0,0,0,20,0,0,0,
2021-10-04,6579,0,0,20,37124,0,0,0,20,0,0,0,
2021-10-05,6579,0,0,17,37124,0,0,0,20,3,0,0,
2021-10-06,6579,0,0,17,37124,0,0,0,17,0,0,0,
2021-10-07,6579,1,0,18,37124,0,0,0,17,0,0,0,
2021-10-08,6579,0,0,18,37124,0,0,0,18,0,0,0,
2021-10-12,6579,0,0,18,37124,0,0,0,18,0,0,0,
2021-10-13,6579,0,0,17,37124,0,0,0,18,1,0,0,
2021-10-14,6579,0,0,17,37124,0,0,0,17,0,0,0,
2021-10-15,6579,0,0,17,37124,0,0,0,17,0,0,0,
2021-10-18,6579,1,1,17,37124,0,0,0,17,0,0,0,
2021-10-19,6579,8,8,17,37124,0,0,0,17,0,0,0,
2021-10-20,6579,0,0,17,37124,0,0,0,17,0,0,0,
2021-10-21,6579,0,0,17,37124,0,0,0,17,0,0,0,
2021-10-22,6579,0,1,16,37124,0,0,0,17,0,0,0,
2021-10-25,6579,1,0,17,37124,0,0,0,16,0,0,0,
2021-10-26,6579,0,1,16,37124,0,0,0,17,0,0,0,
2021-10-27,6579,0,0,16,37124,0,0,0,16,0,0,0,
2021-10-28,6579,0,0,16,37124,0,0,0,16,0,0,0,
2021-10-29,6579,0,0,16,37124,0,0,0,16,0,0,0,
2021-11-01,6579,0,0,16,37124,0,0,0,16,0,0,0,
2021-11-02,6579,0,0,16,37124,0,0,0,16,0,0,0,
2021-11-03,6579,0,0,16,37124,0,0,0,16,0,0,0,
2021-11-04,6579,0,0,16,37124,0,0,0,16,0,0,0,
2021-11-05,6579,1,0,17,37124,0,0,0,16,0,0,0,
2021-11-08,6579,0,0,17,37124,0,0,0,17,0,0,0,
2021-11-09,6579,0,0,17,37124,0,0,0,17,0,0,0,
2021-11-10,6579,0,0,17,37124,0,0,0,17,0,0,0,
2021-11-11,6579,0,0,17,37124,0,0,0,17,0,0,0,
2021-11-12,6579,0,1,16,37124,0,0,0,17,0,0,0,
2021-11-15,6579,0,0,16,37124,0,0,0,16,0,0,0,
2021-11-16,6579,0,0,16,37124,0,0,0,16,0,0,0,
2021-11-17,6579,2,0,18,37124,0,0,0,16,0,0,0,
2021-11-18,6579,0,0,18,37124,0,0,0,18,0,0,0,
2021-11-19,6579,0,0,18,37124,0,0,0,18,0,0,0,
2021-11-22,6579,0,0,18,37124,0,0,0,18,0,0,0,
2021-11-23,6579,0,0,18,37124,0,0,0,18,0,0,0,
2021-11-24,6579,0,0,18,37124,0,0,0,18,0,0,0,
2021-11-25,6579,0,0,18,37124,0,0,0,18,0,0,0,
2021-11-26,6579,0,0,18,37124,0,0,0,18,0,0,0,
2021-11-29,6579,0,0,18,37124,0,0,0,18,0,0,0,
2021-11-30,6579,0,0,18,37124,0,0,0,18,0,0,0,
2021-12-01,6579,0,0,18,37124,0,0,0,18,0,0,0,
2021-12-02,6579,0,0,18,37124,0,0,0,18,0,0,0,
2021-12-03,6579,0,0,18,37124,0,0,0,18,0,0,0,
2021-12-06,6579,0,0,18,37124,0,0,0,18,0,0,0,
2021-12-07,6579,3,0,21,37124,0,0,0,18,0,0,0,
2021-12-08,6579,2,1,22,37124,0,0,0,21,0,0,0,
2021-12-09,6579,2,0,24,37124,0,0,0,22,0,0,0,
2021-12-10,6579,0,0,24,37124,0,0,0,24,0,0,0,
2021-12-13,6579,0,0,24,37124,0,0,0,24,0,0,0,
2021-12-14,6579,0,0,24,37124,0,0,0,24,0,0,0,
2021-12-15,6579,0,0,24,37124,0,0,0,24,0,0,0,
2021-12-16,6579,1,0,25,37124,0,0,0,24,0,0,0,
2021-12-17,6579,0,0,25,37124,0,0,0,25,0,0,0,
2021-12-20,6579,0,0,25,37124,0,0,0,25,0,0,0,
2021-12-21,6579,0,2,23,37124,0,0,0,25,0,0,0,
2021-12-22,6579,0,0,23,37124,0,0,0,23,0,0,0,
2021-12-23,6579,0,0,23,37124,0,0,0,23,0,0,0,
2021-12-24,6579,1,1,23,37124,0,0,0,23,0,0,0,
2021-12-27,6579,0,1,22,37124,0,0,0,23,0,0,0,
2021-12-28,6579,3,0,25,37124,0,0,0,22,0,0,0,
2021-12-29,6579,2,1,26,37124,0,0,0,25,0,0,0,
2021-12-30,6579,1,2,25,37124,0,0,0,26,0,0,0,
2022-01-03,6579,5,1,29,37124,0,0,0,25,0,0,0,
2022-01-04,6579,1,0,30,37124,0,0,0,29,0,0,0,
2022-01-05,6579,1,0,31,37124,0,0,0,30,0,0,0,
2022-01-06,6579,0,0,31,37124,0,0,0,31,0,0,0,
2022-01-07,6579,21,2,50,37124,0,0,0,31,0,0,0,
2022-01-10,6579,49,7,92,37124,0,0,0,50,0,0,0,
2022-01-11,6579,20,11,101,37124,0,0,0,92,0,0,0,
2022-01-12,6579,0,28,73,37124,0,0,0,101,0,0,0,
2022-01-13,6579,0,0,73,37154,0,0,0,73,0,0,0,
2022-01-14,6579,0,1,72,37154,0,0,0,73,0,0,0,
2022-01-17,6579,0,0,72,37154,0,0,0,72,0,0,0,
2022-01-18,6579,0,9,63,37154,0,0,0,72,0,0,0,
2022-01-19,6579,0,2,61,37154,0,0,0,63,0,0,0,
2022-01-20,6579,0,0,61,37154,0,0,0,61,0,0,0,
2022-01-21,6579,0,6,55,37154,0,0,0,61,0,0,0,
2022-01-24,6579,0,0,55,37154,0,0,0,55,0,0,0,
2022-01-25,6579,0,1,54,37154,0,0,0,55,0,0,0,
2022-01-26,6579,2,1,55,37154,0,0,0,54,0,0,0,
2022-02-07,6579,2,0,57,37154,0,0,0,55,0,0,0,
2022-02-08,6579,0,0,57,37154,0,0,0,57,0,0,0,
2022-02-09,6579,0,0,57,37154,0,0,0,57,0,0,0,
2022-02-10,6579,2,3,56,37154,0,0,0,57,0,0,0,
2022-02-11,6579,0,0,56,37154,0,0,0,56,0,0,0,
2022-02-14,6579,5,2,59,37161,0,0,0,56,0,0,0,
2022-02-15,6579,2,0,61,37161,0,0,0,59,0,0,0,
2022-02-16,6579,1,0,62,37161,0,0,0,61,0,0,0,
2022-02-17,6579,1,0,63,37161,0,0,0,62,0,0,0,
2022-02-18,6579,1,0,64,37161,0,0,0,63,0,0,0,
2022-02-21,6579,0,2,62,37161,0,0,0,64,0,0,0,
2022-02-22,6579,0,0,62,37161,0,0,0,62,0,0,0,
2022-02-23,6579,1,0,63,37161,0,0,0,62,0,0,0,
2022-02-24,6579,0,3,60,37161,0,0,0,63,0,0,0,
2022-02-25,6579,0,0,60,37161,0,0,0,60,0,0,0,
2022-03-01,6579,1,7,54,37161,0,0,0,60,0,0,0,
2022-03-02,6579,6,4,56,37161,0,0,0,54,0,0,0,
2022-03-03,6579,0,0,56,37161,0,0,0,56,0,0,0,
2022-03-04,6579,0,0,56,37161,0,0,0,56,0,0,0,
2022-03-07,6579,0,0,56,37161,0,0,0,56,0,0,0,
2022-03-08,6579,0,21,35,37161,0,0,0,56,0,0,0,
2022-03-09,6579,0,0,35,37161,0,0,0,35,0,0,0,
2022-03-10,6579,0,5,30,37161,0,0,0,35,0,0,0,
2022-03-11,6579,0,4,26,37161,0,0,0,30,0,0,0,
2022-03-14,6579,1,0,27,37161,0,0,0,26,0,0,0,
2022-03-15,6579,0,0,27,37161,0,0,0,27,0,0,0,
2022-03-16,6579,1,0,28,37161,0,0,0,27,0,0,0,
2022-03-17,6579,2,1,29,37161,0,0,0,28,0,0,0,
2022-03-18,6579,0,0,29,37161,0,0,0,29,0,0,0,X
2022-03-21,6579,0,0,29,37161,0,0,0,29,0,0,0,X
2022-03-22,6579,0,1,28,37161,0,0,0,29,0,0,0,X
2022-03-23,6579,0,0,28,37161,0,0,0,28,0,0,0,X
2022-03-24,6579,3,2,29,37161,0,0,0,28,0,0,0,
2022-03-25,6579,5,2,32,37161,0,0,0,29,0,0,0,
2022-03-28,6579,2,1,33,37161,0,0,0,32,0,0,0,
2022-03-29,6579,0,0,32,37161,0,0,0,33,1,0,0,
2022-03-30,6579,6,1,37,37161,0,0,0,32,0,0,0,
2022-03-31,6579,30,6,61,37161,0,0,0,37,0,0,0,
2022-04-01,6579,88,14,135,37161,0,0,0,61,0,0,0,
2022-04-06,6579,42,8,169,37161,0,0,0,135,0,0,0,
2022-04-07,6579,107,1,275,37161,0,0,0,169,0,0,0,
2022-04-08,6579,12,95,192,37161,0,0,0,275,0,0,0,
2022-04-11,6579,20,38,174,37161,0,0,0,192,0,0,0,
2022-04-12,6579,3,8,169,37161,0,0,0,174,0,0,0,
2022-04-13,6579,1,55,115,37161,0,0,0,169,0,0,0,
2022-04-14,6579,3,7,111,37163,0,0,0,115,0,0,0,
2022-04-15,6579,0,6,105,37163,0,0,0,111,0,0,0,
2022-04-18,6579,3,5,103,37163,0,0,0,105,0,0,0,
2022-04-19,6579,1,1,103,37163,0,0,0,103,0,0,0,
2022-04-20,6579,2,0,105,37163,0,0,0,103,0,0,0,
2022-04-21,6579,20,5,120,37163,0,0,0,105,0,0,0,
2022-04-22,6579,4,1,123,37163,0,0,0,120,0,0,0,
2022-04-25,6579,6,17,112,37163,0,0,0,123,0,0,0,
2022-04-26,6579,9,5,116,37163,0,0,0,112,0,0,0,
2022-04-27,6579,10,2,124,37163,0,0,0,116,0,0,0,
2022-04-28,6579,20,8,136,37163,0,0,0,124,0,0,0,
2022-04-29,6579,29,4,161,37163,0,1,1,136,0,0,0,
2022-05-03,6579,15,41,135,37163,1,0,0,161,0,1,0,
2022-05-04,6579,8,6,137,37163,0,0,0,135,0,0,0,
2022-05-05,6579,38,46,129,37163,0,1,1,137,0,0,0,
2022-05-06,6579,6,25,110,37163,0,0,1,129,0,1,0,
2022-05-09,6579,4,6,108,37163,1,0,0,110,0,1,0,
2022-05-10,6579,5,9,104,37163,0,0,0,108,0,0,0,
2022-05-11,6579,3,9,98,37163,0,0,0,104,0,0,0,
2022-05-12,6579,1,1,98,37163,0,0,0,98,0,0,0,
2022-05-13,6579,0,1,97,37163,0,0,0,98,0,0,0,
2022-05-16,6579,1,1,97,37163,0,0,0,97,0,0,0,
2022-05-17,6579,0,2,95,37163,0,0,0,97,0,0,0,
2022-05-18,6579,20,4,111,37163,0,0,0,95,0,0,0,
2022-05-19,6579,9,0,120,37163,0,0,0,111,0,0,0,
2022-05-20,6579,0,0,120,37163,0,0,0,120,0,0,0,
2022-05-23,6579,0,0,120,37163,0,0,0,120,0,0,0,
2022-05-24,6579,4,3,121,37163,0,0,0,120,0,0,0,
2022-05-25,6579,3,0,124,37163,0,0,0,121,0,0,0,
2022-05-26,6579,0,0,124,37163,0,0,0,124,0,0,0,
2022-05-27,6579,0,1,123,37163,0,0,0,124,0,0,0,
2022-05-30,6579,7,1,129,37163,0,0,0,123,0,0,0,
2022-05-31,6579,4,0,133,37163,0,0,0,129,0,0,0,
2022-06-01,6579,51,1,183,37163,0,0,0,133,0,0,0,
2022-06-02,6579,2,0,185,37163,0,0,0,183,0,0,0,
2022-06-06,6579,2,1,186,37163,0,0,0,185,0,0,0,
2022-06-07,6579,2,0,188,37163,0,0,0,186,0,0,0,
2022-06-08,6579,11,0,199,37163,0,0,0,188,0,0,0,
2022-06-09,6579,1,0,200,37163,0,0,0,199,0,0,0,
2022-06-10,6579,4,0,204,37163,0,0,0,200,0,0,0,
2022-06-13,6579,4,2,206,37163,0,0,0,204,0,0,0,
2022-06-14,6579,1,8,199,37181,0,0,0,206,0,0,0,
2022-06-15,6579,0,3,196,37181,0,0,0,199,0,0,0,
2022-06-16,6579,6,2,200,37181,0,0,0,196,0,0,0,
2022-06-17,6579,1,3,198,37181,0,0,0,200,0,0,0,X
2022-06-20,6579,0,2,196,37181,0,0,0,198,0,0,0,X
2022-06-21,6579,1,2,195,37181,0,0,0,196,0,0,0,X
2022-06-22,6579,0,1,194,37181,0,0,0,195,0,0,0,X
2022-06-23,6579,21,5,210,37181,0,0,0,194,0,0,0,
2022-06-24,6579,4,17,197,37181,0,0,0,210,0,0,0,
2022-06-27,6579,1,9,189,37181,0,0,0,197,0,0,0,
2022-06-28,6579,0,0,189,37181,0,0,0,189,0,0,0,
2022-06-29,6579,8,1,196,37181,0,0,0,189,0,0,0,
2022-06-30,6579,4,0,200,37181,0,0,0,196,0,0,0,
2022-07-01,6579,378,5,573,37181,0,0,0,200,0,0,0,
2022-07-04,6579,24,25,572,37181,0,1,1,573,0,0,0,
2022-07-05,6579,7,13,566,37181,0,0,1,572,0,1,0,
2022-07-06,6579,1,3,564,37181,1,0,0,566,0,1,0,
2022-07-07,6579,0,3,561,37181,0,0,0,564,0,0,0,
2022-07-08,6579,21,2,580,37181,0,0,0,561,0,0,0,
2022-07-11,6579,0,1,579,37181,0,0,0,580,0,0,0,
2022-07-12,6579,2,0,581,37181,0,0,0,579,0,0,0,
2022-07-13,6579,1,3,579,37181,0,0,0,581,0,0,0,
2022-07-14,6579,0,0,579,37184,0,0,0,579,0,0,0,
2022-07-15,6579,0,0,579,37184,0,0,0,579,0,0,0,
2022-07-18,6579,1,0,580,37184,0,0,0,579,0,0,0,
2022-07-19,6579,0,0,580,37184,0,0,0,580,0,0,0,
2022-07-20,6579,0,0,580,37184,0,0,0,580,0,0,0,
2022-07-21,6579,0,0,580,37184,0,0,0,580,0,0,0,
2022-07-22,6579,0,0,580,37184,0,0,0,580,0,0,0,
2022-07-25,6579,0,0,580,37184,0,0,0,580,0,0,0,
2022-07-26,6579,0,1,579,37184,0,0,0,580,0,0,0,
2022-07-27,6579,0,0,579,37184,0,0,0,579,0,0,0,
2022-07-28,6579,0,1,578,37184,0,0,0,579,0,0,0,
2022-07-29,6579,0,0,578,37184,0,0,0,578,0,0,0,
2022-08-01,6579,0,1,577,37184,0,0,0,578,0,0,0,
2022-08-02,6579,13,1,589,37184,0,0,0,577,0,0,0,
2022-08-03,6579,4,3,590,37184,0,0,0,589,0,0,0,
2022-08-04,6579,65,20,635,37184,0,2,2,590,0,0,0,
2022-08-05,6579,551,60,1126,37184,2,5,5,635,0,2,0,
2022-08-08,6579,102,136,1092,37184,2,2,5,1126,0,5,0,
2022-08-09,6579,31,14,1109,37184,2,0,3,1092,0,5,0,
2022-08-10,6579,11,27,1093,37184,1,0,2,1109,0,3,0,
2022-08-11,6579,6,28,1071,37184,0,1,3,1093,0,2,0,
2022-08-12,6579,9,15,1065,37195,0,0,3,1071,0,3,0,
2022-08-15,6579,3,6,1062,37195,0,0,3,1065,0,3,0,
2022-08-16,6579,23,21,1064,37195,0,0,3,1062,0,3,0,
2022-08-17,6579,22,8,1078,37195,0,0,3,1064,0,3,0,
2022-08-18,6579,6,16,1068,37195,0,0,3,1078,0,3,0,
2022-08-19,6579,13,47,1034,37195,0,0,3,1068,0,3,0,
2022-08-22,6579,16,17,1033,37195,0,0,3,1034,0,3,0,
2022-08-23,6579,5,6,1032,37195,1,0,2,1033,0,3,0,
2022-08-24,6579,7,2,1037,37195,0,0,2,1032,0,2,0,
2022-08-25,6579,6,22,1021,37195,0,0,2,1037,0,2,0,
2022-08-26,6579,8,6,1023,37195,0,1,3,1021,0,2,0,
2022-08-29,6579,4,7,1020,37195,2,0,1,1023,0,3,0,
2022-08-30,6579,4,1,1023,37195,0,0,1,1020,0,1,0,
2022-08-31,6579,4,11,1016,37195,0,0,1,1023,0,1,0,
2022-09-01,6579,0,7,1009,37195,0,0,1,1016,0,1,0,
2022-09-02,6579,6,7,1008,37195,0,0,1,1009,0,1,0,
2022-09-05,6579,12,14,1006,37195,0,0,1,1008,0,1,0,
2022-09-06,6579,12,19,999,37195,1,0,0,1006,0,1,0,
2022-09-07,6579,11,16,994,37195,0,0,0,999,0,0,0,
2022-09-08,6579,2,11,985,37195,0,0,0,994,0,0,0,
2022-09-12,6579,1,8,978,37195,0,0,0,985,0,0,0,
2022-09-13,6579,6,13,971,37195,0,0,0,978,0,0,0,
2022-09-14,6579,0,3,968,37256,0,0,0,971,0,0,0,
2022-09-15,6579,11,1,978,37256,0,0,0,968,0,0,0,
2022-09-16,6579,4,14,968,37256,0,0,0,978,0,0,0,
2022-09-19,6579,0,4,964,37256,0,0,0,968,0,0,0,
2022-09-20,6579,0,0,964,37256,0,0,0,964,0,0,0,
2022-09-21,6579,6,6,962,37256,0,0,0,964,2,0,0,
2022-09-22,6579,10,9,963,37256,0,0,0,962,0,0,0,
2022-09-23,6579,23,6,980,37256,0,0,0,963,0,0,0,
2022-09-26,6579,43,6,1017,37256,0,0,0,980,0,0,0,
2022-09-27,6579,0,17,1000,37256,0,0,0,1017,0,0,0,
2022-09-28,6579,30,10,1020,37256,0,0,0,1000,0,0,0,
2022-09-29,6579,0,24,995,37256,0,0,0,1020,1,0,0,
2022-09-30,6579,1,8,988,37256,0,0,0,995,0,0,0,
2022-10-03,6579,2,4,986,37256,0,0,0,988,0,0,0,
2022-10-04,6579,8,5,989,37256,0,0,0,986,0,0,0,
2022-10-05,6579,0,25,964,37256,0,0,0,989,0,0,0,
2022-10-06,6579,3,0,967,37256,0,0,0,964,0,0,0,
2022-10-07,6579,3,34,936,37256,0,0,0,967,0,0,0,
2022-10-11,6579,24,5,955,37256,0,0,0,936,0,0,0,
2022-10-12,6579,1,5,951,37256,0,0,0,955,0,0,0,
2022-10-13,6579,5,4,952,37256,0,0,0,951,0,0,0,
2022-10-14,6579,0,15,937,37270,0,0,0,952,0,0,0,
2022-10-17,6579,0,5,932,37270,0,0,0,937,0,0,0,
2022-10-18,6579,0,5,927,37270,0,0,0,932,0,0,0,
2022-10-19,6579,5,0,932,37270,0,0,0,927,0,0,0,
2022-10-20,6579,15,3,944,37270,0,0,0,932,0,0,0,
2022-10-21,6579,17,11,950,37270,0,0,0,944,0,0,0,
2022-10-24,6579,30,22,958,37270,0,0,0,950,0,0,0,
2022-10-25,6579,2,1,939,37270,0,0,0,958,20,0,0,
2022-10-26,6579,1,12,898,37270,0,0,0,939,30,0,0,
2022-10-27,6579,0,4,894,37270,0,0,0,898,0,0,0,
2022-10-28,6579,10,0,904,37270,0,0,0,894,0,0,0,
2022-10-31,6579,11,14,901,37270,0,0,0,904,0,0,0,
2022-11-01,6579,1,4,898,37270,0,0,0,901,0,0,0,
2022-11-02,6579,0,0,898,37270,0,0,0,898,0,0,0,
2022-11-03,6579,11,15,894,37270,0,0,0,898,0,0,0,
2022-11-04,6579,6,10,890,37270,0,0,0,894,0,0,0,
2022-11-07,6579,6,5,891,37270,0,0,0,890,0,0,0,
2022-11-08,6579,4,21,874,37270,0,0,0,891,0,0,0,
2022-11-09,6579,3,9,868,37270,0,0,0,874,0,0,0,
2022-11-10,6579,0,7,861,37270,0,0,0,868,0,0,0,
2022-11-11,6579,5,32,834,37270,0,0,0,861,0,0,0,
2022-11-14,6579,0,0,834,37278,0,0,0,834,0,0,0,
2022-11-15,6579,2,2,834,37278,0,0,0,834,0,0,0,
2022-11-16,6579,6,3,837,37278,0,0,0,834,0,0,0,
2022-11-17,6579,13,18,832,37278,0,0,0,837,0,0,0,
2022-11-18,6579,11,7,835,37278,0,0,0,832,1,0,0,
2022-11-21,6579,15,12,838,37278,0,0,0,835,0,0,0,
2022-11-22,6579,6,18,826,37278,0,0,0,838,0,0,0,
2022-11-23,6579,10,15,821,37278,0,0,0,826,0,0,0,
2022-11-24,6579,8,31,798,37278,0,0,0,821,0,0,0,
2022-11-25,6579,30,17,811,37278,0,0,0,798,0,0,0,
2022-11-28,6579,26,8,829,37278,0,0,0,811,0,0,0,
2022-11-29,6579,6,11,824,37278,0,0,0,829,0,0,0,
2022-11-30,6579,6,0,830,37278,0,0,0,824,0,0,0,
2022-12-01,6579,9,17,822,37278,0,0,0,830,0,0,0,
2022-12-02,6579,3,3,822,37278,0,0,0,822,0,0,0,
2022-12-05,6579,4,6,820,37278,0,0,0,822,0,0,0,
2022-12-06,6579,6,14,812,37278,0,0,0,820,0,0,0,
2022-12-07,6579,48,14,846,37278,0,0,0,812,0,0,0,
2022-12-08,6579,5,71,780,37278,0,1,1,846,0,0,0,
2022-12-09,6579,14,5,789,37278,1,0,0,780,0,1,0,
2022-12-12,6579,10,9,790,37278,0,0,0,789,0,0,0,
2022-12-13,6579,0,9,781,37278,0,0,0,790,0,0,0,
2022-12-14,6579,5,18,768,37290,0,0,0,781,0,0,0,
2022-12-15,6579,8,27,749,37290,0,1,1,768,0,0,0,
2022-12-16,6579,4,22,731,37290,0,0,1,749,0,1,0,
2022-12-19,6579,3,15,719,37290,0,3,4,731,0,1,0,
2022-12-20,6579,13,27,705,37290,4,0,0,719,0,4,0,
2022-12-21,6579,9,22,692,37290,0,0,0,705,0,0,0,
2022-12-22,6579,6,6,692,37290,0,0,0,692,0,0,0,
2022-12-23,6579,1,2,691,37290,0,0,0,692,0,0,0,
2022-12-26,6579,1,1,691,37290,0,0,0,691,0,0,0,
2022-12-27,6579,5,56,640,37290,0,0,0,691,0,0,0,
2022-12-28,6579,13,9,644,37290,0,0,0,640,0,0,0,
2022-12-29,6579,3,5,642,37290,0,0,0,644,0,0,0,
2022-12-30,6579,1,12,631,37290,0,0,0,642,0,0,0,
2023-01-03,6579,20,3,648,37290,0,0,0,631,0,0,0,
2023-01-04,6579,3,7,644,37290,0,0,0,648,0,0,0,
2023-01-05,6579,5,22,626,37290,0,0,0,644,1,0,0,
2023-01-06,6579,6,15,616,37290,0,0,0,626,1,0,0,
2023-01-09,6579,20,21,615,37290,0,0,0,616,0,0,0,
2023-01-10,6579,1,3,613,37290,0,0,0,615,0,0,0,
2023-01-11,6579,0,12,601,37290,0,0,0,613,0,0,0,
2023-01-12,6579,1,4,598,37290,0,0,0,601,0,0,0,
2023-01-13,6579,0,0,598,37306,0,0,0,598,0,0,0,
2023-01-16,6579,1,0,599,37306,0,0,0,598,0,0,0,
2023-01-17,6579,0,13,586,37306,0,0,0,599,0,0,0,
2023-01-30,6579,8,3,591,37306,0,0,0,586,0,0,0,
2023-01-31,6579,20,4,607,37306,0,0,0,591,0,0,0,
2023-02-01,6579,1,5,603,37306,0,0,0,607,0,0,0,
2023-02-02,6579,0,17,586,37306,0,0,0,603,0,0,0,
2023-02-03,6579,1,0,587,37306,0,0,0,586,0,0,0,
2023-02-06,6579,0,1,586,37306,0,0,0,587,0,0,0,
2023-02-07,6579,4,0,590,37306,0,0,0,586,0,0,0,
2023-02-08,6579,4,0,594,37306,0,0,0,590,0,0,0,
2023-02-09,6579,13,1,606,37306,0,0,0,594,0,0,0,
2023-02-10,6579,2,3,605,37306,0,0,0,606,0,0,0,
2023-02-13,6579,11,0,616,37306,0,0,0,605,0,0,0,
2023-02-14,6579,1,8,608,37320,0,0,0,616,1,0,0,
2023-02-15,6579,6,8,606,37320,0,0,0,608,0,0,0,
2023-02-16,6579,7,1,612,37320,0,0,0,606,0,0,0,
2023-02-17,6579,1,0,613,37320,0,0,0,612,0,0,0,
2023-02-20,6579,52,4,661,37320,0,0,0,613,0,0,0,
2023-02-21,6579,3,9,655,37320,0,0,0,661,0,0,0,
2023-02-22,6579,22,9,668,37320,0,0,0,655,0,0,0,
2023-02-23,6579,4,4,668,37320,0,0,0,668,0,0,0,
2023-02-24,6579,36,8,696,37320,0,0,0,668,0,0,0,
2023-03-01,6579,79,21,754,37320,0,0,0,696,0,0,0,
2023-03-02,6579,23,15,762,37320,0,0,0,754,0,0,0,
2023-03-03,6579,88,23,827,37320,0,0,0,762,0,0,0,
2023-03-06,6579,17,14,830,37320,0,0,0,827,0,0,0,
2023-03-07,6579,43,18,855,37320,0,0,0,830,0,0,0,
2023-03-08,6579,0,10,845,37320,0,0,0,855,0,0,0,
2023-03-09,6579,19,39,825,37320,0,0,0,845,0,0,0,
2023-03-10,6579,6,35,796,37320,0,0,0,825,0,0,0,
2023-03-13,6579,12,6,802,37320,0,0,0,796,0,0,0,
2023-03-14,6579,4,16,790,37355,0,0,0,802,0,0,0,
2023-03-15,6579,6,4,792,37355,0,0,0,790,0,0,0,
2023-03-16,6579,1,5,788,37355,0,0,0,792,0,0,0,
2023-03-17,6579,8,0,796,37355,0,0,0,788,0,0,0,
2023-03-20,6579,19,1,814,37355,0,0,0,796,0,0,0,
2023-03-21,6579,1,1,814,37355,0,0,0,814,0,0,0,
2023-03-22,6579,18,2,830,37355,0,0,0,814,0,0,0,
2023-03-23,6579,132,25,937,37355,0,0,0,830,0,0,0,X
2023-03-24,6579,58,28,967,37355,0,0,0,937,0,0,0,X
2023-03-27,6579,21,35,953,37355,0,0,0,967,0,0,0,X
2023-03-28,6579,4,51,906,37355,0,0,0,953,0,0,0,X
2023-03-29,6579,23,1,928,37355,0,0,0,906,0,0,0,
2023-03-30,6579,399,405,922,37355,0,0,0,928,0,0,0,
2023-03-31,6579,49,66,905,37355,0,0,0,922,0,0,0,
2023-04-06,6579,7,1,911,37355,0,0,0,905,0,0,0,
2023-04-07,6579,46,23,934,37355,0,0,0,911,0,0,0,
2023-04-10,6579,19,4,949,37355,0,0,0,934,0,0,0,
2023-04-11,6579,7,0,956,37355,0,0,0,949,0,0,0,
2023-04-12,6579,8,1,963,37355,0,0,0,956,0,0,0,
2023-04-13,6579,1,3,961,37355,0,0,0,963,0,0,0,
2023-04-14,6579,0,11,950,37391,0,0,0,961,0,0,0,
2023-04-17,6579,1,2,949,37391,0,0,0,950,0,0,0,
2023-04-18,6579,0,2,947,37391,0,0,0,949,0,0,0,
2023-04-19,6579,9,13,943,37391,0,0,0,947,0,0,0,
2023-04-20,6579,3,12,927,37391,0,0,0,943,7,0,0,
2023-04-21,6579,11,14,924,37391,0,0,0,927,0,0,0,
2023-04-24,6579,3,8,919,37391,0,0,0,924,0,0,0,
2023-04-25,6579,2,0,921,37391,0,0,0,919,0,0,0,
2023-04-26,6579,0,6,915,37391,0,0,0,921,0,0,0,
2023-04-27,6579,0,2,913,37391,0,0,0,915,0,0,0,
2023-04-28,6579,0,0,913,37391,0,0,0,913,0,0,0,
2023-05-02,6579,4,0,917,37391,0,0,0,913,0,0,0,
2023-05-03,6579,0,0,917,37391,0,0,0,917,0,0,0,
2023-05-04,6579,0,2,915,37391,0,0,0,917,0,0,0,
2023-05-05,6579,0,1,914,37391,0,0,0,915,0,0,0,
2023-05-08,6579,0,0,914,37391,0,0,0,914,0,0,0,
2023-05-09,6579,0,0,914,37391,0,0,0,914,0,0,0,
2023-05-10,6579,0,0,914,37391,0,0,0,914,0,0,0,
2023-05-11,6579,13,24,903,37391,0,0,0,914,0,0,0,
2023-05-12,6579,43,20,926,37391,0,0,0,903,0,0,0,
2023-05-15,6579,20,10,936,37391,0,0,0,926,0,0,0,
2023-05-16,6579,25,2,959,37391,0,0,0,936,0,0,0,
2023-05-17,6579,51,22,988,37391,0,0,0,959,0,0,0,
2023-05-18,6579,39,64,963,37391,0,0,0,988,0,0,0,
2023-05-19,6579,21,27,957,37391,0,0,0,963,0,0,0,
2023-05-22,6579,443,445,955,37391,0,0,0,957,0,0,0,
2023-05-23,6579,98,95,958,37391,0,1,1,955,0,0,0,
2023-05-24,6579,165,107,1016,37391,0,3,4,958,0,1,0,
2023-05-25,6579,52,39,1029,37391,0,0,4,1016,0,4,0,
2023-05-26,6579,41,86,984,37391,0,0,4,1029,0,4,0,
2023-05-29,6579,107,49,1042,37391,1,0,3,984,0,4,0,
2023-05-30,6579,147,133,1056,37391,0,0,3,1042,0,3,0,
2023-05-31,6579,286,209,1133,37391,0,17,20,1056,0,3,0,
2023-06-01,6579,653,216,1570,40022,3,6,23,1133,0,20,0,
2023-06-02,6579,588,422,1736,40022,6,5,22,1570,0,23,0,
2023-06-05,6579,271,277,1730,40022,7,2,17,1736,0,22,0,
2023-06-06,6579,175,124,1781,40022,0,0,17,1730,0,17,0,
2023-06-07,6579,261,108,1934,40022,0,1,15,1781,0,17,3,
2023-06-08,6579,230,195,1969,40022,3,0,12,1934,0,15,0,
2023-06-09,6579,151,214,1906,40022,0,1,13,1969,0,12,0,
2023-06-12,6579,169,241,1834,40022,6,1,8,1906,0,13,0,
2023-06-13,6579,64,481,1417,40022,0,0,8,1834,0,8,0,
2023-06-14,6579,81,105,1393,40022,0,0,8,1417,0,8,0,
2023-06-15,6579,188,162,1419,40022,0,0,8,1393,0,8,0,
2023-06-16,6579,113,86,1446,40022,3,0,5,1419,0,8,0,
2023-06-19,6579,133,146,1433,40022,1,0,4,1446,0,5,0,
2023-06-20,6579,138,26,1545,40022,1,0,3,1433,0,4,0,X
2023-06-21,6579,142,85,1602,40022,3,0,0,1545,0,3,0,X
2023-06-26,6579,94,124,1572,40022,0,0,0,1602,0,0,0,X
2023-06-27,6579,46,58,1560,40022,0,0,0,1572,0,0,0,X
2023-06-28,6579,38,69,1529,40022,0,0,0,1560,0,0,0,
2023-06-29,6579,45,26,1548,40022,0,0,0,1529,0,0,0,
2023-06-30,6579,95,26,1617,40022,0,1,1,1548,0,0,0,
2023-07-03,6579,162,83,1696,40022,0,0,1,1617,0,1,0,
2023-07-04,6579,59,66,1689,40022,1,0,0,1696,0,1,0,
2023-07-05,6579,49,34,1704,40022,0,1,1,1689,0,0,0,
2023-07-06,6579,82,134,1652,40022,0,0,1,1704,0,1,0,
2023-07-07,6579,76,75,1653,40022,0,1,2,1652,0,1,0,
2023-07-10,6579,51,98,1606,40022,0,0,2,1653,0,2,0,
2023-07-11,6579,201,115,1692,40022,1,1,2,1606,0,2,0,
2023-07-12,6579,304,164,1832,40022,0,4,6,1692,0,2,0,
2023-07-13,6579,839,329,2342,40022,0,13,19,1832,0,6,0,
2023-07-14,6579,747,600,2489,40044,3,11,27,2342,0,19,0,
2023-07-17,6579,426,628,2287,40044,10,1,18,2489,0,27,0,
2023-07-18,6579,125,191,2220,40044,0,20,37,2287,1,18,1,
2023-07-19,6579,1055,505,2770,40044,5,69,98,2220,0,37,3,
2023-07-20,6579,427,601,2596,40044,48,92,142,2770,0,98,0,
2023-07-21,6579,302,265,2633,40044,20,3,123,2596,0,142,2,
2023-07-24,6579,307,345,2595,40044,16,1,107,2633,0,123,1,
2023-07-25,6579,430,403,2622,40044,2,14,109,2595,0,107,10,
2023-07-26,6579,352,339,2635,40044,3,7,92,2622,0,109,21,
2023-07-27,6579,325,293,2667,40044,7,17,102,2635,0,92,0,
2023-07-28,6579,312,223,2756,40044,7,49,114,2667,0,102,30,
2023-07-31,6579,456,393,2811,40044,29,3,85,2756,8,114,3,
2023-08-01,6579,267,231,2847,40044,31,21,74,2811,0,85,1,
2023-08-02,6579,214,324,2732,40044,15,10,69,2847,5,74,0,
2023-08-04,6579,409,361,2779,40044,11,56,113,2732,1,69,1,
2023-08-07,6579,391,605,2565,40044,6,14,121,2779,0,113,0,
2023-08-08,6579,326,465,2426,40044,17,89,193,2565,0,121,0,
2023-08-09,6579,126,152,2399,40044,77,8,124,2426,1,193,0,
2023-08-10,6579,57,221,2232,40044,8,2,118,2399,3,124,0,
2023-08-11,6579,94,99,2227,40044,49,11,50,2232,0,118,30,
2023-08-14,6579,92,146,2172,40051,3,5,52,2227,1,50,0,
2023-08-15,6579,157,71,2257,40051,3,0,49,2172,1,52,0,
2023-08-16,6579,260,242,2195,40051,6,5,48,2257,80,49,0,
2023-08-17,6579,277,280,2191,40051,4,2,46,2195,1,48,0,
2023-08-18,6579,81,165,2107,40051,3,0,43,2191,0,46,0,
2023-08-21,6579,56,72,2091,40051,0,1,44,2107,0,43,0,
2023-08-22,6579,80,87,2084,40051,1,0,43,2091,0,44,0,
2023-08-23,6579,42,92,2034,40051,0,2,45,2084,0,43,0,
2023-08-24,6579,64,62,2036,40051,1,1,45,2034,0,45,0,
2023-08-25,6579,58,49,2045,40051,3,0,42,2036,0,45,0,
2023-08-28,6579,16,86,1974,40051,1,3,43,2045,1,42,1,
2023-08-29,6579,55,66,1963,40051,9,2,36,1974,0,43,0,
2023-08-30,6579,46,22,1986,40051,3,2,35,1963,1,36,0,
2023-08-31,6579,44,92,1938,40051,1,2,36,1986,0,35,0,
2023-09-01,6579,41,62,1917,40051,2,2,36,1938,0,36,0,
2023-09-04,6579,41,20,1938,40051,3,1,34,1917,0,36,0,
2023-09-05,6579,49,8,1979,40051,3,0,31,1938,0,34,0,
2023-09-06,6579,75,26,2022,40051,4,0,27,1979,6,31,0,
2023-09-07,6579,46,50,2018,40051,1,0,26,2022,0,27,0,
2023-09-08,6579,95,85,2028,40051,1,1,26,2018,0,26,0,
2023-09-11,6579,68,89,2007,40051,1,11,36,2028,0,26,0,
2023-09-12,6579,19,45,1981,40051,6,1,31,2007,0,36,0,
2023-09-13,6579,13,10,1984,40051,1,0,30,1981,0,31,0,
2023-09-14,6579,83,54,2013,40060,1,1,30,1984,0,30,0,
2023-09-15,6579,109,28,2094,40060,0,0,30,2013,0,30,0,
2023-09-18,6579,67,26,2135,40060,0,4,34,2094,0,30,0,
2023-09-19,6579,22,35,2122,40060,3,0,31,2135,0,34,0,
2023-09-20,6579,25,17,2130,40060,0,0,31,2122,0,31,0,
2023-09-21,6579,26,19,2137,40060,3,1,29,2130,0,31,0,
2023-09-22,6579,24,9,2152,40060,3,0,26,2137,0,29,0,
2023-09-25,6579,96,12,2236,40060,4,1,23,2152,0,26,0,
2023-09-26,6579,81,87,2230,40060,0,1,24,2236,0,23,0,
2023-09-27,6579,373,181,2422,40060,0,6,30,2230,0,24,0,
2023-09-28,6579,212,284,2350,40060,1,2,31,2422,0,30,0,
2023-10-02,6579,108,118,2340,40060,1,1,31,2350,0,31,0,
2023-10-03,6579,25,65,2300,40060,0,0,31,2340,0,31,0,
2023-10-04,6579,30,28,2302,40060,5,2,28,2300,0,31,0,
2023-10-05,6579,44,83,2263,40060,5,1,24,2302,0,28,0,
2023-10-06,6579,20,44,2239,40060,0,0,24,2263,0,24,0,
2023-10-11,6579,75,70,2244,40060,1,0,23,2239,0,24,0,
2023-10-12,6579,49,50,2243,40060,0,4,27,2244,0,23,0,
2023-10-13,6579,25,39,2229,40060,2,2,27,2243,0,27,0,
2023-10-16,6579,26,29,2226,40060,4,0,23,2229,0,27,0,
2023-10-17,6579,26,36,2216,40060,1,1,23,2226,0,23,0,
2023-10-18,6579,88,108,2193,40060,0,3,26,2216,3,23,0,
2023-10-19,6579,31,50,2171,40060,4,0,22,2193,3,26,0,
2023-10-20,6579,32,35,2167,40060,1,1,22,2171,1,22,0,
2023-10-23,6579,28,15,2180,40060,2,1,21,2167,0,22,0,
2023-10-24,6579,97,55,2222,40060,0,1,22,2180,0,21,0,
2023-10-25,6579,50,40,2232,40060,0,1,23,2222,0,22,0,
2023-10-26,6579,27,29,2230,40060,2,1,22,2232,0,23,0,
2023-10-27,6579,95,56,2269,40060,1,1,22,2230,0,22,0,
2023-10-30,6579,24,18,2269,40060,0,0,22,2269,6,22,0,
2023-10-31,6579,50,120,2199,40060,1,1,22,2269,0,22,0,
2023-11-01,6579,17,11,2205,40060,0,1,23,2199,0,22,0,
2023-11-02,6579,52,49,2207,40060,1,0,22,2205,1,23,0,
2023-11-03,6579,71,108,2170,40060,1,2,23,2207,0,22,0,
2023-11-06,6579,59,35,2194,40060,0,1,24,2170,0,23,0,
2023-11-07,6579,66,95,2165,40060,2,1,23,2194,0,24,0,
2023-11-08,6579,40,46,2159,40060,1,1,23,2165,0,23,0,
2023-11-09,6579,99,76,2182,40060,0,5,28,2159,0,23,0,
2023-11-10,6579,29,46,2165,40060,4,0,24,2182,0,28,0,
2023-11-13,6579,34,18,2181,40060,2,0,22,2165,0,24,0,
2023-11-14,6579,35,38,2178,40062,0,0,22,2181,0,22,0,
2023-11-15,6579,18,66,2130,40062,0,0,22,2178,0,22,0,
2023-11-16,6579,21,24,2127,40062,0,0,22,2130,0,22,0,
2023-11-17,6579,12,31,2107,40062,0,1,23,2127,1,22,0,
2023-11-20,6579,8,37,2078,40062,0,1,24,2107,0,23,0,
2023-11-21,6579,298,117,2259,40062,0,9,33,2078,0,24,0,
2023-11-22,6579,582,358,2483,40062,3,8,38,2259,0,33,0,
2023-11-23,6579,192,289,2386,40062,4,8,42,2483,0,38,0,
2023-11-24,6579,131,132,2385,40062,6,0,36,2386,0,42,0,
2023-11-27,6579,67,140,2312,40062,0,2,38,2385,0,36,0,
2023-11-28,6579,100,52,2360,40062,1,0,37,2312,0,38,0,
2023-11-29,6579,83,185,2258,40062,2,0,35,2360,0,37,0,
2023-11-30,6579,106,85,2279,40062,0,1,36,2258,0,35,0,
2023-12-01,6579,195,152,2320,40062,0,22,58,2279,2,36,0,
2023-12-04,6579,131,95,2356,40062,0,12,70,2320,0,58,0,
2023-12-05,6579,53,155,2254,40062,35,1,36,2356,0,70,0,
2023-12-06,6579,70,37,2287,40062,1,4,39,2254,0,36,0,
2023-12-07,6579,105,214,2178,40062,10,3,32,2287,0,39,0,
2023-12-08,6579,44,16,2206,40062,4,5,33,2178,0,32,0,
2023-12-11,6579,74,27,2253,40062,1,0,32,2206,0,33,0,
2023-12-12,6579,53,62,2244,40062,0,1,33,2253,0,32,0,
2023-12-13,6579,63,45,2262,40062,2,0,31,2244,0,33,0,
2023-12-14,6579,25,10,2276,40086,0,0,31,2262,1,31,0,
2023-12-15,6579,24,98,2202,40086,4,0,27,2276,0,31,0,
2023-12-18,6579,27,10,2219,40086,0,0,27,2202,0,27,0,
2023-12-19,6579,54,23,2250,40086,0,2,29,2219,0,27,0,
2023-12-20,6579,45,32,2263,40086,1,2,30,2250,0,29,0,
2023-12-21,6579,49,43,2268,40086,1,4,33,2263,1,30,0,
2023-12-22,6579,12,19,2261,40086,0,2,35,2268,0,33,0,
2023-12-25,6579,48,34,2275,40086,0,4,39,2261,0,35,0,
2023-12-26,6579,9,10,2274,40086,1,0,38,2275,0,39,0,
2023-12-27,6579,31,18,2287,40086,0,4,42,2274,0,38,0,
2023-12-28,6579,34,6,2315,40086,0,0,42,2287,0,42,0,
2023-12-29,6579,75,44,2345,40086,0,1,43,2315,1,42,0,
2024-01-02,6579,397,197,2544,40086,2,4,45,2345,1,43,0,
2024-01-03,6579,141,130,2555,40086,3,0,42,2544,0,45,0,
2024-01-04,6579,69,99,2525,40086,1,2,43,2555,0,42,0,
2024-01-05,6579,261,206,2580,40086,0,4,47,2525,0,43,0,
2024-01-08,6579,212,157,2635,40086,1,4,38,2580,0,47,12,
2024-01-09,6579,134,197,2572,40086,4,2,36,2635,0,38,0,
2024-01-10,6579,109,97,2584,40086,1,3,38,2572,0,36,0,
2024-01-11,6579,93,60,2617,40086,3,1,36,2584,0,38,0,
2024-01-12,6579,34,33,2618,40101,0,0,36,2617,0,36,0,
2024-01-15,6579,32,113,2537,40101,0,3,39,2618,0,36,0,
2024-01-16,6579,73,292,2318,40101,3,2,38,2537,0,39,0,
2024-01-17,6579,79,44,2353,40101,0,0,38,2318,0,38,0,
2024-01-18,6579,48,86,2315,40101,3,1,36,2353,0,38,0,
2024-01-19,6579,108,63,2360,40101,0,5,41,2315,0,36,0,
2024-01-22,6579,107,94,2373,40101,6,0,35,2360,0,41,0,
2024-01-23,6579,72,79,2366,40101,3,1,33,2373,0,35,0,
2024-01-24,6579,52,56,2362,40101,1,0,32,2366,0,33,0,
2024-01-25,6579,203,121,2444,40101,0,4,36,2362,0,32,0,
2024-01-26,6579,118,140,2422,40101,3,0,33,2444,0,36,0,
2024-01-29,6579,36,15,2443,40101,2,5,36,2422,0,33,0,
2024-01-30,6579,31,38,2436,40101,4,0,32,2443,0,36,0,
2024-01-31,6579,93,99,2430,40101,2,0,30,2436,0,32,0,
2024-02-01,6579,47,64,2413,40101,0,3,33,2430,0,30,0,
2024-02-02,6579,40,39,2411,40101,0,0,33,2413,3,33,0,
2024-02-05,6579,25,40,2396,40152,0,1,34,2411,0,33,0,
2024-02-15,6579,71,55,2412,40152,1,0,33,2396,0,34,0,
2024-02-16,6579,90,123,2379,40152,0,1,34,2412,0,33,0,
2024-02-19,6579,155,126,2408,40152,0,0,34,2379,0,34,0,
2024-02-20,6579,106,95,2419,40152,0,1,35,2408,0,34,0,
2024-02-21,6579,58,44,2433,40152,0,15,50,2419,0,35,0,
2024-02-22,6579,41,71,2403,40152,1,0,49,2433,0,50,0,
2024-02-23,6579,528,514,2417,40152,5,0,44,2403,0,49,0,
2024-02-26,6579,326,279,2464,40152,0,0,44,2417,0,44,0,
2024-02-27,6579,479,349,2590,40152,15,3,32,2464,4,44,0,
2024-02-29,6579,272,167,2695,40152,0,0,32,2590,0,32,0,
2024-03-01,6579,337,537,2495,40152,14,6,24,2695,0,32,0,
2024-03-04,6579,91,128,2456,40152,2,1,23,2495,2,24,0,
2024-03-05,6579,50,85,2419,40152,1,3,25,2456,2,23,0,
2024-03-06,6579,71,187,2301,40152,1,1,24,2419,2,25,1,
2024-03-07,6579,96,252,2143,40152,3,2,23,2301,2,24,0,
2024-03-08,6579,58,83,2116,40152,1,1,23,2143,2,23,0,
2024-03-11,6579,14,20,2110,40152,2,0,21,2116,0,23,0,
2024-03-12,6579,17,56,2071,40152,1,0,20,2110,0,21,0,
2024-03-13,6579,22,27,2066,40152,0,1,21,2071,0,20,0,
2024-03-14,6579,22,62,2024,40167,0,1,22,2066,2,21,0,
2024-03-15,6579,30,48,2006,40167,9,3,16,2024,0,22,0,
2024-03-18,6579,31,32,2005,40167,0,1,17,2006,0,16,0,
2024-03-19,6579,31,20,2016,40167,6,1,12,2005,0,17,0,
2024-03-20,6579,179,113,2072,40167,2,0,10,2016,10,12,0,
2024-03-21,6579,44,108,2004,40167,0,0,10,2072,4,10,0,X
2024-03-22,6579,19,65,1958,40167,9,0,0,2004,0,10,1,X
2024-03-25,6579,74,54,1978,40167,0,0,0,1958,0,0,0,X
2024-03-26,6579,55,82,1950,40167,0,0,0,1978,1,0,0,X
2024-03-27,6579,10,40,1920,40167,0,0,0,1950,0,0,0,
2024-03-28,6579,41,47,1914,40167,0,2,2,1920,0,0,0,
2024-03-29,6579,22,20,1914,40167,2,0,0,1914,2,2,0,
2024-04-01,6579,25,43,1896,40167,0,2,2,1914,0,0,0,
2024-04-02,6579,5,13,1888,40167,0,0,2,1896,0,2,0,
2024-04-03,6579,18,9,1897,40167,0,0,2,1888,0,2,0,
2024-04-08,6579,31,22,1906,40167,0,1,3,1897,0,2,0,
2024-04-09,6579,11,41,1876,40167,1,0,2,1906,0,3,0,
2024-04-10,6579,6,30,1852,40167,0,1,3,1876,0,2,0,
2024-04-11,6579,13,31,1834,40167,1,2,4,1852,0,3,0,
2024-04-12,6579,31,31,1834,40222,0,0,4,1834,0,4,0,
2024-04-15,6579,19,48,1805,40222,1,0,3,1834,0,4,0,
2024-04-16,6579,31,43,1793,40222,0,1,4,1805,0,3,0,
2024-04-17,6579,33,11,1815,40222,0,0,4,1793,0,4,0,
2024-04-18,6579,9,15,1809,40222,0,0,4,1815,0,4,0,
2024-04-19,6579,38,20,1827,40222,0,0,4,1809,0,4,0,
2024-04-22,6579,28,46,1809,40222,0,1,5,1827,0,4,0,
2024-04-23,6579,7,6,1810,40222,2,0,3,1809,0,5,0,
2024-04-24,6579,18,27,1801,40222,0,0,3,1810,0,3,0,
2024-04-25,6579,3,3,1801,40222,0,0,3,1801,0,3,0,
2024-04-26,6579,7,5,1802,40222,0,0,3,1801,1,3,0,
2024-04-29,6579,15,7,1810,40222,0,1,4,1802,0,3,0,
2024-04-30,6579,7,8,1809,40222,1,0,3,1810,0,4,0,
2024-05-02,6579,5,11,1802,40222,3,0,0,1809,1,3,0,
2024-05-03,6579,12,10,1804,40222,0,0,0,1802,0,0,0,
2024-05-06,6579,13,4,1813,40222,0,1,1,1804,0,0,0,
2024-05-07,6579,20,48,1783,40222,1,0,0,1813,2,1,0,
2024-05-08,6579,80,15,1848,40222,0,1,1,1783,0,0,0,
2024-05-09,6579,60,36,1872,40222,0,0,1,1848,0,1,0,
2024-05-10,6579,114,82,1904,40222,1,0,0,1872,0,1,0,
2024-05-13,6579,33,41,1894,40222,0,0,0,1904,2,0,0,
2024-05-14,6579,44,42,1892,40222,0,1,1,1894,4,0,0,
2024-05-15,6579,153,97,1948,40222,0,1,2,1892,0,1,0,
2024-05-16,6579,86,91,1943,40222,0,1,3,1948,0,2,0,
2024-05-17,6579,33,33,1942,40222,0,0,3,1943,1,3,0,
2024-05-20,6579,92,80,1954,40222,0,3,6,1942,0,3,0,
2024-05-21,6579,474,305,2123,40222,0,22,28,1954,0,6,0,
2024-05-22,6579,214,407,1930,40222,5,0,23,2123,0,28,0,
2024-05-23,6579,110,192,1848,40222,8,1,16,1930,0,23,0,
2024-05-24,6579,40,45,1843,40222,3,0,13,1848,0,16,0,
2024-05-27,6579,330,121,2052,40222,0,5,18,1843,0,13,0,
2024-05-28,6579,140,159,2033,40222,7,0,11,2052,0,18,0,
2024-05-29,6579,148,154,2027,40222,1,5,15,2033,0,11,0,
2024-05-30,6579,84,199,1912,40222,13,0,2,2027,0,15,0,
2024-05-31,6579,32,57,1887,40222,1,1,2,1912,0,2,0,
2024-06-03,6579,674,364,2197,40222,0,2,4,1887,0,2,0,
2024-06-04,6579,638,641,2194,40222,1,7,10,2197,0,4,0,
2024-06-05,6579,418,251,2361,40222,8,6,8,2194,0,10,0,
2024-06-06,6579,140,234,2267,40222,2,13,19,2361,0,8,0,
2024-06-07,6579,258,234,2291,40222,4,19,34,2267,0,19,0,
2024-06-11,6579,138,127,2302,40222,4,4,34,2291,0,34,0,
2024-06-12,6579,17,50,2266,40222,1,4,37,2302,3,34,0,
2024-06-13,6579,35,74,2227,40222,3,1,35,2266,0,37,0,
2024-06-14,6579,29,41,2215,40227,12,0,23,2227,0,35,0,
2024-06-17,6579,43,48,2210,40227,0,0,23,2215,0,23,0,
2024-06-18,6579,18,89,2139,40227,0,0,23,2210,0,23,0,
2024-06-19,6579,32,65,2106,40227,1,1,23,2139,0,23,0,
2024-06-20,6579,99,61,2144,40227,11,3,15,2106,0,23,0,
2024-06-21,6579,138,147,2135,40227,3,1,13,2144,0,15,0,
2024-06-24,6579,24,79,2080,40227,4,0,9,2135,0,13,0,
2024-06-25,6579,1,21,2060,40227,1,0,8,2080,0,9,0,
2024-06-26,6579,13,26,2047,40227,0,0,8,2060,0,8,0,
2024-06-27,6579,7,11,2043,40227,0,0,8,2047,0,8,0,
2024-06-28,6579,33,27,2049,40227,0,0,8,2043,0,8,0,
2024-07-01,6579,70,64,2055,40227,0,1,9,2049,0,8,0,
2024-07-02,6579,76,59,2072,40227,0,4,13,2055,0,9,0,
2024-07-03,6579,64,128,2008,40227,5,4,12,2072,0,13,0,
2024-07-04,6579,45,40,2013,40227,0,0,12,2008,0,12,0,
2024-07-05,6579,65,73,2005,40227,0,3,15,2013,0,12,0,
2024-07-08,6579,38,27,2017,40227,11,0,4,2006,0,15,0,
2024-07-09,6579,16,54,1977,40227,1,0,3,2016,1,4,0,
2024-07-10,6579,37,22,1992,40227,0,2,5,1977,0,3,0,
2024-07-11,6579,40,35,1997,40227,4,0,1,1992,0,5,0,
2024-07-12,6579,7,9,1995,40241,0,0,1,1997,0,1,0,
2024-07-15,6579,49,29,2015,40241,0,0,1,1995,0,1,0,
2024-07-16,6579,61,98,1978,40241,0,1,2,2015,0,1,0,
2024-07-17,6579,158,82,2054,40241,0,1,3,1978,0,2,0,
2024-07-18,6579,24,31,2047,40241,1,0,2,2054,0,3,0,
2024-07-19,6579,17,39,2019,40241,1,2,3,2047,6,2,0,
2024-07-22,6579,24,105,1933,40241,1,0,2,2019,5,3,0,
2024-07-23,6579,27,17,1942,40241,0,0,2,1933,1,2,0,
2024-07-26,6579,14,22,1901,40241,0,0,2,1942,33,2,0,
2024-07-29,6579,41,48,1894,40241,0,0,2,1901,0,2,0,
2024-07-30,6579,27,120,1801,40241,0,0,2,1894,0,2,0,
2024-07-31,6579,9,8,1801,40241,0,0,2,1801,1,2,0,
2024-08-01,6579,9,30,1779,40241,2,0,0,1801,1,2,0,
2024-08-02,6579,6,27,1758,40241,0,0,0,1779,0,0,0,
2024-08-05,6579,36,224,1569,40241,0,1,1,1758,1,0,0,
2024-08-06,6579,112,86,1587,40241,1,10,10,1569,8,1,0,
2024-08-07,6579,58,39,1604,40241,10,2,2,1587,2,10,0,
2024-08-08,6579,7,30,1571,40241,2,0,0,1604,10,2,0,
2024-08-09,6579,23,31,1559,40241,0,0,0,1571,4,0,0,
2024-08-12,6579,22,22,1559,40241,0,1,1,1559,0,0,0,
2024-08-13,6579,4,16,1547,40241,0,0,1,1559,0,1,0,
2024-08-14,6579,12,7,1551,40277,0,0,1,1547,1,1,0,
2024-08-15,6579,4,16,1539,40277,0,0,0,1551,0,1,1,
2024-08-16,6579,6,23,1521,40277,0,0,0,1539,1,0,0,
2024-08-19,6579,19,27,1513,40277,0,0,0,1521,0,0,0,
2024-08-20,6579,16,6,1523,40277,0,0,0,1513,0,0,0,
2024-08-21,6579,7,11,1519,40277,0,0,0,1523,0,0,0,X
2024-08-22,6579,8,12,1515,40277,0,0,0,1519,0,0,0,X
2024-08-23,6579,6,37,1484,40277,0,0,0,1515,0,0,0,X
2024-08-26,6579,12,26,1470,40277,0,0,0,1484,0,0,0,X
2024-08-27,6579,51,20,1501,40277,0,0,0,1470,0,0,0,
2024-08-28,6579,37,15,1523,40277,0,0,0,1501,0,0,0,
2024-08-29,6579,11,11,1523,40277,0,0,0,1523,0,0,0,
2024-08-30,6579,8,24,1507,40277,0,0,0,1523,0,0,0,
2024-09-02,6579,7,9,1505,40277,0,1,1,1507,0,0,0,
2024-09-03,6579,11,18,1498,40277,0,0,1,1505,0,1,0,
2024-09-04,6579,15,12,1500,40277,1,0,0,1498,1,1,0,
2024-09-05,6579,1,9,1491,40277,0,0,0,1500,1,0,0,
2024-09-06,6579,0,6,1485,40277,0,2,2,1491,0,0,0,
2024-09-09,6579,5,4,1486,40277,1,0,1,1485,0,2,0,
2024-09-10,6579,7,11,1481,40277,1,0,0,1486,1,1,0,
2024-09-11,6579,2,6,1477,40277,0,0,0,1481,0,0,0,
2024-09-12,6579,1,6,1472,40277,0,0,0,1477,0,0,0,
2024-09-13,6579,3,2,1473,40298,0,0,0,1472,0,0,0,
2024-09-16,6579,0,4,1469,40298,0,0,0,1473,0,0,0,
2024-09-18,6579,5,11,1463,40298,0,0,0,1469,0,0,0,
2024-09-19,6579,1,8,1456,40298,0,0,0,1463,0,0,0,
2024-09-20,6579,2,1,1457,40298,0,0,0,1456,0,0,0,
2024-09-23,6579,4,3,1458,40298,0,0,0,1457,0,0,0,
2024-09-24,6579,2,6,1453,40298,0,0,0,1458,1,0,0,
2024-09-25,6579,8,14,1447,40298,0,0,0,1453,0,0,0,
2024-09-26,6579,4,2,1449,40298,0,0,0,1447,0,0,0,
2024-09-27,6579,2,1,1450,40298,0,1,1,1449,0,0,0,
2024-09-30,6579,2,1,1451,40298,0,0,1,1450,0,1,0,
2024-10-01,6579,2,6,1447,42303,0,0,1,1451,0,1,0,
2024-10-04,6579,4,1,1450,42303,0,0,1,1447,0,1,0,
2024-10-07,6579,2,1,1451,42303,1,0,0,1450,0,1,0,
2024-10-08,6579,3,6,1448,42303,0,0,0,1451,0,0,0,
2024-10-09,6579,2,4,1446,42303,0,0,0,1448,0,0,0,
2024-10-11,6579,10,0,1456,42303,0,0,0,1446,0,0,0,
2024-10-14,6579,3,11,1448,42342,0,0,0,1456,0,0,0,
2024-10-15,6579,2,1,1449,42342,0,0,0,1448,0,0,0,
2024-10-16,6579,12,8,1453,42342,0,0,0,1449,0,0,0,
2024-10-17,6579,4,15,1442,42342,0,0,0,1453,0,0,0,
2024-10-18,6579,2,6,1438,42342,0,0,0,1442,0,0,0,
2024-10-21,6579,10,1,1447,42342,0,0,0,1438,0,0,0,
2024-10-22,6579,0,5,1442,42342,0,0,0,1447,0,0,0,
2024-10-23,6579,2,5,1439,42342,0,0,0,1442,0,0,0,
2024-10-24,6579,11,15,1435,42342,0,0,0,1439,0,0,0,
2024-10-25,6579,4,6,1433,42342,0,0,0,1435,0,0,0,
2024-10-28,6579,76,175,1334,42342,0,12,12,1433,0,0,0,
2024-10-29,6579,40,5,1369,42342,1,1,12,1334,0,12,0,
2024-10-30,6579,7,15,1359,42342,2,0,10,1369,2,12,0,
2024-11-01,6579,2,6,1306,42342,0,2,12,1359,49,10,0,
2024-11-04,6579,0,7,1299,42342,1,0,11,1306,0,12,0,
2024-11-05,6579,10,20,1204,42342,4,0,7,1299,85,11,0,
2024-11-06,6579,16,15,1205,42342,0,0,7,1204,0,7,0,
2024-11-07,6579,4,12,1002,42342,0,3,10,1205,195,7,0,
2024-11-08,6579,13,52,963,42342,3,0,7,1002,0,10,0,
2024-11-11,6579,9,53,866,42342,0,0,7,963,53,7,0,
2024-11-12,6579,5,52,818,42342,1,0,6,866,1,7,0,
2024-11-13,6579,9,3,824,42342,0,4,10,818,0,6,0,
2024-11-14,6579,4,4,824,42349,1,0,9,824,0,10,0,
2024-11-15,6579,0,1,823,42349,0,0,9,824,0,9,0,
2024-11-18,6579,7,13,817,42349,0,0,9,823,0,9,0,
2024-11-19,6579,0,6,811,42349,1,0,8,817,0,9,0,
2024-11-20,6579,2,1,812,42349,0,0,8,811,0,8,0,
2024-11-21,6579,0,4,808,42349,0,0,8,812,0,8,0,
2024-11-22,6579,3,8,803,42349,0,0,8,808,0,8,0,
2024-11-25,6579,9,1,811,42349,0,0,8,803,0,8,0,
2024-11-26,6579,0,0,811,42349,0,0,8,811,0,8,0,
2024-11-27,6579,3,22,792,42349,0,0,8,811,0,8,0,
2024-11-28,6579,23,8,806,42349,4,0,4,792,1,8,0,
2024-11-29,6579,3,7,802,42349,0,0,4,806,0,4,0,
2024-12-02,6579,1,2,801,42349,0,0,4,802,0,4,0,
2024-12-03,6579,2,10,793,42349,0,0,4,801,0,4,0,
2024-12-04,6579,4,4,793,42349,0,0,4,793,0,4,0,
2024-12-05,6579,4,6,791,42349,0,0,4,793,0,4,0,
2024-12-06,6579,4,3,792,42349,0,0,4,791,0,4,0,
2024-12-09,6579,1,3,790,42349,0,0,4,792,0,4,0,
2024-12-10,6579,0,0,790,42349,0,0,4,790,0,4,0,
2024-12-11,6579,8,4,794,42349,0,0,4,790,0,4,0,
2024-12-12,6579,2,3,793,42349,0,0,4,794,0,4,0,
2024-12-13,6579,3,1,795,42362,0,0,4,793,0,4,0,
2024-12-16,6579,2,36,761,42362,0,0,4,795,0,4,0,
2024-12-17,6579,3,1,763,42362,0,0,4,761,0,4,0,
2024-12-18,6579,0,8,753,42362,0,0,4,763,2,4,0,
2024-12-19,6579,2,0,755,42362,0,0,4,753,0,4,0,
2024-12-20,6579,0,1,754,42362,0,0,4,755,0,4,0,
2024-12-23,6579,9,6,757,42362,0,0,4,754,0,4,0,
2024-12-24,6579,3,7,753,42362,0,0,4,757,0,4,0,
2024-12-25,6579,46,11,788,42362,4,0,0,753,0,4,0,
2024-12-26,6579,14,16,786,42362,0,0,0,788,0,0,0,
2024-12-27,6579,6,4,788,42362,0,0,0,786,0,0,0,
2024-12-30,6579,0,3,784,42362,0,0,0,788,1,0,0,
2024-12-31,6579,3,1,786,42362,0,0,0,784,0,0,0,
2025-01-02,6579,2,1,787,42362,0,0,0,786,0,0,0,
2025-01-03,6579,0,3,784,42362,0,0,0,787,0,0,0,
2025-01-06,6579,3,6,781,42362,0,0,0,784,0,0,0,
2025-01-07,6579,12,9,784,42362,0,0,0,781,0,0,0,
2025-01-08,6579,3,4,783,42362,0,0,0,784,0,0,0,
2025-01-09,6579,9,8,784,42362,0,0,0,783,0,0,0,
2025-01-10,6579,4,8,780,42362,0,1,1,784,0,0,0,
2025-01-13,6579,25,146,659,42362,0,11,12,780,0,1,0,
2025-01-14,6579,3,8,654,42362,0,0,12,659,0,12,0,
2025-01-15,6579,4,6,652,42362,0,1,13,654,0,12,0,
2025-01-16,6579,3,9,646,42362,0,0,13,652,0,13,0,
2025-01-17,6579,2,5,643,42362,0,0,13,646,0,13,0,
2025-01-20,6579,2,2,642,42362,0,0,13,643,1,13,0,
2025-01-21,6579,5,1,646,42362,0,0,13,642,0,13,0,
2025-01-22,6579,9,10,645,42362,0,0,13,646,0,13,0,
2025-02-03,6579,17,15,647,42362,1,0,12,645,0,13,0,
2025-02-04,6579,39,24,662,42362,0,0,12,647,0,12,0,
2025-02-05,6579,110,24,747,42362,10,0,2,662,1,12,0,
2025-02-06,6579,14,30,731,42362,0,0,2,747,0,2,0,
2025-02-07,6579,21,31,720,42362,0,0,2,731,1,2,0,
2025-02-10,6579,32,27,724,42362,0,0,2,720,1,2,0,
2025-02-11,6579,18,6,736,42362,0,0,2,724,0,2,0,
2025-02-12,6579,21,11,746,42362,0,0,2,736,0,2,0,
2025-02-13,6579,19,11,754,42362,0,0,2,746,0,2,0,
2025-02-14,6579,27,27,754,42362,0,0,2,754,0,2,0,
2025-02-17,6579,27,19,762,42362,0,0,2,754,0,2,0,
2025-02-18,6579,6,24,744,42362,0,0,2,762,0,2,0,
2025-02-19,6579,25,50,719,42362,0,0,2,744,0,2,0,
2025-02-20,6579,51,18,752,42362,1,0,1,719,0,2,0,
2025-02-21,6579,16,37,730,42362,0,0,1,752,1,1,0,
2025-02-24,6579,23,13,740,42362,0,0,1,730,0,1,0,
2025-02-25,6579,39,15,764,42362,0,0,1,740,0,1,0,
2025-02-26,6579,53,10,807,42362,0,2,3,764,0,1,0,
2025-02-27,6579,124,43,888,42362,0,0,3,807,0,3,0,
2025-03-03,6579,44,38,894,42362,0,0,3,888,0,3,0,
2025-03-04,6579,38,12,920,42362,0,0,3,894,0,3,0,
2025-03-05,6579,20,7,933,42362,0,0,3,920,0,3,0,
2025-03-06,6579,107,32,1008,42362,0,0,3,933,0,3,0,
2025-03-07,6579,34,92,950,42362,0,0,1,1008,0,3,2,
2025-03-10,6579,22,41,931,42362,0,0,1,950,0,1,0,
2025-03-11,6579,7,14,924,42362,0,0,1,931,0,1,0,
2025-03-12,6579,4,4,924,42362,0,0,1,924,0,1,0,
2025-03-13,6579,3,4,923,42362,0,0,1,924,0,1,0,
2025-03-14,6579,17,6,934,42362,0,1,2,923,0,1,0,
2025-03-17,6579,14,19,923,42362,0,0,2,934,6,2,0,
2025-03-18,6579,4,8,919,42362,1,0,1,923,0,2,0,
2025-03-19,6579,3,35,887,42362,1,0,0,919,0,1,0,
2025-03-20,6579,19,26,880,42362,0,0,0,887,0,0,0,X
2025-03-21,6579,3,2,881,42362,0,0,0,880,0,0,0,X
2025-03-24,6579,6,5,882,42362,0,0,0,881,0,0,0,X
2025-03-25,6579,7,12,877,42362,0,0,0,882,0,0,0,X
2025-03-26,6579,1,0,878,42362,0,0,0,877,0,0,0,
2025-03-27,6579,21,3,896,42362,0,0,0,878,0,0,0,
2025-03-28,6579,2,45,853,42362,0,0,0,896,0,0,0,
2025-03-31,6579,34,41,846,42362,0,0,0,853,0,0,0,
2025-04-01,6579,12,7,851,42362,0,0,0,846,0,0,0,
2025-04-02,6579,3,6,848,42362,0,0,0,851,0,0,0,
2025-04-07,6579,0,15,829,42362,0,0,0,848,4,0,0,
2025-04-08,6579,49,94,778,42362,0,0,0,829,6,0,0,
2025-04-09,6579,23,28,766,42362,0,1,1,778,7,0,0,
2025-04-10,6579,28,16,778,42362,0,0,1,766,0,1,0,
2025-04-11,6579,7,5,776,42362,0,0,1,778,4,1,0,
2025-04-14,6579,31,9,798,42362,1,0,0,776,0,1,0,
2025-04-15,6579,1,6,793,42362,0,0,0,798,0,0,0,
2025-04-16,6579,1,49,745,42362,0,0,0,793,0,0,0,
2025-04-17,6579,3,2,736,42362,0,0,0,745,10,0,0,
2025-04-18,6579,11,0,747,42362,0,0,0,736,0,0,0,
2025-04-21,6579,10,13,744,42362,0,0,0,747,0,0,0,
2025-04-22,6579,3,9,738,42362,0,1,1,744,0,0,0,
2025-04-23,6579,21,3,756,42362,0,0,1,738,0,1,0,
2025-04-24,6579,9,4,761,42362,1,0,0,756,0,1,0,
2025-04-25,6579,5,3,761,42362,0,0,0,761,2,0,0,
2025-04-28,6579,9,6,764,42362,0,0,0,761,0,0,0,
2025-04-29,6579,1,12,753,42362,0,0,0,764,0,0,0,
2025-04-30,6579,2,5,750,42362,0,0,0,753,0,0,0,
2025-05-02,6579,5,20,714,42362,0,0,0,750,21,0,0,
2025-05-05,6579,7,13,708,42362,0,0,0,714,0,0,0,
2025-05-06,6579,7,13,702,42362,0,0,0,708,0,0,0,
2025-05-07,6579,2,5,699,42362,0,0,0,702,0,0,0,
2025-05-08,6579,0,15,684,42362,0,0,0,699,0,0,0,
2025-05-09,6579,4,5,683,42362,0,0,0,684,0,0,0,
2025-05-12,6579,2,15,670,42362,0,0,0,683,0,0,0,
2025-05-13,6579,4,10,664,42362,0,0,0,670,0,0,0,
2025-05-14,6579,21,14,671,42362,0,0,0,664,0,0,0,
2025-05-15,6579,3,1,673,42362,0,0,0,671,0,0,0,
2025-05-16,6579,20,1,669,42362,0,0,0,673,23,0,0,
2025-05-19,6579,0,3,664,42362,0,0,0,669,2,0,0,
2025-05-20,6579,3,3,664,42362,0,0,0,664,0,0,0,
2025-05-21,6579,8,14,658,42362,0,0,0,664,0,0,0,
2025-05-22,6579,7,4,661,42362,0,0,0,658,0,0,0,
2025-05-23,6579,2,6,657,42362,0,0,0,661,0,0,0,
2025-05-26,6579,12,17,652,42362,0,0,0,657,0,0,0,
2025-05-27,6579,8,3,657,42362,0,0,0,652,0,0,0,
2025-05-28,6579,2,1,657,42362,0,0,0,657,1,0,0,
2025-05-29,6579,0,4,653,42362,0,0,0,657,0,0,0,
2025-06-02,6579,17,39,631,42362,0,0,0,653,0,0,0,
2025-06-03,6579,4,2,633,42362,0,0,0,631,0,0,0,
2025-06-04,6579,15,13,635,42362,0,0,0,633,0,0,0,
2025-06-05,6579,2,6,631,42362,0,0,0,635,0,0,0,
2025-06-06,6579,1,0,632,42362,0,0,0,631,0,0,0,
2025-06-09,6579,0,0,631,42362,0,0,0,632,1,0,0,
2025-06-10,6579,9,6,634,42362,0,0,0,631,0,0,0,
2025-06-11,6579,4,3,635,42362,0,0,0,634,0,0,0,
2025-06-12,6579,0,17,618,42362,0,0,0,635,0,0,0,
2025-06-13,6579,2,1,619,42362,0,0,0,618,0,0,0,
2025-06-16,6579,4,1,622,42362,0,0,0,619,0,0,0,
2025-06-17,6579,4,1,625,42362,0,0,0,622,0,0,0,
2025-06-18,6579,2,7,620,42362,0,0,0,625,0,0,0,
2025-06-19,6579,6,0,626,42362,0,0,0,620,0,0,0,X
2025-06-20,6579,2,3,625,42362,0,0,0,626,0,0,0,X
2025-06-23,6579,12,2,635,42362,0,0,0,625,0,0,0,X
2025-06-24,6579,1,11,625,42362,0,0,0,635,0,0,0,X
2025-06-25,6579,12,24,613,42362,0,0,0,625,0,0,0,
2025-06-26,6579,29,16,626,42362,0,0,0,613,0,0,0,
2025-06-27,6579,0,3,623,42362,0,0,0,626,0,0,0,
2025-06-30,6579,3,0,626,42362,0,0,0,623,0,0,0,
2025-07-01,6579,0,7,619,42362,0,1,1,626,0,0,0,
2025-07-02,6579,6,2,623,42362,0,0,1,619,0,1,0,
2025-07-03,6579,1,2,622,42362,0,0,1,623,0,1,0,
2025-07-04,6579,2,6,618,42362,0,0,1,622,0,1,0,
2025-07-07,6579,2,4,616,42362,0,0,1,618,0,1,0,
2025-07-08,6579,4,1,617,42362,0,0,1,616,2,1,0,
2025-07-09,6579,1,3,615,42362,0,0,1,617,0,1,0,
2025-07-10,6579,1,3,613,42362,0,0,1,615,0,1,0,
2025-07-11,6579,12,7,556,42362,0,0,1,613,62,1,0,
2025-07-14,6579,6,6,556,42362,0,0,1,556,0,1,0,
2025-07-15,6579,9,7,558,42362,0,0,1,556,0,1,0,
2025-07-16,6579,2,4,556,42362,0,0,1,558,0,1,0,
2025-07-17,6579,13,25,504,42362,0,0,1,556,40,1,0,
2025-07-18,6579,0,2,478,42362,0,0,1,504,24,1,0,
2025-07-21,6579,1,1,478,42362,0,0,1,478,0,1,0,
2025-07-22,6579,8,18,468,42362,0,0,1,478,0,1,0,
2025-07-23,6579,1,3,466,42362,0,1,2,468,0,1,0,
2025-07-24,6579,7,5,468,42362,0,0,2,466,0,2,0,
2025-07-25,6579,21,5,482,42362,0,0,2,468,2,2,0,
2025-07-28,6579,27,12,497,42362,0,0,2,482,0,2,0,
2025-07-29,6579,7,3,501,42362,0,0,2,497,0,2,0,
2025-07-30,6579,4,1,504,42362,0,0,2,501,0,2,0,
2025-07-31,6579,2,1,505,42362,0,0,2,504,0,2,0,
2025-08-01,6579,1,4,502,42362,0,0,2,505,0,2,0,
2025-08-04,6579,5,10,497,42362,0,0,2,502,0,2,0,
2025-08-05,6579,0,6,491,42362,0,0,2,497,0,2,0,
2025-08-06,6579,0,0,491,42362,0,0,2,491,0,2,0,
2025-08-07,6579,2,0,493,42362,0,0,2,491,0,2,0,
2025-08-08,6579,44,9,528,42362,0,0,2,493,0,2,0,
2025-08-11,6579,13,5,536,42362,0,0,2,528,0,2,0,
2025-08-12,6579,2,3,535,42362,1,0,1,536,0,2,0,
2025-08-13,6579,38,4,566,42362,0,0,1,535,3,1,0,
2025-08-14,6579,1,3,563,42362,0,0,1,566,1,1,0,
2025-08-15,6579,1,1,560,42362,0,0,1,563,3,1,0,
2025-08-18,6579,7,1,563,42362,0,0,1,560,3,1,0,
2025-08-19,6579,2,2,563,42362,0,0,1,563,0,1,0,
2025-08-20,6579,15,1,577,42362,0,0,1,563,0,1,0,
2025-08-21,6579,2,5,574,42362,0,0,1,577,0,1,0,
2025-08-22,6579,6,40,540,42362,0,3,4,574,0,1,0,
2025-08-25,6579,3,13,528,42362,3,0,1,540,2,4,0,
2025-08-26,6579,9,15,522,42362,0,0,1,528,0,1,0,
2025-08-27,6579,31,27,523,42362,0,0,1,522,3,1,0,
2025-08-28,6579,8,52,479,42362,1,0,0,523,0,1,0,
2025-08-29,6579,4,8,474,42362,0,0,0,479,1,0,0,
2025-09-01,6579,60,15,517,42362,0,0,0,474,2,0,0,
2025-09-02,6579,22,13,526,42362,0,0,0,517,0,0,0,
2025-09-03,6579,10,27,509,42362,0,0,0,526,0,0,0,
2025-09-04,6579,1,12,498,42362,0,0,0,509,0,0,0,
2025-09-05,6579,8,11,495,42362,0,0,0,498,0,0,0,
2025-09-08,6579,12,5,502,42362,0,0,0,495,0,0,0,
2025-09-09,6579,47,25,524,42362,0,0,0,502,0,0,0,
2025-09-10,6579,6,2,528,42362,0,0,0,524,0,0,0,
2025-09-11,6579,33,16,545,42362,0,0,0,528,0,0,0,
2025-09-12,6579,58,41,562,42362,0,0,0,545,0,0,0,
2025-09-15,6579,21,4,579,42362,0,0,0,562,0,0,0,
2025-09-16,6579,50,26,603,42362,0,0,0,579,0,0,0,
2025-09-17,6579,7,3,607,42362,0,0,0,603,0,0,0,
2025-09-18,6579,15,36,586,42362,0,0,0,607,0,0,0,
2025-09-19,6579,38,13,611,42362,0,0,0,586,0,0,0,
2025-09-22,6579,3,20,594,42362,0,0,0,611,0,0,0,
2025-09-23,6579,3,1,596,42362,0,0,0,594,0,0,0,
2025-09-24,6579,2,1,597,42362,0,0,0,596,0,0,0,
2025-09-25,6579,10,16,591,42362,0,0,0,597,0,0,0,
2025-09-26,6579,35,10,615,42362,0,0,0,591,1,0,0,
2025-09-30,6579,2,13,604,42362,0,0,0,615,0,0,0,
2025-10-01,6579,9,14,599,42362,0,0,0,604,0,0,0,
2025-10-02,6579,21,16,604,42362,0,0,0,599,0,0,0,
2025-10-03,6579,3,10,597,42362,0,0,0,604,0,0,0,
2025-10-07,6579,2,5,594,42362,0,0,0,597,0,0,0,
2025-10-08,6579,70,54,610,42362,0,0,0,594,0,0,0,
2025-10-09,6579,6,11,605,42362,0,0,0,610,0,0,0,
2025-10-13,6579,37,43,599,42362,0,0,0,605,0,0,0,
2025-10-14,6579,4,33,570,42362,0,0,0,599,0,0,0,
2025-10-15,6579,9,5,574,42362,0,0,0,570,0,0,0,
2025-10-16,6579,409,63,920,42362,0,0,0,574,0,0,0,
2025-10-17,6579,234,176,978,42362,0,5,5,920,0,0,0,
2025-10-20,6579,154,401,731,42362,0,1,6,978,0,5,0,
2025-10-21,6579,164,32,863,42362,0,2,7,731,0,6,1,
2025-10-22,6579,25,50,837,42362,1,0,6,863,1,7,0,
2025-10-23,6579,12,51,798,42362,0,0,6,837,0,6,0,
2025-10-27,6579,16,37,777,42362,2,2,6,798,0,6,0,
2025-10-28,6579,5,25,756,42362,4,0,2,777,1,6,0,
2025-10-29,6579,39,18,777,42362,0,0,2,756,0,2,0,
2025-10-30,6579,39,16,800,42362,0,0,2,777,0,2,0,
2025-10-31,6579,21,20,801,42362,0,0,2,800,0,2,0,
2025-11-03,6579,6,10,797,42362,2,0,0,801,0,2,0,
2025-11-04,6579,22,17,802,42362,0,0,0,797,0,0,0,
2025-11-05,6579,18,17,802,42362,0,0,0,802,1,0,0,
2025-11-06,6579,23,1,824,42362,0,0,0,802,0,0,0,
2025-11-07,6579,11,70,764,42362,0,2,2,824,1,0,0,
2025-11-10,6579,9,2,771,42362,2,1,1,764,0,2,0,
2025-11-11,6579,12,14,769,42362,0,0,1,771,0,1,0,
2025-11-12,6579,3,5,767,42362,0,0,1,769,0,1,0,
2025-11-13,6579,6,21,752,42362,0,0,1,767,0,1,0,
2025-11-14,6579,2,12,742,42362,1,0,0,752,0,1,0,
2025-11-17,6579,18,78,682,42362,0,0,0,742,0,0,0,
2025-11-18,6579,11,12,681,42362,0,0,0,682,0,0,0,
2025-11-19,6579,4,9,676,42362,0,8,8,681,0,0,0,
2025-11-20,6579,13,15,674,42362,0,1,9,676,0,8,0,
2025-11-21,6579,1,2,673,42362,0,0,9,674,0,9,0,
2025-11-24,6579,3,8,668,42362,0,0,9,673,0,9,0,
2025-11-25,6579,12,10,668,42362,0,0,9,668,2,9,0,
2025-11-26,6579,11,3,675,42362,1,0,8,668,1,9,0,
2025-11-27,6579,5,1,679,42362,0,0,8,675,0,8,0,
2025-11-28,6579,11,8,677,42362,0,0,8,679,5,8,0,
2025-12-01,6579,10,0,686,42362,0,0,8,677,1,8,0,
2025-12-02,6579,5,2,683,42362,0,0,8,686,6,8,0,
2025-12-03,6579,1,3,676,42362,0,0,8,683,5,8,0,
2025-12-04,6579,9,4,680,42362,0,0,8,676,1,8,0,
2025-12-05,6579,2,6,674,42362,0,0,8,680,2,8,0,
2025-12-08,6579,22,22,674,42362,0,0,8,674,0,8,0,
2025-12-09,6579,3,4,671,42362,0,0,8,674,2,8,0,
2025-12-10,6579,0,5,666,42362,0,0,8,671,0,8,0,
2025-12-11,6579,16,17,665,42362,0,0,8,666,0,8,0,
2025-12-12,6579,1,2,664,42362,0,0,8,665,0,8,0,
2025-12-15,6579,2,2,663,42362,0,0,8,664,1,8,0,
2025-12-16,6579,7,40,620,42362,0,0,8,663,10,8,0,
2025-12-17,6579,5,4,621,42362,0,0,8,620,0,8,0,
2025-12-18,6579,6,2,625,42362,0,2,10,621,0,8,0,
2025-12-19,6579,0,13,611,42362,1,0,9,625,1,10,0,
2025-12-22,6579,2,9,600,42362,8,0,1,611,4,9,0,
2025-12-23,6579,2,4,596,42362,0,0,1,600,2,1,0,
2025-12-24,6579,4,1,598,42362,0,0,1,596,1,1,0,
2025-12-26,6579,6,1,603,42362,0,0,1,598,0,1,0,
2025-12-29,6579,2,0,600,42362,0,0,1,603,5,1,0,
2025-12-30,6579,1,0,601,42362,0,0,1,600,0,1,0,
2025-12-31,6579,2,4,599,42362,0,0,1,601,0,1,0,
2026-01-02,6579,3,5,590,42362,1,0,0,,,,,
2026-01-05,6579,7,3,594,42362,0,0,0,,,,,
2026-01-06,6579,4,18,578,42362,0,0,0,,,,,
2026-01-07,6579,15,21,572,42362,0,0,0,,,,,
2026-01-08,6579,8,10,566,42362,0,0,0,,,,,
2026-01-09,6579,1,3,564,42362,0,0,0,,,,,
2026-01-12,6579,8,5,566,42362,0,0,0,,,,,
2026-01-13,6579,2,2,566,42362,0,0,0,,,,,
2026-01-14,6579,3,8,561,42362,0,0,0,,,,,
2026-01-15,6579,9,14,556,42362,0,0,0,,,,,
2026-01-16,6579,2,12,541,42362,0,0,0,,,,,
2026-01-19,6579,5,0,536,42362,0,0,0,,,,,
2026-01-20,6579,12,1,547,42362,0,0,0,,,,,
2026-01-21,6579,11,1,557,42362,0,0,0,,,,,
2026-01-22,6579,0,1,556,42362,0,0,0,,,,,
2026-01-23,6579,6,5,549,42362,0,0,0,,,,,
2026-01-26,6579,5,6,547,42362,0,0,0,,,,,
2026-01-27,6579,1,0,510,42362,0,0,0,,,,,
2026-01-28,6579,45,64,491,42362,0,0,0,,,,,
2026-01-29,6579,61,15,537,42362,0,0,0,,,,,
2026-01-30,6579,200,78,658,42362,0,0,0,,,,,
2026-02-02,6579,77,210,525,42362,0,0,0,,,,,
2026-02-03,6579,33,27,530,42362,0,0,0,,,,,
2026-02-04,6579,18,7,541,42362,0,0,0,,,,,
2026-02-05,6579,12,3,550,42362,0,0,0,,,,,
2026-02-06,6579,1,10,541,42362,0,0,0,,,,,
2026-02-09,6579,9,6,544,42362,0,0,0,,,,,
2026-02-10,6579,3,1,542,42362,0,0,0,,,,,
2026-02-11,6579,2,6,536,42362,0,0,0,,,,,
2026-02-23,6579,6,8,533,42362,0,0,0,,,,,
2026-02-24,6579,3,3,533,42362,0,0,0,,,,,
2026-02-25,6579,7,7,533,42362,0,0,0,,,,,
2026-02-26,6579,19,12,540,42362,0,0,0,,,,,
2026-03-02,6579,5,10,534,42362,0,0,0,,,,,
2026-03-03,6579,20,15,536,42362,0,0,0,,,,,
2026-03-04,6579,6,8,534,42362,0,0,0,,,,,
2026-03-05,6579,2,7,528,42362,0,0,0,,,,,
2026-03-06,6579,11,2,537,42362,0,0,0,,,,,
2026-03-09,6579,16,3,547,42362,0,0,0,,,,,
2026-03-10,6579,4,4,547,42362,0,0,0,,,,,
2026-03-11,6579,8,3,552,42362,0,0,0,,,,,
2026-03-12,6579,10,11,551,42362,0,0,0,,,,,
2026-03-13,6579,8,10,549,42362,0,0,0,,,,,
2026-03-16,6579,39,8,580,42362,0,0,0,,,,,
2026-03-17,6579,7,15,572,42362,0,0,0,,,,,
2026-03-18,6579,15,24,563,42362,0,0,0,,,,,
2026-03-19,6579,19,14,568,42362,0,0,0,,,,,
2026-03-20,6579,5,15,558,42362,0,0,0,,,,,
2026-03-23,6579,19,12,565,42362,0,0,0,,,,,
2026-03-24,6579,12,10,567,42362,0,0,0,,,,,
2026-03-25,6579,4,2,569,42362,0,0,0,,,,,
2026-03-26,6579,9,2,576,42362,0,0,0,,,,,
2026-03-27,6579,13,5,584,42362,0,0,0,,,,,
2026-03-30,6579,20,4,600,42362,0,0,0,,,,,
2026-03-31,6579,27,0,627,42362,0,0,0,,,,,
2026-04-01,6579,1,0,628,42362,0,0,0,,,,,
2026-04-02,6579,0,1,627,42362,0,0,0,,,,,
2026-04-07,6579,4,2,629,42362,0,0,0,,,,,
2026-04-08,6579,8,26,611,42362,0,0,0,,,,,
2026-04-09,6579,4,4,619,42362,0,0,0,,,,,
2026-04-10,6579,8,45,582,42362,0,0,0,,,,,
2026-04-13,6579,21,4,599,42362,0,0,0,,,,,
2026-04-14,6579,9,21,587,42362,0,0,0,,,,,
2026-04-15,6579,4,45,546,42362,0,0,0,,,,,
2026-04-16,6579,3,12,536,42362,0,0,0,,,,,
2026-04-17,6579,33,1,568,42362,0,0,0,,,,,
2026-04-20,6579,29,4,588,42362,0,0,0,,,,,
2026-04-21,6579,14,25,577,42362,0,0,0,,,,,
2026-04-22,6579,36,14,599,42362,0,0,0,,,,,
2026-04-23,6579,52,32,618,42362,0,0,0,,,,,
2026-04-24,6579,44,5,657,42362,0,0,0,,,,,
2026-04-27,6579,7,6,658,42362,0,0,0,,,,,
2026-04-28,6579,11,2,667,42362,0,0,0,,,,,
2026-04-29,6579,17,15,669,42362,0,0,0,,,,,
2026-04-30,6579,110,51,728,42362,0,0,0,,,,,
2026-05-04,6579,84,24,788,42362,0,0,0,,,,,
2026-05-05,6579,120,94,814,42362,0,4,4,,,,,
2026-05-06,6579,94,81,827,42362,0,0,4,,,,,
2026-05-07,6579,31,58,800,42362,0,0,4,,,,,
2026-05-08,6579,49,18,830,42362,0,0,4,,,,,
2026-05-11,6579,104,114,820,42362,0,0,4,,,,,
2026-05-12,6579,63,66,817,42362,0,0,4,,,,,
2026-05-13,6579,245,121,941,42362,0,0,4,,,,,
2026-05-14,6579,170,186,925,42362,0,0,4,,,,,
2026-05-15,6579,120,175,870,42362,0,0,4,,,,,
2026-05-18,6579,142,40,972,42362,0,0,4,,,,,
2026-05-19,6579,144,91,1015,42362,0,0,4,,,,,
2026-05-20,6579,46,62,999,42362,0,0,4,,,,,
2026-05-21,6579,65,100,964,42362,0,0,4,,,,,
2026-05-22,6579,74,63,975,42362,0,0,4,,,,,
2026-05-25,6579,89,93,971,42362,0,0,4,,,,,
2026-05-26,6579,173,167,977,42362,0,3,3,,,,,
2026-05-27,6579,305,238,1044,42362,1,1,3,,,,,
2026-05-28,6579,86,131,999,42362,3,0,0,,,,,
2026-05-29,6579,73,67,1005,42362,0,1,1,,,,,
2026-06-01,6579,135,138,1002,42362,1,0,0,,,,,
2026-06-02,6579,82,130,954,42362,0,0,0,,,,,
2026-06-03,6579,68,48,973,42362,0,0,0,,,,,
2026-06-04,6579,34,45,962,42362,0,0,0,,,,,
2026-06-05,6579,49,31,980,42362,0,0,0,,,,,
2026-06-08,6579,53,70,963,42362,0,0,0,,,,,
2026-06-09,6579,143,69,1037,42362,0,0,0,,,,,
2026-06-10,6579,107,112,1032,42362,0,0,0,,,,,
2026-06-11,6579,62,52,1042,42362,0,0,0,,,,,
2026-06-12,6579,83,27,1098,42362,0,0,0,,,,,
2026-06-15,6579,98,81,1115,42362,0,0,0,,,,,
2026-06-16,6579,37,41,1111,42362,0,0,0,,,,,
2026-06-17,6579,31,18,1124,42362,0,2,2,,,,,
2026-06-18,6579,56,76,1104,42362,0,3,5,,,,,
2026-06-22,6579,62,52,1114,42362,0,0,5,,,,,
2026-06-23,6579,68,73,1109,42362,4,0,1,,,,,
2026-06-24,6579,26,19,1116,42362,0,0,1,,,,,
2026-06-25,6579,19,20,1111,42362,0,0,1,,,,,
2026-06-26,6579,28,54,1085,42362,0,0,1,,,,,
2026-06-29,6579,8,30,1063,42362,0,0,1,,,,,
2026-06-30,6579,13,15,1061,42362,0,0,1,,,,,
2026-07-01,6579,13,9,1065,42362,1,0,0,,,,,
2026-07-02,6579,66,25,1106,42362,0,0,0,,,,,
2026-07-03,6579,30,47,1089,42362,0,0,0,,,,,
2026-07-06,6579,23,74,1038,42362,0,0,0,,,,,
2026-07-07,6579,1244,204,2078,42362,0,0,0,,,,,
2026-07-08,6579,223,278,2023,42362,0,5,5,,,,,
2026-07-09,6579,55,191,1887,42362,0,0,5,,,,,
2026-07-13,6579,94,374,1607,42362,5,0,0,,,,,
2026-07-14,6579,30,197,1440,42362,0,0,0,,,,,
2026-07-15,6579,22,313,1149,42362,0,0,0,,,,,
2026-07-16,6579,16,7,1158,42362,0,0,0,,,,,
2026-07-17,6579,38,47,1149,42362,0,0,0,,,,,
2026-07-20,6579,26,28,1147,42362,0,0,0,,,,,
2026-07-21,6579,166,68,1245,42362,0,11,11,,,,,
2026-07-22,6579,131,153,1223,42362,0,1,12,,,,,
2026-07-23,6579,127,155,1195,42362,0,7,19,,,,,
2026-07-24,6579,417,131,1481,42362,15,48,52,,,,,
2026-07-27,6579,134,218,1397,42362,42,5,15,,,,,
2026-07-28,6579,71,106,1362,42362,1,13,27,,,,,
2026-07-29,6579,42,136,1268,42362,16,1,12,,,,,
2026-07-30,6579,58,166,1160,42362,12,4,4,,,,,
2026-07-31,6579,86,80,1166,42362,2,4,6,,,,,
2026-08-03,6579,74,55,1185,42362,4,3,5,,,,,
2026-08-04,6579,25,101,1109,42362,1,8,12,,,,,
2026-08-05,6579,411,173,1347,42362,7,3,8,,,,,
2026-08-06,6579,212,382,1177,42362,2,1,7,,,,,
2026-08-07,6579,142,77,1242,42362,1,2,8,,,,,
2026-08-10,6579,139,120,1261,42362,6,7,9,,,,,
2026-08-11,6579,130,94,1297,42362,8,2,3,,,,,
2026-08-12,6579,40,51,1285,42362,0,0,3,,,,,
2026-08-13,6579,85,79,1291,42362,3,0,0,,,,,
2026-08-14,6579,70,61,1300,42362,0,1,1,,,,,
2026-08-17,6579,31,17,1314,42362,0,0,1,,,,,
2026-08-18,6579,34,21,1327,42362,1,0,0,,,,,
2026-08-19,6579,14,18,1323,42362,0,0,0,,,,,
2026-08-20,6579,39,16,1346,42362,0,0,0,,,,,
2026-08-21,6579,26,37,1335,42362,0,0,0,,,,,
2026-08-24,6579,19,5,1349,42362,0,0,0,,,,,
2026-08-25,6579,37,61,1325,42362,0,1,1,,,,,
2026-08-26,6579,10,16,1319,42362,0,0,1,,,,,
2026-08-27,6579,73,10,1382,42362,0,0,1,,,,,
2026-08-28,6579,16,18,1380,42362,0,0,1,,,,,
2026-08-31,6579,11,16,1375,42362,1,1,1,,,,,
2026-09-01,6579,37,29,1383,42362,0,0,1,,,,,
2026-09-02,6579,17,11,1389,42362,0,0,1,,,,,
2026-09-03,6579,26,20,1395,42362,0,0,1,,,,,
2026-09-04,6579,46,68,1373,42362,1,1,1,,,,,
2026-09-07,6579,18,14,1377,42362,0,0,1,1373,0,1,0,
2026-09-08,6579,33,61,1349,42362,1,0,0,,,,,
2026-09-09,6579,11,21,1339,42362,0,0,0,1349,0,0,0,
2026-09-10,6579,12,14,1337,42362,0,0,0,1339,0,0,0,
