key,date,stock_id,name,market,open,high,low,close,volume,amount,change,limit,shares,transactions,price_basis
2017-11-22_0050,2017-11-22,0050,元大台灣50,twse,85.15,85.60,84.90,85.15,4913723,419446227,0.4,,,1676,
2017-11-22_0051,2017-11-22,0051,元大中型100,twse,32.56,32.64,32.40,32.40,11000,358120,0.0,,,9,
2017-11-22_0052,2017-11-22,0052,富邦科技,twse,56.45,56.60,56.45,56.45,3055,172602,0.3,,,4,
2017-11-22_0053,2017-11-22,0053,元大電子,twse,38.50,38.50,38.50,38.50,2000,77000,0.51,up,,2,
2017-11-22_0054,2017-11-22,0054,元大台商50,twse,24.87,25.00,24.85,25.00,30000,748940,0.26,,,8,
2017-11-22_0055,2017-11-22,0055,元大MSCI金融,twse,16.75,16.93,16.75,16.76,480000,8080670,0.16,,,196,
2017-11-22_0056,2017-11-22,0056,元大高股息,twse,25.21,25.25,25.15,25.17,1915379,48224564,-0.02,,,937,
2017-11-22_0057,2017-11-22,0057,富邦摩台,twse,50.75,51.20,50.75,50.85,55000,2798450,0.65,,,8,
2017-11-22_0058,2017-11-22,0058,富邦發達,twse,46.63,46.70,46.53,46.69,40000,1866200,-0.06,,,5,
2017-11-22_0059,2017-11-22,0059,富邦金融,twse,40.31,40.31,39.00,39.00,37000,1464500,0.5,,,21,
2017-11-22_0061,2017-11-22,0061,元大寶滬深,twse,19.99,20.05,19.93,19.98,4426299,88443360,0.16,,,823,
2017-11-22_006201,2017-11-22,006201,元大富櫃50,tpex,15.15,15.33,15.15,15.20,363000,5537340,0.05,,16946000,54,
2017-11-22_006203,2017-11-22,006203,元大MSCI台灣,twse,39.31,39.31,39.31,39.31,1000,39310,0.22,up,,1,
2017-11-22_006205,2017-11-22,006205,富邦上証,twse,33.39,33.67,33.36,33.51,9031804,302652345,0.19,,,1071,
2017-11-22_006206,2017-11-22,006206,元大上證50,twse,33.91,34.22,33.88,34.05,2359869,80255095,0.14,,,692,
2017-11-22_006207,2017-11-22,006207,復華滬深,twse,25.34,25.58,25.34,25.44,4173250,106217154,0.18,,,410,
2017-11-22_006208,2017-11-22,006208,富邦台50,twse,50.05,50.25,50.05,50.10,6498,325773,0.25,,,13,
2017-11-22_00625K,2017-11-22,00625K,富邦上証+R,twse,7.49,7.49,7.49,7.49,50000,374500,0.0,down,,2,
2017-11-22_00631L,2017-11-22,00631L,元大台灣50正2,twse,37.16,37.40,36.93,37.10,2039030,75842543,0.31,,,614,
2017-11-22_00632R,2017-11-22,00632R,元大台灣50反1,twse,13.01,13.03,12.95,12.99,84118819,1092772428,-0.07,,,9398,
2017-11-22_00633L,2017-11-22,00633L,富邦上証正2,twse,56.30,57.50,56.30,56.85,32901572,1866307074,0.75,,,7033,
2017-11-22_00634R,2017-11-22,00634R,富邦上証反1,twse,6.80,6.80,6.72,6.73,3811000,25740010,-0.09,,,1017,
2017-11-22_00635U,2017-11-22,00635U,期元大S&P黃金,twse,19.99,20.01,19.96,19.99,666563,13324144,0.02,,,120,
2017-11-22_00636,2017-11-22,00636,國泰中國A50,twse,22.20,22.35,22.11,22.20,16594543,368533128,0.14,,,2323,
2017-11-22_00636K,2017-11-22,00636K,國泰中國A50+U,twse,7.42,7.44,7.42,7.44,80100,595942,0.11,,,3,
2017-11-22_00637L,2017-11-22,00637L,元大滬深300正2,twse,21.48,21.78,21.35,21.55,133620957,2874170452,0.29,,,12073,
2017-11-22_00638R,2017-11-22,00638R,元大滬深300反1,twse,13.57,13.57,13.46,13.50,540000,7298220,-0.14,,,82,
2017-11-22_00639,2017-11-22,00639,富邦深100,twse,12.32,12.47,12.29,12.31,5417452,67048858,0.06,,,1182,
2017-11-22_00640L,2017-11-22,00640L,富邦日本正2,twse,24.64,24.74,24.56,24.64,696000,17185890,0.05,,,88,
2017-11-22_00641R,2017-11-22,00641R,富邦日本反1,twse,14.73,14.76,14.69,14.76,632000,9308220,-0.02,,,94,
2017-11-22_00642U,2017-11-22,00642U,期元大S&P石油,twse,17.42,17.60,17.42,17.57,6582655,115472646,0.34,,,1400,
2017-11-22_00643,2017-11-22,00643,群益深証中小,twse,16.62,16.77,16.58,16.60,4796566,79926990,0.03,,,579,
2017-11-22_00645,2017-11-22,00645,富邦日本,twse,22.48,22.48,22.43,22.43,71533,1607231,-0.03,,,11,
2017-11-22_00646,2017-11-22,00646,元大S&P500,twse,23.22,23.30,23.22,23.24,83000,1929040,0.04,,,16,
2017-11-22_00647L,2017-11-22,00647L,元大S&P500正2,twse,29.64,29.65,29.63,29.63,46000,1363870,0.0,,,6,
2017-11-22_00648R,2017-11-22,00648R,元大S&P500反1,twse,14.49,14.49,14.44,14.44,2250010,32527093,-0.12,,,262,
2017-11-22_00649,2017-11-22,00649,FH香港,twse,21.62,21.66,21.62,21.66,8000,173120,0.31,,,4,
2017-11-22_00650L,2017-11-22,00650L,復華香港正2,twse,35.92,36.56,35.91,36.31,168000,6092230,0.98,,,78,
2017-11-22_00651R,2017-11-22,00651R,復華香港反1,twse,8.64,8.64,8.54,8.57,413000,3538440,-0.11,,,81,
2017-11-22_00652,2017-11-22,00652,富邦印度,twse,23.26,23.29,23.14,23.15,160500,3730644,-0.07,,,36,
2017-11-22_00653L,2017-11-22,00653L,富邦印度正2,twse,29.03,29.10,28.70,28.80,1056000,30589020,-0.19,,,300,
2017-11-22_00654R,2017-11-22,00654R,富邦印度反1,twse,15.14,15.24,15.14,15.21,65000,986470,0.07,,,11,
2017-11-22_00655L,2017-11-22,00655L,國泰中國A50正2,twse,41.39,42.25,41.30,41.80,16687650,695434987,0.71,,,3461,
2017-11-22_00656R,2017-11-22,00656R,國泰中國A50反1,twse,12.47,12.47,12.34,12.40,145000,1797180,-0.09,,,31,
2017-11-22_00657,2017-11-22,00657,國泰日經225,twse,27.12,27.18,27.11,27.15,286000,7763800,0.16,,,37,
2017-11-22_00657K,2017-11-22,00657K,國泰日經225+U,twse,9.07,9.07,9.07,9.07,80000,725600,0.06,up,,2,
2017-11-22_00658L,2017-11-22,00658L,國泰日本正2,twse,37.10,37.30,37.01,37.01,76000,2823680,0.23,,,28,
2017-11-22_00659R,2017-11-22,00659R,國泰日本反1,twse,13.04,13.05,13.00,13.05,141000,1835750,-0.05,,,35,
2017-11-22_00660,2017-11-22,00660,元大歐洲50,twse,25.39,25.41,25.35,25.35,10000,253740,0.17,,,7,
2017-11-22_00661,2017-11-22,00661,元大日經225,twse,27.97,27.97,27.84,27.84,12000,335510,-0.12,,,3,
2017-11-22_00662,2017-11-22,00662,富邦NASDAQ,twse,26.30,26.32,26.28,26.28,133498,3510473,0.21,,,20,
2017-11-22_00663L,2017-11-22,00663L,國泰臺灣加權正2,twse,33.92,34.20,33.83,33.94,369000,12548160,0.29,,,94,
2017-11-22_00664R,2017-11-22,00664R,國泰臺灣加權反1,twse,14.71,14.73,14.63,14.70,10316000,151608700,-0.06,,,632,
2017-11-22_00665L,2017-11-22,00665L,富邦恒生國企正2,twse,33.88,34.75,33.88,34.33,2487000,85359580,1.22,,,696,
2017-11-22_00666R,2017-11-22,00666R,富邦恒生國企反1,twse,13.48,13.48,13.35,13.42,178000,2387890,-0.29,,,20,
2017-11-22_00668,2017-11-22,00668,國泰美國道瓊,twse,24.56,24.70,24.56,24.59,14000,344110,0.06,,,4,
2017-11-22_00668K,2017-11-22,00668K,國泰美國道瓊+U,twse,8.24,8.24,8.24,8.24,80000,659200,0.05,up,,2,
2017-11-22_00669R,2017-11-22,00669R,國泰美國道瓊反1,twse,14.86,14.87,14.83,14.84,321000,4764050,-0.1,,,111,
2017-11-22_00670L,2017-11-22,00670L,富邦NASDAQ正2,twse,27.74,27.83,27.73,27.75,114000,3164940,0.47,,,90,
2017-11-22_00671R,2017-11-22,00671R,富邦NASDAQ反1,twse,16.25,16.25,16.22,16.23,344000,5583590,-0.15,,,71,
2017-11-22_00672L,2017-11-22,00672L,元大S&P原油正2,twse,18.14,18.53,18.14,18.49,21875679,402425993,0.73,,,2959,
2017-11-22_00673R,2017-11-22,00673R,期元大S&P原油反1,twse,17.99,17.99,17.71,17.73,14679000,261108320,-0.45,,,1615,
2017-11-22_00675L,2017-11-22,00675L,富邦臺灣加權正2,twse,14.69,14.83,14.66,14.70,980000,14447040,0.1,,,155,
2017-11-22_00676R,2017-11-22,00676R,富邦臺灣加權反1,twse,7.98,7.99,7.93,7.96,9503000,75616800,-0.05,,,651,
2017-11-22_00677U,2017-11-22,00677U,期富邦VIX,twse,6.13,6.20,6.13,6.15,19160500,118021990,-0.26,,,2227,
2017-11-22_00678,2017-11-22,00678,群益那斯達克生技,twse,21.06,21.13,20.79,20.80,583000,12204200,-0.15,,,175,
2017-11-22_00679B,2017-11-22,00679B,元大美債20年,tpex,39.45,39.45,39.31,39.31,2019000,79475230,-0.11,,650692000,49,
2017-11-22_00680L,2017-11-22,00680L,元大美債20正2,twse,21.13,21.13,21.12,21.12,14000,295780,0.0,,,2,
2017-11-22_00682U,2017-11-22,00682U,期元大美元指數,twse,18.46,18.48,18.42,18.42,18160,335008,-0.04,,,12,
2017-11-22_00683L,2017-11-22,00683L,期元大美元指正2,twse,17.20,17.20,17.17,17.17,429000,7368670,-0.07,,,158,
2017-11-22_00685L,2017-11-22,00685L,群益臺灣加權正2,twse,12.87,12.93,12.84,12.87,40000,514940,0.11,,,7,
2017-11-22_00686R,2017-11-22,00686R,群益臺灣加權反1,twse,8.70,8.70,8.64,8.69,3639000,31539070,-0.04,,,169,
2017-11-22_00687B,2017-11-22,00687B,國泰20年美債,tpex,40.82,40.82,40.71,40.71,2332000,94949590,-0.07,,121287000,20,
2017-11-22_00688L,2017-11-22,00688L,國泰20年美債正2,twse,21.51,21.51,21.44,21.44,215000,4616060,0.08,,,9,
2017-11-22_00689R,2017-11-22,00689R,國泰20年美債反1,twse,18.71,18.71,18.71,18.71,200000,3742000,-0.05,down,,2,
2017-11-22_00690,2017-11-22,00690,兆豐藍籌30,twse,22.10,22.31,22.10,22.20,828301,18413592,0.13,,,133,
2017-11-22_00692,2017-11-22,00692,富邦公司治理,twse,22.13,22.29,22.13,22.16,1919576,42646280,0.08,,,711,
2017-11-22_00693U,2017-11-22,00693U,期街口S&P黃豆,twse,19.91,19.93,19.91,19.93,43000,856610,0.02,,,20,
2017-11-22_00694B,2017-11-22,00694B,富邦美債1-3,tpex,39.82,39.83,39.73,39.75,786000,31285670,-0.19,,78576000,15,
2017-11-22_00695B,2017-11-22,00695B,富邦美債7-10,tpex,39.45,39.45,39.33,39.34,759000,29883490,-0.16,,10686000,18,
2017-11-22_00696B,2017-11-22,00696B,富邦美債20年,tpex,40.43,40.47,40.40,40.41,1001000,40477840,-0.03,,9181000,22,
2017-11-22_00697B,2017-11-22,00697B,元大美債7-10,tpex,38.96,38.98,38.78,38.80,2325000,90328090,-0.18,,11212000,66,
2017-11-22_00700,2017-11-22,00700,富邦恒生國企,twse,21.63,21.67,21.49,21.54,161060,3471170,0.34,,,30,
2017-11-22_00701,2017-11-22,00701,國泰股利精選30,twse,20.32,20.43,20.32,20.33,846300,17250567,0.12,,,151,
2017-11-22_00702,2017-11-22,00702,國泰標普低波高息,twse,20.70,20.70,20.68,20.68,148000,3062900,-0.02,,,16,
2017-11-22_00703,2017-11-22,00703,台新MSCI中國,twse,22.53,22.62,22.45,22.55,741000,16691340,0.12,,,125,
2017-11-22_00704L,2017-11-22,00704L,台新MSCI台灣正2,twse,21.50,21.50,21.19,21.27,347000,7400690,0.14,,,10,
2017-11-22_00705R,2017-11-22,00705R,台新MSCI台灣反1,twse,18.84,18.85,18.71,18.78,105000,1967460,-0.16,,,6,
2017-11-22_00706L,2017-11-22,00706L,期元大S&P日圓正2,twse,19.02,19.06,19.01,19.06,484000,9218900,0.1,,,33,
2017-11-22_00707R,2017-11-22,00707R,期元大S&P日圓反1,twse,20.27,20.28,20.27,20.28,403000,8172830,-0.06,,,6,
2017-11-22_00708L,2017-11-22,00708L,期元大S&P黃金正2,twse,18.85,18.89,18.79,18.87,1626000,30639400,-0.01,,,217,
2017-11-22_00709,2017-11-22,00709,富邦歐洲,twse,20.46,20.46,20.46,20.46,10000,204600,0.08,up,,3,
2017-11-22_00710B,2017-11-22,00710B,復華彭博非投等債,twse,19.93,19.93,19.90,19.90,24000,477630,-0.05,,,4,
2017-11-22_00711B,2017-11-22,00711B,復華彭博新興債,twse,20.21,20.21,20.14,20.14,42000,848110,0.0,,,4,
2017-11-22_00712,2017-11-22,00712,復華富時不動產,twse,19.42,19.42,19.41,19.41,32000,621420,0.08,,,3,
2017-11-22_00713,2017-11-22,00713,元大台灣高息低波,twse,30.70,30.90,30.68,30.89,68000,2097760,0.19,,,26,
2017-11-22_00714,2017-11-22,00714,群益道瓊美國地產,twse,20.20,20.20,20.13,20.16,620000,12498970,-0.03,,,14,
2017-11-22_00715L,2017-11-22,00715L,期街口布蘭特正2,twse,20.09,20.32,20.09,20.22,1604000,32439230,0.33,,,109,
2017-11-22_00716R,2017-11-22,00716R,華頓S&P布蘭特反1,twse,19.65,19.65,19.55,19.58,640000,12532420,-0.25,,,17,
2017-11-22_008201,2017-11-22,008201,BP上證50,twse,106.00,106.90,105.00,106.90,10700,1133810,0.6,,,32,
2017-11-22_01001T,2017-11-22,01001T,土銀富邦R1,twse,12.71,12.74,12.71,12.74,167000,2125240,0.03,,,24,
2017-11-22_01002T,2017-11-22,01002T,土銀國泰R1,twse,13.30,13.48,13.18,13.23,222000,2937580,0.05,,,42,
2017-11-22_01003T,2017-11-22,01003T,兆豐新光R1,twse,14.38,14.40,14.38,14.38,502000,7221040,0.0,,,56,
2017-11-22_01004T,2017-11-22,01004T,土銀富邦R2,twse,11.39,11.40,11.35,11.36,46000,523380,-0.03,,,16,
2017-11-22_01007T,2017-11-22,01007T,兆豐國泰R2,twse,13.00,13.03,13.00,13.01,301000,3916300,0.01,,,31,
2017-11-22_1101,2017-11-22,1101,台泥,twse,34.35,34.70,34.30,34.70,6629869,228445765,0.35,,,2904,
2017-11-22_1102,2017-11-22,1102,亞泥,twse,26.90,27.00,26.75,26.95,3061655,82264451,0.05,,,1756,
2017-11-22_1103,2017-11-22,1103,嘉泥,twse,12.25,12.25,12.15,12.25,412566,5034022,0.0,,,115,
2017-11-22_1104,2017-11-22,1104,環泥,twse,23.00,23.15,23.00,23.15,277167,6396493,0.15,,,127,
2017-11-22_1108,2017-11-22,1108,幸福,twse,8.60,8.63,8.51,8.59,164693,1410393,-0.02,,,66,
2017-11-22_1109,2017-11-22,1109,信大,twse,11.80,11.95,11.80,11.95,80961,959684,0.2,,,35,
2017-11-22_1110,2017-11-22,1110,東泥,twse,14.05,14.10,14.00,14.10,180000,2532450,0.05,,,47,
2017-11-22_1201,2017-11-22,1201,味全,twse,19.70,19.70,19.45,19.60,1166202,22765455,-0.05,,,449,
2017-11-22_1203,2017-11-22,1203,味王,twse,24.90,25.10,24.90,25.10,79272,1983875,0.1,,,66,
2017-11-22_1210,2017-11-22,1210,大成,twse,34.60,34.85,34.45,34.65,1579057,54688611,0.15,,,842,
2017-11-22_1213,2017-11-22,1213,大飲,twse,15.70,15.95,15.70,15.90,53102,838420,0.25,,,40,
2017-11-22_1215,2017-11-22,1215,卜蜂,twse,63.50,63.60,62.90,63.00,1080053,68172141,-0.2,,,708,
2017-11-22_1216,2017-11-22,1216,統一,twse,64.50,65.10,64.20,65.00,12268461,794679681,0.8,,,5002,
2017-11-22_1217,2017-11-22,1217,愛之味,twse,7.50,7.52,7.47,7.49,613228,4592499,0.01,,,224,
2017-11-22_1218,2017-11-22,1218,泰山,twse,18.15,18.35,18.00,18.35,1466957,26642858,0.35,,,481,
2017-11-22_1219,2017-11-22,1219,福壽,twse,17.60,17.85,17.60,17.85,50328,889598,0.1,,,44,
2017-11-22_1220,2017-11-22,1220,台榮,twse,10.30,10.35,10.25,10.30,102001,1047760,0.0,,,51,
2017-11-22_1225,2017-11-22,1225,福懋油,twse,66.90,67.00,64.90,65.50,62928,4127920,-2.0,,,38,
2017-11-22_1227,2017-11-22,1227,佳格,twse,75.00,75.10,74.40,74.50,1153193,85960066,-0.4,,,788,
2017-11-22_1229,2017-11-22,1229,聯華,twse,32.55,33.20,32.50,32.95,2793492,91695357,0.5,,,1354,
2017-11-22_1231,2017-11-22,1231,聯華食,twse,33.10,33.15,33.05,33.10,119874,3967620,0.0,,,98,
2017-11-22_1232,2017-11-22,1232,大統益,twse,90.80,91.50,90.80,91.50,26861,2450849,0.3,,,34,
2017-11-22_1233,2017-11-22,1233,天仁,twse,34.50,34.70,34.45,34.65,40100,1386279,0.15,,,27,
2017-11-22_1234,2017-11-22,1234,黑松,twse,31.20,31.25,31.15,31.25,82000,2557796,0.2,,,71,
2017-11-22_1235,2017-11-22,1235,興泰,twse,38.15,38.60,38.15,38.60,221657,8534907,0.3,,,78,
2017-11-22_1236,2017-11-22,1236,宏亞,twse,16.80,16.80,16.75,16.80,12204,204904,0.0,,,14,
2017-11-22_1256,2017-11-22,1256,鮮活果汁-KY,twse,147.00,147.00,144.50,145.00,37100,5392500,-1.0,,,36,
2017-11-22_1258,2017-11-22,1258,其祥-KY,tpex,28.90,29.40,28.90,29.40,33000,957800,-0.10,,36816458,30,
2017-11-22_1259,2017-11-22,1259,安心,tpex,87.10,87.60,87.10,87.60,4000,349400,0.10,,32389500,3,
2017-11-22_1262,2017-11-22,1262,綠悅-KY,twse,56.20,56.90,55.20,56.10,1177100,65896303,-0.3,,,805,
2017-11-22_1264,2017-11-22,1264,德麥,tpex,235.00,235.00,232.00,232.00,44000,10266500,-5.00,,33695970,38,
2017-11-22_1268,2017-11-22,1268,漢來美食,tpex,155.00,155.00,153.50,153.50,49000,7554000,-1.50,,37991000,47,
2017-11-22_1301,2017-11-22,1301,台塑,twse,92.60,93.50,92.40,92.50,7911452,735337836,0.4,,,3176,
2017-11-22_1303,2017-11-22,1303,南亞,twse,75.00,75.50,75.00,75.50,8707584,655577188,0.3,,,2916,
2017-11-22_1304,2017-11-22,1304,台聚,twse,15.35,15.40,15.30,15.40,1587118,24368289,0.1,,,679,
2017-11-22_1305,2017-11-22,1305,華夏,twse,29.80,30.15,29.40,29.55,4693829,139359481,-0.25,,,2480,
2017-11-22_1307,2017-11-22,1307,三芳,twse,34.30,34.80,34.20,34.80,159214,5458001,0.5,,,130,
2017-11-22_1308,2017-11-22,1308,亞聚,twse,18.85,19.00,18.80,18.95,536496,10149462,0.15,,,271,
2017-11-22_1309,2017-11-22,1309,台達化,twse,12.10,12.30,11.65,11.70,4827961,57617791,-0.3,,,1060,
2017-11-22_1310,2017-11-22,1310,台苯,twse,21.60,21.75,21.25,21.25,5637284,121027769,-0.2,,,1935,
2017-11-22_1312,2017-11-22,1312,國喬,twse,27.00,27.60,26.90,27.15,12814967,348360259,0.3,,,5287,
2017-11-22_1312A,2017-11-22,1312A,國喬特,twse,30.20,30.20,30.20,30.20,1000,30200,0.0,down,,1,
2017-11-22_1313,2017-11-22,1313,聯成,twse,17.15,17.25,17.05,17.05,3078970,52797790,0.0,,,937,
2017-11-22_1314,2017-11-22,1314,中石化,twse,14.00,14.20,13.90,13.90,39630048,556588678,0.0,,,5502,
2017-11-22_1315,2017-11-22,1315,達新,twse,25.45,25.50,25.45,25.50,16999,432874,0.05,,,12,
2017-11-22_1316,2017-11-22,1316,上曜,twse,26.00,26.15,25.70,25.75,850728,22036407,-0.2,,,319,
2017-11-22_1319,2017-11-22,1319,東陽,twse,58.50,58.70,57.50,57.70,3028739,175277609,-0.6,,,1763,
2017-11-22_1321,2017-11-22,1321,大洋,twse,28.90,28.90,28.80,28.90,92005,2651995,-0.1,,,44,
2017-11-22_1323,2017-11-22,1323,永裕,twse,33.45,33.45,33.10,33.30,350540,11667031,0.0,,,150,
2017-11-22_1324,2017-11-22,1324,地球,twse,12.70,12.70,12.60,12.70,16100,203709,0.0,,,13,
2017-11-22_1325,2017-11-22,1325,恆大,twse,19.10,19.15,19.05,19.10,50000,955550,-0.05,,,28,
2017-11-22_1326,2017-11-22,1326,台化,twse,93.70,94.50,93.60,94.50,4849341,456660770,1.0,,,2519,
2017-11-22_1333,2017-11-22,1333,恩得利,tpex,3.89,3.89,3.74,3.80,12000,46260,0.10,,61515375,4,
2017-11-22_1336,2017-11-22,1336,台翰,tpex,17.70,17.90,17.55,17.65,760000,13470500,0.00,,71981160,281,
2017-11-22_1337,2017-11-22,1337,再生-KY,twse,12.65,12.80,12.65,12.70,954772,12145081,0.05,,,318,
2017-11-22_1338,2017-11-22,1338,廣華-KY,twse,117.50,118.00,116.00,116.50,925200,107798300,0.0,,,636,
2017-11-22_1339,2017-11-22,1339,昭輝,twse,44.30,45.20,44.30,44.55,369000,16532200,0.3,,,190,
2017-11-22_1340,2017-11-22,1340,勝悅-KY,twse,49.30,50.50,49.10,49.30,3559029,177280617,0.85,,,1997,
2017-11-22_1402,2017-11-22,1402,遠東新,twse,25.85,26.30,25.85,26.00,8228986,214515866,0.25,,,2880,
2017-11-22_1409,2017-11-22,1409,新纖,twse,10.05,10.20,10.00,10.10,5865610,59250350,0.1,,,1122,
2017-11-22_1410,2017-11-22,1410,南染,twse,23.80,23.80,23.70,23.75,42606,1011861,-0.05,,,30,
2017-11-22_1413,2017-11-22,1413,宏洲,twse,9.17,9.18,9.05,9.10,238866,2179294,-0.05,,,116,
2017-11-22_1414,2017-11-22,1414,東和,twse,7.35,7.38,7.25,7.26,1244631,9074004,-0.07,,,352,
2017-11-22_1416,2017-11-22,1416,廣豐,twse,18.25,18.30,17.10,17.45,871673,15252020,-0.8,,,558,
2017-11-22_1417,2017-11-22,1417,嘉裕,twse,4.83,4.83,4.80,4.81,202023,971994,0.0,,,67,
2017-11-22_1419,2017-11-22,1419,新紡,twse,42.40,42.80,42.00,42.40,39635,1686082,0.15,,,36,
2017-11-22_1423,2017-11-22,1423,利華,twse,7.72,7.88,7.72,7.80,293319,2287491,0.04,,,73,
2017-11-22_1432,2017-11-22,1432,大魯閣,twse,14.05,14.05,13.90,14.00,31672,442338,0.1,,,26,
2017-11-22_1434,2017-11-22,1434,福懋,twse,30.45,30.50,30.35,30.45,1114117,33912302,0.1,,,838,
2017-11-22_1435,2017-11-22,1435,中福,twse,5.50,5.52,5.46,5.46,150192,825457,0.0,,,53,
2017-11-22_1436,2017-11-22,1436,華友聯,twse,40.05,40.05,39.60,39.80,9981,396006,-0.4,,,13,
2017-11-22_1437,2017-11-22,1437,勤益控,twse,17.50,17.50,17.35,17.35,66441,1155879,-0.15,,,23,
2017-11-22_1438,2017-11-22,1438,三地開發,twse,5.05,5.05,5.05,5.05,39413,198986,-0.04,down,,8,
2017-11-22_1439,2017-11-22,1439,雋揚,twse,19.90,19.90,19.70,19.85,6000,118750,-0.05,,,5,
2017-11-22_1440,2017-11-22,1440,南紡,twse,13.65,13.75,13.55,13.70,959140,13127750,0.1,,,326,
2017-11-22_1441,2017-11-22,1441,大東,twse,7.21,7.21,7.10,7.16,56782,405811,-0.03,,,29,
2017-11-22_1442,2017-11-22,1442,名軒,twse,18.20,18.40,18.10,18.30,360761,6576320,0.15,,,191,
2017-11-22_1443,2017-11-22,1443,立益物流,twse,5.75,5.78,5.72,5.78,20414,117751,0.08,,,17,
2017-11-22_1444,2017-11-22,1444,力麗,twse,11.20,11.35,11.00,11.05,7245546,80711956,-0.05,,,1809,
2017-11-22_1445,2017-11-22,1445,大宇,twse,8.53,8.57,8.49,8.56,67616,576651,0.03,,,37,
2017-11-22_1446,2017-11-22,1446,宏和,twse,22.20,22.25,22.00,22.20,31644,701818,0.2,,,30,
2017-11-22_1447,2017-11-22,1447,力鵬,twse,8.80,8.82,8.67,8.71,2887714,25280380,0.0,,,676,
2017-11-22_1449,2017-11-22,1449,佳和,twse,5.50,5.96,5.50,5.96,1530869,9065221,0.54,,,324,
2017-11-22_1451,2017-11-22,1451,年興,twse,27.20,27.20,26.60,26.85,415918,11145442,-0.35,,,359,
2017-11-22_1452,2017-11-22,1452,宏益,twse,22.20,22.25,21.80,21.85,1068419,23489553,-0.25,,,483,
2017-11-22_1453,2017-11-22,1453,大將,twse,9.12,9.14,8.90,8.90,434984,3908913,-0.23,,,127,
2017-11-22_1454,2017-11-22,1454,台富,twse,8.32,8.36,8.29,8.29,93433,776441,-0.04,,,46,
2017-11-22_1455,2017-11-22,1455,集盛,twse,13.55,13.95,12.60,12.65,63569878,846060042,-0.55,,,14253,
2017-11-22_1456,2017-11-22,1456,怡華,twse,10.25,10.35,10.10,10.10,12330,125632,-0.1,,,15,
2017-11-22_1457,2017-11-22,1457,宜進,twse,14.40,14.60,13.65,13.75,10219770,143785590,-0.5,,,2918,
2017-11-22_1459,2017-11-22,1459,聯發,twse,9.16,9.17,8.91,8.92,1198510,10850095,-0.08,,,446,
2017-11-22_1460,2017-11-22,1460,宏遠,twse,14.40,14.40,14.20,14.25,1379732,19658810,-0.1,,,520,
2017-11-22_1463,2017-11-22,1463,強盛新,twse,26.80,27.15,26.80,26.95,887000,23951200,0.25,,,493,
2017-11-22_1464,2017-11-22,1464,得力,twse,25.20,25.30,25.10,25.25,589955,14860549,0.15,,,344,
2017-11-22_1465,2017-11-22,1465,偉全,twse,15.65,15.65,15.50,15.65,60200,937750,-0.05,,,30,
2017-11-22_1466,2017-11-22,1466,聚隆,twse,12.00,12.10,12.00,12.10,37101,446262,0.0,,,21,
2017-11-22_1467,2017-11-22,1467,南緯,twse,11.25,11.35,11.05,11.20,476502,5337820,0.0,,,210,
2017-11-22_1468,2017-11-22,1468,昶和,twse,10.35,10.50,10.35,10.40,29008,301681,0.1,,,12,
2017-11-22_1469,2017-11-22,1469,理隆,twse,13.80,14.10,13.75,14.10,9000,125600,0.15,,,9,
2017-11-22_1470,2017-11-22,1470,大統新創,twse,19.20,19.20,19.20,19.20,4333,82993,0.4,up,,5,
2017-11-22_1471,2017-11-22,1471,首利,twse,5.15,5.18,5.10,5.15,380948,1958222,0.06,,,119,
2017-11-22_1472,2017-11-22,1472,三洋實業,twse,41.30,41.75,40.60,41.45,501936,20708776,0.1,,,230,
2017-11-22_1473,2017-11-22,1473,台南,twse,23.35,23.40,23.30,23.40,72306,1686909,0.05,,,59,
2017-11-22_1474,2017-11-22,1474,弘裕,twse,11.20,11.20,11.15,11.20,144293,1614081,0.05,,,41,
2017-11-22_1475,2017-11-22,1475,業旺,twse,140.00,146.00,136.00,146.00,269516,38697556,13.0,,,320,
2017-11-22_1476,2017-11-22,1476,儒鴻,twse,292.50,293.50,281.00,284.50,2704757,773726633,-6.0,,,2267,
2017-11-22_1477,2017-11-22,1477,聚陽,twse,122.50,122.50,121.50,122.50,667392,81429517,0.0,,,575,
2017-11-22_1503,2017-11-22,1503,士電,twse,41.80,41.95,41.60,41.90,117608,4923832,0.15,,,117,
2017-11-22_1504,2017-11-22,1504,東元,twse,28.55,28.75,28.50,28.75,3326824,95226854,0.3,,,2020,
2017-11-22_1506,2017-11-22,1506,正道,twse,21.80,22.00,21.30,21.30,305115,6579137,-0.4,,,149,
2017-11-22_1507,2017-11-22,1507,永大,twse,57.00,57.10,56.00,57.10,583187,32982659,0.0,,,507,
2017-11-22_1512,2017-11-22,1512,瑞利,twse,11.05,11.05,10.65,11.05,6996150,76841207,1.0,,,872,
2017-11-22_1513,2017-11-22,1513,中興電,twse,20.80,21.45,20.80,21.10,2925874,61849104,0.45,,,1140,
2017-11-22_1514,2017-11-22,1514,亞力,twse,10.70,10.90,10.60,10.80,1139801,12279968,0.2,,,274,
2017-11-22_1515,2017-11-22,1515,力山,twse,67.90,69.60,61.00,62.00,7711337,503655194,-5.2,,,4411,
2017-11-22_1516,2017-11-22,1516,川飛,twse,16.55,16.55,16.00,16.05,262371,4233346,-0.5,,,145,
2017-11-22_1517,2017-11-22,1517,利奇,twse,11.80,11.85,11.70,11.70,319225,3754781,-0.2,,,132,
2017-11-22_1519,2017-11-22,1519,華城,twse,20.00,20.40,19.85,20.00,1123157,22593223,0.3,,,569,
2017-11-22_1521,2017-11-22,1521,大億,twse,81.00,82.00,80.60,81.30,88004,7128428,0.6,,,71,
2017-11-22_1522,2017-11-22,1522,堤維西,twse,33.00,33.15,32.70,32.75,1397447,45964033,-0.15,,,890,
2017-11-22_1524,2017-11-22,1524,耿鼎,twse,11.45,11.50,11.35,11.40,319133,3643408,0.0,,,108,
2017-11-22_1525,2017-11-22,1525,江申,twse,106.00,106.00,103.00,105.00,115013,11953365,-1.0,,,106,
2017-11-22_1526,2017-11-22,1526,日馳,twse,47.10,47.30,46.00,46.20,1082438,50537823,0.0,,,651,
2017-11-22_1527,2017-11-22,1527,鑽全,twse,81.00,81.00,80.10,80.10,193700,15587625,-0.8,,,175,
2017-11-22_1528,2017-11-22,1528,恩德,twse,14.60,14.75,14.05,14.15,3702529,53046333,-0.45,,,1251,
2017-11-22_1529,2017-11-22,1529,樂事綠能,twse,3.08,3.08,3.07,3.08,138000,424840,0.0,,,15,
2017-11-22_1530,2017-11-22,1530,亞崴,twse,32.50,32.50,32.00,32.00,48400,1555400,0.0,,,32,
2017-11-22_1531,2017-11-22,1531,高林股,twse,21.50,21.50,20.95,20.95,312056,6599833,-0.55,,,164,
2017-11-22_1532,2017-11-22,1532,勤美,twse,27.20,27.20,26.85,27.10,377667,10210559,0.1,,,216,
2017-11-22_1533,2017-11-22,1533,車王電,twse,39.55,39.55,39.00,39.05,128860,5041290,-0.25,,,102,
2017-11-22_1535,2017-11-22,1535,中宇,twse,43.15,43.20,42.00,42.10,63001,2677043,-1.0,,,44,
2017-11-22_1536,2017-11-22,1536,和大,twse,133.00,133.00,130.00,130.00,935084,122965004,-2.0,,,734,
2017-11-22_1537,2017-11-22,1537,廣隆,twse,145.50,146.00,145.50,146.00,69032,10058832,0.5,,,62,
2017-11-22_1538,2017-11-22,1538,正峰,twse,5.08,5.31,5.07,5.20,248622,1290895,0.14,,,116,
2017-11-22_1539,2017-11-22,1539,巨庭,twse,21.30,21.95,21.30,21.55,198150,4281160,0.55,,,116,
2017-11-22_1540,2017-11-22,1540,喬福,twse,15.05,15.10,14.95,15.00,53550,803092,-0.05,,,31,
2017-11-22_1541,2017-11-22,1541,錩泰,twse,46.20,46.50,45.80,46.00,127010,5841562,-0.05,,,86,
2017-11-22_1558,2017-11-22,1558,伸興,twse,126.50,128.00,126.50,128.00,68456,8709093,1.5,,,69,
2017-11-22_1560,2017-11-22,1560,中砂,twse,85.00,88.50,83.00,83.10,7579776,650461679,-0.9,,,4970,
2017-11-22_1565,2017-11-22,1565,精華,tpex,855.00,862.00,831.00,850.00,501000,425204000,3.00,,50416516,483,
2017-11-22_1566,2017-11-22,1566,捷邦,tpex,20.10,20.25,19.50,19.50,224000,4390900,-0.30,,66467028,110,
2017-11-22_1568,2017-11-22,1568,倉佑,twse,35.20,35.30,34.15,34.15,1347000,46490850,-0.85,,,807,
2017-11-22_1569,2017-11-22,1569,濱川,tpex,36.40,36.70,36.05,36.10,668000,24255450,0.05,,101891841,455,
2017-11-22_1570,2017-11-22,1570,力肯,tpex,15.85,15.85,15.70,15.75,75000,1179900,0.05,,51500839,41,
2017-11-22_1580,2017-11-22,1580,新麥,tpex,159.50,160.50,158.50,158.50,31000,4941000,0.00,,48531634,29,
2017-11-22_1582,2017-11-22,1582,信錦,twse,67.80,67.90,67.00,67.30,1080522,72772429,-0.4,,,710,
2017-11-22_1583,2017-11-22,1583,程泰,twse,64.00,64.50,63.80,64.20,61230,3923820,0.7,,,56,
2017-11-22_1584,2017-11-22,1584,精剛,tpex,11.35,11.45,11.25,11.35,230000,2596700,0.00,,82470533,80,
2017-11-22_1586,2017-11-22,1586,和勤,tpex,48.75,49.55,48.30,48.95,3504000,171370950,0.20,,73005675,1271,
2017-11-22_1589,2017-11-22,1589,永冠-KY,twse,60.30,61.70,59.60,61.40,1202180,72445006,1.2,,,716,
2017-11-22_1590,2017-11-22,1590,亞德客-KY,twse,510.00,520.00,499.50,511.00,1180120,602047220,16.0,,,1107,
2017-11-22_1591,2017-11-22,1591,駿吉-KY,tpex,35.20,35.50,35.00,35.25,73000,2569600,0.05,,33164807,46,
2017-11-22_1592,2017-11-22,1592,英瑞-KY,twse,33.85,33.85,33.30,33.50,72100,2418400,0.0,,,51,
2017-11-22_1593,2017-11-22,1593,祺驊,tpex,45.90,46.60,45.05,45.80,366000,16713750,-0.15,,30432018,218,
2017-11-22_1595,2017-11-22,1595,川寶,tpex,70.10,71.00,69.70,69.90,225000,15841900,0.40,,46621820,123,
2017-11-22_1597,2017-11-22,1597,直得,tpex,103.50,109.00,99.00,99.10,7355000,765398200,-2.90,,62045489,5288,
2017-11-22_1598,2017-11-22,1598,岱宇,twse,40.10,40.25,39.60,40.00,95000,3793150,-0.1,,,57,
2017-11-22_1599,2017-11-22,1599,宏佳騰,tpex,43.20,43.80,43.10,43.50,106000,4605550,0.30,,62002519,78,
2017-11-22_1603,2017-11-22,1603,華電,twse,26.75,26.80,26.65,26.65,21000,561450,0.0,,,10,
2017-11-22_1604,2017-11-22,1604,聲寶,twse,13.10,13.15,12.90,12.95,3137289,40732625,-0.15,,,1418,
2017-11-22_1605,2017-11-22,1605,華新,twse,16.20,16.25,16.00,16.00,8716849,140442734,-0.15,,,2133,
2017-11-22_1608,2017-11-22,1608,華榮,twse,10.55,10.85,10.55,10.55,4882924,52242849,0.1,,,1271,
2017-11-22_1609,2017-11-22,1609,大亞,twse,11.30,11.60,11.20,11.35,26071153,297208637,0.3,,,6345,
2017-11-22_1611,2017-11-22,1611,中電,twse,9.88,9.90,9.59,9.59,4732705,46209707,-0.26,,,1251,
2017-11-22_1612,2017-11-22,1612,宏泰,twse,10.60,10.75,10.55,10.60,582020,6180411,0.05,,,144,
2017-11-22_1614,2017-11-22,1614,三洋電,twse,23.10,23.20,23.10,23.20,17000,393750,0.1,,,15,
2017-11-22_1615,2017-11-22,1615,大山,twse,14.55,14.55,14.35,14.40,108977,1575769,-0.1,,,61,
2017-11-22_1616,2017-11-22,1616,億泰,twse,5.40,5.41,5.36,5.41,303000,1633330,0.01,,,57,
2017-11-22_1617,2017-11-22,1617,榮星,twse,13.85,15.10,13.85,13.85,1848529,26824293,0.05,,,805,
2017-11-22_1618,2017-11-22,1618,合機,twse,9.54,9.66,9.54,9.59,305100,2920315,0.07,,,91,
2017-11-22_1626,2017-11-22,1626,艾美特-KY,twse,25.55,25.55,24.60,24.60,198000,4933500,-0.8,,,128,
2017-11-22_1701,2017-11-22,1701,中化,twse,18.60,18.70,18.35,18.40,780209,14440430,-0.1,,,380,
2017-11-22_1702,2017-11-22,1702,南僑,twse,60.80,60.80,59.80,60.10,1171553,70458405,-0.7,,,642,
2017-11-22_1704,2017-11-22,1704,榮化,twse,42.00,42.10,41.55,41.90,1199101,50296662,0.0,,,572,
2017-11-22_1707,2017-11-22,1707,葡萄王,twse,185.00,185.00,183.00,183.50,280458,51509314,-1.5,,,267,
2017-11-22_1708,2017-11-22,1708,東鹼,twse,29.00,29.05,28.85,28.90,637572,18439438,-0.05,,,257,
2017-11-22_1709,2017-11-22,1709,和益,twse,18.20,18.25,18.15,18.25,421206,7665640,0.05,,,203,
2017-11-22_1710,2017-11-22,1710,東聯,twse,33.00,33.00,32.05,32.45,12553384,407062209,-0.45,,,5498,
2017-11-22_1711,2017-11-22,1711,永光,twse,18.70,18.70,18.40,18.65,612222,11377223,0.05,,,263,
2017-11-22_1712,2017-11-22,1712,興農,twse,17.70,17.80,17.60,17.60,1237519,21894578,-0.1,,,507,
2017-11-22_1713,2017-11-22,1713,國化,twse,16.80,16.85,16.80,16.85,57779,970853,0.1,,,34,
2017-11-22_1714,2017-11-22,1714,和桐,twse,10.10,10.20,9.83,9.96,7107839,71105873,-0.04,,,2019,
2017-11-22_1717,2017-11-22,1717,長興,twse,30.70,30.85,30.65,30.85,729406,22446208,0.25,,,458,
2017-11-22_1718,2017-11-22,1718,中纖,twse,9.90,10.00,9.71,9.85,32426921,319272569,0.16,,,6159,
2017-11-22_1720,2017-11-22,1720,生達,twse,38.10,38.30,36.60,37.25,2661316,100123751,-0.25,,,1464,
2017-11-22_1721,2017-11-22,1721,三晃,twse,13.00,13.05,12.90,12.95,145174,1881442,0.0,,,63,
2017-11-22_1722,2017-11-22,1722,台肥,twse,38.75,39.00,38.75,38.85,1631494,63445081,0.1,,,1103,
2017-11-22_1723,2017-11-22,1723,中碳,twse,125.00,126.00,123.50,124.00,523845,65179280,0.0,,,432,
2017-11-22_1724,2017-11-22,1724,台硝,twse,14.10,14.15,14.10,14.15,42682,601438,0.0,,,22,
2017-11-22_1725,2017-11-22,1725,元禎,twse,15.20,15.25,15.15,15.25,20213,307355,0.1,,,16,
2017-11-22_1726,2017-11-22,1726,永記,twse,81.50,81.60,81.50,81.60,24100,1966358,0.0,,,25,
2017-11-22_1727,2017-11-22,1727,中華化,twse,13.70,13.70,13.55,13.65,253800,3458628,0.05,,,116,
2017-11-22_1730,2017-11-22,1730,花仙子,twse,41.40,41.45,41.20,41.20,77694,3206414,-0.1,,,52,
2017-11-22_1731,2017-11-22,1731,美吾華,twse,13.75,14.05,13.75,13.90,630822,8761692,0.1,,,240,
2017-11-22_1732,2017-11-22,1732,毛寶,twse,12.55,12.55,12.45,12.50,23000,287400,-0.1,,,14,
2017-11-22_1733,2017-11-22,1733,五鼎,twse,32.65,32.75,32.60,32.60,176803,5774235,-0.05,,,104,
2017-11-22_1734,2017-11-22,1734,杏輝,twse,22.40,22.40,22.05,22.15,292494,6497018,-0.05,,,185,
2017-11-22_1735,2017-11-22,1735,日勝化,twse,19.20,19.30,19.20,19.25,633961,12189801,0.05,,,299,
2017-11-22_1736,2017-11-22,1736,喬山,twse,33.50,34.50,33.50,33.75,317347,10769540,0.2,,,217,
2017-11-22_1737,2017-11-22,1737,臺鹽,twse,27.80,27.90,27.75,27.90,172238,4792583,0.15,,,103,
2017-11-22_1742,2017-11-22,1742,台蠟,tpex,10.30,10.40,10.30,10.35,45000,464400,0.05,,72240524,18,
2017-11-22_1752,2017-11-22,1752,南光,tpex,38.00,38.15,37.50,37.75,203000,7690050,0.00,,100988472,123,
2017-11-22_1762,2017-11-22,1762,中化生,twse,27.15,27.40,26.60,27.00,1028320,27898474,-0.4,,,541,
2017-11-22_1773,2017-11-22,1773,勝一,twse,75.30,77.00,75.30,76.40,193177,14785673,1.1,,,110,
2017-11-22_1776,2017-11-22,1776,展宇,twse,20.70,21.00,20.55,20.75,27000,559950,0.05,,,25,
2017-11-22_1777,2017-11-22,1777,生泰,tpex,78.80,80.10,78.80,79.60,40000,3168700,-0.60,,30059550,35,
2017-11-22_1781,2017-11-22,1781,合世,tpex,12.50,12.50,12.40,12.50,16000,199800,-0.10,,47407605,13,
2017-11-22_1783,2017-11-22,1783,和康生,twse,25.10,25.60,24.70,24.70,496080,12436216,-0.1,,,250,
2017-11-22_1784,2017-11-22,1784,訊聯,tpex,28.50,28.55,27.80,27.85,131000,3678500,-0.20,,49688924,96,
2017-11-22_1785,2017-11-22,1785,光洋科,tpex,15.50,16.80,15.40,16.80,18917000,312865850,1.50,,357501243,4581,
2017-11-22_1786,2017-11-22,1786,科妍,twse,39.60,39.60,38.70,38.70,54073,2105547,-0.4,,,45,
2017-11-22_1787,2017-11-22,1787,福盈科,tpex,24.10,24.20,24.05,24.10,131000,3158300,0.05,,72004504,62,
2017-11-22_1788,2017-11-22,1788,杏昌,tpex,97.00,97.00,96.80,96.80,17000,1648800,-0.20,,35000000,14,
2017-11-22_1789,2017-11-22,1789,神隆,twse,36.00,36.15,35.10,35.60,1341655,47818206,-0.25,,,784,
2017-11-22_1795,2017-11-22,1795,美時,tpex,52.80,53.00,50.20,50.90,1509000,77847000,-1.90,,238491744,883,
2017-11-22_1799,2017-11-22,1799,易威,tpex,21.40,21.50,21.35,21.45,62000,1327000,0.05,,83842678,37,
2017-11-22_1802,2017-11-22,1802,台玻,twse,17.00,17.05,16.40,16.70,4940781,82793999,-0.25,,,1564,
2017-11-22_1805,2017-11-22,1805,寶徠,twse,13.50,13.50,13.10,13.20,184100,2450808,-0.3,,,85,
2017-11-22_1806,2017-11-22,1806,冠軍,twse,7.85,7.88,7.79,7.86,580208,4534394,0.01,,,131,
2017-11-22_1808,2017-11-22,1808,潤隆,twse,37.30,37.50,37.30,37.50,409630,15318990,0.05,,,157,
2017-11-22_1809,2017-11-22,1809,中釉,twse,12.05,12.20,12.05,12.15,501801,6079540,0.15,,,180,
2017-11-22_1810,2017-11-22,1810,和成,twse,9.42,9.48,9.42,9.42,271300,2557415,0.0,,,89,
2017-11-22_1813,2017-11-22,1813,寶利徠,tpex,20.35,20.35,20.00,20.10,39000,789050,-0.40,,46635510,22,
2017-11-22_1815,2017-11-22,1815,富喬,tpex,15.70,15.85,15.60,15.60,2736000,42861400,-0.05,,438579983,744,
2017-11-22_1817,2017-11-22,1817,凱撒衛,twse,42.50,45.00,41.80,42.00,1195100,51804900,-0.4,,,642,
2017-11-22_1902,2017-11-22,1902,台紙,twse,18.70,19.15,18.70,19.00,581991,10985824,0.3,,,259,
2017-11-22_1903,2017-11-22,1903,士紙,twse,31.35,31.70,31.30,31.60,164316,5188040,0.1,,,33,
2017-11-22_1904,2017-11-22,1904,正隆,twse,16.30,16.90,16.30,16.70,5276687,87536064,0.4,,,1727,
2017-11-22_1905,2017-11-22,1905,華紙,twse,11.00,11.30,11.00,11.20,4456297,49985852,0.25,,,1108,
2017-11-22_1906,2017-11-22,1906,寶隆,twse,29.90,31.20,29.50,30.55,742860,22592250,1.0,,,452,
2017-11-22_1907,2017-11-22,1907,永豐餘,twse,12.80,12.90,12.70,12.80,3753915,48005114,0.0,,,1095,
2017-11-22_1909,2017-11-22,1909,榮成,twse,40.95,43.40,40.50,42.25,12925213,542767036,1.75,,,6477,
2017-11-22_2002,2017-11-22,2002,中鋼,twse,24.45,24.60,24.35,24.60,14836774,363870727,0.3,,,5066,
2017-11-22_2002A,2017-11-22,2002A,中鋼特,twse,42.20,42.25,42.20,42.25,35000,1477550,0.05,,,13,
2017-11-22_2006,2017-11-22,2006,東和鋼鐵,twse,23.60,23.85,23.55,23.85,774298,18382196,0.25,,,392,
2017-11-22_2008,2017-11-22,2008,高興昌,twse,11.50,11.80,11.40,11.65,1259468,14644772,0.15,,,130,
2017-11-22_2009,2017-11-22,2009,第一銅,twse,10.75,11.15,10.75,10.85,3405013,37315990,0.2,,,893,
2017-11-22_2010,2017-11-22,2010,春源,twse,11.15,11.25,11.15,11.25,380498,4265522,0.05,,,113,
2017-11-22_2012,2017-11-22,2012,春雨,twse,14.50,14.50,14.50,14.50,17386,252075,0.0,down,,16,
2017-11-22_2013,2017-11-22,2013,中鋼構,twse,19.00,19.00,18.90,18.95,73805,1399195,0.05,,,47,
2017-11-22_2014,2017-11-22,2014,中鴻,twse,11.15,11.25,11.10,11.15,4911894,54988416,0.1,,,1295,
2017-11-22_2015,2017-11-22,2015,豐興,twse,52.10,52.50,51.80,52.50,447871,23382327,0.4,,,367,
2017-11-22_2017,2017-11-22,2017,官田鋼,twse,9.42,9.47,9.35,9.37,668660,6296704,-0.04,,,222,
2017-11-22_2020,2017-11-22,2020,美亞,twse,13.65,13.65,13.50,13.55,191644,2596740,-0.05,,,76,
2017-11-22_2022,2017-11-22,2022,聚亨,twse,6.09,6.09,6.00,6.05,630510,3794570,0.05,,,128,
2017-11-22_2023,2017-11-22,2023,燁輝,twse,11.15,11.25,11.05,11.25,2835058,31742232,0.15,,,839,
2017-11-22_2024,2017-11-22,2024,志聯,twse,10.70,10.70,10.30,10.30,878915,9231075,-0.3,,,297,
2017-11-22_2025,2017-11-22,2025,千興,twse,2.90,2.92,2.80,2.83,216919,617066,-0.01,,,41,
2017-11-22_2027,2017-11-22,2027,大成鋼,twse,19.65,19.70,19.40,19.50,1755595,34246059,0.0,,,685,
2017-11-22_2028,2017-11-22,2028,威致,twse,8.80,8.99,8.80,8.94,143440,1279104,-0.06,,,66,
2017-11-22_2029,2017-11-22,2029,盛餘,twse,29.50,29.80,29.10,29.15,284353,8328824,-0.3,,,219,
2017-11-22_2030,2017-11-22,2030,彰源,twse,15.85,15.90,15.60,15.65,1146782,18070683,-0.1,,,391,
2017-11-22_2031,2017-11-22,2031,新光鋼,twse,27.80,27.85,27.60,27.70,1374504,38052554,0.05,,,589,
2017-11-22_2032,2017-11-22,2032,新鋼,twse,10.20,10.25,10.10,10.15,107027,1087522,-0.15,,,36,
2017-11-22_2033,2017-11-22,2033,佳大,twse,9.09,9.09,9.00,9.08,41000,369840,0.0,,,15,
2017-11-22_2034,2017-11-22,2034,允強,twse,25.85,25.90,25.60,25.60,926696,23829581,-0.15,,,411,
2017-11-22_2035,2017-11-22,2035,唐榮,tpex,44.00,44.95,43.80,44.80,14000,621100,0.80,,350000000,12,
2017-11-22_2038,2017-11-22,2038,海光,twse,7.59,7.73,7.56,7.70,324650,2478771,0.1,,,89,
2017-11-22_2049,2017-11-22,2049,上銀,twse,329.00,332.00,320.00,324.50,3775322,1230305006,-2.5,,,3043,
2017-11-22_2059,2017-11-22,2059,川湖,twse,410.00,411.50,403.00,405.50,153109,62221699,-4.5,,,148,
2017-11-22_2061,2017-11-22,2061,風青,tpex,11.65,11.65,11.45,11.60,164000,1897400,0.00,,62075076,48,
2017-11-22_2062,2017-11-22,2062,橋椿,twse,36.65,36.65,36.25,36.50,341000,12449400,-0.15,,,272,
2017-11-22_2063,2017-11-22,2063,世鎧,tpex,34.60,35.00,33.95,35.00,87000,2991650,-0.65,,45000000,39,
2017-11-22_2064,2017-11-22,2064,晉椿,tpex,17.20,17.30,17.20,17.25,5000,86250,0.05,,70000000,4,
2017-11-22_2065,2017-11-22,2065,世豐,tpex,27.80,27.90,27.80,27.90,16000,445650,-0.30,,32679220,16,
2017-11-22_2066,2017-11-22,2066,世德,tpex,97.30,97.60,96.00,97.50,116000,11221800,0.00,,36502870,85,
2017-11-22_2067,2017-11-22,2067,嘉鋼,tpex,12.60,12.65,12.50,12.65,41000,513250,0.05,,44866177,15,
2017-11-22_2069,2017-11-22,2069,運錩,twse,24.60,24.60,24.50,24.60,338000,8292600,0.05,,,86,
2017-11-22_2101,2017-11-22,2101,南港,twse,27.00,27.20,27.00,27.20,345920,9366572,0.2,,,224,
2017-11-22_2102,2017-11-22,2102,泰豐,twse,13.60,13.60,13.40,13.40,517965,6968876,-0.15,,,198,
2017-11-22_2103,2017-11-22,2103,台橡,twse,35.40,35.70,35.35,35.60,1072950,38090618,0.2,,,642,
2017-11-22_2104,2017-11-22,2104,國際中橡,twse,45.80,45.80,44.85,45.55,8918111,404194388,-0.3,,,4306,
2017-11-22_2105,2017-11-22,2105,正新,twse,53.50,54.20,53.00,53.90,7231346,387160799,0.3,,,3741,
2017-11-22_2106,2017-11-22,2106,建大,twse,38.10,39.35,38.10,39.05,811130,31448695,0.95,,,521,
2017-11-22_2107,2017-11-22,2107,厚生,twse,14.75,14.75,14.65,14.70,1189398,17478779,0.0,,,633,
2017-11-22_2108,2017-11-22,2108,南帝,twse,23.45,23.50,23.05,23.20,1325179,30974865,-0.15,,,593,
2017-11-22_2109,2017-11-22,2109,華豐,twse,11.15,11.30,11.05,11.20,517660,5812124,0.0,,,123,
2017-11-22_2114,2017-11-22,2114,鑫永銓,twse,86.80,87.00,86.40,87.00,47030,4084789,0.6,,,38,
2017-11-22_2115,2017-11-22,2115,六暉-KY,twse,45.30,45.70,45.20,45.55,69594,3164446,0.25,,,57,
2017-11-22_2201,2017-11-22,2201,裕隆,twse,24.75,25.05,24.70,24.80,3853699,95684540,0.1,,,1878,
2017-11-22_2204,2017-11-22,2204,中華,twse,27.20,27.40,27.20,27.40,1104876,30140854,0.25,,,494,
2017-11-22_2206,2017-11-22,2206,三陽工業,twse,21.60,21.70,21.60,21.65,884395,19144244,0.05,,,477,
2017-11-22_2207,2017-11-22,2207,和泰車,twse,348.50,351.00,346.00,351.00,222730,77611770,4.0,,,215,
2017-11-22_2208,2017-11-22,2208,台船,twse,11.10,11.15,11.00,11.15,1741754,19307971,0.05,,,677,
2017-11-22_2221,2017-11-22,2221,大甲,tpex,28.20,28.25,27.80,27.80,239000,6693650,-0.35,,42425000,146,
2017-11-22_2227,2017-11-22,2227,裕日車,twse,253.00,254.50,252.50,254.50,145325,36887200,2.5,,,117,
2017-11-22_2228,2017-11-22,2228,劍麟,twse,124.00,124.00,121.50,123.00,76000,9315500,-1.0,,,72,
2017-11-22_2230,2017-11-22,2230,泰茂,tpex,13.25,13.35,13.25,13.35,16000,212200,0.10,,39617338,10,
2017-11-22_2231,2017-11-22,2231,為升,twse,322.00,322.00,314.00,315.00,417240,132691978,-3.5,,,417,
2017-11-22_2233,2017-11-22,2233,宇隆,tpex,116.50,117.50,115.00,116.50,758000,87988500,0.00,,49214766,568,
2017-11-22_2235,2017-11-22,2235,謚源,tpex,112.00,112.00,109.50,111.00,12000,1325500,0.00,,31878000,12,
2017-11-22_2236,2017-11-22,2236,百達-KY,twse,50.60,51.00,49.95,50.80,105001,5287250,0.0,,,91,
2017-11-22_2239,2017-11-22,2239,英利-KY,twse,146.50,146.50,144.00,146.00,289700,42144050,0.5,,,247,
2017-11-22_2243,2017-11-22,2243,宏旭-KY,twse,52.60,52.90,51.10,51.10,262600,13607278,-1.0,,,194,
2017-11-22_2301,2017-11-22,2301,光寶科,twse,37.75,37.95,37.40,37.75,8689689,327280585,0.05,,,2873,
2017-11-22_2302,2017-11-22,2302,麗正,twse,5.82,5.83,5.78,5.79,147172,852790,-0.01,,,58,
2017-11-22_2303,2017-11-22,2303,聯電,twse,16.25,16.35,16.10,16.10,77239120,1252158873,-0.05,,,13778,
2017-11-22_2305,2017-11-22,2305,全友,twse,8.10,8.24,8.05,8.10,2485141,20214978,0.1,,,661,
2017-11-22_2308,2017-11-22,2308,台達電,twse,137.00,141.50,136.00,140.00,11803949,1647924347,3.5,,,5901,
2017-11-22_2311,2017-11-22,2311,日月光,twse,37.25,37.90,37.25,37.80,15471475,583096743,0.55,,,6727,
2017-11-22_2312,2017-11-22,2312,金寶,twse,10.60,10.65,10.45,10.45,6473774,68069939,-0.2,,,1246,
2017-11-22_2313,2017-11-22,2313,華通,twse,48.40,49.20,46.65,47.05,27402407,1311003742,-0.75,,,11642,
2017-11-22_2314,2017-11-22,2314,台揚,twse,34.35,34.80,34.00,34.00,1959927,67363552,-0.25,,,991,
2017-11-22_2316,2017-11-22,2316,楠梓電,twse,19.20,19.30,19.10,19.20,657944,12633086,0.0,,,334,
2017-11-22_2317,2017-11-22,2317,鴻海,twse,104.00,105.00,104.00,104.00,47707780,4973975333,0.0,,,18015,
2017-11-22_2321,2017-11-22,2321,東訊,twse,2.62,2.65,2.62,2.65,27000,71447,0.04,,,11,
2017-11-22_2323,2017-11-22,2323,中環,twse,4.16,4.23,4.16,4.19,5654112,23711609,0.02,,,989,
2017-11-22_2324,2017-11-22,2324,仁寶,twse,20.80,20.85,20.70,20.80,8573792,178184106,0.15,,,2580,
2017-11-22_2325,2017-11-22,2325,矽品,twse,48.15,48.25,48.00,48.10,5670671,272741284,0.0,,,2256,
2017-11-22_2327,2017-11-22,2327,國巨*,twse,295.50,302.00,293.00,298.50,3810485,1135849045,8.5,,,2905,
2017-11-22_2328,2017-11-22,2328,廣宇,twse,26.60,26.70,25.90,26.05,7651752,201844702,-0.1,,,3077,
2017-11-22_2329,2017-11-22,2329,華泰,twse,10.50,11.00,10.20,10.40,16467654,175512833,0.35,,,4701,
2017-11-22_2330,2017-11-22,2330,台積電,twse,244.50,244.50,242.00,242.00,27251431,6631376152,-1.0,,,7655,
2017-11-22_2331,2017-11-22,2331,精英,twse,20.70,20.70,20.25,20.30,1689969,34580714,-0.35,,,711,
2017-11-22_2332,2017-11-22,2332,友訊,twse,10.60,10.65,10.45,10.50,2939194,30912363,-0.05,,,1032,
2017-11-22_2337,2017-11-22,2337,旺宏,twse,52.30,52.40,49.85,50.00,34913912,1780573300,-1.7,,,14424,
2017-11-22_2338,2017-11-22,2338,光罩,twse,18.55,18.55,18.30,18.30,740271,13589728,-0.15,,,337,
2017-11-22_2340,2017-11-22,2340,台亞,twse,21.15,22.70,20.85,22.70,22227586,493358047,2.05,,,7058,
2017-11-22_2342,2017-11-22,2342,茂矽,twse,16.15,16.60,16.15,16.60,147957,2425251,0.6,,,177,
2017-11-22_2344,2017-11-22,2344,華邦電,twse,29.20,29.55,27.95,28.20,79539434,2295277145,-0.3,,,21159,
2017-11-22_2345,2017-11-22,2345,智邦,twse,105.00,106.50,103.50,105.00,7259009,763417426,0.5,,,3576,
2017-11-22_2347,2017-11-22,2347,聯強,twse,39.05,39.25,38.80,39.05,3418152,133415894,0.0,,,1867,
2017-11-22_2348,2017-11-22,2348,海悅,twse,26.50,26.70,26.50,26.70,2505,66455,-0.5,,,6,
2017-11-22_2349,2017-11-22,2349,錸德,twse,4.83,4.86,4.82,4.84,2108216,10200237,0.02,,,516,
2017-11-22_2351,2017-11-22,2351,順德,twse,93.80,93.90,91.80,93.10,1578500,146780000,0.6,,,897,
2017-11-22_2352,2017-11-22,2352,佳世達,twse,21.40,21.55,21.35,21.45,7503343,160937805,0.15,,,2213,
2017-11-22_2353,2017-11-22,2353,宏碁,twse,21.55,22.15,21.10,21.20,76647907,1655292617,0.0,,,19568,
2017-11-22_2354,2017-11-22,2354,鴻準,twse,88.50,88.50,87.60,87.60,5519681,485097628,-0.7,,,3589,
2017-11-22_2355,2017-11-22,2355,敬鵬,twse,62.10,62.10,60.90,61.50,1368774,83943417,0.1,,,877,
2017-11-22_2356,2017-11-22,2356,英業達,twse,22.55,22.70,22.25,22.35,13500690,302675669,0.0,,,4744,
2017-11-22_2357,2017-11-22,2357,華碩,twse,273.00,277.50,270.00,271.50,2435050,662363512,-4.5,,,1882,
2017-11-22_2358,2017-11-22,2358,廷鑫,twse,25.60,26.60,24.80,26.60,6103099,159608473,2.4,,,2033,
2017-11-22_2359,2017-11-22,2359,所羅門,twse,20.60,20.85,20.60,20.65,819352,16943247,0.15,,,441,
2017-11-22_2360,2017-11-22,2360,致茂,twse,172.50,173.00,168.50,169.50,1888719,322159870,-3.0,,,1441,
2017-11-22_2362,2017-11-22,2362,藍天,twse,28.70,28.80,28.55,28.65,864648,24766866,0.05,,,391,
2017-11-22_2363,2017-11-22,2363,矽統,twse,8.97,9.06,8.75,8.75,4923642,43868106,-0.12,,,1572,
2017-11-22_2364,2017-11-22,2364,倫飛,twse,2.59,2.59,2.51,2.53,37963,96218,-0.03,,,41,
2017-11-22_2365,2017-11-22,2365,昆盈,twse,10.45,10.45,10.25,10.30,424502,4386942,-0.05,,,160,
2017-11-22_2367,2017-11-22,2367,燿華,twse,16.00,16.05,15.50,15.50,18871720,297990113,-0.5,,,5017,
2017-11-22_2368,2017-11-22,2368,金像電,twse,10.05,10.15,9.85,9.85,4046068,40286162,-0.15,,,1110,
2017-11-22_2369,2017-11-22,2369,菱生,twse,16.05,16.15,15.60,15.60,5923779,94021226,-0.3,,,2601,
2017-11-22_2371,2017-11-22,2371,大同,twse,16.90,17.40,16.80,17.15,39034918,666313255,0.25,,,8130,
2017-11-22_2373,2017-11-22,2373,震旦行,twse,88.50,90.00,88.30,89.70,346738,30941949,1.2,,,272,
2017-11-22_2374,2017-11-22,2374,佳能,twse,19.90,20.15,19.80,19.95,608719,12165828,0.05,,,309,
2017-11-22_2375,2017-11-22,2375,凱美,twse,28.95,28.95,28.70,28.80,348123,10024229,-0.1,,,158,
2017-11-22_2376,2017-11-22,2376,技嘉,twse,48.00,48.00,45.00,46.05,8572167,397615089,-2.0,,,4683,
2017-11-22_2377,2017-11-22,2377,微星,twse,74.60,74.80,73.20,73.40,6582102,485356794,-1.2,,,3881,
2017-11-22_2379,2017-11-22,2379,瑞昱,twse,115.00,117.50,114.50,115.50,2367892,274421580,0.5,,,1725,
2017-11-22_2380,2017-11-22,2380,虹光,twse,6.70,6.77,6.66,6.70,639036,4284536,0.0,,,118,
2017-11-22_2382,2017-11-22,2382,廣達,twse,66.40,67.60,66.30,66.80,10574645,708068515,0.6,,,4881,
2017-11-22_2383,2017-11-22,2383,台光電,twse,117.00,119.00,116.00,116.50,1410809,165278243,0.0,,,1022,
2017-11-22_2385,2017-11-22,2385,群光,twse,76.00,77.20,76.00,76.80,1379692,105906432,0.8,,,982,
2017-11-22_2387,2017-11-22,2387,精元,twse,17.10,17.30,17.05,17.15,247250,4238657,0.05,,,138,
2017-11-22_2388,2017-11-22,2388,威盛,twse,10.95,10.95,10.60,10.70,1172621,12606607,-0.1,,,344,
2017-11-22_2390,2017-11-22,2390,云辰,twse,12.05,12.20,11.75,11.80,348798,4154393,-0.2,,,181,
2017-11-22_2392,2017-11-22,2392,正崴,twse,51.20,51.30,50.00,50.20,2276627,115577850,-0.3,,,1417,
2017-11-22_2393,2017-11-22,2393,億光,twse,45.75,46.55,45.15,45.35,4443678,204334614,-0.2,,,2630,
2017-11-22_2395,2017-11-22,2395,研華,twse,199.00,209.50,199.00,207.00,2779542,574070994,8.0,,,1763,
2017-11-22_2397,2017-11-22,2397,友通,twse,62.00,63.60,61.60,62.00,170361,10635372,-1.5,,,94,
2017-11-22_2399,2017-11-22,2399,映泰,twse,13.05,13.15,12.80,12.90,463770,6000942,-0.15,,,209,
2017-11-22_2401,2017-11-22,2401,凌陽,twse,17.65,17.65,17.30,17.30,3619089,63008379,-0.25,,,1387,
2017-11-22_2402,2017-11-22,2402,毅嘉,twse,15.80,15.80,15.60,15.60,557422,8739080,0.0,,,361,
2017-11-22_2404,2017-11-22,2404,漢唐,twse,57.00,57.30,56.40,56.90,886270,50352660,0.2,,,583,
2017-11-22_2405,2017-11-22,2405,輔信,twse,18.25,18.50,17.55,18.15,30375353,547297461,-0.1,,,11262,
2017-11-22_2406,2017-11-22,2406,國碩,twse,17.90,18.10,17.70,17.95,3478005,62245583,-0.05,,,1406,
2017-11-22_2408,2017-11-22,2408,南亞科,twse,86.80,87.50,85.10,86.00,20239298,1745723669,2.0,,,10356,
2017-11-22_2409,2017-11-22,2409,友達,twse,12.80,13.05,12.80,12.90,243130775,3145870561,0.2,,,27328,
2017-11-22_2412,2017-11-22,2412,中華電,twse,103.00,103.50,102.50,103.50,9498167,980274250,0.5,,,4494,
2017-11-22_2413,2017-11-22,2413,環科,twse,20.90,20.95,19.80,20.35,3468438,70872308,0.4,,,1275,
2017-11-22_2414,2017-11-22,2414,精技,twse,20.40,20.65,20.10,20.10,412566,8397970,0.05,,,222,
2017-11-22_2415,2017-11-22,2415,錩新,twse,26.40,26.40,25.85,25.85,158006,4110752,-0.35,,,130,
2017-11-22_2417,2017-11-22,2417,圓剛,twse,13.50,13.55,13.05,13.05,3418382,45520782,-0.3,,,1102,
2017-11-22_2419,2017-11-22,2419,仲琦,twse,22.15,22.65,22.05,22.50,4840904,108380546,0.55,,,1909,
2017-11-22_2420,2017-11-22,2420,新巨,twse,36.50,37.15,36.50,36.65,451406,16551425,0.3,,,348,
2017-11-22_2421,2017-11-22,2421,建準,twse,62.90,63.40,61.50,61.50,2125083,133238095,-0.7,,,1411,
2017-11-22_2423,2017-11-22,2423,固緯,twse,23.95,24.40,23.95,24.15,132840,3203451,0.15,,,95,
2017-11-22_2424,2017-11-22,2424,隴華,twse,25.50,26.05,25.50,26.05,11011,284331,0.0,,,5,
2017-11-22_2425,2017-11-22,2425,承啟,twse,15.75,15.80,15.60,15.60,69884,1098695,0.0,,,43,
2017-11-22_2426,2017-11-22,2426,鼎元,twse,15.55,16.20,15.10,15.30,23269402,364517936,-0.1,,,7053,
2017-11-22_2427,2017-11-22,2427,三商電,twse,10.10,10.10,9.83,9.85,1730219,17149408,-0.15,,,512,
2017-11-22_2428,2017-11-22,2428,興勤,twse,92.30,93.40,91.50,91.60,564000,52007800,-0.2,,,393,
2017-11-22_2429,2017-11-22,2429,銘旺科,twse,12.55,12.60,12.55,12.60,2000,25150,0.1,,,2,
2017-11-22_2430,2017-11-22,2430,燦坤,twse,23.20,23.20,22.90,22.90,91921,2116645,-0.05,,,72,
2017-11-22_2431,2017-11-22,2431,聯昌,twse,17.05,18.15,16.75,16.80,6361278,111721659,0.3,,,2218,
2017-11-22_2433,2017-11-22,2433,互盛電,twse,43.85,43.95,43.85,43.95,18374,806684,0.1,,,23,
2017-11-22_2434,2017-11-22,2434,統懋,twse,10.50,10.50,10.25,10.30,27502,282842,0.1,,,26,
2017-11-22_2436,2017-11-22,2436,偉詮電,twse,31.10,31.85,30.70,31.85,9658402,302626833,1.1,,,3918,
2017-11-22_2438,2017-11-22,2438,翔耀,twse,7.15,7.18,6.90,7.13,106883,755740,-0.1,,,52,
2017-11-22_2439,2017-11-22,2439,美律,twse,218.00,228.00,217.00,221.00,7105900,1588752542,5.5,,,5217,
2017-11-22_2440,2017-11-22,2440,太空梭,twse,10.70,11.00,10.65,10.80,44288,475813,0.0,,,37,
2017-11-22_2441,2017-11-22,2441,超豐,twse,53.20,53.30,52.60,53.30,887311,47050512,0.3,,,611,
2017-11-22_2442,2017-11-22,2442,新美齊,twse,7.81,7.98,7.78,7.85,697461,5497357,0.12,,,241,
2017-11-22_2443,2017-11-22,2443,昶虹,twse,6.52,6.52,6.36,6.45,391255,2515600,-0.1,,,90,
2017-11-22_2444,2017-11-22,2444,兆勁,twse,39.30,39.35,38.15,38.15,1974472,76048555,-0.7,,,649,
2017-11-22_2448,2017-11-22,2448,晶電,twse,63.20,67.30,58.80,61.30,169350377,10756530977,-0.5,,,62662,
2017-11-22_2449,2017-11-22,2449,京元電子,twse,32.60,32.60,31.95,32.40,5079958,163731034,0.15,,,2598,
2017-11-22_2450,2017-11-22,2450,神腦,twse,51.30,51.80,51.30,51.80,145553,7508045,0.9,,,105,
2017-11-22_2451,2017-11-22,2451,創見,twse,83.00,83.00,82.60,82.80,1654418,137019631,0.1,,,1256,
2017-11-22_2453,2017-11-22,2453,凌群,twse,13.95,14.10,13.85,13.90,272000,3787550,0.0,,,118,
2017-11-22_2454,2017-11-22,2454,聯發科,twse,324.00,332.00,322.50,327.00,7428234,2434423050,5.0,,,5206,
2017-11-22_2455,2017-11-22,2455,全新,twse,86.10,91.50,84.90,88.00,13770832,1213268641,1.9,,,7605,
2017-11-22_2456,2017-11-22,2456,奇力新,twse,107.00,108.50,104.00,105.50,5840921,624353659,-1.0,,,3220,
2017-11-22_2457,2017-11-22,2457,飛宏,twse,12.70,12.80,12.55,12.60,1427814,18070112,-0.05,,,473,
2017-11-22_2458,2017-11-22,2458,義隆,twse,52.50,54.20,51.60,52.40,15572946,826006174,0.5,,,7308,
2017-11-22_2459,2017-11-22,2459,敦吉,twse,43.80,44.35,43.80,44.30,229051,10122350,0.7,,,185,
2017-11-22_2460,2017-11-22,2460,建通,twse,13.15,13.65,12.95,13.45,1246799,16599062,0.5,,,375,
2017-11-22_2461,2017-11-22,2461,光群雷,twse,16.25,16.40,16.05,16.25,1540001,24958716,0.05,,,433,
2017-11-22_2462,2017-11-22,2462,良得電,twse,31.90,32.00,31.80,32.00,308414,9833754,0.2,,,146,
2017-11-22_2464,2017-11-22,2464,盟立,twse,41.40,41.65,40.70,40.75,1345182,55121862,-0.55,,,751,
2017-11-22_2465,2017-11-22,2465,麗臺,twse,20.60,22.05,20.10,22.05,3336125,72535330,2.0,,,1013,
2017-11-22_2466,2017-11-22,2466,冠西電,twse,34.40,34.55,34.00,34.40,76000,2615250,-0.05,,,41,
2017-11-22_2467,2017-11-22,2467,志聖,twse,26.90,27.20,26.70,26.70,1351322,36330026,-0.15,,,735,
2017-11-22_2468,2017-11-22,2468,華經,twse,11.35,11.40,11.20,11.40,34000,383200,0.0,,,17,
2017-11-22_2471,2017-11-22,2471,資通,twse,15.00,15.10,14.90,15.05,25157,377095,0.05,,,19,
2017-11-22_2472,2017-11-22,2472,立隆電,twse,52.30,52.40,50.70,50.80,1664862,85821807,-0.4,,,1026,
2017-11-22_2474,2017-11-22,2474,可成,twse,338.00,349.50,336.50,346.50,15361084,5287806396,13.5,,,9932,
2017-11-22_2475,2017-11-22,2475,華映,twse,2.63,2.63,2.58,2.59,6988491,18137139,0.01,,,442,
2017-11-22_2476,2017-11-22,2476,鉅祥,twse,25.95,26.20,25.95,26.05,177673,4634029,0.15,,,109,
2017-11-22_2477,2017-11-22,2477,美隆電,twse,29.90,30.40,29.60,30.25,457494,13712770,0.25,,,208,
2017-11-22_2478,2017-11-22,2478,大毅,twse,24.30,24.90,24.30,24.55,331883,8189886,0.3,,,147,
2017-11-22_2480,2017-11-22,2480,敦陽科,twse,34.60,34.80,34.50,34.65,131858,4567527,0.05,,,102,
2017-11-22_2481,2017-11-22,2481,強茂,twse,28.45,30.45,28.40,29.20,16113956,477409266,0.95,,,6418,
2017-11-22_2482,2017-11-22,2482,連宇,twse,12.75,12.75,12.60,12.60,103000,1301900,-0.25,,,39,
2017-11-22_2483,2017-11-22,2483,百容,twse,24.90,25.00,24.45,24.45,643504,15845494,-0.3,,,298,
2017-11-22_2484,2017-11-22,2484,希華,twse,21.00,21.55,20.80,20.85,4158591,88368121,-0.15,,,1554,
2017-11-22_2485,2017-11-22,2485,兆赫,twse,29.85,30.70,29.80,30.25,3879454,117967457,0.5,,,1794,
2017-11-22_2486,2017-11-22,2486,一詮,twse,10.35,10.60,10.35,10.35,868002,9078620,0.05,,,375,
2017-11-22_2488,2017-11-22,2488,漢平,twse,31.10,31.50,30.80,31.00,137003,4263993,-0.1,,,106,
2017-11-22_2489,2017-11-22,2489,瑞軒,twse,16.65,16.75,16.25,16.45,5731260,94394250,-0.15,,,2323,
2017-11-22_2491,2017-11-22,2491,吉祥全,twse,6.80,6.88,6.80,6.80,6998,47463,0.0,,,14,
2017-11-22_2492,2017-11-22,2492,華新科,twse,89.00,90.00,86.50,87.00,4919348,434540791,0.0,,,3374,
2017-11-22_2493,2017-11-22,2493,揚博,twse,26.55,26.60,26.45,26.45,227090,6018880,-0.1,,,108,
2017-11-22_2495,2017-11-22,2495,普安,twse,14.50,14.60,14.25,14.40,229566,3305491,0.0,,,147,
2017-11-22_2496,2017-11-22,2496,卓越,twse,158.00,160.50,156.00,157.00,108352,17126764,-1.0,,,99,
2017-11-22_2497,2017-11-22,2497,怡利電,twse,29.70,29.80,29.30,29.80,99159,2937206,0.1,,,89,
2017-11-22_2498,2017-11-22,2498,宏達電,twse,68.40,68.60,67.50,67.50,4778634,325396084,-0.6,,,2835,
2017-11-22_2499,2017-11-22,2499,東貝,twse,11.40,11.75,11.35,11.40,5403033,62481724,0.05,,,1332,
2017-11-22_2501,2017-11-22,2501,國建,twse,17.00,17.10,16.90,17.10,636663,10831421,0.1,,,324,
2017-11-22_2504,2017-11-22,2504,國產,twse,9.07,9.12,9.04,9.12,1131603,10260499,0.08,,,363,
2017-11-22_2505,2017-11-22,2505,國揚,twse,13.85,13.85,13.60,13.80,1792358,24612001,-0.05,,,859,
2017-11-22_2506,2017-11-22,2506,太設,twse,10.40,10.55,10.40,10.55,456799,4800090,0.1,,,97,
2017-11-22_2509,2017-11-22,2509,全坤建,twse,21.60,21.75,21.35,21.75,135000,2915050,0.15,,,40,
2017-11-22_2511,2017-11-22,2511,太子,twse,11.25,11.35,11.20,11.35,1674361,18907748,0.1,,,525,
2017-11-22_2514,2017-11-22,2514,龍邦,twse,14.50,14.60,14.40,14.55,22508338,315602579,0.05,,,556,
2017-11-22_2515,2017-11-22,2515,中工,twse,6.95,7.15,6.94,7.05,18542186,130506878,0.11,,,2691,
2017-11-22_2516,2017-11-22,2516,新建,twse,6.45,6.50,6.44,6.48,244332,1578753,0.03,,,76,
2017-11-22_2520,2017-11-22,2520,冠德,twse,19.15,19.60,19.05,19.30,6387457,123680895,0.3,,,1626,
2017-11-22_2524,2017-11-22,2524,京城,twse,22.65,22.65,22.50,22.55,75999,1713877,0.0,,,42,
2017-11-22_2527,2017-11-22,2527,宏璟,twse,19.95,20.00,19.70,19.90,190000,3760950,-0.05,,,65,
2017-11-22_2528,2017-11-22,2528,皇普,twse,20.60,20.80,20.50,20.60,110000,2269950,0.0,,,39,
2017-11-22_2530,2017-11-22,2530,華建,twse,13.95,14.10,13.90,13.90,72479,1012603,-0.05,,,48,
2017-11-22_2534,2017-11-22,2534,宏盛,twse,24.20,24.30,23.85,24.00,1820467,43763658,-0.15,,,569,
2017-11-22_2535,2017-11-22,2535,達欣工,twse,17.60,17.70,17.55,17.60,246171,4336062,0.0,,,155,
2017-11-22_2536,2017-11-22,2536,宏普,twse,20.20,20.30,20.15,20.20,480334,9718563,0.0,,,357,
2017-11-22_2537,2017-11-22,2537,聯上發,twse,8.24,8.29,8.20,8.24,347028,2859861,0.0,,,123,
2017-11-22_2538,2017-11-22,2538,基泰,twse,10.25,10.35,10.25,10.30,423953,4368420,0.05,,,177,
2017-11-22_2539,2017-11-22,2539,櫻花建,twse,28.40,28.90,28.40,28.80,74790,2147922,0.4,,,61,
2017-11-22_2540,2017-11-22,2540,愛山林,twse,21.25,21.25,20.90,21.10,13198,277867,-0.55,,,13,
2017-11-22_2542,2017-11-22,2542,興富發,twse,40.10,40.25,40.05,40.10,2842776,114017397,0.0,,,1782,
2017-11-22_2543,2017-11-22,2543,皇昌,twse,8.16,8.16,8.10,8.12,13870,112504,0.03,,,17,
2017-11-22_2545,2017-11-22,2545,皇翔,twse,30.50,30.50,30.15,30.40,489215,14835084,-0.25,,,291,
2017-11-22_2546,2017-11-22,2546,根基,twse,19.35,19.35,19.10,19.25,259899,4991162,-0.1,,,112,
2017-11-22_2547,2017-11-22,2547,日勝生,twse,13.05,13.15,13.00,13.05,745091,9701167,0.0,,,214,
2017-11-22_2548,2017-11-22,2548,華固,twse,70.80,71.30,70.10,70.90,929810,65899084,0.5,,,677,
2017-11-22_2596,2017-11-22,2596,綠意,tpex,16.85,16.85,16.80,16.80,45000,756600,-0.05,,97381229,20,
2017-11-22_2597,2017-11-22,2597,潤弘,twse,39.20,39.20,38.20,38.90,43000,1660100,-0.3,,,37,
2017-11-22_2601,2017-11-22,2601,益航,twse,8.01,8.04,7.98,7.98,1505170,12054186,-0.02,,,402,
2017-11-22_2603,2017-11-22,2603,長榮,twse,16.75,17.00,16.75,16.85,29733145,501112947,0.1,,,4844,
2017-11-22_2605,2017-11-22,2605,新興,twse,21.25,21.55,21.25,21.40,806199,17195983,0.05,,,594,
2017-11-22_2606,2017-11-22,2606,裕民,twse,34.75,34.90,34.50,34.55,678995,23552675,-0.2,,,352,
2017-11-22_2607,2017-11-22,2607,榮運,twse,13.90,14.00,13.90,14.00,1036529,14457827,0.1,,,273,
2017-11-22_2608,2017-11-22,2608,嘉里大榮,twse,37.20,37.50,37.00,37.50,429033,16012228,0.35,,,249,
2017-11-22_2609,2017-11-22,2609,陽明,twse,12.15,12.25,12.10,12.15,6392700,77821434,0.1,,,1095,
2017-11-22_2610,2017-11-22,2610,華航,twse,11.50,11.55,11.35,11.40,16494043,188944973,-0.05,,,3167,
2017-11-22_2611,2017-11-22,2611,志信,twse,6.93,6.93,6.87,6.89,178001,1226576,0.0,,,57,
2017-11-22_2612,2017-11-22,2612,中航,twse,28.10,28.15,28.00,28.10,131161,3680535,0.0,,,90,
2017-11-22_2613,2017-11-22,2613,中櫃,twse,13.00,13.10,12.90,12.90,171188,2223319,-0.1,,,85,
2017-11-22_2614,2017-11-22,2614,東森,twse,9.11,9.14,8.98,9.02,2009605,18190570,-0.04,,,855,
2017-11-22_2615,2017-11-22,2615,萬海,twse,18.45,18.55,18.40,18.50,2935499,54262580,0.15,,,906,
2017-11-22_2616,2017-11-22,2616,山隆,twse,32.20,32.20,31.85,31.90,148106,4740626,-0.15,,,112,
2017-11-22_2617,2017-11-22,2617,台航,twse,15.50,15.55,15.40,15.50,325000,5029600,0.05,,,108,
2017-11-22_2618,2017-11-22,2618,長榮航,twse,15.35,15.40,15.25,15.30,7841778,119993137,0.05,,,3158,
2017-11-22_2633,2017-11-22,2633,台灣高鐵,twse,23.60,24.10,23.60,23.85,7107105,169775432,0.35,,,3163,
2017-11-22_2634,2017-11-22,2634,漢翔,twse,35.60,35.75,34.85,35.00,2892875,102000475,-0.4,,,1698,
2017-11-22_2636,2017-11-22,2636,台驊控股,twse,24.00,24.00,23.50,23.50,1248452,29550889,-0.5,,,716,
2017-11-22_2637,2017-11-22,2637,慧洋-KY,twse,28.25,28.45,28.25,28.40,751388,21273421,0.1,,,408,
2017-11-22_2640,2017-11-22,2640,大車隊,tpex,75.70,76.40,74.20,74.40,265000,19851600,-1.40,,48757426,171,
2017-11-22_2641,2017-11-22,2641,正德,tpex,7.60,7.66,7.47,7.47,416000,3128880,-0.13,,185011535,102,
2017-11-22_2642,2017-11-22,2642,宅配通,twse,31.20,31.30,30.55,30.60,381120,11710770,-0.6,,,214,
2017-11-22_2643,2017-11-22,2643,捷迅,tpex,33.30,34.00,33.30,34.00,15000,502500,0.70,,26230000,12,
2017-11-22_2701,2017-11-22,2701,萬企,twse,13.35,13.40,13.30,13.40,112382,1499322,0.05,,,80,
2017-11-22_2702,2017-11-22,2702,華園,twse,14.00,14.10,13.90,14.00,27559,386020,0.05,,,20,
2017-11-22_2704,2017-11-22,2704,國賓,twse,23.00,23.00,22.50,22.80,888100,20208119,0.0,,,541,
2017-11-22_2705,2017-11-22,2705,六福,twse,7.99,7.99,7.93,7.95,135742,1081114,-0.01,,,64,
2017-11-22_2706,2017-11-22,2706,第一店,twse,15.55,15.60,15.50,15.60,112509,1747158,0.05,,,75,
2017-11-22_2707,2017-11-22,2707,晶華,twse,151.50,152.00,151.00,151.50,224120,33880179,0.0,,,168,
2017-11-22_2712,2017-11-22,2712,遠雄來,twse,25.10,25.10,25.10,25.10,2000,50200,0.0,down,,2,
2017-11-22_2718,2017-11-22,2718,晶悅,tpex,23.10,24.50,23.10,24.50,3000,72050,-1.00,,22576000,3,
2017-11-22_2722,2017-11-22,2722,夏都,twse,33.70,34.55,33.70,34.40,26261,899850,0.0,,,27,
2017-11-22_2723,2017-11-22,2723,美食-KY,twse,375.00,378.00,371.00,377.00,202229,75843375,6.0,,,175,
2017-11-22_2726,2017-11-22,2726,雅茗-KY,tpex,90.60,92.80,90.00,92.20,93000,8462100,1.60,,31979504,84,
2017-11-22_2727,2017-11-22,2727,王品,twse,137.50,137.50,135.50,136.00,204468,27903584,-1.0,,,186,
2017-11-22_2729,2017-11-22,2729,瓦城,tpex,226.50,227.50,226.00,227.50,23000,5217000,1.50,,23266000,20,
2017-11-22_2731,2017-11-22,2731,雄獅,twse,95.20,96.70,95.00,96.00,149100,14289809,1.0,,,115,
2017-11-22_2732,2017-11-22,2732,六角,tpex,83.00,83.20,82.50,82.60,125000,10348800,-0.60,,34750057,87,
2017-11-22_2734,2017-11-22,2734,易飛網,tpex,20.30,20.30,19.80,20.25,37000,744150,0.15,,30259760,29,
2017-11-22_2736,2017-11-22,2736,高野,tpex,16.70,17.00,16.70,17.00,17000,288350,0.30,,48992383,16,
2017-11-22_2739,2017-11-22,2739,寒舍,twse,38.35,38.65,38.35,38.60,206100,7948724,0.3,,,114,
2017-11-22_2740,2017-11-22,2740,天蔥,tpex,33.45,33.55,33.25,33.50,57000,1905800,0.40,,15978196,36,
2017-11-22_2748,2017-11-22,2748,雲品,twse,67.70,67.70,66.70,66.70,69369,4651707,-0.2,,,50,
2017-11-22_2801,2017-11-22,2801,彰銀,twse,16.35,16.55,16.35,16.50,15749708,259427965,0.15,,,3372,
2017-11-22_2809,2017-11-22,2809,京城銀,twse,33.90,34.00,33.50,33.85,2060415,69692439,0.1,,,563,
2017-11-22_2812,2017-11-22,2812,台中銀,twse,9.73,9.79,9.73,9.77,6831879,66752298,0.05,,,1340,
2017-11-22_2816,2017-11-22,2816,旺旺保,twse,21.05,21.25,20.25,20.35,1171191,24324957,-0.55,,,512,
2017-11-22_2820,2017-11-22,2820,華票,twse,15.25,15.30,15.20,15.30,572975,8735211,0.05,,,281,
2017-11-22_2823,2017-11-22,2823,中壽,twse,30.40,30.95,30.20,30.45,26491604,807693247,0.3,,,8780,
2017-11-22_2832,2017-11-22,2832,台產,twse,20.35,20.40,20.25,20.30,462204,9387609,0.05,,,268,
2017-11-22_2834,2017-11-22,2834,臺企銀,twse,8.40,8.45,8.40,8.42,19746255,166273129,0.05,,,2564,
2017-11-22_2836,2017-11-22,2836,高雄銀,twse,9.16,9.23,9.16,9.23,582215,5349074,0.07,,,226,
2017-11-22_2838,2017-11-22,2838,聯邦銀,twse,9.13,9.17,9.13,9.17,2354457,21545867,0.05,,,548,
2017-11-22_2841,2017-11-22,2841,台開,twse,10.05,10.15,10.00,10.10,2019396,20353368,0.05,,,408,
2017-11-22_2845,2017-11-22,2845,遠東銀,twse,9.47,9.59,9.47,9.57,6165572,58711919,0.13,,,1126,
2017-11-22_2849,2017-11-22,2849,安泰銀,twse,13.25,13.45,13.25,13.45,257442,3440748,0.2,,,123,
2017-11-22_2850,2017-11-22,2850,新產,twse,29.05,29.30,28.50,28.85,522906,15161939,-0.2,,,341,
2017-11-22_2851,2017-11-22,2851,中再保,twse,17.75,18.00,17.70,17.85,1168840,20865518,0.25,,,469,
2017-11-22_2852,2017-11-22,2852,第一保,twse,14.30,14.50,14.25,14.45,977564,14032912,0.15,,,229,
2017-11-22_2855,2017-11-22,2855,統一證,twse,15.15,15.45,14.95,15.10,3267528,49778120,0.15,,,859,
2017-11-22_2856,2017-11-22,2856,元富證,twse,8.67,8.75,8.65,8.67,3627546,31586987,0.06,,,820,
2017-11-22_2867,2017-11-22,2867,三商壽,twse,16.80,17.00,16.55,16.65,7670437,128841888,-0.05,,,2348,
2017-11-22_2880,2017-11-22,2880,華南金,twse,16.65,16.80,16.65,16.70,16662026,278610513,0.05,,,4467,
2017-11-22_2881,2017-11-22,2881,富邦金,twse,51.00,52.10,50.50,50.80,52747990,2707684495,0.5,,,16082,
2017-11-22_2881A,2017-11-22,2881A,富邦特,twse,63.40,63.40,63.20,63.40,33542,2123596,0.0,,,34,
2017-11-22_2882,2017-11-22,2882,國泰金,twse,54.70,56.00,53.80,54.00,67294494,3686499583,0.2,,,22400,
2017-11-22_2882A,2017-11-22,2882A,國泰特,twse,62.30,62.30,62.10,62.30,190362,11840444,0.0,,,70,
2017-11-22_2883,2017-11-22,2883,凱基金,twse,9.61,9.64,9.50,9.50,52695782,504283884,0.0,,,8824,
2017-11-22_2884,2017-11-22,2884,玉山金,twse,18.75,18.95,18.70,18.85,45333666,855677900,0.2,,,9628,
2017-11-22_2885,2017-11-22,2885,元大金,twse,14.00,14.15,14.00,14.10,54056192,761878396,0.2,,,8988,
2017-11-22_2886,2017-11-22,2886,兆豐金,twse,23.90,24.10,23.90,24.05,19244714,461961105,0.2,,,4861,
2017-11-22_2887,2017-11-22,2887,台新新光金,twse,13.70,13.85,13.65,13.75,38274122,526165858,0.15,,,8742,
2017-11-22_2887E,2017-11-22,2887E,台新新光戊特一,twse,52.80,52.80,52.70,52.70,162344,8570393,-0.1,,,43,
2017-11-22_2888,2017-11-22,2888,新光金,twse,10.55,10.65,10.30,10.35,160573226,1681254366,-0.1,,,17120,
2017-11-22_2889,2017-11-22,2889,國票金,twse,9.22,9.33,9.22,9.28,4301693,39871449,0.08,,,1097,
2017-11-22_2890,2017-11-22,2890,永豐金,twse,9.40,9.47,9.39,9.41,22151990,208805111,0.02,,,4066,
2017-11-22_2891,2017-11-22,2891,中信金,twse,20.00,20.40,20.00,20.30,118519620,2394313356,0.55,,,23799,
2017-11-22_2892,2017-11-22,2892,第一金,twse,19.40,19.60,19.40,19.55,20836553,407145622,0.15,,,5874,
2017-11-22_2897,2017-11-22,2897,王道銀行,twse,9.25,9.29,9.16,9.17,4040627,37215244,0.04,,,1208,
2017-11-22_2901,2017-11-22,2901,欣欣,twse,27.80,27.80,26.70,27.30,13052,357793,-0.5,,,13,
2017-11-22_2903,2017-11-22,2903,遠百,twse,15.00,15.10,14.95,15.05,2647211,39753496,0.1,,,688,
2017-11-22_2904,2017-11-22,2904,匯僑,twse,19.60,19.60,19.55,19.60,44424,869857,0.0,,,42,
2017-11-22_2905,2017-11-22,2905,三商,twse,26.45,26.80,26.45,26.80,2104759,56137595,0.45,,,861,
2017-11-22_2906,2017-11-22,2906,高林,twse,11.20,11.30,11.20,11.30,198767,2241488,0.05,,,54,
2017-11-22_2908,2017-11-22,2908,特力,twse,22.70,22.75,22.35,22.75,666828,15058511,0.1,,,189,
2017-11-22_2910,2017-11-22,2910,統領,twse,28.10,28.50,28.10,28.45,19000,538950,-0.55,,,18,
2017-11-22_2911,2017-11-22,2911,麗嬰房,twse,11.40,11.45,11.25,11.25,569297,6453087,-0.15,,,192,
2017-11-22_2912,2017-11-22,2912,統一超,twse,287.00,288.50,285.00,288.50,1140170,327447700,3.5,,,911,
2017-11-22_2913,2017-11-22,2913,農林,twse,15.30,15.50,15.30,15.45,841727,12971699,0.1,,,308,
2017-11-22_2915,2017-11-22,2915,潤泰全,twse,51.70,53.50,51.40,52.10,12302879,647384278,0.7,,,5477,
2017-11-22_2916,2017-11-22,2916,滿心,tpex,16.10,16.10,16.00,16.00,22000,353000,-0.10,,54626878,6,
2017-11-22_2923,2017-11-22,2923,鼎固-KY,twse,18.20,18.95,18.10,18.95,116099,2168211,0.55,,,94,
2017-11-22_2924,2017-11-22,2924,東凌-KY,tpex,56.60,57.20,56.20,57.20,9000,512400,0.00,,34005174,7,
2017-11-22_2926,2017-11-22,2926,誠品生活,tpex,139.50,139.50,138.50,139.00,6000,833000,0.00,,47389650,6,
2017-11-22_2928,2017-11-22,2928,紅馬-KY,tpex,64.10,65.00,62.00,62.00,365000,22969600,-2.00,,47301154,300,
2017-11-22_2929,2017-11-22,2929,淘帝-KY,twse,111.50,112.00,110.00,110.50,1035382,114797701,-0.5,,,747,
2017-11-22_2936,2017-11-22,2936,客思達-KY,twse,31.25,31.35,31.25,31.30,27000,844500,-0.1,,,24,
2017-11-22_2937,2017-11-22,2937,集雅社,tpex,20.55,20.85,20.55,20.85,7000,145000,0.30,,32860000,6,
2017-11-22_3002,2017-11-22,3002,歐格,twse,13.50,13.50,13.25,13.35,117000,1558850,0.05,,,59,
2017-11-22_3003,2017-11-22,3003,健和興,twse,72.80,74.70,72.50,73.00,3125420,230170834,1.6,,,2121,
2017-11-22_3004,2017-11-22,3004,豐達科,twse,47.25,47.30,46.90,47.00,49188,2313186,-0.15,,,48,
2017-11-22_3005,2017-11-22,3005,神基,twse,40.75,41.90,40.65,41.75,2625470,109088682,1.2,,,1516,
2017-11-22_3006,2017-11-22,3006,晶豪科,twse,46.10,47.20,45.70,45.75,7816970,362764622,0.3,,,3660,
2017-11-22_3008,2017-11-22,3008,大立光,twse,5570.00,5615.00,5520.00,5555.00,594153,3306770475,40.0,,,687,
2017-11-22_3010,2017-11-22,3010,華立,twse,56.20,57.00,56.00,56.10,1009503,57028367,0.1,,,678,
2017-11-22_3011,2017-11-22,3011,今皓,twse,7.50,7.54,7.44,7.44,255092,1909954,0.0,,,61,
2017-11-22_3013,2017-11-22,3013,晟銘電,twse,18.75,19.50,18.75,19.35,1240300,23763190,0.75,,,539,
2017-11-22_3014,2017-11-22,3014,聯陽,twse,35.40,35.40,34.90,35.20,538468,18966820,0.0,,,343,
2017-11-22_3015,2017-11-22,3015,全漢,twse,25.30,25.90,24.90,25.35,859352,21877899,0.05,,,453,
2017-11-22_3016,2017-11-22,3016,嘉晶,twse,36.50,36.80,34.35,35.40,12134764,433126391,-0.8,,,5878,
2017-11-22_3017,2017-11-22,3017,奇鋐,twse,29.20,29.25,28.55,28.60,5169613,148968736,-0.8,,,2215,
2017-11-22_3018,2017-11-22,3018,隆銘綠能,twse,71.30,72.60,70.50,71.50,635859,45516400,0.4,,,409,
2017-11-22_3019,2017-11-22,3019,亞光,twse,121.50,129.00,121.50,122.50,32968108,4135329334,2.5,,,18227,
2017-11-22_3021,2017-11-22,3021,鴻名,twse,15.40,15.40,15.15,15.20,142080,2164457,-0.1,,,85,
2017-11-22_3022,2017-11-22,3022,威強電,twse,41.75,41.95,41.45,41.95,435648,18170949,0.5,,,350,
2017-11-22_3023,2017-11-22,3023,信邦,twse,84.50,84.90,84.20,84.80,1307074,110525348,0.8,,,1020,
2017-11-22_3024,2017-11-22,3024,憶聲,twse,6.38,6.41,6.20,6.25,688669,4328858,-0.2,,,221,
2017-11-22_3025,2017-11-22,3025,星通,twse,20.00,20.00,19.50,19.60,167001,3280719,0.05,,,65,
2017-11-22_3026,2017-11-22,3026,禾伸堂,twse,89.30,89.40,85.10,89.40,11785930,1040107678,8.1,,,6961,
2017-11-22_3027,2017-11-22,3027,盛達,twse,11.40,11.40,11.20,11.20,352449,3968481,-0.15,,,143,
2017-11-22_3028,2017-11-22,3028,增你強,twse,20.00,20.10,19.80,19.90,783110,15633475,-0.1,,,290,
2017-11-22_3029,2017-11-22,3029,零壹,twse,19.30,19.50,19.30,19.30,658016,12757356,0.05,,,294,
2017-11-22_3030,2017-11-22,3030,德律,twse,40.90,41.00,40.50,40.75,228155,9281930,-0.15,,,165,
2017-11-22_3031,2017-11-22,3031,佰鴻,twse,17.50,18.75,17.45,17.80,8951924,162152189,0.6,,,3802,
2017-11-22_3032,2017-11-22,3032,偉訓,twse,40.50,40.50,39.50,39.90,168624,6719042,-0.3,,,94,
2017-11-22_3033,2017-11-22,3033,威健,twse,18.95,19.25,18.85,18.95,2214984,42217493,0.15,,,905,
2017-11-22_3034,2017-11-22,3034,聯詠,twse,117.50,118.00,117.00,118.00,2337182,274995377,1.0,,,1688,
2017-11-22_3035,2017-11-22,3035,智原,twse,55.00,55.10,53.60,54.20,6326784,344003736,-0.9,,,3708,
2017-11-22_3036,2017-11-22,3036,文曄,twse,47.00,47.30,46.70,47.20,1471588,69092294,0.4,,,782,
2017-11-22_3037,2017-11-22,3037,欣興,twse,16.20,16.25,15.70,15.75,13247895,211847228,-0.4,,,4374,
2017-11-22_3038,2017-11-22,3038,全台,twse,10.40,10.45,10.10,10.15,503238,5173753,-0.2,,,165,
2017-11-22_3040,2017-11-22,3040,遠見,twse,42.60,45.00,42.60,43.95,2130462,93602459,2.35,,,955,
2017-11-22_3041,2017-11-22,3041,揚智,twse,17.55,17.55,16.10,16.20,8527653,141767721,-1.05,,,3416,
2017-11-22_3042,2017-11-22,3042,晶技,twse,40.25,40.35,40.00,40.35,479575,19262660,0.2,,,349,
2017-11-22_3043,2017-11-22,3043,科風,twse,2.38,2.72,2.38,2.56,94976,246882,0.06,,,51,
2017-11-22_3044,2017-11-22,3044,健鼎,twse,101.00,101.50,99.10,99.80,1598033,159651888,-0.7,,,1197,
2017-11-22_3045,2017-11-22,3045,台灣大,twse,108.00,108.50,108.00,108.50,4201438,454937804,1.0,,,2029,
2017-11-22_3046,2017-11-22,3046,建碁,twse,5.94,6.10,5.60,5.60,490724,2847535,-0.34,,,119,
2017-11-22_3047,2017-11-22,3047,訊舟,twse,10.15,10.15,9.97,10.00,522993,5240693,-0.05,,,153,
2017-11-22_3048,2017-11-22,3048,益登,twse,17.60,17.80,17.35,17.50,2161135,37964429,0.05,,,840,
2017-11-22_3049,2017-11-22,3049,精金,twse,10.80,10.90,10.60,10.65,5649975,60542969,-0.15,,,1378,
2017-11-22_3050,2017-11-22,3050,鈺德,twse,12.40,12.40,11.85,11.85,1699913,20410644,-0.35,,,597,
2017-11-22_3051,2017-11-22,3051,力特,twse,6.66,6.78,6.00,6.18,22861876,147855710,0.01,,,5612,
2017-11-22_3052,2017-11-22,3052,夆典,twse,8.25,8.30,8.22,8.30,223948,1853819,0.08,,,58,
2017-11-22_3054,2017-11-22,3054,立萬利,twse,17.80,17.85,17.20,17.20,161400,2841390,-0.8,,,104,
2017-11-22_3055,2017-11-22,3055,蔚華科,twse,18.35,18.50,18.25,18.35,94490,1735440,0.05,,,69,
2017-11-22_3056,2017-11-22,3056,富華新,twse,19.20,19.35,19.00,19.10,2101095,40258105,-0.1,,,640,
2017-11-22_3057,2017-11-22,3057,喬鼎,twse,12.05,12.20,11.90,12.00,956002,11553274,0.0,,,234,
2017-11-22_3058,2017-11-22,3058,立德,twse,9.00,9.05,9.00,9.02,92651,836499,0.05,,,43,
2017-11-22_3059,2017-11-22,3059,華晶科,twse,25.90,26.60,25.75,25.85,4959459,130033756,0.25,,,2382,
2017-11-22_3060,2017-11-22,3060,銘異,twse,28.90,29.20,28.65,28.70,517000,14910121,-0.4,,,365,
2017-11-22_3062,2017-11-22,3062,建漢,twse,19.30,19.30,18.80,18.85,1113002,21081830,-0.35,,,555,
2017-11-22_3064,2017-11-22,3064,泰偉,tpex,9.00,9.91,9.00,9.91,302000,2782610,0.84,,72105141,82,
2017-11-22_3066,2017-11-22,3066,李洲,tpex,7.17,7.34,7.17,7.20,16000,115080,0.00,,83070612,9,
2017-11-22_3067,2017-11-22,3067,全域,tpex,12.40,12.40,12.40,12.40,1000,12400,0.20,up,29025240,1,
2017-11-22_3068,2017-11-22,3068,美磊,tpex,62.60,63.50,62.10,62.10,1556000,97790100,-0.50,,93467444,943,
2017-11-22_3073,2017-11-22,3073,凱柏實業,tpex,8.60,8.75,8.60,8.75,26000,224610,0.00,,46463665,18,
2017-11-22_3078,2017-11-22,3078,僑威,tpex,38.65,38.70,36.50,36.70,19645000,742367700,0.95,,227391064,9437,
2017-11-22_3081,2017-11-22,3081,聯亞,tpex,406.00,409.50,392.00,394.00,1220000,488073500,-11.00,,90589677,1108,
2017-11-22_3083,2017-11-22,3083,網龍,tpex,39.40,39.55,38.90,38.90,157000,6163100,0.00,,85704358,119,
2017-11-22_3085,2017-11-22,3085,新零售,tpex,26.05,26.05,25.60,25.60,111000,2846700,0.00,,118081713,66,
2017-11-22_3086,2017-11-22,3086,華義,tpex,16.90,17.00,16.90,16.90,49000,832500,-0.05,,31166127,18,
2017-11-22_3088,2017-11-22,3088,艾訊,tpex,52.30,52.30,51.80,51.80,270000,14078200,-0.30,,79235034,192,
2017-11-22_3089,2017-11-22,3089,遠昇,tpex,5.88,5.88,5.70,5.70,8000,46500,-0.18,,93890463,6,
2017-11-22_3090,2017-11-22,3090,日電貿,twse,33.00,33.75,32.50,32.60,2984969,98778332,0.1,,,1574,
2017-11-22_3092,2017-11-22,3092,鴻碩,tpex,47.80,48.40,47.70,48.05,602000,28912500,0.50,,69800759,373,
2017-11-22_3093,2017-11-22,3093,港建,tpex,29.00,29.00,28.80,28.80,6000,173300,0.00,,36288894,6,
2017-11-22_3094,2017-11-22,3094,聯傑,twse,23.30,23.50,22.95,22.95,404343,9375539,-0.25,,,233,
2017-11-22_3095,2017-11-22,3095,及成,tpex,2.83,2.98,2.83,2.90,25000,73150,-0.10,,109276321,10,
2017-11-22_3105,2017-11-22,3105,穩懋,tpex,293.00,296.00,285.50,292.00,13126000,3818800500,-2.50,,402666384,8946,
2017-11-22_3114,2017-11-22,3114,好德,tpex,15.80,15.95,15.65,15.75,329000,5191350,0.00,,50013691,115,
2017-11-22_3115,2017-11-22,3115,寶島極,tpex,11.80,11.80,11.15,11.40,5000,56950,0.00,,43697600,5,
2017-11-22_3118,2017-11-22,3118,進階,tpex,32.50,32.50,32.20,32.30,11000,355100,0.10,,32452860,11,
2017-11-22_3122,2017-11-22,3122,笙泉,tpex,17.00,17.05,16.65,16.90,88000,1482750,-0.30,,39299934,55,
2017-11-22_3128,2017-11-22,3128,昇銳,tpex,11.20,11.30,11.15,11.25,11000,123450,0.05,,42000000,10,
2017-11-22_3130,2017-11-22,3130,一零四,twse,156.00,156.50,155.50,156.00,24492,3818244,1.0,,,28,
2017-11-22_3131,2017-11-22,3131,弘塑,tpex,195.00,195.50,192.00,192.00,121000,23435500,-1.00,,24683843,107,
2017-11-22_3141,2017-11-22,3141,晶宏,tpex,41.00,41.20,39.00,40.25,1946000,78081900,-0.30,,63448176,1146,
2017-11-22_3144,2017-11-22,3144,新揚科,tpex,25.55,25.55,25.05,25.05,326000,8257900,-0.25,,100637750,186,
2017-11-22_3149,2017-11-22,3149,正達,twse,20.90,21.20,20.45,20.50,707575,14739533,-0.3,,,328,
2017-11-22_3152,2017-11-22,3152,璟德,tpex,367.00,367.50,353.00,356.00,260000,93044000,-4.00,,69016200,251,
2017-11-22_3162,2017-11-22,3162,精確,tpex,32.00,33.20,31.50,32.15,627000,20142700,0.15,,56531342,331,
2017-11-22_3163,2017-11-22,3163,波若威,tpex,35.95,36.05,35.35,35.40,323000,11493950,-0.55,,74426481,250,
2017-11-22_3164,2017-11-22,3164,景岳,twse,24.40,24.80,24.30,24.30,288004,7062446,-0.2,,,147,
2017-11-22_3167,2017-11-22,3167,大量,twse,48.80,53.00,47.80,49.40,11035198,560774488,0.6,,,5965,
2017-11-22_3169,2017-11-22,3169,亞信,tpex,30.50,30.55,30.00,30.10,308000,9300850,-0.50,,53090650,129,
2017-11-22_3171,2017-11-22,3171,新洲,tpex,14.10,14.10,14.00,14.05,4000,56200,-0.15,,59203515,4,
2017-11-22_3176,2017-11-22,3176,基亞,tpex,38.10,38.10,37.50,37.70,295000,11124400,-0.35,,138685505,220,
2017-11-22_3188,2017-11-22,3188,鑫龍騰,tpex,17.70,17.85,17.30,17.70,48000,844200,0.15,,106295120,31,
2017-11-22_3189,2017-11-22,3189,景碩,twse,72.70,75.60,72.60,74.00,4522838,335205512,2.2,,,2502,
2017-11-22_3191,2017-11-22,3191,和進,tpex,15.90,16.00,15.50,15.50,158000,2476050,-0.40,,57194761,75,
2017-11-22_3202,2017-11-22,3202,樺晟,tpex,26.80,27.80,26.30,27.20,2881000,77970100,0.70,,97103568,1251,
2017-11-22_3205,2017-11-22,3205,佰研,tpex,64.80,67.50,64.70,65.40,200000,13208200,0.00,,32772631,167,
2017-11-22_3206,2017-11-22,3206,志豐,tpex,25.65,25.65,24.80,24.85,596000,14931150,-0.35,,51822972,276,
2017-11-22_3207,2017-11-22,3207,耀勝,tpex,9.50,9.50,9.49,9.49,6000,56990,-0.01,,38259225,2,
2017-11-22_3209,2017-11-22,3209,全科,twse,21.30,21.35,21.20,21.35,276488,5887511,0.1,,,165,
2017-11-22_3211,2017-11-22,3211,順達,tpex,47.60,49.20,47.35,48.30,1784000,86626050,0.90,,151968521,1163,
2017-11-22_3213,2017-11-22,3213,茂訊,tpex,54.20,54.50,54.00,54.00,125000,6767500,-0.20,,58685547,93,
2017-11-22_3217,2017-11-22,3217,優群,tpex,32.10,32.15,31.50,31.50,449000,14259900,-0.30,,82104203,265,
2017-11-22_3218,2017-11-22,3218,大學光,tpex,27.05,27.25,26.75,26.85,301000,8108100,-0.10,,76123000,186,
2017-11-22_3221,2017-11-22,3221,台嘉碩,tpex,18.15,19.20,18.00,18.80,1204000,22563350,0.40,,96460810,559,
2017-11-22_3224,2017-11-22,3224,三顧,tpex,38.80,39.65,38.80,39.10,218000,8588900,0.30,,44016045,114,
2017-11-22_3226,2017-11-22,3226,至寶電,tpex,53.00,53.00,52.60,52.60,9000,475400,-0.40,,64430573,5,
2017-11-22_3227,2017-11-22,3227,原相,tpex,155.00,161.00,150.50,151.00,21682000,3384509000,-4.00,,133092730,15149,
2017-11-22_3228,2017-11-22,3228,金麗科,tpex,18.50,18.80,18.30,18.60,58000,1068400,0.00,,67792705,32,
2017-11-22_3229,2017-11-22,3229,晟鈦,twse,23.85,25.80,23.55,24.60,3868393,94147777,0.75,,,1771,
2017-11-22_3230,2017-11-22,3230,錦明,tpex,6.63,6.63,6.20,6.22,49000,307360,-0.04,,107746524,29,
2017-11-22_3231,2017-11-22,3231,緯創,twse,24.50,24.50,23.90,24.00,39139908,943181868,-0.2,,,13129,
2017-11-22_3232,2017-11-22,3232,昱捷,tpex,36.30,36.70,35.60,36.10,194000,7016700,-0.20,,31567865,141,
2017-11-22_3234,2017-11-22,3234,光環,tpex,33.55,34.90,33.15,34.10,880000,30014800,1.00,,72527692,583,
2017-11-22_3236,2017-11-22,3236,千如,tpex,43.85,45.75,43.85,45.45,4886000,219700550,1.60,,73197759,2745,
2017-11-22_3252,2017-11-22,3252,海灣,tpex,19.55,19.85,19.50,19.80,29000,567100,0.20,,31445754,15,
2017-11-22_3257,2017-11-22,3257,虹冠電,twse,53.50,53.50,52.90,52.90,91358,4844124,0.0,,,76,
2017-11-22_3259,2017-11-22,3259,鑫創,tpex,21.50,22.10,21.35,21.50,201000,4348050,0.00,,80859553,101,
2017-11-22_3260,2017-11-22,3260,威剛,tpex,88.90,89.00,86.50,87.00,11298000,994396200,1.50,,229973374,5865,
2017-11-22_3264,2017-11-22,3264,欣銓,tpex,41.60,42.60,39.15,39.90,16076000,658985300,-1.00,,485461311,7412,
2017-11-22_3265,2017-11-22,3265,台星科,tpex,27.50,27.60,26.80,27.00,794000,21625850,-0.20,,136261659,404,
2017-11-22_3266,2017-11-22,3266,昇陽,twse,11.55,11.60,11.50,11.60,335945,3871011,0.05,,,38,
2017-11-22_3268,2017-11-22,3268,海德威,tpex,13.25,13.25,12.95,13.15,30000,392350,0.00,,33426272,15,
2017-11-22_3272,2017-11-22,3272,東碩,tpex,58.00,58.00,56.30,56.60,205000,11649400,-0.70,,52264966,150,
2017-11-22_3276,2017-11-22,3276,宇環,tpex,14.55,14.55,14.35,14.35,122000,1753900,-0.05,,69712666,48,
2017-11-22_3284,2017-11-22,3284,太普高,tpex,18.90,18.90,18.75,18.80,53000,1000350,0.05,,55961790,22,
2017-11-22_3285,2017-11-22,3285,微端,tpex,19.10,19.15,19.00,19.00,67000,1277300,-0.10,,44109324,40,
2017-11-22_3287,2017-11-22,3287,廣寰科,tpex,6.49,6.55,6.49,6.55,2000,13040,0.06,,43970483,2,
2017-11-22_3288,2017-11-22,3288,點晶,tpex,3.78,3.78,3.78,3.78,15000,56700,0.28,up,48475148,3,
2017-11-22_3289,2017-11-22,3289,宜特,tpex,111.00,112.00,108.50,110.00,618000,68207000,0.00,,63006364,430,
2017-11-22_3290,2017-11-22,3290,東浦,tpex,14.80,15.00,14.80,14.90,137000,2043650,0.10,,99548926,38,
2017-11-22_3293,2017-11-22,3293,鈊象,tpex,160.50,161.00,158.50,158.50,281000,44821500,-1.00,,69979390,234,
2017-11-22_3294,2017-11-22,3294,英濟,tpex,29.15,29.90,28.30,28.40,2674000,77663000,-0.50,,131338919,1349,
2017-11-22_3296,2017-11-22,3296,勝德,twse,17.35,17.45,17.05,17.10,153020,2633278,-0.15,,,52,
2017-11-22_3297,2017-11-22,3297,杭特,tpex,14.55,14.60,14.40,14.60,18000,260650,0.10,,36911645,11,
2017-11-22_3299,2017-11-22,3299,帛漢,tpex,67.40,67.40,66.30,66.40,488000,32621200,-0.80,,61004624,369,
2017-11-22_3303,2017-11-22,3303,岱稜,tpex,18.90,19.00,18.65,18.70,109000,2049700,-0.15,,96089607,55,
2017-11-22_3305,2017-11-22,3305,昇貿,twse,26.90,26.95,26.60,26.65,108138,2893568,-0.15,,,46,
2017-11-22_3306,2017-11-22,3306,鼎天,tpex,22.90,24.40,22.90,23.10,949000,22622450,0.15,,50607702,459,
2017-11-22_3308,2017-11-22,3308,聯德,twse,8.04,8.14,8.00,8.01,116001,934128,0.0,,,55,
2017-11-22_3310,2017-11-22,3310,佳穎,tpex,27.00,27.15,26.20,26.35,338000,8987100,-0.80,,62826586,176,
2017-11-22_3311,2017-11-22,3311,閎暉,twse,18.45,18.60,18.25,18.35,974602,17983264,0.05,,,428,
2017-11-22_3312,2017-11-22,3312,弘憶股,twse,6.63,6.63,6.53,6.58,92204,607395,-0.04,,,42,
2017-11-22_3313,2017-11-22,3313,斐成,tpex,41.70,41.75,40.95,41.10,294000,12127150,-0.10,,83770776,155,
2017-11-22_3317,2017-11-22,3317,尼克森,tpex,51.50,52.50,47.00,50.40,21987000,1107680000,1.35,,61251550,12364,
2017-11-22_3321,2017-11-22,3321,同泰,twse,13.90,14.00,13.25,13.30,192000,2581450,-0.25,,,97,
2017-11-22_3322,2017-11-22,3322,建舜電,tpex,10.30,10.50,10.15,10.30,294000,3034650,0.10,,86415616,65,
2017-11-22_3323,2017-11-22,3323,加百裕,tpex,40.10,41.30,40.00,40.10,3623000,147456800,0.65,,86799914,2161,
2017-11-22_3324,2017-11-22,3324,雙鴻,tpex,78.80,79.00,75.50,75.80,1557000,120041000,-2.60,,80649523,1093,
2017-11-22_3325,2017-11-22,3325,旭品,tpex,14.75,14.95,14.70,14.80,114000,1688250,-0.05,,77134579,74,
2017-11-22_3338,2017-11-22,3338,泰碩,twse,28.60,28.80,28.00,28.25,353002,10008356,-0.35,,,249,
2017-11-22_3339,2017-11-22,3339,泰谷,tpex,8.60,8.77,8.60,8.75,110000,959990,0.24,,96181442,52,
2017-11-22_3346,2017-11-22,3346,麗清,twse,74.90,79.00,74.20,77.20,2309546,178531950,3.6,,,1619,
2017-11-22_3354,2017-11-22,3354,律勝,tpex,16.10,16.50,15.50,16.00,946000,15056200,-0.10,,70112426,495,
2017-11-22_3356,2017-11-22,3356,奇偶,twse,35.80,36.00,35.50,35.70,179570,6416624,-0.25,,,149,
2017-11-22_3360,2017-11-22,3360,尚立,tpex,15.00,15.00,14.85,14.85,180000,2684200,-0.05,,75456054,98,
2017-11-22_3362,2017-11-22,3362,先進光,tpex,76.30,82.50,76.20,77.70,14579000,1159149400,2.10,,103378000,9195,
2017-11-22_3363,2017-11-22,3363,上詮,tpex,30.35,31.15,30.35,30.40,380000,11699450,0.05,,77474145,185,
2017-11-22_3372,2017-11-22,3372,典範,tpex,6.11,6.15,6.07,6.13,348000,2124900,0.00,,407482000,91,
2017-11-22_3373,2017-11-22,3373,熱映,tpex,19.50,19.90,19.40,19.50,182000,3554850,0.05,,43289801,100,
2017-11-22_3374,2017-11-22,3374,精材,tpex,89.90,95.80,88.50,89.80,37496000,3428749500,0.70,,272109316,22483,
2017-11-22_3376,2017-11-22,3376,新日興,twse,79.50,81.60,79.50,80.80,1010645,81671354,1.4,,,689,
2017-11-22_3379,2017-11-22,3379,彬台,tpex,11.55,11.85,11.55,11.60,59000,691650,0.00,,38041748,39,
2017-11-22_3380,2017-11-22,3380,明泰,twse,23.45,23.50,23.00,23.10,5215798,120760254,-0.25,,,2256,
2017-11-22_3383,2017-11-22,3383,新世紀,twse,3.04,3.09,3.00,3.00,384940,1166100,-0.01,,,71,
2017-11-22_3388,2017-11-22,3388,崇越電,tpex,71.00,71.20,70.50,70.50,43000,3040000,0.00,,64101000,34,
2017-11-22_3390,2017-11-22,3390,旭軟,tpex,26.00,26.15,24.70,24.90,1488000,37685850,-0.90,,66937059,664,
2017-11-22_3402,2017-11-22,3402,漢科,tpex,24.40,24.60,24.30,24.40,249000,6085850,0.05,,73047692,136,
2017-11-22_3406,2017-11-22,3406,玉晶光,twse,330.50,358.50,329.00,358.50,16599506,5833407887,32.5,,,10776,
2017-11-22_3413,2017-11-22,3413,京鼎,twse,245.00,245.00,228.50,232.50,4266680,1007751260,-8.5,,,3242,
2017-11-22_3416,2017-11-22,3416,融程電,twse,51.20,51.50,51.00,51.10,111002,5683702,-0.4,,,80,
2017-11-22_3419,2017-11-22,3419,譁裕,twse,17.70,17.85,17.65,17.75,186949,3320399,0.1,,,111,
2017-11-22_3426,2017-11-22,3426,台興,tpex,71.90,72.20,69.90,71.00,348000,24542400,-0.90,,22000000,246,
2017-11-22_3428,2017-11-22,3428,光燿科,tpex,57.90,60.20,57.50,58.90,3079000,181790500,1.70,,96232000,1855,
2017-11-22_3431,2017-11-22,3431,長天,tpex,5.41,5.80,5.31,5.50,431000,2395270,-0.02,,35458704,137,
2017-11-22_3432,2017-11-22,3432,台端,twse,12.30,12.45,12.30,12.40,59001,731662,0.0,,,19,
2017-11-22_3434,2017-11-22,3434,哲固,tpex,12.90,12.90,12.75,12.75,3000,38500,-0.05,,22700000,3,
2017-11-22_3437,2017-11-22,3437,榮創,twse,44.00,46.00,44.00,46.00,19296835,871624010,4.15,,,6977,
2017-11-22_3438,2017-11-22,3438,類比科,tpex,23.40,23.50,22.40,22.40,1402000,31939600,-0.75,,67379735,715,
2017-11-22_3441,2017-11-22,3441,聯一光,tpex,44.70,48.60,44.70,45.90,4415000,207769750,1.70,,40039920,2782,
2017-11-22_3443,2017-11-22,3443,創意,twse,286.00,291.50,281.50,283.00,3270571,933821802,2.0,,,2734,
2017-11-22_3444,2017-11-22,3444,利機,tpex,27.20,27.20,24.80,25.10,1918000,50112950,-2.25,,39114586,1000,
2017-11-22_3450,2017-11-22,3450,聯鈞,twse,121.50,122.00,119.00,119.50,2406976,289789649,-2.0,,,1664,
2017-11-22_3452,2017-11-22,3452,益通,tpex,9.60,9.60,9.32,9.32,1847000,17384670,-0.27,,779449742,606,
2017-11-22_3454,2017-11-22,3454,晶睿,twse,97.90,97.90,96.80,97.00,90331,8786407,0.3,,,89,
2017-11-22_3455,2017-11-22,3455,由田,tpex,51.40,51.50,50.70,50.70,806000,41078100,-0.30,,61468750,503,
2017-11-22_3465,2017-11-22,3465,祥業,tpex,13.10,13.10,13.10,13.10,11000,144100,0.00,down,13160335,2,
2017-11-22_3466,2017-11-22,3466,致振,tpex,15.15,15.95,15.15,15.30,20000,308250,-0.40,,60887573,16,
2017-11-22_3479,2017-11-22,3479,安勤,tpex,49.50,49.50,49.15,49.15,113000,5565750,0.00,,69288164,78,
2017-11-22_3481,2017-11-22,3481,群創,twse,13.40,13.75,13.35,13.60,164264601,2231550853,0.3,,,21258,
2017-11-22_3483,2017-11-22,3483,力致,tpex,23.15,23.85,23.05,23.80,190000,4476100,0.75,,53856000,135,
2017-11-22_3484,2017-11-22,3484,崧騰,tpex,38.80,39.10,38.20,38.25,315000,12153300,-0.35,,69301342,216,
2017-11-22_3489,2017-11-22,3489,森寶,tpex,9.16,9.32,9.11,9.11,646000,5976200,-0.12,,83130670,122,
2017-11-22_3490,2017-11-22,3490,單井,tpex,29.65,29.65,28.90,28.90,282000,8226200,-0.10,,68760483,183,
2017-11-22_3491,2017-11-22,3491,昇達科,tpex,70.00,70.80,69.90,69.90,237000,16652500,0.00,,51581241,168,
2017-11-22_3492,2017-11-22,3492,長盛,tpex,32.05,33.60,32.05,33.15,279000,9224150,1.20,,35531600,224,
2017-11-22_3494,2017-11-22,3494,誠研,twse,11.40,11.50,11.35,11.50,572241,6535882,0.2,,,212,
2017-11-22_3498,2017-11-22,3498,陽程,tpex,54.60,54.60,53.70,54.30,386000,20896800,-0.30,,91718060,244,
2017-11-22_3499,2017-11-22,3499,環天科,tpex,16.55,16.85,16.55,16.70,308000,5139750,0.20,,54970596,155,
2017-11-22_3501,2017-11-22,3501,維熹,twse,63.10,63.70,62.00,62.10,917040,57561040,-0.9,,,580,
2017-11-22_3504,2017-11-22,3504,揚明光,twse,58.80,61.60,58.10,58.50,5943901,356584746,0.2,,,3926,
2017-11-22_3508,2017-11-22,3508,位速,tpex,38.30,40.15,38.30,39.00,2976000,117142850,0.70,,92837737,1471,
2017-11-22_3511,2017-11-22,3511,矽瑪,tpex,17.40,17.50,17.35,17.35,38000,661450,-0.05,,44572945,18,
2017-11-22_3512,2017-11-22,3512,能緹,tpex,38.35,39.40,38.00,38.15,121000,4655150,-0.30,,59000000,84,
2017-11-22_3514,2017-11-22,3514,昱晶,twse,19.00,19.00,18.45,18.50,4820466,89685666,-0.3,,,1754,
2017-11-22_3515,2017-11-22,3515,華擎,twse,76.20,76.20,73.00,73.70,406187,30193574,-1.6,,,327,
2017-11-22_3516,2017-11-22,3516,亞帝歐,tpex,15.75,16.20,14.95,14.95,416000,6385050,-0.80,,51913216,166,
2017-11-22_3518,2017-11-22,3518,柏騰,twse,39.15,39.80,38.25,39.80,3235151,126248740,0.65,,,1838,
2017-11-22_3519,2017-11-22,3519,綠能,twse,20.15,20.30,19.35,19.50,8790839,172678721,-0.4,,,3078,
2017-11-22_3520,2017-11-22,3520,振維,tpex,39.35,40.00,39.05,39.10,246000,9675850,-0.25,,64032517,169,
2017-11-22_3521,2017-11-22,3521,鴻翊,tpex,8.00,8.15,7.95,8.08,49000,391110,0.02,,46730575,15,
2017-11-22_3522,2017-11-22,3522,宏森,tpex,38.85,38.85,38.30,38.50,62000,2384400,-0.10,,72650000,45,
2017-11-22_3523,2017-11-22,3523,迎輝,tpex,10.20,10.20,9.75,9.80,123000,1218310,-0.40,,96099560,61,
2017-11-22_3526,2017-11-22,3526,凡甲,tpex,76.80,77.70,75.20,76.50,1912000,146968900,0.50,,65837193,1238,
2017-11-22_3527,2017-11-22,3527,聚積,tpex,70.10,72.00,69.50,70.10,1473000,103991100,0.80,,34814218,952,
2017-11-22_3528,2017-11-22,3528,安馳,twse,33.65,33.85,33.65,33.70,94253,3176060,0.05,,,73,
2017-11-22_3529,2017-11-22,3529,力旺,tpex,399.00,399.00,390.00,392.50,113000,44496000,-3.50,,75782242,104,
2017-11-22_3531,2017-11-22,3531,先益,tpex,28.20,29.10,28.10,28.70,243000,6973800,0.50,,61175011,112,
2017-11-22_3532,2017-11-22,3532,台勝科,twse,121.00,122.50,113.00,114.00,6641882,781246548,-4.0,,,4410,
2017-11-22_3533,2017-11-22,3533,嘉澤,twse,180.50,182.00,177.50,180.50,1102370,197783614,0.0,,,914,
2017-11-22_3535,2017-11-22,3535,晶彩科,twse,12.30,12.30,12.00,12.00,358002,4316374,-0.15,,,154,
2017-11-22_3536,2017-11-22,3536,誠創,twse,20.90,21.50,20.80,21.50,3238500,68449045,0.6,,,641,
2017-11-22_3537,2017-11-22,3537,堡達,tpex,21.45,21.80,21.45,21.55,480000,10359950,0.00,,48695220,180,
2017-11-22_3540,2017-11-22,3540,曜越,tpex,33.00,34.80,29.70,30.20,16294000,531191500,-1.75,,66613044,8850,
2017-11-22_3541,2017-11-22,3541,西柏,tpex,117.00,118.50,117.00,117.00,55000,6467000,0.50,,49312087,48,
2017-11-22_3545,2017-11-22,3545,敦泰,twse,30.10,30.25,29.05,29.40,6641089,196725204,-0.3,,,3062,
2017-11-22_3546,2017-11-22,3546,宇峻,tpex,103.00,103.50,99.20,101.00,1071000,107938500,-0.50,,37988011,860,
2017-11-22_3548,2017-11-22,3548,兆利,tpex,51.60,52.10,51.60,51.70,124000,6436500,0.10,,60551398,87,
2017-11-22_3550,2017-11-22,3550,聯穎,twse,16.75,16.75,16.50,16.60,217001,3598866,0.0,,,82,
2017-11-22_3551,2017-11-22,3551,世禾,tpex,42.10,45.55,42.10,44.00,2460000,109261450,2.55,,56774890,1596,
2017-11-22_3552,2017-11-22,3552,同致,tpex,151.00,153.00,150.00,150.00,1881000,284520500,1.50,,85393699,1513,
2017-11-22_3555,2017-11-22,3555,重鳥鵬,tpex,64.50,64.50,63.40,63.40,3000,192300,-1.10,,35550000,3,
2017-11-22_3556,2017-11-22,3556,禾瑞亞,tpex,54.50,55.10,52.60,53.00,2719000,147233600,-0.90,,59468675,1459,
2017-11-22_3557,2017-11-22,3557,嘉威,twse,11.30,11.30,11.15,11.30,57308,645773,0.0,,,57,
2017-11-22_3558,2017-11-22,3558,神準,tpex,129.50,129.50,128.00,128.50,89000,11442000,0.00,,49060881,84,
2017-11-22_3561,2017-11-22,3561,昇陽光電,twse,15.05,15.10,14.75,14.80,2319984,34463108,-0.2,,,994,
2017-11-22_3562,2017-11-22,3562,頂晶科,tpex,13.20,13.20,12.75,13.00,49000,631100,-0.15,,58090000,32,
2017-11-22_3563,2017-11-22,3563,牧德,tpex,182.00,182.00,174.50,175.00,1301000,231824000,-2.00,,42608234,930,
2017-11-22_3564,2017-11-22,3564,其陽,tpex,28.20,29.70,27.65,28.90,364000,10535250,1.90,,22529100,183,
2017-11-22_3567,2017-11-22,3567,逸昌,tpex,30.30,30.30,29.50,29.80,661000,19794750,-0.20,,35581000,335,
2017-11-22_3570,2017-11-22,3570,大塚,tpex,46.60,46.90,45.80,45.90,43000,1984200,-0.70,,17097000,28,
2017-11-22_3576,2017-11-22,3576,聯合再生,twse,14.45,14.50,14.20,14.20,3400999,48536279,-0.2,,,1038,
2017-11-22_3577,2017-11-22,3577,泓格,tpex,32.10,32.20,32.10,32.15,10000,321250,-0.05,,48058343,6,
2017-11-22_3579,2017-11-22,3579,尚志,twse,17.30,17.35,16.70,17.10,1005315,17153055,0.15,,,538,
2017-11-22_3580,2017-11-22,3580,友威科,tpex,74.10,74.20,71.50,71.80,964000,69916900,-2.10,,35470657,661,
2017-11-22_3581,2017-11-22,3581,博磊,tpex,25.75,27.00,25.25,25.40,2234000,58524250,0.00,,51776000,1209,
2017-11-22_3583,2017-11-22,3583,辛耘,twse,76.00,76.70,74.00,74.00,473035,35673325,-1.2,,,386,
2017-11-22_3587,2017-11-22,3587,閎康,tpex,86.00,86.30,85.20,85.30,255000,21831700,-0.30,,62313157,185,
2017-11-22_3588,2017-11-22,3588,通嘉,twse,28.55,28.55,27.75,27.75,279002,7824106,-0.45,,,163,
2017-11-22_3591,2017-11-22,3591,艾笛森,twse,15.75,16.40,15.45,15.50,1213879,19368985,0.0,,,505,
2017-11-22_3593,2017-11-22,3593,力銘,twse,13.50,13.50,12.80,13.20,1031083,13576452,0.25,,,351,
2017-11-22_3594,2017-11-22,3594,磐儀,tpex,28.95,29.15,28.15,28.25,906000,25826750,-0.65,,62780700,581,
2017-11-22_3596,2017-11-22,3596,智易,twse,48.10,48.75,47.70,48.15,985477,47612063,0.35,,,621,
2017-11-22_3605,2017-11-22,3605,宏致,twse,26.15,26.25,26.00,26.05,322238,8411338,0.05,,,159,
2017-11-22_3607,2017-11-22,3607,谷崧,twse,33.85,34.00,32.75,32.90,1218207,40381256,-0.9,,,796,
2017-11-22_3609,2017-11-22,3609,東林,tpex,14.30,14.60,14.30,14.60,3000,43500,-0.35,,30339387,3,
2017-11-22_3611,2017-11-22,3611,鼎翰,tpex,219.50,221.00,218.00,219.00,105000,23024500,-0.50,,38555400,104,
2017-11-22_3615,2017-11-22,3615,安可,tpex,23.65,24.45,23.25,23.30,510000,12079750,-0.15,,68466976,294,
2017-11-22_3617,2017-11-22,3617,碩天,twse,105.50,106.00,104.50,105.00,91030,9564650,-0.5,,,68,
2017-11-22_3622,2017-11-22,3622,洋華,twse,17.80,19.15,17.65,19.15,11291319,213532487,1.7,,,3214,
2017-11-22_3623,2017-11-22,3623,富晶通,tpex,42.35,42.35,41.85,42.10,31000,1302400,0.10,,29178800,20,
2017-11-22_3624,2017-11-22,3624,光頡,tpex,21.40,21.40,20.80,21.20,320000,6720200,0.00,,117340842,153,
2017-11-22_3625,2017-11-22,3625,西勝,tpex,34.60,35.30,34.40,34.40,1721000,60031900,0.00,,71708617,883,
2017-11-22_3628,2017-11-22,3628,盈正,tpex,39.65,39.65,39.15,39.15,7000,275450,-0.15,,45000000,7,
2017-11-22_3629,2017-11-22,3629,群富通,tpex,17.50,17.50,17.50,17.50,6000,105000,-0.10,down,20246000,3,
2017-11-22_3630,2017-11-22,3630,新鉅科,tpex,52.50,54.20,50.40,50.80,6022000,319053200,-1.30,,158357848,3779,
2017-11-22_3631,2017-11-22,3631,晟楠,tpex,29.50,30.00,29.50,30.00,17000,504650,0.00,,79920909,13,
2017-11-22_3632,2017-11-22,3632,研勤,tpex,15.70,15.70,15.50,15.60,184000,2859500,0.10,,47189738,114,
2017-11-22_3642,2017-11-22,3642,駿熠電,tpex,19.95,19.95,19.85,19.85,16000,318650,-0.10,,30368642,11,
2017-11-22_3645,2017-11-22,3645,達邁,twse,48.60,52.20,48.60,52.20,10906453,562281382,4.7,,,3974,
2017-11-22_3646,2017-11-22,3646,艾恩特,tpex,18.65,18.65,18.00,18.15,43000,780650,-0.50,,39061371,30,
2017-11-22_3652,2017-11-22,3652,精聯,tpex,25.70,26.75,25.20,25.90,613000,15965100,0.50,,47097500,405,
2017-11-22_3653,2017-11-22,3653,健策,twse,71.70,71.80,70.30,70.40,332600,23616037,-0.9,,,274,
2017-11-22_3661,2017-11-22,3661,世芯-KY,twse,90.60,94.20,89.50,91.10,4267306,392831574,1.1,,,3093,
2017-11-22_3663,2017-11-22,3663,鑫科,tpex,15.65,15.65,15.45,15.50,44000,681900,-0.10,,73498057,30,
2017-11-22_3664,2017-11-22,3664,安瑞-KY,tpex,23.15,23.70,22.40,23.05,897000,20584200,-0.10,,53374678,321,
2017-11-22_3665,2017-11-22,3665,貿聯-KY,twse,276.00,277.50,268.00,268.50,728704,198290376,-3.5,,,664,
2017-11-22_3666,2017-11-22,3666,光耀,tpex,34.50,35.00,33.05,33.70,1815000,61953650,-0.50,,48299600,989,
2017-11-22_3669,2017-11-22,3669,圓展,twse,20.00,20.05,19.80,19.90,23000,457700,-0.05,,,18,
2017-11-22_3672,2017-11-22,3672,康聯訊,tpex,22.40,22.95,22.40,22.90,32000,731100,0.30,,33168375,24,
2017-11-22_3673,2017-11-22,3673,TPK-KY,twse,91.80,91.90,89.50,89.70,9651880,871721608,-1.7,,,6030,
2017-11-22_3675,2017-11-22,3675,德微,tpex,60.20,60.60,58.10,58.70,584000,34718800,-1.30,,44428250,383,
2017-11-22_3679,2017-11-22,3679,新至陞,twse,71.40,71.60,70.50,71.30,153001,10868971,-0.1,,,119,
2017-11-22_3680,2017-11-22,3680,家登,tpex,36.80,37.20,36.55,36.70,228000,8400200,-0.10,,70560582,148,
2017-11-22_3682,2017-11-22,3682,亞太電,twse,9.53,9.67,9.46,9.63,9194009,87839591,0.16,,,2260,
2017-11-22_3684,2017-11-22,3684,榮昌,tpex,39.60,39.60,38.85,39.05,68000,2660000,-0.55,,24606236,46,
2017-11-22_3685,2017-11-22,3685,元創精密,tpex,60.60,60.60,59.50,59.70,109000,6528000,0.10,,79990000,65,
2017-11-22_3686,2017-11-22,3686,達能,twse,7.40,7.40,7.19,7.22,1154304,8357562,-0.1,,,407,
2017-11-22_3687,2017-11-22,3687,歐買尬,tpex,39.20,39.25,38.85,38.85,60000,2341350,-0.30,,30059572,47,
2017-11-22_3689,2017-11-22,3689,湧德,tpex,52.10,53.40,51.10,51.10,581000,30170600,-0.70,,69675807,469,
2017-11-22_3691,2017-11-22,3691,碩禾,tpex,297.00,299.50,287.00,287.00,1292000,378747000,-11.00,,60989036,1120,
2017-11-22_3693,2017-11-22,3693,營邦,tpex,41.20,41.20,40.35,40.45,63000,2561600,-0.80,,38517694,52,
2017-11-22_3694,2017-11-22,3694,海華,twse,16.25,16.40,16.15,16.30,269001,4375316,0.05,,,112,
2017-11-22_3698,2017-11-22,3698,隆達,twse,23.85,24.65,23.35,23.85,26689752,641181724,0.1,,,9093,
2017-11-22_3701,2017-11-22,3701,大眾控,twse,6.43,6.48,6.34,6.36,21522,137481,-0.21,,,26,
2017-11-22_3702,2017-11-22,3702,大聯大,twse,41.75,42.15,41.55,42.00,4613344,193499088,0.6,,,2302,
2017-11-22_3703,2017-11-22,3703,欣陸,twse,14.85,14.90,14.70,14.70,1065995,15751722,-0.1,,,317,
2017-11-22_3704,2017-11-22,3704,合勤控,twse,13.90,13.95,13.75,13.85,266353,3691417,0.0,,,123,
2017-11-22_3705,2017-11-22,3705,永信,twse,40.20,40.30,39.95,40.00,311604,12470738,-0.2,,,198,
2017-11-22_3706,2017-11-22,3706,神達,twse,35.60,35.80,35.30,35.50,1732028,61629124,0.0,,,856,
2017-11-22_3707,2017-11-22,3707,漢磊,tpex,28.35,28.35,26.60,27.00,17529000,481892500,-1.35,,229124313,7175,
2017-11-22_3708,2017-11-22,3708,上緯投控,twse,73.50,73.90,72.90,73.00,152146,11153458,-0.4,,,135,
2017-11-22_3709,2017-11-22,3709,鑫聯大投控,tpex,23.00,23.20,22.85,22.85,136000,3129450,-0.15,,79569450,44,
2017-11-22_4102,2017-11-22,4102,永日,tpex,17.20,17.20,16.90,16.90,57000,968300,-0.10,,42373443,28,
2017-11-22_4103,2017-11-22,4103,百略,tpex,75.80,75.90,74.50,75.70,55000,4139100,0.00,,109996975,39,
2017-11-22_4104,2017-11-22,4104,佳醫,twse,46.00,46.30,45.35,45.45,345200,15812326,-0.6,,,262,
2017-11-22_4105,2017-11-22,4105,東洋,tpex,94.90,95.50,93.40,93.70,1193000,112074800,-1.00,,248649959,784,
2017-11-22_4106,2017-11-22,4106,雃博,twse,30.20,30.20,29.90,30.00,138980,4178200,0.0,,,88,
2017-11-22_4107,2017-11-22,4107,邦特,tpex,95.30,96.00,93.60,93.70,815000,76967000,-1.40,,69298336,608,
2017-11-22_4108,2017-11-22,4108,懷特,twse,25.30,25.35,25.00,25.10,453006,11364950,0.0,,,263,
2017-11-22_4109,2017-11-22,4109,穆拉德加捷,tpex,17.00,17.30,16.95,16.95,215000,3665900,-0.25,,81877271,91,
2017-11-22_4111,2017-11-22,4111,濟生,tpex,26.00,26.00,25.40,25.50,298000,7640900,-0.40,,56982985,144,
2017-11-22_4113,2017-11-22,4113,聯上,tpex,10.25,10.35,10.25,10.30,549000,5635650,0.00,,205764581,74,
2017-11-22_4114,2017-11-22,4114,健喬,tpex,26.85,26.90,26.55,26.60,288000,7681350,-0.25,,184018154,139,
2017-11-22_4116,2017-11-22,4116,明基醫,tpex,37.95,37.95,37.30,37.55,25000,939450,-0.15,,44566000,17,
2017-11-22_4119,2017-11-22,4119,旭富,twse,60.00,60.00,59.60,59.90,156585,9358737,0.3,,,121,
2017-11-22_4120,2017-11-22,4120,友華,tpex,88.20,89.80,85.00,85.00,2484000,217728300,-2.20,,86747119,1716,
2017-11-22_4121,2017-11-22,4121,優盛,tpex,13.90,14.20,13.50,13.70,1547000,21357300,0.00,,73316764,652,
2017-11-22_4123,2017-11-22,4123,晟德,tpex,51.40,51.40,50.50,50.80,254000,12908500,-0.10,,320608401,188,
2017-11-22_4126,2017-11-22,4126,太醫,tpex,85.40,85.90,84.50,84.50,184000,15667000,-0.60,,66015216,119,
2017-11-22_4127,2017-11-22,4127,天良,tpex,12.30,12.60,12.10,12.30,265000,3260250,0.00,,45760000,163,
2017-11-22_4128,2017-11-22,4128,中天,tpex,22.55,22.75,21.85,22.05,1503000,33468750,-0.35,,425342650,778,
2017-11-22_4129,2017-11-22,4129,聯合,tpex,69.50,70.30,68.40,68.40,604000,41838100,-0.70,,79724847,445,
2017-11-22_4130,2017-11-22,4130,健亞,tpex,36.10,36.45,35.45,35.75,931000,33434550,-0.10,,100806000,582,
2017-11-22_4133,2017-11-22,4133,亞諾法,twse,39.20,39.20,38.40,38.45,156350,6069088,-0.75,,,97,
2017-11-22_4137,2017-11-22,4137,麗豐-KY,twse,132.00,138.50,131.50,136.00,3953710,535099560,6.5,,,2894,
2017-11-22_4138,2017-11-22,4138,曜亞,tpex,52.10,52.20,51.30,51.50,62000,3210200,-0.50,,30000000,47,
2017-11-22_4139,2017-11-22,4139,馬光-KY,tpex,52.80,52.90,52.80,52.80,5000,264100,0.00,,38147670,5,
2017-11-22_4141,2017-11-22,4141,龍燈-KY,twse,29.00,29.50,28.80,29.05,113000,3284950,0.05,,,53,
2017-11-22_4142,2017-11-22,4142,國光生,twse,20.25,20.25,20.05,20.05,447000,8979150,0.0,,,201,
2017-11-22_4144,2017-11-22,4144,康聯-KY,twse,35.70,35.85,35.40,35.50,84300,3003014,0.15,,,71,
2017-11-22_4147,2017-11-22,4147,中裕,tpex,194.00,195.50,192.00,192.50,856000,165701000,-1.00,,250300750,692,
2017-11-22_4148,2017-11-22,4148,全宇生技-KY,twse,118.50,119.00,116.00,116.00,196151,23043554,-2.0,,,148,
2017-11-22_4152,2017-11-22,4152,台微體,tpex,72.50,73.80,72.50,72.70,46000,3360000,0.20,,55713105,31,
2017-11-22_4153,2017-11-22,4153,鈺緯,tpex,30.90,30.90,29.95,30.10,151000,4572600,-0.10,,49366574,81,
2017-11-22_4154,2017-11-22,4154,康樂-KY,tpex,22.90,25.00,22.50,24.35,39000,935950,1.25,,19526000,34,
2017-11-22_4157,2017-11-22,4157,太景*-KY,tpex,22.00,22.00,21.60,21.70,582000,12683400,-0.25,,716760425,292,
2017-11-22_4160,2017-11-22,4160,創源,tpex,27.90,28.00,27.80,27.80,10000,278900,-0.10,,24247016,10,
2017-11-22_4161,2017-11-22,4161,聿新科,tpex,47.00,47.00,46.45,46.95,64000,2992850,-0.05,,52257844,42,
2017-11-22_4162,2017-11-22,4162,智擎,tpex,161.50,161.50,158.50,158.50,487000,77600500,-1.50,,147128840,419,
2017-11-22_4163,2017-11-22,4163,鐿鈦,tpex,98.60,99.70,98.50,98.60,130000,12830200,0.10,,40238000,91,
2017-11-22_4164,2017-11-22,4164,承業醫,twse,37.45,37.50,37.15,37.20,131366,4906844,-0.25,,,91,
2017-11-22_4167,2017-11-22,4167,展旺,tpex,29.40,29.50,28.15,28.30,2880000,82723100,-0.85,,246571750,1561,
2017-11-22_4168,2017-11-22,4168,醣聯,tpex,24.10,24.10,23.75,23.80,60000,1434800,-0.20,,77783456,51,
2017-11-22_4171,2017-11-22,4171,瑞基,tpex,20.00,20.00,20.00,20.00,44000,880000,0.00,down,34340000,23,
2017-11-22_4173,2017-11-22,4173,久裕,tpex,20.95,20.95,20.45,20.75,487000,10085450,-0.15,,44574355,72,
2017-11-22_4174,2017-11-22,4174,浩鼎,tpex,166.00,166.00,162.00,162.00,422000,69013000,-4.00,,172115674,354,
2017-11-22_4175,2017-11-22,4175,杏一,tpex,65.00,65.00,63.00,65.00,70000,4513500,0.00,,28240000,65,
2017-11-22_4180,2017-11-22,4180,安成藥,tpex,75.60,75.60,73.60,73.70,281000,20846400,-1.70,,120369650,206,
2017-11-22_4183,2017-11-22,4183,福永生技,tpex,20.35,20.55,19.50,19.75,73000,1454650,-0.80,,23800000,59,
2017-11-22_4188,2017-11-22,4188,安克,tpex,30.95,30.95,30.65,30.75,150000,4621900,0.35,,52695000,94,
2017-11-22_4190,2017-11-22,4190,佐登-KY,twse,59.30,59.80,59.10,59.20,55000,3264200,-0.1,,,47,
2017-11-22_4192,2017-11-22,4192,杏國,tpex,28.50,28.50,28.05,28.35,28000,792050,-0.45,,69867000,20,
2017-11-22_4198,2017-11-22,4198,環瑞醫,tpex,8.99,9.33,8.86,9.33,31000,285230,0.17,,141800000,22,
2017-11-22_4205,2017-11-22,4205,中華食,tpex,63.80,63.90,63.50,63.50,39000,2481800,-0.30,,80701842,33,
2017-11-22_4207,2017-11-22,4207,環泰,tpex,12.35,12.45,12.30,12.40,281000,3472450,0.05,,173617169,82,
2017-11-22_4303,2017-11-22,4303,信立,tpex,124.50,124.50,124.50,124.50,1000,124500,-0.50,down,20000000,1,
2017-11-22_4304,2017-11-22,4304,勝昱,tpex,5.25,5.35,5.07,5.28,62000,325090,-0.08,,51333500,31,
2017-11-22_4305,2017-11-22,4305,世坤,tpex,30.65,31.10,30.60,30.75,17000,525750,0.20,,55014000,12,
2017-11-22_4306,2017-11-22,4306,炎洲,twse,14.40,14.60,14.35,14.45,1993907,28792045,0.05,,,461,
2017-11-22_4401,2017-11-22,4401,東隆興,tpex,74.60,75.00,74.40,74.60,94000,7015500,0.20,,120286286,79,
2017-11-22_4402,2017-11-22,4402,福大,tpex,15.50,15.50,14.80,15.05,188000,2827850,0.00,,45991830,96,
2017-11-22_4406,2017-11-22,4406,新昕纖,tpex,9.24,9.55,9.24,9.55,3000,28030,0.05,,51912000,2,
2017-11-22_4413,2017-11-22,4413,飛寶企業,tpex,17.25,17.25,15.70,16.65,7000,113100,0.35,,23314689,5,
2017-11-22_4414,2017-11-22,4414,如興,twse,18.30,19.15,18.10,19.00,4662059,86998110,0.7,,,1588,
2017-11-22_4415,2017-11-22,4415,台原藥,tpex,14.75,14.75,14.75,14.75,17000,250750,-1.60,down,83623891,11,
2017-11-22_4416,2017-11-22,4416,三圓,tpex,82.00,83.00,82.00,82.50,6000,495000,1.30,,60015612,5,
2017-11-22_4417,2017-11-22,4417,金洲,tpex,34.35,34.40,34.20,34.40,233000,7989150,0.20,,83971399,89,
2017-11-22_4419,2017-11-22,4419,元勝,tpex,9.70,9.70,9.70,9.70,12000,116400,0.00,down,29578917,2,
2017-11-22_4420,2017-11-22,4420,光明,tpex,26.60,26.70,26.45,26.45,47000,1248000,-0.10,,40455000,33,
2017-11-22_4426,2017-11-22,4426,利勤,twse,49.70,50.50,49.50,49.90,641951,31961063,0.4,,,448,
2017-11-22_4429,2017-11-22,4429,聚紡,tpex,22.80,23.00,22.80,23.00,77000,1770000,0.15,,34350000,21,
2017-11-22_4430,2017-11-22,4430,耀億,tpex,25.05,25.05,24.90,25.00,30000,748500,-0.10,,56273609,18,
2017-11-22_4432,2017-11-22,4432,銘旺實,tpex,33.60,33.60,33.00,33.20,29000,961000,-0.40,,50589000,21,
2017-11-22_4433,2017-11-22,4433,興采,tpex,21.00,21.25,21.00,21.00,23000,484800,0.15,,31533432,11,
2017-11-22_4438,2017-11-22,4438,廣越,twse,144.00,144.00,142.00,144.00,84046,12024670,0.0,,,80,
2017-11-22_4502,2017-11-22,4502,健信,tpex,86.00,88.10,84.00,84.80,788000,67920400,0.80,,44303661,638,
2017-11-22_4503,2017-11-22,4503,金雨,tpex,39.90,39.95,39.40,39.85,14000,556650,-0.05,,39263326,13,
2017-11-22_4506,2017-11-22,4506,崇友,tpex,53.60,53.60,53.10,53.10,131000,6982700,0.20,,177012000,108,
2017-11-22_4510,2017-11-22,4510,高鋒,tpex,19.80,19.80,19.30,19.30,558000,10863850,-0.30,,108010689,220,
2017-11-22_4513,2017-11-22,4513,福裕,tpex,9.45,9.63,9.41,9.42,20000,190490,-0.03,,76880300,13,
2017-11-22_4523,2017-11-22,4523,永彰,tpex,15.85,15.85,15.50,15.60,61000,950250,-0.10,,64000000,28,
2017-11-22_4526,2017-11-22,4526,東台,twse,20.70,20.80,20.55,20.65,231692,4780283,0.0,,,115,
2017-11-22_4527,2017-11-22,4527,方土霖,tpex,31.10,31.10,30.80,31.00,80000,2479750,-0.10,,76152370,44,
2017-11-22_4528,2017-11-22,4528,江興鍛,tpex,78.80,79.70,78.00,78.10,392000,30870100,-0.90,,76514268,278,
2017-11-22_4529,2017-11-22,4529,淳紳,tpex,33.60,33.60,32.90,33.00,226000,7481900,-0.40,,81142296,168,
2017-11-22_4530,2017-11-22,4530,宏易,tpex,9.30,9.30,9.26,9.26,23000,213180,0.01,,46172276,12,
2017-11-22_4532,2017-11-22,4532,瑞智,twse,30.20,30.80,30.15,30.75,950128,28827882,0.4,,,628,
2017-11-22_4533,2017-11-22,4533,協易機,tpex,13.15,13.15,13.00,13.00,244000,3181200,-0.05,,158434110,57,
2017-11-22_4534,2017-11-22,4534,慶騰,tpex,18.00,18.00,17.85,17.85,107000,1914800,0.10,,87444822,69,
2017-11-22_4535,2017-11-22,4535,至興,tpex,42.00,42.00,41.85,42.00,35000,1467750,0.00,,75661740,27,
2017-11-22_4536,2017-11-22,4536,拓凱,twse,94.50,94.50,93.00,93.50,96000,8967500,-0.5,,,92,
2017-11-22_4541,2017-11-22,4541,晟田,tpex,28.55,28.85,27.80,27.80,555000,15642000,-1.20,,54143426,317,
2017-11-22_4542,2017-11-22,4542,科嶠,tpex,33.10,33.10,32.70,32.70,33000,1084500,-0.40,,28285400,27,
2017-11-22_4543,2017-11-22,4543,萬在,tpex,19.20,19.30,19.00,19.30,26000,496800,0.00,,56840000,18,
2017-11-22_4545,2017-11-22,4545,銘鈺,twse,45.85,45.85,44.70,44.70,215200,9712570,-1.2,,,121,
2017-11-22_4549,2017-11-22,4549,桓達,tpex,83.30,83.30,81.30,81.60,62000,5082800,-1.40,,40389224,57,
2017-11-22_4550,2017-11-22,4550,長佳,tpex,19.30,19.30,19.30,19.30,1000,19300,-0.10,down,34456415,1,
2017-11-22_4551,2017-11-22,4551,智伸科,twse,167.00,169.00,160.00,161.00,340000,55652000,-3.5,,,297,
2017-11-22_4552,2017-11-22,4552,力達-KY,twse,102.00,102.00,101.00,101.00,443145,44915790,-0.5,,,273,
2017-11-22_4554,2017-11-22,4554,橙的,tpex,27.55,28.75,27.55,28.75,12000,332250,1.20,,21374900,12,
2017-11-22_4555,2017-11-22,4555,氣立,twse,68.00,68.20,67.30,67.30,58002,3923635,-0.9,,,54,
2017-11-22_4556,2017-11-22,4556,旭然,tpex,30.40,30.60,30.40,30.50,5000,152300,0.20,,35228000,4,
2017-11-22_4557,2017-11-22,4557,永新-KY,twse,70.50,72.50,70.50,71.60,105100,7538150,1.1,,,81,
2017-11-22_4560,2017-11-22,4560,強信-KY,twse,41.85,41.90,41.45,41.85,201000,8388250,0.05,,,80,
2017-11-22_4562,2017-11-22,4562,穎漢,twse,40.90,41.00,40.30,40.85,77000,3130750,-0.1,,,44,
2017-11-22_4609,2017-11-22,4609,唐鋒,tpex,9.90,10.00,9.80,10.00,12000,118900,0.10,,47946820,8,
2017-11-22_4702,2017-11-22,4702,中美實,tpex,5.63,5.66,5.55,5.55,564000,3154110,-0.07,,225000000,170,
2017-11-22_4706,2017-11-22,4706,大恭,tpex,21.25,21.55,21.20,21.40,64000,1369750,0.00,,79030093,32,
2017-11-22_4707,2017-11-22,4707,磐亞,tpex,9.73,9.89,9.66,9.66,534000,5207350,-0.06,,245706232,169,
2017-11-22_4711,2017-11-22,4711,永純,tpex,16.75,16.90,16.75,16.90,20000,336500,0.00,,61056000,14,
2017-11-22_4712,2017-11-22,4712,南璋,tpex,10.25,10.25,9.96,10.25,207000,2098240,0.15,,60524372,76,
2017-11-22_4714,2017-11-22,4714,永捷,tpex,16.55,16.55,15.95,15.95,2680000,43398000,-0.30,,84996617,1018,
2017-11-22_4716,2017-11-22,4716,大立,tpex,22.30,22.30,21.80,22.05,122000,2686100,-0.25,,74427288,70,
2017-11-22_4720,2017-11-22,4720,德淵,twse,14.20,14.25,13.95,14.15,80049,1126436,0.0,,,54,
2017-11-22_4721,2017-11-22,4721,美琪瑪,tpex,104.50,108.50,103.50,105.00,4196000,444158000,2.50,,74986304,2973,
2017-11-22_4722,2017-11-22,4722,國精化,twse,33.00,33.35,33.00,33.30,222109,7385379,0.35,,,124,
2017-11-22_4725,2017-11-22,4725,信昌化,twse,20.60,21.30,20.50,20.55,1890300,39329760,0.15,,,650,
2017-11-22_4726,2017-11-22,4726,永昕,tpex,28.85,28.85,28.25,28.25,111000,3155200,-0.05,,112118000,84,
2017-11-22_4728,2017-11-22,4728,雙美,tpex,27.60,27.60,27.35,27.35,43000,1179300,-0.10,,54463000,30,
2017-11-22_4729,2017-11-22,4729,熒茂,tpex,25.50,25.90,24.80,24.80,1121000,28357200,-0.50,,104932000,535,
2017-11-22_4735,2017-11-22,4735,豪展,tpex,47.30,47.70,46.50,46.80,361000,17030300,-0.50,,34111375,225,
2017-11-22_4736,2017-11-22,4736,泰博,tpex,98.90,99.30,97.60,97.60,588000,57911900,-0.50,,78327735,426,
2017-11-22_4737,2017-11-22,4737,華廣,twse,53.50,53.50,52.60,52.90,45002,2378206,-0.7,,,39,
2017-11-22_4739,2017-11-22,4739,康普,twse,124.00,128.00,121.00,121.00,5496934,686478978,-1.0,,,3575,
2017-11-22_4741,2017-11-22,4741,泓瀚,tpex,74.30,74.30,73.30,73.30,31000,2277500,-0.70,,32841584,25,
2017-11-22_4743,2017-11-22,4743,合一,tpex,22.90,23.10,22.50,22.50,309000,7017700,-0.20,,195752229,180,
2017-11-22_4745,2017-11-22,4745,合富-KY,tpex,39.60,39.70,39.10,39.10,83000,3272750,-0.45,,57698085,61,
2017-11-22_4746,2017-11-22,4746,台耀,twse,70.80,71.50,70.40,70.60,333161,23592782,0.2,,,280,
2017-11-22_4747,2017-11-22,4747,強生,tpex,37.30,37.50,37.30,37.50,39000,1462250,0.25,,30018750,12,
2017-11-22_4754,2017-11-22,4754,國碳科,tpex,40.85,41.00,40.85,41.00,2000,81850,-2.00,,15634340,2,
2017-11-22_4755,2017-11-22,4755,三福化,twse,63.50,64.10,60.50,60.90,819600,50825199,-2.6,,,566,
2017-11-22_4763,2017-11-22,4763,材料*-KY,twse,168.00,174.00,165.00,169.50,233000,39587000,2.0,,,189,
2017-11-22_4803,2017-11-22,4803,VHQ-KY,tpex,150.50,151.00,145.00,146.50,474000,70100000,-2.00,,32277001,307,
2017-11-22_4804,2017-11-22,4804,大略-KY,tpex,42.60,42.75,41.30,41.40,268000,11223250,-1.00,,36031920,199,
2017-11-22_4806,2017-11-22,4806,昇華,tpex,56.60,56.60,55.70,56.20,168000,9430100,-0.40,,31746546,115,
2017-11-22_4807,2017-11-22,4807,日成-KY,twse,50.00,50.50,49.00,49.80,12006,601024,-0.1,,,17,
2017-11-22_4903,2017-11-22,4903,聯光通,tpex,28.45,28.55,28.10,28.10,1092000,30895200,-0.15,,90279327,569,
2017-11-22_4904,2017-11-22,4904,遠傳,twse,72.50,73.00,72.30,73.00,4186893,304881997,0.4,,,2346,
2017-11-22_4905,2017-11-22,4905,台聯電,tpex,73.00,73.00,72.20,72.20,96000,6962600,-0.70,,46322516,79,
2017-11-22_4906,2017-11-22,4906,正文,twse,24.25,24.30,23.60,23.70,4847129,116314712,-0.25,,,2397,
2017-11-22_4907,2017-11-22,4907,富宇,tpex,43.00,43.40,41.75,41.80,486000,20591200,-0.60,,118145778,367,
2017-11-22_4908,2017-11-22,4908,前鼎,tpex,19.35,20.85,19.35,20.20,1458000,29613350,0.90,,77629657,749,
2017-11-22_4909,2017-11-22,4909,新復興,tpex,19.25,19.25,19.05,19.05,83000,1591400,-0.20,,93356864,49,
2017-11-22_4911,2017-11-22,4911,德英,tpex,52.90,53.10,51.70,51.70,26000,1356900,-0.80,,55660000,24,
2017-11-22_4912,2017-11-22,4912,聯德控股-KY,twse,188.00,190.00,185.00,185.50,123028,23085208,-4.0,,,98,
2017-11-22_4915,2017-11-22,4915,致伸,twse,75.00,82.20,75.00,82.00,14676975,1164795358,7.1,,,7080,
2017-11-22_4916,2017-11-22,4916,事欣科,twse,33.65,33.65,32.85,32.90,535427,17690641,-0.4,,,356,
2017-11-22_4919,2017-11-22,4919,新唐,twse,75.50,75.60,72.10,72.70,3693059,272390536,-1.7,,,2456,
2017-11-22_4924,2017-11-22,4924,欣厚-KY,tpex,8.56,9.35,8.56,9.28,32000,290350,0.72,,37164409,19,
2017-11-22_4927,2017-11-22,4927,泰鼎-KY,twse,19.25,19.25,19.00,19.00,389823,7440687,0.0,,,198,
2017-11-22_4930,2017-11-22,4930,燦星網,twse,13.05,13.10,13.00,13.00,56520,736932,-0.15,,,34,
2017-11-22_4933,2017-11-22,4933,友輝,tpex,22.80,22.90,22.60,22.90,73000,1659150,-0.10,,77331675,33,
2017-11-22_4934,2017-11-22,4934,太極,twse,12.35,12.35,12.10,12.10,2606003,31719936,-0.15,,,829,
2017-11-22_4935,2017-11-22,4935,茂林-KY,twse,44.90,45.25,44.50,44.80,410001,18310244,-0.15,,,238,
2017-11-22_4938,2017-11-22,4938,和碩,twse,68.50,69.50,68.50,69.30,14833364,1024954683,0.9,,,6765,
2017-11-22_4939,2017-11-22,4939,亞電,tpex,18.55,18.70,18.20,18.20,1743000,32225850,-0.20,,98200868,642,
2017-11-22_4942,2017-11-22,4942,嘉彰,twse,23.20,23.20,22.90,23.05,55100,1265850,0.15,,,33,
2017-11-22_4943,2017-11-22,4943,康控-KY,twse,412.50,428.50,408.00,409.00,2378234,998865206,5.5,,,2142,
2017-11-22_4944,2017-11-22,4944,兆遠,tpex,17.20,17.80,16.60,17.10,7064000,122042750,0.85,,211513563,2649,
2017-11-22_4946,2017-11-22,4946,辣椒,tpex,43.80,44.00,43.30,43.30,215000,9362200,-0.70,,27320796,178,
2017-11-22_4947,2017-11-22,4947,昂寶-KY,tpex,238.50,251.50,235.00,239.50,3085000,752181500,4.50,,55986268,2504,
2017-11-22_4950,2017-11-22,4950,牧東,tpex,18.35,18.35,18.35,18.35,1000,18350,0.05,up,45779000,1,
2017-11-22_4952,2017-11-22,4952,凌通,twse,63.60,64.30,60.00,60.00,8109481,505606437,-2.0,,,4831,
2017-11-22_4953,2017-11-22,4953,緯軟,tpex,26.60,26.70,26.55,26.70,40000,1064750,-0.10,,43878322,21,
2017-11-22_4956,2017-11-22,4956,光鋐,twse,24.10,24.45,23.00,23.05,6421105,152633717,-1.05,,,2633,
2017-11-22_4958,2017-11-22,4958,臻鼎-KY,twse,73.40,74.40,72.60,72.60,5236538,384791419,-0.4,,,3073,
2017-11-22_4960,2017-11-22,4960,誠美材,twse,12.50,12.50,12.25,12.25,17671749,220371766,-0.5,,,3958,
2017-11-22_4965,2017-11-22,4965,商店街,tpex,50.80,51.90,50.70,50.80,27000,1378400,0.60,,26602249,23,
2017-11-22_4966,2017-11-22,4966,譜瑞-KY,tpex,581.00,585.00,573.00,584.00,874000,506753000,10.00,,78356207,777,
2017-11-22_4968,2017-11-22,4968,立積,twse,108.00,109.50,107.00,109.00,1508080,163858180,2.0,,,835,
2017-11-22_4971,2017-11-22,4971,IET-KY,tpex,85.00,85.50,84.00,84.00,252000,21279400,-1.00,,36135543,205,
2017-11-22_4972,2017-11-22,4972,湯石照明,tpex,30.45,30.50,30.40,30.50,44000,1338200,0.10,,39811803,27,
2017-11-22_4973,2017-11-22,4973,廣穎,tpex,19.65,19.75,19.50,19.55,268000,5257500,-0.20,,64832673,114,
2017-11-22_4974,2017-11-22,4974,亞泰,tpex,51.00,51.70,50.60,50.60,1123000,57486100,0.00,,72500104,661,
2017-11-22_4976,2017-11-22,4976,佳凌,twse,44.25,46.25,44.00,44.40,5447163,246595917,0.6,,,3571,
2017-11-22_4977,2017-11-22,4977,眾達-KY,twse,119.00,120.00,115.00,115.00,929850,108955250,-3.5,,,713,
2017-11-22_4979,2017-11-22,4979,華星光,tpex,28.40,28.85,28.00,28.10,519000,14690950,0.05,,91021613,299,
2017-11-22_4984,2017-11-22,4984,科納-KY,twse,38.95,40.60,38.10,40.60,1536872,60340545,1.85,,,982,
2017-11-22_4987,2017-11-22,4987,科誠,tpex,67.80,67.80,66.80,66.90,15000,1005100,-0.90,,25200000,12,
2017-11-22_4991,2017-11-22,4991,環宇-KY,tpex,74.00,75.40,72.40,73.40,4080000,301711800,-0.40,,79460443,2570,
2017-11-22_4994,2017-11-22,4994,傳奇,twse,54.20,54.20,51.60,51.70,42200,2216040,-1.3,,,38,
2017-11-22_4995,2017-11-22,4995,晶達,tpex,38.50,38.50,38.00,38.00,41000,1562950,-0.50,,34404326,22,
2017-11-22_4999,2017-11-22,4999,鑫禾,twse,50.30,50.70,50.30,50.60,139200,7036418,0.3,,,80,
2017-11-22_5007,2017-11-22,5007,三星,twse,61.90,62.70,61.10,62.60,549313,33973968,1.0,,,385,
2017-11-22_5009,2017-11-22,5009,榮剛,tpex,20.30,20.30,20.05,20.05,477000,9588050,-0.25,,466735991,216,
2017-11-22_5011,2017-11-22,5011,久陽,tpex,15.45,15.55,15.30,15.55,25000,385400,0.00,,41135869,17,
2017-11-22_5013,2017-11-22,5013,強新,tpex,28.55,28.55,28.20,28.20,89000,2522400,-0.65,,133416000,27,
2017-11-22_5014,2017-11-22,5014,建錩,tpex,17.10,17.20,16.70,16.70,1442000,24350800,-0.35,,165333054,554,
2017-11-22_5015,2017-11-22,5015,華祺,tpex,32.00,32.60,32.00,32.25,388000,12559700,0.35,,60639189,197,
2017-11-22_5016,2017-11-22,5016,松和,tpex,35.20,35.25,35.05,35.25,82000,2882250,0.25,,49622076,46,
2017-11-22_5102,2017-11-22,5102,富強,tpex,15.70,15.70,15.55,15.55,41000,639850,-0.05,,64085067,13,
2017-11-22_5201,2017-11-22,5201,凱衛,tpex,19.50,20.10,19.20,19.30,180000,3527800,0.00,,30674600,106,
2017-11-22_5202,2017-11-22,5202,力新,tpex,27.50,27.70,27.20,27.20,15000,412250,-0.50,,59094000,13,
2017-11-22_5203,2017-11-22,5203,訊連,twse,62.20,62.20,61.80,61.90,24769,1532092,0.2,,,28,
2017-11-22_5206,2017-11-22,5206,坤悅,tpex,9.55,9.70,9.51,9.70,34000,327670,0.00,,148500000,12,
2017-11-22_5209,2017-11-22,5209,新鼎,tpex,48.00,48.00,47.00,47.10,19000,898300,0.00,,23491500,14,
2017-11-22_5210,2017-11-22,5210,寶碩,tpex,6.86,6.86,6.80,6.80,11000,75220,0.00,,65699779,7,
2017-11-22_5211,2017-11-22,5211,蒙恬,tpex,20.55,20.65,20.40,20.60,45000,923050,0.05,,32024727,37,
2017-11-22_5212,2017-11-22,5212,凌網,tpex,24.60,24.60,23.70,23.70,4000,96350,-1.00,,34633000,4,
2017-11-22_5213,2017-11-22,5213,亞昕,tpex,17.10,17.10,16.85,16.90,252000,4255800,-0.20,,342081337,64,
2017-11-22_5215,2017-11-22,5215,科嘉-KY,twse,27.20,27.20,27.10,27.20,21000,570950,-0.05,,,14,
2017-11-22_5225,2017-11-22,5225,東科-KY,twse,29.00,29.05,28.95,29.05,16000,464100,0.05,,,13,
2017-11-22_5227,2017-11-22,5227,立凱-KY,tpex,27.50,27.50,27.00,27.25,524000,14227900,-0.10,,210573654,308,
2017-11-22_5230,2017-11-22,5230,雷笛克光學,tpex,47.40,47.70,46.90,46.90,253000,11935350,-0.10,,51955824,151,
2017-11-22_5234,2017-11-22,5234,達興材料,twse,56.60,56.70,55.50,55.70,429503,24005068,-0.8,,,285,
2017-11-22_5243,2017-11-22,5243,乙盛-KY,twse,52.60,52.70,51.00,51.20,2818222,146023322,-0.8,,,1689,
2017-11-22_5245,2017-11-22,5245,智晶,tpex,114.00,114.00,112.50,113.00,108000,12226000,-1.00,,46626000,93,
2017-11-22_5251,2017-11-22,5251,天鉞電,tpex,21.80,21.80,21.00,21.25,79000,1688500,-0.45,,38054077,57,
2017-11-22_5255,2017-11-22,5255,美桀,tpex,51.20,51.20,49.95,50.20,778000,39181200,-0.50,,45119342,478,
2017-11-22_5258,2017-11-22,5258,虹堡,twse,27.80,27.80,27.50,27.55,89100,2459204,-0.25,,,64,
2017-11-22_5259,2017-11-22,5259,奕智博,twse,8.50,8.52,8.28,8.28,39270,329853,-0.92,,,18,
2017-11-22_5263,2017-11-22,5263,智崴,tpex,273.50,278.50,273.00,273.00,120000,33020500,-3.00,,44677977,106,
2017-11-22_5264,2017-11-22,5264,鎧勝-KY,twse,118.50,121.00,117.00,118.00,2667332,317617176,0.0,,,1696,
2017-11-22_5269,2017-11-22,5269,祥碩,twse,381.00,382.50,361.00,365.00,761410,282387150,-14.5,,,704,
2017-11-22_5272,2017-11-22,5272,笙科,tpex,43.10,43.75,42.50,42.70,527000,22788050,-0.20,,57962118,323,
2017-11-22_5274,2017-11-22,5274,信驊,tpex,688.00,688.00,656.00,656.00,152000,101281000,-19.00,,33941827,144,
2017-11-22_5276,2017-11-22,5276,達輝-KY,tpex,21.80,21.80,21.50,21.60,11000,237700,-0.20,,39500000,9,
2017-11-22_5278,2017-11-22,5278,尚凡,tpex,41.00,41.00,40.10,40.10,14000,567500,-0.90,,14281975,13,
2017-11-22_5281,2017-11-22,5281,大峽谷-KY,tpex,32.60,32.65,31.75,31.85,194000,6234900,-0.65,,37010000,107,
2017-11-22_5284,2017-11-22,5284,jpp-KY,twse,65.30,65.30,64.70,65.10,60217,3918969,0.3,,,45,
2017-11-22_5285,2017-11-22,5285,界霖,twse,81.30,81.60,80.70,80.70,423646,34302430,-0.4,,,274,
2017-11-22_5287,2017-11-22,5287,數字,tpex,226.50,227.50,222.00,223.50,260000,58289000,-2.50,,42580500,235,
2017-11-22_5288,2017-11-22,5288,豐祥-KY,twse,94.80,94.80,93.30,93.80,50050,4684090,0.3,,,38,
2017-11-22_5289,2017-11-22,5289,宜鼎,tpex,142.00,143.50,133.00,133.00,3780000,518705500,-8.00,,72007327,2607,
2017-11-22_5291,2017-11-22,5291,邑昇,tpex,15.55,15.70,15.30,15.40,54000,831800,0.10,,33551308,42,
2017-11-22_5301,2017-11-22,5301,寶得利,tpex,34.00,34.35,32.95,34.00,664000,22361900,1.40,,117975000,304,
2017-11-22_5302,2017-11-22,5302,太欣,tpex,6.44,6.47,6.31,6.39,158000,1006740,-0.01,,162377000,69,
2017-11-22_5304,2017-11-22,5304,鼎創達,tpex,2.23,2.39,2.23,2.35,14000,32820,-0.04,,185962436,7,
2017-11-22_5305,2017-11-22,5305,敦南,twse,39.50,39.65,38.05,38.25,8775876,344380400,-0.95,,,3825,
2017-11-22_5306,2017-11-22,5306,桂盟,tpex,131.00,131.00,129.00,129.50,334000,43286500,-1.00,,120000000,267,
2017-11-22_5309,2017-11-22,5309,系統電,tpex,8.85,8.94,8.75,8.75,508000,4472700,-0.07,,213638104,196,
2017-11-22_5310,2017-11-22,5310,天剛,tpex,29.50,29.50,29.20,29.40,18000,529300,-0.10,,49601237,10,
2017-11-22_5312,2017-11-22,5312,寶島科,tpex,64.20,64.40,64.10,64.40,19000,1221000,0.20,,60059898,14,
2017-11-22_5314,2017-11-22,5314,世紀,tpex,4.93,5.19,4.64,4.64,53000,259720,-0.36,,60000000,23,
2017-11-22_5315,2017-11-22,5315,光聯,tpex,15.80,15.80,15.55,15.65,315000,4934900,-0.05,,106351832,161,
2017-11-22_5317,2017-11-22,5317,凱美,tpex,33.60,33.75,33.15,33.15,387000,12909850,-0.15,,134615405,229,
2017-11-22_5324,2017-11-22,5324,士開,tpex,9.96,10.05,9.95,10.05,12000,119780,-0.05,,106379090,9,
2017-11-22_5328,2017-11-22,5328,華容,tpex,9.67,9.82,9.67,9.70,1122000,10951070,0.04,,173910724,297,
2017-11-22_5340,2017-11-22,5340,建榮,tpex,11.85,12.00,11.75,11.75,797000,9426350,-0.10,,165893964,289,
2017-11-22_5344,2017-11-22,5344,立衛,tpex,6.60,6.64,6.44,6.44,38000,249880,-0.06,,79447460,14,
2017-11-22_5345,2017-11-22,5345,天揚,tpex,7.49,7.59,7.49,7.50,27000,202860,0.00,,50000000,12,
2017-11-22_5347,2017-11-22,5347,世界,tpex,70.50,73.30,67.60,73.30,15653000,1119541700,6.60,,1638982267,8272,
2017-11-22_5348,2017-11-22,5348,系通,tpex,5.25,5.25,5.25,5.25,1000,5250,-0.26,down,25950310,1,
2017-11-22_5349,2017-11-22,5349,先豐,tpex,27.75,27.85,27.15,27.35,1280000,35226300,0.15,,224096373,792,
2017-11-22_5351,2017-11-22,5351,鈺創,tpex,15.15,15.90,15.15,15.35,5245000,81009300,0.40,,436939837,2055,
2017-11-22_5353,2017-11-22,5353,台林,tpex,12.25,12.25,12.00,12.10,126000,1522800,-0.15,,75000000,40,
2017-11-22_5355,2017-11-22,5355,佳總,tpex,7.75,7.99,7.65,7.86,262000,2030370,0.11,,166122792,120,
2017-11-22_5356,2017-11-22,5356,協益,tpex,41.25,41.70,41.25,41.60,322000,13377300,0.35,,128800000,201,
2017-11-22_5364,2017-11-22,5364,力麗店,tpex,22.45,22.45,22.45,22.45,1000,22450,-0.05,down,14099940,1,
2017-11-22_5371,2017-11-22,5371,中光電,tpex,34.05,34.20,34.00,34.00,477000,16242550,0.00,,434423110,323,
2017-11-22_5381,2017-11-22,5381,合正,tpex,5.00,5.02,5.00,5.01,129000,646490,-0.09,,285094388,20,
2017-11-22_5383,2017-11-22,5383,金利,tpex,9.43,9.44,9.30,9.38,67000,628240,-0.04,,71414234,31,
2017-11-22_5386,2017-11-22,5386,青雲,tpex,32.95,33.00,32.40,32.50,79000,2574400,-0.25,,13516047,49,
2017-11-22_5388,2017-11-22,5388,中磊,twse,80.60,81.90,80.60,81.70,1062089,86249159,1.4,,,587,
2017-11-22_5392,2017-11-22,5392,應華,tpex,55.70,56.30,54.50,54.50,1866000,103216500,-0.90,,108559657,1043,
2017-11-22_5398,2017-11-22,5398,慕康生醫,tpex,29.00,29.00,28.55,28.95,8000,230050,0.50,,49950460,7,
2017-11-22_5403,2017-11-22,5403,中菲,tpex,37.25,37.70,37.25,37.45,244000,9155900,0.25,,62630041,136,
2017-11-22_5410,2017-11-22,5410,國眾,tpex,13.25,13.25,13.20,13.25,194000,2561750,0.05,,85900123,91,
2017-11-22_5425,2017-11-22,5425,台半,tpex,70.00,70.50,66.70,67.00,6889000,467268200,-3.90,,241049327,4397,
2017-11-22_5426,2017-11-22,5426,振發,tpex,17.15,17.30,16.85,16.85,476000,8107350,-0.35,,143800000,178,
2017-11-22_5434,2017-11-22,5434,崇越,twse,85.90,86.00,82.50,83.00,2322565,194084195,-1.5,,,1669,
2017-11-22_5438,2017-11-22,5438,東友,tpex,16.95,16.95,16.60,16.70,584000,9777600,-0.15,,112536565,201,
2017-11-22_5439,2017-11-22,5439,高技,tpex,30.70,30.90,30.55,30.70,218000,6698000,0.10,,85975752,125,
2017-11-22_5443,2017-11-22,5443,均豪,tpex,21.20,21.30,20.90,21.00,935000,19677300,-0.15,,165136144,403,
2017-11-22_5450,2017-11-22,5450,寶聯通,tpex,7.23,7.32,7.23,7.32,14000,101720,0.09,,50392250,8,
2017-11-22_5452,2017-11-22,5452,佶優,tpex,9.61,9.74,9.58,9.58,244000,2350690,-0.02,,148763669,102,
2017-11-22_5455,2017-11-22,5455,昇益,tpex,8.01,8.01,7.95,7.95,4000,31970,-0.52,,65501813,3,
2017-11-22_5457,2017-11-22,5457,宣德,tpex,55.00,55.00,52.20,53.00,3386000,181903600,-1.40,,167800000,1988,
2017-11-22_5460,2017-11-22,5460,同協,tpex,12.55,12.60,12.45,12.60,163000,2043250,0.05,,72032030,61,
2017-11-22_5464,2017-11-22,5464,霖宏,tpex,12.50,12.55,12.45,12.45,25000,312000,-0.10,,71071490,16,
2017-11-22_5465,2017-11-22,5465,富驊,tpex,26.00,26.00,25.45,25.55,153000,3928100,-0.25,,144091811,73,
2017-11-22_5468,2017-11-22,5468,凱鈺,tpex,4.52,4.52,4.52,4.52,1000,4520,-0.40,down,69822909,1,
2017-11-22_5469,2017-11-22,5469,瀚宇博,twse,19.80,19.95,18.90,19.00,8104385,157503415,-0.1,,,2854,
2017-11-22_5471,2017-11-22,5471,松翰,twse,35.60,35.90,34.95,35.00,1128574,39693743,-0.5,,,738,
2017-11-22_5474,2017-11-22,5474,聰泰,tpex,51.50,51.60,50.60,50.60,79000,4031700,-0.80,,33729787,49,
2017-11-22_5475,2017-11-22,5475,德宏,tpex,9.32,9.50,9.23,9.25,1188000,11141640,-0.03,,156640902,367,
2017-11-22_5478,2017-11-22,5478,智冠,tpex,73.00,73.10,71.10,71.20,349000,25045600,-1.30,,127474332,277,
2017-11-22_5480,2017-11-22,5480,統盟,tpex,12.30,12.45,12.30,12.30,161000,1989900,0.00,,199097830,67,
2017-11-22_5481,2017-11-22,5481,華韡,tpex,23.70,24.20,23.65,23.65,1333000,31703350,-0.10,,94693891,625,
2017-11-22_5483,2017-11-22,5483,中美晶,tpex,88.00,88.00,83.80,84.30,20823000,1786444500,-1.80,,592093651,11228,
2017-11-22_5484,2017-11-22,5484,慧友,twse,4.95,5.00,4.95,4.97,108270,540447,0.0,,,33,
2017-11-22_5487,2017-11-22,5487,通泰,tpex,25.80,26.00,25.80,26.00,4000,103600,0.00,,22134516,4,
2017-11-22_5488,2017-11-22,5488,松普,tpex,7.60,7.70,7.40,7.54,855000,6470310,-0.06,,91586124,164,
2017-11-22_5489,2017-11-22,5489,彩富,tpex,39.50,39.50,38.85,38.85,152000,5957250,-0.40,,103175441,73,
2017-11-22_5490,2017-11-22,5490,同亨,tpex,51.30,52.80,51.00,51.50,1071000,55676500,0.20,,94396601,643,
2017-11-22_5491,2017-11-22,5491,連展,tpex,9.11,9.16,9.02,9.09,460000,4179150,0.00,,207290721,145,
2017-11-22_5493,2017-11-22,5493,三聯,tpex,26.85,26.85,26.80,26.80,17000,455900,-0.20,,44264695,13,
2017-11-22_5498,2017-11-22,5498,凱崴,tpex,11.25,11.40,11.05,11.05,803000,8970650,-0.20,,161895880,203,
2017-11-22_5508,2017-11-22,5508,永信建,tpex,32.30,32.55,32.15,32.30,119000,3843000,0.00,,217428133,64,
2017-11-22_5511,2017-11-22,5511,德昌,tpex,20.05,20.35,19.90,20.10,273000,5482050,0.25,,113442248,134,
2017-11-22_5512,2017-11-22,5512,力麒,tpex,9.41,9.41,9.35,9.37,733000,6867500,0.01,,743992712,205,
2017-11-22_5514,2017-11-22,5514,三豐,tpex,9.62,9.62,9.52,9.58,43000,410950,-0.03,,176643300,24,
2017-11-22_5515,2017-11-22,5515,建國,twse,11.90,12.00,11.80,11.90,421527,5014913,0.1,,,208,
2017-11-22_5516,2017-11-22,5516,雙喜,tpex,9.58,9.58,9.21,9.22,23000,217750,-0.15,,38295000,4,
2017-11-22_5519,2017-11-22,5519,隆大,twse,10.25,10.30,10.20,10.30,41188,420767,0.1,,,23,
2017-11-22_5520,2017-11-22,5520,力泰,tpex,27.35,27.50,27.35,27.50,3000,82250,0.20,,70959112,3,
2017-11-22_5521,2017-11-22,5521,工信,twse,11.85,11.90,11.75,11.80,385322,4553982,-0.05,,,85,
2017-11-22_5522,2017-11-22,5522,遠雄,twse,31.65,32.50,31.65,32.30,726066,23375544,0.7,,,514,
2017-11-22_5523,2017-11-22,5523,豐謙,tpex,13.15,13.15,12.35,12.35,123000,1549650,-0.50,,155001464,69,
2017-11-22_5525,2017-11-22,5525,順天,twse,14.80,14.90,14.80,14.90,40859,605513,0.1,,,21,
2017-11-22_5529,2017-11-22,5529,志嘉,tpex,8.66,8.85,8.34,8.64,25000,215910,0.07,,104270202,13,
2017-11-22_5530,2017-11-22,5530,龍巖,tpex,74.00,74.50,73.60,73.70,427000,31552200,-0.10,,420084199,325,
2017-11-22_5531,2017-11-22,5531,鄉林,twse,10.15,10.20,10.10,10.20,267438,2714570,0.05,,,107,
2017-11-22_5533,2017-11-22,5533,皇鼎,twse,15.50,15.55,15.50,15.55,94316,1464096,0.0,,,27,
2017-11-22_5534,2017-11-22,5534,長虹,twse,78.30,78.30,77.50,78.10,685259,53342068,-0.1,,,437,
2017-11-22_5536,2017-11-22,5536,聖暉,tpex,184.00,184.50,181.00,182.00,433000,79108500,0.00,,47152819,364,
2017-11-22_5538,2017-11-22,5538,東明-KY,twse,33.55,34.15,33.55,34.00,25000,844300,-0.25,,,20,
2017-11-22_5543,2017-11-22,5543,崇佑-KY,tpex,20.25,21.20,20.25,21.15,14000,288600,-0.05,,30699996,11,
2017-11-22_5603,2017-11-22,5603,陸海,tpex,12.50,12.50,12.25,12.25,211000,2597050,-0.20,,78324575,47,
2017-11-22_5604,2017-11-22,5604,中連貨,tpex,29.00,29.00,28.15,28.20,42000,1187950,-0.80,,108782968,31,
2017-11-22_5607,2017-11-22,5607,遠雄港,twse,16.50,16.65,16.10,16.30,846209,13821084,-0.05,,,356,
2017-11-22_5608,2017-11-22,5608,四維航,twse,8.70,8.74,8.66,8.68,292552,2541592,-0.02,,,117,
2017-11-22_5609,2017-11-22,5609,中菲行,tpex,21.80,21.85,21.70,21.80,288000,6263450,0.00,,129000000,156,
2017-11-22_5701,2017-11-22,5701,劍湖山,tpex,2.06,2.09,2.05,2.09,100000,207430,0.00,,253756957,20,
2017-11-22_5703,2017-11-22,5703,亞都,tpex,24.90,25.45,24.90,25.45,3000,75800,0.85,,70239594,2,
2017-11-22_5706,2017-11-22,5706,鳳凰,twse,34.60,34.90,34.60,34.75,77250,2687173,0.25,,,62,
2017-11-22_5820,2017-11-22,5820,日盛金,tpex,8.74,9.10,8.64,8.81,19798000,176418750,0.21,,3542360671,3901,
2017-11-22_5871,2017-11-22,5871,中租-KY,twse,88.50,89.40,86.20,86.20,9216195,810917290,-0.8,,,4957,
2017-11-22_5878,2017-11-22,5878,台名,tpex,43.90,44.20,43.80,44.00,11000,483700,0.10,,23688000,11,
2017-11-22_5880,2017-11-22,5880,合庫金,twse,16.35,16.75,16.35,16.55,25330159,419281614,0.2,,,5388,
2017-11-22_5902,2017-11-22,5902,德記,tpex,12.05,12.05,11.90,11.90,54000,648150,-0.40,,94500000,19,
2017-11-22_5903,2017-11-22,5903,全家,tpex,179.00,179.50,178.50,179.00,39000,6980000,0.00,,223220000,34,
2017-11-22_5904,2017-11-22,5904,寶雅,tpex,365.00,365.50,362.50,362.50,59000,21473000,-2.50,,97685031,42,
2017-11-22_5905,2017-11-22,5905,南仁湖,tpex,7.69,7.70,7.63,7.67,131000,1005050,0.01,,203916957,48,
2017-11-22_5906,2017-11-22,5906,台南-KY,twse,8.15,8.15,8.10,8.10,12030,97465,-0.05,,,8,
2017-11-22_5907,2017-11-22,5907,大洋-KY,twse,20.90,20.90,20.60,20.80,119001,2466870,-0.1,,,63,
2017-11-22_6005,2017-11-22,6005,群益證,twse,10.95,11.20,10.90,11.00,8842577,97637148,0.15,,,1698,
2017-11-22_6015,2017-11-22,6015,宏遠證,tpex,8.10,8.24,8.08,8.10,2233000,18239850,0.12,,370000775,629,
2017-11-22_6016,2017-11-22,6016,康和證,tpex,8.86,9.14,8.82,8.88,7169000,64321020,0.13,,633336792,1557,
2017-11-22_6020,2017-11-22,6020,大展證,tpex,15.00,15.25,15.00,15.10,297000,4489000,0.20,,252353154,90,
2017-11-22_6021,2017-11-22,6021,大慶證,tpex,11.05,11.15,10.75,10.75,1589000,17428450,-0.15,,306755974,381,
2017-11-22_6023,2017-11-22,6023,元大期,tpex,40.95,41.20,40.90,41.00,91000,3727800,0.05,,232276288,47,
2017-11-22_6024,2017-11-22,6024,群益期,twse,46.05,46.90,46.05,46.65,315228,14659866,0.6,,,151,
2017-11-22_6026,2017-11-22,6026,福邦證,tpex,13.30,13.30,12.95,13.00,4269000,56092800,0.10,,241700000,813,
2017-11-22_6101,2017-11-22,6101,寬魚國際,tpex,50.30,50.30,46.55,47.00,459000,22000050,-3.30,,69826850,316,
2017-11-22_6103,2017-11-22,6103,合邦,tpex,8.80,8.80,8.80,8.80,6000,52800,0.00,down,57084974,2,
2017-11-22_6104,2017-11-22,6104,創惟,tpex,38.80,38.85,38.30,38.30,635000,24478400,0.00,,90709184,399,
2017-11-22_6108,2017-11-22,6108,競國,twse,27.30,27.60,27.10,27.10,519032,14200123,-0.2,,,335,
2017-11-22_6109,2017-11-22,6109,亞元,tpex,12.10,12.10,12.00,12.10,65000,782500,-0.05,,72686518,33,
2017-11-22_6111,2017-11-22,6111,大宇資,tpex,85.90,87.00,84.50,87.00,599000,51428000,1.60,,48181630,460,
2017-11-22_6112,2017-11-22,6112,邁達特,twse,29.30,29.35,29.15,29.20,91161,2662695,0.0,,,70,
2017-11-22_6113,2017-11-22,6113,亞矽,tpex,9.30,9.30,9.09,9.22,120000,1101900,-0.08,,50047100,78,
2017-11-22_6114,2017-11-22,6114,久威,tpex,56.00,56.30,55.90,56.00,120000,6729700,0.00,,41820893,70,
2017-11-22_6115,2017-11-22,6115,鎰勝,twse,43.40,44.00,43.30,43.95,93565,4084479,0.55,,,70,
2017-11-22_6116,2017-11-22,6116,彩晶,twse,10.90,11.15,10.85,10.85,46186786,507237175,0.0,,,7091,
2017-11-22_6117,2017-11-22,6117,迎廣,twse,18.95,19.20,18.25,18.35,101000,1901400,-0.7,,,46,
2017-11-22_6118,2017-11-22,6118,建達,tpex,7.10,7.13,7.06,7.11,24000,170200,0.01,,90889573,11,
2017-11-22_6120,2017-11-22,6120,達運,twse,29.15,30.20,28.80,28.90,11874205,351196814,0.2,,,4615,
2017-11-22_6121,2017-11-22,6121,新普,tpex,177.50,184.00,177.00,180.00,1155000,207971000,4.00,,184970519,942,
2017-11-22_6122,2017-11-22,6122,擎邦,tpex,11.10,11.25,11.10,11.15,126000,1406950,0.05,,68729089,57,
2017-11-22_6123,2017-11-22,6123,上奇,tpex,44.20,45.50,43.70,45.20,1862000,83147150,1.75,,57825028,1128,
2017-11-22_6124,2017-11-22,6124,業強,tpex,25.00,25.00,24.50,24.85,5000,124250,0.05,,182479945,4,
2017-11-22_6125,2017-11-22,6125,廣運,tpex,11.30,11.30,10.80,10.85,1281000,14091000,-0.35,,254011150,509,
2017-11-22_6126,2017-11-22,6126,信音,tpex,14.55,14.75,14.45,14.60,1072000,15696900,0.20,,120381649,289,
2017-11-22_6127,2017-11-22,6127,九豪,tpex,16.15,16.25,16.00,16.00,517000,8315050,-0.15,,85963698,181,
2017-11-22_6128,2017-11-22,6128,上福,twse,39.10,40.15,38.90,39.60,55076,2178102,0.4,,,46,
2017-11-22_6129,2017-11-22,6129,普誠,tpex,8.37,8.57,8.35,8.46,1558000,13201480,0.11,,180943675,359,
2017-11-22_6130,2017-11-22,6130,星寶國際,tpex,48.00,51.80,48.00,51.80,55000,2812400,2.30,,26700000,44,
2017-11-22_6131,2017-11-22,6131,鈞泰,twse,23.50,24.50,23.50,24.30,28911428,701133550,0.9,,,1604,
2017-11-22_6133,2017-11-22,6133,金橋,twse,10.40,10.50,10.40,10.45,39115,407895,0.05,,,28,
2017-11-22_6134,2017-11-22,6134,萬旭,tpex,15.10,15.15,14.85,14.95,265000,3976000,-0.10,,94270574,115,
2017-11-22_6136,2017-11-22,6136,富爾特,twse,23.85,23.95,23.85,23.95,61811,1478364,0.05,,,46,
2017-11-22_6138,2017-11-22,6138,茂達,tpex,48.90,49.45,47.15,47.45,3356000,162550750,-1.10,,102772572,1858,
2017-11-22_6139,2017-11-22,6139,亞翔,twse,35.20,35.20,34.80,34.85,1064180,37224236,-0.1,,,517,
2017-11-22_6140,2017-11-22,6140,訊達,tpex,12.15,12.15,12.00,12.15,11000,132850,0.15,,38367906,9,
2017-11-22_6141,2017-11-22,6141,柏承,twse,17.35,17.35,17.00,17.00,353021,6036257,-0.15,,,157,
2017-11-22_6142,2017-11-22,6142,友勁,twse,7.92,7.96,7.88,7.88,515180,4076973,-0.02,,,163,
2017-11-22_6143,2017-11-22,6143,振曜,tpex,51.00,53.20,51.00,51.70,618000,32381200,1.00,,83280897,433,
2017-11-22_6144,2017-11-22,6144,得利影,tpex,9.72,9.96,9.72,9.96,5000,48880,-0.84,,73117806,5,
2017-11-22_6145,2017-11-22,6145,勁永,twse,13.05,13.10,12.80,12.90,1455512,18864056,-0.05,,,537,
2017-11-22_6146,2017-11-22,6146,耕興,tpex,154.00,155.00,153.00,155.00,66000,10145500,2.00,,91427593,53,
2017-11-22_6147,2017-11-22,6147,頎邦,tpex,56.90,58.60,56.90,58.50,12127000,703547700,2.10,,654261998,6421,
2017-11-22_6148,2017-11-22,6148,驊宏資,tpex,4.74,4.74,4.67,4.73,80000,375540,-0.01,,90002000,23,
2017-11-22_6150,2017-11-22,6150,撼訊,tpex,74.30,74.30,68.70,68.70,3542000,250712100,-5.60,,30264054,2600,
2017-11-22_6151,2017-11-22,6151,晉倫,tpex,24.15,24.30,24.05,24.15,98000,2367800,0.00,,55257300,49,
2017-11-22_6152,2017-11-22,6152,百一,twse,8.64,8.73,8.64,8.69,590342,5132817,0.04,,,149,
2017-11-22_6153,2017-11-22,6153,嘉聯益,twse,40.65,42.75,40.25,41.80,32849954,1365297073,1.75,,,13453,
2017-11-22_6154,2017-11-22,6154,順發,tpex,16.55,16.60,16.50,16.55,26000,430150,-0.05,,80080000,21,
2017-11-22_6155,2017-11-22,6155,鈞寶,twse,18.95,19.00,18.70,18.95,134000,2528750,0.15,,,56,
2017-11-22_6156,2017-11-22,6156,松上,tpex,21.75,21.75,20.85,20.90,484000,10210150,-0.05,,77381355,255,
2017-11-22_6158,2017-11-22,6158,禾昌,tpex,19.30,19.30,19.10,19.30,57000,1091800,0.05,,113468975,38,
2017-11-22_6160,2017-11-22,6160,欣技,tpex,19.50,19.50,19.15,19.15,41000,789700,-0.30,,68489120,19,
2017-11-22_6161,2017-11-22,6161,捷波,tpex,14.60,15.05,14.60,14.75,767000,11401450,0.20,,120833290,281,
2017-11-22_6163,2017-11-22,6163,華電網,tpex,13.80,13.80,13.30,13.50,490000,6652200,-0.25,,103481692,209,
2017-11-22_6164,2017-11-22,6164,華興,twse,14.10,14.45,14.10,14.15,294111,4201668,0.1,,,159,
2017-11-22_6165,2017-11-22,6165,浪凡,twse,36.70,38.50,36.25,36.50,523000,19322400,-0.2,,,276,
2017-11-22_6166,2017-11-22,6166,凌華,twse,64.00,64.90,63.30,64.90,199688,12743775,0.9,,,153,
2017-11-22_6167,2017-11-22,6167,久正,tpex,8.25,8.26,8.08,8.17,566000,4629260,-0.02,,162173221,205,
2017-11-22_6168,2017-11-22,6168,宏齊,twse,21.45,23.10,20.60,21.50,23028833,509475006,0.2,,,9307,
2017-11-22_6169,2017-11-22,6169,昱泉,tpex,40.90,41.20,40.60,40.60,173000,7064200,-0.20,,35473750,121,
2017-11-22_6170,2017-11-22,6170,統振,tpex,12.05,12.10,11.80,11.85,384000,4578450,-0.10,,89670038,171,
2017-11-22_6171,2017-11-22,6171,亞銳士,tpex,10.45,10.45,10.15,10.15,9000,91750,-0.25,,75351921,8,
2017-11-22_6172,2017-11-22,6172,互億,twse,10.35,10.35,10.35,10.35,4809,50148,0.15,up,,11,
2017-11-22_6173,2017-11-22,6173,信昌電,tpex,36.30,37.25,35.70,36.00,5564000,202962250,0.00,,172000000,2548,
2017-11-22_6174,2017-11-22,6174,安碁,tpex,13.40,13.40,13.20,13.20,20000,266000,-0.10,,50000000,12,
2017-11-22_6175,2017-11-22,6175,立敦,tpex,28.55,30.20,28.25,28.50,8910000,259311350,0.65,,137870516,4650,
2017-11-22_6176,2017-11-22,6176,瑞儀,twse,64.70,65.80,64.60,65.40,5226692,340541449,0.9,,,2774,
2017-11-22_6177,2017-11-22,6177,達麗,twse,32.65,32.90,32.60,32.90,147247,4818737,0.15,,,101,
2017-11-22_6179,2017-11-22,6179,亞通,tpex,46.00,46.45,44.50,44.50,39000,1773100,-1.20,,62156326,28,
2017-11-22_6180,2017-11-22,6180,橘子,tpex,106.00,106.00,101.50,104.00,8489000,880290500,-3.50,,168613942,5013,
2017-11-22_6182,2017-11-22,6182,合晶,tpex,47.50,47.70,44.85,46.60,96398000,4505405650,0.25,,471023354,38783,
2017-11-22_6183,2017-11-22,6183,關貿,twse,30.65,30.65,30.30,30.35,40004,1218271,-0.3,,,31,
2017-11-22_6184,2017-11-22,6184,大豐電,twse,34.45,34.45,34.30,34.40,38736,1331569,-0.05,,,32,
2017-11-22_6185,2017-11-22,6185,幃翔,tpex,20.05,20.10,19.85,19.90,319000,6361150,-0.05,,123612726,141,
2017-11-22_6186,2017-11-22,6186,新潤,tpex,16.10,16.20,15.85,15.85,173000,2770400,-0.35,,71690408,104,
2017-11-22_6187,2017-11-22,6187,萬潤,tpex,64.90,65.00,63.90,63.90,703000,45232900,-0.60,,84238902,472,
2017-11-22_6188,2017-11-22,6188,廣明,tpex,33.00,33.20,32.40,32.65,2318000,75743300,-0.25,,278358910,1187,
2017-11-22_6189,2017-11-22,6189,豐藝,twse,27.70,27.75,27.60,27.65,278454,7706868,-0.1,,,159,
2017-11-22_6190,2017-11-22,6190,萬泰科,tpex,13.95,13.95,13.55,13.70,1460000,20082500,-0.20,,140368537,366,
2017-11-22_6191,2017-11-22,6191,精成科,twse,13.40,13.50,13.05,13.05,4479958,59752999,-0.35,,,1150,
2017-11-22_6192,2017-11-22,6192,巨路,twse,57.00,57.00,56.20,56.30,36501,2061806,0.0,,,35,
2017-11-22_6194,2017-11-22,6194,育富,tpex,19.70,19.80,19.70,19.75,27000,533100,0.05,,78000000,15,
2017-11-22_6195,2017-11-22,6195,詩肯,tpex,57.60,57.60,57.20,57.40,31000,1777500,0.20,,43438037,30,
2017-11-22_6196,2017-11-22,6196,帆宣,twse,40.10,40.70,39.60,39.60,1493223,60028240,-0.3,,,877,
2017-11-22_6197,2017-11-22,6197,佳必琪,twse,31.30,31.60,31.10,31.20,364200,11397953,-0.1,,,233,
2017-11-22_6198,2017-11-22,6198,凌泰,tpex,23.85,24.00,23.85,24.00,81000,1943700,0.40,,20135350,19,
2017-11-22_6199,2017-11-22,6199,天品,tpex,24.70,24.70,24.70,24.70,1000,24700,-0.05,down,61760018,1,
2017-11-22_6201,2017-11-22,6201,亞弘電,twse,29.40,29.45,29.40,29.45,42050,1236372,0.05,,,21,
2017-11-22_6202,2017-11-22,6202,盛群,twse,83.30,84.50,75.40,75.90,10286738,818409269,-4.4,,,6770,
2017-11-22_6203,2017-11-22,6203,海韻電,tpex,29.65,29.70,29.60,29.70,27000,801450,0.05,,79953277,18,
2017-11-22_6204,2017-11-22,6204,艾華,tpex,23.90,23.90,23.40,23.50,102000,2396600,0.00,,36097000,37,
2017-11-22_6205,2017-11-22,6205,詮欣,twse,31.85,31.95,31.05,31.10,135000,4219350,-0.45,,,97,
2017-11-22_6206,2017-11-22,6206,飛捷,twse,85.40,86.10,85.20,85.40,183660,15713062,0.0,,,163,
2017-11-22_6207,2017-11-22,6207,雷科,tpex,29.50,29.60,29.05,29.10,332000,9733550,-0.20,,83954589,162,
2017-11-22_6208,2017-11-22,6208,日揚,tpex,31.00,31.20,30.55,30.65,1353000,41636800,-0.05,,98993565,714,
2017-11-22_6209,2017-11-22,6209,今國光,twse,39.60,41.85,39.60,40.65,14135496,578526975,1.6,,,8112,
2017-11-22_6210,2017-11-22,6210,慶生,tpex,44.20,44.20,43.45,43.80,111000,4854700,-0.25,,35048000,81,
2017-11-22_6212,2017-11-22,6212,理銘,tpex,28.00,28.50,27.70,27.70,38000,1081200,-0.30,,102000000,18,
2017-11-22_6213,2017-11-22,6213,聯茂,twse,62.50,62.50,61.60,61.80,1073258,66570039,-0.4,,,729,
2017-11-22_6214,2017-11-22,6214,精誠,twse,59.10,59.40,58.80,59.10,502534,29681794,0.1,,,341,
2017-11-22_6215,2017-11-22,6215,和椿,twse,19.10,19.20,18.50,18.50,815009,15408066,-0.25,,,419,
2017-11-22_6216,2017-11-22,6216,居易,twse,28.60,28.80,28.60,28.75,39002,1119006,0.2,,,34,
2017-11-22_6217,2017-11-22,6217,中探針,tpex,34.10,34.30,33.60,34.00,117000,3980350,0.00,,63845185,77,
2017-11-22_6218,2017-11-22,6218,豪勉,tpex,18.50,18.80,18.50,18.65,39000,728800,0.00,,64262000,16,
2017-11-22_6219,2017-11-22,6219,富旺,tpex,10.40,10.45,10.30,10.40,15000,155850,0.00,,154016276,10,
2017-11-22_6220,2017-11-22,6220,岳豐,tpex,57.10,58.30,56.00,56.70,3803000,218067800,0.30,,124554488,2315,
2017-11-22_6221,2017-11-22,6221,晉泰,tpex,24.80,24.80,24.70,24.70,51000,1262950,-0.10,,39751608,17,
2017-11-22_6222,2017-11-22,6222,上揚,tpex,8.90,9.17,8.74,9.17,10000,89580,0.42,,48785442,9,
2017-11-22_6223,2017-11-22,6223,旺矽,tpex,71.10,71.50,70.80,70.80,256000,18209000,0.00,,79901388,187,
2017-11-22_6224,2017-11-22,6224,聚鼎,twse,56.60,56.60,56.00,56.20,121490,6824985,0.0,,,95,
2017-11-22_6225,2017-11-22,6225,天瀚,twse,3.60,3.62,3.60,3.62,3313,11815,0.0,,,7,
2017-11-22_6226,2017-11-22,6226,光鼎,twse,10.20,10.40,10.10,10.15,1882990,19318747,0.05,,,572,
2017-11-22_6227,2017-11-22,6227,茂綸,tpex,20.20,20.70,20.00,20.00,798000,16304500,0.00,,76111786,310,
2017-11-22_6228,2017-11-22,6228,全譜,tpex,10.70,10.70,10.70,10.70,26000,278200,0.15,up,21223141,13,
2017-11-22_6229,2017-11-22,6229,研通,tpex,20.60,20.60,19.60,19.90,522000,10520900,-0.25,,36087700,237,
2017-11-22_6230,2017-11-22,6230,尼得科超眾,twse,96.00,96.40,94.70,94.80,335100,31992500,-1.1,,,303,
2017-11-22_6231,2017-11-22,6231,系微,tpex,53.90,55.50,53.50,54.10,415000,22558400,0.60,,38043488,326,
2017-11-22_6233,2017-11-22,6233,旺玖,tpex,11.10,11.10,10.90,10.95,143000,1568700,-0.05,,84574896,68,
2017-11-22_6234,2017-11-22,6234,高僑,tpex,17.40,17.45,17.00,17.05,71000,1222650,-0.30,,92864383,50,
2017-11-22_6235,2017-11-22,6235,華孚,twse,17.45,17.50,16.85,17.40,1952255,33650586,0.1,,,557,
2017-11-22_6237,2017-11-22,6237,驊訊,tpex,28.35,29.25,27.25,27.25,2473000,70150600,-0.95,,78142371,1373,
2017-11-22_6238,2017-11-22,6238,勝麗,tpex,249.50,251.50,243.00,244.00,391000,96756000,-2.00,,49940114,363,
2017-11-22_6239,2017-11-22,6239,力成,twse,93.10,93.90,92.30,93.40,2067617,192712830,0.9,,,1348,
2017-11-22_6241,2017-11-22,6241,易通展,tpex,12.90,13.15,12.90,12.95,9000,116750,-0.05,,23717288,8,
2017-11-22_6242,2017-11-22,6242,立康,tpex,74.50,76.30,73.70,73.70,188000,14045200,-2.80,,22200000,170,
2017-11-22_6243,2017-11-22,6243,迅杰,twse,21.60,22.80,21.60,22.00,2899251,64440422,0.9,,,1652,
2017-11-22_6244,2017-11-22,6244,茂迪,tpex,23.50,23.55,23.05,23.05,2655000,61583950,-0.40,,540033408,1228,
2017-11-22_6245,2017-11-22,6245,立端,tpex,44.10,44.10,43.65,43.95,335000,14698100,-0.05,,104649438,209,
2017-11-22_6246,2017-11-22,6246,臺龍,tpex,27.20,27.30,25.45,27.30,1337000,35932750,2.45,,24019010,705,
2017-11-22_6247,2017-11-22,6247,淇譽電,tpex,11.70,11.70,10.90,11.25,30000,342900,0.35,,60321000,23,
2017-11-22_6248,2017-11-22,6248,沛波,tpex,17.00,17.00,16.60,16.90,7000,118250,-0.10,,30675184,6,
2017-11-22_6251,2017-11-22,6251,定穎,twse,11.70,11.80,11.60,11.65,870092,10178515,0.0,,,305,
2017-11-22_6257,2017-11-22,6257,矽格,twse,31.80,31.90,30.90,31.30,7831548,246603485,0.3,,,3213,
2017-11-22_6259,2017-11-22,6259,百徽,tpex,2.85,3.19,2.76,2.76,66000,199670,-0.24,,72936430,17,
2017-11-22_6261,2017-11-22,6261,久元,tpex,57.50,60.80,56.70,59.80,4797000,284147600,2.60,,128497989,3284,
2017-11-22_6263,2017-11-22,6263,普萊德,tpex,62.10,62.50,61.00,61.00,172000,10612800,-0.70,,62500964,146,
2017-11-22_6264,2017-11-22,6264,富裔,tpex,6.08,6.13,6.00,6.00,61000,366900,-0.19,,116355291,18,
2017-11-22_6265,2017-11-22,6265,方土昶,tpex,6.88,7.01,6.88,6.98,367000,2559550,0.06,,118172151,73,
2017-11-22_6266,2017-11-22,6266,泰詠,tpex,13.45,13.45,13.20,13.30,320000,4251200,-0.10,,92197356,109,
2017-11-22_6269,2017-11-22,6269,台郡,twse,124.00,128.00,123.50,124.00,16979352,2136489648,4.0,,,8790,
2017-11-22_6270,2017-11-22,6270,倍微,tpex,13.05,13.20,12.85,12.90,231000,2996350,-0.15,,72145759,111,
2017-11-22_6271,2017-11-22,6271,同欣電,twse,145.00,148.00,140.50,140.50,4078324,585998184,-4.0,,,2449,
2017-11-22_6274,2017-11-22,6274,台燿,tpex,83.80,86.00,82.60,85.00,3816000,321883000,2.00,,244621208,2308,
2017-11-22_6275,2017-11-22,6275,元山,tpex,18.70,18.80,18.55,18.60,295000,5494450,0.00,,61219373,99,
2017-11-22_6276,2017-11-22,6276,安鈦克,tpex,13.05,13.35,12.90,12.90,30000,394300,-0.15,,33733000,14,
2017-11-22_6277,2017-11-22,6277,宏正,twse,78.80,79.30,78.60,79.10,151100,11931289,0.5,,,129,
2017-11-22_6278,2017-11-22,6278,台表科,twse,30.95,30.95,30.25,30.50,1465651,44653948,0.1,,,835,
2017-11-22_6279,2017-11-22,6279,胡連,tpex,157.00,161.00,156.50,158.50,634000,100513000,2.00,,97181705,510,
2017-11-22_6281,2017-11-22,6281,全國電,twse,62.00,62.20,62.00,62.20,28155,1747456,0.2,,,22,
2017-11-22_6282,2017-11-22,6282,康舒,twse,22.55,23.10,22.55,22.80,4217477,96541171,0.3,,,1396,
2017-11-22_6283,2017-11-22,6283,淳安,twse,44.80,44.85,43.55,43.55,480953,21121753,-0.75,,,333,
2017-11-22_6284,2017-11-22,6284,佳邦,tpex,27.50,27.50,26.10,26.25,1498000,40001450,-1.00,,102558254,584,
2017-11-22_6285,2017-11-22,6285,啟碁,twse,84.10,85.80,83.70,84.40,1091311,92162910,0.8,,,840,
2017-11-22_6287,2017-11-22,6287,元隆,tpex,4.40,4.50,4.40,4.40,26000,116100,0.12,,318145590,9,
2017-11-22_6289,2017-11-22,6289,華上,twse,2.42,2.43,2.42,2.42,148068,359432,0.01,,,47,
2017-11-22_6290,2017-11-22,6290,良維,tpex,65.30,68.20,65.20,65.50,4455000,296792200,0.50,,133528136,2247,
2017-11-22_6292,2017-11-22,6292,迅德,tpex,32.15,32.15,31.90,31.95,48000,1537050,-0.15,,46900712,33,
2017-11-22_6294,2017-11-22,6294,智基,tpex,102.00,102.00,102.00,102.00,32000,3264000,0.00,down,21275100,25,
2017-11-22_6298,2017-11-22,6298,崴強,tpex,21.15,21.20,20.70,20.70,651000,13650850,-0.40,,168951974,268,
2017-11-22_6404,2017-11-22,6404,通訊-KY,tpex,17.55,17.85,17.30,17.30,83000,1455750,-0.25,,37904000,56,
2017-11-22_6405,2017-11-22,6405,悅城,twse,23.45,25.45,23.45,25.45,690000,17327300,2.3,,,289,
2017-11-22_6409,2017-11-22,6409,旭隼,twse,508.00,523.00,508.00,522.00,52022,26869506,14.0,,,53,
2017-11-22_6411,2017-11-22,6411,晶焱,tpex,87.50,87.90,86.10,86.20,937000,81569500,-0.80,,69860580,627,
2017-11-22_6412,2017-11-22,6412,群電,twse,62.50,62.50,60.30,60.30,3472469,211262909,-2.2,,,2077,
2017-11-22_6414,2017-11-22,6414,樺漢,twse,456.50,470.00,454.00,466.00,1801300,835300342,16.5,,,1597,
2017-11-22_6415,2017-11-22,6415,矽力*-KY,twse,633.00,638.00,598.00,608.00,706105,429518130,-22.0,,,632,
2017-11-22_6417,2017-11-22,6417,韋僑,tpex,38.50,39.00,37.50,38.50,21000,805050,0.35,,35614000,19,
2017-11-22_6419,2017-11-22,6419,京晨科,tpex,13.85,13.85,13.55,13.55,16000,218550,0.05,,22045170,8,
2017-11-22_6422,2017-11-22,6422,君耀-KY,twse,62.80,63.20,62.50,62.80,147190,9245194,-0.1,,,108,
2017-11-22_6426,2017-11-22,6426,統新,tpex,84.00,90.70,83.30,87.30,1141000,100119400,4.30,,33509000,975,
2017-11-22_6431,2017-11-22,6431,光麗-KY,twse,12.15,12.15,11.95,12.00,34000,408600,-0.1,,,18,
2017-11-22_6432,2017-11-22,6432,今展科,tpex,18.60,18.75,18.55,18.70,22000,410300,0.10,,20311658,9,
2017-11-22_6435,2017-11-22,6435,大中,tpex,128.50,130.50,118.50,119.50,3563000,444860500,-6.50,,33063000,2786,
2017-11-22_6438,2017-11-22,6438,迅得,tpex,79.70,80.40,78.20,79.20,1008000,79988000,-0.60,,52800000,708,
2017-11-22_6441,2017-11-22,6441,廣錠,tpex,74.90,74.90,73.10,73.50,199000,14678600,-0.90,,28756375,139,
2017-11-22_6442,2017-11-22,6442,光聖,twse,40.60,40.95,40.50,40.85,142000,5772000,0.05,,,90,
2017-11-22_6443,2017-11-22,6443,元晶,twse,12.10,12.10,11.65,11.65,8682274,102516263,-0.45,,,2426,
2017-11-22_6446,2017-11-22,6446,藥華藥,tpex,149.00,150.00,147.00,150.00,211000,31390000,0.50,,219005800,180,
2017-11-22_6449,2017-11-22,6449,鈺邦,twse,41.80,42.00,40.30,40.50,975038,40076042,-1.25,,,543,
2017-11-22_6451,2017-11-22,6451,訊芯-KY,twse,128.00,136.50,127.50,136.50,2947513,389017781,9.0,,,2020,
2017-11-22_6452,2017-11-22,6452,康友-KY,twse,427.00,430.00,420.50,428.50,614444,263230032,3.0,,,344,
2017-11-22_6456,2017-11-22,6456,GIS-KY,twse,251.00,258.50,249.50,253.00,13782673,3509727096,5.0,,,9410,
2017-11-22_6457,2017-11-22,6457,紘康,tpex,41.70,41.70,39.65,39.70,858000,34740550,-1.30,,28898703,588,
2017-11-22_6462,2017-11-22,6462,神盾,tpex,240.00,240.50,233.50,233.50,1177000,279236500,-2.50,,69860254,975,
2017-11-22_6464,2017-11-22,6464,台數科,twse,116.00,116.00,115.00,116.00,14354,1661064,1.0,,,16,
2017-11-22_6465,2017-11-22,6465,威潤,tpex,70.60,71.50,70.60,70.90,60000,4251600,-2.00,,30072585,32,
2017-11-22_6469,2017-11-22,6469,大樹,tpex,85.00,85.80,84.60,85.80,13000,1106800,0.60,,30501450,12,
2017-11-22_6470,2017-11-22,6470,宇智,tpex,38.10,38.10,37.45,37.45,47000,1765100,0.00,,32694100,37,
2017-11-22_6472,2017-11-22,6472,保瑞,tpex,33.75,33.80,32.50,33.25,55000,1819300,-0.20,,26462000,23,
2017-11-22_6477,2017-11-22,6477,安集,twse,26.30,27.00,25.80,27.00,4342730,114717539,1.1,,,1935,
2017-11-22_6482,2017-11-22,6482,弘煜科,tpex,33.45,34.35,33.45,34.35,4000,134850,-0.70,,15602400,4,
2017-11-22_6485,2017-11-22,6485,點序,tpex,35.55,35.55,34.85,34.90,54000,1904550,-0.60,,34223050,45,
2017-11-22_6486,2017-11-22,6486,互動,tpex,47.50,47.70,46.90,47.00,157000,7426950,0.20,,46180000,131,
2017-11-22_6488,2017-11-22,6488,環球晶,tpex,442.00,448.00,415.00,420.00,10051000,4347801000,-13.50,,437250000,8167,
2017-11-22_6492,2017-11-22,6492,生華科,tpex,70.90,71.40,70.40,71.40,27000,1906700,0.30,,74345620,23,
2017-11-22_6494,2017-11-22,6494,九齊,tpex,65.40,65.50,64.70,65.50,54000,3517600,-0.40,,26559690,35,
2017-11-22_6496,2017-11-22,6496,科懋,tpex,89.00,90.40,85.10,85.70,1040000,90534300,-2.80,,46667000,814,
2017-11-22_6497,2017-11-22,6497,亞獅康-KY,tpex,37.35,38.00,36.65,36.95,78000,2891850,-0.40,,130128940,61,
2017-11-22_6499,2017-11-22,6499,益安,tpex,88.00,88.00,86.50,87.50,29000,2533600,-0.40,,51620554,26,
2017-11-22_6504,2017-11-22,6504,南六,twse,170.00,170.50,169.00,170.00,90463,15316710,0.0,,,77,
2017-11-22_6505,2017-11-22,6505,台塑化,twse,107.50,108.00,106.50,108.00,2941226,316584290,1.0,,,1770,
2017-11-22_6506,2017-11-22,6506,雙邦,tpex,20.70,20.70,20.55,20.60,81000,1670750,-0.10,,78394088,50,
2017-11-22_6508,2017-11-22,6508,惠光,tpex,26.70,26.70,26.55,26.65,71000,1890150,-0.05,,83247249,40,
2017-11-22_6509,2017-11-22,6509,聚和,tpex,18.60,18.75,18.35,18.35,800000,14816050,-0.15,,164400544,378,
2017-11-22_6510,2017-11-22,6510,精測,tpex,1205.00,1210.00,1145.00,1145.00,339000,397555000,-50.00,,32789022,324,
2017-11-22_6512,2017-11-22,6512,啟發電,tpex,20.00,20.10,19.55,19.90,24000,472700,0.00,,25000000,20,
2017-11-22_6514,2017-11-22,6514,芮特-KY,tpex,34.60,34.60,33.80,34.05,18000,615800,-0.60,,24562505,15,
2017-11-22_6523,2017-11-22,6523,達爾膚,tpex,102.00,102.00,101.00,101.50,18000,1829500,-1.00,,45815625,17,
2017-11-22_6525,2017-11-22,6525,捷敏-KY,twse,85.00,85.30,81.10,81.20,2736918,226330129,-3.1,,,2016,
2017-11-22_6531,2017-11-22,6531,愛普*,twse,78.60,79.80,78.30,78.80,437110,34621768,0.8,,,339,
2017-11-22_6532,2017-11-22,6532,瑞耘,tpex,27.60,27.60,26.85,26.90,705000,19118500,-0.65,,31626725,365,
2017-11-22_6533,2017-11-22,6533,晶心科,twse,105.50,105.50,102.00,102.00,268200,27641600,-2.5,,,211,
2017-11-22_6535,2017-11-22,6535,順藥,tpex,29.85,29.90,29.60,29.60,78000,2321350,-0.30,,95365400,50,
2017-11-22_6538,2017-11-22,6538,倉和,tpex,36.85,37.10,36.70,37.10,21000,775500,-0.50,,30300000,21,
2017-11-22_6541,2017-11-22,6541,泰福-KY,twse,88.50,88.90,85.70,85.80,592990,51801140,-1.5,,,464,
2017-11-22_6542,2017-11-22,6542,隆中,tpex,51.00,51.00,50.30,50.30,15000,758200,-0.70,,31500630,15,
2017-11-22_6548,2017-11-22,6548,長華科,tpex,427.50,428.00,420.00,422.00,36000,15254500,-5.50,,36107105,29,
2017-11-22_6552,2017-11-22,6552,易華電,twse,43.40,45.45,43.15,43.65,2677200,119226890,0.65,,,1599,
2017-11-22_6554,2017-11-22,6554,中美冠科-KY,tpex,37.15,37.40,36.55,36.55,297000,10984850,-0.70,,143670354,200,
2017-11-22_6556,2017-11-22,6556,勝品,tpex,40.50,41.00,40.50,40.50,49000,1988850,-0.40,,23000000,39,
2017-11-22_6560,2017-11-22,6560,欣普羅,tpex,36.90,40.15,36.90,40.15,500000,19469450,3.65,,17151446,187,
2017-11-22_6568,2017-11-22,6568,宏觀,tpex,176.50,190.50,175.50,184.00,921000,168976500,10.50,,24700900,766,
2017-11-22_6569,2017-11-22,6569,醫揚,tpex,169.00,169.00,164.00,164.00,21000,3472500,-2.50,,20007471,21,
2017-11-22_6573,2017-11-22,6573,虹揚-KY,twse,76.10,80.00,73.80,74.00,1652146,126140650,-4.1,,,1273,
2017-11-22_6574,2017-11-22,6574,霈方,tpex,132.00,132.00,130.50,132.00,8000,1050500,-1.00,,21990000,8,
2017-11-22_6577,2017-11-22,6577,勁豐,tpex,55.80,56.70,55.50,56.10,45000,2511100,0.10,,38254870,43,
2017-11-22_6579,2017-11-22,6579,研揚,twse,92.40,92.50,91.00,91.50,106000,9714200,0.0,,,79,
2017-11-22_6582,2017-11-22,6582,申豐,twse,49.60,49.60,49.30,49.50,29120,1441289,-0.1,,,28,
2017-11-22_6593,2017-11-22,6593,台灣銘板,tpex,52.50,52.70,50.10,50.70,486000,24925300,-2.30,,19565901,372,
2017-11-22_6594,2017-11-22,6594,展匯科,tpex,32.20,32.65,32.20,32.20,47000,1523600,0.45,,19300000,36,
2017-11-22_6603,2017-11-22,6603,富強鑫,tpex,14.15,14.30,14.00,14.05,757000,10695000,0.15,,129437032,341,
2017-11-22_6605,2017-11-22,6605,帝寶,twse,86.00,86.60,85.40,86.60,204135,17567248,0.6,,,173,
2017-11-22_6609,2017-11-22,6609,瀧澤科,tpex,28.35,28.45,27.05,27.40,1094000,30019450,-0.65,,71035535,554,
2017-11-22_6803,2017-11-22,6803,崑鼎,tpex,168.00,169.00,168.00,168.50,60000,10110000,0.50,,66804398,54,
2017-11-22_7402,2017-11-22,7402,邑錡,tpex,47.55,47.55,47.50,47.50,14000,665100,-0.10,,21468327,6,
2017-11-22_8011,2017-11-22,8011,台通,twse,20.20,20.40,20.05,20.15,789561,15962623,0.05,,,361,
2017-11-22_8016,2017-11-22,8016,矽創,twse,83.80,84.50,83.20,83.70,501348,42075196,0.7,,,424,
2017-11-22_8021,2017-11-22,8021,尖點,twse,21.65,21.70,21.55,21.70,479602,10377602,0.15,,,215,
2017-11-22_8024,2017-11-22,8024,佑華,tpex,11.60,11.60,11.45,11.45,17000,196000,0.00,,46013100,14,
2017-11-22_8027,2017-11-22,8027,鈦昇,tpex,38.00,38.15,37.10,37.40,528000,19770000,-0.55,,76864323,295,
2017-11-22_8032,2017-11-22,8032,光菱,tpex,23.80,23.80,23.50,23.70,5000,118600,-0.05,,51810300,4,
2017-11-22_8033,2017-11-22,8033,雷虎,twse,10.25,10.25,10.05,10.10,215043,2175230,-0.15,,,98,
2017-11-22_8034,2017-11-22,8034,榮群,tpex,14.50,14.75,13.55,13.70,3337000,47387050,-0.50,,62873725,1141,
2017-11-22_8038,2017-11-22,8038,長園科,tpex,44.70,44.70,43.50,43.55,138000,6081900,-0.90,,56587190,107,
2017-11-22_8039,2017-11-22,8039,台虹,twse,45.85,46.50,45.60,45.75,1400959,64727214,0.0,,,856,
2017-11-22_8040,2017-11-22,8040,九暘,tpex,7.49,7.52,7.42,7.48,84000,628280,0.00,,82725258,36,
2017-11-22_8042,2017-11-22,8042,金山電,tpex,58.40,58.50,57.10,57.30,1944000,112447700,-0.70,,113029482,1039,
2017-11-22_8043,2017-11-22,8043,蜜望實,tpex,23.00,25.00,22.80,23.10,1823000,44227250,0.10,,79907170,980,
2017-11-22_8044,2017-11-22,8044,網家,tpex,121.50,122.00,115.00,115.00,1973000,233332000,-6.00,,117159446,1493,
2017-11-22_8046,2017-11-22,8046,南電,twse,26.20,26.20,25.75,25.80,1061891,27524830,0.05,,,555,
2017-11-22_8047,2017-11-22,8047,星雲,tpex,11.95,11.95,11.70,11.85,41000,482900,-0.10,,41666343,27,
2017-11-22_8048,2017-11-22,8048,德勝,tpex,32.60,33.30,32.20,32.75,156000,5072350,-0.25,,53264938,98,
2017-11-22_8049,2017-11-22,8049,晶采,tpex,17.10,17.15,17.00,17.10,718000,12254050,0.10,,118234308,297,
2017-11-22_8050,2017-11-22,8050,廣積,tpex,52.50,52.60,52.00,52.10,313000,16329900,-0.40,,123465593,236,
2017-11-22_8054,2017-11-22,8054,安國,tpex,19.90,20.20,19.90,19.90,356000,7140300,0.00,,73775286,143,
2017-11-22_8059,2017-11-22,8059,凱碩,tpex,10.40,10.45,10.30,10.40,46000,476900,-0.10,,91118000,27,
2017-11-22_8064,2017-11-22,8064,東捷,tpex,15.95,16.05,15.85,15.95,531000,8462500,0.00,,164817836,223,
2017-11-22_8066,2017-11-22,8066,來思達,tpex,138.00,142.00,137.50,141.50,798000,111773500,3.00,,30152304,530,
2017-11-22_8067,2017-11-22,8067,志旭,tpex,5.30,5.30,5.20,5.29,51000,269850,-0.01,,44755439,18,
2017-11-22_8068,2017-11-22,8068,全達,tpex,30.20,30.35,29.85,29.85,34000,1020650,0.00,,66955992,24,
2017-11-22_8069,2017-11-22,8069,元太,tpex,54.80,54.90,51.10,53.20,19521000,1038216400,-0.50,,1140467715,8933,
2017-11-22_8070,2017-11-22,8070,長華*,twse,144.50,145.00,144.00,144.50,214808,31027755,0.5,,,178,
2017-11-22_8071,2017-11-22,8071,能率網通,tpex,18.95,19.00,18.55,18.55,436000,8173050,-0.25,,51854283,208,
2017-11-22_8072,2017-11-22,8072,陞泰,twse,21.60,21.70,21.60,21.70,23700,513085,0.0,,,26,
2017-11-22_8074,2017-11-22,8074,鉅橡,tpex,26.85,26.90,26.75,26.90,78000,2092500,0.15,,81177592,54,
2017-11-22_8076,2017-11-22,8076,伍豐,tpex,44.20,46.00,44.05,44.45,2335000,104798800,0.60,,254765380,1287,
2017-11-22_8077,2017-11-22,8077,洛碁,tpex,21.55,21.60,21.55,21.60,2000,43150,0.60,,109728343,2,
2017-11-22_8080,2017-11-22,8080,奧斯特,tpex,11.35,11.40,11.15,11.15,77000,865050,-0.10,,63991604,51,
2017-11-22_8081,2017-11-22,8081,致新,twse,69.30,69.80,68.70,68.70,441827,30555571,-0.1,,,345,
2017-11-22_8083,2017-11-22,8083,瑞穎,tpex,141.50,141.50,140.00,141.00,20000,2810500,-0.50,,35133193,19,
2017-11-22_8084,2017-11-22,8084,巨虹,tpex,37.40,37.50,36.80,37.40,101000,3762600,0.00,,53936544,81,
2017-11-22_8085,2017-11-22,8085,福華,tpex,5.24,5.28,5.19,5.20,213000,1113710,-0.04,,157257242,72,
2017-11-22_8086,2017-11-22,8086,宏捷科,tpex,63.00,64.20,61.70,62.10,15465000,976482900,0.30,,143823123,8616,
2017-11-22_8087,2017-11-22,8087,華鎂鑫,tpex,9.87,10.00,9.81,9.95,95000,940420,-0.04,,29868965,49,
2017-11-22_8088,2017-11-22,8088,品安,tpex,20.00,20.10,19.70,19.70,198000,3929500,-0.15,,60921749,112,
2017-11-22_8091,2017-11-22,8091,翔名,tpex,96.00,96.10,94.10,94.70,538000,51080800,-0.80,,60680163,399,
2017-11-22_8092,2017-11-22,8092,建暐,tpex,8.21,8.22,8.17,8.17,52000,427250,-0.03,,38850616,6,
2017-11-22_8093,2017-11-22,8093,保銳,tpex,6.70,6.70,6.70,6.70,2000,13400,0.04,up,64208493,2,
2017-11-22_8096,2017-11-22,8096,擎亞,tpex,15.40,15.65,15.35,15.45,539000,8354350,0.10,,139623950,246,
2017-11-22_8097,2017-11-22,8097,常珵,tpex,10.95,11.40,10.70,11.00,196000,2158300,-0.20,,26674306,86,
2017-11-22_8099,2017-11-22,8099,大世科,tpex,20.15,20.30,19.90,20.05,121000,2421950,-0.10,,67200000,70,
2017-11-22_8101,2017-11-22,8101,華冠,twse,3.67,3.73,3.65,3.67,476960,1758523,0.0,,,132,
2017-11-22_8103,2017-11-22,8103,瀚荃,twse,32.70,32.80,32.40,32.55,232255,7580095,0.1,,,154,
2017-11-22_8105,2017-11-22,8105,凌巨,twse,20.65,21.20,20.20,20.30,18608959,386870814,0.2,,,4075,
2017-11-22_8107,2017-11-22,8107,大億金茂,tpex,40.55,40.95,40.40,40.65,397000,16126050,0.25,,75000000,219,
2017-11-22_8109,2017-11-22,8109,博大,tpex,69.90,69.90,68.10,68.80,55000,3798400,-0.80,,66008549,41,
2017-11-22_8110,2017-11-22,8110,華東,twse,17.65,17.80,17.05,17.10,7367949,128734068,-0.4,,,2240,
2017-11-22_8111,2017-11-22,8111,立碁,tpex,8.76,9.54,8.68,9.54,1494000,13766510,0.86,,117102223,402,
2017-11-22_8112,2017-11-22,8112,至上,twse,32.20,32.20,31.75,31.80,6035143,192716313,-0.2,,,2580,
2017-11-22_8114,2017-11-22,8114,振樺電,twse,136.50,138.00,136.00,136.50,372614,50906793,0.5,,,345,
2017-11-22_8121,2017-11-22,8121,越峰,tpex,23.00,24.45,22.50,23.05,5745000,133719650,-0.25,,182422743,2537,
2017-11-22_8131,2017-11-22,8131,福懋科,twse,32.00,32.45,31.85,32.40,873084,28066895,0.7,,,430,
2017-11-22_8147,2017-11-22,8147,正淩,tpex,30.10,30.40,29.60,30.20,64000,1923950,0.05,,24887730,34,
2017-11-22_8150,2017-11-22,8150,南茂,twse,27.60,27.90,27.35,27.40,7221050,199218628,0.05,,,2837,
2017-11-22_8155,2017-11-22,8155,博智,tpex,80.80,83.00,77.50,79.00,1024000,82143800,-1.70,,49756000,778,
2017-11-22_8163,2017-11-22,8163,達方,twse,27.90,28.25,27.55,27.65,1497900,41786093,-0.35,,,714,
2017-11-22_8171,2017-11-22,8171,天宇,tpex,12.70,13.00,12.70,12.80,588000,7578700,0.10,,51493230,140,
2017-11-22_8176,2017-11-22,8176,智捷,tpex,11.30,11.30,11.00,11.05,100000,1106100,-0.15,,72500000,46,
2017-11-22_8182,2017-11-22,8182,加高,tpex,19.60,19.75,19.35,19.60,382000,7461350,0.15,,107041215,180,
2017-11-22_8183,2017-11-22,8183,精星,tpex,30.35,31.80,29.70,30.35,10946000,337262750,0.35,,121251068,5607,
2017-11-22_8201,2017-11-22,8201,無敵,twse,14.05,14.25,13.70,13.70,731499,10307883,-0.3,,,171,
2017-11-22_8210,2017-11-22,8210,勤誠,twse,45.05,45.05,44.65,45.00,212371,9533145,0.0,,,125,
2017-11-22_8213,2017-11-22,8213,志超,twse,33.45,33.50,33.00,33.20,988810,32851489,0.15,,,554,
2017-11-22_8215,2017-11-22,8215,明基材,twse,18.70,19.10,18.60,18.90,3336503,63035685,0.4,,,1154,
2017-11-22_8222,2017-11-22,8222,寶一,twse,19.20,19.40,19.05,19.40,238375,4598867,0.2,,,118,
2017-11-22_8234,2017-11-22,8234,新漢,tpex,32.10,32.30,31.70,31.80,483000,15415550,-0.25,,141226472,283,
2017-11-22_8240,2017-11-22,8240,華宏,tpex,20.00,20.00,19.45,19.60,97000,1898200,-0.20,,100004414,51,
2017-11-22_8249,2017-11-22,8249,菱光,twse,24.50,25.00,24.50,24.65,491582,12186043,0.15,,,289,
2017-11-22_8255,2017-11-22,8255,朋程,tpex,113.50,113.50,111.00,112.00,306000,34357500,-1.00,,74865000,194,
2017-11-22_8261,2017-11-22,8261,富鼎,twse,33.40,33.75,31.45,31.75,3546500,115909970,-1.35,,,2137,
2017-11-22_8271,2017-11-22,8271,宇瞻,twse,40.40,40.40,39.85,39.90,889074,35585596,-0.15,,,506,
2017-11-22_8277,2017-11-22,8277,商丞,tpex,9.50,9.64,9.35,9.40,276000,2612910,-0.09,,91628833,78,
2017-11-22_8279,2017-11-22,8279,生展,tpex,173.50,173.50,164.00,167.50,426000,71678000,-4.50,,21000774,363,
2017-11-22_8287,2017-11-22,8287,英格爾,tpex,5.55,6.77,5.55,6.77,10543000,62543670,0.61,,145621349,2311,
2017-11-22_8289,2017-11-22,8289,泰藝,tpex,11.10,11.20,11.10,11.10,91000,1011600,0.05,,76946405,33,
2017-11-22_8299,2017-11-22,8299,群聯,tpex,337.00,348.00,337.00,341.50,2731000,934858500,11.00,,197073993,2321,
2017-11-22_8341,2017-11-22,8341,日友,twse,244.50,250.00,237.00,238.00,1151280,280085920,-7.0,,,1058,
2017-11-22_8349,2017-11-22,8349,恒耀,tpex,123.50,124.00,119.50,120.00,709000,86351500,-2.50,,104059996,559,
2017-11-22_8354,2017-11-22,8354,冠好,tpex,18.00,18.00,17.80,17.90,27000,482300,0.00,,63743720,9,
2017-11-22_8358,2017-11-22,8358,金居,tpex,41.40,41.70,40.00,40.10,5884000,240620750,-0.90,,252588000,3124,
2017-11-22_8374,2017-11-22,8374,羅昇,twse,31.60,32.40,31.00,31.05,2167265,68886467,-0.15,,,1308,
2017-11-22_8383,2017-11-22,8383,千附,tpex,47.10,47.45,46.85,46.90,461000,21697150,-0.15,,118192482,310,
2017-11-22_8390,2017-11-22,8390,金益鼎,tpex,17.20,17.25,16.95,17.00,145000,2474850,-0.05,,95674487,76,
2017-11-22_8401,2017-11-22,8401,白紗科,tpex,17.40,17.45,17.15,17.40,226000,3905750,0.05,,60566680,86,
2017-11-22_8403,2017-11-22,8403,盛弘,tpex,38.90,38.90,37.80,38.00,563000,21648650,-0.60,,79288868,287,
2017-11-22_8404,2017-11-22,8404,百和興業-KY,twse,66.30,66.30,64.90,65.20,1331543,87195165,-0.3,,,663,
2017-11-22_8406,2017-11-22,8406,金可-KY,tpex,195.50,196.00,192.50,192.50,328000,63711000,-1.50,,92450472,279,
2017-11-22_8409,2017-11-22,8409,商之器,tpex,15.25,15.25,14.80,14.90,22000,330950,-0.55,,28000000,21,
2017-11-22_8410,2017-11-22,8410,森田,tpex,37.05,37.50,36.25,37.50,133000,4948300,0.45,,36589200,59,
2017-11-22_8411,2017-11-22,8411,福貞-KY,twse,25.00,25.25,25.00,25.20,33628,844780,0.2,,,31,
2017-11-22_8415,2017-11-22,8415,大國鋼,tpex,22.85,22.95,22.60,22.60,222000,5056150,-0.10,,611500000,115,
2017-11-22_8416,2017-11-22,8416,實威,tpex,95.40,95.50,94.80,95.00,12000,1143900,-0.50,,25646100,12,
2017-11-22_8418,2017-11-22,8418,捷必勝-KY,tpex,13.95,14.20,13.95,14.20,8000,113200,0.35,,72995000,4,
2017-11-22_8420,2017-11-22,8420,明揚,tpex,18.05,18.10,18.05,18.10,10000,180550,0.05,,50990000,7,
2017-11-22_8421,2017-11-22,8421,旭源,tpex,15.65,16.75,15.65,16.50,497000,8139650,1.00,,53480137,155,
2017-11-22_8422,2017-11-22,8422,可寧衛*,twse,172.00,174.50,172.00,173.50,189201,32792974,2.0,,,204,
2017-11-22_8423,2017-11-22,8423,保綠-KY,tpex,19.45,19.45,19.45,19.45,1000,19450,0.15,up,20022000,1,
2017-11-22_8424,2017-11-22,8424,惠普,tpex,46.90,46.90,46.60,46.90,20000,934900,0.20,,36054368,13,
2017-11-22_8426,2017-11-22,8426,紅木-KY,tpex,41.35,41.35,40.50,40.70,57000,2324700,-0.60,,50692500,45,
2017-11-22_8427,2017-11-22,8427,基勝-KY,twse,44.00,44.00,43.50,43.55,9000,392050,-0.35,,,7,
2017-11-22_8429,2017-11-22,8429,金麗-KY,twse,26.15,26.20,25.80,25.90,573712,14922688,0.0,,,322,
2017-11-22_8431,2017-11-22,8431,匯鑽科,tpex,57.50,61.00,57.20,57.40,1145000,67340700,-0.10,,44237597,730,
2017-11-22_8432,2017-11-22,8432,東生華,tpex,68.10,69.60,67.70,68.80,127000,8717700,1.10,,38398140,76,
2017-11-22_8433,2017-11-22,8433,弘帆,tpex,76.50,77.00,76.40,76.50,58000,4442000,0.20,,52577600,43,
2017-11-22_8435,2017-11-22,8435,鉅邁,tpex,50.50,51.00,50.40,51.00,40000,2029100,0.50,,31700450,17,
2017-11-22_8436,2017-11-22,8436,大江,tpex,249.50,251.00,236.50,238.50,1528000,370979500,-11.00,,87011707,1333,
2017-11-22_8437,2017-11-22,8437,大地-KY,tpex,184.00,184.00,182.50,184.00,22000,4026500,0.00,,33949408,20,
2017-11-22_8442,2017-11-22,8442,威宏-KY,twse,68.30,68.80,68.20,68.30,54000,3694200,-0.5,,,26,
2017-11-22_8443,2017-11-22,8443,阿瘦,twse,14.00,14.05,13.95,14.00,16000,224100,0.0,,,12,
2017-11-22_8444,2017-11-22,8444,綠河-KY,tpex,153.00,153.00,149.00,151.00,44000,6623500,-0.50,,74770300,35,
2017-11-22_8446,2017-11-22,8446,華研,tpex,100.00,100.50,99.90,99.90,43000,4304300,0.00,,47054700,35,
2017-11-22_8450,2017-11-22,8450,霹靂,tpex,61.80,62.00,61.10,61.70,49000,3013900,-0.40,,47957406,37,
2017-11-22_8454,2017-11-22,8454,富邦媒,twse,202.50,208.00,202.50,205.50,114020,23442880,4.0,,,104,
2017-11-22_8455,2017-11-22,8455,大拓-KY,tpex,21.75,21.75,21.70,21.70,10000,217400,0.00,,25219056,5,
2017-11-22_8462,2017-11-22,8462,柏文,tpex,159.00,164.50,157.50,158.50,235000,37686500,0.50,,47614875,189,
2017-11-22_8463,2017-11-22,8463,潤泰材,twse,18.00,18.10,17.95,18.10,52000,935400,0.1,,,27,
2017-11-22_8464,2017-11-22,8464,億豐,twse,284.00,292.00,281.00,290.00,850303,245172264,9.0,,,735,
2017-11-22_8466,2017-11-22,8466,美吉吉-KY,twse,92.80,93.10,92.60,93.00,90000,8353600,0.2,,,70,
2017-11-22_8467,2017-11-22,8467,波力-KY,twse,33.65,34.20,33.65,34.15,12000,406850,-0.05,,,7,
2017-11-22_8472,2017-11-22,8472,夠麻吉,tpex,38.90,39.30,38.70,38.70,64000,2491600,-0.20,,20311800,48,
2017-11-22_8473,2017-11-22,8473,山林水,twse,58.60,59.10,58.40,58.60,110822,6508043,0.2,,,105,
2017-11-22_8476,2017-11-22,8476,台境,tpex,37.05,37.30,36.65,36.90,68000,2512100,-0.65,,34109140,54,
2017-11-22_8477,2017-11-22,8477,創業家,tpex,41.70,41.70,41.30,41.40,16000,663850,0.00,,20602368,16,
2017-11-22_8480,2017-11-22,8480,泰昇-KY,twse,128.00,128.50,128.00,128.50,6000,769500,0.5,,,6,
2017-11-22_8481,2017-11-22,8481,政伸,twse,48.80,48.80,47.65,47.65,59000,2858050,-0.15,,,42,
2017-11-22_8488,2017-11-22,8488,吉源-KY,twse,30.60,31.00,30.60,30.75,16000,492950,-0.05,,,11,
2017-11-22_8489,2017-11-22,8489,三貝德,tpex,169.50,174.00,168.50,172.50,252000,43260000,4.00,,30017431,231,
2017-11-22_8905,2017-11-22,8905,裕國,tpex,17.15,17.15,17.05,17.15,268000,4584550,0.05,,119440000,90,
2017-11-22_8906,2017-11-22,8906,花王,tpex,6.25,6.25,6.01,6.01,37000,230660,0.01,,51321600,17,
2017-11-22_8908,2017-11-22,8908,欣雄,tpex,28.20,28.20,28.20,28.20,4000,112800,0.05,up,153402098,2,
2017-11-22_8913,2017-11-22,8913,全銓,tpex,121.00,124.50,121.00,123.50,120000,14732000,3.50,,8743873,104,
2017-11-22_8916,2017-11-22,8916,光隆,tpex,43.60,43.60,43.40,43.50,78000,3393450,-0.10,,108889250,57,
2017-11-22_8923,2017-11-22,8923,時報,tpex,15.00,15.00,15.00,15.00,1000,15000,-0.05,down,30375800,1,
2017-11-22_8924,2017-11-22,8924,大田,tpex,35.70,36.65,35.70,35.75,1276000,46294100,0.05,,121263282,693,
2017-11-22_8926,2017-11-22,8926,台汽電,twse,24.10,24.20,24.00,24.10,821419,19750191,0.05,,,294,
2017-11-22_8927,2017-11-22,8927,北基,tpex,10.80,10.80,10.70,10.75,30000,322100,0.05,,191833166,8,
2017-11-22_8928,2017-11-22,8928,鉅明,tpex,23.80,24.10,23.80,23.85,157000,3749550,-0.15,,50854015,57,
2017-11-22_8929,2017-11-22,8929,富堡,tpex,44.50,44.50,43.25,43.25,213000,9334450,-0.95,,42702289,160,
2017-11-22_8930,2017-11-22,8930,青鋼,tpex,14.70,14.75,14.65,14.70,116000,1703850,0.00,,67423226,49,
2017-11-22_8931,2017-11-22,8931,大汽電,tpex,20.80,20.90,20.75,20.85,42000,873250,-0.05,,116433202,22,
2017-11-22_8932,2017-11-22,8932,宏大,tpex,8.40,8.40,8.35,8.35,11000,92250,-0.03,,48800000,5,
2017-11-22_8933,2017-11-22,8933,愛地雅,tpex,10.95,10.95,10.75,10.80,1166000,12636350,-0.15,,178376732,340,
2017-11-22_8935,2017-11-22,8935,邦泰,tpex,8.30,8.30,8.00,8.08,459000,3711330,-0.22,,84300000,141,
2017-11-22_8936,2017-11-22,8936,國統,tpex,16.10,16.40,16.10,16.20,1011000,16420700,0.15,,225836608,481,
2017-11-22_8937,2017-11-22,8937,合騏,tpex,13.80,13.80,13.40,13.75,120000,1636150,0.05,,72478800,42,
2017-11-22_8938,2017-11-22,8938,明安,tpex,37.45,37.60,36.40,36.40,386000,14279900,-1.20,,135312722,227,
2017-11-22_8940,2017-11-22,8940,新天地,twse,13.70,13.90,13.70,13.90,3015,41657,0.25,,,4,
2017-11-22_8941,2017-11-22,8941,關中,tpex,68.20,68.20,67.90,67.90,18000,1224700,0.00,,23632403,10,
2017-11-22_8942,2017-11-22,8942,森鉅,tpex,61.60,61.60,60.70,61.00,338000,20641200,-0.60,,165840080,213,
2017-11-22_8996,2017-11-22,8996,高力,twse,39.10,39.15,38.00,38.00,175585,6712395,-0.55,,,119,
2017-11-22_9103,2017-11-22,9103,美德醫療-DR,twse,1.43,1.46,1.41,1.44,447000,644170,0.01,,,83,
2017-11-22_910322,2017-11-22,910322,康師傅-DR,twse,26.00,26.30,26.00,26.05,43000,1124450,0.3,,,15,
2017-11-22_910482,2017-11-22,910482,聖馬丁-DR,twse,0.58,0.61,0.58,0.60,152000,91060,0.02,,,22,
2017-11-22_9105,2017-11-22,9105,泰金寶-DR,twse,2.99,3.01,2.95,2.95,2287739,6789116,-0.03,,,458,
2017-11-22_910801,2017-11-22,910801,金衛-DR,twse,4.28,4.38,4.28,4.34,428000,1857700,0.08,,,47,
2017-11-22_910861,2017-11-22,910861,神州-DR,twse,8.22,8.26,8.18,8.26,27000,222120,0.01,,,10,
2017-11-22_9110,2017-11-22,9110,越南控-DR,twse,3.50,3.57,3.50,3.57,3000,10570,0.0,,,2,
2017-11-22_911616,2017-11-22,911616,杜康-DR,twse,1.10,1.10,1.00,1.08,213000,216150,-0.02,,,33,
2017-11-22_911619,2017-11-22,911619,耀傑-DR,twse,0.86,0.86,0.86,0.86,5000,4300,0.03,up,,1,
2017-11-22_911868,2017-11-22,911868,同方友友-DR,twse,1.51,1.51,1.51,1.51,5000,7550,-0.01,down,,1,
2017-11-22_912000,2017-11-22,912000,晨訊科-DR,twse,2.90,3.00,2.90,2.95,73000,214720,0.0,,,18,
2017-11-22_912398,2017-11-22,912398,友佳-DR,twse,7.30,7.33,7.30,7.32,24000,175510,-0.04,,,8,
2017-11-22_9136,2017-11-22,9136,巨騰-DR,twse,9.50,9.50,9.37,9.37,822000,7734840,-0.24,,,228,
2017-11-22_9157,2017-11-22,9157,陽光能源-DR,twse,1.42,1.49,1.42,1.48,61000,88840,0.03,,,10,
2017-11-22_9188,2017-11-22,9188,精熙-DR,twse,4.90,4.92,4.88,4.90,150000,734960,0.0,,,33,
2017-11-22_9802,2017-11-22,9802,鈺齊-KY,twse,77.00,78.90,76.80,78.00,781142,60950675,1.4,,,620,
2017-11-22_9902,2017-11-22,9902,台火,twse,10.10,10.15,10.05,10.15,107963,1091573,0.1,,,58,
2017-11-22_9904,2017-11-22,9904,寶成,twse,37.65,37.75,37.45,37.60,5477199,205836117,0.1,,,2819,
2017-11-22_9905,2017-11-22,9905,大華,twse,25.30,25.30,25.10,25.30,126041,3178686,0.15,,,96,
2017-11-22_9906,2017-11-22,9906,欣巴巴,twse,17.25,17.35,17.00,17.00,53016,908368,-0.05,,,37,
2017-11-22_9907,2017-11-22,9907,統一實,twse,13.60,13.65,13.50,13.60,951137,12909299,0.0,,,390,
2017-11-22_9908,2017-11-22,9908,大台北,twse,26.45,26.45,26.25,26.45,94242,2485546,0.1,,,72,
2017-11-22_9910,2017-11-22,9910,豐泰,twse,133.50,134.00,132.00,132.50,518612,68894086,-2.0,,,425,
2017-11-22_9911,2017-11-22,9911,櫻花,twse,39.00,39.00,38.70,38.70,186836,7253197,-0.2,,,170,
2017-11-22_9912,2017-11-22,9912,偉聯,twse,7.83,7.84,7.80,7.80,96510,755868,0.0,,,31,
2017-11-22_9914,2017-11-22,9914,美利達,twse,125.00,125.00,123.00,123.50,768354,94949213,-1.0,,,674,
2017-11-22_9917,2017-11-22,9917,中保科,twse,88.80,89.40,88.80,89.40,139776,12465885,0.5,,,152,
2017-11-22_9918,2017-11-22,9918,欣天然,twse,32.00,32.00,32.00,32.00,1932,61357,0.0,down,,4,
2017-11-22_9919,2017-11-22,9919,康那香,twse,12.45,12.55,11.90,11.95,1954717,23898576,-0.15,,,507,
2017-11-22_9921,2017-11-22,9921,巨大,twse,151.50,151.50,148.00,149.00,675658,100874700,-2.5,,,586,
2017-11-22_9924,2017-11-22,9924,福興,twse,38.35,38.45,38.25,38.40,151111,5796572,0.05,,,109,
2017-11-22_9925,2017-11-22,9925,新保,twse,38.30,38.45,38.25,38.45,131918,5059939,0.1,,,115,
2017-11-22_9926,2017-11-22,9926,新海,twse,40.30,40.90,40.30,40.90,27000,1092300,0.55,,,13,
2017-11-22_9927,2017-11-22,9927,泰銘,twse,39.15,39.15,39.00,39.05,316404,12357006,0.05,,,169,
2017-11-22_9928,2017-11-22,9928,中視,twse,4.90,5.09,4.90,5.09,16026,79971,0.19,,,10,
2017-11-22_9929,2017-11-22,9929,秋雨,twse,11.35,11.50,11.25,11.50,81205,926135,0.25,,,49,
2017-11-22_9930,2017-11-22,9930,中聯資源,twse,54.90,55.10,54.90,55.10,72346,3978461,0.2,,,64,
2017-11-22_9931,2017-11-22,9931,欣高,twse,30.80,30.80,30.80,30.80,2627,80911,0.15,up,,4,
2017-11-22_9933,2017-11-22,9933,中鼎,twse,45.00,45.10,45.00,45.00,1223222,55084001,0.1,,,915,
2017-11-22_9934,2017-11-22,9934,成霖,twse,22.70,23.40,22.15,22.80,2691366,61434992,0.5,,,1398,
2017-11-22_9935,2017-11-22,9935,慶豐富,twse,29.00,29.65,28.85,29.15,320192,9360568,0.15,,,157,
2017-11-22_9937,2017-11-22,9937,全國,twse,39.05,40.00,39.05,40.00,58500,2321899,0.4,,,34,
2017-11-22_9938,2017-11-22,9938,百和,twse,122.50,122.50,119.00,120.50,633351,76354120,-1.0,,,431,
2017-11-22_9939,2017-11-22,9939,宏全,twse,53.50,54.60,53.50,54.60,872791,47195207,0.9,,,570,
2017-11-22_9940,2017-11-22,9940,信義,twse,39.20,39.60,38.55,38.90,951229,37331671,-0.1,,,580,
2017-11-22_9941,2017-11-22,9941,裕融,twse,114.00,118.00,113.50,117.00,2224632,257174444,3.0,,,1391,
2017-11-22_9942,2017-11-22,9942,茂順,twse,90.00,95.20,90.00,95.00,396208,36240363,5.2,,,281,
2017-11-22_9943,2017-11-22,9943,好樂迪,twse,52.60,52.70,52.30,52.70,124719,6544734,0.2,,,99,
2017-11-22_9944,2017-11-22,9944,新麗,twse,19.70,20.20,19.45,19.90,245389,4857902,0.2,,,149,
2017-11-22_9945,2017-11-22,9945,潤泰新,twse,32.00,32.60,31.85,32.00,11300659,364797144,0.05,,,4778,
2017-11-22_9946,2017-11-22,9946,三發地產,twse,11.20,11.20,11.05,11.15,84353,938116,0.05,,,29,
2017-11-22_9949,2017-11-22,9949,琉園,tpex,10.90,10.90,10.80,10.80,20000,216300,-0.10,,47033360,13,
2017-11-22_9950,2017-11-22,9950,萬國通,tpex,13.70,13.70,13.65,13.65,8000,109250,0.00,,99716309,3,
2017-11-22_9951,2017-11-22,9951,皇田,tpex,161.50,162.00,159.50,160.00,126000,20197500,-1.50,,74900000,113,
2017-11-22_9955,2017-11-22,9955,佳龍,twse,13.65,13.95,13.65,13.75,65331,899101,0.0,,,41,
2017-11-22_9958,2017-11-22,9958,世紀鋼,twse,14.90,15.05,14.75,14.85,591064,8795493,0.05,,,162,
2017-11-22_9960,2017-11-22,9960,邁達康,tpex,33.50,33.50,32.60,32.60,17000,560150,-0.90,,33592500,14,
2017-11-22_9962,2017-11-22,9962,有益,tpex,10.30,10.30,10.30,10.30,1000,10300,0.00,down,90220260,1,
