key,date,stock_id,name,market,open,high,low,close,volume,amount,change,limit,shares,transactions,price_basis
2017-02-18_0050,2017-02-18,0050,元大台灣50,twse,73.30,73.55,73.20,73.50,3227803,237095308,0.15,,,1190,
2017-02-18_0051,2017-02-18,0051,元大中型100,twse,27.66,27.80,27.66,27.80,38000,1052880,0.22,,,16,
2017-02-18_0052,2017-02-18,0052,富邦科技,twse,44.14,44.14,44.07,44.07,2000,88210,0.02,,,2,
2017-02-18_0053,2017-02-18,0053,元大電子,twse,31.44,31.50,31.36,31.37,22000,690990,0.04,,,9,
2017-02-18_0054,2017-02-18,0054,元大台商50,twse,22.83,22.85,22.80,22.84,48000,1094560,0.02,,,10,
2017-02-18_0055,2017-02-18,0055,元大MSCI金融,twse,15.00,15.00,14.91,14.96,39000,582890,-0.04,,,26,
2017-02-18_0056,2017-02-18,0056,元大高股息,twse,24.45,24.50,24.40,24.50,1108862,27115717,0.05,,,376,
2017-02-18_0059,2017-02-18,0059,富邦金融,twse,34.88,34.89,34.86,34.86,8000,279000,-0.16,,,6,
2017-02-18_0061,2017-02-18,0061,元大寶滬深,twse,15.85,15.90,15.82,15.85,1764000,27973430,-0.02,,,346,
2017-02-18_006201,2017-02-18,006201,元大富櫃50,tpex,11.82,12.12,11.82,12.10,136000,1639460,0.28,,25446000,62,
2017-02-18_006203,2017-02-18,006203,元大MSCI台灣,twse,34.00,34.00,33.91,33.91,2000,67910,-0.27,,,2,
2017-02-18_006204,2017-02-18,006204,永豐臺灣加權,twse,48.10,48.10,48.10,48.10,1000,48100,0.07,up,,1,
2017-02-18_006205,2017-02-18,006205,富邦上証,twse,27.48,27.48,27.38,27.44,665199,18238207,-0.06,,,215,
2017-02-18_006206,2017-02-18,006206,元大上證50,twse,26.50,26.52,26.44,26.47,525000,13896100,0.0,,,249,
2017-02-18_006207,2017-02-18,006207,復華滬深,twse,20.36,20.38,20.31,20.38,96000,1953410,-0.04,,,44,
2017-02-18_006208,2017-02-18,006208,富邦台50,twse,43.13,43.13,43.13,43.13,1000,43130,-0.05,down,,1,
2017-02-18_00625K,2017-02-18,00625K,富邦上証+R,twse,6.02,6.02,6.01,6.01,83000,499630,-0.05,,,3,
2017-02-18_00631L,2017-02-18,00631L,元大台灣50正2,twse,27.75,27.78,27.70,27.70,593418,16457353,0.04,,,174,
2017-02-18_00632R,2017-02-18,00632R,元大台灣50反1,twse,15.20,15.20,15.17,15.17,11157630,169427535,-0.04,,,2335,
2017-02-18_00633L,2017-02-18,00633L,富邦上証正2,twse,34.20,34.20,34.03,34.08,9989000,340613210,-0.22,,,2514,
2017-02-18_00634R,2017-02-18,00634R,富邦上証反1,twse,8.93,8.94,8.91,8.91,303000,2704090,0.0,,,53,
2017-02-18_00635U,2017-02-18,00635U,期元大S&P黃金,twse,19.63,19.63,19.57,19.60,462000,9055290,-0.11,,,201,
2017-02-18_00636,2017-02-18,00636,國泰中國A50,twse,16.54,16.56,16.47,16.47,1465000,24233860,-0.08,,,1070,
2017-02-18_00637L,2017-02-18,00637L,元大滬深300正2,twse,12.80,12.82,12.79,12.80,12456000,159427630,-0.06,,,1719,
2017-02-18_00638R,2017-02-18,00638R,元大滬深300反1,twse,17.71,17.71,17.71,17.71,3000,53130,0.1,up,,3,
2017-02-18_00639,2017-02-18,00639,富邦深100,twse,9.33,9.33,9.31,9.33,2040700,19017256,-0.01,,,355,
2017-02-18_00640L,2017-02-18,00640L,富邦日本正2,twse,18.37,18.38,18.31,18.35,293000,5374650,-0.11,,,81,
2017-02-18_00641R,2017-02-18,00641R,富邦日本反1,twse,17.57,17.57,17.54,17.55,148000,2598200,0.04,,,46,
2017-02-18_00642U,2017-02-18,00642U,期元大S&P石油,twse,18.95,19.01,18.91,19.01,915000,17343940,0.06,,,235,
2017-02-18_00643,2017-02-18,00643,群益深証中小,twse,13.36,13.36,13.27,13.28,1612000,21442920,-0.08,,,306,
2017-02-18_00645,2017-02-18,00645,富邦日本,twse,19.77,19.77,19.75,19.75,3000,59270,-0.01,,,2,
2017-02-18_00646,2017-02-18,00646,元大S&P500,twse,21.44,21.44,21.28,21.40,25000,533110,-0.04,,,19,
2017-02-18_00647L,2017-02-18,00647L,元大S&P500正2,twse,24.80,25.00,24.80,24.90,17000,424320,0.08,,,10,
2017-02-18_00648R,2017-02-18,00648R,元大S&P500反1,twse,16.44,16.46,16.40,16.43,428000,7027950,0.02,,,120,
2017-02-18_00649,2017-02-18,00649,FH香港,twse,17.50,17.50,17.50,17.50,1000,17500,0.05,up,,1,
2017-02-18_00650L,2017-02-18,00650L,復華香港正2,twse,22.52,22.55,22.51,22.55,47000,1058490,-0.04,,,17,
2017-02-18_00651R,2017-02-18,00651R,復華香港反1,twse,11.15,11.19,11.15,11.19,2000,22340,0.05,,,2,
2017-02-18_00652,2017-02-18,00652,富邦印度,twse,20.85,20.85,20.72,20.79,11079,230081,0.08,,,11,
2017-02-18_00653L,2017-02-18,00653L,富邦印度正2,twse,22.65,22.65,22.54,22.54,240000,5414730,-0.05,,,130,
2017-02-18_00654R,2017-02-18,00654R,富邦印度反1,twse,17.79,17.79,17.77,17.77,23000,408780,0.1,,,16,
2017-02-18_00655L,2017-02-18,00655L,國泰中國A50正2,twse,24.60,24.60,24.49,24.51,269000,6596580,-0.19,,,105,
2017-02-18_00656R,2017-02-18,00656R,國泰中國A50反1,twse,16.80,16.86,16.80,16.86,7000,117960,0.11,,,7,
2017-02-18_00658L,2017-02-18,00658L,國泰日本正2,twse,26.64,26.64,26.64,26.64,1000,26640,0.06,up,,1,
2017-02-18_00660,2017-02-18,00660,元大歐洲50,twse,22.70,22.75,22.70,22.75,18000,408650,0.05,,,7,
2017-02-18_00662,2017-02-18,00662,富邦NASDAQ,twse,22.54,22.55,22.54,22.55,23000,518450,0.1,,,3,
2017-02-18_00663L,2017-02-18,00663L,國泰臺灣加權正2,twse,25.86,25.87,25.79,25.86,680000,17581970,0.13,,,36,
2017-02-18_00664R,2017-02-18,00664R,國泰臺灣加權反1,twse,17.18,17.20,17.18,17.18,1622000,27878470,-0.04,,,151,
2017-02-18_00665L,2017-02-18,00665L,富邦恒生國企正2,twse,25.20,25.20,25.11,25.14,142000,3571330,-0.06,,,46,
2017-02-18_00666R,2017-02-18,00666R,富邦恒生國企反1,twse,16.62,16.70,16.62,16.70,14000,233320,0.0,,,6,
2017-02-18_00667,2017-02-18,00667,元大韓國,twse,19.40,19.40,19.37,19.37,35000,678210,-0.18,,,8,
2017-02-18_00668,2017-02-18,00668,國泰美國道瓊,twse,22.04,22.07,22.02,22.02,9000,198450,-0.02,,,6,
2017-02-18_00669R,2017-02-18,00669R,國泰美國道瓊反1,twse,17.30,17.40,17.30,17.37,693000,12037580,0.1,,,562,
2017-02-18_00672L,2017-02-18,00672L,元大S&P原油正2,twse,19.22,19.22,19.12,19.17,1338000,25607070,-0.06,,,275,
2017-02-18_00673R,2017-02-18,00673R,期元大S&P原油反1,twse,19.07,19.09,19.03,19.09,59000,1125470,0.06,,,30,
2017-02-18_00674R,2017-02-18,00674R,期元大S&P黃金反1,twse,20.20,20.35,20.20,20.35,45000,911250,0.11,,,10,
2017-02-18_00675L,2017-02-18,00675L,富邦臺灣加權正2,twse,11.21,11.24,11.21,11.24,4215000,47307100,0.06,,,223,
2017-02-18_00676R,2017-02-18,00676R,富邦臺灣加權反1,twse,9.30,9.32,9.30,9.30,7828000,72871570,-0.02,,,305,
2017-02-18_00677U,2017-02-18,00677U,期富邦VIX,twse,13.88,13.92,13.78,13.92,877000,12164820,0.04,,,200,
2017-02-18_00678,2017-02-18,00678,群益那斯達克生技,twse,20.09,20.10,20.04,20.06,745000,14959280,0.02,,,178,
2017-02-18_00679B,2017-02-18,00679B,元大美債20年,tpex,37.94,38.20,37.94,38.12,25000,951420,0.23,,497192000,20,
2017-02-18_00680L,2017-02-18,00680L,元大美債20正2,twse,19.14,19.22,19.14,19.22,9000,172710,0.15,,,8,
2017-02-18_008201,2017-02-18,008201,BP上證50,twse,83.90,83.90,83.00,83.00,6200,517755,-0.45,,,17,
2017-02-18_01001T,2017-02-18,01001T,土銀富邦R1,twse,14.73,14.74,14.72,14.74,85000,1252420,0.0,,,15,
2017-02-18_01002T,2017-02-18,01002T,土銀國泰R1,twse,15.62,15.65,15.62,15.65,25000,391100,0.03,,,5,
2017-02-18_01003T,2017-02-18,01003T,兆豐新光R1,twse,14.10,14.10,14.09,14.10,632000,8910800,0.0,,,48,
2017-02-18_01004T,2017-02-18,01004T,土銀富邦R2,twse,13.30,13.35,13.30,13.35,7000,93350,0.0,,,5,
2017-02-18_01007T,2017-02-18,01007T,兆豐國泰R2,twse,14.70,14.80,14.70,14.80,51000,749800,0.12,,,10,
2017-02-18_1101,2017-02-18,1101,台泥,twse,37.50,37.60,37.15,37.30,2342287,87310107,-0.2,,,866,
2017-02-18_1102,2017-02-18,1102,亞泥,twse,29.00,29.15,28.95,29.00,2525698,73382825,0.0,,,637,
2017-02-18_1103,2017-02-18,1103,嘉泥,twse,10.80,10.85,10.75,10.75,682465,7363296,-0.1,,,248,
2017-02-18_1104,2017-02-18,1104,環泥,twse,26.30,26.30,26.05,26.15,265943,6952805,-0.25,,,150,
2017-02-18_1108,2017-02-18,1108,幸福,twse,9.90,9.90,9.86,9.89,262848,2597039,-0.01,,,85,
2017-02-18_1109,2017-02-18,1109,信大,twse,10.40,10.40,10.35,10.40,55618,578096,0.0,,,26,
2017-02-18_1110,2017-02-18,1110,東泥,twse,15.70,15.70,15.65,15.65,3675,57562,-0.05,,,6,
2017-02-18_1201,2017-02-18,1201,味全,twse,18.90,18.90,18.55,18.75,1285276,24014749,-0.1,,,522,
2017-02-18_1203,2017-02-18,1203,味王,twse,24.35,24.45,24.10,24.20,78893,1911432,-0.15,,,84,
2017-02-18_1210,2017-02-18,1210,大成,twse,28.30,28.75,28.30,28.75,1702528,48678179,0.55,,,755,
2017-02-18_1213,2017-02-18,1213,大飲,twse,17.90,17.90,17.70,17.70,27400,486738,-0.2,,,24,
2017-02-18_1215,2017-02-18,1215,卜蜂,twse,46.90,47.60,46.90,47.25,1510487,71391401,0.35,,,640,
2017-02-18_1216,2017-02-18,1216,統一,twse,55.10,55.30,54.60,54.60,3327916,182545596,-0.5,,,1944,
2017-02-18_1217,2017-02-18,1217,愛之味,twse,7.62,7.64,7.59,7.61,331706,2527035,-0.01,,,187,
2017-02-18_1218,2017-02-18,1218,泰山,twse,15.55,15.65,15.50,15.60,565807,8823472,0.05,,,224,
2017-02-18_1219,2017-02-18,1219,福壽,twse,16.40,16.40,16.15,16.15,45056,731196,-0.15,,,38,
2017-02-18_1220,2017-02-18,1220,台榮,twse,11.20,11.30,11.15,11.25,541129,6082094,0.0,,,106,
2017-02-18_1225,2017-02-18,1225,福懋油,twse,49.65,49.85,49.25,49.85,5302,262377,0.35,,,9,
2017-02-18_1227,2017-02-18,1227,佳格,twse,77.60,77.80,77.30,77.50,283295,21942854,-0.1,,,191,
2017-02-18_1229,2017-02-18,1229,聯華,twse,23.60,23.70,23.55,23.60,451693,10674804,0.0,,,206,
2017-02-18_1231,2017-02-18,1231,聯華食,twse,31.90,32.00,31.75,31.95,125670,4005802,0.15,,,93,
2017-02-18_1232,2017-02-18,1232,大統益,twse,87.00,87.00,86.70,87.00,19700,1713449,0.0,,,23,
2017-02-18_1233,2017-02-18,1233,天仁,twse,37.80,37.85,37.75,37.85,13050,493354,0.1,,,14,
2017-02-18_1234,2017-02-18,1234,黑松,twse,33.10,33.15,32.85,33.00,106291,3505491,0.0,,,105,
2017-02-18_1235,2017-02-18,1235,興泰,twse,29.80,29.90,29.80,29.90,109982,3283211,0.15,,,40,
2017-02-18_1236,2017-02-18,1236,宏亞,twse,18.70,18.70,18.60,18.65,27278,508232,-0.05,,,41,
2017-02-18_1256,2017-02-18,1256,鮮活果汁-KY,twse,142.00,142.00,138.50,138.50,27003,3777415,-1.0,,,27,
2017-02-18_1258,2017-02-18,1258,其祥-KY,tpex,39.90,40.00,39.70,39.70,79000,3141000,,,36399459,45,
2017-02-18_1259,2017-02-18,1259,安心,tpex,78.00,78.00,77.40,77.50,14000,1085900,0.00,,32389500,12,
2017-02-18_1262,2017-02-18,1262,綠悅-KY,twse,167.00,169.00,166.00,166.50,547060,91662549,-0.5,,,410,
2017-02-18_1264,2017-02-18,1264,德麥,tpex,218.50,218.50,216.50,218.50,7000,1524000,0.00,,30632700,7,
2017-02-18_1301,2017-02-18,1301,台塑,twse,93.50,94.00,93.50,93.80,2297379,215321912,0.3,,,687,
2017-02-18_1303,2017-02-18,1303,南亞,twse,77.20,77.20,76.60,76.70,2222289,170798712,-0.3,,,668,
2017-02-18_1304,2017-02-18,1304,台聚,twse,16.80,16.80,16.60,16.70,1245960,20820596,-0.05,,,449,
2017-02-18_1305,2017-02-18,1305,華夏,twse,27.00,27.10,26.70,26.70,973982,26107492,0.05,,,446,
2017-02-18_1307,2017-02-18,1307,三芳,twse,35.75,36.00,35.75,35.95,40851,1464527,0.1,,,46,
2017-02-18_1308,2017-02-18,1308,亞聚,twse,19.90,19.90,19.50,19.55,744781,14591960,-0.05,,,290,
2017-02-18_1309,2017-02-18,1309,台達化,twse,11.30,11.50,11.20,11.40,1984263,22509172,0.1,,,679,
2017-02-18_1310,2017-02-18,1310,台苯,twse,23.90,24.00,23.70,24.00,3737710,89184123,0.2,,,994,
2017-02-18_1312,2017-02-18,1312,國喬,twse,23.10,23.10,22.90,22.95,3930980,90348729,-0.15,,,1247,
2017-02-18_1312A,2017-02-18,1312A,國喬特,twse,27.10,27.10,27.00,27.10,24000,650100,0.0,,,14,
2017-02-18_1313,2017-02-18,1313,聯成,twse,13.75,13.95,13.75,13.90,1203164,16714263,0.1,,,331,
2017-02-18_1314,2017-02-18,1314,中石化,twse,12.20,12.50,12.10,12.45,51941030,642062832,0.45,,,8829,
2017-02-18_1315,2017-02-18,1315,達新,twse,26.10,26.30,26.10,26.30,20116,526837,0.2,,,16,
2017-02-18_1316,2017-02-18,1316,上曜,twse,20.85,22.35,20.85,21.65,849958,18420873,0.85,,,445,
2017-02-18_1319,2017-02-18,1319,東陽,twse,61.80,62.30,61.00,61.50,1518186,93578633,0.1,,,789,
2017-02-18_1321,2017-02-18,1321,大洋,twse,27.55,27.90,27.45,27.75,147003,4069734,0.35,,,76,
2017-02-18_1323,2017-02-18,1323,永裕,twse,34.10,34.35,34.05,34.10,126070,4309684,-0.05,,,89,
2017-02-18_1324,2017-02-18,1324,地球,twse,13.10,13.10,13.10,13.10,8025,105127,0.0,down,,18,
2017-02-18_1325,2017-02-18,1325,恆大,twse,22.35,22.35,22.10,22.30,44162,980833,-0.05,,,38,
2017-02-18_1326,2017-02-18,1326,台化,twse,98.30,98.40,97.90,98.00,1594850,156349600,-0.6,,,407,
2017-02-18_1333,2017-02-18,1333,恩得利,tpex,3.70,4.03,3.70,3.99,66000,258680,0.17,,61515375,20,
2017-02-18_1336,2017-02-18,1336,台翰,tpex,9.50,9.70,9.50,9.69,60000,578970,0.12,,62753230,27,
2017-02-18_1337,2017-02-18,1337,再生-KY,twse,17.35,17.40,17.30,17.30,599725,10407976,0.05,,,277,
2017-02-18_1338,2017-02-18,1338,廣華-KY,twse,95.20,96.40,95.20,95.60,345843,33142542,0.5,,,289,
2017-02-18_1339,2017-02-18,1339,昭輝,twse,40.50,40.65,40.40,40.60,90005,3645401,-0.15,,,58,
2017-02-18_1340,2017-02-18,1340,勝悅-KY,twse,56.10,56.50,55.90,56.40,177240,9953208,0.5,,,134,
2017-02-18_1402,2017-02-18,1402,遠東新,twse,27.65,27.65,27.50,27.60,1771255,48811484,-0.05,,,759,
2017-02-18_1409,2017-02-18,1409,新纖,twse,10.15,10.20,10.05,10.10,936945,9473785,-0.05,,,291,
2017-02-18_1410,2017-02-18,1410,南染,twse,27.30,27.60,27.00,27.45,246200,6707400,0.3,,,136,
2017-02-18_1413,2017-02-18,1413,宏洲,twse,5.72,5.75,5.65,5.66,69958,396862,-0.04,,,35,
2017-02-18_1414,2017-02-18,1414,東和,twse,6.88,7.00,6.87,6.93,1389279,9633171,0.15,,,361,
2017-02-18_1416,2017-02-18,1416,廣豐,twse,27.20,27.35,27.10,27.15,215397,5855552,0.0,,,134,
2017-02-18_1417,2017-02-18,1417,嘉裕,twse,5.65,5.65,5.53,5.61,1279967,7146435,-0.03,,,274,
2017-02-18_1418,2017-02-18,1418,東華,twse,5.73,5.88,5.73,5.88,2501,14498,-0.42,,,27,
2017-02-18_1423,2017-02-18,1423,利華,twse,7.45,7.55,7.43,7.53,98414,738169,0.06,,,42,
2017-02-18_1432,2017-02-18,1432,大魯閣,twse,16.05,16.05,16.00,16.00,68226,1091691,-0.05,,,42,
2017-02-18_1434,2017-02-18,1434,福懋,twse,31.00,31.25,30.75,30.85,720446,22241263,0.05,,,234,
2017-02-18_1435,2017-02-18,1435,中福,twse,6.06,6.52,6.05,6.52,3344008,21580912,0.59,,,704,
2017-02-18_1436,2017-02-18,1436,華友聯,twse,39.90,39.90,39.50,39.85,32515,1294636,-0.05,,,11,
2017-02-18_1437,2017-02-18,1437,勤益控,twse,19.90,19.90,19.55,19.90,324200,6399509,0.2,,,159,
2017-02-18_1438,2017-02-18,1438,三地開發,twse,4.71,4.84,4.71,4.80,21003,100884,0.09,,,9,
2017-02-18_1439,2017-02-18,1439,雋揚,twse,26.00,26.45,25.80,26.10,539003,14069527,0.1,,,288,
2017-02-18_1440,2017-02-18,1440,南紡,twse,13.85,13.90,13.75,13.75,1184599,16374813,-0.1,,,335,
2017-02-18_1441,2017-02-18,1441,大東,twse,7.22,7.35,7.12,7.28,149029,1077733,-0.13,,,76,
2017-02-18_1442,2017-02-18,1442,名軒,twse,18.50,18.60,18.30,18.45,224223,4128960,0.15,,,141,
2017-02-18_1443,2017-02-18,1443,立益物流,twse,6.33,6.45,6.18,6.32,98890,619898,-0.13,,,85,
2017-02-18_1444,2017-02-18,1444,力麗,twse,8.75,8.79,8.71,8.73,1014453,8867974,-0.03,,,244,
2017-02-18_1445,2017-02-18,1445,大宇,twse,9.47,9.47,9.40,9.47,67775,639489,-0.02,,,36,
2017-02-18_1446,2017-02-18,1446,宏和,twse,18.40,18.65,18.30,18.40,58010,1073782,0.0,,,28,
2017-02-18_1447,2017-02-18,1447,力鵬,twse,9.20,9.22,9.11,9.17,1444001,13229373,-0.02,,,399,
2017-02-18_1449,2017-02-18,1449,佳和,twse,5.83,5.88,5.72,5.87,366889,2135234,-0.01,,,111,
2017-02-18_1451,2017-02-18,1451,年興,twse,24.45,24.55,24.45,24.50,122666,3004980,0.05,,,66,
2017-02-18_1452,2017-02-18,1452,宏益,twse,21.25,21.30,21.00,21.05,1048828,22133426,-0.1,,,451,
2017-02-18_1453,2017-02-18,1453,大將,twse,8.09,8.09,8.09,8.09,5003,40474,0.16,up,,4,
2017-02-18_1454,2017-02-18,1454,台富,twse,8.77,8.77,8.69,8.70,46880,408226,-0.01,,,36,
2017-02-18_1455,2017-02-18,1455,集盛,twse,11.75,12.00,11.75,12.00,5095854,60746849,0.25,,,1123,
2017-02-18_1456,2017-02-18,1456,怡華,twse,12.20,12.20,11.80,11.90,154936,1842871,-0.05,,,98,
2017-02-18_1457,2017-02-18,1457,宜進,twse,11.00,11.20,10.95,11.05,3273830,36177880,0.35,,,946,
2017-02-18_1459,2017-02-18,1459,聯發,twse,8.81,8.91,8.81,8.81,221783,1962666,0.01,,,91,
2017-02-18_1460,2017-02-18,1460,宏遠,twse,17.10,17.70,17.00,17.70,3681277,63915873,0.65,,,1070,
2017-02-18_1463,2017-02-18,1463,強盛新,twse,21.90,22.00,21.80,21.90,447221,9780143,0.0,,,194,
2017-02-18_1464,2017-02-18,1464,得力,twse,25.40,25.40,25.25,25.35,508125,12869703,-0.1,,,277,
2017-02-18_1465,2017-02-18,1465,偉全,twse,12.85,12.90,12.85,12.90,39102,502909,0.05,,,20,
2017-02-18_1466,2017-02-18,1466,聚隆,twse,12.80,12.80,12.70,12.75,40343,514490,-0.05,,,50,
2017-02-18_1467,2017-02-18,1467,南緯,twse,10.85,10.85,10.80,10.80,416025,4501905,-0.05,,,120,
2017-02-18_1468,2017-02-18,1468,昶和,twse,10.40,10.50,10.15,10.50,24003,246631,0.2,,,12,
2017-02-18_1469,2017-02-18,1469,理隆,twse,13.85,13.85,13.85,13.85,1000,13850,0.2,up,,1,
2017-02-18_1471,2017-02-18,1471,首利,twse,4.95,5.00,4.93,5.00,293892,1457709,0.07,,,117,
2017-02-18_1472,2017-02-18,1472,三洋實業,twse,11.05,11.40,11.05,11.40,180003,2018533,0.3,,,87,
2017-02-18_1473,2017-02-18,1473,台南,twse,29.30,29.75,29.30,29.70,88113,2610643,0.4,,,51,
2017-02-18_1474,2017-02-18,1474,弘裕,twse,11.40,11.50,11.40,11.45,192000,2197300,0.05,,,77,
2017-02-18_1475,2017-02-18,1475,業旺,twse,9.20,9.21,9.00,9.07,117090,1063925,-0.23,,,77,
2017-02-18_1476,2017-02-18,1476,儒鴻,twse,304.00,306.00,301.00,305.00,325719,99149795,1.5,,,300,
2017-02-18_1477,2017-02-18,1477,聚陽,twse,117.00,123.00,117.00,122.50,3000550,361969650,5.5,,,2258,
2017-02-18_1503,2017-02-18,1503,士電,twse,42.00,42.00,41.35,41.95,83627,3475876,0.25,,,58,
2017-02-18_1504,2017-02-18,1504,東元,twse,28.75,28.75,28.60,28.60,218196,6249967,-0.05,,,127,
2017-02-18_1506,2017-02-18,1506,正道,twse,14.00,14.10,13.90,14.10,218414,3048585,0.1,,,89,
2017-02-18_1507,2017-02-18,1507,永大,twse,46.60,46.75,46.45,46.70,179067,8336145,-0.05,,,142,
2017-02-18_1512,2017-02-18,1512,瑞利,twse,6.11,6.48,6.10,6.40,1311566,8272506,0.32,,,427,
2017-02-18_1513,2017-02-18,1513,中興電,twse,20.75,20.80,20.70,20.75,742350,15395728,0.05,,,203,
2017-02-18_1514,2017-02-18,1514,亞力,twse,10.00,10.00,9.99,10.00,391200,3911895,0.0,,,137,
2017-02-18_1515,2017-02-18,1515,力山,twse,15.50,15.55,15.45,15.55,303100,4702154,0.05,,,86,
2017-02-18_1516,2017-02-18,1516,川飛,twse,19.70,19.85,19.45,19.85,63686,1246910,-0.3,,,45,
2017-02-18_1517,2017-02-18,1517,利奇,twse,10.55,10.65,10.55,10.60,110111,1168314,0.0,,,63,
2017-02-18_1519,2017-02-18,1519,華城,twse,17.85,18.00,17.70,17.80,287303,5123341,-0.05,,,130,
2017-02-18_1521,2017-02-18,1521,大億,twse,81.30,81.30,80.70,80.90,167003,13520546,-0.5,,,129,
2017-02-18_1522,2017-02-18,1522,堤維西,twse,36.90,36.95,36.50,36.80,1456305,53358906,-0.2,,,819,
2017-02-18_1524,2017-02-18,1524,耿鼎,twse,12.00,12.25,11.90,12.00,3432609,41306003,0.1,,,1083,
2017-02-18_1525,2017-02-18,1525,江申,twse,107.50,108.00,105.50,106.00,145243,15464633,-1.0,,,140,
2017-02-18_1526,2017-02-18,1526,日馳,twse,14.60,14.75,14.55,14.60,74124,1085449,0.05,,,51,
2017-02-18_1527,2017-02-18,1527,鑽全,twse,87.70,89.90,87.70,89.20,1035100,92255000,1.8,,,889,
2017-02-18_1528,2017-02-18,1528,恩德,twse,10.65,10.65,10.50,10.60,248725,2627495,-0.05,,,151,
2017-02-18_1529,2017-02-18,1529,樂事綠能,twse,4.00,4.00,4.00,4.00,428118,1712472,0.0,down,,52,
2017-02-18_1530,2017-02-18,1530,亞崴,twse,30.85,30.85,30.65,30.80,24200,745568,-0.05,,,17,
2017-02-18_1531,2017-02-18,1531,高林股,twse,16.35,16.60,16.35,16.50,320878,5278999,0.2,,,95,
2017-02-18_1532,2017-02-18,1532,勤美,twse,32.70,32.75,32.45,32.60,210259,6846074,0.0,,,106,
2017-02-18_1533,2017-02-18,1533,車王電,twse,44.65,45.60,43.90,43.90,1769320,79624194,-0.65,,,944,
2017-02-18_1535,2017-02-18,1535,中宇,twse,48.70,48.70,48.35,48.40,30392,1475725,-0.3,,,34,
2017-02-18_1536,2017-02-18,1536,和大,twse,137.50,141.00,137.50,139.00,1446131,202205840,1.5,,,1075,
2017-02-18_1537,2017-02-18,1537,廣隆,twse,158.50,159.00,157.50,158.50,87035,13797600,0.0,,,76,
2017-02-18_1538,2017-02-18,1538,正峰,twse,6.12,6.13,5.95,6.05,332677,2013389,-0.07,,,111,
2017-02-18_1539,2017-02-18,1539,巨庭,twse,27.20,27.35,27.05,27.15,135003,3666732,-0.1,,,74,
2017-02-18_1540,2017-02-18,1540,喬福,twse,14.90,14.95,14.70,14.85,164560,2440972,0.1,,,84,
2017-02-18_1541,2017-02-18,1541,錩泰,twse,59.00,60.40,59.00,59.00,66008,3925172,0.0,,,69,
2017-02-18_1558,2017-02-18,1558,伸興,twse,158.00,158.50,158.00,158.00,31713,5016154,-0.5,,,33,
2017-02-18_1560,2017-02-18,1560,中砂,twse,75.70,77.00,74.40,74.90,2591849,195881585,0.5,,,1774,
2017-02-18_1565,2017-02-18,1565,精華,tpex,560.00,574.00,560.00,571.00,236000,134302000,14.00,,50416516,234,
2017-02-18_1566,2017-02-18,1566,捷邦,tpex,17.70,17.70,17.30,17.50,148000,2574450,0.05,,66467028,75,
2017-02-18_1568,2017-02-18,1568,倉佑,twse,32.40,33.00,32.25,32.40,913501,29722581,0.15,,,539,
2017-02-18_1569,2017-02-18,1569,濱川,tpex,28.40,28.70,28.20,28.25,708000,20076400,,,96548111,428,
2017-02-18_1570,2017-02-18,1570,力肯,tpex,13.95,13.95,13.80,13.90,46000,638100,0.00,,51500839,25,
2017-02-18_1580,2017-02-18,1580,新麥,tpex,136.00,136.00,134.50,135.50,74000,10023000,0.00,,48531634,52,
2017-02-18_1582,2017-02-18,1582,信錦,twse,62.90,62.90,62.10,62.40,218100,13578600,0.1,,,150,
2017-02-18_1583,2017-02-18,1583,程泰,twse,56.30,58.00,56.30,58.00,6103,351012,0.0,,,9,
2017-02-18_1584,2017-02-18,1584,精剛,tpex,16.10,16.50,16.05,16.35,3605000,58657300,0.05,,82470533,618,
2017-02-18_1586,2017-02-18,1586,和勤,tpex,28.35,28.35,27.50,27.75,1911000,53248550,,,69569385,789,
2017-02-18_1589,2017-02-18,1589,永冠-KY,twse,125.50,130.00,125.00,125.00,2185663,278085875,0.5,,,1549,
2017-02-18_1590,2017-02-18,1590,亞德客-KY,twse,284.50,285.00,278.50,280.00,177383,50003240,-4.0,,,155,
2017-02-18_1591,2017-02-18,1591,駿吉-KY,tpex,22.95,23.40,22.95,23.40,13000,300300,0.50,,30149825,11,
2017-02-18_1592,2017-02-18,1592,英瑞-KY,twse,57.90,59.40,57.30,57.40,1158503,67315671,-0.2,,,849,
2017-02-18_1593,2017-02-18,1593,祺驊,tpex,39.20,39.25,39.10,39.10,19000,744550,,,30300560,6,
2017-02-18_1595,2017-02-18,1595,川寶,tpex,46.30,46.45,45.60,46.20,73000,3352300,0.00,,40621820,54,
2017-02-18_1597,2017-02-18,1597,直得,tpex,32.25,34.20,32.25,34.20,1462000,49020650,2.20,,62045489,880,
2017-02-18_1598,2017-02-18,1598,岱宇,twse,45.00,48.80,45.00,48.10,1366082,64784125,3.1,,,902,
2017-02-18_1599,2017-02-18,1599,宏佳騰,tpex,50.50,50.70,50.30,50.60,80000,4036700,,,51727599,58,
2017-02-18_1603,2017-02-18,1603,華電,twse,28.35,29.30,28.00,28.70,1777741,51143877,0.7,,,555,
2017-02-18_1604,2017-02-18,1604,聲寶,twse,19.00,19.15,19.00,19.05,432786,8249748,0.05,,,210,
2017-02-18_1605,2017-02-18,1605,華新,twse,14.55,14.70,14.25,14.25,17473536,252423239,-0.1,,,3818,
2017-02-18_1608,2017-02-18,1608,華榮,twse,9.66,9.75,9.58,9.60,772015,7437990,-0.11,,,223,
2017-02-18_1609,2017-02-18,1609,大亞,twse,7.08,7.10,6.87,6.89,5271380,36621372,-0.12,,,1428,
2017-02-18_1611,2017-02-18,1611,中電,twse,9.18,9.18,8.84,8.90,2468934,22245943,-0.23,,,820,
2017-02-18_1612,2017-02-18,1612,宏泰,twse,10.50,10.85,10.45,10.65,2904982,31044192,0.1,,,826,
2017-02-18_1613,2017-02-18,1613,台一,twse,3.50,3.53,3.40,3.48,236838,820244,0.06,,,56,
2017-02-18_1614,2017-02-18,1614,三洋電,twse,27.85,28.10,27.25,27.25,320180,8776140,-0.55,,,143,
2017-02-18_1615,2017-02-18,1615,大山,twse,11.75,11.75,11.65,11.65,35403,414934,-0.05,,,24,
2017-02-18_1616,2017-02-18,1616,億泰,twse,7.58,7.58,7.26,7.27,2467801,18171794,0.09,,,593,
2017-02-18_1617,2017-02-18,1617,榮星,twse,8.35,8.42,8.30,8.42,108098,904633,0.02,,,43,
2017-02-18_1618,2017-02-18,1618,合機,twse,9.10,9.10,9.03,9.03,204876,1854614,-0.03,,,46,
2017-02-18_1626,2017-02-18,1626,艾美特-KY,twse,26.35,26.35,25.50,25.65,72004,1862402,-0.65,,,54,
2017-02-18_1701,2017-02-18,1701,中化,twse,20.20,20.25,19.90,19.95,1509030,30245600,-0.15,,,627,
2017-02-18_1702,2017-02-18,1702,南僑,twse,63.40,63.50,63.00,63.30,317156,20039384,-0.1,,,243,
2017-02-18_1704,2017-02-18,1704,榮化,twse,45.00,45.10,44.70,44.90,686179,30759294,0.15,,,377,
2017-02-18_1707,2017-02-18,1707,葡萄王,twse,193.00,198.00,190.50,196.50,3967142,772930474,4.0,,,3007,
2017-02-18_1708,2017-02-18,1708,東鹼,twse,29.25,29.25,28.90,28.95,458871,13307376,-0.1,,,334,
2017-02-18_1709,2017-02-18,1709,和益,twse,18.45,18.85,18.40,18.55,2416708,45096996,0.0,,,830,
2017-02-18_1710,2017-02-18,1710,東聯,twse,28.10,28.15,27.55,27.60,3755875,104104543,-0.35,,,1307,
2017-02-18_1711,2017-02-18,1711,永光,twse,20.95,21.75,20.95,21.60,3695242,79421929,0.65,,,1606,
2017-02-18_1712,2017-02-18,1712,興農,twse,16.20,16.25,16.10,16.15,561166,9061614,-0.05,,,263,
2017-02-18_1713,2017-02-18,1713,國化,twse,15.25,15.50,15.25,15.50,54401,835733,0.2,,,27,
2017-02-18_1714,2017-02-18,1714,和桐,twse,9.19,9.22,9.16,9.16,1371264,12600521,-0.04,,,408,
2017-02-18_1715,2017-02-18,1715,萬洲,twse,11.35,11.35,11.15,11.30,136100,1530913,-0.05,,,82,
2017-02-18_1717,2017-02-18,1717,長興,twse,34.50,34.55,34.15,34.25,643091,22048595,-0.2,,,299,
2017-02-18_1718,2017-02-18,1718,中纖,twse,9.75,9.79,9.71,9.71,3886353,37822250,-0.01,,,868,
2017-02-18_1720,2017-02-18,1720,生達,twse,33.85,34.00,33.75,33.85,337992,11459326,0.0,,,181,
2017-02-18_1721,2017-02-18,1721,三晃,twse,15.65,15.85,15.65,15.75,863995,13631408,0.05,,,256,
2017-02-18_1722,2017-02-18,1722,台肥,twse,42.90,43.00,42.70,42.90,526824,22549189,0.0,,,290,
2017-02-18_1723,2017-02-18,1723,中碳,twse,129.00,129.50,128.50,129.50,260244,33566583,-0.5,,,277,
2017-02-18_1724,2017-02-18,1724,台硝,twse,16.85,16.90,16.85,16.90,163204,2751805,0.1,,,78,
2017-02-18_1725,2017-02-18,1725,元禎,twse,14.75,15.00,14.60,14.70,49003,728943,-0.05,,,24,
2017-02-18_1726,2017-02-18,1726,永記,twse,81.40,82.20,81.40,81.40,11018,898760,-0.4,,,26,
2017-02-18_1727,2017-02-18,1727,中華化,twse,13.90,14.10,13.90,14.00,184335,2577890,-0.05,,,59,
2017-02-18_1729,2017-02-18,1729,必翔,twse,66.80,66.80,66.10,66.50,88026,5850718,-0.3,,,53,
2017-02-18_1730,2017-02-18,1730,花仙子,twse,38.95,39.00,38.85,38.95,72251,2815625,-0.05,,,41,
2017-02-18_1731,2017-02-18,1731,美吾華,twse,14.35,14.45,14.25,14.35,335610,4814320,0.05,,,141,
2017-02-18_1732,2017-02-18,1732,毛寶,twse,14.60,14.65,14.20,14.25,668000,9609750,-0.15,,,275,
2017-02-18_1733,2017-02-18,1733,五鼎,twse,41.15,41.40,41.00,41.30,209774,8646035,0.4,,,149,
2017-02-18_1734,2017-02-18,1734,杏輝,twse,24.95,26.00,24.85,25.50,1485152,38051384,0.7,,,960,
2017-02-18_1735,2017-02-18,1735,日勝化,twse,12.70,12.70,12.65,12.70,36005,456362,0.0,,,25,
2017-02-18_1736,2017-02-18,1736,喬山,twse,46.50,47.00,46.50,46.75,169190,7915930,0.25,,,113,
2017-02-18_1737,2017-02-18,1737,臺鹽,twse,31.10,31.20,30.90,30.95,219456,6798621,-0.2,,,183,
2017-02-18_1742,2017-02-18,1742,台蠟,tpex,12.00,12.20,11.95,12.10,135000,1628300,0.10,,72240524,71,
2017-02-18_1752,2017-02-18,1752,南光,tpex,42.70,44.40,42.70,43.80,2469000,107952950,1.40,,100988472,1589,
2017-02-18_1762,2017-02-18,1762,中化生,twse,29.00,29.40,28.85,29.15,385300,11189852,0.35,,,270,
2017-02-18_1773,2017-02-18,1773,勝一,twse,57.00,57.00,56.50,56.50,66494,3777411,-0.3,,,45,
2017-02-18_1776,2017-02-18,1776,展宇,twse,22.00,22.00,21.50,21.60,39074,847956,-0.4,,,29,
2017-02-18_1777,2017-02-18,1777,生泰,tpex,94.20,94.20,93.60,94.00,28000,2628100,,,30059550,24,
2017-02-18_1781,2017-02-18,1781,合世,tpex,20.35,20.35,19.75,20.15,87000,1744250,0.15,,47407605,69,
2017-02-18_1783,2017-02-18,1783,和康生,twse,25.30,25.45,25.25,25.30,114050,2890752,0.0,,,100,
2017-02-18_1784,2017-02-18,1784,訊聯,tpex,30.80,31.40,30.80,31.00,193000,6020750,0.20,,49688924,132,
2017-02-18_1785,2017-02-18,1785,光洋科,tpex,15.60,16.80,15.60,16.30,7920000,129195950,0.80,,406564346,2784,
2017-02-18_1786,2017-02-18,1786,科妍,twse,56.50,57.00,56.10,56.50,141200,7985134,0.8,,,134,
2017-02-18_1787,2017-02-18,1787,福盈科,tpex,22.55,22.65,22.40,22.60,121000,2721500,0.05,,72004504,56,
2017-02-18_1788,2017-02-18,1788,杏昌,tpex,95.90,96.50,95.90,95.90,42000,4035300,0.30,,35000000,35,
2017-02-18_1789,2017-02-18,1789,神隆,twse,41.90,44.40,41.90,44.05,4826964,210358235,2.15,,,2960,
2017-02-18_1795,2017-02-18,1795,美時,tpex,67.20,68.00,66.60,66.80,1569000,105532000,,,238491744,1046,
2017-02-18_1799,2017-02-18,1799,易威,tpex,22.85,22.85,22.30,22.40,415000,9344600,,,79411393,222,
2017-02-18_1802,2017-02-18,1802,台玻,twse,15.20,15.35,14.95,15.15,8166337,123616562,0.15,,,1857,
2017-02-18_1805,2017-02-18,1805,寶徠,twse,6.89,7.09,6.88,7.00,87774,615146,0.19,,,56,
2017-02-18_1806,2017-02-18,1806,冠軍,twse,7.51,7.66,7.51,7.54,493225,3742229,0.04,,,164,
2017-02-18_1808,2017-02-18,1808,潤隆,twse,39.20,39.40,39.05,39.25,1055772,41381682,0.25,,,353,
2017-02-18_1809,2017-02-18,1809,中釉,twse,13.75,13.85,13.35,13.55,2518631,34295665,0.35,,,875,
2017-02-18_1810,2017-02-18,1810,和成,twse,10.10,10.10,9.97,9.97,508163,5084327,-0.03,,,142,
2017-02-18_1813,2017-02-18,1813,寶利徠,tpex,24.40,24.55,24.25,24.55,71000,1735400,0.35,,46635510,45,
2017-02-18_1815,2017-02-18,1815,富喬,tpex,17.15,17.75,16.95,17.55,22532000,391148850,0.30,,414088106,5199,
2017-02-18_1817,2017-02-18,1817,凱撒衛,twse,36.80,37.00,36.80,37.00,37003,1364562,0.25,,,24,
2017-02-18_1902,2017-02-18,1902,台紙,twse,12.80,13.60,12.80,13.30,4498965,59970672,0.55,,,1277,
2017-02-18_1903,2017-02-18,1903,士紙,twse,36.30,37.15,36.30,36.70,50025,1838959,-0.15,,,51,
2017-02-18_1904,2017-02-18,1904,正隆,twse,14.10,14.25,14.05,14.10,2284195,32312263,0.0,,,631,
2017-02-18_1905,2017-02-18,1905,華紙,twse,10.00,10.00,9.93,9.93,712941,7106274,0.01,,,187,
2017-02-18_1906,2017-02-18,1906,寶隆,twse,28.00,28.65,27.60,28.10,1158005,32516837,0.1,,,639,
2017-02-18_1907,2017-02-18,1907,永豐餘,twse,11.00,11.00,10.85,10.85,1329904,14464178,-0.05,,,348,
2017-02-18_1909,2017-02-18,1909,榮成,twse,29.30,29.70,28.65,29.05,16054802,467663936,0.05,,,5613,
2017-02-18_2002,2017-02-18,2002,中鋼,twse,25.90,25.95,25.80,25.90,6332664,163853840,0.0,,,2331,
2017-02-18_2002A,2017-02-18,2002A,中鋼特,twse,42.20,42.25,42.20,42.25,8000,337900,0.05,,,6,
2017-02-18_2006,2017-02-18,2006,東和鋼鐵,twse,23.40,23.50,23.20,23.50,613513,14335494,0.15,,,269,
2017-02-18_2007,2017-02-18,2007,燁興,twse,5.96,6.01,5.95,6.00,396649,2371701,0.01,,,144,
2017-02-18_2008,2017-02-18,2008,高興昌,twse,11.15,11.25,11.15,11.15,87300,976494,-0.1,,,35,
2017-02-18_2009,2017-02-18,2009,第一銅,twse,9.99,10.35,9.91,10.35,2246378,22553931,0.2,,,778,
2017-02-18_2010,2017-02-18,2010,春源,twse,12.40,12.45,12.35,12.45,323993,4017300,0.05,,,99,
2017-02-18_2012,2017-02-18,2012,春雨,twse,13.90,14.00,13.90,13.95,60505,845216,0.0,,,25,
2017-02-18_2013,2017-02-18,2013,中鋼構,twse,22.30,22.30,22.05,22.15,127271,2819719,-0.05,,,76,
2017-02-18_2014,2017-02-18,2014,中鴻,twse,12.40,12.40,12.25,12.30,5862301,72096456,-0.05,,,1408,
2017-02-18_2015,2017-02-18,2015,豐興,twse,50.20,50.70,50.10,50.30,295014,14870399,0.3,,,201,
2017-02-18_2017,2017-02-18,2017,官田鋼,twse,10.20,10.25,9.96,9.98,3345659,33689809,-0.02,,,774,
2017-02-18_2020,2017-02-18,2020,美亞,twse,14.65,14.80,14.65,14.70,360717,5301529,0.05,,,135,
2017-02-18_2022,2017-02-18,2022,聚亨,twse,5.86,5.94,5.86,5.92,1876242,11080444,0.06,,,321,
2017-02-18_2023,2017-02-18,2023,燁輝,twse,14.15,14.20,13.90,14.10,4926470,69255780,0.15,,,1279,
2017-02-18_2024,2017-02-18,2024,志聯,twse,9.10,9.15,9.07,9.09,385285,3509419,0.03,,,123,
2017-02-18_2025,2017-02-18,2025,千興,twse,3.25,3.25,3.15,3.20,264029,842897,-0.02,,,66,
2017-02-18_2027,2017-02-18,2027,大成鋼,twse,18.55,18.60,18.40,18.45,768796,14200218,-0.1,,,310,
2017-02-18_2028,2017-02-18,2028,威致,twse,4.45,4.60,4.45,4.60,394198,1795147,0.15,,,104,
2017-02-18_2029,2017-02-18,2029,盛餘,twse,42.65,43.50,42.65,42.90,769825,33104942,0.25,,,480,
2017-02-18_2030,2017-02-18,2030,彰源,twse,12.50,12.50,12.25,12.30,1501908,18548268,0.05,,,522,
2017-02-18_2031,2017-02-18,2031,新光鋼,twse,24.30,24.30,24.00,24.05,1949082,46976766,-0.25,,,614,
2017-02-18_2032,2017-02-18,2032,新鋼,twse,11.15,11.20,11.15,11.15,231003,2581183,0.0,,,81,
2017-02-18_2033,2017-02-18,2033,佳大,twse,9.29,9.36,9.25,9.33,176503,1634920,0.09,,,24,
2017-02-18_2034,2017-02-18,2034,允強,twse,28.75,28.90,28.55,28.80,359573,10337931,0.1,,,309,
2017-02-18_2038,2017-02-18,2038,海光,twse,7.62,7.72,7.62,7.64,529003,4053673,0.06,,,162,
2017-02-18_2049,2017-02-18,2049,上銀,twse,185.00,200.00,185.00,196.50,8825537,1718691252,12.5,,,6581,
2017-02-18_2059,2017-02-18,2059,川湖,twse,418.00,421.00,417.50,420.00,247567,103610153,2.5,,,177,
2017-02-18_2061,2017-02-18,2061,風青,tpex,9.50,9.60,9.42,9.60,99000,938820,0.07,,62075076,34,
2017-02-18_2062,2017-02-18,2062,橋椿,twse,43.60,44.30,43.45,43.85,1381343,60668539,0.9,,,756,
2017-02-18_2063,2017-02-18,2063,世鎧,tpex,28.50,28.50,28.25,28.25,8000,226950,,,45000000,8,
2017-02-18_2064,2017-02-18,2064,晉椿,tpex,17.45,17.45,17.00,17.00,11000,188900,,,70000000,9,
2017-02-18_2066,2017-02-18,2066,世德,tpex,109.50,109.50,108.00,108.00,19000,2064500,0.00,,36502870,19,
2017-02-18_2067,2017-02-18,2067,嘉鋼,tpex,13.70,13.80,13.55,13.55,16000,218850,,,36866177,13,
2017-02-18_2069,2017-02-18,2069,運錩,twse,26.95,27.20,26.90,27.00,340100,9183009,0.05,,,185,
2017-02-18_2101,2017-02-18,2101,南港,twse,31.50,31.70,31.25,31.70,956622,30136833,0.2,,,391,
2017-02-18_2102,2017-02-18,2102,泰豐,twse,16.60,17.00,16.50,16.85,2970648,49795316,0.4,,,1065,
2017-02-18_2103,2017-02-18,2103,台橡,twse,38.00,38.30,37.85,37.85,1865846,70981289,0.0,,,949,
2017-02-18_2104,2017-02-18,2104,國際中橡,twse,31.15,31.55,31.10,31.20,2141571,66908850,0.05,,,853,
2017-02-18_2105,2017-02-18,2105,正新,twse,65.20,65.70,65.00,65.50,945766,61871085,0.2,,,584,
2017-02-18_2106,2017-02-18,2106,建大,twse,50.10,50.40,50.00,50.10,219787,11019250,0.1,,,161,
2017-02-18_2107,2017-02-18,2107,厚生,twse,17.10,17.20,17.00,17.20,432560,7390436,0.0,,,275,
2017-02-18_2108,2017-02-18,2108,南帝,twse,23.75,24.15,23.70,23.85,707567,16925793,0.1,,,325,
2017-02-18_2109,2017-02-18,2109,華豐,twse,11.70,11.95,11.70,11.95,194711,2298350,0.2,,,105,
2017-02-18_2114,2017-02-18,2114,鑫永銓,twse,76.30,76.30,76.20,76.20,23023,1755268,-0.2,,,21,
2017-02-18_2115,2017-02-18,2115,六暉-KY,twse,60.50,63.50,60.50,61.80,1403114,87190541,0.6,,,984,
2017-02-18_2201,2017-02-18,2201,裕隆,twse,29.10,29.15,28.85,28.90,1040944,30124819,0.0,,,403,
2017-02-18_2204,2017-02-18,2204,中華,twse,29.00,29.15,28.70,29.10,781782,22520297,0.0,,,575,
2017-02-18_2206,2017-02-18,2206,三陽工業,twse,20.75,20.75,20.55,20.60,345996,7131290,-0.05,,,192,
2017-02-18_2207,2017-02-18,2207,和泰車,twse,355.00,358.50,355.00,358.50,22020,7828720,3.0,,,24,
2017-02-18_2208,2017-02-18,2208,台船,twse,14.40,14.40,14.15,14.25,622663,8874111,-0.05,,,218,
2017-02-18_2221,2017-02-18,2221,大甲,tpex,23.65,23.80,23.20,23.20,363000,8492800,,,42425000,200,
2017-02-18_2227,2017-02-18,2227,裕日車,twse,213.00,213.00,211.00,212.00,52123,11030322,-1.0,,,53,
2017-02-18_2228,2017-02-18,2228,劍麟,twse,182.00,190.00,182.00,185.00,292108,54562372,5.0,,,268,
2017-02-18_2230,2017-02-18,2230,泰茂,tpex,14.40,14.55,14.35,14.35,17000,244550,0.05,,39617338,10,
2017-02-18_2231,2017-02-18,2231,為升,twse,264.00,270.00,264.00,266.50,238770,63934590,2.5,,,230,
2017-02-18_2233,2017-02-18,2233,宇隆,tpex,118.00,119.00,116.50,117.00,541000,63791500,,,49214766,448,
2017-02-18_2235,2017-02-18,2235,謚源,tpex,126.00,126.00,123.00,125.50,15000,1868500,0.00,,31878000,15,
2017-02-18_2236,2017-02-18,2236,百達-KY,twse,56.10,56.60,56.00,56.20,28198,1588526,0.3,,,26,
2017-02-18_2239,2017-02-18,2239,英利-KY,twse,194.00,196.50,192.00,192.00,234003,45337080,-1.0,,,206,
2017-02-18_2301,2017-02-18,2301,光寶科,twse,51.10,51.70,50.80,51.30,882078,45171278,0.2,,,567,
2017-02-18_2302,2017-02-18,2302,麗正,twse,7.02,7.05,6.89,6.91,596502,4155699,-0.09,,,218,
2017-02-18_2303,2017-02-18,2303,聯電,twse,11.75,11.80,11.70,11.75,5656628,66517517,0.0,,,1633,
2017-02-18_2305,2017-02-18,2305,全友,twse,9.10,9.25,9.05,9.14,1905103,17482026,0.11,,,452,
2017-02-18_2308,2017-02-18,2308,台達電,twse,173.50,175.50,173.00,175.50,709503,124011267,2.0,,,499,
2017-02-18_2311,2017-02-18,2311,日月光,twse,38.10,38.15,37.80,37.80,4445636,168641963,-0.25,,,2077,
2017-02-18_2312,2017-02-18,2312,金寶,twse,12.65,12.75,12.60,12.65,2085062,26425361,0.0,,,443,
2017-02-18_2313,2017-02-18,2313,華通,twse,19.00,19.25,18.85,19.00,11746584,223644319,0.0,,,3069,
2017-02-18_2314,2017-02-18,2314,台揚,twse,25.50,25.95,25.50,25.65,1779519,45879258,0.05,,,723,
2017-02-18_2316,2017-02-18,2316,楠梓電,twse,19.50,19.60,19.45,19.55,531348,10366450,0.05,,,286,
2017-02-18_2317,2017-02-18,2317,鴻海,twse,90.00,90.30,89.60,89.90,11328885,1018267228,-0.1,,,6379,
2017-02-18_2321,2017-02-18,2321,東訊,twse,3.90,3.90,3.90,3.90,274204,1069389,-0.01,down,,40,
2017-02-18_2323,2017-02-18,2323,中環,twse,4.12,4.13,4.05,4.07,4476656,18273379,-0.03,,,772,
2017-02-18_2324,2017-02-18,2324,仁寶,twse,19.20,19.20,19.05,19.05,4247821,81165408,-0.15,,,1384,
2017-02-18_2325,2017-02-18,2325,矽品,twse,48.65,48.65,48.55,48.60,231352,11249417,-0.05,,,225,
2017-02-18_2327,2017-02-18,2327,國巨*,twse,69.50,69.50,69.30,69.50,246972,17145952,0.2,,,153,
2017-02-18_2328,2017-02-18,2328,廣宇,twse,27.50,27.65,27.25,27.40,4488012,123150956,0.0,,,1927,
2017-02-18_2329,2017-02-18,2329,華泰,twse,11.30,11.40,11.30,11.40,1823850,20720642,0.05,,,438,
2017-02-18_2330,2017-02-18,2330,台積電,twse,190.00,190.50,189.50,189.50,3517102,667392778,0.0,,,1771,
2017-02-18_2331,2017-02-18,2331,精英,twse,21.00,22.10,21.00,21.90,5447359,118403851,1.0,,,2035,
2017-02-18_2332,2017-02-18,2332,友訊,twse,11.00,11.00,10.80,10.90,889980,9704365,0.0,,,390,
2017-02-18_2337,2017-02-18,2337,旺宏,twse,8.65,8.72,8.52,8.67,7610631,65775143,0.05,,,1534,
2017-02-18_2338,2017-02-18,2338,光罩,twse,10.15,10.25,10.05,10.15,843684,8575215,0.0,,,182,
2017-02-18_2340,2017-02-18,2340,台亞,twse,17.30,17.50,16.95,17.35,14773583,254262942,0.05,,,4397,
2017-02-18_2342,2017-02-18,2342,茂矽,twse,4.10,4.10,4.05,4.05,496238,2024132,-0.03,,,133,
2017-02-18_2344,2017-02-18,2344,華邦電,twse,11.75,11.80,11.60,11.75,13496592,157696092,0.0,,,2689,
2017-02-18_2345,2017-02-18,2345,智邦,twse,57.50,58.70,57.20,57.90,3503418,202751760,0.7,,,1773,
2017-02-18_2347,2017-02-18,2347,聯強,twse,33.40,33.50,33.20,33.30,1662367,55342828,-0.05,,,1001,
2017-02-18_2348,2017-02-18,2348,海悅,twse,18.50,18.50,18.00,18.00,4268,78324,-0.5,,,10,
2017-02-18_2349,2017-02-18,2349,錸德,twse,6.13,6.14,6.04,6.08,5965134,36207953,0.0,,,1294,
2017-02-18_2351,2017-02-18,2351,順德,twse,53.60,54.00,53.10,53.40,1061183,56600314,-0.2,,,629,
2017-02-18_2352,2017-02-18,2352,佳世達,twse,16.00,16.15,15.95,16.10,4128197,66248952,0.05,,,1090,
2017-02-18_2353,2017-02-18,2353,宏碁,twse,14.95,15.00,14.90,14.90,3122805,46620864,-0.1,,,851,
2017-02-18_2354,2017-02-18,2354,鴻準,twse,95.50,95.80,94.90,95.00,1119799,106492017,-0.1,,,771,
2017-02-18_2355,2017-02-18,2355,敬鵬,twse,62.00,62.20,61.40,61.80,873457,53977634,-0.4,,,571,
2017-02-18_2356,2017-02-18,2356,英業達,twse,23.45,23.60,23.40,23.45,1831461,42957080,0.0,,,746,
2017-02-18_2357,2017-02-18,2357,華碩,twse,275.00,276.00,275.00,275.50,94445,25994375,0.5,,,134,
2017-02-18_2358,2017-02-18,2358,廷鑫,twse,16.60,16.60,15.90,16.30,325463,5255743,-0.3,,,193,
2017-02-18_2359,2017-02-18,2359,所羅門,twse,15.60,15.75,15.55,15.60,566953,8866263,0.1,,,232,
2017-02-18_2360,2017-02-18,2360,致茂,twse,86.00,87.80,86.00,87.80,870466,76120578,0.8,,,505,
2017-02-18_2362,2017-02-18,2362,藍天,twse,29.85,30.00,29.45,29.55,2365832,70284946,0.45,,,1125,
2017-02-18_2363,2017-02-18,2363,矽統,twse,7.02,7.05,6.96,6.99,654643,4577109,-0.01,,,294,
2017-02-18_2364,2017-02-18,2364,倫飛,twse,2.75,2.80,2.69,2.80,191302,529308,0.11,,,90,
2017-02-18_2365,2017-02-18,2365,昆盈,twse,9.00,9.06,8.95,8.99,268227,2411284,-0.01,,,136,
2017-02-18_2367,2017-02-18,2367,燿華,twse,11.15,11.25,11.00,11.10,2076992,23082112,0.0,,,717,
2017-02-18_2368,2017-02-18,2368,金像電,twse,11.35,11.45,11.25,11.30,2468810,27970653,-0.05,,,673,
2017-02-18_2369,2017-02-18,2369,菱生,twse,13.35,13.45,13.25,13.30,1498518,19972028,0.0,,,571,
2017-02-18_2371,2017-02-18,2371,大同,twse,16.25,16.95,16.15,16.45,149314604,2478396584,0.1,,,21366,
2017-02-18_2373,2017-02-18,2373,震旦行,twse,55.30,55.50,55.20,55.50,219281,12143437,0.1,,,83,
2017-02-18_2374,2017-02-18,2374,佳能,twse,18.80,18.90,18.60,18.60,883770,16488756,-0.05,,,356,
2017-02-18_2375,2017-02-18,2375,凱美,twse,16.85,16.85,16.60,16.70,180308,3007566,-0.05,,,98,
2017-02-18_2376,2017-02-18,2376,技嘉,twse,41.55,41.80,41.40,41.80,805769,33607149,0.25,,,535,
2017-02-18_2377,2017-02-18,2377,微星,twse,72.10,72.10,71.00,71.30,7151374,510498985,-0.3,,,4501,
2017-02-18_2379,2017-02-18,2379,瑞昱,twse,119.50,119.50,117.00,117.00,763810,89852270,-1.5,,,569,
2017-02-18_2380,2017-02-18,2380,虹光,twse,7.32,7.32,7.22,7.32,345066,2505478,0.07,,,149,
2017-02-18_2382,2017-02-18,2382,廣達,twse,63.10,63.70,63.10,63.40,1460601,92424518,0.2,,,812,
2017-02-18_2383,2017-02-18,2383,台光電,twse,113.00,123.50,112.50,115.50,11423529,1366537574,3.0,,,5465,
2017-02-18_2385,2017-02-18,2385,群光,twse,73.20,73.40,72.70,73.30,88567,6490453,0.7,,,94,
2017-02-18_2387,2017-02-18,2387,精元,twse,18.70,18.85,18.70,18.85,483179,9075294,0.15,,,224,
2017-02-18_2388,2017-02-18,2388,威盛,twse,11.05,11.10,10.95,11.00,260989,2876171,-0.05,,,129,
2017-02-18_2390,2017-02-18,2390,云辰,twse,17.65,17.70,17.40,17.40,953150,16719831,-0.25,,,465,
2017-02-18_2392,2017-02-18,2392,正崴,twse,38.95,39.40,38.85,38.90,840048,32785955,-0.05,,,589,
2017-02-18_2393,2017-02-18,2393,億光,twse,50.00,50.40,49.15,49.85,2585694,128975368,-0.15,,,1360,
2017-02-18_2395,2017-02-18,2395,研華,twse,267.00,267.50,265.50,267.50,33299,8890632,2.0,,,34,
2017-02-18_2397,2017-02-18,2397,友通,twse,51.90,52.20,51.50,51.90,269200,13957780,-0.2,,,157,
2017-02-18_2399,2017-02-18,2399,映泰,twse,9.00,9.05,8.95,8.95,275173,2475494,-0.04,,,88,
2017-02-18_2401,2017-02-18,2401,凌陽,twse,12.30,12.50,12.25,12.45,4989515,61790413,0.2,,,1266,
2017-02-18_2402,2017-02-18,2402,毅嘉,twse,17.85,17.90,17.65,17.75,1417681,25202287,0.1,,,558,
2017-02-18_2404,2017-02-18,2404,漢唐,twse,56.00,56.90,55.80,56.90,955031,53943666,0.9,,,589,
2017-02-18_2405,2017-02-18,2405,輔信,twse,9.06,9.10,8.96,8.96,2801452,25218892,-0.1,,,830,
2017-02-18_2406,2017-02-18,2406,國碩,twse,25.20,25.65,25.15,25.25,7360940,186909825,0.35,,,2808,
2017-02-18_2408,2017-02-18,2408,南亞科,twse,46.50,46.85,46.40,46.45,2677874,124707284,0.05,,,1389,
2017-02-18_2409,2017-02-18,2409,友達,twse,11.95,12.00,11.85,11.90,21743609,259618885,-0.05,,,4667,
2017-02-18_2412,2017-02-18,2412,中華電,twse,101.50,101.50,101.00,101.50,2846809,288550088,0.5,,,1875,
2017-02-18_2413,2017-02-18,2413,環科,twse,11.95,12.10,11.85,12.00,210025,2514200,0.15,,,130,
2017-02-18_2414,2017-02-18,2414,精技,twse,17.55,17.70,17.55,17.70,44254,780117,0.05,,,40,
2017-02-18_2415,2017-02-18,2415,錩新,twse,34.00,36.60,33.85,36.60,8264414,293516240,3.3,,,4324,
2017-02-18_2417,2017-02-18,2417,圓剛,twse,10.90,11.05,10.85,10.90,592314,6474887,0.0,,,202,
2017-02-18_2419,2017-02-18,2419,仲琦,twse,19.75,19.85,19.65,19.80,1355614,26775632,0.15,,,515,
2017-02-18_2420,2017-02-18,2420,新巨,twse,35.85,36.10,35.80,35.80,185154,6639994,-0.05,,,139,
2017-02-18_2421,2017-02-18,2421,建準,twse,31.80,32.80,31.60,31.85,4783245,154324954,0.5,,,2048,
2017-02-18_2423,2017-02-18,2423,固緯,twse,20.05,20.20,20.00,20.20,108850,2183168,0.0,,,48,
2017-02-18_2425,2017-02-18,2425,承啟,twse,19.40,19.55,19.25,19.50,87789,1698975,0.1,,,52,
2017-02-18_2426,2017-02-18,2426,鼎元,twse,13.00,13.30,12.85,12.85,2697751,35292434,-0.05,,,968,
2017-02-18_2427,2017-02-18,2427,三商電,twse,8.24,8.33,8.24,8.28,576101,4762609,0.03,,,154,
2017-02-18_2428,2017-02-18,2428,興勤,twse,69.20,69.40,68.80,68.80,320299,22106911,-0.1,,,263,
2017-02-18_2429,2017-02-18,2429,銘旺科,twse,15.70,15.70,15.50,15.50,2120,33000,0.2,,,4,
2017-02-18_2430,2017-02-18,2430,燦坤,twse,28.40,28.60,28.40,28.55,68978,1964571,0.15,,,61,
2017-02-18_2431,2017-02-18,2431,聯昌,twse,16.00,16.25,16.00,16.15,998768,16122261,0.2,,,419,
2017-02-18_2433,2017-02-18,2433,互盛電,twse,41.60,41.90,41.60,41.80,30130,1257184,0.1,,,18,
2017-02-18_2434,2017-02-18,2434,統懋,twse,6.09,6.09,6.05,6.08,18086,109486,0.07,,,12,
2017-02-18_2436,2017-02-18,2436,偉詮電,twse,23.40,23.65,23.30,23.35,1089646,25592762,0.1,,,506,
2017-02-18_2437,2017-02-18,2437,旺詮,twse,56.50,57.00,56.30,56.50,108734,6146337,0.0,,,135,
2017-02-18_2438,2017-02-18,2438,翔耀,twse,9.20,9.21,9.06,9.21,52699,481211,-0.14,,,26,
2017-02-18_2439,2017-02-18,2439,美律,twse,147.50,151.00,146.00,149.50,9601827,1432491119,3.5,,,5996,
2017-02-18_2440,2017-02-18,2440,太空梭,twse,9.84,9.88,9.76,9.88,10674,104897,0.17,,,11,
2017-02-18_2441,2017-02-18,2441,超豐,twse,40.70,40.70,40.40,40.60,330199,13362295,0.0,,,151,
2017-02-18_2442,2017-02-18,2442,新美齊,twse,8.25,8.36,8.08,8.10,3275705,26994100,-0.14,,,894,
2017-02-18_2443,2017-02-18,2443,昶虹,twse,7.01,7.05,6.82,7.00,220470,1528350,0.08,,,107,
2017-02-18_2444,2017-02-18,2444,兆勁,twse,12.95,13.00,12.35,12.85,1201260,15294739,0.1,,,301,
2017-02-18_2448,2017-02-18,2448,晶電,twse,27.40,28.25,26.80,28.20,103666970,2864658339,1.75,,,26727,
2017-02-18_2449,2017-02-18,2449,京元電子,twse,29.25,29.65,29.10,29.30,4545443,133648852,-0.05,,,1511,
2017-02-18_2450,2017-02-18,2450,神腦,twse,54.90,54.90,53.90,54.40,144403,7856963,-0.5,,,98,
2017-02-18_2451,2017-02-18,2451,創見,twse,87.00,87.50,87.00,87.50,86649,7547686,0.5,,,86,
2017-02-18_2453,2017-02-18,2453,凌群,twse,11.60,12.45,11.45,12.35,3076500,37105250,0.95,,,1122,
2017-02-18_2454,2017-02-18,2454,聯發科,twse,225.00,225.00,223.50,224.50,2729623,612493347,-0.5,,,1896,
2017-02-18_2455,2017-02-18,2455,全新,twse,61.60,62.30,60.10,61.80,3385606,207476149,0.0,,,1882,
2017-02-18_2456,2017-02-18,2456,奇力新,twse,82.70,83.10,81.30,81.80,840576,68724403,-0.8,,,565,
2017-02-18_2457,2017-02-18,2457,飛宏,twse,11.30,11.35,11.10,11.15,1578648,17658717,-0.05,,,462,
2017-02-18_2458,2017-02-18,2458,義隆,twse,36.80,38.10,36.80,37.40,4950612,185974720,0.75,,,2744,
2017-02-18_2459,2017-02-18,2459,敦吉,twse,38.35,38.35,38.00,38.30,363624,13913869,0.1,,,223,
2017-02-18_2460,2017-02-18,2460,建通,twse,12.05,12.05,11.70,11.80,472604,5590283,-0.25,,,253,
2017-02-18_2461,2017-02-18,2461,光群雷,twse,17.05,17.20,17.00,17.15,676728,11573567,0.15,,,255,
2017-02-18_2462,2017-02-18,2462,良得電,twse,21.05,21.30,21.05,21.20,80024,1697651,0.15,,,64,
2017-02-18_2464,2017-02-18,2464,盟立,twse,38.70,39.25,38.70,38.95,1077155,41984420,0.35,,,567,
2017-02-18_2465,2017-02-18,2465,麗臺,twse,8.12,8.26,8.11,8.18,1007530,8231365,0.33,,,476,
2017-02-18_2466,2017-02-18,2466,冠西電,twse,36.00,36.00,35.80,36.00,115877,4163222,0.0,,,76,
2017-02-18_2467,2017-02-18,2467,志聖,twse,21.00,21.20,20.80,20.85,810219,17004749,0.15,,,465,
2017-02-18_2468,2017-02-18,2468,華經,twse,11.25,11.40,11.15,11.30,132000,1483850,0.05,,,49,
2017-02-18_2471,2017-02-18,2471,資通,twse,15.15,15.15,15.00,15.10,80029,1206435,0.0,,,38,
2017-02-18_2472,2017-02-18,2472,立隆電,twse,40.30,40.75,40.30,40.30,273057,11025083,0.0,,,201,
2017-02-18_2474,2017-02-18,2474,可成,twse,263.50,264.50,259.00,259.00,1348646,352093814,-2.0,,,1063,
2017-02-18_2475,2017-02-18,2475,華映,twse,1.61,1.61,1.60,1.60,3949941,6323167,0.0,,,265,
2017-02-18_2476,2017-02-18,2476,鉅祥,twse,27.40,27.45,27.15,27.35,329581,8978108,0.05,,,202,
2017-02-18_2477,2017-02-18,2477,美隆電,twse,19.90,20.30,19.80,19.90,1680994,33659079,0.15,,,583,
2017-02-18_2478,2017-02-18,2478,大毅,twse,24.65,25.30,24.60,24.75,1460208,36268579,0.05,,,676,
2017-02-18_2480,2017-02-18,2480,敦陽科,twse,29.30,29.80,29.25,29.25,355905,10460817,0.05,,,206,
2017-02-18_2481,2017-02-18,2481,強茂,twse,17.40,17.60,17.30,17.35,2072722,36143633,0.05,,,757,
2017-02-18_2482,2017-02-18,2482,連宇,twse,13.40,13.55,13.40,13.55,185023,2488311,0.15,,,61,
2017-02-18_2483,2017-02-18,2483,百容,twse,18.15,18.20,18.05,18.10,120000,2175000,0.05,,,62,
2017-02-18_2484,2017-02-18,2484,希華,twse,19.60,19.70,19.50,19.60,903829,17667856,0.0,,,381,
2017-02-18_2485,2017-02-18,2485,兆赫,twse,33.00,33.45,32.90,33.10,2354281,78070157,0.3,,,1196,
2017-02-18_2486,2017-02-18,2486,一詮,twse,9.27,9.33,9.22,9.23,370912,3435128,-0.04,,,206,
2017-02-18_2488,2017-02-18,2488,漢平,twse,44.35,45.55,44.10,45.30,2620061,117695204,1.45,,,1554,
2017-02-18_2489,2017-02-18,2489,瑞軒,twse,22.75,22.80,22.70,22.75,1393264,31683763,0.05,,,559,
2017-02-18_2492,2017-02-18,2492,華新科,twse,40.55,40.70,39.05,39.10,6182202,245476958,0.7,,,3063,
2017-02-18_2493,2017-02-18,2493,揚博,twse,28.65,28.70,28.60,28.70,189417,5427095,0.1,,,126,
2017-02-18_2495,2017-02-18,2495,普安,twse,16.45,16.50,16.30,16.30,342898,5602740,-0.15,,,141,
2017-02-18_2497,2017-02-18,2497,怡利電,twse,34.20,34.20,33.85,34.05,169000,5743100,0.15,,,107,
2017-02-18_2498,2017-02-18,2498,宏達電,twse,78.00,79.10,77.70,77.70,4660054,364360760,0.2,,,2965,
2017-02-18_2499,2017-02-18,2499,東貝,twse,14.00,14.15,13.90,13.90,11654646,163524230,0.05,,,3119,
2017-02-18_2501,2017-02-18,2501,國建,twse,21.35,21.80,21.05,21.20,2564072,54565649,0.0,,,632,
2017-02-18_2504,2017-02-18,2504,國產,twse,8.58,8.86,8.54,8.70,3628887,31581131,0.1,,,776,
2017-02-18_2505,2017-02-18,2505,國揚,twse,13.40,13.40,13.15,13.25,110044,1456420,0.0,,,76,
2017-02-18_2506,2017-02-18,2506,太設,twse,11.85,11.95,11.75,11.95,14430,170850,0.1,,,48,
2017-02-18_2509,2017-02-18,2509,全坤建,twse,17.50,17.50,17.30,17.40,23192,402840,-0.1,,,15,
2017-02-18_2511,2017-02-18,2511,太子,twse,11.20,11.30,11.15,11.20,1134167,12726340,0.05,,,283,
2017-02-18_2514,2017-02-18,2514,龍邦,twse,16.00,16.25,15.90,16.15,709117,11407522,0.1,,,187,
2017-02-18_2515,2017-02-18,2515,中工,twse,6.83,6.84,6.78,6.81,3213898,21870456,0.04,,,665,
2017-02-18_2516,2017-02-18,2516,新建,twse,7.73,7.82,7.71,7.80,1832918,14242117,0.15,,,269,
2017-02-18_2520,2017-02-18,2520,冠德,twse,23.05,23.25,22.85,23.05,1596425,36766835,-0.05,,,722,
2017-02-18_2524,2017-02-18,2524,京城,twse,23.20,23.20,23.10,23.15,24587,569401,-0.05,,,18,
2017-02-18_2527,2017-02-18,2527,宏璟,twse,21.10,21.40,21.10,21.35,61000,1299950,0.2,,,21,
2017-02-18_2528,2017-02-18,2528,皇普,twse,7.20,7.20,7.20,7.20,1989,14123,0.14,up,,2,
2017-02-18_2530,2017-02-18,2530,華建,twse,13.90,13.90,13.70,13.70,237719,3282196,-0.1,,,125,
2017-02-18_2534,2017-02-18,2534,宏盛,twse,19.75,19.75,19.55,19.70,132536,2600939,-0.05,,,94,
2017-02-18_2535,2017-02-18,2535,達欣工,twse,19.40,19.45,19.30,19.45,349313,6770580,0.0,,,172,
2017-02-18_2536,2017-02-18,2536,宏普,twse,25.60,25.75,25.45,25.75,169300,4326924,0.15,,,101,
2017-02-18_2537,2017-02-18,2537,聯上發,twse,9.79,9.82,9.77,9.77,673438,6597085,0.02,,,199,
2017-02-18_2538,2017-02-18,2538,基泰,twse,10.70,10.80,10.60,10.60,1186550,12649679,-0.05,,,294,
2017-02-18_2539,2017-02-18,2539,櫻花建,twse,27.30,27.50,27.05,27.30,32391,882474,0.05,,,24,
2017-02-18_2542,2017-02-18,2542,興富發,twse,49.40,49.40,49.00,49.20,909925,44725903,0.0,,,523,
2017-02-18_2543,2017-02-18,2543,皇昌,twse,9.09,9.10,9.00,9.06,6016,54484,0.0,,,22,
2017-02-18_2545,2017-02-18,2545,皇翔,twse,41.30,41.30,40.95,41.00,452695,18588906,-0.2,,,257,
2017-02-18_2546,2017-02-18,2546,根基,twse,19.25,19.35,19.15,19.30,517009,9936121,0.0,,,61,
2017-02-18_2547,2017-02-18,2547,日勝生,twse,10.20,10.20,10.05,10.05,466611,4715560,-0.15,,,214,
2017-02-18_2548,2017-02-18,2548,華固,twse,67.60,69.00,67.60,67.80,842708,57508699,-0.1,,,410,
2017-02-18_2596,2017-02-18,2596,綠意,tpex,21.70,22.15,21.45,22.10,422000,9193950,0.40,,84786213,175,
2017-02-18_2597,2017-02-18,2597,潤弘,twse,40.55,41.10,40.20,40.55,70205,2851259,0.0,,,44,
2017-02-18_2601,2017-02-18,2601,益航,twse,8.41,9.20,8.30,9.15,9162339,80890897,0.78,,,2374,
2017-02-18_2603,2017-02-18,2603,長榮,twse,14.10,14.15,14.00,14.00,4864494,68302153,-0.05,,,973,
2017-02-18_2605,2017-02-18,2605,新興,twse,23.55,25.10,23.25,24.55,9222766,225452999,1.5,,,3174,
2017-02-18_2606,2017-02-18,2606,裕民,twse,30.50,31.60,30.50,31.20,5695549,177138324,1.2,,,2437,
2017-02-18_2607,2017-02-18,2607,榮運,twse,14.95,15.50,14.80,15.25,3669767,55834246,0.45,,,1019,
2017-02-18_2608,2017-02-18,2608,嘉里大榮,twse,43.75,43.95,43.65,43.70,70814,3095913,-0.05,,,92,
2017-02-18_2609,2017-02-18,2609,陽明,twse,6.02,6.09,5.98,6.00,12493625,75140488,0.01,,,2077,
2017-02-18_2610,2017-02-18,2610,華航,twse,9.92,9.93,9.83,9.89,5078410,50138580,-0.03,,,1147,
2017-02-18_2611,2017-02-18,2611,志信,twse,7.40,7.44,7.38,7.42,292385,2165223,0.05,,,67,
2017-02-18_2612,2017-02-18,2612,中航,twse,33.50,34.40,32.25,32.25,3730838,125591355,-0.8,,,1662,
2017-02-18_2613,2017-02-18,2613,中櫃,twse,14.10,14.35,14.10,14.20,284644,4047687,0.1,,,149,
2017-02-18_2614,2017-02-18,2614,東森,twse,8.15,8.27,8.12,8.15,2775840,22717470,0.07,,,714,
2017-02-18_2615,2017-02-18,2615,萬海,twse,18.40,18.60,18.30,18.40,2812692,51804794,0.1,,,854,
2017-02-18_2616,2017-02-18,2616,山隆,twse,29.75,29.90,29.70,29.70,76263,2271969,-0.05,,,128,
2017-02-18_2617,2017-02-18,2617,台航,twse,13.80,13.95,13.70,13.80,1438098,19844492,0.1,,,402,
2017-02-18_2618,2017-02-18,2618,長榮航,twse,15.50,15.55,15.35,15.50,8775357,136021676,0.0,,,2857,
2017-02-18_2633,2017-02-18,2633,台灣高鐵,twse,19.90,19.95,19.80,19.85,2720649,54051992,-0.05,,,1069,
2017-02-18_2634,2017-02-18,2634,漢翔,twse,39.50,39.50,39.20,39.25,1145507,45004725,-0.2,,,589,
2017-02-18_2636,2017-02-18,2636,台驊控股,twse,21.80,22.30,21.80,22.10,809395,17821840,0.4,,,371,
2017-02-18_2637,2017-02-18,2637,慧洋-KY,twse,32.70,33.45,32.70,33.20,2155140,71611826,0.5,,,1172,
2017-02-18_2640,2017-02-18,2640,大車隊,tpex,49.55,49.90,49.50,49.55,30000,1487800,,,46435644,29,
2017-02-18_2641,2017-02-18,2641,正德,tpex,9.90,9.90,9.65,9.66,1212000,11784490,,,154739056,435,
2017-02-18_2642,2017-02-18,2642,宅配通,twse,25.50,25.60,25.35,25.45,97256,2475750,0.0,,,67,
2017-02-18_2643,2017-02-18,2643,捷迅,tpex,48.20,48.60,48.20,48.60,37000,1793200,0.35,,26230000,25,
2017-02-18_2701,2017-02-18,2701,萬企,twse,14.00,14.05,13.95,14.05,37605,526049,0.05,,,32,
2017-02-18_2702,2017-02-18,2702,華園,twse,16.40,16.55,16.25,16.40,42971,703074,0.15,,,33,
2017-02-18_2704,2017-02-18,2704,國賓,twse,23.85,23.85,23.80,23.80,164914,3930508,-0.1,,,76,
2017-02-18_2705,2017-02-18,2705,六福,twse,8.80,8.84,8.75,8.82,217393,1908721,0.03,,,190,
2017-02-18_2706,2017-02-18,2706,第一店,twse,17.30,17.35,17.25,17.30,276351,4780617,0.0,,,50,
2017-02-18_2707,2017-02-18,2707,晶華,twse,172.50,173.00,172.50,173.00,85169,14707237,1.0,,,86,
2017-02-18_2712,2017-02-18,2712,遠雄來,twse,25.20,25.20,25.15,25.15,6000,150950,-0.15,,,3,
2017-02-18_2719,2017-02-18,2719,燦星旅,tpex,12.10,12.10,11.95,12.00,14000,167900,0.05,,36292000,10,
2017-02-18_2722,2017-02-18,2722,夏都,twse,40.35,40.50,40.35,40.40,4299,173813,0.05,,,6,
2017-02-18_2723,2017-02-18,2723,美食-KY,twse,293.50,296.50,290.00,296.00,126620,37024780,-2.0,,,106,
2017-02-18_2724,2017-02-18,2724,富驛-KY,tpex,6.99,7.36,6.99,7.01,20000,141610,0.00,,38172290,12,
2017-02-18_2726,2017-02-18,2726,雅茗-KY,tpex,63.50,63.50,63.50,63.50,15000,952500,0.00,down,30215139,9,
2017-02-18_2727,2017-02-18,2727,王品,twse,141.50,146.00,141.50,143.50,503133,72603083,2.5,,,389,
2017-02-18_2729,2017-02-18,2729,瓦城,tpex,244.00,244.00,243.00,244.00,26000,6329000,0.50,,23266000,22,
2017-02-18_2731,2017-02-18,2731,雄獅,twse,87.50,89.00,87.00,89.00,207382,18330798,2.1,,,156,
2017-02-18_2732,2017-02-18,2732,六角,tpex,79.30,80.50,78.10,80.50,242000,19298700,1.20,,33218127,116,
2017-02-18_2734,2017-02-18,2734,易飛網,tpex,16.50,16.70,16.50,16.70,8000,132200,0.20,,30259760,6,
2017-02-18_2736,2017-02-18,2736,高野,tpex,22.30,22.30,22.20,22.25,22000,489100,,,48992383,20,
2017-02-18_2739,2017-02-18,2739,寒舍,twse,33.60,33.65,33.50,33.50,39222,1316014,-0.1,,,26,
2017-02-18_2740,2017-02-18,2740,天蔥,tpex,29.85,29.85,29.30,29.30,6000,176550,0.00,,15978196,4,
2017-02-18_2748,2017-02-18,2748,雲品,twse,54.00,54.20,53.70,53.80,30000,1619000,-0.1,,,23,
2017-02-18_2801,2017-02-18,2801,彰銀,twse,18.45,18.55,18.40,18.55,4876936,90151281,0.15,,,1203,
2017-02-18_2809,2017-02-18,2809,京城銀,twse,29.00,29.05,28.90,28.90,311908,9033453,-0.05,,,160,
2017-02-18_2812,2017-02-18,2812,台中銀,twse,9.42,9.44,9.42,9.43,1238984,11677612,0.01,,,315,
2017-02-18_2816,2017-02-18,2816,旺旺保,twse,16.10,16.25,16.05,16.05,381961,6151625,-0.05,,,121,
2017-02-18_2820,2017-02-18,2820,華票,twse,13.50,13.55,13.45,13.50,1257109,16969944,0.0,,,287,
2017-02-18_2823,2017-02-18,2823,中壽,twse,30.45,30.55,30.30,30.45,3213418,97760979,0.05,,,1217,
2017-02-18_2832,2017-02-18,2832,台產,twse,19.10,19.10,19.00,19.10,107161,2039623,0.0,,,68,
2017-02-18_2834,2017-02-18,2834,臺企銀,twse,8.43,8.44,8.41,8.41,2485491,20925240,-0.02,,,499,
2017-02-18_2836,2017-02-18,2836,高雄銀,twse,9.55,9.59,9.51,9.57,718322,6868275,0.03,,,157,
2017-02-18_2838,2017-02-18,2838,聯邦銀,twse,9.20,9.20,9.15,9.19,433014,3971952,-0.01,,,91,
2017-02-18_2841,2017-02-18,2841,台開,twse,11.15,11.25,11.05,11.20,1696313,18874859,0.1,,,501,
2017-02-18_2845,2017-02-18,2845,遠東銀,twse,9.35,9.36,9.31,9.33,1474129,13752894,-0.03,,,279,
2017-02-18_2849,2017-02-18,2849,安泰銀,twse,14.10,14.10,14.00,14.00,14300,200329,-0.15,,,13,
2017-02-18_2850,2017-02-18,2850,新產,twse,26.60,26.70,26.55,26.60,105755,2814857,0.0,,,56,
2017-02-18_2851,2017-02-18,2851,中再保,twse,15.25,15.35,15.25,15.30,201200,3076660,0.0,,,44,
2017-02-18_2852,2017-02-18,2852,第一保,twse,13.65,13.70,13.55,13.65,602624,8211280,0.0,,,99,
2017-02-18_2855,2017-02-18,2855,統一證,twse,13.15,13.25,13.15,13.20,511998,6766764,-0.05,,,161,
2017-02-18_2856,2017-02-18,2856,元富證,twse,9.18,9.20,9.15,9.15,948364,8694771,-0.03,,,176,
2017-02-18_2867,2017-02-18,2867,三商壽,twse,16.95,16.95,16.85,16.85,939799,15869154,-0.1,,,271,
2017-02-18_2880,2017-02-18,2880,華南金,twse,17.00,17.00,16.85,16.95,4107901,69414748,0.0,,,1374,
2017-02-18_2881,2017-02-18,2881,富邦金,twse,50.90,51.00,50.60,50.60,3422564,173681510,-0.2,,,1459,
2017-02-18_2881A,2017-02-18,2881A,富邦特,twse,63.10,63.10,63.00,63.10,108031,6813853,0.0,,,54,
2017-02-18_2882,2017-02-18,2882,國泰金,twse,49.25,49.25,48.95,49.00,3711500,182051078,-0.25,,,1567,
2017-02-18_2882A,2017-02-18,2882A,國泰特,twse,61.80,62.00,61.80,61.90,463697,28706132,0.0,,,146,
2017-02-18_2883,2017-02-18,2883,凱基金,twse,8.12,8.14,8.11,8.12,8173523,66414327,0.0,,,1671,
2017-02-18_2884,2017-02-18,2884,玉山金,twse,18.90,19.00,18.80,18.90,5533040,104536954,0.1,,,1729,
2017-02-18_2885,2017-02-18,2885,元大金,twse,13.00,13.10,12.90,13.00,8556765,111394120,0.0,,,1069,
2017-02-18_2886,2017-02-18,2886,兆豐金,twse,23.60,23.90,23.60,23.85,3772329,89692580,0.25,,,1655,
2017-02-18_2887,2017-02-18,2887,台新新光金,twse,12.15,12.20,12.15,12.15,8432390,102504482,0.0,,,2178,
2017-02-18_2887E,2017-02-18,2887E,台新新光戊特一,twse,51.70,52.00,51.70,51.90,521764,27065467,0.2,,,225,
2017-02-18_2888,2017-02-18,2888,新光金,twse,8.50,8.52,8.46,8.48,19132036,162258544,0.0,,,2530,
2017-02-18_2889,2017-02-18,2889,國票金,twse,8.70,8.70,8.64,8.66,1630707,14110276,0.0,,,440,
2017-02-18_2890,2017-02-18,2890,永豐金,twse,9.55,9.57,9.55,9.56,6270043,59918560,0.0,,,869,
2017-02-18_2891,2017-02-18,2891,中信金,twse,18.70,18.75,18.65,18.70,21582730,403645961,0.0,,,4568,
2017-02-18_2892,2017-02-18,2892,第一金,twse,18.10,18.15,18.05,18.10,5830332,105442964,0.0,,,1453,
2017-02-18_2901,2017-02-18,2901,欣欣,twse,26.20,26.75,26.20,26.75,18025,477300,0.25,,,39,
2017-02-18_2903,2017-02-18,2903,遠百,twse,16.40,16.45,16.35,16.40,735204,12060271,0.0,,,256,
2017-02-18_2904,2017-02-18,2904,匯僑,twse,24.30,24.30,24.20,24.30,40710,987990,0.0,,,73,
2017-02-18_2905,2017-02-18,2905,三商,twse,26.20,26.20,25.80,25.90,1108276,28782497,-0.3,,,538,
2017-02-18_2906,2017-02-18,2906,高林,twse,11.15,11.95,11.15,11.70,2360764,27609912,0.55,,,543,
2017-02-18_2908,2017-02-18,2908,特力,twse,20.00,20.20,20.00,20.20,303608,6101235,0.15,,,72,
2017-02-18_2911,2017-02-18,2911,麗嬰房,twse,11.50,11.55,11.45,11.50,213012,2451824,0.0,,,115,
2017-02-18_2912,2017-02-18,2912,統一超,twse,226.50,227.50,226.00,226.00,121333,27519753,0.0,,,142,
2017-02-18_2913,2017-02-18,2913,農林,twse,15.85,15.90,15.70,15.80,1673370,26412552,-0.05,,,490,
2017-02-18_2915,2017-02-18,2915,潤泰全,twse,62.70,62.90,61.20,61.80,9148725,567240950,-0.8,,,3731,
2017-02-18_2916,2017-02-18,2916,滿心,tpex,16.40,16.45,16.30,16.30,79000,1293400,0.05,,54626878,20,
2017-02-18_2923,2017-02-18,2923,鼎固-KY,twse,21.10,21.50,21.10,21.15,11000,233100,-0.25,,,11,
2017-02-18_2924,2017-02-18,2924,東凌-KY,tpex,54.00,54.00,54.00,54.00,20000,1080000,0.00,down,34005174,3,
2017-02-18_2926,2017-02-18,2926,誠品生活,tpex,154.00,154.50,153.50,153.50,24000,3689500,,,47389650,21,
2017-02-18_2928,2017-02-18,2928,紅馬-KY,tpex,64.40,64.80,64.10,64.80,53000,3417900,0.40,,47301154,29,
2017-02-18_2929,2017-02-18,2929,淘帝-KY,twse,111.00,112.00,110.00,111.50,483026,53692386,1.0,,,372,
2017-02-18_2936,2017-02-18,2936,客思達-KY,twse,45.10,45.20,44.85,45.05,217500,9793700,-0.05,,,151,
2017-02-18_3002,2017-02-18,3002,歐格,twse,10.75,10.80,10.70,10.75,64528,692799,0.05,,,27,
2017-02-18_3003,2017-02-18,3003,健和興,twse,43.35,43.90,43.25,43.80,904624,39457324,0.45,,,422,
2017-02-18_3004,2017-02-18,3004,豐達科,twse,51.80,52.00,51.30,51.50,81200,4201800,0.3,,,49,
2017-02-18_3005,2017-02-18,3005,神基,twse,45.10,45.10,44.45,44.50,976186,43586529,0.1,,,566,
2017-02-18_3006,2017-02-18,3006,晶豪科,twse,33.80,33.85,33.30,33.50,1896940,63547939,-0.2,,,880,
2017-02-18_3008,2017-02-18,3008,大立光,twse,4575.00,4585.00,4495.00,4500.00,176620,797435500,-30.0,,,229,
2017-02-18_3010,2017-02-18,3010,華立,twse,48.50,48.70,48.50,48.60,79039,3840231,0.0,,,61,
2017-02-18_3011,2017-02-18,3011,今皓,twse,8.89,8.99,8.77,8.80,1553279,13774336,0.0,,,584,
2017-02-18_3013,2017-02-18,3013,晟銘電,twse,17.85,18.10,17.80,18.00,969247,17452321,0.3,,,423,
2017-02-18_3014,2017-02-18,3014,聯陽,twse,31.40,31.75,31.35,31.55,995539,31393662,0.2,,,448,
2017-02-18_3015,2017-02-18,3015,全漢,twse,24.55,24.60,24.20,24.55,246962,6042662,-0.1,,,142,
2017-02-18_3016,2017-02-18,3016,嘉晶,twse,23.40,23.75,23.20,23.35,2664825,62385185,0.35,,,1261,
2017-02-18_3017,2017-02-18,3017,奇鋐,twse,26.65,27.30,26.50,26.90,8157138,220160349,0.25,,,3155,
2017-02-18_3018,2017-02-18,3018,隆銘綠能,twse,20.60,21.10,20.30,20.80,2824751,58481675,1.0,,,1039,
2017-02-18_3019,2017-02-18,3019,亞光,twse,48.00,49.95,47.30,49.95,29262258,1431819325,4.5,,,13608,
2017-02-18_3021,2017-02-18,3021,鴻名,twse,12.80,12.90,12.75,12.90,57699,739546,0.05,,,37,
2017-02-18_3022,2017-02-18,3022,威強電,twse,46.25,47.00,46.10,46.95,658469,30711288,0.7,,,408,
2017-02-18_3023,2017-02-18,3023,信邦,twse,72.30,72.50,71.50,71.50,285399,20556009,-0.5,,,248,
2017-02-18_3024,2017-02-18,3024,憶聲,twse,7.88,8.09,7.88,8.09,1886090,15095645,0.19,,,435,
2017-02-18_3025,2017-02-18,3025,星通,twse,11.40,11.45,11.25,11.30,162023,1841306,0.0,,,77,
2017-02-18_3026,2017-02-18,3026,禾伸堂,twse,33.60,33.60,33.45,33.60,143024,4792540,0.1,,,99,
2017-02-18_3027,2017-02-18,3027,盛達,twse,16.70,17.00,16.70,16.80,1708802,28818526,0.2,,,559,
2017-02-18_3028,2017-02-18,3028,增你強,twse,17.70,17.75,17.60,17.70,228063,4036752,0.0,,,112,
2017-02-18_3029,2017-02-18,3029,零壹,twse,19.30,19.60,19.10,19.30,2391756,46217419,0.3,,,990,
2017-02-18_3030,2017-02-18,3030,德律,twse,38.50,38.60,38.30,38.50,115702,4452475,0.0,,,93,
2017-02-18_3031,2017-02-18,3031,佰鴻,twse,12.85,12.95,12.55,12.90,1671999,21442885,0.1,,,611,
2017-02-18_3032,2017-02-18,3032,偉訓,twse,41.70,42.15,41.60,42.00,277736,11627551,0.3,,,205,
2017-02-18_3033,2017-02-18,3033,威健,twse,17.60,17.60,17.45,17.55,330684,5794967,0.0,,,177,
2017-02-18_3034,2017-02-18,3034,聯詠,twse,117.50,118.50,117.00,117.50,194958,22941554,0.5,,,188,
2017-02-18_3035,2017-02-18,3035,智原,twse,34.40,34.95,33.85,34.95,3371114,116530388,0.75,,,1507,
2017-02-18_3036,2017-02-18,3036,文曄,twse,47.00,47.20,46.55,46.90,1110577,52035878,0.0,,,444,
2017-02-18_3037,2017-02-18,3037,欣興,twse,13.80,13.95,13.70,13.80,4213769,58266834,0.05,,,1312,
2017-02-18_3038,2017-02-18,3038,全台,twse,10.70,10.95,10.65,10.95,1221355,13184436,0.35,,,359,
2017-02-18_3040,2017-02-18,3040,遠見,twse,41.75,42.00,41.60,41.90,143058,5973411,0.2,,,89,
2017-02-18_3041,2017-02-18,3041,揚智,twse,16.75,16.75,16.50,16.60,748742,12439034,0.05,,,326,
2017-02-18_3042,2017-02-18,3042,晶技,twse,46.25,46.25,45.40,45.55,568346,25955395,-0.4,,,307,
2017-02-18_3043,2017-02-18,3043,科風,twse,2.30,2.34,2.18,2.34,93630,209341,0.1,,,37,
2017-02-18_3044,2017-02-18,3044,健鼎,twse,81.90,82.00,81.00,81.50,184347,14985145,0.0,,,115,
2017-02-18_3045,2017-02-18,3045,台灣大,twse,107.00,108.00,106.50,107.50,1492546,160377690,1.0,,,453,
2017-02-18_3046,2017-02-18,3046,建碁,twse,6.12,6.12,6.05,6.10,59583,361898,-0.04,,,28,
2017-02-18_3047,2017-02-18,3047,訊舟,twse,11.05,11.10,11.00,11.05,361377,3991297,0.0,,,143,
2017-02-18_3048,2017-02-18,3048,益登,twse,17.70,17.90,17.70,17.85,999996,17806652,0.2,,,377,
2017-02-18_3049,2017-02-18,3049,精金,twse,12.65,13.85,12.45,13.50,17422503,232138111,0.85,,,5202,
2017-02-18_3050,2017-02-18,3050,鈺德,twse,11.20,11.25,11.05,11.10,954539,10610604,-0.1,,,265,
2017-02-18_3051,2017-02-18,3051,力特,twse,4.42,4.42,4.29,4.40,1252698,5436181,0.03,,,310,
2017-02-18_3052,2017-02-18,3052,夆典,twse,8.27,8.35,8.27,8.30,186160,1548705,0.03,,,72,
2017-02-18_3054,2017-02-18,3054,立萬利,twse,21.40,21.55,21.35,21.45,150015,3222767,0.05,,,64,
2017-02-18_3055,2017-02-18,3055,蔚華科,twse,15.70,15.85,15.70,15.70,481433,7589297,-0.15,,,213,
2017-02-18_3056,2017-02-18,3056,富華新,twse,19.65,19.95,19.55,19.60,1519975,29973560,0.1,,,507,
2017-02-18_3057,2017-02-18,3057,喬鼎,twse,14.55,14.75,14.40,14.50,735241,10682989,-0.05,,,311,
2017-02-18_3058,2017-02-18,3058,立德,twse,10.75,10.75,10.65,10.70,429026,4587264,-0.05,,,145,
2017-02-18_3059,2017-02-18,3059,華晶科,twse,23.75,24.90,23.75,24.60,4870283,118968919,0.85,,,2151,
2017-02-18_3060,2017-02-18,3060,銘異,twse,35.40,35.75,35.15,35.65,947089,33533098,0.5,,,540,
2017-02-18_3062,2017-02-18,3062,建漢,twse,19.95,20.70,19.95,20.10,4757590,96862077,0.3,,,1933,
2017-02-18_3064,2017-02-18,3064,泰偉,tpex,23.60,23.60,23.00,23.10,195000,4515650,,,72105141,110,
2017-02-18_3066,2017-02-18,3066,李洲,tpex,6.17,6.25,6.10,6.19,12000,74300,,,83070612,9,
2017-02-18_3067,2017-02-18,3067,全域,tpex,13.80,13.80,13.80,13.80,1000,13800,0.45,up,29025240,1,
2017-02-18_3068,2017-02-18,3068,美磊,tpex,65.20,65.20,63.00,63.30,436000,27721200,,,85039204,290,
2017-02-18_3071,2017-02-18,3071,協禧,tpex,11.50,11.75,11.30,11.30,1192000,13723950,0.10,,146067876,439,
2017-02-18_3073,2017-02-18,3073,普格,tpex,11.15,11.15,10.85,11.00,37000,403900,0.05,,46463665,25,
2017-02-18_3078,2017-02-18,3078,僑威,tpex,31.05,31.70,31.00,31.05,3986000,124290750,,,227391064,1547,
2017-02-18_3081,2017-02-18,3081,聯亞,tpex,325.50,325.50,316.50,318.00,765000,245017000,,,91257677,690,
2017-02-18_3083,2017-02-18,3083,網龍,tpex,38.50,38.85,38.50,38.80,240000,9292000,0.30,,85704358,169,
2017-02-18_3085,2017-02-18,3085,久大,tpex,21.85,22.50,21.40,22.00,375000,8276300,0.70,,91226713,138,
2017-02-18_3086,2017-02-18,3086,華義,tpex,7.55,8.40,7.55,7.84,35000,277070,,,62921327,13,
2017-02-18_3088,2017-02-18,3088,艾訊,tpex,56.00,56.20,55.80,56.00,181000,10128400,0.00,,79031034,102,
2017-02-18_3089,2017-02-18,3089,遠昇,tpex,18.00,18.70,18.00,18.65,183000,3405100,0.65,,93890463,65,
2017-02-18_3090,2017-02-18,3090,日電貿,twse,25.90,26.10,25.75,25.80,343567,8896434,0.0,,,194,
2017-02-18_3092,2017-02-18,3092,鴻碩,tpex,53.80,54.50,53.10,54.30,3207000,172788300,0.50,,63471690,1793,
2017-02-18_3093,2017-02-18,3093,港建,tpex,32.80,32.80,32.80,32.80,4000,131200,,flat,36288894,2,
2017-02-18_3094,2017-02-18,3094,聯傑,twse,23.00,23.50,22.70,23.50,1053357,24389346,0.55,,,480,
2017-02-18_3095,2017-02-18,3095,及成,tpex,2.89,2.89,2.76,2.88,140000,402340,,,109276321,28,
2017-02-18_3105,2017-02-18,3105,穩懋,tpex,132.00,141.00,132.00,138.00,8972000,1230285500,8.00,,407666384,5687,
2017-02-18_3114,2017-02-18,3114,好德,tpex,12.20,12.30,12.15,12.30,93000,1138900,0.10,,50013691,40,
2017-02-18_3115,2017-02-18,3115,寶島極,tpex,12.70,12.80,12.70,12.80,19000,241500,,,43697600,15,
2017-02-18_3118,2017-02-18,3118,進階,tpex,32.80,32.80,32.30,32.65,44000,1426650,0.10,,32452860,23,
2017-02-18_3122,2017-02-18,3122,笙泉,tpex,15.85,15.90,15.80,15.80,74000,1173350,,,39299934,42,
2017-02-18_3128,2017-02-18,3128,昇銳,tpex,13.30,13.50,13.00,13.00,376000,4961050,,,42000000,151,
2017-02-18_3130,2017-02-18,3130,一零四,twse,141.00,141.50,140.50,140.50,6000,846500,-0.5,,,6,
2017-02-18_3131,2017-02-18,3131,弘塑,tpex,173.00,174.50,172.00,173.50,90000,15609000,1.50,,24683843,79,
2017-02-18_3141,2017-02-18,3141,晶宏,tpex,39.45,40.45,39.40,39.50,3875000,154716150,0.85,,63276728,2079,
2017-02-18_3144,2017-02-18,3144,新揚科,tpex,19.15,19.35,18.90,19.00,805000,15408800,,,100637750,411,
2017-02-18_3149,2017-02-18,3149,正達,twse,21.50,22.20,21.40,22.00,1070035,23449451,0.7,,,634,
2017-02-18_3152,2017-02-18,3152,璟德,tpex,278.00,280.50,277.00,278.00,209000,58305500,,,69016200,171,
2017-02-18_3162,2017-02-18,3162,精確,tpex,6.09,6.10,6.09,6.09,39000,237830,0.01,,56531342,12,
2017-02-18_3163,2017-02-18,3163,波若威,tpex,53.40,54.40,53.00,53.80,1671000,89923700,0.40,,74426481,883,
2017-02-18_3164,2017-02-18,3164,景岳,twse,25.00,25.15,24.70,24.80,211100,5244006,0.0,,,181,
2017-02-18_3167,2017-02-18,3167,大量,twse,31.80,32.45,31.80,32.05,388389,12501248,0.35,,,202,
2017-02-18_3169,2017-02-18,3169,亞信,tpex,23.45,24.30,23.45,23.90,363000,8682100,0.20,,52550650,169,
2017-02-18_3171,2017-02-18,3171,新洲,tpex,18.60,18.65,18.50,18.50,46000,852950,,,59203515,21,
2017-02-18_3176,2017-02-18,3176,基亞,tpex,76.00,77.10,75.60,75.80,997000,76052500,,,138685505,722,
2017-02-18_3188,2017-02-18,3188,鑫龍騰,tpex,18.30,18.90,18.30,18.45,238000,4413600,0.20,,106295120,120,
2017-02-18_3189,2017-02-18,3189,景碩,twse,82.70,83.20,82.10,82.50,1983346,163474243,0.4,,,1240,
2017-02-18_3191,2017-02-18,3191,和進,tpex,14.45,14.45,13.55,13.60,216000,2989050,,,54694761,120,
2017-02-18_3202,2017-02-18,3202,樺晟,tpex,12.50,12.50,12.30,12.50,368000,4575850,0.15,,96687192,83,
2017-02-18_3205,2017-02-18,3205,佰研,tpex,138.50,142.00,135.50,135.50,3047000,423510000,,,32771430,2501,
2017-02-18_3206,2017-02-18,3206,志豐,tpex,24.65,24.85,24.55,24.80,264000,6523900,0.20,,44924482,142,
2017-02-18_3207,2017-02-18,3207,耀勝,tpex,11.50,11.60,11.20,11.40,49000,557400,0.00,,38259225,32,
2017-02-18_3209,2017-02-18,3209,全科,twse,25.95,26.00,25.90,26.00,124543,3230628,0.05,,,79,
2017-02-18_3211,2017-02-18,3211,順達,tpex,39.05,39.40,38.85,39.40,385000,15058100,0.55,,151968521,264,
2017-02-18_3213,2017-02-18,3213,茂訊,tpex,43.85,46.40,43.85,45.75,808000,36539350,2.65,,58685547,517,
2017-02-18_3217,2017-02-18,3217,優群,tpex,26.60,26.80,26.30,26.50,466000,12327550,,,82104203,263,
2017-02-18_3218,2017-02-18,3218,大學光,tpex,23.10,23.60,23.10,23.45,525000,12284750,0.35,,66123000,205,
2017-02-18_3219,2017-02-18,3219,倚強,tpex,18.50,18.50,18.50,18.50,3000,55500,0.00,down,23300417,2,
2017-02-18_3221,2017-02-18,3221,台嘉碩,tpex,24.45,24.60,24.25,24.50,238000,5828000,0.30,,96358810,129,
2017-02-18_3224,2017-02-18,3224,三顧,tpex,49.00,52.90,47.90,52.90,4311000,219456400,4.80,,40000000,2264,
2017-02-18_3226,2017-02-18,3226,至寶電,tpex,64.10,64.40,63.60,64.10,7000,447600,0.00,,64430573,7,
2017-02-18_3227,2017-02-18,3227,原相,tpex,80.50,82.00,80.00,80.60,1840000,149343800,0.80,,133091901,1341,
2017-02-18_3228,2017-02-18,3228,金麗科,tpex,15.60,15.60,15.50,15.50,32000,496900,,,62792705,24,
2017-02-18_3229,2017-02-18,3229,晟鈦,twse,10.75,10.75,10.45,10.45,208101,2196515,-0.3,,,100,
2017-02-18_3230,2017-02-18,3230,錦明,tpex,6.11,6.14,6.09,6.14,85000,519340,0.01,,107746524,20,
2017-02-18_3231,2017-02-18,3231,緯創,twse,26.00,26.30,25.95,26.20,6953397,181952735,0.3,,,2122,
2017-02-18_3232,2017-02-18,3232,昱捷,tpex,21.00,21.00,20.50,20.80,48000,992850,,,31567865,35,
2017-02-18_3234,2017-02-18,3234,光環,tpex,59.30,60.50,58.70,60.40,2264000,135119200,1.10,,72609662,1429,
2017-02-18_3236,2017-02-18,3236,千如,tpex,26.60,26.60,25.80,26.60,2985000,78123800,0.60,,63096487,1374,
2017-02-18_3252,2017-02-18,3252,海灣,tpex,28.00,28.20,27.75,28.00,550000,15386850,0.50,,28093079,158,
2017-02-18_3257,2017-02-18,3257,虹冠電,twse,38.75,39.70,38.75,39.50,175545,6888905,0.1,,,160,
2017-02-18_3259,2017-02-18,3259,鑫創,tpex,17.95,18.00,17.70,17.90,124000,2211450,,,80859553,73,
2017-02-18_3260,2017-02-18,3260,威剛,tpex,53.80,54.00,53.30,53.40,1825000,97725900,,,229973374,876,
2017-02-18_3264,2017-02-18,3264,欣銓,tpex,25.70,26.20,25.70,25.80,3209000,83525750,0.10,,485575311,1420,
2017-02-18_3265,2017-02-18,3265,台星科,tpex,28.00,29.00,27.80,28.95,1449000,41404200,0.65,,136261659,618,
2017-02-18_3266,2017-02-18,3266,昇陽,twse,11.75,11.75,11.65,11.70,11000,128650,-0.05,,,9,
2017-02-18_3268,2017-02-18,3268,海德威,tpex,13.80,13.85,13.70,13.70,50000,687950,,,33426272,26,
2017-02-18_3272,2017-02-18,3272,東碩,tpex,51.00,51.20,50.20,50.20,304000,15404600,,,52264966,213,
2017-02-18_3276,2017-02-18,3276,宇環,tpex,13.10,13.10,12.85,12.95,109000,1411400,,,69712666,46,
2017-02-18_3284,2017-02-18,3284,太普高,tpex,21.95,21.95,21.65,21.80,100000,2182450,0.25,,55937790,57,
2017-02-18_3285,2017-02-18,3285,微端,tpex,21.00,21.10,20.80,21.00,100000,2094550,0.00,,44109324,65,
2017-02-18_3287,2017-02-18,3287,廣寰科,tpex,7.19,7.30,7.03,7.30,18000,129350,0.10,,43970483,13,
2017-02-18_3289,2017-02-18,3289,宜特,tpex,109.00,109.50,106.50,107.50,1077000,116155500,0.50,,62378312,474,
2017-02-18_3290,2017-02-18,3290,東浦,tpex,16.65,16.85,16.60,16.65,245000,4085850,0.00,,99548926,95,
2017-02-18_3293,2017-02-18,3293,鈊象,tpex,210.00,212.50,207.00,209.00,797000,167326500,0.00,,69666890,649,
2017-02-18_3294,2017-02-18,3294,英濟,tpex,16.75,16.75,16.55,16.60,71000,1177000,0.00,,130234419,31,
2017-02-18_3296,2017-02-18,3296,勝德,twse,18.00,18.50,17.80,18.50,832013,15091039,0.5,,,296,
2017-02-18_3297,2017-02-18,3297,杭特,tpex,17.05,17.40,17.00,17.30,42000,725250,0.25,,36555245,35,
2017-02-18_3299,2017-02-18,3299,帛漢,tpex,58.10,59.20,57.80,58.80,2070000,121401900,1.20,,60781728,1388,
2017-02-18_3303,2017-02-18,3303,岱稜,tpex,19.90,19.95,19.80,19.95,142000,2821850,0.05,,97361607,52,
2017-02-18_3305,2017-02-18,3305,昇貿,twse,32.65,33.10,32.60,32.85,409648,13441195,0.2,,,197,
2017-02-18_3306,2017-02-18,3306,鼎天,tpex,27.20,27.55,26.70,27.00,1183000,32100450,,,50607702,694,
2017-02-18_3308,2017-02-18,3308,聯德,twse,8.00,8.18,8.00,8.07,39348,318084,0.08,,,21,
2017-02-18_3310,2017-02-18,3310,佳穎,tpex,28.75,29.00,28.05,28.65,1220000,34784500,,,83768782,637,
2017-02-18_3311,2017-02-18,3311,閎暉,twse,17.80,17.90,17.70,17.90,395722,7048601,0.15,,,246,
2017-02-18_3312,2017-02-18,3312,弘憶股,twse,7.29,7.34,7.14,7.16,666864,4792818,-0.13,,,250,
2017-02-18_3313,2017-02-18,3313,斐成,tpex,34.60,37.40,34.30,36.65,3971000,142977700,1.75,,83770776,2371,
2017-02-18_3315,2017-02-18,3315,宣昶,twse,17.75,17.90,17.70,17.70,63016,1117973,-0.05,,,42,
2017-02-18_3317,2017-02-18,3317,尼克森,tpex,14.85,15.00,14.85,14.95,82000,1222250,0.00,,61251550,19,
2017-02-18_3321,2017-02-18,3321,同泰,twse,15.10,15.30,15.10,15.20,16000,243650,0.1,,,10,
2017-02-18_3322,2017-02-18,3322,建舜電,tpex,8.51,8.51,8.36,8.46,102000,857080,,,86415616,37,
2017-02-18_3323,2017-02-18,3323,加百裕,tpex,18.35,18.45,18.25,18.45,141000,2585450,0.10,,86799914,53,
2017-02-18_3324,2017-02-18,3324,雙鴻,tpex,100.50,100.50,98.70,98.70,1195000,118736300,,,79138113,848,
2017-02-18_3325,2017-02-18,3325,旭品,tpex,24.40,24.40,23.75,23.75,277000,6650300,,,77134579,139,
2017-02-18_3332,2017-02-18,3332,幸康,tpex,35.50,35.95,35.50,35.95,12000,429050,0.45,,48104246,11,
2017-02-18_3338,2017-02-18,3338,泰碩,twse,33.00,33.90,33.00,33.00,1143204,38172932,0.0,,,583,
2017-02-18_3339,2017-02-18,3339,泰谷,tpex,5.21,5.25,5.21,5.25,4000,20880,,,96181442,3,
2017-02-18_3346,2017-02-18,3346,麗清,twse,90.00,90.50,86.80,87.70,1840500,162404100,-3.3,,,1394,
2017-02-18_3354,2017-02-18,3354,律勝,tpex,9.19,9.19,9.08,9.17,38000,346380,,,70112426,18,
2017-02-18_3356,2017-02-18,3356,奇偶,twse,43.10,44.00,42.95,43.90,335142,14603314,0.95,,,289,
2017-02-18_3360,2017-02-18,3360,尚立,tpex,21.75,21.95,21.30,21.50,2065000,44588450,,,75456054,1027,
2017-02-18_3362,2017-02-18,3362,先進光,tpex,24.35,25.00,24.15,24.70,764000,18756900,0.65,,93378000,429,
2017-02-18_3363,2017-02-18,3363,上詮,tpex,29.70,30.30,29.65,30.10,276000,8296650,0.40,,77494145,108,
2017-02-18_3372,2017-02-18,3372,典範,tpex,7.49,7.50,7.48,7.49,174000,1303760,0.00,,408027900,48,
2017-02-18_3373,2017-02-18,3373,熱映,tpex,21.80,21.80,21.25,21.30,388000,8339950,,,43289801,297,
2017-02-18_3374,2017-02-18,3374,精材,tpex,42.00,45.50,41.40,45.00,21085000,916154500,3.30,,269853406,9995,
2017-02-18_3376,2017-02-18,3376,新日興,twse,87.50,87.50,86.70,87.00,617102,53675883,-0.5,,,420,
2017-02-18_3379,2017-02-18,3379,彬台,tpex,10.65,10.80,10.60,10.80,38000,405150,0.15,,38041748,21,
2017-02-18_3380,2017-02-18,3380,明泰,twse,21.70,22.20,21.50,21.70,4743477,103569466,0.0,,,2090,
2017-02-18_3383,2017-02-18,3383,新世紀,twse,3.53,3.59,3.50,3.59,226899,806033,0.0,,,49,
2017-02-18_3388,2017-02-18,3388,崇越電,tpex,63.00,63.30,62.90,63.30,60000,3778900,0.30,,64106000,36,
2017-02-18_3390,2017-02-18,3390,旭軟,tpex,17.80,17.80,17.65,17.80,156000,2762250,0.15,,65845059,76,
2017-02-18_3402,2017-02-18,3402,漢科,tpex,24.95,25.60,24.95,25.55,1277000,32373950,0.70,,73047692,566,
2017-02-18_3406,2017-02-18,3406,玉晶光,twse,246.00,259.00,241.00,259.00,16871685,4236743415,23.5,,,11842,
2017-02-18_3413,2017-02-18,3413,京鼎,twse,98.70,102.00,97.50,98.80,3791127,378092600,0.0,,,2695,
2017-02-18_3416,2017-02-18,3416,融程電,twse,53.40,53.60,53.20,53.20,47903,2554648,0.0,,,26,
2017-02-18_3419,2017-02-18,3419,譁裕,twse,17.90,18.25,17.80,17.80,604863,10888157,-0.15,,,259,
2017-02-18_3426,2017-02-18,3426,台興,tpex,61.20,65.40,60.70,63.00,491000,30831700,0.80,,22000000,383,
2017-02-18_3428,2017-02-18,3428,光燿科,tpex,56.70,59.60,56.40,59.00,4870000,285030700,2.70,,96232000,2990,
2017-02-18_3431,2017-02-18,3431,長天,tpex,6.02,6.26,5.82,6.15,45000,274430,,,35458704,25,
2017-02-18_3432,2017-02-18,3432,台端,twse,11.60,11.60,11.55,11.60,21032,243268,0.05,,,13,
2017-02-18_3434,2017-02-18,3434,哲固,tpex,13.50,13.85,13.50,13.85,9000,122300,0.45,,22700000,5,
2017-02-18_3437,2017-02-18,3437,榮創,twse,25.25,25.75,25.00,25.20,2434350,61613084,0.45,,,1197,
2017-02-18_3438,2017-02-18,3438,類比科,tpex,19.20,19.40,19.10,19.10,141000,2698100,,,67379735,70,
2017-02-18_3441,2017-02-18,3441,聯一光,tpex,18.70,18.80,18.00,18.15,725000,13259700,,,40039920,370,
2017-02-18_3443,2017-02-18,3443,創意,twse,92.20,93.40,92.20,92.70,493840,45658458,0.6,,,356,
2017-02-18_3444,2017-02-18,3444,利機,tpex,19.85,20.25,19.80,20.00,186000,3706650,0.30,,39114586,89,
2017-02-18_3450,2017-02-18,3450,聯鈞,twse,158.50,159.50,154.50,154.50,4456921,698691834,-1.5,,,2984,
2017-02-18_3452,2017-02-18,3452,益通,tpex,10.20,10.30,10.00,10.10,984000,9945200,0.00,,779449742,301,
2017-02-18_3454,2017-02-18,3454,晶睿,twse,82.90,83.10,82.40,82.50,151484,12541313,-0.3,,,147,
2017-02-18_3455,2017-02-18,3455,由田,tpex,46.80,47.00,46.60,46.85,806000,37702850,,,61398750,485,
2017-02-18_3465,2017-02-18,3465,祥業,tpex,15.00,15.10,15.00,15.05,22000,330850,,,13160335,12,
2017-02-18_3466,2017-02-18,3466,致振,tpex,19.80,19.80,19.25,19.50,39000,756450,0.10,,60887573,20,
2017-02-18_3479,2017-02-18,3479,安勤,tpex,59.80,61.10,59.50,60.60,1371000,82993000,1.00,,69303164,928,
2017-02-18_3481,2017-02-18,3481,群創,twse,12.40,12.50,12.35,12.35,17719891,219650002,-0.05,,,2570,
2017-02-18_3483,2017-02-18,3483,力致,tpex,27.20,27.65,26.90,27.45,530000,14498550,0.45,,48960000,275,
2017-02-18_3484,2017-02-18,3484,崧騰,tpex,41.40,42.20,41.40,42.05,773000,32387900,0.85,,65391622,565,
2017-02-18_3489,2017-02-18,3489,森寶,tpex,10.10,10.25,9.99,9.99,57000,572650,,,83130670,39,
2017-02-18_3490,2017-02-18,3490,單井,tpex,40.15,40.60,40.10,40.20,549000,22105850,0.10,,67215594,348,
2017-02-18_3491,2017-02-18,3491,昇達科,tpex,77.30,77.40,75.70,76.00,476000,36376900,,,51581241,312,
2017-02-18_3492,2017-02-18,3492,長盛,tpex,31.90,32.15,31.45,31.60,227000,7204300,0.15,,35531600,135,
2017-02-18_3494,2017-02-18,3494,誠研,twse,11.90,12.30,11.75,11.90,1358117,16380858,0.0,,,456,
2017-02-18_3498,2017-02-18,3498,陽程,tpex,56.00,60.90,55.10,60.90,7438000,435664800,5.50,,91640285,4282,
2017-02-18_3499,2017-02-18,3499,環天科,tpex,17.40,17.40,16.70,16.90,712000,12058600,,,54970596,413,
2017-02-18_3501,2017-02-18,3501,維熹,twse,51.60,51.80,51.30,51.70,90140,4647007,0.3,,,74,
2017-02-18_3504,2017-02-18,3504,揚明光,twse,27.65,28.90,27.60,28.70,735100,21031255,1.25,,,479,
2017-02-18_3508,2017-02-18,3508,位速,tpex,16.55,16.60,16.40,16.45,264000,4352100,,,92837737,122,
2017-02-18_3511,2017-02-18,3511,矽瑪,tpex,19.40,19.75,19.10,19.10,149000,2889150,,,38972945,91,
2017-02-18_3512,2017-02-18,3512,能緹,tpex,29.30,29.70,29.20,29.50,48000,1413100,0.30,,59000000,22,
2017-02-18_3514,2017-02-18,3514,昱晶,twse,18.95,19.30,18.95,19.05,6350490,121393239,0.2,,,2176,
2017-02-18_3515,2017-02-18,3515,華擎,twse,40.30,40.70,40.25,40.70,87102,3518431,0.4,,,67,
2017-02-18_3516,2017-02-18,3516,亞帝歐,tpex,9.90,9.90,9.59,9.70,137000,1323240,,,69083650,54,
2017-02-18_3518,2017-02-18,3518,柏騰,twse,23.50,24.50,23.25,24.50,161121,3871295,0.85,,,125,
2017-02-18_3519,2017-02-18,3519,綠能,twse,18.35,18.65,18.30,18.60,3977482,73505754,0.45,,,1356,
2017-02-18_3520,2017-02-18,3520,振維,tpex,118.00,120.00,118.00,120.00,159000,18978000,1.50,,64032517,132,
2017-02-18_3521,2017-02-18,3521,鴻翊,tpex,9.78,9.78,9.70,9.70,37000,360020,,,46730575,28,
2017-02-18_3522,2017-02-18,3522,宏森,tpex,43.65,47.95,43.40,46.00,1243000,57390900,2.00,,64950000,751,
2017-02-18_3523,2017-02-18,3523,迎輝,tpex,13.55,13.85,13.55,13.75,59000,805800,0.20,,96099560,38,
2017-02-18_3526,2017-02-18,3526,凡甲,tpex,72.20,72.40,71.40,72.40,673000,48454600,0.50,,65837193,460,
2017-02-18_3527,2017-02-18,3527,聚積,tpex,72.80,73.00,71.80,72.40,134000,9673300,,,33156398,96,
2017-02-18_3528,2017-02-18,3528,安馳,twse,30.50,30.60,30.30,30.50,102743,3131060,0.2,,,60,
2017-02-18_3529,2017-02-18,3529,力旺,tpex,433.00,434.50,429.00,434.50,128000,55345000,2.50,,75782242,122,
2017-02-18_3531,2017-02-18,3531,先益,tpex,21.00,21.00,20.50,20.70,53000,1100950,,,61175011,36,
2017-02-18_3532,2017-02-18,3532,台勝科,twse,111.50,118.50,111.50,118.50,4411761,511403170,10.5,,,3264,
2017-02-18_3533,2017-02-18,3533,嘉澤,twse,108.00,108.50,107.00,107.00,938100,100950300,-0.5,,,613,
2017-02-18_3535,2017-02-18,3535,晶彩科,twse,16.85,16.90,16.65,16.90,714393,11972224,0.1,,,348,
2017-02-18_3536,2017-02-18,3536,誠創,twse,20.75,20.75,20.30,20.65,707949,14504050,0.0,,,262,
2017-02-18_3537,2017-02-18,3537,堡達,tpex,21.90,22.15,21.75,21.90,65000,1428500,0.00,,48695220,33,
2017-02-18_3540,2017-02-18,3540,曜越,tpex,22.50,22.75,22.20,22.25,1295000,29038900,0.00,,66613044,585,
2017-02-18_3541,2017-02-18,3541,西柏,tpex,134.50,136.50,134.50,135.50,128000,17342500,2.00,,44829170,115,
2017-02-18_3545,2017-02-18,3545,敦泰,twse,40.20,42.80,40.20,42.20,16700968,695621156,2.5,,,8399,
2017-02-18_3546,2017-02-18,3546,宇峻,tpex,81.30,82.30,80.90,81.20,525000,42787100,0.30,,34243004,396,
2017-02-18_3548,2017-02-18,3548,兆利,tpex,67.00,67.90,66.40,67.20,1437000,96623700,0.70,,60551398,848,
2017-02-18_3550,2017-02-18,3550,聯穎,twse,16.60,16.75,16.55,16.75,113007,1879817,0.15,,,36,
2017-02-18_3551,2017-02-18,3551,世禾,tpex,31.70,32.10,31.70,31.95,30000,956250,0.20,,56774890,20,
2017-02-18_3552,2017-02-18,3552,同致,tpex,335.00,340.00,333.00,337.50,952000,321252500,7.00,,85017949,821,
2017-02-18_3553,2017-02-18,3553,力積,tpex,14.20,14.20,14.10,14.20,115000,1623950,0.10,,67953344,32,
2017-02-18_3555,2017-02-18,3555,重鳥鵬,tpex,67.50,70.00,66.90,69.80,44000,3014100,2.40,,35550000,43,
2017-02-18_3556,2017-02-18,3556,禾瑞亞,tpex,50.40,51.80,50.40,51.80,679000,34772200,1.40,,57181418,428,
2017-02-18_3557,2017-02-18,3557,嘉威,twse,5.85,5.93,5.85,5.93,52549,308348,0.08,,,92,
2017-02-18_3558,2017-02-18,3558,神準,tpex,169.50,170.00,167.00,169.50,242000,40868000,1.00,,49060881,197,
2017-02-18_3559,2017-02-18,3559,全智科,twse,23.50,23.55,23.50,23.55,59644,1401825,0.05,,,57,
2017-02-18_3561,2017-02-18,3561,昇陽光電,twse,14.90,15.15,14.80,15.10,2573885,38578375,0.4,,,1030,
2017-02-18_3563,2017-02-18,3563,牧德,tpex,79.00,79.80,78.00,79.20,1162000,91678400,,,42608234,846,
2017-02-18_3564,2017-02-18,3564,其陽,tpex,45.15,45.20,44.90,45.15,24000,1080800,0.00,,20481000,15,
2017-02-18_3567,2017-02-18,3567,逸昌,tpex,27.00,27.40,26.95,27.05,340000,9245900,0.35,,35581000,178,
2017-02-18_3570,2017-02-18,3570,大塚,tpex,49.30,50.30,48.00,49.60,137000,6726850,0.30,,17097000,105,
2017-02-18_3576,2017-02-18,3576,聯合再生,twse,15.50,15.75,15.50,15.70,4063859,63592642,0.3,,,1389,
2017-02-18_3577,2017-02-18,3577,泓格,tpex,35.60,35.60,35.40,35.40,12000,425300,0.00,,43689403,12,
2017-02-18_3579,2017-02-18,3579,尚志,twse,14.20,14.30,13.85,13.85,423955,5949226,0.0,,,208,
2017-02-18_3580,2017-02-18,3580,友威科,tpex,33.70,33.80,33.10,33.40,806000,26862250,,,62046657,432,
2017-02-18_3581,2017-02-18,3581,博磊,tpex,16.15,16.20,16.00,16.10,60000,964700,,,51776000,26,
2017-02-18_3583,2017-02-18,3583,辛耘,twse,58.50,58.60,57.80,58.50,47391,2763908,0.5,,,41,
2017-02-18_3587,2017-02-18,3587,閎康,tpex,110.50,112.00,109.50,111.50,421000,46648000,1.00,,53313157,337,
2017-02-18_3588,2017-02-18,3588,通嘉,twse,35.55,35.80,35.05,35.40,313137,11069824,-0.1,,,225,
2017-02-18_3591,2017-02-18,3591,艾笛森,twse,20.10,20.40,19.85,20.15,3689806,74051041,-0.25,,,1494,
2017-02-18_3593,2017-02-18,3593,力銘,twse,8.55,8.65,8.48,8.60,123058,1048365,0.0,,,80,
2017-02-18_3594,2017-02-18,3594,磐儀,tpex,22.90,22.95,22.80,22.85,97000,2217500,,,57780700,62,
2017-02-18_3596,2017-02-18,3596,智易,twse,63.50,63.80,63.20,63.50,1947792,123599831,0.3,,,1156,
2017-02-18_3605,2017-02-18,3605,宏致,twse,25.45,26.95,25.45,26.85,5535200,146405574,1.45,,,2470,
2017-02-18_3607,2017-02-18,3607,谷崧,twse,32.10,32.10,31.90,32.00,32044,1025346,-0.05,,,63,
2017-02-18_3609,2017-02-18,3609,東林,tpex,15.70,15.80,15.70,15.80,3000,47250,0.25,,30339387,3,
2017-02-18_3611,2017-02-18,3611,鼎翰,tpex,251.00,252.50,250.00,251.00,88000,22099500,0.00,,38555400,79,
2017-02-18_3615,2017-02-18,3615,安可,tpex,28.10,30.50,28.10,29.50,12481000,368325000,1.75,,70584512,6137,
2017-02-18_3617,2017-02-18,3617,碩天,twse,101.00,102.00,100.50,101.50,86129,8719093,1.0,,,76,
2017-02-18_3622,2017-02-18,3622,洋華,twse,14.05,14.20,13.90,13.90,911142,12756844,0.0,,,391,
2017-02-18_3623,2017-02-18,3623,富晶通,tpex,48.80,49.50,48.80,49.50,68000,3341150,0.70,,36277250,52,
2017-02-18_3624,2017-02-18,3624,光頡,tpex,21.70,21.75,21.45,21.70,183000,3941100,0.15,,117340842,67,
2017-02-18_3625,2017-02-18,3625,西勝,tpex,26.50,27.45,26.15,27.15,6309000,168447100,1.30,,61699616,2753,
2017-02-18_3628,2017-02-18,3628,盈正,tpex,42.50,42.90,42.50,42.70,18000,768950,0.20,,45000000,16,
2017-02-18_3629,2017-02-18,3629,群富通,tpex,29.20,31.80,28.00,28.60,49000,1452000,,,19521000,31,
2017-02-18_3630,2017-02-18,3630,新鉅科,tpex,21.55,22.20,21.55,22.20,1202000,26456900,0.65,,101348960,581,
2017-02-18_3631,2017-02-18,3631,晟楠,tpex,25.50,26.30,25.45,26.30,26000,672650,0.90,,79920909,19,
2017-02-18_3632,2017-02-18,3632,研勤,tpex,17.90,18.05,17.85,17.90,88000,1577600,0.00,,30807738,51,
2017-02-18_3642,2017-02-18,3642,駿熠電,tpex,24.10,24.60,24.10,24.30,23000,561500,0.15,,30368642,11,
2017-02-18_3645,2017-02-18,3645,達邁,twse,39.90,42.65,39.75,42.25,3817246,159193427,2.75,,,1914,
2017-02-18_3646,2017-02-18,3646,艾恩特,tpex,24.10,24.10,23.30,23.40,286000,6746900,,,38628371,163,
2017-02-18_3652,2017-02-18,3652,精聯,tpex,25.75,25.75,25.30,25.30,72000,1843950,,,47042000,55,
2017-02-18_3653,2017-02-18,3653,健策,twse,58.70,59.00,57.50,58.00,478153,27806689,-0.7,,,302,
2017-02-18_3661,2017-02-18,3661,世芯-KY,twse,38.50,41.15,38.50,39.50,3992241,160378028,1.5,,,2111,
2017-02-18_3663,2017-02-18,3663,鑫科,tpex,18.80,18.80,18.65,18.80,37000,694150,0.25,,73498057,31,
2017-02-18_3664,2017-02-18,3664,安瑞-KY,tpex,17.70,17.70,17.10,17.15,85000,1467250,,,74734539,58,
2017-02-18_3665,2017-02-18,3665,貿聯-KY,twse,180.00,186.00,179.00,184.00,2262231,416198504,6.5,,,1604,
2017-02-18_3666,2017-02-18,3666,光耀,tpex,23.40,23.45,23.20,23.40,128000,2986550,0.05,,48299600,58,
2017-02-18_3669,2017-02-18,3669,圓展,twse,23.15,23.25,22.80,23.25,251465,5786791,0.5,,,136,
2017-02-18_3672,2017-02-18,3672,康聯訊,tpex,32.50,33.00,32.00,33.00,215000,6972200,0.50,,31171691,113,
2017-02-18_3673,2017-02-18,3673,TPK-KY,twse,80.20,82.50,78.20,81.50,13315272,1074019204,0.9,,,7882,
2017-02-18_3675,2017-02-18,3675,德微,tpex,37.50,37.80,37.15,37.80,247000,9250450,0.30,,44428250,169,
2017-02-18_3679,2017-02-18,3679,新至陞,twse,73.50,75.80,73.50,74.50,271033,20294165,1.4,,,219,
2017-02-18_3680,2017-02-18,3680,家登,tpex,32.85,33.30,32.85,33.30,166000,5479700,0.45,,65960582,95,
2017-02-18_3682,2017-02-18,3682,亞太電,twse,10.35,10.50,10.35,10.40,4027800,41913201,0.05,,,868,
2017-02-18_3684,2017-02-18,3684,榮昌,tpex,33.60,33.80,33.60,33.80,6000,202350,0.25,,24609736,5,
2017-02-18_3685,2017-02-18,3685,元創精密,tpex,53.80,53.90,53.60,53.80,50000,2689700,0.00,,80000000,32,
2017-02-18_3686,2017-02-18,3686,達能,twse,8.08,8.30,8.02,8.22,5008552,41140923,0.2,,,1520,
2017-02-18_3687,2017-02-18,3687,歐買尬,tpex,43.00,44.70,42.55,43.80,169000,7363500,1.50,,30059572,140,
2017-02-18_3689,2017-02-18,3689,湧德,tpex,36.20,36.20,35.90,36.00,421000,15164100,0.00,,69675807,238,
2017-02-18_3691,2017-02-18,3691,碩禾,tpex,366.00,376.00,366.00,373.00,1380000,513397000,11.50,,60989036,1219,
2017-02-18_3693,2017-02-18,3693,營邦,tpex,64.20,65.40,64.10,65.40,33000,2137400,0.60,,38535694,26,
2017-02-18_3694,2017-02-18,3694,海華,twse,15.45,15.75,15.45,15.75,2239090,35077313,0.35,,,539,
2017-02-18_3698,2017-02-18,3698,隆達,twse,15.30,15.50,15.05,15.10,4362020,66707099,-0.1,,,1114,
2017-02-18_3701,2017-02-18,3701,大眾控,twse,6.03,6.05,6.03,6.05,7603,45940,-0.06,,,29,
2017-02-18_3702,2017-02-18,3702,大聯大,twse,39.10,39.25,39.00,39.10,1230702,48153978,0.0,,,666,
2017-02-18_3703,2017-02-18,3703,欣陸,twse,10.90,10.90,10.85,10.90,258000,2804198,0.05,,,66,
2017-02-18_3704,2017-02-18,3704,合勤控,twse,17.10,17.40,16.70,17.40,2729428,46757892,0.25,,,967,
2017-02-18_3705,2017-02-18,3705,永信,twse,46.60,46.90,46.60,46.80,188750,8819912,0.2,,,127,
2017-02-18_3706,2017-02-18,3706,神達,twse,33.00,33.60,33.00,33.55,2910203,97129272,0.2,,,1456,
2017-02-18_3707,2017-02-18,3707,漢磊,tpex,11.00,11.35,11.00,11.10,1477000,16520100,0.15,,168670154,369,
2017-02-18_3708,2017-02-18,3708,上緯投控,twse,78.00,80.80,77.70,78.80,795370,63290030,0.9,,,543,
2017-02-18_4102,2017-02-18,4102,永日,tpex,18.60,18.90,18.50,18.90,73000,1366850,0.05,,42373443,56,
2017-02-18_4103,2017-02-18,4103,百略,tpex,75.40,75.40,74.40,74.50,12000,896800,0.30,,109996975,12,
2017-02-18_4104,2017-02-18,4104,佳醫,twse,46.75,48.00,46.60,47.80,1186658,56362502,1.05,,,821,
2017-02-18_4105,2017-02-18,4105,東洋,tpex,105.00,109.00,105.00,107.50,5646000,605861500,3.00,,248649959,3558,
2017-02-18_4106,2017-02-18,4106,雃博,twse,33.60,33.80,33.30,33.60,581200,19525808,0.3,,,328,
2017-02-18_4107,2017-02-18,4107,邦特,tpex,116.00,125.00,115.00,123.50,2294000,276941500,8.00,,69298336,1794,
2017-02-18_4108,2017-02-18,4108,懷特,twse,31.90,32.45,31.50,31.85,2780653,89305089,0.15,,,1610,
2017-02-18_4109,2017-02-18,4109,穆拉德加捷,tpex,19.90,20.35,19.85,20.25,481000,9709550,0.40,,78753491,217,
2017-02-18_4111,2017-02-18,4111,濟生,tpex,24.15,24.35,24.10,24.30,213000,5160800,0.20,,56982985,134,
2017-02-18_4113,2017-02-18,4113,聯上,tpex,9.09,9.15,9.07,9.08,49000,445300,,,205764581,24,
2017-02-18_4114,2017-02-18,4114,健喬,tpex,31.90,32.55,31.90,32.00,1058000,34102500,0.10,,166444958,589,
2017-02-18_4116,2017-02-18,4116,明基醫,tpex,45.25,47.50,45.25,46.00,1246000,57880500,0.75,,44320000,822,
2017-02-18_4119,2017-02-18,4119,旭富,twse,78.00,79.50,77.20,78.40,1815611,142413028,0.5,,,1389,
2017-02-18_4120,2017-02-18,4120,友華,tpex,65.00,65.90,64.60,65.10,616000,40199600,0.70,,86747119,433,
2017-02-18_4121,2017-02-18,4121,優盛,tpex,12.50,12.95,12.45,12.55,599000,7598750,0.10,,73316764,302,
2017-02-18_4123,2017-02-18,4123,晟德,tpex,62.80,65.50,62.50,64.90,3753000,243193800,2.30,,291797479,2214,
2017-02-18_4126,2017-02-18,4126,太醫,tpex,83.70,86.10,83.70,85.30,732000,62240000,2.10,,66015216,568,
2017-02-18_4127,2017-02-18,4127,天良,tpex,17.70,17.75,17.55,17.70,113000,1995500,,,45760000,74,
2017-02-18_4128,2017-02-18,4128,中天,tpex,23.10,23.20,23.00,23.00,517000,11930050,,,425342650,265,
2017-02-18_4129,2017-02-18,4129,聯合,tpex,68.40,68.70,67.70,68.40,1490000,101669900,,,71746847,1035,
2017-02-18_4130,2017-02-18,4130,健亞,tpex,43.60,45.20,43.50,43.90,2496000,110769200,0.45,,100806000,1754,
2017-02-18_4131,2017-02-18,4131,晶宇,tpex,9.43,9.43,9.20,9.21,67000,621520,0.01,,38291934,20,
2017-02-18_4133,2017-02-18,4133,亞諾法,twse,38.70,38.85,37.90,38.80,458283,17584299,0.4,,,298,
2017-02-18_4137,2017-02-18,4137,麗豐-KY,twse,161.00,166.50,160.50,161.00,1983938,324177456,2.0,,,1576,
2017-02-18_4138,2017-02-18,4138,曜亞,tpex,56.00,56.40,55.50,55.90,241000,13501000,0.20,,30000000,143,
2017-02-18_4139,2017-02-18,4139,馬光-KY,tpex,31.50,35.25,31.50,35.25,249000,8413350,3.20,,38147670,172,
2017-02-18_4141,2017-02-18,4141,龍燈-KY,twse,35.20,35.95,35.15,35.55,250009,8884717,0.4,,,164,
2017-02-18_4142,2017-02-18,4142,國光生,twse,24.40,24.65,24.25,24.30,854038,20837568,-0.1,,,412,
2017-02-18_4144,2017-02-18,4144,康聯-KY,twse,50.80,51.20,50.60,51.10,110681,5634326,0.3,,,81,
2017-02-18_4147,2017-02-18,4147,中裕,tpex,186.00,195.50,183.50,183.50,4354000,823134500,,,249941750,3666,
2017-02-18_4152,2017-02-18,4152,台微體,tpex,120.00,127.00,120.00,123.00,111000,13761000,3.00,,55730585,100,
2017-02-18_4153,2017-02-18,4153,鈺緯,tpex,39.00,39.70,38.80,39.00,361000,14157200,0.30,,49366574,256,
2017-02-18_4154,2017-02-18,4154,康樂-KY,tpex,23.45,23.50,22.50,23.25,378000,8746200,0.45,,19526000,249,
2017-02-18_4157,2017-02-18,4157,太景*-KY,tpex,27.40,28.15,27.40,27.80,703000,19552000,0.25,,716760425,412,
2017-02-18_4160,2017-02-18,4160,創源,tpex,28.10,28.40,28.05,28.10,90000,2538100,0.00,,24247016,56,
2017-02-18_4161,2017-02-18,4161,聿新科,tpex,57.80,58.80,57.80,58.80,163000,9510900,1.00,,52125806,120,
2017-02-18_4162,2017-02-18,4162,智擎,tpex,208.50,210.50,205.50,206.00,1083000,226070000,,,122459200,914,
2017-02-18_4163,2017-02-18,4163,鐿鈦,tpex,155.50,161.50,155.50,158.00,434000,69138500,2.50,,40238000,387,
2017-02-18_4164,2017-02-18,4164,承業醫,twse,45.00,45.10,44.40,44.45,536964,23979494,0.85,,,429,
2017-02-18_4167,2017-02-18,4167,展旺,tpex,26.70,27.10,26.55,26.60,1348000,36105600,0.00,,246531250,577,
2017-02-18_4168,2017-02-18,4168,醣聯,tpex,33.70,34.50,33.60,34.00,348000,11869250,0.50,,76993456,239,
2017-02-18_4171,2017-02-18,4171,瑞基,tpex,23.30,23.30,22.45,23.30,458000,10662650,2.10,,34340000,255,
2017-02-18_4173,2017-02-18,4173,久裕,tpex,19.10,19.65,19.05,19.25,285000,5498700,0.30,,44574355,175,
2017-02-18_4174,2017-02-18,4174,浩鼎,tpex,336.50,356.00,335.50,337.50,4570000,1573775500,8.50,,171611880,4040,
2017-02-18_4175,2017-02-18,4175,杏一,tpex,80.00,81.00,80.00,80.50,136000,10897900,0.90,,25240000,57,
2017-02-18_4180,2017-02-18,4180,安成藥,tpex,102.00,104.00,102.00,102.50,193000,19902500,0.50,,127369818,157,
2017-02-18_4188,2017-02-18,4188,安克,tpex,30.20,30.20,29.75,29.95,99000,2964800,,,52695000,72,
2017-02-18_4190,2017-02-18,4190,佐登-KY,twse,86.80,93.80,86.30,89.90,2254333,203924628,3.9,,,1664,
2017-02-18_4192,2017-02-18,4192,杏國,tpex,29.10,30.55,29.10,30.00,165000,4963900,0.80,,69867000,121,
2017-02-18_4198,2017-02-18,4198,環瑞醫,tpex,27.80,28.00,27.40,27.50,973000,26900200,,,141800000,659,
2017-02-18_4205,2017-02-18,4205,中華食,tpex,50.00,50.00,49.75,50.00,8000,398850,0.10,,72704362,8,
2017-02-18_4207,2017-02-18,4207,環泰,tpex,11.45,11.50,11.35,11.50,185000,2112300,0.00,,173617169,73,
2017-02-18_4303,2017-02-18,4303,信立,tpex,19.30,19.30,18.30,18.30,40000,745700,,,72821000,27,
2017-02-18_4304,2017-02-18,4304,勝昱,tpex,8.04,8.43,8.04,8.39,20000,164640,,,51333500,12,
2017-02-18_4305,2017-02-18,4305,世坤,tpex,29.85,29.90,29.60,29.90,14000,416350,0.40,,55014000,8,
2017-02-18_4306,2017-02-18,4306,炎洲,twse,12.70,12.75,12.65,12.70,162168,2060795,0.0,,,109,
2017-02-18_4401,2017-02-18,4401,東隆興,tpex,77.90,77.90,77.00,77.00,292000,22554700,,,120286286,232,
2017-02-18_4402,2017-02-18,4402,福大,tpex,4.87,4.91,4.87,4.90,25000,122450,,,45991830,5,
2017-02-18_4406,2017-02-18,4406,新昕纖,tpex,9.75,9.75,9.75,9.75,1000,9750,0.12,up,51912000,1,
2017-02-18_4414,2017-02-18,4414,如興,twse,19.50,19.55,19.15,19.40,504264,9802233,0.35,,,266,
2017-02-18_4415,2017-02-18,4415,台原藥,tpex,6.05,6.10,6.05,6.05,15000,90900,,,83623891,3,
2017-02-18_4416,2017-02-18,4416,三圓,tpex,75.10,75.10,74.80,74.80,7000,525000,,,60015612,6,
2017-02-18_4417,2017-02-18,4417,金洲,tpex,41.45,42.25,41.45,42.15,335000,14016000,0.70,,82334764,199,
2017-02-18_4419,2017-02-18,4419,松懋,tpex,4.10,4.10,3.80,3.80,5000,19300,0.00,,29578917,5,
2017-02-18_4420,2017-02-18,4420,光明,tpex,26.80,26.95,26.50,26.80,55000,1467700,,,40455000,31,
2017-02-18_4426,2017-02-18,4426,利勤,twse,90.50,93.00,90.50,92.20,1967379,181587068,2.2,,,1308,
2017-02-18_4429,2017-02-18,4429,聚紡,tpex,22.80,22.80,22.75,22.75,2000,45550,0.00,,34350000,2,
2017-02-18_4430,2017-02-18,4430,耀億,tpex,25.05,25.20,24.90,25.05,47000,1178300,0.00,,56273609,26,
2017-02-18_4432,2017-02-18,4432,銘旺實,tpex,46.70,47.30,46.60,47.20,46000,2151200,0.60,,50589000,36,
2017-02-18_4433,2017-02-18,4433,興采,tpex,26.90,26.95,26.75,26.90,45000,1211550,0.05,,31560432,11,
2017-02-18_4438,2017-02-18,4438,廣越,twse,151.00,151.00,148.50,148.50,89000,13245500,-2.0,,,81,
2017-02-18_4502,2017-02-18,4502,健信,tpex,37.80,38.50,37.80,38.10,7000,267700,0.40,,42395848,5,
2017-02-18_4503,2017-02-18,4503,金雨,tpex,24.65,25.10,24.40,25.00,98000,2443300,0.50,,30763326,61,
2017-02-18_4506,2017-02-18,4506,崇友,tpex,36.20,36.70,36.20,36.55,61000,2222000,0.25,,196680000,42,
2017-02-18_4510,2017-02-18,4510,高鋒,tpex,18.50,18.50,18.15,18.35,273000,4989300,,,108010689,151,
2017-02-18_4513,2017-02-18,4513,福裕,tpex,9.50,9.50,9.46,9.50,24000,227920,0.10,,76880300,12,
2017-02-18_4523,2017-02-18,4523,永彰,tpex,18.65,18.80,18.60,18.75,132000,2465650,0.15,,64000000,46,
2017-02-18_4526,2017-02-18,4526,東台,twse,22.05,22.15,22.05,22.10,363979,8037934,0.05,,,168,
2017-02-18_4527,2017-02-18,4527,方土霖,tpex,29.15,29.40,29.10,29.40,56000,1634950,0.25,,76152370,33,
2017-02-18_4528,2017-02-18,4528,江興鍛,tpex,47.80,48.20,47.30,47.85,275000,13102300,0.05,,76514268,232,
2017-02-18_4529,2017-02-18,4529,昶洧,tpex,39.55,40.15,38.40,39.30,1503000,58896300,,,80653796,938,
2017-02-18_4530,2017-02-18,4530,宏易,tpex,9.71,10.35,9.60,10.30,574000,5820000,0.70,,46172276,319,
2017-02-18_4532,2017-02-18,4532,瑞智,twse,32.50,32.50,32.30,32.35,1061704,34390870,-0.05,,,452,
2017-02-18_4533,2017-02-18,4533,協易機,tpex,15.10,15.65,15.10,15.20,3445000,53122000,0.20,,160434110,1143,
2017-02-18_4534,2017-02-18,4534,慶騰,tpex,28.15,28.70,28.00,28.00,1195000,33796800,0.05,,81440841,595,
2017-02-18_4535,2017-02-18,4535,至興,tpex,46.00,46.20,45.80,46.05,74000,3403500,0.15,,75661740,50,
2017-02-18_4536,2017-02-18,4536,拓凱,twse,114.00,114.00,113.00,114.00,28000,3172500,0.0,,,23,
2017-02-18_4541,2017-02-18,4541,晟田,tpex,27.50,28.00,27.00,27.25,231000,6337950,,,54143426,131,
2017-02-18_4542,2017-02-18,4542,科嶠,tpex,19.60,19.85,19.50,19.50,18000,353550,0.00,,28285400,12,
2017-02-18_4543,2017-02-18,4543,萬在,tpex,22.80,23.30,22.80,23.00,90000,2078950,0.20,,56720000,59,
2017-02-18_4545,2017-02-18,4545,銘鈺,twse,46.75,46.75,46.00,46.00,36050,1663972,0.1,,,31,
2017-02-18_4549,2017-02-18,4549,桓達,tpex,83.00,83.00,82.00,82.60,24000,1978500,0.60,,38465928,20,
2017-02-18_4550,2017-02-18,4550,長佳,tpex,23.15,23.15,22.75,23.00,32000,733950,0.00,,33944990,16,
2017-02-18_4551,2017-02-18,4551,智伸科,twse,149.50,154.50,148.50,151.50,261100,39735549,2.5,,,167,
2017-02-18_4552,2017-02-18,4552,力達-KY,twse,118.00,120.00,117.00,120.00,816020,96543420,2.0,,,530,
2017-02-18_4554,2017-02-18,4554,橙的,tpex,52.80,52.80,51.50,52.30,32000,1670600,,,21249900,30,
2017-02-18_4555,2017-02-18,4555,氣立,twse,63.00,63.00,61.90,61.90,4000,248700,0.1,,,4,
2017-02-18_4556,2017-02-18,4556,旭然,tpex,37.40,37.40,36.10,36.60,48000,1750050,0.00,,35228000,34,
2017-02-18_4557,2017-02-18,4557,永新-KY,twse,80.30,80.40,79.70,79.70,217025,17352950,-0.6,,,161,
2017-02-18_4609,2017-02-18,4609,唐鋒,tpex,9.75,9.87,9.67,9.67,71000,692010,,,47946820,32,
2017-02-18_4702,2017-02-18,4702,中美實,tpex,8.30,8.41,8.25,8.32,152000,1263660,0.20,,225000000,70,
2017-02-18_4706,2017-02-18,4706,大恭,tpex,23.00,23.05,22.95,22.95,57000,1310050,0.00,,79030093,40,
2017-02-18_4707,2017-02-18,4707,磐亞,tpex,10.50,10.60,10.45,10.45,786000,8253850,0.05,,225608966,294,
2017-02-18_4711,2017-02-18,4711,永純,tpex,21.50,21.85,21.45,21.70,203000,4388150,0.25,,61056000,104,
2017-02-18_4712,2017-02-18,4712,南璋,tpex,16.75,16.95,16.75,16.90,32000,537650,,,60524372,19,
2017-02-18_4714,2017-02-18,4714,永捷,tpex,14.35,14.95,14.30,14.90,2730000,40129450,0.65,,77315056,1057,
2017-02-18_4716,2017-02-18,4716,大立,tpex,14.10,14.25,14.05,14.05,335000,4725850,0.00,,74397877,181,
2017-02-18_4720,2017-02-18,4720,德淵,twse,14.90,14.95,14.85,14.95,46069,687127,0.0,,,17,
2017-02-18_4721,2017-02-18,4721,美琪瑪,tpex,36.25,36.50,36.00,36.10,507000,18377200,0.00,,74986304,337,
2017-02-18_4722,2017-02-18,4722,國精化,twse,35.00,35.05,34.90,35.00,303840,10631582,0.1,,,157,
2017-02-18_4725,2017-02-18,4725,信昌化,twse,25.60,25.95,25.55,25.70,927005,23827879,0.0,,,352,
2017-02-18_4726,2017-02-18,4726,永昕,tpex,39.80,40.75,39.10,39.50,589000,23526150,,,112044500,376,
2017-02-18_4728,2017-02-18,4728,雙美,tpex,41.50,41.80,41.15,41.80,126000,5228500,0.40,,54463000,80,
2017-02-18_4729,2017-02-18,4729,熒茂,tpex,17.90,18.45,17.90,18.30,265000,4856250,0.40,,104402000,146,
2017-02-18_4735,2017-02-18,4735,豪展,tpex,37.60,37.65,37.35,37.50,184000,6903150,0.25,,34111375,122,
2017-02-18_4736,2017-02-18,4736,泰博,tpex,113.00,115.00,111.50,113.50,1225000,139390500,1.50,,74597842,850,
2017-02-18_4737,2017-02-18,4737,華廣,twse,61.80,61.90,61.20,61.80,150682,9273306,0.2,,,89,
2017-02-18_4739,2017-02-18,4739,康普,tpex,53.50,54.30,52.40,53.00,2814000,149958600,,,75725410,1500,
2017-02-18_4743,2017-02-18,4743,合一,tpex,34.20,35.35,34.20,34.30,1528000,53066600,,,195172229,941,
2017-02-18_4745,2017-02-18,4745,合富-KY,tpex,50.00,51.60,49.90,50.70,138000,7014500,0.70,,57683085,123,
2017-02-18_4746,2017-02-18,4746,台耀,twse,96.00,99.20,95.40,98.10,1033012,101119282,2.3,,,804,
2017-02-18_4747,2017-02-18,4747,強生,tpex,38.20,38.50,38.15,38.20,69000,2644400,0.00,,30018750,35,
2017-02-18_4754,2017-02-18,4754,國碳科,tpex,51.70,52.10,51.70,51.80,19000,985900,0.10,,15634340,16,
2017-02-18_4755,2017-02-18,4755,三福化,twse,31.20,31.45,31.10,31.35,78152,2445214,0.15,,,57,
2017-02-18_4762,2017-02-18,4762,三汰-KY,tpex,61.20,61.20,60.90,60.90,25000,1525300,,,18700000,17,
2017-02-18_4763,2017-02-18,4763,材料*-KY,twse,148.50,149.00,146.00,146.00,117050,17158300,-2.0,,,100,
2017-02-18_4803,2017-02-18,4803,VHQ-KY,tpex,162.00,169.50,160.50,166.50,352000,58271500,4.50,,32277001,284,
2017-02-18_4804,2017-02-18,4804,大略-KY,tpex,77.30,78.10,77.10,77.60,274000,21266700,0.30,,36031920,207,
2017-02-18_4806,2017-02-18,4806,昇華,tpex,62.00,62.00,62.00,62.00,4000,248000,0.00,down,25500000,4,
2017-02-18_4903,2017-02-18,4903,聯光通,tpex,56.20,56.70,55.50,56.20,1300000,72913300,0.00,,90212327,742,
2017-02-18_4904,2017-02-18,4904,遠傳,twse,73.40,73.70,73.10,73.60,1835948,134947463,0.6,,,662,
2017-02-18_4905,2017-02-18,4905,台聯電,tpex,48.20,48.40,47.60,47.80,38000,1826700,,,49422516,33,
2017-02-18_4906,2017-02-18,4906,正文,twse,26.50,26.55,26.15,26.30,1664861,43788247,0.05,,,705,
2017-02-18_4907,2017-02-18,4907,富宇,tpex,13.50,13.50,13.50,13.50,3000,40500,,flat,118145778,2,
2017-02-18_4908,2017-02-18,4908,前鼎,tpex,18.55,18.55,18.40,18.45,45000,831000,,,77686657,32,
2017-02-18_4909,2017-02-18,4909,新復興,tpex,22.75,22.85,22.50,22.80,112000,2544150,0.05,,93356864,59,
2017-02-18_4911,2017-02-18,4911,德英,tpex,79.30,81.80,79.30,80.90,50000,4036200,1.60,,55660000,49,
2017-02-18_4912,2017-02-18,4912,聯德控股-KY,twse,138.50,142.50,136.50,138.50,529664,74070968,0.0,,,399,
2017-02-18_4915,2017-02-18,4915,致伸,twse,45.90,46.40,45.90,46.05,1238415,57126608,0.3,,,653,
2017-02-18_4916,2017-02-18,4916,事欣科,twse,36.05,36.35,35.80,36.05,210062,7593235,0.1,,,195,
2017-02-18_4919,2017-02-18,4919,新唐,twse,48.40,48.60,47.45,48.10,1555000,74712800,0.15,,,1065,
2017-02-18_4924,2017-02-18,4924,欣厚-KY,tpex,8.98,8.98,8.81,8.98,15000,133680,0.00,,37164409,9,
2017-02-18_4927,2017-02-18,4927,泰鼎-KY,twse,33.40,33.65,33.20,33.45,1049082,34997380,0.35,,,589,
2017-02-18_4930,2017-02-18,4930,燦星網,twse,15.40,15.40,15.15,15.25,193348,2946536,-0.15,,,87,
2017-02-18_4933,2017-02-18,4933,友輝,tpex,29.50,29.50,28.75,28.90,696000,20135850,,,77331675,407,
2017-02-18_4934,2017-02-18,4934,太極,twse,14.50,14.80,14.45,14.80,3707321,54411701,0.4,,,1322,
2017-02-18_4935,2017-02-18,4935,茂林-KY,twse,58.70,59.50,58.70,58.80,1462175,86173090,0.1,,,991,
2017-02-18_4938,2017-02-18,4938,和碩,twse,80.20,80.80,80.20,80.60,1673902,134864382,0.5,,,1243,
2017-02-18_4939,2017-02-18,4939,亞電,tpex,9.66,9.82,9.66,9.82,259000,2524500,0.17,,98200868,92,
2017-02-18_4942,2017-02-18,4942,嘉彰,twse,26.85,27.10,26.85,27.05,140245,3785690,0.3,,,84,
2017-02-18_4943,2017-02-18,4943,康控-KY,twse,90.00,91.20,87.80,90.00,974835,87112050,0.2,,,681,
2017-02-18_4944,2017-02-18,4944,兆遠,tpex,10.75,10.80,10.35,10.45,762000,8022550,,,211767563,267,
2017-02-18_4946,2017-02-18,4946,辣椒,tpex,31.20,31.20,30.30,30.35,145000,4419950,,,27320796,100,
2017-02-18_4947,2017-02-18,4947,昂寶-KY,tpex,225.50,227.00,223.00,225.00,321000,72221000,1.50,,53913690,279,
2017-02-18_4950,2017-02-18,4950,牧東,tpex,20.30,20.50,19.85,20.00,147000,2955600,,,47900000,93,
2017-02-18_4952,2017-02-18,4952,凌通,twse,40.05,40.10,39.90,39.95,442006,17664840,-0.1,,,207,
2017-02-18_4953,2017-02-18,4953,緯軟,tpex,21.75,22.05,21.75,22.05,44000,967100,0.00,,43878322,18,
2017-02-18_4956,2017-02-18,4956,光鋐,twse,22.15,22.20,21.50,21.65,3751000,82005650,-0.35,,,1717,
2017-02-18_4958,2017-02-18,4958,臻鼎-KY,twse,75.30,75.70,74.50,75.00,1967140,147515500,0.0,,,1119,
2017-02-18_4960,2017-02-18,4960,誠美材,twse,13.65,14.00,13.50,13.75,4895905,67571989,0.25,,,1673,
2017-02-18_4965,2017-02-18,4965,商店街,tpex,70.00,71.30,70.00,71.30,27000,1914600,1.30,,21602249,27,
2017-02-18_4966,2017-02-18,4966,譜瑞-KY,tpex,332.00,332.00,329.00,330.00,176000,58075000,0.00,,77304885,167,
2017-02-18_4968,2017-02-18,4968,立積,twse,68.90,69.50,68.20,68.40,252300,17329600,-0.3,,,191,
2017-02-18_4971,2017-02-18,4971,IET-KY,tpex,97.70,98.70,95.70,98.00,921000,89729400,1.50,,36134793,665,
2017-02-18_4972,2017-02-18,4972,湯石照明,tpex,33.85,34.00,33.75,33.75,34000,1150350,0.05,,39207127,21,
2017-02-18_4973,2017-02-18,4973,廣穎,tpex,20.00,20.00,19.90,20.00,90000,1794900,0.15,,64906525,62,
2017-02-18_4974,2017-02-18,4974,亞泰,tpex,43.65,44.50,43.45,44.00,3461000,152469850,1.50,,61957664,2034,
2017-02-18_4976,2017-02-18,4976,佳凌,twse,24.65,25.50,24.65,25.40,455357,11520846,0.75,,,287,
2017-02-18_4977,2017-02-18,4977,眾達-KY,twse,84.30,85.30,84.00,84.10,294692,24932095,0.1,,,224,
2017-02-18_4979,2017-02-18,4979,華星光,tpex,36.95,37.40,36.85,37.25,1086000,40336550,0.30,,73857712,628,
2017-02-18_4984,2017-02-18,4984,科納-KY,twse,63.00,63.00,62.00,62.10,765101,47645382,-0.4,,,530,
2017-02-18_4987,2017-02-18,4987,科誠,tpex,50.20,50.50,50.20,50.50,13000,653900,0.30,,25200000,10,
2017-02-18_4991,2017-02-18,4991,環宇-KY,tpex,58.10,58.30,57.30,58.20,724000,41854600,0.50,,74402266,403,
2017-02-18_4994,2017-02-18,4994,傳奇,twse,68.30,68.30,67.60,67.80,139400,9459000,-0.3,,,91,
2017-02-18_4995,2017-02-18,4995,晶達,tpex,32.65,33.40,32.65,33.40,19000,623850,,,34131100,14,
2017-02-18_4999,2017-02-18,4999,鑫禾,twse,52.20,53.30,52.20,53.00,119047,6296338,0.8,,,139,
2017-02-18_5007,2017-02-18,5007,三星,twse,55.30,55.40,54.90,55.10,86799,4788445,-0.2,,,45,
2017-02-18_5009,2017-02-18,5009,榮剛,tpex,23.60,23.60,22.70,23.25,2637000,60908650,,,466735991,1053,
2017-02-18_5011,2017-02-18,5011,久陽,tpex,16.80,16.90,16.45,16.55,20000,332650,,,41135869,17,
2017-02-18_5013,2017-02-18,5013,強新,tpex,30.00,30.20,30.00,30.00,79000,2372600,0.00,,111180000,29,
2017-02-18_5014,2017-02-18,5014,建錩,tpex,16.85,17.25,16.45,16.95,11997000,201144700,,,165333054,3646,
2017-02-18_5015,2017-02-18,5015,華祺,tpex,24.95,25.15,24.90,25.10,78000,1953150,0.10,,60639189,37,
2017-02-18_5016,2017-02-18,5016,松和,tpex,34.95,35.10,34.90,35.10,62000,2167200,0.15,,49622076,44,
2017-02-18_5102,2017-02-18,5102,富強,tpex,14.35,14.40,14.35,14.40,21000,301850,0.00,,64085067,12,
2017-02-18_5201,2017-02-18,5201,凱衛,tpex,20.55,20.55,19.50,20.00,863000,17261650,,,30674600,501,
2017-02-18_5202,2017-02-18,5202,力新,tpex,34.95,37.95,34.30,37.80,398000,14393850,3.30,,59094000,269,
2017-02-18_5203,2017-02-18,5203,訊連,twse,70.40,70.40,70.00,70.10,53453,3747635,0.1,,,100,
2017-02-18_5205,2017-02-18,5205,漢康,tpex,18.70,18.70,18.10,18.10,4000,74200,,,17005200,2,
2017-02-18_5206,2017-02-18,5206,坤悅,tpex,9.09,9.20,9.07,9.07,26000,238660,0.04,,148500000,11,
2017-02-18_5209,2017-02-18,5209,新鼎,tpex,41.00,41.15,41.00,41.15,4000,164300,0.25,,23491500,4,
2017-02-18_5210,2017-02-18,5210,寶碩,tpex,6.77,6.99,6.77,6.93,568000,3922470,0.16,,65699779,218,
2017-02-18_5211,2017-02-18,5211,蒙恬,tpex,22.55,22.60,22.30,22.30,110000,2465850,,,32024727,63,
2017-02-18_5212,2017-02-18,5212,凌網,tpex,20.30,20.30,19.00,19.00,68000,1323500,,,34633000,42,
2017-02-18_5213,2017-02-18,5213,亞昕,tpex,13.60,13.75,13.55,13.65,187000,2548750,0.05,,380090374,79,
2017-02-18_5215,2017-02-18,5215,科嘉-KY,twse,30.65,31.85,30.65,31.00,146910,4584510,0.35,,,88,
2017-02-18_5225,2017-02-18,5225,東科-KY,twse,32.40,32.40,32.15,32.15,29000,934100,0.0,,,23,
2017-02-18_5227,2017-02-18,5227,立凱-KY,tpex,30.10,30.10,29.85,29.90,509000,15247800,,,210573654,290,
2017-02-18_5230,2017-02-18,5230,雷笛克光學,tpex,43.85,44.30,43.60,44.30,93000,4098300,0.20,,49481738,59,
2017-02-18_5234,2017-02-18,5234,達興材料,twse,40.70,41.00,40.15,40.40,118000,4763450,-0.2,,,76,
2017-02-18_5243,2017-02-18,5243,乙盛-KY,twse,43.70,44.30,43.50,43.50,752798,32994102,0.25,,,465,
2017-02-18_5245,2017-02-18,5245,智晶,tpex,109.50,119.00,109.00,119.00,666000,77555000,10.50,,47326000,574,
2017-02-18_5251,2017-02-18,5251,天鉞電,tpex,28.15,28.30,28.10,28.25,15000,422950,0.15,,30556677,12,
2017-02-18_5255,2017-02-18,5255,美桀,tpex,36.00,36.85,35.40,36.35,589000,21223750,0.75,,38075800,362,
2017-02-18_5258,2017-02-18,5258,虹堡,twse,43.80,45.30,43.65,44.70,400000,17921400,1.05,,,315,
2017-02-18_5259,2017-02-18,5259,奕智博,twse,5.45,5.54,5.35,5.54,57320,309836,0.05,,,28,
2017-02-18_5263,2017-02-18,5263,智崴,tpex,225.00,225.50,223.50,224.00,16000,3592500,0.00,,44677977,13,
2017-02-18_5264,2017-02-18,5264,鎧勝-KY,twse,95.80,95.90,95.00,95.20,816365,77796203,-0.6,,,574,
2017-02-18_5269,2017-02-18,5269,祥碩,twse,335.50,347.50,334.00,339.00,887393,302561013,6.0,,,795,
2017-02-18_5272,2017-02-18,5272,笙科,tpex,40.85,41.45,40.30,40.70,260000,10584000,,,57986118,174,
2017-02-18_5274,2017-02-18,5274,信驊,tpex,484.00,484.00,479.00,480.50,50000,24023500,0.50,,31818090,45,
2017-02-18_5276,2017-02-18,5276,達輝-KY,tpex,30.90,30.90,30.20,30.40,114000,3481800,,,39500000,77,
2017-02-18_5278,2017-02-18,5278,尚凡,tpex,28.00,29.00,28.00,28.55,11000,313650,0.45,,14187600,11,
2017-02-18_5281,2017-02-18,5281,大峽谷-KY,tpex,24.70,25.10,24.60,24.90,135000,3353600,0.40,,37010000,84,
2017-02-18_5284,2017-02-18,5284,jpp-KY,tpex,60.00,60.40,58.70,60.40,34000,2038500,1.20,,38539316,26,
2017-02-18_5285,2017-02-18,5285,界霖,twse,37.20,37.40,36.80,37.15,36000,1333400,-0.05,,,36,
2017-02-18_5287,2017-02-18,5287,數字,tpex,201.50,201.50,196.50,199.50,79000,15717500,,,42583000,69,
2017-02-18_5288,2017-02-18,5288,豐祥-KY,twse,83.50,83.50,83.00,83.50,132000,10986600,0.5,,,100,
2017-02-18_5289,2017-02-18,5289,宜鼎,tpex,91.30,92.90,91.00,91.00,503000,46285900,,,65940980,378,
2017-02-18_5291,2017-02-18,5291,邑昇,tpex,14.15,14.30,14.15,14.30,11000,157000,0.10,,33472308,5,
2017-02-18_5301,2017-02-18,5301,寶得利,tpex,27.50,27.50,27.20,27.45,53000,1452850,,,117975000,29,
2017-02-18_5302,2017-02-18,5302,太欣,tpex,6.16,6.28,6.15,6.18,251000,1556370,,,162377000,89,
2017-02-18_5304,2017-02-18,5304,鼎創達,tpex,2.30,2.30,2.30,2.30,4000,9200,,flat,185962436,2,
2017-02-18_5305,2017-02-18,5305,敦南,twse,30.85,31.10,30.35,30.45,1841845,56426502,-0.1,,,976,
2017-02-18_5306,2017-02-18,5306,桂盟,tpex,138.00,138.50,137.00,137.50,127000,17500500,,,120000000,100,
2017-02-18_5309,2017-02-18,5309,系統電,tpex,10.80,10.95,10.80,10.85,607000,6588100,0.05,,213638104,205,
2017-02-18_5310,2017-02-18,5310,天剛,tpex,27.00,27.00,26.90,27.00,5000,134800,0.00,,49601237,4,
2017-02-18_5312,2017-02-18,5312,寶島科,tpex,77.00,77.00,76.40,76.40,44000,3372700,,,60059898,28,
2017-02-18_5314,2017-02-18,5314,世紀,tpex,5.15,5.15,5.13,5.15,25000,128520,,,60000000,11,
2017-02-18_5315,2017-02-18,5315,光聯,tpex,27.60,27.90,27.50,27.90,725000,20051250,0.35,,106351832,352,
2017-02-18_5317,2017-02-18,5317,凱美,tpex,15.35,15.55,15.35,15.35,50000,771850,,,134615405,29,
2017-02-18_5321,2017-02-18,5321,友銓,tpex,28.45,28.45,28.05,28.45,6000,169800,,,28800000,6,
2017-02-18_5324,2017-02-18,5324,士開,tpex,11.85,11.90,11.80,11.90,20000,236550,0.05,,106379090,11,
2017-02-18_5328,2017-02-18,5328,華容,tpex,7.66,7.82,7.65,7.79,277000,2142890,0.11,,178310724,105,
2017-02-18_5340,2017-02-18,5340,建榮,tpex,7.60,8.22,7.31,8.20,5098000,40270130,0.71,,165893964,1345,
2017-02-18_5344,2017-02-18,5344,立衛,tpex,7.59,7.87,7.50,7.50,524000,3991740,0.06,,79447460,223,
2017-02-18_5345,2017-02-18,5345,天揚,tpex,8.39,8.50,8.29,8.40,6000,50160,0.01,,50000000,5,
2017-02-18_5347,2017-02-18,5347,世界,tpex,60.30,62.50,60.00,61.70,3449000,212005900,2.60,,1638982267,1929,
2017-02-18_5348,2017-02-18,5348,系通,tpex,5.46,5.46,5.33,5.40,23000,125140,0.43,,25950310,11,
2017-02-18_5349,2017-02-18,5349,先豐,tpex,32.95,33.70,32.90,33.50,2392000,80061100,0.40,,224096373,1310,
2017-02-18_5351,2017-02-18,5351,鈺創,tpex,12.80,12.90,12.75,12.85,1005000,12874650,,,437005337,378,
2017-02-18_5353,2017-02-18,5353,台林,tpex,10.85,10.95,10.85,10.85,114000,1239200,,,81850000,37,
2017-02-18_5355,2017-02-18,5355,佳總,tpex,8.00,8.09,7.94,8.00,366000,2924260,0.02,,166122792,125,
2017-02-18_5356,2017-02-18,5356,協益,tpex,45.10,45.35,44.75,45.30,346000,15614800,0.30,,128800000,205,
2017-02-18_5364,2017-02-18,5364,力麗店,tpex,22.20,23.40,22.20,22.45,4000,90950,0.50,,14099940,4,
2017-02-18_5371,2017-02-18,5371,中光電,tpex,42.00,43.80,41.10,43.80,17714000,756611350,3.95,,434423110,7001,
2017-02-18_5381,2017-02-18,5381,合正,tpex,2.01,2.05,2.01,2.05,197000,400240,,,187054388,33,
2017-02-18_5383,2017-02-18,5383,金利,tpex,9.20,9.57,8.99,9.17,30000,273210,0.14,,71414234,23,
2017-02-18_5384,2017-02-18,5384,捷元,tpex,12.00,12.40,12.00,12.20,94000,1147100,0.20,,79569450,33,
2017-02-18_5386,2017-02-18,5386,青雲,tpex,47.35,47.35,47.35,47.35,119000,5634650,,flat,13516047,97,
2017-02-18_5388,2017-02-18,5388,中磊,twse,80.30,81.00,79.90,80.30,999056,80514605,0.1,,,708,
2017-02-18_5392,2017-02-18,5392,應華,tpex,51.30,51.30,50.30,50.50,253000,12834500,0.30,,102786466,172,
2017-02-18_5398,2017-02-18,5398,力瑋,tpex,40.60,40.90,40.25,40.80,62000,2517700,0.20,,49950460,46,
2017-02-18_5403,2017-02-18,5403,中菲,tpex,31.45,32.30,31.45,32.15,284000,9084950,0.70,,62630041,162,
2017-02-18_5410,2017-02-18,5410,國眾,tpex,13.40,13.80,13.40,13.60,1226000,16750200,0.25,,85900123,361,
2017-02-18_5425,2017-02-18,5425,台半,tpex,37.30,37.65,37.25,37.40,1112000,41599650,,,240505827,476,
2017-02-18_5426,2017-02-18,5426,振發,tpex,12.70,12.85,12.70,12.80,156000,1991400,0.05,,143800000,66,
2017-02-18_5432,2017-02-18,5432,達威,tpex,21.55,22.80,21.55,22.80,29000,648750,1.00,,20687804,11,
2017-02-18_5434,2017-02-18,5434,崇越,twse,97.90,101.00,97.90,100.50,1672204,167170200,3.1,,,1353,
2017-02-18_5438,2017-02-18,5438,東友,tpex,14.00,14.00,13.85,13.85,185000,2568500,,,112536565,79,
2017-02-18_5439,2017-02-18,5439,高技,tpex,32.90,33.85,32.90,33.00,3879000,129510450,0.35,,77975752,1974,
2017-02-18_5443,2017-02-18,5443,均豪,tpex,23.60,24.25,23.60,23.95,2490000,59605500,0.30,,165136144,895,
2017-02-18_5450,2017-02-18,5450,寶聯通,tpex,9.01,9.20,9.01,9.20,3000,27220,0.19,,50392250,2,
2017-02-18_5452,2017-02-18,5452,佶優,tpex,9.98,9.98,9.87,9.88,112000,1106380,0.00,,148763669,37,
2017-02-18_5455,2017-02-18,5455,訊利電,tpex,8.00,8.80,8.00,8.80,11000,93600,0.80,,35501813,6,
2017-02-18_5457,2017-02-18,5457,宣德,tpex,27.90,28.35,27.50,28.20,530000,14807950,0.75,,167800000,235,
2017-02-18_5460,2017-02-18,5460,同協,tpex,11.80,11.90,11.75,11.90,113000,1333850,0.00,,72032030,57,
2017-02-18_5464,2017-02-18,5464,霖宏,tpex,15.20,15.20,15.10,15.20,106000,1608150,0.05,,71071490,28,
2017-02-18_5465,2017-02-18,5465,富驊,tpex,16.45,16.60,16.45,16.50,42000,692350,0.05,,144091811,18,
2017-02-18_5468,2017-02-18,5468,凱鈺,tpex,6.20,6.20,6.20,6.20,10000,62000,0.00,down,69822909,5,
2017-02-18_5469,2017-02-18,5469,瀚宇博,twse,19.60,19.85,19.50,19.85,6549983,129516396,1.8,,,1586,
2017-02-18_5471,2017-02-18,5471,松翰,twse,33.10,33.10,32.80,33.00,249163,8206652,-0.1,,,209,
2017-02-18_5474,2017-02-18,5474,聰泰,tpex,68.00,69.10,68.00,68.30,159000,10904600,0.50,,33729787,136,
2017-02-18_5475,2017-02-18,5475,德宏,tpex,6.79,6.79,6.05,6.51,8414000,54328750,0.02,,220654743,2467,
2017-02-18_5478,2017-02-18,5478,智冠,tpex,63.80,63.80,62.90,63.00,272000,17165700,,,127474332,188,
2017-02-18_5480,2017-02-18,5480,統盟,tpex,14.35,14.65,14.10,14.20,1955000,27981500,0.00,,199097830,571,
2017-02-18_5481,2017-02-18,5481,華韡,tpex,17.10,17.60,17.00,17.20,477000,8281000,0.20,,94693891,160,
2017-02-18_5483,2017-02-18,5483,中美晶,tpex,46.45,47.45,46.00,46.40,19208000,896681600,1.10,,580031151,9460,
2017-02-18_5484,2017-02-18,5484,慧友,twse,6.28,6.28,6.15,6.25,336873,2086326,-0.03,,,116,
2017-02-18_5487,2017-02-18,5487,通泰,tpex,24.70,24.70,23.95,24.00,56000,1354950,,,22134516,26,
2017-02-18_5488,2017-02-18,5488,松普,tpex,8.52,8.65,8.43,8.58,222000,1899990,0.18,,91586124,86,
2017-02-18_5489,2017-02-18,5489,彩富,tpex,37.95,37.95,37.05,37.50,53000,1982750,0.00,,104175441,44,
2017-02-18_5490,2017-02-18,5490,同亨,tpex,60.00,61.70,60.00,61.00,2272000,138380100,1.10,,94396601,1441,
2017-02-18_5491,2017-02-18,5491,連展,tpex,9.74,10.15,9.74,9.85,3106000,30827960,0.22,,207290721,799,
2017-02-18_5493,2017-02-18,5493,三聯,tpex,31.80,31.80,31.70,31.75,37000,1173900,,,44264695,26,
2017-02-18_5498,2017-02-18,5498,凱崴,tpex,10.30,10.55,10.30,10.35,283000,2937750,0.05,,161895880,67,
2017-02-18_5508,2017-02-18,5508,永信建,tpex,24.70,24.75,24.50,24.70,60000,1481600,0.05,,217428133,47,
2017-02-18_5511,2017-02-18,5511,德昌,tpex,22.70,22.85,22.55,22.75,31000,704300,,,133461469,16,
2017-02-18_5512,2017-02-18,5512,力麒,tpex,8.58,8.65,8.56,8.56,394000,3380240,,,743992712,141,
2017-02-18_5514,2017-02-18,5514,三豐,tpex,9.60,9.82,9.60,9.82,74000,718050,0.27,,176643300,28,
2017-02-18_5515,2017-02-18,5515,建國,twse,8.74,8.90,8.74,8.90,234058,2071304,0.13,,,157,
2017-02-18_5516,2017-02-18,5516,雙喜,tpex,9.00,9.00,8.80,8.96,177000,1572580,0.00,,38295000,25,
2017-02-18_5519,2017-02-18,5519,隆大,twse,11.25,11.25,11.20,11.20,117968,1324339,0.05,,,43,
2017-02-18_5520,2017-02-18,5520,力泰,tpex,27.50,27.80,27.30,27.30,23000,634900,,,70959112,12,
2017-02-18_5521,2017-02-18,5521,工信,twse,11.85,11.95,11.85,11.90,770561,9154784,0.05,,,138,
2017-02-18_5522,2017-02-18,5522,遠雄,twse,38.55,38.65,38.35,38.40,310899,11971904,-0.1,,,157,
2017-02-18_5523,2017-02-18,5523,豐謙,tpex,7.50,7.50,7.47,7.50,68000,509740,0.00,,112851835,14,
2017-02-18_5525,2017-02-18,5525,順天,twse,14.20,14.25,14.05,14.20,104196,1472912,0.0,,,35,
2017-02-18_5529,2017-02-18,5529,志嘉,tpex,7.53,7.60,7.53,7.60,3000,22660,0.08,,104270202,3,
2017-02-18_5530,2017-02-18,5530,龍巖,tpex,57.40,57.50,57.00,57.40,204000,11684700,,,399084199,110,
2017-02-18_5531,2017-02-18,5531,鄉林,twse,11.20,11.20,11.05,11.10,219656,2440895,-0.05,,,82,
2017-02-18_5533,2017-02-18,5533,皇鼎,twse,15.70,15.80,15.65,15.80,1088954,17694071,0.05,,,22,
2017-02-18_5534,2017-02-18,5534,長虹,twse,72.40,73.50,72.00,72.20,913069,66225768,-0.2,,,539,
2017-02-18_5536,2017-02-18,5536,聖暉,tpex,101.50,102.00,100.00,101.50,213000,21522000,1.00,,47236819,154,
2017-02-18_5538,2017-02-18,5538,東明-KY,twse,28.60,28.60,28.25,28.50,5004,142513,-0.2,,,5,
2017-02-18_5543,2017-02-18,5543,崇佑-KY,tpex,24.60,25.20,24.60,25.20,14000,346300,0.60,,27199996,9,
2017-02-18_5603,2017-02-18,5603,陸海,tpex,13.70,13.70,13.55,13.65,72000,978400,0.05,,78324575,38,
2017-02-18_5607,2017-02-18,5607,遠雄港,twse,15.50,15.55,15.50,15.55,322500,5004500,0.0,,,71,
2017-02-18_5608,2017-02-18,5608,四維航,twse,10.10,10.45,10.10,10.35,1308302,13478290,0.35,,,527,
2017-02-18_5609,2017-02-18,5609,中菲行,tpex,21.60,21.90,21.60,21.75,315000,6840100,0.15,,129000000,129,
2017-02-18_5701,2017-02-18,5701,劍湖山,tpex,2.88,2.90,2.85,2.90,363000,1040110,0.02,,253756957,112,
2017-02-18_5703,2017-02-18,5703,亞都,tpex,24.90,24.95,24.55,24.95,9000,222400,0.05,,70239594,3,
2017-02-18_5704,2017-02-18,5704,老爺知,tpex,25.20,25.45,25.10,25.20,13000,328250,0.10,,38861658,13,
2017-02-18_5706,2017-02-18,5706,鳳凰,twse,35.60,35.90,35.40,35.60,37750,1342942,0.05,,,48,
2017-02-18_5820,2017-02-18,5820,日盛金,tpex,7.04,7.04,7.00,7.02,704000,4937560,0.00,,3542360671,194,
2017-02-18_5871,2017-02-18,5871,中租-KY,twse,62.50,62.80,62.30,62.60,1882576,117755796,0.1,,,799,
2017-02-18_5878,2017-02-18,5878,台名,tpex,44.90,44.90,44.90,44.90,1000,44900,0.50,up,23688000,1,
2017-02-18_5880,2017-02-18,5880,合庫金,twse,14.85,14.90,14.80,14.90,2672631,39702683,0.05,,,860,
2017-02-18_5902,2017-02-18,5902,德記,tpex,12.65,12.65,12.50,12.60,13000,163500,0.00,,94500000,7,
2017-02-18_5903,2017-02-18,5903,全家,tpex,203.50,204.00,203.50,203.50,9000,1832500,1.00,,223220000,8,
2017-02-18_5904,2017-02-18,5904,寶雅,tpex,363.00,373.00,363.00,368.50,96000,35461000,5.50,,96476038,76,
2017-02-18_5905,2017-02-18,5905,南仁湖,tpex,8.53,8.55,8.49,8.51,288000,2451400,,,203916957,74,
2017-02-18_5906,2017-02-18,5906,台南-KY,twse,5.32,5.32,5.32,5.32,1654,8883,-0.49,down,,3,
2017-02-18_5907,2017-02-18,5907,大洋-KY,twse,25.20,25.20,25.00,25.20,241000,6047350,0.0,,,106,
2017-02-18_6005,2017-02-18,6005,群益證,twse,10.05,10.10,10.00,10.00,3096837,31014370,-0.1,,,646,
2017-02-18_6015,2017-02-18,6015,宏遠證,tpex,7.50,7.55,7.42,7.50,655000,4903880,,,387000775,123,
2017-02-18_6016,2017-02-18,6016,康和證,tpex,6.96,7.04,6.96,7.00,284000,1985260,,,633336792,92,
2017-02-18_6020,2017-02-18,6020,大展證,tpex,13.35,13.35,13.10,13.15,110000,1449600,,,252353154,53,
2017-02-18_6021,2017-02-18,6021,大慶證,tpex,10.40,10.45,10.30,10.30,236000,2445750,,,306755974,89,
2017-02-18_6022,2017-02-18,6022,大眾證,tpex,10.10,10.20,9.99,10.05,616000,6195490,,,377761822,159,
2017-02-18_6023,2017-02-18,6023,元大期,tpex,39.45,39.50,39.30,39.35,65000,2560550,0.05,,232276288,45,
2017-02-18_6024,2017-02-18,6024,群益期,tpex,36.15,36.40,36.10,36.40,350000,12686800,0.25,,160397804,255,
2017-02-18_6026,2017-02-18,6026,福邦證,tpex,9.83,9.83,9.70,9.77,411000,4007510,,,241700000,122,
2017-02-18_6101,2017-02-18,6101,弘捷,tpex,24.05,27.00,23.75,26.60,438000,11094550,1.85,,69826850,174,
2017-02-18_6104,2017-02-18,6104,創惟,tpex,41.20,42.45,41.00,42.35,2067000,86452100,1.30,,90707184,1146,
2017-02-18_6105,2017-02-18,6105,瑞傳,tpex,41.40,41.95,41.20,41.20,2584000,107271650,0.35,,102704926,1233,
2017-02-18_6107,2017-02-18,6107,華美,tpex,78.30,78.30,77.50,77.70,88000,6837900,0.10,,79656169,54,
2017-02-18_6108,2017-02-18,6108,競國,twse,27.95,28.25,27.80,27.85,832200,23340829,0.2,,,420,
2017-02-18_6109,2017-02-18,6109,亞元,tpex,12.95,12.95,12.85,12.85,26000,335000,,,72686518,10,
2017-02-18_6111,2017-02-18,6111,大宇資,tpex,116.50,118.00,115.50,116.50,65000,7575500,0.00,,48193630,50,
2017-02-18_6112,2017-02-18,6112,邁達特,twse,28.45,28.45,28.30,28.35,99248,2814859,-0.1,,,114,
2017-02-18_6113,2017-02-18,6113,亞矽,tpex,9.45,9.88,9.40,9.70,611000,5848270,0.00,,50047100,254,
2017-02-18_6114,2017-02-18,6114,久威,tpex,54.30,54.50,54.00,54.10,61000,3312100,0.40,,39776872,36,
2017-02-18_6115,2017-02-18,6115,鎰勝,twse,45.05,45.20,45.05,45.20,101622,4586363,0.2,,,66,
2017-02-18_6116,2017-02-18,6116,彩晶,twse,7.98,8.12,7.94,8.08,39602136,318407399,0.15,,,6222,
2017-02-18_6117,2017-02-18,6117,迎廣,twse,17.00,17.25,16.50,16.70,192018,3222145,0.7,,,72,
2017-02-18_6118,2017-02-18,6118,建達,tpex,7.08,7.17,7.04,7.08,164000,1161950,0.00,,90889573,47,
2017-02-18_6120,2017-02-18,6120,達運,twse,13.60,13.65,13.50,13.55,298262,4040171,-0.05,,,87,
2017-02-18_6121,2017-02-18,6121,新普,tpex,102.00,102.50,101.50,102.00,990000,100816000,0.50,,308284198,637,
2017-02-18_6122,2017-02-18,6122,擎邦,tpex,11.25,11.45,11.25,11.45,1106000,12546300,0.15,,68729089,205,
2017-02-18_6123,2017-02-18,6123,上奇,tpex,33.75,34.40,33.45,34.10,619000,21050750,0.65,,55143312,304,
2017-02-18_6124,2017-02-18,6124,業強,tpex,27.45,29.20,27.30,28.10,26000,741750,0.70,,182479945,22,
2017-02-18_6125,2017-02-18,6125,廣運,tpex,10.80,10.80,10.65,10.80,409000,4386150,0.00,,254011150,130,
2017-02-18_6126,2017-02-18,6126,信音,tpex,12.20,12.25,12.05,12.10,357000,4327850,0.00,,116174046,144,
2017-02-18_6127,2017-02-18,6127,九豪,tpex,13.10,13.30,13.10,13.20,340000,4503300,0.10,,85041546,161,
2017-02-18_6128,2017-02-18,6128,上福,twse,43.50,43.60,43.30,43.35,66000,2868700,-0.1,,,34,
2017-02-18_6129,2017-02-18,6129,普誠,tpex,8.85,9.05,8.85,9.00,580000,5216600,0.15,,180943675,249,
2017-02-18_6130,2017-02-18,6130,基因,tpex,64.10,69.90,64.10,69.90,487000,33053200,6.30,,26700000,359,
2017-02-18_6131,2017-02-18,6131,鈞泰,twse,13.50,13.75,13.50,13.65,1419760,19391990,0.05,,,116,
2017-02-18_6133,2017-02-18,6133,金橋,twse,9.55,9.82,9.55,9.60,32126,308756,0.1,,,36,
2017-02-18_6134,2017-02-18,6134,萬旭,tpex,10.95,10.95,10.55,10.55,212000,2265050,,,92799991,81,
2017-02-18_6136,2017-02-18,6136,富爾特,twse,24.60,24.70,24.55,24.60,125023,3077755,0.1,,,88,
2017-02-18_6138,2017-02-18,6138,茂達,tpex,38.00,38.00,37.15,37.40,1858000,69494150,,,102324572,1027,
2017-02-18_6139,2017-02-18,6139,亞翔,twse,35.75,36.00,35.45,35.50,1683328,59978708,-0.2,,,867,
2017-02-18_6140,2017-02-18,6140,訊達,tpex,11.25,11.80,10.90,10.95,80000,896200,0.05,,38367906,40,
2017-02-18_6141,2017-02-18,6141,柏承,twse,11.60,12.60,11.60,12.40,1653079,20389275,0.85,,,451,
2017-02-18_6142,2017-02-18,6142,友勁,twse,6.64,6.77,6.64,6.66,2376474,15938481,0.03,,,616,
2017-02-18_6143,2017-02-18,6143,振曜,tpex,63.20,64.50,63.20,64.00,592000,37961800,1.00,,83280897,419,
2017-02-18_6145,2017-02-18,6145,勁永,twse,15.00,16.40,15.00,15.95,10038584,157762573,0.8,,,3766,
2017-02-18_6146,2017-02-18,6146,耕興,tpex,172.00,174.00,172.00,173.00,4000,691500,1.00,,90051525,4,
2017-02-18_6147,2017-02-18,6147,頎邦,tpex,49.10,49.90,48.65,49.50,6226000,308021200,0.85,,649261998,2847,
2017-02-18_6148,2017-02-18,6148,驊宏資,tpex,5.41,5.41,5.31,5.37,50000,268430,,,90002000,30,
2017-02-18_6150,2017-02-18,6150,撼訊,tpex,20.35,20.35,19.80,19.80,196000,3902150,,,30264054,99,
2017-02-18_6151,2017-02-18,6151,晉倫,tpex,24.95,25.05,24.90,25.00,156000,3896750,0.10,,55257300,81,
2017-02-18_6152,2017-02-18,6152,百一,twse,10.20,10.30,9.98,10.00,362325,3633450,-0.15,,,123,
2017-02-18_6153,2017-02-18,6153,嘉聯益,twse,19.30,19.30,19.15,19.20,642731,12340610,-0.05,,,338,
2017-02-18_6154,2017-02-18,6154,順發,tpex,17.05,17.15,17.00,17.10,18000,307500,0.15,,80080000,16,
2017-02-18_6155,2017-02-18,6155,鈞寶,twse,17.90,17.90,17.65,17.65,39266,697754,-0.15,,,20,
2017-02-18_6156,2017-02-18,6156,松上,tpex,23.60,23.95,23.35,23.95,602000,14171450,0.40,,77381355,243,
2017-02-18_6158,2017-02-18,6158,禾昌,tpex,17.90,17.95,17.55,17.70,372000,6608800,,,113468975,111,
2017-02-18_6160,2017-02-18,6160,欣技,tpex,24.25,24.35,24.15,24.20,59000,1431550,0.10,,68489120,35,
2017-02-18_6161,2017-02-18,6161,捷波,tpex,14.40,14.80,14.35,14.40,852000,12350400,0.00,,120833290,398,
2017-02-18_6163,2017-02-18,6163,華電網,tpex,11.75,11.80,11.60,11.65,399000,4662700,0.00,,103481692,160,
2017-02-18_6164,2017-02-18,6164,華興,twse,15.35,15.90,15.10,15.70,2879166,44814273,0.6,,,1165,
2017-02-18_6165,2017-02-18,6165,浪凡,twse,21.10,21.40,20.90,21.30,233606,4944443,0.3,,,127,
2017-02-18_6166,2017-02-18,6166,凌華,twse,72.50,73.50,72.40,73.10,131944,9616427,0.7,,,121,
2017-02-18_6167,2017-02-18,6167,久正,tpex,7.83,8.36,7.83,8.30,5032000,41155230,0.47,,162173221,1125,
2017-02-18_6168,2017-02-18,6168,宏齊,twse,11.00,11.05,10.90,10.95,457283,5028330,0.05,,,204,
2017-02-18_6169,2017-02-18,6169,昱泉,tpex,25.20,25.50,25.10,25.50,79000,1999500,0.30,,35473750,50,
2017-02-18_6170,2017-02-18,6170,統振,tpex,9.36,9.41,9.33,9.41,51000,477140,0.02,,89670038,19,
2017-02-18_6171,2017-02-18,6171,亞銳士,tpex,11.30,11.30,11.15,11.15,15000,168750,0.00,,75351921,6,
2017-02-18_6172,2017-02-18,6172,互億,twse,11.20,12.00,11.10,12.00,34085,383758,0.5,,,15,
2017-02-18_6173,2017-02-18,6173,信昌電,tpex,18.40,19.45,18.25,19.20,7322000,138293650,1.00,,185116308,2820,
2017-02-18_6174,2017-02-18,6174,安碁,tpex,14.95,15.65,14.95,15.65,293000,4467450,0.70,,50000000,74,
2017-02-18_6175,2017-02-18,6175,立敦,tpex,18.20,18.25,18.10,18.10,131000,2379450,,,137870516,44,
2017-02-18_6176,2017-02-18,6176,瑞儀,twse,60.80,61.70,60.80,61.40,2070590,127067712,0.6,,,1156,
2017-02-18_6177,2017-02-18,6177,達麗,twse,22.95,23.00,22.60,22.75,396898,9063333,-0.25,,,215,
2017-02-18_6179,2017-02-18,6179,亞通,tpex,51.70,52.80,51.50,52.40,52000,2711600,1.10,,50156326,36,
2017-02-18_6180,2017-02-18,6180,橘子,tpex,28.80,28.90,28.60,28.80,191000,5486600,0.00,,157593615,128,
2017-02-18_6182,2017-02-18,6182,合晶,tpex,16.20,16.45,15.95,16.10,7471000,120818000,0.10,,413085575,2458,
2017-02-18_6183,2017-02-18,6183,關貿,twse,26.25,26.40,26.25,26.25,19005,499780,0.05,,,8,
2017-02-18_6184,2017-02-18,6184,大豐電,twse,34.15,34.80,34.00,34.60,62881,2168211,0.4,,,55,
2017-02-18_6185,2017-02-18,6185,幃翔,tpex,22.60,22.75,22.45,22.75,224000,5067450,0.20,,118858390,103,
2017-02-18_6186,2017-02-18,6186,新潤,tpex,23.60,23.65,23.45,23.55,561000,13211900,0.10,,71690408,234,
2017-02-18_6187,2017-02-18,6187,萬潤,tpex,67.30,68.20,67.00,67.10,2590000,174879400,0.80,,84238902,1322,
2017-02-18_6188,2017-02-18,6188,廣明,tpex,37.50,38.25,37.10,37.40,3299000,124218450,,,278358910,1577,
2017-02-18_6189,2017-02-18,6189,豐藝,twse,31.50,31.50,31.35,31.40,122730,3859486,-0.1,,,139,
2017-02-18_6190,2017-02-18,6190,萬泰科,tpex,15.20,15.45,14.70,15.05,10219000,154305650,0.20,,123535310,3311,
2017-02-18_6191,2017-02-18,6191,精成科,twse,13.55,13.75,13.05,13.20,8883659,118219885,0.1,,,2303,
2017-02-18_6192,2017-02-18,6192,巨路,twse,51.30,51.60,51.10,51.20,43389,2225716,-0.1,,,37,
2017-02-18_6194,2017-02-18,6194,育富,tpex,16.15,16.30,16.00,16.10,46000,743350,0.00,,78000000,28,
2017-02-18_6195,2017-02-18,6195,詩肯,tpex,49.60,49.85,49.50,49.60,29000,1439350,0.00,,42982940,21,
2017-02-18_6196,2017-02-18,6196,帆宣,twse,32.75,32.90,32.60,32.65,1341161,43846246,-0.1,,,538,
2017-02-18_6197,2017-02-18,6197,佳必琪,twse,32.40,32.50,31.90,32.00,410996,13185846,-0.3,,,269,
2017-02-18_6201,2017-02-18,6201,亞弘電,twse,30.80,31.60,30.80,31.30,42000,1315250,0.3,,,35,
2017-02-18_6202,2017-02-18,6202,盛群,twse,52.30,53.00,52.00,52.70,646636,34070988,0.7,,,418,
2017-02-18_6203,2017-02-18,6203,海韻電,tpex,32.05,32.30,32.00,32.25,32000,1028500,0.05,,79953277,20,
2017-02-18_6204,2017-02-18,6204,艾華,tpex,21.15,21.45,21.15,21.45,7000,149000,0.10,,36097000,7,
2017-02-18_6205,2017-02-18,6205,詮欣,twse,31.90,34.35,31.90,34.35,5407311,182831126,3.1,,,1785,
2017-02-18_6206,2017-02-18,6206,飛捷,twse,100.50,102.00,100.50,101.00,128629,12974712,0.0,,,79,
2017-02-18_6207,2017-02-18,6207,雷科,tpex,24.60,24.70,24.50,24.60,222000,5454950,0.15,,83954589,107,
2017-02-18_6208,2017-02-18,6208,日揚,tpex,14.35,14.70,14.35,14.60,708000,10310650,0.25,,98993565,239,
2017-02-18_6209,2017-02-18,6209,今國光,twse,22.45,23.10,22.40,22.85,3275274,74626453,0.4,,,1317,
2017-02-18_6210,2017-02-18,6210,慶生,tpex,36.45,36.50,36.30,36.30,66000,2401600,,,35048000,43,
2017-02-18_6213,2017-02-18,6213,聯茂,twse,41.80,42.45,41.25,41.70,2493777,104305286,0.05,,,1255,
2017-02-18_6214,2017-02-18,6214,精誠,twse,61.80,62.30,61.50,61.50,768914,47548599,-0.3,,,442,
2017-02-18_6215,2017-02-18,6215,和椿,twse,12.70,13.15,12.60,13.15,559040,7238170,0.45,,,221,
2017-02-18_6216,2017-02-18,6216,居易,twse,32.35,32.50,32.10,32.35,221551,7179459,0.0,,,173,
2017-02-18_6217,2017-02-18,6217,中探針,tpex,36.80,37.10,36.70,37.00,126000,4651400,0.20,,63213055,100,
2017-02-18_6218,2017-02-18,6218,豪勉,tpex,19.05,19.10,18.85,18.95,89000,1684000,,,64262000,35,
2017-02-18_6219,2017-02-18,6219,富旺,tpex,10.95,11.05,10.95,11.05,85000,932950,0.05,,175871276,19,
2017-02-18_6220,2017-02-18,6220,岳豐,tpex,70.30,72.90,69.60,70.20,6900000,494276100,0.00,,124554488,4174,
2017-02-18_6221,2017-02-18,6221,晉泰,tpex,24.30,24.50,24.30,24.50,8000,194600,0.10,,39518358,4,
2017-02-18_6222,2017-02-18,6222,上揚,tpex,6.39,6.40,6.39,6.40,6000,38350,0.00,,28785442,2,
2017-02-18_6223,2017-02-18,6223,旺矽,tpex,93.00,93.00,91.70,91.90,790000,72814400,0.10,,79605392,546,
2017-02-18_6224,2017-02-18,6224,聚鼎,twse,59.00,59.20,58.90,59.20,101178,5973265,0.2,,,85,
2017-02-18_6225,2017-02-18,6225,天瀚,twse,3.40,3.50,3.40,3.41,7437,25450,-0.09,,,14,
2017-02-18_6226,2017-02-18,6226,光鼎,twse,8.45,8.54,8.33,8.36,661885,5546357,0.05,,,161,
2017-02-18_6227,2017-02-18,6227,茂綸,tpex,21.90,22.00,21.85,21.85,132000,2893800,,,76111786,69,
2017-02-18_6228,2017-02-18,6228,全譜,tpex,11.90,11.95,11.70,11.90,75000,882300,0.10,,21223141,49,
2017-02-18_6229,2017-02-18,6229,研通,tpex,13.40,13.40,13.25,13.35,31000,412650,,,36087700,16,
2017-02-18_6230,2017-02-18,6230,尼得科超眾,twse,146.50,147.00,145.00,145.00,362307,52746015,-0.5,,,302,
2017-02-18_6231,2017-02-18,6231,系微,tpex,25.45,25.55,25.15,25.15,48000,1217850,,,38043488,39,
2017-02-18_6233,2017-02-18,6233,旺玖,tpex,9.93,10.00,9.88,9.91,125000,1242440,0.06,,84574896,47,
2017-02-18_6234,2017-02-18,6234,高僑,tpex,18.50,18.50,18.30,18.45,174000,3195300,0.00,,92864383,85,
2017-02-18_6235,2017-02-18,6235,華孚,twse,20.70,20.95,20.70,20.95,1151806,23938539,0.2,,,489,
2017-02-18_6236,2017-02-18,6236,康呈,tpex,22.90,22.90,22.85,22.85,2000,45750,0.85,,31654039,2,
2017-02-18_6237,2017-02-18,6237,驊訊,tpex,26.80,26.80,26.50,26.65,137000,3651100,,,77946371,56,
2017-02-18_6238,2017-02-18,6238,勝麗,tpex,224.00,234.00,224.00,225.50,1936000,442618000,5.00,,49049069,1623,
2017-02-18_6239,2017-02-18,6239,力成,twse,89.60,90.60,88.80,89.90,634473,57046097,1.1,,,572,
2017-02-18_6240,2017-02-18,6240,松崗,tpex,31.40,31.40,30.80,30.80,23000,712200,,,23098370,19,
2017-02-18_6241,2017-02-18,6241,易通展,tpex,16.20,16.45,15.75,15.90,267000,4264550,,,23717288,184,
2017-02-18_6242,2017-02-18,6242,立康,tpex,47.70,47.70,47.70,47.70,2000,95400,,flat,22200000,2,
2017-02-18_6243,2017-02-18,6243,迅杰,twse,15.65,16.00,15.65,15.95,382955,6056601,0.35,,,211,
2017-02-18_6244,2017-02-18,6244,茂迪,tpex,30.10,30.40,29.90,30.30,4885000,147421750,0.70,,488319908,2150,
2017-02-18_6245,2017-02-18,6245,立端,tpex,44.20,44.20,43.70,43.70,222000,9721750,,,103644588,146,
2017-02-18_6246,2017-02-18,6246,臺龍,tpex,24.55,25.30,24.55,24.65,14000,350600,,,21750010,9,
2017-02-18_6247,2017-02-18,6247,淇譽電,tpex,9.66,9.74,9.56,9.72,96000,928010,0.07,,60321000,50,
2017-02-18_6248,2017-02-18,6248,沛波,tpex,24.00,24.00,23.80,23.80,3000,71800,0.10,,30675184,3,
2017-02-18_6251,2017-02-18,6251,定穎,twse,9.07,9.12,9.06,9.09,236347,2149257,0.02,,,90,
2017-02-18_6257,2017-02-18,6257,矽格,twse,26.50,27.05,26.50,26.70,1769469,47401049,0.25,,,841,
2017-02-18_6259,2017-02-18,6259,百徽,tpex,3.15,3.15,3.15,3.15,57000,179550,0.00,down,72936430,11,
2017-02-18_6261,2017-02-18,6261,久元,tpex,46.60,47.10,46.45,46.95,356000,16691450,0.15,,128497989,219,
2017-02-18_6263,2017-02-18,6263,普萊德,tpex,50.00,50.20,49.90,49.90,110000,5496350,0.05,,62500964,68,
2017-02-18_6264,2017-02-18,6264,富裔,tpex,7.83,7.88,7.68,7.80,7000,54680,,,116355291,7,
2017-02-18_6265,2017-02-18,6265,方土昶,tpex,7.32,7.38,7.30,7.33,109000,798740,0.00,,118172151,50,
2017-02-18_6266,2017-02-18,6266,泰詠,tpex,11.50,11.60,11.40,11.50,199000,2281400,0.00,,92197356,89,
2017-02-18_6269,2017-02-18,6269,台郡,twse,94.20,95.80,93.60,95.50,2388758,226680810,1.3,,,1556,
2017-02-18_6270,2017-02-18,6270,倍微,tpex,10.55,10.60,10.55,10.55,59000,623150,0.00,,72145759,23,
2017-02-18_6271,2017-02-18,6271,同欣電,twse,125.00,126.50,125.00,125.50,384673,48320456,2.0,,,335,
2017-02-18_6274,2017-02-18,6274,台燿,tpex,43.00,44.85,42.60,43.55,5080000,222600850,0.65,,241815308,2729,
2017-02-18_6275,2017-02-18,6275,元山,tpex,15.95,16.00,15.85,15.90,249000,3961000,0.00,,54431294,73,
2017-02-18_6276,2017-02-18,6276,安鈦克,tpex,9.70,10.10,9.60,9.72,85000,840610,0.13,,33733000,62,
2017-02-18_6277,2017-02-18,6277,宏正,twse,81.80,82.80,81.80,82.20,95000,7807600,0.6,,,68,
2017-02-18_6278,2017-02-18,6278,台表科,twse,27.90,28.25,27.80,28.00,1181358,33189414,0.1,,,548,
2017-02-18_6279,2017-02-18,6279,胡連,tpex,152.50,153.00,151.50,151.50,241000,36676500,0.50,,97177505,211,
2017-02-18_6281,2017-02-18,6281,全國電,twse,62.80,62.90,62.60,62.80,25531,1602945,0.2,,,22,
2017-02-18_6282,2017-02-18,6282,康舒,twse,24.30,24.85,24.25,24.60,3689290,90817365,0.4,,,1468,
2017-02-18_6283,2017-02-18,6283,淳安,twse,49.70,51.60,49.55,50.10,2243385,113303152,0.6,,,1336,
2017-02-18_6284,2017-02-18,6284,佳邦,tpex,21.95,22.05,21.80,22.00,105000,2304150,0.10,,102558254,62,
2017-02-18_6285,2017-02-18,6285,啟碁,twse,91.80,92.30,91.00,91.20,809373,73995006,-0.6,,,622,
2017-02-18_6287,2017-02-18,6287,元隆,tpex,3.10,3.11,3.10,3.11,30000,93150,0.01,,318145590,6,
2017-02-18_6289,2017-02-18,6289,華上,twse,2.35,2.35,2.26,2.27,705118,1632258,0.13,,,126,
2017-02-18_6290,2017-02-18,6290,良維,tpex,29.50,29.50,29.00,29.15,275000,8009600,,,131056770,183,
2017-02-18_6291,2017-02-18,6291,沛亨,tpex,2.99,2.99,2.99,2.99,1000,2990,0.00,down,33000000,1,
2017-02-18_6292,2017-02-18,6292,迅德,tpex,31.75,32.30,31.75,32.25,286000,9179200,0.75,,46900712,168,
2017-02-18_6294,2017-02-18,6294,智基,tpex,124.00,126.00,124.00,125.00,53000,6631500,,,20262000,48,
2017-02-18_6298,2017-02-18,6298,崴強,tpex,17.55,17.90,17.40,17.65,1154000,20345600,0.25,,168951974,286,
2017-02-18_6404,2017-02-18,6404,通訊-KY,tpex,14.65,14.80,14.60,14.75,50000,734450,0.00,,37904000,29,
2017-02-18_6405,2017-02-18,6405,悅城,twse,18.15,18.65,18.00,18.20,119900,2196340,0.1,,,63,
2017-02-18_6409,2017-02-18,6409,旭隼,twse,423.50,423.50,421.00,421.00,7000,2957500,-2.5,,,7,
2017-02-18_6411,2017-02-18,6411,晶焱,tpex,69.70,70.20,69.00,69.50,667000,46272300,,,65928000,476,
2017-02-18_6412,2017-02-18,6412,群電,twse,47.50,49.00,47.50,48.35,546400,26412780,0.85,,,296,
2017-02-18_6414,2017-02-18,6414,樺漢,twse,493.00,506.00,492.00,503.00,308296,153974000,12.0,,,307,
2017-02-18_6415,2017-02-18,6415,矽力*-KY,twse,510.00,516.00,509.00,512.00,100877,51591270,2.0,,,93,
2017-02-18_6417,2017-02-18,6417,韋僑,tpex,40.45,40.45,39.75,40.45,49000,1960450,,,35614000,40,
2017-02-18_6419,2017-02-18,6419,京晨科,tpex,14.20,14.25,14.05,14.25,16000,225850,0.05,,22045170,9,
2017-02-18_6422,2017-02-18,6422,君耀-KY,twse,68.30,68.60,68.00,68.30,152557,10423220,0.1,,,130,
2017-02-18_6426,2017-02-18,6426,統新,tpex,83.00,89.50,83.00,89.50,2276000,201793200,8.10,,32290000,1260,
2017-02-18_6431,2017-02-18,6431,光麗-KY,twse,8.55,8.55,8.40,8.51,19011,160798,0.02,,,21,
2017-02-18_6432,2017-02-18,6432,今展科,tpex,24.75,25.20,24.70,25.15,33000,824450,0.30,,19530440,22,
2017-02-18_6435,2017-02-18,6435,大中,tpex,40.50,40.85,40.15,40.55,461000,18716150,0.45,,33063000,195,
2017-02-18_6442,2017-02-18,6442,光聖,twse,46.30,47.00,46.20,46.95,198100,9265390,0.8,,,156,
2017-02-18_6443,2017-02-18,6443,元晶,twse,11.65,11.70,11.50,11.55,2444140,28290292,0.1,,,739,
2017-02-18_6446,2017-02-18,6446,藥華藥,tpex,160.00,162.00,159.50,159.50,412000,66132500,0.50,,218547668,351,
2017-02-18_6449,2017-02-18,6449,鈺邦,twse,37.80,38.00,37.15,37.50,888000,33250650,-0.1,,,481,
2017-02-18_6451,2017-02-18,6451,訊芯-KY,twse,112.50,116.50,112.00,114.00,1972250,225142500,2.0,,,1363,
2017-02-18_6452,2017-02-18,6452,康友-KY,twse,485.00,501.00,481.00,491.00,1132523,558989362,11.5,,,1016,
2017-02-18_6456,2017-02-18,6456,GIS-KY,twse,123.50,126.00,121.00,123.50,5317840,656929740,-2.5,,,3314,
2017-02-18_6457,2017-02-18,6457,紘康,tpex,29.60,30.20,29.50,30.00,46000,1375550,1.00,,28753085,27,
2017-02-18_6462,2017-02-18,6462,神盾,tpex,281.00,281.00,275.00,276.00,306000,84847000,,,69183754,262,
2017-02-18_6464,2017-02-18,6464,台數科,twse,124.00,124.00,124.00,124.00,2000,248000,0.0,down,,1,
2017-02-18_6465,2017-02-18,6465,威潤,tpex,70.50,71.00,68.50,69.90,83000,5825900,,,24369703,75,
2017-02-18_6469,2017-02-18,6469,大樹,tpex,80.50,84.00,80.50,82.30,85000,6998900,2.30,,26523000,69,
2017-02-18_6470,2017-02-18,6470,宇智,tpex,53.20,54.10,52.70,52.90,255000,13601800,0.40,,32009100,111,
2017-02-18_6477,2017-02-18,6477,安集,twse,18.30,18.30,18.30,18.30,4015,73474,0.0,down,,4,
2017-02-18_6482,2017-02-18,6482,弘煜科,tpex,59.50,59.60,56.20,58.10,195000,11459100,3.90,,14084000,148,
2017-02-18_6485,2017-02-18,6485,點序,tpex,55.00,55.20,54.60,54.90,141000,7740200,0.20,,30445500,91,
2017-02-18_6486,2017-02-18,6486,互動,tpex,35.40,36.00,35.00,35.75,137000,4848250,0.35,,46180000,85,
2017-02-18_6488,2017-02-18,6488,環球晶,tpex,189.00,195.50,184.50,191.00,8354000,1590162000,8.50,,369250000,6224,
2017-02-18_6494,2017-02-18,6494,九齊,tpex,37.00,37.40,36.75,37.40,95000,3518250,0.40,,26559690,56,
2017-02-18_6496,2017-02-18,6496,科懋,tpex,87.10,89.00,85.30,86.00,1443000,126002100,5.00,,46667000,1187,
2017-02-18_6499,2017-02-18,6499,益安,tpex,114.00,114.00,111.00,112.50,287000,32448500,,,51202804,241,
2017-02-18_6504,2017-02-18,6504,南六,twse,162.00,163.50,161.50,163.00,107100,17420200,2.0,,,81,
2017-02-18_6505,2017-02-18,6505,台塑化,twse,107.00,108.00,106.50,107.50,916025,98391175,0.5,,,289,
2017-02-18_6506,2017-02-18,6506,雙邦,tpex,24.65,24.70,24.50,24.55,128000,3143800,,,76856968,65,
2017-02-18_6508,2017-02-18,6508,惠光,tpex,27.45,27.45,27.15,27.20,69000,1877350,,,81393307,41,
2017-02-18_6509,2017-02-18,6509,聚和,tpex,18.90,18.90,18.70,18.70,339000,6378050,,,162765566,183,
2017-02-18_6510,2017-02-18,6510,精測,tpex,1325.00,1345.00,1295.00,1345.00,279000,366865000,25.00,,30789022,272,
2017-02-18_6512,2017-02-18,6512,啟發電,tpex,29.75,31.70,29.75,31.70,311000,9791500,2.85,,25000000,209,
2017-02-18_6514,2017-02-18,6514,芮特-KY,tpex,39.10,40.30,38.40,40.30,15000,584200,1.30,,21358700,8,
2017-02-18_6523,2017-02-18,6523,達爾膚,tpex,171.50,173.00,169.00,169.50,126000,21535500,,,45815625,118,
2017-02-18_6525,2017-02-18,6525,捷敏-KY,twse,55.60,56.60,55.30,55.70,514000,28703100,0.3,,,258,
2017-02-18_6531,2017-02-18,6531,愛普*,twse,76.00,76.20,75.00,76.10,237000,17917200,0.4,,,186,
2017-02-18_6532,2017-02-18,6532,瑞耘,tpex,25.75,25.75,24.70,24.95,324000,8101650,,,31626725,200,
2017-02-18_6535,2017-02-18,6535,順藥,tpex,49.25,52.20,49.25,49.85,629000,31858550,1.05,,94230400,464,
2017-02-18_6538,2017-02-18,6538,倉和,tpex,68.70,74.80,68.70,73.30,176000,12771300,4.90,,30300000,156,
2017-02-18_6542,2017-02-18,6542,隆中,tpex,89.00,90.00,89.00,90.00,21000,1884400,0.70,,30000600,18,
2017-02-18_6548,2017-02-18,6548,長華科,tpex,296.00,298.50,293.00,296.00,76000,22494000,0.00,,30107105,69,
2017-02-18_6552,2017-02-18,6552,易華電,twse,28.90,29.05,28.45,28.50,248100,7103450,-0.5,,,146,
2017-02-18_6554,2017-02-18,6554,中美冠科-KY,tpex,56.50,56.90,55.80,56.80,381000,21395600,,,144972317,229,
2017-02-18_6560,2017-02-18,6560,欣普羅,tpex,108.00,114.50,105.00,114.50,927000,103142000,10.00,,17151446,766,
2017-02-18_6568,2017-02-18,6568,宏觀,tpex,148.00,149.50,148.00,149.00,184000,27362000,1.00,,24700900,150,
2017-02-18_6569,2017-02-18,6569,醫揚,tpex,232.00,237.00,230.00,233.00,110000,25606000,3.00,,18188610,96,
2017-02-18_6603,2017-02-18,6603,富強鑫,tpex,12.20,12.25,12.10,12.25,107000,1303300,0.05,,123011316,49,
2017-02-18_6605,2017-02-18,6605,帝寶,twse,85.50,85.50,84.70,84.90,95275,8085812,-0.6,,,84,
2017-02-18_6609,2017-02-18,6609,瀧澤科,tpex,23.55,23.80,23.20,23.70,170000,4002600,0.15,,71035535,114,
2017-02-18_6803,2017-02-18,6803,崑鼎,tpex,180.00,180.00,178.50,178.50,59000,10567500,,,66461398,56,
2017-02-18_7402,2017-02-18,7402,邑錡,tpex,73.00,73.80,73.00,73.00,62000,4565200,,,18746371,55,
2017-02-18_8011,2017-02-18,8011,台通,twse,22.00,22.45,22.00,22.15,4806677,106853753,0.8,,,2132,
2017-02-18_8016,2017-02-18,8016,矽創,twse,98.80,99.60,98.50,98.50,345710,34130464,-0.1,,,322,
2017-02-18_8021,2017-02-18,8021,尖點,twse,21.80,22.45,21.75,22.15,3022300,66872374,0.45,,,1114,
2017-02-18_8024,2017-02-18,8024,佑華,tpex,12.50,12.80,12.10,12.10,877000,10950800,0.25,,46013100,409,
2017-02-18_8027,2017-02-18,8027,鈦昇,tpex,18.70,20.10,18.70,19.70,1458000,28517450,1.00,,54211637,441,
2017-02-18_8032,2017-02-18,8032,光菱,tpex,25.00,25.00,24.90,25.00,5000,124750,0.05,,51810300,5,
2017-02-18_8033,2017-02-18,8033,雷虎,twse,8.36,8.37,8.25,8.37,305454,2537873,-0.02,,,189,
2017-02-18_8034,2017-02-18,8034,榮群,tpex,7.99,8.02,7.71,7.82,178000,1402920,,,62873725,91,
2017-02-18_8038,2017-02-18,8038,長園科,tpex,47.80,48.10,47.60,47.60,128000,6119650,,,56545540,104,
2017-02-18_8039,2017-02-18,8039,台虹,twse,38.00,39.50,38.00,39.50,2021120,78672892,1.7,,,1174,
2017-02-18_8040,2017-02-18,8040,九暘,tpex,7.18,7.20,7.13,7.18,47000,337290,0.00,,82725258,17,
2017-02-18_8042,2017-02-18,8042,金山電,tpex,57.30,58.50,57.30,58.40,806000,46795000,1.10,,109741381,549,
2017-02-18_8043,2017-02-18,8043,蜜望實,tpex,18.00,18.10,18.00,18.05,47000,849050,0.05,,79907170,30,
2017-02-18_8044,2017-02-18,8044,網家,tpex,217.50,228.00,216.00,228.00,2156000,482356500,14.00,,110316078,1901,
2017-02-18_8046,2017-02-18,8046,南電,twse,25.85,26.20,25.80,25.95,891660,23165708,0.25,,,354,
2017-02-18_8047,2017-02-18,8047,星雲,tpex,11.15,11.15,11.15,11.15,3000,33450,0.05,up,41473843,2,
2017-02-18_8048,2017-02-18,8048,德勝,tpex,26.60,27.45,26.60,26.70,294000,7945450,0.25,,53264938,198,
2017-02-18_8049,2017-02-18,8049,晶采,tpex,14.55,14.70,14.50,14.50,517000,7550400,0.05,,118234308,195,
2017-02-18_8050,2017-02-18,8050,廣積,tpex,63.00,63.00,62.40,62.70,416000,26027100,0.00,,120380915,296,
2017-02-18_8054,2017-02-18,8054,安國,tpex,18.90,19.05,18.80,18.95,156000,2957050,0.10,,73903682,70,
2017-02-18_8059,2017-02-18,8059,凱碩,tpex,14.05,14.05,13.85,13.85,314000,4361500,,,91118000,127,
2017-02-18_8064,2017-02-18,8064,東捷,tpex,17.20,17.25,17.00,17.00,1951000,33340300,,,164475836,698,
2017-02-18_8066,2017-02-18,8066,來思達,tpex,106.00,107.00,105.50,106.50,133000,14117500,0.00,,25126920,87,
2017-02-18_8067,2017-02-18,8067,志旭,tpex,4.59,4.59,4.59,4.59,1000,4590,,flat,44755439,1,
2017-02-18_8068,2017-02-18,8068,全達,tpex,39.65,40.00,38.90,39.00,76000,2982750,,,66955992,43,
2017-02-18_8069,2017-02-18,8069,元太,tpex,25.40,25.95,25.30,25.30,11766000,301043450,0.40,,1140467715,4059,
2017-02-18_8070,2017-02-18,8070,長華*,twse,143.50,146.00,142.50,143.00,232194,33381048,-0.5,,,216,
2017-02-18_8071,2017-02-18,8071,能率豐,tpex,14.10,14.10,13.85,14.05,50000,698300,,,51854283,24,
2017-02-18_8072,2017-02-18,8072,陞泰,twse,22.50,22.50,22.15,22.15,31225,694783,-0.15,,,24,
2017-02-18_8074,2017-02-18,8074,鉅橡,tpex,32.00,32.10,31.65,31.70,407000,12928400,,,75180933,196,
2017-02-18_8076,2017-02-18,8076,伍豐,tpex,62.50,62.70,61.70,61.70,1005000,62319400,,,247436922,637,
2017-02-18_8077,2017-02-18,8077,洛碁,tpex,21.40,21.95,21.20,21.70,16000,342750,0.40,,53766888,16,
2017-02-18_8080,2017-02-18,8080,奧斯特,tpex,15.50,16.00,15.50,15.55,279000,4370650,,,63991604,183,
2017-02-18_8081,2017-02-18,8081,致新,twse,71.60,71.60,69.70,70.00,1358630,95459562,-2.2,,,912,
2017-02-18_8083,2017-02-18,8083,瑞穎,tpex,165.50,166.00,165.00,165.50,42000,6948500,0.50,,35133193,37,
2017-02-18_8084,2017-02-18,8084,巨虹,tpex,35.30,35.30,35.30,35.30,32000,1129600,0.00,down,53936544,31,
2017-02-18_8085,2017-02-18,8085,福華,tpex,7.47,7.65,7.32,7.60,6136000,46013790,0.37,,157257242,1562,
2017-02-18_8086,2017-02-18,8086,宏捷科,tpex,65.60,66.40,65.00,65.20,7079000,464223500,0.30,,142965123,4179,
2017-02-18_8087,2017-02-18,8087,華鎂鑫,tpex,8.61,8.73,8.56,8.56,17000,146590,,,29868965,15,
2017-02-18_8088,2017-02-18,8088,品安,tpex,20.90,21.00,20.65,20.75,243000,5049800,,,57859468,155,
2017-02-18_8091,2017-02-18,8091,翔名,tpex,52.30,52.30,51.70,52.00,128000,6640800,,,60680163,103,
2017-02-18_8092,2017-02-18,8092,建暐,tpex,7.54,7.64,7.42,7.51,60000,449540,0.09,,38850616,32,
2017-02-18_8093,2017-02-18,8093,保銳,tpex,6.77,6.77,6.56,6.66,42000,278020,0.00,,64208493,28,
2017-02-18_8096,2017-02-18,8096,擎亞,tpex,16.45,16.70,16.20,16.25,1147000,18806000,,,139623950,556,
2017-02-18_8097,2017-02-18,8097,常珵,tpex,13.00,13.25,12.95,12.95,129000,1682500,0.15,,26674306,58,
2017-02-18_8099,2017-02-18,8099,大世科,tpex,19.25,19.40,19.10,19.20,211000,4063400,0.15,,67200000,110,
2017-02-18_8101,2017-02-18,8101,華冠,twse,5.25,5.33,5.25,5.26,248293,1311998,0.01,,,94,
2017-02-18_8103,2017-02-18,8103,瀚荃,twse,31.95,32.15,31.55,31.80,658005,20999446,0.05,,,372,
2017-02-18_8105,2017-02-18,8105,凌巨,twse,18.25,18.55,18.25,18.35,1446038,26641695,0.05,,,523,
2017-02-18_8107,2017-02-18,8107,大億科,tpex,23.40,23.55,23.30,23.45,54000,1262150,0.20,,99335000,38,
2017-02-18_8109,2017-02-18,8109,博大,tpex,62.20,62.20,61.90,62.20,40000,2479500,0.00,,60044135,29,
2017-02-18_8110,2017-02-18,8110,華東,twse,13.45,14.20,13.45,14.20,16131759,223329423,0.95,,,3248,
2017-02-18_8111,2017-02-18,8111,立碁,tpex,5.59,5.74,5.56,5.73,202000,1144040,0.14,,117102223,72,
2017-02-18_8112,2017-02-18,8112,至上,twse,26.20,26.70,26.20,26.35,12492205,329897878,0.6,,,4384,
2017-02-18_8114,2017-02-18,8114,振樺電,twse,169.50,171.00,169.50,170.50,60010,10218210,0.5,,,58,
2017-02-18_8121,2017-02-18,8121,越峰,tpex,13.20,13.25,12.90,13.00,435000,5660550,,,182422743,173,
2017-02-18_8131,2017-02-18,8131,福懋科,twse,23.95,24.00,23.85,24.00,331150,7935060,0.0,,,116,
2017-02-18_8147,2017-02-18,8147,正淩,tpex,37.45,37.60,37.30,37.60,20000,749500,0.15,,24859402,13,
2017-02-18_8150,2017-02-18,8150,南茂,twse,25.55,25.85,25.35,25.70,6819289,175075187,0.35,,,3541,
2017-02-18_8155,2017-02-18,8155,博智,tpex,32.30,35.40,32.30,35.35,1870000,64863350,3.15,,49756000,1083,
2017-02-18_8163,2017-02-18,8163,達方,twse,20.40,20.50,20.40,20.45,172609,3527032,0.1,,,117,
2017-02-18_8171,2017-02-18,8171,天宇,tpex,11.30,11.70,11.30,11.40,79000,898050,0.05,,51493230,29,
2017-02-18_8176,2017-02-18,8176,智捷,tpex,8.71,8.74,8.65,8.70,94000,816350,,,72500000,44,
2017-02-18_8182,2017-02-18,8182,加高,tpex,14.80,14.90,14.75,14.75,87000,1285450,,,107041215,19,
2017-02-18_8183,2017-02-18,8183,精星,tpex,22.95,23.85,22.90,23.35,1782000,41625750,0.00,,113251068,849,
2017-02-18_8201,2017-02-18,8201,無敵,twse,8.69,8.80,8.60,8.75,112741,979964,0.2,,,50,
2017-02-18_8210,2017-02-18,8210,勤誠,twse,55.30,55.30,54.30,55.10,162225,8903029,0.7,,,100,
2017-02-18_8213,2017-02-18,8213,志超,twse,31.50,31.70,31.40,31.65,247411,7809315,0.15,,,139,
2017-02-18_8215,2017-02-18,8215,明基材,twse,15.05,15.15,14.95,15.05,1205488,18137470,0.1,,,468,
2017-02-18_8222,2017-02-18,8222,寶一,twse,26.00,26.20,25.80,25.85,166100,4312657,0.05,,,129,
2017-02-18_8234,2017-02-18,8234,新漢,tpex,33.05,33.30,32.85,32.90,322000,10642100,,,140846472,188,
2017-02-18_8240,2017-02-18,8240,華宏,tpex,22.10,23.30,22.10,22.35,1148000,26145650,0.35,,100004414,607,
2017-02-18_8249,2017-02-18,8249,菱光,twse,23.45,23.80,23.35,23.65,319170,7535830,0.2,,,186,
2017-02-18_8255,2017-02-18,8255,朋程,tpex,108.50,110.00,108.00,110.00,190000,20743000,1.50,,74865000,137,
2017-02-18_8261,2017-02-18,8261,富鼎,twse,20.80,20.90,20.70,20.75,186614,3879497,-0.05,,,118,
2017-02-18_8271,2017-02-18,8271,宇瞻,twse,34.90,34.90,34.65,34.80,583175,20279167,0.05,,,336,
2017-02-18_8277,2017-02-18,8277,商丞,tpex,11.20,11.20,11.05,11.05,283000,3144050,0.00,,91628833,116,
2017-02-18_8279,2017-02-18,8279,生展,tpex,106.50,107.00,103.50,103.50,327000,34395500,,,21000774,279,
2017-02-18_8287,2017-02-18,8287,英格爾,tpex,19.95,20.35,19.95,19.95,751000,15114200,,,140020527,396,
2017-02-18_8289,2017-02-18,8289,泰藝,tpex,10.80,10.80,10.70,10.70,31000,332800,,,77534405,11,
2017-02-18_8291,2017-02-18,8291,尚茂,tpex,5.85,5.99,5.85,5.99,51000,298490,0.19,,76024000,3,
2017-02-18_8299,2017-02-18,8299,群聯,tpex,258.00,258.50,256.00,256.50,512000,131513500,,,197073993,368,
2017-02-18_8341,2017-02-18,8341,日友,twse,127.50,130.50,127.00,129.00,662600,85696300,2.5,,,410,
2017-02-18_8349,2017-02-18,8349,恒耀,tpex,89.70,89.70,88.80,89.60,39000,3486700,0.20,,91026426,27,
2017-02-18_8354,2017-02-18,8354,冠好,tpex,16.35,16.50,16.35,16.45,32000,524200,,,63743720,11,
2017-02-18_8358,2017-02-18,8358,金居,tpex,56.00,58.60,54.50,57.60,18950000,1083773700,1.60,,210588000,9592,
2017-02-18_8374,2017-02-18,8374,羅昇,twse,18.65,20.15,18.65,19.50,3293843,64456510,1.0,,,1592,
2017-02-18_8383,2017-02-18,8383,千附,tpex,50.40,51.10,50.20,50.50,1036000,52412600,0.00,,118192482,636,
2017-02-18_8390,2017-02-18,8390,金益鼎,tpex,16.60,17.55,16.60,17.20,838000,14426200,0.65,,95539487,401,
2017-02-18_8401,2017-02-18,8401,白紗科,tpex,10.20,10.40,10.20,10.40,48000,493650,0.10,,60111680,31,
2017-02-18_8403,2017-02-18,8403,盛弘,tpex,39.40,40.55,38.90,39.45,2163000,86033850,0.25,,75584207,1362,
2017-02-18_8404,2017-02-18,8404,百和興業-KY,twse,37.00,37.25,36.95,37.00,164352,6086024,0.05,,,135,
2017-02-18_8406,2017-02-18,8406,金可-KY,tpex,303.50,311.50,300.50,310.00,202000,62317500,7.00,,92697472,178,
2017-02-18_8409,2017-02-18,8409,商之器,tpex,23.50,24.40,23.30,24.00,194000,4642500,0.90,,28000000,140,
2017-02-18_8410,2017-02-18,8410,森田,tpex,26.50,27.15,26.50,26.65,93000,2494800,0.15,,36589200,63,
2017-02-18_8411,2017-02-18,8411,福貞-KY,twse,32.40,32.45,31.80,32.00,134862,4322234,-0.1,,,108,
2017-02-18_8415,2017-02-18,8415,大國鋼,tpex,18.30,18.35,18.20,18.20,491000,8966000,,,611500000,151,
2017-02-18_8416,2017-02-18,8416,實威,tpex,87.10,88.20,87.10,87.20,12000,1049700,0.20,,25646100,12,
2017-02-18_8418,2017-02-18,8418,捷必勝-KY,tpex,13.20,13.45,13.15,13.40,57000,758250,0.15,,67995000,25,
2017-02-18_8420,2017-02-18,8420,明揚,tpex,22.00,22.15,22.00,22.05,37000,816800,0.05,,50990000,24,
2017-02-18_8421,2017-02-18,8421,旭源,tpex,19.50,20.40,19.50,20.05,950000,19007800,0.75,,46750371,408,
2017-02-18_8422,2017-02-18,8422,可寧衛*,twse,170.50,170.50,169.00,169.50,49315,8369365,0.5,,,53,
2017-02-18_8423,2017-02-18,8423,保綠-KY,tpex,18.00,18.50,18.00,18.05,22000,396650,0.05,,19439000,11,
2017-02-18_8424,2017-02-18,8424,惠普,tpex,34.90,35.25,34.90,34.90,9000,314550,0.00,,36054368,7,
2017-02-18_8426,2017-02-18,8426,紅木-KY,tpex,50.60,50.60,50.00,50.40,21000,1057800,0.45,,48300000,16,
2017-02-18_8427,2017-02-18,8427,基勝-KY,twse,64.30,65.40,64.20,64.80,58000,3751300,0.5,,,36,
2017-02-18_8429,2017-02-18,8429,金麗-KY,twse,37.90,38.40,37.90,38.00,838973,31924374,0.0,,,459,
2017-02-18_8431,2017-02-18,8431,匯鑽科,tpex,55.20,57.00,55.00,55.70,266000,14876700,0.50,,44947597,205,
2017-02-18_8432,2017-02-18,8432,東生華,tpex,73.00,75.50,73.00,73.90,443000,32869100,1.20,,38398140,358,
2017-02-18_8433,2017-02-18,8433,弘帆,tpex,117.50,119.50,111.00,115.00,870000,99725000,,,52577600,698,
2017-02-18_8435,2017-02-18,8435,鉅邁,tpex,43.50,43.90,43.50,43.90,18000,787200,0.10,,31700450,11,
2017-02-18_8436,2017-02-18,8436,大江,tpex,171.50,173.00,169.00,171.00,314000,53690000,0.50,,75621251,260,
2017-02-18_8437,2017-02-18,8437,大地-KY,tpex,174.00,174.50,173.50,174.00,24000,4172500,,,32997160,23,
2017-02-18_8442,2017-02-18,8442,威宏-KY,twse,51.30,56.30,51.30,56.30,484422,26697558,5.1,,,244,
2017-02-18_8443,2017-02-18,8443,阿瘦,twse,17.90,18.05,17.90,18.05,12861,230899,0.05,,,19,
2017-02-18_8444,2017-02-18,8444,綠河-KY,tpex,178.00,180.00,176.00,178.00,89000,15824000,0.00,,74030000,68,
2017-02-18_8446,2017-02-18,8446,華研,tpex,117.00,117.00,115.50,116.00,173000,20032000,0.50,,42777000,122,
2017-02-18_8450,2017-02-18,8450,霹靂,tpex,83.00,83.50,81.70,82.80,185000,15238800,,,47957406,135,
2017-02-18_8454,2017-02-18,8454,富邦媒,twse,196.00,197.00,194.00,195.00,88100,17191600,-1.0,,,68,
2017-02-18_8455,2017-02-18,8455,大拓-KY,tpex,29.20,29.90,29.10,29.70,41000,1212150,0.45,,25219056,32,
2017-02-18_8462,2017-02-18,8462,柏文,tpex,80.50,80.70,80.20,80.60,43000,3458000,0.10,,40892500,36,
2017-02-18_8463,2017-02-18,8463,潤泰材,twse,18.70,18.85,18.55,18.55,172000,3207050,0.0,,,93,
2017-02-18_8464,2017-02-18,8464,億豐,twse,313.50,317.00,313.50,315.50,229124,72217812,3.5,,,203,
2017-02-18_8466,2017-02-18,8466,美吉吉-KY,twse,120.50,121.50,120.50,121.00,35000,4229500,0.0,,,34,
2017-02-18_8467,2017-02-18,8467,波力-KY,twse,34.30,35.00,34.30,35.00,4000,139300,-0.5,,,4,
2017-02-18_8472,2017-02-18,8472,夠麻吉,tpex,41.30,43.50,41.30,42.70,118000,5024450,1.40,,20311800,105,
2017-02-18_8473,2017-02-18,8473,山林水,twse,56.70,56.70,56.20,56.40,136120,7670340,-0.1,,,100,
2017-02-18_8477,2017-02-18,8477,創業家,tpex,58.90,59.00,58.20,58.30,22000,1288100,,,19621303,21,
2017-02-18_8480,2017-02-18,8480,泰昇-KY,twse,119.50,119.50,118.00,118.50,76000,9007500,0.0,,,61,
2017-02-18_8488,2017-02-18,8488,吉源-KY,twse,45.30,45.30,44.75,44.90,42000,1884400,0.15,,,18,
2017-02-18_8905,2017-02-18,8905,裕國,tpex,15.60,15.75,15.50,15.75,415000,6476200,0.15,,119440000,140,
2017-02-18_8906,2017-02-18,8906,花王,tpex,5.98,6.14,5.92,6.05,17000,101990,0.07,,51321600,13,
2017-02-18_8908,2017-02-18,8908,欣雄,tpex,28.70,28.70,28.70,28.70,2000,57400,,flat,144718960,1,
2017-02-18_8913,2017-02-18,8913,全銓,tpex,39.90,41.10,39.75,40.60,418000,16911800,0.80,,43719363,269,
2017-02-18_8916,2017-02-18,8916,光隆,tpex,46.30,47.30,45.75,46.60,1006000,46886700,0.30,,108325000,610,
2017-02-18_8921,2017-02-18,8921,沈氏,tpex,15.10,15.10,15.10,15.10,1000,15100,,flat,46592159,1,
2017-02-18_8923,2017-02-18,8923,時報,tpex,17.20,17.20,17.20,17.20,1000,17200,0.00,down,30375800,1,
2017-02-18_8924,2017-02-18,8924,大田,tpex,13.45,13.45,13.25,13.30,24000,318600,0.00,,121263282,14,
2017-02-18_8926,2017-02-18,8926,台汽電,twse,22.40,22.50,22.35,22.40,600811,13472408,0.0,,,257,
2017-02-18_8927,2017-02-18,8927,北基,tpex,9.86,9.94,9.86,9.87,11000,108580,,,191833166,7,
2017-02-18_8928,2017-02-18,8928,鉅明,tpex,24.75,25.00,24.70,24.90,38000,942150,0.00,,50854015,27,
2017-02-18_8929,2017-02-18,8929,富堡,tpex,32.65,33.40,32.65,32.70,115000,3782850,,,36812318,81,
2017-02-18_8930,2017-02-18,8930,青鋼,tpex,12.90,13.00,12.90,12.90,56000,723600,0.00,,70013226,18,
2017-02-18_8931,2017-02-18,8931,大汽電,tpex,22.30,22.50,22.25,22.50,37000,826900,0.00,,116433202,21,
2017-02-18_8933,2017-02-18,8933,愛地雅,tpex,11.50,11.50,11.45,11.45,210000,2405600,,,148376732,55,
2017-02-18_8934,2017-02-18,8934,衡平,tpex,31.50,33.85,31.50,33.85,38000,1222350,,,8510511,34,
2017-02-18_8935,2017-02-18,8935,邦泰,tpex,6.04,6.05,6.03,6.04,17000,102660,,,120306391,8,
2017-02-18_8936,2017-02-18,8936,國統,tpex,24.25,24.30,23.80,24.05,3178000,76477900,,,225836608,1409,
2017-02-18_8937,2017-02-18,8937,合騏,tpex,11.80,11.80,11.30,11.45,315000,3629100,,,72478800,114,
2017-02-18_8938,2017-02-18,8938,明安,tpex,25.90,25.90,25.50,25.50,133000,3403350,,,133375722,65,
2017-02-18_8940,2017-02-18,8940,新天地,twse,14.50,14.50,14.30,14.30,23072,331322,0.0,,,11,
2017-02-18_8941,2017-02-18,8941,關中,tpex,62.20,63.10,61.30,63.00,53000,3293400,,,23632403,18,
2017-02-18_8942,2017-02-18,8942,森鉅,tpex,75.30,78.20,75.00,77.40,1388000,106325100,2.10,,155517699,501,
2017-02-18_8996,2017-02-18,8996,高力,twse,55.40,56.70,55.20,56.00,521975,29321608,1.2,,,428,
2017-02-18_9103,2017-02-18,9103,美德醫療-DR,twse,1.95,1.96,1.93,1.93,474000,921420,-0.01,,,72,
2017-02-18_910322,2017-02-18,910322,康師傅-DR,twse,17.00,17.05,17.00,17.05,5000,85050,0.05,,,4,
2017-02-18_910482,2017-02-18,910482,聖馬丁-DR,twse,0.74,0.85,0.74,0.81,118965,91731,0.0,,,25,
2017-02-18_9105,2017-02-18,9105,泰金寶-DR,twse,3.29,3.30,3.26,3.27,1621715,5324377,0.0,,,255,
2017-02-18_910801,2017-02-18,910801,金衛-DR,twse,4.95,4.95,4.91,4.95,74000,364960,0.0,,,16,
2017-02-18_910861,2017-02-18,910861,神州-DR,twse,14.20,14.20,14.20,14.20,3000,42600,0.0,down,,1,
2017-02-18_9110,2017-02-18,9110,越南控-DR,twse,4.25,4.37,4.24,4.34,32100,136910,-0.04,,,13,
2017-02-18_911608,2017-02-18,911608,明輝-DR,twse,2.69,2.69,2.67,2.67,2000,5360,0.11,,,2,
2017-02-18_911616,2017-02-18,911616,杜康-DR,twse,1.92,1.92,1.87,1.89,451999,854088,-0.03,,,57,
2017-02-18_911868,2017-02-18,911868,同方友友-DR,twse,2.05,2.05,1.90,2.04,7000,13760,-0.01,,,4,
2017-02-18_912000,2017-02-18,912000,晨訊科-DR,twse,2.46,2.55,2.46,2.48,4542,11340,-0.01,,,4,
2017-02-18_912398,2017-02-18,912398,友佳-DR,twse,7.07,7.07,6.98,7.06,8000,56200,0.04,,,6,
2017-02-18_9136,2017-02-18,9136,巨騰-DR,twse,11.95,12.15,11.95,12.05,627013,7554909,0.05,,,97,
2017-02-18_9157,2017-02-18,9157,陽光能源-DR,twse,1.49,1.49,1.48,1.49,63000,93490,0.0,,,4,
2017-02-18_9188,2017-02-18,9188,精熙-DR,twse,4.29,4.31,4.26,4.31,11020,47366,0.06,,,7,
2017-02-18_9802,2017-02-18,9802,鈺齊-KY,twse,60.10,60.70,60.00,60.70,215109,12950114,0.4,,,153,
2017-02-18_9902,2017-02-18,9902,台火,twse,11.25,11.55,11.20,11.25,523024,5953767,0.1,,,241,
2017-02-18_9904,2017-02-18,9904,寶成,twse,42.00,43.00,41.90,42.80,4006158,170649014,0.5,,,2078,
2017-02-18_9905,2017-02-18,9905,大華,twse,24.85,24.95,24.75,24.75,85400,2117600,-0.1,,,92,
2017-02-18_9906,2017-02-18,9906,欣巴巴,twse,20.15,20.15,19.65,19.65,80187,1582636,-0.15,,,49,
2017-02-18_9907,2017-02-18,9907,統一實,twse,15.30,15.30,15.15,15.20,597811,9083984,-0.05,,,238,
2017-02-18_9908,2017-02-18,9908,大台北,twse,24.45,24.45,24.35,24.45,47096,1149797,-0.05,,,34,
2017-02-18_9910,2017-02-18,9910,豐泰,twse,130.00,130.50,129.50,130.00,209248,27223240,-0.5,,,164,
2017-02-18_9911,2017-02-18,9911,櫻花,twse,34.85,35.40,34.85,35.35,711310,24966365,0.25,,,358,
2017-02-18_9912,2017-02-18,9912,偉聯,twse,8.18,8.21,8.15,8.18,23748,194245,0.0,,,46,
2017-02-18_9914,2017-02-18,9914,美利達,twse,157.50,159.50,157.50,158.50,85978,13622025,1.0,,,102,
2017-02-18_9917,2017-02-18,9917,中保科,twse,90.10,90.30,90.00,90.00,83657,7544522,0.0,,,76,
2017-02-18_9918,2017-02-18,9918,欣天然,twse,31.75,32.25,31.75,32.00,6018,192226,0.0,,,12,
2017-02-18_9919,2017-02-18,9919,康那香,twse,11.85,11.85,11.55,11.55,711029,8258423,-0.2,,,304,
2017-02-18_9921,2017-02-18,9921,巨大,twse,195.50,197.00,195.00,195.00,35504,6954776,0.0,,,45,
2017-02-18_9924,2017-02-18,9924,福興,twse,43.45,43.70,43.45,43.55,239690,10431171,0.15,,,142,
2017-02-18_9925,2017-02-18,9925,新保,twse,39.65,39.95,39.65,39.90,32745,1303273,0.25,,,34,
2017-02-18_9926,2017-02-18,9926,新海,twse,42.30,42.30,42.00,42.00,2500,105300,-0.3,,,5,
2017-02-18_9927,2017-02-18,9927,泰銘,twse,36.45,36.60,36.40,36.45,86024,3136271,-0.1,,,64,
2017-02-18_9929,2017-02-18,9929,秋雨,twse,10.45,10.70,10.45,10.45,4374,45880,-0.25,,,14,
2017-02-18_9930,2017-02-18,9930,中聯資源,twse,55.90,55.90,55.70,55.90,47500,2650049,0.1,,,41,
2017-02-18_9931,2017-02-18,9931,欣高,twse,31.00,31.00,30.85,30.85,10008,309222,-0.15,,,18,
2017-02-18_9933,2017-02-18,9933,中鼎,twse,51.10,51.70,51.10,51.60,548374,28265545,0.5,,,349,
2017-02-18_9934,2017-02-18,9934,成霖,twse,16.65,16.65,16.15,16.25,242729,3985807,-0.25,,,116,
2017-02-18_9935,2017-02-18,9935,慶豐富,twse,10.00,10.00,9.91,9.95,140055,1397536,-0.05,,,70,
2017-02-18_9937,2017-02-18,9937,全國,twse,39.00,39.35,39.00,39.00,36319,1419141,0.0,,,21,
2017-02-18_9938,2017-02-18,9938,百和,twse,91.20,93.70,91.20,93.70,651172,60584208,2.4,,,620,
2017-02-18_9939,2017-02-18,9939,宏全,twse,58.50,59.50,58.40,58.50,3250407,191436521,0.0,,,1818,
2017-02-18_9940,2017-02-18,9940,信義,twse,33.80,33.80,33.45,33.45,112000,3753295,-0.05,,,79,
2017-02-18_9941,2017-02-18,9941,裕融,twse,85.70,85.70,85.30,85.40,234045,19990943,-0.3,,,126,
2017-02-18_9942,2017-02-18,9942,茂順,twse,81.50,81.50,80.60,81.50,36003,2916747,0.0,,,33,
2017-02-18_9943,2017-02-18,9943,好樂迪,twse,51.80,52.00,51.70,51.90,107259,5559945,0.1,,,81,
2017-02-18_9944,2017-02-18,9944,新麗,twse,22.70,22.70,22.50,22.55,40216,907787,0.05,,,33,
2017-02-18_9945,2017-02-18,9945,潤泰新,twse,41.40,41.40,40.70,41.00,5998385,246079135,-0.25,,,2407,
2017-02-18_9946,2017-02-18,9946,三發地產,twse,11.60,11.60,11.50,11.50,341081,3947981,-0.05,,,68,
2017-02-18_9949,2017-02-18,9949,琉園,tpex,11.45,11.60,11.45,11.60,6000,68950,0.10,,47033360,4,
2017-02-18_9950,2017-02-18,9950,萬國通,tpex,14.90,14.90,14.70,14.70,34000,500750,,,96811950,21,
2017-02-18_9951,2017-02-18,9951,皇田,tpex,184.50,186.50,184.50,185.50,71000,13162500,1.00,,74900000,66,
2017-02-18_9955,2017-02-18,9955,佳龍,twse,16.90,17.75,16.85,17.50,558499,9787079,0.6,,,231,
2017-02-18_9958,2017-02-18,9958,世紀鋼,twse,9.95,9.95,9.86,9.91,35040,346765,0.05,,,26,
2017-02-18_9960,2017-02-18,9960,邁達康,tpex,33.20,33.75,33.10,33.75,100000,3346300,0.65,,33592500,65,
2017-02-18_9962,2017-02-18,9962,有益,tpex,10.65,10.75,10.60,10.70,231000,2466800,0.15,,90220260,63,
