key,date,stock_id,name,market,open,high,low,close,volume,amount,change,limit,shares,transactions,price_basis
2018-01-05_0050,2018-01-05,0050,元大台灣50,twse,83.50,83.80,83.30,83.75,7616796,636768692,0.25,,,2562,
2018-01-05_0051,2018-01-05,0051,元大中型100,twse,32.13,32.40,32.13,32.40,22130,714022,0.23,,,18,
2018-01-05_0052,2018-01-05,0052,富邦科技,twse,54.95,54.95,54.80,54.80,4000,219550,0.15,,,3,
2018-01-05_0053,2018-01-05,0053,元大電子,twse,36.45,36.45,36.06,36.07,8000,289710,0.02,,,7,
2018-01-05_0054,2018-01-05,0054,元大台商50,twse,24.28,24.28,23.95,24.28,6000,144400,0.18,,,6,
2018-01-05_0055,2018-01-05,0055,元大MSCI金融,twse,16.55,16.67,16.55,16.67,143000,2373760,0.15,,,58,
2018-01-05_0056,2018-01-05,0056,元大高股息,twse,25.41,25.48,25.39,25.44,2383585,60620826,0.03,,,782,
2018-01-05_0057,2018-01-05,0057,富邦摩台,twse,50.00,50.00,50.00,50.00,1000,50000,-0.15,down,,1,
2018-01-05_0059,2018-01-05,0059,富邦金融,twse,40.94,41.27,40.94,40.97,7000,287300,0.3,,,4,
2018-01-05_0061,2018-01-05,0061,元大寶滬深,twse,19.52,19.61,19.51,19.60,1712209,33503085,0.08,,,377,
2018-01-05_006201,2018-01-05,006201,元大富櫃50,tpex,15.12,15.18,15.02,15.08,755000,11431020,0.06,,15446000,40,
2018-01-05_006204,2018-01-05,006204,永豐臺灣加權,twse,53.90,54.00,53.75,54.00,5000,269350,0.4,,,4,
2018-01-05_006205,2018-01-05,006205,富邦上証,twse,32.87,33.06,32.80,33.06,4134697,136093180,0.19,,,1902,
2018-01-05_006206,2018-01-05,006206,元大上證50,twse,33.05,33.21,33.01,33.13,1506167,49821747,0.08,,,477,
2018-01-05_006207,2018-01-05,006207,復華滬深,twse,24.93,25.08,24.93,25.05,708500,17719229,0.11,,,143,
2018-01-05_006208,2018-01-05,006208,富邦台50,twse,47.07,47.07,47.02,47.02,3882,182614,-0.21,,,14,
2018-01-05_00625K,2018-01-05,00625K,富邦上証+R,twse,7.22,7.22,7.22,7.22,50000,361000,0.0,down,,2,
2018-01-05_00631L,2018-01-05,00631L,元大台灣50正2,twse,36.30,36.48,36.06,36.43,1870052,67903955,0.22,,,383,
2018-01-05_00632R,2018-01-05,00632R,元大台灣50反1,twse,12.96,13.00,12.92,12.92,53922358,698452508,-0.04,,,6646,
2018-01-05_00633L,2018-01-05,00633L,富邦上証正2,twse,52.35,52.80,52.10,52.70,15594300,818158500,0.4,,,5494,
2018-01-05_00634R,2018-01-05,00634R,富邦上証反1,twse,6.80,6.82,6.77,6.77,175000,1189140,-0.04,,,42,
2018-01-05_00635U,2018-01-05,00635U,期元大S&P黃金,twse,20.43,20.44,20.40,20.40,1005856,20537110,0.2,,,264,
2018-01-05_00636,2018-01-05,00636,國泰中國A50,twse,21.79,21.86,21.73,21.84,3243730,70692547,0.06,,,899,
2018-01-05_00636K,2018-01-05,00636K,國泰中國A50+U,twse,7.39,7.39,7.39,7.39,160000,1182400,0.04,up,,4,
2018-01-05_00637L,2018-01-05,00637L,元大滬深300正2,twse,19.93,20.02,19.80,19.98,65014500,1295610810,0.13,,,5919,
2018-01-05_00638R,2018-01-05,00638R,元大滬深300反1,twse,13.68,13.68,13.62,13.62,55000,750830,-0.06,,,18,
2018-01-05_00639,2018-01-05,00639,富邦深100,twse,11.89,11.94,11.88,11.94,2730664,32507063,0.06,,,376,
2018-01-05_00640L,2018-01-05,00640L,富邦日本正2,twse,27.22,27.51,27.18,27.42,1604000,43813800,0.58,,,196,
2018-01-05_00641R,2018-01-05,00641R,富邦日本反1,twse,13.96,13.97,13.90,13.91,755000,10525680,-0.15,,,178,
2018-01-05_00642U,2018-01-05,00642U,期元大S&P石油,twse,18.83,18.83,18.80,18.83,1587199,29855972,-0.01,,,431,
2018-01-05_00643,2018-01-05,00643,群益深証中小,twse,16.14,16.17,16.11,16.16,2249150,36317075,0.02,,,210,
2018-01-05_00645,2018-01-05,00645,富邦日本,twse,23.65,23.65,23.55,23.64,104580,2467000,0.23,,,23,
2018-01-05_00646,2018-01-05,00646,元大S&P500,twse,24.16,24.16,24.05,24.12,41200,993080,0.11,,,18,
2018-01-05_00647L,2018-01-05,00647L,元大S&P500正2,twse,32.28,32.41,32.26,32.28,27000,873090,0.19,,,13,
2018-01-05_00648R,2018-01-05,00648R,元大S&P500反1,twse,13.72,13.74,13.70,13.70,1074000,14720480,-0.06,,,207,
2018-01-05_00649,2018-01-05,00649,FH香港,twse,21.82,21.87,21.74,21.75,86000,1873130,-0.01,,,21,
2018-01-05_00650L,2018-01-05,00650L,復華香港正2,twse,37.41,37.70,37.15,37.21,140000,5219840,0.01,,,46,
2018-01-05_00651R,2018-01-05,00651R,復華香港反1,twse,8.37,8.37,8.33,8.36,52000,434440,-0.02,,,23,
2018-01-05_00652,2018-01-05,00652,富邦印度,twse,23.29,23.32,23.27,23.32,14624,340630,0.2,,,15,
2018-01-05_00653L,2018-01-05,00653L,富邦印度正2,twse,29.21,29.33,29.18,29.29,351000,10279550,0.5,,,134,
2018-01-05_00654R,2018-01-05,00654R,富邦印度反1,twse,14.97,15.00,14.95,14.95,169000,2530310,-0.14,,,25,
2018-01-05_00655L,2018-01-05,00655L,國泰中國A50正2,twse,38.76,39.00,38.55,38.96,7374299,286043479,0.32,,,1650,
2018-01-05_00656R,2018-01-05,00656R,國泰中國A50反1,twse,12.69,12.72,12.65,12.65,177000,2246610,-0.02,,,14,
2018-01-05_00657,2018-01-05,00657,國泰日經225,twse,28.11,28.34,28.11,28.34,54000,1518450,0.26,,,7,
2018-01-05_00657K,2018-01-05,00657K,國泰日經225+U,twse,9.53,9.58,9.53,9.58,150000,1436500,0.08,,,5,
2018-01-05_00658L,2018-01-05,00658L,國泰日本正2,twse,40.32,40.63,40.04,40.63,355000,14295370,0.95,,,33,
2018-01-05_00659R,2018-01-05,00659R,國泰日本反1,twse,12.42,12.43,12.33,12.33,237000,2934570,-0.15,,,70,
2018-01-05_00660,2018-01-05,00660,元大歐洲50,twse,25.20,25.22,25.16,25.22,41000,1033160,0.26,,,22,
2018-01-05_00661,2018-01-05,00661,元大日經225,twse,29.20,29.20,29.19,29.19,30000,875900,0.09,,,4,
2018-01-05_00662,2018-01-05,00662,富邦NASDAQ,twse,26.93,26.93,26.80,26.81,100319,2690010,-0.01,,,18,
2018-01-05_00663L,2018-01-05,00663L,國泰臺灣加權正2,twse,33.99,34.11,33.79,34.11,293000,9944130,0.2,,,46,
2018-01-05_00664R,2018-01-05,00664R,國泰臺灣加權反1,twse,14.63,14.70,14.62,14.63,1270000,18595510,-0.05,,,348,
2018-01-05_00665L,2018-01-05,00665L,富邦恒生國企正2,twse,34.87,35.07,34.41,34.70,752000,26180540,-0.01,,,152,
2018-01-05_00666R,2018-01-05,00666R,富邦恒生國企反1,twse,13.05,13.11,13.03,13.06,169000,2205830,-0.01,,,28,
2018-01-05_00667,2018-01-05,00667,元大韓國,twse,24.45,24.45,24.45,24.45,2000,48900,0.34,up,,2,
2018-01-05_00668,2018-01-05,00668,國泰美國道瓊,twse,25.82,25.86,25.79,25.80,24749,638281,0.1,,,17,
2018-01-05_00668K,2018-01-05,00668K,國泰美國道瓊+U,twse,8.77,8.77,8.77,8.77,160000,1403200,0.06,up,,4,
2018-01-05_00669R,2018-01-05,00669R,國泰美國道瓊反1,twse,13.87,13.87,13.85,13.85,893000,12373660,-0.08,,,127,
2018-01-05_00670L,2018-01-05,00670L,富邦NASDAQ正2,twse,29.45,29.50,29.44,29.49,93000,2740820,0.13,,,20,
2018-01-05_00671R,2018-01-05,00671R,富邦NASDAQ反1,twse,15.71,15.72,15.68,15.68,239000,3751330,-0.05,,,40,
2018-01-05_00672L,2018-01-05,00672L,元大S&P原油正2,twse,21.05,21.15,21.04,21.13,3230300,68115823,-0.05,,,723,
2018-01-05_00673R,2018-01-05,00673R,期元大S&P原油反1,twse,16.44,16.48,16.43,16.45,1665130,27398742,0.02,,,276,
2018-01-05_00674R,2018-01-05,00674R,期元大S&P黃金反1,twse,18.80,18.83,18.79,18.83,247000,4645200,-0.19,,,58,
2018-01-05_00675L,2018-01-05,00675L,富邦臺灣加權正2,twse,14.73,14.79,14.63,14.77,403070,5933957,0.09,,,101,
2018-01-05_00676R,2018-01-05,00676R,富邦臺灣加權反1,twse,7.95,7.99,7.93,7.93,3907000,31072380,-0.04,,,471,
2018-01-05_00677U,2018-01-05,00677U,期富邦VIX,twse,4.98,4.98,4.95,4.96,8121000,40333650,-0.05,,,1062,
2018-01-05_00678,2018-01-05,00678,群益那斯達克生技,twse,21.70,21.75,21.63,21.67,481000,10425890,-0.2,,,49,
2018-01-05_00679B,2018-01-05,00679B,元大美債20年,tpex,38.50,38.52,38.45,38.45,1133000,43608250,-0.05,,645192000,56,
2018-01-05_00682U,2018-01-05,00682U,期元大美元指數,twse,18.08,18.10,18.05,18.08,178000,3216110,-0.04,,,50,
2018-01-05_00683L,2018-01-05,00683L,期元大美元指正2,twse,16.51,16.52,16.50,16.52,707000,11673770,-0.11,,,197,
2018-01-05_00684R,2018-01-05,00684R,期元大美元指反1,twse,21.28,21.29,21.28,21.29,4000,85140,-0.01,,,3,
2018-01-05_00685L,2018-01-05,00685L,群益臺灣加權正2,twse,12.94,12.96,12.85,12.94,118000,1524550,0.06,,,17,
2018-01-05_00686R,2018-01-05,00686R,群益臺灣加權反1,twse,8.65,8.67,8.63,8.64,811000,7016090,-0.03,,,63,
2018-01-05_00687B,2018-01-05,00687B,國泰20年美債,tpex,40.09,40.10,40.09,40.10,559000,22414310,0.01,,121287000,6,
2018-01-05_00688L,2018-01-05,00688L,國泰20年美債正2,twse,21.02,21.06,21.02,21.03,245000,5158150,-0.06,,,6,
2018-01-05_00689R,2018-01-05,00689R,國泰20年美債反1,twse,18.68,18.70,18.67,18.67,223000,4169630,-0.06,,,4,
2018-01-05_00690,2018-01-05,00690,兆豐藍籌30,twse,21.51,21.57,21.51,21.57,725000,15604770,0.06,,,65,
2018-01-05_00691R,2018-01-05,00691R,兆豐藍籌30反1,twse,17.41,17.41,17.35,17.37,25000,434250,0.0,,,3,
2018-01-05_00692,2018-01-05,00692,富邦公司治理,twse,21.32,21.33,21.23,21.30,826617,17587686,0.03,,,227,
2018-01-05_00693U,2018-01-05,00693U,期街口S&P黃豆,twse,19.34,19.40,19.33,19.39,362000,7014480,0.07,,,89,
2018-01-05_00694B,2018-01-05,00694B,富邦美債1-3,tpex,39.19,39.19,39.14,39.16,506000,19805050,-0.04,,78076000,6,
2018-01-05_00695B,2018-01-05,00695B,富邦美債7-10,tpex,38.64,38.64,38.62,38.62,501000,19348640,-0.08,,10686000,5,
2018-01-05_00696B,2018-01-05,00696B,富邦美債20年,tpex,39.70,39.70,39.70,39.70,500000,19850000,-0.02,down,9181000,4,
2018-01-05_00697B,2018-01-05,00697B,元大美債7-10,tpex,38.19,38.19,38.15,38.19,451000,17217690,-0.11,,8712000,7,
2018-01-05_00700,2018-01-05,00700,富邦恒生國企,twse,21.65,21.65,21.42,21.54,180150,3862662,-0.11,,,13,
2018-01-05_00701,2018-01-05,00701,國泰股利精選30,twse,20.57,20.66,20.56,20.65,541000,11145180,0.09,,,191,
2018-01-05_00702,2018-01-05,00702,國泰標普低波高息,twse,20.78,20.78,20.71,20.76,99000,2054450,-0.09,,,19,
2018-01-05_00703,2018-01-05,00703,台新MSCI中國,twse,22.36,22.40,22.30,22.40,1040000,23266360,0.08,,,208,
2018-01-05_00704L,2018-01-05,00704L,台新MSCI台灣正2,twse,21.00,21.00,21.00,21.00,100000,2100000,0.01,up,,2,
2018-01-05_00705R,2018-01-05,00705R,台新MSCI台灣反1,twse,18.62,18.62,18.62,18.62,48000,893760,-0.07,down,,2,
2018-01-05_00706L,2018-01-05,00706L,期元大S&P日圓正2,twse,18.69,18.69,18.64,18.64,88000,1642280,-0.06,,,22,
2018-01-05_00707R,2018-01-05,00707R,期元大S&P日圓反1,twse,20.38,20.38,20.38,20.38,57000,1161660,0.07,up,,6,
2018-01-05_00708L,2018-01-05,00708L,期元大S&P黃金正2,twse,19.89,19.89,19.80,19.81,2122000,42080790,0.38,,,287,
2018-01-05_00709,2018-01-05,00709,富邦歐洲,twse,20.64,20.64,20.64,20.64,102000,2105280,0.07,up,,4,
2018-01-05_00712,2018-01-05,00712,復華富時不動產,twse,18.82,18.82,18.72,18.72,25093000,475495660,-0.08,,,15,
2018-01-05_00713,2018-01-05,00713,元大台灣高息低波,twse,30.60,30.66,30.60,30.64,41000,1256140,0.04,,,20,
2018-01-05_00714,2018-01-05,00714,群益道瓊美國地產,twse,19.43,19.44,19.39,19.41,134000,2600390,-0.37,,,30,
2018-01-05_00715L,2018-01-05,00715L,期街口布蘭特正2,twse,23.95,23.98,23.87,23.89,278000,6637910,-0.09,,,12,
2018-01-05_00716R,2018-01-05,00716R,華頓S&P布蘭特反1,twse,17.85,17.88,17.85,17.87,195000,3482300,-0.01,,,5,
2018-01-05_00717,2018-01-05,00717,富邦美國特別股,twse,19.50,19.50,19.43,19.44,1078000,20979100,-0.09,,,191,
2018-01-05_00722B,2018-01-05,00722B,群益15年IG電信債,tpex,39.21,39.22,39.11,39.11,515000,20188010,-0.22,,9239000,30,
2018-01-05_00723B,2018-01-05,00723B,群益15年IG科技債,tpex,39.21,39.21,39.10,39.10,502000,19639730,-0.10,,6583000,10,
2018-01-05_00724B,2018-01-05,00724B,群益10年IG金融債,tpex,38.93,38.97,38.93,38.97,500000,19473600,-0.15,,7775000,50,
2018-01-05_008201,2018-01-05,008201,BP上證50,twse,102.00,103.10,101.15,103.00,13400,1370950,1.9,,,96,
2018-01-05_01001T,2018-01-05,01001T,土銀富邦R1,twse,12.91,12.91,12.90,12.91,69000,890690,0.06,,,11,
2018-01-05_01002T,2018-01-05,01002T,土銀國泰R1,twse,13.35,13.37,13.26,13.34,188000,2497560,0.03,,,29,
2018-01-05_01003T,2018-01-05,01003T,兆豐新光R1,twse,14.51,14.52,14.51,14.51,251000,3643250,0.0,,,28,
2018-01-05_01004T,2018-01-05,01004T,土銀富邦R2,twse,11.46,11.46,11.46,11.46,51000,584460,0.01,up,,10,
2018-01-05_01007T,2018-01-05,01007T,兆豐國泰R2,twse,13.32,13.36,13.32,13.36,254000,3387940,0.04,,,12,
2018-01-05_1101,2018-01-05,1101,台泥,twse,37.50,37.50,37.05,37.30,35536815,1325926954,0.1,,,7554,
2018-01-05_1102,2018-01-05,1102,亞泥,twse,28.75,29.35,28.75,29.35,9413406,273920631,0.75,,,3769,
2018-01-05_1103,2018-01-05,1103,嘉泥,twse,13.30,13.60,13.30,13.60,910248,12241645,0.3,,,294,
2018-01-05_1104,2018-01-05,1104,環泥,twse,23.00,23.15,23.00,23.10,561152,12937396,0.1,,,182,
2018-01-05_1108,2018-01-05,1108,幸福,twse,8.40,8.40,8.34,8.38,185561,1551393,0.0,,,61,
2018-01-05_1109,2018-01-05,1109,信大,twse,14.00,14.00,13.50,13.95,92610,1267568,0.2,,,76,
2018-01-05_1110,2018-01-05,1110,東泥,twse,14.55,14.55,14.40,14.40,35798,516911,-0.1,,,28,
2018-01-05_1201,2018-01-05,1201,味全,twse,21.15,21.15,20.85,21.05,640992,13431871,0.05,,,260,
2018-01-05_1203,2018-01-05,1203,味王,twse,25.50,25.60,25.30,25.60,70850,1801034,0.1,,,62,
2018-01-05_1210,2018-01-05,1210,大成,twse,33.50,33.50,33.20,33.40,771122,25699542,-0.15,,,458,
2018-01-05_1213,2018-01-05,1213,大飲,twse,15.60,15.70,15.60,15.65,11500,179750,0.05,,,10,
2018-01-05_1215,2018-01-05,1215,卜蜂,twse,64.00,64.10,63.60,63.70,547095,34882050,-0.3,,,413,
2018-01-05_1216,2018-01-05,1216,統一,twse,67.40,67.40,66.70,67.30,7507133,503194164,-0.2,,,2983,
2018-01-05_1217,2018-01-05,1217,愛之味,twse,7.55,7.56,7.53,7.55,692300,5220289,0.0,,,257,
2018-01-05_1218,2018-01-05,1218,泰山,twse,17.10,17.30,17.10,17.15,1385663,23838437,0.05,,,475,
2018-01-05_1219,2018-01-05,1219,福壽,twse,17.65,17.75,17.65,17.75,36972,654001,0.0,,,29,
2018-01-05_1220,2018-01-05,1220,台榮,twse,10.50,10.50,10.20,10.50,607107,6276162,0.0,,,168,
2018-01-05_1225,2018-01-05,1225,福懋油,twse,67.10,67.80,67.10,67.70,215624,14609408,0.6,,,18,
2018-01-05_1227,2018-01-05,1227,佳格,twse,74.90,74.90,74.40,74.90,449171,33548546,-0.1,,,328,
2018-01-05_1229,2018-01-05,1229,聯華,twse,37.95,39.60,37.90,39.15,7116308,277162012,1.35,,,3841,
2018-01-05_1231,2018-01-05,1231,聯華食,twse,33.60,35.00,33.60,35.00,1284025,44030552,1.4,,,614,
2018-01-05_1232,2018-01-05,1232,大統益,twse,91.20,91.50,91.00,91.50,76233,6950197,0.3,,,47,
2018-01-05_1233,2018-01-05,1233,天仁,twse,35.75,35.80,35.75,35.80,11711,418916,0.05,,,16,
2018-01-05_1234,2018-01-05,1234,黑松,twse,31.40,31.50,31.20,31.50,94171,2950700,0.1,,,53,
2018-01-05_1235,2018-01-05,1235,興泰,twse,37.35,37.35,36.80,37.35,24814,919799,0.0,,,24,
2018-01-05_1236,2018-01-05,1236,宏亞,twse,17.80,17.80,17.55,17.70,14359,253731,0.2,,,17,
2018-01-05_1256,2018-01-05,1256,鮮活果汁-KY,twse,146.00,146.00,143.50,143.50,61317,8866648,-2.5,,,57,
2018-01-05_1258,2018-01-05,1258,其祥-KY,tpex,30.10,30.15,30.10,30.10,4000,120500,-0.40,,36816458,3,
2018-01-05_1259,2018-01-05,1259,安心,tpex,86.00,87.50,86.00,86.50,4000,347000,-0.40,,32389500,4,
2018-01-05_1262,2018-01-05,1262,綠悅-KY,twse,65.90,65.90,64.00,64.40,1506202,97565865,-1.2,,,938,
2018-01-05_1264,2018-01-05,1264,德麥,tpex,234.50,234.50,234.50,234.50,4000,938000,0.00,down,33695970,4,
2018-01-05_1268,2018-01-05,1268,漢來美食,tpex,143.00,146.00,143.00,146.00,13000,1881500,4.00,,37991000,13,
2018-01-05_1301,2018-01-05,1301,台塑,twse,98.60,98.90,98.30,98.40,5955166,586058168,-0.1,,,2165,
2018-01-05_1303,2018-01-05,1303,南亞,twse,78.00,78.40,77.60,78.00,6701003,522026006,0.0,,,3054,
2018-01-05_1304,2018-01-05,1304,台聚,twse,16.40,16.45,16.35,16.45,2195425,36024058,0.05,,,715,
2018-01-05_1305,2018-01-05,1305,華夏,twse,32.50,32.70,31.70,32.05,5052373,162488637,0.0,,,2747,
2018-01-05_1307,2018-01-05,1307,三芳,twse,33.70,33.70,33.45,33.55,78234,2624444,-0.05,,,75,
2018-01-05_1308,2018-01-05,1308,亞聚,twse,19.20,19.20,19.10,19.20,666158,12745807,0.05,,,275,
2018-01-05_1309,2018-01-05,1309,台達化,twse,15.25,15.35,15.10,15.25,3210478,48812613,0.05,,,871,
2018-01-05_1310,2018-01-05,1310,台苯,twse,22.70,22.75,22.40,22.55,5940367,134136503,-0.05,,,1946,
2018-01-05_1312,2018-01-05,1312,國喬,twse,30.60,30.80,30.15,30.80,20791778,632226654,0.65,,,7710,
2018-01-05_1312A,2018-01-05,1312A,國喬特,twse,33.25,33.80,33.25,33.75,15000,505250,0.25,,,6,
2018-01-05_1313,2018-01-05,1313,聯成,twse,18.95,19.30,18.95,19.30,4950250,94705535,0.5,,,1606,
2018-01-05_1314,2018-01-05,1314,中石化,twse,15.75,15.80,15.50,15.50,24071187,375574878,-0.15,,,4832,
2018-01-05_1315,2018-01-05,1315,達新,twse,25.80,26.00,25.70,26.00,47937,1238773,0.2,,,17,
2018-01-05_1316,2018-01-05,1316,上曜,twse,24.35,24.40,23.80,23.90,444941,10690525,-0.2,,,248,
2018-01-05_1319,2018-01-05,1319,東陽,twse,57.90,58.30,57.40,58.30,1395263,80790000,0.6,,,960,
2018-01-05_1321,2018-01-05,1321,大洋,twse,29.10,29.40,29.10,29.25,166545,4864732,0.1,,,76,
2018-01-05_1323,2018-01-05,1323,永裕,twse,38.00,38.10,37.60,37.60,478605,18080897,-0.05,,,275,
2018-01-05_1324,2018-01-05,1324,地球,twse,12.70,12.70,12.50,12.60,26000,326750,0.0,,,15,
2018-01-05_1325,2018-01-05,1325,恆大,twse,19.75,19.75,19.50,19.70,91850,1800867,-0.05,,,56,
2018-01-05_1326,2018-01-05,1326,台化,twse,104.50,105.00,103.50,104.00,8476760,882648641,-0.5,,,2879,
2018-01-05_1333,2018-01-05,1333,恩得利,tpex,3.81,4.00,3.81,4.00,16000,62860,0.00,,74515375,6,
2018-01-05_1336,2018-01-05,1336,台翰,tpex,19.80,19.85,19.10,19.20,840000,16253400,-0.45,,71981160,264,
2018-01-05_1337,2018-01-05,1337,再生-KY,twse,12.70,13.10,12.70,13.05,2001498,25823024,0.4,,,733,
2018-01-05_1338,2018-01-05,1338,廣華-KY,twse,115.00,117.00,115.00,117.00,852019,98964723,2.5,,,559,
2018-01-05_1339,2018-01-05,1339,昭輝,twse,43.35,43.35,42.85,43.20,128200,5527040,0.0,,,81,
2018-01-05_1340,2018-01-05,1340,勝悅-KY,twse,46.50,46.50,46.05,46.15,407183,18799387,-0.15,,,292,
2018-01-05_1402,2018-01-05,1402,遠東新,twse,26.45,26.65,26.20,26.65,8505440,224497896,0.3,,,4029,
2018-01-05_1409,2018-01-05,1409,新纖,twse,10.15,10.20,10.05,10.15,2028717,20498329,0.0,,,541,
2018-01-05_1410,2018-01-05,1410,南染,twse,23.40,23.45,23.30,23.35,24115,563078,0.05,,,20,
2018-01-05_1413,2018-01-05,1413,宏洲,twse,9.10,9.10,9.04,9.05,423000,3831630,-0.02,,,119,
2018-01-05_1414,2018-01-05,1414,東和,twse,7.35,7.45,7.35,7.42,652263,4830200,0.1,,,223,
2018-01-05_1416,2018-01-05,1416,廣豐,twse,16.70,16.80,16.65,16.70,85298,1425813,0.0,,,88,
2018-01-05_1417,2018-01-05,1417,嘉裕,twse,4.70,4.72,4.68,4.72,433346,2036583,0.02,,,98,
2018-01-05_1418,2018-01-05,1418,東華,twse,8.10,8.10,8.00,8.00,14500,116148,-0.12,,,11,
2018-01-05_1419,2018-01-05,1419,新紡,twse,44.80,45.00,44.80,45.00,19802,888516,0.1,,,23,
2018-01-05_1423,2018-01-05,1423,利華,twse,8.42,8.55,8.35,8.50,402000,3399800,0.13,,,118,
2018-01-05_1432,2018-01-05,1432,大魯閣,twse,14.10,14.20,13.80,13.90,119583,1658403,-0.2,,,54,
2018-01-05_1434,2018-01-05,1434,福懋,twse,31.60,31.65,31.50,31.60,884741,27930524,0.0,,,395,
2018-01-05_1435,2018-01-05,1435,中福,twse,5.64,5.67,5.55,5.60,162000,902560,-0.04,,,64,
2018-01-05_1436,2018-01-05,1436,華友聯,twse,40.15,40.15,40.00,40.05,22826,913817,-0.1,,,8,
2018-01-05_1437,2018-01-05,1437,勤益控,twse,17.85,18.05,17.75,17.95,170260,3049140,0.25,,,90,
2018-01-05_1438,2018-01-05,1438,三地開發,twse,5.20,5.20,5.12,5.15,8000,41150,0.01,,,3,
2018-01-05_1439,2018-01-05,1439,雋揚,twse,20.90,21.50,20.30,21.25,364045,7728201,0.4,,,155,
2018-01-05_1440,2018-01-05,1440,南紡,twse,13.75,13.80,13.65,13.75,694470,9521308,0.0,,,229,
2018-01-05_1441,2018-01-05,1441,大東,twse,7.37,7.42,7.12,7.36,122807,897957,-0.1,,,46,
2018-01-05_1442,2018-01-05,1442,名軒,twse,18.70,18.80,18.70,18.80,240070,4504806,0.1,,,133,
2018-01-05_1443,2018-01-05,1443,立益物流,twse,5.10,5.12,5.07,5.12,35034,178562,-0.05,,,18,
2018-01-05_1444,2018-01-05,1444,力麗,twse,11.85,11.90,11.70,11.75,5214814,61450011,0.05,,,1205,
2018-01-05_1445,2018-01-05,1445,大宇,twse,8.34,8.35,8.29,8.35,75184,625887,0.01,,,51,
2018-01-05_1446,2018-01-05,1446,宏和,twse,21.70,21.85,21.65,21.85,35040,761418,0.0,,,20,
2018-01-05_1447,2018-01-05,1447,力鵬,twse,8.94,9.07,8.94,9.00,2072624,18667705,0.06,,,490,
2018-01-05_1449,2018-01-05,1449,佳和,twse,5.42,5.44,5.30,5.44,157291,836300,0.07,,,48,
2018-01-05_1451,2018-01-05,1451,年興,twse,27.50,27.50,27.10,27.30,165155,4495861,-0.05,,,158,
2018-01-05_1452,2018-01-05,1452,宏益,twse,22.50,22.55,22.15,22.20,662706,14787121,-0.25,,,329,
2018-01-05_1453,2018-01-05,1453,大將,twse,10.90,11.00,10.50,10.55,465180,4979990,-0.1,,,197,
2018-01-05_1454,2018-01-05,1454,台富,twse,8.58,8.58,8.45,8.50,62646,532168,-0.08,,,25,
2018-01-05_1455,2018-01-05,1455,集盛,twse,12.45,12.60,12.40,12.45,6787106,84792210,0.05,,,1647,
2018-01-05_1456,2018-01-05,1456,怡華,twse,10.40,10.45,10.30,10.30,48003,499680,0.0,,,20,
2018-01-05_1457,2018-01-05,1457,宜進,twse,14.40,14.60,14.35,14.45,6120837,88480997,0.2,,,1910,
2018-01-05_1459,2018-01-05,1459,聯發,twse,9.78,9.79,9.57,9.61,963840,9308302,-0.11,,,411,
2018-01-05_1460,2018-01-05,1460,宏遠,twse,14.45,14.45,14.20,14.30,530236,7590584,-0.05,,,249,
2018-01-05_1463,2018-01-05,1463,強盛新,twse,24.45,24.90,24.45,24.85,894440,22123169,0.5,,,479,
2018-01-05_1464,2018-01-05,1464,得力,twse,25.00,25.10,24.95,25.05,330469,8269388,0.0,,,187,
2018-01-05_1465,2018-01-05,1465,偉全,twse,14.95,15.40,14.95,15.35,125000,1903400,0.45,,,55,
2018-01-05_1466,2018-01-05,1466,聚隆,twse,12.00,12.05,12.00,12.00,49000,588800,0.0,,,18,
2018-01-05_1467,2018-01-05,1467,南緯,twse,12.10,12.15,11.95,12.10,1061106,12810976,-0.05,,,380,
2018-01-05_1468,2018-01-05,1468,昶和,twse,10.20,10.30,10.20,10.20,27000,276500,-0.1,,,10,
2018-01-05_1469,2018-01-05,1469,理隆,twse,13.50,14.25,13.50,14.25,6000,82150,0.1,,,6,
2018-01-05_1470,2018-01-05,1470,大統新創,twse,18.50,18.50,18.50,18.50,1000,18500,0.0,down,,1,
2018-01-05_1471,2018-01-05,1471,首利,twse,5.19,5.19,5.07,5.15,664300,3398279,0.04,,,226,
2018-01-05_1472,2018-01-05,1472,三洋實業,twse,40.30,40.55,40.00,40.05,20227,813540,-0.25,,,19,
2018-01-05_1473,2018-01-05,1473,台南,twse,24.50,24.50,24.30,24.30,64674,1573962,-0.2,,,52,
2018-01-05_1474,2018-01-05,1474,弘裕,twse,11.40,11.50,11.35,11.45,352000,4020850,0.05,,,68,
2018-01-05_1475,2018-01-05,1475,業旺,twse,46.00,46.30,45.75,46.05,52010,2386158,-0.75,,,37,
2018-01-05_1476,2018-01-05,1476,儒鴻,twse,302.50,303.00,296.00,296.00,904898,269699308,-5.0,,,844,
2018-01-05_1477,2018-01-05,1477,聚陽,twse,129.50,129.50,128.00,129.00,519370,66888040,-0.5,,,413,
2018-01-05_1503,2018-01-05,1503,士電,twse,41.35,41.35,41.15,41.20,20966,864197,-0.15,,,25,
2018-01-05_1504,2018-01-05,1504,東元,twse,28.45,28.50,28.25,28.50,2096398,59486746,-0.1,,,1039,
2018-01-05_1506,2018-01-05,1506,正道,twse,21.95,22.15,21.75,21.85,506533,11108365,0.1,,,197,
2018-01-05_1507,2018-01-05,1507,永大,twse,48.45,48.50,48.00,48.20,989320,47642320,0.2,,,469,
2018-01-05_1512,2018-01-05,1512,瑞利,twse,12.25,12.25,11.90,11.90,231943,2767570,0.0,,,83,
2018-01-05_1513,2018-01-05,1513,中興電,twse,22.40,22.60,22.20,22.45,1967985,44071254,0.05,,,708,
2018-01-05_1514,2018-01-05,1514,亞力,twse,12.05,12.60,12.05,12.30,15914696,197795583,0.4,,,4021,
2018-01-05_1515,2018-01-05,1515,力山,twse,51.30,55.40,51.30,54.50,8203368,442660152,3.7,,,4665,
2018-01-05_1516,2018-01-05,1516,川飛,twse,16.10,17.55,16.10,17.00,371000,6314147,1.0,,,192,
2018-01-05_1517,2018-01-05,1517,利奇,twse,11.90,12.20,11.80,12.20,1882526,22766233,0.4,,,592,
2018-01-05_1519,2018-01-05,1519,華城,twse,21.10,21.65,20.95,21.30,1434630,30663968,0.3,,,577,
2018-01-05_1521,2018-01-05,1521,大億,twse,79.30,79.30,78.70,78.80,26500,2089300,0.1,,,27,
2018-01-05_1522,2018-01-05,1522,堤維西,twse,33.85,34.50,33.80,34.00,7607470,260076580,0.25,,,3432,
2018-01-05_1524,2018-01-05,1524,耿鼎,twse,11.95,12.35,11.90,12.25,2955686,36021066,0.25,,,1077,
2018-01-05_1525,2018-01-05,1525,江申,twse,90.60,91.60,90.50,91.10,91200,8303559,0.6,,,86,
2018-01-05_1526,2018-01-05,1526,日馳,twse,72.20,77.60,71.40,76.50,3314258,247777172,4.6,,,2297,
2018-01-05_1527,2018-01-05,1527,鑽全,twse,66.00,66.30,65.30,66.10,249574,16436341,0.1,,,186,
2018-01-05_1528,2018-01-05,1528,恩德,twse,15.05,15.10,14.90,14.90,941082,14093814,0.0,,,371,
2018-01-05_1529,2018-01-05,1529,樂事綠能,twse,3.16,3.16,3.14,3.14,17000,53680,-0.02,,,3,
2018-01-05_1530,2018-01-05,1530,亞崴,twse,32.95,32.95,32.60,32.60,25395,830798,-0.35,,,23,
2018-01-05_1531,2018-01-05,1531,高林股,twse,23.65,24.10,23.60,23.95,887915,21264725,0.45,,,350,
2018-01-05_1532,2018-01-05,1532,勤美,twse,29.00,29.25,28.80,29.20,717127,20864650,0.2,,,522,
2018-01-05_1533,2018-01-05,1533,車王電,twse,40.45,40.80,40.10,40.65,231960,9372073,0.2,,,190,
2018-01-05_1535,2018-01-05,1535,中宇,twse,42.00,42.00,41.70,41.80,24078,1006290,-0.1,,,25,
2018-01-05_1536,2018-01-05,1536,和大,twse,138.50,140.50,136.50,138.00,4225464,583250532,-3.5,,,2528,
2018-01-05_1537,2018-01-05,1537,廣隆,twse,142.00,143.00,142.00,142.50,68295,9724980,0.5,,,67,
2018-01-05_1538,2018-01-05,1538,正峰,twse,5.03,5.08,5.00,5.02,46775,235315,-0.01,,,34,
2018-01-05_1539,2018-01-05,1539,巨庭,twse,20.15,20.25,20.00,20.20,77000,1547950,0.1,,,56,
2018-01-05_1540,2018-01-05,1540,喬福,twse,15.75,15.75,15.70,15.75,59013,928554,0.0,,,29,
2018-01-05_1541,2018-01-05,1541,錩泰,twse,45.85,47.00,45.85,46.95,75000,3483150,1.25,,,54,
2018-01-05_1558,2018-01-05,1558,伸興,twse,128.00,129.00,128.00,129.00,58377,7482821,1.5,,,49,
2018-01-05_1560,2018-01-05,1560,中砂,twse,85.50,85.50,84.30,84.70,463357,39396536,0.0,,,364,
2018-01-05_1565,2018-01-05,1565,精華,tpex,974.00,994.00,968.00,979.00,760000,747861000,19.00,,50416516,734,
2018-01-05_1566,2018-01-05,1566,捷邦,tpex,21.60,21.70,21.20,21.35,241000,5150700,-0.05,,66467028,124,
2018-01-05_1568,2018-01-05,1568,倉佑,twse,36.50,36.50,36.05,36.20,311000,11272050,0.0,,,195,
2018-01-05_1569,2018-01-05,1569,濱川,tpex,43.20,44.50,41.65,41.90,7992000,344502800,-0.45,,102137373,4286,
2018-01-05_1570,2018-01-05,1570,力肯,tpex,15.40,15.50,15.30,15.40,169000,2594700,0.10,,51500839,51,
2018-01-05_1580,2018-01-05,1580,新麥,tpex,170.00,170.00,168.50,169.00,22000,3720500,-0.50,,48531634,21,
2018-01-05_1582,2018-01-05,1582,信錦,twse,63.10,63.30,62.90,63.30,323258,20390880,0.4,,,257,
2018-01-05_1583,2018-01-05,1583,程泰,twse,63.00,64.20,62.90,63.00,12002,763526,0.0,,,10,
2018-01-05_1584,2018-01-05,1584,精剛,tpex,11.70,11.75,11.65,11.70,136000,1590850,0.00,,82470533,51,
2018-01-05_1586,2018-01-05,1586,和勤,tpex,49.10,49.15,48.25,48.30,1937000,94081700,-0.45,,73550076,538,
2018-01-05_1589,2018-01-05,1589,永冠-KY,twse,66.60,67.70,66.60,67.00,614250,41310875,0.8,,,353,
2018-01-05_1590,2018-01-05,1590,亞德客-KY,twse,538.00,538.00,521.00,524.00,432527,228192148,-8.0,,,373,
2018-01-05_1591,2018-01-05,1591,駿吉-KY,tpex,37.10,37.40,36.90,36.90,126000,4671250,-0.10,,33164807,72,
2018-01-05_1592,2018-01-05,1592,英瑞-KY,twse,33.30,33.40,33.30,33.30,25200,840560,-0.1,,,22,
2018-01-05_1593,2018-01-05,1593,祺驊,tpex,50.10,50.10,49.25,49.50,109000,5393650,-0.45,,30780905,63,
2018-01-05_1595,2018-01-05,1595,川寶,tpex,62.10,63.00,62.00,63.00,39000,2427400,-0.50,,46621820,27,
2018-01-05_1597,2018-01-05,1597,直得,tpex,92.60,92.60,90.40,91.00,707000,64478500,-0.90,,62045489,548,
2018-01-05_1598,2018-01-05,1598,岱宇,twse,44.10,44.60,44.10,44.55,550383,24426205,0.2,,,162,
2018-01-05_1599,2018-01-05,1599,宏佳騰,tpex,42.45,42.50,42.35,42.50,23000,975900,0.00,,62002519,21,
2018-01-05_1603,2018-01-05,1603,華電,twse,28.00,28.00,27.10,27.50,708199,19374681,-0.2,,,237,
2018-01-05_1604,2018-01-05,1604,聲寶,twse,13.15,13.20,13.05,13.10,648819,8512547,-0.05,,,298,
2018-01-05_1605,2018-01-05,1605,華新,twse,17.60,17.90,17.35,17.80,12494071,220668635,0.3,,,4475,
2018-01-05_1608,2018-01-05,1608,華榮,twse,12.20,12.20,11.70,11.85,6000441,71647550,-0.05,,,1279,
2018-01-05_1609,2018-01-05,1609,大亞,twse,13.75,13.80,13.55,13.55,6205881,84482975,-0.1,,,1749,
2018-01-05_1611,2018-01-05,1611,中電,twse,9.98,10.05,9.86,9.88,1456510,14429326,-0.07,,,362,
2018-01-05_1612,2018-01-05,1612,宏泰,twse,11.90,11.90,11.65,11.80,3809763,44851313,0.1,,,741,
2018-01-05_1614,2018-01-05,1614,三洋電,twse,23.70,23.75,23.55,23.70,39656,936916,0.15,,,28,
2018-01-05_1615,2018-01-05,1615,大山,twse,16.00,16.05,15.55,15.55,606533,9560961,-0.15,,,288,
2018-01-05_1616,2018-01-05,1616,億泰,twse,6.06,6.12,6.02,6.04,322232,1953402,-0.03,,,71,
2018-01-05_1617,2018-01-05,1617,榮星,twse,15.30,15.40,15.10,15.40,247129,3768723,0.25,,,134,
2018-01-05_1618,2018-01-05,1618,合機,twse,9.33,9.37,9.29,9.35,259198,2420959,0.02,,,85,
2018-01-05_1626,2018-01-05,1626,艾美特-KY,twse,25.50,25.65,25.40,25.55,90000,2300700,0.25,,,54,
2018-01-05_1701,2018-01-05,1701,中化,twse,18.90,18.95,18.70,18.80,349695,6573513,-0.05,,,195,
2018-01-05_1702,2018-01-05,1702,南僑,twse,62.50,63.40,62.20,63.40,339460,21252862,0.2,,,235,
2018-01-05_1704,2018-01-05,1704,榮化,twse,48.50,48.50,47.35,47.45,3839884,182955885,-0.9,,,2210,
2018-01-05_1707,2018-01-05,1707,葡萄王,twse,218.50,219.00,217.00,218.50,762166,166234188,-0.5,,,564,
2018-01-05_1708,2018-01-05,1708,東鹼,twse,30.10,31.65,30.10,30.80,2173228,67339183,0.7,,,1278,
2018-01-05_1709,2018-01-05,1709,和益,twse,18.10,18.15,18.00,18.15,325992,5888442,0.05,,,150,
2018-01-05_1710,2018-01-05,1710,東聯,twse,32.20,32.60,31.75,31.95,7862986,252481985,0.15,,,3625,
2018-01-05_1711,2018-01-05,1711,永光,twse,19.80,19.90,19.55,19.65,1169527,23028245,-0.2,,,447,
2018-01-05_1712,2018-01-05,1712,興農,twse,17.00,17.00,16.85,16.90,845679,14286478,-0.1,,,367,
2018-01-05_1713,2018-01-05,1713,國化,twse,16.80,17.00,16.80,16.80,8268,139150,0.0,,,10,
2018-01-05_1714,2018-01-05,1714,和桐,twse,10.40,10.45,10.35,10.45,2066518,21473978,0.1,,,652,
2018-01-05_1717,2018-01-05,1717,長興,twse,31.10,31.10,31.00,31.10,516384,16047931,0.0,,,311,
2018-01-05_1718,2018-01-05,1718,中纖,twse,10.45,10.65,10.45,10.50,17774592,187277307,0.1,,,3408,
2018-01-05_1720,2018-01-05,1720,生達,twse,35.80,36.10,35.80,36.00,220727,7944072,0.2,,,149,
2018-01-05_1721,2018-01-05,1721,三晃,twse,14.20,14.30,14.10,14.10,195150,2766850,0.0,,,82,
2018-01-05_1722,2018-01-05,1722,台肥,twse,39.30,39.95,39.30,39.35,2775500,109762371,0.1,,,1372,
2018-01-05_1723,2018-01-05,1723,中碳,twse,128.00,128.50,127.50,128.00,492206,62973368,0.5,,,366,
2018-01-05_1724,2018-01-05,1724,台硝,twse,14.35,14.60,14.35,14.55,187010,2711894,0.25,,,112,
2018-01-05_1725,2018-01-05,1725,元禎,twse,15.20,15.25,15.05,15.25,35057,531857,0.05,,,24,
2018-01-05_1726,2018-01-05,1726,永記,twse,81.50,81.50,80.10,81.20,20183,1633359,0.1,,,22,
2018-01-05_1727,2018-01-05,1727,中華化,twse,16.30,16.60,16.05,16.15,773999,12601883,-0.15,,,317,
2018-01-05_1730,2018-01-05,1730,花仙子,twse,40.80,40.90,40.75,40.85,52251,2133675,0.05,,,34,
2018-01-05_1731,2018-01-05,1731,美吾華,twse,14.30,14.30,14.10,14.10,400209,5673192,-0.2,,,183,
2018-01-05_1732,2018-01-05,1732,毛寶,twse,12.70,12.70,12.55,12.55,98000,1236550,-0.15,,,42,
2018-01-05_1733,2018-01-05,1733,五鼎,twse,32.15,32.15,31.80,31.90,96175,3068081,-0.1,,,78,
2018-01-05_1734,2018-01-05,1734,杏輝,twse,21.80,21.80,21.60,21.70,268269,5822730,0.0,,,138,
2018-01-05_1735,2018-01-05,1735,日勝化,twse,17.85,17.85,16.30,16.85,238500,4099400,-1.0,,,143,
2018-01-05_1736,2018-01-05,1736,喬山,twse,35.10,35.15,34.35,34.65,141828,4899837,-0.15,,,99,
2018-01-05_1737,2018-01-05,1737,臺鹽,twse,28.00,28.00,27.90,28.00,114184,3191729,-0.05,,,74,
2018-01-05_1742,2018-01-05,1742,台蠟,tpex,10.35,10.35,10.30,10.30,34000,351300,-0.05,,72240524,14,
2018-01-05_1752,2018-01-05,1752,南光,tpex,37.80,38.20,37.55,37.70,301000,11385750,0.15,,100988472,183,
2018-01-05_1762,2018-01-05,1762,中化生,twse,24.25,24.65,24.25,24.60,109001,2675824,0.35,,,70,
2018-01-05_1773,2018-01-05,1773,勝一,twse,78.30,78.50,77.50,77.60,191434,14953878,-0.5,,,145,
2018-01-05_1776,2018-01-05,1776,展宇,twse,21.00,21.00,21.00,21.00,14007,294147,-0.1,down,,11,
2018-01-05_1777,2018-01-05,1777,生泰,tpex,72.00,72.30,71.00,71.50,35000,2504600,-0.20,,30059550,23,
2018-01-05_1781,2018-01-05,1781,合世,tpex,11.85,12.00,11.75,11.95,32000,379200,0.00,,47407605,28,
2018-01-05_1783,2018-01-05,1783,和康生,twse,22.65,22.75,22.55,22.60,74020,1674948,0.05,,,48,
2018-01-05_1784,2018-01-05,1784,訊聯,tpex,26.80,26.80,26.50,26.55,42000,1116750,-0.15,,49688924,33,
2018-01-05_1785,2018-01-05,1785,光洋科,tpex,24.50,24.60,23.75,24.00,6995000,168061700,-0.30,,357501243,2582,
2018-01-05_1786,2018-01-05,1786,科妍,twse,36.50,37.30,36.50,37.30,125210,4644639,0.8,,,88,
2018-01-05_1787,2018-01-05,1787,福盈科,tpex,29.65,29.70,29.00,29.40,1313000,38529650,-0.10,,67888504,592,
2018-01-05_1788,2018-01-05,1788,杏昌,tpex,95.40,96.50,95.40,96.00,7000,670900,0.60,,35000000,6,
2018-01-05_1789,2018-01-05,1789,神隆,twse,35.85,35.90,35.40,35.70,858023,30520312,-0.15,,,433,
2018-01-05_1795,2018-01-05,1795,美時,tpex,50.50,50.50,50.00,50.00,269000,13484000,-0.50,,238491744,192,
2018-01-05_1799,2018-01-05,1799,易威,tpex,19.00,19.20,18.80,18.90,137000,2594700,-0.30,,83842678,83,
2018-01-05_1802,2018-01-05,1802,台玻,twse,21.90,22.35,21.75,22.15,7024342,154586047,0.3,,,2533,
2018-01-05_1805,2018-01-05,1805,寶徠,twse,13.10,13.10,12.95,13.05,64710,842942,0.05,,,38,
2018-01-05_1806,2018-01-05,1806,冠軍,twse,8.80,9.15,8.75,8.84,4545802,40616903,0.15,,,1229,
2018-01-05_1808,2018-01-05,1808,潤隆,twse,44.35,44.35,43.70,43.95,303227,13338324,-0.4,,,196,
2018-01-05_1809,2018-01-05,1809,中釉,twse,13.45,13.45,13.05,13.10,895090,11759020,-0.2,,,369,
2018-01-05_1810,2018-01-05,1810,和成,twse,9.84,9.85,9.75,9.77,717180,7028608,-0.07,,,273,
2018-01-05_1813,2018-01-05,1813,寶利徠,tpex,20.60,20.85,20.60,20.85,45000,931900,0.30,,46635510,37,
2018-01-05_1815,2018-01-05,1815,富喬,tpex,24.10,24.30,23.60,23.90,29440000,706249800,0.20,,433733300,8376,
2018-01-05_1817,2018-01-05,1817,凱撒衛,twse,45.25,47.90,45.15,46.40,582117,26934754,1.2,,,310,
2018-01-05_1902,2018-01-05,1902,台紙,twse,18.80,18.90,18.70,18.90,934814,17540144,-0.1,,,289,
2018-01-05_1903,2018-01-05,1903,士紙,twse,32.70,32.75,32.50,32.55,28001,913582,0.1,,,21,
2018-01-05_1904,2018-01-05,1904,正隆,twse,16.40,16.60,16.30,16.60,2268750,37420183,0.2,,,759,
2018-01-05_1905,2018-01-05,1905,華紙,twse,11.40,11.45,11.25,11.40,2868291,32454576,0.05,,,698,
2018-01-05_1906,2018-01-05,1906,寶隆,twse,29.20,29.80,29.20,29.55,639202,18814216,0.45,,,220,
2018-01-05_1907,2018-01-05,1907,永豐餘,twse,13.60,13.65,13.35,13.55,4803703,64807485,0.0,,,1100,
2018-01-05_1909,2018-01-05,1909,榮成,twse,40.35,41.60,40.35,41.50,6945083,284463538,1.25,,,3018,
2018-01-05_2002,2018-01-05,2002,中鋼,twse,24.80,25.00,24.80,24.95,24308761,606066713,0.15,,,7601,
2018-01-05_2002A,2018-01-05,2002A,中鋼特,twse,43.00,43.00,42.45,42.45,12000,514900,0.0,,,8,
2018-01-05_2006,2018-01-05,2006,東和鋼鐵,twse,26.00,26.30,25.95,26.25,1610729,42094295,0.05,,,689,
2018-01-05_2007,2018-01-05,2007,燁興,twse,5.24,5.60,5.24,5.50,582583,3142662,0.28,,,199,
2018-01-05_2008,2018-01-05,2008,高興昌,twse,11.75,12.10,11.75,12.05,200165,2390562,0.25,,,69,
2018-01-05_2009,2018-01-05,2009,第一銅,twse,14.20,14.20,13.80,13.95,8884963,124207027,-0.2,,,2676,
2018-01-05_2010,2018-01-05,2010,春源,twse,11.60,11.75,11.60,11.70,436801,5109610,0.15,,,131,
2018-01-05_2012,2018-01-05,2012,春雨,twse,14.95,15.10,14.90,15.00,356947,5342605,0.1,,,105,
2018-01-05_2013,2018-01-05,2013,中鋼構,twse,19.70,19.85,19.70,19.75,189541,3748059,0.1,,,85,
2018-01-05_2014,2018-01-05,2014,中鴻,twse,12.90,12.90,12.60,12.85,16149943,205619251,0.15,,,3387,
2018-01-05_2015,2018-01-05,2015,豐興,twse,57.10,57.30,56.60,56.80,749416,42682625,-0.1,,,395,
2018-01-05_2017,2018-01-05,2017,官田鋼,twse,10.25,10.25,10.10,10.15,1180092,12003023,0.05,,,370,
2018-01-05_2020,2018-01-05,2020,美亞,twse,14.05,14.10,14.00,14.10,355349,4987686,0.05,,,121,
2018-01-05_2022,2018-01-05,2022,聚亨,twse,6.97,7.18,6.97,7.16,8890853,63128947,0.24,,,2241,
2018-01-05_2023,2018-01-05,2023,燁輝,twse,12.40,12.45,12.10,12.20,11308852,138281828,-0.2,,,2533,
2018-01-05_2024,2018-01-05,2024,志聯,twse,10.75,11.35,10.75,11.00,5090882,56605812,0.35,,,1505,
2018-01-05_2025,2018-01-05,2025,千興,twse,2.71,2.74,2.69,2.74,224000,608140,0.03,,,28,
2018-01-05_2027,2018-01-05,2027,大成鋼,twse,22.70,23.65,22.65,23.50,46847879,1088687108,2.0,,,11674,
2018-01-05_2028,2018-01-05,2028,威致,twse,9.94,10.05,9.85,9.97,332208,3318908,0.02,,,88,
2018-01-05_2029,2018-01-05,2029,盛餘,twse,29.45,29.55,29.00,29.10,337060,9831658,-0.15,,,231,
2018-01-05_2030,2018-01-05,2030,彰源,twse,16.10,16.60,16.10,16.30,4651010,76180658,0.35,,,1446,
2018-01-05_2031,2018-01-05,2031,新光鋼,twse,29.00,29.20,28.70,29.05,3076831,89205477,0.35,,,1105,
2018-01-05_2032,2018-01-05,2032,新鋼,twse,10.25,10.35,10.25,10.35,270844,2795041,0.15,,,125,
2018-01-05_2033,2018-01-05,2033,佳大,twse,9.28,9.38,9.27,9.38,138180,1289374,0.12,,,44,
2018-01-05_2034,2018-01-05,2034,允強,twse,27.00,27.25,26.90,27.15,3153541,85449251,0.35,,,1175,
2018-01-05_2038,2018-01-05,2038,海光,twse,9.22,9.22,8.92,9.04,1022299,9267071,-0.16,,,333,
2018-01-05_2049,2018-01-05,2049,上銀,twse,335.00,336.50,330.00,335.50,2718246,906548164,0.5,,,2067,
2018-01-05_2059,2018-01-05,2059,川湖,twse,399.00,401.00,392.50,394.00,162598,64223017,-4.0,,,163,
2018-01-05_2061,2018-01-05,2061,風青,tpex,12.70,13.00,12.10,12.90,748000,9394450,0.20,,62075076,338,
2018-01-05_2062,2018-01-05,2062,橋椿,twse,37.25,37.40,37.10,37.30,111150,4139325,0.0,,,85,
2018-01-05_2063,2018-01-05,2063,世鎧,tpex,35.70,35.70,35.60,35.70,6000,214000,0.00,,45000000,5,
2018-01-05_2064,2018-01-05,2064,晉椿,tpex,17.50,17.50,17.20,17.25,26000,450200,-0.40,,70000000,18,
2018-01-05_2065,2018-01-05,2065,世豐,tpex,26.40,26.80,26.40,26.75,16000,425650,0.35,,32679220,11,
2018-01-05_2066,2018-01-05,2066,世德,tpex,94.00,94.50,93.00,93.90,51000,4768900,0.00,,36502870,46,
2018-01-05_2067,2018-01-05,2067,嘉鋼,tpex,11.70,12.50,11.70,12.45,140000,1703600,0.90,,44866177,111,
2018-01-05_2069,2018-01-05,2069,運錩,twse,24.65,24.80,24.40,24.65,191000,4709400,0.2,,,79,
2018-01-05_2101,2018-01-05,2101,南港,twse,26.80,26.90,26.60,26.90,538765,14385098,0.1,,,236,
2018-01-05_2102,2018-01-05,2102,泰豐,twse,13.55,13.55,13.40,13.50,585997,7888149,0.0,,,181,
2018-01-05_2103,2018-01-05,2103,台橡,twse,37.50,37.55,37.10,37.15,1289416,47918566,-0.4,,,706,
2018-01-05_2104,2018-01-05,2104,國際中橡,twse,47.20,47.80,46.90,47.80,8712859,412871079,0.85,,,3893,
2018-01-05_2105,2018-01-05,2105,正新,twse,51.70,51.80,51.00,51.50,5465503,279955842,-0.1,,,3360,
2018-01-05_2106,2018-01-05,2106,建大,twse,38.10,38.15,37.65,37.90,501279,18949563,-0.2,,,262,
2018-01-05_2107,2018-01-05,2107,厚生,twse,16.25,16.30,16.15,16.30,629416,10200280,0.05,,,245,
2018-01-05_2108,2018-01-05,2108,南帝,twse,23.55,23.55,23.35,23.45,578862,13561446,-0.1,,,292,
2018-01-05_2109,2018-01-05,2109,華豐,twse,13.25,13.25,12.80,12.90,1809005,23501813,-0.2,,,434,
2018-01-05_2114,2018-01-05,2114,鑫永銓,twse,88.00,88.00,87.50,87.80,27050,2375075,0.3,,,19,
2018-01-05_2115,2018-01-05,2115,六暉-KY,twse,45.55,45.55,45.50,45.50,19650,895016,-0.05,,,18,
2018-01-05_2201,2018-01-05,2201,裕隆,twse,23.45,23.75,23.45,23.50,3238075,76265908,0.1,,,1591,
2018-01-05_2204,2018-01-05,2204,中華,twse,26.25,26.45,26.15,26.45,1346026,35419184,0.2,,,914,
2018-01-05_2206,2018-01-05,2206,三陽工業,twse,21.25,21.35,21.15,21.35,1586486,33703672,0.1,,,513,
2018-01-05_2207,2018-01-05,2207,和泰車,twse,351.50,353.00,348.00,352.50,238045,83437020,-1.0,,,222,
2018-01-05_2208,2018-01-05,2208,台船,twse,11.50,12.65,11.50,12.65,12200020,149985437,1.15,,,3378,
2018-01-05_2221,2018-01-05,2221,大甲,tpex,29.40,29.75,28.70,28.90,286000,8318700,-0.30,,42425000,179,
2018-01-05_2227,2018-01-05,2227,裕日車,twse,271.50,275.00,269.00,272.50,191464,52146936,1.5,,,168,
2018-01-05_2228,2018-01-05,2228,劍麟,twse,114.00,115.50,112.00,112.50,692398,78078673,-1.0,,,640,
2018-01-05_2230,2018-01-05,2230,泰茂,tpex,13.00,13.15,12.95,13.15,19000,247350,0.15,,39617338,11,
2018-01-05_2231,2018-01-05,2231,為升,twse,281.50,282.50,279.50,282.00,197310,55484110,3.5,,,203,
2018-01-05_2233,2018-01-05,2233,宇隆,tpex,108.50,110.00,108.00,110.00,641000,70003000,2.00,,49214766,449,
2018-01-05_2235,2018-01-05,2235,謚源,tpex,88.70,88.80,88.20,88.30,14000,1237900,-0.40,,35878000,14,
2018-01-05_2236,2018-01-05,2236,百達-KY,twse,50.40,50.80,50.00,50.80,25000,1257500,0.4,,,25,
2018-01-05_2239,2018-01-05,2239,英利-KY,twse,151.00,151.00,149.00,149.00,201140,30133500,-2.5,,,161,
2018-01-05_2243,2018-01-05,2243,宏旭-KY,twse,44.75,44.95,44.30,44.55,36049,1608982,-0.2,,,34,
2018-01-05_2301,2018-01-05,2301,光寶科,twse,39.75,40.20,39.60,39.90,4169707,166383544,0.15,,,2248,
2018-01-05_2302,2018-01-05,2302,麗正,twse,6.05,6.11,6.05,6.08,217958,1326074,0.06,,,85,
2018-01-05_2303,2018-01-05,2303,聯電,twse,14.40,14.55,14.35,14.55,41523319,601312825,0.2,,,5121,
2018-01-05_2305,2018-01-05,2305,全友,twse,9.90,10.00,9.83,9.96,1308231,12981198,0.1,,,432,
2018-01-05_2308,2018-01-05,2308,台達電,twse,139.50,140.50,139.00,140.50,4055939,566159413,1.5,,,2076,
2018-01-05_2311,2018-01-05,2311,日月光,twse,39.20,39.25,38.80,38.90,10930944,425897131,-0.2,,,3869,
2018-01-05_2312,2018-01-05,2312,金寶,twse,10.75,10.80,10.70,10.75,4436010,47654601,0.05,,,1055,
2018-01-05_2313,2018-01-05,2313,華通,twse,40.55,41.85,40.25,40.80,26040209,1066431004,0.8,,,11921,
2018-01-05_2314,2018-01-05,2314,台揚,twse,32.10,32.70,31.25,32.70,3419553,109411189,0.7,,,1665,
2018-01-05_2316,2018-01-05,2316,楠梓電,twse,18.95,19.20,18.95,19.15,546043,10438059,0.2,,,291,
2018-01-05_2317,2018-01-05,2317,鴻海,twse,92.30,93.00,91.60,93.00,59252732,5464513791,0.4,,,24457,
2018-01-05_2321,2018-01-05,2321,東訊,twse,3.46,3.47,3.42,3.47,324904,1124603,0.14,,,92,
2018-01-05_2323,2018-01-05,2323,中環,twse,4.42,4.42,4.34,4.37,4414351,19284143,-0.05,,,790,
2018-01-05_2324,2018-01-05,2324,仁寶,twse,21.00,21.10,20.90,21.10,6418109,134897013,0.2,,,2508,
2018-01-05_2325,2018-01-05,2325,矽品,twse,50.10,50.30,50.00,50.00,5103262,255611300,-0.2,,,1779,
2018-01-05_2327,2018-01-05,2327,國巨*,twse,395.50,415.00,386.50,404.00,5525408,2217682516,5.5,,,4623,
2018-01-05_2328,2018-01-05,2328,廣宇,twse,26.05,26.20,25.85,26.00,2480693,64501191,-0.1,,,914,
2018-01-05_2329,2018-01-05,2329,華泰,twse,9.43,9.50,9.39,9.39,978547,9206061,-0.04,,,375,
2018-01-05_2330,2018-01-05,2330,台積電,twse,240.00,240.00,238.00,240.00,23721255,5681934695,0.5,,,8659,
2018-01-05_2331,2018-01-05,2331,精英,twse,19.85,19.90,19.50,19.60,1201382,23584515,-0.2,,,542,
2018-01-05_2332,2018-01-05,2332,友訊,twse,11.80,12.80,11.50,12.80,41570024,514152930,1.15,,,10195,
2018-01-05_2337,2018-01-05,2337,旺宏,twse,45.35,45.90,43.60,44.00,21819440,976441660,-0.9,,,9368,
2018-01-05_2338,2018-01-05,2338,光罩,twse,18.20,19.05,18.20,18.95,3795595,71069259,0.8,,,1222,
2018-01-05_2340,2018-01-05,2340,台亞,twse,23.00,23.00,22.20,22.45,8046667,181426014,-0.65,,,3395,
2018-01-05_2342,2018-01-05,2342,茂矽,twse,18.50,19.35,18.25,18.50,108965,2058969,0.0,,,156,
2018-01-05_2344,2018-01-05,2344,華邦電,twse,24.65,24.70,24.40,24.40,12910565,316466477,-0.1,,,4691,
2018-01-05_2345,2018-01-05,2345,智邦,twse,121.00,123.50,120.00,121.50,9089929,1105402420,1.0,,,5091,
2018-01-05_2347,2018-01-05,2347,聯強,twse,41.90,42.35,41.55,42.25,4815835,202282270,0.45,,,2991,
2018-01-05_2349,2018-01-05,2349,錸德,twse,4.70,4.76,4.67,4.71,2189798,10301211,0.01,,,484,
2018-01-05_2351,2018-01-05,2351,順德,twse,93.70,96.00,91.60,92.00,2964927,278399502,-0.5,,,2115,
2018-01-05_2352,2018-01-05,2352,佳世達,twse,21.70,21.75,21.30,21.30,7810016,167922065,-0.3,,,2188,
2018-01-05_2353,2018-01-05,2353,宏碁,twse,24.10,24.45,23.80,24.30,22912467,552639340,0.1,,,6738,
2018-01-05_2354,2018-01-05,2354,鴻準,twse,85.20,85.30,84.40,85.30,2195899,186491759,0.2,,,1362,
2018-01-05_2355,2018-01-05,2355,敬鵬,twse,58.00,59.60,57.90,58.10,2376382,139243890,0.3,,,1362,
2018-01-05_2356,2018-01-05,2356,英業達,twse,24.45,24.50,24.10,24.20,6735339,162942300,-0.2,,,2589,
2018-01-05_2357,2018-01-05,2357,華碩,twse,271.50,273.50,269.50,272.00,2414104,654742288,1.0,,,824,
2018-01-05_2358,2018-01-05,2358,廷鑫,twse,22.20,23.80,22.20,23.30,684181,15755795,0.95,,,372,
2018-01-05_2359,2018-01-05,2359,所羅門,twse,27.75,28.55,27.25,27.55,14038328,391846658,-0.2,,,6087,
2018-01-05_2360,2018-01-05,2360,致茂,twse,168.00,170.00,165.00,165.50,2665366,445912072,0.5,,,1879,
2018-01-05_2362,2018-01-05,2362,藍天,twse,28.70,28.80,28.45,28.65,706805,20221540,-0.05,,,351,
2018-01-05_2363,2018-01-05,2363,矽統,twse,9.21,9.53,9.17,9.36,10207872,95675041,0.21,,,2642,
2018-01-05_2364,2018-01-05,2364,倫飛,twse,2.44,2.44,2.35,2.38,109234,260510,0.0,,,21,
2018-01-05_2365,2018-01-05,2365,昆盈,twse,10.30,10.50,10.30,10.45,450488,4685673,0.15,,,170,
2018-01-05_2367,2018-01-05,2367,燿華,twse,24.45,25.15,24.10,24.95,45373838,1115505722,0.15,,,13092,
2018-01-05_2368,2018-01-05,2368,金像電,twse,10.70,10.75,10.60,10.75,2823098,30168643,0.1,,,657,
2018-01-05_2369,2018-01-05,2369,菱生,twse,15.35,15.60,15.35,15.45,2715705,42056540,0.1,,,925,
2018-01-05_2371,2018-01-05,2371,大同,twse,20.20,20.65,20.15,20.55,22994149,469914928,0.25,,,5403,
2018-01-05_2373,2018-01-05,2373,震旦行,twse,87.20,87.80,87.00,87.70,376264,32925525,0.2,,,264,
2018-01-05_2374,2018-01-05,2374,佳能,twse,21.50,21.55,21.10,21.25,3278070,70047979,-0.45,,,1534,
2018-01-05_2375,2018-01-05,2375,凱美,twse,53.20,55.20,51.10,53.00,10250641,544507755,-1.0,,,6456,
2018-01-05_2376,2018-01-05,2376,技嘉,twse,58.10,59.00,57.10,58.20,9012369,523751124,-1.0,,,5328,
2018-01-05_2377,2018-01-05,2377,微星,twse,85.60,89.40,85.00,88.60,12731922,1114286084,2.4,,,7045,
2018-01-05_2379,2018-01-05,2379,瑞昱,twse,110.50,112.50,110.00,112.50,1239283,138371696,2.0,,,775,
2018-01-05_2380,2018-01-05,2380,虹光,twse,7.01,7.05,6.97,7.04,548344,3850818,0.05,,,126,
2018-01-05_2382,2018-01-05,2382,廣達,twse,63.00,63.00,61.70,61.80,7424266,461150392,-1.1,,,3247,
2018-01-05_2383,2018-01-05,2383,台光電,twse,105.50,105.50,102.00,102.50,2914932,301403996,-3.0,,,1958,
2018-01-05_2385,2018-01-05,2385,群光,twse,74.80,74.80,74.10,74.40,709705,52797705,-0.4,,,625,
2018-01-05_2387,2018-01-05,2387,精元,twse,17.45,17.55,17.45,17.45,181807,3179927,0.0,,,107,
2018-01-05_2388,2018-01-05,2388,威盛,twse,10.90,10.90,10.70,10.70,384614,4137611,-0.15,,,169,
2018-01-05_2390,2018-01-05,2390,云辰,twse,12.85,12.95,12.45,12.55,1537964,19491899,-0.15,,,657,
2018-01-05_2392,2018-01-05,2392,正崴,twse,50.00,50.30,49.55,49.70,1982865,98788849,0.25,,,1063,
2018-01-05_2393,2018-01-05,2393,億光,twse,45.55,45.60,45.15,45.25,1112450,50455606,-0.2,,,717,
2018-01-05_2395,2018-01-05,2395,研華,twse,214.50,217.50,214.00,216.00,1302605,281135770,2.5,,,980,
2018-01-05_2397,2018-01-05,2397,友通,twse,59.50,60.00,59.50,59.50,64020,3821081,-0.2,,,51,
2018-01-05_2399,2018-01-05,2399,映泰,twse,14.00,14.20,13.85,13.95,1186658,16575496,-0.05,,,396,
2018-01-05_2401,2018-01-05,2401,凌陽,twse,17.15,17.20,16.95,16.95,2397765,40856560,-0.15,,,912,
2018-01-05_2402,2018-01-05,2402,毅嘉,twse,17.00,17.00,16.75,16.90,445507,7505944,0.0,,,266,
2018-01-05_2404,2018-01-05,2404,漢唐,twse,60.30,60.30,59.80,60.20,520634,31312064,0.5,,,405,
2018-01-05_2405,2018-01-05,2405,輔信,twse,21.00,21.25,20.65,20.75,13187421,276167878,-0.15,,,4792,
2018-01-05_2406,2018-01-05,2406,國碩,twse,16.90,16.95,16.60,16.70,1315018,22001150,-0.1,,,587,
2018-01-05_2408,2018-01-05,2408,南亞科,twse,82.00,84.20,82.00,83.50,29159382,2431597643,2.0,,,10868,
2018-01-05_2409,2018-01-05,2409,友達,twse,12.55,12.55,12.40,12.50,38785738,483565007,0.0,,,6629,
2018-01-05_2412,2018-01-05,2412,中華電,twse,108.00,108.50,107.50,108.50,16499196,1785013668,0.5,,,4745,
2018-01-05_2413,2018-01-05,2413,環科,twse,22.80,22.90,22.55,22.90,837110,18973968,0.2,,,329,
2018-01-05_2414,2018-01-05,2414,精技,twse,20.00,20.05,19.85,19.90,177617,3540756,-0.1,,,87,
2018-01-05_2415,2018-01-05,2415,錩新,twse,26.95,27.40,26.95,27.10,318368,8646436,0.15,,,185,
2018-01-05_2417,2018-01-05,2417,圓剛,twse,14.35,14.45,14.00,14.10,1988401,28114503,-0.2,,,721,
2018-01-05_2419,2018-01-05,2419,仲琦,twse,22.30,22.45,22.10,22.15,3698544,82357397,-0.1,,,1603,
2018-01-05_2420,2018-01-05,2420,新巨,twse,35.80,35.80,35.50,35.55,158347,5638131,-0.15,,,115,
2018-01-05_2421,2018-01-05,2421,建準,twse,54.40,54.40,52.20,52.30,2487757,131710138,-1.7,,,1717,
2018-01-05_2423,2018-01-05,2423,固緯,twse,23.60,23.70,23.50,23.70,138530,3270204,0.45,,,89,
2018-01-05_2424,2018-01-05,2424,隴華,twse,35.15,35.85,35.10,35.85,17042,600851,-1.4,,,15,
2018-01-05_2425,2018-01-05,2425,承啟,twse,15.25,15.30,15.20,15.30,45300,690160,0.05,,,26,
2018-01-05_2426,2018-01-05,2426,鼎元,twse,17.70,17.70,16.95,17.00,13567542,233835441,-0.5,,,4711,
2018-01-05_2427,2018-01-05,2427,三商電,twse,10.35,10.35,10.25,10.25,641334,6613806,-0.05,,,233,
2018-01-05_2428,2018-01-05,2428,興勤,twse,87.50,87.80,86.00,86.40,403010,34879870,-1.0,,,309,
2018-01-05_2429,2018-01-05,2429,銘旺科,twse,10.35,11.15,10.35,11.15,13490,146863,1.0,,,13,
2018-01-05_2430,2018-01-05,2430,燦坤,twse,24.10,24.20,24.10,24.15,49740,1202033,0.05,,,33,
2018-01-05_2431,2018-01-05,2431,聯昌,twse,16.00,16.15,15.80,15.80,349187,5569860,-0.2,,,169,
2018-01-05_2433,2018-01-05,2433,互盛電,twse,43.70,44.00,43.70,43.95,54012,2368779,0.3,,,42,
2018-01-05_2434,2018-01-05,2434,統懋,twse,9.20,9.20,9.12,9.13,28071,257082,-0.15,,,28,
2018-01-05_2436,2018-01-05,2436,偉詮電,twse,31.55,31.55,30.60,30.85,1819115,56411078,-0.45,,,978,
2018-01-05_2438,2018-01-05,2438,翔耀,twse,7.07,7.18,7.07,7.08,21794,155209,0.01,,,18,
2018-01-05_2439,2018-01-05,2439,美律,twse,202.00,202.50,192.00,196.00,9180318,1796594146,-5.5,,,6382,
2018-01-05_2440,2018-01-05,2440,太空梭,twse,10.40,10.55,10.30,10.40,32646,338752,0.1,,,20,
2018-01-05_2441,2018-01-05,2441,超豐,twse,52.70,52.80,52.50,52.80,398430,20990112,0.2,,,270,
2018-01-05_2442,2018-01-05,2442,新美齊,twse,8.28,8.35,8.17,8.23,931127,7664006,-0.04,,,268,
2018-01-05_2443,2018-01-05,2443,昶虹,twse,6.18,6.23,6.16,6.21,57599,356562,0.05,,,37,
2018-01-05_2444,2018-01-05,2444,兆勁,twse,37.50,38.35,37.10,37.25,5007922,188403191,-0.15,,,1001,
2018-01-05_2448,2018-01-05,2448,晶電,twse,50.50,51.70,49.95,50.20,61854558,3140065233,0.3,,,24076,
2018-01-05_2449,2018-01-05,2449,京元電子,twse,30.80,30.90,30.15,30.30,2982883,90463645,-0.55,,,1356,
2018-01-05_2450,2018-01-05,2450,神腦,twse,52.50,52.50,51.40,51.70,118018,6123729,0.7,,,72,
2018-01-05_2451,2018-01-05,2451,創見,twse,82.80,83.50,82.80,83.20,595459,49599569,0.5,,,459,
2018-01-05_2453,2018-01-05,2453,凌群,twse,15.10,15.10,14.70,14.80,606100,8989485,-0.2,,,280,
2018-01-05_2454,2018-01-05,2454,聯發科,twse,310.00,310.00,297.00,300.00,4965501,1497589301,-7.0,,,4032,
2018-01-05_2455,2018-01-05,2455,全新,twse,99.30,102.00,98.50,99.00,11451849,1147470351,1.1,,,6702,
2018-01-05_2456,2018-01-05,2456,奇力新,twse,111.50,114.00,105.50,108.50,19981818,2199009344,-2.5,,,10863,
2018-01-05_2457,2018-01-05,2457,飛宏,twse,14.55,14.70,14.35,14.45,3607060,52206506,-0.15,,,1259,
2018-01-05_2458,2018-01-05,2458,義隆,twse,45.70,46.55,45.70,45.90,4313386,198654442,0.3,,,2036,
2018-01-05_2459,2018-01-05,2459,敦吉,twse,43.60,43.65,43.35,43.40,64988,2822329,-0.2,,,56,
2018-01-05_2460,2018-01-05,2460,建通,twse,18.45,18.90,18.15,18.60,4371727,80948996,-0.5,,,1738,
2018-01-05_2461,2018-01-05,2461,光群雷,twse,17.05,17.20,16.80,16.85,1325365,22443883,-0.2,,,456,
2018-01-05_2462,2018-01-05,2462,良得電,twse,31.10,31.10,30.95,31.00,87864,2722382,-0.1,,,53,
2018-01-05_2464,2018-01-05,2464,盟立,twse,47.10,47.80,46.60,46.60,2795190,131659592,-0.5,,,1558,
2018-01-05_2465,2018-01-05,2465,麗臺,twse,20.15,20.30,19.70,19.70,559619,11115697,-0.4,,,279,
2018-01-05_2466,2018-01-05,2466,冠西電,twse,35.00,35.10,34.75,34.75,87000,3041700,-0.3,,,49,
2018-01-05_2467,2018-01-05,2467,志聖,twse,28.80,29.30,28.65,28.80,5285701,153056255,0.45,,,2150,
2018-01-05_2468,2018-01-05,2468,華經,twse,11.25,11.30,11.15,11.30,48000,539050,0.05,,,25,
2018-01-05_2471,2018-01-05,2471,資通,twse,15.10,15.10,14.90,14.95,54010,805899,-0.05,,,34,
2018-01-05_2472,2018-01-05,2472,立隆電,twse,65.50,65.50,63.50,64.00,1550860,99186849,-1.5,,,1092,
2018-01-05_2474,2018-01-05,2474,可成,twse,336.50,336.50,327.50,335.00,3683850,1219873050,0.0,,,2427,
2018-01-05_2475,2018-01-05,2475,華映,twse,2.33,2.34,2.33,2.34,4856941,11332725,0.02,,,321,
2018-01-05_2476,2018-01-05,2476,鉅祥,twse,27.50,27.55,27.35,27.40,234432,6433789,0.0,,,135,
2018-01-05_2477,2018-01-05,2477,美隆電,twse,29.40,30.75,28.50,29.70,1974589,58289048,1.1,,,1186,
2018-01-05_2478,2018-01-05,2478,大毅,twse,38.05,38.90,37.50,38.10,4055812,154212643,-0.95,,,2169,
2018-01-05_2480,2018-01-05,2480,敦陽科,twse,37.40,37.70,37.10,37.15,479458,17912750,-0.1,,,316,
2018-01-05_2481,2018-01-05,2481,強茂,twse,35.85,36.60,35.10,36.15,22354741,805808572,0.85,,,9660,
2018-01-05_2482,2018-01-05,2482,連宇,twse,12.30,12.40,12.30,12.30,44400,546310,0.0,,,18,
2018-01-05_2483,2018-01-05,2483,百容,twse,25.85,25.85,25.10,25.75,732352,18658424,-0.05,,,446,
2018-01-05_2484,2018-01-05,2484,希華,twse,23.55,24.30,23.00,23.20,8179762,192399322,0.0,,,3505,
2018-01-05_2485,2018-01-05,2485,兆赫,twse,31.65,32.40,31.40,31.70,8418966,268777921,0.5,,,3480,
2018-01-05_2486,2018-01-05,2486,一詮,twse,11.35,12.45,11.35,11.65,8681997,105109012,0.3,,,2748,
2018-01-05_2488,2018-01-05,2488,漢平,twse,30.30,30.30,30.05,30.30,133000,4015800,0.0,,,89,
2018-01-05_2489,2018-01-05,2489,瑞軒,twse,16.50,16.60,16.50,16.60,1577373,26088088,0.1,,,603,
2018-01-05_2491,2018-01-05,2491,吉祥全,twse,6.90,6.93,6.86,6.92,20036,138282,-0.01,,,18,
2018-01-05_2492,2018-01-05,2492,華新科,twse,115.50,119.00,113.00,116.00,5540138,642404370,-1.0,,,3225,
2018-01-05_2493,2018-01-05,2493,揚博,twse,26.60,26.60,26.50,26.55,116008,3081914,-0.05,,,67,
2018-01-05_2495,2018-01-05,2495,普安,twse,14.35,14.50,14.25,14.40,177908,2558933,0.05,,,91,
2018-01-05_2496,2018-01-05,2496,卓越,twse,202.50,204.50,194.00,195.50,1485400,296618000,3.0,,,1364,
2018-01-05_2497,2018-01-05,2497,怡利電,twse,29.80,29.80,29.45,29.45,92050,2725364,-0.3,,,56,
2018-01-05_2498,2018-01-05,2498,宏達電,twse,76.00,76.60,75.20,75.20,7484189,566862375,-0.4,,,4135,
2018-01-05_2499,2018-01-05,2499,東貝,twse,11.95,12.10,11.85,11.90,3001228,35903076,0.0,,,897,
2018-01-05_2501,2018-01-05,2501,國建,twse,16.55,16.60,16.45,16.55,563270,9306958,0.0,,,262,
2018-01-05_2504,2018-01-05,2504,國產,twse,9.58,9.64,9.51,9.64,2936193,28175690,0.17,,,1053,
2018-01-05_2505,2018-01-05,2505,國揚,twse,16.75,16.90,16.65,16.80,1311701,21969100,-0.05,,,409,
2018-01-05_2506,2018-01-05,2506,太設,twse,10.65,10.70,10.55,10.70,74766,797413,-0.05,,,47,
2018-01-05_2509,2018-01-05,2509,全坤建,twse,21.70,21.70,21.45,21.60,55756,1200027,-0.05,,,31,
2018-01-05_2511,2018-01-05,2511,太子,twse,12.10,12.15,12.00,12.10,1547619,18670528,0.0,,,520,
2018-01-05_2514,2018-01-05,2514,龍邦,twse,15.20,15.25,15.15,15.25,261075,3974089,0.05,,,98,
2018-01-05_2515,2018-01-05,2515,中工,twse,8.15,8.17,8.07,8.09,8788206,71192888,-0.06,,,1800,
2018-01-05_2516,2018-01-05,2516,新建,twse,7.16,7.21,7.16,7.18,935671,6735455,0.02,,,114,
2018-01-05_2520,2018-01-05,2520,冠德,twse,22.10,22.15,21.85,22.05,2192656,48170663,0.25,,,781,
2018-01-05_2524,2018-01-05,2524,京城,twse,22.95,23.30,22.95,23.15,250397,5789449,0.2,,,66,
2018-01-05_2527,2018-01-05,2527,宏璟,twse,25.75,26.00,25.40,25.60,643173,16508543,0.0,,,295,
2018-01-05_2528,2018-01-05,2528,皇普,twse,18.80,19.20,18.60,19.05,60000,1135000,0.25,,,21,
2018-01-05_2530,2018-01-05,2530,華建,twse,15.05,15.25,15.00,15.10,97796,1476790,0.05,,,43,
2018-01-05_2534,2018-01-05,2534,宏盛,twse,26.70,26.90,26.50,26.85,3249676,86797045,0.45,,,1194,
2018-01-05_2535,2018-01-05,2535,達欣工,twse,18.30,18.35,18.20,18.30,398108,7274676,0.05,,,154,
2018-01-05_2536,2018-01-05,2536,宏普,twse,21.95,22.10,21.80,21.80,551808,12070945,-0.15,,,228,
2018-01-05_2537,2018-01-05,2537,聯上發,twse,8.39,8.39,8.35,8.35,152634,1275947,-0.01,,,78,
2018-01-05_2538,2018-01-05,2538,基泰,twse,10.40,10.55,10.35,10.55,1872465,19623581,0.2,,,596,
2018-01-05_2539,2018-01-05,2539,櫻花建,twse,28.35,28.85,28.35,28.50,137236,3923149,0.15,,,76,
2018-01-05_2540,2018-01-05,2540,愛山林,twse,20.85,20.90,20.85,20.90,2657,55086,0.3,,,5,
2018-01-05_2542,2018-01-05,2542,興富發,twse,42.65,43.10,42.50,43.10,1795238,76887747,0.45,,,1070,
2018-01-05_2543,2018-01-05,2543,皇昌,twse,8.35,8.38,8.25,8.35,377784,3154115,0.11,,,26,
2018-01-05_2545,2018-01-05,2545,皇翔,twse,31.10,31.35,31.00,31.35,138271,4312593,0.2,,,108,
2018-01-05_2546,2018-01-05,2546,根基,twse,21.40,21.50,21.35,21.45,351140,7530123,0.1,,,112,
2018-01-05_2547,2018-01-05,2547,日勝生,twse,12.95,13.05,12.85,13.00,707170,9147233,0.05,,,248,
2018-01-05_2548,2018-01-05,2548,華固,twse,70.20,70.50,69.80,70.20,302592,21229753,0.0,,,263,
2018-01-05_2596,2018-01-05,2596,綠意,tpex,17.40,17.50,17.40,17.40,78000,1359700,0.00,,97381229,35,
2018-01-05_2597,2018-01-05,2597,潤弘,twse,38.00,38.10,38.00,38.05,15000,570650,-0.15,,,14,
2018-01-05_2601,2018-01-05,2601,益航,twse,9.11,9.33,9.11,9.25,6503299,59972735,0.15,,,1528,
2018-01-05_2603,2018-01-05,2603,長榮,twse,18.45,18.75,18.30,18.70,159169843,2954071032,0.55,,,27196,
2018-01-05_2605,2018-01-05,2605,新興,twse,21.50,21.55,21.15,21.30,2199173,46811180,0.2,,,836,
2018-01-05_2606,2018-01-05,2606,裕民,twse,37.50,38.15,37.30,37.80,3210699,120945178,0.65,,,1538,
2018-01-05_2607,2018-01-05,2607,榮運,twse,14.20,14.30,14.15,14.25,850857,12101108,0.1,,,284,
2018-01-05_2608,2018-01-05,2608,嘉里大榮,twse,38.70,38.70,38.50,38.60,117871,4546281,-0.05,,,106,
2018-01-05_2609,2018-01-05,2609,陽明,twse,12.30,12.50,12.30,12.30,15735492,194589712,0.15,,,3134,
2018-01-05_2610,2018-01-05,2610,華航,twse,12.50,12.50,12.35,12.50,16918423,210696124,0.1,,,3986,
2018-01-05_2611,2018-01-05,2611,志信,twse,7.06,7.11,7.03,7.03,168901,1192383,-0.03,,,60,
2018-01-05_2612,2018-01-05,2612,中航,twse,29.50,30.05,29.50,29.90,706446,21081092,0.7,,,320,
2018-01-05_2613,2018-01-05,2613,中櫃,twse,13.00,13.15,13.00,13.00,350312,4568956,-0.05,,,102,
2018-01-05_2614,2018-01-05,2614,東森,twse,10.95,11.05,10.85,10.95,3613393,39586958,0.0,,,879,
2018-01-05_2615,2018-01-05,2615,萬海,twse,19.75,19.85,19.55,19.75,3853101,75986139,0.3,,,1596,
2018-01-05_2616,2018-01-05,2616,山隆,twse,32.80,33.75,32.80,33.55,535555,17851619,0.85,,,345,
2018-01-05_2617,2018-01-05,2617,台航,twse,16.70,16.90,16.60,16.80,891608,14890612,0.3,,,406,
2018-01-05_2618,2018-01-05,2618,長榮航,twse,16.10,16.40,16.05,16.20,16325731,264519024,0.2,,,4251,
2018-01-05_2633,2018-01-05,2633,台灣高鐵,twse,23.80,23.80,23.55,23.65,1915166,45254728,-0.05,,,1060,
2018-01-05_2634,2018-01-05,2634,漢翔,twse,36.40,37.15,36.35,37.15,2060468,75601054,0.55,,,1043,
2018-01-05_2636,2018-01-05,2636,台驊控股,twse,23.65,23.85,23.60,23.70,528616,12519178,0.05,,,269,
2018-01-05_2637,2018-01-05,2637,慧洋-KY,twse,29.20,29.25,29.00,29.05,886561,25833228,-0.15,,,300,
2018-01-05_2640,2018-01-05,2640,大車隊,tpex,65.60,65.60,65.00,65.60,80000,5223300,-0.40,,48757426,71,
2018-01-05_2641,2018-01-05,2641,正德,tpex,7.33,7.33,7.21,7.25,107000,773680,0.02,,185011535,43,
2018-01-05_2642,2018-01-05,2642,宅配通,twse,29.45,29.45,29.00,29.25,90080,2630556,-0.05,,,68,
2018-01-05_2643,2018-01-05,2643,捷迅,tpex,31.70,31.75,31.40,31.50,21000,662350,-0.20,,26230000,15,
2018-01-05_2701,2018-01-05,2701,萬企,twse,13.65,13.80,13.50,13.80,142831,1947147,0.1,,,86,
2018-01-05_2702,2018-01-05,2702,華園,twse,14.95,15.10,14.95,14.95,150080,2255792,0.25,,,74,
2018-01-05_2704,2018-01-05,2704,國賓,twse,23.25,23.25,23.15,23.20,152360,3538783,0.0,,,66,
2018-01-05_2705,2018-01-05,2705,六福,twse,8.00,8.14,7.97,8.11,917592,7391968,0.11,,,314,
2018-01-05_2706,2018-01-05,2706,第一店,twse,15.65,15.85,15.60,15.75,453040,7120827,0.1,,,136,
2018-01-05_2707,2018-01-05,2707,晶華,twse,154.50,155.50,154.00,155.00,143670,22201850,0.5,,,105,
2018-01-05_2712,2018-01-05,2712,遠雄來,twse,25.95,25.95,24.80,24.80,30000,752000,-0.5,,,12,
2018-01-05_2719,2018-01-05,2719,燦星旅,tpex,9.72,9.72,9.70,9.70,12000,116500,-0.19,,36292000,8,
2018-01-05_2722,2018-01-05,2722,夏都,twse,34.85,35.05,33.85,35.05,9000,312200,0.0,,,6,
2018-01-05_2723,2018-01-05,2723,美食-KY,twse,415.00,415.00,399.00,404.00,241257,97444956,-6.0,,,216,
2018-01-05_2726,2018-01-05,2726,雅茗-KY,tpex,91.70,91.80,90.60,91.20,16000,1456100,-0.70,,33395185,16,
2018-01-05_2727,2018-01-05,2727,王品,twse,135.00,136.00,134.50,135.00,74805,10097271,0.0,,,69,
2018-01-05_2729,2018-01-05,2729,瓦城,tpex,229.00,229.00,226.50,227.00,14000,3183000,-1.00,,23266000,12,
2018-01-05_2731,2018-01-05,2731,雄獅,twse,104.50,109.00,104.50,108.00,991058,106237735,5.0,,,779,
2018-01-05_2732,2018-01-05,2732,六角,tpex,83.00,83.00,82.50,82.50,65000,5381100,-0.30,,35871542,48,
2018-01-05_2734,2018-01-05,2734,易飛網,tpex,19.20,19.50,19.15,19.15,23000,442900,0.15,,30259760,13,
2018-01-05_2736,2018-01-05,2736,高野,tpex,17.20,17.20,17.20,17.20,5000,86000,0.05,up,48992383,4,
2018-01-05_2739,2018-01-05,2739,寒舍,twse,40.20,40.45,40.05,40.20,58000,2332300,0.0,,,29,
2018-01-05_2740,2018-01-05,2740,天蔥,tpex,35.40,36.40,35.40,36.40,17000,612350,0.90,,15978196,15,
2018-01-05_2748,2018-01-05,2748,雲品,twse,67.50,69.00,67.50,68.80,184000,12604500,1.3,,,104,
2018-01-05_2801,2018-01-05,2801,彰銀,twse,16.65,16.80,16.60,16.80,9256161,154758236,0.15,,,2156,
2018-01-05_2809,2018-01-05,2809,京城銀,twse,39.10,40.95,38.75,40.15,3919425,156424600,1.65,,,2187,
2018-01-05_2812,2018-01-05,2812,台中銀,twse,10.00,10.10,10.00,10.05,5002041,50221168,0.0,,,1033,
2018-01-05_2816,2018-01-05,2816,旺旺保,twse,20.00,20.80,19.90,20.65,813651,16587442,0.75,,,404,
2018-01-05_2820,2018-01-05,2820,華票,twse,15.50,15.55,15.50,15.55,492571,7649792,0.05,,,223,
2018-01-05_2823,2018-01-05,2823,中壽,twse,30.30,30.30,30.10,30.30,4843699,146356613,0.0,,,2447,
2018-01-05_2832,2018-01-05,2832,台產,twse,20.70,21.00,20.70,20.90,351930,7332932,0.2,,,158,
2018-01-05_2834,2018-01-05,2834,臺企銀,twse,8.41,8.44,8.40,8.44,8691403,73205399,0.03,,,1847,
2018-01-05_2836,2018-01-05,2836,高雄銀,twse,9.27,9.31,9.25,9.31,2210520,20514739,0.04,,,362,
2018-01-05_2838,2018-01-05,2838,聯邦銀,twse,9.29,9.32,9.27,9.30,1006820,9354641,0.02,,,167,
2018-01-05_2838A,2018-01-05,2838A,聯邦銀甲特,twse,50.10,50.10,50.00,50.10,369245,18499072,0.0,,,138,
2018-01-05_2841,2018-01-05,2841,台開,twse,10.30,10.35,10.25,10.35,1817151,18756842,0.05,,,335,
2018-01-05_2845,2018-01-05,2845,遠東銀,twse,9.62,9.66,9.58,9.66,2878633,27710272,0.04,,,655,
2018-01-05_2849,2018-01-05,2849,安泰銀,twse,13.30,13.30,13.25,13.30,11365,150772,0.05,,,10,
2018-01-05_2850,2018-01-05,2850,新產,twse,28.95,29.00,28.80,29.00,365283,10565857,0.05,,,136,
2018-01-05_2851,2018-01-05,2851,中再保,twse,17.60,17.80,17.50,17.75,394230,6972504,0.25,,,180,
2018-01-05_2852,2018-01-05,2852,第一保,twse,14.60,14.60,14.50,14.60,200180,2912744,0.0,,,75,
2018-01-05_2855,2018-01-05,2855,統一證,twse,14.75,14.75,14.65,14.70,1126614,16567816,0.0,,,248,
2018-01-05_2856,2018-01-05,2856,元富證,twse,8.72,8.72,8.67,8.70,4187427,36384065,0.0,,,480,
2018-01-05_2867,2018-01-05,2867,三商壽,twse,16.25,16.35,16.20,16.35,2630746,42849234,0.05,,,981,
2018-01-05_2880,2018-01-05,2880,華南金,twse,16.95,17.15,16.95,17.15,14044644,239541886,0.2,,,3597,
2018-01-05_2881,2018-01-05,2881,富邦金,twse,51.90,52.40,51.60,52.20,21035327,1095747504,0.3,,,6584,
2018-01-05_2881A,2018-01-05,2881A,富邦特,twse,63.70,63.80,63.60,63.80,18499,1177886,0.0,,,20,
2018-01-05_2882,2018-01-05,2882,國泰金,twse,55.30,55.80,55.00,55.70,22221913,1232707178,0.3,,,7550,
2018-01-05_2882A,2018-01-05,2882A,國泰特,twse,62.70,62.80,62.50,62.80,214992,13463395,0.1,,,76,
2018-01-05_2883,2018-01-05,2883,凱基金,twse,10.15,10.20,10.10,10.20,43775350,444757828,0.1,,,7955,
2018-01-05_2884,2018-01-05,2884,玉山金,twse,19.30,19.35,19.25,19.35,15916523,307365193,0.05,,,4062,
2018-01-05_2885,2018-01-05,2885,元大金,twse,13.90,14.00,13.80,13.95,24737166,343938836,0.1,,,4082,
2018-01-05_2886,2018-01-05,2886,兆豐金,twse,24.60,24.90,24.60,24.90,16286314,403368633,0.3,,,5602,
2018-01-05_2887,2018-01-05,2887,台新新光金,twse,14.10,14.20,14.05,14.20,23016325,325218201,0.15,,,5502,
2018-01-05_2887E,2018-01-05,2887E,台新新光戊特一,twse,53.00,53.00,52.90,52.90,65793,3480006,0.0,,,30,
2018-01-05_2888,2018-01-05,2888,新光金,twse,10.60,10.65,10.55,10.60,35481889,376078506,0.0,,,5223,
2018-01-05_2889,2018-01-05,2889,國票金,twse,9.50,9.50,9.48,9.49,2530505,24008239,-0.01,,,538,
2018-01-05_2890,2018-01-05,2890,永豐金,twse,9.73,9.80,9.72,9.80,14174801,138223608,0.07,,,3374,
2018-01-05_2891,2018-01-05,2891,中信金,twse,20.70,20.90,20.65,20.90,45624166,948439658,0.25,,,8097,
2018-01-05_2892,2018-01-05,2892,第一金,twse,19.60,19.70,19.55,19.70,15230799,298864762,0.1,,,4565,
2018-01-05_2897,2018-01-05,2897,王道銀行,twse,8.92,8.93,8.90,8.92,1739000,15502890,0.01,,,342,
2018-01-05_2901,2018-01-05,2901,欣欣,twse,26.00,26.40,25.80,26.40,55239,1437590,0.3,,,21,
2018-01-05_2903,2018-01-05,2903,遠百,twse,15.10,15.30,15.10,15.25,5853452,88759971,0.15,,,2020,
2018-01-05_2904,2018-01-05,2904,匯僑,twse,18.50,18.65,18.50,18.60,100356,1864421,0.1,,,68,
2018-01-05_2905,2018-01-05,2905,三商,twse,26.10,26.10,25.90,26.05,288808,7510870,-0.1,,,167,
2018-01-05_2906,2018-01-05,2906,高林,twse,11.05,11.10,11.00,11.10,309055,3415755,0.0,,,87,
2018-01-05_2908,2018-01-05,2908,特力,twse,23.00,23.00,22.75,22.95,494028,11303634,-0.05,,,149,
2018-01-05_2911,2018-01-05,2911,麗嬰房,twse,12.00,12.65,12.00,12.30,3273023,40481323,0.3,,,1171,
2018-01-05_2912,2018-01-05,2912,統一超,twse,286.50,287.00,282.00,283.00,752140,213949182,-2.5,,,673,
2018-01-05_2913,2018-01-05,2913,農林,twse,15.50,15.60,15.45,15.60,1907552,29286296,0.1,,,329,
2018-01-05_2915,2018-01-05,2915,潤泰全,twse,50.80,52.00,50.70,51.80,4520121,232583136,1.2,,,2002,
2018-01-05_2916,2018-01-05,2916,滿心,tpex,16.35,16.35,16.35,16.35,1000,16350,0.20,up,54626878,1,
2018-01-05_2923,2018-01-05,2923,鼎固-KY,twse,18.40,19.20,18.00,18.60,107000,1957400,0.0,,,61,
2018-01-05_2924,2018-01-05,2924,東凌-KY,tpex,57.00,57.20,56.60,57.20,49000,2793000,0.00,,34005174,29,
2018-01-05_2926,2018-01-05,2926,誠品生活,tpex,138.00,138.00,137.00,137.00,9000,1235500,-0.50,,47389650,7,
2018-01-05_2928,2018-01-05,2928,紅馬-KY,tpex,53.50,57.50,53.50,56.90,355000,19874700,3.40,,47301154,272,
2018-01-05_2929,2018-01-05,2929,淘帝-KY,twse,109.50,111.00,108.50,111.00,754495,83113675,2.0,,,673,
2018-01-05_2936,2018-01-05,2936,客思達-KY,twse,32.00,32.00,31.50,31.50,14000,442350,-0.15,,,13,
2018-01-05_2937,2018-01-05,2937,集雅社,tpex,20.60,20.65,20.60,20.65,12000,247300,-0.15,,32860000,5,
2018-01-05_3002,2018-01-05,3002,歐格,twse,13.25,13.45,13.20,13.35,117000,1553800,0.1,,,52,
2018-01-05_3003,2018-01-05,3003,健和興,twse,65.30,67.20,64.80,66.30,1654319,109403847,0.6,,,1197,
2018-01-05_3004,2018-01-05,3004,豐達科,twse,50.60,51.30,49.85,51.00,206001,10422250,0.5,,,161,
2018-01-05_3005,2018-01-05,3005,神基,twse,48.55,48.95,47.00,47.15,6543794,311891565,-1.35,,,3235,
2018-01-05_3006,2018-01-05,3006,晶豪科,twse,44.10,44.50,43.45,43.70,3193422,140097431,-0.25,,,1590,
2018-01-05_3008,2018-01-05,3008,大立光,twse,4170.00,4170.00,3985.00,4100.00,829378,3377411260,-35.0,,,874,
2018-01-05_3010,2018-01-05,3010,華立,twse,56.60,56.70,56.00,56.10,300553,16904130,-0.4,,,219,
2018-01-05_3011,2018-01-05,3011,今皓,twse,7.40,7.45,7.34,7.35,330591,2442839,0.05,,,131,
2018-01-05_3013,2018-01-05,3013,晟銘電,twse,22.50,22.60,21.55,21.60,2771632,60509280,-0.8,,,1348,
2018-01-05_3014,2018-01-05,3014,聯陽,twse,36.05,36.15,35.85,35.90,427609,15370548,-0.1,,,231,
2018-01-05_3015,2018-01-05,3015,全漢,twse,24.60,24.70,24.30,24.70,165677,4071183,0.25,,,105,
2018-01-05_3016,2018-01-05,3016,嘉晶,twse,35.25,36.20,35.05,35.40,7245518,258332331,0.4,,,3694,
2018-01-05_3017,2018-01-05,3017,奇鋐,twse,32.45,32.70,32.15,32.30,4604631,149361058,0.1,,,2262,
2018-01-05_3018,2018-01-05,3018,隆銘綠能,twse,89.60,91.70,88.80,91.70,2230210,201225742,2.5,,,1469,
2018-01-05_3019,2018-01-05,3019,亞光,twse,100.00,102.00,98.80,100.00,7922126,793736300,0.3,,,4889,
2018-01-05_3021,2018-01-05,3021,鴻名,twse,15.45,15.55,15.20,15.55,151312,2330604,0.1,,,71,
2018-01-05_3022,2018-01-05,3022,威強電,twse,40.30,40.30,39.80,40.00,227650,9093580,-0.1,,,176,
2018-01-05_3023,2018-01-05,3023,信邦,twse,84.50,84.60,83.90,84.30,449959,37853934,0.0,,,369,
2018-01-05_3024,2018-01-05,3024,憶聲,twse,6.39,6.55,6.36,6.50,380287,2443219,0.1,,,103,
2018-01-05_3025,2018-01-05,3025,星通,twse,20.50,20.95,20.30,20.85,259013,5353723,0.35,,,154,
2018-01-05_3026,2018-01-05,3026,禾伸堂,twse,119.00,125.00,115.00,122.00,14952697,1803247837,4.0,,,9343,
2018-01-05_3027,2018-01-05,3027,盛達,twse,10.45,10.55,10.35,10.45,348439,3642112,0.1,,,156,
2018-01-05_3028,2018-01-05,3028,增你強,twse,20.15,20.20,20.10,20.15,280018,5643211,0.0,,,159,
2018-01-05_3029,2018-01-05,3029,零壹,twse,19.95,19.95,19.75,19.85,587806,11657776,-0.1,,,288,
2018-01-05_3030,2018-01-05,3030,德律,twse,45.15,45.20,44.35,44.75,665887,29810681,-0.35,,,391,
2018-01-05_3031,2018-01-05,3031,佰鴻,twse,18.80,19.25,18.60,18.60,6938461,131478325,-0.2,,,2621,
2018-01-05_3032,2018-01-05,3032,偉訓,twse,38.30,38.45,38.30,38.30,32300,1237488,0.05,,,28,
2018-01-05_3033,2018-01-05,3033,威健,twse,19.60,19.85,19.45,19.55,2044012,40008982,0.15,,,823,
2018-01-05_3034,2018-01-05,3034,聯詠,twse,117.00,119.50,116.00,117.50,2789781,328143262,1.0,,,1687,
2018-01-05_3035,2018-01-05,3035,智原,twse,59.70,59.90,58.20,58.50,2759656,162804569,-1.2,,,1920,
2018-01-05_3036,2018-01-05,3036,文曄,twse,45.55,45.65,45.35,45.50,1273104,57919814,0.0,,,561,
2018-01-05_3037,2018-01-05,3037,欣興,twse,16.75,17.15,16.65,16.90,16038233,271219215,0.25,,,4910,
2018-01-05_3038,2018-01-05,3038,全台,twse,10.40,10.45,10.15,10.35,773663,7986275,0.05,,,351,
2018-01-05_3040,2018-01-05,3040,遠見,twse,47.50,48.00,47.50,48.00,376500,18005399,0.1,,,242,
2018-01-05_3041,2018-01-05,3041,揚智,twse,17.50,17.50,17.20,17.50,2065466,35851849,0.0,,,773,
2018-01-05_3042,2018-01-05,3042,晶技,twse,40.40,40.45,40.00,40.15,491850,19748680,-0.15,,,270,
2018-01-05_3043,2018-01-05,3043,科風,twse,2.43,2.43,2.30,2.32,120545,281766,-0.06,,,27,
2018-01-05_3044,2018-01-05,3044,健鼎,twse,94.50,95.40,94.50,95.30,551566,52429236,1.4,,,465,
2018-01-05_3045,2018-01-05,3045,台灣大,twse,109.00,110.00,108.00,108.50,11394706,1238707592,0.0,,,2779,
2018-01-05_3046,2018-01-05,3046,建碁,twse,17.00,17.00,16.20,16.50,50662,828652,-0.5,,,38,
2018-01-05_3047,2018-01-05,3047,訊舟,twse,9.87,10.10,9.87,9.98,2005339,20017635,0.11,,,571,
2018-01-05_3048,2018-01-05,3048,益登,twse,19.95,20.20,19.60,20.05,3057947,60939285,0.3,,,1194,
2018-01-05_3049,2018-01-05,3049,精金,twse,9.45,9.45,9.25,9.29,2169954,20240728,-0.16,,,696,
2018-01-05_3050,2018-01-05,3050,鈺德,twse,11.85,11.90,11.70,11.75,292886,3434911,-0.1,,,130,
2018-01-05_3051,2018-01-05,3051,力特,twse,5.65,5.73,5.58,5.61,1768557,9970864,-0.12,,,509,
2018-01-05_3052,2018-01-05,3052,夆典,twse,8.65,8.70,8.60,8.62,253678,2197990,-0.03,,,70,
2018-01-05_3054,2018-01-05,3054,立萬利,twse,19.30,19.30,19.00,19.15,24000,457100,0.15,,,17,
2018-01-05_3055,2018-01-05,3055,蔚華科,twse,24.90,25.05,24.50,24.70,626098,15528750,-0.1,,,312,
2018-01-05_3056,2018-01-05,3056,富華新,twse,19.45,19.55,19.25,19.50,1182792,22962500,0.05,,,403,
2018-01-05_3057,2018-01-05,3057,喬鼎,twse,11.15,11.25,11.00,11.20,202653,2258546,0.05,,,116,
2018-01-05_3058,2018-01-05,3058,立德,twse,9.00,9.12,9.00,9.10,109599,994215,0.04,,,54,
2018-01-05_3059,2018-01-05,3059,華晶科,twse,36.50,36.50,35.20,35.60,22739812,814681768,-0.7,,,9262,
2018-01-05_3060,2018-01-05,3060,銘異,twse,28.20,28.20,27.70,27.70,413391,11534165,-0.35,,,267,
2018-01-05_3062,2018-01-05,3062,建漢,twse,21.40,21.40,20.45,21.00,9082657,190542756,-0.05,,,3683,
2018-01-05_3064,2018-01-05,3064,泰偉,tpex,12.90,13.10,12.90,12.90,10000,129200,0.10,,72105141,8,
2018-01-05_3066,2018-01-05,3066,李洲,tpex,6.90,7.02,6.90,7.02,6000,41520,-0.33,,83070612,4,
2018-01-05_3067,2018-01-05,3067,全域,tpex,11.60,11.60,11.35,11.35,29000,331100,-0.40,,29025240,20,
2018-01-05_3068,2018-01-05,3068,美磊,tpex,76.80,76.80,72.50,73.50,19130000,1441107000,3.60,,93467444,9511,
2018-01-05_3071,2018-01-05,3071,協禧,tpex,22.95,23.30,22.80,22.90,1139000,26260850,0.00,,120000000,584,
2018-01-05_3073,2018-01-05,3073,凱柏實業,tpex,8.58,8.58,8.40,8.40,4000,34140,-0.18,,46463665,3,
2018-01-05_3078,2018-01-05,3078,僑威,tpex,36.85,37.20,35.95,36.00,4401000,161486600,-0.60,,227391064,2370,
2018-01-05_3081,2018-01-05,3081,聯亞,tpex,403.50,433.00,403.50,429.00,4047000,1694677000,28.50,,90573177,3370,
2018-01-05_3083,2018-01-05,3083,網龍,tpex,42.25,42.85,42.15,42.15,365000,15481500,0.00,,85704358,280,
2018-01-05_3085,2018-01-05,3085,新零售,tpex,20.50,20.90,20.50,20.60,101000,2080750,0.10,,118081713,63,
2018-01-05_3086,2018-01-05,3086,華義,tpex,18.50,18.70,18.50,18.70,243000,4535300,1.20,,61166127,83,
2018-01-05_3088,2018-01-05,3088,艾訊,tpex,53.90,53.90,53.40,53.60,172000,9227000,-0.20,,79325034,115,
2018-01-05_3089,2018-01-05,3089,遠昇,tpex,5.88,6.39,5.88,6.39,29000,182660,0.35,,93890463,15,
2018-01-05_3090,2018-01-05,3090,日電貿,twse,40.15,40.40,39.05,39.25,3541099,140402817,-0.5,,,1907,
2018-01-05_3092,2018-01-05,3092,鴻碩,tpex,47.60,47.65,47.30,47.50,262000,12437050,0.25,,69800759,187,
2018-01-05_3093,2018-01-05,3093,港建,tpex,28.55,28.55,28.55,28.55,3000,85650,0.00,down,36288894,3,
2018-01-05_3094,2018-01-05,3094,聯傑,twse,26.85,27.05,26.10,26.25,1478408,39086708,-0.5,,,708,
2018-01-05_3095,2018-01-05,3095,及成,tpex,2.68,2.77,2.68,2.77,22000,59770,0.00,,109276321,6,
2018-01-05_3105,2018-01-05,3105,穩懋,tpex,314.00,317.00,303.00,303.00,9363000,2900418500,-0.50,,402666384,6784,
2018-01-05_3114,2018-01-05,3114,好德,tpex,16.55,16.70,16.50,16.55,305000,5067500,0.05,,50013691,125,
2018-01-05_3115,2018-01-05,3115,寶島極,tpex,11.65,11.65,11.60,11.60,8000,93050,-0.05,,43697600,3,
2018-01-05_3118,2018-01-05,3118,進階,tpex,32.60,32.70,32.60,32.60,14000,456600,0.05,,32452860,7,
2018-01-05_3122,2018-01-05,3122,笙泉,tpex,16.80,17.00,16.50,17.00,27000,452450,0.10,,39299934,19,
2018-01-05_3128,2018-01-05,3128,昇銳,tpex,11.00,11.00,10.95,10.95,22000,241700,-0.05,,42000000,14,
2018-01-05_3130,2018-01-05,3130,一零四,twse,162.00,163.00,162.00,163.00,4727,767183,1.0,,,12,
2018-01-05_3131,2018-01-05,3131,弘塑,tpex,180.00,180.00,179.00,180.00,62000,11118500,-0.50,,24683843,57,
2018-01-05_3141,2018-01-05,3141,晶宏,tpex,39.25,39.50,37.50,37.90,2849000,108843950,-2.00,,63562671,1689,
2018-01-05_3144,2018-01-05,3144,新揚科,tpex,29.40,29.55,28.55,28.70,1317000,38029150,-0.45,,100637750,630,
2018-01-05_3149,2018-01-05,3149,正達,twse,19.50,20.00,19.50,19.90,776273,15350628,0.4,,,385,
2018-01-05_3152,2018-01-05,3152,璟德,tpex,407.00,410.50,406.00,408.00,81000,33079000,2.00,,69016200,80,
2018-01-05_3162,2018-01-05,3162,精確,tpex,40.00,40.50,39.80,39.95,523000,20908100,-0.05,,56531342,310,
2018-01-05_3163,2018-01-05,3163,波若威,tpex,42.85,43.30,42.50,42.50,959000,41077000,0.00,,74376481,619,
2018-01-05_3164,2018-01-05,3164,景岳,twse,23.40,23.40,23.10,23.10,80008,1852685,0.0,,,42,
2018-01-05_3167,2018-01-05,3167,大量,twse,54.30,55.90,53.90,55.50,2774478,152905279,1.5,,,1644,
2018-01-05_3169,2018-01-05,3169,亞信,tpex,29.90,30.30,29.90,30.30,116000,3491500,0.50,,53090650,69,
2018-01-05_3171,2018-01-05,3171,新洲,tpex,13.70,13.85,13.70,13.85,16000,220400,0.05,,59203515,13,
2018-01-05_3176,2018-01-05,3176,基亞,tpex,36.30,36.35,35.75,35.90,311000,11186800,-0.45,,138685505,214,
2018-01-05_3188,2018-01-05,3188,鑫龍騰,tpex,17.80,17.80,17.35,17.60,33000,579550,0.25,,106295120,18,
2018-01-05_3189,2018-01-05,3189,景碩,twse,56.20,56.20,55.30,55.50,3417100,190283139,-0.9,,,2402,
2018-01-05_3191,2018-01-05,3191,和進,tpex,16.10,16.50,16.10,16.20,231000,3787650,0.30,,57194761,100,
2018-01-05_3202,2018-01-05,3202,樺晟,tpex,24.60,24.95,24.40,24.60,502000,12337400,0.15,,97752019,170,
2018-01-05_3205,2018-01-05,3205,佰研,tpex,70.60,71.20,69.30,69.50,530000,37150700,-0.60,,32772631,431,
2018-01-05_3206,2018-01-05,3206,志豐,tpex,25.80,25.80,25.35,25.60,209000,5331150,-0.15,,51822972,116,
2018-01-05_3209,2018-01-05,3209,全科,twse,20.30,20.80,20.30,20.75,485324,9985454,0.45,,,309,
2018-01-05_3211,2018-01-05,3211,順達,tpex,45.10,45.80,44.80,45.65,690000,31279700,0.85,,151968521,399,
2018-01-05_3213,2018-01-05,3213,茂訊,tpex,57.20,57.50,56.90,57.10,125000,7141900,0.10,,58685547,85,
2018-01-05_3217,2018-01-05,3217,優群,tpex,33.00,33.20,32.35,32.60,499000,16276950,-0.25,,82104203,285,
2018-01-05_3218,2018-01-05,3218,大學光,tpex,27.10,27.15,26.75,26.95,316000,8512150,0.00,,76123000,162,
2018-01-05_3219,2018-01-05,3219,倚強,tpex,34.00,35.35,34.00,34.30,28000,955250,0.30,,23300417,19,
2018-01-05_3221,2018-01-05,3221,台嘉碩,tpex,19.10,19.70,18.70,19.70,849000,16381900,0.60,,96368410,393,
2018-01-05_3224,2018-01-05,3224,三顧,tpex,46.60,46.60,44.50,44.50,991000,44606900,-2.20,,58016045,494,
2018-01-05_3226,2018-01-05,3226,至寶電,tpex,62.50,62.80,62.50,62.80,34000,2126200,0.30,,64430573,20,
2018-01-05_3227,2018-01-05,3227,原相,tpex,151.50,156.00,150.50,151.00,5475000,837626500,0.50,,133157980,3879,
2018-01-05_3228,2018-01-05,3228,金麗科,tpex,17.20,17.20,16.95,17.00,40000,681250,0.00,,67792705,24,
2018-01-05_3229,2018-01-05,3229,晟鈦,twse,18.00,18.00,17.75,17.80,107000,1904350,-0.1,,,55,
2018-01-05_3230,2018-01-05,3230,錦明,tpex,6.10,6.19,6.10,6.16,48000,293660,-0.01,,107746524,20,
2018-01-05_3231,2018-01-05,3231,緯創,twse,23.40,23.80,23.40,23.65,9525083,224670498,0.2,,,3978,
2018-01-05_3232,2018-01-05,3232,昱捷,tpex,31.20,32.00,30.85,31.10,144000,4524700,0.10,,31567865,103,
2018-01-05_3234,2018-01-05,3234,光環,tpex,40.20,40.25,39.50,39.50,937000,37398550,-0.40,,72527692,496,
2018-01-05_3236,2018-01-05,3236,千如,tpex,49.30,50.20,48.20,48.80,2582000,126611450,-0.20,,73197759,1708,
2018-01-05_3252,2018-01-05,3252,海灣,tpex,20.00,20.10,19.95,19.95,86000,1722800,-0.05,,31445754,23,
2018-01-05_3257,2018-01-05,3257,虹冠電,twse,50.80,52.30,50.80,52.20,278916,14337143,1.6,,,187,
2018-01-05_3259,2018-01-05,3259,鑫創,tpex,23.75,23.75,23.30,23.45,134000,3139450,-0.05,,80859553,76,
2018-01-05_3260,2018-01-05,3260,威剛,tpex,74.40,74.90,73.60,73.60,2366000,175156300,-0.40,,229973374,1354,
2018-01-05_3264,2018-01-05,3264,欣銓,tpex,38.15,38.50,37.90,38.15,2456000,93741500,0.05,,485461311,1324,
2018-01-05_3265,2018-01-05,3265,台星科,tpex,30.80,31.30,29.90,30.45,2120000,64529050,-1.65,,136261659,1168,
2018-01-05_3266,2018-01-05,3266,昇陽,twse,11.45,11.50,11.30,11.45,131000,1492100,0.0,,,23,
2018-01-05_3268,2018-01-05,3268,海德威,tpex,12.30,12.30,12.10,12.10,28000,343200,-0.20,,33426272,8,
2018-01-05_3272,2018-01-05,3272,東碩,tpex,58.70,59.30,57.20,57.20,579000,33612000,-0.90,,52264966,410,
2018-01-05_3276,2018-01-05,3276,宇環,tpex,15.25,15.30,15.15,15.20,70000,1066250,0.00,,69712666,30,
2018-01-05_3284,2018-01-05,3284,太普高,tpex,18.50,18.60,18.50,18.50,44000,815400,0.00,,55961790,15,
2018-01-05_3285,2018-01-05,3285,微端,tpex,17.80,17.95,17.75,17.85,91000,1625450,0.10,,44109324,56,
2018-01-05_3287,2018-01-05,3287,廣寰科,tpex,7.90,8.24,7.85,8.24,9000,72510,0.30,,43970483,8,
2018-01-05_3288,2018-01-05,3288,點晶,tpex,3.37,3.40,3.37,3.40,5000,16940,0.04,,48475148,2,
2018-01-05_3289,2018-01-05,3289,宜特,tpex,122.50,125.00,119.50,119.50,2747000,334521000,-1.00,,63488875,1862,
2018-01-05_3290,2018-01-05,3290,東浦,tpex,15.35,15.55,15.30,15.45,53000,814800,-0.15,,99548926,22,
2018-01-05_3293,2018-01-05,3293,鈊象,tpex,158.00,158.50,156.00,156.50,236000,37042000,-0.50,,69983390,207,
2018-01-05_3294,2018-01-05,3294,英濟,tpex,25.90,26.00,25.20,25.65,281000,7184250,-0.20,,131512919,162,
2018-01-05_3296,2018-01-05,3296,勝德,twse,15.95,16.00,15.85,15.85,41500,659575,-0.15,,,32,
2018-01-05_3297,2018-01-05,3297,杭特,tpex,14.40,14.55,14.35,14.40,21000,302400,0.00,,36911645,15,
2018-01-05_3299,2018-01-05,3299,帛漢,tpex,71.00,72.20,70.00,71.40,2752000,196627500,0.20,,61061762,1940,
2018-01-05_3303,2018-01-05,3303,岱稜,tpex,18.25,18.40,18.25,18.35,111000,2032450,0.10,,96089607,43,
2018-01-05_3305,2018-01-05,3305,昇貿,twse,26.25,26.25,26.15,26.20,30500,799422,0.0,,,28,
2018-01-05_3306,2018-01-05,3306,鼎天,tpex,21.50,21.50,21.20,21.30,69000,1473350,-0.15,,50607702,43,
2018-01-05_3308,2018-01-05,3308,聯德,twse,8.54,8.54,8.30,8.33,234580,1956544,-0.13,,,52,
2018-01-05_3310,2018-01-05,3310,佳穎,tpex,35.00,35.40,34.55,35.05,306000,10698350,0.05,,62781586,197,
2018-01-05_3311,2018-01-05,3311,閎暉,twse,19.15,19.35,19.00,19.10,315057,6010683,-0.15,,,185,
2018-01-05_3312,2018-01-05,3312,弘憶股,twse,7.06,7.13,7.05,7.11,101499,719500,0.02,,,40,
2018-01-05_3313,2018-01-05,3313,斐成,tpex,40.35,40.40,39.70,40.00,262000,10478700,-0.35,,83770776,143,
2018-01-05_3317,2018-01-05,3317,尼克森,tpex,43.80,47.20,43.00,45.30,10281000,467423650,2.00,,61251550,5971,
2018-01-05_3321,2018-01-05,3321,同泰,twse,18.05,18.20,17.60,17.70,479000,8555250,0.0,,,213,
2018-01-05_3322,2018-01-05,3322,建舜電,tpex,9.80,9.81,9.66,9.79,67000,651750,-0.10,,86415616,30,
2018-01-05_3323,2018-01-05,3323,加百裕,tpex,41.20,41.30,40.45,40.70,1363000,55435350,-0.40,,86799914,856,
2018-01-05_3324,2018-01-05,3324,雙鴻,tpex,79.00,81.10,77.00,80.80,4237000,337339500,2.30,,80716285,2729,
2018-01-05_3325,2018-01-05,3325,旭品,tpex,14.05,14.10,13.90,14.00,33000,461450,0.10,,77134579,23,
2018-01-05_3332,2018-01-05,3332,幸康,tpex,47.60,47.60,47.60,47.60,2000,95200,-0.10,down,48104246,2,
2018-01-05_3338,2018-01-05,3338,泰碩,twse,30.20,30.25,29.80,30.00,249001,7473480,0.0,,,154,
2018-01-05_3346,2018-01-05,3346,麗清,twse,73.90,76.00,73.90,74.10,816349,61078660,0.2,,,612,
2018-01-05_3354,2018-01-05,3354,律勝,tpex,33.00,36.00,32.80,33.50,3995000,137756550,0.30,,70112426,2598,
2018-01-05_3356,2018-01-05,3356,奇偶,twse,39.75,39.75,39.40,39.50,144365,5708956,-0.25,,,148,
2018-01-05_3360,2018-01-05,3360,尚立,tpex,15.70,16.00,15.70,15.90,218000,3465600,0.05,,75456054,112,
2018-01-05_3362,2018-01-05,3362,先進光,tpex,47.10,48.30,47.10,47.30,1778000,84882800,0.65,,93378000,1174,
2018-01-05_3363,2018-01-05,3363,上詮,tpex,31.30,31.35,31.05,31.10,121000,3773800,-0.20,,77474145,68,
2018-01-05_3372,2018-01-05,3372,典範,tpex,6.20,6.20,6.00,6.04,500000,3033180,0.15,,407330000,177,
2018-01-05_3373,2018-01-05,3373,熱映,tpex,21.25,21.50,21.20,21.20,117000,2485150,-0.05,,43289801,59,
2018-01-05_3374,2018-01-05,3374,精材,tpex,84.60,85.60,83.30,84.30,16099000,1361782100,0.60,,271919316,9276,
2018-01-05_3376,2018-01-05,3376,新日興,twse,79.70,81.00,79.10,79.60,935705,74841005,0.5,,,725,
2018-01-05_3379,2018-01-05,3379,彬台,tpex,11.05,11.35,11.05,11.15,67000,751150,0.15,,38041748,31,
2018-01-05_3380,2018-01-05,3380,明泰,twse,25.70,26.25,25.25,25.75,31886324,822619979,0.6,,,12276,
2018-01-05_3383,2018-01-05,3383,新世紀,twse,3.22,3.54,3.22,3.50,314333,1071713,0.17,,,67,
2018-01-05_3388,2018-01-05,3388,崇越電,tpex,71.80,72.40,71.70,72.20,51000,3673100,0.20,,64101000,32,
2018-01-05_3390,2018-01-05,3390,旭軟,tpex,24.15,24.85,24.05,24.80,1250000,30739750,0.65,,66981059,504,
2018-01-05_3402,2018-01-05,3402,漢科,tpex,24.20,24.20,23.95,24.15,165000,3968650,0.00,,73047692,94,
2018-01-05_3406,2018-01-05,3406,玉晶光,twse,283.00,283.00,273.50,274.50,3427821,947923355,-6.0,,,2832,
2018-01-05_3413,2018-01-05,3413,京鼎,twse,231.00,233.00,221.00,227.00,2474300,559117600,-3.0,,,1941,
2018-01-05_3416,2018-01-05,3416,融程電,twse,51.00,51.30,50.90,51.00,30332,1550132,-0.1,,,29,
2018-01-05_3419,2018-01-05,3419,譁裕,twse,19.70,20.00,19.65,19.90,739673,14683072,0.3,,,345,
2018-01-05_3426,2018-01-05,3426,台興,tpex,69.60,70.30,69.50,70.30,67000,4676200,-0.10,,22000000,42,
2018-01-05_3428,2018-01-05,3428,光燿科,tpex,52.20,52.30,51.50,51.60,532000,27614100,-0.40,,96232000,343,
2018-01-05_3431,2018-01-05,3431,長天,tpex,5.52,5.60,5.50,5.53,65000,359800,-0.03,,35458704,21,
2018-01-05_3432,2018-01-05,3432,台端,twse,11.50,11.90,11.50,11.70,151000,1772800,0.3,,,58,
2018-01-05_3434,2018-01-05,3434,哲固,tpex,12.10,12.40,12.10,12.15,30000,366500,0.00,,22700000,17,
2018-01-05_3437,2018-01-05,3437,榮創,twse,39.60,40.10,38.60,38.70,3527555,138517045,-0.9,,,1949,
2018-01-05_3438,2018-01-05,3438,類比科,tpex,23.65,23.75,23.20,23.50,726000,17004750,-0.15,,67379735,352,
2018-01-05_3441,2018-01-05,3441,聯一光,tpex,41.70,41.85,41.10,41.10,252000,10426750,-0.35,,40039920,181,
2018-01-05_3443,2018-01-05,3443,創意,twse,278.00,291.00,277.50,289.50,5996629,1716161457,11.5,,,4906,
2018-01-05_3444,2018-01-05,3444,利機,tpex,33.75,33.75,31.55,31.80,2989000,97025350,-1.95,,39114586,2061,
2018-01-05_3450,2018-01-05,3450,聯鈞,twse,135.00,135.00,131.50,132.50,1699923,225738836,-1.5,,,980,
2018-01-05_3452,2018-01-05,3452,益通,tpex,8.60,8.68,8.58,8.64,393000,3389790,0.10,,779449742,146,
2018-01-05_3454,2018-01-05,3454,晶睿,twse,96.10,96.60,95.80,96.20,68458,6588456,0.6,,,77,
2018-01-05_3455,2018-01-05,3455,由田,tpex,50.10,51.50,50.00,50.90,695000,35223100,0.90,,61468750,460,
2018-01-05_3465,2018-01-05,3465,祥業,tpex,14.00,14.00,14.00,14.00,3000,42000,0.00,down,13160335,2,
2018-01-05_3466,2018-01-05,3466,致振,tpex,15.30,15.30,15.25,15.30,32000,488800,0.00,,60887573,14,
2018-01-05_3479,2018-01-05,3479,安勤,tpex,46.50,46.70,46.40,46.55,188000,8750800,0.05,,69288164,138,
2018-01-05_3481,2018-01-05,3481,群創,twse,12.55,12.60,12.45,12.45,46015592,574271122,-0.05,,,9934,
2018-01-05_3483,2018-01-05,3483,力致,tpex,24.45,24.45,23.85,24.10,63000,1514750,0.00,,53856000,45,
2018-01-05_3484,2018-01-05,3484,崧騰,tpex,41.75,42.80,41.70,42.20,1707000,72325200,0.65,,69736557,999,
2018-01-05_3489,2018-01-05,3489,森寶,tpex,9.60,9.70,9.25,9.25,1321000,12387860,-0.35,,83130670,323,
2018-01-05_3490,2018-01-05,3490,單井,tpex,27.70,27.95,27.50,27.80,282000,7815950,0.25,,68760483,188,
2018-01-05_3491,2018-01-05,3491,昇達科,tpex,77.30,77.40,76.10,77.40,266000,20389100,0.10,,51581241,200,
2018-01-05_3492,2018-01-05,3492,長盛,tpex,30.00,30.15,30.00,30.05,44000,1321800,0.10,,35531600,28,
2018-01-05_3494,2018-01-05,3494,誠研,twse,11.45,11.50,11.20,11.20,642037,7252410,-0.2,,,178,
2018-01-05_3498,2018-01-05,3498,陽程,tpex,52.60,52.80,51.90,52.60,584000,30637100,0.40,,91718060,390,
2018-01-05_3499,2018-01-05,3499,環天科,tpex,18.40,18.45,17.90,18.00,793000,14347300,-0.20,,54970596,420,
2018-01-05_3501,2018-01-05,3501,維熹,twse,58.80,59.20,58.10,58.20,212073,12381142,-0.6,,,153,
2018-01-05_3504,2018-01-05,3504,揚明光,twse,52.80,53.70,51.80,52.00,1048075,54948800,-0.4,,,723,
2018-01-05_3508,2018-01-05,3508,位速,tpex,55.70,56.80,54.30,55.70,4281000,238553400,0.00,,92837737,2493,
2018-01-05_3511,2018-01-05,3511,矽瑪,tpex,16.60,16.75,16.60,16.70,38000,635350,0.10,,44572945,18,
2018-01-05_3512,2018-01-05,3512,能緹,tpex,37.00,37.00,35.80,36.50,91000,3299800,-0.30,,59000000,56,
2018-01-05_3514,2018-01-05,3514,昱晶,twse,17.90,18.10,17.85,17.90,2348640,42129648,-0.05,,,909,
2018-01-05_3515,2018-01-05,3515,華擎,twse,75.70,76.50,71.70,72.00,1797463,132010066,-4.0,,,1382,
2018-01-05_3516,2018-01-05,3516,亞帝歐,tpex,13.90,13.90,13.85,13.85,31000,430100,0.00,,51913216,11,
2018-01-05_3518,2018-01-05,3518,柏騰,twse,33.50,33.50,32.60,32.70,429204,14112678,-0.45,,,281,
2018-01-05_3519,2018-01-05,3519,綠能,twse,18.00,18.15,17.80,17.85,2428445,43567862,-0.05,,,815,
2018-01-05_3520,2018-01-05,3520,振維,tpex,35.15,35.15,34.70,34.75,194000,6758250,-0.35,,64032517,159,
2018-01-05_3521,2018-01-05,3521,鴻翊,tpex,9.41,9.59,9.19,9.19,103000,963630,-0.53,,46730575,62,
2018-01-05_3522,2018-01-05,3522,宏森,tpex,37.95,38.30,37.70,38.15,107000,4064700,0.45,,72650000,62,
2018-01-05_3523,2018-01-05,3523,迎輝,tpex,9.80,9.80,9.75,9.80,16000,156550,0.00,,96099560,5,
2018-01-05_3526,2018-01-05,3526,凡甲,tpex,77.80,79.50,77.70,78.50,1853000,146064500,1.10,,65837193,1307,
2018-01-05_3527,2018-01-05,3527,聚積,tpex,66.20,66.20,65.60,66.20,60000,3959000,0.10,,34794218,55,
2018-01-05_3528,2018-01-05,3528,安馳,twse,34.60,34.60,34.50,34.55,87920,3037234,-0.05,,,51,
2018-01-05_3529,2018-01-05,3529,力旺,tpex,430.50,450.00,430.00,438.00,673000,297627000,8.00,,75782242,590,
2018-01-05_3531,2018-01-05,3531,先益,tpex,28.50,28.70,28.50,28.60,58000,1657200,0.10,,61175011,35,
2018-01-05_3532,2018-01-05,3532,台勝科,twse,105.50,110.00,103.00,110.00,13683741,1479727510,10.0,,,6601,
2018-01-05_3533,2018-01-05,3533,嘉澤,twse,218.00,218.00,209.50,215.00,2958140,633521449,-3.5,,,2164,
2018-01-05_3535,2018-01-05,3535,晶彩科,twse,12.25,12.50,12.25,12.45,624579,7732356,0.2,,,285,
2018-01-05_3536,2018-01-05,3536,誠創,twse,21.30,21.30,20.90,21.20,1661704,35052284,0.0,,,343,
2018-01-05_3537,2018-01-05,3537,堡達,tpex,25.30,25.40,24.20,24.60,1058000,26122500,-0.65,,48695220,469,
2018-01-05_3540,2018-01-05,3540,曜越,tpex,30.80,31.75,30.70,31.00,2254000,70294750,0.25,,66613044,1291,
2018-01-05_3541,2018-01-05,3541,西柏,tpex,100.50,101.00,99.80,101.00,153000,15313900,0.50,,49321087,127,
2018-01-05_3545,2018-01-05,3545,敦泰,twse,33.65,34.50,33.00,33.20,18854801,635822280,0.5,,,8478,
2018-01-05_3546,2018-01-05,3546,宇峻,tpex,100.00,102.00,98.50,99.10,1231000,122869700,1.40,,37988011,880,
2018-01-05_3548,2018-01-05,3548,兆利,tpex,52.90,52.90,52.40,52.40,114000,5998200,-0.20,,60551398,90,
2018-01-05_3550,2018-01-05,3550,聯穎,twse,24.90,25.80,24.75,25.35,3613002,91329800,0.45,,,1723,
2018-01-05_3551,2018-01-05,3551,世禾,tpex,41.10,42.90,41.00,42.70,586000,24777550,1.90,,56774890,432,
2018-01-05_3552,2018-01-05,3552,同致,tpex,174.50,182.00,174.50,178.50,6081000,1085663500,7.00,,85441949,4604,
2018-01-05_3555,2018-01-05,3555,重鳥鵬,tpex,65.00,65.00,62.20,64.00,6000,380400,0.40,,35550000,6,
2018-01-05_3556,2018-01-05,3556,禾瑞亞,tpex,53.10,53.10,52.40,52.50,447000,23517100,-0.50,,59468675,285,
2018-01-05_3557,2018-01-05,3557,嘉威,twse,14.20,14.95,14.00,14.45,1727101,24736525,0.25,,,556,
2018-01-05_3558,2018-01-05,3558,神準,tpex,134.00,134.50,130.50,131.00,140000,18518000,-1.00,,49060881,126,
2018-01-05_3561,2018-01-05,3561,昇陽光電,twse,15.00,15.15,14.95,15.05,1826868,27467356,0.0,,,654,
2018-01-05_3562,2018-01-05,3562,頂晶科,tpex,13.00,13.00,12.95,12.95,24000,311700,0.00,,58090000,18,
2018-01-05_3563,2018-01-05,3563,牧德,tpex,223.50,230.50,218.00,228.50,2063000,467337000,6.50,,42608234,1498,
2018-01-05_3564,2018-01-05,3564,其陽,tpex,27.35,27.80,27.35,27.55,19000,524650,0.20,,22529100,17,
2018-01-05_3567,2018-01-05,3567,逸昌,tpex,33.60,33.95,33.00,33.40,901000,30032000,0.20,,35581000,602,
2018-01-05_3570,2018-01-05,3570,大塚,tpex,46.10,46.40,46.00,46.40,31000,1429100,0.40,,17097000,27,
2018-01-05_3576,2018-01-05,3576,聯合再生,twse,14.15,14.25,13.95,14.10,2859042,40234032,0.05,,,1072,
2018-01-05_3577,2018-01-05,3577,泓格,tpex,31.55,31.90,31.55,31.90,10000,317350,0.30,,48058343,10,
2018-01-05_3579,2018-01-05,3579,尚志,twse,16.30,16.50,16.25,16.35,207473,3392908,0.05,,,99,
2018-01-05_3580,2018-01-05,3580,友威科,tpex,70.60,72.00,67.30,67.40,1526000,106902200,-2.30,,35470657,1071,
2018-01-05_3581,2018-01-05,3581,博磊,tpex,24.40,24.45,23.90,24.20,306000,7389550,0.00,,51776000,175,
2018-01-05_3583,2018-01-05,3583,辛耘,twse,83.60,85.30,83.30,84.40,1120056,94502925,0.4,,,740,
2018-01-05_3587,2018-01-05,3587,閎康,tpex,80.50,84.10,80.40,80.70,690000,56776500,0.20,,62313157,555,
2018-01-05_3588,2018-01-05,3588,通嘉,twse,27.50,28.40,26.70,28.40,615761,17196807,1.2,,,354,
2018-01-05_3591,2018-01-05,3591,艾笛森,twse,16.50,16.60,16.15,16.20,1655731,27087760,-0.25,,,588,
2018-01-05_3593,2018-01-05,3593,力銘,twse,11.95,12.05,11.80,11.85,321050,3824445,-0.1,,,136,
2018-01-05_3594,2018-01-05,3594,磐儀,tpex,27.00,28.35,27.00,27.65,408000,11277400,0.65,,62780700,293,
2018-01-05_3596,2018-01-05,3596,智易,twse,57.00,57.60,55.50,55.80,6440260,362313508,-0.8,,,3656,
2018-01-05_3605,2018-01-05,3605,宏致,twse,25.65,26.10,25.65,25.95,378403,9818535,0.3,,,197,
2018-01-05_3607,2018-01-05,3607,谷崧,twse,34.00,35.15,34.00,35.05,1916140,66751750,1.45,,,1106,
2018-01-05_3609,2018-01-05,3609,東林,tpex,13.30,13.80,13.30,13.80,3000,40600,0.30,,30339387,3,
2018-01-05_3611,2018-01-05,3611,鼎翰,tpex,237.50,241.00,236.50,239.00,376000,89967000,2.00,,38555400,287,
2018-01-05_3615,2018-01-05,3615,安可,tpex,23.80,24.25,23.80,24.10,702000,16888250,0.50,,68466976,311,
2018-01-05_3617,2018-01-05,3617,碩天,twse,100.50,100.50,99.00,99.80,36100,3591790,0.3,,,35,
2018-01-05_3622,2018-01-05,3622,洋華,twse,22.80,23.35,22.20,22.20,5459216,123818213,-0.4,,,2396,
2018-01-05_3623,2018-01-05,3623,富晶通,tpex,42.10,42.90,42.10,42.30,182000,7757300,0.60,,29178800,125,
2018-01-05_3624,2018-01-05,3624,光頡,tpex,27.35,27.35,25.80,26.85,3223000,85306100,-0.50,,117340842,1600,
2018-01-05_3625,2018-01-05,3625,西勝,tpex,31.90,31.90,31.40,31.75,637000,20184050,0.25,,73852759,453,
2018-01-05_3628,2018-01-05,3628,盈正,tpex,38.55,38.60,38.50,38.50,13000,501000,0.00,,45000000,10,
2018-01-05_3630,2018-01-05,3630,新鉅科,tpex,43.05,44.10,43.00,43.80,868000,37916100,0.50,,158357848,527,
2018-01-05_3631,2018-01-05,3631,晟楠,tpex,27.95,28.10,27.50,27.50,33000,917000,-0.50,,79920909,26,
2018-01-05_3632,2018-01-05,3632,研勤,tpex,16.10,17.45,16.10,17.45,3770000,64927650,1.55,,47189738,1496,
2018-01-05_3642,2018-01-05,3642,駿熠電,tpex,18.70,18.70,18.60,18.60,13000,242250,-0.10,,30368642,8,
2018-01-05_3645,2018-01-05,3645,達邁,twse,87.40,90.40,87.40,87.80,6422083,572341734,0.7,,,4360,
2018-01-05_3646,2018-01-05,3646,艾恩特,tpex,17.40,17.40,17.30,17.30,22000,381500,-0.10,,39061371,14,
2018-01-05_3652,2018-01-05,3652,精聯,tpex,21.55,21.60,21.50,21.50,23000,495150,0.05,,47097500,17,
2018-01-05_3653,2018-01-05,3653,健策,twse,71.80,72.20,71.20,71.50,449500,32170499,-1.0,,,361,
2018-01-05_3661,2018-01-05,3661,世芯-KY,twse,101.00,101.50,98.10,99.20,6998855,700332400,-1.3,,,4455,
2018-01-05_3663,2018-01-05,3663,鑫科,tpex,17.15,17.60,17.15,17.60,394000,6884750,0.20,,73498057,159,
2018-01-05_3664,2018-01-05,3664,安瑞-KY,tpex,23.00,23.00,22.10,22.50,85000,1897150,-0.15,,53374678,69,
2018-01-05_3665,2018-01-05,3665,貿聯-KY,twse,275.50,276.00,268.50,269.50,1610035,436125998,-4.0,,,1411,
2018-01-05_3666,2018-01-05,3666,光耀,tpex,25.25,25.45,25.00,25.05,504000,12685550,-0.20,,48299600,233,
2018-01-05_3669,2018-01-05,3669,圓展,twse,19.90,20.35,19.90,20.00,177000,3538550,0.2,,,61,
2018-01-05_3672,2018-01-05,3672,康聯訊,tpex,20.35,21.10,20.35,21.10,29000,604300,0.30,,33168375,19,
2018-01-05_3673,2018-01-05,3673,TPK-KY,twse,89.20,90.30,87.20,87.20,12568541,1119293541,1.4,,,7987,
2018-01-05_3675,2018-01-05,3675,德微,tpex,55.70,56.00,54.90,55.30,393000,21791100,-1.30,,44428250,275,
2018-01-05_3679,2018-01-05,3679,新至陞,twse,74.30,74.30,71.80,71.80,309201,22480772,-2.3,,,224,
2018-01-05_3680,2018-01-05,3680,家登,tpex,41.00,41.20,39.70,39.70,290000,11658300,-0.20,,70560582,201,
2018-01-05_3682,2018-01-05,3682,亞太電,twse,10.10,10.15,10.00,10.05,4835602,48647298,-0.05,,,1628,
2018-01-05_3684,2018-01-05,3684,榮昌,tpex,44.00,44.30,44.00,44.30,47000,2070800,0.30,,24601536,35,
2018-01-05_3685,2018-01-05,3685,元創精密,tpex,60.70,61.00,60.70,60.70,57000,3467000,-0.20,,79990000,42,
2018-01-05_3686,2018-01-05,3686,達能,twse,7.02,7.08,6.96,7.03,1029200,7225973,0.0,,,309,
2018-01-05_3687,2018-01-05,3687,歐買尬,tpex,40.35,41.50,40.00,40.70,196000,7974250,0.05,,30059572,170,
2018-01-05_3689,2018-01-05,3689,湧德,tpex,49.55,50.00,49.50,49.50,361000,17922550,-0.20,,69675807,256,
2018-01-05_3691,2018-01-05,3691,碩禾,tpex,258.00,259.00,254.50,254.50,158000,40501000,-1.50,,60989036,152,
2018-01-05_3693,2018-01-05,3693,營邦,tpex,43.00,44.70,43.00,43.15,82000,3618600,-0.35,,38508694,57,
2018-01-05_3694,2018-01-05,3694,海華,twse,18.55,19.95,18.40,18.70,12688559,242100786,0.25,,,4831,
2018-01-05_3698,2018-01-05,3698,隆達,twse,27.25,27.35,26.30,26.30,6609486,176524501,-0.75,,,3059,
2018-01-05_3701,2018-01-05,3701,大眾控,twse,6.79,6.90,6.79,6.90,3239,22094,-0.01,,,20,
2018-01-05_3702,2018-01-05,3702,大聯大,twse,40.05,40.05,39.90,39.95,1727415,69000959,0.0,,,846,
2018-01-05_3703,2018-01-05,3703,欣陸,twse,16.90,17.20,16.85,17.20,3275547,55825167,0.4,,,1077,
2018-01-05_3704,2018-01-05,3704,合勤控,twse,16.25,16.30,15.85,16.10,1746946,27997578,-0.15,,,767,
2018-01-05_3705,2018-01-05,3705,永信,twse,40.25,40.25,39.80,40.20,239673,9576687,-0.05,,,161,
2018-01-05_3706,2018-01-05,3706,神達,twse,35.75,35.85,35.55,35.65,1339125,47781478,0.0,,,744,
2018-01-05_3707,2018-01-05,3707,漢磊,tpex,24.65,25.70,24.65,25.50,9529000,239971700,1.20,,230311793,4114,
2018-01-05_3708,2018-01-05,3708,上緯投控,twse,81.00,81.20,80.20,80.90,195400,15774200,0.1,,,151,
2018-01-05_3709,2018-01-05,3709,鑫聯大投控,tpex,20.15,20.20,20.15,20.15,11000,221750,0.00,,79569450,8,
2018-01-05_3710,2018-01-05,3710,連展投控,tpex,9.10,9.13,8.97,9.05,783000,7052570,-0.08,,207290721,246,
2018-01-05_4102,2018-01-05,4102,永日,tpex,16.70,16.70,16.60,16.60,32000,531600,0.25,,42373443,18,
2018-01-05_4103,2018-01-05,4103,百略,tpex,73.20,73.20,72.90,73.20,46000,3360600,0.00,,109996975,23,
2018-01-05_4104,2018-01-05,4104,佳醫,twse,45.00,45.25,44.90,45.20,148388,6684497,0.3,,,100,
2018-01-05_4105,2018-01-05,4105,東洋,tpex,103.00,103.00,100.50,100.50,1456000,147722500,-2.50,,248649959,1130,
2018-01-05_4106,2018-01-05,4106,雃博,twse,29.75,29.75,29.60,29.70,46298,1373619,-0.05,,,38,
2018-01-05_4107,2018-01-05,4107,邦特,tpex,97.40,97.60,95.30,95.30,936000,89864800,-2.00,,69298336,681,
2018-01-05_4108,2018-01-05,4108,懷特,twse,23.20,23.25,23.05,23.05,253286,5864840,-0.15,,,136,
2018-01-05_4109,2018-01-05,4109,穆拉德加捷,tpex,18.10,18.10,17.80,17.90,123000,2200550,0.10,,81877271,64,
2018-01-05_4111,2018-01-05,4111,濟生,tpex,24.55,24.55,24.35,24.45,33000,807900,-0.05,,56982985,27,
2018-01-05_4113,2018-01-05,4113,聯上,tpex,10.45,10.50,10.40,10.45,133000,1388300,0.00,,205764581,46,
2018-01-05_4114,2018-01-05,4114,健喬,tpex,26.05,26.25,26.00,26.25,145000,3788200,0.10,,184018154,65,
2018-01-05_4116,2018-01-05,4116,明基醫,tpex,36.40,36.45,36.30,36.45,25000,908900,-0.05,,44566000,21,
2018-01-05_4119,2018-01-05,4119,旭富,twse,59.00,59.90,58.90,59.90,177744,10560562,1.1,,,140,
2018-01-05_4120,2018-01-05,4120,友華,tpex,78.60,79.60,78.00,78.00,327000,25755800,-1.30,,86747119,248,
2018-01-05_4121,2018-01-05,4121,優盛,tpex,13.10,13.20,13.00,13.00,233000,3048450,-0.10,,73316764,103,
2018-01-05_4123,2018-01-05,4123,晟德,tpex,49.20,49.20,48.70,49.20,171000,8369850,0.00,,320608401,134,
2018-01-05_4126,2018-01-05,4126,太醫,tpex,82.50,82.50,79.10,79.60,440000,35317500,-3.50,,66015216,302,
2018-01-05_4127,2018-01-05,4127,天良,tpex,11.90,12.00,11.80,11.80,93000,1102450,0.00,,45760000,49,
2018-01-05_4128,2018-01-05,4128,中天,tpex,22.10,22.15,21.85,22.05,508000,11162300,-0.05,,425342650,298,
2018-01-05_4129,2018-01-05,4129,聯合,tpex,63.50,63.60,62.40,62.70,785000,49357400,-0.80,,79712847,668,
2018-01-05_4130,2018-01-05,4130,健亞,tpex,34.00,34.05,33.70,33.85,175000,5916650,0.00,,100806000,119,
2018-01-05_4131,2018-01-05,4131,晶宇,tpex,7.70,7.93,7.60,7.86,15000,115660,0.04,,38291934,11,
2018-01-05_4133,2018-01-05,4133,亞諾法,twse,38.30,38.45,38.05,38.30,88244,3376492,-0.15,,,57,
2018-01-05_4137,2018-01-05,4137,麗豐-KY,twse,143.00,145.00,140.00,144.00,891433,127431285,1.0,,,714,
2018-01-05_4138,2018-01-05,4138,曜亞,tpex,50.90,51.20,50.90,51.00,18000,918900,0.20,,30000000,17,
2018-01-05_4139,2018-01-05,4139,馬光-KY,tpex,61.20,65.10,61.00,62.70,474000,29805700,1.80,,38147670,319,
2018-01-05_4141,2018-01-05,4141,龍燈-KY,twse,26.60,26.65,26.45,26.55,129060,3427296,-0.05,,,88,
2018-01-05_4142,2018-01-05,4142,國光生,twse,20.35,20.50,20.15,20.20,385002,7793890,-0.05,,,183,
2018-01-05_4144,2018-01-05,4144,康聯-KY,twse,34.70,34.85,34.60,34.70,60001,2079784,-0.2,,,49,
2018-01-05_4147,2018-01-05,4147,中裕,tpex,186.50,187.00,185.50,186.50,278000,51714500,0.50,,250311750,219,
2018-01-05_4148,2018-01-05,4148,全宇生技-KY,twse,132.00,132.50,128.50,128.50,974272,126858724,-4.5,,,716,
2018-01-05_4152,2018-01-05,4152,台微體,tpex,88.50,89.90,88.10,88.10,61000,5400800,-0.10,,56199034,45,
2018-01-05_4153,2018-01-05,4153,鈺緯,tpex,31.10,32.10,31.00,31.85,245000,7739750,1.25,,49366574,120,
2018-01-05_4154,2018-01-05,4154,康樂-KY,tpex,22.75,22.95,22.50,22.95,30000,682500,0.35,,19526000,15,
2018-01-05_4155,2018-01-05,4155,訊映,twse,31.00,32.75,31.00,31.60,363071,11562893,0.75,,,243,
2018-01-05_4157,2018-01-05,4157,太景*-KY,tpex,21.75,21.80,21.65,21.65,352000,7638150,-0.15,,716760425,189,
2018-01-05_4160,2018-01-05,4160,創源,tpex,27.50,27.50,26.75,26.85,33000,888800,-0.40,,24247016,27,
2018-01-05_4161,2018-01-05,4161,聿新科,tpex,45.00,45.20,44.90,45.20,39000,1756300,0.20,,52257844,33,
2018-01-05_4162,2018-01-05,4162,智擎,tpex,152.00,152.50,149.00,150.00,567000,85097000,-1.00,,147128840,435,
2018-01-05_4163,2018-01-05,4163,鐿鈦,tpex,106.00,106.00,104.00,104.50,145000,15199000,-1.50,,40238000,114,
2018-01-05_4164,2018-01-05,4164,承業醫,twse,35.70,36.25,35.40,35.95,407781,14566224,0.25,,,133,
2018-01-05_4167,2018-01-05,4167,展旺,tpex,28.45,28.80,28.30,28.30,1235000,35252700,0.00,,246587750,571,
2018-01-05_4168,2018-01-05,4168,醣聯,tpex,23.60,23.60,23.40,23.50,74000,1737250,-0.10,,76498456,44,
2018-01-05_4171,2018-01-05,4171,瑞基,tpex,19.45,19.50,19.45,19.50,4000,77850,0.05,,34340000,3,
2018-01-05_4173,2018-01-05,4173,久裕,tpex,20.00,20.00,19.55,19.55,179000,3521350,-0.35,,44574355,122,
2018-01-05_4174,2018-01-05,4174,浩鼎,tpex,149.00,150.00,148.00,148.00,293000,43548500,-1.00,,172165674,261,
2018-01-05_4175,2018-01-05,4175,杏一,tpex,60.00,60.00,58.90,59.30,101000,6009900,-0.70,,28240000,88,
2018-01-05_4180,2018-01-05,4180,安成藥,tpex,84.60,85.10,83.30,83.50,190000,16013100,-0.50,,120374425,165,
2018-01-05_4183,2018-01-05,4183,福永生技,tpex,17.75,17.75,17.75,17.75,2000,35500,0.00,down,23800000,2,
2018-01-05_4188,2018-01-05,4188,安克,tpex,28.05,28.30,28.00,28.30,99000,2774700,0.25,,52695000,51,
2018-01-05_4190,2018-01-05,4190,佐登-KY,twse,57.40,57.40,56.40,56.40,46000,2613600,-0.3,,,31,
2018-01-05_4192,2018-01-05,4192,杏國,tpex,28.70,28.75,28.30,28.75,33000,944400,0.05,,69867000,25,
2018-01-05_4198,2018-01-05,4198,環瑞醫,tpex,9.01,9.05,9.00,9.05,43000,388490,0.01,,141800000,17,
2018-01-05_4205,2018-01-05,4205,中華食,tpex,62.50,62.60,62.40,62.40,24000,1499600,-0.10,,80701842,24,
2018-01-05_4207,2018-01-05,4207,環泰,tpex,12.85,12.85,12.70,12.75,359000,4579300,-0.05,,170152169,126,
2018-01-05_4303,2018-01-05,4303,信立,tpex,130.00,130.00,130.00,130.00,16000,2080000,0.50,up,20000000,11,
2018-01-05_4304,2018-01-05,4304,勝昱,tpex,4.81,4.81,4.70,4.70,111000,525370,-0.12,,51333500,39,
2018-01-05_4305,2018-01-05,4305,世坤,tpex,30.90,30.90,30.90,30.90,3000,92700,0.00,down,55014000,3,
2018-01-05_4306,2018-01-05,4306,炎洲,twse,14.70,15.05,14.70,14.85,2152056,32008307,0.15,,,651,
2018-01-05_4401,2018-01-05,4401,東隆興,tpex,72.50,72.80,71.90,72.80,48000,3468500,0.90,,120286286,46,
2018-01-05_4402,2018-01-05,4402,福大,tpex,12.30,12.35,12.00,12.30,156000,1901200,0.05,,45991830,63,
2018-01-05_4406,2018-01-05,4406,新昕纖,tpex,9.28,9.35,9.20,9.20,4000,37130,-0.07,,51912000,4,
2018-01-05_4414,2018-01-05,4414,如興,twse,17.80,17.80,17.50,17.55,3521774,61964481,-0.2,,,1085,
2018-01-05_4415,2018-01-05,4415,台原藥,tpex,7.08,7.79,7.08,7.79,2000,14870,0.29,,33627168,2,
2018-01-05_4416,2018-01-05,4416,三圓,tpex,80.00,80.00,79.40,79.40,7000,558300,-0.60,,60015612,6,
2018-01-05_4417,2018-01-05,4417,金洲,tpex,31.65,32.00,31.65,31.95,235000,7486150,0.35,,83971399,77,
2018-01-05_4419,2018-01-05,4419,元勝,tpex,9.55,9.55,9.55,9.55,4000,38200,0.86,up,32578917,3,
2018-01-05_4420,2018-01-05,4420,光明,tpex,26.10,26.35,26.10,26.30,14000,367250,0.30,,40455000,12,
2018-01-05_4426,2018-01-05,4426,利勤,twse,48.70,48.70,47.90,47.90,185817,8930227,-0.6,,,187,
2018-01-05_4429,2018-01-05,4429,聚紡,tpex,21.10,21.10,21.05,21.10,103000,2173250,-0.10,,34350000,29,
2018-01-05_4430,2018-01-05,4430,耀億,tpex,24.60,25.00,24.60,24.75,32000,794250,0.15,,56273609,19,
2018-01-05_4432,2018-01-05,4432,銘旺實,tpex,32.95,32.95,32.30,32.45,13000,422100,0.10,,50589000,13,
2018-01-05_4433,2018-01-05,4433,興采,tpex,20.70,21.00,20.65,20.85,43000,895500,0.40,,31533432,17,
2018-01-05_4438,2018-01-05,4438,廣越,twse,131.50,135.50,131.00,135.00,139140,18571540,4.0,,,114,
2018-01-05_4502,2018-01-05,4502,健信,tpex,79.20,80.30,79.20,80.20,79000,6306000,0.20,,44303661,54,
2018-01-05_4503,2018-01-05,4503,金雨,tpex,49.50,49.70,49.20,49.30,32000,1583300,0.15,,39263326,30,
2018-01-05_4506,2018-01-05,4506,崇友,tpex,54.50,54.50,54.00,54.00,92000,4976000,-0.20,,177012000,47,
2018-01-05_4510,2018-01-05,4510,高鋒,tpex,19.10,19.10,18.85,18.90,181000,3422950,-0.15,,108010689,95,
2018-01-05_4513,2018-01-05,4513,福裕,tpex,9.32,9.45,9.21,9.44,20000,185380,0.07,,76880300,13,
2018-01-05_4523,2018-01-05,4523,永彰,tpex,16.05,16.15,15.85,15.85,79000,1263050,-0.20,,64000000,45,
2018-01-05_4526,2018-01-05,4526,東台,twse,20.05,20.30,20.05,20.25,214491,4315864,0.2,,,121,
2018-01-05_4527,2018-01-05,4527,方土霖,tpex,30.80,30.90,30.65,30.80,74000,2277850,0.20,,76152370,18,
2018-01-05_4528,2018-01-05,4528,江興鍛,tpex,82.00,82.20,81.10,81.90,307000,25036000,0.00,,76514268,221,
2018-01-05_4529,2018-01-05,4529,淳紳,tpex,31.60,32.10,31.60,31.80,144000,4587700,-0.30,,81354796,99,
2018-01-05_4530,2018-01-05,4530,宏易,tpex,7.94,7.97,7.83,7.94,56000,443490,0.00,,46172276,36,
2018-01-05_4532,2018-01-05,4532,瑞智,twse,29.70,29.70,29.40,29.60,512757,15122204,-0.1,,,320,
2018-01-05_4533,2018-01-05,4533,協易機,tpex,13.05,13.20,13.00,13.10,267000,3498700,0.10,,158434110,102,
2018-01-05_4534,2018-01-05,4534,慶騰,tpex,18.30,18.35,18.10,18.15,84000,1526850,-0.05,,87502146,48,
2018-01-05_4535,2018-01-05,4535,至興,tpex,43.00,43.00,42.90,43.00,22000,945900,0.40,,75661740,16,
2018-01-05_4536,2018-01-05,4536,拓凱,twse,88.70,89.30,88.70,89.00,13000,1157200,-0.6,,,12,
2018-01-05_4541,2018-01-05,4541,晟田,tpex,28.50,28.70,28.30,28.40,63000,1792850,-0.10,,54143426,37,
2018-01-05_4542,2018-01-05,4542,科嶠,tpex,31.60,32.15,31.60,32.10,7000,223700,0.60,,28285400,6,
2018-01-05_4543,2018-01-05,4543,萬在,tpex,18.65,19.10,18.65,19.10,6000,113900,0.30,,56840000,5,
2018-01-05_4545,2018-01-05,4545,銘鈺,twse,46.80,46.80,45.45,45.50,213001,9769945,-0.85,,,128,
2018-01-05_4549,2018-01-05,4549,桓達,tpex,94.40,94.40,93.00,93.70,93000,8700200,0.50,,40389224,84,
2018-01-05_4550,2018-01-05,4550,長佳,tpex,18.65,18.65,18.65,18.65,1000,18650,0.15,up,34456415,1,
2018-01-05_4551,2018-01-05,4551,智伸科,twse,172.00,177.50,170.00,171.00,928635,160351536,8.5,,,763,
2018-01-05_4552,2018-01-05,4552,力達-KY,twse,100.00,100.50,99.10,99.30,320800,31965000,-0.6,,,207,
2018-01-05_4554,2018-01-05,4554,橙的,tpex,32.45,32.45,30.55,30.55,20000,624600,0.25,,21374900,20,
2018-01-05_4555,2018-01-05,4555,氣立,twse,68.10,68.10,67.60,67.60,29100,1974259,-0.5,,,27,
2018-01-05_4556,2018-01-05,4556,旭然,tpex,31.70,31.70,31.55,31.60,18000,568850,0.40,,35228000,9,
2018-01-05_4557,2018-01-05,4557,永新-KY,twse,71.40,71.50,71.00,71.10,91002,6474544,0.1,,,61,
2018-01-05_4560,2018-01-05,4560,強信-KY,twse,46.90,48.90,46.80,48.40,1068020,51276230,1.5,,,603,
2018-01-05_4562,2018-01-05,4562,穎漢,twse,41.00,41.15,40.40,41.00,67000,2721450,0.3,,,40,
2018-01-05_4702,2018-01-05,4702,中美實,tpex,5.73,5.78,5.69,5.70,351000,2004770,-0.01,,225000000,93,
2018-01-05_4706,2018-01-05,4706,大恭,tpex,21.20,21.25,21.00,21.00,84000,1770200,-0.10,,79030093,45,
2018-01-05_4707,2018-01-05,4707,磐亞,tpex,9.83,10.30,9.83,10.00,4485000,45283190,0.20,,245706232,1283,
2018-01-05_4711,2018-01-05,4711,永純,tpex,16.80,16.95,16.60,16.80,83000,1386400,0.00,,61056000,35,
2018-01-05_4712,2018-01-05,4712,南璋,tpex,12.40,12.60,12.15,12.40,501000,6196700,0.00,,60524372,225,
2018-01-05_4714,2018-01-05,4714,永捷,tpex,16.85,16.90,16.45,16.60,1783000,29656500,-0.15,,85019617,685,
2018-01-05_4716,2018-01-05,4716,大立,tpex,23.05,23.10,22.80,23.10,38000,871750,0.05,,74427288,23,
2018-01-05_4720,2018-01-05,4720,德淵,twse,14.50,14.50,14.35,14.45,69731,1002125,0.05,,,22,
2018-01-05_4721,2018-01-05,4721,美琪瑪,tpex,109.00,110.00,108.00,108.00,2456000,267524500,-3.00,,74986304,1827,
2018-01-05_4722,2018-01-05,4722,國精化,twse,34.60,34.90,34.60,34.80,391282,13630612,0.25,,,226,
2018-01-05_4725,2018-01-05,4725,信昌化,twse,30.00,32.30,29.20,32.20,7201637,223280234,2.6,,,2800,
2018-01-05_4726,2018-01-05,4726,永昕,tpex,26.70,26.70,26.15,26.25,36000,946850,0.05,,112154500,28,
2018-01-05_4728,2018-01-05,4728,雙美,tpex,28.50,29.70,28.50,29.50,547000,15922050,1.30,,54463000,351,
2018-01-05_4729,2018-01-05,4729,熒茂,tpex,22.40,23.90,22.40,23.70,864000,19967550,1.30,,104932000,469,
2018-01-05_4735,2018-01-05,4735,豪展,tpex,50.20,50.60,49.80,50.60,402000,20162000,0.50,,34111375,261,
2018-01-05_4736,2018-01-05,4736,泰博,tpex,100.00,100.50,99.20,99.70,107000,10646500,-0.30,,78327735,89,
2018-01-05_4737,2018-01-05,4737,華廣,twse,55.50,55.50,55.00,55.40,30200,1670580,-0.1,,,24,
2018-01-05_4739,2018-01-05,4739,康普,twse,117.50,118.00,116.00,116.00,1689832,197538012,-2.5,,,1189,
2018-01-05_4741,2018-01-05,4741,泓瀚,tpex,67.20,67.20,66.00,66.70,13000,866500,0.30,,32841584,11,
2018-01-05_4743,2018-01-05,4743,合一,tpex,20.60,20.80,20.55,20.70,138000,2855650,0.15,,195752229,93,
2018-01-05_4745,2018-01-05,4745,合富-KY,tpex,38.60,38.90,38.60,38.85,35000,1356050,0.25,,57698085,25,
2018-01-05_4746,2018-01-05,4746,台耀,twse,69.30,69.30,68.40,68.40,366000,25132000,-0.7,,,215,
2018-01-05_4747,2018-01-05,4747,強生,tpex,39.00,39.60,38.70,39.40,20000,782000,0.10,,30018750,13,
2018-01-05_4754,2018-01-05,4754,國碳科,tpex,39.90,40.10,39.90,40.10,184000,7342000,-0.90,,15634340,6,
2018-01-05_4755,2018-01-05,4755,三福化,twse,60.10,60.30,58.50,58.70,246100,14576200,-1.9,,,192,
2018-01-05_4763,2018-01-05,4763,材料*-KY,twse,176.00,177.50,175.00,177.00,94000,16595500,2.5,,,73,
2018-01-05_4764,2018-01-05,4764,雙鍵,twse,68.10,80.50,67.90,78.40,2973200,223122178,11.4,,,2083,
2018-01-05_4803,2018-01-05,4803,VHQ-KY,tpex,177.00,178.00,173.00,175.50,478000,83925000,-1.00,,32277001,347,
2018-01-05_4804,2018-01-05,4804,大略-KY,tpex,39.75,39.85,39.30,39.60,87000,3444050,-0.15,,36031920,59,
2018-01-05_4806,2018-01-05,4806,昇華,tpex,43.60,44.00,42.95,42.95,213000,9207300,-0.55,,31824185,115,
2018-01-05_4807,2018-01-05,4807,日成-KY,twse,51.50,51.70,51.10,51.60,41000,2106100,-0.3,,,22,
2018-01-05_4903,2018-01-05,4903,聯光通,tpex,26.10,26.35,26.05,26.05,602000,15731500,0.00,,90279327,308,
2018-01-05_4904,2018-01-05,4904,遠傳,twse,74.90,75.50,74.60,75.40,2443289,183903975,0.4,,,1359,
2018-01-05_4905,2018-01-05,4905,台聯電,tpex,71.10,71.50,70.30,71.00,120000,8527800,0.10,,46322516,80,
2018-01-05_4906,2018-01-05,4906,正文,twse,30.30,31.75,29.85,31.20,72678032,2234492211,2.25,,,26867,
2018-01-05_4907,2018-01-05,4907,富宇,tpex,39.65,40.50,39.10,40.40,520000,20849750,1.20,,118145778,251,
2018-01-05_4908,2018-01-05,4908,前鼎,tpex,28.70,30.65,28.30,28.80,10886000,319421150,0.55,,77667157,5576,
2018-01-05_4909,2018-01-05,4909,新復興,tpex,19.70,20.50,19.70,20.30,907000,18394150,0.70,,93356864,457,
2018-01-05_4911,2018-01-05,4911,德英,tpex,51.60,51.90,50.90,51.90,34000,1749400,0.80,,55660000,26,
2018-01-05_4912,2018-01-05,4912,聯德控股-KY,twse,142.00,142.50,140.00,141.00,111152,15672432,0.0,,,103,
2018-01-05_4915,2018-01-05,4915,致伸,twse,89.60,92.90,87.00,88.30,8927908,806563912,0.3,,,5196,
2018-01-05_4916,2018-01-05,4916,事欣科,twse,35.80,36.65,35.80,36.50,1677926,61075306,0.8,,,881,
2018-01-05_4919,2018-01-05,4919,新唐,twse,68.00,68.50,65.60,67.40,2470110,166259767,-0.3,,,1678,
2018-01-05_4924,2018-01-05,4924,欣厚-KY,tpex,9.35,9.38,9.30,9.38,30000,279900,0.01,,37164409,17,
2018-01-05_4927,2018-01-05,4927,泰鼎-KY,twse,21.70,22.05,21.65,21.85,1227778,26864664,0.5,,,627,
2018-01-05_4930,2018-01-05,4930,燦星網,twse,13.05,13.20,13.00,13.05,242199,3167487,0.0,,,90,
2018-01-05_4933,2018-01-05,4933,友輝,tpex,21.80,21.80,21.55,21.55,124000,2682950,-0.20,,77331675,42,
2018-01-05_4934,2018-01-05,4934,太極,twse,12.90,12.90,12.75,12.75,2577259,33019396,-0.1,,,654,
2018-01-05_4935,2018-01-05,4935,茂林-KY,twse,45.00,45.00,44.30,44.40,271115,12070552,-0.5,,,146,
2018-01-05_4938,2018-01-05,4938,和碩,twse,72.00,72.20,71.10,72.00,9556840,685025980,0.1,,,4225,
2018-01-05_4939,2018-01-05,4939,亞電,tpex,20.90,21.70,20.75,21.35,7922000,169134950,0.55,,98200868,2408,
2018-01-05_4942,2018-01-05,4942,嘉彰,twse,23.40,23.40,23.15,23.35,47003,1093020,-0.05,,,28,
2018-01-05_4943,2018-01-05,4943,康控-KY,twse,319.00,322.00,300.00,303.00,7372210,2274119840,-12.0,,,6081,
2018-01-05_4944,2018-01-05,4944,兆遠,tpex,15.65,15.70,15.25,15.25,824000,12735900,-0.05,,211568563,405,
2018-01-05_4946,2018-01-05,4946,辣椒,tpex,46.30,46.75,45.75,45.85,220000,10132300,-0.35,,27320796,175,
2018-01-05_4947,2018-01-05,4947,昂寶-KY,tpex,272.50,293.50,270.00,283.00,3937000,1106714000,8.50,,55986268,3077,
2018-01-05_4950,2018-01-05,4950,牧東,tpex,19.45,19.45,18.30,19.00,38000,721600,-0.50,,45779000,30,
2018-01-05_4952,2018-01-05,4952,凌通,twse,55.90,56.30,54.60,55.00,1177505,65152700,-0.6,,,768,
2018-01-05_4953,2018-01-05,4953,緯軟,tpex,27.85,28.35,27.85,27.90,62000,1733950,-0.20,,43878322,40,
2018-01-05_4956,2018-01-05,4956,光鋐,twse,23.00,23.30,22.70,22.70,2198100,50523630,-0.25,,,864,
2018-01-05_4958,2018-01-05,4958,臻鼎-KY,twse,66.90,67.40,66.70,67.20,1781120,119554436,0.3,,,1172,
2018-01-05_4960,2018-01-05,4960,誠美材,twse,12.25,12.30,12.15,12.15,4596989,56064559,0.0,,,1090,
2018-01-05_4965,2018-01-05,4965,商店街,tpex,50.40,50.50,50.00,50.00,35000,1761300,-0.40,,26602249,19,
2018-01-05_4966,2018-01-05,4966,譜瑞-KY,tpex,618.00,618.00,598.00,603.00,907000,549535000,-17.00,,78371163,852,
2018-01-05_4968,2018-01-05,4968,立積,twse,90.70,90.70,88.20,88.20,1062242,94395741,-1.9,,,683,
2018-01-05_4971,2018-01-05,4971,IET-KY,tpex,114.00,117.50,113.50,113.50,1638000,188717000,-1.50,,36135543,1218,
2018-01-05_4972,2018-01-05,4972,湯石照明,tpex,31.10,31.50,30.95,30.95,151000,4702000,0.30,,39836553,98,
2018-01-05_4973,2018-01-05,4973,廣穎,tpex,19.30,19.75,19.30,19.35,286000,5565950,0.05,,64775833,130,
2018-01-05_4974,2018-01-05,4974,亞泰,tpex,48.65,48.90,48.45,48.55,326000,15856900,0.30,,72500104,199,
2018-01-05_4976,2018-01-05,4976,佳凌,twse,37.80,38.30,37.60,37.60,737523,27935491,-0.15,,,476,
2018-01-05_4977,2018-01-05,4977,眾達-KY,twse,127.00,131.50,124.00,125.00,2878853,366524125,-2.0,,,2060,
2018-01-05_4979,2018-01-05,4979,華星光,tpex,35.25,35.55,34.80,34.90,870000,30530500,-0.20,,90971613,537,
2018-01-05_4984,2018-01-05,4984,科納-KY,twse,40.20,41.70,39.75,41.05,1342582,54989338,1.15,,,761,
2018-01-05_4987,2018-01-05,4987,科誠,tpex,61.50,61.80,61.50,61.70,10000,616100,0.00,,25200000,10,
2018-01-05_4991,2018-01-05,4991,環宇-KY,tpex,88.90,89.00,86.80,86.80,2355000,206704700,-1.50,,80216700,1632,
2018-01-05_4994,2018-01-05,4994,傳奇,twse,54.20,54.20,53.90,54.10,22000,1188700,0.0,,,18,
2018-01-05_4995,2018-01-05,4995,晶達,tpex,38.50,38.50,37.40,37.70,11000,415700,-0.15,,34509910,10,
2018-01-05_4999,2018-01-05,4999,鑫禾,twse,50.60,50.60,50.30,50.30,92050,4639839,-0.3,,,61,
2018-01-05_5007,2018-01-05,5007,三星,twse,57.80,58.40,57.80,58.40,33347,1938226,-0.1,,,34,
2018-01-05_5009,2018-01-05,5009,榮剛,tpex,20.15,20.30,20.10,20.15,954000,19237450,0.05,,466735991,329,
2018-01-05_5011,2018-01-05,5011,久陽,tpex,15.35,15.60,15.35,15.60,5000,77500,0.00,,41135869,4,
2018-01-05_5013,2018-01-05,5013,強新,tpex,29.00,29.00,28.90,28.90,5000,144750,-0.20,,133416000,3,
2018-01-05_5014,2018-01-05,5014,建錩,tpex,18.15,18.20,17.85,17.90,3442000,62032400,-0.05,,165333054,847,
2018-01-05_5015,2018-01-05,5015,華祺,tpex,31.90,32.05,31.90,32.05,87000,2784450,0.15,,60639189,64,
2018-01-05_5016,2018-01-05,5016,松和,tpex,35.85,35.85,35.20,35.35,48000,1694500,-0.10,,49622076,30,
2018-01-05_5102,2018-01-05,5102,富強,tpex,16.90,17.00,16.90,17.00,41000,695150,0.30,,64085067,30,
2018-01-05_5201,2018-01-05,5201,凱衛,tpex,18.90,19.05,18.85,19.00,58000,1100000,0.20,,30674600,31,
2018-01-05_5202,2018-01-05,5202,力新,tpex,29.90,30.15,29.00,29.50,165000,4906700,-0.40,,59094000,58,
2018-01-05_5203,2018-01-05,5203,訊連,twse,67.00,68.00,67.00,67.70,106639,7209697,0.7,,,92,
2018-01-05_5205,2018-01-05,5205,漢康,tpex,10.50,10.75,10.50,10.75,5000,53250,0.95,,17005200,3,
2018-01-05_5206,2018-01-05,5206,坤悅,tpex,9.70,9.81,9.70,9.81,22000,213770,0.11,,148500000,5,
2018-01-05_5209,2018-01-05,5209,新鼎,tpex,46.90,46.90,46.60,46.80,9000,421250,0.30,,23491500,9,
2018-01-05_5210,2018-01-05,5210,寶碩,tpex,7.41,7.43,7.38,7.38,31000,229340,-0.13,,65699779,22,
2018-01-05_5211,2018-01-05,5211,蒙恬,tpex,21.20,21.35,21.00,21.25,106000,2239500,0.10,,32024727,65,
2018-01-05_5212,2018-01-05,5212,凌網,tpex,26.00,27.20,25.30,26.40,25000,648300,0.40,,34633000,21,
2018-01-05_5213,2018-01-05,5213,亞昕,tpex,18.65,18.65,18.35,18.45,419000,7731600,0.05,,342081337,140,
2018-01-05_5215,2018-01-05,5215,科嘉-KY,twse,26.80,26.90,26.65,26.70,57000,1523100,0.0,,,31,
2018-01-05_5225,2018-01-05,5225,東科-KY,twse,28.60,28.65,28.50,28.65,24536,701122,-0.2,,,20,
2018-01-05_5227,2018-01-05,5227,立凱-KY,tpex,26.20,26.35,26.00,26.25,431000,11294200,0.05,,210573654,257,
2018-01-05_5230,2018-01-05,5230,雷笛克光學,tpex,43.85,44.40,43.70,44.40,263000,11572200,0.70,,51955824,150,
2018-01-05_5234,2018-01-05,5234,達興材料,twse,80.00,83.20,78.70,79.00,2185929,175713391,-1.3,,,1595,
2018-01-05_5243,2018-01-05,5243,乙盛-KY,twse,46.10,46.25,45.40,45.60,1068200,48799088,-0.5,,,689,
2018-01-05_5245,2018-01-05,5245,智晶,tpex,106.50,106.50,104.50,105.00,98000,10308500,-1.50,,46626000,68,
2018-01-05_5251,2018-01-05,5251,天鉞電,tpex,20.15,20.15,20.00,20.10,27000,541600,0.10,,38054077,21,
2018-01-05_5255,2018-01-05,5255,美桀,tpex,50.90,50.90,49.70,50.10,734000,36681050,-0.30,,45609788,392,
2018-01-05_5258,2018-01-05,5258,虹堡,twse,25.60,25.60,25.10,25.60,47000,1196000,0.0,,,40,
2018-01-05_5259,2018-01-05,5259,奕智博,twse,10.55,10.55,10.55,10.55,39557,416555,0.35,up,,28,
2018-01-05_5263,2018-01-05,5263,智崴,tpex,258.00,266.00,256.50,263.50,156000,40952000,7.50,,44677977,143,
2018-01-05_5264,2018-01-05,5264,鎧勝-KY,twse,106.00,106.00,104.00,104.50,1159207,121563627,0.0,,,849,
2018-01-05_5269,2018-01-05,5269,祥碩,twse,376.50,377.50,364.00,364.00,1080027,398006813,-10.0,,,929,
2018-01-05_5272,2018-01-05,5272,笙科,tpex,41.50,43.30,41.50,42.20,641000,27184300,0.80,,57956118,388,
2018-01-05_5274,2018-01-05,5274,信驊,tpex,710.00,713.00,697.00,709.00,38000,26755000,-6.00,,33937827,38,
2018-01-05_5278,2018-01-05,5278,尚凡,tpex,44.50,45.00,44.50,45.00,6000,268450,0.50,,14248425,5,
2018-01-05_5281,2018-01-05,5281,大峽谷-KY,tpex,36.90,37.00,36.30,37.00,76000,2782650,0.35,,37010000,47,
2018-01-05_5284,2018-01-05,5284,jpp-KY,twse,64.50,64.50,64.00,64.50,30029,1930870,0.0,,,19,
2018-01-05_5285,2018-01-05,5285,界霖,twse,99.80,101.00,92.00,92.00,4533866,432505527,-6.4,,,3055,
2018-01-05_5287,2018-01-05,5287,數字,tpex,235.00,236.00,232.00,233.00,144000,33641000,-1.50,,42580500,119,
2018-01-05_5288,2018-01-05,5288,豐祥-KY,twse,86.10,86.30,86.00,86.00,61000,5252000,-0.2,,,42,
2018-01-05_5289,2018-01-05,5289,宜鼎,tpex,129.00,129.50,127.50,129.00,716000,92058000,-0.50,,73554154,471,
2018-01-05_5291,2018-01-05,5291,邑昇,tpex,14.70,14.75,14.65,14.70,33000,485050,0.05,,33551308,18,
2018-01-05_5301,2018-01-05,5301,寶得利,tpex,43.00,43.70,42.20,43.00,437000,18820700,-0.15,,137975000,261,
2018-01-05_5302,2018-01-05,5302,太欣,tpex,6.28,6.28,6.19,6.25,93000,578200,0.01,,162377000,38,
2018-01-05_5304,2018-01-05,5304,鼎創達,tpex,2.13,2.14,2.13,2.13,18000,38450,0.00,,185962436,5,
2018-01-05_5305,2018-01-05,5305,敦南,twse,45.10,45.50,43.30,43.30,4724273,207820594,-2.0,,,2721,
2018-01-05_5306,2018-01-05,5306,桂盟,tpex,137.00,137.50,134.00,135.50,194000,26309500,-0.50,,120000000,157,
2018-01-05_5309,2018-01-05,5309,系統電,tpex,8.60,8.60,8.53,8.55,186000,1591760,-0.01,,213638104,78,
2018-01-05_5310,2018-01-05,5310,天剛,tpex,30.00,30.00,29.90,30.00,6000,179800,0.00,,49601237,4,
2018-01-05_5312,2018-01-05,5312,寶島科,tpex,67.40,67.70,67.40,67.60,14000,945700,0.20,,60059898,10,
2018-01-05_5314,2018-01-05,5314,世紀,tpex,4.50,4.50,4.50,4.50,2000,9000,0.00,down,60000000,2,
2018-01-05_5315,2018-01-05,5315,光聯,tpex,18.40,18.40,18.20,18.30,400000,7316350,0.10,,106351832,164,
2018-01-05_5317,2018-01-05,5317,凱美,tpex,72.10,72.90,69.00,69.90,4339000,306927400,-3.10,,134615405,3047,
2018-01-05_5324,2018-01-05,5324,士開,tpex,9.75,9.75,9.70,9.70,14000,136200,0.07,,106379090,6,
2018-01-05_5328,2018-01-05,5328,華容,tpex,12.25,12.45,11.55,12.00,7995000,97113300,-0.25,,172710724,2463,
2018-01-05_5340,2018-01-05,5340,建榮,tpex,11.70,11.70,11.40,11.40,1100000,12596550,-0.30,,165893964,397,
2018-01-05_5344,2018-01-05,5344,立衛,tpex,6.60,6.85,6.58,6.58,43000,284950,-0.12,,79447460,26,
2018-01-05_5345,2018-01-05,5345,天揚,tpex,7.77,7.98,7.68,7.81,202000,1571980,0.06,,50000000,76,
2018-01-05_5347,2018-01-05,5347,世界,tpex,66.00,66.60,64.50,64.80,5216000,342453000,-1.20,,1638982267,3487,
2018-01-05_5348,2018-01-05,5348,系通,tpex,6.70,6.70,6.15,6.15,3000,19550,-0.65,,25950310,3,
2018-01-05_5349,2018-01-05,5349,先豐,tpex,39.10,39.90,38.30,38.40,6358000,247884750,-0.25,,224096373,3211,
2018-01-05_5351,2018-01-05,5351,鈺創,tpex,16.40,16.60,16.00,16.10,6098000,99189950,-0.70,,436939837,2158,
2018-01-05_5353,2018-01-05,5353,台林,tpex,14.20,14.50,13.80,13.95,1912000,26940750,-0.60,,75000000,784,
2018-01-05_5355,2018-01-05,5355,佳總,tpex,7.75,7.75,7.60,7.71,177000,1359170,-0.04,,166122792,55,
2018-01-05_5356,2018-01-05,5356,協益,tpex,41.50,41.50,41.20,41.25,177000,7312700,-0.25,,128800000,126,
2018-01-05_5364,2018-01-05,5364,力麗店,tpex,22.25,22.25,22.25,22.25,1000,22250,-0.15,down,14099940,1,
2018-01-05_5371,2018-01-05,5371,中光電,tpex,34.85,35.10,34.80,34.85,578000,20169850,0.10,,434423110,365,
2018-01-05_5383,2018-01-05,5383,金利,tpex,14.00,14.40,13.80,14.20,112000,1566850,0.10,,50101967,71,
2018-01-05_5386,2018-01-05,5386,青雲,tpex,31.65,31.75,31.50,31.75,36000,1139650,0.00,,13516047,30,
2018-01-05_5388,2018-01-05,5388,中磊,twse,88.70,89.60,87.00,87.70,4434614,390086740,-1.3,,,2500,
2018-01-05_5392,2018-01-05,5392,應華,tpex,62.60,63.60,62.10,62.40,2805000,176388300,-0.30,,108559657,1595,
2018-01-05_5398,2018-01-05,5398,慕康生醫,tpex,30.60,30.80,30.50,30.80,12000,367850,-0.05,,49950460,11,
2018-01-05_5403,2018-01-05,5403,中菲,tpex,37.65,37.90,37.60,37.65,127000,4783850,0.00,,62630041,69,
2018-01-05_5410,2018-01-05,5410,國眾,tpex,13.40,13.45,13.35,13.40,267000,3577750,0.05,,85900123,90,
2018-01-05_5425,2018-01-05,5425,台半,tpex,79.00,81.00,76.70,80.00,6900000,546648800,1.40,,241144327,3994,
2018-01-05_5426,2018-01-05,5426,振發,tpex,16.60,16.70,16.25,16.40,751000,12327450,0.35,,143800000,285,
2018-01-05_5432,2018-01-05,5432,達威,tpex,19.65,19.70,19.65,19.70,3000,59000,-0.10,,20687804,3,
2018-01-05_5434,2018-01-05,5434,崇越,twse,83.10,84.00,82.60,83.00,1162723,96617448,0.0,,,794,
2018-01-05_5438,2018-01-05,5438,東友,tpex,16.75,17.00,16.75,17.00,671000,11334300,0.25,,112536565,203,
2018-01-05_5439,2018-01-05,5439,高技,tpex,30.90,30.95,30.75,30.75,259000,7974950,-0.20,,85975752,175,
2018-01-05_5443,2018-01-05,5443,均豪,tpex,21.75,22.80,21.70,22.45,3863000,86199550,0.80,,165136144,1776,
2018-01-05_5450,2018-01-05,5450,寶聯通,tpex,7.05,7.05,6.96,7.00,59000,412170,0.02,,50392250,32,
2018-01-05_5452,2018-01-05,5452,佶優,tpex,9.51,9.54,9.43,9.52,242000,2290690,0.01,,148763669,95,
2018-01-05_5455,2018-01-05,5455,昇益,tpex,9.18,9.18,8.36,8.36,11000,100160,-0.89,,65501813,4,
2018-01-05_5457,2018-01-05,5457,宣德,tpex,64.50,64.70,62.90,63.80,2949000,187382400,-0.20,,167800000,1692,
2018-01-05_5460,2018-01-05,5460,同協,tpex,12.30,12.30,12.20,12.20,270000,3294700,-0.10,,72032030,60,
2018-01-05_5464,2018-01-05,5464,霖宏,tpex,13.00,13.00,13.00,13.00,25000,325000,0.00,down,71071490,22,
2018-01-05_5465,2018-01-05,5465,富驊,tpex,23.10,23.15,22.60,22.60,259000,5898000,-0.80,,144091811,115,
2018-01-05_5468,2018-01-05,5468,凱鈺,tpex,4.16,4.49,4.03,4.49,137000,561760,0.33,,69822909,35,
2018-01-05_5469,2018-01-05,5469,瀚宇博,twse,22.25,22.25,21.50,21.65,9827947,213904144,-0.9,,,3749,
2018-01-05_5471,2018-01-05,5471,松翰,twse,37.95,38.05,37.40,37.55,1341413,50582153,0.25,,,878,
2018-01-05_5474,2018-01-05,5474,聰泰,tpex,52.80,53.70,52.80,53.70,121000,6442300,0.90,,33729787,74,
2018-01-05_5475,2018-01-05,5475,德宏,tpex,9.83,9.86,9.48,9.50,2411000,23033320,-0.23,,160928579,885,
2018-01-05_5478,2018-01-05,5478,智冠,tpex,74.00,75.00,73.30,74.50,568000,42079000,0.50,,127474332,384,
2018-01-05_5480,2018-01-05,5480,統盟,tpex,12.20,12.25,12.05,12.25,207000,2507600,0.05,,199097830,92,
2018-01-05_5481,2018-01-05,5481,華韡,tpex,31.20,32.85,30.05,30.05,8261000,263106600,0.15,,94693891,3820,
2018-01-05_5483,2018-01-05,5483,中美晶,tpex,82.40,84.40,81.70,81.70,13163000,1091422800,0.30,,592093651,7388,
2018-01-05_5484,2018-01-05,5484,慧友,twse,5.02,5.17,4.99,5.10,149558,755879,0.11,,,51,
2018-01-05_5487,2018-01-05,5487,通泰,tpex,25.75,26.60,25.75,26.00,43000,1134900,0.15,,22134516,23,
2018-01-05_5488,2018-01-05,5488,松普,tpex,8.84,9.05,8.80,9.05,261000,2328550,0.12,,91586124,84,
2018-01-05_5489,2018-01-05,5489,彩富,tpex,37.60,37.85,37.40,37.80,214000,8052650,0.45,,103175441,97,
2018-01-05_5490,2018-01-05,5490,同亨,tpex,49.45,49.45,48.50,48.55,172000,8374900,-0.55,,94396601,137,
2018-01-05_5493,2018-01-05,5493,三聯,tpex,26.50,27.00,26.50,26.90,98000,2616250,0.40,,44264695,41,
2018-01-05_5498,2018-01-05,5498,凱崴,tpex,12.45,12.60,12.40,12.50,1181000,14766850,0.10,,161895880,319,
2018-01-05_5508,2018-01-05,5508,永信建,tpex,32.00,32.20,31.95,32.00,147000,4708600,0.00,,217428133,86,
2018-01-05_5511,2018-01-05,5511,德昌,tpex,19.95,20.00,19.85,19.85,66000,1316050,-0.15,,113442248,11,
2018-01-05_5512,2018-01-05,5512,力麒,tpex,9.85,9.90,9.82,9.86,1667000,16422510,0.01,,743992712,445,
2018-01-05_5514,2018-01-05,5514,三豐,tpex,10.10,10.20,10.05,10.20,73000,736800,0.15,,176643300,19,
2018-01-05_5515,2018-01-05,5515,建國,twse,11.30,11.40,11.25,11.25,108133,1221488,-0.05,,,48,
2018-01-05_5516,2018-01-05,5516,雙喜,tpex,9.10,9.30,9.08,9.30,18000,163960,-0.03,,38295000,8,
2018-01-05_5519,2018-01-05,5519,隆大,twse,10.75,10.85,10.65,10.80,273707,2938782,0.05,,,79,
2018-01-05_5520,2018-01-05,5520,力泰,tpex,27.70,27.80,27.70,27.80,3000,83300,-0.30,,70959112,3,
2018-01-05_5521,2018-01-05,5521,工信,twse,16.05,16.15,15.95,15.95,2465940,39428083,-0.05,,,561,
2018-01-05_5522,2018-01-05,5522,遠雄,twse,32.60,32.60,32.20,32.25,477100,15435570,-0.45,,,347,
2018-01-05_5523,2018-01-05,5523,豐謙,tpex,12.00,12.20,11.80,11.90,178000,2129650,0.00,,155001464,85,
2018-01-05_5525,2018-01-05,5525,順天,twse,16.55,16.80,16.55,16.65,157618,2630945,0.05,,,79,
2018-01-05_5529,2018-01-05,5529,志嘉,tpex,9.15,9.20,8.99,9.19,202000,1832830,-0.05,,104270202,52,
2018-01-05_5530,2018-01-05,5530,龍巖,tpex,71.70,72.20,71.00,71.60,338000,24203500,0.10,,420084199,217,
2018-01-05_5531,2018-01-05,5531,鄉林,twse,11.00,11.60,10.95,11.60,4404163,49445410,0.75,,,1123,
2018-01-05_5533,2018-01-05,5533,皇鼎,twse,15.80,15.90,15.80,15.85,105661,1677359,0.05,,,46,
2018-01-05_5534,2018-01-05,5534,長虹,twse,82.40,82.70,81.60,82.50,2331741,192142562,0.1,,,1291,
2018-01-05_5536,2018-01-05,5536,聖暉,tpex,211.00,211.00,208.00,208.50,424000,88665000,-1.50,,47152819,367,
2018-01-05_5538,2018-01-05,5538,東明-KY,twse,36.10,36.20,36.10,36.20,40000,1447900,0.1,,,9,
2018-01-05_5543,2018-01-05,5543,崇佑-KY,tpex,19.70,19.80,19.35,19.80,14000,272850,0.05,,30699996,12,
2018-01-05_5603,2018-01-05,5603,陸海,tpex,12.50,12.50,12.35,12.50,156000,1935450,0.00,,78324575,69,
2018-01-05_5604,2018-01-05,5604,中連貨,tpex,29.55,29.95,29.55,29.95,13000,388050,0.20,,108782968,8,
2018-01-05_5607,2018-01-05,5607,遠雄港,twse,18.35,18.35,18.10,18.35,526000,9595550,0.0,,,227,
2018-01-05_5608,2018-01-05,5608,四維航,twse,9.33,9.47,9.32,9.39,865385,8112492,0.09,,,290,
2018-01-05_5609,2018-01-05,5609,中菲行,tpex,21.50,21.65,21.50,21.65,285000,6146650,0.10,,129000000,145,
2018-01-05_5701,2018-01-05,5701,劍湖山,tpex,2.35,2.35,2.30,2.35,152000,355400,0.00,,253756957,26,
2018-01-05_5703,2018-01-05,5703,亞都,tpex,25.25,25.70,24.75,24.75,6000,151900,0.00,,70239594,4,
2018-01-05_5706,2018-01-05,5706,鳳凰,twse,35.40,35.40,34.90,34.95,148879,5236718,-0.1,,,93,
2018-01-05_5820,2018-01-05,5820,日盛金,tpex,8.40,8.42,8.39,8.42,580000,4874850,0.02,,3542360671,145,
2018-01-05_5871,2018-01-05,5871,中租-KY,twse,90.40,93.90,90.20,93.60,13247532,1220455515,3.6,,,7526,
2018-01-05_5880,2018-01-05,5880,合庫金,twse,16.80,16.90,16.80,16.90,12119486,204238517,0.1,,,3084,
2018-01-05_5902,2018-01-05,5902,德記,tpex,12.40,12.40,12.40,12.40,13000,161200,0.00,down,94500000,9,
2018-01-05_5903,2018-01-05,5903,全家,tpex,182.50,183.50,182.50,183.00,36000,6578000,0.50,,223220000,34,
2018-01-05_5904,2018-01-05,5904,寶雅,tpex,367.00,369.00,366.00,369.00,7000,2570000,2.50,,97685031,7,
2018-01-05_5905,2018-01-05,5905,南仁湖,tpex,7.85,7.86,7.84,7.84,197000,1546630,-0.02,,203916957,60,
2018-01-05_5906,2018-01-05,5906,台南-KY,twse,7.81,8.08,7.81,8.02,22557,178550,0.0,,,15,
2018-01-05_5907,2018-01-05,5907,大洋-KY,twse,23.45,24.85,23.40,24.80,1018070,24671732,1.5,,,570,
2018-01-05_6005,2018-01-05,6005,群益證,twse,11.30,11.40,11.20,11.35,5939300,67198773,0.15,,,984,
2018-01-05_6015,2018-01-05,6015,宏遠證,tpex,8.15,8.16,8.12,8.15,768000,6255000,0.04,,368232775,223,
2018-01-05_6016,2018-01-05,6016,康和證,tpex,9.31,9.50,9.30,9.39,2982000,28062610,0.11,,613336792,641,
2018-01-05_6020,2018-01-05,6020,大展證,tpex,14.80,15.00,14.70,14.75,55000,818950,0.05,,252353154,32,
2018-01-05_6021,2018-01-05,6021,大慶證,tpex,10.70,10.80,10.70,10.70,319000,3425650,0.05,,306755974,104,
2018-01-05_6023,2018-01-05,6023,元大期,tpex,41.50,41.75,41.50,41.70,42000,1750300,0.00,,232276288,40,
2018-01-05_6024,2018-01-05,6024,群益期,twse,45.90,45.95,45.65,45.85,73085,3345240,0.15,,,66,
2018-01-05_6026,2018-01-05,6026,福邦證,tpex,13.40,13.60,13.40,13.50,1166000,15747250,0.15,,241700000,272,
2018-01-05_6101,2018-01-05,6101,寬魚國際,tpex,52.80,53.00,52.30,52.40,90000,4741200,-0.40,,69826850,72,
2018-01-05_6104,2018-01-05,6104,創惟,tpex,38.40,38.40,37.80,37.85,1030000,39181700,-0.70,,90709184,555,
2018-01-05_6108,2018-01-05,6108,競國,twse,28.20,29.45,28.00,29.05,2775700,80658656,0.95,,,1412,
2018-01-05_6109,2018-01-05,6109,亞元,tpex,12.10,12.25,12.10,12.20,106000,1290850,0.10,,72686518,36,
2018-01-05_6111,2018-01-05,6111,大宇資,tpex,86.40,86.70,85.80,86.00,151000,12999000,0.10,,47831280,124,
2018-01-05_6112,2018-01-05,6112,邁達特,twse,30.00,30.05,29.90,29.95,171780,5146054,0.1,,,110,
2018-01-05_6113,2018-01-05,6113,亞矽,tpex,9.10,9.16,9.10,9.15,5000,45720,0.02,,50047100,5,
2018-01-05_6114,2018-01-05,6114,久威,tpex,50.00,50.00,48.20,48.20,165000,8020800,-1.00,,41820893,135,
2018-01-05_6115,2018-01-05,6115,鎰勝,twse,44.35,44.55,44.30,44.50,73615,3270066,0.15,,,55,
2018-01-05_6116,2018-01-05,6116,彩晶,twse,10.30,10.35,10.15,10.20,13423659,137272663,-0.05,,,2679,
2018-01-05_6117,2018-01-05,6117,迎廣,twse,18.20,18.60,18.20,18.60,47180,869512,0.35,,,28,
2018-01-05_6118,2018-01-05,6118,建達,tpex,7.28,7.28,7.20,7.20,131000,944900,-0.04,,90889573,52,
2018-01-05_6120,2018-01-05,6120,達運,twse,44.30,45.65,43.35,44.35,21285908,947519256,0.2,,,10066,
2018-01-05_6121,2018-01-05,6121,新普,tpex,167.50,168.00,166.00,168.00,358000,59909500,1.00,,184970519,311,
2018-01-05_6122,2018-01-05,6122,擎邦,tpex,11.80,11.85,11.65,11.65,542000,6350450,-0.10,,68729089,178,
2018-01-05_6123,2018-01-05,6123,上奇,tpex,44.00,44.20,43.55,44.20,282000,12352050,0.20,,57825028,139,
2018-01-05_6124,2018-01-05,6124,業強,tpex,25.55,25.90,25.55,25.90,24000,615750,0.10,,182479945,16,
2018-01-05_6125,2018-01-05,6125,廣運,tpex,12.55,12.75,12.40,12.45,1255000,15744950,-0.05,,254011150,494,
2018-01-05_6126,2018-01-05,6126,信音,tpex,14.55,14.60,14.40,14.45,381000,5519150,0.00,,120403506,176,
2018-01-05_6127,2018-01-05,6127,九豪,tpex,25.40,25.70,24.60,25.05,18142000,456039650,-1.40,,85963698,7293,
2018-01-05_6128,2018-01-05,6128,上福,twse,38.65,38.65,38.40,38.45,69013,2660901,-0.15,,,52,
2018-01-05_6129,2018-01-05,6129,普誠,tpex,8.50,8.56,8.44,8.54,542000,4608620,0.04,,180943675,193,
2018-01-05_6130,2018-01-05,6130,星寶國際,tpex,51.10,51.90,51.00,51.00,12000,613900,-1.00,,26700000,8,
2018-01-05_6131,2018-01-05,6131,鈞泰,twse,20.20,20.80,20.20,20.40,1670019,34369135,0.2,,,403,
2018-01-05_6133,2018-01-05,6133,金橋,twse,10.40,10.60,10.35,10.40,267001,2781610,0.05,,,61,
2018-01-05_6134,2018-01-05,6134,萬旭,tpex,14.70,15.30,14.70,14.85,339000,5058600,0.45,,94270574,177,
2018-01-05_6136,2018-01-05,6136,富爾特,twse,24.20,24.90,24.20,24.65,452550,11097988,0.45,,,247,
2018-01-05_6138,2018-01-05,6138,茂達,tpex,50.10,50.60,48.05,48.70,7049000,347711700,-0.55,,102762572,4000,
2018-01-05_6139,2018-01-05,6139,亞翔,twse,38.30,38.45,37.40,38.20,9321660,353780959,0.6,,,3944,
2018-01-05_6140,2018-01-05,6140,訊達,tpex,11.60,12.15,11.60,12.00,59000,707100,0.55,,38367906,31,
2018-01-05_6141,2018-01-05,6141,柏承,twse,17.25,17.35,17.15,17.30,320000,5519850,0.2,,,152,
2018-01-05_6142,2018-01-05,6142,友勁,twse,8.50,8.95,8.45,8.75,18444570,161019406,0.34,,,4377,
2018-01-05_6143,2018-01-05,6143,振曜,tpex,51.10,52.10,51.00,51.80,160000,8264200,0.70,,83280897,106,
2018-01-05_6144,2018-01-05,6144,得利影,tpex,9.80,9.80,9.80,9.80,6000,58800,-0.02,down,73117806,4,
2018-01-05_6145,2018-01-05,6145,勁永,twse,12.60,12.70,12.50,12.60,2952399,37183357,0.05,,,668,
2018-01-05_6146,2018-01-05,6146,耕興,tpex,169.50,170.00,165.00,165.50,122000,20307000,-3.00,,91455697,99,
2018-01-05_6147,2018-01-05,6147,頎邦,tpex,57.10,57.60,56.80,57.10,4211000,240639600,0.10,,654261998,2283,
2018-01-05_6148,2018-01-05,6148,驊宏資,tpex,4.91,4.94,4.86,4.94,85000,414570,0.04,,90002000,21,
2018-01-05_6150,2018-01-05,6150,撼訊,tpex,89.80,96.40,89.10,94.90,8608000,799694000,7.20,,30264054,5807,
2018-01-05_6151,2018-01-05,6151,晉倫,tpex,24.55,24.80,24.50,24.75,305000,7525150,0.30,,55257300,133,
2018-01-05_6152,2018-01-05,6152,百一,twse,8.68,8.98,8.68,8.88,372578,3292431,0.2,,,178,
2018-01-05_6153,2018-01-05,6153,嘉聯益,twse,44.00,47.95,43.55,46.65,61728961,2859882059,2.65,,,25592,
2018-01-05_6154,2018-01-05,6154,順發,tpex,16.50,16.55,16.50,16.55,8000,132150,0.05,,80080000,6,
2018-01-05_6155,2018-01-05,6155,鈞寶,twse,25.40,25.40,24.05,24.25,6480804,159878650,0.4,,,3119,
2018-01-05_6156,2018-01-05,6156,松上,tpex,22.75,22.95,22.10,22.10,364000,8136300,-0.65,,77381355,219,
2018-01-05_6158,2018-01-05,6158,禾昌,tpex,21.30,21.50,20.70,20.95,425000,9005650,-0.05,,113978975,175,
2018-01-05_6160,2018-01-05,6160,欣技,tpex,18.05,18.05,17.85,17.90,88000,1577500,-0.25,,68489120,54,
2018-01-05_6161,2018-01-05,6161,捷波,tpex,14.10,14.15,14.00,14.00,237000,3332650,-0.10,,120833290,84,
2018-01-05_6163,2018-01-05,6163,華電網,tpex,15.65,15.85,15.20,15.30,13719000,213017800,0.25,,103481692,4119,
2018-01-05_6164,2018-01-05,6164,華興,twse,13.20,13.30,13.00,13.10,179456,2351421,-0.1,,,78,
2018-01-05_6165,2018-01-05,6165,浪凡,twse,32.45,32.50,31.65,31.65,399100,12780045,-0.65,,,266,
2018-01-05_6166,2018-01-05,6166,凌華,twse,66.10,66.10,64.80,65.20,101200,6586438,-0.1,,,99,
2018-01-05_6167,2018-01-05,6167,久正,tpex,7.80,7.85,7.73,7.77,384000,2993760,-0.03,,162173221,141,
2018-01-05_6168,2018-01-05,6168,宏齊,twse,20.90,21.00,20.50,20.65,3148629,65180821,-0.25,,,1189,
2018-01-05_6169,2018-01-05,6169,昱泉,tpex,40.40,41.25,40.40,40.80,132000,5388550,0.40,,35473750,91,
2018-01-05_6170,2018-01-05,6170,統振,tpex,12.40,13.45,12.40,13.20,7225000,96275250,0.95,,89670038,2007,
2018-01-05_6171,2018-01-05,6171,亞銳士,tpex,10.55,11.00,10.55,11.00,4000,42750,0.45,,75351921,3,
2018-01-05_6172,2018-01-05,6172,互億,twse,10.30,10.30,10.30,10.30,1000,10300,-0.15,down,,1,
2018-01-05_6173,2018-01-05,6173,信昌電,tpex,41.75,43.40,40.65,43.40,6616000,277374600,1.85,,172000000,3157,
2018-01-05_6174,2018-01-05,6174,安碁,tpex,13.55,13.90,13.55,13.70,42000,575750,0.20,,50000000,25,
2018-01-05_6175,2018-01-05,6175,立敦,tpex,45.65,45.65,44.35,45.00,6578000,296155750,-1.10,,137870516,3793,
2018-01-05_6176,2018-01-05,6176,瑞儀,twse,70.90,71.30,70.20,70.30,3378826,238311562,0.0,,,1886,
2018-01-05_6177,2018-01-05,6177,達麗,twse,35.25,35.35,34.80,34.90,409602,14314207,-0.3,,,205,
2018-01-05_6179,2018-01-05,6179,亞通,tpex,44.50,44.50,43.80,44.00,116000,5099100,-0.05,,74146731,57,
2018-01-05_6180,2018-01-05,6180,橘子,tpex,92.90,95.90,91.30,93.90,15351000,1440274000,1.60,,174421998,9445,
2018-01-05_6182,2018-01-05,6182,合晶,tpex,47.00,48.50,46.90,47.15,64632000,3083681350,0.65,,478591215,27319,
2018-01-05_6183,2018-01-05,6183,關貿,twse,31.70,31.70,31.50,31.50,18200,574960,-0.2,,,12,
2018-01-05_6184,2018-01-05,6184,大豐電,twse,34.80,35.10,34.75,35.10,67855,2369405,0.4,,,55,
2018-01-05_6185,2018-01-05,6185,幃翔,tpex,20.30,20.40,20.25,20.40,264000,5367600,0.20,,123612726,140,
2018-01-05_6186,2018-01-05,6186,新潤,tpex,15.00,15.10,14.95,15.10,63000,945600,0.15,,71690408,35,
2018-01-05_6187,2018-01-05,6187,萬潤,tpex,65.00,66.90,65.00,66.00,1456000,96303100,1.60,,84238902,999,
2018-01-05_6188,2018-01-05,6188,廣明,tpex,33.80,34.20,33.00,34.05,4274000,143887350,0.50,,278358910,2164,
2018-01-05_6189,2018-01-05,6189,豐藝,twse,28.20,28.80,28.20,28.65,369063,10524266,0.45,,,245,
2018-01-05_6190,2018-01-05,6190,萬泰科,tpex,14.50,14.75,14.40,14.55,1628000,23745750,0.15,,140368537,576,
2018-01-05_6191,2018-01-05,6191,精成科,twse,13.45,13.65,13.35,13.45,1313404,17744338,0.05,,,474,
2018-01-05_6192,2018-01-05,6192,巨路,twse,58.50,58.60,57.70,57.90,275699,16006430,0.4,,,208,
2018-01-05_6194,2018-01-05,6194,育富,tpex,19.40,19.55,19.35,19.40,82000,1590550,0.25,,78000000,35,
2018-01-05_6195,2018-01-05,6195,詩肯,tpex,58.70,58.70,58.20,58.70,56000,3276300,0.20,,43713293,35,
2018-01-05_6196,2018-01-05,6196,帆宣,twse,40.00,40.25,39.90,40.10,1065213,42701280,0.2,,,556,
2018-01-05_6197,2018-01-05,6197,佳必琪,twse,33.40,33.40,32.80,32.95,430762,14228896,-0.45,,,253,
2018-01-05_6198,2018-01-05,6198,凌泰,tpex,19.00,19.15,19.00,19.15,3000,57300,-1.00,,20135350,3,
2018-01-05_6199,2018-01-05,6199,天品,tpex,23.30,24.35,23.30,24.35,6000,142950,0.10,,61760018,6,
2018-01-05_6201,2018-01-05,6201,亞弘電,twse,29.30,29.30,29.00,29.00,18000,522300,0.0,,,16,
2018-01-05_6202,2018-01-05,6202,盛群,twse,71.50,75.00,71.10,74.10,5927745,434288999,3.3,,,3698,
2018-01-05_6203,2018-01-05,6203,海韻電,tpex,29.40,29.55,29.40,29.55,41000,1207200,0.15,,79953277,29,
2018-01-05_6204,2018-01-05,6204,艾華,tpex,24.35,24.40,23.25,23.80,214000,5103950,-0.50,,36097000,119,
2018-01-05_6205,2018-01-05,6205,詮欣,twse,31.20,31.25,30.90,31.00,102000,3166400,-0.2,,,71,
2018-01-05_6206,2018-01-05,6206,飛捷,twse,86.00,86.60,85.00,85.40,226003,19358255,-0.5,,,162,
2018-01-05_6207,2018-01-05,6207,雷科,tpex,33.00,33.85,32.40,32.70,2103000,68982250,-0.80,,83954589,1163,
2018-01-05_6208,2018-01-05,6208,日揚,tpex,30.10,30.15,29.85,29.95,509000,15260600,-0.20,,98993565,235,
2018-01-05_6209,2018-01-05,6209,今國光,twse,37.35,37.35,36.50,36.50,2805300,103465100,0.1,,,1625,
2018-01-05_6210,2018-01-05,6210,慶生,tpex,42.10,42.10,41.55,42.00,28000,1172350,-0.10,,35048000,21,
2018-01-05_6212,2018-01-05,6212,理銘,tpex,30.80,30.80,30.70,30.70,33000,1014100,0.00,,102000000,8,
2018-01-05_6213,2018-01-05,6213,聯茂,twse,69.20,69.50,67.10,67.60,1355243,92280972,-0.9,,,871,
2018-01-05_6214,2018-01-05,6214,精誠,twse,59.90,60.00,59.50,59.90,411402,24600596,0.0,,,242,
2018-01-05_6215,2018-01-05,6215,和椿,twse,20.75,20.90,20.35,20.40,790155,16212726,-0.4,,,424,
2018-01-05_6216,2018-01-05,6216,居易,twse,29.00,29.15,28.80,29.05,169502,4910681,0.1,,,115,
2018-01-05_6217,2018-01-05,6217,中探針,tpex,34.25,34.60,34.20,34.40,436000,14992150,0.40,,63845185,290,
2018-01-05_6218,2018-01-05,6218,豪勉,tpex,19.40,19.45,19.10,19.20,115000,2205250,-0.05,,64262000,63,
2018-01-05_6219,2018-01-05,6219,富旺,tpex,10.45,10.45,10.35,10.35,16000,166400,-0.15,,154016276,6,
2018-01-05_6220,2018-01-05,6220,岳豐,tpex,56.70,60.50,56.50,58.80,10852000,640590100,3.50,,124554488,6605,
2018-01-05_6221,2018-01-05,6221,晉泰,tpex,24.30,24.50,24.30,24.50,30000,731750,0.00,,39783608,15,
2018-01-05_6223,2018-01-05,6223,旺矽,tpex,72.40,73.70,71.50,71.60,570000,41110500,-1.10,,79901388,398,
2018-01-05_6224,2018-01-05,6224,聚鼎,twse,57.50,57.70,56.80,56.80,163723,9355611,-0.6,,,126,
2018-01-05_6226,2018-01-05,6226,光鼎,twse,10.90,10.90,10.45,10.45,1702214,18027674,-0.25,,,530,
2018-01-05_6227,2018-01-05,6227,茂綸,tpex,20.15,20.70,20.15,20.50,456000,9339300,0.35,,76111786,173,
2018-01-05_6228,2018-01-05,6228,全譜,tpex,9.94,9.94,9.86,9.86,3000,29670,0.17,,28000000,3,
2018-01-05_6229,2018-01-05,6229,研通,tpex,17.80,18.60,17.75,18.30,727000,13200200,0.70,,36087700,360,
2018-01-05_6230,2018-01-05,6230,尼得科超眾,twse,101.00,101.00,99.20,100.50,573005,57321305,0.0,,,390,
2018-01-05_6231,2018-01-05,6231,系微,tpex,50.70,51.00,49.30,49.40,190000,9464350,-1.00,,38043488,148,
2018-01-05_6233,2018-01-05,6233,旺玖,tpex,10.65,10.75,10.45,10.50,179000,1877900,-0.10,,84574896,66,
2018-01-05_6234,2018-01-05,6234,高僑,tpex,16.75,16.95,16.70,16.95,67000,1127850,0.20,,92864383,45,
2018-01-05_6235,2018-01-05,6235,華孚,twse,20.60,21.10,20.55,20.75,2232003,46511207,0.1,,,867,
2018-01-05_6237,2018-01-05,6237,驊訊,tpex,25.10,25.40,25.05,25.20,229000,5767700,0.10,,79004371,127,
2018-01-05_6238,2018-01-05,6238,勝麗,tpex,281.50,283.50,278.00,281.00,652000,182957000,-5.00,,49953114,571,
2018-01-05_6239,2018-01-05,6239,力成,twse,88.30,89.30,88.30,89.20,1967112,174904573,0.9,,,1299,
2018-01-05_6240,2018-01-05,6240,松崗,tpex,23.40,23.40,23.40,23.40,1000,23400,-0.70,down,23098370,1,
2018-01-05_6241,2018-01-05,6241,易通展,tpex,12.35,12.70,12.35,12.70,13000,163000,0.20,,23717288,10,
2018-01-05_6242,2018-01-05,6242,立康,tpex,62.30,62.30,61.60,61.60,22000,1358500,-0.40,,22200000,18,
2018-01-05_6243,2018-01-05,6243,迅杰,twse,19.60,19.60,19.05,19.20,324379,6240963,-0.2,,,186,
2018-01-05_6244,2018-01-05,6244,茂迪,tpex,23.35,23.55,23.00,23.20,3260000,75872500,0.00,,539790908,1517,
2018-01-05_6245,2018-01-05,6245,立端,tpex,48.30,48.45,46.85,47.10,1730000,82027400,-1.10,,104649438,948,
2018-01-05_6246,2018-01-05,6246,臺龍,tpex,22.40,22.40,21.70,21.70,88000,1927450,-0.40,,28369012,55,
2018-01-05_6247,2018-01-05,6247,淇譽電,tpex,10.90,10.90,10.50,10.50,86000,904300,-0.25,,60321000,44,
2018-01-05_6248,2018-01-05,6248,沛波,tpex,24.60,24.70,23.15,23.35,203000,4805550,-1.05,,30675184,147,
2018-01-05_6251,2018-01-05,6251,定穎,twse,12.55,12.60,12.10,12.10,2757014,33920016,-0.4,,,971,
2018-01-05_6257,2018-01-05,6257,矽格,twse,34.95,35.40,34.25,35.20,11901489,414876679,0.35,,,4829,
2018-01-05_6259,2018-01-05,6259,百徽,tpex,2.98,3.05,2.98,3.01,114000,342740,0.21,,111336430,21,
2018-01-05_6261,2018-01-05,6261,久元,tpex,59.50,61.70,58.70,60.30,4889000,295959700,1.30,,128497989,2944,
2018-01-05_6263,2018-01-05,6263,普萊德,tpex,62.80,66.00,62.80,64.90,530000,33965300,2.30,,62500964,386,
2018-01-05_6264,2018-01-05,6264,富裔,tpex,5.93,6.05,5.93,6.05,31000,185300,0.04,,116355291,18,
2018-01-05_6265,2018-01-05,6265,方土昶,tpex,6.82,6.88,6.82,6.88,78000,534960,0.06,,118172151,43,
2018-01-05_6266,2018-01-05,6266,泰詠,tpex,14.50,14.70,14.15,14.15,2057000,29700850,-0.05,,92197356,717,
2018-01-05_6269,2018-01-05,6269,台郡,twse,109.00,109.00,106.50,107.50,3072874,330458392,0.0,,,2048,
2018-01-05_6270,2018-01-05,6270,倍微,tpex,12.70,12.85,12.60,12.60,294000,3751300,0.00,,72145759,116,
2018-01-05_6271,2018-01-05,6271,同欣電,twse,135.50,136.00,131.00,133.00,1892460,249868180,-2.5,,,1345,
2018-01-05_6274,2018-01-05,6274,台燿,tpex,89.70,90.00,87.60,88.80,2888000,256566700,-1.50,,244747308,2000,
2018-01-05_6275,2018-01-05,6275,元山,tpex,18.55,19.45,18.35,19.20,1537000,29337250,0.70,,62510709,550,
2018-01-05_6276,2018-01-05,6276,安鈦克,tpex,13.15,13.15,12.90,12.95,50000,648050,-0.20,,33733000,16,
2018-01-05_6277,2018-01-05,6277,宏正,twse,83.00,83.70,83.00,83.40,93003,7758050,0.4,,,76,
2018-01-05_6278,2018-01-05,6278,台表科,twse,34.50,34.95,34.20,34.40,1673833,57645222,-0.1,,,1299,
2018-01-05_6279,2018-01-05,6279,胡連,tpex,154.00,154.00,152.00,153.50,212000,32476000,1.00,,97183705,174,
2018-01-05_6281,2018-01-05,6281,全國電,twse,62.20,62.50,62.20,62.50,45000,2803500,0.3,,,30,
2018-01-05_6282,2018-01-05,6282,康舒,twse,22.10,22.15,21.90,21.95,549182,12061160,-0.1,,,293,
2018-01-05_6283,2018-01-05,6283,淳安,twse,49.00,49.05,47.80,48.20,1229223,59172695,-0.5,,,616,
2018-01-05_6284,2018-01-05,6284,佳邦,tpex,32.30,33.30,30.80,31.90,11019000,351430600,-0.40,,102558254,5143,
2018-01-05_6285,2018-01-05,6285,啟碁,twse,88.80,88.90,87.80,88.10,1966495,173560397,-1.0,,,1403,
2018-01-05_6287,2018-01-05,6287,元隆,tpex,3.79,3.80,3.66,3.70,36000,135070,-0.10,,318145590,14,
2018-01-05_6289,2018-01-05,6289,華上,twse,2.13,2.13,2.10,2.10,30907,65099,-0.03,,,22,
2018-01-05_6290,2018-01-05,6290,良維,tpex,72.20,73.60,71.00,72.40,3643000,263036200,-0.50,,136044106,2131,
2018-01-05_6291,2018-01-05,6291,沛亨,tpex,4.04,4.04,4.02,4.02,5000,20140,-0.21,,22300000,2,
2018-01-05_6292,2018-01-05,6292,迅德,tpex,31.80,31.80,31.65,31.70,15000,475900,-0.05,,46900712,13,
2018-01-05_6294,2018-01-05,6294,智基,tpex,114.00,114.50,111.00,112.00,123000,13859000,0.00,,21275100,106,
2018-01-05_6298,2018-01-05,6298,崴強,tpex,20.15,20.20,20.10,20.15,219000,4411050,-0.10,,168951974,120,
2018-01-05_6404,2018-01-05,6404,通訊-KY,tpex,16.05,16.65,16.05,16.25,118000,1923800,0.20,,37904000,77,
2018-01-05_6405,2018-01-05,6405,悅城,twse,24.10,26.15,24.00,25.40,447000,11390450,1.6,,,262,
2018-01-05_6409,2018-01-05,6409,旭隼,twse,540.00,540.00,533.00,540.00,66221,35609677,11.0,,,68,
2018-01-05_6411,2018-01-05,6411,晶焱,tpex,87.20,88.90,85.80,88.90,1092000,95962800,2.00,,69802980,747,
2018-01-05_6412,2018-01-05,6412,群電,twse,60.30,60.40,59.30,59.50,455283,27170480,-0.5,,,348,
2018-01-05_6414,2018-01-05,6414,樺漢,twse,469.00,469.00,459.00,467.00,330150,153078050,-0.5,,,343,
2018-01-05_6415,2018-01-05,6415,矽力*-KY,twse,680.00,683.00,669.00,675.00,119590,80746840,-8.0,,,125,
2018-01-05_6417,2018-01-05,6417,韋僑,tpex,36.60,36.65,35.60,36.65,74000,2700300,0.05,,35614000,26,
2018-01-05_6419,2018-01-05,6419,京晨科,tpex,13.35,13.70,13.35,13.70,27000,365700,-0.10,,27805170,22,
2018-01-05_6422,2018-01-05,6422,君耀-KY,twse,77.40,78.40,76.60,77.40,2151083,167029411,0.8,,,1170,
2018-01-05_6426,2018-01-05,6426,統新,tpex,90.30,91.40,88.10,88.10,602000,53535000,-2.10,,33509000,493,
2018-01-05_6431,2018-01-05,6431,光麗-KY,twse,14.25,14.25,13.85,13.95,429001,6015714,-0.25,,,165,
2018-01-05_6432,2018-01-05,6432,今展科,tpex,21.85,21.85,20.85,21.00,150000,3180700,-0.85,,20311658,105,
2018-01-05_6435,2018-01-05,6435,大中,tpex,114.00,117.50,111.00,111.50,4051000,463345000,-1.00,,33063000,3085,
2018-01-05_6438,2018-01-05,6438,迅得,tpex,78.80,78.80,77.50,77.50,334000,26035100,-0.40,,57800000,273,
2018-01-05_6441,2018-01-05,6441,廣錠,tpex,67.50,67.50,66.40,66.40,61000,4067100,-0.50,,28756375,43,
2018-01-05_6442,2018-01-05,6442,光聖,twse,42.60,42.60,41.90,42.10,160000,6760050,-0.25,,,110,
2018-01-05_6443,2018-01-05,6443,元晶,twse,10.30,10.45,10.30,10.35,1820698,18842003,0.05,,,564,
2018-01-05_6446,2018-01-05,6446,藥華藥,tpex,142.50,142.50,141.50,142.00,238000,33706000,-0.50,,218939609,133,
2018-01-05_6449,2018-01-05,6449,鈺邦,twse,58.80,60.90,57.10,59.90,5959418,353153203,0.8,,,3581,
2018-01-05_6451,2018-01-05,6451,訊芯-KY,twse,153.00,156.00,148.50,154.50,2019042,308675926,0.5,,,1310,
2018-01-05_6452,2018-01-05,6452,康友-KY,twse,404.00,407.00,402.00,406.50,302642,122517010,-0.5,,,294,
2018-01-05_6456,2018-01-05,6456,GIS-KY,twse,201.00,207.00,201.00,201.50,8912692,1816557619,3.0,,,6232,
2018-01-05_6457,2018-01-05,6457,紘康,tpex,37.20,37.40,36.10,37.10,203000,7467200,-0.60,,28912042,145,
2018-01-05_6462,2018-01-05,6462,神盾,tpex,240.00,248.00,240.00,244.50,2757000,674163000,5.00,,70490754,2079,
2018-01-05_6464,2018-01-05,6464,台數科,twse,120.00,120.00,119.50,119.50,39200,4692200,0.5,,,16,
2018-01-05_6465,2018-01-05,6465,威潤,tpex,65.10,65.40,65.00,65.40,18000,1171600,-2.10,,30072585,11,
2018-01-05_6469,2018-01-05,6469,大樹,tpex,85.60,86.40,85.60,86.00,6000,516100,-0.50,,30501450,5,
2018-01-05_6470,2018-01-05,6470,宇智,tpex,37.10,38.95,37.10,38.05,211000,7992450,1.30,,32694100,161,
2018-01-05_6472,2018-01-05,6472,保瑞,tpex,36.00,36.00,35.95,35.95,16000,575800,-0.35,,26462000,14,
2018-01-05_6477,2018-01-05,6477,安集,twse,24.60,24.60,24.10,24.10,341045,8287127,-0.4,,,208,
2018-01-05_6482,2018-01-05,6482,弘煜科,tpex,33.60,33.95,33.60,33.95,2000,67550,0.20,,15602400,2,
2018-01-05_6485,2018-01-05,6485,點序,tpex,41.55,42.50,41.00,41.10,242000,10071750,-0.10,,34223050,130,
2018-01-05_6486,2018-01-05,6486,互動,tpex,45.00,45.30,44.40,45.25,177000,7960050,0.20,,46180000,133,
2018-01-05_6488,2018-01-05,6488,環球晶,tpex,433.00,450.00,431.50,433.50,7561000,3318521500,3.50,,437250000,6021,
2018-01-05_6492,2018-01-05,6492,生華科,tpex,65.40,65.40,64.70,65.00,48000,3122800,-0.20,,74391620,42,
2018-01-05_6494,2018-01-05,6494,九齊,tpex,64.10,64.20,63.60,64.00,34000,2175900,0.40,,26559690,24,
2018-01-05_6496,2018-01-05,6496,科懋,tpex,75.80,75.80,73.80,74.20,315000,23449500,-1.20,,46667000,248,
2018-01-05_6497,2018-01-05,6497,亞獅康-KY,tpex,34.60,34.65,33.90,34.65,130000,4448250,-0.35,,130128940,83,
2018-01-05_6499,2018-01-05,6499,益安,tpex,83.60,83.90,83.50,83.90,25000,2092100,0.30,,51782054,18,
2018-01-05_6504,2018-01-05,6504,南六,twse,157.50,158.00,155.50,158.00,19000,2977500,1.0,,,18,
2018-01-05_6505,2018-01-05,6505,台塑化,twse,119.00,120.00,119.00,120.00,4025696,481374163,1.0,,,2640,
2018-01-05_6506,2018-01-05,6506,雙邦,tpex,21.70,21.90,21.70,21.80,30000,651600,0.00,,78394088,12,
2018-01-05_6508,2018-01-05,6508,惠光,tpex,26.95,27.50,26.95,27.20,376000,10210800,0.25,,83247249,116,
2018-01-05_6509,2018-01-05,6509,聚和,tpex,20.65,20.80,20.35,20.35,2125000,43481450,-0.25,,176133101,954,
2018-01-05_6510,2018-01-05,6510,精測,tpex,1185.00,1185.00,1115.00,1125.00,574000,653025000,-40.00,,32789022,558,
2018-01-05_6512,2018-01-05,6512,啟發電,tpex,20.85,20.85,20.30,20.30,40000,818500,-0.05,,25000000,26,
2018-01-05_6514,2018-01-05,6514,芮特-KY,tpex,32.75,33.10,32.70,33.10,9000,296100,0.35,,24562505,8,
2018-01-05_6523,2018-01-05,6523,達爾膚,tpex,92.10,92.10,90.10,91.80,55000,5025400,-0.30,,45815625,51,
2018-01-05_6525,2018-01-05,6525,捷敏-KY,twse,95.90,96.10,93.00,93.00,2311502,218002434,-2.0,,,1767,
2018-01-05_6531,2018-01-05,6531,愛普*,twse,96.80,96.80,93.70,93.80,945150,89527980,-2.3,,,711,
2018-01-05_6532,2018-01-05,6532,瑞耘,tpex,29.40,29.40,28.70,28.80,311000,9010050,-0.30,,31626725,201,
2018-01-05_6533,2018-01-05,6533,晶心科,twse,135.50,135.50,129.00,129.00,701100,92976550,-2.0,,,583,
2018-01-05_6535,2018-01-05,6535,順藥,tpex,29.60,29.60,29.30,29.30,52000,1527650,-0.30,,95365400,32,
2018-01-05_6538,2018-01-05,6538,倉和,tpex,35.55,35.70,35.55,35.70,5000,178150,-0.15,,30300000,5,
2018-01-05_6541,2018-01-05,6541,泰福-KY,twse,74.50,74.70,73.50,73.60,152100,11255250,-0.9,,,122,
2018-01-05_6542,2018-01-05,6542,隆中,tpex,54.00,54.00,52.10,52.60,57000,3005800,-2.20,,31500630,52,
2018-01-05_6548,2018-01-05,6548,長華科,tpex,496.00,509.00,482.00,494.50,711000,353013500,13.50,,36107105,600,
2018-01-05_6552,2018-01-05,6552,易華電,twse,65.20,71.20,65.10,68.40,4419268,305650826,3.6,,,2947,
2018-01-05_6554,2018-01-05,6554,中美冠科-KY,tpex,69.00,69.60,68.90,69.60,1464000,101074500,0.60,,145169790,270,
2018-01-05_6556,2018-01-05,6556,勝品,tpex,39.50,41.00,38.50,39.80,35000,1395300,0.30,,23000000,22,
2018-01-05_6560,2018-01-05,6560,欣普羅,tpex,35.50,35.55,34.80,35.25,54000,1903650,-0.15,,17151446,49,
2018-01-05_6568,2018-01-05,6568,宏觀,tpex,184.00,185.50,180.00,184.50,115000,21047000,0.50,,24700900,106,
2018-01-05_6569,2018-01-05,6569,醫揚,tpex,156.50,158.00,156.50,157.00,8000,1258000,0.50,,20007471,8,
2018-01-05_6570,2018-01-05,6570,維田,tpex,28.00,28.25,28.00,28.25,36000,1009150,0.45,,27104664,30,
2018-01-05_6573,2018-01-05,6573,虹揚-KY,twse,68.80,70.50,67.80,67.80,504000,34721200,-1.0,,,391,
2018-01-05_6574,2018-01-05,6574,霈方,tpex,132.50,132.50,129.50,129.50,15000,1951500,-0.50,,21990000,8,
2018-01-05_6577,2018-01-05,6577,勁豐,tpex,57.50,58.40,57.50,57.60,51000,2956200,0.60,,38254870,42,
2018-01-05_6579,2018-01-05,6579,研揚,twse,92.20,92.20,91.60,91.70,44000,4041600,-0.5,,,29,
2018-01-05_6582,2018-01-05,6582,申豐,twse,50.00,50.50,49.80,50.20,28000,1396450,0.0,,,19,
2018-01-05_6591,2018-01-05,6591,動力-KY,twse,96.00,101.00,95.90,101.00,1317390,130868590,8.8,,,831,
2018-01-05_6593,2018-01-05,6593,台灣銘板,tpex,42.00,42.00,41.50,41.65,83000,3462050,-0.30,,19565901,69,
2018-01-05_6594,2018-01-05,6594,展匯科,tpex,30.55,31.70,30.40,31.00,74000,2312250,0.50,,19300000,58,
2018-01-05_6596,2018-01-05,6596,寬宏藝術,tpex,62.80,63.30,62.40,63.00,362000,22759100,-0.30,,23000000,234,
2018-01-05_6603,2018-01-05,6603,富強鑫,tpex,17.35,17.85,17.10,17.50,3925000,68840150,0.20,,135652207,1386,
2018-01-05_6605,2018-01-05,6605,帝寶,twse,92.10,92.10,90.20,90.90,165001,14998291,-1.1,,,130,
2018-01-05_6609,2018-01-05,6609,瀧澤科,tpex,27.20,27.20,26.55,26.55,375000,10022400,-0.40,,71035535,137,
2018-01-05_6613,2018-01-05,6613,朋億,tpex,181.00,181.00,175.00,176.50,349000,62101500,-4.00,,33928000,297,
2018-01-05_6803,2018-01-05,6803,崑鼎,tpex,166.00,166.50,165.50,165.50,38000,6303000,-0.50,,66806398,34,
2018-01-05_7402,2018-01-05,7402,邑錡,tpex,45.50,45.50,45.00,45.00,3000,135800,-1.05,,21468327,3,
2018-01-05_8011,2018-01-05,8011,台通,twse,21.90,22.45,21.55,21.80,5665136,124848398,0.25,,,2525,
2018-01-05_8016,2018-01-05,8016,矽創,twse,86.00,88.10,85.80,87.40,2181683,189783789,0.4,,,1431,
2018-01-05_8021,2018-01-05,8021,尖點,twse,21.65,21.90,21.50,21.85,753327,16373244,0.2,,,317,
2018-01-05_8024,2018-01-05,8024,佑華,tpex,11.20,11.25,11.10,11.10,76000,848950,-0.05,,46013100,25,
2018-01-05_8027,2018-01-05,8027,鈦昇,tpex,45.60,46.60,44.10,44.15,2041000,92050750,-1.15,,78035724,1186,
2018-01-05_8032,2018-01-05,8032,光菱,tpex,23.85,23.95,23.85,23.95,25000,597650,0.15,,51810300,18,
2018-01-05_8033,2018-01-05,8033,雷虎,twse,12.05,12.35,11.85,11.90,777909,9352256,-0.05,,,322,
2018-01-05_8034,2018-01-05,8034,榮群,tpex,13.50,13.65,13.25,13.40,638000,8577650,-0.10,,62873725,208,
2018-01-05_8038,2018-01-05,8038,長園科,tpex,42.30,42.60,42.00,42.45,61000,2580600,0.15,,56608190,52,
2018-01-05_8039,2018-01-05,8039,台虹,twse,63.20,64.80,62.10,62.10,6607561,416460282,-1.4,,,3544,
2018-01-05_8040,2018-01-05,8040,九暘,tpex,9.12,9.12,9.02,9.10,162000,1470290,-0.02,,82725258,54,
2018-01-05_8042,2018-01-05,8042,金山電,tpex,70.70,70.90,68.80,70.70,4352000,303885100,0.00,,113099118,2879,
2018-01-05_8043,2018-01-05,8043,蜜望實,tpex,26.80,26.85,25.80,25.90,379000,9876300,-0.80,,79907170,238,
2018-01-05_8044,2018-01-05,8044,網家,tpex,145.00,145.00,141.50,141.50,291000,41581500,-1.50,,117159446,265,
2018-01-05_8046,2018-01-05,8046,南電,twse,26.60,26.85,26.55,26.70,715891,19119604,0.1,,,452,
2018-01-05_8047,2018-01-05,8047,星雲,tpex,12.20,12.25,12.10,12.10,14000,170700,-0.10,,41666343,5,
2018-01-05_8048,2018-01-05,8048,德勝,tpex,32.30,32.45,32.05,32.15,43000,1385950,-0.05,,53264938,30,
2018-01-05_8049,2018-01-05,8049,晶采,tpex,17.20,18.15,17.20,18.05,5582000,99379150,0.85,,118234308,1564,
2018-01-05_8050,2018-01-05,8050,廣積,tpex,50.20,50.20,49.80,50.00,205000,10242050,-0.20,,123472619,150,
2018-01-05_8054,2018-01-05,8054,安國,tpex,22.60,22.80,21.80,21.80,3445000,76703250,0.05,,73775286,1597,
2018-01-05_8059,2018-01-05,8059,凱碩,tpex,9.51,9.63,9.40,9.63,98000,932630,0.12,,91118000,51,
2018-01-05_8064,2018-01-05,8064,東捷,tpex,17.70,18.35,17.60,18.35,9106000,165030600,1.65,,164817836,2944,
2018-01-05_8066,2018-01-05,8066,來思達,tpex,119.50,120.50,119.00,120.50,141000,16882000,0.50,,30152304,121,
2018-01-05_8067,2018-01-05,8067,志旭,tpex,10.00,10.15,10.00,10.05,30000,301250,0.05,,30000000,17,
2018-01-05_8068,2018-01-05,8068,全達,tpex,20.80,20.80,20.50,20.60,19000,391150,-0.20,,66955992,8,
2018-01-05_8069,2018-01-05,8069,元太,tpex,45.80,46.55,45.25,46.30,7843000,360595000,0.50,,1140467715,3961,
2018-01-05_8070,2018-01-05,8070,長華*,twse,150.00,152.00,148.50,149.50,530124,79579036,1.0,,,419,
2018-01-05_8071,2018-01-05,8071,能率網通,tpex,18.75,18.85,18.50,18.60,429000,8010600,0.00,,51854283,224,
2018-01-05_8072,2018-01-05,8072,陞泰,twse,21.65,21.65,21.50,21.60,51800,1116698,-0.05,,,36,
2018-01-05_8074,2018-01-05,8074,鉅橡,tpex,26.40,26.40,26.00,26.20,224000,5854750,-0.20,,81265988,113,
2018-01-05_8076,2018-01-05,8076,伍豐,tpex,42.95,43.00,42.30,42.45,664000,28267200,-0.30,,254765380,397,
2018-01-05_8077,2018-01-05,8077,洛碁,tpex,21.40,21.40,21.20,21.20,3000,63900,0.10,,109728343,3,
2018-01-05_8080,2018-01-05,8080,奧斯特,tpex,9.33,9.36,9.20,9.31,212000,1967060,-0.06,,63991604,108,
2018-01-05_8081,2018-01-05,8081,致新,twse,70.00,70.00,69.30,69.50,155500,10817599,0.3,,,123,
2018-01-05_8083,2018-01-05,8083,瑞穎,tpex,139.00,139.00,138.50,138.50,6000,831500,0.50,,35133193,4,
2018-01-05_8084,2018-01-05,8084,巨虹,tpex,40.60,40.80,40.20,40.50,52000,2107000,0.00,,53936544,49,
2018-01-05_8085,2018-01-05,8085,福華,tpex,5.35,5.35,5.29,5.32,149000,791140,-0.01,,157257242,43,
2018-01-05_8086,2018-01-05,8086,宏捷科,tpex,74.50,75.20,73.30,73.60,6672000,495382700,0.40,,143850123,4241,
2018-01-05_8087,2018-01-05,8087,華鎂鑫,tpex,9.77,9.77,9.51,9.51,89000,848960,-0.20,,29868965,26,
2018-01-05_8088,2018-01-05,8088,品安,tpex,19.50,19.70,18.95,19.00,519000,9996650,-0.30,,60921749,290,
2018-01-05_8091,2018-01-05,8091,翔名,tpex,123.50,124.00,121.00,123.50,172000,21112500,1.00,,42476114,145,
2018-01-05_8092,2018-01-05,8092,建暐,tpex,8.13,8.17,8.05,8.07,41000,332640,-0.06,,38850616,19,
2018-01-05_8093,2018-01-05,8093,保銳,tpex,6.79,6.79,6.79,6.79,2000,13580,0.00,down,64208493,1,
2018-01-05_8096,2018-01-05,8096,擎亞,tpex,15.25,15.25,15.10,15.20,393000,5967200,0.05,,139623950,171,
2018-01-05_8097,2018-01-05,8097,常珵,tpex,11.00,11.10,10.55,11.00,29000,312450,-0.10,,26674306,20,
2018-01-05_8099,2018-01-05,8099,大世科,tpex,21.10,21.10,20.90,21.00,19000,398250,-0.05,,67200000,12,
2018-01-05_8101,2018-01-05,8101,華冠,twse,3.95,3.95,3.91,3.94,290089,1140915,0.0,,,90,
2018-01-05_8103,2018-01-05,8103,瀚荃,twse,31.90,31.90,31.55,31.60,117834,3733351,-0.15,,,75,
2018-01-05_8105,2018-01-05,8105,凌巨,twse,19.40,19.80,19.35,19.55,8687255,170222233,0.4,,,2653,
2018-01-05_8107,2018-01-05,8107,大億金茂,tpex,39.90,39.90,39.30,39.30,225000,8906100,-0.30,,75000000,135,
2018-01-05_8109,2018-01-05,8109,博大,tpex,67.30,67.30,66.90,67.00,31000,2077600,-0.30,,66008549,18,
2018-01-05_8110,2018-01-05,8110,華東,twse,16.55,16.60,16.35,16.45,3831800,63159477,0.1,,,1277,
2018-01-05_8111,2018-01-05,8111,立碁,tpex,10.00,10.20,9.90,9.98,520000,5229380,-0.02,,117102223,194,
2018-01-05_8112,2018-01-05,8112,至上,twse,30.25,30.30,30.00,30.05,2363607,71150137,-0.05,,,998,
2018-01-05_8114,2018-01-05,8114,振樺電,twse,138.50,138.50,137.00,138.00,78267,10773245,-0.5,,,68,
2018-01-05_8121,2018-01-05,8121,越峰,tpex,22.60,22.70,22.05,22.05,1772000,39382000,-0.65,,182430743,868,
2018-01-05_8131,2018-01-05,8131,福懋科,twse,31.70,31.75,31.40,31.75,610200,19276310,0.2,,,357,
2018-01-05_8147,2018-01-05,8147,正淩,tpex,34.50,34.60,34.10,34.60,16000,552200,0.10,,24887730,13,
2018-01-05_8150,2018-01-05,8150,南茂,twse,27.10,27.20,26.85,26.90,4664663,125808478,-0.15,,,2218,
2018-01-05_8155,2018-01-05,8155,博智,tpex,85.30,87.10,84.40,86.50,591000,50771600,1.20,,49756000,390,
2018-01-05_8163,2018-01-05,8163,達方,twse,31.15,31.15,30.25,30.80,2564098,78467746,0.0,,,1279,
2018-01-05_8171,2018-01-05,8171,天宇,tpex,12.35,14.05,12.35,14.05,2740000,37028600,1.25,,51493230,653,
2018-01-05_8176,2018-01-05,8176,智捷,tpex,20.25,20.30,19.30,20.00,7786000,155046600,-0.35,,72500000,3118,
2018-01-05_8182,2018-01-05,8182,加高,tpex,19.90,20.15,19.85,20.00,636000,12692800,0.20,,107041215,198,
2018-01-05_8183,2018-01-05,8183,精星,tpex,24.25,24.75,24.10,24.15,1486000,36203100,-0.10,,121251068,676,
2018-01-05_8201,2018-01-05,8201,無敵,twse,13.40,13.40,13.20,13.25,41782,553281,0.0,,,27,
2018-01-05_8210,2018-01-05,8210,勤誠,twse,41.95,42.25,41.80,42.20,142000,5967500,0.5,,,85,
2018-01-05_8213,2018-01-05,8213,志超,twse,32.95,32.95,32.45,32.65,901426,29414194,-0.15,,,409,
2018-01-05_8215,2018-01-05,8215,明基材,twse,20.75,21.40,20.40,20.40,9572138,200400074,0.05,,,3656,
2018-01-05_8222,2018-01-05,8222,寶一,twse,22.00,22.55,21.95,22.00,299439,6647144,0.0,,,206,
2018-01-05_8234,2018-01-05,8234,新漢,tpex,33.00,33.00,32.70,32.75,418000,13724650,-0.20,,141226472,217,
2018-01-05_8240,2018-01-05,8240,華宏,tpex,20.55,20.70,20.40,20.50,73000,1497700,-0.05,,100004414,53,
2018-01-05_8249,2018-01-05,8249,菱光,twse,26.95,27.00,26.10,26.25,726390,19286324,-0.5,,,379,
2018-01-05_8255,2018-01-05,8255,朋程,tpex,113.50,113.50,112.50,113.50,136000,15380000,0.50,,74865000,104,
2018-01-05_8261,2018-01-05,8261,富鼎,twse,32.15,33.50,31.75,32.35,3047244,99635567,0.4,,,1861,
2018-01-05_8271,2018-01-05,8271,宇瞻,twse,39.25,39.25,38.85,38.90,374612,14586116,-0.15,,,242,
2018-01-05_8277,2018-01-05,8277,商丞,tpex,8.92,9.05,8.86,8.86,129000,1148540,-0.03,,91628833,68,
2018-01-05_8279,2018-01-05,8279,生展,tpex,157.00,158.50,156.00,157.50,154000,24244000,1.50,,21000774,140,
2018-01-05_8287,2018-01-05,8287,英格爾,tpex,8.60,9.00,8.51,9.00,9491000,84710400,0.81,,145621349,2448,
2018-01-05_8289,2018-01-05,8289,泰藝,tpex,11.90,11.90,11.45,11.55,287000,3323850,-0.25,,76946405,122,
2018-01-05_8291,2018-01-05,8291,尚茂,tpex,6.55,6.55,6.50,6.50,18000,117150,0.08,,76024000,8,
2018-01-05_8299,2018-01-05,8299,群聯,tpex,300.00,300.00,295.50,296.00,733000,218014000,-4.50,,197073993,641,
2018-01-05_8341,2018-01-05,8341,日友,twse,257.00,263.00,253.00,260.00,429566,111751160,4.0,,,422,
2018-01-05_8342,2018-01-05,8342,益張,tpex,42.00,42.00,40.60,41.30,53000,2171650,-0.70,,33042692,42,
2018-01-05_8349,2018-01-05,8349,恒耀,tpex,111.50,113.00,110.50,111.50,608000,68167500,-1.00,,109892769,377,
2018-01-05_8354,2018-01-05,8354,冠好,tpex,19.20,19.20,19.00,19.00,15000,285900,-0.20,,63743720,9,
2018-01-05_8358,2018-01-05,8358,金居,tpex,41.85,43.40,41.70,42.80,17235000,738040300,1.40,,252588000,8612,
2018-01-05_8374,2018-01-05,8374,羅昇,twse,29.70,32.35,29.65,32.35,7706863,244462911,2.9,,,3907,
2018-01-05_8383,2018-01-05,8383,千附,tpex,51.50,51.80,50.60,50.60,1069000,54571400,-0.40,,118192482,683,
2018-01-05_8390,2018-01-05,8390,金益鼎,tpex,20.05,20.80,20.00,20.05,1116000,22697100,0.05,,95965487,503,
2018-01-05_8401,2018-01-05,8401,白紗科,tpex,16.35,16.35,16.05,16.20,110000,1782750,-0.10,,61695180,53,
2018-01-05_8403,2018-01-05,8403,盛弘,tpex,37.15,37.25,36.95,36.95,326000,12067450,-0.15,,79288868,169,
2018-01-05_8404,2018-01-05,8404,百和興業-KY,twse,66.00,66.00,64.40,65.30,805476,52567940,0.3,,,501,
2018-01-05_8406,2018-01-05,8406,金可-KY,tpex,222.00,229.00,220.00,225.50,1937000,435695000,7.50,,92450472,1522,
2018-01-05_8409,2018-01-05,8409,商之器,tpex,14.80,15.00,14.80,15.00,13000,193500,0.20,,28000000,8,
2018-01-05_8410,2018-01-05,8410,森田,tpex,40.85,43.50,40.50,42.70,680000,28709500,2.70,,36589200,436,
2018-01-05_8411,2018-01-05,8411,福貞-KY,twse,25.60,25.70,25.55,25.70,51058,1307931,0.05,,,44,
2018-01-05_8415,2018-01-05,8415,大國鋼,tpex,23.75,24.35,23.70,23.95,2089000,50295200,0.55,,611500000,947,
2018-01-05_8416,2018-01-05,8416,實威,tpex,99.00,99.00,98.10,99.00,41000,4044000,1.10,,25646100,34,
2018-01-05_8418,2018-01-05,8418,捷必勝-KY,tpex,12.55,12.70,12.10,12.35,38000,468950,-0.20,,72995000,22,
2018-01-05_8420,2018-01-05,8420,明揚,tpex,18.40,18.65,18.40,18.60,29000,537800,0.20,,50990000,16,
2018-01-05_8421,2018-01-05,8421,旭源,tpex,16.75,16.80,16.70,16.70,47000,787350,0.00,,53480137,19,
2018-01-05_8422,2018-01-05,8422,可寧衛*,twse,177.00,177.00,175.50,176.00,117907,20749039,0.0,,,120,
2018-01-05_8424,2018-01-05,8424,惠普,tpex,46.35,46.35,46.35,46.35,5000,231750,0.00,down,36054368,5,
2018-01-05_8426,2018-01-05,8426,紅木-KY,tpex,41.10,41.30,41.10,41.30,17000,701100,0.20,,50692500,14,
2018-01-05_8427,2018-01-05,8427,基勝-KY,twse,44.30,44.30,43.60,43.60,16000,701050,-0.7,,,14,
2018-01-05_8429,2018-01-05,8429,金麗-KY,twse,26.80,26.90,26.00,26.15,1847408,48624032,-0.45,,,955,
2018-01-05_8431,2018-01-05,8431,匯鑽科,tpex,66.00,72.00,65.60,71.90,3049000,212139700,6.40,,44237597,1699,
2018-01-05_8432,2018-01-05,8432,東生華,tpex,56.40,57.20,56.00,56.70,97000,5483100,1.00,,38398140,89,
2018-01-05_8433,2018-01-05,8433,弘帆,tpex,77.40,77.40,76.30,76.70,87000,6694000,-0.70,,52577600,76,
2018-01-05_8435,2018-01-05,8435,鉅邁,tpex,50.30,50.90,50.10,50.90,56000,2816100,0.90,,31700450,20,
2018-01-05_8436,2018-01-05,8436,大江,tpex,284.00,287.50,282.00,283.50,359000,101834000,-0.50,,87011707,330,
2018-01-05_8437,2018-01-05,8437,大地-KY,tpex,249.00,251.50,244.50,245.00,216000,53218000,-2.50,,34402177,182,
2018-01-05_8442,2018-01-05,8442,威宏-KY,twse,68.00,68.60,68.00,68.60,7000,478100,0.0,,,7,
2018-01-05_8443,2018-01-05,8443,阿瘦,twse,14.45,14.45,14.20,14.20,18001,256864,0.1,,,14,
2018-01-05_8444,2018-01-05,8444,綠河-KY,tpex,154.50,158.00,154.50,154.50,34000,5292500,-1.50,,74770300,26,
2018-01-05_8446,2018-01-05,8446,華研,tpex,102.00,103.50,102.00,102.00,93000,9553000,-1.00,,47045700,72,
2018-01-05_8450,2018-01-05,8450,霹靂,tpex,61.00,61.60,60.50,61.50,40000,2442400,0.10,,47957406,33,
2018-01-05_8454,2018-01-05,8454,富邦媒,twse,223.50,223.50,220.00,223.00,131066,28985086,-0.5,,,88,
2018-01-05_8455,2018-01-05,8455,大拓-KY,tpex,23.00,23.20,22.85,22.90,22000,504750,-0.30,,25219056,15,
2018-01-05_8462,2018-01-05,8462,柏文,tpex,155.00,158.00,155.00,155.50,29000,4539500,-2.50,,47598999,28,
2018-01-05_8463,2018-01-05,8463,潤泰材,twse,17.85,17.90,17.80,17.80,42000,748750,0.0,,,18,
2018-01-05_8464,2018-01-05,8464,億豐,twse,320.00,321.00,306.50,307.50,945197,295198168,-10.5,,,825,
2018-01-05_8466,2018-01-05,8466,美吉吉-KY,twse,91.60,91.90,91.50,91.50,191000,17495500,-0.1,,,152,
2018-01-05_8467,2018-01-05,8467,波力-KY,twse,32.20,33.60,32.10,33.45,7000,228150,1.25,,,7,
2018-01-05_8472,2018-01-05,8472,夠麻吉,tpex,38.60,38.60,38.20,38.50,13000,498500,-0.10,,20311800,12,
2018-01-05_8473,2018-01-05,8473,山林水,twse,61.50,61.50,61.10,61.10,118846,7285312,-0.4,,,109,
2018-01-05_8476,2018-01-05,8476,台境,tpex,39.00,39.00,38.65,38.85,36000,1397100,-0.10,,33985240,28,
2018-01-05_8477,2018-01-05,8477,創業家,tpex,42.50,44.00,42.20,44.00,137000,5911400,2.00,,20602368,105,
2018-01-05_8478,2018-01-05,8478,東哥遊艇,twse,76.10,76.10,73.70,74.00,568100,42378200,-2.0,,,479,
2018-01-05_8480,2018-01-05,8480,泰昇-KY,twse,130.00,130.50,129.50,130.00,42000,5467500,0.5,,,30,
2018-01-05_8481,2018-01-05,8481,政伸,twse,44.90,44.90,43.80,44.00,34000,1498700,0.15,,,18,
2018-01-05_8488,2018-01-05,8488,吉源-KY,twse,31.20,31.30,31.15,31.30,3000,93650,-0.35,,,3,
2018-01-05_8489,2018-01-05,8489,三貝德,tpex,315.50,320.00,310.00,310.00,512000,160971500,-3.00,,30017431,458,
2018-01-05_8499,2018-01-05,8499,鼎炫-KY,twse,103.50,103.50,102.00,102.00,97106,9955918,-1.5,,,84,
2018-01-05_8905,2018-01-05,8905,裕國,tpex,16.95,17.00,16.85,17.00,162000,2744400,0.05,,119440000,54,
2018-01-05_8906,2018-01-05,8906,花王,tpex,7.49,7.91,7.39,7.58,155000,1181490,-0.03,,51321600,84,
2018-01-05_8908,2018-01-05,8908,欣雄,tpex,30.85,30.85,30.85,30.85,2000,61700,0.00,down,153402098,2,
2018-01-05_8913,2018-01-05,8913,全銓,tpex,140.00,141.00,139.00,141.00,39000,5467500,0.00,,7870873,36,
2018-01-05_8916,2018-01-05,8916,光隆,tpex,45.05,46.30,45.05,46.00,739000,33940550,1.10,,108939750,442,
2018-01-05_8917,2018-01-05,8917,欣泰,tpex,47.45,47.85,47.25,47.65,4000,190200,-0.35,,122203200,4,
2018-01-05_8923,2018-01-05,8923,時報,tpex,14.55,14.65,14.45,14.65,6000,87000,0.10,,30375800,5,
2018-01-05_8924,2018-01-05,8924,大田,tpex,34.65,34.90,34.05,34.10,1076000,36901100,-0.50,,121263282,606,
2018-01-05_8926,2018-01-05,8926,台汽電,twse,26.50,27.00,26.50,26.90,969562,25987302,0.4,,,530,
2018-01-05_8927,2018-01-05,8927,北基,tpex,11.45,11.60,11.45,11.50,102000,1173950,0.05,,191833166,28,
2018-01-05_8928,2018-01-05,8928,鉅明,tpex,24.10,24.20,23.90,24.20,71000,1705850,0.50,,50854015,34,
2018-01-05_8929,2018-01-05,8929,富堡,tpex,43.75,43.80,43.10,43.10,20000,871400,0.05,,42702289,20,
2018-01-05_8930,2018-01-05,8930,青鋼,tpex,14.45,14.50,14.45,14.50,35000,506850,0.00,,67423226,25,
2018-01-05_8931,2018-01-05,8931,大汽電,tpex,20.75,20.75,20.65,20.70,18000,372900,-0.05,,116433202,14,
2018-01-05_8932,2018-01-05,8932,宏大,tpex,8.27,8.27,8.27,8.27,1000,8270,-0.23,down,48800000,1,
2018-01-05_8933,2018-01-05,8933,愛地雅,tpex,14.80,15.00,14.65,14.65,3667000,54370050,-0.05,,178376732,1157,
2018-01-05_8934,2018-01-05,8934,衡平,tpex,33.00,33.00,33.00,33.00,1000,33000,1.45,up,8510511,1,
2018-01-05_8935,2018-01-05,8935,邦泰,tpex,8.19,8.23,8.10,8.11,158000,1283740,-0.05,,84300000,39,
2018-01-05_8936,2018-01-05,8936,國統,tpex,18.35,18.55,18.15,18.30,1280000,23510050,-0.10,,225836608,584,
2018-01-05_8937,2018-01-05,8937,合騏,tpex,14.95,15.15,14.90,14.90,131000,1962400,-0.05,,72478800,70,
2018-01-05_8938,2018-01-05,8938,明安,tpex,36.20,36.35,36.15,36.20,64000,2315800,0.05,,135312722,36,
2018-01-05_8940,2018-01-05,8940,新天地,twse,13.75,13.75,13.60,13.60,19096,260805,-0.15,,,16,
2018-01-05_8941,2018-01-05,8941,關中,tpex,68.00,68.40,68.00,68.40,5000,341300,0.30,,23632403,4,
2018-01-05_8942,2018-01-05,8942,森鉅,tpex,64.40,65.00,64.10,64.10,203000,13137900,-0.30,,165840080,138,
2018-01-05_8996,2018-01-05,8996,高力,twse,39.10,39.10,38.90,39.05,62059,2423603,-0.05,,,46,
2018-01-05_9103,2018-01-05,9103,美德醫療-DR,twse,1.48,1.51,1.47,1.50,443000,658920,0.03,,,80,
2018-01-05_910322,2018-01-05,910322,康師傅-DR,twse,28.35,28.75,28.10,28.10,39000,1111050,-0.25,,,15,
2018-01-05_910482,2018-01-05,910482,聖馬丁-DR,twse,0.52,0.52,0.52,0.52,29694,15427,-0.01,down,,8,
2018-01-05_9105,2018-01-05,9105,泰金寶-DR,twse,2.94,2.95,2.93,2.95,666844,1959076,0.01,,,130,
2018-01-05_910861,2018-01-05,910861,神州-DR,twse,9.60,9.65,9.60,9.65,30000,289300,0.05,,,10,
2018-01-05_9110,2018-01-05,9110,越南控-DR,twse,3.64,3.64,3.45,3.53,20000,69850,0.0,,,12,
2018-01-05_911608,2018-01-05,911608,明輝-DR,twse,2.17,2.17,2.17,2.17,2000,4340,-0.01,down,,1,
2018-01-05_911616,2018-01-05,911616,杜康-DR,twse,1.02,1.05,1.02,1.03,21000,21870,-0.02,,,11,
2018-01-05_911868,2018-01-05,911868,同方友友-DR,twse,1.45,1.48,1.45,1.48,6000,8730,-0.03,,,2,
2018-01-05_912000,2018-01-05,912000,晨訊科-DR,twse,2.90,3.02,2.90,2.90,20000,58290,-0.09,,,7,
2018-01-05_912398,2018-01-05,912398,友佳-DR,twse,8.30,8.35,8.24,8.35,34000,281820,-0.02,,,15,
2018-01-05_9136,2018-01-05,9136,巨騰-DR,twse,10.15,10.20,10.05,10.15,499000,5053500,0.05,,,171,
2018-01-05_9157,2018-01-05,9157,陽光能源-DR,twse,1.40,1.45,1.40,1.45,24998,35227,0.0,,,10,
2018-01-05_9188,2018-01-05,9188,精熙-DR,twse,5.16,5.21,5.15,5.20,94000,487990,0.04,,,22,
2018-01-05_9802,2018-01-05,9802,鈺齊-KY,twse,73.00,73.50,72.70,72.90,278089,20310314,-0.1,,,207,
2018-01-05_9902,2018-01-05,9902,台火,twse,10.60,10.65,10.50,10.60,607222,6431428,0.25,,,231,
2018-01-05_9904,2018-01-05,9904,寶成,twse,37.95,38.30,37.85,38.10,3668020,139396560,0.15,,,2196,
2018-01-05_9905,2018-01-05,9905,大華,twse,25.15,25.25,25.05,25.25,158264,3982632,0.15,,,65,
2018-01-05_9906,2018-01-05,9906,欣巴巴,twse,15.95,16.00,15.80,15.80,124797,1976621,-0.05,,,57,
2018-01-05_9907,2018-01-05,9907,統一實,twse,14.10,14.15,13.90,14.05,996291,13957583,-0.05,,,321,
2018-01-05_9908,2018-01-05,9908,大台北,twse,26.80,26.85,26.50,26.85,406193,10859831,0.05,,,110,
2018-01-05_9910,2018-01-05,9910,豐泰,twse,137.00,137.00,136.00,137.00,234111,32000596,0.0,,,170,
2018-01-05_9911,2018-01-05,9911,櫻花,twse,37.45,37.50,37.25,37.35,175567,6552194,0.05,,,135,
2018-01-05_9912,2018-01-05,9912,偉聯,twse,8.10,8.14,8.10,8.11,80361,652881,0.01,,,36,
2018-01-05_9914,2018-01-05,9914,美利達,twse,131.50,132.00,130.50,130.50,327993,42913584,-0.5,,,290,
2018-01-05_9917,2018-01-05,9917,中保科,twse,92.60,92.60,92.10,92.60,67770,6261692,0.0,,,74,
2018-01-05_9918,2018-01-05,9918,欣天然,twse,32.40,32.45,32.40,32.45,5339,172997,0.0,,,6,
2018-01-05_9919,2018-01-05,9919,康那香,twse,12.65,12.95,12.60,12.95,1114773,14252530,0.35,,,349,
2018-01-05_9921,2018-01-05,9921,巨大,twse,168.50,170.00,168.00,170.00,693759,117517788,1.5,,,472,
2018-01-05_9924,2018-01-05,9924,福興,twse,37.60,37.75,37.60,37.70,87092,3280790,0.1,,,57,
2018-01-05_9925,2018-01-05,9925,新保,twse,38.75,39.00,38.70,39.00,162724,6328686,0.25,,,157,
2018-01-05_9926,2018-01-05,9926,新海,twse,40.80,40.80,40.80,40.80,1150,46919,0.0,down,,3,
2018-01-05_9927,2018-01-05,9927,泰銘,twse,40.20,40.30,40.05,40.05,613800,24659650,-0.05,,,310,
2018-01-05_9928,2018-01-05,9928,中視,twse,5.25,5.25,4.96,5.25,32165,168393,-0.07,,,13,
2018-01-05_9929,2018-01-05,9929,秋雨,twse,11.65,11.65,11.50,11.65,38449,443268,0.15,,,10,
2018-01-05_9930,2018-01-05,9930,中聯資源,twse,59.70,60.00,59.50,59.70,57057,3411201,0.2,,,58,
2018-01-05_9931,2018-01-05,9931,欣高,twse,30.80,30.80,30.80,30.80,2038,62781,0.0,down,,4,
2018-01-05_9933,2018-01-05,9933,中鼎,twse,45.50,46.45,45.35,46.45,2350031,108217635,1.05,,,1480,
2018-01-05_9934,2018-01-05,9934,成霖,twse,21.45,21.45,21.25,21.40,1607079,34273537,0.0,,,795,
2018-01-05_9935,2018-01-05,9935,慶豐富,twse,25.35,27.70,25.35,27.70,919787,25226197,2.5,,,393,
2018-01-05_9937,2018-01-05,9937,全國,twse,39.50,39.80,39.40,39.75,45000,1782100,0.25,,,40,
2018-01-05_9938,2018-01-05,9938,百和,twse,126.00,126.00,123.00,125.00,802892,99990554,-1.0,,,611,
2018-01-05_9939,2018-01-05,9939,宏全,twse,56.60,57.00,56.50,56.90,683896,38757672,0.4,,,540,
2018-01-05_9940,2018-01-05,9940,信義,twse,38.90,38.95,38.70,38.70,198775,7707679,-0.1,,,126,
2018-01-05_9941,2018-01-05,9941,裕融,twse,112.00,113.00,110.50,112.50,564444,63005447,1.5,,,343,
2018-01-05_9942,2018-01-05,9942,茂順,twse,90.60,91.00,90.50,90.80,61010,5534420,0.2,,,41,
2018-01-05_9943,2018-01-05,9943,好樂迪,twse,52.60,53.00,52.60,52.90,116797,6174941,0.3,,,101,
2018-01-05_9944,2018-01-05,9944,新麗,twse,19.50,19.70,19.50,19.50,167000,3277450,-0.1,,,38,
2018-01-05_9945,2018-01-05,9945,潤泰新,twse,32.65,33.15,32.55,33.10,7972531,262231128,0.55,,,3525,
2018-01-05_9946,2018-01-05,9946,三發地產,twse,13.70,13.95,13.65,13.70,666400,9180490,0.0,,,190,
2018-01-05_9949,2018-01-05,9949,琉園,tpex,11.20,11.20,11.10,11.20,61000,678100,-0.05,,47033360,28,
2018-01-05_9950,2018-01-05,9950,萬國通,tpex,13.70,13.75,13.70,13.75,37000,508150,0.00,,99716309,13,
2018-01-05_9951,2018-01-05,9951,皇田,tpex,169.50,169.50,167.50,168.50,110000,18547000,-1.50,,74900000,100,
2018-01-05_9955,2018-01-05,9955,佳龍,twse,15.80,15.80,15.60,15.80,271188,4258567,0.3,,,144,
2018-01-05_9958,2018-01-05,9958,世紀鋼,twse,28.20,30.95,27.10,30.95,31072994,915071720,2.8,,,12722,
2018-01-05_9960,2018-01-05,9960,邁達康,tpex,36.25,37.60,36.25,37.30,85000,3143100,1.05,,33592500,51,
2018-01-05_9962,2018-01-05,9962,有益,tpex,10.40,10.40,10.40,10.40,1000,10400,0.00,down,90220260,1,
