key,date,stock_id,name,market,open,high,low,close,volume,amount,change,limit,shares,transactions,price_basis
2021-07-01_0050,2021-07-01,0050,元大台灣50,twse,139.00,139.20,138.05,138.30,4680733,649025587,-0.65,,,5327,
2021-07-01_0051,2021-07-01,0051,元大中型100,twse,58.20,59.10,57.40,57.90,175374,10152802,-0.3,,,120,
2021-07-01_0052,2021-07-01,0052,富邦科技,twse,125.00,125.20,124.35,124.35,514042,64127738,-0.65,,,270,
2021-07-01_0053,2021-07-01,0053,元大電子,twse,66.70,66.70,66.20,66.20,12108,803303,-0.6,,,14,
2021-07-01_0054,2021-07-01,0054,元大台商50,twse,31.90,31.90,31.56,31.56,4481,141086,-0.34,,,3,
2021-07-01_0055,2021-07-01,0055,元大MSCI金融,twse,21.26,21.26,21.17,21.24,70546,1495826,-0.02,,,57,
2021-07-01_0056,2021-07-01,0056,元大高股息,twse,35.16,35.35,34.84,35.00,38129526,1334748211,0.0,,,30943,
2021-07-01_0057,2021-07-01,0057,富邦摩台,twse,95.15,95.15,94.75,94.95,31304,2970472,-0.5,,,13,
2021-07-01_0061,2021-07-01,0061,元大寶滬深,twse,23.80,23.83,23.62,23.80,186206,4416818,-0.06,,,102,
2021-07-01_006201,2021-07-01,006201,元大富櫃50,tpex,20.85,20.85,20.65,20.65,62000,1288710,-0.33,,15446000,22,
2021-07-01_006204,2021-07-01,006204,永豐臺灣加權,twse,92.65,92.65,91.75,92.30,24230,2236583,-0.3,,,14,
2021-07-01_006205,2021-07-01,006205,富邦上証,twse,38.55,38.55,38.07,38.50,2326752,88957274,0.1,,,250,
2021-07-01_006206,2021-07-01,006206,元大上證50,twse,38.32,38.35,37.98,38.35,264884,10102590,0.05,,,92,
2021-07-01_006207,2021-07-01,006207,復華滬深,twse,31.36,31.41,31.18,31.41,114131,3573214,-0.04,,,25,
2021-07-01_006208,2021-07-01,006208,富邦台50,twse,79.80,80.05,79.45,79.60,1434423,114409162,-0.3,,,1438,
2021-07-01_00631L,2021-07-01,00631L,元大台灣50正2,twse,132.50,133.70,130.75,131.65,2080596,275421403,-1.4,,,893,
2021-07-01_00632R,2021-07-01,00632R,元大台灣50反1,twse,5.51,5.56,5.49,5.53,106329842,587506812,0.03,,,5730,
2021-07-01_00633L,2021-07-01,00633L,富邦上証正2,twse,68.65,68.90,66.60,67.80,5903126,398592148,-0.4,,,1635,
2021-07-01_00634R,2021-07-01,00634R,富邦上証反1,twse,3.80,3.85,3.80,3.83,614000,2358030,0.02,,,36,
2021-07-01_00635U,2021-07-01,00635U,期元大S&P黃金,twse,23.67,23.82,23.67,23.78,487764,11589154,0.18,,,253,
2021-07-01_00636,2021-07-01,00636,國泰中國A50,twse,27.59,27.59,27.11,27.41,2481494,67647454,-0.04,,,449,
2021-07-01_00636K,2021-07-01,00636K,國泰中國A50+U,twse,9.77,9.77,9.77,9.77,200,1954,-0.06,down,,2,
2021-07-01_00637L,2021-07-01,00637L,元大滬深300正2,twse,27.08,27.23,26.34,26.80,50101642,1336683693,-0.16,,,7820,
2021-07-01_00638R,2021-07-01,00638R,元大滬深300反1,twse,7.64,7.75,7.64,7.67,2240000,17295870,0.02,,,63,
2021-07-01_00639,2021-07-01,00639,富邦深100,twse,17.62,17.62,17.36,17.50,1543416,26940118,-0.05,,,204,
2021-07-01_00640L,2021-07-01,00640L,富邦日本正2,twse,28.46,28.47,28.15,28.35,356099,10075616,-0.27,,,93,
2021-07-01_00641R,2021-07-01,00641R,富邦日本反1,twse,10.63,10.67,10.62,10.65,145000,1543300,0.07,,,52,
2021-07-01_00642U,2021-07-01,00642U,期元大S&P石油,twse,12.54,12.62,12.53,12.55,10327159,129781724,0.01,,,1246,
2021-07-01_00643,2021-07-01,00643,群益深証中小,twse,18.95,19.05,18.72,18.80,729578,13726810,-0.12,,,219,
2021-07-01_00645,2021-07-01,00645,富邦日本,twse,25.38,25.38,25.27,25.34,162304,4112084,-0.17,,,48,
2021-07-01_00646,2021-07-01,00646,元大S&P500,twse,36.80,36.82,36.76,36.77,162479,5976922,0.05,,,189,
2021-07-01_00647L,2021-07-01,00647L,元大S&P500正2,twse,65.30,65.35,65.25,65.30,44000,2873150,0.3,,,9,
2021-07-01_00648R,2021-07-01,00648R,元大S&P500反1,twse,7.16,7.16,7.15,7.16,305000,2181420,0.0,,,40,
2021-07-01_00650L,2021-07-01,00650L,復華香港正2,twse,30.75,30.75,30.50,30.54,935000,28556990,-0.36,,,40,
2021-07-01_00651R,2021-07-01,00651R,復華香港反1,twse,6.65,6.77,6.65,6.77,118017,793834,0.04,,,9,
2021-07-01_00652,2021-07-01,00652,富邦印度,twse,26.28,26.28,26.06,26.06,108280,2824765,-0.22,,,61,
2021-07-01_00653L,2021-07-01,00653L,富邦印度正2,twse,38.30,38.30,37.90,37.92,511025,19454010,-0.89,,,186,
2021-07-01_00654R,2021-07-01,00654R,富邦印度反1,twse,9.10,9.20,9.10,9.19,218000,1993390,0.1,,,39,
2021-07-01_00655L,2021-07-01,00655L,國泰中國A50正2,twse,51.50,51.85,50.10,51.05,2438099,124149409,-0.3,,,734,
2021-07-01_00656R,2021-07-01,00656R,國泰中國A50反1,twse,6.99,7.10,6.99,7.05,89000,629410,0.03,,,13,
2021-07-01_00657,2021-07-01,00657,國泰日經225,twse,34.92,34.92,34.76,34.86,105020,3660721,-0.2,,,8,
2021-07-01_00657K,2021-07-01,00657K,國泰日經225+U,twse,12.51,12.51,12.51,12.51,200,2502,-0.06,down,,2,
2021-07-01_00660,2021-07-01,00660,元大歐洲50,twse,29.27,29.27,29.24,29.24,3764,110630,-0.23,,,7,
2021-07-01_00661,2021-07-01,00661,元大日經225,twse,35.62,35.62,35.62,35.62,2096,74681,0.0,down,,2,
2021-07-01_00662,2021-07-01,00662,富邦NASDAQ,twse,52.15,52.25,52.05,52.05,170913,8911710,-0.25,,,72,
2021-07-01_00663L,2021-07-01,00663L,國泰臺灣加權正2,twse,119.80,120.75,118.50,119.05,14000,1673550,-1.6,,,11,
2021-07-01_00664R,2021-07-01,00664R,國泰臺灣加權反1,twse,6.25,6.29,6.22,6.27,6105975,38216936,0.03,,,393,
2021-07-01_00665L,2021-07-01,00665L,富邦恒生國企正2,twse,24.39,24.42,24.06,24.42,50000,1209920,-0.02,,,20,
2021-07-01_00666R,2021-07-01,00666R,富邦恒生國企反1,twse,11.00,11.00,11.00,11.00,70000,770000,0.09,up,,2,
2021-07-01_00668,2021-07-01,00668,國泰美國道瓊,twse,34.82,34.86,34.80,34.86,66124,2302335,0.23,,,23,
2021-07-01_00668K,2021-07-01,00668K,國泰美國道瓊+U,twse,12.50,12.50,12.50,12.50,200,2500,0.08,up,,2,
2021-07-01_00669R,2021-07-01,00669R,國泰美國道瓊反1,twse,8.03,8.03,8.02,8.03,1597000,12814920,-0.05,,,294,
2021-07-01_00670L,2021-07-01,00670L,富邦NASDAQ正2,twse,102.25,102.25,101.90,101.95,227645,23257905,-0.4,,,73,
2021-07-01_00671R,2021-07-01,00671R,富邦NASDAQ反1,twse,5.55,5.57,5.55,5.56,3787700,21043079,0.01,,,132,
2021-07-01_00673R,2021-07-01,00673R,期元大S&P原油反1,twse,15.24,15.24,15.15,15.23,559000,8486100,-0.01,,,130,
2021-07-01_00674R,2021-07-01,00674R,期元大S&P黃金反1,twse,13.47,13.47,13.39,13.41,139053,1864220,-0.12,,,43,
2021-07-01_00675L,2021-07-01,00675L,富邦臺灣加權正2,twse,51.50,51.95,50.80,51.10,226289,11611409,-0.6,,,168,
2021-07-01_00676R,2021-07-01,00676R,富邦臺灣加權反1,twse,3.40,3.43,3.39,3.41,7343000,25049530,0.01,,,351,
2021-07-01_00678,2021-07-01,00678,群益那斯達克生技,twse,29.26,29.36,29.26,29.35,382734,11228669,0.11,,,49,
2021-07-01_00679B,2021-07-01,00679B,元大美債20年,tpex,40.89,40.89,40.68,40.71,283000,11529390,0.04,,448692000,114,
2021-07-01_00680L,2021-07-01,00680L,元大美債20正2,twse,24.15,24.15,23.95,23.97,40000,961640,-0.03,,,18,
2021-07-01_00681R,2021-07-01,00681R,元大美債20反1,twse,13.68,13.71,13.67,13.71,27000,369210,0.01,,,5,
2021-07-01_00682U,2021-07-01,00682U,期元大美元指數,twse,18.29,18.33,18.29,18.31,90100,1650180,0.07,,,55,
2021-07-01_00683L,2021-07-01,00683L,期元大美元指正2,twse,17.21,17.28,17.18,17.26,1683150,28981348,0.16,,,377,
2021-07-01_00685L,2021-07-01,00685L,群益臺灣加權正2,twse,45.27,45.52,44.85,44.85,9000,405950,-0.57,,,7,
2021-07-01_00686R,2021-07-01,00686R,群益臺灣加權反1,twse,3.72,3.75,3.70,3.73,133000,495580,0.02,,,28,
2021-07-01_00687B,2021-07-01,00687B,國泰20年美債,tpex,42.72,42.72,42.52,42.52,72000,3064730,-0.05,,182287000,18,
2021-07-01_00688L,2021-07-01,00688L,國泰20年美債正2,twse,24.05,24.07,23.94,23.96,122000,2925440,0.02,,,11,
2021-07-01_00689R,2021-07-01,00689R,國泰20年美債反1,twse,14.37,14.41,14.37,14.41,8000,115040,0.01,,,6,
2021-07-01_00690,2021-07-01,00690,兆豐藍籌30,twse,32.86,32.87,32.78,32.78,102092,3346743,-0.09,,,7,
2021-07-01_00692,2021-07-01,00692,富邦公司治理,twse,35.86,35.89,35.61,35.67,2044517,73082218,-0.13,,,942,
2021-07-01_00693U,2021-07-01,00693U,期街口S&P黃豆,twse,22.48,22.55,22.30,22.51,1740400,39065127,1.14,,,613,
2021-07-01_00694B,2021-07-01,00694B,富邦美債1-3,tpex,37.28,37.30,37.25,37.25,103000,3839850,-0.02,,165076000,5,
2021-07-01_00695B,2021-07-01,00695B,富邦美債7-10,tpex,37.10,37.10,37.04,37.04,237000,8779930,0.02,,12186000,11,
2021-07-01_00696B,2021-07-01,00696B,富邦美債20年,tpex,42.48,42.55,42.45,42.50,140000,5949880,0.02,,521681000,20,
2021-07-01_00697B,2021-07-01,00697B,元大美債7-10,tpex,39.27,39.29,39.21,39.29,237000,9305640,0.02,,7212000,11,
2021-07-01_00700,2021-07-01,00700,富邦恒生國企,twse,18.95,18.95,18.80,18.80,101571,1924428,-0.31,,,7,
2021-07-01_00701,2021-07-01,00701,國泰股利精選30,twse,24.19,24.20,24.11,24.13,501110,12095975,-0.06,,,316,
2021-07-01_00702,2021-07-01,00702,國泰標普低波高息,twse,20.26,20.32,20.26,20.32,106160,2156949,0.09,,,17,
2021-07-01_00703,2021-07-01,00703,台新MSCI中國,twse,25.27,25.27,25.00,25.00,8506,212959,-0.13,,,6,
2021-07-01_00706L,2021-07-01,00706L,期元大S&P日圓正2,twse,15.63,15.64,15.62,15.63,50075,782733,-0.17,,,28,
2021-07-01_00707R,2021-07-01,00707R,期元大S&P日圓反1,twse,19.94,19.94,19.94,19.94,1000,19940,0.0,down,,1,
2021-07-01_00708L,2021-07-01,00708L,期元大S&P黃金正2,twse,25.50,25.79,25.50,25.72,2489024,63935448,0.39,,,540,
2021-07-01_00709,2021-07-01,00709,富邦歐洲,twse,23.68,23.72,23.67,23.70,114135,2704115,-0.2,,,21,
2021-07-01_00710B,2021-07-01,00710B,復華彭博非投等債,twse,18.32,18.33,18.30,18.33,680024,12451363,0.01,,,119,
2021-07-01_00711B,2021-07-01,00711B,復華彭博新興債,twse,20.38,20.38,20.30,20.30,212070,4309551,0.0,,,13,
2021-07-01_00712,2021-07-01,00712,復華富時不動產,twse,14.51,14.51,14.45,14.49,3203614,46368392,-0.03,,,2205,
2021-07-01_00713,2021-07-01,00713,元大台灣高息低波,twse,42.75,42.78,42.55,42.55,53730,2291510,-0.23,,,69,
2021-07-01_00714,2021-07-01,00714,群益道瓊美國地產,twse,21.86,21.86,21.81,21.86,418063,9138639,-0.11,,,17,
2021-07-01_00715L,2021-07-01,00715L,期街口布蘭特正2,twse,8.99,9.10,8.98,9.01,17014403,153690257,0.01,,,1855,
2021-07-01_00717,2021-07-01,00717,富邦美國特別股,twse,17.08,17.09,17.06,17.06,756937,12921110,0.01,,,240,
2021-07-01_00718B,2021-07-01,00718B,富邦中國政策債,tpex,19.67,19.71,19.66,19.66,241000,4742320,-0.07,,1159001000,20,
2021-07-01_00719B,2021-07-01,00719B,元大美債1-3,tpex,30.04,30.04,30.00,30.00,101000,3034000,-0.06,,642514000,3,
2021-07-01_00720B,2021-07-01,00720B,元大投資級公司債,tpex,44.09,44.12,44.08,44.10,146000,6438770,0.06,,751609000,33,
2021-07-01_00721B,2021-07-01,00721B,元大中國債3-5,tpex,44.91,44.91,44.90,44.90,181000,8127910,-0.10,,405622000,6,
2021-07-01_00722B,2021-07-01,00722B,群益15年IG電信債,tpex,47.35,47.35,47.32,47.32,112000,5300080,-0.06,,850239000,6,
2021-07-01_00723B,2021-07-01,00723B,群益15年IG科技債,tpex,42.88,42.88,42.69,42.69,102000,4361570,-0.10,,816583000,6,
2021-07-01_00724B,2021-07-01,00724B,群益10年IG金融債,tpex,42.27,42.27,42.25,42.26,125000,5283390,0.00,,1465275000,21,
2021-07-01_00725B,2021-07-01,00725B,國泰投資級公司債,tpex,44.45,44.45,44.31,44.31,115000,5104680,-0.21,,970706000,8,
2021-07-01_00726B,2021-07-01,00726B,國泰5Y+新興債,tpex,42.23,42.23,42.23,42.23,100000,4223000,-0.16,down,1125989000,2,
2021-07-01_00727B,2021-07-01,00727B,國泰1-5Y高收債,tpex,38.60,38.61,38.56,38.56,238000,9183480,-0.03,,120189000,26,
2021-07-01_00728,2021-07-01,00728,第一金工業30,twse,28.70,28.70,28.45,28.47,169687,4843797,-0.23,,,164,
2021-07-01_00730,2021-07-01,00730,富邦臺灣優質高息,twse,21.53,21.53,21.39,21.39,639662,13714340,-0.16,,,253,
2021-07-01_00731,2021-07-01,00731,復華富時高息低波,twse,57.50,57.60,57.40,57.50,262070,15081525,-0.2,,,13,
2021-07-01_00732,2021-07-01,00732,國泰RMB短期報酬,twse,39.56,39.56,39.56,39.56,100000,3956000,0.0,down,,2,
2021-07-01_00733,2021-07-01,00733,富邦臺灣中小,twse,48.00,48.89,47.30,47.78,1024929,49381466,0.2,,,750,
2021-07-01_00734B,2021-07-01,00734B,台新JPM新興債,tpex,19.63,19.64,19.60,19.61,1011000,19845060,-0.02,,15479000,12,
2021-07-01_00735,2021-07-01,00735,國泰臺韓科技,twse,34.16,34.16,33.98,34.14,99206,3380442,-0.25,,,10,
2021-07-01_00736,2021-07-01,00736,國泰新興市場,twse,23.94,23.94,23.85,23.89,103467,2467952,-0.07,,,8,
2021-07-01_00737,2021-07-01,00737,國泰AI機器人,twse,33.32,33.32,33.19,33.19,93031,3090749,-0.39,,,64,
2021-07-01_00738U,2021-07-01,00738U,期元大道瓊白銀,twse,26.93,27.13,26.93,27.06,833100,22540210,0.38,,,296,
2021-07-01_00739,2021-07-01,00739,元大MSCI A股,twse,29.27,29.27,28.76,28.98,199492,5753830,-0.11,,,65,
2021-07-01_00740B,2021-07-01,00740B,富邦全球投等債,tpex,47.73,47.73,47.70,47.72,52000,2481430,-0.07,,685971000,4,
2021-07-01_00741B,2021-07-01,00741B,富邦全球高收債,tpex,37.55,37.57,37.55,37.57,53000,1991150,-0.01,,8128000,5,
2021-07-01_00742,2021-07-01,00742,新光內需收益,twse,22.77,22.77,22.69,22.73,114011,2591439,-0.22,,,14,
2021-07-01_00743,2021-07-01,00743,國泰中國A150,twse,30.66,30.82,30.53,30.71,112388,3437222,0.05,,,15,
2021-07-01_00744B,2021-07-01,00744B,國泰中國政金債5+,tpex,41.56,41.61,41.56,41.58,146000,6069790,-0.12,,754228000,7,
2021-07-01_00745B,2021-07-01,00745B,富邦中政債0-1,tpex,40.47,40.47,40.47,40.47,50000,2023500,-0.10,down,4016000,2,
2021-07-01_00746B,2021-07-01,00746B,富邦A級公司債,tpex,44.19,44.29,44.19,44.29,52000,2302890,-0.06,,862464000,4,
2021-07-01_00747B,2021-07-01,00747B,FH中國政策債,tpex,50.75,50.75,50.50,50.50,102000,5156250,-0.10,,686000000,4,
2021-07-01_00748B,2021-07-01,00748B,凱基中國債3-10,tpex,41.58,41.58,41.58,41.58,100000,4158000,0.00,down,621500000,2,
2021-07-01_00749B,2021-07-01,00749B,凱基新興債10+,tpex,42.80,42.80,42.80,42.80,100000,4280000,-0.13,down,1011500000,2,
2021-07-01_00750B,2021-07-01,00750B,凱基科技債10+,tpex,43.77,43.77,43.75,43.75,101000,4420750,-0.10,,54500000,5,
2021-07-01_00751B,2021-07-01,00751B,元大AAA至A公司債,tpex,44.50,44.53,44.50,44.53,56000,2493370,0.03,,1262603000,25,
2021-07-01_00752,2021-07-01,00752,中信中國50,twse,29.57,29.57,29.35,29.36,593213,17436475,-0.21,,,350,
2021-07-01_00753L,2021-07-01,00753L,中信中國50正2,twse,38.22,38.26,37.73,37.85,204000,7724740,-0.29,,,68,
2021-07-01_00754B,2021-07-01,00754B,群益AAA-AA公司債,tpex,46.09,46.09,46.05,46.05,104000,4789310,-0.16,,166400000,7,
2021-07-01_00755B,2021-07-01,00755B,群益15年IG公用債,tpex,43.89,44.00,43.84,43.85,107000,4691210,-0.06,,100730000,11,
2021-07-01_00756B,2021-07-01,00756B,群益15年EM主權債,tpex,44.42,44.42,44.41,44.41,101000,4486410,0.00,,1153300000,5,
2021-07-01_00757,2021-07-01,00757,統一FANG+,twse,50.80,50.80,50.15,50.20,1185747,59743633,-0.7,,,955,
2021-07-01_00758B,2021-07-01,00758B,FH能源債,tpex,62.45,62.45,62.45,62.45,100000,6245000,-0.05,down,5525000,2,
2021-07-01_00759B,2021-07-01,00759B,FH製藥債,tpex,70.10,70.10,70.10,70.10,100000,7010000,-0.05,down,49025000,2,
2021-07-01_00760B,2021-07-01,00760B,FH新興企業債,tpex,64.80,64.80,64.70,64.70,101000,6544700,0.00,,318520000,3,
2021-07-01_00761B,2021-07-01,00761B,國泰A級公司債,tpex,45.96,45.96,45.92,45.94,108000,4961510,-0.03,,1163589000,9,
2021-07-01_00762,2021-07-01,00762,元大全球AI,twse,41.45,41.45,41.32,41.40,59641,2468619,-0.08,,,65,
2021-07-01_00763U,2021-07-01,00763U,期街口道瓊銅,twse,27.90,27.95,27.75,27.75,138400,3857552,-0.05,,,93,
2021-07-01_00764B,2021-07-01,00764B,群益25年美債,tpex,42.61,42.61,42.56,42.56,101000,4298610,0.02,,454500000,3,
2021-07-01_00765B,2021-07-01,00765B,群益中國政金債,tpex,39.72,39.72,39.72,39.72,100000,3972000,0.05,up,3000000,2,
2021-07-01_00768B,2021-07-01,00768B,FH20年美債,tpex,67.85,67.90,67.80,67.80,108000,7323050,-0.15,,243100000,6,
2021-07-01_00770,2021-07-01,00770,國泰北美科技,twse,36.95,36.96,36.94,36.94,132490,4896354,-0.18,,,15,
2021-07-01_00771,2021-07-01,00771,元大US高息特別股,twse,19.29,19.32,19.26,19.32,66493,1281650,0.08,,,33,
2021-07-01_00772B,2021-07-01,00772B,中信高評級公司債,tpex,44.26,44.26,44.19,44.22,651000,28782030,0.03,,1281290000,38,
2021-07-01_00773B,2021-07-01,00773B,中信優先金融債,tpex,45.14,45.14,45.00,45.03,218000,9822520,0.04,,912790000,11,
2021-07-01_00774B,2021-07-01,00774B,新光中國政金綠債,twse,39.15,39.15,39.15,39.15,2000,78300,0.01,up,,2,
2021-07-01_00775B,2021-07-01,00775B,台新投等債15+,twse,42.23,42.23,42.23,42.23,2000,84460,-0.02,down,,2,
2021-07-01_00777B,2021-07-01,00777B,凱基AAA至A公司債,tpex,43.45,43.45,43.45,43.45,100000,4345000,-0.03,down,668150000,4,
2021-07-01_00778B,2021-07-01,00778B,凱基金融債20+,tpex,45.10,45.10,45.10,45.10,100000,4510000,-0.04,down,663150000,4,
2021-07-01_00779B,2021-07-01,00779B,凱基美債25+,tpex,42.53,42.53,42.51,42.51,101000,4295510,-0.15,,387650000,3,
2021-07-01_00780B,2021-07-01,00780B,國泰A級金融債,tpex,40.91,40.91,40.91,40.91,100000,4091000,0.00,down,254602000,2,
2021-07-01_00781B,2021-07-01,00781B,國泰A級科技債,tpex,42.53,42.53,42.53,42.53,100000,4253000,-0.10,down,2836000,2,
2021-07-01_00782B,2021-07-01,00782B,國泰A級公用債,tpex,42.11,42.54,42.11,42.39,102000,4338500,-0.01,,3467000,4,
2021-07-01_00783,2021-07-01,00783,富邦中証500,twse,22.73,22.82,22.67,22.79,898000,20425470,-0.05,,,33,
2021-07-01_00784B,2021-07-01,00784B,富邦中國投等債,tpex,37.33,37.34,37.32,37.33,55000,2053260,-0.15,,2993000,8,
2021-07-01_00785B,2021-07-01,00785B,富邦金融投等債,tpex,43.17,43.18,43.17,43.18,53000,2288530,0.05,,332466000,5,
2021-07-01_00786B,2021-07-01,00786B,元大10年IG銀行債,tpex,41.77,41.80,41.69,41.70,11000,459270,0.13,,8066000,7,
2021-07-01_00787B,2021-07-01,00787B,元大10年IG醫療債,tpex,42.90,42.90,42.87,42.87,50000,2143620,0.08,,5306000,4,
2021-07-01_00788B,2021-07-01,00788B,元大10年IG電能債,tpex,41.00,41.02,40.97,40.98,60000,2460000,0.18,,6206000,17,
2021-07-01_00789B,2021-07-01,00789B,FH公司債A3,tpex,65.50,65.50,65.50,65.50,100000,6550000,0.10,up,42600000,2,
2021-07-01_00790B,2021-07-01,00790B,FH次順位IG金融債,tpex,64.05,64.05,64.05,64.05,100000,6405000,0.10,up,2100000,2,
2021-07-01_00791B,2021-07-01,00791B,FH美元信用債1-5Y,tpex,55.70,55.70,55.70,55.70,102000,5681400,0.00,down,355100000,4,
2021-07-01_00792B,2021-07-01,00792B,群益A級公司債,tpex,42.50,42.50,42.50,42.50,100000,4250000,-0.10,down,386115000,2,
2021-07-01_00793B,2021-07-01,00793B,群益AAA-A醫療債,tpex,42.23,42.23,42.23,42.23,100000,4223000,-0.03,down,2526000,2,
2021-07-01_00794B,2021-07-01,00794B,群益7+中國政金債,tpex,39.27,39.27,39.27,39.27,100000,3927000,-0.06,down,185687000,2,
2021-07-01_00795B,2021-07-01,00795B,中信美國公債20年,tpex,40.99,41.18,40.89,40.89,272000,11141120,-0.03,,263598000,20,
2021-07-01_00796B,2021-07-01,00796B,中信中國債7-10,tpex,39.35,39.35,39.35,39.35,100000,3935000,-0.06,down,81970000,4,
2021-07-01_00799B,2021-07-01,00799B,國泰A級醫療債,tpex,42.15,42.15,42.15,42.15,100000,4215000,0.00,down,4536000,2,
2021-07-01_008201,2021-07-01,008201,BP上證50,twse,123.60,123.70,123.60,123.70,300,37095,0.7,,,3,
2021-07-01_00830,2021-07-01,00830,國泰費城半導體,twse,29.52,29.52,29.39,29.40,487894,14351647,-0.12,,,261,
2021-07-01_00831B,2021-07-01,00831B,新光美債1-3,tpex,36.35,36.35,36.35,36.35,50000,1817500,0.00,down,133600000,2,
2021-07-01_00834B,2021-07-01,00834B,第一金金融債10+,tpex,42.45,42.45,42.35,42.35,101000,4277450,-0.10,,17198000,3,
2021-07-01_00836B,2021-07-01,00836B,永豐10年A公司債,tpex,39.95,39.95,39.85,39.87,105000,4189420,0.02,,213541000,6,
2021-07-01_00838B,2021-07-01,00838B,永豐7-10年中國債,tpex,38.26,38.26,38.26,38.26,100000,3826000,-0.12,down,5691000,2,
2021-07-01_00839B,2021-07-01,00839B,凱基醫療保健債,tpex,41.55,41.55,41.55,41.55,100000,4155000,-0.03,down,441000,2,
2021-07-01_00840B,2021-07-01,00840B,凱基IG精選15+,tpex,39.80,39.80,39.76,39.76,101000,4019760,-0.06,,29931000,3,
2021-07-01_00841B,2021-07-01,00841B,凱基AAA-AA公司債,tpex,40.20,40.20,40.20,40.20,100000,4020000,0.06,up,18940000,2,
2021-07-01_00842B,2021-07-01,00842B,台新美元銀行債,tpex,40.94,40.94,40.90,40.90,101000,4134900,-0.09,,9767000,3,
2021-07-01_00843B,2021-07-01,00843B,台新中國政策債,tpex,39.25,39.25,39.17,39.17,102000,3995500,-0.05,,5521000,3,
2021-07-01_00844B,2021-07-01,00844B,新光15年IG金融債,tpex,40.05,40.05,40.05,40.05,2000,80100,0.02,up,38175000,2,
2021-07-01_00845B,2021-07-01,00845B,富邦新興投等債,tpex,37.06,37.06,37.05,37.05,101000,3743050,-0.08,,151551000,3,
2021-07-01_00846B,2021-07-01,00846B,富邦歐洲銀行債,tpex,37.51,37.51,37.50,37.50,101000,3788500,0.04,,96850000,3,
2021-07-01_00847B,2021-07-01,00847B,中信美國市政債,tpex,34.99,34.99,34.91,34.91,203000,7101780,-0.05,,13805000,6,
2021-07-01_00848B,2021-07-01,00848B,中信新興亞洲債,tpex,37.76,37.76,37.76,37.76,100000,3776000,0.00,down,154566000,4,
2021-07-01_00849B,2021-07-01,00849B,中信EM主權債0-5,tpex,36.59,36.59,36.58,36.58,103000,3767770,0.06,,746606000,5,
2021-07-01_00850,2021-07-01,00850,元大臺灣ESG永續,twse,34.89,34.96,34.59,34.71,840350,29218080,-0.14,,,771,
2021-07-01_00851,2021-07-01,00851,台新全球AI,twse,32.84,32.85,32.80,32.82,19111,627363,-0.18,,,15,
2021-07-01_00852L,2021-07-01,00852L,國泰美國道瓊正2,twse,20.80,20.83,20.79,20.81,1351200,28104490,0.28,,,152,
2021-07-01_00853B,2021-07-01,00853B,統一美債10年Aa-A,tpex,35.77,35.77,35.77,35.77,2000,71540,-0.06,down,5134000,2,
2021-07-01_00856B,2021-07-01,00856B,永豐1-3年美公債,tpex,36.25,36.25,36.25,36.25,100000,3625000,-0.03,down,34792000,2,
2021-07-01_00857B,2021-07-01,00857B,永豐20年美公債,tpex,36.30,36.30,36.19,36.19,107000,3873550,0.04,,35768000,11,
2021-07-01_00858,2021-07-01,00858,永豐美國500大,tpex,27.79,27.79,27.79,27.79,100000,2779000,0.05,up,23374000,2,
2021-07-01_00859B,2021-07-01,00859B,群益0-1年美債,tpex,35.94,35.94,35.94,35.94,100000,3594000,-0.03,down,6511000,2,
2021-07-01_00860B,2021-07-01,00860B,群益1-5年IG債,tpex,37.18,37.18,37.15,37.15,101000,3752180,-0.10,,17171000,3,
2021-07-01_00861,2021-07-01,00861,元大全球未來通訊,twse,29.32,29.32,29.23,29.23,986593,28860992,-0.09,,,336,
2021-07-01_00862B,2021-07-01,00862B,中信投資級公司債,tpex,39.70,39.74,39.70,39.72,202000,8024440,0.00,,144381000,6,
2021-07-01_00863B,2021-07-01,00863B,中信全球電信債,tpex,39.90,39.90,39.86,39.86,101000,4027880,-0.04,,264464000,5,
2021-07-01_00864B,2021-07-01,00864B,中信美國公債0-1,tpex,36.38,36.68,36.38,36.67,101000,3703880,0.00,,5722000,5,
2021-07-01_00865B,2021-07-01,00865B,國泰US短期公債,twse,36.60,36.60,36.59,36.59,18000,658640,-0.09,,,6,
2021-07-01_00867B,2021-07-01,00867B,新光A-BBB電信債,tpex,40.08,40.10,40.08,40.10,4000,160360,-0.08,,188650000,4,
2021-07-01_00869B,2021-07-01,00869B,FT10-25年公司債,tpex,37.23,37.35,37.23,37.35,204000,7611040,-0.15,,782000,6,
2021-07-01_00870B,2021-07-01,00870B,元大15年EM主權債,tpex,38.15,38.15,38.10,38.10,102000,3891250,-0.17,,488651000,4,
2021-07-01_00872B,2021-07-01,00872B,凱基美債1-3,tpex,37.25,37.25,37.25,37.25,100000,3725000,-0.03,down,3610000,6,
2021-07-01_00875,2021-07-01,00875,國泰網路資安,twse,32.14,32.14,32.03,32.05,471922,15131688,-0.31,,,179,
2021-07-01_00876,2021-07-01,00876,元大全球5G,twse,29.50,29.54,29.34,29.35,816376,23999157,-0.13,,,361,
2021-07-01_00877,2021-07-01,00877,FH中國5G,tpex,13.45,13.54,13.40,13.50,5736000,77345330,0.05,,511788000,1083,
2021-07-01_00878,2021-07-01,00878,國泰永續高股息,twse,18.24,18.28,18.20,18.21,6320067,115185816,-0.02,,,3444,
2021-07-01_00879B,2021-07-01,00879B,第一金美債0-1,tpex,36.62,36.62,36.62,36.62,105000,3845100,0.00,down,775000,3,
2021-07-01_00880B,2021-07-01,00880B,第一金電信債15+,tpex,36.74,36.74,36.74,36.74,123000,4519020,0.00,down,1488000,7,
2021-07-01_00881,2021-07-01,00881,國泰台灣科技龍頭,twse,17.82,17.83,17.65,17.66,12770733,226073306,-0.13,,,5408,
2021-07-01_00882,2021-07-01,00882,中信中國高股息,twse,15.68,15.68,15.61,15.64,10819021,169117911,-0.04,,,3790,
2021-07-01_00883B,2021-07-01,00883B,中信ESG投資級債,tpex,39.23,39.23,39.15,39.15,215000,8423230,-0.07,,8258000,13,
2021-07-01_00884B,2021-07-01,00884B,中信低碳新興債,tpex,38.69,38.71,38.69,38.69,202000,7817380,-0.08,,26440000,5,
2021-07-01_00885,2021-07-01,00885,富邦越南,twse,16.94,16.94,16.83,16.86,15269153,257561560,-0.12,,,5191,
2021-07-01_00886,2021-07-01,00886,永豐美國科技,tpex,22.42,22.45,22.38,22.39,269000,6028090,-0.11,,43451000,63,
2021-07-01_00887,2021-07-01,00887,永豐中國科技50大,tpex,23.04,23.11,22.87,23.11,286000,6574540,0.11,,31851000,64,
2021-07-01_00888,2021-07-01,00888,永豐台灣ESG,tpex,15.31,15.31,15.19,15.20,2870000,43712530,-0.10,,317978000,1551,
2021-07-01_00889B,2021-07-01,00889B,凱基ESG新興債15+,tpex,41.35,41.35,41.35,41.35,100000,4135000,0.00,down,5260000,2,
2021-07-01_00890B,2021-07-01,00890B,凱基ESG BBB債15+,tpex,41.68,41.68,41.68,41.68,100000,4168000,-0.07,down,9764000,2,
2021-07-01_00891,2021-07-01,00891,中信關鍵半導體,twse,15.60,15.60,15.42,15.44,8254081,127677863,-0.11,,,3630,
2021-07-01_00892,2021-07-01,00892,富邦台灣半導體,twse,15.40,15.40,15.23,15.25,13965688,213336239,-0.11,,,5486,
2021-07-01_00893,2021-07-01,00893,國泰智能電動車,twse,15.27,15.29,15.06,15.07,244113653,3700411786,0.07,,,65843,
2021-07-01_01002T,2021-07-01,01002T,土銀國泰R1,twse,17.95,17.95,17.94,17.95,11534,209156,-0.06,,,22,
2021-07-01_01003T,2021-07-01,01003T,兆豐新光R1,twse,19.21,19.21,19.18,19.20,115970,2227763,-0.02,,,21,
2021-07-01_01004T,2021-07-01,01004T,土銀富邦R2,twse,16.01,16.01,16.01,16.01,1000,16010,-0.08,down,,1,
2021-07-01_01009T,2021-07-01,01009T,王道圓滿R1,twse,9.10,9.10,9.10,9.10,34000,309400,0.0,down,,6,
2021-07-01_01010T,2021-07-01,01010T,京城樂富R1,twse,10.80,10.87,10.80,10.87,7000,75710,0.03,,,4,
2021-07-01_020000,2021-07-01,020000,富邦特選蘋果N,twse,7.59,7.59,7.56,7.56,27000,204280,-0.03,,,9,
2021-07-01_020001,2021-07-01,020001,富邦存股雙十N,tpex,10.45,10.64,10.35,10.40,1085000,11345900,0.12,,40000000,30,
2021-07-01_020003,2021-07-01,020003,統一漲升股利150N,tpex,16.54,16.54,16.48,16.48,118000,1948000,-0.05,,20000000,3,
2021-07-01_020011,2021-07-01,020011,統一微波高息20N,twse,6.32,6.32,6.28,6.28,4000,25160,-0.04,,,2,
2021-07-01_020012,2021-07-01,020012,富邦行動通訊N,twse,6.38,6.38,6.37,6.38,25000,159350,-0.02,,,5,
2021-07-01_020014,2021-07-01,020014,元大富櫃200N,tpex,7.58,7.58,7.55,7.55,4000,30230,-0.01,,60000000,2,
2021-07-01_020015,2021-07-01,020015,統一MSCI美低波N,twse,14.70,14.70,14.70,14.70,1000,14700,0.0,down,,1,
2021-07-01_020016,2021-07-01,020016,統一MSCI美科技N,twse,19.40,19.40,19.37,19.37,11000,213370,0.0,,,2,
2021-07-01_020018,2021-07-01,020018,統一價值成長30N,twse,19.85,20.35,19.54,19.94,867000,17264580,0.47,,,130,
2021-07-01_020019,2021-07-01,020019,統一特選台灣5GN,twse,14.16,14.16,14.00,14.00,1754000,24660400,-0.16,,,24,
2021-07-01_02001L,2021-07-01,02001L,富邦蘋果正二N,twse,12.28,12.28,12.28,12.28,5000,61400,-0.12,down,,2,
2021-07-01_02001R,2021-07-01,02001R,富邦蘋果反一N,twse,2.89,2.89,2.88,2.88,45000,129900,0.01,,,2,
2021-07-01_020020,2021-07-01,020020,元大台股領航N,twse,7.52,7.58,7.47,7.52,1213000,9134480,0.0,,,364,
2021-07-01_020021,2021-07-01,020021,統一恒生科技N,tpex,10.11,10.11,10.02,10.03,147000,1477870,-0.13,,100000000,65,
2021-07-01_020022,2021-07-01,020022,元大電動車N,twse,5.80,5.84,5.74,5.74,6077000,35211800,-0.06,,,932,
2021-07-01_020023,2021-07-01,020023,元大櫃買半導體N,tpex,6.40,6.40,6.22,6.23,324000,2029070,-0.10,,200000000,84,
2021-07-01_020026,2021-07-01,020026,兆豐上櫃ESG電菁N,tpex,5.04,5.04,4.93,4.93,392000,1941270,-0.10,,40000000,87,
2021-07-01_02002L,2021-07-01,02002L,兆豐富櫃200正二N,tpex,6.88,6.88,6.73,6.73,11000,74180,-0.23,,40000000,2,
2021-07-01_1101,2021-07-01,1101,台泥,twse,50.90,51.00,50.60,50.60,21255834,1077678755,-0.4,,,10298,
2021-07-01_1101B,2021-07-01,1101B,台泥乙特,twse,53.80,53.90,53.80,53.90,2072,111580,0.0,,,4,
2021-07-01_1102,2021-07-01,1102,亞泥,twse,50.70,51.00,50.40,50.60,7058000,357731352,-0.1,,,2685,
2021-07-01_1103,2021-07-01,1103,嘉泥,twse,22.40,22.55,22.30,22.30,1000345,22408389,-0.1,,,460,
2021-07-01_1104,2021-07-01,1104,環泥,twse,23.45,23.50,23.05,23.35,1402603,32656709,0.0,,,710,
2021-07-01_1108,2021-07-01,1108,幸福,twse,13.70,13.75,13.45,13.50,1203922,16382897,-0.2,,,534,
2021-07-01_1109,2021-07-01,1109,信大,twse,25.75,25.90,25.55,25.75,370249,9512460,-0.25,,,240,
2021-07-01_1110,2021-07-01,1110,東泥,twse,15.65,15.75,15.40,15.45,158613,2466757,-0.15,,,90,
2021-07-01_1201,2021-07-01,1201,味全,twse,21.45,22.00,21.45,21.95,3593779,78432720,0.55,,,1550,
2021-07-01_1203,2021-07-01,1203,味王,twse,34.65,34.65,34.55,34.55,42415,1466672,0.0,,,56,
2021-07-01_1210,2021-07-01,1210,大成,twse,60.10,60.90,59.90,60.60,1994930,120555725,0.5,,,1508,
2021-07-01_1213,2021-07-01,1213,大飲,twse,8.98,8.98,8.88,8.88,31002,275396,0.0,,,6,
2021-07-01_1215,2021-07-01,1215,卜蜂,twse,80.00,81.30,80.00,80.80,927868,74909215,0.2,,,1058,
2021-07-01_1216,2021-07-01,1216,統一,twse,73.20,73.50,72.70,72.70,2903461,211623084,-0.5,,,1733,
2021-07-01_1217,2021-07-01,1217,愛之味,twse,11.80,12.00,11.70,11.75,8541798,101228971,0.1,,,2937,
2021-07-01_1218,2021-07-01,1218,泰山,twse,29.55,30.00,29.50,29.80,2206912,65670632,0.3,,,1262,
2021-07-01_1219,2021-07-01,1219,福壽,twse,24.40,24.95,24.15,24.45,3074006,75172887,0.45,,,1431,
2021-07-01_1220,2021-07-01,1220,台榮,twse,16.85,17.05,16.80,16.85,822093,13912958,0.2,,,456,
2021-07-01_1225,2021-07-01,1225,福懋油,twse,45.75,47.70,45.60,46.10,637932,29773618,0.5,,,446,
2021-07-01_1227,2021-07-01,1227,佳格,twse,54.10,55.30,53.90,54.60,1929676,105561315,0.5,,,1332,
2021-07-01_1229,2021-07-01,1229,聯華,twse,50.10,50.80,49.65,50.70,1785828,90175628,0.7,,,1542,
2021-07-01_1231,2021-07-01,1231,聯華食,twse,65.40,70.80,65.40,70.70,6540612,458232171,6.3,,,4497,
2021-07-01_1232,2021-07-01,1232,大統益,twse,165.00,167.50,165.00,167.50,118060,19689252,2.5,,,231,
2021-07-01_1233,2021-07-01,1233,天仁,twse,35.05,35.05,35.00,35.05,36163,1266312,0.0,,,23,
2021-07-01_1234,2021-07-01,1234,黑松,twse,35.60,35.75,35.55,35.60,186582,6649739,0.0,,,144,
2021-07-01_1235,2021-07-01,1235,興泰,twse,32.80,33.00,32.80,33.00,8364,275073,0.0,,,10,
2021-07-01_1236,2021-07-01,1236,宏亞,twse,15.70,16.30,15.65,15.80,171222,2724219,0.1,,,135,
2021-07-01_1240,2021-07-01,1240,茂生農經,tpex,55.00,55.00,54.30,54.60,54000,2960100,-0.20,,35009700,26,
2021-07-01_1256,2021-07-01,1256,鮮活果汁-KY,twse,444.00,444.00,442.00,442.50,20138,8920489,1.5,,,212,
2021-07-01_1258,2021-07-01,1258,其祥-KY,tpex,15.80,16.25,15.80,16.25,15000,238950,0.45,,36819791,10,
2021-07-01_1259,2021-07-01,1259,安心,tpex,67.30,67.30,66.70,66.70,9000,602600,-0.30,,32389500,8,
2021-07-01_1264,2021-07-01,1264,德麥,tpex,305.00,305.00,302.00,302.00,10000,3026500,0.00,,33695970,10,
2021-07-01_1268,2021-07-01,1268,漢來美食,tpex,130.50,133.00,130.50,132.50,65000,8581500,1.50,,37723730,63,
2021-07-01_1301,2021-07-01,1301,台塑,twse,102.50,105.00,102.50,104.00,10200328,1057549905,1.0,,,3333,
2021-07-01_1303,2021-07-01,1303,南亞,twse,82.60,85.20,82.60,83.90,12107443,1017215942,0.7,,,5718,
2021-07-01_1304,2021-07-01,1304,台聚,twse,38.00,40.80,38.00,40.80,70335078,2830906378,3.7,,,22787,
2021-07-01_1305,2021-07-01,1305,華夏,twse,38.75,41.60,38.55,41.60,57585535,2346221770,3.75,,,21194,
2021-07-01_1307,2021-07-01,1307,三芳,twse,23.70,25.90,23.50,25.90,7916349,198886299,2.35,,,3890,
2021-07-01_1308,2021-07-01,1308,亞聚,twse,37.50,38.50,37.40,38.50,23771978,911934046,3.5,,,6856,
2021-07-01_1309,2021-07-01,1309,台達化,twse,44.35,47.95,44.35,47.95,41970369,1966631029,4.35,,,17313,
2021-07-01_1310,2021-07-01,1310,台苯,twse,22.75,23.75,22.00,23.55,77455420,1777055840,1.95,,,27755,
2021-07-01_1312,2021-07-01,1312,國喬,twse,30.60,32.90,30.50,32.90,142073464,4574666519,2.95,,,41898,
2021-07-01_1312A,2021-07-01,1312A,國喬特,twse,35.20,36.85,35.20,36.85,128000,4623200,1.65,,,57,
2021-07-01_1313,2021-07-01,1313,聯成,twse,27.55,29.90,27.40,29.90,135060605,3958010202,2.7,,,40688,
2021-07-01_1314,2021-07-01,1314,中石化,twse,14.15,15.30,14.10,15.30,518175012,7691725771,1.35,,,103406,
2021-07-01_1315,2021-07-01,1315,達新,twse,72.50,72.80,71.00,71.20,831202,59409912,0.0,,,569,
2021-07-01_1316,2021-07-01,1316,上曜,twse,13.00,13.05,12.60,12.60,1732831,22156283,-0.2,,,545,
2021-07-01_1319,2021-07-01,1319,東陽,twse,36.10,36.80,35.80,36.50,2930073,106455233,0.4,,,1225,
2021-07-01_1321,2021-07-01,1321,大洋,twse,38.00,39.50,37.80,38.20,1496020,57567914,0.4,,,807,
2021-07-01_1323,2021-07-01,1323,永裕,twse,34.75,35.50,34.65,35.10,1274306,44814576,0.35,,,493,
2021-07-01_1324,2021-07-01,1324,地球,twse,13.40,13.40,12.35,12.90,2481049,32036857,0.5,,,1149,
2021-07-01_1325,2021-07-01,1325,恆大,twse,91.50,94.30,90.60,94.00,3819144,355453310,3.5,,,2989,
2021-07-01_1326,2021-07-01,1326,台化,twse,84.20,85.90,84.10,85.00,6844101,582909866,0.3,,,3778,
2021-07-01_1336,2021-07-01,1336,台翰,tpex,24.10,24.10,23.55,23.65,190000,4511400,-0.20,,77098419,103,
2021-07-01_1337,2021-07-01,1337,再生-KY,twse,8.20,8.85,8.15,8.55,4701618,40091575,0.45,,,2042,
2021-07-01_1338,2021-07-01,1338,廣華-KY,twse,66.40,66.60,64.80,65.00,197738,12986770,-1.0,,,179,
2021-07-01_1339,2021-07-01,1339,昭輝,twse,38.35,38.75,37.65,38.55,179000,6823100,0.2,,,139,
2021-07-01_1340,2021-07-01,1340,勝悅-KY,twse,12.30,12.60,12.10,12.35,838878,10390887,0.2,,,517,
2021-07-01_1341,2021-07-01,1341,富林-KY,twse,81.00,81.10,80.10,80.10,13010,1050596,-0.2,,,16,
2021-07-01_1342,2021-07-01,1342,八貫,twse,54.00,54.20,53.70,53.90,35000,1889300,0.1,,,24,
2021-07-01_1402,2021-07-01,1402,遠東新,twse,32.30,32.75,32.10,32.45,9611004,311610993,0.45,,,3311,
2021-07-01_1409,2021-07-01,1409,新纖,twse,23.40,23.50,22.10,22.35,42218748,966207556,-0.4,,,15495,
2021-07-01_1410,2021-07-01,1410,南染,twse,34.90,34.90,34.30,34.35,7618,261946,-0.45,,,9,
2021-07-01_1413,2021-07-01,1413,宏洲,twse,13.15,13.20,11.65,11.90,2552183,31653147,-0.2,,,1008,
2021-07-01_1414,2021-07-01,1414,東和,twse,19.70,19.90,17.95,18.15,11120808,209972127,-0.65,,,4206,
2021-07-01_1416,2021-07-01,1416,廣豐,twse,11.30,11.30,11.15,11.15,534959,5989559,0.0,,,232,
2021-07-01_1417,2021-07-01,1417,嘉裕,twse,16.75,17.80,16.50,17.25,22216591,378733060,0.55,,,5267,
2021-07-01_1418,2021-07-01,1418,東華,twse,10.95,11.05,10.75,11.05,15982,173155,0.1,,,13,
2021-07-01_1419,2021-07-01,1419,新紡,twse,41.00,41.30,40.40,40.90,31319,1279158,-0.05,,,35,
2021-07-01_1423,2021-07-01,1423,利華,twse,22.40,22.55,22.25,22.45,202846,4547700,0.05,,,99,
2021-07-01_1432,2021-07-01,1432,大魯閣,twse,14.05,14.20,14.00,14.05,227925,3200970,0.05,,,290,
2021-07-01_1434,2021-07-01,1434,福懋,twse,32.55,32.60,32.05,32.20,2048693,66027964,-0.4,,,967,
2021-07-01_1435,2021-07-01,1435,中福,twse,21.30,21.30,20.05,20.25,44580,915686,-0.75,,,57,
2021-07-01_1436,2021-07-01,1436,華友聯,twse,40.25,41.10,39.90,40.15,35960,1444182,0.25,,,36,
2021-07-01_1437,2021-07-01,1437,勤益控,twse,25.00,25.05,24.90,24.95,165326,4124057,0.0,,,75,
2021-07-01_1438,2021-07-01,1438,三地開發,twse,28.85,28.85,28.15,28.60,147100,4163340,-0.5,,,71,
2021-07-01_1439,2021-07-01,1439,雋揚,twse,25.00,25.00,24.55,24.70,124000,3051550,-0.15,,,38,
2021-07-01_1440,2021-07-01,1440,南紡,twse,30.30,31.00,28.60,28.85,87838441,2624248801,-0.7,,,34756,
2021-07-01_1441,2021-07-01,1441,大東,twse,12.80,13.00,12.15,13.00,6219322,79777545,1.15,,,2628,
2021-07-01_1442,2021-07-01,1442,名軒,twse,19.00,19.00,18.60,18.90,228132,4282593,-0.1,,,143,
2021-07-01_1443,2021-07-01,1443,立益物流,twse,17.25,17.40,16.90,17.00,220382,3775557,-0.25,,,125,
2021-07-01_1444,2021-07-01,1444,力麗,twse,14.25,14.50,13.05,13.20,63111251,870125753,-0.45,,,19285,
2021-07-01_1445,2021-07-01,1445,大宇,twse,12.40,12.45,12.20,12.30,260989,3220714,0.05,,,97,
2021-07-01_1446,2021-07-01,1446,宏和,twse,30.80,30.80,30.45,30.50,84100,2569689,-0.3,,,69,
2021-07-01_1447,2021-07-01,1447,力鵬,twse,14.15,14.40,13.00,13.40,76599055,1052856155,-0.05,,,22090,
2021-07-01_1449,2021-07-01,1449,佳和,twse,16.75,16.75,16.00,16.00,238288,3878314,0.0,,,147,
2021-07-01_1451,2021-07-01,1451,年興,twse,21.55,21.75,21.10,21.40,825594,17725946,0.05,,,454,
2021-07-01_1452,2021-07-01,1452,宏益,twse,28.25,28.60,26.20,27.95,19927960,548382966,0.6,,,7845,
2021-07-01_1453,2021-07-01,1453,大將,twse,9.04,9.18,9.02,9.04,195324,1773820,0.09,,,108,
2021-07-01_1454,2021-07-01,1454,台富,twse,11.30,11.80,10.80,11.10,1930276,21744051,0.25,,,857,
2021-07-01_1455,2021-07-01,1455,集盛,twse,24.30,24.40,23.20,23.50,4181709,100390203,-0.4,,,1512,
2021-07-01_1456,2021-07-01,1456,怡華,twse,19.70,21.45,19.30,21.45,4305490,91234237,1.95,,,2013,
2021-07-01_1457,2021-07-01,1457,宜進,twse,19.85,19.95,18.70,19.20,8191312,158201332,-0.4,,,3326,
2021-07-01_1459,2021-07-01,1459,聯發,twse,16.00,16.00,14.25,15.00,6266678,95877919,-0.05,,,2468,
2021-07-01_1463,2021-07-01,1463,強盛新,twse,15.70,15.75,15.10,15.20,1064066,16431626,-0.3,,,562,
2021-07-01_1464,2021-07-01,1464,得力,twse,18.55,18.80,18.15,18.30,1470872,27139201,-0.1,,,737,
2021-07-01_1465,2021-07-01,1465,偉全,twse,13.15,13.15,12.70,12.80,471459,6136550,-0.35,,,195,
2021-07-01_1466,2021-07-01,1466,聚隆,twse,18.75,19.25,17.65,17.90,3879675,71423078,-0.45,,,1631,
2021-07-01_1467,2021-07-01,1467,南緯,twse,17.05,17.20,16.55,16.60,1111235,18722250,-0.25,,,568,
2021-07-01_1468,2021-07-01,1468,昶和,twse,12.70,13.45,12.50,12.55,103000,1328550,0.15,,,67,
2021-07-01_1470,2021-07-01,1470,大統新創,twse,16.35,16.40,16.20,16.20,5011,81726,-0.05,,,6,
2021-07-01_1471,2021-07-01,1471,首利,twse,10.40,10.55,10.00,10.10,1739807,17700612,-0.3,,,725,
2021-07-01_1472,2021-07-01,1472,三洋實業,twse,10.75,10.80,10.25,10.30,19350,204269,-0.1,,,17,
2021-07-01_1473,2021-07-01,1473,台南,twse,18.90,18.90,18.40,18.60,361301,6770570,0.0,,,230,
2021-07-01_1474,2021-07-01,1474,弘裕,twse,16.35,16.45,15.60,15.65,2780743,44337719,-0.45,,,1038,
2021-07-01_1475,2021-07-01,1475,業旺,twse,37.10,37.50,37.00,37.20,23328,866746,0.1,,,17,
2021-07-01_1476,2021-07-01,1476,儒鴻,twse,661.00,672.00,649.00,655.00,747298,493445263,-1.0,,,846,
2021-07-01_1477,2021-07-01,1477,聚陽,twse,275.00,278.50,267.00,269.50,2255867,612986938,-4.5,,,2139,
2021-07-01_1503,2021-07-01,1503,士電,twse,53.60,53.60,52.20,52.70,221677,11668059,-0.4,,,174,
2021-07-01_1504,2021-07-01,1504,東元,twse,33.10,33.30,32.50,32.65,1766718,57926873,-0.55,,,1048,
2021-07-01_1506,2021-07-01,1506,正道,twse,10.20,10.45,10.10,10.40,316493,3241133,0.25,,,174,
2021-07-01_1507,2021-07-01,1507,永大,twse,61.80,61.80,61.50,61.50,78056,4809522,-0.1,,,74,
2021-07-01_1512,2021-07-01,1512,瑞利,twse,4.35,4.35,4.28,4.30,46651,201954,-0.05,,,21,
2021-07-01_1513,2021-07-01,1513,中興電,twse,51.00,51.10,49.70,50.00,5366975,269814288,-0.8,,,2836,
2021-07-01_1514,2021-07-01,1514,亞力,twse,25.50,25.95,25.10,25.30,1523164,38818385,0.1,,,781,
2021-07-01_1515,2021-07-01,1515,力山,twse,78.90,79.30,77.30,77.60,1480641,115705969,-1.3,,,1176,
2021-07-01_1516,2021-07-01,1516,川飛,twse,22.10,22.10,21.85,22.00,16511,362789,0.0,,,19,
2021-07-01_1517,2021-07-01,1517,利奇,twse,29.00,30.80,28.60,29.85,22978223,684577198,1.05,,,11219,
2021-07-01_1519,2021-07-01,1519,華城,twse,43.70,43.70,42.10,42.30,859869,36702322,-1.3,,,677,
2021-07-01_1521,2021-07-01,1521,大億,twse,46.00,46.00,45.70,46.00,63000,2894900,0.0,,,47,
2021-07-01_1522,2021-07-01,1522,堤維西,twse,22.00,22.15,21.75,22.00,399574,8770792,0.05,,,254,
2021-07-01_1524,2021-07-01,1524,耿鼎,twse,10.60,10.70,10.40,10.50,687368,7247398,-0.05,,,298,
2021-07-01_1525,2021-07-01,1525,江申,twse,72.50,72.60,69.60,70.40,148490,10535416,-1.9,,,136,
2021-07-01_1526,2021-07-01,1526,日馳,twse,56.00,56.80,54.20,54.70,3879560,215674747,-0.3,,,2600,
2021-07-01_1527,2021-07-01,1527,鑽全,twse,50.80,51.10,49.55,49.85,878574,44128054,-0.95,,,629,
2021-07-01_1528,2021-07-01,1528,恩德,twse,12.30,12.65,12.10,12.15,1775971,21861753,-0.1,,,659,
2021-07-01_1529,2021-07-01,1529,樂事綠能,twse,17.05,17.45,17.00,17.30,311352,5340483,0.3,,,123,
2021-07-01_1530,2021-07-01,1530,亞崴,twse,39.80,39.80,39.10,39.20,106242,4178054,-0.2,,,66,
2021-07-01_1531,2021-07-01,1531,高林股,twse,14.55,14.70,14.50,14.55,213133,3104034,0.05,,,89,
2021-07-01_1532,2021-07-01,1532,勤美,twse,34.05,34.80,33.85,34.10,922096,31617975,0.05,,,504,
2021-07-01_1533,2021-07-01,1533,車王電,twse,61.50,61.80,58.50,58.50,1074994,64113058,-2.1,,,833,
2021-07-01_1535,2021-07-01,1535,中宇,twse,38.00,38.00,37.15,37.20,60700,2275402,-0.3,,,63,
2021-07-01_1536,2021-07-01,1536,和大,twse,107.50,107.50,104.50,105.00,1733184,182865822,-2.5,,,1574,
2021-07-01_1537,2021-07-01,1537,廣隆,twse,151.50,151.50,150.00,150.00,66391,9996718,-0.5,,,85,
2021-07-01_1538,2021-07-01,1538,正峰,twse,12.60,12.60,12.60,12.60,3559,44304,0.0,down,,12,
2021-07-01_1539,2021-07-01,1539,巨庭,twse,18.10,18.10,17.60,17.85,89000,1581350,-0.05,,,49,
2021-07-01_1540,2021-07-01,1540,喬福,twse,16.85,16.90,16.45,16.55,253592,4220297,-0.25,,,129,
2021-07-01_1541,2021-07-01,1541,錩泰,twse,50.60,51.70,50.20,50.40,39000,1976200,-0.6,,,26,
2021-07-01_1558,2021-07-01,1558,伸興,twse,166.50,167.50,166.50,166.50,61863,10315255,0.0,,,78,
2021-07-01_1560,2021-07-01,1560,中砂,twse,67.50,68.50,67.10,67.10,373579,25256454,-0.9,,,281,
2021-07-01_1565,2021-07-01,1565,精華,tpex,342.00,346.00,329.00,329.00,1042000,349126000,-12.00,,50416516,890,
2021-07-01_1568,2021-07-01,1568,倉佑,twse,28.55,28.55,26.85,27.45,1046458,29003723,-1.05,,,593,
2021-07-01_1569,2021-07-01,1569,濱川,tpex,25.60,25.80,25.00,25.15,611000,15480050,-0.45,,120678387,309,
2021-07-01_1570,2021-07-01,1570,力肯,tpex,16.90,16.95,16.15,16.20,561000,9232500,-0.55,,51500839,245,
2021-07-01_1580,2021-07-01,1580,新麥,tpex,109.00,109.00,107.00,108.00,104000,11208500,-0.50,,50230242,90,
2021-07-01_1582,2021-07-01,1582,信錦,twse,83.20,83.60,83.20,83.30,240402,20054488,-0.1,,,216,
2021-07-01_1583,2021-07-01,1583,程泰,twse,69.60,69.60,66.90,66.90,54200,3668428,-2.2,,,62,
2021-07-01_1584,2021-07-01,1584,精剛,tpex,17.15,17.40,14.50,15.05,4001000,64087750,-1.00,,122470533,1950,
2021-07-01_1586,2021-07-01,1586,和勤,tpex,42.80,43.00,42.10,42.10,307000,13020950,-0.75,,84157225,218,
2021-07-01_1587,2021-07-01,1587,吉茂,twse,29.80,29.80,29.05,29.05,343548,10099014,-0.8,,,208,
2021-07-01_1589,2021-07-01,1589,永冠-KY,twse,72.80,74.40,71.90,72.80,1240081,90319486,0.1,,,739,
2021-07-01_1590,2021-07-01,1590,亞德客-KY,twse,1105.00,1145.00,1080.00,1100.00,764354,848779165,25.0,,,632,
2021-07-01_1591,2021-07-01,1591,駿吉-KY,tpex,16.80,16.90,16.50,16.50,43000,717350,-0.10,,33164807,25,
2021-07-01_1593,2021-07-01,1593,祺驊,tpex,104.50,104.50,101.00,101.50,135000,13849500,-1.00,,35217899,108,
2021-07-01_1595,2021-07-01,1595,川寶,tpex,31.80,31.80,30.85,30.85,75000,2346000,-0.95,,47148134,50,
2021-07-01_1597,2021-07-01,1597,直得,twse,119.00,119.50,113.50,115.00,1388562,160637969,-4.0,,,1248,
2021-07-01_1598,2021-07-01,1598,岱宇,twse,97.70,98.00,94.00,94.70,1626266,155527184,-3.0,,,1232,
2021-07-01_1599,2021-07-01,1599,宏佳騰,tpex,42.60,43.60,42.35,43.00,136000,5828000,0.40,,75499764,94,
2021-07-01_1603,2021-07-01,1603,華電,twse,31.20,31.55,30.10,30.10,922930,28380772,-0.9,,,506,
2021-07-01_1604,2021-07-01,1604,聲寶,twse,30.10,30.30,29.90,30.15,919013,27611193,0.05,,,586,
2021-07-01_1605,2021-07-01,1605,華新,twse,29.95,29.95,27.80,28.00,73882265,2121541803,-1.3,,,27860,
2021-07-01_1608,2021-07-01,1608,華榮,twse,28.90,30.75,28.90,28.90,52113709,1519123946,-3.2,,,19602,
2021-07-01_1609,2021-07-01,1609,大亞,twse,30.60,31.00,29.40,29.50,28204934,850319695,-1.0,,,12645,
2021-07-01_1611,2021-07-01,1611,中電,twse,11.85,12.05,11.65,11.70,1568418,18548463,-0.05,,,571,
2021-07-01_1612,2021-07-01,1612,宏泰,twse,28.00,28.05,26.65,26.85,6149128,167531047,-0.7,,,3193,
2021-07-01_1614,2021-07-01,1614,三洋電,twse,34.40,34.40,34.20,34.20,141285,4843804,-0.2,,,68,
2021-07-01_1615,2021-07-01,1615,大山,twse,38.95,39.40,38.10,38.30,502278,19423035,-0.85,,,370,
2021-07-01_1616,2021-07-01,1616,億泰,twse,13.35,13.35,11.30,11.95,16314524,202940767,-0.2,,,6361,
2021-07-01_1617,2021-07-01,1617,榮星,twse,20.70,20.70,19.35,19.40,1068177,21018629,-0.95,,,596,
2021-07-01_1618,2021-07-01,1618,合機,twse,18.05,18.10,17.25,17.25,2336399,41160624,-0.65,,,1169,
2021-07-01_1626,2021-07-01,1626,艾美特-KY,twse,28.00,28.00,27.45,27.55,218970,6042586,0.15,,,109,
2021-07-01_1701,2021-07-01,1701,中化,twse,24.50,24.70,24.45,24.55,1840673,45225709,0.15,,,771,
2021-07-01_1702,2021-07-01,1702,南僑,twse,51.20,52.40,51.20,51.40,873352,45183056,0.3,,,707,
2021-07-01_1707,2021-07-01,1707,葡萄王,twse,172.00,173.00,171.50,172.00,95990,16535839,-0.5,,,148,
2021-07-01_1708,2021-07-01,1708,東鹼,twse,40.50,41.35,39.00,39.00,20630460,828362198,-1.3,,,10634,
2021-07-01_1709,2021-07-01,1709,和益,twse,21.10,22.10,20.95,21.60,15712345,338898679,0.7,,,5650,
2021-07-01_1710,2021-07-01,1710,東聯,twse,22.20,23.30,22.15,23.05,16123121,369414463,1.05,,,5683,
2021-07-01_1711,2021-07-01,1711,永光,twse,19.95,20.80,19.75,20.70,25897948,529209100,0.95,,,10345,
2021-07-01_1712,2021-07-01,1712,興農,twse,22.70,22.70,22.50,22.55,639481,14435410,0.05,,,302,
2021-07-01_1713,2021-07-01,1713,國化,twse,24.40,24.70,24.40,24.45,456504,11186989,0.1,,,139,
2021-07-01_1714,2021-07-01,1714,和桐,twse,12.35,12.65,12.15,12.40,26806017,333078612,0.15,,,6368,
2021-07-01_1717,2021-07-01,1717,長興,twse,40.75,41.35,40.05,40.45,7970346,325270630,-0.05,,,3661,
2021-07-01_1718,2021-07-01,1718,中纖,twse,11.30,11.90,11.20,11.70,93020747,1077379873,0.6,,,24096,
2021-07-01_1720,2021-07-01,1720,生達,twse,40.50,40.75,40.30,40.40,771373,31265653,0.1,,,493,
2021-07-01_1721,2021-07-01,1721,三晃,twse,10.05,10.35,10.00,10.25,819016,8328397,0.26,,,399,
2021-07-01_1722,2021-07-01,1722,台肥,twse,58.60,59.50,58.30,58.50,1190308,69970642,-0.4,,,860,
2021-07-01_1723,2021-07-01,1723,中碳,twse,116.00,118.00,115.00,115.50,676524,78818338,1.0,,,568,
2021-07-01_1724,2021-07-01,1724,台硝,twse,15.80,15.85,15.80,15.85,56551,895043,0.05,,,44,
2021-07-01_1725,2021-07-01,1725,元禎,twse,21.70,21.75,21.20,21.40,84070,1807448,-0.2,,,64,
2021-07-01_1726,2021-07-01,1726,永記,twse,76.20,76.40,75.80,76.00,52406,3984564,-0.2,,,60,
2021-07-01_1727,2021-07-01,1727,中華化,twse,16.10,16.60,15.55,15.70,678477,10849359,-0.25,,,431,
2021-07-01_1730,2021-07-01,1730,花仙子,twse,68.10,69.00,68.10,68.50,69646,4773738,0.2,,,85,
2021-07-01_1731,2021-07-01,1731,美吾華,twse,20.15,20.40,20.00,20.10,717476,14478083,0.1,,,438,
2021-07-01_1732,2021-07-01,1732,毛寶,twse,34.30,34.85,34.25,34.70,894657,30851485,-0.3,,,624,
2021-07-01_1733,2021-07-01,1733,五鼎,twse,24.20,24.30,24.05,24.05,321207,7758239,-0.2,,,157,
2021-07-01_1734,2021-07-01,1734,杏輝,twse,29.45,29.60,29.00,29.05,632574,18500116,-0.3,,,494,
2021-07-01_1735,2021-07-01,1735,日勝化,twse,18.25,18.45,18.25,18.25,17554,321081,0.1,,,22,
2021-07-01_1736,2021-07-01,1736,喬山,twse,84.90,85.40,82.60,83.10,830822,69672960,-1.2,,,700,
2021-07-01_1737,2021-07-01,1737,臺鹽,twse,32.60,32.70,32.55,32.65,350281,11429861,0.05,,,215,
2021-07-01_1742,2021-07-01,1742,台蠟,tpex,15.25,15.25,15.10,15.25,91000,1380550,0.05,,71550000,36,
2021-07-01_1752,2021-07-01,1752,南光,tpex,39.80,39.95,39.50,39.50,475000,18875950,-0.10,,100988472,227,
2021-07-01_1760,2021-07-01,1760,寶齡富錦,twse,101.50,104.50,98.40,98.40,4675520,474773837,-3.1,,,2538,
2021-07-01_1762,2021-07-01,1762,中化生,twse,68.40,68.40,65.40,65.50,1378648,92375019,-1.6,,,833,
2021-07-01_1773,2021-07-01,1773,勝一,twse,126.00,127.00,125.00,125.00,342618,43157824,-1.0,,,310,
2021-07-01_1776,2021-07-01,1776,展宇,twse,18.15,18.30,18.15,18.20,31000,563700,-0.2,,,18,
2021-07-01_1777,2021-07-01,1777,生泰,tpex,79.50,79.60,77.80,78.20,138000,10813200,-0.60,,30059550,110,
2021-07-01_1781,2021-07-01,1781,合世,tpex,21.40,21.40,21.00,21.15,313000,6604250,-0.20,,47407605,166,
2021-07-01_1783,2021-07-01,1783,和康生,twse,37.20,37.20,35.50,35.55,784027,28325695,-1.6,,,461,
2021-07-01_1784,2021-07-01,1784,訊聯,tpex,42.15,42.60,41.50,41.80,321000,13461000,-0.25,,49626924,182,
2021-07-01_1785,2021-07-01,1785,光洋科,tpex,46.80,46.85,45.20,45.35,4507000,207047950,-1.10,,591931243,2521,
2021-07-01_1786,2021-07-01,1786,科妍,twse,55.00,55.00,53.80,53.90,50466,2745687,-0.8,,,56,
2021-07-01_1788,2021-07-01,1788,杏昌,tpex,135.00,135.50,135.00,135.50,27000,3650500,0.50,,38504813,26,
2021-07-01_1789,2021-07-01,1789,神隆,twse,25.95,26.30,25.90,26.10,1194913,31108304,0.25,,,596,
2021-07-01_1795,2021-07-01,1795,美時,twse,102.50,105.50,99.00,105.00,7451999,763366072,3.5,,,4617,
2021-07-01_1796,2021-07-01,1796,金穎生技,tpex,35.30,36.30,34.20,35.00,154000,5426050,-1.30,,40426391,103,
2021-07-01_1799,2021-07-01,1799,易威,tpex,15.60,15.60,15.40,15.45,127000,1966800,-0.15,,139379678,71,
2021-07-01_1802,2021-07-01,1802,台玻,twse,38.50,40.60,37.60,37.70,236683194,9253764527,0.3,,,94729,
2021-07-01_1805,2021-07-01,1805,寶徠,twse,13.10,13.15,12.75,12.80,156764,2031123,-0.35,,,71,
2021-07-01_1806,2021-07-01,1806,冠軍,twse,13.65,14.10,12.50,12.65,29598705,396904186,-0.6,,,10551,
2021-07-01_1808,2021-07-01,1808,潤隆,twse,56.50,57.00,56.00,56.10,54163,3046045,-0.9,,,55,
2021-07-01_1809,2021-07-01,1809,中釉,twse,17.15,17.50,15.40,15.50,25468365,420626302,-0.8,,,10477,
2021-07-01_1810,2021-07-01,1810,和成,twse,13.90,14.25,12.15,12.35,17162037,227007183,-1.0,,,6072,
2021-07-01_1813,2021-07-01,1813,寶利徠,tpex,19.50,19.50,19.15,19.25,81000,1559900,-0.10,,46635510,44,
2021-07-01_1815,2021-07-01,1815,富喬,tpex,19.10,19.10,17.70,17.95,40685000,744327150,-1.15,,417954909,13895,
2021-07-01_1817,2021-07-01,1817,凱撒衛,twse,39.90,40.25,39.20,39.35,775674,30886253,0.85,,,605,
2021-07-01_1903,2021-07-01,1903,士紙,twse,69.70,71.40,65.90,66.80,4092248,281901228,-2.2,,,2411,
2021-07-01_1904,2021-07-01,1904,正隆,twse,50.00,51.50,47.00,47.70,38262567,1873365814,-0.8,,,19980,
2021-07-01_1905,2021-07-01,1905,華紙,twse,29.50,29.50,28.75,28.85,14958808,436602240,0.05,,,8152,
2021-07-01_1906,2021-07-01,1906,寶隆,twse,22.45,23.05,21.80,22.00,4679634,105042090,-0.3,,,2121,
2021-07-01_1907,2021-07-01,1907,永豐餘,twse,45.90,47.90,45.00,45.60,57976049,2690804441,-0.1,,,26375,
2021-07-01_1909,2021-07-01,1909,榮成,twse,29.30,30.60,28.80,29.15,85629990,2535191172,0.0,,,32162,
2021-07-01_2002,2021-07-01,2002,中鋼,twse,40.65,41.35,38.65,39.10,417157122,16656813151,-0.5,,,144829,
2021-07-01_2002A,2021-07-01,2002A,中鋼特,twse,51.60,51.60,51.50,51.50,38191,1969152,-0.1,,,41,
2021-07-01_2006,2021-07-01,2006,東和鋼鐵,twse,53.80,54.80,50.10,50.80,42488589,2217899024,-1.7,,,20584,
2021-07-01_2007,2021-07-01,2007,燁興,twse,22.85,22.85,21.75,22.85,73292077,1665595339,2.05,,,22469,
2021-07-01_2008,2021-07-01,2008,高興昌,twse,27.30,28.30,24.70,25.30,12603840,334314024,-0.95,,,6547,
2021-07-01_2009,2021-07-01,2009,第一銅,twse,67.40,68.40,62.30,62.70,27987195,1812759490,-3.7,,,16915,
2021-07-01_2010,2021-07-01,2010,春源,twse,37.55,37.55,32.35,33.95,122345375,4248301763,-0.2,,,54096,
2021-07-01_2012,2021-07-01,2012,春雨,twse,41.00,42.50,36.20,36.35,36222280,1414877984,-3.05,,,18024,
2021-07-01_2013,2021-07-01,2013,中鋼構,twse,48.05,48.85,46.00,46.85,8461700,398414224,-1.2,,,4925,
2021-07-01_2014,2021-07-01,2014,中鴻,twse,63.00,64.40,58.30,58.80,293638428,17947451634,-2.4,,,119680,
2021-07-01_2015,2021-07-01,2015,豐興,twse,81.80,82.70,78.50,79.80,2119404,170100537,-1.5,,,1598,
2021-07-01_2017,2021-07-01,2017,官田鋼,twse,34.95,35.25,30.30,30.50,74777289,2409269156,-1.6,,,33203,
2021-07-01_2020,2021-07-01,2020,美亞,twse,41.85,42.80,38.30,39.10,28359586,1137654868,-1.75,,,13218,
2021-07-01_2022,2021-07-01,2022,聚亨,twse,27.60,27.60,24.00,25.80,54520877,1401527914,-0.85,,,31666,
2021-07-01_2023,2021-07-01,2023,燁輝,twse,35.10,36.55,33.30,36.55,345155235,12217701874,3.3,,,126771,
2021-07-01_2024,2021-07-01,2024,志聯,twse,30.85,30.85,29.15,30.85,9820783,299549480,2.8,,,3959,
2021-07-01_2025,2021-07-01,2025,千興,twse,5.69,5.69,5.69,5.69,4147422,23598821,0.51,up,,618,
2021-07-01_2027,2021-07-01,2027,大成鋼,twse,61.70,62.50,58.10,60.30,296401486,17867871655,0.8,,,125195,
2021-07-01_2028,2021-07-01,2028,威致,twse,60.80,61.80,56.20,56.80,18059616,1052988253,-3.3,,,10379,
2021-07-01_2029,2021-07-01,2029,盛餘,twse,49.75,51.40,46.50,48.90,47716927,2332698450,0.4,,,22380,
2021-07-01_2030,2021-07-01,2030,彰源,twse,39.00,40.35,36.20,37.50,126774140,4876071738,0.1,,,53405,
2021-07-01_2031,2021-07-01,2031,新光鋼,twse,81.90,83.20,76.20,78.80,42286170,3347109270,-1.0,,,22505,
2021-07-01_2032,2021-07-01,2032,新鋼,twse,32.30,33.10,30.65,33.10,37744580,1234003556,3.0,,,14415,
2021-07-01_2033,2021-07-01,2033,佳大,twse,29.65,31.40,26.20,26.65,18787142,533124035,-1.95,,,10141,
2021-07-01_2034,2021-07-01,2034,允強,twse,45.00,45.00,41.00,41.30,63206008,2697024539,-1.7,,,28616,
2021-07-01_2035,2021-07-01,2035,唐榮,tpex,50.00,50.90,44.20,44.20,2494000,114398300,-4.90,,350000000,1459,
2021-07-01_2038,2021-07-01,2038,海光,twse,63.00,63.80,57.30,58.00,39468956,2367279921,-3.9,,,21322,
2021-07-01_2049,2021-07-01,2049,上銀,twse,392.50,397.50,385.00,389.00,1298933,504899458,-6.0,,,1229,
2021-07-01_2059,2021-07-01,2059,川湖,twse,400.50,401.00,392.00,392.00,123804,48936530,-0.5,,,115,
2021-07-01_2061,2021-07-01,2061,風青,tpex,23.50,24.75,22.50,23.75,1823000,43032250,0.60,,46928758,867,
2021-07-01_2062,2021-07-01,2062,橋椿,twse,30.40,30.65,29.70,30.15,323040,9745705,-0.35,,,240,
2021-07-01_2063,2021-07-01,2063,世鎧,tpex,38.00,38.10,36.90,36.95,446000,16662050,-0.65,,45000000,244,
2021-07-01_2064,2021-07-01,2064,晉椿,tpex,25.40,26.00,21.55,21.65,3191000,74982500,-2.00,,69630000,1732,
2021-07-01_2065,2021-07-01,2065,世豐,tpex,54.70,55.00,52.00,52.00,788000,42071200,-1.20,,45375554,532,
2021-07-01_2066,2021-07-01,2066,世德,tpex,54.40,54.50,54.40,54.50,10000,544900,0.00,,36502870,10,
2021-07-01_2067,2021-07-01,2067,嘉鋼,tpex,16.10,16.75,15.30,15.55,2965000,47590550,0.25,,45138177,1299,
2021-07-01_2069,2021-07-01,2069,運錩,twse,38.95,40.90,38.00,40.90,61104276,2446927037,3.7,,,21752,
2021-07-01_2070,2021-07-01,2070,精湛,tpex,28.05,28.95,27.95,27.95,52000,1467450,-0.30,,35782800,35,
2021-07-01_2101,2021-07-01,2101,南港,twse,38.40,38.50,37.80,38.20,4002895,152697042,-0.2,,,1220,
2021-07-01_2102,2021-07-01,2102,泰豐,twse,28.15,28.90,28.15,28.90,1779963,50876941,0.8,,,828,
2021-07-01_2103,2021-07-01,2103,台橡,twse,36.10,37.70,34.90,35.40,21071465,769133255,-0.55,,,8900,
2021-07-01_2104,2021-07-01,2104,國際中橡,twse,26.90,27.90,26.90,27.20,9123655,250110456,0.35,,,3860,
2021-07-01_2105,2021-07-01,2105,正新,twse,46.40,47.20,46.05,46.30,3879011,180414950,-0.45,,,2016,
2021-07-01_2106,2021-07-01,2106,建大,twse,40.55,40.70,39.80,39.95,1064352,42905103,-0.55,,,630,
2021-07-01_2107,2021-07-01,2107,厚生,twse,25.00,25.30,24.90,25.05,1332763,33489743,0.25,,,728,
2021-07-01_2108,2021-07-01,2108,南帝,twse,144.00,146.50,139.00,140.50,9311810,1327752168,-3.0,,,7101,
2021-07-01_2109,2021-07-01,2109,華豐,twse,20.30,20.55,19.90,19.90,1084181,21848410,-0.35,,,656,
2021-07-01_2114,2021-07-01,2114,鑫永銓,twse,144.50,149.50,144.00,146.50,453914,66666797,2.0,,,350,
2021-07-01_2115,2021-07-01,2115,六暉-KY,twse,49.45,49.70,48.80,49.00,185741,9142293,0.4,,,118,
2021-07-01_2201,2021-07-01,2201,裕隆,twse,42.80,43.05,42.10,42.15,4437975,188892738,-0.45,,,1759,
2021-07-01_2204,2021-07-01,2204,中華,twse,77.40,77.40,76.10,76.80,1153876,88610310,0.0,,,853,
2021-07-01_2206,2021-07-01,2206,三陽工業,twse,30.20,30.80,30.10,30.20,1912730,58191847,0.0,,,978,
2021-07-01_2207,2021-07-01,2207,和泰車,twse,606.00,620.00,603.00,615.00,289917,177171952,1.0,,,394,
2021-07-01_2208,2021-07-01,2208,台船,twse,28.30,28.60,27.10,27.10,39551144,1101173735,-0.75,,,17924,
2021-07-01_2211,2021-07-01,2211,長榮鋼,twse,71.00,71.00,65.90,66.70,5491979,374187442,-3.0,,,3792,
2021-07-01_2221,2021-07-01,2221,大甲,tpex,31.30,31.80,29.05,29.55,865000,26079900,-1.50,,42325000,535,
2021-07-01_2227,2021-07-01,2227,裕日車,twse,272.00,273.00,271.50,271.50,47147,12835354,0.0,,,131,
2021-07-01_2228,2021-07-01,2228,劍麟,twse,73.90,74.40,73.40,73.90,127166,9392983,0.0,,,85,
2021-07-01_2230,2021-07-01,2230,泰茂,tpex,15.35,15.35,14.95,15.30,122000,1844500,0.05,,39913194,87,
2021-07-01_2231,2021-07-01,2231,為升,twse,206.00,207.00,196.50,197.50,2677281,535474533,-9.0,,,2460,
2021-07-01_2233,2021-07-01,2233,宇隆,twse,137.50,140.00,133.50,133.50,1305588,177532700,-5.0,,,1021,
2021-07-01_2235,2021-07-01,2235,謚源,tpex,42.95,43.25,42.30,43.15,11000,472950,0.20,,35878000,11,
2021-07-01_2236,2021-07-01,2236,百達-KY,twse,25.70,26.15,25.15,25.50,93735,2405976,-0.8,,,64,
2021-07-01_2239,2021-07-01,2239,英利-KY,twse,88.10,88.70,86.70,87.80,133381,11707193,-0.7,,,120,
2021-07-01_2241,2021-07-01,2241,艾姆勒,twse,56.80,56.80,55.50,56.40,147531,8274118,-0.4,,,113,
2021-07-01_2243,2021-07-01,2243,宏旭-KY,twse,12.00,12.15,11.55,11.55,106000,1251850,-0.15,,,66,
2021-07-01_2247,2021-07-01,2247,汎德永業,twse,228.50,230.00,227.00,227.50,74438,16984998,0.0,,,125,
2021-07-01_2250,2021-07-01,2250,IKKA-KY,twse,193.00,197.00,187.00,187.00,629013,119159151,-8.0,,,734,
2021-07-01_2301,2021-07-01,2301,光寶科,twse,57.50,57.70,56.50,56.60,9805055,557498880,-1.0,,,5981,
2021-07-01_2302,2021-07-01,2302,麗正,twse,19.45,19.45,18.55,19.00,594583,11219120,-0.3,,,446,
2021-07-01_2303,2021-07-01,2303,聯電,twse,53.30,53.40,52.10,52.10,93298609,4902640069,-1.0,,,36656,
2021-07-01_2305,2021-07-01,2305,全友,twse,8.63,9.08,8.48,8.65,4886416,42615873,0.14,,,1047,
2021-07-01_2308,2021-07-01,2308,台達電,twse,303.00,305.00,297.00,297.50,4839822,1455398664,-5.5,,,3919,
2021-07-01_2312,2021-07-01,2312,金寶,twse,13.15,14.20,13.15,14.20,62616659,866572251,1.25,,,17845,
2021-07-01_2313,2021-07-01,2313,華通,twse,42.30,42.75,42.10,42.10,12435923,527222086,0.1,,,4944,
2021-07-01_2314,2021-07-01,2314,台揚,twse,50.70,55.00,50.40,55.00,57195832,3098879445,5.0,,,19166,
2021-07-01_2316,2021-07-01,2316,楠梓電,twse,30.30,30.30,29.85,29.85,437348,13128780,-0.2,,,308,
2021-07-01_2317,2021-07-01,2317,鴻海,twse,112.50,112.50,111.50,112.00,16011423,1792574133,0.0,,,10028,
2021-07-01_2321,2021-07-01,2321,東訊,twse,6.86,6.88,6.86,6.88,43844,301528,-0.04,,,41,
2021-07-01_2323,2021-07-01,2323,中環,twse,10.20,10.45,10.10,10.30,25530192,262570288,0.15,,,5067,
2021-07-01_2324,2021-07-01,2324,仁寶,twse,22.35,22.40,22.00,22.00,21315903,471359239,-0.35,,,7322,
2021-07-01_2327,2021-07-01,2327,國巨*,twse,573.00,578.00,556.00,557.00,11013703,6229682016,0.0,,,11146,
2021-07-01_2328,2021-07-01,2328,廣宇,twse,39.80,40.15,38.70,38.90,9215108,362325337,-0.9,,,5489,
2021-07-01_2329,2021-07-01,2329,華泰,twse,20.70,20.80,19.95,20.05,13030057,264240193,-0.6,,,4848,
2021-07-01_2330,2021-07-01,2330,台積電,twse,596.00,597.00,591.00,593.00,18719706,11116195742,-2.0,,,20565,
2021-07-01_2331,2021-07-01,2331,精英,twse,21.85,22.15,21.30,21.40,4306006,93174458,-0.6,,,1739,
2021-07-01_2332,2021-07-01,2332,友訊,twse,19.20,19.60,19.00,19.00,3991088,76779320,-0.05,,,1517,
2021-07-01_2337,2021-07-01,2337,旺宏,twse,45.40,45.45,44.00,44.20,31138819,1389855451,-1.5,,,14068,
2021-07-01_2338,2021-07-01,2338,光罩,twse,84.50,85.30,83.30,84.20,7580503,639897046,0.6,,,4657,
2021-07-01_2340,2021-07-01,2340,台亞,twse,25.80,27.00,25.60,26.85,11785010,312069990,1.3,,,5184,
2021-07-01_2342,2021-07-01,2342,茂矽,twse,37.70,38.55,36.80,37.05,6270730,235038441,-1.35,,,3483,
2021-07-01_2344,2021-07-01,2344,華邦電,twse,34.85,34.85,33.90,34.00,58378419,1999245362,-0.85,,,22232,
2021-07-01_2345,2021-07-01,2345,智邦,twse,329.50,330.50,313.00,320.00,1816355,584055493,-10.5,,,1614,
2021-07-01_2347,2021-07-01,2347,聯強,twse,51.00,51.10,50.40,50.50,8692561,439940992,-0.4,,,2377,
2021-07-01_2348,2021-07-01,2348,海悅,twse,96.50,96.80,95.30,95.40,276212,26506913,-1.1,,,310,
2021-07-01_2349,2021-07-01,2349,錸德,twse,9.35,10.15,9.35,10.15,13364707,131968693,0.91,,,4334,
2021-07-01_2351,2021-07-01,2351,順德,twse,125.50,126.50,117.50,121.00,7850850,951080590,-4.5,,,4930,
2021-07-01_2352,2021-07-01,2352,佳世達,twse,30.90,31.20,30.50,30.55,10806830,333174486,-0.25,,,3940,
2021-07-01_2353,2021-07-01,2353,宏碁,twse,29.40,29.45,28.75,28.75,24680421,715017338,-0.55,,,11866,
2021-07-01_2354,2021-07-01,2354,鴻準,twse,65.90,66.20,64.80,65.10,3900711,254826951,-0.6,,,2417,
2021-07-01_2355,2021-07-01,2355,敬鵬,twse,32.60,33.25,32.25,32.30,2116010,69136961,-0.3,,,1170,
2021-07-01_2356,2021-07-01,2356,英業達,twse,26.30,26.45,26.20,26.20,12536701,329890737,-0.05,,,4500,
2021-07-01_2357,2021-07-01,2357,華碩,twse,370.50,373.50,367.00,367.00,3047527,1125010014,-4.5,,,3657,
2021-07-01_2358,2021-07-01,2358,廷鑫,twse,15.50,15.50,14.70,14.90,1116712,16822320,-0.45,,,529,
2021-07-01_2359,2021-07-01,2359,所羅門,twse,17.40,17.45,17.15,17.35,167216,2893609,0.05,,,109,
2021-07-01_2360,2021-07-01,2360,致茂,twse,192.00,200.00,191.50,198.50,906582,179321486,7.0,,,890,
2021-07-01_2362,2021-07-01,2362,藍天,twse,30.20,30.30,29.85,29.90,558056,16765191,-0.4,,,286,
2021-07-01_2363,2021-07-01,2363,矽統,twse,21.80,21.80,21.00,21.15,8088360,172504616,-0.4,,,3354,
2021-07-01_2364,2021-07-01,2364,倫飛,twse,3.20,3.22,3.20,3.22,310213,995883,0.06,,,96,
2021-07-01_2365,2021-07-01,2365,昆盈,twse,11.90,11.90,11.60,11.65,1346546,15763273,-0.15,,,600,
2021-07-01_2367,2021-07-01,2367,燿華,twse,22.40,22.50,21.75,21.75,5853097,129382897,-0.3,,,2404,
2021-07-01_2368,2021-07-01,2368,金像電,twse,67.10,68.00,65.50,66.90,14880382,992344587,0.0,,,7751,
2021-07-01_2369,2021-07-01,2369,菱生,twse,19.60,19.70,19.00,19.40,11656951,225593957,-0.1,,,3623,
2021-07-01_2371,2021-07-01,2371,大同,twse,24.95,25.15,24.45,24.55,11714234,289703381,-0.15,,,3635,
2021-07-01_2373,2021-07-01,2373,震旦行,twse,92.70,92.70,91.90,91.90,21452,1976714,-0.1,,,29,
2021-07-01_2374,2021-07-01,2374,佳能,twse,15.85,16.00,15.80,15.90,615994,9781885,0.05,,,321,
2021-07-01_2375,2021-07-01,2375,凱美,twse,122.00,122.00,113.50,114.00,17035839,1990078887,-9.0,,,12253,
2021-07-01_2376,2021-07-01,2376,技嘉,twse,107.50,108.50,106.00,107.00,5670811,606988996,-0.5,,,4157,
2021-07-01_2377,2021-07-01,2377,微星,twse,158.00,160.50,157.50,158.00,3493772,554936230,0.5,,,2709,
2021-07-01_2379,2021-07-01,2379,瑞昱,twse,514.00,514.00,492.00,492.50,2415993,1199152287,-12.5,,,2544,
2021-07-01_2380,2021-07-01,2380,虹光,twse,11.95,11.95,11.60,11.65,1198496,14134536,-0.1,,,489,
2021-07-01_2382,2021-07-01,2382,廣達,twse,87.40,88.80,87.10,88.20,10942463,965635541,0.7,,,6198,
2021-07-01_2383,2021-07-01,2383,台光電,twse,219.00,220.50,206.00,210.00,8011537,1697341091,-8.0,,,5981,
2021-07-01_2385,2021-07-01,2385,群光,twse,80.20,80.20,79.20,79.20,3654108,291059840,-1.2,,,2501,
2021-07-01_2387,2021-07-01,2387,精元,twse,53.20,53.20,52.00,52.10,974737,51061905,-1.1,,,544,
2021-07-01_2388,2021-07-01,2388,威盛,twse,56.60,56.80,53.80,53.80,4555311,251612384,-2.8,,,2791,
2021-07-01_2390,2021-07-01,2390,云辰,twse,26.25,26.70,25.70,25.75,14554195,381909454,-0.5,,,5110,
2021-07-01_2392,2021-07-01,2392,正崴,twse,42.30,42.80,42.20,42.45,1958442,83315370,0.2,,,945,
2021-07-01_2393,2021-07-01,2393,億光,twse,52.70,53.00,50.80,51.00,5422918,279386785,-1.7,,,3226,
2021-07-01_2395,2021-07-01,2395,研華,twse,343.00,346.00,334.00,334.00,518028,175856273,-11.0,,,479,
2021-07-01_2397,2021-07-01,2397,友通,twse,64.50,64.50,64.00,64.00,25159,1618507,-0.5,,,23,
2021-07-01_2399,2021-07-01,2399,映泰,twse,26.10,26.25,25.15,25.55,3679299,94750423,-0.3,,,1755,
2021-07-01_2401,2021-07-01,2401,凌陽,twse,31.90,32.25,30.95,31.10,14961723,471134437,-0.65,,,7330,
2021-07-01_2402,2021-07-01,2402,毅嘉,twse,19.40,19.65,18.70,18.85,2737034,52425728,-0.4,,,1285,
2021-07-01_2404,2021-07-01,2404,漢唐,twse,212.50,212.50,209.00,209.00,1106209,232809986,-3.5,,,1593,
2021-07-01_2405,2021-07-01,2405,輔信,twse,12.35,12.35,11.90,12.00,1384011,16672491,-0.2,,,605,
2021-07-01_2406,2021-07-01,2406,國碩,twse,23.50,23.85,22.40,22.95,22547132,523339603,-0.55,,,8479,
2021-07-01_2408,2021-07-01,2408,南亞科,twse,79.90,79.90,77.50,78.00,20124043,1581639173,-1.7,,,11552,
2021-07-01_2409,2021-07-01,2409,友達,twse,22.80,23.05,22.20,22.25,144954529,3276945701,-0.4,,,33168,
2021-07-01_2412,2021-07-01,2412,中華電,twse,114.00,114.50,113.50,113.50,6066475,690325248,-0.5,,,2191,
2021-07-01_2413,2021-07-01,2413,環科,twse,21.80,21.95,20.85,20.90,648181,13769853,-0.85,,,431,
2021-07-01_2414,2021-07-01,2414,精技,twse,30.30,30.50,30.00,30.10,405719,12279948,0.1,,,276,
2021-07-01_2415,2021-07-01,2415,錩新,twse,44.80,45.20,42.95,43.60,2435548,107423681,-0.75,,,1408,
2021-07-01_2417,2021-07-01,2417,圓剛,twse,40.25,40.45,39.85,40.00,1274581,51046367,-0.3,,,818,
2021-07-01_2419,2021-07-01,2419,仲琦,twse,20.75,20.95,20.60,20.75,324389,6735241,0.05,,,197,
2021-07-01_2420,2021-07-01,2420,新巨,twse,39.25,39.30,38.85,38.95,338222,13196537,-0.05,,,288,
2021-07-01_2421,2021-07-01,2421,建準,twse,45.30,46.20,45.00,45.15,1000301,45465719,-0.05,,,759,
2021-07-01_2423,2021-07-01,2423,固緯,twse,24.30,24.35,24.10,24.25,149105,3609251,-0.05,,,106,
2021-07-01_2424,2021-07-01,2424,隴華,twse,23.40,23.60,23.40,23.60,2122,49866,0.0,,,4,
2021-07-01_2425,2021-07-01,2425,承啟,twse,29.20,29.20,28.05,28.70,602852,17223857,-0.3,,,387,
2021-07-01_2426,2021-07-01,2426,鼎元,twse,25.40,25.70,24.90,25.00,2527977,63910034,-0.25,,,1246,
2021-07-01_2427,2021-07-01,2427,三商電,twse,11.40,11.45,11.35,11.35,141171,1608582,-0.05,,,73,
2021-07-01_2428,2021-07-01,2428,興勤,twse,199.00,199.00,186.50,189.00,1452841,279102332,-10.0,,,1273,
2021-07-01_2429,2021-07-01,2429,銘旺科,twse,15.65,15.65,15.40,15.50,29600,460638,-0.15,,,23,
2021-07-01_2430,2021-07-01,2430,燦坤,twse,33.70,33.85,32.70,32.80,1289016,42643540,-0.6,,,730,
2021-07-01_2431,2021-07-01,2431,聯昌,twse,14.40,14.40,13.75,14.20,1823614,25744751,-0.15,,,619,
2021-07-01_2433,2021-07-01,2433,互盛電,twse,53.50,53.50,53.30,53.50,59278,3165816,0.0,,,47,
2021-07-01_2434,2021-07-01,2434,統懋,twse,39.50,39.90,39.10,39.10,20585,811953,-0.85,,,22,
2021-07-01_2436,2021-07-01,2436,偉詮電,twse,74.80,77.00,74.00,77.00,23482995,1775789358,3.0,,,14963,
2021-07-01_2438,2021-07-01,2438,翔耀,twse,10.00,10.10,10.00,10.05,56219,564595,0.0,,,40,
2021-07-01_2439,2021-07-01,2439,美律,twse,105.50,106.50,104.50,104.50,685365,72163464,-1.0,,,569,
2021-07-01_2440,2021-07-01,2440,太空梭,twse,26.30,26.30,23.00,25.90,9378723,240492307,1.95,,,4309,
2021-07-01_2441,2021-07-01,2441,超豐,twse,79.00,80.30,78.40,78.50,4046016,320837192,-0.3,,,2928,
2021-07-01_2442,2021-07-01,2442,新美齊,twse,10.00,10.00,9.88,9.93,640901,6376410,-0.06,,,260,
2021-07-01_2443,2021-07-01,2443,昶虹,twse,2.95,3.00,2.95,2.99,218004,649028,-0.01,,,44,
2021-07-01_2444,2021-07-01,2444,兆勁,twse,11.50,11.55,11.35,11.40,961285,10997690,-0.15,,,275,
2021-07-01_2449,2021-07-01,2449,京元電子,twse,44.80,44.85,43.70,43.85,16760685,739310393,-1.05,,,8240,
2021-07-01_2450,2021-07-01,2450,神腦,twse,31.95,32.00,31.70,31.80,140610,4476564,-0.1,,,104,
2021-07-01_2451,2021-07-01,2451,創見,twse,74.00,74.00,72.50,72.70,1970720,143793369,-1.2,,,1421,
2021-07-01_2453,2021-07-01,2453,凌群,twse,24.70,25.50,24.30,24.40,806574,19986482,-0.45,,,381,
2021-07-01_2454,2021-07-01,2454,聯發科,twse,971.00,976.00,948.00,955.00,5621060,5387345203,-7.0,,,7519,
2021-07-01_2455,2021-07-01,2455,全新,twse,133.50,135.00,129.00,130.00,4904613,644524732,-4.0,,,3301,
2021-07-01_2456,2021-07-01,2456,奇力新,twse,110.50,110.50,105.50,106.00,23714648,2574655088,0.0,,,15432,
2021-07-01_2457,2021-07-01,2457,飛宏,twse,37.90,38.90,36.50,36.90,17220544,644462424,-1.25,,,9567,
2021-07-01_2458,2021-07-01,2458,義隆,twse,194.00,194.00,190.00,190.00,2073958,396838412,-4.5,,,1855,
2021-07-01_2459,2021-07-01,2459,敦吉,twse,56.00,56.10,55.60,55.60,104052,5810680,0.0,,,99,
2021-07-01_2460,2021-07-01,2460,建通,twse,32.05,32.20,30.70,30.80,1260460,39349227,-0.75,,,770,
2021-07-01_2461,2021-07-01,2461,光群雷,twse,20.75,20.90,20.40,20.50,1097311,22611292,-0.15,,,382,
2021-07-01_2462,2021-07-01,2462,良得電,twse,32.05,32.05,31.25,31.60,243489,7677073,-0.4,,,145,
2021-07-01_2464,2021-07-01,2464,盟立,twse,43.80,44.50,43.65,43.80,804680,35434062,0.1,,,501,
2021-07-01_2465,2021-07-01,2465,麗臺,twse,76.20,82.00,75.00,78.70,4114100,322932925,1.5,,,3175,
2021-07-01_2466,2021-07-01,2466,冠西電,twse,37.35,37.55,37.25,37.40,85635,3201006,0.05,,,79,
2021-07-01_2467,2021-07-01,2467,志聖,twse,57.20,58.40,56.50,56.50,1462787,83868531,-0.6,,,1085,
2021-07-01_2468,2021-07-01,2468,華經,twse,13.70,13.85,13.60,13.85,194300,2675060,0.15,,,86,
2021-07-01_2471,2021-07-01,2471,資通,twse,26.10,26.10,25.70,25.75,237005,6119530,-0.3,,,150,
2021-07-01_2472,2021-07-01,2472,立隆電,twse,71.00,71.00,67.30,67.70,4301527,296186395,-3.8,,,2996,
2021-07-01_2474,2021-07-01,2474,可成,twse,181.50,182.00,181.00,181.00,1433225,259917711,-1.0,,,1268,
2021-07-01_2476,2021-07-01,2476,鉅祥,twse,44.50,44.80,41.65,42.40,10802667,464990298,-1.0,,,5357,
2021-07-01_2477,2021-07-01,2477,美隆電,twse,35.40,35.40,34.05,34.30,1562902,54114149,-0.8,,,868,
2021-07-01_2478,2021-07-01,2478,大毅,twse,74.00,74.20,70.60,70.80,4578990,329294378,-4.1,,,2957,
2021-07-01_2480,2021-07-01,2480,敦陽科,twse,68.10,68.40,67.90,68.00,237360,16153725,0.0,,,243,
2021-07-01_2481,2021-07-01,2481,強茂,twse,86.50,86.50,78.30,79.70,33012128,2712504814,-6.5,,,21051,
2021-07-01_2482,2021-07-01,2482,連宇,twse,12.40,12.40,12.20,12.30,174749,2147000,-0.1,,,141,
2021-07-01_2483,2021-07-01,2483,百容,twse,22.30,22.80,22.10,22.25,272457,6118721,-0.05,,,135,
2021-07-01_2484,2021-07-01,2484,希華,twse,34.60,34.65,32.65,32.90,8807695,294265606,-1.45,,,4699,
2021-07-01_2485,2021-07-01,2485,兆赫,twse,21.30,22.20,21.20,21.35,10387313,225176137,0.15,,,2775,
2021-07-01_2486,2021-07-01,2486,一詮,twse,42.30,44.30,39.55,39.75,63387101,2690572550,-0.55,,,26247,
2021-07-01_2488,2021-07-01,2488,漢平,twse,31.00,31.00,30.45,30.60,122678,3758209,-0.3,,,105,
2021-07-01_2489,2021-07-01,2489,瑞軒,twse,17.45,17.60,17.15,17.20,5596522,96966952,-0.2,,,1939,
2021-07-01_2491,2021-07-01,2491,吉祥全,twse,25.35,25.35,24.25,24.35,679382,16802514,-0.55,,,397,
2021-07-01_2492,2021-07-01,2492,華新科,twse,222.50,222.50,214.00,214.00,11891921,2580263338,-13.5,,,9983,
2021-07-01_2493,2021-07-01,2493,揚博,twse,39.50,39.55,39.15,39.40,573905,22588293,-0.05,,,278,
2021-07-01_2495,2021-07-01,2495,普安,twse,18.75,19.15,18.15,18.45,2527033,46857308,-0.3,,,1231,
2021-07-01_2496,2021-07-01,2496,卓越,twse,56.70,56.70,56.10,56.70,20188,1140240,0.1,,,20,
2021-07-01_2497,2021-07-01,2497,怡利電,twse,33.15,33.20,31.70,31.80,997787,32244117,-1.35,,,605,
2021-07-01_2498,2021-07-01,2498,宏達電,twse,39.55,39.75,38.30,38.45,8950842,347123057,-0.85,,,4670,
2021-07-01_2501,2021-07-01,2501,國建,twse,19.80,19.90,19.70,19.70,740943,14653148,-0.1,,,412,
2021-07-01_2504,2021-07-01,2504,國產,twse,25.20,25.30,24.60,24.70,4947260,123146637,-0.65,,,2113,
2021-07-01_2505,2021-07-01,2505,國揚,twse,29.00,29.00,28.55,28.70,928495,26676825,-0.25,,,546,
2021-07-01_2506,2021-07-01,2506,太設,twse,10.50,10.50,10.15,10.15,659160,6727217,-0.3,,,243,
2021-07-01_2509,2021-07-01,2509,全坤建,twse,19.75,19.90,19.60,19.60,558969,11012245,-0.15,,,408,
2021-07-01_2511,2021-07-01,2511,太子,twse,11.95,12.00,11.75,11.80,1720986,20403930,-0.1,,,541,
2021-07-01_2514,2021-07-01,2514,龍邦,twse,17.75,17.80,17.40,17.60,264052,4652696,-0.1,,,149,
2021-07-01_2515,2021-07-01,2515,中工,twse,8.98,9.14,8.94,9.00,16180446,146396161,0.06,,,3883,
2021-07-01_2516,2021-07-01,2516,新建,twse,6.32,6.38,6.28,6.30,1058984,6699555,0.0,,,228,
2021-07-01_2520,2021-07-01,2520,冠德,twse,39.15,39.15,38.85,38.95,1585121,61784317,-0.15,,,848,
2021-07-01_2524,2021-07-01,2524,京城,twse,35.10,35.65,35.00,35.00,13540,476611,-0.45,,,17,
2021-07-01_2527,2021-07-01,2527,宏璟,twse,27.85,27.85,27.25,27.60,803763,22084390,-0.1,,,401,
2021-07-01_2528,2021-07-01,2528,皇普,twse,22.10,22.35,21.90,21.90,89000,1967750,-0.55,,,26,
2021-07-01_2530,2021-07-01,2530,華建,twse,13.70,13.80,13.70,13.70,534796,7358062,0.0,,,157,
2021-07-01_2534,2021-07-01,2534,宏盛,twse,19.50,19.65,19.45,19.50,465141,9075595,0.05,,,323,
2021-07-01_2535,2021-07-01,2535,達欣工,twse,34.65,34.70,34.35,34.50,1674243,57802345,-0.15,,,789,
2021-07-01_2536,2021-07-01,2536,宏普,twse,21.60,21.70,21.60,21.65,112353,2430587,0.0,,,68,
2021-07-01_2537,2021-07-01,2537,聯上發,twse,9.88,9.90,9.77,9.78,1411836,13871055,-0.1,,,340,
2021-07-01_2538,2021-07-01,2538,基泰,twse,9.96,9.99,9.93,9.96,737244,7344304,0.01,,,187,
2021-07-01_2539,2021-07-01,2539,櫻花建,twse,32.00,32.10,31.95,32.00,93787,3001803,0.0,,,82,
2021-07-01_2540,2021-07-01,2540,愛山林,twse,70.70,70.70,68.10,69.90,67049,4660985,-1.3,,,43,
2021-07-01_2542,2021-07-01,2542,興富發,twse,43.70,43.70,43.20,43.20,2641005,114512680,-0.45,,,1464,
2021-07-01_2543,2021-07-01,2543,皇昌,twse,7.59,7.59,7.41,7.56,81158,610554,-0.03,,,31,
2021-07-01_2545,2021-07-01,2545,皇翔,twse,43.35,43.70,43.25,43.50,1266680,55121035,0.25,,,626,
2021-07-01_2546,2021-07-01,2546,根基,twse,47.90,48.00,47.70,47.85,67167,3214363,0.15,,,66,
2021-07-01_2547,2021-07-01,2547,日勝生,twse,11.00,11.15,10.95,11.00,2104806,23263054,0.05,,,563,
2021-07-01_2548,2021-07-01,2548,華固,twse,85.00,85.20,84.80,84.80,641093,54441286,-0.2,,,505,
2021-07-01_2596,2021-07-01,2596,綠意,tpex,22.70,22.85,22.60,22.70,86000,1955300,-0.05,,100000000,41,
2021-07-01_2597,2021-07-01,2597,潤弘,twse,151.00,156.00,150.00,150.50,434553,66230868,-4.0,,,391,
2021-07-01_2601,2021-07-01,2601,益航,twse,25.95,26.50,25.00,25.20,53057481,1363784549,-0.75,,,26936,
2021-07-01_2603,2021-07-01,2603,長榮,twse,204.00,216.00,195.00,213.00,166820727,34549760104,16.0,,,123597,
2021-07-01_2605,2021-07-01,2605,新興,twse,55.90,58.80,54.40,56.50,34135076,1923118960,2.6,,,21040,
2021-07-01_2606,2021-07-01,2606,裕民,twse,90.10,96.40,88.60,88.70,240158483,22035649188,-0.4,,,130936,
2021-07-01_2607,2021-07-01,2607,榮運,twse,50.00,52.00,47.35,49.00,48944553,2420871956,-0.6,,,28210,
2021-07-01_2608,2021-07-01,2608,嘉里大榮,twse,70.60,71.50,67.40,67.50,16513745,1144380960,-1.7,,,11164,
2021-07-01_2609,2021-07-01,2609,陽明,twse,188.00,200.50,183.00,196.00,114395747,22088178301,13.5,,,81782,
2021-07-01_2610,2021-07-01,2610,華航,twse,19.40,19.70,19.05,19.15,123993111,2399478224,0.1,,,29811,
2021-07-01_2611,2021-07-01,2611,志信,twse,42.40,46.00,39.00,43.50,15563078,660377165,1.1,,,9337,
2021-07-01_2612,2021-07-01,2612,中航,twse,90.00,92.70,87.10,88.00,8673383,775165783,1.2,,,6035,
2021-07-01_2613,2021-07-01,2613,中櫃,twse,49.90,51.00,47.50,48.40,4505320,222476950,-1.5,,,3204,
2021-07-01_2614,2021-07-01,2614,東森,twse,44.00,47.30,44.00,45.70,12978638,597394147,2.7,,,5514,
2021-07-01_2615,2021-07-01,2615,萬海,twse,335.50,353.00,317.50,336.00,299468387,101894581360,15.0,,,172602,
2021-07-01_2616,2021-07-01,2616,山隆,twse,39.10,39.10,38.30,38.45,402942,15596843,-0.25,,,299,
2021-07-01_2617,2021-07-01,2617,台航,twse,72.00,72.00,65.80,71.90,138398546,9785452923,6.4,,,56441,
2021-07-01_2618,2021-07-01,2618,長榮航,twse,20.45,21.20,20.20,20.35,124863444,2581189495,0.2,,,33399,
2021-07-01_2630,2021-07-01,2630,亞航,twse,22.85,23.05,21.65,21.65,3835454,85204493,-1.25,,,2159,
2021-07-01_2633,2021-07-01,2633,台灣高鐵,twse,29.80,29.95,29.70,29.90,2885901,86088712,0.0,,,1448,
2021-07-01_2634,2021-07-01,2634,漢翔,twse,29.30,29.30,28.90,29.00,2217283,64519572,-0.15,,,1305,
2021-07-01_2636,2021-07-01,2636,台驊控股,twse,276.00,286.50,261.00,286.50,62401421,17432790300,26.0,,,37613,
2021-07-01_2637,2021-07-01,2637,慧洋-KY,twse,113.50,121.00,109.50,111.00,204889245,23580938863,0.5,,,105376,
2021-07-01_2640,2021-07-01,2640,大車隊,tpex,81.10,88.80,81.10,85.10,463000,39238000,4.30,,56442815,339,
2021-07-01_2641,2021-07-01,2641,正德,tpex,37.00,40.00,37.00,37.85,6336000,240693000,1.45,,152635888,2606,
2021-07-01_2642,2021-07-01,2642,宅配通,twse,143.00,152.50,139.50,143.00,39665763,5777976246,4.0,,,26644,
2021-07-01_2643,2021-07-01,2643,捷迅,tpex,117.00,126.50,114.00,126.50,10504000,1292581500,11.50,,30000000,6449,
2021-07-01_2701,2021-07-01,2701,萬企,twse,12.60,12.75,12.55,12.65,211765,2686178,0.05,,,126,
2021-07-01_2702,2021-07-01,2702,華園,twse,25.30,25.55,24.55,24.85,615635,15404453,-0.55,,,402,
2021-07-01_2704,2021-07-01,2704,國賓,twse,28.70,28.70,28.20,28.45,161652,4593860,0.45,,,117,
2021-07-01_2705,2021-07-01,2705,六福,twse,18.10,18.20,17.95,18.05,280271,5057222,-0.05,,,180,
2021-07-01_2706,2021-07-01,2706,第一店,twse,15.00,15.30,14.70,15.15,1497666,22474932,0.1,,,658,
2021-07-01_2707,2021-07-01,2707,晶華,twse,146.00,154.00,146.00,151.50,953061,143256332,5.5,,,902,
2021-07-01_2712,2021-07-01,2712,遠雄來,twse,37.50,38.00,37.50,38.00,55358,2091000,0.95,,,47,
2021-07-01_2718,2021-07-01,2718,晶悅,tpex,26.00,26.00,25.50,25.50,3000,77000,-0.50,,72576000,3,
2021-07-01_2719,2021-07-01,2719,燦星旅,tpex,12.10,12.10,12.10,12.10,1000,12100,0.45,up,34072100,1,
2021-07-01_2722,2021-07-01,2722,夏都,twse,30.80,32.35,30.80,32.20,183131,5817369,1.95,,,139,
2021-07-01_2723,2021-07-01,2723,美食-KY,twse,172.50,178.00,172.00,175.50,1031877,180991103,5.0,,,977,
2021-07-01_2724,2021-07-01,2724,富驛-KY,tpex,5.50,6.10,5.50,6.10,5000,28100,0.00,,79312690,2,
2021-07-01_2726,2021-07-01,2726,雅茗-KY,tpex,70.30,70.40,69.90,69.90,50000,3506600,-0.90,,36554412,40,
2021-07-01_2727,2021-07-01,2727,王品,twse,150.00,161.00,150.00,161.00,6768525,1062211306,14.5,,,6174,
2021-07-01_2729,2021-07-01,2729,瓦城,tpex,244.50,256.50,243.00,254.00,376000,93976500,12.00,,23266333,311,
2021-07-01_2731,2021-07-01,2731,雄獅,twse,90.80,93.50,90.80,92.90,1136229,104808670,2.5,,,899,
2021-07-01_2732,2021-07-01,2732,六角,tpex,120.00,122.00,119.00,122.00,203000,24436500,3.50,,43445127,191,
2021-07-01_2734,2021-07-01,2734,易飛網,tpex,28.80,29.85,28.00,28.35,563000,16268050,0.05,,30259760,399,
2021-07-01_2736,2021-07-01,2736,高野,tpex,17.40,17.80,17.10,17.25,480000,8360150,0.15,,48992383,257,
2021-07-01_2739,2021-07-01,2739,寒舍,twse,24.50,24.80,24.25,24.80,162000,3973800,0.3,,,121,
2021-07-01_2740,2021-07-01,2740,天蔥,tpex,23.50,23.50,23.50,23.50,4000,94000,0.05,up,13185484,2,
2021-07-01_2743,2021-07-01,2743,山富,tpex,23.30,24.50,23.15,24.50,229000,5471050,1.30,,32031700,138,
2021-07-01_2745,2021-07-01,2745,五福,tpex,24.30,25.35,24.00,25.35,157000,3896050,1.05,,29308526,98,
2021-07-01_2748,2021-07-01,2748,雲品,twse,41.20,42.50,41.10,42.30,120550,5031786,1.2,,,91,
2021-07-01_2752,2021-07-01,2752,豆府,tpex,139.50,152.00,139.00,152.00,676000,98385000,13.50,,23019984,490,
2021-07-01_2754,2021-07-01,2754,亞洲藏壽司,tpex,72.40,75.50,71.20,74.30,460000,33685600,3.30,,45836000,400,
2021-07-01_2755,2021-07-01,2755,揚秦,tpex,53.60,53.60,52.20,53.00,23000,1214600,0.70,,20000000,20,
2021-07-01_2801,2021-07-01,2801,彰銀,twse,16.10,16.20,16.00,16.10,10501174,169085244,-0.05,,,2846,
2021-07-01_2809,2021-07-01,2809,京城銀,twse,39.80,39.80,39.25,39.25,2449931,96607075,-0.6,,,1341,
2021-07-01_2812,2021-07-01,2812,台中銀,twse,11.60,11.65,11.55,11.55,4654126,53866470,-0.05,,,1266,
2021-07-01_2816,2021-07-01,2816,旺旺保,twse,20.40,20.65,20.40,20.60,165871,3413004,0.05,,,92,
2021-07-01_2820,2021-07-01,2820,華票,twse,16.25,16.25,16.15,16.20,1206834,19543801,0.0,,,472,
2021-07-01_2823,2021-07-01,2823,中壽,twse,26.35,26.95,26.10,26.20,32678706,867330459,-0.15,,,9292,
2021-07-01_2832,2021-07-01,2832,台產,twse,20.30,20.35,20.15,20.30,162780,3293027,0.05,,,112,
2021-07-01_2834,2021-07-01,2834,臺企銀,twse,9.45,9.46,9.41,9.42,17459362,164502349,-0.03,,,4488,
2021-07-01_2836,2021-07-01,2836,高雄銀,twse,10.75,10.85,10.75,10.80,1045814,11297361,0.0,,,184,
2021-07-01_2836A,2021-07-01,2836A,高雄銀甲特,twse,22.75,22.80,22.75,22.80,12029,274160,0.0,,,9,
2021-07-01_2838,2021-07-01,2838,聯邦銀,twse,11.70,11.70,11.60,11.65,791869,9230335,-0.05,,,271,
2021-07-01_2838A,2021-07-01,2838A,聯邦銀甲特,twse,53.30,53.40,53.30,53.30,80018,4265059,0.0,,,16,
2021-07-01_2841,2021-07-01,2841,台開,twse,6.41,6.52,6.39,6.39,891331,5754626,-0.02,,,324,
2021-07-01_2845,2021-07-01,2845,遠東銀,twse,10.60,10.60,10.55,10.60,1360627,14387757,0.0,,,535,
2021-07-01_2849,2021-07-01,2849,安泰銀,twse,15.75,15.85,15.70,15.85,270431,4271599,0.1,,,122,
2021-07-01_2850,2021-07-01,2850,新產,twse,40.45,40.85,40.20,40.75,506250,20557675,0.6,,,197,
2021-07-01_2851,2021-07-01,2851,中再保,twse,29.75,30.65,29.40,29.70,5250725,156985104,0.45,,,2192,
2021-07-01_2852,2021-07-01,2852,第一保,twse,13.05,13.25,13.00,13.00,140988,1841126,-0.05,,,69,
2021-07-01_2855,2021-07-01,2855,統一證,twse,26.85,27.20,26.75,26.95,5122002,138212930,0.2,,,1829,
2021-07-01_2867,2021-07-01,2867,三商壽,twse,9.32,9.33,9.24,9.25,5232123,48606956,-0.09,,,1106,
2021-07-01_2880,2021-07-01,2880,華南金,twse,18.40,18.40,18.25,18.35,6261905,114956948,-0.1,,,2469,
2021-07-01_2881,2021-07-01,2881,富邦金,twse,74.00,74.10,73.20,73.40,13667841,1006015510,-0.5,,,6320,
2021-07-01_2881A,2021-07-01,2881A,富邦特,twse,62.90,63.00,62.80,62.90,99678,6262925,0.0,,,31,
2021-07-01_2881B,2021-07-01,2881B,富邦金乙特,twse,63.10,63.10,63.10,63.10,22072,1392251,0.0,down,,23,
2021-07-01_2882,2021-07-01,2882,國泰金,twse,53.80,54.40,53.70,53.90,16255689,878024065,0.0,,,5109,
2021-07-01_2882A,2021-07-01,2882A,國泰特,twse,62.70,62.70,62.50,62.70,22133,1386297,0.0,,,19,
2021-07-01_2882B,2021-07-01,2882B,國泰金乙特,twse,62.80,63.00,62.70,63.00,9348,587256,0.0,,,17,
2021-07-01_2883,2021-07-01,2883,凱基金,twse,13.15,13.20,13.00,13.05,56270412,735503375,-0.1,,,8800,
2021-07-01_2884,2021-07-01,2884,玉山金,twse,26.20,26.25,26.00,26.00,32492382,846369205,-0.3,,,6419,
2021-07-01_2885,2021-07-01,2885,元大金,twse,26.75,26.90,26.60,26.65,28701631,770481341,-0.2,,,6645,
2021-07-01_2886,2021-07-01,2886,兆豐金,twse,32.70,32.80,32.50,32.65,14108325,460394782,-0.2,,,7574,
2021-07-01_2887,2021-07-01,2887,台新新光金,twse,15.25,15.30,15.15,15.25,16769214,255624704,0.0,,,3619,
2021-07-01_2887E,2021-07-01,2887E,台新新光戊特一,twse,53.40,53.40,53.30,53.40,39122,2088248,0.0,,,29,
2021-07-01_2887F,2021-07-01,2887F,台新新光戊特二,twse,52.20,52.20,52.20,52.20,73847,3854493,0.0,down,,44,
2021-07-01_2888,2021-07-01,2888,新光金,twse,9.54,9.55,9.49,9.52,30785436,292909843,-0.01,,,5029,
2021-07-01_2888A,2021-07-01,2888A,新光金甲特,twse,42.50,42.55,42.50,42.55,11915,506692,-0.25,,,16,
2021-07-01_2888B,2021-07-01,2888B,新光金乙特,twse,40.85,40.90,40.80,40.85,67376,2752521,0.05,,,59,
2021-07-01_2889,2021-07-01,2889,國票金,twse,16.50,16.50,16.35,16.35,3107619,50965134,-0.15,,,1582,
2021-07-01_2890,2021-07-01,2890,永豐金,twse,13.80,13.80,13.70,13.70,18331487,251795476,-0.05,,,3018,
2021-07-01_2891,2021-07-01,2891,中信金,twse,22.60,22.65,22.50,22.55,24157658,544878374,-0.15,,,7966,
2021-07-01_2891B,2021-07-01,2891B,中信金乙特,twse,63.00,63.40,63.00,63.40,3903,246330,-0.1,,,25,
2021-07-01_2892,2021-07-01,2892,第一金,twse,22.60,22.65,22.50,22.50,8491930,191563199,-0.2,,,2912,
2021-07-01_2897,2021-07-01,2897,王道銀行,twse,7.05,7.10,7.04,7.08,682040,4819424,0.0,,,259,
2021-07-01_2897A,2021-07-01,2897A,王道銀甲特,twse,10.20,10.20,10.20,10.20,9060,92412,0.0,down,,5,
2021-07-01_2901,2021-07-01,2901,欣欣,twse,29.35,29.45,29.10,29.25,41093,1202393,0.15,,,34,
2021-07-01_2903,2021-07-01,2903,遠百,twse,22.70,23.30,22.65,23.30,1655761,38279162,0.55,,,816,
2021-07-01_2904,2021-07-01,2904,匯僑,twse,29.65,29.85,29.60,29.75,45837,1360724,0.0,,,50,
2021-07-01_2905,2021-07-01,2905,三商,twse,22.70,22.70,22.50,22.55,777879,17585743,0.0,,,294,
2021-07-01_2906,2021-07-01,2906,高林,twse,15.50,15.50,15.20,15.25,244744,3753867,-0.2,,,130,
2021-07-01_2908,2021-07-01,2908,特力,twse,25.90,26.10,25.90,26.05,58431,1517459,0.15,,,56,
2021-07-01_2910,2021-07-01,2910,統領,twse,33.00,33.00,32.60,33.00,5000,164200,0.0,,,4,
2021-07-01_2911,2021-07-01,2911,麗嬰房,twse,8.39,8.59,8.39,8.46,1213278,10292678,0.06,,,542,
2021-07-01_2912,2021-07-01,2912,統一超,twse,263.00,264.00,260.50,261.00,805676,210760899,-2.0,,,1126,
2021-07-01_2913,2021-07-01,2913,農林,twse,22.00,22.05,20.95,21.45,16819572,361772999,-0.55,,,4849,
2021-07-01_2915,2021-07-01,2915,潤泰全,twse,88.40,88.90,87.70,88.10,2095805,185104069,0.2,,,1225,
2021-07-01_2916,2021-07-01,2916,滿心,tpex,20.40,20.50,20.40,20.45,17000,347350,0.05,,54626878,16,
2021-07-01_2923,2021-07-01,2923,鼎固-KY,twse,29.30,29.80,28.50,29.10,144325,4140217,-0.45,,,85,
2021-07-01_2924,2021-07-01,2924,東凌-KY,tpex,18.60,18.60,18.60,18.60,2000,37200,0.10,up,32805174,1,
2021-07-01_2926,2021-07-01,2926,誠品生活,tpex,59.70,60.40,59.70,60.40,14000,839100,0.70,,47389650,14,
2021-07-01_2928,2021-07-01,2928,紅馬-KY,tpex,25.65,26.90,25.65,26.45,20000,525400,0.80,,47301154,16,
2021-07-01_2929,2021-07-01,2929,淘帝-KY,twse,16.50,16.70,15.80,16.05,695212,11282937,-0.4,,,341,
2021-07-01_2936,2021-07-01,2936,客思達-KY,twse,24.00,24.30,23.60,23.90,41200,981550,-0.4,,,40,
2021-07-01_2937,2021-07-01,2937,集雅社,tpex,36.40,36.80,36.40,36.50,9000,329900,0.10,,32860000,8,
2021-07-01_2939,2021-07-01,2939,永邑-KY,twse,35.55,35.55,31.55,33.00,27000,876450,-0.2,,,23,
2021-07-01_3002,2021-07-01,3002,歐格,twse,11.95,12.05,11.85,11.95,141070,1683233,0.0,,,79,
2021-07-01_3003,2021-07-01,3003,健和興,twse,83.20,84.70,80.50,81.50,4923557,405000157,-1.7,,,3156,
2021-07-01_3004,2021-07-01,3004,豐達科,twse,62.90,62.90,60.60,61.10,177555,10895143,-0.2,,,158,
2021-07-01_3005,2021-07-01,3005,神基,twse,55.00,55.00,54.00,54.10,1299988,70707713,-0.9,,,960,
2021-07-01_3006,2021-07-01,3006,晶豪科,twse,165.00,171.50,157.00,158.50,68453580,11300386773,-4.5,,,41477,
2021-07-01_3008,2021-07-01,3008,大立光,twse,3130.00,3160.00,3095.00,3105.00,284267,887188630,5.0,,,1559,
2021-07-01_3010,2021-07-01,3010,華立,twse,82.50,82.50,81.00,81.20,610807,49803262,-1.1,,,491,
2021-07-01_3011,2021-07-01,3011,今皓,twse,7.76,7.90,7.76,7.83,288701,2260348,0.05,,,128,
2021-07-01_3013,2021-07-01,3013,晟銘電,twse,13.80,13.80,13.35,13.70,859050,11645835,-0.05,,,423,
2021-07-01_3014,2021-07-01,3014,聯陽,twse,122.00,123.50,121.50,122.50,3487216,426607496,1.0,,,2523,
2021-07-01_3015,2021-07-01,3015,全漢,twse,44.05,44.45,43.00,43.20,854167,37179034,-0.85,,,633,
2021-07-01_3016,2021-07-01,3016,嘉晶,twse,72.20,72.20,69.80,69.90,3025932,213958507,-2.1,,,2175,
2021-07-01_3017,2021-07-01,3017,奇鋐,twse,80.70,81.60,79.50,79.50,12248820,984105124,-1.2,,,6737,
2021-07-01_3018,2021-07-01,3018,隆銘綠能,twse,16.65,17.50,16.65,16.95,446217,7633626,0.4,,,304,
2021-07-01_3019,2021-07-01,3019,亞光,twse,92.50,92.90,87.50,88.00,8501754,762249994,-4.0,,,5416,
2021-07-01_3021,2021-07-01,3021,鴻名,twse,20.25,20.35,19.60,19.60,512570,10221466,0.0,,,329,
2021-07-01_3022,2021-07-01,3022,威強電,twse,49.95,50.40,49.50,49.80,210028,10468441,-0.1,,,162,
2021-07-01_3023,2021-07-01,3023,信邦,twse,274.50,274.50,267.50,269.00,478915,129140828,-5.0,,,589,
2021-07-01_3024,2021-07-01,3024,憶聲,twse,14.10,14.45,13.90,13.90,2412275,34104510,-0.05,,,1101,
2021-07-01_3025,2021-07-01,3025,星通,twse,25.20,26.15,24.20,24.20,2318515,58467403,-0.4,,,1359,
2021-07-01_3026,2021-07-01,3026,禾伸堂,twse,143.50,144.50,138.00,139.00,5068677,712256209,-6.0,,,3662,
2021-07-01_3027,2021-07-01,3027,盛達,twse,24.00,24.00,22.50,22.75,2092313,48687879,-1.25,,,1071,
2021-07-01_3028,2021-07-01,3028,增你強,twse,29.95,29.95,29.65,29.75,1268678,37788308,0.1,,,535,
2021-07-01_3029,2021-07-01,3029,零壹,twse,46.00,46.70,45.70,45.70,903863,41767963,0.0,,,690,
2021-07-01_3030,2021-07-01,3030,德律,twse,59.80,60.10,59.50,59.70,488054,29166101,0.1,,,320,
2021-07-01_3031,2021-07-01,3031,佰鴻,twse,19.75,19.75,19.25,19.55,1200774,23395556,0.05,,,656,
2021-07-01_3032,2021-07-01,3032,偉訓,twse,42.40,42.40,41.70,41.70,567204,23752578,-0.7,,,351,
2021-07-01_3033,2021-07-01,3033,威健,twse,23.80,23.95,23.65,23.75,1724495,41073178,-0.05,,,813,
2021-07-01_3034,2021-07-01,3034,聯詠,twse,504.00,507.00,497.50,503.00,5015779,2518785622,4.0,,,4959,
2021-07-01_3035,2021-07-01,3035,智原,twse,76.30,76.60,73.30,74.00,5491605,412010660,-2.1,,,3600,
2021-07-01_3036,2021-07-01,3036,文曄,twse,53.90,54.00,53.30,53.50,927141,49700247,-0.2,,,585,
2021-07-01_3036A,2021-07-01,3036A,文曄甲特,twse,48.40,48.45,48.25,48.25,22362,1080716,-0.35,,,22,
2021-07-01_3037,2021-07-01,3037,欣興,twse,128.50,129.00,120.00,123.50,36250528,4485186828,-5.5,,,22482,
2021-07-01_3038,2021-07-01,3038,全台,twse,21.70,21.95,21.30,21.30,1691085,36489115,-0.45,,,856,
2021-07-01_3040,2021-07-01,3040,遠見,twse,50.50,50.60,50.00,50.00,278162,13963658,-0.5,,,208,
2021-07-01_3041,2021-07-01,3041,揚智,twse,27.65,28.30,26.95,27.10,2406315,66297277,-0.35,,,1264,
2021-07-01_3042,2021-07-01,3042,晶技,twse,126.50,127.00,120.50,122.00,8453519,1041623682,-4.0,,,6003,
2021-07-01_3043,2021-07-01,3043,科風,twse,3.90,3.98,3.90,3.90,270805,1061860,0.0,,,98,
2021-07-01_3044,2021-07-01,3044,健鼎,twse,135.50,136.00,133.50,133.50,1533434,206156711,-1.5,,,1069,
2021-07-01_3045,2021-07-01,3045,台灣大,twse,102.00,103.00,101.50,102.00,3372665,344377389,0.0,,,1994,
2021-07-01_3046,2021-07-01,3046,建碁,twse,22.85,22.90,22.30,22.30,139388,3133476,-0.55,,,107,
2021-07-01_3047,2021-07-01,3047,訊舟,twse,11.15,11.20,10.90,10.90,930720,10266554,-0.2,,,348,
2021-07-01_3048,2021-07-01,3048,益登,twse,34.15,34.40,33.85,33.95,1207883,41228795,-0.15,,,675,
2021-07-01_3049,2021-07-01,3049,精金,twse,12.10,12.65,12.05,12.60,12606353,155769849,0.5,,,3948,
2021-07-01_3050,2021-07-01,3050,鈺德,twse,14.80,15.00,14.65,14.75,985194,14637246,0.1,,,345,
2021-07-01_3051,2021-07-01,3051,力特,twse,12.75,13.80,12.75,13.25,4921884,64997375,0.5,,,1328,
2021-07-01_3052,2021-07-01,3052,夆典,twse,12.30,12.30,12.10,12.25,430426,5244146,0.0,,,208,
2021-07-01_3054,2021-07-01,3054,立萬利,twse,22.15,22.15,20.80,21.05,74222,1564512,-1.05,,,55,
2021-07-01_3055,2021-07-01,3055,蔚華科,twse,29.95,29.95,29.40,29.45,223202,6631286,-0.15,,,179,
2021-07-01_3056,2021-07-01,3056,富華新,twse,38.95,39.10,38.95,39.00,655802,25583638,0.05,,,385,
2021-07-01_3057,2021-07-01,3057,喬鼎,twse,14.00,14.35,13.75,13.80,579808,8130065,0.0,,,369,
2021-07-01_3058,2021-07-01,3058,立德,twse,17.10,17.40,16.35,16.60,5673310,95731750,-0.45,,,2145,
2021-07-01_3059,2021-07-01,3059,華晶科,twse,37.20,37.50,36.00,36.10,4479434,163670679,-0.95,,,2691,
2021-07-01_3060,2021-07-01,3060,銘異,twse,27.15,27.85,26.60,26.70,2982344,81149020,-0.1,,,1707,
2021-07-01_3062,2021-07-01,3062,建漢,twse,19.05,19.70,19.00,19.15,5704717,110467639,0.15,,,2215,
2021-07-01_3064,2021-07-01,3064,泰偉,tpex,25.05,25.35,24.60,24.60,4000,100000,0.00,,26738425,4,
2021-07-01_3066,2021-07-01,3066,李洲,tpex,13.10,13.10,11.80,11.80,30000,369350,-0.20,,83070612,25,
2021-07-01_3067,2021-07-01,3067,全域,tpex,29.00,29.45,29.00,29.30,3000,87750,0.80,,29025240,3,
2021-07-01_3071,2021-07-01,3071,協禧,tpex,26.65,27.15,26.65,26.70,405000,10859050,0.05,,110000000,218,
2021-07-01_3073,2021-07-01,3073,天方能源,tpex,22.95,22.95,22.00,22.75,4000,90500,-0.20,,17099556,4,
2021-07-01_3078,2021-07-01,3078,僑威,tpex,56.50,56.60,54.00,54.00,8347000,458211200,-2.20,,227391064,5064,
2021-07-01_3081,2021-07-01,3081,聯亞,tpex,265.00,265.00,255.50,256.50,863000,223867000,-8.50,,91369177,676,
2021-07-01_3083,2021-07-01,3083,網龍,tpex,56.20,58.30,55.90,56.20,1100000,62829300,0.40,,86116358,780,
2021-07-01_3085,2021-07-01,3085,新零售,tpex,8.40,8.43,8.40,8.43,10000,84150,0.01,,48038577,7,
2021-07-01_3086,2021-07-01,3086,華義,tpex,114.00,119.00,113.00,114.00,42000,4862000,1.50,,19369400,42,
2021-07-01_3088,2021-07-01,3088,艾訊,tpex,56.50,56.50,54.90,55.10,114000,6315000,-0.80,,83925578,92,
2021-07-01_3090,2021-07-01,3090,日電貿,twse,58.60,59.10,56.70,57.50,5927084,341272757,-3.0,,,3948,
2021-07-01_3092,2021-07-01,3092,鴻碩,twse,67.10,68.00,65.20,65.20,1634844,108234713,-1.8,,,1113,
2021-07-01_3093,2021-07-01,3093,港建,tpex,67.20,67.60,66.70,66.70,92000,6167500,-0.40,,36288894,61,
2021-07-01_3094,2021-07-01,3094,聯傑,twse,34.75,35.30,33.85,33.85,1862634,64009868,-0.85,,,1112,
2021-07-01_3095,2021-07-01,3095,及成,tpex,3.00,3.00,2.96,2.96,170000,509510,0.06,,109276321,30,
2021-07-01_3105,2021-07-01,3105,穩懋,tpex,380.00,380.00,366.00,366.00,3271000,1212956500,-9.00,,424041384,2351,
2021-07-01_3114,2021-07-01,3114,好德,tpex,24.95,25.75,24.70,24.85,365000,9160700,0.30,,59080000,214,
2021-07-01_3115,2021-07-01,3115,寶島極,tpex,15.10,15.10,15.10,15.10,1000,15100,0.90,up,43697600,1,
2021-07-01_3118,2021-07-01,3118,進階,tpex,31.25,31.25,31.00,31.05,38000,1182200,-0.20,,32452860,20,
2021-07-01_3122,2021-07-01,3122,笙泉,tpex,37.20,37.70,36.10,36.10,1306000,48050350,-0.95,,38299934,752,
2021-07-01_3128,2021-07-01,3128,昇銳,tpex,21.00,21.05,20.40,20.65,371000,7684550,-0.35,,42000000,182,
2021-07-01_3131,2021-07-01,3131,弘塑,tpex,432.00,436.50,417.00,417.00,594000,251942000,-10.50,,29216015,495,
2021-07-01_3138,2021-07-01,3138,耀登,twse,283.00,283.00,259.50,263.50,4573016,1244557915,6.0,,,4520,
2021-07-01_3141,2021-07-01,3141,晶宏,tpex,149.00,152.50,137.00,140.00,23945000,3462540500,-0.50,,65530523,15206,
2021-07-01_3144,2021-07-01,3144,新揚科,tpex,36.95,37.15,36.85,36.85,46000,1701550,-0.30,,100637750,31,
2021-07-01_3147,2021-07-01,3147,大綜,tpex,50.00,50.30,49.25,49.50,146000,7260700,-0.40,,34006099,118,
2021-07-01_3149,2021-07-01,3149,正達,twse,41.25,41.40,39.40,39.45,3734359,149855387,-1.3,,,2145,
2021-07-01_3152,2021-07-01,3152,璟德,tpex,510.00,510.00,490.00,490.00,396000,196436500,-15.00,,69016200,363,
2021-07-01_3163,2021-07-01,3163,波若威,tpex,45.00,45.35,44.10,44.10,479000,21454850,-0.60,,75286899,233,
2021-07-01_3164,2021-07-01,3164,景岳,twse,25.05,25.20,24.40,24.75,1155707,28872445,-0.05,,,237,
2021-07-01_3167,2021-07-01,3167,大量,twse,63.50,63.50,61.80,62.00,142153,8878417,-1.0,,,117,
2021-07-01_3169,2021-07-01,3169,亞信,tpex,189.00,193.00,180.00,184.50,2881000,539033000,-5.50,,61976981,1998,
2021-07-01_3171,2021-07-01,3171,新洲,tpex,25.75,25.95,25.75,25.90,156000,4034800,0.15,,66703515,88,
2021-07-01_3176,2021-07-01,3176,基亞,tpex,65.30,67.10,65.00,65.10,1370000,89889900,-0.20,,139257505,914,
2021-07-01_3178,2021-07-01,3178,公準,tpex,74.70,79.90,73.00,77.00,1890000,146489800,3.50,,45050000,1485,
2021-07-01_3188,2021-07-01,3188,鑫龍騰,tpex,14.40,14.40,14.20,14.30,42000,600200,0.05,,120295120,25,
2021-07-01_3189,2021-07-01,3189,景碩,twse,134.00,134.00,127.50,130.00,8018775,1045480818,-5.0,,,5525,
2021-07-01_3191,2021-07-01,3191,和進,tpex,6.10,6.10,6.02,6.02,110000,670040,-0.08,,57194761,24,
2021-07-01_3202,2021-07-01,3202,樺晟,tpex,14.20,14.20,13.85,13.85,449000,6310350,-0.35,,117164870,204,
2021-07-01_3205,2021-07-01,3205,佰研,tpex,28.40,28.40,27.50,27.60,64000,1775550,-0.30,,32772631,40,
2021-07-01_3206,2021-07-01,3206,志豐,tpex,33.15,33.20,32.95,32.95,52000,1719050,-0.25,,53916621,44,
2021-07-01_3207,2021-07-01,3207,耀勝,tpex,10.50,10.50,10.20,10.20,61000,632700,-0.45,,43770341,24,
2021-07-01_3209,2021-07-01,3209,全科,twse,29.25,29.35,28.95,29.20,895377,26155930,0.2,,,587,
2021-07-01_3211,2021-07-01,3211,順達,tpex,111.00,111.00,108.50,110.00,1177000,128897500,-1.50,,147480521,854,
2021-07-01_3213,2021-07-01,3213,茂訊,tpex,61.80,61.80,60.60,61.00,264000,16147900,-0.40,,58685547,190,
2021-07-01_3217,2021-07-01,3217,優群,tpex,111.00,112.50,108.50,109.00,515000,56775000,-1.00,,90104203,408,
2021-07-01_3218,2021-07-01,3218,大學光,tpex,347.00,353.50,330.00,334.50,1177000,397874500,-10.50,,76123000,968,
2021-07-01_3219,2021-07-01,3219,倚強科,tpex,111.50,111.50,105.50,107.00,13000,1388000,1.50,,70283968,13,
2021-07-01_3221,2021-07-01,3221,台嘉碩,tpex,25.30,25.45,24.20,24.25,1282000,31804250,-0.95,,102900410,738,
2021-07-01_3224,2021-07-01,3224,三顧,tpex,40.15,40.15,39.95,40.00,39000,1560550,0.00,,58016045,35,
2021-07-01_3226,2021-07-01,3226,至寶電,tpex,68.70,68.70,67.50,68.70,12000,817900,1.30,,64430573,10,
2021-07-01_3227,2021-07-01,3227,原相,tpex,199.00,202.00,195.50,201.50,6183000,1233081500,5.00,,141965078,4519,
2021-07-01_3228,2021-07-01,3228,金麗科,tpex,373.00,375.00,336.00,345.00,2437000,861297500,-27.00,,67792705,2105,
2021-07-01_3229,2021-07-01,3229,晟鈦,twse,6.08,6.30,6.08,6.26,41005,256031,0.05,,,21,
2021-07-01_3230,2021-07-01,3230,錦明,tpex,17.25,17.25,16.55,16.70,174000,2924750,-0.20,,59010900,108,
2021-07-01_3231,2021-07-01,3231,緯創,twse,31.10,31.45,31.05,31.05,10695558,333844072,0.05,,,4106,
2021-07-01_3232,2021-07-01,3232,昱捷,tpex,18.20,18.40,17.65,18.20,1471000,26616350,0.20,,36567865,630,
2021-07-01_3234,2021-07-01,3234,光環,tpex,29.60,30.20,29.50,29.80,2779000,83349300,0.20,,76474692,688,
2021-07-01_3236,2021-07-01,3236,千如,tpex,30.20,30.20,28.20,28.70,2328000,67675800,-2.10,,92920896,1381,
2021-07-01_3252,2021-07-01,3252,海灣,tpex,18.50,18.80,18.50,18.55,81000,1515150,0.05,,50195754,36,
2021-07-01_3257,2021-07-01,3257,虹冠電,twse,76.60,76.80,75.50,75.50,417896,31761909,-1.2,,,291,
2021-07-01_3259,2021-07-01,3259,鑫創,tpex,40.30,43.95,40.30,42.80,154000,6620400,2.70,,64687642,112,
2021-07-01_3260,2021-07-01,3260,威剛,tpex,112.50,114.50,105.50,106.50,30322000,3338052000,-5.00,,253791607,18547,
2021-07-01_3264,2021-07-01,3264,欣銓,tpex,45.30,45.30,44.30,44.40,2890000,129071950,-0.80,,490170076,1310,
2021-07-01_3265,2021-07-01,3265,台星科,tpex,28.70,29.05,27.25,28.10,266000,7560450,-0.30,,136261659,171,
2021-07-01_3266,2021-07-01,3266,昇陽,twse,12.65,12.70,12.50,12.50,26000,327050,-0.15,,,17,
2021-07-01_3268,2021-07-01,3268,海德威,tpex,34.00,34.00,32.70,32.85,356000,11846450,-0.95,,33426272,227,
2021-07-01_3272,2021-07-01,3272,東碩,tpex,40.15,40.50,39.80,39.85,200000,8013400,-0.45,,54614302,138,
2021-07-01_3276,2021-07-01,3276,宇環,tpex,14.30,14.60,14.10,14.15,268000,3829550,-0.45,,69712666,125,
2021-07-01_3284,2021-07-01,3284,太普高,tpex,12.50,12.50,12.20,12.25,177000,2182250,-0.55,,55961790,42,
2021-07-01_3285,2021-07-01,3285,微端,tpex,21.60,21.60,21.30,21.35,49000,1052950,-0.30,,44109324,24,
2021-07-01_3287,2021-07-01,3287,廣寰科,tpex,20.20,20.20,19.70,19.90,164000,3263950,-0.25,,43970483,82,
2021-07-01_3288,2021-07-01,3288,點晶,tpex,16.20,16.60,16.20,16.30,76000,1247600,-0.80,,22660060,51,
2021-07-01_3289,2021-07-01,3289,宜特,tpex,52.50,52.60,51.90,52.20,363000,18943700,0.10,,93575121,244,
2021-07-01_3290,2021-07-01,3290,東浦,tpex,14.40,14.60,13.65,13.75,767000,10741050,-0.60,,99548926,368,
2021-07-01_3293,2021-07-01,3293,鈊象,tpex,841.00,841.00,820.00,820.00,987000,816553000,-20.00,,70450390,889,
2021-07-01_3294,2021-07-01,3294,英濟,tpex,21.55,21.60,21.00,21.05,369000,7842750,-0.35,,132015919,181,
2021-07-01_3296,2021-07-01,3296,勝德,twse,20.60,20.60,20.15,20.40,143000,2906950,-0.1,,,95,
2021-07-01_3297,2021-07-01,3297,杭特,tpex,16.15,16.15,15.40,16.10,140000,2202200,-0.20,,36839445,104,
2021-07-01_3303,2021-07-01,3303,岱稜,tpex,22.60,22.75,22.30,22.45,454000,10226650,-0.10,,96089607,260,
2021-07-01_3305,2021-07-01,3305,昇貿,twse,51.00,52.10,50.00,50.40,4200859,214275897,0.0,,,2463,
2021-07-01_3306,2021-07-01,3306,鼎天,tpex,20.45,20.60,20.40,20.40,44000,902050,-0.05,,50607702,27,
2021-07-01_3308,2021-07-01,3308,聯德,twse,9.50,9.95,9.50,9.70,361830,3505651,0.23,,,172,
2021-07-01_3310,2021-07-01,3310,佳穎,tpex,28.15,28.15,27.90,28.05,36000,1008850,-0.10,,50260467,26,
2021-07-01_3311,2021-07-01,3311,閎暉,twse,33.50,33.55,33.00,33.30,195661,6484752,-0.2,,,147,
2021-07-01_3312,2021-07-01,3312,弘憶股,twse,21.50,21.55,21.10,21.10,800393,17058139,-0.1,,,421,
2021-07-01_3313,2021-07-01,3313,斐成,tpex,12.65,12.65,12.10,12.15,240000,2954550,-0.10,,98770776,144,
2021-07-01_3317,2021-07-01,3317,尼克森,tpex,72.50,72.80,68.70,69.80,5596000,394703400,-2.20,,61251550,3393,
2021-07-01_3321,2021-07-01,3321,同泰,twse,14.50,14.50,14.00,14.05,515520,7337695,-0.15,,,254,
2021-07-01_3322,2021-07-01,3322,建舜電,tpex,16.30,16.30,15.80,15.85,998000,15950500,-0.35,,96651520,491,
2021-07-01_3323,2021-07-01,3323,加百裕,tpex,50.00,50.10,48.55,48.85,1128000,55285500,-0.95,,80305914,627,
2021-07-01_3324,2021-07-01,3324,雙鴻,tpex,188.00,191.50,184.50,185.00,1400000,261358500,-3.00,,88394092,1048,
2021-07-01_3325,2021-07-01,3325,旭品,tpex,24.05,24.05,23.25,23.55,636000,15012900,-0.40,,84634579,364,
2021-07-01_3332,2021-07-01,3332,幸康,tpex,37.30,37.50,37.30,37.50,10000,374600,-0.85,,48104246,10,
2021-07-01_3338,2021-07-01,3338,泰碩,twse,52.10,53.00,51.00,51.10,376743,19471087,-0.7,,,317,
2021-07-01_3339,2021-07-01,3339,泰谷,tpex,30.55,31.55,30.30,30.30,668000,20525300,-0.60,,43281649,299,
2021-07-01_3346,2021-07-01,3346,麗清,twse,48.25,48.75,46.65,47.00,1502244,71518007,-1.65,,,971,
2021-07-01_3354,2021-07-01,3354,律勝,tpex,15.70,16.35,15.55,15.80,1243000,19891800,0.10,,70112426,301,
2021-07-01_3356,2021-07-01,3356,奇偶,twse,34.40,35.20,33.95,34.50,2073075,71607987,0.25,,,1344,
2021-07-01_3357,2021-07-01,3357,臺慶科,tpex,150.00,151.00,146.50,149.00,928000,137851500,,,103134000,654,
2021-07-01_3360,2021-07-01,3360,尚立,tpex,16.00,16.05,15.70,15.70,275000,4351500,-0.20,,68707054,124,
2021-07-01_3362,2021-07-01,3362,先進光,tpex,94.50,96.80,91.20,91.60,4516000,422841900,-3.90,,131545880,3236,
2021-07-01_3363,2021-07-01,3363,上詮,tpex,25.15,25.40,25.00,25.30,476000,12000700,0.15,,87073932,231,
2021-07-01_3372,2021-07-01,3372,典範,tpex,19.35,19.45,18.60,18.90,1079000,20528850,-0.35,,172100000,415,
2021-07-01_3373,2021-07-01,3373,熱映,tpex,70.40,71.40,70.30,70.60,249000,17617900,0.20,,43289801,168,
2021-07-01_3374,2021-07-01,3374,精材,tpex,171.00,171.00,163.50,164.00,5040000,841209500,-5.00,,271364316,3446,
2021-07-01_3376,2021-07-01,3376,新日興,twse,118.00,119.00,115.50,116.50,1771035,207189424,-0.5,,,1210,
2021-07-01_3379,2021-07-01,3379,彬台,tpex,13.20,13.70,12.90,13.05,373000,4978950,-0.15,,38041748,211,
2021-07-01_3380,2021-07-01,3380,明泰,twse,28.55,29.10,28.10,28.10,1632572,46522602,-0.45,,,1042,
2021-07-01_3383,2021-07-01,3383,新世紀,twse,4.65,4.65,4.59,4.60,32808,151838,0.01,,,20,
2021-07-01_3388,2021-07-01,3388,崇越電,tpex,77.90,77.90,77.20,77.60,102000,7909900,0.10,,74061000,68,
2021-07-01_3390,2021-07-01,3390,旭軟,tpex,18.20,18.20,17.65,17.90,188000,3359350,-0.30,,67505059,92,
2021-07-01_3402,2021-07-01,3402,漢科,tpex,39.45,39.75,39.15,39.25,372000,14669450,-0.20,,73047692,190,
2021-07-01_3406,2021-07-01,3406,玉晶光,twse,565.00,573.00,548.00,550.00,2927280,1627927653,-14.0,,,3231,
2021-07-01_3413,2021-07-01,3413,京鼎,twse,239.50,241.50,237.50,238.50,1081089,258566213,0.0,,,1002,
2021-07-01_3416,2021-07-01,3416,融程電,twse,75.80,75.80,74.50,74.90,101894,7632958,-0.7,,,87,
2021-07-01_3419,2021-07-01,3419,譁裕,twse,19.30,19.55,18.70,18.95,2369232,45678017,-0.25,,,649,
2021-07-01_3426,2021-07-01,3426,台興,tpex,40.40,40.40,39.80,40.40,14000,563050,0.00,,26400000,9,
2021-07-01_3432,2021-07-01,3432,台端,twse,13.00,13.30,13.00,13.00,635030,8369143,-0.1,,,139,
2021-07-01_3434,2021-07-01,3434,哲固,tpex,14.00,14.00,13.60,13.60,11000,150200,-0.20,,22700000,6,
2021-07-01_3437,2021-07-01,3437,榮創,twse,28.25,28.55,27.40,27.70,1690439,47061561,-0.45,,,908,
2021-07-01_3438,2021-07-01,3438,類比科,tpex,79.90,79.90,75.70,75.90,272000,21151200,-3.30,,47165815,235,
2021-07-01_3441,2021-07-01,3441,聯一光,tpex,41.80,42.50,39.00,39.90,1202000,48635400,-1.75,,40039920,840,
2021-07-01_3443,2021-07-01,3443,創意,twse,416.00,423.00,408.00,408.00,1543182,640206261,-5.0,,,1535,
2021-07-01_3444,2021-07-01,3444,利機,tpex,37.55,37.55,37.35,37.40,98000,3673650,-0.15,,39114586,60,
2021-07-01_3450,2021-07-01,3450,聯鈞,twse,56.90,57.70,56.20,56.20,657955,37312145,-0.6,,,402,
2021-07-01_3454,2021-07-01,3454,晶睿,twse,80.10,82.30,79.60,80.50,107885,8658963,0.4,,,130,
2021-07-01_3455,2021-07-01,3455,由田,tpex,59.60,59.60,58.50,58.60,138000,8129500,-0.60,,61468750,113,
2021-07-01_3465,2021-07-01,3465,進泰電子,tpex,185.00,187.00,182.00,182.50,31000,5705000,-2.00,,32160335,26,
2021-07-01_3466,2021-07-01,3466,致振,tpex,12.65,12.80,12.50,12.80,69000,869000,0.15,,60887573,36,
2021-07-01_3479,2021-07-01,3479,安勤,tpex,52.40,54.00,52.20,53.20,342000,18190200,0.80,,70619164,200,
2021-07-01_3481,2021-07-01,3481,群創,twse,21.05,21.30,20.65,20.75,173372751,3634383931,0.0,,,39692,
2021-07-01_3483,2021-07-01,3483,力致,tpex,89.20,89.80,88.00,88.00,500000,44293800,-0.80,,70686176,386,
2021-07-01_3484,2021-07-01,3484,崧騰,tpex,77.50,77.70,75.00,75.10,1054000,80052500,-2.10,,69736557,744,
2021-07-01_3489,2021-07-01,3489,森寶,tpex,11.05,11.25,10.85,11.00,107000,1180150,0.00,,83130670,42,
2021-07-01_3490,2021-07-01,3490,單井,tpex,25.90,25.90,24.90,25.30,1245000,31673400,-0.30,,57006435,485,
2021-07-01_3491,2021-07-01,3491,昇達科,tpex,67.90,69.80,67.90,68.70,233000,16044700,0.70,,62158662,199,
2021-07-01_3492,2021-07-01,3492,長盛,tpex,18.90,18.90,18.55,18.55,52000,970250,-0.35,,35531600,37,
2021-07-01_3494,2021-07-01,3494,誠研,twse,3.30,3.50,3.27,3.50,903361,3090878,0.31,,,268,
2021-07-01_3498,2021-07-01,3498,陽程,tpex,36.60,36.80,35.80,35.80,259000,9367750,-1.30,,63473008,153,
2021-07-01_3499,2021-07-01,3499,環天科,tpex,13.25,13.35,12.90,13.00,156000,2041250,-0.25,,54970596,109,
2021-07-01_3501,2021-07-01,3501,維熹,twse,51.50,52.00,51.30,52.00,199318,10283736,0.7,,,174,
2021-07-01_3504,2021-07-01,3504,揚明光,twse,90.50,93.40,87.50,87.80,2052788,184844773,-2.2,,,1376,
2021-07-01_3508,2021-07-01,3508,位速,tpex,21.95,21.95,21.05,21.10,688000,14690550,-0.85,,102217737,375,
2021-07-01_3511,2021-07-01,3511,矽瑪,tpex,38.50,40.45,37.60,37.85,7066000,274662550,-0.75,,79972945,4050,
2021-07-01_3512,2021-07-01,3512,皇龍,tpex,32.00,32.25,31.95,32.20,31000,993350,-0.10,,84000000,26,
2021-07-01_3515,2021-07-01,3515,華擎,twse,192.50,192.50,187.00,187.00,958734,181538059,-6.0,,,938,
2021-07-01_3516,2021-07-01,3516,亞帝歐,tpex,16.50,16.50,16.20,16.45,32000,520600,-0.05,,50590216,18,
2021-07-01_3518,2021-07-01,3518,柏騰,twse,26.50,26.60,25.60,26.00,151202,3939851,-0.6,,,113,
2021-07-01_3520,2021-07-01,3520,華盈,tpex,12.90,12.95,12.70,12.70,104000,1338750,-0.25,,48846778,60,
2021-07-01_3521,2021-07-01,3521,鴻翊,tpex,12.05,12.10,11.90,11.90,187000,2238150,-0.15,,47263907,81,
2021-07-01_3522,2021-07-01,3522,御頂,tpex,12.20,12.20,11.10,11.70,3326000,38586000,0.45,,72600000,1344,
2021-07-01_3523,2021-07-01,3523,迎輝,tpex,9.00,9.03,8.88,8.99,44000,393820,0.00,,103049780,28,
2021-07-01_3526,2021-07-01,3526,凡甲,tpex,153.50,153.50,148.00,148.00,426000,63752000,-4.00,,55831694,299,
2021-07-01_3527,2021-07-01,3527,聚積,tpex,114.00,118.50,113.50,117.50,910000,105849000,4.00,,44445125,613,
2021-07-01_3528,2021-07-01,3528,安馳,twse,47.10,47.65,47.05,47.55,171249,8113745,0.0,,,157,
2021-07-01_3529,2021-07-01,3529,力旺,tpex,1330.00,1345.00,1275.00,1310.00,576000,752515000,-25.00,,76079742,558,
2021-07-01_3530,2021-07-01,3530,晶相光,twse,163.50,173.50,161.00,165.50,12895651,2164797339,4.5,,,9309,
2021-07-01_3531,2021-07-01,3531,先益,tpex,22.95,22.95,22.85,22.85,10000,229100,0.20,,61175011,5,
2021-07-01_3532,2021-07-01,3532,台勝科,twse,191.00,192.50,180.00,180.00,1606688,295005089,-9.0,,,1402,
2021-07-01_3533,2021-07-01,3533,嘉澤,twse,581.00,584.00,564.00,564.00,445828,254454628,-20.0,,,548,
2021-07-01_3535,2021-07-01,3535,晶彩科,twse,15.95,16.50,15.80,15.80,881794,14150907,-0.15,,,316,
2021-07-01_3536,2021-07-01,3536,誠創,twse,7.05,7.45,7.05,7.30,132699,963982,0.25,,,39,
2021-07-01_3537,2021-07-01,3537,堡達,tpex,38.10,38.30,37.65,37.80,414000,15736950,-0.40,,53564742,259,
2021-07-01_3540,2021-07-01,3540,曜越,tpex,67.90,68.10,66.60,66.80,506000,34052500,-0.70,,66613044,328,
2021-07-01_3541,2021-07-01,3541,西柏,tpex,52.30,52.60,52.00,52.10,127000,6638200,0.10,,56787142,84,
2021-07-01_3543,2021-07-01,3543,州巧,twse,28.20,28.80,28.15,28.20,201040,5733909,0.1,,,158,
2021-07-01_3545,2021-07-01,3545,敦泰,twse,227.00,234.50,222.00,222.00,24857067,5660706084,-4.0,,,18079,
2021-07-01_3546,2021-07-01,3546,宇峻,tpex,88.60,93.70,88.50,92.10,1539000,141132100,4.00,,45883379,1177,
2021-07-01_3548,2021-07-01,3548,兆利,tpex,76.10,76.20,74.60,75.00,251000,18890200,-0.90,,60121398,185,
2021-07-01_3550,2021-07-01,3550,聯穎,twse,19.80,19.95,19.45,19.75,648200,12777638,0.2,,,357,
2021-07-01_3551,2021-07-01,3551,世禾,tpex,53.50,53.90,53.00,53.00,196000,10451300,-0.30,,56774890,126,
2021-07-01_3552,2021-07-01,3552,同致,tpex,256.00,265.00,254.00,254.00,5800000,1504050000,-2.00,,85592949,4294,
2021-07-01_3555,2021-07-01,3555,重鵬,tpex,30.65,32.85,30.65,32.75,7000,219000,-0.25,,35550000,6,
2021-07-01_3556,2021-07-01,3556,禾瑞亞,tpex,66.10,66.20,65.50,65.60,391000,25733200,-0.40,,59468675,293,
2021-07-01_3557,2021-07-01,3557,嘉威,twse,83.10,83.10,81.60,81.60,131947,10821194,-1.4,,,116,
2021-07-01_3558,2021-07-01,3558,神準,tpex,96.50,96.90,95.50,95.60,44000,4224400,-0.90,,49060881,44,
2021-07-01_3563,2021-07-01,3563,牧德,twse,261.00,261.00,255.00,255.00,143734,36990430,-4.0,,,172,
2021-07-01_3564,2021-07-01,3564,其陽,tpex,23.80,23.80,23.35,23.35,12000,281700,-0.05,,59123100,8,
2021-07-01_3567,2021-07-01,3567,逸昌,tpex,33.10,34.30,33.10,33.80,485000,16495900,0.50,,34127000,342,
2021-07-01_3570,2021-07-01,3570,大塚,tpex,73.70,74.00,73.30,74.00,52000,3824000,0.00,,17097000,33,
2021-07-01_3576,2021-07-01,3576,聯合再生,twse,13.20,13.20,12.95,12.95,14872405,193702785,-0.15,,,5130,
2021-07-01_3577,2021-07-01,3577,泓格,tpex,38.30,38.90,37.95,38.30,30000,1145550,-0.65,,52864177,21,
2021-07-01_3580,2021-07-01,3580,友威科,tpex,56.90,60.20,56.90,58.50,423000,24889700,1.60,,39470657,296,
2021-07-01_3581,2021-07-01,3581,博磊,tpex,23.90,23.95,23.60,23.70,194000,4617050,-0.15,,51006000,113,
2021-07-01_3583,2021-07-01,3583,辛耘,twse,63.90,64.40,62.40,62.50,293277,18526506,-1.9,,,226,
2021-07-01_3587,2021-07-01,3587,閎康,tpex,126.00,127.50,122.00,123.50,758000,94289500,-2.50,,62313157,538,
2021-07-01_3588,2021-07-01,3588,通嘉,twse,85.90,88.50,84.90,85.00,4230983,366659462,1.1,,,3043,
2021-07-01_3591,2021-07-01,3591,艾笛森,twse,21.05,22.70,20.90,21.25,2875901,62341904,0.55,,,1666,
2021-07-01_3593,2021-07-01,3593,力銘,twse,13.70,13.80,13.40,13.70,52231,708256,0.0,,,47,
2021-07-01_3594,2021-07-01,3594,磐儀,tpex,25.50,25.95,25.20,25.40,203000,5157600,0.00,,73176634,114,
2021-07-01_3596,2021-07-01,3596,智易,twse,105.50,107.50,103.00,103.50,2420642,253363367,-3.0,,,1847,
2021-07-01_3597,2021-07-01,3597,映興,tpex,29.55,29.55,29.10,29.10,23000,676350,-0.45,,35146150,16,
2021-07-01_3605,2021-07-01,3605,宏致,twse,51.90,52.30,49.30,50.30,4685334,236890065,-1.5,,,3026,
2021-07-01_3607,2021-07-01,3607,谷崧,twse,15.00,15.00,14.30,14.50,501332,7341991,-0.45,,,292,
2021-07-01_3609,2021-07-01,3609,東林,tpex,51.80,55.10,51.00,52.50,1198000,62711700,0.70,,30679387,613,
2021-07-01_3611,2021-07-01,3611,鼎翰,tpex,224.00,227.50,220.50,225.00,94000,21130500,1.00,,42476940,91,
2021-07-01_3615,2021-07-01,3615,安可,tpex,23.35,23.55,22.80,22.85,647000,14967950,-0.50,,68466976,304,
2021-07-01_3617,2021-07-01,3617,碩天,twse,87.20,87.20,86.30,86.30,86299,7483785,-0.4,,,86,
2021-07-01_3622,2021-07-01,3622,洋華,twse,32.00,32.60,31.15,31.60,683417,21814736,0.15,,,464,
2021-07-01_3623,2021-07-01,3623,富晶通,tpex,15.05,15.30,15.00,15.00,48000,723850,-0.10,,29185946,35,
2021-07-01_3624,2021-07-01,3624,光頡,tpex,40.50,41.45,36.55,40.05,16102000,628234150,1.15,,117340842,8955,
2021-07-01_3625,2021-07-01,3625,西勝,tpex,25.40,25.70,24.80,24.80,1470000,36966450,-0.40,,85405769,763,
2021-07-01_3628,2021-07-01,3628,盈正,tpex,36.60,37.45,36.05,36.05,58000,2129800,-0.50,,45000000,16,
2021-07-01_3629,2021-07-01,3629,地心引力,tpex,60.10,60.10,55.00,59.80,4000,229900,4.80,,32202455,4,
2021-07-01_3630,2021-07-01,3630,新鉅科,tpex,48.50,48.50,46.70,46.70,1141000,53902700,-1.35,,184191848,765,
2021-07-01_3631,2021-07-01,3631,晟楠,tpex,50.40,50.40,50.00,50.00,56000,2807900,-1.00,,81820909,31,
2021-07-01_3632,2021-07-01,3632,研勤,tpex,9.43,9.43,9.35,9.43,25000,234960,0.01,,40889738,22,
2021-07-01_3642,2021-07-01,3642,駿熠電,tpex,12.75,13.25,12.50,12.80,64000,827650,0.05,,40368642,41,
2021-07-01_3645,2021-07-01,3645,達邁,twse,50.40,51.20,49.60,49.60,736242,37044729,-0.4,,,488,
2021-07-01_3646,2021-07-01,3646,艾恩特,tpex,27.05,27.20,26.60,26.75,239000,6442600,-0.25,,39297371,109,
2021-07-01_3652,2021-07-01,3652,精聯,tpex,20.15,20.20,19.70,19.85,30000,595050,0.05,,47097500,23,
2021-07-01_3653,2021-07-01,3653,健策,twse,305.00,305.50,298.00,300.00,620108,186702454,-2.0,,,631,
2021-07-01_3661,2021-07-01,3661,世芯-KY,twse,615.00,639.00,611.00,613.00,3261458,2033102641,2.0,,,3457,
2021-07-01_3663,2021-07-01,3663,鑫科,tpex,25.70,25.70,24.25,24.25,222000,5511950,-0.70,,73498057,161,
2021-07-01_3664,2021-07-01,3664,安瑞-KY,tpex,10.00,10.20,9.88,10.10,69000,693570,0.00,,51111294,35,
2021-07-01_3665,2021-07-01,3665,貿聯-KY,twse,261.00,261.00,252.00,252.50,997966,255273268,-6.5,,,897,
2021-07-01_3666,2021-07-01,3666,光耀,tpex,39.05,39.60,38.20,38.20,431000,16666200,-0.85,,58613600,292,
2021-07-01_3669,2021-07-01,3669,圓展,twse,80.20,80.40,79.20,79.20,611162,48658236,-0.7,,,457,
2021-07-01_3672,2021-07-01,3672,康聯訊,tpex,15.70,15.95,15.70,15.75,14000,221900,-0.05,,32268375,9,
2021-07-01_3673,2021-07-01,3673,TPK-KY,twse,46.80,47.25,46.05,46.15,2538027,118063772,-0.45,,,1487,
2021-07-01_3675,2021-07-01,3675,德微,tpex,103.50,103.50,100.00,100.00,767000,77491500,-2.50,,44428250,563,
2021-07-01_3679,2021-07-01,3679,新至陞,twse,128.50,129.00,124.00,125.00,221077,27728399,-3.0,,,224,
2021-07-01_3680,2021-07-01,3680,家登,tpex,271.00,279.00,268.00,270.50,901000,246611000,0.50,,84092233,711,
2021-07-01_3682,2021-07-01,3682,亞太電,twse,8.81,8.84,8.70,8.72,3425547,29912176,0.01,,,1089,
2021-07-01_3684,2021-07-01,3684,榮昌,tpex,39.50,39.90,39.40,39.45,42000,1662150,0.05,,24591536,32,
2021-07-01_3685,2021-07-01,3685,元創精密,tpex,27.30,27.30,26.50,27.05,42000,1124800,-0.25,,79990000,34,
2021-07-01_3686,2021-07-01,3686,達能,twse,18.50,18.75,17.70,17.85,3732669,67574817,-1.0,,,1694,
2021-07-01_3687,2021-07-01,3687,歐買尬,tpex,145.50,153.00,144.00,151.00,2479000,370119000,11.50,,30059572,1755,
2021-07-01_3689,2021-07-01,3689,湧德,tpex,31.50,31.70,30.70,30.85,416000,12926750,-0.65,,69675807,255,
2021-07-01_3691,2021-07-01,3691,碩禾,tpex,185.50,188.00,180.00,180.00,722000,131930500,-6.00,,65883420,603,
2021-07-01_3693,2021-07-01,3693,營邦,tpex,39.90,39.90,38.45,38.95,73000,2843750,-0.35,,38490694,60,
2021-07-01_3694,2021-07-01,3694,海華,twse,23.40,23.45,22.90,22.95,806175,18734025,-0.2,,,272,
2021-07-01_3701,2021-07-01,3701,大眾控,twse,14.40,14.45,14.10,14.45,7996,114482,0.15,,,28,
2021-07-01_3702,2021-07-01,3702,大聯大,twse,51.70,51.90,50.90,51.10,4279387,219695339,0.0,,,2501,
2021-07-01_3702A,2021-07-01,3702A,大聯大甲特,twse,50.40,50.50,50.40,50.40,39572,1994914,-0.1,,,18,
2021-07-01_3703,2021-07-01,3703,欣陸,twse,26.05,26.40,25.15,25.30,6734566,173506874,0.0,,,2511,
2021-07-01_3704,2021-07-01,3704,合勤控,twse,29.35,29.80,28.50,28.60,3699695,107311355,-0.75,,,2117,
2021-07-01_3705,2021-07-01,3705,永信,twse,44.05,44.15,43.90,43.95,165734,7293050,-0.05,,,116,
2021-07-01_3706,2021-07-01,3706,神達,twse,27.90,28.15,27.90,28.00,6322141,177209895,0.4,,,2415,
2021-07-01_3707,2021-07-01,3707,漢磊,tpex,78.30,79.00,74.50,76.10,11601000,890918800,-2.20,,319934073,6681,
2021-07-01_3708,2021-07-01,3708,上緯投控,twse,123.00,126.00,121.00,121.00,852341,105550563,-1.5,,,712,
2021-07-01_3709,2021-07-01,3709,鑫聯大投控,tpex,26.70,26.80,26.50,26.80,29000,773200,0.10,,79569450,25,
2021-07-01_3710,2021-07-01,3710,連展投控,tpex,9.50,9.52,9.22,9.24,900000,8399210,-0.15,,212035972,358,
2021-07-01_3711,2021-07-01,3711,日月光投控,twse,111.50,112.00,110.50,111.00,7542245,839529541,-1.0,,,4011,
2021-07-01_3712,2021-07-01,3712,永崴投控,twse,30.80,32.50,30.55,32.05,4214208,133712113,1.85,,,2118,
2021-07-01_3713,2021-07-01,3713,新晶投控,tpex,40.65,40.65,39.45,39.80,121000,4806200,0.00,,78090000,76,
2021-07-01_3714,2021-07-01,3714,富采,twse,78.70,79.20,76.50,76.70,3864342,298699736,-1.8,,,2777,
2021-07-01_4102,2021-07-01,4102,永日,tpex,20.65,21.15,20.45,20.60,323000,6705350,0.05,,42373443,192,
2021-07-01_4104,2021-07-01,4104,佳醫,twse,58.30,58.90,58.30,58.60,459234,26961694,0.4,,,295,
2021-07-01_4105,2021-07-01,4105,東洋,tpex,86.50,87.60,84.70,84.80,4390000,376880600,-2.40,,248649959,2955,
2021-07-01_4106,2021-07-01,4106,雃博,twse,39.15,39.25,37.70,37.80,2116870,80947257,-1.3,,,1407,
2021-07-01_4107,2021-07-01,4107,邦特,tpex,119.50,123.00,119.50,121.50,206000,25009500,2.50,,69298336,162,
2021-07-01_4108,2021-07-01,4108,懷特,twse,24.00,24.00,23.70,23.75,591784,14113654,-0.25,,,362,
2021-07-01_4109,2021-07-01,4109,加捷生醫,tpex,14.00,14.05,13.90,14.00,140000,1957600,0.05,,88936681,54,
2021-07-01_4111,2021-07-01,4111,濟生,tpex,23.25,23.25,23.05,23.10,33000,763050,-0.25,,56982985,25,
2021-07-01_4113,2021-07-01,4113,聯上,tpex,13.65,13.65,13.55,13.55,150000,2042100,-0.10,,211138137,45,
2021-07-01_4114,2021-07-01,4114,健喬,tpex,26.00,26.15,25.65,25.65,1027000,26562850,-0.30,,280818289,475,
2021-07-01_4116,2021-07-01,4116,明基醫,tpex,32.00,32.05,32.00,32.00,26000,832250,0.05,,44566000,14,
2021-07-01_4119,2021-07-01,4119,旭富,twse,89.00,89.40,88.50,88.50,242705,21551247,-0.9,,,215,
2021-07-01_4120,2021-07-01,4120,友華,tpex,44.35,44.40,43.35,43.80,61000,2653400,-0.30,,86747119,30,
2021-07-01_4121,2021-07-01,4121,優盛,tpex,27.10,27.15,26.05,26.20,2528000,66949800,-0.60,,79372601,1052,
2021-07-01_4123,2021-07-01,4123,晟德,tpex,70.00,70.30,68.60,68.70,1874000,130026500,-1.10,,459253406,1207,
2021-07-01_4126,2021-07-01,4126,太醫,tpex,72.10,72.70,71.70,71.70,348000,25093200,0.00,,72600000,257,
2021-07-01_4127,2021-07-01,4127,天良,tpex,10.50,10.65,10.45,10.50,165000,1739750,0.00,,45760000,72,
2021-07-01_4128,2021-07-01,4128,中天,tpex,61.70,62.50,60.30,60.40,3021000,185199800,-1.10,,425342650,1706,
2021-07-01_4129,2021-07-01,4129,聯合,tpex,32.90,32.95,32.85,32.90,50000,1644400,-0.05,,78118144,37,
2021-07-01_4129A,2021-07-01,4129A,聯合甲特,tpex,48.75,48.75,48.65,48.65,8000,389600,-0.10,,10000000,8,
2021-07-01_4130,2021-07-01,4130,健亞,tpex,25.60,25.90,25.40,25.45,376000,9650450,-0.05,,107888638,261,
2021-07-01_4131,2021-07-01,4131,晶宇,tpex,6.84,6.84,6.84,6.84,131000,896040,0.62,up,48291934,37,
2021-07-01_4133,2021-07-01,4133,亞諾法,twse,64.30,64.90,62.40,62.60,1615032,102682227,-1.5,,,1230,
2021-07-01_4137,2021-07-01,4137,麗豐-KY,twse,206.00,208.50,202.50,203.50,213690,43920143,-2.5,,,206,
2021-07-01_4138,2021-07-01,4138,曜亞,tpex,54.80,55.00,54.60,54.90,98000,5376100,0.10,,30000000,38,
2021-07-01_4139,2021-07-01,4139,馬光-KY,tpex,53.20,53.30,53.20,53.30,43000,2291300,0.10,,42549911,14,
2021-07-01_4141,2021-07-01,4141,龍燈-KY,twse,12.00,12.05,11.85,12.00,246726,2958769,0.2,,,179,
2021-07-01_4142,2021-07-01,4142,國光生,twse,54.40,54.50,52.60,52.60,7256607,389571110,-1.0,,,4169,
2021-07-01_4147,2021-07-01,4147,中裕,tpex,66.50,68.00,66.30,66.60,335000,22358700,0.30,,252243000,230,
2021-07-01_4148,2021-07-01,4148,全宇生技-KY,twse,34.20,34.80,34.05,34.75,65042,2229724,0.55,,,57,
2021-07-01_4152,2021-07-01,4152,台微體,tpex,85.00,85.00,84.00,84.00,203000,17055000,1.00,,84154934,71,
2021-07-01_4153,2021-07-01,4153,鈺緯,tpex,23.20,23.45,23.20,23.25,32000,746150,-0.05,,61759089,20,
2021-07-01_4154,2021-07-01,4154,康樂-KY,tpex,25.55,26.20,25.50,25.65,4000,102900,-0.60,,30315500,4,
2021-07-01_4155,2021-07-01,4155,訊映,twse,25.90,25.95,25.65,25.70,135408,3494854,-0.1,,,101,
2021-07-01_4157,2021-07-01,4157,太景*-KY,tpex,19.00,19.25,18.75,18.80,1829000,34615850,-0.15,,716844175,862,
2021-07-01_4160,2021-07-01,4160,創源,tpex,24.90,25.00,24.70,24.80,26000,645600,-0.10,,24247016,23,
2021-07-01_4161,2021-07-01,4161,聿新科,tpex,26.10,26.15,25.90,25.90,87000,2263350,-0.35,,52659736,60,
2021-07-01_4162,2021-07-01,4162,智擎,tpex,65.10,65.50,64.10,65.00,462000,29909000,0.00,,146596840,306,
2021-07-01_4163,2021-07-01,4163,鐿鈦,tpex,90.00,90.10,89.80,89.80,55000,4947700,-0.10,,48290143,47,
2021-07-01_4164,2021-07-01,4164,承業醫,twse,37.00,37.25,36.80,37.00,187438,6935389,0.0,,,144,
2021-07-01_4167,2021-07-01,4167,松瑞藥,tpex,27.00,27.30,26.75,26.80,986000,26634600,-0.20,,300714107,489,
2021-07-01_4168,2021-07-01,4168,醣聯,tpex,33.15,34.20,32.85,33.00,1143000,38337700,-0.05,,97507810,650,
2021-07-01_4171,2021-07-01,4171,瑞基,tpex,134.00,144.50,134.00,144.50,1797000,253748500,10.00,,47890000,1272,
2021-07-01_4173,2021-07-01,4173,久裕,tpex,24.00,24.30,23.35,23.35,1296000,30739050,-0.45,,74574355,763,
2021-07-01_4174,2021-07-01,4174,浩鼎,tpex,115.00,116.50,113.00,113.50,630000,72089000,0.00,,199279374,488,
2021-07-01_4175,2021-07-01,4175,杏一,tpex,73.40,73.40,72.50,72.60,42000,3059700,-0.70,,31612375,37,
2021-07-01_4183,2021-07-01,4183,福永生技,tpex,20.90,20.90,20.25,20.25,6000,122850,0.00,,23800000,6,
2021-07-01_4188,2021-07-01,4188,安克,tpex,17.20,17.30,17.00,17.10,36000,615850,-0.10,,53221400,13,
2021-07-01_4190,2021-07-01,4190,佐登-KY,twse,76.00,76.00,75.00,75.00,119615,9020023,-1.0,,,105,
2021-07-01_4192,2021-07-01,4192,杏國,tpex,49.35,50.50,49.35,49.55,144000,7161950,0.20,,115077000,115,
2021-07-01_4198,2021-07-01,4198,欣大健康,tpex,5.90,6.07,5.90,6.00,62000,375880,0.10,,65540000,11,
2021-07-01_4205,2021-07-01,4205,中華食,tpex,124.00,124.50,123.50,124.00,40000,4957000,0.00,,80701842,23,
2021-07-01_4207,2021-07-01,4207,環泰,tpex,13.50,14.65,13.50,14.65,4751000,68214100,1.30,,162090832,1532,
2021-07-01_4303,2021-07-01,4303,信立,tpex,18.60,18.85,18.40,18.85,29000,537900,0.20,,70000000,21,
2021-07-01_4304,2021-07-01,4304,勝昱,tpex,5.71,5.90,5.71,5.90,2000,11610,-0.30,,36038065,2,
2021-07-01_4305,2021-07-01,4305,世坤,tpex,33.35,34.50,33.35,33.35,15000,503750,0.00,,55014000,11,
2021-07-01_4306,2021-07-01,4306,炎洲,twse,19.25,20.70,19.20,19.90,52974734,1054234193,0.95,,,19677,
2021-07-01_4401,2021-07-01,4401,東隆興,tpex,42.10,43.20,40.70,40.95,727000,30383850,-1.10,,120286286,460,
2021-07-01_4402,2021-07-01,4402,福大,tpex,8.97,8.97,8.63,8.70,606000,5283760,-0.05,,45991830,274,
2021-07-01_4406,2021-07-01,4406,新昕纖,tpex,11.20,11.45,11.00,11.45,5600000,63609450,1.00,,51912000,1722,
2021-07-01_4413,2021-07-01,4413,飛寶企業,tpex,13.20,13.20,12.80,13.10,11000,142850,0.10,,31314689,10,
2021-07-01_4414,2021-07-01,4414,如興,twse,9.29,9.44,9.16,9.16,4221191,39195566,-0.06,,,1230,
2021-07-01_4416,2021-07-01,4416,三圓,tpex,99.50,100.00,99.00,100.00,11000,1092600,0.00,,60393061,10,
2021-07-01_4417,2021-07-01,4417,金洲,tpex,38.40,38.50,38.10,38.20,120000,4588550,0.05,,83971399,82,
2021-07-01_4419,2021-07-01,4419,元勝,tpex,11.75,11.75,11.75,11.75,10000,117500,1.00,up,46578917,5,
2021-07-01_4420,2021-07-01,4420,光明,tpex,28.15,28.55,28.10,28.20,71000,2007600,0.05,,40455000,41,
2021-07-01_4426,2021-07-01,4426,利勤,twse,24.50,24.55,23.90,24.05,388303,9376574,-0.45,,,273,
2021-07-01_4429,2021-07-01,4429,聚紡,tpex,35.90,35.90,35.90,35.90,2000,71800,0.00,down,34350000,2,
2021-07-01_4430,2021-07-01,4430,耀億,tpex,25.60,25.80,25.30,25.60,40000,1020650,0.00,,56273609,15,
2021-07-01_4432,2021-07-01,4432,銘旺實,tpex,15.55,15.55,15.15,15.25,37000,564800,-0.15,,50589000,28,
2021-07-01_4433,2021-07-01,4433,興采,tpex,39.30,39.50,38.70,38.75,97000,3788200,-0.35,,46805164,63,
2021-07-01_4438,2021-07-01,4438,廣越,twse,130.50,130.50,129.50,129.50,74285,9675687,-0.5,,,69,
2021-07-01_4439,2021-07-01,4439,冠星-KY,twse,169.50,169.50,163.50,164.50,62205,10321097,-5.0,,,60,
2021-07-01_4502,2021-07-01,4502,健信,tpex,41.00,42.40,40.40,40.90,107000,4389200,0.00,,50750686,88,
2021-07-01_4503,2021-07-01,4503,金雨,tpex,16.65,16.90,16.40,16.70,47000,783550,-0.45,,39263326,29,
2021-07-01_4506,2021-07-01,4506,崇友,tpex,59.00,59.30,58.90,59.10,82000,4845700,0.10,,177012000,62,
2021-07-01_4510,2021-07-01,4510,高鋒,tpex,12.05,12.10,11.80,12.00,216000,2589750,0.00,,108010689,81,
2021-07-01_4513,2021-07-01,4513,福裕,tpex,10.35,11.10,10.35,10.90,696000,7506400,0.65,,76880300,280,
2021-07-01_4523,2021-07-01,4523,永彰,tpex,28.00,28.50,27.65,27.65,273000,7697100,-0.15,,64000000,26,
2021-07-01_4526,2021-07-01,4526,東台,twse,18.30,18.45,17.95,18.30,1273868,23229574,0.1,,,548,
2021-07-01_4527,2021-07-01,4527,方土霖,tpex,29.35,29.60,29.30,29.55,53000,1556950,0.20,,76152370,32,
2021-07-01_4528,2021-07-01,4528,江興鍛,tpex,46.00,46.00,45.20,45.30,92000,4185400,-0.50,,76514268,70,
2021-07-01_4529,2021-07-01,4529,淳紳,tpex,10.70,10.70,10.70,10.70,603000,6452100,0.96,up,84638896,192,
2021-07-01_4530,2021-07-01,4530,宏易,tpex,10.60,10.90,10.50,10.90,430000,4636150,0.96,,46172276,191,
2021-07-01_4532,2021-07-01,4532,瑞智,twse,20.85,21.15,20.70,20.80,616889,12885659,0.0,,,308,
2021-07-01_4533,2021-07-01,4533,協易機,tpex,12.05,12.10,11.85,11.85,98000,1168950,-0.05,,158434110,47,
2021-07-01_4534,2021-07-01,4534,慶騰,tpex,15.70,16.20,15.00,15.30,2353000,36381450,-0.45,,89193948,1055,
2021-07-01_4535,2021-07-01,4535,至興,tpex,35.30,35.30,34.90,35.30,17000,598300,0.30,,75661740,12,
2021-07-01_4536,2021-07-01,4536,拓凱,twse,158.50,158.50,155.00,155.50,72032,11243006,-1.5,,,72,
2021-07-01_4538,2021-07-01,4538,大詠城,tpex,20.00,20.15,19.90,19.90,18000,360600,0.05,,50456000,10,
2021-07-01_4540,2021-07-01,4540,全球傳動,twse,51.80,53.70,51.80,52.00,260200,13635619,-0.6,,,161,
2021-07-01_4541,2021-07-01,4541,晟田,tpex,22.70,23.10,22.65,22.80,136000,3111500,0.10,,67647068,85,
2021-07-01_4542,2021-07-01,4542,科嶠,tpex,26.20,26.65,23.95,24.50,64000,1605100,-1.05,,28285400,39,
2021-07-01_4543,2021-07-01,4543,萬在,tpex,16.60,16.60,16.40,16.40,10000,164550,-0.05,,56970000,8,
2021-07-01_4545,2021-07-01,4545,銘鈺,twse,26.35,26.35,25.70,25.85,108060,2796303,-0.15,,,60,
2021-07-01_4549,2021-07-01,4549,桓達,tpex,88.00,89.00,87.60,89.00,18000,1584100,0.00,,42383685,17,
2021-07-01_4550,2021-07-01,4550,長佳,tpex,24.30,24.30,24.05,24.15,24000,581700,-0.20,,37838783,22,
2021-07-01_4551,2021-07-01,4551,智伸科,twse,189.00,190.50,185.50,186.00,263845,49409977,-3.0,,,298,
2021-07-01_4552,2021-07-01,4552,力達-KY,twse,30.20,30.35,30.05,30.15,145400,4382852,-0.25,,,110,
2021-07-01_4554,2021-07-01,4554,橙的,tpex,25.30,26.20,25.30,26.20,8000,205500,-0.05,,21374900,6,
2021-07-01_4555,2021-07-01,4555,氣立,twse,55.40,56.60,54.30,55.10,86585,4744954,-0.2,,,64,
2021-07-01_4556,2021-07-01,4556,旭然,tpex,32.30,32.30,31.70,31.70,2000,64000,-0.60,,41884000,2,
2021-07-01_4557,2021-07-01,4557,永新-KY,twse,67.20,67.30,67.10,67.10,24612,1653332,-0.1,,,30,
2021-07-01_4560,2021-07-01,4560,強信-KY,twse,43.00,43.05,42.65,43.00,97000,4159250,0.0,,,47,
2021-07-01_4561,2021-07-01,4561,健椿,tpex,28.85,28.85,28.15,28.70,98000,2793200,-0.15,,58521619,61,
2021-07-01_4562,2021-07-01,4562,穎漢,twse,19.25,19.25,18.80,19.10,63002,1196540,0.2,,,53,
2021-07-01_4563,2021-07-01,4563,百德,tpex,31.15,31.20,30.70,30.75,14000,434350,-0.25,,54950000,12,
2021-07-01_4564,2021-07-01,4564,元翎,twse,49.85,49.90,47.25,47.50,7497648,361224566,-1.4,,,4984,
2021-07-01_4566,2021-07-01,4566,時碩工業,twse,48.30,49.00,47.55,47.55,140070,6767195,-0.75,,,126,
2021-07-01_4568,2021-07-01,4568,科際精密,tpex,68.90,68.90,68.60,68.60,6000,412600,-0.30,,30276500,6,
2021-07-01_4571,2021-07-01,4571,鈞興-KY,twse,129.50,129.50,123.00,125.00,99638,12512830,-1.5,,,112,
2021-07-01_4572,2021-07-01,4572,駐龍,twse,108.00,108.00,104.50,106.00,71099,7541192,-0.5,,,57,
2021-07-01_4576,2021-07-01,4576,大銀微系統,twse,127.00,127.00,120.00,120.50,456806,55594348,-3.5,,,421,
2021-07-01_4580,2021-07-01,4580,捷流閥業,tpex,91.30,91.30,90.00,90.00,51000,4598800,-0.50,,39132000,32,
2021-07-01_4581,2021-07-01,4581,光隆精密-KY,twse,37.35,37.40,37.35,37.40,5043,188563,-0.1,,,7,
2021-07-01_4609,2021-07-01,4609,唐鋒,tpex,8.31,8.31,8.11,8.14,57000,463580,-0.19,,47946820,17,
2021-07-01_4702,2021-07-01,4702,中美實,tpex,13.75,15.05,13.75,15.05,2673000,39603250,1.35,,72333200,1090,
2021-07-01_4706,2021-07-01,4706,大恭,tpex,19.10,19.10,18.95,19.00,74000,1407700,-0.10,,79030093,37,
2021-07-01_4707,2021-07-01,4707,磐亞,tpex,13.35,13.70,13.35,13.60,3453000,46780300,0.30,,302328371,1148,
2021-07-01_4711,2021-07-01,4711,永純,tpex,19.40,19.65,19.35,19.55,251000,4884750,0.25,,61056000,124,
2021-07-01_4712,2021-07-01,4712,南璋,tpex,8.10,8.10,8.10,8.10,226000,1830600,0.73,up,73690737,69,
2021-07-01_4714,2021-07-01,4714,永捷,tpex,15.10,15.20,14.30,14.45,7622000,111824850,-0.70,,116392771,3039,
2021-07-01_4716,2021-07-01,4716,大立,tpex,16.35,16.40,15.60,15.85,1171000,18786550,-0.40,,75171561,423,
2021-07-01_4720,2021-07-01,4720,德淵,twse,15.10,15.25,14.95,15.00,367201,5545995,-0.1,,,189,
2021-07-01_4721,2021-07-01,4721,美琪瑪,tpex,72.00,75.30,69.50,70.10,4651000,335379500,-2.90,,74986304,2948,
2021-07-01_4722,2021-07-01,4722,國精化,twse,34.70,34.80,34.50,34.60,359800,12473962,0.1,,,209,
2021-07-01_4726,2021-07-01,4726,永昕,tpex,43.00,43.85,42.20,42.20,2237000,96043850,-0.65,,153308800,1371,
2021-07-01_4728,2021-07-01,4728,雙美,tpex,68.20,68.20,65.20,66.20,316000,20964700,-2.40,,54463000,266,
2021-07-01_4729,2021-07-01,4729,熒茂,tpex,13.20,13.35,12.80,13.00,235000,3068800,-0.10,,102206000,121,
2021-07-01_4735,2021-07-01,4735,豪展,tpex,76.30,76.30,75.20,75.20,124000,9376400,-0.20,,37778758,102,
2021-07-01_4736,2021-07-01,4736,泰博,tpex,228.50,234.50,228.50,233.00,2103000,488191000,5.00,,92167425,1592,
2021-07-01_4737,2021-07-01,4737,華廣,twse,69.50,69.70,69.00,69.50,62944,4362071,0.2,,,61,
2021-07-01_4739,2021-07-01,4739,康普,twse,99.00,104.50,92.30,93.50,12287389,1199614337,-6.2,,,8531,
2021-07-01_4741,2021-07-01,4741,泓瀚,tpex,24.80,24.85,24.60,24.85,29000,718500,-0.15,,32841584,23,
2021-07-01_4743,2021-07-01,4743,合一,tpex,233.00,237.50,225.50,227.50,4639000,1072532500,-4.50,,381578777,3154,
2021-07-01_4744,2021-07-01,4744,皇將,tpex,25.45,25.45,25.10,25.35,100000,2524250,-0.30,,47196897,68,
2021-07-01_4745,2021-07-01,4745,合富-KY,tpex,27.25,27.30,27.20,27.20,51000,1388200,-0.10,,77449547,22,
2021-07-01_4746,2021-07-01,4746,台耀,twse,80.00,82.50,78.50,78.60,5375031,432373392,-1.3,,,3300,
2021-07-01_4747,2021-07-01,4747,強生,tpex,36.15,36.30,36.15,36.30,19000,689050,-0.20,,30018750,13,
2021-07-01_4754,2021-07-01,4754,國碳科,tpex,39.30,39.30,39.05,39.10,13000,510250,0.00,,21575389,11,
2021-07-01_4755,2021-07-01,4755,三福化,twse,64.80,64.90,64.00,64.60,95034,6128166,0.4,,,76,
2021-07-01_4760,2021-07-01,4760,勤凱,tpex,121.00,121.00,114.50,116.00,653000,76335500,-4.00,,32069357,498,
2021-07-01_4763,2021-07-01,4763,材料*-KY,twse,106.00,106.00,104.50,105.50,154684,16255034,-0.5,,,146,
2021-07-01_4764,2021-07-01,4764,雙鍵,twse,62.00,62.00,59.70,61.00,16013,967481,0.0,,,14,
2021-07-01_4766,2021-07-01,4766,南寶,twse,156.00,156.00,154.50,155.00,11550,1788495,-0.5,,,19,
2021-07-01_4767,2021-07-01,4767,誠泰科技,tpex,27.30,27.50,26.80,27.20,29000,788350,0.35,,31415000,23,
2021-07-01_4803,2021-07-01,4803,VHQ-KY,tpex,27.90,28.70,27.50,27.55,89000,2488150,-0.25,,59069231,69,
2021-07-01_4804,2021-07-01,4804,大略-KY,tpex,10.15,10.50,10.15,10.30,164000,1689800,0.15,,45347920,81,
2021-07-01_4806,2021-07-01,4806,昇華,tpex,11.50,11.80,10.90,11.50,61000,686650,0.00,,45194185,26,
2021-07-01_4807,2021-07-01,4807,日成-KY,twse,25.50,25.60,25.30,25.60,23202,590000,-0.15,,,23,
2021-07-01_4903,2021-07-01,4903,聯光通,tpex,8.14,8.15,7.70,7.97,64000,496280,0.26,,90279327,30,
2021-07-01_4904,2021-07-01,4904,遠傳,twse,64.50,64.80,64.40,64.60,1394353,90070598,0.0,,,826,
2021-07-01_4905,2021-07-01,4905,台聯電,tpex,53.00,53.10,53.00,53.10,8000,424300,0.00,,32640265,5,
2021-07-01_4906,2021-07-01,4906,正文,twse,33.25,34.40,33.00,33.25,19810124,666350442,0.25,,,8345,
2021-07-01_4907,2021-07-01,4907,富宇,tpex,23.70,23.75,23.50,23.75,18000,425550,-0.05,,118145778,18,
2021-07-01_4908,2021-07-01,4908,前鼎,tpex,29.45,29.60,29.20,29.30,336000,9869350,-0.15,,78216907,202,
2021-07-01_4909,2021-07-01,4909,新復興,tpex,26.00,27.60,26.00,27.60,2399000,65865100,2.50,,93356864,965,
2021-07-01_4911,2021-07-01,4911,德英,tpex,28.45,28.45,27.80,27.80,30000,843650,-0.85,,55660000,22,
2021-07-01_4912,2021-07-01,4912,聯德控股-KY,twse,177.00,178.50,173.50,173.50,139207,24339776,-4.0,,,127,
2021-07-01_4915,2021-07-01,4915,致伸,twse,56.80,56.90,55.80,56.00,2296226,128852824,-1.0,,,1558,
2021-07-01_4916,2021-07-01,4916,事欣科,twse,24.50,25.20,24.30,24.30,1302131,32161815,0.25,,,650,
2021-07-01_4919,2021-07-01,4919,新唐,twse,80.80,81.60,78.70,78.90,9810650,783475800,-1.4,,,6456,
2021-07-01_4924,2021-07-01,4924,欣厚-KY,tpex,14.50,14.80,14.00,14.50,25000,358600,-0.20,,37164409,19,
2021-07-01_4927,2021-07-01,4927,泰鼎-KY,twse,60.60,61.90,59.70,59.70,868678,52634522,-0.8,,,513,
2021-07-01_4930,2021-07-01,4930,燦星網,twse,24.10,24.35,24.05,24.20,384407,9300860,0.25,,,264,
2021-07-01_4931,2021-07-01,4931,新盛力,tpex,19.20,19.20,18.80,18.80,115000,2185450,-0.40,,62954261,65,
2021-07-01_4933,2021-07-01,4933,友輝,tpex,40.95,40.95,40.30,40.65,160000,6475100,0.05,,79801675,108,
2021-07-01_4934,2021-07-01,4934,太極,twse,23.70,23.75,22.95,23.35,1471025,34129371,-0.25,,,711,
2021-07-01_4935,2021-07-01,4935,茂林-KY,twse,98.80,98.80,96.50,96.70,1224055,119390307,-2.1,,,976,
2021-07-01_4938,2021-07-01,4938,和碩,twse,69.00,69.20,67.90,68.30,22165866,1517704370,-0.5,,,15075,
2021-07-01_4939,2021-07-01,4939,亞電,tpex,24.00,24.30,23.55,23.80,740000,17719600,-0.10,,98200868,276,
2021-07-01_4942,2021-07-01,4942,嘉彰,twse,47.40,47.50,46.30,46.40,1209714,56685002,-0.6,,,874,
2021-07-01_4943,2021-07-01,4943,康控-KY,twse,73.70,74.60,72.00,72.00,923024,67379403,-1.0,,,771,
2021-07-01_4944,2021-07-01,4944,兆遠,tpex,27.80,28.20,27.40,27.40,12000,332300,0.40,,87089296,10,
2021-07-01_4945,2021-07-01,4945,陞達科技,tpex,52.10,52.10,51.50,51.90,32000,1657600,0.40,,30067000,24,
2021-07-01_4946,2021-07-01,4946,辣椒,tpex,39.50,39.60,38.20,38.55,90000,3503900,-1.00,,13660398,74,
2021-07-01_4950,2021-07-01,4950,牧東,tpex,21.80,21.80,20.65,20.70,131000,2776500,-1.10,,46284750,70,
2021-07-01_4952,2021-07-01,4952,凌通,twse,56.30,56.60,55.10,55.90,722205,40371049,-0.7,,,411,
2021-07-01_4953,2021-07-01,4953,緯軟,tpex,95.30,96.40,94.50,94.80,189000,18032900,-1.10,,66921088,177,
2021-07-01_4956,2021-07-01,4956,光鋐,twse,23.00,23.00,21.90,22.10,1017260,22818683,-0.5,,,529,
2021-07-01_4958,2021-07-01,4958,臻鼎-KY,twse,104.50,105.00,102.50,103.50,5052283,522467692,-1.5,,,3069,
2021-07-01_4960,2021-07-01,4960,誠美材,twse,11.30,11.50,11.20,11.30,5148759,58293481,0.0,,,1385,
2021-07-01_4961,2021-07-01,4961,天鈺,twse,312.50,322.00,308.00,311.00,16774299,5284855480,3.5,,,12900,
2021-07-01_4966,2021-07-01,4966,譜瑞-KY,tpex,1390.00,1410.00,1380.00,1380.00,219000,304320000,-5.00,,80870480,204,
2021-07-01_4967,2021-07-01,4967,十銓,twse,72.30,73.10,68.00,68.70,13859213,975874179,-2.8,,,8422,
2021-07-01_4968,2021-07-01,4968,立積,twse,487.50,491.50,481.00,483.00,859455,417381901,-1.5,,,1061,
2021-07-01_4971,2021-07-01,4971,IET-KY,tpex,54.00,54.00,51.60,51.60,113000,5949100,-1.70,,36518143,77,
2021-07-01_4972,2021-07-01,4972,湯石照明,tpex,32.50,32.65,32.50,32.50,39000,1269450,0.00,,39961553,29,
2021-07-01_4973,2021-07-01,4973,廣穎,tpex,28.90,28.95,26.80,27.40,1543000,42726350,-0.90,,63505833,761,
2021-07-01_4974,2021-07-01,4974,亞泰,tpex,60.00,60.00,58.30,58.30,1080000,63572400,-1.70,,72500104,689,
2021-07-01_4976,2021-07-01,4976,佳凌,twse,84.50,84.60,81.70,82.20,2289805,189655962,-1.8,,,1660,
2021-07-01_4977,2021-07-01,4977,眾達-KY,twse,90.90,91.30,89.00,89.30,172657,15514122,-1.3,,,159,
2021-07-01_4979,2021-07-01,4979,華星光,tpex,19.00,19.40,18.85,18.85,624000,11915050,0.00,,132930279,367,
2021-07-01_4987,2021-07-01,4987,科誠,tpex,57.70,57.70,56.40,57.00,28000,1593800,0.20,,25200000,23,
2021-07-01_4989,2021-07-01,4989,榮科,twse,44.35,44.35,42.80,44.15,1733785,75752957,-0.2,,,950,
2021-07-01_4991,2021-07-01,4991,環宇-KY,tpex,44.80,45.30,44.60,45.00,115000,5171450,0.20,,91823254,61,
2021-07-01_4994,2021-07-01,4994,傳奇,twse,65.00,65.20,63.00,63.10,68093,4349370,-1.3,,,70,
2021-07-01_4995,2021-07-01,4995,晶達,tpex,33.95,33.95,33.60,33.60,3000,101200,-0.40,,41839036,3,
2021-07-01_4999,2021-07-01,4999,鑫禾,twse,47.50,47.50,47.00,47.20,945365,44695357,0.0,,,500,
2021-07-01_5007,2021-07-01,5007,三星,twse,60.80,61.20,59.00,59.50,167311,10053732,-1.0,,,145,
2021-07-01_5009,2021-07-01,5009,榮剛,tpex,28.10,29.50,26.50,26.80,98749000,2751250000,-0.70,,466735991,38534,
2021-07-01_5011,2021-07-01,5011,久陽,tpex,31.80,31.95,30.00,30.35,1412000,43478600,-0.80,,75966246,671,
2021-07-01_5013,2021-07-01,5013,強新,tpex,37.30,37.40,33.70,34.50,952000,33448150,-2.80,,133416000,581,
2021-07-01_5014,2021-07-01,5014,建錩,tpex,26.20,27.50,23.25,23.40,64466000,1612957600,-2.30,,165333054,24174,
2021-07-01_5015,2021-07-01,5015,華祺,tpex,37.20,38.00,35.05,36.00,611000,22167750,-0.65,,60639189,330,
2021-07-01_5016,2021-07-01,5016,松和,tpex,44.20,44.20,39.80,39.90,1888000,77444600,-4.30,,49622076,1146,
2021-07-01_5102,2021-07-01,5102,富強,tpex,18.55,18.80,18.55,18.60,76000,1415400,0.05,,64085067,24,
2021-07-01_5201,2021-07-01,5201,凱衛,tpex,30.00,30.25,29.60,29.60,83000,2479400,-0.15,,30674600,66,
2021-07-01_5202,2021-07-01,5202,力新,tpex,20.10,21.10,19.70,20.50,49000,982700,0.00,,59094000,33,
2021-07-01_5203,2021-07-01,5203,訊連,twse,81.60,81.70,81.20,81.50,79083,6441968,-0.2,,,88,
2021-07-01_5206,2021-07-01,5206,坤悅,tpex,17.80,17.85,17.65,17.85,34000,603650,0.05,,155925000,21,
2021-07-01_5209,2021-07-01,5209,新鼎,tpex,68.00,68.30,68.00,68.20,8000,545100,-0.20,,27281750,7,
2021-07-01_5210,2021-07-01,5210,寶碩,tpex,9.91,9.92,9.80,9.90,112000,1105460,-0.03,,62177779,39,
2021-07-01_5211,2021-07-01,5211,蒙恬,tpex,16.55,16.60,16.20,16.20,40000,652900,-0.40,,32024727,30,
2021-07-01_5212,2021-07-01,5212,凌網,tpex,59.10,59.80,59.10,59.80,2000,118900,2.20,,34633000,2,
2021-07-01_5213,2021-07-01,5213,亞昕,tpex,22.60,22.65,22.30,22.50,348000,7805850,0.05,,346959188,179,
2021-07-01_5215,2021-07-01,5215,科嘉-KY,twse,110.00,111.00,103.50,104.00,856763,91138756,-6.0,,,714,
2021-07-01_5220,2021-07-01,5220,萬達光電,tpex,41.00,41.20,40.80,40.80,46000,1885750,-0.15,,39667000,31,
2021-07-01_5223,2021-07-01,5223,安力-KY,tpex,60.70,61.00,59.30,59.50,289000,17357500,-1.20,,44549781,201,
2021-07-01_5225,2021-07-01,5225,東科-KY,twse,21.55,21.55,21.00,21.10,14000,296350,-0.5,,,14,
2021-07-01_5227,2021-07-01,5227,立凱-KY,tpex,17.85,17.85,16.70,16.75,1332000,22758150,-1.10,,92099689,661,
2021-07-01_5230,2021-07-01,5230,雷笛克光學,tpex,29.95,29.95,29.30,29.80,39000,1162600,-0.15,,46955824,24,
2021-07-01_5234,2021-07-01,5234,達興材料,twse,87.50,88.50,87.00,88.10,260003,22802012,0.7,,,240,
2021-07-01_5243,2021-07-01,5243,乙盛-KY,twse,70.20,70.20,66.70,66.80,4264002,289847212,-2.6,,,3105,
2021-07-01_5245,2021-07-01,5245,智晶,tpex,40.90,40.90,39.40,39.55,190000,7586400,-1.25,,44990000,136,
2021-07-01_5251,2021-07-01,5251,天鉞電,tpex,14.05,14.35,14.05,14.10,13000,184300,0.05,,35858977,12,
2021-07-01_5258,2021-07-01,5258,虹堡,twse,20.65,21.00,20.60,20.70,216768,4499974,-0.35,,,143,
2021-07-01_5263,2021-07-01,5263,智崴,tpex,138.00,142.50,136.00,138.00,923000,128805500,2.00,,56831797,750,
2021-07-01_5269,2021-07-01,5269,祥碩,twse,1360.00,1390.00,1345.00,1375.00,349406,477339440,30.0,,,546,
2021-07-01_5272,2021-07-01,5272,笙科,tpex,30.90,31.30,29.00,30.15,800000,24264900,-0.65,,56424118,443,
2021-07-01_5274,2021-07-01,5274,信驊,tpex,2025.00,2195.00,2025.00,2115.00,425000,900465000,105.00,,34315534,415,
2021-07-01_5276,2021-07-01,5276,達輝-KY,tpex,15.45,15.75,15.45,15.65,6000,93650,-0.05,,39500000,6,
2021-07-01_5278,2021-07-01,5278,尚凡,tpex,158.50,160.00,158.50,159.00,15000,2388000,-1.00,,15239100,13,
2021-07-01_5281,2021-07-01,5281,大峽谷-KY,tpex,22.15,22.50,22.15,22.25,38000,845500,-0.30,,37010000,29,
2021-07-01_5283,2021-07-01,5283,禾聯碩,twse,124.00,124.00,122.00,122.00,70582,8637174,-1.0,,,94,
2021-07-01_5284,2021-07-01,5284,jpp-KY,twse,45.90,45.90,44.80,45.25,25163,1137540,-0.55,,,25,
2021-07-01_5285,2021-07-01,5285,界霖,twse,95.90,97.10,88.00,92.00,5092326,472614443,-4.2,,,3406,
2021-07-01_5287,2021-07-01,5287,數字,tpex,233.00,242.00,233.00,238.50,192000,45958500,6.50,,42938500,174,
2021-07-01_5288,2021-07-01,5288,豐祥-KY,twse,171.50,171.50,166.00,167.50,269200,45447335,0.0,,,133,
2021-07-01_5289,2021-07-01,5289,宜鼎,tpex,191.00,192.50,189.50,189.50,355000,67722500,-1.00,,82459040,280,
2021-07-01_5291,2021-07-01,5291,邑昇,tpex,44.50,44.50,41.60,42.35,1205000,51652000,-0.65,,39117646,812,
2021-07-01_5299,2021-07-01,5299,杰力,tpex,168.00,168.50,160.00,161.00,1260000,206785000,-4.50,,35473161,813,
2021-07-01_5301,2021-07-01,5301,寶得利,tpex,10.30,10.30,9.93,9.96,94000,945880,-0.14,,104552571,29,
2021-07-01_5302,2021-07-01,5302,太欣,tpex,14.45,14.50,14.00,14.10,1380000,19545650,-0.20,,162377000,659,
2021-07-01_5306,2021-07-01,5306,桂盟,tpex,234.50,238.00,231.00,233.50,228000,53312000,0.00,,126000000,197,
2021-07-01_5309,2021-07-01,5309,系統電,tpex,35.00,36.40,35.00,35.00,2697000,95566550,-0.80,,154553366,1533,
2021-07-01_5310,2021-07-01,5310,天剛,tpex,13.00,13.00,13.00,13.00,10000,130000,-0.20,down,64601237,5,
2021-07-01_5312,2021-07-01,5312,寶島科,tpex,64.90,64.90,63.90,64.00,72000,4626100,-0.30,,60059898,61,
2021-07-01_5315,2021-07-01,5315,光聯,tpex,18.55,18.90,18.30,18.65,2241000,41715600,,,106351832,954,
2021-07-01_5321,2021-07-01,5321,友銓,tpex,31.40,32.20,31.40,32.05,30000,948600,-0.25,,34973195,23,
2021-07-01_5324,2021-07-01,5324,士開,tpex,9.88,9.91,9.80,9.85,115000,1129750,-0.03,,136379090,39,
2021-07-01_5328,2021-07-01,5328,華容,tpex,17.10,17.10,15.55,15.75,25126000,416804900,0.20,,172710724,8470,
2021-07-01_5340,2021-07-01,5340,建榮,tpex,34.50,34.90,33.90,34.05,130000,4458750,-0.35,,194893964,100,
2021-07-01_5344,2021-07-01,5344,立衛,tpex,15.70,15.70,15.20,15.20,144000,2216500,-0.50,,79447460,78,
2021-07-01_5345,2021-07-01,5345,天揚,tpex,5.88,5.88,5.70,5.75,12000,69190,-0.16,,47500000,9,
2021-07-01_5347,2021-07-01,5347,世界,tpex,118.00,119.00,116.00,116.00,2450000,286830000,-2.00,,1638982267,1947,
2021-07-01_5348,2021-07-01,5348,系通,tpex,7.37,7.37,7.30,7.37,12000,87930,0.00,,28950310,7,
2021-07-01_5351,2021-07-01,5351,鈺創,tpex,29.30,29.70,28.05,28.30,13035000,375086800,-0.60,,267707347,5729,
2021-07-01_5353,2021-07-01,5353,台林,tpex,17.60,17.60,17.35,17.35,35000,608700,-0.05,,75000000,18,
2021-07-01_5355,2021-07-01,5355,佳總,tpex,8.19,8.75,8.18,8.75,5747000,49779790,0.79,,166122792,1588,
2021-07-01_5356,2021-07-01,5356,協益,tpex,30.25,30.45,30.20,30.40,324000,9825000,0.05,,103040000,131,
2021-07-01_5364,2021-07-01,5364,力麗店,tpex,17.85,18.40,17.70,18.40,9000,161150,0.40,,28849940,8,
2021-07-01_5371,2021-07-01,5371,中光電,tpex,61.50,61.50,60.00,60.00,1151000,69525300,-1.30,,390981110,760,
2021-07-01_5381,2021-07-01,5381,合正,tpex,5.25,5.25,5.18,5.18,21000,109350,-0.08,,180156837,7,
2021-07-01_5383,2021-07-01,5383,金利,tpex,24.00,24.00,23.00,23.50,72000,1702800,-0.50,,79400399,47,
2021-07-01_5386,2021-07-01,5386,青雲,tpex,49.30,49.80,47.50,48.30,341000,16558100,-1.00,,23598722,265,
2021-07-01_5388,2021-07-01,5388,中磊,twse,68.80,68.80,67.80,67.80,672340,45881397,-1.0,,,546,
2021-07-01_5392,2021-07-01,5392,應華,tpex,29.60,29.75,28.80,29.45,1733000,50706350,-0.05,,169963990,776,
2021-07-01_5398,2021-07-01,5398,慕康生醫,tpex,18.00,18.00,17.85,17.95,31000,555300,-0.05,,49950460,22,
2021-07-01_5403,2021-07-01,5403,中菲,tpex,68.00,68.00,67.60,67.70,100000,6775800,-0.40,,62630041,78,
2021-07-01_5410,2021-07-01,5410,國眾,tpex,23.25,23.25,23.15,23.15,241000,5589200,-0.05,,87306123,116,
2021-07-01_5425,2021-07-01,5425,台半,tpex,68.00,68.10,60.60,62.00,24219000,1548688800,-5.10,,265085486,13735,
2021-07-01_5426,2021-07-01,5426,振發,tpex,10.50,10.60,10.30,10.40,90000,939250,-0.10,,143800000,63,
2021-07-01_5432,2021-07-01,5432,達威,tpex,24.40,24.65,24.00,24.40,19000,460950,0.60,,20687804,15,
2021-07-01_5434,2021-07-01,5434,崇越,twse,125.00,126.50,125.00,125.00,498782,62703978,0.0,,,456,
2021-07-01_5438,2021-07-01,5438,東友,tpex,15.15,15.15,14.55,14.75,421000,6264350,-0.40,,112536565,139,
2021-07-01_5439,2021-07-01,5439,高技,tpex,64.70,65.70,63.00,63.30,1581000,101683700,-0.90,,85975752,750,
2021-07-01_5443,2021-07-01,5443,均豪,tpex,39.05,39.30,38.00,38.10,1482000,57125150,-0.95,,165136144,923,
2021-07-01_5450,2021-07-01,5450,南良,tpex,20.15,20.85,19.35,20.00,849000,17089350,0.95,,122392250,432,
2021-07-01_5452,2021-07-01,5452,佶優,tpex,27.80,29.90,27.40,27.55,9866000,283781550,0.35,,148763669,3670,
2021-07-01_5457,2021-07-01,5457,宣德,tpex,82.50,82.80,79.50,80.10,2655000,215348500,-3.30,,169309500,1540,
2021-07-01_5460,2021-07-01,5460,同協,tpex,11.90,11.90,11.70,11.70,43000,504400,-0.20,,61227230,21,
2021-07-01_5464,2021-07-01,5464,霖宏,tpex,33.70,35.00,33.70,33.70,3792000,128793750,-3.70,,71071490,2021,
2021-07-01_5465,2021-07-01,5465,富驊,tpex,17.70,17.75,17.35,17.40,159000,2784900,0.00,,164091811,99,
2021-07-01_5468,2021-07-01,5468,凱鈺,tpex,14.40,15.00,14.40,14.85,135000,1973850,0.45,,27822909,61,
2021-07-01_5469,2021-07-01,5469,瀚宇博,twse,47.95,48.30,47.15,47.15,2999222,142815494,-0.45,,,1649,
2021-07-01_5471,2021-07-01,5471,松翰,twse,94.10,94.30,92.60,92.60,1932506,179929721,-1.4,,,1499,
2021-07-01_5474,2021-07-01,5474,聰泰,tpex,174.50,174.50,172.50,172.50,79000,13708500,-1.00,,33729787,77,
2021-07-01_5475,2021-07-01,5475,德宏,tpex,37.05,37.20,33.50,34.05,10032000,353555950,-2.85,,127127017,4748,
2021-07-01_5478,2021-07-01,5478,智冠,tpex,105.00,109.50,104.50,105.00,1591000,169353000,0.50,,127474332,1134,
2021-07-01_5481,2021-07-01,5481,新華,tpex,13.25,13.25,12.95,13.15,178000,2321550,-0.05,,73402891,62,
2021-07-01_5483,2021-07-01,5483,中美晶,tpex,193.00,194.00,185.00,187.00,9780000,1841295500,-6.00,,586221651,6135,
2021-07-01_5484,2021-07-01,5484,慧友,twse,16.10,16.20,16.05,16.10,234957,3786708,0.05,,,77,
2021-07-01_5487,2021-07-01,5487,通泰,tpex,36.90,36.90,36.25,36.25,19000,693100,-0.65,,23857516,14,
2021-07-01_5488,2021-07-01,5488,松普,tpex,7.94,8.25,7.93,8.13,450000,3632800,0.22,,91586124,182,
2021-07-01_5489,2021-07-01,5489,彩富,tpex,32.95,33.00,32.60,33.00,50000,1644500,0.05,,102706441,32,
2021-07-01_5490,2021-07-01,5490,同亨,tpex,28.45,28.45,27.85,27.90,357000,10005150,-0.20,,96283601,198,
2021-07-01_5493,2021-07-01,5493,三聯,tpex,41.50,41.60,41.45,41.60,238000,9874600,0.10,,41608815,20,
2021-07-01_5498,2021-07-01,5498,凱崴,tpex,17.40,17.70,17.10,17.30,1294000,22532650,0.10,,169339756,572,
2021-07-01_5508,2021-07-01,5508,永信建,tpex,48.00,48.75,47.75,48.60,385000,18570100,0.60,,217428133,159,
2021-07-01_5511,2021-07-01,5511,德昌,tpex,31.25,31.30,31.20,31.20,51000,1593550,-0.05,,113440000,23,
2021-07-01_5512,2021-07-01,5512,力麒,tpex,9.60,9.83,9.52,9.57,2204000,21272110,0.03,,743992712,775,
2021-07-01_5514,2021-07-01,5514,三豐,tpex,21.90,22.05,21.65,22.05,20000,438400,0.20,,194307630,5,
2021-07-01_5515,2021-07-01,5515,建國,twse,14.70,14.70,14.10,14.30,1607537,23153181,-0.45,,,544,
2021-07-01_5516,2021-07-01,5516,雙喜,tpex,14.70,14.85,14.60,14.70,97000,1422000,0.10,,38295000,23,
2021-07-01_5519,2021-07-01,5519,隆大,twse,22.00,22.10,21.80,21.80,916623,20124689,-0.1,,,505,
2021-07-01_5520,2021-07-01,5520,力泰,tpex,51.00,51.30,51.00,51.30,3000,153600,1.10,,60315245,3,
2021-07-01_5521,2021-07-01,5521,工信,twse,9.82,9.84,9.75,9.75,2098699,20526025,-0.03,,,569,
2021-07-01_5522,2021-07-01,5522,遠雄,twse,53.30,53.30,52.40,52.50,847675,44689056,-0.8,,,602,
2021-07-01_5523,2021-07-01,5523,豐謙,tpex,30.25,31.50,29.65,29.75,251000,7573750,-1.25,,155001464,126,
2021-07-01_5525,2021-07-01,5525,順天,twse,25.05,25.10,24.90,25.00,122957,3073331,-0.05,,,63,
2021-07-01_5529,2021-07-01,5529,志嘉,tpex,19.55,19.80,18.70,18.70,851000,16333400,-0.85,,124052849,351,
2021-07-01_5530,2021-07-01,5530,龍巖,tpex,49.75,49.90,49.40,49.45,752000,37289550,-0.25,,420084199,559,
2021-07-01_5531,2021-07-01,5531,鄉林,twse,12.10,12.20,11.80,11.90,1548652,18528060,-0.05,,,552,
2021-07-01_5533,2021-07-01,5533,皇鼎,twse,16.25,16.25,15.95,16.05,279047,4482979,-0.2,,,112,
2021-07-01_5534,2021-07-01,5534,長虹,twse,79.20,79.80,78.80,78.80,271324,21426475,-0.4,,,215,
2021-07-01_5536,2021-07-01,5536,聖暉,tpex,201.00,201.00,199.00,200.00,336000,67167500,-1.00,,57186742,175,
2021-07-01_5538,2021-07-01,5538,東明-KY,twse,56.20,57.80,48.60,50.70,1122586,61105045,-1.9,,,774,
2021-07-01_5543,2021-07-01,5543,桓鼎-KY,tpex,58.80,59.10,58.20,58.20,65000,3808400,-0.60,,35699996,52,
2021-07-01_5546,2021-07-01,5546,永固-KY,twse,75.70,76.10,75.50,75.70,79499,6016846,0.1,,,50,
2021-07-01_5601,2021-07-01,5601,台聯櫃,tpex,35.10,35.10,32.20,33.95,168000,5641250,-0.55,,64800000,121,
2021-07-01_5603,2021-07-01,5603,陸海,tpex,40.55,42.40,39.20,39.50,6048000,246575000,-0.85,,78324575,3612,
2021-07-01_5604,2021-07-01,5604,中連貨,tpex,94.50,95.00,93.20,93.30,300000,28206900,-0.50,,108782968,269,
2021-07-01_5607,2021-07-01,5607,遠雄港,twse,37.35,37.45,36.00,36.20,3524580,129308950,-0.65,,,2173,
2021-07-01_5608,2021-07-01,5608,四維航,twse,65.70,70.20,65.70,69.00,9995889,680190348,5.1,,,4913,
2021-07-01_5609,2021-07-01,5609,中菲行,tpex,134.50,140.00,130.50,131.00,22007000,2973162000,-3.00,,126000000,14004,
2021-07-01_5701,2021-07-01,5701,劍湖山,tpex,2.89,2.89,2.85,2.85,801000,2283540,0.00,,253756957,150,
2021-07-01_5703,2021-07-01,5703,亞都,tpex,24.60,25.75,24.60,25.45,22000,557450,2.00,,70239594,13,
2021-07-01_5704,2021-07-01,5704,老爺知,tpex,34.40,34.40,32.75,33.50,82000,2738500,0.75,,38861658,65,
2021-07-01_5706,2021-07-01,5706,鳳凰,twse,42.65,44.50,42.15,44.15,1789133,77604840,2.2,,,1203,
2021-07-01_5820,2021-07-01,5820,日盛金,tpex,12.90,12.95,12.90,12.90,1015000,13114250,-0.05,,3772452281,275,
2021-07-01_5864,2021-07-01,5864,致和證,tpex,21.40,21.50,20.20,20.65,2976000,61801900,-0.65,,251739848,1158,
2021-07-01_5871,2021-07-01,5871,中租-KY,twse,201.50,203.00,199.00,201.00,2059687,413175323,-1.5,,,2053,
2021-07-01_5871A,2021-07-01,5871A,中租-KY甲特,twse,100.00,100.00,99.80,99.80,137951,13780328,-0.2,,,91,
2021-07-01_5876,2021-07-01,5876,上海商銀,twse,44.80,45.20,44.65,45.05,2368257,106617147,-0.2,,,975,
2021-07-01_5878,2021-07-01,5878,台名,tpex,48.75,48.75,48.55,48.55,9000,437450,-0.25,,25024303,7,
2021-07-01_5880,2021-07-01,5880,合庫金,twse,21.20,21.30,21.10,21.20,7149132,151540158,-0.05,,,2740,
2021-07-01_5902,2021-07-01,5902,德記,tpex,23.90,25.40,23.90,24.85,366000,9038950,0.95,,94500000,189,
2021-07-01_5903,2021-07-01,5903,全家,tpex,264.50,264.50,264.00,264.00,12000,3171500,2.00,,223220000,11,
2021-07-01_5904,2021-07-01,5904,寶雅,tpex,543.00,543.00,537.00,538.00,184000,99124000,-5.00,,97685031,178,
2021-07-01_5905,2021-07-01,5905,南仁湖,tpex,12.95,12.95,12.70,12.80,989000,12660750,-0.15,,189816957,361,
2021-07-01_5906,2021-07-01,5906,台南-KY,twse,33.90,34.10,33.50,33.60,14000,474050,-0.55,,,14,
2021-07-01_5907,2021-07-01,5907,大洋-KY,twse,24.40,24.40,23.75,24.15,922002,22173448,-0.1,,,504,
2021-07-01_6005,2021-07-01,6005,群益證,twse,17.05,17.25,16.85,16.95,9259670,158192750,0.0,,,2696,
2021-07-01_6015,2021-07-01,6015,宏遠證,tpex,26.55,27.35,25.40,26.00,45272000,1200352100,-0.05,,330816775,14426,
2021-07-01_6016,2021-07-01,6016,康和證,tpex,16.85,16.90,16.45,16.50,8311000,139070250,-0.05,,594454986,1916,
2021-07-01_6020,2021-07-01,6020,大展證,tpex,22.90,23.10,22.00,22.50,115000,2601050,-0.30,,252353154,53,
2021-07-01_6021,2021-07-01,6021,大慶證,tpex,21.60,21.60,20.70,20.70,46000,961400,-0.65,,309855974,28,
2021-07-01_6023,2021-07-01,6023,元大期,tpex,51.20,51.70,51.00,51.70,197000,10126300,0.80,,289976288,138,
2021-07-01_6024,2021-07-01,6024,群益期,twse,40.20,40.20,40.00,40.05,180199,7218590,0.1,,,161,
2021-07-01_6026,2021-07-01,6026,福邦證,tpex,17.90,17.90,17.30,17.55,5556000,98040700,0.00,,284247500,1392,
2021-07-01_6101,2021-07-01,6101,寬魚國際,tpex,19.05,19.50,18.60,19.20,51000,972000,-0.65,,116422371,43,
2021-07-01_6103,2021-07-01,6103,合邦,tpex,8.02,8.80,8.02,8.80,8000,67290,0.58,,89432089,4,
2021-07-01_6104,2021-07-01,6104,創惟,tpex,66.80,70.30,66.20,69.40,4434000,304801600,2.60,,90279184,2544,
2021-07-01_6108,2021-07-01,6108,競國,twse,20.45,20.45,20.15,20.15,156985,3184193,-0.15,,,91,
2021-07-01_6109,2021-07-01,6109,亞元,tpex,12.10,13.00,11.90,13.00,339000,4278450,1.15,,59400414,186,
2021-07-01_6111,2021-07-01,6111,大宇資,tpex,78.50,78.50,70.00,72.80,2763000,203976400,-2.70,,63064318,2074,
2021-07-01_6112,2021-07-01,6112,邁達特,twse,42.50,42.50,42.00,42.00,134217,5653741,-0.25,,,128,
2021-07-01_6113,2021-07-01,6113,亞矽,tpex,13.70,13.90,13.50,13.60,656000,8905600,-0.15,,50047100,170,
2021-07-01_6114,2021-07-01,6114,久威,tpex,23.90,24.15,23.50,24.00,44000,1046700,0.10,,43911937,31,
2021-07-01_6115,2021-07-01,6115,鎰勝,twse,44.20,44.30,44.10,44.15,187989,8302048,0.05,,,117,
2021-07-01_6116,2021-07-01,6116,彩晶,twse,22.25,22.65,21.90,21.90,80833889,1796033035,-0.2,,,22432,
2021-07-01_6117,2021-07-01,6117,迎廣,twse,16.90,16.95,16.70,16.80,25595,429764,-0.1,,,28,
2021-07-01_6118,2021-07-01,6118,建達,tpex,14.50,14.55,13.75,13.90,740000,10423300,-0.40,,90889573,339,
2021-07-01_6120,2021-07-01,6120,達運,twse,13.70,13.70,13.25,13.25,1229317,16530673,-0.25,,,594,
2021-07-01_6121,2021-07-01,6121,新普,tpex,358.50,358.50,356.00,356.50,374000,133437500,-2.50,,184970519,303,
2021-07-01_6122,2021-07-01,6122,擎邦,tpex,10.60,10.65,10.45,10.55,71000,748850,0.00,,70790961,41,
2021-07-01_6123,2021-07-01,6123,上奇,tpex,48.60,48.80,48.20,48.70,110000,5342450,-0.10,,59037430,77,
2021-07-01_6124,2021-07-01,6124,業強,tpex,28.40,29.45,28.20,29.45,53000,1536350,0.05,,182479945,33,
2021-07-01_6125,2021-07-01,6125,廣運,tpex,22.75,22.90,22.55,22.55,811000,18424250,-0.15,,249011150,367,
2021-07-01_6126,2021-07-01,6126,信音,tpex,25.00,25.00,24.60,24.70,432000,10682650,-0.15,,126839587,203,
2021-07-01_6127,2021-07-01,6127,九豪,tpex,32.65,32.90,29.10,29.70,13138000,402237650,-2.55,,108079751,6750,
2021-07-01_6128,2021-07-01,6128,上福,twse,25.00,25.00,24.80,24.80,107272,2665309,-0.2,,,62,
2021-07-01_6129,2021-07-01,6129,普誠,tpex,35.40,36.00,33.50,33.55,8013000,273538800,-1.65,,180943675,4906,
2021-07-01_6130,2021-07-01,6130,星寶國際,tpex,26.00,27.80,26.00,27.60,43000,1150050,0.60,,29500000,36,
2021-07-01_6133,2021-07-01,6133,金橋,twse,9.05,9.05,8.99,8.99,83639,752902,-0.01,,,59,
2021-07-01_6134,2021-07-01,6134,萬旭,tpex,16.40,17.95,16.40,17.95,452000,7909100,1.60,,72579898,269,
2021-07-01_6136,2021-07-01,6136,富爾特,twse,18.40,18.45,18.25,18.30,110532,2029005,-0.1,,,87,
2021-07-01_6138,2021-07-01,6138,茂達,tpex,160.00,162.00,153.00,154.50,2688000,420296000,-7.00,,73798500,2037,
2021-07-01_6139,2021-07-01,6139,亞翔,twse,29.45,29.50,29.05,29.10,289630,8452307,-0.25,,,205,
2021-07-01_6140,2021-07-01,6140,訊達,tpex,14.85,14.95,14.50,14.65,57000,841150,0.00,,38367906,34,
2021-07-01_6141,2021-07-01,6141,柏承,twse,28.95,29.75,28.55,28.75,902500,26301235,-0.05,,,532,
2021-07-01_6142,2021-07-01,6142,友勁,twse,11.20,11.45,11.05,11.10,1269401,14262040,-0.1,,,557,
2021-07-01_6143,2021-07-01,6143,振曜,tpex,45.20,45.30,44.05,44.20,495000,22193100,-0.70,,83006897,263,
2021-07-01_6144,2021-07-01,6144,得利影,tpex,17.00,18.15,15.70,16.70,25000,426350,-0.10,,38273701,25,
2021-07-01_6146,2021-07-01,6146,耕興,tpex,242.50,242.50,236.00,238.00,36000,8575500,-2.00,,92396553,36,
2021-07-01_6147,2021-07-01,6147,頎邦,tpex,72.50,72.50,71.00,71.10,2845000,203483600,-0.90,,671523217,2038,
2021-07-01_6148,2021-07-01,6148,驊宏資,tpex,13.60,13.60,13.20,13.30,92000,1225450,-0.35,,47000000,51,
2021-07-01_6150,2021-07-01,6150,撼訊,tpex,145.50,146.50,140.00,140.50,1875000,267412000,-2.50,,44881629,1383,
2021-07-01_6151,2021-07-01,6151,晉倫,tpex,43.80,44.10,43.00,43.45,475000,20659100,-0.30,,55257300,252,
2021-07-01_6152,2021-07-01,6152,百一,twse,10.00,10.10,9.98,10.00,552603,5537542,-0.1,,,244,
2021-07-01_6153,2021-07-01,6153,嘉聯益,twse,31.30,31.80,30.70,30.70,3619752,112801855,-0.5,,,1904,
2021-07-01_6154,2021-07-01,6154,順發,tpex,17.30,17.30,16.50,16.60,447000,7485300,-0.25,,80080000,232,
2021-07-01_6155,2021-07-01,6155,鈞寶,twse,29.40,29.40,27.70,27.80,1254784,35602642,-1.7,,,844,
2021-07-01_6156,2021-07-01,6156,松上,tpex,18.00,18.00,17.35,17.40,310000,5435550,-0.50,,80534609,146,
2021-07-01_6158,2021-07-01,6158,禾昌,tpex,31.10,31.10,29.95,30.65,315000,9547350,-0.30,,53651988,149,
2021-07-01_6160,2021-07-01,6160,欣技,tpex,23.65,23.70,22.70,22.85,1047000,24366250,-0.65,,68489120,406,
2021-07-01_6161,2021-07-01,6161,捷波,tpex,23.55,23.65,23.05,23.40,459000,10714700,-0.10,,74983303,173,
2021-07-01_6163,2021-07-01,6163,華電網,tpex,17.00,17.20,16.85,16.90,521000,8845450,-0.10,,122881692,213,
2021-07-01_6164,2021-07-01,6164,華興,twse,11.70,11.90,11.20,11.25,861785,9849341,-0.25,,,436,
2021-07-01_6165,2021-07-01,6165,浪凡,twse,37.00,38.50,36.45,36.50,634585,23460786,-0.5,,,385,
2021-07-01_6166,2021-07-01,6166,凌華,twse,61.50,62.10,61.00,61.80,121472,7481334,0.5,,,127,
2021-07-01_6167,2021-07-01,6167,久正,tpex,8.75,8.75,8.55,8.65,556000,4804890,-0.05,,162173221,207,
2021-07-01_6168,2021-07-01,6168,宏齊,twse,24.00,24.10,21.95,22.35,11668452,267975079,-1.95,,,5330,
2021-07-01_6169,2021-07-01,6169,昱泉,tpex,24.40,25.40,24.35,24.60,127000,3142000,0.25,,23394960,85,
2021-07-01_6170,2021-07-01,6170,統振,tpex,39.95,39.95,36.10,39.25,19996000,768653000,2.90,,89670038,9724,
2021-07-01_6171,2021-07-01,6171,亞銳士,tpex,26.15,26.20,26.00,26.10,125000,3260250,-0.10,,75351921,78,
2021-07-01_6172,2021-07-01,6172,互億,twse,38.40,38.90,38.15,38.45,69054,2665201,0.15,,,38,
2021-07-01_6173,2021-07-01,6173,信昌電,tpex,69.00,69.00,65.30,65.70,4708000,313954900,-3.30,,172000000,3126,
2021-07-01_6174,2021-07-01,6174,安碁,tpex,18.10,18.40,18.00,18.20,67000,1214950,-0.15,,50000000,34,
2021-07-01_6175,2021-07-01,6175,立敦,tpex,42.35,42.35,38.90,39.00,6178000,248157900,-3.35,,142066911,3711,
2021-07-01_6176,2021-07-01,6176,瑞儀,twse,121.50,123.00,121.00,122.50,3090468,378458826,1.0,,,2054,
2021-07-01_6177,2021-07-01,6177,達麗,twse,29.70,31.20,29.65,30.60,939898,28764109,0.95,,,413,
2021-07-01_6179,2021-07-01,6179,亞通,tpex,31.25,31.40,30.45,30.55,238000,7334100,-0.65,,74146731,164,
2021-07-01_6180,2021-07-01,6180,橘子,tpex,64.00,65.50,64.00,64.20,2035000,131967000,0.40,,175493573,1414,
2021-07-01_6182,2021-07-01,6182,合晶,tpex,61.20,61.60,57.90,58.80,38241000,2273299800,-2.30,,510898436,20007,
2021-07-01_6183,2021-07-01,6183,關貿,twse,50.50,50.50,50.00,50.00,71531,3585552,-0.4,,,73,
2021-07-01_6184,2021-07-01,6184,大豐電,twse,46.00,46.05,45.50,45.60,115906,5304533,-0.3,,,81,
2021-07-01_6185,2021-07-01,6185,幃翔,tpex,13.00,13.15,12.90,13.00,500000,6525300,0.05,,149867531,216,
2021-07-01_6186,2021-07-01,6186,新潤,tpex,28.30,28.45,28.20,28.35,303000,8575050,0.15,,130034408,142,
2021-07-01_6187,2021-07-01,6187,萬潤,tpex,127.00,128.00,122.00,122.00,1370000,169369000,-4.00,,83323902,1002,
2021-07-01_6188,2021-07-01,6188,廣明,tpex,39.95,40.45,39.80,39.80,2224000,89230250,-0.15,,278358910,893,
2021-07-01_6189,2021-07-01,6189,豐藝,twse,41.80,41.90,41.60,41.70,561837,23467337,0.15,,,365,
2021-07-01_6190,2021-07-01,6190,萬泰科,tpex,28.40,30.00,27.50,27.60,10695000,306553300,-0.80,,140368537,5749,
2021-07-01_6191,2021-07-01,6191,精成科,twse,36.90,36.90,34.70,34.80,39496434,1418468995,0.05,,,16611,
2021-07-01_6192,2021-07-01,6192,巨路,twse,72.60,72.80,71.60,71.60,102929,7434863,-0.6,,,86,
2021-07-01_6194,2021-07-01,6194,育富,tpex,30.65,30.80,30.45,30.70,37000,1133100,0.05,,60000000,30,
2021-07-01_6195,2021-07-01,6195,詩肯,tpex,55.90,56.40,55.60,56.30,169000,9430400,0.70,,48887658,95,
2021-07-01_6196,2021-07-01,6196,帆宣,twse,109.00,110.00,107.00,107.50,502351,54537965,-1.5,,,443,
2021-07-01_6197,2021-07-01,6197,佳必琪,twse,37.20,37.30,36.55,36.55,616546,22814013,-0.65,,,425,
2021-07-01_6198,2021-07-01,6198,凌泰,tpex,37.40,38.00,36.80,36.80,10000,375650,-0.15,,22635350,10,
2021-07-01_6199,2021-07-01,6199,天品,tpex,17.40,17.55,17.30,17.55,40000,698550,-0.25,,61760018,22,
2021-07-01_6201,2021-07-01,6201,亞弘電,twse,46.70,46.70,46.50,46.65,28250,1317011,0.0,,,26,
2021-07-01_6202,2021-07-01,6202,盛群,twse,100.50,100.50,98.50,98.50,1215709,120450958,-1.5,,,1008,
2021-07-01_6203,2021-07-01,6203,海韻電,tpex,114.00,114.00,109.00,109.50,1159000,128622000,-3.50,,79953277,866,
2021-07-01_6204,2021-07-01,6204,艾華,tpex,91.00,93.40,89.20,89.30,26000,2348800,-1.10,,23102080,25,
2021-07-01_6205,2021-07-01,6205,詮欣,twse,32.45,32.50,31.80,31.95,285402,9183647,-0.45,,,189,
2021-07-01_6206,2021-07-01,6206,飛捷,twse,66.50,67.80,66.50,67.00,263565,17714035,0.7,,,221,
2021-07-01_6207,2021-07-01,6207,雷科,tpex,32.65,32.70,31.55,31.75,481000,15381600,-0.55,,83873589,320,
2021-07-01_6208,2021-07-01,6208,日揚,tpex,40.95,41.40,40.80,40.80,226000,9250750,-0.15,,116875779,129,
2021-07-01_6209,2021-07-01,6209,今國光,twse,37.30,37.85,35.80,35.80,3081563,112835525,-1.75,,,2038,
2021-07-01_6210,2021-07-01,6210,慶生,tpex,42.10,42.10,41.75,42.00,35000,1467850,-0.10,,35048000,27,
2021-07-01_6212,2021-07-01,6212,理銘,tpex,58.30,59.00,57.70,57.70,10000,579600,-0.60,,102000000,6,
2021-07-01_6213,2021-07-01,6213,聯茂,twse,142.50,142.50,139.00,140.00,1653581,231844910,-2.5,,,1060,
2021-07-01_6214,2021-07-01,6214,精誠,twse,89.60,90.40,89.60,90.00,273968,24675223,-0.4,,,280,
2021-07-01_6215,2021-07-01,6215,和椿,twse,24.70,25.30,23.95,24.10,1679980,41249696,-0.4,,,804,
2021-07-01_6216,2021-07-01,6216,居易,twse,25.50,25.55,25.40,25.40,82077,2093199,-0.1,,,68,
2021-07-01_6217,2021-07-01,6217,中探針,tpex,37.25,37.50,36.30,36.50,677000,24982600,-0.55,,65879935,421,
2021-07-01_6218,2021-07-01,6218,豪勉,tpex,19.40,19.45,19.25,19.25,64000,1234150,-0.05,,64262000,32,
2021-07-01_6219,2021-07-01,6219,富旺,tpex,22.10,22.20,21.60,22.00,1939000,42634400,-0.10,,154016276,466,
2021-07-01_6220,2021-07-01,6220,岳豐,tpex,24.40,24.40,24.10,24.15,167000,4048200,-0.25,,131972388,81,
2021-07-01_6221,2021-07-01,6221,晉泰,tpex,72.70,72.70,71.90,72.30,132000,9539900,0.30,,51032422,67,
2021-07-01_6222,2021-07-01,6222,上揚,tpex,15.20,15.40,14.50,15.00,225000,3356400,0.00,,40588878,86,
2021-07-01_6223,2021-07-01,6223,旺矽,tpex,130.00,131.50,123.50,125.50,4629000,586914500,-6.50,,92962965,3048,
2021-07-01_6224,2021-07-01,6224,聚鼎,twse,135.00,136.00,128.50,128.50,2818425,367710871,-5.5,,,2013,
2021-07-01_6225,2021-07-01,6225,天瀚,twse,3.45,3.45,3.40,3.40,26188,89054,-0.09,,,21,
2021-07-01_6226,2021-07-01,6226,光鼎,twse,9.40,9.40,9.13,9.15,858303,7913403,-0.12,,,401,
2021-07-01_6227,2021-07-01,6227,茂綸,tpex,30.80,30.85,30.25,30.75,254000,7772850,0.25,,76111786,156,
2021-07-01_6228,2021-07-01,6228,全譜,tpex,11.10,11.35,10.90,11.20,73000,806900,-0.20,,40000000,26,
2021-07-01_6229,2021-07-01,6229,研通,tpex,31.60,31.60,30.65,30.85,442000,13740800,-0.75,,35640700,274,
2021-07-01_6230,2021-07-01,6230,尼得科超眾,twse,209.00,211.00,207.00,207.00,42391,8821116,-1.5,,,57,
2021-07-01_6231,2021-07-01,6231,系微,tpex,80.20,80.80,77.90,77.90,246000,19400900,-1.60,,38043488,190,
2021-07-01_6233,2021-07-01,6233,旺玖,tpex,36.90,36.95,35.30,35.50,1574000,56565000,-0.90,,79609896,852,
2021-07-01_6234,2021-07-01,6234,高僑,tpex,23.05,23.05,22.80,22.80,395000,9049750,-0.25,,100386398,187,
2021-07-01_6235,2021-07-01,6235,華孚,twse,19.40,19.45,18.90,18.95,836389,15970014,0.0,,,391,
2021-07-01_6237,2021-07-01,6237,驊訊,tpex,139.50,148.50,139.00,142.50,11928000,1715248500,4.50,,79878621,8097,
2021-07-01_6239,2021-07-01,6239,力成,twse,106.50,108.50,106.50,107.00,1677079,179987755,-0.5,,,898,
2021-07-01_6240,2021-07-01,6240,松崗,tpex,14.85,14.85,14.85,14.85,10000,148500,0.25,up,22867370,8,
2021-07-01_6241,2021-07-01,6241,易通展,tpex,18.95,19.50,18.95,19.35,29000,561550,0.00,,33717288,17,
2021-07-01_6242,2021-07-01,6242,立康,tpex,50.70,50.70,49.80,49.80,37000,1851150,-0.80,,22200000,32,
2021-07-01_6243,2021-07-01,6243,迅杰,twse,16.40,16.45,15.85,15.95,530230,8531552,-0.3,,,329,
2021-07-01_6244,2021-07-01,6244,茂迪,tpex,34.95,34.95,33.05,33.40,10482000,354340700,-1.45,,355041875,5247,
2021-07-01_6245,2021-07-01,6245,立端,tpex,59.60,59.60,58.80,58.80,195000,11501600,-0.30,,118004438,139,
2021-07-01_6246,2021-07-01,6246,臺龍,tpex,17.00,17.30,17.00,17.10,29000,497500,-0.10,,37109225,17,
2021-07-01_6247,2021-07-01,6247,淇譽電,tpex,9.88,10.45,9.88,10.45,11000,109250,0.57,,60321000,7,
2021-07-01_6248,2021-07-01,6248,沛波,tpex,29.40,31.95,28.60,30.50,7771000,239231700,1.45,,30675184,3532,
2021-07-01_6251,2021-07-01,6251,定穎,twse,22.95,23.15,22.20,22.25,6528551,147442136,-0.7,,,2728,
2021-07-01_6257,2021-07-01,6257,矽格,twse,57.00,57.80,56.30,57.10,14904858,850569290,1.1,,,8514,
2021-07-01_6259,2021-07-01,6259,百徽,tpex,14.75,15.20,14.70,15.20,15000,223750,-0.15,,15507206,11,
2021-07-01_6261,2021-07-01,6261,久元,tpex,88.50,89.70,87.20,87.50,4980000,440018800,0.40,,128497989,3131,
2021-07-01_6263,2021-07-01,6263,普萊德,tpex,67.60,67.60,66.70,66.80,79000,5290400,-0.40,,62500964,50,
2021-07-01_6264,2021-07-01,6264,富裔,tpex,10.75,11.50,10.35,11.20,1222000,13275150,0.45,,116355291,458,
2021-07-01_6265,2021-07-01,6265,方土昶,tpex,9.23,9.40,9.08,9.13,599000,5545140,-0.05,,118172151,201,
2021-07-01_6266,2021-07-01,6266,泰詠,tpex,21.30,21.40,21.10,21.15,202000,4296450,-0.10,,98946203,106,
2021-07-01_6269,2021-07-01,6269,台郡,twse,135.00,136.00,131.00,132.50,8446280,1123233973,-2.5,,,5286,
2021-07-01_6270,2021-07-01,6270,倍微,tpex,22.00,23.00,21.95,22.05,649000,14519300,0.10,,72145759,339,
2021-07-01_6271,2021-07-01,6271,同欣電,twse,214.00,214.50,203.50,204.00,5370449,1111820561,-8.5,,,4364,
2021-07-01_6274,2021-07-01,6274,台燿,tpex,115.50,117.50,113.00,113.50,3552000,410928500,-3.00,,268047449,1985,
2021-07-01_6275,2021-07-01,6275,元山,tpex,29.50,30.50,29.15,29.80,1227000,36649000,0.45,,69786925,620,
2021-07-01_6276,2021-07-01,6276,安鈦克,tpex,35.70,36.90,35.15,36.75,827000,29960550,0.80,,31490000,244,
2021-07-01_6277,2021-07-01,6277,宏正,twse,84.80,85.00,84.40,84.60,103253,8738898,-0.2,,,84,
2021-07-01_6278,2021-07-01,6278,台表科,twse,121.00,121.00,117.50,118.50,5596539,663927479,-2.5,,,4080,
2021-07-01_6279,2021-07-01,6279,胡連,tpex,134.00,136.00,128.00,129.50,2932000,386180000,-4.50,,99654707,1916,
2021-07-01_6281,2021-07-01,6281,全國電,twse,84.00,84.30,83.70,84.30,36820,3086541,0.3,,,42,
2021-07-01_6282,2021-07-01,6282,康舒,twse,26.30,27.85,26.30,27.50,23285376,636660837,1.5,,,8788,
2021-07-01_6283,2021-07-01,6283,淳安,twse,56.00,56.90,52.60,53.20,6500827,351780476,-1.8,,,3670,
2021-07-01_6284,2021-07-01,6284,佳邦,tpex,62.50,62.70,59.20,59.40,2375000,143591500,-2.70,,140180341,1621,
2021-07-01_6285,2021-07-01,6285,啟碁,twse,75.50,76.70,75.10,75.40,3799259,287846126,-0.6,,,2727,
2021-07-01_6287,2021-07-01,6287,元隆,tpex,8.60,8.60,8.38,8.60,467000,3966530,0.19,,438145590,93,
2021-07-01_6288,2021-07-01,6288,聯嘉,twse,28.30,28.70,27.80,27.90,929085,26210875,-0.35,,,510,
2021-07-01_6289,2021-07-01,6289,華上,twse,3.02,3.02,2.98,2.99,83324,250125,-0.03,,,31,
2021-07-01_6290,2021-07-01,6290,良維,tpex,68.20,68.40,64.50,65.50,6532000,432070800,-3.10,,147766197,4210,
2021-07-01_6291,2021-07-01,6291,沛亨,tpex,25.15,25.55,25.15,25.55,8000,203250,-0.40,,27000000,5,
2021-07-01_6292,2021-07-01,6292,迅德,tpex,41.00,41.05,40.80,41.00,72000,2943850,0.00,,46900712,45,
2021-07-01_6294,2021-07-01,6294,智基,tpex,151.50,152.00,150.50,152.00,11000,1662500,0.00,,23402610,10,
2021-07-01_6404,2021-07-01,6404,通訊-KY,tpex,6.80,6.81,6.73,6.73,62000,419080,-0.27,,37368000,17,
2021-07-01_6405,2021-07-01,6405,悅城,twse,46.20,50.00,46.20,49.55,4223152,203730862,3.7,,,2703,
2021-07-01_6409,2021-07-01,6409,旭隼,twse,1345.00,1345.00,1325.00,1340.00,57212,76370920,-5.0,,,80,
2021-07-01_6411,2021-07-01,6411,晶焱,tpex,159.50,165.00,152.00,153.00,5683000,900036000,-6.00,,91119331,3713,
2021-07-01_6412,2021-07-01,6412,群電,twse,72.20,72.30,70.80,70.80,305669,21804630,-1.6,,,260,
2021-07-01_6414,2021-07-01,6414,樺漢,twse,220.00,220.00,215.50,217.50,420028,91384655,-1.5,,,420,
2021-07-01_6415,2021-07-01,6415,矽力*-KY,twse,3840.00,3870.00,3660.00,3710.00,237210,886770835,-80.0,,,524,
2021-07-01_6416,2021-07-01,6416,瑞祺電通,twse,120.00,120.50,117.00,117.50,626859,74162704,-0.5,,,531,
2021-07-01_6417,2021-07-01,6417,韋僑,tpex,75.60,75.90,75.60,75.90,4000,303100,0.00,,35614000,4,
2021-07-01_6418,2021-07-01,6418,詠昇,tpex,14.20,14.35,14.20,14.35,8000,114500,-0.05,,34522000,5,
2021-07-01_6419,2021-07-01,6419,京晨科,tpex,25.40,25.40,24.60,24.70,128000,3203900,-0.70,,13159170,67,
2021-07-01_6425,2021-07-01,6425,易發,tpex,24.65,24.65,24.20,24.30,55000,1342050,-0.40,,43602000,36,
2021-07-01_6426,2021-07-01,6426,統新,twse,81.00,82.00,78.00,78.30,121130,9629578,-2.2,,,134,
2021-07-01_6431,2021-07-01,6431,光麗-KY,twse,36.05,36.05,34.60,35.40,65017,2296803,-0.6,,,43,
2021-07-01_6432,2021-07-01,6432,今展科,tpex,45.60,45.85,43.60,43.80,1868000,83670700,-1.50,,30098903,1093,
2021-07-01_6435,2021-07-01,6435,大中,tpex,121.50,121.50,117.50,118.50,349000,41709000,-3.00,,33313000,282,
2021-07-01_6438,2021-07-01,6438,迅得,twse,101.00,102.50,99.70,100.00,710489,71453058,-1.5,,,542,
2021-07-01_6441,2021-07-01,6441,廣錠,tpex,88.40,88.70,85.00,85.20,673000,58273500,-3.20,,38576776,524,
2021-07-01_6442,2021-07-01,6442,光聖,twse,34.00,34.00,34.00,34.00,3155,107208,-0.55,down,,6,
2021-07-01_6443,2021-07-01,6443,元晶,twse,34.95,35.20,33.70,33.80,14267092,489173640,-1.1,,,7145,
2021-07-01_6446,2021-07-01,6446,藥華藥,tpex,86.80,88.00,86.40,87.10,260000,22643200,0.30,,263539341,190,
2021-07-01_6449,2021-07-01,6449,鈺邦,twse,60.60,60.70,58.00,58.00,403325,23966235,-1.7,,,286,
2021-07-01_6451,2021-07-01,6451,訊芯-KY,twse,118.00,118.00,115.00,115.00,669367,77668887,-2.0,,,475,
2021-07-01_6456,2021-07-01,6456,GIS-KY,twse,125.00,128.00,120.50,121.50,7308406,909660827,-2.0,,,5124,
2021-07-01_6457,2021-07-01,6457,紘康,tpex,156.50,157.00,153.50,153.50,409000,63318000,-1.50,,29854792,294,
2021-07-01_6461,2021-07-01,6461,益得,tpex,22.65,22.65,21.90,22.50,681000,15137700,-0.25,,100695600,316,
2021-07-01_6462,2021-07-01,6462,神盾,tpex,165.00,166.50,164.00,164.50,516000,85373000,0.50,,70775754,420,
2021-07-01_6464,2021-07-01,6464,台數科,twse,110.00,110.00,110.00,110.00,19039,2094291,-1.0,down,,17,
2021-07-01_6465,2021-07-01,6465,威潤,tpex,24.60,24.60,23.15,23.15,227000,5503750,0.60,,32974301,124,
2021-07-01_6469,2021-07-01,6469,大樹,tpex,198.50,198.50,193.00,193.00,312000,60942000,-3.00,,54001676,275,
2021-07-01_6470,2021-07-01,6470,宇智,tpex,48.60,48.85,47.80,47.85,53000,2560950,-0.75,,32694100,43,
2021-07-01_6472,2021-07-01,6472,保瑞,tpex,284.00,289.50,278.00,279.00,469000,132976000,-3.00,,54115424,425,
2021-07-01_6477,2021-07-01,6477,安集,twse,49.85,50.10,48.50,48.55,1433804,70337349,-0.9,,,987,
2021-07-01_6482,2021-07-01,6482,弘煜科,tpex,49.15,49.15,46.55,47.40,26000,1234050,-1.45,,17148440,26,
2021-07-01_6485,2021-07-01,6485,點序,tpex,132.50,134.00,120.00,123.00,3651000,462872500,-7.50,,40443508,2271,
2021-07-01_6486,2021-07-01,6486,互動,tpex,77.50,77.50,77.10,77.10,49000,3782700,-0.20,,38750862,40,
2021-07-01_6488,2021-07-01,6488,環球晶,tpex,921.00,927.00,890.00,900.00,2298000,2079227000,-19.00,,437250000,1959,
2021-07-01_6491,2021-07-01,6491,晶碩,twse,604.00,609.00,580.00,580.00,482955,284750674,-24.0,,,809,
2021-07-01_6492,2021-07-01,6492,生華科,tpex,178.00,181.50,170.00,171.00,1551000,270548000,-7.50,,89663620,1220,
2021-07-01_6494,2021-07-01,6494,九齊,tpex,126.50,132.00,126.50,127.00,2991000,385806000,0.50,,31559690,2020,
2021-07-01_6496,2021-07-01,6496,科懋,tpex,29.30,29.30,28.90,29.05,16000,464600,0.10,,46667000,16,
2021-07-01_6499,2021-07-01,6499,益安,tpex,75.20,75.20,69.50,70.70,1720000,126070700,2.30,,66553159,1038,
2021-07-01_6504,2021-07-01,6504,南六,twse,145.00,146.00,143.50,143.50,288359,41692667,-1.5,,,330,
2021-07-01_6505,2021-07-01,6505,台塑化,twse,106.50,106.50,105.50,106.00,2083513,220853533,-0.5,,,1215,
2021-07-01_6506,2021-07-01,6506,雙邦,tpex,17.80,18.20,17.70,17.80,519000,9304250,0.15,,82360826,220,
2021-07-01_6508,2021-07-01,6508,惠光,tpex,30.15,30.40,30.10,30.30,58000,1749600,0.15,,85297029,35,
2021-07-01_6509,2021-07-01,6509,聚和,tpex,43.45,45.05,40.50,42.20,39122000,1674126050,-1.05,,173204101,18183,
2021-07-01_6510,2021-07-01,6510,精測,tpex,654.00,655.00,644.00,646.00,177000,114458000,-5.00,,32789022,166,
2021-07-01_6512,2021-07-01,6512,啟發電,tpex,17.00,17.00,16.60,16.60,12000,201350,-0.40,,25000000,12,
2021-07-01_6514,2021-07-01,6514,芮特-KY,tpex,48.50,48.50,48.00,48.00,28000,1352150,-0.50,,30015382,20,
2021-07-01_6515,2021-07-01,6515,穎崴,twse,273.00,273.00,262.00,262.00,102831,27174870,-6.0,,,136,
2021-07-01_6516,2021-07-01,6516,勤崴國際,tpex,117.00,118.00,114.00,116.00,123000,14221500,-1.00,,38589829,99,
2021-07-01_6523,2021-07-01,6523,達爾膚,tpex,74.00,74.00,73.00,73.00,101000,7403500,-1.20,,45047625,94,
2021-07-01_6525,2021-07-01,6525,捷敏-KY,twse,80.50,80.50,78.50,79.10,312789,24781827,-0.7,,,273,
2021-07-01_6527,2021-07-01,6527,明達醫,tpex,50.00,50.00,49.35,49.85,30000,1486600,0.15,,24276000,21,
2021-07-01_6530,2021-07-01,6530,創威,tpex,18.70,18.70,18.65,18.65,7000,130650,0.05,,33750000,5,
2021-07-01_6531,2021-07-01,6531,愛普*,twse,634.00,645.00,616.00,616.00,1274515,799618953,-18.0,,,1406,
2021-07-01_6532,2021-07-01,6532,瑞耘,tpex,44.30,44.85,43.25,43.50,140000,6144500,-0.80,,36100867,105,
2021-07-01_6533,2021-07-01,6533,晶心科,twse,508.00,510.00,497.00,497.00,642416,322711082,-7.0,,,751,
2021-07-01_6535,2021-07-01,6535,順藥,tpex,38.00,38.65,36.60,36.60,827000,30902450,-1.45,,151032825,531,
2021-07-01_6538,2021-07-01,6538,倉和,tpex,112.50,112.50,108.50,109.00,278000,30656500,-3.00,,37269000,229,
2021-07-01_6541,2021-07-01,6541,泰福-KY,twse,58.00,58.10,57.20,57.50,380963,21925572,-0.4,,,318,
2021-07-01_6542,2021-07-01,6542,隆中,tpex,74.80,75.50,74.10,75.50,9000,674900,0.00,,42000630,8,
2021-07-01_6547,2021-07-01,6547,高端疫苗,tpex,247.00,254.00,243.00,243.00,2770000,685823000,-4.00,,212477000,2053,
2021-07-01_6548,2021-07-01,6548,長科*,tpex,74.90,74.90,73.00,74.50,1673000,123711700,0.30,,364131050,1019,
2021-07-01_6552,2021-07-01,6552,易華電,twse,51.20,51.40,50.40,50.60,242235,12306193,-0.5,,,183,
2021-07-01_6556,2021-07-01,6556,勝品,tpex,48.00,48.00,45.10,47.10,43000,2007100,1.10,,28750000,29,
2021-07-01_6558,2021-07-01,6558,興能高,twse,39.30,39.55,38.65,38.90,289002,11276479,-0.1,,,203,
2021-07-01_6560,2021-07-01,6560,欣普羅,tpex,111.00,112.00,108.50,108.50,109000,12006000,-2.00,,17492846,101,
2021-07-01_6561,2021-07-01,6561,是方,tpex,300.50,300.50,297.00,297.00,64000,19098000,-3.50,,70459631,59,
2021-07-01_6568,2021-07-01,6568,宏觀,tpex,136.00,138.00,133.50,135.00,183000,24881000,-0.50,,25676300,166,
2021-07-01_6569,2021-07-01,6569,醫揚,tpex,131.00,136.50,131.00,136.50,21000,2836500,2.00,,27510273,21,
2021-07-01_6570,2021-07-01,6570,維田,tpex,30.05,30.10,29.80,29.90,32000,959700,-0.15,,30086177,24,
2021-07-01_6573,2021-07-01,6573,虹揚-KY,twse,20.40,20.75,19.25,19.25,899028,18051555,-0.7,,,473,
2021-07-01_6576,2021-07-01,6576,逸達,tpex,98.00,99.70,97.10,97.10,667000,65287300,-0.90,,117302380,488,
2021-07-01_6577,2021-07-01,6577,勁豐,tpex,67.40,67.90,67.40,67.50,23000,1555300,0.10,,38254870,14,
2021-07-01_6578,2021-07-01,6578,達邦蛋白,tpex,20.15,20.50,20.15,20.50,22000,445700,0.15,,30131411,16,
2021-07-01_6579,2021-07-01,6579,研揚,twse,66.90,66.90,66.60,66.90,9000,600900,0.1,,,9,
2021-07-01_6581,2021-07-01,6581,鋼聯,twse,73.70,73.70,72.70,72.70,44106,3224843,-1.0,,,49,
2021-07-01_6582,2021-07-01,6582,申豐,twse,289.00,293.00,284.50,285.00,819733,236027916,-4.0,,,882,
2021-07-01_6588,2021-07-01,6588,東典光電,tpex,55.70,55.70,53.60,55.00,20000,1088800,-0.60,,26700825,18,
2021-07-01_6589,2021-07-01,6589,台康生技,tpex,148.50,151.00,144.00,144.00,2410000,354082000,-3.50,,243038856,1823,
2021-07-01_6590,2021-07-01,6590,普鴻,tpex,57.20,57.60,56.30,57.60,34000,1932800,-0.20,,18291250,18,
2021-07-01_6591,2021-07-01,6591,動力-KY,twse,67.00,68.70,66.60,66.80,576374,38994211,-0.2,,,419,
2021-07-01_6592,2021-07-01,6592,和潤企業,twse,87.10,88.60,86.70,87.30,2812297,246644425,0.6,,,792,
2021-07-01_6593,2021-07-01,6593,台灣銘板,tpex,27.90,27.90,27.75,27.75,23000,640150,-0.15,,20170901,14,
2021-07-01_6594,2021-07-01,6594,展匯科,tpex,44.10,44.10,42.60,43.30,109000,4713150,-1.00,,20476800,90,
2021-07-01_6596,2021-07-01,6596,寬宏藝術,tpex,50.00,50.00,49.75,49.85,48000,2392450,-0.10,,30000000,40,
2021-07-01_6598,2021-07-01,6598,ABC-KY,twse,47.15,47.15,45.50,45.55,324029,14902061,-0.75,,,290,
2021-07-01_6603,2021-07-01,6603,富強鑫,tpex,14.95,14.95,14.15,14.55,1162000,16840700,-0.05,,148708517,459,
2021-07-01_6605,2021-07-01,6605,帝寶,twse,58.90,60.30,58.90,59.30,264949,15777836,0.6,,,221,
2021-07-01_6609,2021-07-01,6609,瀧澤科,tpex,32.00,32.30,31.55,32.00,191000,6097300,0.30,,72456246,111,
2021-07-01_6612,2021-07-01,6612,奈米醫材,tpex,64.10,64.30,63.70,63.70,17000,1086700,-1.30,,33969900,14,
2021-07-01_6613,2021-07-01,6613,朋億,tpex,135.00,135.50,134.00,134.50,52000,7000000,-1.00,,33928000,44,
2021-07-01_6615,2021-07-01,6615,慧智,tpex,48.00,48.55,47.55,48.55,11000,526200,-0.05,,21261600,10,
2021-07-01_6616,2021-07-01,6616,特昇-KY,tpex,23.80,24.05,23.45,24.05,5000,118900,-0.10,,23625000,5,
2021-07-01_6624,2021-07-01,6624,萬年清,tpex,30.95,31.30,30.95,31.30,9000,279800,0.50,,18000000,8,
2021-07-01_6625,2021-07-01,6625,必應,twse,27.60,27.60,27.15,27.45,36818,1006880,-0.25,,,38,
2021-07-01_6629,2021-07-01,6629,泰金-KY,tpex,65.90,66.10,65.60,66.10,19000,1250700,0.20,,35612909,13,
2021-07-01_6640,2021-07-01,6640,均華,tpex,137.00,141.00,137.00,139.50,116000,16043500,2.50,,28276500,100,
2021-07-01_6641,2021-07-01,6641,基士德-KY,twse,69.00,69.00,68.50,68.60,13087,900201,-0.4,,,14,
2021-07-01_6642,2021-07-01,6642,富致,tpex,72.60,72.60,69.00,69.00,111000,7785800,-3.50,,31399662,96,
2021-07-01_6643,2021-07-01,6643,M31,tpex,400.00,401.50,376.00,384.00,876000,339332000,-13.00,,31318000,740,
2021-07-01_6649,2021-07-01,6649,台生材,tpex,28.15,28.15,28.00,28.00,17000,477000,-0.15,,33000000,15,
2021-07-01_6651,2021-07-01,6651,全宇昕,tpex,116.00,116.50,110.00,110.00,910000,102264500,-6.00,,32963222,664,
2021-07-01_6654,2021-07-01,6654,天正國際,tpex,68.00,69.70,67.80,68.20,92000,6290000,0.40,,33262720,55,
2021-07-01_6655,2021-07-01,6655,科定,twse,76.10,76.10,74.20,74.30,35712,2669245,-0.6,,,41,
2021-07-01_6661,2021-07-01,6661,威健生技,tpex,26.75,26.80,26.60,26.60,13000,347300,-0.10,,23304248,10,
2021-07-01_6662,2021-07-01,6662,樂斯科,tpex,33.30,33.35,33.00,33.35,13000,430850,0.10,,25612400,10,
2021-07-01_6664,2021-07-01,6664,群翊,tpex,72.00,72.00,70.60,70.80,123000,8744800,-0.90,,55000000,103,
2021-07-01_6666,2021-07-01,6666,羅麗芬-KY,twse,75.00,76.40,75.00,76.40,45010,3390571,0.7,,,33,
2021-07-01_6667,2021-07-01,6667,信紘科,tpex,65.60,65.60,63.80,64.00,143000,9178900,-0.30,,39778878,103,
2021-07-01_6668,2021-07-01,6668,中揚光,twse,75.60,76.10,72.00,72.20,1284746,94472377,-3.4,,,932,
2021-07-01_6669,2021-07-01,6669,緯穎,twse,1000.00,1000.00,976.00,976.00,283980,279162782,-21.0,,,409,
2021-07-01_6670,2021-07-01,6670,復盛應用,twse,210.00,211.50,208.50,208.50,276953,57957872,-1.0,,,209,
2021-07-01_6671,2021-07-01,6671,三能-KY,twse,49.50,49.50,49.15,49.45,7000,344850,-0.05,,,6,
2021-07-01_6672,2021-07-01,6672,騰輝電子-KY,twse,144.50,149.00,142.00,146.00,4524791,660512662,2.5,,,3213,
2021-07-01_6674,2021-07-01,6674,鋐寶科技,twse,28.05,28.10,27.85,28.00,59000,1652350,-0.05,,,32,
2021-07-01_6679,2021-07-01,6679,鈺太,tpex,373.00,381.00,370.00,370.50,591000,220853000,-1.50,,42171335,471,
2021-07-01_6680,2021-07-01,6680,鑫創電子,tpex,57.50,57.50,57.50,57.50,1000,57500,-0.30,down,18550000,1,
2021-07-01_6683,2021-07-01,6683,雍智科技,tpex,368.00,374.00,352.00,353.00,975000,352299500,-10.00,,27075661,815,
2021-07-01_6690,2021-07-01,6690,安碁資訊,tpex,105.50,105.50,105.00,105.00,28000,2944000,0.00,,16666392,28,
2021-07-01_6697,2021-07-01,6697,東捷資訊,tpex,40.50,40.95,40.50,40.85,11000,446300,-0.35,,27323364,8,
2021-07-01_6698,2021-07-01,6698,旭暉應材,twse,41.20,42.60,41.20,41.55,232591,9695212,0.0,,,189,
2021-07-01_6703,2021-07-01,6703,軒郁,tpex,98.80,99.70,98.60,98.70,52000,5140600,-0.30,,20800000,34,
2021-07-01_6706,2021-07-01,6706,惠特,twse,173.50,174.50,167.00,167.00,1297576,220512497,-6.0,,,1324,
2021-07-01_6712,2021-07-01,6712,長聖,tpex,418.50,420.00,405.00,420.00,388000,159135500,4.50,,61608500,292,
2021-07-01_6715,2021-07-01,6715,嘉基,twse,114.50,114.50,111.50,114.50,104369,11878567,1.0,,,81,
2021-07-01_6716,2021-07-01,6716,應廣,tpex,137.50,139.50,137.00,137.50,37000,5103500,0.00,,22294000,36,
2021-07-01_6727,2021-07-01,6727,亞泰金屬,tpex,68.30,70.70,67.80,70.40,355000,24743200,2.10,,21000125,232,
2021-07-01_6728,2021-07-01,6728,上洋,tpex,67.80,68.40,67.60,68.10,59000,4008600,0.50,,23000000,51,
2021-07-01_6732,2021-07-01,6732,昇佳電子,tpex,700.00,707.00,688.00,690.00,188000,130765000,-10.00,,48912618,181,
2021-07-01_6733,2021-07-01,6733,博晟生醫,tpex,26.00,26.45,25.70,25.70,118000,3056250,-0.10,,101630000,71,
2021-07-01_6741,2021-07-01,6741,91APP*-KY,tpex,318.00,318.00,290.00,304.00,1199000,362834000,-3.00,,120577997,958,
2021-07-01_6743,2021-07-01,6743,安普新,twse,133.00,134.00,120.50,120.50,2167621,271196914,-12.0,,,1926,
2021-07-01_6747,2021-07-01,6747,亨泰光,tpex,248.00,248.00,236.50,237.00,55000,13153500,-6.50,,24189000,52,
2021-07-01_6751,2021-07-01,6751,智聯服務,tpex,63.00,63.00,62.50,62.50,14000,876200,-0.50,,13030000,9,
2021-07-01_6752,2021-07-01,6752,叡揚,tpex,63.30,63.30,62.00,62.00,4000,249500,-1.20,,26700000,4,
2021-07-01_6754,2021-07-01,6754,匯僑設計,twse,46.30,46.90,46.00,46.25,179000,8276350,0.25,,,63,
2021-07-01_6756,2021-07-01,6756,威鋒電子,twse,408.00,408.00,390.50,397.00,305466,121704407,-5.0,,,325,
2021-07-01_6762,2021-07-01,6762,達亞,tpex,301.50,301.50,300.00,300.50,16000,4813000,-3.00,,20744584,14,
2021-07-01_6767,2021-07-01,6767,台微醫,tpex,28.95,28.95,28.65,28.65,30000,862800,-0.25,,29109000,24,
2021-07-01_6768,2021-07-01,6768,志強-KY,twse,76.10,77.50,73.10,75.50,574757,43894888,-0.5,,,366,
2021-07-01_6776,2021-07-01,6776,展碁國際,twse,44.00,44.00,43.60,43.80,145521,6369012,-0.05,,,133,
2021-07-01_6781,2021-07-01,6781,AES-KY,twse,916.00,928.00,873.00,873.00,401331,357468883,-36.0,,,1055,
2021-07-01_6803,2021-07-01,6803,崑鼎,tpex,230.50,231.00,228.00,228.00,45000,10330000,-1.00,,69086185,42,
2021-07-01_7402,2021-07-01,7402,邑錡,tpex,42.70,46.80,42.70,44.60,43000,1931900,2.00,,23669379,34,
2021-07-01_7556,2021-07-01,7556,意德士,tpex,128.00,134.00,126.50,128.00,47000,6048000,-1.00,,21386000,44,
2021-07-01_8011,2021-07-01,8011,台通,twse,17.70,18.10,17.50,17.50,933853,16635079,-0.2,,,478,
2021-07-01_8016,2021-07-01,8016,矽創,twse,317.00,319.00,298.50,302.50,7244472,2222410342,-10.5,,,6026,
2021-07-01_8021,2021-07-01,8021,尖點,twse,40.25,42.35,40.10,40.20,13846717,571585381,0.3,,,7474,
2021-07-01_8024,2021-07-01,8024,佑華,tpex,23.50,23.85,22.50,22.85,756000,17347650,-0.50,,45160100,451,
2021-07-01_8027,2021-07-01,8027,鈦昇,tpex,67.50,67.90,66.50,66.60,647000,43295700,-0.60,,100272618,443,
2021-07-01_8028,2021-07-01,8028,昇陽半導體,twse,47.05,47.10,45.70,45.80,727656,33656420,-1.05,,,484,
2021-07-01_8032,2021-07-01,8032,光菱,tpex,24.05,24.10,24.00,24.05,21000,504600,0.00,,51810300,12,
2021-07-01_8033,2021-07-01,8033,雷虎,twse,15.35,15.45,15.05,15.10,922675,14018372,-0.25,,,637,
2021-07-01_8034,2021-07-01,8034,榮群,tpex,20.40,20.40,18.50,18.80,2588000,49936300,-0.70,,62873725,1185,
2021-07-01_8038,2021-07-01,8038,長園科,tpex,36.90,37.25,35.65,35.90,449000,16313650,-1.15,,59814190,287,
2021-07-01_8039,2021-07-01,8039,台虹,twse,53.30,54.10,52.90,53.40,1568563,84112010,-0.1,,,887,
2021-07-01_8040,2021-07-01,8040,九暘,tpex,73.00,79.70,71.20,79.70,6231000,473331100,7.20,,68501074,3767,
2021-07-01_8042,2021-07-01,8042,金山電,tpex,50.80,51.40,48.65,48.90,332000,16497800,-1.60,,125691795,245,
2021-07-01_8043,2021-07-01,8043,蜜望實,tpex,34.30,35.00,32.50,33.10,6312000,212691350,-0.15,,79907170,3678,
2021-07-01_8044,2021-07-01,8044,網家,tpex,110.50,113.00,106.50,108.50,4088000,446862000,-1.00,,118259446,2855,
2021-07-01_8046,2021-07-01,8046,南電,twse,390.50,392.50,375.00,379.00,3982311,1520279694,-10.5,,,3726,
2021-07-01_8047,2021-07-01,8047,星雲,tpex,11.70,11.70,11.45,11.60,9000,103450,0.00,,41666343,4,
2021-07-01_8048,2021-07-01,8048,德勝,tpex,35.35,35.45,35.20,35.35,56000,1977850,0.00,,52886938,36,
2021-07-01_8049,2021-07-01,8049,晶采,tpex,24.05,24.10,23.95,24.10,322000,7737900,0.05,,118279808,167,
2021-07-01_8050,2021-07-01,8050,廣積,tpex,42.00,42.00,41.30,41.30,223000,9273850,-0.55,,177099773,158,
2021-07-01_8054,2021-07-01,8054,安國,tpex,43.10,43.10,41.00,41.30,2817000,117968200,-1.50,,70622886,1743,
2021-07-01_8059,2021-07-01,8059,凱碩,tpex,10.80,11.20,10.60,10.90,213000,2306200,0.00,,188618000,107,
2021-07-01_8064,2021-07-01,8064,東捷,tpex,18.85,18.95,18.45,18.45,1263000,23563600,-0.25,,164817836,571,
2021-07-01_8066,2021-07-01,8066,來思達,tpex,49.70,49.85,49.65,49.70,39000,1940850,-0.15,,30152304,26,
2021-07-01_8067,2021-07-01,8067,志旭,tpex,10.85,10.85,10.60,10.70,7000,74950,0.35,,30000000,7,
2021-07-01_8068,2021-07-01,8068,全達,tpex,22.90,22.90,21.30,21.95,100000,2189100,-0.95,,68659992,56,
2021-07-01_8069,2021-07-01,8069,元太,tpex,74.60,76.50,74.20,74.20,12650000,951155300,-0.40,,1140467715,6008,
2021-07-01_8070,2021-07-01,8070,長華*,twse,33.00,33.00,31.75,31.85,2273380,73114113,-1.15,,,1365,
2021-07-01_8071,2021-07-01,8071,能率網通,tpex,12.80,12.90,12.60,12.65,260000,3310750,-0.20,,51854283,97,
2021-07-01_8072,2021-07-01,8072,陞泰,twse,24.95,24.95,24.65,24.75,43607,1081205,-0.2,,,58,
2021-07-01_8074,2021-07-01,8074,鉅橡,tpex,20.85,20.90,20.45,20.55,107000,2205050,-0.30,,87124466,60,
2021-07-01_8076,2021-07-01,8076,伍豐,tpex,36.45,37.70,36.10,36.10,3839000,141246300,-0.05,,277531538,2185,
2021-07-01_8077,2021-07-01,8077,洛碁,tpex,12.45,12.70,12.10,12.35,136000,1676550,0.25,,109728343,86,
2021-07-01_8081,2021-07-01,8081,致新,twse,235.00,236.50,225.50,226.50,1455882,332794636,-8.5,,,1356,
2021-07-01_8083,2021-07-01,8083,瑞穎,tpex,193.00,193.00,192.00,193.00,103000,19842000,0.50,,35133193,56,
2021-07-01_8084,2021-07-01,8084,巨虹,tpex,78.00,78.00,75.50,76.40,31000,2354500,-1.60,,69514149,29,
2021-07-01_8085,2021-07-01,8085,福華,tpex,12.20,12.20,12.00,12.00,951000,11499450,-0.20,,157257242,328,
2021-07-01_8086,2021-07-01,8086,宏捷科,tpex,156.00,157.50,149.00,150.00,4878000,745382500,-5.50,,199716123,3500,
2021-07-01_8087,2021-07-01,8087,華鎂鑫,tpex,26.50,26.90,26.00,26.90,37000,985300,-0.05,,29068965,25,
2021-07-01_8088,2021-07-01,8088,品安,tpex,29.20,29.45,28.15,28.25,1537000,44175050,-0.35,,60921749,831,
2021-07-01_8089,2021-07-01,8089,康全電訊,tpex,28.60,28.60,28.15,28.20,83000,2343900,-0.10,,57177527,50,
2021-07-01_8091,2021-07-01,8091,翔名,tpex,63.30,64.00,62.50,62.90,90000,5661500,-0.40,,45450364,75,
2021-07-01_8092,2021-07-01,8092,建暐,tpex,8.75,8.84,8.71,8.84,84000,738480,0.12,,38850616,36,
2021-07-01_8093,2021-07-01,8093,保銳,tpex,9.36,9.53,9.25,9.25,218000,2039680,-0.08,,64208493,109,
2021-07-01_8096,2021-07-01,8096,擎亞,tpex,14.30,14.30,13.75,13.90,1421000,19826850,-0.25,,142416429,586,
2021-07-01_8097,2021-07-01,8097,常珵,tpex,31.85,32.50,29.80,30.00,1089000,34295600,,,38674306,661,
2021-07-01_8099,2021-07-01,8099,大世科,tpex,33.00,33.20,31.55,31.70,359000,11519550,-1.30,,88560000,231,
2021-07-01_8101,2021-07-01,8101,華冠,twse,2.60,2.63,2.60,2.61,169324,442663,0.04,,,62,
2021-07-01_8103,2021-07-01,8103,瀚荃,twse,42.10,43.35,42.00,43.05,2976154,127411579,1.25,,,1511,
2021-07-01_8104,2021-07-01,8104,錸寶,twse,50.40,50.50,49.35,49.85,306539,15342662,-0.55,,,187,
2021-07-01_8105,2021-07-01,8105,凌巨,twse,13.40,13.55,13.00,13.00,2065921,27356006,-0.35,,,818,
2021-07-01_8107,2021-07-01,8107,大億金茂,tpex,20.60,20.85,20.10,20.10,246000,5007450,-0.50,,75000000,138,
2021-07-01_8109,2021-07-01,8109,博大,tpex,72.50,72.50,72.20,72.40,32000,2316300,-0.20,,72609404,28,
2021-07-01_8110,2021-07-01,8110,華東,twse,18.65,18.65,17.55,18.00,10016000,181056773,-0.7,,,3503,
2021-07-01_8111,2021-07-01,8111,立碁,tpex,19.80,19.95,19.50,19.55,924000,18227550,0.05,,109102223,386,
2021-07-01_8112,2021-07-01,8112,至上,twse,40.30,40.35,39.70,39.75,2878375,114871983,-0.5,,,1648,
2021-07-01_8114,2021-07-01,8114,振樺電,twse,70.60,71.00,70.10,70.20,61118,4299406,-0.3,,,46,
2021-07-01_8121,2021-07-01,8121,越峰,tpex,19.30,19.30,18.15,18.35,973000,18029350,-0.55,,182993743,498,
2021-07-01_8131,2021-07-01,8131,福懋科,twse,40.35,40.45,40.05,40.45,249871,10044389,0.4,,,147,
2021-07-01_8147,2021-07-01,8147,正淩,tpex,43.00,45.70,43.00,43.80,138000,6123800,1.05,,30627656,117,
2021-07-01_8150,2021-07-01,8150,南茂,twse,47.75,48.50,47.30,48.20,6350034,304707389,0.6,,,3689,
2021-07-01_8155,2021-07-01,8155,博智,tpex,118.00,119.00,116.50,116.50,199000,23370000,-1.50,,49756000,128,
2021-07-01_8163,2021-07-01,8163,達方,twse,46.10,46.10,44.90,44.95,2109886,95649897,-0.95,,,1317,
2021-07-01_8171,2021-07-01,8171,天宇,tpex,56.10,56.20,53.80,54.50,738000,40473100,-0.90,,58723230,443,
2021-07-01_8176,2021-07-01,8176,智捷,tpex,8.95,9.00,8.90,8.97,37000,331320,0.02,,72500000,27,
2021-07-01_8182,2021-07-01,8182,加高,tpex,53.10,53.20,50.00,51.20,4403000,226121900,-1.40,,107041215,2571,
2021-07-01_8183,2021-07-01,8183,精星,tpex,52.30,54.60,51.30,51.80,11262000,594796700,0.10,,121251068,6283,
2021-07-01_8201,2021-07-01,8201,無敵,twse,11.35,11.40,11.15,11.15,161219,1811895,-0.05,,,64,
2021-07-01_8210,2021-07-01,8210,勤誠,twse,74.20,74.70,73.90,74.00,212603,15785157,-0.5,,,156,
2021-07-01_8213,2021-07-01,8213,志超,twse,47.05,47.20,46.10,46.20,3061558,142643047,-0.8,,,1597,
2021-07-01_8215,2021-07-01,8215,明基材,twse,26.30,26.45,25.70,25.80,1867727,48555931,-0.35,,,949,
2021-07-01_8222,2021-07-01,8222,寶一,twse,14.15,14.80,14.10,14.70,941627,13649921,0.75,,,474,
2021-07-01_8234,2021-07-01,8234,新漢,tpex,23.15,23.95,22.80,23.45,1073000,25063500,0.40,,141226472,229,
2021-07-01_8240,2021-07-01,8240,華宏,tpex,35.00,35.15,34.30,34.30,267000,9270950,-0.35,,100004414,136,
2021-07-01_8249,2021-07-01,8249,菱光,twse,28.55,28.60,28.55,28.55,1312633,37496007,0.0,,,419,
2021-07-01_8255,2021-07-01,8255,朋程,tpex,171.50,183.50,166.00,166.50,10453000,1820218500,-1.50,,91483000,6988,
2021-07-01_8261,2021-07-01,8261,富鼎,twse,77.20,77.40,73.50,75.40,5631153,423075187,-1.5,,,3720,
2021-07-01_8271,2021-07-01,8271,宇瞻,twse,50.60,50.70,48.80,48.90,3154489,156314973,-1.7,,,2083,
2021-07-01_8277,2021-07-01,8277,商丞,tpex,16.30,16.80,15.70,16.10,3787000,61463050,0.30,,91628833,1838,
2021-07-01_8279,2021-07-01,8279,生展,tpex,110.50,110.50,108.50,108.50,17000,1864500,-2.00,,27100851,10,
2021-07-01_8284,2021-07-01,8284,三竹,tpex,46.80,46.80,46.65,46.65,11000,514200,-0.15,,46342000,10,
2021-07-01_8289,2021-07-01,8289,泰藝,tpex,19.50,19.55,18.50,18.60,1239000,23468750,-0.80,,68333765,597,
2021-07-01_8291,2021-07-01,8291,尚茂,tpex,6.65,6.65,6.65,6.65,1000,6650,-0.15,down,47312000,1,
2021-07-01_8299,2021-07-01,8299,群聯,tpex,485.50,485.50,473.50,473.50,1822000,870579000,-6.50,,197073993,1472,
2021-07-01_8341,2021-07-01,8341,日友,twse,210.00,213.00,210.00,210.00,221593,46820579,0.0,,,491,
2021-07-01_8342,2021-07-01,8342,益張,tpex,51.90,51.90,51.50,51.50,18000,931700,-0.30,,33536692,11,
2021-07-01_8349,2021-07-01,8349,恒耀,tpex,71.30,71.40,69.30,70.20,270000,18934500,-0.30,,118978778,190,
2021-07-01_8349A,2021-07-01,8349A,恒耀甲特,tpex,46.35,46.70,46.30,46.30,25000,1159550,0.00,,10000000,15,
2021-07-01_8354,2021-07-01,8354,冠好,tpex,15.55,15.75,15.55,15.60,82000,1281000,0.05,,78532263,35,
2021-07-01_8358,2021-07-01,8358,金居,tpex,81.80,83.70,80.20,80.70,6688000,546661400,-0.80,,252588000,4234,
2021-07-01_8367,2021-07-01,8367,建新國際,twse,47.40,49.70,46.60,49.45,4593820,221051070,2.95,,,2675,
2021-07-01_8374,2021-07-01,8374,羅昇,twse,31.45,31.50,31.35,31.45,249389,7831673,0.0,,,150,
2021-07-01_8383,2021-07-01,8383,千附,tpex,42.35,42.45,41.85,41.95,629000,26495500,-0.45,,118192482,355,
2021-07-01_8390,2021-07-01,8390,金益鼎,tpex,42.65,43.00,41.25,41.45,1843000,77151150,-1.05,,119922660,1128,
2021-07-01_8401,2021-07-01,8401,白紗科,tpex,14.45,14.65,14.40,14.60,85000,1230500,-0.40,,60041680,49,
2021-07-01_8403,2021-07-01,8403,盛弘,tpex,32.15,32.30,31.50,31.50,473000,15050950,-0.60,,108881779,301,
2021-07-01_8404,2021-07-01,8404,百和興業-KY,twse,48.85,49.65,48.70,49.45,1148147,56475927,0.7,,,675,
2021-07-01_8406,2021-07-01,8406,金可-KY,tpex,264.00,268.50,251.00,259.00,696000,181253000,-7.00,,97072996,536,
2021-07-01_8409,2021-07-01,8409,商之器,tpex,18.30,18.35,18.05,18.30,79000,1440200,0.00,,32000000,34,
2021-07-01_8410,2021-07-01,8410,森田,tpex,42.00,42.00,41.65,41.85,107000,4471750,-0.15,,36589200,84,
2021-07-01_8411,2021-07-01,8411,福貞-KY,twse,14.95,14.95,14.70,14.80,232147,3435491,-0.25,,,186,
2021-07-01_8415,2021-07-01,8415,大國鋼,tpex,41.65,42.40,38.40,39.15,22201000,890267500,-1.85,,1031500000,9963,
2021-07-01_8416,2021-07-01,8416,實威,tpex,120.50,121.00,120.00,120.00,16000,1925000,0.00,,28210710,15,
2021-07-01_8418,2021-07-01,8418,捷必勝-KY,tpex,11.60,11.75,11.60,11.75,3000,35000,0.10,,78359000,3,
2021-07-01_8420,2021-07-01,8420,明揚,tpex,28.05,28.35,27.85,28.10,40000,1119900,0.05,,50990000,24,
2021-07-01_8421,2021-07-01,8421,旭源,tpex,10.35,10.35,10.00,10.15,121000,1218300,-0.05,,54817140,70,
2021-07-01_8422,2021-07-01,8422,可寧衛*,twse,166.50,167.00,165.50,165.50,249497,41417668,-0.5,,,408,
2021-07-01_8423,2021-07-01,8423,保綠-KY,tpex,17.90,17.90,17.90,17.90,1000,17900,-0.10,down,22958000,1,
2021-07-01_8424,2021-07-01,8424,惠普,tpex,59.50,61.90,59.20,61.20,398000,24232100,3.00,,36054368,308,
2021-07-01_8426,2021-07-01,8426,紅木-KY,tpex,18.05,18.05,17.90,17.90,109000,1961750,-0.15,,50242500,13,
2021-07-01_8427,2021-07-01,8427,基勝-KY,twse,49.55,50.00,49.50,49.80,16377,814166,-0.5,,,20,
2021-07-01_8429,2021-07-01,8429,金麗-KY,twse,17.75,17.75,16.60,16.80,2032348,34649022,-0.6,,,1090,
2021-07-01_8431,2021-07-01,8431,匯鑽科,tpex,72.00,72.70,70.00,70.20,555000,39411100,-1.80,,44455482,409,
2021-07-01_8432,2021-07-01,8432,東生華,tpex,43.40,43.65,42.85,42.85,69000,2969100,-0.50,,38398140,54,
2021-07-01_8433,2021-07-01,8433,弘帆,tpex,42.50,43.00,42.40,42.50,29000,1239150,0.10,,52081600,17,
2021-07-01_8435,2021-07-01,8435,鉅邁,tpex,57.20,57.60,57.20,57.50,19000,1092500,0.30,,31700450,17,
2021-07-01_8436,2021-07-01,8436,大江,tpex,255.00,258.50,248.00,248.00,1519000,382618000,-9.00,,118243830,1154,
2021-07-01_8437,2021-07-01,8437,大地-KY,tpex,174.50,175.00,174.50,175.00,4000,699500,-2.00,,47851070,4,
2021-07-01_8440,2021-07-01,8440,綠電,tpex,19.80,20.05,19.75,19.75,242000,4813750,-0.10,,38000225,106,
2021-07-01_8442,2021-07-01,8442,威宏-KY,twse,38.00,38.90,38.00,38.75,60106,2319530,0.1,,,33,
2021-07-01_8443,2021-07-01,8443,阿瘦,twse,11.55,11.65,11.50,11.60,87305,1009708,0.0,,,99,
2021-07-01_8444,2021-07-01,8444,綠河-KY,tpex,77.50,78.20,77.50,78.10,22000,1717800,-0.30,,84766845,15,
2021-07-01_8446,2021-07-01,8446,華研,tpex,94.50,94.90,94.00,94.30,48000,4530400,-0.10,,52914405,40,
2021-07-01_8450,2021-07-01,8450,霹靂,tpex,23.90,23.90,23.35,23.50,22000,517850,-0.20,,51309947,20,
2021-07-01_8454,2021-07-01,8454,富邦媒,twse,1940.00,1965.00,1885.00,1900.00,413849,794519465,15.0,,,1453,
2021-07-01_8455,2021-07-01,8455,大拓-KY,tpex,17.95,18.35,17.95,18.30,6000,108500,0.35,,25219056,4,
2021-07-01_8462,2021-07-01,8462,柏文,twse,141.00,144.50,141.00,143.50,83632,11948729,1.0,,,151,
2021-07-01_8463,2021-07-01,8463,潤泰材,twse,43.50,45.00,39.15,39.50,1596823,67053632,-3.0,,,1158,
2021-07-01_8464,2021-07-01,8464,億豐,twse,412.50,424.50,412.50,414.50,496416,207736977,1.0,,,418,
2021-07-01_8466,2021-07-01,8466,美吉吉-KY,twse,57.60,58.00,57.00,57.70,31040,1787012,0.1,,,26,
2021-07-01_8472,2021-07-01,8472,夠麻吉,tpex,59.90,60.70,59.90,60.50,7000,422600,0.60,,17735800,6,
2021-07-01_8473,2021-07-01,8473,山林水,twse,40.00,40.00,39.85,39.95,77320,3085771,0.05,,,61,
2021-07-01_8476,2021-07-01,8476,台境,tpex,21.70,21.70,21.30,21.50,22000,474700,-0.10,,60510337,18,
2021-07-01_8477,2021-07-01,8477,創業家,tpex,37.50,37.95,37.00,37.30,229000,8562500,0.35,,31592838,157,
2021-07-01_8478,2021-07-01,8478,東哥遊艇,twse,68.50,71.00,67.60,68.00,441503,30490377,-0.4,,,386,
2021-07-01_8480,2021-07-01,8480,泰昇-KY,twse,116.00,117.00,116.00,117.00,7724,901024,2.0,,,20,
2021-07-01_8481,2021-07-01,8481,政伸,twse,89.70,89.70,88.50,89.20,138398,12334829,-0.4,,,117,
2021-07-01_8482,2021-07-01,8482,商億-KY,twse,77.10,78.00,76.70,76.70,7000,539500,-0.2,,,7,
2021-07-01_8488,2021-07-01,8488,吉源-KY,twse,15.90,15.90,15.85,15.85,8000,127000,-0.05,,,5,
2021-07-01_8489,2021-07-01,8489,三貝德,tpex,39.20,39.70,38.85,38.90,107000,4198900,0.05,,37752414,91,
2021-07-01_8499,2021-07-01,8499,鼎炫-KY,twse,139.00,143.00,139.00,140.00,175188,24587574,1.5,,,160,
2021-07-01_8905,2021-07-01,8905,裕國,tpex,29.85,30.15,27.40,28.35,2643000,75659050,-1.55,,119440000,1647,
2021-07-01_8908,2021-07-01,8908,欣雄,tpex,53.10,53.10,53.10,53.10,1000,53100,0.00,down,200078093,1,
2021-07-01_8916,2021-07-01,8916,光隆,tpex,44.30,44.30,43.60,43.70,139000,6102400,-0.15,,131230831,95,
2021-07-01_8916A,2021-07-01,8916A,光隆甲特,tpex,50.90,51.00,50.90,51.00,17000,865400,0.10,,18200000,7,
2021-07-01_8917,2021-07-01,8917,欣泰,tpex,77.50,77.50,77.00,77.00,2000,154500,0.00,,134423520,2,
2021-07-01_8921,2021-07-01,8921,沈氏,tpex,15.75,15.75,15.50,15.50,10000,156650,-0.75,,46592159,4,
2021-07-01_8923,2021-07-01,8923,時報,tpex,17.30,17.50,16.85,16.95,9000,155800,-0.40,,30375800,6,
2021-07-01_8924,2021-07-01,8924,大田,tpex,174.50,183.00,167.00,167.00,7793000,1359899000,-5.50,,83800000,5297,
2021-07-01_8926,2021-07-01,8926,台汽電,twse,38.60,38.65,38.50,38.60,526653,20319692,-0.1,,,340,
2021-07-01_8927,2021-07-01,8927,北基,tpex,37.15,37.45,35.75,35.95,1493000,54207300,-1.00,,197966242,696,
2021-07-01_8928,2021-07-01,8928,鉅明,tpex,37.15,37.15,36.15,36.45,438000,15984650,-0.35,,50854015,281,
2021-07-01_8929,2021-07-01,8929,富堡,tpex,22.80,22.80,22.45,22.60,35000,790850,-0.05,,50580862,31,
2021-07-01_8930,2021-07-01,8930,青鋼,tpex,22.00,22.60,19.00,19.50,10867000,226037750,-1.10,,81779406,5206,
2021-07-01_8931,2021-07-01,8931,大汽電,tpex,29.15,29.15,28.90,29.05,33000,956600,-0.10,,122254862,24,
2021-07-01_8932,2021-07-01,8932,宏大,tpex,18.90,19.05,18.80,18.85,127000,2399550,-0.05,,60050000,77,
2021-07-01_8933,2021-07-01,8933,愛地雅,tpex,12.85,13.15,12.50,12.60,1527000,19467850,0.00,,299593383,621,
2021-07-01_8935,2021-07-01,8935,邦泰,tpex,16.65,17.60,15.15,16.05,4019000,64992100,-0.25,,84300000,1932,
2021-07-01_8936,2021-07-01,8936,國統,tpex,24.25,25.85,24.25,25.10,4586000,115678800,0.65,,248078157,2106,
2021-07-01_8937,2021-07-01,8937,合騏,tpex,11.95,13.00,11.90,13.00,149000,1884050,1.15,,72478800,101,
2021-07-01_8938,2021-07-01,8938,明安,tpex,84.40,86.60,83.10,83.10,2007000,169601600,-0.90,,135312722,1326,
2021-07-01_8940,2021-07-01,8940,新天地,twse,12.65,12.80,12.50,12.75,171141,2167718,0.2,,,132,
2021-07-01_8941,2021-07-01,8941,關中,tpex,37.80,38.80,37.80,38.60,4000,153700,0.50,,30410497,4,
2021-07-01_8942,2021-07-01,8942,森鉅,tpex,71.10,72.60,70.40,70.60,1535000,109417500,,,165840080,881,
2021-07-01_8996,2021-07-01,8996,高力,twse,46.20,46.50,45.00,45.80,229206,10451046,-0.15,,,160,
2021-07-01_9103,2021-07-01,9103,美德醫療-DR,twse,22.20,22.25,21.65,21.65,4986257,109397713,-0.35,,,1905,
2021-07-01_910322,2021-07-01,910322,康師傅-DR,twse,27.30,27.30,27.05,27.20,31000,841850,-0.4,,,28,
2021-07-01_9105,2021-07-01,9105,泰金寶-DR,twse,4.56,4.85,4.56,4.78,29128502,137591702,0.22,,,5304,
2021-07-01_910861,2021-07-01,910861,神州-DR,twse,9.33,9.33,9.21,9.21,37000,341860,-0.12,,,29,
2021-07-01_9110,2021-07-01,9110,越南控-DR,twse,3.20,3.20,3.10,3.12,136000,428730,0.0,,,62,
2021-07-01_911608,2021-07-01,911608,明輝-DR,twse,4.03,4.03,3.89,4.03,411500,1625665,0.05,,,98,
2021-07-01_911616,2021-07-01,911616,杜康-DR,twse,1.74,1.74,1.71,1.72,229029,394214,-0.06,,,61,
2021-07-01_911622,2021-07-01,911622,泰聚亨-DR,twse,10.50,10.50,10.50,10.50,3032954,31846015,0.92,up,,823,
2021-07-01_911868,2021-07-01,911868,同方友友-DR,twse,1.47,1.47,1.43,1.44,578069,835610,-0.01,,,128,
2021-07-01_912000,2021-07-01,912000,晨訊科-DR,twse,2.79,2.81,2.76,2.76,1271000,3521260,-0.02,,,220,
2021-07-01_912398,2021-07-01,912398,友佳-DR,twse,4.35,4.45,4.32,4.38,104907,458353,0.03,,,122,
2021-07-01_9136,2021-07-01,9136,巨騰-DR,twse,8.46,8.46,8.34,8.34,320274,2675826,-0.11,,,130,
2021-07-01_9188,2021-07-01,9188,精熙-DR,twse,3.13,3.13,3.09,3.09,295092,917074,0.0,,,81,
2021-07-01_9802,2021-07-01,9802,鈺齊-KY,twse,113.50,114.00,107.50,110.00,2027672,222819837,-3.0,,,1508,
2021-07-01_9902,2021-07-01,9902,台火,twse,14.60,14.70,13.80,14.00,978507,13882486,-0.1,,,459,
2021-07-01_9904,2021-07-01,9904,寶成,twse,39.80,40.50,38.35,38.55,23527774,924487599,-0.75,,,11744,
2021-07-01_9905,2021-07-01,9905,大華,twse,29.60,29.60,28.50,28.55,894278,25844791,-0.75,,,527,
2021-07-01_9906,2021-07-01,9906,欣巴巴,twse,50.10,50.80,49.50,49.80,102372,5106694,-0.3,,,73,
2021-07-01_9907,2021-07-01,9907,統一實,twse,16.20,16.35,15.35,15.55,18521741,293808417,-0.15,,,5943,
2021-07-01_9908,2021-07-01,9908,大台北,twse,33.45,33.55,33.40,33.45,109128,3652253,-0.1,,,83,
2021-07-01_9910,2021-07-01,9910,豐泰,twse,240.00,246.50,238.00,240.00,1087195,261651284,-4.5,,,953,
2021-07-01_9911,2021-07-01,9911,櫻花,twse,67.10,67.60,66.70,67.40,507006,34121246,1.0,,,438,
2021-07-01_9912,2021-07-01,9912,偉聯,twse,9.19,9.60,8.97,9.40,190304,1767720,0.3,,,136,
2021-07-01_9914,2021-07-01,9914,美利達,twse,311.00,313.50,306.00,306.00,578699,177723757,-7.0,,,674,
2021-07-01_9917,2021-07-01,9917,中保科,twse,94.00,94.50,93.80,94.00,262931,24753062,-0.1,,,249,
2021-07-01_9918,2021-07-01,9918,欣天然,twse,40.00,40.05,40.00,40.05,6735,270021,-0.05,,,14,
2021-07-01_9919,2021-07-01,9919,康那香,twse,34.75,34.90,34.20,34.20,2088050,72002020,-0.5,,,1270,
2021-07-01_9921,2021-07-01,9921,巨大,twse,316.50,321.00,310.50,311.00,777310,243317336,-7.5,,,829,
2021-07-01_9924,2021-07-01,9924,福興,twse,46.20,46.20,45.60,45.60,216543,9918370,-0.25,,,152,
2021-07-01_9925,2021-07-01,9925,新保,twse,39.00,39.00,38.70,38.85,241488,9393485,-0.05,,,132,
2021-07-01_9926,2021-07-01,9926,新海,twse,47.80,47.95,47.80,47.95,4151,198461,0.15,,,7,
2021-07-01_9927,2021-07-01,9927,泰銘,twse,38.00,38.70,37.30,38.15,1975470,75054133,-0.1,,,1289,
2021-07-01_9928,2021-07-01,9928,中視,twse,5.50,5.50,5.45,5.48,25969,141927,-0.02,,,12,
2021-07-01_9929,2021-07-01,9929,秋雨,twse,11.60,11.60,11.40,11.60,128887,1484096,0.2,,,70,
2021-07-01_9930,2021-07-01,9930,中聯資源,twse,47.95,48.00,47.65,47.70,171211,8188468,0.2,,,141,
2021-07-01_9933,2021-07-01,9933,中鼎,twse,39.20,39.45,39.00,39.10,1007312,39446327,-0.1,,,710,
2021-07-01_9934,2021-07-01,9934,成霖,twse,17.40,17.75,17.30,17.35,821590,14335556,0.05,,,329,
2021-07-01_9935,2021-07-01,9935,慶豐富,twse,22.40,22.40,21.55,21.60,638466,13976359,-0.8,,,325,
2021-07-01_9937,2021-07-01,9937,全國,twse,47.50,48.80,47.50,48.00,33321,1609308,0.0,,,34,
2021-07-01_9938,2021-07-01,9938,百和,twse,102.00,104.00,99.50,100.00,1259623,126810741,-2.0,,,901,
2021-07-01_9939,2021-07-01,9939,宏全,twse,76.90,77.40,76.60,76.90,1013620,77955941,0.0,,,548,
2021-07-01_9940,2021-07-01,9940,信義,twse,29.90,29.90,29.30,29.35,533211,15711892,-0.25,,,440,
2021-07-01_9941,2021-07-01,9941,裕融,twse,144.50,148.50,144.00,146.00,1427593,209115139,3.5,,,1353,
2021-07-01_9941A,2021-07-01,9941A,裕融甲特,twse,51.30,51.30,51.20,51.30,7350,375938,0.0,,,13,
2021-07-01_9942,2021-07-01,9942,茂順,twse,112.00,114.50,105.00,109.50,2744548,299504723,1.5,,,1912,
2021-07-01_9943,2021-07-01,9943,好樂迪,twse,63.60,63.90,63.40,63.80,158620,10100213,0.3,,,192,
2021-07-01_9944,2021-07-01,9944,新麗,twse,22.20,22.20,21.75,21.90,298790,6575127,-0.25,,,151,
2021-07-01_9945,2021-07-01,9945,潤泰新,twse,56.60,57.40,56.30,56.60,4105434,233052391,0.0,,,2624,
2021-07-01_9946,2021-07-01,9946,三發地產,twse,14.70,14.75,14.70,14.70,99493,1466349,0.0,,,64,
2021-07-01_9949,2021-07-01,9949,琉園,tpex,10.90,10.90,10.80,10.85,25000,271250,0.00,,47033360,25,
2021-07-01_9950,2021-07-01,9950,萬國通,tpex,12.60,13.10,12.50,13.00,266000,3423300,0.45,,147716000,141,
2021-07-01_9951,2021-07-01,9951,皇田,tpex,94.50,95.00,91.50,91.50,313000,29053000,-2.30,,74900000,259,
2021-07-01_9955,2021-07-01,9955,佳龍,twse,19.40,19.40,18.95,18.95,351538,6745989,-0.35,,,245,
2021-07-01_9958,2021-07-01,9958,世紀鋼,twse,135.50,135.50,128.50,129.50,7538451,989915565,-4.5,,,5137,
2021-07-01_9960,2021-07-01,9960,邁達康,tpex,27.50,27.50,27.20,27.25,26000,708650,-0.10,,33592500,21,
2021-07-01_9962,2021-07-01,9962,有益,tpex,17.60,17.65,16.20,17.65,16894000,291373050,1.60,,90220260,6646,
