key,date,stock_id,name,market,open,high,low,close,volume,amount,change,limit,shares,transactions,price_basis,last_price
2009-10-27_0015,2009-10-27,0015,富邦,twse,7.12,7.12,7.08,7.12,37000,262690,-0.03,,,13,,
2009-10-27_0050,2009-10-27,0050,元大台灣50,twse,53.15,53.40,52.75,53.40,6731658,356978949,-0.1,,,1482,,
2009-10-27_0051,2009-10-27,0051,元大中型100,twse,28.58,28.60,28.50,28.60,97120,2772804,0.01,,,53,,
2009-10-27_0052,2009-10-27,0052,富邦科技,twse,32.43,32.97,32.37,32.97,60000,1947010,0.54,,,11,,
2009-10-27_0053,2009-10-27,0053,元大電子,twse,24.52,24.72,24.49,24.69,127998,3146009,0.0,,,43,,
2009-10-27_0054,2009-10-27,0054,元大台商50,twse,20.52,20.70,20.32,20.69,86110,1758934,0.17,,,29,,
2009-10-27_0055,2009-10-27,0055,元大MSCI金融,twse,13.03,13.10,12.90,13.10,1162232,15094996,-0.05,,,339,,
2009-10-27_0056,2009-10-27,0056,元大高股息,twse,21.60,21.61,21.30,21.54,296175,6358766,-0.12,,,156,,
2009-10-27_0057,2009-10-27,0057,富邦摩台,twse,28.88,28.88,28.53,28.53,59000,1692330,-0.55,,,7,,
2009-10-27_0058,2009-10-27,0058,富邦發達,twse,30.50,30.50,29.88,29.88,37000,1113700,-0.24,,,11,,
2009-10-27_0059,2009-10-27,0059,富邦金融,twse,27.71,27.71,26.97,26.97,31000,848670,-0.82,,,6,,
2009-10-27_0060,2009-10-27,0060,新台灣,twse,26.05,26.05,25.80,26.00,22000,570810,-0.04,,,11,,
2009-10-27_0061,2009-10-27,0061,元大寶滬深,twse,19.90,19.90,19.57,19.65,8740600,172084350,-0.3,,,1433,,
2009-10-27_0080,2009-10-27,0080,恒中國,twse,545.30,558.00,545.00,553.70,50200,27668180,2.2,,,144,,
2009-10-27_0081,2009-10-27,0081,恒香港,twse,945.35,945.35,935.70,940.00,1300,1223300,-5.35,,,13,,
2009-10-27_01001T,2009-10-27,01001T,土銀富邦R1,twse,11.21,11.21,11.14,11.14,21000,234010,-0.06,,,4,,
2009-10-27_01002T,2009-10-27,01002T,土銀國泰R1,twse,10.94,10.94,10.93,10.94,847000,9262020,0.0,,,46,,
2009-10-27_01003T,2009-10-27,01003T,兆豐新光R1,twse,9.98,9.99,9.96,9.98,515000,5135490,-0.01,,,34,,
2009-10-27_01004T,2009-10-27,01004T,土銀富邦R2,twse,10.65,10.65,10.65,10.65,83000,883950,-0.01,down,,5,,
2009-10-27_01005T,2009-10-27,01005T,三鼎,twse,8.05,8.14,8.03,8.11,538000,4348060,0.06,,,56,,
2009-10-27_01006T,2009-10-27,01006T,基泰SR,tpex,7.59,7.69,7.59,7.69,166000,1269530,0.09,,247000000,14,,
2009-10-27_01007T,2009-10-27,01007T,兆豐國泰R2,twse,10.69,10.70,10.69,10.70,178000,1903490,0.0,,,19,,
2009-10-27_01008T,2009-10-27,01008T,駿馬R1,twse,8.09,8.11,8.00,8.11,102000,824980,0.01,,,14,,
2009-10-27_1101,2009-10-27,1101,台泥,twse,36.60,36.60,35.75,35.90,11978175,431237957,-0.9,,,4070,,
2009-10-27_1102,2009-10-27,1102,亞泥,twse,36.20,36.30,35.70,35.90,7514182,269657398,-0.5,,,1956,,
2009-10-27_1103,2009-10-27,1103,嘉泥,twse,18.35,18.35,18.00,18.10,2322077,42039036,-0.35,,,631,,
2009-10-27_1104,2009-10-27,1104,環泥,twse,17.05,17.05,16.70,16.80,635605,10682748,-0.25,,,228,,
2009-10-27_1107,2009-10-27,1107,建台,tpex,1.07,1.08,1.06,1.06,511000,548140,0.01,,314035300,41,,
2009-10-27_1108,2009-10-27,1108,幸福,twse,8.74,8.74,8.65,8.65,502741,4367988,-0.11,,,157,,
2009-10-27_1109,2009-10-27,1109,信大,twse,10.35,10.40,10.30,10.30,90000,931650,-0.15,,,38,,
2009-10-27_1110,2009-10-27,1110,東泥,twse,11.90,11.95,11.80,11.80,609294,7220728,-0.2,,,123,,
2009-10-27_1201,2009-10-27,1201,味全,twse,46.00,47.15,45.75,46.70,9264165,430647793,0.6,,,3579,,
2009-10-27_1203,2009-10-27,1203,味王,twse,25.50,25.50,25.15,25.20,675018,17083249,-0.25,,,203,,
2009-10-27_1210,2009-10-27,1210,大成,twse,36.80,37.30,35.90,35.90,11173165,409383593,-0.5,,,3853,,
2009-10-27_1213,2009-10-27,1213,大飲,twse,8.90,9.07,8.90,9.07,10141,91209,0.04,,,9,,
2009-10-27_1215,2009-10-27,1215,卜蜂,twse,16.55,16.70,16.30,16.35,2338613,38427719,-0.2,,,688,,
2009-10-27_1216,2009-10-27,1216,統一,twse,36.75,36.85,36.45,36.70,11549317,423278167,-0.1,,,3044,,
2009-10-27_1217,2009-10-27,1217,愛之味,twse,13.30,13.30,12.90,12.95,4602150,60004703,-0.25,,,1059,,
2009-10-27_1218,2009-10-27,1218,泰山,twse,13.50,13.50,12.90,13.05,10570289,139409857,-0.45,,,2448,,
2009-10-27_1219,2009-10-27,1219,福壽,twse,13.00,13.00,12.45,12.75,5268076,66979055,-0.4,,,1255,,
2009-10-27_1220,2009-10-27,1220,台榮,twse,7.36,7.36,7.21,7.27,115700,841310,-0.09,,,48,,
2009-10-27_1225,2009-10-27,1225,福懋油,twse,13.25,13.25,12.80,12.90,3086280,40043190,-0.5,,,807,,
2009-10-27_1227,2009-10-27,1227,佳格,twse,35.00,35.00,34.10,34.40,1308307,45052015,-0.65,,,505,,
2009-10-27_1229,2009-10-27,1229,聯華,twse,16.10,16.25,15.90,16.05,1579432,25338412,-0.15,,,484,,
2009-10-27_1231,2009-10-27,1231,聯華食,twse,12.40,12.65,12.40,12.45,132000,1653550,-0.2,,,67,,
2009-10-27_1232,2009-10-27,1232,大統益,twse,39.20,39.45,39.00,39.20,220701,8633789,-0.25,,,131,,
2009-10-27_1233,2009-10-27,1233,天仁,twse,32.10,32.10,31.70,32.10,53333,1701588,0.0,,,39,,
2009-10-27_1234,2009-10-27,1234,黑松,twse,17.55,17.75,17.55,17.60,865452,15229110,-0.05,,,181,,
2009-10-27_1235,2009-10-27,1235,興泰,twse,32.70,32.80,32.70,32.80,9071,296861,0.0,,,6,,
2009-10-27_1236,2009-10-27,1236,宏亞,twse,16.45,16.45,16.20,16.25,23652,383811,-0.05,,,16,,
2009-10-27_1301,2009-10-27,1301,台塑,twse,66.30,66.30,65.10,66.10,5361516,352413856,-0.2,,,2412,,
2009-10-27_1303,2009-10-27,1303,南亞,twse,56.70,57.20,55.60,57.20,9434544,531312008,0.5,,,3423,,
2009-10-27_1304,2009-10-27,1304,台聚,twse,16.50,16.55,16.15,16.45,5802433,95148855,-0.15,,,1285,,
2009-10-27_1305,2009-10-27,1305,華夏,twse,12.30,12.50,12.20,12.25,5094331,62679336,-0.3,,,1356,,
2009-10-27_1307,2009-10-27,1307,三芳,twse,37.90,40.50,37.80,39.10,1568781,61511996,1.05,,,667,,
2009-10-27_1308,2009-10-27,1308,亞聚,twse,25.40,25.50,24.65,24.85,2920363,72901867,-0.75,,,924,,
2009-10-27_1309,2009-10-27,1309,台達化,twse,13.65,13.80,13.50,13.60,4406415,60112190,-0.05,,,963,,
2009-10-27_1310,2009-10-27,1310,台苯,twse,14.00,14.10,13.70,13.95,6624093,92202371,-0.05,,,1332,,
2009-10-27_1312,2009-10-27,1312,國喬,twse,15.65,16.10,15.65,15.95,36220113,574259027,0.0,,,6859,,
2009-10-27_1312A,2009-10-27,1312A,國喬特,twse,18.40,18.40,17.80,18.00,30000,541150,-0.45,,,16,,
2009-10-27_1313,2009-10-27,1313,聯成,twse,16.30,16.70,16.20,16.25,10746238,176916736,0.05,,,2161,,
2009-10-27_1314,2009-10-27,1314,中石化,twse,12.05,12.10,11.70,11.95,36689154,435970058,-0.15,,,5562,,
2009-10-27_1315,2009-10-27,1315,達新,twse,23.40,23.75,23.25,23.60,53784,1259207,-0.1,,,39,,
2009-10-27_1316,2009-10-27,1316,上曜,twse,8.40,8.40,8.02,8.34,165500,1348290,0.01,,,37,,
2009-10-27_1319,2009-10-27,1319,東陽,twse,49.65,49.65,48.40,49.00,1646263,80310125,-0.65,,,706,,
2009-10-27_1321,2009-10-27,1321,大洋,twse,24.35,24.35,23.70,23.75,438220,10437408,-0.6,,,144,,
2009-10-27_1323,2009-10-27,1323,永裕,twse,15.40,15.40,15.00,15.15,333724,5060028,-0.35,,,123,,
2009-10-27_1324,2009-10-27,1324,地球,twse,14.30,14.40,14.15,14.20,133000,1893550,-0.15,,,57,,
2009-10-27_1325,2009-10-27,1325,恆大,twse,30.25,30.30,29.25,30.30,1834621,54665091,-0.15,,,671,,
2009-10-27_1326,2009-10-27,1326,台化,twse,64.90,64.90,63.30,63.90,5453491,348007318,-1.0,,,2167,,
2009-10-27_1333,2009-10-27,1333,恩得利,tpex,13.50,13.85,13.50,13.65,520000,7094500,-0.15,,102525625,155,,
2009-10-27_1336,2009-10-27,1336,台翰,tpex,19.40,19.40,18.85,19.30,119000,2284900,-0.20,,66253230,66,,
2009-10-27_1402,2009-10-27,1402,遠東新,twse,41.60,41.95,41.00,41.55,17681812,733614132,-0.45,,,4053,,
2009-10-27_1409,2009-10-27,1409,新纖,twse,8.80,8.80,8.68,8.71,2868446,25018898,-0.09,,,651,,
2009-10-27_1410,2009-10-27,1410,南染,twse,17.20,17.30,16.70,16.85,470012,7974350,-0.35,,,131,,
2009-10-27_1413,2009-10-27,1413,宏洲,twse,2.96,2.97,2.90,2.94,630823,1852316,0.02,,,154,,
2009-10-27_1414,2009-10-27,1414,東和,twse,5.22,5.39,5.21,5.28,1692437,8959353,0.07,,,273,,
2009-10-27_1416,2009-10-27,1416,廣豐,twse,8.70,8.75,8.61,8.65,2963211,25647922,-0.11,,,611,,
2009-10-27_1417,2009-10-27,1417,嘉裕,twse,7.20,7.22,7.15,7.15,1298307,9329601,-0.04,,,281,,
2009-10-27_1418,2009-10-27,1418,東華,twse,9.78,9.80,9.68,9.74,611556,5949160,0.02,,,136,,
2009-10-27_1419,2009-10-27,1419,新紡,twse,35.70,35.75,34.60,35.10,3074482,107848763,-0.75,,,1084,,
2009-10-27_1423,2009-10-27,1423,利華,twse,7.00,7.19,7.00,7.11,500181,3533055,-0.02,,,121,,
2009-10-27_1432,2009-10-27,1432,大魯閣,twse,7.40,7.60,7.40,7.40,5083,37790,-0.2,,,4,,
2009-10-27_1434,2009-10-27,1434,福懋,twse,23.00,23.65,23.00,23.50,5737563,134004135,0.65,,,1708,,
2009-10-27_1435,2009-10-27,1435,中福,twse,5.00,5.26,5.00,5.26,1921522,9941265,0.34,,,340,,
2009-10-27_1436,2009-10-27,1436,華友聯,twse,9.01,9.19,8.75,8.92,378129,3371349,-0.23,,,108,,
2009-10-27_1437,2009-10-27,1437,勤益控,twse,23.00,23.30,22.65,23.00,1618940,37140573,-0.1,,,619,,
2009-10-27_1438,2009-10-27,1438,三地開發,twse,1.41,1.50,1.41,1.50,33643,50329,0.09,,,9,,
2009-10-27_1439,2009-10-27,1439,雋揚,twse,24.00,24.30,23.30,23.95,337000,7980900,-0.05,,,112,,
2009-10-27_1440,2009-10-27,1440,南紡,twse,12.75,12.75,12.40,12.75,5581843,70372866,-0.1,,,884,,
2009-10-27_1441,2009-10-27,1441,大東,twse,7.99,8.00,7.92,7.93,184918,1468090,-0.06,,,87,,
2009-10-27_1442,2009-10-27,1442,名軒,twse,15.20,15.20,14.85,15.00,244275,3658931,-0.05,,,96,,
2009-10-27_1443,2009-10-27,1443,立益物流,twse,3.17,3.21,3.13,3.13,642910,2030707,-0.04,,,154,,
2009-10-27_1444,2009-10-27,1444,力麗,twse,7.22,7.30,7.09,7.18,3187593,22848777,-0.06,,,462,,
2009-10-27_1445,2009-10-27,1445,大宇,twse,6.90,6.94,6.80,6.87,83036,567558,-0.01,,,57,,
2009-10-27_1446,2009-10-27,1446,宏和,twse,8.40,8.48,8.33,8.46,32868,275811,-0.06,,,27,,
2009-10-27_1447,2009-10-27,1447,力鵬,twse,13.15,13.15,12.70,13.00,3741776,48334903,-0.15,,,836,,
2009-10-27_1449,2009-10-27,1449,佳和,twse,1.97,1.99,1.91,1.92,2848028,5582138,-0.05,,,197,,
2009-10-27_1451,2009-10-27,1451,年興,twse,17.45,17.45,17.10,17.15,4662105,80276516,-0.4,,,1107,,
2009-10-27_1452,2009-10-27,1452,宏益,twse,8.04,8.05,7.75,7.85,371460,2923738,-0.18,,,108,,
2009-10-27_1453,2009-10-27,1453,大將,twse,9.00,9.19,8.87,9.19,32994,300783,0.19,,,23,,
2009-10-27_1454,2009-10-27,1454,台富,twse,6.25,6.25,6.15,6.20,8478,52686,-0.05,,,26,,
2009-10-27_1455,2009-10-27,1455,集盛,twse,12.50,12.75,12.50,12.55,9762046,122813512,-0.2,,,1714,,
2009-10-27_1456,2009-10-27,1456,怡華,twse,1.50,1.53,1.41,1.41,286000,428920,-0.09,,,14,,
2009-10-27_1457,2009-10-27,1457,宜進,twse,5.96,5.97,5.75,5.81,1501565,8761028,-0.16,,,299,,
2009-10-27_1459,2009-10-27,1459,聯發,twse,9.78,9.78,9.51,9.61,594508,5714307,-0.19,,,202,,
2009-10-27_1460,2009-10-27,1460,宏遠,twse,6.96,7.00,6.77,6.83,298302,2062846,-0.17,,,84,,
2009-10-27_1463,2009-10-27,1463,強盛新,twse,6.12,6.13,6.05,6.05,219058,1334028,-0.08,,,33,,
2009-10-27_1464,2009-10-27,1464,得力,twse,6.15,6.18,6.10,6.15,286010,1759741,-0.03,,,45,,
2009-10-27_1465,2009-10-27,1465,偉全,twse,10.75,10.75,10.55,10.55,71000,754350,-0.25,,,25,,
2009-10-27_1466,2009-10-27,1466,聚隆,twse,7.70,7.70,7.30,7.50,201211,1504901,-0.25,,,87,,
2009-10-27_1467,2009-10-27,1467,南緯,twse,8.30,8.30,8.14,8.16,1032000,8472100,-0.07,,,219,,
2009-10-27_1468,2009-10-27,1468,昶和,twse,11.25,11.30,11.10,11.20,71000,794600,-0.05,,,18,,
2009-10-27_1469,2009-10-27,1469,理隆,twse,8.78,8.78,8.31,8.61,9000,77300,0.0,,,9,,
2009-10-27_1470,2009-10-27,1470,大統新創,twse,7.43,7.43,7.40,7.40,8000,59350,-0.09,,,8,,
2009-10-27_1471,2009-10-27,1471,首利,twse,29.80,30.10,29.20,29.70,3159155,93475970,-0.4,,,1178,,
2009-10-27_1472,2009-10-27,1472,三洋實業,twse,5.35,5.35,5.20,5.27,337560,1773640,-0.08,,,79,,
2009-10-27_1473,2009-10-27,1473,台南,twse,23.80,23.80,23.65,23.80,159020,3781780,0.0,,,77,,
2009-10-27_1474,2009-10-27,1474,弘裕,twse,6.58,6.58,6.40,6.51,207295,1339659,-0.09,,,68,,
2009-10-27_1475,2009-10-27,1475,業旺,twse,9.94,10.30,9.51,9.51,85400,855404,-0.54,,,52,,
2009-10-27_1476,2009-10-27,1476,儒鴻,twse,20.80,20.80,20.45,20.60,1524802,31440727,-0.25,,,409,,
2009-10-27_1477,2009-10-27,1477,聚陽,twse,59.20,59.20,58.00,58.80,1032250,60410599,-0.4,,,397,,
2009-10-27_1503,2009-10-27,1503,士電,twse,40.80,41.10,40.55,40.65,858618,34930266,-0.35,,,398,,
2009-10-27_1504,2009-10-27,1504,東元,twse,14.05,14.10,13.90,13.95,3551845,49702723,-0.1,,,778,,
2009-10-27_1506,2009-10-27,1506,正道,twse,14.80,14.90,14.70,14.90,37547,555745,-0.1,,,19,,
2009-10-27_1507,2009-10-27,1507,永大,twse,23.90,24.30,23.50,24.30,1966271,47094429,0.4,,,524,,
2009-10-27_1512,2009-10-27,1512,瑞利,twse,9.42,9.50,9.20,9.35,394922,3680498,-0.15,,,132,,
2009-10-27_1513,2009-10-27,1513,中興電,twse,20.65,20.70,20.10,20.70,16287163,332747278,0.05,,,3595,,
2009-10-27_1514,2009-10-27,1514,亞力,twse,9.60,9.70,9.30,9.70,1446886,13735141,0.04,,,285,,
2009-10-27_1515,2009-10-27,1515,力山,twse,9.66,9.74,9.56,9.62,220292,2125994,-0.04,,,72,,
2009-10-27_1516,2009-10-27,1516,川飛,twse,12.20,12.55,12.20,12.30,1672343,20749634,0.1,,,462,,
2009-10-27_1517,2009-10-27,1517,利奇,twse,11.40,11.65,11.35,11.35,6930125,79584512,-0.05,,,1690,,
2009-10-27_1519,2009-10-27,1519,華城,twse,30.65,30.65,30.20,30.25,1000641,30345065,-0.35,,,692,,
2009-10-27_1521,2009-10-27,1521,大億,twse,31.80,31.90,31.20,31.75,304300,9623765,-0.55,,,142,,
2009-10-27_1522,2009-10-27,1522,堤維西,twse,21.05,21.05,20.70,20.85,770691,16082338,-0.2,,,280,,
2009-10-27_1523,2009-10-27,1523,開億,twse,20.30,20.30,19.75,20.10,1378670,27592315,-0.2,,,325,,
2009-10-27_1524,2009-10-27,1524,耿鼎,twse,10.30,10.50,10.25,10.30,722245,7464568,-0.1,,,185,,
2009-10-27_1525,2009-10-27,1525,江申,twse,23.15,23.15,23.00,23.05,34129,786273,-0.5,,,23,,
2009-10-27_1526,2009-10-27,1526,日馳,twse,6.19,6.24,6.08,6.09,127304,779359,-0.1,,,48,,
2009-10-27_1527,2009-10-27,1527,鑽全,twse,32.35,32.40,31.85,32.00,475501,15221029,-0.35,,,177,,
2009-10-27_1528,2009-10-27,1528,恩德,twse,11.00,11.10,10.75,10.75,384266,4178828,-0.25,,,111,,
2009-10-27_1529,2009-10-27,1529,樂事綠能,twse,4.93,5.10,4.80,4.88,5545000,27515160,0.0,,,956,,
2009-10-27_1530,2009-10-27,1530,亞崴,twse,31.50,32.00,31.20,31.50,255698,8029365,0.0,,,126,,
2009-10-27_1531,2009-10-27,1531,高林股,twse,16.10,16.15,15.85,16.00,643930,10262080,-0.1,,,200,,
2009-10-27_1532,2009-10-27,1532,勤美,twse,42.90,42.90,42.00,42.15,2235647,94711189,-0.2,,,949,,
2009-10-27_1533,2009-10-27,1533,車王電,twse,28.80,29.50,28.60,29.00,437590,12696250,0.2,,,253,,
2009-10-27_1535,2009-10-27,1535,中宇,twse,42.00,42.50,41.80,42.00,202000,8510750,0.0,,,134,,
2009-10-27_1536,2009-10-27,1536,和大,twse,11.20,11.40,10.40,10.60,6022215,65700823,-0.25,,,1589,,
2009-10-27_1537,2009-10-27,1537,廣隆,twse,42.00,42.00,39.70,40.30,1336826,54061969,-2.15,,,517,,
2009-10-27_1538,2009-10-27,1538,正峰,twse,28.50,30.70,28.10,30.70,3690900,110665728,2.0,,,1151,,
2009-10-27_1539,2009-10-27,1539,巨庭,twse,7.22,7.33,7.03,7.16,104000,740880,-0.07,,,42,,
2009-10-27_1540,2009-10-27,1540,喬福,twse,29.60,29.90,29.20,29.85,185503,5491513,0.25,,,77,,
2009-10-27_1541,2009-10-27,1541,錩泰,twse,22.35,22.90,22.05,22.25,656723,14609327,-0.1,,,73,,
2009-10-27_1558,2009-10-27,1558,伸興,tpex,83.50,83.50,80.00,81.60,380000,30949400,-2.30,,43478809,242,,
2009-10-27_1560,2009-10-27,1560,中砂,twse,35.10,35.40,34.60,34.80,443207,15478420,-0.3,,,268,,
2009-10-27_1565,2009-10-27,1565,精華,tpex,168.00,168.50,166.00,166.50,122000,20391500,-2.00,,50416516,90,,
2009-10-27_1569,2009-10-27,1569,濱川,tpex,39.00,41.90,39.00,41.80,1620000,65814350,1.80,,60673707,643,,
2009-10-27_1570,2009-10-27,1570,力肯,tpex,8.55,8.70,8.55,8.57,39000,336950,-0.15,,51500839,14,,
2009-10-27_1580,2009-10-27,1580,新麥,tpex,71.10,71.90,70.70,71.90,90000,6408400,-0.40,,36928500,54,,
2009-10-27_1582,2009-10-27,1582,信錦,tpex,63.80,64.70,63.50,64.00,640000,41006600,0.20,,135375500,383,,
2009-10-27_1583,2009-10-27,1583,程泰,twse,25.80,26.05,25.65,26.05,23578,609574,-0.05,,,21,,
2009-10-27_1584,2009-10-27,1584,精剛,tpex,13.10,13.20,13.10,13.10,24000,315450,-0.15,,57781946,13,,
2009-10-27_1603,2009-10-27,1603,華電,twse,9.30,9.30,9.10,9.12,1450800,13344324,-0.09,,,369,,
2009-10-27_1604,2009-10-27,1604,聲寶,twse,5.43,5.47,5.37,5.37,2376470,12844851,-0.12,,,481,,
2009-10-27_1605,2009-10-27,1605,華新,twse,11.35,11.50,11.30,11.50,9099530,103741846,0.05,,,1302,,
2009-10-27_1608,2009-10-27,1608,華榮,twse,10.35,10.40,10.15,10.40,4398744,45278197,0.0,,,590,,
2009-10-27_1609,2009-10-27,1609,大亞,twse,7.93,7.95,7.75,7.82,3321015,26061807,-0.13,,,561,,
2009-10-27_1611,2009-10-27,1611,中電,twse,25.95,26.20,25.25,25.50,3424515,87787753,-0.6,,,1270,,
2009-10-27_1612,2009-10-27,1612,宏泰,twse,14.20,14.30,13.70,13.85,2483807,34608155,-0.55,,,647,,
2009-10-27_1613,2009-10-27,1613,台一,twse,4.25,4.25,4.11,4.13,421273,1750227,-0.12,,,84,,
2009-10-27_1614,2009-10-27,1614,三洋電,twse,34.00,34.10,33.30,33.60,480004,16173885,-0.7,,,185,,
2009-10-27_1615,2009-10-27,1615,大山,twse,10.65,10.65,10.35,10.35,125000,1311300,-0.3,,,47,,
2009-10-27_1616,2009-10-27,1616,億泰,twse,6.27,6.27,6.14,6.18,521015,3220412,-0.09,,,123,,
2009-10-27_1617,2009-10-27,1617,榮星,twse,6.85,6.90,6.83,6.90,19000,130500,0.0,,,12,,
2009-10-27_1618,2009-10-27,1618,合機,twse,22.50,22.80,22.30,22.70,1795228,40551190,0.25,,,601,,
2009-10-27_1701,2009-10-27,1701,中化,twse,24.60,24.60,24.00,24.15,3054561,73945114,-0.35,,,1188,,
2009-10-27_1702,2009-10-27,1702,南僑,twse,23.70,24.00,23.15,23.50,7564158,178181255,0.15,,,2614,,
2009-10-27_1704,2009-10-27,1704,榮化,twse,37.45,37.60,37.00,37.30,4452012,166004716,-0.15,,,1513,,
2009-10-27_1707,2009-10-27,1707,葡萄王,twse,36.00,36.30,35.50,35.60,1178023,42172304,-0.4,,,543,,
2009-10-27_1708,2009-10-27,1708,東鹼,twse,31.70,31.75,30.65,30.90,1931953,59882143,-0.9,,,863,,
2009-10-27_1709,2009-10-27,1709,和益,twse,12.80,12.85,12.65,12.70,393459,5019196,-0.2,,,114,,
2009-10-27_1710,2009-10-27,1710,東聯,twse,24.40,24.40,23.55,24.30,5100700,122369478,-0.2,,,1699,,
2009-10-27_1711,2009-10-27,1711,永光,twse,27.15,27.50,25.80,26.10,14439970,383849075,-1.0,,,4033,,
2009-10-27_1712,2009-10-27,1712,興農,twse,14.00,14.00,13.70,13.80,2942245,40673412,-0.25,,,783,,
2009-10-27_1713,2009-10-27,1713,國化,twse,12.00,12.05,11.60,11.95,910076,10707693,-0.05,,,251,,
2009-10-27_1714,2009-10-27,1714,和桐,twse,16.85,16.85,16.20,16.40,12550128,206725362,-0.45,,,2832,,
2009-10-27_1715,2009-10-27,1715,萬洲,twse,10.05,10.55,10.05,10.30,33825,351545,-0.35,,,13,,
2009-10-27_1716,2009-10-27,1716,永信,twse,36.30,36.45,35.80,36.10,591255,21303381,-0.2,,,330,,
2009-10-27_1717,2009-10-27,1717,長興,twse,30.60,30.65,30.15,30.50,3825898,115861468,-0.35,,,1369,,
2009-10-27_1718,2009-10-27,1718,中纖,twse,7.03,7.11,6.82,6.82,14711537,102423386,-0.23,,,2132,,
2009-10-27_1720,2009-10-27,1720,生達,twse,29.40,29.40,29.00,29.00,604214,17596624,-0.4,,,273,,
2009-10-27_1721,2009-10-27,1721,國慶科技,twse,7.21,7.21,7.01,7.10,1195000,8446040,-0.03,,,283,,
2009-10-27_1722,2009-10-27,1722,台肥,twse,110.50,112.50,110.00,111.00,6847261,759348471,-1.5,,,3916,,
2009-10-27_1723,2009-10-27,1723,中碳,twse,84.00,84.00,81.50,82.80,1973007,163285288,-1.5,,,1181,,
2009-10-27_1724,2009-10-27,1724,台硝,twse,10.55,10.65,10.40,10.55,102173,1073219,0.0,,,48,,
2009-10-27_1725,2009-10-27,1725,元禎,twse,18.00,18.00,17.75,17.75,29005,517739,-0.65,,,15,,
2009-10-27_1726,2009-10-27,1726,永記,twse,41.30,41.60,41.10,41.50,118037,4893927,0.2,,,40,,
2009-10-27_1727,2009-10-27,1727,中華化,twse,15.70,15.70,15.40,15.45,389548,6040757,-0.3,,,153,,
2009-10-27_1729,2009-10-27,1729,必翔,twse,72.50,73.80,72.20,72.20,2740518,199482596,-0.3,,,1334,,
2009-10-27_1730,2009-10-27,1730,花仙子,twse,19.05,19.05,18.15,18.25,2032479,37693992,-0.95,,,806,,
2009-10-27_1731,2009-10-27,1731,美吾華,twse,20.00,20.00,18.70,18.85,5033216,94706018,-1.25,,,1399,,
2009-10-27_1732,2009-10-27,1732,毛寶,twse,20.95,21.00,19.85,20.00,1954000,39852150,-0.95,,,804,,
2009-10-27_1733,2009-10-27,1733,五鼎,twse,59.20,59.30,58.70,58.70,954627,56211998,-0.5,,,481,,
2009-10-27_1734,2009-10-27,1734,杏輝,twse,29.90,29.90,29.30,29.35,892333,26288872,-0.6,,,392,,
2009-10-27_1735,2009-10-27,1735,日勝化,twse,14.40,14.45,13.75,14.05,302196,4277461,-0.5,,,108,,
2009-10-27_1736,2009-10-27,1736,喬山,twse,38.55,39.75,38.05,38.25,998532,38765216,-1.2,,,546,,
2009-10-27_1737,2009-10-27,1737,臺鹽,twse,20.50,20.80,20.35,20.40,993749,20384714,-0.2,,,371,,
2009-10-27_1742,2009-10-27,1742,台蠟,tpex,38.10,38.15,37.90,38.10,61000,2316600,0.05,,40431578,30,,
2009-10-27_1752,2009-10-27,1752,南光,tpex,28.40,28.40,27.65,27.90,250000,6982050,-0.50,,63000848,138,,
2009-10-27_1773,2009-10-27,1773,勝一,twse,33.80,34.45,33.60,33.95,160000,5438450,0.15,,,89,,
2009-10-27_1777,2009-10-27,1777,生泰,tpex,40.05,40.05,39.25,39.30,60000,2372700,-0.75,,23771000,43,,
2009-10-27_1781,2009-10-27,1781,合世,tpex,16.00,16.25,16.00,16.05,134000,2153800,0.15,,35048170,71,,
2009-10-27_1784,2009-10-27,1784,訊聯,tpex,72.10,72.90,71.40,71.60,248000,17774400,-1.00,,42382306,156,,
2009-10-27_1785,2009-10-27,1785,光洋科,tpex,73.50,74.50,73.00,74.50,1488000,110005600,0.70,,249593329,881,,
2009-10-27_1787,2009-10-27,1787,福盈科,tpex,11.10,11.10,10.80,10.85,135000,1465450,-0.30,,60370745,46,,
2009-10-27_1788,2009-10-27,1788,杏昌,tpex,67.50,67.50,65.70,65.90,262000,17391400,-1.90,,29250000,200,,
2009-10-27_1799,2009-10-27,1799,紅電醫,tpex,25.30,25.30,24.55,24.55,92000,2278250,-0.45,,28100000,48,,
2009-10-27_1802,2009-10-27,1802,台玻,twse,27.00,27.05,26.30,26.95,3446387,92696494,0.3,,,1108,,
2009-10-27_1805,2009-10-27,1805,寶徠,twse,8.05,8.08,8.05,8.08,9000,72098,0.08,,,11,,
2009-10-27_1806,2009-10-27,1806,冠軍,twse,14.80,14.85,14.05,14.30,6749073,96984330,-0.8,,,1670,,
2009-10-27_1808,2009-10-27,1808,潤隆,twse,20.00,20.15,19.80,19.90,153418,3056916,-0.3,,,95,,
2009-10-27_1809,2009-10-27,1809,中釉,twse,20.30,20.30,19.40,19.40,11045431,218393478,-1.05,,,3180,,
2009-10-27_1810,2009-10-27,1810,和成,twse,11.00,11.05,10.30,10.40,4708354,50038359,-0.45,,,1062,,
2009-10-27_1813,2009-10-27,1813,寶利徠,tpex,38.00,38.00,37.50,37.65,118000,4454000,-0.60,,41113091,84,,
2009-10-27_1815,2009-10-27,1815,富喬,tpex,14.75,14.85,14.55,14.60,503000,7388900,-0.30,,247533252,215,,
2009-10-27_1902,2009-10-27,1902,台紙,twse,10.30,10.30,10.20,10.20,1947342,19918968,-0.1,,,395,,
2009-10-27_1903,2009-10-27,1903,士紙,twse,71.80,72.00,70.40,71.60,953624,67894215,-0.9,,,572,,
2009-10-27_1904,2009-10-27,1904,正隆,twse,11.45,11.45,11.25,11.30,1973685,22365544,-0.15,,,464,,
2009-10-27_1905,2009-10-27,1905,華紙,twse,14.00,14.05,13.70,13.95,1943016,27093966,-0.05,,,472,,
2009-10-27_1906,2009-10-27,1906,寶隆,twse,5.68,5.68,5.52,5.55,81791,457602,-0.06,,,36,,
2009-10-27_1907,2009-10-27,1907,永豐餘,twse,12.60,12.65,12.35,12.55,6125650,76487378,-0.1,,,1081,,
2009-10-27_1909,2009-10-27,1909,榮成,twse,11.75,11.90,11.40,11.60,2096549,24329560,-0.15,,,552,,
2009-10-27_2002,2009-10-27,2002,中鋼,twse,30.10,30.10,29.70,29.80,44028660,1312587168,-0.4,,,9537,,
2009-10-27_2002A,2009-10-27,2002A,中鋼特,twse,36.15,36.30,36.15,36.30,8000,289600,0.15,,,7,,
2009-10-27_2006,2009-10-27,2006,東和鋼鐵,twse,33.25,33.30,33.00,33.20,3171010,105079459,-0.3,,,1394,,
2009-10-27_2007,2009-10-27,2007,燁興,twse,6.19,6.19,6.07,6.08,483434,2954377,-0.12,,,146,,
2009-10-27_2008,2009-10-27,2008,高興昌,twse,6.18,6.18,6.05,6.10,1116670,6793029,-0.08,,,189,,
2009-10-27_2009,2009-10-27,2009,第一銅,twse,10.35,10.35,9.90,10.10,2258853,22750670,-0.25,,,558,,
2009-10-27_2010,2009-10-27,2010,春源,twse,11.25,11.30,11.10,11.25,1036964,11620283,0.0,,,257,,
2009-10-27_2012,2009-10-27,2012,春雨,twse,9.13,9.13,9.00,9.00,420760,3795097,-0.07,,,106,,
2009-10-27_2013,2009-10-27,2013,中鋼構,twse,24.20,24.30,23.90,23.90,407799,9811894,-0.2,,,174,,
2009-10-27_2014,2009-10-27,2014,中鴻,twse,12.70,12.70,12.55,12.65,6206170,78155253,-0.1,,,1415,,
2009-10-27_2015,2009-10-27,2015,豐興,twse,51.10,51.80,50.90,51.70,1657000,84958497,0.4,,,749,,
2009-10-27_2017,2009-10-27,2017,官田鋼,twse,8.00,8.00,7.65,7.70,2749403,21239549,-0.3,,,820,,
2009-10-27_2020,2009-10-27,2020,美亞,twse,18.55,18.65,18.45,18.55,135235,2506474,-0.2,,,85,,
2009-10-27_2022,2009-10-27,2022,聚亨,twse,5.31,5.32,5.09,5.15,4031700,20823500,-0.19,,,645,,
2009-10-27_2023,2009-10-27,2023,燁輝,twse,11.55,11.55,11.35,11.50,2291852,26202468,-0.05,,,782,,
2009-10-27_2024,2009-10-27,2024,志聯,twse,5.00,5.00,4.90,4.98,195547,969808,-0.01,,,50,,
2009-10-27_2025,2009-10-27,2025,千興,twse,6.30,6.30,6.09,6.14,1610015,9893073,-0.18,,,424,,
2009-10-27_2027,2009-10-27,2027,大成鋼,twse,23.80,23.90,23.20,23.50,2238915,52592900,-0.3,,,613,,
2009-10-27_2028,2009-10-27,2028,威致,twse,7.60,7.80,7.60,7.62,2201204,16899030,0.0,,,444,,
2009-10-27_2029,2009-10-27,2029,盛餘,twse,22.70,22.95,22.65,22.75,140000,3180850,0.05,,,78,,
2009-10-27_2030,2009-10-27,2030,彰源,twse,16.20,16.20,15.70,15.85,394797,6255888,-0.35,,,171,,
2009-10-27_2031,2009-10-27,2031,新光鋼,twse,27.05,27.30,26.80,26.80,2085175,56254450,-0.7,,,735,,
2009-10-27_2032,2009-10-27,2032,新鋼,twse,15.00,15.10,14.95,15.05,454657,6822438,-0.25,,,158,,
2009-10-27_2033,2009-10-27,2033,佳大,twse,19.30,19.30,18.80,19.00,247618,4705070,-0.3,,,143,,
2009-10-27_2034,2009-10-27,2034,允強,twse,26.85,27.00,26.00,26.40,2863444,75323038,-0.7,,,1269,,
2009-10-27_2035,2009-10-27,2035,唐榮,tpex,35.00,35.30,34.50,34.65,714000,24805600,-0.85,,350000000,324,,
2009-10-27_2038,2009-10-27,2038,海光,twse,18.60,18.60,18.35,18.50,290012,5346928,-0.1,,,125,,
2009-10-27_2049,2009-10-27,2049,上銀,twse,37.50,37.90,36.60,37.20,1355720,50272790,-0.8,,,636,,
2009-10-27_2059,2009-10-27,2059,川湖,twse,167.00,167.50,165.00,167.50,460756,76712873,0.5,,,323,,
2009-10-27_2062,2009-10-27,2062,橋椿,twse,28.65,28.65,28.50,28.65,45000,1284750,0.0,,,18,,
2009-10-27_2101,2009-10-27,2101,南港,twse,35.60,36.00,35.25,35.60,4573104,162640294,-0.35,,,1739,,
2009-10-27_2102,2009-10-27,2102,泰豐,twse,25.70,26.40,25.60,26.35,5226312,136137730,0.55,,,1723,,
2009-10-27_2103,2009-10-27,2103,台橡,twse,38.05,39.20,38.05,39.20,4699270,182625824,0.9,,,1708,,
2009-10-27_2104,2009-10-27,2104,國際中橡,twse,36.00,36.30,35.80,36.20,1841856,66403684,0.1,,,718,,
2009-10-27_2105,2009-10-27,2105,正新,twse,70.50,71.70,70.00,71.50,11961606,851595199,1.0,,,3370,,
2009-10-27_2106,2009-10-27,2106,建大,twse,40.30,40.90,39.90,40.15,2827919,114108268,-0.35,,,1278,,
2009-10-27_2107,2009-10-27,2107,厚生,twse,26.30,27.30,26.25,26.80,19912054,534382338,0.5,,,5804,,
2009-10-27_2108,2009-10-27,2108,南帝,twse,23.10,23.10,22.80,23.00,587244,13460312,-0.1,,,196,,
2009-10-27_2109,2009-10-27,2109,華豐,twse,15.90,16.20,15.75,15.80,5209087,83458774,-0.15,,,838,,
2009-10-27_2114,2009-10-27,2114,鑫永銓,tpex,26.80,27.20,26.80,26.85,136000,3650050,0.05,,50184038,26,,
2009-10-27_2201,2009-10-27,2201,裕隆,twse,40.00,41.00,39.75,41.00,9407213,379182983,0.6,,,3565,,
2009-10-27_2204,2009-10-27,2204,中華,twse,25.00,25.20,24.40,24.65,6525610,161471723,-0.35,,,2106,,
2009-10-27_2206,2009-10-27,2206,三陽工業,twse,14.20,14.35,14.10,14.25,3164253,44948790,0.0,,,794,,
2009-10-27_2207,2009-10-27,2207,和泰車,twse,77.80,78.20,77.00,77.60,117191,9091619,-0.9,,,89,,
2009-10-27_2208,2009-10-27,2208,台船,twse,31.70,32.10,31.70,31.95,2233330,71211356,0.15,,,876,,
2009-10-27_2221,2009-10-27,2221,大甲,tpex,12.30,12.30,12.00,12.20,48000,582500,-0.05,,42425000,23,,
2009-10-27_2227,2009-10-27,2227,裕日車,twse,68.30,68.30,67.10,67.30,142015,9589498,-1.2,,,106,,
2009-10-27_2231,2009-10-27,2231,為升,tpex,73.30,73.80,70.70,73.30,233000,16869400,0.00,,49044757,145,,
2009-10-27_2301,2009-10-27,2301,光寶科,twse,42.60,42.95,42.25,42.90,7288502,310354869,0.4,,,2787,,
2009-10-27_2302,2009-10-27,2302,麗正,twse,5.09,5.19,4.81,4.85,942908,4727491,-0.24,,,301,,
2009-10-27_2303,2009-10-27,2303,聯電,twse,16.50,16.50,16.20,16.30,28684540,468290490,-0.2,,,4872,,
2009-10-27_2305,2009-10-27,2305,全友,twse,4.59,4.59,4.45,4.50,321297,1447156,-0.08,,,105,,
2009-10-27_2308,2009-10-27,2308,台達電,twse,95.40,95.40,93.60,94.30,5012620,473238422,-1.3,,,2217,,
2009-10-27_2311,2009-10-27,2311,日月光,twse,27.05,27.80,27.00,27.60,10125020,278276403,0.25,,,3301,,
2009-10-27_2312,2009-10-27,2312,金寶,twse,9.11,9.16,9.10,9.11,5073918,46293573,0.0,,,814,,
2009-10-27_2313,2009-10-27,2313,華通,twse,9.12,9.19,9.05,9.07,6625806,60294679,-0.12,,,1333,,
2009-10-27_2314,2009-10-27,2314,台揚,twse,15.55,15.70,15.40,15.40,3447206,53536580,-0.15,,,852,,
2009-10-27_2315,2009-10-27,2315,神達,twse,16.50,16.85,16.35,16.60,29032914,483580287,0.05,,,6137,,
2009-10-27_2316,2009-10-27,2316,楠梓電,twse,10.65,10.90,10.40,10.75,9046140,96989444,0.25,,,1637,,
2009-10-27_2317,2009-10-27,2317,鴻海,twse,136.00,138.00,135.00,138.00,22103322,3012051821,0.5,,,8780,,
2009-10-27_2321,2009-10-27,2321,東訊,twse,13.70,13.70,13.20,13.25,1851606,24710776,-0.45,,,526,,
2009-10-27_2323,2009-10-27,2323,中環,twse,8.04,8.06,7.92,7.93,15567139,124150276,-0.08,,,2340,,
2009-10-27_2324,2009-10-27,2324,仁寶,twse,40.80,41.45,40.15,41.00,20638664,840836752,0.4,,,5711,,
2009-10-27_2325,2009-10-27,2325,矽品,twse,46.20,46.65,45.85,46.35,7262504,335436643,-0.35,,,2966,,
2009-10-27_2327,2009-10-27,2327,國巨*,twse,9.82,9.83,9.61,9.65,9831956,95351442,-0.21,,,1830,,
2009-10-27_2328,2009-10-27,2328,廣宇,twse,54.30,54.30,52.80,53.20,10872691,580730039,-1.1,,,4199,,
2009-10-27_2329,2009-10-27,2329,華泰,twse,5.30,5.35,5.25,5.32,4102368,21783705,0.15,,,826,,
2009-10-27_2330,2009-10-27,2330,台積電,twse,61.50,61.90,61.10,61.30,50932246,3129694573,-0.2,,,11760,,
2009-10-27_2331,2009-10-27,2331,精英,twse,13.30,13.45,13.25,13.30,4902063,65402371,-0.1,,,963,,
2009-10-27_2332,2009-10-27,2332,友訊,twse,33.90,35.00,33.90,34.60,14314991,494386221,0.8,,,4793,,
2009-10-27_2337,2009-10-27,2337,旺宏,twse,17.60,17.65,17.20,17.30,18229554,316336775,-0.3,,,4108,,
2009-10-27_2338,2009-10-27,2338,光罩,twse,11.80,11.80,11.55,11.60,825373,9597405,-0.15,,,212,,
2009-10-27_2340,2009-10-27,2340,台亞,twse,26.00,26.60,26.00,26.10,5897721,154493209,-0.1,,,2202,,
2009-10-27_2341,2009-10-27,2341,英群,twse,4.11,4.11,4.11,4.11,823358,3383993,0.26,up,,139,,
2009-10-27_2342,2009-10-27,2342,茂矽,twse,15.00,15.00,14.70,14.70,2393692,35434297,-0.35,,,1114,,
2009-10-27_2344,2009-10-27,2344,華邦電,twse,6.31,6.33,6.21,6.24,8479495,53126265,-0.11,,,1330,,
2009-10-27_2345,2009-10-27,2345,智邦,twse,12.85,12.95,12.65,12.70,4774591,61085723,-0.05,,,865,,
2009-10-27_2347,2009-10-27,2347,聯強,twse,67.60,67.80,66.10,66.70,4600101,307237112,-1.2,,,2136,,
2009-10-27_2348,2009-10-27,2348,海悅,twse,2.31,2.31,2.20,2.25,40235,92002,-0.06,,,15,,
2009-10-27_2349,2009-10-27,2349,錸德,twse,8.55,8.59,8.46,8.50,14841189,126240232,-0.05,,,2388,,
2009-10-27_2350,2009-10-27,2350,環電,twse,16.90,17.75,16.80,17.70,23979750,416873836,0.75,,,5613,,
2009-10-27_2351,2009-10-27,2351,順德,twse,34.50,35.80,34.10,35.65,4814404,169197790,2.05,,,1890,,
2009-10-27_2352,2009-10-27,2352,佳世達,twse,19.75,19.85,19.35,19.60,17356456,340031558,-0.15,,,4953,,
2009-10-27_2353,2009-10-27,2353,宏碁,twse,83.50,83.50,81.70,82.50,6234079,513495320,-1.0,,,2884,,
2009-10-27_2354,2009-10-27,2354,鴻準,twse,115.00,116.50,114.00,115.50,11659180,1342704741,-1.0,,,5356,,
2009-10-27_2355,2009-10-27,2355,敬鵬,twse,26.50,26.65,26.15,26.20,2293983,60327795,-0.45,,,779,,
2009-10-27_2356,2009-10-27,2356,英業達,twse,19.70,19.90,19.55,19.80,5380277,106247398,0.1,,,1506,,
2009-10-27_2357,2009-10-27,2357,華碩,twse,62.00,62.50,61.40,62.50,60043274,3727009718,3.0,,,19091,,
2009-10-27_2358,2009-10-27,2358,廷鑫,twse,20.30,20.70,20.20,20.25,252447,5154459,-0.35,,,127,,
2009-10-27_2359,2009-10-27,2359,所羅門,twse,14.70,14.90,14.15,14.45,2135861,31266430,-0.3,,,513,,
2009-10-27_2360,2009-10-27,2360,致茂,twse,70.80,71.30,67.50,68.60,8655658,595176936,-2.7,,,3419,,
2009-10-27_2361,2009-10-27,2361,鴻友,twse,6.56,6.56,6.56,6.56,83787,549627,0.42,up,,51,,
2009-10-27_2362,2009-10-27,2362,藍天,twse,44.00,44.00,43.50,43.80,1006705,44004166,-0.3,,,516,,
2009-10-27_2364,2009-10-27,2364,倫飛,twse,5.86,6.01,5.85,5.86,1613297,9518377,-0.06,,,385,,
2009-10-27_2365,2009-10-27,2365,昆盈,twse,33.00,33.20,32.80,32.80,2468794,81296730,-0.4,,,1016,,
2009-10-27_2367,2009-10-27,2367,燿華,twse,11.85,12.00,11.75,11.80,2433907,28828488,-0.1,,,566,,
2009-10-27_2368,2009-10-27,2368,金像電,twse,12.70,12.95,12.70,12.80,2916416,37369326,0.0,,,815,,
2009-10-27_2369,2009-10-27,2369,菱生,twse,12.25,12.25,12.00,12.05,1513266,18306127,-0.2,,,404,,
2009-10-27_2371,2009-10-27,2371,大同,twse,7.51,7.62,7.51,7.62,12004630,90766839,0.09,,,2257,,
2009-10-27_2373,2009-10-27,2373,震旦行,twse,34.90,35.20,34.90,35.10,61026,2138146,-0.2,,,41,,
2009-10-27_2374,2009-10-27,2374,佳能,twse,59.00,59.30,56.70,57.80,7957461,458236200,-1.7,,,3108,,
2009-10-27_2375,2009-10-27,2375,凱美,twse,4.46,4.46,4.38,4.39,794933,3504912,-0.07,,,181,,
2009-10-27_2376,2009-10-27,2376,技嘉,twse,27.60,27.80,27.05,27.15,9530227,260551866,-0.45,,,2447,,
2009-10-27_2377,2009-10-27,2377,微星,twse,21.60,21.80,21.50,21.65,4411508,95524026,0.05,,,1506,,
2009-10-27_2379,2009-10-27,2379,瑞昱,twse,72.00,73.80,71.60,73.60,5362128,390984803,1.6,,,2799,,
2009-10-27_2380,2009-10-27,2380,虹光,twse,14.50,15.75,14.40,15.75,7935127,122460235,1.0,,,1890,,
2009-10-27_2381,2009-10-27,2381,華宇,tpex,2.51,2.55,2.50,2.50,650000,1638290,-0.16,,517702899,63,,
2009-10-27_2382,2009-10-27,2382,廣達,twse,65.50,65.70,64.30,64.60,12271003,795113452,-1.1,,,4865,,
2009-10-27_2383,2009-10-27,2383,台光電,twse,24.80,25.20,24.65,24.75,14105448,351762116,0.2,,,3917,,
2009-10-27_2384,2009-10-27,2384,勝華,twse,23.55,23.70,23.35,23.70,9310097,219325840,0.15,,,2625,,
2009-10-27_2385,2009-10-27,2385,群光,twse,72.50,74.50,72.50,74.50,1885996,138931994,0.6,,,1197,,
2009-10-27_2387,2009-10-27,2387,精元,twse,34.40,34.55,33.75,34.10,831521,28324014,-0.35,,,419,,
2009-10-27_2388,2009-10-27,2388,威盛,twse,20.05,20.85,20.00,20.70,612720,12470905,0.65,,,422,,
2009-10-27_2390,2009-10-27,2390,云辰,twse,8.31,8.50,8.28,8.42,895871,7521617,0.11,,,190,,
2009-10-27_2391,2009-10-27,2391,合勤,twse,24.80,25.20,24.10,24.65,10471056,258455269,-0.05,,,3525,,
2009-10-27_2392,2009-10-27,2392,正崴,twse,66.70,68.50,66.70,67.40,6146047,415717842,0.9,,,3020,,
2009-10-27_2393,2009-10-27,2393,億光,twse,99.00,99.00,97.20,99.00,2855813,280595387,-0.1,,,1331,,
2009-10-27_2395,2009-10-27,2395,研華,twse,60.20,63.50,59.70,62.20,3308744,205964239,2.0,,,1275,,
2009-10-27_2396,2009-10-27,2396,精碟,tpex,0.79,0.79,0.69,0.69,4201000,3244140,-0.05,,1276356078,185,,
2009-10-27_2397,2009-10-27,2397,友通,twse,39.50,40.00,39.20,39.30,187628,7394891,-0.35,,,135,,
2009-10-27_2399,2009-10-27,2399,映泰,twse,25.00,25.20,24.70,24.90,1596584,39774785,-0.1,,,487,,
2009-10-27_2401,2009-10-27,2401,凌陽,twse,27.25,28.05,26.80,28.05,5367444,147426827,0.8,,,2123,,
2009-10-27_2402,2009-10-27,2402,毅嘉,twse,18.25,18.80,17.90,18.40,3542733,64759475,-0.5,,,1062,,
2009-10-27_2403,2009-10-27,2403,友尚,twse,29.75,30.35,29.70,29.75,3845822,115051733,0.0,,,1266,,
2009-10-27_2404,2009-10-27,2404,漢唐,twse,18.25,18.25,17.85,18.10,681237,12286837,-0.15,,,288,,
2009-10-27_2405,2009-10-27,2405,輔信,twse,22.90,24.50,22.80,24.50,4400623,106326312,1.6,,,1321,,
2009-10-27_2406,2009-10-27,2406,國碩,twse,24.70,25.80,24.70,25.15,5265686,133410450,0.55,,,1791,,
2009-10-27_2408,2009-10-27,2408,南亞科,twse,22.05,22.65,22.05,22.40,2587790,58122259,0.4,,,763,,
2009-10-27_2409,2009-10-27,2409,友達,twse,31.00,31.10,30.80,30.90,48909326,1512971256,-0.4,,,13181,,
2009-10-27_2412,2009-10-27,2412,中華電,twse,58.00,58.20,57.80,58.10,15853193,920356482,0.2,,,5088,,
2009-10-27_2413,2009-10-27,2413,環科,twse,13.85,14.30,13.60,14.00,1599607,22481598,0.0,,,362,,
2009-10-27_2414,2009-10-27,2414,精技,twse,18.40,18.50,18.30,18.50,513592,9440250,0.0,,,199,,
2009-10-27_2415,2009-10-27,2415,錩新,twse,11.05,11.25,11.00,11.05,155000,1726750,0.0,,,65,,
2009-10-27_2417,2009-10-27,2417,圓剛,twse,41.80,42.45,41.70,42.00,3784410,159271920,0.1,,,1528,,
2009-10-27_2419,2009-10-27,2419,仲琦,twse,18.35,18.70,18.25,18.30,1229304,22620722,-0.25,,,522,,
2009-10-27_2420,2009-10-27,2420,新巨,twse,16.70,17.20,16.55,17.10,1084903,18342142,0.2,,,327,,
2009-10-27_2421,2009-10-27,2421,建準,twse,20.25,20.55,20.00,20.40,972885,19691600,0.15,,,331,,
2009-10-27_2423,2009-10-27,2423,固緯,twse,20.00,20.30,19.80,20.00,102221,2034095,-0.3,,,55,,
2009-10-27_2424,2009-10-27,2424,隴華,twse,11.25,11.40,11.25,11.30,35492,401734,0.05,,,20,,
2009-10-27_2425,2009-10-27,2425,承啟,twse,15.00,15.40,14.60,15.40,793746,11949504,0.45,,,317,,
2009-10-27_2426,2009-10-27,2426,鼎元,twse,31.20,31.65,30.30,31.35,8957096,277368255,0.0,,,3321,,
2009-10-27_2427,2009-10-27,2427,三商電,twse,8.05,8.15,7.95,8.00,513433,4146815,-0.09,,,137,,
2009-10-27_2428,2009-10-27,2428,興勤,twse,50.70,52.00,50.60,51.30,1789050,92229556,0.3,,,809,,
2009-10-27_2429,2009-10-27,2429,銘旺科,twse,2.29,2.36,2.29,2.36,3000,6940,0.15,,,2,,
2009-10-27_2431,2009-10-27,2431,聯昌,twse,15.00,15.30,14.85,15.00,2411408,36434978,0.2,,,753,,
2009-10-27_2433,2009-10-27,2433,互盛電,twse,17.75,17.75,17.60,17.75,54021,953019,0.0,,,28,,
2009-10-27_2434,2009-10-27,2434,統懋,twse,16.55,16.55,16.10,16.30,489102,7980027,-0.25,,,216,,
2009-10-27_2436,2009-10-27,2436,偉詮電,twse,26.60,27.40,26.50,27.20,6362642,172416551,0.45,,,2308,,
2009-10-27_2437,2009-10-27,2437,旺詮,twse,41.50,42.15,41.30,41.80,279891,11662596,0.6,,,146,,
2009-10-27_2438,2009-10-27,2438,翔耀,twse,1.66,1.66,1.65,1.66,1322456,2194950,0.1,,,97,,
2009-10-27_2439,2009-10-27,2439,美律,twse,56.40,56.80,54.70,56.00,2168432,120974292,-0.4,,,1155,,
2009-10-27_2440,2009-10-27,2440,太空梭,twse,9.35,9.67,9.30,9.50,280131,2654660,0.1,,,124,,
2009-10-27_2441,2009-10-27,2441,超豐,twse,32.10,32.20,31.65,32.10,2278363,72628434,0.0,,,822,,
2009-10-27_2442,2009-10-27,2442,新美齊,twse,19.00,20.50,19.00,20.10,2574855,51278495,0.85,,,884,,
2009-10-27_2443,2009-10-27,2443,昶虹,twse,6.19,6.65,6.19,6.39,4529891,28611837,-0.26,,,998,,
2009-10-27_2444,2009-10-27,2444,兆勁,twse,11.85,12.00,11.80,11.90,162761,1930075,0.0,,,97,,
2009-10-27_2446,2009-10-27,2446,全懋,twse,24.75,24.75,24.15,24.40,2424802,59169121,-0.4,,,769,,
2009-10-27_2448,2009-10-27,2448,晶電,twse,112.50,113.00,108.50,111.50,11349832,1261187743,-0.5,,,4898,,
2009-10-27_2449,2009-10-27,2449,京元電子,twse,14.05,14.40,13.75,14.20,46530707,656752513,0.1,,,8575,,
2009-10-27_2450,2009-10-27,2450,神腦,twse,45.30,45.50,45.00,45.15,323311,14603087,-0.35,,,180,,
2009-10-27_2451,2009-10-27,2451,創見,twse,112.00,112.50,111.00,112.50,1024827,114600027,0.5,,,591,,
2009-10-27_2452,2009-10-27,2452,乾坤,twse,74.10,74.30,72.70,72.90,1428152,104683077,0.2,,,719,,
2009-10-27_2453,2009-10-27,2453,凌群,twse,10.80,11.00,10.60,10.85,300052,3251506,0.05,,,137,,
2009-10-27_2454,2009-10-27,2454,聯發科,twse,467.00,475.00,467.00,470.50,9923784,4675003500,3.5,,,6423,,
2009-10-27_2455,2009-10-27,2455,全新,twse,65.00,65.50,64.30,65.00,1084150,70400288,-0.3,,,496,,
2009-10-27_2456,2009-10-27,2456,奇力新,twse,16.70,17.30,16.55,17.05,6591414,111549801,0.55,,,1662,,
2009-10-27_2457,2009-10-27,2457,飛宏,twse,28.15,28.80,28.15,28.35,14258982,406479059,0.2,,,4285,,
2009-10-27_2458,2009-10-27,2458,義隆,twse,48.10,48.80,47.85,48.50,5561459,268956405,0.4,,,2769,,
2009-10-27_2459,2009-10-27,2459,敦吉,twse,20.90,20.90,20.40,20.60,702767,14459169,-0.3,,,223,,
2009-10-27_2460,2009-10-27,2460,建通,twse,25.30,25.45,24.80,24.90,1061272,26541016,-0.7,,,427,,
2009-10-27_2461,2009-10-27,2461,光群雷,twse,19.45,20.00,19.10,19.30,3818120,74322399,-0.3,,,1200,,
2009-10-27_2462,2009-10-27,2462,良得電,twse,54.70,55.00,54.40,54.50,889284,48584051,-0.5,,,506,,
2009-10-27_2463,2009-10-27,2463,研揚,twse,45.15,45.75,45.10,45.45,61328,2790705,0.45,,,64,,
2009-10-27_2464,2009-10-27,2464,盟立,twse,27.70,27.80,27.45,27.60,466150,12859073,-0.3,,,223,,
2009-10-27_2465,2009-10-27,2465,麗臺,twse,7.18,7.28,6.90,7.00,1168633,8247491,-0.18,,,349,,
2009-10-27_2466,2009-10-27,2466,冠西電,twse,35.05,35.40,34.00,34.15,147000,5105300,-0.9,,,65,,
2009-10-27_2467,2009-10-27,2467,志聖,twse,14.70,14.70,14.20,14.55,909605,13133569,-0.2,,,257,,
2009-10-27_2468,2009-10-27,2468,華經,twse,13.50,13.50,13.10,13.40,545963,7267206,-0.25,,,146,,
2009-10-27_2471,2009-10-27,2471,資通,twse,10.40,10.40,9.95,10.05,1260522,12770525,-0.45,,,373,,
2009-10-27_2472,2009-10-27,2472,立隆電,twse,11.30,11.45,11.25,11.35,728001,8260461,0.05,,,246,,
2009-10-27_2473,2009-10-27,2473,思源,twse,32.60,32.60,32.00,32.40,1542651,49689789,-0.25,,,634,,
2009-10-27_2474,2009-10-27,2474,可成,twse,83.50,83.70,82.70,82.90,4372040,363454620,-0.5,,,2227,,
2009-10-27_2475,2009-10-27,2475,華映,twse,3.58,3.60,3.55,3.55,62167200,221463773,-0.04,,,7089,,
2009-10-27_2476,2009-10-27,2476,鉅祥,twse,24.00,24.20,23.80,23.95,1929183,46136878,-0.15,,,561,,
2009-10-27_2477,2009-10-27,2477,美隆電,twse,13.20,13.45,13.05,13.05,727500,9599698,-0.45,,,255,,
2009-10-27_2478,2009-10-27,2478,大毅,twse,24.05,24.70,24.05,24.50,530960,12946415,0.3,,,274,,
2009-10-27_2480,2009-10-27,2480,敦陽科,twse,19.55,20.10,19.55,19.65,1343547,26561589,-0.05,,,455,,
2009-10-27_2481,2009-10-27,2481,強茂,twse,25.25,25.25,24.30,24.40,8363697,206380147,-0.95,,,2730,,
2009-10-27_2482,2009-10-27,2482,連宇,twse,29.10,29.15,27.20,28.75,923202,25945558,-0.45,,,506,,
2009-10-27_2483,2009-10-27,2483,百容,twse,12.70,12.70,12.45,12.45,175100,2193550,-0.25,,,72,,
2009-10-27_2484,2009-10-27,2484,希華,twse,13.90,14.25,13.30,13.85,5439546,74778676,-0.4,,,1284,,
2009-10-27_2485,2009-10-27,2485,兆赫,twse,61.10,62.50,61.10,61.70,2684709,166252640,-0.1,,,1441,,
2009-10-27_2486,2009-10-27,2486,一詮,twse,45.60,45.60,44.70,45.15,4302150,194168067,-0.75,,,1812,,
2009-10-27_2488,2009-10-27,2488,漢平,twse,14.35,14.45,14.20,14.45,476344,6823752,0.1,,,155,,
2009-10-27_2489,2009-10-27,2489,瑞軒,twse,33.90,33.90,32.60,33.00,10099805,334496165,-0.9,,,3416,,
2009-10-27_2491,2009-10-27,2491,吉祥全,twse,4.80,4.80,4.37,4.42,1941924,8844714,-0.1,,,258,,
2009-10-27_2492,2009-10-27,2492,華新科,twse,14.15,14.30,13.90,14.00,13749903,194272138,-0.05,,,1755,,
2009-10-27_2493,2009-10-27,2493,揚博,twse,13.80,13.90,13.30,13.70,931879,12624188,-0.1,,,314,,
2009-10-27_2495,2009-10-27,2495,普安,twse,49.90,51.50,49.90,51.20,2816241,143484787,0.8,,,1530,,
2009-10-27_2496,2009-10-27,2496,卓越,twse,2.72,2.72,2.72,2.72,174298,474089,0.17,up,,20,,
2009-10-27_2497,2009-10-27,2497,怡利電,twse,24.00,24.30,24.00,24.15,308476,7420674,0.15,,,130,,
2009-10-27_2498,2009-10-27,2498,宏達電,twse,324.00,334.00,323.00,334.00,6938194,2286561860,10.0,,,5347,,
2009-10-27_2499,2009-10-27,2499,東貝,twse,56.20,57.10,55.00,55.90,3791599,212284472,-0.6,,,1692,,
2009-10-27_2501,2009-10-27,2501,國建,twse,14.20,14.30,14.05,14.20,2383076,33707472,-0.1,,,719,,
2009-10-27_2504,2009-10-27,2504,國產,twse,16.75,16.85,16.50,16.60,11682529,194209758,0.0,,,2446,,
2009-10-27_2505,2009-10-27,2505,國揚,twse,18.00,18.20,17.85,18.05,4333626,78162947,0.05,,,1049,,
2009-10-27_2506,2009-10-27,2506,太設,twse,4.35,4.55,4.35,4.35,1068361,4661364,-0.32,,,109,,
2009-10-27_2509,2009-10-27,2509,全坤建,twse,26.55,26.80,26.40,26.55,590104,15664798,-0.45,,,277,,
2009-10-27_2511,2009-10-27,2511,太子,twse,16.15,16.35,16.05,16.30,2804804,45446708,0.15,,,847,,
2009-10-27_2514,2009-10-27,2514,龍邦,twse,11.80,11.80,11.35,11.50,1001450,11547722,-0.1,,,214,,
2009-10-27_2515,2009-10-27,2515,中工,twse,9.42,9.49,9.20,9.49,30579424,285900618,0.03,,,5089,,
2009-10-27_2516,2009-10-27,2516,新建,twse,7.40,7.40,7.25,7.26,228941,1669008,-0.13,,,100,,
2009-10-27_2520,2009-10-27,2520,冠德,twse,27.50,28.10,27.40,27.60,5277787,145717819,-0.2,,,1856,,
2009-10-27_2524,2009-10-27,2524,京城,twse,29.80,30.25,29.60,29.95,1061599,31719197,-0.15,,,427,,
2009-10-27_2526,2009-10-27,2526,大陸,twse,13.20,13.20,12.90,12.90,915617,11903524,-0.3,,,264,,
2009-10-27_2527,2009-10-27,2527,宏璟,twse,18.70,18.85,18.30,18.85,967047,17964676,0.15,,,412,,
2009-10-27_2528,2009-10-27,2528,皇普,twse,3.10,3.20,3.10,3.19,51040,160020,-0.01,,,8,,
2009-10-27_2530,2009-10-27,2530,華建,twse,12.00,12.25,11.95,12.10,1722415,20803580,0.1,,,438,,
2009-10-27_2534,2009-10-27,2534,宏盛,twse,15.50,15.60,15.30,15.50,2230100,34458155,0.0,,,540,,
2009-10-27_2535,2009-10-27,2535,達欣工,twse,22.70,22.90,22.70,22.80,886582,20205577,0.1,,,319,,
2009-10-27_2536,2009-10-27,2536,宏普,twse,50.70,51.20,50.10,51.00,2134957,108134407,0.3,,,837,,
2009-10-27_2537,2009-10-27,2537,聯上發,twse,12.80,13.10,12.80,13.00,22022,283331,-0.1,,,14,,
2009-10-27_2538,2009-10-27,2538,基泰,twse,18.80,19.00,18.55,18.80,2141520,40166164,-0.25,,,637,,
2009-10-27_2539,2009-10-27,2539,櫻花建,twse,27.50,28.60,27.50,28.00,40401,1128927,0.5,,,25,,
2009-10-27_2540,2009-10-27,2540,愛山林,twse,6.50,6.50,6.50,6.50,1289,8234,0.0,flat,,4,,
2009-10-27_2542,2009-10-27,2542,興富發,twse,46.50,47.00,45.45,46.05,9241090,426181458,-1.0,,,3914,,
2009-10-27_2543,2009-10-27,2543,皇昌,twse,6.45,6.49,6.34,6.40,371888,2378037,-0.1,,,101,,
2009-10-27_2545,2009-10-27,2545,皇翔,twse,68.50,69.60,67.70,69.60,2616040,179269366,0.0,,,1388,,
2009-10-27_2546,2009-10-27,2546,根基,twse,22.05,23.55,22.05,23.55,2490440,57481612,1.5,,,864,,
2009-10-27_2547,2009-10-27,2547,日勝生,twse,29.20,29.30,28.55,28.85,3088583,89007077,-0.35,,,1132,,
2009-10-27_2548,2009-10-27,2548,華固,twse,85.00,85.50,83.20,84.70,2357047,198218575,-0.8,,,1348,,
2009-10-27_2596,2009-10-27,2596,綠意,tpex,22.60,23.25,22.30,22.95,371000,8481900,0.30,,68100000,167,,
2009-10-27_2601,2009-10-27,2601,益航,twse,45.50,45.50,44.85,45.00,2420228,109116360,-0.65,,,1137,,
2009-10-27_2603,2009-10-27,2603,長榮,twse,17.15,17.20,16.90,17.10,6872818,117282327,-0.05,,,2045,,
2009-10-27_2605,2009-10-27,2605,新興,twse,38.60,39.00,38.50,38.90,2724198,105688904,0.0,,,940,,
2009-10-27_2606,2009-10-27,2606,裕民,twse,63.00,63.00,62.30,62.70,2341500,146574647,-0.6,,,1243,,
2009-10-27_2607,2009-10-27,2607,榮運,twse,29.10,29.40,28.70,29.15,7621600,221500088,0.05,,,2615,,
2009-10-27_2608,2009-10-27,2608,嘉里大榮,twse,22.70,22.95,22.30,22.60,801280,18006479,-0.1,,,242,,
2009-10-27_2609,2009-10-27,2609,陽明,twse,12.20,12.20,12.10,12.10,4834184,58609437,-0.1,,,1306,,
2009-10-27_2610,2009-10-27,2610,華航,twse,10.80,10.85,10.70,10.80,5072580,54673842,-0.05,,,1149,,
2009-10-27_2611,2009-10-27,2611,志信,twse,12.50,12.55,12.40,12.45,39141,487032,-0.15,,,19,,
2009-10-27_2612,2009-10-27,2612,中航,twse,88.00,88.60,87.80,88.30,1112335,97897848,-0.3,,,678,,
2009-10-27_2613,2009-10-27,2613,中櫃,twse,19.00,19.45,18.80,18.90,776100,14859255,-0.1,,,263,,
2009-10-27_2614,2009-10-27,2614,東森,twse,7.40,7.41,7.17,7.25,14143036,102802078,-0.16,,,2128,,
2009-10-27_2615,2009-10-27,2615,萬海,twse,16.20,16.20,16.05,16.10,1197600,19315541,-0.2,,,546,,
2009-10-27_2616,2009-10-27,2616,山隆,twse,14.70,14.70,14.40,14.55,292269,4235047,-0.15,,,89,,
2009-10-27_2617,2009-10-27,2617,台航,twse,48.50,48.55,48.10,48.30,2328930,112423420,-0.45,,,1084,,
2009-10-27_2618,2009-10-27,2618,長榮航,twse,13.50,13.50,13.25,13.25,2607857,34652963,-0.25,,,921,,
2009-10-27_2636,2009-10-27,2636,台驊,tpex,17.45,17.45,16.60,17.40,482000,8172550,-0.05,,50438979,208,,
2009-10-27_2701,2009-10-27,2701,萬企,twse,14.20,14.40,14.15,14.30,158545,2253935,0.1,,,56,,
2009-10-27_2702,2009-10-27,2702,華園,twse,29.00,29.50,28.80,29.20,410621,11957534,0.25,,,237,,
2009-10-27_2704,2009-10-27,2704,國賓,twse,33.60,33.90,33.30,33.50,2973795,99970803,0.15,,,1026,,
2009-10-27_2705,2009-10-27,2705,六福,twse,17.60,18.00,17.60,17.70,8405066,149848611,0.25,,,2259,,
2009-10-27_2706,2009-10-27,2706,第一店,twse,24.50,24.90,24.30,24.55,283406,6972465,0.05,,,147,,
2009-10-27_2707,2009-10-27,2707,晶華,twse,411.00,419.50,411.00,419.50,239700,99810600,8.5,,,245,,
2009-10-27_2801,2009-10-27,2801,彰銀,twse,15.10,15.15,14.95,15.10,10887634,163900800,-0.15,,,1530,,
2009-10-27_2809,2009-10-27,2809,京城銀,twse,8.30,8.30,8.17,8.18,446618,3662575,-0.12,,,147,,
2009-10-27_2812,2009-10-27,2812,台中銀,twse,8.64,8.68,8.56,8.60,2027775,17433568,-0.08,,,312,,
2009-10-27_2820,2009-10-27,2820,華票,twse,9.05,9.06,9.01,9.02,3024296,27328984,-0.04,,,524,,
2009-10-27_2823,2009-10-27,2823,中壽,twse,26.30,26.30,25.30,25.55,8816209,226181926,-0.75,,,2554,,
2009-10-27_2832,2009-10-27,2832,台產,twse,29.00,30.00,28.85,29.30,11191651,329688523,0.3,,,2989,,
2009-10-27_2833,2009-10-27,2833,台壽保,twse,32.50,32.50,31.30,31.90,5464096,174173760,-0.6,,,1654,,
2009-10-27_2834,2009-10-27,2834,臺企銀,twse,8.60,8.61,8.50,8.57,12633136,108043807,-0.06,,,1579,,
2009-10-27_2836,2009-10-27,2836,高雄銀,twse,10.40,10.45,10.25,10.35,628945,6506830,-0.1,,,166,,
2009-10-27_2837,2009-10-27,2837,萬泰銀,twse,3.99,3.99,3.89,3.89,605795,2371711,-0.1,,,169,,
2009-10-27_2838,2009-10-27,2838,聯邦銀,twse,5.94,5.98,5.90,5.92,444734,2633040,-0.06,,,106,,
2009-10-27_2841,2009-10-27,2841,台開,twse,14.60,14.60,14.35,14.50,1440412,20858572,-0.1,,,412,,
2009-10-27_2845,2009-10-27,2845,遠東銀,twse,11.70,11.75,11.45,11.70,6330200,73404497,-0.15,,,1112,,
2009-10-27_2847,2009-10-27,2847,大眾銀,twse,7.03,7.03,6.82,6.91,1763381,12147723,-0.13,,,324,,
2009-10-27_2849,2009-10-27,2849,安泰銀,twse,9.55,9.63,9.30,9.39,143300,1343706,-0.25,,,70,,
2009-10-27_2850,2009-10-27,2850,新產,twse,17.05,17.80,17.05,17.45,1729414,30263870,0.05,,,455,,
2009-10-27_2851,2009-10-27,2851,中再保,twse,13.50,13.50,13.00,13.25,222532,2926282,-0.25,,,97,,
2009-10-27_2852,2009-10-27,2852,第一保,twse,12.70,12.75,12.55,12.60,233392,2943450,-0.1,,,110,,
2009-10-27_2854,2009-10-27,2854,寶來證,twse,18.30,18.55,18.20,18.50,8010020,147459710,0.2,,,1906,,
2009-10-27_2855,2009-10-27,2855,統一證,twse,20.50,20.65,20.25,20.40,1538276,31424144,-0.4,,,592,,
2009-10-27_2856,2009-10-27,2856,元富證,twse,13.60,13.70,13.55,13.70,2557544,34884498,0.0,,,500,,
2009-10-27_2880,2009-10-27,2880,華南金,twse,20.60,20.60,20.20,20.50,3143239,64165384,-0.1,,,941,,
2009-10-27_2881,2009-10-27,2881,富邦金,twse,39.20,39.50,38.90,39.45,15828640,620687460,-0.1,,,5036,,
2009-10-27_2882,2009-10-27,2882,國泰金,twse,60.00,60.80,59.30,60.80,21333341,1279895316,0.4,,,5787,,
2009-10-27_2883,2009-10-27,2883,凱基金,twse,9.03,9.14,8.91,9.11,26042058,235337287,0.03,,,3927,,
2009-10-27_2884,2009-10-27,2884,玉山金,twse,14.10,14.10,13.65,13.90,12673217,175185752,-0.25,,,2420,,
2009-10-27_2885,2009-10-27,2885,元大金,twse,23.30,23.40,22.90,23.40,31871011,736775828,0.0,,,5880,,
2009-10-27_2886,2009-10-27,2886,兆豐金,twse,19.60,19.70,19.35,19.70,14116019,275314353,0.0,,,2794,,
2009-10-27_2887,2009-10-27,2887,台新新光金,twse,13.90,14.00,13.80,14.00,21373736,297198985,0.1,,,3545,,
2009-10-27_2887C,2009-10-27,2887C,新丙特,twse,28.60,28.70,28.60,28.70,20000,573000,0.1,,,4,,
2009-10-27_2888,2009-10-27,2888,新光金,twse,14.15,14.40,13.90,14.40,40667339,573031180,0.2,,,5516,,
2009-10-27_2889,2009-10-27,2889,國票金,twse,10.35,10.40,10.30,10.30,6384631,65906326,-0.05,,,841,,
2009-10-27_2890,2009-10-27,2890,永豐金,twse,13.55,13.75,13.50,13.65,29823515,406303299,0.1,,,4427,,
2009-10-27_2891,2009-10-27,2891,中信金,twse,21.45,21.55,21.20,21.55,29911303,638872421,0.0,,,5034,,
2009-10-27_2892,2009-10-27,2892,第一金,twse,20.30,20.35,20.10,20.35,20477552,413607111,-0.15,,,4090,,
2009-10-27_2901,2009-10-27,2901,欣欣,twse,25.50,25.50,25.00,25.20,123451,3104191,-0.5,,,49,,
2009-10-27_2903,2009-10-27,2903,遠百,twse,36.50,36.80,35.70,36.65,8250867,299185103,0.15,,,3639,,
2009-10-27_2904,2009-10-27,2904,匯僑,twse,14.25,14.25,14.10,14.25,214106,3034560,-0.15,,,79,,
2009-10-27_2905,2009-10-27,2905,三商,twse,14.55,14.70,14.20,14.25,2638158,37897883,-0.3,,,535,,
2009-10-27_2906,2009-10-27,2906,高林,twse,9.00,9.03,8.88,8.95,234770,2098299,-0.09,,,54,,
2009-10-27_2908,2009-10-27,2908,特力,twse,15.15,15.15,15.00,15.00,549676,8284018,-0.15,,,125,,
2009-10-27_2910,2009-10-27,2910,統領,twse,23.80,24.00,23.60,24.00,34000,810300,0.2,,,19,,
2009-10-27_2911,2009-10-27,2911,麗嬰房,twse,32.05,33.15,31.60,33.15,13533200,440956822,2.15,,,4649,,
2009-10-27_2912,2009-10-27,2912,統一超,twse,75.30,75.30,74.80,75.10,3684840,276603342,-0.4,,,1799,,
2009-10-27_2913,2009-10-27,2913,農林,twse,20.60,20.80,20.20,20.35,3313923,67561716,-0.25,,,1108,,
2009-10-27_2915,2009-10-27,2915,潤泰全,twse,57.00,60.10,57.00,60.00,15925979,935516597,3.0,,,5971,,
2009-10-27_2916,2009-10-27,2916,滿心,tpex,12.85,12.90,12.75,12.75,28000,358950,-0.05,,42215343,12,,
2009-10-27_2921,2009-10-27,2921,和樂,tpex,22.15,22.15,22.05,22.05,8000,176900,-0.10,,42165000,4,,
2009-10-27_3002,2009-10-27,3002,歐格,twse,24.30,24.50,24.15,24.25,404200,9815147,-0.05,,,200,,
2009-10-27_3003,2009-10-27,3003,健和興,twse,22.30,22.30,21.65,21.90,224827,4918141,-0.55,,,132,,
2009-10-27_3004,2009-10-27,3004,豐達科,twse,,,,,0,0,0.0,,,0,無成交,
2009-10-27_3005,2009-10-27,3005,神基,twse,31.20,31.95,31.20,31.70,4774604,151251578,0.05,,,1217,,
2009-10-27_3006,2009-10-27,3006,晶豪科,twse,48.00,48.85,48.00,48.85,3981110,193002556,0.7,,,2062,,
2009-10-27_3008,2009-10-27,3008,大立光,twse,374.00,392.50,373.00,392.00,2308614,888086688,16.5,,,1972,,
2009-10-27_3009,2009-10-27,3009,奇美電,twse,17.05,17.10,16.85,17.10,28203690,480283640,0.25,,,6461,,
2009-10-27_3010,2009-10-27,3010,華立,twse,38.60,38.95,38.50,38.70,332251,12861137,-0.3,,,200,,
2009-10-27_3011,2009-10-27,3011,今皓,twse,14.00,14.40,14.00,14.05,1492221,21083994,-0.05,,,498,,
2009-10-27_3013,2009-10-27,3013,晟銘電,twse,9.91,9.99,9.73,9.80,469900,4622050,-0.2,,,146,,
2009-10-27_3014,2009-10-27,3014,聯陽,twse,65.80,66.50,65.50,66.30,1531114,101138224,0.3,,,831,,
2009-10-27_3015,2009-10-27,3015,全漢,twse,34.20,34.20,33.65,34.00,7583256,257635837,2.0,,,2088,,
2009-10-27_3016,2009-10-27,3016,嘉晶,twse,33.00,33.70,33.00,33.60,517234,17235435,0.1,,,319,,
2009-10-27_3017,2009-10-27,3017,奇鋐,twse,37.10,37.65,37.00,37.50,2889571,107853749,0.3,,,1129,,
2009-10-27_3018,2009-10-27,3018,隆銘綠能,twse,13.30,13.40,12.55,13.40,95238,1216244,0.1,,,58,,
2009-10-27_3019,2009-10-27,3019,亞光,twse,54.10,57.00,53.60,56.90,4291566,237641398,2.6,,,2225,,
2009-10-27_3021,2009-10-27,3021,鴻名,twse,10.00,10.25,9.83,9.83,31167,311709,-0.17,,,17,,
2009-10-27_3022,2009-10-27,3022,威強電,twse,35.25,35.35,34.05,34.25,2630107,90487160,-1.15,,,1058,,
2009-10-27_3023,2009-10-27,3023,信邦,twse,20.60,20.60,20.35,20.50,759078,15535487,-0.2,,,262,,
2009-10-27_3024,2009-10-27,3024,憶聲,twse,12.30,13.05,12.30,12.65,4279450,54543568,0.15,,,1316,,
2009-10-27_3025,2009-10-27,3025,星通,twse,15.55,15.90,15.45,15.45,386000,6042150,-0.2,,,145,,
2009-10-27_3026,2009-10-27,3026,禾伸堂,twse,36.05,36.75,35.95,36.45,1834169,66534852,0.4,,,724,,
2009-10-27_3027,2009-10-27,3027,盛達,twse,21.70,22.30,21.40,21.60,1269828,27557073,-0.55,,,535,,
2009-10-27_3028,2009-10-27,3028,增你強,twse,21.15,21.55,21.15,21.15,2768450,58983814,0.0,,,955,,
2009-10-27_3029,2009-10-27,3029,零壹,twse,13.60,14.20,13.60,13.75,3296396,45720354,0.15,,,947,,
2009-10-27_3030,2009-10-27,3030,德律,twse,26.30,26.35,25.80,26.10,940973,24470848,-0.45,,,429,,
2009-10-27_3031,2009-10-27,3031,佰鴻,twse,40.30,40.55,40.10,40.30,780625,31541727,0.0,,,503,,
2009-10-27_3032,2009-10-27,3032,偉訓,twse,13.10,13.70,13.10,13.25,438500,5858649,-0.3,,,115,,
2009-10-27_3033,2009-10-27,3033,威健,twse,18.50,18.70,18.35,18.45,647998,11971860,-0.05,,,236,,
2009-10-27_3034,2009-10-27,3034,聯詠,twse,76.50,77.50,76.30,77.50,2706886,208345242,0.8,,,1842,,
2009-10-27_3035,2009-10-27,3035,智原,twse,55.00,56.30,55.00,56.20,4157061,232034803,0.6,,,2311,,
2009-10-27_3036,2009-10-27,3036,文曄,twse,23.55,24.15,23.50,23.80,1525502,36424686,0.25,,,539,,
2009-10-27_3037,2009-10-27,3037,欣興,twse,41.50,41.50,40.20,40.60,6240648,254075878,-1.05,,,2043,,
2009-10-27_3038,2009-10-27,3038,全台,twse,13.35,13.70,13.25,13.45,3197424,43305977,-0.1,,,722,,
2009-10-27_3040,2009-10-27,3040,遠見,twse,13.85,13.85,13.45,13.50,451066,6123286,-0.5,,,139,,
2009-10-27_3041,2009-10-27,3041,揚智,twse,69.00,70.50,69.00,69.70,8416326,586997405,1.0,,,3703,,
2009-10-27_3042,2009-10-27,3042,晶技,twse,45.30,46.40,45.30,46.30,2345550,107670152,0.6,,,1296,,
2009-10-27_3043,2009-10-27,3043,科風,twse,24.00,24.20,23.80,23.85,761703,18226947,-0.15,,,340,,
2009-10-27_3044,2009-10-27,3044,健鼎,twse,89.00,89.50,87.40,89.50,1682505,149047794,0.8,,,907,,
2009-10-27_3045,2009-10-27,3045,台灣大,twse,58.20,59.40,58.10,59.20,3237859,190560486,0.4,,,1158,,
2009-10-27_3046,2009-10-27,3046,建碁,twse,13.20,13.50,13.15,13.25,655550,8742677,-0.05,,,201,,
2009-10-27_3047,2009-10-27,3047,訊舟,twse,16.80,17.20,16.80,17.00,1960207,33309169,0.0,,,701,,
2009-10-27_3048,2009-10-27,3048,益登,twse,14.70,14.80,14.50,14.65,763699,11211340,0.15,,,274,,
2009-10-27_3049,2009-10-27,3049,精金,twse,18.00,18.50,18.00,18.35,4526639,82904401,0.25,,,1424,,
2009-10-27_3050,2009-10-27,3050,鈺德,twse,13.05,13.20,12.75,12.85,3681811,47645626,-0.3,,,793,,
2009-10-27_3051,2009-10-27,3051,力特,twse,1.99,2.00,1.89,1.96,670300,1326585,0.05,,,81,,
2009-10-27_3052,2009-10-27,3052,夆典,twse,14.20,14.40,14.10,14.20,1331802,18981647,-0.1,,,357,,
2009-10-27_3054,2009-10-27,3054,立萬利,twse,22.30,22.60,22.30,22.55,123250,2769773,-0.25,,,76,,
2009-10-27_3055,2009-10-27,3055,蔚華科,twse,19.70,19.95,19.30,19.90,1394815,27390481,-0.2,,,526,,
2009-10-27_3056,2009-10-27,3056,富華新,twse,19.60,19.80,19.40,19.70,65000,1272500,0.1,,,37,,
2009-10-27_3057,2009-10-27,3057,喬鼎,twse,23.20,24.90,22.90,24.90,5417110,130184017,1.6,,,2013,,
2009-10-27_3058,2009-10-27,3058,立德,twse,24.05,24.40,23.70,24.30,1313546,31708607,0.25,,,389,,
2009-10-27_3059,2009-10-27,3059,華晶科,twse,53.40,53.40,52.30,53.10,5510475,291937928,-0.4,,,2442,,
2009-10-27_3060,2009-10-27,3060,銘異,twse,36.20,36.20,35.50,36.00,591614,21184127,-0.4,,,262,,
2009-10-27_3061,2009-10-27,3061,璨圓,twse,51.70,52.50,50.80,51.90,10955714,563315428,-0.1,,,4792,,
2009-10-27_3062,2009-10-27,3062,建漢,twse,45.50,46.00,44.80,45.50,5519637,251522421,0.0,,,2335,,
2009-10-27_3063,2009-10-27,3063,飛信,twse,11.85,11.90,11.50,11.50,2702912,31459084,-0.35,,,698,,
2009-10-27_3064,2009-10-27,3064,泰偉,tpex,67.50,68.50,67.00,68.50,384000,25997700,1.00,,66461492,277,,
2009-10-27_3066,2009-10-27,3066,李洲,tpex,16.05,16.50,16.00,16.00,440000,7081450,-0.20,,141724225,215,,
2009-10-27_3067,2009-10-27,3067,全域,tpex,,,,,0,0,,flat,29025240,0,,
2009-10-27_3068,2009-10-27,3068,美磊,tpex,71.50,73.50,70.00,71.60,1785000,128224900,0.10,,69306145,986,,
2009-10-27_3069,2009-10-27,3069,寶晟科,tpex,9.17,9.17,9.01,9.01,130000,1178390,-0.16,,26718724,61,,
2009-10-27_3071,2009-10-27,3071,協禧,tpex,13.55,13.85,13.40,13.70,528000,7149950,0.10,,201291824,210,,
2009-10-27_3073,2009-10-27,3073,普格,tpex,50.90,51.90,49.30,50.50,909000,45971800,0.50,,36050800,389,,
2009-10-27_3078,2009-10-27,3078,僑威,tpex,23.60,23.90,23.45,23.55,1279000,30216350,-0.10,,185966079,417,,
2009-10-27_3080,2009-10-27,3080,威力盟,twse,34.10,35.45,34.10,35.15,2838191,99207771,0.6,,,1082,,
2009-10-27_3083,2009-10-27,3083,網龍,tpex,431.00,445.00,431.00,445.00,2144000,941725000,17.00,,86771988,1786,,
2009-10-27_3085,2009-10-27,3085,久大,tpex,23.30,23.30,21.60,21.85,3530000,79771750,0.05,,43417614,1328,,
2009-10-27_3086,2009-10-27,3086,華義,tpex,16.40,17.20,16.30,16.70,610000,10255350,0.30,,70286000,297,,
2009-10-27_3087,2009-10-27,3087,翔準,tpex,11.30,11.35,11.05,11.05,810000,9016850,-0.25,,285000000,244,,
2009-10-27_3088,2009-10-27,3088,艾訊,tpex,24.35,24.70,24.10,24.45,294000,7160050,0.10,,78832034,113,,
2009-10-27_3089,2009-10-27,3089,展成,tpex,8.81,8.85,8.71,8.71,78000,684230,-0.11,,52175816,26,,
2009-10-27_3090,2009-10-27,3090,日電貿,twse,30.80,32.50,30.60,31.95,1286076,40799563,0.9,,,639,,
2009-10-27_3093,2009-10-27,3093,港建,tpex,49.00,49.00,48.50,48.50,16000,779600,-0.50,,36288894,14,,
2009-10-27_3094,2009-10-27,3094,聯傑,twse,45.40,45.40,43.50,44.00,2702650,119903028,-1.8,,,1193,,
2009-10-27_3095,2009-10-27,3095,及成,tpex,28.60,28.75,28.15,28.35,2805000,79762100,-0.35,,190585961,965,,
2009-10-27_3114,2009-10-27,3114,好德,tpex,13.30,13.40,13.25,13.40,46000,612750,0.00,,48605700,28,,
2009-10-27_3115,2009-10-27,3115,寶島極,tpex,13.30,14.75,13.20,14.75,166000,2393250,0.95,,37697600,29,,
2009-10-27_3118,2009-10-27,3118,進階,tpex,33.80,34.00,33.30,33.75,35000,1177550,0.00,,30907486,30,,
2009-10-27_3126,2009-10-27,3126,信億,tpex,20.80,22.00,20.60,21.35,49000,1035100,0.65,,34559210,33,,
2009-10-27_3128,2009-10-27,3128,昇銳,tpex,22.60,24.60,22.60,24.20,738000,17540250,1.05,,42000000,450,,
2009-10-27_3130,2009-10-27,3130,一零四,twse,79.50,79.50,78.20,78.90,144002,11339257,-0.6,,,108,,
2009-10-27_3144,2009-10-27,3144,新揚科,tpex,13.70,14.00,13.55,13.80,206000,2858500,0.05,,69091396,45,,
2009-10-27_3152,2009-10-27,3152,璟德,tpex,120.00,121.00,118.50,119.00,224000,26770000,-2.00,,62742000,142,,
2009-10-27_3162,2009-10-27,3162,精確,tpex,12.60,12.85,12.45,12.65,1366000,17269450,0.15,,44910076,286,,
2009-10-27_3164,2009-10-27,3164,景岳,tpex,42.50,42.50,41.50,42.00,332000,13895150,0.20,,49296316,187,,
2009-10-27_3171,2009-10-27,3171,天馳,tpex,9.06,9.16,8.87,8.97,68000,615810,-0.13,,32326515,29,,
2009-10-27_3188,2009-10-27,3188,安茂,tpex,17.55,18.80,17.30,18.60,2731000,50428900,1.00,,47858620,686,,
2009-10-27_3189,2009-10-27,3189,景碩,twse,87.20,87.20,84.30,86.90,2515229,216218593,-0.3,,,1188,,
2009-10-27_3191,2009-10-27,3191,和進,tpex,10.50,10.50,10.35,10.35,87000,907150,-0.25,,54153229,38,,
2009-10-27_3202,2009-10-27,3202,樺晟,tpex,24.35,25.00,24.20,24.40,732000,17815050,0.10,,67638857,162,,
2009-10-27_3205,2009-10-27,3205,天騵,tpex,6.00,6.71,6.00,6.69,47000,309480,0.41,,29712800,15,,
2009-10-27_3206,2009-10-27,3206,志豐,tpex,16.70,16.90,16.30,16.40,85000,1400550,-0.30,,38760901,42,,
2009-10-27_3207,2009-10-27,3207,耀勝,tpex,14.20,14.60,14.10,14.45,320000,4576950,-0.05,,36064230,124,,
2009-10-27_3209,2009-10-27,3209,全科,twse,23.40,23.50,23.00,23.00,924186,21414428,-0.45,,,301,,
2009-10-27_3211,2009-10-27,3211,順達,tpex,99.50,101.50,99.00,101.50,2678000,267742600,0.50,,128306479,1479,,
2009-10-27_3213,2009-10-27,3213,茂訊,tpex,86.90,89.00,86.90,87.50,70000,6128800,0.70,,44870821,55,,
2009-10-27_3217,2009-10-27,3217,優群,tpex,26.55,26.55,25.65,26.10,1070000,27747450,-0.20,,75501000,486,,
2009-10-27_3218,2009-10-27,3218,大學光,tpex,34.45,34.45,33.50,34.45,180000,6095850,0.00,,45204054,111,,
2009-10-27_3219,2009-10-27,3219,倚強,tpex,23.60,23.95,22.00,22.30,840000,19394550,-0.75,,39736042,437,,
2009-10-27_3221,2009-10-27,3221,台嘉碩,tpex,27.80,28.70,27.20,28.25,394000,11078000,0.45,,70500000,225,,
2009-10-27_3224,2009-10-27,3224,三顧,tpex,6.90,6.90,6.61,6.79,112000,753360,-0.13,,43316329,45,,
2009-10-27_3226,2009-10-27,3226,至寶電,tpex,9.86,9.86,9.65,9.65,48000,466580,-0.18,,37222573,24,,
2009-10-27_3227,2009-10-27,3227,原相,tpex,255.00,256.00,246.00,252.00,2700000,678752500,-4.00,,129826414,1988,,
2009-10-27_3228,2009-10-27,3228,金麗科,tpex,58.50,59.20,58.20,58.50,142000,8321300,0.00,,56769205,93,,
2009-10-27_3229,2009-10-27,3229,晟鈦,tpex,13.05,13.30,13.05,13.05,252000,3306750,0.00,,60463700,103,,
2009-10-27_3230,2009-10-27,3230,錦明,tpex,14.15,14.20,13.90,13.90,419000,5884200,-0.25,,93675058,130,,
2009-10-27_3231,2009-10-27,3231,緯創,twse,58.00,58.50,57.10,57.50,9466528,544119135,-0.7,,,3960,,
2009-10-27_3232,2009-10-27,3232,昱捷,tpex,10.35,10.95,10.35,10.45,46000,485200,0.10,,31567865,28,,
2009-10-27_3236,2009-10-27,3236,千如,tpex,13.50,13.80,13.45,13.60,239000,3263500,-0.25,,43454660,114,,
2009-10-27_3252,2009-10-27,3252,海灣科,tpex,10.05,10.05,9.96,10.00,112000,1119740,-0.70,,51534867,21,,
2009-10-27_3259,2009-10-27,3259,鑫創,tpex,35.70,36.10,35.00,35.90,635000,22655700,0.85,,61319053,361,,
2009-10-27_3260,2009-10-27,3260,威剛,tpex,77.00,78.60,77.00,78.60,2636000,204849400,0.60,,224730490,1253,,
2009-10-27_3264,2009-10-27,3264,欣銓,tpex,17.80,17.90,17.45,17.80,2436000,42910550,0.00,,442371433,602,,
2009-10-27_3265,2009-10-27,3265,台星科,tpex,10.85,10.85,10.55,10.75,1683000,17972800,0.20,,272523318,447,,
2009-10-27_3266,2009-10-27,3266,弘如洋,tpex,21.50,21.50,20.90,21.05,85000,1795050,-0.40,,23154309,49,,
2009-10-27_3268,2009-10-27,3268,海德威,tpex,34.70,34.70,33.35,33.65,418000,14114300,-1.55,,30666304,260,,
2009-10-27_3276,2009-10-27,3276,宇環,tpex,6.58,6.58,6.41,6.47,78000,505540,-0.11,,78569298,37,,
2009-10-27_3284,2009-10-27,3284,太普高,tpex,16.65,16.90,16.40,16.40,359000,5981600,-0.20,,41392000,73,,
2009-10-27_3287,2009-10-27,3287,廣寰科,tpex,25.20,25.25,24.80,24.80,94000,2356700,-0.75,,42197787,63,,
2009-10-27_3288,2009-10-27,3288,點晶,tpex,25.40,25.60,25.35,25.45,171000,4356300,-0.35,,49778148,100,,
2009-10-27_3289,2009-10-27,3289,宜特,tpex,27.80,28.50,27.50,27.90,136000,3796200,0.10,,68634633,91,,
2009-10-27_3290,2009-10-27,3290,東浦,tpex,9.50,9.60,9.22,9.60,732000,6897640,-0.01,,74319000,187,,
2009-10-27_3291,2009-10-27,3291,遠翔科,tpex,50.20,54.30,50.20,53.20,653000,33945900,1.00,,32607352,358,,
2009-10-27_3293,2009-10-27,3293,鈊象,tpex,260.00,263.50,258.50,260.00,438000,114289500,2.00,,66851684,372,,
2009-10-27_3294,2009-10-27,3294,英濟,tpex,21.35,21.55,20.65,21.35,410000,8633100,0.00,,135088371,164,,
2009-10-27_3296,2009-10-27,3296,勝德,twse,31.35,31.55,31.00,31.50,248301,7760271,0.0,,,133,,
2009-10-27_3297,2009-10-27,3297,杭特,tpex,27.90,27.90,27.30,27.50,64000,1757500,-0.50,,34384245,42,,
2009-10-27_3299,2009-10-27,3299,帛漢,tpex,26.55,26.90,26.55,26.80,147000,3926650,0.30,,46082132,79,,
2009-10-27_3303,2009-10-27,3303,岱稜,tpex,27.45,27.65,27.30,27.50,585000,16054150,0.30,,71824765,268,,
2009-10-27_3305,2009-10-27,3305,昇貿,twse,61.80,63.00,61.70,61.80,701888,43577395,0.0,,,420,,
2009-10-27_3306,2009-10-27,3306,鼎天,tpex,53.10,55.00,52.20,54.70,1297000,69956300,0.40,,71476918,686,,
2009-10-27_3308,2009-10-27,3308,聯德,twse,22.80,22.80,21.80,22.20,296037,6547871,-0.8,,,173,,
2009-10-27_3310,2009-10-27,3310,佳穎,tpex,12.20,12.80,12.20,12.80,106000,1326000,0.60,,34112200,26,,
2009-10-27_3311,2009-10-27,3311,閎暉,twse,103.00,107.50,101.00,104.00,2687020,278784080,1.5,,,1513,,
2009-10-27_3312,2009-10-27,3312,弘憶股,tpex,26.30,26.40,25.45,25.50,857000,22069700,-0.90,,72157635,248,,
2009-10-27_3313,2009-10-27,3313,斐成,tpex,15.10,15.40,15.00,15.10,291000,4406200,-0.10,,60484000,136,,
2009-10-27_3315,2009-10-27,3315,宣昶,twse,30.20,30.30,29.60,29.90,345210,10320521,-0.3,,,175,,
2009-10-27_3317,2009-10-27,3317,尼克森,tpex,52.00,52.10,50.80,51.20,820000,42077600,-0.90,,60874550,534,,
2009-10-27_3322,2009-10-27,3322,建舜電,tpex,23.30,23.80,23.30,23.50,349000,8201000,-0.30,,72349700,183,,
2009-10-27_3323,2009-10-27,3323,加百裕,tpex,50.00,50.70,49.90,50.30,862000,43261000,-0.20,,89743444,439,,
2009-10-27_3324,2009-10-27,3324,雙鴻,tpex,12.85,13.70,12.35,13.70,1581000,21133000,0.85,,49151015,498,,
2009-10-27_3325,2009-10-27,3325,旭品,tpex,31.45,32.35,30.50,31.70,7191000,227196050,0.25,,62834379,2335,,
2009-10-27_3332,2009-10-27,3332,幸康,tpex,32.00,32.00,31.80,31.80,22000,702150,-0.20,,48104246,15,,
2009-10-27_3339,2009-10-27,3339,泰谷,tpex,34.50,35.70,34.50,35.05,2283000,80185150,-0.75,,155746283,973,,
2009-10-27_3354,2009-10-27,3354,律勝,tpex,16.80,16.80,16.00,16.30,29000,472600,-0.10,,74146266,17,,
2009-10-27_3356,2009-10-27,3356,奇偶,twse,127.00,128.50,127.00,128.00,108162,13840560,0.0,,,82,,
2009-10-27_3360,2009-10-27,3360,尚立,tpex,16.50,16.50,16.10,16.30,250000,4062050,-0.20,,39600000,108,,
2009-10-27_3362,2009-10-27,3362,先進光,tpex,39.30,39.55,38.80,39.40,155000,6067600,0.10,,77250000,75,,
2009-10-27_3367,2009-10-27,3367,英華達,twse,34.50,35.10,34.15,35.10,1976760,68468014,0.6,,,873,,
2009-10-27_3372,2009-10-27,3372,典範,tpex,12.20,13.05,11.95,13.05,15584000,193844350,0.85,,302500000,2299,,
2009-10-27_3373,2009-10-27,3373,熱映,tpex,31.80,31.80,31.05,31.30,60000,1874000,-0.50,,27884970,49,,
2009-10-27_3376,2009-10-27,3376,新日興,twse,149.00,151.50,144.50,150.50,4768147,705959617,0.5,,,2751,,
2009-10-27_3380,2009-10-27,3380,明泰,twse,27.00,27.45,26.80,27.05,1895905,51418048,0.0,,,841,,
2009-10-27_3383,2009-10-27,3383,新世紀,twse,36.00,36.15,35.60,35.90,960594,34343680,-0.25,,,507,,
2009-10-27_3388,2009-10-27,3388,崇越電,tpex,68.60,68.60,67.00,68.00,243000,16484200,-0.60,,55680000,156,,
2009-10-27_3389,2009-10-27,3389,志遠,tpex,26.45,26.45,25.70,25.80,791000,20520350,-0.80,,59046750,306,,
2009-10-27_3390,2009-10-27,3390,旭軟,tpex,32.40,32.80,32.00,32.50,188000,6090700,0.00,,43843821,83,,
2009-10-27_3402,2009-10-27,3402,漢科,tpex,23.65,24.15,23.00,23.85,630000,14906250,0.20,,46839885,327,,
2009-10-27_3406,2009-10-27,3406,玉晶光,twse,48.40,48.60,47.30,48.30,351070,16770938,-0.1,,,234,,
2009-10-27_3416,2009-10-27,3416,融程電,tpex,62.50,63.10,62.20,62.50,192000,11999100,-0.90,,42197249,117,,
2009-10-27_3419,2009-10-27,3419,譁裕,twse,18.45,18.45,17.90,18.45,620601,11222977,-0.05,,,222,,
2009-10-27_3431,2009-10-27,3431,長天,tpex,14.15,14.15,14.15,14.15,984000,13923600,0.90,up,47982033,264,,
2009-10-27_3434,2009-10-27,3434,哲固,tpex,18.10,18.60,18.10,18.15,247000,4504200,-0.45,,32800000,145,,
2009-10-27_3438,2009-10-27,3438,類比科,tpex,76.70,77.70,76.50,77.40,871000,67144600,0.40,,39826110,559,,
2009-10-27_3443,2009-10-27,3443,創意,twse,143.50,149.50,143.50,149.50,1157998,170133693,5.0,,,927,,
2009-10-27_3444,2009-10-27,3444,利機,tpex,31.00,31.00,30.05,30.30,176000,5351450,-0.75,,30786767,96,,
2009-10-27_3450,2009-10-27,3450,聯鈞,twse,42.70,43.20,40.50,41.70,4754689,196285561,-1.8,,,2039,,
2009-10-27_3452,2009-10-27,3452,益通,tpex,67.80,68.00,66.40,67.00,1642000,109786800,-0.80,,204651004,996,,
2009-10-27_3454,2009-10-27,3454,晶睿,tpex,35.00,37.40,34.95,36.30,1649000,60329700,1.30,,57918494,799,,
2009-10-27_3455,2009-10-27,3455,由田,tpex,20.30,20.40,19.70,19.70,375000,7452300,-0.90,,51232000,184,,
2009-10-27_3465,2009-10-27,3465,祥業,tpex,9.30,9.74,9.30,9.50,160000,1519050,0.00,,28803807,52,,
2009-10-27_3466,2009-10-27,3466,致振,tpex,51.50,51.50,51.00,51.00,100000,5113300,-0.60,,62377573,77,,
2009-10-27_3474,2009-10-27,3474,華亞科,twse,21.00,21.15,20.65,20.65,24008509,499708677,-0.35,,,4783,,
2009-10-27_3481,2009-10-27,3481,群創,twse,46.80,47.30,46.40,46.90,19811751,927276242,-0.4,,,6909,,
2009-10-27_3483,2009-10-27,3483,力致,tpex,90.00,92.00,89.50,91.30,437000,39771800,1.30,,40176647,283,,
2009-10-27_3484,2009-10-27,3484,崧騰,tpex,43.30,43.50,41.60,41.70,643000,27377500,-1.60,,40372340,300,,
2009-10-27_3489,2009-10-27,3489,筌寶,tpex,18.80,19.60,18.80,19.25,300000,5801300,0.20,,41530543,117,,
2009-10-27_3490,2009-10-27,3490,單井,tpex,32.70,32.70,31.10,31.40,1117000,35521600,-1.55,,30170690,550,,
2009-10-27_3491,2009-10-27,3491,昇達科,tpex,74.40,75.30,74.40,74.70,95000,7102800,0.30,,40256371,62,,
2009-10-27_3494,2009-10-27,3494,誠研,twse,23.05,23.75,23.05,23.75,1910245,45125000,1.55,,,556,,
2009-10-27_3498,2009-10-27,3498,陽程,tpex,40.00,40.00,39.10,39.35,363000,14345750,-0.70,,65745994,228,,
2009-10-27_3499,2009-10-27,3499,環天科,tpex,20.30,20.95,20.10,20.95,479000,9889300,1.35,,48307600,208,,
2009-10-27_3501,2009-10-27,3501,維熹,twse,52.60,52.80,51.30,51.90,576720,29986249,-0.7,,,343,,
2009-10-27_3504,2009-10-27,3504,揚明光,twse,156.00,158.00,153.00,158.00,530472,82750576,2.5,,,409,,
2009-10-27_3508,2009-10-27,3508,位速,tpex,58.50,62.10,57.50,62.00,1507000,92413300,3.90,,92837737,673,,
2009-10-27_3511,2009-10-27,3511,矽瑪,tpex,61.00,61.00,60.20,60.50,80000,4843800,-0.70,,31080250,60,,
2009-10-27_3512,2009-10-27,3512,能緹,tpex,22.20,22.30,22.00,22.05,85000,1880750,-0.25,,32000000,48,,
2009-10-27_3514,2009-10-27,3514,昱晶,twse,54.00,54.20,52.20,53.00,6354118,336876554,-1.6,,,3394,,
2009-10-27_3515,2009-10-27,3515,華擎,twse,127.00,131.00,127.00,129.50,310106,40098674,1.5,,,266,,
2009-10-27_3516,2009-10-27,3516,亞帝歐,tpex,17.20,17.20,17.00,17.00,196000,3341950,-0.20,,76751650,99,,
2009-10-27_3518,2009-10-27,3518,柏騰,twse,87.00,87.00,85.30,85.80,799295,68517845,-1.3,,,575,,
2009-10-27_3519,2009-10-27,3519,綠能,twse,77.70,77.80,76.50,77.10,1357276,104674452,-1.1,,,1192,,
2009-10-27_3520,2009-10-27,3520,振維,tpex,14.80,15.30,14.75,15.00,342000,5139300,-0.40,,51885564,142,,
2009-10-27_3521,2009-10-27,3521,鴻翊,tpex,23.00,23.30,23.00,23.30,13000,299650,0.10,,31210325,9,,
2009-10-27_3522,2009-10-27,3522,宏森,tpex,17.80,17.80,17.05,17.50,261000,4502600,-0.10,,35451000,117,,
2009-10-27_3523,2009-10-27,3523,迎輝,tpex,47.00,47.20,46.55,46.75,431000,20162500,-0.45,,101178560,160,,
2009-10-27_3526,2009-10-27,3526,凡甲,tpex,89.00,90.30,89.00,90.00,511000,45907800,0.00,,52298000,303,,
2009-10-27_3527,2009-10-27,3527,聚積,tpex,126.00,127.50,125.00,126.50,235000,29715000,0.50,,32754398,177,,
2009-10-27_3531,2009-10-27,3531,先益,tpex,32.30,32.45,32.00,32.45,189000,6088600,-0.25,,59870011,89,,
2009-10-27_3532,2009-10-27,3532,台勝科,twse,77.50,79.00,77.30,79.00,109148,8500361,0.2,,,91,,
2009-10-27_3533,2009-10-27,3533,嘉澤,twse,77.00,78.90,77.00,78.90,338600,26412700,0.3,,,220,,
2009-10-27_3534,2009-10-27,3534,雷凌,twse,98.00,99.20,97.10,98.30,1886101,185385098,0.3,,,1147,,
2009-10-27_3535,2009-10-27,3535,晶彩科,twse,23.60,23.60,23.00,23.00,821499,19055777,-0.6,,,340,,
2009-10-27_3536,2009-10-27,3536,誠創,twse,11.00,11.20,10.65,10.80,4046000,44136900,-0.25,,,1010,,
2009-10-27_3540,2009-10-27,3540,曜越,tpex,49.00,49.30,48.00,49.00,250000,12154100,-0.50,,51788267,142,,
2009-10-27_3545,2009-10-27,3545,敦泰,twse,58.80,59.70,58.00,59.70,1075550,63378635,0.5,,,612,,
2009-10-27_3546,2009-10-27,3546,宇峻,tpex,200.50,208.00,200.50,203.50,387000,78883500,2.00,,30012500,332,,
2009-10-27_3548,2009-10-27,3548,兆利,tpex,48.70,49.00,46.70,48.00,326000,15622450,-1.00,,49982398,197,,
2009-10-27_3551,2009-10-27,3551,世禾,tpex,51.00,51.00,48.60,50.00,795000,39416350,-1.00,,40723352,444,,
2009-10-27_3552,2009-10-27,3552,同致,tpex,96.50,99.00,96.50,96.50,391000,37859400,0.40,,48575351,113,,
2009-10-27_3553,2009-10-27,3553,力積,tpex,83.20,85.00,82.10,82.60,1865000,155383000,2.40,,46594464,1098,,
2009-10-27_3556,2009-10-27,3556,禾瑞亞,tpex,71.60,73.50,71.20,71.80,2763000,200590100,0.20,,43938084,1478,,
2009-10-27_3557,2009-10-27,3557,嘉威,twse,42.00,42.50,41.50,41.75,1322003,55187371,-0.25,,,636,,
2009-10-27_3559,2009-10-27,3559,全智科,twse,17.80,17.80,16.90,17.05,1081056,18512763,-0.45,,,417,,
2009-10-27_3561,2009-10-27,3561,昇陽光電,twse,23.80,24.90,23.80,24.70,2393684,58115528,1.0,,,1014,,
2009-10-27_3562,2009-10-27,3562,頂晶科,tpex,38.50,38.50,37.00,37.60,104000,3907000,-0.90,,52360000,75,,
2009-10-27_3570,2009-10-27,3570,大塚,tpex,29.00,29.20,28.70,29.20,22000,636250,0.10,,16485000,18,,
2009-10-27_3573,2009-10-27,3573,穎台,twse,179.00,182.50,177.00,182.50,889032,160426628,3.5,,,774,,
2009-10-27_3576,2009-10-27,3576,聯合再生,twse,41.10,42.10,40.60,41.70,4359580,180285064,0.15,,,1774,,
2009-10-27_3577,2009-10-27,3577,泓格,tpex,28.00,28.20,27.55,27.60,55000,1528400,0.00,,42122653,39,,
2009-10-27_3587,2009-10-27,3587,閎康,tpex,25.00,25.40,25.00,25.10,49000,1229500,0.05,,39389450,34,,
2009-10-27_3588,2009-10-27,3588,通嘉,twse,174.00,179.50,174.00,178.50,479200,84743500,4.5,,,383,,
2009-10-27_3593,2009-10-27,3593,力銘,twse,43.80,44.40,43.00,44.10,2293872,100185749,0.15,,,1142,,
2009-10-27_3596,2009-10-27,3596,智易,twse,77.60,78.80,77.50,78.30,421677,32887129,0.2,,,245,,
2009-10-27_3605,2009-10-27,3605,宏致,twse,119.00,120.50,118.50,120.00,559525,66825500,1.0,,,388,,
2009-10-27_3611,2009-10-27,3611,鼎翰,tpex,64.30,64.70,63.10,63.50,117000,7488500,-0.80,,26180000,81,,
2009-10-27_3614,2009-10-27,3614,誠致,twse,87.00,87.00,85.60,86.50,189052,16328716,-1.0,,,153,,
2009-10-27_3615,2009-10-27,3615,安可,tpex,56.60,56.60,55.00,55.30,151000,8385200,-0.70,,30600000,117,,
2009-10-27_3622,2009-10-27,3622,洋華,twse,387.00,398.00,387.00,398.00,1974969,777155569,8.0,,,1613,,
2009-10-27_3652,2009-10-27,3652,精聯,tpex,33.60,33.70,33.20,33.50,67000,2239200,-0.10,,47600000,39,,
2009-10-27_3701,2009-10-27,3701,大眾控,twse,3.15,3.17,3.15,3.17,11300,36564,-0.1,,,32,,
2009-10-27_3702,2009-10-27,3702,大聯大,twse,48.40,48.40,47.50,48.00,4078869,195189912,-0.4,,,2105,,
2009-10-27_4102,2009-10-27,4102,永日,tpex,43.20,43.20,42.20,42.50,267000,11365400,-0.70,,33050600,189,,
2009-10-27_4103,2009-10-27,4103,百略,tpex,46.00,46.00,45.10,45.25,326000,14805100,-0.95,,122218861,185,,
2009-10-27_4104,2009-10-27,4104,佳醫,twse,68.10,69.10,68.00,68.20,793762,54202895,-1.0,,,556,,
2009-10-27_4105,2009-10-27,4105,東洋,tpex,104.50,105.50,102.50,103.00,1150000,119116500,-2.00,,128301800,755,,
2009-10-27_4106,2009-10-27,4106,雃博,twse,33.50,33.60,33.05,33.10,274904,9129332,-0.4,,,146,,
2009-10-27_4107,2009-10-27,4107,邦特,tpex,46.00,46.00,44.20,44.30,629000,28182900,-0.50,,78276936,359,,
2009-10-27_4108,2009-10-27,4108,懷特,twse,45.75,47.00,45.75,45.75,4221891,193355592,-3.4,,,1878,,
2009-10-27_4109,2009-10-27,4109,加捷,tpex,21.95,21.95,21.25,21.50,180000,3861000,-0.45,,44819615,92,,
2009-10-27_4111,2009-10-27,4111,濟生,tpex,19.95,19.95,19.25,19.25,427000,8292050,-0.50,,47991594,207,,
2009-10-27_4113,2009-10-27,4113,聯上,tpex,27.00,27.00,26.15,26.25,36000,951600,-0.15,,45210000,31,,
2009-10-27_4114,2009-10-27,4114,健喬,tpex,33.65,33.80,33.10,33.20,280000,9324300,-0.45,,76808904,155,,
2009-10-27_4119,2009-10-27,4119,旭富,twse,71.00,71.10,70.10,70.30,148751,10493165,-0.8,,,116,,
2009-10-27_4120,2009-10-27,4120,友華,tpex,66.30,66.30,63.60,64.00,807000,51981000,-2.10,,69396889,530,,
2009-10-27_4121,2009-10-27,4121,優盛,tpex,14.65,14.80,14.50,14.80,216000,3152700,0.10,,67111772,65,,
2009-10-27_4123,2009-10-27,4123,晟德,tpex,48.50,49.10,48.20,48.25,394000,19100150,-0.25,,47936168,259,,
2009-10-27_4126,2009-10-27,4126,太醫,tpex,81.20,81.90,79.20,79.60,935000,74958400,-1.90,,56793217,538,,
2009-10-27_4127,2009-10-27,4127,天良,tpex,19.40,19.40,19.15,19.20,173000,3327800,-0.20,,45760000,67,,
2009-10-27_4128,2009-10-27,4128,中天,tpex,35.60,35.60,34.55,35.15,3335000,116623050,0.05,,223976043,1253,,
2009-10-27_4129,2009-10-27,4129,聯合,tpex,39.50,39.60,39.10,39.20,237000,9318250,-0.40,,46362500,117,,
2009-10-27_4131,2009-10-27,4131,晶宇,tpex,39.70,39.90,38.65,39.10,127000,4955850,-0.40,,48106515,106,,
2009-10-27_4205,2009-10-27,4205,恆義,tpex,25.70,26.00,25.60,25.95,29000,750250,0.20,,60086250,21,,
2009-10-27_4207,2009-10-27,4207,環泰,tpex,10.00,10.10,9.80,9.80,302000,3004310,-0.25,,119360694,93,,
2009-10-27_4303,2009-10-27,4303,信立,tpex,3.63,3.63,3.57,3.57,95000,343270,-0.04,,70000000,34,,
2009-10-27_4304,2009-10-27,4304,勝昱,tpex,9.79,10.00,9.73,9.98,40000,395050,-0.12,,50527250,16,,
2009-10-27_4305,2009-10-27,4305,世坤,tpex,33.15,33.15,32.00,33.15,375000,12406150,2.15,,55014000,198,,
2009-10-27_4306,2009-10-27,4306,炎洲,twse,23.10,23.15,22.65,22.95,2954539,67596524,-0.35,,,980,,
2009-10-27_4401,2009-10-27,4401,東隆興,tpex,8.75,8.77,8.66,8.70,128000,1116100,-0.02,,120286286,31,,
2009-10-27_4406,2009-10-27,4406,新昕纖,tpex,7.71,7.96,7.56,7.96,25000,195770,0.09,,51912000,13,,
2009-10-27_4408,2009-10-27,4408,聯明,tpex,4.26,4.35,4.20,4.25,122000,520020,-0.01,,57627800,25,,
2009-10-27_4413,2009-10-27,4413,飛寶,tpex,3.72,4.27,3.72,4.27,7000,29340,0.27,,177529190,5,,
2009-10-27_4415,2009-10-27,4415,美嘉電,tpex,66.30,67.90,66.00,66.60,72000,4800400,0.30,,17704891,64,,
2009-10-27_4416,2009-10-27,4416,三圓,tpex,68.10,68.50,68.10,68.50,3000,204700,0.40,,60000000,3,,
2009-10-27_4417,2009-10-27,4417,金洲,tpex,20.60,21.40,19.50,20.85,1678000,35030350,0.45,,63281517,453,,
2009-10-27_4419,2009-10-27,4419,松懋,tpex,14.70,15.70,14.60,15.70,746000,11650550,1.00,,33298194,279,,
2009-10-27_4420,2009-10-27,4420,光明,tpex,15.60,16.00,15.50,15.95,14000,218350,0.00,,29807000,10,,
2009-10-27_4426,2009-10-27,4426,利勤,tpex,11.10,11.10,10.95,10.95,12000,132100,-0.20,,55105776,6,,
2009-10-27_4502,2009-10-27,4502,源恆,tpex,2.09,2.09,2.09,2.09,60000,125400,-0.15,down,75243858,15,,
2009-10-27_4503,2009-10-27,4503,金雨,tpex,6.10,6.19,6.06,6.18,58000,353590,0.01,,36763326,19,,
2009-10-27_4506,2009-10-27,4506,崇友,tpex,11.05,11.20,10.90,11.10,279000,3075700,-0.15,,196680000,107,,
2009-10-27_4510,2009-10-27,4510,高鋒,tpex,7.65,7.74,7.65,7.65,48000,367990,-0.09,,88178515,19,,
2009-10-27_4513,2009-10-27,4513,福裕,tpex,11.90,12.10,11.90,11.90,24000,286500,-0.20,,64880300,9,,
2009-10-27_4523,2009-10-27,4523,永彰,tpex,18.45,18.80,18.45,18.50,29000,539650,-0.30,,54000000,18,,
2009-10-27_4526,2009-10-27,4526,東台,twse,24.05,24.10,23.60,24.00,219952,5226352,-0.05,,,111,,
2009-10-27_4527,2009-10-27,4527,方土霖,tpex,14.00,14.10,14.00,14.00,9000,126100,0.00,,52409167,5,,
2009-10-27_4528,2009-10-27,4528,江興鍛,tpex,11.80,11.80,11.25,11.40,393000,4501800,-0.55,,63517454,146,,
2009-10-27_4529,2009-10-27,4529,力武,tpex,13.35,13.80,13.25,13.30,996000,13392800,-0.05,,51918368,252,,
2009-10-27_4530,2009-10-27,4530,宏易,tpex,10.50,10.60,10.10,10.20,448000,4598250,-0.30,,65034100,126,,
2009-10-27_4532,2009-10-27,4532,瑞智,twse,12.20,12.40,11.70,11.95,26887208,323944450,-0.05,,,5001,,
2009-10-27_4533,2009-10-27,4533,協易機,tpex,11.05,11.80,11.00,11.75,3012000,35276450,0.70,,132838415,681,,
2009-10-27_4535,2009-10-27,4535,至興,tpex,40.10,40.10,39.65,40.10,188000,7491950,0.00,,72058800,65,,
2009-10-27_4609,2009-10-27,4609,唐鋒,tpex,17.70,17.80,17.45,17.50,94000,1651600,-0.30,,47946820,39,,
2009-10-27_4702,2009-10-27,4702,中美聯,tpex,4.53,4.53,4.40,4.40,209000,926120,-0.12,,61025631,60,,
2009-10-27_4703,2009-10-27,4703,美克能,tpex,7.96,8.04,7.95,7.95,103000,822090,-0.01,,68407520,22,,
2009-10-27_4706,2009-10-27,4706,大恭,tpex,12.20,12.20,11.70,11.80,608000,7309900,0.05,,79030093,143,,
2009-10-27_4707,2009-10-27,4707,磐亞,tpex,12.70,12.75,12.65,12.65,141000,1791450,-0.25,,227512492,33,,
2009-10-27_4711,2009-10-27,4711,永純,tpex,19.30,19.50,19.00,19.30,295000,5709850,0.00,,61056000,107,,
2009-10-27_4712,2009-10-27,4712,南璋,tpex,7.41,7.41,7.26,7.39,68000,500530,-0.09,,64086600,14,,
2009-10-27_4714,2009-10-27,4714,永捷,tpex,10.65,10.80,10.60,10.60,120000,1280000,-0.10,,42444679,46,,
2009-10-27_4716,2009-10-27,4716,大立,tpex,21.80,22.40,21.80,21.90,244000,5374800,-0.10,,53691017,129,,
2009-10-27_4720,2009-10-27,4720,德淵,tpex,18.30,18.70,17.65,18.30,1484000,26744050,0.00,,68001360,485,,
2009-10-27_4721,2009-10-27,4721,美琪瑪,tpex,30.10,30.55,29.50,29.90,613000,18345700,-0.70,,69529621,382,,
2009-10-27_4722,2009-10-27,4722,國精化,tpex,11.90,12.65,11.90,12.20,701000,8578900,0.30,,60746881,152,,
2009-10-27_4725,2009-10-27,4725,信昌化,twse,31.70,31.70,31.10,31.25,113300,3553980,-0.45,,,74,,
2009-10-27_4729,2009-10-27,4729,熒茂,tpex,26.30,27.30,26.30,26.75,380000,10198050,-0.35,,63500000,201,,
2009-10-27_4733,2009-10-27,4733,上緯,tpex,75.00,76.10,74.80,75.00,192000,14438300,-0.80,,60215000,87,,
2009-10-27_4801,2009-10-27,4801,碼斯特,tpex,,,,,0,0,,flat,29004449,0,,
2009-10-27_4903,2009-10-27,4903,聯光通,tpex,10.05,10.75,10.05,10.20,1426000,14886200,0.00,,72996950,391,,
2009-10-27_4904,2009-10-27,4904,遠傳,twse,37.00,37.25,36.95,37.05,3540876,131153843,0.05,,,1146,,
2009-10-27_4905,2009-10-27,4905,台聯電,tpex,16.10,16.10,15.90,15.90,3000,48050,-0.30,,56350000,3,,
2009-10-27_4906,2009-10-27,4906,正文,twse,53.50,54.00,53.30,53.40,1591982,85393322,-0.1,,,832,,
2009-10-27_4907,2009-10-27,4907,正華,tpex,6.61,6.85,6.56,6.56,84000,554120,-0.49,,28957778,30,,
2009-10-27_4908,2009-10-27,4908,前鼎,tpex,42.90,43.10,40.30,41.00,1373000,56849400,-1.90,,66764000,789,,
2009-10-27_4909,2009-10-27,4909,新復興,tpex,41.15,41.40,40.25,40.90,397000,16161450,-0.25,,80891121,197,,
2009-10-27_5007,2009-10-27,5007,三星,tpex,21.60,21.65,21.40,21.50,167000,3599100,-0.30,,219956859,47,,
2009-10-27_5009,2009-10-27,5009,榮剛,tpex,16.35,16.50,16.20,16.25,1044000,16993950,-0.10,,331170106,353,,
2009-10-27_5011,2009-10-27,5011,久陽,tpex,3.57,3.57,3.57,3.57,2000,7140,-0.26,down,32437350,1,,
2009-10-27_5013,2009-10-27,5013,強新,tpex,12.50,12.50,11.80,12.00,1103000,13338300,-0.30,,87162000,304,,
2009-10-27_5014,2009-10-27,5014,建錩,tpex,11.65,11.65,11.50,11.55,114000,1317900,-0.15,,124117214,44,,
2009-10-27_5015,2009-10-27,5015,華祺,tpex,15.60,15.65,15.45,15.65,71000,1104350,0.00,,60639189,39,,
2009-10-27_5016,2009-10-27,5016,松和,tpex,18.30,18.65,18.30,18.65,42000,771050,0.20,,45110978,5,,
2009-10-27_5102,2009-10-27,5102,富強,tpex,11.15,11.30,11.05,11.30,45000,502700,0.10,,58127044,14,,
2009-10-27_5201,2009-10-27,5201,凱衛,tpex,18.40,18.50,17.60,17.95,31000,556900,-0.50,,25674600,23,,
2009-10-27_5202,2009-10-27,5202,力新,tpex,6.35,6.39,6.25,6.34,109000,686930,-0.02,,60694000,37,,
2009-10-27_5203,2009-10-27,5203,訊連,twse,128.00,129.50,126.00,129.50,441706,56558074,0.5,,,430,,
2009-10-27_5204,2009-10-27,5204,得捷,tpex,,,,,0,0,,flat,35068052,0,,
2009-10-27_5205,2009-10-27,5205,漢康,tpex,59.10,60.00,57.50,60.00,267000,15627700,0.90,,20188000,159,,
2009-10-27_5206,2009-10-27,5206,經緯,tpex,,,,,0,0,,flat,45678294,0,,
2009-10-27_5209,2009-10-27,5209,新鼎,tpex,28.10,28.65,28.10,28.15,48000,1357700,-0.55,,21305000,34,,
2009-10-27_5210,2009-10-27,5210,寶碩,tpex,10.00,10.35,10.00,10.10,586000,5907900,0.00,,66407262,126,,
2009-10-27_5211,2009-10-27,5211,蒙恬,tpex,32.80,32.85,31.90,32.00,146000,4695800,-0.90,,32024727,49,,
2009-10-27_5212,2009-10-27,5212,凌網,tpex,21.30,21.80,21.00,21.30,175000,3729800,-0.60,,33820000,108,,
2009-10-27_5213,2009-10-27,5213,亞昕,tpex,35.50,37.20,35.50,36.20,1198000,43323800,-1.00,,102843313,634,,
2009-10-27_5301,2009-10-27,5301,祥裕,tpex,6.57,6.89,6.51,6.85,78000,512170,-0.05,,45232412,18,,
2009-10-27_5302,2009-10-27,5302,太欣,tpex,17.30,17.50,17.10,17.30,95000,1638150,-0.10,,162594000,53,,
2009-10-27_5304,2009-10-27,5304,鼎創達,tpex,2.51,2.60,2.51,2.52,70000,177010,-0.12,,185962436,11,,
2009-10-27_5305,2009-10-27,5305,敦南,twse,23.50,23.90,23.35,23.50,2609480,61541780,0.0,,,938,,
2009-10-27_5306,2009-10-27,5306,訊康,tpex,4.95,4.95,4.82,4.84,49000,238250,-0.11,,67831717,23,,
2009-10-27_5309,2009-10-27,5309,系統,tpex,12.00,12.05,11.85,11.90,901000,10781000,-0.10,,130537229,181,,
2009-10-27_5310,2009-10-27,5310,天剛,tpex,70.10,72.00,69.60,70.00,235000,16515200,-1.10,,11040593,171,,
2009-10-27_5312,2009-10-27,5312,寶島科,tpex,65.40,66.70,64.80,65.60,436000,28542000,-0.90,,60059898,263,,
2009-10-27_5314,2009-10-27,5314,世紀,tpex,12.70,13.15,12.70,12.90,924000,11952350,0.05,,111575298,324,,
2009-10-27_5315,2009-10-27,5315,光聯,tpex,5.58,5.65,5.56,5.60,396000,2215190,-0.04,,236303321,114,,
2009-10-27_5317,2009-10-27,5317,凱美,tpex,7.55,7.56,7.40,7.42,420000,3140310,-0.14,,136389469,99,,
2009-10-27_5318,2009-10-27,5318,佳鼎,tpex,0.85,0.85,0.85,0.85,129000,109650,0.05,up,404946911,13,,
2009-10-27_5324,2009-10-27,5324,德豐,tpex,,,,,0,0,,flat,47520034,0,,
2009-10-27_5326,2009-10-27,5326,漢磊,tpex,9.20,9.24,9.15,9.18,768000,7047950,0.05,,326638308,216,,
2009-10-27_5328,2009-10-27,5328,華容,tpex,8.20,8.40,8.15,8.34,1215000,10060320,0.14,,167143371,201,,
2009-10-27_5340,2009-10-27,5340,建榮,tpex,7.70,7.80,7.70,7.70,413000,3187600,-0.10,,165893964,121,,
2009-10-27_5344,2009-10-27,5344,立衛,tpex,17.50,17.80,17.50,17.50,57000,1001450,0.00,,79447460,31,,
2009-10-27_5345,2009-10-27,5345,天揚,tpex,6.72,6.80,6.70,6.70,155000,1044270,0.06,,50000000,83,,
2009-10-27_5346,2009-10-27,5346,力晶,tpex,3.84,3.87,3.76,3.86,32303000,123599190,-0.03,,8778116936,1984,,
2009-10-27_5347,2009-10-27,5347,世界,tpex,13.75,13.85,13.65,13.80,1847000,25454000,0.05,,1677629210,558,,
2009-10-27_5348,2009-10-27,5348,系通,tpex,16.20,16.20,15.70,15.75,85000,1344050,-0.35,,21750310,45,,
2009-10-27_5349,2009-10-27,5349,先豐,tpex,13.80,14.10,13.75,13.80,1568000,21860500,0.00,,201265081,466,,
2009-10-27_5351,2009-10-27,5351,鈺創,tpex,16.15,16.70,16.15,16.55,4978000,82112550,0.30,,417996738,1249,,
2009-10-27_5353,2009-10-27,5353,台林,tpex,11.60,12.30,11.60,11.70,1790000,21338700,0.20,,100941085,576,,
2009-10-27_5355,2009-10-27,5355,佳總,tpex,16.25,16.25,16.10,16.25,257000,4157500,0.00,,137903587,82,,
2009-10-27_5356,2009-10-27,5356,協益,tpex,11.25,11.25,11.05,11.10,762000,8498250,-0.15,,140000000,172,,
2009-10-27_5364,2009-10-27,5364,浩騰,tpex,15.10,15.50,15.05,15.10,2068000,31442550,-0.20,,189053841,466,,
2009-10-27_5371,2009-10-27,5371,中光電,tpex,38.00,38.50,37.75,37.75,3189000,121094900,-0.35,,724038518,1270,,
2009-10-27_5381,2009-10-27,5381,合正,tpex,7.04,7.10,7.00,7.01,3832000,26988810,-0.02,,249661788,751,,
2009-10-27_5383,2009-10-27,5383,金利,tpex,15.15,15.50,15.05,15.40,281000,4276550,0.10,,69334208,91,,
2009-10-27_5384,2009-10-27,5384,捷元,tpex,10.60,10.95,10.55,10.55,984000,10572050,-0.30,,92339500,315,,
2009-10-27_5386,2009-10-27,5386,青雲,tpex,8.20,8.20,8.20,8.20,1000,8200,-0.10,down,34939831,1,,
2009-10-27_5387,2009-10-27,5387,茂德,tpex,2.36,2.36,2.24,2.31,10245000,23539630,-0.06,,7267016424,423,,
2009-10-27_5388,2009-10-27,5388,中磊,twse,19.15,19.50,18.85,19.15,1306947,24997137,-0.25,,,556,,
2009-10-27_5392,2009-10-27,5392,應華,tpex,156.50,158.50,150.50,158.50,1434000,221528500,0.00,,72500122,1016,,
2009-10-27_5395,2009-10-27,5395,普揚,tpex,,,,,0,0,,flat,103023500,0,,
2009-10-27_5398,2009-10-27,5398,力瑋,tpex,9.18,9.33,9.11,9.30,169000,1554050,0.12,,41750541,47,,
2009-10-27_5403,2009-10-27,5403,中菲,tpex,15.60,15.80,15.40,15.70,1115000,17450850,-0.05,,55105306,265,,
2009-10-27_5410,2009-10-27,5410,國眾,tpex,10.60,11.00,10.15,10.30,577000,6036400,-0.55,,82180250,216,,
2009-10-27_5425,2009-10-27,5425,台半,tpex,29.25,29.70,28.90,29.00,2745000,79966650,-0.25,,243966896,1057,,
2009-10-27_5426,2009-10-27,5426,振發,tpex,17.20,17.20,17.00,17.00,623000,10630900,-0.25,,143800000,217,,
2009-10-27_5434,2009-10-27,5434,崇越,twse,35.20,35.50,34.40,34.80,1186036,41398146,-0.55,,,630,,
2009-10-27_5438,2009-10-27,5438,東友,tpex,28.30,28.45,27.60,28.20,257000,7176950,-0.30,,112536565,149,,
2009-10-27_5439,2009-10-27,5439,高技,tpex,14.95,14.95,14.60,14.65,279000,4115050,-0.50,,75704614,132,,
2009-10-27_5443,2009-10-27,5443,均豪,tpex,16.65,16.85,15.90,16.30,4474000,73029450,-0.35,,227260180,1386,,
2009-10-27_5450,2009-10-27,5450,寶聯,tpex,18.00,18.00,17.65,17.65,143000,2536800,-0.40,,50392250,52,,
2009-10-27_5452,2009-10-27,5452,佶優,tpex,10.65,10.65,10.35,10.45,413000,4333700,-0.20,,126852800,162,,
2009-10-27_5455,2009-10-27,5455,訊利電,tpex,19.50,20.00,18.50,19.20,2031000,39054650,0.15,,36500000,790,,
2009-10-27_5457,2009-10-27,5457,宣德,tpex,12.50,12.65,12.20,12.30,1124000,13822150,-0.20,,209987592,412,,
2009-10-27_5460,2009-10-27,5460,同協,tpex,12.05,12.65,12.05,12.55,844000,10519100,0.25,,72032030,254,,
2009-10-27_5464,2009-10-27,5464,霖宏,tpex,32.95,32.95,32.00,32.30,592000,19265200,-0.95,,60000000,303,,
2009-10-27_5465,2009-10-27,5465,富驊,tpex,6.78,7.00,6.60,6.89,160000,1087140,0.12,,237720000,51,,
2009-10-27_5466,2009-10-27,5466,泰林,tpex,10.50,10.60,10.50,10.60,482000,5078250,-0.05,,249233450,167,,
2009-10-27_5467,2009-10-27,5467,聯福生,tpex,5.10,5.40,5.10,5.40,61000,313410,0.00,,111177619,6,,
2009-10-27_5468,2009-10-27,5468,凱鈺,tpex,9.85,10.25,9.85,10.25,98000,992790,0.15,,78102509,39,,
2009-10-27_5469,2009-10-27,5469,瀚宇博,twse,31.20,31.50,30.65,30.65,2396641,74365862,-1.0,,,636,,
2009-10-27_5471,2009-10-27,5471,松翰,twse,64.00,66.80,63.70,66.70,7500620,493969640,2.9,,,4080,,
2009-10-27_5474,2009-10-27,5474,聰泰,tpex,22.00,22.20,21.65,21.90,114000,2501150,-0.30,,33729787,63,,
2009-10-27_5475,2009-10-27,5475,德宏,tpex,10.55,10.80,10.40,10.55,1869000,19722350,-0.10,,188457625,445,,
2009-10-27_5478,2009-10-27,5478,智冠,tpex,163.00,167.00,162.00,163.00,2621000,430204000,2.00,,126302050,1578,,
2009-10-27_5480,2009-10-27,5480,統盟,tpex,23.50,23.50,22.10,22.40,888000,20070750,-1.10,,135206100,292,,
2009-10-27_5481,2009-10-27,5481,華韡,tpex,15.00,15.30,14.60,15.00,657000,9735700,-0.45,,102281891,231,,
2009-10-27_5483,2009-10-27,5483,中美晶,tpex,77.20,77.20,75.30,76.10,2605000,197901200,-1.10,,299412276,1634,,
2009-10-27_5484,2009-10-27,5484,慧友,twse,23.70,23.90,23.40,23.70,230297,5439033,0.15,,,116,,
2009-10-27_5487,2009-10-27,5487,通泰,tpex,19.65,19.65,19.05,19.05,291000,5588800,-0.60,,45219031,114,,
2009-10-27_5488,2009-10-27,5488,松普,tpex,14.30,14.45,14.20,14.40,202000,2893300,0.05,,91586124,64,,
2009-10-27_5489,2009-10-27,5489,彩富,tpex,33.80,33.80,33.50,33.60,36000,1209500,0.00,,100315324,20,,
2009-10-27_5490,2009-10-27,5490,同亨,tpex,19.00,19.20,18.90,19.00,215000,4080950,-0.20,,94892000,91,,
2009-10-27_5491,2009-10-27,5491,連展,tpex,20.35,20.50,20.00,20.20,1393000,28104350,-0.20,,167192910,567,,
2009-10-27_5492,2009-10-27,5492,亞智科,tpex,12.10,12.15,12.10,12.10,215000,2601850,0.00,,92868567,19,,
2009-10-27_5493,2009-10-27,5493,三聯,tpex,18.70,19.30,18.70,18.90,163000,3101800,0.00,,38304513,98,,
2009-10-27_5498,2009-10-27,5498,凱崴,tpex,7.00,7.28,7.00,7.24,1878000,13452470,0.20,,159076848,459,,
2009-10-27_5505,2009-10-27,5505,和旺,tpex,17.40,17.40,16.70,17.30,117000,1994400,-0.10,,47000000,36,,
2009-10-27_5506,2009-10-27,5506,長鴻,tpex,5.00,5.34,4.96,5.11,21000,106170,0.04,,66151800,8,,
2009-10-27_5508,2009-10-27,5508,永信建,tpex,39.50,39.50,39.05,39.30,106000,4159850,-0.10,,183460111,59,,
2009-10-27_5511,2009-10-27,5511,德昌,tpex,15.00,15.00,14.80,14.90,76000,1130100,-0.10,,82308450,44,,
2009-10-27_5512,2009-10-27,5512,力麒,tpex,17.15,17.60,17.10,17.20,6634000,114771250,-0.10,,427867149,1664,,
2009-10-27_5514,2009-10-27,5514,三豐,tpex,15.65,15.65,15.35,15.55,23000,354700,-0.15,,98662788,12,,
2009-10-27_5515,2009-10-27,5515,建國,twse,18.90,18.95,18.70,18.90,1302737,24517743,-0.1,,,478,,
2009-10-27_5516,2009-10-27,5516,雙喜,tpex,12.20,12.55,12.00,12.40,42000,509500,0.20,,38295000,19,,
2009-10-27_5519,2009-10-27,5519,隆大,tpex,23.25,23.80,22.90,23.80,98000,2255050,0.55,,65880000,31,,
2009-10-27_5520,2009-10-27,5520,力泰,tpex,25.40,26.20,25.20,26.20,21000,543500,0.75,,70959112,13,,
2009-10-27_5521,2009-10-27,5521,工信,tpex,11.90,12.05,11.80,12.00,1629000,19468150,0.05,,347527413,425,,
2009-10-27_5522,2009-10-27,5522,遠雄,twse,74.00,74.30,72.20,74.00,3374014,247271712,-0.7,,,1835,,
2009-10-27_5523,2009-10-27,5523,宏都,tpex,12.25,12.50,11.95,12.15,921000,11171500,-0.15,,109323217,252,,
2009-10-27_5525,2009-10-27,5525,順天,twse,19.95,20.40,19.80,19.90,645285,12895563,-0.55,,,277,,
2009-10-27_5529,2009-10-27,5529,志嘉,tpex,11.25,11.25,11.00,11.00,339000,3768300,-0.10,,46161621,102,,
2009-10-27_5530,2009-10-27,5530,大漢,tpex,17.30,17.70,17.30,17.55,320000,5589250,0.40,,307235000,144,,
2009-10-27_5531,2009-10-27,5531,鄉林,twse,37.80,38.20,37.50,37.65,1337875,50520833,-0.25,,,568,,
2009-10-27_5533,2009-10-27,5533,皇鼎,twse,28.40,28.40,27.70,27.70,3553260,99458804,-0.4,,,1086,,
2009-10-27_5534,2009-10-27,5534,長虹,twse,67.50,68.20,66.80,66.90,1038088,69804396,-1.4,,,612,,
2009-10-27_5601,2009-10-27,5601,台聯櫃,tpex,16.40,16.40,16.00,16.20,41000,668550,-0.20,,72000000,18,,
2009-10-27_5603,2009-10-27,5603,陸海,tpex,9.02,9.10,8.85,8.85,304000,2730280,-0.29,,62931495,98,,
2009-10-27_5604,2009-10-27,5604,中連貨,tpex,20.90,20.95,20.75,20.90,40000,832700,0.05,,108782968,20,,
2009-10-27_5607,2009-10-27,5607,遠雄港,twse,37.55,37.90,37.30,37.45,871000,32696750,-0.1,,,457,,
2009-10-27_5608,2009-10-27,5608,四維航,twse,47.50,47.60,47.00,47.20,797649,37613936,-0.3,,,454,,
2009-10-27_5609,2009-10-27,5609,中菲行,tpex,26.00,26.25,25.95,26.10,731000,19053650,0.00,,123000000,316,,
2009-10-27_5701,2009-10-27,5701,劍湖山,tpex,12.00,12.35,12.00,12.05,5578000,67889800,0.05,,415699242,1386,,
2009-10-27_5703,2009-10-27,5703,亞都,tpex,25.40,25.40,24.25,25.00,26000,643050,0.00,,70239594,22,,
2009-10-27_5704,2009-10-27,5704,老爺知,tpex,19.20,19.20,19.00,19.00,12000,228400,-0.20,,59787165,4,,
2009-10-27_5706,2009-10-27,5706,鳳凰,tpex,57.00,58.50,57.00,57.30,594000,34302900,0.30,,39817193,431,,
2009-10-27_5820,2009-10-27,5820,日盛金,tpex,5.30,5.37,5.30,5.34,7370000,39286860,-0.01,,4521149425,952,,
2009-10-27_5854,2009-10-27,5854,合庫,twse,20.60,20.60,20.30,20.45,7443850,151935906,-0.2,,,1723,,
2009-10-27_5903,2009-10-27,5903,全家,tpex,55.00,55.80,55.00,55.00,6000,330900,0.30,,223220000,6,,
2009-10-27_5904,2009-10-27,5904,寶雅,tpex,28.50,28.55,28.20,28.55,83000,2352300,-0.05,,73058767,41,,
2009-10-27_5905,2009-10-27,5905,南仁湖,tpex,14.95,14.95,14.45,14.60,2736000,40078400,-0.35,,174789817,803,,
2009-10-27_6005,2009-10-27,6005,群益證,twse,16.70,16.75,16.50,16.70,4795112,79822206,-0.05,,,981,,
2009-10-27_6008,2009-10-27,6008,凱基證,tpex,16.70,16.85,16.50,16.80,5516000,91916900,0.00,,3207236216,1292,,
2009-10-27_6012,2009-10-27,6012,金鼎證,twse,8.69,8.70,8.62,8.69,763481,6613053,-0.04,,,181,,
2009-10-27_6015,2009-10-27,6015,宏遠證,tpex,9.10,9.27,9.10,9.16,952000,8731640,-0.11,,429900000,241,,
2009-10-27_6016,2009-10-27,6016,康和證,tpex,11.20,11.20,11.00,11.15,2134000,23682350,-0.05,,655425090,454,,
2009-10-27_6020,2009-10-27,6020,大展證,tpex,17.20,17.20,16.70,16.70,182000,3085950,-0.70,,232583552,61,,
2009-10-27_6021,2009-10-27,6021,大慶證,tpex,15.60,15.60,15.35,15.55,616000,9521000,-0.10,,265589587,156,,
2009-10-27_6022,2009-10-27,6022,大眾證,tpex,16.40,16.50,16.30,16.45,1042000,17068700,-0.15,,312201264,266,,
2009-10-27_6023,2009-10-27,6023,寶來期,tpex,39.50,39.50,39.10,39.50,103000,4049100,0.10,,131276288,68,,
2009-10-27_6024,2009-10-27,6024,群益期,tpex,34.25,34.60,34.10,34.25,81000,2772500,0.00,,75226800,47,,
2009-10-27_6101,2009-10-27,6101,弘捷,tpex,1.70,1.76,1.70,1.70,21000,36070,-0.11,,104365000,6,,
2009-10-27_6104,2009-10-27,6104,創惟,tpex,39.30,40.00,38.95,39.40,723000,28534600,0.10,,84622184,399,,
2009-10-27_6105,2009-10-27,6105,瑞傳,tpex,32.10,32.20,31.20,31.50,1742000,54895950,-0.75,,109965609,733,,
2009-10-27_6107,2009-10-27,6107,華美,tpex,11.15,11.15,11.15,11.15,459000,5117850,0.70,up,35029900,100,,
2009-10-27_6108,2009-10-27,6108,競國,twse,38.40,39.30,38.40,38.65,2819594,109501116,-0.25,,,1109,,
2009-10-27_6109,2009-10-27,6109,亞元,tpex,13.50,13.65,13.20,13.50,66000,889550,-0.20,,42573518,26,,
2009-10-27_6111,2009-10-27,6111,大宇資,tpex,32.80,32.95,32.00,32.00,25000,806250,-1.00,,25541768,17,,
2009-10-27_6112,2009-10-27,6112,邁達特,twse,17.40,17.50,17.10,17.25,289005,5007133,-0.2,,,100,,
2009-10-27_6113,2009-10-27,6113,亞矽,tpex,10.80,11.30,10.75,11.30,331000,3638000,0.50,,55607100,104,,
2009-10-27_6114,2009-10-27,6114,翔昇,tpex,5.30,5.51,5.30,5.30,41000,219310,0.00,,35457448,11,,
2009-10-27_6115,2009-10-27,6115,鎰勝,twse,59.80,60.50,59.50,60.10,699349,41995160,0.3,,,446,,
2009-10-27_6116,2009-10-27,6116,彩晶,twse,6.30,6.34,6.22,6.22,19391911,121521955,-0.11,,,2796,,
2009-10-27_6117,2009-10-27,6117,迎廣,twse,16.10,16.10,15.95,15.95,45360,725387,-0.25,,,24,,
2009-10-27_6118,2009-10-27,6118,建達,tpex,16.30,16.30,16.00,16.10,301000,4848100,0.05,,88219003,155,,
2009-10-27_6119,2009-10-27,6119,大傳,twse,11.15,11.15,10.80,10.95,597065,6553100,-0.1,,,174,,
2009-10-27_6120,2009-10-27,6120,達運,twse,32.30,32.50,31.70,32.20,3751388,120399631,-0.45,,,1387,,
2009-10-27_6121,2009-10-27,6121,新普,tpex,172.00,173.50,168.00,172.50,2799000,478810000,-0.50,,231618481,1784,,
2009-10-27_6122,2009-10-27,6122,擎邦,tpex,18.60,18.80,18.60,18.65,248000,4624500,-0.15,,62950257,97,,
2009-10-27_6123,2009-10-27,6123,上奇,tpex,21.80,22.10,21.55,21.55,100000,2173300,-0.45,,42547312,59,,
2009-10-27_6124,2009-10-27,6124,業強,tpex,29.30,29.45,29.00,29.25,192000,5612800,-0.05,,192479945,87,,
2009-10-27_6125,2009-10-27,6125,廣運,tpex,29.60,29.60,28.85,29.00,1692000,49321950,-0.65,,172653673,645,,
2009-10-27_6126,2009-10-27,6126,信音,tpex,38.70,38.95,37.80,37.85,1170000,44770350,-0.45,,79884419,480,,
2009-10-27_6127,2009-10-27,6127,九豪,tpex,14.30,14.90,13.75,14.80,1509000,21676800,0.60,,81147551,450,,
2009-10-27_6128,2009-10-27,6128,上福,twse,49.75,50.10,49.10,49.30,431948,21367980,-0.7,,,217,,
2009-10-27_6129,2009-10-27,6129,普誠,tpex,18.20,18.60,18.15,18.35,3691000,67900850,0.05,,178962175,1095,,
2009-10-27_6131,2009-10-27,6131,鈞泰,twse,17.60,17.80,17.60,17.70,274700,4865788,-0.05,,,100,,
2009-10-27_6133,2009-10-27,6133,金橋,twse,13.00,13.00,12.85,13.00,69241,894058,0.0,,,36,,
2009-10-27_6134,2009-10-27,6134,萬旭,tpex,67.20,67.60,66.80,67.30,233000,15630900,0.20,,68985000,143,,
2009-10-27_6135,2009-10-27,6135,佳營,tpex,7.95,7.95,7.77,7.94,306000,2389980,0.05,,76188875,50,,
2009-10-27_6136,2009-10-27,6136,富爾特,twse,26.00,26.25,25.55,25.80,1083978,28024086,-0.45,,,365,,
2009-10-27_6138,2009-10-27,6138,茂達,tpex,33.00,34.60,32.80,34.25,1231000,41433150,0.85,,126406052,683,,
2009-10-27_6139,2009-10-27,6139,亞翔,twse,29.00,29.00,28.80,28.95,57480,1659096,-0.05,,,50,,
2009-10-27_6140,2009-10-27,6140,訊達,tpex,10.60,10.75,10.50,10.70,93000,990550,-0.05,,35644653,38,,
2009-10-27_6141,2009-10-27,6141,柏承,twse,22.10,22.55,21.45,22.35,1169654,25930813,0.25,,,494,,
2009-10-27_6142,2009-10-27,6142,友勁,twse,18.10,18.90,17.85,18.70,10028145,185292115,0.6,,,2569,,
2009-10-27_6143,2009-10-27,6143,振曜,tpex,84.90,84.90,83.20,84.00,586000,49167200,-0.60,,68328350,425,,
2009-10-27_6144,2009-10-27,6144,得利影,tpex,8.15,8.28,8.15,8.28,18000,146830,-0.02,,62431473,10,,
2009-10-27_6145,2009-10-27,6145,勁永,twse,25.00,25.20,24.25,24.75,6017346,148413158,-0.45,,,1942,,
2009-10-27_6146,2009-10-27,6146,耕興,tpex,63.60,63.60,62.60,62.80,238000,14971900,-0.20,,77893013,164,,
2009-10-27_6147,2009-10-27,6147,頎邦,tpex,26.20,26.60,26.20,26.30,1464000,38583800,0.00,,318759364,628,,
2009-10-27_6148,2009-10-27,6148,驊宏資,tpex,5.51,5.69,5.51,5.59,202000,1133110,-0.01,,76325123,62,,
2009-10-27_6150,2009-10-27,6150,撼訊,tpex,25.20,25.20,24.60,24.95,761000,18899250,0.00,,64277712,320,,
2009-10-27_6151,2009-10-27,6151,晉倫,tpex,24.00,24.00,23.80,24.00,649000,15540050,0.00,,44567000,221,,
2009-10-27_6152,2009-10-27,6152,百一,tpex,35.65,36.00,35.60,35.70,359000,12825300,-0.10,,138818834,174,,
2009-10-27_6153,2009-10-27,6153,嘉聯益,twse,21.60,22.00,21.20,21.45,2520360,54215014,-0.55,,,856,,
2009-10-27_6154,2009-10-27,6154,順發,tpex,25.00,25.00,24.40,24.75,52000,1280450,-0.35,,80080000,34,,
2009-10-27_6155,2009-10-27,6155,鈞寶,twse,33.00,33.50,32.80,33.05,130692,4327636,-0.05,,,86,,
2009-10-27_6156,2009-10-27,6156,科橋,tpex,4.18,4.60,4.18,4.50,429000,1890770,0.01,,219286710,85,,
2009-10-27_6158,2009-10-27,6158,禾昌,tpex,58.60,58.90,57.30,57.60,2052000,119354500,-1.00,,114618975,882,,
2009-10-27_6160,2009-10-27,6160,欣技,tpex,40.55,41.35,40.55,40.90,156000,6392300,0.35,,70981120,90,,
2009-10-27_6161,2009-10-27,6161,捷波,tpex,16.50,16.70,16.00,16.10,1896000,30740000,-0.65,,101104239,607,,
2009-10-27_6163,2009-10-27,6163,華電網,tpex,22.80,23.25,22.80,22.90,934000,21500050,0.10,,92202929,362,,
2009-10-27_6164,2009-10-27,6164,華興,twse,23.05,23.85,23.05,23.85,572185,13403692,0.55,,,296,,
2009-10-27_6165,2009-10-27,6165,浪凡,twse,12.35,12.35,11.55,12.35,6342065,77135445,0.8,,,1491,,
2009-10-27_6166,2009-10-27,6166,凌華,twse,23.60,23.70,22.50,23.55,212562,4893649,-0.15,,,100,,
2009-10-27_6167,2009-10-27,6167,久正,tpex,4.71,4.75,4.55,4.70,831000,3849100,-0.01,,162173221,152,,
2009-10-27_6168,2009-10-27,6168,宏齊,twse,30.10,30.80,30.00,30.20,2512550,76378134,0.3,,,1188,,
2009-10-27_6169,2009-10-27,6169,昱泉,tpex,128.00,129.50,126.50,127.50,456000,58187000,1.00,,27941000,376,,
2009-10-27_6170,2009-10-27,6170,統振,tpex,36.50,36.80,36.05,36.05,1371000,49768300,-0.95,,89787037,752,,
2009-10-27_6171,2009-10-27,6171,亞銳士,tpex,11.75,11.80,11.70,11.75,97000,1140200,0.00,,27351921,34,,
2009-10-27_6172,2009-10-27,6172,互億,twse,5.12,5.13,4.92,5.06,74243,375195,-0.06,,,32,,
2009-10-27_6173,2009-10-27,6173,信昌電,tpex,18.80,18.80,18.20,18.20,583000,10700350,-0.20,,163412723,223,,
2009-10-27_6174,2009-10-27,6174,安碁,tpex,7.90,7.90,7.63,7.65,51000,396860,-0.25,,71687458,15,,
2009-10-27_6175,2009-10-27,6175,立敦,tpex,6.86,6.90,6.72,6.77,169000,1153830,-0.09,,93678907,69,,
2009-10-27_6176,2009-10-27,6176,瑞儀,twse,37.20,37.50,37.15,37.25,3258188,121445692,-0.35,,,1388,,
2009-10-27_6177,2009-10-27,6177,達麗,tpex,20.50,20.85,20.50,20.50,116000,2387050,0.00,,55691665,44,,
2009-10-27_6179,2009-10-27,6179,世仰,tpex,11.75,12.05,11.30,12.05,750000,8675050,0.30,,72912000,299,,
2009-10-27_6180,2009-10-27,6180,橘子,tpex,50.80,52.20,49.00,49.80,20123000,1030346000,0.95,,160256125,6851,,
2009-10-27_6182,2009-10-27,6182,合晶,tpex,53.60,54.40,52.50,54.40,3749000,200387600,0.60,,256542450,2178,,
2009-10-27_6183,2009-10-27,6183,關貿,tpex,20.45,21.50,20.40,20.95,852000,17777300,0.50,,150000000,313,,
2009-10-27_6184,2009-10-27,6184,大豐電,twse,44.90,45.25,44.70,45.00,24049,1080095,0.1,,,15,,
2009-10-27_6185,2009-10-27,6185,幃翔,tpex,21.80,22.00,21.20,21.50,435000,9366750,-0.30,,90284400,161,,
2009-10-27_6186,2009-10-27,6186,晶磊,tpex,5.13,5.13,4.85,5.05,407000,2067920,0.25,,72068831,56,,
2009-10-27_6187,2009-10-27,6187,萬潤,tpex,37.05,38.40,37.00,37.75,2298000,86840650,0.70,,60336902,846,,
2009-10-27_6188,2009-10-27,6188,廣明,tpex,66.00,66.30,63.80,64.90,4683000,303024400,-1.50,,285120910,2109,,
2009-10-27_6189,2009-10-27,6189,豐藝,twse,22.00,22.25,21.85,22.25,554166,12189364,0.1,,,206,,
2009-10-27_6190,2009-10-27,6190,萬泰,tpex,15.70,16.00,15.45,15.85,1225000,19287650,0.00,,112694262,350,,
2009-10-27_6191,2009-10-27,6191,精成科,twse,19.35,19.60,19.30,19.40,1514830,29429997,0.05,,,487,,
2009-10-27_6192,2009-10-27,6192,巨路,twse,60.50,62.50,60.20,61.20,718735,44007607,1.1,,,455,,
2009-10-27_6194,2009-10-27,6194,育富,tpex,39.90,39.90,39.15,39.30,1336000,52697800,-0.85,,112800000,585,,
2009-10-27_6195,2009-10-27,6195,旭展,tpex,17.85,18.05,17.85,17.85,50000,895200,0.00,,22968202,29,,
2009-10-27_6196,2009-10-27,6196,帆宣,twse,15.65,15.65,15.10,15.20,1205650,18488062,-0.45,,,397,,
2009-10-27_6197,2009-10-27,6197,佳必琪,twse,74.00,74.80,71.00,71.50,6905573,502630723,-2.9,,,3707,,
2009-10-27_6198,2009-10-27,6198,凌泰,tpex,9.50,9.94,9.50,9.90,106000,1037400,0.10,,34679609,39,,
2009-10-27_6199,2009-10-27,6199,精威,tpex,13.90,14.10,13.70,13.75,43000,599050,-0.15,,63286503,22,,
2009-10-27_6201,2009-10-27,6201,亞弘電,twse,27.20,27.65,27.20,27.30,187300,5118989,-0.2,,,65,,
2009-10-27_6202,2009-10-27,6202,盛群,twse,39.65,39.80,38.40,39.05,2845113,111005022,-0.75,,,1311,,
2009-10-27_6203,2009-10-27,6203,海韻,tpex,64.00,64.50,64.00,64.00,78000,5012800,-0.20,,59608829,60,,
2009-10-27_6204,2009-10-27,6204,艾華,tpex,27.10,27.20,26.55,26.90,60000,1605100,-0.20,,36700000,37,,
2009-10-27_6205,2009-10-27,6205,詮欣,twse,29.60,29.60,29.20,29.50,63578,1868251,-0.35,,,31,,
2009-10-27_6206,2009-10-27,6206,飛捷,twse,78.50,80.50,78.10,80.40,633649,50358775,1.9,,,428,,
2009-10-27_6207,2009-10-27,6207,雷科,tpex,25.40,25.80,25.10,25.65,659000,16785250,0.25,,71591804,250,,
2009-10-27_6208,2009-10-27,6208,日揚,tpex,12.30,12.30,11.70,11.90,508000,6032000,-0.15,,96980287,154,,
2009-10-27_6209,2009-10-27,6209,今國光,twse,19.00,19.20,18.60,19.10,1034640,19623760,0.1,,,426,,
2009-10-27_6210,2009-10-27,6210,慶生,tpex,20.60,20.95,19.20,19.20,1167000,23095250,-1.40,,35048000,531,,
2009-10-27_6211,2009-10-27,6211,福登,tpex,14.70,14.70,14.50,14.50,104000,1513250,-0.20,,46734763,42,,
2009-10-27_6212,2009-10-27,6212,理銘,tpex,16.90,16.90,16.30,16.90,3552000,59734250,1.10,,102000000,969,,
2009-10-27_6213,2009-10-27,6213,聯茂,twse,29.80,30.40,29.25,29.25,15099478,450385615,0.35,,,4566,,
2009-10-27_6214,2009-10-27,6214,精誠,tpex,42.25,42.30,41.20,41.35,1835000,76490300,-0.85,,264652904,833,,
2009-10-27_6215,2009-10-27,6215,和椿,twse,24.50,24.60,23.50,24.50,78676,1902525,0.0,,,49,,
2009-10-27_6216,2009-10-27,6216,居易,twse,25.50,26.00,25.35,25.50,746097,19097557,-0.05,,,350,,
2009-10-27_6217,2009-10-27,6217,中探針,tpex,20.60,20.60,19.70,20.00,341000,6812850,-0.50,,39475200,140,,
2009-10-27_6218,2009-10-27,6218,豪勉,tpex,24.60,24.90,24.40,24.60,228000,5618050,0.05,,50800000,132,,
2009-10-27_6219,2009-10-27,6219,富旺,tpex,8.55,9.10,8.55,8.88,63000,571710,0.31,,19604573,6,,
2009-10-27_6220,2009-10-27,6220,岳豐,tpex,17.40,17.55,16.90,17.30,1361000,23408150,-0.15,,102000597,420,,
2009-10-27_6221,2009-10-27,6221,晉泰,tpex,9.75,9.79,9.75,9.75,87000,848700,0.00,,31697668,41,,
2009-10-27_6222,2009-10-27,6222,上揚,tpex,6.73,7.12,6.68,6.98,109000,740280,-0.18,,29127293,24,,
2009-10-27_6223,2009-10-27,6223,旺矽,tpex,43.50,44.00,43.05,43.50,292000,12678400,-0.35,,73311119,208,,
2009-10-27_6224,2009-10-27,6224,聚鼎,twse,49.60,50.40,49.10,49.50,607745,30237001,-0.1,,,333,,
2009-10-27_6225,2009-10-27,6225,天瀚,twse,24.50,25.00,24.00,24.30,1316820,32086630,-0.7,,,626,,
2009-10-27_6226,2009-10-27,6226,光鼎,twse,14.95,15.25,14.90,15.00,1161916,17574393,-0.05,,,302,,
2009-10-27_6227,2009-10-27,6227,茂綸,tpex,14.90,14.95,14.70,14.95,121000,1796750,-0.05,,76111786,30,,
2009-10-27_6228,2009-10-27,6228,全譜,tpex,9.14,9.15,9.05,9.06,78000,710200,-0.08,,41114627,26,,
2009-10-27_6229,2009-10-27,6229,研通,tpex,16.60,16.60,16.35,16.35,213000,3502350,-0.20,,35316978,57,,
2009-10-27_6230,2009-10-27,6230,超眾,tpex,50.00,50.90,49.00,50.70,1105000,55182350,0.20,,86343396,485,,
2009-10-27_6231,2009-10-27,6231,系微,tpex,138.00,139.00,135.50,135.50,397000,54170500,-3.50,,33119535,336,,
2009-10-27_6233,2009-10-27,6233,旺玖,tpex,32.05,33.15,32.05,32.75,1234000,40243650,-0.05,,86731936,649,,
2009-10-27_6234,2009-10-27,6234,高僑,tpex,18.10,18.10,17.75,18.05,292000,5239300,-0.15,,71883141,95,,
2009-10-27_6235,2009-10-27,6235,華孚,twse,11.90,11.90,11.50,11.55,2271460,26508806,-0.35,,,567,,
2009-10-27_6236,2009-10-27,6236,凌越,tpex,,,,,0,0,,flat,12634948,0,,
2009-10-27_6237,2009-10-27,6237,驊訊,tpex,58.10,59.00,58.00,58.70,304000,17745300,0.60,,64256371,207,,
2009-10-27_6238,2009-10-27,6238,勝麗,tpex,,,,,0,0,,flat,34311470,0,,
2009-10-27_6239,2009-10-27,6239,力成,twse,88.90,93.90,88.70,93.90,9188073,845239314,5.2,,,4514,,
2009-10-27_6240,2009-10-27,6240,統一元,tpex,2.52,2.52,2.52,2.52,41000,103320,0.00,flat,165886956,3,,
2009-10-27_6241,2009-10-27,6241,易通展,tpex,20.00,20.60,20.00,20.35,6000,122300,-0.15,,30165600,6,,
2009-10-27_6242,2009-10-27,6242,聯豪科,tpex,3.62,3.62,3.62,3.62,33000,119460,0.23,up,33810663,8,,
2009-10-27_6243,2009-10-27,6243,迅杰,tpex,66.50,70.20,66.50,69.90,3106000,213956400,2.90,,74555827,1776,,
2009-10-27_6244,2009-10-27,6244,茂迪,tpex,96.00,96.00,95.00,95.70,1479000,141137300,-0.80,,301117334,901,,
2009-10-27_6245,2009-10-27,6245,立端,tpex,20.00,20.00,19.20,19.30,645000,12538950,-0.80,,64340560,226,,
2009-10-27_6246,2009-10-27,6246,臺龍,tpex,17.40,17.90,17.15,17.70,821000,14304350,0.50,,133374000,224,,
2009-10-27_6247,2009-10-27,6247,淇譽電,tpex,20.80,20.80,20.50,20.50,132000,2722900,-0.30,,60321000,79,,
2009-10-27_6248,2009-10-27,6248,沛波,tpex,11.55,11.55,11.25,11.50,76000,865200,-0.05,,50465138,21,,
2009-10-27_6250,2009-10-27,6250,宇加,tpex,13.10,13.10,13.10,13.10,1000,13100,-0.95,down,8009340,1,,
2009-10-27_6251,2009-10-27,6251,定穎,twse,35.00,35.70,34.90,35.15,2157500,76205700,0.0,,,978,,
2009-10-27_6255,2009-10-27,6255,奈普,twse,26.50,28.20,26.35,27.45,7291549,200435833,0.95,,,2440,,
2009-10-27_6257,2009-10-27,6257,矽格,twse,17.60,17.90,17.55,17.70,2930154,51890914,0.1,,,786,,
2009-10-27_6259,2009-10-27,6259,百徽,tpex,11.35,11.35,11.00,11.35,57000,634050,0.00,,56490477,18,,
2009-10-27_6261,2009-10-27,6261,久元,tpex,74.00,74.00,73.00,73.30,608000,44555500,-0.70,,94002164,365,,
2009-10-27_6263,2009-10-27,6263,普萊德,tpex,34.40,34.40,33.80,33.90,305000,10396550,-0.50,,56464600,177,,
2009-10-27_6264,2009-10-27,6264,德士通,tpex,8.15,8.25,8.10,8.13,87000,709140,-0.27,,59035144,36,,
2009-10-27_6265,2009-10-27,6265,方土昶,tpex,15.20,15.45,15.10,15.20,626000,9563800,0.00,,110896151,241,,
2009-10-27_6266,2009-10-27,6266,泰詠,tpex,8.30,8.30,8.15,8.20,201000,1651950,-0.12,,68361699,67,,
2009-10-27_6269,2009-10-27,6269,台郡,twse,40.20,40.45,38.60,39.60,1757536,68923223,-0.6,,,799,,
2009-10-27_6270,2009-10-27,6270,倍微,tpex,28.10,28.10,26.30,26.50,1257000,33683100,-1.60,,74470567,571,,
2009-10-27_6271,2009-10-27,6271,同欣電,twse,79.10,80.00,78.40,79.10,284064,22463509,0.0,,,188,,
2009-10-27_6274,2009-10-27,6274,台燿,tpex,13.20,13.35,13.05,13.10,895000,11758400,-0.10,,232589558,284,,
2009-10-27_6275,2009-10-27,6275,元山,tpex,13.50,13.50,13.30,13.45,140000,1875600,-0.05,,36619937,71,,
2009-10-27_6277,2009-10-27,6277,宏正,twse,46.50,46.65,46.20,46.40,181310,8408771,-0.3,,,112,,
2009-10-27_6278,2009-10-27,6278,台表科,tpex,76.00,76.00,74.20,75.40,2023000,151372200,-0.60,,178776577,1014,,
2009-10-27_6279,2009-10-27,6279,胡連,tpex,67.90,68.60,66.00,67.00,909000,61233800,-1.60,,73684287,597,,
2009-10-27_6281,2009-10-27,6281,全國電,twse,39.65,39.65,39.20,39.20,149935,5900346,-0.45,,,122,,
2009-10-27_6282,2009-10-27,6282,康舒,twse,24.00,24.05,23.65,23.95,9275019,221372128,-0.05,,,2480,,
2009-10-27_6283,2009-10-27,6283,淳安,twse,16.70,16.80,16.20,16.50,1576129,25979850,-0.2,,,567,,
2009-10-27_6284,2009-10-27,6284,佳邦,tpex,29.40,29.50,28.70,28.90,755000,21944550,-0.60,,102989727,273,,
2009-10-27_6285,2009-10-27,6285,啟碁,twse,44.80,46.50,44.80,45.60,3112944,142621122,0.4,,,1487,,
2009-10-27_6286,2009-10-27,6286,立錡,twse,269.00,269.00,263.50,267.50,1414975,376274808,-2.5,,,1133,,
2009-10-27_6287,2009-10-27,6287,元隆,tpex,5.91,5.99,5.89,5.91,9000,53330,-0.01,,256031612,5,,
2009-10-27_6289,2009-10-27,6289,華上,twse,12.65,12.65,12.40,12.50,1148087,14367569,-0.1,,,425,,
2009-10-27_6290,2009-10-27,6290,良維,tpex,50.60,51.70,50.10,51.20,1514000,77021000,0.60,,119866554,731,,
2009-10-27_6291,2009-10-27,6291,沛亨,tpex,10.65,10.95,10.65,10.95,53000,569250,0.15,,50018029,24,,
2009-10-27_6292,2009-10-27,6292,迅德,tpex,20.30,20.65,19.90,20.50,104000,2093050,0.20,,51167712,51,,
2009-10-27_6294,2009-10-27,6294,智基,tpex,1.35,1.38,1.22,1.38,389000,500810,0.07,,168263493,36,,
2009-10-27_6298,2009-10-27,6298,崴強,tpex,20.00,20.10,19.75,19.80,515000,10230800,-0.20,,166006158,224,,
2009-10-27_6505,2009-10-27,6505,台塑化,twse,83.30,83.30,81.80,82.30,2011706,165531788,-1.0,,,983,,
2009-10-27_6508,2009-10-27,6508,惠光,tpex,25.70,25.70,25.35,25.40,233000,5934950,-0.30,,70163370,93,,
2009-10-27_6509,2009-10-27,6509,聚和,tpex,23.90,23.90,23.30,23.45,2570000,60544550,-0.55,,149326930,984,,
2009-10-27_6603,2009-10-27,6603,富強鑫,tpex,12.30,12.40,12.20,12.35,309000,3803550,0.05,,77750433,101,,
2009-10-27_6605,2009-10-27,6605,帝寶,twse,71.70,72.00,71.00,72.00,327271,23436429,0.0,,,201,,
2009-10-27_6609,2009-10-27,6609,瀧澤科,tpex,14.00,14.20,13.90,13.90,35000,488450,-0.20,,58966538,19,,
2009-10-27_71941,2009-10-27,71941,群益QH,tpex,3.42,3.91,3.42,3.91,24000,83920,0.10,,10000000,4,,
2009-10-27_71970,2009-10-27,71970,凱基R6,tpex,3.26,3.40,3.24,3.40,28000,93320,-0.22,,15000000,4,,
2009-10-27_72020,2009-10-27,72020,國泰V2,tpex,0.85,0.85,0.85,0.85,23000,19550,-0.03,down,10000000,2,,
2009-10-27_72023,2009-10-27,72023,凱基S3,tpex,,,,,0,0,,flat,10000000,0,,
2009-10-27_72025,2009-10-27,72025,康和QN,tpex,2.29,2.29,2.18,2.24,26000,58430,-0.09,,10000000,4,,
2009-10-27_72027,2009-10-27,72027,大華QV,tpex,,,,,0,0,,flat,20000000,0,,
2009-10-27_72028,2009-10-27,72028,元大TV,tpex,21.20,21.20,21.10,21.10,6000,127100,1.10,,10000000,2,,
2009-10-27_72030,2009-10-27,72030,元大TX,tpex,,,,,0,0,,flat,10000000,0,,
2009-10-27_72032,2009-10-27,72032,元大TZ,tpex,4.90,5.05,4.90,5.05,4000,20050,-0.30,,6000000,2,,
2009-10-27_72033,2009-10-27,72033,元大UA,tpex,4.08,4.10,4.02,4.02,183000,748920,-0.14,,20000000,4,,
2009-10-27_72034,2009-10-27,72034,元大UB,tpex,3.04,3.04,3.04,3.04,7000,21280,0.00,flat,10000000,3,,
2009-10-27_72035,2009-10-27,72035,元大UC,tpex,,,,,0,0,,flat,5000000,0,,
2009-10-27_72036,2009-10-27,72036,元大UD,tpex,4.91,4.91,4.91,4.91,5000,24550,-1.29,down,5000000,1,,
2009-10-27_72037,2009-10-27,72037,元大UE,tpex,,,,,0,0,,flat,5000000,0,,
2009-10-27_72039,2009-10-27,72039,寶來QY,tpex,,,,,0,0,,flat,5000000,0,,
2009-10-27_72040,2009-10-27,72040,寶來QZ,tpex,1.30,1.60,1.30,1.30,122000,173600,0.09,,5000000,19,,
2009-10-27_72041,2009-10-27,72041,寶來RA,tpex,,,,,0,0,,flat,10000000,0,,
2009-10-27_72042,2009-10-27,72042,寶來RB,tpex,0.75,0.81,0.71,0.79,64000,49240,0.09,,10000000,8,,
2009-10-27_72043,2009-10-27,72043,群益QM,tpex,0.21,0.25,0.21,0.24,486000,111470,-0.02,,10000000,28,,
2009-10-27_72044,2009-10-27,72044,群益QN,tpex,0.08,0.17,0.04,0.17,53000,6140,0.05,,5000000,11,,
2009-10-27_72045,2009-10-27,72045,群益QP,tpex,0.46,0.51,0.44,0.44,28000,13100,-0.06,,10000000,8,,
2009-10-27_72046,2009-10-27,72046,群益QQ,tpex,0.30,0.30,0.23,0.25,1187000,294940,-0.07,,10000000,43,,
2009-10-27_72047,2009-10-27,72047,群益QR,tpex,2.78,2.82,2.78,2.82,25000,69700,-0.44,,10000000,2,,
2009-10-27_72048,2009-10-27,72048,群益QS,tpex,0.23,0.23,0.23,0.23,70000,16100,0.01,up,12000000,1,,
2009-10-27_72049,2009-10-27,72049,兆豐QY,tpex,,,,,0,0,,flat,10000000,0,,
2009-10-27_72050,2009-10-27,72050,國泰V5,tpex,0.14,0.14,0.12,0.12,90000,11500,0.00,,20000000,4,,
2009-10-27_72051,2009-10-27,72051,國泰V6,tpex,0.13,0.13,0.13,0.13,2000,260,-0.08,down,20000000,1,,
2009-10-27_72052,2009-10-27,72052,元富QR,tpex,,,,,0,0,,flat,10000000,0,,
2009-10-27_72053,2009-10-27,72053,元富QS,tpex,,,,,0,0,,flat,10000000,0,,
2009-10-27_72054,2009-10-27,72054,元富QT,tpex,,,,,0,0,,flat,10000000,0,,
2009-10-27_72055,2009-10-27,72055,元富QU,tpex,,,,,0,0,,flat,10000000,0,,
2009-10-27_72056,2009-10-27,72056,元富QV,tpex,0.06,0.06,0.06,0.06,63000,3780,-0.14,down,10000000,2,,
2009-10-27_72057,2009-10-27,72057,元富QW,tpex,,,,,0,0,,flat,10000000,0,,
2009-10-27_72058,2009-10-27,72058,元富QX,tpex,0.14,0.14,0.14,0.14,40000,5600,-0.08,down,12000000,1,,
2009-10-27_72059,2009-10-27,72059,元富QY,tpex,0.24,0.35,0.21,0.35,55000,16060,0.01,,8000000,7,,
2009-10-27_72060,2009-10-27,72060,元富QZ,tpex,0.66,0.66,0.62,0.62,99000,65220,-0.23,,5000000,2,,
2009-10-27_72061,2009-10-27,72061,元富RA,tpex,,,,,0,0,,flat,6000000,0,,
2009-10-27_72062,2009-10-27,72062,國泰V7,tpex,0.45,0.45,0.35,0.35,33000,12710,0.09,,10000000,4,,
2009-10-27_72063,2009-10-27,72063,國泰V8,tpex,0.81,0.81,0.71,0.80,185000,139010,0.03,,20000000,29,,
2009-10-27_72064,2009-10-27,72064,國泰V9,tpex,0.60,0.60,0.60,0.60,5000,3000,0.18,up,10000000,1,,
2009-10-27_72065,2009-10-27,72065,大華QW,tpex,5.25,5.25,5.25,5.25,35000,183750,-1.50,down,10000000,6,,
2009-10-27_72066,2009-10-27,72066,大華QX,tpex,,,,,0,0,,flat,20000000,0,,
2009-10-27_72067,2009-10-27,72067,大華QY,tpex,3.30,3.30,3.30,3.30,4000,13200,-1.02,down,10000000,2,,
2009-10-27_72068,2009-10-27,72068,大華QZ,tpex,0.41,0.52,0.41,0.47,169000,78470,-0.19,,10000000,15,,
2009-10-27_72070,2009-10-27,72070,永昌T6,tpex,0.09,0.09,0.09,0.09,24000,2160,-0.01,down,8000000,2,,
2009-10-27_72071,2009-10-27,72071,永昌T7,tpex,,,,,0,0,,flat,15000000,0,,
2009-10-27_72072,2009-10-27,72072,康和QQ,tpex,,,,,0,0,,flat,5000000,0,,
2009-10-27_72073,2009-10-27,72073,康和QR,tpex,0.07,0.07,0.07,0.07,9000,630,-0.17,down,5000000,3,,
2009-10-27_72074,2009-10-27,72074,元大UF,tpex,0.18,0.20,0.18,0.20,30000,5600,-0.07,,5000000,2,,
2009-10-27_72076,2009-10-27,72076,康和QS,tpex,,,,,0,0,,flat,5000000,0,,
2009-10-27_72077,2009-10-27,72077,康和QT,tpex,,,,,0,0,,flat,5000000,0,,
2009-10-27_72078,2009-10-27,72078,康和QU,tpex,,,,,0,0,,flat,5000000,0,,
2009-10-27_72079,2009-10-27,72079,凱基S7,tpex,0.68,0.75,0.63,0.75,679000,490540,0.00,,10000000,17,,
2009-10-27_72080,2009-10-27,72080,台証TM,tpex,,,,,0,0,,flat,10000000,0,,
2009-10-27_72081,2009-10-27,72081,台証TN,tpex,0.79,0.79,0.73,0.78,175000,136350,0.07,,10000000,6,,
2009-10-27_72082,2009-10-27,72082,群益QT,tpex,,,,,0,0,,flat,5000000,0,,
2009-10-27_72083,2009-10-27,72083,日盛U7,tpex,0.46,0.50,0.43,0.50,32000,14440,-0.55,,5000000,5,,
2009-10-27_72084,2009-10-27,72084,日盛U9,tpex,,,,,0,0,,flat,10000000,0,,
2009-10-27_72085,2009-10-27,72085,日盛V1,tpex,,,,,0,0,,flat,10000000,0,,
2009-10-27_72086,2009-10-27,72086,凱基S8,tpex,0.11,0.11,0.09,0.10,50000,5050,-0.05,,10000000,4,,
2009-10-27_72087,2009-10-27,72087,台証TP,tpex,,,,,0,0,,flat,10000000,0,,
2009-10-27_72088,2009-10-27,72088,台証TQ,tpex,0.21,0.21,0.21,0.21,70000,14700,0.00,flat,10000000,1,,
2009-10-27_72089,2009-10-27,72089,國泰W1,tpex,0.16,0.16,0.12,0.13,131000,19410,-0.04,,20000000,5,,
2009-10-27_72090,2009-10-27,72090,群益QU,tpex,0.62,0.66,0.60,0.66,264000,169590,0.02,,8000000,11,,
2009-10-27_72091,2009-10-27,72091,統一QL,tpex,,,,,0,0,,flat,10000000,0,,
2009-10-27_72092,2009-10-27,72092,統一QM,tpex,1.38,1.38,1.06,1.24,71000,85910,-0.19,,10000000,8,,
2009-10-27_72093,2009-10-27,72093,元富RB,tpex,,,,,0,0,,flat,20000000,0,,
2009-10-27_72094,2009-10-27,72094,元富RC,tpex,0.09,0.10,0.08,0.08,110000,9400,0.02,,15000000,4,,
2009-10-27_72095,2009-10-27,72095,元富RD,tpex,2.04,2.08,1.86,1.94,197000,386580,-0.15,,6000000,12,,
2009-10-27_72096,2009-10-27,72096,元富RE,tpex,,,,,0,0,,flat,15000000,0,,
2009-10-27_72097,2009-10-27,72097,元富RF,tpex,0.13,0.18,0.13,0.18,245000,40500,0.02,,10000000,7,,
2009-10-27_72098,2009-10-27,72098,元富RG,tpex,4.22,4.22,4.22,4.22,1000,4220,-1.53,down,10000000,1,,
2009-10-27_72099,2009-10-27,72099,永昌T8,tpex,,,,,0,0,,flat,20000000,0,,
2009-10-27_72100,2009-10-27,72100,寶來RC,tpex,,,,,0,0,,flat,5000000,0,,
2009-10-27_72102,2009-10-27,72102,寶來RE,tpex,0.40,0.54,0.40,0.42,464000,212880,0.02,,5000000,11,,
2009-10-27_72104,2009-10-27,72104,寶來RG,tpex,0.47,0.47,0.40,0.41,180000,78090,-0.07,,20000000,9,,
2009-10-27_72106,2009-10-27,72106,寶來RJ,tpex,,,,,0,0,,flat,10000000,0,,
2009-10-27_72107,2009-10-27,72107,寶來RK,tpex,,,,,0,0,,flat,10000000,0,,
2009-10-27_72108,2009-10-27,72108,寶來RL,tpex,0.75,0.75,0.75,0.75,10000,7500,-0.14,down,10000000,1,,
2009-10-27_72109,2009-10-27,72109,國泰W2,tpex,0.15,0.15,0.15,0.15,39000,5850,0.02,up,10000000,1,,
2009-10-27_72110,2009-10-27,72110,國泰W3,tpex,3.22,3.22,3.06,3.06,38000,117040,-0.28,,10000000,11,,
2009-10-27_72111,2009-10-27,72111,國泰W4,tpex,0.43,0.43,0.37,0.40,620000,244970,-0.03,,10000000,14,,
2009-10-27_72112,2009-10-27,72112,國泰W5,tpex,0.91,0.96,0.91,0.94,182000,170880,-0.02,,10000000,5,,
2009-10-27_72113,2009-10-27,72113,國泰W6,tpex,0.82,0.82,0.77,0.77,15000,11800,-0.14,,5000000,2,,
2009-10-27_72114,2009-10-27,72114,元大UH,tpex,1.65,1.65,1.60,1.60,50000,81800,-0.12,,5000000,3,,
2009-10-27_72115,2009-10-27,72115,元大UJ,tpex,0.74,0.79,0.71,0.74,68000,50270,-0.18,,5000000,8,,
2009-10-27_72116,2009-10-27,72116,元大UK,tpex,,,,,0,0,,flat,5000000,0,,
2009-10-27_72117,2009-10-27,72117,大華RA,tpex,0.20,0.20,0.20,0.20,20000,4000,-0.03,down,20000000,1,,
2009-10-27_72118,2009-10-27,72118,大華RB,tpex,3.05,3.05,2.95,3.05,11000,33050,-0.55,,10000000,3,,
2009-10-27_72119,2009-10-27,72119,兆豐QZ,tpex,,,,,0,0,,flat,5000000,0,,
2009-10-27_72120,2009-10-27,72120,兆豐RA,tpex,,,,,0,0,,flat,7000000,0,,
2009-10-27_72121,2009-10-27,72121,兆豐RB,tpex,0.65,0.65,0.65,0.65,30000,19500,-0.04,down,10000000,1,,
2009-10-27_72122,2009-10-27,72122,凱基S9,tpex,2.44,2.82,2.44,2.65,571000,1506380,0.22,,8000000,45,,
2009-10-27_72123,2009-10-27,72123,凱基T1,tpex,1.26,1.30,1.26,1.30,121000,154800,0.02,,10000000,9,,
2009-10-27_72124,2009-10-27,72124,群益QV,tpex,0.56,0.58,0.54,0.58,488000,272440,0.00,,10000000,10,,
2009-10-27_72125,2009-10-27,72125,群益QW,tpex,1.10,1.26,1.07,1.15,654000,742310,0.12,,6000000,43,,
2009-10-27_72126,2009-10-27,72126,群益QX,tpex,0.13,0.28,0.13,0.16,1085000,201130,0.03,,10000000,30,,
2009-10-27_72127,2009-10-27,72127,群益QY,tpex,0.14,0.17,0.11,0.17,1075000,145580,-0.04,,12000000,43,,
2009-10-27_72128,2009-10-27,72128,國泰W7,tpex,,,,,0,0,,flat,20000000,0,,
2009-10-27_72129,2009-10-27,72129,兆豐RC,tpex,,,,,0,0,,flat,10000000,0,,
2009-10-27_72130,2009-10-27,72130,永昌T9,tpex,0.58,0.58,0.58,0.58,10000,5800,0.00,flat,10000000,1,,
2009-10-27_72131,2009-10-27,72131,永昌U1,tpex,,,,,0,0,,flat,10000000,0,,
2009-10-27_72132,2009-10-27,72132,凱基T2,tpex,,,,,0,0,,flat,10000000,0,,
2009-10-27_72133,2009-10-27,72133,元大UL,tpex,1.43,1.43,1.35,1.41,469000,663430,-0.03,,5000000,14,,
2009-10-27_72134,2009-10-27,72134,元大UM,tpex,2.88,2.88,2.61,2.72,93000,256530,-0.22,,5000000,11,,
2009-10-27_72135,2009-10-27,72135,元大UN,tpex,0.33,0.38,0.33,0.35,30000,10580,0.06,,5000000,4,,
2009-10-27_72137,2009-10-27,72137,群益QZ,tpex,2.16,2.25,2.06,2.06,33000,69530,0.03,,5000000,4,,
2009-10-27_72140,2009-10-27,72140,國泰PA,tpex,0.64,0.64,0.60,0.63,270000,169000,-0.08,,20000000,8,,
2009-10-27_72141,2009-10-27,72141,國泰PB,tpex,0.52,0.54,0.49,0.51,132000,67300,0.02,,10000000,10,,
2009-10-27_72142,2009-10-27,72142,兆豐RD,tpex,,,,,0,0,,flat,5000000,0,,
2009-10-27_72143,2009-10-27,72143,兆豐RE,tpex,2.04,2.04,2.04,2.04,20000,40800,-0.06,down,10000000,1,,
2009-10-27_72144,2009-10-27,72144,富邦T1,tpex,2.53,2.58,2.21,2.51,260000,640480,-0.20,,10000000,35,,
2009-10-27_72145,2009-10-27,72145,富邦T2,tpex,1.25,1.25,1.21,1.21,55000,67800,-0.01,,10000000,3,,
2009-10-27_72146,2009-10-27,72146,富邦T3,tpex,,,,,0,0,,flat,10000000,0,,
2009-10-27_72147,2009-10-27,72147,元富RH,tpex,,,,,0,0,,flat,8000000,0,,
2009-10-27_72148,2009-10-27,72148,元富RJ,tpex,,,,,0,0,,flat,20000000,0,,
2009-10-27_72149,2009-10-27,72149,國泰PC,tpex,0.40,0.40,0.40,0.40,5000,2000,-0.07,down,10000000,1,,
2009-10-27_72150,2009-10-27,72150,國票Q5,tpex,0.38,0.38,0.38,0.38,10000,3800,-0.12,down,10000000,1,,
2009-10-27_72151,2009-10-27,72151,永昌U2,tpex,2.61,2.73,2.48,2.48,267000,689550,0.07,,8000000,30,,
2009-10-27_72152,2009-10-27,72152,永昌U3,tpex,1.36,1.36,1.36,1.36,1000,1360,-0.24,down,8000000,1,,
2009-10-27_72153,2009-10-27,72153,永昌U4,tpex,0.68,0.68,0.68,0.68,119000,80920,0.00,flat,8000000,2,,
2009-10-27_72154,2009-10-27,72154,永昌U5,tpex,,,,,0,0,,flat,8000000,0,,
2009-10-27_72155,2009-10-27,72155,元大UQ,tpex,0.38,0.38,0.33,0.35,214000,72320,-0.07,,5000000,7,,
2009-10-27_72156,2009-10-27,72156,元大UR,tpex,3.94,3.94,3.76,3.76,4000,15400,-0.28,,5000000,2,,
2009-10-27_72157,2009-10-27,72157,群益RA,tpex,2.32,2.32,2.04,2.23,52000,113460,-0.11,,5000000,6,,
2009-10-27_72158,2009-10-27,72158,元大US,tpex,0.41,0.43,0.39,0.40,535000,223450,-0.03,,5000000,10,,
2009-10-27_72159,2009-10-27,72159,元大UT,tpex,1.95,2.00,1.90,2.00,63000,124500,0.31,,5000000,7,,
2009-10-27_72160,2009-10-27,72160,永豐S6,tpex,,,,,0,0,,flat,20000000,0,,
2009-10-27_72161,2009-10-27,72161,永豐S7,tpex,0.58,0.58,0.28,0.28,51000,14580,-0.04,,20000000,4,,
2009-10-27_72162,2009-10-27,72162,永豐S8,tpex,0.20,0.21,0.20,0.21,429000,86180,-0.02,,12000000,8,,
2009-10-27_72163,2009-10-27,72163,永豐S9,tpex,0.11,0.19,0.10,0.11,569000,68640,0.02,,20000000,17,,
2009-10-27_72164,2009-10-27,72164,永豐T1,tpex,0.30,0.36,0.28,0.33,304000,91380,0.07,,12000000,12,,
2009-10-27_72165,2009-10-27,72165,永豐T2,tpex,,,,,0,0,,flat,12000000,0,,
2009-10-27_72166,2009-10-27,72166,永豐T3,tpex,0.90,0.90,0.90,0.90,2000,1800,0.00,flat,12000000,1,,
2009-10-27_72167,2009-10-27,72167,日盛V2,tpex,,,,,0,0,,flat,20000000,0,,
2009-10-27_72168,2009-10-27,72168,日盛V3,tpex,1.57,1.57,1.57,1.57,5000,7850,-0.10,down,20000000,1,,
2009-10-27_72169,2009-10-27,72169,日盛V4,tpex,,,,,0,0,,flat,20000000,0,,
2009-10-27_72170,2009-10-27,72170,國泰PD,tpex,0.88,0.88,0.83,0.83,84000,71720,0.06,,10000000,3,,
2009-10-27_72171,2009-10-27,72171,國泰PE,tpex,0.62,0.66,0.61,0.62,130000,80720,-0.01,,10000000,9,,
2009-10-27_72172,2009-10-27,72172,大華RC,tpex,,,,,0,0,,flat,15000000,0,,
2009-10-27_72173,2009-10-27,72173,大華RD,tpex,1.40,1.60,1.37,1.60,153000,217510,0.28,,15000000,9,,
2009-10-27_72174,2009-10-27,72174,兆豐RF,tpex,,,,,0,0,,flat,5000000,0,,
2009-10-27_72175,2009-10-27,72175,兆豐RG,tpex,,,,,0,0,,flat,5000000,0,,
2009-10-27_72176,2009-10-27,72176,兆豐RH,tpex,0.83,0.83,0.83,0.83,50000,41500,0.02,up,10000000,1,,
2009-10-27_72177,2009-10-27,72177,永昌U6,tpex,2.01,2.17,2.01,2.17,30000,61900,-0.13,,20000000,2,,
2009-10-27_72178,2009-10-27,72178,大華RE,tpex,0.59,0.59,0.59,0.59,161000,94990,-0.11,down,12000000,3,,
2009-10-27_72179,2009-10-27,72179,大華RF,tpex,3.32,3.55,3.25,3.25,83000,277320,-0.17,,12000000,6,,
2009-10-27_72180,2009-10-27,72180,國泰PF,tpex,0.88,0.89,0.78,0.87,259000,220400,-0.10,,15000000,29,,
2009-10-27_72181,2009-10-27,72181,群益RB,tpex,0.86,0.86,0.76,0.79,1237000,1000840,-0.09,,12000000,77,,
2009-10-27_72182,2009-10-27,72182,台証TR,tpex,0.16,0.16,0.15,0.15,20000,3050,-0.07,,20000000,2,,
2009-10-27_72184,2009-10-27,72184,凱基T3,tpex,,,,,0,0,,flat,8000000,0,,
2009-10-27_72185,2009-10-27,72185,凱基T4,tpex,1.43,1.52,1.41,1.45,296000,431970,0.11,,8000000,16,,
2009-10-27_72186,2009-10-27,72186,康和QV,tpex,,,,,0,0,,flat,5000000,0,,
2009-10-27_72187,2009-10-27,72187,康和QW,tpex,2.29,2.29,2.26,2.28,72000,163960,-0.04,,5000000,6,,
2009-10-27_72188,2009-10-27,72188,元富RK,tpex,0.18,0.21,0.18,0.18,51000,9210,-0.04,,10000000,6,,
2009-10-27_72189,2009-10-27,72189,元富RL,tpex,0.31,0.32,0.31,0.32,25000,7800,0.08,,6000000,2,,
2009-10-27_72190,2009-10-27,72190,元富RM,tpex,0.14,0.14,0.14,0.14,106000,14840,-0.04,down,10000000,3,,
2009-10-27_72191,2009-10-27,72191,元富RN,tpex,,,,,0,0,,flat,10000000,0,,
2009-10-27_72192,2009-10-27,72192,元富RP,tpex,,,,,0,0,,flat,10000000,0,,
2009-10-27_72193,2009-10-27,72193,元富RQ,tpex,0.10,0.10,0.09,0.09,80000,7800,-0.02,,15000000,3,,
2009-10-27_72194,2009-10-27,72194,凱基T5,tpex,0.50,0.50,0.50,0.50,10000,5000,-0.08,down,12000000,1,,
2009-10-27_72195,2009-10-27,72195,兆豐RJ,tpex,3.18,3.18,3.18,3.18,20000,63600,-1.76,down,5000000,1,,
2009-10-27_72196,2009-10-27,72196,國泰PG,tpex,2.35,2.44,2.25,2.44,112000,262320,0.14,,5000000,12,,
2009-10-27_72198,2009-10-27,72198,國泰PJ,tpex,0.44,0.46,0.44,0.46,64000,28440,-0.06,,5000000,4,,
2009-10-27_72199,2009-10-27,72199,永昌U7,tpex,0.75,0.75,0.75,0.75,20000,15000,0.13,up,20000000,1,,
2009-10-27_72200,2009-10-27,72200,台証TT,tpex,1.10,1.10,0.81,1.06,812000,741990,-0.10,,5000000,69,,
2009-10-27_72201,2009-10-27,72201,台証TU,tpex,0.54,0.55,0.54,0.55,22000,11900,-0.05,,10000000,2,,
2009-10-27_72202,2009-10-27,72202,國票Q6,tpex,,,,,0,0,,flat,10000000,0,,
2009-10-27_72203,2009-10-27,72203,日盛V5,tpex,0.20,0.20,0.20,0.20,30000,6000,-0.03,down,15000000,1,,
2009-10-27_72204,2009-10-27,72204,日盛V6,tpex,,,,,0,0,,flat,20000000,0,,
2009-10-27_72206,2009-10-27,72206,元富RR,tpex,0.76,0.76,0.76,0.76,40000,30400,0.08,up,5000000,1,,
2009-10-27_72207,2009-10-27,72207,元富RS,tpex,0.16,0.16,0.16,0.16,5000,800,0.00,flat,20000000,1,,
2009-10-27_72208,2009-10-27,72208,元富RT,tpex,,,,,0,0,,flat,10000000,0,,
2009-10-27_72209,2009-10-27,72209,群益RC,tpex,0.53,0.53,0.45,0.48,417000,211390,-0.05,,12000000,9,,
2009-10-27_72210,2009-10-27,72210,群益RD,tpex,3.40,3.46,3.24,3.27,182000,612480,-0.23,,5000000,20,,
2009-10-27_72211,2009-10-27,72211,群益RE,tpex,0.11,0.11,0.11,0.11,1000,110,0.03,up,13000000,1,,
2009-10-27_72212,2009-10-27,72212,群益RF,tpex,0.69,0.69,0.45,0.49,1308000,629450,0.05,,5000000,49,,
2009-10-27_72213,2009-10-27,72213,大華RG,tpex,,,,,0,0,,flat,10000000,0,,
2009-10-27_72214,2009-10-27,72214,大華RH,tpex,0.45,0.45,0.45,0.45,5000,2250,0.00,flat,10000000,1,,
2009-10-27_72215,2009-10-27,72215,大華RJ,tpex,,,,,0,0,,flat,15000000,0,,
2009-10-27_72216,2009-10-27,72216,國票Q7,tpex,2.68,2.68,2.68,2.68,2000,5360,-0.25,down,5000000,1,,
2009-10-27_72217,2009-10-27,72217,永豐T4,tpex,0.26,0.26,0.26,0.26,160000,41600,0.00,flat,20000000,4,,
2009-10-27_72218,2009-10-27,72218,永豐T5,tpex,0.41,0.41,0.35,0.37,701000,262990,-0.08,,15000000,33,,
2009-10-27_72219,2009-10-27,72219,永豐T6,tpex,0.19,0.19,0.16,0.19,543000,93760,0.00,,20000000,15,,
2009-10-27_72220,2009-10-27,72220,永豐T7,tpex,0.14,0.14,0.12,0.13,859000,107990,-0.01,,20000000,19,,
2009-10-27_72221,2009-10-27,72221,永豐T8,tpex,0.17,0.17,0.13,0.15,912000,133390,-0.04,,15000000,63,,
2009-10-27_72222,2009-10-27,72222,永豐T9,tpex,0.22,0.23,0.17,0.19,1492000,285340,-0.04,,20000000,30,,
2009-10-27_72223,2009-10-27,72223,永豐U1,tpex,0.12,0.12,0.12,0.12,379000,45480,0.00,flat,15000000,7,,
2009-10-27_72224,2009-10-27,72224,永豐U2,tpex,0.22,0.25,0.22,0.24,57000,13860,0.02,,20000000,6,,
2009-10-27_72225,2009-10-27,72225,元大UU,tpex,0.49,0.51,0.49,0.51,3000,1510,-0.01,,5000000,2,,
2009-10-27_72228,2009-10-27,72228,康和QX,tpex,0.61,0.61,0.61,0.61,2000,1220,-0.04,down,5000000,1,,
2009-10-27_72229,2009-10-27,72229,康和QY,tpex,1.51,1.51,1.47,1.49,131000,195420,0.01,,5000000,9,,
2009-10-27_72230,2009-10-27,72230,凱基T6,tpex,,,,,0,0,,flat,10000000,0,,
2009-10-27_72232,2009-10-27,72232,富邦T4,tpex,,,,,0,0,,flat,10000000,0,,
2009-10-27_72233,2009-10-27,72233,富邦T5,tpex,,,,,0,0,,flat,10000000,0,,
2009-10-27_72235,2009-10-27,72235,富邦T7,tpex,2.24,2.29,2.05,2.24,156000,344170,-0.09,,10000000,11,,
2009-10-27_72236,2009-10-27,72236,國泰PK,tpex,2.78,2.87,2.51,2.83,537000,1442610,-0.09,,8000000,42,,
2009-10-27_72237,2009-10-27,72237,國泰PL,tpex,0.34,0.38,0.34,0.38,244000,90560,0.03,,20000000,9,,
2009-10-27_72238,2009-10-27,72238,國票Q8,tpex,,,,,0,0,,flat,10000000,0,,
2009-10-27_72239,2009-10-27,72239,群益RG,tpex,2.52,2.59,2.34,2.56,205000,515160,-0.13,,10000000,10,,
2009-10-27_72240,2009-10-27,72240,群益RH,tpex,2.20,2.40,2.14,2.38,460000,1026500,0.17,,5000000,27,,
2009-10-27_72241,2009-10-27,72241,群益RJ,tpex,1.03,1.03,0.93,1.01,608000,594060,-0.03,,10000000,18,,
2009-10-27_72242,2009-10-27,72242,凱基T8,tpex,1.84,1.84,1.71,1.76,63000,111570,-0.14,,10000000,8,,
2009-10-27_72243,2009-10-27,72243,永豐U3,tpex,0.15,0.15,0.15,0.15,129000,19350,0.01,up,20000000,3,,
2009-10-27_72244,2009-10-27,72244,永豐U4,tpex,0.95,0.95,0.91,0.91,32000,29720,-0.05,,15000000,4,,
2009-10-27_72245,2009-10-27,72245,永豐U5,tpex,0.24,0.24,0.21,0.22,509000,112880,-0.06,,20000000,8,,
2009-10-27_72246,2009-10-27,72246,永豐U6,tpex,0.26,0.26,0.15,0.18,126000,21360,0.00,,20000000,8,,
2009-10-27_72247,2009-10-27,72247,永豐U7,tpex,,,,,0,0,,flat,15000000,0,,
2009-10-27_72248,2009-10-27,72248,永豐U8,tpex,0.19,0.19,0.18,0.19,45000,8350,-0.02,,15000000,3,,
2009-10-27_72249,2009-10-27,72249,兆豐RK,tpex,,,,,0,0,,flat,10000000,0,,
2009-10-27_72250,2009-10-27,72250,凱基T9,tpex,,,,,0,0,,flat,10000000,0,,
2009-10-27_72251,2009-10-27,72251,凱基U1,tpex,,,,,0,0,,flat,10000000,0,,
2009-10-27_72252,2009-10-27,72252,凱基U2,tpex,0.55,0.57,0.52,0.57,565000,300420,0.05,,20000000,20,,
2009-10-27_72253,2009-10-27,72253,元大UX,tpex,3.15,3.15,2.62,2.94,81000,234560,-0.21,,10000000,19,,
2009-10-27_72254,2009-10-27,72254,元大UY,tpex,3.32,3.70,3.32,3.70,83000,292030,0.25,,10000000,13,,
2009-10-27_72256,2009-10-27,72256,群益RK,tpex,0.45,0.45,0.45,0.45,18000,8100,-0.09,down,10000000,2,,
2009-10-27_72257,2009-10-27,72257,康和QZ,tpex,4.23,4.23,3.99,3.99,25000,100950,-0.33,,5000000,2,,
2009-10-27_72258,2009-10-27,72258,兆豐RL,tpex,1.37,1.38,1.32,1.38,56000,76440,-0.12,,5000000,4,,
2009-10-27_72259,2009-10-27,72259,兆豐RM,tpex,4.47,4.97,4.47,4.91,126000,575440,0.30,,10000000,5,,
2009-10-27_72260,2009-10-27,72260,國泰PM,tpex,1.35,1.35,1.30,1.30,7000,9320,-0.10,,10000000,3,,
2009-10-27_72261,2009-10-27,72261,國泰PN,tpex,1.14,1.24,1.11,1.24,346000,404220,-0.03,,10000000,30,,
2009-10-27_72262,2009-10-27,72262,國泰PP,tpex,2.23,2.29,2.18,2.23,257000,579170,0.03,,5000000,13,,
2009-10-27_72263,2009-10-27,72263,元富RU,tpex,,,,,0,0,,flat,6000000,0,,
2009-10-27_72264,2009-10-27,72264,元富RV,tpex,0.50,0.51,0.48,0.51,25000,12500,-0.04,,10000000,4,,
2009-10-27_72265,2009-10-27,72265,元富RW,tpex,,,,,0,0,,flat,6000000,0,,
2009-10-27_72266,2009-10-27,72266,元富RX,tpex,,,,,0,0,,flat,10000000,0,,
2009-10-27_72267,2009-10-27,72267,永昌U8,tpex,1.50,1.50,1.50,1.50,7000,10500,-0.19,down,20000000,1,,
2009-10-27_72268,2009-10-27,72268,康和RA,tpex,,,,,0,0,,flat,5000000,0,,
2009-10-27_72269,2009-10-27,72269,康和RB,tpex,,,,,0,0,,flat,5000000,0,,
2009-10-27_72270,2009-10-27,72270,國票Q9,tpex,0.48,0.56,0.48,0.48,133000,66280,0.07,,10000000,12,,
2009-10-27_72271,2009-10-27,72271,兆豐RN,tpex,1.41,1.42,1.39,1.42,195000,275850,-0.20,,5000000,10,,
2009-10-27_72272,2009-10-27,72272,兆豐RP,tpex,1.07,1.10,1.07,1.10,15000,16200,-0.03,,5000000,5,,
2009-10-27_72273,2009-10-27,72273,日盛V8,tpex,0.63,0.64,0.62,0.64,40000,24950,-0.01,,15000000,3,,
2009-10-27_72274,2009-10-27,72274,日盛V9,tpex,,,,,0,0,,flat,10000000,0,,
2009-10-27_72275,2009-10-27,72275,日盛W1,tpex,,,,,0,0,,flat,7000000,0,,
2009-10-27_72276,2009-10-27,72276,日盛W2,tpex,1.33,1.33,1.33,1.33,10000,13300,0.01,up,8000000,1,,
2009-10-27_72277,2009-10-27,72277,台証TV,tpex,1.65,1.65,1.65,1.65,198000,326700,-0.02,down,10000000,3,,
2009-10-27_72278,2009-10-27,72278,元大VA,tpex,3.00,3.03,2.93,2.93,9000,27020,-0.07,,5000000,3,,
2009-10-27_72279,2009-10-27,72279,元大VB,tpex,3.58,3.60,3.47,3.55,61000,213030,-0.22,,5000000,6,,
2009-10-27_72280,2009-10-27,72280,元大VC,tpex,1.56,1.74,1.56,1.66,285000,482860,0.04,,5000000,17,,
2009-10-27_72281,2009-10-27,72281,元大VD,tpex,3.43,3.50,3.37,3.41,187000,645090,-0.07,,5000000,12,,
2009-10-27_72283,2009-10-27,72283,凱基U3,tpex,4.09,4.09,4.09,4.09,1000,4090,-0.18,down,10000000,1,,
2009-10-27_72284,2009-10-27,72284,凱基U4,tpex,4.52,4.57,4.13,4.49,23000,102070,-0.29,,10000000,10,,
2009-10-27_72286,2009-10-27,72286,寶來RM,tpex,2.47,2.50,2.42,2.42,37000,91600,-0.15,,5000000,6,,
2009-10-27_72287,2009-10-27,72287,寶來RN,tpex,,,,,0,0,,flat,5000000,0,,
2009-10-27_72288,2009-10-27,72288,寶來RP,tpex,4.91,5.15,4.91,5.15,41000,207600,0.05,,5000000,10,,
2009-10-27_72289,2009-10-27,72289,寶來RQ,tpex,3.87,3.87,3.71,3.86,50000,191700,-0.29,,5000000,5,,
2009-10-27_72290,2009-10-27,72290,寶來RR,tpex,2.25,2.35,2.20,2.35,137000,311740,0.07,,5000000,12,,
2009-10-27_72292,2009-10-27,72292,元富RY,tpex,,,,,0,0,,flat,10000000,0,,
2009-10-27_72293,2009-10-27,72293,元富RZ,tpex,0.33,0.33,0.32,0.32,29000,9310,-0.01,,15000000,3,,
2009-10-27_72294,2009-10-27,72294,元富SA,tpex,0.56,0.56,0.56,0.56,1000,560,-0.04,down,10000000,1,,
2009-10-27_72295,2009-10-27,72295,元富SB,tpex,,,,,0,0,,flat,15000000,0,,
2009-10-27_72296,2009-10-27,72296,國泰PQ,tpex,1.58,1.58,1.55,1.55,25000,39050,-0.13,,10000000,3,,
2009-10-27_72297,2009-10-27,72297,兆豐RQ,tpex,3.91,3.91,3.91,3.91,60000,234600,0.05,up,10000000,1,,
2009-10-27_72298,2009-10-27,72298,國泰PR,tpex,,,,,0,0,,flat,20000000,0,,
2009-10-27_72300,2009-10-27,72300,國泰PT,tpex,4.28,4.51,4.07,4.51,255000,1089720,0.29,,5000000,18,,
2009-10-27_72302,2009-10-27,72302,凱基U6,tpex,,,,,0,0,,flat,5000000,0,,
2009-10-27_72303,2009-10-27,72303,大華RK,tpex,,,,,0,0,,flat,15000000,0,,
2009-10-27_72304,2009-10-27,72304,大華RL,tpex,,,,,0,0,,flat,12000000,0,,
2009-10-27_72305,2009-10-27,72305,台証TW,tpex,0.49,0.49,0.49,0.49,5000,2450,-0.02,down,10000000,1,,
2009-10-27_72306,2009-10-27,72306,群益RL,tpex,0.67,0.71,0.67,0.71,80000,54400,-0.01,,10000000,2,,
2009-10-27_72307,2009-10-27,72307,群益RM,tpex,1.26,1.27,1.25,1.25,35000,44250,0.02,,10000000,3,,
2009-10-27_72308,2009-10-27,72308,群益RN,tpex,1.42,1.42,1.42,1.42,25000,35500,-0.11,down,7000000,3,,
2009-10-27_72309,2009-10-27,72309,康和RC,tpex,1.91,1.94,1.88,1.88,197000,375640,-0.12,,5000000,7,,
2009-10-27_72310,2009-10-27,72310,康和RD,tpex,,,,,0,0,,flat,5000000,0,,
2009-10-27_72311,2009-10-27,72311,康和RE,tpex,1.05,1.07,1.05,1.07,139000,147030,-0.05,,5000000,6,,
2009-10-27_72312,2009-10-27,72312,兆豐RR,tpex,2.85,3.03,2.83,2.98,259000,743410,-0.06,,5000000,8,,
2009-10-27_72313,2009-10-27,72313,兆豐RS,tpex,1.65,1.65,1.64,1.65,31000,50950,-0.06,,5000000,4,,
2009-10-27_72314,2009-10-27,72314,國泰PV,tpex,0.69,0.71,0.69,0.71,5000,3490,0.00,,20000000,2,,
2009-10-27_72316,2009-10-27,72316,永豐U9,tpex,0.29,0.30,0.28,0.30,315000,90730,0.02,,10000000,9,,
2009-10-27_72317,2009-10-27,72317,永豐V1,tpex,0.50,0.50,0.50,0.50,1000,500,-0.01,down,15000000,1,,
2009-10-27_72318,2009-10-27,72318,永豐V2,tpex,,,,,0,0,,flat,12000000,0,,
2009-10-27_72319,2009-10-27,72319,永豐V3,tpex,0.75,0.75,0.71,0.71,10000,7140,-0.11,,10000000,2,,
2009-10-27_72320,2009-10-27,72320,永豐V4,tpex,0.20,0.20,0.20,0.20,5000,1000,-0.02,down,10000000,1,,
2009-10-27_72321,2009-10-27,72321,永豐V5,tpex,1.30,1.31,1.14,1.31,122000,143180,-0.11,,10000000,6,,
2009-10-27_72322,2009-10-27,72322,永豐V6,tpex,,,,,0,0,,flat,10000000,0,,
2009-10-27_72323,2009-10-27,72323,永豐V7,tpex,,,,,0,0,,flat,15000000,0,,
2009-10-27_72324,2009-10-27,72324,永豐V8,tpex,0.42,0.42,0.42,0.42,5000,2100,-0.13,down,10000000,1,,
2009-10-27_72325,2009-10-27,72325,永豐V9,tpex,,,,,0,0,,flat,10000000,0,,
2009-10-27_72326,2009-10-27,72326,凱基U7,tpex,2.31,2.37,2.28,2.37,518000,1194290,-0.05,,10000000,30,,
2009-10-27_72327,2009-10-27,72327,凱基U8,tpex,,,,,0,0,,flat,8000000,0,,
2009-10-27_72328,2009-10-27,72328,凱基U9,tpex,1.75,1.83,1.65,1.82,351000,603850,-0.07,,10000000,10,,
2009-10-27_72329,2009-10-27,72329,凱基V1,tpex,0.96,0.99,0.96,0.99,11000,10590,-0.09,,10000000,2,,
2009-10-27_72330,2009-10-27,72330,群益RP,tpex,1.50,1.53,1.47,1.52,74000,111680,-0.03,,10000000,11,,
2009-10-27_72331,2009-10-27,72331,台証TX,tpex,1.04,1.04,1.04,1.04,1000,1040,-0.03,down,10000000,1,,
2009-10-27_72332,2009-10-27,72332,台証TY,tpex,0.39,0.39,0.38,0.38,137000,53100,0.00,,20000000,3,,
2009-10-27_72333,2009-10-27,72333,兆豐RT,tpex,3.14,3.14,2.87,3.11,45000,137750,-0.21,,5000000,12,,
2009-10-27_72334,2009-10-27,72334,兆豐RU,tpex,1.88,1.88,1.66,1.66,22000,39920,-0.22,,5000000,3,,
2009-10-27_72335,2009-10-27,72335,元大VF,tpex,1.37,1.40,1.30,1.40,218000,291880,-0.06,,5000000,13,,
2009-10-27_72338,2009-10-27,72338,元大VJ,tpex,1.34,1.36,1.34,1.36,92000,124400,-0.03,,6000000,3,,
2009-10-27_72340,2009-10-27,72340,元大VL,tpex,2.36,2.40,2.17,2.36,244000,576720,-0.12,,10000000,13,,
2009-10-27_72342,2009-10-27,72342,凱基V2,tpex,2.67,2.81,2.67,2.75,17000,46950,0.21,,5000000,3,,
2009-10-27_72343,2009-10-27,72343,康和RF,tpex,2.16,2.16,2.06,2.11,120000,256900,-0.26,,5000000,5,,
2009-10-27_72344,2009-10-27,72344,元富SC,tpex,0.70,0.75,0.70,0.75,21000,14750,-0.07,,10000000,2,,
2009-10-27_72345,2009-10-27,72345,元富SD,tpex,0.38,0.39,0.36,0.36,672000,251730,-0.02,,15000000,21,,
2009-10-27_72346,2009-10-27,72346,元富SE,tpex,0.68,0.68,0.65,0.65,25000,16400,-0.05,,10000000,3,,
2009-10-27_72347,2009-10-27,72347,元富SF,tpex,,,,,0,0,,flat,10000000,0,,
2009-10-27_72348,2009-10-27,72348,元富SG,tpex,0.68,0.68,0.68,0.68,10000,6800,-0.03,down,10000000,1,,
2009-10-27_72349,2009-10-27,72349,元富SH,tpex,0.55,0.60,0.55,0.59,198000,117110,-0.03,,20000000,7,,
2009-10-27_72350,2009-10-27,72350,富邦T8,tpex,,,,,0,0,,flat,10000000,0,,
2009-10-27_72351,2009-10-27,72351,富邦T9,tpex,2.88,2.88,2.74,2.84,92000,256670,-0.13,,10000000,8,,
2009-10-27_72352,2009-10-27,72352,富邦U1,tpex,1.26,1.27,1.26,1.27,13000,16480,-0.08,,10000000,2,,
2009-10-27_72353,2009-10-27,72353,永昌U9,tpex,0.48,0.51,0.48,0.49,32000,15510,0.00,,20000000,4,,
2009-10-27_72354,2009-10-27,72354,永昌V1,tpex,,,,,0,0,,flat,20000000,0,,
2009-10-27_72355,2009-10-27,72355,永昌V2,tpex,0.71,0.71,0.71,0.71,15000,10650,-0.13,down,20000000,1,,
2009-10-27_72356,2009-10-27,72356,永昌V3,tpex,,,,,0,0,,flat,20000000,0,,
2009-10-27_72357,2009-10-27,72357,群益RQ,tpex,0.57,0.57,0.57,0.57,60000,34200,0.01,up,12000000,2,,
2009-10-27_72358,2009-10-27,72358,國票R1,tpex,2.80,3.04,2.73,3.04,33000,93890,0.09,,5000000,7,,
2009-10-27_72359,2009-10-27,72359,寶來RT,tpex,2.24,2.38,2.24,2.38,11000,25340,-0.46,,5000000,2,,
2009-10-27_72361,2009-10-27,72361,寶來RV,tpex,2.00,2.00,1.84,1.95,131000,252400,-0.14,,10000000,12,,
2009-10-27_72362,2009-10-27,72362,寶來RW,tpex,1.62,1.75,1.62,1.74,43000,73970,-0.01,,10000000,8,,
2009-10-27_72363,2009-10-27,72363,寶來RX,tpex,1.35,1.37,1.35,1.37,6000,8160,-0.04,,10000000,3,,
2009-10-27_72364,2009-10-27,72364,寶來RY,tpex,1.42,1.47,1.40,1.47,218000,310430,0.03,,5000000,17,,
2009-10-27_72365,2009-10-27,72365,寶來RZ,tpex,3.59,3.59,3.59,3.59,10000,35900,0.02,up,5000000,1,,
2009-10-27_72366,2009-10-27,72366,寶來SA,tpex,0.75,0.75,0.75,0.75,5000,3750,-0.03,down,5000000,1,,
2009-10-27_72367,2009-10-27,72367,寶來SB,tpex,0.42,0.42,0.42,0.42,30000,12600,-0.01,down,5000000,1,,
2009-10-27_72368,2009-10-27,72368,國泰PX,tpex,0.56,0.57,0.55,0.57,769000,430700,-0.08,,10000000,19,,
2009-10-27_72369,2009-10-27,72369,國泰PY,tpex,1.43,1.47,1.31,1.31,561000,760400,-0.15,,8000000,32,,
2009-10-27_72370,2009-10-27,72370,台証TZ,tpex,1.13,1.13,1.08,1.09,189000,209920,-0.08,,10000000,5,,
2009-10-27_72371,2009-10-27,72371,台証UA,tpex,,,,,0,0,,flat,10000000,0,,
2009-10-27_72372,2009-10-27,72372,大華RM,tpex,0.64,0.67,0.64,0.67,185000,120500,-0.01,,10000000,6,,
2009-10-27_72373,2009-10-27,72373,大華RN,tpex,,,,,0,0,,flat,12000000,0,,
2009-10-27_72374,2009-10-27,72374,大華RP,tpex,,,,,0,0,,flat,12000000,0,,
2009-10-27_72375,2009-10-27,72375,國票R2,tpex,0.73,0.73,0.73,0.73,5000,3650,-0.12,down,10000000,1,,
2009-10-27_72376,2009-10-27,72376,兆豐RV,tpex,,,,,0,0,,flat,10000000,0,,
2009-10-27_72377,2009-10-27,72377,兆豐RW,tpex,3.49,3.89,3.49,3.89,4000,15160,-0.35,,5000000,2,,
2009-10-27_72378,2009-10-27,72378,康和RG,tpex,2.04,2.04,2.02,2.02,240000,486570,-0.03,,5000000,6,,
2009-10-27_72379,2009-10-27,72379,國票R3,tpex,0.58,0.58,0.58,0.58,10000,5800,-0.12,down,5000000,1,,
2009-10-27_72380,2009-10-27,72380,群益RR,tpex,0.81,0.83,0.69,0.83,136000,103340,-0.01,,5000000,16,,
2009-10-27_72381,2009-10-27,72381,群益RS,tpex,1.81,1.81,1.57,1.59,85000,143250,-0.17,,10000000,7,,
2009-10-27_72382,2009-10-27,72382,群益RT,tpex,1.09,1.11,1.06,1.06,60000,64500,-0.12,,7000000,5,,
2009-10-27_72384,2009-10-27,72384,群益RV,tpex,0.45,0.48,0.45,0.48,17000,7820,0.03,,20000000,4,,
2009-10-27_72385,2009-10-27,72385,台証UB,tpex,,,,,0,0,,flat,20000000,0,,
2009-10-27_72386,2009-10-27,72386,台証UC,tpex,0.60,0.60,0.60,0.60,5000,3000,-0.03,down,20000000,1,,
2009-10-27_72387,2009-10-27,72387,國泰PZ,tpex,0.88,0.88,0.88,0.88,50000,44000,-0.31,down,5000000,1,,
2009-10-27_72388,2009-10-27,72388,國票R4,tpex,,,,,0,0,,flat,5000000,0,,
2009-10-27_72389,2009-10-27,72389,兆豐RX,tpex,4.44,4.44,4.18,4.18,11000,48580,-1.17,,5000000,2,,
2009-10-27_72390,2009-10-27,72390,兆豐RY,tpex,3.09,3.09,3.00,3.00,13000,39270,-0.70,,5000000,2,,
2009-10-27_72391,2009-10-27,72391,日盛W3,tpex,0.83,0.93,0.83,0.93,36000,31190,0.04,,20000000,7,,
2009-10-27_72392,2009-10-27,72392,日盛W4,tpex,2.12,2.17,2.11,2.16,70000,150850,-0.05,,10000000,4,,
2009-10-27_72393,2009-10-27,72393,日盛W5,tpex,1.59,1.61,1.59,1.61,38000,60780,-0.05,,8000000,5,,
2009-10-27_72394,2009-10-27,72394,工銀PP,tpex,2.01,2.01,2.01,2.01,1000,2010,-0.60,down,5000000,1,,
2009-10-27_72395,2009-10-27,72395,工銀PQ,tpex,2.81,2.81,2.81,2.81,30000,84300,0.01,up,5000000,1,,
2009-10-27_72397,2009-10-27,72397,康和RH,tpex,0.80,0.81,0.80,0.81,14000,11330,0.00,,5000000,3,,
2009-10-27_72398,2009-10-27,72398,康和RJ,tpex,0.12,0.14,0.11,0.12,927000,112780,-0.01,,5000000,32,,
2009-10-27_72399,2009-10-27,72399,台証UD,tpex,0.55,0.55,0.55,0.55,10000,5500,-0.03,down,20000000,1,,
2009-10-27_72400,2009-10-27,72400,台証UE,tpex,0.49,0.49,0.49,0.49,20000,9800,-0.03,down,20000000,2,,
2009-10-27_72401,2009-10-27,72401,台証UF,tpex,0.63,0.65,0.63,0.65,32000,20200,-0.11,,20000000,2,,
2009-10-27_72402,2009-10-27,72402,台証UG,tpex,0.42,0.42,0.42,0.42,43000,18060,0.03,up,20000000,1,,
2009-10-27_72403,2009-10-27,72403,元大VN,tpex,1.24,1.25,1.19,1.23,122000,150040,-0.11,,5000000,5,,
2009-10-27_72405,2009-10-27,72405,元大VQ,tpex,,,,,0,0,,flat,5000000,0,,
2009-10-27_72406,2009-10-27,72406,元大VR,tpex,1.07,1.07,1.07,1.07,25000,26750,-0.17,down,5000000,2,,
2009-10-27_72407,2009-10-27,72407,大華RQ,tpex,,,,,0,0,,flat,12000000,0,,
2009-10-27_72408,2009-10-27,72408,大華RR,tpex,,,,,0,0,,flat,12000000,0,,
2009-10-27_72409,2009-10-27,72409,大華RS,tpex,0.59,0.59,0.59,0.59,150000,88500,0.08,up,12000000,2,,
2009-10-27_72410,2009-10-27,72410,群益RW,tpex,1.21,1.21,1.19,1.19,14000,16840,-0.14,,5000000,3,,
2009-10-27_72411,2009-10-27,72411,群益RX,tpex,1.76,1.76,0.99,0.99,47000,47660,-0.03,,10000000,6,,
2009-10-27_72412,2009-10-27,72412,群益RY,tpex,0.64,0.68,0.64,0.68,21000,13480,-0.07,,10000000,2,,
2009-10-27_72413,2009-10-27,72413,群益RZ,tpex,1.49,1.54,1.42,1.50,70000,105500,-0.02,,8000000,6,,
2009-10-27_72414,2009-10-27,72414,群益SA,tpex,1.81,1.84,1.78,1.84,114000,203070,0.18,,8000000,4,,
2009-10-27_72416,2009-10-27,72416,元富SJ,tpex,0.67,0.67,0.57,0.60,143000,89250,-0.07,,10000000,10,,
2009-10-27_72417,2009-10-27,72417,元富SK,tpex,0.60,0.72,0.60,0.62,269000,180370,0.06,,10000000,15,,
2009-10-27_72418,2009-10-27,72418,元富SL,tpex,,,,,0,0,,flat,12000000,0,,
2009-10-27_72419,2009-10-27,72419,元富SM,tpex,0.78,0.78,0.78,0.78,20000,15600,0.00,flat,10000000,2,,
2009-10-27_72420,2009-10-27,72420,元富SN,tpex,0.73,0.74,0.70,0.74,238000,171950,-0.06,,5000000,5,,
2009-10-27_72421,2009-10-27,72421,元富SP,tpex,0.61,0.63,0.61,0.63,25000,15650,-0.35,,8000000,2,,
2009-10-27_72422,2009-10-27,72422,永昌V4,tpex,0.88,0.89,0.88,0.89,6000,5310,0.01,,20000000,2,,
2009-10-27_72423,2009-10-27,72423,康和RK,tpex,2.31,2.87,2.27,2.86,289000,765310,0.48,,5000000,14,,
2009-10-27_72424,2009-10-27,72424,康和RL,tpex,1.84,2.06,1.80,1.80,33000,61960,0.12,,5000000,8,,
2009-10-27_72426,2009-10-27,72426,康和RN,tpex,2.01,2.01,1.88,1.90,310000,606900,-0.13,,5000000,24,,
2009-10-27_72428,2009-10-27,72428,富邦U3,tpex,0.82,0.82,0.82,0.82,20000,16400,0.00,flat,10000000,1,,
2009-10-27_72429,2009-10-27,72429,富邦U4,tpex,0.60,0.60,0.60,0.60,10000,6000,0.01,up,10000000,1,,
2009-10-27_72430,2009-10-27,72430,富邦U5,tpex,0.28,0.29,0.28,0.29,25000,7100,0.02,,20000000,7,,
2009-10-27_72431,2009-10-27,72431,大華RT,tpex,0.98,0.98,0.98,0.98,60000,58800,-0.17,down,8000000,1,,
2009-10-27_72432,2009-10-27,72432,大華RU,tpex,,,,,0,0,,flat,10000000,0,,
2009-10-27_72433,2009-10-27,72433,大華RV,tpex,,,,,0,0,,flat,6000000,0,,
2009-10-27_72434,2009-10-27,72434,工銀PR,tpex,,,,,0,0,,flat,10000000,0,,
2009-10-27_72435,2009-10-27,72435,日盛W6,tpex,,,,,0,0,,flat,20000000,0,,
2009-10-27_72436,2009-10-27,72436,日盛W7,tpex,4.31,4.55,4.17,4.55,90000,383110,0.41,,8000000,12,,
2009-10-27_72437,2009-10-27,72437,大華RW,tpex,0.77,0.77,0.76,0.76,297000,227700,-0.04,,10000000,3,,
2009-10-27_72438,2009-10-27,72438,永豐W1,tpex,0.37,0.37,0.37,0.37,3000,1110,-0.12,down,15000000,1,,
2009-10-27_72439,2009-10-27,72439,永豐W2,tpex,0.39,0.39,0.39,0.39,90000,35100,-0.07,down,15000000,1,,
2009-10-27_72440,2009-10-27,72440,永豐W3,tpex,,,,,0,0,,flat,20000000,0,,
2009-10-27_72441,2009-10-27,72441,永豐W4,tpex,0.49,0.50,0.46,0.47,572000,271700,-0.04,,7500000,16,,
2009-10-27_72442,2009-10-27,72442,永豐W5,tpex,,,,,0,0,,flat,12000000,0,,
2009-10-27_72443,2009-10-27,72443,永豐W6,tpex,0.29,0.29,0.29,0.29,100000,29000,-0.07,down,10000000,2,,
2009-10-27_72444,2009-10-27,72444,永豐W7,tpex,0.45,0.45,0.45,0.45,26000,11700,-0.03,down,15000000,2,,
2009-10-27_72446,2009-10-27,72446,日盛W8,tpex,0.84,0.87,0.81,0.81,289000,247740,-0.05,,10000000,6,,
2009-10-27_72447,2009-10-27,72447,日盛W9,tpex,1.13,1.13,1.13,1.13,5000,5650,0.00,flat,15000000,1,,
2009-10-27_72448,2009-10-27,72448,日盛PA,tpex,2.18,2.18,2.18,2.18,5000,10900,-0.19,down,8000000,1,,
2009-10-27_72449,2009-10-27,72449,日盛PB,tpex,,,,,0,0,,flat,10000000,0,,
2009-10-27_72450,2009-10-27,72450,日盛PC,tpex,1.04,1.04,0.94,1.00,129000,123660,-0.04,,10000000,6,,
2009-10-27_72451,2009-10-27,72451,國泰QA,tpex,1.02,1.02,1.02,1.02,4000,4080,-0.05,down,8000000,1,,
2009-10-27_72452,2009-10-27,72452,國泰QB,tpex,,,,,0,0,,flat,10000000,0,,
2009-10-27_72453,2009-10-27,72453,國泰QC,tpex,0.98,1.17,0.98,1.15,80000,86800,0.12,,7000000,4,,
2009-10-27_72454,2009-10-27,72454,國泰QD,tpex,1.56,1.71,1.56,1.71,169000,273740,0.05,,10000000,4,,
2009-10-27_72455,2009-10-27,72455,群益SC,tpex,3.08,3.15,3.01,3.15,126000,387400,0.03,,10000000,6,,
2009-10-27_72456,2009-10-27,72456,群益SD,tpex,1.37,1.39,1.37,1.38,229000,316020,-0.03,,10000000,4,,
2009-10-27_72457,2009-10-27,72457,群益SE,tpex,,,,,0,0,,flat,10000000,0,,
2009-10-27_72458,2009-10-27,72458,永豐W8,tpex,1.28,1.31,1.15,1.25,736000,905970,0.00,,8000000,63,,
2009-10-27_72459,2009-10-27,72459,永豐W9,tpex,0.41,0.42,0.41,0.42,143000,58930,-0.04,,20000000,4,,
2009-10-27_72460,2009-10-27,72460,永豐PA,tpex,0.33,0.33,0.33,0.33,10000,3300,-0.04,down,15000000,1,,
2009-10-27_72461,2009-10-27,72461,永豐PB,tpex,,,,,0,0,,flat,8000000,0,,
2009-10-27_72462,2009-10-27,72462,永豐PC,tpex,0.91,0.94,0.91,0.94,7000,6400,0.00,,8000000,2,,
2009-10-27_72463,2009-10-27,72463,永豐PD,tpex,0.56,0.56,0.54,0.54,50000,27500,-0.03,,8000000,3,,
2009-10-27_72464,2009-10-27,72464,永豐PE,tpex,0.35,0.35,0.35,0.35,8000,2800,-0.03,down,12000000,1,,
2009-10-27_72465,2009-10-27,72465,永豐PF,tpex,0.96,0.96,0.96,0.96,65000,62400,-0.02,down,12000000,1,,
2009-10-27_72466,2009-10-27,72466,永豐PG,tpex,0.70,0.70,0.69,0.69,120000,83000,-0.02,,15000000,3,,
2009-10-27_72467,2009-10-27,72467,永豐PH,tpex,0.76,0.76,0.72,0.75,288000,215780,-0.05,,8000000,10,,
2009-10-27_72468,2009-10-27,72468,永豐PJ,tpex,0.59,0.59,0.58,0.58,4000,2340,-0.12,,12000000,2,,
2009-10-27_72469,2009-10-27,72469,永豐PK,tpex,0.48,0.48,0.46,0.46,23000,10980,-0.04,,15000000,2,,
2009-10-27_72470,2009-10-27,72470,永豐PL,tpex,,,,,0,0,,flat,12000000,0,,
2009-10-27_72471,2009-10-27,72471,永豐PM,tpex,0.38,0.38,0.38,0.38,50000,19000,-0.03,down,12000000,2,,
2009-10-27_72472,2009-10-27,72472,永豐PN,tpex,0.66,0.66,0.63,0.63,80000,51300,-0.04,,10000000,2,,
2009-10-27_72473,2009-10-27,72473,永豐PP,tpex,0.35,0.35,0.34,0.34,13000,4520,-0.02,,12000000,2,,
2009-10-27_72474,2009-10-27,72474,永豐PQ,tpex,0.56,0.56,0.52,0.53,144000,78110,-0.02,,10000000,8,,
2009-10-27_72475,2009-10-27,72475,大華RX,tpex,,,,,0,0,,flat,10000000,0,,
2009-10-27_72476,2009-10-27,72476,大華RY,tpex,1.45,1.47,1.41,1.41,80000,114300,-0.08,,10000000,3,,
2009-10-27_72477,2009-10-27,72477,大華RZ,tpex,,,,,0,0,,flat,12000000,0,,
2009-10-27_72478,2009-10-27,72478,大華SA,tpex,,,,,0,0,,flat,12000000,0,,
2009-10-27_72479,2009-10-27,72479,台証UH,tpex,0.47,0.49,0.47,0.48,92000,44540,-0.03,,20000000,5,,
2009-10-27_72480,2009-10-27,72480,台証UJ,tpex,0.86,0.86,0.86,0.86,50000,43000,-0.02,down,10000000,4,,
2009-10-27_72481,2009-10-27,72481,台証UK,tpex,,,,,0,0,,flat,10000000,0,,
2009-10-27_72482,2009-10-27,72482,台証UL,tpex,,,,,0,0,,flat,10000000,0,,
2009-10-27_72483,2009-10-27,72483,台証UM,tpex,0.89,0.92,0.89,0.92,34000,30560,-0.03,,10000000,3,,
2009-10-27_72484,2009-10-27,72484,台証UN,tpex,,,,,0,0,,flat,10000000,0,,
2009-10-27_72485,2009-10-27,72485,元大VS,tpex,1.34,1.34,1.34,1.34,3000,4020,0.00,flat,5000000,2,,
2009-10-27_72486,2009-10-27,72486,元大VT,tpex,1.14,1.14,1.14,1.14,40000,45600,-0.23,down,5000000,2,,
2009-10-27_72487,2009-10-27,72487,元大VU,tpex,0.85,0.85,0.81,0.81,101000,83260,-0.05,,5000000,13,,
2009-10-27_72488,2009-10-27,72488,元大VV,tpex,1.20,1.22,1.20,1.22,16000,19500,0.02,,5000000,2,,
2009-10-27_72489,2009-10-27,72489,元大VW,tpex,1.19,1.20,1.15,1.20,43000,51170,-0.01,,5000000,4,,
2009-10-27_72490,2009-10-27,72490,永昌V5,tpex,1.09,1.09,1.09,1.09,2000,2180,-0.09,down,20000000,1,,
2009-10-27_72491,2009-10-27,72491,永昌V6,tpex,1.80,1.83,1.70,1.75,274000,482730,-0.09,,20000000,13,,
2009-10-27_72492,2009-10-27,72492,國泰QE,tpex,,,,,0,0,,flat,8000000,0,,
2009-10-27_72493,2009-10-27,72493,國泰QF,tpex,,,,,0,0,,flat,10000000,0,,
2009-10-27_72494,2009-10-27,72494,大華SB,tpex,,,,,0,0,,flat,10000000,0,,
2009-10-27_72495,2009-10-27,72495,大華SC,tpex,,,,,0,0,,flat,10000000,0,,
2009-10-27_72496,2009-10-27,72496,凱基V4,tpex,,,,,0,0,,flat,5000000,0,,
2009-10-27_72497,2009-10-27,72497,凱基V5,tpex,0.53,0.53,0.53,0.53,10000,5300,0.02,up,20000000,1,,
2009-10-27_72498,2009-10-27,72498,凱基V6,tpex,2.46,2.48,2.46,2.48,20000,49400,-0.20,,5000000,2,,
2009-10-27_72499,2009-10-27,72499,元大VX,tpex,0.48,0.48,0.46,0.48,116000,54060,-0.06,,10000000,5,,
2009-10-27_72501,2009-10-27,72501,元大VZ,tpex,1.53,1.53,1.46,1.47,70000,104600,-0.25,,10000000,4,,
2009-10-27_72503,2009-10-27,72503,元大WB,tpex,1.31,1.36,1.31,1.36,85000,111850,-0.19,,5000000,4,,
2009-10-27_72504,2009-10-27,72504,元大WC,tpex,,,,,0,0,,flat,5000000,0,,
2009-10-27_72505,2009-10-27,72505,元大WD,tpex,3.78,3.84,3.75,3.84,9000,34260,-0.28,,5000000,3,,
2009-10-27_72507,2009-10-27,72507,元富SQ,tpex,0.49,0.49,0.49,0.49,10000,4900,-0.05,down,15000000,1,,
2009-10-27_72508,2009-10-27,72508,元富SR,tpex,,,,,0,0,,flat,10000000,0,,
2009-10-27_72509,2009-10-27,72509,元富SS,tpex,,,,,0,0,,flat,15000000,0,,
2009-10-27_72510,2009-10-27,72510,群益SF,tpex,1.00,1.01,0.99,1.00,43000,43290,-0.09,,15000000,4,,
2009-10-27_72511,2009-10-27,72511,日盛PD,tpex,,,,,0,0,,flat,8000000,0,,
2009-10-27_72513,2009-10-27,72513,日盛PF,tpex,,,,,0,0,,flat,10000000,0,,
2009-10-27_72514,2009-10-27,72514,永豐PR,tpex,0.52,0.52,0.51,0.51,45000,23050,-0.01,,20000000,6,,
2009-10-27_72515,2009-10-27,72515,永豐PS,tpex,0.85,0.85,0.38,0.38,20000,12300,-0.07,,15000000,2,,
2009-10-27_72516,2009-10-27,72516,永豐PT,tpex,0.44,0.44,0.39,0.39,25000,10200,0.01,,15000000,4,,
2009-10-27_72517,2009-10-27,72517,日盛PG,tpex,,,,,0,0,,flat,10000000,0,,
2009-10-27_72518,2009-10-27,72518,日盛PH,tpex,1.14,1.14,1.14,1.14,1000,1140,-0.03,down,10000000,1,,
2009-10-27_72519,2009-10-27,72519,國泰QG,tpex,,,,,0,0,,flat,12000000,0,,
2009-10-27_72520,2009-10-27,72520,國泰QH,tpex,,,,,0,0,,flat,8000000,0,,
2009-10-27_72521,2009-10-27,72521,國泰QJ,tpex,1.07,1.10,1.07,1.10,20000,21650,-0.12,,8000000,3,,
2009-10-27_72523,2009-10-27,72523,康和RP,tpex,2.22,2.23,2.22,2.23,10000,22250,0.00,,5000000,2,,
2009-10-27_72524,2009-10-27,72524,康和RQ,tpex,,,,,0,0,,flat,5000000,0,,
2009-10-27_72525,2009-10-27,72525,康和RR,tpex,2.00,2.02,1.84,1.88,100000,190670,-0.05,,5000000,30,,
2009-10-27_72526,2009-10-27,72526,康和RS,tpex,,,,,0,0,,flat,5000000,0,,
2009-10-27_72527,2009-10-27,72527,永昌V7,tpex,,,,,0,0,,flat,20000000,0,,
2009-10-27_72528,2009-10-27,72528,永昌V8,tpex,,,,,0,0,,flat,20000000,0,,
2009-10-27_72529,2009-10-27,72529,永昌V9,tpex,,,,,0,0,,flat,20000000,0,,
2009-10-27_72530,2009-10-27,72530,永昌W1,tpex,,,,,0,0,,flat,20000000,0,,
2009-10-27_72531,2009-10-27,72531,永昌W2,tpex,1.08,1.08,1.08,1.08,10000,10800,-0.48,down,20000000,1,,
2009-10-27_72532,2009-10-27,72532,群益SG,tpex,1.12,1.12,1.07,1.07,13000,14510,0.07,,10000000,3,,
2009-10-27_72533,2009-10-27,72533,元富ST,tpex,,,,,0,0,,flat,15000000,0,,
2009-10-27_72534,2009-10-27,72534,元富SU,tpex,,,,,0,0,,flat,20000000,0,,
2009-10-27_72535,2009-10-27,72535,元富SV,tpex,,,,,0,0,,flat,12000000,0,,
2009-10-27_72536,2009-10-27,72536,元富SW,tpex,,,,,0,0,,flat,12000000,0,,
2009-10-27_72537,2009-10-27,72537,元富SX,tpex,,,,,0,0,,flat,10000000,0,,
2009-10-27_72538,2009-10-27,72538,元富SY,tpex,,,,,0,0,,flat,15000000,0,,
2009-10-27_72539,2009-10-27,72539,工銀PS,tpex,,,,,0,0,,flat,10000000,0,,
2009-10-27_72540,2009-10-27,72540,工銀PT,tpex,,,,,0,0,,flat,10000000,0,,
2009-10-27_72541,2009-10-27,72541,工銀PU,tpex,,,,,0,0,,flat,10000000,0,,
2009-10-27_72542,2009-10-27,72542,工銀PV,tpex,,,,,0,0,,flat,10000000,0,,
2009-10-27_72543,2009-10-27,72543,工銀PW,tpex,,,,,0,0,,flat,10000000,0,,
2009-10-27_72544,2009-10-27,72544,元大WF,tpex,3.04,3.04,3.02,3.02,111000,337340,-0.86,,10000000,4,,
2009-10-27_72546,2009-10-27,72546,元大WH,tpex,1.60,1.71,1.45,1.45,445000,755140,-0.30,,5000000,14,,
2009-10-27_8008,2009-10-27,8008,建興電,twse,26.90,27.10,26.70,26.85,2895977,77861661,-0.05,,,1141,,
2009-10-27_8016,2009-10-27,8016,矽創,twse,58.10,59.00,57.70,58.50,520243,30426330,0.4,,,348,,
2009-10-27_8021,2009-10-27,8021,尖點,twse,34.55,35.00,34.50,34.80,526773,18269015,0.25,,,291,,
2009-10-27_8024,2009-10-27,8024,佑華,tpex,22.40,22.40,21.90,22.00,435000,9579250,-0.40,,56354250,150,,
2009-10-27_8032,2009-10-27,8032,光菱,tpex,18.30,18.60,17.60,18.10,721000,13082000,-0.45,,51810300,334,,
2009-10-27_8033,2009-10-27,8033,雷虎,twse,15.35,15.45,15.05,15.05,378698,5739094,-0.3,,,170,,
2009-10-27_8034,2009-10-27,8034,榮群,tpex,12.65,12.65,12.20,12.50,111000,1390500,-0.15,,63764725,40,,
2009-10-27_8039,2009-10-27,8039,台虹,tpex,45.25,46.50,45.15,45.25,1484000,67646900,-0.20,,163531222,610,,
2009-10-27_8040,2009-10-27,8040,九暘,tpex,27.60,27.95,27.20,27.85,514000,14156400,0.25,,84194474,264,,
2009-10-27_8042,2009-10-27,8042,金山電,tpex,50.10,50.50,49.20,50.00,684000,34103800,-0.60,,87772588,324,,
2009-10-27_8043,2009-10-27,8043,蜜望實,tpex,19.70,19.75,19.40,19.55,266000,5197800,-0.20,,91847321,111,,
2009-10-27_8044,2009-10-27,8044,網家,tpex,76.90,78.00,74.00,74.10,918000,69810400,-2.80,,55981873,587,,
2009-10-27_8046,2009-10-27,8046,南電,twse,103.00,104.00,101.00,102.50,2537037,258740311,-2.0,,,1607,,
2009-10-27_8047,2009-10-27,8047,星雲,tpex,11.85,12.75,11.80,12.75,421000,5290500,0.80,,49563843,106,,
2009-10-27_8048,2009-10-27,8048,德勝,tpex,22.80,23.00,22.40,22.45,164000,3704250,-1.00,,43548729,77,,
2009-10-27_8049,2009-10-27,8049,晶采,tpex,11.45,11.80,11.40,11.45,545000,6262900,-0.10,,87700265,177,,
2009-10-27_8050,2009-10-27,8050,廣積,tpex,53.00,53.50,52.80,53.00,249000,13234000,0.00,,64433481,193,,
2009-10-27_8054,2009-10-27,8054,安國,tpex,62.00,62.90,61.90,62.90,494000,30881900,0.40,,75295828,306,,
2009-10-27_8064,2009-10-27,8064,東捷,tpex,24.00,24.00,23.00,23.70,1957000,45812650,-0.10,,131285836,818,,
2009-10-27_8066,2009-10-27,8066,福陞,tpex,1.47,1.47,1.47,1.47,21000,30870,0.09,up,111321000,4,,
2009-10-27_8067,2009-10-27,8067,志旭,tpex,12.20,12.20,11.60,12.00,102000,1204300,-0.20,,44755439,51,,
2009-10-27_8068,2009-10-27,8068,全達,tpex,58.20,59.50,58.00,58.30,99000,5798300,0.10,,30660000,87,,
2009-10-27_8069,2009-10-27,8069,元太,tpex,57.50,57.80,56.40,57.40,11677000,667565800,-0.40,,832651642,4520,,
2009-10-27_8070,2009-10-27,8070,長華*,twse,132.00,133.00,129.50,131.00,613446,80278480,-3.5,,,274,,
2009-10-27_8071,2009-10-27,8071,豐聲,tpex,22.60,23.50,22.60,22.80,41000,933750,0.20,,33774283,36,,
2009-10-27_8072,2009-10-27,8072,陞泰,twse,100.00,100.00,99.10,99.90,167899,16759715,-0.1,,,141,,
2009-10-27_8074,2009-10-27,8074,鉅橡,tpex,18.35,18.70,18.30,18.35,334000,6140800,-0.15,,47633363,170,,
2009-10-27_8076,2009-10-27,8076,伍豐,tpex,69.00,70.00,68.60,69.70,835000,57872600,0.60,,154075080,596,,
2009-10-27_8077,2009-10-27,8077,冠華,tpex,21.00,21.10,20.70,20.90,165000,3446550,-0.20,,19008250,53,,
2009-10-27_8078,2009-10-27,8078,華寶,twse,43.15,44.00,42.70,43.20,3003302,129861339,-0.3,,,1503,,
2009-10-27_8079,2009-10-27,8079,誠遠,tpex,18.90,19.15,18.70,18.90,474000,8953700,0.00,,62451598,131,,
2009-10-27_8080,2009-10-27,8080,奧斯特,tpex,14.95,15.05,14.80,14.90,232000,3451650,-0.15,,47717570,57,,
2009-10-27_8081,2009-10-27,8081,致新,twse,139.50,140.50,136.50,137.50,874561,120572479,-2.0,,,666,,
2009-10-27_8082,2009-10-27,8082,捷超,tpex,12.30,12.55,12.00,12.10,1464000,17915450,-0.40,,63526307,230,,
2009-10-27_8083,2009-10-27,8083,瑞穎,tpex,22.90,22.90,22.80,22.80,3000,68500,0.00,,30133193,3,,
2009-10-27_8084,2009-10-27,8084,巨虹,tpex,14.50,14.50,14.25,14.25,80000,1145850,-0.30,,40476544,40,,
2009-10-27_8085,2009-10-27,8085,福華,tpex,12.00,12.25,11.80,11.85,771000,9203800,-0.25,,157257242,257,,
2009-10-27_8086,2009-10-27,8086,宏捷科,tpex,34.60,34.60,33.80,34.00,591000,20128650,-0.60,,113940500,323,,
2009-10-27_8087,2009-10-27,8087,華鎂鑫,tpex,9.40,9.55,9.22,9.55,35000,325870,-0.30,,35218635,20,,
2009-10-27_8088,2009-10-27,8088,品安,tpex,15.90,15.95,15.40,15.40,592000,9251050,-0.50,,41778468,233,,
2009-10-27_8091,2009-10-27,8091,翔名,tpex,24.60,25.50,24.30,24.30,606000,15019200,0.10,,37000000,270,,
2009-10-27_8092,2009-10-27,8092,建暐,tpex,10.20,10.70,10.10,10.70,357000,3760700,0.70,,28342817,123,,
2009-10-27_8093,2009-10-27,8093,保銳,tpex,17.00,17.00,16.25,16.40,247000,4072250,-0.60,,64208493,132,,
2009-10-27_8096,2009-10-27,8096,擎亞,tpex,26.50,27.05,26.00,26.50,1407000,37062300,0.00,,93188708,538,,
2009-10-27_8097,2009-10-27,8097,鴻松,tpex,6.31,6.31,6.31,6.31,460000,2902600,0.41,up,40350421,83,,
2009-10-27_8099,2009-10-27,8099,大世科,tpex,33.00,34.80,32.60,33.80,714000,24344200,0.80,,67200000,400,,
2009-10-27_8101,2009-10-27,8101,華冠,twse,13.00,13.15,12.80,12.85,2254418,29190204,-0.3,,,739,,
2009-10-27_8103,2009-10-27,8103,瀚荃,twse,36.00,36.00,34.50,34.90,1019506,35710981,-0.7,,,505,,
2009-10-27_8105,2009-10-27,8105,凌巨,twse,21.00,21.00,20.40,20.45,4551226,94017964,-0.65,,,1450,,
2009-10-27_8107,2009-10-27,8107,大億科,tpex,17.30,17.55,17.15,17.55,1220000,21222250,0.15,,171650856,392,,
2009-10-27_8109,2009-10-27,8109,博大,tpex,35.60,35.60,35.10,35.60,142000,5013050,-0.15,,44579463,66,,
2009-10-27_8110,2009-10-27,8110,華東,twse,10.60,10.60,10.30,10.35,3972019,41353639,-0.15,,,956,,
2009-10-27_8111,2009-10-27,8111,立碁,tpex,17.10,17.10,16.40,16.65,1337000,22287400,-0.40,,83588306,424,,
2009-10-27_8112,2009-10-27,8112,至上,twse,23.00,23.80,22.80,23.20,7016103,163815523,0.05,,,2243,,
2009-10-27_8114,2009-10-27,8114,振樺電,tpex,49.00,49.80,49.00,49.20,89000,4393350,0.10,,54947202,55,,
2009-10-27_8121,2009-10-27,8121,越峰,tpex,32.70,32.90,31.60,32.00,904000,29079250,-1.00,,114958210,477,,
2009-10-27_8131,2009-10-27,8131,福懋科,twse,38.20,40.35,37.30,39.50,8546848,334821212,1.75,,,2734,,
2009-10-27_8163,2009-10-27,8163,達方,twse,48.30,48.80,48.25,48.55,1285633,62429471,-0.1,,,665,,
2009-10-27_8182,2009-10-27,8182,加高,tpex,22.80,22.95,22.25,22.95,417000,9413150,0.15,,81870572,113,,
2009-10-27_8183,2009-10-27,8183,精星,tpex,8.84,8.94,8.59,8.70,928000,8071970,-0.04,,115126068,246,,
2009-10-27_8201,2009-10-27,8201,無敵,twse,38.75,38.90,37.60,37.75,184673,7090567,-0.25,,,100,,
2009-10-27_8210,2009-10-27,8210,勤誠,tpex,19.20,19.50,19.00,19.30,268000,5155150,-0.25,,111510879,108,,
2009-10-27_8234,2009-10-27,8234,新漢,tpex,23.10,23.70,23.10,23.30,138000,3208200,-0.40,,80860916,76,,
2009-10-27_8240,2009-10-27,8240,華宏,tpex,61.30,61.80,61.00,61.80,382000,23481900,0.50,,76114460,218,,
2009-10-27_8249,2009-10-27,8249,菱光,twse,21.00,21.20,20.25,20.65,1509060,31085437,-0.35,,,499,,
2009-10-27_8255,2009-10-27,8255,朋程,tpex,140.50,143.00,138.50,140.00,219000,30688500,-3.50,,54009000,153,,
2009-10-27_8261,2009-10-27,8261,富鼎,tpex,32.00,32.45,31.60,32.20,3114000,99964000,0.05,,136173112,1181,,
2009-10-27_8266,2009-10-27,8266,中日新,tpex,26.50,26.50,24.90,25.80,1545000,39309100,-0.70,,70031650,432,,
2009-10-27_8287,2009-10-27,8287,英格爾,tpex,21.80,21.80,21.30,21.45,102000,2195350,-0.40,,47110358,61,,
2009-10-27_8289,2009-10-27,8289,泰藝,tpex,14.90,14.95,14.40,14.80,198000,2895800,-0.15,,72694934,67,,
2009-10-27_8299,2009-10-27,8299,群聯,tpex,254.00,261.50,252.00,261.50,3836000,984507000,8.50,,146727286,2630,,
2009-10-27_8349,2009-10-27,8349,友信,tpex,19.50,19.50,19.20,19.50,9000,174400,-0.05,,62172740,8,,
2009-10-27_8354,2009-10-27,8354,冠郝,tpex,12.95,13.25,12.75,12.95,85000,1105600,-0.10,,47534000,36,,
2009-10-27_8374,2009-10-27,8374,羅昇,twse,32.10,32.40,31.40,32.40,296420,9462158,-0.1,,,150,,
2009-10-27_8383,2009-10-27,8383,千附,tpex,30.20,30.65,29.90,30.65,111000,3362900,0.45,,93615626,88,,
2009-10-27_8390,2009-10-27,8390,金益鼎,tpex,46.00,48.00,46.00,47.25,373000,17629950,-1.25,,56368402,216,,
2009-10-27_8705,2009-10-27,8705,東隆,tpex,28.00,28.00,27.85,28.00,30000,838600,0.00,,83206286,16,,
2009-10-27_8905,2009-10-27,8905,裕國,tpex,15.10,15.10,14.80,15.10,13000,193600,-0.15,,119440000,11,,
2009-10-27_8906,2009-10-27,8906,花王,tpex,5.77,6.63,5.77,6.63,634000,4035410,0.43,,51321600,191,,
2009-10-27_8908,2009-10-27,8908,欣雄,tpex,,,,,0,0,,flat,76047072,0,,
2009-10-27_8913,2009-10-27,8913,華夏資,tpex,9.68,9.68,9.47,9.55,52000,497730,-0.10,,35164632,21,,
2009-10-27_8916,2009-10-27,8916,光隆,tpex,13.40,13.50,13.20,13.50,162000,2168150,0.05,,82704000,51,,
2009-10-27_8917,2009-10-27,8917,欣泰,tpex,43.05,43.05,43.05,43.05,1000,43050,-0.80,down,100573380,1,,
2009-10-27_8921,2009-10-27,8921,沈氏,tpex,9.85,9.85,9.85,9.85,1000,9850,-0.15,down,46592159,1,,
2009-10-27_8923,2009-10-27,8923,時報,tpex,13.55,13.55,13.55,13.55,20000,271000,0.00,flat,30375800,5,,
2009-10-27_8924,2009-10-27,8924,大田,tpex,42.50,42.70,42.20,42.50,157000,6671800,-0.20,,121263282,86,,
2009-10-27_8925,2009-10-27,8925,偉盟,tpex,22.00,22.00,21.45,21.80,2635000,57244150,-0.30,,224807346,711,,
2009-10-27_8926,2009-10-27,8926,台汽電,twse,15.55,15.60,15.40,15.40,2038491,31587253,-0.25,,,443,,
2009-10-27_8927,2009-10-27,8927,北基,tpex,14.15,14.20,13.90,14.05,68000,955800,-0.15,,90957085,14,,
2009-10-27_8928,2009-10-27,8928,鉅明,tpex,11.80,11.90,11.75,11.85,57000,673450,0.05,,63567519,24,,
2009-10-27_8929,2009-10-27,8929,富堡,tpex,40.05,43.85,39.90,42.00,1055000,44525100,1.00,,25206377,537,,
2009-10-27_8930,2009-10-27,8930,青鋼,tpex,10.35,10.40,10.30,10.35,68000,703500,0.00,,43442248,21,,
2009-10-27_8931,2009-10-27,8931,大汽電,tpex,12.80,12.80,12.30,12.50,157000,1962650,-0.20,,106623811,46,,
2009-10-27_8932,2009-10-27,8932,宏大,tpex,11.40,11.40,11.25,11.40,54000,612950,-0.10,,37800000,20,,
2009-10-27_8933,2009-10-27,8933,愛地雅,tpex,28.50,28.70,28.25,28.40,1206000,34274500,-0.10,,114340582,494,,
2009-10-27_8934,2009-10-27,8934,世一旦,tpex,,,,,0,0,,flat,65000000,0,,
2009-10-27_8935,2009-10-27,8935,邦泰,tpex,13.20,13.20,12.95,13.15,1289000,16868050,-0.15,,151902107,527,,
2009-10-27_8936,2009-10-27,8936,國統,tpex,19.45,19.80,18.80,19.60,900000,17286650,0.15,,90479262,347,,
2009-10-27_8937,2009-10-27,8937,合騏,tpex,11.85,11.85,11.15,11.15,415000,4767200,-0.70,,73116800,130,,
2009-10-27_8938,2009-10-27,8938,明安,tpex,60.00,60.30,59.60,60.20,259000,15501000,0.20,,128276186,141,,
2009-10-27_8940,2009-10-27,8940,新天地,twse,22.10,22.10,21.80,21.90,45010,984416,-0.05,,,29,,
2009-10-27_8941,2009-10-27,8941,關中,tpex,13.80,13.80,13.35,13.45,202000,2733800,-0.35,,91950175,70,,
2009-10-27_8942,2009-10-27,8942,森鉅,tpex,18.40,18.50,18.00,18.50,161000,2938950,0.00,,91979900,93,,
2009-10-27_8996,2009-10-27,8996,高力,tpex,39.50,40.50,38.95,40.00,627000,24844400,0.20,,57182384,367,,
2009-10-27_9102,2009-10-27,9102,東亞科,twse,5.07,5.07,4.98,4.98,22000,109740,-0.07,,,4,,
2009-10-27_9103,2009-10-27,9103,美德醫療-DR,twse,12.40,12.40,11.90,12.05,6015500,72653100,-0.2,,,1526,,
2009-10-27_9104,2009-10-27,9104,萬宇科,twse,,,,,0,0,0.0,,,0,無成交,
2009-10-27_9105,2009-10-27,9105,泰金寶-DR,twse,5.50,5.50,5.43,5.43,4557338,24856065,-0.07,,,763,,
2009-10-27_9106,2009-10-27,9106,新焦點-DR,twse,10.50,10.60,10.30,10.50,3755000,39052450,-0.15,,,983,,
2009-10-27_9136,2009-10-27,9136,巨騰-DR,twse,37.10,37.20,35.55,36.10,6802254,245405521,-0.9,,,2728,,
2009-10-27_9151,2009-10-27,9151,旺旺,twse,22.90,22.95,22.65,22.70,1517000,34546250,-0.3,,,538,,
2009-10-27_9188,2009-10-27,9188,精熙-DR,twse,13.00,13.10,12.60,12.60,4212520,53664010,-0.5,,,1372,,
2009-10-27_9902,2009-10-27,9902,台火,twse,12.90,13.05,12.85,12.90,338700,4378441,0.0,,,122,,
2009-10-27_9904,2009-10-27,9904,寶成,twse,22.40,22.50,22.25,22.40,6953928,155551149,-0.1,,,2103,,
2009-10-27_9905,2009-10-27,9905,大華,twse,20.80,21.00,20.70,20.85,487082,10130397,-0.15,,,170,,
2009-10-27_9906,2009-10-27,9906,欣巴巴,twse,1.21,1.33,1.21,1.33,27709,35056,0.03,,,9,,
2009-10-27_9907,2009-10-27,9907,統一實,twse,12.00,12.00,11.85,11.85,2040790,24315683,-0.15,,,467,,
2009-10-27_9908,2009-10-27,9908,大台北,twse,16.70,16.70,16.40,16.45,521744,8613750,-0.45,,,165,,
2009-10-27_9910,2009-10-27,9910,豐泰,twse,26.00,26.15,25.80,26.00,172439,4485514,-0.2,,,89,,
2009-10-27_9911,2009-10-27,9911,櫻花,twse,13.70,13.95,13.60,13.75,2980929,41008383,-0.05,,,854,,
2009-10-27_9912,2009-10-27,9912,偉聯,twse,8.10,8.10,7.88,7.99,108000,860098,-0.2,,,40,,
2009-10-27_9914,2009-10-27,9914,美利達,twse,55.00,56.30,54.70,55.20,5134895,285438216,0.0,,,1938,,
2009-10-27_9917,2009-10-27,9917,中保科,twse,50.10,50.30,50.10,50.20,632783,31762625,-0.3,,,265,,
2009-10-27_9918,2009-10-27,9918,欣天然,twse,25.70,25.80,25.60,25.80,13000,334000,0.0,,,6,,
2009-10-27_9919,2009-10-27,9919,康那香,twse,23.30,23.35,22.60,22.75,1487051,34084200,-0.7,,,567,,
2009-10-27_9921,2009-10-27,9921,巨大,twse,87.10,87.80,86.40,87.80,498706,43339328,-0.1,,,379,,
2009-10-27_9922,2009-10-27,9922,優美,twse,0.56,0.56,0.56,0.56,960955,538134,0.03,up,,41,,
2009-10-27_9924,2009-10-27,9924,福興,twse,18.20,18.20,17.95,17.95,290499,5237806,-0.3,,,86,,
2009-10-27_9925,2009-10-27,9925,新保,twse,21.30,21.30,20.95,21.15,704789,14852057,-0.05,,,265,,
2009-10-27_9926,2009-10-27,9926,新海,twse,25.10,25.35,25.05,25.35,18427,461996,0.15,,,10,,
2009-10-27_9927,2009-10-27,9927,泰銘,twse,48.00,48.00,47.00,47.35,1232620,58389245,-1.05,,,616,,
2009-10-27_9928,2009-10-27,9928,中視,twse,11.35,11.35,11.00,11.05,1765261,19522205,-0.3,,,309,,
2009-10-27_9929,2009-10-27,9929,秋雨,twse,3.95,3.97,3.88,3.97,781699,3066951,-0.04,,,165,,
2009-10-27_9930,2009-10-27,9930,中聯資源,twse,41.90,41.90,41.00,41.30,444224,18355071,-0.65,,,251,,
2009-10-27_9931,2009-10-27,9931,欣高,twse,17.40,17.40,17.40,17.40,1000,17400,-0.2,down,,1,,
2009-10-27_9933,2009-10-27,9933,中鼎,twse,30.05,30.10,29.40,29.45,2706984,80148469,-0.6,,,964,,
2009-10-27_9934,2009-10-27,9934,成霖,twse,29.30,29.70,29.00,29.60,1013247,29766936,-0.3,,,404,,
2009-10-27_9935,2009-10-27,9935,慶豐富,twse,7.56,7.72,7.38,7.48,1735293,13029260,-0.24,,,406,,
2009-10-27_9937,2009-10-27,9937,全國,twse,34.40,34.90,34.35,34.70,320503,11083552,-0.3,,,115,,
2009-10-27_9938,2009-10-27,9938,百和,twse,18.60,19.90,18.50,19.90,21332012,417387524,1.3,,,4762,,
2009-10-27_9939,2009-10-27,9939,宏全,twse,55.50,55.90,54.50,54.90,4812069,265490547,-0.6,,,2152,,
2009-10-27_9940,2009-10-27,9940,信義,twse,61.50,61.50,60.00,60.80,564073,34207699,-1.1,,,269,,
2009-10-27_9941,2009-10-27,9941,裕融,twse,31.05,31.15,30.90,31.10,341112,10572533,0.05,,,132,,
2009-10-27_9942,2009-10-27,9942,茂順,twse,29.95,30.10,29.70,29.95,122218,3651674,0.0,,,65,,
2009-10-27_9943,2009-10-27,9943,好樂迪,twse,23.00,23.40,22.90,23.00,67000,1540500,0.0,,,31,,
2009-10-27_9944,2009-10-27,9944,新麗,twse,22.05,22.05,21.75,22.00,205190,4488398,-0.1,,,78,,
2009-10-27_9945,2009-10-27,9945,潤泰新,twse,41.20,42.60,41.10,41.70,16728349,700154709,0.35,,,7410,,
2009-10-27_9946,2009-10-27,9946,金革,tpex,11.90,11.90,11.50,11.90,13000,153000,-0.10,,41680026,6,,
2009-10-27_9949,2009-10-27,9949,琉園,tpex,27.00,27.00,26.50,26.60,29000,778200,-0.30,,45200000,21,,
2009-10-27_9950,2009-10-27,9950,萬國通,tpex,16.20,16.20,16.20,16.20,18000,291600,0.05,up,44520000,7,,
2009-10-27_9951,2009-10-27,9951,皇田,tpex,30.50,31.45,30.10,30.90,2096000,64636900,0.60,,74900000,871,,
2009-10-27_9955,2009-10-27,9955,佳龍,twse,64.20,65.80,63.60,64.50,1573267,101627955,-0.6,,,712,,
2009-10-27_9958,2009-10-27,9958,世紀鋼,twse,11.05,11.10,10.75,10.85,615450,6717382,-0.25,,,209,,
2009-10-27_9960,2009-10-27,9960,邁達康,tpex,26.65,26.80,25.20,25.50,325000,8398100,-1.25,,25046890,200,,
2009-10-27_9962,2009-10-27,9962,有益,tpex,13.55,13.65,13.30,13.60,98000,1322700,0.05,,73320000,49,,
