key,date,stock_id,name,market,open,high,low,close,volume,amount,change,limit,shares,transactions,price_basis,last_price
2009-08-19_0015,2009-08-19,0015,富邦,twse,6.64,6.64,6.55,6.61,39000,256260,-0.01,,,11,,
2009-08-19_0050,2009-08-19,0050,元大台灣50,twse,48.23,48.36,47.86,47.86,7780974,373820562,-0.16,,,1349,,
2009-08-19_0051,2009-08-19,0051,元大中型100,twse,26.21,26.28,26.00,26.11,162010,4229217,0.14,,,75,,
2009-08-19_0052,2009-08-19,0052,富邦科技,twse,30.30,30.50,30.30,30.46,52000,1582190,0.46,,,12,,
2009-08-19_0053,2009-08-19,0053,元大電子,twse,22.20,22.20,21.94,22.00,88000,1937950,-0.05,,,35,,
2009-08-19_0054,2009-08-19,0054,元大台商50,twse,17.70,17.90,17.70,17.78,73010,1300229,0.08,,,26,,
2009-08-19_0055,2009-08-19,0055,元大MSCI金融,twse,11.06,11.13,11.00,11.01,1877010,20757677,-0.05,,,412,,
2009-08-19_0056,2009-08-19,0056,元大高股息,twse,21.20,21.51,21.20,21.42,348136,7456760,0.2,,,29,,
2009-08-19_0057,2009-08-19,0057,富邦摩台,twse,25.75,25.75,25.60,25.60,19000,486960,-0.04,,,3,,
2009-08-19_0058,2009-08-19,0058,富邦發達,twse,27.00,27.00,26.67,26.67,11000,293700,0.07,,,3,,
2009-08-19_0059,2009-08-19,0059,富邦金融,twse,23.10,23.21,22.98,22.98,93000,2143530,-0.12,,,12,,
2009-08-19_0060,2009-08-19,0060,新台灣,twse,22.80,22.80,22.72,22.72,37000,840800,-0.15,,,3,,
2009-08-19_0061,2009-08-19,0061,元大寶滬深,twse,19.03,19.16,18.74,18.80,14397240,273011317,-0.04,,,3206,,
2009-08-19_0080,2009-08-19,0080,恒中國,twse,521.80,526.00,515.00,516.00,96405,50142830,-2.0,,,253,,
2009-08-19_0081,2009-08-19,0081,恒香港,twse,880.00,888.00,876.00,880.00,4902,4326900,4.0,,,38,,
2009-08-19_01001T,2009-08-19,01001T,土銀富邦R1,twse,10.60,10.72,10.60,10.72,23000,243920,0.13,,,7,,
2009-08-19_01002T,2009-08-19,01002T,土銀國泰R1,twse,10.32,10.36,10.32,10.36,282000,2916800,0.04,,,35,,
2009-08-19_01003T,2009-08-19,01003T,兆豐新光R1,twse,9.26,9.26,9.24,9.25,8000,73960,-0.01,,,4,,
2009-08-19_01004T,2009-08-19,01004T,土銀富邦R2,twse,10.17,10.29,10.17,10.29,109000,1117160,0.1,,,15,,
2009-08-19_01005T,2009-08-19,01005T,三鼎,twse,7.29,7.30,7.28,7.28,21000,153010,-0.01,,,8,,
2009-08-19_01006T,2009-08-19,01006T,基泰SR,tpex,6.88,6.88,6.85,6.85,75000,515550,,,247000000,3,,
2009-08-19_01007T,2009-08-19,01007T,兆豐國泰R2,twse,10.20,10.20,10.02,10.12,90000,909400,0.09,,,21,,
2009-08-19_01008T,2009-08-19,01008T,駿馬R1,twse,7.58,7.58,7.58,7.58,2000,15160,0.08,up,,1,,
2009-08-19_1101,2009-08-19,1101,台泥,twse,35.50,35.80,34.65,34.65,14618850,514155180,-0.75,,,4444,,
2009-08-19_1102,2009-08-19,1102,亞泥,twse,37.40,37.40,36.35,36.35,8912126,329045826,-0.75,,,2794,,
2009-08-19_1103,2009-08-19,1103,嘉泥,twse,16.15,16.35,15.85,15.85,1449326,23316660,-0.3,,,487,,
2009-08-19_1104,2009-08-19,1104,環泥,twse,16.05,16.10,15.70,15.80,767434,12164158,-0.05,,,297,,
2009-08-19_1107,2009-08-19,1107,建台,tpex,0.91,0.94,0.91,0.91,45000,41080,0.00,,314035300,7,,
2009-08-19_1108,2009-08-19,1108,幸福,twse,9.50,9.71,9.20,9.30,2924255,27427201,-0.2,,,853,,
2009-08-19_1109,2009-08-19,1109,信大,twse,10.75,10.85,10.30,10.35,634000,6633100,-0.35,,,184,,
2009-08-19_1110,2009-08-19,1110,東泥,twse,12.30,12.45,11.80,11.80,1013008,12232346,-0.4,,,325,,
2009-08-19_1201,2009-08-19,1201,味全,twse,38.30,38.45,37.60,37.60,4417356,167929879,-0.3,,,1652,,
2009-08-19_1203,2009-08-19,1203,味王,twse,25.50,25.50,25.10,25.15,407160,10269000,0.05,,,177,,
2009-08-19_1210,2009-08-19,1210,大成,twse,33.30,33.70,33.30,33.30,2106805,70395953,0.1,,,825,,
2009-08-19_1213,2009-08-19,1213,大飲,twse,8.88,8.99,8.85,8.91,33000,293480,0.0,,,24,,
2009-08-19_1215,2009-08-19,1215,卜蜂,twse,17.50,17.50,17.05,17.05,4112881,71164958,0.15,,,1376,,
2009-08-19_1216,2009-08-19,1216,統一,twse,32.30,32.30,31.95,32.05,13117823,420746347,0.2,,,2844,,
2009-08-19_1217,2009-08-19,1217,愛之味,twse,13.20,13.30,13.05,13.10,4388241,57612140,0.05,,,1223,,
2009-08-19_1218,2009-08-19,1218,泰山,twse,12.10,12.25,11.95,11.95,1713999,20685686,-0.1,,,531,,
2009-08-19_1219,2009-08-19,1219,福壽,twse,11.10,11.15,10.95,11.00,628400,6939066,-0.05,,,195,,
2009-08-19_1220,2009-08-19,1220,台榮,twse,7.36,7.47,7.11,7.22,509730,3733575,-0.14,,,161,,
2009-08-19_1225,2009-08-19,1225,福懋油,twse,11.25,11.35,10.95,11.00,672005,7477405,-0.25,,,239,,
2009-08-19_1227,2009-08-19,1227,佳格,twse,29.50,29.80,29.50,29.50,608960,17993471,0.05,,,201,,
2009-08-19_1229,2009-08-19,1229,聯華,twse,14.50,14.55,14.25,14.25,935342,13422721,-0.15,,,365,,
2009-08-19_1231,2009-08-19,1231,聯華食,twse,13.00,13.00,12.20,12.20,788567,9892789,-0.85,,,349,,
2009-08-19_1232,2009-08-19,1232,大統益,twse,34.30,34.60,34.30,34.55,120100,4139860,0.15,,,69,,
2009-08-19_1233,2009-08-19,1233,天仁,twse,32.00,32.40,32.00,32.00,94175,3031000,0.0,,,50,,
2009-08-19_1234,2009-08-19,1234,黑松,twse,16.65,16.80,16.65,16.65,906091,15119460,0.05,,,201,,
2009-08-19_1235,2009-08-19,1235,興泰,twse,36.25,36.25,33.65,33.65,126464,4317313,-2.35,,,27,,
2009-08-19_1236,2009-08-19,1236,宏亞,twse,15.90,15.90,15.80,15.80,43500,689300,-0.2,,,24,,
2009-08-19_1301,2009-08-19,1301,台塑,twse,59.40,59.90,58.60,58.70,5292843,311757229,-0.8,,,2716,,
2009-08-19_1303,2009-08-19,1303,南亞,twse,46.25,46.75,45.80,46.05,4390399,202765000,-0.2,,,1792,,
2009-08-19_1304,2009-08-19,1304,台聚,twse,14.60,14.65,14.20,14.25,6663399,95754061,-0.25,,,1386,,
2009-08-19_1305,2009-08-19,1305,華夏,twse,11.10,11.20,10.90,11.05,2463956,27218816,0.05,,,606,,
2009-08-19_1307,2009-08-19,1307,三芳,twse,27.70,27.70,26.90,27.25,201062,5466579,-0.5,,,92,,
2009-08-19_1308,2009-08-19,1308,亞聚,twse,22.40,22.70,22.25,22.40,2650000,59332500,0.0,,,635,,
2009-08-19_1309,2009-08-19,1309,台達化,twse,10.20,10.35,9.96,10.05,4011047,40559819,-0.15,,,833,,
2009-08-19_1310,2009-08-19,1310,台苯,twse,12.10,12.15,11.85,11.95,1962558,23602058,0.05,,,467,,
2009-08-19_1312,2009-08-19,1312,國喬,twse,11.85,11.90,11.65,11.75,12833223,151129866,0.15,,,2185,,
2009-08-19_1312A,2009-08-19,1312A,國喬特,twse,15.00,15.00,15.00,15.00,7000,105000,0.0,flat,,3,,
2009-08-19_1313,2009-08-19,1313,聯成,twse,14.20,14.30,14.10,14.15,2942154,41717957,0.0,,,603,,
2009-08-19_1314,2009-08-19,1314,中石化,twse,10.25,10.30,10.10,10.20,7678876,78256571,0.1,,,1659,,
2009-08-19_1315,2009-08-19,1315,達新,twse,20.90,21.00,20.70,20.70,100002,2082642,-0.1,,,37,,
2009-08-19_1316,2009-08-19,1316,上曜,twse,6.25,6.42,6.25,6.42,110000,700340,0.13,,,39,,
2009-08-19_1319,2009-08-19,1319,東陽,twse,36.00,36.60,35.05,36.20,2206199,79193003,0.2,,,876,,
2009-08-19_1321,2009-08-19,1321,大洋,twse,23.30,23.50,23.00,23.35,363120,8433884,0.05,,,132,,
2009-08-19_1323,2009-08-19,1323,永裕,twse,11.75,11.75,11.25,11.35,77397,881165,0.3,,,34,,
2009-08-19_1324,2009-08-19,1324,地球,twse,12.30,12.30,12.05,12.30,74000,897050,0.0,,,35,,
2009-08-19_1325,2009-08-19,1325,恆大,twse,29.40,29.60,28.20,28.20,2049000,58689850,-1.15,,,748,,
2009-08-19_1326,2009-08-19,1326,台化,twse,55.30,55.70,54.30,54.30,3305577,181231758,-1.0,,,1112,,
2009-08-19_1333,2009-08-19,1333,恩得利,tpex,4.45,4.68,4.45,4.58,142000,652820,,,102525625,28,,
2009-08-19_1336,2009-08-19,1336,台翰,tpex,16.55,16.70,16.30,16.40,26000,431300,,,66253230,18,,
2009-08-19_1402,2009-08-19,1402,遠東新,twse,35.20,35.35,34.15,34.30,15779315,544393391,-0.7,,,4860,,
2009-08-19_1409,2009-08-19,1409,新纖,twse,8.06,8.20,8.06,8.16,2655572,21601043,0.11,,,595,,
2009-08-19_1410,2009-08-19,1410,南染,twse,13.30,13.50,13.20,13.20,172113,2293119,-0.1,,,53,,
2009-08-19_1413,2009-08-19,1413,宏洲,twse,2.13,2.15,2.10,2.13,460499,977912,0.01,,,74,,
2009-08-19_1414,2009-08-19,1414,東和,twse,4.42,4.45,4.39,4.40,466756,2061571,-0.01,,,96,,
2009-08-19_1416,2009-08-19,1416,廣豐,twse,7.08,7.12,7.00,7.01,1691007,11929329,-0.07,,,413,,
2009-08-19_1417,2009-08-19,1417,嘉裕,twse,5.98,6.02,5.95,5.95,804699,4818127,0.04,,,195,,
2009-08-19_1418,2009-08-19,1418,東華,twse,5.21,5.32,5.20,5.20,428515,2241625,0.0,,,76,,
2009-08-19_1419,2009-08-19,1419,新紡,twse,32.80,33.25,32.05,32.60,2521024,82582582,0.0,,,1109,,
2009-08-19_1423,2009-08-19,1423,利華,twse,5.66,5.79,5.65,5.67,373242,2134399,0.02,,,62,,
2009-08-19_1432,2009-08-19,1432,大魯閣,twse,6.50,6.50,6.44,6.44,8000,51880,-0.47,,,4,,
2009-08-19_1434,2009-08-19,1434,福懋,twse,21.20,21.20,20.75,20.75,1324638,27648031,-0.2,,,563,,
2009-08-19_1435,2009-08-19,1435,中福,twse,2.86,2.88,2.83,2.87,462000,1322080,0.01,,,30,,
2009-08-19_1436,2009-08-19,1436,華友聯,twse,7.97,7.98,7.82,7.89,205157,1623518,-0.08,,,58,,
2009-08-19_1437,2009-08-19,1437,勤益控,twse,19.30,19.40,18.65,18.75,2725697,51604681,-0.3,,,818,,
2009-08-19_1438,2009-08-19,1438,三地開發,twse,0.82,0.82,0.82,0.82,2254,1848,-0.06,down,,3,,
2009-08-19_1439,2009-08-19,1439,雋揚,twse,14.90,14.90,14.70,14.80,28000,413300,-0.1,,,13,,
2009-08-19_1440,2009-08-19,1440,南紡,twse,11.10,11.30,10.95,11.00,3337989,37078225,-0.1,,,801,,
2009-08-19_1441,2009-08-19,1441,大東,twse,5.12,5.13,4.96,4.96,727150,3693840,-0.16,,,186,,
2009-08-19_1442,2009-08-19,1442,名軒,twse,15.30,15.50,15.25,15.30,260587,4005333,0.1,,,96,,
2009-08-19_1443,2009-08-19,1443,立益物流,twse,2.56,2.58,2.53,2.54,319545,816727,-0.02,,,70,,
2009-08-19_1444,2009-08-19,1444,力麗,twse,6.02,6.05,5.91,5.92,1004288,5990848,-0.1,,,231,,
2009-08-19_1445,2009-08-19,1445,大宇,twse,6.00,6.04,5.98,5.99,40000,240040,0.04,,,16,,
2009-08-19_1446,2009-08-19,1446,宏和,twse,8.04,8.04,7.93,7.93,13619,109080,-0.13,,,5,,
2009-08-19_1447,2009-08-19,1447,力鵬,twse,10.45,10.60,10.25,10.25,1191965,12343838,-0.2,,,269,,
2009-08-19_1449,2009-08-19,1449,佳和,twse,1.64,1.66,1.63,1.65,284145,465574,0.01,,,52,,
2009-08-19_1451,2009-08-19,1451,年興,twse,16.30,16.50,16.05,16.15,2134636,34628218,-0.05,,,539,,
2009-08-19_1452,2009-08-19,1452,宏益,twse,7.08,7.10,7.00,7.00,115000,808220,-0.05,,,38,,
2009-08-19_1453,2009-08-19,1453,大將,twse,7.50,7.60,7.40,7.40,18400,138448,0.0,,,18,,
2009-08-19_1454,2009-08-19,1454,台富,twse,5.70,6.00,5.70,5.96,55580,330743,0.01,,,24,,
2009-08-19_1455,2009-08-19,1455,集盛,twse,8.75,8.84,8.53,8.63,4916319,42773347,-0.07,,,870,,
2009-08-19_1456,2009-08-19,1456,怡華,twse,1.32,1.32,1.24,1.31,49981,65274,0.05,,,15,,
2009-08-19_1457,2009-08-19,1457,宜進,twse,4.85,4.94,4.82,4.88,498800,2434942,0.07,,,92,,
2009-08-19_1459,2009-08-19,1459,聯發,twse,9.12,9.18,9.05,9.07,317070,2884859,-0.05,,,93,,
2009-08-19_1460,2009-08-19,1460,宏遠,twse,5.86,5.90,5.86,5.88,87974,518346,-0.07,,,43,,
2009-08-19_1463,2009-08-19,1463,強盛新,twse,5.04,5.57,5.04,5.31,67000,355630,0.01,,,16,,
2009-08-19_1464,2009-08-19,1464,得力,twse,5.10,5.41,5.10,5.30,79000,409930,-0.18,,,23,,
2009-08-19_1465,2009-08-19,1465,偉全,twse,10.05,10.05,9.90,9.90,16300,161962,-0.1,,,9,,
2009-08-19_1466,2009-08-19,1466,聚隆,twse,3.96,4.00,3.92,3.94,66000,262090,0.08,,,23,,
2009-08-19_1467,2009-08-19,1467,南緯,twse,7.20,7.26,7.13,7.15,314100,2256546,-0.05,,,93,,
2009-08-19_1468,2009-08-19,1468,昶和,twse,10.90,11.05,10.85,10.85,83000,908600,-0.05,,,21,,
2009-08-19_1469,2009-08-19,1469,理隆,twse,8.10,8.10,7.90,7.90,6000,48400,-0.1,,,3,,
2009-08-19_1470,2009-08-19,1470,大統新創,twse,6.42,6.42,6.41,6.41,4000,25660,-0.07,,,4,,
2009-08-19_1471,2009-08-19,1471,首利,twse,22.25,22.25,21.60,22.25,6479120,143905665,1.45,,,1528,,
2009-08-19_1472,2009-08-19,1472,三洋實業,twse,4.30,4.48,4.20,4.20,1447000,6302920,-0.1,,,155,,
2009-08-19_1473,2009-08-19,1473,台南,twse,22.90,23.05,22.75,22.80,435290,9963270,-0.1,,,102,,
2009-08-19_1474,2009-08-19,1474,弘裕,twse,6.10,6.24,6.10,6.16,112148,691802,0.06,,,36,,
2009-08-19_1476,2009-08-19,1476,儒鴻,twse,16.00,16.15,15.90,15.95,331023,5302311,0.05,,,104,,
2009-08-19_1477,2009-08-19,1477,聚陽,twse,58.80,59.40,58.80,59.00,333369,19699123,0.2,,,172,,
2009-08-19_1503,2009-08-19,1503,士電,twse,37.45,37.90,37.30,37.90,1621863,61011834,0.7,,,545,,
2009-08-19_1504,2009-08-19,1504,東元,twse,14.85,15.00,14.65,14.70,13637704,202404194,0.25,,,2881,,
2009-08-19_1506,2009-08-19,1506,正道,twse,14.90,15.00,14.55,15.00,133000,1980750,0.0,,,44,,
2009-08-19_1507,2009-08-19,1507,永大,twse,19.65,19.75,19.45,19.55,1937050,37869685,-0.15,,,543,,
2009-08-19_1512,2009-08-19,1512,瑞利,twse,8.69,8.80,8.68,8.76,97000,847560,-0.06,,,33,,
2009-08-19_1513,2009-08-19,1513,中興電,twse,18.00,18.15,17.55,17.55,3388335,60578167,-0.25,,,911,,
2009-08-19_1514,2009-08-19,1514,亞力,twse,6.99,7.05,6.93,6.99,393015,2751204,0.0,,,67,,
2009-08-19_1515,2009-08-19,1515,力山,twse,7.10,7.31,7.10,7.28,946000,6845830,0.18,,,173,,
2009-08-19_1516,2009-08-19,1516,川飛,twse,13.30,13.40,13.20,13.35,1049767,13940912,0.15,,,287,,
2009-08-19_1517,2009-08-19,1517,利奇,twse,10.90,11.05,10.85,10.85,669105,7313688,0.1,,,202,,
2009-08-19_1519,2009-08-19,1519,華城,twse,35.50,36.10,35.50,35.50,870200,31174230,0.3,,,449,,
2009-08-19_1521,2009-08-19,1521,大億,twse,21.35,21.45,21.10,21.25,87220,1853386,-0.1,,,50,,
2009-08-19_1522,2009-08-19,1522,堤維西,twse,20.30,20.35,20.00,20.00,668375,13431360,-0.15,,,210,,
2009-08-19_1523,2009-08-19,1523,開億,twse,18.90,19.05,18.70,18.70,264392,4976941,0.1,,,130,,
2009-08-19_1524,2009-08-19,1524,耿鼎,twse,8.67,8.74,8.60,8.72,415517,3598714,0.12,,,128,,
2009-08-19_1525,2009-08-19,1525,江申,twse,19.20,20.40,19.20,19.60,76168,1501359,0.5,,,28,,
2009-08-19_1526,2009-08-19,1526,日馳,twse,5.64,5.70,5.57,5.60,165923,931562,0.0,,,52,,
2009-08-19_1527,2009-08-19,1527,鑽全,twse,29.10,29.60,29.10,29.15,818000,23996750,0.15,,,233,,
2009-08-19_1528,2009-08-19,1528,恩德,twse,9.30,9.49,9.30,9.34,1288151,12057916,0.04,,,110,,
2009-08-19_1529,2009-08-19,1529,樂事綠能,twse,3.84,3.92,3.82,3.82,596000,2296730,0.0,,,142,,
2009-08-19_1530,2009-08-19,1530,亞崴,twse,29.80,30.80,29.80,30.50,212429,6445198,0.7,,,100,,
2009-08-19_1531,2009-08-19,1531,高林股,twse,14.40,14.60,14.30,14.35,450700,6501710,0.05,,,125,,
2009-08-19_1532,2009-08-19,1532,勤美,twse,38.10,38.75,36.75,37.10,3972892,149018334,-0.8,,,1436,,
2009-08-19_1533,2009-08-19,1533,車王電,twse,18.35,19.25,18.20,19.25,1758070,33357245,1.25,,,484,,
2009-08-19_1535,2009-08-19,1535,中宇,twse,43.75,44.30,42.50,43.00,791387,34257841,-0.2,,,452,,
2009-08-19_1536,2009-08-19,1536,和大,twse,10.90,11.00,10.75,10.75,1812500,19718650,0.0,,,464,,
2009-08-19_1537,2009-08-19,1537,廣隆,twse,25.10,26.00,24.70,25.60,1360268,34676656,0.7,,,358,,
2009-08-19_1538,2009-08-19,1538,正峰,twse,25.00,25.15,24.90,24.90,882412,22067017,0.1,,,297,,
2009-08-19_1539,2009-08-19,1539,巨庭,twse,5.90,5.93,5.86,5.86,31000,182410,0.05,,,7,,
2009-08-19_1540,2009-08-19,1540,喬福,twse,28.60,28.80,28.30,28.35,187200,5333760,-0.45,,,108,,
2009-08-19_1541,2009-08-19,1541,錩泰,twse,12.00,12.00,11.85,11.85,20140,240302,-0.05,,,16,,
2009-08-19_1558,2009-08-19,1558,伸興,tpex,65.40,65.50,62.50,63.70,829000,52988000,,,43478809,415,,
2009-08-19_1560,2009-08-19,1560,中砂,twse,37.70,38.70,37.70,37.80,948244,36194819,0.3,,,537,,
2009-08-19_1565,2009-08-19,1565,精華,tpex,140.00,143.50,140.00,142.50,241000,34269500,2.50,,50315884,178,,
2009-08-19_1569,2009-08-19,1569,濱川,tpex,22.00,22.50,21.55,22.30,46000,1012850,0.00,,58684710,15,,
2009-08-19_1570,2009-08-19,1570,力肯,tpex,7.44,7.99,7.44,7.99,286000,2246910,0.52,,51500839,91,,
2009-08-19_1580,2009-08-19,1580,新麥,tpex,49.00,52.50,47.30,52.50,1584000,79818150,3.35,,36928500,722,,
2009-08-19_1582,2009-08-19,1582,信錦,tpex,61.90,63.30,60.70,61.40,3503000,217709500,0.90,,135168500,1854,,
2009-08-19_1583,2009-08-19,1583,程泰,twse,27.85,28.00,27.70,28.00,49261,1373211,0.35,,,28,,
2009-08-19_1584,2009-08-19,1584,精剛,tpex,12.65,12.80,12.60,12.65,42000,531750,0.00,,57699946,32,,
2009-08-19_1603,2009-08-19,1603,華電,twse,8.74,8.99,8.65,8.80,3314002,29119007,0.16,,,743,,
2009-08-19_1604,2009-08-19,1604,聲寶,twse,5.10,5.19,5.10,5.15,1453793,7461047,0.05,,,289,,
2009-08-19_1605,2009-08-19,1605,華新,twse,11.20,11.40,11.05,11.15,18208106,204084865,-0.05,,,3306,,
2009-08-19_1608,2009-08-19,1608,華榮,twse,8.95,9.48,8.91,9.48,21020924,196145519,0.62,,,1793,,
2009-08-19_1609,2009-08-19,1609,大亞,twse,7.00,7.34,6.91,7.20,7556114,53950234,0.3,,,1356,,
2009-08-19_1611,2009-08-19,1611,中電,twse,17.30,17.45,17.00,17.25,1185504,20443143,0.1,,,416,,
2009-08-19_1612,2009-08-19,1612,宏泰,twse,11.50,11.70,11.40,11.50,1763102,20401912,0.0,,,362,,
2009-08-19_1613,2009-08-19,1613,台一,twse,4.30,4.49,4.17,4.25,1118832,4784930,-0.17,,,291,,
2009-08-19_1614,2009-08-19,1614,三洋電,twse,29.30,29.60,28.45,29.00,715000,20571550,-0.3,,,227,,
2009-08-19_1615,2009-08-19,1615,大山,twse,8.70,8.82,8.66,8.71,37054,324244,0.06,,,14,,
2009-08-19_1616,2009-08-19,1616,億泰,twse,6.11,6.36,6.06,6.35,828013,5144816,0.24,,,160,,
2009-08-19_1617,2009-08-19,1617,榮星,twse,6.70,6.82,6.60,6.82,83000,554570,0.21,,,27,,
2009-08-19_1618,2009-08-19,1618,合機,twse,19.90,20.70,19.80,20.45,8078405,165206448,1.1,,,2210,,
2009-08-19_1701,2009-08-19,1701,中化,twse,21.30,21.60,21.25,21.40,2497841,53518411,0.15,,,933,,
2009-08-19_1702,2009-08-19,1702,南僑,twse,10.65,10.75,10.50,10.60,1045178,11078177,0.1,,,329,,
2009-08-19_1704,2009-08-19,1704,榮化,twse,34.60,36.70,34.60,36.70,9681145,346801720,2.4,,,2515,,
2009-08-19_1707,2009-08-19,1707,葡萄王,twse,23.00,23.25,22.80,22.80,276997,6371180,0.0,,,148,,
2009-08-19_1708,2009-08-19,1708,東鹼,twse,30.25,30.25,29.90,29.90,1213144,36371670,0.05,,,441,,
2009-08-19_1709,2009-08-19,1709,和益,twse,11.95,12.00,11.85,11.90,211330,2517626,0.05,,,72,,
2009-08-19_1710,2009-08-19,1710,東聯,twse,19.20,19.35,19.05,19.05,3009087,57697938,-0.05,,,879,,
2009-08-19_1711,2009-08-19,1711,永光,twse,16.00,16.25,15.90,16.00,1136528,18260441,0.05,,,405,,
2009-08-19_1712,2009-08-19,1712,興農,twse,13.10,13.30,12.70,12.80,5353780,69037340,-0.3,,,1603,,
2009-08-19_1713,2009-08-19,1713,國化,twse,10.50,10.70,10.40,10.45,276010,2897053,-0.05,,,97,,
2009-08-19_1714,2009-08-19,1714,和桐,twse,11.80,11.90,11.65,11.70,1847783,21730320,0.0,,,521,,
2009-08-19_1715,2009-08-19,1715,萬洲,twse,10.35,10.50,10.20,10.40,244545,2553701,0.57,,,39,,
2009-08-19_1716,2009-08-19,1716,永信,twse,36.20,36.40,35.75,36.00,817444,29445593,0.1,,,429,,
2009-08-19_1717,2009-08-19,1717,長興,twse,25.95,26.10,25.70,25.75,1518840,39297185,-0.05,,,621,,
2009-08-19_1718,2009-08-19,1718,中纖,twse,6.06,6.10,6.02,6.08,4663401,28279524,0.02,,,708,,
2009-08-19_1720,2009-08-19,1720,生達,twse,28.15,28.45,27.95,28.05,772200,21732769,0.0,,,389,,
2009-08-19_1721,2009-08-19,1721,國慶科技,twse,6.39,6.39,6.23,6.23,268048,1700759,-0.12,,,108,,
2009-08-19_1722,2009-08-19,1722,台肥,twse,93.50,93.90,91.20,91.70,6352902,587416886,-1.1,,,3460,,
2009-08-19_1723,2009-08-19,1723,中碳,twse,69.00,69.90,68.30,69.00,503528,34859715,1.0,,,359,,
2009-08-19_1724,2009-08-19,1724,台硝,twse,10.25,10.35,10.15,10.25,114134,1173066,0.0,,,27,,
2009-08-19_1725,2009-08-19,1725,元禎,twse,16.95,17.05,16.60,16.60,28007,473817,-0.3,,,19,,
2009-08-19_1726,2009-08-19,1726,永記,twse,37.80,37.85,37.60,37.60,25074,944981,0.0,,,22,,
2009-08-19_1727,2009-08-19,1727,中華化,twse,14.80,14.90,14.60,14.65,373191,5502773,-0.05,,,168,,
2009-08-19_1729,2009-08-19,1729,必翔,twse,65.00,66.00,64.50,65.00,2816927,183893374,0.8,,,1269,,
2009-08-19_1730,2009-08-19,1730,花仙子,twse,16.65,16.65,15.80,15.80,893573,14393839,-0.65,,,336,,
2009-08-19_1731,2009-08-19,1731,美吾華,twse,19.40,20.05,19.40,19.55,563025,11096036,0.15,,,301,,
2009-08-19_1732,2009-08-19,1732,毛寶,twse,18.40,18.50,17.50,17.55,1647234,29456446,-0.55,,,642,,
2009-08-19_1733,2009-08-19,1733,五鼎,twse,57.30,57.90,57.10,57.50,683200,39250739,0.5,,,409,,
2009-08-19_1734,2009-08-19,1734,杏輝,twse,29.20,29.60,28.60,28.60,1184602,34397756,0.0,,,565,,
2009-08-19_1735,2009-08-19,1735,日勝化,twse,10.30,10.45,10.20,10.35,48603,500269,0.05,,,23,,
2009-08-19_1736,2009-08-19,1736,喬山,twse,29.30,29.90,29.30,29.40,140472,4153010,0.1,,,92,,
2009-08-19_1737,2009-08-19,1737,臺鹽,twse,19.70,20.05,19.70,19.70,1100525,21821788,0.0,,,464,,
2009-08-19_1742,2009-08-19,1742,台蠟,tpex,42.00,42.60,42.00,42.05,33000,1387750,0.05,,33692982,26,,
2009-08-19_1752,2009-08-19,1752,南光,tpex,29.30,30.35,29.30,29.45,454000,13522850,0.45,,63000848,303,,
2009-08-19_1773,2009-08-19,1773,勝一,twse,22.90,23.20,22.85,22.95,159000,3655200,0.25,,,71,,
2009-08-19_1777,2009-08-19,1777,生泰,tpex,38.90,39.00,38.00,38.90,55000,2126050,0.50,,23771000,41,,
2009-08-19_1781,2009-08-19,1781,合世,tpex,14.70,15.00,14.40,15.00,80000,1177050,0.55,,35048170,46,,
2009-08-19_1784,2009-08-19,1784,訊聯,tpex,68.80,70.50,68.80,69.10,269000,18686700,1.00,,40074296,206,,
2009-08-19_1785,2009-08-19,1785,光洋科,tpex,71.60,72.30,70.30,70.60,2552000,181811900,,,249593329,1376,,
2009-08-19_1787,2009-08-19,1787,福盈科,tpex,10.30,10.55,9.97,10.25,519000,5304040,,,60370745,187,,
2009-08-19_1788,2009-08-19,1788,杏昌,tpex,72.50,74.30,72.20,72.30,178000,12959300,0.30,,29250000,136,,
2009-08-19_1799,2009-08-19,1799,紅電醫,tpex,26.40,26.90,26.20,26.20,99000,2608150,0.00,,23552717,60,,
2009-08-19_1802,2009-08-19,1802,台玻,twse,21.50,21.65,21.05,21.10,1025799,21814879,-0.15,,,509,,
2009-08-19_1805,2009-08-19,1805,寶徠,twse,7.18,7.50,7.16,7.16,41000,294830,-0.53,,,12,,
2009-08-19_1806,2009-08-19,1806,冠軍,twse,10.25,10.40,10.15,10.25,670786,6905164,0.05,,,204,,
2009-08-19_1808,2009-08-19,1808,潤隆,twse,18.75,18.75,18.40,18.50,81462,1512489,-0.1,,,46,,
2009-08-19_1809,2009-08-19,1809,中釉,twse,14.60,14.80,14.00,14.05,5316667,76080488,-0.45,,,1369,,
2009-08-19_1810,2009-08-19,1810,和成,twse,8.74,8.78,8.58,8.58,896913,7784135,-0.15,,,263,,
2009-08-19_1813,2009-08-19,1813,寶利徠,tpex,36.50,37.30,36.10,36.20,185000,6737750,,,41113091,131,,
2009-08-19_1815,2009-08-19,1815,富喬,tpex,12.10,12.25,12.00,12.05,910000,11045750,0.15,,242906796,226,,
2009-08-19_1902,2009-08-19,1902,台紙,twse,10.30,10.40,10.10,10.20,2824924,29061071,0.0,,,704,,
2009-08-19_1903,2009-08-19,1903,士紙,twse,71.80,72.90,67.20,68.20,2601286,183182234,-3.6,,,1387,,
2009-08-19_1904,2009-08-19,1904,正隆,twse,10.75,10.85,10.65,10.70,2849751,30559832,0.05,,,769,,
2009-08-19_1905,2009-08-19,1905,華紙,twse,12.30,12.45,12.20,12.30,2596739,31971312,0.1,,,573,,
2009-08-19_1906,2009-08-19,1906,寶隆,twse,5.30,5.37,5.28,5.28,37873,201289,0.0,,,17,,
2009-08-19_1907,2009-08-19,1907,永豐餘,twse,10.15,10.30,10.15,10.20,2769837,28314038,0.1,,,616,,
2009-08-19_1909,2009-08-19,1909,榮成,twse,9.85,10.10,9.78,9.86,2850168,28213710,0.09,,,424,,
2009-08-19_2002,2009-08-19,2002,中鋼,twse,30.80,31.00,30.50,30.50,27578894,846188249,-0.2,,,7640,,
2009-08-19_2002A,2009-08-19,2002A,中鋼特,twse,36.00,36.00,35.70,35.70,15000,538200,0.0,,,4,,
2009-08-19_2006,2009-08-19,2006,東和鋼鐵,twse,35.20,35.30,34.50,34.60,6732517,234473186,-0.15,,,2418,,
2009-08-19_2008,2009-08-19,2008,高興昌,twse,6.61,6.68,6.60,6.61,605110,4018687,0.01,,,180,,
2009-08-19_2009,2009-08-19,2009,第一銅,twse,9.36,9.50,9.20,9.30,1921580,17867676,0.07,,,499,,
2009-08-19_2010,2009-08-19,2010,春源,twse,11.15,11.30,11.15,11.20,751900,8426443,0.05,,,268,,
2009-08-19_2012,2009-08-19,2012,春雨,twse,9.40,9.46,9.26,9.32,393015,3662698,-0.02,,,146,,
2009-08-19_2013,2009-08-19,2013,中鋼構,twse,26.50,26.70,25.25,25.30,3642951,93910475,-0.75,,,1656,,
2009-08-19_2014,2009-08-19,2014,中鴻,twse,12.95,13.30,12.90,13.10,11300165,147700521,0.25,,,2079,,
2009-08-19_2015,2009-08-19,2015,豐興,twse,57.40,57.80,56.00,56.40,3096181,175424706,-0.4,,,1442,,
2009-08-19_2017,2009-08-19,2017,官田鋼,twse,6.95,7.15,6.95,7.03,1744000,12332060,0.08,,,408,,
2009-08-19_2020,2009-08-19,2020,美亞,twse,20.50,20.50,20.00,20.05,449774,9057780,-0.55,,,186,,
2009-08-19_2022,2009-08-19,2022,聚亨,twse,6.02,6.08,5.98,6.01,3667078,22071610,0.01,,,679,,
2009-08-19_2023,2009-08-19,2023,燁輝,twse,13.15,13.25,13.00,13.05,4451121,58434067,0.0,,,1238,,
2009-08-19_2024,2009-08-19,2024,志聯,twse,5.46,5.53,5.44,5.46,652074,3579589,0.03,,,128,,
2009-08-19_2025,2009-08-19,2025,千興,twse,5.98,5.98,5.88,5.90,620100,3669370,0.02,,,170,,
2009-08-19_2027,2009-08-19,2027,大成鋼,twse,25.35,25.60,25.10,25.35,2601525,65805626,0.35,,,890,,
2009-08-19_2028,2009-08-19,2028,威致,twse,7.50,7.60,7.42,7.45,885326,6638697,0.0,,,245,,
2009-08-19_2029,2009-08-19,2029,盛餘,twse,24.60,24.70,24.05,24.50,305020,7456840,0.45,,,110,,
2009-08-19_2030,2009-08-19,2030,彰源,twse,17.70,18.00,17.60,17.90,1794593,32072781,-0.25,,,392,,
2009-08-19_2031,2009-08-19,2031,新光鋼,twse,29.50,29.70,28.40,28.70,3774660,108640210,-1.1,,,1294,,
2009-08-19_2032,2009-08-19,2032,新鋼,twse,15.10,15.30,14.95,15.10,601363,9084981,-0.05,,,234,,
2009-08-19_2033,2009-08-19,2033,佳大,twse,22.00,22.25,21.30,21.70,1197950,26124513,-0.05,,,531,,
2009-08-19_2034,2009-08-19,2034,允強,twse,27.50,27.80,27.20,27.30,2677800,73521798,-0.2,,,1000,,
2009-08-19_2035,2009-08-19,2035,唐榮,tpex,32.60,33.20,32.60,33.05,523000,17186700,0.45,,350000000,259,,
2009-08-19_2038,2009-08-19,2038,海光,twse,21.50,21.60,20.80,21.10,873179,18491291,-0.3,,,349,,
2009-08-19_2049,2009-08-19,2049,上銀,twse,29.30,29.60,29.00,29.10,340540,9938320,-0.1,,,140,,
2009-08-19_2059,2009-08-19,2059,川湖,twse,174.00,174.50,163.00,173.50,774584,132094823,0.5,,,556,,
2009-08-19_2062,2009-08-19,2062,橋椿,twse,24.60,26.00,24.55,26.00,36000,909650,1.45,,,27,,
2009-08-19_2101,2009-08-19,2101,南港,twse,31.00,31.25,30.60,30.65,5300896,163635702,0.0,,,1978,,
2009-08-19_2102,2009-08-19,2102,泰豐,twse,15.50,15.70,15.15,15.20,1956877,30011075,-0.15,,,633,,
2009-08-19_2103,2009-08-19,2103,台橡,twse,38.20,38.25,37.30,37.35,2699821,101337916,-0.6,,,1039,,
2009-08-19_2104,2009-08-19,2104,國際中橡,twse,31.20,31.50,30.80,30.90,2038883,63306238,0.0,,,743,,
2009-08-19_2105,2009-08-19,2105,正新,twse,56.20,56.40,55.40,55.60,5583452,311821025,-0.2,,,1974,,
2009-08-19_2106,2009-08-19,2106,建大,twse,39.20,39.30,38.30,38.35,1645469,63793530,-0.55,,,742,,
2009-08-19_2107,2009-08-19,2107,厚生,twse,19.15,19.25,18.90,18.95,4603627,87999064,-0.05,,,1130,,
2009-08-19_2108,2009-08-19,2108,南帝,twse,24.00,24.00,23.45,23.75,1087761,25704657,-0.25,,,283,,
2009-08-19_2109,2009-08-19,2109,華豐,twse,11.25,11.55,11.20,11.35,801566,9095023,0.1,,,226,,
2009-08-19_2114,2009-08-19,2114,鑫永銓,tpex,27.50,27.80,27.45,27.80,18000,495650,,,47794322,9,,
2009-08-19_2201,2009-08-19,2201,裕隆,twse,29.60,29.80,28.80,29.00,8866372,259069664,-0.1,,,2713,,
2009-08-19_2204,2009-08-19,2204,中華,twse,18.30,18.45,17.60,17.70,10289537,184930301,-0.3,,,2670,,
2009-08-19_2206,2009-08-19,2206,三陽工業,twse,13.00,13.20,13.00,13.10,3167800,41482426,0.2,,,657,,
2009-08-19_2207,2009-08-19,2207,和泰車,twse,75.80,75.80,74.30,74.30,75300,5645108,0.0,,,65,,
2009-08-19_2208,2009-08-19,2208,台船,twse,32.80,32.80,32.30,32.50,6941250,225960523,0.3,,,2972,,
2009-08-19_2221,2009-08-19,2221,大甲,tpex,12.60,12.60,12.40,12.60,922000,11606100,0.80,,42425000,235,,
2009-08-19_2227,2009-08-19,2227,裕日車,twse,72.00,73.00,70.10,70.10,150040,10605504,-1.7,,,111,,
2009-08-19_2231,2009-08-19,2231,為升,tpex,56.90,59.10,54.40,59.10,696000,40175400,3.80,,49044757,412,,
2009-08-19_2301,2009-08-19,2301,光寶科,twse,34.90,34.90,33.65,33.80,9305316,316201956,-0.15,,,2419,,
2009-08-19_2302,2009-08-19,2302,麗正,twse,3.05,3.12,3.05,3.12,212998,659855,0.02,,,70,,
2009-08-19_2303,2009-08-19,2303,聯電,twse,13.25,13.40,13.20,13.30,29473537,391746542,0.25,,,4374,,
2009-08-19_2305,2009-08-19,2305,全友,twse,3.25,3.26,3.18,3.26,112004,360441,0.01,,,57,,
2009-08-19_2308,2009-08-19,2308,台達電,twse,87.30,87.40,84.00,84.70,5588583,477200433,-1.7,,,3056,,
2009-08-19_2311,2009-08-19,2311,日月光,twse,23.30,24.00,23.00,23.60,42719320,1005860902,0.85,,,7464,,
2009-08-19_2312,2009-08-19,2312,金寶,twse,8.74,9.02,8.73,8.91,20504864,182449433,0.19,,,3363,,
2009-08-19_2313,2009-08-19,2313,華通,twse,8.51,8.57,8.41,8.47,4518117,38303687,0.1,,,994,,
2009-08-19_2314,2009-08-19,2314,台揚,twse,14.10,14.25,14.00,14.00,1461169,20608616,0.0,,,454,,
2009-08-19_2315,2009-08-19,2315,神達,twse,13.95,14.15,13.90,13.90,3952277,55444289,0.05,,,1193,,
2009-08-19_2316,2009-08-19,2316,楠梓電,twse,9.00,9.05,8.78,8.85,5617043,50170386,0.05,,,1114,,
2009-08-19_2317,2009-08-19,2317,鴻海,twse,107.00,107.00,105.00,106.00,18842567,2000835102,1.0,,,10055,,
2009-08-19_2321,2009-08-19,2321,東訊,twse,13.00,13.10,12.75,12.75,1213587,15714099,-0.25,,,419,,
2009-08-19_2323,2009-08-19,2323,中環,twse,7.62,7.75,7.60,7.62,14745435,113087662,0.05,,,2390,,
2009-08-19_2324,2009-08-19,2324,仁寶,twse,30.80,30.80,30.20,30.20,10978078,334715488,0.0,,,3613,,
2009-08-19_2325,2009-08-19,2325,矽品,twse,41.80,41.80,41.00,41.00,6619358,273508899,-0.4,,,2698,,
2009-08-19_2327,2009-08-19,2327,國巨*,twse,8.79,8.82,8.45,8.45,15127014,131127401,-0.22,,,2270,,
2009-08-19_2328,2009-08-19,2328,廣宇,twse,38.00,38.20,37.60,37.80,3720184,141240950,0.2,,,1614,,
2009-08-19_2329,2009-08-19,2329,華泰,twse,4.74,4.78,4.70,4.72,560450,2643417,0.02,,,132,,
2009-08-19_2330,2009-08-19,2330,台積電,twse,57.50,57.90,57.30,57.40,21348705,1229817570,-0.2,,,7761,,
2009-08-19_2331,2009-08-19,2331,精英,twse,12.30,12.40,12.05,12.30,6360221,78107034,0.3,,,1433,,
2009-08-19_2332,2009-08-19,2332,友訊,twse,28.20,28.35,28.10,28.25,2780947,78419447,0.25,,,954,,
2009-08-19_2337,2009-08-19,2337,旺宏,twse,16.15,16.25,16.00,16.15,13618962,219620452,0.15,,,3799,,
2009-08-19_2338,2009-08-19,2338,光罩,twse,11.45,11.90,11.40,11.70,714289,8409378,0.25,,,182,,
2009-08-19_2340,2009-08-19,2340,台亞,twse,24.60,25.20,24.60,24.80,5591402,139427614,0.3,,,2285,,
2009-08-19_2341,2009-08-19,2341,英群,twse,1.41,1.41,1.27,1.27,31000,41760,-0.08,,,11,,
2009-08-19_2342,2009-08-19,2342,茂矽,twse,7.51,7.71,7.47,7.60,3017933,22951019,0.09,,,859,,
2009-08-19_2344,2009-08-19,2344,華邦電,twse,6.42,6.42,6.23,6.24,17753862,112122796,-0.05,,,2753,,
2009-08-19_2345,2009-08-19,2345,智邦,twse,10.90,11.20,10.85,11.00,28277355,310947832,0.15,,,3976,,
2009-08-19_2347,2009-08-19,2347,聯強,twse,57.10,58.50,57.10,58.40,9060128,524045780,1.9,,,4089,,
2009-08-19_2348,2009-08-19,2348,海悅,twse,1.45,1.49,1.45,1.49,6998,10205,0.09,,,10,,
2009-08-19_2349,2009-08-19,2349,錸德,twse,8.50,8.64,8.46,8.51,21910523,187182063,0.12,,,3820,,
2009-08-19_2350,2009-08-19,2350,環電,twse,11.55,11.75,11.55,11.55,5103778,59340884,0.05,,,1125,,
2009-08-19_2351,2009-08-19,2351,順德,twse,22.50,23.30,22.50,22.55,888030,20250221,0.05,,,391,,
2009-08-19_2352,2009-08-19,2352,佳世達,twse,14.70,14.85,14.30,14.35,18903933,275918019,-0.25,,,4286,,
2009-08-19_2353,2009-08-19,2353,宏碁,twse,68.50,68.90,68.00,68.00,7003731,477593108,-0.5,,,2258,,
2009-08-19_2354,2009-08-19,2354,鴻準,twse,81.30,82.00,81.30,81.50,2387293,194838482,0.4,,,1440,,
2009-08-19_2355,2009-08-19,2355,敬鵬,twse,18.90,19.15,18.70,18.85,3441690,65204784,0.45,,,1005,,
2009-08-19_2356,2009-08-19,2356,英業達,twse,18.55,18.70,18.45,18.45,3750170,69410439,0.05,,,1326,,
2009-08-19_2357,2009-08-19,2357,華碩,twse,51.90,52.00,51.30,51.80,18300858,946671407,0.8,,,5008,,
2009-08-19_2358,2009-08-19,2358,廷鑫,twse,7.88,7.88,7.54,7.56,44251,341608,0.06,,,32,,
2009-08-19_2359,2009-08-19,2359,所羅門,twse,12.70,12.70,12.15,12.30,1176225,14566658,-0.2,,,425,,
2009-08-19_2360,2009-08-19,2360,致茂,twse,45.60,46.10,44.30,44.55,827282,37255680,-0.8,,,499,,
2009-08-19_2361,2009-08-19,2361,鴻友,twse,1.91,2.04,1.84,1.85,55683,110584,-0.08,,,28,,
2009-08-19_2362,2009-08-19,2362,藍天,twse,42.45,42.50,40.50,41.00,3671010,152637110,-1.0,,,1528,,
2009-08-19_2363,2009-08-19,2363,矽統,twse,11.60,12.00,11.60,11.95,15317864,181908617,0.55,,,2987,,
2009-08-19_2364,2009-08-19,2364,倫飛,twse,3.00,3.17,3.00,3.17,2059497,6477288,0.2,,,259,,
2009-08-19_2365,2009-08-19,2365,昆盈,twse,30.95,31.15,30.50,30.95,1886503,58128009,0.3,,,752,,
2009-08-19_2367,2009-08-19,2367,燿華,twse,10.30,10.45,10.30,10.35,1412597,14632524,0.15,,,343,,
2009-08-19_2368,2009-08-19,2368,金像電,twse,11.70,11.80,11.45,11.50,4126715,48035255,0.0,,,922,,
2009-08-19_2369,2009-08-19,2369,菱生,twse,11.50,11.90,11.50,11.75,2380942,27880667,0.35,,,602,,
2009-08-19_2371,2009-08-19,2371,大同,twse,7.81,7.85,7.78,7.78,5987253,46721872,0.02,,,1291,,
2009-08-19_2373,2009-08-19,2373,震旦行,twse,30.75,31.50,30.60,31.00,166088,5135653,0.0,,,71,,
2009-08-19_2374,2009-08-19,2374,佳能,twse,58.50,59.10,58.30,58.70,4669415,273752922,0.9,,,2347,,
2009-08-19_2375,2009-08-19,2375,凱美,twse,4.90,4.94,4.82,4.82,1961256,9562813,0.02,,,410,,
2009-08-19_2376,2009-08-19,2376,技嘉,twse,25.90,26.20,25.65,26.00,6863138,178083360,0.2,,,1885,,
2009-08-19_2377,2009-08-19,2377,微星,twse,20.75,20.90,20.60,20.60,3265389,67694648,0.05,,,1187,,
2009-08-19_2379,2009-08-19,2379,瑞昱,twse,69.80,69.90,68.50,68.90,2939258,203182568,0.0,,,1523,,
2009-08-19_2380,2009-08-19,2380,虹光,twse,10.30,10.35,10.15,10.35,154953,1584663,0.2,,,50,,
2009-08-19_2381,2009-08-19,2381,華宇,tpex,1.77,1.78,1.76,1.76,57000,100920,0.00,,517702899,16,,
2009-08-19_2382,2009-08-19,2382,廣達,twse,60.00,60.10,59.00,59.00,5979398,355846682,-0.7,,,2843,,
2009-08-19_2383,2009-08-19,2383,台光電,twse,19.00,19.55,18.70,19.40,7479794,143324944,0.7,,,1956,,
2009-08-19_2384,2009-08-19,2384,勝華,twse,25.00,25.50,25.00,25.25,64418409,1626737815,0.85,,,13229,,
2009-08-19_2385,2009-08-19,2385,群光,twse,74.70,74.70,73.30,74.40,1521160,112433598,1.5,,,1032,,
2009-08-19_2387,2009-08-19,2387,精元,twse,34.00,34.05,33.35,33.45,1472281,49380554,-0.25,,,598,,
2009-08-19_2388,2009-08-19,2388,威盛,twse,13.50,13.60,13.15,13.20,2414076,32353515,0.05,,,433,,
2009-08-19_2390,2009-08-19,2390,云辰,twse,5.93,6.00,5.90,5.90,164201,972109,-0.02,,,48,,
2009-08-19_2391,2009-08-19,2391,合勤,twse,19.60,19.80,19.55,19.60,1104493,21708509,0.05,,,463,,
2009-08-19_2392,2009-08-19,2392,正崴,twse,62.00,62.00,61.00,61.00,2261540,138876641,0.0,,,1312,,
2009-08-19_2393,2009-08-19,2393,億光,twse,90.00,90.00,89.00,89.80,1118577,100241107,1.1,,,690,,
2009-08-19_2395,2009-08-19,2395,研華,twse,51.60,53.00,51.00,51.10,1877466,98019866,0.0,,,1015,,
2009-08-19_2396,2009-08-19,2396,精碟,tpex,0.54,0.58,0.54,0.58,1396000,770710,0.00,,1276356078,83,,
2009-08-19_2397,2009-08-19,2397,友通,twse,40.80,41.50,40.60,40.60,297897,12158764,0.1,,,204,,
2009-08-19_2399,2009-08-19,2399,映泰,twse,26.60,27.20,26.50,26.65,4839696,129687492,0.15,,,1213,,
2009-08-19_2401,2009-08-19,2401,凌陽,twse,18.55,18.80,18.30,18.70,4717798,87570912,0.5,,,1336,,
2009-08-19_2402,2009-08-19,2402,毅嘉,twse,14.80,14.80,14.40,14.60,2779305,40441218,0.05,,,579,,
2009-08-19_2403,2009-08-19,2403,友尚,twse,23.30,23.60,23.10,23.30,1653451,38550326,0.4,,,629,,
2009-08-19_2404,2009-08-19,2404,漢唐,twse,14.70,14.95,14.70,14.90,167888,2484840,0.25,,,94,,
2009-08-19_2405,2009-08-19,2405,輔信,twse,19.15,20.40,19.10,20.40,2264700,45771973,1.3,,,696,,
2009-08-19_2406,2009-08-19,2406,國碩,twse,7.45,7.59,7.40,7.57,991410,7432523,0.12,,,196,,
2009-08-19_2409,2009-08-19,2409,友達,twse,34.05,34.40,33.70,33.80,23734521,806048407,0.1,,,6939,,
2009-08-19_2412,2009-08-19,2412,中華電,twse,56.00,56.20,55.70,55.70,14942638,835227428,-0.3,,,5855,,
2009-08-19_2413,2009-08-19,2413,環科,twse,13.00,13.05,12.70,12.75,440485,5665109,-0.1,,,171,,
2009-08-19_2414,2009-08-19,2414,精技,twse,17.80,17.95,16.80,17.20,7820881,137403824,-0.2,,,1238,,
2009-08-19_2415,2009-08-19,2415,錩新,twse,9.61,9.80,9.59,9.64,78011,751585,0.04,,,39,,
2009-08-19_2417,2009-08-19,2417,圓剛,twse,39.20,39.90,38.60,39.60,4786301,188225108,1.4,,,2012,,
2009-08-19_2419,2009-08-19,2419,仲琦,twse,16.60,17.10,16.10,16.10,3471556,57768246,-0.5,,,892,,
2009-08-19_2420,2009-08-19,2420,新巨,twse,14.20,14.75,14.20,14.50,992663,14405997,0.35,,,297,,
2009-08-19_2421,2009-08-19,2421,建準,twse,18.95,19.25,18.90,19.00,621585,11851343,0.15,,,245,,
2009-08-19_2423,2009-08-19,2423,固緯,twse,17.55,18.55,16.75,18.55,337106,5940360,1.2,,,127,,
2009-08-19_2424,2009-08-19,2424,隴華,twse,10.50,11.05,10.50,11.05,36660,389488,0.45,,,29,,
2009-08-19_2425,2009-08-19,2425,承啟,twse,9.30,9.40,9.00,9.07,511465,4675019,-0.19,,,182,,
2009-08-19_2426,2009-08-19,2426,鼎元,twse,19.40,19.60,19.05,19.05,1407455,27205507,-0.25,,,683,,
2009-08-19_2427,2009-08-19,2427,三商電,twse,6.15,6.21,6.10,6.16,118448,728988,0.01,,,53,,
2009-08-19_2428,2009-08-19,2428,興勤,twse,30.30,30.30,29.50,30.20,731181,21919363,0.2,,,305,,
2009-08-19_2429,2009-08-19,2429,銘旺科,twse,,,,,0,0,0.0,,,0,無成交,
2009-08-19_2430,2009-08-19,2430,燦坤,twse,35.45,35.45,34.50,34.80,11087019,387704199,1.65,,,4074,,
2009-08-19_2431,2009-08-19,2431,聯昌,twse,13.50,13.75,13.40,13.40,651122,8815178,0.0,,,229,,
2009-08-19_2433,2009-08-19,2433,互盛電,twse,17.60,17.80,17.50,17.50,310017,5451502,-0.35,,,126,,
2009-08-19_2434,2009-08-19,2434,統懋,twse,15.60,15.75,15.40,15.50,441000,6862350,0.1,,,193,,
2009-08-19_2436,2009-08-19,2436,偉詮電,twse,25.60,25.75,25.10,25.30,2821895,71762934,0.2,,,1303,,
2009-08-19_2437,2009-08-19,2437,旺詮,twse,33.30,34.20,33.00,33.10,895547,29923845,0.35,,,364,,
2009-08-19_2438,2009-08-19,2438,翔耀,twse,0.78,0.80,0.77,0.79,338000,262530,-0.03,,,18,,
2009-08-19_2439,2009-08-19,2439,美律,twse,35.55,35.55,34.50,34.50,2020664,70798471,-0.5,,,939,,
2009-08-19_2440,2009-08-19,2440,太空梭,twse,5.79,5.79,5.53,5.60,170068,967756,-0.03,,,55,,
2009-08-19_2441,2009-08-19,2441,超豐,twse,32.70,32.95,32.55,32.85,3409487,111700185,0.15,,,1002,,
2009-08-19_2442,2009-08-19,2442,新美齊,twse,12.90,13.20,12.85,13.15,457000,5961500,0.25,,,173,,
2009-08-19_2443,2009-08-19,2443,昶虹,twse,3.50,3.55,3.49,3.52,630208,2221963,0.03,,,135,,
2009-08-19_2444,2009-08-19,2444,兆勁,twse,11.85,11.85,11.65,11.70,328000,3845650,0.05,,,118,,
2009-08-19_2446,2009-08-19,2446,全懋,twse,20.10,20.30,19.50,19.50,5406793,108190098,-0.45,,,1308,,
2009-08-19_2448,2009-08-19,2448,晶電,twse,85.50,85.50,83.30,83.30,5558440,470075284,-1.1,,,3028,,
2009-08-19_2449,2009-08-19,2449,京元電子,twse,12.05,12.35,11.95,12.10,10150957,123498661,0.2,,,2259,,
2009-08-19_2450,2009-08-19,2450,神腦,twse,41.90,42.10,41.40,41.50,519143,21629617,0.0,,,278,,
2009-08-19_2451,2009-08-19,2451,創見,twse,108.50,110.50,106.00,110.00,4665904,508412940,3.0,,,2398,,
2009-08-19_2452,2009-08-19,2452,乾坤,twse,58.70,59.00,57.20,57.50,2336292,135963044,-1.5,,,919,,
2009-08-19_2453,2009-08-19,2453,凌群,twse,9.10,9.12,8.82,8.83,136000,1217080,-0.17,,,46,,
2009-08-19_2454,2009-08-19,2454,聯發科,twse,479.00,479.00,471.00,472.00,5426549,2574155628,-1.0,,,3912,,
2009-08-19_2455,2009-08-19,2455,全新,twse,53.70,54.50,52.10,52.90,2231000,118746400,-0.1,,,770,,
2009-08-19_2456,2009-08-19,2456,奇力新,twse,12.15,12.15,11.90,11.90,555823,6677976,-0.05,,,165,,
2009-08-19_2457,2009-08-19,2457,飛宏,twse,20.65,20.85,20.40,20.40,3203633,66185208,0.0,,,1035,,
2009-08-19_2458,2009-08-19,2458,義隆,twse,46.20,47.00,45.80,45.80,13128088,608614135,0.2,,,5694,,
2009-08-19_2459,2009-08-19,2459,敦吉,twse,17.60,17.90,17.60,17.70,421203,7467870,0.1,,,92,,
2009-08-19_2460,2009-08-19,2460,建通,twse,20.50,20.75,20.30,20.50,413202,8451780,0.2,,,176,,
2009-08-19_2461,2009-08-19,2461,光群雷,twse,13.40,13.60,13.35,13.45,518741,6976827,0.0,,,172,,
2009-08-19_2462,2009-08-19,2462,良得電,twse,40.30,40.75,39.70,39.85,3555061,142990111,0.55,,,1349,,
2009-08-19_2463,2009-08-19,2463,研揚,twse,44.50,44.85,43.60,43.60,76039,3387977,-0.7,,,44,,
2009-08-19_2464,2009-08-19,2464,盟立,twse,21.90,22.75,21.65,22.50,716361,15925284,0.6,,,255,,
2009-08-19_2465,2009-08-19,2465,麗臺,twse,7.00,7.05,6.85,6.86,823060,5700676,0.03,,,263,,
2009-08-19_2466,2009-08-19,2466,冠西電,twse,27.90,27.95,27.40,27.50,91004,2525760,-0.35,,,36,,
2009-08-19_2467,2009-08-19,2467,志聖,twse,12.50,12.60,12.00,12.00,466009,5701258,-0.2,,,160,,
2009-08-19_2468,2009-08-19,2468,華經,twse,11.25,11.30,11.10,11.10,114000,1278650,-0.15,,,30,,
2009-08-19_2471,2009-08-19,2471,資通,twse,8.11,8.34,8.02,8.26,241000,1973690,0.15,,,100,,
2009-08-19_2472,2009-08-19,2472,立隆電,twse,12.95,13.20,12.70,13.00,7093181,92251134,-0.1,,,1296,,
2009-08-19_2473,2009-08-19,2473,思源,twse,22.30,22.30,21.90,22.20,616366,13604487,0.2,,,217,,
2009-08-19_2474,2009-08-19,2474,可成,twse,88.00,88.40,86.30,86.50,9017646,784418429,-0.8,,,4779,,
2009-08-19_2475,2009-08-19,2475,華映,twse,3.95,3.98,3.87,3.91,101441577,399495014,-0.01,,,8841,,
2009-08-19_2476,2009-08-19,2476,鉅祥,twse,22.30,22.40,21.40,21.55,4304099,94119089,-0.75,,,1385,,
2009-08-19_2477,2009-08-19,2477,美隆電,twse,9.20,9.30,9.17,9.17,241185,2222850,0.03,,,69,,
2009-08-19_2478,2009-08-19,2478,大毅,twse,21.00,21.90,21.00,21.20,2054332,43992816,0.0,,,887,,
2009-08-19_2480,2009-08-19,2480,敦陽科,twse,17.50,17.70,17.30,17.60,1200333,21022376,0.2,,,302,,
2009-08-19_2481,2009-08-19,2481,強茂,twse,19.40,19.70,19.20,19.25,2847186,55393573,0.05,,,942,,
2009-08-19_2482,2009-08-19,2482,連宇,twse,18.80,19.15,18.80,19.05,59050,1116795,-0.25,,,34,,
2009-08-19_2483,2009-08-19,2483,百容,twse,10.50,10.75,10.50,10.70,362000,3806150,0.15,,,89,,
2009-08-19_2484,2009-08-19,2484,希華,twse,12.50,12.70,12.30,12.30,1248758,15540969,0.1,,,318,,
2009-08-19_2485,2009-08-19,2485,兆赫,twse,59.90,60.20,58.30,58.30,6414144,379530191,-0.5,,,2831,,
2009-08-19_2486,2009-08-19,2486,一詮,twse,40.40,40.40,39.60,40.10,3025703,121059579,0.1,,,1136,,
2009-08-19_2488,2009-08-19,2488,漢平,twse,12.10,12.30,12.10,12.20,271000,3308700,0.15,,,71,,
2009-08-19_2489,2009-08-19,2489,瑞軒,twse,21.70,21.85,21.60,21.70,4190363,91185375,0.25,,,1111,,
2009-08-19_2491,2009-08-19,2491,吉祥全,twse,2.74,2.79,2.72,2.79,79813,217551,0.04,,,22,,
2009-08-19_2492,2009-08-19,2492,華新科,twse,13.40,13.40,13.10,13.25,2780375,36883838,0.15,,,606,,
2009-08-19_2493,2009-08-19,2493,揚博,twse,11.25,11.40,11.10,11.15,378669,4259325,0.0,,,128,,
2009-08-19_2495,2009-08-19,2495,普安,twse,43.00,43.20,42.70,43.10,914422,39270896,0.45,,,449,,
2009-08-19_2496,2009-08-19,2496,卓越,twse,2.12,2.12,2.12,2.12,93000,197160,-0.15,down,,5,,
2009-08-19_2497,2009-08-19,2497,怡利電,twse,18.20,18.60,18.20,18.60,35002,645187,0.45,,,22,,
2009-08-19_2498,2009-08-19,2498,宏達電,twse,340.00,342.50,336.50,338.50,4947100,1677973000,4.5,,,3705,,
2009-08-19_2499,2009-08-19,2499,東貝,twse,41.00,42.00,40.60,41.55,7169045,296930404,0.95,,,2889,,
2009-08-19_2501,2009-08-19,2501,國建,twse,12.80,12.85,12.50,12.60,3858447,48870677,-0.05,,,1033,,
2009-08-19_2504,2009-08-19,2504,國產,twse,17.20,17.35,17.00,17.00,6758571,115800557,0.0,,,1885,,
2009-08-19_2505,2009-08-19,2505,國揚,twse,16.15,16.45,16.00,16.00,3039287,49179620,-0.15,,,727,,
2009-08-19_2506,2009-08-19,2506,太設,twse,3.12,3.12,3.03,3.05,185491,565139,-0.07,,,39,,
2009-08-19_2509,2009-08-19,2509,全坤建,twse,28.20,28.50,27.20,27.35,4417244,122914258,-0.55,,,1411,,
2009-08-19_2511,2009-08-19,2511,太子,twse,13.80,13.90,13.50,13.65,1930391,26311662,-0.15,,,570,,
2009-08-19_2514,2009-08-19,2514,龍邦,twse,10.25,10.45,10.05,10.10,1044472,10660570,-0.2,,,273,,
2009-08-19_2515,2009-08-19,2515,中工,twse,9.45,9.52,9.18,9.25,20519824,191840090,-0.01,,,4571,,
2009-08-19_2516,2009-08-19,2516,新建,twse,8.05,8.10,7.95,7.95,394506,3165114,-0.08,,,103,,
2009-08-19_2520,2009-08-19,2520,冠德,twse,17.45,17.45,16.65,16.90,3014337,51493476,-0.15,,,1004,,
2009-08-19_2524,2009-08-19,2524,京城,twse,26.10,26.60,26.10,26.20,2164016,57024266,0.15,,,705,,
2009-08-19_2526,2009-08-19,2526,大陸,twse,13.40,13.60,13.10,13.40,3715134,49722729,0.1,,,1094,,
2009-08-19_2527,2009-08-19,2527,宏璟,twse,18.00,18.10,17.20,17.50,1103144,19500670,-0.5,,,379,,
2009-08-19_2528,2009-08-19,2528,皇普,twse,2.76,2.76,2.76,2.76,122225,337095,0.18,up,,16,,
2009-08-19_2530,2009-08-19,2530,華建,twse,7.35,7.40,7.15,7.25,1089700,7925480,-0.1,,,289,,
2009-08-19_2534,2009-08-19,2534,宏盛,twse,14.00,14.00,13.65,13.65,1163100,16012390,0.0,,,417,,
2009-08-19_2535,2009-08-19,2535,達欣工,twse,22.40,22.80,22.20,22.20,1175542,26436050,-0.15,,,520,,
2009-08-19_2536,2009-08-19,2536,宏普,twse,41.00,41.50,40.50,40.55,1898176,77807483,0.05,,,908,,
2009-08-19_2537,2009-08-19,2537,聯上發,twse,13.40,13.40,12.50,12.50,107658,1383828,-0.35,,,55,,
2009-08-19_2538,2009-08-19,2538,基泰,twse,13.70,13.85,13.65,13.80,1131813,15551124,0.25,,,327,,
2009-08-19_2539,2009-08-19,2539,櫻花建,twse,30.00,30.00,28.05,28.40,24894,715694,-0.6,,,27,,
2009-08-19_2540,2009-08-19,2540,愛山林,twse,7.11,7.11,7.11,7.11,1140,8020,0.0,flat,,5,,
2009-08-19_2542,2009-08-19,2542,興富發,twse,37.00,37.00,35.70,35.70,4935693,179574032,-0.6,,,2090,,
2009-08-19_2543,2009-08-19,2543,皇昌,twse,7.00,7.04,6.84,6.90,764673,5298362,-0.06,,,164,,
2009-08-19_2545,2009-08-19,2545,皇翔,twse,60.40,60.50,58.50,58.80,2556644,151599829,-1.0,,,1264,,
2009-08-19_2546,2009-08-19,2546,根基,twse,18.20,18.95,18.20,18.80,188000,3501500,-0.2,,,79,,
2009-08-19_2547,2009-08-19,2547,日勝生,twse,24.80,25.60,24.70,24.95,8897149,223818943,0.55,,,2786,,
2009-08-19_2548,2009-08-19,2548,華固,twse,73.30,73.60,72.00,72.60,1865555,135307692,0.1,,,1222,,
2009-08-19_2596,2009-08-19,2596,綠意,tpex,23.30,23.30,22.30,22.50,428000,9742950,,,68100000,255,,
2009-08-19_2601,2009-08-19,2601,益航,twse,39.20,39.55,39.05,39.10,907702,35636137,0.1,,,464,,
2009-08-19_2603,2009-08-19,2603,長榮,twse,21.20,21.30,20.70,21.00,7686676,161093196,0.0,,,1869,,
2009-08-19_2605,2009-08-19,2605,新興,twse,37.00,37.10,36.50,36.50,5916537,217802442,0.0,,,2107,,
2009-08-19_2606,2009-08-19,2606,裕民,twse,60.00,60.30,59.20,59.20,2289125,136560635,-0.3,,,1152,,
2009-08-19_2607,2009-08-19,2607,榮運,twse,25.60,25.80,25.20,25.55,5515782,140375295,0.3,,,2045,,
2009-08-19_2608,2009-08-19,2608,嘉里大榮,twse,16.50,16.55,16.30,16.35,422539,6936707,0.0,,,151,,
2009-08-19_2609,2009-08-19,2609,陽明,twse,12.95,13.05,12.80,12.80,6935010,89623965,0.0,,,1364,,
2009-08-19_2610,2009-08-19,2610,華航,twse,8.10,8.45,8.07,8.31,15131288,125236120,0.25,,,3003,,
2009-08-19_2611,2009-08-19,2611,志信,twse,13.90,14.10,13.80,13.80,18877,261063,-0.15,,,22,,
2009-08-19_2612,2009-08-19,2612,中航,twse,89.10,91.00,88.00,88.00,7283750,654399322,0.0,,,4035,,
2009-08-19_2613,2009-08-19,2613,中櫃,twse,18.45,18.50,18.05,18.10,306000,5562700,0.1,,,136,,
2009-08-19_2614,2009-08-19,2614,東森,twse,6.38,6.42,6.31,6.31,4798994,30504060,-0.03,,,922,,
2009-08-19_2615,2009-08-19,2615,萬海,twse,17.45,17.50,17.00,17.00,3690577,63347697,-0.45,,,1124,,
2009-08-19_2616,2009-08-19,2616,山隆,twse,13.00,13.10,12.90,13.00,157051,2036656,0.0,,,54,,
2009-08-19_2617,2009-08-19,2617,台航,twse,56.40,57.50,56.10,56.50,1378250,78227124,0.5,,,738,,
2009-08-19_2618,2009-08-19,2618,長榮航,twse,8.28,8.69,8.21,8.63,17939993,152144552,0.45,,,3569,,
2009-08-19_2636,2009-08-19,2636,台驊,tpex,19.00,19.00,18.75,18.80,45000,848350,,,48969882,17,,
2009-08-19_2701,2009-08-19,2701,萬企,twse,14.20,14.20,13.95,13.95,65464,917596,-0.25,,,52,,
2009-08-19_2702,2009-08-19,2702,華園,twse,27.50,28.50,27.50,28.15,97122,2714602,0.65,,,58,,
2009-08-19_2704,2009-08-19,2704,國賓,twse,31.65,32.65,31.65,32.20,5722457,184050708,0.6,,,1939,,
2009-08-19_2705,2009-08-19,2705,六福,twse,17.50,17.60,17.00,17.25,5998019,104040522,0.0,,,1934,,
2009-08-19_2706,2009-08-19,2706,第一店,twse,26.50,26.50,26.10,26.10,179293,4727567,-0.2,,,120,,
2009-08-19_2707,2009-08-19,2707,晶華,twse,410.00,410.00,405.00,405.00,169747,69034023,-1.0,,,169,,
2009-08-19_2801,2009-08-19,2801,彰銀,twse,13.95,14.05,13.80,14.00,18391645,257038330,0.15,,,2439,,
2009-08-19_2809,2009-08-19,2809,京城銀,twse,7.47,7.57,7.38,7.40,414646,3100437,-0.03,,,100,,
2009-08-19_2812,2009-08-19,2812,台中銀,twse,8.10,8.15,8.04,8.10,1165135,9422532,0.01,,,278,,
2009-08-19_2816,2009-08-19,2816,旺旺保,twse,23.60,24.30,23.55,23.60,145178,3445230,0.05,,,106,,
2009-08-19_2820,2009-08-19,2820,華票,twse,9.15,9.35,9.10,9.29,12716948,118039213,0.19,,,1823,,
2009-08-19_2823,2009-08-19,2823,中壽,twse,19.20,19.25,18.80,18.95,5995461,113650678,0.25,,,1153,,
2009-08-19_2832,2009-08-19,2832,台產,twse,25.30,25.40,25.00,25.20,1612345,40610544,0.2,,,546,,
2009-08-19_2833,2009-08-19,2833,台壽保,twse,23.90,24.10,23.50,23.95,1119334,26639798,0.65,,,527,,
2009-08-19_2834,2009-08-19,2834,臺企銀,twse,7.92,7.97,7.91,7.92,13414741,106370623,0.0,,,1680,,
2009-08-19_2836,2009-08-19,2836,高雄銀,twse,9.69,9.74,9.61,9.69,482662,4674523,0.0,,,187,,
2009-08-19_2837,2009-08-19,2837,萬泰銀,twse,3.46,3.49,3.28,3.28,1598045,5333971,-0.12,,,234,,
2009-08-19_2838,2009-08-19,2838,聯邦銀,twse,5.83,5.84,5.75,5.84,528999,3079632,0.01,,,132,,
2009-08-19_2841,2009-08-19,2841,台開,twse,14.50,14.50,14.10,14.15,1639000,23418600,-0.05,,,435,,
2009-08-19_2845,2009-08-19,2845,遠東銀,twse,7.25,7.30,7.13,7.16,2905772,20902512,-0.07,,,585,,
2009-08-19_2847,2009-08-19,2847,大眾銀,twse,5.50,5.61,5.45,5.52,1527004,8416292,0.02,,,265,,
2009-08-19_2849,2009-08-19,2849,安泰銀,twse,7.88,7.96,7.84,7.84,87000,688570,-0.04,,,41,,
2009-08-19_2850,2009-08-19,2850,新產,twse,11.35,11.40,10.80,10.90,1022696,11407885,-0.35,,,209,,
2009-08-19_2851,2009-08-19,2851,中再保,twse,10.60,10.80,10.60,10.80,195080,2086713,0.1,,,68,,
2009-08-19_2852,2009-08-19,2852,第一保,twse,10.15,10.15,10.00,10.10,193347,1945720,-0.05,,,68,,
2009-08-19_2854,2009-08-19,2854,寶來證,twse,17.80,17.85,17.35,17.35,12013487,211539731,-0.25,,,3199,,
2009-08-19_2855,2009-08-19,2855,統一證,twse,18.35,18.45,18.00,18.10,1476122,26797545,-0.15,,,561,,
2009-08-19_2856,2009-08-19,2856,元富證,twse,11.95,12.05,11.85,12.00,2224331,26581079,0.1,,,531,,
2009-08-19_2880,2009-08-19,2880,華南金,twse,18.80,18.85,18.40,18.40,5268837,97855277,-0.3,,,1561,,
2009-08-19_2881,2009-08-19,2881,富邦金,twse,31.00,31.20,30.80,30.90,13940114,431120863,0.05,,,3577,,
2009-08-19_2882,2009-08-19,2882,國泰金,twse,48.10,48.20,47.25,47.30,17990143,856452420,-0.4,,,6128,,
2009-08-19_2883,2009-08-19,2883,凱基金,twse,7.80,7.80,7.66,7.66,18440491,142239825,-0.07,,,2622,,
2009-08-19_2884,2009-08-19,2884,玉山金,twse,10.70,10.80,10.60,10.60,4786568,51128561,-0.05,,,1119,,
2009-08-19_2885,2009-08-19,2885,元大金,twse,21.30,21.40,21.00,21.30,20076327,426094922,0.4,,,4692,,
2009-08-19_2886,2009-08-19,2886,兆豐金,twse,16.90,17.10,16.75,16.90,14081515,238357025,0.15,,,3062,,
2009-08-19_2887,2009-08-19,2887,台新新光金,twse,11.75,11.85,11.55,11.55,26049259,305374166,0.0,,,3884,,
2009-08-19_2887C,2009-08-19,2887C,新丙特,twse,28.70,28.70,28.70,28.70,5000,143500,0.0,flat,,1,,
2009-08-19_2888,2009-08-19,2888,新光金,twse,11.25,11.40,11.05,11.05,34885064,390559482,-0.2,,,5800,,
2009-08-19_2889,2009-08-19,2889,國票金,twse,10.25,10.30,10.10,10.15,8977586,91505352,0.05,,,1384,,
2009-08-19_2890,2009-08-19,2890,永豐金,twse,10.10,10.25,9.98,9.98,23196839,234065417,-0.07,,,3222,,
2009-08-19_2891,2009-08-19,2891,中信金,twse,19.25,19.45,18.95,19.00,41566313,794091247,-0.25,,,7537,,
2009-08-19_2892,2009-08-19,2892,第一金,twse,18.90,18.95,18.65,18.70,15831866,296543068,0.0,,,3519,,
2009-08-19_2901,2009-08-19,2901,欣欣,twse,26.15,26.50,25.80,26.30,30000,783000,-0.1,,,14,,
2009-08-19_2903,2009-08-19,2903,遠百,twse,27.20,27.70,26.90,26.90,5943473,161624421,-0.15,,,2209,,
2009-08-19_2904,2009-08-19,2904,匯僑,twse,11.45,11.45,10.65,11.25,1333656,14872171,0.0,,,453,,
2009-08-19_2905,2009-08-19,2905,三商,twse,12.80,13.00,12.65,12.65,379920,4867581,-0.15,,,132,,
2009-08-19_2906,2009-08-19,2906,高林,twse,8.53,8.63,8.45,8.63,415301,3537671,0.0,,,78,,
2009-08-19_2908,2009-08-19,2908,特力,twse,15.60,15.60,15.35,15.50,283968,4382554,0.0,,,119,,
2009-08-19_2910,2009-08-19,2910,統領,twse,22.65,22.65,22.00,22.00,23000,511550,-0.7,,,22,,
2009-08-19_2911,2009-08-19,2911,麗嬰房,twse,27.00,28.50,27.00,28.50,1923099,54234519,1.85,,,829,,
2009-08-19_2912,2009-08-19,2912,統一超,twse,77.00,77.40,76.30,76.80,1907061,146514120,0.3,,,801,,
2009-08-19_2913,2009-08-19,2913,農林,twse,14.55,15.10,14.10,14.85,15245181,223869439,0.45,,,4022,,
2009-08-19_2915,2009-08-19,2915,潤泰全,twse,37.90,38.10,37.00,37.00,2473449,92583681,-0.7,,,1007,,
2009-08-19_2916,2009-08-19,2916,滿心,tpex,13.10,13.10,12.95,13.10,59000,770750,,,42215343,7,,
2009-08-19_2921,2009-08-19,2921,和樂,tpex,24.70,24.70,24.70,24.70,1000,24700,0.10,up,42165000,1,,
2009-08-19_3002,2009-08-19,3002,歐格,twse,17.50,18.05,17.20,18.05,1131470,20117729,1.15,,,357,,
2009-08-19_3003,2009-08-19,3003,健和興,twse,18.25,18.35,17.30,18.10,197500,3482150,-0.15,,,103,,
2009-08-19_3004,2009-08-19,3004,豐達科,twse,6.94,6.94,6.94,6.94,9700,67094,0.0,flat,,7,,
2009-08-19_3005,2009-08-19,3005,神基,twse,27.70,29.10,27.60,28.65,5207491,147552393,1.15,,,1763,,
2009-08-19_3006,2009-08-19,3006,晶豪科,twse,51.60,52.10,50.60,51.00,6909904,354671490,-0.2,,,3072,,
2009-08-19_3008,2009-08-19,3008,大立光,twse,389.00,399.00,389.00,391.00,2987262,1175101571,0.0,,,2345,,
2009-08-19_3009,2009-08-19,3009,奇美電,twse,17.45,17.60,17.30,17.35,14049165,244806120,0.0,,,3647,,
2009-08-19_3010,2009-08-19,3010,華立,twse,31.00,31.85,31.00,31.30,494486,15534260,0.4,,,198,,
2009-08-19_3011,2009-08-19,3011,今皓,twse,10.25,10.25,9.88,9.88,1805074,18101698,-0.17,,,502,,
2009-08-19_3013,2009-08-19,3013,晟銘電,twse,8.75,9.17,8.75,8.92,1009633,9041870,0.31,,,316,,
2009-08-19_3014,2009-08-19,3014,聯陽,twse,69.90,69.90,68.00,68.50,5988817,413199962,-0.1,,,2732,,
2009-08-19_3015,2009-08-19,3015,全漢,twse,27.50,28.10,27.50,27.90,973186,27121701,0.6,,,410,,
2009-08-19_3016,2009-08-19,3016,嘉晶,twse,32.55,32.65,31.80,31.85,604924,19418078,0.2,,,375,,
2009-08-19_3017,2009-08-19,3017,奇鋐,twse,26.90,27.15,25.90,26.40,5400960,143196745,-0.5,,,1955,,
2009-08-19_3018,2009-08-19,3018,隆銘綠能,twse,9.60,9.62,9.60,9.60,8000,76840,0.1,,,4,,
2009-08-19_3019,2009-08-19,3019,亞光,twse,56.70,56.80,55.00,55.00,2261598,126036044,-1.2,,,1218,,
2009-08-19_3021,2009-08-19,3021,鴻名,twse,9.05,9.16,9.05,9.08,6331,57433,0.02,,,8,,
2009-08-19_3022,2009-08-19,3022,威強電,twse,36.20,37.50,35.90,36.60,4961129,182308315,0.7,,,1800,,
2009-08-19_3023,2009-08-19,3023,信邦,twse,16.80,16.90,16.60,16.70,676440,11330153,0.2,,,196,,
2009-08-19_3024,2009-08-19,3024,憶聲,twse,7.70,7.98,7.70,7.88,681995,5344485,0.2,,,251,,
2009-08-19_3025,2009-08-19,3025,星通,twse,12.70,12.85,12.45,12.45,504000,6355400,-0.25,,,172,,
2009-08-19_3026,2009-08-19,3026,禾伸堂,twse,35.95,36.35,35.80,36.20,3589698,129471378,0.7,,,1195,,
2009-08-19_3027,2009-08-19,3027,盛達,twse,11.65,11.85,11.35,11.80,292000,3365200,0.15,,,110,,
2009-08-19_3028,2009-08-19,3028,增你強,twse,15.80,15.80,15.45,15.55,563030,8777915,0.15,,,239,,
2009-08-19_3029,2009-08-19,3029,零壹,twse,9.72,9.74,9.53,9.53,1668235,16093612,0.13,,,450,,
2009-08-19_3030,2009-08-19,3030,德律,twse,23.70,24.30,23.70,24.00,758598,18203202,0.5,,,305,,
2009-08-19_3031,2009-08-19,3031,佰鴻,twse,36.70,37.00,36.00,36.00,882503,32189008,-0.3,,,491,,
2009-08-19_3032,2009-08-19,3032,偉訓,twse,10.55,10.70,10.50,10.65,154000,1628400,-0.05,,,66,,
2009-08-19_3033,2009-08-19,3033,威健,twse,15.00,15.15,14.90,15.00,573528,8613415,0.15,,,187,,
2009-08-19_3034,2009-08-19,3034,聯詠,twse,81.70,82.00,80.70,81.00,4943235,401224335,0.1,,,2821,,
2009-08-19_3035,2009-08-19,3035,智原,twse,52.80,53.60,52.20,52.20,7702525,407272746,0.1,,,3505,,
2009-08-19_3036,2009-08-19,3036,文曄,twse,22.30,22.50,22.00,22.20,1009761,22371175,0.1,,,298,,
2009-08-19_3037,2009-08-19,3037,欣興,twse,34.00,34.00,33.40,33.50,5700178,192153357,0.25,,,1948,,
2009-08-19_3038,2009-08-19,3038,全台,twse,8.10,8.29,8.00,8.05,1574223,12765524,0.0,,,342,,
2009-08-19_3040,2009-08-19,3040,遠見,twse,10.40,10.45,10.35,10.40,120618,1253915,0.1,,,27,,
2009-08-19_3041,2009-08-19,3041,揚智,twse,61.00,61.30,60.00,60.40,6044199,365771936,-0.1,,,2668,,
2009-08-19_3042,2009-08-19,3042,晶技,twse,41.70,42.45,41.30,42.00,6628257,277255844,0.5,,,2209,,
2009-08-19_3043,2009-08-19,3043,科風,twse,25.60,26.00,24.75,25.00,1443596,36605650,-0.5,,,721,,
2009-08-19_3044,2009-08-19,3044,健鼎,twse,79.00,81.40,77.10,80.20,5011753,400347175,3.5,,,2724,,
2009-08-19_3045,2009-08-19,3045,台灣大,twse,50.90,51.00,50.60,51.00,3061018,155671818,0.5,,,1203,,
2009-08-19_3046,2009-08-19,3046,建碁,twse,9.05,9.63,9.05,9.62,465855,4384027,0.62,,,134,,
2009-08-19_3047,2009-08-19,3047,訊舟,twse,12.60,12.80,12.50,12.50,2165214,27455524,0.1,,,456,,
2009-08-19_3048,2009-08-19,3048,益登,twse,10.55,10.75,10.30,10.40,693436,7272040,0.0,,,245,,
2009-08-19_3049,2009-08-19,3049,精金,twse,16.10,16.35,15.90,16.00,6357793,102405238,0.15,,,1832,,
2009-08-19_3050,2009-08-19,3050,鈺德,twse,13.40,13.70,13.25,13.35,3402758,45717592,0.15,,,944,,
2009-08-19_3051,2009-08-19,3051,力特,twse,1.26,1.31,1.26,1.30,24110,31053,0.0,,,14,,
2009-08-19_3052,2009-08-19,3052,夆典,twse,11.40,11.60,11.30,11.30,992144,11341362,0.0,,,240,,
2009-08-19_3054,2009-08-19,3054,立萬利,twse,21.65,21.95,21.60,21.90,40000,871350,0.3,,,20,,
2009-08-19_3055,2009-08-19,3055,蔚華科,twse,18.00,18.70,18.00,18.25,1300161,23750712,0.45,,,373,,
2009-08-19_3056,2009-08-19,3056,富華新,twse,16.05,16.05,15.50,16.05,1460692,23386798,1.05,,,495,,
2009-08-19_3057,2009-08-19,3057,喬鼎,twse,16.60,17.00,16.20,17.00,287694,4745157,0.45,,,82,,
2009-08-19_3058,2009-08-19,3058,立德,twse,17.20,17.40,17.00,17.20,277607,4761379,0.2,,,74,,
2009-08-19_3059,2009-08-19,3059,華晶科,twse,56.20,57.20,56.10,56.60,2123143,120186576,1.1,,,1094,,
2009-08-19_3060,2009-08-19,3060,銘異,twse,27.10,27.50,27.00,27.05,478125,12972868,0.0,,,209,,
2009-08-19_3061,2009-08-19,3061,璨圓,twse,35.10,35.65,34.90,35.10,10930609,385484849,0.6,,,3138,,
2009-08-19_3062,2009-08-19,3062,建漢,twse,38.65,38.80,37.95,37.95,1554720,59380715,0.05,,,776,,
2009-08-19_3063,2009-08-19,3063,飛信,twse,11.00,11.20,10.85,10.85,2186948,24071937,0.05,,,669,,
2009-08-19_3064,2009-08-19,3064,泰偉,tpex,63.00,63.20,61.60,61.80,516000,32249500,,,66461492,348,,
2009-08-19_3066,2009-08-19,3066,李洲,tpex,11.60,12.00,11.55,11.55,203000,2382400,0.00,,141724225,104,,
2009-08-19_3067,2009-08-19,3067,全域,tpex,12.95,13.20,12.95,13.20,14000,183000,0.30,,29025240,13,,
2009-08-19_3068,2009-08-19,3068,美磊,tpex,47.80,48.65,47.20,47.90,865000,41488500,0.90,,69306145,363,,
2009-08-19_3069,2009-08-19,3069,寶晟科,tpex,6.80,6.80,6.46,6.60,32000,211630,,,26718724,19,,
2009-08-19_3071,2009-08-19,3071,協禧,tpex,7.20,7.52,7.20,7.29,332000,2457110,0.09,,201291824,102,,
2009-08-19_3073,2009-08-19,3073,普格,tpex,38.30,38.85,38.05,38.85,117000,4490400,0.00,,36050800,68,,
2009-08-19_3078,2009-08-19,3078,僑威,tpex,14.45,14.50,14.30,14.50,187000,2691700,0.20,,172300000,76,,
2009-08-19_3080,2009-08-19,3080,威力盟,twse,32.35,33.05,32.35,33.05,780272,25600978,0.9,,,444,,
2009-08-19_3083,2009-08-19,3083,網龍,tpex,394.00,397.50,388.00,388.00,1695000,665264500,,,86171988,1412,,
2009-08-19_3085,2009-08-19,3085,久大,tpex,13.90,13.90,13.55,13.80,47000,645950,0.15,,43417614,28,,
2009-08-19_3086,2009-08-19,3086,華義,tpex,18.50,18.50,18.00,18.00,672000,12226400,,,70286000,328,,
2009-08-19_3087,2009-08-19,3087,翔準,tpex,8.90,9.05,8.73,8.85,836000,7428190,0.03,,285000000,225,,
2009-08-19_3088,2009-08-19,3088,艾訊,tpex,23.90,23.90,23.40,23.50,95000,2250200,,,78137766,53,,
2009-08-19_3089,2009-08-19,3089,展成,tpex,5.85,5.90,5.74,5.83,45000,264120,,,52175816,20,,
2009-08-19_3090,2009-08-19,3090,日電貿,twse,23.85,24.20,23.85,24.10,150568,3620488,0.25,,,66,,
2009-08-19_3093,2009-08-19,3093,港建,tpex,49.10,49.20,49.10,49.10,9000,442300,0.20,,36288894,9,,
2009-08-19_3094,2009-08-19,3094,聯傑,twse,39.50,40.00,38.90,39.10,1133378,44631477,0.0,,,616,,
2009-08-19_3095,2009-08-19,3095,及成,tpex,16.70,16.95,16.70,16.75,1557000,26170900,0.10,,190585961,419,,
2009-08-19_3099,2009-08-19,3099,頂倫,tpex,0.78,0.78,0.74,0.78,506000,388100,0.04,,238013607,34,,
2009-08-19_3114,2009-08-19,3114,好德,tpex,12.00,12.15,11.95,12.15,57000,685650,0.10,,48605700,26,,
2009-08-19_3115,2009-08-19,3115,寶島極,tpex,10.00,10.10,10.00,10.10,55000,550300,0.10,,37697600,10,,
2009-08-19_3118,2009-08-19,3118,進階,tpex,31.00,31.20,30.70,31.00,30000,930200,0.50,,30907486,18,,
2009-08-19_3126,2009-08-19,3126,信億,tpex,15.75,17.30,15.75,15.90,101000,1609850,,,34653210,55,,
2009-08-19_3128,2009-08-19,3128,昇銳,tpex,17.45,17.75,17.30,17.55,89000,1557100,0.25,,42000000,41,,
2009-08-19_3130,2009-08-19,3130,一零四,twse,70.50,70.50,69.60,69.60,17000,1190000,-0.3,,,11,,
2009-08-19_3152,2009-08-19,3152,璟德,tpex,107.50,107.50,103.50,106.00,867000,91496000,,,62742000,541,,
2009-08-19_3162,2009-08-19,3162,精確,tpex,11.75,11.80,11.60,11.60,35000,407600,0.00,,44802730,20,,
2009-08-19_3164,2009-08-19,3164,景岳,tpex,28.90,29.00,28.30,28.50,306000,8730600,0.20,,49296316,143,,
2009-08-19_3171,2009-08-19,3171,天馳,tpex,8.01,8.05,7.55,7.55,196000,1516910,,,32326515,85,,
2009-08-19_3188,2009-08-19,3188,安茂,tpex,14.40,14.85,14.40,14.45,76000,1110200,0.05,,47858620,41,,
2009-08-19_3189,2009-08-19,3189,景碩,twse,74.00,75.80,73.50,74.70,7499340,561346742,2.4,,,3940,,
2009-08-19_3191,2009-08-19,3191,和進,tpex,11.00,11.00,10.35,10.75,137000,1455500,0.05,,54153229,71,,
2009-08-19_3202,2009-08-19,3202,樺晟,tpex,23.55,23.95,23.50,23.95,1415000,33834250,1.55,,67311885,268,,
2009-08-19_3205,2009-08-19,3205,天騵,tpex,6.99,7.06,6.80,7.00,30000,210660,0.36,,29712800,11,,
2009-08-19_3206,2009-08-19,3206,志豐,tpex,12.90,13.30,12.90,13.00,68000,884850,,,38760901,27,,
2009-08-19_3207,2009-08-19,3207,耀勝,tpex,19.40,19.60,19.10,19.40,2572000,49832650,0.00,,36064230,586,,
2009-08-19_3209,2009-08-19,3209,全科,twse,19.20,19.20,18.85,18.85,212353,4025071,-0.05,,,87,,
2009-08-19_3211,2009-08-19,3211,順達,tpex,93.50,93.50,91.50,92.00,1392000,128417200,,,128281479,725,,
2009-08-19_3213,2009-08-19,3213,茂訊,tpex,93.40,93.80,91.50,91.50,218000,20203900,,,44606169,144,,
2009-08-19_3217,2009-08-19,3217,優群,tpex,24.65,24.65,23.60,23.60,935000,22394900,,,75501000,359,,
2009-08-19_3218,2009-08-19,3218,大學光,tpex,34.60,34.85,31.80,34.05,488000,16169950,0.00,,40218047,269,,
2009-08-19_3219,2009-08-19,3219,倚強,tpex,17.85,18.90,17.85,18.10,105000,1912000,,,39736042,62,,
2009-08-19_3221,2009-08-19,3221,台嘉碩,tpex,14.10,14.20,13.95,14.10,110000,1544700,0.10,,70500000,41,,
2009-08-19_3224,2009-08-19,3224,三顧,tpex,3.90,4.08,3.90,4.08,10000,39610,0.14,,43316329,6,,
2009-08-19_3226,2009-08-19,3226,至寶電,tpex,9.20,9.30,9.12,9.27,25000,230320,0.11,,37222573,13,,
2009-08-19_3227,2009-08-19,3227,原相,tpex,232.00,236.00,230.50,232.50,1403000,327460000,2.50,,124814626,1085,,
2009-08-19_3228,2009-08-19,3228,金麗科,tpex,67.00,68.10,66.80,67.10,126000,8542800,0.80,,56768705,74,,
2009-08-19_3229,2009-08-19,3229,晟鈦,tpex,11.50,11.50,11.30,11.30,202000,2292350,0.00,,57860000,78,,
2009-08-19_3230,2009-08-19,3230,錦明,tpex,13.40,13.60,13.15,13.20,62000,823050,0.05,,86102894,32,,
2009-08-19_3231,2009-08-19,3231,緯創,twse,57.00,57.00,55.00,55.00,9414451,527086223,0.5,,,3910,,
2009-08-19_3232,2009-08-19,3232,昱捷,tpex,7.70,7.80,7.55,7.56,125000,959830,,,31567865,53,,
2009-08-19_3236,2009-08-19,3236,千如,tpex,11.95,12.15,11.70,11.70,55000,656700,,,43454660,21,,
2009-08-19_3252,2009-08-19,3252,海灣科,tpex,1.29,1.29,1.29,1.29,1000,1290,0.06,up,136534867,1,,
2009-08-19_3259,2009-08-19,3259,鑫創,tpex,30.40,30.40,29.50,29.55,371000,11083050,0.35,,60940553,252,,
2009-08-19_3260,2009-08-19,3260,威剛,tpex,70.50,71.20,68.00,68.50,5408000,374256400,,,212344334,2499,,
2009-08-19_3264,2009-08-19,3264,欣銓,tpex,17.20,17.80,17.10,17.35,8020000,140010200,0.45,,438406899,2018,,
2009-08-19_3265,2009-08-19,3265,台星科,tpex,9.30,9.50,9.20,9.20,1133000,10544500,,,272523318,241,,
2009-08-19_3266,2009-08-19,3266,弘如洋,tpex,16.80,16.80,16.50,16.50,37000,612800,,,23154309,21,,
2009-08-19_3268,2009-08-19,3268,海德威,tpex,33.50,34.40,33.50,33.80,102000,3463050,0.30,,30666304,75,,
2009-08-19_3276,2009-08-19,3276,宇環,tpex,5.80,5.94,5.70,5.78,162000,938700,,,78569298,62,,
2009-08-19_3284,2009-08-19,3284,太普高,tpex,9.03,9.55,9.03,9.49,54000,500770,0.00,,41392000,21,,
2009-08-19_3287,2009-08-19,3287,廣寰科,tpex,28.20,28.80,28.00,28.35,301000,8532550,0.15,,40889328,150,,
2009-08-19_3288,2009-08-19,3288,點晶,tpex,23.40,23.90,23.40,23.50,222000,5240800,0.10,,49778148,130,,
2009-08-19_3289,2009-08-19,3289,宜特,tpex,31.70,32.30,31.70,31.70,137000,4360100,0.00,,60634523,69,,
2009-08-19_3290,2009-08-19,3290,東浦,tpex,8.50,8.50,8.20,8.25,490000,4056920,,,74319000,127,,
2009-08-19_3291,2009-08-19,3291,遠翔科,tpex,29.30,29.50,28.95,29.10,41000,1194950,0.20,,32607352,27,,
2009-08-19_3293,2009-08-19,3293,鈊象,tpex,280.00,280.50,271.00,273.00,1272000,350378000,,,66846934,1034,,
2009-08-19_3294,2009-08-19,3294,英濟,tpex,18.00,18.40,17.75,18.00,1441000,26017850,0.00,,132403089,403,,
2009-08-19_3296,2009-08-19,3296,勝德,twse,28.10,28.75,28.00,28.15,314330,8897890,0.15,,,163,,
2009-08-19_3297,2009-08-19,3297,杭特,tpex,27.00,27.80,26.50,27.20,318000,8590500,,,34071067,153,,
2009-08-19_3299,2009-08-19,3299,帛漢,tpex,25.00,26.20,25.00,26.20,1033000,26770950,1.70,,43891316,475,,
2009-08-19_3303,2009-08-19,3303,岱稜,tpex,25.50,25.70,25.05,25.05,280000,7097700,,,66955408,118,,
2009-08-19_3305,2009-08-19,3305,昇貿,twse,70.40,78.00,70.40,75.90,2563677,194034140,0.3,,,1417,,
2009-08-19_3306,2009-08-19,3306,鼎天,tpex,36.60,38.20,36.60,37.65,1263000,47283450,1.05,,71347218,540,,
2009-08-19_3308,2009-08-19,3308,聯德,twse,20.30,20.65,20.00,20.05,74019,1491680,-0.35,,,40,,
2009-08-19_3310,2009-08-19,3310,佳穎,tpex,,,,,0,0,,flat,34112200,0,,
2009-08-19_3311,2009-08-19,3311,閎暉,twse,71.70,71.90,70.90,70.90,543540,38832869,-0.6,,,348,,
2009-08-19_3312,2009-08-19,3312,弘憶股,tpex,20.50,21.20,20.50,20.60,371000,7733000,0.20,,72157635,170,,
2009-08-19_3313,2009-08-19,3313,斐成,tpex,12.95,13.00,12.40,12.40,695000,8826650,,,60484000,163,,
2009-08-19_3315,2009-08-19,3315,宣昶,twse,25.35,25.50,25.30,25.50,185030,4692310,0.15,,,79,,
2009-08-19_3317,2009-08-19,3317,尼克森,tpex,53.50,54.60,51.00,51.00,3190000,170150200,,,60874550,1629,,
2009-08-19_3322,2009-08-19,3322,建舜電,tpex,21.80,21.80,21.45,21.50,280000,6045800,0.00,,72349700,113,,
2009-08-19_3323,2009-08-19,3323,加百裕,tpex,45.30,46.20,45.30,46.00,557000,25468600,0.75,,88810999,293,,
2009-08-19_3324,2009-08-19,3324,雙鴻,tpex,9.22,9.30,8.80,9.22,622000,5677370,0.01,,49151015,150,,
2009-08-19_3325,2009-08-19,3325,旭品,tpex,20.00,20.10,19.70,19.90,205000,4072050,,,60194511,105,,
2009-08-19_3332,2009-08-19,3332,幸康,tpex,32.10,32.10,31.70,31.70,38000,1210650,,,48104246,26,,
2009-08-19_3339,2009-08-19,3339,泰谷,tpex,22.25,22.55,22.15,22.50,778000,17420300,0.40,,155746283,331,,
2009-08-19_3354,2009-08-19,3354,律勝,tpex,13.00,13.00,12.30,12.30,109000,1379100,,,74146266,30,,
2009-08-19_3356,2009-08-19,3356,奇偶,twse,131.00,132.00,131.00,131.00,91400,11990998,0.5,,,79,,
2009-08-19_3360,2009-08-19,3360,尚立,tpex,8.21,9.10,8.21,9.10,308000,2736220,0.56,,39600000,91,,
2009-08-19_3362,2009-08-19,3362,先進光,tpex,27.70,29.20,27.50,28.00,194000,5437900,0.30,,51360000,71,,
2009-08-19_3367,2009-08-19,3367,英華達,twse,29.80,30.20,29.80,29.80,434336,12989025,0.0,,,239,,
2009-08-19_3372,2009-08-19,3372,典範,tpex,9.15,9.20,9.10,9.11,384000,3509510,0.01,,302500000,121,,
2009-08-19_3373,2009-08-19,3373,熱映,tpex,25.00,25.10,25.00,25.05,66000,1652050,0.05,,27884970,29,,
2009-08-19_3376,2009-08-19,3376,新日興,twse,177.50,179.50,176.00,177.00,1088783,193697440,1.5,,,852,,
2009-08-19_3380,2009-08-19,3380,明泰,twse,24.00,24.30,23.90,23.95,2205795,52955485,0.0,,,775,,
2009-08-19_3383,2009-08-19,3383,新世紀,twse,46.00,46.70,45.80,45.80,373566,17212386,-0.2,,,222,,
2009-08-19_3388,2009-08-19,3388,崇越電,tpex,53.70,54.50,53.50,53.60,65000,3500200,,,55680000,44,,
2009-08-19_3389,2009-08-19,3389,志遠,tpex,21.30,21.30,20.80,21.05,584000,12326300,0.45,,59046750,223,,
2009-08-19_3390,2009-08-19,3390,旭軟,tpex,25.45,25.65,24.85,25.00,166000,4178850,,,43843821,77,,
2009-08-19_3402,2009-08-19,3402,漢科,tpex,13.15,13.25,13.05,13.15,151000,1988050,0.15,,46839885,45,,
2009-08-19_3406,2009-08-19,3406,玉晶光,twse,47.00,47.00,46.00,46.00,255323,11861008,0.0,,,180,,
2009-08-19_3416,2009-08-19,3416,融程電,tpex,57.50,57.50,56.90,57.30,121000,6911300,,,42197249,81,,
2009-08-19_3419,2009-08-19,3419,譁裕,twse,13.80,13.80,13.40,13.40,98279,1332472,-0.15,,,41,,
2009-08-19_3431,2009-08-19,3431,長天,tpex,8.54,8.54,8.40,8.40,82000,693160,,,47982033,37,,
2009-08-19_3434,2009-08-19,3434,哲固,tpex,,,,,0,0,,flat,32800000,0,,
2009-08-19_3438,2009-08-19,3438,類比科,tpex,66.60,67.40,66.10,66.20,408000,27210800,,,39826110,302,,
2009-08-19_3443,2009-08-19,3443,創意,twse,158.00,158.50,155.50,155.50,1305728,205278691,-0.5,,,1018,,
2009-08-19_3444,2009-08-19,3444,利機,tpex,19.65,19.90,19.60,19.90,25000,492700,0.30,,30786767,15,,
2009-08-19_3450,2009-08-19,3450,聯鈞,twse,30.40,31.60,30.30,30.90,5941392,181886299,-1.65,,,2142,,
2009-08-19_3452,2009-08-19,3452,益通,tpex,77.90,78.60,76.40,76.40,1583000,122281100,,,119727550,1050,,
2009-08-19_3454,2009-08-19,3454,晶睿,tpex,29.00,29.30,28.25,28.70,191000,5471750,,,57918494,94,,
2009-08-19_3455,2009-08-19,3455,由田,tpex,15.70,16.25,15.70,16.10,86000,1378600,0.00,,51232000,48,,
2009-08-19_3465,2009-08-19,3465,祥業,tpex,9.56,9.66,9.39,9.50,203000,1926900,,,24165703,60,,
2009-08-19_3466,2009-08-19,3466,致振,tpex,42.50,43.95,42.50,43.50,72000,3130350,1.20,,62377573,57,,
2009-08-19_3474,2009-08-19,3474,華亞科,twse,16.10,16.25,15.90,16.00,16091394,259051104,0.05,,,3196,,
2009-08-19_3481,2009-08-19,3481,群創,twse,39.30,39.50,38.10,38.55,16440825,638785975,-0.25,,,5643,,
2009-08-19_3483,2009-08-19,3483,力致,tpex,100.00,101.50,96.20,98.00,1473000,144871500,,,40176647,899,,
2009-08-19_3484,2009-08-19,3484,崧騰,tpex,33.00,33.00,32.50,32.75,163000,5340350,0.05,,36634600,75,,
2009-08-19_3489,2009-08-19,3489,筌寶,tpex,20.00,20.45,19.10,19.50,695000,13563500,,,41400180,339,,
2009-08-19_3490,2009-08-19,3490,單井,tpex,23.20,23.20,23.00,23.05,98000,2263050,,,30170690,33,,
2009-08-19_3491,2009-08-19,3491,昇達科,tpex,79.00,79.30,77.50,77.60,210000,16503700,,,39650000,164,,
2009-08-19_3494,2009-08-19,3494,誠研,twse,19.25,19.55,19.25,19.30,962420,18612266,0.15,,,197,,
2009-08-19_3498,2009-08-19,3498,陽程,tpex,33.60,34.50,33.60,33.90,276000,9400300,0.30,,65441382,181,,
2009-08-19_3499,2009-08-19,3499,環天科,tpex,13.40,13.75,13.10,13.35,142000,1902100,,,48307600,74,,
2009-08-19_3501,2009-08-19,3501,維熹,twse,46.60,47.00,46.20,46.20,610650,28422278,0.3,,,378,,
2009-08-19_3504,2009-08-19,3504,揚明光,twse,143.50,143.50,141.00,141.00,972702,138229780,-2.5,,,610,,
2009-08-19_3508,2009-08-19,3508,位速,tpex,57.60,59.00,57.00,59.00,169000,9817800,0.90,,87511035,105,,
2009-08-19_3511,2009-08-19,3511,矽瑪,tpex,54.50,55.50,53.00,53.30,209000,11251500,,,31080250,155,,
2009-08-19_3512,2009-08-19,3512,能緹,tpex,18.50,18.60,18.20,18.35,65000,1197250,0.00,,32000000,35,,
2009-08-19_3514,2009-08-19,3514,昱晶,twse,50.70,51.00,49.60,49.65,4824245,241332162,-0.35,,,2327,,
2009-08-19_3515,2009-08-19,3515,華擎,twse,135.50,137.00,131.50,131.50,794610,106936603,-1.5,,,611,,
2009-08-19_3516,2009-08-19,3516,亞帝歐,tpex,16.50,16.50,15.80,15.80,416000,6670700,,,76751650,172,,
2009-08-19_3518,2009-08-19,3518,柏騰,twse,90.70,91.00,89.10,89.80,779605,70139550,0.3,,,547,,
2009-08-19_3519,2009-08-19,3519,綠能,twse,84.00,84.10,83.10,83.10,1770756,147879724,-0.2,,,1158,,
2009-08-19_3520,2009-08-19,3520,振維,tpex,12.00,12.55,12.00,12.55,1029000,12861250,0.80,,51885564,245,,
2009-08-19_3521,2009-08-19,3521,鴻翊,tpex,20.85,21.00,20.85,21.00,4000,83650,0.15,,31165325,4,,
2009-08-19_3522,2009-08-19,3522,宏森,tpex,14.40,14.75,14.10,14.60,63000,913450,0.15,,35059000,28,,
2009-08-19_3523,2009-08-19,3523,迎輝,tpex,39.50,39.50,38.40,38.80,424000,16538250,1.00,,101178560,240,,
2009-08-19_3526,2009-08-19,3526,凡甲,tpex,82.50,84.00,80.10,82.40,1868000,154075600,,,52298000,984,,
2009-08-19_3527,2009-08-19,3527,聚積,tpex,110.50,113.50,110.50,110.50,665000,74221000,0.50,,30702398,485,,
2009-08-19_3531,2009-08-19,3531,先益,tpex,26.80,27.40,26.60,26.80,167000,4480100,0.00,,59465011,81,,
2009-08-19_3532,2009-08-19,3532,台勝科,twse,68.20,68.20,66.10,66.20,188290,12553084,-0.9,,,167,,
2009-08-19_3533,2009-08-19,3533,嘉澤,twse,61.60,65.00,61.60,62.60,1516449,96073972,1.3,,,966,,
2009-08-19_3534,2009-08-19,3534,雷凌,twse,94.00,94.60,93.00,93.00,1280645,120196342,-0.4,,,956,,
2009-08-19_3535,2009-08-19,3535,晶彩科,twse,19.50,19.90,19.50,19.60,96100,1891630,0.1,,,54,,
2009-08-19_3536,2009-08-19,3536,誠創,twse,9.65,9.75,9.56,9.59,890000,8574470,0.09,,,269,,
2009-08-19_3540,2009-08-19,3540,曜越,tpex,43.50,43.50,41.70,42.00,358000,15244450,,,51480517,227,,
2009-08-19_3545,2009-08-19,3545,敦泰,twse,52.00,52.00,51.00,51.00,443350,22856350,0.0,,,303,,
2009-08-19_3546,2009-08-19,3546,宇峻,tpex,266.50,270.00,250.00,254.50,1164000,297237500,,,30012500,900,,
2009-08-19_3548,2009-08-19,3548,兆利,tpex,33.15,33.40,32.50,32.50,133000,4359750,,,49982398,75,,
2009-08-19_3551,2009-08-19,3551,世禾,tpex,38.90,39.35,38.60,38.60,112000,4361550,0.00,,38914976,67,,
2009-08-19_3552,2009-08-19,3552,同致,tpex,89.00,91.00,89.00,89.80,59000,5299900,0.80,,44564543,34,,
2009-08-19_3553,2009-08-19,3553,力積,tpex,43.50,45.95,43.50,45.95,1016000,46005150,3.00,,46575464,447,,
2009-08-19_3556,2009-08-19,3556,禾瑞亞,tpex,48.50,50.40,48.50,49.90,1336000,66301900,1.50,,42866423,792,,
2009-08-19_3557,2009-08-19,3557,嘉威,twse,40.00,42.00,40.00,40.50,3256200,133751450,0.5,,,1656,,
2009-08-19_3559,2009-08-19,3559,全智科,twse,15.50,15.75,15.40,15.55,1002785,15614937,0.15,,,290,,
2009-08-19_3561,2009-08-19,3561,昇陽光電,twse,23.30,23.50,23.00,23.00,873269,20239928,0.0,,,357,,
2009-08-19_3562,2009-08-19,3562,頂晶科,tpex,30.00,30.60,30.00,30.10,24000,726200,0.10,,52360000,22,,
2009-08-19_3570,2009-08-19,3570,大塚,tpex,22.00,23.20,22.00,22.40,72000,1613800,0.70,,16485000,44,,
2009-08-19_3576,2009-08-19,3576,聯合再生,twse,40.30,40.60,38.80,39.50,11460441,457159245,-1.3,,,3220,,
2009-08-19_3577,2009-08-19,3577,泓格,tpex,24.10,24.50,24.10,24.20,35000,847350,0.10,,41029000,26,,
2009-08-19_3587,2009-08-19,3587,閎康,tpex,26.20,26.40,24.00,24.00,606000,15193850,,,37017505,372,,
2009-08-19_3588,2009-08-19,3588,通嘉,twse,245.00,257.00,245.00,248.00,1076748,269165260,3.0,,,651,,
2009-08-19_3593,2009-08-19,3593,力銘,twse,32.00,32.55,31.70,32.10,1798792,57691964,0.7,,,824,,
2009-08-19_3596,2009-08-19,3596,智易,twse,74.00,74.00,72.00,72.30,587201,42564432,0.0,,,359,,
2009-08-19_3605,2009-08-19,3605,宏致,twse,133.00,136.50,130.00,134.00,1488250,198673250,3.0,,,871,,
2009-08-19_3611,2009-08-19,3611,鼎翰,tpex,65.80,69.00,64.20,69.00,329000,21806500,3.90,,26180000,243,,
2009-08-19_3614,2009-08-19,3614,誠致,twse,90.00,90.50,89.00,89.00,137000,12239400,0.4,,,106,,
2009-08-19_3615,2009-08-19,3615,安可,tpex,51.70,52.90,51.70,52.20,114000,5945400,0.80,,30600000,89,,
2009-08-19_3622,2009-08-19,3622,洋華,twse,325.00,334.50,322.00,334.50,5003495,1655579065,21.5,,,3204,,
2009-08-19_3701,2009-08-19,3701,大眾控,twse,3.08,3.08,3.08,3.08,7563,23188,-0.18,down,,14,,
2009-08-19_3702,2009-08-19,3702,大聯大,twse,40.65,41.25,40.00,40.50,7668465,311095099,0.7,,,3053,,
2009-08-19_4102,2009-08-19,4102,永日,tpex,39.50,40.50,39.10,39.10,552000,21965900,0.05,,33050600,363,,
2009-08-19_4103,2009-08-19,4103,百略,tpex,37.55,37.55,37.00,37.00,251000,9323600,,,122218861,146,,
2009-08-19_4104,2009-08-19,4104,佳醫,twse,59.90,61.30,59.50,60.10,1448934,87470716,1.0,,,786,,
2009-08-19_4105,2009-08-19,4105,東洋,tpex,89.00,91.30,88.80,89.50,2289000,206034500,3.00,,128301800,1644,,
2009-08-19_4106,2009-08-19,4106,雃博,twse,28.95,29.50,28.95,29.10,251846,7359965,0.15,,,159,,
2009-08-19_4107,2009-08-19,4107,邦特,tpex,40.00,40.50,38.30,38.60,1596000,62540350,,,75997025,628,,
2009-08-19_4108,2009-08-19,4108,懷特,twse,48.50,49.00,47.50,47.50,782900,37752632,-0.6,,,457,,
2009-08-19_4109,2009-08-19,4109,加捷,tpex,22.00,22.20,21.60,21.60,474000,10383350,,,43940799,188,,
2009-08-19_4111,2009-08-19,4111,濟生,tpex,16.90,17.10,16.90,17.00,286000,4857450,,,47991594,137,,
2009-08-19_4113,2009-08-19,4113,聯上,tpex,32.90,32.90,29.00,31.00,1038000,31566100,,,45210000,380,,
2009-08-19_4114,2009-08-19,4114,健喬,tpex,36.40,37.00,35.00,35.00,504000,18377600,,,68509878,245,,
2009-08-19_4119,2009-08-19,4119,旭富,twse,70.00,71.80,69.80,70.60,195550,13816973,1.6,,,180,,
2009-08-19_4120,2009-08-19,4120,友華,tpex,57.80,58.40,57.20,57.30,572000,33069200,0.30,,69343045,384,,
2009-08-19_4121,2009-08-19,4121,優盛,tpex,13.20,13.50,13.20,13.50,140000,1863350,0.30,,67111772,73,,
2009-08-19_4123,2009-08-19,4123,晟德,tpex,44.50,44.50,42.00,42.60,308000,13234150,0.70,,47600261,208,,
2009-08-19_4126,2009-08-19,4126,太醫,tpex,62.80,63.70,62.20,63.00,656000,41393800,1.30,,54346621,450,,
2009-08-19_4127,2009-08-19,4127,天良,tpex,21.40,21.40,20.45,20.50,1039000,21596650,,,45760000,479,,
2009-08-19_4128,2009-08-19,4128,中天,tpex,35.70,35.70,34.50,34.50,775000,27013050,,,123914060,414,,
2009-08-19_4129,2009-08-19,4129,聯合,tpex,37.20,38.70,37.20,38.00,293000,11084200,1.00,,46362500,179,,
2009-08-19_4131,2009-08-19,4131,晶宇,tpex,33.70,34.20,33.70,33.80,180000,6115950,0.10,,45429854,103,,
2009-08-19_4205,2009-08-19,4205,恆義,tpex,24.00,24.15,23.80,24.10,26000,620250,,,60086250,8,,
2009-08-19_4207,2009-08-19,4207,環泰,tpex,10.70,11.20,10.60,10.60,1936000,21174900,,,119360694,495,,
2009-08-19_4303,2009-08-19,4303,信立,tpex,3.03,3.10,3.03,3.05,42000,128640,,,70000000,25,,
2009-08-19_4304,2009-08-19,4304,勝昱,tpex,8.50,8.50,7.92,8.10,65000,523690,,,50527250,29,,
2009-08-19_4305,2009-08-19,4305,世坤,tpex,11.40,11.40,11.25,11.25,2000,22650,0.00,,55014000,2,,
2009-08-19_4306,2009-08-19,4306,炎洲,twse,20.70,20.70,20.45,20.45,2189074,45041732,0.15,,,560,,
2009-08-19_4401,2009-08-19,4401,東隆興,tpex,8.23,8.24,8.16,8.22,96000,788020,0.06,,120286286,12,,
2009-08-19_4402,2009-08-19,4402,福大,tpex,2.03,2.04,1.98,2.01,211000,425540,0.00,,103747403,31,,
2009-08-19_4406,2009-08-19,4406,新昕纖,tpex,6.68,7.06,6.68,7.06,509000,3553750,0.46,,51912000,83,,
2009-08-19_4408,2009-08-19,4408,聯明,tpex,8.05,8.24,7.46,7.46,1561000,12025760,,,57627800,374,,
2009-08-19_4413,2009-08-19,4413,飛寶,tpex,,,,,0,0,,flat,177529190,0,,
2009-08-19_4414,2009-08-19,4414,如興,twse,2.85,2.94,2.73,2.73,631037,1812711,-0.19,,,91,,
2009-08-19_4415,2009-08-19,4415,美嘉電,tpex,66.00,67.40,61.10,62.00,851000,53464400,,,17704891,633,,
2009-08-19_4416,2009-08-19,4416,三圓,tpex,68.10,68.10,67.80,67.80,2000,135900,3.60,,60000000,2,,
2009-08-19_4417,2009-08-19,4417,金洲,tpex,12.25,12.25,12.00,12.15,59000,717250,,,63281517,21,,
2009-08-19_4419,2009-08-19,4419,松懋,tpex,14.05,15.50,14.05,15.50,127000,1916050,1.00,,33298194,74,,
2009-08-19_4420,2009-08-19,4420,光明,tpex,15.40,15.40,15.40,15.40,1000,15400,0.00,flat,29807000,1,,
2009-08-19_4426,2009-08-19,4426,利勤,tpex,10.85,10.85,10.55,10.65,70000,745450,,,53500754,31,,
2009-08-19_4502,2009-08-19,4502,源恆,tpex,3.07,3.07,3.00,3.00,4000,12070,,,75243858,2,,
2009-08-19_4506,2009-08-19,4506,崇友,tpex,10.20,10.30,10.15,10.25,47000,479600,0.05,,196680000,26,,
2009-08-19_4510,2009-08-19,4510,高鋒,tpex,7.44,7.44,6.91,7.06,361000,2577240,0.00,,88178515,87,,
2009-08-19_4513,2009-08-19,4513,福裕,tpex,12.75,12.75,12.20,12.30,161000,2028250,,,64880300,66,,
2009-08-19_4523,2009-08-19,4523,永彰,tpex,15.30,15.90,14.80,15.90,24000,364650,0.65,,54000000,15,,
2009-08-19_4526,2009-08-19,4526,東台,twse,19.90,20.30,19.80,20.30,341519,6822132,0.4,,,121,,
2009-08-19_4527,2009-08-19,4527,方土霖,tpex,13.45,13.45,13.20,13.45,12000,160600,0.15,,52409167,8,,
2009-08-19_4528,2009-08-19,4528,江興鍛,tpex,10.80,10.90,10.65,10.65,131000,1409800,,,62917075,41,,
2009-08-19_4529,2009-08-19,4529,力武,tpex,8.21,8.25,8.02,8.05,29000,236660,,,46918368,14,,
2009-08-19_4530,2009-08-19,4530,宏易,tpex,10.00,10.15,9.93,9.95,221000,2210670,0.02,,65034100,75,,
2009-08-19_4532,2009-08-19,4532,瑞智,twse,8.55,9.03,8.50,8.70,2721275,24018199,0.25,,,690,,
2009-08-19_4533,2009-08-19,4533,協易機,tpex,12.05,12.15,11.80,12.05,451000,5421500,0.00,,109831471,81,,
2009-08-19_4534,2009-08-19,4534,三林,tpex,5.11,5.16,5.10,5.11,13000,66380,,,100518744,4,,
2009-08-19_4535,2009-08-19,4535,至興,tpex,41.25,42.75,41.25,42.00,58000,2448900,0.85,,69960000,42,,
2009-08-19_4609,2009-08-19,4609,唐鋒,tpex,14.00,14.00,13.90,13.90,46000,639700,,,47946820,11,,
2009-08-19_4702,2009-08-19,4702,中美聯,tpex,4.65,4.65,4.42,4.55,82000,368900,0.05,,61025631,31,,
2009-08-19_4703,2009-08-19,4703,美克能,tpex,7.18,7.18,7.00,7.14,23000,162650,,,68407520,16,,
2009-08-19_4706,2009-08-19,4706,大恭,tpex,9.69,9.69,9.69,9.69,1000,9690,0.26,up,79030093,1,,
2009-08-19_4707,2009-08-19,4707,磐亞,tpex,11.85,12.05,11.85,12.00,100000,1197200,0.15,,207853720,25,,
2009-08-19_4711,2009-08-19,4711,永純,tpex,17.20,17.20,16.15,16.50,1334000,22513950,0.40,,61056000,355,,
2009-08-19_4712,2009-08-19,4712,南璋,tpex,6.20,6.30,6.20,6.30,23000,143650,0.04,,64086600,12,,
2009-08-19_4714,2009-08-19,4714,永捷,tpex,9.37,9.46,9.36,9.36,58000,545340,,,42444679,23,,
2009-08-19_4716,2009-08-19,4716,大立,tpex,16.35,16.60,16.05,16.05,165000,2704300,,,52638252,81,,
2009-08-19_4720,2009-08-19,4720,德淵,tpex,13.05,13.15,12.90,13.00,79000,1032050,0.15,,68001360,42,,
2009-08-19_4721,2009-08-19,4721,美琪瑪,tpex,21.00,21.25,20.80,20.80,199000,4197000,0.00,,69529621,94,,
2009-08-19_4722,2009-08-19,4722,國精化,tpex,11.90,11.90,10.90,10.90,657000,7287250,,,60746881,140,,
2009-08-19_4725,2009-08-19,4725,信昌化,twse,26.45,26.45,25.70,25.70,153000,3954299,-0.6,,,79,,
2009-08-19_4729,2009-08-19,4729,熒茂,tpex,29.30,30.20,29.30,29.60,319000,9495700,0.70,,63500000,214,,
2009-08-19_4733,2009-08-19,4733,上緯,tpex,88.10,88.50,84.50,85.70,957000,82629300,,,60000000,512,,
2009-08-19_4801,2009-08-19,4801,碼斯特,tpex,,,,,0,0,,flat,29004449,0,,
2009-08-19_4903,2009-08-19,4903,聯光通,tpex,6.98,7.23,6.80,7.23,966000,6941740,0.47,,72996950,248,,
2009-08-19_4904,2009-08-19,4904,遠傳,twse,37.25,37.45,36.90,36.90,4129081,153006097,-0.35,,,1494,,
2009-08-19_4905,2009-08-19,4905,台聯電,tpex,12.50,12.65,12.50,12.60,27000,337900,0.05,,56350000,12,,
2009-08-19_4906,2009-08-19,4906,正文,twse,52.60,53.00,52.40,52.50,1123531,59149329,0.3,,,592,,
2009-08-19_4907,2009-08-19,4907,正華,tpex,27.20,27.20,27.20,27.20,196000,5331200,,flat,28957778,50,,
2009-08-19_4908,2009-08-19,4908,前鼎,tpex,32.10,32.50,32.00,32.10,241000,7747650,0.00,,66764000,110,,
2009-08-19_4909,2009-08-19,4909,新復興,tpex,34.30,35.45,33.90,35.15,1170000,40838050,1.35,,80891121,447,,
2009-08-19_5007,2009-08-19,5007,三星,tpex,16.60,16.70,16.50,16.65,98000,1627650,0.05,,219956859,35,,
2009-08-19_5009,2009-08-19,5009,榮剛,tpex,17.65,17.65,17.15,17.20,1606000,27826200,,,331170106,582,,
2009-08-19_5011,2009-08-19,5011,久陽,tpex,,,,,0,0,,flat,32437350,0,,
2009-08-19_5013,2009-08-19,5013,強新,tpex,11.00,11.10,10.90,11.00,260000,2864650,0.05,,87162000,65,,
2009-08-19_5014,2009-08-19,5014,建錩,tpex,11.70,11.70,11.50,11.50,180000,2086550,,,124117214,44,,
2009-08-19_5015,2009-08-19,5015,華祺,tpex,15.20,15.30,15.10,15.20,54000,819200,0.00,,60639189,31,,
2009-08-19_5016,2009-08-19,5016,松和,tpex,19.70,19.85,19.55,19.55,27000,529450,,,45110978,20,,
2009-08-19_5102,2009-08-19,5102,富強,tpex,9.90,9.90,9.63,9.63,135000,1313180,,,58127044,33,,
2009-08-19_5201,2009-08-19,5201,凱衛,tpex,20.90,20.90,20.05,20.05,11000,224350,0.05,,25674600,10,,
2009-08-19_5202,2009-08-19,5202,力新,tpex,5.21,5.56,5.21,5.42,141000,769490,,,60694000,39,,
2009-08-19_5203,2009-08-19,5203,訊連,twse,129.50,130.00,124.50,126.00,1800670,229571090,-3.5,,,1277,,
2009-08-19_5204,2009-08-19,5204,得捷,tpex,3.35,3.35,3.35,3.35,22000,73700,,flat,35068052,4,,
2009-08-19_5205,2009-08-19,5205,漢康,tpex,44.50,46.75,44.50,46.00,644000,29344550,1.50,,20188000,343,,
2009-08-19_5209,2009-08-19,5209,新鼎,tpex,25.80,26.35,25.50,26.00,31000,800050,0.50,,21305000,17,,
2009-08-19_5210,2009-08-19,5210,寶碩,tpex,7.20,7.20,7.05,7.16,37000,263940,,,66407262,17,,
2009-08-19_5211,2009-08-19,5211,蒙恬,tpex,29.00,29.00,27.70,27.70,102000,2866500,,,32024727,57,,
2009-08-19_5212,2009-08-19,5212,凌網,tpex,16.90,17.15,16.90,17.15,8000,136800,0.10,,34533000,6,,
2009-08-19_5213,2009-08-19,5213,力昕,tpex,25.55,27.35,25.50,26.10,1716000,45613800,,,102843313,707,,
2009-08-19_5301,2009-08-19,5301,祥裕,tpex,3.30,3.30,3.24,3.28,67000,220200,,,62916000,18,,
2009-08-19_5302,2009-08-19,5302,太欣,tpex,17.50,17.60,17.20,17.20,193000,3358050,0.00,,162180000,87,,
2009-08-19_5304,2009-08-19,5304,鼎創達,tpex,2.85,2.85,2.85,2.85,7000,19950,,flat,185962436,6,,
2009-08-19_5305,2009-08-19,5305,敦南,twse,20.00,20.20,19.50,19.50,4994669,98989222,-0.45,,,1526,,
2009-08-19_5306,2009-08-19,5306,訊康,tpex,4.50,4.60,4.50,4.55,73000,331620,0.00,,67831717,17,,
2009-08-19_5309,2009-08-19,5309,系統,tpex,10.10,10.60,10.10,10.60,2800000,29059100,0.50,,130537229,476,,
2009-08-19_5310,2009-08-19,5310,天剛,tpex,61.80,65.50,61.80,65.40,302000,19313000,3.00,,11040593,197,,
2009-08-19_5312,2009-08-19,5312,寶島科,tpex,55.00,55.80,54.20,54.60,268000,14715500,0.60,,60059898,153,,
2009-08-19_5314,2009-08-19,5314,世紀,tpex,5.82,6.00,5.75,5.90,338000,1995010,0.20,,111575298,97,,
2009-08-19_5315,2009-08-19,5315,光聯,tpex,4.45,4.76,4.45,4.76,1124000,5249160,0.31,,236303321,256,,
2009-08-19_5317,2009-08-19,5317,凱美,tpex,7.75,7.75,7.66,7.75,2372000,18380830,0.50,,136389469,544,,
2009-08-19_5321,2009-08-19,5321,友銓,tpex,2.75,2.82,2.75,2.82,8000,22070,,,225000000,2,,
2009-08-19_5324,2009-08-19,5324,德豐,tpex,16.40,17.05,16.30,16.95,8000,133450,0.55,,47520034,5,,
2009-08-19_5326,2009-08-19,5326,漢磊,tpex,8.80,8.80,8.61,8.63,697000,6051820,0.08,,326638308,166,,
2009-08-19_5328,2009-08-19,5328,華容,tpex,8.80,8.97,8.55,8.80,144000,1259920,0.10,,167119100,57,,
2009-08-19_5340,2009-08-19,5340,建榮,tpex,4.64,4.64,4.52,4.60,110000,505600,0.04,,165893964,31,,
2009-08-19_5344,2009-08-19,5344,立衛,tpex,17.60,17.60,17.25,17.25,6000,104100,0.10,,79447460,6,,
2009-08-19_5345,2009-08-19,5345,天揚,tpex,5.37,5.56,5.22,5.25,186000,995210,0.03,,50000000,87,,
2009-08-19_5346,2009-08-19,5346,力晶,tpex,3.66,3.66,3.55,3.58,43343000,155996130,0.08,,7831118731,3685,,
2009-08-19_5347,2009-08-19,5347,世界,tpex,14.50,14.95,14.50,14.80,2082000,30899050,0.30,,1677486032,685,,
2009-08-19_5348,2009-08-19,5348,系通,tpex,15.50,15.50,14.50,14.50,22000,330800,,,21750310,12,,
2009-08-19_5349,2009-08-19,5349,先豐,tpex,8.00,8.00,7.75,7.83,396000,3089230,0.11,,201265081,92,,
2009-08-19_5351,2009-08-19,5351,鈺創,tpex,13.40,13.90,13.40,13.90,1417000,19478400,0.50,,417996738,425,,
2009-08-19_5353,2009-08-19,5353,台林,tpex,9.27,9.44,9.20,9.23,149000,1385480,0.01,,100941085,55,,
2009-08-19_5355,2009-08-19,5355,佳總,tpex,18.50,19.00,18.20,18.60,1036000,19402400,0.60,,132680774,374,,
2009-08-19_5356,2009-08-19,5356,協益,tpex,8.79,8.94,8.79,8.82,231000,2046620,0.03,,140000000,58,,
2009-08-19_5364,2009-08-19,5364,浩騰,tpex,8.80,8.80,8.46,8.50,3838000,32919020,0.10,,189053841,759,,
2009-08-19_5371,2009-08-19,5371,中光電,tpex,39.05,39.70,38.60,39.25,7915000,310384250,0.75,,724038518,2749,,
2009-08-19_5381,2009-08-19,5381,合正,tpex,4.81,4.98,4.81,4.87,1163000,5713570,0.07,,249661788,253,,
2009-08-19_5383,2009-08-19,5383,金利,tpex,16.70,16.95,16.30,16.75,582000,9671000,,,69334208,184,,
2009-08-19_5384,2009-08-19,5384,捷元,tpex,7.90,8.00,7.70,7.84,1003000,7904060,0.09,,92339500,200,,
2009-08-19_5386,2009-08-19,5386,青雲,tpex,7.09,7.09,7.09,7.09,1000,7090,0.04,up,34939831,1,,
2009-08-19_5387,2009-08-19,5387,茂德,tpex,1.35,1.35,1.30,1.32,3321000,4365450,0.02,,7267016424,153,,
2009-08-19_5388,2009-08-19,5388,中磊,twse,15.20,15.60,15.20,15.30,492625,7606240,0.1,,,171,,
2009-08-19_5392,2009-08-19,5392,應華,tpex,183.00,185.00,176.00,176.00,468000,84652000,,,69561492,361,,
2009-08-19_5395,2009-08-19,5395,普揚,tpex,,,,,0,0,,flat,103023500,0,,
2009-08-19_5398,2009-08-19,5398,力瑋,tpex,6.45,6.45,6.03,6.03,44000,270570,,,53733000,18,,
2009-08-19_5403,2009-08-19,5403,中菲,tpex,11.65,11.95,11.65,11.90,124000,1464450,,,55105306,52,,
2009-08-19_5410,2009-08-19,5410,國眾,tpex,9.77,9.77,9.77,9.77,152000,1485040,0.63,up,82180250,49,,
2009-08-19_5425,2009-08-19,5425,台半,tpex,24.30,24.80,23.50,23.50,5556000,134095350,,,243966896,1874,,
2009-08-19_5426,2009-08-19,5426,振發,tpex,14.80,14.90,14.75,14.80,266000,3946000,0.00,,143800000,83,,
2009-08-19_5432,2009-08-19,5432,達威,tpex,1.70,1.76,1.70,1.75,102000,177430,0.10,,81574799,16,,
2009-08-19_5434,2009-08-19,5434,崇越,twse,29.40,29.95,28.90,29.25,2409243,71232042,-0.05,,,471,,
2009-08-19_5438,2009-08-19,5438,東友,tpex,20.50,20.90,20.30,20.80,632000,12991100,,,112536565,284,,
2009-08-19_5439,2009-08-19,5439,高技,tpex,11.55,12.00,11.00,11.70,910000,10789750,0.45,,75704614,190,,
2009-08-19_5443,2009-08-19,5443,均豪,tpex,11.70,12.00,11.65,11.80,1299000,15354400,0.25,,227260180,408,,
2009-08-19_5450,2009-08-19,5450,寶聯,tpex,14.15,14.30,14.10,14.10,234000,3323600,0.00,,50392250,52,,
2009-08-19_5452,2009-08-19,5452,佶優,tpex,6.72,7.11,6.72,7.05,352000,2454430,0.34,,126852800,102,,
2009-08-19_5455,2009-08-19,5455,訊利電,tpex,7.89,8.30,7.89,7.90,1077000,8725640,0.05,,36500000,243,,
2009-08-19_5457,2009-08-19,5457,宣德,tpex,8.80,9.15,8.80,8.91,473000,4236740,,,209987592,110,,
2009-08-19_5460,2009-08-19,5460,同協,tpex,9.90,9.90,9.80,9.90,147000,1450100,,,72032030,45,,
2009-08-19_5464,2009-08-19,5464,霖宏,tpex,32.60,33.35,32.60,33.20,434000,14344600,0.60,,60000000,240,,
2009-08-19_5465,2009-08-19,5465,富驊,tpex,6.77,7.24,6.60,7.18,2657000,18977420,0.41,,237720000,348,,
2009-08-19_5466,2009-08-19,5466,泰林,tpex,7.91,8.14,7.91,8.12,414000,3337680,0.21,,249233450,131,,
2009-08-19_5467,2009-08-19,5467,聯福生,tpex,5.65,5.65,5.65,5.65,2000,11300,,flat,111177619,1,,
2009-08-19_5468,2009-08-19,5468,凱鈺,tpex,8.88,8.88,8.88,8.88,112000,994560,0.58,up,78102509,31,,
2009-08-19_5469,2009-08-19,5469,瀚宇博,twse,20.55,20.75,20.40,20.55,1477639,30382429,0.1,,,432,,
2009-08-19_5471,2009-08-19,5471,松翰,twse,62.00,62.20,61.30,61.60,892083,55163606,0.3,,,550,,
2009-08-19_5474,2009-08-19,5474,聰泰,tpex,21.20,21.20,20.80,21.15,52000,1089150,0.10,,33729787,40,,
2009-08-19_5475,2009-08-19,5475,德宏,tpex,7.00,7.30,6.95,7.05,1372000,9838240,0.20,,188457625,336,,
2009-08-19_5478,2009-08-19,5478,智冠,tpex,154.50,156.00,150.50,154.00,5330000,818089500,1.00,,125681065,3546,,
2009-08-19_5480,2009-08-19,5480,統盟,tpex,11.60,11.70,11.20,11.30,1138000,12945300,0.10,,180274800,259,,
2009-08-19_5481,2009-08-19,5481,華韡,tpex,10.10,10.35,10.00,10.20,530000,5346750,0.10,,102281891,88,,
2009-08-19_5483,2009-08-19,5483,中美晶,tpex,73.60,74.40,73.20,73.40,2334000,172129000,,,297662332,1349,,
2009-08-19_5484,2009-08-19,5484,慧友,twse,21.00,21.60,21.00,21.60,147140,3161574,0.15,,,60,,
2009-08-19_5487,2009-08-19,5487,通泰,tpex,15.90,16.30,15.90,16.25,42000,677400,0.40,,45219031,19,,
2009-08-19_5488,2009-08-19,5488,松普,tpex,11.50,11.80,11.50,11.50,255000,2947250,0.00,,91586124,48,,
2009-08-19_5489,2009-08-19,5489,彩富,tpex,30.30,30.90,30.30,30.80,33000,1012000,,,100315324,22,,
2009-08-19_5490,2009-08-19,5490,同亨,tpex,18.60,18.60,18.10,18.10,86000,1577750,0.10,,94847000,27,,
2009-08-19_5491,2009-08-19,5491,連展,tpex,20.05,20.50,19.30,19.30,5673000,113432550,,,166673430,1543,,
2009-08-19_5492,2009-08-19,5492,亞智科,tpex,11.95,12.10,11.90,12.00,259000,3096650,0.10,,92868567,53,,
2009-08-19_5493,2009-08-19,5493,三聯,tpex,15.65,15.80,15.10,15.35,524000,8080250,,,38304513,170,,
2009-08-19_5498,2009-08-19,5498,凱崴,tpex,4.50,4.51,4.39,4.43,531000,2356810,,,143286848,88,,
2009-08-19_5505,2009-08-19,5505,和旺,tpex,16.50,16.50,16.50,16.50,27000,445500,0.00,flat,47000000,7,,
2009-08-19_5506,2009-08-19,5506,長鴻,tpex,6.13,6.30,5.92,6.00,71000,433220,,,66151800,17,,
2009-08-19_5508,2009-08-19,5508,永信建,tpex,45.50,45.90,42.50,43.00,668000,29264900,,,183460111,417,,
2009-08-19_5511,2009-08-19,5511,德昌,tpex,14.80,15.10,14.70,14.80,175000,2585500,0.10,,82308450,71,,
2009-08-19_5512,2009-08-19,5512,力麒,tpex,12.80,13.00,12.40,12.50,2959000,37322700,,,404681246,600,,
2009-08-19_5514,2009-08-19,5514,三豐,tpex,15.65,15.70,15.60,15.70,72000,1128050,0.10,,98662788,28,,
2009-08-19_5515,2009-08-19,5515,建國,twse,17.85,18.15,17.70,17.80,1390636,24813148,0.0,,,534,,
2009-08-19_5516,2009-08-19,5516,雙喜,tpex,12.60,12.65,12.15,12.20,60000,744750,0.05,,38295000,36,,
2009-08-19_5519,2009-08-19,5519,隆大,tpex,22.60,23.30,22.45,22.80,35000,796250,0.40,,61000000,29,,
2009-08-19_5520,2009-08-19,5520,力泰,tpex,24.40,24.70,24.40,24.70,16000,393450,0.90,,70959112,10,,
2009-08-19_5521,2009-08-19,5521,工信,tpex,10.30,10.40,10.15,10.20,1651000,16963950,0.05,,347527413,503,,
2009-08-19_5522,2009-08-19,5522,遠雄,twse,69.00,69.00,67.60,68.00,1512003,103262205,0.4,,,945,,
2009-08-19_5523,2009-08-19,5523,宏都,tpex,12.20,13.00,12.20,13.00,1730000,21983500,0.85,,109323217,514,,
2009-08-19_5525,2009-08-19,5525,順天,twse,16.80,17.15,16.80,16.90,375370,6387515,0.1,,,107,,
2009-08-19_5529,2009-08-19,5529,志嘉,tpex,9.99,10.05,9.96,9.96,139000,1389050,0.04,,44173800,48,,
2009-08-19_5530,2009-08-19,5530,大漢,tpex,16.45,17.50,16.25,17.00,1467000,25138300,0.60,,307235000,451,,
2009-08-19_5531,2009-08-19,5531,鄉林,twse,33.80,34.50,33.60,33.80,1760025,59611350,0.0,,,778,,
2009-08-19_5533,2009-08-19,5533,皇鼎,twse,23.60,23.80,23.30,23.40,5561650,130987680,0.9,,,1693,,
2009-08-19_5534,2009-08-19,5534,長虹,twse,61.00,62.10,61.00,61.10,2342276,143824951,0.1,,,1014,,
2009-08-19_5601,2009-08-19,5601,台聯櫃,tpex,15.90,15.90,15.70,15.70,4000,63300,,,72000000,4,,
2009-08-19_5603,2009-08-19,5603,陸海,tpex,8.11,8.12,7.91,8.07,78000,624430,,,62931495,29,,
2009-08-19_5604,2009-08-19,5604,中連貨,tpex,19.20,19.20,19.00,19.10,76000,1448250,0.10,,108782968,28,,
2009-08-19_5607,2009-08-19,5607,遠雄港,twse,31.05,31.50,30.50,31.10,1222521,38068187,0.1,,,668,,
2009-08-19_5608,2009-08-19,5608,四維航,twse,49.00,49.40,48.65,48.80,1376220,67455830,0.2,,,632,,
2009-08-19_5609,2009-08-19,5609,中菲行,tpex,22.35,22.40,22.10,22.20,480000,10660250,0.10,,116000000,196,,
2009-08-19_5701,2009-08-19,5701,劍湖山,tpex,11.30,11.65,10.70,11.65,19282000,217098750,0.60,,415699242,4067,,
2009-08-19_5703,2009-08-19,5703,亞都,tpex,23.30,23.75,22.60,22.60,20000,457950,,,70239594,15,,
2009-08-19_5704,2009-08-19,5704,老爺知,tpex,18.60,18.70,18.35,18.45,6000,111500,0.10,,59787165,5,,
2009-08-19_5706,2009-08-19,5706,鳳凰,tpex,60.00,61.80,60.00,61.40,175000,10600900,0.90,,36817193,142,,
2009-08-19_5820,2009-08-19,5820,日盛金,tpex,5.07,5.12,5.05,5.08,4869000,24744650,0.03,,4521149425,490,,
2009-08-19_5854,2009-08-19,5854,合庫,twse,18.85,18.95,18.70,18.70,8464970,159311376,-0.1,,,1960,,
2009-08-19_5902,2009-08-19,5902,德記,tpex,2.30,2.30,2.28,2.28,208000,476940,0.00,,230000000,12,,
2009-08-19_5903,2009-08-19,5903,全家,tpex,53.50,53.50,53.00,53.20,16000,851300,,,223220000,14,,
2009-08-19_5904,2009-08-19,5904,寶雅,tpex,27.80,27.80,27.35,27.70,45000,1236600,0.05,,72330023,32,,
2009-08-19_5905,2009-08-19,5905,南仁湖,tpex,10.90,11.60,10.90,11.20,2138000,24326500,0.35,,174789817,541,,
2009-08-19_6005,2009-08-19,6005,群益證,twse,14.80,14.85,14.50,14.50,5542348,81475994,0.0,,,1569,,
2009-08-19_6008,2009-08-19,6008,凱基證,tpex,15.00,15.05,14.50,14.75,17533000,259828900,,,3208086216,3256,,
2009-08-19_6012,2009-08-19,6012,金鼎證,twse,8.00,8.00,7.85,7.86,950300,7514925,-0.04,,,251,,
2009-08-19_6015,2009-08-19,6015,宏遠證,tpex,7.39,7.45,7.30,7.31,705000,5184490,,,429900000,164,,
2009-08-19_6016,2009-08-19,6016,康和證,tpex,9.56,9.61,9.46,9.47,1222000,11664420,0.01,,655425090,258,,
2009-08-19_6020,2009-08-19,6020,大展證,tpex,14.60,14.60,14.40,14.50,21000,304350,0.00,,232583552,10,,
2009-08-19_6021,2009-08-19,6021,大慶證,tpex,12.10,12.20,11.80,11.80,448000,5381100,,,265589587,122,,
2009-08-19_6022,2009-08-19,6022,大眾證,tpex,14.90,15.20,14.85,14.85,1095000,16391450,0.00,,310584608,247,,
2009-08-19_6023,2009-08-19,6023,寶來期,tpex,38.10,38.40,37.85,37.90,113000,4291800,,,131276288,69,,
2009-08-19_6024,2009-08-19,6024,群益期,tpex,33.50,33.50,32.80,33.10,85000,2804650,,,75226800,35,,
2009-08-19_6101,2009-08-19,6101,弘捷,tpex,1.65,1.65,1.65,1.65,39000,64350,0.10,up,104365000,6,,
2009-08-19_6103,2009-08-19,6103,合邦,tpex,2.90,2.90,2.89,2.89,13000,37600,0.06,,80684974,3,,
2009-08-19_6104,2009-08-19,6104,創惟,tpex,34.80,34.90,34.00,34.00,1122000,38618450,0.00,,84418184,565,,
2009-08-19_6105,2009-08-19,6105,瑞傳,tpex,27.10,27.35,26.90,27.15,261000,7075150,0.25,,109377544,140,,
2009-08-19_6107,2009-08-19,6107,華美,tpex,4.72,4.72,4.72,4.72,1000,4720,,flat,35029900,1,,
2009-08-19_6108,2009-08-19,6108,競國,twse,26.85,26.85,25.55,26.05,8218283,215911923,-0.25,,,2571,,
2009-08-19_6109,2009-08-19,6109,亞元,tpex,7.20,7.20,7.00,7.00,4000,28390,,,48766917,4,,
2009-08-19_6111,2009-08-19,6111,大宇資,tpex,30.00,30.00,30.00,30.00,17000,510000,0.50,up,24949768,4,,
2009-08-19_6112,2009-08-19,6112,邁達特,twse,15.25,15.25,15.00,15.05,105100,1585850,0.0,,,40,,
2009-08-19_6113,2009-08-19,6113,亞矽,tpex,8.37,8.69,8.12,8.12,266000,2214610,,,55607100,82,,
2009-08-19_6114,2009-08-19,6114,翔昇,tpex,5.80,5.90,5.56,5.56,57000,320310,0.00,,35457448,17,,
2009-08-19_6115,2009-08-19,6115,鎰勝,twse,53.00,54.00,52.10,52.10,2784125,147474767,0.0,,,1298,,
2009-08-19_6116,2009-08-19,6116,彩晶,twse,7.64,7.64,7.47,7.49,17544399,132208515,0.05,,,2908,,
2009-08-19_6117,2009-08-19,6117,迎廣,twse,14.80,15.30,14.80,15.10,50000,750550,0.35,,,22,,
2009-08-19_6118,2009-08-19,6118,建達,tpex,14.80,15.05,14.80,15.00,101000,1506850,0.30,,86489219,61,,
2009-08-19_6119,2009-08-19,6119,大傳,twse,10.40,10.40,10.25,10.25,143000,1473550,-0.05,,,47,,
2009-08-19_6120,2009-08-19,6120,達運,twse,23.10,24.35,22.50,24.15,10854756,259108767,1.35,,,2744,,
2009-08-19_6121,2009-08-19,6121,新普,tpex,140.00,143.00,140.00,141.50,1216000,172536500,2.00,,231618481,771,,
2009-08-19_6122,2009-08-19,6122,擎邦,tpex,21.45,21.65,21.10,21.25,1034000,22092500,0.05,,62950257,383,,
2009-08-19_6123,2009-08-19,6123,上奇,tpex,16.05,16.30,15.85,16.00,94000,1508600,0.15,,42547312,60,,
2009-08-19_6124,2009-08-19,6124,業強,tpex,15.65,16.40,15.65,15.85,104000,1662900,0.20,,192479945,31,,
2009-08-19_6125,2009-08-19,6125,廣運,tpex,25.85,26.15,25.85,26.15,337000,8747950,0.30,,170477859,181,,
2009-08-19_6126,2009-08-19,6126,信音,tpex,27.00,27.40,26.15,26.65,1899000,50956300,0.15,,79884419,655,,
2009-08-19_6127,2009-08-19,6127,九豪,tpex,8.90,8.90,8.66,8.83,346000,3060410,,,81147551,65,,
2009-08-19_6128,2009-08-19,6128,上福,twse,34.65,35.00,33.90,34.35,547940,19024760,-0.05,,,219,,
2009-08-19_6129,2009-08-19,6129,普誠,tpex,13.85,14.20,13.85,13.90,1532000,21550900,0.15,,178962175,541,,
2009-08-19_6131,2009-08-19,6131,鈞泰,twse,15.75,15.80,15.65,15.70,129071,2030409,0.05,,,58,,
2009-08-19_6133,2009-08-19,6133,金橋,twse,11.50,11.50,11.20,11.30,134000,1515550,-0.05,,,37,,
2009-08-19_6134,2009-08-19,6134,萬旭,tpex,59.20,59.50,57.80,58.40,1049000,61722900,0.90,,68985000,556,,
2009-08-19_6135,2009-08-19,6135,佳營,tpex,5.47,5.47,5.25,5.46,134000,729030,,,76188875,28,,
2009-08-19_6136,2009-08-19,6136,富爾特,twse,22.00,22.30,21.90,22.20,453170,10015653,0.2,,,182,,
2009-08-19_6138,2009-08-19,6138,茂達,tpex,35.40,36.10,35.10,35.10,1367000,48609350,0.00,,126406052,705,,
2009-08-19_6139,2009-08-19,6139,亞翔,twse,26.10,26.55,25.95,26.20,219148,5724396,-0.1,,,87,,
2009-08-19_6140,2009-08-19,6140,訊達,tpex,8.49,8.49,8.13,8.15,58000,474380,,,35644653,24,,
2009-08-19_6141,2009-08-19,6141,柏承,twse,16.20,16.50,16.20,16.30,736703,12027022,0.1,,,210,,
2009-08-19_6142,2009-08-19,6142,友勁,twse,14.70,15.15,14.60,14.85,3185030,47357985,0.0,,,929,,
2009-08-19_6143,2009-08-19,6143,振曜,tpex,47.80,50.60,47.40,50.60,2333000,115461600,3.30,,68003361,1099,,
2009-08-19_6144,2009-08-19,6144,得利影,tpex,9.07,9.07,9.03,9.03,8000,72520,0.55,,62431473,3,,
2009-08-19_6145,2009-08-19,6145,勁永,twse,18.20,18.25,17.75,17.90,2975220,53542716,0.15,,,906,,
2009-08-19_6146,2009-08-19,6146,耕興,tpex,60.50,61.20,58.50,59.20,1103000,65334200,,,77893013,633,,
2009-08-19_6147,2009-08-19,6147,頎邦,tpex,29.50,30.00,29.00,29.20,5323000,156692250,0.85,,312371696,1978,,
2009-08-19_6148,2009-08-19,6148,驊宏資,tpex,3.70,3.75,3.52,3.60,1112000,4045240,,,150751044,236,,
2009-08-19_6150,2009-08-19,6150,撼訊,tpex,18.40,18.40,17.55,17.95,1092000,19501950,0.00,,64277712,449,,
2009-08-19_6151,2009-08-19,6151,晉倫,tpex,14.50,14.90,14.50,14.90,108000,1593300,0.60,,44567000,59,,
2009-08-19_6152,2009-08-19,6152,百一,tpex,33.30,34.00,33.05,33.60,517000,17283600,0.30,,138552793,267,,
2009-08-19_6153,2009-08-19,6153,嘉聯益,twse,15.40,15.50,15.30,15.30,1529228,23570184,0.0,,,433,,
2009-08-19_6154,2009-08-19,6154,順發,tpex,25.70,26.00,25.50,25.65,208000,5360000,0.20,,72800000,93,,
2009-08-19_6155,2009-08-19,6155,鈞寶,twse,31.45,31.45,30.55,31.30,82396,2549526,0.3,,,48,,
2009-08-19_6156,2009-08-19,6156,科橋,tpex,4.77,4.90,4.77,4.80,133000,642690,0.03,,219286710,48,,
2009-08-19_6158,2009-08-19,6158,禾昌,tpex,47.70,50.30,47.70,49.10,8670000,426960100,2.05,,113661151,3423,,
2009-08-19_6160,2009-08-19,6160,欣技,tpex,38.10,38.75,38.10,38.20,122000,4692500,0.15,,70981120,77,,
2009-08-19_6161,2009-08-19,6161,捷波,tpex,15.10,15.40,15.05,15.25,685000,10444750,0.25,,101104239,237,,
2009-08-19_6163,2009-08-19,6163,華電網,tpex,27.80,28.20,27.80,28.00,669000,18725600,0.25,,77153227,280,,
2009-08-19_6164,2009-08-19,6164,華興,twse,20.80,21.05,20.50,20.75,840000,17492149,0.15,,,307,,
2009-08-19_6165,2009-08-19,6165,浪凡,twse,8.55,8.60,8.11,8.14,845211,7035347,-0.26,,,248,,
2009-08-19_6166,2009-08-19,6166,凌華,twse,21.00,21.20,20.80,21.10,125367,2622207,-0.2,,,84,,
2009-08-19_6167,2009-08-19,6167,久正,tpex,3.75,3.86,3.70,3.74,369000,1395150,0.10,,162173221,76,,
2009-08-19_6168,2009-08-19,6168,宏齊,twse,29.10,29.60,28.50,28.50,2609870,75952347,-0.3,,,952,,
2009-08-19_6169,2009-08-19,6169,昱泉,tpex,114.50,121.00,113.50,121.00,952000,112046500,7.50,,27941000,701,,
2009-08-19_6170,2009-08-19,6170,統振,tpex,27.20,27.55,27.00,27.00,1313000,35683250,0.25,,81624579,481,,
2009-08-19_6171,2009-08-19,6171,亞銳士,tpex,7.89,8.05,7.79,7.83,53000,420500,0.20,,27351921,28,,
2009-08-19_6172,2009-08-19,6172,互億,twse,4.13,4.25,4.13,4.25,93000,390340,0.13,,,38,,
2009-08-19_6173,2009-08-19,6173,信昌電,tpex,18.20,18.70,18.15,18.30,1059000,19488650,0.00,,162209827,305,,
2009-08-19_6174,2009-08-19,6174,安碁,tpex,4.70,4.79,4.70,4.79,12000,57120,,,71687458,8,,
2009-08-19_6175,2009-08-19,6175,立敦,tpex,5.15,5.38,5.10,5.18,255000,1330300,0.09,,93678907,63,,
2009-08-19_6176,2009-08-19,6176,瑞儀,twse,43.20,45.05,42.80,44.95,4022105,176149902,1.95,,,2017,,
2009-08-19_6177,2009-08-19,6177,達麗,tpex,21.40,21.40,20.30,20.50,137000,2811500,,,54634725,62,,
2009-08-19_6179,2009-08-19,6179,世仰,tpex,6.44,6.65,6.30,6.65,72000,471540,0.43,,72912000,36,,
2009-08-19_6180,2009-08-19,6180,橘子,tpex,56.50,56.70,54.30,54.30,4960000,273472100,,,158905860,2686,,
2009-08-19_6182,2009-08-19,6182,合晶,tpex,58.40,58.50,57.20,58.00,2741000,158513500,0.50,,234761566,1428,,
2009-08-19_6183,2009-08-19,6183,關貿,tpex,15.50,15.60,15.45,15.45,484000,7515350,0.00,,197725777,58,,
2009-08-19_6184,2009-08-19,6184,大豐電,twse,42.45,42.45,42.15,42.15,26275,1108650,0.1,,,19,,
2009-08-19_6185,2009-08-19,6185,幃翔,tpex,15.90,15.90,15.30,15.30,542000,8460250,,,90284400,209,,
2009-08-19_6186,2009-08-19,6186,晶磊,tpex,2.68,2.68,2.68,2.68,14000,37520,,flat,72068831,4,,
2009-08-19_6187,2009-08-19,6187,萬潤,tpex,20.80,21.00,20.65,20.65,355000,7375350,0.00,,59642826,146,,
2009-08-19_6188,2009-08-19,6188,廣明,tpex,55.80,57.20,55.50,57.10,4594000,259321400,2.10,,283284644,1999,,
2009-08-19_6189,2009-08-19,6189,豐藝,twse,17.90,18.25,17.90,17.90,324759,5831385,0.0,,,119,,
2009-08-19_6190,2009-08-19,6190,萬泰,tpex,12.70,12.95,12.55,12.70,520000,6592600,,,112694262,167,,
2009-08-19_6191,2009-08-19,6191,精成科,twse,18.10,18.60,17.95,18.30,1238469,22643894,0.0,,,508,,
2009-08-19_6192,2009-08-19,6192,巨路,twse,53.90,54.40,53.50,53.90,414000,22326600,0.5,,,221,,
2009-08-19_6194,2009-08-19,6194,育富,tpex,38.90,39.85,37.60,37.60,2468000,95861250,,,112800000,1110,,
2009-08-19_6195,2009-08-19,6195,旭展,tpex,17.05,17.40,17.05,17.20,96000,1657900,0.40,,22968202,39,,
2009-08-19_6196,2009-08-19,6196,帆宣,twse,14.15,14.15,13.90,13.90,302074,4241532,0.0,,,118,,
2009-08-19_6197,2009-08-19,6197,佳必琪,twse,46.80,46.80,45.50,45.50,854606,39252003,0.1,,,509,,
2009-08-19_6198,2009-08-19,6198,凌泰,tpex,8.40,8.64,8.10,8.64,29000,243260,0.26,,34679609,19,,
2009-08-19_6199,2009-08-19,6199,精威,tpex,15.20,15.20,15.10,15.15,108000,1635900,0.05,,63184286,44,,
2009-08-19_6201,2009-08-19,6201,亞弘電,twse,24.80,25.00,24.65,24.65,85150,2111719,0.0,,,46,,
2009-08-19_6202,2009-08-19,6202,盛群,twse,35.50,36.00,35.50,35.50,1140885,40741964,0.2,,,506,,
2009-08-19_6203,2009-08-19,6203,海韻,tpex,66.00,68.20,66.00,67.70,276000,18653500,2.60,,59608829,200,,
2009-08-19_6204,2009-08-19,6204,艾華,tpex,22.75,23.30,22.30,22.70,186000,4266450,,,36700000,90,,
2009-08-19_6205,2009-08-19,6205,詮欣,twse,25.70,25.95,25.60,25.60,167544,4309725,0.0,,,74,,
2009-08-19_6206,2009-08-19,6206,飛捷,twse,81.50,83.10,81.50,83.00,1870705,154400015,1.5,,,828,,
2009-08-19_6207,2009-08-19,6207,雷科,tpex,18.20,18.80,18.20,18.40,1558000,28874250,0.25,,71300621,464,,
2009-08-19_6208,2009-08-19,6208,日揚,tpex,12.55,12.55,11.85,11.90,3915000,47871700,0.15,,96392170,1118,,
2009-08-19_6209,2009-08-19,6209,今國光,twse,19.05,19.20,18.60,18.60,2147205,40314371,-0.45,,,799,,
2009-08-19_6210,2009-08-19,6210,慶生,tpex,15.25,15.70,15.25,15.55,152000,2346750,0.40,,35048000,77,,
2009-08-19_6211,2009-08-19,6211,福登,tpex,13.45,13.60,13.40,13.45,22000,296400,0.10,,46734763,9,,
2009-08-19_6212,2009-08-19,6212,理銘,tpex,11.10,11.15,10.70,11.00,86000,947500,0.35,,102000000,35,,
2009-08-19_6213,2009-08-19,6213,聯茂,twse,22.90,22.90,22.35,22.40,4506023,101532508,0.0,,,1244,,
2009-08-19_6214,2009-08-19,6214,精誠,tpex,30.80,31.00,30.70,31.00,127000,3917150,0.30,,267681904,73,,
2009-08-19_6215,2009-08-19,6215,和椿,twse,16.25,16.25,15.75,15.75,42308,670072,-0.25,,,26,,
2009-08-19_6216,2009-08-19,6216,居易,twse,19.20,19.65,19.20,19.40,166108,3227737,0.0,,,83,,
2009-08-19_6217,2009-08-19,6217,中探針,tpex,17.50,18.00,16.80,16.85,531000,9173800,,,39475200,218,,
2009-08-19_6218,2009-08-19,6218,豪勉,tpex,19.40,19.70,19.25,19.55,161000,3137750,0.35,,50800000,75,,
2009-08-19_6219,2009-08-19,6219,視達,tpex,2.67,2.67,2.33,2.67,46000,113360,0.17,,64333116,14,,
2009-08-19_6220,2009-08-19,6220,岳豐,tpex,12.65,13.00,12.45,12.50,587000,7452850,0.10,,97143425,232,,
2009-08-19_6221,2009-08-19,6221,晉泰,tpex,8.00,8.09,8.00,8.00,56000,448280,0.03,,31697668,16,,
2009-08-19_6222,2009-08-19,6222,上揚,tpex,3.87,3.88,3.80,3.80,123000,471760,,,61671306,31,,
2009-08-19_6223,2009-08-19,6223,旺矽,tpex,34.00,34.70,33.90,34.70,699000,23902750,0.70,,71105314,316,,
2009-08-19_6224,2009-08-19,6224,聚鼎,tpex,32.60,33.20,32.40,32.70,805000,26392600,0.50,,72044838,301,,
2009-08-19_6225,2009-08-19,6225,天瀚,twse,16.90,16.95,16.50,16.50,828201,13831601,0.05,,,375,,
2009-08-19_6226,2009-08-19,6226,光鼎,twse,12.50,12.70,12.50,12.50,231368,2908680,0.0,,,93,,
2009-08-19_6227,2009-08-19,6227,茂綸,tpex,13.80,14.10,13.50,13.80,261000,3583250,,,74397571,70,,
2009-08-19_6228,2009-08-19,6228,全譜,tpex,7.56,7.70,7.56,7.63,37000,281570,0.08,,41114627,17,,
2009-08-19_6229,2009-08-19,6229,研通,tpex,16.00,16.40,15.80,15.85,107000,1710200,0.00,,34970654,65,,
2009-08-19_6230,2009-08-19,6230,超眾,tpex,41.20,41.60,39.60,40.10,1942000,78579350,,,86343396,830,,
2009-08-19_6231,2009-08-19,6231,系微,tpex,153.00,155.50,148.00,150.00,398000,60098500,,,33119535,304,,
2009-08-19_6233,2009-08-19,6233,旺玖,tpex,32.00,33.00,32.00,32.10,2889000,93837300,0.10,,86245936,1287,,
2009-08-19_6234,2009-08-19,6234,高僑,tpex,16.20,16.40,16.20,16.25,115000,1874450,0.15,,71588589,51,,
2009-08-19_6235,2009-08-19,6235,華孚,twse,13.80,13.95,13.55,13.60,3367110,46271657,0.0,,,922,,
2009-08-19_6236,2009-08-19,6236,凌越,tpex,,,,,0,0,,flat,12634948,0,,
2009-08-19_6237,2009-08-19,6237,驊訊,tpex,63.90,64.00,62.20,62.80,882000,55632500,,,64256371,572,,
2009-08-19_6238,2009-08-19,6238,巨圖,tpex,5.83,5.83,5.83,5.83,1000,5830,0.38,up,34311470,1,,
2009-08-19_6239,2009-08-19,6239,力成,twse,88.00,88.00,85.80,87.00,5306251,460531637,1.7,,,2804,,
2009-08-19_6240,2009-08-19,6240,統一元,tpex,2.12,2.12,2.12,2.12,1000,2120,,flat,165886956,1,,
2009-08-19_6241,2009-08-19,6241,易通展,tpex,16.30,18.50,16.30,18.50,64000,1151050,1.20,,22165600,51,,
2009-08-19_6242,2009-08-19,6242,聯豪科,tpex,,,,,0,0,,flat,33810663,0,,
2009-08-19_6243,2009-08-19,6243,迅杰,tpex,64.30,64.90,63.60,63.70,1581000,101608800,0.20,,74437344,998,,
2009-08-19_6244,2009-08-19,6244,茂迪,tpex,101.00,102.50,98.70,99.90,2966000,297056600,,,299835192,1692,,
2009-08-19_6245,2009-08-19,6245,立端,tpex,13.80,13.80,13.40,13.75,116000,1584200,0.05,,63205546,42,,
2009-08-19_6246,2009-08-19,6246,臺龍,tpex,11.90,12.70,11.90,12.25,987000,12251600,0.35,,133374000,261,,
2009-08-19_6247,2009-08-19,6247,淇譽電,tpex,16.50,16.60,16.50,16.60,104000,1721600,0.10,,60321000,63,,
2009-08-19_6248,2009-08-19,6248,沛波,tpex,10.80,11.10,10.80,11.00,81000,889100,0.45,,50465138,38,,
2009-08-19_6250,2009-08-19,6250,宇加,tpex,,,,,0,0,,flat,25183572,0,,
2009-08-19_6251,2009-08-19,6251,定穎,twse,27.60,28.05,27.50,27.80,1903970,52934672,0.25,,,740,,
2009-08-19_6255,2009-08-19,6255,奈普,twse,21.25,22.00,21.10,21.55,3866960,83349573,0.4,,,1470,,
2009-08-19_6257,2009-08-19,6257,矽格,twse,16.70,16.90,16.50,16.50,6952428,115995356,0.3,,,1621,,
2009-08-19_6259,2009-08-19,6259,百徽,tpex,7.20,7.20,6.95,7.20,111000,798170,0.15,,44490477,9,,
2009-08-19_6261,2009-08-19,6261,久元,tpex,61.50,61.50,60.10,60.10,707000,42967000,0.10,,92920000,479,,
2009-08-19_6263,2009-08-19,6263,普萊德,tpex,27.10,27.15,26.80,27.00,164000,4429250,,,56464600,77,,
2009-08-19_6264,2009-08-19,6264,德士通,tpex,7.30,7.79,7.30,7.70,332000,2478920,0.00,,59035144,83,,
2009-08-19_6265,2009-08-19,6265,方土昶,tpex,16.00,16.45,16.00,16.00,277000,4477700,0.10,,96284567,103,,
2009-08-19_6266,2009-08-19,6266,泰詠,tpex,7.40,7.48,7.30,7.40,223000,1648500,0.00,,68361699,37,,
2009-08-19_6269,2009-08-19,6269,台郡,twse,29.95,30.70,29.70,29.85,3539050,106372292,-0.3,,,1112,,
2009-08-19_6270,2009-08-19,6270,倍微,tpex,21.20,21.45,21.10,21.25,111000,2358550,0.05,,87606078,65,,
2009-08-19_6271,2009-08-19,6271,同欣電,twse,64.90,64.90,62.50,62.50,772200,48817339,-0.3,,,451,,
2009-08-19_6274,2009-08-19,6274,台燿,tpex,13.10,13.40,13.00,13.15,1896000,24941350,0.15,,232288058,608,,
2009-08-19_6275,2009-08-19,6275,元山,tpex,11.10,11.10,11.00,11.00,32000,352500,,,36619937,9,,
2009-08-19_6276,2009-08-19,6276,名鐘,tpex,3.10,3.10,3.10,3.10,18000,55800,0.01,up,67649594,7,,
2009-08-19_6277,2009-08-19,6277,宏正,twse,42.50,43.45,42.50,43.45,190303,8200661,0.45,,,153,,
2009-08-19_6278,2009-08-19,6278,台表科,tpex,70.10,70.50,68.60,68.90,2059000,143178000,,,178776577,1097,,
2009-08-19_6279,2009-08-19,6279,胡連,tpex,54.10,54.80,52.00,52.70,1064000,56419800,,,73684287,571,,
2009-08-19_6281,2009-08-19,6281,全國電,twse,41.80,44.15,41.40,43.55,1540540,66955339,2.25,,,665,,
2009-08-19_6282,2009-08-19,6282,康舒,twse,20.30,20.30,20.00,20.20,2910248,58735982,0.2,,,887,,
2009-08-19_6283,2009-08-19,6283,淳安,twse,13.95,14.10,13.50,13.70,1260823,17354840,-0.1,,,379,,
2009-08-19_6284,2009-08-19,6284,佳邦,tpex,16.45,16.90,16.45,16.75,142000,2378350,0.05,,98259025,62,,
2009-08-19_6285,2009-08-19,6285,啟碁,twse,33.90,33.90,33.30,33.30,760250,25519683,0.25,,,345,,
2009-08-19_6286,2009-08-19,6286,立錡,twse,251.00,253.50,248.00,249.50,2572399,643342948,0.0,,,1857,,
2009-08-19_6287,2009-08-19,6287,元隆,tpex,4.95,5.10,4.95,5.07,44000,221640,0.12,,256031612,15,,
2009-08-19_6289,2009-08-19,6289,華上,twse,11.65,11.85,11.55,11.70,1481037,17309329,0.25,,,478,,
2009-08-19_6290,2009-08-19,6290,良維,tpex,42.95,44.20,41.80,41.90,6232000,268274400,0.35,,113277997,2562,,
2009-08-19_6291,2009-08-19,6291,沛亨,tpex,9.38,9.67,9.13,9.50,80000,747360,0.10,,50018029,57,,
2009-08-19_6292,2009-08-19,6292,迅德,tpex,17.20,17.20,16.60,16.65,49000,824650,,,51167712,31,,
2009-08-19_6294,2009-08-19,6294,智基,tpex,1.90,1.90,1.90,1.90,5000,9500,0.00,flat,168263493,2,,
2009-08-19_6298,2009-08-19,6298,崴強,tpex,20.15,20.60,20.15,20.35,230000,4698550,0.20,,163659176,118,,
2009-08-19_6505,2009-08-19,6505,台塑化,twse,78.50,78.60,77.30,77.50,2454435,190653907,-0.5,,,737,,
2009-08-19_6508,2009-08-19,6508,惠光,tpex,25.00,25.20,24.90,24.90,182000,4550850,0.00,,69468683,100,,
2009-08-19_6509,2009-08-19,6509,聚和,tpex,18.50,18.50,17.80,17.80,958000,17306500,0.05,,148526435,284,,
2009-08-19_6603,2009-08-19,6603,富強鑫,tpex,12.30,12.40,11.90,12.40,376000,4572600,0.10,,77750433,113,,
2009-08-19_6605,2009-08-19,6605,帝寶,twse,64.00,64.80,63.80,64.20,434175,27870664,-0.6,,,276,,
2009-08-19_6609,2009-08-19,6609,瀧澤科,tpex,13.30,13.60,13.20,13.20,205000,2730850,,,58966538,54,,
2009-08-19_71894,2009-08-19,71894,永昌S4,tpex,,,,,0,0,,flat,20000000,0,,
2009-08-19_71895,2009-08-19,71895,永昌S5,tpex,13.00,13.00,13.00,13.00,1000,13000,,flat,20000000,1,,
2009-08-19_71896,2009-08-19,71896,永昌S6,tpex,,,,,0,0,,flat,20000000,0,,
2009-08-19_71897,2009-08-19,71897,永昌S7,tpex,,,,,0,0,,flat,20000000,0,,
2009-08-19_71898,2009-08-19,71898,兆豐QU,tpex,,,,,0,0,,flat,7500000,0,,
2009-08-19_71899,2009-08-19,71899,康和PX,tpex,,,,,0,0,,flat,5000000,0,,
2009-08-19_71900,2009-08-19,71900,兆豐QV,tpex,,,,,0,0,,flat,20000000,0,,
2009-08-19_71901,2009-08-19,71901,寶來QE,tpex,,,,,0,0,,flat,20000000,0,,
2009-08-19_71902,2009-08-19,71902,寶來QF,tpex,,,,,0,0,,flat,20000000,0,,
2009-08-19_71903,2009-08-19,71903,寶來QG,tpex,,,,,0,0,,flat,20000000,0,,
2009-08-19_71904,2009-08-19,71904,寶來QH,tpex,,,,,0,0,,flat,20000000,0,,
2009-08-19_71905,2009-08-19,71905,寶來QJ,tpex,0.09,0.09,0.07,0.07,486000,38720,,,10000000,8,,
2009-08-19_71906,2009-08-19,71906,寶來QK,tpex,,,,,0,0,,flat,10000000,0,,
2009-08-19_71907,2009-08-19,71907,寶來QL,tpex,14.60,14.60,14.60,14.60,3000,43800,0.50,up,10000000,1,,
2009-08-19_71908,2009-08-19,71908,寶來QM,tpex,,,,,0,0,,flat,10000000,0,,
2009-08-19_71909,2009-08-19,71909,寶來QN,tpex,,,,,0,0,,flat,10000000,0,,
2009-08-19_71910,2009-08-19,71910,寶來QP,tpex,2.34,2.34,2.34,2.34,10000,23400,,flat,10000000,1,,
2009-08-19_71911,2009-08-19,71911,兆豐QW,tpex,3.99,3.99,3.99,3.99,1000,3990,0.43,up,10000000,1,,
2009-08-19_71912,2009-08-19,71912,兆豐QX,tpex,,,,,0,0,,flat,10000000,0,,
2009-08-19_71913,2009-08-19,71913,群益QE,tpex,,,,,0,0,,flat,7000000,0,,
2009-08-19_71914,2009-08-19,71914,永昌S8,tpex,,,,,0,0,,flat,5000000,0,,
2009-08-19_71915,2009-08-19,71915,永昌S9,tpex,11.40,12.10,11.10,12.10,9000,101500,0.70,,5000000,3,,
2009-08-19_71916,2009-08-19,71916,永昌T1,tpex,,,,,0,0,,flat,5000000,0,,
2009-08-19_71917,2009-08-19,71917,元富QC,tpex,,,,,0,0,,flat,20000000,0,,
2009-08-19_71918,2009-08-19,71918,元富QD,tpex,,,,,0,0,,flat,10000000,0,,
2009-08-19_71919,2009-08-19,71919,元富QE,tpex,,,,,0,0,,flat,20000000,0,,
2009-08-19_71920,2009-08-19,71920,凱基R2,tpex,,,,,0,0,,flat,8000000,0,,
2009-08-19_71921,2009-08-19,71921,凱基R3,tpex,2.80,2.80,2.70,2.70,144000,392850,,,15000000,5,,
2009-08-19_71922,2009-08-19,71922,國泰T9,tpex,,,,,0,0,,flat,20000000,0,,
2009-08-19_71924,2009-08-19,71924,元大TN,tpex,5.35,5.50,5.35,5.50,13000,69900,,,5000000,4,,
2009-08-19_71927,2009-08-19,71927,大華QJ,tpex,,,,,0,0,,flat,20000000,0,,
2009-08-19_71928,2009-08-19,71928,大華QK,tpex,,,,,0,0,,flat,20000000,0,,
2009-08-19_71929,2009-08-19,71929,大華QL,tpex,,,,,0,0,,flat,20000000,0,,
2009-08-19_71930,2009-08-19,71930,大華QM,tpex,,,,,0,0,,flat,20000000,0,,
2009-08-19_71931,2009-08-19,71931,元富QF,tpex,,,,,0,0,,flat,10000000,0,,
2009-08-19_71932,2009-08-19,71932,元富QG,tpex,,,,,0,0,,flat,20000000,0,,
2009-08-19_71933,2009-08-19,71933,元富QH,tpex,0.29,0.29,0.28,0.28,70000,19700,,,10000000,4,,
2009-08-19_71934,2009-08-19,71934,元大TQ,tpex,2.24,2.78,2.24,2.57,165000,404420,0.27,,5000000,15,,
2009-08-19_71935,2009-08-19,71935,元大TR,tpex,0.12,0.12,0.10,0.10,362000,41260,,,5000000,7,,
2009-08-19_71936,2009-08-19,71936,元大TS,tpex,,,,,0,0,,flat,5000000,0,,
2009-08-19_71937,2009-08-19,71937,元大TT,tpex,,,,,0,0,,flat,5000000,0,,
2009-08-19_71938,2009-08-19,71938,元大TU,tpex,,,,,0,0,,flat,5000000,0,,
2009-08-19_71940,2009-08-19,71940,群益QG,tpex,2.71,2.71,2.59,2.64,70000,185030,0.09,,7000000,6,,
2009-08-19_71941,2009-08-19,71941,群益QH,tpex,4.54,4.54,4.44,4.44,15000,67600,0.27,,10000000,2,,
2009-08-19_71944,2009-08-19,71944,永昌T2,tpex,,,,,0,0,,flat,5000000,0,,
2009-08-19_71945,2009-08-19,71945,永昌T3,tpex,4.06,4.11,4.06,4.11,10000,40850,,,10000000,2,,
2009-08-19_71946,2009-08-19,71946,永昌T4,tpex,,,,,0,0,,flat,5000000,0,,
2009-08-19_71947,2009-08-19,71947,國泰U3,tpex,0.40,0.40,0.40,0.40,82000,32800,0.09,up,20000000,6,,
2009-08-19_71948,2009-08-19,71948,台証TE,tpex,,,,,0,0,,flat,10000000,0,,
2009-08-19_71949,2009-08-19,71949,永昌T5,tpex,6.15,6.15,6.15,6.15,1000,6150,0.05,up,8000000,1,,
2009-08-19_71950,2009-08-19,71950,康和PY,tpex,,,,,0,0,,flat,5000000,0,,
2009-08-19_71951,2009-08-19,71951,康和PZ,tpex,0.84,0.84,0.81,0.81,293000,241640,0.01,,5000000,14,,
2009-08-19_71956,2009-08-19,71956,台証TF,tpex,10.70,10.70,10.50,10.60,22000,232800,0.00,,10000000,5,,
2009-08-19_71957,2009-08-19,71957,台証TG,tpex,2.27,2.27,2.19,2.19,34000,75860,,,10000000,4,,
2009-08-19_71958,2009-08-19,71958,亞東P6,tpex,,,,,0,0,,flat,20000000,0,,
2009-08-19_71959,2009-08-19,71959,亞東P7,tpex,,,,,0,0,,flat,20000000,0,,
2009-08-19_71960,2009-08-19,71960,亞東P8,tpex,1.70,1.70,1.65,1.65,87000,146550,,,20000000,8,,
2009-08-19_71961,2009-08-19,71961,亞東P9,tpex,4.25,4.30,4.25,4.30,3000,12850,0.00,,20000000,3,,
2009-08-19_71962,2009-08-19,71962,亞東Q1,tpex,7.50,7.50,7.50,7.50,1000,7500,0.00,flat,20000000,1,,
2009-08-19_71963,2009-08-19,71963,亞東Q2,tpex,,,,,0,0,,flat,20000000,0,,
2009-08-19_71964,2009-08-19,71964,凱基R5,tpex,0.13,0.13,0.12,0.12,136000,17110,,,5000000,2,,
2009-08-19_71965,2009-08-19,71965,國泰U6,tpex,2.49,2.49,2.49,2.49,10000,24900,,flat,10000000,1,,
2009-08-19_71966,2009-08-19,71966,國泰U7,tpex,,,,,0,0,,flat,10000000,0,,
2009-08-19_71968,2009-08-19,71968,台証TH,tpex,2.16,2.16,2.12,2.12,36000,77140,0.02,,12000000,4,,
2009-08-19_71970,2009-08-19,71970,凱基R6,tpex,3.72,3.72,3.59,3.59,23000,82960,,,15000000,2,,
2009-08-19_71971,2009-08-19,71971,康和QA,tpex,,,,,0,0,,flat,5000000,0,,
2009-08-19_71972,2009-08-19,71972,康和QB,tpex,,,,,0,0,,flat,5000000,0,,
2009-08-19_71973,2009-08-19,71973,元富QJ,tpex,,,,,0,0,,flat,15000000,0,,
2009-08-19_71974,2009-08-19,71974,元富QK,tpex,,,,,0,0,,flat,15000000,0,,
2009-08-19_71975,2009-08-19,71975,元富QL,tpex,,,,,0,0,,flat,20000000,0,,
2009-08-19_71976,2009-08-19,71976,元富QM,tpex,4.91,4.91,4.91,4.91,1000,4910,0.21,up,10000000,1,,
2009-08-19_71977,2009-08-19,71977,康和QC,tpex,21.20,21.80,21.20,21.40,3000,64400,,,5000000,3,,
2009-08-19_71979,2009-08-19,71979,大華QN,tpex,1.03,1.13,1.03,1.11,160000,173900,0.17,,20000000,26,,
2009-08-19_71980,2009-08-19,71980,大華QP,tpex,,,,,0,0,,flat,20000000,0,,
2009-08-19_71981,2009-08-19,71981,大華QQ,tpex,,,,,0,0,,flat,20000000,0,,
2009-08-19_71982,2009-08-19,71982,大華QR,tpex,0.30,0.30,0.30,0.30,2000,600,0.00,flat,20000000,1,,
2009-08-19_71983,2009-08-19,71983,統一QK,tpex,,,,,0,0,,flat,10000000,0,,
2009-08-19_71984,2009-08-19,71984,富邦S6,tpex,6.80,7.05,6.65,6.65,15000,102700,,,20000000,5,,
2009-08-19_71985,2009-08-19,71985,富邦S7,tpex,0.10,0.10,0.09,0.09,70000,6800,,,20000000,2,,
2009-08-19_71986,2009-08-19,71986,富邦S8,tpex,,,,,0,0,,flat,20000000,0,,
2009-08-19_71987,2009-08-19,71987,富邦S9,tpex,,,,,0,0,,flat,20000000,0,,
2009-08-19_71989,2009-08-19,71989,大華QS,tpex,0.96,0.96,0.92,0.92,8000,7560,0.00,,20000000,2,,
2009-08-19_71990,2009-08-19,71990,大華QT,tpex,,,,,0,0,,flat,20000000,0,,
2009-08-19_71991,2009-08-19,71991,大華QU,tpex,0.70,0.70,0.70,0.70,50000,35000,0.00,flat,20000000,1,,
2009-08-19_71992,2009-08-19,71992,寶來QQ,tpex,,,,,0,0,,flat,10000000,0,,
2009-08-19_71993,2009-08-19,71993,寶來QR,tpex,2.29,2.36,2.25,2.33,49000,113400,0.28,,10000000,7,,
2009-08-19_71994,2009-08-19,71994,寶來QS,tpex,1.94,1.94,1.94,1.94,10000,19400,,flat,10000000,1,,
2009-08-19_71995,2009-08-19,71995,寶來QT,tpex,2.07,2.44,2.07,2.28,340000,740660,0.35,,10000000,12,,
2009-08-19_71996,2009-08-19,71996,寶來QU,tpex,8.65,8.65,8.65,8.65,8000,69200,,flat,10000000,4,,
2009-08-19_71997,2009-08-19,71997,寶來QV,tpex,0.81,0.89,0.80,0.84,35000,28280,0.05,,10000000,6,,
2009-08-19_71998,2009-08-19,71998,寶來QW,tpex,,,,,0,0,,flat,10000000,0,,
2009-08-19_71999,2009-08-19,71999,寶來QX,tpex,,,,,0,0,,flat,20000000,0,,
2009-08-19_72000,2009-08-19,72000,康和QE,tpex,1.74,1.74,1.52,1.52,63000,96740,,,50000000,5,,
2009-08-19_72001,2009-08-19,72001,康和QF,tpex,8.00,8.65,8.00,8.50,15000,125400,0.60,,50000000,10,,
2009-08-19_72002,2009-08-19,72002,康和QG,tpex,11.30,11.30,11.30,11.30,3000,33900,,flat,50000000,1,,
2009-08-19_72004,2009-08-19,72004,元富QN,tpex,,,,,0,0,,flat,20000000,0,,
2009-08-19_72005,2009-08-19,72005,元富QP,tpex,1.84,1.91,1.84,1.91,7000,12950,0.18,,20000000,2,,
2009-08-19_72006,2009-08-19,72006,元富QQ,tpex,1.21,1.21,1.10,1.13,6000,6790,0.02,,20000000,4,,
2009-08-19_72007,2009-08-19,72007,台証TJ,tpex,0.90,0.90,0.90,0.90,30000,27000,0.08,up,10000000,2,,
2009-08-19_72008,2009-08-19,72008,康和QJ,tpex,2.25,2.43,2.10,2.25,316000,701330,0.13,,5000000,49,,
2009-08-19_72009,2009-08-19,72009,康和QK,tpex,6.90,7.10,6.45,6.80,11000,74450,,,5000000,8,,
2009-08-19_72010,2009-08-19,72010,康和QL,tpex,,,,,0,0,,flat,5000000,0,,
2009-08-19_72011,2009-08-19,72011,康和QM,tpex,,,,,0,0,,flat,5000000,0,,
2009-08-19_72013,2009-08-19,72013,凱基R7,tpex,3.27,3.27,3.27,3.27,40000,130800,,flat,5000000,1,,
2009-08-19_72014,2009-08-19,72014,凱基R8,tpex,4.64,4.64,4.42,4.46,29000,129050,0.31,,10000000,7,,
2009-08-19_72016,2009-08-19,72016,台証TK,tpex,,,,,0,0,,flat,10000000,0,,
2009-08-19_72017,2009-08-19,72017,凱基S1,tpex,,,,,0,0,,flat,5000000,0,,
2009-08-19_72019,2009-08-19,72019,台証TL,tpex,2.50,2.50,2.48,2.48,50000,124940,,,10000000,4,,
2009-08-19_72020,2009-08-19,72020,國泰V2,tpex,1.16,1.17,1.12,1.15,46000,52700,,,10000000,6,,
2009-08-19_72022,2009-08-19,72022,國泰V4,tpex,3.01,3.04,3.01,3.04,7000,21130,0.11,,10000000,2,,
2009-08-19_72023,2009-08-19,72023,凱基S3,tpex,12.80,12.80,12.80,12.80,1000,12800,0.70,up,10000000,1,,
2009-08-19_72025,2009-08-19,72025,康和QN,tpex,1.89,1.89,1.72,1.72,113000,207610,,,10000000,14,,
2009-08-19_72027,2009-08-19,72027,大華QV,tpex,1.64,1.99,1.64,1.70,237000,431770,0.06,,20000000,62,,
2009-08-19_72028,2009-08-19,72028,元大TV,tpex,16.60,17.00,16.20,16.60,10000,165100,0.60,,10000000,6,,
2009-08-19_72030,2009-08-19,72030,元大TX,tpex,5.95,6.00,5.75,5.80,225000,1318500,0.05,,10000000,10,,
2009-08-19_72032,2009-08-19,72032,元大TZ,tpex,7.80,7.90,7.65,7.90,8000,62350,,,6000000,7,,
2009-08-19_72033,2009-08-19,72033,元大UA,tpex,5.05,5.45,5.05,5.45,85000,455250,0.58,,20000000,3,,
2009-08-19_72034,2009-08-19,72034,元大UB,tpex,4.37,4.37,4.14,4.14,30000,128700,,,10000000,5,,
2009-08-19_72035,2009-08-19,72035,元大UC,tpex,,,,,0,0,,flat,5000000,0,,
2009-08-19_72036,2009-08-19,72036,元大UD,tpex,,,,,0,0,,flat,5000000,0,,
2009-08-19_72037,2009-08-19,72037,元大UE,tpex,2.11,2.24,2.11,2.24,114000,253680,0.10,,5000000,4,,
2009-08-19_72039,2009-08-19,72039,寶來QY,tpex,3.07,3.07,2.89,2.89,21000,62530,0.07,,5000000,3,,
2009-08-19_72040,2009-08-19,72040,寶來QZ,tpex,3.00,3.00,2.67,2.67,55000,153460,,,5000000,10,,
2009-08-19_72041,2009-08-19,72041,寶來RA,tpex,1.39,1.47,1.39,1.47,21000,30790,,,10000000,2,,
2009-08-19_72042,2009-08-19,72042,寶來RB,tpex,1.55,1.55,1.39,1.44,1274000,1873720,,,10000000,92,,
2009-08-19_72043,2009-08-19,72043,群益QM,tpex,1.22,2.06,1.05,1.12,485000,618040,,,10000000,31,,
2009-08-19_72044,2009-08-19,72044,群益QN,tpex,0.50,0.59,0.50,0.59,149000,80710,0.09,,5000000,13,,
2009-08-19_72045,2009-08-19,72045,群益QP,tpex,1.01,1.08,0.97,1.05,471000,489060,0.07,,10000000,26,,
2009-08-19_72046,2009-08-19,72046,群益QQ,tpex,0.69,0.69,0.64,0.65,406000,272880,,,10000000,19,,
2009-08-19_72047,2009-08-19,72047,群益QR,tpex,2.16,2.16,2.10,2.10,15000,32220,0.00,,10000000,2,,
2009-08-19_72048,2009-08-19,72048,群益QS,tpex,0.20,0.21,0.20,0.21,183000,38090,0.03,,12000000,4,,
2009-08-19_72049,2009-08-19,72049,兆豐QY,tpex,2.05,2.05,2.05,2.05,1000,2050,0.52,up,10000000,1,,
2009-08-19_72050,2009-08-19,72050,國泰V5,tpex,0.45,0.45,0.38,0.43,145000,59150,0.01,,20000000,12,,
2009-08-19_72051,2009-08-19,72051,國泰V6,tpex,0.45,0.45,0.45,0.45,15000,6750,0.00,flat,20000000,4,,
2009-08-19_72052,2009-08-19,72052,元富QR,tpex,1.20,1.20,1.20,1.20,40000,48000,0.02,up,10000000,1,,
2009-08-19_72053,2009-08-19,72053,元富QS,tpex,0.83,0.91,0.81,0.88,212000,183580,,,10000000,19,,
2009-08-19_72054,2009-08-19,72054,元富QT,tpex,1.74,1.74,1.73,1.73,4000,6950,0.09,,10000000,2,,
2009-08-19_72055,2009-08-19,72055,元富QU,tpex,1.03,1.03,0.94,0.94,40000,39400,,,10000000,2,,
2009-08-19_72056,2009-08-19,72056,元富QV,tpex,0.43,0.49,0.43,0.46,105000,49800,0.06,,10000000,4,,
2009-08-19_72057,2009-08-19,72057,元富QW,tpex,0.15,0.15,0.15,0.15,3000,450,0.01,up,10000000,1,,
2009-08-19_72058,2009-08-19,72058,元富QX,tpex,0.18,0.18,0.17,0.17,17000,2960,0.00,,12000000,3,,
2009-08-19_72059,2009-08-19,72059,元富QY,tpex,1.40,1.40,1.30,1.33,163000,221940,0.05,,8000000,11,,
2009-08-19_72060,2009-08-19,72060,元富QZ,tpex,3.25,3.50,3.25,3.35,74000,254630,0.18,,5000000,9,,
2009-08-19_72061,2009-08-19,72061,元富RA,tpex,,,,,0,0,,flat,6000000,0,,
2009-08-19_72062,2009-08-19,72062,國泰V7,tpex,0.90,1.09,0.89,0.91,163000,154080,0.02,,10000000,22,,
2009-08-19_72063,2009-08-19,72063,國泰V8,tpex,0.69,0.80,0.68,0.71,521000,368580,0.03,,20000000,68,,
2009-08-19_72064,2009-08-19,72064,國泰V9,tpex,1.68,1.77,1.68,1.68,44000,75990,,,10000000,7,,
2009-08-19_72065,2009-08-19,72065,大華QW,tpex,4.15,4.15,4.00,4.03,48000,194930,,,10000000,5,,
2009-08-19_72066,2009-08-19,72066,大華QX,tpex,0.71,0.78,0.70,0.78,82000,59720,0.08,,20000000,6,,
2009-08-19_72067,2009-08-19,72067,大華QY,tpex,1.65,1.79,1.65,1.75,12000,20280,0.06,,10000000,3,,
2009-08-19_72068,2009-08-19,72068,大華QZ,tpex,0.45,0.45,0.41,0.44,102000,43290,,,10000000,7,,
2009-08-19_72070,2009-08-19,72070,永昌T6,tpex,0.41,0.41,0.41,0.41,1000,410,,flat,8000000,1,,
2009-08-19_72071,2009-08-19,72071,永昌T7,tpex,,,,,0,0,,flat,15000000,0,,
2009-08-19_72072,2009-08-19,72072,康和QQ,tpex,1.99,2.12,1.95,2.10,43000,87220,0.10,,5000000,7,,
2009-08-19_72073,2009-08-19,72073,康和QR,tpex,,,,,0,0,,flat,5000000,0,,
2009-08-19_72074,2009-08-19,72074,元大UF,tpex,0.69,0.72,0.68,0.68,51000,35030,0.06,,5000000,9,,
2009-08-19_72076,2009-08-19,72076,康和QS,tpex,0.35,0.35,0.32,0.34,55000,19120,0.03,,5000000,3,,
2009-08-19_72077,2009-08-19,72077,康和QT,tpex,,,,,0,0,,flat,5000000,0,,
2009-08-19_72078,2009-08-19,72078,康和QU,tpex,1.04,1.04,1.00,1.00,11000,11400,,,5000000,2,,
2009-08-19_72079,2009-08-19,72079,凱基S7,tpex,1.31,1.31,1.24,1.28,150000,191450,0.03,,10000000,7,,
2009-08-19_72080,2009-08-19,72080,台証TM,tpex,0.54,0.54,0.48,0.48,112000,58880,,,10000000,4,,
2009-08-19_72081,2009-08-19,72081,台証TN,tpex,0.60,0.63,0.59,0.63,45000,27250,0.06,,10000000,5,,
2009-08-19_72082,2009-08-19,72082,群益QT,tpex,2.92,3.05,2.92,3.05,58000,175040,0.20,,5000000,9,,
2009-08-19_72083,2009-08-19,72083,日盛U7,tpex,1.29,1.29,1.20,1.20,15000,18700,,,5000000,3,,
2009-08-19_72084,2009-08-19,72084,日盛U9,tpex,0.77,0.77,0.77,0.77,8000,6160,,flat,10000000,1,,
2009-08-19_72085,2009-08-19,72085,日盛V1,tpex,,,,,0,0,,flat,10000000,0,,
2009-08-19_72086,2009-08-19,72086,凱基S8,tpex,0.14,0.15,0.14,0.15,2000,290,0.02,,10000000,2,,
2009-08-19_72087,2009-08-19,72087,台証TP,tpex,,,,,0,0,,flat,10000000,0,,
2009-08-19_72088,2009-08-19,72088,台証TQ,tpex,,,,,0,0,,flat,10000000,0,,
2009-08-19_72089,2009-08-19,72089,國泰W1,tpex,0.19,0.20,0.19,0.19,326000,62580,0.01,,20000000,20,,
2009-08-19_72090,2009-08-19,72090,群益QU,tpex,1.33,2.22,1.22,1.22,178000,356560,,,8000000,16,,
2009-08-19_72091,2009-08-19,72091,統一QL,tpex,,,,,0,0,,flat,10000000,0,,
2009-08-19_72092,2009-08-19,72092,統一QM,tpex,1.48,1.49,1.46,1.46,50000,74000,0.13,,10000000,3,,
2009-08-19_72093,2009-08-19,72093,元富RB,tpex,0.61,0.61,0.60,0.60,12000,7300,,,20000000,2,,
2009-08-19_72094,2009-08-19,72094,元富RC,tpex,0.56,0.56,0.50,0.50,45000,23900,,,15000000,4,,
2009-08-19_72095,2009-08-19,72095,元富RD,tpex,2.68,2.98,2.68,2.98,23000,66200,0.56,,6000000,4,,
2009-08-19_72096,2009-08-19,72096,元富RE,tpex,1.95,2.15,1.95,2.09,59000,121310,0.14,,15000000,18,,
2009-08-19_72097,2009-08-19,72097,元富RF,tpex,0.74,0.75,0.70,0.70,93000,67750,,,10000000,7,,
2009-08-19_72098,2009-08-19,72098,元富RG,tpex,,,,,0,0,,flat,10000000,0,,
2009-08-19_72099,2009-08-19,72099,永昌T8,tpex,,,,,0,0,,flat,20000000,0,,
2009-08-19_72100,2009-08-19,72100,寶來RC,tpex,,,,,0,0,,flat,5000000,0,,
2009-08-19_72102,2009-08-19,72102,寶來RE,tpex,1.52,1.52,1.33,1.36,100000,142300,,,5000000,5,,
2009-08-19_72104,2009-08-19,72104,寶來RG,tpex,0.40,0.42,0.40,0.41,203000,83460,0.03,,20000000,7,,
2009-08-19_72106,2009-08-19,72106,寶來RJ,tpex,1.66,1.66,1.66,1.66,5000,8300,0.04,up,10000000,1,,
2009-08-19_72107,2009-08-19,72107,寶來RK,tpex,1.05,1.05,1.05,1.05,7000,7350,0.02,up,10000000,1,,
2009-08-19_72108,2009-08-19,72108,寶來RL,tpex,1.23,1.23,0.64,0.66,3230000,2151710,,,10000000,64,,
2009-08-19_72109,2009-08-19,72109,國泰W2,tpex,0.62,0.64,0.59,0.59,61000,37820,,,10000000,7,,
2009-08-19_72110,2009-08-19,72110,國泰W3,tpex,1.85,2.15,1.85,2.02,67000,133650,0.22,,10000000,16,,
2009-08-19_72111,2009-08-19,72111,國泰W4,tpex,,,,,0,0,,flat,10000000,0,,
2009-08-19_72112,2009-08-19,72112,國泰W5,tpex,,,,,0,0,,flat,10000000,0,,
2009-08-19_72113,2009-08-19,72113,國泰W6,tpex,1.22,1.29,1.22,1.29,48000,61360,0.03,,5000000,3,,
2009-08-19_72114,2009-08-19,72114,元大UH,tpex,3.03,3.22,2.99,3.15,488000,1491970,0.24,,5000000,17,,
2009-08-19_72115,2009-08-19,72115,元大UJ,tpex,1.35,1.35,1.27,1.33,30000,39750,0.01,,5000000,6,,
2009-08-19_72116,2009-08-19,72116,元大UK,tpex,1.55,1.55,1.41,1.41,40000,59200,,,5000000,2,,
2009-08-19_72117,2009-08-19,72117,大華RA,tpex,,,,,0,0,,flat,20000000,0,,
2009-08-19_72118,2009-08-19,72118,大華RB,tpex,1.90,2.17,1.90,2.16,77000,160100,0.34,,10000000,14,,
2009-08-19_72119,2009-08-19,72119,兆豐QZ,tpex,4.60,4.60,4.60,4.60,200000,920000,,flat,5000000,4,,
2009-08-19_72120,2009-08-19,72120,兆豐RA,tpex,0.54,0.54,0.50,0.54,323000,167700,0.00,,7000000,10,,
2009-08-19_72121,2009-08-19,72121,兆豐RB,tpex,,,,,0,0,,flat,10000000,0,,
2009-08-19_72122,2009-08-19,72122,凱基S9,tpex,2.79,3.05,2.79,2.96,164000,484400,0.13,,8000000,19,,
2009-08-19_72123,2009-08-19,72123,凱基T1,tpex,,,,,0,0,,flat,10000000,0,,
2009-08-19_72124,2009-08-19,72124,群益QV,tpex,,,,,0,0,,flat,10000000,0,,
2009-08-19_72125,2009-08-19,72125,群益QW,tpex,1.59,2.62,1.44,1.57,656000,1091190,0.00,,6000000,51,,
2009-08-19_72126,2009-08-19,72126,群益QX,tpex,0.70,0.71,0.62,0.62,853000,560460,,,10000000,41,,
2009-08-19_72127,2009-08-19,72127,群益QY,tpex,0.35,0.36,0.33,0.35,541000,182890,0.01,,12000000,25,,
2009-08-19_72128,2009-08-19,72128,國泰W7,tpex,0.81,0.83,0.81,0.83,31000,25330,0.04,,20000000,3,,
2009-08-19_72129,2009-08-19,72129,兆豐RC,tpex,,,,,0,0,,flat,10000000,0,,
2009-08-19_72130,2009-08-19,72130,永昌T9,tpex,1.01,1.01,0.96,0.96,42000,42320,,,10000000,2,,
2009-08-19_72131,2009-08-19,72131,永昌U1,tpex,5.45,5.80,5.30,5.30,77000,425250,0.50,,10000000,30,,
2009-08-19_72132,2009-08-19,72132,凱基T2,tpex,0.52,0.52,0.52,0.52,28000,14560,0.02,up,10000000,2,,
2009-08-19_72133,2009-08-19,72133,元大UL,tpex,,,,,0,0,,flat,5000000,0,,
2009-08-19_72134,2009-08-19,72134,元大UM,tpex,3.38,3.38,3.38,3.38,5000,16900,0.01,up,5000000,1,,
2009-08-19_72135,2009-08-19,72135,元大UN,tpex,1.47,1.47,1.27,1.35,118000,166690,,,5000000,10,,
2009-08-19_72137,2009-08-19,72137,群益QZ,tpex,5.05,5.05,4.51,4.87,23000,109150,,,5000000,9,,
2009-08-19_72140,2009-08-19,72140,國泰PA,tpex,1.04,1.04,0.99,0.99,87000,87970,,,20000000,10,,
2009-08-19_72141,2009-08-19,72141,國泰PB,tpex,1.18,1.18,1.12,1.12,46000,53010,0.00,,10000000,7,,
2009-08-19_72142,2009-08-19,72142,兆豐RD,tpex,1.11,1.11,1.11,1.11,5000,5550,0.00,flat,5000000,1,,
2009-08-19_72143,2009-08-19,72143,兆豐RE,tpex,2.11,2.20,2.08,2.20,18000,38970,0.22,,10000000,5,,
2009-08-19_72144,2009-08-19,72144,富邦T1,tpex,2.49,2.70,2.49,2.57,142000,371030,0.11,,10000000,15,,
2009-08-19_72145,2009-08-19,72145,富邦T2,tpex,1.60,1.68,1.60,1.68,85000,138030,0.10,,10000000,9,,
2009-08-19_72146,2009-08-19,72146,富邦T3,tpex,0.88,0.93,0.83,0.92,190000,168250,0.04,,10000000,11,,
2009-08-19_72147,2009-08-19,72147,元富RH,tpex,1.07,1.07,1.06,1.06,5000,5310,,,8000000,2,,
2009-08-19_72148,2009-08-19,72148,元富RJ,tpex,0.34,0.34,0.34,0.34,79000,26860,0.01,up,20000000,3,,
2009-08-19_72149,2009-08-19,72149,國泰PC,tpex,0.39,0.39,0.39,0.39,1000,390,0.04,up,10000000,1,,
2009-08-19_72150,2009-08-19,72150,國票Q5,tpex,1.05,1.05,1.05,1.05,10000,10500,,flat,10000000,1,,
2009-08-19_72151,2009-08-19,72151,永昌U2,tpex,5.55,5.75,5.55,5.75,21000,120550,,,8000000,2,,
2009-08-19_72152,2009-08-19,72152,永昌U3,tpex,,,,,0,0,,flat,8000000,0,,
2009-08-19_72153,2009-08-19,72153,永昌U4,tpex,,,,,0,0,,flat,8000000,0,,
2009-08-19_72154,2009-08-19,72154,永昌U5,tpex,,,,,0,0,,flat,8000000,0,,
2009-08-19_72155,2009-08-19,72155,元大UQ,tpex,0.34,0.34,0.33,0.34,190000,63100,,,5000000,8,,
2009-08-19_72156,2009-08-19,72156,元大UR,tpex,3.72,3.72,3.42,3.60,275000,966030,0.07,,5000000,14,,
2009-08-19_72157,2009-08-19,72157,群益RA,tpex,2.20,2.24,2.20,2.24,20000,44400,0.13,,5000000,2,,
2009-08-19_72158,2009-08-19,72158,元大US,tpex,1.12,1.12,1.06,1.06,636000,702460,0.06,,5000000,20,,
2009-08-19_72159,2009-08-19,72159,元大UT,tpex,2.08,2.13,2.08,2.11,77000,162720,0.07,,5000000,7,,
2009-08-19_72160,2009-08-19,72160,永豐S6,tpex,0.48,0.52,0.48,0.52,5000,2440,0.03,,20000000,3,,
2009-08-19_72161,2009-08-19,72161,永豐S7,tpex,0.50,0.52,0.49,0.51,1339000,686900,0.02,,20000000,28,,
2009-08-19_72162,2009-08-19,72162,永豐S8,tpex,0.76,0.90,0.69,0.69,804000,598360,,,12000000,32,,
2009-08-19_72163,2009-08-19,72163,永豐S9,tpex,0.46,0.46,0.41,0.41,221000,96200,,,20000000,5,,
2009-08-19_72164,2009-08-19,72164,永豐T1,tpex,0.64,0.64,0.64,0.64,63000,40320,0.01,up,12000000,2,,
2009-08-19_72165,2009-08-19,72165,永豐T2,tpex,1.30,1.38,1.30,1.30,86000,114650,,,12000000,11,,
2009-08-19_72166,2009-08-19,72166,永豐T3,tpex,0.65,0.67,0.65,0.67,111000,72810,,,12000000,10,,
2009-08-19_72167,2009-08-19,72167,日盛V2,tpex,0.45,0.50,0.45,0.50,13000,5900,,,20000000,4,,
2009-08-19_72168,2009-08-19,72168,日盛V3,tpex,1.02,1.12,1.01,1.01,72000,74570,0.10,,20000000,6,,
2009-08-19_72169,2009-08-19,72169,日盛V4,tpex,,,,,0,0,,flat,20000000,0,,
2009-08-19_72170,2009-08-19,72170,國泰PD,tpex,0.91,0.93,0.89,0.91,200000,181350,,,10000000,12,,
2009-08-19_72171,2009-08-19,72171,國泰PE,tpex,0.88,0.91,0.84,0.85,205000,178300,0.00,,10000000,13,,
2009-08-19_72172,2009-08-19,72172,大華RC,tpex,2.89,3.00,2.53,2.56,181000,492640,,,15000000,17,,
2009-08-19_72173,2009-08-19,72173,大華RD,tpex,1.89,1.95,1.80,1.93,328000,607510,,,15000000,34,,
2009-08-19_72174,2009-08-19,72174,兆豐RF,tpex,1.55,1.55,1.55,1.55,10000,15500,0.10,up,5000000,1,,
2009-08-19_72175,2009-08-19,72175,兆豐RG,tpex,1.67,1.67,1.67,1.67,10000,16700,,flat,5000000,1,,
2009-08-19_72176,2009-08-19,72176,兆豐RH,tpex,1.82,1.82,1.76,1.80,17000,30500,,,10000000,3,,
2009-08-19_72177,2009-08-19,72177,永昌U6,tpex,2.03,2.03,2.03,2.03,1000,2030,0.03,up,20000000,1,,
2009-08-19_72178,2009-08-19,72178,大華RE,tpex,1.71,2.01,1.71,1.79,580000,1023880,,,12000000,22,,
2009-08-19_72179,2009-08-19,72179,大華RF,tpex,2.81,2.81,2.81,2.81,5000,14050,,flat,12000000,1,,
2009-08-19_72180,2009-08-19,72180,國泰PF,tpex,0.77,0.85,0.77,0.78,353000,283520,0.08,,15000000,56,,
2009-08-19_72181,2009-08-19,72181,群益RB,tpex,0.80,0.88,0.80,0.84,359000,299560,0.12,,12000000,14,,
2009-08-19_72182,2009-08-19,72182,台証TR,tpex,0.22,0.23,0.22,0.23,2000,450,0.03,,20000000,2,,
2009-08-19_72184,2009-08-19,72184,凱基T3,tpex,0.78,0.80,0.77,0.77,59000,46620,0.02,,8000000,6,,
2009-08-19_72185,2009-08-19,72185,凱基T4,tpex,2.05,2.05,2.03,2.03,22000,44720,0.04,,8000000,4,,
2009-08-19_72186,2009-08-19,72186,康和QV,tpex,0.91,0.92,0.91,0.92,20000,18300,0.04,,5000000,2,,
2009-08-19_72187,2009-08-19,72187,康和QW,tpex,3.23,3.64,3.23,3.54,93000,326040,0.41,,5000000,16,,
2009-08-19_72188,2009-08-19,72188,元富RK,tpex,0.67,0.68,0.54,0.54,281000,171840,,,10000000,12,,
2009-08-19_72189,2009-08-19,72189,元富RL,tpex,0.45,0.47,0.45,0.46,80000,36200,0.04,,6000000,5,,
2009-08-19_72190,2009-08-19,72190,元富RM,tpex,0.54,0.54,0.54,0.54,8000,4320,0.04,up,10000000,1,,
2009-08-19_72191,2009-08-19,72191,元富RN,tpex,,,,,0,0,,flat,10000000,0,,
2009-08-19_72192,2009-08-19,72192,元富RP,tpex,1.03,1.03,1.03,1.03,5000,5150,0.00,flat,10000000,1,,
2009-08-19_72193,2009-08-19,72193,元富RQ,tpex,0.27,0.27,0.27,0.27,72000,19440,,flat,15000000,3,,
2009-08-19_72194,2009-08-19,72194,凱基T5,tpex,,,,,0,0,,flat,12000000,0,,
2009-08-19_72195,2009-08-19,72195,兆豐RJ,tpex,3.18,3.23,3.14,3.23,5000,15910,,,5000000,3,,
2009-08-19_72196,2009-08-19,72196,國泰PG,tpex,3.29,3.29,2.93,2.99,585000,1817030,,,5000000,30,,
2009-08-19_72198,2009-08-19,72198,國泰PJ,tpex,,,,,0,0,,flat,5000000,0,,
2009-08-19_72199,2009-08-19,72199,永昌U7,tpex,,,,,0,0,,flat,20000000,0,,
2009-08-19_72200,2009-08-19,72200,台証TT,tpex,3.16,3.40,2.96,2.96,341000,1078600,,,5000000,41,,
2009-08-19_72201,2009-08-19,72201,台証TU,tpex,,,,,0,0,,flat,10000000,0,,
2009-08-19_72202,2009-08-19,72202,國票Q6,tpex,0.99,0.99,0.97,0.97,30000,29500,0.07,,10000000,2,,
2009-08-19_72203,2009-08-19,72203,日盛V5,tpex,0.67,0.67,0.67,0.67,1000,670,0.07,up,15000000,1,,
2009-08-19_72204,2009-08-19,72204,日盛V6,tpex,2.64,2.64,2.41,2.41,70000,171000,,,20000000,3,,
2009-08-19_72206,2009-08-19,72206,元富RR,tpex,1.12,1.12,1.09,1.09,20000,21920,0.02,,5000000,3,,
2009-08-19_72207,2009-08-19,72207,元富RS,tpex,0.35,0.37,0.34,0.35,122000,42740,,,20000000,8,,
2009-08-19_72208,2009-08-19,72208,元富RT,tpex,,,,,0,0,,flat,10000000,0,,
2009-08-19_72209,2009-08-19,72209,群益RC,tpex,0.42,0.46,0.40,0.46,250000,106200,0.06,,12000000,9,,
2009-08-19_72210,2009-08-19,72210,群益RD,tpex,2.16,2.16,1.99,2.03,311000,647370,,,5000000,23,,
2009-08-19_72211,2009-08-19,72211,群益RE,tpex,,,,,0,0,,flat,13000000,0,,
2009-08-19_72212,2009-08-19,72212,群益RF,tpex,0.84,0.86,0.79,0.85,173000,144650,,,5000000,9,,
2009-08-19_72213,2009-08-19,72213,大華RG,tpex,0.50,0.50,0.49,0.49,38000,18700,,,10000000,2,,
2009-08-19_72214,2009-08-19,72214,大華RH,tpex,1.28,1.41,1.28,1.41,20000,26900,0.17,,10000000,2,,
2009-08-19_72215,2009-08-19,72215,大華RJ,tpex,,,,,0,0,,flat,15000000,0,,
2009-08-19_72216,2009-08-19,72216,國票Q7,tpex,,,,,0,0,,flat,5000000,0,,
2009-08-19_72217,2009-08-19,72217,永豐T4,tpex,0.53,0.53,0.49,0.49,23000,11770,,,20000000,3,,
2009-08-19_72218,2009-08-19,72218,永豐T5,tpex,0.43,0.45,0.43,0.45,102000,45840,,,15000000,2,,
2009-08-19_72219,2009-08-19,72219,永豐T6,tpex,0.22,0.22,0.22,0.22,1000,220,0.03,up,20000000,1,,
2009-08-19_72220,2009-08-19,72220,永豐T7,tpex,0.29,0.32,0.29,0.32,99000,28800,0.05,,20000000,2,,
2009-08-19_72221,2009-08-19,72221,永豐T8,tpex,0.16,0.16,0.16,0.16,302000,48320,,flat,15000000,4,,
2009-08-19_72222,2009-08-19,72222,永豐T9,tpex,,,,,0,0,,flat,20000000,0,,
2009-08-19_72223,2009-08-19,72223,永豐U1,tpex,0.44,0.48,0.41,0.44,187000,83410,0.00,,15000000,9,,
2009-08-19_72224,2009-08-19,72224,永豐U2,tpex,0.30,0.30,0.30,0.30,33000,9900,0.00,flat,20000000,3,,
2009-08-19_72225,2009-08-19,72225,元大UU,tpex,,,,,0,0,,flat,5000000,0,,
2009-08-19_72228,2009-08-19,72228,康和QX,tpex,1.29,1.30,1.24,1.26,380000,489590,0.16,,5000000,12,,
2009-08-19_72229,2009-08-19,72229,康和QY,tpex,2.00,2.02,2.00,2.01,31000,62310,,,5000000,4,,
2009-08-19_72230,2009-08-19,72230,凱基T6,tpex,,,,,0,0,,flat,10000000,0,,
2009-08-19_72232,2009-08-19,72232,富邦T4,tpex,,,,,0,0,,flat,10000000,0,,
2009-08-19_72233,2009-08-19,72233,富邦T5,tpex,1.17,1.23,1.17,1.23,21000,25770,0.13,,10000000,2,,
2009-08-19_72235,2009-08-19,72235,富邦T7,tpex,1.31,1.33,1.31,1.33,60000,78800,0.07,,10000000,2,,
2009-08-19_72236,2009-08-19,72236,國泰PK,tpex,1.65,1.65,1.65,1.65,10000,16500,0.04,up,8000000,1,,
2009-08-19_72237,2009-08-19,72237,國泰PL,tpex,0.42,0.42,0.39,0.39,174000,69840,0.00,,20000000,9,,
2009-08-19_72238,2009-08-19,72238,國票Q8,tpex,0.47,0.47,0.45,0.45,50000,23100,,,10000000,2,,
2009-08-19_72239,2009-08-19,72239,群益RG,tpex,,,,,0,0,,flat,10000000,0,,
2009-08-19_72240,2009-08-19,72240,群益RH,tpex,3.06,3.06,2.91,2.91,7000,20790,,,5000000,5,,
2009-08-19_72241,2009-08-19,72241,群益RJ,tpex,1.19,1.35,1.19,1.29,147000,194240,0.16,,10000000,6,,
2009-08-19_72242,2009-08-19,72242,凱基T8,tpex,1.43,1.52,1.43,1.49,61000,90360,0.16,,10000000,7,,
2009-08-19_72243,2009-08-19,72243,永豐U3,tpex,0.35,0.35,0.33,0.34,445000,151950,,,20000000,9,,
2009-08-19_72244,2009-08-19,72244,永豐U4,tpex,0.76,0.76,0.63,0.63,749000,528430,,,15000000,36,,
2009-08-19_72245,2009-08-19,72245,永豐U5,tpex,,,,,0,0,,flat,20000000,0,,
2009-08-19_72246,2009-08-19,72246,永豐U6,tpex,,,,,0,0,,flat,20000000,0,,
2009-08-19_72247,2009-08-19,72247,永豐U7,tpex,,,,,0,0,,flat,15000000,0,,
2009-08-19_72248,2009-08-19,72248,永豐U8,tpex,,,,,0,0,,flat,15000000,0,,
2009-08-19_72249,2009-08-19,72249,兆豐RK,tpex,1.06,1.06,0.99,0.99,68000,70130,,,10000000,7,,
2009-08-19_72250,2009-08-19,72250,凱基T9,tpex,,,,,0,0,,flat,10000000,0,,
2009-08-19_72251,2009-08-19,72251,凱基U1,tpex,2.27,2.40,2.23,2.34,32000,73190,0.25,,10000000,7,,
2009-08-19_72252,2009-08-19,72252,凱基U2,tpex,0.54,0.55,0.54,0.55,30000,16300,0.00,,20000000,2,,
2009-08-19_72253,2009-08-19,72253,元大UX,tpex,3.19,3.32,3.17,3.23,35000,112100,,,10000000,5,,
2009-08-19_72254,2009-08-19,72254,元大UY,tpex,,,,,0,0,,flat,10000000,0,,
2009-08-19_72256,2009-08-19,72256,群益RK,tpex,,,,,0,0,,flat,10000000,0,,
2009-08-19_72257,2009-08-19,72257,康和QZ,tpex,,,,,0,0,,flat,5000000,0,,
2009-08-19_72258,2009-08-19,72258,兆豐RL,tpex,,,,,0,0,,flat,5000000,0,,
2009-08-19_72259,2009-08-19,72259,兆豐RM,tpex,4.69,4.69,4.69,4.69,5000,23450,,flat,10000000,1,,
2009-08-19_72263,2009-08-19,72263,元富RU,tpex,1.52,1.52,1.52,1.52,20000,30400,0.05,up,6000000,1,,
2009-08-19_72264,2009-08-19,72264,元富RV,tpex,0.84,0.90,0.84,0.90,61000,54340,0.01,,10000000,3,,
2009-08-19_72265,2009-08-19,72265,元富RW,tpex,,,,,0,0,,flat,6000000,0,,
2009-08-19_72266,2009-08-19,72266,元富RX,tpex,0.79,0.79,0.79,0.79,10000,7900,0.02,up,10000000,1,,
2009-08-19_8008,2009-08-19,8008,建興電,twse,24.90,25.20,24.60,24.60,5693860,141929749,-0.15,,,1995,,
2009-08-19_8016,2009-08-19,8016,矽創,twse,56.30,57.00,56.20,56.60,1149534,65071720,1.1,,,668,,
2009-08-19_8021,2009-08-19,8021,尖點,twse,31.80,31.80,31.00,31.00,357351,11170981,-0.3,,,199,,
2009-08-19_8024,2009-08-19,8024,佑華,tpex,18.75,19.00,18.70,18.70,73000,1376000,0.00,,56289500,35,,
2009-08-19_8032,2009-08-19,8032,光菱,tpex,14.00,14.00,13.35,13.35,314000,4272700,,,51810300,144,,
2009-08-19_8033,2009-08-19,8033,雷虎,twse,13.60,13.85,13.60,13.60,167256,2288029,0.0,,,99,,
2009-08-19_8034,2009-08-19,8034,榮群,tpex,11.80,12.00,11.50,11.60,380000,4501750,,,65904725,64,,
2009-08-19_8039,2009-08-19,8039,台虹,tpex,39.40,39.40,38.30,38.85,1045000,40617250,0.00,,163526972,412,,
2009-08-19_8040,2009-08-19,8040,九暘,tpex,27.70,28.00,27.40,27.55,583000,16155700,0.35,,84079974,315,,
2009-08-19_8042,2009-08-19,8042,金山電,tpex,48.50,49.00,48.20,48.40,774000,37668000,,,87735276,301,,
2009-08-19_8043,2009-08-19,8043,蜜望實,tpex,15.85,16.00,15.65,15.75,209000,3293400,0.10,,91847321,94,,
2009-08-19_8044,2009-08-19,8044,網家,tpex,43.20,44.60,43.20,43.30,128000,5625150,0.30,,55981873,80,,
2009-08-19_8046,2009-08-19,8046,南電,twse,113.00,113.00,110.00,112.00,1260726,140563312,1.0,,,786,,
2009-08-19_8047,2009-08-19,8047,星雲,tpex,8.60,8.60,8.60,8.60,1000,8600,0.18,up,49034270,1,,
2009-08-19_8049,2009-08-19,8049,晶采,tpex,12.50,12.95,12.45,12.60,453000,5708700,0.10,,72700265,174,,
2009-08-19_8050,2009-08-19,8050,廣積,tpex,56.50,57.80,56.50,57.00,909000,51886000,1.50,,61574552,560,,
2009-08-19_8053,2009-08-19,8053,巨擘,tpex,7.19,7.19,7.06,7.08,131000,930340,,,433492248,25,,
2009-08-19_8054,2009-08-19,8054,安國,tpex,55.00,55.50,53.80,53.80,760000,41550200,,,75277828,482,,
2009-08-19_8064,2009-08-19,8064,東捷,tpex,15.60,15.80,15.55,15.55,449000,7038550,0.00,,129852499,159,,
2009-08-19_8066,2009-08-19,8066,福陞,tpex,,,,,0,0,,flat,111321000,0,,
2009-08-19_8067,2009-08-19,8067,志旭,tpex,9.10,9.18,9.01,9.10,32000,291300,0.09,,42222112,17,,
2009-08-19_8068,2009-08-19,8068,全達,tpex,56.80,58.00,56.10,57.50,55000,3134200,1.50,,30660000,48,,
2009-08-19_8069,2009-08-19,8069,元太,tpex,41.30,41.40,40.50,40.90,7176000,293864300,0.10,,832148164,2792,,
2009-08-19_8070,2009-08-19,8070,長華*,twse,85.80,85.80,83.00,83.00,298761,25039182,0.7,,,219,,
2009-08-19_8071,2009-08-19,8071,豐聲,tpex,24.10,24.65,22.70,23.45,98000,2296800,,,13774283,55,,
2009-08-19_8072,2009-08-19,8072,陞泰,twse,93.60,94.80,93.60,93.70,198586,18665984,0.1,,,154,,
2009-08-19_8074,2009-08-19,8074,鉅橡,tpex,14.70,14.85,14.70,14.70,146000,2153650,0.00,,47633363,64,,
2009-08-19_8076,2009-08-19,8076,伍豐,tpex,81.80,81.80,80.50,81.40,828000,67253600,1.30,,139983467,499,,
2009-08-19_8077,2009-08-19,8077,冠華,tpex,16.85,17.45,16.85,17.05,58000,991800,0.35,,19008250,26,,
2009-08-19_8078,2009-08-19,8078,華寶,twse,28.80,29.20,28.20,28.20,3941286,113602988,0.2,,,1851,,
2009-08-19_8079,2009-08-19,8079,誠遠,tpex,16.00,17.00,15.95,16.80,2449000,40693100,0.90,,62451598,717,,
2009-08-19_8080,2009-08-19,8080,奧斯特,tpex,13.90,14.00,13.80,13.80,70000,971050,0.15,,47717570,29,,
2009-08-19_8081,2009-08-19,8081,致新,twse,154.00,155.00,149.50,151.50,1529860,232130646,-1.0,,,1035,,
2009-08-19_8082,2009-08-19,8082,捷超,tpex,6.16,6.60,5.78,6.60,4034000,26174980,0.43,,63526307,576,,
2009-08-19_8083,2009-08-19,8083,瑞穎,tpex,21.40,21.40,21.20,21.40,9000,191750,0.00,,30133193,7,,
2009-08-19_8084,2009-08-19,8084,巨虹,tpex,17.55,17.60,17.05,17.05,149000,2577800,,,40476544,71,,
2009-08-19_8085,2009-08-19,8085,福華,tpex,11.65,12.10,11.65,11.90,1433000,17049600,0.25,,157257242,349,,
2009-08-19_8086,2009-08-19,8086,宏捷科,tpex,25.40,25.80,24.50,25.00,1231000,30886300,,,113940500,522,,
2009-08-19_8087,2009-08-19,8087,華鎂鑫,tpex,8.68,8.70,8.68,8.70,37000,321860,0.30,,35218635,5,,
2009-08-19_8088,2009-08-19,8088,品安,tpex,12.00,12.40,11.50,11.50,646000,7789050,,,41778468,254,,
2009-08-19_8091,2009-08-19,8091,翔名,tpex,17.55,17.90,17.55,17.70,61000,1074950,0.25,,37000000,30,,
2009-08-19_8092,2009-08-19,8092,建暐,tpex,8.99,9.38,8.90,9.11,102000,920720,0.30,,28342817,54,,
2009-08-19_8093,2009-08-19,8093,保銳,tpex,14.90,14.90,14.55,14.75,213000,3135400,,,64208493,61,,
2009-08-19_8096,2009-08-19,8096,擎亞,tpex,16.10,16.10,15.20,15.50,1185000,18399050,,,93188708,322,,
2009-08-19_8097,2009-08-19,8097,鴻松,tpex,3.64,3.64,3.50,3.60,267000,958060,0.19,,40350421,50,,
2009-08-19_8099,2009-08-19,8099,大世科,tpex,24.30,24.80,24.30,24.50,160000,3934250,0.45,,67200000,65,,
2009-08-19_8101,2009-08-19,8101,華冠,twse,11.30,11.30,11.10,11.10,2236177,25041930,-0.1,,,703,,
2009-08-19_8103,2009-08-19,8103,瀚荃,tpex,32.50,32.75,32.05,32.05,1382000,44578850,,,60046128,573,,
2009-08-19_8105,2009-08-19,8105,凌巨,twse,20.50,21.10,20.10,20.20,20012041,413746815,0.0,,,5784,,
2009-08-19_8107,2009-08-19,8107,大億科,tpex,17.50,17.60,17.25,17.30,559000,9758350,0.00,,171612606,194,,
2009-08-19_8109,2009-08-19,8109,博大,tpex,34.50,36.00,34.50,35.00,443000,15639850,1.00,,44402660,289,,
2009-08-19_8110,2009-08-19,8110,華東,twse,8.08,8.25,8.08,8.22,1357090,11065894,0.14,,,267,,
2009-08-19_8111,2009-08-19,8111,立碁,tpex,16.00,16.60,16.00,16.30,260000,4257250,0.00,,83588306,116,,
2009-08-19_8112,2009-08-19,8112,至上,twse,13.20,13.20,12.70,12.70,2461201,31858950,-0.2,,,659,,
2009-08-19_8114,2009-08-19,8114,振樺電,tpex,42.80,42.80,42.00,42.10,55000,2323350,0.10,,54947202,36,,
2009-08-19_8121,2009-08-19,8121,越峰,tpex,26.80,27.00,26.10,26.10,472000,12498500,,,114854210,235,,
2009-08-19_8131,2009-08-19,8131,福懋科,twse,30.20,31.50,29.65,31.50,984119,30524497,2.05,,,411,,
2009-08-19_8163,2009-08-19,8163,達方,twse,50.80,50.80,49.50,49.50,2571413,128659785,0.2,,,1339,,
2009-08-19_8182,2009-08-19,8182,加高,tpex,19.00,19.20,18.95,18.95,99000,1888400,,,81759395,37,,
2009-08-19_8183,2009-08-19,8183,精星,tpex,7.51,7.80,7.50,7.50,636000,4818520,0.00,,115126068,171,,
2009-08-19_8201,2009-08-19,8201,無敵,twse,31.30,31.30,30.40,30.55,31300,963698,-0.15,,,28,,
2009-08-19_8210,2009-08-19,8210,勤誠,tpex,12.70,13.00,12.70,12.70,95000,1221250,0.00,,111510879,41,,
2009-08-19_8234,2009-08-19,8234,新漢,tpex,26.15,26.15,25.60,25.80,610000,15749250,0.65,,73509924,301,,
2009-08-19_8240,2009-08-19,8240,華宏,tpex,42.30,43.50,41.60,42.20,534000,22761800,,,76114460,363,,
2009-08-19_8249,2009-08-19,8249,菱光,twse,19.45,19.60,18.60,18.75,2975118,56969744,-0.25,,,933,,
2009-08-19_8255,2009-08-19,8255,朋程,tpex,106.00,108.00,105.00,107.00,308000,32803500,2.00,,54009000,194,,
2009-08-19_8261,2009-08-19,8261,富鼎,tpex,30.95,30.95,30.20,30.35,932000,28348800,0.25,,130935685,420,,
2009-08-19_8266,2009-08-19,8266,中日新,tpex,22.60,22.60,22.05,22.10,214000,4766450,,,69615639,104,,
2009-08-19_8277,2009-08-19,8277,商丞,tpex,3.01,3.15,2.82,3.15,125000,386110,0.15,,124125826,12,,
2009-08-19_8287,2009-08-19,8287,英格爾,tpex,22.95,22.95,22.45,22.70,199000,4514500,,,44957705,62,,
2009-08-19_8289,2009-08-19,8289,泰藝,tpex,13.65,13.75,13.40,13.75,16000,217500,0.05,,72694934,8,,
2009-08-19_8299,2009-08-19,8299,群聯,tpex,232.00,234.50,226.00,227.00,2862000,658145500,,,146727286,2003,,
2009-08-19_8349,2009-08-19,8349,友信,tpex,18.30,18.40,18.30,18.40,10000,183550,0.15,,60070280,9,,
2009-08-19_8354,2009-08-19,8354,冠郝,tpex,9.30,9.84,9.20,9.45,1958000,18993960,0.25,,47534000,359,,
2009-08-19_8374,2009-08-19,8374,羅昇,twse,23.45,23.50,23.20,23.25,62480,1462494,-0.2,,,38,,
2009-08-19_8383,2009-08-19,8383,千附,tpex,35.50,36.10,35.05,35.10,1138000,40565150,0.10,,84115147,539,,
2009-08-19_8390,2009-08-19,8390,金益鼎,tpex,38.15,38.40,37.80,37.80,78000,2978250,,,56368402,55,,
2009-08-19_8705,2009-08-19,8705,東隆,tpex,25.20,25.50,25.20,25.40,27000,685600,0.30,,83206286,13,,
2009-08-19_8905,2009-08-19,8905,裕國,tpex,15.00,15.10,15.00,15.10,22000,331300,0.10,,119440000,9,,
2009-08-19_8906,2009-08-19,8906,花王,tpex,4.63,4.93,4.63,4.93,3000,14450,,,51321600,3,,
2009-08-19_8908,2009-08-19,8908,欣雄,tpex,14.85,15.65,14.85,15.45,18000,275000,,,73122184,12,,
2009-08-19_8913,2009-08-19,8913,華夏資,tpex,9.83,9.90,9.77,9.77,71000,697460,0.02,,35164632,33,,
2009-08-19_8916,2009-08-19,8916,光隆,tpex,11.25,11.25,11.25,11.25,2000,22500,,flat,82704000,1,,
2009-08-19_8917,2009-08-19,8917,欣泰,tpex,41.45,41.45,41.45,41.45,1000,41450,1.20,up,100573380,1,,
2009-08-19_8921,2009-08-19,8921,沈氏,tpex,9.03,9.40,9.03,9.40,2000,18430,,,46592159,2,,
2009-08-19_8923,2009-08-19,8923,時報,tpex,,,,,0,0,,flat,30375800,0,,
2009-08-19_8924,2009-08-19,8924,大田,tpex,35.70,36.20,35.70,36.10,132000,4747700,0.40,,121263282,55,,
2009-08-19_8925,2009-08-19,8925,偉盟,tpex,17.50,18.25,17.40,17.60,4404000,79088000,0.50,,224807346,1632,,
2009-08-19_8926,2009-08-19,8926,台汽電,twse,15.10,15.10,15.00,15.10,897455,13517975,0.1,,,270,,
2009-08-19_8927,2009-08-19,8927,北基,tpex,13.00,13.00,12.60,12.60,11000,139000,,,90957085,4,,
2009-08-19_8928,2009-08-19,8928,鉅明,tpex,10.65,10.90,10.55,10.55,166000,1771350,,,63567519,59,,
2009-08-19_8929,2009-08-19,8929,富堡,tpex,24.00,24.00,23.00,23.25,16000,372500,,,19206377,9,,
2009-08-19_8930,2009-08-19,8930,青鋼,tpex,10.50,10.50,10.30,10.40,69000,719150,,,43442248,27,,
2009-08-19_8931,2009-08-19,8931,大汽電,tpex,11.20,11.25,11.05,11.20,162000,1800200,0.15,,106623811,41,,
2009-08-19_8932,2009-08-19,8932,宏大,tpex,11.95,12.00,11.75,12.00,8000,95450,0.35,,37800000,7,,
2009-08-19_8933,2009-08-19,8933,愛地雅,tpex,27.20,28.50,26.90,28.50,6995000,194916600,1.70,,114340582,2203,,
2009-08-19_8934,2009-08-19,8934,世一旦,tpex,,,,,0,0,,flat,65000000,0,,
2009-08-19_8936,2009-08-19,8936,國統,tpex,17.70,18.10,17.50,17.50,1096000,19521900,,,90479262,389,,
2009-08-19_8937,2009-08-19,8937,合騏,tpex,9.09,9.43,9.08,9.29,112000,1036160,0.24,,73116800,44,,
2009-08-19_8938,2009-08-19,8938,明安,tpex,60.70,63.70,60.70,62.80,2291000,142695000,2.10,,125397905,1230,,
2009-08-19_8940,2009-08-19,8940,新天地,twse,21.20,21.70,21.05,21.30,88977,1900310,0.05,,,68,,
2009-08-19_8941,2009-08-19,8941,關中,tpex,11.35,11.35,11.10,11.20,59000,661500,,,91950175,20,,
2009-08-19_8942,2009-08-19,8942,森鉅,tpex,16.80,17.00,16.75,17.00,135000,2268550,0.40,,91069208,39,,
2009-08-19_8996,2009-08-19,8996,高力,tpex,45.50,45.50,44.00,44.05,563000,25083150,,,56876262,344,,
2009-08-19_9102,2009-08-19,9102,東亞科,twse,3.60,3.70,3.55,3.61,210000,758910,0.06,,,42,,
2009-08-19_9103,2009-08-19,9103,美德醫療-DR,twse,10.75,10.80,10.25,10.25,4359000,45872100,-0.35,,,1109,,
2009-08-19_9104,2009-08-19,9104,萬宇科,twse,,,,,0,0,0.0,,,0,無成交,
2009-08-19_9105,2009-08-19,9105,泰金寶-DR,twse,5.20,5.24,5.15,5.17,5415000,28108220,0.02,,,868,,
2009-08-19_9136,2009-08-19,9136,巨騰-DR,twse,36.80,37.60,35.90,37.55,2944325,108413286,1.85,,,1198,,
2009-08-19_9151,2009-08-19,9151,旺旺,twse,22.30,22.45,22.05,22.20,1566200,34808180,0.0,,,543,,
2009-08-19_9902,2009-08-19,9902,台火,twse,11.25,11.65,11.25,11.50,935396,10749214,0.1,,,244,,
2009-08-19_9904,2009-08-19,9904,寶成,twse,20.80,21.20,20.80,20.95,9654842,202268882,0.3,,,2850,,
2009-08-19_9905,2009-08-19,9905,大華,twse,19.15,19.30,18.45,19.10,1154194,21708304,0.0,,,410,,
2009-08-19_9906,2009-08-19,9906,欣巴巴,twse,0.86,0.92,0.86,0.92,12918,11749,0.04,,,5,,
2009-08-19_9907,2009-08-19,9907,統一實,twse,11.85,11.95,11.70,11.80,2433884,28720637,0.1,,,707,,
2009-08-19_9908,2009-08-19,9908,大台北,twse,15.25,15.30,15.10,15.30,278712,4238772,0.2,,,122,,
2009-08-19_9910,2009-08-19,9910,豐泰,twse,23.90,24.10,23.55,23.70,219713,5229397,-0.05,,,111,,
2009-08-19_9911,2009-08-19,9911,櫻花,twse,12.80,12.90,12.65,12.75,1814198,23199172,0.1,,,467,,
2009-08-19_9912,2009-08-19,9912,偉聯,twse,6.26,6.44,6.25,6.25,44000,277890,0.09,,,17,,
2009-08-19_9914,2009-08-19,9914,美利達,twse,57.50,58.00,57.40,57.50,961601,55387675,0.0,,,460,,
2009-08-19_9917,2009-08-19,9917,中保科,twse,48.80,48.80,48.15,48.15,337519,16341818,-0.05,,,269,,
2009-08-19_9918,2009-08-19,9918,欣天然,twse,24.00,24.15,24.00,24.00,58055,1399137,-0.15,,,18,,
2009-08-19_9919,2009-08-19,9919,康那香,twse,21.20,21.30,20.40,20.40,1718549,35707969,-0.65,,,680,,
2009-08-19_9921,2009-08-19,9921,巨大,twse,78.00,79.90,77.80,77.80,472866,37018494,-0.6,,,290,,
2009-08-19_9922,2009-08-19,9922,優美,twse,,,,,0,0,0.0,,,0,無成交,
2009-08-19_9924,2009-08-19,9924,福興,twse,15.65,15.95,15.65,15.75,130000,2054000,0.15,,,65,,
2009-08-19_9925,2009-08-19,9925,新保,twse,18.30,18.50,18.25,18.50,278161,5109778,0.15,,,108,,
2009-08-19_9926,2009-08-19,9926,新海,twse,23.30,23.35,23.10,23.10,28990,671019,0.1,,,24,,
2009-08-19_9927,2009-08-19,9927,泰銘,twse,36.35,36.35,35.65,35.90,1793499,64586604,1.15,,,789,,
2009-08-19_9928,2009-08-19,9928,中視,twse,9.91,10.00,9.80,9.95,292294,2895777,0.1,,,102,,
2009-08-19_9929,2009-08-19,9929,秋雨,twse,2.48,2.52,2.43,2.47,649037,1585621,0.04,,,86,,
2009-08-19_9930,2009-08-19,9930,中聯資源,twse,42.00,42.00,41.55,41.90,413860,17320620,0.1,,,169,,
2009-08-19_9931,2009-08-19,9931,欣高,twse,16.90,17.00,16.90,16.90,59000,997300,0.0,,,10,,
2009-08-19_9933,2009-08-19,9933,中鼎,twse,33.50,34.20,33.40,33.95,3319485,112240854,0.5,,,915,,
2009-08-19_9934,2009-08-19,9934,成霖,twse,21.10,21.20,20.75,21.10,236752,4968365,0.4,,,115,,
2009-08-19_9935,2009-08-19,9935,慶豐富,twse,7.16,7.16,6.97,6.98,785964,5515017,0.05,,,166,,
2009-08-19_9937,2009-08-19,9937,全國,twse,25.35,25.50,25.35,25.50,298000,7582450,0.5,,,99,,
2009-08-19_9938,2009-08-19,9938,百和,twse,17.40,17.40,17.05,17.40,357450,6175786,0.05,,,180,,
2009-08-19_9939,2009-08-19,9939,宏全,twse,47.30,47.40,46.40,46.65,1671411,78302217,-0.65,,,913,,
2009-08-19_9940,2009-08-19,9940,信義,twse,56.40,57.80,56.10,56.70,672196,38045833,0.4,,,370,,
2009-08-19_9941,2009-08-19,9941,裕融,twse,27.80,28.20,27.50,27.65,485110,13513764,-0.15,,,187,,
2009-08-19_9942,2009-08-19,9942,茂順,twse,26.85,27.25,26.85,27.00,96138,2600335,0.0,,,46,,
2009-08-19_9943,2009-08-19,9943,好樂迪,twse,23.80,24.20,23.55,23.55,246250,5888800,-0.45,,,95,,
2009-08-19_9944,2009-08-19,9944,新麗,twse,21.30,21.55,20.95,21.25,558498,11864654,0.4,,,231,,
2009-08-19_9945,2009-08-19,9945,潤泰新,twse,26.30,27.10,26.30,26.65,6293319,168408649,0.35,,,1957,,
2009-08-19_9946,2009-08-19,9946,金革,tpex,10.25,10.25,10.20,10.20,2000,20450,,,41680026,2,,
2009-08-19_9949,2009-08-19,9949,琉園,tpex,26.70,27.00,26.60,27.00,28000,754100,0.45,,45200000,20,,
2009-08-19_9950,2009-08-19,9950,萬國通,tpex,15.90,16.05,15.80,16.00,42000,668750,0.30,,44520000,13,,
2009-08-19_9951,2009-08-19,9951,皇田,tpex,26.40,27.15,26.10,26.50,297000,7864800,,,74900000,105,,
2009-08-19_9955,2009-08-19,9955,佳龍,twse,54.50,54.80,53.00,53.80,946733,50798728,-0.2,,,460,,
2009-08-19_9958,2009-08-19,9958,世紀鋼,twse,13.00,13.10,12.60,12.60,1104150,14105704,-0.3,,,346,,
2009-08-19_9960,2009-08-19,9960,邁達康,tpex,15.50,15.50,15.30,15.30,15000,230150,,,24804000,13,,
2009-08-19_9962,2009-08-19,9962,有益,tpex,13.35,13.35,12.80,13.10,154000,2008950,0.10,,73320000,52,,
