key,date,stock_id,name,market,open,high,low,close,volume,amount,change,limit,shares,transactions,price_basis,last_price
2014-01-02_0015,2014-01-02,0015,富邦,twse,9.15,9.15,9.14,9.14,176000,1609790,-0.01,,,8,,
2014-01-02_0050,2014-01-02,0050,元大台灣50,twse,58.70,58.75,58.35,58.55,10762073,629994789,-0.15,,,2326,,
2014-01-02_0051,2014-01-02,0051,元大中型100,twse,29.70,29.82,29.60,29.82,63000,1872660,0.12,,,30,,
2014-01-02_0052,2014-01-02,0052,富邦科技,twse,34.86,34.86,34.86,34.86,22000,766920,-0.06,down,,1,,
2014-01-02_0053,2014-01-02,0053,元大電子,twse,24.30,24.30,24.21,24.26,11000,266960,-0.04,,,10,,
2014-01-02_0054,2014-01-02,0054,元大台商50,twse,21.45,21.45,21.25,21.25,3000,63950,-0.17,,,2,,
2014-01-02_0055,2014-01-02,0055,元大MSCI金融,twse,14.16,14.31,14.16,14.27,1788200,25472517,0.09,,,278,,
2014-01-02_0056,2014-01-02,0056,元大高股息,twse,23.06,23.11,23.02,23.09,670599,15467291,0.03,,,309,,
2014-01-02_0057,2014-01-02,0057,富邦摩台,twse,35.56,35.56,35.45,35.45,147000,5222450,-0.22,,,7,,
2014-01-02_0058,2014-01-02,0058,富邦發達,twse,,,,,0,0,0.0,,,0,無成交,
2014-01-02_0059,2014-01-02,0059,富邦金融,twse,31.25,31.45,31.25,31.45,11000,344530,0.23,,,5,,
2014-01-02_0060,2014-01-02,0060,新台灣,twse,31.85,31.85,31.85,31.85,2000,63700,0.0,flat,,2,,
2014-01-02_0061,2014-01-02,0061,元大寶滬深,twse,12.72,12.73,12.65,12.65,8810431,111647040,-0.03,,,960,,
2014-01-02_006201,2014-01-02,006201,寶富櫃,tpex,12.07,12.07,11.88,12.00,33000,394210,0.12,,46446000,17,,
2014-01-02_006203,2014-01-02,006203,元大MSCI台灣,twse,28.39,28.39,28.39,28.39,14000,397460,-0.06,down,,1,,
2014-01-02_006204,2014-01-02,006204,永豐臺灣加權,twse,42.96,43.08,42.86,42.97,440307,18921615,0.01,,,54,,
2014-01-02_006205,2014-01-02,006205,富邦上証,twse,20.40,20.44,20.37,20.41,5107000,104211360,0.01,,,465,,
2014-01-02_006206,2014-01-02,006206,元大上證50,twse,18.26,18.33,18.10,18.15,2694203,49039650,-0.11,,,543,,
2014-01-02_006207,2014-01-02,006207,復華滬深,twse,14.27,14.31,14.22,14.24,617000,8793120,0.02,,,127,,
2014-01-02_006208,2014-01-02,006208,富邦台50,twse,32.89,32.89,32.89,32.89,28000,920920,-0.12,down,,4,,
2014-01-02_0080,2014-01-02,0080,恒中國,twse,,,,,0,0,0.0,,,0,無成交,
2014-01-02_0081,2014-01-02,0081,恒香港,twse,,,,,0,0,0.0,,,0,無成交,
2014-01-02_008201,2014-01-02,008201,BP上證50,twse,54.00,54.10,54.00,54.00,5100,275410,0.35,,,14,,
2014-01-02_01001T,2014-01-02,01001T,土銀富邦R1,twse,16.75,16.75,16.70,16.70,360000,6023150,0.0,,,17,,
2014-01-02_01002T,2014-01-02,01002T,土銀國泰R1,twse,20.09,20.20,20.08,20.08,1510000,30366050,-0.02,,,124,,
2014-01-02_01003T,2014-01-02,01003T,兆豐新光R1,twse,14.17,14.18,14.17,14.17,44000,623600,0.0,,,7,,
2014-01-02_01004T,2014-01-02,01004T,土銀富邦R2,twse,13.19,13.19,13.08,13.15,240000,3145890,0.05,,,21,,
2014-01-02_01007T,2014-01-02,01007T,兆豐國泰R2,twse,16.55,16.60,16.55,16.55,606000,10029350,0.0,,,12,,
2014-01-02_01008T,2014-01-02,01008T,駿馬R1,twse,16.30,16.35,16.30,16.35,221000,3607470,0.03,,,87,,
2014-01-02_1101,2014-01-02,1101,台泥,twse,45.95,46.05,45.25,45.40,8173405,371441978,-0.85,,,2481,,
2014-01-02_1102,2014-01-02,1102,亞泥,twse,38.60,38.65,38.05,38.10,1736282,66293923,-0.5,,,725,,
2014-01-02_1103,2014-01-02,1103,嘉泥,twse,15.70,15.75,15.60,15.70,905905,14214555,0.0,,,232,,
2014-01-02_1104,2014-01-02,1104,環泥,twse,28.60,28.60,28.10,28.30,517484,14655046,0.05,,,324,,
2014-01-02_1108,2014-01-02,1108,幸福,twse,8.39,8.41,8.35,8.40,413883,3473562,0.01,,,109,,
2014-01-02_1109,2014-01-02,1109,信大,twse,11.90,11.90,11.80,11.90,150005,1777859,-0.05,,,68,,
2014-01-02_1110,2014-01-02,1110,東泥,twse,17.50,17.80,17.50,17.80,115843,2053069,0.3,,,54,,
2014-01-02_1201,2014-01-02,1201,味全,twse,52.40,52.50,50.90,51.10,918374,47120405,-1.3,,,552,,
2014-01-02_1203,2014-01-02,1203,味王,twse,25.00,25.00,24.80,24.90,169106,4208220,0.0,,,71,,
2014-01-02_1210,2014-01-02,1210,大成,twse,26.40,26.50,26.15,26.40,822490,21683202,0.0,,,351,,
2014-01-02_1213,2014-01-02,1213,大飲,twse,21.10,21.20,20.90,21.10,133713,2810299,-0.1,,,50,,
2014-01-02_1215,2014-01-02,1215,卜蜂,twse,15.80,16.10,15.80,16.00,1650716,26367256,0.2,,,521,,
2014-01-02_1216,2014-01-02,1216,統一,twse,53.70,54.20,53.50,54.00,3111425,167742541,0.3,,,1126,,
2014-01-02_1217,2014-01-02,1217,愛之味,twse,9.17,9.19,9.13,9.13,1090336,9970053,-0.07,,,246,,
2014-01-02_1218,2014-01-02,1218,泰山,twse,13.35,13.50,13.30,13.40,666138,8932588,0.05,,,215,,
2014-01-02_1219,2014-01-02,1219,福壽,twse,14.70,14.70,14.60,14.70,206321,3027685,0.0,,,58,,
2014-01-02_1220,2014-01-02,1220,台榮,twse,9.97,10.00,9.94,10.00,40003,399227,0.02,,,23,,
2014-01-02_1225,2014-01-02,1225,福懋油,twse,10.50,10.55,10.45,10.50,190527,2001653,0.0,,,60,,
2014-01-02_1227,2014-01-02,1227,佳格,twse,93.50,94.00,92.60,93.00,1129245,105483754,0.0,,,873,,
2014-01-02_1229,2014-01-02,1229,聯華,twse,19.50,19.75,19.45,19.70,977731,19187234,0.3,,,399,,
2014-01-02_1231,2014-01-02,1231,聯華食,twse,38.50,38.70,38.35,38.35,125676,4839373,-0.2,,,100,,
2014-01-02_1232,2014-01-02,1232,大統益,twse,61.70,62.00,61.60,61.70,55426,3421783,0.0,,,40,,
2014-01-02_1233,2014-01-02,1233,天仁,twse,46.95,46.95,46.60,46.80,43234,2021826,-0.15,,,28,,
2014-01-02_1234,2014-01-02,1234,黑松,twse,35.00,35.00,34.50,34.50,390907,13555286,-0.5,,,239,,
2014-01-02_1235,2014-01-02,1235,興泰,twse,25.30,25.30,25.00,25.20,55000,1384700,-0.1,,,13,,
2014-01-02_1236,2014-01-02,1236,宏亞,twse,26.50,26.60,26.30,26.30,26007,687982,-0.15,,,22,,
2014-01-02_1256,2014-01-02,1256,F-鮮活,tpex,219.00,228.00,214.00,220.00,133000,29552500,1.00,,17640000,119,,
2014-01-02_1258,2014-01-02,1258,F-其祥,tpex,28.50,29.30,28.50,28.55,108000,3132150,0.05,,34000000,66,,
2014-01-02_1259,2014-01-02,1259,安心,tpex,73.50,73.50,72.70,72.90,25000,1827000,-0.20,,32389500,15,,
2014-01-02_1301,2014-01-02,1301,台塑,twse,80.30,80.50,79.60,79.80,3594781,287373607,-0.7,,,1254,,
2014-01-02_1303,2014-01-02,1303,南亞,twse,68.60,68.90,68.10,68.20,3886467,265900572,-0.7,,,1690,,
2014-01-02_1304,2014-01-02,1304,台聚,twse,20.70,21.30,20.70,21.05,6634492,139606182,0.35,,,2071,,
2014-01-02_1305,2014-01-02,1305,華夏,twse,16.90,17.10,16.90,17.10,1784491,30332197,0.2,,,661,,
2014-01-02_1307,2014-01-02,1307,三芳,twse,31.45,31.60,30.80,31.00,447661,13895691,-0.45,,,234,,
2014-01-02_1308,2014-01-02,1308,亞聚,twse,26.10,26.60,26.10,26.50,1637385,43267938,0.4,,,862,,
2014-01-02_1309,2014-01-02,1309,台達化,twse,12.50,12.60,12.40,12.50,832167,10381370,0.05,,,310,,
2014-01-02_1310,2014-01-02,1310,台苯,twse,21.20,21.80,21.10,21.65,9185678,198294146,0.6,,,2495,,
2014-01-02_1312,2014-01-02,1312,國喬,twse,23.15,23.80,23.15,23.35,6179744,144795725,0.2,,,2067,,
2014-01-02_1312A,2014-01-02,1312A,國喬特,twse,24.20,24.25,24.20,24.25,3000,72700,0.0,,,2,,
2014-01-02_1313,2014-01-02,1313,聯成,twse,14.50,14.55,14.40,14.45,888931,12864598,0.0,,,377,,
2014-01-02_1314,2014-01-02,1314,中石化,twse,13.60,13.75,13.60,13.65,6875612,93845947,0.05,,,1775,,
2014-01-02_1315,2014-01-02,1315,達新,twse,30.05,30.10,29.90,29.95,92510,2776989,-0.05,,,64,,
2014-01-02_1316,2014-01-02,1316,上曜,twse,10.85,10.90,10.80,10.80,232245,2516145,-0.05,,,62,,
2014-01-02_1319,2014-01-02,1319,東陽,twse,44.40,44.60,43.75,43.85,3013333,132643583,-0.75,,,1596,,
2014-01-02_1321,2014-01-02,1321,大洋,twse,34.10,35.30,34.10,34.60,670000,23339850,0.3,,,296,,
2014-01-02_1323,2014-01-02,1323,永裕,twse,40.00,40.95,40.00,40.75,1337300,54298156,1.15,,,856,,
2014-01-02_1324,2014-01-02,1324,地球,twse,16.50,16.50,15.95,16.00,92000,1479050,-0.25,,,59,,
2014-01-02_1325,2014-01-02,1325,恆大,twse,20.40,20.40,20.05,20.10,571772,11570640,0.1,,,242,,
2014-01-02_1326,2014-01-02,1326,台化,twse,84.00,84.00,82.80,83.10,3547251,294878337,-0.9,,,1892,,
2014-01-02_1333,2014-01-02,1333,恩得利,tpex,5.90,5.90,5.65,5.71,953000,5462140,-0.21,,102525625,296,,
2014-01-02_1336,2014-01-02,1336,台翰,tpex,10.60,10.65,10.55,10.65,89000,941600,0.05,,62753230,33,,
2014-01-02_1337,2014-01-02,1337,再生-KY,twse,96.00,98.50,94.40,96.40,5329494,513902213,0.9,,,3128,,
2014-01-02_1338,2014-01-02,1338,廣華-KY,twse,103.50,105.50,101.00,105.00,1208800,125696000,2.0,,,683,,
2014-01-02_1339,2014-01-02,1339,昭輝,twse,50.00,50.40,48.70,49.80,349055,17262444,-0.15,,,245,,
2014-01-02_1402,2014-01-02,1402,遠東新,twse,34.40,34.40,33.95,33.95,3556689,121261285,-0.45,,,1435,,
2014-01-02_1409,2014-01-02,1409,新纖,twse,10.50,10.55,10.40,10.40,5364404,56212164,-0.05,,,1136,,
2014-01-02_1410,2014-01-02,1410,南染,twse,23.30,24.25,23.30,23.80,1583500,37969373,0.65,,,659,,
2014-01-02_1413,2014-01-02,1413,宏洲,twse,5.00,5.00,4.68,4.85,471579,2278145,-0.16,,,148,,
2014-01-02_1414,2014-01-02,1414,東和,twse,10.10,10.10,10.00,10.05,1052771,10568910,0.0,,,178,,
2014-01-02_1416,2014-01-02,1416,廣豐,twse,19.65,20.15,19.65,19.95,1215171,24197135,0.4,,,444,,
2014-01-02_1417,2014-01-02,1417,嘉裕,twse,8.68,8.81,8.68,8.80,2619889,22919290,0.13,,,546,,
2014-01-02_1418,2014-01-02,1418,東華,twse,6.41,6.50,6.41,6.45,78000,502450,0.0,,,36,,
2014-01-02_1419,2014-01-02,1419,新紡,twse,40.10,40.95,40.10,40.50,265704,10781720,0.5,,,144,,
2014-01-02_1423,2014-01-02,1423,利華,twse,8.44,8.44,8.30,8.35,521245,4347224,-0.03,,,113,,
2014-01-02_1432,2014-01-02,1432,大魯閣,twse,22.60,22.95,22.20,22.50,940355,21166931,0.0,,,371,,
2014-01-02_1434,2014-01-02,1434,福懋,twse,36.00,36.00,35.35,35.80,1668932,59584870,-0.25,,,679,,
2014-01-02_1435,2014-01-02,1435,中福,twse,6.70,6.88,6.70,6.84,417388,2842578,0.14,,,116,,
2014-01-02_1436,2014-01-02,1436,華友聯,twse,52.80,52.80,52.40,52.50,29187,1532424,-0.5,,,26,,
2014-01-02_1437,2014-01-02,1437,勤益控,twse,19.95,21.30,19.95,21.30,5460506,114345775,1.35,,,1541,,
2014-01-02_1438,2014-01-02,1438,三地開發,twse,5.08,5.11,5.05,5.10,246733,1257695,0.01,,,44,,
2014-01-02_1439,2014-01-02,1439,雋揚,twse,15.50,15.55,15.45,15.50,86050,1333265,0.1,,,44,,
2014-01-02_1440,2014-01-02,1440,南紡,twse,21.30,21.50,21.20,21.20,5004308,106817148,0.15,,,1774,,
2014-01-02_1441,2014-01-02,1441,大東,twse,10.05,10.10,9.96,10.05,347948,3482110,0.0,,,92,,
2014-01-02_1442,2014-01-02,1442,名軒,twse,36.65,36.70,36.30,36.70,379256,13851493,0.05,,,190,,
2014-01-02_1443,2014-01-02,1443,立益物流,twse,8.48,8.49,8.25,8.28,236604,1973702,-0.08,,,82,,
2014-01-02_1444,2014-01-02,1444,力麗,twse,11.10,11.15,11.00,11.00,1851643,20497550,-0.1,,,429,,
2014-01-02_1445,2014-01-02,1445,大宇,twse,10.85,11.25,10.70,10.90,1487206,16287967,0.05,,,404,,
2014-01-02_1446,2014-01-02,1446,宏和,twse,29.20,30.30,29.20,30.00,646728,19283342,0.55,,,279,,
2014-01-02_1447,2014-01-02,1447,力鵬,twse,14.50,14.70,14.40,14.60,5240430,76422080,0.1,,,1160,,
2014-01-02_1449,2014-01-02,1449,佳和,twse,1.70,1.84,1.67,1.84,209501,362748,0.09,,,28,,
2014-01-02_1451,2014-01-02,1451,年興,twse,30.65,30.95,30.40,30.50,1088571,33364618,-0.2,,,522,,
2014-01-02_1452,2014-01-02,1452,宏益,twse,10.85,10.90,10.85,10.85,262324,2851598,0.0,,,87,,
2014-01-02_1453,2014-01-02,1453,大將,twse,9.71,9.75,9.66,9.68,45076,437074,-0.02,,,26,,
2014-01-02_1454,2014-01-02,1454,台富,twse,8.33,8.48,8.32,8.37,391910,3282719,0.04,,,103,,
2014-01-02_1455,2014-01-02,1455,集盛,twse,10.40,10.45,10.25,10.30,1470642,15216322,-0.05,,,446,,
2014-01-02_1457,2014-01-02,1457,宜進,twse,8.08,8.16,8.08,8.14,421443,3418408,0.06,,,117,,
2014-01-02_1459,2014-01-02,1459,聯發,twse,9.53,9.53,9.43,9.43,224320,2121238,-0.12,,,90,,
2014-01-02_1460,2014-01-02,1460,宏遠,twse,9.35,9.97,9.35,9.90,11268433,111583082,0.58,,,1322,,
2014-01-02_1463,2014-01-02,1463,強盛新,twse,17.60,18.15,17.60,18.10,2652202,47708626,0.55,,,715,,
2014-01-02_1464,2014-01-02,1464,得力,twse,13.80,13.95,13.70,13.75,492010,6791236,0.1,,,156,,
2014-01-02_1465,2014-01-02,1465,偉全,twse,16.20,16.20,16.05,16.10,45000,725750,-0.1,,,22,,
2014-01-02_1466,2014-01-02,1466,聚隆,twse,19.65,19.85,19.55,19.60,176136,3465514,-0.05,,,101,,
2014-01-02_1467,2014-01-02,1467,南緯,twse,14.55,14.65,14.45,14.55,527380,7677091,0.0,,,167,,
2014-01-02_1468,2014-01-02,1468,昶和,twse,10.65,10.65,10.40,10.60,22000,233100,-0.05,,,12,,
2014-01-02_1469,2014-01-02,1469,理隆,twse,11.10,11.10,10.50,10.50,15000,161150,-0.45,,,11,,
2014-01-02_1470,2014-01-02,1470,大統新創,twse,,,,,0,0,0.0,,,0,無成交,
2014-01-02_1471,2014-01-02,1471,首利,twse,10.80,10.90,10.70,10.75,948036,10248733,0.0,,,326,,
2014-01-02_1472,2014-01-02,1472,三洋實業,twse,41.40,41.80,40.60,40.70,173800,7139219,-0.7,,,111,,
2014-01-02_1473,2014-01-02,1473,台南,twse,31.60,31.60,31.30,31.45,489700,15404510,0.15,,,140,,
2014-01-02_1474,2014-01-02,1474,弘裕,twse,9.38,9.40,9.32,9.35,162002,1514978,0.05,,,52,,
2014-01-02_1475,2014-01-02,1475,業旺,twse,17.20,17.40,16.10,16.10,174130,2871343,-1.1,,,60,,
2014-01-02_1476,2014-01-02,1476,儒鴻,twse,337.00,338.00,326.00,329.00,1004496,332563688,-7.0,,,842,,
2014-01-02_1477,2014-01-02,1477,聚陽,twse,159.00,161.00,158.00,159.50,468600,74544300,-1.5,,,390,,
2014-01-02_1503,2014-01-02,1503,士電,twse,38.00,38.10,37.85,38.00,131248,4985935,0.0,,,74,,
2014-01-02_1504,2014-01-02,1504,東元,twse,34.10,34.25,33.75,34.15,2762226,94162484,0.0,,,1197,,
2014-01-02_1506,2014-01-02,1506,正道,twse,18.90,19.25,18.90,19.05,2104401,40193628,0.35,,,621,,
2014-01-02_1507,2014-01-02,1507,永大,twse,86.00,86.00,79.80,82.80,2792679,228749014,-2.7,,,1756,,
2014-01-02_1512,2014-01-02,1512,瑞利,twse,8.80,8.83,8.75,8.82,1935000,17027470,0.03,,,200,,
2014-01-02_1513,2014-01-02,1513,中興電,twse,22.60,22.85,22.55,22.65,4248111,96295255,0.05,,,1597,,
2014-01-02_1514,2014-01-02,1514,亞力,twse,10.30,10.60,10.20,10.45,869125,9050541,0.15,,,269,,
2014-01-02_1515,2014-01-02,1515,力山,twse,12.45,12.45,12.20,12.20,563924,6953423,-0.35,,,206,,
2014-01-02_1516,2014-01-02,1516,川飛,twse,12.15,12.15,12.15,12.15,3240,39362,-0.05,down,,10,,
2014-01-02_1517,2014-01-02,1517,利奇,twse,15.20,15.65,15.10,15.65,4506147,69695331,0.55,,,1482,,
2014-01-02_1519,2014-01-02,1519,華城,twse,18.20,18.50,18.10,18.25,645597,11808733,0.05,,,327,,
2014-01-02_1521,2014-01-02,1521,大億,twse,60.10,61.80,60.10,60.90,471453,28843586,0.8,,,294,,
2014-01-02_1522,2014-01-02,1522,堤維西,twse,17.10,17.20,16.90,17.15,1286393,21905142,0.2,,,432,,
2014-01-02_1524,2014-01-02,1524,耿鼎,twse,8.52,8.68,8.52,8.55,1065477,9135407,0.03,,,349,,
2014-01-02_1525,2014-01-02,1525,江申,twse,94.00,94.30,92.00,92.20,896639,83207160,-0.9,,,624,,
2014-01-02_1526,2014-01-02,1526,日馳,twse,9.70,9.95,9.70,9.88,230592,2269062,0.12,,,88,,
2014-01-02_1527,2014-01-02,1527,鑽全,twse,31.75,31.75,31.25,31.30,456696,14329883,-0.2,,,258,,
2014-01-02_1528,2014-01-02,1528,恩德,twse,14.85,14.85,14.50,14.85,349966,5156245,-0.05,,,157,,
2014-01-02_1529,2014-01-02,1529,樂事綠能,twse,2.42,2.42,2.35,2.35,4030,9539,-0.05,,,9,,
2014-01-02_1530,2014-01-02,1530,亞崴,twse,34.40,34.50,34.15,34.25,51937,1781694,-0.15,,,43,,
2014-01-02_1531,2014-01-02,1531,高林股,twse,23.30,23.45,23.20,23.20,409703,9549786,-0.05,,,227,,
2014-01-02_1532,2014-01-02,1532,勤美,twse,41.15,41.35,40.30,40.45,1151103,46651890,-0.6,,,756,,
2014-01-02_1533,2014-01-02,1533,車王電,twse,44.95,45.00,43.75,43.80,1854000,81804450,-0.7,,,1173,,
2014-01-02_1535,2014-01-02,1535,中宇,twse,79.50,79.90,77.70,78.20,521503,40879185,-1.1,,,338,,
2014-01-02_1536,2014-01-02,1536,和大,twse,46.25,46.55,45.50,45.55,3164713,144926093,-0.45,,,1794,,
2014-01-02_1537,2014-01-02,1537,廣隆,twse,78.10,78.80,78.10,78.20,242200,18995700,-0.6,,,150,,
2014-01-02_1538,2014-01-02,1538,正峰,twse,9.75,9.75,9.53,9.61,404000,3883560,0.0,,,140,,
2014-01-02_1539,2014-01-02,1539,巨庭,twse,20.45,20.45,20.00,20.00,742401,15031220,-0.3,,,305,,
2014-01-02_1540,2014-01-02,1540,喬福,twse,19.35,19.75,19.25,19.75,482450,9419792,0.4,,,146,,
2014-01-02_1541,2014-01-02,1541,錩泰,twse,13.55,13.85,13.55,13.60,72977,1000439,0.05,,,34,,
2014-01-02_1558,2014-01-02,1558,伸興,tpex,166.00,167.50,165.50,167.00,194000,32284500,2.00,,60552631,144,,
2014-01-02_1560,2014-01-02,1560,中砂,twse,74.00,75.40,73.20,74.50,1281515,95894867,1.0,,,888,,
2014-01-02_1565,2014-01-02,1565,精華,tpex,854.00,854.00,845.00,847.00,148000,125372000,-4.00,,50416516,144,,
2014-01-02_1566,2014-01-02,1566,捷邦,tpex,23.65,24.10,23.65,23.65,596000,14191500,0.00,,51867028,309,,
2014-01-02_1569,2014-01-02,1569,濱川,tpex,21.75,21.95,21.70,21.95,157000,3425050,0.25,,83784745,92,,
2014-01-02_1570,2014-01-02,1570,力肯,tpex,14.65,14.75,14.50,14.75,126000,1838050,0.10,,51500839,70,,
2014-01-02_1580,2014-01-02,1580,新麥,tpex,159.00,159.50,156.00,156.50,206000,32427000,-1.00,,44886823,176,,
2014-01-02_1582,2014-01-02,1582,信錦,twse,50.30,51.70,49.70,51.00,1656360,84240710,1.2,,,900,,
2014-01-02_1583,2014-01-02,1583,程泰,twse,46.35,46.65,46.10,46.55,104158,4838373,0.2,,,61,,
2014-01-02_1584,2014-01-02,1584,精剛,tpex,13.50,14.10,13.50,13.90,50000,697250,0.15,,83470533,24,,
2014-01-02_1586,2014-01-02,1586,和勤,tpex,31.50,33.70,30.85,33.40,718000,23210800,1.90,,46643273,375,,
2014-01-02_1589,2014-01-02,1589,永冠-KY,twse,108.00,109.00,106.50,106.50,1249400,134387200,-1.0,,,862,,
2014-01-02_1590,2014-01-02,1590,亞德客-KY,twse,246.50,258.00,245.50,250.00,1043470,262942000,8.0,,,862,,
2014-01-02_1591,2014-01-02,1591,F-駿吉,tpex,30.00,31.00,30.00,30.35,9000,275700,0.35,,23408250,9,,
2014-01-02_1593,2014-01-02,1593,祺驊,tpex,31.40,32.00,30.85,31.50,81000,2538900,0.20,,26076000,58,,
2014-01-02_1595,2014-01-02,1595,川寶,tpex,69.40,69.60,68.50,69.00,146000,10087600,0.70,,38687448,59,,
2014-01-02_1597,2014-01-02,1597,直得,tpex,48.05,48.35,47.65,47.65,140000,6724850,-0.40,,55962170,98,,
2014-01-02_1599,2014-01-02,1599,宏佳騰,tpex,45.00,45.45,44.75,45.00,137000,6166900,0.20,,39113496,75,,
2014-01-02_1603,2014-01-02,1603,華電,twse,13.65,13.95,13.65,13.80,704951,9760525,0.15,,,189,,
2014-01-02_1604,2014-01-02,1604,聲寶,twse,11.85,11.90,11.80,11.85,1466695,17392891,0.0,,,393,,
2014-01-02_1605,2014-01-02,1605,華新,twse,9.59,9.65,9.54,9.65,8475985,81370079,0.09,,,1498,,
2014-01-02_1608,2014-01-02,1608,華榮,twse,11.60,11.70,11.50,11.55,942000,10880649,-0.05,,,173,,
2014-01-02_1609,2014-01-02,1609,大亞,twse,7.54,7.54,7.30,7.37,1149547,8500039,-0.04,,,346,,
2014-01-02_1611,2014-01-02,1611,中電,twse,14.35,15.00,14.30,14.90,3921724,58017047,0.6,,,1408,,
2014-01-02_1612,2014-01-02,1612,宏泰,twse,9.97,10.05,9.90,9.95,630499,6288631,0.06,,,223,,
2014-01-02_1613,2014-01-02,1613,台一,twse,5.25,5.26,5.21,5.22,358738,1874475,0.0,,,100,,
2014-01-02_1614,2014-01-02,1614,三洋電,twse,41.85,43.15,41.85,43.05,1514950,64874052,1.2,,,657,,
2014-01-02_1615,2014-01-02,1615,大山,twse,10.10,10.80,10.10,10.65,143161,1505404,0.5,,,68,,
2014-01-02_1616,2014-01-02,1616,億泰,twse,5.59,5.62,5.56,5.60,159644,892345,-0.02,,,51,,
2014-01-02_1617,2014-01-02,1617,榮星,twse,9.83,9.83,9.60,9.67,107000,1034820,-0.04,,,50,,
2014-01-02_1618,2014-01-02,1618,合機,twse,9.96,9.97,9.79,9.80,424312,4175671,-0.14,,,143,,
2014-01-02_1626,2014-01-02,1626,艾美特-KY,twse,83.70,84.10,83.20,83.40,223200,18658579,0.0,,,161,,
2014-01-02_1701,2014-01-02,1701,中化,twse,23.50,23.60,23.40,23.50,990445,23286861,0.05,,,385,,
2014-01-02_1702,2014-01-02,1702,南僑,twse,45.20,45.65,45.00,45.05,748836,33920420,-0.45,,,464,,
2014-01-02_1704,2014-01-02,1704,榮化,twse,38.80,38.80,37.80,38.30,1423901,54445412,-0.45,,,622,,
2014-01-02_1707,2014-01-02,1707,葡萄王,twse,150.00,150.50,147.50,148.00,604089,89791672,-2.0,,,490,,
2014-01-02_1708,2014-01-02,1708,東鹼,twse,32.05,32.15,31.90,31.95,368818,11802602,-0.1,,,208,,
2014-01-02_1709,2014-01-02,1709,和益,twse,14.35,14.55,14.30,14.50,528965,7645343,0.2,,,146,,
2014-01-02_1710,2014-01-02,1710,東聯,twse,32.10,32.10,31.80,32.05,1886383,60264312,-0.2,,,658,,
2014-01-02_1711,2014-01-02,1711,永光,twse,24.50,24.50,24.30,24.40,1060964,25901363,0.0,,,525,,
2014-01-02_1712,2014-01-02,1712,興農,twse,16.75,16.75,16.55,16.65,1437834,23943638,-0.05,,,459,,
2014-01-02_1713,2014-01-02,1713,國化,twse,19.30,19.80,19.30,19.35,705362,13805217,0.2,,,215,,
2014-01-02_1714,2014-01-02,1714,和桐,twse,14.35,14.45,14.25,14.25,1596760,22869924,-0.15,,,430,,
2014-01-02_1715,2014-01-02,1715,萬洲,twse,16.75,17.00,16.70,16.90,1205725,20325569,0.15,,,387,,
2014-01-02_1717,2014-01-02,1717,長興,twse,29.00,29.00,28.60,28.70,1128244,32480468,-0.3,,,501,,
2014-01-02_1718,2014-01-02,1718,中纖,twse,12.60,12.65,12.40,12.40,10590198,132343574,-0.2,,,1817,,
2014-01-02_1720,2014-01-02,1720,生達,twse,45.00,45.40,44.60,44.85,945312,42502171,-0.05,,,545,,
2014-01-02_1721,2014-01-02,1721,國慶科技,twse,8.48,8.55,8.48,8.50,151180,1284050,0.02,,,46,,
2014-01-02_1722,2014-01-02,1722,台肥,twse,67.50,67.80,67.30,67.40,2644300,178450779,-0.1,,,1203,,
2014-01-02_1723,2014-01-02,1723,中碳,twse,166.00,168.00,165.50,167.50,674513,112407171,3.5,,,525,,
2014-01-02_1724,2014-01-02,1724,台硝,twse,15.05,15.25,14.90,15.10,178216,2683192,0.05,,,57,,
2014-01-02_1725,2014-01-02,1725,元禎,twse,15.10,15.10,14.95,15.00,28000,420050,-0.2,,,14,,
2014-01-02_1726,2014-01-02,1726,永記,twse,77.90,78.50,77.70,77.70,90340,7042315,-0.6,,,66,,
2014-01-02_1727,2014-01-02,1727,中華化,twse,17.05,17.40,17.05,17.40,331728,5694335,0.35,,,129,,
2014-01-02_1729,2014-01-02,1729,必翔,twse,29.40,29.80,29.30,29.65,141000,4159150,0.4,,,97,,
2014-01-02_1730,2014-01-02,1730,花仙子,twse,27.10,27.35,26.80,26.95,284205,7663205,0.15,,,138,,
2014-01-02_1731,2014-01-02,1731,美吾華,twse,15.10,15.10,14.90,15.05,197458,2961046,0.05,,,97,,
2014-01-02_1732,2014-01-02,1732,毛寶,twse,13.10,13.10,12.90,12.95,276137,3584137,0.2,,,118,,
2014-01-02_1733,2014-01-02,1733,五鼎,twse,68.00,68.40,68.00,68.20,136566,9303696,0.2,,,111,,
2014-01-02_1734,2014-01-02,1734,杏輝,twse,49.30,50.50,49.30,49.65,2508177,125403632,0.35,,,1344,,
2014-01-02_1735,2014-01-02,1735,日勝化,twse,12.55,12.65,12.55,12.60,25000,314750,0.05,,,15,,
2014-01-02_1736,2014-01-02,1736,喬山,twse,77.80,77.80,76.50,77.00,165330,12742310,-0.8,,,102,,
2014-01-02_1737,2014-01-02,1737,臺鹽,twse,30.90,30.95,30.25,30.40,1252778,38179237,-0.35,,,970,,
2014-01-02_1742,2014-01-02,1742,台蠟,tpex,21.25,21.50,20.85,21.10,597000,12636450,-0.15,,64690524,198,,
2014-01-02_1752,2014-01-02,1752,南光,tpex,34.50,35.40,34.50,35.00,381000,13323750,0.50,,83330913,254,,
2014-01-02_1762,2014-01-02,1762,中化生,twse,51.70,52.10,51.40,51.70,353010,18267447,0.4,,,251,,
2014-01-02_1773,2014-01-02,1773,勝一,twse,49.95,49.95,49.40,49.55,58000,2876900,0.0,,,47,,
2014-01-02_1777,2014-01-02,1777,生泰,tpex,56.00,56.20,54.90,56.10,143000,7889900,0.50,,24959550,88,,
2014-01-02_1781,2014-01-02,1781,合世,tpex,38.60,39.10,38.55,38.60,220000,8521250,-0.20,,47407605,140,,
2014-01-02_1783,2014-01-02,1783,和康生,twse,54.20,56.80,54.00,56.80,2051600,114664180,3.7,,,1053,,
2014-01-02_1784,2014-01-02,1784,訊聯,tpex,47.50,47.85,46.60,46.95,898000,42582700,0.05,,50211924,519,,
2014-01-02_1785,2014-01-02,1785,光洋科,tpex,25.50,26.25,25.25,25.95,2810000,72537100,0.45,,408564346,961,,
2014-01-02_1786,2014-01-02,1786,科妍,twse,81.00,82.20,81.00,81.50,81852,6678866,0.4,,,76,,
2014-01-02_1787,2014-01-02,1787,福盈科,tpex,18.95,19.00,18.45,18.45,1264000,23577800,-0.35,,70528582,477,,
2014-01-02_1788,2014-01-02,1788,杏昌,tpex,92.20,92.40,91.60,92.00,97000,8918800,-0.20,,35000000,79,,
2014-01-02_1789,2014-01-02,1789,神隆,twse,88.00,88.30,87.00,87.10,1456605,127244848,-0.5,,,1052,,
2014-01-02_1795,2014-01-02,1795,美時,tpex,91.00,96.60,91.00,96.60,6875000,645345500,6.30,,74392191,3950,,
2014-01-02_1799,2014-01-02,1799,紅電醫,tpex,25.00,25.20,24.00,24.15,1826000,45218350,-0.25,,48044000,884,,
2014-01-02_1802,2014-01-02,1802,台玻,twse,33.50,33.50,32.50,32.90,2098395,69100449,-0.25,,,974,,
2014-01-02_1805,2014-01-02,1805,寶徠,twse,15.80,16.00,15.50,15.55,202331,3182413,0.0,,,78,,
2014-01-02_1806,2014-01-02,1806,冠軍,twse,13.05,13.10,12.95,13.00,1036536,13495185,-0.1,,,352,,
2014-01-02_1808,2014-01-02,1808,潤隆,twse,32.40,32.40,31.75,31.95,331079,10587158,-0.45,,,148,,
2014-01-02_1809,2014-01-02,1809,中釉,twse,17.45,18.10,17.10,18.10,2923923,51397764,0.75,,,820,,
2014-01-02_1810,2014-01-02,1810,和成,twse,10.65,10.70,10.60,10.70,619816,6588848,0.05,,,189,,
2014-01-02_1813,2014-01-02,1813,寶利徠,tpex,36.45,36.45,35.30,36.30,189000,6756900,0.30,,46635510,124,,
2014-01-02_1815,2014-01-02,1815,富喬,tpex,11.55,12.10,11.55,11.90,5503000,65464050,0.30,,409138101,1419,,
2014-01-02_1817,2014-01-02,1817,凱撒衛,twse,41.80,42.10,40.10,40.50,1317600,53589360,-1.3,,,776,,
2014-01-02_1902,2014-01-02,1902,台紙,twse,13.00,13.15,13.00,13.05,448694,5862522,0.1,,,167,,
2014-01-02_1903,2014-01-02,1903,士紙,twse,46.50,47.75,46.50,47.30,358801,16888147,1.6,,,217,,
2014-01-02_1904,2014-01-02,1904,正隆,twse,14.45,14.50,14.35,14.50,690704,9971123,0.15,,,359,,
2014-01-02_1905,2014-01-02,1905,華紙,twse,9.40,9.43,9.38,9.39,892457,8385053,-0.01,,,212,,
2014-01-02_1906,2014-01-02,1906,寶隆,twse,9.82,9.87,9.78,9.78,270787,2663474,-0.03,,,56,,
2014-01-02_1907,2014-01-02,1907,永豐餘,twse,14.85,15.30,14.85,15.00,2897744,43877605,0.1,,,782,,
2014-01-02_1909,2014-01-02,1909,榮成,twse,14.95,15.00,14.80,14.80,2580981,38479958,-0.1,,,941,,
2014-01-02_2002,2014-01-02,2002,中鋼,twse,27.00,27.00,26.40,26.55,17729383,471594796,-0.45,,,6516,,
2014-01-02_2002A,2014-01-02,2002A,中鋼特,twse,41.00,41.00,41.00,41.00,4000,164000,0.0,flat,,3,,
2014-01-02_2006,2014-01-02,2006,東和鋼鐵,twse,26.35,26.75,26.35,26.70,1306107,34662188,0.5,,,689,,
2014-01-02_2007,2014-01-02,2007,燁興,twse,7.09,7.15,6.92,7.05,267021,1870099,-0.04,,,109,,
2014-01-02_2008,2014-01-02,2008,高興昌,twse,14.35,14.40,13.85,14.05,4121888,58124332,-0.3,,,1255,,
2014-01-02_2009,2014-01-02,2009,第一銅,twse,11.45,11.45,11.20,11.40,408982,4640942,0.0,,,134,,
2014-01-02_2010,2014-01-02,2010,春源,twse,11.45,11.50,11.35,11.40,645136,7365896,-0.05,,,125,,
2014-01-02_2012,2014-01-02,2012,春雨,twse,11.40,11.50,11.35,11.50,133440,1527114,0.1,,,57,,
2014-01-02_2013,2014-01-02,2013,中鋼構,twse,35.60,35.60,35.00,35.00,144600,5097138,-0.2,,,105,,
2014-01-02_2014,2014-01-02,2014,中鴻,twse,8.60,8.68,8.58,8.63,2967766,25597903,0.07,,,693,,
2014-01-02_2015,2014-01-02,2015,豐興,twse,54.50,54.60,53.70,54.20,243034,13175136,-0.5,,,200,,
2014-01-02_2017,2014-01-02,2017,官田鋼,twse,7.18,7.26,7.14,7.15,1146373,8226813,0.01,,,316,,
2014-01-02_2020,2014-01-02,2020,美亞,twse,13.90,14.10,13.90,14.05,34937,490268,-0.05,,,22,,
2014-01-02_2022,2014-01-02,2022,聚亨,twse,5.66,5.73,5.66,5.73,965029,5489906,0.08,,,240,,
2014-01-02_2023,2014-01-02,2023,燁輝,twse,9.70,9.75,9.58,9.60,3564187,34315950,-0.08,,,902,,
2014-01-02_2024,2014-01-02,2024,志聯,twse,7.45,7.47,7.35,7.37,548004,4038438,-0.09,,,66,,
2014-01-02_2025,2014-01-02,2025,千興,twse,4.15,4.17,4.11,4.14,838489,3469983,0.01,,,184,,
2014-01-02_2027,2014-01-02,2027,大成鋼,twse,14.10,14.20,14.00,14.10,804655,11339570,0.0,,,272,,
2014-01-02_2028,2014-01-02,2028,威致,twse,4.98,5.04,4.81,4.85,319344,1556587,0.0,,,77,,
2014-01-02_2029,2014-01-02,2029,盛餘,twse,22.55,22.60,22.35,22.35,141149,3166022,-0.1,,,63,,
2014-01-02_2030,2014-01-02,2030,彰源,twse,9.66,9.68,9.62,9.64,292650,2824474,-0.01,,,90,,
2014-01-02_2031,2014-01-02,2031,新光鋼,twse,19.60,19.70,19.30,19.70,898012,17488280,0.25,,,295,,
2014-01-02_2032,2014-01-02,2032,新鋼,twse,11.40,11.50,11.25,11.35,316334,3579407,-0.05,,,103,,
2014-01-02_2033,2014-01-02,2033,佳大,twse,10.60,10.65,10.45,10.55,56630,596115,-0.05,,,20,,
2014-01-02_2034,2014-01-02,2034,允強,twse,22.90,23.20,22.85,23.10,1725972,39688856,0.25,,,638,,
2014-01-02_2035,2014-01-02,2035,唐榮,tpex,27.90,27.90,27.70,27.70,6000,166400,-0.30,,350000000,3,,
2014-01-02_2038,2014-01-02,2038,海光,twse,9.50,9.55,9.45,9.55,48065,456513,0.11,,,23,,
2014-01-02_2049,2014-01-02,2049,上銀,twse,255.00,259.50,253.00,258.00,3252739,838498423,6.5,,,2415,,
2014-01-02_2059,2014-01-02,2059,川湖,twse,335.50,340.00,331.50,337.00,597819,199979184,1.0,,,472,,
2014-01-02_2061,2014-01-02,2061,風青,tpex,15.00,15.00,15.00,15.00,5000,75000,0.00,flat,41761980,4,,
2014-01-02_2062,2014-01-02,2062,橋椿,twse,81.00,84.00,81.00,83.00,1436505,119572613,2.0,,,870,,
2014-01-02_2063,2014-01-02,2063,世鎧,tpex,23.90,24.40,23.90,24.40,38000,915350,0.50,,41208540,23,,
2014-01-02_2066,2014-01-02,2066,世德,tpex,124.00,124.00,122.00,123.00,79000,9703000,1.00,,34017400,71,,
2014-01-02_2101,2014-01-02,2101,南港,twse,36.95,37.50,36.85,37.25,1272218,47274457,0.3,,,521,,
2014-01-02_2102,2014-01-02,2102,泰豐,twse,23.50,24.15,23.45,23.80,8502144,203310731,0.4,,,2407,,
2014-01-02_2103,2014-01-02,2103,台橡,twse,44.00,44.20,43.50,43.75,1194918,52337245,-0.25,,,582,,
2014-01-02_2104,2014-01-02,2104,國際中橡,twse,28.20,28.20,27.95,28.10,623883,17499958,0.0,,,284,,
2014-01-02_2105,2014-01-02,2105,正新,twse,78.00,78.70,77.60,78.00,4870472,380458316,0.0,,,2306,,
2014-01-02_2106,2014-01-02,2106,建大,twse,66.60,67.60,65.30,66.30,4531289,302023274,0.0,,,2278,,
2014-01-02_2107,2014-01-02,2107,厚生,twse,28.10,28.40,28.05,28.10,1153162,32508240,0.05,,,441,,
2014-01-02_2108,2014-01-02,2108,南帝,twse,19.30,19.60,19.30,19.50,373268,7272769,0.25,,,207,,
2014-01-02_2109,2014-01-02,2109,華豐,twse,20.20,20.35,19.90,19.90,1937043,38798445,-0.25,,,594,,
2014-01-02_2114,2014-01-02,2114,鑫永銓,twse,82.20,82.20,81.50,81.80,55392,4531844,-0.4,,,40,,
2014-01-02_2115,2014-01-02,2115,六暉-KY,twse,45.25,45.95,44.55,44.70,932110,42020443,-0.55,,,635,,
2014-01-02_2201,2014-01-02,2201,裕隆,twse,54.10,55.50,54.10,55.00,11746202,645707410,1.0,,,4582,,
2014-01-02_2204,2014-01-02,2204,中華,twse,29.00,29.50,28.80,29.35,1437331,42198625,0.5,,,584,,
2014-01-02_2206,2014-01-02,2206,三陽工業,twse,48.65,48.90,47.80,47.90,921402,44399649,-0.95,,,442,,
2014-01-02_2207,2014-01-02,2207,和泰車,twse,370.00,372.50,366.50,372.00,374400,138596000,4.0,,,381,,
2014-01-02_2208,2014-01-02,2208,台船,twse,19.20,19.50,19.20,19.40,1477210,28613092,0.2,,,592,,
2014-01-02_2221,2014-01-02,2221,大甲,tpex,14.25,14.25,14.10,14.20,46000,651100,-0.10,,42425000,30,,
2014-01-02_2227,2014-01-02,2227,裕日車,twse,428.00,440.00,423.00,432.50,294187,127178845,10.5,,,265,,
2014-01-02_2228,2014-01-02,2228,劍麟,twse,113.50,117.00,113.50,113.50,1453070,166458445,0.5,,,791,,
2014-01-02_2230,2014-01-02,2230,泰茂,tpex,20.40,20.40,20.00,20.05,69000,1389950,-0.45,,34617338,47,,
2014-01-02_2231,2014-01-02,2231,為升,twse,131.00,133.00,130.50,131.00,117104,15401676,0.0,,,109,,
2014-01-02_2233,2014-01-02,2233,宇隆,tpex,125.00,127.00,123.50,125.00,737000,92593000,0.50,,41214766,535,,
2014-01-02_2301,2014-01-02,2301,光寶科,twse,47.80,47.80,47.15,47.45,2477764,117461415,-0.35,,,808,,
2014-01-02_2302,2014-01-02,2302,麗正,twse,5.05,5.09,4.99,5.00,392942,1975901,0.0,,,107,,
2014-01-02_2303,2014-01-02,2303,聯電,twse,12.35,12.45,12.30,12.30,31331990,387120743,-0.05,,,5051,,
2014-01-02_2305,2014-01-02,2305,全友,twse,3.42,3.58,3.42,3.50,150711,528572,0.05,,,55,,
2014-01-02_2308,2014-01-02,2308,台達電,twse,170.00,170.00,167.00,168.00,2009005,338234827,-2.0,,,1233,,
2014-01-02_2311,2014-01-02,2311,日月光,twse,28.00,28.00,27.55,27.70,18046195,500276737,0.0,,,3915,,
2014-01-02_2312,2014-01-02,2312,金寶,twse,10.95,11.15,10.85,11.05,8259682,91042728,0.1,,,2065,,
2014-01-02_2313,2014-01-02,2313,華通,twse,17.55,18.20,17.40,18.00,38394258,684862426,0.55,,,7900,,
2014-01-02_2314,2014-01-02,2314,台揚,twse,18.70,20.00,18.50,19.70,13294892,257471766,1.0,,,4664,,
2014-01-02_2316,2014-01-02,2316,楠梓電,twse,12.95,13.15,12.85,13.05,2662557,34786941,0.2,,,748,,
2014-01-02_2317,2014-01-02,2317,鴻海,twse,80.30,80.50,79.80,80.40,23729745,1901260600,0.3,,,9016,,
2014-01-02_2321,2014-01-02,2321,東訊,twse,3.30,3.35,3.30,3.31,68518,226180,0.06,,,28,,
2014-01-02_2323,2014-01-02,2323,中環,twse,4.92,4.93,4.87,4.89,6242854,30556111,-0.01,,,935,,
2014-01-02_2324,2014-01-02,2324,仁寶,twse,22.85,22.90,22.65,22.85,6387870,145451726,0.0,,,1985,,
2014-01-02_2325,2014-01-02,2325,矽品,twse,35.65,35.85,35.45,35.65,3113813,110940209,0.05,,,1121,,
2014-01-02_2327,2014-01-02,2327,國巨*,twse,10.80,11.20,10.75,11.20,3913849,42929596,0.45,,,878,,
2014-01-02_2328,2014-01-02,2328,廣宇,twse,22.60,22.95,22.60,22.80,888822,20242198,0.1,,,494,,
2014-01-02_2329,2014-01-02,2329,華泰,twse,5.27,5.28,5.20,5.24,801329,4195742,0.0,,,218,,
2014-01-02_2330,2014-01-02,2330,台積電,twse,105.00,105.50,103.50,104.50,15133724,1578860796,-1.0,,,4136,,
2014-01-02_2331,2014-01-02,2331,精英,twse,17.10,17.10,16.90,16.90,3504884,59448721,-0.15,,,876,,
2014-01-02_2332,2014-01-02,2332,友訊,twse,18.10,18.20,18.00,18.05,2238722,40513646,0.0,,,881,,
2014-01-02_2337,2014-01-02,2337,旺宏,twse,6.73,6.79,6.73,6.74,6017194,40650823,0.03,,,1712,,
2014-01-02_2338,2014-01-02,2338,光罩,twse,10.00,10.40,10.00,10.05,1718670,17635100,-0.15,,,476,,
2014-01-02_2340,2014-01-02,2340,台亞,twse,12.75,13.50,12.75,13.30,18705051,246210763,0.6,,,4278,,
2014-01-02_2342,2014-01-02,2342,茂矽,twse,6.46,6.49,6.30,6.38,1792195,11415834,-0.06,,,624,,
2014-01-02_2344,2014-01-02,2344,華邦電,twse,8.10,8.15,8.02,8.14,31720753,256240255,0.14,,,5735,,
2014-01-02_2345,2014-01-02,2345,智邦,twse,15.80,16.15,15.80,16.05,2426223,38855268,0.3,,,815,,
2014-01-02_2347,2014-01-02,2347,聯強,twse,47.90,48.80,47.25,48.15,20652787,992917520,0.85,,,8215,,
2014-01-02_2348,2014-01-02,2348,海悅,twse,,,,,0,0,0.0,,,0,無成交,
2014-01-02_2349,2014-01-02,2349,錸德,twse,5.10,5.10,4.99,5.01,8034376,40299620,-0.04,,,1393,,
2014-01-02_2351,2014-01-02,2351,順德,twse,41.65,43.00,40.85,42.95,5710733,239422722,2.1,,,2296,,
2014-01-02_2352,2014-01-02,2352,佳世達,twse,7.28,7.49,7.28,7.45,12856677,94955134,0.12,,,2046,,
2014-01-02_2353,2014-01-02,2353,宏碁,twse,18.50,18.50,18.00,18.05,12276457,222283449,-0.25,,,3889,,
2014-01-02_2354,2014-01-02,2354,鴻準,twse,69.70,70.30,69.70,70.20,2190414,153366980,0.6,,,1507,,
2014-01-02_2355,2014-01-02,2355,敬鵬,twse,50.00,50.70,49.30,50.10,3056581,152987400,0.3,,,1564,,
2014-01-02_2356,2014-01-02,2356,英業達,twse,26.65,26.70,26.10,26.65,8931210,235626956,0.3,,,3539,,
2014-01-02_2357,2014-01-02,2357,華碩,twse,270.50,272.50,268.50,270.00,2099820,566860400,2.0,,,1322,,
2014-01-02_2358,2014-01-02,2358,廷鑫,twse,10.95,11.30,10.95,11.15,81231,909601,-0.15,,,48,,
2014-01-02_2359,2014-01-02,2359,所羅門,twse,13.40,13.55,13.35,13.45,221103,2969169,-0.05,,,79,,
2014-01-02_2360,2014-01-02,2360,致茂,twse,62.80,63.50,61.90,61.90,988669,62039207,-0.6,,,566,,
2014-01-02_2361,2014-01-02,2361,鴻友,twse,1.82,1.82,1.71,1.71,42451,76644,-0.11,,,13,,
2014-01-02_2362,2014-01-02,2362,藍天,twse,68.90,68.90,66.50,66.80,10039389,682307194,2.4,,,4298,,
2014-01-02_2363,2014-01-02,2363,矽統,twse,8.88,8.97,8.87,8.97,787812,7031921,0.07,,,296,,
2014-01-02_2364,2014-01-02,2364,倫飛,twse,3.25,3.35,3.25,3.28,734938,2423134,0.05,,,177,,
2014-01-02_2365,2014-01-02,2365,昆盈,twse,12.25,12.30,12.10,12.25,733819,8951340,0.05,,,262,,
2014-01-02_2367,2014-01-02,2367,燿華,twse,11.95,12.20,11.95,12.00,3615017,43526904,0.05,,,1020,,
2014-01-02_2368,2014-01-02,2368,金像電,twse,7.19,7.43,7.10,7.35,7101276,51818942,0.15,,,1665,,
2014-01-02_2369,2014-01-02,2369,菱生,twse,16.30,16.30,16.05,16.10,1845816,29780742,-0.05,,,588,,
2014-01-02_2371,2014-01-02,2371,大同,twse,8.33,8.34,8.24,8.24,9067997,75092219,-0.03,,,1247,,
2014-01-02_2373,2014-01-02,2373,震旦行,twse,63.80,64.00,62.40,64.00,473651,29910965,0.0,,,260,,
2014-01-02_2374,2014-01-02,2374,佳能,twse,18.75,18.85,18.60,18.60,741774,13892176,-0.2,,,409,,
2014-01-02_2375,2014-01-02,2375,凱美,twse,13.20,13.35,12.85,13.05,1544729,20065696,-0.1,,,440,,
2014-01-02_2376,2014-01-02,2376,技嘉,twse,35.95,36.50,35.95,36.40,1379986,50128635,0.4,,,689,,
2014-01-02_2377,2014-01-02,2377,微星,twse,24.20,24.85,24.20,24.50,3947986,97115689,0.3,,,1401,,
2014-01-02_2379,2014-01-02,2379,瑞昱,twse,80.60,83.40,80.20,83.20,11981052,985556616,3.2,,,6152,,
2014-01-02_2380,2014-01-02,2380,虹光,twse,10.00,10.25,10.00,10.20,1224429,12399032,0.21,,,367,,
2014-01-02_2382,2014-01-02,2382,廣達,twse,69.50,69.70,68.40,68.70,2196820,150807277,-0.8,,,1212,,
2014-01-02_2383,2014-01-02,2383,台光電,twse,25.05,25.30,25.00,25.25,1306785,32895930,0.25,,,589,,
2014-01-02_2384,2014-01-02,2384,勝華,twse,10.50,10.85,10.45,10.60,43111681,458684083,0.2,,,6690,,
2014-01-02_2385,2014-01-02,2385,群光,twse,75.00,80.00,75.00,79.40,4147744,322341126,4.5,,,2459,,
2014-01-02_2387,2014-01-02,2387,精元,twse,11.55,12.00,11.55,11.80,3817891,42992618,0.25,,,367,,
2014-01-02_2388,2014-01-02,2388,威盛,twse,28.20,28.20,27.50,27.65,2897097,80723718,-0.35,,,849,,
2014-01-02_2390,2014-01-02,2390,云辰,twse,17.10,17.35,17.05,17.30,494872,8505297,0.25,,,253,,
2014-01-02_2392,2014-01-02,2392,正崴,twse,59.80,60.30,59.70,60.30,1513657,90886683,0.5,,,999,,
2014-01-02_2393,2014-01-02,2393,億光,twse,68.80,73.10,68.20,73.10,12095165,866476138,4.6,,,6068,,
2014-01-02_2395,2014-01-02,2395,研華,twse,204.00,205.00,200.00,203.00,513148,103709115,-3.5,,,449,,
2014-01-02_2397,2014-01-02,2397,友通,twse,37.60,38.00,37.00,37.85,1740434,65466887,0.25,,,830,,
2014-01-02_2399,2014-01-02,2399,映泰,twse,12.80,12.90,12.40,12.60,1627270,20442474,-0.15,,,445,,
2014-01-02_2401,2014-01-02,2401,凌陽,twse,11.45,11.75,11.45,11.65,5676432,66168775,0.2,,,1556,,
2014-01-02_2402,2014-01-02,2402,毅嘉,twse,16.15,16.20,16.05,16.20,4430671,71403951,-0.05,,,1193,,
2014-01-02_2404,2014-01-02,2404,漢唐,twse,37.00,37.30,36.90,36.95,731109,27091420,0.05,,,325,,
2014-01-02_2405,2014-01-02,2405,輔信,twse,12.90,13.00,12.60,12.60,10245632,130363559,-0.25,,,2440,,
2014-01-02_2406,2014-01-02,2406,國碩,twse,34.30,36.40,33.55,35.45,39893223,1390608346,1.15,,,12120,,
2014-01-02_2408,2014-01-02,2408,南亞科,twse,4.08,4.24,4.08,4.24,8098748,34128868,0.23,,,537,,
2014-01-02_2409,2014-01-02,2409,友達,twse,9.58,9.69,9.45,9.47,62925879,601560963,-0.05,,,11633,,
2014-01-02_2412,2014-01-02,2412,中華電,twse,93.10,93.20,92.60,92.80,3994894,370729242,-0.3,,,1856,,
2014-01-02_2413,2014-01-02,2413,環科,twse,9.38,9.69,9.37,9.68,905990,8646449,0.32,,,321,,
2014-01-02_2414,2014-01-02,2414,精技,twse,14.80,14.90,14.55,14.60,624749,9168394,-0.1,,,235,,
2014-01-02_2415,2014-01-02,2415,錩新,twse,13.65,13.85,13.65,13.65,158677,2178803,-0.05,,,84,,
2014-01-02_2417,2014-01-02,2417,圓剛,twse,13.05,13.20,13.05,13.15,602640,7916098,0.1,,,191,,
2014-01-02_2419,2014-01-02,2419,仲琦,twse,15.50,16.00,15.50,15.90,2612328,41222279,0.4,,,907,,
2014-01-02_2420,2014-01-02,2420,新巨,twse,37.30,39.25,37.00,38.50,3081283,117822842,1.4,,,1372,,
2014-01-02_2421,2014-01-02,2421,建準,twse,19.30,19.35,19.00,19.10,1012690,19430960,-0.3,,,367,,
2014-01-02_2423,2014-01-02,2423,固緯,twse,17.90,18.25,17.90,18.10,131636,2379498,0.2,,,36,,
2014-01-02_2424,2014-01-02,2424,隴華,twse,40.30,43.10,40.20,41.25,78957,3327569,0.95,,,59,,
2014-01-02_2425,2014-01-02,2425,承啟,twse,45.00,45.80,44.20,44.40,326254,14541647,-0.6,,,140,,
2014-01-02_2426,2014-01-02,2426,鼎元,twse,7.95,8.30,7.88,8.29,3810056,31173431,0.43,,,1197,,
2014-01-02_2427,2014-01-02,2427,三商電,twse,8.70,8.80,8.69,8.79,593638,5191609,0.11,,,191,,
2014-01-02_2428,2014-01-02,2428,興勤,twse,40.00,40.00,39.25,39.40,455239,17929390,-0.3,,,249,,
2014-01-02_2429,2014-01-02,2429,銘旺科,twse,16.15,16.15,16.15,16.15,1000,16150,-0.2,down,,1,,
2014-01-02_2430,2014-01-02,2430,燦坤,twse,41.45,41.45,41.20,41.35,205409,8483089,0.2,,,161,,
2014-01-02_2431,2014-01-02,2431,聯昌,twse,17.80,18.90,17.55,18.90,8512415,157066770,1.2,,,2989,,
2014-01-02_2433,2014-01-02,2433,互盛電,twse,51.70,51.90,51.30,51.40,227151,11717490,-0.1,,,151,,
2014-01-02_2434,2014-01-02,2434,統懋,twse,7.15,7.23,6.90,7.13,442000,3147470,0.17,,,155,,
2014-01-02_2436,2014-01-02,2436,偉詮電,twse,26.20,26.50,25.85,25.85,4294354,112245807,0.0,,,1656,,
2014-01-02_2437,2014-01-02,2437,旺詮,twse,54.10,54.70,53.50,54.20,502237,27170943,0.1,,,330,,
2014-01-02_2438,2014-01-02,2438,翔耀,twse,,,,,964,2360,0.0,,,3,無成交,
2014-01-02_2439,2014-01-02,2439,美律,twse,171.50,176.00,168.00,172.00,4566431,786548492,-2.0,,,2729,,
2014-01-02_2440,2014-01-02,2440,太空梭,twse,10.95,11.50,10.95,11.50,2072561,23799368,0.75,,,484,,
2014-01-02_2441,2014-01-02,2441,超豐,twse,27.60,27.70,27.45,27.60,946502,26105350,0.1,,,554,,
2014-01-02_2442,2014-01-02,2442,新美齊,twse,9.14,9.17,9.13,9.13,279231,2553653,-0.01,,,84,,
2014-01-02_2443,2014-01-02,2443,昶虹,twse,7.48,7.48,7.30,7.40,101517,747886,-0.09,,,46,,
2014-01-02_2444,2014-01-02,2444,兆勁,twse,7.40,7.66,7.28,7.63,1175915,8746169,0.23,,,342,,
2014-01-02_2448,2014-01-02,2448,晶電,twse,58.00,61.20,57.90,60.70,19229348,1146600293,3.3,,,8528,,
2014-01-02_2449,2014-01-02,2449,京元電子,twse,20.70,21.60,20.70,21.35,15157569,321068875,0.9,,,4049,,
2014-01-02_2450,2014-01-02,2450,神腦,twse,93.10,94.10,93.10,93.60,316515,29604443,0.6,,,225,,
2014-01-02_2451,2014-01-02,2451,創見,twse,87.00,87.00,85.70,86.80,703509,61035383,1.1,,,588,,
2014-01-02_2453,2014-01-02,2453,凌群,twse,16.90,17.05,16.90,16.90,678084,11495361,-0.05,,,232,,
2014-01-02_2454,2014-01-02,2454,聯發科,twse,445.00,447.50,441.00,441.00,4014071,1783155811,-2.5,,,2040,,
2014-01-02_2455,2014-01-02,2455,全新,twse,30.50,30.90,30.15,30.60,1964103,59927579,0.2,,,908,,
2014-01-02_2456,2014-01-02,2456,奇力新,twse,29.70,30.70,29.40,30.45,5077131,152832742,1.1,,,2134,,
2014-01-02_2457,2014-01-02,2457,飛宏,twse,18.90,20.00,18.75,19.45,6782542,133027517,0.55,,,2355,,
2014-01-02_2458,2014-01-02,2458,義隆,twse,47.10,47.80,47.00,47.10,9376911,444098958,0.25,,,4511,,
2014-01-02_2459,2014-01-02,2459,敦吉,twse,31.35,31.80,31.10,31.80,797998,25102184,0.6,,,477,,
2014-01-02_2460,2014-01-02,2460,建通,twse,12.80,13.10,12.70,12.85,334351,4306039,0.2,,,146,,
2014-01-02_2461,2014-01-02,2461,光群雷,twse,17.65,17.85,17.60,17.80,1927687,34146862,0.15,,,531,,
2014-01-02_2462,2014-01-02,2462,良得電,twse,27.80,27.80,27.50,27.65,213513,5895057,0.3,,,112,,
2014-01-02_2464,2014-01-02,2464,盟立,twse,25.40,25.60,25.40,25.60,584926,14915209,0.2,,,263,,
2014-01-02_2465,2014-01-02,2465,麗臺,twse,10.10,10.80,9.44,10.80,4589706,46775326,0.7,,,1437,,
2014-01-02_2466,2014-01-02,2466,冠西電,twse,38.30,38.50,37.70,37.70,195018,7435378,-0.4,,,128,,
2014-01-02_2467,2014-01-02,2467,志聖,twse,20.55,20.70,20.55,20.55,244207,5039053,0.0,,,126,,
2014-01-02_2468,2014-01-02,2468,華經,twse,11.10,11.10,10.90,10.90,33000,362000,-0.1,,,15,,
2014-01-02_2471,2014-01-02,2471,資通,twse,18.30,18.65,18.30,18.55,366000,6757250,0.3,,,189,,
2014-01-02_2472,2014-01-02,2472,立隆電,twse,25.00,26.10,24.90,26.05,3624810,93153459,1.25,,,1647,,
2014-01-02_2474,2014-01-02,2474,可成,twse,194.50,197.50,194.00,197.00,5780252,1132135644,3.5,,,2927,,
2014-01-02_2475,2014-01-02,2475,華映,twse,2.00,2.00,1.92,1.96,5213977,10232865,-0.04,,,336,,
2014-01-02_2476,2014-01-02,2476,鉅祥,twse,20.40,20.55,20.35,20.45,1055800,21598925,0.05,,,373,,
2014-01-02_2477,2014-01-02,2477,美隆電,twse,18.85,19.15,18.75,19.05,508324,9639722,0.3,,,246,,
2014-01-02_2478,2014-01-02,2478,大毅,twse,15.15,15.40,15.15,15.25,293706,4492329,0.0,,,120,,
2014-01-02_2480,2014-01-02,2480,敦陽科,twse,30.70,32.25,30.65,32.20,3669804,115872141,1.6,,,1531,,
2014-01-02_2481,2014-01-02,2481,強茂,twse,14.10,14.25,13.90,13.95,3345509,47028896,0.0,,,1130,,
2014-01-02_2482,2014-01-02,2482,連宇,twse,16.15,16.20,15.95,16.05,101200,1625150,-0.1,,,57,,
2014-01-02_2483,2014-01-02,2483,百容,twse,20.90,21.45,20.80,21.00,1671648,35295293,0.2,,,649,,
2014-01-02_2484,2014-01-02,2484,希華,twse,15.40,15.55,15.20,15.20,2029258,31055580,-0.3,,,738,,
2014-01-02_2485,2014-01-02,2485,兆赫,twse,34.75,36.85,34.75,36.65,12349194,443598439,2.05,,,4985,,
2014-01-02_2486,2014-01-02,2486,一詮,twse,19.45,20.30,19.45,20.00,5757500,115110050,0.6,,,1963,,
2014-01-02_2488,2014-01-02,2488,漢平,twse,30.80,31.40,30.40,30.85,1227876,37802398,0.25,,,549,,
2014-01-02_2489,2014-01-02,2489,瑞軒,twse,20.30,20.35,20.10,20.15,1531878,30922083,-0.05,,,699,,
2014-01-02_2491,2014-01-02,2491,吉祥全,twse,2.22,2.34,2.22,2.34,19996,45107,0.13,,,17,,
2014-01-02_2492,2014-01-02,2492,華新科,twse,8.01,8.15,8.01,8.05,2221355,17914724,0.05,,,432,,
2014-01-02_2493,2014-01-02,2493,揚博,twse,23.60,23.75,23.60,23.65,328201,7765292,0.05,,,153,,
2014-01-02_2495,2014-01-02,2495,普安,twse,22.00,22.00,21.20,21.50,2721322,58490003,-0.4,,,1243,,
2014-01-02_2496,2014-01-02,2496,卓越,twse,,,,,0,0,0.0,,,0,無成交,
2014-01-02_2497,2014-01-02,2497,怡利電,twse,62.90,63.10,61.70,61.80,1737296,108072090,-0.8,,,1047,,
2014-01-02_2498,2014-01-02,2498,宏達電,twse,141.50,142.00,138.00,138.50,7964889,1109435571,-2.5,,,5530,,
2014-01-02_2499,2014-01-02,2499,東貝,twse,30.75,31.95,30.75,31.95,8226571,260427554,2.05,,,2654,,
2014-01-02_2501,2014-01-02,2501,國建,twse,18.80,18.80,18.65,18.80,1510126,28298200,0.0,,,428,,
2014-01-02_2504,2014-01-02,2504,國產,twse,12.45,12.45,12.30,12.40,1712690,21203326,0.0,,,499,,
2014-01-02_2505,2014-01-02,2505,國揚,twse,19.55,19.70,19.50,19.60,1867618,36662037,0.1,,,613,,
2014-01-02_2506,2014-01-02,2506,太設,twse,10.35,10.35,10.20,10.25,1196908,12293899,-0.05,,,171,,
2014-01-02_2509,2014-01-02,2509,全坤建,twse,25.00,25.00,24.50,24.85,295451,7276989,0.2,,,97,,
2014-01-02_2511,2014-01-02,2511,太子,twse,17.60,17.65,17.50,17.50,966425,16981097,-0.05,,,354,,
2014-01-02_2514,2014-01-02,2514,龍邦,twse,19.10,19.15,18.90,18.95,403010,7665039,-0.05,,,146,,
2014-01-02_2515,2014-01-02,2515,中工,twse,8.99,8.99,8.92,8.95,3178670,28443375,-0.04,,,639,,
2014-01-02_2516,2014-01-02,2516,新建,twse,7.50,7.54,7.50,7.50,331424,2489320,-0.01,,,102,,
2014-01-02_2520,2014-01-02,2520,冠德,twse,34.10,34.45,33.80,33.80,1201986,40816174,-0.3,,,615,,
2014-01-02_2524,2014-01-02,2524,京城,twse,29.05,29.10,28.90,29.00,204817,5946100,-0.05,,,86,,
2014-01-02_2527,2014-01-02,2527,宏璟,twse,18.00,18.25,17.95,18.15,1186252,21427673,0.05,,,122,,
2014-01-02_2528,2014-01-02,2528,皇普,twse,14.40,14.50,14.20,14.30,188011,2699855,-0.15,,,58,,
2014-01-02_2530,2014-01-02,2530,華建,twse,12.10,12.20,12.00,12.00,211809,2557108,-0.1,,,82,,
2014-01-02_2534,2014-01-02,2534,宏盛,twse,24.20,25.05,24.15,25.00,2407113,59628507,0.75,,,963,,
2014-01-02_2535,2014-01-02,2535,達欣工,twse,28.20,28.30,28.20,28.25,313751,8863062,0.15,,,150,,
2014-01-02_2536,2014-01-02,2536,宏普,twse,30.05,30.45,30.00,30.25,98500,2973699,0.15,,,69,,
2014-01-02_2537,2014-01-02,2537,聯上發,twse,15.60,15.65,15.50,15.55,444500,6921274,-0.05,,,145,,
2014-01-02_2538,2014-01-02,2538,基泰,twse,19.95,19.95,19.75,19.80,1170707,23225891,-0.15,,,344,,
2014-01-02_2539,2014-01-02,2539,櫻花建,twse,34.00,34.00,33.25,33.30,25000,836747,0.3,,,28,,
2014-01-02_2540,2014-01-02,2540,愛山林,twse,54.60,58.50,54.60,58.50,5012,277555,-0.2,,,5,,
2014-01-02_2542,2014-01-02,2542,興富發,twse,63.00,63.00,62.50,62.60,678687,42517920,-0.4,,,469,,
2014-01-02_2543,2014-01-02,2543,皇昌,twse,7.89,7.99,7.81,7.90,72102,570981,0.1,,,23,,
2014-01-02_2545,2014-01-02,2545,皇翔,twse,53.50,53.70,53.20,53.30,260329,13888867,-0.1,,,161,,
2014-01-02_2546,2014-01-02,2546,根基,twse,16.25,16.30,16.15,16.20,153000,2483800,0.05,,,68,,
2014-01-02_2547,2014-01-02,2547,日勝生,twse,23.95,24.20,23.95,24.10,4699339,113150512,0.15,,,1686,,
2014-01-02_2548,2014-01-02,2548,華固,twse,84.00,84.20,82.90,82.90,1075791,89575053,-1.3,,,656,,
2014-01-02_2596,2014-01-02,2596,綠意,tpex,18.25,18.30,18.10,18.10,155000,2817700,-0.05,,77370332,40,,
2014-01-02_2597,2014-01-02,2597,潤弘,twse,60.60,61.50,60.60,61.30,145074,8846289,-0.1,,,82,,
2014-01-02_2601,2014-01-02,2601,益航,twse,20.10,20.20,20.00,20.20,960974,19284125,0.25,,,411,,
2014-01-02_2603,2014-01-02,2603,長榮,twse,18.10,18.45,18.10,18.45,5469341,100323830,0.25,,,1760,,
2014-01-02_2605,2014-01-02,2605,新興,twse,28.40,28.70,28.35,28.60,685742,19605602,0.2,,,382,,
2014-01-02_2606,2014-01-02,2606,裕民,twse,53.50,53.80,53.00,53.00,1182447,62967191,-0.5,,,599,,
2014-01-02_2607,2014-01-02,2607,榮運,twse,21.00,22.20,21.00,22.00,19023612,414775239,1.2,,,5387,,
2014-01-02_2608,2014-01-02,2608,嘉里大榮,twse,46.50,46.50,45.60,45.65,4005577,191474041,-0.75,,,558,,
2014-01-02_2609,2014-01-02,2609,陽明,twse,14.00,14.00,13.80,13.85,4050110,56174656,-0.1,,,1137,,
2014-01-02_2610,2014-01-02,2610,華航,twse,10.95,10.95,10.80,10.90,4718551,51343679,-0.05,,,1108,,
2014-01-02_2611,2014-01-02,2611,志信,twse,11.55,11.55,11.20,11.20,491681,5552207,-0.4,,,168,,
2014-01-02_2612,2014-01-02,2612,中航,twse,40.60,40.85,40.50,40.60,194513,7912527,0.1,,,159,,
2014-01-02_2613,2014-01-02,2613,中櫃,twse,21.40,22.75,21.40,22.75,6455400,145335949,1.45,,,2192,,
2014-01-02_2614,2014-01-02,2614,東森,twse,15.30,15.45,15.20,15.35,8512533,130317475,0.2,,,2368,,
2014-01-02_2615,2014-01-02,2615,萬海,twse,15.50,15.50,15.25,15.35,1191619,18249596,-0.15,,,435,,
2014-01-02_2616,2014-01-02,2616,山隆,twse,25.30,25.50,25.25,25.30,106100,2693727,0.1,,,57,,
2014-01-02_2617,2014-01-02,2617,台航,twse,28.30,28.30,27.90,28.15,362044,10154932,-0.15,,,188,,
2014-01-02_2618,2014-01-02,2618,長榮航,twse,16.65,16.70,16.55,16.60,4029125,66930955,0.0,,,1249,,
2014-01-02_2636,2014-01-02,2636,台驊,tpex,29.90,29.90,29.30,29.30,1036000,30608600,-0.35,,78480200,516,,
2014-01-02_2637,2014-01-02,2637,慧洋-KY,twse,35.00,35.00,34.60,34.75,951279,33089592,-0.2,,,411,,
2014-01-02_2640,2014-01-02,2640,大車隊,tpex,159.00,164.50,156.00,161.50,566000,90312000,7.00,,40110000,406,,
2014-01-02_2642,2014-01-02,2642,宅配通,twse,67.50,71.20,67.40,71.00,2379282,167070947,3.5,,,1887,,
2014-01-02_2701,2014-01-02,2701,萬企,twse,14.95,15.05,14.90,15.00,135627,2032989,0.0,,,70,,
2014-01-02_2702,2014-01-02,2702,華園,twse,18.60,18.70,18.60,18.60,135977,2530367,0.0,,,59,,
2014-01-02_2704,2014-01-02,2704,國賓,twse,30.00,30.00,29.50,29.60,520369,15497999,-0.15,,,232,,
2014-01-02_2705,2014-01-02,2705,六福,twse,12.50,12.55,12.45,12.50,539758,6736781,0.05,,,181,,
2014-01-02_2706,2014-01-02,2706,第一店,twse,19.15,19.30,19.00,19.00,125881,2412389,-0.2,,,95,,
2014-01-02_2707,2014-01-02,2707,晶華,twse,338.50,340.00,336.50,337.50,122150,41216200,-2.5,,,132,,
2014-01-02_2712,2014-01-02,2712,遠雄來,twse,24.25,24.30,23.80,24.00,394045,9475465,-0.25,,,219,,
2014-01-02_2718,2014-01-02,2718,桃園店,tpex,47.40,47.40,47.40,47.40,2000,94800,0.40,up,22576000,1,,
2014-01-02_2719,2014-01-02,2719,燦星旅,tpex,38.30,38.40,37.40,37.60,356000,13499750,-0.40,,36292000,222,,
2014-01-02_2722,2014-01-02,2722,夏都,twse,42.30,42.30,41.60,41.95,10117,423554,0.15,,,14,,
2014-01-02_2723,2014-01-02,2723,美食-KY,twse,201.50,202.00,199.50,200.00,123000,24676500,-1.5,,,105,,
2014-01-02_2724,2014-01-02,2724,F-富驛,tpex,38.50,39.80,38.00,39.80,138000,5441900,2.60,,33224562,94,,
2014-01-02_2727,2014-01-02,2727,王品,twse,493.00,495.00,493.00,494.00,68029,33607210,-1.0,,,91,,
2014-01-02_2729,2014-01-02,2729,瓦城,tpex,291.00,291.00,285.00,285.00,65000,18763000,-4.00,,23266000,58,,
2014-01-02_2731,2014-01-02,2731,雄獅,twse,126.50,128.00,126.00,127.00,137245,17450860,1.0,,,131,,
2014-01-02_2734,2014-01-02,2734,易飛網,tpex,78.70,80.80,78.60,79.50,505000,40200700,0.80,,20450000,421,,
2014-01-02_2801,2014-01-02,2801,彰銀,twse,18.40,18.65,18.35,18.60,14519009,269095594,0.25,,,2863,,
2014-01-02_2809,2014-01-02,2809,京城銀,twse,28.60,28.95,28.35,28.40,8764763,250199712,0.0,,,2043,,
2014-01-02_2812,2014-01-02,2812,台中銀,twse,10.95,11.00,10.90,10.95,4372218,47874204,0.0,,,735,,
2014-01-02_2816,2014-01-02,2816,旺旺保,twse,24.00,24.00,23.40,23.70,1136096,26887917,0.0,,,379,,
2014-01-02_2820,2014-01-02,2820,華票,twse,11.75,11.75,11.70,11.75,1459386,17093550,0.05,,,492,,
2014-01-02_2823,2014-01-02,2823,中壽,twse,30.10,30.75,30.05,30.45,11654170,355481816,0.25,,,3954,,
2014-01-02_2832,2014-01-02,2832,台產,twse,24.70,24.85,24.70,24.70,122723,3037362,0.0,,,82,,
2014-01-02_2833,2014-01-02,2833,台壽保,twse,28.25,28.50,28.25,28.40,1897428,53850053,0.2,,,555,,
2014-01-02_2833A,2014-01-02,2833A,台壽甲,twse,36.60,36.60,36.60,36.60,2200,80500,0.05,up,,2,,
2014-01-02_2834,2014-01-02,2834,臺企銀,twse,9.07,9.16,9.07,9.12,11634825,106157108,0.05,,,1734,,
2014-01-02_2836,2014-01-02,2836,高雄銀,twse,9.54,9.59,9.50,9.54,929875,8871560,0.0,,,195,,
2014-01-02_2837,2014-01-02,2837,萬泰銀,twse,15.05,15.15,15.00,15.00,398731,6014165,-0.05,,,109,,
2014-01-02_2838,2014-01-02,2838,聯邦銀,twse,11.00,11.00,10.90,11.00,632084,6933558,0.05,,,164,,
2014-01-02_2841,2014-01-02,2841,台開,twse,11.00,11.05,10.90,11.00,912156,10026497,0.05,,,213,,
2014-01-02_2845,2014-01-02,2845,遠東銀,twse,12.45,12.50,12.40,12.45,1459735,18185494,0.0,,,525,,
2014-01-02_2847,2014-01-02,2847,大眾銀,twse,10.90,11.00,10.90,10.90,1950731,21305109,0.05,,,835,,
2014-01-02_2849,2014-01-02,2849,安泰銀,twse,14.70,15.05,14.70,15.00,115538,1721788,0.1,,,68,,
2014-01-02_2850,2014-01-02,2850,新產,twse,24.05,24.10,24.05,24.10,209496,5043228,0.05,,,102,,
2014-01-02_2851,2014-01-02,2851,中再保,twse,14.40,14.45,14.30,14.35,224501,3226862,-0.05,,,80,,
2014-01-02_2852,2014-01-02,2852,第一保,twse,19.50,19.65,19.50,19.65,234163,4584199,0.0,,,81,,
2014-01-02_2855,2014-01-02,2855,統一證,twse,17.80,18.00,17.70,18.00,2002752,35910299,0.3,,,592,,
2014-01-02_2856,2014-01-02,2856,元富證,twse,10.35,10.50,10.35,10.40,4573311,47552246,0.05,,,697,,
2014-01-02_2867,2014-01-02,2867,三商壽,twse,21.25,21.40,21.15,21.20,1477782,31438093,-0.1,,,574,,
2014-01-02_2880,2014-01-02,2880,華南金,twse,17.45,17.45,17.35,17.40,3589335,62454622,0.0,,,973,,
2014-01-02_2881,2014-01-02,2881,富邦金,twse,43.65,44.15,43.45,43.55,15773868,690693149,-0.05,,,5104,,
2014-01-02_2882,2014-01-02,2882,國泰金,twse,48.10,49.30,48.10,49.10,24051393,1179069298,0.85,,,7407,,
2014-01-02_2883,2014-01-02,2883,凱基金,twse,9.02,9.25,9.01,9.18,89495022,820795499,0.18,,,12080,,
2014-01-02_2884,2014-01-02,2884,玉山金,twse,19.80,19.90,19.75,19.90,8340462,165446002,0.1,,,1526,,
2014-01-02_2885,2014-01-02,2885,元大金,twse,17.85,17.90,17.65,17.70,19875116,352590681,-0.1,,,3518,,
2014-01-02_2886,2014-01-02,2886,兆豐金,twse,25.00,25.45,25.00,25.25,22841045,578672414,0.15,,,4900,,
2014-01-02_2887,2014-01-02,2887,台新新光金,twse,14.65,14.70,14.60,14.70,16217580,237737870,0.05,,,2721,,
2014-01-02_2888,2014-01-02,2888,新光金,twse,10.30,10.45,10.25,10.40,44245189,459780755,0.1,,,6176,,
2014-01-02_2889,2014-01-02,2889,國票金,twse,10.00,10.05,9.97,9.99,1371060,13719341,0.0,,,363,,
2014-01-02_2890,2014-01-02,2890,永豐金,twse,14.85,14.85,14.70,14.80,5743463,84965171,-0.05,,,1149,,
2014-01-02_2891,2014-01-02,2891,中信金,twse,20.35,20.55,20.30,20.50,29538622,604267741,0.15,,,5875,,
2014-01-02_2892,2014-01-02,2892,第一金,twse,18.55,18.60,18.40,18.50,7613789,140763046,-0.05,,,2121,,
2014-01-02_2901,2014-01-02,2901,欣欣,twse,38.80,38.90,37.90,38.60,34103,1309164,0.3,,,29,,
2014-01-02_2903,2014-01-02,2903,遠百,twse,29.50,29.50,28.85,28.95,5667509,164485342,-0.55,,,2310,,
2014-01-02_2904,2014-01-02,2904,匯僑,twse,26.20,26.30,26.20,26.20,63756,1672955,0.0,,,55,,
2014-01-02_2905,2014-01-02,2905,三商,twse,21.10,21.50,21.10,21.35,608129,12992578,0.25,,,343,,
2014-01-02_2906,2014-01-02,2906,高林,twse,11.45,11.50,11.35,11.45,505026,5779344,-0.05,,,53,,
2014-01-02_2908,2014-01-02,2908,特力,twse,22.20,22.40,22.00,22.20,735748,16348476,0.0,,,175,,
2014-01-02_2910,2014-01-02,2910,統領,twse,36.95,38.35,36.95,37.90,22000,826250,-0.6,,,17,,
2014-01-02_2911,2014-01-02,2911,麗嬰房,twse,23.80,23.85,23.30,23.35,1070409,25101142,-0.25,,,516,,
2014-01-02_2912,2014-01-02,2912,統一超,twse,206.50,206.50,205.50,206.50,618727,127472262,0.0,,,445,,
2014-01-02_2913,2014-01-02,2913,農林,twse,25.20,25.60,25.00,25.30,5730201,145655258,0.3,,,2022,,
2014-01-02_2915,2014-01-02,2915,潤泰全,twse,76.00,77.00,75.80,76.50,5922126,451977201,0.0,,,5034,,
2014-01-02_2916,2014-01-02,2916,滿心,tpex,17.25,17.30,17.20,17.20,34000,586850,-0.05,,54626878,17,,
2014-01-02_2923,2014-01-02,2923,鼎固-KY,twse,25.55,25.55,25.10,25.20,166000,4208800,-0.8,,,92,,
2014-01-02_2924,2014-01-02,2924,F-東凌,tpex,69.60,71.70,69.50,71.60,913000,64752400,2.10,,31748850,618,,
2014-01-02_2926,2014-01-02,2926,誠品生,tpex,221.00,221.00,215.50,216.00,92000,19941500,-1.00,,45133000,75,,
2014-01-02_2929,2014-01-02,2929,淘帝-KY,twse,224.00,238.50,223.00,234.00,1598000,371257000,14.0,,,1223,,
2014-01-02_3002,2014-01-02,3002,歐格,twse,11.60,11.60,11.45,11.60,105172,1215661,0.05,,,56,,
2014-01-02_3003,2014-01-02,3003,健和興,twse,35.10,35.35,34.55,34.95,1388551,48335247,-0.2,,,654,,
2014-01-02_3004,2014-01-02,3004,豐達科,twse,37.75,37.75,37.20,37.60,94005,3521985,-0.15,,,50,,
2014-01-02_3005,2014-01-02,3005,神基,twse,15.50,15.75,15.50,15.65,5109000,79916400,0.2,,,1433,,
2014-01-02_3006,2014-01-02,3006,晶豪科,twse,36.20,36.90,35.90,36.50,4677251,170734005,0.7,,,2233,,
2014-01-02_3008,2014-01-02,3008,大立光,twse,1215.00,1230.00,1200.00,1205.00,715954,866123880,-10.0,,,655,,
2014-01-02_3010,2014-01-02,3010,華立,twse,47.40,47.60,47.30,47.55,306631,14555988,0.2,,,194,,
2014-01-02_3011,2014-01-02,3011,今皓,twse,8.78,8.78,8.78,8.78,1839286,16148928,0.57,up,,414,,
2014-01-02_3013,2014-01-02,3013,晟銘電,twse,21.40,21.90,21.30,21.50,1322000,28628950,0.15,,,443,,
2014-01-02_3014,2014-01-02,3014,聯陽,twse,25.60,26.50,25.60,26.50,2613798,68462430,0.9,,,1106,,
2014-01-02_3015,2014-01-02,3015,全漢,twse,27.25,27.85,27.20,27.40,304899,8376245,0.2,,,176,,
2014-01-02_3016,2014-01-02,3016,嘉晶,twse,16.95,17.60,16.65,17.60,9044543,157591091,1.15,,,2634,,
2014-01-02_3017,2014-01-02,3017,奇鋐,twse,20.30,20.75,20.05,20.50,7485902,153211485,0.2,,,3058,,
2014-01-02_3018,2014-01-02,3018,隆銘綠能,twse,12.60,12.95,12.60,12.70,32316,409696,0.1,,,24,,
2014-01-02_3019,2014-01-02,3019,亞光,twse,29.60,29.65,29.30,29.35,901840,26554466,-0.05,,,451,,
2014-01-02_3021,2014-01-02,3021,鴻名,twse,12.30,12.45,12.20,12.20,445000,5470000,-0.05,,,117,,
2014-01-02_3022,2014-01-02,3022,威強電,twse,42.00,44.40,41.90,44.40,9145568,397646441,2.9,,,3949,,
2014-01-02_3023,2014-01-02,3023,信邦,twse,39.80,41.00,39.80,40.60,3124573,126970550,0.65,,,1645,,
2014-01-02_3024,2014-01-02,3024,憶聲,twse,6.26,6.34,6.26,6.34,471886,2980703,0.08,,,146,,
2014-01-02_3025,2014-01-02,3025,星通,twse,11.35,11.75,11.35,11.60,321001,3708161,0.2,,,102,,
2014-01-02_3026,2014-01-02,3026,禾伸堂,twse,37.80,38.70,37.80,38.55,605551,23225269,0.75,,,375,,
2014-01-02_3027,2014-01-02,3027,盛達,twse,18.95,19.20,18.60,18.80,2054050,38882245,-0.1,,,634,,
2014-01-02_3028,2014-01-02,3028,增你強,twse,19.10,19.20,19.10,19.20,544533,10446031,0.05,,,219,,
2014-01-02_3029,2014-01-02,3029,零壹,twse,18.80,19.40,18.70,19.35,2409074,46029037,0.65,,,988,,
2014-01-02_3030,2014-01-02,3030,德律,twse,41.60,41.90,41.50,41.90,373019,15579582,0.3,,,251,,
2014-01-02_3031,2014-01-02,3031,佰鴻,twse,18.90,20.00,18.80,19.80,7732677,152247300,1.0,,,2894,,
2014-01-02_3032,2014-01-02,3032,偉訓,twse,12.95,13.90,12.95,13.90,1871298,25881838,0.9,,,374,,
2014-01-02_3033,2014-01-02,3033,威健,twse,22.95,23.00,22.90,23.00,247012,5664321,0.05,,,122,,
2014-01-02_3034,2014-01-02,3034,聯詠,twse,122.50,126.00,122.50,125.50,4703847,586023791,3.5,,,2906,,
2014-01-02_3035,2014-01-02,3035,智原,twse,41.90,41.95,41.00,41.10,10340879,427228908,-0.6,,,4698,,
2014-01-02_3036,2014-01-02,3036,文曄,twse,35.35,35.35,35.15,35.20,985330,34747775,-0.05,,,403,,
2014-01-02_3037,2014-01-02,3037,欣興,twse,22.80,23.15,22.65,22.85,18048030,412969572,0.25,,,6608,,
2014-01-02_3038,2014-01-02,3038,全台,twse,5.78,5.96,5.74,5.92,939734,5542110,0.16,,,287,,
2014-01-02_3040,2014-01-02,3040,遠見,twse,19.45,19.45,18.55,19.45,5362090,102981523,1.25,,,1668,,
2014-01-02_3041,2014-01-02,3041,揚智,twse,31.30,31.30,30.70,30.85,2505281,77622469,-0.25,,,1192,,
2014-01-02_3042,2014-01-02,3042,晶技,twse,36.50,37.70,36.20,37.40,7983061,296861408,1.3,,,3603,,
2014-01-02_3043,2014-01-02,3043,科風,twse,5.66,5.95,5.66,5.95,427590,2509051,0.38,,,150,,
2014-01-02_3044,2014-01-02,3044,健鼎,twse,53.90,54.80,53.50,54.20,2443271,132920185,0.8,,,1476,,
2014-01-02_3045,2014-01-02,3045,台灣大,twse,96.90,97.00,96.30,97.00,638740,61767696,0.7,,,457,,
2014-01-02_3046,2014-01-02,3046,建碁,twse,6.80,6.84,6.62,6.69,117032,782101,-0.1,,,55,,
2014-01-02_3047,2014-01-02,3047,訊舟,twse,12.90,13.05,12.90,12.95,1565371,20314827,0.1,,,569,,
2014-01-02_3048,2014-01-02,3048,益登,twse,13.65,14.20,13.65,14.20,1399239,19673816,0.55,,,377,,
2014-01-02_3049,2014-01-02,3049,精金,twse,8.95,9.05,8.94,9.01,4195662,37772520,0.11,,,1243,,
2014-01-02_3050,2014-01-02,3050,鈺德,twse,7.05,7.06,6.91,6.91,295440,2063605,-0.11,,,104,,
2014-01-02_3051,2014-01-02,3051,力特,twse,5.91,5.91,5.72,5.91,1347894,7964910,0.38,,,208,,
2014-01-02_3052,2014-01-02,3052,夆典,twse,18.85,19.20,18.80,19.00,2130374,40442110,0.4,,,646,,
2014-01-02_3054,2014-01-02,3054,立萬利,twse,25.80,25.80,24.70,24.70,6854054,172321300,0.4,,,2171,,
2014-01-02_3055,2014-01-02,3055,蔚華科,twse,11.40,11.40,11.30,11.40,220087,2497191,0.05,,,55,,
2014-01-02_3056,2014-01-02,3056,富華新,twse,32.55,33.05,32.55,32.95,646850,21265586,0.25,,,283,,
2014-01-02_3057,2014-01-02,3057,喬鼎,twse,36.50,36.60,35.75,36.10,1958525,70678467,-0.15,,,1150,,
2014-01-02_3058,2014-01-02,3058,立德,twse,15.50,15.65,15.40,15.50,921534,14293374,0.0,,,324,,
2014-01-02_3059,2014-01-02,3059,華晶科,twse,21.00,21.80,21.00,21.60,5151809,111156913,0.65,,,1757,,
2014-01-02_3060,2014-01-02,3060,銘異,twse,172.00,172.00,167.00,167.00,1750119,295788492,-2.0,,,1234,,
2014-01-02_3061,2014-01-02,3061,璨圓,twse,17.80,18.20,17.65,18.20,19087152,345480511,1.15,,,4164,,
2014-01-02_3062,2014-01-02,3062,建漢,twse,33.10,34.30,33.05,33.50,8014251,270178764,0.45,,,3465,,
2014-01-02_3064,2014-01-02,3064,泰偉,tpex,45.00,48.05,45.00,47.50,1558000,73786300,2.55,,72605141,854,,
2014-01-02_3066,2014-01-02,3066,李洲,tpex,8.34,8.34,8.34,8.34,112000,934080,0.54,up,151037475,42,,
2014-01-02_3067,2014-01-02,3067,全域,tpex,19.85,19.85,19.85,19.85,1000,19850,0.35,up,29025240,1,,
2014-01-02_3068,2014-01-02,3068,美磊,tpex,45.70,45.70,44.70,45.00,156000,7016000,-0.70,,82665432,104,,
2014-01-02_3071,2014-01-02,3071,協禧,tpex,7.08,7.08,6.84,6.87,575000,3973760,-0.04,,146067876,217,,
2014-01-02_3073,2014-01-02,3073,普格,tpex,9.96,9.96,9.27,9.49,13000,123470,-0.45,,24681785,5,,
2014-01-02_3078,2014-01-02,3078,僑威,tpex,17.80,18.30,17.75,17.90,4744000,85493250,0.15,,227391064,1557,,
2014-01-02_3083,2014-01-02,3083,網龍,tpex,52.50,52.70,51.50,51.50,215000,11139000,-0.60,,87439358,163,,
2014-01-02_3085,2014-01-02,3085,久大,tpex,16.80,17.10,16.40,16.45,909000,15113650,-0.25,,71226713,336,,
2014-01-02_3086,2014-01-02,3086,華義,tpex,14.10,14.10,13.20,13.50,2552000,34559100,-0.65,,73800300,1007,,
2014-01-02_3088,2014-01-02,3088,艾訊,tpex,56.50,59.30,56.40,57.20,1958000,113131700,1.10,,77570034,1197,,
2014-01-02_3089,2014-01-02,3089,展成,tpex,39.20,39.45,39.00,39.05,612000,23947950,-0.15,,58035017,275,,
2014-01-02_3090,2014-01-02,3090,日電貿,twse,27.10,27.20,27.00,27.15,342785,9295129,0.25,,,187,,
2014-01-02_3092,2014-01-02,3092,鴻碩,tpex,10.15,10.30,10.05,10.10,43000,435150,-0.05,,63824690,24,,
2014-01-02_3093,2014-01-02,3093,港建,tpex,43.60,43.60,42.80,43.35,4000,173250,-0.25,,36288894,4,,
2014-01-02_3094,2014-01-02,3094,聯傑,twse,21.40,21.50,21.05,21.20,1289689,27426300,-0.05,,,545,,
2014-01-02_3095,2014-01-02,3095,及成,tpex,5.69,5.70,5.55,5.70,952000,5357680,0.03,,227681262,254,,
2014-01-02_3105,2014-01-02,3105,穩懋,tpex,27.90,28.60,27.80,28.20,9318000,263139450,0.45,,759153848,3365,,
2014-01-02_3114,2014-01-02,3114,好德,tpex,11.90,12.00,11.90,12.00,26000,309950,0.05,,50013691,12,,
2014-01-02_3115,2014-01-02,3115,寶島極,tpex,17.60,18.50,17.40,18.50,580000,10586650,1.20,,43697600,276,,
2014-01-02_3118,2014-01-02,3118,進階,tpex,36.80,36.80,36.40,36.50,89000,3249600,-0.30,,32452860,56,,
2014-01-02_3126,2014-01-02,3126,信億,tpex,8.00,8.20,8.00,8.20,48000,391600,0.40,,48265067,12,,
2014-01-02_3128,2014-01-02,3128,昇銳,tpex,13.60,14.55,13.60,14.55,582000,8402250,0.95,,42000000,197,,
2014-01-02_3130,2014-01-02,3130,一零四,twse,107.00,107.00,106.50,107.00,4041,431346,0.0,,,5,,
2014-01-02_3131,2014-01-02,3131,弘塑,tpex,220.50,221.00,218.50,219.00,141000,30953500,1.00,,24683843,129,,
2014-01-02_3144,2014-01-02,3144,新揚科,tpex,24.90,25.00,24.75,25.00,122000,3027500,0.15,,100637750,32,,
2014-01-02_3149,2014-01-02,3149,正達,twse,37.55,38.40,37.35,38.10,3849498,146110971,0.55,,,2096,,
2014-01-02_3152,2014-01-02,3152,璟德,tpex,161.00,164.50,160.00,160.00,283000,45781000,-1.00,,69016200,201,,
2014-01-02_3162,2014-01-02,3162,精確,tpex,8.10,8.18,8.10,8.15,107000,868230,0.05,,56531342,39,,
2014-01-02_3163,2014-01-02,3163,波若威,tpex,100.50,104.00,99.10,99.10,4277000,433636100,-1.40,,70730536,2866,,
2014-01-02_3164,2014-01-02,3164,景岳,twse,42.80,43.40,41.90,42.00,204100,8604373,-0.2,,,164,,
2014-01-02_3167,2014-01-02,3167,大量,twse,40.80,40.80,40.10,40.10,622150,25068735,-0.2,,,349,,
2014-01-02_3169,2014-01-02,3169,亞信,tpex,60.10,60.60,55.00,55.00,4601000,261244100,-4.10,,53401422,2325,,
2014-01-02_3171,2014-01-02,3171,新洲,tpex,18.20,19.15,18.00,19.15,547000,10200450,1.25,,49203515,219,,
2014-01-02_3176,2014-01-02,3176,基亞,tpex,199.00,204.50,198.50,202.50,1334000,269305500,3.50,,136685505,1010,,
2014-01-02_3188,2014-01-02,3188,安茂,tpex,11.90,12.20,11.90,12.20,43000,516500,0.25,,45058620,22,,
2014-01-02_3189,2014-01-02,3189,景碩,twse,98.00,99.30,98.00,98.30,1191475,117486343,-0.6,,,685,,
2014-01-02_3191,2014-01-02,3191,和進,tpex,16.80,17.10,16.55,16.80,596000,10037600,0.00,,54694761,201,,
2014-01-02_3202,2014-01-02,3202,樺晟,tpex,7.38,7.38,7.23,7.28,50000,363280,0.05,,74687192,23,,
2014-01-02_3205,2014-01-02,3205,佰研,tpex,30.60,30.70,29.80,29.90,568000,17133250,-0.40,,24712800,333,,
2014-01-02_3206,2014-01-02,3206,志豐,tpex,14.25,14.35,14.20,14.25,62000,883500,0.00,,41627771,30,,
2014-01-02_3207,2014-01-02,3207,耀勝,tpex,12.70,12.85,12.45,12.80,1122000,14241500,0.10,,38259225,93,,
2014-01-02_3209,2014-01-02,3209,全科,twse,22.30,22.30,22.10,22.10,424467,9414166,-0.1,,,174,,
2014-01-02_3211,2014-01-02,3211,順達,tpex,83.30,85.00,83.20,84.40,1648000,138952900,1.40,,151968521,1250,,
2014-01-02_3213,2014-01-02,3213,茂訊,tpex,41.00,41.40,40.90,41.10,68000,2788350,0.10,,58685547,46,,
2014-01-02_3217,2014-01-02,3217,優群,tpex,13.15,13.15,13.00,13.10,224000,2927550,0.00,,84059203,71,,
2014-01-02_3218,2014-01-02,3218,大學光,tpex,26.70,26.80,26.50,26.70,242000,6441000,0.25,,66123000,135,,
2014-01-02_3219,2014-01-02,3219,倚強,tpex,13.25,13.25,13.25,13.25,2000,26500,0.00,flat,22294417,1,,
2014-01-02_3221,2014-01-02,3221,台嘉碩,tpex,15.55,15.85,15.50,15.50,132000,2061950,-0.05,,86236560,70,,
2014-01-02_3226,2014-01-02,3226,至寶電,tpex,44.50,44.50,43.30,43.35,21000,918000,-1.15,,64430573,10,,
2014-01-02_3227,2014-01-02,3227,原相,tpex,50.50,51.50,50.50,51.30,593000,30318300,1.00,,136381916,424,,
2014-01-02_3228,2014-01-02,3228,金麗科,tpex,27.70,27.80,26.45,26.85,335000,9072750,-1.55,,60501705,201,,
2014-01-02_3229,2014-01-02,3229,晟鈦,twse,39.15,39.15,38.05,38.60,203145,7815667,0.0,,,123,,
2014-01-02_3230,2014-01-02,3230,錦明,tpex,7.44,7.44,7.29,7.38,277000,2039010,0.11,,110746524,85,,
2014-01-02_3231,2014-01-02,3231,緯創,twse,25.10,25.10,24.85,24.90,8823728,220166937,-0.15,,,4648,,
2014-01-02_3232,2014-01-02,3232,昱捷,tpex,12.05,12.45,12.00,12.30,470000,5722100,0.35,,41567865,208,,
2014-01-02_3234,2014-01-02,3234,光環,tpex,21.70,22.40,21.70,22.30,2192000,48593500,0.75,,101182697,981,,
2014-01-02_3236,2014-01-02,3236,千如,tpex,15.00,15.00,14.35,14.35,2052000,30012950,-0.50,,57231671,677,,
2014-01-02_3252,2014-01-02,3252,海灣,tpex,51.50,51.90,51.00,51.90,439000,22750300,3.35,,20000000,167,,
2014-01-02_3257,2014-01-02,3257,虹冠電,twse,83.40,84.60,81.80,83.30,1373426,114326458,0.5,,,984,,
2014-01-02_3259,2014-01-02,3259,鑫創,tpex,44.50,47.05,44.20,47.05,1119000,52057500,3.05,,70098553,446,,
2014-01-02_3260,2014-01-02,3260,威剛,tpex,73.60,75.10,72.50,75.10,16184000,1200800100,4.90,,243028163,7044,,
2014-01-02_3264,2014-01-02,3264,欣銓,tpex,22.00,22.15,21.95,22.15,845000,18620600,0.25,,466520530,360,,
2014-01-02_3265,2014-01-02,3265,台星科,tpex,45.30,45.30,44.95,45.20,635000,28616300,0.25,,136261659,369,,
2014-01-02_3266,2014-01-02,3266,昇陽,tpex,25.60,25.60,24.75,25.35,1409000,35682150,-0.95,,352314309,1264,,
2014-01-02_3268,2014-01-02,3268,海德威,tpex,21.55,21.55,20.00,20.80,1177000,24930250,0.65,,30666304,559,,
2014-01-02_3276,2014-01-02,3276,宇環,tpex,9.38,9.50,9.38,9.50,16000,151510,0.15,,69712666,10,,
2014-01-02_3284,2014-01-02,3284,太普高,tpex,11.65,12.40,11.60,12.40,2824000,34371950,0.80,,57159152,621,,
2014-01-02_3285,2014-01-02,3285,微端,tpex,16.15,16.40,16.15,16.25,186000,3020450,0.15,,44109324,105,,
2014-01-02_3287,2014-01-02,3287,廣寰科,tpex,13.45,13.45,13.00,13.10,212000,2800150,0.10,,43970483,112,,
2014-01-02_3288,2014-01-02,3288,點晶,tpex,10.15,10.80,10.15,10.80,66000,697050,0.70,,49778148,50,,
2014-01-02_3289,2014-01-02,3289,宜特,tpex,29.20,29.60,28.80,29.05,688000,20094950,0.15,,45907539,262,,
2014-01-02_3290,2014-01-02,3290,東浦,tpex,33.90,34.80,33.80,33.90,4502000,154582700,0.20,,94808501,1668,,
2014-01-02_3291,2014-01-02,3291,遠翔科,tpex,59.40,60.30,58.20,58.80,1484000,88052900,0.30,,35351400,915,,
2014-01-02_3293,2014-01-02,3293,鈊象,tpex,58.30,59.40,57.70,58.50,258000,15032300,0.50,,69476390,198,,
2014-01-02_3294,2014-01-02,3294,英濟,tpex,14.20,14.30,13.80,13.85,1744000,24497600,-0.25,,129116419,582,,
2014-01-02_3296,2014-01-02,3296,勝德,twse,20.20,20.25,20.00,20.20,415000,8349900,0.2,,,124,,
2014-01-02_3297,2014-01-02,3297,杭特,tpex,51.90,51.90,48.60,48.95,616000,30576700,-1.55,,36618245,433,,
2014-01-02_3299,2014-01-02,3299,帛漢,tpex,30.00,30.50,30.00,30.40,189000,5733950,0.20,,50385385,91,,
2014-01-02_3303,2014-01-02,3303,岱稜,tpex,20.00,20.00,19.75,19.80,376000,7462050,-0.10,,97934070,150,,
2014-01-02_3305,2014-01-02,3305,昇貿,twse,34.40,34.40,34.05,34.15,316621,10851764,0.25,,,155,,
2014-01-02_3306,2014-01-02,3306,鼎天,tpex,37.70,37.70,37.00,37.70,1876000,70578250,2.45,,50607702,705,,
2014-01-02_3308,2014-01-02,3308,聯德,twse,12.45,12.50,11.85,12.35,884000,10743050,0.0,,,386,,
2014-01-02_3310,2014-01-02,3310,佳穎,tpex,17.70,18.90,17.70,18.90,626000,11784500,1.20,,111691710,239,,
2014-01-02_3311,2014-01-02,3311,閎暉,twse,35.50,35.70,35.30,35.35,562652,19951708,-0.15,,,349,,
2014-01-02_3312,2014-01-02,3312,弘憶股,twse,13.40,13.50,13.35,13.40,178042,2385857,0.0,,,73,,
2014-01-02_3313,2014-01-02,3313,斐成,tpex,12.50,12.60,12.40,12.45,261000,3265550,-0.10,,83684196,95,,
2014-01-02_3315,2014-01-02,3315,宣昶,twse,16.25,16.45,16.25,16.35,119300,1944689,-0.05,,,52,,
2014-01-02_3317,2014-01-02,3317,尼克森,tpex,18.60,19.35,18.60,19.35,3163000,60553250,1.25,,61251550,808,,
2014-01-02_3322,2014-01-02,3322,建舜電,tpex,8.05,8.14,8.00,8.05,349000,2804220,0.03,,83161200,69,,
2014-01-02_3323,2014-01-02,3323,加百裕,tpex,15.15,15.35,15.15,15.15,222000,3382650,0.05,,98989914,114,,
2014-01-02_3324,2014-01-02,3324,雙鴻,tpex,22.05,22.55,22.00,22.10,1146000,25499200,0.05,,70674386,579,,
2014-01-02_3325,2014-01-02,3325,旭品,tpex,14.65,14.65,14.45,14.50,118000,1712000,0.05,,77097656,71,,
2014-01-02_3332,2014-01-02,3332,幸康,tpex,44.50,46.30,44.05,44.30,72000,3232150,-0.10,,48104246,55,,
2014-01-02_3338,2014-01-02,3338,泰碩,twse,39.25,39.25,39.25,39.25,1321234,51858433,2.55,up,,469,,
2014-01-02_3339,2014-01-02,3339,泰谷,tpex,13.20,13.95,13.20,13.95,1790000,24688050,0.90,,275304842,684,,
2014-01-02_3354,2014-01-02,3354,律勝,tpex,11.90,12.20,11.90,12.10,58000,696800,0.15,,84011206,32,,
2014-01-02_3356,2014-01-02,3356,奇偶,twse,186.50,191.00,186.50,188.50,203751,38546688,1.0,,,186,,
2014-01-02_3360,2014-01-02,3360,尚立,tpex,7.10,7.27,7.10,7.18,129000,923140,0.08,,52802400,55,,
2014-01-02_3362,2014-01-02,3362,先進光,tpex,27.10,27.10,26.25,26.25,1653000,43950200,-0.90,,78665000,722,,
2014-01-02_3363,2014-01-02,3363,上詮,tpex,24.40,24.95,24.40,24.90,1010000,25008050,0.70,,62874663,437,,
2014-01-02_3372,2014-01-02,3372,典範,tpex,7.19,7.23,7.02,7.08,1720000,12245340,-0.02,,302500000,386,,
2014-01-02_3373,2014-01-02,3373,熱映,tpex,28.10,28.50,27.85,27.85,186000,5205500,-0.05,,32637059,136,,
2014-01-02_3376,2014-01-02,3376,新日興,twse,75.00,79.00,75.00,78.60,6260384,485770276,4.2,,,3393,,
2014-01-02_3379,2014-01-02,3379,彬台,tpex,23.80,23.80,23.30,23.40,69000,1618150,-0.25,,34504988,44,,
2014-01-02_3380,2014-01-02,3380,明泰,twse,21.60,22.20,21.60,21.80,3690620,80931661,0.2,,,1413,,
2014-01-02_3383,2014-01-02,3383,新世紀,twse,16.50,17.30,16.50,17.20,5009826,85415000,0.9,,,1992,,
2014-01-02_3388,2014-01-02,3388,崇越電,tpex,71.30,71.70,71.30,71.40,66000,4719800,0.20,,62000000,47,,
2014-01-02_3390,2014-01-02,3390,旭軟,tpex,37.40,37.45,37.10,37.25,237000,8829750,0.15,,63661080,152,,
2014-01-02_3402,2014-01-02,3402,漢科,tpex,11.50,11.60,11.45,11.55,59000,678700,0.05,,73660692,22,,
2014-01-02_3406,2014-01-02,3406,玉晶光,twse,90.40,91.20,89.30,89.80,1577624,141858930,-0.6,,,1097,,
2014-01-02_3416,2014-01-02,3416,融程電,tpex,64.90,66.70,64.10,65.50,842000,55198000,1.50,,50957952,577,,
2014-01-02_3419,2014-01-02,3419,譁裕,twse,18.00,18.30,17.85,18.10,2567474,46580882,0.3,,,920,,
2014-01-02_3428,2014-01-02,3428,光燿科,tpex,31.80,32.20,31.50,31.50,308000,9786400,-0.30,,73886600,186,,
2014-01-02_3431,2014-01-02,3431,長天,tpex,23.00,24.10,23.00,24.10,3302000,79002950,1.55,,59820533,1153,,
2014-01-02_3432,2014-01-02,3432,台端,twse,15.50,16.20,15.15,16.20,1554005,24913181,1.05,,,582,,
2014-01-02_3434,2014-01-02,3434,哲固,tpex,9.97,9.97,9.97,9.97,6000,59820,-0.33,down,32800000,3,,
2014-01-02_3438,2014-01-02,3438,類比科,tpex,30.50,31.35,30.50,30.95,198000,6132550,0.45,,38615110,115,,
2014-01-02_3441,2014-01-02,3441,聯一光,tpex,21.85,21.85,21.10,21.35,349000,7444850,-0.50,,40039920,197,,
2014-01-02_3443,2014-01-02,3443,創意,twse,74.00,75.80,73.80,75.10,751066,56407935,1.1,,,529,,
2014-01-02_3444,2014-01-02,3444,利機,tpex,20.10,20.25,19.35,19.50,686000,13571550,-0.40,,39114586,300,,
2014-01-02_3450,2014-01-02,3450,聯鈞,twse,79.50,79.50,78.50,78.60,1689085,133291815,-0.5,,,1011,,
2014-01-02_3452,2014-01-02,3452,益通,tpex,18.05,18.05,17.50,17.65,10643000,188790900,-0.55,,779449742,2930,,
2014-01-02_3454,2014-01-02,3454,晶睿,twse,184.50,190.00,183.00,188.00,816165,152755020,4.0,,,628,,
2014-01-02_3455,2014-01-02,3455,由田,tpex,26.10,27.35,26.10,27.15,705000,18927250,1.15,,60757500,470,,
2014-01-02_3465,2014-01-02,3465,祥業,tpex,7.20,7.35,7.03,7.03,51000,364120,-0.07,,28409807,23,,
2014-01-02_3466,2014-01-02,3466,致振,tpex,28.85,29.35,28.85,29.35,50000,1451600,-0.10,,62377573,28,,
2014-01-02_3474,2014-01-02,3474,華亞科,twse,22.55,23.30,22.55,23.30,39984741,918413329,1.3,,,8590,,
2014-01-02_3479,2014-01-02,3479,安勤,tpex,43.75,46.70,43.75,46.70,2131000,96617000,2.95,,53710542,1015,,
2014-01-02_3481,2014-01-02,3481,群創,twse,11.30,11.40,11.05,11.10,61791040,692119597,-0.25,,,9038,,
2014-01-02_3483,2014-01-02,3483,力致,tpex,20.90,21.45,20.80,21.45,427000,9068650,0.70,,48960000,201,,
2014-01-02_3484,2014-01-02,3484,崧騰,tpex,28.05,28.05,27.80,28.00,396000,11044000,0.00,,61086773,192,,
2014-01-02_3489,2014-01-02,3489,森寶,tpex,23.25,23.80,23.25,23.60,46000,1080500,0.35,,82980670,29,,
2014-01-02_3490,2014-01-02,3490,單井,tpex,26.30,26.40,25.70,25.85,125000,3262850,-0.15,,45017011,42,,
2014-01-02_3491,2014-01-02,3491,昇達科,tpex,57.50,59.00,57.50,58.60,1660000,96797800,1.80,,50531241,980,,
2014-01-02_3494,2014-01-02,3494,誠研,twse,30.60,32.30,30.30,32.00,7934784,250548553,1.6,,,2825,,
2014-01-02_3498,2014-01-02,3498,陽程,tpex,132.00,134.50,128.50,128.50,2716000,356273000,-1.50,,77190464,1790,,
2014-01-02_3499,2014-01-02,3499,環天科,tpex,14.10,14.40,13.80,14.40,1827000,25993550,0.90,,58335596,720,,
2014-01-02_3501,2014-01-02,3501,維熹,twse,49.00,49.45,48.80,49.10,219100,10769195,0.1,,,156,,
2014-01-02_3504,2014-01-02,3504,揚明光,twse,59.30,61.00,59.30,60.00,322194,19391940,-1.0,,,236,,
2014-01-02_3508,2014-01-02,3508,位速,tpex,45.00,45.50,44.35,44.40,718000,32211000,-0.70,,92837737,432,,
2014-01-02_3511,2014-01-02,3511,矽瑪,tpex,16.90,16.90,16.60,16.85,63000,1052850,0.25,,38972945,40,,
2014-01-02_3512,2014-01-02,3512,能緹,tpex,11.55,11.90,11.50,11.65,209000,2447150,0.20,,44000000,115,,
2014-01-02_3514,2014-01-02,3514,昱晶,twse,33.40,34.40,32.75,34.15,17845450,598613196,0.15,,,6070,,
2014-01-02_3515,2014-01-02,3515,華擎,twse,110.00,114.50,110.00,112.00,199352,22369247,2.0,,,168,,
2014-01-02_3516,2014-01-02,3516,亞帝歐,tpex,11.20,11.30,11.15,11.15,117000,1310400,0.00,,76013650,60,,
2014-01-02_3518,2014-01-02,3518,柏騰,twse,53.80,56.00,53.80,55.50,871329,47983753,1.7,,,455,,
2014-01-02_3519,2014-01-02,3519,綠能,twse,30.50,31.30,29.95,31.15,21765047,666187807,-0.25,,,7500,,
2014-01-02_3520,2014-01-02,3520,振維,tpex,31.85,33.70,29.30,29.30,1987000,61435400,-2.20,,51266564,685,,
2014-01-02_3521,2014-01-02,3521,鴻翊,tpex,13.60,13.60,13.25,13.40,47000,630700,-0.20,,31730575,33,,
2014-01-02_3522,2014-01-02,3522,宏森,tpex,14.05,14.15,13.90,14.00,267000,3736450,0.00,,47292000,105,,
2014-01-02_3523,2014-01-02,3523,迎輝,tpex,23.40,23.40,23.05,23.30,32000,740900,-0.10,,97935560,24,,
2014-01-02_3526,2014-01-02,3526,凡甲,tpex,26.00,26.65,26.00,26.50,126000,3317100,0.00,,60971629,73,,
2014-01-02_3527,2014-01-02,3527,聚積,tpex,79.50,81.50,79.50,80.50,411000,33277200,1.00,,33156398,313,,
2014-01-02_3528,2014-01-02,3528,安馳,tpex,31.40,31.70,30.50,30.70,391000,12152950,-0.50,,53342540,214,,
2014-01-02_3529,2014-01-02,3529,力旺,tpex,79.50,79.70,78.40,78.80,688000,54425700,-0.20,,76832242,429,,
2014-01-02_3531,2014-01-02,3531,先益,tpex,24.50,26.05,24.35,26.05,1176000,30111900,1.70,,61175011,362,,
2014-01-02_3532,2014-01-02,3532,台勝科,twse,32.50,32.50,31.35,31.40,643200,20511390,-1.1,,,321,,
2014-01-02_3533,2014-01-02,3533,嘉澤,twse,65.60,66.10,65.20,65.50,374762,24571585,0.1,,,274,,
2014-01-02_3535,2014-01-02,3535,晶彩科,twse,11.55,11.95,11.55,11.65,1491020,17595986,0.1,,,462,,
2014-01-02_3536,2014-01-02,3536,誠創,twse,8.25,8.35,8.20,8.35,183335,1513576,0.1,,,77,,
2014-01-02_3537,2014-01-02,3537,堡達,tpex,35.30,35.30,34.25,34.60,485000,16832000,-0.40,,48695220,237,,
2014-01-02_3540,2014-01-02,3540,曜越,tpex,15.70,15.75,15.50,15.50,383000,5968450,-0.05,,62789182,140,,
2014-01-02_3541,2014-01-02,3541,西柏,tpex,49.35,51.20,49.35,50.70,1145000,57782300,1.35,,38088492,639,,
2014-01-02_3545,2014-01-02,3545,敦泰,twse,44.50,47.00,44.50,47.00,9316071,428248084,2.5,,,4841,,
2014-01-02_3546,2014-01-02,3546,宇峻,tpex,47.25,47.30,46.55,46.55,123000,5790250,-0.65,,34520074,64,,
2014-01-02_3548,2014-01-02,3548,兆利,tpex,30.85,31.50,30.55,31.40,1703000,53066900,1.35,,50551398,922,,
2014-01-02_3550,2014-01-02,3550,聯穎,twse,17.50,17.85,17.30,17.85,789230,13820832,0.35,,,319,,
2014-01-02_3551,2014-01-02,3551,世禾,tpex,64.60,65.50,64.60,65.50,140000,9117400,-0.20,,57500890,98,,
2014-01-02_3552,2014-01-02,3552,同致,tpex,91.30,92.20,90.00,90.30,394000,35846800,-0.80,,81447919,267,,
2014-01-02_3553,2014-01-02,3553,力積,tpex,20.30,20.95,20.30,20.75,582000,12090600,0.50,,64987844,342,,
2014-01-02_3555,2014-01-02,3555,擎泰,tpex,13.60,13.60,13.40,13.55,492000,6632900,-0.05,,64935609,152,,
2014-01-02_3556,2014-01-02,3556,禾瑞亞,tpex,92.60,93.70,92.10,92.30,1964000,182461800,0.30,,52334031,1289,,
2014-01-02_3557,2014-01-02,3557,嘉威,twse,7.95,8.06,7.91,7.94,473400,3774083,-0.01,,,164,,
2014-01-02_3558,2014-01-02,3558,神準,tpex,154.00,158.50,153.50,156.00,1616000,252514500,2.50,,48068881,1016,,
2014-01-02_3559,2014-01-02,3559,全智科,twse,16.70,17.20,16.50,17.00,3263771,55420364,0.4,,,1144,,
2014-01-02_3561,2014-01-02,3561,昇陽光電,twse,28.35,28.35,27.00,27.60,10932902,301412340,-1.0,,,4675,,
2014-01-02_3562,2014-01-02,3562,頂晶科,tpex,7.68,8.76,7.68,8.76,4000,32880,0.56,,52360000,2,,
2014-01-02_3563,2014-01-02,3563,牧德,tpex,64.30,64.60,64.00,64.40,180000,11561800,0.10,,42608234,141,,
2014-01-02_3564,2014-01-02,3564,其陽,tpex,88.50,93.50,88.10,93.40,609000,56102700,5.40,,20000000,526,,
2014-01-02_3567,2014-01-02,3567,逸昌,tpex,12.55,12.80,12.50,12.65,412000,5220350,0.10,,37003000,160,,
2014-01-02_3570,2014-01-02,3570,大塚,tpex,152.00,154.50,149.00,149.00,390000,58502500,-3.00,,17097000,382,,
2014-01-02_3573,2014-01-02,3573,穎台,twse,31.40,32.40,31.20,32.00,1027863,32795366,0.8,,,563,,
2014-01-02_3576,2014-01-02,3576,聯合再生,twse,43.50,43.70,42.35,43.30,65200515,2811063410,-0.75,,,22498,,
2014-01-02_3577,2014-01-02,3577,泓格,tpex,41.20,41.80,40.85,41.00,567000,23429950,0.15,,43689403,401,,
2014-01-02_3579,2014-01-02,3579,尚志,twse,26.35,26.80,25.60,26.00,1956884,51267142,-0.15,,,888,,
2014-01-02_3580,2014-01-02,3580,友威科,tpex,6.45,6.58,6.45,6.50,80000,521060,0.05,,47706657,28,,
2014-01-02_3582,2014-01-02,3582,凌耀,tpex,116.00,117.00,112.00,114.00,1991000,227164500,-1.00,,43309446,1490,,
2014-01-02_3583,2014-01-02,3583,辛耘,twse,57.50,58.60,57.50,57.50,1013000,58648800,0.1,,,713,,
2014-01-02_3584,2014-01-02,3584,介面,twse,23.40,23.80,23.10,23.20,1900602,44503472,0.2,,,835,,
2014-01-02_3587,2014-01-02,3587,閎康,tpex,74.60,76.30,74.60,74.70,735000,55345100,0.10,,43113157,515,,
2014-01-02_3588,2014-01-02,3588,通嘉,twse,39.30,39.80,39.10,39.35,159984,6289317,0.25,,,123,,
2014-01-02_3591,2014-01-02,3591,艾笛森,twse,36.40,37.30,35.40,36.15,4285883,155913111,0.55,,,1967,,
2014-01-02_3593,2014-01-02,3593,力銘,twse,11.90,12.20,11.80,11.80,1167085,14014652,0.0,,,224,,
2014-01-02_3594,2014-01-02,3594,磐儀,tpex,33.00,33.70,32.90,33.05,828000,27484950,0.20,,45780019,510,,
2014-01-02_3596,2014-01-02,3596,智易,twse,45.80,48.00,45.60,47.50,9713195,459154565,2.5,,,4826,,
2014-01-02_3598,2014-01-02,3598,奕力,twse,58.30,58.70,57.90,58.30,725510,42263222,0.0,,,524,,
2014-01-02_3605,2014-01-02,3605,宏致,twse,22.90,22.90,22.50,22.75,524480,11910493,-0.1,,,265,,
2014-01-02_3607,2014-01-02,3607,谷崧,twse,47.10,47.30,46.80,46.85,292000,13710400,-0.15,,,179,,
2014-01-02_3609,2014-01-02,3609,東林,tpex,19.30,19.30,18.85,19.00,30000,575750,-0.30,,31346387,19,,
2014-01-02_3611,2014-01-02,3611,鼎翰,tpex,219.00,221.00,218.00,219.50,56000,12289500,-2.00,,34406000,54,,
2014-01-02_3615,2014-01-02,3615,安可,tpex,38.45,38.65,37.50,38.05,1247000,47670000,0.00,,70584512,591,,
2014-01-02_3617,2014-01-02,3617,碩天,twse,78.30,79.80,78.00,78.00,315310,24764647,0.0,,,207,,
2014-01-02_3622,2014-01-02,3622,洋華,twse,32.00,32.55,31.60,31.65,1542958,49360212,-0.15,,,894,,
2014-01-02_3623,2014-01-02,3623,富晶通,tpex,33.00,34.50,31.20,32.50,2210000,72561950,0.00,,57413000,1274,,
2014-01-02_3624,2014-01-02,3624,光頡,tpex,23.65,24.80,23.65,24.65,2229000,54279600,1.15,,87340842,862,,
2014-01-02_3625,2014-01-02,3625,西勝,tpex,10.60,10.70,10.50,10.60,180000,1904250,-0.10,,56078000,63,,
2014-01-02_3628,2014-01-02,3628,盈正,tpex,49.30,49.80,47.70,47.95,288000,13924850,-1.35,,45000000,202,,
2014-01-02_3629,2014-01-02,3629,卓韋,tpex,8.52,8.65,8.33,8.46,30000,254820,-0.06,,38411600,23,,
2014-01-02_3630,2014-01-02,3630,新鉅科,tpex,64.80,66.40,63.60,65.80,6506000,425567600,1.60,,101644960,3572,,
2014-01-02_3631,2014-01-02,3631,晟楠,tpex,39.05,39.05,37.60,38.45,35000,1343650,-0.80,,74142044,29,,
2014-01-02_3632,2014-01-02,3632,研勤,tpex,30.90,32.50,30.70,32.50,624000,20048600,2.10,,30793238,346,,
2014-01-02_3638,2014-01-02,3638,F-IML,twse,65.00,65.60,64.10,64.40,532522,34575458,-0.6,,,425,,
2014-01-02_3642,2014-01-02,3642,駿熠電,tpex,18.35,18.80,17.90,18.55,570000,10545000,0.10,,33754050,208,,
2014-01-02_3645,2014-01-02,3645,達邁,twse,25.10,25.20,25.10,25.15,188000,4728450,0.15,,,87,,
2014-01-02_3646,2014-01-02,3646,艾恩特,tpex,29.00,29.20,28.65,29.00,33000,955200,-0.25,,38560371,26,,
2014-01-02_3652,2014-01-02,3652,精聯,tpex,23.50,24.75,23.10,24.20,372000,8931400,0.70,,46629000,228,,
2014-01-02_3653,2014-01-02,3653,健策,twse,80.80,81.90,80.00,80.40,558650,45041392,-0.3,,,422,,
2014-01-02_3658,2014-01-02,3658,漢微科,tpex,979.00,979.00,961.00,968.00,96000,92861000,0.00,,71000000,93,,
2014-01-02_3662,2014-01-02,3662,樂陞,tpex,91.00,91.30,89.30,90.30,888000,80196500,-0.70,,60764013,464,,
2014-01-02_3663,2014-01-02,3663,鑫科,tpex,30.00,31.05,29.50,30.30,5401000,163955550,1.10,,72038413,2167,,
2014-01-02_3664,2014-01-02,3664,F-安瑞,tpex,29.05,29.05,28.10,28.50,1544000,43993100,0.00,,72330691,784,,
2014-01-02_3665,2014-01-02,3665,貿聯-KY,twse,128.50,129.00,123.50,124.50,1828441,228981066,-3.0,,,1107,,
2014-01-02_3669,2014-01-02,3669,圓展,twse,23.70,23.70,23.20,23.60,408328,9566374,-0.1,,,199,,
2014-01-02_3673,2014-01-02,3673,TPK-KY,twse,181.00,185.00,175.00,181.00,19613886,3547094366,5.0,,,10702,,
2014-01-02_3675,2014-01-02,3675,德微,tpex,17.50,17.80,17.25,17.35,89000,1555000,-0.15,,44428250,55,,
2014-01-02_3679,2014-01-02,3679,新至陞,twse,53.90,54.10,52.60,53.90,421000,22482000,0.3,,,256,,
2014-01-02_3680,2014-01-02,3680,家登,tpex,55.80,56.90,55.00,55.50,2464000,137540300,1.50,,62460582,1382,,
2014-01-02_3682,2014-01-02,3682,亞太電,twse,15.45,15.50,15.35,15.40,5812500,89647195,-0.05,,,1551,,
2014-01-02_3685,2014-01-02,3685,政翔,tpex,24.35,24.45,23.20,23.40,792000,18708100,-0.95,,40448848,416,,
2014-01-02_3686,2014-01-02,3686,達能,twse,16.35,16.35,15.50,15.90,14565720,232530515,-0.65,,,4159,,
2014-01-02_3687,2014-01-02,3687,歐買尬,tpex,96.50,96.50,93.70,94.10,553000,52364100,-1.60,,30059572,452,,
2014-01-02_3689,2014-01-02,3689,湧德,tpex,91.40,91.70,89.10,89.50,959000,86215100,-1.60,,67597069,619,,
2014-01-02_3691,2014-01-02,3691,碩禾,tpex,476.00,488.00,465.00,483.50,1048000,499423500,3.50,,50744297,936,,
2014-01-02_3693,2014-01-02,3693,營邦,tpex,181.50,194.50,177.50,194.50,1227000,231860000,12.50,,38256694,829,,
2014-01-02_3694,2014-01-02,3694,海華,twse,18.35,18.35,17.90,18.25,322525,5860525,0.1,,,137,,
2014-01-02_3697,2014-01-02,3697,F-晨星,twse,347.00,350.00,347.00,349.50,1134369,395908412,2.5,,,756,,
2014-01-02_3698,2014-01-02,3698,隆達,twse,31.65,33.55,31.50,33.55,36620225,1207707481,2.15,,,10935,,
2014-01-02_3701,2014-01-02,3701,大眾控,twse,8.00,8.00,8.00,8.00,3088,23758,0.44,up,,14,,
2014-01-02_3702,2014-01-02,3702,大聯大,twse,34.40,34.95,34.40,34.80,6852233,238069470,0.5,,,2928,,
2014-01-02_3703,2014-01-02,3703,欣陸,twse,10.75,10.80,10.70,10.80,314160,3384208,0.05,,,114,,
2014-01-02_3704,2014-01-02,3704,合勤控,twse,18.90,19.95,18.70,19.65,9664830,187367660,0.95,,,3155,,
2014-01-02_3705,2014-01-02,3705,永信,twse,54.70,55.40,54.70,55.10,256470,14119195,0.4,,,197,,
2014-01-02_3706,2014-01-02,3706,神達,twse,29.10,29.70,28.80,28.85,18127497,528931090,0.05,,,6565,,
2014-01-02_4102,2014-01-02,4102,永日,tpex,29.10,30.00,29.10,29.75,188000,5577350,0.85,,42373443,104,,
2014-01-02_4103,2014-01-02,4103,百略,tpex,81.70,81.70,81.10,81.30,56000,4551300,0.30,,109996975,40,,
2014-01-02_4104,2014-01-02,4104,佳醫,twse,59.50,59.50,59.00,59.10,365234,21629106,-0.1,,,234,,
2014-01-02_4105,2014-01-02,4105,東洋,tpex,91.40,92.10,90.80,92.10,848000,77573800,0.90,,233036513,544,,
2014-01-02_4106,2014-01-02,4106,雃博,twse,32.70,32.70,32.35,32.50,148600,4821429,0.0,,,119,,
2014-01-02_4107,2014-01-02,4107,邦特,tpex,64.70,65.50,64.00,64.10,1962000,126914900,-0.60,,83776936,1262,,
2014-01-02_4108,2014-01-02,4108,懷特,twse,37.90,38.20,37.80,38.00,423793,16084204,0.1,,,269,,
2014-01-02_4109,2014-01-02,4109,加捷,tpex,26.50,27.20,26.20,27.15,1335000,35952550,0.75,,65173357,681,,
2014-01-02_4111,2014-01-02,4111,濟生,tpex,30.10,30.50,30.10,30.30,931000,28206200,0.30,,52182221,449,,
2014-01-02_4113,2014-01-02,4113,聯上,tpex,22.70,22.80,22.60,22.60,140000,3182500,0.00,,125649917,71,,
2014-01-02_4114,2014-01-02,4114,健喬,tpex,38.60,39.30,38.45,39.30,899000,34999050,0.60,,107619509,546,,
2014-01-02_4119,2014-01-02,4119,旭富,twse,61.30,61.30,60.70,60.80,228005,13887097,0.0,,,189,,
2014-01-02_4120,2014-01-02,4120,友華,tpex,87.70,88.00,86.60,87.50,449000,39204800,0.30,,86747119,360,,
2014-01-02_4121,2014-01-02,4121,優盛,tpex,18.60,19.90,18.60,19.85,1018000,19926250,1.25,,73316764,491,,
2014-01-02_4123,2014-01-02,4123,晟德,tpex,62.60,63.50,62.00,62.90,672000,42182000,0.90,,160707429,361,,
2014-01-02_4126,2014-01-02,4126,太醫,tpex,99.30,99.90,99.30,99.70,58000,5779700,0.50,,66015216,51,,
2014-01-02_4127,2014-01-02,4127,天良,tpex,23.50,23.70,23.30,23.45,411000,9636400,0.00,,45760000,229,,
2014-01-02_4128,2014-01-02,4128,中天,tpex,33.25,33.25,32.25,32.95,4905000,161198100,1.85,,425342650,2636,,
2014-01-02_4129,2014-01-02,4129,聯合,tpex,42.00,42.75,42.00,42.55,352000,14915050,0.55,,53369952,207,,
2014-01-02_4130,2014-01-02,4130,健亞,tpex,38.50,39.00,38.30,38.40,555000,21383600,-0.30,,96956000,352,,
2014-01-02_4131,2014-01-02,4131,晶宇,tpex,8.62,8.93,8.50,8.80,35000,303710,0.05,,48291934,18,,
2014-01-02_4133,2014-01-02,4133,亞諾法,twse,44.20,44.50,43.80,44.10,181000,7973550,0.0,,,140,,
2014-01-02_4137,2014-01-02,4137,麗豐-KY,twse,306.00,325.00,306.00,325.00,742911,236976575,21.0,,,579,,
2014-01-02_4138,2014-01-02,4138,曜亞,tpex,74.80,75.70,74.70,74.90,98000,7350200,-1.40,,26500000,61,,
2014-01-02_4139,2014-01-02,4139,F-馬光,tpex,74.10,77.60,74.00,75.10,28000,2105300,0.60,,28250000,13,,
2014-01-02_4141,2014-01-02,4141,龍燈-KY,twse,66.50,67.90,66.00,66.10,1369000,91303700,0.1,,,725,,
2014-01-02_4142,2014-01-02,4142,國光生,twse,44.90,45.20,44.50,44.50,1105282,49561449,0.6,,,711,,
2014-01-02_4144,2014-01-02,4144,康聯-KY,twse,82.90,84.50,82.80,84.50,759627,63468717,1.6,,,568,,
2014-01-02_4152,2014-01-02,4152,台微體,tpex,349.50,355.00,345.00,352.00,235000,82578500,7.00,,54559469,206,,
2014-01-02_4153,2014-01-02,4153,鈺緯,tpex,54.10,54.20,53.50,53.80,95000,5120300,0.10,,22539500,70,,
2014-01-02_4154,2014-01-02,4154,F-康樂,tpex,25.75,26.60,25.75,26.60,218000,5705450,1.70,,21800000,125,,
2014-01-02_4160,2014-01-02,4160,創源,tpex,31.00,33.25,30.60,33.25,1338000,43200150,2.15,,24017516,778,,
2014-01-02_4161,2014-01-02,4161,聿新科,tpex,65.20,67.60,64.50,65.50,1705000,113051500,2.20,,38268665,879,,
2014-01-02_4162,2014-01-02,4162,智擎,tpex,214.00,226.50,212.50,226.50,1747000,388504500,14.50,,100253000,1274,,
2014-01-02_4163,2014-01-02,4163,鐿鈦,tpex,134.00,135.50,133.00,135.00,286000,38344000,1.00,,40238000,222,,
2014-01-02_4164,2014-01-02,4164,承業醫,twse,77.70,77.70,76.60,76.80,682361,52574211,0.4,,,463,,
2014-01-02_4168,2014-01-02,4168,醣聯,tpex,103.50,109.00,102.00,109.00,883000,93866000,7.00,,69580778,690,,
2014-01-02_4173,2014-01-02,4173,久裕,tpex,55.30,55.50,54.20,54.30,300000,16417300,-0.50,,44574355,236,,
2014-01-02_4180,2014-01-02,4180,安成藥,tpex,316.00,327.00,315.00,325.00,823000,265006500,9.50,,112606223,624,,
2014-01-02_4205,2014-01-02,4205,中華食,tpex,39.30,39.30,39.20,39.30,14000,549400,0.00,,72704362,14,,
2014-01-02_4207,2014-01-02,4207,環泰,tpex,17.45,17.45,17.35,17.45,281000,4889350,0.00,,154617369,117,,
2014-01-02_4303,2014-01-02,4303,信立,tpex,8.90,9.14,8.90,9.13,93000,844260,-0.01,,70000000,21,,
2014-01-02_4304,2014-01-02,4304,勝昱,tpex,8.10,8.29,8.10,8.29,5000,40710,0.19,,59672500,3,,
2014-01-02_4305,2014-01-02,4305,世坤,tpex,26.75,26.95,26.70,26.75,37000,989950,-0.25,,55014000,20,,
2014-01-02_4306,2014-01-02,4306,炎洲,twse,22.25,22.50,22.25,22.40,1069315,23955655,0.15,,,417,,
2014-01-02_4401,2014-01-02,4401,東隆興,tpex,108.50,109.50,105.00,105.00,1049000,111380000,-3.50,,120286286,747,,
2014-01-02_4402,2014-01-02,4402,福大,tpex,9.67,9.67,9.04,9.34,1655000,15402340,-0.26,,88269608,404,,
2014-01-02_4406,2014-01-02,4406,新昕纖,tpex,7.79,7.79,7.70,7.70,12000,93300,0.22,,51912000,11,,
2014-01-02_4413,2014-01-02,4413,飛寶,tpex,7.44,7.51,7.44,7.51,10000,74680,-0.49,,64382297,2,,
2014-01-02_4414,2014-01-02,4414,如興,twse,14.35,14.50,14.30,14.35,772605,11096198,0.05,,,284,,
2014-01-02_4416,2014-01-02,4416,三圓,tpex,139.50,139.50,135.00,136.00,23000,3151000,5.50,,60000000,18,,
2014-01-02_4417,2014-01-02,4417,金洲,tpex,19.60,19.85,19.60,19.70,348000,6869900,0.20,,76870639,176,,
2014-01-02_4419,2014-01-02,4419,松懋,tpex,5.24,5.28,4.89,5.27,144000,735310,0.02,,39298194,59,,
2014-01-02_4420,2014-01-02,4420,光明,tpex,26.20,26.20,26.20,26.20,3000,78600,0.60,up,29455000,2,,
2014-01-02_4426,2014-01-02,4426,利勤,twse,32.25,32.80,32.15,32.50,44766,1455243,0.25,,,42,,
2014-01-02_4429,2014-01-02,4429,聚紡,tpex,34.10,34.50,33.85,34.00,116000,3951900,0.00,,34350000,68,,
2014-01-02_4430,2014-01-02,4430,耀億,tpex,40.20,40.40,40.10,40.30,193000,7762000,0.10,,55961778,123,,
2014-01-02_4432,2014-01-02,4432,銘旺實,tpex,81.60,81.60,80.50,80.60,161000,13005300,-1.00,,43800000,113,,
2014-01-02_4502,2014-01-02,4502,源恆,tpex,4.10,4.10,4.00,4.00,18000,72500,0.00,,58966245,5,,
2014-01-02_4503,2014-01-02,4503,金雨,tpex,11.60,11.60,11.35,11.40,80000,916250,-0.20,,36763326,30,,
2014-01-02_4506,2014-01-02,4506,崇友,tpex,24.30,24.30,23.75,23.80,546000,13038250,-0.45,,196680000,212,,
2014-01-02_4510,2014-01-02,4510,高鋒,tpex,19.20,19.30,19.15,19.25,686000,13190300,0.05,,89433355,257,,
2014-01-02_4513,2014-01-02,4513,福裕,tpex,9.72,9.79,9.70,9.73,176000,1710790,-0.05,,76880300,44,,
2014-01-02_4523,2014-01-02,4523,永彰,tpex,31.95,32.75,31.70,31.95,1057000,34014150,0.30,,64000000,543,,
2014-01-02_4526,2014-01-02,4526,東台,twse,26.90,27.05,26.85,26.85,295413,7957563,-0.05,,,147,,
2014-01-02_4527,2014-01-02,4527,方土霖,tpex,28.90,30.20,28.80,29.40,1029000,30610050,0.75,,76152370,497,,
2014-01-02_4528,2014-01-02,4528,江興鍛,tpex,38.50,38.50,37.40,37.70,1810000,68376500,-0.90,,72870731,1041,,
2014-01-02_4529,2014-01-02,4529,昶洧,tpex,14.00,14.00,13.70,13.70,11000,152000,-0.35,,52339796,7,,
2014-01-02_4530,2014-01-02,4530,宏易,tpex,8.39,8.40,7.59,7.59,10000,81520,-0.56,,36012276,3,,
2014-01-02_4532,2014-01-02,4532,瑞智,twse,31.95,32.25,31.70,31.70,1860118,59428720,-0.25,,,807,,
2014-01-02_4533,2014-01-02,4533,協易機,tpex,16.25,16.30,16.00,16.05,1259000,20249450,-0.15,,143481110,387,,
2014-01-02_4534,2014-01-02,4534,慶騰,tpex,17.40,17.85,17.30,17.60,1621000,28471700,-0.25,,66588086,568,,
2014-01-02_4535,2014-01-02,4535,至興,tpex,43.60,44.30,43.45,43.55,94000,4107350,0.00,,75661740,58,,
2014-01-02_4536,2014-01-02,4536,拓凱,twse,164.50,164.50,161.50,162.00,203010,33038150,-4.0,,,161,,
2014-01-02_4609,2014-01-02,4609,唐鋒,tpex,14.10,14.15,13.90,14.00,181000,2536900,0.00,,47946820,90,,
2014-01-02_4702,2014-01-02,4702,中美實,tpex,19.20,19.60,18.80,18.85,114000,2201950,-0.35,,200000000,85,,
2014-01-02_4703,2014-01-02,4703,揚華,tpex,58.20,58.50,57.50,57.80,898000,52041300,-0.50,,61157866,369,,
2014-01-02_4706,2014-01-02,4706,大恭,tpex,18.00,18.15,18.00,18.00,29000,523900,0.00,,79030093,16,,
2014-01-02_4707,2014-01-02,4707,磐亞,tpex,11.05,11.05,10.85,10.90,971000,10598850,-0.15,,225446492,257,,
2014-01-02_4711,2014-01-02,4711,永純,tpex,16.30,16.45,16.00,16.05,146000,2368000,-0.20,,61056000,109,,
2014-01-02_4712,2014-01-02,4712,南璋,tpex,34.30,34.60,34.20,34.50,124000,4273250,0.30,,93265315,67,,
2014-01-02_4714,2014-01-02,4714,永捷,tpex,12.00,12.05,11.85,12.00,192000,2293400,-0.05,,42444679,50,,
2014-01-02_4716,2014-01-02,4716,大立,tpex,17.80,17.85,17.45,17.45,158000,2787000,-0.20,,68076148,80,,
2014-01-02_4720,2014-01-02,4720,德淵,tpex,15.05,15.15,15.05,15.10,35000,528850,0.00,,75382056,14,,
2014-01-02_4721,2014-01-02,4721,美琪瑪,tpex,22.25,22.25,21.90,21.95,114000,2514200,-0.30,,74986304,65,,
2014-01-02_4722,2014-01-02,4722,國精化,twse,27.05,27.10,26.70,26.70,564280,15142389,-0.1,,,288,,
2014-01-02_4725,2014-01-02,4725,信昌化,twse,28.40,28.40,28.15,28.35,521100,14736645,0.25,,,350,,
2014-01-02_4726,2014-01-02,4726,永昕,tpex,70.60,73.90,70.60,72.50,1451000,105242900,1.90,,110286000,1065,,
2014-01-02_4728,2014-01-02,4728,雙美,tpex,38.70,38.80,38.20,38.20,553000,21279950,-0.30,,54463000,324,,
2014-01-02_4729,2014-01-02,4729,熒茂,tpex,10.05,10.40,10.05,10.30,280000,2867700,0.25,,101902000,121,,
2014-01-02_4733,2014-01-02,4733,上緯,twse,87.20,88.80,86.10,86.20,2821558,246336503,-0.8,,,1794,,
2014-01-02_4735,2014-01-02,4735,豪展,tpex,17.40,17.60,17.25,17.50,97000,1695300,0.10,,28720011,58,,
2014-01-02_4736,2014-01-02,4736,泰博,tpex,77.80,79.80,77.10,78.90,569000,44521500,1.90,,63202908,381,,
2014-01-02_4737,2014-01-02,4737,華廣,twse,63.80,64.20,63.30,63.30,10100,643829,-0.5,,,11,,
2014-01-02_4739,2014-01-02,4739,康普,tpex,20.50,20.50,20.20,20.50,49000,990400,0.00,,51061427,8,,
2014-01-02_4743,2014-01-02,4743,合一,tpex,45.20,46.00,45.20,45.60,611000,27854750,0.40,,128795000,428,,
2014-01-02_4745,2014-01-02,4745,F-合富,tpex,84.90,87.40,84.90,87.40,151000,12986300,2.60,,53966561,107,,
2014-01-02_4746,2014-01-02,4746,台耀,twse,67.70,68.50,67.00,67.60,462573,31240534,0.1,,,321,,
2014-01-02_4747,2014-01-02,4747,強生,tpex,95.60,96.90,93.40,94.80,326000,30990500,0.80,,22950000,282,,
2014-01-02_4755,2014-01-02,4755,三福化,twse,31.00,31.40,30.80,31.30,200000,6233350,0.3,,,107,,
2014-01-02_4903,2014-01-02,4903,聯光通,tpex,11.40,11.45,11.30,11.35,713000,8111750,-0.05,,86451279,230,,
2014-01-02_4904,2014-01-02,4904,遠傳,twse,65.50,65.50,64.60,64.90,2405510,156012400,-0.6,,,1271,,
2014-01-02_4905,2014-01-02,4905,台聯電,tpex,20.00,20.00,20.00,20.00,20000,400000,0.00,flat,51222516,4,,
2014-01-02_4906,2014-01-02,4906,正文,twse,28.25,28.65,28.25,28.55,2886262,82121658,0.35,,,1329,,
2014-01-02_4907,2014-01-02,4907,富宇,tpex,13.00,13.00,12.75,12.75,27000,345250,-0.25,,138145778,7,,
2014-01-02_4908,2014-01-02,4908,前鼎,tpex,27.30,27.80,27.30,27.50,530000,14615350,0.20,,74831157,278,,
2014-01-02_4909,2014-01-02,4909,新復興,tpex,41.45,42.75,41.20,42.00,5201000,218278250,1.75,,92504456,2619,,
2014-01-02_4911,2014-01-02,4911,德英,tpex,68.10,68.60,67.00,68.00,908000,61375400,-0.10,,55000000,599,,
2014-01-02_4912,2014-01-02,4912,F-聯德,tpex,51.80,51.90,51.20,51.20,261000,13438100,-0.60,,32800000,186,,
2014-01-02_4915,2014-01-02,4915,致伸,twse,27.40,27.90,27.20,27.25,5497000,151028850,0.1,,,1872,,
2014-01-02_4916,2014-01-02,4916,事欣科,twse,47.00,47.70,46.40,47.00,947565,44533605,0.2,,,489,,
2014-01-02_4919,2014-01-02,4919,新唐,twse,26.20,26.60,26.00,26.35,928338,24390904,0.55,,,545,,
2014-01-02_4924,2014-01-02,4924,F-欣厚,tpex,33.60,35.00,33.50,35.00,49000,1677650,1.40,,33589474,29,,
2014-01-02_4927,2014-01-02,4927,F-泰鼎,tpex,38.15,38.35,37.80,38.15,776000,29560350,-0.25,,97051414,278,,
2014-01-02_4930,2014-01-02,4930,燦星網,twse,15.20,15.40,15.10,15.15,1622131,24702774,-0.05,,,436,,
2014-01-02_4933,2014-01-02,4933,友輝,tpex,73.00,73.00,70.50,70.80,1268000,90591200,-1.50,,78211675,825,,
2014-01-02_4934,2014-01-02,4934,太極,twse,28.00,28.20,27.45,27.50,14174300,392759821,-1.0,,,5927,,
2014-01-02_4935,2014-01-02,4935,茂林-KY,twse,33.75,34.30,33.55,34.00,1057579,35957563,0.2,,,298,,
2014-01-02_4938,2014-01-02,4938,和碩,twse,38.30,38.55,38.15,38.30,4049251,155224270,-0.1,,,1575,,
2014-01-02_4939,2014-01-02,4939,亞電,tpex,15.40,15.60,15.35,15.60,217000,3362950,0.25,,86961073,108,,
2014-01-02_4942,2014-01-02,4942,嘉彰,twse,39.50,39.90,39.40,39.55,1460640,57955008,0.4,,,865,,
2014-01-02_4944,2014-01-02,4944,兆遠,tpex,28.25,28.80,27.95,28.10,3708000,105235050,0.55,,170518226,1502,,
2014-01-02_4946,2014-01-02,4946,辣椒,tpex,49.00,50.40,49.00,49.50,138000,6851150,1.20,,24663900,106,,
2014-01-02_4947,2014-01-02,4947,F-昂寶,tpex,279.00,288.00,277.00,277.00,870000,244742000,2.00,,43451950,714,,
2014-01-02_4950,2014-01-02,4950,牧東,tpex,12.40,12.75,12.40,12.55,236000,2967000,0.15,,76876000,105,,
2014-01-02_4952,2014-01-02,4952,凌通,twse,33.80,34.35,33.80,34.35,2421000,82729450,0.7,,,916,,
2014-01-02_4956,2014-01-02,4956,光鋐,twse,24.40,24.95,24.20,24.75,1393639,34444531,0.8,,,595,,
2014-01-02_4958,2014-01-02,4958,臻鼎-KY,twse,72.20,73.70,71.90,73.40,6051631,442353707,1.6,,,3042,,
2014-01-02_4960,2014-01-02,4960,誠美材,twse,36.65,37.20,36.45,36.85,6480531,238966989,0.4,,,2836,,
2014-01-02_4965,2014-01-02,4965,商店街,tpex,245.50,245.50,241.00,241.00,95000,23065000,-2.00,,17621648,84,,
2014-01-02_4966,2014-01-02,4966,F-譜瑞,tpex,235.00,245.50,233.00,245.00,4456000,1074440500,12.00,,74717538,3207,,
2014-01-02_4971,2014-01-02,4971,F-IET,tpex,63.90,66.20,63.20,65.60,336000,21756500,1.90,,30000687,280,,
2014-01-02_4972,2014-01-02,4972,湯石,tpex,36.85,38.70,36.50,38.70,2046000,78436100,2.50,,35186822,1042,,
2014-01-02_4973,2014-01-02,4973,廣穎,tpex,38.65,38.70,38.15,38.50,200000,7692200,0.10,,60203930,95,,
2014-01-02_4974,2014-01-02,4974,亞泰,tpex,46.65,47.90,46.20,46.20,2464000,115565850,-0.15,,61830281,1479,,
2014-01-02_4976,2014-01-02,4976,佳凌,twse,29.00,30.20,28.75,29.75,213070,6287189,1.05,,,124,,
2014-01-02_4977,2014-01-02,4977,眾達-KY,twse,100.00,104.00,98.20,104.00,1584061,159882171,4.7,,,1103,,
2014-01-02_4979,2014-01-02,4979,華星光,tpex,44.10,45.30,44.00,44.20,2678000,119467800,0.05,,60800896,1430,,
2014-01-02_4984,2014-01-02,4984,科納-KY,twse,47.90,48.30,46.50,47.00,460375,21813086,-0.5,,,315,,
2014-01-02_4987,2014-01-02,4987,科誠,tpex,84.40,89.60,84.40,88.00,594000,51886300,4.00,,24000000,476,,
2014-01-02_4994,2014-01-02,4994,傳奇,twse,134.00,134.00,131.50,131.50,102500,13539000,-2.5,,,85,,
2014-01-02_4995,2014-01-02,4995,晶達,tpex,22.15,22.15,21.90,22.15,25000,550300,0.30,,34015000,18,,
2014-01-02_4999,2014-01-02,4999,鑫禾,twse,59.70,63.40,59.70,62.90,3207629,199447924,3.2,,,1946,,
2014-01-02_5007,2014-01-02,5007,三星,twse,69.90,69.90,68.80,69.20,605181,41861889,-0.7,,,375,,
2014-01-02_5009,2014-01-02,5009,榮剛,tpex,21.90,22.10,21.80,21.85,1459000,32013250,0.05,,446962455,526,,
2014-01-02_5011,2014-01-02,5011,久陽,tpex,20.45,20.45,20.35,20.35,4000,81500,1.20,,32623779,4,,
2014-01-02_5013,2014-01-02,5013,強新,tpex,16.95,17.25,16.80,17.00,456000,7785200,0.20,,99574000,185,,
2014-01-02_5014,2014-01-02,5014,建錩,tpex,6.92,6.99,6.88,6.88,22000,152290,-0.01,,165333054,18,,
2014-01-02_5015,2014-01-02,5015,華祺,tpex,15.70,15.70,15.65,15.70,25000,391800,0.05,,60639189,12,,
2014-01-02_5016,2014-01-02,5016,松和,tpex,26.65,26.70,26.50,26.50,33000,879050,-0.15,,49622076,23,,
2014-01-02_5102,2014-01-02,5102,富強,tpex,14.90,14.90,14.50,14.85,26000,384950,0.05,,64085067,14,,
2014-01-02_5201,2014-01-02,5201,凱衛,tpex,14.90,15.20,14.55,14.55,199000,2957200,-0.25,,30674600,101,,
2014-01-02_5202,2014-01-02,5202,力新,tpex,5.70,5.74,5.65,5.70,136000,773360,0.05,,60694000,53,,
2014-01-02_5203,2014-01-02,5203,訊連,twse,85.50,85.50,85.00,85.10,118067,10058296,0.1,,,106,,
2014-01-02_5205,2014-01-02,5205,漢康,tpex,4.64,4.64,4.34,4.34,36000,166740,0.00,,27513000,7,,
2014-01-02_5206,2014-01-02,5206,坤悅,tpex,15.50,15.60,15.45,15.45,28000,433450,-0.15,,121600000,15,,
2014-01-02_5209,2014-01-02,5209,新鼎,tpex,55.10,56.00,55.10,55.70,13000,721500,0.20,,23062750,10,,
2014-01-02_5210,2014-01-02,5210,寶碩,tpex,8.89,8.99,8.89,8.96,129000,1152500,0.00,,69026779,47,,
2014-01-02_5211,2014-01-02,5211,蒙恬,tpex,23.80,23.80,23.35,23.35,43000,1009250,0.15,,32024727,30,,
2014-01-02_5212,2014-01-02,5212,凌網,tpex,13.25,13.25,13.15,13.20,24000,316900,0.05,,34633000,11,,
2014-01-02_5213,2014-01-02,5213,亞昕,tpex,23.90,24.15,23.90,24.05,376000,9019150,0.15,,369498121,135,,
2014-01-02_5215,2014-01-02,5215,科嘉-KY,twse,24.25,25.00,24.25,24.90,105150,2603754,0.4,,,53,,
2014-01-02_5225,2014-01-02,5225,東科-KY,twse,80.60,80.60,79.50,80.00,158111,12671146,-0.6,,,93,,
2014-01-02_5227,2014-01-02,5227,F-立凱,tpex,74.00,74.20,72.90,73.00,781000,57178500,-1.30,,142073654,483,,
2014-01-02_5230,2014-01-02,5230,雷笛克,tpex,101.00,106.00,101.00,106.00,3242000,340830500,6.50,,41475657,1344,,
2014-01-02_5234,2014-01-02,5234,達興材料,twse,67.10,67.90,65.70,66.10,320179,21361660,-0.8,,,199,,
2014-01-02_5243,2014-01-02,5243,乙盛-KY,twse,48.75,49.00,48.35,48.70,665200,32389100,-0.2,,,497,,
2014-01-02_5251,2014-01-02,5251,天鉞電,tpex,75.50,76.30,75.40,76.00,131000,9938800,0.60,,25368314,102,,
2014-01-02_5259,2014-01-02,5259,奕智博,twse,18.60,19.90,18.35,19.90,2140390,41818011,1.3,,,913,,
2014-01-02_5261,2014-01-02,5261,創傑,tpex,99.90,107.00,98.20,104.00,3408000,348599700,3.50,,67187704,2102,,
2014-01-02_5263,2014-01-02,5263,智崴,tpex,176.00,188.00,174.00,188.00,619000,112933000,10.00,,26773966,492,,
2014-01-02_5264,2014-01-02,5264,鎧勝-KY,twse,157.50,160.50,157.00,159.00,4424395,704455805,3.0,,,2786,,
2014-01-02_5269,2014-01-02,5269,祥碩,twse,37.80,37.95,37.25,37.75,120486,4526241,-0.3,,,95,,
2014-01-02_5272,2014-01-02,5272,笙科,tpex,50.90,53.00,49.80,51.60,2844000,147072850,1.20,,45964752,1680,,
2014-01-02_5274,2014-01-02,5274,信驊,tpex,190.00,202.00,190.00,197.00,325000,64257000,7.00,,23861698,264,,
2014-01-02_5278,2014-01-02,5278,尚凡,tpex,128.00,128.00,124.50,124.50,60000,7537500,-1.50,,12933000,59,,
2014-01-02_5280,2014-01-02,5280,F-敦泰,twse,244.00,245.50,240.50,242.00,467675,113377511,0.5,,,379,,
2014-01-02_5289,2014-01-02,5289,宜鼎,tpex,69.00,72.70,69.00,72.70,2280000,163573600,4.70,,54803881,1228,,
2014-01-02_5301,2014-01-02,5301,寶得利,tpex,16.80,16.80,15.90,15.90,5000,82200,0.00,,72994158,3,,
2014-01-02_5302,2014-01-02,5302,太欣,tpex,8.78,9.30,8.73,9.30,1212000,11052070,0.60,,162377000,310,,
2014-01-02_5304,2014-01-02,5304,鼎創達,tpex,2.85,3.04,2.85,3.04,26000,76950,0.19,,185962436,10,,
2014-01-02_5305,2014-01-02,5305,敦南,twse,19.25,19.45,19.25,19.30,1462900,28260572,-0.05,,,551,,
2014-01-02_5306,2014-01-02,5306,桂盟,tpex,125.50,129.50,125.50,127.00,223000,28447000,1.50,,105610206,187,,
2014-01-02_5309,2014-01-02,5309,系統電,tpex,11.70,12.10,11.70,11.85,1856000,22198650,0.15,,164261616,467,,
2014-01-02_5310,2014-01-02,5310,天剛,tpex,28.20,28.20,27.35,27.35,53000,1475100,-0.85,,37576696,28,,
2014-01-02_5312,2014-01-02,5312,寶島科,tpex,108.50,108.50,108.00,108.00,122000,13195500,0.00,,60059898,75,,
2014-01-02_5314,2014-01-02,5314,世紀,tpex,7.67,7.99,7.60,7.90,158000,1229880,0.32,,60000000,68,,
2014-01-02_5315,2014-01-02,5315,光聯,tpex,4.10,4.10,4.02,4.04,807000,3268230,-0.03,,158351832,129,,
2014-01-02_5317,2014-01-02,5317,凱美,tpex,9.96,9.96,9.80,9.85,105000,1034100,0.08,,136389469,39,,
2014-01-02_5321,2014-01-02,5321,友銓,tpex,,,,,0,0,,,28800000,0,無成交,
2014-01-02_5324,2014-01-02,5324,士開,tpex,41.85,42.40,41.85,42.15,284000,11957600,0.25,,76379090,155,,
2014-01-02_5326,2014-01-02,5326,漢磊,tpex,10.15,10.25,9.99,10.10,1099000,11062750,0.05,,326638308,300,,
2014-01-02_5328,2014-01-02,5328,華容,tpex,7.38,7.67,7.33,7.59,677000,5102150,0.29,,179442324,171,,
2014-01-02_5340,2014-01-02,5340,建榮,tpex,4.45,4.45,4.27,4.36,157000,683170,-0.01,,165893964,50,,
2014-01-02_5344,2014-01-02,5344,立衛,tpex,11.60,11.60,10.90,11.20,1331000,15134150,0.35,,79447460,691,,
2014-01-02_5345,2014-01-02,5345,天揚,tpex,6.26,6.34,6.22,6.22,69000,430770,-0.04,,50000000,35,,
2014-01-02_5347,2014-01-02,5347,世界,tpex,35.40,35.85,35.10,35.80,2977000,106258900,0.40,,1636196954,2327,,
2014-01-02_5348,2014-01-02,5348,系通,tpex,10.65,10.65,10.35,10.35,5000,52900,0.30,,25950310,5,,
2014-01-02_5349,2014-01-02,5349,先豐,tpex,35.15,36.85,34.85,36.80,14915000,538593850,2.35,,224096373,6120,,
2014-01-02_5351,2014-01-02,5351,鈺創,tpex,13.55,14.35,13.55,14.25,6628000,92919500,0.80,,445866837,1823,,
2014-01-02_5353,2014-01-02,5353,台林,tpex,12.80,13.05,12.75,12.90,353000,4548450,0.20,,94191085,147,,
2014-01-02_5355,2014-01-02,5355,佳總,tpex,13.90,14.30,13.80,14.30,1191000,16809500,0.40,,162736814,477,,
2014-01-02_5356,2014-01-02,5356,協益,tpex,56.30,56.90,56.30,56.40,553000,31237600,0.10,,129441000,283,,
2014-01-02_5364,2014-01-02,5364,易福,tpex,30.40,32.10,30.40,32.10,15000,479100,2.10,,5099940,9,,
2014-01-02_5371,2014-01-02,5371,中光電,tpex,29.70,29.80,29.10,29.35,3359000,98350950,-0.10,,724038518,1465,,
2014-01-02_5381,2014-01-02,5381,合正,tpex,3.06,3.17,3.06,3.16,1067000,3336550,0.08,,187054388,263,,
2014-01-02_5383,2014-01-02,5383,金利,tpex,12.40,13.25,12.30,12.75,730000,9385700,0.35,,71414234,241,,
2014-01-02_5384,2014-01-02,5384,捷元,tpex,13.50,13.90,13.50,13.70,119000,1637650,0.20,,79569450,52,,
2014-01-02_5386,2014-01-02,5386,青雲,tpex,22.10,23.50,22.10,23.45,13000,300250,1.45,,11144958,9,,
2014-01-02_5388,2014-01-02,5388,中磊,twse,52.30,54.60,51.80,53.00,20260452,1084529656,1.9,,,8345,,
2014-01-02_5392,2014-01-02,5392,應華,tpex,48.05,48.70,48.05,48.40,178000,8613250,0.35,,81348284,121,,
2014-01-02_5395,2014-01-02,5395,圓方,tpex,9.79,10.40,9.79,10.40,10000,100950,0.61,,37361355,4,,
2014-01-02_5398,2014-01-02,5398,力瑋,tpex,40.00,42.00,39.95,42.00,1138000,46991200,2.50,,41750541,522,,
2014-01-02_5403,2014-01-02,5403,中菲,tpex,25.10,25.10,24.80,24.85,627000,15665550,-0.25,,73682402,259,,
2014-01-02_5410,2014-01-02,5410,國眾,tpex,12.70,13.00,12.70,12.85,1135000,14567900,0.20,,89740123,399,,
2014-01-02_5425,2014-01-02,5425,台半,tpex,28.50,29.90,28.50,29.50,4270000,125678250,0.70,,244256827,1753,,
2014-01-02_5426,2014-01-02,5426,振發,tpex,14.10,14.20,14.10,14.20,337000,4770300,0.15,,143800000,101,,
2014-01-02_5432,2014-01-02,5432,達威,tpex,16.30,16.30,16.20,16.20,5000,81100,-0.40,,20687804,2,,
2014-01-02_5434,2014-01-02,5434,崇越,twse,60.10,61.30,59.60,60.50,2194934,132799340,1.0,,,1088,,
2014-01-02_5438,2014-01-02,5438,東友,tpex,13.70,13.90,13.35,13.60,1491000,20380650,-0.10,,112536565,421,,
2014-01-02_5439,2014-01-02,5439,高技,tpex,17.80,17.90,17.70,17.90,55000,979300,0.20,,77975752,33,,
2014-01-02_5443,2014-01-02,5443,均豪,tpex,12.40,12.60,12.35,12.40,1140000,14210550,0.05,,173136144,375,,
2014-01-02_5450,2014-01-02,5450,寶聯通,tpex,15.40,15.40,15.05,15.20,120000,1825650,-0.15,,50392250,60,,
2014-01-02_5452,2014-01-02,5452,佶優,tpex,11.85,12.15,11.80,11.90,236000,2828650,0.10,,148882438,132,,
2014-01-02_5455,2014-01-02,5455,訊利電,tpex,2.03,2.03,2.03,2.03,12000,24360,0.11,up,36678750,6,,
2014-01-02_5457,2014-01-02,5457,宣德,tpex,20.25,21.60,20.00,21.60,3959000,82052150,1.35,,167800000,1180,,
2014-01-02_5460,2014-01-02,5460,同協,tpex,11.50,11.55,11.40,11.50,374000,4292500,0.10,,72032030,116,,
2014-01-02_5464,2014-01-02,5464,霖宏,tpex,19.60,19.90,19.60,19.90,40000,792600,0.10,,61177194,16,,
2014-01-02_5465,2014-01-02,5465,富驊,tpex,7.51,7.51,7.17,7.29,49000,355490,0.03,,155231160,25,,
2014-01-02_5466,2014-01-02,5466,泰林,tpex,19.10,20.10,18.85,20.10,6127000,120079550,1.00,,220233450,1785,,
2014-01-02_5468,2014-01-02,5468,凱鈺,tpex,11.50,12.30,11.20,11.50,221000,2543300,-0.40,,44921909,124,,
2014-01-02_5469,2014-01-02,5469,瀚宇博,twse,11.35,11.50,11.30,11.35,2073477,23576806,0.1,,,492,,
2014-01-02_5471,2014-01-02,5471,松翰,twse,42.50,43.90,42.50,43.60,1915052,83105763,1.1,,,1001,,
2014-01-02_5474,2014-01-02,5474,聰泰,tpex,50.40,51.90,50.10,50.50,1226000,62464200,0.50,,33729787,868,,
2014-01-02_5475,2014-01-02,5475,德宏,tpex,6.52,6.75,6.52,6.73,1525000,10144160,0.21,,209768507,313,,
2014-01-02_5478,2014-01-02,5478,智冠,tpex,72.30,73.30,69.50,69.80,3655000,259565500,-2.30,,127474332,2354,,
2014-01-02_5480,2014-01-02,5480,統盟,tpex,21.20,21.40,21.10,21.20,1337000,28388250,0.20,,199097830,475,,
2014-01-02_5481,2014-01-02,5481,華韡,tpex,8.69,8.80,8.62,8.62,43000,375860,-0.02,,97281891,14,,
2014-01-02_5483,2014-01-02,5483,中美晶,tpex,50.00,52.70,48.70,52.40,20848000,1064782850,1.70,,523119081,9703,,
2014-01-02_5484,2014-01-02,5484,慧友,twse,9.91,9.91,9.71,9.84,172970,1691895,0.04,,,80,,
2014-01-02_5487,2014-01-02,5487,通泰,tpex,21.50,22.15,21.10,22.15,776000,16839600,0.95,,22134516,241,,
2014-01-02_5488,2014-01-02,5488,松普,tpex,6.56,6.60,6.53,6.55,234000,1537690,0.02,,91586124,69,,
2014-01-02_5489,2014-01-02,5489,彩富,tpex,79.60,81.10,79.40,79.80,421000,33718200,0.40,,104175441,254,,
2014-01-02_5490,2014-01-02,5490,同亨,tpex,51.60,52.90,49.80,52.00,5072000,261342500,0.40,,94396601,2760,,
2014-01-02_5491,2014-01-02,5491,連展,tpex,10.15,10.50,10.00,10.20,4506000,46413950,0.10,,194947619,1185,,
2014-01-02_5493,2014-01-02,5493,三聯,tpex,28.55,28.55,28.05,28.10,268000,7550250,-0.20,,41368874,141,,
2014-01-02_5498,2014-01-02,5498,凱崴,tpex,7.70,7.78,7.58,7.65,334000,2564000,0.01,,161895880,117,,
2014-01-02_5505,2014-01-02,5505,和旺,tpex,25.80,26.30,25.20,25.30,1951000,50097000,0.05,,129832200,679,,
2014-01-02_5506,2014-01-02,5506,長鴻,tpex,7.58,7.68,7.58,7.68,23000,174940,0.10,,152545000,14,,
2014-01-02_5508,2014-01-02,5508,永信建,tpex,72.70,73.60,71.30,71.70,230000,16570300,-1.00,,181190111,105,,
2014-01-02_5511,2014-01-02,5511,德昌,tpex,27.00,27.15,26.90,27.15,91000,2461850,0.25,,144438820,37,,
2014-01-02_5512,2014-01-02,5512,力麒,tpex,13.45,13.45,13.35,13.35,1539000,20592200,0.00,,763047064,387,,
2014-01-02_5514,2014-01-02,5514,三豐,tpex,21.90,22.10,21.50,21.70,161000,3509850,-0.20,,153602869,68,,
2014-01-02_5515,2014-01-02,5515,建國,twse,13.90,14.10,13.90,14.00,758049,10623736,0.1,,,259,,
2014-01-02_5516,2014-01-02,5516,雙喜,tpex,12.35,12.45,12.35,12.45,3000,37250,0.05,,38295000,2,,
2014-01-02_5519,2014-01-02,5519,隆大,tpex,30.15,30.15,29.70,30.00,183000,5483750,0.00,,150000000,72,,
2014-01-02_5520,2014-01-02,5520,力泰,tpex,29.30,29.80,29.30,29.80,3000,88900,0.40,,70959112,3,,
2014-01-02_5521,2014-01-02,5521,工信,twse,14.70,14.70,14.60,14.65,1862343,27297903,0.05,,,190,,
2014-01-02_5522,2014-01-02,5522,遠雄,twse,50.50,50.50,50.20,50.50,610017,30740756,0.0,,,470,,
2014-01-02_5523,2014-01-02,5523,宏都,tpex,17.50,17.70,17.50,17.70,70000,1231250,0.20,,112851835,36,,
2014-01-02_5525,2014-01-02,5525,順天,twse,19.80,19.90,19.70,19.80,83291,1647432,0.15,,,51,,
2014-01-02_5529,2014-01-02,5529,志嘉,tpex,30.15,30.15,29.70,30.10,65000,1944850,0.35,,90650397,44,,
2014-01-02_5530,2014-01-02,5530,龍巖,tpex,84.00,84.70,83.90,84.00,432000,36408700,0.00,,399084199,253,,
2014-01-02_5531,2014-01-02,5531,鄉林,twse,24.90,25.35,24.90,25.30,1029888,25895983,0.4,,,349,,
2014-01-02_5533,2014-01-02,5533,皇鼎,twse,19.05,19.10,19.00,19.00,197085,3756759,-0.05,,,85,,
2014-01-02_5534,2014-01-02,5534,長虹,twse,91.20,91.40,89.50,89.60,1476767,133115579,-1.9,,,886,,
2014-01-02_5536,2014-01-02,5536,聖暉,tpex,121.00,122.00,120.50,122.00,142000,17266500,1.50,,46135819,100,,
2014-01-02_5538,2014-01-02,5538,東明-KY,twse,26.80,27.10,26.60,26.70,1221419,32756787,0.0,,,632,,
2014-01-02_5601,2014-01-02,5601,台聯櫃,tpex,,,,,0,0,,,64800000,0,無成交,
2014-01-02_5603,2014-01-02,5603,陸海,tpex,11.90,12.10,11.90,12.00,311000,3736450,0.10,,62931495,94,,
2014-01-02_5604,2014-01-02,5604,中連貨,tpex,28.40,28.40,28.20,28.30,52000,1473400,0.20,,108782968,30,,
2014-01-02_5607,2014-01-02,5607,遠雄港,twse,27.50,28.45,27.50,28.45,5293087,149872224,1.85,,,1582,,
2014-01-02_5608,2014-01-02,5608,四維航,twse,21.10,21.30,21.10,21.30,487098,10326863,0.2,,,186,,
2014-01-02_5609,2014-01-02,5609,中菲行,tpex,20.40,20.45,20.25,20.25,299000,6083000,-0.05,,135000000,145,,
2014-01-02_5701,2014-01-02,5701,劍湖山,tpex,5.80,5.85,5.75,5.75,532000,3079760,-0.04,,223761456,159,,
2014-01-02_5703,2014-01-02,5703,亞都,tpex,22.90,23.00,22.70,23.00,71000,1621650,0.00,,70239594,26,,
2014-01-02_5704,2014-01-02,5704,老爺知,tpex,21.10,21.20,21.10,21.20,36000,761000,0.20,,38861658,27,,
2014-01-02_5706,2014-01-02,5706,鳳凰,twse,57.70,57.70,57.20,57.30,213295,12229171,-0.4,,,173,,
2014-01-02_5820,2014-01-02,5820,日盛金,tpex,8.65,8.69,8.63,8.63,4542000,39313810,-0.02,,3099108023,651,,
2014-01-02_5871,2014-01-02,5871,中租-KY,twse,78.40,78.70,77.60,78.50,5295278,413700113,0.1,,,3010,,
2014-01-02_5880,2014-01-02,5880,合庫金,twse,16.35,16.45,16.30,16.35,6673597,109263524,0.05,,,1370,,
2014-01-02_5902,2014-01-02,5902,德記,tpex,22.70,22.70,22.70,22.70,10000,227000,0.10,up,94500000,10,,
2014-01-02_5903,2014-01-02,5903,全家,tpex,187.00,189.00,186.50,188.50,137000,25749000,2.00,,223220000,125,,
2014-01-02_5904,2014-01-02,5904,寶雅,tpex,187.00,189.00,187.00,187.00,31000,5824000,0.50,,92907263,31,,
2014-01-02_5905,2014-01-02,5905,南仁湖,tpex,14.00,14.20,13.85,13.85,1675000,23442700,-0.10,,211580621,512,,
2014-01-02_5906,2014-01-02,5906,台南-KY,twse,9.60,9.70,9.43,9.51,229024,2182888,0.01,,,96,,
2014-01-02_5907,2014-01-02,5907,大洋-KY,twse,62.10,62.10,61.80,61.80,56000,3466800,0.0,,,33,,
2014-01-02_6005,2014-01-02,6005,群益證,twse,11.10,11.30,11.05,11.20,11370760,127372550,0.15,,,1924,,
2014-01-02_6015,2014-01-02,6015,宏遠證,tpex,10.10,10.15,9.90,10.05,4705000,47224420,0.08,,444838775,1082,,
2014-01-02_6016,2014-01-02,6016,康和證,tpex,8.50,8.70,8.44,8.54,4546000,38983650,0.13,,688336792,777,,
2014-01-02_6020,2014-01-02,6020,大展證,tpex,20.20,20.95,20.20,20.55,409000,8461600,0.35,,232583552,157,,
2014-01-02_6021,2014-01-02,6021,大慶證,tpex,16.30,16.70,16.00,16.40,3275000,53625650,0.50,,306755974,832,,
2014-01-02_6022,2014-01-02,6022,大眾證,tpex,10.05,10.40,9.98,10.00,3417000,34768960,0.03,,377761822,573,,
2014-01-02_6023,2014-01-02,6023,元大期,tpex,34.90,35.20,34.85,34.95,59000,2066550,0.40,,232276288,44,,
2014-01-02_6024,2014-01-02,6024,群益期,tpex,27.60,27.80,27.60,27.70,137000,3799900,0.10,,100087847,72,,
2014-01-02_6101,2014-01-02,6101,弘捷,tpex,10.85,11.05,10.55,10.65,129000,1384750,-0.50,,57091250,51,,
2014-01-02_6103,2014-01-02,6103,合邦,tpex,1.87,1.87,1.87,1.87,24000,44880,-0.14,down,85184974,5,,
2014-01-02_6104,2014-01-02,6104,創惟,tpex,22.90,23.60,22.90,23.60,489000,11381350,0.60,,86524184,253,,
2014-01-02_6105,2014-01-02,6105,瑞傳,tpex,28.65,28.90,28.65,28.85,319000,9181600,0.20,,102015609,116,,
2014-01-02_6107,2014-01-02,6107,華美,tpex,50.00,50.00,49.00,49.80,51000,2533600,-0.20,,58979900,23,,
2014-01-02_6108,2014-01-02,6108,競國,twse,17.95,18.00,17.90,17.95,285365,5115501,0.05,,,110,,
2014-01-02_6109,2014-01-02,6109,亞元,tpex,8.99,9.05,8.68,8.68,181000,1596810,-0.23,,72686518,71,,
2014-01-02_6111,2014-01-02,6111,大宇資,tpex,16.50,16.50,16.50,16.50,2000,33000,0.00,flat,36891830,1,,
2014-01-02_6112,2014-01-02,6112,邁達特,twse,31.10,31.20,30.95,31.10,242734,7529423,0.1,,,141,,
2014-01-02_6113,2014-01-02,6113,亞矽,tpex,8.65,8.75,8.65,8.70,74000,643210,0.08,,53607100,21,,
2014-01-02_6114,2014-01-02,6114,翔昇,tpex,11.60,11.60,11.50,11.60,24000,277300,-0.25,,28114446,8,,
2014-01-02_6115,2014-01-02,6115,鎰勝,twse,42.35,42.35,42.10,42.10,72875,3071968,-0.25,,,57,,
2014-01-02_6116,2014-01-02,6116,彩晶,twse,11.10,11.15,10.80,10.85,31472939,344401390,-0.2,,,4919,,
2014-01-02_6117,2014-01-02,6117,迎廣,twse,14.25,14.35,14.20,14.35,18000,256300,0.05,,,8,,
2014-01-02_6118,2014-01-02,6118,建達,tpex,9.60,9.68,9.60,9.66,118000,1136450,0.09,,90889573,54,,
2014-01-02_6120,2014-01-02,6120,達運,twse,11.30,11.50,11.25,11.30,3397222,38610601,0.0,,,1100,,
2014-01-02_6121,2014-01-02,6121,新普,tpex,132.50,135.00,132.50,134.50,1497000,200667000,2.50,,308284198,1078,,
2014-01-02_6122,2014-01-02,6122,擎邦,tpex,11.50,11.50,11.35,11.50,138000,1576600,0.05,,68729089,52,,
2014-01-02_6123,2014-01-02,6123,上奇,tpex,35.15,35.40,34.75,35.20,642000,22453950,0.35,,58748312,317,,
2014-01-02_6124,2014-01-02,6124,業強,tpex,21.40,22.35,21.40,21.65,21000,456300,0.25,,182479945,19,,
2014-01-02_6125,2014-01-02,6125,廣運,tpex,14.15,14.40,13.90,14.00,1109000,15667250,-0.15,,252011150,338,,
2014-01-02_6126,2014-01-02,6126,信音,tpex,14.15,14.60,14.00,14.40,836000,12031900,0.20,,113693175,245,,
2014-01-02_6127,2014-01-02,6127,九豪,tpex,11.10,11.80,11.05,11.80,1371000,15690900,0.75,,85041546,411,,
2014-01-02_6128,2014-01-02,6128,上福,twse,31.50,31.65,31.30,31.35,109014,3429735,-0.1,,,61,,
2014-01-02_6129,2014-01-02,6129,普誠,tpex,8.32,8.45,8.20,8.40,545000,4558530,0.16,,180920675,184,,
2014-01-02_6130,2014-01-02,6130,基因,tpex,46.20,48.30,45.85,48.00,148000,6977900,1.80,,26700000,121,,
2014-01-02_6131,2014-01-02,6131,鈞泰,twse,11.00,11.40,11.00,11.35,523775,5863106,0.25,,,181,,
2014-01-02_6133,2014-01-02,6133,金橋,twse,8.98,9.34,8.98,9.24,457066,4192074,0.26,,,165,,
2014-01-02_6134,2014-01-02,6134,萬旭,tpex,8.81,8.83,8.66,8.83,137000,1200130,-0.07,,89800000,62,,
2014-01-02_6135,2014-01-02,6135,佳營,tpex,18.00,18.60,17.90,18.40,2994000,54877750,0.90,,76188875,1088,,
2014-01-02_6136,2014-01-02,6136,富爾特,twse,24.90,25.00,24.85,24.85,139372,3469500,-0.05,,,87,,
2014-01-02_6138,2014-01-02,6138,茂達,tpex,21.70,22.35,21.70,21.90,2084000,46042650,0.30,,132198233,903,,
2014-01-02_6139,2014-01-02,6139,亞翔,twse,28.50,28.50,28.35,28.50,73304,2087083,0.0,,,49,,
2014-01-02_6140,2014-01-02,6140,訊達,tpex,11.20,11.35,11.20,11.30,6000,67650,0.20,,38367906,4,,
2014-01-02_6141,2014-01-02,6141,柏承,twse,10.60,10.70,10.60,10.65,86651,921649,0.05,,,38,,
2014-01-02_6142,2014-01-02,6142,友勁,twse,9.04,9.42,9.02,9.29,1860746,17222366,0.25,,,645,,
2014-01-02_6143,2014-01-02,6143,振曜,tpex,68.50,69.70,68.30,68.40,1278000,88239100,0.10,,82980897,730,,
2014-01-02_6144,2014-01-02,6144,得利影,tpex,12.25,12.45,12.15,12.45,10000,122550,0.30,,73117806,7,,
2014-01-02_6145,2014-01-02,6145,勁永,twse,16.90,17.15,16.65,17.00,1201906,20394955,0.35,,,512,,
2014-01-02_6146,2014-01-02,6146,耕興,tpex,137.50,142.00,137.50,140.50,551000,77111500,3.00,,82299115,447,,
2014-01-02_6147,2014-01-02,6147,頎邦,tpex,46.85,47.40,46.20,46.50,9381000,438323950,-0.35,,648307842,4682,,
2014-01-02_6148,2014-01-02,6148,驊宏資,tpex,7.08,7.08,6.94,6.95,196000,1369550,0.01,,88000000,58,,
2014-01-02_6150,2014-01-02,6150,撼訊,tpex,11.90,12.20,11.90,12.15,179000,2165500,0.20,,70579582,91,,
2014-01-02_6151,2014-01-02,6151,晉倫,tpex,20.95,21.25,20.90,21.25,227000,4782400,0.35,,51642360,114,,
2014-01-02_6152,2014-01-02,6152,百一,twse,22.50,22.80,22.50,22.80,314654,7144171,0.3,,,212,,
2014-01-02_6153,2014-01-02,6153,嘉聯益,twse,28.55,29.40,28.40,29.15,7001752,202763855,0.85,,,2784,,
2014-01-02_6154,2014-01-02,6154,順發,tpex,21.30,21.45,21.30,21.35,88000,1880100,0.05,,80080000,33,,
2014-01-02_6155,2014-01-02,6155,鈞寶,twse,20.55,20.60,20.30,20.30,36106,735291,0.0,,,20,,
2014-01-02_6156,2014-01-02,6156,松上,tpex,7.24,7.24,7.00,7.24,877000,6299070,0.47,,82660887,288,,
2014-01-02_6158,2014-01-02,6158,禾昌,tpex,14.35,14.90,14.35,14.70,803000,11766350,0.35,,114652975,211,,
2014-01-02_6160,2014-01-02,6160,欣技,tpex,21.00,21.20,20.95,21.00,69000,1451200,-0.10,,70981120,40,,
2014-01-02_6161,2014-01-02,6161,捷波,tpex,8.43,8.43,8.26,8.27,228000,1898560,-0.11,,120833290,102,,
2014-01-02_6163,2014-01-02,6163,華電網,tpex,18.60,19.35,18.55,19.05,3369000,64028200,0.55,,107203692,1142,,
2014-01-02_6164,2014-01-02,6164,華興,twse,19.80,21.00,19.80,21.00,7375247,151893353,1.35,,,2466,,
2014-01-02_6165,2014-01-02,6165,浪凡,twse,6.97,6.97,6.78,6.82,175772,1210323,0.05,,,47,,
2014-01-02_6166,2014-01-02,6166,凌華,twse,51.50,51.80,51.00,51.50,214547,11054604,0.5,,,142,,
2014-01-02_6167,2014-01-02,6167,久正,tpex,1.97,1.99,1.91,1.99,80000,157120,-0.01,,162173221,15,,
2014-01-02_6168,2014-01-02,6168,宏齊,twse,16.45,17.30,16.45,17.10,3026463,51616621,0.7,,,1226,,
2014-01-02_6169,2014-01-02,6169,昱泉,tpex,24.90,24.90,24.20,24.20,144000,3543200,-0.70,,28379000,85,,
2014-01-02_6170,2014-01-02,6170,統振,tpex,12.30,13.15,12.30,13.15,2024000,26330800,0.85,,94952038,636,,
2014-01-02_6171,2014-01-02,6171,亞銳士,tpex,17.35,17.80,17.35,17.40,17000,297850,-0.20,,60351921,12,,
2014-01-02_6172,2014-01-02,6172,互億,twse,7.00,7.00,7.00,7.00,1000,7000,0.23,up,,1,,
2014-01-02_6173,2014-01-02,6173,信昌電,tpex,10.20,10.35,10.20,10.20,345000,3536100,0.00,,185116308,110,,
2014-01-02_6174,2014-01-02,6174,安碁,tpex,18.05,18.45,18.05,18.40,166000,3023950,0.25,,50000000,100,,
2014-01-02_6175,2014-01-02,6175,立敦,tpex,12.75,13.00,12.45,12.65,1483000,18827500,0.00,,114573641,329,,
2014-01-02_6176,2014-01-02,6176,瑞儀,twse,109.00,110.50,109.00,110.50,1769870,194572128,1.5,,,1135,,
2014-01-02_6177,2014-01-02,6177,達麗,twse,36.00,36.00,35.50,35.75,147300,5257127,0.15,,,71,,
2014-01-02_6179,2014-01-02,6179,世仰,tpex,11.35,11.40,11.35,11.40,28000,318800,0.00,,55895000,10,,
2014-01-02_6180,2014-01-02,6180,橘子,tpex,25.00,25.35,24.95,25.10,372000,9335350,0.10,,157381715,184,,
2014-01-02_6182,2014-01-02,6182,合晶,tpex,16.55,16.60,16.10,16.30,6838000,111749700,-0.35,,336795325,2285,,
2014-01-02_6183,2014-01-02,6183,關貿,twse,31.60,31.60,30.85,31.00,367424,11420044,-0.6,,,219,,
2014-01-02_6184,2014-01-02,6184,大豐電,twse,54.10,54.40,53.90,53.90,52310,2829340,-0.2,,,60,,
2014-01-02_6185,2014-01-02,6185,幃翔,tpex,33.85,34.45,33.30,33.95,653000,22162200,0.05,,102683659,374,,
2014-01-02_6186,2014-01-02,6186,新潤,tpex,38.50,38.70,38.10,38.70,44000,1692150,-0.10,,65179273,29,,
2014-01-02_6187,2014-01-02,6187,萬潤,tpex,29.60,29.60,29.00,29.40,534000,15603200,-0.10,,80723902,199,,
2014-01-02_6188,2014-01-02,6188,廣明,tpex,31.00,31.45,30.90,31.35,1997000,62374350,0.55,,278358910,959,,
2014-01-02_6189,2014-01-02,6189,豐藝,twse,32.95,32.95,32.75,32.90,281039,9229787,0.0,,,135,,
2014-01-02_6190,2014-01-02,6190,萬泰科,tpex,6.64,6.69,6.64,6.64,165000,1099070,-0.01,,125260823,27,,
2014-01-02_6191,2014-01-02,6191,精成科,twse,10.50,10.70,10.50,10.60,2259532,23974032,0.1,,,505,,
2014-01-02_6192,2014-01-02,6192,巨路,twse,72.00,72.40,71.80,72.10,204110,14706574,0.4,,,132,,
2014-01-02_6194,2014-01-02,6194,育富,tpex,20.00,20.10,19.80,20.00,92000,1838400,-0.10,,106800000,43,,
2014-01-02_6195,2014-01-02,6195,詩肯,tpex,102.50,102.50,100.50,100.50,130000,13139500,-2.00,,41859942,101,,
2014-01-02_6196,2014-01-02,6196,帆宣,twse,18.10,18.10,17.80,17.80,688852,12309571,0.0,,,253,,
2014-01-02_6197,2014-01-02,6197,佳必琪,twse,26.75,27.30,26.60,26.65,819626,21992078,0.05,,,359,,
2014-01-02_6198,2014-01-02,6198,凌泰,tpex,15.55,16.25,15.55,16.25,18000,282450,-0.35,,19675350,10,,
2014-01-02_6199,2014-01-02,6199,精威,tpex,,,,,0,0,,,83286503,0,無成交,
2014-01-02_6201,2014-01-02,6201,亞弘電,twse,24.20,24.50,24.20,24.50,73120,1780715,0.5,,,45,,
2014-01-02_6202,2014-01-02,6202,盛群,twse,47.50,48.25,47.20,48.00,1485300,70896565,0.5,,,1112,,
2014-01-02_6203,2014-01-02,6203,海韻電,tpex,36.80,37.00,36.40,36.50,193000,7103900,-0.30,,79953277,90,,
2014-01-02_6204,2014-01-02,6204,艾華,tpex,24.45,24.80,24.40,24.60,41000,1008700,0.05,,36097000,22,,
2014-01-02_6205,2014-01-02,6205,詮欣,twse,25.10,26.10,24.70,26.10,2624246,67218946,1.4,,,790,,
2014-01-02_6206,2014-01-02,6206,飛捷,twse,116.00,121.00,116.00,117.50,2063714,244322386,0.5,,,1416,,
2014-01-02_6207,2014-01-02,6207,雷科,tpex,17.15,17.30,17.10,17.10,94000,1614100,-0.05,,85506207,45,,
2014-01-02_6208,2014-01-02,6208,日揚,tpex,12.40,12.40,12.25,12.30,856000,10535300,0.00,,115108797,250,,
2014-01-02_6209,2014-01-02,6209,今國光,twse,29.60,29.70,29.35,29.50,405900,11963343,0.0,,,247,,
2014-01-02_6210,2014-01-02,6210,慶生,tpex,45.80,46.20,45.55,46.20,37000,1700400,0.15,,35048000,29,,
2014-01-02_6211,2014-01-02,6211,福登,tpex,13.10,13.30,13.10,13.20,49000,646700,0.20,,41637763,26,,
2014-01-02_6212,2014-01-02,6212,理銘,tpex,23.30,23.60,23.20,23.20,65000,1515550,-0.45,,102000000,30,,
2014-01-02_6213,2014-01-02,6213,聯茂,twse,31.30,31.40,31.15,31.40,1214593,37985624,0.25,,,518,,
2014-01-02_6214,2014-01-02,6214,精誠,twse,66.90,67.90,65.90,66.00,2496957,166223854,-1.1,,,1623,,
2014-01-02_6215,2014-01-02,6215,和椿,twse,17.10,17.35,17.05,17.10,1215000,20899650,0.1,,,454,,
2014-01-02_6216,2014-01-02,6216,居易,twse,24.15,24.60,23.65,24.35,1022542,24620365,0.2,,,539,,
2014-01-02_6217,2014-01-02,6217,中探針,tpex,32.60,33.30,31.80,33.30,1606000,52410200,0.70,,48901971,877,,
2014-01-02_6218,2014-01-02,6218,豪勉,tpex,23.00,23.15,22.85,23.10,40000,920050,0.10,,64262000,25,,
2014-01-02_6219,2014-01-02,6219,富旺,tpex,21.85,21.85,21.05,21.05,455000,9720650,0.20,,157099161,142,,
2014-01-02_6220,2014-01-02,6220,岳豐,tpex,10.70,11.40,10.65,11.40,2291000,25859500,0.70,,110829763,659,,
2014-01-02_6221,2014-01-02,6221,晉泰,tpex,22.55,22.60,22.35,22.35,213000,4786350,-0.15,,36830199,116,,
2014-01-02_6222,2014-01-02,6222,上揚,tpex,8.72,8.72,8.25,8.66,3000,25630,0.16,,56124923,3,,
2014-01-02_6223,2014-01-02,6223,旺矽,tpex,60.10,64.20,60.10,64.20,4163000,263936100,4.20,,78612392,2095,,
2014-01-02_6224,2014-01-02,6224,聚鼎,twse,63.70,66.80,63.70,66.00,872311,57060384,2.3,,,544,,
2014-01-02_6225,2014-01-02,6225,天瀚,twse,4.62,4.70,4.62,4.70,14755,68526,0.09,,,18,,
2014-01-02_6226,2014-01-02,6226,光鼎,twse,12.50,13.20,12.45,13.20,4128309,53968110,0.85,,,987,,
2014-01-02_6227,2014-01-02,6227,茂綸,tpex,12.90,13.60,12.90,13.60,716000,9574250,0.75,,76111786,289,,
2014-01-02_6228,2014-01-02,6228,全譜,tpex,7.49,8.00,7.49,7.92,348000,2736220,0.35,,41114627,166,,
2014-01-02_6229,2014-01-02,6229,研通,tpex,15.90,15.90,15.75,15.85,144000,2282400,0.05,,35755700,80,,
2014-01-02_6230,2014-01-02,6230,尼得科超眾,twse,108.00,115.00,106.50,109.00,6502651,713228959,0.5,,,4012,,
2014-01-02_6231,2014-01-02,6231,系微,tpex,49.00,49.30,48.70,49.30,81000,3966850,0.35,,38043488,60,,
2014-01-02_6233,2014-01-02,6233,旺玖,tpex,17.60,17.80,17.20,17.20,1235000,21531450,-0.15,,86096896,473,,
2014-01-02_6234,2014-01-02,6234,高僑,tpex,16.10,16.40,15.90,16.15,36000,577200,-0.05,,71434141,29,,
2014-01-02_6235,2014-01-02,6235,華孚,twse,8.00,8.03,7.88,7.88,114247,905563,-0.07,,,60,,
2014-01-02_6236,2014-01-02,6236,凌越,tpex,75.50,75.50,75.50,75.50,61000,4605500,4.90,up,31654039,35,,
2014-01-02_6237,2014-01-02,6237,驊訊,tpex,23.50,24.40,22.90,24.10,3175000,75807800,1.20,,77218371,1621,,
2014-01-02_6238,2014-01-02,6238,勝麗,tpex,17.55,18.50,17.55,17.80,27000,477300,0.25,,20586882,7,,
2014-01-02_6239,2014-01-02,6239,力成,twse,45.70,46.00,45.50,45.90,1875686,85962727,0.35,,,965,,
2014-01-02_6240,2014-01-02,6240,松崗,tpex,,,,,0,0,,,62700267,0,無成交,
2014-01-02_6241,2014-01-02,6241,易通展,tpex,22.50,22.50,22.35,22.35,2000,44850,0.00,,23717288,2,,
2014-01-02_6242,2014-01-02,6242,亨豐,tpex,,,,,0,0,,,18673372,0,無成交,
2014-01-02_6243,2014-01-02,6243,迅杰,twse,13.60,13.60,13.45,13.55,224400,3032496,0.05,,,142,,
2014-01-02_6244,2014-01-02,6244,茂迪,tpex,60.00,60.00,58.10,58.40,10008000,588883000,-2.70,,438458908,4508,,
2014-01-02_6245,2014-01-02,6245,立端,tpex,55.00,56.70,54.90,55.60,1277000,71330700,0.40,,82179401,810,,
2014-01-02_6246,2014-01-02,6246,臺龍,tpex,7.09,7.11,7.02,7.05,86000,607480,-0.04,,135937563,37,,
2014-01-02_6247,2014-01-02,6247,淇譽電,tpex,12.00,12.10,11.85,12.05,110000,1316400,0.05,,60321000,45,,
2014-01-02_6248,2014-01-02,6248,沛波,tpex,8.70,9.38,8.70,9.38,241000,2231320,0.61,,53857972,39,,
2014-01-02_6250,2014-01-02,6250,宇加,tpex,12.75,12.75,12.75,12.75,14000,178500,0.40,up,18249340,7,,
2014-01-02_6251,2014-01-02,6251,定穎,twse,11.60,11.60,11.15,11.25,2574615,29107584,-0.25,,,639,,
2014-01-02_6257,2014-01-02,6257,矽格,twse,28.45,28.55,28.40,28.40,2407772,68549062,-0.05,,,1111,,
2014-01-02_6259,2014-01-02,6259,百徽,tpex,8.15,8.56,8.15,8.56,186000,1585870,0.56,,48118977,45,,
2014-01-02_6261,2014-01-02,6261,久元,tpex,60.50,63.30,60.50,63.10,1910000,118885700,2.60,,117583993,1186,,
2014-01-02_6263,2014-01-02,6263,普萊德,tpex,38.10,38.25,37.90,38.10,243000,9234750,0.00,,59993974,130,,
2014-01-02_6264,2014-01-02,6264,德士通,tpex,12.40,12.50,12.30,12.35,83000,1029500,-0.10,,137568544,37,,
2014-01-02_6265,2014-01-02,6265,方土昶,tpex,9.50,9.68,9.44,9.57,1184000,11328260,0.12,,121729151,374,,
2014-01-02_6266,2014-01-02,6266,泰詠,tpex,9.35,9.35,9.21,9.28,81000,750930,-0.09,,78301721,17,,
2014-01-02_6269,2014-01-02,6269,台郡,twse,96.10,99.90,95.70,99.30,10087018,992893155,3.3,,,5756,,
2014-01-02_6270,2014-01-02,6270,倍微,tpex,15.35,15.35,14.65,15.35,2107000,32090400,1.00,,73690759,780,,
2014-01-02_6271,2014-01-02,6271,同欣電,twse,138.50,142.00,138.00,139.50,1857080,259368780,1.5,,,1165,,
2014-01-02_6274,2014-01-02,6274,台燿,tpex,23.50,24.25,23.50,24.10,10829000,259057350,1.20,,239896808,3820,,
2014-01-02_6275,2014-01-02,6275,元山,tpex,13.30,13.30,13.15,13.25,75000,991450,0.05,,47647202,27,,
2014-01-02_6276,2014-01-02,6276,安鈦克,tpex,30.50,31.10,30.50,30.50,203000,6230700,0.00,,43534000,126,,
2014-01-02_6277,2014-01-02,6277,宏正,twse,89.70,90.40,88.10,88.60,317922,28224783,-1.1,,,263,,
2014-01-02_6278,2014-01-02,6278,台表科,twse,45.40,46.20,45.20,45.85,2315882,105957045,0.85,,,1337,,
2014-01-02_6279,2014-01-02,6279,胡連,tpex,89.80,91.30,89.20,89.50,1110000,99840500,-0.70,,97104205,829,,
2014-01-02_6281,2014-01-02,6281,全國電,twse,62.80,63.30,62.70,63.00,113020,7120770,0.2,,,88,,
2014-01-02_6282,2014-01-02,6282,康舒,twse,31.00,31.60,30.80,31.60,7224804,225680498,0.95,,,2961,,
2014-01-02_6283,2014-01-02,6283,淳安,twse,11.25,11.35,11.20,11.30,639539,7202218,0.05,,,209,,
2014-01-02_6284,2014-01-02,6284,佳邦,tpex,39.00,40.95,39.00,40.30,5198000,207388650,1.95,,99344727,2255,,
2014-01-02_6285,2014-01-02,6285,啟碁,twse,78.20,79.80,77.80,78.00,5633553,443420734,0.6,,,3469,,
2014-01-02_6286,2014-01-02,6286,立錡,twse,141.00,148.00,140.50,145.50,3621021,521370046,6.5,,,2544,,
2014-01-02_6287,2014-01-02,6287,元隆,tpex,6.45,6.50,6.34,6.50,485000,3132010,0.42,,101440845,129,,
2014-01-02_6289,2014-01-02,6289,華上,twse,3.83,4.09,3.83,4.09,4591152,18727972,0.26,,,643,,
2014-01-02_6290,2014-01-02,6290,良維,tpex,26.90,27.60,26.65,27.45,1996000,54285000,0.40,,122530401,798,,
2014-01-02_6291,2014-01-02,6291,沛亨,tpex,3.72,3.72,3.72,3.72,1000,3720,-0.23,down,24411515,1,,
2014-01-02_6292,2014-01-02,6292,迅德,tpex,33.60,33.70,32.80,32.90,418000,13842500,-0.70,,46900712,235,,
2014-01-02_6294,2014-01-02,6294,智基,tpex,31.40,33.00,31.40,33.00,20000,648450,0.70,,15350000,18,,
2014-01-02_6298,2014-01-02,6298,崴強,tpex,19.00,19.35,19.00,19.25,617000,11878000,0.30,,168871974,216,,
2014-01-02_6405,2014-01-02,6405,悅城,twse,76.40,76.50,74.00,74.50,1858372,139145111,-1.8,,,1228,,
2014-01-02_6412,2014-01-02,6412,群電,twse,46.00,46.45,45.35,46.40,933610,42760292,0.5,,,514,,
2014-01-02_6415,2014-01-02,6415,矽力*-KY,twse,229.00,230.00,224.00,226.00,214000,48310000,-3.0,,,194,,
2014-01-02_6504,2014-01-02,6504,南六,twse,164.50,166.00,163.00,163.50,339245,55756680,-0.5,,,269,,
2014-01-02_6505,2014-01-02,6505,台塑化,twse,81.50,81.50,80.50,81.10,542792,43912568,-0.7,,,395,,
2014-01-02_6506,2014-01-02,6506,雙邦,tpex,13.75,13.75,13.30,13.50,198000,2662100,-0.15,,64106196,89,,
2014-01-02_6508,2014-01-02,6508,惠光,tpex,30.05,30.30,29.90,30.15,96000,2885450,-0.05,,76077716,78,,
2014-01-02_6509,2014-01-02,6509,聚和,tpex,20.05,20.05,19.85,19.90,1213000,24184850,-0.10,,166641110,473,,
2014-01-02_6603,2014-01-02,6603,富強鑫,tpex,15.35,15.45,15.05,15.20,867000,13207750,0.10,,114869295,315,,
2014-01-02_6605,2014-01-02,6605,帝寶,twse,117.00,117.00,113.50,114.50,1203491,138314965,-3.0,,,644,,
2014-01-02_6609,2014-01-02,6609,瀧澤科,tpex,49.70,49.80,47.85,48.50,1871000,90919450,-1.00,,71035535,1007,,
2014-01-02_6702,2014-01-02,6702,興航,twse,12.75,12.90,12.70,12.75,897300,11484055,0.05,,,255,,
2014-01-02_6803,2014-01-02,6803,崑鼎,tpex,196.00,196.00,190.00,192.00,103000,19847500,-2.50,,63830374,89,,
2014-01-02_8011,2014-01-02,8011,台通,twse,42.50,43.65,40.85,41.05,4388656,184917010,-0.6,,,2216,,
2014-01-02_8016,2014-01-02,8016,矽創,twse,46.00,47.00,46.00,47.00,1474697,68698662,1.0,,,820,,
2014-01-02_8021,2014-01-02,8021,尖點,twse,21.05,21.25,20.75,20.95,1209340,25293918,-0.1,,,584,,
2014-01-02_8024,2014-01-02,8024,佑華,tpex,14.35,14.55,14.30,14.40,90000,1300100,0.10,,50021100,52,,
2014-01-02_8032,2014-01-02,8032,光菱,tpex,39.00,39.35,38.80,39.00,330000,12890400,0.35,,51810300,174,,
2014-01-02_8033,2014-01-02,8033,雷虎,twse,11.90,12.05,11.90,11.95,270051,3224956,0.15,,,76,,
2014-01-02_8034,2014-01-02,8034,榮群,tpex,8.48,8.48,8.21,8.21,185000,1531910,-0.09,,62873725,73,,
2014-01-02_8038,2014-01-02,8038,長園科,tpex,96.10,96.70,93.10,93.20,772000,72399700,-3.00,,54741000,599,,
2014-01-02_8039,2014-01-02,8039,台虹,twse,61.50,62.70,60.40,60.70,5106214,314259180,0.7,,,2597,,
2014-01-02_8040,2014-01-02,8040,九暘,tpex,8.36,8.73,8.36,8.72,366000,3159590,0.42,,86555258,119,,
2014-01-02_8042,2014-01-02,8042,金山電,tpex,49.00,49.60,48.95,49.30,309000,15213150,0.20,,103804329,167,,
2014-01-02_8043,2014-01-02,8043,蜜望實,tpex,18.90,18.90,18.55,18.80,412000,7686600,0.05,,91847321,168,,
2014-01-02_8044,2014-01-02,8044,網家,tpex,243.00,243.00,238.50,239.50,686000,164893500,0.50,,82244787,550,,
2014-01-02_8046,2014-01-02,8046,南電,twse,37.50,37.90,37.15,37.25,5325767,200145228,-0.05,,,2102,,
2014-01-02_8047,2014-01-02,8047,星雲,tpex,11.15,11.40,11.10,11.40,37000,414950,0.30,,50786843,26,,
2014-01-02_8048,2014-01-02,8048,德勝,tpex,19.90,20.40,19.80,19.80,114000,2272050,-0.10,,50327404,55,,
2014-01-02_8049,2014-01-02,8049,晶采,tpex,7.28,7.41,7.28,7.31,421000,3085290,0.01,,108859808,137,,
2014-01-02_8050,2014-01-02,8050,廣積,tpex,44.10,45.95,43.85,45.95,2454000,110428900,2.20,,90450971,1285,,
2014-01-02_8053,2014-01-02,8053,巨擘,tpex,3.13,3.13,2.73,2.78,2869000,8403570,-0.15,,411817636,264,,
2014-01-02_8054,2014-01-02,8054,安國,tpex,34.95,35.70,34.65,35.70,1880000,66366700,1.00,,82609828,975,,
2014-01-02_8059,2014-01-02,8059,凱碩,tpex,11.20,11.35,10.85,10.95,893000,9902350,-0.15,,92600000,257,,
2014-01-02_8064,2014-01-02,8064,東捷,tpex,17.10,18.00,16.95,17.55,5552000,97593550,0.60,,132112836,1681,,
2014-01-02_8066,2014-01-02,8066,來思達,tpex,,,,,0,0,,,17126920,0,無成交,
2014-01-02_8067,2014-01-02,8067,志旭,tpex,,,,,0,0,,,44755439,0,無成交,
2014-01-02_8068,2014-01-02,8068,全達,tpex,5.96,5.96,5.88,5.88,3000,17800,0.28,,30660000,3,,
2014-01-02_8069,2014-01-02,8069,元太,tpex,16.45,16.85,16.35,16.80,10525000,175439050,0.45,,1140989715,2871,,
2014-01-02_8070,2014-01-02,8070,長華*,twse,87.00,88.70,85.90,87.70,1245120,108686706,1.8,,,868,,
2014-01-02_8071,2014-01-02,8071,能率豐,tpex,31.90,32.50,31.25,31.25,729000,23182050,0.25,,40774283,452,,
2014-01-02_8072,2014-01-02,8072,陞泰,twse,84.40,84.40,83.90,84.00,122000,10266900,-0.2,,,76,,
2014-01-02_8074,2014-01-02,8074,鉅橡,tpex,36.00,37.60,35.50,37.30,1618000,59570250,1.40,,58561075,665,,
2014-01-02_8076,2014-01-02,8076,伍豐,tpex,124.50,129.00,124.00,127.00,4976000,631253000,2.50,,185411959,2893,,
2014-01-02_8077,2014-01-02,8077,冠華,tpex,7.34,7.34,7.34,7.34,29000,212860,-0.55,down,66289960,5,,
2014-01-02_8078,2014-01-02,8078,華寶,twse,50.30,50.40,50.30,50.40,454996,22890291,0.1,,,194,,
2014-01-02_8079,2014-01-02,8079,誠遠,tpex,16.30,16.30,16.05,16.10,245000,3956550,0.05,,80200031,114,,
2014-01-02_8080,2014-01-02,8080,奧斯特,tpex,32.05,32.05,30.05,30.05,6271000,192690950,-2.25,,59962105,2736,,
2014-01-02_8081,2014-01-02,8081,致新,twse,83.50,88.00,83.40,87.40,2239692,194007572,3.9,,,1510,,
2014-01-02_8082,2014-01-02,8082,眾星,tpex,3.91,4.17,3.91,3.91,358000,1401190,-0.29,,96608873,34,,
2014-01-02_8083,2014-01-02,8083,瑞穎,tpex,89.50,92.70,89.00,92.00,311000,28241400,1.50,,35133193,211,,
2014-01-02_8084,2014-01-02,8084,巨虹,tpex,18.50,19.00,18.50,19.00,131000,2455450,0.50,,40436544,57,,
2014-01-02_8085,2014-01-02,8085,福華,tpex,4.31,4.38,4.30,4.34,295000,1277880,0.03,,157257242,98,,
2014-01-02_8086,2014-01-02,8086,宏捷科,tpex,13.50,14.10,13.50,13.90,1189000,16460100,0.20,,135537623,516,,
2014-01-02_8087,2014-01-02,8087,華鎂鑫,tpex,7.83,8.00,7.83,8.00,5000,39350,0.28,,29868965,5,,
2014-01-02_8088,2014-01-02,8088,品安,tpex,35.50,36.50,35.50,36.00,2322000,83905200,1.15,,57817969,1051,,
2014-01-02_8091,2014-01-02,8091,翔名,tpex,57.40,57.70,56.80,56.80,207000,11825400,-0.60,,47844673,137,,
2014-01-02_8092,2014-01-02,8092,建暐,tpex,19.00,19.60,19.00,19.60,1122000,21671400,0.70,,30164179,334,,
2014-01-02_8093,2014-01-02,8093,保銳,tpex,6.95,6.95,6.80,6.81,21000,143940,0.02,,64208493,13,,
2014-01-02_8096,2014-01-02,8096,擎亞,tpex,15.00,15.70,14.90,15.30,853000,13138950,0.35,,122262652,373,,
2014-01-02_8097,2014-01-02,8097,常珵,tpex,,,,,0,0,,,13674306,0,無成交,
2014-01-02_8099,2014-01-02,8099,大世科,tpex,29.50,29.65,28.80,28.80,820000,23791100,-0.45,,67200000,413,,
2014-01-02_8101,2014-01-02,8101,華冠,twse,13.85,13.85,13.60,13.70,1118160,15303170,0.1,,,458,,
2014-01-02_8103,2014-01-02,8103,瀚荃,twse,37.30,37.70,37.30,37.35,241686,9039683,0.05,,,149,,
2014-01-02_8105,2014-01-02,8105,凌巨,twse,9.30,9.49,9.26,9.32,2977000,27952240,0.02,,,713,,
2014-01-02_8107,2014-01-02,8107,大億科,tpex,9.60,9.60,9.40,9.41,276000,2610370,-0.10,,166440202,92,,
2014-01-02_8109,2014-01-02,8109,博大,tpex,57.50,57.70,56.50,57.30,303000,17291700,0.50,,60044135,219,,
2014-01-02_8110,2014-01-02,8110,華東,twse,10.70,10.75,10.55,10.60,1941091,20637123,-0.1,,,609,,
2014-01-02_8111,2014-01-02,8111,立碁,tpex,6.78,7.23,6.72,7.22,1456000,10279920,0.44,,144627243,586,,
2014-01-02_8112,2014-01-02,8112,至上,twse,15.05,15.45,15.00,15.10,3509358,53323270,0.05,,,1264,,
2014-01-02_8114,2014-01-02,8114,振樺電,twse,126.50,128.50,125.00,126.50,174883,22125696,0.5,,,158,,
2014-01-02_8121,2014-01-02,8121,越峰,tpex,43.50,44.50,43.00,43.75,5349000,233768850,1.05,,182170743,2899,,
2014-01-02_8131,2014-01-02,8131,福懋科,twse,17.35,17.35,17.25,17.35,370000,6409500,0.1,,,182,,
2014-01-02_8147,2014-01-02,8147,正淩,tpex,25.00,26.00,25.00,25.80,337000,8657000,1.10,,20306663,195,,
2014-01-02_8155,2014-01-02,8155,博智,tpex,24.70,25.00,24.30,24.35,57000,1401650,-0.15,,41485000,36,,
2014-01-02_8163,2014-01-02,8163,達方,twse,21.80,22.00,21.45,21.75,4985469,108289042,-0.65,,,1867,,
2014-01-02_8171,2014-01-02,8171,天宇,tpex,15.70,15.70,15.10,15.55,717000,11084600,0.10,,41234530,259,,
2014-01-02_8176,2014-01-02,8176,智捷,tpex,14.80,15.00,14.50,14.60,659000,9693400,0.10,,79100000,294,,
2014-01-02_8182,2014-01-02,8182,加高,tpex,14.70,14.80,14.55,14.60,557000,8154450,0.05,,107041215,193,,
2014-01-02_8183,2014-01-02,8183,精星,tpex,6.70,6.70,6.50,6.56,210000,1378180,-0.11,,116091068,95,,
2014-01-02_8201,2014-01-02,8201,無敵,twse,13.15,13.35,13.15,13.25,112380,1485912,0.1,,,65,,
2014-01-02_8210,2014-01-02,8210,勤誠,twse,34.80,36.05,34.80,36.00,1561950,55712800,1.6,,,809,,
2014-01-02_8213,2014-01-02,8213,志超,twse,35.80,36.25,35.80,36.00,2529466,91097976,0.4,,,1298,,
2014-01-02_8215,2014-01-02,8215,明基材,twse,30.50,32.30,30.50,32.15,9764801,308470936,1.95,,,3484,,
2014-01-02_8234,2014-01-02,8234,新漢,tpex,22.45,22.50,22.20,22.45,131000,2936450,0.00,,128189841,66,,
2014-01-02_8240,2014-01-02,8240,華宏,tpex,30.40,30.60,30.35,30.45,92000,2799900,0.10,,100004414,50,,
2014-01-02_8249,2014-01-02,8249,菱光,twse,21.60,21.85,21.45,21.50,1476025,31901487,0.0,,,699,,
2014-01-02_8255,2014-01-02,8255,朋程,tpex,110.00,111.50,108.50,109.50,680000,74601000,-1.00,,74865000,500,,
2014-01-02_8261,2014-01-02,8261,富鼎,twse,25.75,27.20,25.75,26.60,2426983,64863429,0.9,,,1130,,
2014-01-02_8266,2014-01-02,8266,中日新,tpex,4.21,4.21,4.21,4.21,135000,568350,-0.31,down,51978650,36,,
2014-01-02_8271,2014-01-02,8271,宇瞻,twse,28.50,28.85,28.45,28.60,2359952,67590920,0.4,,,1065,,
2014-01-02_8277,2014-01-02,8277,商丞,tpex,15.75,16.55,15.70,16.40,2223000,36369700,0.90,,91526911,894,,
2014-01-02_8287,2014-01-02,8287,英格爾,tpex,26.20,27.05,26.00,26.55,2012000,53589950,0.40,,133344454,880,,
2014-01-02_8289,2014-01-02,8289,泰藝,tpex,13.35,13.35,13.20,13.35,242000,3209700,0.10,,77517554,87,,
2014-01-02_8291,2014-01-02,8291,尚茂,tpex,5.95,5.95,5.82,5.82,4000,23540,0.12,,76024000,3,,
2014-01-02_8299,2014-01-02,8299,群聯,tpex,191.00,193.00,189.00,190.50,1215000,231783000,0.00,,180473993,945,,
2014-01-02_8349,2014-01-02,8349,友信,tpex,60.80,62.00,59.10,59.80,651000,39321100,-0.40,,81525426,440,,
2014-01-02_8354,2014-01-02,8354,冠好,tpex,17.70,17.75,17.45,17.50,426000,7469750,-0.05,,60135585,149,,
2014-01-02_8358,2014-01-02,8358,金居,tpex,8.25,8.25,8.17,8.17,120000,983790,-0.18,,211700000,53,,
2014-01-02_8374,2014-01-02,8374,羅昇,twse,26.00,26.35,26.00,26.20,212655,5578225,0.0,,,134,,
2014-01-02_8383,2014-01-02,8383,千附,tpex,24.10,24.65,24.05,24.50,1213000,29704400,0.35,,118192482,496,,
2014-01-02_8390,2014-01-02,8390,金益鼎,tpex,21.00,21.25,21.00,21.20,110000,2323300,0.10,,73892058,56,,
2014-01-02_8401,2014-01-02,8401,白紗科,tpex,13.20,13.45,13.15,13.40,55000,730300,0.30,,48959688,25,,
2014-01-02_8403,2014-01-02,8403,盛弘,tpex,42.40,42.40,41.80,42.00,280000,11772850,0.05,,55565354,196,,
2014-01-02_8404,2014-01-02,8404,百和興業-KY,twse,19.25,19.35,19.00,19.30,190226,3635674,0.05,,,96,,
2014-01-02_8406,2014-01-02,8406,F-金可,tpex,565.00,571.00,563.00,565.00,385000,218432000,2.00,,91762317,353,,
2014-01-02_8409,2014-01-02,8409,商之器,tpex,73.70,74.10,72.10,72.50,474000,34535100,-2.40,,23120000,353,,
2014-01-02_8410,2014-01-02,8410,森田,tpex,33.00,33.35,32.85,33.00,124000,4091800,0.30,,36589200,69,,
2014-01-02_8411,2014-01-02,8411,福貞-KY,twse,86.60,87.50,85.60,87.00,1425725,123362051,1.0,,,904,,
2014-01-02_8416,2014-01-02,8416,實威,tpex,196.00,196.00,190.50,191.50,127000,24408500,-2.00,,25646100,107,,
2014-01-02_8418,2014-01-02,8418,F-必勝,tpex,31.20,31.20,30.00,30.25,49000,1483400,-1.00,,60995000,38,,
2014-01-02_8421,2014-01-02,8421,旭源,tpex,15.50,15.50,15.20,15.25,31000,473350,0.05,,38502465,24,,
2014-01-02_8422,2014-01-02,8422,可寧衛*,twse,196.00,196.00,193.50,193.50,340318,66207667,-1.0,,,273,,
2014-01-02_8423,2014-01-02,8423,F-保綠,tpex,32.00,32.60,31.65,31.65,68000,2173300,-0.75,,17789475,54,,
2014-01-02_8424,2014-01-02,8424,惠普,tpex,42.25,42.25,42.00,42.00,73000,3073700,-0.35,,32776698,53,,
2014-01-02_8426,2014-01-02,8426,F-紅木,tpex,71.50,72.30,71.00,71.10,132000,9443100,0.10,,46000000,87,,
2014-01-02_8427,2014-01-02,8427,基勝-KY,twse,61.20,61.20,60.30,60.70,182600,11083080,-0.6,,,87,,
2014-01-02_8429,2014-01-02,8429,金麗-KY,twse,108.50,111.50,106.50,110.00,5490914,601732040,1.5,,,2965,,
2014-01-02_8432,2014-01-02,8432,東生華,tpex,81.20,82.90,81.20,81.90,23000,1885300,-0.10,,38398140,22,,
2014-01-02_8433,2014-01-02,8433,弘帆,tpex,45.55,46.00,44.80,45.00,97000,4392250,-0.55,,52577600,56,,
2014-01-02_8435,2014-01-02,8435,鉅邁,tpex,56.00,57.40,56.00,57.00,269000,15297600,-0.30,,29593400,201,,
2014-01-02_8436,2014-01-02,8436,大江,tpex,104.50,105.50,102.50,103.50,390000,40517000,-1.00,,43880380,247,,
2014-01-02_8446,2014-01-02,8446,華研,tpex,182.50,183.00,177.00,177.00,142000,25358500,-1.00,,30000000,132,,
2014-01-02_8905,2014-01-02,8905,裕國,tpex,28.10,29.25,28.00,29.25,347000,9876550,1.20,,119440000,157,,
2014-01-02_8906,2014-01-02,8906,花王,tpex,9.90,10.55,9.67,9.67,24000,237570,-0.38,,51321600,21,,
2014-01-02_8908,2014-01-02,8908,欣雄,tpex,41.00,41.20,41.00,41.20,12000,493200,0.00,,112832496,6,,
2014-01-02_8913,2014-01-02,8913,全銓,tpex,17.55,17.75,17.55,17.55,36000,633100,-0.20,,49681095,12,,
2014-01-02_8916,2014-01-02,8916,光隆,tpex,45.40,45.80,44.60,44.60,622000,28059650,-0.70,,89667000,331,,
2014-01-02_8917,2014-01-02,8917,欣泰,tpex,,,,,0,0,,,118643900,0,無成交,
2014-01-02_8921,2014-01-02,8921,沈氏,tpex,,,,,0,0,,,46592159,0,無成交,
2014-01-02_8923,2014-01-02,8923,時報,tpex,18.10,18.20,18.10,18.20,11000,199200,0.20,,30375800,5,,
2014-01-02_8924,2014-01-02,8924,大田,tpex,20.10,20.10,19.85,19.90,181000,3611450,-0.25,,121263282,83,,
2014-01-02_8925,2014-01-02,8925,偉盟,tpex,9.50,9.54,9.42,9.49,2239000,21216830,-0.01,,365243337,406,,
2014-01-02_8926,2014-01-02,8926,台汽電,twse,17.35,17.65,17.35,17.65,726629,12760794,0.25,,,353,,
2014-01-02_8927,2014-01-02,8927,北基,tpex,12.10,12.20,12.10,12.20,87000,1058000,0.05,,119486661,16,,
2014-01-02_8928,2014-01-02,8928,鉅明,tpex,12.00,12.40,11.75,12.40,1949000,23952400,0.80,,63567519,430,,
2014-01-02_8929,2014-01-02,8929,富堡,tpex,40.80,41.90,40.15,41.90,314000,12826850,0.75,,31059350,148,,
2014-01-02_8930,2014-01-02,8930,青鋼,tpex,15.80,15.85,15.55,15.60,532000,8331100,0.10,,66220965,231,,
2014-01-02_8931,2014-01-02,8931,大汽電,tpex,19.40,19.90,19.40,19.80,55000,1090750,0.40,,106623811,18,,
2014-01-02_8932,2014-01-02,8932,宏大,tpex,13.30,13.35,13.15,13.15,124000,1647750,-0.15,,48800000,40,,
2014-01-02_8933,2014-01-02,8933,愛地雅,tpex,17.30,17.45,17.20,17.25,1356000,23429950,0.05,,138584451,439,,
2014-01-02_8934,2014-01-02,8934,衡平,tpex,39.40,39.40,39.40,39.40,1000,39400,-0.05,down,5974757,1,,
2014-01-02_8935,2014-01-02,8935,邦泰,tpex,6.81,7.24,6.81,7.24,1320000,9511090,0.47,,120306391,267,,
2014-01-02_8936,2014-01-02,8936,國統,tpex,44.25,44.95,43.00,43.30,5863000,255412250,-0.90,,186577309,2589,,
2014-01-02_8937,2014-01-02,8937,合騏,tpex,16.05,16.05,15.50,15.55,513000,8038750,-0.55,,72478800,139,,
2014-01-02_8938,2014-01-02,8938,明安,tpex,31.80,31.85,31.70,31.70,158000,5017700,0.00,,134342722,81,,
2014-01-02_8940,2014-01-02,8940,新天地,twse,23.70,25.20,23.65,25.10,1273121,31037908,1.5,,,434,,
2014-01-02_8941,2014-01-02,8941,關中,tpex,20.50,20.50,20.50,20.50,1000,20500,0.55,up,17800018,1,,
2014-01-02_8942,2014-01-02,8942,森鉅,tpex,62.50,63.10,62.50,62.90,1330000,83612700,0.40,,161131632,493,,
2014-01-02_8996,2014-01-02,8996,高力,tpex,61.00,61.30,60.10,60.30,597000,36099900,-0.30,,77388813,369,,
2014-01-02_910069,2014-01-02,910069,新曄,twse,9.27,9.27,9.27,9.27,1000,9270,0.0,flat,,1,,
2014-01-02_9103,2014-01-02,9103,美德醫療-DR,twse,2.42,2.42,2.37,2.40,335000,800880,0.05,,,86,,
2014-01-02_910322,2014-01-02,910322,康師傅-DR,twse,42.60,42.85,42.55,42.85,49000,2095450,0.3,,,20,,
2014-01-02_910482,2014-01-02,910482,聖馬丁-DR,twse,1.79,1.80,1.78,1.79,187790,335527,-0.01,,,49,,
2014-01-02_9105,2014-01-02,9105,泰金寶-DR,twse,3.29,3.31,3.29,3.29,3022000,9962460,0.0,,,300,,
2014-01-02_9106,2014-01-02,9106,新焦點-DR,twse,3.00,3.00,2.85,2.91,586000,1721210,0.09,,,148,,
2014-01-02_910708,2014-01-02,910708,恒大健-DR,twse,5.15,5.34,5.02,5.34,110000,561070,0.14,,,17,,
2014-01-02_910801,2014-01-02,910801,金衛-DR,twse,5.52,5.52,5.41,5.48,607000,3325010,-0.02,,,140,,
2014-01-02_910861,2014-01-02,910861,神州-DR,twse,16.25,17.55,16.25,17.45,47000,806850,0.0,,,24,,
2014-01-02_910948,2014-01-02,910948,融達,twse,2.21,2.22,2.21,2.21,22000,48650,0.0,,,7,,
2014-01-02_9110,2014-01-02,9110,越南控-DR,twse,4.11,4.11,4.10,4.10,53000,217350,-0.03,,,12,,
2014-01-02_911201,2014-01-02,911201,僑威控,twse,,,,,0,0,0.0,,,0,無成交,
2014-01-02_911608,2014-01-02,911608,明輝-DR,twse,5.60,5.60,5.60,5.60,10000,56000,0.04,up,,1,,
2014-01-02_911609,2014-01-02,911609,揚子江,twse,13.40,13.80,13.40,13.80,41000,559250,0.35,,,14,,
2014-01-02_911610,2014-01-02,911610,聯環,twse,26.00,26.80,26.00,26.80,223150,5932325,1.3,,,68,,
2014-01-02_911611,2014-01-02,911611,中泰山-DR,twse,1.86,1.87,1.85,1.85,615000,1139710,-0.01,,,38,,
2014-01-02_911612,2014-01-02,911612,滬安,twse,3.72,3.75,3.68,3.75,462000,1722620,0.03,,,82,,
2014-01-02_911613,2014-01-02,911613,特藝,tpex,7.83,8.15,7.83,8.15,21000,167840,0.32,,57972000,15,,
2014-01-02_911616,2014-01-02,911616,杜康-DR,twse,7.56,7.56,7.46,7.47,404000,3020610,0.0,,,76,,
2014-01-02_911619,2014-01-02,911619,耀傑-DR,twse,4.46,4.46,4.41,4.45,74000,329190,0.09,,,7,,
2014-01-02_911622,2014-01-02,911622,泰聚亨-DR,twse,,,,,0,0,0.0,,,0,無成交,
2014-01-02_911626,2014-01-02,911626,MSH-DR,twse,,,,,0,0,0.0,,,0,無成交,
2014-01-02_911868,2014-01-02,911868,同方友友-DR,twse,3.20,3.30,3.20,3.28,115000,375980,0.0,,,33,,
2014-01-02_912000,2014-01-02,912000,晨訊科-DR,twse,2.41,2.43,2.41,2.43,17000,41270,0.02,,,7,,
2014-01-02_912398,2014-01-02,912398,友佳-DR,twse,9.10,9.10,8.90,9.08,99000,891000,0.01,,,25,,
2014-01-02_9136,2014-01-02,9136,巨騰-DR,twse,19.40,19.95,19.40,19.80,1168000,23014350,0.5,,,359,,
2014-01-02_913889,2014-01-02,913889,大成糖,twse,3.65,3.67,3.64,3.67,113000,413180,-0.01,,,26,,
2014-01-02_9157,2014-01-02,9157,陽光能源-DR,twse,2.65,2.65,2.48,2.48,962000,2436220,-0.18,,,237,,
2014-01-02_9188,2014-01-02,9188,精熙-DR,twse,2.80,2.87,2.79,2.85,385000,1093000,0.05,,,66,,
2014-01-02_9802,2014-01-02,9802,鈺齊-KY,twse,34.50,34.70,34.05,34.20,406500,13970000,0.1,,,224,,
2014-01-02_9902,2014-01-02,9902,台火,twse,17.20,17.70,17.20,17.40,584937,10223854,0.2,,,153,,
2014-01-02_9904,2014-01-02,9904,寶成,twse,44.75,44.75,43.15,43.50,6319503,276148109,-1.05,,,2832,,
2014-01-02_9905,2014-01-02,9905,大華,twse,36.70,38.45,36.70,37.65,1185379,44420822,1.05,,,625,,
2014-01-02_9906,2014-01-02,9906,欣巴巴,twse,41.15,41.40,40.85,40.95,141460,5808460,-0.1,,,122,,
2014-01-02_9907,2014-01-02,9907,統一實,twse,30.60,31.00,30.20,31.00,4774333,145273702,0.4,,,2007,,
2014-01-02_9908,2014-01-02,9908,大台北,twse,22.50,22.70,22.40,22.70,147022,3319044,0.2,,,115,,
2014-01-02_9910,2014-01-02,9910,豐泰,twse,71.50,71.50,67.30,69.00,1517436,104485529,-2.5,,,1116,,
2014-01-02_9911,2014-01-02,9911,櫻花,twse,20.90,21.15,20.80,20.95,1446820,30342998,0.15,,,510,,
2014-01-02_9912,2014-01-02,9912,偉聯,twse,16.75,17.10,16.70,16.85,331143,5588249,0.15,,,174,,
2014-01-02_9914,2014-01-02,9914,美利達,twse,217.00,218.50,216.00,217.50,399609,86740454,1.0,,,351,,
2014-01-02_9917,2014-01-02,9917,中保科,twse,74.80,76.20,74.60,75.50,279991,21175518,0.7,,,269,,
2014-01-02_9918,2014-01-02,9918,欣天然,twse,33.55,33.55,33.30,33.45,20425,681508,0.1,,,18,,
2014-01-02_9919,2014-01-02,9919,康那香,twse,16.75,16.80,16.50,16.55,729004,12100818,0.05,,,317,,
2014-01-02_9921,2014-01-02,9921,巨大,twse,206.00,206.50,204.00,206.50,235758,48535890,1.5,,,207,,
2014-01-02_9924,2014-01-02,9924,福興,twse,32.35,32.35,32.00,32.00,451247,14503627,-0.35,,,276,,
2014-01-02_9925,2014-01-02,9925,新保,twse,38.30,38.80,38.20,38.60,410620,15788115,0.4,,,232,,
2014-01-02_9926,2014-01-02,9926,新海,twse,39.70,40.00,39.70,40.00,320249,12807910,0.1,,,17,,
2014-01-02_9927,2014-01-02,9927,泰銘,twse,35.60,36.00,35.55,35.80,264420,9469474,0.2,,,161,,
2014-01-02_9928,2014-01-02,9928,中視,twse,16.30,16.30,16.00,16.20,370934,5985236,0.2,,,124,,
2014-01-02_9929,2014-01-02,9929,秋雨,twse,9.84,9.85,9.75,9.80,404765,3960509,-0.04,,,89,,
2014-01-02_9930,2014-01-02,9930,中聯資源,twse,61.00,61.50,60.70,61.40,85493,5231667,0.4,,,80,,
2014-01-02_9931,2014-01-02,9931,欣高,twse,40.00,40.00,40.00,40.00,6002,240080,0.5,up,,4,,
2014-01-02_9933,2014-01-02,9933,中鼎,twse,48.30,48.50,46.85,47.25,786083,37208889,-1.05,,,572,,
2014-01-02_9934,2014-01-02,9934,成霖,twse,23.00,23.20,22.85,23.00,1053500,24215250,0.0,,,331,,
2014-01-02_9935,2014-01-02,9935,慶豐富,twse,6.61,7.07,6.60,7.07,2284893,16077034,0.46,,,381,,
2014-01-02_9937,2014-01-02,9937,全國,twse,29.10,29.50,29.10,29.35,210467,6174984,0.15,,,132,,
2014-01-02_9938,2014-01-02,9938,百和,twse,36.00,36.70,35.70,36.60,2385056,86554939,0.6,,,1307,,
2014-01-02_9939,2014-01-02,9939,宏全,twse,62.80,63.00,62.10,62.80,1986209,124473240,0.0,,,1178,,
2014-01-02_9940,2014-01-02,9940,信義,twse,53.60,53.60,53.00,53.20,240759,12818095,-0.4,,,197,,
2014-01-02_9941,2014-01-02,9941,裕融,twse,78.00,78.20,76.90,77.20,883754,68428935,-0.8,,,612,,
2014-01-02_9942,2014-01-02,9942,茂順,twse,95.70,95.70,92.70,93.40,273645,25652085,-0.7,,,200,,
2014-01-02_9943,2014-01-02,9943,好樂迪,twse,39.50,39.50,38.00,38.15,327945,12658605,0.0,,,238,,
2014-01-02_9944,2014-01-02,9944,新麗,twse,25.55,25.55,24.70,24.70,129500,3233549,-0.45,,,98,,
2014-01-02_9945,2014-01-02,9945,潤泰新,twse,57.80,58.30,57.80,57.90,2242391,129958122,0.1,,,1357,,
2014-01-02_9946,2014-01-02,9946,三發地產,twse,29.90,30.40,29.90,30.25,533195,16092658,0.45,,,238,,
2014-01-02_9949,2014-01-02,9949,琉園,tpex,24.00,25.50,24.00,25.50,1514000,38329000,1.65,,49033360,857,,
2014-01-02_9950,2014-01-02,9950,萬國通,tpex,34.15,35.60,34.15,35.45,39000,1370400,0.00,,44520000,25,,
2014-01-02_9951,2014-01-02,9951,皇田,tpex,120.00,121.50,119.00,119.00,153000,18389000,-2.00,,74900000,117,,
2014-01-02_9955,2014-01-02,9955,佳龍,twse,21.15,21.80,21.00,21.80,119584,2555375,0.65,,,83,,
2014-01-02_9958,2014-01-02,9958,世紀鋼,twse,14.65,14.75,14.55,14.75,2808049,41185404,0.1,,,770,,
2014-01-02_9960,2014-01-02,9960,邁達康,tpex,18.90,19.45,18.90,19.15,225000,4294700,0.00,,33592500,133,,
2014-01-02_9962,2014-01-02,9962,有益,tpex,12.30,12.30,12.05,12.10,201000,2441500,0.00,,90220260,88,,
