2026-09-06T08:13:42+08:00	revenue/2026-07.csv	1101	market: twse→1101; 出表日期: 1150817→台泥; 資料年月: 11507→2026-07; 公司代號: 1101→twse; 公司名稱: 台泥→1150817; 產業別: 水泥工業→11507
2026-09-06T08:13:42+08:00	revenue/2026-07.csv	1102	market: twse→1102; 出表日期: 1150817→亞泥; 資料年月: 11507→2026-07; 公司代號: 1102→twse; 公司名稱: 亞泥→1150817; 產業別: 水泥工業→11507
2026-09-06T08:13:42+08:00	revenue/2026-07.csv	1103	market: twse→1103; 出表日期: 1150817→嘉泥; 資料年月: 11507→2026-07; 公司代號: 1103→twse; 公司名稱: 嘉泥→1150817; 產業別: 水泥工業→11507
2026-09-06T08:13:42+08:00	revenue/2026-07.csv	1104	market: twse→1104; 出表日期: 1150817→環泥; 資料年月: 11507→2026-07; 公司代號: 1104→twse; 公司名稱: 環泥→1150817; 產業別: 水泥工業→11507
2026-09-06T08:13:42+08:00	revenue/2026-07.csv	1108	market: twse→1108; 出表日期: 1150817→幸福; 資料年月: 11507→2026-07; 公司代號: 1108→twse; 公司名稱: 幸福→1150817; 產業別: 水泥工業→11507
2026-09-06T08:13:42+08:00	revenue/2026-07.csv	1109	market: twse→1109; 出表日期: 1150817→信大; 資料年月: 11507→2026-07; 公司代號: 1109→twse; 公司名稱: 信大→1150817; 產業別: 水泥工業→11507
2026-09-06T08:13:42+08:00	revenue/2026-07.csv	1110	market: twse→1110; 出表日期: 1150817→東泥; 資料年月: 11507→2026-07; 公司代號: 1110→twse; 公司名稱: 東泥→1150817; 產業別: 水泥工業→11507
2026-09-06T08:13:42+08:00	revenue/2026-07.csv	1201	market: twse→1201; 出表日期: 1150817→味全; 資料年月: 11507→2026-07; 公司代號: 1201→twse; 公司名稱: 味全→1150817; 產業別: 食品工業→11507
2026-09-06T08:13:42+08:00	revenue/2026-07.csv	1203	market: twse→1203; 出表日期: 1150817→味王; 資料年月: 11507→2026-07; 公司代號: 1203→twse; 公司名稱: 味王→1150817; 產業別: 食品工業→11507
2026-09-06T08:13:42+08:00	revenue/2026-07.csv	1210	market: twse→1210; 出表日期: 1150817→大成; 資料年月: 11507→2026-07; 公司代號: 1210→twse; 公司名稱: 大成→1150817; 產業別: 食品工業→11507
2026-09-06T08:13:42+08:00	revenue/2026-07.csv	1213	market: twse→1213; 出表日期: 1150817→大飲; 資料年月: 11507→2026-07; 公司代號: 1213→twse; 公司名稱: 大飲→1150817; 產業別: 食品工業→11507
2026-09-06T08:13:42+08:00	revenue/2026-07.csv	1215	market: twse→1215; 出表日期: 1150817→卜蜂; 資料年月: 11507→2026-07; 公司代號: 1215→twse; 公司名稱: 卜蜂→1150817; 產業別: 食品工業→11507
2026-09-06T08:13:42+08:00	revenue/2026-07.csv	1216	market: twse→1216; 出表日期: 1150817→統一; 資料年月: 11507→2026-07; 公司代號: 1216→twse; 公司名稱: 統一→1150817; 產業別: 食品工業→11507
2026-09-06T08:13:42+08:00	revenue/2026-07.csv	1217	market: twse→1217; 出表日期: 1150817→愛之味; 資料年月: 11507→2026-07; 公司代號: 1217→twse; 公司名稱: 愛之味→1150817; 產業別: 食品工業→11507
2026-09-06T08:13:42+08:00	revenue/2026-07.csv	1218	market: twse→1218; 出表日期: 1150817→泰山; 資料年月: 11507→2026-07; 公司代號: 1218→twse; 公司名稱: 泰山→1150817; 產業別: 食品工業→11507
2026-09-06T08:13:42+08:00	revenue/2026-07.csv	1219	market: twse→1219; 出表日期: 1150817→福壽; 資料年月: 11507→2026-07; 公司代號: 1219→twse; 公司名稱: 福壽→1150817; 產業別: 食品工業→11507
2026-09-06T08:13:42+08:00	revenue/2026-07.csv	1220	market: twse→1220; 出表日期: 1150817→台榮; 資料年月: 11507→2026-07; 公司代號: 1220→twse; 公司名稱: 台榮→1150817; 產業別: 食品工業→11507
2026-09-06T08:13:42+08:00	revenue/2026-07.csv	1225	market: twse→1225; 出表日期: 1150817→福懋油; 資料年月: 11507→2026-07; 公司代號: 1225→twse; 公司名稱: 福懋油→1150817; 產業別: 食品工業→11507
2026-09-06T08:13:42+08:00	revenue/2026-07.csv	1227	market: twse→1227; 出表日期: 1150817→佳格; 資料年月: 11507→2026-07; 公司代號: 1227→twse; 公司名稱: 佳格→1150817; 產業別: 食品工業→11507
2026-09-06T08:13:42+08:00	revenue/2026-07.csv	1229	market: twse→1229; 出表日期: 1150817→聯華; 資料年月: 11507→2026-07; 公司代號: 1229→twse; 公司名稱: 聯華→1150817; 產業別: 食品工業→11507
2026-09-06T08:13:42+08:00	revenue/2026-07.csv	1231	market: twse→1231; 出表日期: 1150817→聯華食; 資料年月: 11507→2026-07; 公司代號: 1231→twse; 公司名稱: 聯華食→1150817; 產業別: 食品工業→11507
2026-09-06T08:13:42+08:00	revenue/2026-07.csv	1232	market: twse→1232; 出表日期: 1150817→大統益; 資料年月: 11507→2026-07; 公司代號: 1232→twse; 公司名稱: 大統益→1150817; 產業別: 食品工業→11507
2026-09-06T08:13:42+08:00	revenue/2026-07.csv	1233	market: twse→1233; 出表日期: 1150817→天仁; 資料年月: 11507→2026-07; 公司代號: 1233→twse; 公司名稱: 天仁→1150817; 產業別: 食品工業→11507
2026-09-06T08:13:42+08:00	revenue/2026-07.csv	1234	market: twse→1234; 出表日期: 1150817→黑松; 資料年月: 11507→2026-07; 公司代號: 1234→twse; 公司名稱: 黑松→1150817; 產業別: 食品工業→11507
2026-09-06T08:13:42+08:00	revenue/2026-07.csv	1235	market: twse→1235; 出表日期: 1150817→興泰; 資料年月: 11507→2026-07; 公司代號: 1235→twse; 公司名稱: 興泰→1150817; 產業別: 食品工業→11507
2026-09-06T08:13:42+08:00	revenue/2026-07.csv	1236	market: twse→1236; 出表日期: 1150817→宏亞; 資料年月: 11507→2026-07; 公司代號: 1236→twse; 公司名稱: 宏亞→1150817; 產業別: 食品工業→11507
2026-09-06T08:13:42+08:00	revenue/2026-07.csv	1240	market: tpex→1240; 出表日期: 1150817→茂生農經; 資料年月: 11507→2026-07; 公司代號: 1240→tpex; 公司名稱: 茂生農經→1150817; 產業別: 農業科技→11507
2026-09-06T08:13:42+08:00	revenue/2026-07.csv	1256	market: twse→1256; 出表日期: 1150817→鮮活果汁-KY; 資料年月: 11507→2026-07; 公司代號: 1256→twse; 公司名稱: 鮮活果汁-KY→1150817; 產業別: 食品工業→11507
2026-09-06T08:13:42+08:00	revenue/2026-07.csv	1259	market: tpex→1259; 出表日期: 1150817→安心; 資料年月: 11507→2026-07; 公司代號: 1259→tpex; 公司名稱: 安心→1150817; 產業別: 觀光餐旅→11507
2026-09-06T08:13:42+08:00	revenue/2026-07.csv	1264	market: tpex→1264; 出表日期: 1150817→德麥; 資料年月: 11507→2026-07; 公司代號: 1264→tpex; 公司名稱: 德麥→1150817; 產業別: 食品工業→11507
2026-09-06T08:13:42+08:00	revenue/2026-07.csv	1268	market: tpex→1268; 出表日期: 1150817→漢來美食; 資料年月: 11507→2026-07; 公司代號: 1268→tpex; 公司名稱: 漢來美食→1150817; 產業別: 觀光餐旅→11507
2026-09-06T08:13:42+08:00	revenue/2026-07.csv	1294	market: tpex→1294; 出表日期: 1150817→漢田生技; 資料年月: 11507→2026-07; 公司代號: 1294→tpex; 公司名稱: 漢田生技→1150817; 產業別: 食品工業→11507
2026-09-06T08:13:42+08:00	revenue/2026-07.csv	1295	market: tpex→1295; 出表日期: 1150817→生合; 資料年月: 11507→2026-07; 公司代號: 1295→tpex; 公司名稱: 生合→1150817; 產業別: 食品工業→11507
2026-09-06T08:13:42+08:00	revenue/2026-07.csv	1301	market: twse→1301; 出表日期: 1150817→台塑; 資料年月: 11507→2026-07; 公司代號: 1301→twse; 公司名稱: 台塑→1150817; 產業別: 塑膠工業→11507
2026-09-06T08:13:42+08:00	revenue/2026-07.csv	1303	market: twse→1303; 出表日期: 1150817→南亞; 資料年月: 11507→2026-07; 公司代號: 1303→twse; 公司名稱: 南亞→1150817; 產業別: 塑膠工業→11507
2026-09-06T08:13:42+08:00	revenue/2026-07.csv	1304	market: twse→1304; 出表日期: 1150817→台聚; 資料年月: 11507→2026-07; 公司代號: 1304→twse; 公司名稱: 台聚→1150817; 產業別: 塑膠工業→11507
2026-09-06T08:13:42+08:00	revenue/2026-07.csv	1305	market: twse→1305; 出表日期: 1150817→華夏; 資料年月: 11507→2026-07; 公司代號: 1305→twse; 公司名稱: 華夏→1150817; 產業別: 塑膠工業→11507
2026-09-06T08:13:42+08:00	revenue/2026-07.csv	1307	market: twse→1307; 出表日期: 1150817→三芳; 資料年月: 11507→2026-07; 公司代號: 1307→twse; 公司名稱: 三芳→1150817; 產業別: 塑膠工業→11507
2026-09-06T08:13:42+08:00	revenue/2026-07.csv	1308	market: twse→1308; 出表日期: 1150817→亞聚; 資料年月: 11507→2026-07; 公司代號: 1308→twse; 公司名稱: 亞聚→1150817; 產業別: 塑膠工業→11507
2026-09-06T08:13:42+08:00	revenue/2026-07.csv	1309	market: twse→1309; 出表日期: 1150817→台達化; 資料年月: 11507→2026-07; 公司代號: 1309→twse; 公司名稱: 台達化→1150817; 產業別: 塑膠工業→11507
2026-09-06T08:13:42+08:00	revenue/2026-07.csv	1310	market: twse→1310; 出表日期: 1150817→台苯; 資料年月: 11507→2026-07; 公司代號: 1310→twse; 公司名稱: 台苯→1150817; 產業別: 塑膠工業→11507
2026-09-06T08:13:42+08:00	revenue/2026-07.csv	1312	market: twse→1312; 出表日期: 1150817→國喬; 資料年月: 11507→2026-07; 公司代號: 1312→twse; 公司名稱: 國喬→1150817; 產業別: 塑膠工業→11507
2026-09-06T08:13:42+08:00	revenue/2026-07.csv	1313	market: twse→1313; 出表日期: 1150817→聯成; 資料年月: 11507→2026-07; 公司代號: 1313→twse; 公司名稱: 聯成→1150817; 產業別: 塑膠工業→11507
2026-09-06T08:13:42+08:00	revenue/2026-07.csv	1314	market: twse→1314; 出表日期: 1150817→中石化; 資料年月: 11507→2026-07; 公司代號: 1314→twse; 公司名稱: 中石化→1150817; 產業別: 塑膠工業→11507
2026-09-06T08:13:42+08:00	revenue/2026-07.csv	1315	market: twse→1315; 出表日期: 1150817→達新; 資料年月: 11507→2026-07; 公司代號: 1315→twse; 公司名稱: 達新→1150817; 產業別: 塑膠工業→11507
2026-09-06T08:13:42+08:00	revenue/2026-07.csv	1316	market: twse→1316; 出表日期: 1150817→上曜; 資料年月: 11507→2026-07; 公司代號: 1316→twse; 公司名稱: 上曜→1150817; 產業別: 建材營造→11507
2026-09-06T08:13:42+08:00	revenue/2026-07.csv	1319	market: twse→1319; 出表日期: 1150817→東陽; 資料年月: 11507→2026-07; 公司代號: 1319→twse; 公司名稱: 東陽→1150817; 產業別: 汽車工業→11507
2026-09-06T08:13:42+08:00	revenue/2026-07.csv	1321	market: twse→1321; 出表日期: 1150817→大洋; 資料年月: 11507→2026-07; 公司代號: 1321→twse; 公司名稱: 大洋→1150817; 產業別: 塑膠工業→11507
2026-09-06T08:13:42+08:00	revenue/2026-07.csv	1323	market: twse→1323; 出表日期: 1150817→永裕; 資料年月: 11507→2026-07; 公司代號: 1323→twse; 公司名稱: 永裕→1150817; 產業別: 塑膠工業→11507
2026-09-06T08:13:42+08:00	revenue/2026-07.csv	1324	market: twse→1324; 出表日期: 1150817→地球; 資料年月: 11507→2026-07; 公司代號: 1324→twse; 公司名稱: 地球→1150817; 產業別: 塑膠工業→11507
2026-09-06T08:13:42+08:00	revenue/2026-07.csv	1325	market: twse→1325; 出表日期: 1150817→恆大; 資料年月: 11507→2026-07; 公司代號: 1325→twse; 公司名稱: 恆大→1150817; 產業別: 塑膠工業→11507
2026-09-06T08:13:42+08:00	revenue/2026-07.csv	1326	market: twse→1326; 出表日期: 1150817→台化; 資料年月: 11507→2026-07; 公司代號: 1326→twse; 公司名稱: 台化→1150817; 產業別: 塑膠工業→11507
2026-09-06T08:13:42+08:00	revenue/2026-07.csv	1336	market: tpex→1336; 出表日期: 1150817→台翰; 資料年月: 11507→2026-07; 公司代號: 1336→tpex; 公司名稱: 台翰→1150817; 產業別: 電子零組件業→11507
2026-09-06T08:13:42+08:00	revenue/2026-07.csv	1337	market: twse→1337; 出表日期: 1150817→再生-KY; 資料年月: 11507→2026-07; 公司代號: 1337→twse; 公司名稱: 再生-KY→1150817; 產業別: 塑膠工業→11507
2026-09-06T08:13:42+08:00	revenue/2026-07.csv	1338	market: twse→1338; 出表日期: 1150817→廣華-KY; 資料年月: 11507→2026-07; 公司代號: 1338→twse; 公司名稱: 廣華-KY→1150817; 產業別: 汽車工業→11507
2026-09-06T08:13:42+08:00	revenue/2026-07.csv	1339	market: twse→1339; 出表日期: 1150817→昭輝; 資料年月: 11507→2026-07; 公司代號: 1339→twse; 公司名稱: 昭輝→1150817; 產業別: 汽車工業→11507
2026-09-06T08:13:42+08:00	revenue/2026-07.csv	1340	market: twse→1340; 出表日期: 1150817→勝悅-KY; 資料年月: 11507→2026-07; 公司代號: 1340→twse; 公司名稱: 勝悅-KY→1150817; 產業別: 塑膠工業→11507
2026-09-06T08:13:42+08:00	revenue/2026-07.csv	1341	market: twse→1341; 出表日期: 1150817→富林-KY; 資料年月: 11507→2026-07; 公司代號: 1341→twse; 公司名稱: 富林-KY→1150817; 產業別: 塑膠工業→11507
2026-09-06T08:13:42+08:00	revenue/2026-07.csv	1342	market: twse→1342; 出表日期: 1150817→八貫; 資料年月: 11507→2026-07; 公司代號: 1342→twse; 公司名稱: 八貫→1150817; 產業別: 其他→11507
2026-09-06T08:13:42+08:00	revenue/2026-07.csv	1402	market: twse→1402; 出表日期: 1150817→遠東新; 資料年月: 11507→2026-07; 公司代號: 1402→twse; 公司名稱: 遠東新→1150817; 產業別: 紡織纖維→11507
2026-09-06T08:13:42+08:00	revenue/2026-07.csv	1409	market: twse→1409; 出表日期: 1150817→新纖; 資料年月: 11507→2026-07; 公司代號: 1409→twse; 公司名稱: 新纖→1150817; 產業別: 紡織纖維→11507
2026-09-06T08:13:42+08:00	revenue/2026-07.csv	1410	market: twse→1410; 出表日期: 1150817→南染; 資料年月: 11507→2026-07; 公司代號: 1410→twse; 公司名稱: 南染→1150817; 產業別: 紡織纖維→11507
2026-09-06T08:13:42+08:00	revenue/2026-07.csv	1413	market: twse→1413; 出表日期: 1150817→宏洲; 資料年月: 11507→2026-07; 公司代號: 1413→twse; 公司名稱: 宏洲→1150817; 產業別: 紡織纖維→11507
2026-09-06T08:13:42+08:00	revenue/2026-07.csv	1414	market: twse→1414; 出表日期: 1150817→東和; 資料年月: 11507→2026-07; 公司代號: 1414→twse; 公司名稱: 東和→1150817; 產業別: 紡織纖維→11507
2026-09-06T08:13:42+08:00	revenue/2026-07.csv	1416	market: twse→1416; 出表日期: 1150817→廣豐; 資料年月: 11507→2026-07; 公司代號: 1416→twse; 公司名稱: 廣豐→1150817; 產業別: 其他→11507
2026-09-06T08:13:42+08:00	revenue/2026-07.csv	1417	market: twse→1417; 出表日期: 1150817→嘉裕; 資料年月: 11507→2026-07; 公司代號: 1417→twse; 公司名稱: 嘉裕→1150817; 產業別: 紡織纖維→11507
2026-09-06T08:13:42+08:00	revenue/2026-07.csv	1418	market: twse→1418; 出表日期: 1150817→東華; 資料年月: 11507→2026-07; 公司代號: 1418→twse; 公司名稱: 東華→1150817; 產業別: 紡織纖維→11507
2026-09-06T08:13:42+08:00	revenue/2026-07.csv	1419	market: twse→1419; 出表日期: 1150817→新紡; 資料年月: 11507→2026-07; 公司代號: 1419→twse; 公司名稱: 新紡→1150817; 產業別: 紡織纖維→11507
2026-09-06T08:13:42+08:00	revenue/2026-07.csv	1423	market: twse→1423; 出表日期: 1150817→利華; 資料年月: 11507→2026-07; 公司代號: 1423→twse; 公司名稱: 利華→1150817; 產業別: 紡織纖維→11507
2026-09-06T08:13:42+08:00	revenue/2026-07.csv	1432	market: twse→1432; 出表日期: 1150817→大魯閣; 資料年月: 11507→2026-07; 公司代號: 1432→twse; 公司名稱: 大魯閣→1150817; 產業別: 運動休閒→11507
2026-09-06T08:13:42+08:00	revenue/2026-07.csv	1434	market: twse→1434; 出表日期: 1150817→福懋; 資料年月: 11507→2026-07; 公司代號: 1434→twse; 公司名稱: 福懋→1150817; 產業別: 紡織纖維→11507
2026-09-06T08:13:42+08:00	revenue/2026-07.csv	1435	market: twse→1435; 出表日期: 1150817→中福; 資料年月: 11507→2026-07; 公司代號: 1435→twse; 公司名稱: 中福→1150817; 產業別: 其他→11507
2026-09-06T08:13:42+08:00	revenue/2026-07.csv	1436	market: twse→1436; 出表日期: 1150817→華友聯; 資料年月: 11507→2026-07; 公司代號: 1436→twse; 公司名稱: 華友聯→1150817; 產業別: 建材營造→11507
2026-09-06T08:13:42+08:00	revenue/2026-07.csv	1437	market: twse→1437; 出表日期: 1150817→勤益控; 資料年月: 11507→2026-07; 公司代號: 1437→twse; 公司名稱: 勤益控→1150817; 產業別: 其他→11507
2026-09-06T08:13:42+08:00	revenue/2026-07.csv	1438	market: twse→1438; 出表日期: 1150817→三地開發; 資料年月: 11507→2026-07; 公司代號: 1438→twse; 公司名稱: 三地開發→1150817; 產業別: 建材營造→11507
2026-09-06T08:13:42+08:00	revenue/2026-07.csv	1439	market: twse→1439; 出表日期: 1150817→雋揚; 資料年月: 11507→2026-07; 公司代號: 1439→twse; 公司名稱: 雋揚→1150817; 產業別: 建材營造→11507
2026-09-06T08:13:42+08:00	revenue/2026-07.csv	1440	market: twse→1440; 出表日期: 1150817→南紡; 資料年月: 11507→2026-07; 公司代號: 1440→twse; 公司名稱: 南紡→1150817; 產業別: 紡織纖維→11507
2026-09-06T08:13:42+08:00	revenue/2026-07.csv	1441	market: twse→1441; 出表日期: 1150817→大東; 資料年月: 11507→2026-07; 公司代號: 1441→twse; 公司名稱: 大東→1150817; 產業別: 紡織纖維→11507
2026-09-06T08:13:42+08:00	revenue/2026-07.csv	1442	market: twse→1442; 出表日期: 1150817→名軒; 資料年月: 11507→2026-07; 公司代號: 1442→twse; 公司名稱: 名軒→1150817; 產業別: 建材營造→11507
2026-09-06T08:13:42+08:00	revenue/2026-07.csv	1443	market: twse→1443; 出表日期: 1150817→立益物流; 資料年月: 11507→2026-07; 公司代號: 1443→twse; 公司名稱: 立益物流→1150817; 產業別: 其他→11507
2026-09-06T08:13:42+08:00	revenue/2026-07.csv	1444	market: twse→1444; 出表日期: 1150817→力麗; 資料年月: 11507→2026-07; 公司代號: 1444→twse; 公司名稱: 力麗→1150817; 產業別: 紡織纖維→11507
2026-09-06T08:13:42+08:00	revenue/2026-07.csv	1445	market: twse→1445; 出表日期: 1150817→大宇; 資料年月: 11507→2026-07; 公司代號: 1445→twse; 公司名稱: 大宇→1150817; 產業別: 紡織纖維→11507
2026-09-06T08:13:42+08:00	revenue/2026-07.csv	1446	market: twse→1446; 出表日期: 1150817→宏和; 資料年月: 11507→2026-07; 公司代號: 1446→twse; 公司名稱: 宏和→1150817; 產業別: 紡織纖維→11507
2026-09-06T08:13:42+08:00	revenue/2026-07.csv	1447	market: twse→1447; 出表日期: 1150817→力鵬; 資料年月: 11507→2026-07; 公司代號: 1447→twse; 公司名稱: 力鵬→1150817; 產業別: 紡織纖維→11507
2026-09-06T08:13:42+08:00	revenue/2026-07.csv	1449	market: twse→1449; 出表日期: 1150817→佳和; 資料年月: 11507→2026-07; 公司代號: 1449→twse; 公司名稱: 佳和→1150817; 產業別: 紡織纖維→11507
2026-09-06T08:13:42+08:00	revenue/2026-07.csv	1451	market: twse→1451; 出表日期: 1150817→年興; 資料年月: 11507→2026-07; 公司代號: 1451→twse; 公司名稱: 年興→1150817; 產業別: 紡織纖維→11507
2026-09-06T08:13:42+08:00	revenue/2026-07.csv	1452	market: twse→1452; 出表日期: 1150817→宏益; 資料年月: 11507→2026-07; 公司代號: 1452→twse; 公司名稱: 宏益→1150817; 產業別: 紡織纖維→11507
2026-09-06T08:13:42+08:00	revenue/2026-07.csv	1453	market: twse→1453; 出表日期: 1150817→大將; 資料年月: 11507→2026-07; 公司代號: 1453→twse; 公司名稱: 大將→1150817; 產業別: 建材營造→11507
2026-09-06T08:13:42+08:00	revenue/2026-07.csv	1454	market: twse→1454; 出表日期: 1150817→台富; 資料年月: 11507→2026-07; 公司代號: 1454→twse; 公司名稱: 台富→1150817; 產業別: 紡織纖維→11507
2026-09-06T08:13:42+08:00	revenue/2026-07.csv	1455	market: twse→1455; 出表日期: 1150817→集盛; 資料年月: 11507→2026-07; 公司代號: 1455→twse; 公司名稱: 集盛→1150817; 產業別: 紡織纖維→11507
2026-09-06T08:13:42+08:00	revenue/2026-07.csv	1456	market: twse→1456; 出表日期: 1150817→怡華; 資料年月: 11507→2026-07; 公司代號: 1456→twse; 公司名稱: 怡華→1150817; 產業別: 建材營造→11507
2026-09-06T08:13:42+08:00	revenue/2026-07.csv	1457	market: twse→1457; 出表日期: 1150817→宜進; 資料年月: 11507→2026-07; 公司代號: 1457→twse; 公司名稱: 宜進→1150817; 產業別: 紡織纖維→11507
2026-09-06T08:13:42+08:00	revenue/2026-07.csv	1459	market: twse→1459; 出表日期: 1150817→聯發; 資料年月: 11507→2026-07; 公司代號: 1459→twse; 公司名稱: 聯發→1150817; 產業別: 紡織纖維→11507
2026-09-06T08:13:42+08:00	revenue/2026-07.csv	1460	market: twse→1460; 出表日期: 1150817→宏遠; 資料年月: 11507→2026-07; 公司代號: 1460→twse; 公司名稱: 宏遠→1150817; 產業別: 紡織纖維→11507
2026-09-06T08:13:42+08:00	revenue/2026-07.csv	1463	market: twse→1463; 出表日期: 1150817→強盛新; 資料年月: 11507→2026-07; 公司代號: 1463→twse; 公司名稱: 強盛新→1150817; 產業別: 紡織纖維→11507
2026-09-06T08:13:42+08:00	revenue/2026-07.csv	1464	market: twse→1464; 出表日期: 1150817→得力; 資料年月: 11507→2026-07; 公司代號: 1464→twse; 公司名稱: 得力→1150817; 產業別: 紡織纖維→11507
2026-09-06T08:13:42+08:00	revenue/2026-07.csv	1465	market: twse→1465; 出表日期: 1150817→偉全; 資料年月: 11507→2026-07; 公司代號: 1465→twse; 公司名稱: 偉全→1150817; 產業別: 紡織纖維→11507
2026-09-06T08:13:42+08:00	revenue/2026-07.csv	1466	market: twse→1466; 出表日期: 1150817→聚隆; 資料年月: 11507→2026-07; 公司代號: 1466→twse; 公司名稱: 聚隆→1150817; 產業別: 紡織纖維→11507
2026-09-06T08:13:42+08:00	revenue/2026-07.csv	1467	market: twse→1467; 出表日期: 1150817→南緯; 資料年月: 11507→2026-07; 公司代號: 1467→twse; 公司名稱: 南緯→1150817; 產業別: 紡織纖維→11507
2026-09-06T08:13:42+08:00	revenue/2026-07.csv	1468	market: twse→1468; 出表日期: 1150817→昶和; 資料年月: 11507→2026-07; 公司代號: 1468→twse; 公司名稱: 昶和→1150817; 產業別: 紡織纖維→11507
2026-09-06T08:13:42+08:00	revenue/2026-07.csv	1470	market: twse→1470; 出表日期: 1150817→大統新創; 資料年月: 11507→2026-07; 公司代號: 1470→twse; 公司名稱: 大統新創→1150817; 產業別: 紡織纖維→11507
2026-09-06T08:13:42+08:00	revenue/2026-07.csv	1471	market: twse→1471; 出表日期: 1150817→首利; 資料年月: 11507→2026-07; 公司代號: 1471→twse; 公司名稱: 首利→1150817; 產業別: 電子零組件業→11507
2026-09-06T08:13:42+08:00	revenue/2026-07.csv	1472	market: twse→1472; 出表日期: 1150817→三洋實業; 資料年月: 11507→2026-07; 公司代號: 1472→twse; 公司名稱: 三洋實業→1150817; 產業別: 建材營造→11507
2026-09-06T08:13:42+08:00	revenue/2026-07.csv	1473	market: twse→1473; 出表日期: 1150817→台南; 資料年月: 11507→2026-07; 公司代號: 1473→twse; 公司名稱: 台南→1150817; 產業別: 紡織纖維→11507
2026-09-06T08:13:42+08:00	revenue/2026-07.csv	1474	market: twse→1474; 出表日期: 1150817→弘裕; 資料年月: 11507→2026-07; 公司代號: 1474→twse; 公司名稱: 弘裕→1150817; 產業別: 紡織纖維→11507
2026-09-06T08:13:42+08:00	revenue/2026-07.csv	1475	market: twse→1475; 出表日期: 1150817→業旺; 資料年月: 11507→2026-07; 公司代號: 1475→twse; 公司名稱: 業旺→1150817; 產業別: 紡織纖維→11507
2026-09-06T08:13:42+08:00	revenue/2026-07.csv	1476	market: twse→1476; 出表日期: 1150817→儒鴻; 資料年月: 11507→2026-07; 公司代號: 1476→twse; 公司名稱: 儒鴻→1150817; 產業別: 紡織纖維→11507
2026-09-06T08:13:42+08:00	revenue/2026-07.csv	1477	market: twse→1477; 出表日期: 1150817→聚陽; 資料年月: 11507→2026-07; 公司代號: 1477→twse; 公司名稱: 聚陽→1150817; 產業別: 紡織纖維→11507
2026-09-06T08:13:42+08:00	revenue/2026-07.csv	1503	market: twse→1503; 出表日期: 1150817→士電; 資料年月: 11507→2026-07; 公司代號: 1503→twse; 公司名稱: 士電→1150817; 產業別: 電機機械→11507
2026-09-06T08:13:42+08:00	revenue/2026-07.csv	1504	market: twse→1504; 出表日期: 1150817→東元; 資料年月: 11507→2026-07; 公司代號: 1504→twse; 公司名稱: 東元→1150817; 產業別: 電機機械→11507
2026-09-06T08:13:42+08:00	revenue/2026-07.csv	1506	market: twse→1506; 出表日期: 1150817→正道; 資料年月: 11507→2026-07; 公司代號: 1506→twse; 公司名稱: 正道→1150817; 產業別: 電機機械→11507
2026-09-06T08:13:42+08:00	revenue/2026-07.csv	1512	market: twse→1512; 出表日期: 1150817→瑞利; 資料年月: 11507→2026-07; 公司代號: 1512→twse; 公司名稱: 瑞利→1150817; 產業別: 汽車工業→11507
2026-09-06T08:13:42+08:00	revenue/2026-07.csv	1513	market: twse→1513; 出表日期: 1150817→中興電; 資料年月: 11507→2026-07; 公司代號: 1513→twse; 公司名稱: 中興電→1150817; 產業別: 電機機械→11507
2026-09-06T08:13:42+08:00	revenue/2026-07.csv	1514	market: twse→1514; 出表日期: 1150817→亞力; 資料年月: 11507→2026-07; 公司代號: 1514→twse; 公司名稱: 亞力→1150817; 產業別: 電機機械→11507
2026-09-06T08:13:42+08:00	revenue/2026-07.csv	1515	market: twse→1515; 出表日期: 1150817→力山; 資料年月: 11507→2026-07; 公司代號: 1515→twse; 公司名稱: 力山→1150817; 產業別: 電機機械→11507
2026-09-06T08:13:42+08:00	revenue/2026-07.csv	1516	market: twse→1516; 出表日期: 1150817→川飛; 資料年月: 11507→2026-07; 公司代號: 1516→twse; 公司名稱: 川飛→1150817; 產業別: 其他→11507
2026-09-06T08:13:42+08:00	revenue/2026-07.csv	1517	market: twse→1517; 出表日期: 1150817→利奇; 資料年月: 11507→2026-07; 公司代號: 1517→twse; 公司名稱: 利奇→1150817; 產業別: 電機機械→11507
2026-09-06T08:13:42+08:00	revenue/2026-07.csv	1519	market: twse→1519; 出表日期: 1150817→華城; 資料年月: 11507→2026-07; 公司代號: 1519→twse; 公司名稱: 華城→1150817; 產業別: 電機機械→11507
2026-09-06T08:13:42+08:00	revenue/2026-07.csv	1521	market: twse→1521; 出表日期: 1150817→大億; 資料年月: 11507→2026-07; 公司代號: 1521→twse; 公司名稱: 大億→1150817; 產業別: 汽車工業→11507
2026-09-06T08:13:42+08:00	revenue/2026-07.csv	1522	market: twse→1522; 出表日期: 1150817→堤維西; 資料年月: 11507→2026-07; 公司代號: 1522→twse; 公司名稱: 堤維西→1150817; 產業別: 汽車工業→11507
2026-09-06T08:13:42+08:00	revenue/2026-07.csv	1524	market: twse→1524; 出表日期: 1150817→耿鼎; 資料年月: 11507→2026-07; 公司代號: 1524→twse; 公司名稱: 耿鼎→1150817; 產業別: 汽車工業→11507
2026-09-06T08:13:42+08:00	revenue/2026-07.csv	1525	market: twse→1525; 出表日期: 1150817→江申; 資料年月: 11507→2026-07; 公司代號: 1525→twse; 公司名稱: 江申→1150817; 產業別: 汽車工業→11507
2026-09-06T08:13:42+08:00	revenue/2026-07.csv	1526	market: twse→1526; 出表日期: 1150817→日馳; 資料年月: 11507→2026-07; 公司代號: 1526→twse; 公司名稱: 日馳→1150817; 產業別: 電機機械→11507
2026-09-06T08:13:42+08:00	revenue/2026-07.csv	1527	market: twse→1527; 出表日期: 1150817→鑽全; 資料年月: 11507→2026-07; 公司代號: 1527→twse; 公司名稱: 鑽全→1150817; 產業別: 電機機械→11507
2026-09-06T08:13:42+08:00	revenue/2026-07.csv	1528	market: twse→1528; 出表日期: 1150817→恩德; 資料年月: 11507→2026-07; 公司代號: 1528→twse; 公司名稱: 恩德→1150817; 產業別: 電機機械→11507
2026-09-06T08:13:42+08:00	revenue/2026-07.csv	1529	market: twse→1529; 出表日期: 1150817→樂事綠能; 資料年月: 11507→2026-07; 公司代號: 1529→twse; 公司名稱: 樂事綠能→1150817; 產業別: 電機機械→11507
2026-09-06T08:13:42+08:00	revenue/2026-07.csv	1530	market: twse→1530; 出表日期: 1150817→亞崴; 資料年月: 11507→2026-07; 公司代號: 1530→twse; 公司名稱: 亞崴→1150817; 產業別: 電機機械→11507
2026-09-06T08:13:42+08:00	revenue/2026-07.csv	1531	market: twse→1531; 出表日期: 1150817→高林股; 資料年月: 11507→2026-07; 公司代號: 1531→twse; 公司名稱: 高林股→1150817; 產業別: 電機機械→11507
2026-09-06T08:13:42+08:00	revenue/2026-07.csv	1532	market: twse→1532; 出表日期: 1150817→勤美; 資料年月: 11507→2026-07; 公司代號: 1532→twse; 公司名稱: 勤美→1150817; 產業別: 電機機械→11507
2026-09-06T08:13:42+08:00	revenue/2026-07.csv	1533	market: twse→1533; 出表日期: 1150817→車王電; 資料年月: 11507→2026-07; 公司代號: 1533→twse; 公司名稱: 車王電→1150817; 產業別: 汽車工業→11507
2026-09-06T08:13:42+08:00	revenue/2026-07.csv	1535	market: twse→1535; 出表日期: 1150817→中宇; 資料年月: 11507→2026-07; 公司代號: 1535→twse; 公司名稱: 中宇→1150817; 產業別: 電機機械→11507
2026-09-06T08:13:42+08:00	revenue/2026-07.csv	1536	market: twse→1536; 出表日期: 1150817→和大; 資料年月: 11507→2026-07; 公司代號: 1536→twse; 公司名稱: 和大→1150817; 產業別: 汽車工業→11507
2026-09-06T08:13:42+08:00	revenue/2026-07.csv	1537	market: twse→1537; 出表日期: 1150817→廣隆; 資料年月: 11507→2026-07; 公司代號: 1537→twse; 公司名稱: 廣隆→1150817; 產業別: 電機機械→11507
2026-09-06T08:13:42+08:00	revenue/2026-07.csv	1538	market: twse→1538; 出表日期: 1150817→正峰; 資料年月: 11507→2026-07; 公司代號: 1538→twse; 公司名稱: 正峰→1150817; 產業別: 電機機械→11507
2026-09-06T08:13:42+08:00	revenue/2026-07.csv	1539	market: twse→1539; 出表日期: 1150817→巨庭; 資料年月: 11507→2026-07; 公司代號: 1539→twse; 公司名稱: 巨庭→1150817; 產業別: 電機機械→11507
2026-09-06T08:13:42+08:00	revenue/2026-07.csv	1540	market: twse→1540; 出表日期: 1150817→喬福; 資料年月: 11507→2026-07; 公司代號: 1540→twse; 公司名稱: 喬福→1150817; 產業別: 電機機械→11507
2026-09-06T08:13:42+08:00	revenue/2026-07.csv	1541	market: twse→1541; 出表日期: 1150817→錩泰; 資料年月: 11507→2026-07; 公司代號: 1541→twse; 公司名稱: 錩泰→1150817; 產業別: 電機機械→11507
2026-09-06T08:13:42+08:00	revenue/2026-07.csv	1558	market: twse→1558; 出表日期: 1150817→伸興; 資料年月: 11507→2026-07; 公司代號: 1558→twse; 公司名稱: 伸興→1150817; 產業別: 電機機械→11507
2026-09-06T08:13:42+08:00	revenue/2026-07.csv	1560	market: twse→1560; 出表日期: 1150817→中砂; 資料年月: 11507→2026-07; 公司代號: 1560→twse; 公司名稱: 中砂→1150817; 產業別: 電機機械→11507
2026-09-06T08:13:42+08:00	revenue/2026-07.csv	1563	market: twse→1563; 出表日期: 1150817→巧新; 資料年月: 11507→2026-07; 公司代號: 1563→twse; 公司名稱: 巧新→1150817; 產業別: 汽車工業→11507
2026-09-06T08:13:42+08:00	revenue/2026-07.csv	1565	market: tpex→1565; 出表日期: 1150817→精華; 資料年月: 11507→2026-07; 公司代號: 1565→tpex; 公司名稱: 精華→1150817; 產業別: 生技醫療業→11507
2026-09-06T08:13:42+08:00	revenue/2026-07.csv	1568	market: twse→1568; 出表日期: 1150817→倉佑; 資料年月: 11507→2026-07; 公司代號: 1568→twse; 公司名稱: 倉佑→1150817; 產業別: 汽車工業→11507
2026-09-06T08:13:42+08:00	revenue/2026-07.csv	1569	market: tpex→1569; 出表日期: 1150817→濱川; 資料年月: 11507→2026-07; 公司代號: 1569→tpex; 公司名稱: 濱川→1150817; 產業別: 電腦及週邊設備業→11507
2026-09-06T08:13:42+08:00	revenue/2026-07.csv	1570	market: tpex→1570; 出表日期: 1150817→力肯; 資料年月: 11507→2026-07; 公司代號: 1570→tpex; 公司名稱: 力肯→1150817; 產業別: 電機機械→11507
2026-09-06T08:13:42+08:00	revenue/2026-07.csv	1580	market: tpex→1580; 出表日期: 1150817→新麥; 資料年月: 11507→2026-07; 公司代號: 1580→tpex; 公司名稱: 新麥→1150817; 產業別: 電機機械→11507
2026-09-06T08:13:42+08:00	revenue/2026-07.csv	1582	market: twse→1582; 出表日期: 1150817→信錦; 資料年月: 11507→2026-07; 公司代號: 1582→twse; 公司名稱: 信錦→1150817; 產業別: 電子零組件業→11507
2026-09-06T08:13:42+08:00	revenue/2026-07.csv	1583	market: twse→1583; 出表日期: 1150817→程泰; 資料年月: 11507→2026-07; 公司代號: 1583→twse; 公司名稱: 程泰→1150817; 產業別: 電機機械→11507
2026-09-06T08:13:42+08:00	revenue/2026-07.csv	1584	market: tpex→1584; 出表日期: 1150817→精剛; 資料年月: 11507→2026-07; 公司代號: 1584→tpex; 公司名稱: 精剛→1150817; 產業別: 其他→11507
2026-09-06T08:13:42+08:00	revenue/2026-07.csv	1586	market: tpex→1586; 出表日期: 1150817→和勤; 資料年月: 11507→2026-07; 公司代號: 1586→tpex; 公司名稱: 和勤→1150817; 產業別: 電機機械→11507
2026-09-06T08:13:42+08:00	revenue/2026-07.csv	1587	market: twse→1587; 出表日期: 1150817→吉茂; 資料年月: 11507→2026-07; 公司代號: 1587→twse; 公司名稱: 吉茂→1150817; 產業別: 汽車工業→11507
2026-09-06T08:13:42+08:00	revenue/2026-07.csv	1589	market: twse→1589; 出表日期: 1150817→永冠-KY; 資料年月: 11507→2026-07; 公司代號: 1589→twse; 公司名稱: 永冠-KY→1150817; 產業別: 電機機械→11507
2026-09-06T08:13:42+08:00	revenue/2026-07.csv	1590	market: twse→1590; 出表日期: 1150817→亞德客-KY; 資料年月: 11507→2026-07; 公司代號: 1590→twse; 公司名稱: 亞德客-KY→1150817; 產業別: 電機機械→11507
2026-09-06T08:13:42+08:00	revenue/2026-07.csv	1591	market: tpex→1591; 出表日期: 1150817→駿吉-KY; 資料年月: 11507→2026-07; 公司代號: 1591→tpex; 公司名稱: 駿吉-KY→1150817; 產業別: 電機機械→11507
2026-09-06T08:13:42+08:00	revenue/2026-07.csv	1593	market: tpex→1593; 出表日期: 1150817→祺驊; 資料年月: 11507→2026-07; 公司代號: 1593→tpex; 公司名稱: 祺驊→1150817; 產業別: 運動休閒→11507
2026-09-06T08:13:42+08:00	revenue/2026-07.csv	1595	market: tpex→1595; 出表日期: 1150817→川寶; 資料年月: 11507→2026-07; 公司代號: 1595→tpex; 公司名稱: 川寶→1150817; 產業別: 半導體業→11507
2026-09-06T08:13:42+08:00	revenue/2026-07.csv	1597	market: twse→1597; 出表日期: 1150817→直得; 資料年月: 11507→2026-07; 公司代號: 1597→twse; 公司名稱: 直得→1150817; 產業別: 電機機械→11507
2026-09-06T08:13:42+08:00	revenue/2026-07.csv	1598	market: twse→1598; 出表日期: 1150817→岱宇; 資料年月: 11507→2026-07; 公司代號: 1598→twse; 公司名稱: 岱宇→1150817; 產業別: 運動休閒→11507
2026-09-06T08:13:42+08:00	revenue/2026-07.csv	1599	market: tpex→1599; 出表日期: 1150817→宏佳騰; 資料年月: 11507→2026-07; 公司代號: 1599→tpex; 公司名稱: 宏佳騰→1150817; 產業別: 電機機械→11507
2026-09-06T08:13:42+08:00	revenue/2026-07.csv	1603	market: twse→1603; 出表日期: 1150817→華電; 資料年月: 11507→2026-07; 公司代號: 1603→twse; 公司名稱: 華電→1150817; 產業別: 電器電纜→11507
2026-09-06T08:13:42+08:00	revenue/2026-07.csv	1604	market: twse→1604; 出表日期: 1150817→聲寶; 資料年月: 11507→2026-07; 公司代號: 1604→twse; 公司名稱: 聲寶→1150817; 產業別: 電器電纜→11507
2026-09-06T08:13:42+08:00	revenue/2026-07.csv	1605	market: twse→1605; 出表日期: 1150817→華新; 資料年月: 11507→2026-07; 公司代號: 1605→twse; 公司名稱: 華新→1150817; 產業別: 電器電纜→11507
2026-09-06T08:13:42+08:00	revenue/2026-07.csv	1608	market: twse→1608; 出表日期: 1150817→華榮; 資料年月: 11507→2026-07; 公司代號: 1608→twse; 公司名稱: 華榮→1150817; 產業別: 電器電纜→11507
2026-09-06T08:13:42+08:00	revenue/2026-07.csv	1609	market: twse→1609; 出表日期: 1150817→大亞; 資料年月: 11507→2026-07; 公司代號: 1609→twse; 公司名稱: 大亞→1150817; 產業別: 電器電纜→11507
2026-09-06T08:13:42+08:00	revenue/2026-07.csv	1611	market: twse→1611; 出表日期: 1150817→中電; 資料年月: 11507→2026-07; 公司代號: 1611→twse; 公司名稱: 中電→1150817; 產業別: 電器電纜→11507
2026-09-06T08:13:42+08:00	revenue/2026-07.csv	1612	market: twse→1612; 出表日期: 1150817→宏泰; 資料年月: 11507→2026-07; 公司代號: 1612→twse; 公司名稱: 宏泰→1150817; 產業別: 電器電纜→11507
2026-09-06T08:13:42+08:00	revenue/2026-07.csv	1614	market: twse→1614; 出表日期: 1150817→三洋電; 資料年月: 11507→2026-07; 公司代號: 1614→twse; 公司名稱: 三洋電→1150817; 產業別: 電器電纜→11507
2026-09-06T08:13:42+08:00	revenue/2026-07.csv	1615	market: twse→1615; 出表日期: 1150817→大山; 資料年月: 11507→2026-07; 公司代號: 1615→twse; 公司名稱: 大山→1150817; 產業別: 電器電纜→11507
2026-09-06T08:13:42+08:00	revenue/2026-07.csv	1616	market: twse→1616; 出表日期: 1150817→億泰; 資料年月: 11507→2026-07; 公司代號: 1616→twse; 公司名稱: 億泰→1150817; 產業別: 電器電纜→11507
2026-09-06T08:13:42+08:00	revenue/2026-07.csv	1617	market: twse→1617; 出表日期: 1150817→榮星; 資料年月: 11507→2026-07; 公司代號: 1617→twse; 公司名稱: 榮星→1150817; 產業別: 電器電纜→11507
2026-09-06T08:13:42+08:00	revenue/2026-07.csv	1618	market: twse→1618; 出表日期: 1150817→合機; 資料年月: 11507→2026-07; 公司代號: 1618→twse; 公司名稱: 合機→1150817; 產業別: 電器電纜→11507
2026-09-06T08:13:42+08:00	revenue/2026-07.csv	1623	market: twse→1623; 出表日期: 1150817→大東電; 資料年月: 11507→2026-07; 公司代號: 1623→twse; 公司名稱: 大東電→1150817; 產業別: 電器電纜→11507
2026-09-06T08:13:42+08:00	revenue/2026-07.csv	1626	market: twse→1626; 出表日期: 1150817→艾美特-KY; 資料年月: 11507→2026-07; 公司代號: 1626→twse; 公司名稱: 艾美特-KY→1150817; 產業別: 電器電纜→11507
2026-09-06T08:13:42+08:00	revenue/2026-07.csv	1702	market: twse→1702; 出表日期: 1150817→南僑; 資料年月: 11507→2026-07; 公司代號: 1702→twse; 公司名稱: 南僑→1150817; 產業別: 食品工業→11507
2026-09-06T08:13:42+08:00	revenue/2026-07.csv	1707	market: twse→1707; 出表日期: 1150817→葡萄王; 資料年月: 11507→2026-07; 公司代號: 1707→twse; 公司名稱: 葡萄王→1150817; 產業別: 生技醫療業→11507
2026-09-06T08:13:42+08:00	revenue/2026-07.csv	1708	market: twse→1708; 出表日期: 1150817→東鹼; 資料年月: 11507→2026-07; 公司代號: 1708→twse; 公司名稱: 東鹼→1150817; 產業別: 化學工業→11507
2026-09-06T08:13:42+08:00	revenue/2026-07.csv	1709	market: twse→1709; 出表日期: 1150817→和益; 資料年月: 11507→2026-07; 公司代號: 1709→twse; 公司名稱: 和益→1150817; 產業別: 化學工業→11507
2026-09-06T08:13:42+08:00	revenue/2026-07.csv	1710	market: twse→1710; 出表日期: 1150817→東聯; 資料年月: 11507→2026-07; 公司代號: 1710→twse; 公司名稱: 東聯→1150817; 產業別: 化學工業→11507
2026-09-06T08:13:42+08:00	revenue/2026-07.csv	1711	market: twse→1711; 出表日期: 1150817→永光; 資料年月: 11507→2026-07; 公司代號: 1711→twse; 公司名稱: 永光→1150817; 產業別: 化學工業→11507
2026-09-06T08:13:42+08:00	revenue/2026-07.csv	1712	market: twse→1712; 出表日期: 1150817→興農; 資料年月: 11507→2026-07; 公司代號: 1712→twse; 公司名稱: 興農→1150817; 產業別: 化學工業→11507
2026-09-06T08:13:42+08:00	revenue/2026-07.csv	1713	market: twse→1713; 出表日期: 1150817→國化; 資料年月: 11507→2026-07; 公司代號: 1713→twse; 公司名稱: 國化→1150817; 產業別: 化學工業→11507
2026-09-06T08:13:42+08:00	revenue/2026-07.csv	1714	market: twse→1714; 出表日期: 1150817→和桐; 資料年月: 11507→2026-07; 公司代號: 1714→twse; 公司名稱: 和桐→1150817; 產業別: 化學工業→11507
2026-09-06T08:13:42+08:00	revenue/2026-07.csv	1717	market: twse→1717; 出表日期: 1150817→長興; 資料年月: 11507→2026-07; 公司代號: 1717→twse; 公司名稱: 長興→1150817; 產業別: 化學工業→11507
2026-09-06T08:13:42+08:00	revenue/2026-07.csv	1718	market: twse→1718; 出表日期: 1150817→中纖; 資料年月: 11507→2026-07; 公司代號: 1718→twse; 公司名稱: 中纖→1150817; 產業別: 化學工業→11507
2026-09-06T08:13:42+08:00	revenue/2026-07.csv	1720	market: twse→1720; 出表日期: 1150817→生達; 資料年月: 11507→2026-07; 公司代號: 1720→twse; 公司名稱: 生達→1150817; 產業別: 生技醫療業→11507
2026-09-06T08:13:42+08:00	revenue/2026-07.csv	1721	market: twse→1721; 出表日期: 1150817→三晃; 資料年月: 11507→2026-07; 公司代號: 1721→twse; 公司名稱: 三晃→1150817; 產業別: 化學工業→11507
2026-09-06T08:13:42+08:00	revenue/2026-07.csv	1722	market: twse→1722; 出表日期: 1150817→台肥; 資料年月: 11507→2026-07; 公司代號: 1722→twse; 公司名稱: 台肥→1150817; 產業別: 化學工業→11507
2026-09-06T08:13:42+08:00	revenue/2026-07.csv	1723	market: twse→1723; 出表日期: 1150817→中碳; 資料年月: 11507→2026-07; 公司代號: 1723→twse; 公司名稱: 中碳→1150817; 產業別: 化學工業→11507
2026-09-06T08:13:42+08:00	revenue/2026-07.csv	1725	market: twse→1725; 出表日期: 1150817→元禎; 資料年月: 11507→2026-07; 公司代號: 1725→twse; 公司名稱: 元禎→1150817; 產業別: 化學工業→11507
2026-09-06T08:13:42+08:00	revenue/2026-07.csv	1726	market: twse→1726; 出表日期: 1150817→永記; 資料年月: 11507→2026-07; 公司代號: 1726→twse; 公司名稱: 永記→1150817; 產業別: 化學工業→11507
2026-09-06T08:13:42+08:00	revenue/2026-07.csv	1727	market: twse→1727; 出表日期: 1150817→中華化; 資料年月: 11507→2026-07; 公司代號: 1727→twse; 公司名稱: 中華化→1150817; 產業別: 化學工業→11507
2026-09-06T08:13:42+08:00	revenue/2026-07.csv	1730	market: twse→1730; 出表日期: 1150817→花仙子; 資料年月: 11507→2026-07; 公司代號: 1730→twse; 公司名稱: 花仙子→1150817; 產業別: 化學工業→11507
2026-09-06T08:13:42+08:00	revenue/2026-07.csv	1731	market: twse→1731; 出表日期: 1150817→美吾華; 資料年月: 11507→2026-07; 公司代號: 1731→twse; 公司名稱: 美吾華→1150817; 產業別: 生技醫療業→11507
2026-09-06T08:13:42+08:00	revenue/2026-07.csv	1732	market: twse→1732; 出表日期: 1150817→毛寶; 資料年月: 11507→2026-07; 公司代號: 1732→twse; 公司名稱: 毛寶→1150817; 產業別: 化學工業→11507
2026-09-06T08:13:42+08:00	revenue/2026-07.csv	1733	market: twse→1733; 出表日期: 1150817→五鼎; 資料年月: 11507→2026-07; 公司代號: 1733→twse; 公司名稱: 五鼎→1150817; 產業別: 生技醫療業→11507
2026-09-06T08:13:42+08:00	revenue/2026-07.csv	1734	market: twse→1734; 出表日期: 1150817→杏輝; 資料年月: 11507→2026-07; 公司代號: 1734→twse; 公司名稱: 杏輝→1150817; 產業別: 生技醫療業→11507
2026-09-06T08:13:42+08:00	revenue/2026-07.csv	1735	market: twse→1735; 出表日期: 1150817→日勝化; 資料年月: 11507→2026-07; 公司代號: 1735→twse; 公司名稱: 日勝化→1150817; 產業別: 化學工業→11507
2026-09-06T08:13:42+08:00	revenue/2026-07.csv	1736	market: twse→1736; 出表日期: 1150817→喬山; 資料年月: 11507→2026-07; 公司代號: 1736→twse; 公司名稱: 喬山→1150817; 產業別: 運動休閒→11507
2026-09-06T08:13:42+08:00	revenue/2026-07.csv	1737	market: twse→1737; 出表日期: 1150817→臺鹽; 資料年月: 11507→2026-07; 公司代號: 1737→twse; 公司名稱: 臺鹽→1150817; 產業別: 食品工業→11507
2026-09-06T08:13:42+08:00	revenue/2026-07.csv	1742	market: tpex→1742; 出表日期: 1150817→台蠟; 資料年月: 11507→2026-07; 公司代號: 1742→tpex; 公司名稱: 台蠟→1150817; 產業別: 化學工業→11507
2026-09-06T08:13:42+08:00	revenue/2026-07.csv	1752	market: twse→1752; 出表日期: 1150817→南光; 資料年月: 11507→2026-07; 公司代號: 1752→twse; 公司名稱: 南光→1150817; 產業別: 生技醫療業→11507
2026-09-06T08:13:42+08:00	revenue/2026-07.csv	1760	market: twse→1760; 出表日期: 1150817→寶齡富錦; 資料年月: 11507→2026-07; 公司代號: 1760→twse; 公司名稱: 寶齡富錦→1150817; 產業別: 生技醫療業→11507
2026-09-06T08:13:42+08:00	revenue/2026-07.csv	1762	market: twse→1762; 出表日期: 1150817→中化生; 資料年月: 11507→2026-07; 公司代號: 1762→twse; 公司名稱: 中化生→1150817; 產業別: 生技醫療業→11507
2026-09-06T08:13:42+08:00	revenue/2026-07.csv	1773	market: twse→1773; 出表日期: 1150817→勝一; 資料年月: 11507→2026-07; 公司代號: 1773→twse; 公司名稱: 勝一→1150817; 產業別: 化學工業→11507
2026-09-06T08:13:42+08:00	revenue/2026-07.csv	1776	market: twse→1776; 出表日期: 1150817→展宇; 資料年月: 11507→2026-07; 公司代號: 1776→twse; 公司名稱: 展宇→1150817; 產業別: 化學工業→11507
2026-09-06T08:13:42+08:00	revenue/2026-07.csv	1777	market: tpex→1777; 出表日期: 1150817→生泰; 資料年月: 11507→2026-07; 公司代號: 1777→tpex; 公司名稱: 生泰→1150817; 產業別: 生技醫療業→11507
2026-09-06T08:13:42+08:00	revenue/2026-07.csv	1780	market: tpex→1780; 出表日期: 1150817→立弘; 資料年月: 11507→2026-07; 公司代號: 1780→tpex; 公司名稱: 立弘→1150817; 產業別: 食品工業→11507
2026-09-06T08:13:42+08:00	revenue/2026-07.csv	1781	market: tpex→1781; 出表日期: 1150817→合世; 資料年月: 11507→2026-07; 公司代號: 1781→tpex; 公司名稱: 合世→1150817; 產業別: 生技醫療業→11507
2026-09-06T08:13:42+08:00	revenue/2026-07.csv	1783	market: twse→1783; 出表日期: 1150817→和康生; 資料年月: 11507→2026-07; 公司代號: 1783→twse; 公司名稱: 和康生→1150817; 產業別: 生技醫療業→11507
2026-09-06T08:13:42+08:00	revenue/2026-07.csv	1784	market: tpex→1784; 出表日期: 1150817→訊聯; 資料年月: 11507→2026-07; 公司代號: 1784→tpex; 公司名稱: 訊聯→1150817; 產業別: 生技醫療業→11507
2026-09-06T08:13:42+08:00	revenue/2026-07.csv	1785	market: tpex→1785; 出表日期: 1150817→光洋科; 資料年月: 11507→2026-07; 公司代號: 1785→tpex; 公司名稱: 光洋科→1150817; 產業別: 其他電子業→11507
2026-09-06T08:13:42+08:00	revenue/2026-07.csv	1786	market: twse→1786; 出表日期: 1150817→科妍; 資料年月: 11507→2026-07; 公司代號: 1786→twse; 公司名稱: 科妍→1150817; 產業別: 生技醫療業→11507
2026-09-06T08:13:42+08:00	revenue/2026-07.csv	1788	market: tpex→1788; 出表日期: 1150817→杏昌; 資料年月: 11507→2026-07; 公司代號: 1788→tpex; 公司名稱: 杏昌→1150817; 產業別: 生技醫療業→11507
2026-09-06T08:13:42+08:00	revenue/2026-07.csv	1789	market: twse→1789; 出表日期: 1150817→神隆; 資料年月: 11507→2026-07; 公司代號: 1789→twse; 公司名稱: 神隆→1150817; 產業別: 生技醫療業→11507
2026-09-06T08:13:42+08:00	revenue/2026-07.csv	1795	market: twse→1795; 出表日期: 1150817→美時; 資料年月: 11507→2026-07; 公司代號: 1795→twse; 公司名稱: 美時→1150817; 產業別: 生技醫療業→11507
2026-09-06T08:13:42+08:00	revenue/2026-07.csv	1796	market: tpex→1796; 出表日期: 1150817→金穎生技; 資料年月: 11507→2026-07; 公司代號: 1796→tpex; 公司名稱: 金穎生技→1150817; 產業別: 食品工業→11507
2026-09-06T08:13:42+08:00	revenue/2026-07.csv	1799	market: tpex→1799; 出表日期: 1150817→易威; 資料年月: 11507→2026-07; 公司代號: 1799→tpex; 公司名稱: 易威→1150817; 產業別: 生技醫療業→11507
2026-09-06T08:13:42+08:00	revenue/2026-07.csv	1802	market: twse→1802; 出表日期: 1150817→台玻; 資料年月: 11507→2026-07; 公司代號: 1802→twse; 公司名稱: 台玻→1150817; 產業別: 玻璃陶瓷→11507
2026-09-06T08:13:42+08:00	revenue/2026-07.csv	1805	market: twse→1805; 出表日期: 1150817→寶徠; 資料年月: 11507→2026-07; 公司代號: 1805→twse; 公司名稱: 寶徠→1150817; 產業別: 建材營造→11507
2026-09-06T08:13:42+08:00	revenue/2026-07.csv	1806	market: twse→1806; 出表日期: 1150817→冠軍; 資料年月: 11507→2026-07; 公司代號: 1806→twse; 公司名稱: 冠軍→1150817; 產業別: 玻璃陶瓷→11507
2026-09-06T08:13:42+08:00	revenue/2026-07.csv	1808	market: twse→1808; 出表日期: 1150817→潤隆; 資料年月: 11507→2026-07; 公司代號: 1808→twse; 公司名稱: 潤隆→1150817; 產業別: 建材營造→11507
2026-09-06T08:13:42+08:00	revenue/2026-07.csv	1809	market: twse→1809; 出表日期: 1150817→中釉; 資料年月: 11507→2026-07; 公司代號: 1809→twse; 公司名稱: 中釉→1150817; 產業別: 玻璃陶瓷→11507
2026-09-06T08:13:42+08:00	revenue/2026-07.csv	1810	market: twse→1810; 出表日期: 1150817→和成; 資料年月: 11507→2026-07; 公司代號: 1810→twse; 公司名稱: 和成→1150817; 產業別: 玻璃陶瓷→11507
2026-09-06T08:13:42+08:00	revenue/2026-07.csv	1813	market: tpex→1813; 出表日期: 1150817→寶利徠; 資料年月: 11507→2026-07; 公司代號: 1813→tpex; 公司名稱: 寶利徠→1150817; 產業別: 生技醫療業→11507
2026-09-06T08:13:42+08:00	revenue/2026-07.csv	1815	market: tpex→1815; 出表日期: 1150817→富喬; 資料年月: 11507→2026-07; 公司代號: 1815→tpex; 公司名稱: 富喬→1150817; 產業別: 電子零組件業→11507
2026-09-06T08:13:42+08:00	revenue/2026-07.csv	1817	market: twse→1817; 出表日期: 1150817→凱撒衛; 資料年月: 11507→2026-07; 公司代號: 1817→twse; 公司名稱: 凱撒衛→1150817; 產業別: 玻璃陶瓷→11507
2026-09-06T08:13:42+08:00	revenue/2026-07.csv	1903	market: twse→1903; 出表日期: 1150817→士紙; 資料年月: 11507→2026-07; 公司代號: 1903→twse; 公司名稱: 士紙→1150817; 產業別: 造紙工業→11507
2026-09-06T08:13:42+08:00	revenue/2026-07.csv	1904	market: twse→1904; 出表日期: 1150817→正隆; 資料年月: 11507→2026-07; 公司代號: 1904→twse; 公司名稱: 正隆→1150817; 產業別: 造紙工業→11507
2026-09-06T08:13:42+08:00	revenue/2026-07.csv	1905	market: twse→1905; 出表日期: 1150817→華紙; 資料年月: 11507→2026-07; 公司代號: 1905→twse; 公司名稱: 華紙→1150817; 產業別: 造紙工業→11507
2026-09-06T08:13:42+08:00	revenue/2026-07.csv	1906	market: twse→1906; 出表日期: 1150817→寶隆; 資料年月: 11507→2026-07; 公司代號: 1906→twse; 公司名稱: 寶隆→1150817; 產業別: 造紙工業→11507
2026-09-06T08:13:42+08:00	revenue/2026-07.csv	1907	market: twse→1907; 出表日期: 1150817→永豐餘; 資料年月: 11507→2026-07; 公司代號: 1907→twse; 公司名稱: 永豐餘→1150817; 產業別: 造紙工業→11507
2026-09-06T08:13:42+08:00	revenue/2026-07.csv	1909	market: twse→1909; 出表日期: 1150817→榮成; 資料年月: 11507→2026-07; 公司代號: 1909→twse; 公司名稱: 榮成→1150817; 產業別: 造紙工業→11507
2026-09-06T08:13:42+08:00	revenue/2026-07.csv	2002	market: twse→2002; 出表日期: 1150817→中鋼; 資料年月: 11507→2026-07; 公司代號: 2002→twse; 公司名稱: 中鋼→1150817; 產業別: 鋼鐵工業→11507
2026-09-06T08:13:42+08:00	revenue/2026-07.csv	2006	market: twse→2006; 出表日期: 1150817→東和鋼鐵; 資料年月: 11507→2026-07; 公司代號: 2006→twse; 公司名稱: 東和鋼鐵→1150817; 產業別: 鋼鐵工業→11507
2026-09-06T08:13:42+08:00	revenue/2026-07.csv	2007	market: twse→2007; 出表日期: 1150817→燁興; 資料年月: 11507→2026-07; 公司代號: 2007→twse; 公司名稱: 燁興→1150817; 產業別: 鋼鐵工業→11507
2026-09-06T08:13:42+08:00	revenue/2026-07.csv	2008	market: twse→2008; 出表日期: 1150817→高興昌; 資料年月: 11507→2026-07; 公司代號: 2008→twse; 公司名稱: 高興昌→1150817; 產業別: 鋼鐵工業→11507
2026-09-06T08:13:42+08:00	revenue/2026-07.csv	2009	market: twse→2009; 出表日期: 1150817→第一銅; 資料年月: 11507→2026-07; 公司代號: 2009→twse; 公司名稱: 第一銅→1150817; 產業別: 鋼鐵工業→11507
2026-09-06T08:13:42+08:00	revenue/2026-07.csv	2010	market: twse→2010; 出表日期: 1150817→春源; 資料年月: 11507→2026-07; 公司代號: 2010→twse; 公司名稱: 春源→1150817; 產業別: 鋼鐵工業→11507
2026-09-06T08:13:42+08:00	revenue/2026-07.csv	2012	market: twse→2012; 出表日期: 1150817→春雨; 資料年月: 11507→2026-07; 公司代號: 2012→twse; 公司名稱: 春雨→1150817; 產業別: 鋼鐵工業→11507
2026-09-06T08:13:42+08:00	revenue/2026-07.csv	2013	market: twse→2013; 出表日期: 1150817→中鋼構; 資料年月: 11507→2026-07; 公司代號: 2013→twse; 公司名稱: 中鋼構→1150817; 產業別: 鋼鐵工業→11507
2026-09-06T08:13:42+08:00	revenue/2026-07.csv	2014	market: twse→2014; 出表日期: 1150817→中鴻; 資料年月: 11507→2026-07; 公司代號: 2014→twse; 公司名稱: 中鴻→1150817; 產業別: 鋼鐵工業→11507
2026-09-06T08:13:42+08:00	revenue/2026-07.csv	2015	market: twse→2015; 出表日期: 1150817→豐興; 資料年月: 11507→2026-07; 公司代號: 2015→twse; 公司名稱: 豐興→1150817; 產業別: 鋼鐵工業→11507
2026-09-06T08:13:42+08:00	revenue/2026-07.csv	2017	market: twse→2017; 出表日期: 1150817→官田鋼; 資料年月: 11507→2026-07; 公司代號: 2017→twse; 公司名稱: 官田鋼→1150817; 產業別: 鋼鐵工業→11507
2026-09-06T08:13:42+08:00	revenue/2026-07.csv	2020	market: twse→2020; 出表日期: 1150817→美亞; 資料年月: 11507→2026-07; 公司代號: 2020→twse; 公司名稱: 美亞→1150817; 產業別: 鋼鐵工業→11507
2026-09-06T08:13:42+08:00	revenue/2026-07.csv	2022	market: twse→2022; 出表日期: 1150817→聚亨; 資料年月: 11507→2026-07; 公司代號: 2022→twse; 公司名稱: 聚亨→1150817; 產業別: 鋼鐵工業→11507
2026-09-06T08:13:42+08:00	revenue/2026-07.csv	2023	market: twse→2023; 出表日期: 1150817→燁輝; 資料年月: 11507→2026-07; 公司代號: 2023→twse; 公司名稱: 燁輝→1150817; 產業別: 鋼鐵工業→11507
2026-09-06T08:13:42+08:00	revenue/2026-07.csv	2024	market: twse→2024; 出表日期: 1150817→志聯; 資料年月: 11507→2026-07; 公司代號: 2024→twse; 公司名稱: 志聯→1150817; 產業別: 鋼鐵工業→11507
2026-09-06T08:13:42+08:00	revenue/2026-07.csv	2025	market: twse→2025; 出表日期: 1150817→千興; 資料年月: 11507→2026-07; 公司代號: 2025→twse; 公司名稱: 千興→1150817; 產業別: 鋼鐵工業→11507
2026-09-06T08:13:42+08:00	revenue/2026-07.csv	2027	market: twse→2027; 出表日期: 1150817→大成鋼; 資料年月: 11507→2026-07; 公司代號: 2027→twse; 公司名稱: 大成鋼→1150817; 產業別: 鋼鐵工業→11507
2026-09-06T08:13:42+08:00	revenue/2026-07.csv	2028	market: twse→2028; 出表日期: 1150817→威致; 資料年月: 11507→2026-07; 公司代號: 2028→twse; 公司名稱: 威致→1150817; 產業別: 鋼鐵工業→11507
2026-09-06T08:13:42+08:00	revenue/2026-07.csv	2029	market: twse→2029; 出表日期: 1150817→盛餘; 資料年月: 11507→2026-07; 公司代號: 2029→twse; 公司名稱: 盛餘→1150817; 產業別: 鋼鐵工業→11507
2026-09-06T08:13:42+08:00	revenue/2026-07.csv	2030	market: twse→2030; 出表日期: 1150817→彰源; 資料年月: 11507→2026-07; 公司代號: 2030→twse; 公司名稱: 彰源→1150817; 產業別: 鋼鐵工業→11507
2026-09-06T08:13:42+08:00	revenue/2026-07.csv	2031	market: twse→2031; 出表日期: 1150817→新光鋼; 資料年月: 11507→2026-07; 公司代號: 2031→twse; 公司名稱: 新光鋼→1150817; 產業別: 鋼鐵工業→11507
2026-09-06T08:13:42+08:00	revenue/2026-07.csv	2032	market: twse→2032; 出表日期: 1150817→新鋼; 資料年月: 11507→2026-07; 公司代號: 2032→twse; 公司名稱: 新鋼→1150817; 產業別: 鋼鐵工業→11507
2026-09-06T08:13:42+08:00	revenue/2026-07.csv	2033	market: twse→2033; 出表日期: 1150817→佳大; 資料年月: 11507→2026-07; 公司代號: 2033→twse; 公司名稱: 佳大→1150817; 產業別: 鋼鐵工業→11507
2026-09-06T08:13:42+08:00	revenue/2026-07.csv	2034	market: twse→2034; 出表日期: 1150817→允強; 資料年月: 11507→2026-07; 公司代號: 2034→twse; 公司名稱: 允強→1150817; 產業別: 鋼鐵工業→11507
2026-09-06T08:13:42+08:00	revenue/2026-07.csv	2035	market: tpex→2035; 出表日期: 1150817→唐榮公司; 資料年月: 11507→2026-07; 公司代號: 2035→tpex; 公司名稱: 唐榮公司→1150817; 產業別: 鋼鐵工業→11507
2026-09-06T08:13:42+08:00	revenue/2026-07.csv	2038	market: twse→2038; 出表日期: 1150817→海光; 資料年月: 11507→2026-07; 公司代號: 2038→twse; 公司名稱: 海光→1150817; 產業別: 鋼鐵工業→11507
2026-09-06T08:13:42+08:00	revenue/2026-07.csv	2049	market: twse→2049; 出表日期: 1150817→上銀; 資料年月: 11507→2026-07; 公司代號: 2049→twse; 公司名稱: 上銀→1150817; 產業別: 電機機械→11507
2026-09-06T08:13:42+08:00	revenue/2026-07.csv	2059	market: twse→2059; 出表日期: 1150817→川湖; 資料年月: 11507→2026-07; 公司代號: 2059→twse; 公司名稱: 川湖→1150817; 產業別: 電子零組件業→11507
2026-09-06T08:13:42+08:00	revenue/2026-07.csv	2061	market: tpex→2061; 出表日期: 1150817→風青; 資料年月: 11507→2026-07; 公司代號: 2061→tpex; 公司名稱: 風青→1150817; 產業別: 電器電纜→11507
2026-09-06T08:13:42+08:00	revenue/2026-07.csv	2062	market: twse→2062; 出表日期: 1150817→橋椿; 資料年月: 11507→2026-07; 公司代號: 2062→twse; 公司名稱: 橋椿→1150817; 產業別: 居家生活→11507
2026-09-06T08:13:42+08:00	revenue/2026-07.csv	2063	market: tpex→2063; 出表日期: 1150817→世鎧精密; 資料年月: 11507→2026-07; 公司代號: 2063→tpex; 公司名稱: 世鎧精密→1150817; 產業別: 鋼鐵工業→11507
2026-09-06T08:13:42+08:00	revenue/2026-07.csv	2064	market: tpex→2064; 出表日期: 1150817→晉椿; 資料年月: 11507→2026-07; 公司代號: 2064→tpex; 公司名稱: 晉椿→1150817; 產業別: 鋼鐵工業→11507
2026-09-06T08:13:42+08:00	revenue/2026-07.csv	2065	market: tpex→2065; 出表日期: 1150817→世豐; 資料年月: 11507→2026-07; 公司代號: 2065→tpex; 公司名稱: 世豐→1150817; 產業別: 鋼鐵工業→11507
2026-09-06T08:13:42+08:00	revenue/2026-07.csv	2066	market: tpex→2066; 出表日期: 1150817→世德; 資料年月: 11507→2026-07; 公司代號: 2066→tpex; 公司名稱: 世德→1150817; 產業別: 電機機械→11507
2026-09-06T08:13:42+08:00	revenue/2026-07.csv	2067	market: tpex→2067; 出表日期: 1150817→嘉鋼; 資料年月: 11507→2026-07; 公司代號: 2067→tpex; 公司名稱: 嘉鋼→1150817; 產業別: 電機機械→11507
2026-09-06T08:13:42+08:00	revenue/2026-07.csv	2069	market: twse→2069; 出表日期: 1150817→運錩; 資料年月: 11507→2026-07; 公司代號: 2069→twse; 公司名稱: 運錩→1150817; 產業別: 鋼鐵工業→11507
2026-09-06T08:13:42+08:00	revenue/2026-07.csv	2070	market: tpex→2070; 出表日期: 1150817→精湛; 資料年月: 11507→2026-07; 公司代號: 2070→tpex; 公司名稱: 精湛→1150817; 產業別: 電機機械→11507
2026-09-06T08:13:42+08:00	revenue/2026-07.csv	2072	market: twse→2072; 出表日期: 1150817→世紀風電; 資料年月: 11507→2026-07; 公司代號: 2072→twse; 公司名稱: 世紀風電→1150817; 產業別: 綠能環保→11507
2026-09-06T08:13:42+08:00	revenue/2026-07.csv	2073	market: tpex→2073; 出表日期: 1150817→雄順; 資料年月: 11507→2026-07; 公司代號: 2073→tpex; 公司名稱: 雄順→1150817; 產業別: 鋼鐵工業→11507
2026-09-06T08:13:42+08:00	revenue/2026-07.csv	2101	market: twse→2101; 出表日期: 1150817→南港; 資料年月: 11507→2026-07; 公司代號: 2101→twse; 公司名稱: 南港→1150817; 產業別: 橡膠工業→11507
2026-09-06T08:13:42+08:00	revenue/2026-07.csv	2102	market: twse→2102; 出表日期: 1150817→泰豐; 資料年月: 11507→2026-07; 公司代號: 2102→twse; 公司名稱: 泰豐→1150817; 產業別: 橡膠工業→11507
2026-09-06T08:13:42+08:00	revenue/2026-07.csv	2103	market: twse→2103; 出表日期: 1150817→台橡; 資料年月: 11507→2026-07; 公司代號: 2103→twse; 公司名稱: 台橡→1150817; 產業別: 橡膠工業→11507
2026-09-06T08:13:42+08:00	revenue/2026-07.csv	2104	market: twse→2104; 出表日期: 1150817→國際中橡; 資料年月: 11507→2026-07; 公司代號: 2104→twse; 公司名稱: 國際中橡→1150817; 產業別: 橡膠工業→11507
2026-09-06T08:13:42+08:00	revenue/2026-07.csv	2105	market: twse→2105; 出表日期: 1150817→正新; 資料年月: 11507→2026-07; 公司代號: 2105→twse; 公司名稱: 正新→1150817; 產業別: 橡膠工業→11507
2026-09-06T08:13:42+08:00	revenue/2026-07.csv	2106	market: twse→2106; 出表日期: 1150817→建大; 資料年月: 11507→2026-07; 公司代號: 2106→twse; 公司名稱: 建大→1150817; 產業別: 橡膠工業→11507
2026-09-06T08:13:42+08:00	revenue/2026-07.csv	2107	market: twse→2107; 出表日期: 1150817→厚生; 資料年月: 11507→2026-07; 公司代號: 2107→twse; 公司名稱: 厚生→1150817; 產業別: 橡膠工業→11507
2026-09-06T08:13:42+08:00	revenue/2026-07.csv	2108	market: twse→2108; 出表日期: 1150817→南帝; 資料年月: 11507→2026-07; 公司代號: 2108→twse; 公司名稱: 南帝→1150817; 產業別: 橡膠工業→11507
2026-09-06T08:13:42+08:00	revenue/2026-07.csv	2109	market: twse→2109; 出表日期: 1150817→華豐; 資料年月: 11507→2026-07; 公司代號: 2109→twse; 公司名稱: 華豐→1150817; 產業別: 橡膠工業→11507
2026-09-06T08:13:42+08:00	revenue/2026-07.csv	2114	market: twse→2114; 出表日期: 1150817→鑫永銓; 資料年月: 11507→2026-07; 公司代號: 2114→twse; 公司名稱: 鑫永銓→1150817; 產業別: 橡膠工業→11507
2026-09-06T08:13:42+08:00	revenue/2026-07.csv	2115	market: twse→2115; 出表日期: 1150817→六暉-KY; 資料年月: 11507→2026-07; 公司代號: 2115→twse; 公司名稱: 六暉-KY→1150817; 產業別: 汽車工業→11507
2026-09-06T08:13:42+08:00	revenue/2026-07.csv	2201	market: twse→2201; 出表日期: 1150817→裕隆; 資料年月: 11507→2026-07; 公司代號: 2201→twse; 公司名稱: 裕隆→1150817; 產業別: 汽車工業→11507
2026-09-06T08:13:42+08:00	revenue/2026-07.csv	2204	market: twse→2204; 出表日期: 1150817→中華; 資料年月: 11507→2026-07; 公司代號: 2204→twse; 公司名稱: 中華→1150817; 產業別: 汽車工業→11507
2026-09-06T08:13:42+08:00	revenue/2026-07.csv	2206	market: twse→2206; 出表日期: 1150817→三陽工業; 資料年月: 11507→2026-07; 公司代號: 2206→twse; 公司名稱: 三陽工業→1150817; 產業別: 汽車工業→11507
2026-09-06T08:13:42+08:00	revenue/2026-07.csv	2207	market: twse→2207; 出表日期: 1150817→和泰車; 資料年月: 11507→2026-07; 公司代號: 2207→twse; 公司名稱: 和泰車→1150817; 產業別: 汽車工業→11507
2026-09-06T08:13:42+08:00	revenue/2026-07.csv	2208	market: twse→2208; 出表日期: 1150817→台船; 資料年月: 11507→2026-07; 公司代號: 2208→twse; 公司名稱: 台船→1150817; 產業別: 航運業→11507
2026-09-06T08:13:42+08:00	revenue/2026-07.csv	2211	market: twse→2211; 出表日期: 1150817→長榮鋼; 資料年月: 11507→2026-07; 公司代號: 2211→twse; 公司名稱: 長榮鋼→1150817; 產業別: 鋼鐵工業→11507
2026-09-06T08:13:42+08:00	revenue/2026-07.csv	2221	market: tpex→2221; 出表日期: 1150817→大甲; 資料年月: 11507→2026-07; 公司代號: 2221→tpex; 公司名稱: 大甲→1150817; 產業別: 其他→11507
2026-09-06T08:13:42+08:00	revenue/2026-07.csv	2227	market: twse→2227; 出表日期: 1150817→裕日車; 資料年月: 11507→2026-07; 公司代號: 2227→twse; 公司名稱: 裕日車→1150817; 產業別: 汽車工業→11507
2026-09-06T08:13:42+08:00	revenue/2026-07.csv	2228	market: twse→2228; 出表日期: 1150817→劍麟; 資料年月: 11507→2026-07; 公司代號: 2228→twse; 公司名稱: 劍麟→1150817; 產業別: 汽車工業→11507
2026-09-06T08:13:42+08:00	revenue/2026-07.csv	2230	market: tpex→2230; 出表日期: 1150817→泰茂; 資料年月: 11507→2026-07; 公司代號: 2230→tpex; 公司名稱: 泰茂→1150817; 產業別: 居家生活→11507
2026-09-06T08:13:42+08:00	revenue/2026-07.csv	2231	market: twse→2231; 出表日期: 1150817→為升; 資料年月: 11507→2026-07; 公司代號: 2231→twse; 公司名稱: 為升→1150817; 產業別: 汽車工業→11507
2026-09-06T08:13:42+08:00	revenue/2026-07.csv	2233	market: twse→2233; 出表日期: 1150817→宇隆; 資料年月: 11507→2026-07; 公司代號: 2233→twse; 公司名稱: 宇隆→1150817; 產業別: 汽車工業→11507
2026-09-06T08:13:42+08:00	revenue/2026-07.csv	2235	market: tpex→2235; 出表日期: 1150817→謚源; 資料年月: 11507→2026-07; 公司代號: 2235→tpex; 公司名稱: 謚源→1150817; 產業別: 電機機械→11507
2026-09-06T08:13:42+08:00	revenue/2026-07.csv	2236	market: twse→2236; 出表日期: 1150817→百達-KY; 資料年月: 11507→2026-07; 公司代號: 2236→twse; 公司名稱: 百達-KY→1150817; 產業別: 汽車工業→11507
2026-09-06T08:13:42+08:00	revenue/2026-07.csv	2237	market: twse→2237; 出表日期: 1150817→華德動能-創; 資料年月: 11507→2026-07; 公司代號: 2237→twse; 公司名稱: 華德動能-創→1150817; 產業別: 汽車工業→11507
2026-09-06T08:13:42+08:00	revenue/2026-07.csv	2239	market: twse→2239; 出表日期: 1150817→英利-KY; 資料年月: 11507→2026-07; 公司代號: 2239→twse; 公司名稱: 英利-KY→1150817; 產業別: 汽車工業→11507
2026-09-06T08:13:42+08:00	revenue/2026-07.csv	2241	market: twse→2241; 出表日期: 1150817→艾姆勒; 資料年月: 11507→2026-07; 公司代號: 2241→twse; 公司名稱: 艾姆勒→1150817; 產業別: 汽車工業→11507
2026-09-06T08:13:42+08:00	revenue/2026-07.csv	2243	market: twse→2243; 出表日期: 1150817→宏旭-KY; 資料年月: 11507→2026-07; 公司代號: 2243→twse; 公司名稱: 宏旭-KY→1150817; 產業別: 汽車工業→11507
2026-09-06T08:13:42+08:00	revenue/2026-07.csv	2247	market: twse→2247; 出表日期: 1150817→汎德永業; 資料年月: 11507→2026-07; 公司代號: 2247→twse; 公司名稱: 汎德永業→1150817; 產業別: 汽車工業→11507
2026-09-06T08:13:42+08:00	revenue/2026-07.csv	2248	market: twse→2248; 出表日期: 1150817→華勝-KY; 資料年月: 11507→2026-07; 公司代號: 2248→twse; 公司名稱: 華勝-KY→1150817; 產業別: 汽車工業→11507
2026-09-06T08:13:42+08:00	revenue/2026-07.csv	2250	market: twse→2250; 出表日期: 1150817→IKKA-KY; 資料年月: 11507→2026-07; 公司代號: 2250→twse; 公司名稱: IKKA-KY→1150817; 產業別: 汽車工業→11507
2026-09-06T08:13:42+08:00	revenue/2026-07.csv	2254	market: twse→2254; 出表日期: 1150817→巨鎧精密-創; 資料年月: 11507→2026-07; 公司代號: 2254→twse; 公司名稱: 巨鎧精密-創→1150817; 產業別: 汽車工業→11507
2026-09-06T08:13:42+08:00	revenue/2026-07.csv	2258	market: twse→2258; 出表日期: 1150817→鴻華先進-創; 資料年月: 11507→2026-07; 公司代號: 2258→twse; 公司名稱: 鴻華先進-創→1150817; 產業別: 汽車工業→11507
2026-09-06T08:13:42+08:00	revenue/2026-07.csv	2301	market: twse→2301; 出表日期: 1150817→光寶科; 資料年月: 11507→2026-07; 公司代號: 2301→twse; 公司名稱: 光寶科→1150817; 產業別: 電腦及週邊設備業→11507
2026-09-06T08:13:42+08:00	revenue/2026-07.csv	2302	market: twse→2302; 出表日期: 1150817→麗正; 資料年月: 11507→2026-07; 公司代號: 2302→twse; 公司名稱: 麗正→1150817; 產業別: 半導體業→11507
2026-09-06T08:13:42+08:00	revenue/2026-07.csv	2303	market: twse→2303; 出表日期: 1150817→聯電; 資料年月: 11507→2026-07; 公司代號: 2303→twse; 公司名稱: 聯電→1150817; 產業別: 半導體業→11507
2026-09-06T08:13:42+08:00	revenue/2026-07.csv	2305	market: twse→2305; 出表日期: 1150817→全友; 資料年月: 11507→2026-07; 公司代號: 2305→twse; 公司名稱: 全友→1150817; 產業別: 電腦及週邊設備業→11507
2026-09-06T08:13:42+08:00	revenue/2026-07.csv	2308	market: twse→2308; 出表日期: 1150817→台達電; 資料年月: 11507→2026-07; 公司代號: 2308→twse; 公司名稱: 台達電→1150817; 產業別: 電子零組件業→11507
2026-09-06T08:13:42+08:00	revenue/2026-07.csv	2312	market: twse→2312; 出表日期: 1150817→金寶; 資料年月: 11507→2026-07; 公司代號: 2312→twse; 公司名稱: 金寶→1150817; 產業別: 其他電子業→11507
2026-09-06T08:13:42+08:00	revenue/2026-07.csv	2313	market: twse→2313; 出表日期: 1150817→華通; 資料年月: 11507→2026-07; 公司代號: 2313→twse; 公司名稱: 華通→1150817; 產業別: 電子零組件業→11507
2026-09-06T08:13:42+08:00	revenue/2026-07.csv	2314	market: twse→2314; 出表日期: 1150817→台揚; 資料年月: 11507→2026-07; 公司代號: 2314→twse; 公司名稱: 台揚→1150817; 產業別: 通信網路業→11507
2026-09-06T08:13:42+08:00	revenue/2026-07.csv	2316	market: twse→2316; 出表日期: 1150817→楠梓電; 資料年月: 11507→2026-07; 公司代號: 2316→twse; 公司名稱: 楠梓電→1150817; 產業別: 電子零組件業→11507
2026-09-06T08:13:42+08:00	revenue/2026-07.csv	2317	market: twse→2317; 出表日期: 1150817→鴻海; 資料年月: 11507→2026-07; 公司代號: 2317→twse; 公司名稱: 鴻海→1150817; 產業別: 其他電子業→11507
2026-09-06T08:13:42+08:00	revenue/2026-07.csv	2321	market: twse→2321; 出表日期: 1150817→東訊; 資料年月: 11507→2026-07; 公司代號: 2321→twse; 公司名稱: 東訊→1150817; 產業別: 通信網路業→11507
2026-09-06T08:13:42+08:00	revenue/2026-07.csv	2323	market: twse→2323; 出表日期: 1150817→中環; 資料年月: 11507→2026-07; 公司代號: 2323→twse; 公司名稱: 中環→1150817; 產業別: 光電業→11507
2026-09-06T08:13:42+08:00	revenue/2026-07.csv	2324	market: twse→2324; 出表日期: 1150817→仁寶; 資料年月: 11507→2026-07; 公司代號: 2324→twse; 公司名稱: 仁寶→1150817; 產業別: 電腦及週邊設備業→11507
2026-09-06T08:13:42+08:00	revenue/2026-07.csv	2327	market: twse→2327; 出表日期: 1150817→國巨*; 資料年月: 11507→2026-07; 公司代號: 2327→twse; 公司名稱: 國巨*→1150817; 產業別: 電子零組件業→11507
2026-09-06T08:13:42+08:00	revenue/2026-07.csv	2328	market: twse→2328; 出表日期: 1150817→廣宇; 資料年月: 11507→2026-07; 公司代號: 2328→twse; 公司名稱: 廣宇→1150817; 產業別: 電子零組件業→11507
2026-09-06T08:13:42+08:00	revenue/2026-07.csv	2329	market: twse→2329; 出表日期: 1150817→華泰; 資料年月: 11507→2026-07; 公司代號: 2329→twse; 公司名稱: 華泰→1150817; 產業別: 半導體業→11507
2026-09-06T08:13:42+08:00	revenue/2026-07.csv	2330	market: twse→2330; 出表日期: 1150817→台積電; 資料年月: 11507→2026-07; 公司代號: 2330→twse; 公司名稱: 台積電→1150817; 產業別: 半導體業→11507
2026-09-06T08:13:42+08:00	revenue/2026-07.csv	2331	market: twse→2331; 出表日期: 1150817→精英; 資料年月: 11507→2026-07; 公司代號: 2331→twse; 公司名稱: 精英→1150817; 產業別: 電腦及週邊設備業→11507
2026-09-06T08:13:42+08:00	revenue/2026-07.csv	2332	market: twse→2332; 出表日期: 1150817→友訊; 資料年月: 11507→2026-07; 公司代號: 2332→twse; 公司名稱: 友訊→1150817; 產業別: 通信網路業→11507
2026-09-06T08:13:42+08:00	revenue/2026-07.csv	2337	market: twse→2337; 出表日期: 1150817→旺宏; 資料年月: 11507→2026-07; 公司代號: 2337→twse; 公司名稱: 旺宏→1150817; 產業別: 半導體業→11507
2026-09-06T08:13:42+08:00	revenue/2026-07.csv	2338	market: twse→2338; 出表日期: 1150817→光罩; 資料年月: 11507→2026-07; 公司代號: 2338→twse; 公司名稱: 光罩→1150817; 產業別: 半導體業→11507
2026-09-06T08:13:42+08:00	revenue/2026-07.csv	2340	market: twse→2340; 出表日期: 1150817→台亞; 資料年月: 11507→2026-07; 公司代號: 2340→twse; 公司名稱: 台亞→1150817; 產業別: 半導體業→11507
2026-09-06T08:13:42+08:00	revenue/2026-07.csv	2342	market: twse→2342; 出表日期: 1150817→茂矽; 資料年月: 11507→2026-07; 公司代號: 2342→twse; 公司名稱: 茂矽→1150817; 產業別: 半導體業→11507
2026-09-06T08:13:42+08:00	revenue/2026-07.csv	2344	market: twse→2344; 出表日期: 1150817→華邦電; 資料年月: 11507→2026-07; 公司代號: 2344→twse; 公司名稱: 華邦電→1150817; 產業別: 半導體業→11507
2026-09-06T08:13:42+08:00	revenue/2026-07.csv	2345	market: twse→2345; 出表日期: 1150817→智邦; 資料年月: 11507→2026-07; 公司代號: 2345→twse; 公司名稱: 智邦→1150817; 產業別: 通信網路業→11507
2026-09-06T08:13:42+08:00	revenue/2026-07.csv	2347	market: twse→2347; 出表日期: 1150817→聯強; 資料年月: 11507→2026-07; 公司代號: 2347→twse; 公司名稱: 聯強→1150817; 產業別: 電子通路業→11507
2026-09-06T08:13:42+08:00	revenue/2026-07.csv	2348	market: twse→2348; 出表日期: 1150817→海悅; 資料年月: 11507→2026-07; 公司代號: 2348→twse; 公司名稱: 海悅→1150817; 產業別: 其他→11507
2026-09-06T08:13:42+08:00	revenue/2026-07.csv	2349	market: twse→2349; 出表日期: 1150817→錸德; 資料年月: 11507→2026-07; 公司代號: 2349→twse; 公司名稱: 錸德→1150817; 產業別: 光電業→11507
2026-09-06T08:13:42+08:00	revenue/2026-07.csv	2351	market: twse→2351; 出表日期: 1150817→順德; 資料年月: 11507→2026-07; 公司代號: 2351→twse; 公司名稱: 順德→1150817; 產業別: 半導體業→11507
2026-09-06T08:13:42+08:00	revenue/2026-07.csv	2352	market: twse→2352; 出表日期: 1150817→佳世達; 資料年月: 11507→2026-07; 公司代號: 2352→twse; 公司名稱: 佳世達→1150817; 產業別: 電腦及週邊設備業→11507
2026-09-06T08:13:42+08:00	revenue/2026-07.csv	2353	market: twse→2353; 出表日期: 1150817→宏碁; 資料年月: 11507→2026-07; 公司代號: 2353→twse; 公司名稱: 宏碁→1150817; 產業別: 電腦及週邊設備業→11507
2026-09-06T08:13:42+08:00	revenue/2026-07.csv	2354	market: twse→2354; 出表日期: 1150817→鴻準; 資料年月: 11507→2026-07; 公司代號: 2354→twse; 公司名稱: 鴻準→1150817; 產業別: 其他電子業→11507
2026-09-06T08:13:42+08:00	revenue/2026-07.csv	2355	market: twse→2355; 出表日期: 1150817→敬鵬; 資料年月: 11507→2026-07; 公司代號: 2355→twse; 公司名稱: 敬鵬→1150817; 產業別: 電子零組件業→11507
2026-09-06T08:13:42+08:00	revenue/2026-07.csv	2356	market: twse→2356; 出表日期: 1150817→英業達; 資料年月: 11507→2026-07; 公司代號: 2356→twse; 公司名稱: 英業達→1150817; 產業別: 電腦及週邊設備業→11507
2026-09-06T08:13:42+08:00	revenue/2026-07.csv	2357	market: twse→2357; 出表日期: 1150817→華碩; 資料年月: 11507→2026-07; 公司代號: 2357→twse; 公司名稱: 華碩→1150817; 產業別: 電腦及週邊設備業→11507
2026-09-06T08:13:42+08:00	revenue/2026-07.csv	2359	market: twse→2359; 出表日期: 1150817→所羅門; 資料年月: 11507→2026-07; 公司代號: 2359→twse; 公司名稱: 所羅門→1150817; 產業別: 其他電子業→11507
2026-09-06T08:13:42+08:00	revenue/2026-07.csv	2360	market: twse→2360; 出表日期: 1150817→致茂; 資料年月: 11507→2026-07; 公司代號: 2360→twse; 公司名稱: 致茂→1150817; 產業別: 其他電子業→11507
2026-09-06T08:13:42+08:00	revenue/2026-07.csv	2362	market: twse→2362; 出表日期: 1150817→藍天; 資料年月: 11507→2026-07; 公司代號: 2362→twse; 公司名稱: 藍天→1150817; 產業別: 電腦及週邊設備業→11507
2026-09-06T08:13:42+08:00	revenue/2026-07.csv	2363	market: twse→2363; 出表日期: 1150817→矽統; 資料年月: 11507→2026-07; 公司代號: 2363→twse; 公司名稱: 矽統→1150817; 產業別: 半導體業→11507
2026-09-06T08:13:42+08:00	revenue/2026-07.csv	2364	market: twse→2364; 出表日期: 1150817→倫飛; 資料年月: 11507→2026-07; 公司代號: 2364→twse; 公司名稱: 倫飛→1150817; 產業別: 電腦及週邊設備業→11507
2026-09-06T08:13:42+08:00	revenue/2026-07.csv	2365	market: twse→2365; 出表日期: 1150817→昆盈; 資料年月: 11507→2026-07; 公司代號: 2365→twse; 公司名稱: 昆盈→1150817; 產業別: 電腦及週邊設備業→11507
2026-09-06T08:13:42+08:00	revenue/2026-07.csv	2367	market: twse→2367; 出表日期: 1150817→燿華; 資料年月: 11507→2026-07; 公司代號: 2367→twse; 公司名稱: 燿華→1150817; 產業別: 電子零組件業→11507
2026-09-06T08:13:42+08:00	revenue/2026-07.csv	2368	market: twse→2368; 出表日期: 1150817→金像電; 資料年月: 11507→2026-07; 公司代號: 2368→twse; 公司名稱: 金像電→1150817; 產業別: 電子零組件業→11507
2026-09-06T08:13:42+08:00	revenue/2026-07.csv	2369	market: twse→2369; 出表日期: 1150817→菱生; 資料年月: 11507→2026-07; 公司代號: 2369→twse; 公司名稱: 菱生→1150817; 產業別: 半導體業→11507
2026-09-06T08:13:42+08:00	revenue/2026-07.csv	2371	market: twse→2371; 出表日期: 1150817→大同; 資料年月: 11507→2026-07; 公司代號: 2371→twse; 公司名稱: 大同→1150817; 產業別: 電機機械→11507
2026-09-06T08:13:42+08:00	revenue/2026-07.csv	2373	market: twse→2373; 出表日期: 1150817→震旦行; 資料年月: 11507→2026-07; 公司代號: 2373→twse; 公司名稱: 震旦行→1150817; 產業別: 其他電子業→11507
2026-09-06T08:13:42+08:00	revenue/2026-07.csv	2374	market: twse→2374; 出表日期: 1150817→佳能; 資料年月: 11507→2026-07; 公司代號: 2374→twse; 公司名稱: 佳能→1150817; 產業別: 光電業→11507
2026-09-06T08:13:42+08:00	revenue/2026-07.csv	2375	market: twse→2375; 出表日期: 1150817→凱美; 資料年月: 11507→2026-07; 公司代號: 2375→twse; 公司名稱: 凱美→1150817; 產業別: 電子零組件業→11507
2026-09-06T08:13:42+08:00	revenue/2026-07.csv	2376	market: twse→2376; 出表日期: 1150817→技嘉; 資料年月: 11507→2026-07; 公司代號: 2376→twse; 公司名稱: 技嘉→1150817; 產業別: 電腦及週邊設備業→11507
2026-09-06T08:13:42+08:00	revenue/2026-07.csv	2377	market: twse→2377; 出表日期: 1150817→微星; 資料年月: 11507→2026-07; 公司代號: 2377→twse; 公司名稱: 微星→1150817; 產業別: 電腦及週邊設備業→11507
2026-09-06T08:13:42+08:00	revenue/2026-07.csv	2379	market: twse→2379; 出表日期: 1150817→瑞昱; 資料年月: 11507→2026-07; 公司代號: 2379→twse; 公司名稱: 瑞昱→1150817; 產業別: 半導體業→11507
2026-09-06T08:13:42+08:00	revenue/2026-07.csv	2380	market: twse→2380; 出表日期: 1150817→虹光; 資料年月: 11507→2026-07; 公司代號: 2380→twse; 公司名稱: 虹光→1150817; 產業別: 電腦及週邊設備業→11507
2026-09-06T08:13:42+08:00	revenue/2026-07.csv	2382	market: twse→2382; 出表日期: 1150817→廣達; 資料年月: 11507→2026-07; 公司代號: 2382→twse; 公司名稱: 廣達→1150817; 產業別: 電腦及週邊設備業→11507
2026-09-06T08:13:42+08:00	revenue/2026-07.csv	2383	market: twse→2383; 出表日期: 1150817→台光電; 資料年月: 11507→2026-07; 公司代號: 2383→twse; 公司名稱: 台光電→1150817; 產業別: 電子零組件業→11507
2026-09-06T08:13:42+08:00	revenue/2026-07.csv	2385	market: twse→2385; 出表日期: 1150817→群光; 資料年月: 11507→2026-07; 公司代號: 2385→twse; 公司名稱: 群光→1150817; 產業別: 電子零組件業→11507
2026-09-06T08:13:42+08:00	revenue/2026-07.csv	2387	market: twse→2387; 出表日期: 1150817→精元; 資料年月: 11507→2026-07; 公司代號: 2387→twse; 公司名稱: 精元→1150817; 產業別: 電腦及週邊設備業→11507
2026-09-06T08:13:42+08:00	revenue/2026-07.csv	2388	market: twse→2388; 出表日期: 1150817→威盛; 資料年月: 11507→2026-07; 公司代號: 2388→twse; 公司名稱: 威盛→1150817; 產業別: 半導體業→11507
2026-09-06T08:13:42+08:00	revenue/2026-07.csv	2390	market: twse→2390; 出表日期: 1150817→云辰; 資料年月: 11507→2026-07; 公司代號: 2390→twse; 公司名稱: 云辰→1150817; 產業別: 其他電子業→11507
2026-09-06T08:13:42+08:00	revenue/2026-07.csv	2392	market: twse→2392; 出表日期: 1150817→正崴; 資料年月: 11507→2026-07; 公司代號: 2392→twse; 公司名稱: 正崴→1150817; 產業別: 電子零組件業→11507
2026-09-06T08:13:42+08:00	revenue/2026-07.csv	2393	market: twse→2393; 出表日期: 1150817→億光; 資料年月: 11507→2026-07; 公司代號: 2393→twse; 公司名稱: 億光→1150817; 產業別: 光電業→11507
2026-09-06T08:13:42+08:00	revenue/2026-07.csv	2395	market: twse→2395; 出表日期: 1150817→研華; 資料年月: 11507→2026-07; 公司代號: 2395→twse; 公司名稱: 研華→1150817; 產業別: 電腦及週邊設備業→11507
2026-09-06T08:13:42+08:00	revenue/2026-07.csv	2397	market: twse→2397; 出表日期: 1150817→友通; 資料年月: 11507→2026-07; 公司代號: 2397→twse; 公司名稱: 友通→1150817; 產業別: 電腦及週邊設備業→11507
2026-09-06T08:13:42+08:00	revenue/2026-07.csv	2399	market: twse→2399; 出表日期: 1150817→映泰; 資料年月: 11507→2026-07; 公司代號: 2399→twse; 公司名稱: 映泰→1150817; 產業別: 電腦及週邊設備業→11507
2026-09-06T08:13:42+08:00	revenue/2026-07.csv	2401	market: twse→2401; 出表日期: 1150817→凌陽; 資料年月: 11507→2026-07; 公司代號: 2401→twse; 公司名稱: 凌陽→1150817; 產業別: 半導體業→11507
2026-09-06T08:13:42+08:00	revenue/2026-07.csv	2402	market: twse→2402; 出表日期: 1150817→毅嘉; 資料年月: 11507→2026-07; 公司代號: 2402→twse; 公司名稱: 毅嘉→1150817; 產業別: 電子零組件業→11507
2026-09-06T08:13:42+08:00	revenue/2026-07.csv	2404	market: twse→2404; 出表日期: 1150817→漢唐; 資料年月: 11507→2026-07; 公司代號: 2404→twse; 公司名稱: 漢唐→1150817; 產業別: 其他電子業→11507
2026-09-06T08:13:42+08:00	revenue/2026-07.csv	2405	market: twse→2405; 出表日期: 1150817→輔信; 資料年月: 11507→2026-07; 公司代號: 2405→twse; 公司名稱: 輔信→1150817; 產業別: 電腦及週邊設備業→11507
2026-09-06T08:13:42+08:00	revenue/2026-07.csv	2406	market: twse→2406; 出表日期: 1150817→國碩; 資料年月: 11507→2026-07; 公司代號: 2406→twse; 公司名稱: 國碩→1150817; 產業別: 光電業→11507
2026-09-06T08:13:42+08:00	revenue/2026-07.csv	2408	market: twse→2408; 出表日期: 1150817→南亞科; 資料年月: 11507→2026-07; 公司代號: 2408→twse; 公司名稱: 南亞科→1150817; 產業別: 半導體業→11507
2026-09-06T08:13:42+08:00	revenue/2026-07.csv	2409	market: twse→2409; 出表日期: 1150817→友達; 資料年月: 11507→2026-07; 公司代號: 2409→twse; 公司名稱: 友達→1150817; 產業別: 光電業→11507
2026-09-06T08:13:42+08:00	revenue/2026-07.csv	2412	market: twse→2412; 出表日期: 1150817→中華電; 資料年月: 11507→2026-07; 公司代號: 2412→twse; 公司名稱: 中華電→1150817; 產業別: 通信網路業→11507
2026-09-06T08:13:42+08:00	revenue/2026-07.csv	2413	market: twse→2413; 出表日期: 1150817→環科; 資料年月: 11507→2026-07; 公司代號: 2413→twse; 公司名稱: 環科→1150817; 產業別: 電子零組件業→11507
2026-09-06T08:13:42+08:00	revenue/2026-07.csv	2414	market: twse→2414; 出表日期: 1150817→精技; 資料年月: 11507→2026-07; 公司代號: 2414→twse; 公司名稱: 精技→1150817; 產業別: 電子通路業→11507
2026-09-06T08:13:42+08:00	revenue/2026-07.csv	2415	market: twse→2415; 出表日期: 1150817→錩新; 資料年月: 11507→2026-07; 公司代號: 2415→twse; 公司名稱: 錩新→1150817; 產業別: 電子零組件業→11507
2026-09-06T08:13:42+08:00	revenue/2026-07.csv	2417	market: twse→2417; 出表日期: 1150817→圓剛; 資料年月: 11507→2026-07; 公司代號: 2417→twse; 公司名稱: 圓剛→1150817; 產業別: 電腦及週邊設備業→11507
2026-09-06T08:13:42+08:00	revenue/2026-07.csv	2419	market: twse→2419; 出表日期: 1150817→仲琦; 資料年月: 11507→2026-07; 公司代號: 2419→twse; 公司名稱: 仲琦→1150817; 產業別: 通信網路業→11507
2026-09-06T08:13:42+08:00	revenue/2026-07.csv	2420	market: twse→2420; 出表日期: 1150817→新巨; 資料年月: 11507→2026-07; 公司代號: 2420→twse; 公司名稱: 新巨→1150817; 產業別: 電子零組件業→11507
2026-09-06T08:13:42+08:00	revenue/2026-07.csv	2421	market: twse→2421; 出表日期: 1150817→建準; 資料年月: 11507→2026-07; 公司代號: 2421→twse; 公司名稱: 建準→1150817; 產業別: 電子零組件業→11507
2026-09-06T08:13:42+08:00	revenue/2026-07.csv	2423	market: twse→2423; 出表日期: 1150817→固緯; 資料年月: 11507→2026-07; 公司代號: 2423→twse; 公司名稱: 固緯→1150817; 產業別: 其他電子業→11507
2026-09-06T08:13:42+08:00	revenue/2026-07.csv	2424	market: twse→2424; 出表日期: 1150817→隴華; 資料年月: 11507→2026-07; 公司代號: 2424→twse; 公司名稱: 隴華→1150817; 產業別: 通信網路業→11507
2026-09-06T08:13:42+08:00	revenue/2026-07.csv	2425	market: twse→2425; 出表日期: 1150817→承啟; 資料年月: 11507→2026-07; 公司代號: 2425→twse; 公司名稱: 承啟→1150817; 產業別: 電腦及週邊設備業→11507
2026-09-06T08:13:42+08:00	revenue/2026-07.csv	2426	market: twse→2426; 出表日期: 1150817→鼎元; 資料年月: 11507→2026-07; 公司代號: 2426→twse; 公司名稱: 鼎元→1150817; 產業別: 光電業→11507
2026-09-06T08:13:42+08:00	revenue/2026-07.csv	2427	market: twse→2427; 出表日期: 1150817→三商電; 資料年月: 11507→2026-07; 公司代號: 2427→twse; 公司名稱: 三商電→1150817; 產業別: 資訊服務業→11507
2026-09-06T08:13:42+08:00	revenue/2026-07.csv	2428	market: twse→2428; 出表日期: 1150817→興勤; 資料年月: 11507→2026-07; 公司代號: 2428→twse; 公司名稱: 興勤→1150817; 產業別: 電子零組件業→11507
2026-09-06T08:13:42+08:00	revenue/2026-07.csv	2429	market: twse→2429; 出表日期: 1150817→銘旺科; 資料年月: 11507→2026-07; 公司代號: 2429→twse; 公司名稱: 銘旺科→1150817; 產業別: 光電業→11507
2026-09-06T08:13:42+08:00	revenue/2026-07.csv	2430	market: twse→2430; 出表日期: 1150817→燦坤; 資料年月: 11507→2026-07; 公司代號: 2430→twse; 公司名稱: 燦坤→1150817; 產業別: 電子通路業→11507
2026-09-06T08:13:42+08:00	revenue/2026-07.csv	2431	market: twse→2431; 出表日期: 1150817→聯昌; 資料年月: 11507→2026-07; 公司代號: 2431→twse; 公司名稱: 聯昌→1150817; 產業別: 電子零組件業→11507
2026-09-06T08:13:42+08:00	revenue/2026-07.csv	2432	market: twse→2432; 出表日期: 1150817→倚天酷碁-創; 資料年月: 11507→2026-07; 公司代號: 2432→twse; 公司名稱: 倚天酷碁-創→1150817; 產業別: 電腦及週邊設備業→11507
2026-09-06T08:13:42+08:00	revenue/2026-07.csv	2433	market: twse→2433; 出表日期: 1150817→互盛電; 資料年月: 11507→2026-07; 公司代號: 2433→twse; 公司名稱: 互盛電→1150817; 產業別: 其他電子業→11507
2026-09-06T08:13:42+08:00	revenue/2026-07.csv	2434	market: twse→2434; 出表日期: 1150817→統懋; 資料年月: 11507→2026-07; 公司代號: 2434→twse; 公司名稱: 統懋→1150817; 產業別: 半導體業→11507
2026-09-06T08:13:42+08:00	revenue/2026-07.csv	2436	market: twse→2436; 出表日期: 1150817→偉詮電; 資料年月: 11507→2026-07; 公司代號: 2436→twse; 公司名稱: 偉詮電→1150817; 產業別: 半導體業→11507
2026-09-06T08:13:42+08:00	revenue/2026-07.csv	2438	market: twse→2438; 出表日期: 1150817→翔耀; 資料年月: 11507→2026-07; 公司代號: 2438→twse; 公司名稱: 翔耀→1150817; 產業別: 光電業→11507
2026-09-06T08:13:42+08:00	revenue/2026-07.csv	2439	market: twse→2439; 出表日期: 1150817→美律; 資料年月: 11507→2026-07; 公司代號: 2439→twse; 公司名稱: 美律→1150817; 產業別: 通信網路業→11507
2026-09-06T08:13:42+08:00	revenue/2026-07.csv	2440	market: twse→2440; 出表日期: 1150817→太空梭; 資料年月: 11507→2026-07; 公司代號: 2440→twse; 公司名稱: 太空梭→1150817; 產業別: 電子零組件業→11507
2026-09-06T08:13:42+08:00	revenue/2026-07.csv	2441	market: twse→2441; 出表日期: 1150817→超豐; 資料年月: 11507→2026-07; 公司代號: 2441→twse; 公司名稱: 超豐→1150817; 產業別: 半導體業→11507
2026-09-06T08:13:42+08:00	revenue/2026-07.csv	2442	market: twse→2442; 出表日期: 1150817→新美齊; 資料年月: 11507→2026-07; 公司代號: 2442→twse; 公司名稱: 新美齊→1150817; 產業別: 建材營造→11507
2026-09-06T08:13:42+08:00	revenue/2026-07.csv	2444	market: twse→2444; 出表日期: 1150817→兆勁; 資料年月: 11507→2026-07; 公司代號: 2444→twse; 公司名稱: 兆勁→1150817; 產業別: 通信網路業→11507
2026-09-06T08:13:42+08:00	revenue/2026-07.csv	2449	market: twse→2449; 出表日期: 1150817→京元電子; 資料年月: 11507→2026-07; 公司代號: 2449→twse; 公司名稱: 京元電子→1150817; 產業別: 半導體業→11507
2026-09-06T08:13:42+08:00	revenue/2026-07.csv	2450	market: twse→2450; 出表日期: 1150817→神腦; 資料年月: 11507→2026-07; 公司代號: 2450→twse; 公司名稱: 神腦→1150817; 產業別: 通信網路業→11507
2026-09-06T08:13:42+08:00	revenue/2026-07.csv	2451	market: twse→2451; 出表日期: 1150817→創見; 資料年月: 11507→2026-07; 公司代號: 2451→twse; 公司名稱: 創見→1150817; 產業別: 半導體業→11507
2026-09-06T08:13:42+08:00	revenue/2026-07.csv	2453	market: twse→2453; 出表日期: 1150817→凌群; 資料年月: 11507→2026-07; 公司代號: 2453→twse; 公司名稱: 凌群→1150817; 產業別: 資訊服務業→11507
2026-09-06T08:13:42+08:00	revenue/2026-07.csv	2454	market: twse→2454; 出表日期: 1150817→聯發科; 資料年月: 11507→2026-07; 公司代號: 2454→twse; 公司名稱: 聯發科→1150817; 產業別: 半導體業→11507
2026-09-06T08:13:42+08:00	revenue/2026-07.csv	2455	market: twse→2455; 出表日期: 1150817→全新; 資料年月: 11507→2026-07; 公司代號: 2455→twse; 公司名稱: 全新→1150817; 產業別: 通信網路業→11507
2026-09-06T08:13:42+08:00	revenue/2026-07.csv	2457	market: twse→2457; 出表日期: 1150817→飛宏; 資料年月: 11507→2026-07; 公司代號: 2457→twse; 公司名稱: 飛宏→1150817; 產業別: 電子零組件業→11507
2026-09-06T08:13:42+08:00	revenue/2026-07.csv	2458	market: twse→2458; 出表日期: 1150817→義隆; 資料年月: 11507→2026-07; 公司代號: 2458→twse; 公司名稱: 義隆→1150817; 產業別: 半導體業→11507
2026-09-06T08:13:42+08:00	revenue/2026-07.csv	2459	market: twse→2459; 出表日期: 1150817→敦吉; 資料年月: 11507→2026-07; 公司代號: 2459→twse; 公司名稱: 敦吉→1150817; 產業別: 其他電子業→11507
2026-09-06T08:13:42+08:00	revenue/2026-07.csv	2460	market: twse→2460; 出表日期: 1150817→建通; 資料年月: 11507→2026-07; 公司代號: 2460→twse; 公司名稱: 建通→1150817; 產業別: 電子零組件業→11507
2026-09-06T08:13:42+08:00	revenue/2026-07.csv	2461	market: twse→2461; 出表日期: 1150817→光群雷; 資料年月: 11507→2026-07; 公司代號: 2461→twse; 公司名稱: 光群雷→1150817; 產業別: 其他電子業→11507
2026-09-06T08:13:42+08:00	revenue/2026-07.csv	2462	market: twse→2462; 出表日期: 1150817→良得電; 資料年月: 11507→2026-07; 公司代號: 2462→twse; 公司名稱: 良得電→1150817; 產業別: 電子零組件業→11507
2026-09-06T08:13:42+08:00	revenue/2026-07.csv	2464	market: twse→2464; 出表日期: 1150817→盟立; 資料年月: 11507→2026-07; 公司代號: 2464→twse; 公司名稱: 盟立→1150817; 產業別: 其他電子業→11507
2026-09-06T08:13:42+08:00	revenue/2026-07.csv	2465	market: twse→2465; 出表日期: 1150817→麗臺; 資料年月: 11507→2026-07; 公司代號: 2465→twse; 公司名稱: 麗臺→1150817; 產業別: 電腦及週邊設備業→11507
2026-09-06T08:13:42+08:00	revenue/2026-07.csv	2466	market: twse→2466; 出表日期: 1150817→冠西電; 資料年月: 11507→2026-07; 公司代號: 2466→twse; 公司名稱: 冠西電→1150817; 產業別: 光電業→11507
2026-09-06T08:13:42+08:00	revenue/2026-07.csv	2467	market: twse→2467; 出表日期: 1150817→志聖; 資料年月: 11507→2026-07; 公司代號: 2467→twse; 公司名稱: 志聖→1150817; 產業別: 電子零組件業→11507
2026-09-06T08:13:42+08:00	revenue/2026-07.csv	2468	market: twse→2468; 出表日期: 1150817→華經; 資料年月: 11507→2026-07; 公司代號: 2468→twse; 公司名稱: 華經→1150817; 產業別: 資訊服務業→11507
2026-09-06T08:13:42+08:00	revenue/2026-07.csv	2471	market: twse→2471; 出表日期: 1150817→資通; 資料年月: 11507→2026-07; 公司代號: 2471→twse; 公司名稱: 資通→1150817; 產業別: 資訊服務業→11507
2026-09-06T08:13:42+08:00	revenue/2026-07.csv	2472	market: twse→2472; 出表日期: 1150817→立隆電; 資料年月: 11507→2026-07; 公司代號: 2472→twse; 公司名稱: 立隆電→1150817; 產業別: 電子零組件業→11507
2026-09-06T08:13:42+08:00	revenue/2026-07.csv	2474	market: twse→2474; 出表日期: 1150817→可成; 資料年月: 11507→2026-07; 公司代號: 2474→twse; 公司名稱: 可成→1150817; 產業別: 其他電子業→11507
2026-09-06T08:13:42+08:00	revenue/2026-07.csv	2476	market: twse→2476; 出表日期: 1150817→鉅祥; 資料年月: 11507→2026-07; 公司代號: 2476→twse; 公司名稱: 鉅祥→1150817; 產業別: 電子零組件業→11507
2026-09-06T08:13:42+08:00	revenue/2026-07.csv	2477	market: twse→2477; 出表日期: 1150817→美隆電; 資料年月: 11507→2026-07; 公司代號: 2477→twse; 公司名稱: 美隆電→1150817; 產業別: 其他電子業→11507
2026-09-06T08:13:42+08:00	revenue/2026-07.csv	2478	market: twse→2478; 出表日期: 1150817→大毅; 資料年月: 11507→2026-07; 公司代號: 2478→twse; 公司名稱: 大毅→1150817; 產業別: 電子零組件業→11507
2026-09-06T08:13:42+08:00	revenue/2026-07.csv	2480	market: twse→2480; 出表日期: 1150817→敦陽科; 資料年月: 11507→2026-07; 公司代號: 2480→twse; 公司名稱: 敦陽科→1150817; 產業別: 資訊服務業→11507
2026-09-06T08:13:42+08:00	revenue/2026-07.csv	2481	market: twse→2481; 出表日期: 1150817→強茂; 資料年月: 11507→2026-07; 公司代號: 2481→twse; 公司名稱: 強茂→1150817; 產業別: 半導體業→11507
2026-09-06T08:13:42+08:00	revenue/2026-07.csv	2482	market: twse→2482; 出表日期: 1150817→連宇; 資料年月: 11507→2026-07; 公司代號: 2482→twse; 公司名稱: 連宇→1150817; 產業別: 其他電子業→11507
2026-09-06T08:13:42+08:00	revenue/2026-07.csv	2483	market: twse→2483; 出表日期: 1150817→百容; 資料年月: 11507→2026-07; 公司代號: 2483→twse; 公司名稱: 百容→1150817; 產業別: 電子零組件業→11507
2026-09-06T08:13:42+08:00	revenue/2026-07.csv	2484	market: twse→2484; 出表日期: 1150817→希華; 資料年月: 11507→2026-07; 公司代號: 2484→twse; 公司名稱: 希華→1150817; 產業別: 電子零組件業→11507
2026-09-06T08:13:42+08:00	revenue/2026-07.csv	2485	market: twse→2485; 出表日期: 1150817→兆赫; 資料年月: 11507→2026-07; 公司代號: 2485→twse; 公司名稱: 兆赫→1150817; 產業別: 通信網路業→11507
2026-09-06T08:13:42+08:00	revenue/2026-07.csv	2486	market: twse→2486; 出表日期: 1150817→一詮; 資料年月: 11507→2026-07; 公司代號: 2486→twse; 公司名稱: 一詮→1150817; 產業別: 光電業→11507
2026-09-06T08:13:42+08:00	revenue/2026-07.csv	2488	market: twse→2488; 出表日期: 1150817→漢平; 資料年月: 11507→2026-07; 公司代號: 2488→twse; 公司名稱: 漢平→1150817; 產業別: 其他電子業→11507
2026-09-06T08:13:42+08:00	revenue/2026-07.csv	2489	market: twse→2489; 出表日期: 1150817→瑞軒; 資料年月: 11507→2026-07; 公司代號: 2489→twse; 公司名稱: 瑞軒→1150817; 產業別: 光電業→11507
2026-09-06T08:13:42+08:00	revenue/2026-07.csv	2491	market: twse→2491; 出表日期: 1150817→吉祥全; 資料年月: 11507→2026-07; 公司代號: 2491→twse; 公司名稱: 吉祥全→1150817; 產業別: 光電業→11507
2026-09-06T08:13:42+08:00	revenue/2026-07.csv	2492	market: twse→2492; 出表日期: 1150817→華新科; 資料年月: 11507→2026-07; 公司代號: 2492→twse; 公司名稱: 華新科→1150817; 產業別: 電子零組件業→11507
2026-09-06T08:13:42+08:00	revenue/2026-07.csv	2493	market: twse→2493; 出表日期: 1150817→揚博; 資料年月: 11507→2026-07; 公司代號: 2493→twse; 公司名稱: 揚博→1150817; 產業別: 電子零組件業→11507
2026-09-06T08:13:42+08:00	revenue/2026-07.csv	2495	market: twse→2495; 出表日期: 1150817→普安; 資料年月: 11507→2026-07; 公司代號: 2495→twse; 公司名稱: 普安→1150817; 產業別: 電腦及週邊設備業→11507
2026-09-06T08:13:42+08:00	revenue/2026-07.csv	2496	market: twse→2496; 出表日期: 1150817→卓越; 資料年月: 11507→2026-07; 公司代號: 2496→twse; 公司名稱: 卓越→1150817; 產業別: 其他→11507
2026-09-06T08:13:42+08:00	revenue/2026-07.csv	2497	market: twse→2497; 出表日期: 1150817→怡利電; 資料年月: 11507→2026-07; 公司代號: 2497→twse; 公司名稱: 怡利電→1150817; 產業別: 汽車工業→11507
2026-09-06T08:13:42+08:00	revenue/2026-07.csv	2498	market: twse→2498; 出表日期: 1150817→宏達電; 資料年月: 11507→2026-07; 公司代號: 2498→twse; 公司名稱: 宏達電→1150817; 產業別: 通信網路業→11507
2026-09-06T08:13:42+08:00	revenue/2026-07.csv	2501	market: twse→2501; 出表日期: 1150817→國建; 資料年月: 11507→2026-07; 公司代號: 2501→twse; 公司名稱: 國建→1150817; 產業別: 建材營造→11507
2026-09-06T08:13:42+08:00	revenue/2026-07.csv	2504	market: twse→2504; 出表日期: 1150817→國產; 資料年月: 11507→2026-07; 公司代號: 2504→twse; 公司名稱: 國產→1150817; 產業別: 建材營造→11507
2026-09-06T08:13:42+08:00	revenue/2026-07.csv	2505	market: twse→2505; 出表日期: 1150817→國揚; 資料年月: 11507→2026-07; 公司代號: 2505→twse; 公司名稱: 國揚→1150817; 產業別: 建材營造→11507
2026-09-06T08:13:42+08:00	revenue/2026-07.csv	2506	market: twse→2506; 出表日期: 1150817→太設; 資料年月: 11507→2026-07; 公司代號: 2506→twse; 公司名稱: 太設→1150817; 產業別: 建材營造→11507
2026-09-06T08:13:42+08:00	revenue/2026-07.csv	2509	market: twse→2509; 出表日期: 1150817→全坤建; 資料年月: 11507→2026-07; 公司代號: 2509→twse; 公司名稱: 全坤建→1150817; 產業別: 建材營造→11507
2026-09-06T08:13:42+08:00	revenue/2026-07.csv	2511	market: twse→2511; 出表日期: 1150817→太子; 資料年月: 11507→2026-07; 公司代號: 2511→twse; 公司名稱: 太子→1150817; 產業別: 建材營造→11507
2026-09-06T08:13:42+08:00	revenue/2026-07.csv	2514	market: twse→2514; 出表日期: 1150817→龍邦; 資料年月: 11507→2026-07; 公司代號: 2514→twse; 公司名稱: 龍邦→1150817; 產業別: 其他→11507
2026-09-06T08:13:42+08:00	revenue/2026-07.csv	2515	market: twse→2515; 出表日期: 1150817→中工; 資料年月: 11507→2026-07; 公司代號: 2515→twse; 公司名稱: 中工→1150817; 產業別: 建材營造→11507
2026-09-06T08:13:42+08:00	revenue/2026-07.csv	2516	market: twse→2516; 出表日期: 1150817→新建; 資料年月: 11507→2026-07; 公司代號: 2516→twse; 公司名稱: 新建→1150817; 產業別: 建材營造→11507
2026-09-06T08:13:42+08:00	revenue/2026-07.csv	2520	market: twse→2520; 出表日期: 1150817→冠德; 資料年月: 11507→2026-07; 公司代號: 2520→twse; 公司名稱: 冠德→1150817; 產業別: 建材營造→11507
2026-09-06T08:13:42+08:00	revenue/2026-07.csv	2524	market: twse→2524; 出表日期: 1150817→京城; 資料年月: 11507→2026-07; 公司代號: 2524→twse; 公司名稱: 京城→1150817; 產業別: 建材營造→11507
2026-09-06T08:13:42+08:00	revenue/2026-07.csv	2527	market: twse→2527; 出表日期: 1150817→宏璟; 資料年月: 11507→2026-07; 公司代號: 2527→twse; 公司名稱: 宏璟→1150817; 產業別: 建材營造→11507
2026-09-06T08:13:42+08:00	revenue/2026-07.csv	2528	market: twse→2528; 出表日期: 1150817→皇普; 資料年月: 11507→2026-07; 公司代號: 2528→twse; 公司名稱: 皇普→1150817; 產業別: 建材營造→11507
2026-09-06T08:13:42+08:00	revenue/2026-07.csv	2530	market: twse→2530; 出表日期: 1150817→華建; 資料年月: 11507→2026-07; 公司代號: 2530→twse; 公司名稱: 華建→1150817; 產業別: 建材營造→11507
2026-09-06T08:13:42+08:00	revenue/2026-07.csv	2534	market: twse→2534; 出表日期: 1150817→宏盛; 資料年月: 11507→2026-07; 公司代號: 2534→twse; 公司名稱: 宏盛→1150817; 產業別: 建材營造→11507
2026-09-06T08:13:42+08:00	revenue/2026-07.csv	2535	market: twse→2535; 出表日期: 1150817→達欣工; 資料年月: 11507→2026-07; 公司代號: 2535→twse; 公司名稱: 達欣工→1150817; 產業別: 建材營造→11507
2026-09-06T08:13:42+08:00	revenue/2026-07.csv	2536	market: twse→2536; 出表日期: 1150817→宏普; 資料年月: 11507→2026-07; 公司代號: 2536→twse; 公司名稱: 宏普→1150817; 產業別: 建材營造→11507
2026-09-06T08:13:42+08:00	revenue/2026-07.csv	2537	market: twse→2537; 出表日期: 1150817→聯上發; 資料年月: 11507→2026-07; 公司代號: 2537→twse; 公司名稱: 聯上發→1150817; 產業別: 建材營造→11507
2026-09-06T08:13:42+08:00	revenue/2026-07.csv	2538	market: twse→2538; 出表日期: 1150817→基泰; 資料年月: 11507→2026-07; 公司代號: 2538→twse; 公司名稱: 基泰→1150817; 產業別: 建材營造→11507
2026-09-06T08:13:42+08:00	revenue/2026-07.csv	2539	market: twse→2539; 出表日期: 1150817→櫻花建; 資料年月: 11507→2026-07; 公司代號: 2539→twse; 公司名稱: 櫻花建→1150817; 產業別: 建材營造→11507
2026-09-06T08:13:42+08:00	revenue/2026-07.csv	2540	market: twse→2540; 出表日期: 1150817→愛山林; 資料年月: 11507→2026-07; 公司代號: 2540→twse; 公司名稱: 愛山林→1150817; 產業別: 建材營造→11507
2026-09-06T08:13:42+08:00	revenue/2026-07.csv	2542	market: twse→2542; 出表日期: 1150817→興富發; 資料年月: 11507→2026-07; 公司代號: 2542→twse; 公司名稱: 興富發→1150817; 產業別: 建材營造→11507
2026-09-06T08:13:42+08:00	revenue/2026-07.csv	2543	market: twse→2543; 出表日期: 1150817→皇昌; 資料年月: 11507→2026-07; 公司代號: 2543→twse; 公司名稱: 皇昌→1150817; 產業別: 建材營造→11507
2026-09-06T08:13:42+08:00	revenue/2026-07.csv	2545	market: twse→2545; 出表日期: 1150817→皇翔; 資料年月: 11507→2026-07; 公司代號: 2545→twse; 公司名稱: 皇翔→1150817; 產業別: 建材營造→11507
2026-09-06T08:13:42+08:00	revenue/2026-07.csv	2546	market: twse→2546; 出表日期: 1150817→根基; 資料年月: 11507→2026-07; 公司代號: 2546→twse; 公司名稱: 根基→1150817; 產業別: 建材營造→11507
2026-09-06T08:13:42+08:00	revenue/2026-07.csv	2547	market: twse→2547; 出表日期: 1150817→日勝生; 資料年月: 11507→2026-07; 公司代號: 2547→twse; 公司名稱: 日勝生→1150817; 產業別: 建材營造→11507
2026-09-06T08:13:42+08:00	revenue/2026-07.csv	2548	market: twse→2548; 出表日期: 1150817→華固; 資料年月: 11507→2026-07; 公司代號: 2548→twse; 公司名稱: 華固→1150817; 產業別: 建材營造→11507
2026-09-06T08:13:42+08:00	revenue/2026-07.csv	2596	market: tpex→2596; 出表日期: 1150817→綠意; 資料年月: 11507→2026-07; 公司代號: 2596→tpex; 公司名稱: 綠意→1150817; 產業別: 建材營造→11507
2026-09-06T08:13:42+08:00	revenue/2026-07.csv	2597	market: twse→2597; 出表日期: 1150817→潤弘; 資料年月: 11507→2026-07; 公司代號: 2597→twse; 公司名稱: 潤弘→1150817; 產業別: 建材營造→11507
2026-09-06T08:13:42+08:00	revenue/2026-07.csv	2601	market: twse→2601; 出表日期: 1150817→益航; 資料年月: 11507→2026-07; 公司代號: 2601→twse; 公司名稱: 益航→1150817; 產業別: 航運業→11507
2026-09-06T08:13:42+08:00	revenue/2026-07.csv	2603	market: twse→2603; 出表日期: 1150817→長榮; 資料年月: 11507→2026-07; 公司代號: 2603→twse; 公司名稱: 長榮→1150817; 產業別: 航運業→11507
2026-09-06T08:13:42+08:00	revenue/2026-07.csv	2605	market: twse→2605; 出表日期: 1150817→新興; 資料年月: 11507→2026-07; 公司代號: 2605→twse; 公司名稱: 新興→1150817; 產業別: 航運業→11507
2026-09-06T08:13:42+08:00	revenue/2026-07.csv	2606	market: twse→2606; 出表日期: 1150817→裕民; 資料年月: 11507→2026-07; 公司代號: 2606→twse; 公司名稱: 裕民→1150817; 產業別: 航運業→11507
2026-09-06T08:13:42+08:00	revenue/2026-07.csv	2607	market: twse→2607; 出表日期: 1150817→榮運; 資料年月: 11507→2026-07; 公司代號: 2607→twse; 公司名稱: 榮運→1150817; 產業別: 航運業→11507
2026-09-06T08:13:42+08:00	revenue/2026-07.csv	2608	market: twse→2608; 出表日期: 1150817→嘉里大榮; 資料年月: 11507→2026-07; 公司代號: 2608→twse; 公司名稱: 嘉里大榮→1150817; 產業別: 航運業→11507
2026-09-06T08:13:42+08:00	revenue/2026-07.csv	2609	market: twse→2609; 出表日期: 1150817→陽明; 資料年月: 11507→2026-07; 公司代號: 2609→twse; 公司名稱: 陽明→1150817; 產業別: 航運業→11507
2026-09-06T08:13:42+08:00	revenue/2026-07.csv	2610	market: twse→2610; 出表日期: 1150817→華航; 資料年月: 11507→2026-07; 公司代號: 2610→twse; 公司名稱: 華航→1150817; 產業別: 航運業→11507
2026-09-06T08:13:42+08:00	revenue/2026-07.csv	2611	market: twse→2611; 出表日期: 1150817→志信; 資料年月: 11507→2026-07; 公司代號: 2611→twse; 公司名稱: 志信→1150817; 產業別: 航運業→11507
2026-09-06T08:13:42+08:00	revenue/2026-07.csv	2612	market: twse→2612; 出表日期: 1150817→中航; 資料年月: 11507→2026-07; 公司代號: 2612→twse; 公司名稱: 中航→1150817; 產業別: 航運業→11507
2026-09-06T08:13:42+08:00	revenue/2026-07.csv	2613	market: twse→2613; 出表日期: 1150817→中櫃; 資料年月: 11507→2026-07; 公司代號: 2613→twse; 公司名稱: 中櫃→1150817; 產業別: 航運業→11507
2026-09-06T08:13:42+08:00	revenue/2026-07.csv	2614	market: twse→2614; 出表日期: 1150817→東森; 資料年月: 11507→2026-07; 公司代號: 2614→twse; 公司名稱: 東森→1150817; 產業別: 其他→11507
2026-09-06T08:13:42+08:00	revenue/2026-07.csv	2615	market: twse→2615; 出表日期: 1150817→萬海; 資料年月: 11507→2026-07; 公司代號: 2615→twse; 公司名稱: 萬海→1150817; 產業別: 航運業→11507
2026-09-06T08:13:42+08:00	revenue/2026-07.csv	2616	market: twse→2616; 出表日期: 1150817→山隆; 資料年月: 11507→2026-07; 公司代號: 2616→twse; 公司名稱: 山隆→1150817; 產業別: 油電燃氣業→11507
2026-09-06T08:13:42+08:00	revenue/2026-07.csv	2617	market: twse→2617; 出表日期: 1150817→台航; 資料年月: 11507→2026-07; 公司代號: 2617→twse; 公司名稱: 台航→1150817; 產業別: 航運業→11507
2026-09-06T08:13:42+08:00	revenue/2026-07.csv	2618	market: twse→2618; 出表日期: 1150817→長榮航; 資料年月: 11507→2026-07; 公司代號: 2618→twse; 公司名稱: 長榮航→1150817; 產業別: 航運業→11507
2026-09-06T08:13:42+08:00	revenue/2026-07.csv	2630	market: twse→2630; 出表日期: 1150817→亞航; 資料年月: 11507→2026-07; 公司代號: 2630→twse; 公司名稱: 亞航→1150817; 產業別: 航運業→11507
2026-09-06T08:13:42+08:00	revenue/2026-07.csv	2633	market: twse→2633; 出表日期: 1150817→台灣高鐵; 資料年月: 11507→2026-07; 公司代號: 2633→twse; 公司名稱: 台灣高鐵→1150817; 產業別: 航運業→11507
2026-09-06T08:13:42+08:00	revenue/2026-07.csv	2634	market: twse→2634; 出表日期: 1150817→漢翔; 資料年月: 11507→2026-07; 公司代號: 2634→twse; 公司名稱: 漢翔→1150817; 產業別: 航運業→11507
2026-09-06T08:13:42+08:00	revenue/2026-07.csv	2636	market: twse→2636; 出表日期: 1150817→台驊控股; 資料年月: 11507→2026-07; 公司代號: 2636→twse; 公司名稱: 台驊控股→1150817; 產業別: 航運業→11507
2026-09-06T08:13:42+08:00	revenue/2026-07.csv	2637	market: twse→2637; 出表日期: 1150817→慧洋-KY; 資料年月: 11507→2026-07; 公司代號: 2637→twse; 公司名稱: 慧洋-KY→1150817; 產業別: 航運業→11507
2026-09-06T08:13:42+08:00	revenue/2026-07.csv	2640	market: tpex→2640; 出表日期: 1150817→大車隊; 資料年月: 11507→2026-07; 公司代號: 2640→tpex; 公司名稱: 大車隊→1150817; 產業別: 數位雲端→11507
2026-09-06T08:13:42+08:00	revenue/2026-07.csv	2641	market: tpex→2641; 出表日期: 1150817→正德; 資料年月: 11507→2026-07; 公司代號: 2641→tpex; 公司名稱: 正德→1150817; 產業別: 航運業→11507
2026-09-06T08:13:42+08:00	revenue/2026-07.csv	2642	market: twse→2642; 出表日期: 1150817→宅配通; 資料年月: 11507→2026-07; 公司代號: 2642→twse; 公司名稱: 宅配通→1150817; 產業別: 航運業→11507
2026-09-06T08:13:42+08:00	revenue/2026-07.csv	2643	market: tpex→2643; 出表日期: 1150817→捷迅; 資料年月: 11507→2026-07; 公司代號: 2643→tpex; 公司名稱: 捷迅→1150817; 產業別: 航運業→11507
2026-09-06T08:13:42+08:00	revenue/2026-07.csv	2645	market: twse→2645; 出表日期: 1150817→長榮航太; 資料年月: 11507→2026-07; 公司代號: 2645→twse; 公司名稱: 長榮航太→1150817; 產業別: 航運業→11507
2026-09-06T08:13:42+08:00	revenue/2026-07.csv	2646	market: twse→2646; 出表日期: 1150817→星宇航空; 資料年月: 11507→2026-07; 公司代號: 2646→twse; 公司名稱: 星宇航空→1150817; 產業別: 航運業→11507
2026-09-06T08:13:42+08:00	revenue/2026-07.csv	2701	market: twse→2701; 出表日期: 1150817→萬企; 資料年月: 11507→2026-07; 公司代號: 2701→twse; 公司名稱: 萬企→1150817; 產業別: 觀光餐旅→11507
2026-09-06T08:13:42+08:00	revenue/2026-07.csv	2702	market: twse→2702; 出表日期: 1150817→華園; 資料年月: 11507→2026-07; 公司代號: 2702→twse; 公司名稱: 華園→1150817; 產業別: 觀光餐旅→11507
2026-09-06T08:13:42+08:00	revenue/2026-07.csv	2704	market: twse→2704; 出表日期: 1150817→國賓; 資料年月: 11507→2026-07; 公司代號: 2704→twse; 公司名稱: 國賓→1150817; 產業別: 觀光餐旅→11507
2026-09-06T08:13:42+08:00	revenue/2026-07.csv	2705	market: twse→2705; 出表日期: 1150817→六福; 資料年月: 11507→2026-07; 公司代號: 2705→twse; 公司名稱: 六福→1150817; 產業別: 觀光餐旅→11507
2026-09-06T08:13:42+08:00	revenue/2026-07.csv	2706	market: twse→2706; 出表日期: 1150817→第一店; 資料年月: 11507→2026-07; 公司代號: 2706→twse; 公司名稱: 第一店→1150817; 產業別: 觀光餐旅→11507
2026-09-06T08:13:42+08:00	revenue/2026-07.csv	2707	market: twse→2707; 出表日期: 1150817→晶華; 資料年月: 11507→2026-07; 公司代號: 2707→twse; 公司名稱: 晶華→1150817; 產業別: 觀光餐旅→11507
2026-09-06T08:13:42+08:00	revenue/2026-07.csv	2712	market: twse→2712; 出表日期: 1150817→遠雄來; 資料年月: 11507→2026-07; 公司代號: 2712→twse; 公司名稱: 遠雄來→1150817; 產業別: 觀光餐旅→11507
2026-09-06T08:13:42+08:00	revenue/2026-07.csv	2718	market: tpex→2718; 出表日期: 1150817→全心投控; 資料年月: 11507→2026-07; 公司代號: 2718→tpex; 公司名稱: 全心投控→1150817; 產業別: 建材營造→11507
2026-09-06T08:13:42+08:00	revenue/2026-07.csv	2719	market: tpex→2719; 出表日期: 1150817→燦星旅; 資料年月: 11507→2026-07; 公司代號: 2719→tpex; 公司名稱: 燦星旅→1150817; 產業別: 觀光餐旅→11507
2026-09-06T08:13:42+08:00	revenue/2026-07.csv	2722	market: twse→2722; 出表日期: 1150817→夏都; 資料年月: 11507→2026-07; 公司代號: 2722→twse; 公司名稱: 夏都→1150817; 產業別: 觀光餐旅→11507
2026-09-06T08:13:42+08:00	revenue/2026-07.csv	2723	market: twse→2723; 出表日期: 1150817→美食-KY; 資料年月: 11507→2026-07; 公司代號: 2723→twse; 公司名稱: 美食-KY→1150817; 產業別: 觀光餐旅→11507
2026-09-06T08:13:42+08:00	revenue/2026-07.csv	2724	market: tpex→2724; 出表日期: 1150817→藝舍-KY; 資料年月: 11507→2026-07; 公司代號: 2724→tpex; 公司名稱: 藝舍-KY→1150817; 產業別: 其他→11507
2026-09-06T08:13:42+08:00	revenue/2026-07.csv	2726	market: tpex→2726; 出表日期: 1150817→雅茗-KY; 資料年月: 11507→2026-07; 公司代號: 2726→tpex; 公司名稱: 雅茗-KY→1150817; 產業別: 觀光餐旅→11507
2026-09-06T08:13:42+08:00	revenue/2026-07.csv	2727	market: twse→2727; 出表日期: 1150817→王品; 資料年月: 11507→2026-07; 公司代號: 2727→twse; 公司名稱: 王品→1150817; 產業別: 觀光餐旅→11507
2026-09-06T08:13:42+08:00	revenue/2026-07.csv	2729	market: tpex→2729; 出表日期: 1150817→瓦城; 資料年月: 11507→2026-07; 公司代號: 2729→tpex; 公司名稱: 瓦城→1150817; 產業別: 觀光餐旅→11507
2026-09-06T08:13:42+08:00	revenue/2026-07.csv	2731	market: twse→2731; 出表日期: 1150817→雄獅; 資料年月: 11507→2026-07; 公司代號: 2731→twse; 公司名稱: 雄獅→1150817; 產業別: 觀光餐旅→11507
2026-09-06T08:13:42+08:00	revenue/2026-07.csv	2732	market: tpex→2732; 出表日期: 1150817→六角; 資料年月: 11507→2026-07; 公司代號: 2732→tpex; 公司名稱: 六角→1150817; 產業別: 觀光餐旅→11507
2026-09-06T08:13:42+08:00	revenue/2026-07.csv	2734	market: tpex→2734; 出表日期: 1150817→易飛網; 資料年月: 11507→2026-07; 公司代號: 2734→tpex; 公司名稱: 易飛網→1150817; 產業別: 觀光餐旅→11507
2026-09-06T08:13:42+08:00	revenue/2026-07.csv	2736	market: tpex→2736; 出表日期: 1150817→富野; 資料年月: 11507→2026-07; 公司代號: 2736→tpex; 公司名稱: 富野→1150817; 產業別: 觀光餐旅→11507
2026-09-06T08:13:42+08:00	revenue/2026-07.csv	2739	market: twse→2739; 出表日期: 1150817→寒舍; 資料年月: 11507→2026-07; 公司代號: 2739→twse; 公司名稱: 寒舍→1150817; 產業別: 觀光餐旅→11507
2026-09-06T08:13:42+08:00	revenue/2026-07.csv	2740	market: tpex→2740; 出表日期: 1150817→華軒; 資料年月: 11507→2026-07; 公司代號: 2740→tpex; 公司名稱: 華軒→1150817; 產業別: 觀光餐旅→11507
2026-09-06T08:13:42+08:00	revenue/2026-07.csv	2743	market: tpex→2743; 出表日期: 1150817→山富; 資料年月: 11507→2026-07; 公司代號: 2743→tpex; 公司名稱: 山富→1150817; 產業別: 觀光餐旅→11507
2026-09-06T08:13:42+08:00	revenue/2026-07.csv	2745	market: tpex→2745; 出表日期: 1150817→五福; 資料年月: 11507→2026-07; 公司代號: 2745→tpex; 公司名稱: 五福→1150817; 產業別: 觀光餐旅→11507
2026-09-06T08:13:42+08:00	revenue/2026-07.csv	2748	market: twse→2748; 出表日期: 1150817→雲品; 資料年月: 11507→2026-07; 公司代號: 2748→twse; 公司名稱: 雲品→1150817; 產業別: 觀光餐旅→11507
2026-09-06T08:13:42+08:00	revenue/2026-07.csv	2751	market: tpex→2751; 出表日期: 1150817→王座; 資料年月: 11507→2026-07; 公司代號: 2751→tpex; 公司名稱: 王座→1150817; 產業別: 觀光餐旅→11507
2026-09-06T08:13:42+08:00	revenue/2026-07.csv	2752	market: tpex→2752; 出表日期: 1150817→豆府; 資料年月: 11507→2026-07; 公司代號: 2752→tpex; 公司名稱: 豆府→1150817; 產業別: 觀光餐旅→11507
2026-09-06T08:13:42+08:00	revenue/2026-07.csv	2753	market: twse→2753; 出表日期: 1150817→八方雲集; 資料年月: 11507→2026-07; 公司代號: 2753→twse; 公司名稱: 八方雲集→1150817; 產業別: 觀光餐旅→11507
2026-09-06T08:13:42+08:00	revenue/2026-07.csv	2754	market: tpex→2754; 出表日期: 1150817→亞洲藏壽司; 資料年月: 11507→2026-07; 公司代號: 2754→tpex; 公司名稱: 亞洲藏壽司→1150817; 產業別: 觀光餐旅→11507
2026-09-06T08:13:42+08:00	revenue/2026-07.csv	2755	market: tpex→2755; 出表日期: 1150817→揚秦; 資料年月: 11507→2026-07; 公司代號: 2755→tpex; 公司名稱: 揚秦→1150817; 產業別: 觀光餐旅→11507
2026-09-06T08:13:42+08:00	revenue/2026-07.csv	2756	market: tpex→2756; 出表日期: 1150817→聯發國際; 資料年月: 11507→2026-07; 公司代號: 2756→tpex; 公司名稱: 聯發國際→1150817; 產業別: 觀光餐旅→11507
2026-09-06T08:13:42+08:00	revenue/2026-07.csv	2762	market: twse→2762; 出表日期: 1150817→世界健身-KY; 資料年月: 11507→2026-07; 公司代號: 2762→twse; 公司名稱: 世界健身-KY→1150817; 產業別: 運動休閒→11507
2026-09-06T08:13:42+08:00	revenue/2026-07.csv	2801	market: twse→2801; 出表日期: 1150817→彰銀; 資料年月: 11507→2026-07; 公司代號: 2801→twse; 公司名稱: 彰銀→1150817; 產業別: 金融保險業→11507
2026-09-06T08:13:42+08:00	revenue/2026-07.csv	2812	market: twse→2812; 出表日期: 1150817→台中銀; 資料年月: 11507→2026-07; 公司代號: 2812→twse; 公司名稱: 台中銀→1150817; 產業別: 金融保險業→11507
2026-09-06T08:13:42+08:00	revenue/2026-07.csv	2816	market: twse→2816; 出表日期: 1150817→旺旺保; 資料年月: 11507→2026-07; 公司代號: 2816→twse; 公司名稱: 旺旺保→1150817; 產業別: 金融保險業→11507
2026-09-06T08:13:42+08:00	revenue/2026-07.csv	2820	market: twse→2820; 出表日期: 1150817→華票; 資料年月: 11507→2026-07; 公司代號: 2820→twse; 公司名稱: 華票→1150817; 產業別: 金融保險業→11507
2026-09-06T08:13:42+08:00	revenue/2026-07.csv	2832	market: twse→2832; 出表日期: 1150817→台產; 資料年月: 11507→2026-07; 公司代號: 2832→twse; 公司名稱: 台產→1150817; 產業別: 金融保險業→11507
2026-09-06T08:13:42+08:00	revenue/2026-07.csv	2834	market: twse→2834; 出表日期: 1150817→臺企銀; 資料年月: 11507→2026-07; 公司代號: 2834→twse; 公司名稱: 臺企銀→1150817; 產業別: 金融保險業→11507
2026-09-06T08:13:42+08:00	revenue/2026-07.csv	2836	market: twse→2836; 出表日期: 1150817→高雄銀; 資料年月: 11507→2026-07; 公司代號: 2836→twse; 公司名稱: 高雄銀→1150817; 產業別: 金融保險業→11507
2026-09-06T08:13:42+08:00	revenue/2026-07.csv	2838	market: twse→2838; 出表日期: 1150817→聯邦銀; 資料年月: 11507→2026-07; 公司代號: 2838→twse; 公司名稱: 聯邦銀→1150817; 產業別: 金融保險業→11507
2026-09-06T08:13:42+08:00	revenue/2026-07.csv	2845	market: twse→2845; 出表日期: 1150817→遠東銀; 資料年月: 11507→2026-07; 公司代號: 2845→twse; 公司名稱: 遠東銀→1150817; 產業別: 金融保險業→11507
2026-09-06T08:13:42+08:00	revenue/2026-07.csv	2849	market: twse→2849; 出表日期: 1150817→安泰銀; 資料年月: 11507→2026-07; 公司代號: 2849→twse; 公司名稱: 安泰銀→1150817; 產業別: 金融保險業→11507
2026-09-06T08:13:42+08:00	revenue/2026-07.csv	2851	market: twse→2851; 出表日期: 1150817→中再保; 資料年月: 11507→2026-07; 公司代號: 2851→twse; 公司名稱: 中再保→1150817; 產業別: 金融保險業→11507
2026-09-06T08:13:42+08:00	revenue/2026-07.csv	2852	market: twse→2852; 出表日期: 1150817→第一保; 資料年月: 11507→2026-07; 公司代號: 2852→twse; 公司名稱: 第一保→1150817; 產業別: 金融保險業→11507
2026-09-06T08:13:42+08:00	revenue/2026-07.csv	2855	market: twse→2855; 出表日期: 1150817→統一證; 資料年月: 11507→2026-07; 公司代號: 2855→twse; 公司名稱: 統一證→1150817; 產業別: 金融保險業→11507
2026-09-06T08:13:42+08:00	revenue/2026-07.csv	2867	market: twse→2867; 出表日期: 1150817→三商壽; 資料年月: 11507→2026-07; 公司代號: 2867→twse; 公司名稱: 三商壽→1150817; 產業別: 金融保險業→11507
2026-09-06T08:13:42+08:00	revenue/2026-07.csv	2880	market: twse→2880; 出表日期: 1150817→華南金; 資料年月: 11507→2026-07; 公司代號: 2880→twse; 公司名稱: 華南金→1150817; 產業別: 金融保險業→11507
2026-09-06T08:13:42+08:00	revenue/2026-07.csv	2881	market: twse→2881; 出表日期: 1150817→富邦金; 資料年月: 11507→2026-07; 公司代號: 2881→twse; 公司名稱: 富邦金→1150817; 產業別: 金融保險業→11507
2026-09-06T08:13:42+08:00	revenue/2026-07.csv	2882	market: twse→2882; 出表日期: 1150817→國泰金; 資料年月: 11507→2026-07; 公司代號: 2882→twse; 公司名稱: 國泰金→1150817; 產業別: 金融保險業→11507
2026-09-06T08:13:42+08:00	revenue/2026-07.csv	2884	market: twse→2884; 出表日期: 1150817→玉山金; 資料年月: 11507→2026-07; 公司代號: 2884→twse; 公司名稱: 玉山金→1150817; 產業別: 金融保險業→11507
2026-09-06T08:13:42+08:00	revenue/2026-07.csv	2885	market: twse→2885; 出表日期: 1150817→元大金; 資料年月: 11507→2026-07; 公司代號: 2885→twse; 公司名稱: 元大金→1150817; 產業別: 金融保險業→11507
2026-09-06T08:13:42+08:00	revenue/2026-07.csv	2886	market: twse→2886; 出表日期: 1150817→兆豐金; 資料年月: 11507→2026-07; 公司代號: 2886→twse; 公司名稱: 兆豐金→1150817; 產業別: 金融保險業→11507
2026-09-06T08:13:42+08:00	revenue/2026-07.csv	2887	market: twse→2887; 出表日期: 1150817→台新新光金; 資料年月: 11507→2026-07; 公司代號: 2887→twse; 公司名稱: 台新新光金→1150817; 產業別: 金融保險業→11507
2026-09-06T08:13:42+08:00	revenue/2026-07.csv	2889	market: twse→2889; 出表日期: 1150817→國票金; 資料年月: 11507→2026-07; 公司代號: 2889→twse; 公司名稱: 國票金→1150817; 產業別: 金融保險業→11507
2026-09-06T08:13:42+08:00	revenue/2026-07.csv	2890	market: twse→2890; 出表日期: 1150817→永豐金; 資料年月: 11507→2026-07; 公司代號: 2890→twse; 公司名稱: 永豐金→1150817; 產業別: 金融保險業→11507
2026-09-06T08:13:42+08:00	revenue/2026-07.csv	2891	market: twse→2891; 出表日期: 1150817→中信金; 資料年月: 11507→2026-07; 公司代號: 2891→twse; 公司名稱: 中信金→1150817; 產業別: 金融保險業→11507
2026-09-06T08:13:42+08:00	revenue/2026-07.csv	2892	market: twse→2892; 出表日期: 1150817→第一金; 資料年月: 11507→2026-07; 公司代號: 2892→twse; 公司名稱: 第一金→1150817; 產業別: 金融保險業→11507
2026-09-06T08:13:42+08:00	revenue/2026-07.csv	2897	market: twse→2897; 出表日期: 1150817→王道銀行; 資料年月: 11507→2026-07; 公司代號: 2897→twse; 公司名稱: 王道銀行→1150817; 產業別: 金融保險業→11507
2026-09-06T08:13:42+08:00	revenue/2026-07.csv	2901	market: twse→2901; 出表日期: 1150817→欣欣; 資料年月: 11507→2026-07; 公司代號: 2901→twse; 公司名稱: 欣欣→1150817; 產業別: 貿易百貨→11507
2026-09-06T08:13:42+08:00	revenue/2026-07.csv	2903	market: twse→2903; 出表日期: 1150817→遠百; 資料年月: 11507→2026-07; 公司代號: 2903→twse; 公司名稱: 遠百→1150817; 產業別: 貿易百貨→11507
2026-09-06T08:13:42+08:00	revenue/2026-07.csv	2904	market: twse→2904; 出表日期: 1150817→匯僑; 資料年月: 11507→2026-07; 公司代號: 2904→twse; 公司名稱: 匯僑→1150817; 產業別: 其他→11507
2026-09-06T08:13:42+08:00	revenue/2026-07.csv	2905	market: twse→2905; 出表日期: 1150817→三商; 資料年月: 11507→2026-07; 公司代號: 2905→twse; 公司名稱: 三商→1150817; 產業別: 貿易百貨→11507
2026-09-06T08:13:42+08:00	revenue/2026-07.csv	2906	market: twse→2906; 出表日期: 1150817→高林; 資料年月: 11507→2026-07; 公司代號: 2906→twse; 公司名稱: 高林→1150817; 產業別: 貿易百貨→11507
2026-09-06T08:13:42+08:00	revenue/2026-07.csv	2908	market: twse→2908; 出表日期: 1150817→特力; 資料年月: 11507→2026-07; 公司代號: 2908→twse; 公司名稱: 特力→1150817; 產業別: 貿易百貨→11507
2026-09-06T08:13:42+08:00	revenue/2026-07.csv	2910	market: twse→2910; 出表日期: 1150817→統領; 資料年月: 11507→2026-07; 公司代號: 2910→twse; 公司名稱: 統領→1150817; 產業別: 貿易百貨→11507
2026-09-06T08:13:42+08:00	revenue/2026-07.csv	2911	market: twse→2911; 出表日期: 1150817→麗嬰房; 資料年月: 11507→2026-07; 公司代號: 2911→twse; 公司名稱: 麗嬰房→1150817; 產業別: 貿易百貨→11507
2026-09-06T08:13:42+08:00	revenue/2026-07.csv	2912	market: twse→2912; 出表日期: 1150817→統一超; 資料年月: 11507→2026-07; 公司代號: 2912→twse; 公司名稱: 統一超→1150817; 產業別: 貿易百貨→11507
2026-09-06T08:13:42+08:00	revenue/2026-07.csv	2913	market: twse→2913; 出表日期: 1150817→農林; 資料年月: 11507→2026-07; 公司代號: 2913→twse; 公司名稱: 農林→1150817; 產業別: 貿易百貨→11507
2026-09-06T08:13:42+08:00	revenue/2026-07.csv	2915	market: twse→2915; 出表日期: 1150817→潤泰全; 資料年月: 11507→2026-07; 公司代號: 2915→twse; 公司名稱: 潤泰全→1150817; 產業別: 貿易百貨→11507
2026-09-06T08:13:42+08:00	revenue/2026-07.csv	2916	market: tpex→2916; 出表日期: 1150817→滿心; 資料年月: 11507→2026-07; 公司代號: 2916→tpex; 公司名稱: 滿心→1150817; 產業別: 居家生活→11507
2026-09-06T08:13:42+08:00	revenue/2026-07.csv	2923	market: twse→2923; 出表日期: 1150817→鼎固-KY; 資料年月: 11507→2026-07; 公司代號: 2923→twse; 公司名稱: 鼎固-KY→1150817; 產業別: 建材營造→11507
2026-09-06T08:13:42+08:00	revenue/2026-07.csv	2924	market: tpex→2924; 出表日期: 1150817→宏太-KY; 資料年月: 11507→2026-07; 公司代號: 2924→tpex; 公司名稱: 宏太-KY→1150817; 產業別: 居家生活→11507
2026-09-06T08:13:42+08:00	revenue/2026-07.csv	2926	market: tpex→2926; 出表日期: 1150817→誠品生活; 資料年月: 11507→2026-07; 公司代號: 2926→tpex; 公司名稱: 誠品生活→1150817; 產業別: 文化創意業→11507
2026-09-06T08:13:42+08:00	revenue/2026-07.csv	2929	market: twse→2929; 出表日期: 1150817→淘帝-KY; 資料年月: 11507→2026-07; 公司代號: 2929→twse; 公司名稱: 淘帝-KY→1150817; 產業別: 貿易百貨→11507
2026-09-06T08:13:42+08:00	revenue/2026-07.csv	2937	market: tpex→2937; 出表日期: 1150817→集雅社; 資料年月: 11507→2026-07; 公司代號: 2937→tpex; 公司名稱: 集雅社→1150817; 產業別: 居家生活→11507
2026-09-06T08:13:42+08:00	revenue/2026-07.csv	2939	market: twse→2939; 出表日期: 1150817→永邑-KY; 資料年月: 11507→2026-07; 公司代號: 2939→twse; 公司名稱: 永邑-KY→1150817; 產業別: 貿易百貨→11507
2026-09-06T08:13:42+08:00	revenue/2026-07.csv	2941	market: tpex→2941; 出表日期: 1150817→米斯特; 資料年月: 11507→2026-07; 公司代號: 2941→tpex; 公司名稱: 米斯特→1150817; 產業別: 居家生活→11507
2026-09-06T08:13:42+08:00	revenue/2026-07.csv	2945	market: twse→2945; 出表日期: 1150817→三商家購; 資料年月: 11507→2026-07; 公司代號: 2945→twse; 公司名稱: 三商家購→1150817; 產業別: 貿易百貨→11507
2026-09-06T08:13:42+08:00	revenue/2026-07.csv	2947	market: tpex→2947; 出表日期: 1150817→振宇五金; 資料年月: 11507→2026-07; 公司代號: 2947→tpex; 公司名稱: 振宇五金→1150817; 產業別: 居家生活→11507
2026-09-06T08:13:42+08:00	revenue/2026-07.csv	2948	market: tpex→2948; 出表日期: 1150817→寶陞; 資料年月: 11507→2026-07; 公司代號: 2948→tpex; 公司名稱: 寶陞→1150817; 產業別: 居家生活→11507
2026-09-06T08:13:42+08:00	revenue/2026-07.csv	2949	market: tpex→2949; 出表日期: 1150817→欣新網; 資料年月: 11507→2026-07; 公司代號: 2949→tpex; 公司名稱: 欣新網→1150817; 產業別: 數位雲端→11507
2026-09-06T08:13:42+08:00	revenue/2026-07.csv	3002	market: twse→3002; 出表日期: 1150817→歐格; 資料年月: 11507→2026-07; 公司代號: 3002→twse; 公司名稱: 歐格→1150817; 產業別: 電腦及週邊設備業→11507
2026-09-06T08:13:42+08:00	revenue/2026-07.csv	3003	market: twse→3003; 出表日期: 1150817→健和興; 資料年月: 11507→2026-07; 公司代號: 3003→twse; 公司名稱: 健和興→1150817; 產業別: 電子零組件業→11507
2026-09-06T08:13:42+08:00	revenue/2026-07.csv	3004	market: twse→3004; 出表日期: 1150817→豐達科; 資料年月: 11507→2026-07; 公司代號: 3004→twse; 公司名稱: 豐達科→1150817; 產業別: 鋼鐵工業→11507
2026-09-06T08:13:42+08:00	revenue/2026-07.csv	3005	market: twse→3005; 出表日期: 1150817→神基; 資料年月: 11507→2026-07; 公司代號: 3005→twse; 公司名稱: 神基→1150817; 產業別: 電腦及週邊設備業→11507
2026-09-06T08:13:42+08:00	revenue/2026-07.csv	3006	market: twse→3006; 出表日期: 1150817→晶豪科; 資料年月: 11507→2026-07; 公司代號: 3006→twse; 公司名稱: 晶豪科→1150817; 產業別: 半導體業→11507
2026-09-06T08:13:42+08:00	revenue/2026-07.csv	3008	market: twse→3008; 出表日期: 1150817→大立光; 資料年月: 11507→2026-07; 公司代號: 3008→twse; 公司名稱: 大立光→1150817; 產業別: 光電業→11507
2026-09-06T08:13:42+08:00	revenue/2026-07.csv	3010	market: twse→3010; 出表日期: 1150817→華立; 資料年月: 11507→2026-07; 公司代號: 3010→twse; 公司名稱: 華立→1150817; 產業別: 電子通路業→11507
2026-09-06T08:13:42+08:00	revenue/2026-07.csv	3011	market: twse→3011; 出表日期: 1150817→今皓; 資料年月: 11507→2026-07; 公司代號: 3011→twse; 公司名稱: 今皓→1150817; 產業別: 電子零組件業→11507
2026-09-06T08:13:42+08:00	revenue/2026-07.csv	3013	market: twse→3013; 出表日期: 1150817→晟銘電; 資料年月: 11507→2026-07; 公司代號: 3013→twse; 公司名稱: 晟銘電→1150817; 產業別: 電腦及週邊設備業→11507
2026-09-06T08:13:42+08:00	revenue/2026-07.csv	3014	market: twse→3014; 出表日期: 1150817→聯陽; 資料年月: 11507→2026-07; 公司代號: 3014→twse; 公司名稱: 聯陽→1150817; 產業別: 半導體業→11507
2026-09-06T08:13:42+08:00	revenue/2026-07.csv	3015	market: twse→3015; 出表日期: 1150817→全漢; 資料年月: 11507→2026-07; 公司代號: 3015→twse; 公司名稱: 全漢→1150817; 產業別: 電子零組件業→11507
2026-09-06T08:13:42+08:00	revenue/2026-07.csv	3016	market: twse→3016; 出表日期: 1150817→嘉晶; 資料年月: 11507→2026-07; 公司代號: 3016→twse; 公司名稱: 嘉晶→1150817; 產業別: 半導體業→11507
2026-09-06T08:13:42+08:00	revenue/2026-07.csv	3017	market: twse→3017; 出表日期: 1150817→奇鋐; 資料年月: 11507→2026-07; 公司代號: 3017→twse; 公司名稱: 奇鋐→1150817; 產業別: 電腦及週邊設備業→11507
2026-09-06T08:13:42+08:00	revenue/2026-07.csv	3018	market: twse→3018; 出表日期: 1150817→隆銘綠能; 資料年月: 11507→2026-07; 公司代號: 3018→twse; 公司名稱: 隆銘綠能→1150817; 產業別: 其他電子業→11507
2026-09-06T08:13:42+08:00	revenue/2026-07.csv	3019	market: twse→3019; 出表日期: 1150817→亞光; 資料年月: 11507→2026-07; 公司代號: 3019→twse; 公司名稱: 亞光→1150817; 產業別: 光電業→11507
2026-09-06T08:13:42+08:00	revenue/2026-07.csv	3021	market: twse→3021; 出表日期: 1150817→鴻名; 資料年月: 11507→2026-07; 公司代號: 3021→twse; 公司名稱: 鴻名→1150817; 產業別: 電子零組件業→11507
2026-09-06T08:13:42+08:00	revenue/2026-07.csv	3022	market: twse→3022; 出表日期: 1150817→威強電; 資料年月: 11507→2026-07; 公司代號: 3022→twse; 公司名稱: 威強電→1150817; 產業別: 電腦及週邊設備業→11507
2026-09-06T08:13:42+08:00	revenue/2026-07.csv	3023	market: twse→3023; 出表日期: 1150817→信邦; 資料年月: 11507→2026-07; 公司代號: 3023→twse; 公司名稱: 信邦→1150817; 產業別: 電子零組件業→11507
2026-09-06T08:13:42+08:00	revenue/2026-07.csv	3024	market: twse→3024; 出表日期: 1150817→憶聲; 資料年月: 11507→2026-07; 公司代號: 3024→twse; 公司名稱: 憶聲→1150817; 產業別: 光電業→11507
2026-09-06T08:13:42+08:00	revenue/2026-07.csv	3025	market: twse→3025; 出表日期: 1150817→星通; 資料年月: 11507→2026-07; 公司代號: 3025→twse; 公司名稱: 星通→1150817; 產業別: 通信網路業→11507
2026-09-06T08:13:42+08:00	revenue/2026-07.csv	3026	market: twse→3026; 出表日期: 1150817→禾伸堂; 資料年月: 11507→2026-07; 公司代號: 3026→twse; 公司名稱: 禾伸堂→1150817; 產業別: 電子零組件業→11507
2026-09-06T08:13:42+08:00	revenue/2026-07.csv	3027	market: twse→3027; 出表日期: 1150817→盛達; 資料年月: 11507→2026-07; 公司代號: 3027→twse; 公司名稱: 盛達→1150817; 產業別: 通信網路業→11507
2026-09-06T08:13:42+08:00	revenue/2026-07.csv	3028	market: twse→3028; 出表日期: 1150817→增你強; 資料年月: 11507→2026-07; 公司代號: 3028→twse; 公司名稱: 增你強→1150817; 產業別: 電子通路業→11507
2026-09-06T08:13:42+08:00	revenue/2026-07.csv	3029	market: twse→3029; 出表日期: 1150817→零壹; 資料年月: 11507→2026-07; 公司代號: 3029→twse; 公司名稱: 零壹→1150817; 產業別: 資訊服務業→11507
2026-09-06T08:13:42+08:00	revenue/2026-07.csv	3030	market: twse→3030; 出表日期: 1150817→德律; 資料年月: 11507→2026-07; 公司代號: 3030→twse; 公司名稱: 德律→1150817; 產業別: 其他電子業→11507
2026-09-06T08:13:42+08:00	revenue/2026-07.csv	3031	market: twse→3031; 出表日期: 1150817→佰鴻; 資料年月: 11507→2026-07; 公司代號: 3031→twse; 公司名稱: 佰鴻→1150817; 產業別: 光電業→11507
2026-09-06T08:13:42+08:00	revenue/2026-07.csv	3032	market: twse→3032; 出表日期: 1150817→偉訓; 資料年月: 11507→2026-07; 公司代號: 3032→twse; 公司名稱: 偉訓→1150817; 產業別: 電子零組件業→11507
2026-09-06T08:13:42+08:00	revenue/2026-07.csv	3033	market: twse→3033; 出表日期: 1150817→威健; 資料年月: 11507→2026-07; 公司代號: 3033→twse; 公司名稱: 威健→1150817; 產業別: 電子通路業→11507
2026-09-06T08:13:42+08:00	revenue/2026-07.csv	3034	market: twse→3034; 出表日期: 1150817→聯詠; 資料年月: 11507→2026-07; 公司代號: 3034→twse; 公司名稱: 聯詠→1150817; 產業別: 半導體業→11507
2026-09-06T08:13:42+08:00	revenue/2026-07.csv	3035	market: twse→3035; 出表日期: 1150817→智原; 資料年月: 11507→2026-07; 公司代號: 3035→twse; 公司名稱: 智原→1150817; 產業別: 半導體業→11507
2026-09-06T08:13:42+08:00	revenue/2026-07.csv	3036	market: twse→3036; 出表日期: 1150817→文曄; 資料年月: 11507→2026-07; 公司代號: 3036→twse; 公司名稱: 文曄→1150817; 產業別: 電子通路業→11507
2026-09-06T08:13:42+08:00	revenue/2026-07.csv	3037	market: twse→3037; 出表日期: 1150817→欣興; 資料年月: 11507→2026-07; 公司代號: 3037→twse; 公司名稱: 欣興→1150817; 產業別: 電子零組件業→11507
2026-09-06T08:13:42+08:00	revenue/2026-07.csv	3038	market: twse→3038; 出表日期: 1150817→全台; 資料年月: 11507→2026-07; 公司代號: 3038→twse; 公司名稱: 全台→1150817; 產業別: 光電業→11507
2026-09-06T08:13:42+08:00	revenue/2026-07.csv	3040	market: twse→3040; 出表日期: 1150817→遠見; 資料年月: 11507→2026-07; 公司代號: 3040→twse; 公司名稱: 遠見→1150817; 產業別: 其他→11507
2026-09-06T08:13:42+08:00	revenue/2026-07.csv	3041	market: twse→3041; 出表日期: 1150817→揚智; 資料年月: 11507→2026-07; 公司代號: 3041→twse; 公司名稱: 揚智→1150817; 產業別: 半導體業→11507
2026-09-06T08:13:42+08:00	revenue/2026-07.csv	3042	market: twse→3042; 出表日期: 1150817→晶技; 資料年月: 11507→2026-07; 公司代號: 3042→twse; 公司名稱: 晶技→1150817; 產業別: 電子零組件業→11507
2026-09-06T08:13:42+08:00	revenue/2026-07.csv	3043	market: twse→3043; 出表日期: 1150817→科風; 資料年月: 11507→2026-07; 公司代號: 3043→twse; 公司名稱: 科風→1150817; 產業別: 其他電子業→11507
2026-09-06T08:13:42+08:00	revenue/2026-07.csv	3044	market: twse→3044; 出表日期: 1150817→健鼎; 資料年月: 11507→2026-07; 公司代號: 3044→twse; 公司名稱: 健鼎→1150817; 產業別: 電子零組件業→11507
2026-09-06T08:13:42+08:00	revenue/2026-07.csv	3045	market: twse→3045; 出表日期: 1150817→台灣大; 資料年月: 11507→2026-07; 公司代號: 3045→twse; 公司名稱: 台灣大→1150817; 產業別: 通信網路業→11507
2026-09-06T08:13:42+08:00	revenue/2026-07.csv	3046	market: twse→3046; 出表日期: 1150817→建碁; 資料年月: 11507→2026-07; 公司代號: 3046→twse; 公司名稱: 建碁→1150817; 產業別: 電腦及週邊設備業→11507
2026-09-06T08:13:42+08:00	revenue/2026-07.csv	3047	market: twse→3047; 出表日期: 1150817→訊舟; 資料年月: 11507→2026-07; 公司代號: 3047→twse; 公司名稱: 訊舟→1150817; 產業別: 通信網路業→11507
2026-09-06T08:13:42+08:00	revenue/2026-07.csv	3048	market: twse→3048; 出表日期: 1150817→益登; 資料年月: 11507→2026-07; 公司代號: 3048→twse; 公司名稱: 益登→1150817; 產業別: 電子通路業→11507
2026-09-06T08:13:42+08:00	revenue/2026-07.csv	3049	market: twse→3049; 出表日期: 1150817→精金; 資料年月: 11507→2026-07; 公司代號: 3049→twse; 公司名稱: 精金→1150817; 產業別: 光電業→11507
2026-09-06T08:13:42+08:00	revenue/2026-07.csv	3050	market: twse→3050; 出表日期: 1150817→鈺德; 資料年月: 11507→2026-07; 公司代號: 3050→twse; 公司名稱: 鈺德→1150817; 產業別: 光電業→11507
2026-09-06T08:13:42+08:00	revenue/2026-07.csv	3051	market: twse→3051; 出表日期: 1150817→力特; 資料年月: 11507→2026-07; 公司代號: 3051→twse; 公司名稱: 力特→1150817; 產業別: 光電業→11507
2026-09-06T08:13:42+08:00	revenue/2026-07.csv	3052	market: twse→3052; 出表日期: 1150817→夆典; 資料年月: 11507→2026-07; 公司代號: 3052→twse; 公司名稱: 夆典→1150817; 產業別: 建材營造→11507
2026-09-06T08:13:42+08:00	revenue/2026-07.csv	3054	market: twse→3054; 出表日期: 1150817→立萬利; 資料年月: 11507→2026-07; 公司代號: 3054→twse; 公司名稱: 立萬利→1150817; 產業別: 食品工業→11507
2026-09-06T08:13:42+08:00	revenue/2026-07.csv	3055	market: twse→3055; 出表日期: 1150817→蔚華科; 資料年月: 11507→2026-07; 公司代號: 3055→twse; 公司名稱: 蔚華科→1150817; 產業別: 電子通路業→11507
2026-09-06T08:13:42+08:00	revenue/2026-07.csv	3056	market: twse→3056; 出表日期: 1150817→富華新; 資料年月: 11507→2026-07; 公司代號: 3056→twse; 公司名稱: 富華新→1150817; 產業別: 建材營造→11507
2026-09-06T08:13:42+08:00	revenue/2026-07.csv	3057	market: twse→3057; 出表日期: 1150817→喬鼎; 資料年月: 11507→2026-07; 公司代號: 3057→twse; 公司名稱: 喬鼎→1150817; 產業別: 電腦及週邊設備業→11507
2026-09-06T08:13:42+08:00	revenue/2026-07.csv	3058	market: twse→3058; 出表日期: 1150817→立德; 資料年月: 11507→2026-07; 公司代號: 3058→twse; 公司名稱: 立德→1150817; 產業別: 電子零組件業→11507
2026-09-06T08:13:42+08:00	revenue/2026-07.csv	3059	market: twse→3059; 出表日期: 1150817→華晶科; 資料年月: 11507→2026-07; 公司代號: 3059→twse; 公司名稱: 華晶科→1150817; 產業別: 光電業→11507
2026-09-06T08:13:42+08:00	revenue/2026-07.csv	3060	market: twse→3060; 出表日期: 1150817→銘異; 資料年月: 11507→2026-07; 公司代號: 3060→twse; 公司名稱: 銘異→1150817; 產業別: 電腦及週邊設備業→11507
2026-09-06T08:13:42+08:00	revenue/2026-07.csv	3062	market: twse→3062; 出表日期: 1150817→建漢; 資料年月: 11507→2026-07; 公司代號: 3062→twse; 公司名稱: 建漢→1150817; 產業別: 通信網路業→11507
2026-09-06T08:13:42+08:00	revenue/2026-07.csv	3064	market: tpex→3064; 出表日期: 1150817→泰偉; 資料年月: 11507→2026-07; 公司代號: 3064→tpex; 公司名稱: 泰偉→1150817; 產業別: 文化創意業→11507
2026-09-06T08:13:42+08:00	revenue/2026-07.csv	3066	market: tpex→3066; 出表日期: 1150817→李洲; 資料年月: 11507→2026-07; 公司代號: 3066→tpex; 公司名稱: 李洲→1150817; 產業別: 光電業→11507
2026-09-06T08:13:42+08:00	revenue/2026-07.csv	3067	market: tpex→3067; 出表日期: 1150817→全域; 資料年月: 11507→2026-07; 公司代號: 3067→tpex; 公司名稱: 全域→1150817; 產業別: 居家生活→11507
2026-09-06T08:13:42+08:00	revenue/2026-07.csv	3071	market: tpex→3071; 出表日期: 1150817→協禧; 資料年月: 11507→2026-07; 公司代號: 3071→tpex; 公司名稱: 協禧→1150817; 產業別: 電腦及週邊設備業→11507
2026-09-06T08:13:42+08:00	revenue/2026-07.csv	3073	market: tpex→3073; 出表日期: 1150817→天方能源; 資料年月: 11507→2026-07; 公司代號: 3073→tpex; 公司名稱: 天方能源→1150817; 產業別: 綠能環保→11507
2026-09-06T08:13:42+08:00	revenue/2026-07.csv	3078	market: tpex→3078; 出表日期: 1150817→僑威; 資料年月: 11507→2026-07; 公司代號: 3078→tpex; 公司名稱: 僑威→1150817; 產業別: 電子零組件業→11507
2026-09-06T08:13:42+08:00	revenue/2026-07.csv	3081	market: tpex→3081; 出表日期: 1150817→聯亞; 資料年月: 11507→2026-07; 公司代號: 3081→tpex; 公司名稱: 聯亞→1150817; 產業別: 通信網路業→11507
2026-09-06T08:13:42+08:00	revenue/2026-07.csv	3083	market: tpex→3083; 出表日期: 1150817→網龍; 資料年月: 11507→2026-07; 公司代號: 3083→tpex; 公司名稱: 網龍→1150817; 產業別: 文化創意業→11507
2026-09-06T08:13:42+08:00	revenue/2026-07.csv	3085	market: tpex→3085; 出表日期: 1150817→新零售; 資料年月: 11507→2026-07; 公司代號: 3085→tpex; 公司名稱: 新零售→1150817; 產業別: 數位雲端→11507
2026-09-06T08:13:42+08:00	revenue/2026-07.csv	3086	market: tpex→3086; 出表日期: 1150817→華義*; 資料年月: 11507→2026-07; 公司代號: 3086→tpex; 公司名稱: 華義*→1150817; 產業別: 文化創意業→11507
2026-09-06T08:13:42+08:00	revenue/2026-07.csv	3088	market: tpex→3088; 出表日期: 1150817→艾訊; 資料年月: 11507→2026-07; 公司代號: 3088→tpex; 公司名稱: 艾訊→1150817; 產業別: 電腦及週邊設備業→11507
2026-09-06T08:13:42+08:00	revenue/2026-07.csv	3090	market: twse→3090; 出表日期: 1150817→日電貿; 資料年月: 11507→2026-07; 公司代號: 3090→twse; 公司名稱: 日電貿→1150817; 產業別: 電子零組件業→11507
2026-09-06T08:13:42+08:00	revenue/2026-07.csv	3092	market: twse→3092; 出表日期: 1150817→鴻碩; 資料年月: 11507→2026-07; 公司代號: 3092→twse; 公司名稱: 鴻碩→1150817; 產業別: 電子零組件業→11507
2026-09-06T08:13:42+08:00	revenue/2026-07.csv	3093	market: tpex→3093; 出表日期: 1150817→港建*; 資料年月: 11507→2026-07; 公司代號: 3093→tpex; 公司名稱: 港建*→1150817; 產業別: 其他電子業→11507
2026-09-06T08:13:42+08:00	revenue/2026-07.csv	3094	market: twse→3094; 出表日期: 1150817→聯傑; 資料年月: 11507→2026-07; 公司代號: 3094→twse; 公司名稱: 聯傑→1150817; 產業別: 半導體業→11507
2026-09-06T08:13:42+08:00	revenue/2026-07.csv	3095	market: tpex→3095; 出表日期: 1150817→及成; 資料年月: 11507→2026-07; 公司代號: 3095→tpex; 公司名稱: 及成→1150817; 產業別: 通信網路業→11507
2026-09-06T08:13:42+08:00	revenue/2026-07.csv	3105	market: tpex→3105; 出表日期: 1150817→穩懋; 資料年月: 11507→2026-07; 公司代號: 3105→tpex; 公司名稱: 穩懋→1150817; 產業別: 半導體業→11507
2026-09-06T08:13:42+08:00	revenue/2026-07.csv	3114	market: tpex→3114; 出表日期: 1150817→好德; 資料年月: 11507→2026-07; 公司代號: 3114→tpex; 公司名稱: 好德→1150817; 產業別: 電子零組件業→11507
2026-09-06T08:13:42+08:00	revenue/2026-07.csv	3115	market: tpex→3115; 出表日期: 1150817→富榮綱; 資料年月: 11507→2026-07; 公司代號: 3115→tpex; 公司名稱: 富榮綱→1150817; 產業別: 電子零組件業→11507
2026-09-06T08:13:42+08:00	revenue/2026-07.csv	3118	market: tpex→3118; 出表日期: 1150817→進階; 資料年月: 11507→2026-07; 公司代號: 3118→tpex; 公司名稱: 進階→1150817; 產業別: 生技醫療業→11507
2026-09-06T08:13:42+08:00	revenue/2026-07.csv	3122	market: tpex→3122; 出表日期: 1150817→笙泉; 資料年月: 11507→2026-07; 公司代號: 3122→tpex; 公司名稱: 笙泉→1150817; 產業別: 半導體業→11507
2026-09-06T08:13:42+08:00	revenue/2026-07.csv	3128	market: tpex→3128; 出表日期: 1150817→昇銳; 資料年月: 11507→2026-07; 公司代號: 3128→tpex; 公司名稱: 昇銳→1150817; 產業別: 光電業→11507
2026-09-06T08:13:42+08:00	revenue/2026-07.csv	3130	market: twse→3130; 出表日期: 1150817→一零四; 資料年月: 11507→2026-07; 公司代號: 3130→twse; 公司名稱: 一零四→1150817; 產業別: 數位雲端→11507
2026-09-06T08:13:42+08:00	revenue/2026-07.csv	3131	market: tpex→3131; 出表日期: 1150817→弘塑; 資料年月: 11507→2026-07; 公司代號: 3131→tpex; 公司名稱: 弘塑→1150817; 產業別: 半導體業→11507
2026-09-06T08:13:42+08:00	revenue/2026-07.csv	3135	market: twse→3135; 出表日期: 1150817→凌航; 資料年月: 11507→2026-07; 公司代號: 3135→twse; 公司名稱: 凌航→1150817; 產業別: 半導體業→11507
2026-09-06T08:13:42+08:00	revenue/2026-07.csv	3138	market: twse→3138; 出表日期: 1150817→耀登; 資料年月: 11507→2026-07; 公司代號: 3138→twse; 公司名稱: 耀登→1150817; 產業別: 通信網路業→11507
2026-09-06T08:13:42+08:00	revenue/2026-07.csv	3141	market: tpex→3141; 出表日期: 1150817→晶宏; 資料年月: 11507→2026-07; 公司代號: 3141→tpex; 公司名稱: 晶宏→1150817; 產業別: 半導體業→11507
2026-09-06T08:13:42+08:00	revenue/2026-07.csv	3147	market: tpex→3147; 出表日期: 1150817→大綜; 資料年月: 11507→2026-07; 公司代號: 3147→tpex; 公司名稱: 大綜→1150817; 產業別: 資訊服務業→11507
2026-09-06T08:13:42+08:00	revenue/2026-07.csv	3149	market: twse→3149; 出表日期: 1150817→正達; 資料年月: 11507→2026-07; 公司代號: 3149→twse; 公司名稱: 正達→1150817; 產業別: 光電業→11507
2026-09-06T08:13:42+08:00	revenue/2026-07.csv	3150	market: twse→3150; 出表日期: 1150817→鈺寶-創; 資料年月: 11507→2026-07; 公司代號: 3150→twse; 公司名稱: 鈺寶-創→1150817; 產業別: 半導體業→11507
2026-09-06T08:13:42+08:00	revenue/2026-07.csv	3152	market: tpex→3152; 出表日期: 1150817→璟德; 資料年月: 11507→2026-07; 公司代號: 3152→tpex; 公司名稱: 璟德→1150817; 產業別: 通信網路業→11507
2026-09-06T08:13:42+08:00	revenue/2026-07.csv	3158	market: tpex→3158; 出表日期: 1150817→嘉實; 資料年月: 11507→2026-07; 公司代號: 3158→tpex; 公司名稱: 嘉實→1150817; 產業別: 資訊服務業→11507
2026-09-06T08:13:42+08:00	revenue/2026-07.csv	3162	market: tpex→3162; 出表日期: 1150817→精確; 資料年月: 11507→2026-07; 公司代號: 3162→tpex; 公司名稱: 精確→1150817; 產業別: 電機機械→11507
2026-09-06T08:13:42+08:00	revenue/2026-07.csv	3163	market: tpex→3163; 出表日期: 1150817→波若威; 資料年月: 11507→2026-07; 公司代號: 3163→tpex; 公司名稱: 波若威→1150817; 產業別: 通信網路業→11507
2026-09-06T08:13:42+08:00	revenue/2026-07.csv	3164	market: twse→3164; 出表日期: 1150817→景岳; 資料年月: 11507→2026-07; 公司代號: 3164→twse; 公司名稱: 景岳→1150817; 產業別: 生技醫療業→11507
2026-09-06T08:13:42+08:00	revenue/2026-07.csv	3167	market: twse→3167; 出表日期: 1150817→大量; 資料年月: 11507→2026-07; 公司代號: 3167→twse; 公司名稱: 大量→1150817; 產業別: 電機機械→11507
2026-09-06T08:13:42+08:00	revenue/2026-07.csv	3168	market: twse→3168; 出表日期: 1150817→眾福科; 資料年月: 11507→2026-07; 公司代號: 3168→twse; 公司名稱: 眾福科→1150817; 產業別: 光電業→11507
2026-09-06T08:13:42+08:00	revenue/2026-07.csv	3169	market: tpex→3169; 出表日期: 1150817→亞信; 資料年月: 11507→2026-07; 公司代號: 3169→tpex; 公司名稱: 亞信→1150817; 產業別: 半導體業→11507
2026-09-06T08:13:42+08:00	revenue/2026-07.csv	3171	market: tpex→3171; 出表日期: 1150817→炎洲流通; 資料年月: 11507→2026-07; 公司代號: 3171→tpex; 公司名稱: 炎洲流通→1150817; 產業別: 居家生活→11507
2026-09-06T08:13:42+08:00	revenue/2026-07.csv	3176	market: tpex→3176; 出表日期: 1150817→基亞; 資料年月: 11507→2026-07; 公司代號: 3176→tpex; 公司名稱: 基亞→1150817; 產業別: 生技醫療業→11507
2026-09-06T08:13:42+08:00	revenue/2026-07.csv	3178	market: tpex→3178; 出表日期: 1150817→公準; 資料年月: 11507→2026-07; 公司代號: 3178→tpex; 公司名稱: 公準→1150817; 產業別: 半導體業→11507
2026-09-06T08:13:42+08:00	revenue/2026-07.csv	3188	market: tpex→3188; 出表日期: 1150817→鑫龍騰; 資料年月: 11507→2026-07; 公司代號: 3188→tpex; 公司名稱: 鑫龍騰→1150817; 產業別: 建材營造→11507
2026-09-06T08:13:42+08:00	revenue/2026-07.csv	3189	market: twse→3189; 出表日期: 1150817→景碩; 資料年月: 11507→2026-07; 公司代號: 3189→twse; 公司名稱: 景碩→1150817; 產業別: 半導體業→11507
2026-09-06T08:13:42+08:00	revenue/2026-07.csv	3191	market: tpex→3191; 出表日期: 1150817→雲嘉南; 資料年月: 11507→2026-07; 公司代號: 3191→tpex; 公司名稱: 雲嘉南→1150817; 產業別: 電子零組件業→11507
2026-09-06T08:13:42+08:00	revenue/2026-07.csv	3205	market: tpex→3205; 出表日期: 1150817→佰研; 資料年月: 11507→2026-07; 公司代號: 3205→tpex; 公司名稱: 佰研→1150817; 產業別: 生技醫療業→11507
2026-09-06T08:13:42+08:00	revenue/2026-07.csv	3206	market: tpex→3206; 出表日期: 1150817→志豐; 資料年月: 11507→2026-07; 公司代號: 3206→tpex; 公司名稱: 志豐→1150817; 產業別: 電子零組件業→11507
2026-09-06T08:13:42+08:00	revenue/2026-07.csv	3207	market: tpex→3207; 出表日期: 1150817→耀勝; 資料年月: 11507→2026-07; 公司代號: 3207→tpex; 公司名稱: 耀勝→1150817; 產業別: 電子零組件業→11507
2026-09-06T08:13:42+08:00	revenue/2026-07.csv	3209	market: twse→3209; 出表日期: 1150817→全科; 資料年月: 11507→2026-07; 公司代號: 3209→twse; 公司名稱: 全科→1150817; 產業別: 電子通路業→11507
2026-09-06T08:13:42+08:00	revenue/2026-07.csv	3211	market: tpex→3211; 出表日期: 1150817→順達; 資料年月: 11507→2026-07; 公司代號: 3211→tpex; 公司名稱: 順達→1150817; 產業別: 電腦及週邊設備業→11507
2026-09-06T08:13:42+08:00	revenue/2026-07.csv	3213	market: tpex→3213; 出表日期: 1150817→茂訊; 資料年月: 11507→2026-07; 公司代號: 3213→tpex; 公司名稱: 茂訊→1150817; 產業別: 電腦及週邊設備業→11507
2026-09-06T08:13:42+08:00	revenue/2026-07.csv	3217	market: tpex→3217; 出表日期: 1150817→優群; 資料年月: 11507→2026-07; 公司代號: 3217→tpex; 公司名稱: 優群→1150817; 產業別: 電子零組件業→11507
2026-09-06T08:13:42+08:00	revenue/2026-07.csv	3218	market: tpex→3218; 出表日期: 1150817→大學光; 資料年月: 11507→2026-07; 公司代號: 3218→tpex; 公司名稱: 大學光→1150817; 產業別: 生技醫療業→11507
2026-09-06T08:13:42+08:00	revenue/2026-07.csv	3219	market: tpex→3219; 出表日期: 1150817→倚強科; 資料年月: 11507→2026-07; 公司代號: 3219→tpex; 公司名稱: 倚強科→1150817; 產業別: 其他電子業→11507
2026-09-06T08:13:42+08:00	revenue/2026-07.csv	3221	market: tpex→3221; 出表日期: 1150817→台嘉碩; 資料年月: 11507→2026-07; 公司代號: 3221→tpex; 公司名稱: 台嘉碩→1150817; 產業別: 通信網路業→11507
2026-09-06T08:13:42+08:00	revenue/2026-07.csv	3224	market: tpex→3224; 出表日期: 1150817→三顧; 資料年月: 11507→2026-07; 公司代號: 3224→tpex; 公司名稱: 三顧→1150817; 產業別: 電子通路業→11507
2026-09-06T08:13:42+08:00	revenue/2026-07.csv	3226	market: tpex→3226; 出表日期: 1150817→龍鋒; 資料年月: 11507→2026-07; 公司代號: 3226→tpex; 公司名稱: 龍鋒→1150817; 產業別: 電機機械→11507
2026-09-06T08:13:42+08:00	revenue/2026-07.csv	3227	market: tpex→3227; 出表日期: 1150817→原相; 資料年月: 11507→2026-07; 公司代號: 3227→tpex; 公司名稱: 原相→1150817; 產業別: 半導體業→11507
2026-09-06T08:13:42+08:00	revenue/2026-07.csv	3228	market: tpex→3228; 出表日期: 1150817→金麗科; 資料年月: 11507→2026-07; 公司代號: 3228→tpex; 公司名稱: 金麗科→1150817; 產業別: 半導體業→11507
2026-09-06T08:13:42+08:00	revenue/2026-07.csv	3229	market: twse→3229; 出表日期: 1150817→晟鈦; 資料年月: 11507→2026-07; 公司代號: 3229→twse; 公司名稱: 晟鈦→1150817; 產業別: 電子零組件業→11507
2026-09-06T08:13:42+08:00	revenue/2026-07.csv	3230	market: tpex→3230; 出表日期: 1150817→錦明; 資料年月: 11507→2026-07; 公司代號: 3230→tpex; 公司名稱: 錦明→1150817; 產業別: 光電業→11507
2026-09-06T08:13:42+08:00	revenue/2026-07.csv	3231	market: twse→3231; 出表日期: 1150817→緯創; 資料年月: 11507→2026-07; 公司代號: 3231→twse; 公司名稱: 緯創→1150817; 產業別: 電腦及週邊設備業→11507
2026-09-06T08:13:42+08:00	revenue/2026-07.csv	3232	market: tpex→3232; 出表日期: 1150817→昱捷; 資料年月: 11507→2026-07; 公司代號: 3232→tpex; 公司名稱: 昱捷→1150817; 產業別: 電子通路業→11507
2026-09-06T08:13:42+08:00	revenue/2026-07.csv	3234	market: tpex→3234; 出表日期: 1150817→光環; 資料年月: 11507→2026-07; 公司代號: 3234→tpex; 公司名稱: 光環→1150817; 產業別: 通信網路業→11507
2026-09-06T08:13:42+08:00	revenue/2026-07.csv	3236	market: tpex→3236; 出表日期: 1150817→千如; 資料年月: 11507→2026-07; 公司代號: 3236→tpex; 公司名稱: 千如→1150817; 產業別: 電子零組件業→11507
2026-09-06T08:13:42+08:00	revenue/2026-07.csv	3252	market: tpex→3252; 出表日期: 1150817→海灣; 資料年月: 11507→2026-07; 公司代號: 3252→tpex; 公司名稱: 海灣→1150817; 產業別: 觀光餐旅→11507
2026-09-06T08:13:42+08:00	revenue/2026-07.csv	3257	market: twse→3257; 出表日期: 1150817→虹冠電; 資料年月: 11507→2026-07; 公司代號: 3257→twse; 公司名稱: 虹冠電→1150817; 產業別: 半導體業→11507
2026-09-06T08:13:42+08:00	revenue/2026-07.csv	3259	market: tpex→3259; 出表日期: 1150817→鑫創; 資料年月: 11507→2026-07; 公司代號: 3259→tpex; 公司名稱: 鑫創→1150817; 產業別: 半導體業→11507
2026-09-06T08:13:42+08:00	revenue/2026-07.csv	3260	market: tpex→3260; 出表日期: 1150817→威剛; 資料年月: 11507→2026-07; 公司代號: 3260→tpex; 公司名稱: 威剛→1150817; 產業別: 半導體業→11507
2026-09-06T08:13:42+08:00	revenue/2026-07.csv	3264	market: tpex→3264; 出表日期: 1150817→欣銓; 資料年月: 11507→2026-07; 公司代號: 3264→tpex; 公司名稱: 欣銓→1150817; 產業別: 半導體業→11507
2026-09-06T08:13:42+08:00	revenue/2026-07.csv	3265	market: tpex→3265; 出表日期: 1150817→台星科; 資料年月: 11507→2026-07; 公司代號: 3265→tpex; 公司名稱: 台星科→1150817; 產業別: 半導體業→11507
2026-09-06T08:13:42+08:00	revenue/2026-07.csv	3266	market: twse→3266; 出表日期: 1150817→昇陽; 資料年月: 11507→2026-07; 公司代號: 3266→twse; 公司名稱: 昇陽→1150817; 產業別: 建材營造→11507
2026-09-06T08:13:42+08:00	revenue/2026-07.csv	3268	market: tpex→3268; 出表日期: 1150817→海德威; 資料年月: 11507→2026-07; 公司代號: 3268→tpex; 公司名稱: 海德威→1150817; 產業別: 半導體業→11507
2026-09-06T08:13:42+08:00	revenue/2026-07.csv	3272	market: tpex→3272; 出表日期: 1150817→東碩; 資料年月: 11507→2026-07; 公司代號: 3272→tpex; 公司名稱: 東碩→1150817; 產業別: 電腦及週邊設備業→11507
2026-09-06T08:13:42+08:00	revenue/2026-07.csv	3276	market: tpex→3276; 出表日期: 1150817→宇環; 資料年月: 11507→2026-07; 公司代號: 3276→tpex; 公司名稱: 宇環→1150817; 產業別: 電子零組件業→11507
2026-09-06T08:13:42+08:00	revenue/2026-07.csv	3284	market: tpex→3284; 出表日期: 1150817→太普高; 資料年月: 11507→2026-07; 公司代號: 3284→tpex; 公司名稱: 太普高→1150817; 產業別: 其他→11507
2026-09-06T08:13:42+08:00	revenue/2026-07.csv	3285	market: tpex→3285; 出表日期: 1150817→微端; 資料年月: 11507→2026-07; 公司代號: 3285→tpex; 公司名稱: 微端→1150817; 產業別: 其他電子業→11507
2026-09-06T08:13:42+08:00	revenue/2026-07.csv	3287	market: tpex→3287; 出表日期: 1150817→廣寰科; 資料年月: 11507→2026-07; 公司代號: 3287→tpex; 公司名稱: 廣寰科→1150817; 產業別: 電腦及週邊設備業→11507
2026-09-06T08:13:42+08:00	revenue/2026-07.csv	3288	market: tpex→3288; 出表日期: 1150817→點晶; 資料年月: 11507→2026-07; 公司代號: 3288→tpex; 公司名稱: 點晶→1150817; 產業別: 電子零組件業→11507
2026-09-06T08:13:42+08:00	revenue/2026-07.csv	3289	market: tpex→3289; 出表日期: 1150817→宜特; 資料年月: 11507→2026-07; 公司代號: 3289→tpex; 公司名稱: 宜特→1150817; 產業別: 其他電子業→11507
2026-09-06T08:13:42+08:00	revenue/2026-07.csv	3290	market: tpex→3290; 出表日期: 1150817→東浦; 資料年月: 11507→2026-07; 公司代號: 3290→tpex; 公司名稱: 東浦→1150817; 產業別: 電子零組件業→11507
2026-09-06T08:13:42+08:00	revenue/2026-07.csv	3293	market: tpex→3293; 出表日期: 1150817→鈊象; 資料年月: 11507→2026-07; 公司代號: 3293→tpex; 公司名稱: 鈊象→1150817; 產業別: 文化創意業→11507
2026-09-06T08:13:42+08:00	revenue/2026-07.csv	3294	market: tpex→3294; 出表日期: 1150817→英濟; 資料年月: 11507→2026-07; 公司代號: 3294→tpex; 公司名稱: 英濟→1150817; 產業別: 電子零組件業→11507
2026-09-06T08:13:42+08:00	revenue/2026-07.csv	3296	market: twse→3296; 出表日期: 1150817→勝德; 資料年月: 11507→2026-07; 公司代號: 3296→twse; 公司名稱: 勝德→1150817; 產業別: 電子零組件業→11507
2026-09-06T08:13:42+08:00	revenue/2026-07.csv	3297	market: tpex→3297; 出表日期: 1150817→杭特; 資料年月: 11507→2026-07; 公司代號: 3297→tpex; 公司名稱: 杭特→1150817; 產業別: 光電業→11507
2026-09-06T08:13:42+08:00	revenue/2026-07.csv	3303	market: tpex→3303; 出表日期: 1150817→岱稜; 資料年月: 11507→2026-07; 公司代號: 3303→tpex; 公司名稱: 岱稜→1150817; 產業別: 其他電子業→11507
2026-09-06T08:13:42+08:00	revenue/2026-07.csv	3305	market: twse→3305; 出表日期: 1150817→昇貿; 資料年月: 11507→2026-07; 公司代號: 3305→twse; 公司名稱: 昇貿→1150817; 產業別: 其他電子業→11507
2026-09-06T08:13:42+08:00	revenue/2026-07.csv	3306	market: tpex→3306; 出表日期: 1150817→鼎天; 資料年月: 11507→2026-07; 公司代號: 3306→tpex; 公司名稱: 鼎天→1150817; 產業別: 通信網路業→11507
2026-09-06T08:13:42+08:00	revenue/2026-07.csv	3308	market: twse→3308; 出表日期: 1150817→聯德; 資料年月: 11507→2026-07; 公司代號: 3308→twse; 公司名稱: 聯德→1150817; 產業別: 電子零組件業→11507
2026-09-06T08:13:42+08:00	revenue/2026-07.csv	3310	market: tpex→3310; 出表日期: 1150817→佳穎; 資料年月: 11507→2026-07; 公司代號: 3310→tpex; 公司名稱: 佳穎→1150817; 產業別: 電子零組件業→11507
2026-09-06T08:13:42+08:00	revenue/2026-07.csv	3311	market: twse→3311; 出表日期: 1150817→閎暉; 資料年月: 11507→2026-07; 公司代號: 3311→twse; 公司名稱: 閎暉→1150817; 產業別: 通信網路業→11507
2026-09-06T08:13:42+08:00	revenue/2026-07.csv	3312	market: twse→3312; 出表日期: 1150817→弘憶股; 資料年月: 11507→2026-07; 公司代號: 3312→twse; 公司名稱: 弘憶股→1150817; 產業別: 電子通路業→11507
2026-09-06T08:13:42+08:00	revenue/2026-07.csv	3313	market: tpex→3313; 出表日期: 1150817→斐成; 資料年月: 11507→2026-07; 公司代號: 3313→tpex; 公司名稱: 斐成→1150817; 產業別: 建材營造→11507
2026-09-06T08:13:42+08:00	revenue/2026-07.csv	3317	market: tpex→3317; 出表日期: 1150817→尼克森; 資料年月: 11507→2026-07; 公司代號: 3317→tpex; 公司名稱: 尼克森→1150817; 產業別: 半導體業→11507
2026-09-06T08:13:42+08:00	revenue/2026-07.csv	3321	market: twse→3321; 出表日期: 1150817→同泰; 資料年月: 11507→2026-07; 公司代號: 3321→twse; 公司名稱: 同泰→1150817; 產業別: 電子零組件業→11507
2026-09-06T08:13:42+08:00	revenue/2026-07.csv	3322	market: tpex→3322; 出表日期: 1150817→建舜電; 資料年月: 11507→2026-07; 公司代號: 3322→tpex; 公司名稱: 建舜電→1150817; 產業別: 電子零組件業→11507
2026-09-06T08:13:42+08:00	revenue/2026-07.csv	3323	market: tpex→3323; 出表日期: 1150817→加百裕; 資料年月: 11507→2026-07; 公司代號: 3323→tpex; 公司名稱: 加百裕→1150817; 產業別: 電腦及週邊設備業→11507
2026-09-06T08:13:42+08:00	revenue/2026-07.csv	3324	market: tpex→3324; 出表日期: 1150817→雙鴻; 資料年月: 11507→2026-07; 公司代號: 3324→tpex; 公司名稱: 雙鴻→1150817; 產業別: 其他電子業→11507
2026-09-06T08:13:42+08:00	revenue/2026-07.csv	3325	market: tpex→3325; 出表日期: 1150817→旭品; 資料年月: 11507→2026-07; 公司代號: 3325→tpex; 公司名稱: 旭品→1150817; 產業別: 電腦及週邊設備業→11507
2026-09-06T08:13:42+08:00	revenue/2026-07.csv	3332	market: tpex→3332; 出表日期: 1150817→幸康; 資料年月: 11507→2026-07; 公司代號: 3332→tpex; 公司名稱: 幸康→1150817; 產業別: 電子零組件業→11507
2026-09-06T08:13:42+08:00	revenue/2026-07.csv	3338	market: twse→3338; 出表日期: 1150817→泰碩; 資料年月: 11507→2026-07; 公司代號: 3338→twse; 公司名稱: 泰碩→1150817; 產業別: 電子零組件業→11507
2026-09-06T08:13:42+08:00	revenue/2026-07.csv	3339	market: tpex→3339; 出表日期: 1150817→泰谷; 資料年月: 11507→2026-07; 公司代號: 3339→tpex; 公司名稱: 泰谷→1150817; 產業別: 光電業→11507
2026-09-06T08:13:42+08:00	revenue/2026-07.csv	3346	market: twse→3346; 出表日期: 1150817→麗清; 資料年月: 11507→2026-07; 公司代號: 3346→twse; 公司名稱: 麗清→1150817; 產業別: 汽車工業→11507
2026-09-06T08:13:42+08:00	revenue/2026-07.csv	3349	market: tpex→3349; 出表日期: 1150817→寶德; 資料年月: 11507→2026-07; 公司代號: 3349→tpex; 公司名稱: 寶德→1150817; 產業別: 電腦及週邊設備業→11507
2026-09-06T08:13:42+08:00	revenue/2026-07.csv	3354	market: tpex→3354; 出表日期: 1150817→律勝; 資料年月: 11507→2026-07; 公司代號: 3354→tpex; 公司名稱: 律勝→1150817; 產業別: 電子零組件業→11507
2026-09-06T08:13:42+08:00	revenue/2026-07.csv	3356	market: twse→3356; 出表日期: 1150817→奇偶; 資料年月: 11507→2026-07; 公司代號: 3356→twse; 公司名稱: 奇偶→1150817; 產業別: 光電業→11507
2026-09-06T08:13:42+08:00	revenue/2026-07.csv	3357	market: tpex→3357; 出表日期: 1150817→臺慶科; 資料年月: 11507→2026-07; 公司代號: 3357→tpex; 公司名稱: 臺慶科→1150817; 產業別: 電子零組件業→11507
2026-09-06T08:13:42+08:00	revenue/2026-07.csv	3360	market: tpex→3360; 出表日期: 1150817→尚立; 資料年月: 11507→2026-07; 公司代號: 3360→tpex; 公司名稱: 尚立→1150817; 產業別: 電子通路業→11507
2026-09-06T08:13:42+08:00	revenue/2026-07.csv	3362	market: tpex→3362; 出表日期: 1150817→先進光; 資料年月: 11507→2026-07; 公司代號: 3362→tpex; 公司名稱: 先進光→1150817; 產業別: 光電業→11507
2026-09-06T08:13:42+08:00	revenue/2026-07.csv	3363	market: tpex→3363; 出表日期: 1150817→上詮; 資料年月: 11507→2026-07; 公司代號: 3363→tpex; 公司名稱: 上詮→1150817; 產業別: 通信網路業→11507
2026-09-06T08:13:42+08:00	revenue/2026-07.csv	3372	market: tpex→3372; 出表日期: 1150817→典範; 資料年月: 11507→2026-07; 公司代號: 3372→tpex; 公司名稱: 典範→1150817; 產業別: 半導體業→11507
2026-09-06T08:13:42+08:00	revenue/2026-07.csv	3373	market: tpex→3373; 出表日期: 1150817→熱映; 資料年月: 11507→2026-07; 公司代號: 3373→tpex; 公司名稱: 熱映→1150817; 產業別: 其他電子業→11507
2026-09-06T08:13:42+08:00	revenue/2026-07.csv	3374	market: tpex→3374; 出表日期: 1150817→精材; 資料年月: 11507→2026-07; 公司代號: 3374→tpex; 公司名稱: 精材→1150817; 產業別: 半導體業→11507
2026-09-06T08:13:42+08:00	revenue/2026-07.csv	3376	market: twse→3376; 出表日期: 1150817→新日興; 資料年月: 11507→2026-07; 公司代號: 3376→twse; 公司名稱: 新日興→1150817; 產業別: 電子零組件業→11507
2026-09-06T08:13:42+08:00	revenue/2026-07.csv	3379	market: tpex→3379; 出表日期: 1150817→彬台; 資料年月: 11507→2026-07; 公司代號: 3379→tpex; 公司名稱: 彬台→1150817; 產業別: 電機機械→11507
2026-09-06T08:13:42+08:00	revenue/2026-07.csv	3380	market: twse→3380; 出表日期: 1150817→明泰; 資料年月: 11507→2026-07; 公司代號: 3380→twse; 公司名稱: 明泰→1150817; 產業別: 通信網路業→11507
2026-09-06T08:13:42+08:00	revenue/2026-07.csv	3388	market: tpex→3388; 出表日期: 1150817→崇越電; 資料年月: 11507→2026-07; 公司代號: 3388→tpex; 公司名稱: 崇越電→1150817; 產業別: 電子零組件業→11507
2026-09-06T08:13:42+08:00	revenue/2026-07.csv	3390	market: tpex→3390; 出表日期: 1150817→旭軟; 資料年月: 11507→2026-07; 公司代號: 3390→tpex; 公司名稱: 旭軟→1150817; 產業別: 電子零組件業→11507
2026-09-06T08:13:42+08:00	revenue/2026-07.csv	3402	market: tpex→3402; 出表日期: 1150817→漢科; 資料年月: 11507→2026-07; 公司代號: 3402→tpex; 公司名稱: 漢科→1150817; 產業別: 其他電子業→11507
2026-09-06T08:13:42+08:00	revenue/2026-07.csv	3406	market: twse→3406; 出表日期: 1150817→玉晶光; 資料年月: 11507→2026-07; 公司代號: 3406→twse; 公司名稱: 玉晶光→1150817; 產業別: 光電業→11507
2026-09-06T08:13:42+08:00	revenue/2026-07.csv	3413	market: twse→3413; 出表日期: 1150817→京鼎; 資料年月: 11507→2026-07; 公司代號: 3413→twse; 公司名稱: 京鼎→1150817; 產業別: 半導體業→11507
2026-09-06T08:13:42+08:00	revenue/2026-07.csv	3416	market: twse→3416; 出表日期: 1150817→融程電; 資料年月: 11507→2026-07; 公司代號: 3416→twse; 公司名稱: 融程電→1150817; 產業別: 電腦及週邊設備業→11507
2026-09-06T08:13:42+08:00	revenue/2026-07.csv	3419	market: twse→3419; 出表日期: 1150817→譁裕; 資料年月: 11507→2026-07; 公司代號: 3419→twse; 公司名稱: 譁裕→1150817; 產業別: 通信網路業→11507
2026-09-06T08:13:42+08:00	revenue/2026-07.csv	3430	market: tpex→3430; 出表日期: 1150817→奇鈦科; 資料年月: 11507→2026-07; 公司代號: 3430→tpex; 公司名稱: 奇鈦科→1150817; 產業別: 化學工業→11507
2026-09-06T08:13:42+08:00	revenue/2026-07.csv	3432	market: twse→3432; 出表日期: 1150817→台端; 資料年月: 11507→2026-07; 公司代號: 3432→twse; 公司名稱: 台端→1150817; 產業別: 電子零組件業→11507
2026-09-06T08:13:42+08:00	revenue/2026-07.csv	3434	market: tpex→3434; 出表日期: 1150817→哲固; 資料年月: 11507→2026-07; 公司代號: 3434→tpex; 公司名稱: 哲固→1150817; 產業別: 光電業→11507
2026-09-06T08:13:42+08:00	revenue/2026-07.csv	3437	market: twse→3437; 出表日期: 1150817→榮創; 資料年月: 11507→2026-07; 公司代號: 3437→twse; 公司名稱: 榮創→1150817; 產業別: 光電業→11507
2026-09-06T08:13:42+08:00	revenue/2026-07.csv	3438	market: tpex→3438; 出表日期: 1150817→類比科; 資料年月: 11507→2026-07; 公司代號: 3438→tpex; 公司名稱: 類比科→1150817; 產業別: 半導體業→11507
2026-09-06T08:13:42+08:00	revenue/2026-07.csv	3441	market: tpex→3441; 出表日期: 1150817→聯一光電; 資料年月: 11507→2026-07; 公司代號: 3441→tpex; 公司名稱: 聯一光電→1150817; 產業別: 光電業→11507
2026-09-06T08:13:42+08:00	revenue/2026-07.csv	3443	market: twse→3443; 出表日期: 1150817→創意; 資料年月: 11507→2026-07; 公司代號: 3443→twse; 公司名稱: 創意→1150817; 產業別: 半導體業→11507
2026-09-06T08:13:42+08:00	revenue/2026-07.csv	3444	market: tpex→3444; 出表日期: 1150817→利機; 資料年月: 11507→2026-07; 公司代號: 3444→tpex; 公司名稱: 利機→1150817; 產業別: 電子通路業→11507
2026-09-06T08:13:42+08:00	revenue/2026-07.csv	3447	market: twse→3447; 出表日期: 1150817→展達; 資料年月: 11507→2026-07; 公司代號: 3447→twse; 公司名稱: 展達→1150817; 產業別: 通信網路業→11507
2026-09-06T08:13:42+08:00	revenue/2026-07.csv	3450	market: twse→3450; 出表日期: 1150817→聯鈞; 資料年月: 11507→2026-07; 公司代號: 3450→twse; 公司名稱: 聯鈞→1150817; 產業別: 半導體業→11507
2026-09-06T08:13:42+08:00	revenue/2026-07.csv	3455	market: tpex→3455; 出表日期: 1150817→由田; 資料年月: 11507→2026-07; 公司代號: 3455→tpex; 公司名稱: 由田→1150817; 產業別: 光電業→11507
2026-09-06T08:13:42+08:00	revenue/2026-07.csv	3465	market: tpex→3465; 出表日期: 1150817→進泰電子; 資料年月: 11507→2026-07; 公司代號: 3465→tpex; 公司名稱: 進泰電子→1150817; 產業別: 其他電子業→11507
2026-09-06T08:13:42+08:00	revenue/2026-07.csv	3466	market: tpex→3466; 出表日期: 1150817→德晉; 資料年月: 11507→2026-07; 公司代號: 3466→tpex; 公司名稱: 德晉→1150817; 產業別: 通信網路業→11507
2026-09-06T08:13:42+08:00	revenue/2026-07.csv	3467	market: tpex→3467; 出表日期: 1150817→台灣精材; 資料年月: 11507→2026-07; 公司代號: 3467→tpex; 公司名稱: 台灣精材→1150817; 產業別: 半導體業→11507
2026-09-06T08:13:42+08:00	revenue/2026-07.csv	3479	market: tpex→3479; 出表日期: 1150817→安勤; 資料年月: 11507→2026-07; 公司代號: 3479→tpex; 公司名稱: 安勤→1150817; 產業別: 電腦及週邊設備業→11507
2026-09-06T08:13:42+08:00	revenue/2026-07.csv	3481	market: twse→3481; 出表日期: 1150817→群創; 資料年月: 11507→2026-07; 公司代號: 3481→twse; 公司名稱: 群創→1150817; 產業別: 光電業→11507
2026-09-06T08:13:42+08:00	revenue/2026-07.csv	3483	market: tpex→3483; 出表日期: 1150817→力致; 資料年月: 11507→2026-07; 公司代號: 3483→tpex; 公司名稱: 力致→1150817; 產業別: 電腦及週邊設備業→11507
2026-09-06T08:13:42+08:00	revenue/2026-07.csv	3484	market: tpex→3484; 出表日期: 1150817→崧騰; 資料年月: 11507→2026-07; 公司代號: 3484→tpex; 公司名稱: 崧騰→1150817; 產業別: 電子零組件業→11507
2026-09-06T08:13:42+08:00	revenue/2026-07.csv	3485	market: tpex→3485; 出表日期: 1150817→敘豐; 資料年月: 11507→2026-07; 公司代號: 3485→tpex; 公司名稱: 敘豐→1150817; 產業別: 電子零組件業→11507
2026-09-06T08:13:42+08:00	revenue/2026-07.csv	3489	market: tpex→3489; 出表日期: 1150817→森寶; 資料年月: 11507→2026-07; 公司代號: 3489→tpex; 公司名稱: 森寶→1150817; 產業別: 建材營造→11507
2026-09-06T08:13:42+08:00	revenue/2026-07.csv	3490	market: tpex→3490; 出表日期: 1150817→單井; 資料年月: 11507→2026-07; 公司代號: 3490→tpex; 公司名稱: 單井→1150817; 產業別: 光電業→11507
2026-09-06T08:13:42+08:00	revenue/2026-07.csv	3491	market: tpex→3491; 出表日期: 1150817→昇達科; 資料年月: 11507→2026-07; 公司代號: 3491→tpex; 公司名稱: 昇達科→1150817; 產業別: 通信網路業→11507
2026-09-06T08:13:42+08:00	revenue/2026-07.csv	3492	market: tpex→3492; 出表日期: 1150817→長盛; 資料年月: 11507→2026-07; 公司代號: 3492→tpex; 公司名稱: 長盛→1150817; 產業別: 電子零組件業→11507
2026-09-06T08:13:42+08:00	revenue/2026-07.csv	3494	market: twse→3494; 出表日期: 1150817→誠研; 資料年月: 11507→2026-07; 公司代號: 3494→twse; 公司名稱: 誠研→1150817; 產業別: 電腦及週邊設備業→11507
2026-09-06T08:13:42+08:00	revenue/2026-07.csv	3498	market: tpex→3498; 出表日期: 1150817→陽程; 資料年月: 11507→2026-07; 公司代號: 3498→tpex; 公司名稱: 陽程→1150817; 產業別: 其他電子業→11507
2026-09-06T08:13:42+08:00	revenue/2026-07.csv	3499	market: tpex→3499; 出表日期: 1150817→環天科; 資料年月: 11507→2026-07; 公司代號: 3499→tpex; 公司名稱: 環天科→1150817; 產業別: 通信網路業→11507
2026-09-06T08:13:42+08:00	revenue/2026-07.csv	3501	market: twse→3501; 出表日期: 1150817→維熹; 資料年月: 11507→2026-07; 公司代號: 3501→twse; 公司名稱: 維熹→1150817; 產業別: 電子零組件業→11507
2026-09-06T08:13:42+08:00	revenue/2026-07.csv	3504	market: twse→3504; 出表日期: 1150817→揚明光; 資料年月: 11507→2026-07; 公司代號: 3504→twse; 公司名稱: 揚明光→1150817; 產業別: 光電業→11507
2026-09-06T08:13:42+08:00	revenue/2026-07.csv	3508	market: tpex→3508; 出表日期: 1150817→位速; 資料年月: 11507→2026-07; 公司代號: 3508→tpex; 公司名稱: 位速→1150817; 產業別: 其他電子業→11507
2026-09-06T08:13:42+08:00	revenue/2026-07.csv	3511	market: tpex→3511; 出表日期: 1150817→矽瑪; 資料年月: 11507→2026-07; 公司代號: 3511→tpex; 公司名稱: 矽瑪→1150817; 產業別: 電子零組件業→11507
2026-09-06T08:13:42+08:00	revenue/2026-07.csv	3512	market: tpex→3512; 出表日期: 1150817→皇龍; 資料年月: 11507→2026-07; 公司代號: 3512→tpex; 公司名稱: 皇龍→1150817; 產業別: 建材營造→11507
2026-09-06T08:13:42+08:00	revenue/2026-07.csv	3515	market: twse→3515; 出表日期: 1150817→華擎; 資料年月: 11507→2026-07; 公司代號: 3515→twse; 公司名稱: 華擎→1150817; 產業別: 電腦及週邊設備業→11507
2026-09-06T08:13:42+08:00	revenue/2026-07.csv	3516	market: tpex→3516; 出表日期: 1150817→亞帝歐; 資料年月: 11507→2026-07; 公司代號: 3516→tpex; 公司名稱: 亞帝歐→1150817; 產業別: 光電業→11507
2026-09-06T08:13:42+08:00	revenue/2026-07.csv	3518	market: twse→3518; 出表日期: 1150817→柏騰; 資料年月: 11507→2026-07; 公司代號: 3518→twse; 公司名稱: 柏騰→1150817; 產業別: 其他電子業→11507
2026-09-06T08:13:42+08:00	revenue/2026-07.csv	3520	market: tpex→3520; 出表日期: 1150817→華盈; 資料年月: 11507→2026-07; 公司代號: 3520→tpex; 公司名稱: 華盈→1150817; 產業別: 電子零組件業→11507
2026-09-06T08:13:42+08:00	revenue/2026-07.csv	3521	market: tpex→3521; 出表日期: 1150817→台鋼建設; 資料年月: 11507→2026-07; 公司代號: 3521→tpex; 公司名稱: 台鋼建設→1150817; 產業別: 建材營造→11507
2026-09-06T08:13:42+08:00	revenue/2026-07.csv	3522	market: tpex→3522; 出表日期: 1150817→御嵿; 資料年月: 11507→2026-07; 公司代號: 3522→tpex; 公司名稱: 御嵿→1150817; 產業別: 觀光餐旅→11507
2026-09-06T08:13:42+08:00	revenue/2026-07.csv	3523	market: tpex→3523; 出表日期: 1150817→迎輝; 資料年月: 11507→2026-07; 公司代號: 3523→tpex; 公司名稱: 迎輝→1150817; 產業別: 光電業→11507
2026-09-06T08:13:42+08:00	revenue/2026-07.csv	3526	market: tpex→3526; 出表日期: 1150817→凡甲; 資料年月: 11507→2026-07; 公司代號: 3526→tpex; 公司名稱: 凡甲→1150817; 產業別: 電子零組件業→11507
2026-09-06T08:13:42+08:00	revenue/2026-07.csv	3527	market: tpex→3527; 出表日期: 1150817→聚積; 資料年月: 11507→2026-07; 公司代號: 3527→tpex; 公司名稱: 聚積→1150817; 產業別: 半導體業→11507
2026-09-06T08:13:42+08:00	revenue/2026-07.csv	3528	market: twse→3528; 出表日期: 1150817→安馳; 資料年月: 11507→2026-07; 公司代號: 3528→twse; 公司名稱: 安馳→1150817; 產業別: 電子通路業→11507
2026-09-06T08:13:42+08:00	revenue/2026-07.csv	3529	market: tpex→3529; 出表日期: 1150817→力旺; 資料年月: 11507→2026-07; 公司代號: 3529→tpex; 公司名稱: 力旺→1150817; 產業別: 半導體業→11507
2026-09-06T08:13:42+08:00	revenue/2026-07.csv	3530	market: twse→3530; 出表日期: 1150817→晶相光; 資料年月: 11507→2026-07; 公司代號: 3530→twse; 公司名稱: 晶相光→1150817; 產業別: 半導體業→11507
2026-09-06T08:13:42+08:00	revenue/2026-07.csv	3531	market: tpex→3531; 出表日期: 1150817→先益; 資料年月: 11507→2026-07; 公司代號: 3531→tpex; 公司名稱: 先益→1150817; 產業別: 光電業→11507
2026-09-06T08:13:42+08:00	revenue/2026-07.csv	3532	market: twse→3532; 出表日期: 1150817→台勝科; 資料年月: 11507→2026-07; 公司代號: 3532→twse; 公司名稱: 台勝科→1150817; 產業別: 半導體業→11507
2026-09-06T08:13:42+08:00	revenue/2026-07.csv	3533	market: twse→3533; 出表日期: 1150817→嘉澤; 資料年月: 11507→2026-07; 公司代號: 3533→twse; 公司名稱: 嘉澤→1150817; 產業別: 電子零組件業→11507
2026-09-06T08:13:42+08:00	revenue/2026-07.csv	3535	market: twse→3535; 出表日期: 1150817→晶彩科; 資料年月: 11507→2026-07; 公司代號: 3535→twse; 公司名稱: 晶彩科→1150817; 產業別: 光電業→11507
2026-09-06T08:13:42+08:00	revenue/2026-07.csv	3537	market: tpex→3537; 出表日期: 1150817→堡達; 資料年月: 11507→2026-07; 公司代號: 3537→tpex; 公司名稱: 堡達→1150817; 產業別: 電子零組件業→11507
2026-09-06T08:13:42+08:00	revenue/2026-07.csv	3540	market: tpex→3540; 出表日期: 1150817→曜越; 資料年月: 11507→2026-07; 公司代號: 3540→tpex; 公司名稱: 曜越→1150817; 產業別: 電腦及週邊設備業→11507
2026-09-06T08:13:42+08:00	revenue/2026-07.csv	3541	market: tpex→3541; 出表日期: 1150817→西柏; 資料年月: 11507→2026-07; 公司代號: 3541→tpex; 公司名稱: 西柏→1150817; 產業別: 其他電子業→11507
2026-09-06T08:13:42+08:00	revenue/2026-07.csv	3543	market: twse→3543; 出表日期: 1150817→州巧; 資料年月: 11507→2026-07; 公司代號: 3543→twse; 公司名稱: 州巧→1150817; 產業別: 光電業→11507
2026-09-06T08:13:42+08:00	revenue/2026-07.csv	3545	market: twse→3545; 出表日期: 1150817→敦泰; 資料年月: 11507→2026-07; 公司代號: 3545→twse; 公司名稱: 敦泰→1150817; 產業別: 半導體業→11507
2026-09-06T08:13:42+08:00	revenue/2026-07.csv	3546	market: tpex→3546; 出表日期: 1150817→宇峻; 資料年月: 11507→2026-07; 公司代號: 3546→tpex; 公司名稱: 宇峻→1150817; 產業別: 文化創意業→11507
2026-09-06T08:13:42+08:00	revenue/2026-07.csv	3548	market: tpex→3548; 出表日期: 1150817→兆利; 資料年月: 11507→2026-07; 公司代號: 3548→tpex; 公司名稱: 兆利→1150817; 產業別: 電子零組件業→11507
2026-09-06T08:13:42+08:00	revenue/2026-07.csv	3550	market: twse→3550; 出表日期: 1150817→聯穎; 資料年月: 11507→2026-07; 公司代號: 3550→twse; 公司名稱: 聯穎→1150817; 產業別: 電子零組件業→11507
2026-09-06T08:13:42+08:00	revenue/2026-07.csv	3551	market: tpex→3551; 出表日期: 1150817→世禾; 資料年月: 11507→2026-07; 公司代號: 3551→tpex; 公司名稱: 世禾→1150817; 產業別: 綠能環保→11507
2026-09-06T08:13:42+08:00	revenue/2026-07.csv	3552	market: tpex→3552; 出表日期: 1150817→同致; 資料年月: 11507→2026-07; 公司代號: 3552→tpex; 公司名稱: 同致→1150817; 產業別: 其他電子業→11507
2026-09-06T08:13:42+08:00	revenue/2026-07.csv	3555	market: tpex→3555; 出表日期: 1150817→博士旺; 資料年月: 11507→2026-07; 公司代號: 3555→tpex; 公司名稱: 博士旺→1150817; 產業別: 半導體業→11507
2026-09-06T08:13:42+08:00	revenue/2026-07.csv	3556	market: tpex→3556; 出表日期: 1150817→禾瑞亞; 資料年月: 11507→2026-07; 公司代號: 3556→tpex; 公司名稱: 禾瑞亞→1150817; 產業別: 半導體業→11507
2026-09-06T08:13:42+08:00	revenue/2026-07.csv	3557	market: twse→3557; 出表日期: 1150817→嘉威; 資料年月: 11507→2026-07; 公司代號: 3557→twse; 公司名稱: 嘉威→1150817; 產業別: 居家生活→11507
2026-09-06T08:13:42+08:00	revenue/2026-07.csv	3558	market: tpex→3558; 出表日期: 1150817→神準; 資料年月: 11507→2026-07; 公司代號: 3558→tpex; 公司名稱: 神準→1150817; 產業別: 通信網路業→11507
2026-09-06T08:13:42+08:00	revenue/2026-07.csv	3563	market: twse→3563; 出表日期: 1150817→牧德; 資料年月: 11507→2026-07; 公司代號: 3563→twse; 公司名稱: 牧德→1150817; 產業別: 光電業→11507
2026-09-06T08:13:42+08:00	revenue/2026-07.csv	3564	market: tpex→3564; 出表日期: 1150817→其陽; 資料年月: 11507→2026-07; 公司代號: 3564→tpex; 公司名稱: 其陽→1150817; 產業別: 通信網路業→11507
2026-09-06T08:13:42+08:00	revenue/2026-07.csv	3567	market: tpex→3567; 出表日期: 1150817→逸昌; 資料年月: 11507→2026-07; 公司代號: 3567→tpex; 公司名稱: 逸昌→1150817; 產業別: 半導體業→11507
2026-09-06T08:13:42+08:00	revenue/2026-07.csv	3570	market: tpex→3570; 出表日期: 1150817→大塚; 資料年月: 11507→2026-07; 公司代號: 3570→tpex; 公司名稱: 大塚→1150817; 產業別: 資訊服務業→11507
2026-09-06T08:13:42+08:00	revenue/2026-07.csv	3576	market: twse→3576; 出表日期: 1150817→聯合再生; 資料年月: 11507→2026-07; 公司代號: 3576→twse; 公司名稱: 聯合再生→1150817; 產業別: 光電業→11507
2026-09-06T08:13:42+08:00	revenue/2026-07.csv	3577	market: tpex→3577; 出表日期: 1150817→泓格; 資料年月: 11507→2026-07; 公司代號: 3577→tpex; 公司名稱: 泓格→1150817; 產業別: 電腦及週邊設備業→11507
2026-09-06T08:13:42+08:00	revenue/2026-07.csv	3580	market: tpex→3580; 出表日期: 1150817→友威科; 資料年月: 11507→2026-07; 公司代號: 3580→tpex; 公司名稱: 友威科→1150817; 產業別: 其他電子業→11507
2026-09-06T08:13:42+08:00	revenue/2026-07.csv	3581	market: tpex→3581; 出表日期: 1150817→博磊; 資料年月: 11507→2026-07; 公司代號: 3581→tpex; 公司名稱: 博磊→1150817; 產業別: 半導體業→11507
2026-09-06T08:13:42+08:00	revenue/2026-07.csv	3583	market: twse→3583; 出表日期: 1150817→辛耘; 資料年月: 11507→2026-07; 公司代號: 3583→twse; 公司名稱: 辛耘→1150817; 產業別: 半導體業→11507
2026-09-06T08:13:42+08:00	revenue/2026-07.csv	3587	market: tpex→3587; 出表日期: 1150817→閎康; 資料年月: 11507→2026-07; 公司代號: 3587→tpex; 公司名稱: 閎康→1150817; 產業別: 其他電子業→11507
2026-09-06T08:13:42+08:00	revenue/2026-07.csv	3588	market: twse→3588; 出表日期: 1150817→通嘉; 資料年月: 11507→2026-07; 公司代號: 3588→twse; 公司名稱: 通嘉→1150817; 產業別: 半導體業→11507
2026-09-06T08:13:42+08:00	revenue/2026-07.csv	3591	market: twse→3591; 出表日期: 1150817→艾笛森; 資料年月: 11507→2026-07; 公司代號: 3591→twse; 公司名稱: 艾笛森→1150817; 產業別: 光電業→11507
2026-09-06T08:13:42+08:00	revenue/2026-07.csv	3592	market: twse→3592; 出表日期: 1150817→瑞鼎; 資料年月: 11507→2026-07; 公司代號: 3592→twse; 公司名稱: 瑞鼎→1150817; 產業別: 半導體業→11507
2026-09-06T08:13:42+08:00	revenue/2026-07.csv	3593	market: twse→3593; 出表日期: 1150817→力銘; 資料年月: 11507→2026-07; 公司代號: 3593→twse; 公司名稱: 力銘→1150817; 產業別: 電子零組件業→11507
2026-09-06T08:13:42+08:00	revenue/2026-07.csv	3594	market: tpex→3594; 出表日期: 1150817→磐儀; 資料年月: 11507→2026-07; 公司代號: 3594→tpex; 公司名稱: 磐儀→1150817; 產業別: 電腦及週邊設備業→11507
2026-09-06T08:13:42+08:00	revenue/2026-07.csv	3596	market: twse→3596; 出表日期: 1150817→智易; 資料年月: 11507→2026-07; 公司代號: 3596→twse; 公司名稱: 智易→1150817; 產業別: 通信網路業→11507
2026-09-06T08:13:42+08:00	revenue/2026-07.csv	3597	market: tpex→3597; 出表日期: 1150817→映興; 資料年月: 11507→2026-07; 公司代號: 3597→tpex; 公司名稱: 映興→1150817; 產業別: 電子零組件業→11507
2026-09-06T08:13:42+08:00	revenue/2026-07.csv	3605	market: twse→3605; 出表日期: 1150817→宏致; 資料年月: 11507→2026-07; 公司代號: 3605→twse; 公司名稱: 宏致→1150817; 產業別: 電子零組件業→11507
2026-09-06T08:13:42+08:00	revenue/2026-07.csv	3607	market: twse→3607; 出表日期: 1150817→谷崧; 資料年月: 11507→2026-07; 公司代號: 3607→twse; 公司名稱: 谷崧→1150817; 產業別: 電子零組件業→11507
2026-09-06T08:13:42+08:00	revenue/2026-07.csv	3609	market: tpex→3609; 出表日期: 1150817→三一東林; 資料年月: 11507→2026-07; 公司代號: 3609→tpex; 公司名稱: 三一東林→1150817; 產業別: 電子零組件業→11507
2026-09-06T08:13:42+08:00	revenue/2026-07.csv	3611	market: tpex→3611; 出表日期: 1150817→鼎翰; 資料年月: 11507→2026-07; 公司代號: 3611→tpex; 公司名稱: 鼎翰→1150817; 產業別: 電腦及週邊設備業→11507
2026-09-06T08:13:42+08:00	revenue/2026-07.csv	3615	market: tpex→3615; 出表日期: 1150817→安可; 資料年月: 11507→2026-07; 公司代號: 3615→tpex; 公司名稱: 安可→1150817; 產業別: 光電業→11507
2026-09-06T08:13:42+08:00	revenue/2026-07.csv	3617	market: twse→3617; 出表日期: 1150817→碩天; 資料年月: 11507→2026-07; 公司代號: 3617→twse; 公司名稱: 碩天→1150817; 產業別: 其他電子業→11507
2026-09-06T08:13:42+08:00	revenue/2026-07.csv	3622	market: twse→3622; 出表日期: 1150817→洋華; 資料年月: 11507→2026-07; 公司代號: 3622→twse; 公司名稱: 洋華→1150817; 產業別: 光電業→11507
2026-09-06T08:13:42+08:00	revenue/2026-07.csv	3623	market: tpex→3623; 出表日期: 1150817→富晶通; 資料年月: 11507→2026-07; 公司代號: 3623→tpex; 公司名稱: 富晶通→1150817; 產業別: 光電業→11507
2026-09-06T08:13:42+08:00	revenue/2026-07.csv	3624	market: tpex→3624; 出表日期: 1150817→光頡; 資料年月: 11507→2026-07; 公司代號: 3624→tpex; 公司名稱: 光頡→1150817; 產業別: 電子零組件業→11507
2026-09-06T08:13:42+08:00	revenue/2026-07.csv	3625	market: tpex→3625; 出表日期: 1150817→西勝; 資料年月: 11507→2026-07; 公司代號: 3625→tpex; 公司名稱: 西勝→1150817; 產業別: 電腦及週邊設備業→11507
2026-09-06T08:13:42+08:00	revenue/2026-07.csv	3628	market: tpex→3628; 出表日期: 1150817→盈正; 資料年月: 11507→2026-07; 公司代號: 3628→tpex; 公司名稱: 盈正→1150817; 產業別: 其他電子業→11507
2026-09-06T08:13:42+08:00	revenue/2026-07.csv	3629	market: tpex→3629; 出表日期: 1150817→地心引力; 資料年月: 11507→2026-07; 公司代號: 3629→tpex; 公司名稱: 地心引力→1150817; 產業別: 文化創意業→11507
2026-09-06T08:13:42+08:00	revenue/2026-07.csv	3630	market: tpex→3630; 出表日期: 1150817→新鉅科; 資料年月: 11507→2026-07; 公司代號: 3630→tpex; 公司名稱: 新鉅科→1150817; 產業別: 光電業→11507
2026-09-06T08:13:42+08:00	revenue/2026-07.csv	3631	market: tpex→3631; 出表日期: 1150817→晟楠; 資料年月: 11507→2026-07; 公司代號: 3631→tpex; 公司名稱: 晟楠→1150817; 產業別: 電子零組件業→11507
2026-09-06T08:13:42+08:00	revenue/2026-07.csv	3632	market: tpex→3632; 出表日期: 1150817→研勤; 資料年月: 11507→2026-07; 公司代號: 3632→tpex; 公司名稱: 研勤→1150817; 產業別: 通信網路業→11507
2026-09-06T08:13:42+08:00	revenue/2026-07.csv	3645	market: twse→3645; 出表日期: 1150817→達邁; 資料年月: 11507→2026-07; 公司代號: 3645→twse; 公司名稱: 達邁→1150817; 產業別: 電子零組件業→11507
2026-09-06T08:13:42+08:00	revenue/2026-07.csv	3646	market: tpex→3646; 出表日期: 1150817→艾恩特; 資料年月: 11507→2026-07; 公司代號: 3646→tpex; 公司名稱: 艾恩特→1150817; 產業別: 電子零組件業→11507
2026-09-06T08:13:42+08:00	revenue/2026-07.csv	3652	market: twse→3652; 出表日期: 1150817→精聯; 資料年月: 11507→2026-07; 公司代號: 3652→twse; 公司名稱: 精聯→1150817; 產業別: 電腦及週邊設備業→11507
2026-09-06T08:13:42+08:00	revenue/2026-07.csv	3653	market: twse→3653; 出表日期: 1150817→健策; 資料年月: 11507→2026-07; 公司代號: 3653→twse; 公司名稱: 健策→1150817; 產業別: 電子零組件業→11507
2026-09-06T08:13:42+08:00	revenue/2026-07.csv	3661	market: twse→3661; 出表日期: 1150817→世芯-KY; 資料年月: 11507→2026-07; 公司代號: 3661→twse; 公司名稱: 世芯-KY→1150817; 產業別: 半導體業→11507
2026-09-06T08:13:42+08:00	revenue/2026-07.csv	3663	market: tpex→3663; 出表日期: 1150817→鑫科; 資料年月: 11507→2026-07; 公司代號: 3663→tpex; 公司名稱: 鑫科→1150817; 產業別: 其他電子業→11507
2026-09-06T08:13:42+08:00	revenue/2026-07.csv	3664	market: tpex→3664; 出表日期: 1150817→安瑞-KY; 資料年月: 11507→2026-07; 公司代號: 3664→tpex; 公司名稱: 安瑞-KY→1150817; 產業別: 通信網路業→11507
2026-09-06T08:13:42+08:00	revenue/2026-07.csv	3665	market: twse→3665; 出表日期: 1150817→貿聯-KY; 資料年月: 11507→2026-07; 公司代號: 3665→twse; 公司名稱: 貿聯-KY→1150817; 產業別: 其他電子業→11507
2026-09-06T08:13:42+08:00	revenue/2026-07.csv	3666	market: tpex→3666; 出表日期: 1150817→光耀; 資料年月: 11507→2026-07; 公司代號: 3666→tpex; 公司名稱: 光耀→1150817; 產業別: 光電業→11507
2026-09-06T08:13:42+08:00	revenue/2026-07.csv	3669	market: twse→3669; 出表日期: 1150817→圓展; 資料年月: 11507→2026-07; 公司代號: 3669→twse; 公司名稱: 圓展→1150817; 產業別: 通信網路業→11507
2026-09-06T08:13:42+08:00	revenue/2026-07.csv	3672	market: tpex→3672; 出表日期: 1150817→康聯訊; 資料年月: 11507→2026-07; 公司代號: 3672→tpex; 公司名稱: 康聯訊→1150817; 產業別: 通信網路業→11507
2026-09-06T08:13:42+08:00	revenue/2026-07.csv	3673	market: twse→3673; 出表日期: 1150817→TPK-KY; 資料年月: 11507→2026-07; 公司代號: 3673→twse; 公司名稱: TPK-KY→1150817; 產業別: 光電業→11507
2026-09-06T08:13:42+08:00	revenue/2026-07.csv	3675	market: tpex→3675; 出表日期: 1150817→德微; 資料年月: 11507→2026-07; 公司代號: 3675→tpex; 公司名稱: 德微→1150817; 產業別: 半導體業→11507
2026-09-06T08:13:42+08:00	revenue/2026-07.csv	3679	market: twse→3679; 出表日期: 1150817→新至陞; 資料年月: 11507→2026-07; 公司代號: 3679→twse; 公司名稱: 新至陞→1150817; 產業別: 電子零組件業→11507
2026-09-06T08:13:42+08:00	revenue/2026-07.csv	3680	market: tpex→3680; 出表日期: 1150817→家登; 資料年月: 11507→2026-07; 公司代號: 3680→tpex; 公司名稱: 家登→1150817; 產業別: 半導體業→11507
2026-09-06T08:13:42+08:00	revenue/2026-07.csv	3684	market: tpex→3684; 出表日期: 1150817→榮昌; 資料年月: 11507→2026-07; 公司代號: 3684→tpex; 公司名稱: 榮昌→1150817; 產業別: 通信網路業→11507
2026-09-06T08:13:42+08:00	revenue/2026-07.csv	3685	market: tpex→3685; 出表日期: 1150817→元創精密; 資料年月: 11507→2026-07; 公司代號: 3685→tpex; 公司名稱: 元創精密→1150817; 產業別: 電機機械→11507
2026-09-06T08:13:42+08:00	revenue/2026-07.csv	3686	market: twse→3686; 出表日期: 1150817→達能; 資料年月: 11507→2026-07; 公司代號: 3686→twse; 公司名稱: 達能→1150817; 產業別: 半導體業→11507
2026-09-06T08:13:42+08:00	revenue/2026-07.csv	3687	market: tpex→3687; 出表日期: 1150817→歐買尬; 資料年月: 11507→2026-07; 公司代號: 3687→tpex; 公司名稱: 歐買尬→1150817; 產業別: 數位雲端→11507
2026-09-06T08:13:42+08:00	revenue/2026-07.csv	3689	market: tpex→3689; 出表日期: 1150817→湧德; 資料年月: 11507→2026-07; 公司代號: 3689→tpex; 公司名稱: 湧德→1150817; 產業別: 電子零組件業→11507
2026-09-06T08:13:42+08:00	revenue/2026-07.csv	3691	market: tpex→3691; 出表日期: 1150817→碩禾; 資料年月: 11507→2026-07; 公司代號: 3691→tpex; 公司名稱: 碩禾→1150817; 產業別: 光電業→11507
2026-09-06T08:13:42+08:00	revenue/2026-07.csv	3693	market: tpex→3693; 出表日期: 1150817→營邦; 資料年月: 11507→2026-07; 公司代號: 3693→tpex; 公司名稱: 營邦→1150817; 產業別: 電腦及週邊設備業→11507
2026-09-06T08:13:42+08:00	revenue/2026-07.csv	3694	market: twse→3694; 出表日期: 1150817→海華; 資料年月: 11507→2026-07; 公司代號: 3694→twse; 公司名稱: 海華→1150817; 產業別: 通信網路業→11507
2026-09-06T08:13:42+08:00	revenue/2026-07.csv	3701	market: twse→3701; 出表日期: 1150817→大眾控; 資料年月: 11507→2026-07; 公司代號: 3701→twse; 公司名稱: 大眾控→1150817; 產業別: 電腦及週邊設備業→11507
2026-09-06T08:13:42+08:00	revenue/2026-07.csv	3702	market: twse→3702; 出表日期: 1150817→大聯大; 資料年月: 11507→2026-07; 公司代號: 3702→twse; 公司名稱: 大聯大→1150817; 產業別: 電子通路業→11507
2026-09-06T08:13:42+08:00	revenue/2026-07.csv	3703	market: twse→3703; 出表日期: 1150817→欣陸; 資料年月: 11507→2026-07; 公司代號: 3703→twse; 公司名稱: 欣陸→1150817; 產業別: 建材營造→11507
2026-09-06T08:13:42+08:00	revenue/2026-07.csv	3704	market: twse→3704; 出表日期: 1150817→合勤控; 資料年月: 11507→2026-07; 公司代號: 3704→twse; 公司名稱: 合勤控→1150817; 產業別: 通信網路業→11507
2026-09-06T08:13:42+08:00	revenue/2026-07.csv	3705	market: twse→3705; 出表日期: 1150817→永信; 資料年月: 11507→2026-07; 公司代號: 3705→twse; 公司名稱: 永信→1150817; 產業別: 生技醫療業→11507
2026-09-06T08:13:42+08:00	revenue/2026-07.csv	3706	market: twse→3706; 出表日期: 1150817→神達; 資料年月: 11507→2026-07; 公司代號: 3706→twse; 公司名稱: 神達→1150817; 產業別: 電腦及週邊設備業→11507
2026-09-06T08:13:42+08:00	revenue/2026-07.csv	3707	market: tpex→3707; 出表日期: 1150817→漢磊; 資料年月: 11507→2026-07; 公司代號: 3707→tpex; 公司名稱: 漢磊→1150817; 產業別: 半導體業→11507
2026-09-06T08:13:42+08:00	revenue/2026-07.csv	3708	market: twse→3708; 出表日期: 1150817→上緯投控; 資料年月: 11507→2026-07; 公司代號: 3708→twse; 公司名稱: 上緯投控→1150817; 產業別: 綠能環保→11507
2026-09-06T08:13:42+08:00	revenue/2026-07.csv	3709	market: tpex→3709; 出表日期: 1150817→鑫聯大投控; 資料年月: 11507→2026-07; 公司代號: 3709→tpex; 公司名稱: 鑫聯大投控→1150817; 產業別: 電腦及週邊設備業→11507
2026-09-06T08:13:42+08:00	revenue/2026-07.csv	3710	market: tpex→3710; 出表日期: 1150817→連展投控; 資料年月: 11507→2026-07; 公司代號: 3710→tpex; 公司名稱: 連展投控→1150817; 產業別: 電子零組件業→11507
2026-09-06T08:13:42+08:00	revenue/2026-07.csv	3711	market: twse→3711; 出表日期: 1150817→日月光投控; 資料年月: 11507→2026-07; 公司代號: 3711→twse; 公司名稱: 日月光投控→1150817; 產業別: 半導體業→11507
2026-09-06T08:13:42+08:00	revenue/2026-07.csv	3712	market: twse→3712; 出表日期: 1150817→永崴投控; 資料年月: 11507→2026-07; 公司代號: 3712→twse; 公司名稱: 永崴投控→1150817; 產業別: 電腦及週邊設備業→11507
2026-09-06T08:13:42+08:00	revenue/2026-07.csv	3713	market: tpex→3713; 出表日期: 1150817→新晶投控; 資料年月: 11507→2026-07; 公司代號: 3713→tpex; 公司名稱: 新晶投控→1150817; 產業別: 綠能環保→11507
2026-09-06T08:13:42+08:00	revenue/2026-07.csv	3714	market: twse→3714; 出表日期: 1150817→富采; 資料年月: 11507→2026-07; 公司代號: 3714→twse; 公司名稱: 富采→1150817; 產業別: 光電業→11507
2026-09-06T08:13:42+08:00	revenue/2026-07.csv	3715	market: twse→3715; 出表日期: 1150817→定穎投控; 資料年月: 11507→2026-07; 公司代號: 3715→twse; 公司名稱: 定穎投控→1150817; 產業別: 電子零組件業→11507
2026-09-06T08:13:42+08:00	revenue/2026-07.csv	3716	market: twse→3716; 出表日期: 1150817→中化控股; 資料年月: 11507→2026-07; 公司代號: 3716→twse; 公司名稱: 中化控股→1150817; 產業別: 生技醫療業→11507
2026-09-06T08:13:42+08:00	revenue/2026-07.csv	3717	market: twse→3717; 出表日期: 1150817→聯嘉投控; 資料年月: 11507→2026-07; 公司代號: 3717→twse; 公司名稱: 聯嘉投控→1150817; 產業別: 汽車工業→11507
2026-09-06T08:13:42+08:00	revenue/2026-07.csv	4102	market: tpex→4102; 出表日期: 1150817→永日; 資料年月: 11507→2026-07; 公司代號: 4102→tpex; 公司名稱: 永日→1150817; 產業別: 生技醫療業→11507
2026-09-06T08:13:42+08:00	revenue/2026-07.csv	4104	market: twse→4104; 出表日期: 1150817→佳醫; 資料年月: 11507→2026-07; 公司代號: 4104→twse; 公司名稱: 佳醫→1150817; 產業別: 生技醫療業→11507
2026-09-06T08:13:42+08:00	revenue/2026-07.csv	4105	market: tpex→4105; 出表日期: 1150817→東洋; 資料年月: 11507→2026-07; 公司代號: 4105→tpex; 公司名稱: 東洋→1150817; 產業別: 生技醫療業→11507
2026-09-06T08:13:42+08:00	revenue/2026-07.csv	4106	market: twse→4106; 出表日期: 1150817→雃博; 資料年月: 11507→2026-07; 公司代號: 4106→twse; 公司名稱: 雃博→1150817; 產業別: 生技醫療業→11507
2026-09-06T08:13:42+08:00	revenue/2026-07.csv	4107	market: tpex→4107; 出表日期: 1150817→邦特; 資料年月: 11507→2026-07; 公司代號: 4107→tpex; 公司名稱: 邦特→1150817; 產業別: 生技醫療業→11507
2026-09-06T08:13:42+08:00	revenue/2026-07.csv	4108	market: twse→4108; 出表日期: 1150817→懷特; 資料年月: 11507→2026-07; 公司代號: 4108→twse; 公司名稱: 懷特→1150817; 產業別: 生技醫療業→11507
2026-09-06T08:13:42+08:00	revenue/2026-07.csv	4109	market: tpex→4109; 出表日期: 1150817→加捷生醫; 資料年月: 11507→2026-07; 公司代號: 4109→tpex; 公司名稱: 加捷生醫→1150817; 產業別: 生技醫療業→11507
2026-09-06T08:13:42+08:00	revenue/2026-07.csv	4111	market: tpex→4111; 出表日期: 1150817→濟生; 資料年月: 11507→2026-07; 公司代號: 4111→tpex; 公司名稱: 濟生→1150817; 產業別: 生技醫療業→11507
2026-09-06T08:13:42+08:00	revenue/2026-07.csv	4113	market: tpex→4113; 出表日期: 1150817→聯上; 資料年月: 11507→2026-07; 公司代號: 4113→tpex; 公司名稱: 聯上→1150817; 產業別: 建材營造→11507
2026-09-06T08:13:42+08:00	revenue/2026-07.csv	4114	market: tpex→4114; 出表日期: 1150817→健喬; 資料年月: 11507→2026-07; 公司代號: 4114→tpex; 公司名稱: 健喬→1150817; 產業別: 生技醫療業→11507
2026-09-06T08:13:42+08:00	revenue/2026-07.csv	4116	market: tpex→4116; 出表日期: 1150817→明基醫; 資料年月: 11507→2026-07; 公司代號: 4116→tpex; 公司名稱: 明基醫→1150817; 產業別: 生技醫療業→11507
2026-09-06T08:13:42+08:00	revenue/2026-07.csv	4119	market: twse→4119; 出表日期: 1150817→旭富; 資料年月: 11507→2026-07; 公司代號: 4119→twse; 公司名稱: 旭富→1150817; 產業別: 生技醫療業→11507
2026-09-06T08:13:42+08:00	revenue/2026-07.csv	4120	market: tpex→4120; 出表日期: 1150817→友華; 資料年月: 11507→2026-07; 公司代號: 4120→tpex; 公司名稱: 友華→1150817; 產業別: 生技醫療業→11507
2026-09-06T08:13:42+08:00	revenue/2026-07.csv	4121	market: tpex→4121; 出表日期: 1150817→優盛; 資料年月: 11507→2026-07; 公司代號: 4121→tpex; 公司名稱: 優盛→1150817; 產業別: 生技醫療業→11507
2026-09-06T08:13:42+08:00	revenue/2026-07.csv	4123	market: tpex→4123; 出表日期: 1150817→晟德; 資料年月: 11507→2026-07; 公司代號: 4123→tpex; 公司名稱: 晟德→1150817; 產業別: 生技醫療業→11507
2026-09-06T08:13:42+08:00	revenue/2026-07.csv	4126	market: tpex→4126; 出表日期: 1150817→太醫; 資料年月: 11507→2026-07; 公司代號: 4126→tpex; 公司名稱: 太醫→1150817; 產業別: 生技醫療業→11507
2026-09-06T08:13:42+08:00	revenue/2026-07.csv	4127	market: tpex→4127; 出表日期: 1150817→天良; 資料年月: 11507→2026-07; 公司代號: 4127→tpex; 公司名稱: 天良→1150817; 產業別: 生技醫療業→11507
2026-09-06T08:13:42+08:00	revenue/2026-07.csv	4128	market: tpex→4128; 出表日期: 1150817→中天; 資料年月: 11507→2026-07; 公司代號: 4128→tpex; 公司名稱: 中天→1150817; 產業別: 生技醫療業→11507
2026-09-06T08:13:42+08:00	revenue/2026-07.csv	4129	market: tpex→4129; 出表日期: 1150817→聯合; 資料年月: 11507→2026-07; 公司代號: 4129→tpex; 公司名稱: 聯合→1150817; 產業別: 生技醫療業→11507
2026-09-06T08:13:42+08:00	revenue/2026-07.csv	4131	market: tpex→4131; 出表日期: 1150817→浩泰; 資料年月: 11507→2026-07; 公司代號: 4131→tpex; 公司名稱: 浩泰→1150817; 產業別: 生技醫療業→11507
2026-09-06T08:13:42+08:00	revenue/2026-07.csv	4133	market: twse→4133; 出表日期: 1150817→亞諾法; 資料年月: 11507→2026-07; 公司代號: 4133→twse; 公司名稱: 亞諾法→1150817; 產業別: 生技醫療業→11507
2026-09-06T08:13:42+08:00	revenue/2026-07.csv	4137	market: twse→4137; 出表日期: 1150817→麗豐-KY; 資料年月: 11507→2026-07; 公司代號: 4137→twse; 公司名稱: 麗豐-KY→1150817; 產業別: 生技醫療業→11507
2026-09-06T08:13:42+08:00	revenue/2026-07.csv	4138	market: tpex→4138; 出表日期: 1150817→曜亞; 資料年月: 11507→2026-07; 公司代號: 4138→tpex; 公司名稱: 曜亞→1150817; 產業別: 生技醫療業→11507
2026-09-06T08:13:42+08:00	revenue/2026-07.csv	4139	market: tpex→4139; 出表日期: 1150817→馬光-KY; 資料年月: 11507→2026-07; 公司代號: 4139→tpex; 公司名稱: 馬光-KY→1150817; 產業別: 生技醫療業→11507
2026-09-06T08:13:42+08:00	revenue/2026-07.csv	4142	market: twse→4142; 出表日期: 1150817→國光生; 資料年月: 11507→2026-07; 公司代號: 4142→twse; 公司名稱: 國光生→1150817; 產業別: 生技醫療業→11507
2026-09-06T08:13:42+08:00	revenue/2026-07.csv	4147	market: tpex→4147; 出表日期: 1150817→中裕; 資料年月: 11507→2026-07; 公司代號: 4147→tpex; 公司名稱: 中裕→1150817; 產業別: 生技醫療業→11507
2026-09-06T08:13:42+08:00	revenue/2026-07.csv	4148	market: twse→4148; 出表日期: 1150817→全宇生技-KY; 資料年月: 11507→2026-07; 公司代號: 4148→twse; 公司名稱: 全宇生技-KY→1150817; 產業別: 生技醫療業→11507
2026-09-06T08:13:42+08:00	revenue/2026-07.csv	4153	market: tpex→4153; 出表日期: 1150817→鈺緯; 資料年月: 11507→2026-07; 公司代號: 4153→tpex; 公司名稱: 鈺緯→1150817; 產業別: 生技醫療業→11507
2026-09-06T08:13:42+08:00	revenue/2026-07.csv	4154	market: tpex→4154; 出表日期: 1150817→樂威科-KY; 資料年月: 11507→2026-07; 公司代號: 4154→tpex; 公司名稱: 樂威科-KY→1150817; 產業別: 其他→11507
2026-09-06T08:13:42+08:00	revenue/2026-07.csv	4155	market: twse→4155; 出表日期: 1150817→訊映; 資料年月: 11507→2026-07; 公司代號: 4155→twse; 公司名稱: 訊映→1150817; 產業別: 生技醫療業→11507
2026-09-06T08:13:42+08:00	revenue/2026-07.csv	4157	market: tpex→4157; 出表日期: 1150817→太景*-KY; 資料年月: 11507→2026-07; 公司代號: 4157→tpex; 公司名稱: 太景*-KY→1150817; 產業別: 生技醫療業→11507
2026-09-06T08:13:42+08:00	revenue/2026-07.csv	4160	market: tpex→4160; 出表日期: 1150817→訊聯基因; 資料年月: 11507→2026-07; 公司代號: 4160→tpex; 公司名稱: 訊聯基因→1150817; 產業別: 生技醫療業→11507
2026-09-06T08:13:42+08:00	revenue/2026-07.csv	4161	market: tpex→4161; 出表日期: 1150817→聿新科; 資料年月: 11507→2026-07; 公司代號: 4161→tpex; 公司名稱: 聿新科→1150817; 產業別: 生技醫療業→11507
2026-09-06T08:13:42+08:00	revenue/2026-07.csv	4162	market: tpex→4162; 出表日期: 1150817→智擎; 資料年月: 11507→2026-07; 公司代號: 4162→tpex; 公司名稱: 智擎→1150817; 產業別: 生技醫療業→11507
2026-09-06T08:13:42+08:00	revenue/2026-07.csv	4163	market: tpex→4163; 出表日期: 1150817→鐿鈦; 資料年月: 11507→2026-07; 公司代號: 4163→tpex; 公司名稱: 鐿鈦→1150817; 產業別: 生技醫療業→11507
2026-09-06T08:13:42+08:00	revenue/2026-07.csv	4164	market: twse→4164; 出表日期: 1150817→承業醫; 資料年月: 11507→2026-07; 公司代號: 4164→twse; 公司名稱: 承業醫→1150817; 產業別: 生技醫療業→11507
2026-09-06T08:13:42+08:00	revenue/2026-07.csv	4166	market: tpex→4166; 出表日期: 1150817→友霖; 資料年月: 11507→2026-07; 公司代號: 4166→tpex; 公司名稱: 友霖→1150817; 產業別: 生技醫療業→11507
2026-09-06T08:13:42+08:00	revenue/2026-07.csv	4167	market: tpex→4167; 出表日期: 1150817→松瑞藥; 資料年月: 11507→2026-07; 公司代號: 4167→tpex; 公司名稱: 松瑞藥→1150817; 產業別: 生技醫療業→11507
2026-09-06T08:13:42+08:00	revenue/2026-07.csv	4168	market: tpex→4168; 出表日期: 1150817→醣聯; 資料年月: 11507→2026-07; 公司代號: 4168→tpex; 公司名稱: 醣聯→1150817; 產業別: 生技醫療業→11507
2026-09-06T08:13:42+08:00	revenue/2026-07.csv	4169	market: twse→4169; 出表日期: 1150817→泰宗; 資料年月: 11507→2026-07; 公司代號: 4169→twse; 公司名稱: 泰宗→1150817; 產業別: 生技醫療業→11507
2026-09-06T08:13:42+08:00	revenue/2026-07.csv	4171	market: tpex→4171; 出表日期: 1150817→瑞基; 資料年月: 11507→2026-07; 公司代號: 4171→tpex; 公司名稱: 瑞基→1150817; 產業別: 農業科技→11507
2026-09-06T08:13:42+08:00	revenue/2026-07.csv	4173	market: tpex→4173; 出表日期: 1150817→久裕; 資料年月: 11507→2026-07; 公司代號: 4173→tpex; 公司名稱: 久裕→1150817; 產業別: 生技醫療業→11507
2026-09-06T08:13:42+08:00	revenue/2026-07.csv	4174	market: tpex→4174; 出表日期: 1150817→浩鼎; 資料年月: 11507→2026-07; 公司代號: 4174→tpex; 公司名稱: 浩鼎→1150817; 產業別: 生技醫療業→11507
2026-09-06T08:13:42+08:00	revenue/2026-07.csv	4175	market: tpex→4175; 出表日期: 1150817→杏一; 資料年月: 11507→2026-07; 公司代號: 4175→tpex; 公司名稱: 杏一→1150817; 產業別: 生技醫療業→11507
2026-09-06T08:13:42+08:00	revenue/2026-07.csv	4178	market: twse→4178; 出表日期: 1150817→永笙-KY; 資料年月: 11507→2026-07; 公司代號: 4178→twse; 公司名稱: 永笙-KY→1150817; 產業別: 生技醫療業→11507
2026-09-06T08:13:42+08:00	revenue/2026-07.csv	4183	market: tpex→4183; 出表日期: 1150817→福永生技; 資料年月: 11507→2026-07; 公司代號: 4183→tpex; 公司名稱: 福永生技→1150817; 產業別: 生技醫療業→11507
2026-09-06T08:13:42+08:00	revenue/2026-07.csv	4188	market: tpex→4188; 出表日期: 1150817→安克; 資料年月: 11507→2026-07; 公司代號: 4188→tpex; 公司名稱: 安克→1150817; 產業別: 生技醫療業→11507
2026-09-06T08:13:42+08:00	revenue/2026-07.csv	4190	market: twse→4190; 出表日期: 1150817→佐登-KY; 資料年月: 11507→2026-07; 公司代號: 4190→twse; 公司名稱: 佐登-KY→1150817; 產業別: 生技醫療業→11507
2026-09-06T08:13:42+08:00	revenue/2026-07.csv	4192	market: tpex→4192; 出表日期: 1150817→杏國; 資料年月: 11507→2026-07; 公司代號: 4192→tpex; 公司名稱: 杏國→1150817; 產業別: 生技醫療業→11507
2026-09-06T08:13:42+08:00	revenue/2026-07.csv	4195	market: twse→4195; 出表日期: 1150817→基米-創; 資料年月: 11507→2026-07; 公司代號: 4195→twse; 公司名稱: 基米-創→1150817; 產業別: 生技醫療業→11507
2026-09-06T08:13:42+08:00	revenue/2026-07.csv	4198	market: tpex→4198; 出表日期: 1150817→欣大健康; 資料年月: 11507→2026-07; 公司代號: 4198→tpex; 公司名稱: 欣大健康→1150817; 產業別: 生技醫療業→11507
2026-09-06T08:13:42+08:00	revenue/2026-07.csv	4205	market: tpex→4205; 出表日期: 1150817→中華食; 資料年月: 11507→2026-07; 公司代號: 4205→tpex; 公司名稱: 中華食→1150817; 產業別: 食品工業→11507
2026-09-06T08:13:42+08:00	revenue/2026-07.csv	4207	market: tpex→4207; 出表日期: 1150817→環泰; 資料年月: 11507→2026-07; 公司代號: 4207→tpex; 公司名稱: 環泰→1150817; 產業別: 食品工業→11507
2026-09-06T08:13:42+08:00	revenue/2026-07.csv	4303	market: tpex→4303; 出表日期: 1150817→信立; 資料年月: 11507→2026-07; 公司代號: 4303→tpex; 公司名稱: 信立→1150817; 產業別: 塑膠工業→11507
2026-09-06T08:13:42+08:00	revenue/2026-07.csv	4304	market: tpex→4304; 出表日期: 1150817→勝昱; 資料年月: 11507→2026-07; 公司代號: 4304→tpex; 公司名稱: 勝昱→1150817; 產業別: 塑膠工業→11507
2026-09-06T08:13:42+08:00	revenue/2026-07.csv	4305	market: tpex→4305; 出表日期: 1150817→世坤; 資料年月: 11507→2026-07; 公司代號: 4305→tpex; 公司名稱: 世坤→1150817; 產業別: 塑膠工業→11507
2026-09-06T08:13:42+08:00	revenue/2026-07.csv	4306	market: twse→4306; 出表日期: 1150817→炎洲; 資料年月: 11507→2026-07; 公司代號: 4306→twse; 公司名稱: 炎洲→1150817; 產業別: 塑膠工業→11507
2026-09-06T08:13:42+08:00	revenue/2026-07.csv	4401	market: tpex→4401; 出表日期: 1150817→東隆興; 資料年月: 11507→2026-07; 公司代號: 4401→tpex; 公司名稱: 東隆興→1150817; 產業別: 紡織纖維→11507
2026-09-06T08:13:42+08:00	revenue/2026-07.csv	4402	market: tpex→4402; 出表日期: 1150817→郡都開發; 資料年月: 11507→2026-07; 公司代號: 4402→tpex; 公司名稱: 郡都開發→1150817; 產業別: 紡織纖維→11507
2026-09-06T08:13:42+08:00	revenue/2026-07.csv	4406	market: tpex→4406; 出表日期: 1150817→新昕纖; 資料年月: 11507→2026-07; 公司代號: 4406→tpex; 公司名稱: 新昕纖→1150817; 產業別: 紡織纖維→11507
2026-09-06T08:13:42+08:00	revenue/2026-07.csv	4413	market: tpex→4413; 出表日期: 1150817→飛寶企業; 資料年月: 11507→2026-07; 公司代號: 4413→tpex; 公司名稱: 飛寶企業→1150817; 產業別: 紡織纖維→11507
2026-09-06T08:13:42+08:00	revenue/2026-07.csv	4414	market: twse→4414; 出表日期: 1150817→如興; 資料年月: 11507→2026-07; 公司代號: 4414→twse; 公司名稱: 如興→1150817; 產業別: 紡織纖維→11507
2026-09-06T08:13:42+08:00	revenue/2026-07.csv	4416	market: tpex→4416; 出表日期: 1150817→三圓; 資料年月: 11507→2026-07; 公司代號: 4416→tpex; 公司名稱: 三圓→1150817; 產業別: 建材營造→11507
2026-09-06T08:13:42+08:00	revenue/2026-07.csv	4417	market: tpex→4417; 出表日期: 1150817→金洲; 資料年月: 11507→2026-07; 公司代號: 4417→tpex; 公司名稱: 金洲→1150817; 產業別: 紡織纖維→11507
2026-09-06T08:13:42+08:00	revenue/2026-07.csv	4419	market: tpex→4419; 出表日期: 1150817→皇家美食; 資料年月: 11507→2026-07; 公司代號: 4419→tpex; 公司名稱: 皇家美食→1150817; 產業別: 觀光餐旅→11507
2026-09-06T08:13:42+08:00	revenue/2026-07.csv	4420	market: tpex→4420; 出表日期: 1150817→光明; 資料年月: 11507→2026-07; 公司代號: 4420→tpex; 公司名稱: 光明→1150817; 產業別: 紡織纖維→11507
2026-09-06T08:13:42+08:00	revenue/2026-07.csv	4426	market: twse→4426; 出表日期: 1150817→利勤; 資料年月: 11507→2026-07; 公司代號: 4426→twse; 公司名稱: 利勤→1150817; 產業別: 紡織纖維→11507
2026-09-06T08:13:42+08:00	revenue/2026-07.csv	4430	market: tpex→4430; 出表日期: 1150817→耀億; 資料年月: 11507→2026-07; 公司代號: 4430→tpex; 公司名稱: 耀億→1150817; 產業別: 其他→11507
2026-09-06T08:13:42+08:00	revenue/2026-07.csv	4432	market: tpex→4432; 出表日期: 1150817→銘旺實; 資料年月: 11507→2026-07; 公司代號: 4432→tpex; 公司名稱: 銘旺實→1150817; 產業別: 紡織纖維→11507
2026-09-06T08:13:42+08:00	revenue/2026-07.csv	4433	market: tpex→4433; 出表日期: 1150817→興采; 資料年月: 11507→2026-07; 公司代號: 4433→tpex; 公司名稱: 興采→1150817; 產業別: 紡織纖維→11507
2026-09-06T08:13:42+08:00	revenue/2026-07.csv	4438	market: twse→4438; 出表日期: 1150817→廣越; 資料年月: 11507→2026-07; 公司代號: 4438→twse; 公司名稱: 廣越→1150817; 產業別: 紡織纖維→11507
2026-09-06T08:13:42+08:00	revenue/2026-07.csv	4439	market: twse→4439; 出表日期: 1150817→冠星-KY; 資料年月: 11507→2026-07; 公司代號: 4439→twse; 公司名稱: 冠星-KY→1150817; 產業別: 紡織纖維→11507
2026-09-06T08:13:42+08:00	revenue/2026-07.csv	4440	market: twse→4440; 出表日期: 1150817→宜新實業; 資料年月: 11507→2026-07; 公司代號: 4440→twse; 公司名稱: 宜新實業→1150817; 產業別: 紡織纖維→11507
2026-09-06T08:13:42+08:00	revenue/2026-07.csv	4441	market: twse→4441; 出表日期: 1150817→振大環球; 資料年月: 11507→2026-07; 公司代號: 4441→twse; 公司名稱: 振大環球→1150817; 產業別: 紡織纖維→11507
2026-09-06T08:13:42+08:00	revenue/2026-07.csv	4442	market: tpex→4442; 出表日期: 1150817→竣邦-KY; 資料年月: 11507→2026-07; 公司代號: 4442→tpex; 公司名稱: 竣邦-KY→1150817; 產業別: 紡織纖維→11507
2026-09-06T08:13:42+08:00	revenue/2026-07.csv	4502	market: tpex→4502; 出表日期: 1150817→健信; 資料年月: 11507→2026-07; 公司代號: 4502→tpex; 公司名稱: 健信→1150817; 產業別: 電機機械→11507
2026-09-06T08:13:42+08:00	revenue/2026-07.csv	4503	market: tpex→4503; 出表日期: 1150817→金雨; 資料年月: 11507→2026-07; 公司代號: 4503→tpex; 公司名稱: 金雨→1150817; 產業別: 電機機械→11507
2026-09-06T08:13:42+08:00	revenue/2026-07.csv	4506	market: tpex→4506; 出表日期: 1150817→崇友; 資料年月: 11507→2026-07; 公司代號: 4506→tpex; 公司名稱: 崇友→1150817; 產業別: 電機機械→11507
2026-09-06T08:13:42+08:00	revenue/2026-07.csv	4510	market: tpex→4510; 出表日期: 1150817→高鋒; 資料年月: 11507→2026-07; 公司代號: 4510→tpex; 公司名稱: 高鋒→1150817; 產業別: 電機機械→11507
2026-09-06T08:13:42+08:00	revenue/2026-07.csv	4513	market: tpex→4513; 出表日期: 1150817→福裕; 資料年月: 11507→2026-07; 公司代號: 4513→tpex; 公司名稱: 福裕→1150817; 產業別: 電機機械→11507
2026-09-06T08:13:42+08:00	revenue/2026-07.csv	4523	market: tpex→4523; 出表日期: 1150817→永彰; 資料年月: 11507→2026-07; 公司代號: 4523→tpex; 公司名稱: 永彰→1150817; 產業別: 電機機械→11507
2026-09-06T08:13:42+08:00	revenue/2026-07.csv	4526	market: twse→4526; 出表日期: 1150817→東台; 資料年月: 11507→2026-07; 公司代號: 4526→twse; 公司名稱: 東台→1150817; 產業別: 電機機械→11507
2026-09-06T08:13:42+08:00	revenue/2026-07.csv	4527	market: tpex→4527; 出表日期: 1150817→方方土霖; 資料年月: 11507→2026-07; 公司代號: 4527→tpex; 公司名稱: 方方土霖→1150817; 產業別: 電機機械→11507
2026-09-06T08:13:42+08:00	revenue/2026-07.csv	4528	market: tpex→4528; 出表日期: 1150817→江興鍛; 資料年月: 11507→2026-07; 公司代號: 4528→tpex; 公司名稱: 江興鍛→1150817; 產業別: 電機機械→11507
2026-09-06T08:13:42+08:00	revenue/2026-07.csv	4529	market: tpex→4529; 出表日期: 1150817→淳紳; 資料年月: 11507→2026-07; 公司代號: 4529→tpex; 公司名稱: 淳紳→1150817; 產業別: 其他→11507
2026-09-06T08:13:42+08:00	revenue/2026-07.csv	4530	market: tpex→4530; 出表日期: 1150817→天意能創; 資料年月: 11507→2026-07; 公司代號: 4530→tpex; 公司名稱: 天意能創→1150817; 產業別: 觀光餐旅→11507
2026-09-06T08:13:42+08:00	revenue/2026-07.csv	4532	market: twse→4532; 出表日期: 1150817→瑞智; 資料年月: 11507→2026-07; 公司代號: 4532→twse; 公司名稱: 瑞智→1150817; 產業別: 電機機械→11507
2026-09-06T08:13:42+08:00	revenue/2026-07.csv	4533	market: tpex→4533; 出表日期: 1150817→協易機; 資料年月: 11507→2026-07; 公司代號: 4533→tpex; 公司名稱: 協易機→1150817; 產業別: 電機機械→11507
2026-09-06T08:13:42+08:00	revenue/2026-07.csv	4534	market: tpex→4534; 出表日期: 1150817→慶騰; 資料年月: 11507→2026-07; 公司代號: 4534→tpex; 公司名稱: 慶騰→1150817; 產業別: 電機機械→11507
2026-09-06T08:13:42+08:00	revenue/2026-07.csv	4535	market: tpex→4535; 出表日期: 1150817→至興; 資料年月: 11507→2026-07; 公司代號: 4535→tpex; 公司名稱: 至興→1150817; 產業別: 電機機械→11507
2026-09-06T08:13:42+08:00	revenue/2026-07.csv	4536	market: twse→4536; 出表日期: 1150817→拓凱; 資料年月: 11507→2026-07; 公司代號: 4536→twse; 公司名稱: 拓凱→1150817; 產業別: 運動休閒→11507
2026-09-06T08:13:42+08:00	revenue/2026-07.csv	4538	market: tpex→4538; 出表日期: 1150817→大詠城; 資料年月: 11507→2026-07; 公司代號: 4538→tpex; 公司名稱: 大詠城→1150817; 產業別: 電機機械→11507
2026-09-06T08:13:42+08:00	revenue/2026-07.csv	4540	market: twse→4540; 出表日期: 1150817→全球傳動; 資料年月: 11507→2026-07; 公司代號: 4540→twse; 公司名稱: 全球傳動→1150817; 產業別: 電機機械→11507
2026-09-06T08:13:42+08:00	revenue/2026-07.csv	4541	market: tpex→4541; 出表日期: 1150817→晟田; 資料年月: 11507→2026-07; 公司代號: 4541→tpex; 公司名稱: 晟田→1150817; 產業別: 其他→11507
2026-09-06T08:13:42+08:00	revenue/2026-07.csv	4542	market: tpex→4542; 出表日期: 1150817→科嶠; 資料年月: 11507→2026-07; 公司代號: 4542→tpex; 公司名稱: 科嶠→1150817; 產業別: 電子零組件業→11507
2026-09-06T08:13:42+08:00	revenue/2026-07.csv	4543	market: tpex→4543; 出表日期: 1150817→萬在; 資料年月: 11507→2026-07; 公司代號: 4543→tpex; 公司名稱: 萬在→1150817; 產業別: 電機機械→11507
2026-09-06T08:13:42+08:00	revenue/2026-07.csv	4545	market: twse→4545; 出表日期: 1150817→銘鈺; 資料年月: 11507→2026-07; 公司代號: 4545→twse; 公司名稱: 銘鈺→1150817; 產業別: 電子零組件業→11507
2026-09-06T08:13:42+08:00	revenue/2026-07.csv	4549	market: tpex→4549; 出表日期: 1150817→桓達; 資料年月: 11507→2026-07; 公司代號: 4549→tpex; 公司名稱: 桓達→1150817; 產業別: 電機機械→11507
2026-09-06T08:13:42+08:00	revenue/2026-07.csv	4550	market: tpex→4550; 出表日期: 1150817→長佳; 資料年月: 11507→2026-07; 公司代號: 4550→tpex; 公司名稱: 長佳→1150817; 產業別: 電機機械→11507
2026-09-06T08:13:42+08:00	revenue/2026-07.csv	4551	market: twse→4551; 出表日期: 1150817→智伸科; 資料年月: 11507→2026-07; 公司代號: 4551→twse; 公司名稱: 智伸科→1150817; 產業別: 汽車工業→11507
2026-09-06T08:13:42+08:00	revenue/2026-07.csv	4552	market: twse→4552; 出表日期: 1150817→力達-KY; 資料年月: 11507→2026-07; 公司代號: 4552→twse; 公司名稱: 力達-KY→1150817; 產業別: 電機機械→11507
2026-09-06T08:13:42+08:00	revenue/2026-07.csv	4554	market: tpex→4554; 出表日期: 1150817→橙的; 資料年月: 11507→2026-07; 公司代號: 4554→tpex; 公司名稱: 橙的→1150817; 產業別: 其他電子業→11507
2026-09-06T08:13:42+08:00	revenue/2026-07.csv	4555	market: twse→4555; 出表日期: 1150817→氣立; 資料年月: 11507→2026-07; 公司代號: 4555→twse; 公司名稱: 氣立→1150817; 產業別: 電機機械→11507
2026-09-06T08:13:42+08:00	revenue/2026-07.csv	4556	market: tpex→4556; 出表日期: 1150817→旭然; 資料年月: 11507→2026-07; 公司代號: 4556→tpex; 公司名稱: 旭然→1150817; 產業別: 其他→11507
2026-09-06T08:13:42+08:00	revenue/2026-07.csv	4557	market: twse→4557; 出表日期: 1150817→永新-KY; 資料年月: 11507→2026-07; 公司代號: 4557→twse; 公司名稱: 永新-KY→1150817; 產業別: 汽車工業→11507
2026-09-06T08:13:42+08:00	revenue/2026-07.csv	4558	market: tpex→4558; 出表日期: 1150817→寶緯; 資料年月: 11507→2026-07; 公司代號: 4558→tpex; 公司名稱: 寶緯→1150817; 產業別: 電機機械→11507
2026-09-06T08:13:42+08:00	revenue/2026-07.csv	4560	market: twse→4560; 出表日期: 1150817→強信-KY; 資料年月: 11507→2026-07; 公司代號: 4560→twse; 公司名稱: 強信-KY→1150817; 產業別: 電機機械→11507
2026-09-06T08:13:42+08:00	revenue/2026-07.csv	4561	market: tpex→4561; 出表日期: 1150817→健椿; 資料年月: 11507→2026-07; 公司代號: 4561→tpex; 公司名稱: 健椿→1150817; 產業別: 電機機械→11507
2026-09-06T08:13:42+08:00	revenue/2026-07.csv	4562	market: twse→4562; 出表日期: 1150817→穎漢; 資料年月: 11507→2026-07; 公司代號: 4562→twse; 公司名稱: 穎漢→1150817; 產業別: 電機機械→11507
2026-09-06T08:13:42+08:00	revenue/2026-07.csv	4563	market: tpex→4563; 出表日期: 1150817→百德; 資料年月: 11507→2026-07; 公司代號: 4563→tpex; 公司名稱: 百德→1150817; 產業別: 電機機械→11507
2026-09-06T08:13:42+08:00	revenue/2026-07.csv	4564	market: twse→4564; 出表日期: 1150817→元翎; 資料年月: 11507→2026-07; 公司代號: 4564→twse; 公司名稱: 元翎→1150817; 產業別: 電機機械→11507
2026-09-06T08:13:42+08:00	revenue/2026-07.csv	4566	market: twse→4566; 出表日期: 1150817→時碩工業; 資料年月: 11507→2026-07; 公司代號: 4566→twse; 公司名稱: 時碩工業→1150817; 產業別: 電機機械→11507
2026-09-06T08:13:42+08:00	revenue/2026-07.csv	4568	market: tpex→4568; 出表日期: 1150817→科際精密; 資料年月: 11507→2026-07; 公司代號: 4568→tpex; 公司名稱: 科際精密→1150817; 產業別: 電機機械→11507
2026-09-06T08:13:42+08:00	revenue/2026-07.csv	4569	market: twse→4569; 出表日期: 1150817→六方科-KY; 資料年月: 11507→2026-07; 公司代號: 4569→twse; 公司名稱: 六方科-KY→1150817; 產業別: 汽車工業→11507
2026-09-06T08:13:42+08:00	revenue/2026-07.csv	4571	market: twse→4571; 出表日期: 1150817→鈞興-KY; 資料年月: 11507→2026-07; 公司代號: 4571→twse; 公司名稱: 鈞興-KY→1150817; 產業別: 電機機械→11507
2026-09-06T08:13:42+08:00	revenue/2026-07.csv	4572	market: twse→4572; 出表日期: 1150817→駐龍; 資料年月: 11507→2026-07; 公司代號: 4572→twse; 公司名稱: 駐龍→1150817; 產業別: 電機機械→11507
2026-09-06T08:13:42+08:00	revenue/2026-07.csv	4576	market: twse→4576; 出表日期: 1150817→大銀微系統; 資料年月: 11507→2026-07; 公司代號: 4576→twse; 公司名稱: 大銀微系統→1150817; 產業別: 電機機械→11507
2026-09-06T08:13:42+08:00	revenue/2026-07.csv	4577	market: tpex→4577; 出表日期: 1150817→達航科技; 資料年月: 11507→2026-07; 公司代號: 4577→tpex; 公司名稱: 達航科技→1150817; 產業別: 其他電子業→11507
2026-09-06T08:13:42+08:00	revenue/2026-07.csv	4580	market: tpex→4580; 出表日期: 1150817→捷流閥業; 資料年月: 11507→2026-07; 公司代號: 4580→tpex; 公司名稱: 捷流閥業→1150817; 產業別: 電機機械→11507
2026-09-06T08:13:42+08:00	revenue/2026-07.csv	4581	market: twse→4581; 出表日期: 1150817→光隆精密-KY; 資料年月: 11507→2026-07; 公司代號: 4581→twse; 公司名稱: 光隆精密-KY→1150817; 產業別: 汽車工業→11507
2026-09-06T08:13:42+08:00	revenue/2026-07.csv	4582	market: twse→4582; 出表日期: 1150817→聚恆-創; 資料年月: 11507→2026-07; 公司代號: 4582→twse; 公司名稱: 聚恆-創→1150817; 產業別: 綠能環保→11507
2026-09-06T08:13:42+08:00	revenue/2026-07.csv	4583	market: twse→4583; 出表日期: 1150817→台灣精銳; 資料年月: 11507→2026-07; 公司代號: 4583→twse; 公司名稱: 台灣精銳→1150817; 產業別: 電機機械→11507
2026-09-06T08:13:42+08:00	revenue/2026-07.csv	4584	market: tpex→4584; 出表日期: 1150817→君帆; 資料年月: 11507→2026-07; 公司代號: 4584→tpex; 公司名稱: 君帆→1150817; 產業別: 電機機械→11507
2026-09-06T08:13:42+08:00	revenue/2026-07.csv	4585	market: twse→4585; 出表日期: 1150817→達明; 資料年月: 11507→2026-07; 公司代號: 4585→twse; 公司名稱: 達明→1150817; 產業別: 其他電子業→11507
2026-09-06T08:13:42+08:00	revenue/2026-07.csv	4588	market: twse→4588; 出表日期: 1150817→玖鼎電力; 資料年月: 11507→2026-07; 公司代號: 4588→twse; 公司名稱: 玖鼎電力→1150817; 產業別: 其他電子業→11507
2026-09-06T08:13:42+08:00	revenue/2026-07.csv	4590	market: twse→4590; 出表日期: 1150817→富田-創; 資料年月: 11507→2026-07; 公司代號: 4590→twse; 公司名稱: 富田-創→1150817; 產業別: 電機機械→11507
2026-09-06T08:13:42+08:00	revenue/2026-07.csv	4609	market: tpex→4609; 出表日期: 1150817→唐鋒; 資料年月: 11507→2026-07; 公司代號: 4609→tpex; 公司名稱: 唐鋒→1150817; 產業別: 居家生活→11507
2026-09-06T08:13:42+08:00	revenue/2026-07.csv	4702	market: tpex→4702; 出表日期: 1150817→中美實; 資料年月: 11507→2026-07; 公司代號: 4702→tpex; 公司名稱: 中美實→1150817; 產業別: 居家生活→11507
2026-09-06T08:13:42+08:00	revenue/2026-07.csv	4706	market: tpex→4706; 出表日期: 1150817→大恭; 資料年月: 11507→2026-07; 公司代號: 4706→tpex; 公司名稱: 大恭→1150817; 產業別: 化學工業→11507
2026-09-06T08:13:42+08:00	revenue/2026-07.csv	4707	market: tpex→4707; 出表日期: 1150817→磐亞; 資料年月: 11507→2026-07; 公司代號: 4707→tpex; 公司名稱: 磐亞→1150817; 產業別: 化學工業→11507
2026-09-06T08:13:42+08:00	revenue/2026-07.csv	4711	market: tpex→4711; 出表日期: 1150817→永純; 資料年月: 11507→2026-07; 公司代號: 4711→tpex; 公司名稱: 永純→1150817; 產業別: 化學工業→11507
2026-09-06T08:13:42+08:00	revenue/2026-07.csv	4714	market: tpex→4714; 出表日期: 1150817→永捷; 資料年月: 11507→2026-07; 公司代號: 4714→tpex; 公司名稱: 永捷→1150817; 產業別: 化學工業→11507
2026-09-06T08:13:42+08:00	revenue/2026-07.csv	4716	market: tpex→4716; 出表日期: 1150817→大立; 資料年月: 11507→2026-07; 公司代號: 4716→tpex; 公司名稱: 大立→1150817; 產業別: 化學工業→11507
2026-09-06T08:13:42+08:00	revenue/2026-07.csv	4720	market: twse→4720; 出表日期: 1150817→德淵; 資料年月: 11507→2026-07; 公司代號: 4720→twse; 公司名稱: 德淵→1150817; 產業別: 化學工業→11507
2026-09-06T08:13:42+08:00	revenue/2026-07.csv	4721	market: tpex→4721; 出表日期: 1150817→美琪瑪; 資料年月: 11507→2026-07; 公司代號: 4721→tpex; 公司名稱: 美琪瑪→1150817; 產業別: 化學工業→11507
2026-09-06T08:13:42+08:00	revenue/2026-07.csv	4722	market: twse→4722; 出表日期: 1150817→國精化; 資料年月: 11507→2026-07; 公司代號: 4722→twse; 公司名稱: 國精化→1150817; 產業別: 化學工業→11507
2026-09-06T08:13:42+08:00	revenue/2026-07.csv	4726	market: tpex→4726; 出表日期: 1150817→永昕; 資料年月: 11507→2026-07; 公司代號: 4726→tpex; 公司名稱: 永昕→1150817; 產業別: 生技醫療業→11507
2026-09-06T08:13:42+08:00	revenue/2026-07.csv	4728	market: tpex→4728; 出表日期: 1150817→雙美; 資料年月: 11507→2026-07; 公司代號: 4728→tpex; 公司名稱: 雙美→1150817; 產業別: 生技醫療業→11507
2026-09-06T08:13:42+08:00	revenue/2026-07.csv	4729	market: tpex→4729; 出表日期: 1150817→熒茂; 資料年月: 11507→2026-07; 公司代號: 4729→tpex; 公司名稱: 熒茂→1150817; 產業別: 光電業→11507
2026-09-06T08:13:42+08:00	revenue/2026-07.csv	4735	market: tpex→4735; 出表日期: 1150817→豪展; 資料年月: 11507→2026-07; 公司代號: 4735→tpex; 公司名稱: 豪展→1150817; 產業別: 生技醫療業→11507
2026-09-06T08:13:42+08:00	revenue/2026-07.csv	4736	market: twse→4736; 出表日期: 1150817→泰博; 資料年月: 11507→2026-07; 公司代號: 4736→twse; 公司名稱: 泰博→1150817; 產業別: 生技醫療業→11507
2026-09-06T08:13:42+08:00	revenue/2026-07.csv	4737	market: twse→4737; 出表日期: 1150817→華廣; 資料年月: 11507→2026-07; 公司代號: 4737→twse; 公司名稱: 華廣→1150817; 產業別: 生技醫療業→11507
2026-09-06T08:13:42+08:00	revenue/2026-07.csv	4739	market: twse→4739; 出表日期: 1150817→康普; 資料年月: 11507→2026-07; 公司代號: 4739→twse; 公司名稱: 康普→1150817; 產業別: 化學工業→11507
2026-09-06T08:13:42+08:00	revenue/2026-07.csv	4741	market: tpex→4741; 出表日期: 1150817→泓瀚; 資料年月: 11507→2026-07; 公司代號: 4741→tpex; 公司名稱: 泓瀚→1150817; 產業別: 化學工業→11507
2026-09-06T08:13:42+08:00	revenue/2026-07.csv	4743	market: tpex→4743; 出表日期: 1150817→合一; 資料年月: 11507→2026-07; 公司代號: 4743→tpex; 公司名稱: 合一→1150817; 產業別: 生技醫療業→11507
2026-09-06T08:13:42+08:00	revenue/2026-07.csv	4744	market: tpex→4744; 出表日期: 1150817→皇將; 資料年月: 11507→2026-07; 公司代號: 4744→tpex; 公司名稱: 皇將→1150817; 產業別: 生技醫療業→11507
2026-09-06T08:13:42+08:00	revenue/2026-07.csv	4745	market: tpex→4745; 出表日期: 1150817→合富-KY; 資料年月: 11507→2026-07; 公司代號: 4745→tpex; 公司名稱: 合富-KY→1150817; 產業別: 生技醫療業→11507
2026-09-06T08:13:42+08:00	revenue/2026-07.csv	4746	market: twse→4746; 出表日期: 1150817→台耀; 資料年月: 11507→2026-07; 公司代號: 4746→twse; 公司名稱: 台耀→1150817; 產業別: 生技醫療業→11507
2026-09-06T08:13:42+08:00	revenue/2026-07.csv	4747	market: tpex→4747; 出表日期: 1150817→強生製藥; 資料年月: 11507→2026-07; 公司代號: 4747→tpex; 公司名稱: 強生製藥→1150817; 產業別: 生技醫療業→11507
2026-09-06T08:13:42+08:00	revenue/2026-07.csv	4749	market: tpex→4749; 出表日期: 1150817→新應材; 資料年月: 11507→2026-07; 公司代號: 4749→tpex; 公司名稱: 新應材→1150817; 產業別: 半導體業→11507
2026-09-06T08:13:42+08:00	revenue/2026-07.csv	4754	market: tpex→4754; 出表日期: 1150817→國碳科; 資料年月: 11507→2026-07; 公司代號: 4754→tpex; 公司名稱: 國碳科→1150817; 產業別: 化學工業→11507
2026-09-06T08:13:42+08:00	revenue/2026-07.csv	4755	market: twse→4755; 出表日期: 1150817→三福化; 資料年月: 11507→2026-07; 公司代號: 4755→twse; 公司名稱: 三福化→1150817; 產業別: 化學工業→11507
2026-09-06T08:13:42+08:00	revenue/2026-07.csv	4760	market: tpex→4760; 出表日期: 1150817→勤凱科技; 資料年月: 11507→2026-07; 公司代號: 4760→tpex; 公司名稱: 勤凱科技→1150817; 產業別: 其他電子業→11507
2026-09-06T08:13:42+08:00	revenue/2026-07.csv	4763	market: twse→4763; 出表日期: 1150817→材料*-KY; 資料年月: 11507→2026-07; 公司代號: 4763→twse; 公司名稱: 材料*-KY→1150817; 產業別: 化學工業→11507
2026-09-06T08:13:42+08:00	revenue/2026-07.csv	4764	market: twse→4764; 出表日期: 1150817→雙鍵; 資料年月: 11507→2026-07; 公司代號: 4764→twse; 公司名稱: 雙鍵→1150817; 產業別: 化學工業→11507
2026-09-06T08:13:42+08:00	revenue/2026-07.csv	4766	market: twse→4766; 出表日期: 1150817→南寶; 資料年月: 11507→2026-07; 公司代號: 4766→twse; 公司名稱: 南寶→1150817; 產業別: 化學工業→11507
2026-09-06T08:13:42+08:00	revenue/2026-07.csv	4767	market: tpex→4767; 出表日期: 1150817→誠泰科技; 資料年月: 11507→2026-07; 公司代號: 4767→tpex; 公司名稱: 誠泰科技→1150817; 產業別: 化學工業→11507
2026-09-06T08:13:42+08:00	revenue/2026-07.csv	4768	market: tpex→4768; 出表日期: 1150817→晶呈科技; 資料年月: 11507→2026-07; 公司代號: 4768→tpex; 公司名稱: 晶呈科技→1150817; 產業別: 化學工業→11507
2026-09-06T08:13:42+08:00	revenue/2026-07.csv	4770	market: twse→4770; 出表日期: 1150817→上品; 資料年月: 11507→2026-07; 公司代號: 4770→twse; 公司名稱: 上品→1150817; 產業別: 化學工業→11507
2026-09-06T08:13:42+08:00	revenue/2026-07.csv	4771	market: twse→4771; 出表日期: 1150817→望隼; 資料年月: 11507→2026-07; 公司代號: 4771→twse; 公司名稱: 望隼→1150817; 產業別: 生技醫療業→11507
2026-09-06T08:13:42+08:00	revenue/2026-07.csv	4772	market: tpex→4772; 出表日期: 1150817→台特化; 資料年月: 11507→2026-07; 公司代號: 4772→tpex; 公司名稱: 台特化→1150817; 產業別: 化學工業→11507
2026-09-06T08:13:42+08:00	revenue/2026-07.csv	4804	market: tpex→4804; 出表日期: 1150817→大略-KY; 資料年月: 11507→2026-07; 公司代號: 4804→tpex; 公司名稱: 大略-KY→1150817; 產業別: 觀光餐旅→11507
2026-09-06T08:13:42+08:00	revenue/2026-07.csv	4806	market: tpex→4806; 出表日期: 1150817→桂田文創; 資料年月: 11507→2026-07; 公司代號: 4806→tpex; 公司名稱: 桂田文創→1150817; 產業別: 文化創意業→11507
2026-09-06T08:13:42+08:00	revenue/2026-07.csv	4807	market: twse→4807; 出表日期: 1150817→日成-KY; 資料年月: 11507→2026-07; 公司代號: 4807→twse; 公司名稱: 日成-KY→1150817; 產業別: 貿易百貨→11507
2026-09-06T08:13:42+08:00	revenue/2026-07.csv	4903	market: tpex→4903; 出表日期: 1150817→聯光通; 資料年月: 11507→2026-07; 公司代號: 4903→tpex; 公司名稱: 聯光通→1150817; 產業別: 通信網路業→11507
2026-09-06T08:13:42+08:00	revenue/2026-07.csv	4904	market: twse→4904; 出表日期: 1150817→遠傳; 資料年月: 11507→2026-07; 公司代號: 4904→twse; 公司名稱: 遠傳→1150817; 產業別: 通信網路業→11507
2026-09-06T08:13:42+08:00	revenue/2026-07.csv	4905	market: tpex→4905; 出表日期: 1150817→台聯電; 資料年月: 11507→2026-07; 公司代號: 4905→tpex; 公司名稱: 台聯電→1150817; 產業別: 生技醫療業→11507
2026-09-06T08:13:42+08:00	revenue/2026-07.csv	4906	market: twse→4906; 出表日期: 1150817→正文; 資料年月: 11507→2026-07; 公司代號: 4906→twse; 公司名稱: 正文→1150817; 產業別: 通信網路業→11507
2026-09-06T08:13:42+08:00	revenue/2026-07.csv	4907	market: tpex→4907; 出表日期: 1150817→富宇; 資料年月: 11507→2026-07; 公司代號: 4907→tpex; 公司名稱: 富宇→1150817; 產業別: 建材營造→11507
2026-09-06T08:13:42+08:00	revenue/2026-07.csv	4908	market: tpex→4908; 出表日期: 1150817→前鼎; 資料年月: 11507→2026-07; 公司代號: 4908→tpex; 公司名稱: 前鼎→1150817; 產業別: 通信網路業→11507
2026-09-06T08:13:42+08:00	revenue/2026-07.csv	4909	market: tpex→4909; 出表日期: 1150817→新復興; 資料年月: 11507→2026-07; 公司代號: 4909→tpex; 公司名稱: 新復興→1150817; 產業別: 通信網路業→11507
2026-09-06T08:13:42+08:00	revenue/2026-07.csv	4911	market: tpex→4911; 出表日期: 1150817→德英; 資料年月: 11507→2026-07; 公司代號: 4911→tpex; 公司名稱: 德英→1150817; 產業別: 生技醫療業→11507
2026-09-06T08:13:42+08:00	revenue/2026-07.csv	4912	market: twse→4912; 出表日期: 1150817→聯德控股-KY; 資料年月: 11507→2026-07; 公司代號: 4912→twse; 公司名稱: 聯德控股-KY→1150817; 產業別: 電子零組件業→11507
2026-09-06T08:13:42+08:00	revenue/2026-07.csv	4915	market: twse→4915; 出表日期: 1150817→致伸; 資料年月: 11507→2026-07; 公司代號: 4915→twse; 公司名稱: 致伸→1150817; 產業別: 電子零組件業→11507
2026-09-06T08:13:42+08:00	revenue/2026-07.csv	4916	market: twse→4916; 出表日期: 1150817→事欣科; 資料年月: 11507→2026-07; 公司代號: 4916→twse; 公司名稱: 事欣科→1150817; 產業別: 電腦及週邊設備業→11507
2026-09-06T08:13:42+08:00	revenue/2026-07.csv	4919	market: twse→4919; 出表日期: 1150817→新唐; 資料年月: 11507→2026-07; 公司代號: 4919→twse; 公司名稱: 新唐→1150817; 產業別: 半導體業→11507
2026-09-06T08:13:42+08:00	revenue/2026-07.csv	4923	market: tpex→4923; 出表日期: 1150817→力士; 資料年月: 11507→2026-07; 公司代號: 4923→tpex; 公司名稱: 力士→1150817; 產業別: 半導體業→11507
2026-09-06T08:13:42+08:00	revenue/2026-07.csv	4924	market: tpex→4924; 出表日期: 1150817→欣厚-KY; 資料年月: 11507→2026-07; 公司代號: 4924→tpex; 公司名稱: 欣厚-KY→1150817; 產業別: 綠能環保→11507
2026-09-06T08:13:42+08:00	revenue/2026-07.csv	4927	market: twse→4927; 出表日期: 1150817→泰鼎-KY; 資料年月: 11507→2026-07; 公司代號: 4927→twse; 公司名稱: 泰鼎-KY→1150817; 產業別: 電子零組件業→11507
2026-09-06T08:13:42+08:00	revenue/2026-07.csv	4930	market: twse→4930; 出表日期: 1150817→燦星網; 資料年月: 11507→2026-07; 公司代號: 4930→twse; 公司名稱: 燦星網→1150817; 產業別: 電器電纜→11507
2026-09-06T08:13:42+08:00	revenue/2026-07.csv	4931	market: tpex→4931; 出表日期: 1150817→新盛力; 資料年月: 11507→2026-07; 公司代號: 4931→tpex; 公司名稱: 新盛力→1150817; 產業別: 電腦及週邊設備業→11507
2026-09-06T08:13:42+08:00	revenue/2026-07.csv	4933	market: tpex→4933; 出表日期: 1150817→友輝; 資料年月: 11507→2026-07; 公司代號: 4933→tpex; 公司名稱: 友輝→1150817; 產業別: 光電業→11507
2026-09-06T08:13:42+08:00	revenue/2026-07.csv	4934	market: twse→4934; 出表日期: 1150817→太極; 資料年月: 11507→2026-07; 公司代號: 4934→twse; 公司名稱: 太極→1150817; 產業別: 光電業→11507
2026-09-06T08:13:42+08:00	revenue/2026-07.csv	4935	market: twse→4935; 出表日期: 1150817→茂林-KY; 資料年月: 11507→2026-07; 公司代號: 4935→twse; 公司名稱: 茂林-KY→1150817; 產業別: 光電業→11507
2026-09-06T08:13:42+08:00	revenue/2026-07.csv	4938	market: twse→4938; 出表日期: 1150817→和碩; 資料年月: 11507→2026-07; 公司代號: 4938→twse; 公司名稱: 和碩→1150817; 產業別: 電腦及週邊設備業→11507
2026-09-06T08:13:42+08:00	revenue/2026-07.csv	4939	market: tpex→4939; 出表日期: 1150817→亞電; 資料年月: 11507→2026-07; 公司代號: 4939→tpex; 公司名稱: 亞電→1150817; 產業別: 電子零組件業→11507
2026-09-06T08:13:42+08:00	revenue/2026-07.csv	4942	market: twse→4942; 出表日期: 1150817→嘉彰; 資料年月: 11507→2026-07; 公司代號: 4942→twse; 公司名稱: 嘉彰→1150817; 產業別: 光電業→11507
2026-09-06T08:13:42+08:00	revenue/2026-07.csv	4943	market: twse→4943; 出表日期: 1150817→康控-KY; 資料年月: 11507→2026-07; 公司代號: 4943→twse; 公司名稱: 康控-KY→1150817; 產業別: 電子零組件業→11507
2026-09-06T08:13:42+08:00	revenue/2026-07.csv	4946	market: tpex→4946; 出表日期: 1150817→辣椒; 資料年月: 11507→2026-07; 公司代號: 4946→tpex; 公司名稱: 辣椒→1150817; 產業別: 文化創意業→11507
2026-09-06T08:13:42+08:00	revenue/2026-07.csv	4949	market: twse→4949; 出表日期: 1150817→有成精密; 資料年月: 11507→2026-07; 公司代號: 4949→twse; 公司名稱: 有成精密→1150817; 產業別: 光電業→11507
2026-09-06T08:13:42+08:00	revenue/2026-07.csv	4950	market: tpex→4950; 出表日期: 1150817→金耘國際; 資料年月: 11507→2026-07; 公司代號: 4950→tpex; 公司名稱: 金耘國際→1150817; 產業別: 鋼鐵工業→11507
2026-09-06T08:13:42+08:00	revenue/2026-07.csv	4951	market: tpex→4951; 出表日期: 1150817→精拓科; 資料年月: 11507→2026-07; 公司代號: 4951→tpex; 公司名稱: 精拓科→1150817; 產業別: 半導體業→11507
2026-09-06T08:13:42+08:00	revenue/2026-07.csv	4952	market: twse→4952; 出表日期: 1150817→凌通; 資料年月: 11507→2026-07; 公司代號: 4952→twse; 公司名稱: 凌通→1150817; 產業別: 半導體業→11507
2026-09-06T08:13:42+08:00	revenue/2026-07.csv	4953	market: tpex→4953; 出表日期: 1150817→緯致; 資料年月: 11507→2026-07; 公司代號: 4953→tpex; 公司名稱: 緯致→1150817; 產業別: 資訊服務業→11507
2026-09-06T08:13:42+08:00	revenue/2026-07.csv	4956	market: twse→4956; 出表日期: 1150817→光鋐; 資料年月: 11507→2026-07; 公司代號: 4956→twse; 公司名稱: 光鋐→1150817; 產業別: 光電業→11507
2026-09-06T08:13:42+08:00	revenue/2026-07.csv	4958	market: twse→4958; 出表日期: 1150817→臻鼎-KY; 資料年月: 11507→2026-07; 公司代號: 4958→twse; 公司名稱: 臻鼎-KY→1150817; 產業別: 電子零組件業→11507
2026-09-06T08:13:42+08:00	revenue/2026-07.csv	4960	market: twse→4960; 出表日期: 1150817→誠美材; 資料年月: 11507→2026-07; 公司代號: 4960→twse; 公司名稱: 誠美材→1150817; 產業別: 光電業→11507
2026-09-06T08:13:42+08:00	revenue/2026-07.csv	4961	market: twse→4961; 出表日期: 1150817→天鈺; 資料年月: 11507→2026-07; 公司代號: 4961→twse; 公司名稱: 天鈺→1150817; 產業別: 半導體業→11507
2026-09-06T08:13:42+08:00	revenue/2026-07.csv	4966	market: tpex→4966; 出表日期: 1150817→譜瑞-KY; 資料年月: 11507→2026-07; 公司代號: 4966→tpex; 公司名稱: 譜瑞-KY→1150817; 產業別: 半導體業→11507
2026-09-06T08:13:42+08:00	revenue/2026-07.csv	4967	market: twse→4967; 出表日期: 1150817→十銓; 資料年月: 11507→2026-07; 公司代號: 4967→twse; 公司名稱: 十銓→1150817; 產業別: 半導體業→11507
2026-09-06T08:13:42+08:00	revenue/2026-07.csv	4968	market: twse→4968; 出表日期: 1150817→立積; 資料年月: 11507→2026-07; 公司代號: 4968→twse; 公司名稱: 立積→1150817; 產業別: 半導體業→11507
2026-09-06T08:13:42+08:00	revenue/2026-07.csv	4971	market: tpex→4971; 出表日期: 1150817→IET-KY; 資料年月: 11507→2026-07; 公司代號: 4971→tpex; 公司名稱: IET-KY→1150817; 產業別: 半導體業→11507
2026-09-06T08:13:42+08:00	revenue/2026-07.csv	4972	market: tpex→4972; 出表日期: 1150817→湯石照明; 資料年月: 11507→2026-07; 公司代號: 4972→tpex; 公司名稱: 湯石照明→1150817; 產業別: 光電業→11507
2026-09-06T08:13:42+08:00	revenue/2026-07.csv	4973	market: tpex→4973; 出表日期: 1150817→廣穎電通; 資料年月: 11507→2026-07; 公司代號: 4973→tpex; 公司名稱: 廣穎電通→1150817; 產業別: 半導體業→11507
2026-09-06T08:13:42+08:00	revenue/2026-07.csv	4974	market: tpex→4974; 出表日期: 1150817→亞泰; 資料年月: 11507→2026-07; 公司代號: 4974→tpex; 公司名稱: 亞泰→1150817; 產業別: 電子零組件業→11507
2026-09-06T08:13:42+08:00	revenue/2026-07.csv	4976	market: twse→4976; 出表日期: 1150817→佳凌; 資料年月: 11507→2026-07; 公司代號: 4976→twse; 公司名稱: 佳凌→1150817; 產業別: 光電業→11507
2026-09-06T08:13:42+08:00	revenue/2026-07.csv	4977	market: twse→4977; 出表日期: 1150817→眾達-KY; 資料年月: 11507→2026-07; 公司代號: 4977→twse; 公司名稱: 眾達-KY→1150817; 產業別: 通信網路業→11507
2026-09-06T08:13:42+08:00	revenue/2026-07.csv	4979	market: tpex→4979; 出表日期: 1150817→華星光; 資料年月: 11507→2026-07; 公司代號: 4979→tpex; 公司名稱: 華星光→1150817; 產業別: 通信網路業→11507
2026-09-06T08:13:42+08:00	revenue/2026-07.csv	4989	market: twse→4989; 出表日期: 1150817→榮科; 資料年月: 11507→2026-07; 公司代號: 4989→twse; 公司名稱: 榮科→1150817; 產業別: 電子零組件業→11507
2026-09-06T08:13:42+08:00	revenue/2026-07.csv	4991	market: tpex→4991; 出表日期: 1150817→環宇-KY; 資料年月: 11507→2026-07; 公司代號: 4991→tpex; 公司名稱: 環宇-KY→1150817; 產業別: 半導體業→11507
2026-09-06T08:13:42+08:00	revenue/2026-07.csv	4994	market: twse→4994; 出表日期: 1150817→傳奇; 資料年月: 11507→2026-07; 公司代號: 4994→twse; 公司名稱: 傳奇→1150817; 產業別: 資訊服務業→11507
2026-09-06T08:13:42+08:00	revenue/2026-07.csv	4995	market: tpex→4995; 出表日期: 1150817→晶達; 資料年月: 11507→2026-07; 公司代號: 4995→tpex; 公司名稱: 晶達→1150817; 產業別: 光電業→11507
2026-09-06T08:13:42+08:00	revenue/2026-07.csv	4999	market: twse→4999; 出表日期: 1150817→鑫禾; 資料年月: 11507→2026-07; 公司代號: 4999→twse; 公司名稱: 鑫禾→1150817; 產業別: 電子零組件業→11507
2026-09-06T08:13:42+08:00	revenue/2026-07.csv	5007	market: twse→5007; 出表日期: 1150817→三星; 資料年月: 11507→2026-07; 公司代號: 5007→twse; 公司名稱: 三星→1150817; 產業別: 鋼鐵工業→11507
2026-09-06T08:13:42+08:00	revenue/2026-07.csv	5009	market: tpex→5009; 出表日期: 1150817→榮剛; 資料年月: 11507→2026-07; 公司代號: 5009→tpex; 公司名稱: 榮剛→1150817; 產業別: 鋼鐵工業→11507
2026-09-06T08:13:42+08:00	revenue/2026-07.csv	5011	market: tpex→5011; 出表日期: 1150817→久陽; 資料年月: 11507→2026-07; 公司代號: 5011→tpex; 公司名稱: 久陽→1150817; 產業別: 鋼鐵工業→11507
2026-09-06T08:13:42+08:00	revenue/2026-07.csv	5013	market: tpex→5013; 出表日期: 1150817→強新; 資料年月: 11507→2026-07; 公司代號: 5013→tpex; 公司名稱: 強新→1150817; 產業別: 鋼鐵工業→11507
2026-09-06T08:13:42+08:00	revenue/2026-07.csv	5014	market: tpex→5014; 出表日期: 1150817→建錩; 資料年月: 11507→2026-07; 公司代號: 5014→tpex; 公司名稱: 建錩→1150817; 產業別: 鋼鐵工業→11507
2026-09-06T08:13:42+08:00	revenue/2026-07.csv	5015	market: tpex→5015; 出表日期: 1150817→華祺; 資料年月: 11507→2026-07; 公司代號: 5015→tpex; 公司名稱: 華祺→1150817; 產業別: 鋼鐵工業→11507
2026-09-06T08:13:42+08:00	revenue/2026-07.csv	5016	market: tpex→5016; 出表日期: 1150817→松和; 資料年月: 11507→2026-07; 公司代號: 5016→tpex; 公司名稱: 松和→1150817; 產業別: 鋼鐵工業→11507
2026-09-06T08:13:42+08:00	revenue/2026-07.csv	5201	market: tpex→5201; 出表日期: 1150817→凱衛; 資料年月: 11507→2026-07; 公司代號: 5201→tpex; 公司名稱: 凱衛→1150817; 產業別: 資訊服務業→11507
2026-09-06T08:13:42+08:00	revenue/2026-07.csv	5202	market: tpex→5202; 出表日期: 1150817→力新; 資料年月: 11507→2026-07; 公司代號: 5202→tpex; 公司名稱: 力新→1150817; 產業別: 資訊服務業→11507
2026-09-06T08:13:42+08:00	revenue/2026-07.csv	5203	market: twse→5203; 出表日期: 1150817→訊連; 資料年月: 11507→2026-07; 公司代號: 5203→twse; 公司名稱: 訊連→1150817; 產業別: 資訊服務業→11507
2026-09-06T08:13:42+08:00	revenue/2026-07.csv	5205	market: tpex→5205; 出表日期: 1150817→中茂; 資料年月: 11507→2026-07; 公司代號: 5205→tpex; 公司名稱: 中茂→1150817; 產業別: 綠能環保→11507
2026-09-06T08:13:42+08:00	revenue/2026-07.csv	5206	market: tpex→5206; 出表日期: 1150817→坤悅; 資料年月: 11507→2026-07; 公司代號: 5206→tpex; 公司名稱: 坤悅→1150817; 產業別: 建材營造→11507
2026-09-06T08:13:42+08:00	revenue/2026-07.csv	5209	market: tpex→5209; 出表日期: 1150817→新鼎; 資料年月: 11507→2026-07; 公司代號: 5209→tpex; 公司名稱: 新鼎→1150817; 產業別: 其他→11507
2026-09-06T08:13:42+08:00	revenue/2026-07.csv	5210	market: tpex→5210; 出表日期: 1150817→寶碩; 資料年月: 11507→2026-07; 公司代號: 5210→tpex; 公司名稱: 寶碩→1150817; 產業別: 資訊服務業→11507
2026-09-06T08:13:42+08:00	revenue/2026-07.csv	5211	market: tpex→5211; 出表日期: 1150817→蒙恬; 資料年月: 11507→2026-07; 公司代號: 5211→tpex; 公司名稱: 蒙恬→1150817; 產業別: 資訊服務業→11507
2026-09-06T08:13:42+08:00	revenue/2026-07.csv	5212	market: tpex→5212; 出表日期: 1150817→凌網; 資料年月: 11507→2026-07; 公司代號: 5212→tpex; 公司名稱: 凌網→1150817; 產業別: 資訊服務業→11507
2026-09-06T08:13:42+08:00	revenue/2026-07.csv	5213	market: tpex→5213; 出表日期: 1150817→亞昕; 資料年月: 11507→2026-07; 公司代號: 5213→tpex; 公司名稱: 亞昕→1150817; 產業別: 建材營造→11507
2026-09-06T08:13:42+08:00	revenue/2026-07.csv	5215	market: twse→5215; 出表日期: 1150817→科嘉-KY; 資料年月: 11507→2026-07; 公司代號: 5215→twse; 公司名稱: 科嘉-KY→1150817; 產業別: 電腦及週邊設備業→11507
2026-09-06T08:13:42+08:00	revenue/2026-07.csv	5220	market: tpex→5220; 出表日期: 1150817→萬達光電; 資料年月: 11507→2026-07; 公司代號: 5220→tpex; 公司名稱: 萬達光電→1150817; 產業別: 光電業→11507
2026-09-06T08:13:42+08:00	revenue/2026-07.csv	5222	market: twse→5222; 出表日期: 1150817→全訊; 資料年月: 11507→2026-07; 公司代號: 5222→twse; 公司名稱: 全訊→1150817; 產業別: 半導體業→11507
2026-09-06T08:13:42+08:00	revenue/2026-07.csv	5223	market: tpex→5223; 出表日期: 1150817→安力-KY; 資料年月: 11507→2026-07; 公司代號: 5223→tpex; 公司名稱: 安力-KY→1150817; 產業別: 電腦及週邊設備業→11507
2026-09-06T08:13:42+08:00	revenue/2026-07.csv	5225	market: twse→5225; 出表日期: 1150817→東科-KY; 資料年月: 11507→2026-07; 公司代號: 5225→twse; 公司名稱: 東科-KY→1150817; 產業別: 其他電子業→11507
2026-09-06T08:13:42+08:00	revenue/2026-07.csv	5227	market: tpex→5227; 出表日期: 1150817→立凱-KY; 資料年月: 11507→2026-07; 公司代號: 5227→tpex; 公司名稱: 立凱-KY→1150817; 產業別: 電子零組件業→11507
2026-09-06T08:13:42+08:00	revenue/2026-07.csv	5228	market: tpex→5228; 出表日期: 1150817→鈺鎧; 資料年月: 11507→2026-07; 公司代號: 5228→tpex; 公司名稱: 鈺鎧→1150817; 產業別: 電子零組件業→11507
2026-09-06T08:13:42+08:00	revenue/2026-07.csv	5230	market: tpex→5230; 出表日期: 1150817→雷笛克光學; 資料年月: 11507→2026-07; 公司代號: 5230→tpex; 公司名稱: 雷笛克光學→1150817; 產業別: 光電業→11507
2026-09-06T08:13:42+08:00	revenue/2026-07.csv	5234	market: twse→5234; 出表日期: 1150817→達興材料; 資料年月: 11507→2026-07; 公司代號: 5234→twse; 公司名稱: 達興材料→1150817; 產業別: 光電業→11507
2026-09-06T08:13:42+08:00	revenue/2026-07.csv	5236	market: twse→5236; 出表日期: 1150817→凌陽創新; 資料年月: 11507→2026-07; 公司代號: 5236→twse; 公司名稱: 凌陽創新→1150817; 產業別: 半導體業→11507
2026-09-06T08:13:42+08:00	revenue/2026-07.csv	5243	market: twse→5243; 出表日期: 1150817→乙盛-KY; 資料年月: 11507→2026-07; 公司代號: 5243→twse; 公司名稱: 乙盛-KY→1150817; 產業別: 光電業→11507
2026-09-06T08:13:42+08:00	revenue/2026-07.csv	5244	market: twse→5244; 出表日期: 1150817→弘凱; 資料年月: 11507→2026-07; 公司代號: 5244→twse; 公司名稱: 弘凱→1150817; 產業別: 光電業→11507
2026-09-06T08:13:42+08:00	revenue/2026-07.csv	5245	market: tpex→5245; 出表日期: 1150817→智晶; 資料年月: 11507→2026-07; 公司代號: 5245→tpex; 公司名稱: 智晶→1150817; 產業別: 光電業→11507
2026-09-06T08:13:42+08:00	revenue/2026-07.csv	5251	market: tpex→5251; 出表日期: 1150817→天鉞電; 資料年月: 11507→2026-07; 公司代號: 5251→tpex; 公司名稱: 天鉞電→1150817; 產業別: 光電業→11507
2026-09-06T08:13:42+08:00	revenue/2026-07.csv	5258	market: twse→5258; 出表日期: 1150817→虹堡; 資料年月: 11507→2026-07; 公司代號: 5258→twse; 公司名稱: 虹堡→1150817; 產業別: 電腦及週邊設備業→11507
2026-09-06T08:13:42+08:00	revenue/2026-07.csv	5263	market: tpex→5263; 出表日期: 1150817→智崴; 資料年月: 11507→2026-07; 公司代號: 5263→tpex; 公司名稱: 智崴→1150817; 產業別: 文化創意業→11507
2026-09-06T08:13:42+08:00	revenue/2026-07.csv	5269	market: twse→5269; 出表日期: 1150817→祥碩; 資料年月: 11507→2026-07; 公司代號: 5269→twse; 公司名稱: 祥碩→1150817; 產業別: 半導體業→11507
2026-09-06T08:13:42+08:00	revenue/2026-07.csv	5272	market: tpex→5272; 出表日期: 1150817→笙科; 資料年月: 11507→2026-07; 公司代號: 5272→tpex; 公司名稱: 笙科→1150817; 產業別: 半導體業→11507
2026-09-06T08:13:42+08:00	revenue/2026-07.csv	5274	market: tpex→5274; 出表日期: 1150817→信驊; 資料年月: 11507→2026-07; 公司代號: 5274→tpex; 公司名稱: 信驊→1150817; 產業別: 半導體業→11507
2026-09-06T08:13:42+08:00	revenue/2026-07.csv	5276	market: tpex→5276; 出表日期: 1150817→達輝-KY; 資料年月: 11507→2026-07; 公司代號: 5276→tpex; 公司名稱: 達輝-KY→1150817; 產業別: 其他→11507
2026-09-06T08:13:42+08:00	revenue/2026-07.csv	5278	market: tpex→5278; 出表日期: 1150817→尚凡*; 資料年月: 11507→2026-07; 公司代號: 5278→tpex; 公司名稱: 尚凡*→1150817; 產業別: 數位雲端→11507
2026-09-06T08:13:42+08:00	revenue/2026-07.csv	5283	market: twse→5283; 出表日期: 1150817→禾聯碩; 資料年月: 11507→2026-07; 公司代號: 5283→twse; 公司名稱: 禾聯碩→1150817; 產業別: 電器電纜→11507
2026-09-06T08:13:42+08:00	revenue/2026-07.csv	5284	market: twse→5284; 出表日期: 1150817→jpp-KY; 資料年月: 11507→2026-07; 公司代號: 5284→twse; 公司名稱: jpp-KY→1150817; 產業別: 其他→11507
2026-09-06T08:13:42+08:00	revenue/2026-07.csv	5285	market: twse→5285; 出表日期: 1150817→界霖; 資料年月: 11507→2026-07; 公司代號: 5285→twse; 公司名稱: 界霖→1150817; 產業別: 半導體業→11507
2026-09-06T08:13:42+08:00	revenue/2026-07.csv	5287	market: tpex→5287; 出表日期: 1150817→數字; 資料年月: 11507→2026-07; 公司代號: 5287→tpex; 公司名稱: 數字→1150817; 產業別: 數位雲端→11507
2026-09-06T08:13:42+08:00	revenue/2026-07.csv	5288	market: twse→5288; 出表日期: 1150817→豐祥-KY; 資料年月: 11507→2026-07; 公司代號: 5288→twse; 公司名稱: 豐祥-KY→1150817; 產業別: 電機機械→11507
2026-09-06T08:13:42+08:00	revenue/2026-07.csv	5289	market: tpex→5289; 出表日期: 1150817→宜鼎; 資料年月: 11507→2026-07; 公司代號: 5289→tpex; 公司名稱: 宜鼎→1150817; 產業別: 電腦及週邊設備業→11507
2026-09-06T08:13:42+08:00	revenue/2026-07.csv	5291	market: tpex→5291; 出表日期: 1150817→邑昇; 資料年月: 11507→2026-07; 公司代號: 5291→tpex; 公司名稱: 邑昇→1150817; 產業別: 電子零組件業→11507
2026-09-06T08:13:42+08:00	revenue/2026-07.csv	5292	market: twse→5292; 出表日期: 1150817→華懋; 資料年月: 11507→2026-07; 公司代號: 5292→twse; 公司名稱: 華懋→1150817; 產業別: 綠能環保→11507
2026-09-06T08:13:42+08:00	revenue/2026-07.csv	5299	market: tpex→5299; 出表日期: 1150817→杰力; 資料年月: 11507→2026-07; 公司代號: 5299→tpex; 公司名稱: 杰力→1150817; 產業別: 半導體業→11507
2026-09-06T08:13:42+08:00	revenue/2026-07.csv	5301	market: tpex→5301; 出表日期: 1150817→寶得利; 資料年月: 11507→2026-07; 公司代號: 5301→tpex; 公司名稱: 寶得利→1150817; 產業別: 觀光餐旅→11507
2026-09-06T08:13:42+08:00	revenue/2026-07.csv	5302	market: tpex→5302; 出表日期: 1150817→太欣; 資料年月: 11507→2026-07; 公司代號: 5302→tpex; 公司名稱: 太欣→1150817; 產業別: 半導體業→11507
2026-09-06T08:13:42+08:00	revenue/2026-07.csv	5306	market: twse→5306; 出表日期: 1150817→桂盟; 資料年月: 11507→2026-07; 公司代號: 5306→twse; 公司名稱: 桂盟→1150817; 產業別: 運動休閒→11507
2026-09-06T08:13:42+08:00	revenue/2026-07.csv	5309	market: tpex→5309; 出表日期: 1150817→系統電; 資料年月: 11507→2026-07; 公司代號: 5309→tpex; 公司名稱: 系統電→1150817; 產業別: 電子零組件業→11507
2026-09-06T08:13:42+08:00	revenue/2026-07.csv	5310	market: tpex→5310; 出表日期: 1150817→天剛; 資料年月: 11507→2026-07; 公司代號: 5310→tpex; 公司名稱: 天剛→1150817; 產業別: 資訊服務業→11507
2026-09-06T08:13:42+08:00	revenue/2026-07.csv	5312	market: tpex→5312; 出表日期: 1150817→寶島科; 資料年月: 11507→2026-07; 公司代號: 5312→tpex; 公司名稱: 寶島科→1150817; 產業別: 生技醫療業→11507
2026-09-06T08:13:42+08:00	revenue/2026-07.csv	5314	market: tpex→5314; 出表日期: 1150817→世紀*; 資料年月: 11507→2026-07; 公司代號: 5314→tpex; 公司名稱: 世紀*→1150817; 產業別: 其他→11507
2026-09-06T08:13:42+08:00	revenue/2026-07.csv	5315	market: tpex→5315; 出表日期: 1150817→光聯; 資料年月: 11507→2026-07; 公司代號: 5315→tpex; 公司名稱: 光聯→1150817; 產業別: 光電業→11507
2026-09-06T08:13:42+08:00	revenue/2026-07.csv	5321	market: tpex→5321; 出表日期: 1150817→美而快; 資料年月: 11507→2026-07; 公司代號: 5321→tpex; 公司名稱: 美而快→1150817; 產業別: 數位雲端→11507
2026-09-06T08:13:42+08:00	revenue/2026-07.csv	5324	market: tpex→5324; 出表日期: 1150817→士開; 資料年月: 11507→2026-07; 公司代號: 5324→tpex; 公司名稱: 士開→1150817; 產業別: 建材營造→11507
2026-09-06T08:13:42+08:00	revenue/2026-07.csv	5328	market: tpex→5328; 出表日期: 1150817→華容; 資料年月: 11507→2026-07; 公司代號: 5328→tpex; 公司名稱: 華容→1150817; 產業別: 電子零組件業→11507
2026-09-06T08:13:42+08:00	revenue/2026-07.csv	5340	market: tpex→5340; 出表日期: 1150817→建榮; 資料年月: 11507→2026-07; 公司代號: 5340→tpex; 公司名稱: 建榮→1150817; 產業別: 電子零組件業→11507
2026-09-06T08:13:42+08:00	revenue/2026-07.csv	5344	market: tpex→5344; 出表日期: 1150817→立衛; 資料年月: 11507→2026-07; 公司代號: 5344→tpex; 公司名稱: 立衛→1150817; 產業別: 半導體業→11507
2026-09-06T08:13:42+08:00	revenue/2026-07.csv	5345	market: tpex→5345; 出表日期: 1150817→馥鴻; 資料年月: 11507→2026-07; 公司代號: 5345→tpex; 公司名稱: 馥鴻→1150817; 產業別: 其他→11507
2026-09-06T08:13:42+08:00	revenue/2026-07.csv	5347	market: tpex→5347; 出表日期: 1150817→世界; 資料年月: 11507→2026-07; 公司代號: 5347→tpex; 公司名稱: 世界→1150817; 產業別: 半導體業→11507
2026-09-06T08:13:42+08:00	revenue/2026-07.csv	5348	market: tpex→5348; 出表日期: 1150817→正能量智能; 資料年月: 11507→2026-07; 公司代號: 5348→tpex; 公司名稱: 正能量智能→1150817; 產業別: 運動休閒→11507
2026-09-06T08:13:42+08:00	revenue/2026-07.csv	5351	market: tpex→5351; 出表日期: 1150817→鈺創; 資料年月: 11507→2026-07; 公司代號: 5351→tpex; 公司名稱: 鈺創→1150817; 產業別: 半導體業→11507
2026-09-06T08:13:42+08:00	revenue/2026-07.csv	5353	market: tpex→5353; 出表日期: 1150817→台林; 資料年月: 11507→2026-07; 公司代號: 5353→tpex; 公司名稱: 台林→1150817; 產業別: 通信網路業→11507
2026-09-06T08:13:42+08:00	revenue/2026-07.csv	5355	market: tpex→5355; 出表日期: 1150817→佳總; 資料年月: 11507→2026-07; 公司代號: 5355→tpex; 公司名稱: 佳總→1150817; 產業別: 電子零組件業→11507
2026-09-06T08:13:42+08:00	revenue/2026-07.csv	5356	market: tpex→5356; 出表日期: 1150817→協益; 資料年月: 11507→2026-07; 公司代號: 5356→tpex; 公司名稱: 協益→1150817; 產業別: 電腦及週邊設備業→11507
2026-09-06T08:13:42+08:00	revenue/2026-07.csv	5364	market: tpex→5364; 出表日期: 1150817→力麗店; 資料年月: 11507→2026-07; 公司代號: 5364→tpex; 公司名稱: 力麗店→1150817; 產業別: 觀光餐旅→11507
2026-09-06T08:13:42+08:00	revenue/2026-07.csv	5371	market: tpex→5371; 出表日期: 1150817→中光電; 資料年月: 11507→2026-07; 公司代號: 5371→tpex; 公司名稱: 中光電→1150817; 產業別: 光電業→11507
2026-09-06T08:13:42+08:00	revenue/2026-07.csv	5381	market: tpex→5381; 出表日期: 1150817→光譜; 資料年月: 11507→2026-07; 公司代號: 5381→tpex; 公司名稱: 光譜→1150817; 產業別: 電機機械→11507
2026-09-06T08:13:42+08:00	revenue/2026-07.csv	5386	market: tpex→5386; 出表日期: 1150817→青雲; 資料年月: 11507→2026-07; 公司代號: 5386→tpex; 公司名稱: 青雲→1150817; 產業別: 電腦及週邊設備業→11507
2026-09-06T08:13:42+08:00	revenue/2026-07.csv	5388	market: twse→5388; 出表日期: 1150817→中磊; 資料年月: 11507→2026-07; 公司代號: 5388→twse; 公司名稱: 中磊→1150817; 產業別: 通信網路業→11507
2026-09-06T08:13:42+08:00	revenue/2026-07.csv	5392	market: tpex→5392; 出表日期: 1150817→能率; 資料年月: 11507→2026-07; 公司代號: 5392→tpex; 公司名稱: 能率→1150817; 產業別: 光電業→11507
2026-09-06T08:13:42+08:00	revenue/2026-07.csv	5398	market: tpex→5398; 出表日期: 1150817→慕康生醫; 資料年月: 11507→2026-07; 公司代號: 5398→tpex; 公司名稱: 慕康生醫→1150817; 產業別: 其他→11507
2026-09-06T08:13:42+08:00	revenue/2026-07.csv	5403	market: tpex→5403; 出表日期: 1150817→中菲; 資料年月: 11507→2026-07; 公司代號: 5403→tpex; 公司名稱: 中菲→1150817; 產業別: 資訊服務業→11507
2026-09-06T08:13:42+08:00	revenue/2026-07.csv	5410	market: tpex→5410; 出表日期: 1150817→國眾; 資料年月: 11507→2026-07; 公司代號: 5410→tpex; 公司名稱: 國眾→1150817; 產業別: 資訊服務業→11507
2026-09-06T08:13:42+08:00	revenue/2026-07.csv	5425	market: tpex→5425; 出表日期: 1150817→台半; 資料年月: 11507→2026-07; 公司代號: 5425→tpex; 公司名稱: 台半→1150817; 產業別: 半導體業→11507
2026-09-06T08:13:42+08:00	revenue/2026-07.csv	5426	market: tpex→5426; 出表日期: 1150817→振發; 資料年月: 11507→2026-07; 公司代號: 5426→tpex; 公司名稱: 振發→1150817; 產業別: 電腦及週邊設備業→11507
2026-09-06T08:13:42+08:00	revenue/2026-07.csv	5432	market: tpex→5432; 出表日期: 1150817→新門; 資料年月: 11507→2026-07; 公司代號: 5432→tpex; 公司名稱: 新門→1150817; 產業別: 綠能環保→11507
2026-09-06T08:13:42+08:00	revenue/2026-07.csv	5434	market: twse→5434; 出表日期: 1150817→崇越; 資料年月: 11507→2026-07; 公司代號: 5434→twse; 公司名稱: 崇越→1150817; 產業別: 電子通路業→11507
2026-09-06T08:13:42+08:00	revenue/2026-07.csv	5438	market: tpex→5438; 出表日期: 1150817→東友; 資料年月: 11507→2026-07; 公司代號: 5438→tpex; 公司名稱: 東友→1150817; 產業別: 電腦及週邊設備業→11507
2026-09-06T08:13:42+08:00	revenue/2026-07.csv	5439	market: tpex→5439; 出表日期: 1150817→高技; 資料年月: 11507→2026-07; 公司代號: 5439→tpex; 公司名稱: 高技→1150817; 產業別: 電子零組件業→11507
2026-09-06T08:13:42+08:00	revenue/2026-07.csv	5443	market: tpex→5443; 出表日期: 1150817→均豪; 資料年月: 11507→2026-07; 公司代號: 5443→tpex; 公司名稱: 均豪→1150817; 產業別: 半導體業→11507
2026-09-06T08:13:42+08:00	revenue/2026-07.csv	5450	market: tpex→5450; 出表日期: 1150817→南良; 資料年月: 11507→2026-07; 公司代號: 5450→tpex; 公司名稱: 南良→1150817; 產業別: 其他→11507
2026-09-06T08:13:42+08:00	revenue/2026-07.csv	5452	market: tpex→5452; 出表日期: 1150817→佶優; 資料年月: 11507→2026-07; 公司代號: 5452→tpex; 公司名稱: 佶優→1150817; 產業別: 其他電子業→11507
2026-09-06T08:13:42+08:00	revenue/2026-07.csv	5455	market: tpex→5455; 出表日期: 1150817→昇益; 資料年月: 11507→2026-07; 公司代號: 5455→tpex; 公司名稱: 昇益→1150817; 產業別: 建材營造→11507
2026-09-06T08:13:42+08:00	revenue/2026-07.csv	5457	market: tpex→5457; 出表日期: 1150817→宣德; 資料年月: 11507→2026-07; 公司代號: 5457→tpex; 公司名稱: 宣德→1150817; 產業別: 電子零組件業→11507
2026-09-06T08:13:42+08:00	revenue/2026-07.csv	5460	market: tpex→5460; 出表日期: 1150817→同協; 資料年月: 11507→2026-07; 公司代號: 5460→tpex; 公司名稱: 同協→1150817; 產業別: 電子零組件業→11507
2026-09-06T08:13:42+08:00	revenue/2026-07.csv	5464	market: tpex→5464; 出表日期: 1150817→霖宏; 資料年月: 11507→2026-07; 公司代號: 5464→tpex; 公司名稱: 霖宏→1150817; 產業別: 電子零組件業→11507
2026-09-06T08:13:42+08:00	revenue/2026-07.csv	5465	market: tpex→5465; 出表日期: 1150817→富驊; 資料年月: 11507→2026-07; 公司代號: 5465→tpex; 公司名稱: 富驊→1150817; 產業別: 電腦及週邊設備業→11507
2026-09-06T08:13:42+08:00	revenue/2026-07.csv	5468	market: tpex→5468; 出表日期: 1150817→凱鈺; 資料年月: 11507→2026-07; 公司代號: 5468→tpex; 公司名稱: 凱鈺→1150817; 產業別: 半導體業→11507
2026-09-06T08:13:42+08:00	revenue/2026-07.csv	5469	market: twse→5469; 出表日期: 1150817→瀚宇博; 資料年月: 11507→2026-07; 公司代號: 5469→twse; 公司名稱: 瀚宇博→1150817; 產業別: 電子零組件業→11507
2026-09-06T08:13:42+08:00	revenue/2026-07.csv	5471	market: twse→5471; 出表日期: 1150817→松翰; 資料年月: 11507→2026-07; 公司代號: 5471→twse; 公司名稱: 松翰→1150817; 產業別: 半導體業→11507
2026-09-06T08:13:42+08:00	revenue/2026-07.csv	5474	market: tpex→5474; 出表日期: 1150817→聰泰; 資料年月: 11507→2026-07; 公司代號: 5474→tpex; 公司名稱: 聰泰→1150817; 產業別: 電腦及週邊設備業→11507
2026-09-06T08:13:42+08:00	revenue/2026-07.csv	5475	market: tpex→5475; 出表日期: 1150817→德宏; 資料年月: 11507→2026-07; 公司代號: 5475→tpex; 公司名稱: 德宏→1150817; 產業別: 電子零組件業→11507
2026-09-06T08:13:42+08:00	revenue/2026-07.csv	5478	market: tpex→5478; 出表日期: 1150817→智冠; 資料年月: 11507→2026-07; 公司代號: 5478→tpex; 公司名稱: 智冠→1150817; 產業別: 文化創意業→11507
2026-09-06T08:13:42+08:00	revenue/2026-07.csv	5481	market: tpex→5481; 出表日期: 1150817→新華; 資料年月: 11507→2026-07; 公司代號: 5481→tpex; 公司名稱: 新華→1150817; 產業別: 其他→11507
2026-09-06T08:13:42+08:00	revenue/2026-07.csv	5483	market: tpex→5483; 出表日期: 1150817→中美晶; 資料年月: 11507→2026-07; 公司代號: 5483→tpex; 公司名稱: 中美晶→1150817; 產業別: 半導體業→11507
2026-09-06T08:13:42+08:00	revenue/2026-07.csv	5484	market: twse→5484; 出表日期: 1150817→慧友; 資料年月: 11507→2026-07; 公司代號: 5484→twse; 公司名稱: 慧友→1150817; 產業別: 光電業→11507
2026-09-06T08:13:42+08:00	revenue/2026-07.csv	5487	market: tpex→5487; 出表日期: 1150817→通泰; 資料年月: 11507→2026-07; 公司代號: 5487→tpex; 公司名稱: 通泰→1150817; 產業別: 半導體業→11507
2026-09-06T08:13:42+08:00	revenue/2026-07.csv	5488	market: tpex→5488; 出表日期: 1150817→松普; 資料年月: 11507→2026-07; 公司代號: 5488→tpex; 公司名稱: 松普→1150817; 產業別: 電子零組件業→11507
2026-09-06T08:13:42+08:00	revenue/2026-07.csv	5489	market: tpex→5489; 出表日期: 1150817→彩富; 資料年月: 11507→2026-07; 公司代號: 5489→tpex; 公司名稱: 彩富→1150817; 產業別: 其他電子業→11507
2026-09-06T08:13:42+08:00	revenue/2026-07.csv	5490	market: tpex→5490; 出表日期: 1150817→同亨; 資料年月: 11507→2026-07; 公司代號: 5490→tpex; 公司名稱: 同亨→1150817; 產業別: 電腦及週邊設備業→11507
2026-09-06T08:13:42+08:00	revenue/2026-07.csv	5493	market: tpex→5493; 出表日期: 1150817→三聯; 資料年月: 11507→2026-07; 公司代號: 5493→tpex; 公司名稱: 三聯→1150817; 產業別: 其他電子業→11507
2026-09-06T08:13:42+08:00	revenue/2026-07.csv	5498	market: tpex→5498; 出表日期: 1150817→凱崴; 資料年月: 11507→2026-07; 公司代號: 5498→tpex; 公司名稱: 凱崴→1150817; 產業別: 電子零組件業→11507
2026-09-06T08:13:42+08:00	revenue/2026-07.csv	5508	market: tpex→5508; 出表日期: 1150817→永信建; 資料年月: 11507→2026-07; 公司代號: 5508→tpex; 公司名稱: 永信建→1150817; 產業別: 建材營造→11507
2026-09-06T08:13:42+08:00	revenue/2026-07.csv	5511	market: tpex→5511; 出表日期: 1150817→德昌; 資料年月: 11507→2026-07; 公司代號: 5511→tpex; 公司名稱: 德昌→1150817; 產業別: 建材營造→11507
2026-09-06T08:13:42+08:00	revenue/2026-07.csv	5512	market: tpex→5512; 出表日期: 1150817→力麒; 資料年月: 11507→2026-07; 公司代號: 5512→tpex; 公司名稱: 力麒→1150817; 產業別: 建材營造→11507
2026-09-06T08:13:42+08:00	revenue/2026-07.csv	5514	market: tpex→5514; 出表日期: 1150817→三豐; 資料年月: 11507→2026-07; 公司代號: 5514→tpex; 公司名稱: 三豐→1150817; 產業別: 建材營造→11507
2026-09-06T08:13:42+08:00	revenue/2026-07.csv	5515	market: twse→5515; 出表日期: 1150817→建國; 資料年月: 11507→2026-07; 公司代號: 5515→twse; 公司名稱: 建國→1150817; 產業別: 建材營造→11507
2026-09-06T08:13:42+08:00	revenue/2026-07.csv	5516	market: tpex→5516; 出表日期: 1150817→雙喜; 資料年月: 11507→2026-07; 公司代號: 5516→tpex; 公司名稱: 雙喜→1150817; 產業別: 建材營造→11507
2026-09-06T08:13:42+08:00	revenue/2026-07.csv	5519	market: twse→5519; 出表日期: 1150817→隆大; 資料年月: 11507→2026-07; 公司代號: 5519→twse; 公司名稱: 隆大→1150817; 產業別: 建材營造→11507
2026-09-06T08:13:42+08:00	revenue/2026-07.csv	5520	market: tpex→5520; 出表日期: 1150817→力泰; 資料年月: 11507→2026-07; 公司代號: 5520→tpex; 公司名稱: 力泰→1150817; 產業別: 建材營造→11507
2026-09-06T08:13:42+08:00	revenue/2026-07.csv	5521	market: twse→5521; 出表日期: 1150817→工信; 資料年月: 11507→2026-07; 公司代號: 5521→twse; 公司名稱: 工信→1150817; 產業別: 建材營造→11507
2026-09-06T08:13:42+08:00	revenue/2026-07.csv	5522	market: twse→5522; 出表日期: 1150817→遠雄; 資料年月: 11507→2026-07; 公司代號: 5522→twse; 公司名稱: 遠雄→1150817; 產業別: 建材營造→11507
2026-09-06T08:13:42+08:00	revenue/2026-07.csv	5523	market: tpex→5523; 出表日期: 1150817→豐謙; 資料年月: 11507→2026-07; 公司代號: 5523→tpex; 公司名稱: 豐謙→1150817; 產業別: 建材營造→11507
2026-09-06T08:13:42+08:00	revenue/2026-07.csv	5525	market: twse→5525; 出表日期: 1150817→順天; 資料年月: 11507→2026-07; 公司代號: 5525→twse; 公司名稱: 順天→1150817; 產業別: 建材營造→11507
2026-09-06T08:13:42+08:00	revenue/2026-07.csv	5529	market: tpex→5529; 出表日期: 1150817→鉅陞; 資料年月: 11507→2026-07; 公司代號: 5529→tpex; 公司名稱: 鉅陞→1150817; 產業別: 建材營造→11507
2026-09-06T08:13:42+08:00	revenue/2026-07.csv	5530	market: tpex→5530; 出表日期: 1150817→龍巖; 資料年月: 11507→2026-07; 公司代號: 5530→tpex; 公司名稱: 龍巖→1150817; 產業別: 其他→11507
2026-09-06T08:13:42+08:00	revenue/2026-07.csv	5531	market: twse→5531; 出表日期: 1150817→鄉林; 資料年月: 11507→2026-07; 公司代號: 5531→twse; 公司名稱: 鄉林→1150817; 產業別: 建材營造→11507
2026-09-06T08:13:42+08:00	revenue/2026-07.csv	5533	market: twse→5533; 出表日期: 1150817→皇鼎; 資料年月: 11507→2026-07; 公司代號: 5533→twse; 公司名稱: 皇鼎→1150817; 產業別: 建材營造→11507
2026-09-06T08:13:42+08:00	revenue/2026-07.csv	5534	market: twse→5534; 出表日期: 1150817→長虹; 資料年月: 11507→2026-07; 公司代號: 5534→twse; 公司名稱: 長虹→1150817; 產業別: 建材營造→11507
2026-09-06T08:13:42+08:00	revenue/2026-07.csv	5536	market: tpex→5536; 出表日期: 1150817→聖暉*; 資料年月: 11507→2026-07; 公司代號: 5536→tpex; 公司名稱: 聖暉*→1150817; 產業別: 其他電子業→11507
2026-09-06T08:13:42+08:00	revenue/2026-07.csv	5538	market: twse→5538; 出表日期: 1150817→東明-KY; 資料年月: 11507→2026-07; 公司代號: 5538→twse; 公司名稱: 東明-KY→1150817; 產業別: 鋼鐵工業→11507
2026-09-06T08:13:42+08:00	revenue/2026-07.csv	5543	market: tpex→5543; 出表日期: 1150817→桓鼎-KY; 資料年月: 11507→2026-07; 公司代號: 5543→tpex; 公司名稱: 桓鼎-KY→1150817; 產業別: 建材營造→11507
2026-09-06T08:13:42+08:00	revenue/2026-07.csv	5546	market: twse→5546; 出表日期: 1150817→永固-KY; 資料年月: 11507→2026-07; 公司代號: 5546→twse; 公司名稱: 永固-KY→1150817; 產業別: 建材營造→11507
2026-09-06T08:13:42+08:00	revenue/2026-07.csv	5547	market: tpex→5547; 出表日期: 1150817→久舜; 資料年月: 11507→2026-07; 公司代號: 5547→tpex; 公司名稱: 久舜→1150817; 產業別: 建材營造→11507
2026-09-06T08:13:42+08:00	revenue/2026-07.csv	5548	market: tpex→5548; 出表日期: 1150817→安倉; 資料年月: 11507→2026-07; 公司代號: 5548→tpex; 公司名稱: 安倉→1150817; 產業別: 建材營造→11507
2026-09-06T08:13:42+08:00	revenue/2026-07.csv	5601	market: tpex→5601; 出表日期: 1150817→台聯櫃; 資料年月: 11507→2026-07; 公司代號: 5601→tpex; 公司名稱: 台聯櫃→1150817; 產業別: 航運業→11507
2026-09-06T08:13:42+08:00	revenue/2026-07.csv	5603	market: tpex→5603; 出表日期: 1150817→陸海; 資料年月: 11507→2026-07; 公司代號: 5603→tpex; 公司名稱: 陸海→1150817; 產業別: 航運業→11507
2026-09-06T08:13:42+08:00	revenue/2026-07.csv	5604	market: tpex→5604; 出表日期: 1150817→中連; 資料年月: 11507→2026-07; 公司代號: 5604→tpex; 公司名稱: 中連→1150817; 產業別: 其他→11507
2026-09-06T08:13:42+08:00	revenue/2026-07.csv	5607	market: twse→5607; 出表日期: 1150817→遠雄港; 資料年月: 11507→2026-07; 公司代號: 5607→twse; 公司名稱: 遠雄港→1150817; 產業別: 航運業→11507
2026-09-06T08:13:42+08:00	revenue/2026-07.csv	5608	market: twse→5608; 出表日期: 1150817→四維航; 資料年月: 11507→2026-07; 公司代號: 5608→twse; 公司名稱: 四維航→1150817; 產業別: 航運業→11507
2026-09-06T08:13:42+08:00	revenue/2026-07.csv	5609	market: tpex→5609; 出表日期: 1150817→中菲行; 資料年月: 11507→2026-07; 公司代號: 5609→tpex; 公司名稱: 中菲行→1150817; 產業別: 航運業→11507
2026-09-06T08:13:42+08:00	revenue/2026-07.csv	5701	market: tpex→5701; 出表日期: 1150817→劍湖山; 資料年月: 11507→2026-07; 公司代號: 5701→tpex; 公司名稱: 劍湖山→1150817; 產業別: 觀光餐旅→11507
2026-09-06T08:13:42+08:00	revenue/2026-07.csv	5703	market: tpex→5703; 出表日期: 1150817→亞都麗緻; 資料年月: 11507→2026-07; 公司代號: 5703→tpex; 公司名稱: 亞都麗緻→1150817; 產業別: 觀光餐旅→11507
2026-09-06T08:13:42+08:00	revenue/2026-07.csv	5704	market: tpex→5704; 出表日期: 1150817→老爺知; 資料年月: 11507→2026-07; 公司代號: 5704→tpex; 公司名稱: 老爺知→1150817; 產業別: 觀光餐旅→11507
2026-09-06T08:13:42+08:00	revenue/2026-07.csv	5706	market: twse→5706; 出表日期: 1150817→鳳凰; 資料年月: 11507→2026-07; 公司代號: 5706→twse; 公司名稱: 鳳凰→1150817; 產業別: 觀光餐旅→11507
2026-09-06T08:13:42+08:00	revenue/2026-07.csv	5864	market: tpex→5864; 出表日期: 1150817→致和證; 資料年月: 11507→2026-07; 公司代號: 5864→tpex; 公司名稱: 致和證→1150817; 產業別: 金融業→11507
2026-09-06T08:13:42+08:00	revenue/2026-07.csv	5871	market: twse→5871; 出表日期: 1150817→中租-KY; 資料年月: 11507→2026-07; 公司代號: 5871→twse; 公司名稱: 中租-KY→1150817; 產業別: 其他→11507
2026-09-06T08:13:42+08:00	revenue/2026-07.csv	5876	market: twse→5876; 出表日期: 1150817→上海商銀; 資料年月: 11507→2026-07; 公司代號: 5876→twse; 公司名稱: 上海商銀→1150817; 產業別: 金融保險業→11507
2026-09-06T08:13:42+08:00	revenue/2026-07.csv	5878	market: tpex→5878; 出表日期: 1150817→台名; 資料年月: 11507→2026-07; 公司代號: 5878→tpex; 公司名稱: 台名→1150817; 產業別: 金融業→11507
2026-09-06T08:13:42+08:00	revenue/2026-07.csv	5880	market: twse→5880; 出表日期: 1150817→合庫金; 資料年月: 11507→2026-07; 公司代號: 5880→twse; 公司名稱: 合庫金→1150817; 產業別: 金融保險業→11507
2026-09-06T08:13:42+08:00	revenue/2026-07.csv	5902	market: tpex→5902; 出表日期: 1150817→德記; 資料年月: 11507→2026-07; 公司代號: 5902→tpex; 公司名稱: 德記→1150817; 產業別: 居家生活→11507
2026-09-06T08:13:42+08:00	revenue/2026-07.csv	5903	market: tpex→5903; 出表日期: 1150817→全家; 資料年月: 11507→2026-07; 公司代號: 5903→tpex; 公司名稱: 全家→1150817; 產業別: 居家生活→11507
2026-09-06T08:13:42+08:00	revenue/2026-07.csv	5904	market: tpex→5904; 出表日期: 1150817→寶雅*; 資料年月: 11507→2026-07; 公司代號: 5904→tpex; 公司名稱: 寶雅*→1150817; 產業別: 居家生活→11507
2026-09-06T08:13:42+08:00	revenue/2026-07.csv	5905	market: tpex→5905; 出表日期: 1150817→南仁湖; 資料年月: 11507→2026-07; 公司代號: 5905→tpex; 公司名稱: 南仁湖→1150817; 產業別: 觀光餐旅→11507
2026-09-06T08:13:42+08:00	revenue/2026-07.csv	5906	market: twse→5906; 出表日期: 1150817→台南-KY; 資料年月: 11507→2026-07; 公司代號: 5906→twse; 公司名稱: 台南-KY→1150817; 產業別: 貿易百貨→11507
2026-09-06T08:13:42+08:00	revenue/2026-07.csv	5907	market: twse→5907; 出表日期: 1150817→大洋-KY; 資料年月: 11507→2026-07; 公司代號: 5907→twse; 公司名稱: 大洋-KY→1150817; 產業別: 貿易百貨→11507
2026-09-06T08:13:42+08:00	revenue/2026-07.csv	6005	market: twse→6005; 出表日期: 1150817→群益證; 資料年月: 11507→2026-07; 公司代號: 6005→twse; 公司名稱: 群益證→1150817; 產業別: 金融保險業→11507
2026-09-06T08:13:42+08:00	revenue/2026-07.csv	6015	market: tpex→6015; 出表日期: 1150817→宏遠證; 資料年月: 11507→2026-07; 公司代號: 6015→tpex; 公司名稱: 宏遠證→1150817; 產業別: 金融業→11507
2026-09-06T08:13:42+08:00	revenue/2026-07.csv	6016	market: tpex→6016; 出表日期: 1150817→康和證; 資料年月: 11507→2026-07; 公司代號: 6016→tpex; 公司名稱: 康和證→1150817; 產業別: 金融業→11507
2026-09-06T08:13:42+08:00	revenue/2026-07.csv	6020	market: tpex→6020; 出表日期: 1150817→大展證; 資料年月: 11507→2026-07; 公司代號: 6020→tpex; 公司名稱: 大展證→1150817; 產業別: 金融業→11507
2026-09-06T08:13:42+08:00	revenue/2026-07.csv	6021	market: tpex→6021; 出表日期: 1150817→美好證; 資料年月: 11507→2026-07; 公司代號: 6021→tpex; 公司名稱: 美好證→1150817; 產業別: 金融業→11507
2026-09-06T08:13:42+08:00	revenue/2026-07.csv	6023	market: tpex→6023; 出表日期: 1150817→元大期貨; 資料年月: 11507→2026-07; 公司代號: 6023→tpex; 公司名稱: 元大期貨→1150817; 產業別: 金融業→11507
2026-09-06T08:13:42+08:00	revenue/2026-07.csv	6024	market: twse→6024; 出表日期: 1150817→群益期; 資料年月: 11507→2026-07; 公司代號: 6024→twse; 公司名稱: 群益期→1150817; 產業別: 金融保險業→11507
2026-09-06T08:13:42+08:00	revenue/2026-07.csv	6026	market: tpex→6026; 出表日期: 1150817→福邦證; 資料年月: 11507→2026-07; 公司代號: 6026→tpex; 公司名稱: 福邦證→1150817; 產業別: 金融業→11507
2026-09-06T08:13:42+08:00	revenue/2026-07.csv	6028	market: tpex→6028; 出表日期: 1150817→公勝保經; 資料年月: 11507→2026-07; 公司代號: 6028→tpex; 公司名稱: 公勝保經→1150817; 產業別: 金融業→11507
2026-09-06T08:13:42+08:00	revenue/2026-07.csv	6101	market: tpex→6101; 出表日期: 1150817→寬魚國際; 資料年月: 11507→2026-07; 公司代號: 6101→tpex; 公司名稱: 寬魚國際→1150817; 產業別: 文化創意業→11507
2026-09-06T08:13:42+08:00	revenue/2026-07.csv	6103	market: tpex→6103; 出表日期: 1150817→合邦; 資料年月: 11507→2026-07; 公司代號: 6103→tpex; 公司名稱: 合邦→1150817; 產業別: 半導體業→11507
2026-09-06T08:13:42+08:00	revenue/2026-07.csv	6104	market: tpex→6104; 出表日期: 1150817→創惟; 資料年月: 11507→2026-07; 公司代號: 6104→tpex; 公司名稱: 創惟→1150817; 產業別: 半導體業→11507
2026-09-06T08:13:42+08:00	revenue/2026-07.csv	6108	market: twse→6108; 出表日期: 1150817→競國; 資料年月: 11507→2026-07; 公司代號: 6108→twse; 公司名稱: 競國→1150817; 產業別: 電子零組件業→11507
2026-09-06T08:13:42+08:00	revenue/2026-07.csv	6109	market: tpex→6109; 出表日期: 1150817→亞元; 資料年月: 11507→2026-07; 公司代號: 6109→tpex; 公司名稱: 亞元→1150817; 產業別: 通信網路業→11507
2026-09-06T08:13:42+08:00	revenue/2026-07.csv	6111	market: tpex→6111; 出表日期: 1150817→光聚晶電; 資料年月: 11507→2026-07; 公司代號: 6111→tpex; 公司名稱: 光聚晶電→1150817; 產業別: 文化創意業→11507
2026-09-06T08:13:42+08:00	revenue/2026-07.csv	6112	market: twse→6112; 出表日期: 1150817→邁達特; 資料年月: 11507→2026-07; 公司代號: 6112→twse; 公司名稱: 邁達特→1150817; 產業別: 資訊服務業→11507
2026-09-06T08:13:42+08:00	revenue/2026-07.csv	6113	market: tpex→6113; 出表日期: 1150817→亞矽; 資料年月: 11507→2026-07; 公司代號: 6113→tpex; 公司名稱: 亞矽→1150817; 產業別: 電子通路業→11507
2026-09-06T08:13:42+08:00	revenue/2026-07.csv	6114	market: tpex→6114; 出表日期: 1150817→久威; 資料年月: 11507→2026-07; 公司代號: 6114→tpex; 公司名稱: 久威→1150817; 產業別: 電子零組件業→11507
2026-09-06T08:13:42+08:00	revenue/2026-07.csv	6115	market: twse→6115; 出表日期: 1150817→鎰勝; 資料年月: 11507→2026-07; 公司代號: 6115→twse; 公司名稱: 鎰勝→1150817; 產業別: 電子零組件業→11507
2026-09-06T08:13:42+08:00	revenue/2026-07.csv	6116	market: twse→6116; 出表日期: 1150817→彩晶; 資料年月: 11507→2026-07; 公司代號: 6116→twse; 公司名稱: 彩晶→1150817; 產業別: 光電業→11507
2026-09-06T08:13:42+08:00	revenue/2026-07.csv	6117	market: twse→6117; 出表日期: 1150817→迎廣; 資料年月: 11507→2026-07; 公司代號: 6117→twse; 公司名稱: 迎廣→1150817; 產業別: 電腦及週邊設備業→11507
2026-09-06T08:13:42+08:00	revenue/2026-07.csv	6118	market: tpex→6118; 出表日期: 1150817→建達; 資料年月: 11507→2026-07; 公司代號: 6118→tpex; 公司名稱: 建達→1150817; 產業別: 電子通路業→11507
2026-09-06T08:13:42+08:00	revenue/2026-07.csv	6120	market: twse→6120; 出表日期: 1150817→達運; 資料年月: 11507→2026-07; 公司代號: 6120→twse; 公司名稱: 達運→1150817; 產業別: 光電業→11507
2026-09-06T08:13:42+08:00	revenue/2026-07.csv	6121	market: tpex→6121; 出表日期: 1150817→新普; 資料年月: 11507→2026-07; 公司代號: 6121→tpex; 公司名稱: 新普→1150817; 產業別: 電腦及週邊設備業→11507
2026-09-06T08:13:42+08:00	revenue/2026-07.csv	6122	market: tpex→6122; 出表日期: 1150817→擎邦; 資料年月: 11507→2026-07; 公司代號: 6122→tpex; 公司名稱: 擎邦→1150817; 產業別: 電機機械→11507
2026-09-06T08:13:42+08:00	revenue/2026-07.csv	6123	market: tpex→6123; 出表日期: 1150817→上奇; 資料年月: 11507→2026-07; 公司代號: 6123→tpex; 公司名稱: 上奇→1150817; 產業別: 資訊服務業→11507
2026-09-06T08:13:42+08:00	revenue/2026-07.csv	6124	market: tpex→6124; 出表日期: 1150817→業強; 資料年月: 11507→2026-07; 公司代號: 6124→tpex; 公司名稱: 業強→1150817; 產業別: 電子零組件業→11507
2026-09-06T08:13:42+08:00	revenue/2026-07.csv	6125	market: tpex→6125; 出表日期: 1150817→廣運; 資料年月: 11507→2026-07; 公司代號: 6125→tpex; 公司名稱: 廣運→1150817; 產業別: 電機機械→11507
2026-09-06T08:13:42+08:00	revenue/2026-07.csv	6126	market: tpex→6126; 出表日期: 1150817→信音; 資料年月: 11507→2026-07; 公司代號: 6126→tpex; 公司名稱: 信音→1150817; 產業別: 電子零組件業→11507
2026-09-06T08:13:42+08:00	revenue/2026-07.csv	6127	market: tpex→6127; 出表日期: 1150817→九豪; 資料年月: 11507→2026-07; 公司代號: 6127→tpex; 公司名稱: 九豪→1150817; 產業別: 電子零組件業→11507
2026-09-06T08:13:42+08:00	revenue/2026-07.csv	6128	market: twse→6128; 出表日期: 1150817→上福; 資料年月: 11507→2026-07; 公司代號: 6128→twse; 公司名稱: 上福→1150817; 產業別: 電腦及週邊設備業→11507
2026-09-06T08:13:42+08:00	revenue/2026-07.csv	6129	market: tpex→6129; 出表日期: 1150817→普誠; 資料年月: 11507→2026-07; 公司代號: 6129→tpex; 公司名稱: 普誠→1150817; 產業別: 半導體業→11507
2026-09-06T08:13:42+08:00	revenue/2026-07.csv	6130	market: tpex→6130; 出表日期: 1150817→上亞科技; 資料年月: 11507→2026-07; 公司代號: 6130→tpex; 公司名稱: 上亞科技→1150817; 產業別: 生技醫療業→11507
2026-09-06T08:13:42+08:00	revenue/2026-07.csv	6133	market: twse→6133; 出表日期: 1150817→金橋; 資料年月: 11507→2026-07; 公司代號: 6133→twse; 公司名稱: 金橋→1150817; 產業別: 電子零組件業→11507
2026-09-06T08:13:42+08:00	revenue/2026-07.csv	6134	market: tpex→6134; 出表日期: 1150817→萬旭; 資料年月: 11507→2026-07; 公司代號: 6134→tpex; 公司名稱: 萬旭→1150817; 產業別: 電子零組件業→11507
2026-09-06T08:13:42+08:00	revenue/2026-07.csv	6136	market: twse→6136; 出表日期: 1150817→富爾特; 資料年月: 11507→2026-07; 公司代號: 6136→twse; 公司名稱: 富爾特→1150817; 產業別: 通信網路業→11507
2026-09-06T08:13:42+08:00	revenue/2026-07.csv	6138	market: tpex→6138; 出表日期: 1150817→茂達; 資料年月: 11507→2026-07; 公司代號: 6138→tpex; 公司名稱: 茂達→1150817; 產業別: 半導體業→11507
2026-09-06T08:13:42+08:00	revenue/2026-07.csv	6139	market: twse→6139; 出表日期: 1150817→亞翔; 資料年月: 11507→2026-07; 公司代號: 6139→twse; 公司名稱: 亞翔→1150817; 產業別: 其他電子業→11507
2026-09-06T08:13:42+08:00	revenue/2026-07.csv	6140	market: tpex→6140; 出表日期: 1150817→訊達電腦; 資料年月: 11507→2026-07; 公司代號: 6140→tpex; 公司名稱: 訊達電腦→1150817; 產業別: 資訊服務業→11507
2026-09-06T08:13:42+08:00	revenue/2026-07.csv	6141	market: twse→6141; 出表日期: 1150817→柏承; 資料年月: 11507→2026-07; 公司代號: 6141→twse; 公司名稱: 柏承→1150817; 產業別: 電子零組件業→11507
2026-09-06T08:13:42+08:00	revenue/2026-07.csv	6142	market: twse→6142; 出表日期: 1150817→友勁; 資料年月: 11507→2026-07; 公司代號: 6142→twse; 公司名稱: 友勁→1150817; 產業別: 通信網路業→11507
2026-09-06T08:13:42+08:00	revenue/2026-07.csv	6143	market: tpex→6143; 出表日期: 1150817→振曜; 資料年月: 11507→2026-07; 公司代號: 6143→tpex; 公司名稱: 振曜→1150817; 產業別: 通信網路業→11507
2026-09-06T08:13:42+08:00	revenue/2026-07.csv	6144	market: tpex→6144; 出表日期: 1150817→得利影; 資料年月: 11507→2026-07; 公司代號: 6144→tpex; 公司名稱: 得利影→1150817; 產業別: 文化創意業→11507
2026-09-06T08:13:42+08:00	revenue/2026-07.csv	6146	market: tpex→6146; 出表日期: 1150817→耕興; 資料年月: 11507→2026-07; 公司代號: 6146→tpex; 公司名稱: 耕興→1150817; 產業別: 其他電子業→11507
2026-09-06T08:13:42+08:00	revenue/2026-07.csv	6147	market: tpex→6147; 出表日期: 1150817→頎邦; 資料年月: 11507→2026-07; 公司代號: 6147→tpex; 公司名稱: 頎邦→1150817; 產業別: 半導體業→11507
2026-09-06T08:13:42+08:00	revenue/2026-07.csv	6148	market: tpex→6148; 出表日期: 1150817→驊宏資; 資料年月: 11507→2026-07; 公司代號: 6148→tpex; 公司名稱: 驊宏資→1150817; 產業別: 資訊服務業→11507
2026-09-06T08:13:42+08:00	revenue/2026-07.csv	6150	market: tpex→6150; 出表日期: 1150817→撼訊; 資料年月: 11507→2026-07; 公司代號: 6150→tpex; 公司名稱: 撼訊→1150817; 產業別: 電腦及週邊設備業→11507
2026-09-06T08:13:42+08:00	revenue/2026-07.csv	6151	market: tpex→6151; 出表日期: 1150817→晉倫; 資料年月: 11507→2026-07; 公司代號: 6151→tpex; 公司名稱: 晉倫→1150817; 產業別: 其他電子業→11507
2026-09-06T08:13:42+08:00	revenue/2026-07.csv	6152	market: twse→6152; 出表日期: 1150817→百一; 資料年月: 11507→2026-07; 公司代號: 6152→twse; 公司名稱: 百一→1150817; 產業別: 通信網路業→11507
2026-09-06T08:13:42+08:00	revenue/2026-07.csv	6153	market: twse→6153; 出表日期: 1150817→嘉聯益; 資料年月: 11507→2026-07; 公司代號: 6153→twse; 公司名稱: 嘉聯益→1150817; 產業別: 電子零組件業→11507
2026-09-06T08:13:42+08:00	revenue/2026-07.csv	6154	market: tpex→6154; 出表日期: 1150817→順發; 資料年月: 11507→2026-07; 公司代號: 6154→tpex; 公司名稱: 順發→1150817; 產業別: 電子通路業→11507
2026-09-06T08:13:42+08:00	revenue/2026-07.csv	6155	market: twse→6155; 出表日期: 1150817→鈞寶; 資料年月: 11507→2026-07; 公司代號: 6155→twse; 公司名稱: 鈞寶→1150817; 產業別: 電子零組件業→11507
2026-09-06T08:13:42+08:00	revenue/2026-07.csv	6156	market: tpex→6156; 出表日期: 1150817→松上; 資料年月: 11507→2026-07; 公司代號: 6156→tpex; 公司名稱: 松上→1150817; 產業別: 電子零組件業→11507
2026-09-06T08:13:42+08:00	revenue/2026-07.csv	6158	market: tpex→6158; 出表日期: 1150817→禾昌; 資料年月: 11507→2026-07; 公司代號: 6158→tpex; 公司名稱: 禾昌→1150817; 產業別: 電子零組件業→11507
2026-09-06T08:13:42+08:00	revenue/2026-07.csv	6160	market: tpex→6160; 出表日期: 1150817→欣技; 資料年月: 11507→2026-07; 公司代號: 6160→tpex; 公司名稱: 欣技→1150817; 產業別: 電腦及週邊設備業→11507
2026-09-06T08:13:42+08:00	revenue/2026-07.csv	6161	market: tpex→6161; 出表日期: 1150817→捷波; 資料年月: 11507→2026-07; 公司代號: 6161→tpex; 公司名稱: 捷波→1150817; 產業別: 電腦及週邊設備業→11507
2026-09-06T08:13:42+08:00	revenue/2026-07.csv	6163	market: tpex→6163; 出表日期: 1150817→華電網; 資料年月: 11507→2026-07; 公司代號: 6163→tpex; 公司名稱: 華電網→1150817; 產業別: 資訊服務業→11507
2026-09-06T08:13:42+08:00	revenue/2026-07.csv	6164	market: twse→6164; 出表日期: 1150817→華興; 資料年月: 11507→2026-07; 公司代號: 6164→twse; 公司名稱: 華興→1150817; 產業別: 光電業→11507
2026-09-06T08:13:42+08:00	revenue/2026-07.csv	6165	market: twse→6165; 出表日期: 1150817→浪凡; 資料年月: 11507→2026-07; 公司代號: 6165→twse; 公司名稱: 浪凡→1150817; 產業別: 數位雲端→11507
2026-09-06T08:13:42+08:00	revenue/2026-07.csv	6166	market: twse→6166; 出表日期: 1150817→凌華; 資料年月: 11507→2026-07; 公司代號: 6166→twse; 公司名稱: 凌華→1150817; 產業別: 電腦及週邊設備業→11507
2026-09-06T08:13:42+08:00	revenue/2026-07.csv	6167	market: tpex→6167; 出表日期: 1150817→久正; 資料年月: 11507→2026-07; 公司代號: 6167→tpex; 公司名稱: 久正→1150817; 產業別: 光電業→11507
2026-09-06T08:13:42+08:00	revenue/2026-07.csv	6168	market: twse→6168; 出表日期: 1150817→宏齊; 資料年月: 11507→2026-07; 公司代號: 6168→twse; 公司名稱: 宏齊→1150817; 產業別: 光電業→11507
2026-09-06T08:13:42+08:00	revenue/2026-07.csv	6169	market: tpex→6169; 出表日期: 1150817→昱泉; 資料年月: 11507→2026-07; 公司代號: 6169→tpex; 公司名稱: 昱泉→1150817; 產業別: 文化創意業→11507
2026-09-06T08:13:42+08:00	revenue/2026-07.csv	6170	market: tpex→6170; 出表日期: 1150817→統振; 資料年月: 11507→2026-07; 公司代號: 6170→tpex; 公司名稱: 統振→1150817; 產業別: 通信網路業→11507
2026-09-06T08:13:42+08:00	revenue/2026-07.csv	6171	market: tpex→6171; 出表日期: 1150817→大城地產; 資料年月: 11507→2026-07; 公司代號: 6171→tpex; 公司名稱: 大城地產→1150817; 產業別: 建材營造→11507
2026-09-06T08:13:42+08:00	revenue/2026-07.csv	6173	market: tpex→6173; 出表日期: 1150817→信昌電; 資料年月: 11507→2026-07; 公司代號: 6173→tpex; 公司名稱: 信昌電→1150817; 產業別: 電子零組件業→11507
2026-09-06T08:13:42+08:00	revenue/2026-07.csv	6174	market: tpex→6174; 出表日期: 1150817→安碁; 資料年月: 11507→2026-07; 公司代號: 6174→tpex; 公司名稱: 安碁→1150817; 產業別: 電子零組件業→11507
2026-09-06T08:13:42+08:00	revenue/2026-07.csv	6175	market: tpex→6175; 出表日期: 1150817→立敦; 資料年月: 11507→2026-07; 公司代號: 6175→tpex; 公司名稱: 立敦→1150817; 產業別: 電子零組件業→11507
2026-09-06T08:13:42+08:00	revenue/2026-07.csv	6176	market: twse→6176; 出表日期: 1150817→瑞儀; 資料年月: 11507→2026-07; 公司代號: 6176→twse; 公司名稱: 瑞儀→1150817; 產業別: 光電業→11507
2026-09-06T08:13:42+08:00	revenue/2026-07.csv	6177	market: twse→6177; 出表日期: 1150817→達麗; 資料年月: 11507→2026-07; 公司代號: 6177→twse; 公司名稱: 達麗→1150817; 產業別: 建材營造→11507
2026-09-06T08:13:42+08:00	revenue/2026-07.csv	6179	market: tpex→6179; 出表日期: 1150817→亞通; 資料年月: 11507→2026-07; 公司代號: 6179→tpex; 公司名稱: 亞通→1150817; 產業別: 其他→11507
2026-09-06T08:13:42+08:00	revenue/2026-07.csv	6180	market: tpex→6180; 出表日期: 1150817→橘子; 資料年月: 11507→2026-07; 公司代號: 6180→tpex; 公司名稱: 橘子→1150817; 產業別: 文化創意業→11507
2026-09-06T08:13:42+08:00	revenue/2026-07.csv	6182	market: tpex→6182; 出表日期: 1150817→合晶; 資料年月: 11507→2026-07; 公司代號: 6182→tpex; 公司名稱: 合晶→1150817; 產業別: 半導體業→11507
2026-09-06T08:13:42+08:00	revenue/2026-07.csv	6183	market: twse→6183; 出表日期: 1150817→關貿; 資料年月: 11507→2026-07; 公司代號: 6183→twse; 公司名稱: 關貿→1150817; 產業別: 資訊服務業→11507
2026-09-06T08:13:42+08:00	revenue/2026-07.csv	6184	market: twse→6184; 出表日期: 1150817→大豐電; 資料年月: 11507→2026-07; 公司代號: 6184→twse; 公司名稱: 大豐電→1150817; 產業別: 其他→11507
2026-09-06T08:13:42+08:00	revenue/2026-07.csv	6185	market: tpex→6185; 出表日期: 1150817→幃翔; 資料年月: 11507→2026-07; 公司代號: 6185→tpex; 公司名稱: 幃翔→1150817; 產業別: 電子零組件業→11507
2026-09-06T08:13:42+08:00	revenue/2026-07.csv	6186	market: tpex→6186; 出表日期: 1150817→新潤; 資料年月: 11507→2026-07; 公司代號: 6186→tpex; 公司名稱: 新潤→1150817; 產業別: 建材營造→11507
2026-09-06T08:13:42+08:00	revenue/2026-07.csv	6187	market: tpex→6187; 出表日期: 1150817→萬潤; 資料年月: 11507→2026-07; 公司代號: 6187→tpex; 公司名稱: 萬潤→1150817; 產業別: 半導體業→11507
2026-09-06T08:13:42+08:00	revenue/2026-07.csv	6188	market: tpex→6188; 出表日期: 1150817→廣明; 資料年月: 11507→2026-07; 公司代號: 6188→tpex; 公司名稱: 廣明→1150817; 產業別: 電腦及週邊設備業→11507
2026-09-06T08:13:42+08:00	revenue/2026-07.csv	6189	market: twse→6189; 出表日期: 1150817→豐藝; 資料年月: 11507→2026-07; 公司代號: 6189→twse; 公司名稱: 豐藝→1150817; 產業別: 電子通路業→11507
2026-09-06T08:13:42+08:00	revenue/2026-07.csv	6190	market: tpex→6190; 出表日期: 1150817→萬泰科; 資料年月: 11507→2026-07; 公司代號: 6190→tpex; 公司名稱: 萬泰科→1150817; 產業別: 通信網路業→11507
2026-09-06T08:13:42+08:00	revenue/2026-07.csv	6191	market: twse→6191; 出表日期: 1150817→精成科; 資料年月: 11507→2026-07; 公司代號: 6191→twse; 公司名稱: 精成科→1150817; 產業別: 電子零組件業→11507
2026-09-06T08:13:42+08:00	revenue/2026-07.csv	6192	market: twse→6192; 出表日期: 1150817→巨路; 資料年月: 11507→2026-07; 公司代號: 6192→twse; 公司名稱: 巨路→1150817; 產業別: 其他電子業→11507
2026-09-06T08:13:42+08:00	revenue/2026-07.csv	6194	market: tpex→6194; 出表日期: 1150817→育富; 資料年月: 11507→2026-07; 公司代號: 6194→tpex; 公司名稱: 育富→1150817; 產業別: 電子零組件業→11507
2026-09-06T08:13:42+08:00	revenue/2026-07.csv	6195	market: tpex→6195; 出表日期: 1150817→詩肯; 資料年月: 11507→2026-07; 公司代號: 6195→tpex; 公司名稱: 詩肯→1150817; 產業別: 居家生活→11507
2026-09-06T08:13:42+08:00	revenue/2026-07.csv	6196	market: twse→6196; 出表日期: 1150817→帆宣; 資料年月: 11507→2026-07; 公司代號: 6196→twse; 公司名稱: 帆宣→1150817; 產業別: 其他電子業→11507
2026-09-06T08:13:42+08:00	revenue/2026-07.csv	6197	market: twse→6197; 出表日期: 1150817→佳必琪; 資料年月: 11507→2026-07; 公司代號: 6197→twse; 公司名稱: 佳必琪→1150817; 產業別: 電子零組件業→11507
2026-09-06T08:13:42+08:00	revenue/2026-07.csv	6198	market: tpex→6198; 出表日期: 1150817→瑞築; 資料年月: 11507→2026-07; 公司代號: 6198→tpex; 公司名稱: 瑞築→1150817; 產業別: 建材營造→11507
2026-09-06T08:13:42+08:00	revenue/2026-07.csv	6199	market: tpex→6199; 出表日期: 1150817→天品; 資料年月: 11507→2026-07; 公司代號: 6199→tpex; 公司名稱: 天品→1150817; 產業別: 其他→11507
2026-09-06T08:13:42+08:00	revenue/2026-07.csv	6201	market: twse→6201; 出表日期: 1150817→亞弘電; 資料年月: 11507→2026-07; 公司代號: 6201→twse; 公司名稱: 亞弘電→1150817; 產業別: 其他電子業→11507
2026-09-06T08:13:42+08:00	revenue/2026-07.csv	6202	market: twse→6202; 出表日期: 1150817→盛群; 資料年月: 11507→2026-07; 公司代號: 6202→twse; 公司名稱: 盛群→1150817; 產業別: 半導體業→11507
2026-09-06T08:13:42+08:00	revenue/2026-07.csv	6203	market: tpex→6203; 出表日期: 1150817→海韻電; 資料年月: 11507→2026-07; 公司代號: 6203→tpex; 公司名稱: 海韻電→1150817; 產業別: 電子零組件業→11507
2026-09-06T08:13:42+08:00	revenue/2026-07.csv	6204	market: tpex→6204; 出表日期: 1150817→艾華; 資料年月: 11507→2026-07; 公司代號: 6204→tpex; 公司名稱: 艾華→1150817; 產業別: 電子零組件業→11507
2026-09-06T08:13:42+08:00	revenue/2026-07.csv	6205	market: twse→6205; 出表日期: 1150817→詮欣; 資料年月: 11507→2026-07; 公司代號: 6205→twse; 公司名稱: 詮欣→1150817; 產業別: 電子零組件業→11507
2026-09-06T08:13:42+08:00	revenue/2026-07.csv	6206	market: twse→6206; 出表日期: 1150817→飛捷; 資料年月: 11507→2026-07; 公司代號: 6206→twse; 公司名稱: 飛捷→1150817; 產業別: 電腦及週邊設備業→11507
2026-09-06T08:13:42+08:00	revenue/2026-07.csv	6207	market: tpex→6207; 出表日期: 1150817→雷科; 資料年月: 11507→2026-07; 公司代號: 6207→tpex; 公司名稱: 雷科→1150817; 產業別: 電子零組件業→11507
2026-09-06T08:13:42+08:00	revenue/2026-07.csv	6208	market: tpex→6208; 出表日期: 1150817→日揚; 資料年月: 11507→2026-07; 公司代號: 6208→tpex; 公司名稱: 日揚→1150817; 產業別: 半導體業→11507
2026-09-06T08:13:42+08:00	revenue/2026-07.csv	6209	market: twse→6209; 出表日期: 1150817→今國光; 資料年月: 11507→2026-07; 公司代號: 6209→twse; 公司名稱: 今國光→1150817; 產業別: 光電業→11507
2026-09-06T08:13:42+08:00	revenue/2026-07.csv	6210	market: tpex→6210; 出表日期: 1150817→慶生; 資料年月: 11507→2026-07; 公司代號: 6210→tpex; 公司名稱: 慶生→1150817; 產業別: 電子零組件業→11507
2026-09-06T08:13:42+08:00	revenue/2026-07.csv	6212	market: tpex→6212; 出表日期: 1150817→理銘; 資料年月: 11507→2026-07; 公司代號: 6212→tpex; 公司名稱: 理銘→1150817; 產業別: 建材營造→11507
2026-09-06T08:13:42+08:00	revenue/2026-07.csv	6213	market: twse→6213; 出表日期: 1150817→聯茂; 資料年月: 11507→2026-07; 公司代號: 6213→twse; 公司名稱: 聯茂→1150817; 產業別: 電子零組件業→11507
2026-09-06T08:13:42+08:00	revenue/2026-07.csv	6214	market: twse→6214; 出表日期: 1150817→精誠; 資料年月: 11507→2026-07; 公司代號: 6214→twse; 公司名稱: 精誠→1150817; 產業別: 資訊服務業→11507
2026-09-06T08:13:42+08:00	revenue/2026-07.csv	6215	market: twse→6215; 出表日期: 1150817→和椿; 資料年月: 11507→2026-07; 公司代號: 6215→twse; 公司名稱: 和椿→1150817; 產業別: 其他電子業→11507
2026-09-06T08:13:42+08:00	revenue/2026-07.csv	6216	market: twse→6216; 出表日期: 1150817→居易; 資料年月: 11507→2026-07; 公司代號: 6216→twse; 公司名稱: 居易→1150817; 產業別: 通信網路業→11507
2026-09-06T08:13:42+08:00	revenue/2026-07.csv	6217	market: tpex→6217; 出表日期: 1150817→中探針; 資料年月: 11507→2026-07; 公司代號: 6217→tpex; 公司名稱: 中探針→1150817; 產業別: 電子零組件業→11507
2026-09-06T08:13:42+08:00	revenue/2026-07.csv	6218	market: tpex→6218; 出表日期: 1150817→豪勉; 資料年月: 11507→2026-07; 公司代號: 6218→tpex; 公司名稱: 豪勉→1150817; 產業別: 通信網路業→11507
2026-09-06T08:13:42+08:00	revenue/2026-07.csv	6219	market: tpex→6219; 出表日期: 1150817→富旺; 資料年月: 11507→2026-07; 公司代號: 6219→tpex; 公司名稱: 富旺→1150817; 產業別: 建材營造→11507
2026-09-06T08:13:42+08:00	revenue/2026-07.csv	6220	market: tpex→6220; 出表日期: 1150817→岳豐; 資料年月: 11507→2026-07; 公司代號: 6220→tpex; 公司名稱: 岳豐→1150817; 產業別: 電子零組件業→11507
2026-09-06T08:13:42+08:00	revenue/2026-07.csv	6221	market: tpex→6221; 出表日期: 1150817→晉泰; 資料年月: 11507→2026-07; 公司代號: 6221→tpex; 公司名稱: 晉泰→1150817; 產業別: 資訊服務業→11507
2026-09-06T08:13:42+08:00	revenue/2026-07.csv	6222	market: tpex→6222; 出表日期: 1150817→立軒; 資料年月: 11507→2026-07; 公司代號: 6222→tpex; 公司名稱: 立軒→1150817; 產業別: 光電業→11507
2026-09-06T08:13:42+08:00	revenue/2026-07.csv	6223	market: tpex→6223; 出表日期: 1150817→旺矽; 資料年月: 11507→2026-07; 公司代號: 6223→tpex; 公司名稱: 旺矽→1150817; 產業別: 半導體業→11507
2026-09-06T08:13:42+08:00	revenue/2026-07.csv	6224	market: twse→6224; 出表日期: 1150817→聚鼎; 資料年月: 11507→2026-07; 公司代號: 6224→twse; 公司名稱: 聚鼎→1150817; 產業別: 電子零組件業→11507
2026-09-06T08:13:42+08:00	revenue/2026-07.csv	6225	market: twse→6225; 出表日期: 1150817→天瀚; 資料年月: 11507→2026-07; 公司代號: 6225→twse; 公司名稱: 天瀚→1150817; 產業別: 光電業→11507
2026-09-06T08:13:42+08:00	revenue/2026-07.csv	6226	market: twse→6226; 出表日期: 1150817→光鼎; 資料年月: 11507→2026-07; 公司代號: 6226→twse; 公司名稱: 光鼎→1150817; 產業別: 光電業→11507
2026-09-06T08:13:42+08:00	revenue/2026-07.csv	6227	market: tpex→6227; 出表日期: 1150817→茂綸; 資料年月: 11507→2026-07; 公司代號: 6227→tpex; 公司名稱: 茂綸→1150817; 產業別: 電子通路業→11507
2026-09-06T08:13:42+08:00	revenue/2026-07.csv	6228	market: tpex→6228; 出表日期: 1150817→全譜; 資料年月: 11507→2026-07; 公司代號: 6228→tpex; 公司名稱: 全譜→1150817; 產業別: 電腦及週邊設備業→11507
2026-09-06T08:13:42+08:00	revenue/2026-07.csv	6229	market: tpex→6229; 出表日期: 1150817→研通; 資料年月: 11507→2026-07; 公司代號: 6229→tpex; 公司名稱: 研通→1150817; 產業別: 半導體業→11507
2026-09-06T08:13:42+08:00	revenue/2026-07.csv	6230	market: twse→6230; 出表日期: 1150817→尼得科超眾; 資料年月: 11507→2026-07; 公司代號: 6230→twse; 公司名稱: 尼得科超眾→1150817; 產業別: 電腦及週邊設備業→11507
2026-09-06T08:13:42+08:00	revenue/2026-07.csv	6231	market: tpex→6231; 出表日期: 1150817→系微; 資料年月: 11507→2026-07; 公司代號: 6231→tpex; 公司名稱: 系微→1150817; 產業別: 資訊服務業→11507
2026-09-06T08:13:42+08:00	revenue/2026-07.csv	6233	market: tpex→6233; 出表日期: 1150817→旺玖; 資料年月: 11507→2026-07; 公司代號: 6233→tpex; 公司名稱: 旺玖→1150817; 產業別: 半導體業→11507
2026-09-06T08:13:42+08:00	revenue/2026-07.csv	6234	market: tpex→6234; 出表日期: 1150817→高僑; 資料年月: 11507→2026-07; 公司代號: 6234→tpex; 公司名稱: 高僑→1150817; 產業別: 光電業→11507
2026-09-06T08:13:42+08:00	revenue/2026-07.csv	6235	market: twse→6235; 出表日期: 1150817→華孚; 資料年月: 11507→2026-07; 公司代號: 6235→twse; 公司名稱: 華孚→1150817; 產業別: 電腦及週邊設備業→11507
2026-09-06T08:13:42+08:00	revenue/2026-07.csv	6236	market: tpex→6236; 出表日期: 1150817→中湛; 資料年月: 11507→2026-07; 公司代號: 6236→tpex; 公司名稱: 中湛→1150817; 產業別: 數位雲端→11507
2026-09-06T08:13:42+08:00	revenue/2026-07.csv	6237	market: tpex→6237; 出表日期: 1150817→驊訊; 資料年月: 11507→2026-07; 公司代號: 6237→tpex; 公司名稱: 驊訊→1150817; 產業別: 半導體業→11507
2026-09-06T08:13:42+08:00	revenue/2026-07.csv	6239	market: twse→6239; 出表日期: 1150817→力成; 資料年月: 11507→2026-07; 公司代號: 6239→twse; 公司名稱: 力成→1150817; 產業別: 半導體業→11507
2026-09-06T08:13:42+08:00	revenue/2026-07.csv	6240	market: tpex→6240; 出表日期: 1150817→松崗; 資料年月: 11507→2026-07; 公司代號: 6240→tpex; 公司名稱: 松崗→1150817; 產業別: 資訊服務業→11507
2026-09-06T08:13:42+08:00	revenue/2026-07.csv	6241	market: tpex→6241; 出表日期: 1150817→鑫永洋; 資料年月: 11507→2026-07; 公司代號: 6241→tpex; 公司名稱: 鑫永洋→1150817; 產業別: 通信網路業→11507
2026-09-06T08:13:42+08:00	revenue/2026-07.csv	6242	market: tpex→6242; 出表日期: 1150817→立康; 資料年月: 11507→2026-07; 公司代號: 6242→tpex; 公司名稱: 立康→1150817; 產業別: 生技醫療業→11507
2026-09-06T08:13:42+08:00	revenue/2026-07.csv	6243	market: twse→6243; 出表日期: 1150817→迅杰; 資料年月: 11507→2026-07; 公司代號: 6243→twse; 公司名稱: 迅杰→1150817; 產業別: 半導體業→11507
2026-09-06T08:13:42+08:00	revenue/2026-07.csv	6244	market: tpex→6244; 出表日期: 1150817→茂迪; 資料年月: 11507→2026-07; 公司代號: 6244→tpex; 公司名稱: 茂迪→1150817; 產業別: 光電業→11507
2026-09-06T08:13:42+08:00	revenue/2026-07.csv	6245	market: tpex→6245; 出表日期: 1150817→立端; 資料年月: 11507→2026-07; 公司代號: 6245→tpex; 公司名稱: 立端→1150817; 產業別: 通信網路業→11507
2026-09-06T08:13:42+08:00	revenue/2026-07.csv	6246	market: tpex→6246; 出表日期: 1150817→臺龍; 資料年月: 11507→2026-07; 公司代號: 6246→tpex; 公司名稱: 臺龍→1150817; 產業別: 光電業→11507
2026-09-06T08:13:42+08:00	revenue/2026-07.csv	6248	market: tpex→6248; 出表日期: 1150817→沛波; 資料年月: 11507→2026-07; 公司代號: 6248→tpex; 公司名稱: 沛波→1150817; 產業別: 鋼鐵工業→11507
2026-09-06T08:13:42+08:00	revenue/2026-07.csv	6257	market: twse→6257; 出表日期: 1150817→矽格; 資料年月: 11507→2026-07; 公司代號: 6257→twse; 公司名稱: 矽格→1150817; 產業別: 半導體業→11507
2026-09-06T08:13:42+08:00	revenue/2026-07.csv	6259	market: tpex→6259; 出表日期: 1150817→百徽; 資料年月: 11507→2026-07; 公司代號: 6259→tpex; 公司名稱: 百徽→1150817; 產業別: 電子零組件業→11507
2026-09-06T08:13:42+08:00	revenue/2026-07.csv	6261	market: tpex→6261; 出表日期: 1150817→久元; 資料年月: 11507→2026-07; 公司代號: 6261→tpex; 公司名稱: 久元→1150817; 產業別: 半導體業→11507
2026-09-06T08:13:42+08:00	revenue/2026-07.csv	6263	market: tpex→6263; 出表日期: 1150817→普萊德; 資料年月: 11507→2026-07; 公司代號: 6263→tpex; 公司名稱: 普萊德→1150817; 產業別: 通信網路業→11507
2026-09-06T08:13:42+08:00	revenue/2026-07.csv	6264	market: tpex→6264; 出表日期: 1150817→富裔; 資料年月: 11507→2026-07; 公司代號: 6264→tpex; 公司名稱: 富裔→1150817; 產業別: 建材營造→11507
2026-09-06T08:13:42+08:00	revenue/2026-07.csv	6265	market: tpex→6265; 出表日期: 1150817→方土昶; 資料年月: 11507→2026-07; 公司代號: 6265→tpex; 公司名稱: 方土昶→1150817; 產業別: 電子通路業→11507
2026-09-06T08:13:42+08:00	revenue/2026-07.csv	6266	market: tpex→6266; 出表日期: 1150817→泰詠; 資料年月: 11507→2026-07; 公司代號: 6266→tpex; 公司名稱: 泰詠→1150817; 產業別: 電子零組件業→11507
2026-09-06T08:13:42+08:00	revenue/2026-07.csv	6269	market: twse→6269; 出表日期: 1150817→台郡; 資料年月: 11507→2026-07; 公司代號: 6269→twse; 公司名稱: 台郡→1150817; 產業別: 電子零組件業→11507
2026-09-06T08:13:42+08:00	revenue/2026-07.csv	6270	market: tpex→6270; 出表日期: 1150817→倍微; 資料年月: 11507→2026-07; 公司代號: 6270→tpex; 公司名稱: 倍微→1150817; 產業別: 電子通路業→11507
2026-09-06T08:13:42+08:00	revenue/2026-07.csv	6271	market: twse→6271; 出表日期: 1150817→同欣電; 資料年月: 11507→2026-07; 公司代號: 6271→twse; 公司名稱: 同欣電→1150817; 產業別: 半導體業→11507
2026-09-06T08:13:42+08:00	revenue/2026-07.csv	6272	market: twse→6272; 出表日期: 1150817→驊陞; 資料年月: 11507→2026-07; 公司代號: 6272→twse; 公司名稱: 驊陞→1150817; 產業別: 電子零組件業→11507
2026-09-06T08:13:42+08:00	revenue/2026-07.csv	6274	market: tpex→6274; 出表日期: 1150817→台燿; 資料年月: 11507→2026-07; 公司代號: 6274→tpex; 公司名稱: 台燿→1150817; 產業別: 電子零組件業→11507
2026-09-06T08:13:42+08:00	revenue/2026-07.csv	6275	market: tpex→6275; 出表日期: 1150817→元山; 資料年月: 11507→2026-07; 公司代號: 6275→tpex; 公司名稱: 元山→1150817; 產業別: 電子零組件業→11507
2026-09-06T08:13:42+08:00	revenue/2026-07.csv	6276	market: tpex→6276; 出表日期: 1150817→安鈦克; 資料年月: 11507→2026-07; 公司代號: 6276→tpex; 公司名稱: 安鈦克→1150817; 產業別: 電腦及週邊設備業→11507
2026-09-06T08:13:42+08:00	revenue/2026-07.csv	6277	market: twse→6277; 出表日期: 1150817→宏正; 資料年月: 11507→2026-07; 公司代號: 6277→twse; 公司名稱: 宏正→1150817; 產業別: 電腦及週邊設備業→11507
2026-09-06T08:13:42+08:00	revenue/2026-07.csv	6278	market: twse→6278; 出表日期: 1150817→台表科; 資料年月: 11507→2026-07; 公司代號: 6278→twse; 公司名稱: 台表科→1150817; 產業別: 光電業→11507
2026-09-06T08:13:42+08:00	revenue/2026-07.csv	6279	market: tpex→6279; 出表日期: 1150817→胡連; 資料年月: 11507→2026-07; 公司代號: 6279→tpex; 公司名稱: 胡連→1150817; 產業別: 電子零組件業→11507
2026-09-06T08:13:42+08:00	revenue/2026-07.csv	6281	market: twse→6281; 出表日期: 1150817→全國電; 資料年月: 11507→2026-07; 公司代號: 6281→twse; 公司名稱: 全國電→1150817; 產業別: 電子通路業→11507
2026-09-06T08:13:42+08:00	revenue/2026-07.csv	6282	market: twse→6282; 出表日期: 1150817→康舒; 資料年月: 11507→2026-07; 公司代號: 6282→twse; 公司名稱: 康舒→1150817; 產業別: 電子零組件業→11507
2026-09-06T08:13:42+08:00	revenue/2026-07.csv	6283	market: twse→6283; 出表日期: 1150817→淳安; 資料年月: 11507→2026-07; 公司代號: 6283→twse; 公司名稱: 淳安→1150817; 產業別: 其他電子業→11507
2026-09-06T08:13:42+08:00	revenue/2026-07.csv	6284	market: tpex→6284; 出表日期: 1150817→佳邦; 資料年月: 11507→2026-07; 公司代號: 6284→tpex; 公司名稱: 佳邦→1150817; 產業別: 電子零組件業→11507
2026-09-06T08:13:42+08:00	revenue/2026-07.csv	6285	market: twse→6285; 出表日期: 1150817→啟碁; 資料年月: 11507→2026-07; 公司代號: 6285→twse; 公司名稱: 啟碁→1150817; 產業別: 通信網路業→11507
2026-09-06T08:13:42+08:00	revenue/2026-07.csv	6290	market: tpex→6290; 出表日期: 1150817→良維; 資料年月: 11507→2026-07; 公司代號: 6290→tpex; 公司名稱: 良維→1150817; 產業別: 電子零組件業→11507
2026-09-06T08:13:42+08:00	revenue/2026-07.csv	6291	market: tpex→6291; 出表日期: 1150817→沛亨; 資料年月: 11507→2026-07; 公司代號: 6291→tpex; 公司名稱: 沛亨→1150817; 產業別: 半導體業→11507
2026-09-06T08:13:42+08:00	revenue/2026-07.csv	6292	market: tpex→6292; 出表日期: 1150817→迅德; 資料年月: 11507→2026-07; 公司代號: 6292→tpex; 公司名稱: 迅德→1150817; 產業別: 電子零組件業→11507
2026-09-06T08:13:42+08:00	revenue/2026-07.csv	6294	market: tpex→6294; 出表日期: 1150817→智基; 資料年月: 11507→2026-07; 公司代號: 6294→tpex; 公司名稱: 智基→1150817; 產業別: 文化創意業→11507
2026-09-06T08:13:42+08:00	revenue/2026-07.csv	6405	market: twse→6405; 出表日期: 1150817→悅城; 資料年月: 11507→2026-07; 公司代號: 6405→twse; 公司名稱: 悅城→1150817; 產業別: 光電業→11507
2026-09-06T08:13:42+08:00	revenue/2026-07.csv	6409	market: twse→6409; 出表日期: 1150817→旭隼; 資料年月: 11507→2026-07; 公司代號: 6409→twse; 公司名稱: 旭隼→1150817; 產業別: 其他電子業→11507
2026-09-06T08:13:42+08:00	revenue/2026-07.csv	6411	market: tpex→6411; 出表日期: 1150817→晶焱; 資料年月: 11507→2026-07; 公司代號: 6411→tpex; 公司名稱: 晶焱→1150817; 產業別: 半導體業→11507
2026-09-06T08:13:42+08:00	revenue/2026-07.csv	6412	market: twse→6412; 出表日期: 1150817→群電; 資料年月: 11507→2026-07; 公司代號: 6412→twse; 公司名稱: 群電→1150817; 產業別: 電子零組件業→11507
2026-09-06T08:13:42+08:00	revenue/2026-07.csv	6414	market: twse→6414; 出表日期: 1150817→樺漢; 資料年月: 11507→2026-07; 公司代號: 6414→twse; 公司名稱: 樺漢→1150817; 產業別: 電腦及週邊設備業→11507
2026-09-06T08:13:42+08:00	revenue/2026-07.csv	6415	market: twse→6415; 出表日期: 1150817→矽力*-KY; 資料年月: 11507→2026-07; 公司代號: 6415→twse; 公司名稱: 矽力*-KY→1150817; 產業別: 半導體業→11507
2026-09-06T08:13:42+08:00	revenue/2026-07.csv	6416	market: twse→6416; 出表日期: 1150817→瑞祺電通; 資料年月: 11507→2026-07; 公司代號: 6416→twse; 公司名稱: 瑞祺電通→1150817; 產業別: 通信網路業→11507
2026-09-06T08:13:42+08:00	revenue/2026-07.csv	6417	market: tpex→6417; 出表日期: 1150817→韋僑; 資料年月: 11507→2026-07; 公司代號: 6417→tpex; 公司名稱: 韋僑→1150817; 產業別: 通信網路業→11507
2026-09-06T08:13:42+08:00	revenue/2026-07.csv	6418	market: tpex→6418; 出表日期: 1150817→詠昇; 資料年月: 11507→2026-07; 公司代號: 6418→tpex; 公司名稱: 詠昇→1150817; 產業別: 電子零組件業→11507
2026-09-06T08:13:42+08:00	revenue/2026-07.csv	6419	market: tpex→6419; 出表日期: 1150817→京晨科; 資料年月: 11507→2026-07; 公司代號: 6419→tpex; 公司名稱: 京晨科→1150817; 產業別: 光電業→11507
2026-09-06T08:13:42+08:00	revenue/2026-07.csv	6423	market: tpex→6423; 出表日期: 1150817→億而得; 資料年月: 11507→2026-07; 公司代號: 6423→tpex; 公司名稱: 億而得→1150817; 產業別: 半導體業→11507
2026-09-06T08:13:42+08:00	revenue/2026-07.csv	6425	market: tpex→6425; 出表日期: 1150817→易發; 資料年月: 11507→2026-07; 公司代號: 6425→tpex; 公司名稱: 易發→1150817; 產業別: 電機機械→11507
2026-09-06T08:13:42+08:00	revenue/2026-07.csv	6426	market: twse→6426; 出表日期: 1150817→統新; 資料年月: 11507→2026-07; 公司代號: 6426→twse; 公司名稱: 統新→1150817; 產業別: 通信網路業→11507
2026-09-06T08:13:42+08:00	revenue/2026-07.csv	6431	market: twse→6431; 出表日期: 1150817→光麗-KY; 資料年月: 11507→2026-07; 公司代號: 6431→twse; 公司名稱: 光麗-KY→1150817; 產業別: 生技醫療業→11507
2026-09-06T08:13:42+08:00	revenue/2026-07.csv	6432	market: tpex→6432; 出表日期: 1150817→今展科; 資料年月: 11507→2026-07; 公司代號: 6432→tpex; 公司名稱: 今展科→1150817; 產業別: 電子零組件業→11507
2026-09-06T08:13:42+08:00	revenue/2026-07.csv	6435	market: tpex→6435; 出表日期: 1150817→大中; 資料年月: 11507→2026-07; 公司代號: 6435→tpex; 公司名稱: 大中→1150817; 產業別: 半導體業→11507
2026-09-06T08:13:42+08:00	revenue/2026-07.csv	6438	market: twse→6438; 出表日期: 1150817→迅得; 資料年月: 11507→2026-07; 公司代號: 6438→twse; 公司名稱: 迅得→1150817; 產業別: 其他電子業→11507
2026-09-06T08:13:42+08:00	revenue/2026-07.csv	6441	market: tpex→6441; 出表日期: 1150817→廣錠; 資料年月: 11507→2026-07; 公司代號: 6441→tpex; 公司名稱: 廣錠→1150817; 產業別: 電腦及週邊設備業→11507
2026-09-06T08:13:42+08:00	revenue/2026-07.csv	6442	market: twse→6442; 出表日期: 1150817→光聖; 資料年月: 11507→2026-07; 公司代號: 6442→twse; 公司名稱: 光聖→1150817; 產業別: 通信網路業→11507
2026-09-06T08:13:42+08:00	revenue/2026-07.csv	6443	market: twse→6443; 出表日期: 1150817→元晶; 資料年月: 11507→2026-07; 公司代號: 6443→twse; 公司名稱: 元晶→1150817; 產業別: 光電業→11507
2026-09-06T08:13:42+08:00	revenue/2026-07.csv	6446	market: twse→6446; 出表日期: 1150817→藥華藥; 資料年月: 11507→2026-07; 公司代號: 6446→twse; 公司名稱: 藥華藥→1150817; 產業別: 生技醫療業→11507
2026-09-06T08:13:42+08:00	revenue/2026-07.csv	6449	market: twse→6449; 出表日期: 1150817→鈺邦; 資料年月: 11507→2026-07; 公司代號: 6449→twse; 公司名稱: 鈺邦→1150817; 產業別: 電子零組件業→11507
2026-09-06T08:13:42+08:00	revenue/2026-07.csv	6451	market: twse→6451; 出表日期: 1150817→訊芯-KY; 資料年月: 11507→2026-07; 公司代號: 6451→twse; 公司名稱: 訊芯-KY→1150817; 產業別: 半導體業→11507
2026-09-06T08:13:42+08:00	revenue/2026-07.csv	6456	market: twse→6456; 出表日期: 1150817→GIS-KY; 資料年月: 11507→2026-07; 公司代號: 6456→twse; 公司名稱: GIS-KY→1150817; 產業別: 光電業→11507
2026-09-06T08:13:42+08:00	revenue/2026-07.csv	6461	market: tpex→6461; 出表日期: 1150817→益得; 資料年月: 11507→2026-07; 公司代號: 6461→tpex; 公司名稱: 益得→1150817; 產業別: 生技醫療業→11507
2026-09-06T08:13:42+08:00	revenue/2026-07.csv	6462	market: tpex→6462; 出表日期: 1150817→神盾; 資料年月: 11507→2026-07; 公司代號: 6462→tpex; 公司名稱: 神盾→1150817; 產業別: 半導體業→11507
2026-09-06T08:13:42+08:00	revenue/2026-07.csv	6464	market: twse→6464; 出表日期: 1150817→台數科; 資料年月: 11507→2026-07; 公司代號: 6464→twse; 公司名稱: 台數科→1150817; 產業別: 其他→11507
2026-09-06T08:13:42+08:00	revenue/2026-07.csv	6465	market: tpex→6465; 出表日期: 1150817→威潤; 資料年月: 11507→2026-07; 公司代號: 6465→tpex; 公司名稱: 威潤→1150817; 產業別: 通信網路業→11507
2026-09-06T08:13:42+08:00	revenue/2026-07.csv	6469	market: tpex→6469; 出表日期: 1150817→大樹; 資料年月: 11507→2026-07; 公司代號: 6469→tpex; 公司名稱: 大樹→1150817; 產業別: 生技醫療業→11507
2026-09-06T08:13:42+08:00	revenue/2026-07.csv	6470	market: tpex→6470; 出表日期: 1150817→宇智; 資料年月: 11507→2026-07; 公司代號: 6470→tpex; 公司名稱: 宇智→1150817; 產業別: 通信網路業→11507
2026-09-06T08:13:42+08:00	revenue/2026-07.csv	6472	market: twse→6472; 出表日期: 1150817→保瑞; 資料年月: 11507→2026-07; 公司代號: 6472→twse; 公司名稱: 保瑞→1150817; 產業別: 生技醫療業→11507
2026-09-06T08:13:42+08:00	revenue/2026-07.csv	6474	market: tpex→6474; 出表日期: 1150817→華豫寧; 資料年月: 11507→2026-07; 公司代號: 6474→tpex; 公司名稱: 華豫寧→1150817; 產業別: 電子通路業→11507
2026-09-06T08:13:42+08:00	revenue/2026-07.csv	6477	market: twse→6477; 出表日期: 1150817→安集; 資料年月: 11507→2026-07; 公司代號: 6477→twse; 公司名稱: 安集→1150817; 產業別: 光電業→11507
2026-09-06T08:13:42+08:00	revenue/2026-07.csv	6482	market: tpex→6482; 出表日期: 1150817→弘煜科; 資料年月: 11507→2026-07; 公司代號: 6482→tpex; 公司名稱: 弘煜科→1150817; 產業別: 文化創意業→11507
2026-09-06T08:13:42+08:00	revenue/2026-07.csv	6485	market: tpex→6485; 出表日期: 1150817→點序; 資料年月: 11507→2026-07; 公司代號: 6485→tpex; 公司名稱: 點序→1150817; 產業別: 半導體業→11507
2026-09-06T08:13:42+08:00	revenue/2026-07.csv	6486	market: tpex→6486; 出表日期: 1150817→互動; 資料年月: 11507→2026-07; 公司代號: 6486→tpex; 公司名稱: 互動→1150817; 產業別: 通信網路業→11507
2026-09-06T08:13:42+08:00	revenue/2026-07.csv	6488	market: tpex→6488; 出表日期: 1150817→環球晶; 資料年月: 11507→2026-07; 公司代號: 6488→tpex; 公司名稱: 環球晶→1150817; 產業別: 半導體業→11507
2026-09-06T08:13:42+08:00	revenue/2026-07.csv	6491	market: twse→6491; 出表日期: 1150817→晶碩; 資料年月: 11507→2026-07; 公司代號: 6491→twse; 公司名稱: 晶碩→1150817; 產業別: 生技醫療業→11507
2026-09-06T08:13:42+08:00	revenue/2026-07.csv	6492	market: tpex→6492; 出表日期: 1150817→生華科; 資料年月: 11507→2026-07; 公司代號: 6492→tpex; 公司名稱: 生華科→1150817; 產業別: 生技醫療業→11507
2026-09-06T08:13:42+08:00	revenue/2026-07.csv	6494	market: tpex→6494; 出表日期: 1150817→九齊; 資料年月: 11507→2026-07; 公司代號: 6494→tpex; 公司名稱: 九齊→1150817; 產業別: 半導體業→11507
2026-09-06T08:13:42+08:00	revenue/2026-07.csv	6496	market: tpex→6496; 出表日期: 1150817→科懋; 資料年月: 11507→2026-07; 公司代號: 6496→tpex; 公司名稱: 科懋→1150817; 產業別: 生技醫療業→11507
2026-09-06T08:13:42+08:00	revenue/2026-07.csv	6498	market: tpex→6498; 出表日期: 1150817→久禾光; 資料年月: 11507→2026-07; 公司代號: 6498→tpex; 公司名稱: 久禾光→1150817; 產業別: 光電業→11507
2026-09-06T08:13:42+08:00	revenue/2026-07.csv	6499	market: tpex→6499; 出表日期: 1150817→益安; 資料年月: 11507→2026-07; 公司代號: 6499→tpex; 公司名稱: 益安→1150817; 產業別: 生技醫療業→11507
2026-09-06T08:13:42+08:00	revenue/2026-07.csv	6504	market: twse→6504; 出表日期: 1150817→南六; 資料年月: 11507→2026-07; 公司代號: 6504→twse; 公司名稱: 南六→1150817; 產業別: 其他→11507
2026-09-06T08:13:42+08:00	revenue/2026-07.csv	6505	market: twse→6505; 出表日期: 1150817→台塑化; 資料年月: 11507→2026-07; 公司代號: 6505→twse; 公司名稱: 台塑化→1150817; 產業別: 油電燃氣業→11507
2026-09-06T08:13:42+08:00	revenue/2026-07.csv	6506	market: tpex→6506; 出表日期: 1150817→雙邦; 資料年月: 11507→2026-07; 公司代號: 6506→tpex; 公司名稱: 雙邦→1150817; 產業別: 紡織纖維→11507
2026-09-06T08:13:42+08:00	revenue/2026-07.csv	6508	market: tpex→6508; 出表日期: 1150817→惠光; 資料年月: 11507→2026-07; 公司代號: 6508→tpex; 公司名稱: 惠光→1150817; 產業別: 農業科技→11507
2026-09-06T08:13:42+08:00	revenue/2026-07.csv	6509	market: tpex→6509; 出表日期: 1150817→聚和; 資料年月: 11507→2026-07; 公司代號: 6509→tpex; 公司名稱: 聚和→1150817; 產業別: 化學工業→11507
2026-09-06T08:13:42+08:00	revenue/2026-07.csv	6510	market: tpex→6510; 出表日期: 1150817→精測; 資料年月: 11507→2026-07; 公司代號: 6510→tpex; 公司名稱: 精測→1150817; 產業別: 半導體業→11507
2026-09-06T08:13:42+08:00	revenue/2026-07.csv	6512	market: tpex→6512; 出表日期: 1150817→啟發電; 資料年月: 11507→2026-07; 公司代號: 6512→tpex; 公司名稱: 啟發電→1150817; 產業別: 其他電子業→11507
2026-09-06T08:13:42+08:00	revenue/2026-07.csv	6515	market: twse→6515; 出表日期: 1150817→穎崴; 資料年月: 11507→2026-07; 公司代號: 6515→twse; 公司名稱: 穎崴→1150817; 產業別: 半導體業→11507
2026-09-06T08:13:42+08:00	revenue/2026-07.csv	6516	market: tpex→6516; 出表日期: 1150817→勤崴國際; 資料年月: 11507→2026-07; 公司代號: 6516→tpex; 公司名稱: 勤崴國際→1150817; 產業別: 資訊服務業→11507
2026-09-06T08:13:42+08:00	revenue/2026-07.csv	6517	market: tpex→6517; 出表日期: 1150817→保勝光學; 資料年月: 11507→2026-07; 公司代號: 6517→tpex; 公司名稱: 保勝光學→1150817; 產業別: 光電業→11507
2026-09-06T08:13:42+08:00	revenue/2026-07.csv	6523	market: tpex→6523; 出表日期: 1150817→達爾膚; 資料年月: 11507→2026-07; 公司代號: 6523→tpex; 公司名稱: 達爾膚→1150817; 產業別: 生技醫療業→11507
2026-09-06T08:13:42+08:00	revenue/2026-07.csv	6525	market: twse→6525; 出表日期: 1150817→捷敏-KY; 資料年月: 11507→2026-07; 公司代號: 6525→twse; 公司名稱: 捷敏-KY→1150817; 產業別: 半導體業→11507
2026-09-06T08:13:42+08:00	revenue/2026-07.csv	6526	market: twse→6526; 出表日期: 1150817→達發; 資料年月: 11507→2026-07; 公司代號: 6526→twse; 公司名稱: 達發→1150817; 產業別: 半導體業→11507
2026-09-06T08:13:42+08:00	revenue/2026-07.csv	6527	market: tpex→6527; 出表日期: 1150817→明達醫; 資料年月: 11507→2026-07; 公司代號: 6527→tpex; 公司名稱: 明達醫→1150817; 產業別: 生技醫療業→11507
2026-09-06T08:13:42+08:00	revenue/2026-07.csv	6530	market: tpex→6530; 出表日期: 1150817→創威; 資料年月: 11507→2026-07; 公司代號: 6530→tpex; 公司名稱: 創威→1150817; 產業別: 通信網路業→11507
2026-09-06T08:13:42+08:00	revenue/2026-07.csv	6531	market: twse→6531; 出表日期: 1150817→愛普*; 資料年月: 11507→2026-07; 公司代號: 6531→twse; 公司名稱: 愛普*→1150817; 產業別: 半導體業→11507
2026-09-06T08:13:42+08:00	revenue/2026-07.csv	6532	market: tpex→6532; 出表日期: 1150817→瑞耘; 資料年月: 11507→2026-07; 公司代號: 6532→tpex; 公司名稱: 瑞耘→1150817; 產業別: 半導體業→11507
2026-09-06T08:13:42+08:00	revenue/2026-07.csv	6533	market: twse→6533; 出表日期: 1150817→晶心科; 資料年月: 11507→2026-07; 公司代號: 6533→twse; 公司名稱: 晶心科→1150817; 產業別: 半導體業→11507
2026-09-06T08:13:42+08:00	revenue/2026-07.csv	6534	market: twse→6534; 出表日期: 1150817→正瀚-創; 資料年月: 11507→2026-07; 公司代號: 6534→twse; 公司名稱: 正瀚-創→1150817; 產業別: 生技醫療業→11507
2026-09-06T08:13:42+08:00	revenue/2026-07.csv	6535	market: tpex→6535; 出表日期: 1150817→順藥; 資料年月: 11507→2026-07; 公司代號: 6535→tpex; 公司名稱: 順藥→1150817; 產業別: 生技醫療業→11507
2026-09-06T08:13:42+08:00	revenue/2026-07.csv	6538	market: tpex→6538; 出表日期: 1150817→倉和; 資料年月: 11507→2026-07; 公司代號: 6538→tpex; 公司名稱: 倉和→1150817; 產業別: 電子零組件業→11507
2026-09-06T08:13:42+08:00	revenue/2026-07.csv	6541	market: twse→6541; 出表日期: 1150817→泰福-KY; 資料年月: 11507→2026-07; 公司代號: 6541→twse; 公司名稱: 泰福-KY→1150817; 產業別: 生技醫療業→11507
2026-09-06T08:13:42+08:00	revenue/2026-07.csv	6542	market: tpex→6542; 出表日期: 1150817→隆中; 資料年月: 11507→2026-07; 公司代號: 6542→tpex; 公司名稱: 隆中→1150817; 產業別: 文化創意業→11507
2026-09-06T08:13:42+08:00	revenue/2026-07.csv	6546	market: tpex→6546; 出表日期: 1150817→正基; 資料年月: 11507→2026-07; 公司代號: 6546→tpex; 公司名稱: 正基→1150817; 產業別: 通信網路業→11507
2026-09-06T08:13:42+08:00	revenue/2026-07.csv	6547	market: tpex→6547; 出表日期: 1150817→高端疫苗; 資料年月: 11507→2026-07; 公司代號: 6547→tpex; 公司名稱: 高端疫苗→1150817; 產業別: 生技醫療業→11507
2026-09-06T08:13:42+08:00	revenue/2026-07.csv	6548	market: tpex→6548; 出表日期: 1150817→長科*; 資料年月: 11507→2026-07; 公司代號: 6548→tpex; 公司名稱: 長科*→1150817; 產業別: 半導體業→11507
2026-09-06T08:13:42+08:00	revenue/2026-07.csv	6550	market: twse→6550; 出表日期: 1150817→北極星藥業-KY; 資料年月: 11507→2026-07; 公司代號: 6550→twse; 公司名稱: 北極星藥業-KY→1150817; 產業別: 生技醫療業→11507
2026-09-06T08:13:42+08:00	revenue/2026-07.csv	6552	market: twse→6552; 出表日期: 1150817→易華電; 資料年月: 11507→2026-07; 公司代號: 6552→twse; 公司名稱: 易華電→1150817; 產業別: 半導體業→11507
2026-09-06T08:13:42+08:00	revenue/2026-07.csv	6556	market: tpex→6556; 出表日期: 1150817→勝品; 資料年月: 11507→2026-07; 公司代號: 6556→tpex; 公司名稱: 勝品→1150817; 產業別: 光電業→11507
2026-09-06T08:13:42+08:00	revenue/2026-07.csv	6558	market: twse→6558; 出表日期: 1150817→興能高; 資料年月: 11507→2026-07; 公司代號: 6558→twse; 公司名稱: 興能高→1150817; 產業別: 其他電子業→11507
2026-09-06T08:13:42+08:00	revenue/2026-07.csv	6560	market: tpex→6560; 出表日期: 1150817→欣普羅; 資料年月: 11507→2026-07; 公司代號: 6560→tpex; 公司名稱: 欣普羅→1150817; 產業別: 光電業→11507
2026-09-06T08:13:42+08:00	revenue/2026-07.csv	6561	market: tpex→6561; 出表日期: 1150817→是方; 資料年月: 11507→2026-07; 公司代號: 6561→tpex; 公司名稱: 是方→1150817; 產業別: 通信網路業→11507
2026-09-06T08:13:42+08:00	revenue/2026-07.csv	6568	market: tpex→6568; 出表日期: 1150817→宏觀; 資料年月: 11507→2026-07; 公司代號: 6568→tpex; 公司名稱: 宏觀→1150817; 產業別: 半導體業→11507
2026-09-06T08:13:42+08:00	revenue/2026-07.csv	6569	market: tpex→6569; 出表日期: 1150817→醫揚; 資料年月: 11507→2026-07; 公司代號: 6569→tpex; 公司名稱: 醫揚→1150817; 產業別: 生技醫療業→11507
2026-09-06T08:13:42+08:00	revenue/2026-07.csv	6570	market: tpex→6570; 出表日期: 1150817→維田; 資料年月: 11507→2026-07; 公司代號: 6570→tpex; 公司名稱: 維田→1150817; 產業別: 電腦及週邊設備業→11507
2026-09-06T08:13:42+08:00	revenue/2026-07.csv	6573	market: twse→6573; 出表日期: 1150817→虹揚-KY; 資料年月: 11507→2026-07; 公司代號: 6573→twse; 公司名稱: 虹揚-KY→1150817; 產業別: 半導體業→11507
2026-09-06T08:13:42+08:00	revenue/2026-07.csv	6574	market: tpex→6574; 出表日期: 1150817→霈方; 資料年月: 11507→2026-07; 公司代號: 6574→tpex; 公司名稱: 霈方→1150817; 產業別: 生技醫療業→11507
2026-09-06T08:13:42+08:00	revenue/2026-07.csv	6576	market: tpex→6576; 出表日期: 1150817→逸達; 資料年月: 11507→2026-07; 公司代號: 6576→tpex; 公司名稱: 逸達→1150817; 產業別: 生技醫療業→11507
2026-09-06T08:13:42+08:00	revenue/2026-07.csv	6577	market: tpex→6577; 出表日期: 1150817→勁豐; 資料年月: 11507→2026-07; 公司代號: 6577→tpex; 公司名稱: 勁豐→1150817; 產業別: 電腦及週邊設備業→11507
2026-09-06T08:13:42+08:00	revenue/2026-07.csv	6578	market: tpex→6578; 出表日期: 1150817→達邦蛋白; 資料年月: 11507→2026-07; 公司代號: 6578→tpex; 公司名稱: 達邦蛋白→1150817; 產業別: 農業科技→11507
2026-09-06T08:13:42+08:00	revenue/2026-07.csv	6579	market: twse→6579; 出表日期: 1150817→研揚; 資料年月: 11507→2026-07; 公司代號: 6579→twse; 公司名稱: 研揚→1150817; 產業別: 電腦及週邊設備業→11507
2026-09-06T08:13:42+08:00	revenue/2026-07.csv	6581	market: twse→6581; 出表日期: 1150817→鋼聯; 資料年月: 11507→2026-07; 公司代號: 6581→twse; 公司名稱: 鋼聯→1150817; 產業別: 綠能環保→11507
2026-09-06T08:13:42+08:00	revenue/2026-07.csv	6582	market: twse→6582; 出表日期: 1150817→申豐; 資料年月: 11507→2026-07; 公司代號: 6582→twse; 公司名稱: 申豐→1150817; 產業別: 橡膠工業→11507
2026-09-06T08:13:42+08:00	revenue/2026-07.csv	6584	market: tpex→6584; 出表日期: 1150817→南俊國際; 資料年月: 11507→2026-07; 公司代號: 6584→tpex; 公司名稱: 南俊國際→1150817; 產業別: 電子零組件業→11507
2026-09-06T08:13:42+08:00	revenue/2026-07.csv	6585	market: twse→6585; 出表日期: 1150817→鼎基; 資料年月: 11507→2026-07; 公司代號: 6585→twse; 公司名稱: 鼎基→1150817; 產業別: 其他→11507
2026-09-06T08:13:42+08:00	revenue/2026-07.csv	6588	market: tpex→6588; 出表日期: 1150817→東典光電; 資料年月: 11507→2026-07; 公司代號: 6588→tpex; 公司名稱: 東典光電→1150817; 產業別: 通信網路業→11507
2026-09-06T08:13:42+08:00	revenue/2026-07.csv	6589	market: twse→6589; 出表日期: 1150817→台康生技; 資料年月: 11507→2026-07; 公司代號: 6589→twse; 公司名稱: 台康生技→1150817; 產業別: 生技醫療業→11507
2026-09-06T08:13:42+08:00	revenue/2026-07.csv	6590	market: tpex→6590; 出表日期: 1150817→普鴻; 資料年月: 11507→2026-07; 公司代號: 6590→tpex; 公司名稱: 普鴻→1150817; 產業別: 資訊服務業→11507
2026-09-06T08:13:42+08:00	revenue/2026-07.csv	6591	market: twse→6591; 出表日期: 1150817→動力-KY; 資料年月: 11507→2026-07; 公司代號: 6591→twse; 公司名稱: 動力-KY→1150817; 產業別: 電腦及週邊設備業→11507
2026-09-06T08:13:42+08:00	revenue/2026-07.csv	6592	market: twse→6592; 出表日期: 1150817→和潤企業; 資料年月: 11507→2026-07; 公司代號: 6592→twse; 公司名稱: 和潤企業→1150817; 產業別: 其他→11507
2026-09-06T08:13:42+08:00	revenue/2026-07.csv	6593	market: tpex→6593; 出表日期: 1150817→台灣銘板; 資料年月: 11507→2026-07; 公司代號: 6593→tpex; 公司名稱: 台灣銘板→1150817; 產業別: 資訊服務業→11507
2026-09-06T08:13:42+08:00	revenue/2026-07.csv	6596	market: tpex→6596; 出表日期: 1150817→寬宏藝術; 資料年月: 11507→2026-07; 公司代號: 6596→tpex; 公司名稱: 寬宏藝術→1150817; 產業別: 文化創意業→11507
2026-09-06T08:13:42+08:00	revenue/2026-07.csv	6597	market: tpex→6597; 出表日期: 1150817→立誠; 資料年月: 11507→2026-07; 公司代號: 6597→tpex; 公司名稱: 立誠→1150817; 產業別: 電子零組件業→11507
2026-09-06T08:13:42+08:00	revenue/2026-07.csv	6598	market: twse→6598; 出表日期: 1150817→ABC-KY; 資料年月: 11507→2026-07; 公司代號: 6598→twse; 公司名稱: ABC-KY→1150817; 產業別: 生技醫療業→11507
2026-09-06T08:13:42+08:00	revenue/2026-07.csv	6603	market: tpex→6603; 出表日期: 1150817→富強鑫; 資料年月: 11507→2026-07; 公司代號: 6603→tpex; 公司名稱: 富強鑫→1150817; 產業別: 電機機械→11507
2026-09-06T08:13:42+08:00	revenue/2026-07.csv	6605	market: twse→6605; 出表日期: 1150817→帝寶; 資料年月: 11507→2026-07; 公司代號: 6605→twse; 公司名稱: 帝寶→1150817; 產業別: 汽車工業→11507
2026-09-06T08:13:42+08:00	revenue/2026-07.csv	6606	market: twse→6606; 出表日期: 1150817→建德工業; 資料年月: 11507→2026-07; 公司代號: 6606→twse; 公司名稱: 建德工業→1150817; 產業別: 電機機械→11507
2026-09-06T08:13:42+08:00	revenue/2026-07.csv	6609	market: tpex→6609; 出表日期: 1150817→瀧澤科; 資料年月: 11507→2026-07; 公司代號: 6609→tpex; 公司名稱: 瀧澤科→1150817; 產業別: 電機機械→11507
2026-09-06T08:13:42+08:00	revenue/2026-07.csv	6612	market: tpex→6612; 出表日期: 1150817→奈米醫材; 資料年月: 11507→2026-07; 公司代號: 6612→tpex; 公司名稱: 奈米醫材→1150817; 產業別: 生技醫療業→11507
2026-09-06T08:13:42+08:00	revenue/2026-07.csv	6613	market: tpex→6613; 出表日期: 1150817→朋億*; 資料年月: 11507→2026-07; 公司代號: 6613→tpex; 公司名稱: 朋億*→1150817; 產業別: 其他電子業→11507
2026-09-06T08:13:42+08:00	revenue/2026-07.csv	6614	market: twse→6614; 出表日期: 1150817→資拓宏宇; 資料年月: 11507→2026-07; 公司代號: 6614→twse; 公司名稱: 資拓宏宇→1150817; 產業別: 數位雲端→11507
2026-09-06T08:13:42+08:00	revenue/2026-07.csv	6615	market: tpex→6615; 出表日期: 1150817→慧智; 資料年月: 11507→2026-07; 公司代號: 6615→tpex; 公司名稱: 慧智→1150817; 產業別: 生技醫療業→11507
2026-09-06T08:13:42+08:00	revenue/2026-07.csv	6616	market: tpex→6616; 出表日期: 1150817→特昇-KY; 資料年月: 11507→2026-07; 公司代號: 6616→tpex; 公司名稱: 特昇-KY→1150817; 產業別: 居家生活→11507
2026-09-06T08:13:42+08:00	revenue/2026-07.csv	6617	market: tpex→6617; 出表日期: 1150817→共信-KY; 資料年月: 11507→2026-07; 公司代號: 6617→tpex; 公司名稱: 共信-KY→1150817; 產業別: 生技醫療業→11507
2026-09-06T08:13:42+08:00	revenue/2026-07.csv	6620	market: tpex→6620; 出表日期: 1150817→漢達; 資料年月: 11507→2026-07; 公司代號: 6620→tpex; 公司名稱: 漢達→1150817; 產業別: 生技醫療業→11507
2026-09-06T08:13:42+08:00	revenue/2026-07.csv	6624	market: tpex→6624; 出表日期: 1150817→萬年清; 資料年月: 11507→2026-07; 公司代號: 6624→tpex; 公司名稱: 萬年清→1150817; 產業別: 綠能環保→11507
2026-09-06T08:13:42+08:00	revenue/2026-07.csv	6625	market: twse→6625; 出表日期: 1150817→必應; 資料年月: 11507→2026-07; 公司代號: 6625→twse; 公司名稱: 必應→1150817; 產業別: 其他→11507
2026-09-06T08:13:42+08:00	revenue/2026-07.csv	6629	market: tpex→6629; 出表日期: 1150817→泰金-KY; 資料年月: 11507→2026-07; 公司代號: 6629→tpex; 公司名稱: 泰金-KY→1150817; 產業別: 居家生活→11507
2026-09-06T08:13:42+08:00	revenue/2026-07.csv	6637	market: tpex→6637; 出表日期: 1150817→醫影; 資料年月: 11507→2026-07; 公司代號: 6637→tpex; 公司名稱: 醫影→1150817; 產業別: 生技醫療業→11507
2026-09-06T08:13:42+08:00	revenue/2026-07.csv	6640	market: tpex→6640; 出表日期: 1150817→均華; 資料年月: 11507→2026-07; 公司代號: 6640→tpex; 公司名稱: 均華→1150817; 產業別: 半導體業→11507
2026-09-06T08:13:42+08:00	revenue/2026-07.csv	6641	market: twse→6641; 出表日期: 1150817→基士德-KY; 資料年月: 11507→2026-07; 公司代號: 6641→twse; 公司名稱: 基士德-KY→1150817; 產業別: 綠能環保→11507
2026-09-06T08:13:42+08:00	revenue/2026-07.csv	6642	market: tpex→6642; 出表日期: 1150817→富致; 資料年月: 11507→2026-07; 公司代號: 6642→tpex; 公司名稱: 富致→1150817; 產業別: 電子零組件業→11507
2026-09-06T08:13:42+08:00	revenue/2026-07.csv	6643	market: tpex→6643; 出表日期: 1150817→M31; 資料年月: 11507→2026-07; 公司代號: 6643→tpex; 公司名稱: M31→1150817; 產業別: 半導體業→11507
2026-09-06T08:13:42+08:00	revenue/2026-07.csv	6645	market: twse→6645; 出表日期: 1150817→金萬林-創; 資料年月: 11507→2026-07; 公司代號: 6645→twse; 公司名稱: 金萬林-創→1150817; 產業別: 生技醫療業→11507
2026-09-06T08:13:42+08:00	revenue/2026-07.csv	6649	market: tpex→6649; 出表日期: 1150817→台生材; 資料年月: 11507→2026-07; 公司代號: 6649→tpex; 公司名稱: 台生材→1150817; 產業別: 生技醫療業→11507
2026-09-06T08:13:42+08:00	revenue/2026-07.csv	6651	market: tpex→6651; 出表日期: 1150817→全宇昕; 資料年月: 11507→2026-07; 公司代號: 6651→tpex; 公司名稱: 全宇昕→1150817; 產業別: 半導體業→11507
2026-09-06T08:13:42+08:00	revenue/2026-07.csv	6654	market: tpex→6654; 出表日期: 1150817→天正國際; 資料年月: 11507→2026-07; 公司代號: 6654→tpex; 公司名稱: 天正國際→1150817; 產業別: 其他電子業→11507
2026-09-06T08:13:42+08:00	revenue/2026-07.csv	6655	market: twse→6655; 出表日期: 1150817→科定; 資料年月: 11507→2026-07; 公司代號: 6655→twse; 公司名稱: 科定→1150817; 產業別: 其他→11507
2026-09-06T08:13:42+08:00	revenue/2026-07.csv	6657	market: twse→6657; 出表日期: 1150817→華安; 資料年月: 11507→2026-07; 公司代號: 6657→twse; 公司名稱: 華安→1150817; 產業別: 生技醫療業→11507
2026-09-06T08:13:42+08:00	revenue/2026-07.csv	6658	market: twse→6658; 出表日期: 1150817→聯策; 資料年月: 11507→2026-07; 公司代號: 6658→twse; 公司名稱: 聯策→1150817; 產業別: 其他電子業→11507
2026-09-06T08:13:42+08:00	revenue/2026-07.csv	6661	market: tpex→6661; 出表日期: 1150817→威健生技; 資料年月: 11507→2026-07; 公司代號: 6661→tpex; 公司名稱: 威健生技→1150817; 產業別: 生技醫療業→11507
2026-09-06T08:13:42+08:00	revenue/2026-07.csv	6662	market: tpex→6662; 出表日期: 1150817→樂斯科; 資料年月: 11507→2026-07; 公司代號: 6662→tpex; 公司名稱: 樂斯科→1150817; 產業別: 生技醫療業→11507
2026-09-06T08:13:42+08:00	revenue/2026-07.csv	6664	market: tpex→6664; 出表日期: 1150817→群翊; 資料年月: 11507→2026-07; 公司代號: 6664→tpex; 公司名稱: 群翊→1150817; 產業別: 電子零組件業→11507
2026-09-06T08:13:42+08:00	revenue/2026-07.csv	6666	market: twse→6666; 出表日期: 1150817→羅麗芬-KY; 資料年月: 11507→2026-07; 公司代號: 6666→twse; 公司名稱: 羅麗芬-KY→1150817; 產業別: 生技醫療業→11507
2026-09-06T08:13:42+08:00	revenue/2026-07.csv	6667	market: tpex→6667; 出表日期: 1150817→信紘科; 資料年月: 11507→2026-07; 公司代號: 6667→tpex; 公司名稱: 信紘科→1150817; 產業別: 其他電子業→11507
2026-09-06T08:13:42+08:00	revenue/2026-07.csv	6668	market: twse→6668; 出表日期: 1150817→中揚光; 資料年月: 11507→2026-07; 公司代號: 6668→twse; 公司名稱: 中揚光→1150817; 產業別: 光電業→11507
2026-09-06T08:13:42+08:00	revenue/2026-07.csv	6669	market: twse→6669; 出表日期: 1150817→緯穎; 資料年月: 11507→2026-07; 公司代號: 6669→twse; 公司名稱: 緯穎→1150817; 產業別: 電腦及週邊設備業→11507
2026-09-06T08:13:42+08:00	revenue/2026-07.csv	6670	market: twse→6670; 出表日期: 1150817→復盛應用; 資料年月: 11507→2026-07; 公司代號: 6670→twse; 公司名稱: 復盛應用→1150817; 產業別: 運動休閒→11507
2026-09-06T08:13:42+08:00	revenue/2026-07.csv	6671	market: twse→6671; 出表日期: 1150817→三能-KY; 資料年月: 11507→2026-07; 公司代號: 6671→twse; 公司名稱: 三能-KY→1150817; 產業別: 居家生活→11507
2026-09-06T08:13:42+08:00	revenue/2026-07.csv	6672	market: twse→6672; 出表日期: 1150817→騰輝電子-KY; 資料年月: 11507→2026-07; 公司代號: 6672→twse; 公司名稱: 騰輝電子-KY→1150817; 產業別: 電子零組件業→11507
2026-09-06T08:13:42+08:00	revenue/2026-07.csv	6674	market: twse→6674; 出表日期: 1150817→鋐寶科技; 資料年月: 11507→2026-07; 公司代號: 6674→twse; 公司名稱: 鋐寶科技→1150817; 產業別: 通信網路業→11507
2026-09-06T08:13:42+08:00	revenue/2026-07.csv	6679	market: tpex→6679; 出表日期: 1150817→鈺太; 資料年月: 11507→2026-07; 公司代號: 6679→tpex; 公司名稱: 鈺太→1150817; 產業別: 半導體業→11507
2026-09-06T08:13:42+08:00	revenue/2026-07.csv	6680	market: tpex→6680; 出表日期: 1150817→鑫創電子; 資料年月: 11507→2026-07; 公司代號: 6680→tpex; 公司名稱: 鑫創電子→1150817; 產業別: 電腦及週邊設備業→11507
2026-09-06T08:13:42+08:00	revenue/2026-07.csv	6683	market: tpex→6683; 出表日期: 1150817→雍智科技; 資料年月: 11507→2026-07; 公司代號: 6683→tpex; 公司名稱: 雍智科技→1150817; 產業別: 半導體業→11507
2026-09-06T08:13:42+08:00	revenue/2026-07.csv	6684	market: tpex→6684; 出表日期: 1150817→安格; 資料年月: 11507→2026-07; 公司代號: 6684→tpex; 公司名稱: 安格→1150817; 產業別: 半導體業→11507
2026-09-06T08:13:42+08:00	revenue/2026-07.csv	6689	market: twse→6689; 出表日期: 1150817→伊雲谷; 資料年月: 11507→2026-07; 公司代號: 6689→twse; 公司名稱: 伊雲谷→1150817; 產業別: 數位雲端→11507
2026-09-06T08:13:42+08:00	revenue/2026-07.csv	6690	market: tpex→6690; 出表日期: 1150817→安碁資訊; 資料年月: 11507→2026-07; 公司代號: 6690→tpex; 公司名稱: 安碁資訊→1150817; 產業別: 數位雲端→11507
2026-09-06T08:13:42+08:00	revenue/2026-07.csv	6691	market: twse→6691; 出表日期: 1150817→洋基工程; 資料年月: 11507→2026-07; 公司代號: 6691→twse; 公司名稱: 洋基工程→1150817; 產業別: 其他電子業→11507
2026-09-06T08:13:42+08:00	revenue/2026-07.csv	6692	market: tpex→6692; 出表日期: 1150817→進能服; 資料年月: 11507→2026-07; 公司代號: 6692→tpex; 公司名稱: 進能服→1150817; 產業別: 綠能環保→11507
2026-09-06T08:13:42+08:00	revenue/2026-07.csv	6693	market: tpex→6693; 出表日期: 1150817→廣閎科; 資料年月: 11507→2026-07; 公司代號: 6693→tpex; 公司名稱: 廣閎科→1150817; 產業別: 半導體業→11507
2026-09-06T08:13:42+08:00	revenue/2026-07.csv	6695	market: twse→6695; 出表日期: 1150817→芯鼎; 資料年月: 11507→2026-07; 公司代號: 6695→twse; 公司名稱: 芯鼎→1150817; 產業別: 半導體業→11507
2026-09-06T08:13:42+08:00	revenue/2026-07.csv	6697	market: tpex→6697; 出表日期: 1150817→東捷資訊; 資料年月: 11507→2026-07; 公司代號: 6697→tpex; 公司名稱: 東捷資訊→1150817; 產業別: 資訊服務業→11507
2026-09-06T08:13:42+08:00	revenue/2026-07.csv	6698	market: twse→6698; 出表日期: 1150817→旭暉應材; 資料年月: 11507→2026-07; 公司代號: 6698→twse; 公司名稱: 旭暉應材→1150817; 產業別: 其他電子業→11507
2026-09-06T08:13:42+08:00	revenue/2026-07.csv	6703	market: tpex→6703; 出表日期: 1150817→軒郁; 資料年月: 11507→2026-07; 公司代號: 6703→tpex; 公司名稱: 軒郁→1150817; 產業別: 生技醫療業→11507
2026-09-06T08:13:42+08:00	revenue/2026-07.csv	6706	market: twse→6706; 出表日期: 1150817→惠特; 資料年月: 11507→2026-07; 公司代號: 6706→twse; 公司名稱: 惠特→1150817; 產業別: 光電業→11507
2026-09-06T08:13:42+08:00	revenue/2026-07.csv	6708	market: tpex→6708; 出表日期: 1150817→天擎; 資料年月: 11507→2026-07; 公司代號: 6708→tpex; 公司名稱: 天擎→1150817; 產業別: 半導體業→11507
2026-09-06T08:13:42+08:00	revenue/2026-07.csv	6712	market: tpex→6712; 出表日期: 1150817→長聖; 資料年月: 11507→2026-07; 公司代號: 6712→tpex; 公司名稱: 長聖→1150817; 產業別: 生技醫療業→11507
2026-09-06T08:13:42+08:00	revenue/2026-07.csv	6715	market: twse→6715; 出表日期: 1150817→嘉基; 資料年月: 11507→2026-07; 公司代號: 6715→twse; 公司名稱: 嘉基→1150817; 產業別: 電子零組件業→11507
2026-09-06T08:13:42+08:00	revenue/2026-07.csv	6716	market: tpex→6716; 出表日期: 1150817→應廣; 資料年月: 11507→2026-07; 公司代號: 6716→tpex; 公司名稱: 應廣→1150817; 產業別: 半導體業→11507
2026-09-06T08:13:42+08:00	revenue/2026-07.csv	6719	market: twse→6719; 出表日期: 1150817→力智; 資料年月: 11507→2026-07; 公司代號: 6719→twse; 公司名稱: 力智→1150817; 產業別: 半導體業→11507
2026-09-06T08:13:42+08:00	revenue/2026-07.csv	6720	market: tpex→6720; 出表日期: 1150817→久昌; 資料年月: 11507→2026-07; 公司代號: 6720→tpex; 公司名稱: 久昌→1150817; 產業別: 半導體業→11507
2026-09-06T08:13:42+08:00	revenue/2026-07.csv	6721	market: tpex→6721; 出表日期: 1150817→信實; 資料年月: 11507→2026-07; 公司代號: 6721→tpex; 公司名稱: 信實→1150817; 產業別: 其他→11507
2026-09-06T08:13:42+08:00	revenue/2026-07.csv	6722	market: twse→6722; 出表日期: 1150817→輝創; 資料年月: 11507→2026-07; 公司代號: 6722→twse; 公司名稱: 輝創→1150817; 產業別: 其他電子業→11507
2026-09-06T08:13:42+08:00	revenue/2026-07.csv	6725	market: tpex→6725; 出表日期: 1150817→矽科宏晟; 資料年月: 11507→2026-07; 公司代號: 6725→tpex; 公司名稱: 矽科宏晟→1150817; 產業別: 其他電子業→11507
2026-09-06T08:13:42+08:00	revenue/2026-07.csv	6727	market: tpex→6727; 出表日期: 1150817→亞泰金屬; 資料年月: 11507→2026-07; 公司代號: 6727→tpex; 公司名稱: 亞泰金屬→1150817; 產業別: 電子零組件業→11507
2026-09-06T08:13:42+08:00	revenue/2026-07.csv	6728	market: tpex→6728; 出表日期: 1150817→上洋; 資料年月: 11507→2026-07; 公司代號: 6728→tpex; 公司名稱: 上洋→1150817; 產業別: 居家生活→11507
2026-09-06T08:13:42+08:00	revenue/2026-07.csv	6730	market: tpex→6730; 出表日期: 1150817→常廣; 資料年月: 11507→2026-07; 公司代號: 6730→tpex; 公司名稱: 常廣→1150817; 產業別: 生技醫療業→11507
2026-09-06T08:13:42+08:00	revenue/2026-07.csv	6732	market: tpex→6732; 出表日期: 1150817→昇佳電子; 資料年月: 11507→2026-07; 公司代號: 6732→tpex; 公司名稱: 昇佳電子→1150817; 產業別: 半導體業→11507
2026-09-06T08:13:42+08:00	revenue/2026-07.csv	6733	market: tpex→6733; 出表日期: 1150817→博晟生醫; 資料年月: 11507→2026-07; 公司代號: 6733→tpex; 公司名稱: 博晟生醫→1150817; 產業別: 生技醫療業→11507
2026-09-06T08:13:42+08:00	revenue/2026-07.csv	6735	market: tpex→6735; 出表日期: 1150817→美達科技; 資料年月: 11507→2026-07; 公司代號: 6735→tpex; 公司名稱: 美達科技→1150817; 產業別: 其他電子業→11507
2026-09-06T08:13:42+08:00	revenue/2026-07.csv	6739	market: tpex→6739; 出表日期: 1150817→竹陞科技; 資料年月: 11507→2026-07; 公司代號: 6739→tpex; 公司名稱: 竹陞科技→1150817; 產業別: 其他電子業→11507
2026-09-06T08:13:42+08:00	revenue/2026-07.csv	6741	market: tpex→6741; 出表日期: 1150817→91APP*-KY; 資料年月: 11507→2026-07; 公司代號: 6741→tpex; 公司名稱: 91APP*-KY→1150817; 產業別: 數位雲端→11507
2026-09-06T08:13:42+08:00	revenue/2026-07.csv	6742	market: twse→6742; 出表日期: 1150817→澤米; 資料年月: 11507→2026-07; 公司代號: 6742→twse; 公司名稱: 澤米→1150817; 產業別: 光電業→11507
2026-09-06T08:13:42+08:00	revenue/2026-07.csv	6743	market: twse→6743; 出表日期: 1150817→安普新; 資料年月: 11507→2026-07; 公司代號: 6743→twse; 公司名稱: 安普新→1150817; 產業別: 其他電子業→11507
2026-09-06T08:13:42+08:00	revenue/2026-07.csv	6751	market: tpex→6751; 出表日期: 1150817→智聯服務; 資料年月: 11507→2026-07; 公司代號: 6751→tpex; 公司名稱: 智聯服務→1150817; 產業別: 資訊服務業→11507
2026-09-06T08:13:42+08:00	revenue/2026-07.csv	6752	market: tpex→6752; 出表日期: 1150817→叡揚; 資料年月: 11507→2026-07; 公司代號: 6752→tpex; 公司名稱: 叡揚→1150817; 產業別: 資訊服務業→11507
2026-09-06T08:13:42+08:00	revenue/2026-07.csv	6753	market: twse→6753; 出表日期: 1150817→龍德造船; 資料年月: 11507→2026-07; 公司代號: 6753→twse; 公司名稱: 龍德造船→1150817; 產業別: 航運業→11507
2026-09-06T08:13:42+08:00	revenue/2026-07.csv	6754	market: twse→6754; 出表日期: 1150817→匯僑設計; 資料年月: 11507→2026-07; 公司代號: 6754→twse; 公司名稱: 匯僑設計→1150817; 產業別: 居家生活→11507
2026-09-06T08:13:42+08:00	revenue/2026-07.csv	6756	market: twse→6756; 出表日期: 1150817→威鋒電子; 資料年月: 11507→2026-07; 公司代號: 6756→twse; 公司名稱: 威鋒電子→1150817; 產業別: 半導體業→11507
2026-09-06T08:13:42+08:00	revenue/2026-07.csv	6757	market: twse→6757; 出表日期: 1150817→台灣虎航; 資料年月: 11507→2026-07; 公司代號: 6757→twse; 公司名稱: 台灣虎航→1150817; 產業別: 航運業→11507
2026-09-06T08:13:42+08:00	revenue/2026-07.csv	6761	market: tpex→6761; 出表日期: 1150817→穩得; 資料年月: 11507→2026-07; 公司代號: 6761→tpex; 公司名稱: 穩得→1150817; 產業別: 電子零組件業→11507
2026-09-06T08:13:42+08:00	revenue/2026-07.csv	6762	market: tpex→6762; 出表日期: 1150817→達亞; 資料年月: 11507→2026-07; 公司代號: 6762→tpex; 公司名稱: 達亞→1150817; 產業別: 生技醫療業→11507
2026-09-06T08:13:42+08:00	revenue/2026-07.csv	6763	market: tpex→6763; 出表日期: 1150817→綠界科技*; 資料年月: 11507→2026-07; 公司代號: 6763→tpex; 公司名稱: 綠界科技*→1150817; 產業別: 數位雲端→11507
2026-09-06T08:13:42+08:00	revenue/2026-07.csv	6767	market: tpex→6767; 出表日期: 1150817→台微醫; 資料年月: 11507→2026-07; 公司代號: 6767→tpex; 公司名稱: 台微醫→1150817; 產業別: 生技醫療業→11507
2026-09-06T08:13:42+08:00	revenue/2026-07.csv	6768	market: twse→6768; 出表日期: 1150817→志強-KY; 資料年月: 11507→2026-07; 公司代號: 6768→twse; 公司名稱: 志強-KY→1150817; 產業別: 運動休閒→11507
2026-09-06T08:13:42+08:00	revenue/2026-07.csv	6770	market: twse→6770; 出表日期: 1150817→力積電; 資料年月: 11507→2026-07; 公司代號: 6770→twse; 公司名稱: 力積電→1150817; 產業別: 半導體業→11507
2026-09-06T08:13:42+08:00	revenue/2026-07.csv	6771	market: twse→6771; 出表日期: 1150817→平和環保-創; 資料年月: 11507→2026-07; 公司代號: 6771→twse; 公司名稱: 平和環保-創→1150817; 產業別: 綠能環保→11507
2026-09-06T08:13:42+08:00	revenue/2026-07.csv	6776	market: twse→6776; 出表日期: 1150817→展碁國際; 資料年月: 11507→2026-07; 公司代號: 6776→twse; 公司名稱: 展碁國際→1150817; 產業別: 電子通路業→11507
2026-09-06T08:13:42+08:00	revenue/2026-07.csv	6781	market: twse→6781; 出表日期: 1150817→AES-KY; 資料年月: 11507→2026-07; 公司代號: 6781→twse; 公司名稱: AES-KY→1150817; 產業別: 電子零組件業→11507
2026-09-06T08:13:42+08:00	revenue/2026-07.csv	6782	market: twse→6782; 出表日期: 1150817→視陽; 資料年月: 11507→2026-07; 公司代號: 6782→twse; 公司名稱: 視陽→1150817; 產業別: 生技醫療業→11507
2026-09-06T08:13:42+08:00	revenue/2026-07.csv	6785	market: tpex→6785; 出表日期: 1150817→昱展新藥; 資料年月: 11507→2026-07; 公司代號: 6785→tpex; 公司名稱: 昱展新藥→1150817; 產業別: 生技醫療業→11507
2026-09-06T08:13:42+08:00	revenue/2026-07.csv	6788	market: tpex→6788; 出表日期: 1150817→華景電; 資料年月: 11507→2026-07; 公司代號: 6788→tpex; 公司名稱: 華景電→1150817; 產業別: 半導體業→11507
2026-09-06T08:13:42+08:00	revenue/2026-07.csv	6789	market: twse→6789; 出表日期: 1150817→采鈺; 資料年月: 11507→2026-07; 公司代號: 6789→twse; 公司名稱: 采鈺→1150817; 產業別: 半導體業→11507
2026-09-06T08:13:42+08:00	revenue/2026-07.csv	6790	market: twse→6790; 出表日期: 1150817→永豐實; 資料年月: 11507→2026-07; 公司代號: 6790→twse; 公司名稱: 永豐實→1150817; 產業別: 造紙工業→11507
2026-09-06T08:13:42+08:00	revenue/2026-07.csv	6791	market: tpex→6791; 出表日期: 1150817→虎門科技; 資料年月: 11507→2026-07; 公司代號: 6791→tpex; 公司名稱: 虎門科技→1150817; 產業別: 資訊服務業→11507
2026-09-06T08:13:42+08:00	revenue/2026-07.csv	6792	market: twse→6792; 出表日期: 1150817→詠業; 資料年月: 11507→2026-07; 公司代號: 6792→twse; 公司名稱: 詠業→1150817; 產業別: 通信網路業→11507
2026-09-06T08:13:42+08:00	revenue/2026-07.csv	6794	market: twse→6794; 出表日期: 1150817→向榮生技; 資料年月: 11507→2026-07; 公司代號: 6794→twse; 公司名稱: 向榮生技→1150817; 產業別: 生技醫療業→11507
2026-09-06T08:13:42+08:00	revenue/2026-07.csv	6796	market: twse→6796; 出表日期: 1150817→晉弘; 資料年月: 11507→2026-07; 公司代號: 6796→twse; 公司名稱: 晉弘→1150817; 產業別: 生技醫療業→11507
2026-09-06T08:13:42+08:00	revenue/2026-07.csv	6799	market: twse→6799; 出表日期: 1150817→來頡; 資料年月: 11507→2026-07; 公司代號: 6799→twse; 公司名稱: 來頡→1150817; 產業別: 半導體業→11507
2026-09-06T08:13:42+08:00	revenue/2026-07.csv	6803	market: tpex→6803; 出表日期: 1150817→崑鼎; 資料年月: 11507→2026-07; 公司代號: 6803→tpex; 公司名稱: 崑鼎→1150817; 產業別: 綠能環保→11507
2026-09-06T08:13:42+08:00	revenue/2026-07.csv	6804	market: tpex→6804; 出表日期: 1150817→明係; 資料年月: 11507→2026-07; 公司代號: 6804→tpex; 公司名稱: 明係→1150817; 產業別: 運動休閒→11507
2026-09-06T08:13:42+08:00	revenue/2026-07.csv	6805	market: twse→6805; 出表日期: 1150817→富世達; 資料年月: 11507→2026-07; 公司代號: 6805→twse; 公司名稱: 富世達→1150817; 產業別: 電子零組件業→11507
2026-09-06T08:13:42+08:00	revenue/2026-07.csv	6807	market: twse→6807; 出表日期: 1150817→峰源-KY; 資料年月: 11507→2026-07; 公司代號: 6807→twse; 公司名稱: 峰源-KY→1150817; 產業別: 居家生活→11507
2026-09-06T08:13:42+08:00	revenue/2026-07.csv	6811	market: tpex→6811; 出表日期: 1150817→宏碁資訊; 資料年月: 11507→2026-07; 公司代號: 6811→tpex; 公司名稱: 宏碁資訊→1150817; 產業別: 數位雲端→11507
2026-09-06T08:13:42+08:00	revenue/2026-07.csv	6821	market: tpex→6821; 出表日期: 1150817→聯寶; 資料年月: 11507→2026-07; 公司代號: 6821→tpex; 公司名稱: 聯寶→1150817; 產業別: 電子零組件業→11507
2026-09-06T08:13:42+08:00	revenue/2026-07.csv	6823	market: tpex→6823; 出表日期: 1150817→濾能; 資料年月: 11507→2026-07; 公司代號: 6823→tpex; 公司名稱: 濾能→1150817; 產業別: 半導體業→11507
2026-09-06T08:13:42+08:00	revenue/2026-07.csv	6829	market: tpex→6829; 出表日期: 1150817→千附精密; 資料年月: 11507→2026-07; 公司代號: 6829→tpex; 公司名稱: 千附精密→1150817; 產業別: 半導體業→11507
2026-09-06T08:13:42+08:00	revenue/2026-07.csv	6830	market: twse→6830; 出表日期: 1150817→汎銓; 資料年月: 11507→2026-07; 公司代號: 6830→twse; 公司名稱: 汎銓→1150817; 產業別: 其他電子業→11507
2026-09-06T08:13:42+08:00	revenue/2026-07.csv	6831	market: twse→6831; 出表日期: 1150817→邁科; 資料年月: 11507→2026-07; 公司代號: 6831→twse; 公司名稱: 邁科→1150817; 產業別: 電腦及週邊設備業→11507
2026-09-06T08:13:42+08:00	revenue/2026-07.csv	6834	market: twse→6834; 出表日期: 1150817→天二科技; 資料年月: 11507→2026-07; 公司代號: 6834→twse; 公司名稱: 天二科技→1150817; 產業別: 電子零組件業→11507
2026-09-06T08:13:42+08:00	revenue/2026-07.csv	6835	market: twse→6835; 出表日期: 1150817→圓裕; 資料年月: 11507→2026-07; 公司代號: 6835→twse; 公司名稱: 圓裕→1150817; 產業別: 電子零組件業→11507
2026-09-06T08:13:42+08:00	revenue/2026-07.csv	6838	market: twse→6838; 出表日期: 1150817→台新藥; 資料年月: 11507→2026-07; 公司代號: 6838→twse; 公司名稱: 台新藥→1150817; 產業別: 生技醫療業→11507
2026-09-06T08:13:42+08:00	revenue/2026-07.csv	6840	market: tpex→6840; 出表日期: 1150817→東研信超; 資料年月: 11507→2026-07; 公司代號: 6840→tpex; 公司名稱: 東研信超→1150817; 產業別: 其他電子業→11507
2026-09-06T08:13:42+08:00	revenue/2026-07.csv	6841	market: tpex→6841; 出表日期: 1150817→長佳智能; 資料年月: 11507→2026-07; 公司代號: 6841→tpex; 公司名稱: 長佳智能→1150817; 產業別: 生技醫療業→11507
2026-09-06T08:13:42+08:00	revenue/2026-07.csv	6843	market: tpex→6843; 出表日期: 1150817→進典; 資料年月: 11507→2026-07; 公司代號: 6843→tpex; 公司名稱: 進典→1150817; 產業別: 電機機械→11507
2026-09-06T08:13:42+08:00	revenue/2026-07.csv	6844	market: tpex→6844; 出表日期: 1150817→諾貝兒; 資料年月: 11507→2026-07; 公司代號: 6844→tpex; 公司名稱: 諾貝兒→1150817; 產業別: 生技醫療業→11507
2026-09-06T08:13:42+08:00	revenue/2026-07.csv	6846	market: tpex→6846; 出表日期: 1150817→綠茵; 資料年月: 11507→2026-07; 公司代號: 6846→tpex; 公司名稱: 綠茵→1150817; 產業別: 食品工業→11507
2026-09-06T08:13:42+08:00	revenue/2026-07.csv	6854	market: twse→6854; 出表日期: 1150817→錼創科技-KY創; 資料年月: 11507→2026-07; 公司代號: 6854→twse; 公司名稱: 錼創科技-KY創→1150817; 產業別: 半導體業→11507
2026-09-06T08:13:42+08:00	revenue/2026-07.csv	6855	market: tpex→6855; 出表日期: 1150817→數泓科; 資料年月: 11507→2026-07; 公司代號: 6855→tpex; 公司名稱: 數泓科→1150817; 產業別: 其他電子業→11507
2026-09-06T08:13:42+08:00	revenue/2026-07.csv	6856	market: tpex→6856; 出表日期: 1150817→鑫傳; 資料年月: 11507→2026-07; 公司代號: 6856→tpex; 公司名稱: 鑫傳→1150817; 產業別: 文化創意業→11507
2026-09-06T08:13:42+08:00	revenue/2026-07.csv	6859	market: tpex→6859; 出表日期: 1150817→伯特光; 資料年月: 11507→2026-07; 公司代號: 6859→tpex; 公司名稱: 伯特光→1150817; 產業別: 光電業→11507
2026-09-06T08:13:42+08:00	revenue/2026-07.csv	6861	market: twse→6861; 出表日期: 1150817→睿生光電; 資料年月: 11507→2026-07; 公司代號: 6861→twse; 公司名稱: 睿生光電→1150817; 產業別: 生技醫療業→11507
2026-09-06T08:13:42+08:00	revenue/2026-07.csv	6862	market: twse→6862; 出表日期: 1150817→三集瑞-KY; 資料年月: 11507→2026-07; 公司代號: 6862→twse; 公司名稱: 三集瑞-KY→1150817; 產業別: 電子零組件業→11507
2026-09-06T08:13:42+08:00	revenue/2026-07.csv	6863	market: twse→6863; 出表日期: 1150817→永道-KY; 資料年月: 11507→2026-07; 公司代號: 6863→twse; 公司名稱: 永道-KY→1150817; 產業別: 通信網路業→11507
2026-09-06T08:13:42+08:00	revenue/2026-07.csv	6865	market: tpex→6865; 出表日期: 1150817→偉康科技; 資料年月: 11507→2026-07; 公司代號: 6865→tpex; 公司名稱: 偉康科技→1150817; 產業別: 數位雲端→11507
2026-09-06T08:13:42+08:00	revenue/2026-07.csv	6869	market: twse→6869; 出表日期: 1150817→雲豹能源; 資料年月: 11507→2026-07; 公司代號: 6869→twse; 公司名稱: 雲豹能源→1150817; 產業別: 綠能環保→11507
2026-09-06T08:13:42+08:00	revenue/2026-07.csv	6870	market: tpex→6870; 出表日期: 1150817→騰雲; 資料年月: 11507→2026-07; 公司代號: 6870→tpex; 公司名稱: 騰雲→1150817; 產業別: 數位雲端→11507
2026-09-06T08:13:42+08:00	revenue/2026-07.csv	6872	market: tpex→6872; 出表日期: 1150817→浩宇生醫; 資料年月: 11507→2026-07; 公司代號: 6872→tpex; 公司名稱: 浩宇生醫→1150817; 產業別: 生技醫療業→11507
2026-09-06T08:13:42+08:00	revenue/2026-07.csv	6873	market: twse→6873; 出表日期: 1150817→泓德能源; 資料年月: 11507→2026-07; 公司代號: 6873→twse; 公司名稱: 泓德能源→1150817; 產業別: 綠能環保→11507
2026-09-06T08:13:42+08:00	revenue/2026-07.csv	6874	market: tpex→6874; 出表日期: 1150817→倍力; 資料年月: 11507→2026-07; 公司代號: 6874→tpex; 公司名稱: 倍力→1150817; 產業別: 資訊服務業→11507
2026-09-06T08:13:42+08:00	revenue/2026-07.csv	6875	market: tpex→6875; 出表日期: 1150817→國邑*; 資料年月: 11507→2026-07; 公司代號: 6875→tpex; 公司名稱: 國邑*→1150817; 產業別: 生技醫療業→11507
2026-09-06T08:13:42+08:00	revenue/2026-07.csv	6877	market: tpex→6877; 出表日期: 1150817→鏵友益; 資料年月: 11507→2026-07; 公司代號: 6877→tpex; 公司名稱: 鏵友益→1150817; 產業別: 其他電子業→11507
2026-09-06T08:13:42+08:00	revenue/2026-07.csv	6881	market: tpex→6881; 出表日期: 1150817→潤德; 資料年月: 11507→2026-07; 公司代號: 6881→tpex; 公司名稱: 潤德→1150817; 產業別: 其他→11507
2026-09-06T08:13:42+08:00	revenue/2026-07.csv	6884	market: tpex→6884; 出表日期: 1150817→海柏特; 資料年月: 11507→2026-07; 公司代號: 6884→tpex; 公司名稱: 海柏特→1150817; 產業別: 資訊服務業→11507
2026-09-06T08:13:42+08:00	revenue/2026-07.csv	6885	market: twse→6885; 出表日期: 1150817→全福生技; 資料年月: 11507→2026-07; 公司代號: 6885→twse; 公司名稱: 全福生技→1150817; 產業別: 生技醫療業→11507
2026-09-06T08:13:42+08:00	revenue/2026-07.csv	6887	market: twse→6887; 出表日期: 1150817→寶綠特-KY; 資料年月: 11507→2026-07; 公司代號: 6887→twse; 公司名稱: 寶綠特-KY→1150817; 產業別: 綠能環保→11507
2026-09-06T08:13:42+08:00	revenue/2026-07.csv	6890	market: twse→6890; 出表日期: 1150817→來億-KY; 資料年月: 11507→2026-07; 公司代號: 6890→twse; 公司名稱: 來億-KY→1150817; 產業別: 運動休閒→11507
2026-09-06T08:13:42+08:00	revenue/2026-07.csv	6894	market: tpex→6894; 出表日期: 1150817→衛司特; 資料年月: 11507→2026-07; 公司代號: 6894→tpex; 公司名稱: 衛司特→1150817; 產業別: 綠能環保→11507
2026-09-06T08:13:42+08:00	revenue/2026-07.csv	6895	market: tpex→6895; 出表日期: 1150817→宏碩系統; 資料年月: 11507→2026-07; 公司代號: 6895→tpex; 公司名稱: 宏碩系統→1150817; 產業別: 半導體業→11507
2026-09-06T08:13:42+08:00	revenue/2026-07.csv	6899	market: tpex→6899; 出表日期: 1150817→創為精密; 資料年月: 11507→2026-07; 公司代號: 6899→tpex; 公司名稱: 創為精密→1150817; 產業別: 光電業→11507
2026-09-06T08:13:42+08:00	revenue/2026-07.csv	6901	market: twse→6901; 出表日期: 1150817→鑽石投資; 資料年月: 11507→2026-07; 公司代號: 6901→twse; 公司名稱: 鑽石投資→1150817; 產業別: 其他→11507
2026-09-06T08:13:42+08:00	revenue/2026-07.csv	6902	market: twse→6902; 出表日期: 1150817→GOGOLOOK; 資料年月: 11507→2026-07; 公司代號: 6902→twse; 公司名稱: GOGOLOOK→1150817; 產業別: 數位雲端→11507
2026-09-06T08:13:42+08:00	revenue/2026-07.csv	6903	market: tpex→6903; 出表日期: 1150817→巨漢; 資料年月: 11507→2026-07; 公司代號: 6903→tpex; 公司名稱: 巨漢→1150817; 產業別: 其他電子業→11507
2026-09-06T08:13:42+08:00	revenue/2026-07.csv	6904	market: tpex→6904; 出表日期: 1150817→伯鑫; 資料年月: 11507→2026-07; 公司代號: 6904→tpex; 公司名稱: 伯鑫→1150817; 產業別: 其他→11507
2026-09-06T08:13:42+08:00	revenue/2026-07.csv	6906	market: twse→6906; 出表日期: 1150817→現觀科; 資料年月: 11507→2026-07; 公司代號: 6906→twse; 公司名稱: 現觀科→1150817; 產業別: 數位雲端→11507
2026-09-06T08:13:42+08:00	revenue/2026-07.csv	6907	market: tpex→6907; 出表日期: 1150817→雅特力-KY; 資料年月: 11507→2026-07; 公司代號: 6907→tpex; 公司名稱: 雅特力-KY→1150817; 產業別: 半導體業→11507
2026-09-06T08:13:42+08:00	revenue/2026-07.csv	6908	market: twse→6908; 出表日期: 1150817→宏碁遊戲-創; 資料年月: 11507→2026-07; 公司代號: 6908→twse; 公司名稱: 宏碁遊戲-創→1150817; 產業別: 電子通路業→11507
2026-09-06T08:13:42+08:00	revenue/2026-07.csv	6909	market: twse→6909; 出表日期: 1150817→創控; 資料年月: 11507→2026-07; 公司代號: 6909→twse; 公司名稱: 創控→1150817; 產業別: 半導體業→11507
2026-09-06T08:13:42+08:00	revenue/2026-07.csv	6910	market: tpex→6910; 出表日期: 1150817→德鴻; 資料年月: 11507→2026-07; 公司代號: 6910→tpex; 公司名稱: 德鴻→1150817; 產業別: 數位雲端→11507
2026-09-06T08:13:42+08:00	revenue/2026-07.csv	6913	market: tpex→6913; 出表日期: 1150817→鴻呈; 資料年月: 11507→2026-07; 公司代號: 6913→tpex; 公司名稱: 鴻呈→1150817; 產業別: 電子零組件業→11507
2026-09-06T08:13:42+08:00	revenue/2026-07.csv	6914	market: twse→6914; 出表日期: 1150817→阜爾運通; 資料年月: 11507→2026-07; 公司代號: 6914→twse; 公司名稱: 阜爾運通→1150817; 產業別: 其他→11507
2026-09-06T08:13:42+08:00	revenue/2026-07.csv	6916	market: twse→6916; 出表日期: 1150817→華凌; 資料年月: 11507→2026-07; 公司代號: 6916→twse; 公司名稱: 華凌→1150817; 產業別: 光電業→11507
2026-09-06T08:13:42+08:00	revenue/2026-07.csv	6918	market: twse→6918; 出表日期: 1150817→愛派司; 資料年月: 11507→2026-07; 公司代號: 6918→twse; 公司名稱: 愛派司→1150817; 產業別: 生技醫療業→11507
2026-09-06T08:13:42+08:00	revenue/2026-07.csv	6919	market: twse→6919; 出表日期: 1150817→康霈*; 資料年月: 11507→2026-07; 公司代號: 6919→twse; 公司名稱: 康霈*→1150817; 產業別: 生技醫療業→11507
2026-09-06T08:13:42+08:00	revenue/2026-07.csv	6921	market: twse→6921; 出表日期: 1150817→嘉雨思-創; 資料年月: 11507→2026-07; 公司代號: 6921→twse; 公司名稱: 嘉雨思-創→1150817; 產業別: 半導體業→11507
2026-09-06T08:13:42+08:00	revenue/2026-07.csv	6922	market: tpex→6922; 出表日期: 1150817→宸曜; 資料年月: 11507→2026-07; 公司代號: 6922→tpex; 公司名稱: 宸曜→1150817; 產業別: 電腦及週邊設備業→11507
2026-09-06T08:13:42+08:00	revenue/2026-07.csv	6923	market: twse→6923; 出表日期: 1150817→中台; 資料年月: 11507→2026-07; 公司代號: 6923→twse; 公司名稱: 中台→1150817; 產業別: 綠能環保→11507
2026-09-06T08:13:42+08:00	revenue/2026-07.csv	6924	market: twse→6924; 出表日期: 1150817→榮惠-KY創; 資料年月: 11507→2026-07; 公司代號: 6924→twse; 公司名稱: 榮惠-KY創→1150817; 產業別: 電子零組件業→11507
2026-09-06T08:13:42+08:00	revenue/2026-07.csv	6925	market: tpex→6925; 出表日期: 1150817→意藍; 資料年月: 11507→2026-07; 公司代號: 6925→tpex; 公司名稱: 意藍→1150817; 產業別: 數位雲端→11507
2026-09-06T08:13:42+08:00	revenue/2026-07.csv	6928	market: twse→6928; 出表日期: 1150817→攸泰科技; 資料年月: 11507→2026-07; 公司代號: 6928→twse; 公司名稱: 攸泰科技→1150817; 產業別: 電腦及週邊設備業→11507
2026-09-06T08:13:42+08:00	revenue/2026-07.csv	6929	market: tpex→6929; 出表日期: 1150817→佑全; 資料年月: 11507→2026-07; 公司代號: 6929→tpex; 公司名稱: 佑全→1150817; 產業別: 生技醫療業→11507
2026-09-06T08:13:42+08:00	revenue/2026-07.csv	6931	market: twse→6931; 出表日期: 1150817→青松健康; 資料年月: 11507→2026-07; 公司代號: 6931→twse; 公司名稱: 青松健康→1150817; 產業別: 生技醫療業→11507
2026-09-06T08:13:42+08:00	revenue/2026-07.csv	6933	market: twse→6933; 出表日期: 1150817→AMAX-KY; 資料年月: 11507→2026-07; 公司代號: 6933→twse; 公司名稱: AMAX-KY→1150817; 產業別: 電腦及週邊設備業→11507
2026-09-06T08:13:42+08:00	revenue/2026-07.csv	6934	market: twse→6934; 出表日期: 1150817→心誠鎂; 資料年月: 11507→2026-07; 公司代號: 6934→twse; 公司名稱: 心誠鎂→1150817; 產業別: 生技醫療業→11507
2026-09-06T08:13:42+08:00	revenue/2026-07.csv	6936	market: twse→6936; 出表日期: 1150817→永鴻生技; 資料年月: 11507→2026-07; 公司代號: 6936→twse; 公司名稱: 永鴻生技→1150817; 產業別: 生技醫療業→11507
2026-09-06T08:13:42+08:00	revenue/2026-07.csv	6937	market: twse→6937; 出表日期: 1150817→天虹; 資料年月: 11507→2026-07; 公司代號: 6937→twse; 公司名稱: 天虹→1150817; 產業別: 半導體業→11507
2026-09-06T08:13:42+08:00	revenue/2026-07.csv	6944	market: twse→6944; 出表日期: 1150817→兆聯實業; 資料年月: 11507→2026-07; 公司代號: 6944→twse; 公司名稱: 兆聯實業→1150817; 產業別: 綠能環保→11507
2026-09-06T08:13:42+08:00	revenue/2026-07.csv	6945	market: tpex→6945; 出表日期: 1150817→圓祥生技; 資料年月: 11507→2026-07; 公司代號: 6945→tpex; 公司名稱: 圓祥生技→1150817; 產業別: 生技醫療業→11507
2026-09-06T08:13:42+08:00	revenue/2026-07.csv	6947	market: twse→6947; 出表日期: 1150817→台鎔科技; 資料年月: 11507→2026-07; 公司代號: 6947→twse; 公司名稱: 台鎔科技→1150817; 產業別: 綠能環保→11507
2026-09-06T08:13:42+08:00	revenue/2026-07.csv	6949	market: twse→6949; 出表日期: 1150817→沛爾生醫-創; 資料年月: 11507→2026-07; 公司代號: 6949→twse; 公司名稱: 沛爾生醫-創→1150817; 產業別: 生技醫療業→11507
2026-09-06T08:13:42+08:00	revenue/2026-07.csv	6951	market: twse→6951; 出表日期: 1150817→青新-創; 資料年月: 11507→2026-07; 公司代號: 6951→twse; 公司名稱: 青新-創→1150817; 產業別: 綠能環保→11507
2026-09-06T08:13:42+08:00	revenue/2026-07.csv	6952	market: twse→6952; 出表日期: 1150817→大武山; 資料年月: 11507→2026-07; 公司代號: 6952→twse; 公司名稱: 大武山→1150817; 產業別: 其他→11507
2026-09-06T08:13:42+08:00	revenue/2026-07.csv	6953	market: tpex→6953; 出表日期: 1150817→家碩; 資料年月: 11507→2026-07; 公司代號: 6953→tpex; 公司名稱: 家碩→1150817; 產業別: 半導體業→11507
2026-09-06T08:13:42+08:00	revenue/2026-07.csv	6955	market: twse→6955; 出表日期: 1150817→邦睿生技-創; 資料年月: 11507→2026-07; 公司代號: 6955→twse; 公司名稱: 邦睿生技-創→1150817; 產業別: 生技醫療業→11507
2026-09-06T08:13:42+08:00	revenue/2026-07.csv	6957	market: twse→6957; 出表日期: 1150817→裕慶-KY; 資料年月: 11507→2026-07; 公司代號: 6957→twse; 公司名稱: 裕慶-KY→1150817; 產業別: 其他→11507
2026-09-06T08:13:42+08:00	revenue/2026-07.csv	6958	market: twse→6958; 出表日期: 1150817→日盛台駿; 資料年月: 11507→2026-07; 公司代號: 6958→twse; 公司名稱: 日盛台駿→1150817; 產業別: 其他→11507
2026-09-06T08:13:42+08:00	revenue/2026-07.csv	6961	market: tpex→6961; 出表日期: 1150817→旅天下; 資料年月: 11507→2026-07; 公司代號: 6961→tpex; 公司名稱: 旅天下→1150817; 產業別: 觀光餐旅→11507
2026-09-06T08:13:42+08:00	revenue/2026-07.csv	6962	market: twse→6962; 出表日期: 1150817→奕力-KY; 資料年月: 11507→2026-07; 公司代號: 6962→twse; 公司名稱: 奕力-KY→1150817; 產業別: 半導體業→11507
2026-09-06T08:13:42+08:00	revenue/2026-07.csv	6965	market: twse→6965; 出表日期: 1150817→中傑-KY; 資料年月: 11507→2026-07; 公司代號: 6965→twse; 公司名稱: 中傑-KY→1150817; 產業別: 運動休閒→11507
2026-09-06T08:13:42+08:00	revenue/2026-07.csv	6967	market: tpex→6967; 出表日期: 1150817→汎瑋材料; 資料年月: 11507→2026-07; 公司代號: 6967→tpex; 公司名稱: 汎瑋材料→1150817; 產業別: 電子零組件業→11507
2026-09-06T08:13:42+08:00	revenue/2026-07.csv	6968	market: tpex→6968; 出表日期: 1150817→萬達寵物; 資料年月: 11507→2026-07; 公司代號: 6968→tpex; 公司名稱: 萬達寵物→1150817; 產業別: 居家生活→11507
2026-09-06T08:13:42+08:00	revenue/2026-07.csv	6969	market: twse→6969; 出表日期: 1150817→成信實業*-創; 資料年月: 11507→2026-07; 公司代號: 6969→twse; 公司名稱: 成信實業*-創→1150817; 產業別: 綠能環保→11507
2026-09-06T08:13:42+08:00	revenue/2026-07.csv	6971	market: tpex→6971; 出表日期: 1150817→惠民實業; 資料年月: 11507→2026-07; 公司代號: 6971→tpex; 公司名稱: 惠民實業→1150817; 產業別: 綠能環保→11507
2026-09-06T08:13:42+08:00	revenue/2026-07.csv	6982	market: tpex→6982; 出表日期: 1150817→大井泵浦; 資料年月: 11507→2026-07; 公司代號: 6982→tpex; 公司名稱: 大井泵浦→1150817; 產業別: 電機機械→11507
2026-09-06T08:13:42+08:00	revenue/2026-07.csv	6983	market: tpex→6983; 出表日期: 1150817→華洋精機; 資料年月: 11507→2026-07; 公司代號: 6983→tpex; 公司名稱: 華洋精機→1150817; 產業別: 其他電子業→11507
2026-09-06T08:13:42+08:00	revenue/2026-07.csv	6986	market: tpex→6986; 出表日期: 1150817→和迅; 資料年月: 11507→2026-07; 公司代號: 6986→tpex; 公司名稱: 和迅→1150817; 產業別: 生技醫療業→11507
2026-09-06T08:13:42+08:00	revenue/2026-07.csv	6988	market: twse→6988; 出表日期: 1150817→威力暘-創; 資料年月: 11507→2026-07; 公司代號: 6988→twse; 公司名稱: 威力暘-創→1150817; 產業別: 汽車工業→11507
2026-09-06T08:13:42+08:00	revenue/2026-07.csv	6994	market: twse→6994; 出表日期: 1150817→富威電力; 資料年月: 11507→2026-07; 公司代號: 6994→twse; 公司名稱: 富威電力→1150817; 產業別: 綠能環保→11507
2026-09-06T08:13:42+08:00	revenue/2026-07.csv	6996	market: tpex→6996; 出表日期: 1150817→力領科技; 資料年月: 11507→2026-07; 公司代號: 6996→tpex; 公司名稱: 力領科技→1150817; 產業別: 半導體業→11507
2026-09-06T08:13:42+08:00	revenue/2026-07.csv	6997	market: tpex→6997; 出表日期: 1150817→博弘; 資料年月: 11507→2026-07; 公司代號: 6997→tpex; 公司名稱: 博弘→1150817; 產業別: 數位雲端→11507
2026-09-06T08:13:42+08:00	revenue/2026-07.csv	7402	market: tpex→7402; 出表日期: 1150817→邑錡; 資料年月: 11507→2026-07; 公司代號: 7402→tpex; 公司名稱: 邑錡→1150817; 產業別: 光電業→11507
2026-09-06T08:13:42+08:00	revenue/2026-07.csv	7547	market: tpex→7547; 出表日期: 1150817→碩網; 資料年月: 11507→2026-07; 公司代號: 7547→tpex; 公司名稱: 碩網→1150817; 產業別: 數位雲端→11507
2026-09-06T08:13:42+08:00	revenue/2026-07.csv	7556	market: tpex→7556; 出表日期: 1150817→意德士科技; 資料年月: 11507→2026-07; 公司代號: 7556→tpex; 公司名稱: 意德士科技→1150817; 產業別: 半導體業→11507
2026-09-06T08:13:42+08:00	revenue/2026-07.csv	7584	market: tpex→7584; 出表日期: 1150817→樂意; 資料年月: 11507→2026-07; 公司代號: 7584→tpex; 公司名稱: 樂意→1150817; 產業別: 文化創意業→11507
2026-09-06T08:13:42+08:00	revenue/2026-07.csv	7610	market: twse→7610; 出表日期: 1150817→聯友金屬-創; 資料年月: 11507→2026-07; 公司代號: 7610→twse; 公司名稱: 聯友金屬-創→1150817; 產業別: 綠能環保→11507
2026-09-06T08:13:42+08:00	revenue/2026-07.csv	7631	market: twse→7631; 出表日期: 1150817→聚賢研發-創; 資料年月: 11507→2026-07; 公司代號: 7631→twse; 公司名稱: 聚賢研發-創→1150817; 產業別: 其他電子業→11507
2026-09-06T08:13:42+08:00	revenue/2026-07.csv	7642	market: tpex→7642; 出表日期: 1150817→昶瑞機電; 資料年月: 11507→2026-07; 公司代號: 7642→tpex; 公司名稱: 昶瑞機電→1150817; 產業別: 電機機械→11507
2026-09-06T08:13:42+08:00	revenue/2026-07.csv	7689	market: twse→7689; 出表日期: 1150817→大鵬科CLMX; 資料年月: 11507→2026-07; 公司代號: 7689→twse; 公司名稱: 大鵬科CLMX→1150817; 產業別: 通信網路業→11507
2026-09-06T08:13:42+08:00	revenue/2026-07.csv	7703	market: tpex→7703; 出表日期: 1150817→銳澤; 資料年月: 11507→2026-07; 公司代號: 7703→tpex; 公司名稱: 銳澤→1150817; 產業別: 其他電子業→11507
2026-09-06T08:13:42+08:00	revenue/2026-07.csv	7704	market: tpex→7704; 出表日期: 1150817→明遠精密; 資料年月: 11507→2026-07; 公司代號: 7704→tpex; 公司名稱: 明遠精密→1150817; 產業別: 半導體業→11507
2026-09-06T08:13:42+08:00	revenue/2026-07.csv	7705	market: twse→7705; 出表日期: 1150817→三商餐飲; 資料年月: 11507→2026-07; 公司代號: 7705→twse; 公司名稱: 三商餐飲→1150817; 產業別: 觀光餐旅→11507
2026-09-06T08:13:42+08:00	revenue/2026-07.csv	7708	market: tpex→7708; 出表日期: 1150817→全家餐飲; 資料年月: 11507→2026-07; 公司代號: 7708→tpex; 公司名稱: 全家餐飲→1150817; 產業別: 觀光餐旅→11507
2026-09-06T08:13:42+08:00	revenue/2026-07.csv	7709	market: tpex→7709; 出表日期: 1150817→榮田; 資料年月: 11507→2026-07; 公司代號: 7709→tpex; 公司名稱: 榮田→1150817; 產業別: 電機機械→11507
2026-09-06T08:13:42+08:00	revenue/2026-07.csv	7711	market: twse→7711; 出表日期: 1150817→永擎; 資料年月: 11507→2026-07; 公司代號: 7711→twse; 公司名稱: 永擎→1150817; 產業別: 電腦及週邊設備業→11507
2026-09-06T08:13:42+08:00	revenue/2026-07.csv	7712	market: tpex→7712; 出表日期: 1150817→博盛半導體; 資料年月: 11507→2026-07; 公司代號: 7712→tpex; 公司名稱: 博盛半導體→1150817; 產業別: 半導體業→11507
2026-09-06T08:13:42+08:00	revenue/2026-07.csv	7713	market: tpex→7713; 出表日期: 1150817→威力德生醫; 資料年月: 11507→2026-07; 公司代號: 7713→tpex; 公司名稱: 威力德生醫→1150817; 產業別: 生技醫療業→11507
2026-09-06T08:13:42+08:00	revenue/2026-07.csv	7714	market: tpex→7714; 出表日期: 1150817→創泓科技; 資料年月: 11507→2026-07; 公司代號: 7714→tpex; 公司名稱: 創泓科技→1150817; 產業別: 數位雲端→11507
2026-09-06T08:13:42+08:00	revenue/2026-07.csv	7715	market: tpex→7715; 出表日期: 1150817→裕山; 資料年月: 11507→2026-07; 公司代號: 7715→tpex; 公司名稱: 裕山→1150817; 產業別: 綠能環保→11507
2026-09-06T08:13:42+08:00	revenue/2026-07.csv	7716	market: tpex→7716; 出表日期: 1150817→昱臺國際; 資料年月: 11507→2026-07; 公司代號: 7716→tpex; 公司名稱: 昱臺國際→1150817; 產業別: 航運業→11507
2026-09-06T08:13:42+08:00	revenue/2026-07.csv	7717	market: tpex→7717; 出表日期: 1150817→萊德光電-KY; 資料年月: 11507→2026-07; 公司代號: 7717→tpex; 公司名稱: 萊德光電-KY→1150817; 產業別: 通信網路業→11507
2026-09-06T08:13:42+08:00	revenue/2026-07.csv	7718	market: tpex→7718; 出表日期: 1150817→友鋮; 資料年月: 11507→2026-07; 公司代號: 7718→tpex; 公司名稱: 友鋮→1150817; 產業別: 電機機械→11507
2026-09-06T08:13:42+08:00	revenue/2026-07.csv	7721	market: twse→7721; 出表日期: 1150817→微程式; 資料年月: 11507→2026-07; 公司代號: 7721→twse; 公司名稱: 微程式→1150817; 產業別: 數位雲端→11507
2026-09-06T08:13:42+08:00	revenue/2026-07.csv	7722	market: twse→7722; 出表日期: 1150817→LINEPAY; 資料年月: 11507→2026-07; 公司代號: 7722→twse; 公司名稱: LINEPAY→1150817; 產業別: 數位雲端→11507
2026-09-06T08:13:42+08:00	revenue/2026-07.csv	7723	market: tpex→7723; 出表日期: 1150817→築間; 資料年月: 11507→2026-07; 公司代號: 7723→tpex; 公司名稱: 築間→1150817; 產業別: 觀光餐旅→11507
2026-09-06T08:13:42+08:00	revenue/2026-07.csv	7728	market: tpex→7728; 出表日期: 1150817→光焱科技; 資料年月: 11507→2026-07; 公司代號: 7728→tpex; 公司名稱: 光焱科技→1150817; 產業別: 其他電子業→11507
2026-09-06T08:13:42+08:00	revenue/2026-07.csv	7730	market: twse→7730; 出表日期: 1150817→暉盛-創; 資料年月: 11507→2026-07; 公司代號: 7730→twse; 公司名稱: 暉盛-創→1150817; 產業別: 半導體業→11507
2026-09-06T08:13:42+08:00	revenue/2026-07.csv	7732	market: twse→7732; 出表日期: 1150817→金興精密; 資料年月: 11507→2026-07; 公司代號: 7732→twse; 公司名稱: 金興精密→1150817; 產業別: 汽車工業→11507
2026-09-06T08:13:42+08:00	revenue/2026-07.csv	7734	market: tpex→7734; 出表日期: 1150817→印能科技; 資料年月: 11507→2026-07; 公司代號: 7734→tpex; 公司名稱: 印能科技→1150817; 產業別: 半導體業→11507
2026-09-06T08:13:42+08:00	revenue/2026-07.csv	7736	market: twse→7736; 出表日期: 1150817→虎山; 資料年月: 11507→2026-07; 公司代號: 7736→twse; 公司名稱: 虎山→1150817; 產業別: 汽車工業→11507
2026-09-06T08:13:42+08:00	revenue/2026-07.csv	7738	market: tpex→7738; 出表日期: 1150817→東聯互動; 資料年月: 11507→2026-07; 公司代號: 7738→tpex; 公司名稱: 東聯互動→1150817; 產業別: 數位雲端→11507
2026-09-06T08:13:42+08:00	revenue/2026-07.csv	7740	market: twse→7740; 出表日期: 1150817→熙特爾-創; 資料年月: 11507→2026-07; 公司代號: 7740→twse; 公司名稱: 熙特爾-創→1150817; 產業別: 綠能環保→11507
2026-09-06T08:13:42+08:00	revenue/2026-07.csv	7743	market: tpex→7743; 出表日期: 1150817→金利食安; 資料年月: 11507→2026-07; 公司代號: 7743→tpex; 公司名稱: 金利食安→1150817; 產業別: 食品工業→11507
2026-09-06T08:13:42+08:00	revenue/2026-07.csv	7744	market: tpex→7744; 出表日期: 1150817→崴寶; 資料年月: 11507→2026-07; 公司代號: 7744→tpex; 公司名稱: 崴寶→1150817; 產業別: 電子零組件業→11507
2026-09-06T08:13:42+08:00	revenue/2026-07.csv	7747	market: tpex→7747; 出表日期: 1150817→昕奇雲端; 資料年月: 11507→2026-07; 公司代號: 7747→tpex; 公司名稱: 昕奇雲端→1150817; 產業別: 數位雲端→11507
2026-09-06T08:13:42+08:00	revenue/2026-07.csv	7749	market: twse→7749; 出表日期: 1150817→意騰-KY; 資料年月: 11507→2026-07; 公司代號: 7749→twse; 公司名稱: 意騰-KY→1150817; 產業別: 半導體業→11507
2026-09-06T08:13:42+08:00	revenue/2026-07.csv	7750	market: twse→7750; 出表日期: 1150817→新代; 資料年月: 11507→2026-07; 公司代號: 7750→twse; 公司名稱: 新代→1150817; 產業別: 電機機械→11507
2026-09-06T08:13:42+08:00	revenue/2026-07.csv	7751	market: tpex→7751; 出表日期: 1150817→竑騰; 資料年月: 11507→2026-07; 公司代號: 7751→tpex; 公司名稱: 竑騰→1150817; 產業別: 半導體業→11507
2026-09-06T08:13:42+08:00	revenue/2026-07.csv	7753	market: tpex→7753; 出表日期: 1150817→星亞; 資料年月: 11507→2026-07; 公司代號: 7753→tpex; 公司名稱: 星亞→1150817; 產業別: 光電業→11507
2026-09-06T08:13:42+08:00	revenue/2026-07.csv	7757	market: tpex→7757; 出表日期: 1150817→金色三麥; 資料年月: 11507→2026-07; 公司代號: 7757→tpex; 公司名稱: 金色三麥→1150817; 產業別: 觀光餐旅→11507
2026-09-06T08:13:42+08:00	revenue/2026-07.csv	7760	market: twse→7760; 出表日期: 1150817→享溫馨; 資料年月: 11507→2026-07; 公司代號: 7760→twse; 公司名稱: 享溫馨→1150817; 產業別: 觀光餐旅→11507
2026-09-06T08:13:42+08:00	revenue/2026-07.csv	7765	market: twse→7765; 出表日期: 1150817→中華資安; 資料年月: 11507→2026-07; 公司代號: 7765→twse; 公司名稱: 中華資安→1150817; 產業別: 數位雲端→11507
2026-09-06T08:13:42+08:00	revenue/2026-07.csv	7767	market: tpex→7767; 出表日期: 1150817→仁大資訊; 資料年月: 11507→2026-07; 公司代號: 7767→tpex; 公司名稱: 仁大資訊→1150817; 產業別: 資訊服務業→11507
2026-09-06T08:13:42+08:00	revenue/2026-07.csv	7768	market: twse→7768; 出表日期: 1150817→頌勝科技; 資料年月: 11507→2026-07; 公司代號: 7768→twse; 公司名稱: 頌勝科技→1150817; 產業別: 半導體業→11507
2026-09-06T08:13:42+08:00	revenue/2026-07.csv	7769	market: twse→7769; 出表日期: 1150817→鴻勁; 資料年月: 11507→2026-07; 公司代號: 7769→twse; 公司名稱: 鴻勁→1150817; 產業別: 半導體業→11507
2026-09-06T08:13:42+08:00	revenue/2026-07.csv	7770	market: tpex→7770; 出表日期: 1150817→君曜; 資料年月: 11507→2026-07; 公司代號: 7770→tpex; 公司名稱: 君曜→1150817; 產業別: 半導體業→11507
2026-09-06T08:13:42+08:00	revenue/2026-07.csv	7772	market: tpex→7772; 出表日期: 1150817→耀穎; 資料年月: 11507→2026-07; 公司代號: 7772→tpex; 公司名稱: 耀穎→1150817; 產業別: 半導體業→11507
2026-09-06T08:13:42+08:00	revenue/2026-07.csv	7777	market: tpex→7777; 出表日期: 1150817→能率亞洲; 資料年月: 11507→2026-07; 公司代號: 7777→tpex; 公司名稱: 能率亞洲→1150817; 產業別: 其他→11507
2026-09-06T08:13:42+08:00	revenue/2026-07.csv	7780	market: twse→7780; 出表日期: 1150817→大研生醫*; 資料年月: 11507→2026-07; 公司代號: 7780→twse; 公司名稱: 大研生醫*→1150817; 產業別: 食品工業→11507
2026-09-06T08:13:42+08:00	revenue/2026-07.csv	7782	market: tpex→7782; 出表日期: 1150817→光速火箭; 資料年月: 11507→2026-07; 公司代號: 7782→tpex; 公司名稱: 光速火箭→1150817; 產業別: 居家生活→11507
2026-09-06T08:13:42+08:00	revenue/2026-07.csv	7786	market: twse→7786; 出表日期: 1150817→東方風能; 資料年月: 11507→2026-07; 公司代號: 7786→twse; 公司名稱: 東方風能→1150817; 產業別: 綠能環保→11507
2026-09-06T08:13:42+08:00	revenue/2026-07.csv	7788	market: twse→7788; 出表日期: 1150817→松川精密; 資料年月: 11507→2026-07; 公司代號: 7788→twse; 公司名稱: 松川精密→1150817; 產業別: 電子零組件業→11507
2026-09-06T08:13:42+08:00	revenue/2026-07.csv	7791	market: twse→7791; 出表日期: 1150817→皇家可口; 資料年月: 11507→2026-07; 公司代號: 7791→twse; 公司名稱: 皇家可口→1150817; 產業別: 食品工業→11507
2026-09-06T08:13:42+08:00	revenue/2026-07.csv	7792	market: tpex→7792; 出表日期: 1150817→安葆; 資料年月: 11507→2026-07; 公司代號: 7792→tpex; 公司名稱: 安葆→1150817; 產業別: 其他電子業→11507
2026-09-06T08:13:42+08:00	revenue/2026-07.csv	7794	market: tpex→7794; 出表日期: 1150817→宏碁智新; 資料年月: 11507→2026-07; 公司代號: 7794→tpex; 公司名稱: 宏碁智新→1150817; 產業別: 居家生活→11507
2026-09-06T08:13:42+08:00	revenue/2026-07.csv	7795	market: twse→7795; 出表日期: 1150817→長廣; 資料年月: 11507→2026-07; 公司代號: 7795→twse; 公司名稱: 長廣→1150817; 產業別: 電子零組件業→11507
2026-09-06T08:13:42+08:00	revenue/2026-07.csv	7799	market: twse→7799; 出表日期: 1150817→禾榮科; 資料年月: 11507→2026-07; 公司代號: 7799→twse; 公司名稱: 禾榮科→1150817; 產業別: 生技醫療業→11507
2026-09-06T08:13:42+08:00	revenue/2026-07.csv	7803	market: twse→7803; 出表日期: 1150817→雲象科技-創; 資料年月: 11507→2026-07; 公司代號: 7803→twse; 公司名稱: 雲象科技-創→1150817; 產業別: 生技醫療業→11507
2026-09-06T08:13:42+08:00	revenue/2026-07.csv	7805	market: tpex→7805; 出表日期: 1150817→威聯通; 資料年月: 11507→2026-07; 公司代號: 7805→tpex; 公司名稱: 威聯通→1150817; 產業別: 數位雲端→11507
2026-09-06T08:13:42+08:00	revenue/2026-07.csv	7810	market: tpex→7810; 出表日期: 1150817→捷創科技; 資料年月: 11507→2026-07; 公司代號: 7810→tpex; 公司名稱: 捷創科技→1150817; 產業別: 半導體業→11507
2026-09-06T08:13:42+08:00	revenue/2026-07.csv	7811	market: tpex→7811; 出表日期: 1150817→民盛; 資料年月: 11507→2026-07; 公司代號: 7811→tpex; 公司名稱: 民盛→1150817; 產業別: 運動休閒→11507
2026-09-06T08:13:42+08:00	revenue/2026-07.csv	7814	market: tpex→7814; 出表日期: 1150817→海昌生技; 資料年月: 11507→2026-07; 公司代號: 7814→tpex; 公司名稱: 海昌生技→1150817; 產業別: 生技醫療業→11507
2026-09-06T08:13:42+08:00	revenue/2026-07.csv	7818	market: twse→7818; 出表日期: 1150817→溢泰實業; 資料年月: 11507→2026-07; 公司代號: 7818→twse; 公司名稱: 溢泰實業→1150817; 產業別: 綠能環保→11507
2026-09-06T08:13:42+08:00	revenue/2026-07.csv	7819	market: tpex→7819; 出表日期: 1150817→精誠金融; 資料年月: 11507→2026-07; 公司代號: 7819→tpex; 公司名稱: 精誠金融→1150817; 產業別: 資訊服務業→11507
2026-09-06T08:13:42+08:00	revenue/2026-07.csv	7820	market: tpex→7820; 出表日期: 1150817→立盈; 資料年月: 11507→2026-07; 公司代號: 7820→tpex; 公司名稱: 立盈→1150817; 產業別: 綠能環保→11507
2026-09-06T08:13:42+08:00	revenue/2026-07.csv	7821	market: twse→7821; 出表日期: 1150817→神數; 資料年月: 11507→2026-07; 公司代號: 7821→twse; 公司名稱: 神數→1150817; 產業別: 汽車工業→11507
2026-09-06T08:13:42+08:00	revenue/2026-07.csv	7822	market: twse→7822; 出表日期: 1150817→倍利科; 資料年月: 11507→2026-07; 公司代號: 7822→twse; 公司名稱: 倍利科→1150817; 產業別: 半導體業→11507
2026-09-06T08:13:42+08:00	revenue/2026-07.csv	7823	market: twse→7823; 出表日期: 1150817→奧義賽博-KY創; 資料年月: 11507→2026-07; 公司代號: 7823→twse; 公司名稱: 奧義賽博-KY創→1150817; 產業別: 數位雲端→11507
2026-09-06T08:13:42+08:00	revenue/2026-07.csv	7827	market: twse→7827; 出表日期: 1150817→漢康-KY創; 資料年月: 11507→2026-07; 公司代號: 7827→twse; 公司名稱: 漢康-KY創→1150817; 產業別: 生技醫療業→11507
2026-09-06T08:13:42+08:00	revenue/2026-07.csv	7828	market: tpex→7828; 出表日期: 1150817→創新服務; 資料年月: 11507→2026-07; 公司代號: 7828→tpex; 公司名稱: 創新服務→1150817; 產業別: 半導體業→11507
2026-09-06T08:13:42+08:00	revenue/2026-07.csv	7835	market: twse→7835; 出表日期: 1150817→永悅健康-創; 資料年月: 11507→2026-07; 公司代號: 7835→twse; 公司名稱: 永悅健康-創→1150817; 產業別: 數位雲端→11507
2026-09-06T08:13:42+08:00	revenue/2026-07.csv	7839	market: tpex→7839; 出表日期: 1150817→達人網; 資料年月: 11507→2026-07; 公司代號: 7839→tpex; 公司名稱: 達人網→1150817; 產業別: 數位雲端→11507
2026-09-06T08:13:42+08:00	revenue/2026-07.csv	7842	market: tpex→7842; 出表日期: 1150817→天能綠電; 資料年月: 11507→2026-07; 公司代號: 7842→tpex; 公司名稱: 天能綠電→1150817; 產業別: 綠能環保→11507
2026-09-06T08:13:42+08:00	revenue/2026-07.csv	7855	market: twse→7855; 出表日期: 1150817→和運租車; 資料年月: 11507→2026-07; 公司代號: 7855→twse; 公司名稱: 和運租車→1150817; 產業別: 其他→11507
2026-09-06T08:13:42+08:00	revenue/2026-07.csv	8011	market: twse→8011; 出表日期: 1150817→台通; 資料年月: 11507→2026-07; 公司代號: 8011→twse; 公司名稱: 台通→1150817; 產業別: 通信網路業→11507
2026-09-06T08:13:42+08:00	revenue/2026-07.csv	8016	market: twse→8016; 出表日期: 1150817→矽創; 資料年月: 11507→2026-07; 公司代號: 8016→twse; 公司名稱: 矽創→1150817; 產業別: 半導體業→11507
2026-09-06T08:13:42+08:00	revenue/2026-07.csv	8021	market: twse→8021; 出表日期: 1150817→尖點; 資料年月: 11507→2026-07; 公司代號: 8021→twse; 公司名稱: 尖點→1150817; 產業別: 其他電子業→11507
2026-09-06T08:13:42+08:00	revenue/2026-07.csv	8024	market: tpex→8024; 出表日期: 1150817→佑華; 資料年月: 11507→2026-07; 公司代號: 8024→tpex; 公司名稱: 佑華→1150817; 產業別: 半導體業→11507
2026-09-06T08:13:42+08:00	revenue/2026-07.csv	8027	market: tpex→8027; 出表日期: 1150817→鈦昇; 資料年月: 11507→2026-07; 公司代號: 8027→tpex; 公司名稱: 鈦昇→1150817; 產業別: 電機機械→11507
2026-09-06T08:13:42+08:00	revenue/2026-07.csv	8028	market: twse→8028; 出表日期: 1150817→昇陽半導體; 資料年月: 11507→2026-07; 公司代號: 8028→twse; 公司名稱: 昇陽半導體→1150817; 產業別: 半導體業→11507
2026-09-06T08:13:42+08:00	revenue/2026-07.csv	8032	market: tpex→8032; 出表日期: 1150817→光菱; 資料年月: 11507→2026-07; 公司代號: 8032→tpex; 公司名稱: 光菱→1150817; 產業別: 電子通路業→11507
2026-09-06T08:13:42+08:00	revenue/2026-07.csv	8033	market: twse→8033; 出表日期: 1150817→雷虎; 資料年月: 11507→2026-07; 公司代號: 8033→twse; 公司名稱: 雷虎→1150817; 產業別: 其他→11507
2026-09-06T08:13:42+08:00	revenue/2026-07.csv	8034	market: tpex→8034; 出表日期: 1150817→榮群; 資料年月: 11507→2026-07; 公司代號: 8034→tpex; 公司名稱: 榮群→1150817; 產業別: 通信網路業→11507
2026-09-06T08:13:42+08:00	revenue/2026-07.csv	8038	market: tpex→8038; 出表日期: 1150817→長園科; 資料年月: 11507→2026-07; 公司代號: 8038→tpex; 公司名稱: 長園科→1150817; 產業別: 電子零組件業→11507
2026-09-06T08:13:42+08:00	revenue/2026-07.csv	8039	market: twse→8039; 出表日期: 1150817→台虹; 資料年月: 11507→2026-07; 公司代號: 8039→twse; 公司名稱: 台虹→1150817; 產業別: 電子零組件業→11507
2026-09-06T08:13:42+08:00	revenue/2026-07.csv	8040	market: tpex→8040; 出表日期: 1150817→九暘; 資料年月: 11507→2026-07; 公司代號: 8040→tpex; 公司名稱: 九暘→1150817; 產業別: 半導體業→11507
2026-09-06T08:13:42+08:00	revenue/2026-07.csv	8042	market: tpex→8042; 出表日期: 1150817→金山電; 資料年月: 11507→2026-07; 公司代號: 8042→tpex; 公司名稱: 金山電→1150817; 產業別: 電子零組件業→11507
2026-09-06T08:13:42+08:00	revenue/2026-07.csv	8043	market: tpex→8043; 出表日期: 1150817→蜜望實; 資料年月: 11507→2026-07; 公司代號: 8043→tpex; 公司名稱: 蜜望實→1150817; 產業別: 電子零組件業→11507
2026-09-06T08:13:42+08:00	revenue/2026-07.csv	8044	market: tpex→8044; 出表日期: 1150817→網家; 資料年月: 11507→2026-07; 公司代號: 8044→tpex; 公司名稱: 網家→1150817; 產業別: 數位雲端→11507
2026-09-06T08:13:42+08:00	revenue/2026-07.csv	8045	market: twse→8045; 出表日期: 1150817→達運光電; 資料年月: 11507→2026-07; 公司代號: 8045→twse; 公司名稱: 達運光電→1150817; 產業別: 通信網路業→11507
2026-09-06T08:13:42+08:00	revenue/2026-07.csv	8046	market: twse→8046; 出表日期: 1150817→南電; 資料年月: 11507→2026-07; 公司代號: 8046→twse; 公司名稱: 南電→1150817; 產業別: 電子零組件業→11507
2026-09-06T08:13:42+08:00	revenue/2026-07.csv	8047	market: tpex→8047; 出表日期: 1150817→星雲; 資料年月: 11507→2026-07; 公司代號: 8047→tpex; 公司名稱: 星雲→1150817; 產業別: 其他電子業→11507
2026-09-06T08:13:42+08:00	revenue/2026-07.csv	8048	market: tpex→8048; 出表日期: 1150817→德勝; 資料年月: 11507→2026-07; 公司代號: 8048→tpex; 公司名稱: 德勝→1150817; 產業別: 通信網路業→11507
2026-09-06T08:13:42+08:00	revenue/2026-07.csv	8049	market: tpex→8049; 出表日期: 1150817→晶采; 資料年月: 11507→2026-07; 公司代號: 8049→tpex; 公司名稱: 晶采→1150817; 產業別: 光電業→11507
2026-09-06T08:13:42+08:00	revenue/2026-07.csv	8050	market: tpex→8050; 出表日期: 1150817→廣積; 資料年月: 11507→2026-07; 公司代號: 8050→tpex; 公司名稱: 廣積→1150817; 產業別: 電腦及週邊設備業→11507
2026-09-06T08:13:42+08:00	revenue/2026-07.csv	8054	market: tpex→8054; 出表日期: 1150817→安國; 資料年月: 11507→2026-07; 公司代號: 8054→tpex; 公司名稱: 安國→1150817; 產業別: 半導體業→11507
2026-09-06T08:13:42+08:00	revenue/2026-07.csv	8059	market: tpex→8059; 出表日期: 1150817→凱碩; 資料年月: 11507→2026-07; 公司代號: 8059→tpex; 公司名稱: 凱碩→1150817; 產業別: 通信網路業→11507
2026-09-06T08:13:42+08:00	revenue/2026-07.csv	8064	market: tpex→8064; 出表日期: 1150817→東捷; 資料年月: 11507→2026-07; 公司代號: 8064→tpex; 公司名稱: 東捷→1150817; 產業別: 光電業→11507
2026-09-06T08:13:42+08:00	revenue/2026-07.csv	8066	market: tpex→8066; 出表日期: 1150817→來思達; 資料年月: 11507→2026-07; 公司代號: 8066→tpex; 公司名稱: 來思達→1150817; 產業別: 居家生活→11507
2026-09-06T08:13:42+08:00	revenue/2026-07.csv	8067	market: tpex→8067; 出表日期: 1150817→志旭; 資料年月: 11507→2026-07; 公司代號: 8067→tpex; 公司名稱: 志旭→1150817; 產業別: 電子通路業→11507
2026-09-06T08:13:42+08:00	revenue/2026-07.csv	8068	market: tpex→8068; 出表日期: 1150817→全達; 資料年月: 11507→2026-07; 公司代號: 8068→tpex; 公司名稱: 全達→1150817; 產業別: 電子通路業→11507
2026-09-06T08:13:42+08:00	revenue/2026-07.csv	8069	market: tpex→8069; 出表日期: 1150817→元太; 資料年月: 11507→2026-07; 公司代號: 8069→tpex; 公司名稱: 元太→1150817; 產業別: 光電業→11507
2026-09-06T08:13:42+08:00	revenue/2026-07.csv	8070	market: twse→8070; 出表日期: 1150817→長華*; 資料年月: 11507→2026-07; 公司代號: 8070→twse; 公司名稱: 長華*→1150817; 產業別: 電子通路業→11507
2026-09-06T08:13:42+08:00	revenue/2026-07.csv	8071	market: tpex→8071; 出表日期: 1150817→能率網通; 資料年月: 11507→2026-07; 公司代號: 8071→tpex; 公司名稱: 能率網通→1150817; 產業別: 電子零組件業→11507
2026-09-06T08:13:42+08:00	revenue/2026-07.csv	8072	market: twse→8072; 出表日期: 1150817→陞泰; 資料年月: 11507→2026-07; 公司代號: 8072→twse; 公司名稱: 陞泰→1150817; 產業別: 電子通路業→11507
2026-09-06T08:13:42+08:00	revenue/2026-07.csv	8074	market: tpex→8074; 出表日期: 1150817→鉅橡; 資料年月: 11507→2026-07; 公司代號: 8074→tpex; 公司名稱: 鉅橡→1150817; 產業別: 電子零組件業→11507
2026-09-06T08:13:42+08:00	revenue/2026-07.csv	8076	market: tpex→8076; 出表日期: 1150817→伍豐; 資料年月: 11507→2026-07; 公司代號: 8076→tpex; 公司名稱: 伍豐→1150817; 產業別: 電腦及週邊設備業→11507
2026-09-06T08:13:42+08:00	revenue/2026-07.csv	8077	market: tpex→8077; 出表日期: 1150817→洛碁; 資料年月: 11507→2026-07; 公司代號: 8077→tpex; 公司名稱: 洛碁→1150817; 產業別: 觀光餐旅→11507
2026-09-06T08:13:42+08:00	revenue/2026-07.csv	8080	market: tpex→8080; 出表日期: 1150817→泰霖; 資料年月: 11507→2026-07; 公司代號: 8080→tpex; 公司名稱: 泰霖→1150817; 產業別: 建材營造→11507
2026-09-06T08:13:42+08:00	revenue/2026-07.csv	8081	market: twse→8081; 出表日期: 1150817→致新; 資料年月: 11507→2026-07; 公司代號: 8081→twse; 公司名稱: 致新→1150817; 產業別: 半導體業→11507
2026-09-06T08:13:42+08:00	revenue/2026-07.csv	8083	market: tpex→8083; 出表日期: 1150817→瑞穎; 資料年月: 11507→2026-07; 公司代號: 8083→tpex; 公司名稱: 瑞穎→1150817; 產業別: 電機機械→11507
2026-09-06T08:13:42+08:00	revenue/2026-07.csv	8084	market: tpex→8084; 出表日期: 1150817→巨虹; 資料年月: 11507→2026-07; 公司代號: 8084→tpex; 公司名稱: 巨虹→1150817; 產業別: 電子通路業→11507
2026-09-06T08:13:42+08:00	revenue/2026-07.csv	8085	market: tpex→8085; 出表日期: 1150817→福華; 資料年月: 11507→2026-07; 公司代號: 8085→tpex; 公司名稱: 福華→1150817; 產業別: 其他電子業→11507
2026-09-06T08:13:42+08:00	revenue/2026-07.csv	8086	market: tpex→8086; 出表日期: 1150817→宏捷科; 資料年月: 11507→2026-07; 公司代號: 8086→tpex; 公司名稱: 宏捷科→1150817; 產業別: 半導體業→11507
2026-09-06T08:13:42+08:00	revenue/2026-07.csv	8087	market: tpex→8087; 出表日期: 1150817→麗升能源; 資料年月: 11507→2026-07; 公司代號: 8087→tpex; 公司名稱: 麗升能源→1150817; 產業別: 綠能環保→11507
2026-09-06T08:13:42+08:00	revenue/2026-07.csv	8088	market: tpex→8088; 出表日期: 1150817→品安; 資料年月: 11507→2026-07; 公司代號: 8088→tpex; 公司名稱: 品安→1150817; 產業別: 半導體業→11507
2026-09-06T08:13:42+08:00	revenue/2026-07.csv	8089	market: tpex→8089; 出表日期: 1150817→康全電訊; 資料年月: 11507→2026-07; 公司代號: 8089→tpex; 公司名稱: 康全電訊→1150817; 產業別: 通信網路業→11507
2026-09-06T08:13:42+08:00	revenue/2026-07.csv	8091	market: tpex→8091; 出表日期: 1150817→翔名; 資料年月: 11507→2026-07; 公司代號: 8091→tpex; 公司名稱: 翔名→1150817; 產業別: 半導體業→11507
2026-09-06T08:13:42+08:00	revenue/2026-07.csv	8092	market: tpex→8092; 出表日期: 1150817→建暐; 資料年月: 11507→2026-07; 公司代號: 8092→tpex; 公司名稱: 建暐→1150817; 產業別: 其他電子業→11507
2026-09-06T08:13:42+08:00	revenue/2026-07.csv	8093	market: tpex→8093; 出表日期: 1150817→保銳; 資料年月: 11507→2026-07; 公司代號: 8093→tpex; 公司名稱: 保銳→1150817; 產業別: 電子零組件業→11507
2026-09-06T08:13:42+08:00	revenue/2026-07.csv	8096	market: tpex→8096; 出表日期: 1150817→擎亞; 資料年月: 11507→2026-07; 公司代號: 8096→tpex; 公司名稱: 擎亞→1150817; 產業別: 電子通路業→11507
2026-09-06T08:13:42+08:00	revenue/2026-07.csv	8097	market: tpex→8097; 出表日期: 1150817→常珵; 資料年月: 11507→2026-07; 公司代號: 8097→tpex; 公司名稱: 常珵→1150817; 產業別: 通信網路業→11507
2026-09-06T08:13:42+08:00	revenue/2026-07.csv	8099	market: tpex→8099; 出表日期: 1150817→大世科; 資料年月: 11507→2026-07; 公司代號: 8099→tpex; 公司名稱: 大世科→1150817; 產業別: 資訊服務業→11507
2026-09-06T08:13:42+08:00	revenue/2026-07.csv	8101	market: twse→8101; 出表日期: 1150817→華冠; 資料年月: 11507→2026-07; 公司代號: 8101→twse; 公司名稱: 華冠→1150817; 產業別: 通信網路業→11507
2026-09-06T08:13:42+08:00	revenue/2026-07.csv	8102	market: tpex→8102; 出表日期: 1150817→傑霖科技; 資料年月: 11507→2026-07; 公司代號: 8102→tpex; 公司名稱: 傑霖科技→1150817; 產業別: 半導體業→11507
2026-09-06T08:13:42+08:00	revenue/2026-07.csv	8103	market: twse→8103; 出表日期: 1150817→瀚荃; 資料年月: 11507→2026-07; 公司代號: 8103→twse; 公司名稱: 瀚荃→1150817; 產業別: 電子零組件業→11507
2026-09-06T08:13:42+08:00	revenue/2026-07.csv	8104	market: twse→8104; 出表日期: 1150817→錸寶; 資料年月: 11507→2026-07; 公司代號: 8104→twse; 公司名稱: 錸寶→1150817; 產業別: 光電業→11507
2026-09-06T08:13:42+08:00	revenue/2026-07.csv	8105	market: twse→8105; 出表日期: 1150817→凌巨; 資料年月: 11507→2026-07; 公司代號: 8105→twse; 公司名稱: 凌巨→1150817; 產業別: 光電業→11507
2026-09-06T08:13:42+08:00	revenue/2026-07.csv	8107	market: tpex→8107; 出表日期: 1150817→大億金茂; 資料年月: 11507→2026-07; 公司代號: 8107→tpex; 公司名稱: 大億金茂→1150817; 產業別: 電機機械→11507
2026-09-06T08:13:42+08:00	revenue/2026-07.csv	8109	market: tpex→8109; 出表日期: 1150817→博大; 資料年月: 11507→2026-07; 公司代號: 8109→tpex; 公司名稱: 博大→1150817; 產業別: 電子零組件業→11507
2026-09-06T08:13:42+08:00	revenue/2026-07.csv	8110	market: twse→8110; 出表日期: 1150817→華東; 資料年月: 11507→2026-07; 公司代號: 8110→twse; 公司名稱: 華東→1150817; 產業別: 半導體業→11507
2026-09-06T08:13:42+08:00	revenue/2026-07.csv	8111	market: tpex→8111; 出表日期: 1150817→立碁; 資料年月: 11507→2026-07; 公司代號: 8111→tpex; 公司名稱: 立碁→1150817; 產業別: 光電業→11507
2026-09-06T08:13:42+08:00	revenue/2026-07.csv	8112	market: twse→8112; 出表日期: 1150817→至上; 資料年月: 11507→2026-07; 公司代號: 8112→twse; 公司名稱: 至上→1150817; 產業別: 電子通路業→11507
2026-09-06T08:13:42+08:00	revenue/2026-07.csv	8114	market: twse→8114; 出表日期: 1150817→振樺電; 資料年月: 11507→2026-07; 公司代號: 8114→twse; 公司名稱: 振樺電→1150817; 產業別: 電腦及週邊設備業→11507
2026-09-06T08:13:42+08:00	revenue/2026-07.csv	8121	market: tpex→8121; 出表日期: 1150817→越峰; 資料年月: 11507→2026-07; 公司代號: 8121→tpex; 公司名稱: 越峰→1150817; 產業別: 電子零組件業→11507
2026-09-06T08:13:42+08:00	revenue/2026-07.csv	8131	market: twse→8131; 出表日期: 1150817→福懋科; 資料年月: 11507→2026-07; 公司代號: 8131→twse; 公司名稱: 福懋科→1150817; 產業別: 半導體業→11507
2026-09-06T08:13:42+08:00	revenue/2026-07.csv	8147	market: tpex→8147; 出表日期: 1150817→正淩; 資料年月: 11507→2026-07; 公司代號: 8147→tpex; 公司名稱: 正淩→1150817; 產業別: 電子零組件業→11507
2026-09-06T08:13:42+08:00	revenue/2026-07.csv	8150	market: twse→8150; 出表日期: 1150817→南茂; 資料年月: 11507→2026-07; 公司代號: 8150→twse; 公司名稱: 南茂→1150817; 產業別: 半導體業→11507
2026-09-06T08:13:42+08:00	revenue/2026-07.csv	8155	market: tpex→8155; 出表日期: 1150817→博智; 資料年月: 11507→2026-07; 公司代號: 8155→tpex; 公司名稱: 博智→1150817; 產業別: 電子零組件業→11507
2026-09-06T08:13:42+08:00	revenue/2026-07.csv	8162	market: twse→8162; 出表日期: 1150817→微矽電子-創; 資料年月: 11507→2026-07; 公司代號: 8162→twse; 公司名稱: 微矽電子-創→1150817; 產業別: 半導體業→11507
2026-09-06T08:13:42+08:00	revenue/2026-07.csv	8163	market: twse→8163; 出表日期: 1150817→達方; 資料年月: 11507→2026-07; 公司代號: 8163→twse; 公司名稱: 達方→1150817; 產業別: 電腦及週邊設備業→11507
2026-09-06T08:13:42+08:00	revenue/2026-07.csv	8171	market: tpex→8171; 出表日期: 1150817→天宇; 資料年月: 11507→2026-07; 公司代號: 8171→tpex; 公司名稱: 天宇→1150817; 產業別: 綠能環保→11507
2026-09-06T08:13:42+08:00	revenue/2026-07.csv	8176	market: tpex→8176; 出表日期: 1150817→智捷; 資料年月: 11507→2026-07; 公司代號: 8176→tpex; 公司名稱: 智捷→1150817; 產業別: 通信網路業→11507
2026-09-06T08:13:42+08:00	revenue/2026-07.csv	8182	market: tpex→8182; 出表日期: 1150817→加高; 資料年月: 11507→2026-07; 公司代號: 8182→tpex; 公司名稱: 加高→1150817; 產業別: 電子零組件業→11507
2026-09-06T08:13:42+08:00	revenue/2026-07.csv	8183	market: tpex→8183; 出表日期: 1150817→精星; 資料年月: 11507→2026-07; 公司代號: 8183→tpex; 公司名稱: 精星→1150817; 產業別: 其他電子業→11507
2026-09-06T08:13:42+08:00	revenue/2026-07.csv	8201	market: twse→8201; 出表日期: 1150817→無敵; 資料年月: 11507→2026-07; 公司代號: 8201→twse; 公司名稱: 無敵→1150817; 產業別: 其他電子業→11507
2026-09-06T08:13:42+08:00	revenue/2026-07.csv	8210	market: twse→8210; 出表日期: 1150817→勤誠; 資料年月: 11507→2026-07; 公司代號: 8210→twse; 公司名稱: 勤誠→1150817; 產業別: 電腦及週邊設備業→11507
2026-09-06T08:13:42+08:00	revenue/2026-07.csv	8213	market: twse→8213; 出表日期: 1150817→志超; 資料年月: 11507→2026-07; 公司代號: 8213→twse; 公司名稱: 志超→1150817; 產業別: 電子零組件業→11507
2026-09-06T08:13:42+08:00	revenue/2026-07.csv	8215	market: twse→8215; 出表日期: 1150817→明基材; 資料年月: 11507→2026-07; 公司代號: 8215→twse; 公司名稱: 明基材→1150817; 產業別: 光電業→11507
2026-09-06T08:13:42+08:00	revenue/2026-07.csv	8222	market: twse→8222; 出表日期: 1150817→寶一; 資料年月: 11507→2026-07; 公司代號: 8222→twse; 公司名稱: 寶一→1150817; 產業別: 電機機械→11507
2026-09-06T08:13:42+08:00	revenue/2026-07.csv	8227	market: tpex→8227; 出表日期: 1150817→巨有科技; 資料年月: 11507→2026-07; 公司代號: 8227→tpex; 公司名稱: 巨有科技→1150817; 產業別: 半導體業→11507
2026-09-06T08:13:42+08:00	revenue/2026-07.csv	8234	market: tpex→8234; 出表日期: 1150817→新漢; 資料年月: 11507→2026-07; 公司代號: 8234→tpex; 公司名稱: 新漢→1150817; 產業別: 電腦及週邊設備業→11507
2026-09-06T08:13:42+08:00	revenue/2026-07.csv	8240	market: tpex→8240; 出表日期: 1150817→華宏; 資料年月: 11507→2026-07; 公司代號: 8240→tpex; 公司名稱: 華宏→1150817; 產業別: 光電業→11507
2026-09-06T08:13:42+08:00	revenue/2026-07.csv	8249	market: twse→8249; 出表日期: 1150817→菱光; 資料年月: 11507→2026-07; 公司代號: 8249→twse; 公司名稱: 菱光→1150817; 產業別: 電子零組件業→11507
2026-09-06T08:13:42+08:00	revenue/2026-07.csv	8255	market: tpex→8255; 出表日期: 1150817→朋程; 資料年月: 11507→2026-07; 公司代號: 8255→tpex; 公司名稱: 朋程→1150817; 產業別: 電機機械→11507
2026-09-06T08:13:42+08:00	revenue/2026-07.csv	8261	market: twse→8261; 出表日期: 1150817→富鼎; 資料年月: 11507→2026-07; 公司代號: 8261→twse; 公司名稱: 富鼎→1150817; 產業別: 半導體業→11507
2026-09-06T08:13:42+08:00	revenue/2026-07.csv	8271	market: twse→8271; 出表日期: 1150817→宇瞻; 資料年月: 11507→2026-07; 公司代號: 8271→twse; 公司名稱: 宇瞻→1150817; 產業別: 半導體業→11507
2026-09-06T08:13:42+08:00	revenue/2026-07.csv	8272	market: tpex→8272; 出表日期: 1150817→全景軟體; 資料年月: 11507→2026-07; 公司代號: 8272→tpex; 公司名稱: 全景軟體→1150817; 產業別: 資訊服務業→11507
2026-09-06T08:13:42+08:00	revenue/2026-07.csv	8277	market: tpex→8277; 出表日期: 1150817→商丞; 資料年月: 11507→2026-07; 公司代號: 8277→tpex; 公司名稱: 商丞→1150817; 產業別: 半導體業→11507
2026-09-06T08:13:42+08:00	revenue/2026-07.csv	8279	market: tpex→8279; 出表日期: 1150817→生展; 資料年月: 11507→2026-07; 公司代號: 8279→tpex; 公司名稱: 生展→1150817; 產業別: 生技醫療業→11507
2026-09-06T08:13:42+08:00	revenue/2026-07.csv	8284	market: tpex→8284; 出表日期: 1150817→三竹; 資料年月: 11507→2026-07; 公司代號: 8284→tpex; 公司名稱: 三竹→1150817; 產業別: 資訊服務業→11507
2026-09-06T08:13:42+08:00	revenue/2026-07.csv	8289	market: tpex→8289; 出表日期: 1150817→泰藝; 資料年月: 11507→2026-07; 公司代號: 8289→tpex; 公司名稱: 泰藝→1150817; 產業別: 電子零組件業→11507
2026-09-06T08:13:42+08:00	revenue/2026-07.csv	8291	market: tpex→8291; 出表日期: 1150817→尚茂; 資料年月: 11507→2026-07; 公司代號: 8291→tpex; 公司名稱: 尚茂→1150817; 產業別: 電子零組件業→11507
2026-09-06T08:13:42+08:00	revenue/2026-07.csv	8299	market: tpex→8299; 出表日期: 1150817→群聯; 資料年月: 11507→2026-07; 公司代號: 8299→tpex; 公司名稱: 群聯→1150817; 產業別: 半導體業→11507
2026-09-06T08:13:42+08:00	revenue/2026-07.csv	8341	market: twse→8341; 出表日期: 1150817→日友; 資料年月: 11507→2026-07; 公司代號: 8341→twse; 公司名稱: 日友→1150817; 產業別: 綠能環保→11507
2026-09-06T08:13:42+08:00	revenue/2026-07.csv	8342	market: tpex→8342; 出表日期: 1150817→益張; 資料年月: 11507→2026-07; 公司代號: 8342→tpex; 公司名稱: 益張→1150817; 產業別: 其他→11507
2026-09-06T08:13:42+08:00	revenue/2026-07.csv	8349	market: tpex→8349; 出表日期: 1150817→恒耀國際; 資料年月: 11507→2026-07; 公司代號: 8349→tpex; 公司名稱: 恒耀國際→1150817; 產業別: 鋼鐵工業→11507
2026-09-06T08:13:42+08:00	revenue/2026-07.csv	8354	market: tpex→8354; 出表日期: 1150817→冠好; 資料年月: 11507→2026-07; 公司代號: 8354→tpex; 公司名稱: 冠好→1150817; 產業別: 其他→11507
2026-09-06T08:13:42+08:00	revenue/2026-07.csv	8358	market: tpex→8358; 出表日期: 1150817→金居; 資料年月: 11507→2026-07; 公司代號: 8358→tpex; 公司名稱: 金居→1150817; 產業別: 電子零組件業→11507
2026-09-06T08:13:42+08:00	revenue/2026-07.csv	8367	market: twse→8367; 出表日期: 1150817→建新國際; 資料年月: 11507→2026-07; 公司代號: 8367→twse; 公司名稱: 建新國際→1150817; 產業別: 航運業→11507
2026-09-06T08:13:42+08:00	revenue/2026-07.csv	8374	market: twse→8374; 出表日期: 1150817→羅昇; 資料年月: 11507→2026-07; 公司代號: 8374→twse; 公司名稱: 羅昇→1150817; 產業別: 電機機械→11507
2026-09-06T08:13:42+08:00	revenue/2026-07.csv	8383	market: tpex→8383; 出表日期: 1150817→千附; 資料年月: 11507→2026-07; 公司代號: 8383→tpex; 公司名稱: 千附→1150817; 產業別: 半導體業→11507
2026-09-06T08:13:42+08:00	revenue/2026-07.csv	8390	market: tpex→8390; 出表日期: 1150817→金益鼎; 資料年月: 11507→2026-07; 公司代號: 8390→tpex; 公司名稱: 金益鼎→1150817; 產業別: 綠能環保→11507
2026-09-06T08:13:42+08:00	revenue/2026-07.csv	8401	market: tpex→8401; 出表日期: 1150817→白紗科; 資料年月: 11507→2026-07; 公司代號: 8401→tpex; 公司名稱: 白紗科→1150817; 產業別: 其他→11507
2026-09-06T08:13:42+08:00	revenue/2026-07.csv	8403	market: tpex→8403; 出表日期: 1150817→盛弘; 資料年月: 11507→2026-07; 公司代號: 8403→tpex; 公司名稱: 盛弘→1150817; 產業別: 生技醫療業→11507
2026-09-06T08:13:42+08:00	revenue/2026-07.csv	8404	market: twse→8404; 出表日期: 1150817→百和興業-KY; 資料年月: 11507→2026-07; 公司代號: 8404→twse; 公司名稱: 百和興業-KY→1150817; 產業別: 其他→11507
2026-09-06T08:13:42+08:00	revenue/2026-07.csv	8409	market: tpex→8409; 出表日期: 1150817→商之器; 資料年月: 11507→2026-07; 公司代號: 8409→tpex; 公司名稱: 商之器→1150817; 產業別: 生技醫療業→11507
2026-09-06T08:13:42+08:00	revenue/2026-07.csv	8410	market: tpex→8410; 出表日期: 1150817→森田; 資料年月: 11507→2026-07; 公司代號: 8410→tpex; 公司名稱: 森田→1150817; 產業別: 電腦及週邊設備業→11507
2026-09-06T08:13:42+08:00	revenue/2026-07.csv	8411	market: twse→8411; 出表日期: 1150817→福貞-KY; 資料年月: 11507→2026-07; 公司代號: 8411→twse; 公司名稱: 福貞-KY→1150817; 產業別: 其他→11507
2026-09-06T08:13:42+08:00	revenue/2026-07.csv	8415	market: tpex→8415; 出表日期: 1150817→大國鋼; 資料年月: 11507→2026-07; 公司代號: 8415→tpex; 公司名稱: 大國鋼→1150817; 產業別: 鋼鐵工業→11507
2026-09-06T08:13:42+08:00	revenue/2026-07.csv	8416	market: tpex→8416; 出表日期: 1150817→實威; 資料年月: 11507→2026-07; 公司代號: 8416→tpex; 公司名稱: 實威→1150817; 產業別: 資訊服務業→11507
2026-09-06T08:13:42+08:00	revenue/2026-07.csv	8421	market: tpex→8421; 出表日期: 1150817→旭源; 資料年月: 11507→2026-07; 公司代號: 8421→tpex; 公司名稱: 旭源→1150817; 產業別: 其他→11507
2026-09-06T08:13:42+08:00	revenue/2026-07.csv	8422	market: twse→8422; 出表日期: 1150817→可寧衛*; 資料年月: 11507→2026-07; 公司代號: 8422→twse; 公司名稱: 可寧衛*→1150817; 產業別: 綠能環保→11507
2026-09-06T08:13:42+08:00	revenue/2026-07.csv	8423	market: tpex→8423; 出表日期: 1150817→保綠-KY; 資料年月: 11507→2026-07; 公司代號: 8423→tpex; 公司名稱: 保綠-KY→1150817; 產業別: 綠能環保→11507
2026-09-06T08:13:42+08:00	revenue/2026-07.csv	8424	market: tpex→8424; 出表日期: 1150817→惠普; 資料年月: 11507→2026-07; 公司代號: 8424→tpex; 公司名稱: 惠普→1150817; 產業別: 建材營造→11507
2026-09-06T08:13:42+08:00	revenue/2026-07.csv	8426	market: tpex→8426; 出表日期: 1150817→紅木-KY; 資料年月: 11507→2026-07; 公司代號: 8426→tpex; 公司名稱: 紅木-KY→1150817; 產業別: 其他→11507
2026-09-06T08:13:42+08:00	revenue/2026-07.csv	8429	market: twse→8429; 出表日期: 1150817→金麗-KY; 資料年月: 11507→2026-07; 公司代號: 8429→twse; 公司名稱: 金麗-KY→1150817; 產業別: 貿易百貨→11507
2026-09-06T08:13:42+08:00	revenue/2026-07.csv	8431	market: tpex→8431; 出表日期: 1150817→匯鑽科; 資料年月: 11507→2026-07; 公司代號: 8431→tpex; 公司名稱: 匯鑽科→1150817; 產業別: 其他電子業→11507
2026-09-06T08:13:42+08:00	revenue/2026-07.csv	8432	market: tpex→8432; 出表日期: 1150817→東生華; 資料年月: 11507→2026-07; 公司代號: 8432→tpex; 公司名稱: 東生華→1150817; 產業別: 生技醫療業→11507
2026-09-06T08:13:42+08:00	revenue/2026-07.csv	8433	market: tpex→8433; 出表日期: 1150817→弘帆; 資料年月: 11507→2026-07; 公司代號: 8433→tpex; 公司名稱: 弘帆→1150817; 產業別: 居家生活→11507
2026-09-06T08:13:42+08:00	revenue/2026-07.csv	8435	market: tpex→8435; 出表日期: 1150817→鉅邁; 資料年月: 11507→2026-07; 公司代號: 8435→tpex; 公司名稱: 鉅邁→1150817; 產業別: 其他→11507
2026-09-06T08:13:42+08:00	revenue/2026-07.csv	8436	market: tpex→8436; 出表日期: 1150817→大江; 資料年月: 11507→2026-07; 公司代號: 8436→tpex; 公司名稱: 大江→1150817; 產業別: 生技醫療業→11507
2026-09-06T08:13:42+08:00	revenue/2026-07.csv	8437	market: tpex→8437; 出表日期: 1150817→大地-KY; 資料年月: 11507→2026-07; 公司代號: 8437→tpex; 公司名稱: 大地-KY→1150817; 產業別: 其他→11507
2026-09-06T08:13:42+08:00	revenue/2026-07.csv	8438	market: twse→8438; 出表日期: 1150817→昶昕; 資料年月: 11507→2026-07; 公司代號: 8438→twse; 公司名稱: 昶昕→1150817; 產業別: 綠能環保→11507
2026-09-06T08:13:42+08:00	revenue/2026-07.csv	8440	market: tpex→8440; 出表日期: 1150817→綠電; 資料年月: 11507→2026-07; 公司代號: 8440→tpex; 公司名稱: 綠電→1150817; 產業別: 綠能環保→11507
2026-09-06T08:13:42+08:00	revenue/2026-07.csv	8442	market: twse→8442; 出表日期: 1150817→威宏-KY; 資料年月: 11507→2026-07; 公司代號: 8442→twse; 公司名稱: 威宏-KY→1150817; 產業別: 其他→11507
2026-09-06T08:13:42+08:00	revenue/2026-07.csv	8443	market: twse→8443; 出表日期: 1150817→阿瘦; 資料年月: 11507→2026-07; 公司代號: 8443→twse; 公司名稱: 阿瘦→1150817; 產業別: 貿易百貨→11507
2026-09-06T08:13:42+08:00	revenue/2026-07.csv	8444	market: tpex→8444; 出表日期: 1150817→綠河-KY; 資料年月: 11507→2026-07; 公司代號: 8444→tpex; 公司名稱: 綠河-KY→1150817; 產業別: 其他→11507
2026-09-06T08:13:42+08:00	revenue/2026-07.csv	8446	market: tpex→8446; 出表日期: 1150817→華研; 資料年月: 11507→2026-07; 公司代號: 8446→tpex; 公司名稱: 華研→1150817; 產業別: 文化創意業→11507
2026-09-06T08:13:42+08:00	revenue/2026-07.csv	8450	market: tpex→8450; 出表日期: 1150817→霹靂; 資料年月: 11507→2026-07; 公司代號: 8450→tpex; 公司名稱: 霹靂→1150817; 產業別: 文化創意業→11507
2026-09-06T08:13:42+08:00	revenue/2026-07.csv	8454	market: twse→8454; 出表日期: 1150817→富邦媒; 資料年月: 11507→2026-07; 公司代號: 8454→twse; 公司名稱: 富邦媒→1150817; 產業別: 數位雲端→11507
2026-09-06T08:13:42+08:00	revenue/2026-07.csv	8455	market: tpex→8455; 出表日期: 1150817→大拓-KY; 資料年月: 11507→2026-07; 公司代號: 8455→tpex; 公司名稱: 大拓-KY→1150817; 產業別: 其他電子業→11507
2026-09-06T08:13:42+08:00	revenue/2026-07.csv	8462	market: twse→8462; 出表日期: 1150817→柏文; 資料年月: 11507→2026-07; 公司代號: 8462→twse; 公司名稱: 柏文→1150817; 產業別: 運動休閒→11507
2026-09-06T08:13:42+08:00	revenue/2026-07.csv	8463	market: twse→8463; 出表日期: 1150817→潤泰材; 資料年月: 11507→2026-07; 公司代號: 8463→twse; 公司名稱: 潤泰材→1150817; 產業別: 其他→11507
2026-09-06T08:13:42+08:00	revenue/2026-07.csv	8464	market: twse→8464; 出表日期: 1150817→億豐; 資料年月: 11507→2026-07; 公司代號: 8464→twse; 公司名稱: 億豐→1150817; 產業別: 居家生活→11507
2026-09-06T08:13:42+08:00	revenue/2026-07.csv	8466	market: twse→8466; 出表日期: 1150817→美吉吉-KY; 資料年月: 11507→2026-07; 公司代號: 8466→twse; 公司名稱: 美吉吉-KY→1150817; 產業別: 其他→11507
2026-09-06T08:13:42+08:00	revenue/2026-07.csv	8467	market: twse→8467; 出表日期: 1150817→波力-KY; 資料年月: 11507→2026-07; 公司代號: 8467→twse; 公司名稱: 波力-KY→1150817; 產業別: 運動休閒→11507
2026-09-06T08:13:42+08:00	revenue/2026-07.csv	8472	market: tpex→8472; 出表日期: 1150817→納維康; 資料年月: 11507→2026-07; 公司代號: 8472→tpex; 公司名稱: 納維康→1150817; 產業別: 數位雲端→11507
2026-09-06T08:13:42+08:00	revenue/2026-07.csv	8473	market: twse→8473; 出表日期: 1150817→山林水; 資料年月: 11507→2026-07; 公司代號: 8473→twse; 公司名稱: 山林水→1150817; 產業別: 綠能環保→11507
2026-09-06T08:13:42+08:00	revenue/2026-07.csv	8476	market: twse→8476; 出表日期: 1150817→台境*; 資料年月: 11507→2026-07; 公司代號: 8476→twse; 公司名稱: 台境*→1150817; 產業別: 綠能環保→11507
2026-09-06T08:13:42+08:00	revenue/2026-07.csv	8477	market: tpex→8477; 出表日期: 1150817→創業家; 資料年月: 11507→2026-07; 公司代號: 8477→tpex; 公司名稱: 創業家→1150817; 產業別: 數位雲端→11507
2026-09-06T08:13:42+08:00	revenue/2026-07.csv	8478	market: twse→8478; 出表日期: 1150817→東哥遊艇; 資料年月: 11507→2026-07; 公司代號: 8478→twse; 公司名稱: 東哥遊艇→1150817; 產業別: 運動休閒→11507
2026-09-06T08:13:42+08:00	revenue/2026-07.csv	8481	market: twse→8481; 出表日期: 1150817→政伸; 資料年月: 11507→2026-07; 公司代號: 8481→twse; 公司名稱: 政伸→1150817; 產業別: 其他→11507
2026-09-06T08:13:42+08:00	revenue/2026-07.csv	8482	market: twse→8482; 出表日期: 1150817→商億-KY; 資料年月: 11507→2026-07; 公司代號: 8482→twse; 公司名稱: 商億-KY→1150817; 產業別: 居家生活→11507
2026-09-06T08:13:42+08:00	revenue/2026-07.csv	8487	market: twse→8487; 出表日期: 1150817→愛爾達-創; 資料年月: 11507→2026-07; 公司代號: 8487→twse; 公司名稱: 愛爾達-創→1150817; 產業別: 數位雲端→11507
2026-09-06T08:13:42+08:00	revenue/2026-07.csv	8488	market: twse→8488; 出表日期: 1150817→吉源-KY; 資料年月: 11507→2026-07; 公司代號: 8488→twse; 公司名稱: 吉源-KY→1150817; 產業別: 其他→11507
2026-09-06T08:13:42+08:00	revenue/2026-07.csv	8489	market: tpex→8489; 出表日期: 1150817→三貝德; 資料年月: 11507→2026-07; 公司代號: 8489→tpex; 公司名稱: 三貝德→1150817; 產業別: 其他→11507
2026-09-06T08:13:42+08:00	revenue/2026-07.csv	8499	market: twse→8499; 出表日期: 1150817→鼎炫-KY; 資料年月: 11507→2026-07; 公司代號: 8499→twse; 公司名稱: 鼎炫-KY→1150817; 產業別: 其他電子業→11507
2026-09-06T08:13:42+08:00	revenue/2026-07.csv	8905	market: tpex→8905; 出表日期: 1150817→裕國; 資料年月: 11507→2026-07; 公司代號: 8905→tpex; 公司名稱: 裕國→1150817; 產業別: 其他→11507
2026-09-06T08:13:42+08:00	revenue/2026-07.csv	8906	market: tpex→8906; 出表日期: 1150817→花王; 資料年月: 11507→2026-07; 公司代號: 8906→tpex; 公司名稱: 花王→1150817; 產業別: 其他→11507
2026-09-06T08:13:42+08:00	revenue/2026-07.csv	8908	market: tpex→8908; 出表日期: 1150817→欣雄; 資料年月: 11507→2026-07; 公司代號: 8908→tpex; 公司名稱: 欣雄→1150817; 產業別: 油電燃氣業→11507
2026-09-06T08:13:42+08:00	revenue/2026-07.csv	8916	market: tpex→8916; 出表日期: 1150817→光隆; 資料年月: 11507→2026-07; 公司代號: 8916→tpex; 公司名稱: 光隆→1150817; 產業別: 其他→11507
2026-09-06T08:13:42+08:00	revenue/2026-07.csv	8917	market: tpex→8917; 出表日期: 1150817→欣泰; 資料年月: 11507→2026-07; 公司代號: 8917→tpex; 公司名稱: 欣泰→1150817; 產業別: 油電燃氣業→11507
2026-09-06T08:13:42+08:00	revenue/2026-07.csv	8921	market: tpex→8921; 出表日期: 1150817→沈氏; 資料年月: 11507→2026-07; 公司代號: 8921→tpex; 公司名稱: 沈氏→1150817; 產業別: 其他→11507
2026-09-06T08:13:42+08:00	revenue/2026-07.csv	8923	market: tpex→8923; 出表日期: 1150817→時報; 資料年月: 11507→2026-07; 公司代號: 8923→tpex; 公司名稱: 時報→1150817; 產業別: 文化創意業→11507
2026-09-06T08:13:42+08:00	revenue/2026-07.csv	8924	market: tpex→8924; 出表日期: 1150817→大田; 資料年月: 11507→2026-07; 公司代號: 8924→tpex; 公司名稱: 大田→1150817; 產業別: 運動休閒→11507
2026-09-06T08:13:42+08:00	revenue/2026-07.csv	8926	market: twse→8926; 出表日期: 1150817→台汽電; 資料年月: 11507→2026-07; 公司代號: 8926→twse; 公司名稱: 台汽電→1150817; 產業別: 油電燃氣業→11507
2026-09-06T08:13:42+08:00	revenue/2026-07.csv	8927	market: tpex→8927; 出表日期: 1150817→北基; 資料年月: 11507→2026-07; 公司代號: 8927→tpex; 公司名稱: 北基→1150817; 產業別: 油電燃氣業→11507
2026-09-06T08:13:42+08:00	revenue/2026-07.csv	8928	market: tpex→8928; 出表日期: 1150817→鉅明; 資料年月: 11507→2026-07; 公司代號: 8928→tpex; 公司名稱: 鉅明→1150817; 產業別: 運動休閒→11507
2026-09-06T08:13:42+08:00	revenue/2026-07.csv	8929	market: tpex→8929; 出表日期: 1150817→富堡; 資料年月: 11507→2026-07; 公司代號: 8929→tpex; 公司名稱: 富堡→1150817; 產業別: 其他→11507
2026-09-06T08:13:42+08:00	revenue/2026-07.csv	8930	market: tpex→8930; 出表日期: 1150817→青鋼; 資料年月: 11507→2026-07; 公司代號: 8930→tpex; 公司名稱: 青鋼→1150817; 產業別: 鋼鐵工業→11507
2026-09-06T08:13:42+08:00	revenue/2026-07.csv	8931	market: tpex→8931; 出表日期: 1150817→大汽電; 資料年月: 11507→2026-07; 公司代號: 8931→tpex; 公司名稱: 大汽電→1150817; 產業別: 油電燃氣業→11507
2026-09-06T08:13:42+08:00	revenue/2026-07.csv	8932	market: tpex→8932; 出表日期: 1150817→智通*; 資料年月: 11507→2026-07; 公司代號: 8932→tpex; 公司名稱: 智通*→1150817; 產業別: 數位雲端→11507
2026-09-06T08:13:42+08:00	revenue/2026-07.csv	8933	market: tpex→8933; 出表日期: 1150817→愛地雅; 資料年月: 11507→2026-07; 公司代號: 8933→tpex; 公司名稱: 愛地雅→1150817; 產業別: 運動休閒→11507
2026-09-06T08:13:42+08:00	revenue/2026-07.csv	8935	market: tpex→8935; 出表日期: 1150817→邦泰; 資料年月: 11507→2026-07; 公司代號: 8935→tpex; 公司名稱: 邦泰→1150817; 產業別: 其他→11507
2026-09-06T08:13:42+08:00	revenue/2026-07.csv	8936	market: tpex→8936; 出表日期: 1150817→國統; 資料年月: 11507→2026-07; 公司代號: 8936→tpex; 公司名稱: 國統→1150817; 產業別: 其他→11507
2026-09-06T08:13:42+08:00	revenue/2026-07.csv	8937	market: tpex→8937; 出表日期: 1150817→合騏*; 資料年月: 11507→2026-07; 公司代號: 8937→tpex; 公司名稱: 合騏*→1150817; 產業別: 其他→11507
2026-09-06T08:13:42+08:00	revenue/2026-07.csv	8938	market: tpex→8938; 出表日期: 1150817→明安; 資料年月: 11507→2026-07; 公司代號: 8938→tpex; 公司名稱: 明安→1150817; 產業別: 運動休閒→11507
2026-09-06T08:13:42+08:00	revenue/2026-07.csv	8940	market: twse→8940; 出表日期: 1150817→新天地; 資料年月: 11507→2026-07; 公司代號: 8940→twse; 公司名稱: 新天地→1150817; 產業別: 觀光餐旅→11507
2026-09-06T08:13:42+08:00	revenue/2026-07.csv	8941	market: tpex→8941; 出表日期: 1150817→關中; 資料年月: 11507→2026-07; 公司代號: 8941→tpex; 公司名稱: 關中→1150817; 產業別: 居家生活→11507
2026-09-06T08:13:42+08:00	revenue/2026-07.csv	8942	market: tpex→8942; 出表日期: 1150817→森鉅; 資料年月: 11507→2026-07; 公司代號: 8942→tpex; 公司名稱: 森鉅→1150817; 產業別: 其他→11507
2026-09-06T08:13:42+08:00	revenue/2026-07.csv	8996	market: twse→8996; 出表日期: 1150817→高力; 資料年月: 11507→2026-07; 公司代號: 8996→twse; 公司名稱: 高力→1150817; 產業別: 電機機械→11507
2026-09-06T08:13:42+08:00	revenue/2026-07.csv	9105	market: twse→9105; 出表日期: 1150817→泰金寶-DR; 資料年月: 11507→2026-07; 公司代號: 9105→twse; 公司名稱: 泰金寶-DR→1150817; 產業別: 存託憑證→11507
2026-09-06T08:13:42+08:00	revenue/2026-07.csv	912000	market: twse→912000; 出表日期: 1150817→晨訊科-DR; 資料年月: 11507→2026-07; 公司代號: 912000→twse; 公司名稱: 晨訊科-DR→1150817; 產業別: 存託憑證→11507
2026-09-06T08:13:42+08:00	revenue/2026-07.csv	9802	market: twse→9802; 出表日期: 1150817→鈺齊-KY; 資料年月: 11507→2026-07; 公司代號: 9802→twse; 公司名稱: 鈺齊-KY→1150817; 產業別: 運動休閒→11507
2026-09-06T08:13:42+08:00	revenue/2026-07.csv	9902	market: twse→9902; 出表日期: 1150817→台火; 資料年月: 11507→2026-07; 公司代號: 9902→twse; 公司名稱: 台火→1150817; 產業別: 其他→11507
2026-09-06T08:13:42+08:00	revenue/2026-07.csv	9904	market: twse→9904; 出表日期: 1150817→寶成; 資料年月: 11507→2026-07; 公司代號: 9904→twse; 公司名稱: 寶成→1150817; 產業別: 運動休閒→11507
2026-09-06T08:13:42+08:00	revenue/2026-07.csv	9905	market: twse→9905; 出表日期: 1150817→大華; 資料年月: 11507→2026-07; 公司代號: 9905→twse; 公司名稱: 大華→1150817; 產業別: 其他→11507
2026-09-06T08:13:42+08:00	revenue/2026-07.csv	9906	market: twse→9906; 出表日期: 1150817→欣巴巴; 資料年月: 11507→2026-07; 公司代號: 9906→twse; 公司名稱: 欣巴巴→1150817; 產業別: 建材營造→11507
2026-09-06T08:13:42+08:00	revenue/2026-07.csv	9907	market: twse→9907; 出表日期: 1150817→統一實; 資料年月: 11507→2026-07; 公司代號: 9907→twse; 公司名稱: 統一實→1150817; 產業別: 其他→11507
2026-09-06T08:13:42+08:00	revenue/2026-07.csv	9908	market: twse→9908; 出表日期: 1150817→大台北; 資料年月: 11507→2026-07; 公司代號: 9908→twse; 公司名稱: 大台北→1150817; 產業別: 油電燃氣業→11507
2026-09-06T08:13:42+08:00	revenue/2026-07.csv	9910	market: twse→9910; 出表日期: 1150817→豐泰; 資料年月: 11507→2026-07; 公司代號: 9910→twse; 公司名稱: 豐泰→1150817; 產業別: 運動休閒→11507
2026-09-06T08:13:42+08:00	revenue/2026-07.csv	9911	market: twse→9911; 出表日期: 1150817→櫻花; 資料年月: 11507→2026-07; 公司代號: 9911→twse; 公司名稱: 櫻花→1150817; 產業別: 居家生活→11507
2026-09-06T08:13:42+08:00	revenue/2026-07.csv	9912	market: twse→9912; 出表日期: 1150817→偉聯; 資料年月: 11507→2026-07; 公司代號: 9912→twse; 公司名稱: 偉聯→1150817; 產業別: 電腦及週邊設備業→11507
2026-09-06T08:13:42+08:00	revenue/2026-07.csv	9914	market: twse→9914; 出表日期: 1150817→美利達; 資料年月: 11507→2026-07; 公司代號: 9914→twse; 公司名稱: 美利達→1150817; 產業別: 運動休閒→11507
2026-09-06T08:13:42+08:00	revenue/2026-07.csv	9917	market: twse→9917; 出表日期: 1150817→中保科; 資料年月: 11507→2026-07; 公司代號: 9917→twse; 公司名稱: 中保科→1150817; 產業別: 其他→11507
2026-09-06T08:13:42+08:00	revenue/2026-07.csv	9918	market: twse→9918; 出表日期: 1150817→欣天然; 資料年月: 11507→2026-07; 公司代號: 9918→twse; 公司名稱: 欣天然→1150817; 產業別: 油電燃氣業→11507
2026-09-06T08:13:42+08:00	revenue/2026-07.csv	9919	market: twse→9919; 出表日期: 1150817→康那香; 資料年月: 11507→2026-07; 公司代號: 9919→twse; 公司名稱: 康那香→1150817; 產業別: 其他→11507
2026-09-06T08:13:42+08:00	revenue/2026-07.csv	9921	market: twse→9921; 出表日期: 1150817→巨大; 資料年月: 11507→2026-07; 公司代號: 9921→twse; 公司名稱: 巨大→1150817; 產業別: 運動休閒→11507
2026-09-06T08:13:42+08:00	revenue/2026-07.csv	9924	market: twse→9924; 出表日期: 1150817→福興; 資料年月: 11507→2026-07; 公司代號: 9924→twse; 公司名稱: 福興→1150817; 產業別: 居家生活→11507
2026-09-06T08:13:42+08:00	revenue/2026-07.csv	9925	market: twse→9925; 出表日期: 1150817→新保; 資料年月: 11507→2026-07; 公司代號: 9925→twse; 公司名稱: 新保→1150817; 產業別: 其他→11507
2026-09-06T08:13:42+08:00	revenue/2026-07.csv	9926	market: twse→9926; 出表日期: 1150817→新海; 資料年月: 11507→2026-07; 公司代號: 9926→twse; 公司名稱: 新海→1150817; 產業別: 油電燃氣業→11507
2026-09-06T08:13:42+08:00	revenue/2026-07.csv	9927	market: twse→9927; 出表日期: 1150817→泰銘; 資料年月: 11507→2026-07; 公司代號: 9927→twse; 公司名稱: 泰銘→1150817; 產業別: 其他→11507
2026-09-06T08:13:42+08:00	revenue/2026-07.csv	9928	market: twse→9928; 出表日期: 1150817→中視; 資料年月: 11507→2026-07; 公司代號: 9928→twse; 公司名稱: 中視→1150817; 產業別: 其他→11507
2026-09-06T08:13:42+08:00	revenue/2026-07.csv	9929	market: twse→9929; 出表日期: 1150817→秋雨; 資料年月: 11507→2026-07; 公司代號: 9929→twse; 公司名稱: 秋雨→1150817; 產業別: 其他→11507
2026-09-06T08:13:42+08:00	revenue/2026-07.csv	9930	market: twse→9930; 出表日期: 1150817→中聯資源; 資料年月: 11507→2026-07; 公司代號: 9930→twse; 公司名稱: 中聯資源→1150817; 產業別: 綠能環保→11507
2026-09-06T08:13:42+08:00	revenue/2026-07.csv	9931	market: twse→9931; 出表日期: 1150817→欣高; 資料年月: 11507→2026-07; 公司代號: 9931→twse; 公司名稱: 欣高→1150817; 產業別: 油電燃氣業→11507
2026-09-06T08:13:42+08:00	revenue/2026-07.csv	9933	market: twse→9933; 出表日期: 1150817→中鼎; 資料年月: 11507→2026-07; 公司代號: 9933→twse; 公司名稱: 中鼎→1150817; 產業別: 其他→11507
2026-09-06T08:13:42+08:00	revenue/2026-07.csv	9934	market: twse→9934; 出表日期: 1150817→成霖; 資料年月: 11507→2026-07; 公司代號: 9934→twse; 公司名稱: 成霖→1150817; 產業別: 居家生活→11507
2026-09-06T08:13:42+08:00	revenue/2026-07.csv	9935	market: twse→9935; 出表日期: 1150817→慶豐富; 資料年月: 11507→2026-07; 公司代號: 9935→twse; 公司名稱: 慶豐富→1150817; 產業別: 居家生活→11507
2026-09-06T08:13:42+08:00	revenue/2026-07.csv	9937	market: twse→9937; 出表日期: 1150817→全國; 資料年月: 11507→2026-07; 公司代號: 9937→twse; 公司名稱: 全國→1150817; 產業別: 油電燃氣業→11507
2026-09-06T08:13:42+08:00	revenue/2026-07.csv	9938	market: twse→9938; 出表日期: 1150817→百和; 資料年月: 11507→2026-07; 公司代號: 9938→twse; 公司名稱: 百和→1150817; 產業別: 其他→11507
2026-09-06T08:13:42+08:00	revenue/2026-07.csv	9939	market: twse→9939; 出表日期: 1150817→宏全; 資料年月: 11507→2026-07; 公司代號: 9939→twse; 公司名稱: 宏全→1150817; 產業別: 其他→11507
2026-09-06T08:13:42+08:00	revenue/2026-07.csv	9940	market: twse→9940; 出表日期: 1150817→信義; 資料年月: 11507→2026-07; 公司代號: 9940→twse; 公司名稱: 信義→1150817; 產業別: 其他→11507
2026-09-06T08:13:42+08:00	revenue/2026-07.csv	9941	market: twse→9941; 出表日期: 1150817→裕融; 資料年月: 11507→2026-07; 公司代號: 9941→twse; 公司名稱: 裕融→1150817; 產業別: 其他→11507
2026-09-06T08:13:42+08:00	revenue/2026-07.csv	9942	market: twse→9942; 出表日期: 1150817→茂順; 資料年月: 11507→2026-07; 公司代號: 9942→twse; 公司名稱: 茂順→1150817; 產業別: 其他→11507
2026-09-06T08:13:42+08:00	revenue/2026-07.csv	9943	market: twse→9943; 出表日期: 1150817→好樂迪; 資料年月: 11507→2026-07; 公司代號: 9943→twse; 公司名稱: 好樂迪→1150817; 產業別: 觀光餐旅→11507
2026-09-06T08:13:42+08:00	revenue/2026-07.csv	9944	market: twse→9944; 出表日期: 1150817→新麗; 資料年月: 11507→2026-07; 公司代號: 9944→twse; 公司名稱: 新麗→1150817; 產業別: 其他→11507
2026-09-06T08:13:42+08:00	revenue/2026-07.csv	9945	market: twse→9945; 出表日期: 1150817→潤泰新; 資料年月: 11507→2026-07; 公司代號: 9945→twse; 公司名稱: 潤泰新→1150817; 產業別: 其他→11507
2026-09-06T08:13:42+08:00	revenue/2026-07.csv	9946	market: twse→9946; 出表日期: 1150817→三發地產; 資料年月: 11507→2026-07; 公司代號: 9946→twse; 公司名稱: 三發地產→1150817; 產業別: 建材營造→11507
2026-09-06T08:13:42+08:00	revenue/2026-07.csv	9949	market: tpex→9949; 出表日期: 1150817→琉園; 資料年月: 11507→2026-07; 公司代號: 9949→tpex; 公司名稱: 琉園→1150817; 產業別: 文化創意業→11507
2026-09-06T08:13:42+08:00	revenue/2026-07.csv	9950	market: tpex→9950; 出表日期: 1150817→萬國通; 資料年月: 11507→2026-07; 公司代號: 9950→tpex; 公司名稱: 萬國通→1150817; 產業別: 塑膠工業→11507
2026-09-06T08:13:42+08:00	revenue/2026-07.csv	9951	market: tpex→9951; 出表日期: 1150817→皇田; 資料年月: 11507→2026-07; 公司代號: 9951→tpex; 公司名稱: 皇田→1150817; 產業別: 電機機械→11507
2026-09-06T08:13:42+08:00	revenue/2026-07.csv	9955	market: twse→9955; 出表日期: 1150817→佳龍; 資料年月: 11507→2026-07; 公司代號: 9955→twse; 公司名稱: 佳龍→1150817; 產業別: 綠能環保→11507
2026-09-06T08:13:42+08:00	revenue/2026-07.csv	9958	market: twse→9958; 出表日期: 1150817→世紀鋼; 資料年月: 11507→2026-07; 公司代號: 9958→twse; 公司名稱: 世紀鋼→1150817; 產業別: 鋼鐵工業→11507
2026-09-06T08:13:42+08:00	revenue/2026-07.csv	9960	market: tpex→9960; 出表日期: 1150817→邁達康; 資料年月: 11507→2026-07; 公司代號: 9960→tpex; 公司名稱: 邁達康→1150817; 產業別: 運動休閒→11507
2026-09-06T08:13:42+08:00	revenue/2026-07.csv	9962	market: tpex→9962; 出表日期: 1150817→有益; 資料年月: 11507→2026-07; 公司代號: 9962→tpex; 公司名稱: 有益→1150817; 產業別: 鋼鐵工業→11507
2026-09-06T08:13:57+08:00	fs/2026Q2_ci.csv		market: tpex→9962; 出表日期: →有益; 年度: →2026Q2; 季別: →tpex; 營業收入: 903745.00→; 營業成本: 836341.00→
2026-09-06T08:13:57+08:00	fs/2026Q2_ci.csv	1101	market: twse→1101; 出表日期: 1150906→台泥; 年度: 115→2026Q2; 季別: 2→twse; 公司代號: 1101→1150906; 公司名稱: 台泥→115
2026-09-06T08:13:57+08:00	fs/2026Q2_ci.csv	1102	market: twse→1102; 出表日期: 1150906→亞泥; 年度: 115→2026Q2; 季別: 2→twse; 公司代號: 1102→1150906; 公司名稱: 亞泥→115
2026-09-06T08:13:57+08:00	fs/2026Q2_ci.csv	1103	market: twse→1103; 出表日期: 1150906→嘉泥; 年度: 115→2026Q2; 季別: 2→twse; 公司代號: 1103→1150906; 公司名稱: 嘉泥→115
2026-09-06T08:13:57+08:00	fs/2026Q2_ci.csv	1104	market: twse→1104; 出表日期: 1150906→環泥; 年度: 115→2026Q2; 季別: 2→twse; 公司代號: 1104→1150906; 公司名稱: 環泥→115
2026-09-06T08:13:57+08:00	fs/2026Q2_ci.csv	1108	market: twse→1108; 出表日期: 1150906→幸福; 年度: 115→2026Q2; 季別: 2→twse; 公司代號: 1108→1150906; 公司名稱: 幸福→115
2026-09-06T08:13:57+08:00	fs/2026Q2_ci.csv	1109	market: twse→1109; 出表日期: 1150906→信大; 年度: 115→2026Q2; 季別: 2→twse; 公司代號: 1109→1150906; 公司名稱: 信大→115
2026-09-06T08:13:57+08:00	fs/2026Q2_ci.csv	1110	market: twse→1110; 出表日期: 1150906→東泥; 年度: 115→2026Q2; 季別: 2→twse; 公司代號: 1110→1150906; 公司名稱: 東泥→115
2026-09-06T08:13:57+08:00	fs/2026Q2_ci.csv	1201	market: twse→1201; 出表日期: 1150906→味全; 年度: 115→2026Q2; 季別: 2→twse; 公司代號: 1201→1150906; 公司名稱: 味全→115
2026-09-06T08:13:57+08:00	fs/2026Q2_ci.csv	1203	market: twse→1203; 出表日期: 1150906→味王; 年度: 115→2026Q2; 季別: 2→twse; 公司代號: 1203→1150906; 公司名稱: 味王→115
2026-09-06T08:13:57+08:00	fs/2026Q2_ci.csv	1210	market: twse→1210; 出表日期: 1150906→大成; 年度: 115→2026Q2; 季別: 2→twse; 公司代號: 1210→1150906; 公司名稱: 大成→115
2026-09-06T08:13:57+08:00	fs/2026Q2_ci.csv	1213	market: twse→1213; 出表日期: 1150906→大飲; 年度: 115→2026Q2; 季別: 2→twse; 公司代號: 1213→1150906; 公司名稱: 大飲→115
2026-09-06T08:13:57+08:00	fs/2026Q2_ci.csv	1215	market: twse→1215; 出表日期: 1150906→卜蜂; 年度: 115→2026Q2; 季別: 2→twse; 公司代號: 1215→1150906; 公司名稱: 卜蜂→115
2026-09-06T08:13:57+08:00	fs/2026Q2_ci.csv	1216	market: twse→1216; 出表日期: 1150906→統一; 年度: 115→2026Q2; 季別: 2→twse; 公司代號: 1216→1150906; 公司名稱: 統一→115
2026-09-06T08:13:57+08:00	fs/2026Q2_ci.csv	1217	market: twse→1217; 出表日期: 1150906→愛之味; 年度: 115→2026Q2; 季別: 2→twse; 公司代號: 1217→1150906; 公司名稱: 愛之味→115
2026-09-06T08:13:57+08:00	fs/2026Q2_ci.csv	1218	market: twse→1218; 出表日期: 1150906→泰山; 年度: 115→2026Q2; 季別: 2→twse; 公司代號: 1218→1150906; 公司名稱: 泰山→115
2026-09-06T08:13:57+08:00	fs/2026Q2_ci.csv	1219	market: twse→1219; 出表日期: 1150906→福壽; 年度: 115→2026Q2; 季別: 2→twse; 公司代號: 1219→1150906; 公司名稱: 福壽→115
2026-09-06T08:13:57+08:00	fs/2026Q2_ci.csv	1220	market: twse→1220; 出表日期: 1150906→台榮; 年度: 115→2026Q2; 季別: 2→twse; 公司代號: 1220→1150906; 公司名稱: 台榮→115
2026-09-06T08:13:57+08:00	fs/2026Q2_ci.csv	1225	market: twse→1225; 出表日期: 1150906→福懋油; 年度: 115→2026Q2; 季別: 2→twse; 公司代號: 1225→1150906; 公司名稱: 福懋油→115
2026-09-06T08:13:57+08:00	fs/2026Q2_ci.csv	1227	market: twse→1227; 出表日期: 1150906→佳格; 年度: 115→2026Q2; 季別: 2→twse; 公司代號: 1227→1150906; 公司名稱: 佳格→115
2026-09-06T08:13:57+08:00	fs/2026Q2_ci.csv	1229	market: twse→1229; 出表日期: 1150906→聯華; 年度: 115→2026Q2; 季別: 2→twse; 公司代號: 1229→1150906; 公司名稱: 聯華→115
2026-09-06T08:13:57+08:00	fs/2026Q2_ci.csv	1231	market: twse→1231; 出表日期: 1150906→聯華食; 年度: 115→2026Q2; 季別: 2→twse; 公司代號: 1231→1150906; 公司名稱: 聯華食→115
2026-09-06T08:13:57+08:00	fs/2026Q2_ci.csv	1232	market: twse→1232; 出表日期: 1150906→大統益; 年度: 115→2026Q2; 季別: 2→twse; 公司代號: 1232→1150906; 公司名稱: 大統益→115
2026-09-06T08:13:57+08:00	fs/2026Q2_ci.csv	1233	market: twse→1233; 出表日期: 1150906→天仁; 年度: 115→2026Q2; 季別: 2→twse; 公司代號: 1233→1150906; 公司名稱: 天仁→115
2026-09-06T08:13:57+08:00	fs/2026Q2_ci.csv	1234	market: twse→1234; 出表日期: 1150906→黑松; 年度: 115→2026Q2; 季別: 2→twse; 公司代號: 1234→1150906; 公司名稱: 黑松→115
2026-09-06T08:13:57+08:00	fs/2026Q2_ci.csv	1235	market: twse→1235; 出表日期: 1150906→興泰; 年度: 115→2026Q2; 季別: 2→twse; 公司代號: 1235→1150906; 公司名稱: 興泰→115
2026-09-06T08:13:57+08:00	fs/2026Q2_ci.csv	1236	market: twse→1236; 出表日期: 1150906→宏亞; 年度: 115→2026Q2; 季別: 2→twse; 公司代號: 1236→1150906; 公司名稱: 宏亞→115
2026-09-06T08:13:57+08:00	fs/2026Q2_ci.csv	1256	market: twse→1256; 出表日期: 1150906→鮮活果汁-KY; 年度: 115→2026Q2; 季別: 2→twse; 公司代號: 1256→1150906; 公司名稱: 鮮活果汁-KY→115
2026-09-06T08:13:57+08:00	fs/2026Q2_ci.csv	1301	market: twse→1301; 出表日期: 1150906→台塑; 年度: 115→2026Q2; 季別: 2→twse; 公司代號: 1301→1150906; 公司名稱: 台塑→115
2026-09-06T08:13:57+08:00	fs/2026Q2_ci.csv	1303	market: twse→1303; 出表日期: 1150906→南亞; 年度: 115→2026Q2; 季別: 2→twse; 公司代號: 1303→1150906; 公司名稱: 南亞→115
2026-09-06T08:13:57+08:00	fs/2026Q2_ci.csv	1304	market: twse→1304; 出表日期: 1150906→台聚; 年度: 115→2026Q2; 季別: 2→twse; 公司代號: 1304→1150906; 公司名稱: 台聚→115
2026-09-06T08:13:57+08:00	fs/2026Q2_ci.csv	1305	market: twse→1305; 出表日期: 1150906→華夏; 年度: 115→2026Q2; 季別: 2→twse; 公司代號: 1305→1150906; 公司名稱: 華夏→115
2026-09-06T08:13:57+08:00	fs/2026Q2_ci.csv	1307	market: twse→1307; 出表日期: 1150906→三芳; 年度: 115→2026Q2; 季別: 2→twse; 公司代號: 1307→1150906; 公司名稱: 三芳→115
2026-09-06T08:13:57+08:00	fs/2026Q2_ci.csv	1308	market: twse→1308; 出表日期: 1150906→亞聚; 年度: 115→2026Q2; 季別: 2→twse; 公司代號: 1308→1150906; 公司名稱: 亞聚→115
2026-09-06T08:13:57+08:00	fs/2026Q2_ci.csv	1309	market: twse→1309; 出表日期: 1150906→台達化; 年度: 115→2026Q2; 季別: 2→twse; 公司代號: 1309→1150906; 公司名稱: 台達化→115
2026-09-06T08:13:57+08:00	fs/2026Q2_ci.csv	1310	market: twse→1310; 出表日期: 1150906→台苯; 年度: 115→2026Q2; 季別: 2→twse; 公司代號: 1310→1150906; 公司名稱: 台苯→115
2026-09-06T08:13:57+08:00	fs/2026Q2_ci.csv	1312	market: twse→1312; 出表日期: 1150906→國喬; 年度: 115→2026Q2; 季別: 2→twse; 公司代號: 1312→1150906; 公司名稱: 國喬→115
2026-09-06T08:13:57+08:00	fs/2026Q2_ci.csv	1313	market: twse→1313; 出表日期: 1150906→聯成; 年度: 115→2026Q2; 季別: 2→twse; 公司代號: 1313→1150906; 公司名稱: 聯成→115
2026-09-06T08:13:57+08:00	fs/2026Q2_ci.csv	1314	market: twse→1314; 出表日期: 1150906→中石化; 年度: 115→2026Q2; 季別: 2→twse; 公司代號: 1314→1150906; 公司名稱: 中石化→115
2026-09-06T08:13:57+08:00	fs/2026Q2_ci.csv	1315	market: twse→1315; 出表日期: 1150906→達新; 年度: 115→2026Q2; 季別: 2→twse; 公司代號: 1315→1150906; 公司名稱: 達新→115
2026-09-06T08:13:57+08:00	fs/2026Q2_ci.csv	1316	market: twse→1316; 出表日期: 1150906→上曜; 年度: 115→2026Q2; 季別: 2→twse; 公司代號: 1316→1150906; 公司名稱: 上曜→115
2026-09-06T08:13:57+08:00	fs/2026Q2_ci.csv	1319	market: twse→1319; 出表日期: 1150906→東陽; 年度: 115→2026Q2; 季別: 2→twse; 公司代號: 1319→1150906; 公司名稱: 東陽→115
2026-09-06T08:13:57+08:00	fs/2026Q2_ci.csv	1321	market: twse→1321; 出表日期: 1150906→大洋; 年度: 115→2026Q2; 季別: 2→twse; 公司代號: 1321→1150906; 公司名稱: 大洋→115
2026-09-06T08:13:57+08:00	fs/2026Q2_ci.csv	1323	market: twse→1323; 出表日期: 1150906→永裕; 年度: 115→2026Q2; 季別: 2→twse; 公司代號: 1323→1150906; 公司名稱: 永裕→115
2026-09-06T08:13:57+08:00	fs/2026Q2_ci.csv	1324	market: twse→1324; 出表日期: 1150906→地球; 年度: 115→2026Q2; 季別: 2→twse; 公司代號: 1324→1150906; 公司名稱: 地球→115
2026-09-06T08:13:57+08:00	fs/2026Q2_ci.csv	1325	market: twse→1325; 出表日期: 1150906→恆大; 年度: 115→2026Q2; 季別: 2→twse; 公司代號: 1325→1150906; 公司名稱: 恆大→115
2026-09-06T08:13:57+08:00	fs/2026Q2_ci.csv	1326	market: twse→1326; 出表日期: 1150906→台化; 年度: 115→2026Q2; 季別: 2→twse; 公司代號: 1326→1150906; 公司名稱: 台化→115
2026-09-06T08:13:57+08:00	fs/2026Q2_ci.csv	1337	market: twse→1337; 出表日期: 1150906→再生-KY; 年度: 115→2026Q2; 季別: 2→twse; 公司代號: 1337→1150906; 公司名稱: 再生-KY→115
2026-09-06T08:13:57+08:00	fs/2026Q2_ci.csv	1338	market: twse→1338; 出表日期: 1150906→廣華-KY; 年度: 115→2026Q2; 季別: 2→twse; 公司代號: 1338→1150906; 公司名稱: 廣華-KY→115
2026-09-06T08:13:57+08:00	fs/2026Q2_ci.csv	1339	market: twse→1339; 出表日期: 1150906→昭輝; 年度: 115→2026Q2; 季別: 2→twse; 公司代號: 1339→1150906; 公司名稱: 昭輝→115
2026-09-06T08:13:57+08:00	fs/2026Q2_ci.csv	1340	market: twse→1340; 出表日期: 1150906→勝悅-KY; 年度: 115→2026Q2; 季別: 2→twse; 公司代號: 1340→1150906; 公司名稱: 勝悅-KY→115
2026-09-06T08:13:57+08:00	fs/2026Q2_ci.csv	1341	market: twse→1341; 出表日期: 1150906→富林-KY; 年度: 115→2026Q2; 季別: 2→twse; 公司代號: 1341→1150906; 公司名稱: 富林-KY→115
2026-09-06T08:13:57+08:00	fs/2026Q2_ci.csv	1342	market: twse→1342; 出表日期: 1150906→八貫; 年度: 115→2026Q2; 季別: 2→twse; 公司代號: 1342→1150906; 公司名稱: 八貫→115
2026-09-06T08:13:57+08:00	fs/2026Q2_ci.csv	1402	market: twse→1402; 出表日期: 1150906→遠東新; 年度: 115→2026Q2; 季別: 2→twse; 公司代號: 1402→1150906; 公司名稱: 遠東新→115
2026-09-06T08:13:57+08:00	fs/2026Q2_ci.csv	1410	market: twse→1410; 出表日期: 1150906→南染; 年度: 115→2026Q2; 季別: 2→twse; 公司代號: 1410→1150906; 公司名稱: 南染→115
2026-09-06T08:13:57+08:00	fs/2026Q2_ci.csv	1413	market: twse→1413; 出表日期: 1150906→宏洲; 年度: 115→2026Q2; 季別: 2→twse; 公司代號: 1413→1150906; 公司名稱: 宏洲→115
2026-09-06T08:13:57+08:00	fs/2026Q2_ci.csv	1414	market: twse→1414; 出表日期: 1150906→東和; 年度: 115→2026Q2; 季別: 2→twse; 公司代號: 1414→1150906; 公司名稱: 東和→115
2026-09-06T08:13:57+08:00	fs/2026Q2_ci.csv	1416	market: twse→1416; 出表日期: 1150906→廣豐; 年度: 115→2026Q2; 季別: 2→twse; 公司代號: 1416→1150906; 公司名稱: 廣豐→115
2026-09-06T08:13:57+08:00	fs/2026Q2_ci.csv	1417	market: twse→1417; 出表日期: 1150906→嘉裕; 年度: 115→2026Q2; 季別: 2→twse; 公司代號: 1417→1150906; 公司名稱: 嘉裕→115
2026-09-06T08:13:57+08:00	fs/2026Q2_ci.csv	1418	market: twse→1418; 出表日期: 1150906→東華; 年度: 115→2026Q2; 季別: 2→twse; 公司代號: 1418→1150906; 公司名稱: 東華→115
2026-09-06T08:13:57+08:00	fs/2026Q2_ci.csv	1419	market: twse→1419; 出表日期: 1150906→新紡; 年度: 115→2026Q2; 季別: 2→twse; 公司代號: 1419→1150906; 公司名稱: 新紡→115
2026-09-06T08:13:57+08:00	fs/2026Q2_ci.csv	1423	market: twse→1423; 出表日期: 1150906→利華; 年度: 115→2026Q2; 季別: 2→twse; 公司代號: 1423→1150906; 公司名稱: 利華→115
2026-09-06T08:13:57+08:00	fs/2026Q2_ci.csv	1432	market: twse→1432; 出表日期: 1150906→大魯閣; 年度: 115→2026Q2; 季別: 2→twse; 公司代號: 1432→1150906; 公司名稱: 大魯閣→115
2026-09-06T08:13:57+08:00	fs/2026Q2_ci.csv	1434	market: twse→1434; 出表日期: 1150906→福懋; 年度: 115→2026Q2; 季別: 2→twse; 公司代號: 1434→1150906; 公司名稱: 福懋→115
2026-09-06T08:13:57+08:00	fs/2026Q2_ci.csv	1435	market: twse→1435; 出表日期: 1150906→中福; 年度: 115→2026Q2; 季別: 2→twse; 公司代號: 1435→1150906; 公司名稱: 中福→115
2026-09-06T08:13:57+08:00	fs/2026Q2_ci.csv	1436	market: twse→1436; 出表日期: 1150906→華友聯; 年度: 115→2026Q2; 季別: 2→twse; 公司代號: 1436→1150906; 公司名稱: 華友聯→115
2026-09-06T08:13:57+08:00	fs/2026Q2_ci.csv	1437	market: twse→1437; 出表日期: 1150906→勤益控; 年度: 115→2026Q2; 季別: 2→twse; 公司代號: 1437→1150906; 公司名稱: 勤益控→115
2026-09-06T08:13:57+08:00	fs/2026Q2_ci.csv	1438	market: twse→1438; 出表日期: 1150906→三地開發; 年度: 115→2026Q2; 季別: 2→twse; 公司代號: 1438→1150906; 公司名稱: 三地開發→115
2026-09-06T08:13:57+08:00	fs/2026Q2_ci.csv	1439	market: twse→1439; 出表日期: 1150906→雋揚; 年度: 115→2026Q2; 季別: 2→twse; 公司代號: 1439→1150906; 公司名稱: 雋揚→115
2026-09-06T08:13:57+08:00	fs/2026Q2_ci.csv	1440	market: twse→1440; 出表日期: 1150906→南紡; 年度: 115→2026Q2; 季別: 2→twse; 公司代號: 1440→1150906; 公司名稱: 南紡→115
2026-09-06T08:13:57+08:00	fs/2026Q2_ci.csv	1441	market: twse→1441; 出表日期: 1150906→大東; 年度: 115→2026Q2; 季別: 2→twse; 公司代號: 1441→1150906; 公司名稱: 大東→115
2026-09-06T08:13:57+08:00	fs/2026Q2_ci.csv	1442	market: twse→1442; 出表日期: 1150906→名軒; 年度: 115→2026Q2; 季別: 2→twse; 公司代號: 1442→1150906; 公司名稱: 名軒→115
2026-09-06T08:13:57+08:00	fs/2026Q2_ci.csv	1443	market: twse→1443; 出表日期: 1150906→立益物流; 年度: 115→2026Q2; 季別: 2→twse; 公司代號: 1443→1150906; 公司名稱: 立益物流→115
2026-09-06T08:13:57+08:00	fs/2026Q2_ci.csv	1444	market: twse→1444; 出表日期: 1150906→力麗; 年度: 115→2026Q2; 季別: 2→twse; 公司代號: 1444→1150906; 公司名稱: 力麗→115
2026-09-06T08:13:57+08:00	fs/2026Q2_ci.csv	1445	market: twse→1445; 出表日期: 1150906→大宇; 年度: 115→2026Q2; 季別: 2→twse; 公司代號: 1445→1150906; 公司名稱: 大宇→115
2026-09-06T08:13:57+08:00	fs/2026Q2_ci.csv	1446	market: twse→1446; 出表日期: 1150906→宏和; 年度: 115→2026Q2; 季別: 2→twse; 公司代號: 1446→1150906; 公司名稱: 宏和→115
2026-09-06T08:13:57+08:00	fs/2026Q2_ci.csv	1447	market: twse→1447; 出表日期: 1150906→力鵬; 年度: 115→2026Q2; 季別: 2→twse; 公司代號: 1447→1150906; 公司名稱: 力鵬→115
2026-09-06T08:13:57+08:00	fs/2026Q2_ci.csv	1449	market: twse→1449; 出表日期: 1150906→佳和; 年度: 115→2026Q2; 季別: 2→twse; 公司代號: 1449→1150906; 公司名稱: 佳和→115
2026-09-06T08:13:57+08:00	fs/2026Q2_ci.csv	1451	market: twse→1451; 出表日期: 1150906→年興; 年度: 115→2026Q2; 季別: 2→twse; 公司代號: 1451→1150906; 公司名稱: 年興→115
2026-09-06T08:13:57+08:00	fs/2026Q2_ci.csv	1452	market: twse→1452; 出表日期: 1150906→宏益; 年度: 115→2026Q2; 季別: 2→twse; 公司代號: 1452→1150906; 公司名稱: 宏益→115
2026-09-06T08:13:57+08:00	fs/2026Q2_ci.csv	1453	market: twse→1453; 出表日期: 1150906→大將; 年度: 115→2026Q2; 季別: 2→twse; 公司代號: 1453→1150906; 公司名稱: 大將→115
2026-09-06T08:13:57+08:00	fs/2026Q2_ci.csv	1454	market: twse→1454; 出表日期: 1150906→台富; 年度: 115→2026Q2; 季別: 2→twse; 公司代號: 1454→1150906; 公司名稱: 台富→115
2026-09-06T08:13:57+08:00	fs/2026Q2_ci.csv	1455	market: twse→1455; 出表日期: 1150906→集盛; 年度: 115→2026Q2; 季別: 2→twse; 公司代號: 1455→1150906; 公司名稱: 集盛→115
2026-09-06T08:13:57+08:00	fs/2026Q2_ci.csv	1456	market: twse→1456; 出表日期: 1150906→怡華; 年度: 115→2026Q2; 季別: 2→twse; 公司代號: 1456→1150906; 公司名稱: 怡華→115
2026-09-06T08:13:57+08:00	fs/2026Q2_ci.csv	1457	market: twse→1457; 出表日期: 1150906→宜進; 年度: 115→2026Q2; 季別: 2→twse; 公司代號: 1457→1150906; 公司名稱: 宜進→115
2026-09-06T08:13:57+08:00	fs/2026Q2_ci.csv	1459	market: twse→1459; 出表日期: 1150906→聯發; 年度: 115→2026Q2; 季別: 2→twse; 公司代號: 1459→1150906; 公司名稱: 聯發→115
2026-09-06T08:13:57+08:00	fs/2026Q2_ci.csv	1460	market: twse→1460; 出表日期: 1150906→宏遠; 年度: 115→2026Q2; 季別: 2→twse; 公司代號: 1460→1150906; 公司名稱: 宏遠→115
2026-09-06T08:13:57+08:00	fs/2026Q2_ci.csv	1463	market: twse→1463; 出表日期: 1150906→強盛新; 年度: 115→2026Q2; 季別: 2→twse; 公司代號: 1463→1150906; 公司名稱: 強盛新→115
2026-09-06T08:13:57+08:00	fs/2026Q2_ci.csv	1464	market: twse→1464; 出表日期: 1150906→得力; 年度: 115→2026Q2; 季別: 2→twse; 公司代號: 1464→1150906; 公司名稱: 得力→115
2026-09-06T08:13:57+08:00	fs/2026Q2_ci.csv	1465	market: twse→1465; 出表日期: 1150906→偉全; 年度: 115→2026Q2; 季別: 2→twse; 公司代號: 1465→1150906; 公司名稱: 偉全→115
2026-09-06T08:13:57+08:00	fs/2026Q2_ci.csv	1466	market: twse→1466; 出表日期: 1150906→聚隆; 年度: 115→2026Q2; 季別: 2→twse; 公司代號: 1466→1150906; 公司名稱: 聚隆→115
2026-09-06T08:13:57+08:00	fs/2026Q2_ci.csv	1467	market: twse→1467; 出表日期: 1150906→南緯; 年度: 115→2026Q2; 季別: 2→twse; 公司代號: 1467→1150906; 公司名稱: 南緯→115
2026-09-06T08:13:57+08:00	fs/2026Q2_ci.csv	1468	market: twse→1468; 出表日期: 1150906→昶和; 年度: 115→2026Q2; 季別: 2→twse; 公司代號: 1468→1150906; 公司名稱: 昶和→115
2026-09-06T08:13:57+08:00	fs/2026Q2_ci.csv	1470	market: twse→1470; 出表日期: 1150906→大統新創; 年度: 115→2026Q2; 季別: 2→twse; 公司代號: 1470→1150906; 公司名稱: 大統新創→115
2026-09-06T08:13:57+08:00	fs/2026Q2_ci.csv	1471	market: twse→1471; 出表日期: 1150906→首利; 年度: 115→2026Q2; 季別: 2→twse; 公司代號: 1471→1150906; 公司名稱: 首利→115
2026-09-06T08:13:57+08:00	fs/2026Q2_ci.csv	1472	market: twse→1472; 出表日期: 1150906→三洋實業; 年度: 115→2026Q2; 季別: 2→twse; 公司代號: 1472→1150906; 公司名稱: 三洋實業→115
2026-09-06T08:13:57+08:00	fs/2026Q2_ci.csv	1473	market: twse→1473; 出表日期: 1150906→台南; 年度: 115→2026Q2; 季別: 2→twse; 公司代號: 1473→1150906; 公司名稱: 台南→115
2026-09-06T08:13:57+08:00	fs/2026Q2_ci.csv	1474	market: twse→1474; 出表日期: 1150906→弘裕; 年度: 115→2026Q2; 季別: 2→twse; 公司代號: 1474→1150906; 公司名稱: 弘裕→115
2026-09-06T08:13:57+08:00	fs/2026Q2_ci.csv	1475	market: twse→1475; 出表日期: 1150906→業旺; 年度: 115→2026Q2; 季別: 2→twse; 公司代號: 1475→1150906; 公司名稱: 業旺→115
2026-09-06T08:13:57+08:00	fs/2026Q2_ci.csv	1476	market: twse→1476; 出表日期: 1150906→儒鴻; 年度: 115→2026Q2; 季別: 2→twse; 公司代號: 1476→1150906; 公司名稱: 儒鴻→115
2026-09-06T08:13:57+08:00	fs/2026Q2_ci.csv	1477	market: twse→1477; 出表日期: 1150906→聚陽; 年度: 115→2026Q2; 季別: 2→twse; 公司代號: 1477→1150906; 公司名稱: 聚陽→115
2026-09-06T08:13:57+08:00	fs/2026Q2_ci.csv	1503	market: twse→1503; 出表日期: 1150906→士電; 年度: 115→2026Q2; 季別: 2→twse; 公司代號: 1503→1150906; 公司名稱: 士電→115
2026-09-06T08:13:57+08:00	fs/2026Q2_ci.csv	1504	market: twse→1504; 出表日期: 1150906→東元; 年度: 115→2026Q2; 季別: 2→twse; 公司代號: 1504→1150906; 公司名稱: 東元→115
2026-09-06T08:13:57+08:00	fs/2026Q2_ci.csv	1506	market: twse→1506; 出表日期: 1150906→正道; 年度: 115→2026Q2; 季別: 2→twse; 公司代號: 1506→1150906; 公司名稱: 正道→115
2026-09-06T08:13:57+08:00	fs/2026Q2_ci.csv	1512	market: twse→1512; 出表日期: 1150906→瑞利; 年度: 115→2026Q2; 季別: 2→twse; 公司代號: 1512→1150906; 公司名稱: 瑞利→115
2026-09-06T08:13:57+08:00	fs/2026Q2_ci.csv	1513	market: twse→1513; 出表日期: 1150906→中興電; 年度: 115→2026Q2; 季別: 2→twse; 公司代號: 1513→1150906; 公司名稱: 中興電→115
2026-09-06T08:13:57+08:00	fs/2026Q2_ci.csv	1514	market: twse→1514; 出表日期: 1150906→亞力; 年度: 115→2026Q2; 季別: 2→twse; 公司代號: 1514→1150906; 公司名稱: 亞力→115
2026-09-06T08:13:57+08:00	fs/2026Q2_ci.csv	1515	market: twse→1515; 出表日期: 1150906→力山; 年度: 115→2026Q2; 季別: 2→twse; 公司代號: 1515→1150906; 公司名稱: 力山→115
2026-09-06T08:13:57+08:00	fs/2026Q2_ci.csv	1516	market: twse→1516; 出表日期: 1150906→川飛; 年度: 115→2026Q2; 季別: 2→twse; 公司代號: 1516→1150906; 公司名稱: 川飛→115
2026-09-06T08:13:57+08:00	fs/2026Q2_ci.csv	1517	market: twse→1517; 出表日期: 1150906→利奇; 年度: 115→2026Q2; 季別: 2→twse; 公司代號: 1517→1150906; 公司名稱: 利奇→115
2026-09-06T08:13:57+08:00	fs/2026Q2_ci.csv	1519	market: twse→1519; 出表日期: 1150906→華城; 年度: 115→2026Q2; 季別: 2→twse; 公司代號: 1519→1150906; 公司名稱: 華城→115
2026-09-06T08:13:57+08:00	fs/2026Q2_ci.csv	1521	market: twse→1521; 出表日期: 1150906→大億; 年度: 115→2026Q2; 季別: 2→twse; 公司代號: 1521→1150906; 公司名稱: 大億→115
2026-09-06T08:13:57+08:00	fs/2026Q2_ci.csv	1522	market: twse→1522; 出表日期: 1150906→堤維西; 年度: 115→2026Q2; 季別: 2→twse; 公司代號: 1522→1150906; 公司名稱: 堤維西→115
2026-09-06T08:13:57+08:00	fs/2026Q2_ci.csv	1524	market: twse→1524; 出表日期: 1150906→耿鼎; 年度: 115→2026Q2; 季別: 2→twse; 公司代號: 1524→1150906; 公司名稱: 耿鼎→115
2026-09-06T08:13:57+08:00	fs/2026Q2_ci.csv	1525	market: twse→1525; 出表日期: 1150906→江申; 年度: 115→2026Q2; 季別: 2→twse; 公司代號: 1525→1150906; 公司名稱: 江申→115
2026-09-06T08:13:57+08:00	fs/2026Q2_ci.csv	1526	market: twse→1526; 出表日期: 1150906→日馳; 年度: 115→2026Q2; 季別: 2→twse; 公司代號: 1526→1150906; 公司名稱: 日馳→115
2026-09-06T08:13:57+08:00	fs/2026Q2_ci.csv	1527	market: twse→1527; 出表日期: 1150906→鑽全; 年度: 115→2026Q2; 季別: 2→twse; 公司代號: 1527→1150906; 公司名稱: 鑽全→115
2026-09-06T08:13:57+08:00	fs/2026Q2_ci.csv	1528	market: twse→1528; 出表日期: 1150906→恩德; 年度: 115→2026Q2; 季別: 2→twse; 公司代號: 1528→1150906; 公司名稱: 恩德→115
2026-09-06T08:13:57+08:00	fs/2026Q2_ci.csv	1529	market: twse→1529; 出表日期: 1150906→樂事綠能; 年度: 115→2026Q2; 季別: 2→twse; 公司代號: 1529→1150906; 公司名稱: 樂事綠能→115
2026-09-06T08:13:57+08:00	fs/2026Q2_ci.csv	1530	market: twse→1530; 出表日期: 1150906→亞崴; 年度: 115→2026Q2; 季別: 2→twse; 公司代號: 1530→1150906; 公司名稱: 亞崴→115
2026-09-06T08:13:57+08:00	fs/2026Q2_ci.csv	1531	market: twse→1531; 出表日期: 1150906→高林股; 年度: 115→2026Q2; 季別: 2→twse; 公司代號: 1531→1150906; 公司名稱: 高林股→115
2026-09-06T08:13:57+08:00	fs/2026Q2_ci.csv	1532	market: twse→1532; 出表日期: 1150906→勤美; 年度: 115→2026Q2; 季別: 2→twse; 公司代號: 1532→1150906; 公司名稱: 勤美→115
2026-09-06T08:13:57+08:00	fs/2026Q2_ci.csv	1533	market: twse→1533; 出表日期: 1150906→車王電; 年度: 115→2026Q2; 季別: 2→twse; 公司代號: 1533→1150906; 公司名稱: 車王電→115
2026-09-06T08:13:57+08:00	fs/2026Q2_ci.csv	1535	market: twse→1535; 出表日期: 1150906→中宇; 年度: 115→2026Q2; 季別: 2→twse; 公司代號: 1535→1150906; 公司名稱: 中宇→115
2026-09-06T08:13:57+08:00	fs/2026Q2_ci.csv	1536	market: twse→1536; 出表日期: 1150906→和大; 年度: 115→2026Q2; 季別: 2→twse; 公司代號: 1536→1150906; 公司名稱: 和大→115
2026-09-06T08:13:57+08:00	fs/2026Q2_ci.csv	1537	market: twse→1537; 出表日期: 1150906→廣隆; 年度: 115→2026Q2; 季別: 2→twse; 公司代號: 1537→1150906; 公司名稱: 廣隆→115
2026-09-06T08:13:57+08:00	fs/2026Q2_ci.csv	1538	market: twse→1538; 出表日期: 1150906→正峰; 年度: 115→2026Q2; 季別: 2→twse; 公司代號: 1538→1150906; 公司名稱: 正峰→115
2026-09-06T08:13:57+08:00	fs/2026Q2_ci.csv	1539	market: twse→1539; 出表日期: 1150906→巨庭; 年度: 115→2026Q2; 季別: 2→twse; 公司代號: 1539→1150906; 公司名稱: 巨庭→115
2026-09-06T08:13:57+08:00	fs/2026Q2_ci.csv	1540	market: twse→1540; 出表日期: 1150906→喬福; 年度: 115→2026Q2; 季別: 2→twse; 公司代號: 1540→1150906; 公司名稱: 喬福→115
2026-09-06T08:13:57+08:00	fs/2026Q2_ci.csv	1541	market: twse→1541; 出表日期: 1150906→錩泰; 年度: 115→2026Q2; 季別: 2→twse; 公司代號: 1541→1150906; 公司名稱: 錩泰→115
2026-09-06T08:13:57+08:00	fs/2026Q2_ci.csv	1558	market: twse→1558; 出表日期: 1150906→伸興; 年度: 115→2026Q2; 季別: 2→twse; 公司代號: 1558→1150906; 公司名稱: 伸興→115
2026-09-06T08:13:57+08:00	fs/2026Q2_ci.csv	1560	market: twse→1560; 出表日期: 1150906→中砂; 年度: 115→2026Q2; 季別: 2→twse; 公司代號: 1560→1150906; 公司名稱: 中砂→115
2026-09-06T08:13:57+08:00	fs/2026Q2_ci.csv	1563	market: twse→1563; 出表日期: 1150906→巧新; 年度: 115→2026Q2; 季別: 2→twse; 公司代號: 1563→1150906; 公司名稱: 巧新→115
2026-09-06T08:13:57+08:00	fs/2026Q2_ci.csv	1568	market: twse→1568; 出表日期: 1150906→倉佑; 年度: 115→2026Q2; 季別: 2→twse; 公司代號: 1568→1150906; 公司名稱: 倉佑→115
2026-09-06T08:13:57+08:00	fs/2026Q2_ci.csv	1582	market: twse→1582; 出表日期: 1150906→信錦; 年度: 115→2026Q2; 季別: 2→twse; 公司代號: 1582→1150906; 公司名稱: 信錦→115
2026-09-06T08:13:57+08:00	fs/2026Q2_ci.csv	1583	market: twse→1583; 出表日期: 1150906→程泰; 年度: 115→2026Q2; 季別: 2→twse; 公司代號: 1583→1150906; 公司名稱: 程泰→115
2026-09-06T08:13:57+08:00	fs/2026Q2_ci.csv	1587	market: twse→1587; 出表日期: 1150906→吉茂; 年度: 115→2026Q2; 季別: 2→twse; 公司代號: 1587→1150906; 公司名稱: 吉茂→115
2026-09-06T08:13:57+08:00	fs/2026Q2_ci.csv	1590	market: twse→1590; 出表日期: 1150906→亞德客-KY; 年度: 115→2026Q2; 季別: 2→twse; 公司代號: 1590→1150906; 公司名稱: 亞德客-KY→115
2026-09-06T08:13:57+08:00	fs/2026Q2_ci.csv	1597	market: twse→1597; 出表日期: 1150906→直得; 年度: 115→2026Q2; 季別: 2→twse; 公司代號: 1597→1150906; 公司名稱: 直得→115
2026-09-06T08:13:57+08:00	fs/2026Q2_ci.csv	1598	market: twse→1598; 出表日期: 1150906→岱宇; 年度: 115→2026Q2; 季別: 2→twse; 公司代號: 1598→1150906; 公司名稱: 岱宇→115
2026-09-06T08:13:57+08:00	fs/2026Q2_ci.csv	1603	market: twse→1603; 出表日期: 1150906→華電; 年度: 115→2026Q2; 季別: 2→twse; 公司代號: 1603→1150906; 公司名稱: 華電→115
2026-09-06T08:13:57+08:00	fs/2026Q2_ci.csv	1604	market: twse→1604; 出表日期: 1150906→聲寶; 年度: 115→2026Q2; 季別: 2→twse; 公司代號: 1604→1150906; 公司名稱: 聲寶→115
2026-09-06T08:13:57+08:00	fs/2026Q2_ci.csv	1605	market: twse→1605; 出表日期: 1150906→華新; 年度: 115→2026Q2; 季別: 2→twse; 公司代號: 1605→1150906; 公司名稱: 華新→115
2026-09-06T08:13:57+08:00	fs/2026Q2_ci.csv	1608	market: twse→1608; 出表日期: 1150906→華榮; 年度: 115→2026Q2; 季別: 2→twse; 公司代號: 1608→1150906; 公司名稱: 華榮→115
2026-09-06T08:13:57+08:00	fs/2026Q2_ci.csv	1609	market: twse→1609; 出表日期: 1150906→大亞; 年度: 115→2026Q2; 季別: 2→twse; 公司代號: 1609→1150906; 公司名稱: 大亞→115
2026-09-06T08:13:57+08:00	fs/2026Q2_ci.csv	1611	market: twse→1611; 出表日期: 1150906→中電; 年度: 115→2026Q2; 季別: 2→twse; 公司代號: 1611→1150906; 公司名稱: 中電→115
2026-09-06T08:13:57+08:00	fs/2026Q2_ci.csv	1612	market: twse→1612; 出表日期: 1150906→宏泰; 年度: 115→2026Q2; 季別: 2→twse; 公司代號: 1612→1150906; 公司名稱: 宏泰→115
2026-09-06T08:13:57+08:00	fs/2026Q2_ci.csv	1614	market: twse→1614; 出表日期: 1150906→三洋電; 年度: 115→2026Q2; 季別: 2→twse; 公司代號: 1614→1150906; 公司名稱: 三洋電→115
2026-09-06T08:13:57+08:00	fs/2026Q2_ci.csv	1615	market: twse→1615; 出表日期: 1150906→大山; 年度: 115→2026Q2; 季別: 2→twse; 公司代號: 1615→1150906; 公司名稱: 大山→115
2026-09-06T08:13:57+08:00	fs/2026Q2_ci.csv	1616	market: twse→1616; 出表日期: 1150906→億泰; 年度: 115→2026Q2; 季別: 2→twse; 公司代號: 1616→1150906; 公司名稱: 億泰→115
2026-09-06T08:13:57+08:00	fs/2026Q2_ci.csv	1617	market: twse→1617; 出表日期: 1150906→榮星; 年度: 115→2026Q2; 季別: 2→twse; 公司代號: 1617→1150906; 公司名稱: 榮星→115
2026-09-06T08:13:57+08:00	fs/2026Q2_ci.csv	1618	market: twse→1618; 出表日期: 1150906→合機; 年度: 115→2026Q2; 季別: 2→twse; 公司代號: 1618→1150906; 公司名稱: 合機→115
2026-09-06T08:13:57+08:00	fs/2026Q2_ci.csv	1623	market: twse→1623; 出表日期: 1150906→大東電; 年度: 115→2026Q2; 季別: 2→twse; 公司代號: 1623→1150906; 公司名稱: 大東電→115
2026-09-06T08:13:57+08:00	fs/2026Q2_ci.csv	1626	market: twse→1626; 出表日期: 1150906→艾美特-KY; 年度: 115→2026Q2; 季別: 2→twse; 公司代號: 1626→1150906; 公司名稱: 艾美特-KY→115
2026-09-06T08:13:57+08:00	fs/2026Q2_ci.csv	1702	market: twse→1702; 出表日期: 1150906→南僑; 年度: 115→2026Q2; 季別: 2→twse; 公司代號: 1702→1150906; 公司名稱: 南僑→115
2026-09-06T08:13:57+08:00	fs/2026Q2_ci.csv	1707	market: twse→1707; 出表日期: 1150906→葡萄王; 年度: 115→2026Q2; 季別: 2→twse; 公司代號: 1707→1150906; 公司名稱: 葡萄王→115
2026-09-06T08:13:57+08:00	fs/2026Q2_ci.csv	1708	market: twse→1708; 出表日期: 1150906→東鹼; 年度: 115→2026Q2; 季別: 2→twse; 公司代號: 1708→1150906; 公司名稱: 東鹼→115
2026-09-06T08:13:57+08:00	fs/2026Q2_ci.csv	1709	market: twse→1709; 出表日期: 1150906→和益; 年度: 115→2026Q2; 季別: 2→twse; 公司代號: 1709→1150906; 公司名稱: 和益→115
2026-09-06T08:13:57+08:00	fs/2026Q2_ci.csv	1710	market: twse→1710; 出表日期: 1150906→東聯; 年度: 115→2026Q2; 季別: 2→twse; 公司代號: 1710→1150906; 公司名稱: 東聯→115
2026-09-06T08:13:57+08:00	fs/2026Q2_ci.csv	1711	market: twse→1711; 出表日期: 1150906→永光; 年度: 115→2026Q2; 季別: 2→twse; 公司代號: 1711→1150906; 公司名稱: 永光→115
2026-09-06T08:13:57+08:00	fs/2026Q2_ci.csv	1712	market: twse→1712; 出表日期: 1150906→興農; 年度: 115→2026Q2; 季別: 2→twse; 公司代號: 1712→1150906; 公司名稱: 興農→115
2026-09-06T08:13:57+08:00	fs/2026Q2_ci.csv	1713	market: twse→1713; 出表日期: 1150906→國化; 年度: 115→2026Q2; 季別: 2→twse; 公司代號: 1713→1150906; 公司名稱: 國化→115
2026-09-06T08:13:57+08:00	fs/2026Q2_ci.csv	1714	market: twse→1714; 出表日期: 1150906→和桐; 年度: 115→2026Q2; 季別: 2→twse; 公司代號: 1714→1150906; 公司名稱: 和桐→115
2026-09-06T08:13:57+08:00	fs/2026Q2_ci.csv	1717	market: twse→1717; 出表日期: 1150906→長興; 年度: 115→2026Q2; 季別: 2→twse; 公司代號: 1717→1150906; 公司名稱: 長興→115
2026-09-06T08:13:57+08:00	fs/2026Q2_ci.csv	1720	market: twse→1720; 出表日期: 1150906→生達; 年度: 115→2026Q2; 季別: 2→twse; 公司代號: 1720→1150906; 公司名稱: 生達→115
2026-09-06T08:13:57+08:00	fs/2026Q2_ci.csv	1721	market: twse→1721; 出表日期: 1150906→國慶科技; 年度: 115→2026Q2; 季別: 2→twse; 公司代號: 1721→1150906; 公司名稱: 國慶科技→115
2026-09-06T08:13:57+08:00	fs/2026Q2_ci.csv	1722	market: twse→1722; 出表日期: 1150906→台肥; 年度: 115→2026Q2; 季別: 2→twse; 公司代號: 1722→1150906; 公司名稱: 台肥→115
2026-09-06T08:13:57+08:00	fs/2026Q2_ci.csv	1723	market: twse→1723; 出表日期: 1150906→中碳; 年度: 115→2026Q2; 季別: 2→twse; 公司代號: 1723→1150906; 公司名稱: 中碳→115
2026-09-06T08:13:57+08:00	fs/2026Q2_ci.csv	1725	market: twse→1725; 出表日期: 1150906→元禎; 年度: 115→2026Q2; 季別: 2→twse; 公司代號: 1725→1150906; 公司名稱: 元禎→115
2026-09-06T08:13:57+08:00	fs/2026Q2_ci.csv	1726	market: twse→1726; 出表日期: 1150906→永記; 年度: 115→2026Q2; 季別: 2→twse; 公司代號: 1726→1150906; 公司名稱: 永記→115
2026-09-06T08:13:57+08:00	fs/2026Q2_ci.csv	1727	market: twse→1727; 出表日期: 1150906→中華化; 年度: 115→2026Q2; 季別: 2→twse; 公司代號: 1727→1150906; 公司名稱: 中華化→115
2026-09-06T08:13:57+08:00	fs/2026Q2_ci.csv	1730	market: twse→1730; 出表日期: 1150906→花仙子; 年度: 115→2026Q2; 季別: 2→twse; 公司代號: 1730→1150906; 公司名稱: 花仙子→115
2026-09-06T08:13:57+08:00	fs/2026Q2_ci.csv	1731	market: twse→1731; 出表日期: 1150906→美吾華; 年度: 115→2026Q2; 季別: 2→twse; 公司代號: 1731→1150906; 公司名稱: 美吾華→115
2026-09-06T08:13:57+08:00	fs/2026Q2_ci.csv	1732	market: twse→1732; 出表日期: 1150906→毛寶; 年度: 115→2026Q2; 季別: 2→twse; 公司代號: 1732→1150906; 公司名稱: 毛寶→115
2026-09-06T08:13:57+08:00	fs/2026Q2_ci.csv	1733	market: twse→1733; 出表日期: 1150906→五鼎; 年度: 115→2026Q2; 季別: 2→twse; 公司代號: 1733→1150906; 公司名稱: 五鼎→115
2026-09-06T08:13:57+08:00	fs/2026Q2_ci.csv	1734	market: twse→1734; 出表日期: 1150906→杏輝; 年度: 115→2026Q2; 季別: 2→twse; 公司代號: 1734→1150906; 公司名稱: 杏輝→115
2026-09-06T08:13:57+08:00	fs/2026Q2_ci.csv	1735	market: twse→1735; 出表日期: 1150906→日勝化; 年度: 115→2026Q2; 季別: 2→twse; 公司代號: 1735→1150906; 公司名稱: 日勝化→115
2026-09-06T08:13:57+08:00	fs/2026Q2_ci.csv	1736	market: twse→1736; 出表日期: 1150906→喬山; 年度: 115→2026Q2; 季別: 2→twse; 公司代號: 1736→1150906; 公司名稱: 喬山→115
2026-09-06T08:13:57+08:00	fs/2026Q2_ci.csv	1737	market: twse→1737; 出表日期: 1150906→臺鹽; 年度: 115→2026Q2; 季別: 2→twse; 公司代號: 1737→1150906; 公司名稱: 臺鹽→115
2026-09-06T08:13:57+08:00	fs/2026Q2_ci.csv	1752	market: twse→1752; 出表日期: 1150906→南光; 年度: 115→2026Q2; 季別: 2→twse; 公司代號: 1752→1150906; 公司名稱: 南光→115
2026-09-06T08:13:57+08:00	fs/2026Q2_ci.csv	1760	market: twse→1760; 出表日期: 1150906→寶齡富錦; 年度: 115→2026Q2; 季別: 2→twse; 公司代號: 1760→1150906; 公司名稱: 寶齡富錦→115
2026-09-06T08:13:57+08:00	fs/2026Q2_ci.csv	1762	market: twse→1762; 出表日期: 1150906→中化生; 年度: 115→2026Q2; 季別: 2→twse; 公司代號: 1762→1150906; 公司名稱: 中化生→115
2026-09-06T08:13:57+08:00	fs/2026Q2_ci.csv	1773	market: twse→1773; 出表日期: 1150906→勝一; 年度: 115→2026Q2; 季別: 2→twse; 公司代號: 1773→1150906; 公司名稱: 勝一→115
2026-09-06T08:13:57+08:00	fs/2026Q2_ci.csv	1776	market: twse→1776; 出表日期: 1150906→展宇; 年度: 115→2026Q2; 季別: 2→twse; 公司代號: 1776→1150906; 公司名稱: 展宇→115
2026-09-06T08:13:57+08:00	fs/2026Q2_ci.csv	1783	market: twse→1783; 出表日期: 1150906→和康生; 年度: 115→2026Q2; 季別: 2→twse; 公司代號: 1783→1150906; 公司名稱: 和康生→115
2026-09-06T08:13:57+08:00	fs/2026Q2_ci.csv	1786	market: twse→1786; 出表日期: 1150906→科妍; 年度: 115→2026Q2; 季別: 2→twse; 公司代號: 1786→1150906; 公司名稱: 科妍→115
2026-09-06T08:13:57+08:00	fs/2026Q2_ci.csv	1789	market: twse→1789; 出表日期: 1150906→神隆; 年度: 115→2026Q2; 季別: 2→twse; 公司代號: 1789→1150906; 公司名稱: 神隆→115
2026-09-06T08:13:57+08:00	fs/2026Q2_ci.csv	1795	market: twse→1795; 出表日期: 1150906→美時; 年度: 115→2026Q2; 季別: 2→twse; 公司代號: 1795→1150906; 公司名稱: 美時→115
2026-09-06T08:13:57+08:00	fs/2026Q2_ci.csv	1802	market: twse→1802; 出表日期: 1150906→台玻; 年度: 115→2026Q2; 季別: 2→twse; 公司代號: 1802→1150906; 公司名稱: 台玻→115
2026-09-06T08:13:57+08:00	fs/2026Q2_ci.csv	1805	market: twse→1805; 出表日期: 1150906→寶徠; 年度: 115→2026Q2; 季別: 2→twse; 公司代號: 1805→1150906; 公司名稱: 寶徠→115
2026-09-06T08:13:57+08:00	fs/2026Q2_ci.csv	1806	market: twse→1806; 出表日期: 1150906→冠軍; 年度: 115→2026Q2; 季別: 2→twse; 公司代號: 1806→1150906; 公司名稱: 冠軍→115
2026-09-06T08:13:57+08:00	fs/2026Q2_ci.csv	1808	market: twse→1808; 出表日期: 1150906→潤隆; 年度: 115→2026Q2; 季別: 2→twse; 公司代號: 1808→1150906; 公司名稱: 潤隆→115
2026-09-06T08:13:57+08:00	fs/2026Q2_ci.csv	1809	market: twse→1809; 出表日期: 1150906→中釉; 年度: 115→2026Q2; 季別: 2→twse; 公司代號: 1809→1150906; 公司名稱: 中釉→115
2026-09-06T08:13:57+08:00	fs/2026Q2_ci.csv	1810	market: twse→1810; 出表日期: 1150906→和成; 年度: 115→2026Q2; 季別: 2→twse; 公司代號: 1810→1150906; 公司名稱: 和成→115
2026-09-06T08:13:57+08:00	fs/2026Q2_ci.csv	1817	market: twse→1817; 出表日期: 1150906→凱撒衛; 年度: 115→2026Q2; 季別: 2→twse; 公司代號: 1817→1150906; 公司名稱: 凱撒衛→115
2026-09-06T08:13:57+08:00	fs/2026Q2_ci.csv	1903	market: twse→1903; 出表日期: 1150906→士紙; 年度: 115→2026Q2; 季別: 2→twse; 公司代號: 1903→1150906; 公司名稱: 士紙→115
2026-09-06T08:13:57+08:00	fs/2026Q2_ci.csv	1904	market: twse→1904; 出表日期: 1150906→正隆; 年度: 115→2026Q2; 季別: 2→twse; 公司代號: 1904→1150906; 公司名稱: 正隆→115
2026-09-06T08:13:57+08:00	fs/2026Q2_ci.csv	1905	market: twse→1905; 出表日期: 1150906→華紙; 年度: 115→2026Q2; 季別: 2→twse; 公司代號: 1905→1150906; 公司名稱: 華紙→115
2026-09-06T08:13:57+08:00	fs/2026Q2_ci.csv	1906	market: twse→1906; 出表日期: 1150906→寶隆; 年度: 115→2026Q2; 季別: 2→twse; 公司代號: 1906→1150906; 公司名稱: 寶隆→115
2026-09-06T08:13:57+08:00	fs/2026Q2_ci.csv	1907	market: twse→1907; 出表日期: 1150906→永豐餘; 年度: 115→2026Q2; 季別: 2→twse; 公司代號: 1907→1150906; 公司名稱: 永豐餘→115
2026-09-06T08:13:57+08:00	fs/2026Q2_ci.csv	1909	market: twse→1909; 出表日期: 1150906→榮成; 年度: 115→2026Q2; 季別: 2→twse; 公司代號: 1909→1150906; 公司名稱: 榮成→115
2026-09-06T08:13:57+08:00	fs/2026Q2_ci.csv	2002	market: twse→2002; 出表日期: 1150906→中鋼; 年度: 115→2026Q2; 季別: 2→twse; 公司代號: 2002→1150906; 公司名稱: 中鋼→115
2026-09-06T08:13:57+08:00	fs/2026Q2_ci.csv	2006	market: twse→2006; 出表日期: 1150906→東和鋼鐵; 年度: 115→2026Q2; 季別: 2→twse; 公司代號: 2006→1150906; 公司名稱: 東和鋼鐵→115
2026-09-06T08:13:57+08:00	fs/2026Q2_ci.csv	2007	market: twse→2007; 出表日期: 1150906→燁興; 年度: 115→2026Q2; 季別: 2→twse; 公司代號: 2007→1150906; 公司名稱: 燁興→115
2026-09-06T08:13:57+08:00	fs/2026Q2_ci.csv	2008	market: twse→2008; 出表日期: 1150906→高興昌; 年度: 115→2026Q2; 季別: 2→twse; 公司代號: 2008→1150906; 公司名稱: 高興昌→115
2026-09-06T08:13:57+08:00	fs/2026Q2_ci.csv	2009	market: twse→2009; 出表日期: 1150906→第一銅; 年度: 115→2026Q2; 季別: 2→twse; 公司代號: 2009→1150906; 公司名稱: 第一銅→115
2026-09-06T08:13:57+08:00	fs/2026Q2_ci.csv	2010	market: twse→2010; 出表日期: 1150906→春源; 年度: 115→2026Q2; 季別: 2→twse; 公司代號: 2010→1150906; 公司名稱: 春源→115
2026-09-06T08:13:57+08:00	fs/2026Q2_ci.csv	2012	market: twse→2012; 出表日期: 1150906→春雨; 年度: 115→2026Q2; 季別: 2→twse; 公司代號: 2012→1150906; 公司名稱: 春雨→115
2026-09-06T08:13:57+08:00	fs/2026Q2_ci.csv	2013	market: twse→2013; 出表日期: 1150906→中鋼構; 年度: 115→2026Q2; 季別: 2→twse; 公司代號: 2013→1150906; 公司名稱: 中鋼構→115
2026-09-06T08:13:57+08:00	fs/2026Q2_ci.csv	2014	market: twse→2014; 出表日期: 1150906→中鴻; 年度: 115→2026Q2; 季別: 2→twse; 公司代號: 2014→1150906; 公司名稱: 中鴻→115
2026-09-06T08:13:57+08:00	fs/2026Q2_ci.csv	2015	market: twse→2015; 出表日期: 1150906→豐興; 年度: 115→2026Q2; 季別: 2→twse; 公司代號: 2015→1150906; 公司名稱: 豐興→115
2026-09-06T08:13:57+08:00	fs/2026Q2_ci.csv	2017	market: twse→2017; 出表日期: 1150906→官田鋼; 年度: 115→2026Q2; 季別: 2→twse; 公司代號: 2017→1150906; 公司名稱: 官田鋼→115
2026-09-06T08:13:57+08:00	fs/2026Q2_ci.csv	2020	market: twse→2020; 出表日期: 1150906→美亞; 年度: 115→2026Q2; 季別: 2→twse; 公司代號: 2020→1150906; 公司名稱: 美亞→115
2026-09-06T08:13:57+08:00	fs/2026Q2_ci.csv	2022	market: twse→2022; 出表日期: 1150906→聚亨; 年度: 115→2026Q2; 季別: 2→twse; 公司代號: 2022→1150906; 公司名稱: 聚亨→115
2026-09-06T08:13:57+08:00	fs/2026Q2_ci.csv	2023	market: twse→2023; 出表日期: 1150906→燁輝; 年度: 115→2026Q2; 季別: 2→twse; 公司代號: 2023→1150906; 公司名稱: 燁輝→115
2026-09-06T08:13:57+08:00	fs/2026Q2_ci.csv	2024	market: twse→2024; 出表日期: 1150906→志聯; 年度: 115→2026Q2; 季別: 2→twse; 公司代號: 2024→1150906; 公司名稱: 志聯→115
2026-09-06T08:13:57+08:00	fs/2026Q2_ci.csv	2025	market: twse→2025; 出表日期: 1150906→千興; 年度: 115→2026Q2; 季別: 2→twse; 公司代號: 2025→1150906; 公司名稱: 千興→115
2026-09-06T08:13:57+08:00	fs/2026Q2_ci.csv	2027	market: twse→2027; 出表日期: 1150906→大成鋼; 年度: 115→2026Q2; 季別: 2→twse; 公司代號: 2027→1150906; 公司名稱: 大成鋼→115
2026-09-06T08:13:57+08:00	fs/2026Q2_ci.csv	2028	market: twse→2028; 出表日期: 1150906→威致; 年度: 115→2026Q2; 季別: 2→twse; 公司代號: 2028→1150906; 公司名稱: 威致→115
2026-09-06T08:13:57+08:00	fs/2026Q2_ci.csv	2029	market: twse→2029; 出表日期: 1150906→盛餘; 年度: 115→2026Q2; 季別: 2→twse; 公司代號: 2029→1150906; 公司名稱: 盛餘→115
2026-09-06T08:13:57+08:00	fs/2026Q2_ci.csv	2030	market: twse→2030; 出表日期: 1150906→彰源; 年度: 115→2026Q2; 季別: 2→twse; 公司代號: 2030→1150906; 公司名稱: 彰源→115
2026-09-06T08:13:57+08:00	fs/2026Q2_ci.csv	2031	market: twse→2031; 出表日期: 1150906→新光鋼; 年度: 115→2026Q2; 季別: 2→twse; 公司代號: 2031→1150906; 公司名稱: 新光鋼→115
2026-09-06T08:13:57+08:00	fs/2026Q2_ci.csv	2032	market: twse→2032; 出表日期: 1150906→新鋼; 年度: 115→2026Q2; 季別: 2→twse; 公司代號: 2032→1150906; 公司名稱: 新鋼→115
2026-09-06T08:13:57+08:00	fs/2026Q2_ci.csv	2033	market: twse→2033; 出表日期: 1150906→佳大; 年度: 115→2026Q2; 季別: 2→twse; 公司代號: 2033→1150906; 公司名稱: 佳大→115
2026-09-06T08:13:57+08:00	fs/2026Q2_ci.csv	2034	market: twse→2034; 出表日期: 1150906→允強; 年度: 115→2026Q2; 季別: 2→twse; 公司代號: 2034→1150906; 公司名稱: 允強→115
2026-09-06T08:13:57+08:00	fs/2026Q2_ci.csv	2038	market: twse→2038; 出表日期: 1150906→海光; 年度: 115→2026Q2; 季別: 2→twse; 公司代號: 2038→1150906; 公司名稱: 海光→115
2026-09-06T08:13:57+08:00	fs/2026Q2_ci.csv	2049	market: twse→2049; 出表日期: 1150906→上銀; 年度: 115→2026Q2; 季別: 2→twse; 公司代號: 2049→1150906; 公司名稱: 上銀→115
2026-09-06T08:13:57+08:00	fs/2026Q2_ci.csv	2059	market: twse→2059; 出表日期: 1150906→川湖; 年度: 115→2026Q2; 季別: 2→twse; 公司代號: 2059→1150906; 公司名稱: 川湖→115
2026-09-06T08:13:57+08:00	fs/2026Q2_ci.csv	2062	market: twse→2062; 出表日期: 1150906→橋椿; 年度: 115→2026Q2; 季別: 2→twse; 公司代號: 2062→1150906; 公司名稱: 橋椿→115
2026-09-06T08:13:57+08:00	fs/2026Q2_ci.csv	2069	market: twse→2069; 出表日期: 1150906→運錩; 年度: 115→2026Q2; 季別: 2→twse; 公司代號: 2069→1150906; 公司名稱: 運錩→115
2026-09-06T08:13:57+08:00	fs/2026Q2_ci.csv	2072	market: twse→2072; 出表日期: 1150906→世紀風電; 年度: 115→2026Q2; 季別: 2→twse; 公司代號: 2072→1150906; 公司名稱: 世紀風電→115
2026-09-06T08:13:57+08:00	fs/2026Q2_ci.csv	2101	market: twse→2101; 出表日期: 1150906→南港; 年度: 115→2026Q2; 季別: 2→twse; 公司代號: 2101→1150906; 公司名稱: 南港→115
2026-09-06T08:13:57+08:00	fs/2026Q2_ci.csv	2102	market: twse→2102; 出表日期: 1150906→泰豐; 年度: 115→2026Q2; 季別: 2→twse; 公司代號: 2102→1150906; 公司名稱: 泰豐→115
2026-09-06T08:13:57+08:00	fs/2026Q2_ci.csv	2103	market: twse→2103; 出表日期: 1150906→台橡; 年度: 115→2026Q2; 季別: 2→twse; 公司代號: 2103→1150906; 公司名稱: 台橡→115
2026-09-06T08:13:57+08:00	fs/2026Q2_ci.csv	2104	market: twse→2104; 出表日期: 1150906→國際中橡; 年度: 115→2026Q2; 季別: 2→twse; 公司代號: 2104→1150906; 公司名稱: 國際中橡→115
2026-09-06T08:13:57+08:00	fs/2026Q2_ci.csv	2105	market: twse→2105; 出表日期: 1150906→正新; 年度: 115→2026Q2; 季別: 2→twse; 公司代號: 2105→1150906; 公司名稱: 正新→115
2026-09-06T08:13:57+08:00	fs/2026Q2_ci.csv	2106	market: twse→2106; 出表日期: 1150906→建大; 年度: 115→2026Q2; 季別: 2→twse; 公司代號: 2106→1150906; 公司名稱: 建大→115
2026-09-06T08:13:57+08:00	fs/2026Q2_ci.csv	2107	market: twse→2107; 出表日期: 1150906→厚生; 年度: 115→2026Q2; 季別: 2→twse; 公司代號: 2107→1150906; 公司名稱: 厚生→115
2026-09-06T08:13:57+08:00	fs/2026Q2_ci.csv	2108	market: twse→2108; 出表日期: 1150906→南帝; 年度: 115→2026Q2; 季別: 2→twse; 公司代號: 2108→1150906; 公司名稱: 南帝→115
2026-09-06T08:13:57+08:00	fs/2026Q2_ci.csv	2109	market: twse→2109; 出表日期: 1150906→華豐; 年度: 115→2026Q2; 季別: 2→twse; 公司代號: 2109→1150906; 公司名稱: 華豐→115
2026-09-06T08:13:57+08:00	fs/2026Q2_ci.csv	2114	market: twse→2114; 出表日期: 1150906→鑫永銓; 年度: 115→2026Q2; 季別: 2→twse; 公司代號: 2114→1150906; 公司名稱: 鑫永銓→115
2026-09-06T08:13:57+08:00	fs/2026Q2_ci.csv	2115	market: twse→2115; 出表日期: 1150906→六暉-KY; 年度: 115→2026Q2; 季別: 2→twse; 公司代號: 2115→1150906; 公司名稱: 六暉-KY→115
2026-09-06T08:13:57+08:00	fs/2026Q2_ci.csv	2201	market: twse→2201; 出表日期: 1150906→裕隆; 年度: 115→2026Q2; 季別: 2→twse; 公司代號: 2201→1150906; 公司名稱: 裕隆→115
2026-09-06T08:13:57+08:00	fs/2026Q2_ci.csv	2204	market: twse→2204; 出表日期: 1150906→中華; 年度: 115→2026Q2; 季別: 2→twse; 公司代號: 2204→1150906; 公司名稱: 中華→115
2026-09-06T08:13:57+08:00	fs/2026Q2_ci.csv	2206	market: twse→2206; 出表日期: 1150906→三陽工業; 年度: 115→2026Q2; 季別: 2→twse; 公司代號: 2206→1150906; 公司名稱: 三陽工業→115
2026-09-06T08:13:57+08:00	fs/2026Q2_ci.csv	2208	market: twse→2208; 出表日期: 1150906→台船; 年度: 115→2026Q2; 季別: 2→twse; 公司代號: 2208→1150906; 公司名稱: 台船→115
2026-09-06T08:13:57+08:00	fs/2026Q2_ci.csv	2211	market: twse→2211; 出表日期: 1150906→長榮鋼; 年度: 115→2026Q2; 季別: 2→twse; 公司代號: 2211→1150906; 公司名稱: 長榮鋼→115
2026-09-06T08:13:57+08:00	fs/2026Q2_ci.csv	2227	market: twse→2227; 出表日期: 1150906→裕日車; 年度: 115→2026Q2; 季別: 2→twse; 公司代號: 2227→1150906; 公司名稱: 裕日車→115
2026-09-06T08:13:57+08:00	fs/2026Q2_ci.csv	2228	market: twse→2228; 出表日期: 1150906→劍麟; 年度: 115→2026Q2; 季別: 2→twse; 公司代號: 2228→1150906; 公司名稱: 劍麟→115
2026-09-06T08:13:57+08:00	fs/2026Q2_ci.csv	2231	market: twse→2231; 出表日期: 1150906→為升; 年度: 115→2026Q2; 季別: 2→twse; 公司代號: 2231→1150906; 公司名稱: 為升→115
2026-09-06T08:13:57+08:00	fs/2026Q2_ci.csv	2233	market: twse→2233; 出表日期: 1150906→宇隆; 年度: 115→2026Q2; 季別: 2→twse; 公司代號: 2233→1150906; 公司名稱: 宇隆→115
2026-09-06T08:13:57+08:00	fs/2026Q2_ci.csv	2236	market: twse→2236; 出表日期: 1150906→百達-KY; 年度: 115→2026Q2; 季別: 2→twse; 公司代號: 2236→1150906; 公司名稱: 百達-KY→115
2026-09-06T08:13:57+08:00	fs/2026Q2_ci.csv	2237	market: twse→2237; 出表日期: 1150906→華德動能-創; 年度: 115→2026Q2; 季別: 2→twse; 公司代號: 2237→1150906; 公司名稱: 華德動能-創→115
2026-09-06T08:13:57+08:00	fs/2026Q2_ci.csv	2239	market: twse→2239; 出表日期: 1150906→英利-KY; 年度: 115→2026Q2; 季別: 2→twse; 公司代號: 2239→1150906; 公司名稱: 英利-KY→115
2026-09-06T08:13:57+08:00	fs/2026Q2_ci.csv	2241	market: twse→2241; 出表日期: 1150906→艾姆勒; 年度: 115→2026Q2; 季別: 2→twse; 公司代號: 2241→1150906; 公司名稱: 艾姆勒→115
2026-09-06T08:13:57+08:00	fs/2026Q2_ci.csv	2243	market: twse→2243; 出表日期: 1150906→宏旭-KY; 年度: 115→2026Q2; 季別: 2→twse; 公司代號: 2243→1150906; 公司名稱: 宏旭-KY→115
2026-09-06T08:13:57+08:00	fs/2026Q2_ci.csv	2247	market: twse→2247; 出表日期: 1150906→汎德永業; 年度: 115→2026Q2; 季別: 2→twse; 公司代號: 2247→1150906; 公司名稱: 汎德永業→115
2026-09-06T08:13:57+08:00	fs/2026Q2_ci.csv	2248	market: twse→2248; 出表日期: 1150906→華勝-KY; 年度: 115→2026Q2; 季別: 2→twse; 公司代號: 2248→1150906; 公司名稱: 華勝-KY→115
2026-09-06T08:13:57+08:00	fs/2026Q2_ci.csv	2250	market: twse→2250; 出表日期: 1150906→IKKA-KY; 年度: 115→2026Q2; 季別: 2→twse; 公司代號: 2250→1150906; 公司名稱: IKKA-KY→115
2026-09-06T08:13:57+08:00	fs/2026Q2_ci.csv	2254	market: twse→2254; 出表日期: 1150906→巨鎧精密-創; 年度: 115→2026Q2; 季別: 2→twse; 公司代號: 2254→1150906; 公司名稱: 巨鎧精密-創→115
2026-09-06T08:13:57+08:00	fs/2026Q2_ci.csv	2258	market: twse→2258; 出表日期: 1150906→鴻華先進-創; 年度: 115→2026Q2; 季別: 2→twse; 公司代號: 2258→1150906; 公司名稱: 鴻華先進-創→115
2026-09-06T08:13:57+08:00	fs/2026Q2_ci.csv	2301	market: twse→2301; 出表日期: 1150906→光寶科; 年度: 115→2026Q2; 季別: 2→twse; 公司代號: 2301→1150906; 公司名稱: 光寶科→115
2026-09-06T08:13:57+08:00	fs/2026Q2_ci.csv	2302	market: twse→2302; 出表日期: 1150906→麗正; 年度: 115→2026Q2; 季別: 2→twse; 公司代號: 2302→1150906; 公司名稱: 麗正→115
2026-09-06T08:13:57+08:00	fs/2026Q2_ci.csv	2303	market: twse→2303; 出表日期: 1150906→聯電; 年度: 115→2026Q2; 季別: 2→twse; 公司代號: 2303→1150906; 公司名稱: 聯電→115
2026-09-06T08:13:57+08:00	fs/2026Q2_ci.csv	2305	market: twse→2305; 出表日期: 1150906→全友; 年度: 115→2026Q2; 季別: 2→twse; 公司代號: 2305→1150906; 公司名稱: 全友→115
2026-09-06T08:13:57+08:00	fs/2026Q2_ci.csv	2308	market: twse→2308; 出表日期: 1150906→台達電; 年度: 115→2026Q2; 季別: 2→twse; 公司代號: 2308→1150906; 公司名稱: 台達電→115
2026-09-06T08:13:57+08:00	fs/2026Q2_ci.csv	2312	market: twse→2312; 出表日期: 1150906→金寶; 年度: 115→2026Q2; 季別: 2→twse; 公司代號: 2312→1150906; 公司名稱: 金寶→115
2026-09-06T08:13:57+08:00	fs/2026Q2_ci.csv	2313	market: twse→2313; 出表日期: 1150906→華通; 年度: 115→2026Q2; 季別: 2→twse; 公司代號: 2313→1150906; 公司名稱: 華通→115
2026-09-06T08:13:57+08:00	fs/2026Q2_ci.csv	2314	market: twse→2314; 出表日期: 1150906→台揚; 年度: 115→2026Q2; 季別: 2→twse; 公司代號: 2314→1150906; 公司名稱: 台揚→115
2026-09-06T08:13:57+08:00	fs/2026Q2_ci.csv	2316	market: twse→2316; 出表日期: 1150906→楠梓電; 年度: 115→2026Q2; 季別: 2→twse; 公司代號: 2316→1150906; 公司名稱: 楠梓電→115
2026-09-06T08:13:57+08:00	fs/2026Q2_ci.csv	2317	market: twse→2317; 出表日期: 1150906→鴻海; 年度: 115→2026Q2; 季別: 2→twse; 公司代號: 2317→1150906; 公司名稱: 鴻海→115
2026-09-06T08:13:57+08:00	fs/2026Q2_ci.csv	2321	market: twse→2321; 出表日期: 1150906→東訊; 年度: 115→2026Q2; 季別: 2→twse; 公司代號: 2321→1150906; 公司名稱: 東訊→115
2026-09-06T08:13:57+08:00	fs/2026Q2_ci.csv	2323	market: twse→2323; 出表日期: 1150906→中環; 年度: 115→2026Q2; 季別: 2→twse; 公司代號: 2323→1150906; 公司名稱: 中環→115
2026-09-06T08:13:57+08:00	fs/2026Q2_ci.csv	2324	market: twse→2324; 出表日期: 1150906→仁寶; 年度: 115→2026Q2; 季別: 2→twse; 公司代號: 2324→1150906; 公司名稱: 仁寶→115
2026-09-06T08:13:57+08:00	fs/2026Q2_ci.csv	2327	market: twse→2327; 出表日期: 1150906→國巨*; 年度: 115→2026Q2; 季別: 2→twse; 公司代號: 2327→1150906; 公司名稱: 國巨*→115
2026-09-06T08:13:57+08:00	fs/2026Q2_ci.csv	2328	market: twse→2328; 出表日期: 1150906→廣宇; 年度: 115→2026Q2; 季別: 2→twse; 公司代號: 2328→1150906; 公司名稱: 廣宇→115
2026-09-06T08:13:57+08:00	fs/2026Q2_ci.csv	2329	market: twse→2329; 出表日期: 1150906→華泰; 年度: 115→2026Q2; 季別: 2→twse; 公司代號: 2329→1150906; 公司名稱: 華泰→115
2026-09-06T08:13:57+08:00	fs/2026Q2_ci.csv	2330	market: twse→2330; 出表日期: 1150906→台積電; 年度: 115→2026Q2; 季別: 2→twse; 公司代號: 2330→1150906; 公司名稱: 台積電→115
2026-09-06T08:13:57+08:00	fs/2026Q2_ci.csv	2331	market: twse→2331; 出表日期: 1150906→精英; 年度: 115→2026Q2; 季別: 2→twse; 公司代號: 2331→1150906; 公司名稱: 精英→115
2026-09-06T08:13:57+08:00	fs/2026Q2_ci.csv	2332	market: twse→2332; 出表日期: 1150906→友訊; 年度: 115→2026Q2; 季別: 2→twse; 公司代號: 2332→1150906; 公司名稱: 友訊→115
2026-09-06T08:13:57+08:00	fs/2026Q2_ci.csv	2337	market: twse→2337; 出表日期: 1150906→旺宏; 年度: 115→2026Q2; 季別: 2→twse; 公司代號: 2337→1150906; 公司名稱: 旺宏→115
2026-09-06T08:13:57+08:00	fs/2026Q2_ci.csv	2338	market: twse→2338; 出表日期: 1150906→光罩; 年度: 115→2026Q2; 季別: 2→twse; 公司代號: 2338→1150906; 公司名稱: 光罩→115
2026-09-06T08:13:57+08:00	fs/2026Q2_ci.csv	2340	market: twse→2340; 出表日期: 1150906→台亞; 年度: 115→2026Q2; 季別: 2→twse; 公司代號: 2340→1150906; 公司名稱: 台亞→115
2026-09-06T08:13:57+08:00	fs/2026Q2_ci.csv	2342	market: twse→2342; 出表日期: 1150906→茂矽; 年度: 115→2026Q2; 季別: 2→twse; 公司代號: 2342→1150906; 公司名稱: 茂矽→115
2026-09-06T08:13:57+08:00	fs/2026Q2_ci.csv	2344	market: twse→2344; 出表日期: 1150906→華邦電; 年度: 115→2026Q2; 季別: 2→twse; 公司代號: 2344→1150906; 公司名稱: 華邦電→115
2026-09-06T08:13:57+08:00	fs/2026Q2_ci.csv	2345	market: twse→2345; 出表日期: 1150906→智邦; 年度: 115→2026Q2; 季別: 2→twse; 公司代號: 2345→1150906; 公司名稱: 智邦→115
2026-09-06T08:13:57+08:00	fs/2026Q2_ci.csv	2347	market: twse→2347; 出表日期: 1150906→聯強; 年度: 115→2026Q2; 季別: 2→twse; 公司代號: 2347→1150906; 公司名稱: 聯強→115
2026-09-06T08:13:57+08:00	fs/2026Q2_ci.csv	2348	market: twse→2348; 出表日期: 1150906→海悅; 年度: 115→2026Q2; 季別: 2→twse; 公司代號: 2348→1150906; 公司名稱: 海悅→115
2026-09-06T08:13:57+08:00	fs/2026Q2_ci.csv	2349	market: twse→2349; 出表日期: 1150906→錸德; 年度: 115→2026Q2; 季別: 2→twse; 公司代號: 2349→1150906; 公司名稱: 錸德→115
2026-09-06T08:13:57+08:00	fs/2026Q2_ci.csv	2351	market: twse→2351; 出表日期: 1150906→順德; 年度: 115→2026Q2; 季別: 2→twse; 公司代號: 2351→1150906; 公司名稱: 順德→115
2026-09-06T08:13:57+08:00	fs/2026Q2_ci.csv	2352	market: twse→2352; 出表日期: 1150906→佳世達; 年度: 115→2026Q2; 季別: 2→twse; 公司代號: 2352→1150906; 公司名稱: 佳世達→115
2026-09-06T08:13:57+08:00	fs/2026Q2_ci.csv	2353	market: twse→2353; 出表日期: 1150906→宏碁; 年度: 115→2026Q2; 季別: 2→twse; 公司代號: 2353→1150906; 公司名稱: 宏碁→115
2026-09-06T08:13:57+08:00	fs/2026Q2_ci.csv	2354	market: twse→2354; 出表日期: 1150906→鴻準; 年度: 115→2026Q2; 季別: 2→twse; 公司代號: 2354→1150906; 公司名稱: 鴻準→115
2026-09-06T08:13:57+08:00	fs/2026Q2_ci.csv	2355	market: twse→2355; 出表日期: 1150906→敬鵬; 年度: 115→2026Q2; 季別: 2→twse; 公司代號: 2355→1150906; 公司名稱: 敬鵬→115
2026-09-06T08:13:57+08:00	fs/2026Q2_ci.csv	2356	market: twse→2356; 出表日期: 1150906→英業達; 年度: 115→2026Q2; 季別: 2→twse; 公司代號: 2356→1150906; 公司名稱: 英業達→115
2026-09-06T08:13:57+08:00	fs/2026Q2_ci.csv	2357	market: twse→2357; 出表日期: 1150906→華碩; 年度: 115→2026Q2; 季別: 2→twse; 公司代號: 2357→1150906; 公司名稱: 華碩→115
2026-09-06T08:13:57+08:00	fs/2026Q2_ci.csv	2359	market: twse→2359; 出表日期: 1150906→所羅門; 年度: 115→2026Q2; 季別: 2→twse; 公司代號: 2359→1150906; 公司名稱: 所羅門→115
2026-09-06T08:13:57+08:00	fs/2026Q2_ci.csv	2360	market: twse→2360; 出表日期: 1150906→致茂; 年度: 115→2026Q2; 季別: 2→twse; 公司代號: 2360→1150906; 公司名稱: 致茂→115
2026-09-06T08:13:57+08:00	fs/2026Q2_ci.csv	2362	market: twse→2362; 出表日期: 1150906→藍天; 年度: 115→2026Q2; 季別: 2→twse; 公司代號: 2362→1150906; 公司名稱: 藍天→115
2026-09-06T08:13:57+08:00	fs/2026Q2_ci.csv	2363	market: twse→2363; 出表日期: 1150906→矽統; 年度: 115→2026Q2; 季別: 2→twse; 公司代號: 2363→1150906; 公司名稱: 矽統→115
2026-09-06T08:13:57+08:00	fs/2026Q2_ci.csv	2364	market: twse→2364; 出表日期: 1150906→倫飛; 年度: 115→2026Q2; 季別: 2→twse; 公司代號: 2364→1150906; 公司名稱: 倫飛→115
2026-09-06T08:13:57+08:00	fs/2026Q2_ci.csv	2365	market: twse→2365; 出表日期: 1150906→昆盈; 年度: 115→2026Q2; 季別: 2→twse; 公司代號: 2365→1150906; 公司名稱: 昆盈→115
2026-09-06T08:13:57+08:00	fs/2026Q2_ci.csv	2367	market: twse→2367; 出表日期: 1150906→燿華; 年度: 115→2026Q2; 季別: 2→twse; 公司代號: 2367→1150906; 公司名稱: 燿華→115
2026-09-06T08:13:57+08:00	fs/2026Q2_ci.csv	2368	market: twse→2368; 出表日期: 1150906→金像電; 年度: 115→2026Q2; 季別: 2→twse; 公司代號: 2368→1150906; 公司名稱: 金像電→115
2026-09-06T08:13:57+08:00	fs/2026Q2_ci.csv	2369	market: twse→2369; 出表日期: 1150906→菱生; 年度: 115→2026Q2; 季別: 2→twse; 公司代號: 2369→1150906; 公司名稱: 菱生→115
2026-09-06T08:13:57+08:00	fs/2026Q2_ci.csv	2371	market: twse→2371; 出表日期: 1150906→大同; 年度: 115→2026Q2; 季別: 2→twse; 公司代號: 2371→1150906; 公司名稱: 大同→115
2026-09-06T08:13:57+08:00	fs/2026Q2_ci.csv	2373	market: twse→2373; 出表日期: 1150906→震旦行; 年度: 115→2026Q2; 季別: 2→twse; 公司代號: 2373→1150906; 公司名稱: 震旦行→115
2026-09-06T08:13:57+08:00	fs/2026Q2_ci.csv	2374	market: twse→2374; 出表日期: 1150906→佳能; 年度: 115→2026Q2; 季別: 2→twse; 公司代號: 2374→1150906; 公司名稱: 佳能→115
2026-09-06T08:13:57+08:00	fs/2026Q2_ci.csv	2375	market: twse→2375; 出表日期: 1150906→凱美; 年度: 115→2026Q2; 季別: 2→twse; 公司代號: 2375→1150906; 公司名稱: 凱美→115
2026-09-06T08:13:57+08:00	fs/2026Q2_ci.csv	2376	market: twse→2376; 出表日期: 1150906→技嘉; 年度: 115→2026Q2; 季別: 2→twse; 公司代號: 2376→1150906; 公司名稱: 技嘉→115
2026-09-06T08:13:57+08:00	fs/2026Q2_ci.csv	2377	market: twse→2377; 出表日期: 1150906→微星; 年度: 115→2026Q2; 季別: 2→twse; 公司代號: 2377→1150906; 公司名稱: 微星→115
2026-09-06T08:13:57+08:00	fs/2026Q2_ci.csv	2379	market: twse→2379; 出表日期: 1150906→瑞昱; 年度: 115→2026Q2; 季別: 2→twse; 公司代號: 2379→1150906; 公司名稱: 瑞昱→115
2026-09-06T08:13:57+08:00	fs/2026Q2_ci.csv	2380	market: twse→2380; 出表日期: 1150906→虹光; 年度: 115→2026Q2; 季別: 2→twse; 公司代號: 2380→1150906; 公司名稱: 虹光→115
2026-09-06T08:13:57+08:00	fs/2026Q2_ci.csv	2382	market: twse→2382; 出表日期: 1150906→廣達; 年度: 115→2026Q2; 季別: 2→twse; 公司代號: 2382→1150906; 公司名稱: 廣達→115
2026-09-06T08:13:57+08:00	fs/2026Q2_ci.csv	2383	market: twse→2383; 出表日期: 1150906→台光電; 年度: 115→2026Q2; 季別: 2→twse; 公司代號: 2383→1150906; 公司名稱: 台光電→115
2026-09-06T08:13:57+08:00	fs/2026Q2_ci.csv	2385	market: twse→2385; 出表日期: 1150906→群光; 年度: 115→2026Q2; 季別: 2→twse; 公司代號: 2385→1150906; 公司名稱: 群光→115
2026-09-06T08:13:57+08:00	fs/2026Q2_ci.csv	2387	market: twse→2387; 出表日期: 1150906→精元; 年度: 115→2026Q2; 季別: 2→twse; 公司代號: 2387→1150906; 公司名稱: 精元→115
2026-09-06T08:13:57+08:00	fs/2026Q2_ci.csv	2388	market: twse→2388; 出表日期: 1150906→威盛; 年度: 115→2026Q2; 季別: 2→twse; 公司代號: 2388→1150906; 公司名稱: 威盛→115
2026-09-06T08:13:57+08:00	fs/2026Q2_ci.csv	2390	market: twse→2390; 出表日期: 1150906→云辰; 年度: 115→2026Q2; 季別: 2→twse; 公司代號: 2390→1150906; 公司名稱: 云辰→115
2026-09-06T08:13:57+08:00	fs/2026Q2_ci.csv	2392	market: twse→2392; 出表日期: 1150906→正崴; 年度: 115→2026Q2; 季別: 2→twse; 公司代號: 2392→1150906; 公司名稱: 正崴→115
2026-09-06T08:13:57+08:00	fs/2026Q2_ci.csv	2393	market: twse→2393; 出表日期: 1150906→億光; 年度: 115→2026Q2; 季別: 2→twse; 公司代號: 2393→1150906; 公司名稱: 億光→115
2026-09-06T08:13:57+08:00	fs/2026Q2_ci.csv	2395	market: twse→2395; 出表日期: 1150906→研華; 年度: 115→2026Q2; 季別: 2→twse; 公司代號: 2395→1150906; 公司名稱: 研華→115
2026-09-06T08:13:57+08:00	fs/2026Q2_ci.csv	2397	market: twse→2397; 出表日期: 1150906→友通; 年度: 115→2026Q2; 季別: 2→twse; 公司代號: 2397→1150906; 公司名稱: 友通→115
2026-09-06T08:13:57+08:00	fs/2026Q2_ci.csv	2399	market: twse→2399; 出表日期: 1150906→映泰; 年度: 115→2026Q2; 季別: 2→twse; 公司代號: 2399→1150906; 公司名稱: 映泰→115
2026-09-06T08:13:57+08:00	fs/2026Q2_ci.csv	2401	market: twse→2401; 出表日期: 1150906→凌陽; 年度: 115→2026Q2; 季別: 2→twse; 公司代號: 2401→1150906; 公司名稱: 凌陽→115
2026-09-06T08:13:57+08:00	fs/2026Q2_ci.csv	2402	market: twse→2402; 出表日期: 1150906→毅嘉; 年度: 115→2026Q2; 季別: 2→twse; 公司代號: 2402→1150906; 公司名稱: 毅嘉→115
2026-09-06T08:13:57+08:00	fs/2026Q2_ci.csv	2404	market: twse→2404; 出表日期: 1150906→漢唐; 年度: 115→2026Q2; 季別: 2→twse; 公司代號: 2404→1150906; 公司名稱: 漢唐→115
2026-09-06T08:13:57+08:00	fs/2026Q2_ci.csv	2405	market: twse→2405; 出表日期: 1150906→輔信; 年度: 115→2026Q2; 季別: 2→twse; 公司代號: 2405→1150906; 公司名稱: 輔信→115
2026-09-06T08:13:57+08:00	fs/2026Q2_ci.csv	2406	market: twse→2406; 出表日期: 1150906→國碩; 年度: 115→2026Q2; 季別: 2→twse; 公司代號: 2406→1150906; 公司名稱: 國碩→115
2026-09-06T08:13:57+08:00	fs/2026Q2_ci.csv	2408	market: twse→2408; 出表日期: 1150906→南亞科; 年度: 115→2026Q2; 季別: 2→twse; 公司代號: 2408→1150906; 公司名稱: 南亞科→115
2026-09-06T08:13:57+08:00	fs/2026Q2_ci.csv	2409	market: twse→2409; 出表日期: 1150906→友達; 年度: 115→2026Q2; 季別: 2→twse; 公司代號: 2409→1150906; 公司名稱: 友達→115
2026-09-06T08:13:57+08:00	fs/2026Q2_ci.csv	2412	market: twse→2412; 出表日期: 1150906→中華電; 年度: 115→2026Q2; 季別: 2→twse; 公司代號: 2412→1150906; 公司名稱: 中華電→115
2026-09-06T08:13:57+08:00	fs/2026Q2_ci.csv	2413	market: twse→2413; 出表日期: 1150906→環科; 年度: 115→2026Q2; 季別: 2→twse; 公司代號: 2413→1150906; 公司名稱: 環科→115
2026-09-06T08:13:57+08:00	fs/2026Q2_ci.csv	2414	market: twse→2414; 出表日期: 1150906→精技; 年度: 115→2026Q2; 季別: 2→twse; 公司代號: 2414→1150906; 公司名稱: 精技→115
2026-09-06T08:13:57+08:00	fs/2026Q2_ci.csv	2415	market: twse→2415; 出表日期: 1150906→錩新; 年度: 115→2026Q2; 季別: 2→twse; 公司代號: 2415→1150906; 公司名稱: 錩新→115
2026-09-06T08:13:57+08:00	fs/2026Q2_ci.csv	2417	market: twse→2417; 出表日期: 1150906→圓剛; 年度: 115→2026Q2; 季別: 2→twse; 公司代號: 2417→1150906; 公司名稱: 圓剛→115
2026-09-06T08:13:57+08:00	fs/2026Q2_ci.csv	2419	market: twse→2419; 出表日期: 1150906→仲琦; 年度: 115→2026Q2; 季別: 2→twse; 公司代號: 2419→1150906; 公司名稱: 仲琦→115
2026-09-06T08:13:57+08:00	fs/2026Q2_ci.csv	2420	market: twse→2420; 出表日期: 1150906→新巨; 年度: 115→2026Q2; 季別: 2→twse; 公司代號: 2420→1150906; 公司名稱: 新巨→115
2026-09-06T08:13:57+08:00	fs/2026Q2_ci.csv	2421	market: twse→2421; 出表日期: 1150906→建準; 年度: 115→2026Q2; 季別: 2→twse; 公司代號: 2421→1150906; 公司名稱: 建準→115
2026-09-06T08:13:57+08:00	fs/2026Q2_ci.csv	2423	market: twse→2423; 出表日期: 1150906→固緯; 年度: 115→2026Q2; 季別: 2→twse; 公司代號: 2423→1150906; 公司名稱: 固緯→115
2026-09-06T08:13:57+08:00	fs/2026Q2_ci.csv	2424	market: twse→2424; 出表日期: 1150906→隴華; 年度: 115→2026Q2; 季別: 2→twse; 公司代號: 2424→1150906; 公司名稱: 隴華→115
2026-09-06T08:13:57+08:00	fs/2026Q2_ci.csv	2425	market: twse→2425; 出表日期: 1150906→承啟; 年度: 115→2026Q2; 季別: 2→twse; 公司代號: 2425→1150906; 公司名稱: 承啟→115
2026-09-06T08:13:57+08:00	fs/2026Q2_ci.csv	2426	market: twse→2426; 出表日期: 1150906→鼎元; 年度: 115→2026Q2; 季別: 2→twse; 公司代號: 2426→1150906; 公司名稱: 鼎元→115
2026-09-06T08:13:57+08:00	fs/2026Q2_ci.csv	2427	market: twse→2427; 出表日期: 1150906→三商電; 年度: 115→2026Q2; 季別: 2→twse; 公司代號: 2427→1150906; 公司名稱: 三商電→115
2026-09-06T08:13:57+08:00	fs/2026Q2_ci.csv	2428	market: twse→2428; 出表日期: 1150906→興勤; 年度: 115→2026Q2; 季別: 2→twse; 公司代號: 2428→1150906; 公司名稱: 興勤→115
2026-09-06T08:13:57+08:00	fs/2026Q2_ci.csv	2429	market: twse→2429; 出表日期: 1150906→銘旺科; 年度: 115→2026Q2; 季別: 2→twse; 公司代號: 2429→1150906; 公司名稱: 銘旺科→115
2026-09-06T08:13:57+08:00	fs/2026Q2_ci.csv	2430	market: twse→2430; 出表日期: 1150906→燦坤; 年度: 115→2026Q2; 季別: 2→twse; 公司代號: 2430→1150906; 公司名稱: 燦坤→115
2026-09-06T08:13:57+08:00	fs/2026Q2_ci.csv	2431	market: twse→2431; 出表日期: 1150906→聯昌; 年度: 115→2026Q2; 季別: 2→twse; 公司代號: 2431→1150906; 公司名稱: 聯昌→115
2026-09-06T08:13:57+08:00	fs/2026Q2_ci.csv	2432	market: twse→2432; 出表日期: 1150906→倚天酷碁-創; 年度: 115→2026Q2; 季別: 2→twse; 公司代號: 2432→1150906; 公司名稱: 倚天酷碁-創→115
2026-09-06T08:13:57+08:00	fs/2026Q2_ci.csv	2433	market: twse→2433; 出表日期: 1150906→互盛電; 年度: 115→2026Q2; 季別: 2→twse; 公司代號: 2433→1150906; 公司名稱: 互盛電→115
2026-09-06T08:13:57+08:00	fs/2026Q2_ci.csv	2434	market: twse→2434; 出表日期: 1150906→統懋; 年度: 115→2026Q2; 季別: 2→twse; 公司代號: 2434→1150906; 公司名稱: 統懋→115
2026-09-06T08:13:57+08:00	fs/2026Q2_ci.csv	2436	market: twse→2436; 出表日期: 1150906→偉詮電; 年度: 115→2026Q2; 季別: 2→twse; 公司代號: 2436→1150906; 公司名稱: 偉詮電→115
2026-09-06T08:13:57+08:00	fs/2026Q2_ci.csv	2438	market: twse→2438; 出表日期: 1150906→翔耀; 年度: 115→2026Q2; 季別: 2→twse; 公司代號: 2438→1150906; 公司名稱: 翔耀→115
2026-09-06T08:13:57+08:00	fs/2026Q2_ci.csv	2439	market: twse→2439; 出表日期: 1150906→美律; 年度: 115→2026Q2; 季別: 2→twse; 公司代號: 2439→1150906; 公司名稱: 美律→115
2026-09-06T08:13:57+08:00	fs/2026Q2_ci.csv	2440	market: twse→2440; 出表日期: 1150906→太空梭; 年度: 115→2026Q2; 季別: 2→twse; 公司代號: 2440→1150906; 公司名稱: 太空梭→115
2026-09-06T08:13:57+08:00	fs/2026Q2_ci.csv	2441	market: twse→2441; 出表日期: 1150906→超豐; 年度: 115→2026Q2; 季別: 2→twse; 公司代號: 2441→1150906; 公司名稱: 超豐→115
2026-09-06T08:13:57+08:00	fs/2026Q2_ci.csv	2442	market: twse→2442; 出表日期: 1150906→新美齊; 年度: 115→2026Q2; 季別: 2→twse; 公司代號: 2442→1150906; 公司名稱: 新美齊→115
2026-09-06T08:13:57+08:00	fs/2026Q2_ci.csv	2444	market: twse→2444; 出表日期: 1150906→兆勁; 年度: 115→2026Q2; 季別: 2→twse; 公司代號: 2444→1150906; 公司名稱: 兆勁→115
2026-09-06T08:13:57+08:00	fs/2026Q2_ci.csv	2449	market: twse→2449; 出表日期: 1150906→京元電子; 年度: 115→2026Q2; 季別: 2→twse; 公司代號: 2449→1150906; 公司名稱: 京元電子→115
2026-09-06T08:13:57+08:00	fs/2026Q2_ci.csv	2450	market: twse→2450; 出表日期: 1150906→神腦; 年度: 115→2026Q2; 季別: 2→twse; 公司代號: 2450→1150906; 公司名稱: 神腦→115
2026-09-06T08:13:57+08:00	fs/2026Q2_ci.csv	2451	market: twse→2451; 出表日期: 1150906→創見; 年度: 115→2026Q2; 季別: 2→twse; 公司代號: 2451→1150906; 公司名稱: 創見→115
2026-09-06T08:13:57+08:00	fs/2026Q2_ci.csv	2453	market: twse→2453; 出表日期: 1150906→凌群; 年度: 115→2026Q2; 季別: 2→twse; 公司代號: 2453→1150906; 公司名稱: 凌群→115
2026-09-06T08:13:57+08:00	fs/2026Q2_ci.csv	2454	market: twse→2454; 出表日期: 1150906→聯發科; 年度: 115→2026Q2; 季別: 2→twse; 公司代號: 2454→1150906; 公司名稱: 聯發科→115
2026-09-06T08:13:57+08:00	fs/2026Q2_ci.csv	2455	market: twse→2455; 出表日期: 1150906→全新; 年度: 115→2026Q2; 季別: 2→twse; 公司代號: 2455→1150906; 公司名稱: 全新→115
2026-09-06T08:13:57+08:00	fs/2026Q2_ci.csv	2457	market: twse→2457; 出表日期: 1150906→飛宏; 年度: 115→2026Q2; 季別: 2→twse; 公司代號: 2457→1150906; 公司名稱: 飛宏→115
2026-09-06T08:13:57+08:00	fs/2026Q2_ci.csv	2458	market: twse→2458; 出表日期: 1150906→義隆; 年度: 115→2026Q2; 季別: 2→twse; 公司代號: 2458→1150906; 公司名稱: 義隆→115
2026-09-06T08:13:57+08:00	fs/2026Q2_ci.csv	2459	market: twse→2459; 出表日期: 1150906→敦吉; 年度: 115→2026Q2; 季別: 2→twse; 公司代號: 2459→1150906; 公司名稱: 敦吉→115
2026-09-06T08:13:57+08:00	fs/2026Q2_ci.csv	2460	market: twse→2460; 出表日期: 1150906→建通; 年度: 115→2026Q2; 季別: 2→twse; 公司代號: 2460→1150906; 公司名稱: 建通→115
2026-09-06T08:13:57+08:00	fs/2026Q2_ci.csv	2461	market: twse→2461; 出表日期: 1150906→光群雷; 年度: 115→2026Q2; 季別: 2→twse; 公司代號: 2461→1150906; 公司名稱: 光群雷→115
2026-09-06T08:13:57+08:00	fs/2026Q2_ci.csv	2462	market: twse→2462; 出表日期: 1150906→良得電; 年度: 115→2026Q2; 季別: 2→twse; 公司代號: 2462→1150906; 公司名稱: 良得電→115
2026-09-06T08:13:57+08:00	fs/2026Q2_ci.csv	2464	market: twse→2464; 出表日期: 1150906→盟立; 年度: 115→2026Q2; 季別: 2→twse; 公司代號: 2464→1150906; 公司名稱: 盟立→115
2026-09-06T08:13:57+08:00	fs/2026Q2_ci.csv	2465	market: twse→2465; 出表日期: 1150906→麗臺; 年度: 115→2026Q2; 季別: 2→twse; 公司代號: 2465→1150906; 公司名稱: 麗臺→115
2026-09-06T08:13:57+08:00	fs/2026Q2_ci.csv	2466	market: twse→2466; 出表日期: 1150906→冠西電; 年度: 115→2026Q2; 季別: 2→twse; 公司代號: 2466→1150906; 公司名稱: 冠西電→115
2026-09-06T08:13:57+08:00	fs/2026Q2_ci.csv	2467	market: twse→2467; 出表日期: 1150906→志聖; 年度: 115→2026Q2; 季別: 2→twse; 公司代號: 2467→1150906; 公司名稱: 志聖→115
2026-09-06T08:13:57+08:00	fs/2026Q2_ci.csv	2468	market: twse→2468; 出表日期: 1150906→華經; 年度: 115→2026Q2; 季別: 2→twse; 公司代號: 2468→1150906; 公司名稱: 華經→115
2026-09-06T08:13:57+08:00	fs/2026Q2_ci.csv	2471	market: twse→2471; 出表日期: 1150906→資通; 年度: 115→2026Q2; 季別: 2→twse; 公司代號: 2471→1150906; 公司名稱: 資通→115
2026-09-06T08:13:57+08:00	fs/2026Q2_ci.csv	2472	market: twse→2472; 出表日期: 1150906→立隆電; 年度: 115→2026Q2; 季別: 2→twse; 公司代號: 2472→1150906; 公司名稱: 立隆電→115
2026-09-06T08:13:57+08:00	fs/2026Q2_ci.csv	2474	market: twse→2474; 出表日期: 1150906→可成; 年度: 115→2026Q2; 季別: 2→twse; 公司代號: 2474→1150906; 公司名稱: 可成→115
2026-09-06T08:13:57+08:00	fs/2026Q2_ci.csv	2476	market: twse→2476; 出表日期: 1150906→鉅祥; 年度: 115→2026Q2; 季別: 2→twse; 公司代號: 2476→1150906; 公司名稱: 鉅祥→115
2026-09-06T08:13:57+08:00	fs/2026Q2_ci.csv	2477	market: twse→2477; 出表日期: 1150906→美隆電; 年度: 115→2026Q2; 季別: 2→twse; 公司代號: 2477→1150906; 公司名稱: 美隆電→115
2026-09-06T08:13:57+08:00	fs/2026Q2_ci.csv	2478	market: twse→2478; 出表日期: 1150906→大毅; 年度: 115→2026Q2; 季別: 2→twse; 公司代號: 2478→1150906; 公司名稱: 大毅→115
2026-09-06T08:13:57+08:00	fs/2026Q2_ci.csv	2480	market: twse→2480; 出表日期: 1150906→敦陽科; 年度: 115→2026Q2; 季別: 2→twse; 公司代號: 2480→1150906; 公司名稱: 敦陽科→115
2026-09-06T08:13:57+08:00	fs/2026Q2_ci.csv	2481	market: twse→2481; 出表日期: 1150906→強茂; 年度: 115→2026Q2; 季別: 2→twse; 公司代號: 2481→1150906; 公司名稱: 強茂→115
2026-09-06T08:13:57+08:00	fs/2026Q2_ci.csv	2482	market: twse→2482; 出表日期: 1150906→連宇; 年度: 115→2026Q2; 季別: 2→twse; 公司代號: 2482→1150906; 公司名稱: 連宇→115
2026-09-06T08:13:57+08:00	fs/2026Q2_ci.csv	2483	market: twse→2483; 出表日期: 1150906→百容; 年度: 115→2026Q2; 季別: 2→twse; 公司代號: 2483→1150906; 公司名稱: 百容→115
2026-09-06T08:13:57+08:00	fs/2026Q2_ci.csv	2484	market: twse→2484; 出表日期: 1150906→希華; 年度: 115→2026Q2; 季別: 2→twse; 公司代號: 2484→1150906; 公司名稱: 希華→115
2026-09-06T08:13:57+08:00	fs/2026Q2_ci.csv	2485	market: twse→2485; 出表日期: 1150906→兆赫; 年度: 115→2026Q2; 季別: 2→twse; 公司代號: 2485→1150906; 公司名稱: 兆赫→115
2026-09-06T08:13:57+08:00	fs/2026Q2_ci.csv	2486	market: twse→2486; 出表日期: 1150906→一詮; 年度: 115→2026Q2; 季別: 2→twse; 公司代號: 2486→1150906; 公司名稱: 一詮→115
2026-09-06T08:13:57+08:00	fs/2026Q2_ci.csv	2488	market: twse→2488; 出表日期: 1150906→漢平; 年度: 115→2026Q2; 季別: 2→twse; 公司代號: 2488→1150906; 公司名稱: 漢平→115
2026-09-06T08:13:57+08:00	fs/2026Q2_ci.csv	2489	market: twse→2489; 出表日期: 1150906→瑞軒; 年度: 115→2026Q2; 季別: 2→twse; 公司代號: 2489→1150906; 公司名稱: 瑞軒→115
2026-09-06T08:13:57+08:00	fs/2026Q2_ci.csv	2491	market: twse→2491; 出表日期: 1150906→吉祥全; 年度: 115→2026Q2; 季別: 2→twse; 公司代號: 2491→1150906; 公司名稱: 吉祥全→115
2026-09-06T08:13:57+08:00	fs/2026Q2_ci.csv	2492	market: twse→2492; 出表日期: 1150906→華新科; 年度: 115→2026Q2; 季別: 2→twse; 公司代號: 2492→1150906; 公司名稱: 華新科→115
2026-09-06T08:13:57+08:00	fs/2026Q2_ci.csv	2493	market: twse→2493; 出表日期: 1150906→揚博; 年度: 115→2026Q2; 季別: 2→twse; 公司代號: 2493→1150906; 公司名稱: 揚博→115
2026-09-06T08:13:57+08:00	fs/2026Q2_ci.csv	2495	market: twse→2495; 出表日期: 1150906→普安; 年度: 115→2026Q2; 季別: 2→twse; 公司代號: 2495→1150906; 公司名稱: 普安→115
2026-09-06T08:13:57+08:00	fs/2026Q2_ci.csv	2496	market: twse→2496; 出表日期: 1150906→卓越; 年度: 115→2026Q2; 季別: 2→twse; 公司代號: 2496→1150906; 公司名稱: 卓越→115
2026-09-06T08:13:57+08:00	fs/2026Q2_ci.csv	2497	market: twse→2497; 出表日期: 1150906→怡利電; 年度: 115→2026Q2; 季別: 2→twse; 公司代號: 2497→1150906; 公司名稱: 怡利電→115
2026-09-06T08:13:57+08:00	fs/2026Q2_ci.csv	2498	market: twse→2498; 出表日期: 1150906→宏達電; 年度: 115→2026Q2; 季別: 2→twse; 公司代號: 2498→1150906; 公司名稱: 宏達電→115
2026-09-06T08:13:57+08:00	fs/2026Q2_ci.csv	2501	market: twse→2501; 出表日期: 1150906→國建; 年度: 115→2026Q2; 季別: 2→twse; 公司代號: 2501→1150906; 公司名稱: 國建→115
2026-09-06T08:13:57+08:00	fs/2026Q2_ci.csv	2504	market: twse→2504; 出表日期: 1150906→國產; 年度: 115→2026Q2; 季別: 2→twse; 公司代號: 2504→1150906; 公司名稱: 國產→115
2026-09-06T08:13:57+08:00	fs/2026Q2_ci.csv	2505	market: twse→2505; 出表日期: 1150906→國揚; 年度: 115→2026Q2; 季別: 2→twse; 公司代號: 2505→1150906; 公司名稱: 國揚→115
2026-09-06T08:13:57+08:00	fs/2026Q2_ci.csv	2506	market: twse→2506; 出表日期: 1150906→太設; 年度: 115→2026Q2; 季別: 2→twse; 公司代號: 2506→1150906; 公司名稱: 太設→115
2026-09-06T08:13:57+08:00	fs/2026Q2_ci.csv	2509	market: twse→2509; 出表日期: 1150906→全坤建; 年度: 115→2026Q2; 季別: 2→twse; 公司代號: 2509→1150906; 公司名稱: 全坤建→115
2026-09-06T08:13:57+08:00	fs/2026Q2_ci.csv	2511	market: twse→2511; 出表日期: 1150906→太子; 年度: 115→2026Q2; 季別: 2→twse; 公司代號: 2511→1150906; 公司名稱: 太子→115
2026-09-06T08:13:57+08:00	fs/2026Q2_ci.csv	2514	market: twse→2514; 出表日期: 1150906→龍邦; 年度: 115→2026Q2; 季別: 2→twse; 公司代號: 2514→1150906; 公司名稱: 龍邦→115
2026-09-06T08:13:57+08:00	fs/2026Q2_ci.csv	2515	market: twse→2515; 出表日期: 1150906→中工; 年度: 115→2026Q2; 季別: 2→twse; 公司代號: 2515→1150906; 公司名稱: 中工→115
2026-09-06T08:13:57+08:00	fs/2026Q2_ci.csv	2516	market: twse→2516; 出表日期: 1150906→新建; 年度: 115→2026Q2; 季別: 2→twse; 公司代號: 2516→1150906; 公司名稱: 新建→115
2026-09-06T08:13:57+08:00	fs/2026Q2_ci.csv	2520	market: twse→2520; 出表日期: 1150906→冠德; 年度: 115→2026Q2; 季別: 2→twse; 公司代號: 2520→1150906; 公司名稱: 冠德→115
2026-09-06T08:13:57+08:00	fs/2026Q2_ci.csv	2524	market: twse→2524; 出表日期: 1150906→京城; 年度: 115→2026Q2; 季別: 2→twse; 公司代號: 2524→1150906; 公司名稱: 京城→115
2026-09-06T08:13:57+08:00	fs/2026Q2_ci.csv	2527	market: twse→2527; 出表日期: 1150906→宏璟; 年度: 115→2026Q2; 季別: 2→twse; 公司代號: 2527→1150906; 公司名稱: 宏璟→115
2026-09-06T08:13:57+08:00	fs/2026Q2_ci.csv	2528	market: twse→2528; 出表日期: 1150906→皇普; 年度: 115→2026Q2; 季別: 2→twse; 公司代號: 2528→1150906; 公司名稱: 皇普→115
2026-09-06T08:13:57+08:00	fs/2026Q2_ci.csv	2530	market: twse→2530; 出表日期: 1150906→華建; 年度: 115→2026Q2; 季別: 2→twse; 公司代號: 2530→1150906; 公司名稱: 華建→115
2026-09-06T08:13:57+08:00	fs/2026Q2_ci.csv	2534	market: twse→2534; 出表日期: 1150906→宏盛; 年度: 115→2026Q2; 季別: 2→twse; 公司代號: 2534→1150906; 公司名稱: 宏盛→115
2026-09-06T08:13:57+08:00	fs/2026Q2_ci.csv	2535	market: twse→2535; 出表日期: 1150906→達欣工; 年度: 115→2026Q2; 季別: 2→twse; 公司代號: 2535→1150906; 公司名稱: 達欣工→115
2026-09-06T08:13:57+08:00	fs/2026Q2_ci.csv	2536	market: twse→2536; 出表日期: 1150906→宏普; 年度: 115→2026Q2; 季別: 2→twse; 公司代號: 2536→1150906; 公司名稱: 宏普→115
2026-09-06T08:13:57+08:00	fs/2026Q2_ci.csv	2537	market: twse→2537; 出表日期: 1150906→聯上發; 年度: 115→2026Q2; 季別: 2→twse; 公司代號: 2537→1150906; 公司名稱: 聯上發→115
2026-09-06T08:13:57+08:00	fs/2026Q2_ci.csv	2538	market: twse→2538; 出表日期: 1150906→基泰; 年度: 115→2026Q2; 季別: 2→twse; 公司代號: 2538→1150906; 公司名稱: 基泰→115
2026-09-06T08:13:57+08:00	fs/2026Q2_ci.csv	2539	market: twse→2539; 出表日期: 1150906→櫻花建; 年度: 115→2026Q2; 季別: 2→twse; 公司代號: 2539→1150906; 公司名稱: 櫻花建→115
2026-09-06T08:13:57+08:00	fs/2026Q2_ci.csv	2540	market: twse→2540; 出表日期: 1150906→愛山林; 年度: 115→2026Q2; 季別: 2→twse; 公司代號: 2540→1150906; 公司名稱: 愛山林→115
2026-09-06T08:13:57+08:00	fs/2026Q2_ci.csv	2542	market: twse→2542; 出表日期: 1150906→興富發; 年度: 115→2026Q2; 季別: 2→twse; 公司代號: 2542→1150906; 公司名稱: 興富發→115
2026-09-06T08:13:57+08:00	fs/2026Q2_ci.csv	2543	market: twse→2543; 出表日期: 1150906→皇昌; 年度: 115→2026Q2; 季別: 2→twse; 公司代號: 2543→1150906; 公司名稱: 皇昌→115
2026-09-06T08:13:57+08:00	fs/2026Q2_ci.csv	2545	market: twse→2545; 出表日期: 1150906→皇翔; 年度: 115→2026Q2; 季別: 2→twse; 公司代號: 2545→1150906; 公司名稱: 皇翔→115
2026-09-06T08:13:57+08:00	fs/2026Q2_ci.csv	2546	market: twse→2546; 出表日期: 1150906→根基; 年度: 115→2026Q2; 季別: 2→twse; 公司代號: 2546→1150906; 公司名稱: 根基→115
2026-09-06T08:13:57+08:00	fs/2026Q2_ci.csv	2547	market: twse→2547; 出表日期: 1150906→日勝生; 年度: 115→2026Q2; 季別: 2→twse; 公司代號: 2547→1150906; 公司名稱: 日勝生→115
2026-09-06T08:13:57+08:00	fs/2026Q2_ci.csv	2548	market: twse→2548; 出表日期: 1150906→華固; 年度: 115→2026Q2; 季別: 2→twse; 公司代號: 2548→1150906; 公司名稱: 華固→115
2026-09-06T08:13:57+08:00	fs/2026Q2_ci.csv	2597	market: twse→2597; 出表日期: 1150906→潤弘; 年度: 115→2026Q2; 季別: 2→twse; 公司代號: 2597→1150906; 公司名稱: 潤弘→115
2026-09-06T08:13:57+08:00	fs/2026Q2_ci.csv	2601	market: twse→2601; 出表日期: 1150906→益航; 年度: 115→2026Q2; 季別: 2→twse; 公司代號: 2601→1150906; 公司名稱: 益航→115
2026-09-06T08:13:57+08:00	fs/2026Q2_ci.csv	2603	market: twse→2603; 出表日期: 1150906→長榮; 年度: 115→2026Q2; 季別: 2→twse; 公司代號: 2603→1150906; 公司名稱: 長榮→115
2026-09-06T08:13:57+08:00	fs/2026Q2_ci.csv	2605	market: twse→2605; 出表日期: 1150906→新興; 年度: 115→2026Q2; 季別: 2→twse; 公司代號: 2605→1150906; 公司名稱: 新興→115
2026-09-06T08:13:57+08:00	fs/2026Q2_ci.csv	2606	market: twse→2606; 出表日期: 1150906→裕民; 年度: 115→2026Q2; 季別: 2→twse; 公司代號: 2606→1150906; 公司名稱: 裕民→115
2026-09-06T08:13:57+08:00	fs/2026Q2_ci.csv	2607	market: twse→2607; 出表日期: 1150906→榮運; 年度: 115→2026Q2; 季別: 2→twse; 公司代號: 2607→1150906; 公司名稱: 榮運→115
2026-09-06T08:13:57+08:00	fs/2026Q2_ci.csv	2608	market: twse→2608; 出表日期: 1150906→嘉里大榮; 年度: 115→2026Q2; 季別: 2→twse; 公司代號: 2608→1150906; 公司名稱: 嘉里大榮→115
2026-09-06T08:13:57+08:00	fs/2026Q2_ci.csv	2609	market: twse→2609; 出表日期: 1150906→陽明; 年度: 115→2026Q2; 季別: 2→twse; 公司代號: 2609→1150906; 公司名稱: 陽明→115
2026-09-06T08:13:57+08:00	fs/2026Q2_ci.csv	2610	market: twse→2610; 出表日期: 1150906→華航; 年度: 115→2026Q2; 季別: 2→twse; 公司代號: 2610→1150906; 公司名稱: 華航→115
2026-09-06T08:13:57+08:00	fs/2026Q2_ci.csv	2611	market: twse→2611; 出表日期: 1150906→志信; 年度: 115→2026Q2; 季別: 2→twse; 公司代號: 2611→1150906; 公司名稱: 志信→115
2026-09-06T08:13:57+08:00	fs/2026Q2_ci.csv	2612	market: twse→2612; 出表日期: 1150906→中航; 年度: 115→2026Q2; 季別: 2→twse; 公司代號: 2612→1150906; 公司名稱: 中航→115
2026-09-06T08:13:57+08:00	fs/2026Q2_ci.csv	2613	market: twse→2613; 出表日期: 1150906→中櫃; 年度: 115→2026Q2; 季別: 2→twse; 公司代號: 2613→1150906; 公司名稱: 中櫃→115
2026-09-06T08:13:57+08:00	fs/2026Q2_ci.csv	2614	market: twse→2614; 出表日期: 1150906→東森; 年度: 115→2026Q2; 季別: 2→twse; 公司代號: 2614→1150906; 公司名稱: 東森→115
2026-09-06T08:13:57+08:00	fs/2026Q2_ci.csv	2615	market: twse→2615; 出表日期: 1150906→萬海; 年度: 115→2026Q2; 季別: 2→twse; 公司代號: 2615→1150906; 公司名稱: 萬海→115
2026-09-06T08:13:57+08:00	fs/2026Q2_ci.csv	2616	market: twse→2616; 出表日期: 1150906→山隆; 年度: 115→2026Q2; 季別: 2→twse; 公司代號: 2616→1150906; 公司名稱: 山隆→115
2026-09-06T08:13:57+08:00	fs/2026Q2_ci.csv	2617	market: twse→2617; 出表日期: 1150906→台航; 年度: 115→2026Q2; 季別: 2→twse; 公司代號: 2617→1150906; 公司名稱: 台航→115
2026-09-06T08:13:57+08:00	fs/2026Q2_ci.csv	2618	market: twse→2618; 出表日期: 1150906→長榮航; 年度: 115→2026Q2; 季別: 2→twse; 公司代號: 2618→1150906; 公司名稱: 長榮航→115
2026-09-06T08:13:57+08:00	fs/2026Q2_ci.csv	2630	market: twse→2630; 出表日期: 1150906→亞航; 年度: 115→2026Q2; 季別: 2→twse; 公司代號: 2630→1150906; 公司名稱: 亞航→115
2026-09-06T08:13:57+08:00	fs/2026Q2_ci.csv	2633	market: twse→2633; 出表日期: 1150906→台灣高鐵; 年度: 115→2026Q2; 季別: 2→twse; 公司代號: 2633→1150906; 公司名稱: 台灣高鐵→115
2026-09-06T08:13:57+08:00	fs/2026Q2_ci.csv	2634	market: twse→2634; 出表日期: 1150906→漢翔; 年度: 115→2026Q2; 季別: 2→twse; 公司代號: 2634→1150906; 公司名稱: 漢翔→115
2026-09-06T08:13:57+08:00	fs/2026Q2_ci.csv	2636	market: twse→2636; 出表日期: 1150906→台驊控股; 年度: 115→2026Q2; 季別: 2→twse; 公司代號: 2636→1150906; 公司名稱: 台驊控股→115
2026-09-06T08:13:57+08:00	fs/2026Q2_ci.csv	2637	market: twse→2637; 出表日期: 1150906→慧洋-KY; 年度: 115→2026Q2; 季別: 2→twse; 公司代號: 2637→1150906; 公司名稱: 慧洋-KY→115
2026-09-06T08:13:57+08:00	fs/2026Q2_ci.csv	2642	market: twse→2642; 出表日期: 1150906→宅配通; 年度: 115→2026Q2; 季別: 2→twse; 公司代號: 2642→1150906; 公司名稱: 宅配通→115
2026-09-06T08:13:57+08:00	fs/2026Q2_ci.csv	2645	market: twse→2645; 出表日期: 1150906→長榮航太; 年度: 115→2026Q2; 季別: 2→twse; 公司代號: 2645→1150906; 公司名稱: 長榮航太→115
2026-09-06T08:13:57+08:00	fs/2026Q2_ci.csv	2646	market: twse→2646; 出表日期: 1150906→星宇航空; 年度: 115→2026Q2; 季別: 2→twse; 公司代號: 2646→1150906; 公司名稱: 星宇航空→115
2026-09-06T08:13:57+08:00	fs/2026Q2_ci.csv	2701	market: twse→2701; 出表日期: 1150906→萬企; 年度: 115→2026Q2; 季別: 2→twse; 公司代號: 2701→1150906; 公司名稱: 萬企→115
2026-09-06T08:13:57+08:00	fs/2026Q2_ci.csv	2702	market: twse→2702; 出表日期: 1150906→華園; 年度: 115→2026Q2; 季別: 2→twse; 公司代號: 2702→1150906; 公司名稱: 華園→115
2026-09-06T08:13:57+08:00	fs/2026Q2_ci.csv	2704	market: twse→2704; 出表日期: 1150906→國賓; 年度: 115→2026Q2; 季別: 2→twse; 公司代號: 2704→1150906; 公司名稱: 國賓→115
2026-09-06T08:13:57+08:00	fs/2026Q2_ci.csv	2705	market: twse→2705; 出表日期: 1150906→六福; 年度: 115→2026Q2; 季別: 2→twse; 公司代號: 2705→1150906; 公司名稱: 六福→115
2026-09-06T08:13:57+08:00	fs/2026Q2_ci.csv	2706	market: twse→2706; 出表日期: 1150906→第一店; 年度: 115→2026Q2; 季別: 2→twse; 公司代號: 2706→1150906; 公司名稱: 第一店→115
2026-09-06T08:13:57+08:00	fs/2026Q2_ci.csv	2707	market: twse→2707; 出表日期: 1150906→晶華; 年度: 115→2026Q2; 季別: 2→twse; 公司代號: 2707→1150906; 公司名稱: 晶華→115
2026-09-06T08:13:57+08:00	fs/2026Q2_ci.csv	2712	market: twse→2712; 出表日期: 1150906→遠雄來; 年度: 115→2026Q2; 季別: 2→twse; 公司代號: 2712→1150906; 公司名稱: 遠雄來→115
2026-09-06T08:13:57+08:00	fs/2026Q2_ci.csv	2722	market: twse→2722; 出表日期: 1150906→夏都; 年度: 115→2026Q2; 季別: 2→twse; 公司代號: 2722→1150906; 公司名稱: 夏都→115
2026-09-06T08:13:57+08:00	fs/2026Q2_ci.csv	2723	market: twse→2723; 出表日期: 1150906→美食-KY; 年度: 115→2026Q2; 季別: 2→twse; 公司代號: 2723→1150906; 公司名稱: 美食-KY→115
2026-09-06T08:13:57+08:00	fs/2026Q2_ci.csv	2727	market: twse→2727; 出表日期: 1150906→王品; 年度: 115→2026Q2; 季別: 2→twse; 公司代號: 2727→1150906; 公司名稱: 王品→115
2026-09-06T08:13:57+08:00	fs/2026Q2_ci.csv	2731	market: twse→2731; 出表日期: 1150906→雄獅; 年度: 115→2026Q2; 季別: 2→twse; 公司代號: 2731→1150906; 公司名稱: 雄獅→115
2026-09-06T08:13:57+08:00	fs/2026Q2_ci.csv	2739	market: twse→2739; 出表日期: 1150906→寒舍; 年度: 115→2026Q2; 季別: 2→twse; 公司代號: 2739→1150906; 公司名稱: 寒舍→115
2026-09-06T08:13:57+08:00	fs/2026Q2_ci.csv	2748	market: twse→2748; 出表日期: 1150906→雲品; 年度: 115→2026Q2; 季別: 2→twse; 公司代號: 2748→1150906; 公司名稱: 雲品→115
2026-09-06T08:13:57+08:00	fs/2026Q2_ci.csv	2753	market: twse→2753; 出表日期: 1150906→八方雲集; 年度: 115→2026Q2; 季別: 2→twse; 公司代號: 2753→1150906; 公司名稱: 八方雲集→115
2026-09-06T08:13:57+08:00	fs/2026Q2_ci.csv	2762	market: twse→2762; 出表日期: 1150906→世界健身-KY; 年度: 115→2026Q2; 季別: 2→twse; 公司代號: 2762→1150906; 公司名稱: 世界健身-KY→115
2026-09-06T08:13:57+08:00	fs/2026Q2_ci.csv	2901	market: twse→2901; 出表日期: 1150906→欣欣; 年度: 115→2026Q2; 季別: 2→twse; 公司代號: 2901→1150906; 公司名稱: 欣欣→115
2026-09-06T08:13:57+08:00	fs/2026Q2_ci.csv	2903	market: twse→2903; 出表日期: 1150906→遠百; 年度: 115→2026Q2; 季別: 2→twse; 公司代號: 2903→1150906; 公司名稱: 遠百→115
2026-09-06T08:13:57+08:00	fs/2026Q2_ci.csv	2904	market: twse→2904; 出表日期: 1150906→匯僑; 年度: 115→2026Q2; 季別: 2→twse; 公司代號: 2904→1150906; 公司名稱: 匯僑→115
2026-09-06T08:13:57+08:00	fs/2026Q2_ci.csv	2906	market: twse→2906; 出表日期: 1150906→高林; 年度: 115→2026Q2; 季別: 2→twse; 公司代號: 2906→1150906; 公司名稱: 高林→115
2026-09-06T08:13:57+08:00	fs/2026Q2_ci.csv	2908	market: twse→2908; 出表日期: 1150906→特力; 年度: 115→2026Q2; 季別: 2→twse; 公司代號: 2908→1150906; 公司名稱: 特力→115
2026-09-06T08:13:57+08:00	fs/2026Q2_ci.csv	2910	market: twse→2910; 出表日期: 1150906→統領; 年度: 115→2026Q2; 季別: 2→twse; 公司代號: 2910→1150906; 公司名稱: 統領→115
2026-09-06T08:13:57+08:00	fs/2026Q2_ci.csv	2911	market: twse→2911; 出表日期: 1150906→麗嬰房; 年度: 115→2026Q2; 季別: 2→twse; 公司代號: 2911→1150906; 公司名稱: 麗嬰房→115
2026-09-06T08:13:57+08:00	fs/2026Q2_ci.csv	2912	market: twse→2912; 出表日期: 1150906→統一超; 年度: 115→2026Q2; 季別: 2→twse; 公司代號: 2912→1150906; 公司名稱: 統一超→115
2026-09-06T08:13:57+08:00	fs/2026Q2_ci.csv	2913	market: twse→2913; 出表日期: 1150906→農林; 年度: 115→2026Q2; 季別: 2→twse; 公司代號: 2913→1150906; 公司名稱: 農林→115
2026-09-06T08:13:57+08:00	fs/2026Q2_ci.csv	2915	market: twse→2915; 出表日期: 1150906→潤泰全; 年度: 115→2026Q2; 季別: 2→twse; 公司代號: 2915→1150906; 公司名稱: 潤泰全→115
2026-09-06T08:13:57+08:00	fs/2026Q2_ci.csv	2923	market: twse→2923; 出表日期: 1150906→鼎固-KY; 年度: 115→2026Q2; 季別: 2→twse; 公司代號: 2923→1150906; 公司名稱: 鼎固-KY→115
2026-09-06T08:13:57+08:00	fs/2026Q2_ci.csv	2929	market: twse→2929; 出表日期: 1150906→淘帝-KY; 年度: 115→2026Q2; 季別: 2→twse; 公司代號: 2929→1150906; 公司名稱: 淘帝-KY→115
2026-09-06T08:13:57+08:00	fs/2026Q2_ci.csv	2939	market: twse→2939; 出表日期: 1150906→永邑-KY; 年度: 115→2026Q2; 季別: 2→twse; 公司代號: 2939→1150906; 公司名稱: 永邑-KY→115
2026-09-06T08:13:57+08:00	fs/2026Q2_ci.csv	2945	market: twse→2945; 出表日期: 1150906→三商家購; 年度: 115→2026Q2; 季別: 2→twse; 公司代號: 2945→1150906; 公司名稱: 三商家購→115
2026-09-06T08:13:57+08:00	fs/2026Q2_ci.csv	3002	market: twse→3002; 出表日期: 1150906→歐格; 年度: 115→2026Q2; 季別: 2→twse; 公司代號: 3002→1150906; 公司名稱: 歐格→115
2026-09-06T08:13:57+08:00	fs/2026Q2_ci.csv	3003	market: twse→3003; 出表日期: 1150906→健和興; 年度: 115→2026Q2; 季別: 2→twse; 公司代號: 3003→1150906; 公司名稱: 健和興→115
2026-09-06T08:13:57+08:00	fs/2026Q2_ci.csv	3004	market: twse→3004; 出表日期: 1150906→豐達科; 年度: 115→2026Q2; 季別: 2→twse; 公司代號: 3004→1150906; 公司名稱: 豐達科→115
2026-09-06T08:13:57+08:00	fs/2026Q2_ci.csv	3005	market: twse→3005; 出表日期: 1150906→神基; 年度: 115→2026Q2; 季別: 2→twse; 公司代號: 3005→1150906; 公司名稱: 神基→115
2026-09-06T08:13:57+08:00	fs/2026Q2_ci.csv	3006	market: twse→3006; 出表日期: 1150906→晶豪科; 年度: 115→2026Q2; 季別: 2→twse; 公司代號: 3006→1150906; 公司名稱: 晶豪科→115
2026-09-06T08:13:57+08:00	fs/2026Q2_ci.csv	3008	market: twse→3008; 出表日期: 1150906→大立光; 年度: 115→2026Q2; 季別: 2→twse; 公司代號: 3008→1150906; 公司名稱: 大立光→115
2026-09-06T08:13:57+08:00	fs/2026Q2_ci.csv	3010	market: twse→3010; 出表日期: 1150906→華立; 年度: 115→2026Q2; 季別: 2→twse; 公司代號: 3010→1150906; 公司名稱: 華立→115
2026-09-06T08:13:57+08:00	fs/2026Q2_ci.csv	3011	market: twse→3011; 出表日期: 1150906→今皓; 年度: 115→2026Q2; 季別: 2→twse; 公司代號: 3011→1150906; 公司名稱: 今皓→115
2026-09-06T08:13:57+08:00	fs/2026Q2_ci.csv	3013	market: twse→3013; 出表日期: 1150906→晟銘電; 年度: 115→2026Q2; 季別: 2→twse; 公司代號: 3013→1150906; 公司名稱: 晟銘電→115
2026-09-06T08:13:57+08:00	fs/2026Q2_ci.csv	3014	market: twse→3014; 出表日期: 1150906→聯陽; 年度: 115→2026Q2; 季別: 2→twse; 公司代號: 3014→1150906; 公司名稱: 聯陽→115
2026-09-06T08:13:57+08:00	fs/2026Q2_ci.csv	3015	market: twse→3015; 出表日期: 1150906→全漢; 年度: 115→2026Q2; 季別: 2→twse; 公司代號: 3015→1150906; 公司名稱: 全漢→115
2026-09-06T08:13:57+08:00	fs/2026Q2_ci.csv	3016	market: twse→3016; 出表日期: 1150906→嘉晶; 年度: 115→2026Q2; 季別: 2→twse; 公司代號: 3016→1150906; 公司名稱: 嘉晶→115
2026-09-06T08:13:57+08:00	fs/2026Q2_ci.csv	3017	market: twse→3017; 出表日期: 1150906→奇鋐; 年度: 115→2026Q2; 季別: 2→twse; 公司代號: 3017→1150906; 公司名稱: 奇鋐→115
2026-09-06T08:13:57+08:00	fs/2026Q2_ci.csv	3018	market: twse→3018; 出表日期: 1150906→隆銘綠能; 年度: 115→2026Q2; 季別: 2→twse; 公司代號: 3018→1150906; 公司名稱: 隆銘綠能→115
2026-09-06T08:13:57+08:00	fs/2026Q2_ci.csv	3019	market: twse→3019; 出表日期: 1150906→亞光; 年度: 115→2026Q2; 季別: 2→twse; 公司代號: 3019→1150906; 公司名稱: 亞光→115
2026-09-06T08:13:57+08:00	fs/2026Q2_ci.csv	3021	market: twse→3021; 出表日期: 1150906→鴻名; 年度: 115→2026Q2; 季別: 2→twse; 公司代號: 3021→1150906; 公司名稱: 鴻名→115
2026-09-06T08:13:57+08:00	fs/2026Q2_ci.csv	3022	market: twse→3022; 出表日期: 1150906→威強電; 年度: 115→2026Q2; 季別: 2→twse; 公司代號: 3022→1150906; 公司名稱: 威強電→115
2026-09-06T08:13:57+08:00	fs/2026Q2_ci.csv	3023	market: twse→3023; 出表日期: 1150906→信邦; 年度: 115→2026Q2; 季別: 2→twse; 公司代號: 3023→1150906; 公司名稱: 信邦→115
2026-09-06T08:13:57+08:00	fs/2026Q2_ci.csv	3024	market: twse→3024; 出表日期: 1150906→憶聲; 年度: 115→2026Q2; 季別: 2→twse; 公司代號: 3024→1150906; 公司名稱: 憶聲→115
2026-09-06T08:13:57+08:00	fs/2026Q2_ci.csv	3025	market: twse→3025; 出表日期: 1150906→星通; 年度: 115→2026Q2; 季別: 2→twse; 公司代號: 3025→1150906; 公司名稱: 星通→115
2026-09-06T08:13:57+08:00	fs/2026Q2_ci.csv	3026	market: twse→3026; 出表日期: 1150906→禾伸堂; 年度: 115→2026Q2; 季別: 2→twse; 公司代號: 3026→1150906; 公司名稱: 禾伸堂→115
2026-09-06T08:13:57+08:00	fs/2026Q2_ci.csv	3027	market: twse→3027; 出表日期: 1150906→盛達; 年度: 115→2026Q2; 季別: 2→twse; 公司代號: 3027→1150906; 公司名稱: 盛達→115
2026-09-06T08:13:57+08:00	fs/2026Q2_ci.csv	3028	market: twse→3028; 出表日期: 1150906→增你強; 年度: 115→2026Q2; 季別: 2→twse; 公司代號: 3028→1150906; 公司名稱: 增你強→115
2026-09-06T08:13:57+08:00	fs/2026Q2_ci.csv	3029	market: twse→3029; 出表日期: 1150906→零壹; 年度: 115→2026Q2; 季別: 2→twse; 公司代號: 3029→1150906; 公司名稱: 零壹→115
2026-09-06T08:13:57+08:00	fs/2026Q2_ci.csv	3030	market: twse→3030; 出表日期: 1150906→德律; 年度: 115→2026Q2; 季別: 2→twse; 公司代號: 3030→1150906; 公司名稱: 德律→115
2026-09-06T08:13:57+08:00	fs/2026Q2_ci.csv	3031	market: twse→3031; 出表日期: 1150906→佰鴻; 年度: 115→2026Q2; 季別: 2→twse; 公司代號: 3031→1150906; 公司名稱: 佰鴻→115
2026-09-06T08:13:57+08:00	fs/2026Q2_ci.csv	3032	market: twse→3032; 出表日期: 1150906→偉訓; 年度: 115→2026Q2; 季別: 2→twse; 公司代號: 3032→1150906; 公司名稱: 偉訓→115
2026-09-06T08:13:57+08:00	fs/2026Q2_ci.csv	3033	market: twse→3033; 出表日期: 1150906→威健; 年度: 115→2026Q2; 季別: 2→twse; 公司代號: 3033→1150906; 公司名稱: 威健→115
2026-09-06T08:13:57+08:00	fs/2026Q2_ci.csv	3034	market: twse→3034; 出表日期: 1150906→聯詠; 年度: 115→2026Q2; 季別: 2→twse; 公司代號: 3034→1150906; 公司名稱: 聯詠→115
2026-09-06T08:13:57+08:00	fs/2026Q2_ci.csv	3035	market: twse→3035; 出表日期: 1150906→智原; 年度: 115→2026Q2; 季別: 2→twse; 公司代號: 3035→1150906; 公司名稱: 智原→115
2026-09-06T08:13:57+08:00	fs/2026Q2_ci.csv	3036	market: twse→3036; 出表日期: 1150906→文曄; 年度: 115→2026Q2; 季別: 2→twse; 公司代號: 3036→1150906; 公司名稱: 文曄→115
2026-09-06T08:13:57+08:00	fs/2026Q2_ci.csv	3037	market: twse→3037; 出表日期: 1150906→欣興; 年度: 115→2026Q2; 季別: 2→twse; 公司代號: 3037→1150906; 公司名稱: 欣興→115
2026-09-06T08:13:57+08:00	fs/2026Q2_ci.csv	3038	market: twse→3038; 出表日期: 1150906→全台; 年度: 115→2026Q2; 季別: 2→twse; 公司代號: 3038→1150906; 公司名稱: 全台→115
2026-09-06T08:13:57+08:00	fs/2026Q2_ci.csv	3040	market: twse→3040; 出表日期: 1150906→遠見; 年度: 115→2026Q2; 季別: 2→twse; 公司代號: 3040→1150906; 公司名稱: 遠見→115
2026-09-06T08:13:57+08:00	fs/2026Q2_ci.csv	3041	market: twse→3041; 出表日期: 1150906→揚智; 年度: 115→2026Q2; 季別: 2→twse; 公司代號: 3041→1150906; 公司名稱: 揚智→115
2026-09-06T08:13:57+08:00	fs/2026Q2_ci.csv	3042	market: twse→3042; 出表日期: 1150906→晶技; 年度: 115→2026Q2; 季別: 2→twse; 公司代號: 3042→1150906; 公司名稱: 晶技→115
2026-09-06T08:13:57+08:00	fs/2026Q2_ci.csv	3043	market: twse→3043; 出表日期: 1150906→科風; 年度: 115→2026Q2; 季別: 2→twse; 公司代號: 3043→1150906; 公司名稱: 科風→115
2026-09-06T08:13:57+08:00	fs/2026Q2_ci.csv	3044	market: twse→3044; 出表日期: 1150906→健鼎; 年度: 115→2026Q2; 季別: 2→twse; 公司代號: 3044→1150906; 公司名稱: 健鼎→115
2026-09-06T08:13:57+08:00	fs/2026Q2_ci.csv	3045	market: twse→3045; 出表日期: 1150906→台灣大; 年度: 115→2026Q2; 季別: 2→twse; 公司代號: 3045→1150906; 公司名稱: 台灣大→115
2026-09-06T08:13:57+08:00	fs/2026Q2_ci.csv	3046	market: twse→3046; 出表日期: 1150906→建碁; 年度: 115→2026Q2; 季別: 2→twse; 公司代號: 3046→1150906; 公司名稱: 建碁→115
2026-09-06T08:13:57+08:00	fs/2026Q2_ci.csv	3047	market: twse→3047; 出表日期: 1150906→訊舟; 年度: 115→2026Q2; 季別: 2→twse; 公司代號: 3047→1150906; 公司名稱: 訊舟→115
2026-09-06T08:13:57+08:00	fs/2026Q2_ci.csv	3048	market: twse→3048; 出表日期: 1150906→益登; 年度: 115→2026Q2; 季別: 2→twse; 公司代號: 3048→1150906; 公司名稱: 益登→115
2026-09-06T08:13:57+08:00	fs/2026Q2_ci.csv	3049	market: twse→3049; 出表日期: 1150906→精金; 年度: 115→2026Q2; 季別: 2→twse; 公司代號: 3049→1150906; 公司名稱: 精金→115
2026-09-06T08:13:57+08:00	fs/2026Q2_ci.csv	3050	market: twse→3050; 出表日期: 1150906→鈺德; 年度: 115→2026Q2; 季別: 2→twse; 公司代號: 3050→1150906; 公司名稱: 鈺德→115
2026-09-06T08:13:57+08:00	fs/2026Q2_ci.csv	3051	market: twse→3051; 出表日期: 1150906→力特; 年度: 115→2026Q2; 季別: 2→twse; 公司代號: 3051→1150906; 公司名稱: 力特→115
2026-09-06T08:13:57+08:00	fs/2026Q2_ci.csv	3052	market: twse→3052; 出表日期: 1150906→夆典; 年度: 115→2026Q2; 季別: 2→twse; 公司代號: 3052→1150906; 公司名稱: 夆典→115
2026-09-06T08:13:57+08:00	fs/2026Q2_ci.csv	3054	market: twse→3054; 出表日期: 1150906→立萬利; 年度: 115→2026Q2; 季別: 2→twse; 公司代號: 3054→1150906; 公司名稱: 立萬利→115
2026-09-06T08:13:57+08:00	fs/2026Q2_ci.csv	3055	market: twse→3055; 出表日期: 1150906→蔚華科; 年度: 115→2026Q2; 季別: 2→twse; 公司代號: 3055→1150906; 公司名稱: 蔚華科→115
2026-09-06T08:13:57+08:00	fs/2026Q2_ci.csv	3056	market: twse→3056; 出表日期: 1150906→富華新; 年度: 115→2026Q2; 季別: 2→twse; 公司代號: 3056→1150906; 公司名稱: 富華新→115
2026-09-06T08:13:57+08:00	fs/2026Q2_ci.csv	3057	market: twse→3057; 出表日期: 1150906→喬鼎; 年度: 115→2026Q2; 季別: 2→twse; 公司代號: 3057→1150906; 公司名稱: 喬鼎→115
2026-09-06T08:13:57+08:00	fs/2026Q2_ci.csv	3058	market: twse→3058; 出表日期: 1150906→立德; 年度: 115→2026Q2; 季別: 2→twse; 公司代號: 3058→1150906; 公司名稱: 立德→115
2026-09-06T08:13:57+08:00	fs/2026Q2_ci.csv	3059	market: twse→3059; 出表日期: 1150906→華晶科; 年度: 115→2026Q2; 季別: 2→twse; 公司代號: 3059→1150906; 公司名稱: 華晶科→115
2026-09-06T08:13:57+08:00	fs/2026Q2_ci.csv	3060	market: twse→3060; 出表日期: 1150906→銘異; 年度: 115→2026Q2; 季別: 2→twse; 公司代號: 3060→1150906; 公司名稱: 銘異→115
2026-09-06T08:13:57+08:00	fs/2026Q2_ci.csv	3062	market: twse→3062; 出表日期: 1150906→建漢; 年度: 115→2026Q2; 季別: 2→twse; 公司代號: 3062→1150906; 公司名稱: 建漢→115
2026-09-06T08:13:57+08:00	fs/2026Q2_ci.csv	3090	market: twse→3090; 出表日期: 1150906→日電貿; 年度: 115→2026Q2; 季別: 2→twse; 公司代號: 3090→1150906; 公司名稱: 日電貿→115
2026-09-06T08:13:57+08:00	fs/2026Q2_ci.csv	3092	market: twse→3092; 出表日期: 1150906→鴻碩; 年度: 115→2026Q2; 季別: 2→twse; 公司代號: 3092→1150906; 公司名稱: 鴻碩→115
2026-09-06T08:13:57+08:00	fs/2026Q2_ci.csv	3094	market: twse→3094; 出表日期: 1150906→聯傑; 年度: 115→2026Q2; 季別: 2→twse; 公司代號: 3094→1150906; 公司名稱: 聯傑→115
2026-09-06T08:13:57+08:00	fs/2026Q2_ci.csv	3130	market: twse→3130; 出表日期: 1150906→一零四; 年度: 115→2026Q2; 季別: 2→twse; 公司代號: 3130→1150906; 公司名稱: 一零四→115
2026-09-06T08:13:57+08:00	fs/2026Q2_ci.csv	3135	market: twse→3135; 出表日期: 1150906→凌航; 年度: 115→2026Q2; 季別: 2→twse; 公司代號: 3135→1150906; 公司名稱: 凌航→115
2026-09-06T08:13:57+08:00	fs/2026Q2_ci.csv	3138	market: twse→3138; 出表日期: 1150906→耀登; 年度: 115→2026Q2; 季別: 2→twse; 公司代號: 3138→1150906; 公司名稱: 耀登→115
2026-09-06T08:13:57+08:00	fs/2026Q2_ci.csv	3149	market: twse→3149; 出表日期: 1150906→正達; 年度: 115→2026Q2; 季別: 2→twse; 公司代號: 3149→1150906; 公司名稱: 正達→115
2026-09-06T08:13:57+08:00	fs/2026Q2_ci.csv	3150	market: twse→3150; 出表日期: 1150906→鈺寶-創; 年度: 115→2026Q2; 季別: 2→twse; 公司代號: 3150→1150906; 公司名稱: 鈺寶-創→115
2026-09-06T08:13:57+08:00	fs/2026Q2_ci.csv	3164	market: twse→3164; 出表日期: 1150906→景岳; 年度: 115→2026Q2; 季別: 2→twse; 公司代號: 3164→1150906; 公司名稱: 景岳→115
2026-09-06T08:13:57+08:00	fs/2026Q2_ci.csv	3167	market: twse→3167; 出表日期: 1150906→大量; 年度: 115→2026Q2; 季別: 2→twse; 公司代號: 3167→1150906; 公司名稱: 大量→115
2026-09-06T08:13:57+08:00	fs/2026Q2_ci.csv	3168	market: twse→3168; 出表日期: 1150906→眾福科; 年度: 115→2026Q2; 季別: 2→twse; 公司代號: 3168→1150906; 公司名稱: 眾福科→115
2026-09-06T08:13:57+08:00	fs/2026Q2_ci.csv	3189	market: twse→3189; 出表日期: 1150906→景碩; 年度: 115→2026Q2; 季別: 2→twse; 公司代號: 3189→1150906; 公司名稱: 景碩→115
2026-09-06T08:13:57+08:00	fs/2026Q2_ci.csv	3209	market: twse→3209; 出表日期: 1150906→全科; 年度: 115→2026Q2; 季別: 2→twse; 公司代號: 3209→1150906; 公司名稱: 全科→115
2026-09-06T08:13:57+08:00	fs/2026Q2_ci.csv	3229	market: twse→3229; 出表日期: 1150906→晟鈦; 年度: 115→2026Q2; 季別: 2→twse; 公司代號: 3229→1150906; 公司名稱: 晟鈦→115
2026-09-06T08:13:57+08:00	fs/2026Q2_ci.csv	3231	market: twse→3231; 出表日期: 1150906→緯創; 年度: 115→2026Q2; 季別: 2→twse; 公司代號: 3231→1150906; 公司名稱: 緯創→115
2026-09-06T08:13:57+08:00	fs/2026Q2_ci.csv	3257	market: twse→3257; 出表日期: 1150906→虹冠電; 年度: 115→2026Q2; 季別: 2→twse; 公司代號: 3257→1150906; 公司名稱: 虹冠電→115
2026-09-06T08:13:57+08:00	fs/2026Q2_ci.csv	3266	market: twse→3266; 出表日期: 1150906→昇陽; 年度: 115→2026Q2; 季別: 2→twse; 公司代號: 3266→1150906; 公司名稱: 昇陽→115
2026-09-06T08:13:57+08:00	fs/2026Q2_ci.csv	3296	market: twse→3296; 出表日期: 1150906→勝德; 年度: 115→2026Q2; 季別: 2→twse; 公司代號: 3296→1150906; 公司名稱: 勝德→115
2026-09-06T08:13:57+08:00	fs/2026Q2_ci.csv	3305	market: twse→3305; 出表日期: 1150906→昇貿; 年度: 115→2026Q2; 季別: 2→twse; 公司代號: 3305→1150906; 公司名稱: 昇貿→115
2026-09-06T08:13:57+08:00	fs/2026Q2_ci.csv	3308	market: twse→3308; 出表日期: 1150906→聯德; 年度: 115→2026Q2; 季別: 2→twse; 公司代號: 3308→1150906; 公司名稱: 聯德→115
2026-09-06T08:13:57+08:00	fs/2026Q2_ci.csv	3311	market: twse→3311; 出表日期: 1150906→閎暉; 年度: 115→2026Q2; 季別: 2→twse; 公司代號: 3311→1150906; 公司名稱: 閎暉→115
2026-09-06T08:13:57+08:00	fs/2026Q2_ci.csv	3312	market: twse→3312; 出表日期: 1150906→弘憶股; 年度: 115→2026Q2; 季別: 2→twse; 公司代號: 3312→1150906; 公司名稱: 弘憶股→115
2026-09-06T08:13:57+08:00	fs/2026Q2_ci.csv	3321	market: twse→3321; 出表日期: 1150906→同泰; 年度: 115→2026Q2; 季別: 2→twse; 公司代號: 3321→1150906; 公司名稱: 同泰→115
2026-09-06T08:13:57+08:00	fs/2026Q2_ci.csv	3338	market: twse→3338; 出表日期: 1150906→泰碩; 年度: 115→2026Q2; 季別: 2→twse; 公司代號: 3338→1150906; 公司名稱: 泰碩→115
2026-09-06T08:13:57+08:00	fs/2026Q2_ci.csv	3346	market: twse→3346; 出表日期: 1150906→麗清; 年度: 115→2026Q2; 季別: 2→twse; 公司代號: 3346→1150906; 公司名稱: 麗清→115
2026-09-06T08:13:57+08:00	fs/2026Q2_ci.csv	3356	market: twse→3356; 出表日期: 1150906→奇偶; 年度: 115→2026Q2; 季別: 2→twse; 公司代號: 3356→1150906; 公司名稱: 奇偶→115
2026-09-06T08:13:57+08:00	fs/2026Q2_ci.csv	3376	market: twse→3376; 出表日期: 1150906→新日興; 年度: 115→2026Q2; 季別: 2→twse; 公司代號: 3376→1150906; 公司名稱: 新日興→115
2026-09-06T08:13:57+08:00	fs/2026Q2_ci.csv	3380	market: twse→3380; 出表日期: 1150906→明泰; 年度: 115→2026Q2; 季別: 2→twse; 公司代號: 3380→1150906; 公司名稱: 明泰→115
2026-09-06T08:13:57+08:00	fs/2026Q2_ci.csv	3406	market: twse→3406; 出表日期: 1150906→玉晶光; 年度: 115→2026Q2; 季別: 2→twse; 公司代號: 3406→1150906; 公司名稱: 玉晶光→115
2026-09-06T08:13:57+08:00	fs/2026Q2_ci.csv	3413	market: twse→3413; 出表日期: 1150906→京鼎; 年度: 115→2026Q2; 季別: 2→twse; 公司代號: 3413→1150906; 公司名稱: 京鼎→115
2026-09-06T08:13:57+08:00	fs/2026Q2_ci.csv	3416	market: twse→3416; 出表日期: 1150906→融程電; 年度: 115→2026Q2; 季別: 2→twse; 公司代號: 3416→1150906; 公司名稱: 融程電→115
2026-09-06T08:13:57+08:00	fs/2026Q2_ci.csv	3419	market: twse→3419; 出表日期: 1150906→譁裕; 年度: 115→2026Q2; 季別: 2→twse; 公司代號: 3419→1150906; 公司名稱: 譁裕→115
2026-09-06T08:13:57+08:00	fs/2026Q2_ci.csv	3432	market: twse→3432; 出表日期: 1150906→台端; 年度: 115→2026Q2; 季別: 2→twse; 公司代號: 3432→1150906; 公司名稱: 台端→115
2026-09-06T08:13:57+08:00	fs/2026Q2_ci.csv	3437	market: twse→3437; 出表日期: 1150906→榮創; 年度: 115→2026Q2; 季別: 2→twse; 公司代號: 3437→1150906; 公司名稱: 榮創→115
2026-09-06T08:13:57+08:00	fs/2026Q2_ci.csv	3443	market: twse→3443; 出表日期: 1150906→創意; 年度: 115→2026Q2; 季別: 2→twse; 公司代號: 3443→1150906; 公司名稱: 創意→115
2026-09-06T08:13:57+08:00	fs/2026Q2_ci.csv	3447	market: twse→3447; 出表日期: 1150906→展達; 年度: 115→2026Q2; 季別: 2→twse; 公司代號: 3447→1150906; 公司名稱: 展達→115
2026-09-06T08:13:57+08:00	fs/2026Q2_ci.csv	3450	market: twse→3450; 出表日期: 1150906→聯鈞; 年度: 115→2026Q2; 季別: 2→twse; 公司代號: 3450→1150906; 公司名稱: 聯鈞→115
2026-09-06T08:13:57+08:00	fs/2026Q2_ci.csv	3481	market: twse→3481; 出表日期: 1150906→群創; 年度: 115→2026Q2; 季別: 2→twse; 公司代號: 3481→1150906; 公司名稱: 群創→115
2026-09-06T08:13:57+08:00	fs/2026Q2_ci.csv	3494	market: twse→3494; 出表日期: 1150906→誠研; 年度: 115→2026Q2; 季別: 2→twse; 公司代號: 3494→1150906; 公司名稱: 誠研→115
2026-09-06T08:13:57+08:00	fs/2026Q2_ci.csv	3501	market: twse→3501; 出表日期: 1150906→維熹; 年度: 115→2026Q2; 季別: 2→twse; 公司代號: 3501→1150906; 公司名稱: 維熹→115
2026-09-06T08:13:57+08:00	fs/2026Q2_ci.csv	3504	market: twse→3504; 出表日期: 1150906→揚明光; 年度: 115→2026Q2; 季別: 2→twse; 公司代號: 3504→1150906; 公司名稱: 揚明光→115
2026-09-06T08:13:57+08:00	fs/2026Q2_ci.csv	3515	market: twse→3515; 出表日期: 1150906→華擎; 年度: 115→2026Q2; 季別: 2→twse; 公司代號: 3515→1150906; 公司名稱: 華擎→115
2026-09-06T08:13:57+08:00	fs/2026Q2_ci.csv	3518	market: twse→3518; 出表日期: 1150906→柏騰; 年度: 115→2026Q2; 季別: 2→twse; 公司代號: 3518→1150906; 公司名稱: 柏騰→115
2026-09-06T08:13:57+08:00	fs/2026Q2_ci.csv	3528	market: twse→3528; 出表日期: 1150906→安馳; 年度: 115→2026Q2; 季別: 2→twse; 公司代號: 3528→1150906; 公司名稱: 安馳→115
2026-09-06T08:13:57+08:00	fs/2026Q2_ci.csv	3530	market: twse→3530; 出表日期: 1150906→晶相光; 年度: 115→2026Q2; 季別: 2→twse; 公司代號: 3530→1150906; 公司名稱: 晶相光→115
2026-09-06T08:13:57+08:00	fs/2026Q2_ci.csv	3532	market: twse→3532; 出表日期: 1150906→台勝科; 年度: 115→2026Q2; 季別: 2→twse; 公司代號: 3532→1150906; 公司名稱: 台勝科→115
2026-09-06T08:13:57+08:00	fs/2026Q2_ci.csv	3533	market: twse→3533; 出表日期: 1150906→嘉澤; 年度: 115→2026Q2; 季別: 2→twse; 公司代號: 3533→1150906; 公司名稱: 嘉澤→115
2026-09-06T08:13:57+08:00	fs/2026Q2_ci.csv	3535	market: twse→3535; 出表日期: 1150906→晶彩科; 年度: 115→2026Q2; 季別: 2→twse; 公司代號: 3535→1150906; 公司名稱: 晶彩科→115
2026-09-06T08:13:57+08:00	fs/2026Q2_ci.csv	3543	market: twse→3543; 出表日期: 1150906→州巧; 年度: 115→2026Q2; 季別: 2→twse; 公司代號: 3543→1150906; 公司名稱: 州巧→115
2026-09-06T08:13:57+08:00	fs/2026Q2_ci.csv	3545	market: twse→3545; 出表日期: 1150906→敦泰; 年度: 115→2026Q2; 季別: 2→twse; 公司代號: 3545→1150906; 公司名稱: 敦泰→115
2026-09-06T08:13:57+08:00	fs/2026Q2_ci.csv	3550	market: twse→3550; 出表日期: 1150906→聯穎; 年度: 115→2026Q2; 季別: 2→twse; 公司代號: 3550→1150906; 公司名稱: 聯穎→115
2026-09-06T08:13:57+08:00	fs/2026Q2_ci.csv	3557	market: twse→3557; 出表日期: 1150906→嘉威; 年度: 115→2026Q2; 季別: 2→twse; 公司代號: 3557→1150906; 公司名稱: 嘉威→115
2026-09-06T08:13:57+08:00	fs/2026Q2_ci.csv	3563	market: twse→3563; 出表日期: 1150906→牧德; 年度: 115→2026Q2; 季別: 2→twse; 公司代號: 3563→1150906; 公司名稱: 牧德→115
2026-09-06T08:13:57+08:00	fs/2026Q2_ci.csv	3576	market: twse→3576; 出表日期: 1150906→聯合再生; 年度: 115→2026Q2; 季別: 2→twse; 公司代號: 3576→1150906; 公司名稱: 聯合再生→115
2026-09-06T08:13:57+08:00	fs/2026Q2_ci.csv	3583	market: twse→3583; 出表日期: 1150906→辛耘; 年度: 115→2026Q2; 季別: 2→twse; 公司代號: 3583→1150906; 公司名稱: 辛耘→115
2026-09-06T08:13:57+08:00	fs/2026Q2_ci.csv	3588	market: twse→3588; 出表日期: 1150906→通嘉; 年度: 115→2026Q2; 季別: 2→twse; 公司代號: 3588→1150906; 公司名稱: 通嘉→115
2026-09-06T08:13:57+08:00	fs/2026Q2_ci.csv	3591	market: twse→3591; 出表日期: 1150906→艾笛森; 年度: 115→2026Q2; 季別: 2→twse; 公司代號: 3591→1150906; 公司名稱: 艾笛森→115
2026-09-06T08:13:57+08:00	fs/2026Q2_ci.csv	3592	market: twse→3592; 出表日期: 1150906→瑞鼎; 年度: 115→2026Q2; 季別: 2→twse; 公司代號: 3592→1150906; 公司名稱: 瑞鼎→115
2026-09-06T08:13:57+08:00	fs/2026Q2_ci.csv	3593	market: twse→3593; 出表日期: 1150906→力銘; 年度: 115→2026Q2; 季別: 2→twse; 公司代號: 3593→1150906; 公司名稱: 力銘→115
2026-09-06T08:13:57+08:00	fs/2026Q2_ci.csv	3596	market: twse→3596; 出表日期: 1150906→智易; 年度: 115→2026Q2; 季別: 2→twse; 公司代號: 3596→1150906; 公司名稱: 智易→115
2026-09-06T08:13:57+08:00	fs/2026Q2_ci.csv	3605	market: twse→3605; 出表日期: 1150906→宏致; 年度: 115→2026Q2; 季別: 2→twse; 公司代號: 3605→1150906; 公司名稱: 宏致→115
2026-09-06T08:13:57+08:00	fs/2026Q2_ci.csv	3607	market: twse→3607; 出表日期: 1150906→谷崧; 年度: 115→2026Q2; 季別: 2→twse; 公司代號: 3607→1150906; 公司名稱: 谷崧→115
2026-09-06T08:13:57+08:00	fs/2026Q2_ci.csv	3617	market: twse→3617; 出表日期: 1150906→碩天; 年度: 115→2026Q2; 季別: 2→twse; 公司代號: 3617→1150906; 公司名稱: 碩天→115
2026-09-06T08:13:57+08:00	fs/2026Q2_ci.csv	3622	market: twse→3622; 出表日期: 1150906→洋華; 年度: 115→2026Q2; 季別: 2→twse; 公司代號: 3622→1150906; 公司名稱: 洋華→115
2026-09-06T08:13:57+08:00	fs/2026Q2_ci.csv	3645	market: twse→3645; 出表日期: 1150906→達邁; 年度: 115→2026Q2; 季別: 2→twse; 公司代號: 3645→1150906; 公司名稱: 達邁→115
2026-09-06T08:13:57+08:00	fs/2026Q2_ci.csv	3652	market: twse→3652; 出表日期: 1150906→精聯; 年度: 115→2026Q2; 季別: 2→twse; 公司代號: 3652→1150906; 公司名稱: 精聯→115
2026-09-06T08:13:57+08:00	fs/2026Q2_ci.csv	3653	market: twse→3653; 出表日期: 1150906→健策; 年度: 115→2026Q2; 季別: 2→twse; 公司代號: 3653→1150906; 公司名稱: 健策→115
2026-09-06T08:13:57+08:00	fs/2026Q2_ci.csv	3661	market: twse→3661; 出表日期: 1150906→世芯-KY; 年度: 115→2026Q2; 季別: 2→twse; 公司代號: 3661→1150906; 公司名稱: 世芯-KY→115
2026-09-06T08:13:57+08:00	fs/2026Q2_ci.csv	3665	market: twse→3665; 出表日期: 1150906→貿聯-KY; 年度: 115→2026Q2; 季別: 2→twse; 公司代號: 3665→1150906; 公司名稱: 貿聯-KY→115
2026-09-06T08:13:57+08:00	fs/2026Q2_ci.csv	3669	market: twse→3669; 出表日期: 1150906→圓展; 年度: 115→2026Q2; 季別: 2→twse; 公司代號: 3669→1150906; 公司名稱: 圓展→115
2026-09-06T08:13:57+08:00	fs/2026Q2_ci.csv	3673	market: twse→3673; 出表日期: 1150906→TPK-KY; 年度: 115→2026Q2; 季別: 2→twse; 公司代號: 3673→1150906; 公司名稱: TPK-KY→115
2026-09-06T08:13:57+08:00	fs/2026Q2_ci.csv	3679	market: twse→3679; 出表日期: 1150906→新至陞; 年度: 115→2026Q2; 季別: 2→twse; 公司代號: 3679→1150906; 公司名稱: 新至陞→115
2026-09-06T08:13:57+08:00	fs/2026Q2_ci.csv	3686	market: twse→3686; 出表日期: 1150906→達能; 年度: 115→2026Q2; 季別: 2→twse; 公司代號: 3686→1150906; 公司名稱: 達能→115
2026-09-06T08:13:57+08:00	fs/2026Q2_ci.csv	3694	market: twse→3694; 出表日期: 1150906→海華; 年度: 115→2026Q2; 季別: 2→twse; 公司代號: 3694→1150906; 公司名稱: 海華→115
2026-09-06T08:13:57+08:00	fs/2026Q2_ci.csv	3701	market: twse→3701; 出表日期: 1150906→大眾控; 年度: 115→2026Q2; 季別: 2→twse; 公司代號: 3701→1150906; 公司名稱: 大眾控→115
2026-09-06T08:13:57+08:00	fs/2026Q2_ci.csv	3702	market: twse→3702; 出表日期: 1150906→大聯大; 年度: 115→2026Q2; 季別: 2→twse; 公司代號: 3702→1150906; 公司名稱: 大聯大→115
2026-09-06T08:13:57+08:00	fs/2026Q2_ci.csv	3703	market: twse→3703; 出表日期: 1150906→欣陸; 年度: 115→2026Q2; 季別: 2→twse; 公司代號: 3703→1150906; 公司名稱: 欣陸→115
2026-09-06T08:13:57+08:00	fs/2026Q2_ci.csv	3704	market: twse→3704; 出表日期: 1150906→合勤控; 年度: 115→2026Q2; 季別: 2→twse; 公司代號: 3704→1150906; 公司名稱: 合勤控→115
2026-09-06T08:13:57+08:00	fs/2026Q2_ci.csv	3705	market: twse→3705; 出表日期: 1150906→永信; 年度: 115→2026Q2; 季別: 2→twse; 公司代號: 3705→1150906; 公司名稱: 永信→115
2026-09-06T08:13:57+08:00	fs/2026Q2_ci.csv	3706	market: twse→3706; 出表日期: 1150906→神達; 年度: 115→2026Q2; 季別: 2→twse; 公司代號: 3706→1150906; 公司名稱: 神達→115
2026-09-06T08:13:57+08:00	fs/2026Q2_ci.csv	3708	market: twse→3708; 出表日期: 1150906→上緯投控; 年度: 115→2026Q2; 季別: 2→twse; 公司代號: 3708→1150906; 公司名稱: 上緯投控→115
2026-09-06T08:13:57+08:00	fs/2026Q2_ci.csv	3711	market: twse→3711; 出表日期: 1150906→日月光投控; 年度: 115→2026Q2; 季別: 2→twse; 公司代號: 3711→1150906; 公司名稱: 日月光投控→115
2026-09-06T08:13:57+08:00	fs/2026Q2_ci.csv	3712	market: twse→3712; 出表日期: 1150906→永崴投控; 年度: 115→2026Q2; 季別: 2→twse; 公司代號: 3712→1150906; 公司名稱: 永崴投控→115
2026-09-06T08:13:57+08:00	fs/2026Q2_ci.csv	3714	market: twse→3714; 出表日期: 1150906→富采; 年度: 115→2026Q2; 季別: 2→twse; 公司代號: 3714→1150906; 公司名稱: 富采→115
2026-09-06T08:13:57+08:00	fs/2026Q2_ci.csv	3715	market: twse→3715; 出表日期: 1150906→定穎投控; 年度: 115→2026Q2; 季別: 2→twse; 公司代號: 3715→1150906; 公司名稱: 定穎投控→115
2026-09-06T08:13:57+08:00	fs/2026Q2_ci.csv	3716	market: twse→3716; 出表日期: 1150906→中化控股; 年度: 115→2026Q2; 季別: 2→twse; 公司代號: 3716→1150906; 公司名稱: 中化控股→115
2026-09-06T08:13:57+08:00	fs/2026Q2_ci.csv	3717	market: twse→3717; 出表日期: 1150906→聯嘉投控; 年度: 115→2026Q2; 季別: 2→twse; 公司代號: 3717→1150906; 公司名稱: 聯嘉投控→115
2026-09-06T08:13:57+08:00	fs/2026Q2_ci.csv	4104	market: twse→4104; 出表日期: 1150906→佳醫; 年度: 115→2026Q2; 季別: 2→twse; 公司代號: 4104→1150906; 公司名稱: 佳醫→115
2026-09-06T08:13:57+08:00	fs/2026Q2_ci.csv	4106	market: twse→4106; 出表日期: 1150906→雃博; 年度: 115→2026Q2; 季別: 2→twse; 公司代號: 4106→1150906; 公司名稱: 雃博→115
2026-09-06T08:13:57+08:00	fs/2026Q2_ci.csv	4108	market: twse→4108; 出表日期: 1150906→懷特; 年度: 115→2026Q2; 季別: 2→twse; 公司代號: 4108→1150906; 公司名稱: 懷特→115
2026-09-06T08:13:57+08:00	fs/2026Q2_ci.csv	4119	market: twse→4119; 出表日期: 1150906→旭富; 年度: 115→2026Q2; 季別: 2→twse; 公司代號: 4119→1150906; 公司名稱: 旭富→115
2026-09-06T08:13:57+08:00	fs/2026Q2_ci.csv	4133	market: twse→4133; 出表日期: 1150906→亞諾法; 年度: 115→2026Q2; 季別: 2→twse; 公司代號: 4133→1150906; 公司名稱: 亞諾法→115
2026-09-06T08:13:57+08:00	fs/2026Q2_ci.csv	4137	market: twse→4137; 出表日期: 1150906→麗豐-KY; 年度: 115→2026Q2; 季別: 2→twse; 公司代號: 4137→1150906; 公司名稱: 麗豐-KY→115
2026-09-06T08:13:57+08:00	fs/2026Q2_ci.csv	4142	market: twse→4142; 出表日期: 1150906→國光生; 年度: 115→2026Q2; 季別: 2→twse; 公司代號: 4142→1150906; 公司名稱: 國光生→115
2026-09-06T08:13:57+08:00	fs/2026Q2_ci.csv	4148	market: twse→4148; 出表日期: 1150906→全宇生技-KY; 年度: 115→2026Q2; 季別: 2→twse; 公司代號: 4148→1150906; 公司名稱: 全宇生技-KY→115
2026-09-06T08:13:57+08:00	fs/2026Q2_ci.csv	4155	market: twse→4155; 出表日期: 1150906→訊映; 年度: 115→2026Q2; 季別: 2→twse; 公司代號: 4155→1150906; 公司名稱: 訊映→115
2026-09-06T08:13:57+08:00	fs/2026Q2_ci.csv	4164	market: twse→4164; 出表日期: 1150906→承業醫; 年度: 115→2026Q2; 季別: 2→twse; 公司代號: 4164→1150906; 公司名稱: 承業醫→115
2026-09-06T08:13:57+08:00	fs/2026Q2_ci.csv	4169	market: twse→4169; 出表日期: 1150906→泰宗; 年度: 115→2026Q2; 季別: 2→twse; 公司代號: 4169→1150906; 公司名稱: 泰宗→115
2026-09-06T08:13:57+08:00	fs/2026Q2_ci.csv	4178	market: twse→4178; 出表日期: 1150906→永笙-KY; 年度: 115→2026Q2; 季別: 2→twse; 公司代號: 4178→1150906; 公司名稱: 永笙-KY→115
2026-09-06T08:13:57+08:00	fs/2026Q2_ci.csv	4190	market: twse→4190; 出表日期: 1150906→佐登-KY; 年度: 115→2026Q2; 季別: 2→twse; 公司代號: 4190→1150906; 公司名稱: 佐登-KY→115
2026-09-06T08:13:57+08:00	fs/2026Q2_ci.csv	4195	market: twse→4195; 出表日期: 1150906→基米-創; 年度: 115→2026Q2; 季別: 2→twse; 公司代號: 4195→1150906; 公司名稱: 基米-創→115
2026-09-06T08:13:57+08:00	fs/2026Q2_ci.csv	4306	market: twse→4306; 出表日期: 1150906→炎洲; 年度: 115→2026Q2; 季別: 2→twse; 公司代號: 4306→1150906; 公司名稱: 炎洲→115
2026-09-06T08:13:57+08:00	fs/2026Q2_ci.csv	4414	market: twse→4414; 出表日期: 1150906→如興; 年度: 115→2026Q2; 季別: 2→twse; 公司代號: 4414→1150906; 公司名稱: 如興→115
2026-09-06T08:13:57+08:00	fs/2026Q2_ci.csv	4426	market: twse→4426; 出表日期: 1150906→利勤; 年度: 115→2026Q2; 季別: 2→twse; 公司代號: 4426→1150906; 公司名稱: 利勤→115
2026-09-06T08:13:57+08:00	fs/2026Q2_ci.csv	4438	market: twse→4438; 出表日期: 1150906→廣越; 年度: 115→2026Q2; 季別: 2→twse; 公司代號: 4438→1150906; 公司名稱: 廣越→115
2026-09-06T08:13:57+08:00	fs/2026Q2_ci.csv	4439	market: twse→4439; 出表日期: 1150906→冠星-KY; 年度: 115→2026Q2; 季別: 2→twse; 公司代號: 4439→1150906; 公司名稱: 冠星-KY→115
2026-09-06T08:13:57+08:00	fs/2026Q2_ci.csv	4440	market: twse→4440; 出表日期: 1150906→宜新實業; 年度: 115→2026Q2; 季別: 2→twse; 公司代號: 4440→1150906; 公司名稱: 宜新實業→115
2026-09-06T08:13:57+08:00	fs/2026Q2_ci.csv	4441	market: twse→4441; 出表日期: 1150906→振大環球; 年度: 115→2026Q2; 季別: 2→twse; 公司代號: 4441→1150906; 公司名稱: 振大環球→115
2026-09-06T08:13:57+08:00	fs/2026Q2_ci.csv	4526	market: twse→4526; 出表日期: 1150906→東台; 年度: 115→2026Q2; 季別: 2→twse; 公司代號: 4526→1150906; 公司名稱: 東台→115
2026-09-06T08:13:57+08:00	fs/2026Q2_ci.csv	4532	market: twse→4532; 出表日期: 1150906→瑞智; 年度: 115→2026Q2; 季別: 2→twse; 公司代號: 4532→1150906; 公司名稱: 瑞智→115
2026-09-06T08:13:57+08:00	fs/2026Q2_ci.csv	4536	market: twse→4536; 出表日期: 1150906→拓凱; 年度: 115→2026Q2; 季別: 2→twse; 公司代號: 4536→1150906; 公司名稱: 拓凱→115
2026-09-06T08:13:57+08:00	fs/2026Q2_ci.csv	4540	market: twse→4540; 出表日期: 1150906→全球傳動; 年度: 115→2026Q2; 季別: 2→twse; 公司代號: 4540→1150906; 公司名稱: 全球傳動→115
2026-09-06T08:13:57+08:00	fs/2026Q2_ci.csv	4545	market: twse→4545; 出表日期: 1150906→銘鈺; 年度: 115→2026Q2; 季別: 2→twse; 公司代號: 4545→1150906; 公司名稱: 銘鈺→115
2026-09-06T08:13:57+08:00	fs/2026Q2_ci.csv	4551	market: twse→4551; 出表日期: 1150906→智伸科; 年度: 115→2026Q2; 季別: 2→twse; 公司代號: 4551→1150906; 公司名稱: 智伸科→115
2026-09-06T08:13:57+08:00	fs/2026Q2_ci.csv	4552	market: twse→4552; 出表日期: 1150906→力達-KY; 年度: 115→2026Q2; 季別: 2→twse; 公司代號: 4552→1150906; 公司名稱: 力達-KY→115
2026-09-06T08:13:57+08:00	fs/2026Q2_ci.csv	4555	market: twse→4555; 出表日期: 1150906→氣立; 年度: 115→2026Q2; 季別: 2→twse; 公司代號: 4555→1150906; 公司名稱: 氣立→115
2026-09-06T08:13:57+08:00	fs/2026Q2_ci.csv	4557	market: twse→4557; 出表日期: 1150906→永新-KY; 年度: 115→2026Q2; 季別: 2→twse; 公司代號: 4557→1150906; 公司名稱: 永新-KY→115
2026-09-06T08:13:57+08:00	fs/2026Q2_ci.csv	4560	market: twse→4560; 出表日期: 1150906→強信-KY; 年度: 115→2026Q2; 季別: 2→twse; 公司代號: 4560→1150906; 公司名稱: 強信-KY→115
2026-09-06T08:13:57+08:00	fs/2026Q2_ci.csv	4562	market: twse→4562; 出表日期: 1150906→穎漢; 年度: 115→2026Q2; 季別: 2→twse; 公司代號: 4562→1150906; 公司名稱: 穎漢→115
2026-09-06T08:13:57+08:00	fs/2026Q2_ci.csv	4564	market: twse→4564; 出表日期: 1150906→元翎; 年度: 115→2026Q2; 季別: 2→twse; 公司代號: 4564→1150906; 公司名稱: 元翎→115
2026-09-06T08:13:57+08:00	fs/2026Q2_ci.csv	4566	market: twse→4566; 出表日期: 1150906→時碩工業; 年度: 115→2026Q2; 季別: 2→twse; 公司代號: 4566→1150906; 公司名稱: 時碩工業→115
2026-09-06T08:13:57+08:00	fs/2026Q2_ci.csv	4569	market: twse→4569; 出表日期: 1150906→六方科-KY; 年度: 115→2026Q2; 季別: 2→twse; 公司代號: 4569→1150906; 公司名稱: 六方科-KY→115
2026-09-06T08:13:57+08:00	fs/2026Q2_ci.csv	4571	market: twse→4571; 出表日期: 1150906→鈞興-KY; 年度: 115→2026Q2; 季別: 2→twse; 公司代號: 4571→1150906; 公司名稱: 鈞興-KY→115
2026-09-06T08:13:57+08:00	fs/2026Q2_ci.csv	4572	market: twse→4572; 出表日期: 1150906→駐龍; 年度: 115→2026Q2; 季別: 2→twse; 公司代號: 4572→1150906; 公司名稱: 駐龍→115
2026-09-06T08:13:57+08:00	fs/2026Q2_ci.csv	4576	market: twse→4576; 出表日期: 1150906→大銀微系統; 年度: 115→2026Q2; 季別: 2→twse; 公司代號: 4576→1150906; 公司名稱: 大銀微系統→115
2026-09-06T08:13:57+08:00	fs/2026Q2_ci.csv	4581	market: twse→4581; 出表日期: 1150906→光隆精密-KY; 年度: 115→2026Q2; 季別: 2→twse; 公司代號: 4581→1150906; 公司名稱: 光隆精密-KY→115
2026-09-06T08:13:57+08:00	fs/2026Q2_ci.csv	4582	market: twse→4582; 出表日期: 1150906→聚恆-創; 年度: 115→2026Q2; 季別: 2→twse; 公司代號: 4582→1150906; 公司名稱: 聚恆-創→115
2026-09-06T08:13:57+08:00	fs/2026Q2_ci.csv	4583	market: twse→4583; 出表日期: 1150906→台灣精銳; 年度: 115→2026Q2; 季別: 2→twse; 公司代號: 4583→1150906; 公司名稱: 台灣精銳→115
2026-09-06T08:13:57+08:00	fs/2026Q2_ci.csv	4585	market: twse→4585; 出表日期: 1150906→達明; 年度: 115→2026Q2; 季別: 2→twse; 公司代號: 4585→1150906; 公司名稱: 達明→115
2026-09-06T08:13:57+08:00	fs/2026Q2_ci.csv	4588	market: twse→4588; 出表日期: 1150906→玖鼎電力; 年度: 115→2026Q2; 季別: 2→twse; 公司代號: 4588→1150906; 公司名稱: 玖鼎電力→115
2026-09-06T08:13:57+08:00	fs/2026Q2_ci.csv	4590	market: twse→4590; 出表日期: 1150906→富田-創; 年度: 115→2026Q2; 季別: 2→twse; 公司代號: 4590→1150906; 公司名稱: 富田-創→115
2026-09-06T08:13:57+08:00	fs/2026Q2_ci.csv	4720	market: twse→4720; 出表日期: 1150906→德淵; 年度: 115→2026Q2; 季別: 2→twse; 公司代號: 4720→1150906; 公司名稱: 德淵→115
2026-09-06T08:13:57+08:00	fs/2026Q2_ci.csv	4722	market: twse→4722; 出表日期: 1150906→國精化; 年度: 115→2026Q2; 季別: 2→twse; 公司代號: 4722→1150906; 公司名稱: 國精化→115
2026-09-06T08:13:57+08:00	fs/2026Q2_ci.csv	4736	market: twse→4736; 出表日期: 1150906→泰博; 年度: 115→2026Q2; 季別: 2→twse; 公司代號: 4736→1150906; 公司名稱: 泰博→115
2026-09-06T08:13:57+08:00	fs/2026Q2_ci.csv	4737	market: twse→4737; 出表日期: 1150906→華廣; 年度: 115→2026Q2; 季別: 2→twse; 公司代號: 4737→1150906; 公司名稱: 華廣→115
2026-09-06T08:13:57+08:00	fs/2026Q2_ci.csv	4739	market: twse→4739; 出表日期: 1150906→康普; 年度: 115→2026Q2; 季別: 2→twse; 公司代號: 4739→1150906; 公司名稱: 康普→115
2026-09-06T08:13:57+08:00	fs/2026Q2_ci.csv	4746	market: twse→4746; 出表日期: 1150906→台耀; 年度: 115→2026Q2; 季別: 2→twse; 公司代號: 4746→1150906; 公司名稱: 台耀→115
2026-09-06T08:13:57+08:00	fs/2026Q2_ci.csv	4755	market: twse→4755; 出表日期: 1150906→三福化; 年度: 115→2026Q2; 季別: 2→twse; 公司代號: 4755→1150906; 公司名稱: 三福化→115
2026-09-06T08:13:57+08:00	fs/2026Q2_ci.csv	4763	market: twse→4763; 出表日期: 1150906→材料*-KY; 年度: 115→2026Q2; 季別: 2→twse; 公司代號: 4763→1150906; 公司名稱: 材料*-KY→115
2026-09-06T08:13:57+08:00	fs/2026Q2_ci.csv	4764	market: twse→4764; 出表日期: 1150906→雙鍵; 年度: 115→2026Q2; 季別: 2→twse; 公司代號: 4764→1150906; 公司名稱: 雙鍵→115
2026-09-06T08:13:57+08:00	fs/2026Q2_ci.csv	4766	market: twse→4766; 出表日期: 1150906→南寶; 年度: 115→2026Q2; 季別: 2→twse; 公司代號: 4766→1150906; 公司名稱: 南寶→115
2026-09-06T08:13:57+08:00	fs/2026Q2_ci.csv	4770	market: twse→4770; 出表日期: 1150906→上品; 年度: 115→2026Q2; 季別: 2→twse; 公司代號: 4770→1150906; 公司名稱: 上品→115
2026-09-06T08:13:57+08:00	fs/2026Q2_ci.csv	4771	market: twse→4771; 出表日期: 1150906→望隼; 年度: 115→2026Q2; 季別: 2→twse; 公司代號: 4771→1150906; 公司名稱: 望隼→115
2026-09-06T08:13:57+08:00	fs/2026Q2_ci.csv	4807	market: twse→4807; 出表日期: 1150906→日成-KY; 年度: 115→2026Q2; 季別: 2→twse; 公司代號: 4807→1150906; 公司名稱: 日成-KY→115
2026-09-06T08:13:57+08:00	fs/2026Q2_ci.csv	4904	market: twse→4904; 出表日期: 1150906→遠傳; 年度: 115→2026Q2; 季別: 2→twse; 公司代號: 4904→1150906; 公司名稱: 遠傳→115
2026-09-06T08:13:57+08:00	fs/2026Q2_ci.csv	4906	market: twse→4906; 出表日期: 1150906→正文; 年度: 115→2026Q2; 季別: 2→twse; 公司代號: 4906→1150906; 公司名稱: 正文→115
2026-09-06T08:13:57+08:00	fs/2026Q2_ci.csv	4912	market: twse→4912; 出表日期: 1150906→聯德控股-KY; 年度: 115→2026Q2; 季別: 2→twse; 公司代號: 4912→1150906; 公司名稱: 聯德控股-KY→115
2026-09-06T08:13:57+08:00	fs/2026Q2_ci.csv	4915	market: twse→4915; 出表日期: 1150906→致伸; 年度: 115→2026Q2; 季別: 2→twse; 公司代號: 4915→1150906; 公司名稱: 致伸→115
2026-09-06T08:13:57+08:00	fs/2026Q2_ci.csv	4916	market: twse→4916; 出表日期: 1150906→事欣科; 年度: 115→2026Q2; 季別: 2→twse; 公司代號: 4916→1150906; 公司名稱: 事欣科→115
2026-09-06T08:13:57+08:00	fs/2026Q2_ci.csv	4919	market: twse→4919; 出表日期: 1150906→新唐; 年度: 115→2026Q2; 季別: 2→twse; 公司代號: 4919→1150906; 公司名稱: 新唐→115
2026-09-06T08:13:57+08:00	fs/2026Q2_ci.csv	4927	market: twse→4927; 出表日期: 1150906→泰鼎-KY; 年度: 115→2026Q2; 季別: 2→twse; 公司代號: 4927→1150906; 公司名稱: 泰鼎-KY→115
2026-09-06T08:13:57+08:00	fs/2026Q2_ci.csv	4930	market: twse→4930; 出表日期: 1150906→燦星網; 年度: 115→2026Q2; 季別: 2→twse; 公司代號: 4930→1150906; 公司名稱: 燦星網→115
2026-09-06T08:13:57+08:00	fs/2026Q2_ci.csv	4934	market: twse→4934; 出表日期: 1150906→太極; 年度: 115→2026Q2; 季別: 2→twse; 公司代號: 4934→1150906; 公司名稱: 太極→115
2026-09-06T08:13:57+08:00	fs/2026Q2_ci.csv	4935	market: twse→4935; 出表日期: 1150906→茂林-KY; 年度: 115→2026Q2; 季別: 2→twse; 公司代號: 4935→1150906; 公司名稱: 茂林-KY→115
2026-09-06T08:13:57+08:00	fs/2026Q2_ci.csv	4938	market: twse→4938; 出表日期: 1150906→和碩; 年度: 115→2026Q2; 季別: 2→twse; 公司代號: 4938→1150906; 公司名稱: 和碩→115
2026-09-06T08:13:57+08:00	fs/2026Q2_ci.csv	4942	market: twse→4942; 出表日期: 1150906→嘉彰; 年度: 115→2026Q2; 季別: 2→twse; 公司代號: 4942→1150906; 公司名稱: 嘉彰→115
2026-09-06T08:13:57+08:00	fs/2026Q2_ci.csv	4943	market: twse→4943; 出表日期: 1150906→康控-KY; 年度: 115→2026Q2; 季別: 2→twse; 公司代號: 4943→1150906; 公司名稱: 康控-KY→115
2026-09-06T08:13:57+08:00	fs/2026Q2_ci.csv	4949	market: twse→4949; 出表日期: 1150906→有成精密; 年度: 115→2026Q2; 季別: 2→twse; 公司代號: 4949→1150906; 公司名稱: 有成精密→115
2026-09-06T08:13:57+08:00	fs/2026Q2_ci.csv	4952	market: twse→4952; 出表日期: 1150906→凌通; 年度: 115→2026Q2; 季別: 2→twse; 公司代號: 4952→1150906; 公司名稱: 凌通→115
2026-09-06T08:13:57+08:00	fs/2026Q2_ci.csv	4956	market: twse→4956; 出表日期: 1150906→光鋐; 年度: 115→2026Q2; 季別: 2→twse; 公司代號: 4956→1150906; 公司名稱: 光鋐→115
2026-09-06T08:13:57+08:00	fs/2026Q2_ci.csv	4958	market: twse→4958; 出表日期: 1150906→臻鼎-KY; 年度: 115→2026Q2; 季別: 2→twse; 公司代號: 4958→1150906; 公司名稱: 臻鼎-KY→115
2026-09-06T08:13:57+08:00	fs/2026Q2_ci.csv	4960	market: twse→4960; 出表日期: 1150906→誠美材; 年度: 115→2026Q2; 季別: 2→twse; 公司代號: 4960→1150906; 公司名稱: 誠美材→115
2026-09-06T08:13:57+08:00	fs/2026Q2_ci.csv	4961	market: twse→4961; 出表日期: 1150906→天鈺; 年度: 115→2026Q2; 季別: 2→twse; 公司代號: 4961→1150906; 公司名稱: 天鈺→115
2026-09-06T08:13:57+08:00	fs/2026Q2_ci.csv	4967	market: twse→4967; 出表日期: 1150906→十銓; 年度: 115→2026Q2; 季別: 2→twse; 公司代號: 4967→1150906; 公司名稱: 十銓→115
2026-09-06T08:13:57+08:00	fs/2026Q2_ci.csv	4968	market: twse→4968; 出表日期: 1150906→立積; 年度: 115→2026Q2; 季別: 2→twse; 公司代號: 4968→1150906; 公司名稱: 立積→115
2026-09-06T08:13:57+08:00	fs/2026Q2_ci.csv	4976	market: twse→4976; 出表日期: 1150906→佳凌; 年度: 115→2026Q2; 季別: 2→twse; 公司代號: 4976→1150906; 公司名稱: 佳凌→115
2026-09-06T08:13:57+08:00	fs/2026Q2_ci.csv	4977	market: twse→4977; 出表日期: 1150906→眾達-KY; 年度: 115→2026Q2; 季別: 2→twse; 公司代號: 4977→1150906; 公司名稱: 眾達-KY→115
2026-09-06T08:13:57+08:00	fs/2026Q2_ci.csv	4989	market: twse→4989; 出表日期: 1150906→榮科; 年度: 115→2026Q2; 季別: 2→twse; 公司代號: 4989→1150906; 公司名稱: 榮科→115
2026-09-06T08:13:57+08:00	fs/2026Q2_ci.csv	4994	market: twse→4994; 出表日期: 1150906→傳奇; 年度: 115→2026Q2; 季別: 2→twse; 公司代號: 4994→1150906; 公司名稱: 傳奇→115
2026-09-06T08:13:57+08:00	fs/2026Q2_ci.csv	4999	market: twse→4999; 出表日期: 1150906→鑫禾; 年度: 115→2026Q2; 季別: 2→twse; 公司代號: 4999→1150906; 公司名稱: 鑫禾→115
2026-09-06T08:13:57+08:00	fs/2026Q2_ci.csv	5007	market: twse→5007; 出表日期: 1150906→三星; 年度: 115→2026Q2; 季別: 2→twse; 公司代號: 5007→1150906; 公司名稱: 三星→115
2026-09-06T08:13:57+08:00	fs/2026Q2_ci.csv	5203	market: twse→5203; 出表日期: 1150906→訊連; 年度: 115→2026Q2; 季別: 2→twse; 公司代號: 5203→1150906; 公司名稱: 訊連→115
2026-09-06T08:13:57+08:00	fs/2026Q2_ci.csv	5215	market: twse→5215; 出表日期: 1150906→科嘉-KY; 年度: 115→2026Q2; 季別: 2→twse; 公司代號: 5215→1150906; 公司名稱: 科嘉-KY→115
2026-09-06T08:13:57+08:00	fs/2026Q2_ci.csv	5222	market: twse→5222; 出表日期: 1150906→全訊; 年度: 115→2026Q2; 季別: 2→twse; 公司代號: 5222→1150906; 公司名稱: 全訊→115
2026-09-06T08:13:57+08:00	fs/2026Q2_ci.csv	5225	market: twse→5225; 出表日期: 1150906→東科-KY; 年度: 115→2026Q2; 季別: 2→twse; 公司代號: 5225→1150906; 公司名稱: 東科-KY→115
2026-09-06T08:13:57+08:00	fs/2026Q2_ci.csv	5234	market: twse→5234; 出表日期: 1150906→達興材料; 年度: 115→2026Q2; 季別: 2→twse; 公司代號: 5234→1150906; 公司名稱: 達興材料→115
2026-09-06T08:13:57+08:00	fs/2026Q2_ci.csv	5236	market: twse→5236; 出表日期: 1150906→凌陽創新; 年度: 115→2026Q2; 季別: 2→twse; 公司代號: 5236→1150906; 公司名稱: 凌陽創新→115
2026-09-06T08:13:57+08:00	fs/2026Q2_ci.csv	5243	market: twse→5243; 出表日期: 1150906→乙盛-KY; 年度: 115→2026Q2; 季別: 2→twse; 公司代號: 5243→1150906; 公司名稱: 乙盛-KY→115
2026-09-06T08:13:57+08:00	fs/2026Q2_ci.csv	5244	market: twse→5244; 出表日期: 1150906→弘凱; 年度: 115→2026Q2; 季別: 2→twse; 公司代號: 5244→1150906; 公司名稱: 弘凱→115
2026-09-06T08:13:57+08:00	fs/2026Q2_ci.csv	5258	market: twse→5258; 出表日期: 1150906→虹堡; 年度: 115→2026Q2; 季別: 2→twse; 公司代號: 5258→1150906; 公司名稱: 虹堡→115
2026-09-06T08:13:57+08:00	fs/2026Q2_ci.csv	5269	market: twse→5269; 出表日期: 1150906→祥碩; 年度: 115→2026Q2; 季別: 2→twse; 公司代號: 5269→1150906; 公司名稱: 祥碩→115
2026-09-06T08:13:57+08:00	fs/2026Q2_ci.csv	5283	market: twse→5283; 出表日期: 1150906→禾聯碩; 年度: 115→2026Q2; 季別: 2→twse; 公司代號: 5283→1150906; 公司名稱: 禾聯碩→115
2026-09-06T08:13:57+08:00	fs/2026Q2_ci.csv	5284	market: twse→5284; 出表日期: 1150906→jpp-KY; 年度: 115→2026Q2; 季別: 2→twse; 公司代號: 5284→1150906; 公司名稱: jpp-KY→115
2026-09-06T08:13:57+08:00	fs/2026Q2_ci.csv	5285	market: twse→5285; 出表日期: 1150906→界霖; 年度: 115→2026Q2; 季別: 2→twse; 公司代號: 5285→1150906; 公司名稱: 界霖→115
2026-09-06T08:13:57+08:00	fs/2026Q2_ci.csv	5288	market: twse→5288; 出表日期: 1150906→豐祥-KY; 年度: 115→2026Q2; 季別: 2→twse; 公司代號: 5288→1150906; 公司名稱: 豐祥-KY→115
2026-09-06T08:13:57+08:00	fs/2026Q2_ci.csv	5292	market: twse→5292; 出表日期: 1150906→華懋; 年度: 115→2026Q2; 季別: 2→twse; 公司代號: 5292→1150906; 公司名稱: 華懋→115
2026-09-06T08:13:57+08:00	fs/2026Q2_ci.csv	5306	market: twse→5306; 出表日期: 1150906→桂盟; 年度: 115→2026Q2; 季別: 2→twse; 公司代號: 5306→1150906; 公司名稱: 桂盟→115
2026-09-06T08:13:57+08:00	fs/2026Q2_ci.csv	5388	market: twse→5388; 出表日期: 1150906→中磊; 年度: 115→2026Q2; 季別: 2→twse; 公司代號: 5388→1150906; 公司名稱: 中磊→115
2026-09-06T08:13:57+08:00	fs/2026Q2_ci.csv	5434	market: twse→5434; 出表日期: 1150906→崇越; 年度: 115→2026Q2; 季別: 2→twse; 公司代號: 5434→1150906; 公司名稱: 崇越→115
2026-09-06T08:13:57+08:00	fs/2026Q2_ci.csv	5469	market: twse→5469; 出表日期: 1150906→瀚宇博; 年度: 115→2026Q2; 季別: 2→twse; 公司代號: 5469→1150906; 公司名稱: 瀚宇博→115
2026-09-06T08:13:57+08:00	fs/2026Q2_ci.csv	5471	market: twse→5471; 出表日期: 1150906→松翰; 年度: 115→2026Q2; 季別: 2→twse; 公司代號: 5471→1150906; 公司名稱: 松翰→115
2026-09-06T08:13:57+08:00	fs/2026Q2_ci.csv	5484	market: twse→5484; 出表日期: 1150906→慧友; 年度: 115→2026Q2; 季別: 2→twse; 公司代號: 5484→1150906; 公司名稱: 慧友→115
2026-09-06T08:13:57+08:00	fs/2026Q2_ci.csv	5515	market: twse→5515; 出表日期: 1150906→建國; 年度: 115→2026Q2; 季別: 2→twse; 公司代號: 5515→1150906; 公司名稱: 建國→115
2026-09-06T08:13:57+08:00	fs/2026Q2_ci.csv	5519	market: twse→5519; 出表日期: 1150906→隆大; 年度: 115→2026Q2; 季別: 2→twse; 公司代號: 5519→1150906; 公司名稱: 隆大→115
2026-09-06T08:13:57+08:00	fs/2026Q2_ci.csv	5521	market: twse→5521; 出表日期: 1150906→工信; 年度: 115→2026Q2; 季別: 2→twse; 公司代號: 5521→1150906; 公司名稱: 工信→115
2026-09-06T08:13:57+08:00	fs/2026Q2_ci.csv	5522	market: twse→5522; 出表日期: 1150906→遠雄; 年度: 115→2026Q2; 季別: 2→twse; 公司代號: 5522→1150906; 公司名稱: 遠雄→115
2026-09-06T08:13:57+08:00	fs/2026Q2_ci.csv	5525	market: twse→5525; 出表日期: 1150906→順天; 年度: 115→2026Q2; 季別: 2→twse; 公司代號: 5525→1150906; 公司名稱: 順天→115
2026-09-06T08:13:57+08:00	fs/2026Q2_ci.csv	5531	market: twse→5531; 出表日期: 1150906→鄉林; 年度: 115→2026Q2; 季別: 2→twse; 公司代號: 5531→1150906; 公司名稱: 鄉林→115
2026-09-06T08:13:57+08:00	fs/2026Q2_ci.csv	5533	market: twse→5533; 出表日期: 1150906→皇鼎; 年度: 115→2026Q2; 季別: 2→twse; 公司代號: 5533→1150906; 公司名稱: 皇鼎→115
2026-09-06T08:13:57+08:00	fs/2026Q2_ci.csv	5534	market: twse→5534; 出表日期: 1150906→長虹; 年度: 115→2026Q2; 季別: 2→twse; 公司代號: 5534→1150906; 公司名稱: 長虹→115
2026-09-06T08:13:57+08:00	fs/2026Q2_ci.csv	5538	market: twse→5538; 出表日期: 1150906→東明-KY; 年度: 115→2026Q2; 季別: 2→twse; 公司代號: 5538→1150906; 公司名稱: 東明-KY→115
2026-09-06T08:13:57+08:00	fs/2026Q2_ci.csv	5546	market: twse→5546; 出表日期: 1150906→永固-KY; 年度: 115→2026Q2; 季別: 2→twse; 公司代號: 5546→1150906; 公司名稱: 永固-KY→115
2026-09-06T08:13:57+08:00	fs/2026Q2_ci.csv	5607	market: twse→5607; 出表日期: 1150906→遠雄港; 年度: 115→2026Q2; 季別: 2→twse; 公司代號: 5607→1150906; 公司名稱: 遠雄港→115
2026-09-06T08:13:57+08:00	fs/2026Q2_ci.csv	5608	market: twse→5608; 出表日期: 1150906→四維航; 年度: 115→2026Q2; 季別: 2→twse; 公司代號: 5608→1150906; 公司名稱: 四維航→115
2026-09-06T08:13:57+08:00	fs/2026Q2_ci.csv	5706	market: twse→5706; 出表日期: 1150906→鳳凰; 年度: 115→2026Q2; 季別: 2→twse; 公司代號: 5706→1150906; 公司名稱: 鳳凰→115
2026-09-06T08:13:57+08:00	fs/2026Q2_ci.csv	5871	market: twse→5871; 出表日期: 1150906→中租-KY; 年度: 115→2026Q2; 季別: 2→twse; 公司代號: 5871→1150906; 公司名稱: 中租-KY→115
2026-09-06T08:13:57+08:00	fs/2026Q2_ci.csv	5906	market: twse→5906; 出表日期: 1150906→台南-KY; 年度: 115→2026Q2; 季別: 2→twse; 公司代號: 5906→1150906; 公司名稱: 台南-KY→115
2026-09-06T08:13:57+08:00	fs/2026Q2_ci.csv	5907	market: twse→5907; 出表日期: 1150906→大洋-KY; 年度: 115→2026Q2; 季別: 2→twse; 公司代號: 5907→1150906; 公司名稱: 大洋-KY→115
2026-09-06T08:13:57+08:00	fs/2026Q2_ci.csv	6108	market: twse→6108; 出表日期: 1150906→競國; 年度: 115→2026Q2; 季別: 2→twse; 公司代號: 6108→1150906; 公司名稱: 競國→115
2026-09-06T08:13:57+08:00	fs/2026Q2_ci.csv	6112	market: twse→6112; 出表日期: 1150906→邁達特; 年度: 115→2026Q2; 季別: 2→twse; 公司代號: 6112→1150906; 公司名稱: 邁達特→115
2026-09-06T08:13:57+08:00	fs/2026Q2_ci.csv	6115	market: twse→6115; 出表日期: 1150906→鎰勝; 年度: 115→2026Q2; 季別: 2→twse; 公司代號: 6115→1150906; 公司名稱: 鎰勝→115
2026-09-06T08:13:57+08:00	fs/2026Q2_ci.csv	6116	market: twse→6116; 出表日期: 1150906→彩晶; 年度: 115→2026Q2; 季別: 2→twse; 公司代號: 6116→1150906; 公司名稱: 彩晶→115
2026-09-06T08:13:57+08:00	fs/2026Q2_ci.csv	6117	market: twse→6117; 出表日期: 1150906→迎廣; 年度: 115→2026Q2; 季別: 2→twse; 公司代號: 6117→1150906; 公司名稱: 迎廣→115
2026-09-06T08:13:57+08:00	fs/2026Q2_ci.csv	6120	market: twse→6120; 出表日期: 1150906→達運; 年度: 115→2026Q2; 季別: 2→twse; 公司代號: 6120→1150906; 公司名稱: 達運→115
2026-09-06T08:13:57+08:00	fs/2026Q2_ci.csv	6128	market: twse→6128; 出表日期: 1150906→上福; 年度: 115→2026Q2; 季別: 2→twse; 公司代號: 6128→1150906; 公司名稱: 上福→115
2026-09-06T08:13:57+08:00	fs/2026Q2_ci.csv	6133	market: twse→6133; 出表日期: 1150906→金橋; 年度: 115→2026Q2; 季別: 2→twse; 公司代號: 6133→1150906; 公司名稱: 金橋→115
2026-09-06T08:13:57+08:00	fs/2026Q2_ci.csv	6136	market: twse→6136; 出表日期: 1150906→富爾特; 年度: 115→2026Q2; 季別: 2→twse; 公司代號: 6136→1150906; 公司名稱: 富爾特→115
2026-09-06T08:13:57+08:00	fs/2026Q2_ci.csv	6139	market: twse→6139; 出表日期: 1150906→亞翔; 年度: 115→2026Q2; 季別: 2→twse; 公司代號: 6139→1150906; 公司名稱: 亞翔→115
2026-09-06T08:13:57+08:00	fs/2026Q2_ci.csv	6141	market: twse→6141; 出表日期: 1150906→柏承; 年度: 115→2026Q2; 季別: 2→twse; 公司代號: 6141→1150906; 公司名稱: 柏承→115
2026-09-06T08:13:57+08:00	fs/2026Q2_ci.csv	6142	market: twse→6142; 出表日期: 1150906→友勁; 年度: 115→2026Q2; 季別: 2→twse; 公司代號: 6142→1150906; 公司名稱: 友勁→115
2026-09-06T08:13:57+08:00	fs/2026Q2_ci.csv	6152	market: twse→6152; 出表日期: 1150906→百一; 年度: 115→2026Q2; 季別: 2→twse; 公司代號: 6152→1150906; 公司名稱: 百一→115
2026-09-06T08:13:57+08:00	fs/2026Q2_ci.csv	6153	market: twse→6153; 出表日期: 1150906→嘉聯益; 年度: 115→2026Q2; 季別: 2→twse; 公司代號: 6153→1150906; 公司名稱: 嘉聯益→115
2026-09-06T08:13:57+08:00	fs/2026Q2_ci.csv	6155	market: twse→6155; 出表日期: 1150906→鈞寶; 年度: 115→2026Q2; 季別: 2→twse; 公司代號: 6155→1150906; 公司名稱: 鈞寶→115
2026-09-06T08:13:57+08:00	fs/2026Q2_ci.csv	6164	market: twse→6164; 出表日期: 1150906→華興; 年度: 115→2026Q2; 季別: 2→twse; 公司代號: 6164→1150906; 公司名稱: 華興→115
2026-09-06T08:13:57+08:00	fs/2026Q2_ci.csv	6165	market: twse→6165; 出表日期: 1150906→浪凡; 年度: 115→2026Q2; 季別: 2→twse; 公司代號: 6165→1150906; 公司名稱: 浪凡→115
2026-09-06T08:13:57+08:00	fs/2026Q2_ci.csv	6166	market: twse→6166; 出表日期: 1150906→凌華; 年度: 115→2026Q2; 季別: 2→twse; 公司代號: 6166→1150906; 公司名稱: 凌華→115
2026-09-06T08:13:57+08:00	fs/2026Q2_ci.csv	6168	market: twse→6168; 出表日期: 1150906→宏齊; 年度: 115→2026Q2; 季別: 2→twse; 公司代號: 6168→1150906; 公司名稱: 宏齊→115
2026-09-06T08:13:57+08:00	fs/2026Q2_ci.csv	6176	market: twse→6176; 出表日期: 1150906→瑞儀; 年度: 115→2026Q2; 季別: 2→twse; 公司代號: 6176→1150906; 公司名稱: 瑞儀→115
2026-09-06T08:13:57+08:00	fs/2026Q2_ci.csv	6177	market: twse→6177; 出表日期: 1150906→達麗; 年度: 115→2026Q2; 季別: 2→twse; 公司代號: 6177→1150906; 公司名稱: 達麗→115
2026-09-06T08:13:57+08:00	fs/2026Q2_ci.csv	6183	market: twse→6183; 出表日期: 1150906→關貿; 年度: 115→2026Q2; 季別: 2→twse; 公司代號: 6183→1150906; 公司名稱: 關貿→115
2026-09-06T08:13:57+08:00	fs/2026Q2_ci.csv	6184	market: twse→6184; 出表日期: 1150906→大豐電; 年度: 115→2026Q2; 季別: 2→twse; 公司代號: 6184→1150906; 公司名稱: 大豐電→115
2026-09-06T08:13:57+08:00	fs/2026Q2_ci.csv	6189	market: twse→6189; 出表日期: 1150906→豐藝; 年度: 115→2026Q2; 季別: 2→twse; 公司代號: 6189→1150906; 公司名稱: 豐藝→115
2026-09-06T08:13:57+08:00	fs/2026Q2_ci.csv	6191	market: twse→6191; 出表日期: 1150906→精成科; 年度: 115→2026Q2; 季別: 2→twse; 公司代號: 6191→1150906; 公司名稱: 精成科→115
2026-09-06T08:13:57+08:00	fs/2026Q2_ci.csv	6192	market: twse→6192; 出表日期: 1150906→巨路; 年度: 115→2026Q2; 季別: 2→twse; 公司代號: 6192→1150906; 公司名稱: 巨路→115
2026-09-06T08:13:57+08:00	fs/2026Q2_ci.csv	6196	market: twse→6196; 出表日期: 1150906→帆宣; 年度: 115→2026Q2; 季別: 2→twse; 公司代號: 6196→1150906; 公司名稱: 帆宣→115
2026-09-06T08:13:57+08:00	fs/2026Q2_ci.csv	6197	market: twse→6197; 出表日期: 1150906→佳必琪; 年度: 115→2026Q2; 季別: 2→twse; 公司代號: 6197→1150906; 公司名稱: 佳必琪→115
2026-09-06T08:13:57+08:00	fs/2026Q2_ci.csv	6201	market: twse→6201; 出表日期: 1150906→亞弘電; 年度: 115→2026Q2; 季別: 2→twse; 公司代號: 6201→1150906; 公司名稱: 亞弘電→115
2026-09-06T08:13:57+08:00	fs/2026Q2_ci.csv	6202	market: twse→6202; 出表日期: 1150906→盛群; 年度: 115→2026Q2; 季別: 2→twse; 公司代號: 6202→1150906; 公司名稱: 盛群→115
2026-09-06T08:13:57+08:00	fs/2026Q2_ci.csv	6205	market: twse→6205; 出表日期: 1150906→詮欣; 年度: 115→2026Q2; 季別: 2→twse; 公司代號: 6205→1150906; 公司名稱: 詮欣→115
2026-09-06T08:13:57+08:00	fs/2026Q2_ci.csv	6206	market: twse→6206; 出表日期: 1150906→飛捷; 年度: 115→2026Q2; 季別: 2→twse; 公司代號: 6206→1150906; 公司名稱: 飛捷→115
2026-09-06T08:13:57+08:00	fs/2026Q2_ci.csv	6209	market: twse→6209; 出表日期: 1150906→今國光; 年度: 115→2026Q2; 季別: 2→twse; 公司代號: 6209→1150906; 公司名稱: 今國光→115
2026-09-06T08:13:57+08:00	fs/2026Q2_ci.csv	6213	market: twse→6213; 出表日期: 1150906→聯茂; 年度: 115→2026Q2; 季別: 2→twse; 公司代號: 6213→1150906; 公司名稱: 聯茂→115
2026-09-06T08:13:57+08:00	fs/2026Q2_ci.csv	6214	market: twse→6214; 出表日期: 1150906→精誠; 年度: 115→2026Q2; 季別: 2→twse; 公司代號: 6214→1150906; 公司名稱: 精誠→115
2026-09-06T08:13:57+08:00	fs/2026Q2_ci.csv	6215	market: twse→6215; 出表日期: 1150906→和椿; 年度: 115→2026Q2; 季別: 2→twse; 公司代號: 6215→1150906; 公司名稱: 和椿→115
2026-09-06T08:13:57+08:00	fs/2026Q2_ci.csv	6216	market: twse→6216; 出表日期: 1150906→居易; 年度: 115→2026Q2; 季別: 2→twse; 公司代號: 6216→1150906; 公司名稱: 居易→115
2026-09-06T08:13:57+08:00	fs/2026Q2_ci.csv	6224	market: twse→6224; 出表日期: 1150906→聚鼎; 年度: 115→2026Q2; 季別: 2→twse; 公司代號: 6224→1150906; 公司名稱: 聚鼎→115
2026-09-06T08:13:57+08:00	fs/2026Q2_ci.csv	6225	market: twse→6225; 出表日期: 1150906→天瀚; 年度: 115→2026Q2; 季別: 2→twse; 公司代號: 6225→1150906; 公司名稱: 天瀚→115
2026-09-06T08:13:57+08:00	fs/2026Q2_ci.csv	6226	market: twse→6226; 出表日期: 1150906→光鼎; 年度: 115→2026Q2; 季別: 2→twse; 公司代號: 6226→1150906; 公司名稱: 光鼎→115
2026-09-06T08:13:57+08:00	fs/2026Q2_ci.csv	6230	market: twse→6230; 出表日期: 1150906→尼得科超眾; 年度: 115→2026Q2; 季別: 2→twse; 公司代號: 6230→1150906; 公司名稱: 尼得科超眾→115
2026-09-06T08:13:57+08:00	fs/2026Q2_ci.csv	6235	market: twse→6235; 出表日期: 1150906→華孚; 年度: 115→2026Q2; 季別: 2→twse; 公司代號: 6235→1150906; 公司名稱: 華孚→115
2026-09-06T08:13:57+08:00	fs/2026Q2_ci.csv	6239	market: twse→6239; 出表日期: 1150906→力成; 年度: 115→2026Q2; 季別: 2→twse; 公司代號: 6239→1150906; 公司名稱: 力成→115
2026-09-06T08:13:57+08:00	fs/2026Q2_ci.csv	6243	market: twse→6243; 出表日期: 1150906→迅杰; 年度: 115→2026Q2; 季別: 2→twse; 公司代號: 6243→1150906; 公司名稱: 迅杰→115
2026-09-06T08:13:57+08:00	fs/2026Q2_ci.csv	6257	market: twse→6257; 出表日期: 1150906→矽格; 年度: 115→2026Q2; 季別: 2→twse; 公司代號: 6257→1150906; 公司名稱: 矽格→115
2026-09-06T08:13:57+08:00	fs/2026Q2_ci.csv	6269	market: twse→6269; 出表日期: 1150906→台郡; 年度: 115→2026Q2; 季別: 2→twse; 公司代號: 6269→1150906; 公司名稱: 台郡→115
2026-09-06T08:13:57+08:00	fs/2026Q2_ci.csv	6271	market: twse→6271; 出表日期: 1150906→同欣電; 年度: 115→2026Q2; 季別: 2→twse; 公司代號: 6271→1150906; 公司名稱: 同欣電→115
2026-09-06T08:13:57+08:00	fs/2026Q2_ci.csv	6272	market: twse→6272; 出表日期: 1150906→驊陞; 年度: 115→2026Q2; 季別: 2→twse; 公司代號: 6272→1150906; 公司名稱: 驊陞→115
2026-09-06T08:13:57+08:00	fs/2026Q2_ci.csv	6277	market: twse→6277; 出表日期: 1150906→宏正; 年度: 115→2026Q2; 季別: 2→twse; 公司代號: 6277→1150906; 公司名稱: 宏正→115
2026-09-06T08:13:57+08:00	fs/2026Q2_ci.csv	6278	market: twse→6278; 出表日期: 1150906→台表科; 年度: 115→2026Q2; 季別: 2→twse; 公司代號: 6278→1150906; 公司名稱: 台表科→115
2026-09-06T08:13:57+08:00	fs/2026Q2_ci.csv	6281	market: twse→6281; 出表日期: 1150906→全國電; 年度: 115→2026Q2; 季別: 2→twse; 公司代號: 6281→1150906; 公司名稱: 全國電→115
2026-09-06T08:13:57+08:00	fs/2026Q2_ci.csv	6282	market: twse→6282; 出表日期: 1150906→康舒; 年度: 115→2026Q2; 季別: 2→twse; 公司代號: 6282→1150906; 公司名稱: 康舒→115
2026-09-06T08:13:57+08:00	fs/2026Q2_ci.csv	6283	market: twse→6283; 出表日期: 1150906→淳安; 年度: 115→2026Q2; 季別: 2→twse; 公司代號: 6283→1150906; 公司名稱: 淳安→115
2026-09-06T08:13:57+08:00	fs/2026Q2_ci.csv	6285	market: twse→6285; 出表日期: 1150906→啟碁; 年度: 115→2026Q2; 季別: 2→twse; 公司代號: 6285→1150906; 公司名稱: 啟碁→115
2026-09-06T08:13:57+08:00	fs/2026Q2_ci.csv	6405	market: twse→6405; 出表日期: 1150906→悅城; 年度: 115→2026Q2; 季別: 2→twse; 公司代號: 6405→1150906; 公司名稱: 悅城→115
2026-09-06T08:13:57+08:00	fs/2026Q2_ci.csv	6409	market: twse→6409; 出表日期: 1150906→旭隼; 年度: 115→2026Q2; 季別: 2→twse; 公司代號: 6409→1150906; 公司名稱: 旭隼→115
2026-09-06T08:13:57+08:00	fs/2026Q2_ci.csv	6412	market: twse→6412; 出表日期: 1150906→群電; 年度: 115→2026Q2; 季別: 2→twse; 公司代號: 6412→1150906; 公司名稱: 群電→115
2026-09-06T08:13:57+08:00	fs/2026Q2_ci.csv	6414	market: twse→6414; 出表日期: 1150906→樺漢; 年度: 115→2026Q2; 季別: 2→twse; 公司代號: 6414→1150906; 公司名稱: 樺漢→115
2026-09-06T08:13:57+08:00	fs/2026Q2_ci.csv	6415	market: twse→6415; 出表日期: 1150906→矽力*-KY; 年度: 115→2026Q2; 季別: 2→twse; 公司代號: 6415→1150906; 公司名稱: 矽力*-KY→115
2026-09-06T08:13:57+08:00	fs/2026Q2_ci.csv	6416	market: twse→6416; 出表日期: 1150906→瑞祺電通; 年度: 115→2026Q2; 季別: 2→twse; 公司代號: 6416→1150906; 公司名稱: 瑞祺電通→115
2026-09-06T08:13:57+08:00	fs/2026Q2_ci.csv	6426	market: twse→6426; 出表日期: 1150906→統新; 年度: 115→2026Q2; 季別: 2→twse; 公司代號: 6426→1150906; 公司名稱: 統新→115
2026-09-06T08:13:57+08:00	fs/2026Q2_ci.csv	6431	market: twse→6431; 出表日期: 1150906→光麗-KY; 年度: 115→2026Q2; 季別: 2→twse; 公司代號: 6431→1150906; 公司名稱: 光麗-KY→115
2026-09-06T08:13:57+08:00	fs/2026Q2_ci.csv	6438	market: twse→6438; 出表日期: 1150906→迅得; 年度: 115→2026Q2; 季別: 2→twse; 公司代號: 6438→1150906; 公司名稱: 迅得→115
2026-09-06T08:13:57+08:00	fs/2026Q2_ci.csv	6442	market: twse→6442; 出表日期: 1150906→光聖; 年度: 115→2026Q2; 季別: 2→twse; 公司代號: 6442→1150906; 公司名稱: 光聖→115
2026-09-06T08:13:57+08:00	fs/2026Q2_ci.csv	6443	market: twse→6443; 出表日期: 1150906→元晶; 年度: 115→2026Q2; 季別: 2→twse; 公司代號: 6443→1150906; 公司名稱: 元晶→115
2026-09-06T08:13:57+08:00	fs/2026Q2_ci.csv	6446	market: twse→6446; 出表日期: 1150906→藥華藥; 年度: 115→2026Q2; 季別: 2→twse; 公司代號: 6446→1150906; 公司名稱: 藥華藥→115
2026-09-06T08:13:57+08:00	fs/2026Q2_ci.csv	6449	market: twse→6449; 出表日期: 1150906→鈺邦; 年度: 115→2026Q2; 季別: 2→twse; 公司代號: 6449→1150906; 公司名稱: 鈺邦→115
2026-09-06T08:13:57+08:00	fs/2026Q2_ci.csv	6451	market: twse→6451; 出表日期: 1150906→訊芯-KY; 年度: 115→2026Q2; 季別: 2→twse; 公司代號: 6451→1150906; 公司名稱: 訊芯-KY→115
2026-09-06T08:13:57+08:00	fs/2026Q2_ci.csv	6456	market: twse→6456; 出表日期: 1150906→GIS-KY; 年度: 115→2026Q2; 季別: 2→twse; 公司代號: 6456→1150906; 公司名稱: GIS-KY→115
2026-09-06T08:13:57+08:00	fs/2026Q2_ci.csv	6464	market: twse→6464; 出表日期: 1150906→台數科; 年度: 115→2026Q2; 季別: 2→twse; 公司代號: 6464→1150906; 公司名稱: 台數科→115
2026-09-06T08:13:57+08:00	fs/2026Q2_ci.csv	6472	market: twse→6472; 出表日期: 1150906→保瑞; 年度: 115→2026Q2; 季別: 2→twse; 公司代號: 6472→1150906; 公司名稱: 保瑞→115
2026-09-06T08:13:57+08:00	fs/2026Q2_ci.csv	6477	market: twse→6477; 出表日期: 1150906→安集; 年度: 115→2026Q2; 季別: 2→twse; 公司代號: 6477→1150906; 公司名稱: 安集→115
2026-09-06T08:13:57+08:00	fs/2026Q2_ci.csv	6491	market: twse→6491; 出表日期: 1150906→晶碩; 年度: 115→2026Q2; 季別: 2→twse; 公司代號: 6491→1150906; 公司名稱: 晶碩→115
2026-09-06T08:13:57+08:00	fs/2026Q2_ci.csv	6504	market: twse→6504; 出表日期: 1150906→南六; 年度: 115→2026Q2; 季別: 2→twse; 公司代號: 6504→1150906; 公司名稱: 南六→115
2026-09-06T08:13:57+08:00	fs/2026Q2_ci.csv	6505	market: twse→6505; 出表日期: 1150906→台塑化; 年度: 115→2026Q2; 季別: 2→twse; 公司代號: 6505→1150906; 公司名稱: 台塑化→115
2026-09-06T08:13:57+08:00	fs/2026Q2_ci.csv	6515	market: twse→6515; 出表日期: 1150906→穎崴; 年度: 115→2026Q2; 季別: 2→twse; 公司代號: 6515→1150906; 公司名稱: 穎崴→115
2026-09-06T08:13:57+08:00	fs/2026Q2_ci.csv	6525	market: twse→6525; 出表日期: 1150906→捷敏-KY; 年度: 115→2026Q2; 季別: 2→twse; 公司代號: 6525→1150906; 公司名稱: 捷敏-KY→115
2026-09-06T08:13:57+08:00	fs/2026Q2_ci.csv	6526	market: twse→6526; 出表日期: 1150906→達發; 年度: 115→2026Q2; 季別: 2→twse; 公司代號: 6526→1150906; 公司名稱: 達發→115
2026-09-06T08:13:57+08:00	fs/2026Q2_ci.csv	6531	market: twse→6531; 出表日期: 1150906→愛普*; 年度: 115→2026Q2; 季別: 2→twse; 公司代號: 6531→1150906; 公司名稱: 愛普*→115
2026-09-06T08:13:57+08:00	fs/2026Q2_ci.csv	6533	market: twse→6533; 出表日期: 1150906→晶心科; 年度: 115→2026Q2; 季別: 2→twse; 公司代號: 6533→1150906; 公司名稱: 晶心科→115
2026-09-06T08:13:57+08:00	fs/2026Q2_ci.csv	6534	market: twse→6534; 出表日期: 1150906→正瀚-創; 年度: 115→2026Q2; 季別: 2→twse; 公司代號: 6534→1150906; 公司名稱: 正瀚-創→115
2026-09-06T08:13:57+08:00	fs/2026Q2_ci.csv	6541	market: twse→6541; 出表日期: 1150906→泰福-KY; 年度: 115→2026Q2; 季別: 2→twse; 公司代號: 6541→1150906; 公司名稱: 泰福-KY→115
2026-09-06T08:13:57+08:00	fs/2026Q2_ci.csv	6550	market: twse→6550; 出表日期: 1150906→北極星藥業-KY; 年度: 115→2026Q2; 季別: 2→twse; 公司代號: 6550→1150906; 公司名稱: 北極星藥業-KY→115
2026-09-06T08:13:57+08:00	fs/2026Q2_ci.csv	6552	market: twse→6552; 出表日期: 1150906→易華電; 年度: 115→2026Q2; 季別: 2→twse; 公司代號: 6552→1150906; 公司名稱: 易華電→115
2026-09-06T08:13:57+08:00	fs/2026Q2_ci.csv	6558	market: twse→6558; 出表日期: 1150906→興能高; 年度: 115→2026Q2; 季別: 2→twse; 公司代號: 6558→1150906; 公司名稱: 興能高→115
2026-09-06T08:13:57+08:00	fs/2026Q2_ci.csv	6573	market: twse→6573; 出表日期: 1150906→虹揚-KY; 年度: 115→2026Q2; 季別: 2→twse; 公司代號: 6573→1150906; 公司名稱: 虹揚-KY→115
2026-09-06T08:13:57+08:00	fs/2026Q2_ci.csv	6579	market: twse→6579; 出表日期: 1150906→研揚; 年度: 115→2026Q2; 季別: 2→twse; 公司代號: 6579→1150906; 公司名稱: 研揚→115
2026-09-06T08:13:57+08:00	fs/2026Q2_ci.csv	6581	market: twse→6581; 出表日期: 1150906→鋼聯; 年度: 115→2026Q2; 季別: 2→twse; 公司代號: 6581→1150906; 公司名稱: 鋼聯→115
2026-09-06T08:13:57+08:00	fs/2026Q2_ci.csv	6582	market: twse→6582; 出表日期: 1150906→申豐; 年度: 115→2026Q2; 季別: 2→twse; 公司代號: 6582→1150906; 公司名稱: 申豐→115
2026-09-06T08:13:57+08:00	fs/2026Q2_ci.csv	6585	market: twse→6585; 出表日期: 1150906→鼎基; 年度: 115→2026Q2; 季別: 2→twse; 公司代號: 6585→1150906; 公司名稱: 鼎基→115
2026-09-06T08:13:57+08:00	fs/2026Q2_ci.csv	6589	market: twse→6589; 出表日期: 1150906→台康生技; 年度: 115→2026Q2; 季別: 2→twse; 公司代號: 6589→1150906; 公司名稱: 台康生技→115
2026-09-06T08:13:57+08:00	fs/2026Q2_ci.csv	6591	market: twse→6591; 出表日期: 1150906→動力-KY; 年度: 115→2026Q2; 季別: 2→twse; 公司代號: 6591→1150906; 公司名稱: 動力-KY→115
2026-09-06T08:13:57+08:00	fs/2026Q2_ci.csv	6592	market: twse→6592; 出表日期: 1150906→和潤企業; 年度: 115→2026Q2; 季別: 2→twse; 公司代號: 6592→1150906; 公司名稱: 和潤企業→115
2026-09-06T08:13:57+08:00	fs/2026Q2_ci.csv	6598	market: twse→6598; 出表日期: 1150906→ABC-KY; 年度: 115→2026Q2; 季別: 2→twse; 公司代號: 6598→1150906; 公司名稱: ABC-KY→115
2026-09-06T08:13:57+08:00	fs/2026Q2_ci.csv	6605	market: twse→6605; 出表日期: 1150906→帝寶; 年度: 115→2026Q2; 季別: 2→twse; 公司代號: 6605→1150906; 公司名稱: 帝寶→115
2026-09-06T08:13:57+08:00	fs/2026Q2_ci.csv	6606	market: twse→6606; 出表日期: 1150906→建德工業; 年度: 115→2026Q2; 季別: 2→twse; 公司代號: 6606→1150906; 公司名稱: 建德工業→115
2026-09-06T08:13:57+08:00	fs/2026Q2_ci.csv	6614	market: twse→6614; 出表日期: 1150906→資拓宏宇; 年度: 115→2026Q2; 季別: 2→twse; 公司代號: 6614→1150906; 公司名稱: 資拓宏宇→115
2026-09-06T08:13:57+08:00	fs/2026Q2_ci.csv	6625	market: twse→6625; 出表日期: 1150906→必應; 年度: 115→2026Q2; 季別: 2→twse; 公司代號: 6625→1150906; 公司名稱: 必應→115
2026-09-06T08:13:57+08:00	fs/2026Q2_ci.csv	6641	market: twse→6641; 出表日期: 1150906→基士德-KY; 年度: 115→2026Q2; 季別: 2→twse; 公司代號: 6641→1150906; 公司名稱: 基士德-KY→115
2026-09-06T08:13:57+08:00	fs/2026Q2_ci.csv	6645	market: twse→6645; 出表日期: 1150906→金萬林-創; 年度: 115→2026Q2; 季別: 2→twse; 公司代號: 6645→1150906; 公司名稱: 金萬林-創→115
2026-09-06T08:13:57+08:00	fs/2026Q2_ci.csv	6655	market: twse→6655; 出表日期: 1150906→科定; 年度: 115→2026Q2; 季別: 2→twse; 公司代號: 6655→1150906; 公司名稱: 科定→115
2026-09-06T08:13:57+08:00	fs/2026Q2_ci.csv	6657	market: twse→6657; 出表日期: 1150906→華安; 年度: 115→2026Q2; 季別: 2→twse; 公司代號: 6657→1150906; 公司名稱: 華安→115
2026-09-06T08:13:57+08:00	fs/2026Q2_ci.csv	6658	market: twse→6658; 出表日期: 1150906→聯策; 年度: 115→2026Q2; 季別: 2→twse; 公司代號: 6658→1150906; 公司名稱: 聯策→115
2026-09-06T08:13:57+08:00	fs/2026Q2_ci.csv	6666	market: twse→6666; 出表日期: 1150906→羅麗芬-KY; 年度: 115→2026Q2; 季別: 2→twse; 公司代號: 6666→1150906; 公司名稱: 羅麗芬-KY→115
2026-09-06T08:13:57+08:00	fs/2026Q2_ci.csv	6668	market: twse→6668; 出表日期: 1150906→中揚光; 年度: 115→2026Q2; 季別: 2→twse; 公司代號: 6668→1150906; 公司名稱: 中揚光→115
2026-09-06T08:13:57+08:00	fs/2026Q2_ci.csv	6669	market: twse→6669; 出表日期: 1150906→緯穎; 年度: 115→2026Q2; 季別: 2→twse; 公司代號: 6669→1150906; 公司名稱: 緯穎→115
2026-09-06T08:13:57+08:00	fs/2026Q2_ci.csv	6670	market: twse→6670; 出表日期: 1150906→復盛應用; 年度: 115→2026Q2; 季別: 2→twse; 公司代號: 6670→1150906; 公司名稱: 復盛應用→115
2026-09-06T08:13:57+08:00	fs/2026Q2_ci.csv	6671	market: twse→6671; 出表日期: 1150906→三能-KY; 年度: 115→2026Q2; 季別: 2→twse; 公司代號: 6671→1150906; 公司名稱: 三能-KY→115
2026-09-06T08:13:57+08:00	fs/2026Q2_ci.csv	6672	market: twse→6672; 出表日期: 1150906→騰輝電子-KY; 年度: 115→2026Q2; 季別: 2→twse; 公司代號: 6672→1150906; 公司名稱: 騰輝電子-KY→115
2026-09-06T08:13:57+08:00	fs/2026Q2_ci.csv	6674	market: twse→6674; 出表日期: 1150906→鋐寶科技; 年度: 115→2026Q2; 季別: 2→twse; 公司代號: 6674→1150906; 公司名稱: 鋐寶科技→115
2026-09-06T08:13:57+08:00	fs/2026Q2_ci.csv	6689	market: twse→6689; 出表日期: 1150906→伊雲谷; 年度: 115→2026Q2; 季別: 2→twse; 公司代號: 6689→1150906; 公司名稱: 伊雲谷→115
2026-09-06T08:13:57+08:00	fs/2026Q2_ci.csv	6691	market: twse→6691; 出表日期: 1150906→洋基工程; 年度: 115→2026Q2; 季別: 2→twse; 公司代號: 6691→1150906; 公司名稱: 洋基工程→115
2026-09-06T08:13:57+08:00	fs/2026Q2_ci.csv	6695	market: twse→6695; 出表日期: 1150906→芯鼎; 年度: 115→2026Q2; 季別: 2→twse; 公司代號: 6695→1150906; 公司名稱: 芯鼎→115
2026-09-06T08:13:57+08:00	fs/2026Q2_ci.csv	6698	market: twse→6698; 出表日期: 1150906→旭暉應材; 年度: 115→2026Q2; 季別: 2→twse; 公司代號: 6698→1150906; 公司名稱: 旭暉應材→115
2026-09-06T08:13:57+08:00	fs/2026Q2_ci.csv	6706	market: twse→6706; 出表日期: 1150906→惠特; 年度: 115→2026Q2; 季別: 2→twse; 公司代號: 6706→1150906; 公司名稱: 惠特→115
2026-09-06T08:13:57+08:00	fs/2026Q2_ci.csv	6715	market: twse→6715; 出表日期: 1150906→嘉基; 年度: 115→2026Q2; 季別: 2→twse; 公司代號: 6715→1150906; 公司名稱: 嘉基→115
2026-09-06T08:13:57+08:00	fs/2026Q2_ci.csv	6719	market: twse→6719; 出表日期: 1150906→力智; 年度: 115→2026Q2; 季別: 2→twse; 公司代號: 6719→1150906; 公司名稱: 力智→115
2026-09-06T08:13:57+08:00	fs/2026Q2_ci.csv	6722	market: twse→6722; 出表日期: 1150906→輝創; 年度: 115→2026Q2; 季別: 2→twse; 公司代號: 6722→1150906; 公司名稱: 輝創→115
2026-09-06T08:13:57+08:00	fs/2026Q2_ci.csv	6742	market: twse→6742; 出表日期: 1150906→澤米; 年度: 115→2026Q2; 季別: 2→twse; 公司代號: 6742→1150906; 公司名稱: 澤米→115
2026-09-06T08:13:57+08:00	fs/2026Q2_ci.csv	6743	market: twse→6743; 出表日期: 1150906→安普新; 年度: 115→2026Q2; 季別: 2→twse; 公司代號: 6743→1150906; 公司名稱: 安普新→115
2026-09-06T08:13:57+08:00	fs/2026Q2_ci.csv	6753	market: twse→6753; 出表日期: 1150906→龍德造船; 年度: 115→2026Q2; 季別: 2→twse; 公司代號: 6753→1150906; 公司名稱: 龍德造船→115
2026-09-06T08:13:57+08:00	fs/2026Q2_ci.csv	6754	market: twse→6754; 出表日期: 1150906→匯僑設計; 年度: 115→2026Q2; 季別: 2→twse; 公司代號: 6754→1150906; 公司名稱: 匯僑設計→115
2026-09-06T08:13:57+08:00	fs/2026Q2_ci.csv	6756	market: twse→6756; 出表日期: 1150906→威鋒電子; 年度: 115→2026Q2; 季別: 2→twse; 公司代號: 6756→1150906; 公司名稱: 威鋒電子→115
2026-09-06T08:13:57+08:00	fs/2026Q2_ci.csv	6757	market: twse→6757; 出表日期: 1150906→台灣虎航; 年度: 115→2026Q2; 季別: 2→twse; 公司代號: 6757→1150906; 公司名稱: 台灣虎航→115
2026-09-06T08:13:57+08:00	fs/2026Q2_ci.csv	6768	market: twse→6768; 出表日期: 1150906→志強-KY; 年度: 115→2026Q2; 季別: 2→twse; 公司代號: 6768→1150906; 公司名稱: 志強-KY→115
2026-09-06T08:13:57+08:00	fs/2026Q2_ci.csv	6770	market: twse→6770; 出表日期: 1150906→力積電; 年度: 115→2026Q2; 季別: 2→twse; 公司代號: 6770→1150906; 公司名稱: 力積電→115
2026-09-06T08:13:57+08:00	fs/2026Q2_ci.csv	6771	market: twse→6771; 出表日期: 1150906→平和環保-創; 年度: 115→2026Q2; 季別: 2→twse; 公司代號: 6771→1150906; 公司名稱: 平和環保-創→115
2026-09-06T08:13:57+08:00	fs/2026Q2_ci.csv	6776	market: twse→6776; 出表日期: 1150906→展碁國際; 年度: 115→2026Q2; 季別: 2→twse; 公司代號: 6776→1150906; 公司名稱: 展碁國際→115
2026-09-06T08:13:57+08:00	fs/2026Q2_ci.csv	6781	market: twse→6781; 出表日期: 1150906→AES-KY; 年度: 115→2026Q2; 季別: 2→twse; 公司代號: 6781→1150906; 公司名稱: AES-KY→115
2026-09-06T08:13:57+08:00	fs/2026Q2_ci.csv	6782	market: twse→6782; 出表日期: 1150906→視陽; 年度: 115→2026Q2; 季別: 2→twse; 公司代號: 6782→1150906; 公司名稱: 視陽→115
2026-09-06T08:13:57+08:00	fs/2026Q2_ci.csv	6789	market: twse→6789; 出表日期: 1150906→采鈺; 年度: 115→2026Q2; 季別: 2→twse; 公司代號: 6789→1150906; 公司名稱: 采鈺→115
2026-09-06T08:13:57+08:00	fs/2026Q2_ci.csv	6790	market: twse→6790; 出表日期: 1150906→永豐實; 年度: 115→2026Q2; 季別: 2→twse; 公司代號: 6790→1150906; 公司名稱: 永豐實→115
2026-09-06T08:13:57+08:00	fs/2026Q2_ci.csv	6792	market: twse→6792; 出表日期: 1150906→詠業; 年度: 115→2026Q2; 季別: 2→twse; 公司代號: 6792→1150906; 公司名稱: 詠業→115
2026-09-06T08:13:57+08:00	fs/2026Q2_ci.csv	6794	market: twse→6794; 出表日期: 1150906→向榮生技; 年度: 115→2026Q2; 季別: 2→twse; 公司代號: 6794→1150906; 公司名稱: 向榮生技→115
2026-09-06T08:13:57+08:00	fs/2026Q2_ci.csv	6796	market: twse→6796; 出表日期: 1150906→晉弘; 年度: 115→2026Q2; 季別: 2→twse; 公司代號: 6796→1150906; 公司名稱: 晉弘→115
2026-09-06T08:13:57+08:00	fs/2026Q2_ci.csv	6799	market: twse→6799; 出表日期: 1150906→來頡; 年度: 115→2026Q2; 季別: 2→twse; 公司代號: 6799→1150906; 公司名稱: 來頡→115
2026-09-06T08:13:57+08:00	fs/2026Q2_ci.csv	6805	market: twse→6805; 出表日期: 1150906→富世達; 年度: 115→2026Q2; 季別: 2→twse; 公司代號: 6805→1150906; 公司名稱: 富世達→115
2026-09-06T08:13:57+08:00	fs/2026Q2_ci.csv	6807	market: twse→6807; 出表日期: 1150906→峰源-KY; 年度: 115→2026Q2; 季別: 2→twse; 公司代號: 6807→1150906; 公司名稱: 峰源-KY→115
2026-09-06T08:13:57+08:00	fs/2026Q2_ci.csv	6830	market: twse→6830; 出表日期: 1150906→汎銓; 年度: 115→2026Q2; 季別: 2→twse; 公司代號: 6830→1150906; 公司名稱: 汎銓→115
2026-09-06T08:13:57+08:00	fs/2026Q2_ci.csv	6831	market: twse→6831; 出表日期: 1150906→邁科; 年度: 115→2026Q2; 季別: 2→twse; 公司代號: 6831→1150906; 公司名稱: 邁科→115
2026-09-06T08:13:57+08:00	fs/2026Q2_ci.csv	6834	market: twse→6834; 出表日期: 1150906→天二科技; 年度: 115→2026Q2; 季別: 2→twse; 公司代號: 6834→1150906; 公司名稱: 天二科技→115
2026-09-06T08:13:57+08:00	fs/2026Q2_ci.csv	6835	market: twse→6835; 出表日期: 1150906→圓裕; 年度: 115→2026Q2; 季別: 2→twse; 公司代號: 6835→1150906; 公司名稱: 圓裕→115
2026-09-06T08:13:57+08:00	fs/2026Q2_ci.csv	6838	market: twse→6838; 出表日期: 1150906→台新藥; 年度: 115→2026Q2; 季別: 2→twse; 公司代號: 6838→1150906; 公司名稱: 台新藥→115
2026-09-06T08:13:57+08:00	fs/2026Q2_ci.csv	6854	market: twse→6854; 出表日期: 1150906→錼創科技-KY創; 年度: 115→2026Q2; 季別: 2→twse; 公司代號: 6854→1150906; 公司名稱: 錼創科技-KY創→115
2026-09-06T08:13:57+08:00	fs/2026Q2_ci.csv	6861	market: twse→6861; 出表日期: 1150906→睿生光電; 年度: 115→2026Q2; 季別: 2→twse; 公司代號: 6861→1150906; 公司名稱: 睿生光電→115
2026-09-06T08:13:57+08:00	fs/2026Q2_ci.csv	6862	market: twse→6862; 出表日期: 1150906→三集瑞-KY; 年度: 115→2026Q2; 季別: 2→twse; 公司代號: 6862→1150906; 公司名稱: 三集瑞-KY→115
2026-09-06T08:13:57+08:00	fs/2026Q2_ci.csv	6863	market: twse→6863; 出表日期: 1150906→永道-KY; 年度: 115→2026Q2; 季別: 2→twse; 公司代號: 6863→1150906; 公司名稱: 永道-KY→115
2026-09-06T08:13:57+08:00	fs/2026Q2_ci.csv	6869	market: twse→6869; 出表日期: 1150906→雲豹能源; 年度: 115→2026Q2; 季別: 2→twse; 公司代號: 6869→1150906; 公司名稱: 雲豹能源→115
2026-09-06T08:13:57+08:00	fs/2026Q2_ci.csv	6873	market: twse→6873; 出表日期: 1150906→泓德能源; 年度: 115→2026Q2; 季別: 2→twse; 公司代號: 6873→1150906; 公司名稱: 泓德能源→115
2026-09-06T08:13:57+08:00	fs/2026Q2_ci.csv	6885	market: twse→6885; 出表日期: 1150906→全福生技; 年度: 115→2026Q2; 季別: 2→twse; 公司代號: 6885→1150906; 公司名稱: 全福生技→115
2026-09-06T08:13:57+08:00	fs/2026Q2_ci.csv	6887	market: twse→6887; 出表日期: 1150906→寶綠特-KY; 年度: 115→2026Q2; 季別: 2→twse; 公司代號: 6887→1150906; 公司名稱: 寶綠特-KY→115
2026-09-06T08:13:57+08:00	fs/2026Q2_ci.csv	6890	market: twse→6890; 出表日期: 1150906→來億-KY; 年度: 115→2026Q2; 季別: 2→twse; 公司代號: 6890→1150906; 公司名稱: 來億-KY→115
2026-09-06T08:13:57+08:00	fs/2026Q2_ci.csv	6901	market: twse→6901; 出表日期: 1150906→鑽石投資; 年度: 115→2026Q2; 季別: 2→twse; 公司代號: 6901→1150906; 公司名稱: 鑽石投資→115
2026-09-06T08:13:57+08:00	fs/2026Q2_ci.csv	6902	market: twse→6902; 出表日期: 1150906→GOGOLOOK; 年度: 115→2026Q2; 季別: 2→twse; 公司代號: 6902→1150906; 公司名稱: GOGOLOOK→115
2026-09-06T08:13:57+08:00	fs/2026Q2_ci.csv	6906	market: twse→6906; 出表日期: 1150906→現觀科; 年度: 115→2026Q2; 季別: 2→twse; 公司代號: 6906→1150906; 公司名稱: 現觀科→115
2026-09-06T08:13:57+08:00	fs/2026Q2_ci.csv	6908	market: twse→6908; 出表日期: 1150906→宏碁遊戲-創; 年度: 115→2026Q2; 季別: 2→twse; 公司代號: 6908→1150906; 公司名稱: 宏碁遊戲-創→115
2026-09-06T08:13:57+08:00	fs/2026Q2_ci.csv	6909	market: twse→6909; 出表日期: 1150906→創控; 年度: 115→2026Q2; 季別: 2→twse; 公司代號: 6909→1150906; 公司名稱: 創控→115
2026-09-06T08:13:57+08:00	fs/2026Q2_ci.csv	6914	market: twse→6914; 出表日期: 1150906→阜爾運通; 年度: 115→2026Q2; 季別: 2→twse; 公司代號: 6914→1150906; 公司名稱: 阜爾運通→115
2026-09-06T08:13:57+08:00	fs/2026Q2_ci.csv	6916	market: twse→6916; 出表日期: 1150906→華凌; 年度: 115→2026Q2; 季別: 2→twse; 公司代號: 6916→1150906; 公司名稱: 華凌→115
2026-09-06T08:13:57+08:00	fs/2026Q2_ci.csv	6918	market: twse→6918; 出表日期: 1150906→愛派司; 年度: 115→2026Q2; 季別: 2→twse; 公司代號: 6918→1150906; 公司名稱: 愛派司→115
2026-09-06T08:13:57+08:00	fs/2026Q2_ci.csv	6919	market: twse→6919; 出表日期: 1150906→康霈*; 年度: 115→2026Q2; 季別: 2→twse; 公司代號: 6919→1150906; 公司名稱: 康霈*→115
2026-09-06T08:13:57+08:00	fs/2026Q2_ci.csv	6921	market: twse→6921; 出表日期: 1150906→嘉雨思-創; 年度: 115→2026Q2; 季別: 2→twse; 公司代號: 6921→1150906; 公司名稱: 嘉雨思-創→115
2026-09-06T08:13:57+08:00	fs/2026Q2_ci.csv	6923	market: twse→6923; 出表日期: 1150906→中台; 年度: 115→2026Q2; 季別: 2→twse; 公司代號: 6923→1150906; 公司名稱: 中台→115
2026-09-06T08:13:57+08:00	fs/2026Q2_ci.csv	6924	market: twse→6924; 出表日期: 1150906→榮惠-KY創; 年度: 115→2026Q2; 季別: 2→twse; 公司代號: 6924→1150906; 公司名稱: 榮惠-KY創→115
2026-09-06T08:13:57+08:00	fs/2026Q2_ci.csv	6928	market: twse→6928; 出表日期: 1150906→攸泰科技; 年度: 115→2026Q2; 季別: 2→twse; 公司代號: 6928→1150906; 公司名稱: 攸泰科技→115
2026-09-06T08:13:57+08:00	fs/2026Q2_ci.csv	6931	market: twse→6931; 出表日期: 1150906→青松健康; 年度: 115→2026Q2; 季別: 2→twse; 公司代號: 6931→1150906; 公司名稱: 青松健康→115
2026-09-06T08:13:57+08:00	fs/2026Q2_ci.csv	6933	market: twse→6933; 出表日期: 1150906→AMAX-KY; 年度: 115→2026Q2; 季別: 2→twse; 公司代號: 6933→1150906; 公司名稱: AMAX-KY→115
2026-09-06T08:13:57+08:00	fs/2026Q2_ci.csv	6934	market: twse→6934; 出表日期: 1150906→心誠鎂; 年度: 115→2026Q2; 季別: 2→twse; 公司代號: 6934→1150906; 公司名稱: 心誠鎂→115
2026-09-06T08:13:57+08:00	fs/2026Q2_ci.csv	6936	market: twse→6936; 出表日期: 1150906→永鴻生技; 年度: 115→2026Q2; 季別: 2→twse; 公司代號: 6936→1150906; 公司名稱: 永鴻生技→115
2026-09-06T08:13:57+08:00	fs/2026Q2_ci.csv	6937	market: twse→6937; 出表日期: 1150906→天虹; 年度: 115→2026Q2; 季別: 2→twse; 公司代號: 6937→1150906; 公司名稱: 天虹→115
2026-09-06T08:13:57+08:00	fs/2026Q2_ci.csv	6944	market: twse→6944; 出表日期: 1150906→兆聯實業; 年度: 115→2026Q2; 季別: 2→twse; 公司代號: 6944→1150906; 公司名稱: 兆聯實業→115
2026-09-06T08:13:57+08:00	fs/2026Q2_ci.csv	6947	market: twse→6947; 出表日期: 1150906→台鎔科技; 年度: 115→2026Q2; 季別: 2→twse; 公司代號: 6947→1150906; 公司名稱: 台鎔科技→115
2026-09-06T08:13:57+08:00	fs/2026Q2_ci.csv	6949	market: twse→6949; 出表日期: 1150906→沛爾生醫*-創; 年度: 115→2026Q2; 季別: 2→twse; 公司代號: 6949→1150906; 公司名稱: 沛爾生醫*-創→115
2026-09-06T08:13:57+08:00	fs/2026Q2_ci.csv	6951	market: twse→6951; 出表日期: 1150906→青新-創; 年度: 115→2026Q2; 季別: 2→twse; 公司代號: 6951→1150906; 公司名稱: 青新-創→115
2026-09-06T08:13:57+08:00	fs/2026Q2_ci.csv	6952	market: twse→6952; 出表日期: 1150906→大武山; 年度: 115→2026Q2; 季別: 2→twse; 公司代號: 6952→1150906; 公司名稱: 大武山→115
2026-09-06T08:13:57+08:00	fs/2026Q2_ci.csv	6955	market: twse→6955; 出表日期: 1150906→邦睿生技-創; 年度: 115→2026Q2; 季別: 2→twse; 公司代號: 6955→1150906; 公司名稱: 邦睿生技-創→115
2026-09-06T08:13:57+08:00	fs/2026Q2_ci.csv	6957	market: twse→6957; 出表日期: 1150906→裕慶-KY; 年度: 115→2026Q2; 季別: 2→twse; 公司代號: 6957→1150906; 公司名稱: 裕慶-KY→115
2026-09-06T08:13:57+08:00	fs/2026Q2_ci.csv	6958	market: twse→6958; 出表日期: 1150906→日盛台駿; 年度: 115→2026Q2; 季別: 2→twse; 公司代號: 6958→1150906; 公司名稱: 日盛台駿→115
2026-09-06T08:13:57+08:00	fs/2026Q2_ci.csv	6962	market: twse→6962; 出表日期: 1150906→奕力-KY; 年度: 115→2026Q2; 季別: 2→twse; 公司代號: 6962→1150906; 公司名稱: 奕力-KY→115
2026-09-06T08:13:57+08:00	fs/2026Q2_ci.csv	6965	market: twse→6965; 出表日期: 1150906→中傑-KY; 年度: 115→2026Q2; 季別: 2→twse; 公司代號: 6965→1150906; 公司名稱: 中傑-KY→115
2026-09-06T08:13:57+08:00	fs/2026Q2_ci.csv	6969	market: twse→6969; 出表日期: 1150906→成信實業*-創; 年度: 115→2026Q2; 季別: 2→twse; 公司代號: 6969→1150906; 公司名稱: 成信實業*-創→115
2026-09-06T08:13:57+08:00	fs/2026Q2_ci.csv	6988	market: twse→6988; 出表日期: 1150906→威力暘-創; 年度: 115→2026Q2; 季別: 2→twse; 公司代號: 6988→1150906; 公司名稱: 威力暘-創→115
2026-09-06T08:13:57+08:00	fs/2026Q2_ci.csv	6994	market: twse→6994; 出表日期: 1150906→富威電力; 年度: 115→2026Q2; 季別: 2→twse; 公司代號: 6994→1150906; 公司名稱: 富威電力→115
2026-09-06T08:13:57+08:00	fs/2026Q2_ci.csv	7610	market: twse→7610; 出表日期: 1150906→聯友金屬-創; 年度: 115→2026Q2; 季別: 2→twse; 公司代號: 7610→1150906; 公司名稱: 聯友金屬-創→115
2026-09-06T08:13:57+08:00	fs/2026Q2_ci.csv	7631	market: twse→7631; 出表日期: 1150906→聚賢研發-創; 年度: 115→2026Q2; 季別: 2→twse; 公司代號: 7631→1150906; 公司名稱: 聚賢研發-創→115
2026-09-06T08:13:57+08:00	fs/2026Q2_ci.csv	7689	market: twse→7689; 出表日期: 1150906→大鵬科CLMX; 年度: 115→2026Q2; 季別: 2→twse; 公司代號: 7689→1150906; 公司名稱: 大鵬科CLMX→115
2026-09-06T08:13:57+08:00	fs/2026Q2_ci.csv	7705	market: twse→7705; 出表日期: 1150906→三商餐飲; 年度: 115→2026Q2; 季別: 2→twse; 公司代號: 7705→1150906; 公司名稱: 三商餐飲→115
2026-09-06T08:13:57+08:00	fs/2026Q2_ci.csv	7711	market: twse→7711; 出表日期: 1150906→永擎; 年度: 115→2026Q2; 季別: 2→twse; 公司代號: 7711→1150906; 公司名稱: 永擎→115
2026-09-06T08:13:57+08:00	fs/2026Q2_ci.csv	7721	market: twse→7721; 出表日期: 1150906→微程式; 年度: 115→2026Q2; 季別: 2→twse; 公司代號: 7721→1150906; 公司名稱: 微程式→115
2026-09-06T08:13:57+08:00	fs/2026Q2_ci.csv	7722	market: twse→7722; 出表日期: 1150906→LINEPAY; 年度: 115→2026Q2; 季別: 2→twse; 公司代號: 7722→1150906; 公司名稱: LINEPAY→115
2026-09-06T08:13:57+08:00	fs/2026Q2_ci.csv	7730	market: twse→7730; 出表日期: 1150906→暉盛-創; 年度: 115→2026Q2; 季別: 2→twse; 公司代號: 7730→1150906; 公司名稱: 暉盛-創→115
2026-09-06T08:13:57+08:00	fs/2026Q2_ci.csv	7732	market: twse→7732; 出表日期: 1150906→金興精密; 年度: 115→2026Q2; 季別: 2→twse; 公司代號: 7732→1150906; 公司名稱: 金興精密→115
2026-09-06T08:13:57+08:00	fs/2026Q2_ci.csv	7736	market: twse→7736; 出表日期: 1150906→虎山; 年度: 115→2026Q2; 季別: 2→twse; 公司代號: 7736→1150906; 公司名稱: 虎山→115
2026-09-06T08:13:57+08:00	fs/2026Q2_ci.csv	7740	market: twse→7740; 出表日期: 1150906→熙特爾-創; 年度: 115→2026Q2; 季別: 2→twse; 公司代號: 7740→1150906; 公司名稱: 熙特爾-創→115
2026-09-06T08:13:57+08:00	fs/2026Q2_ci.csv	7749	market: twse→7749; 出表日期: 1150906→意騰-KY; 年度: 115→2026Q2; 季別: 2→twse; 公司代號: 7749→1150906; 公司名稱: 意騰-KY→115
2026-09-06T08:13:57+08:00	fs/2026Q2_ci.csv	7750	market: twse→7750; 出表日期: 1150906→新代; 年度: 115→2026Q2; 季別: 2→twse; 公司代號: 7750→1150906; 公司名稱: 新代→115
2026-09-06T08:13:57+08:00	fs/2026Q2_ci.csv	7760	market: twse→7760; 出表日期: 1150906→享溫馨; 年度: 115→2026Q2; 季別: 2→twse; 公司代號: 7760→1150906; 公司名稱: 享溫馨→115
2026-09-06T08:13:57+08:00	fs/2026Q2_ci.csv	7765	market: twse→7765; 出表日期: 1150906→中華資安; 年度: 115→2026Q2; 季別: 2→twse; 公司代號: 7765→1150906; 公司名稱: 中華資安→115
2026-09-06T08:13:57+08:00	fs/2026Q2_ci.csv	7768	market: twse→7768; 出表日期: 1150906→頌勝科技; 年度: 115→2026Q2; 季別: 2→twse; 公司代號: 7768→1150906; 公司名稱: 頌勝科技→115
2026-09-06T08:13:57+08:00	fs/2026Q2_ci.csv	7769	market: twse→7769; 出表日期: 1150906→鴻勁; 年度: 115→2026Q2; 季別: 2→twse; 公司代號: 7769→1150906; 公司名稱: 鴻勁→115
2026-09-06T08:13:57+08:00	fs/2026Q2_ci.csv	7780	market: twse→7780; 出表日期: 1150906→大研生醫*; 年度: 115→2026Q2; 季別: 2→twse; 公司代號: 7780→1150906; 公司名稱: 大研生醫*→115
2026-09-06T08:13:57+08:00	fs/2026Q2_ci.csv	7786	market: twse→7786; 出表日期: 1150906→東方風能; 年度: 115→2026Q2; 季別: 2→twse; 公司代號: 7786→1150906; 公司名稱: 東方風能→115
2026-09-06T08:13:57+08:00	fs/2026Q2_ci.csv	7788	market: twse→7788; 出表日期: 1150906→松川精密; 年度: 115→2026Q2; 季別: 2→twse; 公司代號: 7788→1150906; 公司名稱: 松川精密→115
2026-09-06T08:13:57+08:00	fs/2026Q2_ci.csv	7791	market: twse→7791; 出表日期: 1150906→皇家可口; 年度: 115→2026Q2; 季別: 2→twse; 公司代號: 7791→1150906; 公司名稱: 皇家可口→115
2026-09-06T08:13:57+08:00	fs/2026Q2_ci.csv	7795	market: twse→7795; 出表日期: 1150906→長廣; 年度: 115→2026Q2; 季別: 2→twse; 公司代號: 7795→1150906; 公司名稱: 長廣→115
2026-09-06T08:13:57+08:00	fs/2026Q2_ci.csv	7799	market: twse→7799; 出表日期: 1150906→禾榮科; 年度: 115→2026Q2; 季別: 2→twse; 公司代號: 7799→1150906; 公司名稱: 禾榮科→115
2026-09-06T08:13:57+08:00	fs/2026Q2_ci.csv	7803	market: twse→7803; 出表日期: 1150906→雲象科技-創; 年度: 115→2026Q2; 季別: 2→twse; 公司代號: 7803→1150906; 公司名稱: 雲象科技-創→115
2026-09-06T08:13:57+08:00	fs/2026Q2_ci.csv	7818	market: twse→7818; 出表日期: 1150906→溢泰實業; 年度: 115→2026Q2; 季別: 2→twse; 公司代號: 7818→1150906; 公司名稱: 溢泰實業→115
2026-09-06T08:13:57+08:00	fs/2026Q2_ci.csv	7821	market: twse→7821; 出表日期: 1150906→神數; 年度: 115→2026Q2; 季別: 2→twse; 公司代號: 7821→1150906; 公司名稱: 神數→115
2026-09-06T08:13:57+08:00	fs/2026Q2_ci.csv	7822	market: twse→7822; 出表日期: 1150906→倍利科; 年度: 115→2026Q2; 季別: 2→twse; 公司代號: 7822→1150906; 公司名稱: 倍利科→115
2026-09-06T08:13:57+08:00	fs/2026Q2_ci.csv	7823	market: twse→7823; 出表日期: 1150906→奧義賽博-KY創; 年度: 115→2026Q2; 季別: 2→twse; 公司代號: 7823→1150906; 公司名稱: 奧義賽博-KY創→115
2026-09-06T08:13:57+08:00	fs/2026Q2_ci.csv	7827	market: twse→7827; 出表日期: 1150906→漢康-KY創; 年度: 115→2026Q2; 季別: 2→twse; 公司代號: 7827→1150906; 公司名稱: 漢康-KY創→115
2026-09-06T08:13:57+08:00	fs/2026Q2_ci.csv	7835	market: twse→7835; 出表日期: 1150906→永悅健康-創; 年度: 115→2026Q2; 季別: 2→twse; 公司代號: 7835→1150906; 公司名稱: 永悅健康-創→115
2026-09-06T08:13:57+08:00	fs/2026Q2_ci.csv	7855	market: twse→7855; 出表日期: 1150906→和運租車; 年度: 115→2026Q2; 季別: 2→twse; 公司代號: 7855→1150906; 公司名稱: 和運租車→115
2026-09-06T08:13:57+08:00	fs/2026Q2_ci.csv	8011	market: twse→8011; 出表日期: 1150906→台通; 年度: 115→2026Q2; 季別: 2→twse; 公司代號: 8011→1150906; 公司名稱: 台通→115
2026-09-06T08:13:57+08:00	fs/2026Q2_ci.csv	8016	market: twse→8016; 出表日期: 1150906→矽創; 年度: 115→2026Q2; 季別: 2→twse; 公司代號: 8016→1150906; 公司名稱: 矽創→115
2026-09-06T08:13:57+08:00	fs/2026Q2_ci.csv	8021	market: twse→8021; 出表日期: 1150906→尖點; 年度: 115→2026Q2; 季別: 2→twse; 公司代號: 8021→1150906; 公司名稱: 尖點→115
2026-09-06T08:13:57+08:00	fs/2026Q2_ci.csv	8028	market: twse→8028; 出表日期: 1150906→昇陽半導體; 年度: 115→2026Q2; 季別: 2→twse; 公司代號: 8028→1150906; 公司名稱: 昇陽半導體→115
2026-09-06T08:13:57+08:00	fs/2026Q2_ci.csv	8033	market: twse→8033; 出表日期: 1150906→雷虎; 年度: 115→2026Q2; 季別: 2→twse; 公司代號: 8033→1150906; 公司名稱: 雷虎→115
2026-09-06T08:13:57+08:00	fs/2026Q2_ci.csv	8039	market: twse→8039; 出表日期: 1150906→台虹; 年度: 115→2026Q2; 季別: 2→twse; 公司代號: 8039→1150906; 公司名稱: 台虹→115
2026-09-06T08:13:57+08:00	fs/2026Q2_ci.csv	8045	market: twse→8045; 出表日期: 1150906→達運光電; 年度: 115→2026Q2; 季別: 2→twse; 公司代號: 8045→1150906; 公司名稱: 達運光電→115
2026-09-06T08:13:57+08:00	fs/2026Q2_ci.csv	8046	market: twse→8046; 出表日期: 1150906→南電; 年度: 115→2026Q2; 季別: 2→twse; 公司代號: 8046→1150906; 公司名稱: 南電→115
2026-09-06T08:13:57+08:00	fs/2026Q2_ci.csv	8070	market: twse→8070; 出表日期: 1150906→長華*; 年度: 115→2026Q2; 季別: 2→twse; 公司代號: 8070→1150906; 公司名稱: 長華*→115
2026-09-06T08:13:57+08:00	fs/2026Q2_ci.csv	8072	market: twse→8072; 出表日期: 1150906→陞泰; 年度: 115→2026Q2; 季別: 2→twse; 公司代號: 8072→1150906; 公司名稱: 陞泰→115
2026-09-06T08:13:57+08:00	fs/2026Q2_ci.csv	8081	market: twse→8081; 出表日期: 1150906→致新; 年度: 115→2026Q2; 季別: 2→twse; 公司代號: 8081→1150906; 公司名稱: 致新→115
2026-09-06T08:13:57+08:00	fs/2026Q2_ci.csv	8101	market: twse→8101; 出表日期: 1150906→華冠; 年度: 115→2026Q2; 季別: 2→twse; 公司代號: 8101→1150906; 公司名稱: 華冠→115
2026-09-06T08:13:57+08:00	fs/2026Q2_ci.csv	8103	market: twse→8103; 出表日期: 1150906→瀚荃; 年度: 115→2026Q2; 季別: 2→twse; 公司代號: 8103→1150906; 公司名稱: 瀚荃→115
2026-09-06T08:13:57+08:00	fs/2026Q2_ci.csv	8104	market: twse→8104; 出表日期: 1150906→錸寶; 年度: 115→2026Q2; 季別: 2→twse; 公司代號: 8104→1150906; 公司名稱: 錸寶→115
2026-09-06T08:13:57+08:00	fs/2026Q2_ci.csv	8105	market: twse→8105; 出表日期: 1150906→凌巨; 年度: 115→2026Q2; 季別: 2→twse; 公司代號: 8105→1150906; 公司名稱: 凌巨→115
2026-09-06T08:13:57+08:00	fs/2026Q2_ci.csv	8110	market: twse→8110; 出表日期: 1150906→華東; 年度: 115→2026Q2; 季別: 2→twse; 公司代號: 8110→1150906; 公司名稱: 華東→115
2026-09-06T08:13:57+08:00	fs/2026Q2_ci.csv	8112	market: twse→8112; 出表日期: 1150906→至上; 年度: 115→2026Q2; 季別: 2→twse; 公司代號: 8112→1150906; 公司名稱: 至上→115
2026-09-06T08:13:57+08:00	fs/2026Q2_ci.csv	8114	market: twse→8114; 出表日期: 1150906→振樺電; 年度: 115→2026Q2; 季別: 2→twse; 公司代號: 8114→1150906; 公司名稱: 振樺電→115
2026-09-06T08:13:57+08:00	fs/2026Q2_ci.csv	8131	market: twse→8131; 出表日期: 1150906→福懋科; 年度: 115→2026Q2; 季別: 2→twse; 公司代號: 8131→1150906; 公司名稱: 福懋科→115
2026-09-06T08:13:57+08:00	fs/2026Q2_ci.csv	8150	market: twse→8150; 出表日期: 1150906→南茂; 年度: 115→2026Q2; 季別: 2→twse; 公司代號: 8150→1150906; 公司名稱: 南茂→115
2026-09-06T08:13:57+08:00	fs/2026Q2_ci.csv	8162	market: twse→8162; 出表日期: 1150906→微矽電子-創; 年度: 115→2026Q2; 季別: 2→twse; 公司代號: 8162→1150906; 公司名稱: 微矽電子-創→115
2026-09-06T08:13:57+08:00	fs/2026Q2_ci.csv	8163	market: twse→8163; 出表日期: 1150906→達方; 年度: 115→2026Q2; 季別: 2→twse; 公司代號: 8163→1150906; 公司名稱: 達方→115
2026-09-06T08:13:57+08:00	fs/2026Q2_ci.csv	8201	market: twse→8201; 出表日期: 1150906→無敵; 年度: 115→2026Q2; 季別: 2→twse; 公司代號: 8201→1150906; 公司名稱: 無敵→115
2026-09-06T08:13:57+08:00	fs/2026Q2_ci.csv	8210	market: twse→8210; 出表日期: 1150906→勤誠; 年度: 115→2026Q2; 季別: 2→twse; 公司代號: 8210→1150906; 公司名稱: 勤誠→115
2026-09-06T08:13:57+08:00	fs/2026Q2_ci.csv	8213	market: twse→8213; 出表日期: 1150906→志超; 年度: 115→2026Q2; 季別: 2→twse; 公司代號: 8213→1150906; 公司名稱: 志超→115
2026-09-06T08:13:57+08:00	fs/2026Q2_ci.csv	8215	market: twse→8215; 出表日期: 1150906→明基材; 年度: 115→2026Q2; 季別: 2→twse; 公司代號: 8215→1150906; 公司名稱: 明基材→115
2026-09-06T08:13:57+08:00	fs/2026Q2_ci.csv	8222	market: twse→8222; 出表日期: 1150906→寶一; 年度: 115→2026Q2; 季別: 2→twse; 公司代號: 8222→1150906; 公司名稱: 寶一→115
2026-09-06T08:13:57+08:00	fs/2026Q2_ci.csv	8249	market: twse→8249; 出表日期: 1150906→菱光; 年度: 115→2026Q2; 季別: 2→twse; 公司代號: 8249→1150906; 公司名稱: 菱光→115
2026-09-06T08:13:57+08:00	fs/2026Q2_ci.csv	8261	market: twse→8261; 出表日期: 1150906→富鼎; 年度: 115→2026Q2; 季別: 2→twse; 公司代號: 8261→1150906; 公司名稱: 富鼎→115
2026-09-06T08:13:57+08:00	fs/2026Q2_ci.csv	8271	market: twse→8271; 出表日期: 1150906→宇瞻; 年度: 115→2026Q2; 季別: 2→twse; 公司代號: 8271→1150906; 公司名稱: 宇瞻→115
2026-09-06T08:13:57+08:00	fs/2026Q2_ci.csv	8341	market: twse→8341; 出表日期: 1150906→日友; 年度: 115→2026Q2; 季別: 2→twse; 公司代號: 8341→1150906; 公司名稱: 日友→115
2026-09-06T08:13:57+08:00	fs/2026Q2_ci.csv	8367	market: twse→8367; 出表日期: 1150906→建新國際; 年度: 115→2026Q2; 季別: 2→twse; 公司代號: 8367→1150906; 公司名稱: 建新國際→115
2026-09-06T08:13:57+08:00	fs/2026Q2_ci.csv	8374	market: twse→8374; 出表日期: 1150906→羅昇; 年度: 115→2026Q2; 季別: 2→twse; 公司代號: 8374→1150906; 公司名稱: 羅昇→115
2026-09-06T08:13:57+08:00	fs/2026Q2_ci.csv	8404	market: twse→8404; 出表日期: 1150906→百和興業-KY; 年度: 115→2026Q2; 季別: 2→twse; 公司代號: 8404→1150906; 公司名稱: 百和興業-KY→115
2026-09-06T08:13:57+08:00	fs/2026Q2_ci.csv	8411	market: twse→8411; 出表日期: 1150906→福貞-KY; 年度: 115→2026Q2; 季別: 2→twse; 公司代號: 8411→1150906; 公司名稱: 福貞-KY→115
2026-09-06T08:13:57+08:00	fs/2026Q2_ci.csv	8422	market: twse→8422; 出表日期: 1150906→可寧衛*; 年度: 115→2026Q2; 季別: 2→twse; 公司代號: 8422→1150906; 公司名稱: 可寧衛*→115
2026-09-06T08:13:57+08:00	fs/2026Q2_ci.csv	8429	market: twse→8429; 出表日期: 1150906→金麗-KY; 年度: 115→2026Q2; 季別: 2→twse; 公司代號: 8429→1150906; 公司名稱: 金麗-KY→115
2026-09-06T08:13:57+08:00	fs/2026Q2_ci.csv	8438	market: twse→8438; 出表日期: 1150906→昶昕; 年度: 115→2026Q2; 季別: 2→twse; 公司代號: 8438→1150906; 公司名稱: 昶昕→115
2026-09-06T08:13:57+08:00	fs/2026Q2_ci.csv	8442	market: twse→8442; 出表日期: 1150906→威宏-KY; 年度: 115→2026Q2; 季別: 2→twse; 公司代號: 8442→1150906; 公司名稱: 威宏-KY→115
2026-09-06T08:13:57+08:00	fs/2026Q2_ci.csv	8443	market: twse→8443; 出表日期: 1150906→阿瘦; 年度: 115→2026Q2; 季別: 2→twse; 公司代號: 8443→1150906; 公司名稱: 阿瘦→115
2026-09-06T08:13:57+08:00	fs/2026Q2_ci.csv	8454	market: twse→8454; 出表日期: 1150906→富邦媒; 年度: 115→2026Q2; 季別: 2→twse; 公司代號: 8454→1150906; 公司名稱: 富邦媒→115
2026-09-06T08:13:57+08:00	fs/2026Q2_ci.csv	8462	market: twse→8462; 出表日期: 1150906→柏文; 年度: 115→2026Q2; 季別: 2→twse; 公司代號: 8462→1150906; 公司名稱: 柏文→115
2026-09-06T08:13:57+08:00	fs/2026Q2_ci.csv	8463	market: twse→8463; 出表日期: 1150906→潤泰材; 年度: 115→2026Q2; 季別: 2→twse; 公司代號: 8463→1150906; 公司名稱: 潤泰材→115
2026-09-06T08:13:57+08:00	fs/2026Q2_ci.csv	8464	market: twse→8464; 出表日期: 1150906→億豐; 年度: 115→2026Q2; 季別: 2→twse; 公司代號: 8464→1150906; 公司名稱: 億豐→115
2026-09-06T08:13:57+08:00	fs/2026Q2_ci.csv	8466	market: twse→8466; 出表日期: 1150906→美吉吉-KY; 年度: 115→2026Q2; 季別: 2→twse; 公司代號: 8466→1150906; 公司名稱: 美吉吉-KY→115
2026-09-06T08:13:57+08:00	fs/2026Q2_ci.csv	8467	market: twse→8467; 出表日期: 1150906→波力-KY; 年度: 115→2026Q2; 季別: 2→twse; 公司代號: 8467→1150906; 公司名稱: 波力-KY→115
2026-09-06T08:13:57+08:00	fs/2026Q2_ci.csv	8473	market: twse→8473; 出表日期: 1150906→山林水; 年度: 115→2026Q2; 季別: 2→twse; 公司代號: 8473→1150906; 公司名稱: 山林水→115
2026-09-06T08:13:57+08:00	fs/2026Q2_ci.csv	8476	market: twse→8476; 出表日期: 1150906→台境*; 年度: 115→2026Q2; 季別: 2→twse; 公司代號: 8476→1150906; 公司名稱: 台境*→115
2026-09-06T08:13:57+08:00	fs/2026Q2_ci.csv	8478	market: twse→8478; 出表日期: 1150906→東哥遊艇; 年度: 115→2026Q2; 季別: 2→twse; 公司代號: 8478→1150906; 公司名稱: 東哥遊艇→115
2026-09-06T08:13:57+08:00	fs/2026Q2_ci.csv	8481	market: twse→8481; 出表日期: 1150906→政伸; 年度: 115→2026Q2; 季別: 2→twse; 公司代號: 8481→1150906; 公司名稱: 政伸→115
2026-09-06T08:13:57+08:00	fs/2026Q2_ci.csv	8482	market: twse→8482; 出表日期: 1150906→商億-KY; 年度: 115→2026Q2; 季別: 2→twse; 公司代號: 8482→1150906; 公司名稱: 商億-KY→115
2026-09-06T08:13:57+08:00	fs/2026Q2_ci.csv	8487	market: twse→8487; 出表日期: 1150906→愛爾達-創; 年度: 115→2026Q2; 季別: 2→twse; 公司代號: 8487→1150906; 公司名稱: 愛爾達-創→115
2026-09-06T08:13:57+08:00	fs/2026Q2_ci.csv	8488	market: twse→8488; 出表日期: 1150906→吉源-KY; 年度: 115→2026Q2; 季別: 2→twse; 公司代號: 8488→1150906; 公司名稱: 吉源-KY→115
2026-09-06T08:13:57+08:00	fs/2026Q2_ci.csv	8499	market: twse→8499; 出表日期: 1150906→鼎炫-KY; 年度: 115→2026Q2; 季別: 2→twse; 公司代號: 8499→1150906; 公司名稱: 鼎炫-KY→115
2026-09-06T08:13:57+08:00	fs/2026Q2_ci.csv	8926	market: twse→8926; 出表日期: 1150906→台汽電; 年度: 115→2026Q2; 季別: 2→twse; 公司代號: 8926→1150906; 公司名稱: 台汽電→115
2026-09-06T08:13:57+08:00	fs/2026Q2_ci.csv	8940	market: twse→8940; 出表日期: 1150906→新天地; 年度: 115→2026Q2; 季別: 2→twse; 公司代號: 8940→1150906; 公司名稱: 新天地→115
2026-09-06T08:13:57+08:00	fs/2026Q2_ci.csv	8996	market: twse→8996; 出表日期: 1150906→高力; 年度: 115→2026Q2; 季別: 2→twse; 公司代號: 8996→1150906; 公司名稱: 高力→115
2026-09-06T08:13:57+08:00	fs/2026Q2_ci.csv	9802	market: twse→9802; 出表日期: 1150906→鈺齊-KY; 年度: 115→2026Q2; 季別: 2→twse; 公司代號: 9802→1150906; 公司名稱: 鈺齊-KY→115
2026-09-06T08:13:57+08:00	fs/2026Q2_ci.csv	9902	market: twse→9902; 出表日期: 1150906→台火; 年度: 115→2026Q2; 季別: 2→twse; 公司代號: 9902→1150906; 公司名稱: 台火→115
2026-09-06T08:13:57+08:00	fs/2026Q2_ci.csv	9904	market: twse→9904; 出表日期: 1150906→寶成; 年度: 115→2026Q2; 季別: 2→twse; 公司代號: 9904→1150906; 公司名稱: 寶成→115
2026-09-06T08:13:57+08:00	fs/2026Q2_ci.csv	9905	market: twse→9905; 出表日期: 1150906→大華; 年度: 115→2026Q2; 季別: 2→twse; 公司代號: 9905→1150906; 公司名稱: 大華→115
2026-09-06T08:13:57+08:00	fs/2026Q2_ci.csv	9906	market: twse→9906; 出表日期: 1150906→欣巴巴; 年度: 115→2026Q2; 季別: 2→twse; 公司代號: 9906→1150906; 公司名稱: 欣巴巴→115
2026-09-06T08:13:57+08:00	fs/2026Q2_ci.csv	9907	market: twse→9907; 出表日期: 1150906→統一實; 年度: 115→2026Q2; 季別: 2→twse; 公司代號: 9907→1150906; 公司名稱: 統一實→115
2026-09-06T08:13:57+08:00	fs/2026Q2_ci.csv	9908	market: twse→9908; 出表日期: 1150906→大台北; 年度: 115→2026Q2; 季別: 2→twse; 公司代號: 9908→1150906; 公司名稱: 大台北→115
2026-09-06T08:13:57+08:00	fs/2026Q2_ci.csv	9910	market: twse→9910; 出表日期: 1150906→豐泰; 年度: 115→2026Q2; 季別: 2→twse; 公司代號: 9910→1150906; 公司名稱: 豐泰→115
2026-09-06T08:13:57+08:00	fs/2026Q2_ci.csv	9911	market: twse→9911; 出表日期: 1150906→櫻花; 年度: 115→2026Q2; 季別: 2→twse; 公司代號: 9911→1150906; 公司名稱: 櫻花→115
2026-09-06T08:13:57+08:00	fs/2026Q2_ci.csv	9912	market: twse→9912; 出表日期: 1150906→偉聯; 年度: 115→2026Q2; 季別: 2→twse; 公司代號: 9912→1150906; 公司名稱: 偉聯→115
2026-09-06T08:13:57+08:00	fs/2026Q2_ci.csv	9914	market: twse→9914; 出表日期: 1150906→美利達; 年度: 115→2026Q2; 季別: 2→twse; 公司代號: 9914→1150906; 公司名稱: 美利達→115
2026-09-06T08:13:57+08:00	fs/2026Q2_ci.csv	9917	market: twse→9917; 出表日期: 1150906→中保科; 年度: 115→2026Q2; 季別: 2→twse; 公司代號: 9917→1150906; 公司名稱: 中保科→115
2026-09-06T08:13:57+08:00	fs/2026Q2_ci.csv	9918	market: twse→9918; 出表日期: 1150906→欣天然; 年度: 115→2026Q2; 季別: 2→twse; 公司代號: 9918→1150906; 公司名稱: 欣天然→115
2026-09-06T08:13:57+08:00	fs/2026Q2_ci.csv	9919	market: twse→9919; 出表日期: 1150906→康那香; 年度: 115→2026Q2; 季別: 2→twse; 公司代號: 9919→1150906; 公司名稱: 康那香→115
2026-09-06T08:13:57+08:00	fs/2026Q2_ci.csv	9921	market: twse→9921; 出表日期: 1150906→巨大; 年度: 115→2026Q2; 季別: 2→twse; 公司代號: 9921→1150906; 公司名稱: 巨大→115
2026-09-06T08:13:57+08:00	fs/2026Q2_ci.csv	9924	market: twse→9924; 出表日期: 1150906→福興; 年度: 115→2026Q2; 季別: 2→twse; 公司代號: 9924→1150906; 公司名稱: 福興→115
2026-09-06T08:13:57+08:00	fs/2026Q2_ci.csv	9925	market: twse→9925; 出表日期: 1150906→新保; 年度: 115→2026Q2; 季別: 2→twse; 公司代號: 9925→1150906; 公司名稱: 新保→115
2026-09-06T08:13:57+08:00	fs/2026Q2_ci.csv	9926	market: twse→9926; 出表日期: 1150906→新海; 年度: 115→2026Q2; 季別: 2→twse; 公司代號: 9926→1150906; 公司名稱: 新海→115
2026-09-06T08:13:57+08:00	fs/2026Q2_ci.csv	9927	market: twse→9927; 出表日期: 1150906→泰銘; 年度: 115→2026Q2; 季別: 2→twse; 公司代號: 9927→1150906; 公司名稱: 泰銘→115
2026-09-06T08:13:57+08:00	fs/2026Q2_ci.csv	9928	market: twse→9928; 出表日期: 1150906→中視; 年度: 115→2026Q2; 季別: 2→twse; 公司代號: 9928→1150906; 公司名稱: 中視→115
2026-09-06T08:13:57+08:00	fs/2026Q2_ci.csv	9929	market: twse→9929; 出表日期: 1150906→秋雨; 年度: 115→2026Q2; 季別: 2→twse; 公司代號: 9929→1150906; 公司名稱: 秋雨→115
2026-09-06T08:13:57+08:00	fs/2026Q2_ci.csv	9930	market: twse→9930; 出表日期: 1150906→中聯資源; 年度: 115→2026Q2; 季別: 2→twse; 公司代號: 9930→1150906; 公司名稱: 中聯資源→115
2026-09-06T08:13:57+08:00	fs/2026Q2_ci.csv	9931	market: twse→9931; 出表日期: 1150906→欣高; 年度: 115→2026Q2; 季別: 2→twse; 公司代號: 9931→1150906; 公司名稱: 欣高→115
2026-09-06T08:13:57+08:00	fs/2026Q2_ci.csv	9933	market: twse→9933; 出表日期: 1150906→中鼎; 年度: 115→2026Q2; 季別: 2→twse; 公司代號: 9933→1150906; 公司名稱: 中鼎→115
2026-09-06T08:13:57+08:00	fs/2026Q2_ci.csv	9934	market: twse→9934; 出表日期: 1150906→成霖; 年度: 115→2026Q2; 季別: 2→twse; 公司代號: 9934→1150906; 公司名稱: 成霖→115
2026-09-06T08:13:57+08:00	fs/2026Q2_ci.csv	9935	market: twse→9935; 出表日期: 1150906→慶豐富; 年度: 115→2026Q2; 季別: 2→twse; 公司代號: 9935→1150906; 公司名稱: 慶豐富→115
2026-09-06T08:13:57+08:00	fs/2026Q2_ci.csv	9937	market: twse→9937; 出表日期: 1150906→全國; 年度: 115→2026Q2; 季別: 2→twse; 公司代號: 9937→1150906; 公司名稱: 全國→115
2026-09-06T08:13:57+08:00	fs/2026Q2_ci.csv	9938	market: twse→9938; 出表日期: 1150906→百和; 年度: 115→2026Q2; 季別: 2→twse; 公司代號: 9938→1150906; 公司名稱: 百和→115
2026-09-06T08:13:57+08:00	fs/2026Q2_ci.csv	9939	market: twse→9939; 出表日期: 1150906→宏全; 年度: 115→2026Q2; 季別: 2→twse; 公司代號: 9939→1150906; 公司名稱: 宏全→115
2026-09-06T08:13:57+08:00	fs/2026Q2_ci.csv	9940	market: twse→9940; 出表日期: 1150906→信義; 年度: 115→2026Q2; 季別: 2→twse; 公司代號: 9940→1150906; 公司名稱: 信義→115
2026-09-06T08:13:57+08:00	fs/2026Q2_ci.csv	9941	market: twse→9941; 出表日期: 1150906→裕融; 年度: 115→2026Q2; 季別: 2→twse; 公司代號: 9941→1150906; 公司名稱: 裕融→115
2026-09-06T08:13:57+08:00	fs/2026Q2_ci.csv	9942	market: twse→9942; 出表日期: 1150906→茂順; 年度: 115→2026Q2; 季別: 2→twse; 公司代號: 9942→1150906; 公司名稱: 茂順→115
2026-09-06T08:13:57+08:00	fs/2026Q2_ci.csv	9943	market: twse→9943; 出表日期: 1150906→好樂迪; 年度: 115→2026Q2; 季別: 2→twse; 公司代號: 9943→1150906; 公司名稱: 好樂迪→115
2026-09-06T08:13:57+08:00	fs/2026Q2_ci.csv	9944	market: twse→9944; 出表日期: 1150906→新麗; 年度: 115→2026Q2; 季別: 2→twse; 公司代號: 9944→1150906; 公司名稱: 新麗→115
2026-09-06T08:13:57+08:00	fs/2026Q2_ci.csv	9945	market: twse→9945; 出表日期: 1150906→潤泰新; 年度: 115→2026Q2; 季別: 2→twse; 公司代號: 9945→1150906; 公司名稱: 潤泰新→115
2026-09-06T08:13:57+08:00	fs/2026Q2_ci.csv	9946	market: twse→9946; 出表日期: 1150906→三發地產; 年度: 115→2026Q2; 季別: 2→twse; 公司代號: 9946→1150906; 公司名稱: 三發地產→115
2026-09-06T08:13:57+08:00	fs/2026Q2_ci.csv	9955	market: twse→9955; 出表日期: 1150906→佳龍; 年度: 115→2026Q2; 季別: 2→twse; 公司代號: 9955→1150906; 公司名稱: 佳龍→115
2026-09-06T08:13:57+08:00	fs/2026Q2_ci.csv	9958	market: twse→9958; 出表日期: 1150906→世紀鋼; 年度: 115→2026Q2; 季別: 2→twse; 公司代號: 9958→1150906; 公司名稱: 世紀鋼→115
2026-09-06T08:14:08+08:00	fs/2026Q2_basi.csv		消失
2026-09-06T08:14:08+08:00	fs/2026Q2_basi.csv	2801	market: twse→2801; 出表日期: 1150906→彰銀; 年度: 115→2026Q2; 季別: 2→twse; 公司代號: 2801→1150906; 公司名稱: 彰銀→115
2026-09-06T08:14:08+08:00	fs/2026Q2_basi.csv	2812	market: twse→2812; 出表日期: 1150906→台中銀; 年度: 115→2026Q2; 季別: 2→twse; 公司代號: 2812→1150906; 公司名稱: 台中銀→115
2026-09-06T08:14:08+08:00	fs/2026Q2_basi.csv	2820	market: twse→2820; 出表日期: 1150906→華票; 年度: 115→2026Q2; 季別: 2→twse; 公司代號: 2820→1150906; 公司名稱: 華票→115
2026-09-06T08:14:08+08:00	fs/2026Q2_basi.csv	2834	market: twse→2834; 出表日期: 1150906→臺企銀; 年度: 115→2026Q2; 季別: 2→twse; 公司代號: 2834→1150906; 公司名稱: 臺企銀→115
2026-09-06T08:14:08+08:00	fs/2026Q2_basi.csv	2836	market: twse→2836; 出表日期: 1150906→高雄銀; 年度: 115→2026Q2; 季別: 2→twse; 公司代號: 2836→1150906; 公司名稱: 高雄銀→115
2026-09-06T08:14:08+08:00	fs/2026Q2_basi.csv	2838	market: twse→2838; 出表日期: 1150906→聯邦銀; 年度: 115→2026Q2; 季別: 2→twse; 公司代號: 2838→1150906; 公司名稱: 聯邦銀→115
2026-09-06T08:14:08+08:00	fs/2026Q2_basi.csv	2845	market: twse→2845; 出表日期: 1150906→遠東銀; 年度: 115→2026Q2; 季別: 2→twse; 公司代號: 2845→1150906; 公司名稱: 遠東銀→115
2026-09-06T08:14:08+08:00	fs/2026Q2_basi.csv	2849	market: twse→2849; 出表日期: 1150906→安泰銀; 年度: 115→2026Q2; 季別: 2→twse; 公司代號: 2849→1150906; 公司名稱: 安泰銀→115
2026-09-06T08:14:08+08:00	fs/2026Q2_basi.csv	2897	market: twse→2897; 出表日期: 1150906→王道銀行; 年度: 115→2026Q2; 季別: 2→twse; 公司代號: 2897→1150906; 公司名稱: 王道銀行→115
2026-09-06T08:14:08+08:00	fs/2026Q2_basi.csv	5876	market: twse→5876; 出表日期: 1150906→上海商銀; 年度: 115→2026Q2; 季別: 2→twse; 公司代號: 5876→1150906; 公司名稱: 上海商銀→115
2026-09-06T08:14:21+08:00	fs/2026Q2_bd.csv	2855	market: twse→2855; 出表日期: 1150906→統一證; 年度: 115→2026Q2; 季別: 2→twse; 公司代號: 2855→1150906; 公司名稱: 統一證→115
2026-09-06T08:14:21+08:00	fs/2026Q2_bd.csv	5864	market: tpex→5864; 出表日期: →致和證; 年度: 115→2026Q2; 季別: 2→tpex; 公司代號: 5864→; 公司名稱: →115
2026-09-06T08:14:21+08:00	fs/2026Q2_bd.csv	6005	market: twse→6005; 出表日期: 1150906→群益證; 年度: 115→2026Q2; 季別: 2→twse; 公司代號: 6005→1150906; 公司名稱: 群益證→115
2026-09-06T08:14:21+08:00	fs/2026Q2_bd.csv	6015	market: tpex→6015; 出表日期: →宏遠證; 年度: 115→2026Q2; 季別: 2→tpex; 公司代號: 6015→; 公司名稱: →115
2026-09-06T08:14:21+08:00	fs/2026Q2_bd.csv	6016	market: tpex→6016; 出表日期: →康和證; 年度: 115→2026Q2; 季別: 2→tpex; 公司代號: 6016→; 公司名稱: →115
2026-09-06T08:14:21+08:00	fs/2026Q2_bd.csv	6020	market: tpex→6020; 出表日期: →大展證; 年度: 115→2026Q2; 季別: 2→tpex; 公司代號: 6020→; 公司名稱: →115
2026-09-06T08:14:21+08:00	fs/2026Q2_bd.csv	6021	market: tpex→6021; 出表日期: →美好證; 年度: 115→2026Q2; 季別: 2→tpex; 公司代號: 6021→; 公司名稱: →115
2026-09-06T08:14:21+08:00	fs/2026Q2_bd.csv	6023	market: tpex→6023; 出表日期: →元大期貨; 年度: 115→2026Q2; 季別: 2→tpex; 公司代號: 6023→; 公司名稱: →115
2026-09-06T08:14:21+08:00	fs/2026Q2_bd.csv	6024	market: twse→6024; 出表日期: 1150906→群益期; 年度: 115→2026Q2; 季別: 2→twse; 公司代號: 6024→1150906; 公司名稱: 群益期→115
2026-09-06T08:14:21+08:00	fs/2026Q2_bd.csv	6026	market: tpex→6026; 出表日期: →福邦證; 年度: 115→2026Q2; 季別: 2→tpex; 公司代號: 6026→; 公司名稱: →115
2026-09-06T08:14:33+08:00	fs/2026Q2_ins.csv		消失
2026-09-06T08:14:33+08:00	fs/2026Q2_ins.csv	2816	market: twse→2816; 出表日期: 1150906→旺旺保; 年度: 115→2026Q2; 季別: 2→twse; 公司代號: 2816→1150906; 公司名稱: 旺旺保→115
2026-09-06T08:14:33+08:00	fs/2026Q2_ins.csv	2832	market: twse→2832; 出表日期: 1150906→台產; 年度: 115→2026Q2; 季別: 2→twse; 公司代號: 2832→1150906; 公司名稱: 台產→115
2026-09-06T08:14:33+08:00	fs/2026Q2_ins.csv	2850	market: twse→2850; 出表日期: 1150906→新產; 年度: 115→2026Q2; 季別: 2→twse; 公司代號: 2850→1150906; 公司名稱: 新產→115
2026-09-06T08:14:33+08:00	fs/2026Q2_ins.csv	2851	market: twse→2851; 出表日期: 1150906→中再保; 年度: 115→2026Q2; 季別: 2→twse; 公司代號: 2851→1150906; 公司名稱: 中再保→115
2026-09-06T08:14:33+08:00	fs/2026Q2_ins.csv	2852	market: twse→2852; 出表日期: 1150906→第一保; 年度: 115→2026Q2; 季別: 2→twse; 公司代號: 2852→1150906; 公司名稱: 第一保→115
2026-09-06T08:14:44+08:00	fs/2026Q2_fh.csv		消失
2026-09-06T08:14:44+08:00	fs/2026Q2_fh.csv	2880	market: twse→2880; 出表日期: 1150906→華南金; 年度: 115→2026Q2; 季別: 2→twse; 公司代號: 2880→1150906; 公司名稱: 華南金→115
2026-09-06T08:14:44+08:00	fs/2026Q2_fh.csv	2881	market: twse→2881; 出表日期: 1150906→富邦金; 年度: 115→2026Q2; 季別: 2→twse; 公司代號: 2881→1150906; 公司名稱: 富邦金→115
2026-09-06T08:14:44+08:00	fs/2026Q2_fh.csv	2882	market: twse→2882; 出表日期: 1150906→國泰金; 年度: 115→2026Q2; 季別: 2→twse; 公司代號: 2882→1150906; 公司名稱: 國泰金→115
2026-09-06T08:14:44+08:00	fs/2026Q2_fh.csv	2883	market: twse→2883; 出表日期: 1150906→凱基金; 年度: 115→2026Q2; 季別: 2→twse; 公司代號: 2883→1150906; 公司名稱: 凱基金→115
2026-09-06T08:14:44+08:00	fs/2026Q2_fh.csv	2884	market: twse→2884; 出表日期: 1150906→玉山金; 年度: 115→2026Q2; 季別: 2→twse; 公司代號: 2884→1150906; 公司名稱: 玉山金→115
2026-09-06T08:14:44+08:00	fs/2026Q2_fh.csv	2885	market: twse→2885; 出表日期: 1150906→元大金; 年度: 115→2026Q2; 季別: 2→twse; 公司代號: 2885→1150906; 公司名稱: 元大金→115
2026-09-06T08:14:44+08:00	fs/2026Q2_fh.csv	2886	market: twse→2886; 出表日期: 1150906→兆豐金; 年度: 115→2026Q2; 季別: 2→twse; 公司代號: 2886→1150906; 公司名稱: 兆豐金→115
2026-09-06T08:14:44+08:00	fs/2026Q2_fh.csv	2887	market: twse→2887; 出表日期: 1150906→台新新光金; 年度: 115→2026Q2; 季別: 2→twse; 公司代號: 2887→1150906; 公司名稱: 台新新光金→115
2026-09-06T08:14:44+08:00	fs/2026Q2_fh.csv	2889	market: twse→2889; 出表日期: 1150906→國票金; 年度: 115→2026Q2; 季別: 2→twse; 公司代號: 2889→1150906; 公司名稱: 國票金→115
2026-09-06T08:14:44+08:00	fs/2026Q2_fh.csv	2890	market: twse→2890; 出表日期: 1150906→永豐金; 年度: 115→2026Q2; 季別: 2→twse; 公司代號: 2890→1150906; 公司名稱: 永豐金→115
2026-09-06T08:14:44+08:00	fs/2026Q2_fh.csv	2891	market: twse→2891; 出表日期: 1150906→中信金; 年度: 115→2026Q2; 季別: 2→twse; 公司代號: 2891→1150906; 公司名稱: 中信金→115
2026-09-06T08:14:44+08:00	fs/2026Q2_fh.csv	2892	market: twse→2892; 出表日期: 1150906→第一金; 年度: 115→2026Q2; 季別: 2→twse; 公司代號: 2892→1150906; 公司名稱: 第一金→115
2026-09-06T08:14:44+08:00	fs/2026Q2_fh.csv	5880	market: twse→5880; 出表日期: 1150906→合庫金; 年度: 115→2026Q2; 季別: 2→twse; 公司代號: 5880→1150906; 公司名稱: 合庫金→115
2026-09-06T08:14:59+08:00	bs/2026Q2_ci.csv		market: tpex→9962; 出表日期: →有益; 年度: 115→2026Q2; 季別: 2→tpex; 公司名稱: →115; 流動資產: 1087739.00→2
2026-09-06T08:14:59+08:00	bs/2026Q2_ci.csv	1101	market: twse→1101; 出表日期: 1150906→台泥; 年度: 115→2026Q2; 季別: 2→twse; 公司代號: 1101→1150906; 公司名稱: 台泥→115
2026-09-06T08:14:59+08:00	bs/2026Q2_ci.csv	1102	market: twse→1102; 出表日期: 1150906→亞泥; 年度: 115→2026Q2; 季別: 2→twse; 公司代號: 1102→1150906; 公司名稱: 亞泥→115
2026-09-06T08:14:59+08:00	bs/2026Q2_ci.csv	1103	market: twse→1103; 出表日期: 1150906→嘉泥; 年度: 115→2026Q2; 季別: 2→twse; 公司代號: 1103→1150906; 公司名稱: 嘉泥→115
2026-09-06T08:14:59+08:00	bs/2026Q2_ci.csv	1104	market: twse→1104; 出表日期: 1150906→環泥; 年度: 115→2026Q2; 季別: 2→twse; 公司代號: 1104→1150906; 公司名稱: 環泥→115
2026-09-06T08:14:59+08:00	bs/2026Q2_ci.csv	1108	market: twse→1108; 出表日期: 1150906→幸福; 年度: 115→2026Q2; 季別: 2→twse; 公司代號: 1108→1150906; 公司名稱: 幸福→115
2026-09-06T08:14:59+08:00	bs/2026Q2_ci.csv	1109	market: twse→1109; 出表日期: 1150906→信大; 年度: 115→2026Q2; 季別: 2→twse; 公司代號: 1109→1150906; 公司名稱: 信大→115
2026-09-06T08:14:59+08:00	bs/2026Q2_ci.csv	1110	market: twse→1110; 出表日期: 1150906→東泥; 年度: 115→2026Q2; 季別: 2→twse; 公司代號: 1110→1150906; 公司名稱: 東泥→115
2026-09-06T08:14:59+08:00	bs/2026Q2_ci.csv	1201	market: twse→1201; 出表日期: 1150906→味全; 年度: 115→2026Q2; 季別: 2→twse; 公司代號: 1201→1150906; 公司名稱: 味全→115
2026-09-06T08:14:59+08:00	bs/2026Q2_ci.csv	1203	market: twse→1203; 出表日期: 1150906→味王; 年度: 115→2026Q2; 季別: 2→twse; 公司代號: 1203→1150906; 公司名稱: 味王→115
2026-09-06T08:14:59+08:00	bs/2026Q2_ci.csv	1210	market: twse→1210; 出表日期: 1150906→大成; 年度: 115→2026Q2; 季別: 2→twse; 公司代號: 1210→1150906; 公司名稱: 大成→115
2026-09-06T08:14:59+08:00	bs/2026Q2_ci.csv	1213	market: twse→1213; 出表日期: 1150906→大飲; 年度: 115→2026Q2; 季別: 2→twse; 公司代號: 1213→1150906; 公司名稱: 大飲→115
2026-09-06T08:14:59+08:00	bs/2026Q2_ci.csv	1215	market: twse→1215; 出表日期: 1150906→卜蜂; 年度: 115→2026Q2; 季別: 2→twse; 公司代號: 1215→1150906; 公司名稱: 卜蜂→115
2026-09-06T08:14:59+08:00	bs/2026Q2_ci.csv	1216	market: twse→1216; 出表日期: 1150906→統一; 年度: 115→2026Q2; 季別: 2→twse; 公司代號: 1216→1150906; 公司名稱: 統一→115
2026-09-06T08:14:59+08:00	bs/2026Q2_ci.csv	1217	market: twse→1217; 出表日期: 1150906→愛之味; 年度: 115→2026Q2; 季別: 2→twse; 公司代號: 1217→1150906; 公司名稱: 愛之味→115
2026-09-06T08:14:59+08:00	bs/2026Q2_ci.csv	1218	market: twse→1218; 出表日期: 1150906→泰山; 年度: 115→2026Q2; 季別: 2→twse; 公司代號: 1218→1150906; 公司名稱: 泰山→115
2026-09-06T08:14:59+08:00	bs/2026Q2_ci.csv	1219	market: twse→1219; 出表日期: 1150906→福壽; 年度: 115→2026Q2; 季別: 2→twse; 公司代號: 1219→1150906; 公司名稱: 福壽→115
2026-09-06T08:14:59+08:00	bs/2026Q2_ci.csv	1220	market: twse→1220; 出表日期: 1150906→台榮; 年度: 115→2026Q2; 季別: 2→twse; 公司代號: 1220→1150906; 公司名稱: 台榮→115
2026-09-06T08:14:59+08:00	bs/2026Q2_ci.csv	1225	market: twse→1225; 出表日期: 1150906→福懋油; 年度: 115→2026Q2; 季別: 2→twse; 公司代號: 1225→1150906; 公司名稱: 福懋油→115
2026-09-06T08:14:59+08:00	bs/2026Q2_ci.csv	1227	market: twse→1227; 出表日期: 1150906→佳格; 年度: 115→2026Q2; 季別: 2→twse; 公司代號: 1227→1150906; 公司名稱: 佳格→115
2026-09-06T08:14:59+08:00	bs/2026Q2_ci.csv	1229	market: twse→1229; 出表日期: 1150906→聯華; 年度: 115→2026Q2; 季別: 2→twse; 公司代號: 1229→1150906; 公司名稱: 聯華→115
2026-09-06T08:14:59+08:00	bs/2026Q2_ci.csv	1231	market: twse→1231; 出表日期: 1150906→聯華食; 年度: 115→2026Q2; 季別: 2→twse; 公司代號: 1231→1150906; 公司名稱: 聯華食→115
2026-09-06T08:14:59+08:00	bs/2026Q2_ci.csv	1232	market: twse→1232; 出表日期: 1150906→大統益; 年度: 115→2026Q2; 季別: 2→twse; 公司代號: 1232→1150906; 公司名稱: 大統益→115
2026-09-06T08:14:59+08:00	bs/2026Q2_ci.csv	1233	market: twse→1233; 出表日期: 1150906→天仁; 年度: 115→2026Q2; 季別: 2→twse; 公司代號: 1233→1150906; 公司名稱: 天仁→115
2026-09-06T08:14:59+08:00	bs/2026Q2_ci.csv	1234	market: twse→1234; 出表日期: 1150906→黑松; 年度: 115→2026Q2; 季別: 2→twse; 公司代號: 1234→1150906; 公司名稱: 黑松→115
2026-09-06T08:14:59+08:00	bs/2026Q2_ci.csv	1235	market: twse→1235; 出表日期: 1150906→興泰; 年度: 115→2026Q2; 季別: 2→twse; 公司代號: 1235→1150906; 公司名稱: 興泰→115
2026-09-06T08:14:59+08:00	bs/2026Q2_ci.csv	1236	market: twse→1236; 出表日期: 1150906→宏亞; 年度: 115→2026Q2; 季別: 2→twse; 公司代號: 1236→1150906; 公司名稱: 宏亞→115
2026-09-06T08:14:59+08:00	bs/2026Q2_ci.csv	1256	market: twse→1256; 出表日期: 1150906→鮮活果汁-KY; 年度: 115→2026Q2; 季別: 2→twse; 公司代號: 1256→1150906; 公司名稱: 鮮活果汁-KY→115
2026-09-06T08:14:59+08:00	bs/2026Q2_ci.csv	1301	market: twse→1301; 出表日期: 1150906→台塑; 年度: 115→2026Q2; 季別: 2→twse; 公司代號: 1301→1150906; 公司名稱: 台塑→115
2026-09-06T08:14:59+08:00	bs/2026Q2_ci.csv	1303	market: twse→1303; 出表日期: 1150906→南亞; 年度: 115→2026Q2; 季別: 2→twse; 公司代號: 1303→1150906; 公司名稱: 南亞→115
2026-09-06T08:14:59+08:00	bs/2026Q2_ci.csv	1304	market: twse→1304; 出表日期: 1150906→台聚; 年度: 115→2026Q2; 季別: 2→twse; 公司代號: 1304→1150906; 公司名稱: 台聚→115
2026-09-06T08:14:59+08:00	bs/2026Q2_ci.csv	1305	market: twse→1305; 出表日期: 1150906→華夏; 年度: 115→2026Q2; 季別: 2→twse; 公司代號: 1305→1150906; 公司名稱: 華夏→115
2026-09-06T08:14:59+08:00	bs/2026Q2_ci.csv	1307	market: twse→1307; 出表日期: 1150906→三芳; 年度: 115→2026Q2; 季別: 2→twse; 公司代號: 1307→1150906; 公司名稱: 三芳→115
2026-09-06T08:14:59+08:00	bs/2026Q2_ci.csv	1308	market: twse→1308; 出表日期: 1150906→亞聚; 年度: 115→2026Q2; 季別: 2→twse; 公司代號: 1308→1150906; 公司名稱: 亞聚→115
2026-09-06T08:14:59+08:00	bs/2026Q2_ci.csv	1309	market: twse→1309; 出表日期: 1150906→台達化; 年度: 115→2026Q2; 季別: 2→twse; 公司代號: 1309→1150906; 公司名稱: 台達化→115
2026-09-06T08:14:59+08:00	bs/2026Q2_ci.csv	1310	market: twse→1310; 出表日期: 1150906→台苯; 年度: 115→2026Q2; 季別: 2→twse; 公司代號: 1310→1150906; 公司名稱: 台苯→115
2026-09-06T08:14:59+08:00	bs/2026Q2_ci.csv	1312	market: twse→1312; 出表日期: 1150906→國喬; 年度: 115→2026Q2; 季別: 2→twse; 公司代號: 1312→1150906; 公司名稱: 國喬→115
2026-09-06T08:14:59+08:00	bs/2026Q2_ci.csv	1313	market: twse→1313; 出表日期: 1150906→聯成; 年度: 115→2026Q2; 季別: 2→twse; 公司代號: 1313→1150906; 公司名稱: 聯成→115
2026-09-06T08:14:59+08:00	bs/2026Q2_ci.csv	1314	market: twse→1314; 出表日期: 1150906→中石化; 年度: 115→2026Q2; 季別: 2→twse; 公司代號: 1314→1150906; 公司名稱: 中石化→115
2026-09-06T08:14:59+08:00	bs/2026Q2_ci.csv	1315	market: twse→1315; 出表日期: 1150906→達新; 年度: 115→2026Q2; 季別: 2→twse; 公司代號: 1315→1150906; 公司名稱: 達新→115
2026-09-06T08:14:59+08:00	bs/2026Q2_ci.csv	1316	market: twse→1316; 出表日期: 1150906→上曜; 年度: 115→2026Q2; 季別: 2→twse; 公司代號: 1316→1150906; 公司名稱: 上曜→115
2026-09-06T08:14:59+08:00	bs/2026Q2_ci.csv	1319	market: twse→1319; 出表日期: 1150906→東陽; 年度: 115→2026Q2; 季別: 2→twse; 公司代號: 1319→1150906; 公司名稱: 東陽→115
2026-09-06T08:14:59+08:00	bs/2026Q2_ci.csv	1321	market: twse→1321; 出表日期: 1150906→大洋; 年度: 115→2026Q2; 季別: 2→twse; 公司代號: 1321→1150906; 公司名稱: 大洋→115
2026-09-06T08:14:59+08:00	bs/2026Q2_ci.csv	1323	market: twse→1323; 出表日期: 1150906→永裕; 年度: 115→2026Q2; 季別: 2→twse; 公司代號: 1323→1150906; 公司名稱: 永裕→115
2026-09-06T08:14:59+08:00	bs/2026Q2_ci.csv	1324	market: twse→1324; 出表日期: 1150906→地球; 年度: 115→2026Q2; 季別: 2→twse; 公司代號: 1324→1150906; 公司名稱: 地球→115
2026-09-06T08:14:59+08:00	bs/2026Q2_ci.csv	1325	market: twse→1325; 出表日期: 1150906→恆大; 年度: 115→2026Q2; 季別: 2→twse; 公司代號: 1325→1150906; 公司名稱: 恆大→115
2026-09-06T08:14:59+08:00	bs/2026Q2_ci.csv	1326	market: twse→1326; 出表日期: 1150906→台化; 年度: 115→2026Q2; 季別: 2→twse; 公司代號: 1326→1150906; 公司名稱: 台化→115
2026-09-06T08:14:59+08:00	bs/2026Q2_ci.csv	1337	market: twse→1337; 出表日期: 1150906→再生-KY; 年度: 115→2026Q2; 季別: 2→twse; 公司代號: 1337→1150906; 公司名稱: 再生-KY→115
2026-09-06T08:14:59+08:00	bs/2026Q2_ci.csv	1338	market: twse→1338; 出表日期: 1150906→廣華-KY; 年度: 115→2026Q2; 季別: 2→twse; 公司代號: 1338→1150906; 公司名稱: 廣華-KY→115
2026-09-06T08:14:59+08:00	bs/2026Q2_ci.csv	1339	market: twse→1339; 出表日期: 1150906→昭輝; 年度: 115→2026Q2; 季別: 2→twse; 公司代號: 1339→1150906; 公司名稱: 昭輝→115
2026-09-06T08:14:59+08:00	bs/2026Q2_ci.csv	1340	market: twse→1340; 出表日期: 1150906→勝悅-KY; 年度: 115→2026Q2; 季別: 2→twse; 公司代號: 1340→1150906; 公司名稱: 勝悅-KY→115
2026-09-06T08:14:59+08:00	bs/2026Q2_ci.csv	1341	market: twse→1341; 出表日期: 1150906→富林-KY; 年度: 115→2026Q2; 季別: 2→twse; 公司代號: 1341→1150906; 公司名稱: 富林-KY→115
2026-09-06T08:14:59+08:00	bs/2026Q2_ci.csv	1342	market: twse→1342; 出表日期: 1150906→八貫; 年度: 115→2026Q2; 季別: 2→twse; 公司代號: 1342→1150906; 公司名稱: 八貫→115
2026-09-06T08:14:59+08:00	bs/2026Q2_ci.csv	1402	market: twse→1402; 出表日期: 1150906→遠東新; 年度: 115→2026Q2; 季別: 2→twse; 公司代號: 1402→1150906; 公司名稱: 遠東新→115
2026-09-06T08:14:59+08:00	bs/2026Q2_ci.csv	1410	market: twse→1410; 出表日期: 1150906→南染; 年度: 115→2026Q2; 季別: 2→twse; 公司代號: 1410→1150906; 公司名稱: 南染→115
2026-09-06T08:14:59+08:00	bs/2026Q2_ci.csv	1413	market: twse→1413; 出表日期: 1150906→宏洲; 年度: 115→2026Q2; 季別: 2→twse; 公司代號: 1413→1150906; 公司名稱: 宏洲→115
2026-09-06T08:14:59+08:00	bs/2026Q2_ci.csv	1414	market: twse→1414; 出表日期: 1150906→東和; 年度: 115→2026Q2; 季別: 2→twse; 公司代號: 1414→1150906; 公司名稱: 東和→115
2026-09-06T08:14:59+08:00	bs/2026Q2_ci.csv	1416	market: twse→1416; 出表日期: 1150906→廣豐; 年度: 115→2026Q2; 季別: 2→twse; 公司代號: 1416→1150906; 公司名稱: 廣豐→115
2026-09-06T08:14:59+08:00	bs/2026Q2_ci.csv	1417	market: twse→1417; 出表日期: 1150906→嘉裕; 年度: 115→2026Q2; 季別: 2→twse; 公司代號: 1417→1150906; 公司名稱: 嘉裕→115
2026-09-06T08:14:59+08:00	bs/2026Q2_ci.csv	1418	market: twse→1418; 出表日期: 1150906→東華; 年度: 115→2026Q2; 季別: 2→twse; 公司代號: 1418→1150906; 公司名稱: 東華→115
2026-09-06T08:14:59+08:00	bs/2026Q2_ci.csv	1419	market: twse→1419; 出表日期: 1150906→新紡; 年度: 115→2026Q2; 季別: 2→twse; 公司代號: 1419→1150906; 公司名稱: 新紡→115
2026-09-06T08:14:59+08:00	bs/2026Q2_ci.csv	1423	market: twse→1423; 出表日期: 1150906→利華; 年度: 115→2026Q2; 季別: 2→twse; 公司代號: 1423→1150906; 公司名稱: 利華→115
2026-09-06T08:14:59+08:00	bs/2026Q2_ci.csv	1432	market: twse→1432; 出表日期: 1150906→大魯閣; 年度: 115→2026Q2; 季別: 2→twse; 公司代號: 1432→1150906; 公司名稱: 大魯閣→115
2026-09-06T08:14:59+08:00	bs/2026Q2_ci.csv	1434	market: twse→1434; 出表日期: 1150906→福懋; 年度: 115→2026Q2; 季別: 2→twse; 公司代號: 1434→1150906; 公司名稱: 福懋→115
2026-09-06T08:14:59+08:00	bs/2026Q2_ci.csv	1435	market: twse→1435; 出表日期: 1150906→中福; 年度: 115→2026Q2; 季別: 2→twse; 公司代號: 1435→1150906; 公司名稱: 中福→115
2026-09-06T08:14:59+08:00	bs/2026Q2_ci.csv	1436	market: twse→1436; 出表日期: 1150906→華友聯; 年度: 115→2026Q2; 季別: 2→twse; 公司代號: 1436→1150906; 公司名稱: 華友聯→115
2026-09-06T08:14:59+08:00	bs/2026Q2_ci.csv	1437	market: twse→1437; 出表日期: 1150906→勤益控; 年度: 115→2026Q2; 季別: 2→twse; 公司代號: 1437→1150906; 公司名稱: 勤益控→115
2026-09-06T08:14:59+08:00	bs/2026Q2_ci.csv	1438	market: twse→1438; 出表日期: 1150906→三地開發; 年度: 115→2026Q2; 季別: 2→twse; 公司代號: 1438→1150906; 公司名稱: 三地開發→115
2026-09-06T08:14:59+08:00	bs/2026Q2_ci.csv	1439	market: twse→1439; 出表日期: 1150906→雋揚; 年度: 115→2026Q2; 季別: 2→twse; 公司代號: 1439→1150906; 公司名稱: 雋揚→115
2026-09-06T08:14:59+08:00	bs/2026Q2_ci.csv	1440	market: twse→1440; 出表日期: 1150906→南紡; 年度: 115→2026Q2; 季別: 2→twse; 公司代號: 1440→1150906; 公司名稱: 南紡→115
2026-09-06T08:14:59+08:00	bs/2026Q2_ci.csv	1441	market: twse→1441; 出表日期: 1150906→大東; 年度: 115→2026Q2; 季別: 2→twse; 公司代號: 1441→1150906; 公司名稱: 大東→115
2026-09-06T08:14:59+08:00	bs/2026Q2_ci.csv	1442	market: twse→1442; 出表日期: 1150906→名軒; 年度: 115→2026Q2; 季別: 2→twse; 公司代號: 1442→1150906; 公司名稱: 名軒→115
2026-09-06T08:14:59+08:00	bs/2026Q2_ci.csv	1443	market: twse→1443; 出表日期: 1150906→立益物流; 年度: 115→2026Q2; 季別: 2→twse; 公司代號: 1443→1150906; 公司名稱: 立益物流→115
2026-09-06T08:14:59+08:00	bs/2026Q2_ci.csv	1444	market: twse→1444; 出表日期: 1150906→力麗; 年度: 115→2026Q2; 季別: 2→twse; 公司代號: 1444→1150906; 公司名稱: 力麗→115
2026-09-06T08:14:59+08:00	bs/2026Q2_ci.csv	1445	market: twse→1445; 出表日期: 1150906→大宇; 年度: 115→2026Q2; 季別: 2→twse; 公司代號: 1445→1150906; 公司名稱: 大宇→115
2026-09-06T08:14:59+08:00	bs/2026Q2_ci.csv	1446	market: twse→1446; 出表日期: 1150906→宏和; 年度: 115→2026Q2; 季別: 2→twse; 公司代號: 1446→1150906; 公司名稱: 宏和→115
2026-09-06T08:14:59+08:00	bs/2026Q2_ci.csv	1447	market: twse→1447; 出表日期: 1150906→力鵬; 年度: 115→2026Q2; 季別: 2→twse; 公司代號: 1447→1150906; 公司名稱: 力鵬→115
2026-09-06T08:14:59+08:00	bs/2026Q2_ci.csv	1449	market: twse→1449; 出表日期: 1150906→佳和; 年度: 115→2026Q2; 季別: 2→twse; 公司代號: 1449→1150906; 公司名稱: 佳和→115
2026-09-06T08:14:59+08:00	bs/2026Q2_ci.csv	1451	market: twse→1451; 出表日期: 1150906→年興; 年度: 115→2026Q2; 季別: 2→twse; 公司代號: 1451→1150906; 公司名稱: 年興→115
2026-09-06T08:14:59+08:00	bs/2026Q2_ci.csv	1452	market: twse→1452; 出表日期: 1150906→宏益; 年度: 115→2026Q2; 季別: 2→twse; 公司代號: 1452→1150906; 公司名稱: 宏益→115
2026-09-06T08:14:59+08:00	bs/2026Q2_ci.csv	1453	market: twse→1453; 出表日期: 1150906→大將; 年度: 115→2026Q2; 季別: 2→twse; 公司代號: 1453→1150906; 公司名稱: 大將→115
2026-09-06T08:14:59+08:00	bs/2026Q2_ci.csv	1454	market: twse→1454; 出表日期: 1150906→台富; 年度: 115→2026Q2; 季別: 2→twse; 公司代號: 1454→1150906; 公司名稱: 台富→115
2026-09-06T08:14:59+08:00	bs/2026Q2_ci.csv	1455	market: twse→1455; 出表日期: 1150906→集盛; 年度: 115→2026Q2; 季別: 2→twse; 公司代號: 1455→1150906; 公司名稱: 集盛→115
2026-09-06T08:14:59+08:00	bs/2026Q2_ci.csv	1456	market: twse→1456; 出表日期: 1150906→怡華; 年度: 115→2026Q2; 季別: 2→twse; 公司代號: 1456→1150906; 公司名稱: 怡華→115
2026-09-06T08:14:59+08:00	bs/2026Q2_ci.csv	1457	market: twse→1457; 出表日期: 1150906→宜進; 年度: 115→2026Q2; 季別: 2→twse; 公司代號: 1457→1150906; 公司名稱: 宜進→115
2026-09-06T08:14:59+08:00	bs/2026Q2_ci.csv	1459	market: twse→1459; 出表日期: 1150906→聯發; 年度: 115→2026Q2; 季別: 2→twse; 公司代號: 1459→1150906; 公司名稱: 聯發→115
2026-09-06T08:14:59+08:00	bs/2026Q2_ci.csv	1460	market: twse→1460; 出表日期: 1150906→宏遠; 年度: 115→2026Q2; 季別: 2→twse; 公司代號: 1460→1150906; 公司名稱: 宏遠→115
2026-09-06T08:14:59+08:00	bs/2026Q2_ci.csv	1463	market: twse→1463; 出表日期: 1150906→強盛新; 年度: 115→2026Q2; 季別: 2→twse; 公司代號: 1463→1150906; 公司名稱: 強盛新→115
2026-09-06T08:14:59+08:00	bs/2026Q2_ci.csv	1464	market: twse→1464; 出表日期: 1150906→得力; 年度: 115→2026Q2; 季別: 2→twse; 公司代號: 1464→1150906; 公司名稱: 得力→115
2026-09-06T08:14:59+08:00	bs/2026Q2_ci.csv	1465	market: twse→1465; 出表日期: 1150906→偉全; 年度: 115→2026Q2; 季別: 2→twse; 公司代號: 1465→1150906; 公司名稱: 偉全→115
2026-09-06T08:14:59+08:00	bs/2026Q2_ci.csv	1466	market: twse→1466; 出表日期: 1150906→聚隆; 年度: 115→2026Q2; 季別: 2→twse; 公司代號: 1466→1150906; 公司名稱: 聚隆→115
2026-09-06T08:14:59+08:00	bs/2026Q2_ci.csv	1467	market: twse→1467; 出表日期: 1150906→南緯; 年度: 115→2026Q2; 季別: 2→twse; 公司代號: 1467→1150906; 公司名稱: 南緯→115
2026-09-06T08:14:59+08:00	bs/2026Q2_ci.csv	1468	market: twse→1468; 出表日期: 1150906→昶和; 年度: 115→2026Q2; 季別: 2→twse; 公司代號: 1468→1150906; 公司名稱: 昶和→115
2026-09-06T08:14:59+08:00	bs/2026Q2_ci.csv	1470	market: twse→1470; 出表日期: 1150906→大統新創; 年度: 115→2026Q2; 季別: 2→twse; 公司代號: 1470→1150906; 公司名稱: 大統新創→115
2026-09-06T08:14:59+08:00	bs/2026Q2_ci.csv	1471	market: twse→1471; 出表日期: 1150906→首利; 年度: 115→2026Q2; 季別: 2→twse; 公司代號: 1471→1150906; 公司名稱: 首利→115
2026-09-06T08:14:59+08:00	bs/2026Q2_ci.csv	1472	market: twse→1472; 出表日期: 1150906→三洋實業; 年度: 115→2026Q2; 季別: 2→twse; 公司代號: 1472→1150906; 公司名稱: 三洋實業→115
2026-09-06T08:14:59+08:00	bs/2026Q2_ci.csv	1473	market: twse→1473; 出表日期: 1150906→台南; 年度: 115→2026Q2; 季別: 2→twse; 公司代號: 1473→1150906; 公司名稱: 台南→115
2026-09-06T08:14:59+08:00	bs/2026Q2_ci.csv	1474	market: twse→1474; 出表日期: 1150906→弘裕; 年度: 115→2026Q2; 季別: 2→twse; 公司代號: 1474→1150906; 公司名稱: 弘裕→115
2026-09-06T08:14:59+08:00	bs/2026Q2_ci.csv	1475	market: twse→1475; 出表日期: 1150906→業旺; 年度: 115→2026Q2; 季別: 2→twse; 公司代號: 1475→1150906; 公司名稱: 業旺→115
2026-09-06T08:14:59+08:00	bs/2026Q2_ci.csv	1476	market: twse→1476; 出表日期: 1150906→儒鴻; 年度: 115→2026Q2; 季別: 2→twse; 公司代號: 1476→1150906; 公司名稱: 儒鴻→115
2026-09-06T08:14:59+08:00	bs/2026Q2_ci.csv	1477	market: twse→1477; 出表日期: 1150906→聚陽; 年度: 115→2026Q2; 季別: 2→twse; 公司代號: 1477→1150906; 公司名稱: 聚陽→115
2026-09-06T08:14:59+08:00	bs/2026Q2_ci.csv	1503	market: twse→1503; 出表日期: 1150906→士電; 年度: 115→2026Q2; 季別: 2→twse; 公司代號: 1503→1150906; 公司名稱: 士電→115
2026-09-06T08:14:59+08:00	bs/2026Q2_ci.csv	1504	market: twse→1504; 出表日期: 1150906→東元; 年度: 115→2026Q2; 季別: 2→twse; 公司代號: 1504→1150906; 公司名稱: 東元→115
2026-09-06T08:14:59+08:00	bs/2026Q2_ci.csv	1506	market: twse→1506; 出表日期: 1150906→正道; 年度: 115→2026Q2; 季別: 2→twse; 公司代號: 1506→1150906; 公司名稱: 正道→115
2026-09-06T08:14:59+08:00	bs/2026Q2_ci.csv	1512	market: twse→1512; 出表日期: 1150906→瑞利; 年度: 115→2026Q2; 季別: 2→twse; 公司代號: 1512→1150906; 公司名稱: 瑞利→115
2026-09-06T08:14:59+08:00	bs/2026Q2_ci.csv	1513	market: twse→1513; 出表日期: 1150906→中興電; 年度: 115→2026Q2; 季別: 2→twse; 公司代號: 1513→1150906; 公司名稱: 中興電→115
2026-09-06T08:14:59+08:00	bs/2026Q2_ci.csv	1514	market: twse→1514; 出表日期: 1150906→亞力; 年度: 115→2026Q2; 季別: 2→twse; 公司代號: 1514→1150906; 公司名稱: 亞力→115
2026-09-06T08:14:59+08:00	bs/2026Q2_ci.csv	1515	market: twse→1515; 出表日期: 1150906→力山; 年度: 115→2026Q2; 季別: 2→twse; 公司代號: 1515→1150906; 公司名稱: 力山→115
2026-09-06T08:14:59+08:00	bs/2026Q2_ci.csv	1516	market: twse→1516; 出表日期: 1150906→川飛; 年度: 115→2026Q2; 季別: 2→twse; 公司代號: 1516→1150906; 公司名稱: 川飛→115
2026-09-06T08:14:59+08:00	bs/2026Q2_ci.csv	1517	market: twse→1517; 出表日期: 1150906→利奇; 年度: 115→2026Q2; 季別: 2→twse; 公司代號: 1517→1150906; 公司名稱: 利奇→115
2026-09-06T08:14:59+08:00	bs/2026Q2_ci.csv	1519	market: twse→1519; 出表日期: 1150906→華城; 年度: 115→2026Q2; 季別: 2→twse; 公司代號: 1519→1150906; 公司名稱: 華城→115
2026-09-06T08:14:59+08:00	bs/2026Q2_ci.csv	1521	market: twse→1521; 出表日期: 1150906→大億; 年度: 115→2026Q2; 季別: 2→twse; 公司代號: 1521→1150906; 公司名稱: 大億→115
2026-09-06T08:14:59+08:00	bs/2026Q2_ci.csv	1522	market: twse→1522; 出表日期: 1150906→堤維西; 年度: 115→2026Q2; 季別: 2→twse; 公司代號: 1522→1150906; 公司名稱: 堤維西→115
2026-09-06T08:14:59+08:00	bs/2026Q2_ci.csv	1524	market: twse→1524; 出表日期: 1150906→耿鼎; 年度: 115→2026Q2; 季別: 2→twse; 公司代號: 1524→1150906; 公司名稱: 耿鼎→115
2026-09-06T08:14:59+08:00	bs/2026Q2_ci.csv	1525	market: twse→1525; 出表日期: 1150906→江申; 年度: 115→2026Q2; 季別: 2→twse; 公司代號: 1525→1150906; 公司名稱: 江申→115
2026-09-06T08:14:59+08:00	bs/2026Q2_ci.csv	1526	market: twse→1526; 出表日期: 1150906→日馳; 年度: 115→2026Q2; 季別: 2→twse; 公司代號: 1526→1150906; 公司名稱: 日馳→115
2026-09-06T08:14:59+08:00	bs/2026Q2_ci.csv	1527	market: twse→1527; 出表日期: 1150906→鑽全; 年度: 115→2026Q2; 季別: 2→twse; 公司代號: 1527→1150906; 公司名稱: 鑽全→115
2026-09-06T08:14:59+08:00	bs/2026Q2_ci.csv	1528	market: twse→1528; 出表日期: 1150906→恩德; 年度: 115→2026Q2; 季別: 2→twse; 公司代號: 1528→1150906; 公司名稱: 恩德→115
2026-09-06T08:14:59+08:00	bs/2026Q2_ci.csv	1529	market: twse→1529; 出表日期: 1150906→樂事綠能; 年度: 115→2026Q2; 季別: 2→twse; 公司代號: 1529→1150906; 公司名稱: 樂事綠能→115
2026-09-06T08:14:59+08:00	bs/2026Q2_ci.csv	1530	market: twse→1530; 出表日期: 1150906→亞崴; 年度: 115→2026Q2; 季別: 2→twse; 公司代號: 1530→1150906; 公司名稱: 亞崴→115
2026-09-06T08:14:59+08:00	bs/2026Q2_ci.csv	1531	market: twse→1531; 出表日期: 1150906→高林股; 年度: 115→2026Q2; 季別: 2→twse; 公司代號: 1531→1150906; 公司名稱: 高林股→115
2026-09-06T08:14:59+08:00	bs/2026Q2_ci.csv	1532	market: twse→1532; 出表日期: 1150906→勤美; 年度: 115→2026Q2; 季別: 2→twse; 公司代號: 1532→1150906; 公司名稱: 勤美→115
2026-09-06T08:14:59+08:00	bs/2026Q2_ci.csv	1533	market: twse→1533; 出表日期: 1150906→車王電; 年度: 115→2026Q2; 季別: 2→twse; 公司代號: 1533→1150906; 公司名稱: 車王電→115
2026-09-06T08:14:59+08:00	bs/2026Q2_ci.csv	1535	market: twse→1535; 出表日期: 1150906→中宇; 年度: 115→2026Q2; 季別: 2→twse; 公司代號: 1535→1150906; 公司名稱: 中宇→115
2026-09-06T08:14:59+08:00	bs/2026Q2_ci.csv	1536	market: twse→1536; 出表日期: 1150906→和大; 年度: 115→2026Q2; 季別: 2→twse; 公司代號: 1536→1150906; 公司名稱: 和大→115
2026-09-06T08:14:59+08:00	bs/2026Q2_ci.csv	1537	market: twse→1537; 出表日期: 1150906→廣隆; 年度: 115→2026Q2; 季別: 2→twse; 公司代號: 1537→1150906; 公司名稱: 廣隆→115
2026-09-06T08:14:59+08:00	bs/2026Q2_ci.csv	1538	market: twse→1538; 出表日期: 1150906→正峰; 年度: 115→2026Q2; 季別: 2→twse; 公司代號: 1538→1150906; 公司名稱: 正峰→115
2026-09-06T08:14:59+08:00	bs/2026Q2_ci.csv	1539	market: twse→1539; 出表日期: 1150906→巨庭; 年度: 115→2026Q2; 季別: 2→twse; 公司代號: 1539→1150906; 公司名稱: 巨庭→115
2026-09-06T08:14:59+08:00	bs/2026Q2_ci.csv	1540	market: twse→1540; 出表日期: 1150906→喬福; 年度: 115→2026Q2; 季別: 2→twse; 公司代號: 1540→1150906; 公司名稱: 喬福→115
2026-09-06T08:14:59+08:00	bs/2026Q2_ci.csv	1541	market: twse→1541; 出表日期: 1150906→錩泰; 年度: 115→2026Q2; 季別: 2→twse; 公司代號: 1541→1150906; 公司名稱: 錩泰→115
2026-09-06T08:14:59+08:00	bs/2026Q2_ci.csv	1558	market: twse→1558; 出表日期: 1150906→伸興; 年度: 115→2026Q2; 季別: 2→twse; 公司代號: 1558→1150906; 公司名稱: 伸興→115
2026-09-06T08:14:59+08:00	bs/2026Q2_ci.csv	1560	market: twse→1560; 出表日期: 1150906→中砂; 年度: 115→2026Q2; 季別: 2→twse; 公司代號: 1560→1150906; 公司名稱: 中砂→115
2026-09-06T08:14:59+08:00	bs/2026Q2_ci.csv	1563	market: twse→1563; 出表日期: 1150906→巧新; 年度: 115→2026Q2; 季別: 2→twse; 公司代號: 1563→1150906; 公司名稱: 巧新→115
2026-09-06T08:14:59+08:00	bs/2026Q2_ci.csv	1568	market: twse→1568; 出表日期: 1150906→倉佑; 年度: 115→2026Q2; 季別: 2→twse; 公司代號: 1568→1150906; 公司名稱: 倉佑→115
2026-09-06T08:14:59+08:00	bs/2026Q2_ci.csv	1582	market: twse→1582; 出表日期: 1150906→信錦; 年度: 115→2026Q2; 季別: 2→twse; 公司代號: 1582→1150906; 公司名稱: 信錦→115
2026-09-06T08:14:59+08:00	bs/2026Q2_ci.csv	1583	market: twse→1583; 出表日期: 1150906→程泰; 年度: 115→2026Q2; 季別: 2→twse; 公司代號: 1583→1150906; 公司名稱: 程泰→115
2026-09-06T08:14:59+08:00	bs/2026Q2_ci.csv	1587	market: twse→1587; 出表日期: 1150906→吉茂; 年度: 115→2026Q2; 季別: 2→twse; 公司代號: 1587→1150906; 公司名稱: 吉茂→115
2026-09-06T08:14:59+08:00	bs/2026Q2_ci.csv	1590	market: twse→1590; 出表日期: 1150906→亞德客-KY; 年度: 115→2026Q2; 季別: 2→twse; 公司代號: 1590→1150906; 公司名稱: 亞德客-KY→115
2026-09-06T08:14:59+08:00	bs/2026Q2_ci.csv	1597	market: twse→1597; 出表日期: 1150906→直得; 年度: 115→2026Q2; 季別: 2→twse; 公司代號: 1597→1150906; 公司名稱: 直得→115
2026-09-06T08:14:59+08:00	bs/2026Q2_ci.csv	1598	market: twse→1598; 出表日期: 1150906→岱宇; 年度: 115→2026Q2; 季別: 2→twse; 公司代號: 1598→1150906; 公司名稱: 岱宇→115
2026-09-06T08:14:59+08:00	bs/2026Q2_ci.csv	1603	market: twse→1603; 出表日期: 1150906→華電; 年度: 115→2026Q2; 季別: 2→twse; 公司代號: 1603→1150906; 公司名稱: 華電→115
2026-09-06T08:14:59+08:00	bs/2026Q2_ci.csv	1604	market: twse→1604; 出表日期: 1150906→聲寶; 年度: 115→2026Q2; 季別: 2→twse; 公司代號: 1604→1150906; 公司名稱: 聲寶→115
2026-09-06T08:14:59+08:00	bs/2026Q2_ci.csv	1605	market: twse→1605; 出表日期: 1150906→華新; 年度: 115→2026Q2; 季別: 2→twse; 公司代號: 1605→1150906; 公司名稱: 華新→115
2026-09-06T08:14:59+08:00	bs/2026Q2_ci.csv	1608	market: twse→1608; 出表日期: 1150906→華榮; 年度: 115→2026Q2; 季別: 2→twse; 公司代號: 1608→1150906; 公司名稱: 華榮→115
2026-09-06T08:14:59+08:00	bs/2026Q2_ci.csv	1609	market: twse→1609; 出表日期: 1150906→大亞; 年度: 115→2026Q2; 季別: 2→twse; 公司代號: 1609→1150906; 公司名稱: 大亞→115
2026-09-06T08:14:59+08:00	bs/2026Q2_ci.csv	1611	market: twse→1611; 出表日期: 1150906→中電; 年度: 115→2026Q2; 季別: 2→twse; 公司代號: 1611→1150906; 公司名稱: 中電→115
2026-09-06T08:14:59+08:00	bs/2026Q2_ci.csv	1612	market: twse→1612; 出表日期: 1150906→宏泰; 年度: 115→2026Q2; 季別: 2→twse; 公司代號: 1612→1150906; 公司名稱: 宏泰→115
2026-09-06T08:14:59+08:00	bs/2026Q2_ci.csv	1614	market: twse→1614; 出表日期: 1150906→三洋電; 年度: 115→2026Q2; 季別: 2→twse; 公司代號: 1614→1150906; 公司名稱: 三洋電→115
2026-09-06T08:14:59+08:00	bs/2026Q2_ci.csv	1615	market: twse→1615; 出表日期: 1150906→大山; 年度: 115→2026Q2; 季別: 2→twse; 公司代號: 1615→1150906; 公司名稱: 大山→115
2026-09-06T08:14:59+08:00	bs/2026Q2_ci.csv	1616	market: twse→1616; 出表日期: 1150906→億泰; 年度: 115→2026Q2; 季別: 2→twse; 公司代號: 1616→1150906; 公司名稱: 億泰→115
2026-09-06T08:14:59+08:00	bs/2026Q2_ci.csv	1617	market: twse→1617; 出表日期: 1150906→榮星; 年度: 115→2026Q2; 季別: 2→twse; 公司代號: 1617→1150906; 公司名稱: 榮星→115
2026-09-06T08:14:59+08:00	bs/2026Q2_ci.csv	1618	market: twse→1618; 出表日期: 1150906→合機; 年度: 115→2026Q2; 季別: 2→twse; 公司代號: 1618→1150906; 公司名稱: 合機→115
2026-09-06T08:14:59+08:00	bs/2026Q2_ci.csv	1623	market: twse→1623; 出表日期: 1150906→大東電; 年度: 115→2026Q2; 季別: 2→twse; 公司代號: 1623→1150906; 公司名稱: 大東電→115
2026-09-06T08:14:59+08:00	bs/2026Q2_ci.csv	1626	market: twse→1626; 出表日期: 1150906→艾美特-KY; 年度: 115→2026Q2; 季別: 2→twse; 公司代號: 1626→1150906; 公司名稱: 艾美特-KY→115
2026-09-06T08:14:59+08:00	bs/2026Q2_ci.csv	1702	market: twse→1702; 出表日期: 1150906→南僑; 年度: 115→2026Q2; 季別: 2→twse; 公司代號: 1702→1150906; 公司名稱: 南僑→115
2026-09-06T08:14:59+08:00	bs/2026Q2_ci.csv	1707	market: twse→1707; 出表日期: 1150906→葡萄王; 年度: 115→2026Q2; 季別: 2→twse; 公司代號: 1707→1150906; 公司名稱: 葡萄王→115
2026-09-06T08:14:59+08:00	bs/2026Q2_ci.csv	1708	market: twse→1708; 出表日期: 1150906→東鹼; 年度: 115→2026Q2; 季別: 2→twse; 公司代號: 1708→1150906; 公司名稱: 東鹼→115
2026-09-06T08:14:59+08:00	bs/2026Q2_ci.csv	1709	market: twse→1709; 出表日期: 1150906→和益; 年度: 115→2026Q2; 季別: 2→twse; 公司代號: 1709→1150906; 公司名稱: 和益→115
2026-09-06T08:14:59+08:00	bs/2026Q2_ci.csv	1710	market: twse→1710; 出表日期: 1150906→東聯; 年度: 115→2026Q2; 季別: 2→twse; 公司代號: 1710→1150906; 公司名稱: 東聯→115
2026-09-06T08:14:59+08:00	bs/2026Q2_ci.csv	1711	market: twse→1711; 出表日期: 1150906→永光; 年度: 115→2026Q2; 季別: 2→twse; 公司代號: 1711→1150906; 公司名稱: 永光→115
2026-09-06T08:14:59+08:00	bs/2026Q2_ci.csv	1712	market: twse→1712; 出表日期: 1150906→興農; 年度: 115→2026Q2; 季別: 2→twse; 公司代號: 1712→1150906; 公司名稱: 興農→115
2026-09-06T08:14:59+08:00	bs/2026Q2_ci.csv	1713	market: twse→1713; 出表日期: 1150906→國化; 年度: 115→2026Q2; 季別: 2→twse; 公司代號: 1713→1150906; 公司名稱: 國化→115
2026-09-06T08:14:59+08:00	bs/2026Q2_ci.csv	1714	market: twse→1714; 出表日期: 1150906→和桐; 年度: 115→2026Q2; 季別: 2→twse; 公司代號: 1714→1150906; 公司名稱: 和桐→115
2026-09-06T08:14:59+08:00	bs/2026Q2_ci.csv	1717	market: twse→1717; 出表日期: 1150906→長興; 年度: 115→2026Q2; 季別: 2→twse; 公司代號: 1717→1150906; 公司名稱: 長興→115
2026-09-06T08:14:59+08:00	bs/2026Q2_ci.csv	1720	market: twse→1720; 出表日期: 1150906→生達; 年度: 115→2026Q2; 季別: 2→twse; 公司代號: 1720→1150906; 公司名稱: 生達→115
2026-09-06T08:14:59+08:00	bs/2026Q2_ci.csv	1721	market: twse→1721; 出表日期: 1150906→國慶科技; 年度: 115→2026Q2; 季別: 2→twse; 公司代號: 1721→1150906; 公司名稱: 國慶科技→115
2026-09-06T08:14:59+08:00	bs/2026Q2_ci.csv	1722	market: twse→1722; 出表日期: 1150906→台肥; 年度: 115→2026Q2; 季別: 2→twse; 公司代號: 1722→1150906; 公司名稱: 台肥→115
2026-09-06T08:14:59+08:00	bs/2026Q2_ci.csv	1723	market: twse→1723; 出表日期: 1150906→中碳; 年度: 115→2026Q2; 季別: 2→twse; 公司代號: 1723→1150906; 公司名稱: 中碳→115
2026-09-06T08:14:59+08:00	bs/2026Q2_ci.csv	1725	market: twse→1725; 出表日期: 1150906→元禎; 年度: 115→2026Q2; 季別: 2→twse; 公司代號: 1725→1150906; 公司名稱: 元禎→115
2026-09-06T08:14:59+08:00	bs/2026Q2_ci.csv	1726	market: twse→1726; 出表日期: 1150906→永記; 年度: 115→2026Q2; 季別: 2→twse; 公司代號: 1726→1150906; 公司名稱: 永記→115
2026-09-06T08:14:59+08:00	bs/2026Q2_ci.csv	1727	market: twse→1727; 出表日期: 1150906→中華化; 年度: 115→2026Q2; 季別: 2→twse; 公司代號: 1727→1150906; 公司名稱: 中華化→115
2026-09-06T08:14:59+08:00	bs/2026Q2_ci.csv	1730	market: twse→1730; 出表日期: 1150906→花仙子; 年度: 115→2026Q2; 季別: 2→twse; 公司代號: 1730→1150906; 公司名稱: 花仙子→115
2026-09-06T08:14:59+08:00	bs/2026Q2_ci.csv	1731	market: twse→1731; 出表日期: 1150906→美吾華; 年度: 115→2026Q2; 季別: 2→twse; 公司代號: 1731→1150906; 公司名稱: 美吾華→115
2026-09-06T08:14:59+08:00	bs/2026Q2_ci.csv	1732	market: twse→1732; 出表日期: 1150906→毛寶; 年度: 115→2026Q2; 季別: 2→twse; 公司代號: 1732→1150906; 公司名稱: 毛寶→115
2026-09-06T08:14:59+08:00	bs/2026Q2_ci.csv	1733	market: twse→1733; 出表日期: 1150906→五鼎; 年度: 115→2026Q2; 季別: 2→twse; 公司代號: 1733→1150906; 公司名稱: 五鼎→115
2026-09-06T08:14:59+08:00	bs/2026Q2_ci.csv	1734	market: twse→1734; 出表日期: 1150906→杏輝; 年度: 115→2026Q2; 季別: 2→twse; 公司代號: 1734→1150906; 公司名稱: 杏輝→115
2026-09-06T08:14:59+08:00	bs/2026Q2_ci.csv	1735	market: twse→1735; 出表日期: 1150906→日勝化; 年度: 115→2026Q2; 季別: 2→twse; 公司代號: 1735→1150906; 公司名稱: 日勝化→115
2026-09-06T08:14:59+08:00	bs/2026Q2_ci.csv	1736	market: twse→1736; 出表日期: 1150906→喬山; 年度: 115→2026Q2; 季別: 2→twse; 公司代號: 1736→1150906; 公司名稱: 喬山→115
2026-09-06T08:14:59+08:00	bs/2026Q2_ci.csv	1737	market: twse→1737; 出表日期: 1150906→臺鹽; 年度: 115→2026Q2; 季別: 2→twse; 公司代號: 1737→1150906; 公司名稱: 臺鹽→115
2026-09-06T08:14:59+08:00	bs/2026Q2_ci.csv	1752	market: twse→1752; 出表日期: 1150906→南光; 年度: 115→2026Q2; 季別: 2→twse; 公司代號: 1752→1150906; 公司名稱: 南光→115
2026-09-06T08:14:59+08:00	bs/2026Q2_ci.csv	1760	market: twse→1760; 出表日期: 1150906→寶齡富錦; 年度: 115→2026Q2; 季別: 2→twse; 公司代號: 1760→1150906; 公司名稱: 寶齡富錦→115
2026-09-06T08:14:59+08:00	bs/2026Q2_ci.csv	1762	market: twse→1762; 出表日期: 1150906→中化生; 年度: 115→2026Q2; 季別: 2→twse; 公司代號: 1762→1150906; 公司名稱: 中化生→115
2026-09-06T08:14:59+08:00	bs/2026Q2_ci.csv	1773	market: twse→1773; 出表日期: 1150906→勝一; 年度: 115→2026Q2; 季別: 2→twse; 公司代號: 1773→1150906; 公司名稱: 勝一→115
2026-09-06T08:14:59+08:00	bs/2026Q2_ci.csv	1776	market: twse→1776; 出表日期: 1150906→展宇; 年度: 115→2026Q2; 季別: 2→twse; 公司代號: 1776→1150906; 公司名稱: 展宇→115
2026-09-06T08:14:59+08:00	bs/2026Q2_ci.csv	1783	market: twse→1783; 出表日期: 1150906→和康生; 年度: 115→2026Q2; 季別: 2→twse; 公司代號: 1783→1150906; 公司名稱: 和康生→115
2026-09-06T08:14:59+08:00	bs/2026Q2_ci.csv	1786	market: twse→1786; 出表日期: 1150906→科妍; 年度: 115→2026Q2; 季別: 2→twse; 公司代號: 1786→1150906; 公司名稱: 科妍→115
2026-09-06T08:14:59+08:00	bs/2026Q2_ci.csv	1789	market: twse→1789; 出表日期: 1150906→神隆; 年度: 115→2026Q2; 季別: 2→twse; 公司代號: 1789→1150906; 公司名稱: 神隆→115
2026-09-06T08:14:59+08:00	bs/2026Q2_ci.csv	1795	market: twse→1795; 出表日期: 1150906→美時; 年度: 115→2026Q2; 季別: 2→twse; 公司代號: 1795→1150906; 公司名稱: 美時→115
2026-09-06T08:14:59+08:00	bs/2026Q2_ci.csv	1802	market: twse→1802; 出表日期: 1150906→台玻; 年度: 115→2026Q2; 季別: 2→twse; 公司代號: 1802→1150906; 公司名稱: 台玻→115
2026-09-06T08:14:59+08:00	bs/2026Q2_ci.csv	1805	market: twse→1805; 出表日期: 1150906→寶徠; 年度: 115→2026Q2; 季別: 2→twse; 公司代號: 1805→1150906; 公司名稱: 寶徠→115
2026-09-06T08:14:59+08:00	bs/2026Q2_ci.csv	1806	market: twse→1806; 出表日期: 1150906→冠軍; 年度: 115→2026Q2; 季別: 2→twse; 公司代號: 1806→1150906; 公司名稱: 冠軍→115
2026-09-06T08:14:59+08:00	bs/2026Q2_ci.csv	1808	market: twse→1808; 出表日期: 1150906→潤隆; 年度: 115→2026Q2; 季別: 2→twse; 公司代號: 1808→1150906; 公司名稱: 潤隆→115
2026-09-06T08:14:59+08:00	bs/2026Q2_ci.csv	1809	market: twse→1809; 出表日期: 1150906→中釉; 年度: 115→2026Q2; 季別: 2→twse; 公司代號: 1809→1150906; 公司名稱: 中釉→115
2026-09-06T08:14:59+08:00	bs/2026Q2_ci.csv	1810	market: twse→1810; 出表日期: 1150906→和成; 年度: 115→2026Q2; 季別: 2→twse; 公司代號: 1810→1150906; 公司名稱: 和成→115
2026-09-06T08:14:59+08:00	bs/2026Q2_ci.csv	1817	market: twse→1817; 出表日期: 1150906→凱撒衛; 年度: 115→2026Q2; 季別: 2→twse; 公司代號: 1817→1150906; 公司名稱: 凱撒衛→115
2026-09-06T08:14:59+08:00	bs/2026Q2_ci.csv	1903	market: twse→1903; 出表日期: 1150906→士紙; 年度: 115→2026Q2; 季別: 2→twse; 公司代號: 1903→1150906; 公司名稱: 士紙→115
2026-09-06T08:14:59+08:00	bs/2026Q2_ci.csv	1904	market: twse→1904; 出表日期: 1150906→正隆; 年度: 115→2026Q2; 季別: 2→twse; 公司代號: 1904→1150906; 公司名稱: 正隆→115
2026-09-06T08:14:59+08:00	bs/2026Q2_ci.csv	1905	market: twse→1905; 出表日期: 1150906→華紙; 年度: 115→2026Q2; 季別: 2→twse; 公司代號: 1905→1150906; 公司名稱: 華紙→115
2026-09-06T08:14:59+08:00	bs/2026Q2_ci.csv	1906	market: twse→1906; 出表日期: 1150906→寶隆; 年度: 115→2026Q2; 季別: 2→twse; 公司代號: 1906→1150906; 公司名稱: 寶隆→115
2026-09-06T08:14:59+08:00	bs/2026Q2_ci.csv	1907	market: twse→1907; 出表日期: 1150906→永豐餘; 年度: 115→2026Q2; 季別: 2→twse; 公司代號: 1907→1150906; 公司名稱: 永豐餘→115
2026-09-06T08:14:59+08:00	bs/2026Q2_ci.csv	1909	market: twse→1909; 出表日期: 1150906→榮成; 年度: 115→2026Q2; 季別: 2→twse; 公司代號: 1909→1150906; 公司名稱: 榮成→115
2026-09-06T08:14:59+08:00	bs/2026Q2_ci.csv	2002	market: twse→2002; 出表日期: 1150906→中鋼; 年度: 115→2026Q2; 季別: 2→twse; 公司代號: 2002→1150906; 公司名稱: 中鋼→115
2026-09-06T08:14:59+08:00	bs/2026Q2_ci.csv	2006	market: twse→2006; 出表日期: 1150906→東和鋼鐵; 年度: 115→2026Q2; 季別: 2→twse; 公司代號: 2006→1150906; 公司名稱: 東和鋼鐵→115
2026-09-06T08:14:59+08:00	bs/2026Q2_ci.csv	2007	market: twse→2007; 出表日期: 1150906→燁興; 年度: 115→2026Q2; 季別: 2→twse; 公司代號: 2007→1150906; 公司名稱: 燁興→115
2026-09-06T08:14:59+08:00	bs/2026Q2_ci.csv	2008	market: twse→2008; 出表日期: 1150906→高興昌; 年度: 115→2026Q2; 季別: 2→twse; 公司代號: 2008→1150906; 公司名稱: 高興昌→115
2026-09-06T08:14:59+08:00	bs/2026Q2_ci.csv	2009	market: twse→2009; 出表日期: 1150906→第一銅; 年度: 115→2026Q2; 季別: 2→twse; 公司代號: 2009→1150906; 公司名稱: 第一銅→115
2026-09-06T08:14:59+08:00	bs/2026Q2_ci.csv	2010	market: twse→2010; 出表日期: 1150906→春源; 年度: 115→2026Q2; 季別: 2→twse; 公司代號: 2010→1150906; 公司名稱: 春源→115
2026-09-06T08:14:59+08:00	bs/2026Q2_ci.csv	2012	market: twse→2012; 出表日期: 1150906→春雨; 年度: 115→2026Q2; 季別: 2→twse; 公司代號: 2012→1150906; 公司名稱: 春雨→115
2026-09-06T08:14:59+08:00	bs/2026Q2_ci.csv	2013	market: twse→2013; 出表日期: 1150906→中鋼構; 年度: 115→2026Q2; 季別: 2→twse; 公司代號: 2013→1150906; 公司名稱: 中鋼構→115
2026-09-06T08:14:59+08:00	bs/2026Q2_ci.csv	2014	market: twse→2014; 出表日期: 1150906→中鴻; 年度: 115→2026Q2; 季別: 2→twse; 公司代號: 2014→1150906; 公司名稱: 中鴻→115
2026-09-06T08:14:59+08:00	bs/2026Q2_ci.csv	2015	market: twse→2015; 出表日期: 1150906→豐興; 年度: 115→2026Q2; 季別: 2→twse; 公司代號: 2015→1150906; 公司名稱: 豐興→115
2026-09-06T08:14:59+08:00	bs/2026Q2_ci.csv	2017	market: twse→2017; 出表日期: 1150906→官田鋼; 年度: 115→2026Q2; 季別: 2→twse; 公司代號: 2017→1150906; 公司名稱: 官田鋼→115
2026-09-06T08:14:59+08:00	bs/2026Q2_ci.csv	2020	market: twse→2020; 出表日期: 1150906→美亞; 年度: 115→2026Q2; 季別: 2→twse; 公司代號: 2020→1150906; 公司名稱: 美亞→115
2026-09-06T08:14:59+08:00	bs/2026Q2_ci.csv	2022	market: twse→2022; 出表日期: 1150906→聚亨; 年度: 115→2026Q2; 季別: 2→twse; 公司代號: 2022→1150906; 公司名稱: 聚亨→115
2026-09-06T08:14:59+08:00	bs/2026Q2_ci.csv	2023	market: twse→2023; 出表日期: 1150906→燁輝; 年度: 115→2026Q2; 季別: 2→twse; 公司代號: 2023→1150906; 公司名稱: 燁輝→115
2026-09-06T08:14:59+08:00	bs/2026Q2_ci.csv	2024	market: twse→2024; 出表日期: 1150906→志聯; 年度: 115→2026Q2; 季別: 2→twse; 公司代號: 2024→1150906; 公司名稱: 志聯→115
2026-09-06T08:14:59+08:00	bs/2026Q2_ci.csv	2025	market: twse→2025; 出表日期: 1150906→千興; 年度: 115→2026Q2; 季別: 2→twse; 公司代號: 2025→1150906; 公司名稱: 千興→115
2026-09-06T08:14:59+08:00	bs/2026Q2_ci.csv	2027	market: twse→2027; 出表日期: 1150906→大成鋼; 年度: 115→2026Q2; 季別: 2→twse; 公司代號: 2027→1150906; 公司名稱: 大成鋼→115
2026-09-06T08:14:59+08:00	bs/2026Q2_ci.csv	2028	market: twse→2028; 出表日期: 1150906→威致; 年度: 115→2026Q2; 季別: 2→twse; 公司代號: 2028→1150906; 公司名稱: 威致→115
2026-09-06T08:14:59+08:00	bs/2026Q2_ci.csv	2029	market: twse→2029; 出表日期: 1150906→盛餘; 年度: 115→2026Q2; 季別: 2→twse; 公司代號: 2029→1150906; 公司名稱: 盛餘→115
2026-09-06T08:14:59+08:00	bs/2026Q2_ci.csv	2030	market: twse→2030; 出表日期: 1150906→彰源; 年度: 115→2026Q2; 季別: 2→twse; 公司代號: 2030→1150906; 公司名稱: 彰源→115
2026-09-06T08:14:59+08:00	bs/2026Q2_ci.csv	2031	market: twse→2031; 出表日期: 1150906→新光鋼; 年度: 115→2026Q2; 季別: 2→twse; 公司代號: 2031→1150906; 公司名稱: 新光鋼→115
2026-09-06T08:14:59+08:00	bs/2026Q2_ci.csv	2032	market: twse→2032; 出表日期: 1150906→新鋼; 年度: 115→2026Q2; 季別: 2→twse; 公司代號: 2032→1150906; 公司名稱: 新鋼→115
2026-09-06T08:14:59+08:00	bs/2026Q2_ci.csv	2033	market: twse→2033; 出表日期: 1150906→佳大; 年度: 115→2026Q2; 季別: 2→twse; 公司代號: 2033→1150906; 公司名稱: 佳大→115
2026-09-06T08:14:59+08:00	bs/2026Q2_ci.csv	2034	market: twse→2034; 出表日期: 1150906→允強; 年度: 115→2026Q2; 季別: 2→twse; 公司代號: 2034→1150906; 公司名稱: 允強→115
2026-09-06T08:14:59+08:00	bs/2026Q2_ci.csv	2038	market: twse→2038; 出表日期: 1150906→海光; 年度: 115→2026Q2; 季別: 2→twse; 公司代號: 2038→1150906; 公司名稱: 海光→115
2026-09-06T08:14:59+08:00	bs/2026Q2_ci.csv	2049	market: twse→2049; 出表日期: 1150906→上銀; 年度: 115→2026Q2; 季別: 2→twse; 公司代號: 2049→1150906; 公司名稱: 上銀→115
2026-09-06T08:14:59+08:00	bs/2026Q2_ci.csv	2059	market: twse→2059; 出表日期: 1150906→川湖; 年度: 115→2026Q2; 季別: 2→twse; 公司代號: 2059→1150906; 公司名稱: 川湖→115
2026-09-06T08:14:59+08:00	bs/2026Q2_ci.csv	2062	market: twse→2062; 出表日期: 1150906→橋椿; 年度: 115→2026Q2; 季別: 2→twse; 公司代號: 2062→1150906; 公司名稱: 橋椿→115
2026-09-06T08:14:59+08:00	bs/2026Q2_ci.csv	2069	market: twse→2069; 出表日期: 1150906→運錩; 年度: 115→2026Q2; 季別: 2→twse; 公司代號: 2069→1150906; 公司名稱: 運錩→115
2026-09-06T08:14:59+08:00	bs/2026Q2_ci.csv	2072	market: twse→2072; 出表日期: 1150906→世紀風電; 年度: 115→2026Q2; 季別: 2→twse; 公司代號: 2072→1150906; 公司名稱: 世紀風電→115
2026-09-06T08:14:59+08:00	bs/2026Q2_ci.csv	2101	market: twse→2101; 出表日期: 1150906→南港; 年度: 115→2026Q2; 季別: 2→twse; 公司代號: 2101→1150906; 公司名稱: 南港→115
2026-09-06T08:14:59+08:00	bs/2026Q2_ci.csv	2102	market: twse→2102; 出表日期: 1150906→泰豐; 年度: 115→2026Q2; 季別: 2→twse; 公司代號: 2102→1150906; 公司名稱: 泰豐→115
2026-09-06T08:14:59+08:00	bs/2026Q2_ci.csv	2103	market: twse→2103; 出表日期: 1150906→台橡; 年度: 115→2026Q2; 季別: 2→twse; 公司代號: 2103→1150906; 公司名稱: 台橡→115
2026-09-06T08:14:59+08:00	bs/2026Q2_ci.csv	2104	market: twse→2104; 出表日期: 1150906→國際中橡; 年度: 115→2026Q2; 季別: 2→twse; 公司代號: 2104→1150906; 公司名稱: 國際中橡→115
2026-09-06T08:14:59+08:00	bs/2026Q2_ci.csv	2105	market: twse→2105; 出表日期: 1150906→正新; 年度: 115→2026Q2; 季別: 2→twse; 公司代號: 2105→1150906; 公司名稱: 正新→115
2026-09-06T08:14:59+08:00	bs/2026Q2_ci.csv	2106	market: twse→2106; 出表日期: 1150906→建大; 年度: 115→2026Q2; 季別: 2→twse; 公司代號: 2106→1150906; 公司名稱: 建大→115
2026-09-06T08:14:59+08:00	bs/2026Q2_ci.csv	2107	market: twse→2107; 出表日期: 1150906→厚生; 年度: 115→2026Q2; 季別: 2→twse; 公司代號: 2107→1150906; 公司名稱: 厚生→115
2026-09-06T08:14:59+08:00	bs/2026Q2_ci.csv	2108	market: twse→2108; 出表日期: 1150906→南帝; 年度: 115→2026Q2; 季別: 2→twse; 公司代號: 2108→1150906; 公司名稱: 南帝→115
2026-09-06T08:14:59+08:00	bs/2026Q2_ci.csv	2109	market: twse→2109; 出表日期: 1150906→華豐; 年度: 115→2026Q2; 季別: 2→twse; 公司代號: 2109→1150906; 公司名稱: 華豐→115
2026-09-06T08:14:59+08:00	bs/2026Q2_ci.csv	2114	market: twse→2114; 出表日期: 1150906→鑫永銓; 年度: 115→2026Q2; 季別: 2→twse; 公司代號: 2114→1150906; 公司名稱: 鑫永銓→115
2026-09-06T08:14:59+08:00	bs/2026Q2_ci.csv	2115	market: twse→2115; 出表日期: 1150906→六暉-KY; 年度: 115→2026Q2; 季別: 2→twse; 公司代號: 2115→1150906; 公司名稱: 六暉-KY→115
2026-09-06T08:14:59+08:00	bs/2026Q2_ci.csv	2201	market: twse→2201; 出表日期: 1150906→裕隆; 年度: 115→2026Q2; 季別: 2→twse; 公司代號: 2201→1150906; 公司名稱: 裕隆→115
2026-09-06T08:14:59+08:00	bs/2026Q2_ci.csv	2204	market: twse→2204; 出表日期: 1150906→中華; 年度: 115→2026Q2; 季別: 2→twse; 公司代號: 2204→1150906; 公司名稱: 中華→115
2026-09-06T08:14:59+08:00	bs/2026Q2_ci.csv	2206	market: twse→2206; 出表日期: 1150906→三陽工業; 年度: 115→2026Q2; 季別: 2→twse; 公司代號: 2206→1150906; 公司名稱: 三陽工業→115
2026-09-06T08:14:59+08:00	bs/2026Q2_ci.csv	2208	market: twse→2208; 出表日期: 1150906→台船; 年度: 115→2026Q2; 季別: 2→twse; 公司代號: 2208→1150906; 公司名稱: 台船→115
2026-09-06T08:14:59+08:00	bs/2026Q2_ci.csv	2211	market: twse→2211; 出表日期: 1150906→長榮鋼; 年度: 115→2026Q2; 季別: 2→twse; 公司代號: 2211→1150906; 公司名稱: 長榮鋼→115
2026-09-06T08:14:59+08:00	bs/2026Q2_ci.csv	2227	market: twse→2227; 出表日期: 1150906→裕日車; 年度: 115→2026Q2; 季別: 2→twse; 公司代號: 2227→1150906; 公司名稱: 裕日車→115
2026-09-06T08:14:59+08:00	bs/2026Q2_ci.csv	2228	market: twse→2228; 出表日期: 1150906→劍麟; 年度: 115→2026Q2; 季別: 2→twse; 公司代號: 2228→1150906; 公司名稱: 劍麟→115
2026-09-06T08:14:59+08:00	bs/2026Q2_ci.csv	2231	market: twse→2231; 出表日期: 1150906→為升; 年度: 115→2026Q2; 季別: 2→twse; 公司代號: 2231→1150906; 公司名稱: 為升→115
2026-09-06T08:14:59+08:00	bs/2026Q2_ci.csv	2233	market: twse→2233; 出表日期: 1150906→宇隆; 年度: 115→2026Q2; 季別: 2→twse; 公司代號: 2233→1150906; 公司名稱: 宇隆→115
2026-09-06T08:14:59+08:00	bs/2026Q2_ci.csv	2236	market: twse→2236; 出表日期: 1150906→百達-KY; 年度: 115→2026Q2; 季別: 2→twse; 公司代號: 2236→1150906; 公司名稱: 百達-KY→115
2026-09-06T08:14:59+08:00	bs/2026Q2_ci.csv	2237	market: twse→2237; 出表日期: 1150906→華德動能-創; 年度: 115→2026Q2; 季別: 2→twse; 公司代號: 2237→1150906; 公司名稱: 華德動能-創→115
2026-09-06T08:14:59+08:00	bs/2026Q2_ci.csv	2239	market: twse→2239; 出表日期: 1150906→英利-KY; 年度: 115→2026Q2; 季別: 2→twse; 公司代號: 2239→1150906; 公司名稱: 英利-KY→115
2026-09-06T08:14:59+08:00	bs/2026Q2_ci.csv	2241	market: twse→2241; 出表日期: 1150906→艾姆勒; 年度: 115→2026Q2; 季別: 2→twse; 公司代號: 2241→1150906; 公司名稱: 艾姆勒→115
2026-09-06T08:14:59+08:00	bs/2026Q2_ci.csv	2243	market: twse→2243; 出表日期: 1150906→宏旭-KY; 年度: 115→2026Q2; 季別: 2→twse; 公司代號: 2243→1150906; 公司名稱: 宏旭-KY→115
2026-09-06T08:14:59+08:00	bs/2026Q2_ci.csv	2247	market: twse→2247; 出表日期: 1150906→汎德永業; 年度: 115→2026Q2; 季別: 2→twse; 公司代號: 2247→1150906; 公司名稱: 汎德永業→115
2026-09-06T08:14:59+08:00	bs/2026Q2_ci.csv	2248	market: twse→2248; 出表日期: 1150906→華勝-KY; 年度: 115→2026Q2; 季別: 2→twse; 公司代號: 2248→1150906; 公司名稱: 華勝-KY→115
2026-09-06T08:14:59+08:00	bs/2026Q2_ci.csv	2250	market: twse→2250; 出表日期: 1150906→IKKA-KY; 年度: 115→2026Q2; 季別: 2→twse; 公司代號: 2250→1150906; 公司名稱: IKKA-KY→115
2026-09-06T08:14:59+08:00	bs/2026Q2_ci.csv	2254	market: twse→2254; 出表日期: 1150906→巨鎧精密-創; 年度: 115→2026Q2; 季別: 2→twse; 公司代號: 2254→1150906; 公司名稱: 巨鎧精密-創→115
2026-09-06T08:14:59+08:00	bs/2026Q2_ci.csv	2258	market: twse→2258; 出表日期: 1150906→鴻華先進-創; 年度: 115→2026Q2; 季別: 2→twse; 公司代號: 2258→1150906; 公司名稱: 鴻華先進-創→115
2026-09-06T08:14:59+08:00	bs/2026Q2_ci.csv	2301	market: twse→2301; 出表日期: 1150906→光寶科; 年度: 115→2026Q2; 季別: 2→twse; 公司代號: 2301→1150906; 公司名稱: 光寶科→115
2026-09-06T08:14:59+08:00	bs/2026Q2_ci.csv	2302	market: twse→2302; 出表日期: 1150906→麗正; 年度: 115→2026Q2; 季別: 2→twse; 公司代號: 2302→1150906; 公司名稱: 麗正→115
2026-09-06T08:14:59+08:00	bs/2026Q2_ci.csv	2303	market: twse→2303; 出表日期: 1150906→聯電; 年度: 115→2026Q2; 季別: 2→twse; 公司代號: 2303→1150906; 公司名稱: 聯電→115
2026-09-06T08:14:59+08:00	bs/2026Q2_ci.csv	2305	market: twse→2305; 出表日期: 1150906→全友; 年度: 115→2026Q2; 季別: 2→twse; 公司代號: 2305→1150906; 公司名稱: 全友→115
2026-09-06T08:14:59+08:00	bs/2026Q2_ci.csv	2308	market: twse→2308; 出表日期: 1150906→台達電; 年度: 115→2026Q2; 季別: 2→twse; 公司代號: 2308→1150906; 公司名稱: 台達電→115
2026-09-06T08:14:59+08:00	bs/2026Q2_ci.csv	2312	market: twse→2312; 出表日期: 1150906→金寶; 年度: 115→2026Q2; 季別: 2→twse; 公司代號: 2312→1150906; 公司名稱: 金寶→115
2026-09-06T08:14:59+08:00	bs/2026Q2_ci.csv	2313	market: twse→2313; 出表日期: 1150906→華通; 年度: 115→2026Q2; 季別: 2→twse; 公司代號: 2313→1150906; 公司名稱: 華通→115
2026-09-06T08:14:59+08:00	bs/2026Q2_ci.csv	2314	market: twse→2314; 出表日期: 1150906→台揚; 年度: 115→2026Q2; 季別: 2→twse; 公司代號: 2314→1150906; 公司名稱: 台揚→115
2026-09-06T08:14:59+08:00	bs/2026Q2_ci.csv	2316	market: twse→2316; 出表日期: 1150906→楠梓電; 年度: 115→2026Q2; 季別: 2→twse; 公司代號: 2316→1150906; 公司名稱: 楠梓電→115
2026-09-06T08:14:59+08:00	bs/2026Q2_ci.csv	2317	market: twse→2317; 出表日期: 1150906→鴻海; 年度: 115→2026Q2; 季別: 2→twse; 公司代號: 2317→1150906; 公司名稱: 鴻海→115
2026-09-06T08:14:59+08:00	bs/2026Q2_ci.csv	2321	market: twse→2321; 出表日期: 1150906→東訊; 年度: 115→2026Q2; 季別: 2→twse; 公司代號: 2321→1150906; 公司名稱: 東訊→115
2026-09-06T08:14:59+08:00	bs/2026Q2_ci.csv	2323	market: twse→2323; 出表日期: 1150906→中環; 年度: 115→2026Q2; 季別: 2→twse; 公司代號: 2323→1150906; 公司名稱: 中環→115
2026-09-06T08:14:59+08:00	bs/2026Q2_ci.csv	2324	market: twse→2324; 出表日期: 1150906→仁寶; 年度: 115→2026Q2; 季別: 2→twse; 公司代號: 2324→1150906; 公司名稱: 仁寶→115
2026-09-06T08:14:59+08:00	bs/2026Q2_ci.csv	2327	market: twse→2327; 出表日期: 1150906→國巨*; 年度: 115→2026Q2; 季別: 2→twse; 公司代號: 2327→1150906; 公司名稱: 國巨*→115
2026-09-06T08:14:59+08:00	bs/2026Q2_ci.csv	2328	market: twse→2328; 出表日期: 1150906→廣宇; 年度: 115→2026Q2; 季別: 2→twse; 公司代號: 2328→1150906; 公司名稱: 廣宇→115
2026-09-06T08:14:59+08:00	bs/2026Q2_ci.csv	2329	market: twse→2329; 出表日期: 1150906→華泰; 年度: 115→2026Q2; 季別: 2→twse; 公司代號: 2329→1150906; 公司名稱: 華泰→115
2026-09-06T08:14:59+08:00	bs/2026Q2_ci.csv	2330	market: twse→2330; 出表日期: 1150906→台積電; 年度: 115→2026Q2; 季別: 2→twse; 公司代號: 2330→1150906; 公司名稱: 台積電→115
2026-09-06T08:14:59+08:00	bs/2026Q2_ci.csv	2331	market: twse→2331; 出表日期: 1150906→精英; 年度: 115→2026Q2; 季別: 2→twse; 公司代號: 2331→1150906; 公司名稱: 精英→115
2026-09-06T08:14:59+08:00	bs/2026Q2_ci.csv	2332	market: twse→2332; 出表日期: 1150906→友訊; 年度: 115→2026Q2; 季別: 2→twse; 公司代號: 2332→1150906; 公司名稱: 友訊→115
2026-09-06T08:14:59+08:00	bs/2026Q2_ci.csv	2337	market: twse→2337; 出表日期: 1150906→旺宏; 年度: 115→2026Q2; 季別: 2→twse; 公司代號: 2337→1150906; 公司名稱: 旺宏→115
2026-09-06T08:14:59+08:00	bs/2026Q2_ci.csv	2338	market: twse→2338; 出表日期: 1150906→光罩; 年度: 115→2026Q2; 季別: 2→twse; 公司代號: 2338→1150906; 公司名稱: 光罩→115
2026-09-06T08:14:59+08:00	bs/2026Q2_ci.csv	2340	market: twse→2340; 出表日期: 1150906→台亞; 年度: 115→2026Q2; 季別: 2→twse; 公司代號: 2340→1150906; 公司名稱: 台亞→115
2026-09-06T08:14:59+08:00	bs/2026Q2_ci.csv	2342	market: twse→2342; 出表日期: 1150906→茂矽; 年度: 115→2026Q2; 季別: 2→twse; 公司代號: 2342→1150906; 公司名稱: 茂矽→115
2026-09-06T08:14:59+08:00	bs/2026Q2_ci.csv	2344	market: twse→2344; 出表日期: 1150906→華邦電; 年度: 115→2026Q2; 季別: 2→twse; 公司代號: 2344→1150906; 公司名稱: 華邦電→115
2026-09-06T08:14:59+08:00	bs/2026Q2_ci.csv	2345	market: twse→2345; 出表日期: 1150906→智邦; 年度: 115→2026Q2; 季別: 2→twse; 公司代號: 2345→1150906; 公司名稱: 智邦→115
2026-09-06T08:14:59+08:00	bs/2026Q2_ci.csv	2347	market: twse→2347; 出表日期: 1150906→聯強; 年度: 115→2026Q2; 季別: 2→twse; 公司代號: 2347→1150906; 公司名稱: 聯強→115
2026-09-06T08:14:59+08:00	bs/2026Q2_ci.csv	2348	market: twse→2348; 出表日期: 1150906→海悅; 年度: 115→2026Q2; 季別: 2→twse; 公司代號: 2348→1150906; 公司名稱: 海悅→115
2026-09-06T08:14:59+08:00	bs/2026Q2_ci.csv	2349	market: twse→2349; 出表日期: 1150906→錸德; 年度: 115→2026Q2; 季別: 2→twse; 公司代號: 2349→1150906; 公司名稱: 錸德→115
2026-09-06T08:14:59+08:00	bs/2026Q2_ci.csv	2351	market: twse→2351; 出表日期: 1150906→順德; 年度: 115→2026Q2; 季別: 2→twse; 公司代號: 2351→1150906; 公司名稱: 順德→115
2026-09-06T08:14:59+08:00	bs/2026Q2_ci.csv	2352	market: twse→2352; 出表日期: 1150906→佳世達; 年度: 115→2026Q2; 季別: 2→twse; 公司代號: 2352→1150906; 公司名稱: 佳世達→115
2026-09-06T08:14:59+08:00	bs/2026Q2_ci.csv	2353	market: twse→2353; 出表日期: 1150906→宏碁; 年度: 115→2026Q2; 季別: 2→twse; 公司代號: 2353→1150906; 公司名稱: 宏碁→115
2026-09-06T08:14:59+08:00	bs/2026Q2_ci.csv	2354	market: twse→2354; 出表日期: 1150906→鴻準; 年度: 115→2026Q2; 季別: 2→twse; 公司代號: 2354→1150906; 公司名稱: 鴻準→115
2026-09-06T08:14:59+08:00	bs/2026Q2_ci.csv	2355	market: twse→2355; 出表日期: 1150906→敬鵬; 年度: 115→2026Q2; 季別: 2→twse; 公司代號: 2355→1150906; 公司名稱: 敬鵬→115
2026-09-06T08:14:59+08:00	bs/2026Q2_ci.csv	2356	market: twse→2356; 出表日期: 1150906→英業達; 年度: 115→2026Q2; 季別: 2→twse; 公司代號: 2356→1150906; 公司名稱: 英業達→115
2026-09-06T08:14:59+08:00	bs/2026Q2_ci.csv	2357	market: twse→2357; 出表日期: 1150906→華碩; 年度: 115→2026Q2; 季別: 2→twse; 公司代號: 2357→1150906; 公司名稱: 華碩→115
2026-09-06T08:14:59+08:00	bs/2026Q2_ci.csv	2359	market: twse→2359; 出表日期: 1150906→所羅門; 年度: 115→2026Q2; 季別: 2→twse; 公司代號: 2359→1150906; 公司名稱: 所羅門→115
2026-09-06T08:14:59+08:00	bs/2026Q2_ci.csv	2360	market: twse→2360; 出表日期: 1150906→致茂; 年度: 115→2026Q2; 季別: 2→twse; 公司代號: 2360→1150906; 公司名稱: 致茂→115
2026-09-06T08:14:59+08:00	bs/2026Q2_ci.csv	2362	market: twse→2362; 出表日期: 1150906→藍天; 年度: 115→2026Q2; 季別: 2→twse; 公司代號: 2362→1150906; 公司名稱: 藍天→115
2026-09-06T08:14:59+08:00	bs/2026Q2_ci.csv	2363	market: twse→2363; 出表日期: 1150906→矽統; 年度: 115→2026Q2; 季別: 2→twse; 公司代號: 2363→1150906; 公司名稱: 矽統→115
2026-09-06T08:14:59+08:00	bs/2026Q2_ci.csv	2364	market: twse→2364; 出表日期: 1150906→倫飛; 年度: 115→2026Q2; 季別: 2→twse; 公司代號: 2364→1150906; 公司名稱: 倫飛→115
2026-09-06T08:14:59+08:00	bs/2026Q2_ci.csv	2365	market: twse→2365; 出表日期: 1150906→昆盈; 年度: 115→2026Q2; 季別: 2→twse; 公司代號: 2365→1150906; 公司名稱: 昆盈→115
2026-09-06T08:14:59+08:00	bs/2026Q2_ci.csv	2367	market: twse→2367; 出表日期: 1150906→燿華; 年度: 115→2026Q2; 季別: 2→twse; 公司代號: 2367→1150906; 公司名稱: 燿華→115
2026-09-06T08:14:59+08:00	bs/2026Q2_ci.csv	2368	market: twse→2368; 出表日期: 1150906→金像電; 年度: 115→2026Q2; 季別: 2→twse; 公司代號: 2368→1150906; 公司名稱: 金像電→115
2026-09-06T08:14:59+08:00	bs/2026Q2_ci.csv	2369	market: twse→2369; 出表日期: 1150906→菱生; 年度: 115→2026Q2; 季別: 2→twse; 公司代號: 2369→1150906; 公司名稱: 菱生→115
2026-09-06T08:14:59+08:00	bs/2026Q2_ci.csv	2371	market: twse→2371; 出表日期: 1150906→大同; 年度: 115→2026Q2; 季別: 2→twse; 公司代號: 2371→1150906; 公司名稱: 大同→115
2026-09-06T08:14:59+08:00	bs/2026Q2_ci.csv	2373	market: twse→2373; 出表日期: 1150906→震旦行; 年度: 115→2026Q2; 季別: 2→twse; 公司代號: 2373→1150906; 公司名稱: 震旦行→115
2026-09-06T08:14:59+08:00	bs/2026Q2_ci.csv	2374	market: twse→2374; 出表日期: 1150906→佳能; 年度: 115→2026Q2; 季別: 2→twse; 公司代號: 2374→1150906; 公司名稱: 佳能→115
2026-09-06T08:14:59+08:00	bs/2026Q2_ci.csv	2375	market: twse→2375; 出表日期: 1150906→凱美; 年度: 115→2026Q2; 季別: 2→twse; 公司代號: 2375→1150906; 公司名稱: 凱美→115
2026-09-06T08:14:59+08:00	bs/2026Q2_ci.csv	2376	market: twse→2376; 出表日期: 1150906→技嘉; 年度: 115→2026Q2; 季別: 2→twse; 公司代號: 2376→1150906; 公司名稱: 技嘉→115
2026-09-06T08:14:59+08:00	bs/2026Q2_ci.csv	2377	market: twse→2377; 出表日期: 1150906→微星; 年度: 115→2026Q2; 季別: 2→twse; 公司代號: 2377→1150906; 公司名稱: 微星→115
2026-09-06T08:14:59+08:00	bs/2026Q2_ci.csv	2379	market: twse→2379; 出表日期: 1150906→瑞昱; 年度: 115→2026Q2; 季別: 2→twse; 公司代號: 2379→1150906; 公司名稱: 瑞昱→115
2026-09-06T08:14:59+08:00	bs/2026Q2_ci.csv	2380	market: twse→2380; 出表日期: 1150906→虹光; 年度: 115→2026Q2; 季別: 2→twse; 公司代號: 2380→1150906; 公司名稱: 虹光→115
2026-09-06T08:14:59+08:00	bs/2026Q2_ci.csv	2382	market: twse→2382; 出表日期: 1150906→廣達; 年度: 115→2026Q2; 季別: 2→twse; 公司代號: 2382→1150906; 公司名稱: 廣達→115
2026-09-06T08:14:59+08:00	bs/2026Q2_ci.csv	2383	market: twse→2383; 出表日期: 1150906→台光電; 年度: 115→2026Q2; 季別: 2→twse; 公司代號: 2383→1150906; 公司名稱: 台光電→115
2026-09-06T08:14:59+08:00	bs/2026Q2_ci.csv	2385	market: twse→2385; 出表日期: 1150906→群光; 年度: 115→2026Q2; 季別: 2→twse; 公司代號: 2385→1150906; 公司名稱: 群光→115
2026-09-06T08:14:59+08:00	bs/2026Q2_ci.csv	2387	market: twse→2387; 出表日期: 1150906→精元; 年度: 115→2026Q2; 季別: 2→twse; 公司代號: 2387→1150906; 公司名稱: 精元→115
2026-09-06T08:14:59+08:00	bs/2026Q2_ci.csv	2388	market: twse→2388; 出表日期: 1150906→威盛; 年度: 115→2026Q2; 季別: 2→twse; 公司代號: 2388→1150906; 公司名稱: 威盛→115
2026-09-06T08:14:59+08:00	bs/2026Q2_ci.csv	2390	market: twse→2390; 出表日期: 1150906→云辰; 年度: 115→2026Q2; 季別: 2→twse; 公司代號: 2390→1150906; 公司名稱: 云辰→115
2026-09-06T08:14:59+08:00	bs/2026Q2_ci.csv	2392	market: twse→2392; 出表日期: 1150906→正崴; 年度: 115→2026Q2; 季別: 2→twse; 公司代號: 2392→1150906; 公司名稱: 正崴→115
2026-09-06T08:14:59+08:00	bs/2026Q2_ci.csv	2393	market: twse→2393; 出表日期: 1150906→億光; 年度: 115→2026Q2; 季別: 2→twse; 公司代號: 2393→1150906; 公司名稱: 億光→115
2026-09-06T08:14:59+08:00	bs/2026Q2_ci.csv	2395	market: twse→2395; 出表日期: 1150906→研華; 年度: 115→2026Q2; 季別: 2→twse; 公司代號: 2395→1150906; 公司名稱: 研華→115
2026-09-06T08:14:59+08:00	bs/2026Q2_ci.csv	2397	market: twse→2397; 出表日期: 1150906→友通; 年度: 115→2026Q2; 季別: 2→twse; 公司代號: 2397→1150906; 公司名稱: 友通→115
2026-09-06T08:14:59+08:00	bs/2026Q2_ci.csv	2399	market: twse→2399; 出表日期: 1150906→映泰; 年度: 115→2026Q2; 季別: 2→twse; 公司代號: 2399→1150906; 公司名稱: 映泰→115
2026-09-06T08:14:59+08:00	bs/2026Q2_ci.csv	2401	market: twse→2401; 出表日期: 1150906→凌陽; 年度: 115→2026Q2; 季別: 2→twse; 公司代號: 2401→1150906; 公司名稱: 凌陽→115
2026-09-06T08:14:59+08:00	bs/2026Q2_ci.csv	2402	market: twse→2402; 出表日期: 1150906→毅嘉; 年度: 115→2026Q2; 季別: 2→twse; 公司代號: 2402→1150906; 公司名稱: 毅嘉→115
2026-09-06T08:14:59+08:00	bs/2026Q2_ci.csv	2404	market: twse→2404; 出表日期: 1150906→漢唐; 年度: 115→2026Q2; 季別: 2→twse; 公司代號: 2404→1150906; 公司名稱: 漢唐→115
2026-09-06T08:14:59+08:00	bs/2026Q2_ci.csv	2405	market: twse→2405; 出表日期: 1150906→輔信; 年度: 115→2026Q2; 季別: 2→twse; 公司代號: 2405→1150906; 公司名稱: 輔信→115
2026-09-06T08:14:59+08:00	bs/2026Q2_ci.csv	2406	market: twse→2406; 出表日期: 1150906→國碩; 年度: 115→2026Q2; 季別: 2→twse; 公司代號: 2406→1150906; 公司名稱: 國碩→115
2026-09-06T08:14:59+08:00	bs/2026Q2_ci.csv	2408	market: twse→2408; 出表日期: 1150906→南亞科; 年度: 115→2026Q2; 季別: 2→twse; 公司代號: 2408→1150906; 公司名稱: 南亞科→115
2026-09-06T08:14:59+08:00	bs/2026Q2_ci.csv	2409	market: twse→2409; 出表日期: 1150906→友達; 年度: 115→2026Q2; 季別: 2→twse; 公司代號: 2409→1150906; 公司名稱: 友達→115
2026-09-06T08:14:59+08:00	bs/2026Q2_ci.csv	2412	market: twse→2412; 出表日期: 1150906→中華電; 年度: 115→2026Q2; 季別: 2→twse; 公司代號: 2412→1150906; 公司名稱: 中華電→115
2026-09-06T08:14:59+08:00	bs/2026Q2_ci.csv	2413	market: twse→2413; 出表日期: 1150906→環科; 年度: 115→2026Q2; 季別: 2→twse; 公司代號: 2413→1150906; 公司名稱: 環科→115
2026-09-06T08:14:59+08:00	bs/2026Q2_ci.csv	2414	market: twse→2414; 出表日期: 1150906→精技; 年度: 115→2026Q2; 季別: 2→twse; 公司代號: 2414→1150906; 公司名稱: 精技→115
2026-09-06T08:14:59+08:00	bs/2026Q2_ci.csv	2415	market: twse→2415; 出表日期: 1150906→錩新; 年度: 115→2026Q2; 季別: 2→twse; 公司代號: 2415→1150906; 公司名稱: 錩新→115
2026-09-06T08:14:59+08:00	bs/2026Q2_ci.csv	2417	market: twse→2417; 出表日期: 1150906→圓剛; 年度: 115→2026Q2; 季別: 2→twse; 公司代號: 2417→1150906; 公司名稱: 圓剛→115
2026-09-06T08:14:59+08:00	bs/2026Q2_ci.csv	2419	market: twse→2419; 出表日期: 1150906→仲琦; 年度: 115→2026Q2; 季別: 2→twse; 公司代號: 2419→1150906; 公司名稱: 仲琦→115
2026-09-06T08:14:59+08:00	bs/2026Q2_ci.csv	2420	market: twse→2420; 出表日期: 1150906→新巨; 年度: 115→2026Q2; 季別: 2→twse; 公司代號: 2420→1150906; 公司名稱: 新巨→115
2026-09-06T08:14:59+08:00	bs/2026Q2_ci.csv	2421	market: twse→2421; 出表日期: 1150906→建準; 年度: 115→2026Q2; 季別: 2→twse; 公司代號: 2421→1150906; 公司名稱: 建準→115
2026-09-06T08:14:59+08:00	bs/2026Q2_ci.csv	2423	market: twse→2423; 出表日期: 1150906→固緯; 年度: 115→2026Q2; 季別: 2→twse; 公司代號: 2423→1150906; 公司名稱: 固緯→115
2026-09-06T08:14:59+08:00	bs/2026Q2_ci.csv	2424	market: twse→2424; 出表日期: 1150906→隴華; 年度: 115→2026Q2; 季別: 2→twse; 公司代號: 2424→1150906; 公司名稱: 隴華→115
2026-09-06T08:14:59+08:00	bs/2026Q2_ci.csv	2425	market: twse→2425; 出表日期: 1150906→承啟; 年度: 115→2026Q2; 季別: 2→twse; 公司代號: 2425→1150906; 公司名稱: 承啟→115
2026-09-06T08:14:59+08:00	bs/2026Q2_ci.csv	2426	market: twse→2426; 出表日期: 1150906→鼎元; 年度: 115→2026Q2; 季別: 2→twse; 公司代號: 2426→1150906; 公司名稱: 鼎元→115
2026-09-06T08:14:59+08:00	bs/2026Q2_ci.csv	2427	market: twse→2427; 出表日期: 1150906→三商電; 年度: 115→2026Q2; 季別: 2→twse; 公司代號: 2427→1150906; 公司名稱: 三商電→115
2026-09-06T08:14:59+08:00	bs/2026Q2_ci.csv	2428	market: twse→2428; 出表日期: 1150906→興勤; 年度: 115→2026Q2; 季別: 2→twse; 公司代號: 2428→1150906; 公司名稱: 興勤→115
2026-09-06T08:14:59+08:00	bs/2026Q2_ci.csv	2429	market: twse→2429; 出表日期: 1150906→銘旺科; 年度: 115→2026Q2; 季別: 2→twse; 公司代號: 2429→1150906; 公司名稱: 銘旺科→115
2026-09-06T08:14:59+08:00	bs/2026Q2_ci.csv	2430	market: twse→2430; 出表日期: 1150906→燦坤; 年度: 115→2026Q2; 季別: 2→twse; 公司代號: 2430→1150906; 公司名稱: 燦坤→115
2026-09-06T08:14:59+08:00	bs/2026Q2_ci.csv	2431	market: twse→2431; 出表日期: 1150906→聯昌; 年度: 115→2026Q2; 季別: 2→twse; 公司代號: 2431→1150906; 公司名稱: 聯昌→115
2026-09-06T08:14:59+08:00	bs/2026Q2_ci.csv	2432	market: twse→2432; 出表日期: 1150906→倚天酷碁-創; 年度: 115→2026Q2; 季別: 2→twse; 公司代號: 2432→1150906; 公司名稱: 倚天酷碁-創→115
2026-09-06T08:14:59+08:00	bs/2026Q2_ci.csv	2433	market: twse→2433; 出表日期: 1150906→互盛電; 年度: 115→2026Q2; 季別: 2→twse; 公司代號: 2433→1150906; 公司名稱: 互盛電→115
2026-09-06T08:14:59+08:00	bs/2026Q2_ci.csv	2434	market: twse→2434; 出表日期: 1150906→統懋; 年度: 115→2026Q2; 季別: 2→twse; 公司代號: 2434→1150906; 公司名稱: 統懋→115
2026-09-06T08:14:59+08:00	bs/2026Q2_ci.csv	2436	market: twse→2436; 出表日期: 1150906→偉詮電; 年度: 115→2026Q2; 季別: 2→twse; 公司代號: 2436→1150906; 公司名稱: 偉詮電→115
2026-09-06T08:14:59+08:00	bs/2026Q2_ci.csv	2438	market: twse→2438; 出表日期: 1150906→翔耀; 年度: 115→2026Q2; 季別: 2→twse; 公司代號: 2438→1150906; 公司名稱: 翔耀→115
2026-09-06T08:14:59+08:00	bs/2026Q2_ci.csv	2439	market: twse→2439; 出表日期: 1150906→美律; 年度: 115→2026Q2; 季別: 2→twse; 公司代號: 2439→1150906; 公司名稱: 美律→115
2026-09-06T08:14:59+08:00	bs/2026Q2_ci.csv	2440	market: twse→2440; 出表日期: 1150906→太空梭; 年度: 115→2026Q2; 季別: 2→twse; 公司代號: 2440→1150906; 公司名稱: 太空梭→115
2026-09-06T08:14:59+08:00	bs/2026Q2_ci.csv	2441	market: twse→2441; 出表日期: 1150906→超豐; 年度: 115→2026Q2; 季別: 2→twse; 公司代號: 2441→1150906; 公司名稱: 超豐→115
2026-09-06T08:14:59+08:00	bs/2026Q2_ci.csv	2442	market: twse→2442; 出表日期: 1150906→新美齊; 年度: 115→2026Q2; 季別: 2→twse; 公司代號: 2442→1150906; 公司名稱: 新美齊→115
2026-09-06T08:14:59+08:00	bs/2026Q2_ci.csv	2444	market: twse→2444; 出表日期: 1150906→兆勁; 年度: 115→2026Q2; 季別: 2→twse; 公司代號: 2444→1150906; 公司名稱: 兆勁→115
2026-09-06T08:14:59+08:00	bs/2026Q2_ci.csv	2449	market: twse→2449; 出表日期: 1150906→京元電子; 年度: 115→2026Q2; 季別: 2→twse; 公司代號: 2449→1150906; 公司名稱: 京元電子→115
2026-09-06T08:14:59+08:00	bs/2026Q2_ci.csv	2450	market: twse→2450; 出表日期: 1150906→神腦; 年度: 115→2026Q2; 季別: 2→twse; 公司代號: 2450→1150906; 公司名稱: 神腦→115
2026-09-06T08:14:59+08:00	bs/2026Q2_ci.csv	2451	market: twse→2451; 出表日期: 1150906→創見; 年度: 115→2026Q2; 季別: 2→twse; 公司代號: 2451→1150906; 公司名稱: 創見→115
2026-09-06T08:14:59+08:00	bs/2026Q2_ci.csv	2453	market: twse→2453; 出表日期: 1150906→凌群; 年度: 115→2026Q2; 季別: 2→twse; 公司代號: 2453→1150906; 公司名稱: 凌群→115
2026-09-06T08:14:59+08:00	bs/2026Q2_ci.csv	2454	market: twse→2454; 出表日期: 1150906→聯發科; 年度: 115→2026Q2; 季別: 2→twse; 公司代號: 2454→1150906; 公司名稱: 聯發科→115
2026-09-06T08:14:59+08:00	bs/2026Q2_ci.csv	2455	market: twse→2455; 出表日期: 1150906→全新; 年度: 115→2026Q2; 季別: 2→twse; 公司代號: 2455→1150906; 公司名稱: 全新→115
2026-09-06T08:14:59+08:00	bs/2026Q2_ci.csv	2457	market: twse→2457; 出表日期: 1150906→飛宏; 年度: 115→2026Q2; 季別: 2→twse; 公司代號: 2457→1150906; 公司名稱: 飛宏→115
2026-09-06T08:14:59+08:00	bs/2026Q2_ci.csv	2458	market: twse→2458; 出表日期: 1150906→義隆; 年度: 115→2026Q2; 季別: 2→twse; 公司代號: 2458→1150906; 公司名稱: 義隆→115
2026-09-06T08:14:59+08:00	bs/2026Q2_ci.csv	2459	market: twse→2459; 出表日期: 1150906→敦吉; 年度: 115→2026Q2; 季別: 2→twse; 公司代號: 2459→1150906; 公司名稱: 敦吉→115
2026-09-06T08:14:59+08:00	bs/2026Q2_ci.csv	2460	market: twse→2460; 出表日期: 1150906→建通; 年度: 115→2026Q2; 季別: 2→twse; 公司代號: 2460→1150906; 公司名稱: 建通→115
2026-09-06T08:14:59+08:00	bs/2026Q2_ci.csv	2461	market: twse→2461; 出表日期: 1150906→光群雷; 年度: 115→2026Q2; 季別: 2→twse; 公司代號: 2461→1150906; 公司名稱: 光群雷→115
2026-09-06T08:14:59+08:00	bs/2026Q2_ci.csv	2462	market: twse→2462; 出表日期: 1150906→良得電; 年度: 115→2026Q2; 季別: 2→twse; 公司代號: 2462→1150906; 公司名稱: 良得電→115
2026-09-06T08:14:59+08:00	bs/2026Q2_ci.csv	2464	market: twse→2464; 出表日期: 1150906→盟立; 年度: 115→2026Q2; 季別: 2→twse; 公司代號: 2464→1150906; 公司名稱: 盟立→115
2026-09-06T08:14:59+08:00	bs/2026Q2_ci.csv	2465	market: twse→2465; 出表日期: 1150906→麗臺; 年度: 115→2026Q2; 季別: 2→twse; 公司代號: 2465→1150906; 公司名稱: 麗臺→115
2026-09-06T08:14:59+08:00	bs/2026Q2_ci.csv	2466	market: twse→2466; 出表日期: 1150906→冠西電; 年度: 115→2026Q2; 季別: 2→twse; 公司代號: 2466→1150906; 公司名稱: 冠西電→115
2026-09-06T08:14:59+08:00	bs/2026Q2_ci.csv	2467	market: twse→2467; 出表日期: 1150906→志聖; 年度: 115→2026Q2; 季別: 2→twse; 公司代號: 2467→1150906; 公司名稱: 志聖→115
2026-09-06T08:14:59+08:00	bs/2026Q2_ci.csv	2468	market: twse→2468; 出表日期: 1150906→華經; 年度: 115→2026Q2; 季別: 2→twse; 公司代號: 2468→1150906; 公司名稱: 華經→115
2026-09-06T08:14:59+08:00	bs/2026Q2_ci.csv	2471	market: twse→2471; 出表日期: 1150906→資通; 年度: 115→2026Q2; 季別: 2→twse; 公司代號: 2471→1150906; 公司名稱: 資通→115
2026-09-06T08:14:59+08:00	bs/2026Q2_ci.csv	2472	market: twse→2472; 出表日期: 1150906→立隆電; 年度: 115→2026Q2; 季別: 2→twse; 公司代號: 2472→1150906; 公司名稱: 立隆電→115
2026-09-06T08:14:59+08:00	bs/2026Q2_ci.csv	2474	market: twse→2474; 出表日期: 1150906→可成; 年度: 115→2026Q2; 季別: 2→twse; 公司代號: 2474→1150906; 公司名稱: 可成→115
2026-09-06T08:14:59+08:00	bs/2026Q2_ci.csv	2476	market: twse→2476; 出表日期: 1150906→鉅祥; 年度: 115→2026Q2; 季別: 2→twse; 公司代號: 2476→1150906; 公司名稱: 鉅祥→115
2026-09-06T08:14:59+08:00	bs/2026Q2_ci.csv	2477	market: twse→2477; 出表日期: 1150906→美隆電; 年度: 115→2026Q2; 季別: 2→twse; 公司代號: 2477→1150906; 公司名稱: 美隆電→115
2026-09-06T08:14:59+08:00	bs/2026Q2_ci.csv	2478	market: twse→2478; 出表日期: 1150906→大毅; 年度: 115→2026Q2; 季別: 2→twse; 公司代號: 2478→1150906; 公司名稱: 大毅→115
2026-09-06T08:14:59+08:00	bs/2026Q2_ci.csv	2480	market: twse→2480; 出表日期: 1150906→敦陽科; 年度: 115→2026Q2; 季別: 2→twse; 公司代號: 2480→1150906; 公司名稱: 敦陽科→115
2026-09-06T08:14:59+08:00	bs/2026Q2_ci.csv	2481	market: twse→2481; 出表日期: 1150906→強茂; 年度: 115→2026Q2; 季別: 2→twse; 公司代號: 2481→1150906; 公司名稱: 強茂→115
2026-09-06T08:14:59+08:00	bs/2026Q2_ci.csv	2482	market: twse→2482; 出表日期: 1150906→連宇; 年度: 115→2026Q2; 季別: 2→twse; 公司代號: 2482→1150906; 公司名稱: 連宇→115
2026-09-06T08:14:59+08:00	bs/2026Q2_ci.csv	2483	market: twse→2483; 出表日期: 1150906→百容; 年度: 115→2026Q2; 季別: 2→twse; 公司代號: 2483→1150906; 公司名稱: 百容→115
2026-09-06T08:14:59+08:00	bs/2026Q2_ci.csv	2484	market: twse→2484; 出表日期: 1150906→希華; 年度: 115→2026Q2; 季別: 2→twse; 公司代號: 2484→1150906; 公司名稱: 希華→115
2026-09-06T08:14:59+08:00	bs/2026Q2_ci.csv	2485	market: twse→2485; 出表日期: 1150906→兆赫; 年度: 115→2026Q2; 季別: 2→twse; 公司代號: 2485→1150906; 公司名稱: 兆赫→115
2026-09-06T08:14:59+08:00	bs/2026Q2_ci.csv	2486	market: twse→2486; 出表日期: 1150906→一詮; 年度: 115→2026Q2; 季別: 2→twse; 公司代號: 2486→1150906; 公司名稱: 一詮→115
2026-09-06T08:14:59+08:00	bs/2026Q2_ci.csv	2488	market: twse→2488; 出表日期: 1150906→漢平; 年度: 115→2026Q2; 季別: 2→twse; 公司代號: 2488→1150906; 公司名稱: 漢平→115
2026-09-06T08:14:59+08:00	bs/2026Q2_ci.csv	2489	market: twse→2489; 出表日期: 1150906→瑞軒; 年度: 115→2026Q2; 季別: 2→twse; 公司代號: 2489→1150906; 公司名稱: 瑞軒→115
2026-09-06T08:14:59+08:00	bs/2026Q2_ci.csv	2491	market: twse→2491; 出表日期: 1150906→吉祥全; 年度: 115→2026Q2; 季別: 2→twse; 公司代號: 2491→1150906; 公司名稱: 吉祥全→115
2026-09-06T08:14:59+08:00	bs/2026Q2_ci.csv	2492	market: twse→2492; 出表日期: 1150906→華新科; 年度: 115→2026Q2; 季別: 2→twse; 公司代號: 2492→1150906; 公司名稱: 華新科→115
2026-09-06T08:14:59+08:00	bs/2026Q2_ci.csv	2493	market: twse→2493; 出表日期: 1150906→揚博; 年度: 115→2026Q2; 季別: 2→twse; 公司代號: 2493→1150906; 公司名稱: 揚博→115
2026-09-06T08:14:59+08:00	bs/2026Q2_ci.csv	2495	market: twse→2495; 出表日期: 1150906→普安; 年度: 115→2026Q2; 季別: 2→twse; 公司代號: 2495→1150906; 公司名稱: 普安→115
2026-09-06T08:14:59+08:00	bs/2026Q2_ci.csv	2496	market: twse→2496; 出表日期: 1150906→卓越; 年度: 115→2026Q2; 季別: 2→twse; 公司代號: 2496→1150906; 公司名稱: 卓越→115
2026-09-06T08:14:59+08:00	bs/2026Q2_ci.csv	2497	market: twse→2497; 出表日期: 1150906→怡利電; 年度: 115→2026Q2; 季別: 2→twse; 公司代號: 2497→1150906; 公司名稱: 怡利電→115
2026-09-06T08:14:59+08:00	bs/2026Q2_ci.csv	2498	market: twse→2498; 出表日期: 1150906→宏達電; 年度: 115→2026Q2; 季別: 2→twse; 公司代號: 2498→1150906; 公司名稱: 宏達電→115
2026-09-06T08:14:59+08:00	bs/2026Q2_ci.csv	2501	market: twse→2501; 出表日期: 1150906→國建; 年度: 115→2026Q2; 季別: 2→twse; 公司代號: 2501→1150906; 公司名稱: 國建→115
2026-09-06T08:14:59+08:00	bs/2026Q2_ci.csv	2504	market: twse→2504; 出表日期: 1150906→國產; 年度: 115→2026Q2; 季別: 2→twse; 公司代號: 2504→1150906; 公司名稱: 國產→115
2026-09-06T08:14:59+08:00	bs/2026Q2_ci.csv	2505	market: twse→2505; 出表日期: 1150906→國揚; 年度: 115→2026Q2; 季別: 2→twse; 公司代號: 2505→1150906; 公司名稱: 國揚→115
2026-09-06T08:14:59+08:00	bs/2026Q2_ci.csv	2506	market: twse→2506; 出表日期: 1150906→太設; 年度: 115→2026Q2; 季別: 2→twse; 公司代號: 2506→1150906; 公司名稱: 太設→115
2026-09-06T08:14:59+08:00	bs/2026Q2_ci.csv	2509	market: twse→2509; 出表日期: 1150906→全坤建; 年度: 115→2026Q2; 季別: 2→twse; 公司代號: 2509→1150906; 公司名稱: 全坤建→115
2026-09-06T08:14:59+08:00	bs/2026Q2_ci.csv	2511	market: twse→2511; 出表日期: 1150906→太子; 年度: 115→2026Q2; 季別: 2→twse; 公司代號: 2511→1150906; 公司名稱: 太子→115
2026-09-06T08:14:59+08:00	bs/2026Q2_ci.csv	2514	market: twse→2514; 出表日期: 1150906→龍邦; 年度: 115→2026Q2; 季別: 2→twse; 公司代號: 2514→1150906; 公司名稱: 龍邦→115
2026-09-06T08:14:59+08:00	bs/2026Q2_ci.csv	2515	market: twse→2515; 出表日期: 1150906→中工; 年度: 115→2026Q2; 季別: 2→twse; 公司代號: 2515→1150906; 公司名稱: 中工→115
2026-09-06T08:14:59+08:00	bs/2026Q2_ci.csv	2516	market: twse→2516; 出表日期: 1150906→新建; 年度: 115→2026Q2; 季別: 2→twse; 公司代號: 2516→1150906; 公司名稱: 新建→115
2026-09-06T08:14:59+08:00	bs/2026Q2_ci.csv	2520	market: twse→2520; 出表日期: 1150906→冠德; 年度: 115→2026Q2; 季別: 2→twse; 公司代號: 2520→1150906; 公司名稱: 冠德→115
2026-09-06T08:14:59+08:00	bs/2026Q2_ci.csv	2524	market: twse→2524; 出表日期: 1150906→京城; 年度: 115→2026Q2; 季別: 2→twse; 公司代號: 2524→1150906; 公司名稱: 京城→115
2026-09-06T08:14:59+08:00	bs/2026Q2_ci.csv	2527	market: twse→2527; 出表日期: 1150906→宏璟; 年度: 115→2026Q2; 季別: 2→twse; 公司代號: 2527→1150906; 公司名稱: 宏璟→115
2026-09-06T08:14:59+08:00	bs/2026Q2_ci.csv	2528	market: twse→2528; 出表日期: 1150906→皇普; 年度: 115→2026Q2; 季別: 2→twse; 公司代號: 2528→1150906; 公司名稱: 皇普→115
2026-09-06T08:14:59+08:00	bs/2026Q2_ci.csv	2530	market: twse→2530; 出表日期: 1150906→華建; 年度: 115→2026Q2; 季別: 2→twse; 公司代號: 2530→1150906; 公司名稱: 華建→115
2026-09-06T08:14:59+08:00	bs/2026Q2_ci.csv	2534	market: twse→2534; 出表日期: 1150906→宏盛; 年度: 115→2026Q2; 季別: 2→twse; 公司代號: 2534→1150906; 公司名稱: 宏盛→115
2026-09-06T08:14:59+08:00	bs/2026Q2_ci.csv	2535	market: twse→2535; 出表日期: 1150906→達欣工; 年度: 115→2026Q2; 季別: 2→twse; 公司代號: 2535→1150906; 公司名稱: 達欣工→115
2026-09-06T08:14:59+08:00	bs/2026Q2_ci.csv	2536	market: twse→2536; 出表日期: 1150906→宏普; 年度: 115→2026Q2; 季別: 2→twse; 公司代號: 2536→1150906; 公司名稱: 宏普→115
2026-09-06T08:14:59+08:00	bs/2026Q2_ci.csv	2537	market: twse→2537; 出表日期: 1150906→聯上發; 年度: 115→2026Q2; 季別: 2→twse; 公司代號: 2537→1150906; 公司名稱: 聯上發→115
2026-09-06T08:14:59+08:00	bs/2026Q2_ci.csv	2538	market: twse→2538; 出表日期: 1150906→基泰; 年度: 115→2026Q2; 季別: 2→twse; 公司代號: 2538→1150906; 公司名稱: 基泰→115
2026-09-06T08:14:59+08:00	bs/2026Q2_ci.csv	2539	market: twse→2539; 出表日期: 1150906→櫻花建; 年度: 115→2026Q2; 季別: 2→twse; 公司代號: 2539→1150906; 公司名稱: 櫻花建→115
2026-09-06T08:14:59+08:00	bs/2026Q2_ci.csv	2540	market: twse→2540; 出表日期: 1150906→愛山林; 年度: 115→2026Q2; 季別: 2→twse; 公司代號: 2540→1150906; 公司名稱: 愛山林→115
2026-09-06T08:14:59+08:00	bs/2026Q2_ci.csv	2542	market: twse→2542; 出表日期: 1150906→興富發; 年度: 115→2026Q2; 季別: 2→twse; 公司代號: 2542→1150906; 公司名稱: 興富發→115
2026-09-06T08:14:59+08:00	bs/2026Q2_ci.csv	2543	market: twse→2543; 出表日期: 1150906→皇昌; 年度: 115→2026Q2; 季別: 2→twse; 公司代號: 2543→1150906; 公司名稱: 皇昌→115
2026-09-06T08:14:59+08:00	bs/2026Q2_ci.csv	2545	market: twse→2545; 出表日期: 1150906→皇翔; 年度: 115→2026Q2; 季別: 2→twse; 公司代號: 2545→1150906; 公司名稱: 皇翔→115
2026-09-06T08:14:59+08:00	bs/2026Q2_ci.csv	2546	market: twse→2546; 出表日期: 1150906→根基; 年度: 115→2026Q2; 季別: 2→twse; 公司代號: 2546→1150906; 公司名稱: 根基→115
2026-09-06T08:14:59+08:00	bs/2026Q2_ci.csv	2547	market: twse→2547; 出表日期: 1150906→日勝生; 年度: 115→2026Q2; 季別: 2→twse; 公司代號: 2547→1150906; 公司名稱: 日勝生→115
2026-09-06T08:14:59+08:00	bs/2026Q2_ci.csv	2548	market: twse→2548; 出表日期: 1150906→華固; 年度: 115→2026Q2; 季別: 2→twse; 公司代號: 2548→1150906; 公司名稱: 華固→115
2026-09-06T08:14:59+08:00	bs/2026Q2_ci.csv	2597	market: twse→2597; 出表日期: 1150906→潤弘; 年度: 115→2026Q2; 季別: 2→twse; 公司代號: 2597→1150906; 公司名稱: 潤弘→115
2026-09-06T08:14:59+08:00	bs/2026Q2_ci.csv	2601	market: twse→2601; 出表日期: 1150906→益航; 年度: 115→2026Q2; 季別: 2→twse; 公司代號: 2601→1150906; 公司名稱: 益航→115
2026-09-06T08:14:59+08:00	bs/2026Q2_ci.csv	2603	market: twse→2603; 出表日期: 1150906→長榮; 年度: 115→2026Q2; 季別: 2→twse; 公司代號: 2603→1150906; 公司名稱: 長榮→115
2026-09-06T08:14:59+08:00	bs/2026Q2_ci.csv	2605	market: twse→2605; 出表日期: 1150906→新興; 年度: 115→2026Q2; 季別: 2→twse; 公司代號: 2605→1150906; 公司名稱: 新興→115
2026-09-06T08:14:59+08:00	bs/2026Q2_ci.csv	2606	market: twse→2606; 出表日期: 1150906→裕民; 年度: 115→2026Q2; 季別: 2→twse; 公司代號: 2606→1150906; 公司名稱: 裕民→115
2026-09-06T08:14:59+08:00	bs/2026Q2_ci.csv	2607	market: twse→2607; 出表日期: 1150906→榮運; 年度: 115→2026Q2; 季別: 2→twse; 公司代號: 2607→1150906; 公司名稱: 榮運→115
2026-09-06T08:14:59+08:00	bs/2026Q2_ci.csv	2608	market: twse→2608; 出表日期: 1150906→嘉里大榮; 年度: 115→2026Q2; 季別: 2→twse; 公司代號: 2608→1150906; 公司名稱: 嘉里大榮→115
2026-09-06T08:14:59+08:00	bs/2026Q2_ci.csv	2609	market: twse→2609; 出表日期: 1150906→陽明; 年度: 115→2026Q2; 季別: 2→twse; 公司代號: 2609→1150906; 公司名稱: 陽明→115
2026-09-06T08:14:59+08:00	bs/2026Q2_ci.csv	2610	market: twse→2610; 出表日期: 1150906→華航; 年度: 115→2026Q2; 季別: 2→twse; 公司代號: 2610→1150906; 公司名稱: 華航→115
2026-09-06T08:14:59+08:00	bs/2026Q2_ci.csv	2611	market: twse→2611; 出表日期: 1150906→志信; 年度: 115→2026Q2; 季別: 2→twse; 公司代號: 2611→1150906; 公司名稱: 志信→115
2026-09-06T08:14:59+08:00	bs/2026Q2_ci.csv	2612	market: twse→2612; 出表日期: 1150906→中航; 年度: 115→2026Q2; 季別: 2→twse; 公司代號: 2612→1150906; 公司名稱: 中航→115
2026-09-06T08:14:59+08:00	bs/2026Q2_ci.csv	2613	market: twse→2613; 出表日期: 1150906→中櫃; 年度: 115→2026Q2; 季別: 2→twse; 公司代號: 2613→1150906; 公司名稱: 中櫃→115
2026-09-06T08:14:59+08:00	bs/2026Q2_ci.csv	2614	market: twse→2614; 出表日期: 1150906→東森; 年度: 115→2026Q2; 季別: 2→twse; 公司代號: 2614→1150906; 公司名稱: 東森→115
2026-09-06T08:14:59+08:00	bs/2026Q2_ci.csv	2615	market: twse→2615; 出表日期: 1150906→萬海; 年度: 115→2026Q2; 季別: 2→twse; 公司代號: 2615→1150906; 公司名稱: 萬海→115
2026-09-06T08:14:59+08:00	bs/2026Q2_ci.csv	2616	market: twse→2616; 出表日期: 1150906→山隆; 年度: 115→2026Q2; 季別: 2→twse; 公司代號: 2616→1150906; 公司名稱: 山隆→115
2026-09-06T08:14:59+08:00	bs/2026Q2_ci.csv	2617	market: twse→2617; 出表日期: 1150906→台航; 年度: 115→2026Q2; 季別: 2→twse; 公司代號: 2617→1150906; 公司名稱: 台航→115
2026-09-06T08:14:59+08:00	bs/2026Q2_ci.csv	2618	market: twse→2618; 出表日期: 1150906→長榮航; 年度: 115→2026Q2; 季別: 2→twse; 公司代號: 2618→1150906; 公司名稱: 長榮航→115
2026-09-06T08:14:59+08:00	bs/2026Q2_ci.csv	2630	market: twse→2630; 出表日期: 1150906→亞航; 年度: 115→2026Q2; 季別: 2→twse; 公司代號: 2630→1150906; 公司名稱: 亞航→115
2026-09-06T08:14:59+08:00	bs/2026Q2_ci.csv	2633	market: twse→2633; 出表日期: 1150906→台灣高鐵; 年度: 115→2026Q2; 季別: 2→twse; 公司代號: 2633→1150906; 公司名稱: 台灣高鐵→115
2026-09-06T08:14:59+08:00	bs/2026Q2_ci.csv	2634	market: twse→2634; 出表日期: 1150906→漢翔; 年度: 115→2026Q2; 季別: 2→twse; 公司代號: 2634→1150906; 公司名稱: 漢翔→115
2026-09-06T08:14:59+08:00	bs/2026Q2_ci.csv	2636	market: twse→2636; 出表日期: 1150906→台驊控股; 年度: 115→2026Q2; 季別: 2→twse; 公司代號: 2636→1150906; 公司名稱: 台驊控股→115
2026-09-06T08:14:59+08:00	bs/2026Q2_ci.csv	2637	market: twse→2637; 出表日期: 1150906→慧洋-KY; 年度: 115→2026Q2; 季別: 2→twse; 公司代號: 2637→1150906; 公司名稱: 慧洋-KY→115
2026-09-06T08:14:59+08:00	bs/2026Q2_ci.csv	2642	market: twse→2642; 出表日期: 1150906→宅配通; 年度: 115→2026Q2; 季別: 2→twse; 公司代號: 2642→1150906; 公司名稱: 宅配通→115
2026-09-06T08:14:59+08:00	bs/2026Q2_ci.csv	2645	market: twse→2645; 出表日期: 1150906→長榮航太; 年度: 115→2026Q2; 季別: 2→twse; 公司代號: 2645→1150906; 公司名稱: 長榮航太→115
2026-09-06T08:14:59+08:00	bs/2026Q2_ci.csv	2646	market: twse→2646; 出表日期: 1150906→星宇航空; 年度: 115→2026Q2; 季別: 2→twse; 公司代號: 2646→1150906; 公司名稱: 星宇航空→115
2026-09-06T08:14:59+08:00	bs/2026Q2_ci.csv	2701	market: twse→2701; 出表日期: 1150906→萬企; 年度: 115→2026Q2; 季別: 2→twse; 公司代號: 2701→1150906; 公司名稱: 萬企→115
2026-09-06T08:14:59+08:00	bs/2026Q2_ci.csv	2702	market: twse→2702; 出表日期: 1150906→華園; 年度: 115→2026Q2; 季別: 2→twse; 公司代號: 2702→1150906; 公司名稱: 華園→115
2026-09-06T08:14:59+08:00	bs/2026Q2_ci.csv	2704	market: twse→2704; 出表日期: 1150906→國賓; 年度: 115→2026Q2; 季別: 2→twse; 公司代號: 2704→1150906; 公司名稱: 國賓→115
2026-09-06T08:14:59+08:00	bs/2026Q2_ci.csv	2705	market: twse→2705; 出表日期: 1150906→六福; 年度: 115→2026Q2; 季別: 2→twse; 公司代號: 2705→1150906; 公司名稱: 六福→115
2026-09-06T08:14:59+08:00	bs/2026Q2_ci.csv	2706	market: twse→2706; 出表日期: 1150906→第一店; 年度: 115→2026Q2; 季別: 2→twse; 公司代號: 2706→1150906; 公司名稱: 第一店→115
2026-09-06T08:14:59+08:00	bs/2026Q2_ci.csv	2707	market: twse→2707; 出表日期: 1150906→晶華; 年度: 115→2026Q2; 季別: 2→twse; 公司代號: 2707→1150906; 公司名稱: 晶華→115
2026-09-06T08:14:59+08:00	bs/2026Q2_ci.csv	2712	market: twse→2712; 出表日期: 1150906→遠雄來; 年度: 115→2026Q2; 季別: 2→twse; 公司代號: 2712→1150906; 公司名稱: 遠雄來→115
2026-09-06T08:14:59+08:00	bs/2026Q2_ci.csv	2722	market: twse→2722; 出表日期: 1150906→夏都; 年度: 115→2026Q2; 季別: 2→twse; 公司代號: 2722→1150906; 公司名稱: 夏都→115
2026-09-06T08:14:59+08:00	bs/2026Q2_ci.csv	2723	market: twse→2723; 出表日期: 1150906→美食-KY; 年度: 115→2026Q2; 季別: 2→twse; 公司代號: 2723→1150906; 公司名稱: 美食-KY→115
2026-09-06T08:14:59+08:00	bs/2026Q2_ci.csv	2727	market: twse→2727; 出表日期: 1150906→王品; 年度: 115→2026Q2; 季別: 2→twse; 公司代號: 2727→1150906; 公司名稱: 王品→115
2026-09-06T08:14:59+08:00	bs/2026Q2_ci.csv	2731	market: twse→2731; 出表日期: 1150906→雄獅; 年度: 115→2026Q2; 季別: 2→twse; 公司代號: 2731→1150906; 公司名稱: 雄獅→115
2026-09-06T08:14:59+08:00	bs/2026Q2_ci.csv	2739	market: twse→2739; 出表日期: 1150906→寒舍; 年度: 115→2026Q2; 季別: 2→twse; 公司代號: 2739→1150906; 公司名稱: 寒舍→115
2026-09-06T08:14:59+08:00	bs/2026Q2_ci.csv	2748	market: twse→2748; 出表日期: 1150906→雲品; 年度: 115→2026Q2; 季別: 2→twse; 公司代號: 2748→1150906; 公司名稱: 雲品→115
2026-09-06T08:14:59+08:00	bs/2026Q2_ci.csv	2753	market: twse→2753; 出表日期: 1150906→八方雲集; 年度: 115→2026Q2; 季別: 2→twse; 公司代號: 2753→1150906; 公司名稱: 八方雲集→115
2026-09-06T08:14:59+08:00	bs/2026Q2_ci.csv	2762	market: twse→2762; 出表日期: 1150906→世界健身-KY; 年度: 115→2026Q2; 季別: 2→twse; 公司代號: 2762→1150906; 公司名稱: 世界健身-KY→115
2026-09-06T08:14:59+08:00	bs/2026Q2_ci.csv	2901	market: twse→2901; 出表日期: 1150906→欣欣; 年度: 115→2026Q2; 季別: 2→twse; 公司代號: 2901→1150906; 公司名稱: 欣欣→115
2026-09-06T08:14:59+08:00	bs/2026Q2_ci.csv	2903	market: twse→2903; 出表日期: 1150906→遠百; 年度: 115→2026Q2; 季別: 2→twse; 公司代號: 2903→1150906; 公司名稱: 遠百→115
2026-09-06T08:14:59+08:00	bs/2026Q2_ci.csv	2904	market: twse→2904; 出表日期: 1150906→匯僑; 年度: 115→2026Q2; 季別: 2→twse; 公司代號: 2904→1150906; 公司名稱: 匯僑→115
2026-09-06T08:14:59+08:00	bs/2026Q2_ci.csv	2906	market: twse→2906; 出表日期: 1150906→高林; 年度: 115→2026Q2; 季別: 2→twse; 公司代號: 2906→1150906; 公司名稱: 高林→115
2026-09-06T08:14:59+08:00	bs/2026Q2_ci.csv	2908	market: twse→2908; 出表日期: 1150906→特力; 年度: 115→2026Q2; 季別: 2→twse; 公司代號: 2908→1150906; 公司名稱: 特力→115
2026-09-06T08:14:59+08:00	bs/2026Q2_ci.csv	2910	market: twse→2910; 出表日期: 1150906→統領; 年度: 115→2026Q2; 季別: 2→twse; 公司代號: 2910→1150906; 公司名稱: 統領→115
2026-09-06T08:14:59+08:00	bs/2026Q2_ci.csv	2911	market: twse→2911; 出表日期: 1150906→麗嬰房; 年度: 115→2026Q2; 季別: 2→twse; 公司代號: 2911→1150906; 公司名稱: 麗嬰房→115
2026-09-06T08:14:59+08:00	bs/2026Q2_ci.csv	2912	market: twse→2912; 出表日期: 1150906→統一超; 年度: 115→2026Q2; 季別: 2→twse; 公司代號: 2912→1150906; 公司名稱: 統一超→115
2026-09-06T08:14:59+08:00	bs/2026Q2_ci.csv	2913	market: twse→2913; 出表日期: 1150906→農林; 年度: 115→2026Q2; 季別: 2→twse; 公司代號: 2913→1150906; 公司名稱: 農林→115
2026-09-06T08:14:59+08:00	bs/2026Q2_ci.csv	2915	market: twse→2915; 出表日期: 1150906→潤泰全; 年度: 115→2026Q2; 季別: 2→twse; 公司代號: 2915→1150906; 公司名稱: 潤泰全→115
2026-09-06T08:14:59+08:00	bs/2026Q2_ci.csv	2923	market: twse→2923; 出表日期: 1150906→鼎固-KY; 年度: 115→2026Q2; 季別: 2→twse; 公司代號: 2923→1150906; 公司名稱: 鼎固-KY→115
2026-09-06T08:14:59+08:00	bs/2026Q2_ci.csv	2929	market: twse→2929; 出表日期: 1150906→淘帝-KY; 年度: 115→2026Q2; 季別: 2→twse; 公司代號: 2929→1150906; 公司名稱: 淘帝-KY→115
2026-09-06T08:14:59+08:00	bs/2026Q2_ci.csv	2939	market: twse→2939; 出表日期: 1150906→永邑-KY; 年度: 115→2026Q2; 季別: 2→twse; 公司代號: 2939→1150906; 公司名稱: 永邑-KY→115
2026-09-06T08:14:59+08:00	bs/2026Q2_ci.csv	2945	market: twse→2945; 出表日期: 1150906→三商家購; 年度: 115→2026Q2; 季別: 2→twse; 公司代號: 2945→1150906; 公司名稱: 三商家購→115
2026-09-06T08:14:59+08:00	bs/2026Q2_ci.csv	3002	market: twse→3002; 出表日期: 1150906→歐格; 年度: 115→2026Q2; 季別: 2→twse; 公司代號: 3002→1150906; 公司名稱: 歐格→115
2026-09-06T08:14:59+08:00	bs/2026Q2_ci.csv	3003	market: twse→3003; 出表日期: 1150906→健和興; 年度: 115→2026Q2; 季別: 2→twse; 公司代號: 3003→1150906; 公司名稱: 健和興→115
2026-09-06T08:14:59+08:00	bs/2026Q2_ci.csv	3004	market: twse→3004; 出表日期: 1150906→豐達科; 年度: 115→2026Q2; 季別: 2→twse; 公司代號: 3004→1150906; 公司名稱: 豐達科→115
2026-09-06T08:14:59+08:00	bs/2026Q2_ci.csv	3005	market: twse→3005; 出表日期: 1150906→神基; 年度: 115→2026Q2; 季別: 2→twse; 公司代號: 3005→1150906; 公司名稱: 神基→115
2026-09-06T08:14:59+08:00	bs/2026Q2_ci.csv	3006	market: twse→3006; 出表日期: 1150906→晶豪科; 年度: 115→2026Q2; 季別: 2→twse; 公司代號: 3006→1150906; 公司名稱: 晶豪科→115
2026-09-06T08:14:59+08:00	bs/2026Q2_ci.csv	3008	market: twse→3008; 出表日期: 1150906→大立光; 年度: 115→2026Q2; 季別: 2→twse; 公司代號: 3008→1150906; 公司名稱: 大立光→115
2026-09-06T08:14:59+08:00	bs/2026Q2_ci.csv	3010	market: twse→3010; 出表日期: 1150906→華立; 年度: 115→2026Q2; 季別: 2→twse; 公司代號: 3010→1150906; 公司名稱: 華立→115
2026-09-06T08:14:59+08:00	bs/2026Q2_ci.csv	3011	market: twse→3011; 出表日期: 1150906→今皓; 年度: 115→2026Q2; 季別: 2→twse; 公司代號: 3011→1150906; 公司名稱: 今皓→115
2026-09-06T08:14:59+08:00	bs/2026Q2_ci.csv	3013	market: twse→3013; 出表日期: 1150906→晟銘電; 年度: 115→2026Q2; 季別: 2→twse; 公司代號: 3013→1150906; 公司名稱: 晟銘電→115
2026-09-06T08:14:59+08:00	bs/2026Q2_ci.csv	3014	market: twse→3014; 出表日期: 1150906→聯陽; 年度: 115→2026Q2; 季別: 2→twse; 公司代號: 3014→1150906; 公司名稱: 聯陽→115
2026-09-06T08:14:59+08:00	bs/2026Q2_ci.csv	3015	market: twse→3015; 出表日期: 1150906→全漢; 年度: 115→2026Q2; 季別: 2→twse; 公司代號: 3015→1150906; 公司名稱: 全漢→115
2026-09-06T08:14:59+08:00	bs/2026Q2_ci.csv	3016	market: twse→3016; 出表日期: 1150906→嘉晶; 年度: 115→2026Q2; 季別: 2→twse; 公司代號: 3016→1150906; 公司名稱: 嘉晶→115
2026-09-06T08:14:59+08:00	bs/2026Q2_ci.csv	3017	market: twse→3017; 出表日期: 1150906→奇鋐; 年度: 115→2026Q2; 季別: 2→twse; 公司代號: 3017→1150906; 公司名稱: 奇鋐→115
2026-09-06T08:14:59+08:00	bs/2026Q2_ci.csv	3018	market: twse→3018; 出表日期: 1150906→隆銘綠能; 年度: 115→2026Q2; 季別: 2→twse; 公司代號: 3018→1150906; 公司名稱: 隆銘綠能→115
2026-09-06T08:14:59+08:00	bs/2026Q2_ci.csv	3019	market: twse→3019; 出表日期: 1150906→亞光; 年度: 115→2026Q2; 季別: 2→twse; 公司代號: 3019→1150906; 公司名稱: 亞光→115
2026-09-06T08:14:59+08:00	bs/2026Q2_ci.csv	3021	market: twse→3021; 出表日期: 1150906→鴻名; 年度: 115→2026Q2; 季別: 2→twse; 公司代號: 3021→1150906; 公司名稱: 鴻名→115
2026-09-06T08:14:59+08:00	bs/2026Q2_ci.csv	3022	market: twse→3022; 出表日期: 1150906→威強電; 年度: 115→2026Q2; 季別: 2→twse; 公司代號: 3022→1150906; 公司名稱: 威強電→115
2026-09-06T08:14:59+08:00	bs/2026Q2_ci.csv	3023	market: twse→3023; 出表日期: 1150906→信邦; 年度: 115→2026Q2; 季別: 2→twse; 公司代號: 3023→1150906; 公司名稱: 信邦→115
2026-09-06T08:14:59+08:00	bs/2026Q2_ci.csv	3024	market: twse→3024; 出表日期: 1150906→憶聲; 年度: 115→2026Q2; 季別: 2→twse; 公司代號: 3024→1150906; 公司名稱: 憶聲→115
2026-09-06T08:14:59+08:00	bs/2026Q2_ci.csv	3025	market: twse→3025; 出表日期: 1150906→星通; 年度: 115→2026Q2; 季別: 2→twse; 公司代號: 3025→1150906; 公司名稱: 星通→115
2026-09-06T08:14:59+08:00	bs/2026Q2_ci.csv	3026	market: twse→3026; 出表日期: 1150906→禾伸堂; 年度: 115→2026Q2; 季別: 2→twse; 公司代號: 3026→1150906; 公司名稱: 禾伸堂→115
2026-09-06T08:14:59+08:00	bs/2026Q2_ci.csv	3027	market: twse→3027; 出表日期: 1150906→盛達; 年度: 115→2026Q2; 季別: 2→twse; 公司代號: 3027→1150906; 公司名稱: 盛達→115
2026-09-06T08:14:59+08:00	bs/2026Q2_ci.csv	3028	market: twse→3028; 出表日期: 1150906→增你強; 年度: 115→2026Q2; 季別: 2→twse; 公司代號: 3028→1150906; 公司名稱: 增你強→115
2026-09-06T08:14:59+08:00	bs/2026Q2_ci.csv	3029	market: twse→3029; 出表日期: 1150906→零壹; 年度: 115→2026Q2; 季別: 2→twse; 公司代號: 3029→1150906; 公司名稱: 零壹→115
2026-09-06T08:14:59+08:00	bs/2026Q2_ci.csv	3030	market: twse→3030; 出表日期: 1150906→德律; 年度: 115→2026Q2; 季別: 2→twse; 公司代號: 3030→1150906; 公司名稱: 德律→115
2026-09-06T08:14:59+08:00	bs/2026Q2_ci.csv	3031	market: twse→3031; 出表日期: 1150906→佰鴻; 年度: 115→2026Q2; 季別: 2→twse; 公司代號: 3031→1150906; 公司名稱: 佰鴻→115
2026-09-06T08:14:59+08:00	bs/2026Q2_ci.csv	3032	market: twse→3032; 出表日期: 1150906→偉訓; 年度: 115→2026Q2; 季別: 2→twse; 公司代號: 3032→1150906; 公司名稱: 偉訓→115
2026-09-06T08:14:59+08:00	bs/2026Q2_ci.csv	3033	market: twse→3033; 出表日期: 1150906→威健; 年度: 115→2026Q2; 季別: 2→twse; 公司代號: 3033→1150906; 公司名稱: 威健→115
2026-09-06T08:14:59+08:00	bs/2026Q2_ci.csv	3034	market: twse→3034; 出表日期: 1150906→聯詠; 年度: 115→2026Q2; 季別: 2→twse; 公司代號: 3034→1150906; 公司名稱: 聯詠→115
2026-09-06T08:14:59+08:00	bs/2026Q2_ci.csv	3035	market: twse→3035; 出表日期: 1150906→智原; 年度: 115→2026Q2; 季別: 2→twse; 公司代號: 3035→1150906; 公司名稱: 智原→115
2026-09-06T08:14:59+08:00	bs/2026Q2_ci.csv	3036	market: twse→3036; 出表日期: 1150906→文曄; 年度: 115→2026Q2; 季別: 2→twse; 公司代號: 3036→1150906; 公司名稱: 文曄→115
2026-09-06T08:14:59+08:00	bs/2026Q2_ci.csv	3037	market: twse→3037; 出表日期: 1150906→欣興; 年度: 115→2026Q2; 季別: 2→twse; 公司代號: 3037→1150906; 公司名稱: 欣興→115
2026-09-06T08:14:59+08:00	bs/2026Q2_ci.csv	3038	market: twse→3038; 出表日期: 1150906→全台; 年度: 115→2026Q2; 季別: 2→twse; 公司代號: 3038→1150906; 公司名稱: 全台→115
2026-09-06T08:14:59+08:00	bs/2026Q2_ci.csv	3040	market: twse→3040; 出表日期: 1150906→遠見; 年度: 115→2026Q2; 季別: 2→twse; 公司代號: 3040→1150906; 公司名稱: 遠見→115
2026-09-06T08:14:59+08:00	bs/2026Q2_ci.csv	3041	market: twse→3041; 出表日期: 1150906→揚智; 年度: 115→2026Q2; 季別: 2→twse; 公司代號: 3041→1150906; 公司名稱: 揚智→115
2026-09-06T08:14:59+08:00	bs/2026Q2_ci.csv	3042	market: twse→3042; 出表日期: 1150906→晶技; 年度: 115→2026Q2; 季別: 2→twse; 公司代號: 3042→1150906; 公司名稱: 晶技→115
2026-09-06T08:14:59+08:00	bs/2026Q2_ci.csv	3043	market: twse→3043; 出表日期: 1150906→科風; 年度: 115→2026Q2; 季別: 2→twse; 公司代號: 3043→1150906; 公司名稱: 科風→115
2026-09-06T08:14:59+08:00	bs/2026Q2_ci.csv	3044	market: twse→3044; 出表日期: 1150906→健鼎; 年度: 115→2026Q2; 季別: 2→twse; 公司代號: 3044→1150906; 公司名稱: 健鼎→115
2026-09-06T08:14:59+08:00	bs/2026Q2_ci.csv	3045	market: twse→3045; 出表日期: 1150906→台灣大; 年度: 115→2026Q2; 季別: 2→twse; 公司代號: 3045→1150906; 公司名稱: 台灣大→115
2026-09-06T08:14:59+08:00	bs/2026Q2_ci.csv	3046	market: twse→3046; 出表日期: 1150906→建碁; 年度: 115→2026Q2; 季別: 2→twse; 公司代號: 3046→1150906; 公司名稱: 建碁→115
2026-09-06T08:14:59+08:00	bs/2026Q2_ci.csv	3047	market: twse→3047; 出表日期: 1150906→訊舟; 年度: 115→2026Q2; 季別: 2→twse; 公司代號: 3047→1150906; 公司名稱: 訊舟→115
2026-09-06T08:14:59+08:00	bs/2026Q2_ci.csv	3048	market: twse→3048; 出表日期: 1150906→益登; 年度: 115→2026Q2; 季別: 2→twse; 公司代號: 3048→1150906; 公司名稱: 益登→115
2026-09-06T08:14:59+08:00	bs/2026Q2_ci.csv	3049	market: twse→3049; 出表日期: 1150906→精金; 年度: 115→2026Q2; 季別: 2→twse; 公司代號: 3049→1150906; 公司名稱: 精金→115
2026-09-06T08:14:59+08:00	bs/2026Q2_ci.csv	3050	market: twse→3050; 出表日期: 1150906→鈺德; 年度: 115→2026Q2; 季別: 2→twse; 公司代號: 3050→1150906; 公司名稱: 鈺德→115
2026-09-06T08:14:59+08:00	bs/2026Q2_ci.csv	3051	market: twse→3051; 出表日期: 1150906→力特; 年度: 115→2026Q2; 季別: 2→twse; 公司代號: 3051→1150906; 公司名稱: 力特→115
2026-09-06T08:14:59+08:00	bs/2026Q2_ci.csv	3052	market: twse→3052; 出表日期: 1150906→夆典; 年度: 115→2026Q2; 季別: 2→twse; 公司代號: 3052→1150906; 公司名稱: 夆典→115
2026-09-06T08:14:59+08:00	bs/2026Q2_ci.csv	3054	market: twse→3054; 出表日期: 1150906→立萬利; 年度: 115→2026Q2; 季別: 2→twse; 公司代號: 3054→1150906; 公司名稱: 立萬利→115
2026-09-06T08:14:59+08:00	bs/2026Q2_ci.csv	3055	market: twse→3055; 出表日期: 1150906→蔚華科; 年度: 115→2026Q2; 季別: 2→twse; 公司代號: 3055→1150906; 公司名稱: 蔚華科→115
2026-09-06T08:14:59+08:00	bs/2026Q2_ci.csv	3056	market: twse→3056; 出表日期: 1150906→富華新; 年度: 115→2026Q2; 季別: 2→twse; 公司代號: 3056→1150906; 公司名稱: 富華新→115
2026-09-06T08:14:59+08:00	bs/2026Q2_ci.csv	3057	market: twse→3057; 出表日期: 1150906→喬鼎; 年度: 115→2026Q2; 季別: 2→twse; 公司代號: 3057→1150906; 公司名稱: 喬鼎→115
2026-09-06T08:14:59+08:00	bs/2026Q2_ci.csv	3058	market: twse→3058; 出表日期: 1150906→立德; 年度: 115→2026Q2; 季別: 2→twse; 公司代號: 3058→1150906; 公司名稱: 立德→115
2026-09-06T08:14:59+08:00	bs/2026Q2_ci.csv	3059	market: twse→3059; 出表日期: 1150906→華晶科; 年度: 115→2026Q2; 季別: 2→twse; 公司代號: 3059→1150906; 公司名稱: 華晶科→115
2026-09-06T08:14:59+08:00	bs/2026Q2_ci.csv	3060	market: twse→3060; 出表日期: 1150906→銘異; 年度: 115→2026Q2; 季別: 2→twse; 公司代號: 3060→1150906; 公司名稱: 銘異→115
2026-09-06T08:14:59+08:00	bs/2026Q2_ci.csv	3062	market: twse→3062; 出表日期: 1150906→建漢; 年度: 115→2026Q2; 季別: 2→twse; 公司代號: 3062→1150906; 公司名稱: 建漢→115
2026-09-06T08:14:59+08:00	bs/2026Q2_ci.csv	3090	market: twse→3090; 出表日期: 1150906→日電貿; 年度: 115→2026Q2; 季別: 2→twse; 公司代號: 3090→1150906; 公司名稱: 日電貿→115
2026-09-06T08:14:59+08:00	bs/2026Q2_ci.csv	3092	market: twse→3092; 出表日期: 1150906→鴻碩; 年度: 115→2026Q2; 季別: 2→twse; 公司代號: 3092→1150906; 公司名稱: 鴻碩→115
2026-09-06T08:14:59+08:00	bs/2026Q2_ci.csv	3094	market: twse→3094; 出表日期: 1150906→聯傑; 年度: 115→2026Q2; 季別: 2→twse; 公司代號: 3094→1150906; 公司名稱: 聯傑→115
2026-09-06T08:14:59+08:00	bs/2026Q2_ci.csv	3130	market: twse→3130; 出表日期: 1150906→一零四; 年度: 115→2026Q2; 季別: 2→twse; 公司代號: 3130→1150906; 公司名稱: 一零四→115
2026-09-06T08:14:59+08:00	bs/2026Q2_ci.csv	3135	market: twse→3135; 出表日期: 1150906→凌航; 年度: 115→2026Q2; 季別: 2→twse; 公司代號: 3135→1150906; 公司名稱: 凌航→115
2026-09-06T08:14:59+08:00	bs/2026Q2_ci.csv	3138	market: twse→3138; 出表日期: 1150906→耀登; 年度: 115→2026Q2; 季別: 2→twse; 公司代號: 3138→1150906; 公司名稱: 耀登→115
2026-09-06T08:14:59+08:00	bs/2026Q2_ci.csv	3149	market: twse→3149; 出表日期: 1150906→正達; 年度: 115→2026Q2; 季別: 2→twse; 公司代號: 3149→1150906; 公司名稱: 正達→115
2026-09-06T08:14:59+08:00	bs/2026Q2_ci.csv	3150	market: twse→3150; 出表日期: 1150906→鈺寶-創; 年度: 115→2026Q2; 季別: 2→twse; 公司代號: 3150→1150906; 公司名稱: 鈺寶-創→115
2026-09-06T08:14:59+08:00	bs/2026Q2_ci.csv	3164	market: twse→3164; 出表日期: 1150906→景岳; 年度: 115→2026Q2; 季別: 2→twse; 公司代號: 3164→1150906; 公司名稱: 景岳→115
2026-09-06T08:14:59+08:00	bs/2026Q2_ci.csv	3167	market: twse→3167; 出表日期: 1150906→大量; 年度: 115→2026Q2; 季別: 2→twse; 公司代號: 3167→1150906; 公司名稱: 大量→115
2026-09-06T08:14:59+08:00	bs/2026Q2_ci.csv	3168	market: twse→3168; 出表日期: 1150906→眾福科; 年度: 115→2026Q2; 季別: 2→twse; 公司代號: 3168→1150906; 公司名稱: 眾福科→115
2026-09-06T08:14:59+08:00	bs/2026Q2_ci.csv	3189	market: twse→3189; 出表日期: 1150906→景碩; 年度: 115→2026Q2; 季別: 2→twse; 公司代號: 3189→1150906; 公司名稱: 景碩→115
2026-09-06T08:14:59+08:00	bs/2026Q2_ci.csv	3209	market: twse→3209; 出表日期: 1150906→全科; 年度: 115→2026Q2; 季別: 2→twse; 公司代號: 3209→1150906; 公司名稱: 全科→115
2026-09-06T08:14:59+08:00	bs/2026Q2_ci.csv	3229	market: twse→3229; 出表日期: 1150906→晟鈦; 年度: 115→2026Q2; 季別: 2→twse; 公司代號: 3229→1150906; 公司名稱: 晟鈦→115
2026-09-06T08:14:59+08:00	bs/2026Q2_ci.csv	3231	market: twse→3231; 出表日期: 1150906→緯創; 年度: 115→2026Q2; 季別: 2→twse; 公司代號: 3231→1150906; 公司名稱: 緯創→115
2026-09-06T08:14:59+08:00	bs/2026Q2_ci.csv	3257	market: twse→3257; 出表日期: 1150906→虹冠電; 年度: 115→2026Q2; 季別: 2→twse; 公司代號: 3257→1150906; 公司名稱: 虹冠電→115
2026-09-06T08:14:59+08:00	bs/2026Q2_ci.csv	3266	market: twse→3266; 出表日期: 1150906→昇陽; 年度: 115→2026Q2; 季別: 2→twse; 公司代號: 3266→1150906; 公司名稱: 昇陽→115
2026-09-06T08:14:59+08:00	bs/2026Q2_ci.csv	3296	market: twse→3296; 出表日期: 1150906→勝德; 年度: 115→2026Q2; 季別: 2→twse; 公司代號: 3296→1150906; 公司名稱: 勝德→115
2026-09-06T08:14:59+08:00	bs/2026Q2_ci.csv	3305	market: twse→3305; 出表日期: 1150906→昇貿; 年度: 115→2026Q2; 季別: 2→twse; 公司代號: 3305→1150906; 公司名稱: 昇貿→115
2026-09-06T08:14:59+08:00	bs/2026Q2_ci.csv	3308	market: twse→3308; 出表日期: 1150906→聯德; 年度: 115→2026Q2; 季別: 2→twse; 公司代號: 3308→1150906; 公司名稱: 聯德→115
2026-09-06T08:14:59+08:00	bs/2026Q2_ci.csv	3311	market: twse→3311; 出表日期: 1150906→閎暉; 年度: 115→2026Q2; 季別: 2→twse; 公司代號: 3311→1150906; 公司名稱: 閎暉→115
2026-09-06T08:14:59+08:00	bs/2026Q2_ci.csv	3312	market: twse→3312; 出表日期: 1150906→弘憶股; 年度: 115→2026Q2; 季別: 2→twse; 公司代號: 3312→1150906; 公司名稱: 弘憶股→115
2026-09-06T08:14:59+08:00	bs/2026Q2_ci.csv	3321	market: twse→3321; 出表日期: 1150906→同泰; 年度: 115→2026Q2; 季別: 2→twse; 公司代號: 3321→1150906; 公司名稱: 同泰→115
2026-09-06T08:14:59+08:00	bs/2026Q2_ci.csv	3338	market: twse→3338; 出表日期: 1150906→泰碩; 年度: 115→2026Q2; 季別: 2→twse; 公司代號: 3338→1150906; 公司名稱: 泰碩→115
2026-09-06T08:14:59+08:00	bs/2026Q2_ci.csv	3346	market: twse→3346; 出表日期: 1150906→麗清; 年度: 115→2026Q2; 季別: 2→twse; 公司代號: 3346→1150906; 公司名稱: 麗清→115
2026-09-06T08:14:59+08:00	bs/2026Q2_ci.csv	3356	market: twse→3356; 出表日期: 1150906→奇偶; 年度: 115→2026Q2; 季別: 2→twse; 公司代號: 3356→1150906; 公司名稱: 奇偶→115
2026-09-06T08:14:59+08:00	bs/2026Q2_ci.csv	3376	market: twse→3376; 出表日期: 1150906→新日興; 年度: 115→2026Q2; 季別: 2→twse; 公司代號: 3376→1150906; 公司名稱: 新日興→115
2026-09-06T08:14:59+08:00	bs/2026Q2_ci.csv	3380	market: twse→3380; 出表日期: 1150906→明泰; 年度: 115→2026Q2; 季別: 2→twse; 公司代號: 3380→1150906; 公司名稱: 明泰→115
2026-09-06T08:14:59+08:00	bs/2026Q2_ci.csv	3406	market: twse→3406; 出表日期: 1150906→玉晶光; 年度: 115→2026Q2; 季別: 2→twse; 公司代號: 3406→1150906; 公司名稱: 玉晶光→115
2026-09-06T08:14:59+08:00	bs/2026Q2_ci.csv	3413	market: twse→3413; 出表日期: 1150906→京鼎; 年度: 115→2026Q2; 季別: 2→twse; 公司代號: 3413→1150906; 公司名稱: 京鼎→115
2026-09-06T08:14:59+08:00	bs/2026Q2_ci.csv	3416	market: twse→3416; 出表日期: 1150906→融程電; 年度: 115→2026Q2; 季別: 2→twse; 公司代號: 3416→1150906; 公司名稱: 融程電→115
2026-09-06T08:14:59+08:00	bs/2026Q2_ci.csv	3419	market: twse→3419; 出表日期: 1150906→譁裕; 年度: 115→2026Q2; 季別: 2→twse; 公司代號: 3419→1150906; 公司名稱: 譁裕→115
2026-09-06T08:14:59+08:00	bs/2026Q2_ci.csv	3432	market: twse→3432; 出表日期: 1150906→台端; 年度: 115→2026Q2; 季別: 2→twse; 公司代號: 3432→1150906; 公司名稱: 台端→115
2026-09-06T08:14:59+08:00	bs/2026Q2_ci.csv	3437	market: twse→3437; 出表日期: 1150906→榮創; 年度: 115→2026Q2; 季別: 2→twse; 公司代號: 3437→1150906; 公司名稱: 榮創→115
2026-09-06T08:14:59+08:00	bs/2026Q2_ci.csv	3443	market: twse→3443; 出表日期: 1150906→創意; 年度: 115→2026Q2; 季別: 2→twse; 公司代號: 3443→1150906; 公司名稱: 創意→115
2026-09-06T08:14:59+08:00	bs/2026Q2_ci.csv	3447	market: twse→3447; 出表日期: 1150906→展達; 年度: 115→2026Q2; 季別: 2→twse; 公司代號: 3447→1150906; 公司名稱: 展達→115
2026-09-06T08:14:59+08:00	bs/2026Q2_ci.csv	3450	market: twse→3450; 出表日期: 1150906→聯鈞; 年度: 115→2026Q2; 季別: 2→twse; 公司代號: 3450→1150906; 公司名稱: 聯鈞→115
2026-09-06T08:14:59+08:00	bs/2026Q2_ci.csv	3481	market: twse→3481; 出表日期: 1150906→群創; 年度: 115→2026Q2; 季別: 2→twse; 公司代號: 3481→1150906; 公司名稱: 群創→115
2026-09-06T08:14:59+08:00	bs/2026Q2_ci.csv	3494	market: twse→3494; 出表日期: 1150906→誠研; 年度: 115→2026Q2; 季別: 2→twse; 公司代號: 3494→1150906; 公司名稱: 誠研→115
2026-09-06T08:14:59+08:00	bs/2026Q2_ci.csv	3501	market: twse→3501; 出表日期: 1150906→維熹; 年度: 115→2026Q2; 季別: 2→twse; 公司代號: 3501→1150906; 公司名稱: 維熹→115
2026-09-06T08:14:59+08:00	bs/2026Q2_ci.csv	3504	market: twse→3504; 出表日期: 1150906→揚明光; 年度: 115→2026Q2; 季別: 2→twse; 公司代號: 3504→1150906; 公司名稱: 揚明光→115
2026-09-06T08:14:59+08:00	bs/2026Q2_ci.csv	3515	market: twse→3515; 出表日期: 1150906→華擎; 年度: 115→2026Q2; 季別: 2→twse; 公司代號: 3515→1150906; 公司名稱: 華擎→115
2026-09-06T08:14:59+08:00	bs/2026Q2_ci.csv	3518	market: twse→3518; 出表日期: 1150906→柏騰; 年度: 115→2026Q2; 季別: 2→twse; 公司代號: 3518→1150906; 公司名稱: 柏騰→115
2026-09-06T08:14:59+08:00	bs/2026Q2_ci.csv	3528	market: twse→3528; 出表日期: 1150906→安馳; 年度: 115→2026Q2; 季別: 2→twse; 公司代號: 3528→1150906; 公司名稱: 安馳→115
2026-09-06T08:14:59+08:00	bs/2026Q2_ci.csv	3530	market: twse→3530; 出表日期: 1150906→晶相光; 年度: 115→2026Q2; 季別: 2→twse; 公司代號: 3530→1150906; 公司名稱: 晶相光→115
2026-09-06T08:14:59+08:00	bs/2026Q2_ci.csv	3532	market: twse→3532; 出表日期: 1150906→台勝科; 年度: 115→2026Q2; 季別: 2→twse; 公司代號: 3532→1150906; 公司名稱: 台勝科→115
2026-09-06T08:14:59+08:00	bs/2026Q2_ci.csv	3533	market: twse→3533; 出表日期: 1150906→嘉澤; 年度: 115→2026Q2; 季別: 2→twse; 公司代號: 3533→1150906; 公司名稱: 嘉澤→115
2026-09-06T08:14:59+08:00	bs/2026Q2_ci.csv	3535	market: twse→3535; 出表日期: 1150906→晶彩科; 年度: 115→2026Q2; 季別: 2→twse; 公司代號: 3535→1150906; 公司名稱: 晶彩科→115
2026-09-06T08:14:59+08:00	bs/2026Q2_ci.csv	3543	market: twse→3543; 出表日期: 1150906→州巧; 年度: 115→2026Q2; 季別: 2→twse; 公司代號: 3543→1150906; 公司名稱: 州巧→115
2026-09-06T08:14:59+08:00	bs/2026Q2_ci.csv	3545	market: twse→3545; 出表日期: 1150906→敦泰; 年度: 115→2026Q2; 季別: 2→twse; 公司代號: 3545→1150906; 公司名稱: 敦泰→115
2026-09-06T08:14:59+08:00	bs/2026Q2_ci.csv	3550	market: twse→3550; 出表日期: 1150906→聯穎; 年度: 115→2026Q2; 季別: 2→twse; 公司代號: 3550→1150906; 公司名稱: 聯穎→115
2026-09-06T08:14:59+08:00	bs/2026Q2_ci.csv	3557	market: twse→3557; 出表日期: 1150906→嘉威; 年度: 115→2026Q2; 季別: 2→twse; 公司代號: 3557→1150906; 公司名稱: 嘉威→115
2026-09-06T08:14:59+08:00	bs/2026Q2_ci.csv	3563	market: twse→3563; 出表日期: 1150906→牧德; 年度: 115→2026Q2; 季別: 2→twse; 公司代號: 3563→1150906; 公司名稱: 牧德→115
2026-09-06T08:14:59+08:00	bs/2026Q2_ci.csv	3576	market: twse→3576; 出表日期: 1150906→聯合再生; 年度: 115→2026Q2; 季別: 2→twse; 公司代號: 3576→1150906; 公司名稱: 聯合再生→115
2026-09-06T08:14:59+08:00	bs/2026Q2_ci.csv	3583	market: twse→3583; 出表日期: 1150906→辛耘; 年度: 115→2026Q2; 季別: 2→twse; 公司代號: 3583→1150906; 公司名稱: 辛耘→115
2026-09-06T08:14:59+08:00	bs/2026Q2_ci.csv	3588	market: twse→3588; 出表日期: 1150906→通嘉; 年度: 115→2026Q2; 季別: 2→twse; 公司代號: 3588→1150906; 公司名稱: 通嘉→115
2026-09-06T08:14:59+08:00	bs/2026Q2_ci.csv	3591	market: twse→3591; 出表日期: 1150906→艾笛森; 年度: 115→2026Q2; 季別: 2→twse; 公司代號: 3591→1150906; 公司名稱: 艾笛森→115
2026-09-06T08:14:59+08:00	bs/2026Q2_ci.csv	3592	market: twse→3592; 出表日期: 1150906→瑞鼎; 年度: 115→2026Q2; 季別: 2→twse; 公司代號: 3592→1150906; 公司名稱: 瑞鼎→115
2026-09-06T08:14:59+08:00	bs/2026Q2_ci.csv	3593	market: twse→3593; 出表日期: 1150906→力銘; 年度: 115→2026Q2; 季別: 2→twse; 公司代號: 3593→1150906; 公司名稱: 力銘→115
2026-09-06T08:14:59+08:00	bs/2026Q2_ci.csv	3596	market: twse→3596; 出表日期: 1150906→智易; 年度: 115→2026Q2; 季別: 2→twse; 公司代號: 3596→1150906; 公司名稱: 智易→115
2026-09-06T08:14:59+08:00	bs/2026Q2_ci.csv	3605	market: twse→3605; 出表日期: 1150906→宏致; 年度: 115→2026Q2; 季別: 2→twse; 公司代號: 3605→1150906; 公司名稱: 宏致→115
2026-09-06T08:14:59+08:00	bs/2026Q2_ci.csv	3607	market: twse→3607; 出表日期: 1150906→谷崧; 年度: 115→2026Q2; 季別: 2→twse; 公司代號: 3607→1150906; 公司名稱: 谷崧→115
2026-09-06T08:14:59+08:00	bs/2026Q2_ci.csv	3617	market: twse→3617; 出表日期: 1150906→碩天; 年度: 115→2026Q2; 季別: 2→twse; 公司代號: 3617→1150906; 公司名稱: 碩天→115
2026-09-06T08:14:59+08:00	bs/2026Q2_ci.csv	3622	market: twse→3622; 出表日期: 1150906→洋華; 年度: 115→2026Q2; 季別: 2→twse; 公司代號: 3622→1150906; 公司名稱: 洋華→115
2026-09-06T08:14:59+08:00	bs/2026Q2_ci.csv	3645	market: twse→3645; 出表日期: 1150906→達邁; 年度: 115→2026Q2; 季別: 2→twse; 公司代號: 3645→1150906; 公司名稱: 達邁→115
2026-09-06T08:14:59+08:00	bs/2026Q2_ci.csv	3652	market: twse→3652; 出表日期: 1150906→精聯; 年度: 115→2026Q2; 季別: 2→twse; 公司代號: 3652→1150906; 公司名稱: 精聯→115
2026-09-06T08:14:59+08:00	bs/2026Q2_ci.csv	3653	market: twse→3653; 出表日期: 1150906→健策; 年度: 115→2026Q2; 季別: 2→twse; 公司代號: 3653→1150906; 公司名稱: 健策→115
2026-09-06T08:14:59+08:00	bs/2026Q2_ci.csv	3661	market: twse→3661; 出表日期: 1150906→世芯-KY; 年度: 115→2026Q2; 季別: 2→twse; 公司代號: 3661→1150906; 公司名稱: 世芯-KY→115
2026-09-06T08:14:59+08:00	bs/2026Q2_ci.csv	3665	market: twse→3665; 出表日期: 1150906→貿聯-KY; 年度: 115→2026Q2; 季別: 2→twse; 公司代號: 3665→1150906; 公司名稱: 貿聯-KY→115
2026-09-06T08:14:59+08:00	bs/2026Q2_ci.csv	3669	market: twse→3669; 出表日期: 1150906→圓展; 年度: 115→2026Q2; 季別: 2→twse; 公司代號: 3669→1150906; 公司名稱: 圓展→115
2026-09-06T08:14:59+08:00	bs/2026Q2_ci.csv	3673	market: twse→3673; 出表日期: 1150906→TPK-KY; 年度: 115→2026Q2; 季別: 2→twse; 公司代號: 3673→1150906; 公司名稱: TPK-KY→115
2026-09-06T08:14:59+08:00	bs/2026Q2_ci.csv	3679	market: twse→3679; 出表日期: 1150906→新至陞; 年度: 115→2026Q2; 季別: 2→twse; 公司代號: 3679→1150906; 公司名稱: 新至陞→115
2026-09-06T08:14:59+08:00	bs/2026Q2_ci.csv	3686	market: twse→3686; 出表日期: 1150906→達能; 年度: 115→2026Q2; 季別: 2→twse; 公司代號: 3686→1150906; 公司名稱: 達能→115
2026-09-06T08:14:59+08:00	bs/2026Q2_ci.csv	3694	market: twse→3694; 出表日期: 1150906→海華; 年度: 115→2026Q2; 季別: 2→twse; 公司代號: 3694→1150906; 公司名稱: 海華→115
2026-09-06T08:14:59+08:00	bs/2026Q2_ci.csv	3701	market: twse→3701; 出表日期: 1150906→大眾控; 年度: 115→2026Q2; 季別: 2→twse; 公司代號: 3701→1150906; 公司名稱: 大眾控→115
2026-09-06T08:14:59+08:00	bs/2026Q2_ci.csv	3702	market: twse→3702; 出表日期: 1150906→大聯大; 年度: 115→2026Q2; 季別: 2→twse; 公司代號: 3702→1150906; 公司名稱: 大聯大→115
2026-09-06T08:14:59+08:00	bs/2026Q2_ci.csv	3703	market: twse→3703; 出表日期: 1150906→欣陸; 年度: 115→2026Q2; 季別: 2→twse; 公司代號: 3703→1150906; 公司名稱: 欣陸→115
2026-09-06T08:14:59+08:00	bs/2026Q2_ci.csv	3704	market: twse→3704; 出表日期: 1150906→合勤控; 年度: 115→2026Q2; 季別: 2→twse; 公司代號: 3704→1150906; 公司名稱: 合勤控→115
2026-09-06T08:14:59+08:00	bs/2026Q2_ci.csv	3705	market: twse→3705; 出表日期: 1150906→永信; 年度: 115→2026Q2; 季別: 2→twse; 公司代號: 3705→1150906; 公司名稱: 永信→115
2026-09-06T08:14:59+08:00	bs/2026Q2_ci.csv	3706	market: twse→3706; 出表日期: 1150906→神達; 年度: 115→2026Q2; 季別: 2→twse; 公司代號: 3706→1150906; 公司名稱: 神達→115
2026-09-06T08:14:59+08:00	bs/2026Q2_ci.csv	3708	market: twse→3708; 出表日期: 1150906→上緯投控; 年度: 115→2026Q2; 季別: 2→twse; 公司代號: 3708→1150906; 公司名稱: 上緯投控→115
2026-09-06T08:14:59+08:00	bs/2026Q2_ci.csv	3711	market: twse→3711; 出表日期: 1150906→日月光投控; 年度: 115→2026Q2; 季別: 2→twse; 公司代號: 3711→1150906; 公司名稱: 日月光投控→115
2026-09-06T08:14:59+08:00	bs/2026Q2_ci.csv	3712	market: twse→3712; 出表日期: 1150906→永崴投控; 年度: 115→2026Q2; 季別: 2→twse; 公司代號: 3712→1150906; 公司名稱: 永崴投控→115
2026-09-06T08:14:59+08:00	bs/2026Q2_ci.csv	3714	market: twse→3714; 出表日期: 1150906→富采; 年度: 115→2026Q2; 季別: 2→twse; 公司代號: 3714→1150906; 公司名稱: 富采→115
2026-09-06T08:14:59+08:00	bs/2026Q2_ci.csv	3715	market: twse→3715; 出表日期: 1150906→定穎投控; 年度: 115→2026Q2; 季別: 2→twse; 公司代號: 3715→1150906; 公司名稱: 定穎投控→115
2026-09-06T08:14:59+08:00	bs/2026Q2_ci.csv	3716	market: twse→3716; 出表日期: 1150906→中化控股; 年度: 115→2026Q2; 季別: 2→twse; 公司代號: 3716→1150906; 公司名稱: 中化控股→115
2026-09-06T08:14:59+08:00	bs/2026Q2_ci.csv	3717	market: twse→3717; 出表日期: 1150906→聯嘉投控; 年度: 115→2026Q2; 季別: 2→twse; 公司代號: 3717→1150906; 公司名稱: 聯嘉投控→115
2026-09-06T08:14:59+08:00	bs/2026Q2_ci.csv	4104	market: twse→4104; 出表日期: 1150906→佳醫; 年度: 115→2026Q2; 季別: 2→twse; 公司代號: 4104→1150906; 公司名稱: 佳醫→115
2026-09-06T08:14:59+08:00	bs/2026Q2_ci.csv	4106	market: twse→4106; 出表日期: 1150906→雃博; 年度: 115→2026Q2; 季別: 2→twse; 公司代號: 4106→1150906; 公司名稱: 雃博→115
2026-09-06T08:14:59+08:00	bs/2026Q2_ci.csv	4108	market: twse→4108; 出表日期: 1150906→懷特; 年度: 115→2026Q2; 季別: 2→twse; 公司代號: 4108→1150906; 公司名稱: 懷特→115
2026-09-06T08:14:59+08:00	bs/2026Q2_ci.csv	4119	market: twse→4119; 出表日期: 1150906→旭富; 年度: 115→2026Q2; 季別: 2→twse; 公司代號: 4119→1150906; 公司名稱: 旭富→115
2026-09-06T08:14:59+08:00	bs/2026Q2_ci.csv	4133	market: twse→4133; 出表日期: 1150906→亞諾法; 年度: 115→2026Q2; 季別: 2→twse; 公司代號: 4133→1150906; 公司名稱: 亞諾法→115
2026-09-06T08:14:59+08:00	bs/2026Q2_ci.csv	4137	market: twse→4137; 出表日期: 1150906→麗豐-KY; 年度: 115→2026Q2; 季別: 2→twse; 公司代號: 4137→1150906; 公司名稱: 麗豐-KY→115
2026-09-06T08:14:59+08:00	bs/2026Q2_ci.csv	4142	market: twse→4142; 出表日期: 1150906→國光生; 年度: 115→2026Q2; 季別: 2→twse; 公司代號: 4142→1150906; 公司名稱: 國光生→115
2026-09-06T08:14:59+08:00	bs/2026Q2_ci.csv	4148	market: twse→4148; 出表日期: 1150906→全宇生技-KY; 年度: 115→2026Q2; 季別: 2→twse; 公司代號: 4148→1150906; 公司名稱: 全宇生技-KY→115
2026-09-06T08:14:59+08:00	bs/2026Q2_ci.csv	4155	market: twse→4155; 出表日期: 1150906→訊映; 年度: 115→2026Q2; 季別: 2→twse; 公司代號: 4155→1150906; 公司名稱: 訊映→115
2026-09-06T08:14:59+08:00	bs/2026Q2_ci.csv	4164	market: twse→4164; 出表日期: 1150906→承業醫; 年度: 115→2026Q2; 季別: 2→twse; 公司代號: 4164→1150906; 公司名稱: 承業醫→115
2026-09-06T08:14:59+08:00	bs/2026Q2_ci.csv	4169	market: twse→4169; 出表日期: 1150906→泰宗; 年度: 115→2026Q2; 季別: 2→twse; 公司代號: 4169→1150906; 公司名稱: 泰宗→115
2026-09-06T08:14:59+08:00	bs/2026Q2_ci.csv	4178	market: twse→4178; 出表日期: 1150906→永笙-KY; 年度: 115→2026Q2; 季別: 2→twse; 公司代號: 4178→1150906; 公司名稱: 永笙-KY→115
2026-09-06T08:14:59+08:00	bs/2026Q2_ci.csv	4190	market: twse→4190; 出表日期: 1150906→佐登-KY; 年度: 115→2026Q2; 季別: 2→twse; 公司代號: 4190→1150906; 公司名稱: 佐登-KY→115
2026-09-06T08:14:59+08:00	bs/2026Q2_ci.csv	4195	market: twse→4195; 出表日期: 1150906→基米-創; 年度: 115→2026Q2; 季別: 2→twse; 公司代號: 4195→1150906; 公司名稱: 基米-創→115
2026-09-06T08:14:59+08:00	bs/2026Q2_ci.csv	4306	market: twse→4306; 出表日期: 1150906→炎洲; 年度: 115→2026Q2; 季別: 2→twse; 公司代號: 4306→1150906; 公司名稱: 炎洲→115
2026-09-06T08:14:59+08:00	bs/2026Q2_ci.csv	4414	market: twse→4414; 出表日期: 1150906→如興; 年度: 115→2026Q2; 季別: 2→twse; 公司代號: 4414→1150906; 公司名稱: 如興→115
2026-09-06T08:14:59+08:00	bs/2026Q2_ci.csv	4426	market: twse→4426; 出表日期: 1150906→利勤; 年度: 115→2026Q2; 季別: 2→twse; 公司代號: 4426→1150906; 公司名稱: 利勤→115
2026-09-06T08:14:59+08:00	bs/2026Q2_ci.csv	4438	market: twse→4438; 出表日期: 1150906→廣越; 年度: 115→2026Q2; 季別: 2→twse; 公司代號: 4438→1150906; 公司名稱: 廣越→115
2026-09-06T08:14:59+08:00	bs/2026Q2_ci.csv	4439	market: twse→4439; 出表日期: 1150906→冠星-KY; 年度: 115→2026Q2; 季別: 2→twse; 公司代號: 4439→1150906; 公司名稱: 冠星-KY→115
2026-09-06T08:14:59+08:00	bs/2026Q2_ci.csv	4440	market: twse→4440; 出表日期: 1150906→宜新實業; 年度: 115→2026Q2; 季別: 2→twse; 公司代號: 4440→1150906; 公司名稱: 宜新實業→115
2026-09-06T08:14:59+08:00	bs/2026Q2_ci.csv	4441	market: twse→4441; 出表日期: 1150906→振大環球; 年度: 115→2026Q2; 季別: 2→twse; 公司代號: 4441→1150906; 公司名稱: 振大環球→115
2026-09-06T08:14:59+08:00	bs/2026Q2_ci.csv	4526	market: twse→4526; 出表日期: 1150906→東台; 年度: 115→2026Q2; 季別: 2→twse; 公司代號: 4526→1150906; 公司名稱: 東台→115
2026-09-06T08:14:59+08:00	bs/2026Q2_ci.csv	4532	market: twse→4532; 出表日期: 1150906→瑞智; 年度: 115→2026Q2; 季別: 2→twse; 公司代號: 4532→1150906; 公司名稱: 瑞智→115
2026-09-06T08:14:59+08:00	bs/2026Q2_ci.csv	4536	market: twse→4536; 出表日期: 1150906→拓凱; 年度: 115→2026Q2; 季別: 2→twse; 公司代號: 4536→1150906; 公司名稱: 拓凱→115
2026-09-06T08:14:59+08:00	bs/2026Q2_ci.csv	4540	market: twse→4540; 出表日期: 1150906→全球傳動; 年度: 115→2026Q2; 季別: 2→twse; 公司代號: 4540→1150906; 公司名稱: 全球傳動→115
2026-09-06T08:14:59+08:00	bs/2026Q2_ci.csv	4545	market: twse→4545; 出表日期: 1150906→銘鈺; 年度: 115→2026Q2; 季別: 2→twse; 公司代號: 4545→1150906; 公司名稱: 銘鈺→115
2026-09-06T08:14:59+08:00	bs/2026Q2_ci.csv	4551	market: twse→4551; 出表日期: 1150906→智伸科; 年度: 115→2026Q2; 季別: 2→twse; 公司代號: 4551→1150906; 公司名稱: 智伸科→115
2026-09-06T08:14:59+08:00	bs/2026Q2_ci.csv	4552	market: twse→4552; 出表日期: 1150906→力達-KY; 年度: 115→2026Q2; 季別: 2→twse; 公司代號: 4552→1150906; 公司名稱: 力達-KY→115
2026-09-06T08:14:59+08:00	bs/2026Q2_ci.csv	4555	market: twse→4555; 出表日期: 1150906→氣立; 年度: 115→2026Q2; 季別: 2→twse; 公司代號: 4555→1150906; 公司名稱: 氣立→115
2026-09-06T08:14:59+08:00	bs/2026Q2_ci.csv	4557	market: twse→4557; 出表日期: 1150906→永新-KY; 年度: 115→2026Q2; 季別: 2→twse; 公司代號: 4557→1150906; 公司名稱: 永新-KY→115
2026-09-06T08:14:59+08:00	bs/2026Q2_ci.csv	4560	market: twse→4560; 出表日期: 1150906→強信-KY; 年度: 115→2026Q2; 季別: 2→twse; 公司代號: 4560→1150906; 公司名稱: 強信-KY→115
2026-09-06T08:14:59+08:00	bs/2026Q2_ci.csv	4562	market: twse→4562; 出表日期: 1150906→穎漢; 年度: 115→2026Q2; 季別: 2→twse; 公司代號: 4562→1150906; 公司名稱: 穎漢→115
2026-09-06T08:14:59+08:00	bs/2026Q2_ci.csv	4564	market: twse→4564; 出表日期: 1150906→元翎; 年度: 115→2026Q2; 季別: 2→twse; 公司代號: 4564→1150906; 公司名稱: 元翎→115
2026-09-06T08:14:59+08:00	bs/2026Q2_ci.csv	4566	market: twse→4566; 出表日期: 1150906→時碩工業; 年度: 115→2026Q2; 季別: 2→twse; 公司代號: 4566→1150906; 公司名稱: 時碩工業→115
2026-09-06T08:14:59+08:00	bs/2026Q2_ci.csv	4569	market: twse→4569; 出表日期: 1150906→六方科-KY; 年度: 115→2026Q2; 季別: 2→twse; 公司代號: 4569→1150906; 公司名稱: 六方科-KY→115
2026-09-06T08:14:59+08:00	bs/2026Q2_ci.csv	4571	market: twse→4571; 出表日期: 1150906→鈞興-KY; 年度: 115→2026Q2; 季別: 2→twse; 公司代號: 4571→1150906; 公司名稱: 鈞興-KY→115
2026-09-06T08:14:59+08:00	bs/2026Q2_ci.csv	4572	market: twse→4572; 出表日期: 1150906→駐龍; 年度: 115→2026Q2; 季別: 2→twse; 公司代號: 4572→1150906; 公司名稱: 駐龍→115
2026-09-06T08:14:59+08:00	bs/2026Q2_ci.csv	4576	market: twse→4576; 出表日期: 1150906→大銀微系統; 年度: 115→2026Q2; 季別: 2→twse; 公司代號: 4576→1150906; 公司名稱: 大銀微系統→115
2026-09-06T08:14:59+08:00	bs/2026Q2_ci.csv	4581	market: twse→4581; 出表日期: 1150906→光隆精密-KY; 年度: 115→2026Q2; 季別: 2→twse; 公司代號: 4581→1150906; 公司名稱: 光隆精密-KY→115
2026-09-06T08:14:59+08:00	bs/2026Q2_ci.csv	4582	market: twse→4582; 出表日期: 1150906→聚恆-創; 年度: 115→2026Q2; 季別: 2→twse; 公司代號: 4582→1150906; 公司名稱: 聚恆-創→115
2026-09-06T08:14:59+08:00	bs/2026Q2_ci.csv	4583	market: twse→4583; 出表日期: 1150906→台灣精銳; 年度: 115→2026Q2; 季別: 2→twse; 公司代號: 4583→1150906; 公司名稱: 台灣精銳→115
2026-09-06T08:14:59+08:00	bs/2026Q2_ci.csv	4585	market: twse→4585; 出表日期: 1150906→達明; 年度: 115→2026Q2; 季別: 2→twse; 公司代號: 4585→1150906; 公司名稱: 達明→115
2026-09-06T08:14:59+08:00	bs/2026Q2_ci.csv	4588	market: twse→4588; 出表日期: 1150906→玖鼎電力; 年度: 115→2026Q2; 季別: 2→twse; 公司代號: 4588→1150906; 公司名稱: 玖鼎電力→115
2026-09-06T08:14:59+08:00	bs/2026Q2_ci.csv	4590	market: twse→4590; 出表日期: 1150906→富田-創; 年度: 115→2026Q2; 季別: 2→twse; 公司代號: 4590→1150906; 公司名稱: 富田-創→115
2026-09-06T08:14:59+08:00	bs/2026Q2_ci.csv	4720	market: twse→4720; 出表日期: 1150906→德淵; 年度: 115→2026Q2; 季別: 2→twse; 公司代號: 4720→1150906; 公司名稱: 德淵→115
2026-09-06T08:14:59+08:00	bs/2026Q2_ci.csv	4722	market: twse→4722; 出表日期: 1150906→國精化; 年度: 115→2026Q2; 季別: 2→twse; 公司代號: 4722→1150906; 公司名稱: 國精化→115
2026-09-06T08:14:59+08:00	bs/2026Q2_ci.csv	4736	market: twse→4736; 出表日期: 1150906→泰博; 年度: 115→2026Q2; 季別: 2→twse; 公司代號: 4736→1150906; 公司名稱: 泰博→115
2026-09-06T08:14:59+08:00	bs/2026Q2_ci.csv	4737	market: twse→4737; 出表日期: 1150906→華廣; 年度: 115→2026Q2; 季別: 2→twse; 公司代號: 4737→1150906; 公司名稱: 華廣→115
2026-09-06T08:14:59+08:00	bs/2026Q2_ci.csv	4739	market: twse→4739; 出表日期: 1150906→康普; 年度: 115→2026Q2; 季別: 2→twse; 公司代號: 4739→1150906; 公司名稱: 康普→115
2026-09-06T08:14:59+08:00	bs/2026Q2_ci.csv	4746	market: twse→4746; 出表日期: 1150906→台耀; 年度: 115→2026Q2; 季別: 2→twse; 公司代號: 4746→1150906; 公司名稱: 台耀→115
2026-09-06T08:14:59+08:00	bs/2026Q2_ci.csv	4755	market: twse→4755; 出表日期: 1150906→三福化; 年度: 115→2026Q2; 季別: 2→twse; 公司代號: 4755→1150906; 公司名稱: 三福化→115
2026-09-06T08:14:59+08:00	bs/2026Q2_ci.csv	4763	market: twse→4763; 出表日期: 1150906→材料*-KY; 年度: 115→2026Q2; 季別: 2→twse; 公司代號: 4763→1150906; 公司名稱: 材料*-KY→115
2026-09-06T08:14:59+08:00	bs/2026Q2_ci.csv	4764	market: twse→4764; 出表日期: 1150906→雙鍵; 年度: 115→2026Q2; 季別: 2→twse; 公司代號: 4764→1150906; 公司名稱: 雙鍵→115
2026-09-06T08:14:59+08:00	bs/2026Q2_ci.csv	4766	market: twse→4766; 出表日期: 1150906→南寶; 年度: 115→2026Q2; 季別: 2→twse; 公司代號: 4766→1150906; 公司名稱: 南寶→115
2026-09-06T08:14:59+08:00	bs/2026Q2_ci.csv	4770	market: twse→4770; 出表日期: 1150906→上品; 年度: 115→2026Q2; 季別: 2→twse; 公司代號: 4770→1150906; 公司名稱: 上品→115
2026-09-06T08:14:59+08:00	bs/2026Q2_ci.csv	4771	market: twse→4771; 出表日期: 1150906→望隼; 年度: 115→2026Q2; 季別: 2→twse; 公司代號: 4771→1150906; 公司名稱: 望隼→115
2026-09-06T08:14:59+08:00	bs/2026Q2_ci.csv	4807	market: twse→4807; 出表日期: 1150906→日成-KY; 年度: 115→2026Q2; 季別: 2→twse; 公司代號: 4807→1150906; 公司名稱: 日成-KY→115
2026-09-06T08:14:59+08:00	bs/2026Q2_ci.csv	4904	market: twse→4904; 出表日期: 1150906→遠傳; 年度: 115→2026Q2; 季別: 2→twse; 公司代號: 4904→1150906; 公司名稱: 遠傳→115
2026-09-06T08:14:59+08:00	bs/2026Q2_ci.csv	4906	market: twse→4906; 出表日期: 1150906→正文; 年度: 115→2026Q2; 季別: 2→twse; 公司代號: 4906→1150906; 公司名稱: 正文→115
2026-09-06T08:14:59+08:00	bs/2026Q2_ci.csv	4912	market: twse→4912; 出表日期: 1150906→聯德控股-KY; 年度: 115→2026Q2; 季別: 2→twse; 公司代號: 4912→1150906; 公司名稱: 聯德控股-KY→115
2026-09-06T08:14:59+08:00	bs/2026Q2_ci.csv	4915	market: twse→4915; 出表日期: 1150906→致伸; 年度: 115→2026Q2; 季別: 2→twse; 公司代號: 4915→1150906; 公司名稱: 致伸→115
2026-09-06T08:14:59+08:00	bs/2026Q2_ci.csv	4916	market: twse→4916; 出表日期: 1150906→事欣科; 年度: 115→2026Q2; 季別: 2→twse; 公司代號: 4916→1150906; 公司名稱: 事欣科→115
2026-09-06T08:14:59+08:00	bs/2026Q2_ci.csv	4919	market: twse→4919; 出表日期: 1150906→新唐; 年度: 115→2026Q2; 季別: 2→twse; 公司代號: 4919→1150906; 公司名稱: 新唐→115
2026-09-06T08:14:59+08:00	bs/2026Q2_ci.csv	4927	market: twse→4927; 出表日期: 1150906→泰鼎-KY; 年度: 115→2026Q2; 季別: 2→twse; 公司代號: 4927→1150906; 公司名稱: 泰鼎-KY→115
2026-09-06T08:14:59+08:00	bs/2026Q2_ci.csv	4930	market: twse→4930; 出表日期: 1150906→燦星網; 年度: 115→2026Q2; 季別: 2→twse; 公司代號: 4930→1150906; 公司名稱: 燦星網→115
2026-09-06T08:14:59+08:00	bs/2026Q2_ci.csv	4934	market: twse→4934; 出表日期: 1150906→太極; 年度: 115→2026Q2; 季別: 2→twse; 公司代號: 4934→1150906; 公司名稱: 太極→115
2026-09-06T08:14:59+08:00	bs/2026Q2_ci.csv	4935	market: twse→4935; 出表日期: 1150906→茂林-KY; 年度: 115→2026Q2; 季別: 2→twse; 公司代號: 4935→1150906; 公司名稱: 茂林-KY→115
2026-09-06T08:14:59+08:00	bs/2026Q2_ci.csv	4938	market: twse→4938; 出表日期: 1150906→和碩; 年度: 115→2026Q2; 季別: 2→twse; 公司代號: 4938→1150906; 公司名稱: 和碩→115
2026-09-06T08:14:59+08:00	bs/2026Q2_ci.csv	4942	market: twse→4942; 出表日期: 1150906→嘉彰; 年度: 115→2026Q2; 季別: 2→twse; 公司代號: 4942→1150906; 公司名稱: 嘉彰→115
2026-09-06T08:14:59+08:00	bs/2026Q2_ci.csv	4943	market: twse→4943; 出表日期: 1150906→康控-KY; 年度: 115→2026Q2; 季別: 2→twse; 公司代號: 4943→1150906; 公司名稱: 康控-KY→115
2026-09-06T08:14:59+08:00	bs/2026Q2_ci.csv	4949	market: twse→4949; 出表日期: 1150906→有成精密; 年度: 115→2026Q2; 季別: 2→twse; 公司代號: 4949→1150906; 公司名稱: 有成精密→115
2026-09-06T08:14:59+08:00	bs/2026Q2_ci.csv	4952	market: twse→4952; 出表日期: 1150906→凌通; 年度: 115→2026Q2; 季別: 2→twse; 公司代號: 4952→1150906; 公司名稱: 凌通→115
2026-09-06T08:14:59+08:00	bs/2026Q2_ci.csv	4956	market: twse→4956; 出表日期: 1150906→光鋐; 年度: 115→2026Q2; 季別: 2→twse; 公司代號: 4956→1150906; 公司名稱: 光鋐→115
2026-09-06T08:14:59+08:00	bs/2026Q2_ci.csv	4958	market: twse→4958; 出表日期: 1150906→臻鼎-KY; 年度: 115→2026Q2; 季別: 2→twse; 公司代號: 4958→1150906; 公司名稱: 臻鼎-KY→115
2026-09-06T08:14:59+08:00	bs/2026Q2_ci.csv	4960	market: twse→4960; 出表日期: 1150906→誠美材; 年度: 115→2026Q2; 季別: 2→twse; 公司代號: 4960→1150906; 公司名稱: 誠美材→115
2026-09-06T08:14:59+08:00	bs/2026Q2_ci.csv	4961	market: twse→4961; 出表日期: 1150906→天鈺; 年度: 115→2026Q2; 季別: 2→twse; 公司代號: 4961→1150906; 公司名稱: 天鈺→115
2026-09-06T08:14:59+08:00	bs/2026Q2_ci.csv	4967	market: twse→4967; 出表日期: 1150906→十銓; 年度: 115→2026Q2; 季別: 2→twse; 公司代號: 4967→1150906; 公司名稱: 十銓→115
2026-09-06T08:14:59+08:00	bs/2026Q2_ci.csv	4968	market: twse→4968; 出表日期: 1150906→立積; 年度: 115→2026Q2; 季別: 2→twse; 公司代號: 4968→1150906; 公司名稱: 立積→115
2026-09-06T08:14:59+08:00	bs/2026Q2_ci.csv	4976	market: twse→4976; 出表日期: 1150906→佳凌; 年度: 115→2026Q2; 季別: 2→twse; 公司代號: 4976→1150906; 公司名稱: 佳凌→115
2026-09-06T08:14:59+08:00	bs/2026Q2_ci.csv	4977	market: twse→4977; 出表日期: 1150906→眾達-KY; 年度: 115→2026Q2; 季別: 2→twse; 公司代號: 4977→1150906; 公司名稱: 眾達-KY→115
2026-09-06T08:14:59+08:00	bs/2026Q2_ci.csv	4989	market: twse→4989; 出表日期: 1150906→榮科; 年度: 115→2026Q2; 季別: 2→twse; 公司代號: 4989→1150906; 公司名稱: 榮科→115
2026-09-06T08:14:59+08:00	bs/2026Q2_ci.csv	4994	market: twse→4994; 出表日期: 1150906→傳奇; 年度: 115→2026Q2; 季別: 2→twse; 公司代號: 4994→1150906; 公司名稱: 傳奇→115
2026-09-06T08:14:59+08:00	bs/2026Q2_ci.csv	4999	market: twse→4999; 出表日期: 1150906→鑫禾; 年度: 115→2026Q2; 季別: 2→twse; 公司代號: 4999→1150906; 公司名稱: 鑫禾→115
2026-09-06T08:14:59+08:00	bs/2026Q2_ci.csv	5007	market: twse→5007; 出表日期: 1150906→三星; 年度: 115→2026Q2; 季別: 2→twse; 公司代號: 5007→1150906; 公司名稱: 三星→115
2026-09-06T08:14:59+08:00	bs/2026Q2_ci.csv	5203	market: twse→5203; 出表日期: 1150906→訊連; 年度: 115→2026Q2; 季別: 2→twse; 公司代號: 5203→1150906; 公司名稱: 訊連→115
2026-09-06T08:14:59+08:00	bs/2026Q2_ci.csv	5215	market: twse→5215; 出表日期: 1150906→科嘉-KY; 年度: 115→2026Q2; 季別: 2→twse; 公司代號: 5215→1150906; 公司名稱: 科嘉-KY→115
2026-09-06T08:14:59+08:00	bs/2026Q2_ci.csv	5222	market: twse→5222; 出表日期: 1150906→全訊; 年度: 115→2026Q2; 季別: 2→twse; 公司代號: 5222→1150906; 公司名稱: 全訊→115
2026-09-06T08:14:59+08:00	bs/2026Q2_ci.csv	5225	market: twse→5225; 出表日期: 1150906→東科-KY; 年度: 115→2026Q2; 季別: 2→twse; 公司代號: 5225→1150906; 公司名稱: 東科-KY→115
2026-09-06T08:14:59+08:00	bs/2026Q2_ci.csv	5234	market: twse→5234; 出表日期: 1150906→達興材料; 年度: 115→2026Q2; 季別: 2→twse; 公司代號: 5234→1150906; 公司名稱: 達興材料→115
2026-09-06T08:14:59+08:00	bs/2026Q2_ci.csv	5236	market: twse→5236; 出表日期: 1150906→凌陽創新; 年度: 115→2026Q2; 季別: 2→twse; 公司代號: 5236→1150906; 公司名稱: 凌陽創新→115
2026-09-06T08:14:59+08:00	bs/2026Q2_ci.csv	5243	market: twse→5243; 出表日期: 1150906→乙盛-KY; 年度: 115→2026Q2; 季別: 2→twse; 公司代號: 5243→1150906; 公司名稱: 乙盛-KY→115
2026-09-06T08:14:59+08:00	bs/2026Q2_ci.csv	5244	market: twse→5244; 出表日期: 1150906→弘凱; 年度: 115→2026Q2; 季別: 2→twse; 公司代號: 5244→1150906; 公司名稱: 弘凱→115
2026-09-06T08:14:59+08:00	bs/2026Q2_ci.csv	5258	market: twse→5258; 出表日期: 1150906→虹堡; 年度: 115→2026Q2; 季別: 2→twse; 公司代號: 5258→1150906; 公司名稱: 虹堡→115
2026-09-06T08:14:59+08:00	bs/2026Q2_ci.csv	5269	market: twse→5269; 出表日期: 1150906→祥碩; 年度: 115→2026Q2; 季別: 2→twse; 公司代號: 5269→1150906; 公司名稱: 祥碩→115
2026-09-06T08:14:59+08:00	bs/2026Q2_ci.csv	5283	market: twse→5283; 出表日期: 1150906→禾聯碩; 年度: 115→2026Q2; 季別: 2→twse; 公司代號: 5283→1150906; 公司名稱: 禾聯碩→115
2026-09-06T08:14:59+08:00	bs/2026Q2_ci.csv	5284	market: twse→5284; 出表日期: 1150906→jpp-KY; 年度: 115→2026Q2; 季別: 2→twse; 公司代號: 5284→1150906; 公司名稱: jpp-KY→115
2026-09-06T08:14:59+08:00	bs/2026Q2_ci.csv	5285	market: twse→5285; 出表日期: 1150906→界霖; 年度: 115→2026Q2; 季別: 2→twse; 公司代號: 5285→1150906; 公司名稱: 界霖→115
2026-09-06T08:14:59+08:00	bs/2026Q2_ci.csv	5288	market: twse→5288; 出表日期: 1150906→豐祥-KY; 年度: 115→2026Q2; 季別: 2→twse; 公司代號: 5288→1150906; 公司名稱: 豐祥-KY→115
2026-09-06T08:14:59+08:00	bs/2026Q2_ci.csv	5292	market: twse→5292; 出表日期: 1150906→華懋; 年度: 115→2026Q2; 季別: 2→twse; 公司代號: 5292→1150906; 公司名稱: 華懋→115
2026-09-06T08:14:59+08:00	bs/2026Q2_ci.csv	5306	market: twse→5306; 出表日期: 1150906→桂盟; 年度: 115→2026Q2; 季別: 2→twse; 公司代號: 5306→1150906; 公司名稱: 桂盟→115
2026-09-06T08:14:59+08:00	bs/2026Q2_ci.csv	5388	market: twse→5388; 出表日期: 1150906→中磊; 年度: 115→2026Q2; 季別: 2→twse; 公司代號: 5388→1150906; 公司名稱: 中磊→115
2026-09-06T08:14:59+08:00	bs/2026Q2_ci.csv	5434	market: twse→5434; 出表日期: 1150906→崇越; 年度: 115→2026Q2; 季別: 2→twse; 公司代號: 5434→1150906; 公司名稱: 崇越→115
2026-09-06T08:14:59+08:00	bs/2026Q2_ci.csv	5469	market: twse→5469; 出表日期: 1150906→瀚宇博; 年度: 115→2026Q2; 季別: 2→twse; 公司代號: 5469→1150906; 公司名稱: 瀚宇博→115
2026-09-06T08:14:59+08:00	bs/2026Q2_ci.csv	5471	market: twse→5471; 出表日期: 1150906→松翰; 年度: 115→2026Q2; 季別: 2→twse; 公司代號: 5471→1150906; 公司名稱: 松翰→115
2026-09-06T08:14:59+08:00	bs/2026Q2_ci.csv	5484	market: twse→5484; 出表日期: 1150906→慧友; 年度: 115→2026Q2; 季別: 2→twse; 公司代號: 5484→1150906; 公司名稱: 慧友→115
2026-09-06T08:14:59+08:00	bs/2026Q2_ci.csv	5515	market: twse→5515; 出表日期: 1150906→建國; 年度: 115→2026Q2; 季別: 2→twse; 公司代號: 5515→1150906; 公司名稱: 建國→115
2026-09-06T08:14:59+08:00	bs/2026Q2_ci.csv	5519	market: twse→5519; 出表日期: 1150906→隆大; 年度: 115→2026Q2; 季別: 2→twse; 公司代號: 5519→1150906; 公司名稱: 隆大→115
2026-09-06T08:14:59+08:00	bs/2026Q2_ci.csv	5521	market: twse→5521; 出表日期: 1150906→工信; 年度: 115→2026Q2; 季別: 2→twse; 公司代號: 5521→1150906; 公司名稱: 工信→115
2026-09-06T08:14:59+08:00	bs/2026Q2_ci.csv	5522	market: twse→5522; 出表日期: 1150906→遠雄; 年度: 115→2026Q2; 季別: 2→twse; 公司代號: 5522→1150906; 公司名稱: 遠雄→115
2026-09-06T08:14:59+08:00	bs/2026Q2_ci.csv	5525	market: twse→5525; 出表日期: 1150906→順天; 年度: 115→2026Q2; 季別: 2→twse; 公司代號: 5525→1150906; 公司名稱: 順天→115
2026-09-06T08:14:59+08:00	bs/2026Q2_ci.csv	5531	market: twse→5531; 出表日期: 1150906→鄉林; 年度: 115→2026Q2; 季別: 2→twse; 公司代號: 5531→1150906; 公司名稱: 鄉林→115
2026-09-06T08:14:59+08:00	bs/2026Q2_ci.csv	5533	market: twse→5533; 出表日期: 1150906→皇鼎; 年度: 115→2026Q2; 季別: 2→twse; 公司代號: 5533→1150906; 公司名稱: 皇鼎→115
2026-09-06T08:14:59+08:00	bs/2026Q2_ci.csv	5534	market: twse→5534; 出表日期: 1150906→長虹; 年度: 115→2026Q2; 季別: 2→twse; 公司代號: 5534→1150906; 公司名稱: 長虹→115
2026-09-06T08:14:59+08:00	bs/2026Q2_ci.csv	5538	market: twse→5538; 出表日期: 1150906→東明-KY; 年度: 115→2026Q2; 季別: 2→twse; 公司代號: 5538→1150906; 公司名稱: 東明-KY→115
2026-09-06T08:14:59+08:00	bs/2026Q2_ci.csv	5546	market: twse→5546; 出表日期: 1150906→永固-KY; 年度: 115→2026Q2; 季別: 2→twse; 公司代號: 5546→1150906; 公司名稱: 永固-KY→115
2026-09-06T08:14:59+08:00	bs/2026Q2_ci.csv	5607	market: twse→5607; 出表日期: 1150906→遠雄港; 年度: 115→2026Q2; 季別: 2→twse; 公司代號: 5607→1150906; 公司名稱: 遠雄港→115
2026-09-06T08:14:59+08:00	bs/2026Q2_ci.csv	5608	market: twse→5608; 出表日期: 1150906→四維航; 年度: 115→2026Q2; 季別: 2→twse; 公司代號: 5608→1150906; 公司名稱: 四維航→115
2026-09-06T08:14:59+08:00	bs/2026Q2_ci.csv	5706	market: twse→5706; 出表日期: 1150906→鳳凰; 年度: 115→2026Q2; 季別: 2→twse; 公司代號: 5706→1150906; 公司名稱: 鳳凰→115
2026-09-06T08:14:59+08:00	bs/2026Q2_ci.csv	5871	market: twse→5871; 出表日期: 1150906→中租-KY; 年度: 115→2026Q2; 季別: 2→twse; 公司代號: 5871→1150906; 公司名稱: 中租-KY→115
2026-09-06T08:14:59+08:00	bs/2026Q2_ci.csv	5906	market: twse→5906; 出表日期: 1150906→台南-KY; 年度: 115→2026Q2; 季別: 2→twse; 公司代號: 5906→1150906; 公司名稱: 台南-KY→115
2026-09-06T08:14:59+08:00	bs/2026Q2_ci.csv	5907	market: twse→5907; 出表日期: 1150906→大洋-KY; 年度: 115→2026Q2; 季別: 2→twse; 公司代號: 5907→1150906; 公司名稱: 大洋-KY→115
2026-09-06T08:14:59+08:00	bs/2026Q2_ci.csv	6108	market: twse→6108; 出表日期: 1150906→競國; 年度: 115→2026Q2; 季別: 2→twse; 公司代號: 6108→1150906; 公司名稱: 競國→115
2026-09-06T08:14:59+08:00	bs/2026Q2_ci.csv	6112	market: twse→6112; 出表日期: 1150906→邁達特; 年度: 115→2026Q2; 季別: 2→twse; 公司代號: 6112→1150906; 公司名稱: 邁達特→115
2026-09-06T08:14:59+08:00	bs/2026Q2_ci.csv	6115	market: twse→6115; 出表日期: 1150906→鎰勝; 年度: 115→2026Q2; 季別: 2→twse; 公司代號: 6115→1150906; 公司名稱: 鎰勝→115
2026-09-06T08:14:59+08:00	bs/2026Q2_ci.csv	6116	market: twse→6116; 出表日期: 1150906→彩晶; 年度: 115→2026Q2; 季別: 2→twse; 公司代號: 6116→1150906; 公司名稱: 彩晶→115
2026-09-06T08:14:59+08:00	bs/2026Q2_ci.csv	6117	market: twse→6117; 出表日期: 1150906→迎廣; 年度: 115→2026Q2; 季別: 2→twse; 公司代號: 6117→1150906; 公司名稱: 迎廣→115
2026-09-06T08:14:59+08:00	bs/2026Q2_ci.csv	6120	market: twse→6120; 出表日期: 1150906→達運; 年度: 115→2026Q2; 季別: 2→twse; 公司代號: 6120→1150906; 公司名稱: 達運→115
2026-09-06T08:14:59+08:00	bs/2026Q2_ci.csv	6128	market: twse→6128; 出表日期: 1150906→上福; 年度: 115→2026Q2; 季別: 2→twse; 公司代號: 6128→1150906; 公司名稱: 上福→115
2026-09-06T08:14:59+08:00	bs/2026Q2_ci.csv	6133	market: twse→6133; 出表日期: 1150906→金橋; 年度: 115→2026Q2; 季別: 2→twse; 公司代號: 6133→1150906; 公司名稱: 金橋→115
2026-09-06T08:14:59+08:00	bs/2026Q2_ci.csv	6136	market: twse→6136; 出表日期: 1150906→富爾特; 年度: 115→2026Q2; 季別: 2→twse; 公司代號: 6136→1150906; 公司名稱: 富爾特→115
2026-09-06T08:14:59+08:00	bs/2026Q2_ci.csv	6139	market: twse→6139; 出表日期: 1150906→亞翔; 年度: 115→2026Q2; 季別: 2→twse; 公司代號: 6139→1150906; 公司名稱: 亞翔→115
2026-09-06T08:14:59+08:00	bs/2026Q2_ci.csv	6141	market: twse→6141; 出表日期: 1150906→柏承; 年度: 115→2026Q2; 季別: 2→twse; 公司代號: 6141→1150906; 公司名稱: 柏承→115
2026-09-06T08:14:59+08:00	bs/2026Q2_ci.csv	6142	market: twse→6142; 出表日期: 1150906→友勁; 年度: 115→2026Q2; 季別: 2→twse; 公司代號: 6142→1150906; 公司名稱: 友勁→115
2026-09-06T08:14:59+08:00	bs/2026Q2_ci.csv	6152	market: twse→6152; 出表日期: 1150906→百一; 年度: 115→2026Q2; 季別: 2→twse; 公司代號: 6152→1150906; 公司名稱: 百一→115
2026-09-06T08:14:59+08:00	bs/2026Q2_ci.csv	6153	market: twse→6153; 出表日期: 1150906→嘉聯益; 年度: 115→2026Q2; 季別: 2→twse; 公司代號: 6153→1150906; 公司名稱: 嘉聯益→115
2026-09-06T08:14:59+08:00	bs/2026Q2_ci.csv	6155	market: twse→6155; 出表日期: 1150906→鈞寶; 年度: 115→2026Q2; 季別: 2→twse; 公司代號: 6155→1150906; 公司名稱: 鈞寶→115
2026-09-06T08:14:59+08:00	bs/2026Q2_ci.csv	6164	market: twse→6164; 出表日期: 1150906→華興; 年度: 115→2026Q2; 季別: 2→twse; 公司代號: 6164→1150906; 公司名稱: 華興→115
2026-09-06T08:14:59+08:00	bs/2026Q2_ci.csv	6165	market: twse→6165; 出表日期: 1150906→浪凡; 年度: 115→2026Q2; 季別: 2→twse; 公司代號: 6165→1150906; 公司名稱: 浪凡→115
2026-09-06T08:14:59+08:00	bs/2026Q2_ci.csv	6166	market: twse→6166; 出表日期: 1150906→凌華; 年度: 115→2026Q2; 季別: 2→twse; 公司代號: 6166→1150906; 公司名稱: 凌華→115
2026-09-06T08:14:59+08:00	bs/2026Q2_ci.csv	6168	market: twse→6168; 出表日期: 1150906→宏齊; 年度: 115→2026Q2; 季別: 2→twse; 公司代號: 6168→1150906; 公司名稱: 宏齊→115
2026-09-06T08:14:59+08:00	bs/2026Q2_ci.csv	6176	market: twse→6176; 出表日期: 1150906→瑞儀; 年度: 115→2026Q2; 季別: 2→twse; 公司代號: 6176→1150906; 公司名稱: 瑞儀→115
2026-09-06T08:14:59+08:00	bs/2026Q2_ci.csv	6177	market: twse→6177; 出表日期: 1150906→達麗; 年度: 115→2026Q2; 季別: 2→twse; 公司代號: 6177→1150906; 公司名稱: 達麗→115
2026-09-06T08:14:59+08:00	bs/2026Q2_ci.csv	6183	market: twse→6183; 出表日期: 1150906→關貿; 年度: 115→2026Q2; 季別: 2→twse; 公司代號: 6183→1150906; 公司名稱: 關貿→115
2026-09-06T08:14:59+08:00	bs/2026Q2_ci.csv	6184	market: twse→6184; 出表日期: 1150906→大豐電; 年度: 115→2026Q2; 季別: 2→twse; 公司代號: 6184→1150906; 公司名稱: 大豐電→115
2026-09-06T08:14:59+08:00	bs/2026Q2_ci.csv	6189	market: twse→6189; 出表日期: 1150906→豐藝; 年度: 115→2026Q2; 季別: 2→twse; 公司代號: 6189→1150906; 公司名稱: 豐藝→115
2026-09-06T08:14:59+08:00	bs/2026Q2_ci.csv	6191	market: twse→6191; 出表日期: 1150906→精成科; 年度: 115→2026Q2; 季別: 2→twse; 公司代號: 6191→1150906; 公司名稱: 精成科→115
2026-09-06T08:14:59+08:00	bs/2026Q2_ci.csv	6192	market: twse→6192; 出表日期: 1150906→巨路; 年度: 115→2026Q2; 季別: 2→twse; 公司代號: 6192→1150906; 公司名稱: 巨路→115
2026-09-06T08:14:59+08:00	bs/2026Q2_ci.csv	6196	market: twse→6196; 出表日期: 1150906→帆宣; 年度: 115→2026Q2; 季別: 2→twse; 公司代號: 6196→1150906; 公司名稱: 帆宣→115
2026-09-06T08:14:59+08:00	bs/2026Q2_ci.csv	6197	market: twse→6197; 出表日期: 1150906→佳必琪; 年度: 115→2026Q2; 季別: 2→twse; 公司代號: 6197→1150906; 公司名稱: 佳必琪→115
2026-09-06T08:14:59+08:00	bs/2026Q2_ci.csv	6201	market: twse→6201; 出表日期: 1150906→亞弘電; 年度: 115→2026Q2; 季別: 2→twse; 公司代號: 6201→1150906; 公司名稱: 亞弘電→115
2026-09-06T08:14:59+08:00	bs/2026Q2_ci.csv	6202	market: twse→6202; 出表日期: 1150906→盛群; 年度: 115→2026Q2; 季別: 2→twse; 公司代號: 6202→1150906; 公司名稱: 盛群→115
2026-09-06T08:14:59+08:00	bs/2026Q2_ci.csv	6205	market: twse→6205; 出表日期: 1150906→詮欣; 年度: 115→2026Q2; 季別: 2→twse; 公司代號: 6205→1150906; 公司名稱: 詮欣→115
2026-09-06T08:14:59+08:00	bs/2026Q2_ci.csv	6206	market: twse→6206; 出表日期: 1150906→飛捷; 年度: 115→2026Q2; 季別: 2→twse; 公司代號: 6206→1150906; 公司名稱: 飛捷→115
2026-09-06T08:14:59+08:00	bs/2026Q2_ci.csv	6209	market: twse→6209; 出表日期: 1150906→今國光; 年度: 115→2026Q2; 季別: 2→twse; 公司代號: 6209→1150906; 公司名稱: 今國光→115
2026-09-06T08:14:59+08:00	bs/2026Q2_ci.csv	6213	market: twse→6213; 出表日期: 1150906→聯茂; 年度: 115→2026Q2; 季別: 2→twse; 公司代號: 6213→1150906; 公司名稱: 聯茂→115
2026-09-06T08:14:59+08:00	bs/2026Q2_ci.csv	6214	market: twse→6214; 出表日期: 1150906→精誠; 年度: 115→2026Q2; 季別: 2→twse; 公司代號: 6214→1150906; 公司名稱: 精誠→115
2026-09-06T08:14:59+08:00	bs/2026Q2_ci.csv	6215	market: twse→6215; 出表日期: 1150906→和椿; 年度: 115→2026Q2; 季別: 2→twse; 公司代號: 6215→1150906; 公司名稱: 和椿→115
2026-09-06T08:14:59+08:00	bs/2026Q2_ci.csv	6216	market: twse→6216; 出表日期: 1150906→居易; 年度: 115→2026Q2; 季別: 2→twse; 公司代號: 6216→1150906; 公司名稱: 居易→115
2026-09-06T08:14:59+08:00	bs/2026Q2_ci.csv	6224	market: twse→6224; 出表日期: 1150906→聚鼎; 年度: 115→2026Q2; 季別: 2→twse; 公司代號: 6224→1150906; 公司名稱: 聚鼎→115
2026-09-06T08:14:59+08:00	bs/2026Q2_ci.csv	6225	market: twse→6225; 出表日期: 1150906→天瀚; 年度: 115→2026Q2; 季別: 2→twse; 公司代號: 6225→1150906; 公司名稱: 天瀚→115
2026-09-06T08:14:59+08:00	bs/2026Q2_ci.csv	6226	market: twse→6226; 出表日期: 1150906→光鼎; 年度: 115→2026Q2; 季別: 2→twse; 公司代號: 6226→1150906; 公司名稱: 光鼎→115
2026-09-06T08:14:59+08:00	bs/2026Q2_ci.csv	6230	market: twse→6230; 出表日期: 1150906→尼得科超眾; 年度: 115→2026Q2; 季別: 2→twse; 公司代號: 6230→1150906; 公司名稱: 尼得科超眾→115
2026-09-06T08:14:59+08:00	bs/2026Q2_ci.csv	6235	market: twse→6235; 出表日期: 1150906→華孚; 年度: 115→2026Q2; 季別: 2→twse; 公司代號: 6235→1150906; 公司名稱: 華孚→115
2026-09-06T08:14:59+08:00	bs/2026Q2_ci.csv	6239	market: twse→6239; 出表日期: 1150906→力成; 年度: 115→2026Q2; 季別: 2→twse; 公司代號: 6239→1150906; 公司名稱: 力成→115
2026-09-06T08:14:59+08:00	bs/2026Q2_ci.csv	6243	market: twse→6243; 出表日期: 1150906→迅杰; 年度: 115→2026Q2; 季別: 2→twse; 公司代號: 6243→1150906; 公司名稱: 迅杰→115
2026-09-06T08:14:59+08:00	bs/2026Q2_ci.csv	6257	market: twse→6257; 出表日期: 1150906→矽格; 年度: 115→2026Q2; 季別: 2→twse; 公司代號: 6257→1150906; 公司名稱: 矽格→115
2026-09-06T08:14:59+08:00	bs/2026Q2_ci.csv	6269	market: twse→6269; 出表日期: 1150906→台郡; 年度: 115→2026Q2; 季別: 2→twse; 公司代號: 6269→1150906; 公司名稱: 台郡→115
2026-09-06T08:14:59+08:00	bs/2026Q2_ci.csv	6271	market: twse→6271; 出表日期: 1150906→同欣電; 年度: 115→2026Q2; 季別: 2→twse; 公司代號: 6271→1150906; 公司名稱: 同欣電→115
2026-09-06T08:14:59+08:00	bs/2026Q2_ci.csv	6272	market: twse→6272; 出表日期: 1150906→驊陞; 年度: 115→2026Q2; 季別: 2→twse; 公司代號: 6272→1150906; 公司名稱: 驊陞→115
2026-09-06T08:14:59+08:00	bs/2026Q2_ci.csv	6277	market: twse→6277; 出表日期: 1150906→宏正; 年度: 115→2026Q2; 季別: 2→twse; 公司代號: 6277→1150906; 公司名稱: 宏正→115
2026-09-06T08:14:59+08:00	bs/2026Q2_ci.csv	6278	market: twse→6278; 出表日期: 1150906→台表科; 年度: 115→2026Q2; 季別: 2→twse; 公司代號: 6278→1150906; 公司名稱: 台表科→115
2026-09-06T08:14:59+08:00	bs/2026Q2_ci.csv	6281	market: twse→6281; 出表日期: 1150906→全國電; 年度: 115→2026Q2; 季別: 2→twse; 公司代號: 6281→1150906; 公司名稱: 全國電→115
2026-09-06T08:14:59+08:00	bs/2026Q2_ci.csv	6282	market: twse→6282; 出表日期: 1150906→康舒; 年度: 115→2026Q2; 季別: 2→twse; 公司代號: 6282→1150906; 公司名稱: 康舒→115
2026-09-06T08:14:59+08:00	bs/2026Q2_ci.csv	6283	market: twse→6283; 出表日期: 1150906→淳安; 年度: 115→2026Q2; 季別: 2→twse; 公司代號: 6283→1150906; 公司名稱: 淳安→115
2026-09-06T08:14:59+08:00	bs/2026Q2_ci.csv	6285	market: twse→6285; 出表日期: 1150906→啟碁; 年度: 115→2026Q2; 季別: 2→twse; 公司代號: 6285→1150906; 公司名稱: 啟碁→115
2026-09-06T08:14:59+08:00	bs/2026Q2_ci.csv	6405	market: twse→6405; 出表日期: 1150906→悅城; 年度: 115→2026Q2; 季別: 2→twse; 公司代號: 6405→1150906; 公司名稱: 悅城→115
2026-09-06T08:14:59+08:00	bs/2026Q2_ci.csv	6409	market: twse→6409; 出表日期: 1150906→旭隼; 年度: 115→2026Q2; 季別: 2→twse; 公司代號: 6409→1150906; 公司名稱: 旭隼→115
2026-09-06T08:14:59+08:00	bs/2026Q2_ci.csv	6412	market: twse→6412; 出表日期: 1150906→群電; 年度: 115→2026Q2; 季別: 2→twse; 公司代號: 6412→1150906; 公司名稱: 群電→115
2026-09-06T08:14:59+08:00	bs/2026Q2_ci.csv	6414	market: twse→6414; 出表日期: 1150906→樺漢; 年度: 115→2026Q2; 季別: 2→twse; 公司代號: 6414→1150906; 公司名稱: 樺漢→115
2026-09-06T08:14:59+08:00	bs/2026Q2_ci.csv	6415	market: twse→6415; 出表日期: 1150906→矽力*-KY; 年度: 115→2026Q2; 季別: 2→twse; 公司代號: 6415→1150906; 公司名稱: 矽力*-KY→115
2026-09-06T08:14:59+08:00	bs/2026Q2_ci.csv	6416	market: twse→6416; 出表日期: 1150906→瑞祺電通; 年度: 115→2026Q2; 季別: 2→twse; 公司代號: 6416→1150906; 公司名稱: 瑞祺電通→115
2026-09-06T08:14:59+08:00	bs/2026Q2_ci.csv	6426	market: twse→6426; 出表日期: 1150906→統新; 年度: 115→2026Q2; 季別: 2→twse; 公司代號: 6426→1150906; 公司名稱: 統新→115
2026-09-06T08:14:59+08:00	bs/2026Q2_ci.csv	6431	market: twse→6431; 出表日期: 1150906→光麗-KY; 年度: 115→2026Q2; 季別: 2→twse; 公司代號: 6431→1150906; 公司名稱: 光麗-KY→115
2026-09-06T08:14:59+08:00	bs/2026Q2_ci.csv	6438	market: twse→6438; 出表日期: 1150906→迅得; 年度: 115→2026Q2; 季別: 2→twse; 公司代號: 6438→1150906; 公司名稱: 迅得→115
2026-09-06T08:14:59+08:00	bs/2026Q2_ci.csv	6442	market: twse→6442; 出表日期: 1150906→光聖; 年度: 115→2026Q2; 季別: 2→twse; 公司代號: 6442→1150906; 公司名稱: 光聖→115
2026-09-06T08:14:59+08:00	bs/2026Q2_ci.csv	6443	market: twse→6443; 出表日期: 1150906→元晶; 年度: 115→2026Q2; 季別: 2→twse; 公司代號: 6443→1150906; 公司名稱: 元晶→115
2026-09-06T08:14:59+08:00	bs/2026Q2_ci.csv	6446	market: twse→6446; 出表日期: 1150906→藥華藥; 年度: 115→2026Q2; 季別: 2→twse; 公司代號: 6446→1150906; 公司名稱: 藥華藥→115
2026-09-06T08:14:59+08:00	bs/2026Q2_ci.csv	6449	market: twse→6449; 出表日期: 1150906→鈺邦; 年度: 115→2026Q2; 季別: 2→twse; 公司代號: 6449→1150906; 公司名稱: 鈺邦→115
2026-09-06T08:14:59+08:00	bs/2026Q2_ci.csv	6451	market: twse→6451; 出表日期: 1150906→訊芯-KY; 年度: 115→2026Q2; 季別: 2→twse; 公司代號: 6451→1150906; 公司名稱: 訊芯-KY→115
2026-09-06T08:14:59+08:00	bs/2026Q2_ci.csv	6456	market: twse→6456; 出表日期: 1150906→GIS-KY; 年度: 115→2026Q2; 季別: 2→twse; 公司代號: 6456→1150906; 公司名稱: GIS-KY→115
2026-09-06T08:14:59+08:00	bs/2026Q2_ci.csv	6464	market: twse→6464; 出表日期: 1150906→台數科; 年度: 115→2026Q2; 季別: 2→twse; 公司代號: 6464→1150906; 公司名稱: 台數科→115
2026-09-06T08:14:59+08:00	bs/2026Q2_ci.csv	6472	market: twse→6472; 出表日期: 1150906→保瑞; 年度: 115→2026Q2; 季別: 2→twse; 公司代號: 6472→1150906; 公司名稱: 保瑞→115
2026-09-06T08:14:59+08:00	bs/2026Q2_ci.csv	6477	market: twse→6477; 出表日期: 1150906→安集; 年度: 115→2026Q2; 季別: 2→twse; 公司代號: 6477→1150906; 公司名稱: 安集→115
2026-09-06T08:14:59+08:00	bs/2026Q2_ci.csv	6491	market: twse→6491; 出表日期: 1150906→晶碩; 年度: 115→2026Q2; 季別: 2→twse; 公司代號: 6491→1150906; 公司名稱: 晶碩→115
2026-09-06T08:14:59+08:00	bs/2026Q2_ci.csv	6504	market: twse→6504; 出表日期: 1150906→南六; 年度: 115→2026Q2; 季別: 2→twse; 公司代號: 6504→1150906; 公司名稱: 南六→115
2026-09-06T08:14:59+08:00	bs/2026Q2_ci.csv	6505	market: twse→6505; 出表日期: 1150906→台塑化; 年度: 115→2026Q2; 季別: 2→twse; 公司代號: 6505→1150906; 公司名稱: 台塑化→115
2026-09-06T08:14:59+08:00	bs/2026Q2_ci.csv	6515	market: twse→6515; 出表日期: 1150906→穎崴; 年度: 115→2026Q2; 季別: 2→twse; 公司代號: 6515→1150906; 公司名稱: 穎崴→115
2026-09-06T08:14:59+08:00	bs/2026Q2_ci.csv	6525	market: twse→6525; 出表日期: 1150906→捷敏-KY; 年度: 115→2026Q2; 季別: 2→twse; 公司代號: 6525→1150906; 公司名稱: 捷敏-KY→115
2026-09-06T08:14:59+08:00	bs/2026Q2_ci.csv	6526	market: twse→6526; 出表日期: 1150906→達發; 年度: 115→2026Q2; 季別: 2→twse; 公司代號: 6526→1150906; 公司名稱: 達發→115
2026-09-06T08:14:59+08:00	bs/2026Q2_ci.csv	6531	market: twse→6531; 出表日期: 1150906→愛普*; 年度: 115→2026Q2; 季別: 2→twse; 公司代號: 6531→1150906; 公司名稱: 愛普*→115
2026-09-06T08:14:59+08:00	bs/2026Q2_ci.csv	6533	market: twse→6533; 出表日期: 1150906→晶心科; 年度: 115→2026Q2; 季別: 2→twse; 公司代號: 6533→1150906; 公司名稱: 晶心科→115
2026-09-06T08:14:59+08:00	bs/2026Q2_ci.csv	6534	market: twse→6534; 出表日期: 1150906→正瀚-創; 年度: 115→2026Q2; 季別: 2→twse; 公司代號: 6534→1150906; 公司名稱: 正瀚-創→115
2026-09-06T08:14:59+08:00	bs/2026Q2_ci.csv	6541	market: twse→6541; 出表日期: 1150906→泰福-KY; 年度: 115→2026Q2; 季別: 2→twse; 公司代號: 6541→1150906; 公司名稱: 泰福-KY→115
2026-09-06T08:14:59+08:00	bs/2026Q2_ci.csv	6550	market: twse→6550; 出表日期: 1150906→北極星藥業-KY; 年度: 115→2026Q2; 季別: 2→twse; 公司代號: 6550→1150906; 公司名稱: 北極星藥業-KY→115
2026-09-06T08:14:59+08:00	bs/2026Q2_ci.csv	6552	market: twse→6552; 出表日期: 1150906→易華電; 年度: 115→2026Q2; 季別: 2→twse; 公司代號: 6552→1150906; 公司名稱: 易華電→115
2026-09-06T08:14:59+08:00	bs/2026Q2_ci.csv	6558	market: twse→6558; 出表日期: 1150906→興能高; 年度: 115→2026Q2; 季別: 2→twse; 公司代號: 6558→1150906; 公司名稱: 興能高→115
2026-09-06T08:14:59+08:00	bs/2026Q2_ci.csv	6573	market: twse→6573; 出表日期: 1150906→虹揚-KY; 年度: 115→2026Q2; 季別: 2→twse; 公司代號: 6573→1150906; 公司名稱: 虹揚-KY→115
2026-09-06T08:14:59+08:00	bs/2026Q2_ci.csv	6579	market: twse→6579; 出表日期: 1150906→研揚; 年度: 115→2026Q2; 季別: 2→twse; 公司代號: 6579→1150906; 公司名稱: 研揚→115
2026-09-06T08:14:59+08:00	bs/2026Q2_ci.csv	6581	market: twse→6581; 出表日期: 1150906→鋼聯; 年度: 115→2026Q2; 季別: 2→twse; 公司代號: 6581→1150906; 公司名稱: 鋼聯→115
2026-09-06T08:14:59+08:00	bs/2026Q2_ci.csv	6582	market: twse→6582; 出表日期: 1150906→申豐; 年度: 115→2026Q2; 季別: 2→twse; 公司代號: 6582→1150906; 公司名稱: 申豐→115
2026-09-06T08:14:59+08:00	bs/2026Q2_ci.csv	6585	market: twse→6585; 出表日期: 1150906→鼎基; 年度: 115→2026Q2; 季別: 2→twse; 公司代號: 6585→1150906; 公司名稱: 鼎基→115
2026-09-06T08:14:59+08:00	bs/2026Q2_ci.csv	6589	market: twse→6589; 出表日期: 1150906→台康生技; 年度: 115→2026Q2; 季別: 2→twse; 公司代號: 6589→1150906; 公司名稱: 台康生技→115
2026-09-06T08:14:59+08:00	bs/2026Q2_ci.csv	6591	market: twse→6591; 出表日期: 1150906→動力-KY; 年度: 115→2026Q2; 季別: 2→twse; 公司代號: 6591→1150906; 公司名稱: 動力-KY→115
2026-09-06T08:14:59+08:00	bs/2026Q2_ci.csv	6592	market: twse→6592; 出表日期: 1150906→和潤企業; 年度: 115→2026Q2; 季別: 2→twse; 公司代號: 6592→1150906; 公司名稱: 和潤企業→115
2026-09-06T08:14:59+08:00	bs/2026Q2_ci.csv	6598	market: twse→6598; 出表日期: 1150906→ABC-KY; 年度: 115→2026Q2; 季別: 2→twse; 公司代號: 6598→1150906; 公司名稱: ABC-KY→115
2026-09-06T08:14:59+08:00	bs/2026Q2_ci.csv	6605	market: twse→6605; 出表日期: 1150906→帝寶; 年度: 115→2026Q2; 季別: 2→twse; 公司代號: 6605→1150906; 公司名稱: 帝寶→115
2026-09-06T08:14:59+08:00	bs/2026Q2_ci.csv	6606	market: twse→6606; 出表日期: 1150906→建德工業; 年度: 115→2026Q2; 季別: 2→twse; 公司代號: 6606→1150906; 公司名稱: 建德工業→115
2026-09-06T08:14:59+08:00	bs/2026Q2_ci.csv	6614	market: twse→6614; 出表日期: 1150906→資拓宏宇; 年度: 115→2026Q2; 季別: 2→twse; 公司代號: 6614→1150906; 公司名稱: 資拓宏宇→115
2026-09-06T08:14:59+08:00	bs/2026Q2_ci.csv	6625	market: twse→6625; 出表日期: 1150906→必應; 年度: 115→2026Q2; 季別: 2→twse; 公司代號: 6625→1150906; 公司名稱: 必應→115
2026-09-06T08:14:59+08:00	bs/2026Q2_ci.csv	6641	market: twse→6641; 出表日期: 1150906→基士德-KY; 年度: 115→2026Q2; 季別: 2→twse; 公司代號: 6641→1150906; 公司名稱: 基士德-KY→115
2026-09-06T08:14:59+08:00	bs/2026Q2_ci.csv	6645	market: twse→6645; 出表日期: 1150906→金萬林-創; 年度: 115→2026Q2; 季別: 2→twse; 公司代號: 6645→1150906; 公司名稱: 金萬林-創→115
2026-09-06T08:14:59+08:00	bs/2026Q2_ci.csv	6655	market: twse→6655; 出表日期: 1150906→科定; 年度: 115→2026Q2; 季別: 2→twse; 公司代號: 6655→1150906; 公司名稱: 科定→115
2026-09-06T08:14:59+08:00	bs/2026Q2_ci.csv	6657	market: twse→6657; 出表日期: 1150906→華安; 年度: 115→2026Q2; 季別: 2→twse; 公司代號: 6657→1150906; 公司名稱: 華安→115
2026-09-06T08:14:59+08:00	bs/2026Q2_ci.csv	6658	market: twse→6658; 出表日期: 1150906→聯策; 年度: 115→2026Q2; 季別: 2→twse; 公司代號: 6658→1150906; 公司名稱: 聯策→115
2026-09-06T08:14:59+08:00	bs/2026Q2_ci.csv	6666	market: twse→6666; 出表日期: 1150906→羅麗芬-KY; 年度: 115→2026Q2; 季別: 2→twse; 公司代號: 6666→1150906; 公司名稱: 羅麗芬-KY→115
2026-09-06T08:14:59+08:00	bs/2026Q2_ci.csv	6668	market: twse→6668; 出表日期: 1150906→中揚光; 年度: 115→2026Q2; 季別: 2→twse; 公司代號: 6668→1150906; 公司名稱: 中揚光→115
2026-09-06T08:14:59+08:00	bs/2026Q2_ci.csv	6669	market: twse→6669; 出表日期: 1150906→緯穎; 年度: 115→2026Q2; 季別: 2→twse; 公司代號: 6669→1150906; 公司名稱: 緯穎→115
2026-09-06T08:14:59+08:00	bs/2026Q2_ci.csv	6670	market: twse→6670; 出表日期: 1150906→復盛應用; 年度: 115→2026Q2; 季別: 2→twse; 公司代號: 6670→1150906; 公司名稱: 復盛應用→115
2026-09-06T08:14:59+08:00	bs/2026Q2_ci.csv	6671	market: twse→6671; 出表日期: 1150906→三能-KY; 年度: 115→2026Q2; 季別: 2→twse; 公司代號: 6671→1150906; 公司名稱: 三能-KY→115
2026-09-06T08:14:59+08:00	bs/2026Q2_ci.csv	6672	market: twse→6672; 出表日期: 1150906→騰輝電子-KY; 年度: 115→2026Q2; 季別: 2→twse; 公司代號: 6672→1150906; 公司名稱: 騰輝電子-KY→115
2026-09-06T08:14:59+08:00	bs/2026Q2_ci.csv	6674	market: twse→6674; 出表日期: 1150906→鋐寶科技; 年度: 115→2026Q2; 季別: 2→twse; 公司代號: 6674→1150906; 公司名稱: 鋐寶科技→115
2026-09-06T08:14:59+08:00	bs/2026Q2_ci.csv	6689	market: twse→6689; 出表日期: 1150906→伊雲谷; 年度: 115→2026Q2; 季別: 2→twse; 公司代號: 6689→1150906; 公司名稱: 伊雲谷→115
2026-09-06T08:14:59+08:00	bs/2026Q2_ci.csv	6691	market: twse→6691; 出表日期: 1150906→洋基工程; 年度: 115→2026Q2; 季別: 2→twse; 公司代號: 6691→1150906; 公司名稱: 洋基工程→115
2026-09-06T08:14:59+08:00	bs/2026Q2_ci.csv	6695	market: twse→6695; 出表日期: 1150906→芯鼎; 年度: 115→2026Q2; 季別: 2→twse; 公司代號: 6695→1150906; 公司名稱: 芯鼎→115
2026-09-06T08:14:59+08:00	bs/2026Q2_ci.csv	6698	market: twse→6698; 出表日期: 1150906→旭暉應材; 年度: 115→2026Q2; 季別: 2→twse; 公司代號: 6698→1150906; 公司名稱: 旭暉應材→115
2026-09-06T08:14:59+08:00	bs/2026Q2_ci.csv	6706	market: twse→6706; 出表日期: 1150906→惠特; 年度: 115→2026Q2; 季別: 2→twse; 公司代號: 6706→1150906; 公司名稱: 惠特→115
2026-09-06T08:14:59+08:00	bs/2026Q2_ci.csv	6715	market: twse→6715; 出表日期: 1150906→嘉基; 年度: 115→2026Q2; 季別: 2→twse; 公司代號: 6715→1150906; 公司名稱: 嘉基→115
2026-09-06T08:14:59+08:00	bs/2026Q2_ci.csv	6719	market: twse→6719; 出表日期: 1150906→力智; 年度: 115→2026Q2; 季別: 2→twse; 公司代號: 6719→1150906; 公司名稱: 力智→115
2026-09-06T08:14:59+08:00	bs/2026Q2_ci.csv	6722	market: twse→6722; 出表日期: 1150906→輝創; 年度: 115→2026Q2; 季別: 2→twse; 公司代號: 6722→1150906; 公司名稱: 輝創→115
2026-09-06T08:14:59+08:00	bs/2026Q2_ci.csv	6742	market: twse→6742; 出表日期: 1150906→澤米; 年度: 115→2026Q2; 季別: 2→twse; 公司代號: 6742→1150906; 公司名稱: 澤米→115
2026-09-06T08:14:59+08:00	bs/2026Q2_ci.csv	6743	market: twse→6743; 出表日期: 1150906→安普新; 年度: 115→2026Q2; 季別: 2→twse; 公司代號: 6743→1150906; 公司名稱: 安普新→115
2026-09-06T08:14:59+08:00	bs/2026Q2_ci.csv	6753	market: twse→6753; 出表日期: 1150906→龍德造船; 年度: 115→2026Q2; 季別: 2→twse; 公司代號: 6753→1150906; 公司名稱: 龍德造船→115
2026-09-06T08:14:59+08:00	bs/2026Q2_ci.csv	6754	market: twse→6754; 出表日期: 1150906→匯僑設計; 年度: 115→2026Q2; 季別: 2→twse; 公司代號: 6754→1150906; 公司名稱: 匯僑設計→115
2026-09-06T08:14:59+08:00	bs/2026Q2_ci.csv	6756	market: twse→6756; 出表日期: 1150906→威鋒電子; 年度: 115→2026Q2; 季別: 2→twse; 公司代號: 6756→1150906; 公司名稱: 威鋒電子→115
2026-09-06T08:14:59+08:00	bs/2026Q2_ci.csv	6757	market: twse→6757; 出表日期: 1150906→台灣虎航; 年度: 115→2026Q2; 季別: 2→twse; 公司代號: 6757→1150906; 公司名稱: 台灣虎航→115
2026-09-06T08:14:59+08:00	bs/2026Q2_ci.csv	6768	market: twse→6768; 出表日期: 1150906→志強-KY; 年度: 115→2026Q2; 季別: 2→twse; 公司代號: 6768→1150906; 公司名稱: 志強-KY→115
2026-09-06T08:14:59+08:00	bs/2026Q2_ci.csv	6770	market: twse→6770; 出表日期: 1150906→力積電; 年度: 115→2026Q2; 季別: 2→twse; 公司代號: 6770→1150906; 公司名稱: 力積電→115
2026-09-06T08:14:59+08:00	bs/2026Q2_ci.csv	6771	market: twse→6771; 出表日期: 1150906→平和環保-創; 年度: 115→2026Q2; 季別: 2→twse; 公司代號: 6771→1150906; 公司名稱: 平和環保-創→115
2026-09-06T08:14:59+08:00	bs/2026Q2_ci.csv	6776	market: twse→6776; 出表日期: 1150906→展碁國際; 年度: 115→2026Q2; 季別: 2→twse; 公司代號: 6776→1150906; 公司名稱: 展碁國際→115
2026-09-06T08:14:59+08:00	bs/2026Q2_ci.csv	6781	market: twse→6781; 出表日期: 1150906→AES-KY; 年度: 115→2026Q2; 季別: 2→twse; 公司代號: 6781→1150906; 公司名稱: AES-KY→115
2026-09-06T08:14:59+08:00	bs/2026Q2_ci.csv	6782	market: twse→6782; 出表日期: 1150906→視陽; 年度: 115→2026Q2; 季別: 2→twse; 公司代號: 6782→1150906; 公司名稱: 視陽→115
2026-09-06T08:14:59+08:00	bs/2026Q2_ci.csv	6789	market: twse→6789; 出表日期: 1150906→采鈺; 年度: 115→2026Q2; 季別: 2→twse; 公司代號: 6789→1150906; 公司名稱: 采鈺→115
2026-09-06T08:14:59+08:00	bs/2026Q2_ci.csv	6790	market: twse→6790; 出表日期: 1150906→永豐實; 年度: 115→2026Q2; 季別: 2→twse; 公司代號: 6790→1150906; 公司名稱: 永豐實→115
2026-09-06T08:14:59+08:00	bs/2026Q2_ci.csv	6792	market: twse→6792; 出表日期: 1150906→詠業; 年度: 115→2026Q2; 季別: 2→twse; 公司代號: 6792→1150906; 公司名稱: 詠業→115
2026-09-06T08:14:59+08:00	bs/2026Q2_ci.csv	6794	market: twse→6794; 出表日期: 1150906→向榮生技; 年度: 115→2026Q2; 季別: 2→twse; 公司代號: 6794→1150906; 公司名稱: 向榮生技→115
2026-09-06T08:14:59+08:00	bs/2026Q2_ci.csv	6796	market: twse→6796; 出表日期: 1150906→晉弘; 年度: 115→2026Q2; 季別: 2→twse; 公司代號: 6796→1150906; 公司名稱: 晉弘→115
2026-09-06T08:14:59+08:00	bs/2026Q2_ci.csv	6799	market: twse→6799; 出表日期: 1150906→來頡; 年度: 115→2026Q2; 季別: 2→twse; 公司代號: 6799→1150906; 公司名稱: 來頡→115
2026-09-06T08:14:59+08:00	bs/2026Q2_ci.csv	6805	market: twse→6805; 出表日期: 1150906→富世達; 年度: 115→2026Q2; 季別: 2→twse; 公司代號: 6805→1150906; 公司名稱: 富世達→115
2026-09-06T08:14:59+08:00	bs/2026Q2_ci.csv	6807	market: twse→6807; 出表日期: 1150906→峰源-KY; 年度: 115→2026Q2; 季別: 2→twse; 公司代號: 6807→1150906; 公司名稱: 峰源-KY→115
2026-09-06T08:14:59+08:00	bs/2026Q2_ci.csv	6830	market: twse→6830; 出表日期: 1150906→汎銓; 年度: 115→2026Q2; 季別: 2→twse; 公司代號: 6830→1150906; 公司名稱: 汎銓→115
2026-09-06T08:14:59+08:00	bs/2026Q2_ci.csv	6831	market: twse→6831; 出表日期: 1150906→邁科; 年度: 115→2026Q2; 季別: 2→twse; 公司代號: 6831→1150906; 公司名稱: 邁科→115
2026-09-06T08:14:59+08:00	bs/2026Q2_ci.csv	6834	market: twse→6834; 出表日期: 1150906→天二科技; 年度: 115→2026Q2; 季別: 2→twse; 公司代號: 6834→1150906; 公司名稱: 天二科技→115
2026-09-06T08:14:59+08:00	bs/2026Q2_ci.csv	6835	market: twse→6835; 出表日期: 1150906→圓裕; 年度: 115→2026Q2; 季別: 2→twse; 公司代號: 6835→1150906; 公司名稱: 圓裕→115
2026-09-06T08:14:59+08:00	bs/2026Q2_ci.csv	6838	market: twse→6838; 出表日期: 1150906→台新藥; 年度: 115→2026Q2; 季別: 2→twse; 公司代號: 6838→1150906; 公司名稱: 台新藥→115
2026-09-06T08:14:59+08:00	bs/2026Q2_ci.csv	6854	market: twse→6854; 出表日期: 1150906→錼創科技-KY創; 年度: 115→2026Q2; 季別: 2→twse; 公司代號: 6854→1150906; 公司名稱: 錼創科技-KY創→115
2026-09-06T08:14:59+08:00	bs/2026Q2_ci.csv	6861	market: twse→6861; 出表日期: 1150906→睿生光電; 年度: 115→2026Q2; 季別: 2→twse; 公司代號: 6861→1150906; 公司名稱: 睿生光電→115
2026-09-06T08:14:59+08:00	bs/2026Q2_ci.csv	6862	market: twse→6862; 出表日期: 1150906→三集瑞-KY; 年度: 115→2026Q2; 季別: 2→twse; 公司代號: 6862→1150906; 公司名稱: 三集瑞-KY→115
2026-09-06T08:14:59+08:00	bs/2026Q2_ci.csv	6863	market: twse→6863; 出表日期: 1150906→永道-KY; 年度: 115→2026Q2; 季別: 2→twse; 公司代號: 6863→1150906; 公司名稱: 永道-KY→115
2026-09-06T08:14:59+08:00	bs/2026Q2_ci.csv	6869	market: twse→6869; 出表日期: 1150906→雲豹能源; 年度: 115→2026Q2; 季別: 2→twse; 公司代號: 6869→1150906; 公司名稱: 雲豹能源→115
2026-09-06T08:14:59+08:00	bs/2026Q2_ci.csv	6873	market: twse→6873; 出表日期: 1150906→泓德能源; 年度: 115→2026Q2; 季別: 2→twse; 公司代號: 6873→1150906; 公司名稱: 泓德能源→115
2026-09-06T08:14:59+08:00	bs/2026Q2_ci.csv	6885	market: twse→6885; 出表日期: 1150906→全福生技; 年度: 115→2026Q2; 季別: 2→twse; 公司代號: 6885→1150906; 公司名稱: 全福生技→115
2026-09-06T08:14:59+08:00	bs/2026Q2_ci.csv	6887	market: twse→6887; 出表日期: 1150906→寶綠特-KY; 年度: 115→2026Q2; 季別: 2→twse; 公司代號: 6887→1150906; 公司名稱: 寶綠特-KY→115
2026-09-06T08:14:59+08:00	bs/2026Q2_ci.csv	6890	market: twse→6890; 出表日期: 1150906→來億-KY; 年度: 115→2026Q2; 季別: 2→twse; 公司代號: 6890→1150906; 公司名稱: 來億-KY→115
2026-09-06T08:14:59+08:00	bs/2026Q2_ci.csv	6901	market: twse→6901; 出表日期: 1150906→鑽石投資; 年度: 115→2026Q2; 季別: 2→twse; 公司代號: 6901→1150906; 公司名稱: 鑽石投資→115
2026-09-06T08:14:59+08:00	bs/2026Q2_ci.csv	6902	market: twse→6902; 出表日期: 1150906→GOGOLOOK; 年度: 115→2026Q2; 季別: 2→twse; 公司代號: 6902→1150906; 公司名稱: GOGOLOOK→115
2026-09-06T08:14:59+08:00	bs/2026Q2_ci.csv	6906	market: twse→6906; 出表日期: 1150906→現觀科; 年度: 115→2026Q2; 季別: 2→twse; 公司代號: 6906→1150906; 公司名稱: 現觀科→115
2026-09-06T08:14:59+08:00	bs/2026Q2_ci.csv	6908	market: twse→6908; 出表日期: 1150906→宏碁遊戲-創; 年度: 115→2026Q2; 季別: 2→twse; 公司代號: 6908→1150906; 公司名稱: 宏碁遊戲-創→115
2026-09-06T08:14:59+08:00	bs/2026Q2_ci.csv	6909	market: twse→6909; 出表日期: 1150906→創控; 年度: 115→2026Q2; 季別: 2→twse; 公司代號: 6909→1150906; 公司名稱: 創控→115
2026-09-06T08:14:59+08:00	bs/2026Q2_ci.csv	6914	market: twse→6914; 出表日期: 1150906→阜爾運通; 年度: 115→2026Q2; 季別: 2→twse; 公司代號: 6914→1150906; 公司名稱: 阜爾運通→115
2026-09-06T08:14:59+08:00	bs/2026Q2_ci.csv	6916	market: twse→6916; 出表日期: 1150906→華凌; 年度: 115→2026Q2; 季別: 2→twse; 公司代號: 6916→1150906; 公司名稱: 華凌→115
2026-09-06T08:14:59+08:00	bs/2026Q2_ci.csv	6918	market: twse→6918; 出表日期: 1150906→愛派司; 年度: 115→2026Q2; 季別: 2→twse; 公司代號: 6918→1150906; 公司名稱: 愛派司→115
2026-09-06T08:14:59+08:00	bs/2026Q2_ci.csv	6919	market: twse→6919; 出表日期: 1150906→康霈*; 年度: 115→2026Q2; 季別: 2→twse; 公司代號: 6919→1150906; 公司名稱: 康霈*→115
2026-09-06T08:14:59+08:00	bs/2026Q2_ci.csv	6921	market: twse→6921; 出表日期: 1150906→嘉雨思-創; 年度: 115→2026Q2; 季別: 2→twse; 公司代號: 6921→1150906; 公司名稱: 嘉雨思-創→115
2026-09-06T08:14:59+08:00	bs/2026Q2_ci.csv	6923	market: twse→6923; 出表日期: 1150906→中台; 年度: 115→2026Q2; 季別: 2→twse; 公司代號: 6923→1150906; 公司名稱: 中台→115
2026-09-06T08:14:59+08:00	bs/2026Q2_ci.csv	6924	market: twse→6924; 出表日期: 1150906→榮惠-KY創; 年度: 115→2026Q2; 季別: 2→twse; 公司代號: 6924→1150906; 公司名稱: 榮惠-KY創→115
2026-09-06T08:14:59+08:00	bs/2026Q2_ci.csv	6928	market: twse→6928; 出表日期: 1150906→攸泰科技; 年度: 115→2026Q2; 季別: 2→twse; 公司代號: 6928→1150906; 公司名稱: 攸泰科技→115
2026-09-06T08:14:59+08:00	bs/2026Q2_ci.csv	6931	market: twse→6931; 出表日期: 1150906→青松健康; 年度: 115→2026Q2; 季別: 2→twse; 公司代號: 6931→1150906; 公司名稱: 青松健康→115
2026-09-06T08:14:59+08:00	bs/2026Q2_ci.csv	6933	market: twse→6933; 出表日期: 1150906→AMAX-KY; 年度: 115→2026Q2; 季別: 2→twse; 公司代號: 6933→1150906; 公司名稱: AMAX-KY→115
2026-09-06T08:14:59+08:00	bs/2026Q2_ci.csv	6934	market: twse→6934; 出表日期: 1150906→心誠鎂; 年度: 115→2026Q2; 季別: 2→twse; 公司代號: 6934→1150906; 公司名稱: 心誠鎂→115
2026-09-06T08:14:59+08:00	bs/2026Q2_ci.csv	6936	market: twse→6936; 出表日期: 1150906→永鴻生技; 年度: 115→2026Q2; 季別: 2→twse; 公司代號: 6936→1150906; 公司名稱: 永鴻生技→115
2026-09-06T08:14:59+08:00	bs/2026Q2_ci.csv	6937	market: twse→6937; 出表日期: 1150906→天虹; 年度: 115→2026Q2; 季別: 2→twse; 公司代號: 6937→1150906; 公司名稱: 天虹→115
2026-09-06T08:14:59+08:00	bs/2026Q2_ci.csv	6944	market: twse→6944; 出表日期: 1150906→兆聯實業; 年度: 115→2026Q2; 季別: 2→twse; 公司代號: 6944→1150906; 公司名稱: 兆聯實業→115
2026-09-06T08:14:59+08:00	bs/2026Q2_ci.csv	6947	market: twse→6947; 出表日期: 1150906→台鎔科技; 年度: 115→2026Q2; 季別: 2→twse; 公司代號: 6947→1150906; 公司名稱: 台鎔科技→115
2026-09-06T08:14:59+08:00	bs/2026Q2_ci.csv	6949	market: twse→6949; 出表日期: 1150906→沛爾生醫*-創; 年度: 115→2026Q2; 季別: 2→twse; 公司代號: 6949→1150906; 公司名稱: 沛爾生醫*-創→115
2026-09-06T08:14:59+08:00	bs/2026Q2_ci.csv	6951	market: twse→6951; 出表日期: 1150906→青新-創; 年度: 115→2026Q2; 季別: 2→twse; 公司代號: 6951→1150906; 公司名稱: 青新-創→115
2026-09-06T08:14:59+08:00	bs/2026Q2_ci.csv	6952	market: twse→6952; 出表日期: 1150906→大武山; 年度: 115→2026Q2; 季別: 2→twse; 公司代號: 6952→1150906; 公司名稱: 大武山→115
2026-09-06T08:14:59+08:00	bs/2026Q2_ci.csv	6955	market: twse→6955; 出表日期: 1150906→邦睿生技-創; 年度: 115→2026Q2; 季別: 2→twse; 公司代號: 6955→1150906; 公司名稱: 邦睿生技-創→115
2026-09-06T08:14:59+08:00	bs/2026Q2_ci.csv	6957	market: twse→6957; 出表日期: 1150906→裕慶-KY; 年度: 115→2026Q2; 季別: 2→twse; 公司代號: 6957→1150906; 公司名稱: 裕慶-KY→115
2026-09-06T08:14:59+08:00	bs/2026Q2_ci.csv	6958	market: twse→6958; 出表日期: 1150906→日盛台駿; 年度: 115→2026Q2; 季別: 2→twse; 公司代號: 6958→1150906; 公司名稱: 日盛台駿→115
2026-09-06T08:14:59+08:00	bs/2026Q2_ci.csv	6962	market: twse→6962; 出表日期: 1150906→奕力-KY; 年度: 115→2026Q2; 季別: 2→twse; 公司代號: 6962→1150906; 公司名稱: 奕力-KY→115
2026-09-06T08:14:59+08:00	bs/2026Q2_ci.csv	6965	market: twse→6965; 出表日期: 1150906→中傑-KY; 年度: 115→2026Q2; 季別: 2→twse; 公司代號: 6965→1150906; 公司名稱: 中傑-KY→115
2026-09-06T08:14:59+08:00	bs/2026Q2_ci.csv	6969	market: twse→6969; 出表日期: 1150906→成信實業*-創; 年度: 115→2026Q2; 季別: 2→twse; 公司代號: 6969→1150906; 公司名稱: 成信實業*-創→115
2026-09-06T08:14:59+08:00	bs/2026Q2_ci.csv	6988	market: twse→6988; 出表日期: 1150906→威力暘-創; 年度: 115→2026Q2; 季別: 2→twse; 公司代號: 6988→1150906; 公司名稱: 威力暘-創→115
2026-09-06T08:14:59+08:00	bs/2026Q2_ci.csv	6994	market: twse→6994; 出表日期: 1150906→富威電力; 年度: 115→2026Q2; 季別: 2→twse; 公司代號: 6994→1150906; 公司名稱: 富威電力→115
2026-09-06T08:14:59+08:00	bs/2026Q2_ci.csv	7610	market: twse→7610; 出表日期: 1150906→聯友金屬-創; 年度: 115→2026Q2; 季別: 2→twse; 公司代號: 7610→1150906; 公司名稱: 聯友金屬-創→115
2026-09-06T08:14:59+08:00	bs/2026Q2_ci.csv	7631	market: twse→7631; 出表日期: 1150906→聚賢研發-創; 年度: 115→2026Q2; 季別: 2→twse; 公司代號: 7631→1150906; 公司名稱: 聚賢研發-創→115
2026-09-06T08:14:59+08:00	bs/2026Q2_ci.csv	7689	market: twse→7689; 出表日期: 1150906→大鵬科CLMX; 年度: 115→2026Q2; 季別: 2→twse; 公司代號: 7689→1150906; 公司名稱: 大鵬科CLMX→115
2026-09-06T08:14:59+08:00	bs/2026Q2_ci.csv	7705	market: twse→7705; 出表日期: 1150906→三商餐飲; 年度: 115→2026Q2; 季別: 2→twse; 公司代號: 7705→1150906; 公司名稱: 三商餐飲→115
2026-09-06T08:14:59+08:00	bs/2026Q2_ci.csv	7711	market: twse→7711; 出表日期: 1150906→永擎; 年度: 115→2026Q2; 季別: 2→twse; 公司代號: 7711→1150906; 公司名稱: 永擎→115
2026-09-06T08:14:59+08:00	bs/2026Q2_ci.csv	7721	market: twse→7721; 出表日期: 1150906→微程式; 年度: 115→2026Q2; 季別: 2→twse; 公司代號: 7721→1150906; 公司名稱: 微程式→115
2026-09-06T08:14:59+08:00	bs/2026Q2_ci.csv	7722	market: twse→7722; 出表日期: 1150906→LINEPAY; 年度: 115→2026Q2; 季別: 2→twse; 公司代號: 7722→1150906; 公司名稱: LINEPAY→115
2026-09-06T08:14:59+08:00	bs/2026Q2_ci.csv	7730	market: twse→7730; 出表日期: 1150906→暉盛-創; 年度: 115→2026Q2; 季別: 2→twse; 公司代號: 7730→1150906; 公司名稱: 暉盛-創→115
2026-09-06T08:14:59+08:00	bs/2026Q2_ci.csv	7732	market: twse→7732; 出表日期: 1150906→金興精密; 年度: 115→2026Q2; 季別: 2→twse; 公司代號: 7732→1150906; 公司名稱: 金興精密→115
2026-09-06T08:14:59+08:00	bs/2026Q2_ci.csv	7736	market: twse→7736; 出表日期: 1150906→虎山; 年度: 115→2026Q2; 季別: 2→twse; 公司代號: 7736→1150906; 公司名稱: 虎山→115
2026-09-06T08:14:59+08:00	bs/2026Q2_ci.csv	7740	market: twse→7740; 出表日期: 1150906→熙特爾-創; 年度: 115→2026Q2; 季別: 2→twse; 公司代號: 7740→1150906; 公司名稱: 熙特爾-創→115
2026-09-06T08:14:59+08:00	bs/2026Q2_ci.csv	7749	market: twse→7749; 出表日期: 1150906→意騰-KY; 年度: 115→2026Q2; 季別: 2→twse; 公司代號: 7749→1150906; 公司名稱: 意騰-KY→115
2026-09-06T08:14:59+08:00	bs/2026Q2_ci.csv	7750	market: twse→7750; 出表日期: 1150906→新代; 年度: 115→2026Q2; 季別: 2→twse; 公司代號: 7750→1150906; 公司名稱: 新代→115
2026-09-06T08:14:59+08:00	bs/2026Q2_ci.csv	7760	market: twse→7760; 出表日期: 1150906→享溫馨; 年度: 115→2026Q2; 季別: 2→twse; 公司代號: 7760→1150906; 公司名稱: 享溫馨→115
2026-09-06T08:14:59+08:00	bs/2026Q2_ci.csv	7765	market: twse→7765; 出表日期: 1150906→中華資安; 年度: 115→2026Q2; 季別: 2→twse; 公司代號: 7765→1150906; 公司名稱: 中華資安→115
2026-09-06T08:14:59+08:00	bs/2026Q2_ci.csv	7768	market: twse→7768; 出表日期: 1150906→頌勝科技; 年度: 115→2026Q2; 季別: 2→twse; 公司代號: 7768→1150906; 公司名稱: 頌勝科技→115
2026-09-06T08:14:59+08:00	bs/2026Q2_ci.csv	7769	market: twse→7769; 出表日期: 1150906→鴻勁; 年度: 115→2026Q2; 季別: 2→twse; 公司代號: 7769→1150906; 公司名稱: 鴻勁→115
2026-09-06T08:14:59+08:00	bs/2026Q2_ci.csv	7780	market: twse→7780; 出表日期: 1150906→大研生醫*; 年度: 115→2026Q2; 季別: 2→twse; 公司代號: 7780→1150906; 公司名稱: 大研生醫*→115
2026-09-06T08:14:59+08:00	bs/2026Q2_ci.csv	7786	market: twse→7786; 出表日期: 1150906→東方風能; 年度: 115→2026Q2; 季別: 2→twse; 公司代號: 7786→1150906; 公司名稱: 東方風能→115
2026-09-06T08:14:59+08:00	bs/2026Q2_ci.csv	7788	market: twse→7788; 出表日期: 1150906→松川精密; 年度: 115→2026Q2; 季別: 2→twse; 公司代號: 7788→1150906; 公司名稱: 松川精密→115
2026-09-06T08:14:59+08:00	bs/2026Q2_ci.csv	7791	market: twse→7791; 出表日期: 1150906→皇家可口; 年度: 115→2026Q2; 季別: 2→twse; 公司代號: 7791→1150906; 公司名稱: 皇家可口→115
2026-09-06T08:14:59+08:00	bs/2026Q2_ci.csv	7795	market: twse→7795; 出表日期: 1150906→長廣; 年度: 115→2026Q2; 季別: 2→twse; 公司代號: 7795→1150906; 公司名稱: 長廣→115
2026-09-06T08:14:59+08:00	bs/2026Q2_ci.csv	7799	market: twse→7799; 出表日期: 1150906→禾榮科; 年度: 115→2026Q2; 季別: 2→twse; 公司代號: 7799→1150906; 公司名稱: 禾榮科→115
2026-09-06T08:14:59+08:00	bs/2026Q2_ci.csv	7803	market: twse→7803; 出表日期: 1150906→雲象科技-創; 年度: 115→2026Q2; 季別: 2→twse; 公司代號: 7803→1150906; 公司名稱: 雲象科技-創→115
2026-09-06T08:14:59+08:00	bs/2026Q2_ci.csv	7818	market: twse→7818; 出表日期: 1150906→溢泰實業; 年度: 115→2026Q2; 季別: 2→twse; 公司代號: 7818→1150906; 公司名稱: 溢泰實業→115
2026-09-06T08:14:59+08:00	bs/2026Q2_ci.csv	7821	market: twse→7821; 出表日期: 1150906→神數; 年度: 115→2026Q2; 季別: 2→twse; 公司代號: 7821→1150906; 公司名稱: 神數→115
2026-09-06T08:14:59+08:00	bs/2026Q2_ci.csv	7822	market: twse→7822; 出表日期: 1150906→倍利科; 年度: 115→2026Q2; 季別: 2→twse; 公司代號: 7822→1150906; 公司名稱: 倍利科→115
2026-09-06T08:14:59+08:00	bs/2026Q2_ci.csv	7823	market: twse→7823; 出表日期: 1150906→奧義賽博-KY創; 年度: 115→2026Q2; 季別: 2→twse; 公司代號: 7823→1150906; 公司名稱: 奧義賽博-KY創→115
2026-09-06T08:14:59+08:00	bs/2026Q2_ci.csv	7827	market: twse→7827; 出表日期: 1150906→漢康-KY創; 年度: 115→2026Q2; 季別: 2→twse; 公司代號: 7827→1150906; 公司名稱: 漢康-KY創→115
2026-09-06T08:14:59+08:00	bs/2026Q2_ci.csv	7835	market: twse→7835; 出表日期: 1150906→永悅健康-創; 年度: 115→2026Q2; 季別: 2→twse; 公司代號: 7835→1150906; 公司名稱: 永悅健康-創→115
2026-09-06T08:14:59+08:00	bs/2026Q2_ci.csv	7855	market: twse→7855; 出表日期: 1150906→和運租車; 年度: 115→2026Q2; 季別: 2→twse; 公司代號: 7855→1150906; 公司名稱: 和運租車→115
2026-09-06T08:14:59+08:00	bs/2026Q2_ci.csv	8011	market: twse→8011; 出表日期: 1150906→台通; 年度: 115→2026Q2; 季別: 2→twse; 公司代號: 8011→1150906; 公司名稱: 台通→115
2026-09-06T08:14:59+08:00	bs/2026Q2_ci.csv	8016	market: twse→8016; 出表日期: 1150906→矽創; 年度: 115→2026Q2; 季別: 2→twse; 公司代號: 8016→1150906; 公司名稱: 矽創→115
2026-09-06T08:14:59+08:00	bs/2026Q2_ci.csv	8021	market: twse→8021; 出表日期: 1150906→尖點; 年度: 115→2026Q2; 季別: 2→twse; 公司代號: 8021→1150906; 公司名稱: 尖點→115
2026-09-06T08:14:59+08:00	bs/2026Q2_ci.csv	8028	market: twse→8028; 出表日期: 1150906→昇陽半導體; 年度: 115→2026Q2; 季別: 2→twse; 公司代號: 8028→1150906; 公司名稱: 昇陽半導體→115
2026-09-06T08:14:59+08:00	bs/2026Q2_ci.csv	8033	market: twse→8033; 出表日期: 1150906→雷虎; 年度: 115→2026Q2; 季別: 2→twse; 公司代號: 8033→1150906; 公司名稱: 雷虎→115
2026-09-06T08:14:59+08:00	bs/2026Q2_ci.csv	8039	market: twse→8039; 出表日期: 1150906→台虹; 年度: 115→2026Q2; 季別: 2→twse; 公司代號: 8039→1150906; 公司名稱: 台虹→115
2026-09-06T08:14:59+08:00	bs/2026Q2_ci.csv	8045	market: twse→8045; 出表日期: 1150906→達運光電; 年度: 115→2026Q2; 季別: 2→twse; 公司代號: 8045→1150906; 公司名稱: 達運光電→115
2026-09-06T08:14:59+08:00	bs/2026Q2_ci.csv	8046	market: twse→8046; 出表日期: 1150906→南電; 年度: 115→2026Q2; 季別: 2→twse; 公司代號: 8046→1150906; 公司名稱: 南電→115
2026-09-06T08:14:59+08:00	bs/2026Q2_ci.csv	8070	market: twse→8070; 出表日期: 1150906→長華*; 年度: 115→2026Q2; 季別: 2→twse; 公司代號: 8070→1150906; 公司名稱: 長華*→115
2026-09-06T08:14:59+08:00	bs/2026Q2_ci.csv	8072	market: twse→8072; 出表日期: 1150906→陞泰; 年度: 115→2026Q2; 季別: 2→twse; 公司代號: 8072→1150906; 公司名稱: 陞泰→115
2026-09-06T08:14:59+08:00	bs/2026Q2_ci.csv	8081	market: twse→8081; 出表日期: 1150906→致新; 年度: 115→2026Q2; 季別: 2→twse; 公司代號: 8081→1150906; 公司名稱: 致新→115
2026-09-06T08:14:59+08:00	bs/2026Q2_ci.csv	8101	market: twse→8101; 出表日期: 1150906→華冠; 年度: 115→2026Q2; 季別: 2→twse; 公司代號: 8101→1150906; 公司名稱: 華冠→115
2026-09-06T08:14:59+08:00	bs/2026Q2_ci.csv	8103	market: twse→8103; 出表日期: 1150906→瀚荃; 年度: 115→2026Q2; 季別: 2→twse; 公司代號: 8103→1150906; 公司名稱: 瀚荃→115
2026-09-06T08:14:59+08:00	bs/2026Q2_ci.csv	8104	market: twse→8104; 出表日期: 1150906→錸寶; 年度: 115→2026Q2; 季別: 2→twse; 公司代號: 8104→1150906; 公司名稱: 錸寶→115
2026-09-06T08:14:59+08:00	bs/2026Q2_ci.csv	8105	market: twse→8105; 出表日期: 1150906→凌巨; 年度: 115→2026Q2; 季別: 2→twse; 公司代號: 8105→1150906; 公司名稱: 凌巨→115
2026-09-06T08:14:59+08:00	bs/2026Q2_ci.csv	8110	market: twse→8110; 出表日期: 1150906→華東; 年度: 115→2026Q2; 季別: 2→twse; 公司代號: 8110→1150906; 公司名稱: 華東→115
2026-09-06T08:14:59+08:00	bs/2026Q2_ci.csv	8112	market: twse→8112; 出表日期: 1150906→至上; 年度: 115→2026Q2; 季別: 2→twse; 公司代號: 8112→1150906; 公司名稱: 至上→115
2026-09-06T08:14:59+08:00	bs/2026Q2_ci.csv	8114	market: twse→8114; 出表日期: 1150906→振樺電; 年度: 115→2026Q2; 季別: 2→twse; 公司代號: 8114→1150906; 公司名稱: 振樺電→115
2026-09-06T08:14:59+08:00	bs/2026Q2_ci.csv	8131	market: twse→8131; 出表日期: 1150906→福懋科; 年度: 115→2026Q2; 季別: 2→twse; 公司代號: 8131→1150906; 公司名稱: 福懋科→115
2026-09-06T08:14:59+08:00	bs/2026Q2_ci.csv	8150	market: twse→8150; 出表日期: 1150906→南茂; 年度: 115→2026Q2; 季別: 2→twse; 公司代號: 8150→1150906; 公司名稱: 南茂→115
2026-09-06T08:14:59+08:00	bs/2026Q2_ci.csv	8162	market: twse→8162; 出表日期: 1150906→微矽電子-創; 年度: 115→2026Q2; 季別: 2→twse; 公司代號: 8162→1150906; 公司名稱: 微矽電子-創→115
2026-09-06T08:14:59+08:00	bs/2026Q2_ci.csv	8163	market: twse→8163; 出表日期: 1150906→達方; 年度: 115→2026Q2; 季別: 2→twse; 公司代號: 8163→1150906; 公司名稱: 達方→115
2026-09-06T08:14:59+08:00	bs/2026Q2_ci.csv	8201	market: twse→8201; 出表日期: 1150906→無敵; 年度: 115→2026Q2; 季別: 2→twse; 公司代號: 8201→1150906; 公司名稱: 無敵→115
2026-09-06T08:14:59+08:00	bs/2026Q2_ci.csv	8210	market: twse→8210; 出表日期: 1150906→勤誠; 年度: 115→2026Q2; 季別: 2→twse; 公司代號: 8210→1150906; 公司名稱: 勤誠→115
2026-09-06T08:14:59+08:00	bs/2026Q2_ci.csv	8213	market: twse→8213; 出表日期: 1150906→志超; 年度: 115→2026Q2; 季別: 2→twse; 公司代號: 8213→1150906; 公司名稱: 志超→115
2026-09-06T08:14:59+08:00	bs/2026Q2_ci.csv	8215	market: twse→8215; 出表日期: 1150906→明基材; 年度: 115→2026Q2; 季別: 2→twse; 公司代號: 8215→1150906; 公司名稱: 明基材→115
2026-09-06T08:14:59+08:00	bs/2026Q2_ci.csv	8222	market: twse→8222; 出表日期: 1150906→寶一; 年度: 115→2026Q2; 季別: 2→twse; 公司代號: 8222→1150906; 公司名稱: 寶一→115
2026-09-06T08:14:59+08:00	bs/2026Q2_ci.csv	8249	market: twse→8249; 出表日期: 1150906→菱光; 年度: 115→2026Q2; 季別: 2→twse; 公司代號: 8249→1150906; 公司名稱: 菱光→115
2026-09-06T08:14:59+08:00	bs/2026Q2_ci.csv	8261	market: twse→8261; 出表日期: 1150906→富鼎; 年度: 115→2026Q2; 季別: 2→twse; 公司代號: 8261→1150906; 公司名稱: 富鼎→115
2026-09-06T08:14:59+08:00	bs/2026Q2_ci.csv	8271	market: twse→8271; 出表日期: 1150906→宇瞻; 年度: 115→2026Q2; 季別: 2→twse; 公司代號: 8271→1150906; 公司名稱: 宇瞻→115
2026-09-06T08:14:59+08:00	bs/2026Q2_ci.csv	8341	market: twse→8341; 出表日期: 1150906→日友; 年度: 115→2026Q2; 季別: 2→twse; 公司代號: 8341→1150906; 公司名稱: 日友→115
2026-09-06T08:14:59+08:00	bs/2026Q2_ci.csv	8367	market: twse→8367; 出表日期: 1150906→建新國際; 年度: 115→2026Q2; 季別: 2→twse; 公司代號: 8367→1150906; 公司名稱: 建新國際→115
2026-09-06T08:14:59+08:00	bs/2026Q2_ci.csv	8374	market: twse→8374; 出表日期: 1150906→羅昇; 年度: 115→2026Q2; 季別: 2→twse; 公司代號: 8374→1150906; 公司名稱: 羅昇→115
2026-09-06T08:14:59+08:00	bs/2026Q2_ci.csv	8404	market: twse→8404; 出表日期: 1150906→百和興業-KY; 年度: 115→2026Q2; 季別: 2→twse; 公司代號: 8404→1150906; 公司名稱: 百和興業-KY→115
2026-09-06T08:14:59+08:00	bs/2026Q2_ci.csv	8411	market: twse→8411; 出表日期: 1150906→福貞-KY; 年度: 115→2026Q2; 季別: 2→twse; 公司代號: 8411→1150906; 公司名稱: 福貞-KY→115
2026-09-06T08:14:59+08:00	bs/2026Q2_ci.csv	8422	market: twse→8422; 出表日期: 1150906→可寧衛*; 年度: 115→2026Q2; 季別: 2→twse; 公司代號: 8422→1150906; 公司名稱: 可寧衛*→115
2026-09-06T08:14:59+08:00	bs/2026Q2_ci.csv	8429	market: twse→8429; 出表日期: 1150906→金麗-KY; 年度: 115→2026Q2; 季別: 2→twse; 公司代號: 8429→1150906; 公司名稱: 金麗-KY→115
2026-09-06T08:14:59+08:00	bs/2026Q2_ci.csv	8438	market: twse→8438; 出表日期: 1150906→昶昕; 年度: 115→2026Q2; 季別: 2→twse; 公司代號: 8438→1150906; 公司名稱: 昶昕→115
2026-09-06T08:14:59+08:00	bs/2026Q2_ci.csv	8442	market: twse→8442; 出表日期: 1150906→威宏-KY; 年度: 115→2026Q2; 季別: 2→twse; 公司代號: 8442→1150906; 公司名稱: 威宏-KY→115
2026-09-06T08:14:59+08:00	bs/2026Q2_ci.csv	8443	market: twse→8443; 出表日期: 1150906→阿瘦; 年度: 115→2026Q2; 季別: 2→twse; 公司代號: 8443→1150906; 公司名稱: 阿瘦→115
2026-09-06T08:14:59+08:00	bs/2026Q2_ci.csv	8454	market: twse→8454; 出表日期: 1150906→富邦媒; 年度: 115→2026Q2; 季別: 2→twse; 公司代號: 8454→1150906; 公司名稱: 富邦媒→115
2026-09-06T08:14:59+08:00	bs/2026Q2_ci.csv	8462	market: twse→8462; 出表日期: 1150906→柏文; 年度: 115→2026Q2; 季別: 2→twse; 公司代號: 8462→1150906; 公司名稱: 柏文→115
2026-09-06T08:14:59+08:00	bs/2026Q2_ci.csv	8463	market: twse→8463; 出表日期: 1150906→潤泰材; 年度: 115→2026Q2; 季別: 2→twse; 公司代號: 8463→1150906; 公司名稱: 潤泰材→115
2026-09-06T08:14:59+08:00	bs/2026Q2_ci.csv	8464	market: twse→8464; 出表日期: 1150906→億豐; 年度: 115→2026Q2; 季別: 2→twse; 公司代號: 8464→1150906; 公司名稱: 億豐→115
2026-09-06T08:14:59+08:00	bs/2026Q2_ci.csv	8466	market: twse→8466; 出表日期: 1150906→美吉吉-KY; 年度: 115→2026Q2; 季別: 2→twse; 公司代號: 8466→1150906; 公司名稱: 美吉吉-KY→115
2026-09-06T08:14:59+08:00	bs/2026Q2_ci.csv	8467	market: twse→8467; 出表日期: 1150906→波力-KY; 年度: 115→2026Q2; 季別: 2→twse; 公司代號: 8467→1150906; 公司名稱: 波力-KY→115
2026-09-06T08:14:59+08:00	bs/2026Q2_ci.csv	8473	market: twse→8473; 出表日期: 1150906→山林水; 年度: 115→2026Q2; 季別: 2→twse; 公司代號: 8473→1150906; 公司名稱: 山林水→115
2026-09-06T08:14:59+08:00	bs/2026Q2_ci.csv	8476	market: twse→8476; 出表日期: 1150906→台境*; 年度: 115→2026Q2; 季別: 2→twse; 公司代號: 8476→1150906; 公司名稱: 台境*→115
2026-09-06T08:14:59+08:00	bs/2026Q2_ci.csv	8478	market: twse→8478; 出表日期: 1150906→東哥遊艇; 年度: 115→2026Q2; 季別: 2→twse; 公司代號: 8478→1150906; 公司名稱: 東哥遊艇→115
2026-09-06T08:14:59+08:00	bs/2026Q2_ci.csv	8481	market: twse→8481; 出表日期: 1150906→政伸; 年度: 115→2026Q2; 季別: 2→twse; 公司代號: 8481→1150906; 公司名稱: 政伸→115
2026-09-06T08:14:59+08:00	bs/2026Q2_ci.csv	8482	market: twse→8482; 出表日期: 1150906→商億-KY; 年度: 115→2026Q2; 季別: 2→twse; 公司代號: 8482→1150906; 公司名稱: 商億-KY→115
2026-09-06T08:14:59+08:00	bs/2026Q2_ci.csv	8487	market: twse→8487; 出表日期: 1150906→愛爾達-創; 年度: 115→2026Q2; 季別: 2→twse; 公司代號: 8487→1150906; 公司名稱: 愛爾達-創→115
2026-09-06T08:14:59+08:00	bs/2026Q2_ci.csv	8488	market: twse→8488; 出表日期: 1150906→吉源-KY; 年度: 115→2026Q2; 季別: 2→twse; 公司代號: 8488→1150906; 公司名稱: 吉源-KY→115
2026-09-06T08:14:59+08:00	bs/2026Q2_ci.csv	8499	market: twse→8499; 出表日期: 1150906→鼎炫-KY; 年度: 115→2026Q2; 季別: 2→twse; 公司代號: 8499→1150906; 公司名稱: 鼎炫-KY→115
2026-09-06T08:14:59+08:00	bs/2026Q2_ci.csv	8926	market: twse→8926; 出表日期: 1150906→台汽電; 年度: 115→2026Q2; 季別: 2→twse; 公司代號: 8926→1150906; 公司名稱: 台汽電→115
2026-09-06T08:14:59+08:00	bs/2026Q2_ci.csv	8940	market: twse→8940; 出表日期: 1150906→新天地; 年度: 115→2026Q2; 季別: 2→twse; 公司代號: 8940→1150906; 公司名稱: 新天地→115
2026-09-06T08:14:59+08:00	bs/2026Q2_ci.csv	8996	market: twse→8996; 出表日期: 1150906→高力; 年度: 115→2026Q2; 季別: 2→twse; 公司代號: 8996→1150906; 公司名稱: 高力→115
2026-09-06T08:14:59+08:00	bs/2026Q2_ci.csv	9802	market: twse→9802; 出表日期: 1150906→鈺齊-KY; 年度: 115→2026Q2; 季別: 2→twse; 公司代號: 9802→1150906; 公司名稱: 鈺齊-KY→115
2026-09-06T08:14:59+08:00	bs/2026Q2_ci.csv	9902	market: twse→9902; 出表日期: 1150906→台火; 年度: 115→2026Q2; 季別: 2→twse; 公司代號: 9902→1150906; 公司名稱: 台火→115
2026-09-06T08:14:59+08:00	bs/2026Q2_ci.csv	9904	market: twse→9904; 出表日期: 1150906→寶成; 年度: 115→2026Q2; 季別: 2→twse; 公司代號: 9904→1150906; 公司名稱: 寶成→115
2026-09-06T08:14:59+08:00	bs/2026Q2_ci.csv	9905	market: twse→9905; 出表日期: 1150906→大華; 年度: 115→2026Q2; 季別: 2→twse; 公司代號: 9905→1150906; 公司名稱: 大華→115
2026-09-06T08:14:59+08:00	bs/2026Q2_ci.csv	9906	market: twse→9906; 出表日期: 1150906→欣巴巴; 年度: 115→2026Q2; 季別: 2→twse; 公司代號: 9906→1150906; 公司名稱: 欣巴巴→115
2026-09-06T08:14:59+08:00	bs/2026Q2_ci.csv	9907	market: twse→9907; 出表日期: 1150906→統一實; 年度: 115→2026Q2; 季別: 2→twse; 公司代號: 9907→1150906; 公司名稱: 統一實→115
2026-09-06T08:14:59+08:00	bs/2026Q2_ci.csv	9908	market: twse→9908; 出表日期: 1150906→大台北; 年度: 115→2026Q2; 季別: 2→twse; 公司代號: 9908→1150906; 公司名稱: 大台北→115
2026-09-06T08:14:59+08:00	bs/2026Q2_ci.csv	9910	market: twse→9910; 出表日期: 1150906→豐泰; 年度: 115→2026Q2; 季別: 2→twse; 公司代號: 9910→1150906; 公司名稱: 豐泰→115
2026-09-06T08:14:59+08:00	bs/2026Q2_ci.csv	9911	market: twse→9911; 出表日期: 1150906→櫻花; 年度: 115→2026Q2; 季別: 2→twse; 公司代號: 9911→1150906; 公司名稱: 櫻花→115
2026-09-06T08:14:59+08:00	bs/2026Q2_ci.csv	9912	market: twse→9912; 出表日期: 1150906→偉聯; 年度: 115→2026Q2; 季別: 2→twse; 公司代號: 9912→1150906; 公司名稱: 偉聯→115
2026-09-06T08:14:59+08:00	bs/2026Q2_ci.csv	9914	market: twse→9914; 出表日期: 1150906→美利達; 年度: 115→2026Q2; 季別: 2→twse; 公司代號: 9914→1150906; 公司名稱: 美利達→115
2026-09-06T08:14:59+08:00	bs/2026Q2_ci.csv	9917	market: twse→9917; 出表日期: 1150906→中保科; 年度: 115→2026Q2; 季別: 2→twse; 公司代號: 9917→1150906; 公司名稱: 中保科→115
2026-09-06T08:14:59+08:00	bs/2026Q2_ci.csv	9918	market: twse→9918; 出表日期: 1150906→欣天然; 年度: 115→2026Q2; 季別: 2→twse; 公司代號: 9918→1150906; 公司名稱: 欣天然→115
2026-09-06T08:14:59+08:00	bs/2026Q2_ci.csv	9919	market: twse→9919; 出表日期: 1150906→康那香; 年度: 115→2026Q2; 季別: 2→twse; 公司代號: 9919→1150906; 公司名稱: 康那香→115
2026-09-06T08:14:59+08:00	bs/2026Q2_ci.csv	9921	market: twse→9921; 出表日期: 1150906→巨大; 年度: 115→2026Q2; 季別: 2→twse; 公司代號: 9921→1150906; 公司名稱: 巨大→115
2026-09-06T08:14:59+08:00	bs/2026Q2_ci.csv	9924	market: twse→9924; 出表日期: 1150906→福興; 年度: 115→2026Q2; 季別: 2→twse; 公司代號: 9924→1150906; 公司名稱: 福興→115
2026-09-06T08:14:59+08:00	bs/2026Q2_ci.csv	9925	market: twse→9925; 出表日期: 1150906→新保; 年度: 115→2026Q2; 季別: 2→twse; 公司代號: 9925→1150906; 公司名稱: 新保→115
2026-09-06T08:14:59+08:00	bs/2026Q2_ci.csv	9926	market: twse→9926; 出表日期: 1150906→新海; 年度: 115→2026Q2; 季別: 2→twse; 公司代號: 9926→1150906; 公司名稱: 新海→115
2026-09-06T08:14:59+08:00	bs/2026Q2_ci.csv	9927	market: twse→9927; 出表日期: 1150906→泰銘; 年度: 115→2026Q2; 季別: 2→twse; 公司代號: 9927→1150906; 公司名稱: 泰銘→115
2026-09-06T08:14:59+08:00	bs/2026Q2_ci.csv	9928	market: twse→9928; 出表日期: 1150906→中視; 年度: 115→2026Q2; 季別: 2→twse; 公司代號: 9928→1150906; 公司名稱: 中視→115
2026-09-06T08:14:59+08:00	bs/2026Q2_ci.csv	9929	market: twse→9929; 出表日期: 1150906→秋雨; 年度: 115→2026Q2; 季別: 2→twse; 公司代號: 9929→1150906; 公司名稱: 秋雨→115
2026-09-06T08:14:59+08:00	bs/2026Q2_ci.csv	9930	market: twse→9930; 出表日期: 1150906→中聯資源; 年度: 115→2026Q2; 季別: 2→twse; 公司代號: 9930→1150906; 公司名稱: 中聯資源→115
2026-09-06T08:14:59+08:00	bs/2026Q2_ci.csv	9931	market: twse→9931; 出表日期: 1150906→欣高; 年度: 115→2026Q2; 季別: 2→twse; 公司代號: 9931→1150906; 公司名稱: 欣高→115
2026-09-06T08:14:59+08:00	bs/2026Q2_ci.csv	9933	market: twse→9933; 出表日期: 1150906→中鼎; 年度: 115→2026Q2; 季別: 2→twse; 公司代號: 9933→1150906; 公司名稱: 中鼎→115
2026-09-06T08:14:59+08:00	bs/2026Q2_ci.csv	9934	market: twse→9934; 出表日期: 1150906→成霖; 年度: 115→2026Q2; 季別: 2→twse; 公司代號: 9934→1150906; 公司名稱: 成霖→115
2026-09-06T08:14:59+08:00	bs/2026Q2_ci.csv	9935	market: twse→9935; 出表日期: 1150906→慶豐富; 年度: 115→2026Q2; 季別: 2→twse; 公司代號: 9935→1150906; 公司名稱: 慶豐富→115
2026-09-06T08:14:59+08:00	bs/2026Q2_ci.csv	9937	market: twse→9937; 出表日期: 1150906→全國; 年度: 115→2026Q2; 季別: 2→twse; 公司代號: 9937→1150906; 公司名稱: 全國→115
2026-09-06T08:14:59+08:00	bs/2026Q2_ci.csv	9938	market: twse→9938; 出表日期: 1150906→百和; 年度: 115→2026Q2; 季別: 2→twse; 公司代號: 9938→1150906; 公司名稱: 百和→115
2026-09-06T08:14:59+08:00	bs/2026Q2_ci.csv	9939	market: twse→9939; 出表日期: 1150906→宏全; 年度: 115→2026Q2; 季別: 2→twse; 公司代號: 9939→1150906; 公司名稱: 宏全→115
2026-09-06T08:14:59+08:00	bs/2026Q2_ci.csv	9940	market: twse→9940; 出表日期: 1150906→信義; 年度: 115→2026Q2; 季別: 2→twse; 公司代號: 9940→1150906; 公司名稱: 信義→115
2026-09-06T08:14:59+08:00	bs/2026Q2_ci.csv	9941	market: twse→9941; 出表日期: 1150906→裕融; 年度: 115→2026Q2; 季別: 2→twse; 公司代號: 9941→1150906; 公司名稱: 裕融→115
2026-09-06T08:14:59+08:00	bs/2026Q2_ci.csv	9942	market: twse→9942; 出表日期: 1150906→茂順; 年度: 115→2026Q2; 季別: 2→twse; 公司代號: 9942→1150906; 公司名稱: 茂順→115
2026-09-06T08:14:59+08:00	bs/2026Q2_ci.csv	9943	market: twse→9943; 出表日期: 1150906→好樂迪; 年度: 115→2026Q2; 季別: 2→twse; 公司代號: 9943→1150906; 公司名稱: 好樂迪→115
2026-09-06T08:14:59+08:00	bs/2026Q2_ci.csv	9944	market: twse→9944; 出表日期: 1150906→新麗; 年度: 115→2026Q2; 季別: 2→twse; 公司代號: 9944→1150906; 公司名稱: 新麗→115
2026-09-06T08:14:59+08:00	bs/2026Q2_ci.csv	9945	market: twse→9945; 出表日期: 1150906→潤泰新; 年度: 115→2026Q2; 季別: 2→twse; 公司代號: 9945→1150906; 公司名稱: 潤泰新→115
2026-09-06T08:14:59+08:00	bs/2026Q2_ci.csv	9946	market: twse→9946; 出表日期: 1150906→三發地產; 年度: 115→2026Q2; 季別: 2→twse; 公司代號: 9946→1150906; 公司名稱: 三發地產→115
2026-09-06T08:14:59+08:00	bs/2026Q2_ci.csv	9955	market: twse→9955; 出表日期: 1150906→佳龍; 年度: 115→2026Q2; 季別: 2→twse; 公司代號: 9955→1150906; 公司名稱: 佳龍→115
2026-09-06T08:14:59+08:00	bs/2026Q2_ci.csv	9958	market: twse→9958; 出表日期: 1150906→世紀鋼; 年度: 115→2026Q2; 季別: 2→twse; 公司代號: 9958→1150906; 公司名稱: 世紀鋼→115
2026-09-06T08:15:11+08:00	bs/2026Q2_basi.csv		消失
2026-09-06T08:15:11+08:00	bs/2026Q2_basi.csv	2801	market: twse→2801; 出表日期: 1150906→彰銀; 年度: 115→2026Q2; 季別: 2→twse; 公司代號: 2801→1150906; 公司名稱: 彰銀→115
2026-09-06T08:15:11+08:00	bs/2026Q2_basi.csv	2812	market: twse→2812; 出表日期: 1150906→台中銀; 年度: 115→2026Q2; 季別: 2→twse; 公司代號: 2812→1150906; 公司名稱: 台中銀→115
2026-09-06T08:15:11+08:00	bs/2026Q2_basi.csv	2820	market: twse→2820; 出表日期: 1150906→華票; 年度: 115→2026Q2; 季別: 2→twse; 公司代號: 2820→1150906; 公司名稱: 華票→115
2026-09-06T08:15:11+08:00	bs/2026Q2_basi.csv	2834	market: twse→2834; 出表日期: 1150906→臺企銀; 年度: 115→2026Q2; 季別: 2→twse; 公司代號: 2834→1150906; 公司名稱: 臺企銀→115
2026-09-06T08:15:11+08:00	bs/2026Q2_basi.csv	2836	market: twse→2836; 出表日期: 1150906→高雄銀; 年度: 115→2026Q2; 季別: 2→twse; 公司代號: 2836→1150906; 公司名稱: 高雄銀→115
2026-09-06T08:15:11+08:00	bs/2026Q2_basi.csv	2838	market: twse→2838; 出表日期: 1150906→聯邦銀; 年度: 115→2026Q2; 季別: 2→twse; 公司代號: 2838→1150906; 公司名稱: 聯邦銀→115
2026-09-06T08:15:11+08:00	bs/2026Q2_basi.csv	2845	market: twse→2845; 出表日期: 1150906→遠東銀; 年度: 115→2026Q2; 季別: 2→twse; 公司代號: 2845→1150906; 公司名稱: 遠東銀→115
2026-09-06T08:15:11+08:00	bs/2026Q2_basi.csv	2849	market: twse→2849; 出表日期: 1150906→安泰銀; 年度: 115→2026Q2; 季別: 2→twse; 公司代號: 2849→1150906; 公司名稱: 安泰銀→115
2026-09-06T08:15:11+08:00	bs/2026Q2_basi.csv	2897	market: twse→2897; 出表日期: 1150906→王道銀行; 年度: 115→2026Q2; 季別: 2→twse; 公司代號: 2897→1150906; 公司名稱: 王道銀行→115
2026-09-06T08:15:11+08:00	bs/2026Q2_basi.csv	5876	market: twse→5876; 出表日期: 1150906→上海商銀; 年度: 115→2026Q2; 季別: 2→twse; 公司代號: 5876→1150906; 公司名稱: 上海商銀→115
2026-09-06T08:15:22+08:00	bs/2026Q2_bd.csv	2855	market: twse→2855; 出表日期: 1150906→統一證; 年度: 115→2026Q2; 季別: 2→twse; 公司代號: 2855→1150906; 公司名稱: 統一證→115
2026-09-06T08:15:22+08:00	bs/2026Q2_bd.csv	5864	market: tpex→5864; 出表日期: 1150905→致和證; 年度: 115→2026Q2; 季別: 2→tpex; 公司代號: 5864→1150905; 公司名稱: 致和證→115
2026-09-06T08:15:22+08:00	bs/2026Q2_bd.csv	6005	market: twse→6005; 出表日期: 1150906→群益證; 年度: 115→2026Q2; 季別: 2→twse; 公司代號: 6005→1150906; 公司名稱: 群益證→115
2026-09-06T08:15:22+08:00	bs/2026Q2_bd.csv	6015	market: tpex→6015; 出表日期: 1150905→宏遠證; 年度: 115→2026Q2; 季別: 2→tpex; 公司代號: 6015→1150905; 公司名稱: 宏遠證→115
2026-09-06T08:15:22+08:00	bs/2026Q2_bd.csv	6016	market: tpex→6016; 出表日期: 1150905→康和證; 年度: 115→2026Q2; 季別: 2→tpex; 公司代號: 6016→1150905; 公司名稱: 康和證→115
2026-09-06T08:15:22+08:00	bs/2026Q2_bd.csv	6020	market: tpex→6020; 出表日期: 1150905→大展證; 年度: 115→2026Q2; 季別: 2→tpex; 公司代號: 6020→1150905; 公司名稱: 大展證→115
2026-09-06T08:15:22+08:00	bs/2026Q2_bd.csv	6021	market: tpex→6021; 出表日期: 1150905→美好證; 年度: 115→2026Q2; 季別: 2→tpex; 公司代號: 6021→1150905; 公司名稱: 美好證→115
2026-09-06T08:15:22+08:00	bs/2026Q2_bd.csv	6023	market: tpex→6023; 出表日期: 1150905→元大期貨; 年度: 115→2026Q2; 季別: 2→tpex; 公司代號: 6023→1150905; 公司名稱: 元大期貨→115
2026-09-06T08:15:22+08:00	bs/2026Q2_bd.csv	6024	market: twse→6024; 出表日期: 1150906→群益期; 年度: 115→2026Q2; 季別: 2→twse; 公司代號: 6024→1150906; 公司名稱: 群益期→115
2026-09-06T08:15:22+08:00	bs/2026Q2_bd.csv	6026	market: tpex→6026; 出表日期: 1150905→福邦證; 年度: 115→2026Q2; 季別: 2→tpex; 公司代號: 6026→1150905; 公司名稱: 福邦證→115
2026-09-06T08:15:34+08:00	bs/2026Q2_ins.csv		消失
2026-09-06T08:15:34+08:00	bs/2026Q2_ins.csv	2816	market: twse→2816; 出表日期: 1150906→旺旺保; 年度: 115→2026Q2; 季別: 2→twse; 公司代號: 2816→1150906; 公司名稱: 旺旺保→115
2026-09-06T08:15:34+08:00	bs/2026Q2_ins.csv	2832	market: twse→2832; 出表日期: 1150906→台產; 年度: 115→2026Q2; 季別: 2→twse; 公司代號: 2832→1150906; 公司名稱: 台產→115
2026-09-06T08:15:34+08:00	bs/2026Q2_ins.csv	2850	market: twse→2850; 出表日期: 1150906→新產; 年度: 115→2026Q2; 季別: 2→twse; 公司代號: 2850→1150906; 公司名稱: 新產→115
2026-09-06T08:15:34+08:00	bs/2026Q2_ins.csv	2851	market: twse→2851; 出表日期: 1150906→中再保; 年度: 115→2026Q2; 季別: 2→twse; 公司代號: 2851→1150906; 公司名稱: 中再保→115
2026-09-06T08:15:34+08:00	bs/2026Q2_ins.csv	2852	market: twse→2852; 出表日期: 1150906→第一保; 年度: 115→2026Q2; 季別: 2→twse; 公司代號: 2852→1150906; 公司名稱: 第一保→115
2026-09-06T08:15:46+08:00	bs/2026Q2_fh.csv		消失
2026-09-06T08:15:46+08:00	bs/2026Q2_fh.csv	2880	market: twse→2880; 出表日期: 1150906→華南金; 年度: 115→2026Q2; 季別: 2→twse; 公司代號: 2880→1150906; 公司名稱: 華南金→115
2026-09-06T08:15:46+08:00	bs/2026Q2_fh.csv	2881	market: twse→2881; 出表日期: 1150906→富邦金; 年度: 115→2026Q2; 季別: 2→twse; 公司代號: 2881→1150906; 公司名稱: 富邦金→115
2026-09-06T08:15:46+08:00	bs/2026Q2_fh.csv	2882	market: twse→2882; 出表日期: 1150906→國泰金; 年度: 115→2026Q2; 季別: 2→twse; 公司代號: 2882→1150906; 公司名稱: 國泰金→115
2026-09-06T08:15:46+08:00	bs/2026Q2_fh.csv	2883	market: twse→2883; 出表日期: 1150906→凱基金; 年度: 115→2026Q2; 季別: 2→twse; 公司代號: 2883→1150906; 公司名稱: 凱基金→115
2026-09-06T08:15:46+08:00	bs/2026Q2_fh.csv	2884	market: twse→2884; 出表日期: 1150906→玉山金; 年度: 115→2026Q2; 季別: 2→twse; 公司代號: 2884→1150906; 公司名稱: 玉山金→115
2026-09-06T08:15:46+08:00	bs/2026Q2_fh.csv	2885	market: twse→2885; 出表日期: 1150906→元大金; 年度: 115→2026Q2; 季別: 2→twse; 公司代號: 2885→1150906; 公司名稱: 元大金→115
2026-09-06T08:15:46+08:00	bs/2026Q2_fh.csv	2886	market: twse→2886; 出表日期: 1150906→兆豐金; 年度: 115→2026Q2; 季別: 2→twse; 公司代號: 2886→1150906; 公司名稱: 兆豐金→115
2026-09-06T08:15:46+08:00	bs/2026Q2_fh.csv	2887	market: twse→2887; 出表日期: 1150906→台新新光金; 年度: 115→2026Q2; 季別: 2→twse; 公司代號: 2887→1150906; 公司名稱: 台新新光金→115
2026-09-06T08:15:46+08:00	bs/2026Q2_fh.csv	2889	market: twse→2889; 出表日期: 1150906→國票金; 年度: 115→2026Q2; 季別: 2→twse; 公司代號: 2889→1150906; 公司名稱: 國票金→115
2026-09-06T08:15:46+08:00	bs/2026Q2_fh.csv	2890	market: twse→2890; 出表日期: 1150906→永豐金; 年度: 115→2026Q2; 季別: 2→twse; 公司代號: 2890→1150906; 公司名稱: 永豐金→115
2026-09-06T08:15:46+08:00	bs/2026Q2_fh.csv	2891	market: twse→2891; 出表日期: 1150906→中信金; 年度: 115→2026Q2; 季別: 2→twse; 公司代號: 2891→1150906; 公司名稱: 中信金→115
2026-09-06T08:15:46+08:00	bs/2026Q2_fh.csv	2892	market: twse→2892; 出表日期: 1150906→第一金; 年度: 115→2026Q2; 季別: 2→twse; 公司代號: 2892→1150906; 公司名稱: 第一金→115
2026-09-06T08:15:46+08:00	bs/2026Q2_fh.csv	5880	market: twse→5880; 出表日期: 1150906→合庫金; 年度: 115→2026Q2; 季別: 2→twse; 公司代號: 5880→1150906; 公司名稱: 合庫金→115
